; generated by PrusaSlicer 2.7.2 on 2026-08-19 at 17:29:54 UTC

; 

; external perimeters extrusion width = 0.45mm
; perimeters extrusion width = 0.45mm
; infill extrusion width = 0.45mm
; solid infill extrusion width = 0.45mm
; top infill extrusion width = 0.45mm
; first layer extrusion width = 0.50mm

;TYPE:Custom
;===== CC2_START_GCODE (de tu perfil Buddha, temps PA-CF) =====
G90
M104 S150
M140 S90
M190 S90 A
M106 S0
BED_MESH_CALIBRATE mesh_min=56,62 mesh_max=199,198 ALGORITHM=bicubic PROBE_COUNT=5,5 ADAPTIVE=0 ADAPTIVE_MARGIN=0 FROM_SLICER=1
M204 S5000
G28
M109 S300
M6211 A1 L200 T0 Q300 R300 S300
T0
G180 S7
G1 X127 Y-1.2 F20000
G1 Z0.5 F900
M109 S300
M83
G92 E0
G1 E6 F251.567
M106 S200
G1 X87 E20 F6000
G1 F6000
G1 X82 E0.8
M106 S0
G180 S8
G1 F20000
G92 E0
G21 ; set units to millimeters
G90 ; use absolute coordinates
M83 ; use relative distances for extrusion
; Filament gcode
M107
;LAYER_CHANGE
;Z:0.25
;HEIGHT:0.25
G1 E-2 F2400
G1 Z.25 F15000
G1 X136.857 Y146.857
G1 Z.25
G1 E2 F2400
M204 S400
;TYPE:Perimeter
;WIDTH:0.499999
G1 F1200
G1 X119.143 Y146.857 E.8218
G1 X119.143 Y109.143 E1.74965
G1 X126.764 Y109.143 E.35356
;WIDTH:0.539301
G1 X126.937 Y109.162 E.00879
;WIDTH:0.578602
G1 X127.11 Y109.182 E.0095
;WIDTH:0.617904
G1 X127.284 Y109.202 E.01027
;WIDTH:0.657205
G1 X127.457 Y109.221 E.01092
G1 X127.995 Y109.21 E.03376
;WIDTH:0.657004
G1 X128.539 Y109.221 E.03412
G1 X128.639 Y109.202 E.00638
;WIDTH:0.617718
G1 X128.739 Y109.182 E.00598
;WIDTH:0.578432
G1 X128.838 Y109.162 E.00551
;WIDTH:0.539146
G1 X129.236 Y109.143 E.02011
;WIDTH:0.499999
G1 X136.857 Y109.143 E.35356
G1 X136.857 Y112.039 E.13435
G1 X136.857 Y146.797 E1.61251
M204 S4000
G1 X136.857 Y146.797 F15000
G1 X137.304 Y147.304
M204 S400
G1 F1200
G1 X118.696 Y147.304 E.86327
G1 X118.696 Y108.696 E1.79113
G1 X137.304 Y108.696 E.86327
G1 X137.304 Y112.039 E.15509
G1 X137.304 Y147.244 E1.63325
M204 S4000
G1 X137.304 Y147.244 F15000
G1 X137.75 Y147.75
M204 S400
;TYPE:External perimeter
G1 F1200
G1 X118.25 Y147.75 E.90466
G1 X118.25 Y108.25 E1.83251
G1 X137.75 Y108.25 E.90466
G1 X137.75 Y112.039 E.17578
G1 X137.75 Y147.69 E1.65394
M204 S4000
G1 X137.354 Y147.749 F15000
G1 E-2 F2400
G1 X126.814 Y110.094 F15000
G1 E2 F2400
M204 S400
;TYPE:Perimeter
;WIDTH:0.544463
G1 F1200
G1 X126.983 Y110.022 E.00937
;WIDTH:0.588927
G1 X127.268 Y109.902 E.0172
;WIDTH:0.623066
G1 X127.377 Y109.862 E.00687
;WIDTH:0.657205
G1 X127.486 Y109.823 E.00726
G1 X127.995 Y109.79 E.032
;WIDTH:0.657004
G1 X128.51 Y109.823 E.03236
G1 X128.658 Y109.882 E.00999
;WIDTH:0.617753
G1 X128.805 Y109.941 E.00929
;WIDTH:0.578502
G1 X128.952 Y110 E.00864
;WIDTH:0.539251
G1 X129.1 Y110.06 E.00806
;WIDTH:0.499999
G1 X129.652 Y110.331 E.02853
G1 X130.141 Y110.704 E.02853
G1 X130.548 Y111.166 E.02856
G1 X130.857 Y111.698 E.02854
G1 X131.056 Y112.281 E.02858
G1 X131.137 Y112.891 E.02855
G1 X131.099 Y113.505 E.02854
G1 X130.94 Y114.1 E.02857
G1 X130.669 Y114.652 E.02853
G1 X130.296 Y115.141 E.02853
G1 X129.834 Y115.548 E.02856
G1 X129.302 Y115.857 E.02854
G1 X128.719 Y116.056 E.02858
G1 X128.109 Y116.137 E.02855
G1 X127.495 Y116.099 E.02854
G1 X126.9 Y115.94 E.02857
G1 X126.348 Y115.669 E.02853
G1 X125.859 Y115.296 E.02853
G1 X125.452 Y114.834 E.02856
G1 X125.143 Y114.302 E.02854
G1 X124.944 Y113.719 E.02858
G1 X124.863 Y113.109 E.02855
G1 X124.901 Y112.495 E.02854
G1 X125.06 Y111.9 E.02857
G1 X125.331 Y111.348 E.02853
G1 X125.704 Y110.859 E.02853
G1 X126.166 Y110.452 E.02856
G1 X126.698 Y110.143 E.02854
;WIDTH:0.544463
G1 X126.759 Y110.117 E.00338
M204 S4000
G1 X126.759 Y110.117 F15000
G1 X127.019 Y110.501
M204 S400
;WIDTH:0.499999
G1 F1200
G1 X127.41 Y110.371 E.01912
G1 X127.928 Y110.307 E.02421
G1 X128.46 Y110.346 E.02475
G1 X128.97 Y110.487 E.02455
G1 X129.442 Y110.724 E.0245
G1 X129.858 Y111.049 E.02449
G1 X130.203 Y111.449 E.02451
G1 X130.463 Y111.909 E.02451
G1 X130.629 Y112.41 E.02449
G1 X130.693 Y112.934 E.02449
G1 X130.654 Y113.461 E.02452
G1 X130.513 Y113.97 E.0245
G1 X130.276 Y114.442 E.0245
G1 X129.951 Y114.858 E.02449
G1 X129.551 Y115.203 E.02451
G1 X129.091 Y115.463 E.02451
G1 X128.59 Y115.629 E.02449
G1 X128.066 Y115.693 E.02449
G1 X127.539 Y115.654 E.02452
G1 X127.03 Y115.513 E.0245
G1 X126.558 Y115.276 E.0245
G1 X126.142 Y114.951 E.02449
G1 X125.797 Y114.551 E.02451
G1 X125.537 Y114.091 E.02451
G1 X125.371 Y113.59 E.02449
G1 X125.307 Y113.066 E.02449
G1 X125.346 Y112.539 E.02452
G1 X125.487 Y112.03 E.0245
G1 X125.724 Y111.558 E.0245
G1 X126.049 Y111.142 E.02449
G1 X126.449 Y110.797 E.02451
G1 X126.909 Y110.537 E.02451
G1 X126.962 Y110.519 E.0026
M204 S4000
G1 X126.962 Y110.519 F15000
G1 X127.182 Y110.907
M204 S400
;TYPE:External perimeter
G1 F1200
G1 X127.582 Y110.79 E.01933
G1 X128.016 Y110.751 E.02022
G1 X128.46 Y110.798 E.02071
G1 X128.881 Y110.931 E.02048
G1 X129.268 Y111.142 E.02045
G1 X129.606 Y111.425 E.02045
G1 X129.882 Y111.769 E.02046
G1 X130.086 Y112.16 E.02046
G1 X130.21 Y112.583 E.02045
G1 X130.249 Y113.022 E.02045
G1 X130.202 Y113.46 E.02044
G1 X130.069 Y113.881 E.02048
G1 X129.858 Y114.268 E.02045
G1 X129.575 Y114.606 E.02045
G1 X129.231 Y114.882 E.02046
G1 X128.84 Y115.086 E.02046
G1 X128.406 Y115.211 E.02095
G1 X127.967 Y115.248 E.02044
G1 X127.54 Y115.202 E.01992
G1 X127.119 Y115.069 E.02048
G1 X126.732 Y114.858 E.02045
G1 X126.394 Y114.575 E.02045
G1 X126.118 Y114.231 E.02046
G1 X125.914 Y113.84 E.02046
G1 X125.79 Y113.417 E.02045
G1 X125.751 Y113.022 E.01841
G1 X125.798 Y112.54 E.02247
G1 X125.931 Y112.119 E.02048
G1 X126.142 Y111.732 E.02045
G1 X126.425 Y111.394 E.02045
G1 X126.769 Y111.118 E.02046
G1 X127.127 Y110.931 E.01874
M204 S4000
G1 X127.509 Y110.812 F15000
G1 E-2 F2400
G1 X126.991 Y127.043 F15000
G1 E2 F2400
M204 S400
;TYPE:Perimeter
G1 F1200
G1 X127.281 Y126.944 E.01422
G1 X127.884 Y126.863 E.02823
G1 X128.503 Y126.901 E.02877
G1 X129.1 Y127.06 E.02866
G1 X129.652 Y127.331 E.02853
G1 X130.141 Y127.704 E.02853
G1 X130.548 Y128.166 E.02856
G1 X130.857 Y128.698 E.02854
G1 X131.056 Y129.281 E.02858
G1 X131.137 Y129.891 E.02855
G1 X131.099 Y130.505 E.02854
G1 X130.94 Y131.1 E.02857
G1 X130.669 Y131.652 E.02853
G1 X130.296 Y132.141 E.02853
G1 X129.834 Y132.548 E.02856
G1 X129.302 Y132.857 E.02854
G1 X128.719 Y133.056 E.02858
G1 X128.109 Y133.137 E.02855
G1 X127.495 Y133.099 E.02854
G1 X126.9 Y132.94 E.02857
G1 X126.348 Y132.669 E.02853
G1 X125.859 Y132.296 E.02853
G1 X125.452 Y131.834 E.02856
G1 X125.143 Y131.302 E.02854
G1 X124.944 Y130.719 E.02858
G1 X124.863 Y130.109 E.02855
G1 X124.901 Y129.495 E.02854
G1 X125.06 Y128.9 E.02857
G1 X125.331 Y128.348 E.02853
G1 X125.704 Y127.859 E.02853
G1 X126.166 Y127.452 E.02856
G1 X126.698 Y127.143 E.02854
G1 X126.934 Y127.063 E.01156
M204 S4000
G1 X126.934 Y127.063 F15000
G1 X126.794 Y127.602
M204 S400
G1 F1200
G1 X126.909 Y127.537 E.00613
G1 X127.41 Y127.371 E.02449
G1 X127.928 Y127.307 E.02421
G1 X128.46 Y127.346 E.02475
G1 X128.97 Y127.487 E.02455
G1 X129.442 Y127.724 E.0245
G1 X129.858 Y128.049 E.02449
G1 X130.203 Y128.449 E.02451
G1 X130.463 Y128.909 E.02451
G1 X130.629 Y129.41 E.02449
G1 X130.693 Y129.934 E.02449
G1 X130.654 Y130.461 E.02452
G1 X130.513 Y130.97 E.0245
G1 X130.276 Y131.442 E.0245
G1 X129.951 Y131.858 E.02449
G1 X129.551 Y132.203 E.02451
G1 X129.091 Y132.463 E.02451
G1 X128.59 Y132.629 E.02449
G1 X128.066 Y132.693 E.02449
G1 X127.539 Y132.654 E.02452
G1 X127.03 Y132.513 E.0245
G1 X126.558 Y132.276 E.0245
G1 X126.142 Y131.951 E.02449
G1 X125.797 Y131.551 E.02451
G1 X125.537 Y131.091 E.02451
G1 X125.371 Y130.59 E.02449
G1 X125.307 Y130.066 E.02449
G1 X125.346 Y129.539 E.02452
G1 X125.487 Y129.03 E.0245
G1 X125.724 Y128.558 E.0245
G1 X126.049 Y128.142 E.02449
G1 X126.449 Y127.797 E.02451
G1 X126.742 Y127.631 E.01562
M204 S4000
G1 X126.742 Y127.631 F15000
G1 X126.767 Y128.124
M204 S400
;TYPE:External perimeter
G1 F1200
G1 X127.16 Y127.914 E.02067
G1 X127.589 Y127.789 E.02073
G1 X128.033 Y127.753 E.02067
G1 X128.46 Y127.798 E.01992
G1 X128.881 Y127.931 E.02048
G1 X129.268 Y128.142 E.02045
G1 X129.606 Y128.425 E.02045
G1 X129.882 Y128.769 E.02046
G1 X130.086 Y129.16 E.02046
G1 X130.21 Y129.583 E.02045
G1 X130.249 Y130.022 E.02045
G1 X130.202 Y130.46 E.02044
G1 X130.069 Y130.881 E.02048
G1 X129.858 Y131.268 E.02045
G1 X129.575 Y131.606 E.02045
G1 X129.231 Y131.882 E.02046
G1 X128.84 Y132.086 E.02046
G1 X128.417 Y132.21 E.02045
G1 X127.978 Y132.249 E.02045
G1 X127.54 Y132.202 E.02044
G1 X127.119 Y132.069 E.02048
G1 X126.732 Y131.858 E.02045
G1 X126.394 Y131.575 E.02045
G1 X126.118 Y131.231 E.02046
G1 X125.914 Y130.84 E.02046
G1 X125.79 Y130.417 E.02045
G1 X125.751 Y129.978 E.02045
G1 X125.798 Y129.54 E.02044
G1 X125.931 Y129.119 E.02048
G1 X126.142 Y128.732 E.02045
G1 X126.425 Y128.394 E.02045
G1 X126.716 Y128.155 E.01747
M204 S4000
G1 X127.067 Y127.964 F15000
G1 E-2 F2400
G1 X135.82 Y109.277 F15000
G1 E2 F2400
M204 S400
;TYPE:Solid infill
;WIDTH:0.500533
G1 F1200
G1 X136.523 Y109.979 E.04615
G1 X136.523 Y110.611 E.02936
G1 X135.389 Y109.477 E.07449
G1 X134.757 Y109.477 E.02936
G1 X136.523 Y111.243 E.116
G1 X136.523 Y111.875 E.02936
G1 X134.125 Y109.477 E.15752
G1 X133.493 Y109.477 E.02936
G1 X136.523 Y112.507 E.19903
G1 X136.523 Y113.139 E.02936
G1 X132.861 Y109.477 E.24055
G1 X132.229 Y109.477 E.02936
G1 X136.523 Y113.771 E.28206
G1 X136.523 Y114.403 E.02936
G1 X131.597 Y109.477 E.32358
G1 X130.965 Y109.477 E.02936
G1 X136.523 Y115.035 E.36509
G1 X136.523 Y115.667 E.02936
G1 X130.333 Y109.477 E.4066
G1 X129.701 Y109.477 E.02936
G1 X136.523 Y116.299 E.44812
G1 X136.523 Y116.931 E.02936
G1 X131.167 Y111.576 E.35179
G1 X130.962 Y111.185 E.02051
G1 X130.81 Y110.958 E.01269
G1 X130.551 Y110.642 E.01898
G1 X130.358 Y110.449 E.01268
G1 X130.042 Y110.19 E.01898
G1 X129.815 Y110.038 E.01269
G1 X129.424 Y109.833 E.02051
G1 X128.901 Y109.309 E.03439
M204 S4000
G1 E-2 F2400
G1 X128.901 Y109.309 F15000
G1 X131.176 Y112.217
G1 E2 F2400
M204 S400
G1 F1200
G1 X136.523 Y117.563 E.3512
G1 X136.523 Y118.195 E.02936
G1 X131.471 Y113.143 E.33185
G1 X131.403 Y113.707 E.02639
G1 X136.523 Y118.827 E.33632
G1 X136.523 Y119.459 E.02936
G1 X131.261 Y114.197 E.34565
G1 X131.061 Y114.63 E.02215
G1 X136.523 Y120.091 E.35875
G1 X136.523 Y120.723 E.02936
G1 X130.823 Y115.023 E.37442
G1 X130.538 Y115.371 E.02089
G1 X136.523 Y121.355 E.39311
G1 X136.523 Y121.987 E.02936
G1 X130.209 Y115.673 E.41475
G1 X129.845 Y115.942 E.02102
G1 X136.523 Y122.619 E.43863
G1 X136.523 Y123.251 E.02936
G1 X129.427 Y116.155 E.46612
G1 X129.24 Y116.247 E.00968
G1 X128.967 Y116.327 E.01321
G1 X136.523 Y123.883 E.49633
G1 X136.523 Y124.515 E.02936
G1 X128.442 Y116.434 E.53082
G1 X127.998 Y116.478 E.02072
G1 X127.838 Y116.462 E.00747
G1 X136.523 Y125.147 E.57049
G1 X136.523 Y125.779 E.02936
G1 X126.774 Y116.03 E.64039
M204 S4000
G1 E-2 F2400
G1 X126.774 Y116.03 F15000
G1 X126.948 Y109.885
G1 E2 F2400
M204 S400
G1 F1200
G1 X126.541 Y109.477 E.02677
G1 X125.909 Y109.477 E.02936
G1 X126.37 Y109.939 E.03031
G1 X125.977 Y110.177 E.02134
G1 X125.277 Y109.477 E.04598
G1 X124.645 Y109.477 E.02936
G1 X125.629 Y110.462 E.06467
G1 X125.327 Y110.791 E.02074
G1 X124.013 Y109.477 E.08631
G1 X123.381 Y109.477 E.02936
G1 X125.058 Y111.155 E.11019
G1 X124.837 Y111.565 E.02163
G1 X122.749 Y109.477 E.13716
G1 X122.117 Y109.477 E.02936
G1 X124.675 Y112.036 E.16806
G1 X124.576 Y112.395 E.0173
G1 X124.56 Y112.553 E.00738
G1 X121.485 Y109.477 E.20202
G1 X120.853 Y109.477 E.02936
G1 X124.531 Y113.155 E.2416
G1 X124.583 Y113.646 E.02293
G1 X124.652 Y113.908 E.01258
G1 X120.221 Y109.477 E.29106
G1 X119.589 Y109.477 E.02936
G1 X136.523 Y126.411 E1.11235
G1 X136.523 Y127.043 E.02936
G1 X119.477 Y109.998 E1.11967
G1 X119.477 Y110.63 E.02936
G1 X136.523 Y127.675 E1.11967
G1 X136.523 Y128.307 E.02936
G1 X119.477 Y111.262 E1.11967
G1 X119.477 Y111.894 E.02936
G1 X136.523 Y128.939 E1.11967
G1 X136.523 Y129.571 E.02936
G1 X119.477 Y112.526 E1.11967
G1 X119.477 Y113.158 E.02936
G1 X136.523 Y130.203 E1.11967
G1 X136.523 Y130.835 E.02936
G1 X119.477 Y113.79 E1.11967
G1 X119.477 Y114.422 E.02936
G1 X136.523 Y131.467 E1.11967
G1 X136.523 Y132.099 E.02936
G1 X119.477 Y115.054 E1.11967
G1 X119.477 Y115.686 E.02936
G1 X136.523 Y132.731 E1.11967
G1 X136.523 Y133.363 E.02936
G1 X119.477 Y116.318 E1.11967
G1 X119.477 Y116.95 E.02936
G1 X129.32 Y126.793 E.64656
G1 X129.813 Y127.037 E.02555
G1 X130.042 Y127.19 E.01279
G1 X130.358 Y127.449 E.01898
G1 X130.551 Y127.642 E.01268
G1 X130.81 Y127.958 E.01898
G1 X130.962 Y128.185 E.01269
G1 X131.212 Y128.684 E.02592
G1 X136.523 Y133.995 E.34887
G1 X136.523 Y134.627 E.02936
G1 X131.439 Y129.543 E.33395
G1 X131.478 Y130 E.0213
G1 X131.46 Y130.196 E.00914
G1 X136.523 Y135.259 E.33258
G1 X136.523 Y135.891 E.02936
G1 X131.387 Y130.755 E.33737
G1 X131.242 Y131.243 E.02365
G1 X136.523 Y136.523 E.34686
G1 X136.523 Y137.155 E.02936
G1 X131.039 Y131.671 E.36023
G1 X130.796 Y132.06 E.0213
G1 X136.523 Y137.787 E.37619
G1 X136.523 Y138.419 E.02936
G1 X130.506 Y132.402 E.39524
G1 X130.174 Y132.702 E.02078
G1 X136.523 Y139.051 E.41705
G1 X136.523 Y139.683 E.02936
G1 X129.807 Y132.966 E.44119
G1 X129.39 Y133.182 E.02181
G1 X136.523 Y140.315 E.46855
G1 X136.523 Y140.947 E.02936
G1 X128.915 Y133.339 E.49975
G1 X128.668 Y133.413 E.01198
G1 X128.385 Y133.441 E.01321
G1 X136.523 Y141.578 E.53453
G1 X136.523 Y142.21 E.02936
G1 X127.544 Y133.232 E.58977
M204 S4000
G1 E-2 F2400
G1 X127.544 Y133.232 F15000
G1 X128.7 Y126.804
G1 E2 F2400
M204 S400
G1 F1200
G1 X119.477 Y117.582 E.6058
G1 X119.477 Y118.214 E.02936
G1 X127.8 Y126.536 E.54668
G1 X127.243 Y126.611 E.02611
G1 X119.477 Y118.846 E.5101
G1 X119.477 Y119.478 E.02936
G1 X126.755 Y126.755 E.47804
G1 X126.329 Y126.961 E.02198
G1 X119.477 Y120.11 E.45006
G1 X119.477 Y120.741 E.02931
G1 X125.94 Y127.204 E.42454
G1 X125.598 Y127.494 E.02083
G1 X119.477 Y121.373 E.40207
G1 X119.477 Y122.005 E.02936
G1 X125.298 Y127.826 E.38237
G1 X125.033 Y128.193 E.02103
G1 X119.477 Y122.637 E.36496
G1 X119.477 Y123.269 E.02936
G1 X124.818 Y128.61 E.35084
G1 X124.655 Y129.079 E.02306
G1 X119.477 Y123.901 E.34013
G1 X119.477 Y124.533 E.02936
G1 X124.555 Y129.611 E.33356
G1 X124.522 Y130 E.01813
G1 X124.544 Y130.232 E.01082
G1 X119.477 Y125.165 E.33284
G1 X119.477 Y125.797 E.02936
G1 X124.684 Y131.004 E.34203
G1 X124.74 Y131.201 E.00951
G1 X124.845 Y131.455 E.01277
G1 X125.038 Y131.815 E.01897
G1 X125.19 Y132.042 E.01269
G1 X125.449 Y132.358 E.01898
G1 X125.642 Y132.551 E.01268
G1 X125.958 Y132.81 E.01898
G1 X126.186 Y132.963 E.01275
G1 X126.674 Y133.215 E.02551
G1 X126.991 Y133.311 E.01538
G1 X136.523 Y142.842 E.6261
G1 X136.523 Y143.474 E.02936
G1 X119.477 Y126.429 E1.11967
G1 X119.477 Y127.061 E.02936
G1 X136.523 Y144.106 E1.11967
G1 X136.523 Y144.738 E.02936
G1 X119.477 Y127.693 E1.11967
G1 X119.477 Y128.325 E.02936
G1 X136.523 Y145.37 E1.11967
G1 X136.523 Y146.002 E.02936
G1 X119.477 Y128.957 E1.11967
G1 X119.477 Y129.589 E.02936
G1 X136.411 Y146.523 E1.11235
G1 X135.779 Y146.523 E.02936
G1 X119.477 Y130.221 E1.07084
G1 X119.477 Y130.853 E.02936
G1 X135.147 Y146.523 E1.02932
G1 X134.515 Y146.523 E.02936
G1 X119.477 Y131.485 E.98781
G1 X119.477 Y132.117 E.02936
G1 X133.883 Y146.523 E.94629
G1 X133.251 Y146.523 E.02936
G1 X119.477 Y132.749 E.90478
G1 X119.477 Y133.381 E.02936
G1 X132.619 Y146.523 E.86326
G1 X131.987 Y146.523 E.02936
G1 X119.477 Y134.013 E.82175
G1 X119.477 Y134.645 E.02936
G1 X131.355 Y146.523 E.78023
G1 X130.723 Y146.523 E.02936
G1 X119.477 Y135.277 E.73872
G1 X119.477 Y135.909 E.02936
G1 X130.091 Y146.523 E.69721
G1 X129.459 Y146.523 E.02936
G1 X119.477 Y136.541 E.65569
G1 X119.477 Y137.173 E.02936
G1 X128.827 Y146.523 E.61418
G1 X128.195 Y146.523 E.02936
G1 X119.477 Y137.805 E.57266
G1 X119.477 Y138.437 E.02936
G1 X127.563 Y146.523 E.53115
G1 X126.931 Y146.523 E.02936
G1 X119.477 Y139.069 E.48963
G1 X119.477 Y139.701 E.02936
G1 X126.299 Y146.523 E.44812
G1 X125.667 Y146.523 E.02936
G1 X119.477 Y140.333 E.4066
G1 X119.477 Y140.965 E.02936
G1 X125.035 Y146.523 E.36509
G1 X124.403 Y146.523 E.02936
G1 X119.477 Y141.597 E.32358
G1 X119.477 Y142.229 E.02936
G1 X123.771 Y146.523 E.28206
G1 X123.139 Y146.523 E.02936
G1 X119.477 Y142.861 E.24055
G1 X119.477 Y143.493 E.02936
G1 X122.507 Y146.523 E.19903
G1 X121.875 Y146.523 E.02936
G1 X119.477 Y144.125 E.15752
G1 X119.477 Y144.757 E.02936
G1 X121.243 Y146.523 E.116
G1 X120.611 Y146.523 E.02936
G1 X119.477 Y145.389 E.07449
G1 X119.477 Y146.021 E.02936
G1 X120.18 Y146.723 E.04615
M204 S4000
;LAYER_CHANGE
;Z:0.45
;HEIGHT:0.2
G1 Z.45 F15000
G1 E-2 F2400
G1 Z.45 F15000
G1 X136.961 Y146.961
G1 Z.45
G1 E2 F2400
M204 S2500
;TYPE:Perimeter
;WIDTH:0.449999
G1 F4800
G1 X119.039 Y146.961 E.60664
G1 X119.039 Y109.039 E1.28361
G1 X136.961 Y109.039 E.60664
G1 X136.961 Y112.039 E.10155
G1 X136.961 Y146.901 E1.18004
M204 S4000
G1 X136.961 Y146.901 F15000
G1 X137.368 Y147.368
M204 S2500
G1 F4800
G1 X118.632 Y147.368 E.63419
G1 X118.632 Y108.632 E1.31117
G1 X137.368 Y108.632 E.63419
G1 X137.368 Y112.039 E.11532
G1 X137.368 Y147.308 E1.19381
M204 S4000
G1 X137.775 Y147.775 F15000
M204 S2500
;TYPE:External perimeter
G1 F2700
G1 X118.225 Y147.775 E.66174
G1 X118.225 Y108.225 E1.33872
G1 X137.775 Y108.225 E.66174
G1 X137.775 Y112.039 E.1291
G1 X137.775 Y147.715 E1.20759
M204 S4000
G1 X137.379 Y147.774 F15000
G1 E-2 F2400
G1 X126.904 Y110.181 F15000
G1 E2 F2400
M204 S2500
;TYPE:Perimeter
G1 F900
G1 X127.31 Y110.043 E.01451
G1 X127.882 Y109.966 E.01954
G1 X128.489 Y110.004 E.02059
G1 X129.069 Y110.158 E.02031
G1 X129.603 Y110.422 E.02016
G1 X130.075 Y110.784 E.02013
G1 X130.468 Y111.231 E.02015
G1 X130.765 Y111.747 E.02015
G1 X130.957 Y112.31 E.02013
G1 X131.034 Y112.9 E.02014
G1 X130.996 Y113.494 E.02015
G1 X130.842 Y114.069 E.02015
G1 X130.578 Y114.603 E.02016
G1 X130.216 Y115.075 E.02013
G1 X129.769 Y115.468 E.02015
G1 X129.253 Y115.765 E.02015
G1 X128.69 Y115.957 E.02013
G1 X128.1 Y116.034 E.02014
G1 X127.506 Y115.996 E.02015
G1 X126.931 Y115.842 E.02015
G1 X126.397 Y115.578 E.02016
G1 X125.925 Y115.216 E.02013
G1 X125.532 Y114.769 E.02015
G1 X125.235 Y114.253 E.02015
G1 X125.043 Y113.69 E.02013
G1 X124.966 Y113.1 E.02014
G1 X125.004 Y112.506 E.02015
G1 X125.158 Y111.931 E.02015
G1 X125.422 Y111.397 E.02016
G1 X125.784 Y110.925 E.02013
G1 X126.231 Y110.532 E.02015
G1 X126.747 Y110.235 E.02015
G1 X126.847 Y110.201 E.00358
M204 S4000
G1 X126.847 Y110.201 F15000
G1 X127.04 Y110.561
M204 S2500
G1 F900
G1 X127.428 Y110.433 E.01383
G1 X127.985 Y110.368 E.01898
G1 X128.572 Y110.433 E.01999
G1 X129.061 Y110.594 E.01743
G1 X129.51 Y110.847 E.01744
G1 X129.901 Y111.183 E.01745
G1 X130.219 Y111.589 E.01746
G1 X130.452 Y112.049 E.01745
G1 X130.59 Y112.546 E.01746
G1 X130.629 Y113.06 E.01745
G1 X130.567 Y113.572 E.01746
G1 X130.406 Y114.061 E.01743
G1 X130.153 Y114.51 E.01744
G1 X129.817 Y114.901 E.01745
G1 X129.411 Y115.219 E.01746
G1 X128.951 Y115.452 E.01745
G1 X128.454 Y115.59 E.01746
G1 X127.946 Y115.63 E.01725
G1 X127.428 Y115.567 E.01766
G1 X126.939 Y115.406 E.01743
G1 X126.49 Y115.153 E.01744
G1 X126.099 Y114.817 E.01745
G1 X125.781 Y114.411 E.01746
G1 X125.548 Y113.951 E.01745
G1 X125.41 Y113.454 E.01746
G1 X125.371 Y113.06 E.0134
G1 X125.41 Y112.546 E.01745
G1 X125.548 Y112.049 E.01746
G1 X125.781 Y111.589 E.01745
G1 X126.099 Y111.183 E.01746
G1 X126.489 Y110.847 E.01742
G1 X126.939 Y110.594 E.01747
G1 X126.983 Y110.579 E.00157
M204 S4000
G1 X126.983 Y110.579 F15000
G1 X127.177 Y110.935
M204 S2500
;TYPE:External perimeter
G1 F900
G1 X127.585 Y110.815 E.0144
G1 X128.004 Y110.776 E.01424
G1 X128.453 Y110.822 E.01528
G1 X128.87 Y110.953 E.0148
G1 X129.252 Y111.162 E.01474
G1 X129.587 Y111.441 E.01476
G1 X129.86 Y111.781 E.01476
G1 X130.062 Y112.167 E.01475
G1 X130.185 Y112.586 E.01478
G1 X130.224 Y113.02 E.01475
G1 X130.177 Y113.453 E.01474
G1 X130.047 Y113.87 E.01478
G1 X129.838 Y114.252 E.01474
G1 X129.559 Y114.587 E.01476
G1 X129.219 Y114.86 E.01476
G1 X128.833 Y115.062 E.01475
G1 X128.382 Y115.188 E.01585
G1 X127.948 Y115.221 E.01473
G1 X127.546 Y115.177 E.01369
G1 X127.13 Y115.047 E.01475
G1 X126.748 Y114.838 E.01474
G1 X126.413 Y114.559 E.01476
G1 X126.14 Y114.219 E.01476
G1 X125.938 Y113.833 E.01475
G1 X125.815 Y113.414 E.01478
G1 X125.776 Y113.02 E.0134
G1 X125.823 Y112.547 E.01609
G1 X125.953 Y112.13 E.01478
G1 X126.162 Y111.748 E.01474
G1 X126.441 Y111.413 E.01476
G1 X126.781 Y111.14 E.01476
G1 X127.123 Y110.961 E.01307
M204 S4000
G1 X127.504 Y110.84 F15000
G1 E-2 F2400
G1 X126.375 Y127.449 F15000
G1 E2 F2400
M204 S2500
;TYPE:Perimeter
G1 F900
G1 X126.747 Y127.235 E.01453
G1 X127.31 Y127.043 E.02013
G1 X127.882 Y126.966 E.01954
G1 X128.489 Y127.004 E.02059
G1 X129.069 Y127.158 E.02031
G1 X129.603 Y127.422 E.02016
G1 X130.075 Y127.784 E.02013
G1 X130.468 Y128.231 E.02015
G1 X130.765 Y128.747 E.02015
G1 X130.957 Y129.31 E.02013
G1 X131.034 Y129.9 E.02014
G1 X130.996 Y130.494 E.02015
G1 X130.842 Y131.069 E.02015
G1 X130.578 Y131.603 E.02016
G1 X130.216 Y132.075 E.02013
G1 X129.769 Y132.468 E.02015
G1 X129.253 Y132.765 E.02015
G1 X128.69 Y132.957 E.02013
G1 X128.1 Y133.034 E.02014
G1 X127.506 Y132.996 E.02015
G1 X126.931 Y132.842 E.02015
G1 X126.397 Y132.578 E.02016
G1 X125.925 Y132.216 E.02013
G1 X125.532 Y131.769 E.02015
G1 X125.235 Y131.253 E.02015
G1 X125.043 Y130.69 E.02013
G1 X124.966 Y130.1 E.02014
G1 X125.004 Y129.506 E.02015
G1 X125.158 Y128.931 E.02015
G1 X125.422 Y128.397 E.02016
G1 X125.784 Y127.925 E.02013
G1 X126.231 Y127.532 E.02015
G1 X126.323 Y127.479 E.00359
M204 S4000
G1 X126.323 Y127.479 F15000
G1 X126.582 Y127.795
M204 S2500
G1 F900
G1 X126.939 Y127.594 E.01387
G1 X127.428 Y127.433 E.01743
G1 X127.926 Y127.371 E.01699
G1 X128.451 Y127.409 E.01782
G1 X128.951 Y127.548 E.01757
G1 X129.411 Y127.781 E.01745
G1 X129.817 Y128.099 E.01746
G1 X130.153 Y128.49 E.01745
G1 X130.406 Y128.939 E.01744
G1 X130.567 Y129.428 E.01743
G1 X130.629 Y129.94 E.01746
G1 X130.59 Y130.454 E.01745
G1 X130.452 Y130.951 E.01746
G1 X130.219 Y131.411 E.01745
G1 X129.901 Y131.817 E.01746
G1 X129.51 Y132.153 E.01745
G1 X129.061 Y132.406 E.01744
G1 X128.572 Y132.567 E.01743
G1 X128.06 Y132.629 E.01746
G1 X127.546 Y132.59 E.01745
G1 X127.049 Y132.452 E.01746
G1 X126.589 Y132.219 E.01745
G1 X126.183 Y131.901 E.01746
G1 X125.847 Y131.51 E.01745
G1 X125.594 Y131.061 E.01744
G1 X125.433 Y130.572 E.01743
G1 X125.371 Y130.06 E.01746
G1 X125.41 Y129.546 E.01745
G1 X125.548 Y129.049 E.01746
G1 X125.781 Y128.589 E.01745
G1 X126.099 Y128.183 E.01746
G1 X126.49 Y127.847 E.01745
G1 X126.53 Y127.824 E.00156
M204 S4000
G1 X126.53 Y127.824 F15000
G1 X126.77 Y128.148
M204 S2500
;TYPE:External perimeter
G1 F900
G1 X126.781 Y128.14 E.00046
G1 X127.167 Y127.938 E.01475
G1 X127.602 Y127.813 E.01532
G1 X128.051 Y127.781 E.01524
G1 X128.454 Y127.823 E.01371
G1 X128.833 Y127.938 E.01341
G1 X129.252 Y128.162 E.01608
G1 X129.587 Y128.441 E.01476
G1 X129.86 Y128.781 E.01476
G1 X130.062 Y129.167 E.01475
G1 X130.185 Y129.586 E.01478
G1 X130.224 Y130.02 E.01475
G1 X130.177 Y130.453 E.01474
G1 X130.047 Y130.87 E.01478
G1 X129.838 Y131.252 E.01474
G1 X129.559 Y131.587 E.01476
G1 X129.219 Y131.86 E.01476
G1 X128.833 Y132.062 E.01475
G1 X128.414 Y132.185 E.01478
G1 X127.98 Y132.224 E.01475
G1 X127.547 Y132.177 E.01474
G1 X127.13 Y132.047 E.01478
G1 X126.748 Y131.838 E.01474
G1 X126.413 Y131.559 E.01476
G1 X126.14 Y131.219 E.01476
G1 X125.938 Y130.833 E.01475
G1 X125.815 Y130.414 E.01478
G1 X125.776 Y129.98 E.01475
G1 X125.823 Y129.547 E.01474
G1 X125.953 Y129.13 E.01478
G1 X126.162 Y128.748 E.01474
G1 X126.441 Y128.413 E.01476
G1 X126.724 Y128.186 E.01228
M204 S4000
G1 X127.072 Y127.989 F15000
G1 E-2 F2400
G1 X119.455 Y109.377 F15000
G1 E2 F2400
;TYPE:Solid infill
;WIDTH:0.548766
G1 F3300
G1 X119.41 Y109.333 E.00265
G1 X119.349 Y109.349 E.00265
G1 X119.333 Y109.41 E.00265
G1 X119.377 Y109.455 E.00265
G1 X119.439 Y109.439 E.00269
;WIDTH:0.449999
G1 X120.089 Y109.344 E.02224
G1 X119.344 Y110.089 E.03566
G1 X119.344 Y110.664 E.01946
G1 X120.664 Y109.344 E.06319
G1 X121.24 Y109.344 E.0195
G1 X119.344 Y111.24 E.09076
G1 X119.344 Y111.816 E.0195
G1 X121.816 Y109.344 E.11833
G1 X122.392 Y109.344 E.0195
G1 X119.344 Y112.392 E.14591
G1 X119.344 Y112.967 E.01946
G1 X122.967 Y109.344 E.17343
G1 X123.543 Y109.344 E.0195
G1 X119.344 Y113.543 E.201
G1 X119.344 Y114.119 E.0195
G1 X124.119 Y109.344 E.22858
G1 X124.694 Y109.344 E.01946
G1 X119.344 Y114.694 E.2561
G1 X119.344 Y115.27 E.0195
G1 X125.27 Y109.344 E.28367
G1 X125.846 Y109.344 E.0195
G1 X119.344 Y115.846 E.31125
G1 X119.344 Y115.846 F15000
G1 X119.266 Y116.698
;WIDTH:0.38292
G1 F3300
G1 X119.195 Y116.679 E.00208
G1 X119.214 Y116.75 E.00208
G1 X119.255 Y116.739 E.0012
;WIDTH:0.41646
G1 X119.3 Y116.58 E.00513
;WIDTH:0.449999
G1 X119.344 Y116.421 E.00558
G1 X126.421 Y109.344 E.33877
G1 X126.997 Y109.344 E.0195
G1 X125.774 Y110.545 E.05802
;WIDTH:0.41885
G1 X125.539 Y110.774 E.01026
;WIDTH:0.449999
G1 X125.279 Y111.062 E.01313
G1 X119.278 Y117.07 E.28743
;WIDTH:0.41646
G1 X119.212 Y117.142 E.00303
;WIDTH:0.38292
G1 X119.141 Y117.123 E.00208
G1 X119.16 Y117.194 E.00208
G1 X119.201 Y117.183 E.0012
;WIDTH:0.449999
G1 X119.344 Y117.573 E.01406
G1 X124.786 Y112.131 E.26051
G1 X124.881 Y112.076 E.00372
;WIDTH:0.41646
G1 X124.976 Y112.021 E.00341
;WIDTH:0.38292
G1 X124.956 Y111.843 E.00506
G1 X124.956 Y111.843 F15000
G1 X124.671 Y112.822
;WIDTH:0.449999
G1 F3300
G1 X119.344 Y118.149 E.255
G1 X119.344 Y118.724 E.01946
G1 X124.691 Y113.378 E.25593
G1 X124.782 Y113.862 E.01667
G1 X119.344 Y119.3 E.26031
G1 X119.344 Y119.876 E.0195
G1 X124.923 Y114.297 E.26706
G1 X125.116 Y114.679 E.01449
G1 X119.344 Y120.451 E.2763
G1 X119.344 Y121.027 E.0195
G1 X125.347 Y115.024 E.28736
G1 X125.613 Y115.334 E.01383
G1 X119.344 Y121.603 E.30009
G1 X119.344 Y122.178 E.01946
G1 X125.918 Y115.605 E.31467
G1 X126.252 Y115.847 E.01396
G1 X119.344 Y122.754 E.33066
G1 X119.344 Y123.33 E.0195
G1 X126.628 Y116.046 E.34868
G1 X127.055 Y116.195 E.01531
G1 X119.344 Y123.905 E.3691
G1 X119.344 Y124.481 E.0195
G1 X127.527 Y116.298 E.39172
G1 X128.063 Y116.338 E.01819
G1 X119.344 Y125.057 E.41737
G1 X119.344 Y125.633 E.0195
G1 X128.714 Y116.263 E.44854
G1 X128.857 Y116.177 E.00565
;WIDTH:0.41646
G1 X128.999 Y116.092 E.00514
;WIDTH:0.38292
G1 X128.821 Y116.072 E.00506
G1 X128.821 Y116.072 F15000
G1 X129.664 Y115.889
;WIDTH:0.449999
G1 F3300
G1 X119.344 Y126.208 E.49399
G1 E-2 F2400
G1 X119.344 Y126.208 F15000
G1 X129.392 Y132.954
G1 E2 F2400
;WIDTH:0.38292
G1 F3300
G1 X129.694 Y132.732 E.0106
G1 X129.44 Y132.918 E.0089
G1 E-2 F2400
G1 X129.44 Y132.918 F15000
G1 X126.884 Y109.985
G1 E2 F2400
G1 F3300
G1 X126.843 Y109.996 E.0012
G1 X126.824 Y109.924 E.00211
G1 X126.895 Y109.944 E.00209
;WIDTH:0.41646
G1 X127.018 Y109.859 E.00464
;WIDTH:0.449999
G1 X127.142 Y109.775 E.00507
G1 X127.573 Y109.344 E.02063
G1 X128.008 Y109.324 E.01474
;WIDTH:0.409529
G1 X128.012 Y109.448 E.00378
G1 X127.759 Y109.706 E.01102
G1 X128.165 Y109.689 E.01239
;WIDTH:0.447922
G1 X128.751 Y109.747 E.01983
;WIDTH:0.449999
G1 X129.372 Y109.955 E.02217
G1 X129.94 Y110.281 E.02217
G1 X130.433 Y110.712 E.02217
G1 X130.832 Y111.23 E.02213
G1 X131.123 Y111.816 E.02215
G1 X131.193 Y112.057 E.00849
G1 X133.905 Y109.344 E.12985
G1 X128.859 Y109.344 E.1708
;WIDTH:0.448351
G1 X128.212 Y109.325 E.02182
G1 X128.212 Y109.325 F15000
G1 X129.839 Y109.752
;WIDTH:0.449999
G1 F3300
G1 X130.242 Y109.999 E.016
G1 X130.702 Y110.407 E.02081
G1 X131.156 Y110.984 E.02485
G1 X131.34 Y111.334 E.01338
G1 X132.923 Y109.752 E.07575
G1 X130.043 Y109.752 E.09748
G1 X130.043 Y109.752 F15000
G1 X131.024 Y110.158
;WIDTH:0.449531
G1 F3300
G1 X131.429 Y110.67 E.02207
G1 X131.941 Y110.158 E.02448
G1 X131.228 Y110.158 E.02411
G1 E-2 F2400
G1 X131.228 Y110.158 F15000
G1 X131.302 Y112.524
G1 E2 F2400
;WIDTH:0.449999
G1 F3300
G1 X134.481 Y109.344 E.1522
G1 X134.574 Y109.273 E.00396
;WIDTH:0.41646
G1 X134.668 Y109.201 E.00368
;WIDTH:0.38292
G1 X134.626 Y109.212 E.00123
G1 X134.607 Y109.141 E.00208
G1 X134.679 Y109.16 E.00211
;WIDTH:0.449999
G1 X135.057 Y109.344 E.01423
G1 X131.339 Y113.062 E.17798
G1 X131.339 Y113.062 F15000
G1 X131.12 Y113.995
;WIDTH:0.38292
G1 F3300
G1 X131.048 Y113.975 E.00211
G1 X131.067 Y114.047 E.00211
G1 X131.109 Y114.036 E.00123
;WIDTH:0.41646
G1 X131.184 Y113.877 E.00546
;WIDTH:0.449999
G1 X131.259 Y113.718 E.00595
G1 X135.633 Y109.344 E.20938
G1 X135.633 Y109.344 F15000
G1 X136.828 Y109.202
;WIDTH:0.38292
G1 F3300
G1 X136.756 Y109.183 E.00211
G1 X136.776 Y109.255 E.00211
G1 X136.466 Y109.195 E.00893
G1 X136.485 Y109.266 E.00208
G1 X136.526 Y109.255 E.0012
;WIDTH:0.41646
G1 X136.367 Y109.3 E.00513
;WIDTH:0.449999
G1 X136.208 Y109.344 E.00558
G1 X130.896 Y114.657 E.25431
G1 X130.78 Y114.801 E.00626
;WIDTH:0.41646
G1 X130.665 Y114.945 E.00572
;WIDTH:0.38292
G1 X129.952 Y115.652 E.02839
G1 E-2 F2400
G1 X129.952 Y115.652 F15000
G1 X136.656 Y109.473
G1 E2 F2400
;WIDTH:0.449999
G1 F3300
G1 X119.344 Y126.784 E.82869
G1 X119.344 Y127.36 E.0195
G1 X136.656 Y110.049 E.82869
G1 X136.656 Y110.624 E.01946
G1 X119.344 Y127.935 E.82869
G1 X119.344 Y128.511 E.0195
G1 X136.656 Y111.2 E.82869
G1 X136.656 Y111.776 E.0195
G1 X119.344 Y129.087 E.82869
G1 X119.344 Y129.662 E.01946
G1 X136.656 Y112.351 E.82869
G1 X136.656 Y112.927 E.0195
G1 X119.344 Y130.238 E.82869
G1 X119.344 Y130.814 E.0195
G1 X136.656 Y113.503 E.82869
G1 X136.656 Y114.078 E.01946
G1 X119.344 Y131.39 E.82871
G1 X119.344 Y131.965 E.01946
G1 X136.656 Y114.654 E.82869
G1 X136.656 Y115.23 E.0195
G1 X119.344 Y132.541 E.82869
G1 X119.344 Y133.117 E.0195
G1 X136.656 Y115.806 E.82869
G1 X136.656 Y116.381 E.01946
G1 X119.344 Y133.692 E.82869
G1 X119.3 Y133.851 E.00558
;WIDTH:0.41646
G1 X119.255 Y134.01 E.00513
;WIDTH:0.38292
G1 X119.214 Y134.021 E.0012
G1 X119.195 Y133.95 E.00208
G1 X119.266 Y133.969 E.00208
G1 E-2 F2400
G1 X119.266 Y133.969 F15000
G1 X125.142 Y128.391
G1 E2 F2400
G1 F3300
G1 X125.645 Y127.8 E.02194
G1 X126.393 Y127.146 E.02809
;WIDTH:0.41646
G1 X126.537 Y127.039 E.00557
;WIDTH:0.449999
G1 X126.681 Y126.931 E.00609
G1 X136.656 Y116.957 E.47747
G1 X136.656 Y117.533 E.0195
G1 X127.484 Y126.704 E.43903
G1 X127.362 Y126.778 E.00483
;WIDTH:0.41646
G1 X127.24 Y126.851 E.00442
;WIDTH:0.38292
G1 X127.169 Y126.832 E.00208
G1 X127.188 Y126.903 E.00208
G1 X127.229 Y126.892 E.0012
G1 X127.229 Y126.892 F15000
G1 X128.103 Y126.661
;WIDTH:0.449999
G1 F3300
G1 X136.656 Y118.108 E.40943
G1 X136.656 Y118.684 E.0195
G1 X128.623 Y126.716 E.38451
G1 X129.073 Y126.842 E.01582
G1 X136.656 Y119.26 E.36297
G1 X136.656 Y119.835 E.01946
G1 X129.474 Y127.017 E.3438
G1 X129.848 Y127.219 E.01439
G1 X136.656 Y120.411 E.32589
G1 X136.656 Y120.987 E.0195
G1 X130.173 Y127.469 E.31031
G1 X130.468 Y127.75 E.01379
G1 X136.656 Y121.563 E.29619
G1 X136.656 Y122.138 E.01946
G1 X130.725 Y128.069 E.28391
G1 X130.941 Y128.428 E.01418
G1 X136.656 Y122.714 E.27355
G1 X136.656 Y123.29 E.0195
G1 X131.125 Y128.82 E.26474
G1 X131.258 Y129.263 E.01566
G1 X136.656 Y123.865 E.2584
G1 X136.656 Y124.441 E.0195
G1 X131.325 Y129.771 E.25517
G1 X131.311 Y130.361 E.01998
G1 X136.656 Y125.017 E.25584
G1 X136.656 Y125.592 E.01946
G1 X131.151 Y131.097 E.26352
G1 X130.962 Y131.385 E.01166
;WIDTH:0.38292
G1 X130.591 Y131.865 E.01715
G1 X130.837 Y131.546 E.01139
G1 E-2 F2400
G1 X130.837 Y131.546 F15000
G1 X124.933 Y128.679
G1 E2 F2400
;WIDTH:0.449999
G1 F3300
G1 X119.278 Y134.341 E.27087
;WIDTH:0.41646
G1 X119.212 Y134.413 E.00303
;WIDTH:0.38292
G1 X119.141 Y134.394 E.00208
G1 X119.16 Y134.465 E.00208
G1 X119.201 Y134.454 E.0012
;WIDTH:0.449999
G1 X119.344 Y134.844 E.01406
G1 X124.7 Y129.489 E.25636
G1 X124.795 Y129.36 E.00542
;WIDTH:0.41646
G1 X124.89 Y129.231 E.00498
;WIDTH:0.38292
G1 X124.849 Y129.242 E.0012
G1 X124.83 Y129.171 E.00208
G1 X124.901 Y129.19 E.00208
G1 X124.901 Y129.19 F15000
G1 X124.664 Y130.1
;WIDTH:0.449999
G1 F3300
G1 X119.344 Y135.419 E.25464
G1 X119.344 Y135.995 E.0195
G1 X124.714 Y130.625 E.25706
G1 X124.842 Y131.073 E.01577
G1 X119.344 Y136.571 E.26319
G1 X119.344 Y137.147 E.0195
G1 X125.01 Y131.481 E.27123
G1 X125.219 Y131.848 E.0143
G1 X119.344 Y137.722 E.28121
G1 X119.344 Y138.298 E.0195
G1 X125.469 Y132.173 E.2932
G1 X125.75 Y132.468 E.01379
G1 X119.344 Y138.874 E.30665
G1 X119.344 Y139.449 E.01946
G1 X126.069 Y132.725 E.3219
G1 X126.43 Y132.939 E.01421
G1 X119.344 Y140.025 E.3392
G1 X119.344 Y140.601 E.0195
G1 X126.823 Y133.122 E.35802
G1 X127.266 Y133.255 E.01566
G1 X119.344 Y141.176 E.3792
G1 X119.344 Y141.752 E.0195
G1 X127.774 Y133.323 E.40351
G1 X128.362 Y133.31 E.01991
G1 X119.344 Y142.328 E.43169
G1 X119.344 Y142.328 F15000
G1 X119.255 Y143.221
;WIDTH:0.38292
G1 F3300
G1 X119.214 Y143.232 E.0012
G1 X119.195 Y143.161 E.00208
G1 X119.266 Y143.18 E.00208
;WIDTH:0.41646
G1 X119.305 Y143.042 E.00445
;WIDTH:0.449999
G1 X119.344 Y142.903 E.00489
G1 X129.104 Y133.144 E.46718
G1 E-2 F2400
G1 X129.104 Y133.144 F15000
G1 X136.656 Y126.168
G1 E2 F2400
G1 F3300
G1 X119.344 Y143.479 E.82869
G1 X119.344 Y144.055 E.0195
G1 X136.656 Y126.744 E.82869
G1 X136.656 Y127.32 E.0195
G1 X119.344 Y144.631 E.82869
G1 X119.344 Y145.206 E.01946
G1 X136.656 Y127.895 E.82869
G1 X136.656 Y128.471 E.0195
G1 X119.344 Y145.782 E.82869
G1 X119.344 Y145.782 F15000
G1 X119.29 Y146.77
;WIDTH:0.38292
G1 F3300
G1 X119.249 Y146.781 E.0012
G1 X119.23 Y146.71 E.00208
G1 X119.301 Y146.729 E.00208
;WIDTH:0.41646
G1 X119.323 Y146.543 E.00582
;WIDTH:0.449999
G1 X119.344 Y146.358 E.0063
G1 X136.656 Y129.047 E.82869
G1 X136.656 Y129.622 E.01946
G1 X119.622 Y146.656 E.81541
G1 X120.198 Y146.656 E.0195
G1 X136.656 Y130.198 E.78783
G1 X136.656 Y130.774 E.0195
G1 X120.774 Y146.656 E.76026
G1 X121.349 Y146.656 E.01946
G1 X136.656 Y131.349 E.73274
G1 X136.656 Y131.925 E.0195
G1 X121.925 Y146.656 E.70516
G1 X122.501 Y146.656 E.0195
G1 X136.656 Y132.501 E.67759
G1 X136.656 Y133.076 E.01946
G1 X123.076 Y146.656 E.65007
G1 X123.652 Y146.656 E.0195
G1 X136.656 Y133.652 E.62249
G1 X136.656 Y134.228 E.0195
G1 X124.228 Y146.656 E.59492
G1 X124.804 Y146.656 E.0195
G1 X136.656 Y134.804 E.56735
G1 X136.656 Y135.379 E.01946
G1 X125.379 Y146.656 E.53982
G1 X125.955 Y146.656 E.0195
G1 X136.656 Y135.955 E.51225
G1 X136.656 Y136.531 E.0195
G1 X126.531 Y146.656 E.48468
G1 X127.106 Y146.656 E.01946
G1 X136.656 Y137.106 E.45715
G1 X136.656 Y137.682 E.0195
G1 X127.682 Y146.656 E.42958
G1 X128.258 Y146.656 E.0195
G1 X136.656 Y138.258 E.40201
G1 X136.656 Y138.833 E.01946
G1 X128.833 Y146.656 E.37448
G1 X129.409 Y146.656 E.0195
G1 X136.656 Y139.409 E.34691
G1 X136.656 Y139.985 E.0195
G1 X129.985 Y146.656 E.31934
G1 X130.561 Y146.656 E.0195
G1 X136.656 Y140.561 E.29176
G1 X136.656 Y141.136 E.01946
G1 X131.136 Y146.656 E.26424
G1 X131.712 Y146.656 E.0195
G1 X136.656 Y141.712 E.23667
G1 X136.656 Y142.288 E.0195
G1 X132.288 Y146.656 E.20909
G1 X132.863 Y146.656 E.01946
G1 X136.656 Y142.863 E.18157
G1 X136.656 Y143.439 E.0195
G1 X133.439 Y146.656 E.154
G1 X134.015 Y146.656 E.0195
G1 X136.656 Y144.015 E.12642
G1 X136.656 Y144.59 E.01946
G1 X134.59 Y146.656 E.0989
G1 X135.166 Y146.656 E.0195
G1 X136.656 Y145.166 E.07133
G1 X136.656 Y145.742 E.0195
G1 X135.742 Y146.656 E.04375
G1 X136.317 Y146.656 E.01946
G1 X136.656 Y146.317 E.01623
G1 X136.757 Y146.254 E.00403
;WIDTH:0.41646
G1 X136.859 Y146.191 E.00372
;WIDTH:0.38292
G1 X136.818 Y146.202 E.0012
G1 X136.799 Y146.131 E.00208
G1 X136.87 Y146.15 E.00208
;LAYER_CHANGE
;Z:0.65
;HEIGHT:0.2
G1 Z.65 F15000
G1 X136.961 Y146.961
G1 Z.65
M204 S2500
;TYPE:Perimeter
;WIDTH:0.449999
G1 F4800
G1 X119.039 Y146.961 E.60664
G1 X119.039 Y109.039 E1.28361
G1 X136.961 Y109.039 E.60664
G1 X136.961 Y112.039 E.10155
G1 X136.961 Y146.901 E1.18004
M204 S4000
G1 X136.961 Y146.901 F15000
G1 X137.368 Y147.368
M204 S2500
G1 F4800
G1 X118.632 Y147.368 E.63419
G1 X118.632 Y108.632 E1.31117
G1 X137.368 Y108.632 E.63419
G1 X137.368 Y112.039 E.11532
G1 X137.368 Y147.308 E1.19381
M204 S4000
G1 X137.775 Y147.775 F15000
M204 S2500
;TYPE:External perimeter
G1 F2700
G1 X118.225 Y147.775 E.66174
G1 X118.225 Y108.225 E1.33872
G1 X137.775 Y108.225 E.66174
G1 X137.775 Y112.039 E.1291
G1 X137.775 Y147.715 E1.20759
M204 S4000
G1 X137.379 Y147.774 F15000
G1 E-2 F2400
G1 X126.904 Y110.181 F15000
G1 E2 F2400
M204 S2500
;TYPE:Perimeter
G1 F900
G1 X127.31 Y110.043 E.01451
G1 X127.872 Y109.967 E.0192
G1 X128.486 Y110.004 E.02082
G1 X129.069 Y110.158 E.02041
G1 X129.603 Y110.422 E.02016
G1 X130.075 Y110.784 E.02013
G1 X130.468 Y111.231 E.02015
G1 X130.765 Y111.747 E.02015
G1 X130.957 Y112.31 E.02013
G1 X131.034 Y112.9 E.02014
G1 X130.996 Y113.494 E.02015
G1 X130.842 Y114.069 E.02015
G1 X130.578 Y114.603 E.02016
G1 X130.216 Y115.075 E.02013
G1 X129.769 Y115.468 E.02015
G1 X129.253 Y115.765 E.02015
G1 X128.69 Y115.957 E.02013
G1 X128.1 Y116.034 E.02014
G1 X127.506 Y115.996 E.02015
G1 X126.931 Y115.842 E.02015
G1 X126.397 Y115.578 E.02016
G1 X125.925 Y115.216 E.02013
G1 X125.532 Y114.769 E.02015
G1 X125.235 Y114.253 E.02015
G1 X125.043 Y113.69 E.02013
G1 X124.966 Y113.1 E.02014
G1 X125.004 Y112.506 E.02015
G1 X125.158 Y111.931 E.02015
G1 X125.422 Y111.397 E.02016
G1 X125.784 Y110.925 E.02013
G1 X126.231 Y110.532 E.02015
G1 X126.747 Y110.235 E.02015
G1 X126.847 Y110.201 E.00358
M204 S4000
G1 X126.847 Y110.201 F15000
G1 X127.04 Y110.561
M204 S2500
G1 F900
G1 X127.428 Y110.433 E.01383
G1 X127.976 Y110.369 E.01868
G1 X128.572 Y110.433 E.02029
G1 X129.061 Y110.594 E.01743
G1 X129.51 Y110.847 E.01744
G1 X129.901 Y111.183 E.01745
G1 X130.219 Y111.589 E.01746
G1 X130.452 Y112.049 E.01745
G1 X130.59 Y112.546 E.01746
G1 X130.629 Y113.06 E.01745
G1 X130.567 Y113.572 E.01746
G1 X130.406 Y114.061 E.01743
G1 X130.153 Y114.51 E.01744
G1 X129.817 Y114.901 E.01745
G1 X129.411 Y115.219 E.01746
G1 X128.951 Y115.452 E.01745
G1 X128.454 Y115.59 E.01746
G1 X127.946 Y115.63 E.01725
G1 X127.428 Y115.567 E.01766
G1 X126.939 Y115.406 E.01743
G1 X126.49 Y115.153 E.01744
G1 X126.099 Y114.817 E.01745
G1 X125.781 Y114.411 E.01746
G1 X125.548 Y113.951 E.01745
G1 X125.41 Y113.454 E.01746
G1 X125.371 Y113.06 E.0134
G1 X125.41 Y112.546 E.01745
G1 X125.548 Y112.049 E.01746
G1 X125.781 Y111.589 E.01745
G1 X126.099 Y111.183 E.01746
G1 X126.49 Y110.847 E.01745
G1 X126.939 Y110.594 E.01744
G1 X126.983 Y110.579 E.00157
M204 S4000
G1 X126.983 Y110.579 F15000
G1 X127.166 Y110.938
M204 S2500
;TYPE:External perimeter
G1 F900
G1 X127.167 Y110.938 E.00003
G1 X127.585 Y110.815 E.01475
G1 X127.994 Y110.777 E.0139
G1 X128.453 Y110.822 E.01561
G1 X128.87 Y110.953 E.0148
G1 X129.252 Y111.162 E.01474
G1 X129.587 Y111.441 E.01476
G1 X129.86 Y111.781 E.01476
G1 X130.062 Y112.167 E.01475
G1 X130.185 Y112.586 E.01478
G1 X130.224 Y113.02 E.01475
G1 X130.177 Y113.453 E.01474
G1 X130.047 Y113.87 E.01478
G1 X129.838 Y114.252 E.01474
G1 X129.559 Y114.587 E.01476
G1 X129.219 Y114.86 E.01476
G1 X128.833 Y115.062 E.01475
G1 X128.365 Y115.19 E.01642
G1 X127.928 Y115.219 E.01482
G1 X127.546 Y115.177 E.01301
G1 X127.13 Y115.047 E.01475
G1 X126.748 Y114.838 E.01474
G1 X126.413 Y114.559 E.01476
G1 X126.14 Y114.219 E.01476
G1 X125.938 Y113.833 E.01475
G1 X125.815 Y113.414 E.01478
G1 X125.776 Y113.02 E.0134
G1 X125.823 Y112.547 E.01609
G1 X125.953 Y112.13 E.01478
G1 X126.162 Y111.748 E.01474
G1 X126.441 Y111.413 E.01476
G1 X126.781 Y111.14 E.01476
G1 X127.112 Y110.966 E.01266
M204 S4000
G1 X127.493 Y110.843 F15000
G1 E-2 F2400
G1 X126.375 Y127.449 F15000
G1 E2 F2400
M204 S2500
;TYPE:Perimeter
G1 F900
G1 X126.747 Y127.235 E.01453
G1 X127.31 Y127.043 E.02013
G1 X127.872 Y126.967 E.0192
G1 X128.486 Y127.004 E.02082
G1 X129.069 Y127.158 E.02041
G1 X129.603 Y127.422 E.02016
G1 X130.075 Y127.784 E.02013
G1 X130.468 Y128.231 E.02015
G1 X130.765 Y128.747 E.02015
G1 X130.957 Y129.31 E.02013
G1 X131.034 Y129.9 E.02014
G1 X130.996 Y130.494 E.02015
G1 X130.842 Y131.069 E.02015
G1 X130.578 Y131.603 E.02016
G1 X130.216 Y132.075 E.02013
G1 X129.769 Y132.468 E.02015
G1 X129.253 Y132.765 E.02015
G1 X128.69 Y132.957 E.02013
G1 X128.1 Y133.034 E.02014
G1 X127.506 Y132.996 E.02015
G1 X126.931 Y132.842 E.02015
G1 X126.397 Y132.578 E.02016
G1 X125.925 Y132.216 E.02013
G1 X125.532 Y131.769 E.02015
G1 X125.235 Y131.253 E.02015
G1 X125.043 Y130.69 E.02013
G1 X124.966 Y130.1 E.02014
G1 X125.004 Y129.506 E.02015
G1 X125.158 Y128.931 E.02015
G1 X125.422 Y128.397 E.02016
G1 X125.784 Y127.925 E.02013
G1 X126.231 Y127.532 E.02015
G1 X126.323 Y127.479 E.00359
M204 S4000
G1 X126.323 Y127.479 F15000
G1 X126.582 Y127.795
M204 S2500
G1 F900
G1 X126.939 Y127.594 E.01387
G1 X127.428 Y127.433 E.01743
G1 X127.975 Y127.369 E.01864
G1 X128.515 Y127.419 E.01836
G1 X128.951 Y127.548 E.01539
G1 X129.411 Y127.781 E.01745
G1 X129.817 Y128.099 E.01746
G1 X130.153 Y128.49 E.01745
G1 X130.406 Y128.939 E.01744
G1 X130.567 Y129.428 E.01743
G1 X130.629 Y129.94 E.01746
G1 X130.59 Y130.454 E.01745
G1 X130.452 Y130.951 E.01746
G1 X130.219 Y131.411 E.01745
G1 X129.901 Y131.817 E.01746
G1 X129.51 Y132.153 E.01745
G1 X129.061 Y132.406 E.01744
G1 X128.572 Y132.567 E.01743
G1 X128.06 Y132.629 E.01746
G1 X127.546 Y132.59 E.01745
G1 X127.049 Y132.452 E.01746
G1 X126.589 Y132.219 E.01745
G1 X126.183 Y131.901 E.01746
G1 X125.847 Y131.51 E.01745
G1 X125.594 Y131.061 E.01744
G1 X125.433 Y130.572 E.01743
G1 X125.371 Y130.06 E.01746
G1 X125.41 Y129.546 E.01745
G1 X125.548 Y129.049 E.01746
G1 X125.781 Y128.589 E.01745
G1 X126.099 Y128.183 E.01746
G1 X126.49 Y127.847 E.01745
G1 X126.53 Y127.824 E.00156
M204 S4000
G1 X126.53 Y127.824 F15000
G1 X126.762 Y128.155
M204 S2500
;TYPE:External perimeter
G1 F900
G1 X126.781 Y128.14 E.00082
G1 X127.167 Y127.938 E.01475
G1 X127.613 Y127.812 E.01569
G1 X128.067 Y127.783 E.0154
G1 X128.453 Y127.822 E.01313
G1 X128.833 Y127.938 E.01345
G1 X129.252 Y128.162 E.01608
G1 X129.587 Y128.441 E.01476
G1 X129.86 Y128.781 E.01476
G1 X130.062 Y129.167 E.01475
G1 X130.185 Y129.586 E.01478
G1 X130.224 Y130.02 E.01475
G1 X130.177 Y130.453 E.01474
G1 X130.047 Y130.87 E.01478
G1 X129.838 Y131.252 E.01474
G1 X129.559 Y131.587 E.01476
G1 X129.219 Y131.86 E.01476
G1 X128.833 Y132.062 E.01475
G1 X128.414 Y132.185 E.01478
G1 X127.98 Y132.224 E.01475
G1 X127.547 Y132.177 E.01474
G1 X127.13 Y132.047 E.01478
G1 X126.748 Y131.838 E.01474
G1 X126.413 Y131.559 E.01476
G1 X126.14 Y131.219 E.01476
G1 X125.938 Y130.833 E.01475
G1 X125.815 Y130.414 E.01478
G1 X125.776 Y129.98 E.01475
G1 X125.823 Y129.547 E.01474
G1 X125.953 Y129.13 E.01478
G1 X126.162 Y128.748 E.01474
G1 X126.441 Y128.413 E.01476
G1 X126.715 Y128.192 E.01192
M204 S4000
G1 X127.063 Y127.994 F15000
G1 E-2 F2400
G1 X119.377 Y146.545 F15000
G1 E2 F2400
;TYPE:Solid infill
;WIDTH:0.548766
G1 F3300
G1 X119.333 Y146.59 E.00265
G1 X119.349 Y146.651 E.00265
G1 X119.41 Y146.667 E.00265
G1 X119.455 Y146.623 E.00265
G1 X119.439 Y146.561 E.00269
G1 X119.439 Y146.561 F15000
G1 X120.234 Y146.788
;WIDTH:0.38292
G1 F3300
G1 X120.215 Y146.859 E.00208
G1 X120.286 Y146.84 E.00208
G1 X120.275 Y146.799 E.0012
;WIDTH:0.41646
G1 X120.182 Y146.727 E.00365
;WIDTH:0.449999
G1 X120.089 Y146.656 E.00396
G1 X119.344 Y145.911 E.03566
G1 X119.273 Y145.818 E.00396
;WIDTH:0.41646
G1 X119.201 Y145.725 E.00365
;WIDTH:0.38292
G1 X119.212 Y145.766 E.0012
G1 X119.141 Y145.785 E.00208
G1 X119.16 Y145.714 E.00208
;WIDTH:0.449999
G1 X119.344 Y145.336 E.01423
G1 X120.664 Y146.656 E.06319
G1 X121.24 Y146.656 E.0195
G1 X119.344 Y144.76 E.09076
G1 X119.344 Y144.184 E.0195
G1 X121.816 Y146.656 E.11833
G1 X122.392 Y146.656 E.0195
G1 X119.344 Y143.608 E.14591
G1 X119.344 Y143.033 E.01946
G1 X122.967 Y146.656 E.17343
G1 X123.543 Y146.656 E.0195
G1 X119.344 Y142.457 E.201
G1 X119.344 Y141.881 E.0195
G1 X124.119 Y146.656 E.22858
G1 X124.694 Y146.656 E.01946
G1 X119.344 Y141.306 E.2561
G1 X119.344 Y140.73 E.0195
G1 X125.27 Y146.656 E.28367
G1 X125.846 Y146.656 E.0195
G1 X119.344 Y140.154 E.31125
G1 X119.344 Y139.579 E.01946
G1 X126.421 Y146.656 E.33877
G1 X126.997 Y146.656 E.0195
G1 X119.344 Y139.003 E.36634
G1 X119.344 Y138.427 E.0195
G1 X127.573 Y146.656 E.39392
G1 X128.149 Y146.656 E.0195
G1 X119.344 Y137.851 E.42149
G1 X119.344 Y137.276 E.01946
G1 X128.724 Y146.656 E.44901
G1 X129.3 Y146.656 E.0195
G1 X119.344 Y136.7 E.47659
G1 X119.344 Y136.124 E.0195
G1 X129.876 Y146.656 E.50416
G1 X130.451 Y146.656 E.01946
G1 X119.344 Y135.549 E.53169
G1 X119.344 Y134.973 E.0195
G1 X131.027 Y146.656 E.55926
G1 X131.603 Y146.656 E.0195
G1 X119.344 Y134.397 E.58683
G1 X119.344 Y133.822 E.01946
G1 X132.178 Y146.656 E.61436
G1 X132.754 Y146.656 E.0195
G1 X119.344 Y133.246 E.64193
G1 X119.344 Y132.67 E.0195
G1 X133.33 Y146.656 E.6695
G1 X133.906 Y146.656 E.0195
G1 X119.344 Y132.095 E.69705
G1 X119.344 Y131.519 E.0195
G1 X134.481 Y146.656 E.7246
G1 X135.057 Y146.656 E.0195
G1 X119.344 Y130.943 E.75217
G1 X119.344 Y130.367 E.0195
G1 X135.633 Y146.656 E.77974
G1 X136.208 Y146.656 E.01946
G1 X119.344 Y129.792 E.80727
G1 X119.344 Y129.216 E.0195
G1 X136.656 Y146.527 E.82869
G1 X136.708 Y146.628 E.00385
;WIDTH:0.41646
G1 X136.76 Y146.73 E.00356
;WIDTH:0.38292
G1 X136.741 Y146.801 E.00208
G1 X136.812 Y146.782 E.00208
G1 X136.801 Y146.741 E.0012
;WIDTH:0.449999
G1 X136.656 Y145.951 E.02719
G1 X119.344 Y128.64 E.82869
G1 X119.344 Y128.065 E.01946
G1 X136.656 Y145.376 E.82869
G1 X136.656 Y144.8 E.0195
G1 X119.344 Y127.489 E.82869
G1 X119.344 Y126.913 E.0195
G1 X136.656 Y144.224 E.82869
G1 X136.859 Y143.775 E.01668
;WIDTH:0.38292
G1 X136.87 Y143.816 E.0012
G1 X136.799 Y143.835 E.00208
G1 X136.818 Y143.764 E.00208
;WIDTH:0.41646
G1 X136.737 Y143.706 E.00309
;WIDTH:0.449999
G1 X136.656 Y143.649 E.00335
G1 X119.344 Y126.338 E.82869
G1 X119.344 Y125.762 E.0195
G1 X124.954 Y131.372 E.26855
G1 X125.063 Y131.516 E.00611
;WIDTH:0.41646
G1 X125.172 Y131.66 E.00561
;WIDTH:0.38292
G1 X125.792 Y132.362 E.02648
G1 X126.334 Y132.828 E.02021
;WIDTH:0.449999
G1 X126.621 Y133.039 E.01206
G1 X136.656 Y143.073 E.48035
G1 X136.71 Y143.196 E.00455
;WIDTH:0.41646
G1 X136.764 Y143.32 E.0042
;WIDTH:0.38292
G1 X136.745 Y143.391 E.00208
G1 X136.816 Y143.372 E.00208
G1 X136.805 Y143.331 E.0012
G1 X136.805 Y143.331 F15000
G1 X136.656 Y142.497
;WIDTH:0.449999
G1 F3300
G1 X127.45 Y133.292 E.44066
G1 X127.321 Y133.198 E.0054
;WIDTH:0.41646
G1 X127.192 Y133.104 E.00496
;WIDTH:0.38292
G1 X127.203 Y133.145 E.0012
G1 X127.132 Y133.164 E.00208
G1 X127.151 Y133.093 E.00208
G1 X127.151 Y133.093 F15000
G1 X128.072 Y133.338
;WIDTH:0.449999
G1 F3300
G1 X136.656 Y141.922 E.41091
G1 X136.656 Y141.346 E.0195
G1 X128.597 Y133.287 E.38578
G1 X129.047 Y133.161 E.01582
G1 X136.656 Y140.77 E.36424
G1 X136.656 Y140.194 E.0195
G1 X129.458 Y132.997 E.34454
G1 X129.83 Y132.793 E.01436
G1 X136.656 Y139.619 E.32676
G1 X136.656 Y139.043 E.0195
G1 X130.157 Y132.544 E.3111
G1 X130.454 Y132.266 E.01377
G1 X136.656 Y138.467 E.29686
G1 X136.656 Y137.892 E.01946
G1 X130.713 Y131.949 E.28449
G1 X130.931 Y131.591 E.01419
G1 X136.656 Y137.316 E.27405
G1 X136.656 Y136.74 E.0195
G1 X131.116 Y131.201 E.26517
G1 X131.248 Y130.757 E.01568
G1 X136.656 Y136.165 E.25888
G1 X136.656 Y135.589 E.0195
G1 X131.321 Y130.254 E.25538
G1 X131.317 Y129.674 E.01963
G1 X136.656 Y135.013 E.25557
G1 E-2 F2400
G1 X136.656 Y135.013 F15000
G1 X130.842 Y128.478
G1 E2 F2400
;WIDTH:0.38292
G1 F3300
G1 X130.972 Y128.66 E.00632
G1 X130.963 Y128.816 E.00442
G1 X130.972 Y128.66 E.00442
G1 X130.724 Y128.313 E.01206
;WIDTH:0.449999
G1 X131.166 Y128.948 E.02619
G1 X136.656 Y134.437 E.26278
G1 X136.737 Y134.495 E.00337
;WIDTH:0.41646
G1 X136.818 Y134.553 E.00309
;WIDTH:0.38292
G1 X136.799 Y134.624 E.00208
G1 X136.87 Y134.605 E.00208
G1 X136.859 Y134.564 E.0012
G1 E-2 F2400
G1 X136.859 Y134.564 F15000
G1 X124.898 Y130.806
G1 E2 F2400
G1 F3300
G1 X124.909 Y130.847 E.0012
G1 X124.838 Y130.866 E.00208
G1 X124.857 Y130.795 E.00208
;WIDTH:0.41646
G1 X124.782 Y130.672 E.00447
;WIDTH:0.449999
G1 X124.707 Y130.548 E.00491
G1 X119.344 Y125.186 E.2567
G1 X119.344 Y124.61 E.0195
G1 X124.661 Y129.927 E.25452
G1 X124.714 Y129.405 E.01776
G1 X119.344 Y124.035 E.25706
G1 X119.344 Y123.459 E.0195
G1 X124.834 Y128.949 E.2628
G1 X125 Y128.539 E.01497
G1 X119.344 Y122.883 E.27075
G1 X119.344 Y122.308 E.01946
G1 X125.207 Y128.17 E.28063
G1 X125.456 Y127.843 E.01391
G1 X119.344 Y121.732 E.29255
G1 X119.344 Y121.156 E.0195
G1 X125.734 Y127.546 E.30589
G1 X126.051 Y127.287 E.01386
G1 X119.344 Y120.581 E.32104
G1 X119.344 Y120.005 E.0195
G1 X126.409 Y127.069 E.33817
G1 X126.797 Y126.882 E.01458
G1 X119.344 Y119.429 E.35677
G1 X119.344 Y118.853 E.0195
G1 X127.241 Y126.75 E.37802
G1 X127.742 Y126.675 E.01715
G1 X119.344 Y118.278 E.40198
G1 X119.344 Y117.702 E.0195
G1 X128.328 Y126.686 E.43006
G1 X128.328 Y126.686 F15000
G1 X129.343 Y127.032
;WIDTH:0.38292
G1 F3300
G1 X129.137 Y127.02 E.00583
;WIDTH:0.41646
G1 X129.096 Y126.929 E.0031
;WIDTH:0.449999
G1 X129.055 Y126.837 E.00341
G1 X119.344 Y117.126 E.46486
G1 X119.344 Y116.551 E.01946
G1 X136.656 Y133.862 E.82869
G1 X136.71 Y133.985 E.00455
;WIDTH:0.41646
G1 X136.764 Y134.109 E.0042
;WIDTH:0.38292
G1 X136.745 Y134.18 E.00208
G1 X136.816 Y134.161 E.00208
G1 X136.805 Y134.12 E.0012
G1 X136.805 Y134.12 F15000
G1 X136.656 Y133.286
;WIDTH:0.449999
G1 F3300
G1 X119.344 Y115.975 E.82869
G1 X119.344 Y115.399 E.0195
G1 X136.656 Y132.71 E.82869
G1 X136.656 Y132.135 E.01946
G1 X119.344 Y114.824 E.82869
G1 X119.344 Y114.248 E.0195
G1 X136.656 Y131.559 E.82869
G1 X136.656 Y130.983 E.0195
G1 X119.344 Y113.672 E.82869
G1 X119.344 Y113.097 E.01946
G1 X136.656 Y130.408 E.82869
G1 X136.656 Y129.832 E.0195
G1 X119.344 Y112.521 E.82869
G1 X119.344 Y111.945 E.0195
G1 X136.656 Y129.256 E.82869
G1 X136.656 Y128.68 E.0195
G1 X119.344 Y111.369 E.82869
G1 X119.344 Y110.794 E.01946
G1 X136.656 Y128.105 E.82869
G1 X136.656 Y127.529 E.0195
G1 X119.344 Y110.218 E.82869
G1 X119.344 Y109.642 E.0195
G1 X136.656 Y126.953 E.82869
G1 X136.818 Y126.493 E.01651
;WIDTH:0.38292
G1 X136.799 Y126.564 E.00208
G1 X136.87 Y126.545 E.00208
G1 X136.859 Y126.504 E.0012
;WIDTH:0.41646
G1 X136.757 Y126.441 E.00372
;WIDTH:0.449999
G1 X136.656 Y126.378 E.00403
G1 X119.622 Y109.344 E.81541
G1 X119.456 Y109.287 E.00594
;WIDTH:0.41646
G1 X119.29 Y109.23 E.00545
;WIDTH:0.38292
G1 X119.301 Y109.271 E.0012
G1 X119.23 Y109.29 E.00208
G1 X119.249 Y109.219 E.00208
G1 X120.198 Y109.344 F15000
;WIDTH:0.449999
G1 F3300
G1 X124.808 Y113.955 E.2207
G1 X124.901 Y114.001 E.00351
;WIDTH:0.41646
G1 X124.994 Y114.047 E.00322
;WIDTH:0.38292
G1 X124.99 Y114.243 E.00554
G1 X124.99 Y114.243 F15000
G1 X124.679 Y113.249
;WIDTH:0.449999
G1 F3300
G1 X120.774 Y109.344 E.18693
G1 X121.349 Y109.344 E.01946
G1 X124.684 Y112.679 E.15964
G1 X124.77 Y112.19 E.01681
G1 X121.925 Y109.344 E.13621
G1 X121.862 Y109.243 E.00403
;WIDTH:0.41646
G1 X121.799 Y109.141 E.00372
;WIDTH:0.38292
G1 X121.81 Y109.182 E.0012
G1 X121.739 Y109.201 E.00208
G1 X121.758 Y109.13 E.00208
;WIDTH:0.449999
G1 X122.501 Y109.344 E.02617
G1 X124.908 Y111.752 E.11525
G1 X125.147 Y111.264 E.01839
G1 X125.472 Y110.831 E.01833
G1 X126.028 Y110.304 E.02593
G1 X126.592 Y109.972 E.02215
G1 X127.212 Y109.755 E.02223
;WIDTH:0.449136
G1 X127.766 Y109.689 E.01884
;WIDTH:0.419128
G1 X128.044 Y109.684 E.0087
G1 X127.803 Y109.431 E.01093
G1 X127.819 Y109.329 E.00323
;WIDTH:0.447857
G1 X127.222 Y109.343 E.02011
;WIDTH:0.449999
G1 X122.704 Y109.344 E.15293
G1 X122.704 Y109.344 F15000
G1 X123.484 Y109.752
G1 F3300
G1 X124.795 Y111.063 E.06276
G1 X125.298 Y110.407 E.02798
G1 X125.758 Y109.999 E.02081
G1 X126.161 Y109.752 E.016
G1 X123.687 Y109.752 E.08374
G1 X124.355 Y110.113 E.0257
;WIDTH:0.357864
G1 X124.751 Y110.509 E.01467
G1 X125.085 Y110.113 E.01357
G1 X124.559 Y110.113 E.01377
G1 E-2 F2400
G1 X124.559 Y110.113 F15000
G1 X128.258 Y109.344
G1 E2 F2400
;WIDTH:0.449999
G1 F3300
G1 X128.636 Y109.723 E.01812
G1 X128.775 Y109.785 E.00515
;WIDTH:0.41646
G1 X128.913 Y109.847 E.0047
;WIDTH:0.38292
G1 X128.894 Y109.918 E.00208
G1 X128.965 Y109.899 E.00208
G1 X128.954 Y109.858 E.0012
G1 E-2 F2400
G1 X128.954 Y109.858 F15000
G1 X126.758 Y116.014
G1 E2 F2400
G1 F3300
G1 X126.962 Y116.008 E.00577
;WIDTH:0.41646
G1 X127.004 Y116.101 E.00317
;WIDTH:0.449999
G1 X127.046 Y116.193 E.00342
G1 X136.656 Y125.802 E.46
G1 X136.71 Y125.925 E.00455
;WIDTH:0.41646
G1 X136.764 Y126.049 E.0042
;WIDTH:0.38292
G1 X136.745 Y126.12 E.00208
G1 X136.816 Y126.101 E.00208
G1 X136.805 Y126.06 E.0012
G1 X136.805 Y126.06 F15000
G1 X136.656 Y125.226
;WIDTH:0.449999
G1 F3300
G1 X127.75 Y116.321 E.4263
G1 X128.318 Y116.313 E.01923
G1 X136.656 Y124.651 E.39913
G1 X136.656 Y124.075 E.0195
G1 X128.814 Y116.234 E.37537
G1 X129.251 Y116.095 E.01552
G1 X136.656 Y123.499 E.35445
G1 X136.656 Y122.924 E.01946
G1 X129.635 Y115.903 E.33609
G1 X129.989 Y115.682 E.01413
G1 X136.656 Y122.348 E.31912
G1 X136.656 Y121.772 E.0195
G1 X130.303 Y115.419 E.30411
G1 X130.576 Y115.117 E.01378
G1 X136.656 Y121.196 E.29102
G1 X136.656 Y120.621 E.01946
G1 X130.822 Y114.787 E.27927
G1 X131.025 Y114.415 E.01434
G1 X136.656 Y120.045 E.26953
G1 X136.656 Y119.469 E.0195
G1 X131.18 Y113.994 E.26211
G1 X131.295 Y113.533 E.01608
G1 X136.656 Y118.894 E.25663
G1 X136.656 Y118.318 E.0195
G1 X131.344 Y113.007 E.25426
G1 X131.344 Y113.007 F15000
G1 X131.083 Y112.227
;WIDTH:0.38292
G1 F3300
G1 X131.11 Y112.08 E.00423
;WIDTH:0.41646
G1 X131.194 Y112.223 E.00515
;WIDTH:0.449999
G1 X131.278 Y112.365 E.00558
G1 X136.656 Y117.742 E.25742
G1 X136.656 Y117.167 E.01946
G1 X130.969 Y111.48 E.27223
G1 X130.747 Y111.192 E.01231
;WIDTH:0.38292
G1 X130.227 Y110.622 E.02181
G1 X129.808 Y110.254 E.01577
;WIDTH:0.41646
G1 X129.664 Y110.143 E.00565
;WIDTH:0.449999
G1 X129.52 Y110.031 E.00617
G1 X128.833 Y109.344 E.03289
G1 X129.409 Y109.344 E.0195
G1 X136.656 Y116.591 E.34691
G1 X136.656 Y116.015 E.0195
G1 X129.985 Y109.344 E.31934
G1 X130.561 Y109.344 E.0195
G1 X136.656 Y115.439 E.29176
G1 X136.656 Y114.864 E.01946
G1 X131.136 Y109.344 E.26424
G1 X131.712 Y109.344 E.0195
G1 X136.656 Y114.288 E.23667
G1 X136.656 Y113.712 E.0195
G1 X132.288 Y109.344 E.20909
G1 X132.863 Y109.344 E.01946
G1 X136.656 Y113.137 E.18157
G1 X136.656 Y112.561 E.0195
G1 X133.439 Y109.344 E.154
G1 X134.015 Y109.344 E.0195
G1 X136.656 Y111.985 E.12642
G1 X136.656 Y111.41 E.01946
G1 X134.59 Y109.344 E.0989
G1 X135.166 Y109.344 E.0195
G1 X136.656 Y110.834 E.07133
G1 X136.656 Y110.258 E.0195
G1 X135.742 Y109.344 E.04375
G1 X136.15 Y109.13 E.01559
;WIDTH:0.38292
G1 X136.131 Y109.201 E.00208
G1 X136.202 Y109.182 E.00208
G1 X136.191 Y109.141 E.0012
;WIDTH:0.41646
G1 X136.254 Y109.243 E.00372
;WIDTH:0.449999
G1 X136.318 Y109.344 E.00405
G1 X136.656 Y109.683 E.0162
G1 X136.757 Y109.746 E.00403
;WIDTH:0.41646
G1 X136.859 Y109.809 E.00372
;WIDTH:0.38292
G1 X136.87 Y109.85 E.0012
G1 X136.799 Y109.869 E.00208
G1 X136.818 Y109.798 E.00208
;LAYER_CHANGE
;Z:0.85
;HEIGHT:0.2
G1 Z.85 F15000
G1 E-2 F2400
G1 Z.85 F15000
G1 X136.961 Y146.961
G1 Z.85
G1 E2 F2400
M204 S2500
;TYPE:Perimeter
;WIDTH:0.449999
G1 F4800
G1 X119.039 Y146.961 E.60664
G1 X119.039 Y109.039 E1.28361
G1 X136.961 Y109.039 E.60664
G1 X136.961 Y112.039 E.10155
G1 X136.961 Y146.901 E1.18004
M204 S4000
G1 X136.961 Y146.901 F15000
G1 X137.368 Y147.368
M204 S2500
G1 F4800
G1 X118.632 Y147.368 E.63419
G1 X118.632 Y108.632 E1.31117
G1 X137.368 Y108.632 E.63419
G1 X137.368 Y112.039 E.11532
G1 X137.368 Y147.308 E1.19381
M204 S4000
G1 X137.775 Y147.775 F15000
M204 S2500
;TYPE:External perimeter
G1 F2700
G1 X118.225 Y147.775 E.66174
G1 X118.225 Y108.225 E1.33872
G1 X137.775 Y108.225 E.66174
G1 X137.775 Y112.039 E.1291
G1 X137.775 Y147.715 E1.20759
M204 S4000
G1 X137.379 Y147.774 F15000
G1 E-2 F2400
G1 X126.904 Y110.181 F15000
G1 E2 F2400
M204 S2500
;TYPE:Perimeter
G1 F900
G1 X127.31 Y110.043 E.01451
G1 X127.861 Y109.967 E.01883
G1 X128.484 Y110.003 E.02112
G1 X129.069 Y110.158 E.02048
G1 X129.603 Y110.422 E.02016
G1 X130.075 Y110.784 E.02013
G1 X130.468 Y111.231 E.02015
G1 X130.765 Y111.747 E.02015
G1 X130.957 Y112.31 E.02013
G1 X131.034 Y112.9 E.02014
G1 X130.996 Y113.494 E.02015
G1 X130.842 Y114.069 E.02015
G1 X130.578 Y114.603 E.02016
G1 X130.216 Y115.075 E.02013
G1 X129.769 Y115.468 E.02015
G1 X129.253 Y115.765 E.02015
G1 X128.69 Y115.957 E.02013
G1 X128.1 Y116.034 E.02014
G1 X127.506 Y115.996 E.02015
G1 X126.931 Y115.842 E.02015
G1 X126.397 Y115.578 E.02016
G1 X125.925 Y115.216 E.02013
G1 X125.532 Y114.769 E.02015
G1 X125.235 Y114.253 E.02015
G1 X125.043 Y113.69 E.02013
G1 X124.966 Y113.1 E.02014
G1 X125.004 Y112.506 E.02015
G1 X125.158 Y111.931 E.02015
G1 X125.422 Y111.397 E.02016
G1 X125.784 Y110.925 E.02013
G1 X126.231 Y110.532 E.02015
G1 X126.747 Y110.235 E.02015
G1 X126.847 Y110.201 E.00358
M204 S4000
G1 X126.847 Y110.201 F15000
G1 X127.04 Y110.561
M204 S2500
G1 F900
G1 X127.428 Y110.433 E.01383
G1 X127.967 Y110.369 E.01837
G1 X128.572 Y110.433 E.02059
G1 X129.061 Y110.594 E.01743
G1 X129.51 Y110.847 E.01744
G1 X129.901 Y111.183 E.01745
G1 X130.219 Y111.589 E.01746
G1 X130.452 Y112.049 E.01745
G1 X130.59 Y112.546 E.01746
G1 X130.629 Y113.06 E.01745
G1 X130.567 Y113.572 E.01746
G1 X130.406 Y114.061 E.01743
G1 X130.153 Y114.51 E.01744
G1 X129.817 Y114.901 E.01745
G1 X129.411 Y115.219 E.01746
G1 X128.951 Y115.452 E.01745
G1 X128.454 Y115.59 E.01746
G1 X127.945 Y115.63 E.01728
G1 X127.428 Y115.567 E.01763
G1 X126.939 Y115.406 E.01743
G1 X126.49 Y115.153 E.01744
G1 X126.099 Y114.817 E.01745
G1 X125.781 Y114.411 E.01746
G1 X125.548 Y113.951 E.01745
G1 X125.41 Y113.454 E.01746
G1 X125.371 Y113.06 E.0134
G1 X125.41 Y112.546 E.01745
G1 X125.548 Y112.049 E.01746
G1 X125.781 Y111.589 E.01745
G1 X126.099 Y111.183 E.01746
G1 X126.49 Y110.847 E.01745
G1 X126.939 Y110.594 E.01744
G1 X126.983 Y110.579 E.00157
M204 S4000
G1 X126.983 Y110.579 F15000
G1 X127.153 Y110.945
M204 S2500
;TYPE:External perimeter
G1 F900
G1 X127.167 Y110.938 E.00053
G1 X127.584 Y110.815 E.01472
G1 X127.985 Y110.777 E.01363
G1 X128.453 Y110.822 E.01591
G1 X128.87 Y110.953 E.0148
G1 X129.252 Y111.162 E.01474
G1 X129.587 Y111.441 E.01476
G1 X129.86 Y111.781 E.01476
G1 X130.062 Y112.167 E.01475
G1 X130.185 Y112.586 E.01478
G1 X130.224 Y113.02 E.01475
G1 X130.177 Y113.453 E.01474
G1 X130.047 Y113.87 E.01478
G1 X129.838 Y114.252 E.01474
G1 X129.559 Y114.587 E.01476
G1 X129.219 Y114.86 E.01476
G1 X128.833 Y115.062 E.01475
G1 X128.349 Y115.192 E.01696
G1 X127.909 Y115.217 E.01492
G1 X127.546 Y115.177 E.01236
G1 X127.13 Y115.047 E.01475
G1 X126.748 Y114.838 E.01474
G1 X126.413 Y114.559 E.01476
G1 X126.14 Y114.219 E.01476
G1 X125.938 Y113.833 E.01475
G1 X125.815 Y113.414 E.01478
G1 X125.776 Y113.02 E.0134
G1 X125.823 Y112.547 E.01609
G1 X125.953 Y112.13 E.01478
G1 X126.162 Y111.748 E.01474
G1 X126.441 Y111.413 E.01476
G1 X126.781 Y111.14 E.01476
G1 X127.1 Y110.973 E.01219
M204 S4000
G1 X127.48 Y110.847 F15000
G1 E-2 F2400
G1 X125.712 Y128.019 F15000
G1 E2 F2400
M204 S2500
;TYPE:Perimeter
G1 F900
G1 X125.784 Y127.925 E.00401
G1 X126.231 Y127.532 E.02015
G1 X126.747 Y127.235 E.02015
G1 X127.31 Y127.043 E.02013
G1 X127.861 Y126.967 E.01883
G1 X128.484 Y127.004 E.02112
G1 X129.069 Y127.158 E.02048
G1 X129.603 Y127.422 E.02016
G1 X130.075 Y127.784 E.02013
G1 X130.468 Y128.231 E.02015
G1 X130.765 Y128.747 E.02015
G1 X130.957 Y129.31 E.02013
G1 X131.034 Y129.9 E.02014
G1 X130.996 Y130.494 E.02015
G1 X130.842 Y131.069 E.02015
G1 X130.578 Y131.603 E.02016
G1 X130.216 Y132.075 E.02013
G1 X129.769 Y132.468 E.02015
G1 X129.253 Y132.765 E.02015
G1 X128.69 Y132.957 E.02013
G1 X128.1 Y133.034 E.02014
G1 X127.506 Y132.996 E.02015
G1 X126.931 Y132.842 E.02015
G1 X126.397 Y132.578 E.02016
G1 X125.925 Y132.216 E.02013
G1 X125.532 Y131.769 E.02015
G1 X125.235 Y131.253 E.02015
G1 X125.043 Y130.69 E.02013
G1 X124.966 Y130.1 E.02014
G1 X125.004 Y129.506 E.02015
G1 X125.158 Y128.931 E.02015
G1 X125.422 Y128.397 E.02016
G1 X125.675 Y128.066 E.0141
M204 S4000
G1 X125.675 Y128.066 F15000
G1 X126.276 Y128.022
M204 S2500
G1 F900
G1 X126.49 Y127.847 E.00936
G1 X126.939 Y127.594 E.01744
G1 X127.428 Y127.433 E.01743
G1 X127.966 Y127.369 E.01834
G1 X128.515 Y127.419 E.01866
G1 X129.061 Y127.594 E.01941
G1 X129.51 Y127.847 E.01744
G1 X129.901 Y128.183 E.01745
G1 X130.219 Y128.589 E.01746
G1 X130.452 Y129.049 E.01745
G1 X130.59 Y129.546 E.01746
G1 X130.629 Y130.06 E.01745
G1 X130.567 Y130.572 E.01746
G1 X130.406 Y131.061 E.01743
G1 X130.153 Y131.511 E.01747
G1 X129.817 Y131.901 E.01742
G1 X129.411 Y132.219 E.01746
G1 X128.951 Y132.452 E.01745
G1 X128.454 Y132.59 E.01746
G1 X127.94 Y132.629 E.01745
G1 X127.428 Y132.567 E.01746
G1 X126.939 Y132.406 E.01743
G1 X126.49 Y132.153 E.01744
G1 X126.099 Y131.817 E.01745
G1 X125.781 Y131.411 E.01746
G1 X125.548 Y130.951 E.01745
G1 X125.41 Y130.454 E.01746
G1 X125.371 Y129.94 E.01745
G1 X125.433 Y129.428 E.01746
G1 X125.594 Y128.939 E.01743
G1 X125.847 Y128.49 E.01744
G1 X126.183 Y128.099 E.01745
G1 X126.23 Y128.06 E.00207
M204 S4000
G1 X126.23 Y128.06 F15000
G1 X126.75 Y128.16
M204 S2500
;TYPE:External perimeter
G1 F900
G1 X127.167 Y127.938 E.01599
G1 X127.623 Y127.811 E.01602
G1 X128.083 Y127.785 E.0156
G1 X128.453 Y127.823 E.01259
G1 X128.87 Y127.953 E.01478
G1 X129.252 Y128.162 E.01474
G1 X129.587 Y128.441 E.01476
G1 X129.86 Y128.781 E.01476
G1 X130.062 Y129.167 E.01475
G1 X130.185 Y129.586 E.01478
G1 X130.224 Y130.02 E.01475
G1 X130.177 Y130.453 E.01474
G1 X130.047 Y130.87 E.01478
G1 X129.838 Y131.252 E.01474
G1 X129.559 Y131.587 E.01476
G1 X129.219 Y131.86 E.01476
G1 X128.833 Y132.062 E.01475
G1 X128.414 Y132.185 E.01478
G1 X127.98 Y132.224 E.01475
G1 X127.547 Y132.177 E.01474
G1 X127.13 Y132.047 E.01478
G1 X126.748 Y131.838 E.01474
G1 X126.413 Y131.559 E.01476
G1 X126.14 Y131.219 E.01476
G1 X125.938 Y130.833 E.01475
G1 X125.815 Y130.414 E.01478
G1 X125.776 Y129.98 E.01475
G1 X125.823 Y129.547 E.01474
G1 X125.953 Y129.13 E.01478
G1 X126.162 Y128.748 E.01474
G1 X126.441 Y128.413 E.01476
G1 X126.704 Y128.198 E.0115
M204 S4000
G1 X127.052 Y128.001 F15000
G1 E-2 F2400
G1 X119.455 Y109.377 F15000
G1 E2 F2400
;TYPE:Solid infill
;WIDTH:0.548766
G1 F3300
G1 X119.41 Y109.333 E.00265
G1 X119.349 Y109.349 E.00265
G1 X119.333 Y109.41 E.00265
G1 X119.377 Y109.455 E.00265
G1 X119.439 Y109.439 E.00269
;WIDTH:0.449999
G1 X120.089 Y109.344 E.02224
G1 X119.278 Y110.161 E.03897
;WIDTH:0.41646
G1 X119.212 Y110.234 E.00306
;WIDTH:0.38292
G1 X119.141 Y110.215 E.00208
G1 X119.16 Y110.286 E.00208
G1 X119.201 Y110.275 E.0012
;WIDTH:0.449999
G1 X119.344 Y110.664 E.01403
G1 X120.664 Y109.344 E.06319
G1 X121.24 Y109.344 E.0195
G1 X119.344 Y111.24 E.09076
G1 X119.344 Y111.816 E.0195
G1 X121.816 Y109.344 E.11833
G1 X122.392 Y109.344 E.0195
G1 X119.344 Y112.392 E.14591
G1 X119.344 Y112.967 E.01946
G1 X122.967 Y109.344 E.17343
G1 X123.543 Y109.344 E.0195
G1 X119.344 Y113.543 E.201
G1 X119.344 Y114.119 E.0195
G1 X124.119 Y109.344 E.22858
G1 X124.694 Y109.344 E.01946
G1 X119.344 Y114.694 E.2561
G1 X119.344 Y115.27 E.0195
G1 X125.27 Y109.344 E.28367
G1 X125.846 Y109.344 E.0195
G1 X119.344 Y115.846 E.31125
G1 X119.344 Y115.846 F15000
G1 X119.255 Y116.739
;WIDTH:0.38292
G1 F3300
G1 X119.214 Y116.75 E.0012
G1 X119.195 Y116.679 E.00208
G1 X119.266 Y116.698 E.00208
;WIDTH:0.41646
G1 X119.305 Y116.56 E.00445
;WIDTH:0.449999
G1 X119.344 Y116.421 E.00489
G1 X126.421 Y109.344 E.33877
G1 X126.997 Y109.344 E.0195
G1 X125.774 Y110.545 E.05802
;WIDTH:0.41885
G1 X125.539 Y110.774 E.01026
;WIDTH:0.449999
G1 X125.279 Y111.062 E.01313
G1 X119.344 Y116.997 E.2841
G1 X119.344 Y117.573 E.0195
G1 X124.786 Y112.131 E.26051
G1 X124.881 Y112.076 E.00372
;WIDTH:0.41646
G1 X124.976 Y112.021 E.00341
;WIDTH:0.38292
G1 X124.956 Y111.843 E.00506
G1 X124.956 Y111.843 F15000
G1 X124.671 Y112.822
;WIDTH:0.449999
G1 F3300
G1 X119.344 Y118.149 E.255
G1 X119.344 Y118.724 E.01946
G1 X124.691 Y113.378 E.25593
G1 X124.782 Y113.862 E.01667
G1 X119.344 Y119.3 E.26031
G1 X119.344 Y119.876 E.0195
G1 X124.923 Y114.297 E.26706
G1 X125.116 Y114.679 E.01449
G1 X119.344 Y120.451 E.2763
G1 X119.344 Y121.027 E.0195
G1 X125.347 Y115.024 E.28736
G1 X125.613 Y115.334 E.01383
G1 X119.344 Y121.603 E.30009
G1 X119.344 Y122.178 E.01946
G1 X125.918 Y115.605 E.31467
G1 X126.252 Y115.847 E.01396
G1 X119.344 Y122.754 E.33066
G1 X119.344 Y123.33 E.0195
G1 X126.628 Y116.046 E.34868
G1 X127.055 Y116.195 E.01531
G1 X119.344 Y123.905 E.3691
G1 X119.344 Y124.481 E.0195
G1 X127.527 Y116.298 E.39172
G1 X128.063 Y116.338 E.01819
G1 X119.344 Y125.057 E.41737
G1 X119.344 Y125.633 E.0195
G1 X128.714 Y116.263 E.44854
G1 X128.857 Y116.177 E.00565
;WIDTH:0.41646
G1 X128.999 Y116.092 E.00514
;WIDTH:0.38292
G1 X128.821 Y116.072 E.00506
G1 X128.821 Y116.072 F15000
G1 X129.664 Y115.889
;WIDTH:0.449999
G1 F3300
G1 X119.344 Y126.208 E.49399
G1 E-2 F2400
G1 X119.344 Y126.208 F15000
G1 X129.392 Y132.954
G1 E2 F2400
;WIDTH:0.38292
G1 F3300
G1 X129.694 Y132.732 E.0106
G1 X129.44 Y132.918 E.0089
G1 E-2 F2400
G1 X129.44 Y132.918 F15000
G1 X126.884 Y109.985
G1 E2 F2400
G1 F3300
G1 X126.843 Y109.996 E.0012
G1 X126.824 Y109.924 E.00211
G1 X126.895 Y109.944 E.00209
;WIDTH:0.41646
G1 X127.018 Y109.859 E.00464
;WIDTH:0.449999
G1 X127.142 Y109.775 E.00507
G1 X127.573 Y109.344 E.02063
G1 X128.009 Y109.325 E.01477
;WIDTH:0.41095
G1 X128.004 Y109.46 E.00413
G1 X127.762 Y109.704 E.01052
G1 X128.167 Y109.692 E.0124
;WIDTH:0.447811
G1 X128.75 Y109.747 E.01971
;WIDTH:0.449999
G1 X129.372 Y109.955 E.0222
G1 X129.94 Y110.281 E.02217
G1 X130.433 Y110.712 E.02217
G1 X130.832 Y111.23 E.02213
G1 X131.123 Y111.816 E.02215
G1 X131.193 Y112.057 E.00849
G1 X133.905 Y109.344 E.12985
G1 X128.859 Y109.344 E.1708
;WIDTH:0.448273
G1 X128.212 Y109.326 E.02182
G1 X128.212 Y109.326 F15000
G1 X129.839 Y109.752
;WIDTH:0.449999
G1 F3300
G1 X130.242 Y109.999 E.016
G1 X130.702 Y110.407 E.02081
G1 X131.156 Y110.984 E.02485
G1 X131.34 Y111.334 E.01338
G1 X132.923 Y109.752 E.07575
G1 X130.043 Y109.752 E.09748
G1 X130.043 Y109.752 F15000
G1 X131.024 Y110.158
;WIDTH:0.449531
G1 F3300
G1 X131.429 Y110.67 E.02207
G1 X131.941 Y110.158 E.02448
G1 X131.228 Y110.158 E.02411
G1 E-2 F2400
G1 X131.228 Y110.158 F15000
G1 X131.302 Y112.524
G1 E2 F2400
;WIDTH:0.449999
G1 F3300
G1 X134.481 Y109.344 E.1522
G1 X134.574 Y109.273 E.00396
;WIDTH:0.41646
G1 X134.668 Y109.201 E.00368
;WIDTH:0.38292
G1 X134.626 Y109.212 E.00123
G1 X134.607 Y109.141 E.00208
G1 X134.679 Y109.16 E.00211
;WIDTH:0.449999
G1 X135.057 Y109.344 E.01423
G1 X131.339 Y113.062 E.17798
G1 X131.339 Y113.062 F15000
G1 X131.12 Y113.995
;WIDTH:0.38292
G1 F3300
G1 X131.048 Y113.975 E.00211
G1 X131.067 Y114.047 E.00211
G1 X131.109 Y114.036 E.00123
;WIDTH:0.41646
G1 X131.184 Y113.877 E.00546
;WIDTH:0.449999
G1 X131.259 Y113.718 E.00595
G1 X135.633 Y109.344 E.20938
G1 X135.633 Y109.344 F15000
G1 X136.828 Y109.202
;WIDTH:0.38292
G1 F3300
G1 X136.756 Y109.183 E.00211
G1 X136.776 Y109.255 E.00211
G1 X136.466 Y109.195 E.00893
G1 X136.485 Y109.266 E.00208
G1 X136.526 Y109.255 E.0012
;WIDTH:0.41646
G1 X136.367 Y109.3 E.00513
;WIDTH:0.449999
G1 X136.208 Y109.344 E.00558
G1 X130.896 Y114.657 E.25431
G1 X130.78 Y114.801 E.00626
;WIDTH:0.41646
G1 X130.665 Y114.945 E.00572
;WIDTH:0.38292
G1 X129.952 Y115.652 E.02839
G1 E-2 F2400
G1 X129.952 Y115.652 F15000
G1 X136.656 Y109.473
G1 E2 F2400
;WIDTH:0.449999
G1 F3300
G1 X119.344 Y126.784 E.82869
G1 X119.344 Y127.36 E.0195
G1 X136.656 Y110.049 E.82869
G1 X136.656 Y110.624 E.01946
G1 X119.344 Y127.935 E.82869
G1 X119.344 Y128.511 E.0195
G1 X136.656 Y111.2 E.82869
G1 X136.656 Y111.776 E.0195
G1 X119.344 Y129.087 E.82869
G1 X119.344 Y129.662 E.01946
G1 X136.656 Y112.351 E.82869
G1 X136.656 Y112.927 E.0195
G1 X119.344 Y130.238 E.82869
G1 X119.344 Y130.814 E.0195
G1 X136.656 Y113.503 E.82869
G1 X136.656 Y114.078 E.01946
G1 X119.344 Y131.39 E.82871
G1 X119.344 Y131.965 E.01946
G1 X136.656 Y114.654 E.82869
G1 X136.656 Y115.23 E.0195
G1 X119.344 Y132.541 E.82869
G1 X119.344 Y133.117 E.0195
G1 X136.656 Y115.806 E.82869
G1 X136.656 Y116.381 E.01946
G1 X119.344 Y133.692 E.82869
G1 X119.3 Y133.851 E.00558
;WIDTH:0.41646
G1 X119.255 Y134.01 E.00513
;WIDTH:0.38292
G1 X119.214 Y134.021 E.0012
G1 X119.195 Y133.95 E.00208
G1 X119.266 Y133.969 E.00208
G1 E-2 F2400
G1 X119.266 Y133.969 F15000
G1 X125.142 Y128.391
G1 E2 F2400
G1 F3300
G1 X125.645 Y127.8 E.02194
G1 X126.393 Y127.146 E.02809
;WIDTH:0.41646
G1 X126.537 Y127.039 E.00557
;WIDTH:0.449999
G1 X126.681 Y126.931 E.00609
G1 X136.656 Y116.957 E.47747
G1 X136.656 Y117.533 E.0195
G1 X127.484 Y126.704 E.43903
G1 X127.362 Y126.777 E.00481
;WIDTH:0.41646
G1 X127.24 Y126.851 E.00443
;WIDTH:0.38292
G1 X127.169 Y126.832 E.00208
G1 X127.188 Y126.903 E.00208
G1 X127.229 Y126.892 E.0012
G1 X127.229 Y126.892 F15000
G1 X128.101 Y126.663
;WIDTH:0.449999
G1 F3300
G1 X136.656 Y118.108 E.40952
G1 X136.656 Y118.684 E.0195
G1 X128.623 Y126.716 E.38451
G1 X129.073 Y126.842 E.01582
G1 X136.656 Y119.26 E.36297
G1 X136.656 Y119.835 E.01946
G1 X129.474 Y127.017 E.3438
G1 X129.848 Y127.219 E.01439
G1 X136.656 Y120.411 E.32589
G1 X136.656 Y120.987 E.0195
G1 X130.173 Y127.469 E.31031
G1 X130.468 Y127.75 E.01379
G1 X136.656 Y121.563 E.29619
G1 X136.656 Y122.138 E.01946
G1 X130.725 Y128.069 E.28391
G1 X130.941 Y128.428 E.01418
G1 X136.656 Y122.714 E.27355
G1 X136.656 Y123.29 E.0195
G1 X131.125 Y128.82 E.26474
G1 X131.258 Y129.263 E.01566
G1 X136.656 Y123.865 E.2584
G1 X136.656 Y124.441 E.0195
G1 X131.325 Y129.771 E.25517
G1 X131.311 Y130.361 E.01998
G1 X136.656 Y125.017 E.25584
G1 X136.656 Y125.592 E.01946
G1 X131.151 Y131.097 E.26352
G1 X130.962 Y131.385 E.01166
;WIDTH:0.38292
G1 X130.591 Y131.865 E.01715
G1 X130.837 Y131.546 E.01139
G1 E-2 F2400
G1 X130.837 Y131.546 F15000
G1 X124.933 Y128.679
G1 E2 F2400
;WIDTH:0.449999
G1 F3300
G1 X119.278 Y134.341 E.27087
;WIDTH:0.41646
G1 X119.212 Y134.413 E.00303
;WIDTH:0.38292
G1 X119.141 Y134.394 E.00208
G1 X119.16 Y134.465 E.00208
G1 X119.201 Y134.454 E.0012
;WIDTH:0.449999
G1 X119.344 Y134.844 E.01406
G1 X124.7 Y129.489 E.25636
G1 X124.795 Y129.36 E.00542
;WIDTH:0.41646
G1 X124.89 Y129.231 E.00498
;WIDTH:0.38292
G1 X124.849 Y129.242 E.0012
G1 X124.83 Y129.171 E.00208
G1 X124.901 Y129.19 E.00208
G1 X124.901 Y129.19 F15000
G1 X124.664 Y130.1
;WIDTH:0.449999
G1 F3300
G1 X119.344 Y135.419 E.25464
G1 X119.344 Y135.995 E.0195
G1 X124.714 Y130.625 E.25706
G1 X124.842 Y131.073 E.01577
G1 X119.344 Y136.571 E.26319
G1 X119.344 Y137.147 E.0195
G1 X125.01 Y131.481 E.27123
G1 X125.219 Y131.848 E.0143
G1 X119.344 Y137.722 E.28121
G1 X119.344 Y138.298 E.0195
G1 X125.469 Y132.173 E.2932
G1 X125.75 Y132.468 E.01379
G1 X119.344 Y138.874 E.30665
G1 X119.344 Y139.449 E.01946
G1 X126.069 Y132.725 E.3219
G1 X126.43 Y132.939 E.01421
G1 X119.344 Y140.025 E.3392
G1 X119.344 Y140.601 E.0195
G1 X126.823 Y133.122 E.35802
G1 X127.266 Y133.255 E.01566
G1 X119.344 Y141.176 E.3792
G1 X119.344 Y141.752 E.0195
G1 X127.774 Y133.323 E.40351
G1 X128.362 Y133.31 E.01991
G1 X119.344 Y142.328 E.43169
G1 X119.344 Y142.328 F15000
G1 X119.255 Y143.221
;WIDTH:0.38292
G1 F3300
G1 X119.214 Y143.232 E.0012
G1 X119.195 Y143.161 E.00208
G1 X119.266 Y143.18 E.00208
;WIDTH:0.41646
G1 X119.305 Y143.042 E.00445
;WIDTH:0.449999
G1 X119.344 Y142.903 E.00489
G1 X129.104 Y133.144 E.46718
G1 E-2 F2400
G1 X129.104 Y133.144 F15000
G1 X136.656 Y126.168
G1 E2 F2400
G1 F3300
G1 X119.344 Y143.479 E.82869
G1 X119.344 Y144.055 E.0195
G1 X136.656 Y126.744 E.82869
G1 X136.656 Y127.32 E.0195
G1 X119.344 Y144.631 E.82869
G1 X119.344 Y145.206 E.01946
G1 X136.656 Y127.895 E.82869
G1 X136.656 Y128.471 E.0195
G1 X119.344 Y145.782 E.82869
G1 X119.344 Y145.782 F15000
G1 X119.29 Y146.77
;WIDTH:0.38292
G1 F3300
G1 X119.249 Y146.781 E.0012
G1 X119.23 Y146.71 E.00208
G1 X119.301 Y146.729 E.00208
;WIDTH:0.41646
G1 X119.323 Y146.543 E.00582
;WIDTH:0.449999
G1 X119.344 Y146.358 E.0063
G1 X136.656 Y129.047 E.82869
G1 X136.656 Y129.622 E.01946
G1 X119.622 Y146.656 E.81541
G1 X120.198 Y146.656 E.0195
G1 X136.656 Y130.198 E.78783
G1 X136.656 Y130.774 E.0195
G1 X120.774 Y146.656 E.76026
G1 X121.349 Y146.656 E.01946
G1 X136.656 Y131.349 E.73274
G1 X136.656 Y131.925 E.0195
G1 X121.925 Y146.656 E.70516
G1 X122.501 Y146.656 E.0195
G1 X136.656 Y132.501 E.67759
G1 X136.656 Y133.076 E.01946
G1 X123.076 Y146.656 E.65007
G1 X123.652 Y146.656 E.0195
G1 X136.656 Y133.652 E.62249
G1 X136.656 Y134.228 E.0195
G1 X124.228 Y146.656 E.59492
G1 X124.804 Y146.656 E.0195
G1 X136.656 Y134.804 E.56735
G1 X136.656 Y135.379 E.01946
G1 X125.379 Y146.656 E.53982
G1 X125.955 Y146.656 E.0195
G1 X136.656 Y135.955 E.51225
G1 X136.656 Y136.531 E.0195
G1 X126.531 Y146.656 E.48468
G1 X127.106 Y146.656 E.01946
G1 X136.656 Y137.106 E.45715
G1 X136.656 Y137.682 E.0195
G1 X127.682 Y146.656 E.42958
G1 X128.258 Y146.656 E.0195
G1 X136.656 Y138.258 E.40201
G1 X136.656 Y138.833 E.01946
G1 X128.833 Y146.656 E.37448
G1 X129.409 Y146.656 E.0195
G1 X136.656 Y139.409 E.34691
G1 X136.656 Y139.985 E.0195
G1 X129.985 Y146.656 E.31934
G1 X130.561 Y146.656 E.0195
G1 X136.656 Y140.561 E.29176
G1 X136.656 Y141.136 E.01946
G1 X131.136 Y146.656 E.26424
G1 X131.712 Y146.656 E.0195
G1 X136.656 Y141.712 E.23667
G1 X136.656 Y142.288 E.0195
G1 X132.288 Y146.656 E.20909
G1 X132.863 Y146.656 E.01946
G1 X136.656 Y142.863 E.18157
G1 X136.656 Y143.439 E.0195
G1 X133.439 Y146.656 E.154
G1 X134.015 Y146.656 E.0195
G1 X136.656 Y144.015 E.12642
G1 X136.656 Y144.59 E.01946
G1 X134.59 Y146.656 E.0989
G1 X135.166 Y146.656 E.0195
G1 X136.656 Y145.166 E.07133
G1 X136.656 Y145.742 E.0195
G1 X135.742 Y146.656 E.04375
G1 X136.317 Y146.656 E.01946
G1 X136.656 Y146.317 E.01623
G1 X136.757 Y146.254 E.00403
;WIDTH:0.41646
G1 X136.859 Y146.191 E.00372
;WIDTH:0.38292
G1 X136.818 Y146.202 E.0012
G1 X136.799 Y146.131 E.00208
G1 X136.87 Y146.15 E.00208
;LAYER_CHANGE
;Z:1.05
;HEIGHT:0.2
G1 Z1.05 F15000
G1 X136.961 Y146.961
G1 Z1.05
M204 S2500
;TYPE:Perimeter
;WIDTH:0.449999
G1 F4800
G1 X119.039 Y146.961 E.60664
G1 X119.039 Y109.039 E1.28361
G1 X136.961 Y109.039 E.60664
G1 X136.961 Y112.039 E.10155
G1 X136.961 Y146.901 E1.18004
M204 S4000
G1 X136.961 Y146.901 F15000
G1 X137.368 Y147.368
M204 S2500
G1 F4800
G1 X118.632 Y147.368 E.63419
G1 X118.632 Y108.632 E1.31117
G1 X137.368 Y108.632 E.63419
G1 X137.368 Y112.039 E.11532
G1 X137.368 Y147.308 E1.19381
M204 S4000
G1 X137.775 Y147.775 F15000
M204 S2500
;TYPE:External perimeter
G1 F2700
G1 X118.225 Y147.775 E.66174
G1 X118.225 Y108.225 E1.33872
G1 X137.775 Y108.225 E.66174
G1 X137.775 Y112.039 E.1291
G1 X137.775 Y147.715 E1.20759
M204 S4000
G1 X137.379 Y147.774 F15000
G1 E-2 F2400
G1 X126.904 Y110.181 F15000
G1 E2 F2400
M204 S2500
;TYPE:Perimeter
G1 F900
G1 X127.31 Y110.043 E.01451
G1 X127.851 Y109.968 E.01849
G1 X128.481 Y110.003 E.02136
G1 X129.069 Y110.158 E.02058
G1 X129.603 Y110.422 E.02016
G1 X130.075 Y110.784 E.02013
G1 X130.468 Y111.231 E.02015
G1 X130.765 Y111.747 E.02015
G1 X130.957 Y112.31 E.02013
G1 X131.034 Y112.9 E.02014
G1 X130.996 Y113.494 E.02015
G1 X130.842 Y114.069 E.02015
G1 X130.578 Y114.603 E.02016
G1 X130.216 Y115.075 E.02013
G1 X129.769 Y115.468 E.02015
G1 X129.253 Y115.765 E.02015
G1 X128.69 Y115.957 E.02013
G1 X128.1 Y116.034 E.02014
G1 X127.506 Y115.996 E.02015
G1 X126.931 Y115.842 E.02015
G1 X126.397 Y115.578 E.02016
G1 X125.925 Y115.216 E.02013
G1 X125.532 Y114.769 E.02015
G1 X125.235 Y114.253 E.02015
G1 X125.043 Y113.69 E.02013
G1 X124.966 Y113.1 E.02014
G1 X125.004 Y112.506 E.02015
G1 X125.158 Y111.931 E.02015
G1 X125.422 Y111.397 E.02016
G1 X125.784 Y110.925 E.02013
G1 X126.231 Y110.532 E.02015
G1 X126.747 Y110.235 E.02015
G1 X126.847 Y110.201 E.00358
M204 S4000
G1 X126.847 Y110.201 F15000
G1 X127.04 Y110.561
M204 S2500
G1 F900
G1 X127.428 Y110.433 E.01383
G1 X127.958 Y110.369 E.01807
G1 X128.572 Y110.433 E.0209
G1 X129.061 Y110.594 E.01743
G1 X129.511 Y110.847 E.01747
G1 X129.901 Y111.183 E.01742
G1 X130.219 Y111.589 E.01746
G1 X130.452 Y112.049 E.01745
G1 X130.59 Y112.546 E.01746
G1 X130.629 Y113.06 E.01745
G1 X130.567 Y113.572 E.01746
G1 X130.406 Y114.061 E.01743
G1 X130.153 Y114.51 E.01744
G1 X129.817 Y114.901 E.01745
G1 X129.411 Y115.219 E.01746
G1 X128.951 Y115.452 E.01745
G1 X128.454 Y115.59 E.01746
G1 X127.945 Y115.63 E.01728
G1 X127.428 Y115.567 E.01763
G1 X126.939 Y115.406 E.01743
G1 X126.49 Y115.153 E.01744
G1 X126.099 Y114.817 E.01745
G1 X125.781 Y114.411 E.01746
G1 X125.548 Y113.951 E.01745
G1 X125.41 Y113.454 E.01746
G1 X125.371 Y113.06 E.0134
G1 X125.41 Y112.546 E.01745
G1 X125.548 Y112.049 E.01746
G1 X125.781 Y111.589 E.01745
G1 X126.099 Y111.183 E.01746
G1 X126.49 Y110.847 E.01745
G1 X126.939 Y110.594 E.01744
G1 X126.983 Y110.579 E.00157
M204 S4000
G1 X126.983 Y110.579 F15000
G1 X127.141 Y110.952
M204 S2500
;TYPE:External perimeter
G1 F900
G1 X127.167 Y110.938 E.001
G1 X127.584 Y110.815 E.01472
G1 X127.976 Y110.777 E.01333
G1 X128.453 Y110.822 E.01622
G1 X128.87 Y110.953 E.0148
G1 X129.252 Y111.162 E.01474
G1 X129.587 Y111.441 E.01476
G1 X129.86 Y111.781 E.01476
G1 X130.062 Y112.167 E.01475
G1 X130.185 Y112.586 E.01478
G1 X130.224 Y113.02 E.01475
G1 X130.177 Y113.453 E.01474
G1 X130.047 Y113.87 E.01478
G1 X129.838 Y114.252 E.01474
G1 X129.559 Y114.587 E.01476
G1 X129.219 Y114.86 E.01476
G1 X128.833 Y115.062 E.01475
G1 X128.333 Y115.193 E.0175
G1 X127.888 Y115.215 E.01508
G1 X127.546 Y115.177 E.01165
G1 X127.13 Y115.047 E.01475
G1 X126.748 Y114.838 E.01474
G1 X126.413 Y114.559 E.01476
G1 X126.14 Y114.219 E.01476
G1 X125.938 Y113.833 E.01475
G1 X125.815 Y113.414 E.01478
G1 X125.776 Y113.02 E.0134
G1 X125.823 Y112.547 E.01609
G1 X125.953 Y112.13 E.01478
G1 X126.162 Y111.748 E.01474
G1 X126.441 Y111.413 E.01476
G1 X126.781 Y111.14 E.01476
G1 X127.087 Y110.979 E.0117
M204 S4000
G1 X127.466 Y110.852 F15000
G1 E-2 F2400
G1 X126.375 Y127.449 F15000
G1 E2 F2400
M204 S2500
;TYPE:Perimeter
G1 F900
G1 X126.747 Y127.235 E.01453
G1 X127.31 Y127.043 E.02013
G1 X127.851 Y126.968 E.01849
G1 X128.481 Y127.003 E.02136
G1 X129.069 Y127.158 E.02058
G1 X129.603 Y127.422 E.02016
G1 X130.075 Y127.784 E.02013
G1 X130.468 Y128.231 E.02015
G1 X130.765 Y128.747 E.02015
G1 X130.957 Y129.31 E.02013
G1 X131.034 Y129.9 E.02014
G1 X130.996 Y130.494 E.02015
G1 X130.842 Y131.069 E.02015
G1 X130.578 Y131.603 E.02016
G1 X130.216 Y132.075 E.02013
G1 X129.769 Y132.468 E.02015
G1 X129.253 Y132.765 E.02015
G1 X128.69 Y132.957 E.02013
G1 X128.1 Y133.034 E.02014
G1 X127.506 Y132.996 E.02015
G1 X126.931 Y132.842 E.02015
G1 X126.397 Y132.578 E.02016
G1 X125.925 Y132.216 E.02013
G1 X125.532 Y131.769 E.02015
G1 X125.235 Y131.253 E.02015
G1 X125.043 Y130.69 E.02013
G1 X124.966 Y130.1 E.02014
G1 X125.004 Y129.506 E.02015
G1 X125.158 Y128.931 E.02015
G1 X125.422 Y128.397 E.02016
G1 X125.784 Y127.925 E.02013
G1 X126.231 Y127.532 E.02015
G1 X126.323 Y127.479 E.00359
M204 S4000
G1 X126.323 Y127.479 F15000
G1 X126.582 Y127.795
M204 S2500
G1 F900
G1 X126.939 Y127.594 E.01387
G1 X127.428 Y127.433 E.01743
G1 X127.956 Y127.369 E.018
G1 X128.515 Y127.419 E.019
G1 X129.061 Y127.594 E.01941
G1 X129.51 Y127.847 E.01744
G1 X129.901 Y128.183 E.01745
G1 X130.219 Y128.589 E.01746
G1 X130.452 Y129.049 E.01745
G1 X130.59 Y129.546 E.01746
G1 X130.629 Y130.06 E.01745
G1 X130.567 Y130.572 E.01746
G1 X130.406 Y131.061 E.01743
G1 X130.153 Y131.511 E.01747
G1 X129.817 Y131.901 E.01742
G1 X129.411 Y132.219 E.01746
G1 X128.951 Y132.452 E.01745
G1 X128.454 Y132.59 E.01746
G1 X127.94 Y132.629 E.01745
G1 X127.428 Y132.567 E.01746
G1 X127.049 Y132.452 E.01341
G1 X126.589 Y132.219 E.01745
G1 X126.183 Y131.901 E.01746
G1 X125.847 Y131.51 E.01745
G1 X125.594 Y131.061 E.01744
G1 X125.433 Y130.572 E.01743
G1 X125.371 Y130.06 E.01746
G1 X125.41 Y129.546 E.01745
G1 X125.548 Y129.049 E.01746
G1 X125.781 Y128.589 E.01745
G1 X126.099 Y128.183 E.01746
G1 X126.489 Y127.847 E.01742
G1 X126.53 Y127.824 E.00159
M204 S4000
G1 X126.53 Y127.824 F15000
G1 X126.743 Y128.17
M204 S2500
;TYPE:External perimeter
G1 F900
G1 X126.781 Y128.14 E.00164
G1 X127.167 Y127.938 E.01475
G1 X127.634 Y127.81 E.01639
G1 X128.098 Y127.788 E.01572
G1 X128.453 Y127.823 E.01207
G1 X128.87 Y127.953 E.01478
G1 X129.252 Y128.162 E.01474
G1 X129.587 Y128.441 E.01476
G1 X129.86 Y128.781 E.01476
G1 X130.062 Y129.167 E.01475
G1 X130.185 Y129.586 E.01478
G1 X130.224 Y130.02 E.01475
G1 X130.177 Y130.453 E.01474
G1 X130.047 Y130.87 E.01478
G1 X129.838 Y131.252 E.01474
G1 X129.559 Y131.587 E.01476
G1 X129.219 Y131.86 E.01476
G1 X128.833 Y132.062 E.01475
G1 X128.414 Y132.185 E.01478
G1 X127.98 Y132.224 E.01475
G1 X127.547 Y132.177 E.01474
G1 X127.167 Y132.062 E.01344
G1 X126.748 Y131.838 E.01608
G1 X126.413 Y131.559 E.01476
G1 X126.14 Y131.219 E.01476
G1 X125.938 Y130.833 E.01475
G1 X125.815 Y130.414 E.01478
G1 X125.776 Y129.98 E.01475
G1 X125.823 Y129.547 E.01474
G1 X125.953 Y129.13 E.01478
G1 X126.162 Y128.748 E.01474
G1 X126.441 Y128.413 E.01476
G1 X126.697 Y128.208 E.0111
M204 S4000
G1 X127.042 Y128.006 F15000
G1 E-2 F2400
G1 X129.649 Y127.103 F15000
G1 E2 F2400
;TYPE:Internal infill
;WIDTH:0.45
G1 F6000
G1 X129.959 Y127.293 E.01231
G1 X130.449 Y127.727 E.02216
G1 X130.845 Y128.249 E.02218
G1 X131.165 Y128.944 E.0259
G1 X131.494 Y128.757 E.01281
G1 X132.368 Y128.508 E.03076
G1 X132.805 Y128.534 E.01482
G1 X133.241 Y128.846 E.01815
G1 X134.115 Y130.105 E.05188
G1 X134.552 Y130.489 E.01969
G1 X134.988 Y130.737 E.01698
G1 X135.862 Y130.986 E.03076
G1 X136.299 Y130.961 E.01482
G1 X136.656 Y130.705 E.01487
G1 X136.656 Y132.456 E.05927
G1 X135.862 Y133.599 E.04711
G1 X135.425 Y133.984 E.01971
G1 X134.988 Y134.231 E.01699
G1 X134.115 Y134.48 E.03073
G1 X133.678 Y134.455 E.01482
G1 X133.241 Y134.142 E.01819
G1 X132.368 Y132.883 E.05186
G1 X131.931 Y132.499 E.01969
G1 X131.494 Y132.251 E.01701
G1 X130.661 Y132.014 E.02932
G1 X129.959 Y132.707 E.03339
G1 X129.212 Y133.111 E.02875
G1 X128.874 Y133.599 E.02009
G1 X128.437 Y133.984 E.01971
G1 X128 Y134.231 E.01699
G1 X127.126 Y134.48 E.03076
G1 X126.69 Y134.455 E.01478
G1 X126.253 Y134.142 E.01819
G1 X125.379 Y132.883 E.05188
G1 X124.943 Y132.499 E.01967
G1 X124.506 Y132.251 E.01701
G1 X123.632 Y132.003 E.03075
G1 X123.195 Y132.028 E.01482
G1 X122.759 Y132.341 E.01817
G1 X121.885 Y133.599 E.05185
G1 X121.448 Y133.984 E.01971
G1 X121.012 Y134.231 E.01696
G1 X120.138 Y134.48 E.03076
G1 X119.701 Y134.455 E.01482
G1 X119.344 Y134.199 E.01487
G1 X119.344 Y135.95 E.05927
G1 X120.138 Y137.093 E.04711
G1 X120.575 Y137.478 E.01971
G1 X121.012 Y137.725 E.01699
G1 X121.885 Y137.974 E.03073
G1 X122.322 Y137.949 E.01482
G1 X122.759 Y137.636 E.01819
G1 X123.632 Y136.378 E.05183
G1 X124.069 Y135.993 E.01971
G1 X124.506 Y135.746 E.01699
G1 X125.379 Y135.497 E.03073
G1 X125.816 Y135.522 E.01482
G1 X126.253 Y135.835 E.01819
G1 X127.126 Y137.093 E.05183
G1 X127.563 Y137.478 E.01971
G1 X128 Y137.725 E.01699
G1 X128.874 Y137.974 E.03076
G1 X129.31 Y137.949 E.01478
G1 X129.747 Y137.636 E.01819
G1 X130.621 Y136.378 E.05185
G1 X131.057 Y135.993 E.01969
G1 X131.494 Y135.746 E.01699
G1 X132.368 Y135.497 E.03076
G1 X132.805 Y135.522 E.01482
G1 X133.241 Y135.835 E.01817
G1 X134.115 Y137.093 E.05185
G1 X134.552 Y137.478 E.01971
G1 X134.988 Y137.725 E.01696
G1 X135.862 Y137.974 E.03076
G1 X136.299 Y137.949 E.01482
G1 X136.656 Y137.693 E.01487
G1 X136.656 Y139.444 E.05927
G1 X135.862 Y140.588 E.04714
G1 X135.425 Y140.972 E.01969
G1 X134.988 Y141.22 E.01701
G1 X134.115 Y141.468 E.03072
G1 X133.678 Y141.443 E.01482
G1 X133.241 Y141.13 E.01819
G1 X132.368 Y139.872 E.05183
G1 X131.931 Y139.488 E.01969
G1 X131.494 Y139.24 E.01701
G1 X130.621 Y138.991 E.03073
G1 X130.184 Y139.016 E.01482
G1 X129.747 Y139.329 E.01819
G1 X128.874 Y140.588 E.05186
G1 X128.437 Y140.972 E.01969
G1 X128 Y141.22 E.01701
G1 X127.126 Y141.468 E.03075
G1 X126.69 Y141.443 E.01478
G1 X126.253 Y141.13 E.01819
G1 X125.379 Y139.872 E.05185
G1 X124.943 Y139.488 E.01967
G1 X124.506 Y139.24 E.01701
G1 X123.632 Y138.991 E.03076
G1 X123.195 Y139.016 E.01482
G1 X122.759 Y139.329 E.01817
G1 X121.885 Y140.588 E.05188
G1 X121.448 Y140.972 E.01969
G1 X121.012 Y141.22 E.01698
G1 X120.138 Y141.468 E.03075
G1 X119.701 Y141.443 E.01482
G1 X119.344 Y141.188 E.01485
G1 X119.344 Y142.938 E.05924
G1 X120.138 Y144.082 E.04714
G1 X120.575 Y144.466 E.01969
G1 X121.012 Y144.714 E.01701
G1 X121.885 Y144.963 E.03073
G1 X122.322 Y144.937 E.01482
G1 X122.759 Y144.625 E.01818
G1 X123.632 Y143.366 E.05186
G1 X124.069 Y142.982 E.01969
G1 X124.506 Y142.734 E.01701
G1 X125.379 Y142.485 E.03073
G1 X125.816 Y142.51 E.01482
G1 X126.253 Y142.823 E.01819
G1 X127.126 Y144.082 E.05186
G1 X127.563 Y144.466 E.01969
G1 X128 Y144.714 E.01701
G1 X128.874 Y144.963 E.03076
G1 X129.31 Y144.937 E.01478
G1 X129.747 Y144.625 E.01818
G1 X130.621 Y143.366 E.05188
G1 X131.057 Y142.982 E.01967
G1 X131.494 Y142.734 E.01701
G1 X132.368 Y142.485 E.03076
G1 X132.805 Y142.51 E.01482
G1 X133.241 Y142.823 E.01817
G1 X134.115 Y144.082 E.05188
G1 X134.552 Y144.466 E.01969
G1 X134.988 Y144.714 E.01698
G1 X135.862 Y144.963 E.03076
G1 X136.299 Y144.937 E.01482
G1 X136.656 Y144.682 E.01485
G1 X136.656 Y146.387 E.05771
G1 X136.346 Y146.656 E.01389
G1 X132.135 Y146.656 E.14254
G1 X131.494 Y146.228 E.02609
G1 X130.621 Y145.979 E.03073
G1 X130.184 Y146.005 E.01482
G1 X129.357 Y146.656 E.03563
G1 X125.147 Y146.656 E.1425
G1 X124.506 Y146.228 E.02609
G1 X123.632 Y145.979 E.03076
G1 X123.195 Y146.005 E.01482
G1 X122.369 Y146.656 E.0356
G1 X119.927 Y146.656 E.08266
G1 E-2 F2400
G1 X119.927 Y146.656 F15000
G1 X124.825 Y131.012
G1 E2 F2400
G1 F6000
G1 X124.714 Y130.624 E.01366
G1 X124.655 Y130 E.02122
G1 X124.75 Y129.226 E.0264
G1 X124.954 Y128.63 E.02132
G1 X124.506 Y128.757 E.01576
G1 X124.069 Y129.005 E.01701
G1 X123.632 Y129.389 E.01969
G1 X122.759 Y130.648 E.05186
G1 X122.322 Y130.961 E.01819
G1 X121.885 Y130.986 E.01482
G1 X121.012 Y130.737 E.03073
G1 X120.575 Y130.489 E.01701
G1 X120.138 Y130.105 E.01969
G1 X119.344 Y128.962 E.04711
G1 X119.344 Y127.211 E.05927
G1 X119.701 Y127.466 E.01485
G1 X120.138 Y127.492 E.01482
G1 X121.012 Y127.243 E.03076
G1 X121.448 Y126.995 E.01698
G1 X121.885 Y126.611 E.01969
G1 X122.759 Y125.352 E.05188
G1 X123.195 Y125.039 E.01817
G1 X123.632 Y125.014 E.01482
G1 X124.506 Y125.263 E.03076
G1 X124.943 Y125.511 E.01701
G1 X125.379 Y125.895 E.01967
G1 X126.252 Y127.153 E.05183
G1 X126.805 Y126.878 E.02091
G1 X127.34 Y126.721 E.01887
G1 X128.068 Y126.661 E.02473
G1 X128.726 Y126.741 E.02244
G1 X128.874 Y126.611 E.00667
G1 X129.747 Y125.352 E.05186
G1 X130.184 Y125.039 E.01819
G1 X130.621 Y125.014 E.01482
G1 X131.494 Y125.263 E.03073
G1 X131.931 Y125.511 E.01701
G1 X132.368 Y125.895 E.01969
G1 X133.241 Y127.154 E.05186
G1 X133.678 Y127.466 E.01818
G1 X134.115 Y127.492 E.01482
G1 X134.988 Y127.243 E.03073
G1 X135.425 Y126.995 E.01701
G1 X135.862 Y126.611 E.01969
G1 X136.656 Y125.467 E.04714
G1 X136.656 Y123.717 E.05924
G1 X136.299 Y123.972 E.01485
G1 X135.862 Y123.997 E.01482
G1 X134.988 Y123.749 E.03075
G1 X134.552 Y123.501 E.01698
G1 X134.115 Y123.117 E.01969
G1 X133.241 Y121.858 E.05188
G1 X132.805 Y121.545 E.01817
G1 X132.368 Y121.52 E.01482
G1 X131.494 Y121.769 E.03076
G1 X131.057 Y122.016 E.01699
G1 X130.621 Y122.401 E.01969
G1 X129.747 Y123.659 E.05185
G1 X129.31 Y123.972 E.01819
G1 X128.874 Y123.997 E.01478
G1 X128 Y123.749 E.03075
G1 X127.563 Y123.501 E.01701
G1 X127.126 Y123.117 E.01969
G1 X126.253 Y121.858 E.05186
G1 X125.816 Y121.545 E.01819
G1 X125.379 Y121.52 E.01482
G1 X124.506 Y121.769 E.03073
G1 X124.069 Y122.016 E.01699
G1 X123.632 Y122.401 E.01971
G1 X122.759 Y123.659 E.05183
G1 X122.322 Y123.972 E.01819
G1 X121.885 Y123.997 E.01482
G1 X121.012 Y123.749 E.03072
G1 X120.575 Y123.501 E.01701
G1 X120.138 Y123.117 E.01969
G1 X119.344 Y121.973 E.04714
G1 X119.344 Y120.222 E.05927
G1 X119.701 Y120.478 E.01487
G1 X120.138 Y120.503 E.01482
G1 X121.012 Y120.254 E.03076
G1 X121.448 Y120.007 E.01696
G1 X121.885 Y119.622 E.01971
G1 X122.759 Y118.364 E.05185
G1 X123.195 Y118.051 E.01817
G1 X123.632 Y118.026 E.01482
G1 X124.506 Y118.275 E.03076
G1 X124.943 Y118.522 E.01699
G1 X125.379 Y118.907 E.01969
G1 X126.253 Y120.165 E.05185
G1 X126.69 Y120.478 E.01819
G1 X127.126 Y120.503 E.01478
G1 X128 Y120.254 E.03076
G1 X128.437 Y120.007 E.01699
G1 X128.874 Y119.622 E.01971
G1 X129.747 Y118.364 E.05183
G1 X130.184 Y118.051 E.01819
G1 X130.621 Y118.026 E.01482
G1 X131.494 Y118.275 E.03073
G1 X131.931 Y118.522 E.01699
G1 X132.368 Y118.907 E.01971
G1 X133.241 Y120.165 E.05183
G1 X133.678 Y120.478 E.01819
G1 X134.115 Y120.503 E.01482
G1 X134.988 Y120.254 E.03073
G1 X135.425 Y120.007 E.01699
G1 X135.862 Y119.622 E.01971
G1 X136.656 Y118.479 E.04711
G1 X136.656 Y116.728 E.05927
G1 X136.299 Y116.984 E.01487
G1 X135.862 Y117.009 E.01482
G1 X134.988 Y116.76 E.03076
G1 X134.552 Y116.513 E.01696
G1 X134.115 Y116.128 E.01971
G1 X133.241 Y114.87 E.05185
G1 X132.805 Y114.557 E.01817
G1 X132.368 Y114.532 E.01482
G1 X131.494 Y114.78 E.03075
G1 X131.057 Y115.028 E.01701
G1 X130.621 Y115.412 E.01967
G1 X129.747 Y116.671 E.05188
G1 X129.31 Y116.984 E.01819
G1 X128.874 Y117.009 E.01478
G1 X128 Y116.76 E.03076
G1 X127.563 Y116.513 E.01699
G1 X127.277 Y116.261 E.0129
G1 X126.805 Y116.122 E.01666
G1 X126.249 Y115.845 E.02103
G1 X125.551 Y115.273 E.03055
G1 X125.083 Y114.616 E.0273
G1 X124.506 Y114.78 E.0203
G1 X124.069 Y115.028 E.01701
G1 X123.632 Y115.412 E.01969
G1 X122.759 Y116.671 E.05186
G1 X122.322 Y116.984 E.01819
G1 X121.885 Y117.009 E.01482
G1 X121.012 Y116.76 E.03073
G1 X120.575 Y116.513 E.01699
G1 X120.138 Y116.128 E.01971
G1 X119.344 Y114.985 E.04711
G1 X119.344 Y113.234 E.05927
G1 X119.701 Y113.49 E.01487
G1 X120.138 Y113.515 E.01482
G1 X121.012 Y113.266 E.03076
G1 X121.448 Y113.018 E.01698
G1 X121.885 Y112.634 E.01969
G1 X122.759 Y111.375 E.05188
G1 X123.195 Y111.063 E.01815
G1 X123.632 Y111.037 E.01482
G1 X124.506 Y111.286 E.03076
G1 X124.983 Y111.57 E.01879
G1 X125.293 Y111.041 E.02075
G1 X125.727 Y110.551 E.02216
G1 X126.249 Y110.155 E.02218
G1 X126.71 Y109.92 E.01751
G1 E-2 F2400
G1 X126.71 Y109.92 F15000
G1 X131.309 Y113.379
G1 E2 F2400
G1 F6000
G1 X131.345 Y113 E.01289
G1 X131.292 Y112.415 E.01988
G1 X131.037 Y111.607 E.02868
G1 X130.724 Y111.067 E.02113
G1 X131.494 Y111.286 E.0271
G1 X131.931 Y111.534 E.01701
G1 X132.368 Y111.918 E.01969
G1 X133.241 Y113.177 E.05186
G1 X133.678 Y113.49 E.01819
G1 X134.115 Y113.515 E.01482
G1 X134.988 Y113.266 E.03073
G1 X135.425 Y113.018 E.01701
G1 X135.862 Y112.634 E.01969
G1 X136.656 Y111.491 E.04711
G1 X136.656 Y109.74 E.05927
G1 X136.299 Y109.995 E.01485
G1 X135.862 Y110.021 E.01482
G1 X134.988 Y109.772 E.03076
G1 X134.348 Y109.344 E.02606
G1 X129.982 Y109.344 E.14778
G1 X129.747 Y109.683 E.01396
G1 X129.369 Y109.953 E.01572
G1 X128.513 Y109.7 E.03021
G1 X127.812 Y109.665 E.02376
G1 X127.359 Y109.344 E.01879
G1 X122.993 Y109.344 E.14778
G1 X122.759 Y109.683 E.01394
G1 X122.322 Y109.995 E.01818
G1 X121.885 Y110.021 E.01482
G1 X121.012 Y109.772 E.03073
G1 X120.371 Y109.344 E.02609
G1 X119.344 Y109.344 E.03476
G1 X119.344 Y110.761 E.04796
;LAYER_CHANGE
;Z:1.25
;HEIGHT:0.2
G1 Z1.25 F15000
G1 E-2 F2400
G1 Z1.25 F15000
G1 X136.961 Y146.961
G1 Z1.25
G1 E2 F2400
M204 S2500
;TYPE:Perimeter
;WIDTH:0.449999
G1 F4800
G1 X119.039 Y146.961 E.60664
G1 X119.039 Y109.039 E1.28361
G1 X136.961 Y109.039 E.60664
G1 X136.961 Y112.039 E.10155
G1 X136.961 Y146.901 E1.18004
M204 S4000
G1 X136.961 Y146.901 F15000
G1 X137.368 Y147.368
M204 S2500
G1 F4800
G1 X118.632 Y147.368 E.63419
G1 X118.632 Y108.632 E1.31117
G1 X137.368 Y108.632 E.63419
G1 X137.368 Y112.039 E.11532
G1 X137.368 Y147.308 E1.19381
M204 S4000
G1 X137.775 Y147.775 F15000
M204 S2500
;TYPE:External perimeter
G1 F2700
G1 X118.225 Y147.775 E.66174
G1 X118.225 Y108.225 E1.33872
G1 X137.775 Y108.225 E.66174
G1 X137.775 Y112.039 E.1291
G1 X137.775 Y147.715 E1.20759
M204 S4000
G1 X137.379 Y147.774 F15000
G1 E-2 F2400
G1 X126.904 Y110.181 F15000
G1 E2 F2400
M204 S2500
;TYPE:Perimeter
G1 F900
G1 X127.31 Y110.043 E.01451
G1 X127.84 Y109.968 E.01812
G1 X128.479 Y110.003 E.02166
G1 X129.069 Y110.158 E.02065
G1 X129.603 Y110.422 E.02016
G1 X130.075 Y110.784 E.02013
G1 X130.468 Y111.231 E.02015
G1 X130.765 Y111.747 E.02015
G1 X130.957 Y112.31 E.02013
G1 X131.034 Y112.9 E.02014
G1 X130.996 Y113.494 E.02015
G1 X130.842 Y114.069 E.02015
G1 X130.578 Y114.603 E.02016
G1 X130.216 Y115.075 E.02013
G1 X129.769 Y115.468 E.02015
G1 X129.253 Y115.765 E.02015
G1 X128.69 Y115.957 E.02013
G1 X128.1 Y116.034 E.02014
G1 X127.506 Y115.996 E.02015
G1 X126.931 Y115.842 E.02015
G1 X126.397 Y115.578 E.02016
G1 X125.925 Y115.216 E.02013
G1 X125.532 Y114.769 E.02015
G1 X125.235 Y114.253 E.02015
G1 X125.043 Y113.69 E.02013
G1 X124.966 Y113.1 E.02014
G1 X125.004 Y112.506 E.02015
G1 X125.158 Y111.931 E.02015
G1 X125.422 Y111.397 E.02016
G1 X125.784 Y110.925 E.02013
G1 X126.231 Y110.532 E.02015
G1 X126.747 Y110.235 E.02015
G1 X126.847 Y110.201 E.00358
M204 S4000
G1 X126.847 Y110.201 F15000
G1 X127.04 Y110.561
M204 S2500
G1 F900
G1 X127.428 Y110.433 E.01383
G1 X127.95 Y110.369 E.0178
G1 X128.571 Y110.433 E.02113
G1 X129.061 Y110.594 E.01746
G1 X129.51 Y110.847 E.01744
G1 X129.901 Y111.183 E.01745
G1 X130.219 Y111.589 E.01746
G1 X130.452 Y112.049 E.01745
G1 X130.59 Y112.546 E.01746
G1 X130.629 Y113.06 E.01745
G1 X130.567 Y113.572 E.01746
G1 X130.406 Y114.061 E.01743
G1 X130.153 Y114.51 E.01744
G1 X129.817 Y114.901 E.01745
G1 X129.411 Y115.219 E.01746
G1 X128.951 Y115.452 E.01745
G1 X128.454 Y115.59 E.01746
G1 X127.944 Y115.63 E.01732
G1 X127.428 Y115.567 E.0176
G1 X126.939 Y115.406 E.01743
G1 X126.49 Y115.153 E.01744
G1 X126.099 Y114.817 E.01745
G1 X125.781 Y114.411 E.01746
G1 X125.548 Y113.951 E.01745
G1 X125.41 Y113.454 E.01746
G1 X125.371 Y113.06 E.0134
G1 X125.41 Y112.546 E.01745
G1 X125.548 Y112.049 E.01746
G1 X125.781 Y111.589 E.01745
G1 X126.099 Y111.183 E.01746
G1 X126.49 Y110.847 E.01745
G1 X126.939 Y110.594 E.01744
G1 X126.983 Y110.579 E.00157
M204 S4000
G1 X126.983 Y110.579 F15000
G1 X127.127 Y110.959
M204 S2500
;TYPE:External perimeter
G1 F900
G1 X127.167 Y110.938 E.00153
G1 X127.584 Y110.815 E.01472
G1 X127.967 Y110.777 E.01303
G1 X128.453 Y110.822 E.01652
G1 X128.87 Y110.953 E.0148
G1 X129.252 Y111.162 E.01474
G1 X129.587 Y111.441 E.01476
G1 X129.86 Y111.781 E.01476
G1 X130.062 Y112.167 E.01475
G1 X130.185 Y112.586 E.01478
G1 X130.224 Y113.02 E.01475
G1 X130.177 Y113.453 E.01474
G1 X130.047 Y113.87 E.01478
G1 X129.838 Y114.252 E.01474
G1 X129.559 Y114.587 E.01476
G1 X129.219 Y114.86 E.01476
G1 X128.833 Y115.062 E.01475
G1 X128.318 Y115.195 E.018
G1 X127.867 Y115.213 E.01528
G1 X127.546 Y115.177 E.01093
G1 X127.13 Y115.047 E.01475
G1 X126.748 Y114.838 E.01474
G1 X126.413 Y114.559 E.01476
G1 X126.14 Y114.219 E.01476
G1 X125.938 Y113.833 E.01475
G1 X125.815 Y113.414 E.01478
G1 X125.776 Y113.02 E.0134
G1 X125.823 Y112.547 E.01609
G1 X125.953 Y112.13 E.01478
G1 X126.162 Y111.748 E.01474
G1 X126.441 Y111.413 E.01476
G1 X126.781 Y111.14 E.01476
G1 X127.074 Y110.986 E.0112
M204 S4000
G1 X127.452 Y110.856 F15000
G1 E-2 F2400
G1 X125.71 Y128.021 F15000
G1 E2 F2400
M204 S2500
;TYPE:Perimeter
G1 F900
G1 X125.784 Y127.925 E.0041
G1 X126.231 Y127.532 E.02015
G1 X126.747 Y127.235 E.02015
G1 X127.31 Y127.043 E.02013
G1 X127.84 Y126.968 E.01812
G1 X128.479 Y127.003 E.02166
G1 X129.069 Y127.158 E.02065
G1 X129.603 Y127.422 E.02016
G1 X130.075 Y127.784 E.02013
G1 X130.468 Y128.231 E.02015
G1 X130.765 Y128.747 E.02015
G1 X130.957 Y129.31 E.02013
G1 X131.034 Y129.9 E.02014
G1 X130.996 Y130.494 E.02015
G1 X130.842 Y131.069 E.02015
G1 X130.578 Y131.603 E.02016
G1 X130.216 Y132.075 E.02013
G1 X129.769 Y132.468 E.02015
G1 X129.253 Y132.765 E.02015
G1 X128.69 Y132.957 E.02013
G1 X128.1 Y133.034 E.02014
G1 X127.506 Y132.996 E.02015
G1 X126.931 Y132.842 E.02015
G1 X126.397 Y132.578 E.02016
G1 X125.925 Y132.216 E.02013
G1 X125.532 Y131.769 E.02015
G1 X125.235 Y131.253 E.02015
G1 X125.043 Y130.69 E.02013
G1 X124.966 Y130.1 E.02014
G1 X125.004 Y129.506 E.02015
G1 X125.158 Y128.931 E.02015
G1 X125.422 Y128.397 E.02016
G1 X125.674 Y128.068 E.01403
M204 S4000
G1 X125.674 Y128.068 F15000
G1 X126.272 Y128.034
M204 S2500
G1 F900
G1 X126.49 Y127.847 E.00972
G1 X126.939 Y127.594 E.01744
G1 X127.428 Y127.433 E.01743
G1 X127.947 Y127.369 E.0177
G1 X128.454 Y127.41 E.01722
G1 X128.951 Y127.548 E.01746
G1 X129.411 Y127.781 E.01745
G1 X129.817 Y128.099 E.01746
G1 X130.153 Y128.49 E.01745
G1 X130.406 Y128.939 E.01744
G1 X130.567 Y129.428 E.01743
G1 X130.629 Y129.94 E.01746
G1 X130.59 Y130.454 E.01745
G1 X130.452 Y130.951 E.01746
G1 X130.219 Y131.411 E.01745
G1 X129.901 Y131.817 E.01746
G1 X129.51 Y132.153 E.01745
G1 X129.061 Y132.406 E.01744
G1 X128.572 Y132.567 E.01743
G1 X128.06 Y132.629 E.01746
G1 X127.546 Y132.59 E.01745
G1 X127.049 Y132.452 E.01746
G1 X126.589 Y132.219 E.01745
G1 X126.183 Y131.901 E.01746
G1 X125.847 Y131.51 E.01745
G1 X125.594 Y131.061 E.01744
G1 X125.433 Y130.572 E.01743
G1 X125.371 Y130.06 E.01746
G1 X125.41 Y129.546 E.01745
G1 X125.548 Y129.049 E.01746
G1 X125.781 Y128.589 E.01745
G1 X126.099 Y128.183 E.01746
G1 X126.226 Y128.073 E.00569
M204 S4000
G1 X126.226 Y128.073 F15000
G1 X126.731 Y128.176
M204 S2500
;TYPE:External perimeter
G1 F900
G1 X126.748 Y128.162 E.00075
G1 X127.167 Y127.938 E.01608
G1 X127.646 Y127.808 E.0168
G1 X128.113 Y127.789 E.01582
G1 X128.453 Y127.823 E.01157
G1 X128.87 Y127.953 E.01478
G1 X129.252 Y128.162 E.01474
G1 X129.587 Y128.441 E.01476
G1 X129.86 Y128.781 E.01476
G1 X130.062 Y129.167 E.01475
G1 X130.185 Y129.586 E.01478
G1 X130.224 Y130.02 E.01475
G1 X130.177 Y130.453 E.01474
G1 X130.047 Y130.87 E.01478
G1 X129.838 Y131.252 E.01474
G1 X129.559 Y131.587 E.01476
G1 X129.219 Y131.86 E.01476
G1 X128.833 Y132.062 E.01475
G1 X128.414 Y132.185 E.01478
G1 X127.98 Y132.224 E.01475
G1 X127.547 Y132.177 E.01474
G1 X127.13 Y132.047 E.01478
G1 X126.748 Y131.838 E.01474
G1 X126.413 Y131.559 E.01476
G1 X126.14 Y131.219 E.01476
G1 X125.938 Y130.833 E.01475
G1 X125.815 Y130.414 E.01478
G1 X125.776 Y129.98 E.01475
G1 X125.823 Y129.547 E.01474
G1 X125.953 Y129.13 E.01478
G1 X126.162 Y128.748 E.01474
G1 X126.441 Y128.413 E.01476
G1 X126.685 Y128.214 E.01066
M204 S4000
G1 X127.031 Y128.013 F15000
G1 E-2 F2400
G1 X124.866 Y131.156 F15000
G1 E2 F2400
;TYPE:Internal infill
;WIDTH:0.45
G1 F6000
G1 X124.714 Y130.624 E.01873
G1 X124.655 Y130 E.02122
G1 X124.701 Y129.472 E.01794
G1 X124.897 Y128.767 E.02477
G1 X124.506 Y128.816 E.01334
G1 X124.069 Y129.003 E.01609
G1 X123.632 Y129.308 E.01804
G1 X122.759 Y130.303 E.04481
G1 X122.322 Y130.66 E.0191
G1 X121.885 Y130.787 E.0154
G1 X121.012 Y130.678 E.02978
G1 X120.575 Y130.491 E.01609
G1 X120.138 Y130.186 E.01804
G1 X119.344 Y129.282 E.04073
G1 X119.344 Y126.874 E.08151
G1 X119.701 Y127.166 E.01561
G1 X120.138 Y127.293 E.0154
G1 X121.012 Y127.184 E.02981
G1 X121.448 Y126.997 E.01606
G1 X121.885 Y126.692 E.01804
G1 X122.759 Y125.697 E.04483
G1 X123.195 Y125.34 E.01907
G1 X123.632 Y125.213 E.0154
G1 X124.506 Y125.322 E.02981
G1 X124.943 Y125.509 E.01609
G1 X125.379 Y125.814 E.01801
G1 X126.253 Y126.809 E.04483
G1 X126.507 Y127.017 E.01111
G1 X127.339 Y126.721 E.02989
G1 X127.842 Y126.661 E.01715
G1 X128.781 Y126.757 E.03195
G1 X129.747 Y125.697 E.04854
G1 X130.184 Y125.34 E.0191
G1 X130.621 Y125.213 E.0154
G1 X131.494 Y125.322 E.02978
G1 X131.931 Y125.509 E.01609
G1 X132.368 Y125.814 E.01804
G1 X133.241 Y126.809 E.04481
G1 X133.678 Y127.166 E.0191
G1 X134.115 Y127.293 E.0154
G1 X134.988 Y127.184 E.02978
G1 X135.425 Y126.997 E.01609
G1 X135.862 Y126.692 E.01804
G1 X136.656 Y125.788 E.04073
G1 X136.656 Y123.38 E.08151
G1 X136.299 Y123.672 E.01561
G1 X135.862 Y123.799 E.0154
G1 X134.988 Y123.69 E.02981
G1 X134.552 Y123.503 E.01606
G1 X134.115 Y123.198 E.01804
G1 X133.241 Y122.203 E.04483
G1 X132.805 Y121.845 E.0191
G1 X132.368 Y121.719 E.01539
G1 X131.494 Y121.828 E.02981
G1 X131.057 Y122.015 E.01609
G1 X130.621 Y122.319 E.01799
G1 X129.747 Y123.315 E.04485
G1 X129.31 Y123.672 E.0191
G1 X128.874 Y123.799 E.01537
G1 X128 Y123.69 E.02981
G1 X127.563 Y123.503 E.01609
G1 X127.126 Y123.198 E.01804
G1 X126.253 Y122.203 E.04481
G1 X125.816 Y121.845 E.01912
G1 X125.379 Y121.719 E.01539
G1 X124.506 Y121.828 E.02978
G1 X124.069 Y122.015 E.01609
G1 X123.632 Y122.319 E.01802
G1 X122.759 Y123.315 E.04483
G1 X122.322 Y123.672 E.0191
G1 X121.885 Y123.799 E.0154
G1 X121.012 Y123.69 E.02978
G1 X120.575 Y123.503 E.01609
G1 X120.138 Y123.198 E.01804
G1 X119.344 Y122.294 E.04073
G1 X119.344 Y119.886 E.08151
G1 X119.701 Y120.178 E.01561
G1 X120.138 Y120.304 E.01539
G1 X121.012 Y120.195 E.02981
G1 X121.448 Y120.009 E.01604
G1 X121.885 Y119.704 E.01804
G1 X122.759 Y118.709 E.04483
G1 X123.195 Y118.351 E.0191
G1 X123.632 Y118.225 E.01539
G1 X124.506 Y118.334 E.02981
G1 X124.943 Y118.52 E.01608
G1 X125.379 Y118.825 E.01801
G1 X126.253 Y119.82 E.04483
G1 X126.69 Y120.178 E.01912
G1 X127.126 Y120.304 E.01536
G1 X128 Y120.195 E.02981
G1 X128.437 Y120.009 E.01608
G1 X128.874 Y119.704 E.01804
G1 X129.747 Y118.709 E.04481
G1 X130.184 Y118.351 E.01912
G1 X130.621 Y118.225 E.01539
G1 X131.494 Y118.334 E.02978
G1 X131.931 Y118.52 E.01608
G1 X132.368 Y118.825 E.01804
G1 X133.241 Y119.82 E.04481
G1 X133.678 Y120.178 E.01912
G1 X134.115 Y120.304 E.01539
G1 X134.988 Y120.195 E.02978
G1 X135.425 Y120.009 E.01608
G1 X135.862 Y119.704 E.01804
G1 X136.656 Y118.8 E.04073
G1 X136.656 Y116.392 E.08151
G1 X136.299 Y116.684 E.01561
G1 X135.862 Y116.81 E.01539
G1 X134.988 Y116.701 E.02981
G1 X134.552 Y116.514 E.01606
G1 X134.115 Y116.21 E.01802
G1 X133.241 Y115.214 E.04485
G1 X132.805 Y114.857 E.01907
G1 X132.368 Y114.73 E.0154
G1 X131.494 Y114.839 E.02981
G1 X131.057 Y115.026 E.01609
G1 X130.621 Y115.331 E.01801
G1 X129.747 Y116.326 E.04483
G1 X129.31 Y116.684 E.01912
G1 X128.874 Y116.81 E.01536
G1 X128 Y116.701 E.02981
G1 X127.563 Y116.514 E.01609
G1 X127.143 Y116.221 E.01733
G1 X126.803 Y116.121 E.012
G1 X126.25 Y115.846 E.02091
G1 X125.727 Y115.449 E.02223
G1 X125.159 Y114.758 E.03028
G1 X124.506 Y114.839 E.02227
G1 X124.069 Y115.026 E.01609
G1 X123.632 Y115.331 E.01804
G1 X122.759 Y116.326 E.04481
G1 X122.322 Y116.684 E.01912
G1 X121.885 Y116.81 E.01539
G1 X121.012 Y116.701 E.02978
G1 X120.575 Y116.514 E.01609
G1 X120.138 Y116.21 E.01802
G1 X119.344 Y115.305 E.04075
G1 X119.344 Y112.897 E.08151
G1 X119.701 Y113.189 E.01561
G1 X120.138 Y113.316 E.0154
G1 X121.012 Y113.207 E.02981
G1 X121.448 Y113.02 E.01606
G1 X121.885 Y112.715 E.01804
G1 X122.759 Y111.72 E.04483
G1 X123.195 Y111.363 E.01907
G1 X123.632 Y111.236 E.0154
G1 X124.506 Y111.345 E.02981
G1 X124.987 Y111.563 E.01788
G1 X125.293 Y111.041 E.02048
G1 X125.727 Y110.551 E.02216
G1 X126.249 Y110.155 E.02218
G1 X126.717 Y109.918 E.01776
G1 E-2 F2400
G1 X126.717 Y109.918 F15000
G1 X131.287 Y113.616
G1 E2 F2400
G1 F6000
G1 X131.345 Y113 E.02094
G1 X131.292 Y112.415 E.01988
G1 X131.133 Y111.839 E.02023
G1 X130.854 Y111.265 E.0216
G1 X131.494 Y111.345 E.02183
G1 X131.931 Y111.532 E.01609
G1 X132.368 Y111.837 E.01804
G1 X133.241 Y112.832 E.04481
G1 X133.678 Y113.189 E.0191
G1 X134.115 Y113.316 E.0154
G1 X134.988 Y113.207 E.02978
G1 X135.425 Y113.02 E.01609
G1 X135.862 Y112.715 E.01804
G1 X136.656 Y111.811 E.04073
G1 X136.656 Y109.403 E.08151
G1 X136.299 Y109.695 E.01561
G1 X135.862 Y109.822 E.0154
G1 X134.988 Y109.713 E.02981
G1 X134.552 Y109.526 E.01606
G1 X134.291 Y109.344 E.01077
G1 X129.739 Y109.344 E.15408
G1 X129.31 Y109.695 E.01876
G1 X128.944 Y109.801 E.0129
G1 X128.51 Y109.699 E.01509
G1 X127.884 Y109.663 E.02122
G1 X127.303 Y109.344 E.02244
G1 X122.751 Y109.344 E.15408
G1 X122.322 Y109.695 E.01876
G1 X121.885 Y109.822 E.0154
G1 X121.012 Y109.713 E.02978
G1 X120.575 Y109.526 E.01609
G1 X120.315 Y109.344 E.01074
G1 X119.344 Y109.344 E.03287
G1 X119.344 Y110.817 E.04986
G1 E-2 F2400
G1 X119.344 Y110.817 F15000
G1 X131.059 Y131.34
G1 E2 F2400
G1 F6000
G1 X131.286 Y130.624 E.02542
G1 X131.345 Y130 E.02122
G1 X131.299 Y129.472 E.01794
G1 X131.168 Y128.956 E.01802
G1 X131.494 Y128.816 E.01201
G1 X132.368 Y128.707 E.02981
G1 X132.805 Y128.834 E.0154
G1 X133.241 Y129.191 E.01907
G1 X134.115 Y130.186 E.04483
G1 X134.552 Y130.491 E.01804
G1 X134.988 Y130.678 E.01606
G1 X135.862 Y130.787 E.02981
G1 X136.299 Y130.66 E.0154
G1 X136.656 Y130.368 E.01561
G1 X136.656 Y132.776 E.08151
G1 X135.862 Y133.681 E.04075
G1 X135.425 Y133.985 E.01802
G1 X134.988 Y134.172 E.01609
G1 X134.115 Y134.281 E.02978
G1 X133.678 Y134.155 E.01539
G1 X133.241 Y133.797 E.01912
G1 X132.368 Y132.802 E.04481
G1 X131.931 Y132.497 E.01804
G1 X131.494 Y132.31 E.01609
G1 X130.621 Y132.201 E.02978
G1 X130.472 Y132.244 E.00525
G1 X129.959 Y132.707 E.02339
G1 X129.486 Y132.983 E.01854
G1 X128.874 Y133.681 E.03142
G1 X128.437 Y133.985 E.01802
G1 X128 Y134.172 E.01609
G1 X127.126 Y134.281 E.02981
G1 X126.69 Y134.155 E.01536
G1 X126.253 Y133.797 E.01912
G1 X125.379 Y132.802 E.04483
G1 X124.943 Y132.497 E.01801
G1 X124.506 Y132.31 E.01609
G1 X123.632 Y132.201 E.02981
G1 X123.195 Y132.328 E.0154
G1 X122.759 Y132.685 E.01907
G1 X121.885 Y133.681 E.04485
G1 X121.448 Y133.985 E.01802
G1 X121.012 Y134.172 E.01606
G1 X120.138 Y134.281 E.02981
G1 X119.701 Y134.155 E.01539
G1 X119.344 Y133.863 E.01561
G1 X119.344 Y136.271 E.08151
G1 X120.138 Y137.175 E.04073
G1 X120.575 Y137.48 E.01804
G1 X121.012 Y137.666 E.01608
G1 X121.885 Y137.775 E.02978
G1 X122.322 Y137.649 E.01539
G1 X122.759 Y137.291 E.01912
G1 X123.632 Y136.296 E.04481
G1 X124.069 Y135.991 E.01804
G1 X124.506 Y135.805 E.01608
G1 X125.379 Y135.696 E.02978
G1 X125.816 Y135.822 E.01539
G1 X126.253 Y136.18 E.01912
G1 X127.126 Y137.175 E.04481
G1 X127.563 Y137.48 E.01804
G1 X128 Y137.666 E.01608
G1 X128.874 Y137.775 E.02981
G1 X129.31 Y137.649 E.01536
G1 X129.747 Y137.291 E.01912
G1 X130.621 Y136.296 E.04483
G1 X131.057 Y135.991 E.01801
G1 X131.494 Y135.805 E.01608
G1 X132.368 Y135.696 E.02981
G1 X132.805 Y135.822 E.01539
G1 X133.241 Y136.18 E.0191
G1 X134.115 Y137.175 E.04483
G1 X134.552 Y137.48 E.01804
G1 X134.988 Y137.666 E.01604
G1 X135.862 Y137.775 E.02981
G1 X136.299 Y137.649 E.01539
G1 X136.656 Y137.357 E.01561
G1 X136.656 Y139.765 E.08151
G1 X135.862 Y140.669 E.04073
G1 X135.425 Y140.974 E.01804
G1 X134.988 Y141.161 E.01609
G1 X134.115 Y141.27 E.02978
G1 X133.678 Y141.143 E.0154
G1 X133.241 Y140.786 E.0191
G1 X132.368 Y139.79 E.04483
G1 X131.931 Y139.486 E.01802
G1 X131.494 Y139.299 E.01609
G1 X130.621 Y139.19 E.02978
G1 X130.184 Y139.316 E.01539
G1 X129.747 Y139.674 E.01912
G1 X128.874 Y140.669 E.04481
G1 X128.437 Y140.974 E.01804
G1 X128 Y141.161 E.01609
G1 X127.126 Y141.27 E.02981
G1 X126.69 Y141.143 E.01537
G1 X126.253 Y140.786 E.0191
G1 X125.379 Y139.79 E.04485
G1 X124.943 Y139.486 E.01799
G1 X124.506 Y139.299 E.01609
G1 X123.632 Y139.19 E.02981
G1 X123.195 Y139.316 E.01539
G1 X122.759 Y139.674 E.0191
G1 X121.885 Y140.669 E.04483
G1 X121.448 Y140.974 E.01804
G1 X121.012 Y141.161 E.01606
G1 X120.138 Y141.27 E.02981
G1 X119.701 Y141.143 E.0154
G1 X119.344 Y140.851 E.01561
G1 X119.344 Y143.259 E.08151
G1 X120.138 Y144.163 E.04073
G1 X120.575 Y144.468 E.01804
G1 X121.012 Y144.655 E.01609
G1 X121.885 Y144.764 E.02978
G1 X122.322 Y144.637 E.0154
G1 X122.759 Y144.28 E.0191
G1 X123.632 Y143.285 E.04481
G1 X124.069 Y142.98 E.01804
G1 X124.506 Y142.793 E.01609
G1 X125.379 Y142.684 E.02978
G1 X125.816 Y142.811 E.0154
G1 X126.253 Y143.168 E.0191
G1 X127.126 Y144.163 E.04481
G1 X127.563 Y144.468 E.01804
G1 X128 Y144.655 E.01609
G1 X128.874 Y144.764 E.02981
G1 X129.31 Y144.637 E.01537
G1 X129.747 Y144.28 E.0191
G1 X130.621 Y143.285 E.04483
G1 X131.057 Y142.98 E.01801
G1 X131.494 Y142.793 E.01609
G1 X132.368 Y142.684 E.02981
G1 X132.805 Y142.811 E.0154
G1 X133.241 Y143.168 E.01907
G1 X134.115 Y144.163 E.04483
G1 X134.552 Y144.468 E.01804
G1 X134.988 Y144.655 E.01606
G1 X135.862 Y144.764 E.02981
G1 X136.299 Y144.637 E.0154
G1 X136.656 Y144.345 E.01561
G1 X136.656 Y146.656 E.07822
G1 X132.191 Y146.656 E.15113
G1 X131.931 Y146.474 E.01074
G1 X131.494 Y146.287 E.01609
G1 X130.621 Y146.178 E.02978
G1 X130.184 Y146.305 E.0154
G1 X129.755 Y146.656 E.01876
G1 X125.203 Y146.656 E.15408
G1 X124.943 Y146.474 E.01074
G1 X124.506 Y146.287 E.01609
G1 X123.632 Y146.178 E.02981
G1 X123.195 Y146.305 E.0154
G1 X122.767 Y146.656 E.01874
G1 X120.324 Y146.656 E.08269
;LAYER_CHANGE
;Z:1.45
;HEIGHT:0.2
G1 Z1.45 F15000
G1 E-2 F2400
G1 Z1.45 F15000
G1 X136.961 Y146.961
G1 Z1.45
G1 E2 F2400
M204 S2500
;TYPE:Perimeter
;WIDTH:0.449999
G1 F4800
G1 X119.039 Y146.961 E.60664
G1 X119.039 Y109.039 E1.28361
G1 X136.961 Y109.039 E.60664
G1 X136.961 Y112.039 E.10155
G1 X136.961 Y146.901 E1.18004
M204 S4000
G1 X136.961 Y146.901 F15000
G1 X137.368 Y147.368
M204 S2500
G1 F4800
G1 X118.632 Y147.368 E.63419
G1 X118.632 Y108.632 E1.31117
G1 X137.368 Y108.632 E.63419
G1 X137.368 Y112.039 E.11532
G1 X137.368 Y147.308 E1.19381
M204 S4000
G1 X137.775 Y147.775 F15000
M204 S2500
;TYPE:External perimeter
G1 F2700
G1 X118.225 Y147.775 E.66174
G1 X118.225 Y108.225 E1.33872
G1 X137.775 Y108.225 E.66174
G1 X137.775 Y112.039 E.1291
G1 X137.775 Y147.715 E1.20759
M204 S4000
G1 X137.379 Y147.774 F15000
G1 E-2 F2400
G1 X126.904 Y110.181 F15000
G1 E2 F2400
M204 S2500
;TYPE:Perimeter
G1 F900
G1 X127.31 Y110.043 E.01451
G1 X127.829 Y109.969 E.01775
G1 X128.477 Y110.003 E.02196
G1 X129.069 Y110.158 E.02071
G1 X129.603 Y110.422 E.02016
G1 X130.075 Y110.784 E.02013
G1 X130.468 Y111.231 E.02015
G1 X130.765 Y111.747 E.02015
G1 X130.957 Y112.31 E.02013
G1 X131.034 Y112.9 E.02014
G1 X130.996 Y113.494 E.02015
G1 X130.842 Y114.069 E.02015
G1 X130.578 Y114.603 E.02016
G1 X130.216 Y115.075 E.02013
G1 X129.769 Y115.468 E.02015
G1 X129.253 Y115.765 E.02015
G1 X128.69 Y115.956 E.02012
G1 X128.1 Y116.034 E.02014
G1 X127.506 Y115.996 E.02015
G1 X126.931 Y115.842 E.02015
G1 X126.397 Y115.578 E.02016
G1 X125.925 Y115.216 E.02013
G1 X125.532 Y114.769 E.02015
G1 X125.235 Y114.253 E.02015
G1 X125.043 Y113.69 E.02013
G1 X124.966 Y113.1 E.02014
G1 X125.004 Y112.506 E.02015
G1 X125.158 Y111.931 E.02015
G1 X125.422 Y111.397 E.02016
G1 X125.784 Y110.925 E.02013
G1 X126.231 Y110.532 E.02015
G1 X126.747 Y110.235 E.02015
G1 X126.847 Y110.201 E.00358
M204 S4000
G1 X126.847 Y110.201 F15000
G1 X127.04 Y110.561
M204 S2500
G1 F900
G1 X127.428 Y110.433 E.01383
G1 X127.94 Y110.37 E.01746
G1 X128.444 Y110.409 E.01711
G1 X128.951 Y110.548 E.01779
G1 X129.411 Y110.781 E.01745
G1 X129.817 Y111.099 E.01746
G1 X130.153 Y111.49 E.01745
G1 X130.406 Y111.939 E.01744
G1 X130.567 Y112.428 E.01743
G1 X130.629 Y112.94 E.01746
G1 X130.59 Y113.454 E.01745
G1 X130.452 Y113.951 E.01746
G1 X130.219 Y114.411 E.01745
G1 X129.901 Y114.817 E.01746
G1 X129.51 Y115.153 E.01745
G1 X129.061 Y115.406 E.01744
G1 X128.572 Y115.567 E.01743
G1 X128.06 Y115.629 E.01746
G1 X127.546 Y115.59 E.01745
G1 X127.049 Y115.452 E.01746
G1 X126.589 Y115.219 E.01745
G1 X126.183 Y114.901 E.01746
G1 X125.847 Y114.51 E.01745
G1 X125.594 Y114.061 E.01744
G1 X125.433 Y113.572 E.01743
G1 X125.371 Y113.06 E.01746
G1 X125.41 Y112.546 E.01745
G1 X125.548 Y112.049 E.01746
G1 X125.781 Y111.589 E.01745
G1 X126.099 Y111.183 E.01746
G1 X126.49 Y110.847 E.01745
G1 X126.939 Y110.594 E.01744
G1 X126.983 Y110.579 E.00157
M204 S4000
G1 X126.983 Y110.579 F15000
G1 X127.113 Y110.966
M204 S2500
;TYPE:External perimeter
G1 F900
G1 X127.167 Y110.938 E.00206
G1 X127.583 Y110.815 E.01468
G1 X127.957 Y110.778 E.01272
G1 X128.454 Y110.823 E.01689
G1 X128.87 Y110.953 E.01475
G1 X129.252 Y111.162 E.01474
G1 X129.587 Y111.441 E.01476
G1 X129.86 Y111.781 E.01476
G1 X130.062 Y112.167 E.01475
G1 X130.185 Y112.586 E.01478
G1 X130.224 Y113.02 E.01475
G1 X130.177 Y113.453 E.01474
G1 X130.047 Y113.87 E.01478
G1 X129.838 Y114.252 E.01474
G1 X129.559 Y114.587 E.01476
G1 X129.219 Y114.86 E.01476
G1 X128.833 Y115.062 E.01475
G1 X128.303 Y115.196 E.0185
G1 X127.845 Y115.211 E.01551
G1 X127.546 Y115.177 E.01019
G1 X127.13 Y115.047 E.01475
G1 X126.748 Y114.838 E.01474
G1 X126.413 Y114.559 E.01476
G1 X126.14 Y114.219 E.01476
G1 X125.938 Y113.833 E.01475
G1 X125.815 Y113.414 E.01478
G1 X125.776 Y113.02 E.0134
G1 X125.823 Y112.547 E.01609
G1 X125.953 Y112.13 E.01478
G1 X126.162 Y111.748 E.01474
G1 X126.441 Y111.413 E.01476
G1 X126.781 Y111.14 E.01476
G1 X127.06 Y110.994 E.01066
M204 S4000
G1 X127.437 Y110.861 F15000
G1 E-2 F2400
G1 X125.71 Y128.022 F15000
G1 E2 F2400
M204 S2500
;TYPE:Perimeter
G1 F900
G1 X125.784 Y127.925 E.00413
G1 X126.231 Y127.532 E.02015
G1 X126.747 Y127.235 E.02015
G1 X127.31 Y127.043 E.02013
G1 X127.829 Y126.969 E.01775
G1 X128.477 Y127.003 E.02196
G1 X129.069 Y127.158 E.02071
G1 X129.603 Y127.422 E.02016
G1 X130.075 Y127.784 E.02013
G1 X130.468 Y128.231 E.02015
G1 X130.765 Y128.747 E.02015
G1 X130.957 Y129.31 E.02013
G1 X131.034 Y129.9 E.02014
G1 X130.996 Y130.494 E.02015
G1 X130.842 Y131.069 E.02015
G1 X130.578 Y131.603 E.02016
G1 X130.216 Y132.075 E.02013
G1 X129.769 Y132.468 E.02015
G1 X129.253 Y132.765 E.02015
G1 X128.69 Y132.957 E.02013
G1 X128.1 Y133.034 E.02014
G1 X127.506 Y132.996 E.02015
G1 X126.931 Y132.842 E.02015
G1 X126.397 Y132.578 E.02016
G1 X125.925 Y132.216 E.02013
G1 X125.532 Y131.769 E.02015
G1 X125.235 Y131.253 E.02015
G1 X125.043 Y130.69 E.02013
G1 X124.966 Y130.1 E.02014
G1 X125.004 Y129.506 E.02015
G1 X125.158 Y128.931 E.02015
G1 X125.422 Y128.397 E.02016
G1 X125.673 Y128.069 E.01398
M204 S4000
G1 X125.673 Y128.069 F15000
G1 X126.271 Y128.035
M204 S2500
G1 F900
G1 X126.49 Y127.847 E.00977
G1 X126.939 Y127.594 E.01744
G1 X127.428 Y127.433 E.01743
G1 X127.938 Y127.37 E.01739
G1 X128.444 Y127.409 E.01718
G1 X128.951 Y127.548 E.01779
G1 X129.411 Y127.781 E.01745
G1 X129.817 Y128.099 E.01746
G1 X130.153 Y128.49 E.01745
G1 X130.406 Y128.939 E.01744
G1 X130.567 Y129.428 E.01743
G1 X130.629 Y129.94 E.01746
G1 X130.59 Y130.454 E.01745
G1 X130.452 Y130.951 E.01746
G1 X130.219 Y131.411 E.01745
G1 X129.901 Y131.817 E.01746
G1 X129.51 Y132.153 E.01745
G1 X129.061 Y132.406 E.01744
G1 X128.572 Y132.567 E.01743
G1 X128.06 Y132.629 E.01746
G1 X127.546 Y132.59 E.01745
G1 X127.049 Y132.452 E.01746
G1 X126.589 Y132.219 E.01745
G1 X126.183 Y131.901 E.01746
G1 X125.847 Y131.51 E.01745
G1 X125.594 Y131.061 E.01744
G1 X125.433 Y130.572 E.01743
G1 X125.371 Y130.06 E.01746
G1 X125.41 Y129.546 E.01745
G1 X125.548 Y129.049 E.01746
G1 X125.781 Y128.589 E.01745
G1 X126.099 Y128.183 E.01746
G1 X126.226 Y128.074 E.00566
M204 S4000
G1 X126.226 Y128.074 F15000
G1 X126.721 Y128.184
M204 S2500
;TYPE:External perimeter
G1 F900
G1 X126.748 Y128.162 E.00118
G1 X127.167 Y127.938 E.01608
G1 X127.659 Y127.807 E.01723
G1 X128.128 Y127.791 E.01588
G1 X128.454 Y127.823 E.01109
G1 X128.87 Y127.953 E.01475
G1 X129.252 Y128.162 E.01474
G1 X129.587 Y128.441 E.01476
G1 X129.86 Y128.781 E.01476
G1 X130.062 Y129.167 E.01475
G1 X130.185 Y129.586 E.01478
G1 X130.224 Y130.02 E.01475
G1 X130.177 Y130.453 E.01474
G1 X130.047 Y130.87 E.01478
G1 X129.838 Y131.252 E.01474
G1 X129.559 Y131.587 E.01476
G1 X129.219 Y131.86 E.01476
G1 X128.833 Y132.062 E.01475
G1 X128.414 Y132.185 E.01478
G1 X127.98 Y132.224 E.01475
G1 X127.547 Y132.177 E.01474
G1 X127.13 Y132.047 E.01478
G1 X126.748 Y131.838 E.01474
G1 X126.413 Y131.559 E.01476
G1 X126.14 Y131.219 E.01476
G1 X125.938 Y130.833 E.01475
G1 X125.815 Y130.414 E.01478
G1 X125.776 Y129.98 E.01475
G1 X125.823 Y129.547 E.01474
G1 X125.953 Y129.13 E.01478
G1 X126.162 Y128.748 E.01474
G1 X126.441 Y128.413 E.01476
G1 X126.674 Y128.222 E.0102
M204 S4000
G1 X127.019 Y128.019 F15000
G1 E-2 F2400
G1 X129.654 Y127.106 F15000
G1 E2 F2400
;TYPE:Internal infill
;WIDTH:0.45
G1 F6000
G1 X130.273 Y127.551 E.0258
G1 X130.707 Y128.041 E.02216
G1 X131.037 Y128.607 E.02218
G1 X131.166 Y128.95 E.0124
G1 X131.931 Y128.813 E.02631
G1 X132.368 Y128.869 E.01491
G1 X132.805 Y129.063 E.01618
G1 X134.115 Y130.276 E.06043
G1 X134.552 Y130.513 E.01683
G1 X134.988 Y130.641 E.01538
G1 X135.425 Y130.681 E.01485
G1 X135.862 Y130.625 E.01491
G1 X136.299 Y130.431 E.01618
G1 X136.656 Y130.124 E.01594
G1 X136.656 Y133.01 E.09769
G1 X135.862 Y133.771 E.03723
G1 X135.425 Y134.007 E.01681
G1 X134.988 Y134.135 E.01541
G1 X134.552 Y134.175 E.01482
G1 X134.115 Y134.119 E.01491
G1 X133.678 Y133.925 E.01618
G1 X132.368 Y132.712 E.06043
G1 X131.931 Y132.476 E.01681
G1 X131.494 Y132.348 E.01541
G1 X131.057 Y132.308 E.01485
G1 X130.621 Y132.363 E.01488
G1 X130.184 Y132.557 E.01618
G1 X128.874 Y133.771 E.06045
G1 X128.437 Y134.007 E.01681
G1 X128 Y134.135 E.01541
G1 X127.563 Y134.175 E.01485
G1 X127.126 Y134.119 E.01491
G1 X126.69 Y133.925 E.01615
G1 X125.379 Y132.712 E.06046
G1 X124.943 Y132.476 E.01678
G1 X124.506 Y132.348 E.01541
G1 X124.069 Y132.308 E.01485
G1 X123.632 Y132.363 E.01491
G1 X123.195 Y132.557 E.01618
G1 X121.885 Y133.771 E.06045
G1 X121.448 Y134.007 E.01681
G1 X121.012 Y134.135 E.01538
G1 X120.575 Y134.175 E.01485
G1 X120.138 Y134.119 E.01491
G1 X119.701 Y133.925 E.01618
G1 X119.344 Y133.618 E.01594
G1 X119.344 Y136.504 E.09769
G1 X120.138 Y137.265 E.03723
G1 X120.575 Y137.501 E.01681
G1 X121.012 Y137.629 E.01541
G1 X121.448 Y137.669 E.01482
G1 X121.885 Y137.613 E.01491
G1 X122.322 Y137.419 E.01618
G1 X123.632 Y136.206 E.06043
G1 X124.069 Y135.97 E.01681
G1 X124.506 Y135.842 E.01541
G1 X124.943 Y135.802 E.01485
G1 X125.379 Y135.858 E.01488
G1 X125.816 Y136.052 E.01618
G1 X127.126 Y137.265 E.06043
G1 X127.563 Y137.501 E.01681
G1 X128 Y137.629 E.01541
G1 X128.437 Y137.669 E.01485
G1 X128.874 Y137.613 E.01491
G1 X129.31 Y137.419 E.01615
G1 X130.621 Y136.206 E.06046
G1 X131.057 Y135.97 E.01678
G1 X131.494 Y135.842 E.01541
G1 X131.931 Y135.802 E.01485
G1 X132.368 Y135.858 E.01491
G1 X132.805 Y136.052 E.01618
G1 X134.115 Y137.265 E.06043
G1 X134.552 Y137.501 E.01681
G1 X134.988 Y137.629 E.01538
G1 X135.425 Y137.669 E.01485
G1 X135.862 Y137.613 E.01491
G1 X136.299 Y137.419 E.01618
G1 X136.656 Y137.113 E.01592
G1 X136.656 Y139.998 E.09765
G1 X135.862 Y140.759 E.03723
G1 X135.425 Y140.995 E.01681
G1 X134.988 Y141.123 E.01541
G1 X134.552 Y141.164 E.01482
G1 X134.115 Y141.108 E.01491
G1 X133.678 Y140.914 E.01618
G1 X132.368 Y139.7 E.06045
G1 X131.931 Y139.464 E.01681
G1 X131.494 Y139.336 E.01541
G1 X131.057 Y139.296 E.01485
G1 X130.621 Y139.352 E.01488
G1 X130.184 Y139.546 E.01618
G1 X128.874 Y140.759 E.06043
G1 X128.437 Y140.995 E.01681
G1 X128 Y141.123 E.01541
G1 X127.563 Y141.164 E.01486
G1 X127.126 Y141.108 E.01491
G1 X126.69 Y140.914 E.01615
G1 X125.379 Y139.7 E.06048
G1 X124.943 Y139.464 E.01678
G1 X124.506 Y139.336 E.01541
G1 X124.069 Y139.296 E.01485
G1 X123.632 Y139.352 E.01491
G1 X123.195 Y139.546 E.01618
G1 X121.885 Y140.759 E.06043
G1 X121.448 Y140.995 E.01681
G1 X121.012 Y141.123 E.01538
G1 X120.575 Y141.164 E.01486
G1 X120.138 Y141.108 E.01491
G1 X119.701 Y140.914 E.01618
G1 X119.344 Y140.607 E.01594
G1 X119.344 Y143.492 E.09765
G1 X120.138 Y144.253 E.03723
G1 X120.575 Y144.489 E.01681
G1 X121.012 Y144.618 E.01542
G1 X121.448 Y144.658 E.01482
G1 X121.885 Y144.602 E.01491
G1 X122.322 Y144.408 E.01618
G1 X123.632 Y143.195 E.06043
G1 X124.069 Y142.959 E.01681
G1 X124.506 Y142.83 E.01542
G1 X124.943 Y142.79 E.01485
G1 X125.379 Y142.846 E.01488
G1 X125.816 Y143.04 E.01618
G1 X127.126 Y144.253 E.06043
G1 X127.563 Y144.489 E.01681
G1 X128 Y144.618 E.01542
G1 X128.437 Y144.658 E.01485
G1 X128.874 Y144.602 E.01491
G1 X129.31 Y144.408 E.01615
G1 X130.621 Y143.195 E.06046
G1 X131.057 Y142.959 E.01678
G1 X131.494 Y142.83 E.01542
G1 X131.931 Y142.79 E.01485
G1 X132.368 Y142.846 E.01491
G1 X132.805 Y143.04 E.01618
G1 X134.115 Y144.253 E.06043
G1 X134.552 Y144.489 E.01681
G1 X134.988 Y144.618 E.01539
G1 X135.425 Y144.658 E.01485
G1 X135.862 Y144.602 E.01491
G1 X136.299 Y144.408 E.01618
G1 X136.656 Y144.101 E.01594
G1 X136.656 Y146.656 E.08648
G1 X132.306 Y146.656 E.14724
G1 X131.931 Y146.453 E.01443
G1 X131.494 Y146.324 E.01542
G1 X131.057 Y146.284 E.01485
G1 X130.621 Y146.34 E.01488
G1 X130.184 Y146.534 E.01618
G1 X130.043 Y146.656 E.00631
G1 X125.318 Y146.656 E.15994
G1 X124.943 Y146.453 E.01443
G1 X124.506 Y146.324 E.01542
G1 X124.069 Y146.284 E.01485
G1 X123.632 Y146.34 E.01491
G1 X123.195 Y146.534 E.01618
G1 X123.054 Y146.656 E.00631
G1 X120.612 Y146.656 E.08266
G1 E-2 F2400
G1 X120.612 Y146.656 F15000
G1 X124.887 Y131.208
G1 E2 F2400
G1 F6000
G1 X124.714 Y130.624 E.02062
G1 X124.655 Y130 E.02122
G1 X124.701 Y129.472 E.01794
G1 X124.875 Y128.819 E.02287
G1 X124.506 Y128.853 E.01254
G1 X124.069 Y128.982 E.01542
G1 X123.632 Y129.218 E.01681
G1 X122.322 Y130.431 E.06043
G1 X121.885 Y130.625 E.01618
G1 X121.448 Y130.681 E.01491
G1 X121.012 Y130.641 E.01482
G1 X120.575 Y130.513 E.01541
G1 X120.138 Y130.276 E.01683
G1 X119.344 Y129.515 E.03723
G1 X119.344 Y126.63 E.09765
G1 X119.701 Y126.937 E.01594
G1 X120.138 Y127.131 E.01618
G1 X120.575 Y127.187 E.01491
G1 X121.012 Y127.147 E.01485
G1 X121.448 Y127.018 E.01539
G1 X121.885 Y126.782 E.01681
G1 X123.195 Y125.569 E.06043
G1 X123.632 Y125.375 E.01618
G1 X124.069 Y125.319 E.01491
G1 X124.506 Y125.359 E.01485
G1 X124.943 Y125.487 E.01541
G1 X125.379 Y125.724 E.0168
G1 X126.683 Y126.931 E.06014
G1 X127.338 Y126.721 E.02328
G1 X127.833 Y126.662 E.01687
G1 X128.655 Y126.72 E.02789
G1 X128.872 Y126.783 E.00765
G1 X130.184 Y125.569 E.0605
G1 X130.621 Y125.375 E.01618
G1 X131.057 Y125.319 E.01488
G1 X131.494 Y125.359 E.01485
G1 X131.931 Y125.487 E.01541
G1 X132.368 Y125.724 E.01683
G1 X133.678 Y126.937 E.06043
G1 X134.115 Y127.131 E.01618
G1 X134.552 Y127.187 E.01491
G1 X134.988 Y127.147 E.01482
G1 X135.425 Y127.018 E.01542
G1 X135.862 Y126.782 E.01681
G1 X136.656 Y126.021 E.03723
G1 X136.656 Y123.136 E.09765
G1 X136.299 Y123.443 E.01594
G1 X135.862 Y123.637 E.01618
G1 X135.425 Y123.693 E.01491
G1 X134.988 Y123.652 E.01486
G1 X134.552 Y123.524 E.01538
G1 X134.115 Y123.288 E.01681
G1 X132.805 Y122.075 E.06043
G1 X132.368 Y121.881 E.01618
G1 X131.931 Y121.825 E.01491
G1 X131.494 Y121.865 E.01485
G1 X131.057 Y121.993 E.01541
G1 X130.621 Y122.229 E.01678
G1 X129.31 Y123.443 E.06048
G1 X128.874 Y123.637 E.01615
G1 X128.437 Y123.693 E.01491
G1 X128 Y123.652 E.01486
G1 X127.563 Y123.524 E.01541
G1 X127.126 Y123.288 E.01681
G1 X125.816 Y122.075 E.06043
G1 X125.379 Y121.881 E.01618
G1 X124.943 Y121.825 E.01488
G1 X124.506 Y121.865 E.01485
G1 X124.069 Y121.993 E.01541
G1 X123.632 Y122.229 E.01681
G1 X122.322 Y123.443 E.06045
G1 X121.885 Y123.637 E.01618
G1 X121.448 Y123.693 E.01491
G1 X121.012 Y123.652 E.01482
G1 X120.575 Y123.524 E.01541
G1 X120.138 Y123.288 E.01681
G1 X119.344 Y122.527 E.03723
G1 X119.344 Y119.642 E.09765
G1 X119.701 Y119.948 E.01592
G1 X120.138 Y120.142 E.01618
G1 X120.575 Y120.198 E.01491
G1 X121.012 Y120.158 E.01485
G1 X121.448 Y120.03 E.01538
G1 X121.885 Y119.794 E.01681
G1 X123.195 Y118.581 E.06043
G1 X123.632 Y118.387 E.01618
G1 X124.069 Y118.331 E.01491
G1 X124.506 Y118.371 E.01485
G1 X124.943 Y118.499 E.01541
G1 X125.379 Y118.735 E.01678
G1 X126.69 Y119.948 E.06046
G1 X127.126 Y120.142 E.01615
G1 X127.563 Y120.198 E.01491
G1 X128 Y120.158 E.01485
G1 X128.437 Y120.03 E.01541
G1 X128.874 Y119.794 E.01681
G1 X130.184 Y118.581 E.06043
G1 X130.621 Y118.387 E.01618
G1 X131.057 Y118.331 E.01488
G1 X131.494 Y118.371 E.01485
G1 X131.931 Y118.499 E.01541
G1 X132.368 Y118.735 E.01681
G1 X133.678 Y119.948 E.06043
G1 X134.115 Y120.142 E.01618
G1 X134.552 Y120.198 E.01491
G1 X134.988 Y120.158 E.01482
G1 X135.425 Y120.03 E.01541
G1 X135.862 Y119.794 E.01681
G1 X136.656 Y119.033 E.03723
G1 X136.656 Y116.147 E.09769
G1 X136.299 Y116.454 E.01594
G1 X135.862 Y116.648 E.01618
G1 X135.425 Y116.704 E.01491
G1 X134.988 Y116.664 E.01485
G1 X134.552 Y116.536 E.01538
G1 X134.115 Y116.3 E.01681
G1 X132.805 Y115.086 E.06045
G1 X132.368 Y114.892 E.01618
G1 X131.931 Y114.836 E.01491
G1 X131.494 Y114.877 E.01486
G1 X131.057 Y115.005 E.01541
G1 X130.621 Y115.241 E.01678
G1 X129.31 Y116.454 E.06046
G1 X128.874 Y116.648 E.01615
G1 X128.437 Y116.704 E.01491
G1 X128 Y116.664 E.01485
G1 X127.563 Y116.536 E.01541
G1 X127.001 Y116.18 E.02252
G1 X126.25 Y115.846 E.02782
G1 X125.727 Y115.449 E.02223
G1 X125.237 Y114.874 E.02557
G1 X124.943 Y114.836 E.01003
G1 X124.506 Y114.877 E.01486
G1 X124.069 Y115.005 E.01541
G1 X123.632 Y115.241 E.01681
G1 X122.322 Y116.454 E.06043
G1 X121.885 Y116.648 E.01618
G1 X121.448 Y116.704 E.01491
G1 X121.012 Y116.664 E.01482
G1 X120.575 Y116.536 E.01541
G1 X120.138 Y116.3 E.01681
G1 X119.344 Y115.539 E.03723
G1 X119.344 Y112.653 E.09769
G1 X119.701 Y112.96 E.01594
G1 X120.138 Y113.154 E.01618
G1 X120.575 Y113.21 E.01491
G1 X121.012 Y113.17 E.01485
G1 X121.448 Y113.042 E.01538
G1 X121.885 Y112.805 E.01683
G1 X123.195 Y111.592 E.06043
G1 X123.632 Y111.398 E.01618
G1 X124.069 Y111.342 E.01491
G1 X124.506 Y111.382 E.01485
G1 X124.999 Y111.541 E.01753
G1 X125.293 Y111.041 E.01963
G1 X125.727 Y110.551 E.02216
G1 X126.249 Y110.155 E.02218
G1 X126.74 Y109.908 E.0186
G1 E-2 F2400
G1 X126.74 Y109.908 F15000
G1 X131.258 Y113.722
G1 E2 F2400
G1 F6000
G1 X131.345 Y113 E.02462
G1 X131.292 Y112.415 E.01988
G1 X131.133 Y111.839 E.02023
G1 X130.906 Y111.362 E.01788
G1 X131.494 Y111.382 E.01991
G1 X131.931 Y111.511 E.01542
G1 X132.368 Y111.747 E.01681
G1 X133.678 Y112.96 E.06043
G1 X134.115 Y113.154 E.01618
G1 X134.552 Y113.21 E.01491
G1 X134.988 Y113.17 E.01482
G1 X135.425 Y113.042 E.01541
G1 X135.862 Y112.805 E.01683
G1 X136.656 Y112.044 E.03723
G1 X136.656 Y109.344 E.09139
G1 X136.44 Y109.344 E.00731
G1 X136.299 Y109.466 E.00631
G1 X135.862 Y109.66 E.01618
G1 X135.425 Y109.716 E.01491
G1 X134.988 Y109.676 E.01485
G1 X134.552 Y109.547 E.01539
G1 X134.176 Y109.344 E.01446
G1 X129.451 Y109.344 E.15994
G1 X129.31 Y109.466 E.00631
G1 X128.874 Y109.66 E.01615
G1 X128.531 Y109.704 E.01171
G1 X127.956 Y109.663 E.01951
G1 X127.563 Y109.547 E.01387
G1 X127.188 Y109.344 E.01443
G1 X122.463 Y109.344 E.15994
G1 X122.322 Y109.466 E.00631
G1 X121.885 Y109.66 E.01618
G1 X121.448 Y109.716 E.01491
G1 X121.012 Y109.676 E.01482
G1 X120.575 Y109.547 E.01542
G1 X120.2 Y109.344 E.01443
G1 X119.344 Y109.344 E.02897
G1 X119.344 Y110.932 E.05375
;LAYER_CHANGE
;Z:1.65
;HEIGHT:0.2
G1 Z1.65 F15000
G1 E-2 F2400
G1 Z1.65 F15000
G1 X136.961 Y146.961
G1 Z1.65
G1 E2 F2400
M204 S2500
;TYPE:Perimeter
;WIDTH:0.449999
G1 F4800
G1 X119.039 Y146.961 E.60664
G1 X119.039 Y109.039 E1.28361
G1 X136.961 Y109.039 E.60664
G1 X136.961 Y112.043 E.10168
G1 X136.961 Y146.901 E1.1799
M204 S4000
G1 X136.961 Y146.901 F15000
G1 X137.368 Y147.368
M204 S2500
G1 F4800
G1 X118.632 Y147.368 E.63419
G1 X118.632 Y108.632 E1.31117
G1 X137.368 Y108.632 E.63419
G1 X137.368 Y112.043 E.11546
G1 X137.368 Y147.308 E1.19368
M204 S4000
G1 X137.775 Y147.775 F15000
M204 S2500
;TYPE:External perimeter
G1 F2700
G1 X118.225 Y147.775 E.66174
G1 X118.225 Y108.225 E1.33872
G1 X137.775 Y108.225 E.66174
G1 X137.775 Y112.043 E.12923
G1 X137.775 Y147.715 E1.20745
M204 S4000
G1 X137.379 Y147.774 F15000
G1 E-2 F2400
G1 X126.722 Y110.259 F15000
G1 E2 F2400
M204 S2500
;TYPE:Perimeter
G1 F900
G1 X127.118 Y110.095 E.01451
G1 X127.785 Y109.974 E.02295
G1 X128.31 Y109.979 E.01777
G1 X128.881 Y110.095 E.01972
G1 X129.431 Y110.322 E.02014
G1 X129.926 Y110.653 E.02016
G1 X130.347 Y111.074 E.02015
G1 X130.677 Y111.568 E.02011
G1 X130.905 Y112.118 E.02015
G1 X131.021 Y112.702 E.02015
G1 X131.021 Y113.297 E.02014
G1 X130.905 Y113.881 E.02015
G1 X130.678 Y114.431 E.02014
G1 X130.347 Y114.926 E.02016
G1 X129.926 Y115.347 E.02015
G1 X129.432 Y115.677 E.02011
G1 X128.882 Y115.905 E.02015
G1 X128.298 Y116.021 E.02015
G1 X127.703 Y116.021 E.02014
G1 X127.119 Y115.905 E.02015
G1 X126.569 Y115.678 E.02014
G1 X126.074 Y115.347 E.02016
G1 X125.653 Y114.926 E.02015
G1 X125.323 Y114.432 E.02011
G1 X125.095 Y113.882 E.02015
G1 X124.979 Y113.298 E.02015
G1 X124.979 Y112.703 E.02014
G1 X125.095 Y112.119 E.02015
G1 X125.322 Y111.569 E.02014
G1 X125.653 Y111.074 E.02016
G1 X126.074 Y110.653 E.02015
G1 X126.568 Y110.323 E.02011
G1 X126.666 Y110.282 E.0036
M204 S4000
G1 X126.666 Y110.282 F15000
G1 X126.882 Y110.629
M204 S2500
G1 F900
G1 X127.261 Y110.476 E.01383
G1 X127.844 Y110.377 E.02002
G1 X128.403 Y110.401 E.01894
G1 X128.902 Y110.53 E.01745
G1 X129.366 Y110.753 E.01743
G1 X129.779 Y111.063 E.01748
G1 X130.122 Y111.447 E.01743
G1 X130.385 Y111.891 E.01747
G1 X130.555 Y112.377 E.01743
G1 X130.628 Y112.888 E.01747
G1 X130.599 Y113.403 E.01746
G1 X130.47 Y113.902 E.01745
G1 X130.247 Y114.366 E.01743
G1 X129.937 Y114.779 E.01748
G1 X129.553 Y115.122 E.01743
G1 X129.109 Y115.385 E.01747
G1 X128.638 Y115.552 E.01692
G1 X128.141 Y115.628 E.01702
G1 X127.624 Y115.604 E.01752
G1 X127.098 Y115.47 E.01837
G1 X126.634 Y115.247 E.01743
G1 X126.221 Y114.937 E.01748
G1 X125.878 Y114.553 E.01743
G1 X125.615 Y114.109 E.01747
G1 X125.446 Y113.629 E.01723
G1 X125.38 Y113.232 E.01362
G1 X125.385 Y112.716 E.01747
G1 X125.491 Y112.212 E.01743
G1 X125.693 Y111.737 E.01747
G1 X125.984 Y111.311 E.01746
G1 X126.352 Y110.951 E.01743
G1 X126.783 Y110.668 E.01745
G1 X126.827 Y110.651 E.0016
M204 S4000
G1 X126.827 Y110.651 F15000
G1 X127.097 Y110.973
M204 S2500
;TYPE:External perimeter
G1 F900
G1 X127.447 Y110.846 E.0126
G1 X127.941 Y110.777 E.01688
G1 X128.31 Y110.798 E.01251
G1 X128.734 Y110.9 E.01476
G1 X129.129 Y111.084 E.01475
G1 X129.481 Y111.341 E.01475
G1 X129.777 Y111.662 E.01478
G1 X130.004 Y112.034 E.01475
G1 X130.154 Y112.444 E.01478
G1 X130.221 Y112.874 E.01473
G1 X130.202 Y113.31 E.01477
G1 X130.1 Y113.734 E.01476
G1 X129.916 Y114.129 E.01475
G1 X129.659 Y114.481 E.01475
G1 X129.338 Y114.777 E.01478
G1 X128.966 Y115.004 E.01475
G1 X128.556 Y115.154 E.01478
G1 X128.126 Y115.221 E.01473
G1 X127.69 Y115.202 E.01477
G1 X127.266 Y115.1 E.01476
G1 X126.871 Y114.916 E.01475
G1 X126.519 Y114.659 E.01475
G1 X126.223 Y114.338 E.01478
G1 X125.996 Y113.966 E.01475
G1 X125.846 Y113.556 E.01478
G1 X125.782 Y113.165 E.01341
G1 X125.798 Y112.69 E.01609
G1 X125.9 Y112.266 E.01476
G1 X126.084 Y111.871 E.01475
G1 X126.341 Y111.519 E.01475
G1 X126.662 Y111.223 E.01478
G1 X127.034 Y110.996 E.01475
G1 X127.041 Y110.994 E.00025
M204 S4000
G1 X127.418 Y110.862 F15000
G1 E-2 F2400
G1 X126.212 Y127.561 F15000
G1 E2 F2400
M204 S2500
;TYPE:Perimeter
G1 F900
G1 X126.568 Y127.323 E.0145
G1 X127.118 Y127.095 E.02015
G1 X127.785 Y126.974 E.02295
G1 X128.31 Y126.979 E.01777
G1 X128.881 Y127.095 E.01972
G1 X129.431 Y127.322 E.02014
G1 X129.926 Y127.653 E.02016
G1 X130.347 Y128.074 E.02015
G1 X130.677 Y128.568 E.02011
G1 X130.905 Y129.118 E.02015
G1 X131.021 Y129.702 E.02015
G1 X131.021 Y130.297 E.02014
G1 X130.905 Y130.881 E.02015
G1 X130.678 Y131.431 E.02014
G1 X130.347 Y131.926 E.02016
G1 X129.926 Y132.347 E.02015
G1 X129.432 Y132.677 E.02011
G1 X128.882 Y132.905 E.02015
G1 X128.298 Y133.021 E.02015
G1 X127.703 Y133.021 E.02014
G1 X127.119 Y132.905 E.02015
G1 X126.569 Y132.678 E.02014
G1 X126.074 Y132.347 E.02016
G1 X125.653 Y131.926 E.02015
G1 X125.323 Y131.432 E.02011
G1 X125.095 Y130.882 E.02015
G1 X124.979 Y130.298 E.02015
G1 X124.979 Y129.703 E.02014
G1 X125.095 Y129.119 E.02015
G1 X125.322 Y128.569 E.02014
G1 X125.653 Y128.074 E.02016
G1 X126.074 Y127.653 E.02015
G1 X126.162 Y127.594 E.00359
M204 S4000
G1 X126.162 Y127.594 F15000
G1 X126.398 Y127.921
M204 S2500
G1 F900
G1 X126.447 Y127.878 E.00221
G1 X126.891 Y127.615 E.01747
G1 X127.261 Y127.476 E.01338
G1 X127.844 Y127.377 E.02002
G1 X128.351 Y127.391 E.01717
G1 X128.854 Y127.51 E.0175
G1 X129.366 Y127.753 E.01918
G1 X129.779 Y128.063 E.01748
G1 X130.122 Y128.447 E.01743
G1 X130.385 Y128.891 E.01747
G1 X130.555 Y129.377 E.01743
G1 X130.628 Y129.888 E.01747
G1 X130.599 Y130.403 E.01746
G1 X130.47 Y130.902 E.01745
G1 X130.247 Y131.366 E.01743
G1 X129.937 Y131.779 E.01748
G1 X129.553 Y132.122 E.01743
G1 X129.109 Y132.385 E.01747
G1 X128.628 Y132.554 E.01726
G1 X128.132 Y132.628 E.01697
G1 X127.631 Y132.606 E.01697
G1 X127.098 Y132.47 E.01862
G1 X126.634 Y132.247 E.01743
G1 X126.221 Y131.937 E.01748
G1 X125.878 Y131.553 E.01743
G1 X125.615 Y131.109 E.01747
G1 X125.446 Y130.629 E.01723
G1 X125.372 Y130.132 E.01701
G1 X125.401 Y129.597 E.01814
G1 X125.53 Y129.098 E.01745
G1 X125.753 Y128.634 E.01743
G1 X126.063 Y128.221 E.01748
G1 X126.353 Y127.961 E.01318
M204 S4000
G1 X126.353 Y127.961 F15000
G1 X126.71 Y128.194
M204 S2500
;TYPE:External perimeter
G1 F900
G1 X127.034 Y127.996 E.01285
G1 X127.405 Y127.857 E.01341
G1 X127.903 Y127.779 E.01706
G1 X128.31 Y127.798 E.01379
G1 X128.734 Y127.9 E.01476
G1 X129.129 Y128.084 E.01475
G1 X129.481 Y128.341 E.01475
G1 X129.777 Y128.662 E.01478
G1 X130.004 Y129.034 E.01475
G1 X130.154 Y129.444 E.01478
G1 X130.221 Y129.874 E.01473
G1 X130.202 Y130.31 E.01477
G1 X130.1 Y130.734 E.01476
G1 X129.916 Y131.129 E.01475
G1 X129.659 Y131.481 E.01475
G1 X129.338 Y131.777 E.01478
G1 X128.966 Y132.004 E.01475
G1 X128.556 Y132.154 E.01478
G1 X128.126 Y132.221 E.01473
G1 X127.69 Y132.202 E.01477
G1 X127.266 Y132.1 E.01476
G1 X126.871 Y131.916 E.01475
G1 X126.519 Y131.659 E.01475
G1 X126.223 Y131.338 E.01478
G1 X125.996 Y130.966 E.01475
G1 X125.846 Y130.556 E.01478
G1 X125.779 Y130.126 E.01473
G1 X125.798 Y129.69 E.01477
G1 X125.9 Y129.266 E.01476
G1 X126.084 Y128.871 E.01475
G1 X126.341 Y128.519 E.01475
G1 X126.659 Y128.226 E.01464
M204 S4000
G1 X127.002 Y128.02 F15000
G1 E-2 F2400
G1 X124.915 Y131.271 F15000
G1 E2 F2400
;TYPE:Internal infill
;WIDTH:0.45
G1 F6000
G1 X124.745 Y130.755 E.01839
G1 X124.66 Y130.138 E.02108
G1 X124.706 Y129.441 E.02364
G1 X124.853 Y128.885 E.01947
G1 X124.506 Y128.871 E.01176
G1 X124.069 Y128.943 E.01499
G1 X123.632 Y129.117 E.01592
G1 X123.195 Y129.423 E.01806
G1 X122.322 Y130.239 E.04045
G1 X121.885 Y130.49 E.01706
G1 X121.448 Y130.606 E.0153
G1 X121.012 Y130.623 E.01477
G1 X120.575 Y130.551 E.01499
G1 X120.138 Y130.378 E.01591
G1 X119.701 Y130.071 E.01808
G1 X119.344 Y129.727 E.01678
G1 X119.344 Y126.423 E.11184
G1 X119.701 Y126.745 E.01627
G1 X120.138 Y126.996 E.01706
G1 X120.575 Y127.112 E.0153
G1 X121.012 Y127.129 E.0148
G1 X121.448 Y127.057 E.01496
G1 X121.885 Y126.883 E.01592
G1 X122.322 Y126.577 E.01806
G1 X123.195 Y125.761 E.04045
G1 X123.632 Y125.51 E.01706
G1 X124.069 Y125.394 E.0153
G1 X124.506 Y125.377 E.0148
G1 X124.943 Y125.449 E.01499
G1 X125.379 Y125.622 E.01588
G1 X125.816 Y125.929 E.01808
G1 X126.69 Y126.745 E.04047
G1 X126.892 Y126.861 E.00788
G1 X127.151 Y126.765 E.00935
G1 X127.85 Y126.66 E.02393
G1 X128.453 Y126.686 E.02043
G1 X128.977 Y126.811 E.01823
G1 X129.31 Y126.577 E.01378
G1 X130.184 Y125.761 E.04047
G1 X130.621 Y125.51 E.01706
G1 X131.057 Y125.394 E.01527
G1 X131.494 Y125.377 E.0148
G1 X131.931 Y125.449 E.01499
G1 X132.368 Y125.622 E.01591
G1 X132.805 Y125.929 E.01808
G1 X133.678 Y126.745 E.04045
G1 X134.115 Y126.996 E.01706
G1 X134.552 Y127.112 E.0153
G1 X134.988 Y127.129 E.01477
G1 X135.425 Y127.057 E.01499
G1 X135.862 Y126.883 E.01592
G1 X136.299 Y126.577 E.01806
G1 X136.656 Y126.233 E.01678
G1 X136.656 Y122.928 E.11187
G1 X136.299 Y123.251 E.0163
G1 X135.862 Y123.501 E.01704
G1 X135.425 Y123.618 E.01531
G1 X134.988 Y123.634 E.0148
G1 X134.552 Y123.563 E.01495
G1 X134.115 Y123.389 E.01592
G1 X133.678 Y123.083 E.01806
G1 X132.805 Y122.267 E.04045
G1 X132.368 Y122.016 E.01706
G1 X131.931 Y121.9 E.0153
G1 X131.494 Y121.883 E.0148
G1 X131.057 Y121.954 E.01499
G1 X130.621 Y122.128 E.01589
G1 X130.184 Y122.435 E.01808
G1 X129.31 Y123.251 E.04047
G1 X128.874 Y123.501 E.01701
G1 X128.437 Y123.618 E.01531
G1 X128 Y123.634 E.0148
G1 X127.563 Y123.563 E.01499
G1 X127.126 Y123.389 E.01592
G1 X126.69 Y123.083 E.01803
G1 X125.816 Y122.267 E.04047
G1 X125.379 Y122.016 E.01706
G1 X124.943 Y121.9 E.01527
G1 X124.506 Y121.883 E.0148
G1 X124.069 Y121.954 E.01499
G1 X123.632 Y122.128 E.01592
G1 X123.195 Y122.435 E.01808
G1 X122.322 Y123.251 E.04045
G1 X121.885 Y123.501 E.01704
G1 X121.448 Y123.618 E.01531
G1 X121.012 Y123.634 E.01477
G1 X120.575 Y123.563 E.01499
G1 X120.138 Y123.389 E.01592
G1 X119.701 Y123.083 E.01806
G1 X119.344 Y122.738 E.0168
G1 X119.344 Y119.434 E.11184
G1 X119.701 Y119.756 E.01627
G1 X120.138 Y120.007 E.01706
G1 X120.575 Y120.123 E.0153
G1 X121.012 Y120.14 E.0148
G1 X121.448 Y120.069 E.01495
G1 X121.885 Y119.895 E.01592
G1 X122.322 Y119.588 E.01808
G1 X123.195 Y118.773 E.04043
G1 X123.632 Y118.522 E.01706
G1 X124.069 Y118.405 E.01531
G1 X124.506 Y118.389 E.0148
G1 X124.943 Y118.46 E.01499
G1 X125.379 Y118.634 E.01589
G1 X125.816 Y118.941 E.01808
G1 X126.69 Y119.756 E.04045
G1 X127.126 Y120.007 E.01703
G1 X127.563 Y120.123 E.0153
G1 X128 Y120.14 E.0148
G1 X128.437 Y120.069 E.01499
G1 X128.874 Y119.895 E.01592
G1 X129.31 Y119.588 E.01805
G1 X130.184 Y118.773 E.04045
G1 X130.621 Y118.522 E.01706
G1 X131.057 Y118.405 E.01528
G1 X131.494 Y118.389 E.0148
G1 X131.931 Y118.46 E.01499
G1 X132.368 Y118.634 E.01592
G1 X132.805 Y118.941 E.01808
G1 X133.678 Y119.756 E.04043
G1 X134.115 Y120.007 E.01706
G1 X134.552 Y120.123 E.0153
G1 X134.988 Y120.14 E.01477
G1 X135.425 Y120.069 E.01499
G1 X135.862 Y119.895 E.01592
G1 X136.299 Y119.588 E.01808
G1 X136.656 Y119.244 E.01678
G1 X136.656 Y115.94 E.11184
G1 X136.299 Y116.262 E.01627
G1 X135.862 Y116.513 E.01706
G1 X135.425 Y116.629 E.0153
G1 X134.988 Y116.646 E.0148
G1 X134.552 Y116.575 E.01495
G1 X134.115 Y116.401 E.01592
G1 X133.678 Y116.094 E.01808
G1 X132.805 Y115.278 E.04045
G1 X132.368 Y115.028 E.01704
G1 X131.931 Y114.911 E.01531
G1 X131.494 Y114.895 E.0148
G1 X131.057 Y114.966 E.01499
G1 X130.621 Y115.14 E.01589
G1 X129.31 Y116.262 E.05841
G1 X128.874 Y116.513 E.01703
G1 X128.437 Y116.629 E.0153
G1 X128 Y116.646 E.0148
G1 X127.563 Y116.575 E.01499
G1 X127.126 Y116.401 E.01592
G1 X125.892 Y115.592 E.04995
G1 X125.339 Y115.017 E.027
G1 X124.943 Y114.911 E.01388
G1 X124.506 Y114.895 E.0148
G1 X124.069 Y114.966 E.01499
G1 X123.632 Y115.14 E.01592
G1 X123.195 Y115.446 E.01806
G1 X122.322 Y116.262 E.04045
G1 X121.885 Y116.513 E.01706
G1 X121.448 Y116.629 E.0153
G1 X121.012 Y116.646 E.01477
G1 X120.575 Y116.575 E.01499
G1 X120.138 Y116.401 E.01592
G1 X119.701 Y116.094 E.01808
G1 X119.344 Y115.75 E.01678
G1 X119.344 Y112.446 E.11184
G1 X119.701 Y112.768 E.01627
G1 X120.138 Y113.019 E.01706
G1 X120.575 Y113.135 E.0153
G1 X121.012 Y113.152 E.0148
G1 X121.448 Y113.08 E.01496
G1 X121.885 Y112.906 E.01592
G1 X122.322 Y112.6 E.01806
G1 X123.195 Y111.784 E.04045
G1 X123.632 Y111.533 E.01706
G1 X124.069 Y111.417 E.0153
G1 X124.506 Y111.4 E.0148
G1 X124.943 Y111.472 E.01499
G1 X125.018 Y111.502 E.00273
G1 X124.798 Y112.045 E.01983
G1 X124.692 Y112.51 E.01614
G1 X124.659 Y113.137 E.02125
G1 X124.778 Y113.878 E.0254
G1 E-2 F2400
G1 X124.778 Y113.878 F15000
G1 X119.344 Y111.09
G1 E2 F2400
G1 F6000
G1 X119.344 Y109.344 E.0591
G1 X120.041 Y109.344 E.02359
G1 X120.575 Y109.586 E.01984
G1 X121.012 Y109.658 E.01499
G1 X121.448 Y109.641 E.01477
G1 X121.885 Y109.525 E.0153
G1 X122.199 Y109.344 E.01227
G1 X127.03 Y109.344 E.16352
G1 X127.563 Y109.586 E.01981
G1 X128 Y109.658 E.01499
G1 X128.437 Y109.641 E.0148
G1 X128.874 Y109.525 E.0153
G1 X129.187 Y109.344 E.01224
G1 X134.018 Y109.344 E.16352
G1 X134.552 Y109.586 E.01984
G1 X134.988 Y109.658 E.01496
G1 X135.425 Y109.641 E.0148
G1 X135.862 Y109.525 E.0153
G1 X136.176 Y109.344 E.01227
G1 X136.656 Y109.344 E.01625
G1 X136.656 Y112.256 E.09857
G1 X136.299 Y112.6 E.01678
G1 X135.862 Y112.906 E.01806
G1 X135.425 Y113.08 E.01592
G1 X134.988 Y113.152 E.01499
G1 X134.552 Y113.135 E.01477
G1 X134.115 Y113.019 E.0153
G1 X133.678 Y112.768 E.01706
G1 X132.805 Y111.952 E.04045
G1 X132.368 Y111.646 E.01806
G1 X131.931 Y111.472 E.01592
G1 X131.494 Y111.4 E.01499
G1 X131.057 Y111.417 E.0148
G1 X130.955 Y111.444 E.00357
G1 X131.193 Y112.015 E.02094
G1 X131.341 Y112.863 E.02914
G1 X131.308 Y113.489 E.02122
G1 X131.234 Y113.815 E.01132
G1 E-2 F2400
G1 X131.234 Y113.815 F15000
G1 X131.067 Y131.311
G1 E2 F2400
G1 F6000
G1 X131.308 Y130.489 E.02899
G1 X131.341 Y129.863 E.02122
G1 X131.159 Y128.926 E.03231
G1 X131.494 Y128.871 E.01149
G1 X131.931 Y128.888 E.0148
G1 X132.368 Y129.004 E.0153
G1 X132.805 Y129.255 E.01706
G1 X133.678 Y130.071 E.04045
G1 X134.115 Y130.378 E.01808
G1 X134.552 Y130.551 E.01591
G1 X134.988 Y130.623 E.01496
G1 X135.425 Y130.606 E.0148
G1 X135.862 Y130.49 E.0153
G1 X136.299 Y130.239 E.01706
G1 X136.656 Y129.917 E.01627
G1 X136.656 Y133.221 E.11184
G1 X136.299 Y133.565 E.01678
G1 X135.862 Y133.872 E.01808
G1 X135.425 Y134.046 E.01592
G1 X134.988 Y134.117 E.01499
G1 X134.552 Y134.1 E.01477
G1 X134.115 Y133.984 E.0153
G1 X133.678 Y133.733 E.01706
G1 X132.805 Y132.917 E.04045
G1 X132.368 Y132.611 E.01806
G1 X131.931 Y132.437 E.01592
G1 X131.494 Y132.366 E.01499
G1 X131.057 Y132.382 E.0148
G1 X130.621 Y132.499 E.01528
G1 X130.184 Y132.749 E.01704
G1 X129.31 Y133.565 E.04047
G1 X128.874 Y133.872 E.01805
G1 X128.437 Y134.046 E.01592
G1 X128 Y134.117 E.01499
G1 X127.563 Y134.1 E.0148
G1 X127.126 Y133.984 E.0153
G1 X126.69 Y133.733 E.01703
G1 X125.816 Y132.917 E.04047
G1 X125.379 Y132.611 E.01806
G1 X124.943 Y132.437 E.01589
G1 X124.506 Y132.366 E.01499
G1 X124.069 Y132.382 E.0148
G1 X123.632 Y132.499 E.01531
G1 X123.195 Y132.749 E.01704
G1 X122.322 Y133.565 E.04045
G1 X121.885 Y133.872 E.01808
G1 X121.448 Y134.046 E.01592
G1 X121.012 Y134.117 E.01495
G1 X120.575 Y134.1 E.0148
G1 X120.138 Y133.984 E.0153
G1 X119.701 Y133.733 E.01706
G1 X119.344 Y133.411 E.01627
G1 X119.344 Y136.715 E.11184
G1 X119.701 Y137.059 E.01678
G1 X120.138 Y137.366 E.01808
G1 X120.575 Y137.54 E.01592
G1 X121.012 Y137.611 E.01499
G1 X121.448 Y137.595 E.01477
G1 X121.885 Y137.478 E.01531
G1 X122.322 Y137.227 E.01706
G1 X123.195 Y136.412 E.04043
G1 X123.632 Y136.105 E.01808
G1 X124.069 Y135.931 E.01592
G1 X124.506 Y135.86 E.01499
G1 X124.943 Y135.877 E.0148
G1 X125.379 Y135.993 E.01527
G1 X125.816 Y136.244 E.01706
G1 X126.69 Y137.059 E.04045
G1 X127.126 Y137.366 E.01805
G1 X127.563 Y137.54 E.01592
G1 X128 Y137.611 E.01499
G1 X128.437 Y137.595 E.0148
G1 X128.874 Y137.478 E.01531
G1 X129.31 Y137.227 E.01703
G1 X130.184 Y136.412 E.04045
G1 X130.621 Y136.105 E.01808
G1 X131.057 Y135.931 E.01589
G1 X131.494 Y135.86 E.01499
G1 X131.931 Y135.877 E.0148
G1 X132.368 Y135.993 E.0153
G1 X132.805 Y136.244 E.01706
G1 X133.678 Y137.059 E.04043
G1 X134.115 Y137.366 E.01808
G1 X134.552 Y137.54 E.01592
G1 X134.988 Y137.611 E.01495
G1 X135.425 Y137.595 E.0148
G1 X135.862 Y137.478 E.01531
G1 X136.299 Y137.227 E.01706
G1 X136.656 Y136.905 E.01627
G1 X136.656 Y140.209 E.11184
G1 X136.299 Y140.554 E.0168
G1 X135.862 Y140.86 E.01806
G1 X135.425 Y141.034 E.01592
G1 X134.988 Y141.105 E.01499
G1 X134.552 Y141.089 E.01477
G1 X134.115 Y140.972 E.01531
G1 X133.678 Y140.722 E.01704
G1 X132.805 Y139.906 E.04045
G1 X132.368 Y139.599 E.01808
G1 X131.931 Y139.425 E.01592
G1 X131.494 Y139.354 E.01499
G1 X131.057 Y139.371 E.0148
G1 X130.621 Y139.487 E.01527
G1 X130.184 Y139.738 E.01706
G1 X129.31 Y140.554 E.04047
G1 X128.874 Y140.86 E.01803
G1 X128.437 Y141.034 E.01592
G1 X128 Y141.105 E.01499
G1 X127.563 Y141.089 E.0148
G1 X127.126 Y140.972 E.01531
G1 X126.69 Y140.722 E.01701
G1 X125.816 Y139.906 E.04047
G1 X125.379 Y139.599 E.01808
G1 X124.943 Y139.425 E.01589
G1 X124.506 Y139.354 E.01499
G1 X124.069 Y139.371 E.0148
G1 X123.632 Y139.487 E.0153
G1 X123.195 Y139.738 E.01706
G1 X122.322 Y140.554 E.04045
G1 X121.885 Y140.86 E.01806
G1 X121.448 Y141.034 E.01592
G1 X121.012 Y141.105 E.01495
G1 X120.575 Y141.089 E.0148
G1 X120.138 Y140.972 E.01531
G1 X119.701 Y140.722 E.01704
G1 X119.344 Y140.399 E.0163
G1 X119.344 Y143.704 E.11187
G1 X119.701 Y144.048 E.01678
G1 X120.138 Y144.354 E.01806
G1 X120.575 Y144.528 E.01592
G1 X121.012 Y144.6 E.01499
G1 X121.448 Y144.583 E.01477
G1 X121.885 Y144.467 E.0153
G1 X122.322 Y144.216 E.01706
G1 X123.195 Y143.4 E.04045
G1 X123.632 Y143.094 E.01806
G1 X124.069 Y142.92 E.01592
G1 X124.506 Y142.848 E.01499
G1 X124.943 Y142.865 E.0148
G1 X125.379 Y142.981 E.01527
G1 X125.816 Y143.232 E.01706
G1 X126.69 Y144.048 E.04047
G1 X127.126 Y144.354 E.01803
G1 X127.563 Y144.528 E.01592
G1 X128 Y144.6 E.01499
G1 X128.437 Y144.583 E.0148
G1 X128.874 Y144.467 E.0153
G1 X129.31 Y144.216 E.01703
G1 X130.184 Y143.4 E.04047
G1 X130.621 Y143.094 E.01806
G1 X131.057 Y142.92 E.01589
G1 X131.494 Y142.848 E.01499
G1 X131.931 Y142.865 E.0148
G1 X132.368 Y142.981 E.0153
G1 X132.805 Y143.232 E.01706
G1 X133.678 Y144.048 E.04045
G1 X134.115 Y144.354 E.01806
G1 X134.552 Y144.528 E.01592
G1 X134.988 Y144.6 E.01496
G1 X135.425 Y144.583 E.0148
G1 X135.862 Y144.467 E.0153
G1 X136.299 Y144.216 E.01706
G1 X136.656 Y143.894 E.01627
G1 X136.656 Y146.656 E.09349
G1 X132.464 Y146.656 E.14189
G1 X131.931 Y146.414 E.01981
G1 X131.494 Y146.342 E.01499
G1 X131.057 Y146.359 E.0148
G1 X130.621 Y146.475 E.01527
G1 X130.307 Y146.656 E.01227
G1 X125.476 Y146.656 E.16352
G1 X124.943 Y146.414 E.01981
G1 X124.506 Y146.342 E.01499
G1 X124.069 Y146.359 E.0148
G1 X123.632 Y146.475 E.0153
G1 X123.318 Y146.656 E.01227
G1 X120.876 Y146.656 E.08266
;LAYER_CHANGE
;Z:1.85
;HEIGHT:0.2
G1 Z1.85 F15000
G1 E-2 F2400
G1 Z1.85 F15000
G1 X136.961 Y146.961
G1 Z1.85
G1 E2 F2400
M204 S2500
;TYPE:Perimeter
;WIDTH:0.449999
G1 F4800
G1 X119.039 Y146.961 E.60664
G1 X119.039 Y109.039 E1.28361
G1 X136.961 Y109.039 E.60664
G1 X136.961 Y112.043 E.10168
G1 X136.961 Y146.901 E1.1799
M204 S4000
G1 X136.961 Y146.901 F15000
G1 X137.368 Y147.368
M204 S2500
G1 F4800
G1 X118.632 Y147.368 E.63419
G1 X118.632 Y108.632 E1.31117
G1 X137.368 Y108.632 E.63419
G1 X137.368 Y112.043 E.11546
G1 X137.368 Y147.308 E1.19368
M204 S4000
G1 X137.775 Y147.775 F15000
M204 S2500
;TYPE:External perimeter
G1 F2700
G1 X118.225 Y147.775 E.66174
G1 X118.225 Y108.225 E1.33872
G1 X137.775 Y108.225 E.66174
G1 X137.775 Y112.043 E.12923
G1 X137.775 Y147.715 E1.20745
M204 S4000
G1 X137.379 Y147.774 F15000
G1 E-2 F2400
G1 X126.722 Y110.259 F15000
G1 E2 F2400
M204 S2500
;TYPE:Perimeter
G1 F900
G1 X127.118 Y110.095 E.01451
G1 X127.774 Y109.974 E.02258
G1 X128.308 Y109.979 E.01808
G1 X128.881 Y110.095 E.01979
G1 X129.431 Y110.322 E.02014
G1 X129.926 Y110.653 E.02016
G1 X130.347 Y111.074 E.02015
G1 X130.677 Y111.568 E.02011
G1 X130.905 Y112.118 E.02015
G1 X131.021 Y112.702 E.02015
G1 X131.021 Y113.297 E.02014
G1 X130.905 Y113.881 E.02015
G1 X130.678 Y114.431 E.02014
G1 X130.347 Y114.926 E.02016
G1 X129.926 Y115.347 E.02015
G1 X129.432 Y115.677 E.02011
G1 X128.882 Y115.905 E.02015
G1 X128.298 Y116.021 E.02015
G1 X127.703 Y116.021 E.02014
G1 X127.119 Y115.905 E.02015
G1 X126.569 Y115.678 E.02014
G1 X126.074 Y115.347 E.02016
G1 X125.653 Y114.926 E.02015
G1 X125.323 Y114.432 E.02011
G1 X125.095 Y113.882 E.02015
G1 X124.979 Y113.298 E.02015
G1 X124.979 Y112.703 E.02014
G1 X125.095 Y112.119 E.02015
G1 X125.322 Y111.569 E.02014
G1 X125.653 Y111.074 E.02016
G1 X126.074 Y110.653 E.02015
G1 X126.568 Y110.323 E.02011
G1 X126.666 Y110.282 E.0036
M204 S4000
G1 X126.666 Y110.282 F15000
G1 X126.882 Y110.629
M204 S2500
G1 F900
G1 X127.261 Y110.476 E.01383
G1 X127.834 Y110.377 E.01968
G1 X128.403 Y110.401 E.01928
G1 X128.902 Y110.53 E.01745
G1 X129.366 Y110.753 E.01743
G1 X129.779 Y111.063 E.01748
G1 X130.122 Y111.447 E.01743
G1 X130.385 Y111.891 E.01747
G1 X130.555 Y112.377 E.01743
G1 X130.628 Y112.888 E.01747
G1 X130.599 Y113.403 E.01746
G1 X130.47 Y113.902 E.01745
G1 X130.247 Y114.366 E.01743
G1 X129.937 Y114.779 E.01748
G1 X129.553 Y115.122 E.01743
G1 X129.109 Y115.385 E.01747
G1 X128.638 Y115.552 E.01692
G1 X128.139 Y115.628 E.01709
G1 X127.622 Y115.604 E.01752
G1 X127.098 Y115.47 E.01831
G1 X126.634 Y115.247 E.01743
G1 X126.221 Y114.937 E.01748
G1 X125.878 Y114.553 E.01743
G1 X125.615 Y114.109 E.01747
G1 X125.446 Y113.629 E.01723
G1 X125.38 Y113.232 E.01362
G1 X125.385 Y112.716 E.01747
G1 X125.491 Y112.212 E.01743
G1 X125.693 Y111.737 E.01747
G1 X125.984 Y111.311 E.01746
G1 X126.352 Y110.951 E.01743
G1 X126.783 Y110.668 E.01745
G1 X126.827 Y110.651 E.0016
M204 S4000
G1 X126.827 Y110.651 F15000
G1 X127.082 Y110.979
M204 S2500
;TYPE:External perimeter
G1 F900
G1 X127.447 Y110.846 E.01315
G1 X127.932 Y110.778 E.01658
G1 X128.31 Y110.798 E.01281
G1 X128.734 Y110.9 E.01476
G1 X129.129 Y111.084 E.01475
G1 X129.481 Y111.341 E.01475
G1 X129.777 Y111.662 E.01478
G1 X130.004 Y112.034 E.01475
G1 X130.154 Y112.444 E.01478
G1 X130.221 Y112.874 E.01473
G1 X130.202 Y113.31 E.01477
G1 X130.1 Y113.734 E.01476
G1 X129.916 Y114.129 E.01475
G1 X129.659 Y114.481 E.01475
G1 X129.338 Y114.777 E.01478
G1 X128.966 Y115.004 E.01475
G1 X128.556 Y115.154 E.01478
G1 X128.126 Y115.221 E.01473
G1 X127.69 Y115.202 E.01477
G1 X127.266 Y115.1 E.01476
G1 X126.871 Y114.916 E.01475
G1 X126.519 Y114.659 E.01475
G1 X126.223 Y114.338 E.01478
G1 X125.996 Y113.966 E.01475
G1 X125.846 Y113.556 E.01478
G1 X125.782 Y113.165 E.01341
G1 X125.798 Y112.69 E.01609
G1 X125.9 Y112.266 E.01476
G1 X126.084 Y111.871 E.01475
G1 X126.341 Y111.519 E.01475
G1 X126.662 Y111.223 E.01478
G1 X127.027 Y111.001 E.01446
M204 S4000
G1 X127.403 Y110.865 F15000
G1 E-2 F2400
G1 X126.212 Y127.561 F15000
G1 E2 F2400
M204 S2500
;TYPE:Perimeter
G1 F900
G1 X126.568 Y127.323 E.0145
G1 X127.118 Y127.095 E.02015
G1 X127.774 Y126.974 E.02258
G1 X128.308 Y126.979 E.01808
G1 X128.881 Y127.095 E.01979
G1 X129.431 Y127.322 E.02014
G1 X129.926 Y127.653 E.02016
G1 X130.347 Y128.074 E.02015
G1 X130.677 Y128.568 E.02011
G1 X130.905 Y129.118 E.02015
G1 X131.021 Y129.702 E.02015
G1 X131.021 Y130.297 E.02014
G1 X130.905 Y130.881 E.02015
G1 X130.678 Y131.431 E.02014
G1 X130.347 Y131.926 E.02016
G1 X129.926 Y132.347 E.02015
G1 X129.432 Y132.677 E.02011
G1 X128.882 Y132.905 E.02015
G1 X128.298 Y133.021 E.02015
G1 X127.703 Y133.021 E.02014
G1 X127.119 Y132.905 E.02015
G1 X126.569 Y132.678 E.02014
G1 X126.074 Y132.347 E.02016
G1 X125.653 Y131.926 E.02015
G1 X125.323 Y131.432 E.02011
G1 X125.095 Y130.882 E.02015
G1 X124.979 Y130.298 E.02015
G1 X124.979 Y129.703 E.02014
G1 X125.095 Y129.119 E.02015
G1 X125.322 Y128.569 E.02014
G1 X125.653 Y128.074 E.02016
G1 X126.074 Y127.653 E.02015
G1 X126.162 Y127.595 E.00357
M204 S4000
G1 X126.162 Y127.595 F15000
G1 X126.398 Y127.922
M204 S2500
G1 F900
G1 X126.447 Y127.878 E.00223
G1 X126.783 Y127.668 E.01341
G1 X127.261 Y127.476 E.01744
G1 X127.834 Y127.377 E.01968
G1 X128.351 Y127.391 E.01751
G1 X128.854 Y127.51 E.0175
G1 X129.366 Y127.753 E.01918
G1 X129.779 Y128.063 E.01748
G1 X130.122 Y128.447 E.01743
G1 X130.385 Y128.891 E.01747
G1 X130.555 Y129.377 E.01743
G1 X130.628 Y129.888 E.01747
G1 X130.599 Y130.403 E.01746
G1 X130.47 Y130.902 E.01745
G1 X130.247 Y131.366 E.01743
G1 X129.937 Y131.779 E.01748
G1 X129.553 Y132.122 E.01743
G1 X129.109 Y132.385 E.01747
G1 X128.628 Y132.554 E.01726
G1 X128.132 Y132.628 E.01697
G1 X127.631 Y132.606 E.01697
G1 X127.098 Y132.47 E.01862
G1 X126.634 Y132.247 E.01743
G1 X126.221 Y131.937 E.01748
G1 X125.878 Y131.553 E.01743
G1 X125.615 Y131.109 E.01747
G1 X125.446 Y130.629 E.01723
G1 X125.372 Y130.132 E.01701
G1 X125.401 Y129.597 E.01814
G1 X125.53 Y129.098 E.01745
G1 X125.753 Y128.634 E.01743
G1 X126.063 Y128.221 E.01748
G1 X126.353 Y127.962 E.01316
M204 S4000
G1 X126.353 Y127.962 F15000
G1 X126.698 Y128.201
M204 S2500
;TYPE:External perimeter
G1 F900
G1 X126.998 Y128.014 E.01197
G1 X127.447 Y127.846 E.01623
G1 X127.932 Y127.778 E.01658
G1 X128.31 Y127.798 E.01281
G1 X128.734 Y127.9 E.01476
G1 X129.129 Y128.084 E.01475
G1 X129.481 Y128.341 E.01475
G1 X129.777 Y128.662 E.01478
G1 X130.004 Y129.034 E.01475
G1 X130.154 Y129.444 E.01478
G1 X130.221 Y129.874 E.01473
G1 X130.202 Y130.31 E.01477
G1 X130.1 Y130.734 E.01476
G1 X129.916 Y131.129 E.01475
G1 X129.659 Y131.481 E.01475
G1 X129.338 Y131.777 E.01478
G1 X128.966 Y132.004 E.01475
G1 X128.556 Y132.154 E.01478
G1 X128.126 Y132.221 E.01473
G1 X127.69 Y132.202 E.01477
G1 X127.266 Y132.1 E.01476
G1 X126.871 Y131.916 E.01475
G1 X126.519 Y131.659 E.01475
G1 X126.223 Y131.338 E.01478
G1 X125.996 Y130.966 E.01475
G1 X125.846 Y130.556 E.01478
G1 X125.779 Y130.126 E.01473
G1 X125.798 Y129.69 E.01477
G1 X125.9 Y129.266 E.01476
G1 X126.084 Y128.871 E.01475
G1 X126.341 Y128.519 E.01475
G1 X126.649 Y128.235 E.01418
M204 S4000
G1 X126.992 Y128.028 F15000
G1 E-2 F2400
G1 X124.931 Y131.313 F15000
G1 E2 F2400
;TYPE:Internal infill
;WIDTH:0.45
G1 F6000
G1 X124.745 Y130.755 E.01991
G1 X124.66 Y130.138 E.02108
G1 X124.706 Y129.441 E.02364
G1 X124.839 Y128.927 E.01797
G1 X124.506 Y128.871 E.01143
G1 X124.069 Y128.886 E.0148
G1 X123.632 Y129.001 E.0153
G1 X123.195 Y129.25 E.01702
G1 X122.322 Y130.066 E.04045
G1 X121.885 Y130.374 E.0181
G1 X121.448 Y130.55 E.01595
G1 X121.012 Y130.623 E.01496
G1 X120.575 Y130.608 E.0148
G1 X120.138 Y130.493 E.0153
G1 X119.701 Y130.244 E.01702
G1 X119.344 Y129.923 E.01625
G1 X119.344 Y133.215 E.11143
G1 X119.701 Y133.56 E.0168
G1 X120.138 Y133.869 E.01812
G1 X120.575 Y134.044 E.01593
G1 X121.012 Y134.117 E.015
G1 X121.448 Y134.102 E.01477
G1 X121.885 Y133.988 E.01529
G1 X122.322 Y133.739 E.01702
G1 X123.195 Y132.922 E.04047
G1 X123.632 Y132.614 E.0181
G1 X124.069 Y132.438 E.01595
G1 X124.506 Y132.365 E.015
G1 X124.943 Y132.38 E.0148
G1 X125.379 Y132.495 E.01526
G1 X125.816 Y132.744 E.01702
G1 X126.69 Y133.56 E.04047
G1 X127.126 Y133.869 E.01809
G1 X127.563 Y134.044 E.01593
G1 X128 Y134.117 E.015
G1 X128.437 Y134.102 E.0148
G1 X128.874 Y133.988 E.01529
G1 X129.31 Y133.739 E.017
G1 X130.184 Y132.922 E.0405
G1 X130.621 Y132.614 E.0181
G1 X131.057 Y132.438 E.01592
G1 X131.494 Y132.365 E.015
G1 X131.931 Y132.38 E.0148
G1 X132.368 Y132.495 E.0153
G1 X132.805 Y132.744 E.01702
G1 X133.678 Y133.56 E.04045
G1 X134.115 Y133.869 E.01812
G1 X134.552 Y134.044 E.01593
G1 X134.988 Y134.117 E.01496
G1 X135.425 Y134.102 E.0148
G1 X135.862 Y133.988 E.01529
G1 X136.299 Y133.739 E.01702
G1 X136.656 Y133.417 E.01627
G1 X136.656 Y136.71 E.11146
G1 X136.299 Y137.055 E.0168
G1 X135.862 Y137.363 E.0181
G1 X135.425 Y137.539 E.01595
G1 X134.988 Y137.611 E.01499
G1 X134.552 Y137.596 E.01477
G1 X134.115 Y137.482 E.01529
G1 X133.678 Y137.233 E.01702
G1 X132.805 Y136.416 E.04047
G1 X132.368 Y136.108 E.0181
G1 X131.931 Y135.933 E.01593
G1 X131.494 Y135.86 E.015
G1 X131.057 Y135.875 E.0148
G1 X130.621 Y135.989 E.01525
G1 X130.184 Y136.238 E.01702
G1 X129.31 Y137.055 E.0405
G1 X128.874 Y137.363 E.01807
G1 X128.437 Y137.539 E.01595
G1 X128 Y137.611 E.01499
G1 X127.563 Y137.596 E.0148
G1 X127.126 Y137.482 E.01529
G1 X126.69 Y137.233 E.017
G1 X125.816 Y136.416 E.0405
G1 X125.379 Y136.108 E.0181
G1 X124.943 Y135.933 E.0159
G1 X124.506 Y135.86 E.015
G1 X124.069 Y135.875 E.0148
G1 X123.632 Y135.989 E.01529
G1 X123.195 Y136.238 E.01702
G1 X122.322 Y137.055 E.04047
G1 X121.885 Y137.363 E.0181
G1 X121.448 Y137.539 E.01595
G1 X121.012 Y137.611 E.01496
G1 X120.575 Y137.596 E.0148
G1 X120.138 Y137.482 E.01529
G1 X119.701 Y137.233 E.01702
G1 X119.344 Y136.911 E.01627
G1 X119.344 Y140.204 E.11146
G1 X119.701 Y140.549 E.0168
G1 X120.138 Y140.857 E.0181
G1 X120.575 Y141.033 E.01595
G1 X121.012 Y141.106 E.015
G1 X121.448 Y141.091 E.01477
G1 X121.885 Y140.976 E.0153
G1 X122.322 Y140.727 E.01702
G1 X123.195 Y139.911 E.04045
G1 X123.632 Y139.602 E.01812
G1 X124.069 Y139.427 E.01593
G1 X124.506 Y139.354 E.015
G1 X124.943 Y139.369 E.0148
G1 X125.379 Y139.483 E.01525
G1 X125.816 Y139.733 E.01704
G1 X126.69 Y140.549 E.04047
G1 X127.126 Y140.857 E.01807
G1 X127.563 Y141.033 E.01595
G1 X128 Y141.106 E.015
G1 X128.437 Y141.091 E.0148
G1 X128.874 Y140.976 E.0153
G1 X129.31 Y140.727 E.017
G1 X130.184 Y139.911 E.04047
G1 X130.621 Y139.602 E.01812
G1 X131.057 Y139.427 E.0159
G1 X131.494 Y139.354 E.015
G1 X131.931 Y139.369 E.0148
G1 X132.368 Y139.483 E.01529
G1 X132.805 Y139.733 E.01704
G1 X133.678 Y140.549 E.04045
G1 X134.115 Y140.857 E.0181
G1 X134.552 Y141.033 E.01595
G1 X134.988 Y141.106 E.01496
G1 X135.425 Y141.091 E.0148
G1 X135.862 Y140.976 E.0153
G1 X136.299 Y140.727 E.01702
G1 X136.656 Y140.405 E.01627
G1 X136.656 Y143.698 E.11146
G1 X136.299 Y144.043 E.0168
G1 X135.862 Y144.351 E.0181
G1 X135.425 Y144.527 E.01595
G1 X134.988 Y144.6 E.015
G1 X134.552 Y144.585 E.01477
G1 X134.115 Y144.47 E.0153
G1 X133.678 Y144.221 E.01702
G1 X132.805 Y143.405 E.04045
G1 X132.368 Y143.097 E.0181
G1 X131.931 Y142.921 E.01595
G1 X131.494 Y142.848 E.015
G1 X131.057 Y142.863 E.0148
G1 X130.621 Y142.978 E.01526
G1 X130.184 Y143.227 E.01702
G1 X129.31 Y144.043 E.04047
G1 X128.874 Y144.351 E.01807
G1 X128.437 Y144.527 E.01595
G1 X128 Y144.6 E.015
G1 X127.563 Y144.585 E.0148
G1 X127.126 Y144.47 E.0153
G1 X126.69 Y144.221 E.017
G1 X125.816 Y143.405 E.04047
G1 X125.379 Y143.097 E.0181
G1 X124.943 Y142.921 E.01592
G1 X124.506 Y142.848 E.015
G1 X124.069 Y142.863 E.0148
G1 X123.632 Y142.978 E.0153
G1 X123.195 Y143.227 E.01702
G1 X122.322 Y144.043 E.04045
G1 X121.885 Y144.351 E.0181
G1 X121.448 Y144.527 E.01595
G1 X121.012 Y144.6 E.01496
G1 X120.575 Y144.585 E.0148
G1 X120.138 Y144.47 E.0153
G1 X119.701 Y144.221 E.01702
G1 X119.344 Y143.899 E.01627
G1 X119.344 Y146.656 E.09332
G1 X123.541 Y146.656 E.14206
G1 X124.069 Y146.415 E.01965
G1 X124.506 Y146.342 E.015
G1 X124.943 Y146.357 E.0148
G1 X125.379 Y146.472 E.01526
G1 X125.701 Y146.656 E.01255
G1 X130.529 Y146.656 E.16342
G1 X131.057 Y146.415 E.01965
G1 X131.494 Y146.342 E.015
G1 X131.931 Y146.357 E.0148
G1 X132.368 Y146.472 E.0153
G1 X132.69 Y146.656 E.01255
G1 X135.132 Y146.656 E.08266
G1 E-2 F2400
G1 X135.132 Y146.656 F15000
G1 X131.086 Y131.269
G1 E2 F2400
G1 F6000
G1 X131.308 Y130.489 E.02745
G1 X131.341 Y129.863 E.02122
G1 X131.258 Y129.258 E.02067
G1 X131.143 Y128.883 E.01328
G1 X131.494 Y128.871 E.01189
G1 X131.931 Y128.944 E.015
G1 X132.368 Y129.12 E.01595
G1 X132.805 Y129.428 E.0181
G1 X133.678 Y130.244 E.04045
G1 X134.115 Y130.493 E.01702
G1 X134.552 Y130.608 E.0153
G1 X134.988 Y130.623 E.01477
G1 X135.425 Y130.55 E.015
G1 X135.862 Y130.374 E.01595
G1 X136.299 Y130.066 E.0181
G1 X136.656 Y129.721 E.0168
G1 X136.656 Y126.428 E.11146
G1 X136.299 Y126.75 E.01627
G1 X135.862 Y126.999 E.01702
G1 X135.425 Y127.114 E.0153
G1 X134.988 Y127.129 E.0148
G1 X134.552 Y127.056 E.01496
G1 X134.115 Y126.88 E.01595
G1 X133.678 Y126.572 E.0181
G1 X132.805 Y125.756 E.04045
G1 X132.368 Y125.507 E.01702
G1 X131.931 Y125.392 E.0153
G1 X131.494 Y125.377 E.0148
G1 X131.057 Y125.45 E.015
G1 X130.621 Y125.626 E.01592
G1 X130.184 Y125.934 E.0181
G1 X129.31 Y126.75 E.04047
G1 X129.128 Y126.854 E.0071
G1 X128.452 Y126.686 E.02358
G1 X127.843 Y126.66 E.02063
G1 X127.028 Y126.81 E.02805
G1 X126.69 Y126.572 E.01399
G1 X125.816 Y125.756 E.04047
G1 X125.379 Y125.507 E.01702
G1 X124.943 Y125.392 E.01526
G1 X124.506 Y125.377 E.0148
G1 X124.069 Y125.45 E.015
G1 X123.632 Y125.626 E.01595
G1 X123.195 Y125.934 E.0181
G1 X122.322 Y126.75 E.04045
G1 X121.885 Y126.999 E.01702
G1 X121.448 Y127.114 E.0153
G1 X121.012 Y127.129 E.01477
G1 X120.575 Y127.056 E.015
G1 X120.138 Y126.88 E.01595
G1 X119.701 Y126.572 E.0181
G1 X119.344 Y126.227 E.0168
G1 X119.344 Y122.934 E.11146
G1 X119.701 Y123.256 E.01627
G1 X120.138 Y123.505 E.01702
G1 X120.575 Y123.62 E.0153
G1 X121.012 Y123.635 E.0148
G1 X121.448 Y123.562 E.01496
G1 X121.885 Y123.386 E.01595
G1 X122.322 Y123.078 E.0181
G1 X123.195 Y122.262 E.04045
G1 X123.632 Y122.012 E.01704
G1 X124.069 Y121.898 E.01529
G1 X124.506 Y121.883 E.0148
G1 X124.943 Y121.956 E.015
G1 X125.379 Y122.131 E.0159
G1 X125.816 Y122.44 E.01812
G1 X126.69 Y123.256 E.04047
G1 X127.126 Y123.505 E.017
G1 X127.563 Y123.62 E.0153
G1 X128 Y123.635 E.0148
G1 X128.437 Y123.562 E.015
G1 X128.874 Y123.386 E.01595
G1 X129.31 Y123.078 E.01807
G1 X130.184 Y122.262 E.04047
G1 X130.621 Y122.012 E.01704
G1 X131.057 Y121.898 E.01525
G1 X131.494 Y121.883 E.0148
G1 X131.931 Y121.956 E.015
G1 X132.368 Y122.131 E.01593
G1 X132.805 Y122.44 E.01812
G1 X133.678 Y123.256 E.04045
G1 X134.115 Y123.505 E.01702
G1 X134.552 Y123.62 E.0153
G1 X134.988 Y123.635 E.01477
G1 X135.425 Y123.562 E.015
G1 X135.862 Y123.386 E.01595
G1 X136.299 Y123.078 E.0181
G1 X136.656 Y122.733 E.0168
G1 X136.656 Y119.44 E.11146
G1 X136.299 Y119.762 E.01627
G1 X135.862 Y120.011 E.01702
G1 X135.425 Y120.125 E.01529
G1 X134.988 Y120.14 E.0148
G1 X134.552 Y120.067 E.01496
G1 X134.115 Y119.892 E.01593
G1 X133.678 Y119.584 E.0181
G1 X132.805 Y118.767 E.04047
G1 X132.368 Y118.518 E.01702
G1 X131.931 Y118.404 E.01529
G1 X131.494 Y118.389 E.0148
G1 X131.057 Y118.462 E.015
G1 X130.621 Y118.637 E.0159
G1 X130.184 Y118.945 E.0181
G1 X129.31 Y119.762 E.0405
G1 X128.874 Y120.011 E.017
G1 X128.437 Y120.125 E.01529
G1 X128 Y120.14 E.0148
G1 X127.563 Y120.067 E.015
G1 X127.126 Y119.892 E.01593
G1 X126.69 Y119.584 E.01807
G1 X125.816 Y118.767 E.0405
G1 X125.379 Y118.518 E.01702
G1 X124.943 Y118.404 E.01525
G1 X124.506 Y118.389 E.0148
G1 X124.069 Y118.462 E.015
G1 X123.632 Y118.637 E.01593
G1 X123.195 Y118.945 E.0181
G1 X122.322 Y119.762 E.04047
G1 X121.885 Y120.011 E.01702
G1 X121.448 Y120.125 E.01529
G1 X121.012 Y120.14 E.01477
G1 X120.575 Y120.067 E.015
G1 X120.138 Y119.892 E.01593
G1 X119.701 Y119.584 E.0181
G1 X119.344 Y119.238 E.01683
G1 X119.344 Y115.946 E.11143
G1 X119.701 Y116.267 E.01625
G1 X120.138 Y116.517 E.01704
G1 X120.575 Y116.631 E.01529
G1 X121.012 Y116.646 E.0148
G1 X121.448 Y116.573 E.01496
G1 X121.885 Y116.398 E.01593
G1 X122.322 Y116.089 E.01812
G1 X123.195 Y115.273 E.04045
G1 X123.632 Y115.024 E.01702
G1 X124.069 Y114.909 E.0153
G1 X124.506 Y114.894 E.0148
G1 X124.943 Y114.967 E.015
G1 X125.379 Y115.143 E.01592
G1 X126.69 Y116.267 E.05845
G1 X127.126 Y116.517 E.01701
G1 X127.563 Y116.631 E.01529
G1 X128 Y116.646 E.0148
G1 X128.437 Y116.573 E.015
G1 X128.874 Y116.398 E.01593
G1 X130.131 Y115.573 E.05089
G1 X130.66 Y115.014 E.02605
G1 X131.057 Y114.909 E.0139
G1 X131.494 Y114.894 E.0148
G1 X131.931 Y114.967 E.015
G1 X132.368 Y115.143 E.01595
G1 X132.805 Y115.451 E.0181
G1 X133.678 Y116.267 E.04045
G1 X134.115 Y116.517 E.01704
G1 X134.552 Y116.631 E.01529
G1 X134.988 Y116.646 E.01477
G1 X135.425 Y116.573 E.015
G1 X135.862 Y116.398 E.01593
G1 X136.299 Y116.089 E.01812
G1 X136.656 Y115.744 E.0168
G1 X136.656 Y112.452 E.11143
G1 X136.299 Y112.773 E.01625
G1 X135.862 Y113.022 E.01702
G1 X135.425 Y113.137 E.0153
G1 X134.988 Y113.152 E.0148
G1 X134.552 Y113.079 E.01496
G1 X134.115 Y112.903 E.01595
G1 X133.678 Y112.595 E.0181
G1 X132.805 Y111.779 E.04045
G1 X132.368 Y111.53 E.01702
G1 X131.931 Y111.415 E.0153
G1 X131.494 Y111.4 E.0148
G1 X131.057 Y111.473 E.015
G1 X130.984 Y111.503 E.00267
G1 X131.258 Y112.258 E.02719
G1 X131.341 Y112.863 E.02067
G1 X131.308 Y113.489 E.02122
G1 X131.219 Y113.879 E.01354
G1 E-2 F2400
G1 X131.219 Y113.879 F15000
G1 X136.656 Y111.085
G1 E2 F2400
G1 F6000
G1 X136.656 Y109.344 E.05893
G1 X135.954 Y109.344 E.02376
G1 X135.425 Y109.585 E.01968
G1 X134.988 Y109.658 E.015
G1 X134.552 Y109.643 E.01477
G1 X134.115 Y109.528 E.0153
G1 X133.793 Y109.344 E.01255
G1 X128.965 Y109.344 E.16342
G1 X128.437 Y109.585 E.01965
G1 X128 Y109.658 E.015
G1 X127.563 Y109.643 E.0148
G1 X127.126 Y109.528 E.0153
G1 X126.804 Y109.344 E.01255
G1 X121.977 Y109.344 E.16339
G1 X121.448 Y109.585 E.01968
G1 X121.012 Y109.658 E.01496
G1 X120.575 Y109.643 E.0148
G1 X120.138 Y109.528 E.0153
G1 X119.816 Y109.344 E.01255
G1 X119.344 Y109.344 E.01598
G1 X119.344 Y112.25 E.09836
G1 X119.701 Y112.595 E.0168
G1 X120.138 Y112.903 E.0181
G1 X120.575 Y113.079 E.01595
G1 X121.012 Y113.152 E.015
G1 X121.448 Y113.137 E.01477
G1 X121.885 Y113.022 E.0153
G1 X122.322 Y112.773 E.01702
G1 X123.195 Y111.957 E.04045
G1 X123.632 Y111.649 E.0181
G1 X124.069 Y111.473 E.01595
G1 X124.506 Y111.4 E.015
G1 X124.943 Y111.415 E.0148
G1 X125.045 Y111.442 E.00357
G1 X124.798 Y112.045 E.02206
G1 X124.692 Y112.51 E.01614
G1 X124.659 Y113.137 E.02125
G1 X124.761 Y113.814 E.02317
;LAYER_CHANGE
;Z:2.05
;HEIGHT:0.2
G1 Z2.05 F15000
G1 E-2 F2400
G1 Z2.05 F15000
G1 X136.961 Y146.961
G1 Z2.05
G1 E2 F2400
M204 S2500
;TYPE:Perimeter
;WIDTH:0.449999
G1 F4800
G1 X119.039 Y146.961 E.60664
G1 X119.039 Y109.039 E1.28361
G1 X136.961 Y109.039 E.60664
G1 X136.961 Y112.043 E.10168
G1 X136.961 Y146.901 E1.1799
M204 S4000
G1 X136.961 Y146.901 F15000
G1 X137.368 Y147.368
M204 S2500
G1 F4800
G1 X118.632 Y147.368 E.63419
G1 X118.632 Y108.632 E1.31117
G1 X137.368 Y108.632 E.63419
G1 X137.368 Y112.043 E.11546
G1 X137.368 Y147.308 E1.19368
M204 S4000
G1 X137.775 Y147.775 F15000
M204 S2500
;TYPE:External perimeter
G1 F2700
G1 X118.225 Y147.775 E.66174
G1 X118.225 Y108.225 E1.33872
G1 X137.775 Y108.225 E.66174
G1 X137.775 Y112.043 E.12923
G1 X137.775 Y147.715 E1.20745
M204 S4000
G1 X137.379 Y147.774 F15000
G1 E-2 F2400
G1 X126.722 Y110.259 F15000
G1 E2 F2400
M204 S2500
;TYPE:Perimeter
G1 F900
G1 X127.118 Y110.095 E.01451
G1 X127.762 Y109.975 E.02217
G1 X128.306 Y109.979 E.01841
G1 X128.881 Y110.095 E.01986
G1 X129.431 Y110.322 E.02014
G1 X129.926 Y110.653 E.02016
G1 X130.347 Y111.074 E.02015
G1 X130.677 Y111.568 E.02011
G1 X130.905 Y112.118 E.02015
G1 X131.021 Y112.702 E.02015
G1 X131.021 Y113.297 E.02014
G1 X130.905 Y113.881 E.02015
G1 X130.678 Y114.431 E.02014
G1 X130.347 Y114.926 E.02016
G1 X129.926 Y115.347 E.02015
G1 X129.432 Y115.677 E.02011
G1 X128.882 Y115.905 E.02015
G1 X128.298 Y116.021 E.02015
G1 X127.703 Y116.021 E.02014
G1 X127.119 Y115.905 E.02015
G1 X126.569 Y115.678 E.02014
G1 X126.074 Y115.347 E.02016
G1 X125.653 Y114.926 E.02015
G1 X125.323 Y114.432 E.02011
G1 X125.095 Y113.882 E.02015
G1 X124.979 Y113.298 E.02015
G1 X124.979 Y112.703 E.02014
G1 X125.095 Y112.119 E.02015
G1 X125.322 Y111.569 E.02014
G1 X125.653 Y111.074 E.02016
G1 X126.074 Y110.653 E.02015
G1 X126.568 Y110.323 E.02011
G1 X126.666 Y110.282 E.0036
M204 S4000
G1 X126.666 Y110.282 F15000
G1 X126.882 Y110.629
M204 S2500
G1 F900
G1 X127.262 Y110.476 E.01387
G1 X127.823 Y110.377 E.01928
G1 X128.403 Y110.401 E.01965
G1 X128.902 Y110.53 E.01745
G1 X129.366 Y110.753 E.01743
G1 X129.779 Y111.063 E.01748
G1 X130.122 Y111.447 E.01743
G1 X130.385 Y111.891 E.01747
G1 X130.555 Y112.377 E.01743
G1 X130.628 Y112.888 E.01747
G1 X130.599 Y113.403 E.01746
G1 X130.47 Y113.902 E.01745
G1 X130.247 Y114.366 E.01743
G1 X129.937 Y114.779 E.01748
G1 X129.553 Y115.122 E.01743
G1 X129.109 Y115.385 E.01747
G1 X128.638 Y115.552 E.01692
G1 X128.137 Y115.628 E.01715
G1 X127.621 Y115.604 E.01748
G1 X127.098 Y115.47 E.01827
G1 X126.634 Y115.247 E.01743
G1 X126.221 Y114.937 E.01748
G1 X125.878 Y114.553 E.01743
G1 X125.615 Y114.109 E.01747
G1 X125.446 Y113.629 E.01723
G1 X125.38 Y113.232 E.01362
G1 X125.385 Y112.716 E.01747
G1 X125.491 Y112.212 E.01743
G1 X125.693 Y111.737 E.01747
G1 X125.984 Y111.311 E.01746
G1 X126.352 Y110.951 E.01743
G1 X126.783 Y110.668 E.01745
G1 X126.827 Y110.651 E.0016
M204 S4000
G1 X126.827 Y110.651 F15000
G1 X127.068 Y110.984
M204 S2500
;TYPE:External perimeter
G1 F900
G1 X127.447 Y110.846 E.01365
G1 X127.922 Y110.778 E.01624
G1 X128.31 Y110.798 E.01315
G1 X128.734 Y110.9 E.01476
G1 X129.129 Y111.084 E.01475
G1 X129.481 Y111.341 E.01475
G1 X129.777 Y111.662 E.01478
G1 X130.004 Y112.034 E.01475
G1 X130.154 Y112.444 E.01478
G1 X130.221 Y112.874 E.01473
G1 X130.202 Y113.31 E.01477
G1 X130.1 Y113.734 E.01476
G1 X129.916 Y114.129 E.01475
G1 X129.659 Y114.481 E.01475
G1 X129.338 Y114.777 E.01478
G1 X128.966 Y115.004 E.01475
G1 X128.556 Y115.154 E.01478
G1 X128.126 Y115.221 E.01473
G1 X127.69 Y115.202 E.01477
G1 X127.266 Y115.1 E.01476
G1 X126.871 Y114.916 E.01475
G1 X126.519 Y114.659 E.01475
G1 X126.223 Y114.338 E.01478
G1 X125.996 Y113.966 E.01475
G1 X125.846 Y113.556 E.01478
G1 X125.782 Y113.165 E.01341
G1 X125.798 Y112.69 E.01609
G1 X125.9 Y112.266 E.01476
G1 X126.084 Y111.871 E.01475
G1 X126.341 Y111.519 E.01475
G1 X126.662 Y111.223 E.01478
G1 X127.014 Y111.009 E.01394
M204 S4000
G1 X127.388 Y110.868 F15000
G1 E-2 F2400
G1 X126.212 Y127.561 F15000
G1 E2 F2400
M204 S2500
;TYPE:Perimeter
G1 F900
G1 X126.568 Y127.323 E.0145
G1 X127.171 Y127.077 E.02204
G1 X127.762 Y126.975 E.0203
G1 X128.306 Y126.979 E.01841
G1 X128.881 Y127.095 E.01986
G1 X129.431 Y127.322 E.02014
G1 X129.926 Y127.653 E.02016
G1 X130.347 Y128.074 E.02015
G1 X130.677 Y128.568 E.02011
G1 X130.905 Y129.118 E.02015
G1 X131.021 Y129.702 E.02015
G1 X131.021 Y130.297 E.02014
G1 X130.905 Y130.881 E.02015
G1 X130.678 Y131.431 E.02014
G1 X130.347 Y131.926 E.02016
G1 X129.926 Y132.347 E.02015
G1 X129.432 Y132.677 E.02011
G1 X128.882 Y132.905 E.02015
G1 X128.298 Y133.021 E.02015
G1 X127.703 Y133.021 E.02014
G1 X127.119 Y132.905 E.02015
G1 X126.569 Y132.678 E.02014
G1 X126.074 Y132.347 E.02016
G1 X125.653 Y131.926 E.02015
G1 X125.323 Y131.432 E.02011
G1 X125.095 Y130.882 E.02015
G1 X124.979 Y130.298 E.02015
G1 X124.979 Y129.703 E.02014
G1 X125.095 Y129.119 E.02015
G1 X125.322 Y128.569 E.02014
G1 X125.653 Y128.074 E.02016
G1 X126.074 Y127.653 E.02015
G1 X126.162 Y127.594 E.00359
M204 S4000
G1 X126.162 Y127.594 F15000
G1 X126.398 Y127.921
M204 S2500
G1 F900
G1 X126.447 Y127.878 E.00221
G1 X126.891 Y127.615 E.01747
G1 X127.293 Y127.465 E.01452
G1 X127.823 Y127.377 E.01819
G1 X128.351 Y127.391 E.01788
G1 X128.854 Y127.51 E.0175
G1 X129.366 Y127.753 E.01918
G1 X129.779 Y128.063 E.01748
G1 X130.122 Y128.447 E.01743
G1 X130.385 Y128.891 E.01747
G1 X130.555 Y129.377 E.01743
G1 X130.628 Y129.888 E.01747
G1 X130.599 Y130.403 E.01746
G1 X130.47 Y130.902 E.01745
G1 X130.247 Y131.366 E.01743
G1 X129.937 Y131.779 E.01748
G1 X129.553 Y132.122 E.01743
G1 X129.109 Y132.385 E.01747
G1 X128.628 Y132.554 E.01726
G1 X128.132 Y132.628 E.01697
G1 X127.631 Y132.606 E.01697
G1 X127.098 Y132.47 E.01862
G1 X126.634 Y132.247 E.01743
G1 X126.221 Y131.937 E.01748
G1 X125.878 Y131.553 E.01743
G1 X125.615 Y131.109 E.01747
G1 X125.446 Y130.629 E.01723
G1 X125.372 Y130.132 E.01701
G1 X125.401 Y129.597 E.01814
G1 X125.53 Y129.098 E.01745
G1 X125.753 Y128.634 E.01743
G1 X126.063 Y128.221 E.01748
G1 X126.353 Y127.961 E.01318
M204 S4000
G1 X126.353 Y127.961 F15000
G1 X126.687 Y128.208
M204 S2500
;TYPE:External perimeter
G1 F900
G1 X127.034 Y127.996 E.01376
G1 X127.416 Y127.853 E.01381
G1 X127.914 Y127.778 E.01705
G1 X128.31 Y127.798 E.01342
G1 X128.734 Y127.9 E.01476
G1 X129.129 Y128.084 E.01475
G1 X129.481 Y128.341 E.01475
G1 X129.777 Y128.662 E.01478
G1 X130.004 Y129.034 E.01475
G1 X130.154 Y129.444 E.01478
G1 X130.221 Y129.874 E.01473
G1 X130.202 Y130.31 E.01477
G1 X130.1 Y130.734 E.01476
G1 X129.916 Y131.129 E.01475
G1 X129.659 Y131.481 E.01475
G1 X129.338 Y131.777 E.01478
G1 X128.966 Y132.004 E.01475
G1 X128.556 Y132.154 E.01478
G1 X128.126 Y132.221 E.01473
G1 X127.69 Y132.202 E.01477
G1 X127.266 Y132.1 E.01476
G1 X126.871 Y131.916 E.01475
G1 X126.519 Y131.659 E.01475
G1 X126.223 Y131.338 E.01478
G1 X125.996 Y130.966 E.01475
G1 X125.846 Y130.556 E.01478
G1 X125.779 Y130.126 E.01473
G1 X125.798 Y129.69 E.01477
G1 X125.9 Y129.266 E.01476
G1 X126.084 Y128.871 E.01475
G1 X126.341 Y128.519 E.01475
G1 X126.639 Y128.244 E.01373
M204 S4000
G1 X126.978 Y128.031 F15000
G1 X127.847 Y126.661
;TYPE:Solid infill
;WIDTH:0.450038
G1 F3300
G1 X127.171 Y126.761 E.02313
G1 X126.542 Y126.991 E.02267
G1 X126.077 Y127.269 E.01834
G1 X125.585 Y127.693 E.02199
;WIDTH:0.448974
G1 X125.182 Y128.209 E.02211
G1 X124.886 Y128.793 E.02211
G1 X124.711 Y129.424 E.02211
G1 X124.661 Y130.113 E.02332
;WIDTH:0.448528
G1 X124.754 Y130.74 E.02138
;WIDTH:0.434808
G1 X124.952 Y131.347 E.02081
G1 X125.273 Y131.915 E.02126
G1 X125.699 Y132.41 E.02128
G1 X126.213 Y132.813 E.02128
;WIDTH:0.450146
G1 X126.906 Y133.159 E.02623
G1 X127.559 Y133.314 E.02273
;WIDTH:0.450028
G1 X128.199 Y133.337 E.02168
G1 X128.847 Y133.234 E.02221
G1 X129.458 Y133.009 E.02204
G1 X129.918 Y132.723 E.01834
;WIDTH:0.434838
G1 X130.41 Y132.301 E.02112
;WIDTH:0.46365
G1 X130.588 Y132.101 E.00937
G1 X130.948 Y131.556 E.02285
;WIDTH:0.465548
G1 X131.196 Y130.947 E.02311
G1 X131.309 Y130.471 E.01719
;WIDTH:0.450028
G1 X131.34 Y129.883 E.01993
G1 X131.259 Y129.27 E.02093
G1 X131.055 Y128.652 E.02203
;WIDTH:0.448978
G1 X130.733 Y128.082 E.0221
G1 X130.307 Y127.585 E.0221
G1 X129.787 Y127.187 E.02211
;WIDTH:0.450144
G1 X129.114 Y126.848 E.02552
;WIDTH:0.451658
G1 X128.463 Y126.689 E.02278
G1 X128.051 Y126.67 E.01402
G1 E-2 F2400
G1 X128.051 Y126.67 F15000
G1 X131.523 Y131.276
G1 E2 F2400
;TYPE:Internal infill
;WIDTH:0.45
G1 F6000
G1 X131.713 Y130.545 E.02557
G1 X131.749 Y129.846 E.02369
G1 X131.575 Y128.877 E.03332
G1 X131.931 Y128.983 E.01257
G1 X132.368 Y129.221 E.01684
G1 X133.678 Y130.437 E.0605
G1 X134.115 Y130.629 E.01616
G1 X134.552 Y130.683 E.0149
G1 X134.988 Y130.642 E.01482
G1 X135.425 Y130.512 E.01543
G1 X135.862 Y130.274 E.01684
G1 X136.248 Y129.901 E.01817
G1 X136.248 Y126.965 E.09938
G1 X135.862 Y127.135 E.01428
G1 X135.425 Y127.189 E.0149
G1 X134.988 Y127.147 E.01486
G1 X134.552 Y127.017 E.0154
G1 X134.115 Y126.779 E.01684
G1 X132.805 Y125.563 E.0605
G1 X132.368 Y125.371 E.01616
G1 X131.931 Y125.317 E.0149
G1 X131.494 Y125.358 E.01486
G1 X131.057 Y125.488 E.01543
G1 X130.621 Y125.726 E.01681
G1 X129.658 Y126.644 E.04503
G1 X129.221 Y126.451 E.01617
G1 X128.509 Y126.281 E.02478
G1 X127.81 Y126.252 E.02368
G1 X127.048 Y126.368 E.02609
G1 X126.797 Y126.462 E.00907
G1 X125.816 Y125.563 E.04504
G1 X125.379 Y125.371 E.01616
G1 X124.943 Y125.317 E.01487
G1 X124.506 Y125.358 E.01486
G1 X124.069 Y125.488 E.01543
G1 X123.632 Y125.726 E.01684
G1 X122.322 Y126.943 E.06052
G1 X121.885 Y127.135 E.01616
G1 X121.448 Y127.189 E.0149
G1 X121.012 Y127.147 E.01483
G1 X120.575 Y127.017 E.01543
G1 X120.138 Y126.779 E.01684
G1 X119.752 Y126.407 E.01815
G1 X119.752 Y123.471 E.09938
G1 X120.138 Y123.641 E.01428
G1 X120.575 Y123.695 E.0149
G1 X121.012 Y123.653 E.01486
G1 X121.448 Y123.523 E.0154
G1 X121.885 Y123.285 E.01684
G1 X123.195 Y122.069 E.0605
G1 X123.632 Y121.877 E.01616
G1 X124.069 Y121.822 E.01491
G1 X124.506 Y121.864 E.01486
G1 X124.943 Y121.994 E.01543
G1 X125.379 Y122.232 E.01681
G1 X126.69 Y123.449 E.06055
G1 X127.126 Y123.641 E.01613
G1 X127.563 Y123.695 E.0149
G1 X128 Y123.653 E.01486
G1 X128.437 Y123.523 E.01543
G1 X128.874 Y123.285 E.01684
G1 X130.184 Y122.069 E.0605
G1 X130.621 Y121.877 E.01616
G1 X131.057 Y121.822 E.01488
G1 X131.494 Y121.864 E.01486
G1 X131.931 Y121.994 E.01543
G1 X132.368 Y122.232 E.01684
G1 X133.678 Y123.449 E.06052
G1 X134.115 Y123.641 E.01616
G1 X134.552 Y123.695 E.0149
G1 X134.988 Y123.653 E.01483
G1 X135.425 Y123.523 E.01543
G1 X135.862 Y123.285 E.01684
G1 X136.248 Y122.913 E.01815
G1 X136.248 Y119.977 E.09938
G1 X135.862 Y120.147 E.01428
G1 X135.425 Y120.201 E.0149
G1 X134.988 Y120.159 E.01486
G1 X134.552 Y120.029 E.0154
G1 X134.115 Y119.791 E.01684
G1 X132.805 Y118.575 E.0605
G1 X132.368 Y118.382 E.01617
G1 X131.931 Y118.328 E.0149
G1 X131.494 Y118.37 E.01486
G1 X131.057 Y118.5 E.01543
G1 X130.621 Y118.738 E.01681
G1 X129.31 Y119.954 E.06053
G1 X128.874 Y120.147 E.01614
G1 X128.437 Y120.201 E.0149
G1 X128 Y120.159 E.01486
G1 X127.563 Y120.029 E.01543
G1 X127.126 Y119.791 E.01684
G1 X125.816 Y118.575 E.0605
G1 X125.379 Y118.382 E.01617
G1 X124.943 Y118.328 E.01487
G1 X124.506 Y118.37 E.01486
G1 X124.069 Y118.5 E.01543
G1 X123.632 Y118.738 E.01684
G1 X122.322 Y119.954 E.0605
G1 X121.885 Y120.147 E.01617
G1 X121.448 Y120.201 E.0149
G1 X121.012 Y120.159 E.01483
G1 X120.575 Y120.029 E.01543
G1 X120.138 Y119.791 E.01684
G1 X119.752 Y119.419 E.01815
G1 X119.752 Y116.482 E.09941
G1 X120.138 Y116.652 E.01428
G1 X120.575 Y116.707 E.01491
G1 X121.012 Y116.665 E.01486
G1 X121.448 Y116.535 E.0154
G1 X121.885 Y116.297 E.01684
G1 X123.195 Y115.08 E.06052
G1 X123.632 Y114.888 E.01616
G1 X124.069 Y114.834 E.0149
G1 X124.818 Y114.969 E.02576
G1 X124.42 Y114.11 E.03205
G1 X124.251 Y113.154 E.03286
G1 X124.287 Y112.454 E.02373
G1 X124.406 Y111.934 E.01806
G1 X124.631 Y111.37 E.02055
G1 X124.069 Y111.512 E.01962
G1 X123.632 Y111.75 E.01684
G1 X122.322 Y112.966 E.0605
G1 X121.885 Y113.158 E.01616
G1 X121.448 Y113.212 E.0149
G1 X121.012 Y113.171 E.01482
G1 X120.575 Y113.041 E.01543
G1 X120.138 Y112.803 E.01684
G1 X119.752 Y112.43 E.01817
G1 X119.752 Y109.988 E.08266
G1 E-2 F2400
G1 X119.752 Y109.988 F15000
G1 X127.11 Y109.344
G1 E2 F2400
;TYPE:Solid infill
;WIDTH:0.45003
G1 F3300
G1 X119.548 Y109.344 E.25598
;WIDTH:0.484954
G1 X119.464 Y109.362 E.00316
;WIDTH:0.519878
G1 X119.379 Y109.379 E.00344
G1 X119.362 Y109.464 E.00344
;WIDTH:0.484953
G1 X119.344 Y109.548 E.00316
;WIDTH:0.45003
G1 X119.344 Y133.553 E.8126
G1 E-2 F2400
G1 X119.344 Y133.553 F15000
G1 X136.656 Y142.121
G1 E2 F2400
;WIDTH:0.449998
G1 F3300
G1 X136.656 Y140.033 E.07068
G1 X136.587 Y139.85 E.00662
;WIDTH:0.416459
G1 X136.519 Y139.668 E.00603
G1 X136.587 Y139.36 E.0098
;WIDTH:0.450002
G1 X136.656 Y139.052 E.01068
G1 X136.656 Y136.177 E.09732
G1 X136.587 Y135.995 E.00659
;WIDTH:0.416461
G1 X136.518 Y135.812 E.00607
G1 X136.587 Y135.503 E.00983
;WIDTH:0.450004
G1 X136.656 Y135.195 E.01068
G1 X136.656 Y133.102 E.07085
G1 X136.589 Y132.92 E.00656
;WIDTH:0.416463
G1 X136.522 Y132.737 E.00605
G1 X136.589 Y132.431 E.00973
;WIDTH:0.450008
G1 X136.656 Y132.124 E.01064
G1 X136.656 Y109.548 E.76419
;WIDTH:0.484953
G1 X136.638 Y109.464 E.00316
;WIDTH:0.519878
G1 X136.621 Y109.379 E.00344
G1 X136.536 Y109.362 E.00344
;WIDTH:0.484953
G1 X136.452 Y109.344 E.00316
;WIDTH:0.45003
G1 X128.875 Y109.344 E.25649
;WIDTH:0.453116
G1 X128.84 Y109.346 E.0012
;WIDTH:0.486409
G1 X128.787 Y109.531 E.0071
;WIDTH:0.519702
G1 X128.734 Y109.717 E.00767
G1 X128.969 Y109.805 E.00995
;WIDTH:0.477039
G1 X129.204 Y109.893 E.00906
;WIDTH:0.43484
G1 X129.787 Y110.187 E.02128
G1 X130.301 Y110.59 E.02129
G1 X130.727 Y111.085 E.02128
G1 X131.048 Y111.654 E.02129
G1 X131.248 Y112.272 E.02117
;WIDTH:0.450026
G1 X131.34 Y112.883 E.02092
;WIDTH:0.450148
G1 X131.303 Y113.513 E.02137
G1 X131.107 Y114.204 E.02432
;WIDTH:0.43484
G1 X130.813 Y114.787 E.02128
G1 X130.41 Y115.301 E.02129
G1 X129.918 Y115.723 E.02112
;WIDTH:0.450026
G1 X129.458 Y116.009 E.01834
G1 X128.83 Y116.238 E.02263
G1 X128.194 Y116.338 E.02179
G1 X127.554 Y116.313 E.02168
;WIDTH:0.450146
G1 X126.886 Y116.152 E.02327
G1 X126.213 Y115.813 E.02552
;WIDTH:0.434842
G1 X125.699 Y115.41 E.02129
G1 X125.273 Y114.915 E.02128
G1 X124.952 Y114.347 E.02126
G1 X124.754 Y113.74 E.02081
;WIDTH:0.45003
G1 X124.66 Y113.117 E.02133
;WIDTH:0.450148
G1 X124.697 Y112.486 E.0214
G1 X124.893 Y111.796 E.02429
;WIDTH:0.43484
G1 X125.187 Y111.213 E.02128
G1 X125.59 Y110.699 E.02129
G1 X126.085 Y110.273 E.02128
G1 X126.653 Y109.952 E.02126
;WIDTH:0.478732
G1 X127.217 Y109.738 E.02186
G1 X127.217 Y109.738 F15000
G1 X127.993 Y109.322
;WIDTH:0.450028
G1 F3300
G1 X127.11 Y109.344 E.0299
;WIDTH:0.481774
G1 X127.329 Y109.537 E.01065
G1 X127.262 Y109.731 E.00749
;WIDTH:0.472655
G1 X127.603 Y109.707 E.01221
;WIDTH:0.438947
G1 X127.943 Y109.683 E.01122
;WIDTH:0.434953
G1 X128.212 Y109.687 E.00877
;WIDTH:0.464667
G1 X128.482 Y109.692 E.00947
;WIDTH:0.492185
G1 X128.608 Y109.704 E.00473
;WIDTH:0.519702
G1 X128.734 Y109.717 E.00502
G1 X128.643 Y109.57 E.00685
;WIDTH:0.509222
G1 X128.728 Y109.465 E.00524
;WIDTH:0.474463
G1 X128.813 Y109.36 E.00485
;WIDTH:0.439704
G1 X128.197 Y109.331 E.02035
G1 X128.197 Y109.331 F15000
G1 X130.015 Y109.752
;TYPE:Internal infill
;WIDTH:0.45
G1 F6000
G1 X129.865 Y109.752 E.00508
G1 X130.361 Y110.088 E.02028
G1 X130.884 Y110.605 E.02489
G1 X131.393 Y111.412 E.0323
G1 X131.931 Y111.34 E.01837
G1 X132.368 Y111.394 E.0149
G1 X132.805 Y111.586 E.01616
G1 X134.115 Y112.803 E.06052
G1 X134.552 Y113.041 E.01684
G1 X134.988 Y113.171 E.0154
G1 X135.425 Y113.212 E.01486
G1 X135.862 Y113.158 E.0149
G1 X136.248 Y112.988 E.01428
G1 X136.248 Y115.925 E.09941
G1 X135.862 Y116.297 E.01815
G1 X135.425 Y116.535 E.01684
G1 X134.988 Y116.665 E.01543
G1 X134.552 Y116.707 E.01483
G1 X134.115 Y116.652 E.01491
G1 X133.678 Y116.46 E.01616
G1 X132.368 Y115.244 E.0605
G1 X131.931 Y115.006 E.01684
G1 X131.255 Y114.853 E.02346
G1 X130.912 Y115.361 E.02075
G1 X130.395 Y115.884 E.02489
G1 X129.462 Y116.442 E.0368
G1 E-2 F2400
G1 X129.462 Y116.442 F15000
G1 X124.47 Y131.244
G1 E2 F2400
G1 F6000
G1 X124.345 Y130.836 E.01444
G1 X124.252 Y130.159 E.02313
G1 X124.305 Y129.368 E.02683
G1 X124.436 Y128.846 E.01822
G1 X124.069 Y128.811 E.01248
G1 X123.632 Y128.865 E.0149
G1 X123.195 Y129.057 E.01616
G1 X121.885 Y130.274 E.06052
G1 X121.448 Y130.512 E.01684
G1 X121.012 Y130.642 E.0154
G1 X120.575 Y130.683 E.01486
G1 X120.138 Y130.629 E.0149
G1 X119.752 Y130.459 E.01428
G1 X119.752 Y133.396 E.09941
G1 X120.138 Y133.768 E.01815
G1 X120.575 Y134.006 E.01684
G1 X121.012 Y134.136 E.01543
G1 X121.448 Y134.178 E.01483
G1 X121.885 Y134.123 E.01491
G1 X122.322 Y133.931 E.01616
G1 X123.632 Y132.715 E.0605
G1 X124.069 Y132.477 E.01684
G1 X124.506 Y132.347 E.01543
G1 X124.943 Y132.305 E.01486
G1 X125.058 Y132.319 E.00392
G1 X125.639 Y132.912 E.0281
G1 X126.255 Y133.318 E.02497
G1 X126.941 Y133.59 E.02498
G1 X127.126 Y133.768 E.00869
G1 X127.563 Y134.006 E.01684
G1 X128 Y134.136 E.01543
G1 X128.437 Y134.178 E.01486
G1 X128.874 Y134.123 E.01491
G1 X129.31 Y133.931 E.01613
G1 X130.621 Y132.715 E.06053
G1 X131.057 Y132.477 E.01681
G1 X131.494 Y132.347 E.01543
G1 X131.931 Y132.305 E.01486
G1 X132.368 Y132.359 E.0149
G1 X132.805 Y132.551 E.01616
G1 X134.115 Y133.768 E.06052
G1 X134.552 Y134.006 E.01684
G1 X134.988 Y134.136 E.0154
G1 X135.425 Y134.178 E.01486
G1 X135.862 Y134.123 E.01491
G1 X136.248 Y133.953 E.01428
G1 X136.248 Y136.89 E.09941
G1 X135.862 Y137.262 E.01815
G1 X135.425 Y137.5 E.01684
G1 X134.988 Y137.63 E.01543
G1 X134.552 Y137.672 E.01483
G1 X134.115 Y137.618 E.0149
G1 X133.678 Y137.425 E.01617
G1 X132.368 Y136.209 E.0605
G1 X131.931 Y135.971 E.01684
G1 X131.494 Y135.841 E.01543
G1 X131.057 Y135.799 E.01486
G1 X130.621 Y135.853 E.01487
G1 X130.184 Y136.046 E.01617
G1 X128.874 Y137.262 E.0605
G1 X128.437 Y137.5 E.01684
G1 X128 Y137.63 E.01543
G1 X127.563 Y137.672 E.01486
G1 X127.126 Y137.618 E.0149
G1 X126.69 Y137.425 E.01614
G1 X125.379 Y136.209 E.06053
G1 X124.943 Y135.971 E.01681
G1 X124.506 Y135.841 E.01543
G1 X124.069 Y135.799 E.01486
G1 X123.632 Y135.853 E.0149
G1 X123.195 Y136.046 E.01617
G1 X121.885 Y137.262 E.0605
G1 X121.448 Y137.5 E.01684
G1 X121.012 Y137.63 E.0154
G1 X120.575 Y137.672 E.01486
G1 X120.138 Y137.618 E.0149
G1 X119.752 Y137.448 E.01428
G1 X119.752 Y137.949 E.01696
G1 X119.344 Y137.917 E.01385
G1 X119.344 Y138.529 E.02072
G1 X119.43 Y138.339 E.00706
G1 X119.752 Y138.408 E.01115
G1 X119.752 Y140.384 E.06689
G1 X120.138 Y140.756 E.01815
G1 X120.575 Y140.994 E.01684
G1 X121.012 Y141.124 E.01543
G1 X121.448 Y141.166 E.01483
G1 X121.885 Y141.112 E.0149
G1 X122.322 Y140.92 E.01616
G1 X123.632 Y139.703 E.06052
G1 X124.069 Y139.465 E.01684
G1 X124.506 Y139.335 E.01543
G1 X124.943 Y139.293 E.01486
G1 X125.379 Y139.348 E.01488
G1 X125.816 Y139.54 E.01616
G1 X127.126 Y140.756 E.0605
G1 X127.563 Y140.994 E.01684
G1 X128 Y141.124 E.01543
G1 X128.437 Y141.166 E.01486
G1 X128.874 Y141.112 E.0149
G1 X129.31 Y140.92 E.01613
G1 X130.621 Y139.703 E.06055
G1 X131.057 Y139.465 E.01681
G1 X131.494 Y139.335 E.01543
G1 X131.931 Y139.293 E.01486
G1 X132.368 Y139.348 E.01491
G1 X132.805 Y139.54 E.01616
G1 X134.115 Y140.756 E.0605
G1 X134.552 Y140.994 E.01684
G1 X134.988 Y141.124 E.0154
G1 X135.425 Y141.166 E.01486
G1 X135.862 Y141.112 E.0149
G1 X136.248 Y140.942 E.01428
G1 X136.248 Y143.181 E.07579
G1 X136.565 Y143.253 E.011
G1 X136.656 Y143.064 E.0071
G1 X136.656 Y143.486 E.01428
G1 X135.862 Y144.25 E.0373
G1 X135.425 Y144.488 E.01684
G1 X134.988 Y144.618 E.01543
G1 X134.552 Y144.66 E.01483
G1 X134.115 Y144.606 E.0149
G1 X133.678 Y144.414 E.01616
G1 X132.368 Y143.197 E.06052
G1 X131.931 Y142.959 E.01684
G1 X131.494 Y142.829 E.01543
G1 X131.057 Y142.788 E.01486
G1 X130.621 Y142.842 E.01487
G1 X130.184 Y143.034 E.01616
G1 X128.874 Y144.25 E.0605
G1 X128.437 Y144.488 E.01684
G1 X128 Y144.618 E.01543
G1 X127.563 Y144.66 E.01486
G1 X127.126 Y144.606 E.0149
G1 X126.69 Y144.414 E.01613
G1 X125.379 Y143.197 E.06055
G1 X124.943 Y142.959 E.01681
G1 X124.506 Y142.829 E.01543
G1 X124.069 Y142.788 E.01486
G1 X123.632 Y142.842 E.0149
G1 X123.195 Y143.034 E.01616
G1 X121.885 Y144.25 E.0605
G1 X121.448 Y144.488 E.01684
G1 X121.012 Y144.618 E.0154
G1 X120.575 Y144.66 E.01486
G1 X120.138 Y144.606 E.0149
G1 X119.752 Y144.436 E.01428
G1 X119.752 Y144.944 E.0172
G1 X119.344 Y144.884 E.01396
G1 X119.344 Y145.45 E.01916
G1 X119.429 Y145.26 E.00705
G1 X119.752 Y145.328 E.01117
G1 X119.752 Y145.749 E.01425
G1 X119.752 Y145.749 F15000
G1 X119.344 Y146.448
;TYPE:Solid infill
;WIDTH:0.484881
G1 F3300
G1 X119.362 Y146.534 E.00323
;WIDTH:0.519876
G1 X119.379 Y146.621 E.00352
G1 X119.464 Y146.638 E.00344
;WIDTH:0.484952
G1 X119.548 Y146.656 E.00316
;WIDTH:0.45003
G1 X123.724 Y146.656 E.14136
G1 X123.875 Y146.62 E.00525
;WIDTH:0.416475
G1 X124.027 Y146.584 E.00485
;WIDTH:0.38292
G1 X124.665 Y146.531 E.0181
G1 X125.199 Y146.565 E.01513
;WIDTH:0.416474
G1 X125.296 Y146.61 E.00332
;WIDTH:0.450028
G1 X125.393 Y146.656 E.00363
G1 X130.876 Y146.656 E.18561
G1 X131.089 Y146.602 E.00744
;WIDTH:0.416472
G1 X131.302 Y146.548 E.00683
;WIDTH:0.38292
G1 X131.871 Y146.54 E.01609
;WIDTH:0.416474
G1 X131.98 Y146.598 E.00384
;WIDTH:0.450028
G1 X132.09 Y146.656 E.00421
G1 X133.818 Y146.656 E.05849
G1 E-2 F2400
G1 X133.818 Y146.656 F15000
G1 X119.344 Y142.598
G1 E2 F2400
;WIDTH:0.450024
G1 F3300
G1 X119.344 Y144.473 E.06347
G1 E-2 F2400
G1 X119.344 Y144.473 F15000
G1 X119.344 Y139.517
G1 E2 F2400
;WIDTH:0.450026
G1 F3300
G1 X119.344 Y140.511 E.03365
G1 E-2 F2400
G1 X119.344 Y140.511 F15000
G1 X119.344 Y135.666
G1 E2 F2400
G1 F3300
G1 X119.344 Y137.508 E.06235
;LAYER_CHANGE
;Z:2.25
;HEIGHT:0.2
G1 Z2.25 F15000
G1 E-2 F2400
G1 Z2.25 F15000
G1 X136.961 Y146.961
G1 Z2.25
G1 E2 F2400
M204 S2500
;TYPE:Perimeter
;WIDTH:0.449999
G1 F4800
G1 X119.039 Y146.961 E.60664
G1 X119.039 Y109.039 E1.28361
G1 X136.961 Y109.039 E.60664
G1 X136.961 Y112.043 E.10168
G1 X136.961 Y146.901 E1.1799
M204 S4000
G1 X136.961 Y146.901 F15000
G1 X137.368 Y147.368
M204 S2500
G1 F4800
G1 X118.632 Y147.368 E.63419
G1 X118.632 Y108.632 E1.31117
G1 X137.368 Y108.632 E.63419
G1 X137.368 Y112.043 E.11546
G1 X137.368 Y147.308 E1.19368
M204 S4000
G1 X137.775 Y147.775 F15000
M204 S2500
;TYPE:External perimeter
G1 F2700
G1 X118.225 Y147.775 E.66174
G1 X118.225 Y108.225 E1.33872
G1 X137.775 Y108.225 E.66174
G1 X137.775 Y112.043 E.12923
G1 X137.775 Y147.715 E1.20745
M204 S4000
G1 X137.379 Y147.774 F15000
G1 E-2 F2400
G1 X126.722 Y110.259 F15000
G1 E2 F2400
M204 S2500
;TYPE:Perimeter
G1 F900
G1 X127.118 Y110.095 E.01451
G1 X127.751 Y109.976 E.0218
G1 X128.304 Y109.979 E.01872
G1 X128.881 Y110.095 E.01992
G1 X129.431 Y110.322 E.02014
G1 X129.926 Y110.653 E.02016
G1 X130.347 Y111.074 E.02015
G1 X130.677 Y111.568 E.02011
G1 X130.905 Y112.118 E.02015
G1 X131.021 Y112.702 E.02015
G1 X131.021 Y113.297 E.02014
G1 X130.905 Y113.881 E.02015
G1 X130.678 Y114.431 E.02014
G1 X130.347 Y114.926 E.02016
G1 X129.926 Y115.347 E.02015
G1 X129.432 Y115.677 E.02011
G1 X128.882 Y115.905 E.02015
G1 X128.298 Y116.021 E.02015
G1 X127.703 Y116.021 E.02014
G1 X127.119 Y115.905 E.02015
G1 X126.569 Y115.678 E.02014
G1 X126.074 Y115.347 E.02016
G1 X125.653 Y114.926 E.02015
G1 X125.323 Y114.432 E.02011
G1 X125.095 Y113.882 E.02015
G1 X124.979 Y113.298 E.02015
G1 X124.979 Y112.703 E.02014
G1 X125.095 Y112.119 E.02015
G1 X125.322 Y111.569 E.02014
G1 X125.653 Y111.074 E.02016
G1 X126.074 Y110.653 E.02015
G1 X126.568 Y110.323 E.02011
G1 X126.666 Y110.282 E.0036
M204 S4000
G1 X126.666 Y110.282 F15000
G1 X126.882 Y110.629
M204 S2500
G1 F900
G1 X127.262 Y110.476 E.01387
G1 X127.812 Y110.378 E.01891
G1 X128.403 Y110.401 E.02002
G1 X128.902 Y110.53 E.01745
G1 X129.366 Y110.753 E.01743
G1 X129.779 Y111.063 E.01748
G1 X130.122 Y111.447 E.01743
G1 X130.385 Y111.891 E.01747
G1 X130.555 Y112.377 E.01743
G1 X130.628 Y112.888 E.01747
G1 X130.599 Y113.403 E.01746
G1 X130.47 Y113.902 E.01745
G1 X130.247 Y114.366 E.01743
G1 X129.937 Y114.779 E.01748
G1 X129.553 Y115.122 E.01743
G1 X129.109 Y115.385 E.01747
G1 X128.638 Y115.552 E.01692
G1 X128.135 Y115.628 E.01722
G1 X127.62 Y115.604 E.01745
G1 X127.098 Y115.47 E.01824
G1 X126.634 Y115.247 E.01743
G1 X126.221 Y114.937 E.01748
G1 X125.878 Y114.553 E.01743
G1 X125.615 Y114.109 E.01747
G1 X125.446 Y113.629 E.01723
G1 X125.38 Y113.232 E.01362
G1 X125.385 Y112.716 E.01747
G1 X125.491 Y112.212 E.01743
G1 X125.693 Y111.737 E.01747
G1 X125.984 Y111.311 E.01746
G1 X126.352 Y110.951 E.01743
G1 X126.783 Y110.668 E.01745
G1 X126.827 Y110.651 E.0016
M204 S4000
G1 X126.827 Y110.651 F15000
G1 X127.054 Y110.989
M204 S2500
;TYPE:External perimeter
G1 F900
G1 X127.446 Y110.846 E.01412
G1 X127.913 Y110.778 E.01597
G1 X128.31 Y110.798 E.01345
G1 X128.734 Y110.9 E.01476
G1 X129.129 Y111.084 E.01475
G1 X129.481 Y111.341 E.01475
G1 X129.777 Y111.662 E.01478
G1 X130.004 Y112.034 E.01475
G1 X130.154 Y112.444 E.01478
G1 X130.221 Y112.874 E.01473
G1 X130.202 Y113.31 E.01477
G1 X130.1 Y113.734 E.01476
G1 X129.916 Y114.129 E.01475
G1 X129.659 Y114.481 E.01475
G1 X129.338 Y114.777 E.01478
G1 X128.966 Y115.004 E.01475
G1 X128.556 Y115.154 E.01478
G1 X128.126 Y115.221 E.01473
G1 X127.69 Y115.202 E.01477
G1 X127.266 Y115.1 E.01476
G1 X126.871 Y114.916 E.01475
G1 X126.519 Y114.659 E.01475
G1 X126.223 Y114.338 E.01478
G1 X125.996 Y113.966 E.01475
G1 X125.846 Y113.556 E.01478
G1 X125.782 Y113.165 E.01341
G1 X125.798 Y112.69 E.01609
G1 X125.9 Y112.266 E.01476
G1 X126.084 Y111.871 E.01475
G1 X126.341 Y111.519 E.01475
G1 X126.662 Y111.223 E.01478
G1 X127.001 Y111.017 E.01343
M204 S4000
G1 X127.374 Y110.873 F15000
G1 E-2 F2400
G1 X126.212 Y127.561 F15000
G1 E2 F2400
M204 S2500
;TYPE:Perimeter
G1 F900
G1 X126.568 Y127.323 E.0145
G1 X127.171 Y127.077 E.02204
G1 X127.751 Y126.976 E.01993
G1 X128.304 Y126.979 E.01872
G1 X128.881 Y127.095 E.01992
G1 X129.431 Y127.322 E.02014
G1 X129.926 Y127.653 E.02016
G1 X130.347 Y128.074 E.02015
G1 X130.677 Y128.568 E.02011
G1 X130.905 Y129.118 E.02015
G1 X131.021 Y129.702 E.02015
G1 X131.021 Y130.297 E.02014
G1 X130.905 Y130.881 E.02015
G1 X130.678 Y131.431 E.02014
G1 X130.347 Y131.926 E.02016
G1 X129.926 Y132.347 E.02015
G1 X129.432 Y132.677 E.02011
G1 X128.882 Y132.905 E.02015
G1 X128.298 Y133.021 E.02015
G1 X127.703 Y133.021 E.02014
G1 X127.119 Y132.905 E.02015
G1 X126.569 Y132.678 E.02014
G1 X126.074 Y132.347 E.02016
G1 X125.653 Y131.926 E.02015
G1 X125.323 Y131.432 E.02011
G1 X125.095 Y130.882 E.02015
G1 X124.979 Y130.298 E.02015
G1 X124.979 Y129.703 E.02014
G1 X125.095 Y129.119 E.02015
G1 X125.322 Y128.569 E.02014
G1 X125.653 Y128.074 E.02016
G1 X126.074 Y127.653 E.02015
G1 X126.162 Y127.594 E.00359
M204 S4000
G1 X126.162 Y127.594 F15000
G1 X126.398 Y127.921
M204 S2500
G1 F900
G1 X126.447 Y127.878 E.00221
G1 X126.891 Y127.615 E.01747
G1 X127.293 Y127.465 E.01452
G1 X127.812 Y127.378 E.01781
G1 X128.32 Y127.388 E.0172
G1 X128.822 Y127.5 E.01741
G1 X129.366 Y127.753 E.02031
G1 X129.779 Y128.063 E.01748
G1 X130.122 Y128.447 E.01743
G1 X130.385 Y128.891 E.01747
G1 X130.555 Y129.377 E.01743
G1 X130.628 Y129.888 E.01747
G1 X130.599 Y130.403 E.01746
G1 X130.47 Y130.902 E.01745
G1 X130.247 Y131.366 E.01743
G1 X129.937 Y131.779 E.01748
G1 X129.553 Y132.122 E.01743
G1 X129.109 Y132.385 E.01747
G1 X128.628 Y132.554 E.01726
G1 X128.132 Y132.628 E.01697
G1 X127.631 Y132.606 E.01697
G1 X127.098 Y132.47 E.01862
G1 X126.634 Y132.247 E.01743
G1 X126.221 Y131.937 E.01748
G1 X125.878 Y131.553 E.01743
G1 X125.615 Y131.109 E.01747
G1 X125.446 Y130.629 E.01723
G1 X125.372 Y130.132 E.01701
G1 X125.401 Y129.597 E.01814
G1 X125.53 Y129.098 E.01745
G1 X125.753 Y128.634 E.01743
G1 X126.063 Y128.221 E.01748
G1 X126.353 Y127.961 E.01318
M204 S4000
G1 X126.353 Y127.961 F15000
G1 X126.676 Y128.215
M204 S2500
;TYPE:External perimeter
G1 F900
G1 X127.034 Y127.996 E.01421
G1 X127.416 Y127.853 E.01381
G1 X127.913 Y127.778 E.01701
G1 X128.31 Y127.798 E.01345
G1 X128.734 Y127.9 E.01476
G1 X129.129 Y128.084 E.01475
G1 X129.481 Y128.341 E.01475
G1 X129.777 Y128.662 E.01478
G1 X130.004 Y129.034 E.01475
G1 X130.154 Y129.444 E.01478
G1 X130.221 Y129.874 E.01473
G1 X130.202 Y130.31 E.01477
G1 X130.1 Y130.734 E.01476
G1 X129.916 Y131.129 E.01475
G1 X129.659 Y131.481 E.01475
G1 X129.338 Y131.777 E.01478
G1 X128.966 Y132.004 E.01475
G1 X128.556 Y132.154 E.01478
G1 X128.126 Y132.221 E.01473
G1 X127.69 Y132.202 E.01477
G1 X127.266 Y132.1 E.01476
G1 X126.871 Y131.916 E.01475
G1 X126.519 Y131.659 E.01475
G1 X126.223 Y131.338 E.01478
G1 X125.996 Y130.966 E.01475
G1 X125.846 Y130.556 E.01478
G1 X125.779 Y130.126 E.01473
G1 X125.798 Y129.69 E.01477
G1 X125.9 Y129.266 E.01476
G1 X126.084 Y128.871 E.01475
G1 X126.341 Y128.519 E.01475
G1 X126.63 Y128.253 E.0133
M204 S4000
G1 X126.968 Y128.038 F15000
G1 E-2 F2400
G1 X136.471 Y142.925 F15000
G1 E2 F2400
M204 S2500
;TYPE:Bridge infill
;WIDTH:0.403625
;HEIGHT:0.4
M106 S102
G1 F1500
G1 X133.804 Y146.634 E.24302
G1 X133.246 Y146.634 E.02968
G1 X136.634 Y141.922 E.30873
G1 X136.634 Y141.145 E.04133
G1 X132.687 Y146.634 E.35965
G1 X132.128 Y146.634 E.02974
G1 X136.634 Y140.368 E.41057
G1 X136.634 Y140.043 E.01729
G1 X136.435 Y139.868 E.0141
G1 X131.733 Y146.407 E.42844
G1 X131.242 Y146.421 E.02613
G1 X131.109 Y146.497 E.00815
G1 X136.634 Y138.814 E.50341
G1 X136.634 Y138.038 E.04128
G1 X130.452 Y146.634 E.56325
G1 X129.893 Y146.634 E.02974
G1 X136.634 Y137.261 E.61417
G1 X136.634 Y136.484 E.04133
G1 X129.334 Y146.634 E.66508
G1 X128.776 Y146.634 E.02968
G1 X136.422 Y136.002 E.69665
G1 X136.302 Y135.898 E.00845
G1 X136.634 Y135.19 E.0416
G1 X136.634 Y134.93 E.01383
G1 X128.217 Y146.634 E.76689
G1 X127.658 Y146.634 E.02974
G1 X136.634 Y134.153 E.81781
G1 X136.634 Y133.376 E.04133
G1 X127.099 Y146.634 E.86873
G1 X126.541 Y146.634 E.02968
G1 X136.409 Y132.911 E.89915
G1 X136.311 Y132.823 E.00701
G1 X136.634 Y132.119 E.0412
G1 X136.634 Y131.822 E.0158
G1 X125.982 Y146.634 E.97053
G1 X125.423 Y146.634 E.02974
G1 X136.634 Y131.045 E1.02145
G1 X136.634 Y130.268 E.04133
G1 X125.013 Y146.427 E1.0588
G1 X124.675 Y146.382 E.01814
G1 X124.461 Y146.418 E.01154
G1 X136.634 Y129.491 E1.10912
G1 X136.634 Y128.714 E.04133
G1 X123.764 Y146.61 E1.17261
G1 X123.719 Y146.634 E.00271
G1 X123.188 Y146.634 E.02825
G1 X136.634 Y127.937 E1.2251
G1 X136.634 Y127.16 E.04133
G1 X122.629 Y146.634 E1.27602
G1 X122.071 Y146.634 E.02968
G1 X136.634 Y126.383 E1.3269
G1 X136.634 Y125.606 E.04133
G1 X121.512 Y146.634 E1.37782
G1 X120.953 Y146.634 E.02974
G1 X136.634 Y124.829 E1.42874
G1 X136.634 Y124.052 E.04133
G1 X120.394 Y146.634 E1.47966
G1 X119.836 Y146.634 E.02968
G1 X129.733 Y132.871 E.90178
G1 X129.945 Y132.743 E.01317
G1 X130.145 Y132.589 E.01343
G1 X130.443 Y132.31 E.02172
G1 X130.609 Y132.121 E.01338
G1 X130.847 Y131.789 E.02173
G1 X130.973 Y131.571 E.01339
G1 X131.141 Y131.199 E.02171
G1 X131.222 Y130.961 E.01337
G1 X131.276 Y130.726 E.01283
G1 X136.634 Y123.275 E.4882
G1 X136.634 Y122.498 E.04133
G1 X131.358 Y129.835 E.48073
G1 X131.262 Y129.191 E.03464
G1 X136.634 Y121.722 E.48942
G1 X136.634 Y120.945 E.04133
G1 X131.083 Y128.663 E.50573
G1 X130.958 Y128.401 E.01544
G1 X130.844 Y128.218 E.01147
G1 X136.634 Y120.168 E.52749
G1 X136.634 Y119.391 E.04133
G1 X130.565 Y127.829 E.55291
G1 X130.244 Y127.499 E.02449
G1 X136.634 Y118.614 E.58219
G1 X136.634 Y117.837 E.04133
G1 X129.885 Y127.222 E.61493
G1 X129.491 Y126.992 E.02427
G1 X136.634 Y117.06 E.65079
G1 X136.634 Y116.283 E.04133
G1 X129.064 Y126.809 E.68971
G1 X128.587 Y126.696 E.02608
G1 X136.634 Y115.506 E.7332
G1 X136.634 Y114.729 E.04133
G1 X128.062 Y126.648 E.78099
G1 X127.826 Y126.639 E.01256
G1 X127.471 Y126.694 E.01911
G1 X136.634 Y113.952 E.83489
G1 X136.634 Y113.175 E.04133
G1 X126.554 Y127.192 E.91843
M107
M204 S4000
G1 E-2 F2400
G1 X126.554 Y127.192 F15000
G1 X129.125 Y132.94
G1 E2 F2400
M204 S2500
M106 S102
G1 F1500
G1 X119.366 Y146.51 E.88916
G1 X119.366 Y146.452 E.00309
G1 X120.198 Y144.576 E.10917
G1 X128.271 Y133.351 E.73552
G1 X127.717 Y133.344 E.02947
G1 X119.692 Y144.502 E.73114
G1 X119.366 Y144.454 E.01753
G1 X119.366 Y144.179 E.01463
G1 X127.22 Y133.258 E.71559
G1 X126.923 Y133.19 E.01621
G1 X126.761 Y133.119 E.00941
G1 X119.366 Y143.402 E.67378
G1 X119.366 Y142.625 E.04133
G1 X126.343 Y132.923 E.6357
G1 X125.966 Y132.671 E.02412
G1 X120.273 Y140.587 E.51869
G1 X120.365 Y140.382 E.01195
G1 X119.821 Y140.439 E.0291
G1 X125.623 Y132.371 E.52864
G1 X125.316 Y132.021 E.02477
G1 X119.366 Y140.295 E.54213
G1 X119.371 Y139.51 E.04176
G1 X125.051 Y131.613 E.51747
G1 X124.931 Y131.373 E.01427
G1 X124.839 Y131.13 E.01382
G1 X120.218 Y137.556 E.42105
G1 X119.689 Y137.514 E.02823
G1 X124.695 Y130.553 E.45611
G1 X124.638 Y130.139 E.02223
G1 X124.647 Y129.843 E.01575
G1 X119.366 Y137.187 E.48119
G1 X119.366 Y136.41 E.04133
G1 X136.634 Y112.398 E1.57335
G1 X136.634 Y111.621 E.04133
G1 X119.413 Y135.568 E1.56908
G1 X120.369 Y133.461 E.12308
G1 X136.634 Y110.844 E1.48195
G1 X136.634 Y110.067 E.04133
G1 X119.81 Y133.461 E1.53287
G1 X119.366 Y133.528 E.02389
G1 X119.366 Y133.302 E.01202
G1 X136.58 Y109.366 E1.56839
G1 X136.021 Y109.366 E.02974
G1 X119.366 Y132.525 E1.51747
G1 X119.366 Y131.748 E.04133
G1 X135.462 Y109.366 E1.46655
G1 X134.903 Y109.366 E.02974
G1 X119.366 Y130.971 E1.41563
G1 X119.366 Y130.194 E.04133
G1 X129.615 Y115.943 E.93379
G1 X129.945 Y115.743 E.02053
G1 X130.145 Y115.589 E.01343
G1 X130.443 Y115.31 E.02172
G1 X130.609 Y115.121 E.01338
G1 X130.847 Y114.789 E.02173
G1 X130.973 Y114.571 E.01339
G1 X131.141 Y114.199 E.02171
G1 X131.222 Y113.961 E.01337
G1 X131.307 Y113.589 E.0203
G1 X134.345 Y109.366 E.27674
G1 X133.786 Y109.366 E.02974
G1 X131.348 Y112.757 E.22217
G1 X131.279 Y112.253 E.02706
G1 X131.244 Y112.124 E.00711
G1 X133.227 Y109.366 E.1807
G1 X132.668 Y109.366 E.02974
G1 X131.058 Y111.605 E.1467
G1 X130.813 Y111.169 E.0266
G1 X132.11 Y109.366 E.11815
G1 X131.551 Y109.366 E.02974
G1 X130.528 Y110.789 E.09323
G1 X130.203 Y110.463 E.02449
G1 X130.992 Y109.366 E.07188
G1 X130.433 Y109.366 E.02974
G1 X129.841 Y110.19 E.05397
G1 X129.441 Y109.968 E.02434
G1 X129.875 Y109.366 E.03948
G1 X129.316 Y109.366 E.02974
G1 X129.008 Y109.794 E.02805
G1 X128.531 Y109.681 E.02608
G1 X128.757 Y109.366 E.02062
G1 X128.198 Y109.366 E.02974
G1 X128.002 Y109.64 E.01792
G1 X127.707 Y109.652 E.01571
G1 X127.4 Y109.699 E.01652
G1 X127.64 Y109.366 E.02184
G1 X127.081 Y109.366 E.02974
G1 X126.441 Y110.255 E.05827
M107
M204 S4000
G1 E-2 F2400
G1 X126.441 Y110.255 F15000
G1 X129.034 Y115.973
G1 E2 F2400
M204 S2500
M106 S102
G1 F1500
G1 X119.366 Y129.417 E.88089
G1 X119.366 Y128.64 E.04133
G1 X128.198 Y116.359 E.8047
G1 X127.652 Y116.341 E.02906
G1 X119.366 Y127.863 E.75496
G1 X119.366 Y127.086 E.04133
G1 X127.163 Y116.244 E.71041
G1 X126.903 Y116.183 E.01421
G1 X126.71 Y116.097 E.01124
G1 X119.366 Y126.309 E.66913
G1 X119.366 Y125.533 E.04128
G1 X126.296 Y115.896 E.63144
G1 X125.922 Y115.64 E.02411
G1 X119.366 Y124.756 E.59732
G1 X119.366 Y123.979 E.04133
G1 X125.585 Y115.331 E.56664
G1 X125.281 Y114.976 E.02486
G1 X119.366 Y123.202 E.53897
G1 X119.366 Y122.425 E.04133
G1 X125.022 Y114.559 E.51538
G1 X124.816 Y114.069 E.02828
G1 X119.366 Y121.648 E.49659
G1 X119.366 Y120.871 E.04133
G1 X124.684 Y113.475 E.48459
G1 X124.638 Y113.137 E.01815
G1 X124.659 Y112.734 E.02147
G1 X119.366 Y120.094 E.48226
G1 X119.366 Y119.317 E.04133
G1 X126.522 Y109.366 E.65202
G1 X125.963 Y109.366 E.02974
G1 X119.366 Y118.54 E.6011
G1 X119.366 Y117.763 E.04133
G1 X125.405 Y109.366 E.55021
G1 X124.846 Y109.366 E.02974
G1 X119.366 Y116.986 E.49929
G1 X119.366 Y116.209 E.04133
G1 X124.287 Y109.366 E.44837
G1 X123.729 Y109.366 E.02968
G1 X119.366 Y115.432 E.39749
G1 X119.366 Y114.655 E.04133
G1 X123.17 Y109.366 E.34657
G1 X122.611 Y109.366 E.02974
G1 X119.366 Y113.878 E.29565
G1 X119.366 Y113.101 E.04133
G1 X122.052 Y109.366 E.24473
G1 X121.494 Y109.366 E.02968
G1 X119.366 Y112.324 E.19384
G1 X119.366 Y111.547 E.04133
G1 X120.935 Y109.366 E.14292
G1 X120.376 Y109.366 E.02974
G1 X119.366 Y110.77 E.092
G1 X119.366 Y109.994 E.04128
G1 X119.963 Y109.163 E.05443
M107
M204 S4000
;LAYER_CHANGE
;Z:2.45
;HEIGHT:0.2
G1 Z2.45 F15000
G1 E-2 F2400
G1 Z2.45 F15000
G1 X136.961 Y146.961
G1 Z2.45
G1 E2 F2400
M204 S2500
;TYPE:Perimeter
;WIDTH:0.449999
G1 F4800
G1 X119.039 Y146.961 E.60664
G1 X119.039 Y109.039 E1.28361
G1 X136.961 Y109.039 E.60664
G1 X136.961 Y112.043 E.10168
G1 X136.961 Y146.901 E1.1799
M204 S4000
G1 X136.961 Y146.901 F15000
G1 X137.368 Y147.368
M204 S2500
G1 F4800
G1 X118.632 Y147.368 E.63419
G1 X118.632 Y108.632 E1.31117
G1 X137.368 Y108.632 E.63419
G1 X137.368 Y112.043 E.11546
G1 X137.368 Y147.308 E1.19368
M204 S4000
G1 X137.775 Y147.775 F15000
M204 S2500
;TYPE:External perimeter
G1 F2700
G1 X118.225 Y147.775 E.66174
G1 X118.225 Y108.225 E1.33872
G1 X137.775 Y108.225 E.66174
G1 X137.775 Y112.043 E.12923
G1 X137.775 Y147.715 E1.20745
M204 S4000
G1 X137.379 Y147.774 F15000
G1 E-2 F2400
G1 X126.722 Y110.259 F15000
G1 E2 F2400
M204 S2500
;TYPE:Perimeter
G1 F900
G1 X127.118 Y110.095 E.01451
G1 X127.739 Y109.976 E.0214
G1 X128.302 Y109.979 E.01906
G1 X128.881 Y110.095 E.01999
G1 X129.431 Y110.322 E.02014
G1 X129.926 Y110.653 E.02016
G1 X130.347 Y111.074 E.02015
G1 X130.677 Y111.568 E.02011
G1 X130.905 Y112.118 E.02015
G1 X131.021 Y112.702 E.02015
G1 X131.021 Y113.297 E.02014
G1 X130.905 Y113.881 E.02015
G1 X130.678 Y114.431 E.02014
G1 X130.347 Y114.926 E.02016
G1 X129.926 Y115.347 E.02015
G1 X129.432 Y115.677 E.02011
G1 X128.882 Y115.905 E.02015
G1 X128.298 Y116.021 E.02015
G1 X127.703 Y116.021 E.02014
G1 X127.119 Y115.905 E.02015
G1 X126.569 Y115.678 E.02014
G1 X126.074 Y115.347 E.02016
G1 X125.653 Y114.926 E.02015
G1 X125.323 Y114.432 E.02011
G1 X125.095 Y113.882 E.02015
G1 X124.979 Y113.298 E.02015
G1 X124.979 Y112.703 E.02014
G1 X125.095 Y112.119 E.02015
G1 X125.322 Y111.569 E.02014
G1 X125.653 Y111.074 E.02016
G1 X126.074 Y110.653 E.02015
G1 X126.568 Y110.323 E.02011
G1 X126.666 Y110.282 E.0036
M204 S4000
G1 X126.666 Y110.282 F15000
G1 X126.882 Y110.629
M204 S2500
G1 F900
G1 X127.262 Y110.476 E.01387
G1 X127.802 Y110.379 E.01857
G1 X128.403 Y110.401 E.02036
G1 X128.902 Y110.53 E.01745
G1 X129.366 Y110.753 E.01743
G1 X129.779 Y111.063 E.01748
G1 X130.122 Y111.447 E.01743
G1 X130.385 Y111.891 E.01747
G1 X130.555 Y112.377 E.01743
G1 X130.628 Y112.888 E.01747
G1 X130.599 Y113.403 E.01746
G1 X130.47 Y113.902 E.01745
G1 X130.247 Y114.366 E.01743
G1 X129.937 Y114.779 E.01748
G1 X129.553 Y115.122 E.01743
G1 X129.109 Y115.385 E.01747
G1 X128.638 Y115.552 E.01692
G1 X128.133 Y115.628 E.01729
G1 X127.618 Y115.603 E.01745
G1 X127.098 Y115.47 E.01817
G1 X126.634 Y115.247 E.01743
G1 X126.221 Y114.937 E.01748
G1 X125.878 Y114.553 E.01743
G1 X125.615 Y114.109 E.01747
G1 X125.446 Y113.629 E.01723
G1 X125.38 Y113.232 E.01362
G1 X125.385 Y112.716 E.01747
G1 X125.491 Y112.212 E.01743
G1 X125.693 Y111.737 E.01747
G1 X125.984 Y111.311 E.01746
G1 X126.352 Y110.951 E.01743
G1 X126.783 Y110.668 E.01745
G1 X126.826 Y110.651 E.00157
M204 S4000
G1 X126.826 Y110.651 F15000
G1 X127.04 Y110.994
M204 S2500
;TYPE:External perimeter
G1 F900
G1 X127.445 Y110.846 E.0146
G1 X127.904 Y110.778 E.01571
G1 X128.31 Y110.798 E.01376
G1 X128.734 Y110.9 E.01476
G1 X129.129 Y111.084 E.01475
G1 X129.481 Y111.341 E.01475
G1 X129.777 Y111.662 E.01478
G1 X130.004 Y112.034 E.01475
G1 X130.154 Y112.444 E.01478
G1 X130.221 Y112.874 E.01473
G1 X130.202 Y113.31 E.01477
G1 X130.1 Y113.734 E.01476
G1 X129.916 Y114.129 E.01475
G1 X129.659 Y114.481 E.01475
G1 X129.338 Y114.777 E.01478
G1 X128.966 Y115.004 E.01475
G1 X128.556 Y115.154 E.01478
G1 X128.126 Y115.221 E.01473
G1 X127.69 Y115.202 E.01477
G1 X127.266 Y115.1 E.01476
G1 X126.871 Y114.916 E.01475
G1 X126.519 Y114.659 E.01475
G1 X126.223 Y114.338 E.01478
G1 X125.996 Y113.966 E.01475
G1 X125.846 Y113.556 E.01478
G1 X125.782 Y113.165 E.01341
G1 X125.798 Y112.69 E.01609
G1 X125.9 Y112.266 E.01476
G1 X126.084 Y111.871 E.01475
G1 X126.341 Y111.519 E.01475
G1 X126.662 Y111.223 E.01478
G1 X126.988 Y111.024 E.01293
M204 S4000
G1 X127.361 Y110.878 F15000
G1 E-2 F2400
G1 X126.212 Y127.561 F15000
G1 E2 F2400
M204 S2500
;TYPE:Perimeter
G1 F900
G1 X126.568 Y127.323 E.0145
G1 X127.171 Y127.077 E.02204
G1 X127.739 Y126.976 E.01953
G1 X128.302 Y126.979 E.01906
G1 X128.881 Y127.095 E.01999
G1 X129.431 Y127.322 E.02014
G1 X129.926 Y127.653 E.02016
G1 X130.347 Y128.074 E.02015
G1 X130.677 Y128.568 E.02011
G1 X130.905 Y129.118 E.02015
G1 X131.021 Y129.702 E.02015
G1 X131.021 Y130.297 E.02014
G1 X130.905 Y130.881 E.02015
G1 X130.678 Y131.431 E.02014
G1 X130.347 Y131.926 E.02016
G1 X129.926 Y132.347 E.02015
G1 X129.432 Y132.677 E.02011
G1 X128.882 Y132.905 E.02015
G1 X128.298 Y133.021 E.02015
G1 X127.703 Y133.021 E.02014
G1 X127.119 Y132.905 E.02015
G1 X126.569 Y132.678 E.02014
G1 X126.074 Y132.347 E.02016
G1 X125.653 Y131.926 E.02015
G1 X125.323 Y131.432 E.02011
G1 X125.095 Y130.882 E.02015
G1 X124.979 Y130.298 E.02015
G1 X124.979 Y129.703 E.02014
G1 X125.095 Y129.119 E.02015
G1 X125.322 Y128.569 E.02014
G1 X125.653 Y128.074 E.02016
G1 X126.074 Y127.653 E.02015
G1 X126.162 Y127.594 E.00359
M204 S4000
G1 X126.162 Y127.594 F15000
G1 X126.398 Y127.921
M204 S2500
G1 F900
G1 X126.447 Y127.878 E.00221
G1 X126.891 Y127.615 E.01747
G1 X127.293 Y127.465 E.01452
G1 X127.802 Y127.379 E.01747
G1 X128.319 Y127.388 E.0175
G1 X128.822 Y127.5 E.01744
G1 X129.366 Y127.753 E.02031
G1 X129.779 Y128.063 E.01748
G1 X130.122 Y128.447 E.01743
G1 X130.385 Y128.891 E.01747
G1 X130.555 Y129.377 E.01743
G1 X130.628 Y129.888 E.01747
G1 X130.599 Y130.403 E.01746
G1 X130.47 Y130.902 E.01745
G1 X130.247 Y131.366 E.01743
G1 X129.937 Y131.779 E.01748
G1 X129.553 Y132.122 E.01743
G1 X129.109 Y132.385 E.01747
G1 X128.628 Y132.554 E.01726
G1 X128.132 Y132.628 E.01697
G1 X127.631 Y132.606 E.01697
G1 X127.098 Y132.47 E.01862
G1 X126.634 Y132.247 E.01743
G1 X126.221 Y131.937 E.01748
G1 X125.878 Y131.553 E.01743
G1 X125.615 Y131.109 E.01747
G1 X125.446 Y130.629 E.01723
G1 X125.372 Y130.132 E.01701
G1 X125.401 Y129.597 E.01814
G1 X125.53 Y129.098 E.01745
G1 X125.753 Y128.634 E.01743
G1 X126.063 Y128.221 E.01748
G1 X126.353 Y127.961 E.01318
M204 S4000
G1 X126.353 Y127.961 F15000
G1 X126.666 Y128.221
M204 S2500
;TYPE:External perimeter
G1 F900
G1 X127.034 Y127.996 E.0146
G1 X127.416 Y127.853 E.01381
G1 X127.904 Y127.778 E.01671
G1 X128.31 Y127.798 E.01376
G1 X128.734 Y127.9 E.01476
G1 X129.129 Y128.084 E.01475
G1 X129.481 Y128.341 E.01475
G1 X129.777 Y128.662 E.01478
G1 X130.004 Y129.034 E.01475
G1 X130.154 Y129.444 E.01478
G1 X130.221 Y129.874 E.01473
G1 X130.202 Y130.31 E.01477
G1 X130.1 Y130.734 E.01476
G1 X129.916 Y131.129 E.01475
G1 X129.659 Y131.481 E.01475
G1 X129.338 Y131.777 E.01478
G1 X128.966 Y132.004 E.01475
G1 X128.556 Y132.154 E.01478
G1 X128.126 Y132.221 E.01473
G1 X127.69 Y132.202 E.01477
G1 X127.266 Y132.1 E.01476
G1 X126.871 Y131.916 E.01475
G1 X126.519 Y131.659 E.01475
G1 X126.223 Y131.338 E.01478
G1 X125.996 Y130.966 E.01475
G1 X125.846 Y130.556 E.01478
G1 X125.779 Y130.126 E.01473
G1 X125.798 Y129.69 E.01477
G1 X125.9 Y129.266 E.01476
G1 X126.084 Y128.871 E.01475
G1 X126.341 Y128.519 E.01475
G1 X126.621 Y128.261 E.01289
M204 S4000
G1 X126.958 Y128.045 F15000
G1 E-2 F2400
G1 X119.344 Y134.886 F15000
G1 E2 F2400
;TYPE:Internal infill
;WIDTH:0.45
G1 F6000
G1 X119.344 Y132.444 E.08266
G1 X119.57 Y132.772 E.01348
G1 X119.57 Y139.76 E.23654
G1 X119.344 Y139.432 E.01348
G1 X119.344 Y146.36 E.2345
G1 X119.773 Y146.656 E.01764
G1 X123.866 Y146.656 E.13854
G1 X124.149 Y146.43 E.01226
G1 X126.435 Y146.43 E.07738
G1 X126.761 Y146.656 E.01343
G1 X130.854 Y146.656 E.13854
G1 X131.137 Y146.43 E.01226
G1 X133.423 Y146.43 E.07738
G1 X133.749 Y146.656 E.01343
G1 X136.656 Y146.656 E.0984
G1 X136.656 Y142.926 E.12626
G1 X136.43 Y143.254 E.01348
G1 X136.43 Y136.266 E.23654
G1 X136.656 Y135.938 E.01348
G1 X136.656 Y133.496 E.08266
G1 E-2 F2400
G1 X136.656 Y133.496 F15000
G1 X119.455 Y109.377
G1 E2 F2400
;TYPE:Solid infill
;WIDTH:0.548766
G1 F3300
G1 X119.41 Y109.333 E.00265
G1 X119.349 Y109.349 E.00265
G1 X119.333 Y109.41 E.00265
G1 X119.377 Y109.455 E.00265
G1 X119.439 Y109.439 E.00269
;WIDTH:0.449999
G1 X120.089 Y109.344 E.02224
G1 X119.344 Y110.089 E.03566
G1 X119.344 Y110.664 E.01946
G1 X120.664 Y109.344 E.06319
G1 X121.24 Y109.344 E.0195
G1 X119.344 Y111.24 E.09076
G1 X119.344 Y111.816 E.0195
G1 X121.816 Y109.344 E.11833
G1 X122.392 Y109.344 E.0195
G1 X119.344 Y112.392 E.14591
G1 X119.344 Y112.967 E.01946
G1 X122.967 Y109.344 E.17343
G1 X123.543 Y109.344 E.0195
G1 X119.344 Y113.543 E.201
G1 X119.344 Y114.119 E.0195
G1 X124.119 Y109.344 E.22858
G1 X124.694 Y109.344 E.01946
G1 X119.344 Y114.694 E.2561
G1 X119.344 Y115.27 E.0195
G1 X125.27 Y109.344 E.28367
G1 X125.846 Y109.344 E.0195
G1 X119.344 Y115.846 E.31125
G1 X119.344 Y116.421 E.01946
G1 X126.367 Y109.399 E.33616
G1 X126.442 Y109.299 E.00423
;WIDTH:0.41646
G1 X126.517 Y109.198 E.00391
;WIDTH:0.38292
G1 X126.385 Y109.191 E.00374
G1 X126.385 Y109.191 F15000
G1 X127.72 Y109.325
;WIDTH:0.437502
G1 F3300
G1 X127.424 Y109.338 E.00972
;WIDTH:0.464368
G1 X126.766 Y109.352 E.02306
G1 X126.864 Y109.594 E.00915
G1 X127.004 Y109.773 E.00796
G1 X127.038 Y109.794 E.0014
G1 X127.361 Y109.744 E.01145
;WIDTH:0.43921
G1 X127.684 Y109.694 E.01077
;WIDTH:0.414051
G1 X128.302 Y109.693 E.01907
;WIDTH:0.449999
G1 X128.938 Y109.795 E.0218
G1 X129.545 Y110.039 E.02214
G1 X130.093 Y110.398 E.02218
G1 X130.561 Y110.856 E.02216
G1 X130.93 Y111.397 E.02217
G1 X131.211 Y112.039 E.02372
G1 X133.905 Y109.344 E.12898
G1 X128.982 Y109.344 E.16664
G1 X128.373 Y109.327 E.02062
;WIDTH:0.414394
G1 X127.924 Y109.325 E.01387
G1 X127.924 Y109.325 F15000
G1 X126.513 Y109.829
;WIDTH:0.449999
G1 F3300
G1 X125.778 Y110.545 E.03473
;WIDTH:0.423358
G1 X125.57 Y110.751 E.00926
;WIDTH:0.449999
G1 X125.302 Y111.039 E.01332
G1 X119.344 Y116.997 E.28521
G1 X119.344 Y117.573 E.0195
G1 X124.776 Y112.141 E.26003
G1 X124.865 Y112.131 E.00303
;WIDTH:0.41646
G1 X124.953 Y112.121 E.00275
;WIDTH:0.38292
G1 X124.977 Y112.005 E.00335
G1 X124.95 Y111.853 E.00436
G1 X124.95 Y111.853 F15000
G1 X124.676 Y112.817
;WIDTH:0.449999
G1 F3300
G1 X119.344 Y118.149 E.25524
G1 X119.344 Y118.724 E.01946
G1 X124.692 Y113.376 E.25601
G1 X124.776 Y113.869 E.01693
G1 X119.344 Y119.3 E.26
G1 X119.344 Y119.876 E.0195
G1 X124.924 Y114.296 E.26711
G1 X125.117 Y114.679 E.01452
G1 X119.344 Y120.451 E.27633
G1 X119.344 Y121.027 E.0195
G1 X125.346 Y115.026 E.28729
G1 X125.615 Y115.332 E.01379
G1 X119.344 Y121.603 E.30019
G1 X119.344 Y122.178 E.01946
G1 X125.915 Y115.608 E.31453
G1 X126.252 Y115.846 E.01396
G1 X119.344 Y122.754 E.33068
G1 X119.344 Y123.33 E.0195
G1 X126.634 Y116.04 E.34897
G1 X127.054 Y116.196 E.01517
G1 X119.344 Y123.906 E.36907
G1 X119.344 Y124.481 E.01946
G1 X127.52 Y116.306 E.39136
G1 X128.068 Y116.334 E.01857
G1 X119.344 Y125.057 E.41759
G1 X119.344 Y125.633 E.0195
G1 X128.721 Y116.256 E.44887
G1 X129.666 Y115.887 F15000
G1 F3300
G1 X119.344 Y126.208 E.49408
G1 E-2 F2400
G1 X119.344 Y126.208 F15000
G1 X129.695 Y132.724
G1 E2 F2400
;WIDTH:0.38292
G1 F3300
G1 X129.396 Y132.955 E.01068
G1 X129.855 Y132.6 E.0164
G1 E-2 F2400
G1 X129.855 Y132.6 F15000
G1 X131.295 Y112.531
G1 E2 F2400
;WIDTH:0.449999
G1 F3300
G1 X134.481 Y109.344 E.15254
G1 X134.574 Y109.273 E.00396
;WIDTH:0.41646
G1 X134.668 Y109.201 E.00368
;WIDTH:0.38292
G1 X134.626 Y109.212 E.00123
G1 X134.607 Y109.141 E.00208
G1 X134.679 Y109.16 E.00211
;WIDTH:0.449999
G1 X135.057 Y109.344 E.01423
G1 X131.33 Y113.072 E.17843
G1 X131.33 Y113.072 F15000
G1 X131.13 Y113.999
;WIDTH:0.38292
G1 F3300
G1 X131.059 Y113.98 E.00208
G1 X131.078 Y114.051 E.00208
G1 X131.119 Y114.04 E.0012
;WIDTH:0.41646
G1 X131.187 Y113.881 E.00537
;WIDTH:0.449999
G1 X131.255 Y113.722 E.00585
G1 X135.633 Y109.344 E.20957
G1 X135.633 Y109.344 F15000
G1 X136.828 Y109.202
;WIDTH:0.38292
G1 F3300
G1 X136.756 Y109.183 E.00211
G1 X136.776 Y109.255 E.00211
G1 X136.466 Y109.195 E.00893
G1 X136.485 Y109.266 E.00208
G1 X136.526 Y109.255 E.0012
;WIDTH:0.41646
G1 X136.367 Y109.3 E.00513
;WIDTH:0.449999
G1 X136.208 Y109.344 E.00558
G1 X130.902 Y114.65 E.25399
G1 X130.785 Y114.794 E.00628
;WIDTH:0.41646
G1 X130.668 Y114.938 E.00576
;WIDTH:0.38292
G1 X130.54 Y115.087 E.00555
G1 X129.954 Y115.652 E.02301
G1 E-2 F2400
G1 X136.656 Y109.473 F15000
G1 E2 F2400
;WIDTH:0.449999
G1 F3300
G1 X119.344 Y126.784 E.82869
G1 X119.344 Y127.36 E.0195
G1 X136.656 Y110.049 E.82869
G1 X136.656 Y110.624 E.01946
G1 X119.344 Y127.935 E.82869
G1 X119.344 Y128.511 E.0195
G1 X136.656 Y111.2 E.82869
G1 X136.656 Y111.776 E.0195
G1 X119.344 Y129.087 E.82869
G1 X119.344 Y129.662 E.01946
G1 X136.656 Y112.351 E.82869
G1 X136.656 Y112.927 E.0195
G1 X119.344 Y130.238 E.82869
G1 X119.344 Y130.814 E.0195
G1 X136.656 Y113.503 E.82869
G1 X136.656 Y114.078 E.01946
G1 X119.561 Y131.173 E.81833
G1 X119.428 Y131.213 E.0047
;WIDTH:0.41646
G1 X119.295 Y131.253 E.00431
;WIDTH:0.38292
G1 X119.224 Y131.234 E.00208
G1 X119.243 Y131.305 E.00208
G1 X119.284 Y131.294 E.0012
;WIDTH:0.449999
G1 X119.947 Y131.362 E.02256
G1 X136.656 Y114.654 E.79983
G1 X136.656 Y115.23 E.0195
G1 X119.977 Y131.908 E.79839
G1 X119.977 Y132.484 E.0195
G1 X136.656 Y115.806 E.79839
G1 X136.656 Y116.381 E.01946
G1 X119.977 Y133.06 E.79841
G1 X119.933 Y133.219 E.00558
;WIDTH:0.41646
G1 X119.888 Y133.378 E.00513
;WIDTH:0.38292
G1 X119.847 Y133.389 E.0012
G1 X119.828 Y133.317 E.00211
G1 X119.899 Y133.337 E.00209
G1 E-2 F2400
G1 X119.899 Y133.337 F15000
G1 X125.148 Y128.384
G1 E2 F2400
G1 F3300
G1 X125.663 Y127.782 E.0224
G1 X126.38 Y127.152 E.02698
;WIDTH:0.41646
G1 X126.524 Y127.048 E.00552
;WIDTH:0.449999
G1 X126.668 Y126.945 E.00599
G1 X136.656 Y116.957 E.47812
G1 X136.656 Y117.533 E.0195
G1 X127.474 Y126.714 E.43951
G1 X127.35 Y126.782 E.00479
;WIDTH:0.41646
G1 X127.227 Y126.849 E.00435
;WIDTH:0.38292
G1 X127.156 Y126.83 E.00208
G1 X127.175 Y126.902 E.00211
G1 X127.216 Y126.891 E.0012
G1 X127.216 Y126.891 F15000
G1 X128.093 Y126.671
;WIDTH:0.449999
G1 F3300
G1 X136.656 Y118.108 E.40991
G1 X136.656 Y118.684 E.0195
G1 X128.615 Y126.725 E.38492
G1 X129.08 Y126.835 E.01617
G1 X136.656 Y119.26 E.36263
G1 X136.656 Y119.835 E.01946
G1 X129.481 Y127.01 E.34346
G1 X129.846 Y127.22 E.01425
G1 X136.656 Y120.411 E.32597
G1 X136.656 Y120.987 E.0195
G1 X130.175 Y127.467 E.31022
G1 X130.465 Y127.753 E.01379
G1 X136.656 Y121.563 E.29634
G1 X136.656 Y122.138 E.01946
G1 X130.726 Y128.068 E.28387
G1 X130.945 Y128.424 E.01415
G1 X136.656 Y122.714 E.27336
G1 X136.656 Y123.29 E.0195
G1 X131.121 Y128.824 E.26493
G1 X131.258 Y129.263 E.01557
G1 X136.656 Y123.865 E.2584
G1 X136.656 Y124.441 E.0195
G1 X131.328 Y129.769 E.25505
G1 X131.315 Y130.357 E.01991
G1 X136.656 Y125.017 E.25565
G1 X136.656 Y125.592 E.01946
G1 X131.155 Y131.093 E.26333
G1 X131.052 Y131.159 E.00414
;WIDTH:0.41646
G1 X130.949 Y131.224 E.00378
;WIDTH:0.38292
G1 X130.954 Y131.335 E.00314
G1 E-2 F2400
G1 X130.954 Y131.335 F15000
G1 X124.941 Y128.672
G1 E2 F2400
;WIDTH:0.449999
G1 F3300
G1 X119.911 Y133.708 E.24093
;WIDTH:0.41646
G1 X119.844 Y133.781 E.00308
;WIDTH:0.38292
G1 X119.773 Y133.762 E.00208
G1 X119.792 Y133.833 E.00208
G1 X119.833 Y133.822 E.0012
;WIDTH:0.449999
G1 X119.977 Y134.211 E.01404
G1 X124.7 Y129.488 E.22609
G1 X124.795 Y129.359 E.00542
;WIDTH:0.41646
G1 X124.89 Y129.231 E.00495
;WIDTH:0.38292
G1 X124.849 Y129.242 E.0012
G1 X124.83 Y129.17 E.00211
G1 X124.901 Y129.189 E.00208
G1 X124.901 Y129.189 F15000
G1 X124.661 Y130.103
;WIDTH:0.449999
G1 F3300
G1 X119.977 Y134.787 E.22422
G1 X119.977 Y135.362 E.01946
G1 X124.725 Y130.614 E.22728
G1 X124.841 Y131.074 E.01606
G1 X119.977 Y135.938 E.23284
G1 X119.977 Y136.514 E.0195
G1 X125.008 Y131.482 E.24085
G1 X125.221 Y131.846 E.01428
G1 X119.977 Y137.09 E.25103
G1 X119.977 Y137.665 E.01946
G1 X125.468 Y132.175 E.26283
G1 X125.75 Y132.468 E.01376
G1 X119.977 Y138.241 E.27635
G1 X119.977 Y138.817 E.0195
G1 X126.072 Y132.721 E.29179
G1 X126.424 Y132.945 E.01412
G1 X119.977 Y139.392 E.30861
G1 X119.977 Y139.968 E.0195
G1 X126.823 Y133.122 E.32771
G1 X127.273 Y133.248 E.01582
G1 X119.977 Y140.544 E.34925
G1 X119.977 Y141.119 E.01946
G1 X127.772 Y133.324 E.37314
G1 X128.357 Y133.315 E.0198
G1 X119.977 Y141.695 E.40115
G1 X119.977 Y141.695 F15000
G1 X119.899 Y142.548
;WIDTH:0.38292
G1 F3300
G1 X119.828 Y142.529 E.00208
G1 X119.847 Y142.6 E.00208
G1 X119.888 Y142.589 E.0012
;WIDTH:0.41646
G1 X119.933 Y142.43 E.00513
;WIDTH:0.449999
G1 X119.977 Y142.271 E.00558
G1 X129.108 Y133.14 E.4371
G1 E-2 F2400
G1 X129.108 Y133.14 F15000
G1 X136.656 Y126.168
G1 E2 F2400
G1 F3300
G1 X119.977 Y142.847 E.79841
G1 X119.977 Y143.422 E.01946
G1 X136.656 Y126.744 E.79839
G1 X136.656 Y127.32 E.0195
G1 X119.977 Y143.998 E.79839
G1 X119.977 Y144.574 E.0195
G1 X136.656 Y127.895 E.79841
G1 X136.656 Y128.471 E.0195
G1 X119.988 Y145.138 E.79786
G1 X120.153 Y145.549 E.01499
G1 X136.656 Y129.047 E.78996
G1 X136.656 Y129.622 E.01946
G1 X120.439 Y145.839 E.7763
G1 X121.149 Y146.171 E.02653
;WIDTH:0.38292
G1 X121.108 Y146.182 E.0012
G1 X121.088 Y146.111 E.00209
G1 X121.16 Y146.13 E.00211
;WIDTH:0.41646
G1 X121.01 Y146.062 E.00512
;WIDTH:0.449999
G1 X120.86 Y145.994 E.00557
G1 X136.656 Y130.198 E.75614
G1 X136.87 Y130.606 E.01559
;WIDTH:0.38292
G1 X136.799 Y130.587 E.00208
G1 X136.818 Y130.658 E.00208
G1 X136.859 Y130.647 E.0012
;WIDTH:0.41646
G1 X136.757 Y130.711 E.00374
;WIDTH:0.449999
G1 X136.656 Y130.774 E.00403
G1 X121.406 Y146.023 E.72998
G1 X121.982 Y146.023 E.0195
G1 X136.023 Y131.982 E.67213
G1 X136.023 Y132.558 E.0195
G1 X122.558 Y146.023 E.64456
G1 X123.133 Y146.023 E.01946
G1 X136.023 Y133.133 E.61704
G1 X136.023 Y133.709 E.0195
G1 X123.709 Y146.023 E.58946
G1 X124.285 Y146.023 E.0195
G1 X136.023 Y134.285 E.56189
G1 X136.023 Y134.861 E.0195
G1 X124.861 Y146.023 E.53432
G1 X125.436 Y146.023 E.01946
G1 X136.023 Y135.436 E.50679
G1 X136.023 Y136.012 E.0195
G1 X126.012 Y146.023 E.47922
G1 X126.588 Y146.023 E.0195
G1 X136.023 Y136.588 E.45165
G1 X136.023 Y137.163 E.01946
G1 X127.163 Y146.023 E.42412
G1 X127.739 Y146.023 E.0195
G1 X136.023 Y137.739 E.39655
G1 X136.023 Y138.315 E.0195
G1 X128.315 Y146.023 E.36898
G1 X128.89 Y146.023 E.01946
G1 X136.023 Y138.89 E.34145
G1 X136.023 Y139.466 E.0195
G1 X129.466 Y146.023 E.31388
G1 X130.042 Y146.023 E.0195
G1 X136.023 Y140.042 E.28631
G1 X136.023 Y140.617 E.01946
G1 X130.618 Y146.023 E.25876
G1 X131.193 Y146.023 E.01946
G1 X136.023 Y141.193 E.23121
G1 X136.023 Y141.769 E.0195
G1 X131.769 Y146.023 E.20364
G1 X132.345 Y146.023 E.0195
G1 X136.023 Y142.345 E.17606
G1 X136.023 Y142.92 E.01946
G1 X132.92 Y146.023 E.14854
G1 X133.496 Y146.023 E.0195
G1 X136.023 Y143.496 E.12097
G1 X136.023 Y144.072 E.0195
G1 X134.072 Y146.023 E.09339
G1 X134.647 Y146.023 E.01946
G1 X136.023 Y144.647 E.06587
G1 X135.987 Y145.259 E.02075
G1 X135.259 Y145.987 E.03485
G1 E-2 F2400
G1 X135.259 Y145.987 F15000
G1 X130.059 Y109.752
G1 E2 F2400
G1 F3300
G1 X132.923 Y109.752 E.09694
G1 X131.347 Y111.328 E.07544
G1 X131.268 Y111.169 E.00601
G1 X130.848 Y110.567 E.02485
G1 X130.318 Y110.058 E.02487
G1 X129.855 Y109.752 E.01879
G1 X129.855 Y109.752 F15000
G1 X131.011 Y110.157
;WIDTH:0.447338
G1 F3300
G1 X131.287 Y110.472 E.01408
G1 X131.424 Y110.676 E.00826
G1 X131.943 Y110.157 E.02468
G1 X131.214 Y110.157 E.02451
;LAYER_CHANGE
;Z:2.65
;HEIGHT:0.2
G1 Z2.65 F15000
G1 E-2 F2400
G1 Z2.65 F15000
G1 X136.961 Y146.961
G1 Z2.65
G1 E2 F2400
M204 S2500
;TYPE:Perimeter
;WIDTH:0.449999
G1 F4800
G1 X119.039 Y146.961 E.60664
G1 X119.039 Y109.039 E1.28361
G1 X136.961 Y109.039 E.60664
G1 X136.961 Y112.043 E.10168
G1 X136.961 Y146.901 E1.1799
M204 S4000
G1 X136.961 Y146.901 F15000
G1 X137.368 Y147.368
M204 S2500
G1 F4800
G1 X118.632 Y147.368 E.63419
G1 X118.632 Y108.632 E1.31117
G1 X137.368 Y108.632 E.63419
G1 X137.368 Y112.043 E.11546
G1 X137.368 Y147.308 E1.19368
M204 S4000
G1 X137.775 Y147.775 F15000
M204 S2500
;TYPE:External perimeter
G1 F2700
G1 X118.225 Y147.775 E.66174
G1 X118.225 Y108.225 E1.33872
G1 X137.775 Y108.225 E.66174
G1 X137.775 Y112.043 E.12923
G1 X137.775 Y147.715 E1.20745
M204 S4000
G1 X137.379 Y147.774 F15000
G1 E-2 F2400
G1 X126.722 Y110.259 F15000
G1 E2 F2400
M204 S2500
;TYPE:Perimeter
G1 F900
G1 X127.118 Y110.095 E.01451
G1 X127.728 Y109.977 E.02103
G1 X128.301 Y109.979 E.0194
G1 X128.881 Y110.095 E.02002
G1 X129.431 Y110.322 E.02014
G1 X129.926 Y110.653 E.02016
G1 X130.347 Y111.074 E.02015
G1 X130.677 Y111.568 E.02011
G1 X130.905 Y112.118 E.02015
G1 X131.021 Y112.702 E.02015
G1 X131.021 Y113.297 E.02014
G1 X130.905 Y113.881 E.02015
G1 X130.678 Y114.431 E.02014
G1 X130.347 Y114.926 E.02016
G1 X129.926 Y115.347 E.02015
G1 X129.432 Y115.677 E.02011
G1 X128.882 Y115.905 E.02015
G1 X128.298 Y116.021 E.02015
G1 X127.703 Y116.021 E.02014
G1 X127.119 Y115.905 E.02015
G1 X126.569 Y115.678 E.02014
G1 X126.074 Y115.347 E.02016
G1 X125.653 Y114.926 E.02015
G1 X125.323 Y114.432 E.02011
G1 X125.095 Y113.882 E.02015
G1 X124.979 Y113.298 E.02015
G1 X124.979 Y112.703 E.02014
G1 X125.095 Y112.119 E.02015
G1 X125.322 Y111.569 E.02014
G1 X125.653 Y111.074 E.02016
G1 X126.074 Y110.653 E.02015
G1 X126.568 Y110.323 E.02011
G1 X126.666 Y110.282 E.0036
M204 S4000
G1 X126.666 Y110.282 F15000
G1 X126.882 Y110.629
M204 S2500
G1 F900
G1 X127.262 Y110.476 E.01387
G1 X127.792 Y110.379 E.01824
G1 X128.403 Y110.401 E.02069
G1 X128.902 Y110.53 E.01745
G1 X129.366 Y110.753 E.01743
G1 X129.779 Y111.063 E.01748
G1 X130.122 Y111.447 E.01743
G1 X130.385 Y111.891 E.01747
G1 X130.555 Y112.377 E.01743
G1 X130.628 Y112.888 E.01747
G1 X130.599 Y113.403 E.01746
G1 X130.47 Y113.902 E.01745
G1 X130.247 Y114.366 E.01743
G1 X129.937 Y114.779 E.01748
G1 X129.553 Y115.122 E.01743
G1 X129.109 Y115.385 E.01747
G1 X128.638 Y115.552 E.01692
G1 X128.131 Y115.628 E.01735
G1 X127.617 Y115.603 E.01742
G1 X127.098 Y115.47 E.01814
G1 X126.634 Y115.247 E.01743
G1 X126.221 Y114.937 E.01748
G1 X125.878 Y114.553 E.01743
G1 X125.615 Y114.109 E.01747
G1 X125.446 Y113.629 E.01723
G1 X125.38 Y113.232 E.01362
G1 X125.385 Y112.716 E.01747
G1 X125.491 Y112.212 E.01743
G1 X125.693 Y111.737 E.01747
G1 X125.984 Y111.311 E.01746
G1 X126.352 Y110.951 E.01743
G1 X126.783 Y110.668 E.01745
G1 X126.826 Y110.651 E.00157
M204 S4000
G1 X126.826 Y110.651 F15000
G1 X127.028 Y111
M204 S2500
;TYPE:External perimeter
G1 F900
G1 X127.034 Y110.996 E.00024
G1 X127.445 Y110.846 E.01481
G1 X127.895 Y110.779 E.0154
G1 X128.31 Y110.798 E.01406
G1 X128.734 Y110.9 E.01476
G1 X129.129 Y111.084 E.01475
G1 X129.481 Y111.341 E.01475
G1 X129.777 Y111.662 E.01478
G1 X130.004 Y112.034 E.01475
G1 X130.154 Y112.444 E.01478
G1 X130.221 Y112.874 E.01473
G1 X130.202 Y113.31 E.01477
G1 X130.1 Y113.734 E.01476
G1 X129.916 Y114.129 E.01475
G1 X129.659 Y114.481 E.01475
G1 X129.338 Y114.777 E.01478
G1 X128.966 Y115.004 E.01475
G1 X128.556 Y115.154 E.01478
G1 X128.126 Y115.221 E.01473
G1 X127.69 Y115.202 E.01477
G1 X127.266 Y115.1 E.01476
G1 X126.871 Y114.916 E.01475
G1 X126.519 Y114.659 E.01475
G1 X126.223 Y114.338 E.01478
G1 X125.996 Y113.966 E.01475
G1 X125.846 Y113.556 E.01478
G1 X125.782 Y113.165 E.01341
G1 X125.798 Y112.69 E.01609
G1 X125.9 Y112.266 E.01476
G1 X126.084 Y111.871 E.01475
G1 X126.341 Y111.519 E.01475
G1 X126.662 Y111.223 E.01478
G1 X126.977 Y111.031 E.01249
M204 S4000
G1 X127.348 Y110.883 F15000
G1 E-2 F2400
G1 X126.212 Y127.561 F15000
G1 E2 F2400
M204 S2500
;TYPE:Perimeter
G1 F900
G1 X126.568 Y127.323 E.0145
G1 X127.118 Y127.095 E.02015
G1 X127.728 Y126.977 E.02103
G1 X128.301 Y126.979 E.0194
G1 X128.881 Y127.095 E.02002
G1 X129.431 Y127.322 E.02014
G1 X129.926 Y127.653 E.02016
G1 X130.347 Y128.074 E.02015
G1 X130.677 Y128.568 E.02011
G1 X130.905 Y129.118 E.02015
G1 X131.021 Y129.702 E.02015
G1 X131.021 Y130.297 E.02014
G1 X130.905 Y130.881 E.02015
G1 X130.678 Y131.431 E.02014
G1 X130.347 Y131.926 E.02016
G1 X129.926 Y132.347 E.02015
G1 X129.432 Y132.677 E.02011
G1 X128.882 Y132.905 E.02015
G1 X128.298 Y133.021 E.02015
G1 X127.703 Y133.021 E.02014
G1 X127.119 Y132.905 E.02015
G1 X126.569 Y132.678 E.02014
G1 X126.074 Y132.347 E.02016
G1 X125.653 Y131.926 E.02015
G1 X125.323 Y131.432 E.02011
G1 X125.095 Y130.882 E.02015
G1 X124.979 Y130.298 E.02015
G1 X124.979 Y129.703 E.02014
G1 X125.095 Y129.119 E.02015
G1 X125.322 Y128.569 E.02014
G1 X125.653 Y128.074 E.02016
G1 X126.074 Y127.653 E.02015
G1 X126.162 Y127.594 E.00359
M204 S4000
G1 X126.162 Y127.594 F15000
G1 X126.398 Y127.921
M204 S2500
G1 F900
G1 X126.447 Y127.878 E.00221
G1 X126.891 Y127.615 E.01747
G1 X127.262 Y127.476 E.01341
G1 X127.792 Y127.379 E.01824
G1 X128.319 Y127.388 E.01784
G1 X128.822 Y127.5 E.01744
G1 X129.366 Y127.753 E.02031
G1 X129.779 Y128.063 E.01748
G1 X130.122 Y128.447 E.01743
G1 X130.385 Y128.891 E.01747
G1 X130.555 Y129.377 E.01743
G1 X130.628 Y129.888 E.01747
G1 X130.599 Y130.403 E.01746
G1 X130.47 Y130.902 E.01745
G1 X130.247 Y131.366 E.01743
G1 X129.937 Y131.779 E.01748
G1 X129.553 Y132.122 E.01743
G1 X129.109 Y132.385 E.01747
G1 X128.628 Y132.554 E.01726
G1 X128.132 Y132.628 E.01697
G1 X127.631 Y132.606 E.01697
G1 X127.098 Y132.47 E.01862
G1 X126.634 Y132.247 E.01743
G1 X126.221 Y131.937 E.01748
G1 X125.878 Y131.553 E.01743
G1 X125.615 Y131.109 E.01747
G1 X125.446 Y130.629 E.01723
G1 X125.372 Y130.132 E.01701
G1 X125.401 Y129.597 E.01814
G1 X125.53 Y129.098 E.01745
G1 X125.753 Y128.634 E.01743
G1 X126.063 Y128.221 E.01748
G1 X126.353 Y127.961 E.01318
M204 S4000
G1 X126.353 Y127.961 F15000
G1 X126.657 Y128.228
M204 S2500
;TYPE:External perimeter
G1 F900
G1 X126.662 Y128.223 E.00024
G1 X127.034 Y127.996 E.01475
G1 X127.405 Y127.857 E.01341
G1 X127.895 Y127.779 E.01679
G1 X128.31 Y127.798 E.01406
G1 X128.734 Y127.9 E.01476
G1 X129.129 Y128.084 E.01475
G1 X129.481 Y128.341 E.01475
G1 X129.777 Y128.662 E.01478
G1 X130.004 Y129.034 E.01475
G1 X130.154 Y129.444 E.01478
G1 X130.221 Y129.874 E.01473
G1 X130.202 Y130.31 E.01477
G1 X130.1 Y130.734 E.01476
G1 X129.916 Y131.129 E.01475
G1 X129.659 Y131.481 E.01475
G1 X129.338 Y131.777 E.01478
G1 X128.966 Y132.004 E.01475
G1 X128.556 Y132.154 E.01478
G1 X128.126 Y132.221 E.01473
G1 X127.69 Y132.202 E.01477
G1 X127.266 Y132.1 E.01476
G1 X126.871 Y131.916 E.01475
G1 X126.519 Y131.659 E.01475
G1 X126.223 Y131.338 E.01478
G1 X125.996 Y130.966 E.01475
G1 X125.846 Y130.556 E.01478
G1 X125.779 Y130.126 E.01473
G1 X125.798 Y129.69 E.01477
G1 X125.9 Y129.266 E.01476
G1 X126.084 Y128.871 E.01475
G1 X126.341 Y128.519 E.01475
G1 X126.612 Y128.269 E.01248
M204 S4000
G1 X126.948 Y128.051 F15000
G1 E-2 F2400
G1 X119.344 Y134.034 F15000
G1 E2 F2400
;TYPE:Internal infill
;WIDTH:0.45
G1 F6000
G1 X119.344 Y131.78 E.0763
G1 X119.533 Y131.78 E.0064
G1 X119.485 Y131.931 E.00536
G1 X119.57 Y132.268 E.01176
G1 X119.57 Y138.65 E.21602
G1 X119.485 Y138.919 E.00955
G1 X119.57 Y139.257 E.0118
G1 X119.57 Y145.02 E.19507
G1 X119.648 Y145.459 E.01509
G1 X119.485 Y145.908 E.01617
G1 X119.726 Y146.656 E.0266
G1 X136.656 Y146.656 E.57306
G1 X136.656 Y131.78 E.50353
G1 X136.43 Y131.78 E.00765
G1 X136.43 Y135.156 E.11427
G1 X136.515 Y135.425 E.00955
G1 X136.43 Y135.762 E.01176
G1 X136.43 Y142.144 E.21602
G1 X136.515 Y142.414 E.00958
G1 X136.43 Y142.751 E.01176
G1 X136.416 Y145.193 E.08266
G1 E-2 F2400
G1 X136.416 Y145.193 F15000
G1 X120.188 Y145.784
G1 E2 F2400
;TYPE:Solid infill
;WIDTH:0.38292
G1 F3300
G1 X120.507 Y146.052 E.01178
;WIDTH:0.449999
G1 X120.82 Y145.985 E.01083
G1 X119.99 Y145.155 E.03973
G1 X119.977 Y144.567 E.01991
G1 X121.433 Y146.023 E.0697
G1 X122.009 Y146.023 E.0195
G1 X119.977 Y143.991 E.09727
G1 X119.977 Y143.415 E.0195
G1 X122.585 Y146.023 E.12484
G1 X123.161 Y146.023 E.0195
G1 X119.977 Y142.839 E.15242
G1 X119.977 Y142.264 E.01946
G1 X123.736 Y146.023 E.17994
G1 X124.312 Y146.023 E.0195
G1 X119.977 Y141.688 E.20751
G1 X119.977 Y141.112 E.0195
G1 X124.888 Y146.023 E.23509
G1 X125.463 Y146.023 E.01946
G1 X119.977 Y140.537 E.26261
G1 X119.977 Y139.961 E.0195
G1 X126.039 Y146.023 E.29018
G1 X126.615 Y146.023 E.0195
G1 X119.977 Y139.385 E.31776
G1 X119.977 Y138.81 E.01946
G1 X127.19 Y146.023 E.34528
G1 X127.766 Y146.023 E.0195
G1 X119.977 Y138.234 E.37285
G1 X119.977 Y137.658 E.0195
G1 X128.342 Y146.023 E.40043
G1 X128.917 Y146.023 E.01946
G1 X119.977 Y137.083 E.42795
G1 X119.977 Y136.507 E.0195
G1 X129.493 Y146.023 E.45552
G1 X130.069 Y146.023 E.0195
G1 X119.977 Y135.931 E.4831
G1 X119.977 Y135.355 E.0195
G1 X130.645 Y146.023 E.51067
G1 X131.22 Y146.023 E.01946
G1 X119.977 Y134.78 E.5382
G1 X119.977 Y134.204 E.0195
G1 X131.796 Y146.023 E.56577
G1 X132.372 Y146.023 E.0195
G1 X119.977 Y133.628 E.59334
G1 X119.977 Y133.053 E.01946
G1 X132.947 Y146.023 E.62087
G1 X133.523 Y146.023 E.0195
G1 X119.977 Y132.477 E.64844
G1 X119.977 Y132.477 F15000
G1 X119.375 Y131.342
;WIDTH:0.511076
G1 F3300
G1 X119.474 Y131.384 E.00419
;WIDTH:0.468358
G1 X119.574 Y131.425 E.00382
;WIDTH:0.425639
G1 X119.673 Y131.466 E.00341
;WIDTH:0.38292
G1 X119.844 Y131.613 E.00638
;WIDTH:0.41646
G1 X119.91 Y131.757 E.00492
;WIDTH:0.449999
G1 X119.977 Y131.901 E.00538
G1 X134.099 Y146.023 E.67601
G1 X134.674 Y146.023 E.01946
G1 X119.344 Y130.693 E.73384
G1 X119.344 Y130.117 E.0195
G1 X135.225 Y145.997 E.76019
G1 X135.609 Y145.806 E.01452
G1 X119.344 Y129.542 E.77857
G1 X119.344 Y128.966 E.0195
G1 X135.88 Y145.501 E.79154
G1 X136.018 Y145.064 E.01551
G1 X119.344 Y128.39 E.79817
G1 X119.344 Y127.814 E.0195
G1 X136.023 Y144.493 E.79841
G1 X136.023 Y143.917 E.0195
G1 X119.344 Y127.239 E.79839
G1 X119.344 Y126.663 E.0195
G1 X136.023 Y143.341 E.79839
G1 X136.023 Y143.341 F15000
G1 X136.172 Y142.448
;WIDTH:0.38292
G1 F3300
G1 X136.183 Y142.489 E.0012
G1 X136.112 Y142.508 E.00208
G1 X136.131 Y142.437 E.00208
;WIDTH:0.41646
G1 X136.077 Y142.601 E.00536
;WIDTH:0.449999
G1 X136.023 Y142.766 E.00588
G1 X119.344 Y126.087 E.79841
G1 X119.344 Y125.512 E.01946
G1 X124.804 Y130.971 E.26134
G1 X124.897 Y131.115 E.0058
;WIDTH:0.41646
G1 X124.99 Y131.259 E.00532
;WIDTH:0.38292
G1 X125.01 Y131.104 E.00442
G1 X124.967 Y130.94 E.00479
;WIDTH:0.449999
G1 X124.678 Y130.269 E.02473
G1 X119.344 Y124.936 E.25531
G1 X119.344 Y124.36 E.0195
G1 X124.674 Y129.689 E.25512
G1 X124.762 Y129.202 E.01675
G1 X119.344 Y123.785 E.25933
G1 X119.344 Y123.209 E.0195
G1 X124.899 Y128.763 E.26589
G1 X125.084 Y128.373 E.01461
G1 X119.344 Y122.633 E.27477
G1 X119.344 Y122.057 E.0195
G1 X125.312 Y128.025 E.28568
G1 X125.57 Y127.707 E.01386
G1 X119.344 Y121.482 E.29801
G1 X119.344 Y120.906 E.0195
G1 X125.867 Y127.429 E.31225
G1 X126.205 Y127.191 E.01399
G1 X119.344 Y120.33 E.32843
G1 X119.344 Y119.755 E.01946
G1 X126.571 Y126.981 E.34593
G1 X126.99 Y126.824 E.01515
G1 X119.344 Y119.179 E.36599
G1 X119.344 Y118.603 E.0195
G1 X127.458 Y126.716 E.38839
G1 X127.984 Y126.667 E.01788
G1 X119.344 Y118.028 E.41357
G1 X119.344 Y117.452 E.0195
G1 X128.618 Y126.725 E.44392
G1 X128.777 Y126.796 E.00589
;WIDTH:0.41646
G1 X128.936 Y126.867 E.00541
;WIDTH:0.38292
G1 X128.947 Y126.908 E.0012
G1 X128.876 Y126.927 E.00208
G1 X128.895 Y126.856 E.00208
G1 E-2 F2400
G1 X128.895 Y126.856 F15000
G1 X126.725 Y132.964
G1 E2 F2400
G1 F3300
G1 X126.706 Y133.035 E.00208
G1 X126.777 Y133.016 E.00208
G1 X126.766 Y132.975 E.0012
;WIDTH:0.41646
G1 X126.895 Y133.083 E.00523
;WIDTH:0.449999
G1 X127.024 Y133.191 E.00569
G1 X136.023 Y142.19 E.43078
G1 X136.023 Y141.614 E.0195
G1 X127.732 Y133.323 E.39688
G1 X128.307 Y133.323 E.01946
G1 X136.023 Y141.039 E.36936
G1 X136.023 Y140.463 E.0195
G1 X128.802 Y133.242 E.34566
G1 X129.23 Y133.094 E.01533
G1 X136.023 Y139.887 E.32518
G1 X136.023 Y139.312 E.01946
G1 X129.624 Y132.912 E.30634
G1 X129.978 Y132.691 E.01413
G1 X136.023 Y138.736 E.28937
G1 X136.023 Y138.16 E.0195
G1 X130.288 Y132.426 E.27451
G1 X130.571 Y132.132 E.01381
G1 X136.023 Y137.584 E.26098
G1 X136.023 Y137.009 E.01946
G1 X130.813 Y131.799 E.2494
G1 X131.015 Y131.425 E.01439
G1 X136.023 Y136.433 E.23973
G1 X136.023 Y135.857 E.0195
G1 X131.181 Y131.016 E.23176
G1 X131.294 Y130.553 E.01613
G1 X136.023 Y135.282 E.22637
G1 X136.023 Y134.706 E.0195
G1 X131.333 Y130.016 E.22451
G1 X131.333 Y130.016 F15000
G1 X131.099 Y129.056
;WIDTH:0.38292
G1 F3300
G1 X131.08 Y129.127 E.00208
G1 X131.151 Y129.108 E.00208
G1 X131.14 Y129.067 E.0012
;WIDTH:0.41646
G1 X131.208 Y129.224 E.00531
;WIDTH:0.449999
G1 X131.275 Y129.382 E.00581
G1 X136.023 Y134.13 E.22728
G1 X136.227 Y133.681 E.01669
;WIDTH:0.38292
G1 X136.238 Y133.722 E.0012
G1 X136.167 Y133.741 E.00208
G1 X136.186 Y133.67 E.00208
;WIDTH:0.41646
G1 X136.104 Y133.612 E.00312
;WIDTH:0.449999
G1 X136.023 Y133.555 E.00335
G1 X130.997 Y128.529 E.24059
G1 X130.772 Y128.241 E.01237
;WIDTH:0.38292
G1 X130.066 Y127.481 E.02933
G1 X129.765 Y127.232 E.01104
;WIDTH:0.41646
G1 X129.621 Y127.121 E.00565
;WIDTH:0.449999
G1 X129.477 Y127.009 E.00617
G1 X119.344 Y116.876 E.48506
G1 X119.344 Y116.3 E.0195
G1 X136.023 Y132.979 E.79841
G1 X136.077 Y133.102 E.00455
;WIDTH:0.41646
G1 X136.131 Y133.226 E.0042
;WIDTH:0.38292
G1 X136.112 Y133.297 E.00208
G1 X136.183 Y133.278 E.00208
G1 X136.172 Y133.237 E.0012
G1 X136.172 Y133.237 F15000
G1 X136.023 Y132.403
;WIDTH:0.449999
G1 F3300
G1 X119.344 Y115.725 E.79839
G1 X119.344 Y115.149 E.0195
G1 X136.023 Y131.827 E.79839
G1 X136.193 Y131.422 E.01487
G1 X119.344 Y114.573 E.80655
G1 X119.344 Y113.998 E.01946
G1 X136.656 Y131.309 E.82869
G1 X136.717 Y131.392 E.00349
;WIDTH:0.41646
G1 X136.779 Y131.475 E.00322
;WIDTH:0.38292
G1 X136.76 Y131.546 E.00208
G1 X136.831 Y131.527 E.00208
G1 X136.82 Y131.486 E.0012
;WIDTH:0.449999
G1 X136.656 Y130.733 E.02609
G1 X119.344 Y113.422 E.82869
G1 X119.344 Y112.846 E.0195
G1 X136.656 Y130.157 E.82869
G1 X136.656 Y129.582 E.01946
G1 X119.344 Y112.271 E.82869
G1 X119.344 Y111.695 E.0195
G1 X136.656 Y129.006 E.82869
G1 X136.656 Y128.43 E.0195
G1 X119.344 Y111.119 E.82869
G1 X119.344 Y110.544 E.01946
G1 X136.656 Y127.855 E.82869
G1 X136.656 Y127.279 E.0195
G1 X119.344 Y109.968 E.82869
G1 X119.344 Y109.392 E.0195
G1 X136.656 Y126.703 E.82869
G1 X136.71 Y126.539 E.00584
;WIDTH:0.41646
G1 X136.764 Y126.374 E.00539
;WIDTH:0.38292
G1 X136.745 Y126.445 E.00208
G1 X136.816 Y126.426 E.00208
G1 X136.805 Y126.385 E.0012
G1 E-2 F2400
G1 X136.805 Y126.385 F15000
G1 X126.228 Y115.764
G1 E2 F2400
G1 F3300
G1 X125.933 Y115.52 E.01082
G1 X125.232 Y114.766 E.02911
;WIDTH:0.41646
G1 X125.119 Y114.622 E.00569
;WIDTH:0.449999
G1 X125.007 Y114.478 E.00617
G1 X119.873 Y109.344 E.24576
G1 X120.448 Y109.344 E.01946
G1 X124.726 Y113.623 E.20481
G1 X124.802 Y113.746 E.00489
;WIDTH:0.41646
G1 X124.878 Y113.869 E.00449
;WIDTH:0.38292
G1 X124.859 Y113.941 E.00211
G1 X124.93 Y113.921 E.00209
G1 X124.919 Y113.88 E.0012
G1 X124.919 Y113.88 F15000
G1 X124.667 Y112.988
;WIDTH:0.449999
G1 F3300
G1 X121.024 Y109.344 E.17441
G1 X121.6 Y109.344 E.0195
G1 X124.706 Y112.45 E.14868
G1 E-2 F2400
G1 X124.706 Y112.45 F15000
G1 X122.379 Y109.344
G1 E2 F2400
G1 F3300
G1 X126.994 Y109.344 E.15621
G1 X128.072 Y109.325 E.03649
;WIDTH:0.41097
G1 X128.055 Y109.427 E.00316
G1 X128.3 Y109.689 E.01098
;WIDTH:0.414507
G1 X127.672 Y109.695 E.0194
;WIDTH:0.449999
G1 X126.999 Y109.814 E.02313
G1 X126.397 Y110.07 E.02214
G1 X125.856 Y110.439 E.02217
G1 X125.398 Y110.907 E.02216
G1 X125.039 Y111.455 E.02218
G1 X124.82 Y111.989 E.01954
G1 X122.175 Y109.344 E.12661
G1 X122.175 Y109.344 F15000
G1 X123.158 Y109.752
G1 F3300
G1 X124.678 Y111.271 E.07274
G1 X125.058 Y110.682 E.02373
G1 X125.567 Y110.152 E.02487
G1 X126.141 Y109.752 E.02368
G1 X123.362 Y109.752 E.09407
G1 X123.362 Y109.752 F15000
G1 X124.114 Y110.148
;WIDTH:0.427895
G1 F3300
G1 X124.609 Y110.643 E.02241
G1 X124.853 Y110.31 E.01321
G1 X125.014 Y110.148 E.00731
G1 X124.318 Y110.148 E.02228
G1 E-2 F2400
G1 X124.318 Y110.148 F15000
G1 X128.785 Y109.184
G1 E2 F2400
;WIDTH:0.38292
G1 F3300
G1 X128.766 Y109.255 E.00208
G1 X128.837 Y109.236 E.00208
G1 X128.826 Y109.195 E.0012
;WIDTH:0.41646
G1 X128.667 Y109.27 E.00546
;WIDTH:0.449999
G1 X128.508 Y109.344 E.00594
G1 X128.965 Y109.802 E.0219
G1 X129.104 Y109.876 E.00533
;WIDTH:0.41646
G1 X129.242 Y109.949 E.00485
;WIDTH:0.38292
G1 X129.223 Y110.02 E.00208
G1 X129.294 Y110.001 E.00208
G1 X129.283 Y109.96 E.0012
G1 E-2 F2400
G1 X129.283 Y109.96 F15000
G1 X126.516 Y115.988
G1 E2 F2400
;WIDTH:0.449999
G1 F3300
G1 X136.656 Y126.127 E.48537
G1 X136.656 Y125.552 E.01946
G1 X127.376 Y116.273 E.4442
G1 X127.247 Y116.177 E.00544
;WIDTH:0.41646
G1 X127.119 Y116.082 E.00495
;WIDTH:0.38292
G1 X127.13 Y116.123 E.0012
G1 X127.058 Y116.142 E.00211
G1 X127.078 Y116.071 E.00209
G1 X127.078 Y116.071 F15000
G1 X128.011 Y116.332
;WIDTH:0.449999
G1 F3300
G1 X136.656 Y124.976 E.41381
G1 X136.656 Y124.4 E.0195
G1 X128.54 Y116.285 E.38848
G1 X129.007 Y116.177 E.01622
G1 X136.656 Y123.825 E.36613
G1 X136.656 Y123.249 E.0195
G1 X129.427 Y116.02 E.34605
G1 X129.792 Y115.81 E.01425
G1 X136.656 Y122.673 E.32855
G1 X136.656 Y122.098 E.01946
G1 X130.131 Y115.573 E.31235
G1 X130.428 Y115.295 E.01377
G1 X136.656 Y121.522 E.29811
G1 X136.656 Y120.946 E.0195
G1 X130.686 Y114.977 E.28576
G1 X130.914 Y114.629 E.01408
G1 X136.656 Y120.371 E.27487
G1 X136.656 Y119.795 E.0195
G1 X131.1 Y114.239 E.26596
G1 X131.237 Y113.801 E.01553
G1 X136.656 Y119.219 E.25938
G1 X136.656 Y118.643 E.0195
G1 X131.318 Y113.306 E.2555
G1 X131.323 Y112.735 E.01933
G1 X136.656 Y118.068 E.25529
G1 X136.656 Y117.492 E.0195
G1 X131.198 Y112.034 E.26127
G1 X131.116 Y112.052 E.00284
;WIDTH:0.41646
G1 X131.035 Y112.07 E.00258
;WIDTH:0.38292
G1 X130.991 Y111.901 E.00494
G1 X131.011 Y111.746 E.00442
G1 E-2 F2400
G1 X131.011 Y111.746 F15000
G1 X129.084 Y109.344
G1 E2 F2400
;WIDTH:0.449999
G1 F3300
G1 X136.656 Y116.916 E.36247
G1 X136.656 Y116.341 E.01946
G1 X129.659 Y109.344 E.33494
G1 X130.235 Y109.344 E.0195
G1 X136.656 Y115.765 E.30737
G1 X136.656 Y115.189 E.0195
G1 X130.811 Y109.344 E.2798
G1 X131.386 Y109.344 E.01946
G1 X136.656 Y114.614 E.25227
G1 X136.656 Y114.038 E.0195
G1 X131.962 Y109.344 E.2247
G1 X132.538 Y109.344 E.0195
G1 X136.656 Y113.462 E.19713
G1 X136.656 Y112.886 E.0195
G1 X133.114 Y109.344 E.16955
G1 X133.689 Y109.344 E.01946
G1 X136.656 Y112.311 E.14203
G1 X136.656 Y111.735 E.0195
G1 X134.265 Y109.344 E.11446
G1 X134.841 Y109.344 E.0195
G1 X136.656 Y111.159 E.08688
G1 X136.656 Y110.584 E.01946
G1 X135.416 Y109.344 E.05936
G1 X135.825 Y109.13 E.01562
;WIDTH:0.38292
G1 X135.806 Y109.201 E.00208
G1 X135.877 Y109.182 E.00208
G1 X135.866 Y109.141 E.0012
;WIDTH:0.41646
G1 X135.929 Y109.243 E.00372
;WIDTH:0.449999
G1 X135.992 Y109.344 E.00403
G1 X136.656 Y110.008 E.03179
G1 X136.757 Y110.071 E.00403
;WIDTH:0.41646
G1 X136.859 Y110.134 E.00372
;WIDTH:0.38292
G1 X136.87 Y110.175 E.0012
G1 X136.799 Y110.194 E.00208
G1 X136.818 Y110.123 E.00208
;WIDTH:0.449999
G1 X136.67 Y109.33 E.02731
;WIDTH:0.501436
G1 X136.685 Y109.385 E.00217
G1 X136.645 Y109.426 E.00218
G1 X136.589 Y109.411 E.00221
G1 X136.574 Y109.355 E.00221
G1 X136.615 Y109.315 E.00218
;LAYER_CHANGE
;Z:2.85
;HEIGHT:0.2
G1 Z2.85 F15000
G1 E-2 F2400
G1 Z2.85 F15000
G1 X136.961 Y146.961
G1 Z2.85
G1 E2 F2400
M204 S2500
;TYPE:Perimeter
;WIDTH:0.449999
G1 F4800
G1 X119.039 Y146.961 E.60664
G1 X119.039 Y109.039 E1.28361
G1 X136.961 Y109.039 E.60664
G1 X136.961 Y112.043 E.10168
G1 X136.961 Y146.901 E1.1799
M204 S4000
G1 X136.961 Y146.901 F15000
G1 X137.368 Y147.368
M204 S2500
G1 F4800
G1 X118.632 Y147.368 E.63419
G1 X118.632 Y108.632 E1.31117
G1 X137.368 Y108.632 E.63419
G1 X137.368 Y112.043 E.11546
G1 X137.368 Y147.308 E1.19368
M204 S4000
G1 X137.775 Y147.775 F15000
M204 S2500
;TYPE:External perimeter
G1 F2700
G1 X118.225 Y147.775 E.66174
G1 X118.225 Y108.225 E1.33872
G1 X137.775 Y108.225 E.66174
G1 X137.775 Y112.043 E.12923
G1 X137.775 Y147.715 E1.20745
M204 S4000
G1 X137.379 Y147.774 F15000
G1 E-2 F2400
G1 X126.722 Y110.259 F15000
G1 E2 F2400
M204 S2500
;TYPE:Perimeter
G1 F900
G1 X127.118 Y110.095 E.01451
G1 X127.717 Y109.978 E.02066
G1 X128.299 Y109.979 E.0197
G1 X128.881 Y110.095 E.02009
G1 X129.431 Y110.322 E.02014
G1 X129.926 Y110.653 E.02016
G1 X130.347 Y111.074 E.02015
G1 X130.677 Y111.568 E.02011
G1 X130.905 Y112.118 E.02015
G1 X131.021 Y112.702 E.02015
G1 X131.021 Y113.297 E.02014
G1 X130.905 Y113.881 E.02015
G1 X130.678 Y114.431 E.02014
G1 X130.347 Y114.926 E.02016
G1 X129.926 Y115.347 E.02015
G1 X129.432 Y115.677 E.02011
G1 X128.882 Y115.905 E.02015
G1 X128.298 Y116.021 E.02015
G1 X127.703 Y116.021 E.02014
G1 X127.119 Y115.905 E.02015
G1 X126.569 Y115.678 E.02014
G1 X126.074 Y115.347 E.02016
G1 X125.653 Y114.926 E.02015
G1 X125.323 Y114.432 E.02011
G1 X125.095 Y113.882 E.02015
G1 X124.979 Y113.298 E.02015
G1 X124.979 Y112.703 E.02014
G1 X125.095 Y112.119 E.02015
G1 X125.322 Y111.569 E.02014
G1 X125.653 Y111.074 E.02016
G1 X126.074 Y110.653 E.02015
G1 X126.568 Y110.323 E.02011
G1 X126.666 Y110.282 E.0036
M204 S4000
G1 X126.666 Y110.282 F15000
G1 X126.882 Y110.629
M204 S2500
G1 F900
G1 X127.262 Y110.476 E.01387
G1 X127.781 Y110.38 E.01787
G1 X128.285 Y110.385 E.01706
G1 X128.788 Y110.491 E.0174
G1 X129.263 Y110.693 E.01747
G1 X129.689 Y110.984 E.01746
G1 X130.049 Y111.352 E.01743
G1 X130.332 Y111.783 E.01745
G1 X130.524 Y112.262 E.01747
G1 X130.62 Y112.768 E.01743
G1 X130.615 Y113.284 E.01747
G1 X130.509 Y113.788 E.01743
G1 X130.307 Y114.263 E.01747
G1 X130.016 Y114.689 E.01746
G1 X129.648 Y115.049 E.01743
G1 X129.217 Y115.332 E.01745
G1 X128.739 Y115.524 E.01744
G1 X128.232 Y115.62 E.01747
G1 X127.716 Y115.615 E.01747
G1 X127.212 Y115.509 E.01743
G1 X126.737 Y115.307 E.01747
G1 X126.311 Y115.016 E.01746
G1 X125.951 Y114.648 E.01743
G1 X125.668 Y114.217 E.01745
G1 X125.476 Y113.738 E.01747
G1 X125.38 Y113.232 E.01743
G1 X125.385 Y112.716 E.01747
G1 X125.491 Y112.212 E.01743
G1 X125.693 Y111.737 E.01747
G1 X125.984 Y111.311 E.01746
G1 X126.352 Y110.951 E.01743
G1 X126.783 Y110.668 E.01745
G1 X126.826 Y110.651 E.00157
M204 S4000
G1 X126.826 Y110.651 F15000
G1 X127.017 Y111.007
M204 S2500
;TYPE:External perimeter
G1 F900
G1 X127.034 Y110.996 E.00069
G1 X127.444 Y110.846 E.01478
G1 X127.886 Y110.779 E.01513
G1 X128.31 Y110.798 E.01437
G1 X128.734 Y110.9 E.01476
G1 X129.129 Y111.084 E.01475
G1 X129.481 Y111.341 E.01475
G1 X129.777 Y111.662 E.01478
G1 X130.004 Y112.034 E.01475
G1 X130.154 Y112.444 E.01478
G1 X130.221 Y112.874 E.01473
G1 X130.202 Y113.31 E.01477
G1 X130.1 Y113.734 E.01476
G1 X129.916 Y114.129 E.01475
G1 X129.659 Y114.481 E.01475
G1 X129.338 Y114.777 E.01478
G1 X128.966 Y115.004 E.01475
G1 X128.556 Y115.154 E.01478
G1 X128.126 Y115.221 E.01473
G1 X127.69 Y115.202 E.01477
G1 X127.266 Y115.1 E.01476
G1 X126.871 Y114.916 E.01475
G1 X126.519 Y114.659 E.01475
G1 X126.223 Y114.338 E.01478
G1 X125.996 Y113.966 E.01475
G1 X125.847 Y113.556 E.01477
G1 X125.782 Y113.165 E.01342
G1 X125.798 Y112.69 E.01609
G1 X125.9 Y112.266 E.01476
G1 X126.084 Y111.871 E.01475
G1 X126.341 Y111.519 E.01475
G1 X126.662 Y111.223 E.01478
G1 X126.966 Y111.038 E.01205
M204 S4000
G1 X127.337 Y110.888 F15000
G1 E-2 F2400
G1 X126.212 Y127.561 F15000
G1 E2 F2400
M204 S2500
;TYPE:Perimeter
G1 F900
G1 X126.568 Y127.323 E.0145
G1 X127.118 Y127.095 E.02015
G1 X127.717 Y126.978 E.02066
G1 X128.299 Y126.979 E.0197
G1 X128.881 Y127.095 E.02009
G1 X129.431 Y127.322 E.02014
G1 X129.926 Y127.653 E.02016
G1 X130.347 Y128.074 E.02015
G1 X130.677 Y128.568 E.02011
G1 X130.905 Y129.118 E.02015
G1 X131.021 Y129.702 E.02015
G1 X131.021 Y130.297 E.02014
G1 X130.905 Y130.881 E.02015
G1 X130.678 Y131.431 E.02014
G1 X130.347 Y131.926 E.02016
G1 X129.926 Y132.347 E.02015
G1 X129.432 Y132.677 E.02011
G1 X128.882 Y132.905 E.02015
G1 X128.298 Y133.021 E.02015
G1 X127.703 Y133.021 E.02014
G1 X127.119 Y132.905 E.02015
G1 X126.569 Y132.678 E.02014
G1 X126.074 Y132.347 E.02016
G1 X125.653 Y131.926 E.02015
G1 X125.323 Y131.432 E.02011
G1 X125.095 Y130.882 E.02015
G1 X124.979 Y130.298 E.02015
G1 X124.979 Y129.703 E.02014
G1 X125.095 Y129.119 E.02015
G1 X125.322 Y128.569 E.02014
G1 X125.653 Y128.074 E.02016
G1 X126.074 Y127.653 E.02015
G1 X126.162 Y127.594 E.00359
M204 S4000
G1 X126.162 Y127.594 F15000
G1 X126.441 Y127.892
M204 S2500
G1 F900
G1 X126.783 Y127.668 E.01384
G1 X127.262 Y127.476 E.01747
G1 X127.781 Y127.38 E.01787
G1 X128.285 Y127.385 E.01706
G1 X128.788 Y127.491 E.0174
G1 X129.263 Y127.693 E.01747
G1 X129.689 Y127.984 E.01746
G1 X130.049 Y128.352 E.01743
G1 X130.332 Y128.783 E.01745
G1 X130.524 Y129.262 E.01747
G1 X130.62 Y129.768 E.01743
G1 X130.615 Y130.284 E.01747
G1 X130.509 Y130.788 E.01743
G1 X130.307 Y131.263 E.01747
G1 X130.016 Y131.689 E.01746
G1 X129.648 Y132.049 E.01743
G1 X129.217 Y132.332 E.01745
G1 X128.738 Y132.524 E.01747
G1 X128.232 Y132.62 E.01743
G1 X127.716 Y132.615 E.01747
G1 X127.212 Y132.509 E.01743
G1 X126.737 Y132.307 E.01747
G1 X126.311 Y132.016 E.01746
G1 X125.951 Y131.648 E.01743
G1 X125.668 Y131.217 E.01745
G1 X125.476 Y130.738 E.01747
G1 X125.38 Y130.232 E.01743
G1 X125.385 Y129.716 E.01747
G1 X125.491 Y129.212 E.01743
G1 X125.693 Y128.737 E.01747
G1 X125.984 Y128.311 E.01746
G1 X126.352 Y127.951 E.01743
G1 X126.391 Y127.925 E.00159
M204 S4000
G1 X126.391 Y127.925 F15000
G1 X126.649 Y128.235
M204 S2500
;TYPE:External perimeter
G1 F900
G1 X126.662 Y128.223 E.0006
G1 X127.034 Y127.996 E.01475
G1 X127.405 Y127.857 E.01341
G1 X127.886 Y127.779 E.01649
G1 X128.31 Y127.798 E.01437
G1 X128.734 Y127.9 E.01476
G1 X129.129 Y128.084 E.01475
G1 X129.481 Y128.341 E.01475
G1 X129.777 Y128.662 E.01478
G1 X130.004 Y129.034 E.01475
G1 X130.153 Y129.444 E.01477
G1 X130.221 Y129.874 E.01474
G1 X130.202 Y130.31 E.01477
G1 X130.1 Y130.734 E.01476
G1 X129.916 Y131.129 E.01475
G1 X129.659 Y131.481 E.01475
G1 X129.338 Y131.777 E.01478
G1 X128.966 Y132.004 E.01475
G1 X128.556 Y132.154 E.01478
G1 X128.126 Y132.221 E.01473
G1 X127.69 Y132.202 E.01477
G1 X127.266 Y132.1 E.01476
G1 X126.871 Y131.916 E.01475
G1 X126.519 Y131.659 E.01475
G1 X126.223 Y131.338 E.01478
G1 X125.996 Y130.966 E.01475
G1 X125.847 Y130.556 E.01477
G1 X125.779 Y130.126 E.01474
G1 X125.798 Y129.69 E.01477
G1 X125.9 Y129.266 E.01476
G1 X126.084 Y128.871 E.01475
G1 X126.341 Y128.519 E.01475
G1 X126.605 Y128.276 E.01215
M204 S4000
G1 X126.939 Y128.057 F15000
G1 E-2 F2400
G1 X122.173 Y146.43 F15000
G1 E2 F2400
;TYPE:Internal infill
;WIDTH:0.45
G1 F6000
G1 X120.981 Y146.43 E.04035
G1 X120.461 Y146.327 E.01794
G1 X120.014 Y146.043 E.01793
G1 X119.896 Y145.896 E.00638
G1 X119.83 Y146.345 E.01536
G1 X119.904 Y146.656 E.01082
G1 X122.347 Y146.656 E.08269
G1 E-2 F2400
G1 X122.347 Y146.656 F15000
G1 X119.455 Y109.377
G1 E2 F2400
;TYPE:Solid infill
;WIDTH:0.548766
G1 F3300
G1 X119.41 Y109.333 E.00265
G1 X119.349 Y109.349 E.00265
G1 X119.333 Y109.41 E.00265
G1 X119.377 Y109.455 E.00265
G1 X119.439 Y109.439 E.00269
;WIDTH:0.449999
G1 X120.089 Y109.344 E.02224
G1 X119.278 Y110.161 E.03897
;WIDTH:0.41646
G1 X119.212 Y110.234 E.00306
;WIDTH:0.38292
G1 X119.141 Y110.215 E.00208
G1 X119.16 Y110.286 E.00208
G1 X119.201 Y110.275 E.0012
;WIDTH:0.449999
G1 X119.344 Y110.664 E.01403
G1 X120.664 Y109.344 E.06319
G1 X121.24 Y109.344 E.0195
G1 X119.344 Y111.24 E.09076
G1 X119.344 Y111.816 E.0195
G1 X121.816 Y109.344 E.11833
G1 X122.392 Y109.344 E.0195
G1 X119.344 Y112.392 E.14591
G1 X119.344 Y112.967 E.01946
G1 X122.967 Y109.344 E.17343
G1 X123.543 Y109.344 E.0195
G1 X119.344 Y113.543 E.201
G1 X119.344 Y114.119 E.0195
G1 X124.119 Y109.344 E.22858
G1 X124.694 Y109.344 E.01946
G1 X119.344 Y114.694 E.2561
G1 X119.344 Y115.27 E.0195
G1 X125.27 Y109.344 E.28367
G1 X125.846 Y109.344 E.0195
G1 X119.344 Y115.846 E.31125
G1 X119.344 Y116.421 E.01946
G1 X126.367 Y109.399 E.33616
G1 X126.442 Y109.299 E.00423
;WIDTH:0.41646
G1 X126.517 Y109.198 E.00391
;WIDTH:0.38292
G1 X126.385 Y109.191 E.00374
G1 X126.385 Y109.191 F15000
G1 X127.696 Y109.325
;WIDTH:0.437757
G1 F3300
G1 X127.411 Y109.338 E.00937
;WIDTH:0.464107
G1 X126.766 Y109.352 E.02259
G1 X126.864 Y109.594 E.00914
G1 X127.037 Y109.795 E.00929
G1 X127.66 Y109.695 E.0221
;WIDTH:0.415002
G1 X128.297 Y109.693 E.01971
;WIDTH:0.449999
G1 X128.938 Y109.795 E.02197
G1 X129.545 Y110.039 E.02214
G1 X130.093 Y110.398 E.02218
G1 X130.561 Y110.856 E.02216
G1 X130.93 Y111.397 E.02217
G1 X131.213 Y112.037 E.02369
G1 X133.905 Y109.344 E.12889
G1 X128.982 Y109.344 E.16664
G1 X128.369 Y109.327 E.02076
;WIDTH:0.414295
G1 X127.899 Y109.326 E.01451
G1 X127.899 Y109.326 F15000
G1 X126.513 Y109.829
;WIDTH:0.449999
G1 F3300
G1 X126.066 Y110.276 E.0214
G1 E-2 F2400
G1 X126.066 Y110.276 F15000
G1 X129.855 Y109.752
G1 E2 F2400
G1 F3300
G1 X130.318 Y110.058 E.01879
G1 X130.848 Y110.567 E.02487
G1 X131.268 Y111.169 E.02485
G1 X131.347 Y111.328 E.00601
G1 X132.923 Y109.752 E.07544
G1 X130.059 Y109.752 E.09694
G1 X130.059 Y109.752 F15000
G1 X131.011 Y110.157
;WIDTH:0.447338
G1 F3300
G1 X131.287 Y110.472 E.01408
G1 X131.424 Y110.676 E.00826
G1 X131.943 Y110.157 E.02468
G1 X131.214 Y110.157 E.02451
G1 E-2 F2400
G1 X131.214 Y110.157 F15000
G1 X131.301 Y112.524
G1 E2 F2400
;WIDTH:0.449999
G1 F3300
G1 X134.481 Y109.344 E.15222
G1 X134.574 Y109.273 E.00396
;WIDTH:0.41646
G1 X134.668 Y109.201 E.00368
;WIDTH:0.38292
G1 X134.626 Y109.212 E.00123
G1 X134.607 Y109.141 E.00208
G1 X134.679 Y109.16 E.00211
;WIDTH:0.449999
G1 X135.057 Y109.344 E.01423
G1 X131.334 Y113.067 E.17822
G1 X131.334 Y113.067 F15000
G1 X131.13 Y113.999
;WIDTH:0.38292
G1 F3300
G1 X131.059 Y113.98 E.00208
G1 X131.078 Y114.051 E.00208
G1 X131.119 Y114.04 E.0012
;WIDTH:0.41646
G1 X131.187 Y113.881 E.00537
;WIDTH:0.449999
G1 X131.255 Y113.722 E.00585
G1 X135.633 Y109.344 E.20957
G1 E-2 F2400
G1 X135.633 Y109.344 F15000
G1 X119.266 Y116.698
G1 E2 F2400
;WIDTH:0.38292
G1 F3300
G1 X119.195 Y116.679 E.00208
G1 X119.214 Y116.75 E.00208
G1 X119.255 Y116.739 E.0012
G1 X119.212 Y117.142 E.01146
G1 X119.141 Y117.123 E.00208
G1 X119.16 Y117.194 E.00208
G1 X119.201 Y117.183 E.0012
;WIDTH:0.449999
G1 X119.344 Y116.997 E.00794
G1 X125.302 Y111.039 E.28521
G1 X125.57 Y110.751 E.01332
;WIDTH:0.423358
G1 X125.778 Y110.545 E.00926
G1 X125.778 Y110.545 F15000
G1 X124.95 Y111.853
;WIDTH:0.38292
G1 F3300
G1 X124.977 Y112.006 E.00439
G1 X124.95 Y112.131 E.00362
;WIDTH:0.41646
G1 X124.863 Y112.136 E.00271
;WIDTH:0.449999
G1 X124.776 Y112.141 E.00295
G1 X119.344 Y117.573 E.26003
G1 X119.344 Y118.149 E.0195
G1 X124.669 Y112.824 E.2549
G1 X124.684 Y113.385 E.019
G1 X119.344 Y118.724 E.2556
G1 X119.344 Y119.3 E.0195
G1 X124.776 Y113.869 E.26
G1 X124.924 Y114.296 E.0153
G1 X119.344 Y119.876 E.26711
G1 X119.344 Y120.451 E.01946
G1 X125.117 Y114.679 E.27633
G1 X125.346 Y115.026 E.01407
G1 X119.344 Y121.027 E.28729
G1 X119.344 Y121.603 E.0195
G1 X125.615 Y115.332 E.30019
G1 X125.915 Y115.608 E.0138
G1 X119.344 Y122.178 E.31453
G1 X119.344 Y122.754 E.0195
G1 X126.252 Y115.846 E.33068
G1 X126.636 Y116.038 E.01453
G1 X119.344 Y123.33 E.34906
G1 X119.344 Y123.906 E.0195
G1 X127.05 Y116.2 E.36888
G1 X127.519 Y116.307 E.01628
G1 X119.344 Y124.481 E.39131
G1 X119.344 Y125.057 E.0195
G1 X128.073 Y116.328 E.41785
G1 X128.72 Y116.257 E.02203
G1 X119.344 Y125.633 E.44882
G1 X119.344 Y126.208 E.01946
G1 X129.666 Y115.887 E.49408
G1 X129.954 Y115.652 E.01258
;WIDTH:0.38292
G1 X130.54 Y115.087 E.02301
G1 X130.668 Y114.938 E.00555
;WIDTH:0.41646
G1 X130.785 Y114.794 E.00576
;WIDTH:0.449999
G1 X130.902 Y114.65 E.00628
G1 X136.208 Y109.344 E.25399
G1 X136.367 Y109.3 E.00558
;WIDTH:0.41646
G1 X136.526 Y109.255 E.00513
;WIDTH:0.38292
G1 X136.485 Y109.266 E.0012
G1 X136.466 Y109.195 E.00208
G1 X136.776 Y109.255 E.00893
G1 X136.756 Y109.183 E.00211
G1 X136.828 Y109.202 E.00211
;WIDTH:0.449999
G1 X136.656 Y109.473 E.01086
G1 X119.344 Y126.784 E.82869
G1 X119.344 Y127.36 E.0195
G1 X136.656 Y110.049 E.82869
G1 X136.656 Y110.624 E.01946
G1 X119.344 Y127.935 E.82869
G1 X119.344 Y128.511 E.0195
G1 X136.656 Y111.2 E.82869
G1 X136.656 Y111.776 E.0195
G1 X119.344 Y129.087 E.82869
G1 X119.344 Y129.662 E.01946
G1 X136.656 Y112.351 E.82869
G1 X136.656 Y112.927 E.0195
G1 X119.344 Y130.238 E.82869
G1 X119.344 Y130.814 E.0195
G1 X136.656 Y113.503 E.82869
G1 X136.656 Y114.078 E.01946
G1 X119.344 Y131.39 E.82871
G1 X119.316 Y131.525 E.00467
;WIDTH:0.41646
G1 X119.287 Y131.66 E.00429
;WIDTH:0.38292
G1 X119.216 Y131.641 E.00208
G1 X119.235 Y131.712 E.00208
G1 X119.276 Y131.701 E.0012
;WIDTH:0.449999
G1 X119.737 Y131.573 E.01619
G1 X136.656 Y114.654 E.8099
G1 X136.656 Y115.23 E.0195
G1 X119.911 Y131.981 E.80172
;WIDTH:0.41646
G1 X119.844 Y132.055 E.0031
;WIDTH:0.38292
G1 X119.773 Y132.035 E.00209
G1 X119.792 Y132.107 E.00211
G1 X119.833 Y132.096 E.0012
;WIDTH:0.449999
G1 X119.977 Y132.484 E.01401
G1 X136.656 Y115.806 E.79839
G1 X136.656 Y116.381 E.01946
G1 X119.977 Y133.06 E.79841
G1 X119.938 Y133.198 E.00485
;WIDTH:0.41646
G1 X119.899 Y133.337 E.00448
;WIDTH:0.38292
G1 X119.828 Y133.317 E.00209
G1 X119.847 Y133.389 E.00211
G1 X119.888 Y133.378 E.0012
G1 E-2 F2400
G1 X119.888 Y133.378 F15000
G1 X125.148 Y128.384
G1 E2 F2400
G1 F3300
G1 X125.663 Y127.782 E.0224
G1 X126.38 Y127.152 E.02698
;WIDTH:0.41646
G1 X126.524 Y127.048 E.00552
;WIDTH:0.449999
G1 X126.668 Y126.945 E.00599
G1 X136.656 Y116.957 E.47812
G1 X136.656 Y117.533 E.0195
G1 X127.475 Y126.713 E.43946
G1 X127.352 Y126.781 E.00476
;WIDTH:0.41646
G1 X127.228 Y126.849 E.00439
;WIDTH:0.38292
G1 X127.157 Y126.83 E.00208
G1 X127.176 Y126.901 E.00208
G1 X127.217 Y126.89 E.0012
G1 X127.217 Y126.89 F15000
G1 X128.092 Y126.672
;WIDTH:0.449999
G1 F3300
G1 X136.656 Y118.108 E.40995
G1 X136.656 Y118.684 E.0195
G1 X128.615 Y126.725 E.38492
G1 X129.08 Y126.835 E.01617
G1 X136.656 Y119.26 E.36263
G1 X136.656 Y119.835 E.01946
G1 X129.481 Y127.01 E.34346
G1 X129.846 Y127.22 E.01425
G1 X136.656 Y120.411 E.32597
G1 X136.656 Y120.987 E.0195
G1 X130.175 Y127.467 E.31022
G1 X130.465 Y127.753 E.01379
G1 X136.656 Y121.563 E.29634
G1 X136.656 Y122.138 E.01946
G1 X130.726 Y128.068 E.28387
G1 X130.945 Y128.424 E.01415
G1 X136.656 Y122.714 E.27336
G1 X136.656 Y123.29 E.0195
G1 X131.121 Y128.824 E.26493
G1 X131.258 Y129.263 E.01557
G1 X136.656 Y123.865 E.2584
G1 X136.656 Y124.441 E.0195
G1 X131.328 Y129.769 E.25505
G1 X131.315 Y130.357 E.01991
G1 X136.656 Y125.017 E.25565
G1 X136.656 Y125.592 E.01946
G1 X131.155 Y131.093 E.26333
G1 X131.052 Y131.159 E.00414
;WIDTH:0.41646
G1 X130.949 Y131.224 E.00378
;WIDTH:0.38292
G1 X130.954 Y131.335 E.00314
G1 X130.954 Y131.335 F15000
G1 X129.855 Y132.6
G1 F3300
G1 X129.396 Y132.955 E.0164
G1 X129.695 Y132.724 E.01068
G1 E-2 F2400
G1 X129.695 Y132.724 F15000
G1 X124.941 Y128.672
G1 E2 F2400
;WIDTH:0.449999
G1 F3300
G1 X119.977 Y133.635 E.2376
G1 X119.977 Y134.211 E.0195
G1 X124.7 Y129.488 E.22609
G1 X124.795 Y129.359 E.00542
;WIDTH:0.41646
G1 X124.89 Y129.231 E.00495
;WIDTH:0.38292
G1 X124.849 Y129.242 E.0012
G1 X124.83 Y129.17 E.00211
G1 X124.901 Y129.189 E.00208
G1 X124.901 Y129.189 F15000
G1 X124.661 Y130.103
;WIDTH:0.449999
G1 F3300
G1 X119.977 Y134.787 E.22422
G1 X119.977 Y135.362 E.01946
G1 X124.725 Y130.614 E.22728
G1 X124.841 Y131.074 E.01606
G1 X119.977 Y135.938 E.23284
G1 X119.977 Y136.514 E.0195
G1 X125.008 Y131.482 E.24085
G1 X125.221 Y131.846 E.01428
G1 X119.977 Y137.09 E.25103
G1 X119.977 Y137.665 E.01946
G1 X125.468 Y132.175 E.26283
G1 X125.75 Y132.468 E.01376
G1 X119.977 Y138.241 E.27635
G1 X119.977 Y138.817 E.0195
G1 X126.072 Y132.721 E.29179
G1 X126.424 Y132.945 E.01412
G1 X119.977 Y139.392 E.30861
G1 X119.977 Y139.968 E.0195
G1 X126.823 Y133.122 E.32771
G1 X127.273 Y133.248 E.01582
G1 X119.977 Y140.544 E.34925
G1 X119.977 Y141.119 E.01946
G1 X127.772 Y133.324 E.37314
G1 X128.357 Y133.315 E.0198
G1 X119.977 Y141.695 E.40115
G1 X119.977 Y141.695 F15000
G1 X119.888 Y142.589
;WIDTH:0.38292
G1 F3300
G1 X119.847 Y142.6 E.0012
G1 X119.828 Y142.529 E.00208
G1 X119.899 Y142.548 E.00208
;WIDTH:0.41646
G1 X119.938 Y142.409 E.00448
;WIDTH:0.449999
G1 X119.977 Y142.271 E.00485
G1 X129.108 Y133.14 E.4371
G1 E-2 F2400
G1 X129.108 Y133.14 F15000
G1 X136.656 Y126.168
G1 E2 F2400
G1 F3300
G1 X119.977 Y142.847 E.79841
G1 X119.977 Y143.422 E.01946
G1 X136.656 Y126.744 E.79839
G1 X136.656 Y127.32 E.0195
G1 X119.977 Y143.998 E.79839
G1 X119.977 Y144.574 E.0195
G1 X136.656 Y127.895 E.79841
G1 X136.656 Y128.471 E.0195
G1 X119.988 Y145.138 E.79786
G1 X120.153 Y145.549 E.01499
G1 X136.656 Y129.047 E.78996
G1 X136.656 Y129.622 E.01946
G1 X120.439 Y145.839 E.7763
G1 X120.86 Y145.994 E.01519
G1 X136.656 Y130.198 E.75614
G1 X136.656 Y130.774 E.0195
G1 X121.406 Y146.023 E.72998
G1 X121.982 Y146.023 E.0195
G1 X136.023 Y131.982 E.67213
G1 X136.119 Y131.838 E.00586
;WIDTH:0.41646
G1 X136.216 Y131.694 E.00539
;WIDTH:0.432416
G1 X136.309 Y131.648 E.00336
;WIDTH:0.481911
G1 X136.403 Y131.601 E.00384
;WIDTH:0.531407
G1 X136.497 Y131.554 E.00427
;WIDTH:0.580902
G1 X136.59 Y131.507 E.00466
G1 X136.59 Y131.507 F15000
G1 X136.023 Y132.558
;WIDTH:0.449999
G1 F3300
G1 X122.558 Y146.023 E.64456
G1 X123.133 Y146.023 E.01946
G1 X136.023 Y133.133 E.61704
G1 X136.023 Y133.709 E.0195
G1 X123.709 Y146.023 E.58946
G1 X124.285 Y146.023 E.0195
G1 X136.023 Y134.285 E.56189
G1 X136.023 Y134.861 E.0195
G1 X124.861 Y146.023 E.53432
G1 X125.436 Y146.023 E.01946
G1 X136.023 Y135.436 E.50679
G1 X136.023 Y136.012 E.0195
G1 X126.012 Y146.023 E.47922
G1 X126.588 Y146.023 E.0195
G1 X136.023 Y136.588 E.45165
G1 X136.023 Y137.163 E.01946
G1 X127.163 Y146.023 E.42412
G1 X127.739 Y146.023 E.0195
G1 X136.023 Y137.739 E.39655
G1 X136.023 Y138.315 E.0195
G1 X128.315 Y146.023 E.36898
G1 X128.89 Y146.023 E.01946
G1 X136.023 Y138.89 E.34145
G1 X136.023 Y139.466 E.0195
G1 X129.466 Y146.023 E.31388
G1 X130.042 Y146.023 E.0195
G1 X136.023 Y140.042 E.28631
G1 X136.023 Y140.617 E.01946
G1 X130.617 Y146.023 E.25878
G1 X131.193 Y146.023 E.0195
G1 X136.023 Y141.193 E.23121
G1 X136.023 Y141.769 E.0195
G1 X131.769 Y146.023 E.20364
G1 X132.345 Y146.023 E.0195
G1 X136.023 Y142.345 E.17606
G1 X136.023 Y142.92 E.01946
G1 X132.92 Y146.023 E.14854
G1 X133.496 Y146.023 E.0195
G1 X136.023 Y143.496 E.12097
G1 X136.023 Y144.072 E.0195
G1 X134.072 Y146.023 E.09339
G1 X134.647 Y146.023 E.01946
G1 X136.023 Y144.647 E.06587
G1 X135.987 Y145.259 E.02075
G1 X135.259 Y145.987 E.03485
;LAYER_CHANGE
;Z:3.05
;HEIGHT:0.2
G1 Z3.05 F15000
G1 X136.961 Y146.961
G1 Z3.05
M204 S2500
;TYPE:Perimeter
G1 F4800
G1 X119.039 Y146.961 E.60664
G1 X119.039 Y109.039 E1.28361
G1 X136.961 Y109.039 E.60664
G1 X136.961 Y112.043 E.10168
G1 X136.961 Y146.901 E1.1799
M204 S4000
G1 X136.961 Y146.901 F15000
G1 X137.368 Y147.368
M204 S2500
G1 F4800
G1 X118.632 Y147.368 E.63419
G1 X118.632 Y108.632 E1.31117
G1 X137.368 Y108.632 E.63419
G1 X137.368 Y112.043 E.11546
G1 X137.368 Y147.308 E1.19368
M204 S4000
G1 X137.775 Y147.775 F15000
M204 S2500
;TYPE:External perimeter
G1 F2700
G1 X118.225 Y147.775 E.66174
G1 X118.225 Y108.225 E1.33872
G1 X137.775 Y108.225 E.66174
G1 X137.775 Y112.043 E.12923
G1 X137.775 Y147.715 E1.20745
M204 S4000
G1 X137.379 Y147.774 F15000
G1 E-2 F2400
G1 X126.722 Y110.259 F15000
G1 E2 F2400
M204 S2500
;TYPE:Perimeter
G1 F900
G1 X127.118 Y110.095 E.01451
G1 X127.705 Y109.978 E.02026
G1 X128.297 Y109.979 E.02004
G1 X128.881 Y110.095 E.02015
G1 X129.431 Y110.322 E.02014
G1 X129.926 Y110.653 E.02016
G1 X130.347 Y111.074 E.02015
G1 X130.677 Y111.568 E.02011
G1 X130.905 Y112.118 E.02015
G1 X131.021 Y112.702 E.02015
G1 X131.021 Y113.297 E.02014
G1 X130.905 Y113.881 E.02015
G1 X130.678 Y114.431 E.02014
G1 X130.347 Y114.926 E.02016
G1 X129.926 Y115.347 E.02015
G1 X129.432 Y115.677 E.02011
G1 X128.882 Y115.905 E.02015
G1 X128.298 Y116.021 E.02015
G1 X127.703 Y116.021 E.02014
G1 X127.119 Y115.905 E.02015
G1 X126.569 Y115.678 E.02014
G1 X126.074 Y115.347 E.02016
G1 X125.653 Y114.926 E.02015
G1 X125.323 Y114.432 E.02011
G1 X125.095 Y113.882 E.02015
G1 X124.979 Y113.298 E.02015
G1 X124.979 Y112.703 E.02014
G1 X125.095 Y112.119 E.02015
G1 X125.322 Y111.569 E.02014
G1 X125.653 Y111.074 E.02016
G1 X126.074 Y110.653 E.02015
G1 X126.568 Y110.323 E.02011
G1 X126.666 Y110.282 E.0036
M204 S4000
G1 X126.666 Y110.282 F15000
G1 X126.882 Y110.629
M204 S2500
G1 F900
G1 X127.262 Y110.476 E.01387
G1 X127.771 Y110.38 E.01753
G1 X128.284 Y110.385 E.01737
G1 X128.788 Y110.491 E.01743
G1 X129.263 Y110.693 E.01747
G1 X129.689 Y110.984 E.01746
G1 X130.049 Y111.352 E.01743
G1 X130.332 Y111.783 E.01745
G1 X130.524 Y112.262 E.01747
G1 X130.62 Y112.768 E.01743
G1 X130.615 Y113.284 E.01747
G1 X130.509 Y113.788 E.01743
G1 X130.307 Y114.263 E.01747
G1 X130.016 Y114.689 E.01746
G1 X129.648 Y115.049 E.01743
G1 X129.217 Y115.332 E.01745
G1 X128.739 Y115.524 E.01744
G1 X128.232 Y115.62 E.01747
G1 X127.716 Y115.615 E.01747
G1 X127.212 Y115.509 E.01743
G1 X126.737 Y115.307 E.01747
G1 X126.311 Y115.016 E.01746
G1 X125.951 Y114.648 E.01743
G1 X125.668 Y114.217 E.01745
G1 X125.476 Y113.738 E.01747
G1 X125.38 Y113.232 E.01743
G1 X125.385 Y112.716 E.01747
G1 X125.491 Y112.211 E.01747
G1 X125.693 Y111.737 E.01744
G1 X125.984 Y111.311 E.01746
G1 X126.352 Y110.951 E.01743
G1 X126.783 Y110.668 E.01745
G1 X126.826 Y110.651 E.00157
M204 S4000
G1 X126.826 Y110.651 F15000
G1 X127.008 Y111.013
M204 S2500
;TYPE:External perimeter
G1 F900
G1 X127.034 Y110.996 E.00105
G1 X127.444 Y110.846 E.01478
G1 X127.877 Y110.779 E.01483
G1 X128.31 Y110.798 E.01467
G1 X128.734 Y110.9 E.01476
G1 X129.129 Y111.084 E.01475
G1 X129.481 Y111.341 E.01475
G1 X129.777 Y111.662 E.01478
G1 X130.004 Y112.034 E.01475
G1 X130.153 Y112.444 E.01477
G1 X130.221 Y112.874 E.01474
G1 X130.202 Y113.31 E.01477
G1 X130.1 Y113.734 E.01476
G1 X129.916 Y114.129 E.01475
G1 X129.659 Y114.481 E.01475
G1 X129.338 Y114.777 E.01478
G1 X128.966 Y115.004 E.01475
G1 X128.556 Y115.154 E.01478
G1 X128.126 Y115.221 E.01473
G1 X127.69 Y115.202 E.01477
G1 X127.266 Y115.1 E.01476
G1 X126.871 Y114.916 E.01475
G1 X126.519 Y114.659 E.01475
G1 X126.223 Y114.338 E.01478
G1 X125.996 Y113.966 E.01475
G1 X125.847 Y113.556 E.01477
G1 X125.782 Y113.165 E.01342
G1 X125.798 Y112.69 E.01609
G1 X125.9 Y112.266 E.01476
G1 X126.084 Y111.871 E.01475
G1 X126.341 Y111.519 E.01475
G1 X126.662 Y111.223 E.01478
G1 X126.957 Y111.044 E.01168
M204 S4000
G1 X127.327 Y110.892 F15000
G1 E-2 F2400
G1 X126.212 Y127.561 F15000
G1 E2 F2400
M204 S2500
;TYPE:Perimeter
G1 F900
G1 X126.568 Y127.323 E.0145
G1 X127.118 Y127.095 E.02015
G1 X127.705 Y126.978 E.02026
G1 X128.298 Y126.979 E.02007
G1 X128.881 Y127.095 E.02012
G1 X129.431 Y127.322 E.02014
G1 X129.926 Y127.653 E.02016
G1 X130.347 Y128.074 E.02015
G1 X130.677 Y128.568 E.02011
G1 X130.905 Y129.118 E.02015
G1 X131.021 Y129.702 E.02015
G1 X131.021 Y130.297 E.02014
G1 X130.905 Y130.881 E.02015
G1 X130.678 Y131.431 E.02014
G1 X130.347 Y131.926 E.02016
G1 X129.926 Y132.347 E.02015
G1 X129.432 Y132.677 E.02011
G1 X128.882 Y132.905 E.02015
G1 X128.298 Y133.021 E.02015
G1 X127.703 Y133.021 E.02014
G1 X127.119 Y132.905 E.02015
G1 X126.569 Y132.678 E.02014
G1 X126.074 Y132.347 E.02016
G1 X125.653 Y131.926 E.02015
G1 X125.323 Y131.432 E.02011
G1 X125.095 Y130.882 E.02015
G1 X124.979 Y130.298 E.02015
G1 X124.979 Y129.703 E.02014
G1 X125.095 Y129.119 E.02015
G1 X125.322 Y128.569 E.02014
G1 X125.653 Y128.074 E.02016
G1 X126.074 Y127.653 E.02015
G1 X126.162 Y127.594 E.00359
M204 S4000
G1 X126.162 Y127.594 F15000
G1 X126.441 Y127.892
M204 S2500
G1 F900
G1 X126.783 Y127.668 E.01384
G1 X127.262 Y127.476 E.01747
G1 X127.771 Y127.38 E.01753
G1 X128.284 Y127.385 E.01737
G1 X128.788 Y127.491 E.01743
G1 X129.263 Y127.693 E.01747
G1 X129.689 Y127.984 E.01746
G1 X130.049 Y128.352 E.01743
G1 X130.332 Y128.783 E.01745
G1 X130.524 Y129.262 E.01747
G1 X130.62 Y129.768 E.01743
G1 X130.615 Y130.284 E.01747
G1 X130.509 Y130.788 E.01743
G1 X130.307 Y131.263 E.01747
G1 X130.016 Y131.689 E.01746
G1 X129.648 Y132.049 E.01743
G1 X129.217 Y132.332 E.01745
G1 X128.738 Y132.524 E.01747
G1 X128.232 Y132.62 E.01743
G1 X127.716 Y132.615 E.01747
G1 X127.212 Y132.509 E.01743
G1 X126.737 Y132.307 E.01747
G1 X126.311 Y132.016 E.01746
G1 X125.951 Y131.648 E.01743
G1 X125.668 Y131.217 E.01745
G1 X125.476 Y130.738 E.01747
G1 X125.38 Y130.232 E.01743
G1 X125.385 Y129.716 E.01747
G1 X125.491 Y129.212 E.01743
G1 X125.693 Y128.737 E.01747
G1 X125.984 Y128.311 E.01746
G1 X126.352 Y127.951 E.01743
G1 X126.391 Y127.925 E.00159
M204 S4000
G1 X126.391 Y127.925 F15000
G1 X126.642 Y128.242
M204 S2500
;TYPE:External perimeter
G1 F900
G1 X126.662 Y128.223 E.00093
G1 X127.034 Y127.996 E.01475
G1 X127.405 Y127.857 E.01341
G1 X127.877 Y127.779 E.01619
G1 X128.31 Y127.798 E.01467
G1 X128.734 Y127.9 E.01476
G1 X129.129 Y128.084 E.01475
G1 X129.481 Y128.341 E.01475
G1 X129.777 Y128.662 E.01478
G1 X130.004 Y129.034 E.01475
G1 X130.154 Y129.444 E.01478
G1 X130.221 Y129.874 E.01473
G1 X130.202 Y130.31 E.01477
G1 X130.1 Y130.734 E.01476
G1 X129.916 Y131.129 E.01475
G1 X129.659 Y131.481 E.01475
G1 X129.338 Y131.777 E.01478
G1 X128.966 Y132.004 E.01475
G1 X128.556 Y132.154 E.01478
G1 X128.126 Y132.221 E.01473
G1 X127.69 Y132.202 E.01477
G1 X127.266 Y132.1 E.01476
G1 X126.871 Y131.916 E.01475
G1 X126.519 Y131.659 E.01475
G1 X126.223 Y131.338 E.01478
G1 X125.996 Y130.966 E.01475
G1 X125.846 Y130.556 E.01478
G1 X125.779 Y130.126 E.01473
G1 X125.798 Y129.69 E.01477
G1 X125.9 Y129.266 E.01476
G1 X126.084 Y128.871 E.01475
G1 X126.341 Y128.519 E.01475
G1 X126.598 Y128.282 E.01183
M204 S4000
G1 X126.931 Y128.062 F15000
G1 E-2 F2400
G1 X122.465 Y146.43 F15000
G1 E2 F2400
;TYPE:Internal infill
;WIDTH:0.45
G1 F6000
G1 X120.938 Y146.426 E.05169
G1 X120.461 Y146.327 E.01649
G1 X120.099 Y146.101 E.01445
G1 X120.018 Y146.345 E.0087
G1 X120.044 Y146.656 E.01056
G1 X122.487 Y146.656 E.08269
G1 E-2 F2400
G1 X122.487 Y146.656 F15000
G1 X136.008 Y109.161
G1 E2 F2400
;TYPE:Top solid infill
;WIDTH:0.453803
G1 F3300
G1 X136.656 Y109.809 E.03131
G1 X136.656 Y110.39 E.01985
G1 X135.61 Y109.344 E.05054
G1 X135.029 Y109.344 E.01985
G1 X136.656 Y110.971 E.07861
G1 X136.656 Y111.552 E.01985
G1 X134.448 Y109.344 E.10668
G1 X133.867 Y109.344 E.01985
G1 X136.656 Y112.133 E.13476
G1 X136.656 Y112.714 E.01985
G1 X133.286 Y109.344 E.16283
G1 X132.704 Y109.344 E.01988
G1 X136.656 Y113.296 E.19095
G1 X136.656 Y113.877 E.01985
G1 X132.123 Y109.344 E.21902
G1 X131.542 Y109.344 E.01985
G1 X136.656 Y114.458 E.24709
G1 X136.656 Y115.039 E.01985
G1 X130.961 Y109.344 E.27516
G1 X130.38 Y109.344 E.01985
G1 X136.656 Y115.62 E.30324
G1 X136.656 Y116.201 E.01985
G1 X129.799 Y109.344 E.33131
G1 X129.218 Y109.344 E.01985
G1 X136.656 Y116.782 E.35938
G1 X136.656 Y117.363 E.01985
G1 X131.123 Y111.831 E.26731
G1 X130.939 Y111.411 E.01567
G1 X130.725 Y111.066 E.01387
G1 X130.573 Y110.869 E.0085
G1 X130.295 Y110.572 E.0139
G1 X130.108 Y110.408 E.0085
G1 X129.777 Y110.171 E.01391
G1 X129.561 Y110.046 E.00853
G1 X129.161 Y109.868 E.01496
G1 X128.454 Y109.161 E.03416
G1 X128.454 Y109.161 F15000
G1 X128.62 Y109.908
G1 F3300
G1 X128.056 Y109.344 E.02725
G1 X127.475 Y109.344 E.01985
G1 X127.796 Y109.665 E.01551
G1 X127.287 Y109.738 E.01757
G1 X126.894 Y109.344 E.01901
G1 X126.313 Y109.344 E.01985
G1 X126.841 Y109.873 E.02554
G1 X126.436 Y110.049 E.01509
G1 X125.732 Y109.344 E.03404
G1 X125.15 Y109.344 E.01988
G1 X126.076 Y110.27 E.04474
G1 X125.757 Y110.532 E.0141
G1 X124.569 Y109.344 E.0574
G1 X123.988 Y109.344 E.01985
G1 X125.468 Y110.824 E.07151
G1 X125.219 Y111.156 E.01418
G1 X123.407 Y109.344 E.08755
G1 X122.826 Y109.344 E.01985
G1 X125.007 Y111.525 E.10538
G1 X124.836 Y111.935 E.01518
G1 X122.245 Y109.344 E.12519
G1 X121.664 Y109.344 E.01985
G1 X124.718 Y112.398 E.14756
G1 X124.674 Y112.689 E.01006
G1 X124.666 Y112.928 E.00817
G1 X121.083 Y109.344 E.17314
G1 X120.502 Y109.344 E.01985
G1 X124.943 Y113.785 E.21457
G1 E-2 F2400
G1 X124.943 Y113.785 F15000
G1 X131.092 Y112.381
G1 E2 F2400
G1 F3300
G1 X136.656 Y117.944 E.26881
G1 X136.656 Y118.525 E.01985
G1 X131.33 Y113.2 E.25731
G1 X131.308 Y113.492 E.01
G1 X131.258 Y113.709 E.00761
G1 X136.656 Y119.106 E.26079
G1 X136.656 Y119.687 E.01985
G1 X131.131 Y114.163 E.26693
G1 X130.952 Y114.565 E.01503
G1 X136.656 Y120.268 E.27557
G1 X136.656 Y120.85 E.01988
G1 X130.726 Y114.92 E.28652
G1 X130.471 Y115.246 E.01414
G1 X136.656 Y121.431 E.29884
G1 X136.656 Y122.012 E.01985
G1 X130.175 Y115.532 E.31312
G1 X129.843 Y115.78 E.01416
G1 X136.656 Y122.593 E.32918
G1 X136.656 Y123.174 E.01985
G1 X129.481 Y115.999 E.34667
G1 X129.058 Y116.158 E.01544
G1 X136.656 Y123.755 E.36709
G1 X136.656 Y124.336 E.01985
G1 X128.598 Y116.278 E.38934
G1 X128.273 Y116.333 E.01126
G1 X128.068 Y116.33 E.007
G1 X136.656 Y124.917 E.41492
G1 X136.656 Y125.498 E.01985
G1 X127.203 Y116.045 E.45674
G1 E-2 F2400
G1 X127.203 Y116.045 F15000
G1 X119.738 Y109.161
G1 E2 F2400
G1 F3300
G1 X124.96 Y114.383 E.25231
G1 X125.061 Y114.588 E.00781
G1 X125.275 Y114.934 E.0139
G1 X125.427 Y115.131 E.0085
G1 X125.705 Y115.428 E.0139
G1 X125.892 Y115.592 E.0085
G1 X126.223 Y115.829 E.01391
G1 X126.599 Y116.022 E.01444
G1 X136.656 Y126.079 E.48592
G1 X136.656 Y126.66 E.01985
G1 X119.344 Y109.349 E.83643
G1 X119.344 Y109.93 E.01985
G1 X136.656 Y127.241 E.83643
G1 X136.656 Y127.822 E.01985
G1 X119.344 Y110.511 E.83643
G1 X119.344 Y111.092 E.01985
G1 X136.656 Y128.404 E.83646
G1 X136.656 Y128.985 E.01985
G1 X119.344 Y111.673 E.83646
G1 X119.344 Y112.255 E.01988
G1 X136.656 Y129.566 E.83643
G1 X136.656 Y130.147 E.01985
G1 X119.344 Y112.836 E.83643
G1 X119.344 Y113.417 E.01985
G1 X136.656 Y130.728 E.83643
G1 X136.656 Y131.309 E.01985
G1 X119.344 Y113.998 E.83643
G1 X119.344 Y114.579 E.01985
G1 X136.538 Y131.773 E.83076
G1 X136.242 Y131.773 E.01011
G1 X136.1 Y131.915 E.00686
G1 X119.344 Y115.16 E.80957
G1 X119.344 Y115.741 E.01985
G1 X136.023 Y132.419 E.80585
G1 X136.023 Y133.001 E.01988
G1 X119.344 Y116.322 E.80587
G1 X119.344 Y116.903 E.01985
G1 X129.429 Y126.988 E.48727
G1 X129.777 Y127.171 E.01343
G1 X130.108 Y127.408 E.01391
G1 X130.295 Y127.572 E.0085
G1 X130.573 Y127.869 E.0139
G1 X130.725 Y128.066 E.0085
G1 X130.939 Y128.411 E.01387
G1 X131.023 Y128.582 E.00651
G1 X136.023 Y133.582 E.24158
G1 X136.023 Y134.163 E.01985
G1 X131.28 Y129.42 E.22917
G1 X131.341 Y129.863 E.01528
G1 X131.331 Y130.052 E.00647
G1 X136.023 Y134.744 E.2267
G1 X136.023 Y135.325 E.01985
G1 X131.286 Y130.588 E.22888
G1 X131.169 Y131.052 E.01635
G1 X136.023 Y135.906 E.23453
G1 X136.023 Y136.487 E.01985
G1 X130.998 Y131.463 E.24277
G1 X130.789 Y131.834 E.01455
G1 X136.023 Y137.068 E.25289
G1 X136.023 Y137.649 E.01985
G1 X130.54 Y132.167 E.2649
G1 X130.252 Y132.46 E.01404
G1 X136.023 Y138.23 E.27881
G1 X136.023 Y138.811 E.01985
G1 X129.935 Y132.723 E.29415
G1 X129.573 Y132.943 E.01447
G1 X136.023 Y139.392 E.31162
G1 X136.023 Y139.973 E.01985
G1 X129.167 Y133.118 E.33124
G1 X128.867 Y133.231 E.01095
G1 X128.723 Y133.255 E.00499
G1 X136.023 Y140.555 E.35271
G1 X136.023 Y141.136 E.01985
G1 X128.224 Y133.337 E.37682
G1 X127.626 Y133.32 E.02044
G1 X136.206 Y141.9 E.41456
G1 E-2 F2400
G1 X136.206 Y141.9 F15000
G1 X128.822 Y126.962
G1 E2 F2400
G1 F3300
G1 X119.344 Y117.484 E.45795
G1 X119.344 Y118.065 E.01985
G1 X127.946 Y126.667 E.41562
G1 X127.799 Y126.661 E.00503
G1 X127.42 Y126.722 E.01312
G1 X119.344 Y118.646 E.39021
G1 X119.344 Y119.227 E.01985
G1 X126.955 Y126.838 E.36774
G1 X126.531 Y126.995 E.01545
G1 X119.344 Y119.809 E.34723
G1 X119.344 Y120.39 E.01985
G1 X126.168 Y127.214 E.32971
G1 X125.834 Y127.46 E.01417
G1 X119.344 Y120.971 E.31355
G1 X119.344 Y121.552 E.01985
G1 X125.537 Y127.745 E.29923
G1 X125.281 Y128.069 E.01411
G1 X119.344 Y122.133 E.28683
G1 X119.344 Y122.714 E.01985
G1 X125.055 Y128.424 E.27591
G1 X124.873 Y128.824 E.01501
G1 X119.344 Y123.295 E.26714
G1 X119.344 Y123.876 E.01985
G1 X124.745 Y129.276 E.26093
G1 X124.706 Y129.441 E.00579
G1 X124.671 Y129.783 E.01175
G1 X119.344 Y124.457 E.25736
G1 X119.344 Y125.038 E.01985
G1 X124.908 Y130.602 E.26883
G1 E-2 F2400
G1 X124.908 Y130.602 F15000
G1 X119.161 Y125.436
G1 E2 F2400
G1 F3300
G1 X124.866 Y131.141 E.27565
G1 X125.061 Y131.588 E.01666
G1 X125.275 Y131.934 E.0139
G1 X125.427 Y132.131 E.0085
G1 X125.705 Y132.428 E.0139
G1 X125.892 Y132.592 E.0085
G1 X126.223 Y132.829 E.01391
G1 X126.439 Y132.954 E.00853
G1 X126.867 Y133.142 E.01597
G1 X136.023 Y142.298 E.44239
G1 X136.023 Y142.879 E.01985
G1 X119.344 Y126.2 E.80587
G1 X119.344 Y126.781 E.01985
G1 X136.023 Y143.46 E.80587
G1 X136.023 Y144.041 E.01985
G1 X119.344 Y127.363 E.80585
G1 X119.344 Y127.944 E.01985
G1 X136.023 Y144.622 E.80585
G1 X136.008 Y145.188 E.01934
G1 X119.344 Y128.525 E.80513
G1 X119.344 Y129.106 E.01985
G1 X135.823 Y145.585 E.79621
G1 X135.725 Y145.728 E.00592
G1 X135.523 Y145.865 E.00834
G1 X119.344 Y129.687 E.78169
G1 X119.344 Y130.268 E.01985
G1 X135.092 Y146.016 E.76089
G1 X134.518 Y146.023 E.01961
G1 X119.344 Y130.849 E.73316
G1 X119.344 Y131.43 E.01985
G1 X133.937 Y146.023 E.70509
G1 X133.356 Y146.023 E.01985
G1 X119.977 Y132.644 E.64643
G1 X119.977 Y133.225 E.01985
G1 X132.775 Y146.023 E.61836
G1 X132.194 Y146.023 E.01985
G1 X119.977 Y133.806 E.59029
G1 X119.977 Y134.387 E.01985
G1 X131.613 Y146.023 E.56221
G1 X131.032 Y146.023 E.01985
G1 X119.977 Y134.968 E.53414
G1 X119.977 Y135.549 E.01985
G1 X130.451 Y146.023 E.50607
G1 X129.87 Y146.023 E.01985
G1 X119.977 Y136.13 E.478
G1 X119.977 Y136.711 E.01985
G1 X129.289 Y146.023 E.44993
G1 X128.708 Y146.023 E.01985
G1 X119.977 Y137.292 E.42185
G1 X119.977 Y137.874 E.01988
G1 X128.126 Y146.023 E.39373
G1 X127.545 Y146.023 E.01985
G1 X119.977 Y138.455 E.36566
G1 X119.977 Y139.036 E.01985
G1 X126.964 Y146.023 E.33759
G1 X126.383 Y146.023 E.01985
G1 X119.977 Y139.617 E.30952
G1 X119.977 Y140.198 E.01985
G1 X125.802 Y146.023 E.28144
G1 X125.221 Y146.023 E.01985
G1 X119.977 Y140.779 E.25337
G1 X119.977 Y141.36 E.01985
G1 X124.64 Y146.023 E.2253
G1 X124.059 Y146.023 E.01985
G1 X119.977 Y141.941 E.19723
G1 X119.977 Y142.522 E.01985
G1 X123.478 Y146.023 E.16916
G1 X122.897 Y146.023 E.01985
G1 X119.977 Y143.103 E.14108
G1 X119.977 Y143.684 E.01985
G1 X122.316 Y146.023 E.11301
G1 X121.735 Y146.023 E.01985
G1 X119.977 Y144.265 E.08494
G1 X119.977 Y144.846 E.01985
G1 X121.154 Y146.023 E.05687
G1 X121 Y146.023 E.00526
G1 X120.579 Y145.935 E.01469
G1 X120.283 Y145.733 E.01224
G1 X119.828 Y145.278 E.02198
;LAYER_CHANGE
;Z:3.25
;HEIGHT:0.2
G1 Z3.25 F15000
G1 X120.819 Y146.006
G1 Z3.25
M204 S2500
;TYPE:Perimeter
;WIDTH:0.449999
G1 F3522
G1 X120.979 Y146.039 E.00553
G1 X135.021 Y146.039 E.4753
G1 X135.426 Y145.955 E.014
G1 X135.741 Y145.741 E.01289
G1 X135.955 Y145.426 E.01289
G1 X136.039 Y145.021 E.014
G1 X136.039 Y131.189 E.4682
G1 X136.961 Y131.189 E.03121
G1 X136.961 Y131.65 E.0156
G1 X136.961 Y146.961 E.51826
G1 X119.039 Y146.961 E.60664
G1 X119.039 Y131.189 E.53386
G1 X119.961 Y131.189 E.03121
G1 X119.961 Y145.021 E.4682
G1 X120.045 Y145.426 E.014
G1 X120.259 Y145.741 E.01289
G1 X120.574 Y145.955 E.01289
G1 X120.76 Y145.994 E.00643
M204 S4000
G1 X120.76 Y145.994 F15000
G1 X120.899 Y145.616
M204 S2500
G1 F3522
G1 X120.979 Y145.632 E.00276
G1 X135.021 Y145.632 E.4753
G1 X135.264 Y145.582 E.0084
G1 X135.453 Y145.453 E.00775
G1 X135.582 Y145.264 E.00775
G1 X135.632 Y145.021 E.0084
G1 X135.632 Y130.782 E.48197
G1 X137.368 Y130.782 E.05876
G1 X137.368 Y131.65 E.02938
G1 X137.368 Y147.368 E.53203
G1 X118.632 Y147.368 E.63419
G1 X118.632 Y130.782 E.56142
G1 X120.368 Y130.782 E.05876
G1 X120.368 Y145.021 E.48197
G1 X120.418 Y145.264 E.0084
G1 X120.547 Y145.453 E.00775
G1 X120.736 Y145.582 E.00775
G1 X120.84 Y145.603 E.00359
M204 S4000
G1 X120.84 Y145.603 F15000
G1 X120.979 Y145.225
M204 S2500
;TYPE:External perimeter
G1 F2700
G1 X135.021 Y145.225 E.4753
G1 X135.165 Y145.165 E.00528
G1 X135.225 Y145.021 E.00528
G1 X135.225 Y130.375 E.49575
G1 X137.775 Y130.375 E.08631
G1 X137.775 Y131.65 E.04316
G1 X137.775 Y147.775 E.54581
G1 X118.225 Y147.775 E.66174
G1 X118.225 Y130.375 E.58897
G1 X120.775 Y130.375 E.08631
G1 X120.775 Y145.021 E.49575
G1 X120.835 Y145.165 E.00528
G1 X120.923 Y145.202 E.00323
M204 S4000
G1 X121.323 Y145.222 F15000
G1 E-2 F2400
G1 X136.32 Y131.47 F15000
G1 E2 F2400
;TYPE:Solid infill
;WIDTH:0.401992
G1 F3300
G1 X136.32 Y145.017 E.40447
;WIDTH:0.449999
G1 X136.218 Y145.577 E.01927
G1 X135.956 Y145.956 E.0156
G1 X135.503 Y146.249 E.01826
G1 X135.017 Y146.32 E.01663
;WIDTH:0.401993
G1 X120.989 Y146.32 E.41883
;WIDTH:0.449999
G1 X120.493 Y146.246 E.01697
G1 X120.044 Y145.956 E.01809
G1 X119.751 Y145.503 E.01826
G1 X119.68 Y145.017 E.01663
;WIDTH:0.401994
G1 X119.68 Y131.47 E.40447
G1 X119.32 Y131.47 E.01075
G1 X119.32 Y145.017 E.40447
;WIDTH:0.449999
G1 X119.344 Y145.545 E.01789
G1 X119.344 Y146.656 E.03761
G1 X120.451 Y146.656 E.03747
G1 X120.989 Y146.68 E.01823
;WIDTH:0.401993
G1 X135.017 Y146.68 E.41883
;WIDTH:0.449999
G1 X135.545 Y146.656 E.01789
G1 X136.656 Y146.656 E.03761
G1 X136.656 Y145.545 E.03761
G1 X136.68 Y145.017 E.01789
;WIDTH:0.401992
G1 X136.68 Y131.47 E.40447
G1 X136.524 Y131.47 E.00466
G1 E-2 F2400
G1 X136.524 Y131.47 F15000
G1 X136.295 Y146.232
G1 E2 F2400
;WIDTH:0.455784
G1 F3300
G1 X136.259 Y146.196 E.00175
G1 X136.209 Y146.209 E.00177
G1 X136.196 Y146.259 E.00177
G1 X136.232 Y146.295 E.00175
G1 X136.282 Y146.282 E.00177
G1 E-2 F2400
G1 X119.804 Y146.232 F15000
G1 E2 F2400
;WIDTH:0.45578
G1 F3300
G1 X119.768 Y146.196 E.00175
G1 X119.718 Y146.209 E.00177
G1 X119.705 Y146.259 E.00177
G1 X119.741 Y146.295 E.00175
G1 X119.791 Y146.282 E.00177
;LAYER_CHANGE
;Z:3.45
;HEIGHT:0.2
G1 Z3.45 F15000
G1 X120.819 Y146.006
G1 Z3.45
M204 S2500
;TYPE:Perimeter
;WIDTH:0.449999
G1 F3233
G1 X120.979 Y146.039 E.00553
G1 X135.021 Y146.039 E.4753
G1 X135.426 Y145.955 E.014
G1 X135.741 Y145.741 E.01289
G1 X135.955 Y145.426 E.01289
G1 X136.039 Y145.021 E.014
G1 X136.039 Y131.389 E.46143
G1 X136.961 Y131.389 E.03121
G1 X136.961 Y131.85 E.0156
G1 X136.961 Y146.961 E.51149
G1 X119.039 Y146.961 E.60664
G1 X119.039 Y131.389 E.52709
G1 X119.961 Y131.389 E.03121
G1 X119.961 Y145.021 E.46143
G1 X120.045 Y145.426 E.014
G1 X120.259 Y145.741 E.01289
G1 X120.574 Y145.955 E.01289
G1 X120.76 Y145.994 E.00643
M204 S4000
G1 X120.76 Y145.994 F15000
G1 X120.899 Y145.616
M204 S2500
G1 F3233
G1 X120.979 Y145.632 E.00276
G1 X135.021 Y145.632 E.4753
G1 X135.264 Y145.582 E.0084
G1 X135.453 Y145.453 E.00775
G1 X135.582 Y145.264 E.00775
G1 X135.632 Y145.021 E.0084
G1 X135.632 Y130.982 E.4752
G1 X137.368 Y130.982 E.05876
G1 X137.368 Y131.85 E.02938
G1 X137.368 Y147.368 E.52527
G1 X118.632 Y147.368 E.63419
G1 X118.632 Y130.982 E.55465
G1 X120.368 Y130.982 E.05876
G1 X120.368 Y145.021 E.4752
G1 X120.418 Y145.264 E.0084
G1 X120.547 Y145.453 E.00775
G1 X120.736 Y145.582 E.00775
G1 X120.84 Y145.603 E.00359
M204 S4000
G1 X120.84 Y145.603 F15000
G1 X120.979 Y145.225
M204 S2500
;TYPE:External perimeter
G1 F2700
G1 X135.021 Y145.225 E.4753
G1 X135.165 Y145.165 E.00528
G1 X135.225 Y145.021 E.00528
G1 X135.225 Y130.575 E.48898
G1 X137.775 Y130.575 E.08631
G1 X137.775 Y131.85 E.04316
G1 X137.775 Y147.775 E.53904
G1 X118.225 Y147.775 E.66174
G1 X118.225 Y130.575 E.5822
G1 X120.775 Y130.575 E.08631
G1 X120.775 Y145.021 E.48898
G1 X120.835 Y145.165 E.00528
G1 X120.923 Y145.202 E.00323
M204 S4000
G1 X121.323 Y145.222 F15000
G1 E-2 F2400
G1 X119.32 Y144.814 F15000
G1 E2 F2400
;TYPE:Solid infill
;WIDTH:0.401993
G1 F3233
G1 X119.32 Y131.67 E.39244
G1 X119.68 Y131.67 E.01075
G1 X119.68 Y145.017 E.3985
;WIDTH:0.449999
G1 X119.751 Y145.503 E.01663
G1 X120.044 Y145.956 E.01826
G1 X120.493 Y146.246 E.01809
G1 X120.989 Y146.32 E.01697
;WIDTH:0.401993
G1 X135.017 Y146.32 E.41883
;WIDTH:0.449999
G1 X135.503 Y146.249 E.01663
G1 X135.926 Y145.98 E.01697
G1 X136.218 Y145.577 E.01685
G1 X136.32 Y145.017 E.01927
;WIDTH:0.401993
G1 X136.32 Y131.67 E.3985
G1 X136.68 Y131.67 E.01075
G1 X136.68 Y145.017 E.3985
;WIDTH:0.449999
G1 X136.656 Y145.545 E.01789
G1 X136.656 Y146.656 E.03761
G1 X135.545 Y146.656 E.03761
G1 X135.017 Y146.68 E.01789
;WIDTH:0.401993
G1 X120.989 Y146.68 E.41883
;WIDTH:0.449999
G1 X120.451 Y146.656 E.01823
G1 X119.344 Y146.656 E.03747
G1 X119.344 Y145.545 E.03761
G1 X119.32 Y145.017 E.01789
G1 X119.32 Y145.017 F15000
G1 X119.741 Y146.196
;WIDTH:0.455782
G1 F3233
G1 X119.705 Y146.232 E.00175
G1 X119.718 Y146.282 E.00177
G1 X119.768 Y146.295 E.00177
G1 X119.804 Y146.259 E.00175
G1 X119.791 Y146.209 E.00177
G1 E-2 F2400
G1 X136.232 Y146.196 F15000
G1 E2 F2400
;WIDTH:0.45578
G1 F3233
G1 X136.196 Y146.232 E.00175
G1 X136.209 Y146.282 E.00177
G1 X136.259 Y146.295 E.00177
G1 X136.295 Y146.259 E.00175
G1 X136.282 Y146.209 E.00177
;LAYER_CHANGE
;Z:3.65
;HEIGHT:0.2
G1 Z3.65 F15000
G1 E-2 F2400
G1 Z3.65 F15000
G1 X120.819 Y146.006
G1 Z3.65
G1 E2 F2400
M204 S2500
;TYPE:Perimeter
;WIDTH:0.449999
G1 F3614
G1 X120.979 Y146.039 E.00553
G1 X135.021 Y146.039 E.4753
G1 X135.426 Y145.955 E.014
G1 X135.741 Y145.741 E.01289
G1 X135.955 Y145.426 E.01289
G1 X136.039 Y145.021 E.014
G1 X136.039 Y131.589 E.45466
G1 X136.961 Y131.589 E.03121
G1 X136.961 Y132.05 E.0156
G1 X136.961 Y146.961 E.50472
G1 X119.039 Y146.961 E.60664
G1 X119.039 Y131.589 E.52032
G1 X119.961 Y131.589 E.03121
G1 X119.961 Y145.021 E.45466
G1 X120.045 Y145.426 E.014
G1 X120.259 Y145.741 E.01289
G1 X120.574 Y145.955 E.01289
G1 X120.76 Y145.994 E.00643
M204 S4000
G1 X120.76 Y145.994 F15000
G1 X120.899 Y145.616
M204 S2500
G1 F3614
G1 X120.979 Y145.632 E.00276
G1 X135.021 Y145.632 E.4753
G1 X135.264 Y145.582 E.0084
G1 X135.453 Y145.453 E.00775
G1 X135.582 Y145.264 E.00775
G1 X135.632 Y145.021 E.0084
G1 X135.632 Y131.182 E.46843
G1 X137.368 Y131.182 E.05876
G1 X137.368 Y132.05 E.02938
G1 X137.368 Y147.368 E.5185
G1 X118.632 Y147.368 E.63419
G1 X118.632 Y131.182 E.54788
G1 X120.368 Y131.182 E.05876
G1 X120.368 Y145.021 E.46843
G1 X120.418 Y145.264 E.0084
G1 X120.547 Y145.453 E.00775
G1 X120.736 Y145.582 E.00775
G1 X120.84 Y145.603 E.00359
M204 S4000
G1 X120.84 Y145.603 F15000
G1 X120.979 Y145.225
M204 S2500
;TYPE:External perimeter
G1 F2700
G1 X135.021 Y145.225 E.4753
G1 X135.165 Y145.165 E.00528
G1 X135.225 Y145.021 E.00528
G1 X135.225 Y130.775 E.48221
G1 X137.775 Y130.775 E.08631
G1 X137.775 Y132.05 E.04316
G1 X137.775 Y147.775 E.53227
G1 X118.225 Y147.775 E.66174
G1 X118.225 Y130.775 E.57543
G1 X120.775 Y130.775 E.08631
G1 X120.775 Y145.021 E.48221
G1 X120.835 Y145.165 E.00528
G1 X120.923 Y145.202 E.00323
M204 S4000
G1 X121.323 Y145.222 F15000
G1 E-2 F2400
G1 X136.32 Y131.87 F15000
G1 E2 F2400
;TYPE:Solid infill
;WIDTH:0.401993
G1 F3300
G1 X136.32 Y145.017 E.39253
;WIDTH:0.449999
G1 X136.218 Y145.577 E.01927
G1 X135.956 Y145.956 E.0156
G1 X135.503 Y146.249 E.01826
G1 X135.017 Y146.32 E.01663
;WIDTH:0.401993
G1 X120.989 Y146.32 E.41883
;WIDTH:0.449999
G1 X120.493 Y146.246 E.01697
G1 X120.044 Y145.956 E.01809
G1 X119.751 Y145.503 E.01826
G1 X119.68 Y145.017 E.01663
;WIDTH:0.401993
G1 X119.68 Y131.87 E.39253
G1 X119.32 Y131.87 E.01075
G1 X119.32 Y145.017 E.39253
;WIDTH:0.449999
G1 X119.344 Y145.545 E.01789
G1 X119.344 Y146.656 E.03761
G1 X120.451 Y146.656 E.03747
G1 X120.989 Y146.68 E.01823
;WIDTH:0.401993
G1 X135.017 Y146.68 E.41883
;WIDTH:0.449999
G1 X135.545 Y146.656 E.01789
G1 X136.656 Y146.656 E.03761
G1 X136.656 Y145.545 E.03761
G1 X136.68 Y145.017 E.01789
;WIDTH:0.401993
G1 X136.68 Y131.87 E.39253
G1 X136.524 Y131.87 E.00466
G1 E-2 F2400
G1 X136.524 Y131.87 F15000
G1 X136.295 Y146.232
G1 E2 F2400
;WIDTH:0.455784
G1 F3300
G1 X136.259 Y146.196 E.00175
G1 X136.209 Y146.209 E.00177
G1 X136.196 Y146.259 E.00177
G1 X136.232 Y146.295 E.00175
G1 X136.282 Y146.282 E.00177
G1 E-2 F2400
G1 X119.804 Y146.232 F15000
G1 E2 F2400
;WIDTH:0.45578
G1 F3300
G1 X119.768 Y146.196 E.00175
G1 X119.718 Y146.209 E.00177
G1 X119.705 Y146.259 E.00177
G1 X119.741 Y146.295 E.00175
G1 X119.791 Y146.282 E.00177
;LAYER_CHANGE
;Z:3.85
;HEIGHT:0.2
G1 Z3.85 F15000
G1 X120.819 Y146.006
G1 Z3.85
M204 S2500
;TYPE:Perimeter
;WIDTH:0.449999
G1 F3159
G1 X120.979 Y146.039 E.00553
G1 X135.021 Y146.039 E.4753
G1 X135.426 Y145.955 E.014
G1 X135.741 Y145.741 E.01289
G1 X135.955 Y145.426 E.01289
G1 X136.039 Y145.021 E.014
G1 X136.039 Y131.789 E.44789
G1 X136.961 Y131.789 E.03121
G1 X136.961 Y132.25 E.0156
G1 X136.961 Y146.961 E.49795
G1 X119.039 Y146.961 E.60664
G1 X119.039 Y131.789 E.51355
G1 X119.961 Y131.789 E.03121
G1 X119.961 Y145.021 E.44789
G1 X120.045 Y145.426 E.014
G1 X120.259 Y145.741 E.01289
G1 X120.574 Y145.955 E.01289
G1 X120.76 Y145.994 E.00643
M204 S4000
G1 X120.76 Y145.994 F15000
G1 X120.899 Y145.616
M204 S2500
G1 F3159
G1 X120.979 Y145.632 E.00276
G1 X135.021 Y145.632 E.4753
G1 X135.264 Y145.582 E.0084
G1 X135.453 Y145.453 E.00775
G1 X135.582 Y145.264 E.00775
G1 X135.632 Y145.021 E.0084
G1 X135.632 Y131.382 E.46166
G1 X137.368 Y131.382 E.05876
G1 X137.368 Y132.25 E.02938
G1 X137.368 Y147.368 E.51173
G1 X118.632 Y147.368 E.63419
G1 X118.632 Y131.382 E.54111
G1 X120.368 Y131.382 E.05876
G1 X120.368 Y145.021 E.46166
G1 X120.418 Y145.264 E.0084
G1 X120.547 Y145.453 E.00775
G1 X120.736 Y145.582 E.00775
G1 X120.84 Y145.603 E.00359
M204 S4000
G1 X120.84 Y145.603 F15000
G1 X120.979 Y145.225
M204 S2500
;TYPE:External perimeter
G1 F2700
G1 X135.021 Y145.225 E.4753
G1 X135.165 Y145.165 E.00528
G1 X135.225 Y145.021 E.00528
G1 X135.225 Y130.975 E.47544
G1 X137.775 Y130.975 E.08631
G1 X137.775 Y132.25 E.04316
G1 X137.775 Y147.775 E.5255
G1 X118.225 Y147.775 E.66174
G1 X118.225 Y130.975 E.56866
G1 X120.775 Y130.975 E.08631
G1 X120.775 Y145.021 E.47544
G1 X120.835 Y145.165 E.00528
G1 X120.923 Y145.202 E.00323
M204 S4000
G1 X121.323 Y145.222 F15000
G1 E-2 F2400
G1 X119.32 Y144.814 F15000
G1 E2 F2400
;TYPE:Solid infill
;WIDTH:0.401993
G1 F3159
G1 X119.32 Y132.07 E.3805
G1 X119.68 Y132.07 E.01075
G1 X119.68 Y145.017 E.38656
;WIDTH:0.449999
G1 X119.751 Y145.503 E.01663
G1 X120.044 Y145.956 E.01826
G1 X120.493 Y146.246 E.01809
G1 X120.989 Y146.32 E.01697
;WIDTH:0.401993
G1 X135.017 Y146.32 E.41883
;WIDTH:0.449999
G1 X135.503 Y146.249 E.01663
G1 X135.926 Y145.98 E.01697
G1 X136.218 Y145.577 E.01685
G1 X136.32 Y145.017 E.01927
;WIDTH:0.401993
G1 X136.32 Y132.07 E.38656
G1 X136.68 Y132.07 E.01075
G1 X136.68 Y145.017 E.38656
;WIDTH:0.449999
G1 X136.656 Y145.545 E.01789
G1 X136.656 Y146.656 E.03761
G1 X135.545 Y146.656 E.03761
G1 X135.017 Y146.68 E.01789
;WIDTH:0.401993
G1 X120.989 Y146.68 E.41883
;WIDTH:0.449999
G1 X120.451 Y146.656 E.01823
G1 X119.344 Y146.656 E.03747
G1 X119.344 Y145.545 E.03761
G1 X119.32 Y145.017 E.01789
G1 X119.32 Y145.017 F15000
G1 X119.741 Y146.196
;WIDTH:0.455782
G1 F3159
G1 X119.705 Y146.232 E.00175
G1 X119.718 Y146.282 E.00177
G1 X119.768 Y146.295 E.00177
G1 X119.804 Y146.259 E.00175
G1 X119.791 Y146.209 E.00177
G1 E-2 F2400
G1 X136.232 Y146.196 F15000
G1 E2 F2400
;WIDTH:0.455784
G1 F3159
G1 X136.196 Y146.232 E.00175
G1 X136.209 Y146.282 E.00177
G1 X136.259 Y146.295 E.00177
G1 X136.295 Y146.259 E.00175
G1 X136.282 Y146.209 E.00177
;LAYER_CHANGE
;Z:4.05
;HEIGHT:0.2
G1 Z4.05 F15000
G1 E-2 F2400
G1 Z4.05 F15000
G1 X120.819 Y146.006
G1 Z4.05
G1 E2 F2400
M204 S2500
;TYPE:Perimeter
;WIDTH:0.449999
G1 F3481
G1 X120.979 Y146.039 E.00553
G1 X135.021 Y146.039 E.4753
G1 X135.426 Y145.955 E.014
G1 X135.741 Y145.741 E.01289
G1 X135.955 Y145.426 E.01289
G1 X136.039 Y145.021 E.014
G1 X136.039 Y131.989 E.44112
G1 X136.961 Y131.989 E.03121
G1 X136.961 Y132.45 E.0156
G1 X136.961 Y146.961 E.49118
G1 X119.039 Y146.961 E.60664
G1 X119.039 Y131.989 E.50678
G1 X119.961 Y131.989 E.03121
G1 X119.961 Y145.021 E.44112
G1 X120.045 Y145.426 E.014
G1 X120.259 Y145.741 E.01289
G1 X120.574 Y145.955 E.01289
G1 X120.76 Y145.994 E.00643
M204 S4000
G1 X120.76 Y145.994 F15000
G1 X120.899 Y145.616
M204 S2500
G1 F3481
G1 X120.979 Y145.632 E.00276
G1 X135.021 Y145.632 E.4753
G1 X135.264 Y145.582 E.0084
G1 X135.453 Y145.453 E.00775
G1 X135.582 Y145.264 E.00775
G1 X135.632 Y145.021 E.0084
G1 X135.632 Y131.582 E.45489
G1 X137.368 Y131.582 E.05876
G1 X137.368 Y132.45 E.02938
G1 X137.368 Y147.368 E.50496
G1 X118.632 Y147.368 E.63419
G1 X118.632 Y131.582 E.53434
G1 X120.368 Y131.582 E.05876
G1 X120.368 Y145.021 E.45489
G1 X120.418 Y145.264 E.0084
G1 X120.547 Y145.453 E.00775
G1 X120.736 Y145.582 E.00775
G1 X120.84 Y145.603 E.00359
M204 S4000
G1 X120.84 Y145.603 F15000
G1 X120.979 Y145.225
M204 S2500
;TYPE:External perimeter
G1 F2700
G1 X135.021 Y145.225 E.4753
G1 X135.165 Y145.165 E.00528
G1 X135.225 Y145.021 E.00528
G1 X135.225 Y131.175 E.46867
G1 X137.775 Y131.175 E.08631
G1 X137.775 Y132.45 E.04316
G1 X137.775 Y147.775 E.51873
G1 X118.225 Y147.775 E.66174
G1 X118.225 Y131.175 E.56189
G1 X120.775 Y131.175 E.08631
G1 X120.775 Y145.021 E.46867
G1 X120.835 Y145.165 E.00528
G1 X120.923 Y145.202 E.00323
M204 S4000
G1 X121.323 Y145.222 F15000
G1 E-2 F2400
G1 X136.32 Y132.27 F15000
G1 E2 F2400
;TYPE:Solid infill
;WIDTH:0.401993
G1 F3300
G1 X136.32 Y145.017 E.38059
;WIDTH:0.449999
G1 X136.218 Y145.577 E.01927
G1 X135.956 Y145.956 E.0156
G1 X135.503 Y146.249 E.01826
G1 X135.017 Y146.32 E.01663
;WIDTH:0.401993
G1 X120.989 Y146.32 E.41883
;WIDTH:0.449999
G1 X120.493 Y146.246 E.01697
G1 X120.044 Y145.956 E.01809
G1 X119.751 Y145.503 E.01826
G1 X119.68 Y145.017 E.01663
;WIDTH:0.401994
G1 X119.68 Y132.27 E.38059
G1 X119.32 Y132.27 E.01075
G1 X119.32 Y145.017 E.38059
;WIDTH:0.449999
G1 X119.344 Y145.545 E.01789
G1 X119.344 Y146.656 E.03761
G1 X120.451 Y146.656 E.03747
G1 X120.989 Y146.68 E.01823
;WIDTH:0.401993
G1 X135.017 Y146.68 E.41883
;WIDTH:0.449999
G1 X135.545 Y146.656 E.01789
G1 X136.656 Y146.656 E.03761
G1 X136.656 Y145.545 E.03761
G1 X136.68 Y145.017 E.01789
;WIDTH:0.401993
G1 X136.68 Y132.27 E.38059
G1 X136.524 Y132.27 E.00466
G1 E-2 F2400
G1 X136.524 Y132.27 F15000
G1 X136.295 Y146.232
G1 E2 F2400
;WIDTH:0.455784
G1 F3300
G1 X136.259 Y146.196 E.00175
G1 X136.209 Y146.209 E.00177
G1 X136.196 Y146.259 E.00177
G1 X136.232 Y146.295 E.00175
G1 X136.282 Y146.282 E.00177
G1 E-2 F2400
G1 X119.804 Y146.232 F15000
G1 E2 F2400
;WIDTH:0.45578
G1 F3300
G1 X119.768 Y146.196 E.00175
G1 X119.718 Y146.209 E.00177
G1 X119.705 Y146.259 E.00177
G1 X119.741 Y146.295 E.00175
G1 X119.791 Y146.282 E.00177
;LAYER_CHANGE
;Z:4.25
;HEIGHT:0.2
G1 Z4.25 F15000
G1 X120.819 Y146.006
G1 Z4.25
M204 S2500
;TYPE:Perimeter
;WIDTH:0.449999
G1 F3087
G1 X120.979 Y146.039 E.00553
G1 X135.021 Y146.039 E.4753
G1 X135.426 Y145.955 E.014
G1 X135.741 Y145.741 E.01289
G1 X135.955 Y145.426 E.01289
G1 X136.039 Y145.021 E.014
G1 X136.039 Y132.189 E.43435
G1 X136.961 Y132.189 E.03121
G1 X136.961 Y132.65 E.0156
G1 X136.961 Y146.961 E.48441
G1 X119.039 Y146.961 E.60664
G1 X119.039 Y132.189 E.50001
G1 X119.961 Y132.189 E.03121
G1 X119.961 Y145.021 E.43435
G1 X120.045 Y145.426 E.014
G1 X120.259 Y145.741 E.01289
G1 X120.574 Y145.955 E.01289
G1 X120.76 Y145.994 E.00643
M204 S4000
G1 X120.76 Y145.994 F15000
G1 X120.899 Y145.616
M204 S2500
G1 F3087
G1 X120.979 Y145.632 E.00276
G1 X135.021 Y145.632 E.4753
G1 X135.264 Y145.582 E.0084
G1 X135.453 Y145.453 E.00775
G1 X135.582 Y145.264 E.00775
G1 X135.632 Y145.021 E.0084
G1 X135.632 Y131.782 E.44812
G1 X137.368 Y131.782 E.05876
G1 X137.368 Y132.65 E.02938
G1 X137.368 Y147.368 E.49819
G1 X118.632 Y147.368 E.63419
G1 X118.632 Y131.782 E.52757
G1 X120.368 Y131.782 E.05876
G1 X120.368 Y145.021 E.44812
G1 X120.418 Y145.264 E.0084
G1 X120.547 Y145.453 E.00775
G1 X120.736 Y145.582 E.00775
G1 X120.84 Y145.603 E.00359
M204 S4000
G1 X120.84 Y145.603 F15000
G1 X120.979 Y145.225
M204 S2500
;TYPE:External perimeter
G1 F2700
G1 X135.021 Y145.225 E.4753
G1 X135.165 Y145.165 E.00528
G1 X135.225 Y145.021 E.00528
G1 X135.225 Y131.375 E.4619
G1 X137.775 Y131.375 E.08631
G1 X137.775 Y132.65 E.04316
G1 X137.775 Y147.775 E.51196
G1 X118.225 Y147.775 E.66174
G1 X118.225 Y131.375 E.55512
G1 X120.775 Y131.375 E.08631
G1 X120.775 Y145.021 E.4619
G1 X120.835 Y145.165 E.00528
G1 X120.923 Y145.202 E.00323
M204 S4000
G1 X121.323 Y145.222 F15000
G1 E-2 F2400
G1 X119.32 Y144.814 F15000
G1 E2 F2400
;TYPE:Solid infill
;WIDTH:0.401993
G1 F3087
G1 X119.32 Y132.47 E.36856
G1 X119.68 Y132.47 E.01075
G1 X119.68 Y145.017 E.37462
;WIDTH:0.449999
G1 X119.751 Y145.503 E.01663
G1 X120.044 Y145.956 E.01826
G1 X120.493 Y146.246 E.01809
G1 X120.989 Y146.32 E.01697
;WIDTH:0.401993
G1 X135.017 Y146.32 E.41883
;WIDTH:0.449999
G1 X135.503 Y146.249 E.01663
G1 X135.926 Y145.98 E.01697
G1 X136.218 Y145.577 E.01685
G1 X136.32 Y145.017 E.01927
;WIDTH:0.401993
G1 X136.32 Y132.47 E.37462
G1 X136.68 Y132.47 E.01075
G1 X136.68 Y145.017 E.37462
;WIDTH:0.449999
G1 X136.656 Y145.545 E.01789
G1 X136.656 Y146.656 E.03761
G1 X135.545 Y146.656 E.03761
G1 X135.017 Y146.68 E.01789
;WIDTH:0.401993
G1 X120.989 Y146.68 E.41883
;WIDTH:0.449999
G1 X120.451 Y146.656 E.01823
G1 X119.344 Y146.656 E.03747
G1 X119.344 Y145.545 E.03761
G1 X119.32 Y145.017 E.01789
G1 X119.32 Y145.017 F15000
G1 X119.741 Y146.196
;WIDTH:0.455782
G1 F3087
G1 X119.705 Y146.232 E.00175
G1 X119.718 Y146.282 E.00177
G1 X119.768 Y146.295 E.00177
G1 X119.804 Y146.259 E.00175
G1 X119.791 Y146.209 E.00177
G1 E-2 F2400
G1 X136.232 Y146.196 F15000
G1 E2 F2400
;WIDTH:0.455784
G1 F3087
G1 X136.196 Y146.232 E.00175
G1 X136.209 Y146.282 E.00177
G1 X136.259 Y146.295 E.00177
G1 X136.295 Y146.259 E.00175
G1 X136.282 Y146.209 E.00177
;LAYER_CHANGE
;Z:4.45
;HEIGHT:0.2
G1 Z4.45 F15000
G1 E-2 F2400
G1 Z4.45 F15000
G1 X120.819 Y146.006
G1 Z4.45
G1 E2 F2400
M204 S2500
;TYPE:Perimeter
;WIDTH:0.449999
G1 F3354
G1 X120.979 Y146.039 E.00553
G1 X135.021 Y146.039 E.4753
G1 X135.426 Y145.955 E.014
G1 X135.741 Y145.741 E.01289
G1 X135.955 Y145.426 E.01289
G1 X136.039 Y145.021 E.014
G1 X136.039 Y132.389 E.42758
G1 X136.961 Y132.389 E.03121
G1 X136.961 Y132.85 E.0156
G1 X136.961 Y146.961 E.47764
G1 X119.039 Y146.961 E.60664
G1 X119.039 Y132.389 E.49324
G1 X119.961 Y132.389 E.03121
G1 X119.961 Y145.021 E.42758
G1 X120.045 Y145.426 E.014
G1 X120.259 Y145.741 E.01289
G1 X120.574 Y145.955 E.01289
G1 X120.76 Y145.994 E.00643
M204 S4000
G1 X120.76 Y145.994 F15000
G1 X120.899 Y145.616
M204 S2500
G1 F3354
G1 X120.979 Y145.632 E.00276
G1 X135.021 Y145.632 E.4753
G1 X135.264 Y145.582 E.0084
G1 X135.453 Y145.453 E.00775
G1 X135.582 Y145.264 E.00775
G1 X135.632 Y145.021 E.0084
G1 X135.632 Y131.982 E.44135
G1 X137.368 Y131.982 E.05876
G1 X137.368 Y132.85 E.02938
G1 X137.368 Y147.368 E.49142
G1 X118.632 Y147.368 E.63419
G1 X118.632 Y131.982 E.5208
G1 X120.368 Y131.982 E.05876
G1 X120.368 Y145.021 E.44135
G1 X120.418 Y145.264 E.0084
G1 X120.547 Y145.453 E.00775
G1 X120.736 Y145.582 E.00775
G1 X120.84 Y145.603 E.00359
M204 S4000
G1 X120.84 Y145.603 F15000
G1 X120.979 Y145.225
M204 S2500
;TYPE:External perimeter
G1 F2700
G1 X135.021 Y145.225 E.4753
G1 X135.165 Y145.165 E.00528
G1 X135.225 Y145.021 E.00528
G1 X135.225 Y131.575 E.45513
G1 X137.775 Y131.575 E.08631
G1 X137.775 Y132.85 E.04316
G1 X137.775 Y147.775 E.50519
G1 X118.225 Y147.775 E.66174
G1 X118.225 Y131.575 E.54835
G1 X120.775 Y131.575 E.08631
G1 X120.775 Y145.021 E.45513
G1 X120.835 Y145.165 E.00528
G1 X120.923 Y145.202 E.00323
M204 S4000
G1 X121.323 Y145.222 F15000
G1 E-2 F2400
G1 X136.32 Y132.67 F15000
G1 E2 F2400
;TYPE:Solid infill
;WIDTH:0.401993
G1 F3300
G1 X136.32 Y145.017 E.36864
;WIDTH:0.449999
G1 X136.218 Y145.577 E.01927
G1 X135.956 Y145.956 E.0156
G1 X135.503 Y146.249 E.01826
G1 X135.017 Y146.32 E.01663
;WIDTH:0.401993
G1 X120.989 Y146.32 E.41883
;WIDTH:0.449999
G1 X120.493 Y146.246 E.01697
G1 X120.044 Y145.956 E.01809
G1 X119.751 Y145.503 E.01826
G1 X119.68 Y145.017 E.01663
;WIDTH:0.401994
G1 X119.68 Y132.67 E.36865
G1 X119.32 Y132.67 E.01075
G1 X119.32 Y145.017 E.36865
;WIDTH:0.449999
G1 X119.344 Y145.545 E.01789
G1 X119.344 Y146.656 E.03761
G1 X120.451 Y146.656 E.03747
G1 X120.989 Y146.68 E.01823
;WIDTH:0.401993
G1 X135.017 Y146.68 E.41883
;WIDTH:0.449999
G1 X135.545 Y146.656 E.01789
G1 X136.656 Y146.656 E.03761
G1 X136.656 Y145.545 E.03761
G1 X136.68 Y145.017 E.01789
;WIDTH:0.401993
G1 X136.68 Y132.67 E.36864
G1 X136.524 Y132.67 E.00466
G1 E-2 F2400
G1 X136.524 Y132.67 F15000
G1 X136.295 Y146.232
G1 E2 F2400
;WIDTH:0.455786
G1 F3300
G1 X136.259 Y146.196 E.00175
G1 X136.209 Y146.209 E.00177
G1 X136.196 Y146.259 E.00177
G1 X136.232 Y146.295 E.00175
G1 X136.282 Y146.282 E.00177
G1 E-2 F2400
G1 X119.804 Y146.232 F15000
G1 E2 F2400
;WIDTH:0.45578
G1 F3300
G1 X119.768 Y146.196 E.00175
G1 X119.718 Y146.209 E.00177
G1 X119.705 Y146.259 E.00177
G1 X119.741 Y146.295 E.00175
G1 X119.791 Y146.282 E.00177
;LAYER_CHANGE
;Z:4.65
;HEIGHT:0.2
G1 Z4.65 F15000
G1 X120.819 Y146.006
G1 Z4.65
M204 S2500
;TYPE:Perimeter
;WIDTH:0.449999
G1 F3015
G1 X120.979 Y146.039 E.00553
G1 X135.021 Y146.039 E.4753
G1 X135.426 Y145.955 E.014
G1 X135.741 Y145.741 E.01289
G1 X135.955 Y145.426 E.01289
G1 X136.039 Y145.021 E.014
G1 X136.039 Y132.589 E.42081
G1 X136.961 Y132.589 E.03121
G1 X136.961 Y133.05 E.0156
G1 X136.961 Y146.961 E.47087
G1 X119.039 Y146.961 E.60664
G1 X119.039 Y132.589 E.48647
G1 X119.961 Y132.589 E.03121
G1 X119.961 Y145.021 E.42081
G1 X120.045 Y145.426 E.014
G1 X120.259 Y145.741 E.01289
G1 X120.574 Y145.955 E.01289
G1 X120.76 Y145.994 E.00643
M204 S4000
G1 X120.76 Y145.994 F15000
G1 X120.899 Y145.616
M204 S2500
G1 F3015
G1 X120.979 Y145.632 E.00276
G1 X135.021 Y145.632 E.4753
G1 X135.264 Y145.582 E.0084
G1 X135.453 Y145.453 E.00775
G1 X135.582 Y145.264 E.00775
G1 X135.632 Y145.021 E.0084
G1 X135.632 Y132.182 E.43458
G1 X137.368 Y132.182 E.05876
G1 X137.368 Y133.05 E.02938
G1 X137.368 Y147.368 E.48465
G1 X118.632 Y147.368 E.63419
G1 X118.632 Y132.182 E.51403
G1 X120.368 Y132.182 E.05876
G1 X120.368 Y145.021 E.43458
G1 X120.418 Y145.264 E.0084
G1 X120.547 Y145.453 E.00775
G1 X120.736 Y145.582 E.00775
G1 X120.84 Y145.603 E.00359
M204 S4000
G1 X120.84 Y145.603 F15000
G1 X120.979 Y145.225
M204 S2500
;TYPE:External perimeter
G1 F2700
G1 X135.021 Y145.225 E.4753
G1 X135.165 Y145.165 E.00528
G1 X135.225 Y145.021 E.00528
G1 X135.225 Y131.775 E.44836
G1 X137.775 Y131.775 E.08631
G1 X137.775 Y133.05 E.04316
G1 X137.775 Y147.775 E.49842
G1 X118.225 Y147.775 E.66174
G1 X118.225 Y131.775 E.54158
G1 X120.775 Y131.775 E.08631
G1 X120.775 Y145.021 E.44836
G1 X120.835 Y145.165 E.00528
G1 X120.923 Y145.202 E.00323
M204 S4000
G1 X121.323 Y145.222 F15000
G1 E-2 F2400
G1 X119.32 Y144.814 F15000
G1 E2 F2400
;TYPE:Solid infill
;WIDTH:0.401993
G1 F3015
G1 X119.32 Y132.87 E.35661
G1 X119.68 Y132.87 E.01075
G1 X119.68 Y145.017 E.36267
;WIDTH:0.449999
G1 X119.751 Y145.503 E.01663
G1 X120.044 Y145.956 E.01826
G1 X120.493 Y146.246 E.01809
G1 X120.989 Y146.32 E.01697
;WIDTH:0.401993
G1 X135.017 Y146.32 E.41883
;WIDTH:0.449999
G1 X135.503 Y146.249 E.01663
G1 X135.926 Y145.98 E.01697
G1 X136.218 Y145.577 E.01685
G1 X136.32 Y145.017 E.01927
;WIDTH:0.401993
G1 X136.32 Y132.87 E.36267
G1 X136.68 Y132.87 E.01075
G1 X136.68 Y145.017 E.36267
;WIDTH:0.449999
G1 X136.656 Y145.545 E.01789
G1 X136.656 Y146.656 E.03761
G1 X135.545 Y146.656 E.03761
G1 X135.017 Y146.68 E.01789
;WIDTH:0.401993
G1 X120.989 Y146.68 E.41883
;WIDTH:0.449999
G1 X120.451 Y146.656 E.01823
G1 X119.344 Y146.656 E.03747
G1 X119.344 Y145.545 E.03761
G1 X119.32 Y145.017 E.01789
G1 X119.32 Y145.017 F15000
G1 X119.741 Y146.196
;WIDTH:0.455782
G1 F3015
G1 X119.705 Y146.232 E.00175
G1 X119.718 Y146.282 E.00177
G1 X119.768 Y146.295 E.00177
G1 X119.804 Y146.259 E.00175
G1 X119.791 Y146.209 E.00177
G1 E-2 F2400
G1 X136.232 Y146.196 F15000
G1 E2 F2400
;WIDTH:0.455784
G1 F3015
G1 X136.196 Y146.232 E.00175
G1 X136.209 Y146.282 E.00177
G1 X136.259 Y146.295 E.00177
G1 X136.295 Y146.259 E.00175
G1 X136.282 Y146.209 E.00177
;LAYER_CHANGE
;Z:4.85
;HEIGHT:0.2
G1 Z4.85 F15000
G1 E-2 F2400
G1 Z4.85 F15000
G1 X120.819 Y146.006
G1 Z4.85
G1 E2 F2400
M204 S2500
;TYPE:Perimeter
;WIDTH:0.449999
G1 F3255
G1 X120.979 Y146.039 E.00553
G1 X135.021 Y146.039 E.4753
G1 X135.426 Y145.955 E.014
G1 X135.741 Y145.741 E.01289
G1 X135.955 Y145.426 E.01289
G1 X136.039 Y145.021 E.014
G1 X136.039 Y132.789 E.41404
G1 X136.961 Y132.789 E.03121
G1 X136.961 Y133.25 E.0156
G1 X136.961 Y146.961 E.4641
G1 X119.039 Y146.961 E.60664
G1 X119.039 Y132.789 E.4797
G1 X119.961 Y132.789 E.03121
G1 X119.961 Y145.021 E.41404
G1 X120.045 Y145.426 E.014
G1 X120.259 Y145.741 E.01289
G1 X120.574 Y145.955 E.01289
G1 X120.76 Y145.994 E.00643
M204 S4000
G1 X120.76 Y145.994 F15000
G1 X120.899 Y145.616
M204 S2500
G1 F3255
G1 X120.979 Y145.632 E.00276
G1 X135.021 Y145.632 E.4753
G1 X135.264 Y145.582 E.0084
G1 X135.453 Y145.453 E.00775
G1 X135.582 Y145.264 E.00775
G1 X135.632 Y145.021 E.0084
G1 X135.632 Y132.382 E.42781
G1 X137.368 Y132.382 E.05876
G1 X137.368 Y133.25 E.02938
G1 X137.368 Y147.368 E.47788
G1 X118.632 Y147.368 E.63419
G1 X118.632 Y132.382 E.50726
G1 X120.368 Y132.382 E.05876
G1 X120.368 Y145.021 E.42781
G1 X120.418 Y145.264 E.0084
G1 X120.547 Y145.453 E.00775
G1 X120.736 Y145.582 E.00775
G1 X120.84 Y145.603 E.00359
M204 S4000
G1 X120.84 Y145.603 F15000
G1 X120.979 Y145.225
M204 S2500
;TYPE:External perimeter
G1 F2700
G1 X135.021 Y145.225 E.4753
G1 X135.165 Y145.165 E.00528
G1 X135.225 Y145.021 E.00528
G1 X135.225 Y131.975 E.44159
G1 X137.775 Y131.975 E.08631
G1 X137.775 Y133.25 E.04316
G1 X137.775 Y147.775 E.49165
G1 X118.225 Y147.775 E.66174
G1 X118.225 Y131.975 E.53481
G1 X120.775 Y131.975 E.08631
G1 X120.775 Y145.021 E.44159
G1 X120.835 Y145.165 E.00528
G1 X120.923 Y145.202 E.00323
M204 S4000
G1 X121.323 Y145.222 F15000
G1 E-2 F2400
G1 X136.32 Y133.07 F15000
G1 E2 F2400
;TYPE:Solid infill
;WIDTH:0.401993
G1 F3255
G1 X136.32 Y145.017 E.3567
;WIDTH:0.449999
G1 X136.218 Y145.577 E.01927
G1 X135.956 Y145.956 E.0156
G1 X135.503 Y146.249 E.01826
G1 X135.017 Y146.32 E.01663
;WIDTH:0.401993
G1 X120.989 Y146.32 E.41883
;WIDTH:0.449999
G1 X120.493 Y146.246 E.01697
G1 X120.044 Y145.956 E.01809
G1 X119.751 Y145.503 E.01826
G1 X119.68 Y145.017 E.01663
;WIDTH:0.401993
G1 X119.68 Y133.07 E.3567
G1 X119.32 Y133.07 E.01075
G1 X119.32 Y145.017 E.3567
;WIDTH:0.449999
G1 X119.344 Y145.545 E.01789
G1 X119.344 Y146.656 E.03761
G1 X120.451 Y146.656 E.03747
G1 X120.989 Y146.68 E.01823
;WIDTH:0.401993
G1 X135.017 Y146.68 E.41883
;WIDTH:0.449999
G1 X135.545 Y146.656 E.01789
G1 X136.656 Y146.656 E.03761
G1 X136.656 Y145.545 E.03761
G1 X136.68 Y145.017 E.01789
;WIDTH:0.401993
G1 X136.68 Y133.07 E.3567
G1 X136.524 Y133.07 E.00466
G1 E-2 F2400
G1 X136.524 Y133.07 F15000
G1 X136.295 Y146.232
G1 E2 F2400
;WIDTH:0.455784
G1 F3255
G1 X136.259 Y146.196 E.00175
G1 X136.209 Y146.209 E.00177
G1 X136.196 Y146.259 E.00177
G1 X136.232 Y146.295 E.00175
G1 X136.282 Y146.282 E.00177
G1 E-2 F2400
G1 X119.804 Y146.232 F15000
G1 E2 F2400
;WIDTH:0.45578
G1 F3255
G1 X119.768 Y146.196 E.00175
G1 X119.718 Y146.209 E.00177
G1 X119.705 Y146.259 E.00177
G1 X119.741 Y146.295 E.00175
G1 X119.791 Y146.282 E.00177
;LAYER_CHANGE
;Z:5.05
;HEIGHT:0.2
G1 Z5.05 F15000
G1 X120.819 Y146.006
G1 Z5.05
M204 S2500
;TYPE:Perimeter
;WIDTH:0.449999
G1 F2944
G1 X120.979 Y146.039 E.00553
G1 X135.021 Y146.039 E.4753
G1 X135.426 Y145.955 E.014
G1 X135.741 Y145.741 E.01289
G1 X135.955 Y145.426 E.01289
G1 X136.039 Y145.021 E.014
G1 X136.039 Y132.989 E.40727
G1 X136.961 Y132.989 E.03121
G1 X136.961 Y133.45 E.0156
G1 X136.961 Y146.961 E.45733
G1 X119.039 Y146.961 E.60664
G1 X119.039 Y132.989 E.47293
G1 X119.961 Y132.989 E.03121
G1 X119.961 Y145.021 E.40727
G1 X120.045 Y145.426 E.014
G1 X120.259 Y145.741 E.01289
G1 X120.574 Y145.955 E.01289
G1 X120.76 Y145.994 E.00643
M204 S4000
G1 X120.76 Y145.994 F15000
G1 X120.899 Y145.616
M204 S2500
G1 F2944
G1 X120.979 Y145.632 E.00276
G1 X135.021 Y145.632 E.4753
G1 X135.264 Y145.582 E.0084
G1 X135.453 Y145.453 E.00775
G1 X135.582 Y145.264 E.00775
G1 X135.632 Y145.021 E.0084
G1 X135.632 Y132.582 E.42104
G1 X137.368 Y132.582 E.05876
G1 X137.368 Y133.45 E.02938
G1 X137.368 Y147.368 E.47111
G1 X118.632 Y147.368 E.63419
G1 X118.632 Y132.582 E.50049
G1 X120.368 Y132.582 E.05876
G1 X120.368 Y145.021 E.42104
G1 X120.418 Y145.264 E.0084
G1 X120.547 Y145.453 E.00775
G1 X120.736 Y145.582 E.00775
G1 X120.84 Y145.603 E.00359
M204 S4000
G1 X120.84 Y145.603 F15000
G1 X120.979 Y145.225
M204 S2500
;TYPE:External perimeter
G1 F2700
G1 X135.021 Y145.225 E.4753
G1 X135.165 Y145.165 E.00528
G1 X135.225 Y145.021 E.00528
G1 X135.225 Y132.175 E.43482
G1 X137.775 Y132.175 E.08631
G1 X137.775 Y133.45 E.04316
G1 X137.775 Y147.775 E.48488
G1 X118.225 Y147.775 E.66174
G1 X118.225 Y132.175 E.52804
G1 X120.775 Y132.175 E.08631
G1 X120.775 Y145.021 E.43482
G1 X120.835 Y145.165 E.00528
G1 X120.923 Y145.202 E.00323
M204 S4000
G1 X121.323 Y145.222 F15000
G1 E-2 F2400
G1 X119.32 Y144.814 F15000
G1 E2 F2400
;TYPE:Solid infill
;WIDTH:0.401993
G1 F2944
G1 X119.32 Y133.27 E.34467
G1 X119.68 Y133.27 E.01075
G1 X119.68 Y145.017 E.35073
;WIDTH:0.449999
G1 X119.751 Y145.503 E.01663
G1 X120.044 Y145.956 E.01826
G1 X120.493 Y146.246 E.01809
G1 X120.989 Y146.32 E.01697
;WIDTH:0.401993
G1 X135.017 Y146.32 E.41883
;WIDTH:0.449999
G1 X135.503 Y146.249 E.01663
G1 X135.926 Y145.98 E.01697
G1 X136.218 Y145.577 E.01685
G1 X136.32 Y145.017 E.01927
;WIDTH:0.401993
G1 X136.32 Y133.27 E.35073
G1 X136.68 Y133.27 E.01075
G1 X136.68 Y145.017 E.35073
;WIDTH:0.449999
G1 X136.656 Y145.545 E.01789
G1 X136.656 Y146.656 E.03761
G1 X135.545 Y146.656 E.03761
G1 X135.017 Y146.68 E.01789
;WIDTH:0.401993
G1 X120.989 Y146.68 E.41883
;WIDTH:0.449999
G1 X120.451 Y146.656 E.01823
G1 X119.344 Y146.656 E.03747
G1 X119.344 Y145.545 E.03761
G1 X119.32 Y145.017 E.01789
G1 X119.32 Y145.017 F15000
G1 X119.741 Y146.196
;WIDTH:0.455782
G1 F2944
G1 X119.705 Y146.232 E.00175
G1 X119.718 Y146.282 E.00177
G1 X119.768 Y146.295 E.00177
G1 X119.804 Y146.259 E.00175
G1 X119.791 Y146.209 E.00177
G1 E-2 F2400
G1 X136.232 Y146.196 F15000
G1 E2 F2400
;WIDTH:0.455784
G1 F2944
G1 X136.196 Y146.232 E.00175
G1 X136.209 Y146.282 E.00177
G1 X136.259 Y146.295 E.00177
G1 X136.295 Y146.259 E.00175
G1 X136.282 Y146.209 E.00177
;LAYER_CHANGE
;Z:5.25
;HEIGHT:0.2
G1 Z5.25 F15000
G1 E-2 F2400
G1 Z5.25 F15000
G1 X120.819 Y146.006
G1 Z5.25
G1 E2 F2400
M204 S2500
;TYPE:Perimeter
;WIDTH:0.449999
G1 F3176
G1 X120.979 Y146.039 E.00553
G1 X135.021 Y146.039 E.4753
G1 X135.426 Y145.955 E.014
G1 X135.741 Y145.741 E.01289
G1 X135.955 Y145.426 E.01289
G1 X136.039 Y145.021 E.014
G1 X136.039 Y133.189 E.4005
G1 X136.961 Y133.189 E.03121
G1 X136.961 Y133.65 E.0156
G1 X136.961 Y146.961 E.45056
G1 X119.039 Y146.961 E.60664
G1 X119.039 Y133.189 E.46617
G1 X119.961 Y133.189 E.03121
G1 X119.961 Y145.021 E.4005
G1 X120.045 Y145.426 E.014
G1 X120.259 Y145.741 E.01289
G1 X120.574 Y145.955 E.01289
G1 X120.76 Y145.994 E.00643
M204 S4000
G1 X120.76 Y145.994 F15000
G1 X120.899 Y145.616
M204 S2500
G1 F3176
G1 X120.979 Y145.632 E.00276
G1 X135.021 Y145.632 E.4753
G1 X135.264 Y145.582 E.0084
G1 X135.453 Y145.453 E.00775
G1 X135.582 Y145.264 E.00775
G1 X135.632 Y145.021 E.0084
G1 X135.632 Y132.782 E.41427
G1 X137.368 Y132.782 E.05876
G1 X137.368 Y133.65 E.02938
G1 X137.368 Y147.368 E.46434
G1 X118.632 Y147.368 E.63419
G1 X118.632 Y132.782 E.49372
G1 X120.368 Y132.782 E.05876
G1 X120.368 Y145.021 E.41427
G1 X120.418 Y145.264 E.0084
G1 X120.547 Y145.453 E.00775
G1 X120.736 Y145.582 E.00775
G1 X120.84 Y145.603 E.00359
M204 S4000
G1 X120.84 Y145.603 F15000
G1 X120.979 Y145.225
M204 S2500
;TYPE:External perimeter
G1 F2700
G1 X135.021 Y145.225 E.4753
G1 X135.165 Y145.165 E.00528
G1 X135.225 Y145.021 E.00528
G1 X135.225 Y132.375 E.42805
G1 X137.775 Y132.375 E.08631
G1 X137.775 Y133.65 E.04316
G1 X137.775 Y147.775 E.47811
G1 X118.225 Y147.775 E.66174
G1 X118.225 Y132.375 E.52127
G1 X120.775 Y132.375 E.08631
G1 X120.775 Y145.021 E.42805
G1 X120.835 Y145.165 E.00528
G1 X120.923 Y145.202 E.00323
M204 S4000
G1 X121.323 Y145.222 F15000
G1 E-2 F2400
G1 X136.32 Y133.47 F15000
G1 E2 F2400
;TYPE:Solid infill
;WIDTH:0.401991
G1 F3176
G1 X136.32 Y145.017 E.34476
;WIDTH:0.449999
G1 X136.218 Y145.577 E.01927
G1 X135.956 Y145.956 E.0156
G1 X135.503 Y146.249 E.01826
G1 X135.017 Y146.32 E.01663
;WIDTH:0.401993
G1 X120.989 Y146.32 E.41883
;WIDTH:0.449999
G1 X120.493 Y146.246 E.01697
G1 X120.044 Y145.956 E.01809
G1 X119.751 Y145.503 E.01826
G1 X119.68 Y145.017 E.01663
;WIDTH:0.401994
G1 X119.68 Y133.47 E.34476
G1 X119.32 Y133.47 E.01075
G1 X119.32 Y145.017 E.34476
;WIDTH:0.449999
G1 X119.344 Y145.545 E.01789
G1 X119.344 Y146.656 E.03761
G1 X120.451 Y146.656 E.03747
G1 X120.989 Y146.68 E.01823
;WIDTH:0.401993
G1 X135.017 Y146.68 E.41883
;WIDTH:0.449999
G1 X135.545 Y146.656 E.01789
G1 X136.656 Y146.656 E.03761
G1 X136.656 Y145.545 E.03761
G1 X136.68 Y145.017 E.01789
;WIDTH:0.401993
G1 X136.68 Y133.47 E.34476
G1 X136.524 Y133.47 E.00466
G1 E-2 F2400
G1 X136.524 Y133.47 F15000
G1 X136.295 Y146.232
G1 E2 F2400
;WIDTH:0.455784
G1 F3176
G1 X136.259 Y146.196 E.00175
G1 X136.209 Y146.209 E.00177
G1 X136.196 Y146.259 E.00177
G1 X136.232 Y146.295 E.00175
G1 X136.282 Y146.282 E.00177
G1 E-2 F2400
G1 X119.804 Y146.232 F15000
G1 E2 F2400
;WIDTH:0.45578
G1 F3176
G1 X119.768 Y146.196 E.00175
G1 X119.718 Y146.209 E.00177
G1 X119.705 Y146.259 E.00177
G1 X119.741 Y146.295 E.00175
G1 X119.791 Y146.282 E.00177
;LAYER_CHANGE
;Z:5.45
;HEIGHT:0.2
G1 Z5.45 F15000
G1 X120.819 Y146.006
G1 Z5.45
M204 S2500
;TYPE:Perimeter
;WIDTH:0.449999
G1 F2873
G1 X120.979 Y146.039 E.00553
G1 X135.021 Y146.039 E.4753
G1 X135.426 Y145.955 E.014
G1 X135.741 Y145.741 E.01289
G1 X135.955 Y145.426 E.01289
G1 X136.039 Y145.021 E.014
G1 X136.039 Y133.389 E.39373
G1 X136.961 Y133.389 E.03121
G1 X136.961 Y133.85 E.0156
G1 X136.961 Y146.961 E.44379
G1 X119.039 Y146.961 E.60664
G1 X119.039 Y133.389 E.4594
G1 X119.961 Y133.389 E.03121
G1 X119.961 Y145.021 E.39373
G1 X120.045 Y145.426 E.014
G1 X120.259 Y145.741 E.01289
G1 X120.574 Y145.955 E.01289
G1 X120.76 Y145.994 E.00643
M204 S4000
G1 X120.76 Y145.994 F15000
G1 X120.899 Y145.616
M204 S2500
G1 F2873
G1 X120.979 Y145.632 E.00276
G1 X135.021 Y145.632 E.4753
G1 X135.264 Y145.582 E.0084
G1 X135.453 Y145.453 E.00775
G1 X135.582 Y145.264 E.00775
G1 X135.632 Y145.021 E.0084
G1 X135.632 Y132.982 E.40751
G1 X137.368 Y132.982 E.05876
G1 X137.368 Y133.85 E.02938
G1 X137.368 Y147.368 E.45757
G1 X118.632 Y147.368 E.63419
G1 X118.632 Y132.982 E.48695
G1 X120.368 Y132.982 E.05876
G1 X120.368 Y145.021 E.40751
G1 X120.418 Y145.264 E.0084
G1 X120.547 Y145.453 E.00775
G1 X120.736 Y145.582 E.00775
G1 X120.84 Y145.603 E.00359
M204 S4000
G1 X120.84 Y145.603 F15000
G1 X120.979 Y145.225
M204 S2500
;TYPE:External perimeter
G1 F2700
G1 X135.021 Y145.225 E.4753
G1 X135.165 Y145.165 E.00528
G1 X135.225 Y145.021 E.00528
G1 X135.225 Y132.575 E.42128
G1 X137.775 Y132.575 E.08631
G1 X137.775 Y133.85 E.04316
G1 X137.775 Y147.775 E.47134
G1 X118.225 Y147.775 E.66174
G1 X118.225 Y132.575 E.5145
G1 X120.775 Y132.575 E.08631
G1 X120.775 Y145.021 E.42128
G1 X120.835 Y145.165 E.00528
G1 X120.923 Y145.202 E.00323
M204 S4000
G1 X121.323 Y145.222 F15000
G1 E-2 F2400
G1 X119.32 Y144.814 F15000
G1 E2 F2400
;TYPE:Solid infill
;WIDTH:0.401993
G1 F2873
G1 X119.32 Y133.67 E.33273
G1 X119.68 Y133.67 E.01075
G1 X119.68 Y145.017 E.33879
;WIDTH:0.449999
G1 X119.751 Y145.503 E.01663
G1 X120.044 Y145.956 E.01826
G1 X120.493 Y146.246 E.01809
G1 X120.989 Y146.32 E.01697
;WIDTH:0.401993
G1 X135.017 Y146.32 E.41883
;WIDTH:0.449999
G1 X135.503 Y146.249 E.01663
G1 X135.926 Y145.98 E.01697
G1 X136.218 Y145.577 E.01685
G1 X136.32 Y145.017 E.01927
;WIDTH:0.401993
G1 X136.32 Y133.67 E.33879
G1 X136.68 Y133.67 E.01075
G1 X136.68 Y145.017 E.33879
;WIDTH:0.449999
G1 X136.656 Y145.545 E.01789
G1 X136.656 Y146.656 E.03761
G1 X135.545 Y146.656 E.03761
G1 X135.017 Y146.68 E.01789
;WIDTH:0.401993
G1 X120.989 Y146.68 E.41883
;WIDTH:0.449999
G1 X120.451 Y146.656 E.01823
G1 X119.344 Y146.656 E.03747
G1 X119.344 Y145.545 E.03761
G1 X119.32 Y145.017 E.01789
G1 X119.32 Y145.017 F15000
G1 X119.741 Y146.196
;WIDTH:0.455782
G1 F2873
G1 X119.705 Y146.232 E.00175
G1 X119.718 Y146.282 E.00177
G1 X119.768 Y146.295 E.00177
G1 X119.804 Y146.259 E.00175
G1 X119.791 Y146.209 E.00177
G1 E-2 F2400
G1 X136.232 Y146.196 F15000
G1 E2 F2400
;WIDTH:0.455784
G1 F2873
G1 X136.196 Y146.232 E.00175
G1 X136.209 Y146.282 E.00177
G1 X136.259 Y146.295 E.00177
G1 X136.295 Y146.259 E.00175
G1 X136.282 Y146.209 E.00177
;LAYER_CHANGE
;Z:5.65
;HEIGHT:0.2
G1 Z5.65 F15000
G1 E-2 F2400
G1 Z5.65 F15000
G1 X120.819 Y146.006
G1 Z5.65
G1 E2 F2400
M204 S2500
;TYPE:Perimeter
;WIDTH:0.449999
G1 F3097
G1 X120.979 Y146.039 E.00553
G1 X135.021 Y146.039 E.4753
G1 X135.426 Y145.955 E.014
G1 X135.741 Y145.741 E.01289
G1 X135.955 Y145.426 E.01289
G1 X136.039 Y145.021 E.014
G1 X136.039 Y133.589 E.38696
G1 X136.961 Y133.589 E.03121
G1 X136.961 Y134.05 E.0156
G1 X136.961 Y146.961 E.43702
G1 X119.039 Y146.961 E.60664
G1 X119.039 Y133.589 E.45263
G1 X119.961 Y133.589 E.03121
G1 X119.961 Y145.021 E.38696
G1 X120.045 Y145.426 E.014
G1 X120.259 Y145.741 E.01289
G1 X120.574 Y145.955 E.01289
G1 X120.76 Y145.994 E.00643
M204 S4000
G1 X120.76 Y145.994 F15000
G1 X120.899 Y145.616
M204 S2500
G1 F3097
G1 X120.979 Y145.632 E.00276
G1 X135.021 Y145.632 E.4753
G1 X135.264 Y145.582 E.0084
G1 X135.453 Y145.453 E.00775
G1 X135.582 Y145.264 E.00775
G1 X135.632 Y145.021 E.0084
G1 X135.632 Y133.182 E.40074
G1 X137.368 Y133.182 E.05876
G1 X137.368 Y134.05 E.02938
G1 X137.368 Y147.368 E.4508
G1 X118.632 Y147.368 E.63419
G1 X118.632 Y133.182 E.48018
G1 X120.368 Y133.182 E.05876
G1 X120.368 Y145.021 E.40074
G1 X120.418 Y145.264 E.0084
G1 X120.547 Y145.453 E.00775
G1 X120.736 Y145.582 E.00775
G1 X120.84 Y145.603 E.00359
M204 S4000
G1 X120.84 Y145.603 F15000
G1 X120.979 Y145.225
M204 S2500
;TYPE:External perimeter
G1 F2700
G1 X135.021 Y145.225 E.4753
G1 X135.165 Y145.165 E.00528
G1 X135.225 Y145.021 E.00528
G1 X135.225 Y132.775 E.41451
G1 X137.775 Y132.775 E.08631
G1 X137.775 Y134.05 E.04316
G1 X137.775 Y147.775 E.46457
G1 X118.225 Y147.775 E.66174
G1 X118.225 Y132.775 E.50773
G1 X120.775 Y132.775 E.08631
G1 X120.775 Y145.021 E.41451
G1 X120.835 Y145.165 E.00528
G1 X120.923 Y145.202 E.00323
M204 S4000
G1 X121.323 Y145.222 F15000
G1 E-2 F2400
G1 X136.32 Y133.87 F15000
G1 E2 F2400
;TYPE:Solid infill
;WIDTH:0.401993
G1 F3097
G1 X136.32 Y145.017 E.33282
;WIDTH:0.449999
G1 X136.218 Y145.577 E.01927
G1 X135.956 Y145.956 E.0156
G1 X135.503 Y146.249 E.01826
G1 X135.017 Y146.32 E.01663
;WIDTH:0.401993
G1 X120.989 Y146.32 E.41883
;WIDTH:0.449999
G1 X120.493 Y146.246 E.01697
G1 X120.044 Y145.956 E.01809
G1 X119.751 Y145.503 E.01826
G1 X119.68 Y145.017 E.01663
;WIDTH:0.401994
G1 X119.68 Y133.87 E.33282
G1 X119.32 Y133.87 E.01075
G1 X119.32 Y145.017 E.33282
;WIDTH:0.449999
G1 X119.344 Y145.545 E.01789
G1 X119.344 Y146.656 E.03761
G1 X120.451 Y146.656 E.03747
G1 X120.989 Y146.68 E.01823
;WIDTH:0.401993
G1 X135.017 Y146.68 E.41883
;WIDTH:0.449999
G1 X135.545 Y146.656 E.01789
G1 X136.656 Y146.656 E.03761
G1 X136.656 Y145.545 E.03761
G1 X136.68 Y145.017 E.01789
;WIDTH:0.401993
G1 X136.68 Y133.87 E.33282
G1 X136.524 Y133.87 E.00466
G1 E-2 F2400
G1 X136.524 Y133.87 F15000
G1 X136.295 Y146.232
G1 E2 F2400
;WIDTH:0.455784
G1 F3097
G1 X136.259 Y146.196 E.00175
G1 X136.209 Y146.209 E.00177
G1 X136.196 Y146.259 E.00177
G1 X136.232 Y146.295 E.00175
G1 X136.282 Y146.282 E.00177
G1 E-2 F2400
G1 X119.804 Y146.232 F15000
G1 E2 F2400
;WIDTH:0.45578
G1 F3097
G1 X119.768 Y146.196 E.00175
G1 X119.718 Y146.209 E.00177
G1 X119.705 Y146.259 E.00177
G1 X119.741 Y146.295 E.00175
G1 X119.791 Y146.282 E.00177
;LAYER_CHANGE
;Z:5.85
;HEIGHT:0.2
G1 Z5.85 F15000
G1 X120.819 Y146.006
G1 Z5.85
M204 S2500
;TYPE:Perimeter
;WIDTH:0.449999
G1 F2804
G1 X120.979 Y146.039 E.00553
G1 X135.021 Y146.039 E.4753
G1 X135.426 Y145.955 E.014
G1 X135.741 Y145.741 E.01289
G1 X135.955 Y145.426 E.01289
G1 X136.039 Y145.021 E.014
G1 X136.039 Y133.789 E.38019
G1 X136.961 Y133.789 E.03121
G1 X136.961 Y134.25 E.0156
G1 X136.961 Y146.961 E.43025
G1 X119.039 Y146.961 E.60664
G1 X119.039 Y133.789 E.44586
G1 X119.961 Y133.789 E.03121
G1 X119.961 Y145.021 E.38019
G1 X120.045 Y145.426 E.014
G1 X120.259 Y145.741 E.01289
G1 X120.574 Y145.955 E.01289
G1 X120.76 Y145.994 E.00643
M204 S4000
G1 X120.76 Y145.994 F15000
G1 X120.899 Y145.616
M204 S2500
G1 F2804
G1 X120.979 Y145.632 E.00276
G1 X135.021 Y145.632 E.4753
G1 X135.264 Y145.582 E.0084
G1 X135.453 Y145.453 E.00775
G1 X135.582 Y145.264 E.00775
G1 X135.632 Y145.021 E.0084
G1 X135.632 Y133.382 E.39397
G1 X137.368 Y133.382 E.05876
G1 X137.368 Y134.25 E.02938
G1 X137.368 Y147.368 E.44403
G1 X118.632 Y147.368 E.63419
G1 X118.632 Y133.382 E.47341
G1 X120.368 Y133.382 E.05876
G1 X120.368 Y145.021 E.39397
G1 X120.418 Y145.264 E.0084
G1 X120.547 Y145.453 E.00775
G1 X120.736 Y145.582 E.00775
G1 X120.84 Y145.603 E.00359
M204 S4000
G1 X120.84 Y145.603 F15000
G1 X120.979 Y145.225
M204 S2500
;TYPE:External perimeter
G1 F2700
G1 X135.021 Y145.225 E.4753
G1 X135.165 Y145.165 E.00528
G1 X135.225 Y145.021 E.00528
G1 X135.225 Y132.975 E.40774
G1 X137.775 Y132.975 E.08631
G1 X137.775 Y134.25 E.04316
G1 X137.775 Y147.775 E.4578
G1 X118.225 Y147.775 E.66174
G1 X118.225 Y132.975 E.50096
G1 X120.775 Y132.975 E.08631
G1 X120.775 Y145.021 E.40774
G1 X120.835 Y145.165 E.00528
G1 X120.923 Y145.202 E.00323
M204 S4000
G1 X121.323 Y145.222 F15000
G1 E-2 F2400
G1 X119.32 Y144.814 F15000
G1 E2 F2400
;TYPE:Solid infill
;WIDTH:0.401993
G1 F2804
G1 X119.32 Y134.07 E.32078
G1 X119.68 Y134.07 E.01075
G1 X119.68 Y145.017 E.32685
;WIDTH:0.449999
G1 X119.751 Y145.503 E.01663
G1 X120.044 Y145.956 E.01826
G1 X120.493 Y146.246 E.01809
G1 X120.989 Y146.32 E.01697
;WIDTH:0.401993
G1 X135.017 Y146.32 E.41883
;WIDTH:0.449999
G1 X135.503 Y146.249 E.01663
G1 X135.926 Y145.98 E.01697
G1 X136.218 Y145.577 E.01685
G1 X136.32 Y145.017 E.01927
;WIDTH:0.401993
G1 X136.32 Y134.07 E.32685
G1 X136.68 Y134.07 E.01075
G1 X136.68 Y145.017 E.32685
;WIDTH:0.449999
G1 X136.656 Y145.545 E.01789
G1 X136.656 Y146.656 E.03761
G1 X135.545 Y146.656 E.03761
G1 X135.017 Y146.68 E.01789
;WIDTH:0.401993
G1 X120.989 Y146.68 E.41883
;WIDTH:0.449999
G1 X120.451 Y146.656 E.01823
G1 X119.344 Y146.656 E.03747
G1 X119.344 Y145.545 E.03761
G1 X119.32 Y145.017 E.01789
G1 X119.32 Y145.017 F15000
G1 X119.741 Y146.196
;WIDTH:0.455782
G1 F2804
G1 X119.705 Y146.232 E.00175
G1 X119.718 Y146.282 E.00177
G1 X119.768 Y146.295 E.00177
G1 X119.804 Y146.259 E.00175
G1 X119.791 Y146.209 E.00177
G1 E-2 F2400
G1 X136.232 Y146.196 F15000
G1 E2 F2400
;WIDTH:0.455784
G1 F2804
G1 X136.196 Y146.232 E.00175
G1 X136.209 Y146.282 E.00177
G1 X136.259 Y146.295 E.00177
G1 X136.295 Y146.259 E.00175
G1 X136.282 Y146.209 E.00177
;LAYER_CHANGE
;Z:6.05
;HEIGHT:0.2
G1 Z6.05 F15000
G1 E-2 F2400
G1 Z6.05 F15000
G1 X120.819 Y146.006
G1 Z6.05
G1 E2 F2400
M204 S2500
;TYPE:Perimeter
;WIDTH:0.449999
G1 F3020
G1 X120.979 Y146.039 E.00553
G1 X135.021 Y146.039 E.4753
G1 X135.426 Y145.955 E.014
G1 X135.741 Y145.741 E.01289
G1 X135.955 Y145.426 E.01289
G1 X136.039 Y145.021 E.014
G1 X136.039 Y133.989 E.37342
G1 X136.961 Y133.989 E.03121
G1 X136.961 Y134.45 E.0156
G1 X136.961 Y146.961 E.42348
G1 X119.039 Y146.961 E.60664
G1 X119.039 Y133.989 E.43909
G1 X119.961 Y133.989 E.03121
G1 X119.961 Y145.021 E.37342
G1 X120.045 Y145.426 E.014
G1 X120.259 Y145.741 E.01289
G1 X120.574 Y145.955 E.01289
G1 X120.76 Y145.994 E.00643
M204 S4000
G1 X120.76 Y145.994 F15000
G1 X120.899 Y145.616
M204 S2500
G1 F3020
G1 X120.979 Y145.632 E.00276
G1 X135.021 Y145.632 E.4753
G1 X135.264 Y145.582 E.0084
G1 X135.453 Y145.453 E.00775
G1 X135.582 Y145.264 E.00775
G1 X135.632 Y145.021 E.0084
G1 X135.632 Y133.582 E.3872
G1 X137.368 Y133.582 E.05876
G1 X137.368 Y134.45 E.02938
G1 X137.368 Y147.368 E.43726
G1 X118.632 Y147.368 E.63419
G1 X118.632 Y133.582 E.46664
G1 X120.368 Y133.582 E.05876
G1 X120.368 Y145.021 E.3872
G1 X120.418 Y145.264 E.0084
G1 X120.547 Y145.453 E.00775
G1 X120.736 Y145.582 E.00775
G1 X120.84 Y145.603 E.00359
M204 S4000
G1 X120.84 Y145.603 F15000
G1 X120.979 Y145.225
M204 S2500
;TYPE:External perimeter
G1 F2700
G1 X135.021 Y145.225 E.4753
G1 X135.165 Y145.165 E.00528
G1 X135.225 Y145.021 E.00528
G1 X135.225 Y133.175 E.40097
G1 X137.775 Y133.175 E.08631
G1 X137.775 Y134.45 E.04316
G1 X137.775 Y147.775 E.45103
G1 X118.225 Y147.775 E.66174
G1 X118.225 Y133.175 E.49419
G1 X120.775 Y133.175 E.08631
G1 X120.775 Y145.021 E.40097
G1 X120.835 Y145.165 E.00528
G1 X120.923 Y145.202 E.00323
M204 S4000
G1 X121.323 Y145.222 F15000
G1 E-2 F2400
G1 X136.32 Y134.27 F15000
G1 E2 F2400
;TYPE:Solid infill
;WIDTH:0.401993
G1 F3020
G1 X136.32 Y145.017 E.32087
;WIDTH:0.449999
G1 X136.218 Y145.577 E.01927
G1 X135.956 Y145.956 E.0156
G1 X135.503 Y146.249 E.01826
G1 X135.017 Y146.32 E.01663
;WIDTH:0.401993
G1 X120.989 Y146.32 E.41883
;WIDTH:0.449999
G1 X120.493 Y146.246 E.01697
G1 X120.044 Y145.956 E.01809
G1 X119.751 Y145.503 E.01826
G1 X119.68 Y145.017 E.01663
;WIDTH:0.401994
G1 X119.68 Y134.27 E.32087
G1 X119.32 Y134.27 E.01075
G1 X119.32 Y145.017 E.32087
;WIDTH:0.449999
G1 X119.344 Y145.545 E.01789
G1 X119.344 Y146.656 E.03761
G1 X120.451 Y146.656 E.03747
G1 X120.989 Y146.68 E.01823
;WIDTH:0.401993
G1 X135.017 Y146.68 E.41883
;WIDTH:0.449999
G1 X135.545 Y146.656 E.01789
G1 X136.656 Y146.656 E.03761
G1 X136.656 Y145.545 E.03761
G1 X136.68 Y145.017 E.01789
;WIDTH:0.401993
G1 X136.68 Y134.27 E.32087
G1 X136.524 Y134.27 E.00466
G1 E-2 F2400
G1 X136.524 Y134.27 F15000
G1 X136.295 Y146.232
G1 E2 F2400
;WIDTH:0.455784
G1 F3020
G1 X136.259 Y146.196 E.00175
G1 X136.209 Y146.209 E.00177
G1 X136.196 Y146.259 E.00177
G1 X136.232 Y146.295 E.00175
G1 X136.282 Y146.282 E.00177
G1 E-2 F2400
G1 X119.804 Y146.232 F15000
G1 E2 F2400
;WIDTH:0.45578
G1 F3020
G1 X119.768 Y146.196 E.00175
G1 X119.718 Y146.209 E.00177
G1 X119.705 Y146.259 E.00177
G1 X119.741 Y146.295 E.00175
G1 X119.791 Y146.282 E.00177
;LAYER_CHANGE
;Z:6.25
;HEIGHT:0.2
G1 Z6.25 F15000
G1 X120.819 Y146.006
G1 Z6.25
M204 S2500
;TYPE:Perimeter
;WIDTH:0.449999
G1 F2736
G1 X120.979 Y146.039 E.00553
G1 X135.021 Y146.039 E.4753
G1 X135.426 Y145.955 E.014
G1 X135.741 Y145.741 E.01289
G1 X135.955 Y145.426 E.01289
G1 X136.039 Y145.021 E.014
G1 X136.039 Y134.189 E.36665
G1 X136.961 Y134.189 E.03121
G1 X136.961 Y134.65 E.0156
G1 X136.961 Y146.961 E.41671
G1 X119.039 Y146.961 E.60664
G1 X119.039 Y134.189 E.43232
G1 X119.961 Y134.189 E.03121
G1 X119.961 Y145.021 E.36665
G1 X120.045 Y145.426 E.014
G1 X120.259 Y145.741 E.01289
G1 X120.574 Y145.955 E.01289
G1 X120.76 Y145.994 E.00643
M204 S4000
G1 X120.76 Y145.994 F15000
G1 X120.899 Y145.616
M204 S2500
G1 F2736
G1 X120.979 Y145.632 E.00276
G1 X135.021 Y145.632 E.4753
G1 X135.264 Y145.582 E.0084
G1 X135.453 Y145.453 E.00775
G1 X135.582 Y145.264 E.00775
G1 X135.632 Y145.021 E.0084
G1 X135.632 Y133.782 E.38043
G1 X137.368 Y133.782 E.05876
G1 X137.368 Y134.65 E.02938
G1 X137.368 Y147.368 E.43049
G1 X118.632 Y147.368 E.63419
G1 X118.632 Y133.782 E.45987
G1 X120.368 Y133.782 E.05876
G1 X120.368 Y145.021 E.38043
G1 X120.418 Y145.264 E.0084
G1 X120.547 Y145.453 E.00775
G1 X120.736 Y145.582 E.00775
G1 X120.84 Y145.603 E.00359
M204 S4000
G1 X120.84 Y145.603 F15000
G1 X120.979 Y145.225
M204 S2500
;TYPE:External perimeter
G1 F2700
G1 X135.021 Y145.225 E.4753
G1 X135.165 Y145.165 E.00528
G1 X135.225 Y145.021 E.00528
G1 X135.225 Y133.375 E.3942
G1 X137.775 Y133.375 E.08631
G1 X137.775 Y134.65 E.04316
G1 X137.775 Y147.775 E.44426
G1 X118.225 Y147.775 E.66174
G1 X118.225 Y133.375 E.48742
G1 X120.775 Y133.375 E.08631
G1 X120.775 Y145.021 E.3942
G1 X120.835 Y145.165 E.00528
G1 X120.923 Y145.202 E.00323
M204 S4000
G1 X121.323 Y145.222 F15000
G1 E-2 F2400
G1 X119.32 Y144.814 F15000
G1 E2 F2400
;TYPE:Solid infill
;WIDTH:0.401993
G1 F2736
G1 X119.32 Y134.47 E.30884
G1 X119.68 Y134.47 E.01075
G1 X119.68 Y145.017 E.3149
;WIDTH:0.449999
G1 X119.751 Y145.503 E.01663
G1 X120.044 Y145.956 E.01826
G1 X120.493 Y146.246 E.01809
G1 X120.989 Y146.32 E.01697
;WIDTH:0.401993
G1 X135.017 Y146.32 E.41883
;WIDTH:0.449999
G1 X135.503 Y146.249 E.01663
G1 X135.926 Y145.98 E.01697
G1 X136.218 Y145.577 E.01685
G1 X136.32 Y145.017 E.01927
;WIDTH:0.401993
G1 X136.32 Y134.47 E.3149
G1 X136.68 Y134.47 E.01075
G1 X136.68 Y145.017 E.3149
;WIDTH:0.449999
G1 X136.656 Y145.545 E.01789
G1 X136.656 Y146.656 E.03761
G1 X135.545 Y146.656 E.03761
G1 X135.017 Y146.68 E.01789
;WIDTH:0.401993
G1 X120.989 Y146.68 E.41883
;WIDTH:0.449999
G1 X120.451 Y146.656 E.01823
G1 X119.344 Y146.656 E.03747
G1 X119.344 Y145.545 E.03761
G1 X119.32 Y145.017 E.01789
G1 X119.32 Y145.017 F15000
G1 X119.741 Y146.196
;WIDTH:0.455782
G1 F2736
G1 X119.705 Y146.232 E.00175
G1 X119.718 Y146.282 E.00177
G1 X119.768 Y146.295 E.00177
G1 X119.804 Y146.259 E.00175
G1 X119.791 Y146.209 E.00177
G1 E-2 F2400
G1 X136.232 Y146.196 F15000
G1 E2 F2400
;WIDTH:0.455784
G1 F2736
G1 X136.196 Y146.232 E.00175
G1 X136.209 Y146.282 E.00177
G1 X136.259 Y146.295 E.00177
G1 X136.295 Y146.259 E.00175
G1 X136.282 Y146.209 E.00177
;LAYER_CHANGE
;Z:6.45
;HEIGHT:0.2
G1 Z6.45 F15000
G1 E-2 F2400
G1 Z6.45 F15000
G1 X120.819 Y146.006
G1 Z6.45
G1 E2 F2400
M204 S2500
;TYPE:Perimeter
;WIDTH:0.449999
G1 F2944
G1 X120.979 Y146.039 E.00553
G1 X135.021 Y146.039 E.4753
G1 X135.426 Y145.955 E.014
G1 X135.741 Y145.741 E.01289
G1 X135.955 Y145.426 E.01289
G1 X136.039 Y145.021 E.014
G1 X136.039 Y134.389 E.35988
G1 X136.961 Y134.389 E.03121
G1 X136.961 Y134.85 E.0156
G1 X136.961 Y146.961 E.40994
G1 X119.039 Y146.961 E.60664
G1 X119.039 Y134.389 E.42555
G1 X119.961 Y134.389 E.03121
G1 X119.961 Y145.021 E.35988
G1 X120.045 Y145.426 E.014
G1 X120.259 Y145.741 E.01289
G1 X120.574 Y145.955 E.01289
G1 X120.76 Y145.994 E.00643
M204 S4000
G1 X120.76 Y145.994 F15000
G1 X120.899 Y145.616
M204 S2500
G1 F2944
G1 X120.979 Y145.632 E.00276
G1 X135.021 Y145.632 E.4753
G1 X135.264 Y145.582 E.0084
G1 X135.453 Y145.453 E.00775
G1 X135.582 Y145.264 E.00775
G1 X135.632 Y145.021 E.0084
G1 X135.632 Y133.982 E.37366
G1 X137.368 Y133.982 E.05876
G1 X137.368 Y134.85 E.02938
G1 X137.368 Y147.368 E.42372
G1 X118.632 Y147.368 E.63419
G1 X118.632 Y133.982 E.4531
G1 X120.368 Y133.982 E.05876
G1 X120.368 Y145.021 E.37366
G1 X120.418 Y145.264 E.0084
G1 X120.547 Y145.453 E.00775
G1 X120.736 Y145.582 E.00775
G1 X120.84 Y145.603 E.00359
M204 S4000
G1 X120.84 Y145.603 F15000
G1 X120.979 Y145.225
M204 S2500
;TYPE:External perimeter
G1 F2700
G1 X135.021 Y145.225 E.4753
G1 X135.165 Y145.165 E.00528
G1 X135.225 Y145.021 E.00528
G1 X135.225 Y133.575 E.38743
G1 X137.775 Y133.575 E.08631
G1 X137.775 Y134.85 E.04316
G1 X137.775 Y147.775 E.4375
G1 X118.225 Y147.775 E.66174
G1 X118.225 Y133.575 E.48065
G1 X120.775 Y133.575 E.08631
G1 X120.775 Y145.021 E.38743
G1 X120.835 Y145.165 E.00528
G1 X120.923 Y145.202 E.00323
M204 S4000
G1 X121.323 Y145.222 F15000
G1 E-2 F2400
G1 X136.32 Y134.67 F15000
G1 E2 F2400
;TYPE:Solid infill
;WIDTH:0.401993
G1 F2944
G1 X136.32 Y145.017 E.30893
;WIDTH:0.449999
G1 X136.218 Y145.577 E.01927
G1 X135.956 Y145.956 E.0156
G1 X135.503 Y146.249 E.01826
G1 X135.017 Y146.32 E.01663
;WIDTH:0.401993
G1 X120.989 Y146.32 E.41883
;WIDTH:0.449999
G1 X120.493 Y146.246 E.01697
G1 X120.044 Y145.956 E.01809
G1 X119.751 Y145.503 E.01826
G1 X119.68 Y145.017 E.01663
;WIDTH:0.401994
G1 X119.68 Y134.67 E.30893
G1 X119.32 Y134.67 E.01075
G1 X119.32 Y145.017 E.30893
;WIDTH:0.449999
G1 X119.344 Y145.545 E.01789
G1 X119.344 Y146.656 E.03761
G1 X120.451 Y146.656 E.03747
G1 X120.989 Y146.68 E.01823
;WIDTH:0.401993
G1 X135.017 Y146.68 E.41883
;WIDTH:0.449999
G1 X135.545 Y146.656 E.01789
G1 X136.656 Y146.656 E.03761
G1 X136.656 Y145.545 E.03761
G1 X136.68 Y145.017 E.01789
;WIDTH:0.401993
G1 X136.68 Y134.67 E.30893
G1 X136.524 Y134.67 E.00466
G1 E-2 F2400
G1 X136.524 Y134.67 F15000
G1 X136.295 Y146.232
G1 E2 F2400
;WIDTH:0.455784
G1 F2944
G1 X136.259 Y146.196 E.00175
G1 X136.209 Y146.209 E.00177
G1 X136.196 Y146.259 E.00177
G1 X136.232 Y146.295 E.00175
G1 X136.282 Y146.282 E.00177
G1 E-2 F2400
G1 X119.804 Y146.232 F15000
G1 E2 F2400
;WIDTH:0.45578
G1 F2944
G1 X119.768 Y146.196 E.00175
G1 X119.718 Y146.209 E.00177
G1 X119.705 Y146.259 E.00177
G1 X119.741 Y146.295 E.00175
G1 X119.791 Y146.282 E.00177
;LAYER_CHANGE
;Z:6.65
;HEIGHT:0.2
G1 Z6.65 F15000
G1 X120.819 Y146.006
G1 Z6.65
M204 S2500
;TYPE:Perimeter
;WIDTH:0.449999
G1 F2676
G1 X120.979 Y146.039 E.00553
G1 X135.021 Y146.039 E.4753
G1 X135.426 Y145.955 E.014
G1 X135.741 Y145.741 E.01289
G1 X135.955 Y145.426 E.01289
G1 X136.039 Y145.021 E.014
G1 X136.039 Y134.589 E.35311
G1 X136.961 Y134.589 E.03121
G1 X136.961 Y135.05 E.0156
G1 X136.961 Y146.961 E.40317
G1 X119.039 Y146.961 E.60664
G1 X119.039 Y134.589 E.41878
G1 X119.961 Y134.589 E.03121
G1 X119.961 Y145.021 E.35311
G1 X120.045 Y145.426 E.014
G1 X120.259 Y145.741 E.01289
G1 X120.574 Y145.955 E.01289
G1 X120.76 Y145.994 E.00643
M204 S4000
G1 X120.76 Y145.994 F15000
G1 X120.899 Y145.616
M204 S2500
G1 F2676
G1 X120.979 Y145.632 E.00276
G1 X135.021 Y145.632 E.4753
G1 X135.264 Y145.582 E.0084
G1 X135.453 Y145.453 E.00775
G1 X135.582 Y145.264 E.00775
G1 X135.632 Y145.021 E.0084
G1 X135.632 Y134.182 E.36689
G1 X137.368 Y134.182 E.05876
G1 X137.368 Y135.05 E.02938
G1 X137.368 Y147.368 E.41695
G1 X118.632 Y147.368 E.63419
G1 X118.632 Y134.182 E.44633
G1 X120.368 Y134.182 E.05876
G1 X120.368 Y145.021 E.36689
G1 X120.418 Y145.264 E.0084
G1 X120.547 Y145.453 E.00775
G1 X120.736 Y145.582 E.00775
G1 X120.84 Y145.603 E.00359
M204 S4000
G1 X120.84 Y145.603 F15000
G1 X120.979 Y145.225
M204 S2500
;TYPE:External perimeter
G1 F2676
G1 X135.021 Y145.225 E.4753
G1 X135.165 Y145.165 E.00528
G1 X135.225 Y145.021 E.00528
G1 X135.225 Y133.775 E.38066
G1 X137.775 Y133.775 E.08631
G1 X137.775 Y135.05 E.04316
G1 X137.775 Y147.775 E.43073
G1 X118.225 Y147.775 E.66174
G1 X118.225 Y133.775 E.47388
G1 X120.775 Y133.775 E.08631
G1 X120.775 Y145.021 E.38066
G1 X120.835 Y145.165 E.00528
G1 X120.923 Y145.202 E.00323
M204 S4000
G1 X121.323 Y145.222 F15000
G1 E-2 F2400
G1 X119.32 Y144.814 F15000
G1 E2 F2400
;TYPE:Solid infill
;WIDTH:0.401993
G1 F2676
G1 X119.32 Y134.87 E.2969
G1 X119.68 Y134.87 E.01075
G1 X119.68 Y145.017 E.30296
;WIDTH:0.449999
G1 X119.751 Y145.503 E.01663
G1 X120.044 Y145.956 E.01826
G1 X120.493 Y146.246 E.01809
G1 X120.989 Y146.32 E.01697
;WIDTH:0.401993
G1 X135.017 Y146.32 E.41883
;WIDTH:0.449999
G1 X135.503 Y146.249 E.01663
G1 X135.926 Y145.98 E.01697
G1 X136.218 Y145.577 E.01685
G1 X136.32 Y145.017 E.01927
;WIDTH:0.401993
G1 X136.32 Y134.87 E.30296
G1 X136.68 Y134.87 E.01075
G1 X136.68 Y145.017 E.30296
;WIDTH:0.449999
G1 X136.656 Y145.545 E.01789
G1 X136.656 Y146.656 E.03761
G1 X135.545 Y146.656 E.03761
G1 X135.017 Y146.68 E.01789
;WIDTH:0.401993
G1 X120.989 Y146.68 E.41883
;WIDTH:0.449999
G1 X120.451 Y146.656 E.01823
G1 X119.344 Y146.656 E.03747
G1 X119.344 Y145.545 E.03761
G1 X119.32 Y145.017 E.01789
G1 X119.32 Y145.017 F15000
G1 X119.741 Y146.196
;WIDTH:0.455782
G1 F2676
G1 X119.705 Y146.232 E.00175
G1 X119.718 Y146.282 E.00177
G1 X119.768 Y146.295 E.00177
G1 X119.804 Y146.259 E.00175
G1 X119.791 Y146.209 E.00177
G1 E-2 F2400
G1 X136.232 Y146.196 F15000
G1 E2 F2400
;WIDTH:0.455784
G1 F2676
G1 X136.196 Y146.232 E.00175
G1 X136.209 Y146.282 E.00177
G1 X136.259 Y146.295 E.00177
G1 X136.295 Y146.259 E.00175
G1 X136.282 Y146.209 E.00177
;LAYER_CHANGE
;Z:6.85
;HEIGHT:0.2
G1 Z6.85 F15000
G1 E-2 F2400
G1 Z6.85 F15000
G1 X120.819 Y146.006
G1 Z6.85
G1 E2 F2400
M204 S2500
;TYPE:Perimeter
;WIDTH:0.449999
G1 F2869
G1 X120.979 Y146.039 E.00553
G1 X135.021 Y146.039 E.4753
G1 X135.426 Y145.955 E.014
G1 X135.741 Y145.741 E.01289
G1 X135.955 Y145.426 E.01289
G1 X136.039 Y145.021 E.014
G1 X136.039 Y134.789 E.34634
G1 X136.961 Y134.789 E.03121
G1 X136.961 Y135.25 E.0156
G1 X136.961 Y146.961 E.3964
G1 X119.039 Y146.961 E.60664
G1 X119.039 Y134.789 E.41201
G1 X119.961 Y134.789 E.03121
G1 X119.961 Y145.021 E.34634
G1 X120.045 Y145.426 E.014
G1 X120.259 Y145.741 E.01289
G1 X120.574 Y145.955 E.01289
G1 X120.76 Y145.994 E.00643
M204 S4000
G1 X120.76 Y145.994 F15000
G1 X120.899 Y145.616
M204 S2500
G1 F2869
G1 X120.979 Y145.632 E.00276
G1 X135.021 Y145.632 E.4753
G1 X135.264 Y145.582 E.0084
G1 X135.453 Y145.453 E.00775
G1 X135.582 Y145.264 E.00775
G1 X135.632 Y145.021 E.0084
G1 X135.632 Y134.382 E.36012
G1 X137.368 Y134.382 E.05876
G1 X137.368 Y135.25 E.02938
G1 X137.368 Y147.368 E.41018
G1 X118.632 Y147.368 E.63419
G1 X118.632 Y134.382 E.43956
G1 X120.368 Y134.382 E.05876
G1 X120.368 Y145.021 E.36012
G1 X120.418 Y145.264 E.0084
G1 X120.547 Y145.453 E.00775
G1 X120.736 Y145.582 E.00775
G1 X120.84 Y145.603 E.00359
M204 S4000
G1 X120.84 Y145.603 F15000
G1 X120.979 Y145.225
M204 S2500
;TYPE:External perimeter
G1 F2700
G1 X135.021 Y145.225 E.4753
G1 X135.165 Y145.165 E.00528
G1 X135.225 Y145.021 E.00528
G1 X135.225 Y133.975 E.37389
G1 X137.775 Y133.975 E.08631
G1 X137.775 Y135.25 E.04316
G1 X137.775 Y147.775 E.42396
G1 X118.225 Y147.775 E.66174
G1 X118.225 Y133.975 E.46711
G1 X120.775 Y133.975 E.08631
G1 X120.775 Y145.021 E.37389
G1 X120.835 Y145.165 E.00528
G1 X120.923 Y145.202 E.00323
M204 S4000
G1 X121.323 Y145.222 F15000
G1 E-2 F2400
G1 X136.32 Y135.07 F15000
G1 E2 F2400
;TYPE:Solid infill
;WIDTH:0.401991
G1 F2869
G1 X136.32 Y145.017 E.29699
;WIDTH:0.449999
G1 X136.218 Y145.577 E.01927
G1 X135.956 Y145.956 E.0156
G1 X135.503 Y146.249 E.01826
G1 X135.017 Y146.32 E.01663
;WIDTH:0.401993
G1 X120.989 Y146.32 E.41883
;WIDTH:0.449999
G1 X120.493 Y146.246 E.01697
G1 X120.044 Y145.956 E.01809
G1 X119.751 Y145.503 E.01826
G1 X119.68 Y145.017 E.01663
;WIDTH:0.401994
G1 X119.68 Y135.07 E.29699
G1 X119.32 Y135.07 E.01075
G1 X119.32 Y145.017 E.29699
;WIDTH:0.449999
G1 X119.344 Y145.545 E.01789
G1 X119.344 Y146.656 E.03761
G1 X120.451 Y146.656 E.03747
G1 X120.989 Y146.68 E.01823
;WIDTH:0.401993
G1 X135.017 Y146.68 E.41883
;WIDTH:0.449999
G1 X135.545 Y146.656 E.01789
G1 X136.656 Y146.656 E.03761
G1 X136.656 Y145.545 E.03761
G1 X136.68 Y145.017 E.01789
;WIDTH:0.401993
G1 X136.68 Y135.07 E.29699
G1 X136.524 Y135.07 E.00466
G1 E-2 F2400
G1 X136.524 Y135.07 F15000
G1 X136.295 Y146.232
G1 E2 F2400
;WIDTH:0.455784
G1 F2869
G1 X136.259 Y146.196 E.00175
G1 X136.209 Y146.209 E.00177
G1 X136.196 Y146.259 E.00177
G1 X136.232 Y146.295 E.00175
G1 X136.282 Y146.282 E.00177
G1 E-2 F2400
G1 X119.804 Y146.232 F15000
G1 E2 F2400
;WIDTH:0.45578
G1 F2869
G1 X119.768 Y146.196 E.00175
G1 X119.718 Y146.209 E.00177
G1 X119.705 Y146.259 E.00177
G1 X119.741 Y146.295 E.00175
G1 X119.791 Y146.282 E.00177
;LAYER_CHANGE
;Z:7.05
;HEIGHT:0.2
G1 Z7.05 F15000
G1 X120.819 Y146.006
G1 Z7.05
M204 S2500
;TYPE:Perimeter
;WIDTH:0.449999
G1 F2626
G1 X120.979 Y146.039 E.00553
G1 X135.021 Y146.039 E.4753
G1 X135.426 Y145.955 E.014
G1 X135.741 Y145.741 E.01289
G1 X135.955 Y145.426 E.01289
G1 X136.039 Y145.021 E.014
G1 X136.039 Y134.989 E.33957
G1 X136.961 Y134.989 E.03121
G1 X136.961 Y135.45 E.0156
G1 X136.961 Y146.961 E.38963
G1 X119.039 Y146.961 E.60664
G1 X119.039 Y134.989 E.40524
G1 X119.961 Y134.989 E.03121
G1 X119.961 Y145.021 E.33957
G1 X120.045 Y145.426 E.014
G1 X120.259 Y145.741 E.01289
G1 X120.574 Y145.955 E.01289
G1 X120.76 Y145.994 E.00643
M204 S4000
G1 X120.76 Y145.994 F15000
G1 X120.899 Y145.616
M204 S2500
G1 F2626
G1 X120.979 Y145.632 E.00276
G1 X135.021 Y145.632 E.4753
G1 X135.264 Y145.582 E.0084
G1 X135.453 Y145.453 E.00775
G1 X135.582 Y145.264 E.00775
G1 X135.632 Y145.021 E.0084
G1 X135.632 Y134.582 E.35335
G1 X137.368 Y134.582 E.05876
G1 X137.368 Y135.45 E.02938
G1 X137.368 Y147.368 E.40341
G1 X118.632 Y147.368 E.63419
G1 X118.632 Y134.582 E.43279
G1 X120.368 Y134.582 E.05876
G1 X120.368 Y145.021 E.35335
G1 X120.418 Y145.264 E.0084
G1 X120.547 Y145.453 E.00775
G1 X120.736 Y145.582 E.00775
G1 X120.84 Y145.603 E.00359
M204 S4000
G1 X120.84 Y145.603 F15000
G1 X120.979 Y145.225
M204 S2500
;TYPE:External perimeter
G1 F2626
G1 X135.021 Y145.225 E.4753
G1 X135.165 Y145.165 E.00528
G1 X135.225 Y145.021 E.00528
G1 X135.225 Y134.175 E.36712
G1 X137.775 Y134.175 E.08631
G1 X137.775 Y135.45 E.04316
G1 X137.775 Y147.775 E.41719
G1 X118.225 Y147.775 E.66174
G1 X118.225 Y134.175 E.46034
G1 X120.775 Y134.175 E.08631
G1 X120.775 Y145.021 E.36712
G1 X120.835 Y145.165 E.00528
G1 X120.923 Y145.202 E.00323
M204 S4000
G1 X121.323 Y145.222 F15000
G1 E-2 F2400
G1 X119.32 Y144.814 F15000
G1 E2 F2400
;TYPE:Solid infill
;WIDTH:0.401993
G1 F2626
G1 X119.32 Y135.27 E.28496
G1 X119.68 Y135.27 E.01075
G1 X119.68 Y145.017 E.29102
;WIDTH:0.449999
G1 X119.751 Y145.503 E.01663
G1 X120.044 Y145.956 E.01826
G1 X120.493 Y146.246 E.01809
G1 X120.989 Y146.32 E.01697
;WIDTH:0.401993
G1 X135.017 Y146.32 E.41883
;WIDTH:0.449999
G1 X135.503 Y146.249 E.01663
G1 X135.926 Y145.98 E.01697
G1 X136.218 Y145.577 E.01685
G1 X136.32 Y145.017 E.01927
;WIDTH:0.401993
G1 X136.32 Y135.27 E.29102
G1 X136.68 Y135.27 E.01075
G1 X136.68 Y145.017 E.29102
;WIDTH:0.449999
G1 X136.656 Y145.545 E.01789
G1 X136.656 Y146.656 E.03761
G1 X135.545 Y146.656 E.03761
G1 X135.017 Y146.68 E.01789
;WIDTH:0.401993
G1 X120.989 Y146.68 E.41883
;WIDTH:0.449999
G1 X120.451 Y146.656 E.01823
G1 X119.344 Y146.656 E.03747
G1 X119.344 Y145.545 E.03761
G1 X119.32 Y145.017 E.01789
G1 X119.32 Y145.017 F15000
G1 X119.741 Y146.196
;WIDTH:0.455782
G1 F2626
G1 X119.705 Y146.232 E.00175
G1 X119.718 Y146.282 E.00177
G1 X119.768 Y146.295 E.00177
G1 X119.804 Y146.259 E.00175
G1 X119.791 Y146.209 E.00177
G1 E-2 F2400
G1 X136.232 Y146.196 F15000
G1 E2 F2400
;WIDTH:0.455784
G1 F2626
G1 X136.196 Y146.232 E.00175
G1 X136.209 Y146.282 E.00177
G1 X136.259 Y146.295 E.00177
G1 X136.295 Y146.259 E.00175
G1 X136.282 Y146.209 E.00177
;LAYER_CHANGE
;Z:7.25
;HEIGHT:0.2
G1 Z7.25 F15000
G1 E-2 F2400
G1 Z7.25 F15000
G1 X120.819 Y146.006
G1 Z7.25
G1 E2 F2400
M204 S2500
;TYPE:Perimeter
;WIDTH:0.449999
G1 F2795
G1 X120.979 Y146.039 E.00553
G1 X135.021 Y146.039 E.4753
G1 X135.426 Y145.955 E.014
G1 X135.741 Y145.741 E.01289
G1 X135.955 Y145.426 E.01289
G1 X136.039 Y145.021 E.014
G1 X136.039 Y135.189 E.3328
G1 X136.961 Y135.189 E.03121
G1 X136.961 Y135.65 E.0156
G1 X136.961 Y146.961 E.38286
G1 X119.039 Y146.961 E.60664
G1 X119.039 Y135.189 E.39847
G1 X119.961 Y135.189 E.03121
G1 X119.961 Y145.021 E.3328
G1 X120.045 Y145.426 E.014
G1 X120.259 Y145.741 E.01289
G1 X120.574 Y145.955 E.01289
G1 X120.76 Y145.994 E.00643
M204 S4000
G1 X120.76 Y145.994 F15000
G1 X120.899 Y145.616
M204 S2500
G1 F2795
G1 X120.979 Y145.632 E.00276
G1 X135.021 Y145.632 E.4753
G1 X135.264 Y145.582 E.0084
G1 X135.453 Y145.453 E.00775
G1 X135.582 Y145.264 E.00775
G1 X135.632 Y145.021 E.0084
G1 X135.632 Y134.782 E.34658
G1 X137.368 Y134.782 E.05876
G1 X137.368 Y135.65 E.02938
G1 X137.368 Y147.368 E.39664
G1 X118.632 Y147.368 E.63419
G1 X118.632 Y134.782 E.42602
G1 X120.368 Y134.782 E.05876
G1 X120.368 Y145.021 E.34658
G1 X120.418 Y145.264 E.0084
G1 X120.547 Y145.453 E.00775
G1 X120.736 Y145.582 E.00775
G1 X120.84 Y145.603 E.00359
M204 S4000
G1 X120.84 Y145.603 F15000
G1 X120.979 Y145.225
M204 S2500
;TYPE:External perimeter
G1 F2700
G1 X135.021 Y145.225 E.4753
G1 X135.165 Y145.165 E.00528
G1 X135.225 Y145.021 E.00528
G1 X135.225 Y134.375 E.36035
G1 X137.775 Y134.375 E.08631
G1 X137.775 Y135.65 E.04316
G1 X137.775 Y147.775 E.41042
G1 X118.225 Y147.775 E.66174
G1 X118.225 Y134.375 E.45357
G1 X120.775 Y134.375 E.08631
G1 X120.775 Y145.021 E.36035
G1 X120.835 Y145.165 E.00528
G1 X120.923 Y145.202 E.00323
M204 S4000
G1 X121.323 Y145.222 F15000
G1 E-2 F2400
G1 X136.32 Y135.47 F15000
G1 E2 F2400
;TYPE:Solid infill
;WIDTH:0.401993
G1 F2795
G1 X136.32 Y145.017 E.28505
;WIDTH:0.449999
G1 X136.218 Y145.577 E.01927
G1 X135.956 Y145.956 E.0156
G1 X135.503 Y146.249 E.01826
G1 X135.017 Y146.32 E.01663
;WIDTH:0.401993
G1 X120.989 Y146.32 E.41883
;WIDTH:0.449999
G1 X120.493 Y146.246 E.01697
G1 X120.044 Y145.956 E.01809
G1 X119.751 Y145.503 E.01826
G1 X119.68 Y145.017 E.01663
;WIDTH:0.401994
G1 X119.68 Y135.47 E.28505
G1 X119.32 Y135.47 E.01075
G1 X119.32 Y145.017 E.28505
;WIDTH:0.449999
G1 X119.344 Y145.545 E.01789
G1 X119.344 Y146.656 E.03761
G1 X120.451 Y146.656 E.03747
G1 X120.989 Y146.68 E.01823
;WIDTH:0.401993
G1 X135.017 Y146.68 E.41883
;WIDTH:0.449999
G1 X135.545 Y146.656 E.01789
G1 X136.656 Y146.656 E.03761
G1 X136.656 Y145.545 E.03761
G1 X136.68 Y145.017 E.01789
;WIDTH:0.401993
G1 X136.68 Y135.47 E.28505
G1 X136.524 Y135.47 E.00466
G1 E-2 F2400
G1 X136.524 Y135.47 F15000
G1 X136.295 Y146.232
G1 E2 F2400
;WIDTH:0.455784
G1 F2795
G1 X136.259 Y146.196 E.00175
G1 X136.209 Y146.209 E.00177
G1 X136.196 Y146.259 E.00177
G1 X136.232 Y146.295 E.00175
G1 X136.282 Y146.282 E.00177
G1 E-2 F2400
G1 X119.804 Y146.232 F15000
G1 E2 F2400
;WIDTH:0.45578
G1 F2795
G1 X119.768 Y146.196 E.00175
G1 X119.718 Y146.209 E.00177
G1 X119.705 Y146.259 E.00177
G1 X119.741 Y146.295 E.00175
G1 X119.791 Y146.282 E.00177
;LAYER_CHANGE
;Z:7.45
;HEIGHT:0.2
G1 Z7.45 F15000
G1 X120.819 Y146.006
G1 Z7.45
M204 S2500
;TYPE:Perimeter
;WIDTH:0.449999
G1 F2577
G1 X120.979 Y146.039 E.00553
G1 X135.021 Y146.039 E.4753
G1 X135.426 Y145.955 E.014
G1 X135.741 Y145.741 E.01289
G1 X135.955 Y145.426 E.01289
G1 X136.039 Y145.021 E.014
G1 X136.039 Y135.389 E.32603
G1 X136.961 Y135.389 E.03121
G1 X136.961 Y135.85 E.0156
G1 X136.961 Y146.961 E.37609
G1 X119.039 Y146.961 E.60664
G1 X119.039 Y135.389 E.3917
G1 X119.961 Y135.389 E.03121
G1 X119.961 Y145.021 E.32603
G1 X120.045 Y145.426 E.014
G1 X120.259 Y145.741 E.01289
G1 X120.574 Y145.955 E.01289
G1 X120.76 Y145.994 E.00643
M204 S4000
G1 X120.76 Y145.994 F15000
G1 X120.899 Y145.616
M204 S2500
G1 F2577
G1 X120.979 Y145.632 E.00276
G1 X135.021 Y145.632 E.4753
G1 X135.264 Y145.582 E.0084
G1 X135.453 Y145.453 E.00775
G1 X135.582 Y145.264 E.00775
G1 X135.632 Y145.021 E.0084
G1 X135.632 Y134.982 E.33981
G1 X137.368 Y134.982 E.05876
G1 X137.368 Y135.85 E.02938
G1 X137.368 Y147.368 E.38987
G1 X118.632 Y147.368 E.63419
G1 X118.632 Y134.982 E.41925
G1 X120.368 Y134.982 E.05876
G1 X120.368 Y145.021 E.33981
G1 X120.418 Y145.264 E.0084
G1 X120.547 Y145.453 E.00775
G1 X120.736 Y145.582 E.00775
G1 X120.84 Y145.603 E.00359
M204 S4000
G1 X120.84 Y145.603 F15000
G1 X120.979 Y145.225
M204 S2500
;TYPE:External perimeter
G1 F2577
G1 X135.021 Y145.225 E.4753
G1 X135.165 Y145.165 E.00528
G1 X135.225 Y145.021 E.00528
G1 X135.225 Y134.575 E.35358
G1 X137.775 Y134.575 E.08631
G1 X137.775 Y135.85 E.04316
G1 X137.775 Y147.775 E.40365
G1 X118.225 Y147.775 E.66174
G1 X118.225 Y134.575 E.4468
G1 X120.775 Y134.575 E.08631
G1 X120.775 Y145.021 E.35358
G1 X120.835 Y145.165 E.00528
G1 X120.923 Y145.202 E.00323
M204 S4000
G1 X121.323 Y145.222 F15000
G1 E-2 F2400
G1 X119.32 Y144.814 F15000
G1 E2 F2400
;TYPE:Solid infill
;WIDTH:0.401993
G1 F2577
G1 X119.32 Y135.67 E.27301
G1 X119.68 Y135.67 E.01075
G1 X119.68 Y145.017 E.27907
;WIDTH:0.449999
G1 X119.751 Y145.503 E.01663
G1 X120.044 Y145.956 E.01826
G1 X120.493 Y146.246 E.01809
G1 X120.989 Y146.32 E.01697
;WIDTH:0.401993
G1 X135.017 Y146.32 E.41883
;WIDTH:0.449999
G1 X135.503 Y146.249 E.01663
G1 X135.926 Y145.98 E.01697
G1 X136.218 Y145.577 E.01685
G1 X136.32 Y145.017 E.01927
;WIDTH:0.401993
G1 X136.32 Y135.67 E.27907
G1 X136.68 Y135.67 E.01075
G1 X136.68 Y145.017 E.27907
;WIDTH:0.449999
G1 X136.656 Y145.545 E.01789
G1 X136.656 Y146.656 E.03761
G1 X135.545 Y146.656 E.03761
G1 X135.017 Y146.68 E.01789
;WIDTH:0.401993
G1 X120.989 Y146.68 E.41883
;WIDTH:0.449999
G1 X120.451 Y146.656 E.01823
G1 X119.344 Y146.656 E.03747
G1 X119.344 Y145.545 E.03761
G1 X119.32 Y145.017 E.01789
G1 X119.32 Y145.017 F15000
G1 X119.741 Y146.196
;WIDTH:0.455782
G1 F2577
G1 X119.705 Y146.232 E.00175
G1 X119.718 Y146.282 E.00177
G1 X119.768 Y146.295 E.00177
G1 X119.804 Y146.259 E.00175
G1 X119.791 Y146.209 E.00177
G1 E-2 F2400
G1 X136.232 Y146.196 F15000
G1 E2 F2400
;WIDTH:0.455784
G1 F2577
G1 X136.196 Y146.232 E.00175
G1 X136.209 Y146.282 E.00177
G1 X136.259 Y146.295 E.00177
G1 X136.295 Y146.259 E.00175
G1 X136.282 Y146.209 E.00177
;LAYER_CHANGE
;Z:7.65
;HEIGHT:0.2
G1 Z7.65 F15000
G1 E-2 F2400
G1 Z7.65 F15000
G1 X120.819 Y146.006
G1 Z7.65
G1 E2 F2400
M204 S2500
;TYPE:Perimeter
;WIDTH:0.449999
G1 F2722
G1 X120.979 Y146.039 E.00553
G1 X135.021 Y146.039 E.4753
G1 X135.426 Y145.955 E.014
G1 X135.741 Y145.741 E.01289
G1 X135.955 Y145.426 E.01289
G1 X136.039 Y145.021 E.014
G1 X136.039 Y135.589 E.31926
G1 X136.961 Y135.589 E.03121
G1 X136.961 Y136.05 E.0156
G1 X136.961 Y146.961 E.36932
G1 X119.039 Y146.961 E.60664
G1 X119.039 Y135.589 E.38493
G1 X119.961 Y135.589 E.03121
G1 X119.961 Y145.021 E.31926
G1 X120.045 Y145.426 E.014
G1 X120.259 Y145.741 E.01289
G1 X120.574 Y145.955 E.01289
G1 X120.76 Y145.994 E.00643
M204 S4000
G1 X120.76 Y145.994 F15000
G1 X120.899 Y145.616
M204 S2500
G1 F2722
G1 X120.979 Y145.632 E.00276
G1 X135.021 Y145.632 E.4753
G1 X135.264 Y145.582 E.0084
G1 X135.453 Y145.453 E.00775
G1 X135.582 Y145.264 E.00775
G1 X135.632 Y145.021 E.0084
G1 X135.632 Y135.182 E.33304
G1 X137.368 Y135.182 E.05876
G1 X137.368 Y136.05 E.02938
G1 X137.368 Y147.368 E.3831
G1 X118.632 Y147.368 E.63419
G1 X118.632 Y135.182 E.41248
G1 X120.368 Y135.182 E.05876
G1 X120.368 Y145.021 E.33304
G1 X120.418 Y145.264 E.0084
G1 X120.547 Y145.453 E.00775
G1 X120.736 Y145.582 E.00775
G1 X120.84 Y145.603 E.00359
M204 S4000
G1 X120.84 Y145.603 F15000
G1 X120.979 Y145.225
M204 S2500
;TYPE:External perimeter
G1 F2700
G1 X135.021 Y145.225 E.4753
G1 X135.165 Y145.165 E.00528
G1 X135.225 Y145.021 E.00528
G1 X135.225 Y134.775 E.34681
G1 X137.775 Y134.775 E.08631
G1 X137.775 Y136.05 E.04316
G1 X137.775 Y147.775 E.39688
G1 X118.225 Y147.775 E.66174
G1 X118.225 Y134.775 E.44003
G1 X120.775 Y134.775 E.08631
G1 X120.775 Y145.021 E.34681
G1 X120.835 Y145.165 E.00528
G1 X120.923 Y145.202 E.00323
M204 S4000
G1 X121.323 Y145.222 F15000
G1 E-2 F2400
G1 X136.32 Y135.87 F15000
G1 E2 F2400
;TYPE:Solid infill
;WIDTH:0.401993
G1 F2722
G1 X136.32 Y145.017 E.2731
;WIDTH:0.449999
G1 X136.218 Y145.577 E.01927
G1 X135.956 Y145.956 E.0156
G1 X135.503 Y146.249 E.01826
G1 X135.017 Y146.32 E.01663
;WIDTH:0.401993
G1 X120.989 Y146.32 E.41883
;WIDTH:0.449999
G1 X120.493 Y146.246 E.01697
G1 X120.044 Y145.956 E.01809
G1 X119.751 Y145.503 E.01826
G1 X119.68 Y145.017 E.01663
;WIDTH:0.401994
G1 X119.68 Y135.87 E.2731
G1 X119.32 Y135.87 E.01075
G1 X119.32 Y145.017 E.2731
;WIDTH:0.449999
G1 X119.344 Y145.545 E.01789
G1 X119.344 Y146.656 E.03761
G1 X120.451 Y146.656 E.03747
G1 X120.989 Y146.68 E.01823
;WIDTH:0.401993
G1 X135.017 Y146.68 E.41883
;WIDTH:0.449999
G1 X135.545 Y146.656 E.01789
G1 X136.656 Y146.656 E.03761
G1 X136.656 Y145.545 E.03761
G1 X136.68 Y145.017 E.01789
;WIDTH:0.401993
G1 X136.68 Y135.87 E.2731
G1 X136.524 Y135.87 E.00466
G1 E-2 F2400
G1 X136.524 Y135.87 F15000
G1 X136.295 Y146.232
G1 E2 F2400
;WIDTH:0.455784
G1 F2722
G1 X136.259 Y146.196 E.00175
G1 X136.209 Y146.209 E.00177
G1 X136.196 Y146.259 E.00177
G1 X136.232 Y146.295 E.00175
G1 X136.282 Y146.282 E.00177
G1 E-2 F2400
G1 X119.804 Y146.232 F15000
G1 E2 F2400
;WIDTH:0.45578
G1 F2722
G1 X119.768 Y146.196 E.00175
G1 X119.718 Y146.209 E.00177
G1 X119.705 Y146.259 E.00177
G1 X119.741 Y146.295 E.00175
G1 X119.791 Y146.282 E.00177
;LAYER_CHANGE
;Z:7.85
;HEIGHT:0.2
G1 Z7.85 F15000
G1 X120.819 Y146.006
G1 Z7.85
M204 S2500
;TYPE:Perimeter
;WIDTH:0.449999
G1 F2527
G1 X120.979 Y146.039 E.00553
G1 X135.021 Y146.039 E.4753
G1 X135.426 Y145.955 E.014
G1 X135.741 Y145.741 E.01289
G1 X135.955 Y145.426 E.01289
G1 X136.039 Y145.021 E.014
G1 X136.039 Y135.789 E.31249
G1 X136.961 Y135.789 E.03121
G1 X136.961 Y136.25 E.0156
G1 X136.961 Y146.961 E.36255
G1 X119.039 Y146.961 E.60664
G1 X119.039 Y135.789 E.37816
G1 X119.961 Y135.789 E.03121
G1 X119.961 Y145.021 E.31249
G1 X120.045 Y145.426 E.014
G1 X120.259 Y145.741 E.01289
G1 X120.574 Y145.955 E.01289
G1 X120.76 Y145.994 E.00643
M204 S4000
G1 X120.76 Y145.994 F15000
G1 X120.899 Y145.616
M204 S2500
G1 F2527
G1 X120.979 Y145.632 E.00276
G1 X135.021 Y145.632 E.4753
G1 X135.264 Y145.582 E.0084
G1 X135.453 Y145.453 E.00775
G1 X135.582 Y145.264 E.00775
G1 X135.632 Y145.021 E.0084
G1 X135.632 Y135.382 E.32627
G1 X137.368 Y135.382 E.05876
G1 X137.368 Y136.25 E.02938
G1 X137.368 Y147.368 E.37633
G1 X118.632 Y147.368 E.63419
G1 X118.632 Y135.382 E.40571
G1 X120.368 Y135.382 E.05876
G1 X120.368 Y145.021 E.32627
G1 X120.418 Y145.264 E.0084
G1 X120.547 Y145.453 E.00775
G1 X120.736 Y145.582 E.00775
G1 X120.84 Y145.603 E.00359
M204 S4000
G1 X120.84 Y145.603 F15000
G1 X120.979 Y145.225
M204 S2500
;TYPE:External perimeter
G1 F2527
G1 X135.021 Y145.225 E.4753
G1 X135.165 Y145.165 E.00528
G1 X135.225 Y145.021 E.00528
G1 X135.225 Y134.975 E.34004
G1 X137.775 Y134.975 E.08631
G1 X137.775 Y136.25 E.04316
G1 X137.775 Y147.775 E.39011
G1 X118.225 Y147.775 E.66174
G1 X118.225 Y134.975 E.43326
G1 X120.775 Y134.975 E.08631
G1 X120.775 Y145.021 E.34004
G1 X120.835 Y145.165 E.00528
G1 X120.923 Y145.202 E.00323
M204 S4000
G1 X121.323 Y145.222 F15000
G1 E-2 F2400
G1 X119.32 Y144.814 F15000
G1 E2 F2400
;TYPE:Solid infill
;WIDTH:0.401993
G1 F2527
G1 X119.32 Y136.07 E.26107
G1 X119.68 Y136.07 E.01075
G1 X119.68 Y145.017 E.26713
;WIDTH:0.449999
G1 X119.751 Y145.503 E.01663
G1 X120.044 Y145.956 E.01826
G1 X120.493 Y146.246 E.01809
G1 X120.989 Y146.32 E.01697
;WIDTH:0.401993
G1 X135.017 Y146.32 E.41883
;WIDTH:0.449999
G1 X135.503 Y146.249 E.01663
G1 X135.926 Y145.98 E.01697
G1 X136.218 Y145.577 E.01685
G1 X136.32 Y145.017 E.01927
;WIDTH:0.401993
G1 X136.32 Y136.07 E.26713
G1 X136.68 Y136.07 E.01075
G1 X136.68 Y145.017 E.26713
;WIDTH:0.449999
G1 X136.656 Y145.545 E.01789
G1 X136.656 Y146.656 E.03761
G1 X135.545 Y146.656 E.03761
G1 X135.017 Y146.68 E.01789
;WIDTH:0.401993
G1 X120.989 Y146.68 E.41883
;WIDTH:0.449999
G1 X120.451 Y146.656 E.01823
G1 X119.344 Y146.656 E.03747
G1 X119.344 Y145.545 E.03761
G1 X119.32 Y145.017 E.01789
G1 X119.32 Y145.017 F15000
G1 X119.741 Y146.196
;WIDTH:0.455782
G1 F2527
G1 X119.705 Y146.232 E.00175
G1 X119.718 Y146.282 E.00177
G1 X119.768 Y146.295 E.00177
G1 X119.804 Y146.259 E.00175
G1 X119.791 Y146.209 E.00177
G1 E-2 F2400
G1 X136.232 Y146.196 F15000
G1 E2 F2400
;WIDTH:0.455784
G1 F2527
G1 X136.196 Y146.232 E.00175
G1 X136.209 Y146.282 E.00177
G1 X136.259 Y146.295 E.00177
G1 X136.295 Y146.259 E.00175
G1 X136.282 Y146.209 E.00177
;LAYER_CHANGE
;Z:8.05
;HEIGHT:0.2
G1 Z8.05 F15000
G1 E-2 F2400
G1 Z8.05 F15000
G1 X120.819 Y146.006
G1 Z8.05
G1 E2 F2400
M204 S2500
;TYPE:Perimeter
;WIDTH:0.449999
G1 F2663
G1 X120.979 Y146.039 E.00553
G1 X135.021 Y146.039 E.4753
G1 X135.426 Y145.955 E.014
G1 X135.741 Y145.741 E.01289
G1 X135.955 Y145.426 E.01289
G1 X136.039 Y145.021 E.014
G1 X136.039 Y135.989 E.30572
G1 X136.961 Y135.989 E.03121
G1 X136.961 Y136.45 E.0156
G1 X136.961 Y146.961 E.35578
G1 X119.039 Y146.961 E.60664
G1 X119.039 Y135.989 E.37139
G1 X119.961 Y135.989 E.03121
G1 X119.961 Y145.021 E.30572
G1 X120.045 Y145.426 E.014
G1 X120.259 Y145.741 E.01289
G1 X120.574 Y145.955 E.01289
G1 X120.76 Y145.994 E.00643
M204 S4000
G1 X120.76 Y145.994 F15000
G1 X120.899 Y145.616
M204 S2500
G1 F2663
G1 X120.979 Y145.632 E.00276
G1 X135.021 Y145.632 E.4753
G1 X135.264 Y145.582 E.0084
G1 X135.453 Y145.453 E.00775
G1 X135.582 Y145.264 E.00775
G1 X135.632 Y145.021 E.0084
G1 X135.632 Y135.582 E.3195
G1 X137.368 Y135.582 E.05876
G1 X137.368 Y136.45 E.02938
G1 X137.368 Y147.368 E.36956
G1 X118.632 Y147.368 E.63419
G1 X118.632 Y135.582 E.39894
G1 X120.368 Y135.582 E.05876
G1 X120.368 Y145.021 E.3195
G1 X120.418 Y145.264 E.0084
G1 X120.547 Y145.453 E.00775
G1 X120.736 Y145.582 E.00775
G1 X120.84 Y145.603 E.00359
M204 S4000
G1 X120.84 Y145.603 F15000
G1 X120.979 Y145.225
M204 S2500
;TYPE:External perimeter
G1 F2663
G1 X135.021 Y145.225 E.4753
G1 X135.165 Y145.165 E.00528
G1 X135.225 Y145.021 E.00528
G1 X135.225 Y135.175 E.33327
G1 X137.775 Y135.175 E.08631
G1 X137.775 Y136.45 E.04316
G1 X137.775 Y147.775 E.38334
G1 X118.225 Y147.775 E.66174
G1 X118.225 Y135.175 E.42649
G1 X120.775 Y135.175 E.08631
G1 X120.775 Y145.021 E.33327
G1 X120.835 Y145.165 E.00528
G1 X120.923 Y145.202 E.00323
M204 S4000
G1 X121.323 Y145.222 F15000
G1 E-2 F2400
G1 X136.32 Y136.27 F15000
G1 E2 F2400
;TYPE:Solid infill
;WIDTH:0.401993
G1 F2663
G1 X136.32 Y145.017 E.26116
;WIDTH:0.449999
G1 X136.218 Y145.577 E.01927
G1 X135.956 Y145.956 E.0156
G1 X135.503 Y146.249 E.01826
G1 X135.017 Y146.32 E.01663
;WIDTH:0.401993
G1 X120.989 Y146.32 E.41883
;WIDTH:0.449999
G1 X120.493 Y146.246 E.01697
G1 X120.044 Y145.956 E.01809
G1 X119.751 Y145.503 E.01826
G1 X119.68 Y145.017 E.01663
;WIDTH:0.401993
G1 X119.68 Y136.27 E.26116
G1 X119.32 Y136.27 E.01075
G1 X119.32 Y145.017 E.26116
;WIDTH:0.449999
G1 X119.344 Y145.545 E.01789
G1 X119.344 Y146.656 E.03761
G1 X120.451 Y146.656 E.03747
G1 X120.989 Y146.68 E.01823
;WIDTH:0.401993
G1 X135.017 Y146.68 E.41883
;WIDTH:0.449999
G1 X135.545 Y146.656 E.01789
G1 X136.656 Y146.656 E.03761
G1 X136.656 Y145.545 E.03761
G1 X136.68 Y145.017 E.01789
;WIDTH:0.401993
G1 X136.68 Y136.27 E.26116
G1 X136.524 Y136.27 E.00466
G1 E-2 F2400
G1 X136.524 Y136.27 F15000
G1 X136.295 Y146.232
G1 E2 F2400
;WIDTH:0.455784
G1 F2663
G1 X136.259 Y146.196 E.00175
G1 X136.209 Y146.209 E.00177
G1 X136.196 Y146.259 E.00177
G1 X136.232 Y146.295 E.00175
G1 X136.282 Y146.282 E.00177
G1 E-2 F2400
G1 X119.804 Y146.232 F15000
G1 E2 F2400
;WIDTH:0.45578
G1 F2663
G1 X119.768 Y146.196 E.00175
G1 X119.718 Y146.209 E.00177
G1 X119.705 Y146.259 E.00177
G1 X119.741 Y146.295 E.00175
G1 X119.791 Y146.282 E.00177
;LAYER_CHANGE
;Z:8.25
;HEIGHT:0.2
G1 Z8.25 F15000
G1 X120.819 Y146.006
G1 Z8.25
M204 S2500
;TYPE:Perimeter
;WIDTH:0.449999
G1 F2477
G1 X120.979 Y146.039 E.00553
G1 X135.021 Y146.039 E.4753
G1 X135.426 Y145.955 E.014
G1 X135.741 Y145.741 E.01289
G1 X135.955 Y145.426 E.01289
G1 X136.039 Y145.021 E.014
G1 X136.039 Y136.189 E.29895
G1 X136.961 Y136.189 E.03121
G1 X136.961 Y136.65 E.0156
G1 X136.961 Y146.961 E.34901
G1 X119.039 Y146.961 E.60664
G1 X119.039 Y136.189 E.36462
G1 X119.961 Y136.189 E.03121
G1 X119.961 Y145.021 E.29895
G1 X120.045 Y145.426 E.014
G1 X120.259 Y145.741 E.01289
G1 X120.574 Y145.955 E.01289
G1 X120.76 Y145.994 E.00643
M204 S4000
G1 X120.76 Y145.994 F15000
G1 X120.899 Y145.616
M204 S2500
G1 F2477
G1 X120.979 Y145.632 E.00276
G1 X135.021 Y145.632 E.4753
G1 X135.264 Y145.582 E.0084
G1 X135.453 Y145.453 E.00775
G1 X135.582 Y145.264 E.00775
G1 X135.632 Y145.021 E.0084
G1 X135.632 Y135.782 E.31273
G1 X137.368 Y135.782 E.05876
G1 X137.368 Y136.65 E.02938
G1 X137.368 Y147.368 E.36279
G1 X118.632 Y147.368 E.63419
G1 X118.632 Y135.782 E.39217
G1 X120.368 Y135.782 E.05876
G1 X120.368 Y145.021 E.31273
G1 X120.418 Y145.264 E.0084
G1 X120.547 Y145.453 E.00775
G1 X120.736 Y145.582 E.00775
G1 X120.84 Y145.603 E.00359
M204 S4000
G1 X120.84 Y145.603 F15000
G1 X120.979 Y145.225
M204 S2500
;TYPE:External perimeter
G1 F2477
G1 X135.021 Y145.225 E.4753
G1 X135.165 Y145.165 E.00528
G1 X135.225 Y145.021 E.00528
G1 X135.225 Y135.375 E.32651
G1 X137.775 Y135.375 E.08631
G1 X137.775 Y136.65 E.04316
G1 X137.775 Y147.775 E.37657
G1 X118.225 Y147.775 E.66174
G1 X118.225 Y135.375 E.41972
G1 X120.775 Y135.375 E.08631
G1 X120.775 Y145.021 E.32651
G1 X120.835 Y145.165 E.00528
G1 X120.923 Y145.202 E.00323
M204 S4000
G1 X121.323 Y145.222 F15000
G1 E-2 F2400
G1 X119.32 Y144.814 F15000
G1 E2 F2400
;TYPE:Solid infill
;WIDTH:0.401993
G1 F2477
G1 X119.32 Y136.47 E.24913
G1 X119.68 Y136.47 E.01075
G1 X119.68 Y145.017 E.25519
;WIDTH:0.449999
G1 X119.751 Y145.503 E.01663
G1 X120.044 Y145.956 E.01826
G1 X120.493 Y146.246 E.01809
G1 X120.989 Y146.32 E.01697
;WIDTH:0.401993
G1 X135.017 Y146.32 E.41883
;WIDTH:0.449999
G1 X135.503 Y146.249 E.01663
G1 X135.926 Y145.98 E.01697
G1 X136.218 Y145.577 E.01685
G1 X136.32 Y145.017 E.01927
;WIDTH:0.401993
G1 X136.32 Y136.47 E.25519
G1 X136.68 Y136.47 E.01075
G1 X136.68 Y145.017 E.25519
;WIDTH:0.449999
G1 X136.656 Y145.545 E.01789
G1 X136.656 Y146.656 E.03761
G1 X135.545 Y146.656 E.03761
G1 X135.017 Y146.68 E.01789
;WIDTH:0.401993
G1 X120.989 Y146.68 E.41883
;WIDTH:0.449999
G1 X120.451 Y146.656 E.01823
G1 X119.344 Y146.656 E.03747
G1 X119.344 Y145.545 E.03761
G1 X119.32 Y145.017 E.01789
G1 X119.32 Y145.017 F15000
G1 X119.741 Y146.196
;WIDTH:0.455782
G1 F2477
G1 X119.705 Y146.232 E.00175
G1 X119.718 Y146.282 E.00177
G1 X119.768 Y146.295 E.00177
G1 X119.804 Y146.259 E.00175
G1 X119.791 Y146.209 E.00177
G1 E-2 F2400
G1 X136.232 Y146.196 F15000
G1 E2 F2400
;WIDTH:0.455784
G1 F2477
G1 X136.196 Y146.232 E.00175
G1 X136.209 Y146.282 E.00177
G1 X136.259 Y146.295 E.00177
G1 X136.295 Y146.259 E.00175
G1 X136.282 Y146.209 E.00177
;LAYER_CHANGE
;Z:8.45
;HEIGHT:0.2
G1 Z8.45 F15000
G1 E-2 F2400
G1 Z8.45 F15000
G1 X120.819 Y146.006
G1 Z8.45
G1 E2 F2400
M204 S2500
;TYPE:Perimeter
;WIDTH:0.449999
G1 F2610
G1 X120.979 Y146.039 E.00553
G1 X135.021 Y146.039 E.4753
G1 X135.426 Y145.955 E.014
G1 X135.741 Y145.741 E.01289
G1 X135.955 Y145.426 E.01289
G1 X136.039 Y145.021 E.014
G1 X136.039 Y136.389 E.29218
G1 X136.961 Y136.389 E.03121
G1 X136.961 Y136.85 E.0156
G1 X136.961 Y146.961 E.34224
G1 X119.039 Y146.961 E.60664
G1 X119.039 Y136.389 E.35785
G1 X119.961 Y136.389 E.03121
G1 X119.961 Y145.021 E.29218
G1 X120.045 Y145.426 E.014
G1 X120.259 Y145.741 E.01289
G1 X120.574 Y145.955 E.01289
G1 X120.76 Y145.994 E.00643
M204 S4000
G1 X120.76 Y145.994 F15000
G1 X120.899 Y145.616
M204 S2500
G1 F2610
G1 X120.979 Y145.632 E.00276
G1 X135.021 Y145.632 E.4753
G1 X135.264 Y145.582 E.0084
G1 X135.453 Y145.453 E.00775
G1 X135.582 Y145.264 E.00775
G1 X135.632 Y145.021 E.0084
G1 X135.632 Y135.982 E.30596
G1 X137.368 Y135.982 E.05876
G1 X137.368 Y136.85 E.02938
G1 X137.368 Y147.368 E.35602
G1 X118.632 Y147.368 E.63419
G1 X118.632 Y135.982 E.3854
G1 X120.368 Y135.982 E.05876
G1 X120.368 Y145.021 E.30596
G1 X120.418 Y145.264 E.0084
G1 X120.547 Y145.453 E.00775
G1 X120.736 Y145.582 E.00775
G1 X120.84 Y145.603 E.00359
M204 S4000
G1 X120.84 Y145.603 F15000
G1 X120.979 Y145.225
M204 S2500
;TYPE:External perimeter
G1 F2610
G1 X135.021 Y145.225 E.4753
G1 X135.165 Y145.165 E.00528
G1 X135.225 Y145.021 E.00528
G1 X135.225 Y135.575 E.31974
G1 X137.775 Y135.575 E.08631
G1 X137.775 Y136.85 E.04316
G1 X137.775 Y147.775 E.3698
G1 X118.225 Y147.775 E.66174
G1 X118.225 Y135.575 E.41295
G1 X120.775 Y135.575 E.08631
G1 X120.775 Y145.021 E.31974
G1 X120.835 Y145.165 E.00528
G1 X120.923 Y145.202 E.00323
M204 S4000
G1 X121.323 Y145.222 F15000
G1 E-2 F2400
G1 X136.32 Y136.67 F15000
G1 E2 F2400
;TYPE:Solid infill
;WIDTH:0.401991
G1 F2610
G1 X136.32 Y145.017 E.24922
;WIDTH:0.449999
G1 X136.218 Y145.577 E.01927
G1 X135.956 Y145.956 E.0156
G1 X135.503 Y146.249 E.01826
G1 X135.017 Y146.32 E.01663
;WIDTH:0.401993
G1 X120.989 Y146.32 E.41883
;WIDTH:0.449999
G1 X120.493 Y146.246 E.01697
G1 X120.044 Y145.956 E.01809
G1 X119.751 Y145.503 E.01826
G1 X119.68 Y145.017 E.01663
;WIDTH:0.401993
G1 X119.68 Y136.67 E.24922
G1 X119.32 Y136.67 E.01075
G1 X119.32 Y145.017 E.24922
;WIDTH:0.449999
G1 X119.344 Y145.545 E.01789
G1 X119.344 Y146.656 E.03761
G1 X120.451 Y146.656 E.03747
G1 X120.989 Y146.68 E.01823
;WIDTH:0.401993
G1 X135.017 Y146.68 E.41883
;WIDTH:0.449999
G1 X135.545 Y146.656 E.01789
G1 X136.656 Y146.656 E.03761
G1 X136.656 Y145.545 E.03761
G1 X136.68 Y145.017 E.01789
;WIDTH:0.401993
G1 X136.68 Y136.67 E.24922
G1 X136.524 Y136.67 E.00466
G1 E-2 F2400
G1 X136.524 Y136.67 F15000
G1 X136.295 Y146.232
G1 E2 F2400
;WIDTH:0.455784
G1 F2610
G1 X136.259 Y146.196 E.00175
G1 X136.209 Y146.209 E.00177
G1 X136.196 Y146.259 E.00177
G1 X136.232 Y146.295 E.00175
G1 X136.282 Y146.282 E.00177
G1 E-2 F2400
G1 X119.804 Y146.232 F15000
G1 E2 F2400
;WIDTH:0.45578
G1 F2610
G1 X119.768 Y146.196 E.00175
G1 X119.718 Y146.209 E.00177
G1 X119.705 Y146.259 E.00177
G1 X119.741 Y146.295 E.00175
G1 X119.791 Y146.282 E.00177
;LAYER_CHANGE
;Z:8.65
;HEIGHT:0.2
G1 Z8.65 F15000
G1 X120.819 Y146.006
G1 Z8.65
M204 S2500
;TYPE:Perimeter
;WIDTH:0.449999
G1 F2427
G1 X120.979 Y146.039 E.00553
G1 X135.021 Y146.039 E.4753
G1 X135.426 Y145.955 E.014
G1 X135.741 Y145.741 E.01289
G1 X135.955 Y145.426 E.01289
G1 X136.039 Y145.021 E.014
G1 X136.039 Y136.589 E.28541
G1 X136.961 Y136.589 E.03121
G1 X136.961 Y137.05 E.0156
G1 X136.961 Y146.961 E.33548
G1 X119.039 Y146.961 E.60664
G1 X119.039 Y136.589 E.35108
G1 X119.961 Y136.589 E.03121
G1 X119.961 Y145.021 E.28541
G1 X120.045 Y145.426 E.014
G1 X120.259 Y145.741 E.01289
G1 X120.574 Y145.955 E.01289
G1 X120.76 Y145.994 E.00643
M204 S4000
G1 X120.76 Y145.994 F15000
G1 X120.899 Y145.616
M204 S2500
G1 F2427
G1 X120.979 Y145.632 E.00276
G1 X135.021 Y145.632 E.4753
G1 X135.264 Y145.582 E.0084
G1 X135.453 Y145.453 E.00775
G1 X135.582 Y145.264 E.00775
G1 X135.632 Y145.021 E.0084
G1 X135.632 Y136.182 E.29919
G1 X137.368 Y136.182 E.05876
G1 X137.368 Y137.05 E.02938
G1 X137.368 Y147.368 E.34925
G1 X118.632 Y147.368 E.63419
G1 X118.632 Y136.182 E.37863
G1 X120.368 Y136.182 E.05876
G1 X120.368 Y145.021 E.29919
G1 X120.418 Y145.264 E.0084
G1 X120.547 Y145.453 E.00775
G1 X120.736 Y145.582 E.00775
G1 X120.84 Y145.603 E.00359
M204 S4000
G1 X120.84 Y145.603 F15000
G1 X120.979 Y145.225
M204 S2500
;TYPE:External perimeter
G1 F2427
G1 X135.021 Y145.225 E.4753
G1 X135.165 Y145.165 E.00528
G1 X135.225 Y145.021 E.00528
G1 X135.225 Y135.775 E.31297
G1 X137.775 Y135.775 E.08631
G1 X137.775 Y137.05 E.04316
G1 X137.775 Y147.775 E.36303
G1 X118.225 Y147.775 E.66174
G1 X118.225 Y135.775 E.40619
G1 X120.775 Y135.775 E.08631
G1 X120.775 Y145.021 E.31297
G1 X120.835 Y145.165 E.00528
G1 X120.923 Y145.202 E.00323
M204 S4000
G1 X121.323 Y145.222 F15000
G1 E-2 F2400
G1 X119.32 Y144.814 F15000
G1 E2 F2400
;TYPE:Solid infill
;WIDTH:0.401994
G1 F2427
G1 X119.32 Y136.87 E.23718
G1 X119.68 Y136.87 E.01075
G1 X119.68 Y145.017 E.24325
;WIDTH:0.449999
G1 X119.751 Y145.503 E.01663
G1 X120.044 Y145.956 E.01826
G1 X120.493 Y146.246 E.01809
G1 X120.989 Y146.32 E.01697
;WIDTH:0.401993
G1 X135.017 Y146.32 E.41883
;WIDTH:0.449999
G1 X135.503 Y146.249 E.01663
G1 X135.926 Y145.98 E.01697
G1 X136.218 Y145.577 E.01685
G1 X136.32 Y145.017 E.01927
;WIDTH:0.401994
G1 X136.32 Y136.87 E.24325
G1 X136.5 Y136.87 E.00537
G1 X136.68 Y136.87 E.00537
G1 X136.68 Y145.017 E.24325
;WIDTH:0.449999
G1 X136.656 Y145.545 E.01789
G1 X136.656 Y146.656 E.03761
G1 X135.545 Y146.656 E.03761
G1 X135.017 Y146.68 E.01789
;WIDTH:0.401993
G1 X120.989 Y146.68 E.41883
;WIDTH:0.449999
G1 X120.451 Y146.656 E.01823
G1 X119.344 Y146.656 E.03747
G1 X119.344 Y145.545 E.03761
G1 X119.32 Y145.017 E.01789
G1 X119.32 Y145.017 F15000
G1 X119.741 Y146.196
;WIDTH:0.455782
G1 F2427
G1 X119.705 Y146.232 E.00175
G1 X119.718 Y146.282 E.00177
G1 X119.768 Y146.295 E.00177
G1 X119.804 Y146.259 E.00175
G1 X119.791 Y146.209 E.00177
G1 E-2 F2400
G1 X136.232 Y146.196 F15000
G1 E2 F2400
;WIDTH:0.455784
G1 F2427
G1 X136.196 Y146.232 E.00175
G1 X136.209 Y146.282 E.00177
G1 X136.259 Y146.295 E.00177
G1 X136.295 Y146.259 E.00175
G1 X136.282 Y146.209 E.00177
;LAYER_CHANGE
;Z:8.85
;HEIGHT:0.200001
G1 Z8.85 F15000
G1 E-2 F2400
G1 Z8.85 F15000
G1 X120.819 Y146.006
G1 Z8.85
G1 E2 F2400
M204 S2500
;TYPE:Perimeter
;WIDTH:0.449999
G1 F2556
G1 X120.979 Y146.039 E.00553
G1 X135.021 Y146.039 E.4753
G1 X135.426 Y145.955 E.014
G1 X135.741 Y145.741 E.01289
G1 X135.955 Y145.426 E.01289
G1 X136.039 Y145.021 E.014
G1 X136.039 Y136.789 E.27864
G1 X136.961 Y136.789 E.03121
G1 X136.961 Y137.25 E.0156
G1 X136.961 Y146.961 E.32871
G1 X119.039 Y146.961 E.60664
G1 X119.039 Y136.789 E.34431
G1 X119.961 Y136.789 E.03121
G1 X119.961 Y145.021 E.27864
G1 X120.045 Y145.426 E.014
G1 X120.259 Y145.741 E.01289
G1 X120.574 Y145.955 E.01289
G1 X120.76 Y145.994 E.00643
M204 S4000
G1 X120.76 Y145.994 F15000
G1 X120.899 Y145.616
M204 S2500
G1 F2556
G1 X120.979 Y145.632 E.00276
G1 X135.021 Y145.632 E.4753
G1 X135.264 Y145.582 E.0084
G1 X135.453 Y145.453 E.00775
G1 X135.582 Y145.264 E.00775
G1 X135.632 Y145.021 E.0084
G1 X135.632 Y136.382 E.29242
G1 X137.368 Y136.382 E.05876
G1 X137.368 Y137.25 E.02938
G1 X137.368 Y147.368 E.34248
G1 X118.632 Y147.368 E.63419
G1 X118.632 Y136.382 E.37186
G1 X120.368 Y136.382 E.05876
G1 X120.368 Y145.021 E.29242
G1 X120.418 Y145.264 E.0084
G1 X120.547 Y145.453 E.00775
G1 X120.736 Y145.582 E.00775
G1 X120.84 Y145.603 E.00359
M204 S4000
G1 X120.84 Y145.603 F15000
G1 X120.979 Y145.225
M204 S2500
;TYPE:External perimeter
G1 F2556
G1 X135.021 Y145.225 E.4753
G1 X135.165 Y145.165 E.00528
G1 X135.225 Y145.021 E.00528
G1 X135.225 Y135.975 E.3062
G1 X137.775 Y135.975 E.08631
G1 X137.775 Y137.25 E.04316
G1 X137.775 Y147.775 E.35626
G1 X118.225 Y147.775 E.66174
G1 X118.225 Y135.975 E.39942
G1 X120.775 Y135.975 E.08631
G1 X120.775 Y145.021 E.3062
G1 X120.835 Y145.165 E.00528
G1 X120.923 Y145.202 E.00323
M204 S4000
G1 X121.323 Y145.222 F15000
G1 E-2 F2400
G1 X136.32 Y137.07 F15000
G1 E2 F2400
;TYPE:Solid infill
;WIDTH:0.401993
G1 F2556
G1 X136.32 Y145.017 E.23727
;WIDTH:0.449999
G1 X136.218 Y145.577 E.01927
G1 X135.956 Y145.956 E.0156
G1 X135.503 Y146.249 E.01826
G1 X135.017 Y146.32 E.01663
;WIDTH:0.401993
G1 X120.989 Y146.32 E.41883
;WIDTH:0.449999
G1 X120.493 Y146.246 E.01697
G1 X120.044 Y145.956 E.01809
G1 X119.751 Y145.503 E.01826
G1 X119.68 Y145.017 E.01663
;WIDTH:0.401993
G1 X119.68 Y137.07 E.23727
G1 X119.32 Y137.07 E.01075
G1 X119.32 Y145.017 E.23727
;WIDTH:0.449999
G1 X119.344 Y145.545 E.01789
G1 X119.344 Y146.656 E.03761
G1 X120.451 Y146.656 E.03747
G1 X120.989 Y146.68 E.01823
;WIDTH:0.401993
G1 X135.017 Y146.68 E.41883
;WIDTH:0.449999
G1 X135.545 Y146.656 E.01789
G1 X136.656 Y146.656 E.03761
G1 X136.656 Y145.545 E.03761
G1 X136.68 Y145.017 E.01789
;WIDTH:0.401993
G1 X136.68 Y137.07 E.23727
G1 X136.524 Y137.07 E.00466
G1 E-2 F2400
G1 X136.524 Y137.07 F15000
G1 X136.295 Y146.232
G1 E2 F2400
;WIDTH:0.455784
G1 F2556
G1 X136.259 Y146.196 E.00175
G1 X136.209 Y146.209 E.00177
G1 X136.196 Y146.259 E.00177
G1 X136.232 Y146.295 E.00175
G1 X136.282 Y146.282 E.00177
G1 E-2 F2400
G1 X119.804 Y146.232 F15000
G1 E2 F2400
;WIDTH:0.45578
G1 F2556
G1 X119.768 Y146.196 E.00175
G1 X119.718 Y146.209 E.00177
G1 X119.705 Y146.259 E.00177
G1 X119.741 Y146.295 E.00175
G1 X119.791 Y146.282 E.00177
;LAYER_CHANGE
;Z:9.05
;HEIGHT:0.2
G1 Z9.05 F15000
G1 X120.819 Y146.006
G1 Z9.05
M204 S2500
;TYPE:Perimeter
;WIDTH:0.449999
G1 F2377
G1 X120.979 Y146.039 E.00553
G1 X135.021 Y146.039 E.4753
G1 X135.426 Y145.955 E.014
G1 X135.741 Y145.741 E.01289
G1 X135.955 Y145.426 E.01289
G1 X136.039 Y145.021 E.014
G1 X136.039 Y136.989 E.27187
G1 X136.961 Y136.989 E.03121
G1 X136.961 Y137.45 E.0156
G1 X136.961 Y146.961 E.32194
G1 X119.039 Y146.961 E.60664
G1 X119.039 Y136.989 E.33754
G1 X119.961 Y136.989 E.03121
G1 X119.961 Y145.021 E.27187
G1 X120.045 Y145.426 E.014
G1 X120.259 Y145.741 E.01289
G1 X120.574 Y145.955 E.01289
G1 X120.76 Y145.994 E.00643
M204 S4000
G1 X120.76 Y145.994 F15000
G1 X120.899 Y145.616
M204 S2500
G1 F2377
G1 X120.979 Y145.632 E.00276
G1 X135.021 Y145.632 E.4753
G1 X135.264 Y145.582 E.0084
G1 X135.453 Y145.453 E.00775
G1 X135.582 Y145.264 E.00775
G1 X135.632 Y145.021 E.0084
G1 X135.632 Y136.582 E.28565
G1 X137.368 Y136.582 E.05876
G1 X137.368 Y137.45 E.02938
G1 X137.368 Y147.368 E.33571
G1 X118.632 Y147.368 E.63419
G1 X118.632 Y136.582 E.36509
G1 X120.368 Y136.582 E.05876
G1 X120.368 Y145.021 E.28565
G1 X120.418 Y145.264 E.0084
G1 X120.547 Y145.453 E.00775
G1 X120.736 Y145.582 E.00775
G1 X120.84 Y145.603 E.00359
M204 S4000
G1 X120.84 Y145.603 F15000
G1 X120.979 Y145.225
M204 S2500
;TYPE:External perimeter
G1 F2377
G1 X135.021 Y145.225 E.4753
G1 X135.165 Y145.165 E.00528
G1 X135.225 Y145.021 E.00528
G1 X135.225 Y136.175 E.29943
G1 X137.775 Y136.175 E.08631
G1 X137.775 Y137.45 E.04316
G1 X137.775 Y147.775 E.34949
G1 X118.225 Y147.775 E.66174
G1 X118.225 Y136.175 E.39265
G1 X120.775 Y136.175 E.08631
G1 X120.775 Y145.021 E.29943
G1 X120.835 Y145.165 E.00528
G1 X120.923 Y145.202 E.00323
M204 S4000
G1 X121.323 Y145.222 F15000
G1 E-2 F2400
G1 X119.32 Y144.814 F15000
G1 E2 F2400
;TYPE:Solid infill
;WIDTH:0.401994
G1 F2377
G1 X119.32 Y137.27 E.22524
G1 X119.68 Y137.27 E.01075
G1 X119.68 Y145.017 E.2313
;WIDTH:0.449999
G1 X119.751 Y145.503 E.01663
G1 X120.044 Y145.956 E.01826
G1 X120.493 Y146.246 E.01809
G1 X120.989 Y146.32 E.01697
;WIDTH:0.401993
G1 X135.017 Y146.32 E.41883
;WIDTH:0.449999
G1 X135.503 Y146.249 E.01663
G1 X135.926 Y145.98 E.01697
G1 X136.218 Y145.577 E.01685
G1 X136.32 Y145.017 E.01927
;WIDTH:0.401994
G1 X136.32 Y137.27 E.2313
G1 X136.5 Y137.27 E.00537
G1 X136.68 Y137.27 E.00537
G1 X136.68 Y145.017 E.2313
;WIDTH:0.449999
G1 X136.656 Y145.545 E.01789
G1 X136.656 Y146.656 E.03761
G1 X135.545 Y146.656 E.03761
G1 X135.017 Y146.68 E.01789
;WIDTH:0.401993
G1 X120.989 Y146.68 E.41883
;WIDTH:0.449999
G1 X120.451 Y146.656 E.01823
G1 X119.344 Y146.656 E.03747
G1 X119.344 Y145.545 E.03761
G1 X119.32 Y145.017 E.01789
G1 X119.32 Y145.017 F15000
G1 X119.741 Y146.196
;WIDTH:0.455782
G1 F2377
G1 X119.705 Y146.232 E.00175
G1 X119.718 Y146.282 E.00177
G1 X119.768 Y146.295 E.00177
G1 X119.804 Y146.259 E.00175
G1 X119.791 Y146.209 E.00177
G1 E-2 F2400
G1 X136.232 Y146.196 F15000
G1 E2 F2400
;WIDTH:0.455784
G1 F2377
G1 X136.196 Y146.232 E.00175
G1 X136.209 Y146.282 E.00177
G1 X136.259 Y146.295 E.00177
G1 X136.295 Y146.259 E.00175
G1 X136.282 Y146.209 E.00177
;LAYER_CHANGE
;Z:9.25
;HEIGHT:0.2
G1 Z9.25 F15000
G1 E-2 F2400
G1 Z9.25 F15000
G1 X120.819 Y146.006
G1 Z9.25
G1 E2 F2400
M204 S2500
;TYPE:Perimeter
;WIDTH:0.449999
G1 F2503
G1 X120.979 Y146.039 E.00553
G1 X135.021 Y146.039 E.4753
G1 X135.426 Y145.955 E.014
G1 X135.741 Y145.741 E.01289
G1 X135.955 Y145.426 E.01289
G1 X136.039 Y145.021 E.014
G1 X136.039 Y137.189 E.2651
G1 X136.961 Y137.189 E.03121
G1 X136.961 Y137.65 E.0156
G1 X136.961 Y146.961 E.31517
G1 X119.039 Y146.961 E.60664
G1 X119.039 Y137.189 E.33077
G1 X119.961 Y137.189 E.03121
G1 X119.961 Y145.021 E.2651
G1 X120.045 Y145.426 E.014
G1 X120.259 Y145.741 E.01289
G1 X120.574 Y145.955 E.01289
G1 X120.76 Y145.994 E.00643
M204 S4000
G1 X120.76 Y145.994 F15000
G1 X120.899 Y145.616
M204 S2500
G1 F2503
G1 X120.979 Y145.632 E.00276
G1 X135.021 Y145.632 E.4753
G1 X135.264 Y145.582 E.0084
G1 X135.453 Y145.453 E.00775
G1 X135.582 Y145.264 E.00775
G1 X135.632 Y145.021 E.0084
G1 X135.632 Y136.782 E.27888
G1 X137.368 Y136.782 E.05876
G1 X137.368 Y137.65 E.02938
G1 X137.368 Y147.368 E.32894
G1 X118.632 Y147.368 E.63419
G1 X118.632 Y136.782 E.35832
G1 X120.368 Y136.782 E.05876
G1 X120.368 Y145.021 E.27888
G1 X120.418 Y145.264 E.0084
G1 X120.547 Y145.453 E.00775
G1 X120.736 Y145.582 E.00775
G1 X120.84 Y145.603 E.00359
M204 S4000
G1 X120.84 Y145.603 F15000
G1 X120.979 Y145.225
M204 S2500
;TYPE:External perimeter
G1 F2503
G1 X135.021 Y145.225 E.4753
G1 X135.165 Y145.165 E.00528
G1 X135.225 Y145.021 E.00528
G1 X135.225 Y136.375 E.29266
G1 X137.775 Y136.375 E.08631
G1 X137.775 Y137.65 E.04316
G1 X137.775 Y147.775 E.34272
G1 X118.225 Y147.775 E.66174
G1 X118.225 Y136.375 E.38588
G1 X120.775 Y136.375 E.08631
G1 X120.775 Y145.021 E.29266
G1 X120.835 Y145.165 E.00528
G1 X120.923 Y145.202 E.00323
M204 S4000
G1 X121.323 Y145.222 F15000
G1 E-2 F2400
G1 X136.32 Y137.47 F15000
G1 E2 F2400
;TYPE:Solid infill
;WIDTH:0.401993
G1 F2503
G1 X136.32 Y145.017 E.22533
;WIDTH:0.449999
G1 X136.218 Y145.577 E.01927
G1 X135.956 Y145.956 E.0156
G1 X135.503 Y146.249 E.01826
G1 X135.017 Y146.32 E.01663
;WIDTH:0.401993
G1 X120.989 Y146.32 E.41883
;WIDTH:0.449999
G1 X120.493 Y146.246 E.01697
G1 X120.044 Y145.956 E.01809
G1 X119.751 Y145.503 E.01826
G1 X119.68 Y145.017 E.01663
;WIDTH:0.401993
G1 X119.68 Y137.47 E.22533
G1 X119.32 Y137.47 E.01075
G1 X119.32 Y145.017 E.22533
;WIDTH:0.449999
G1 X119.344 Y145.545 E.01789
G1 X119.344 Y146.656 E.03761
G1 X120.451 Y146.656 E.03747
G1 X120.989 Y146.68 E.01823
;WIDTH:0.401993
G1 X135.017 Y146.68 E.41883
;WIDTH:0.449999
G1 X135.545 Y146.656 E.01789
G1 X136.656 Y146.656 E.03761
G1 X136.656 Y145.545 E.03761
G1 X136.68 Y145.017 E.01789
;WIDTH:0.401993
G1 X136.68 Y137.47 E.22533
G1 X136.524 Y137.47 E.00466
G1 E-2 F2400
G1 X136.524 Y137.47 F15000
G1 X136.295 Y146.232
G1 E2 F2400
;WIDTH:0.455784
G1 F2503
G1 X136.259 Y146.196 E.00175
G1 X136.209 Y146.209 E.00177
G1 X136.196 Y146.259 E.00177
G1 X136.232 Y146.295 E.00175
G1 X136.282 Y146.282 E.00177
G1 E-2 F2400
G1 X119.804 Y146.232 F15000
G1 E2 F2400
;WIDTH:0.45578
G1 F2503
G1 X119.768 Y146.196 E.00175
G1 X119.718 Y146.209 E.00177
G1 X119.705 Y146.259 E.00177
G1 X119.741 Y146.295 E.00175
G1 X119.791 Y146.282 E.00177
;LAYER_CHANGE
;Z:9.45
;HEIGHT:0.2
G1 Z9.45 F15000
G1 X120.819 Y146.006
G1 Z9.45
M204 S2500
;TYPE:Perimeter
;WIDTH:0.449999
G1 F2327
G1 X120.979 Y146.039 E.00553
G1 X135.021 Y146.039 E.4753
G1 X135.426 Y145.955 E.014
G1 X135.741 Y145.741 E.01289
G1 X135.955 Y145.426 E.01289
G1 X136.039 Y145.021 E.014
G1 X136.039 Y137.389 E.25833
G1 X136.961 Y137.389 E.03121
G1 X136.961 Y137.85 E.0156
G1 X136.961 Y146.961 E.3084
G1 X119.039 Y146.961 E.60664
G1 X119.039 Y137.389 E.324
G1 X119.961 Y137.389 E.03121
G1 X119.961 Y145.021 E.25833
G1 X120.045 Y145.426 E.014
G1 X120.259 Y145.741 E.01289
G1 X120.574 Y145.955 E.01289
G1 X120.76 Y145.994 E.00643
M204 S4000
G1 X120.76 Y145.994 F15000
G1 X120.899 Y145.616
M204 S2500
G1 F2327
G1 X120.979 Y145.632 E.00276
G1 X135.021 Y145.632 E.4753
G1 X135.264 Y145.582 E.0084
G1 X135.453 Y145.453 E.00775
G1 X135.582 Y145.264 E.00775
G1 X135.632 Y145.021 E.0084
G1 X135.632 Y136.982 E.27211
G1 X137.368 Y136.982 E.05876
G1 X137.368 Y137.85 E.02938
G1 X137.368 Y147.368 E.32217
G1 X118.632 Y147.368 E.63419
G1 X118.632 Y136.982 E.35155
G1 X120.368 Y136.982 E.05876
G1 X120.368 Y145.021 E.27211
G1 X120.418 Y145.264 E.0084
G1 X120.547 Y145.453 E.00775
G1 X120.736 Y145.582 E.00775
G1 X120.84 Y145.603 E.00359
M204 S4000
G1 X120.84 Y145.603 F15000
G1 X120.979 Y145.225
M204 S2500
;TYPE:External perimeter
G1 F2327
G1 X135.021 Y145.225 E.4753
G1 X135.165 Y145.165 E.00528
G1 X135.225 Y145.021 E.00528
G1 X135.225 Y136.575 E.28589
G1 X137.775 Y136.575 E.08631
G1 X137.775 Y137.85 E.04316
G1 X137.775 Y147.775 E.33595
G1 X118.225 Y147.775 E.66174
G1 X118.225 Y136.575 E.37911
G1 X120.775 Y136.575 E.08631
G1 X120.775 Y145.021 E.28589
G1 X120.835 Y145.165 E.00528
G1 X120.923 Y145.202 E.00323
M204 S4000
G1 X121.323 Y145.222 F15000
G1 E-2 F2400
G1 X119.32 Y144.814 F15000
G1 E2 F2400
;TYPE:Solid infill
;WIDTH:0.401993
G1 F2327
G1 X119.32 Y137.67 E.2133
G1 X119.68 Y137.67 E.01075
G1 X119.68 Y145.017 E.21936
;WIDTH:0.449999
G1 X119.751 Y145.503 E.01663
G1 X120.044 Y145.956 E.01826
G1 X120.493 Y146.246 E.01809
G1 X120.989 Y146.32 E.01697
;WIDTH:0.401993
G1 X135.017 Y146.32 E.41883
;WIDTH:0.449999
G1 X135.503 Y146.249 E.01663
G1 X135.926 Y145.98 E.01697
G1 X136.218 Y145.577 E.01685
G1 X136.32 Y145.017 E.01927
;WIDTH:0.401994
G1 X136.32 Y137.67 E.21936
G1 X136.68 Y137.67 E.01075
G1 X136.68 Y145.017 E.21936
;WIDTH:0.449999
G1 X136.656 Y145.545 E.01789
G1 X136.656 Y146.656 E.03761
G1 X135.545 Y146.656 E.03761
G1 X135.017 Y146.68 E.01789
;WIDTH:0.401993
G1 X120.989 Y146.68 E.41883
;WIDTH:0.449999
G1 X120.451 Y146.656 E.01823
G1 X119.344 Y146.656 E.03747
G1 X119.344 Y145.545 E.03761
G1 X119.32 Y145.017 E.01789
G1 X119.32 Y145.017 F15000
G1 X119.741 Y146.196
;WIDTH:0.455782
G1 F2327
G1 X119.705 Y146.232 E.00175
G1 X119.718 Y146.282 E.00177
G1 X119.768 Y146.295 E.00177
G1 X119.804 Y146.259 E.00175
G1 X119.791 Y146.209 E.00177
G1 E-2 F2400
G1 X136.232 Y146.196 F15000
G1 E2 F2400
;WIDTH:0.455784
G1 F2327
G1 X136.196 Y146.232 E.00175
G1 X136.209 Y146.282 E.00177
G1 X136.259 Y146.295 E.00177
G1 X136.295 Y146.259 E.00175
G1 X136.282 Y146.209 E.00177
;LAYER_CHANGE
;Z:9.65
;HEIGHT:0.2
G1 Z9.65 F15000
G1 E-2 F2400
G1 Z9.65 F15000
G1 X120.819 Y146.006
G1 Z9.65
G1 E2 F2400
M204 S2500
;TYPE:Perimeter
;WIDTH:0.449999
G1 F2450
G1 X120.979 Y146.039 E.00553
G1 X135.021 Y146.039 E.4753
G1 X135.426 Y145.955 E.014
G1 X135.741 Y145.741 E.01289
G1 X135.955 Y145.426 E.01289
G1 X136.039 Y145.021 E.014
G1 X136.039 Y137.589 E.25156
G1 X136.961 Y137.589 E.03121
G1 X136.961 Y138.05 E.0156
G1 X136.961 Y146.961 E.30163
G1 X119.039 Y146.961 E.60664
G1 X119.039 Y137.589 E.31723
G1 X119.961 Y137.589 E.03121
G1 X119.961 Y145.021 E.25156
G1 X120.045 Y145.426 E.014
G1 X120.259 Y145.741 E.01289
G1 X120.574 Y145.955 E.01289
G1 X120.76 Y145.994 E.00643
M204 S4000
G1 X120.76 Y145.994 F15000
G1 X120.899 Y145.616
M204 S2500
G1 F2450
G1 X120.979 Y145.632 E.00276
G1 X135.021 Y145.632 E.4753
G1 X135.264 Y145.582 E.0084
G1 X135.453 Y145.453 E.00775
G1 X135.582 Y145.264 E.00775
G1 X135.632 Y145.021 E.0084
G1 X135.632 Y137.182 E.26534
G1 X137.368 Y137.182 E.05876
G1 X137.368 Y138.05 E.02938
G1 X137.368 Y147.368 E.3154
G1 X118.632 Y147.368 E.63419
G1 X118.632 Y137.182 E.34478
G1 X120.368 Y137.182 E.05876
G1 X120.368 Y145.021 E.26534
G1 X120.418 Y145.264 E.0084
G1 X120.547 Y145.453 E.00775
G1 X120.736 Y145.582 E.00775
G1 X120.84 Y145.603 E.00359
M204 S4000
G1 X120.84 Y145.603 F15000
G1 X120.979 Y145.225
M204 S2500
;TYPE:External perimeter
G1 F2450
G1 X135.021 Y145.225 E.4753
G1 X135.165 Y145.165 E.00528
G1 X135.225 Y145.021 E.00528
G1 X135.225 Y136.775 E.27912
G1 X137.775 Y136.775 E.08631
G1 X137.775 Y138.05 E.04316
G1 X137.775 Y147.775 E.32918
G1 X118.225 Y147.775 E.66174
G1 X118.225 Y136.775 E.37234
G1 X120.775 Y136.775 E.08631
G1 X120.775 Y145.021 E.27912
G1 X120.835 Y145.165 E.00528
G1 X120.923 Y145.202 E.00323
M204 S4000
G1 X121.323 Y145.222 F15000
G1 E-2 F2400
G1 X136.32 Y137.87 F15000
G1 E2 F2400
;TYPE:Solid infill
;WIDTH:0.401991
G1 F2450
G1 X136.32 Y145.017 E.21339
;WIDTH:0.449999
G1 X136.218 Y145.577 E.01927
G1 X135.956 Y145.956 E.0156
G1 X135.503 Y146.249 E.01826
G1 X135.017 Y146.32 E.01663
;WIDTH:0.401993
G1 X120.989 Y146.32 E.41883
;WIDTH:0.449999
G1 X120.493 Y146.246 E.01697
G1 X120.044 Y145.956 E.01809
G1 X119.751 Y145.503 E.01826
G1 X119.68 Y145.017 E.01663
;WIDTH:0.401993
G1 X119.68 Y137.87 E.21339
G1 X119.32 Y137.87 E.01075
G1 X119.32 Y145.017 E.21339
;WIDTH:0.449999
G1 X119.344 Y145.545 E.01789
G1 X119.344 Y146.656 E.03761
G1 X120.451 Y146.656 E.03747
G1 X120.989 Y146.68 E.01823
;WIDTH:0.401993
G1 X135.017 Y146.68 E.41883
;WIDTH:0.449999
G1 X135.545 Y146.656 E.01789
G1 X136.656 Y146.656 E.03761
G1 X136.656 Y145.545 E.03761
G1 X136.68 Y145.017 E.01789
;WIDTH:0.401993
G1 X136.68 Y137.87 E.21339
G1 X136.524 Y137.87 E.00466
G1 E-2 F2400
G1 X136.524 Y137.87 F15000
G1 X136.295 Y146.232
G1 E2 F2400
;WIDTH:0.455784
G1 F2450
G1 X136.259 Y146.196 E.00175
G1 X136.209 Y146.209 E.00177
G1 X136.196 Y146.259 E.00177
G1 X136.232 Y146.295 E.00175
G1 X136.282 Y146.282 E.00177
G1 E-2 F2400
G1 X119.804 Y146.232 F15000
G1 E2 F2400
;WIDTH:0.45578
G1 F2450
G1 X119.768 Y146.196 E.00175
G1 X119.718 Y146.209 E.00177
G1 X119.705 Y146.259 E.00177
G1 X119.741 Y146.295 E.00175
G1 X119.791 Y146.282 E.00177
;LAYER_CHANGE
;Z:9.85
;HEIGHT:0.200001
G1 Z9.85 F15000
G1 X120.819 Y146.006
G1 Z9.85
M204 S2500
;TYPE:Perimeter
;WIDTH:0.449999
G1 F2277
G1 X120.979 Y146.039 E.00553
G1 X135.021 Y146.039 E.4753
G1 X135.426 Y145.955 E.014
G1 X135.741 Y145.741 E.01289
G1 X135.955 Y145.426 E.01289
G1 X136.039 Y145.021 E.014
G1 X136.039 Y137.789 E.24479
G1 X136.961 Y137.789 E.03121
G1 X136.961 Y138.25 E.0156
G1 X136.961 Y146.961 E.29486
G1 X119.039 Y146.961 E.60664
G1 X119.039 Y137.789 E.31046
G1 X119.961 Y137.789 E.03121
G1 X119.961 Y145.021 E.24479
G1 X120.045 Y145.426 E.014
G1 X120.259 Y145.741 E.01289
G1 X120.574 Y145.955 E.01289
G1 X120.76 Y145.994 E.00643
M204 S4000
G1 X120.76 Y145.994 F15000
G1 X120.899 Y145.616
M204 S2500
G1 F2277
G1 X120.979 Y145.632 E.00276
G1 X135.021 Y145.632 E.4753
G1 X135.264 Y145.582 E.0084
G1 X135.453 Y145.453 E.00775
G1 X135.582 Y145.264 E.00775
G1 X135.632 Y145.021 E.0084
G1 X135.632 Y137.382 E.25857
G1 X137.368 Y137.382 E.05876
G1 X137.368 Y138.25 E.02938
G1 X137.368 Y147.368 E.30863
G1 X118.632 Y147.368 E.63419
G1 X118.632 Y137.382 E.33801
G1 X120.368 Y137.382 E.05876
G1 X120.368 Y145.021 E.25857
G1 X120.418 Y145.264 E.0084
G1 X120.547 Y145.453 E.00775
G1 X120.736 Y145.582 E.00775
G1 X120.84 Y145.603 E.00359
M204 S4000
G1 X120.84 Y145.603 F15000
G1 X120.979 Y145.225
M204 S2500
;TYPE:External perimeter
G1 F2277
G1 X135.021 Y145.225 E.4753
G1 X135.165 Y145.165 E.00528
G1 X135.225 Y145.021 E.00528
G1 X135.225 Y136.975 E.27235
G1 X137.775 Y136.975 E.08631
G1 X137.775 Y138.25 E.04316
G1 X137.775 Y147.775 E.32241
G1 X118.225 Y147.775 E.66174
G1 X118.225 Y136.975 E.36557
G1 X120.775 Y136.975 E.08631
G1 X120.775 Y145.021 E.27235
G1 X120.835 Y145.165 E.00528
G1 X120.923 Y145.202 E.00323
M204 S4000
G1 X121.323 Y145.222 F15000
G1 E-2 F2400
G1 X119.32 Y144.814 F15000
G1 E2 F2400
;TYPE:Solid infill
;WIDTH:0.401994
G1 F2277
G1 X119.32 Y138.07 E.20136
G1 X119.68 Y138.07 E.01075
G1 X119.68 Y145.017 E.20742
;WIDTH:0.449999
G1 X119.751 Y145.503 E.01663
G1 X120.044 Y145.956 E.01826
G1 X120.493 Y146.246 E.01809
G1 X120.989 Y146.32 E.01697
;WIDTH:0.401993
G1 X135.017 Y146.32 E.41883
;WIDTH:0.449999
G1 X135.503 Y146.249 E.01663
G1 X135.926 Y145.98 E.01697
G1 X136.218 Y145.577 E.01685
G1 X136.32 Y145.017 E.01927
;WIDTH:0.401994
G1 X136.32 Y138.07 E.20742
G1 X136.5 Y138.07 E.00537
G1 X136.68 Y138.07 E.00537
G1 X136.68 Y145.017 E.20742
;WIDTH:0.449999
G1 X136.656 Y145.545 E.01789
G1 X136.656 Y146.656 E.03761
G1 X135.545 Y146.656 E.03761
G1 X135.017 Y146.68 E.01789
;WIDTH:0.401993
G1 X120.989 Y146.68 E.41883
;WIDTH:0.449999
G1 X120.451 Y146.656 E.01823
G1 X119.344 Y146.656 E.03747
G1 X119.344 Y145.545 E.03761
G1 X119.32 Y145.017 E.01789
G1 X119.32 Y145.017 F15000
G1 X119.741 Y146.196
;WIDTH:0.455782
G1 F2277
G1 X119.705 Y146.232 E.00175
G1 X119.718 Y146.282 E.00177
G1 X119.768 Y146.295 E.00177
G1 X119.804 Y146.259 E.00175
G1 X119.791 Y146.209 E.00177
G1 E-2 F2400
G1 X136.232 Y146.196 F15000
G1 E2 F2400
;WIDTH:0.455784
G1 F2277
G1 X136.196 Y146.232 E.00175
G1 X136.209 Y146.282 E.00177
G1 X136.259 Y146.295 E.00177
G1 X136.295 Y146.259 E.00175
G1 X136.282 Y146.209 E.00177
;LAYER_CHANGE
;Z:10.05
;HEIGHT:0.2
G1 Z10.05 F15000
G1 E-2 F2400
G1 Z10.05 F15000
G1 X120.819 Y146.006
G1 Z10.05
G1 E2 F2400
M204 S2500
;TYPE:Perimeter
;WIDTH:0.449999
G1 F2397
G1 X120.979 Y146.039 E.00553
G1 X135.021 Y146.039 E.4753
G1 X135.426 Y145.955 E.014
G1 X135.741 Y145.741 E.01289
G1 X135.955 Y145.426 E.01289
G1 X136.039 Y145.021 E.014
G1 X136.039 Y137.989 E.23802
G1 X136.961 Y137.989 E.03121
G1 X136.961 Y138.45 E.0156
G1 X136.961 Y146.961 E.28809
G1 X119.039 Y146.961 E.60664
G1 X119.039 Y137.989 E.30369
G1 X119.961 Y137.989 E.03121
G1 X119.961 Y145.021 E.23802
G1 X120.045 Y145.426 E.014
G1 X120.259 Y145.741 E.01289
G1 X120.574 Y145.955 E.01289
G1 X120.76 Y145.994 E.00643
M204 S4000
G1 X120.76 Y145.994 F15000
G1 X120.899 Y145.616
M204 S2500
G1 F2397
G1 X120.979 Y145.632 E.00276
G1 X135.021 Y145.632 E.4753
G1 X135.264 Y145.582 E.0084
G1 X135.453 Y145.453 E.00775
G1 X135.582 Y145.264 E.00775
G1 X135.632 Y145.021 E.0084
G1 X135.632 Y137.582 E.2518
G1 X137.368 Y137.582 E.05876
G1 X137.368 Y138.45 E.02938
G1 X137.368 Y147.368 E.30186
G1 X118.632 Y147.368 E.63419
G1 X118.632 Y137.582 E.33124
G1 X120.368 Y137.582 E.05876
G1 X120.368 Y145.021 E.2518
G1 X120.418 Y145.264 E.0084
G1 X120.547 Y145.453 E.00775
G1 X120.736 Y145.582 E.00775
G1 X120.84 Y145.603 E.00359
M204 S4000
G1 X120.84 Y145.603 F15000
G1 X120.979 Y145.225
M204 S2500
;TYPE:External perimeter
G1 F2397
G1 X135.021 Y145.225 E.4753
G1 X135.165 Y145.165 E.00528
G1 X135.225 Y145.021 E.00528
G1 X135.225 Y137.175 E.26558
G1 X137.775 Y137.175 E.08631
G1 X137.775 Y138.45 E.04316
G1 X137.775 Y147.775 E.31564
G1 X118.225 Y147.775 E.66174
G1 X118.225 Y137.175 E.3588
G1 X120.775 Y137.175 E.08631
G1 X120.775 Y145.021 E.26558
G1 X120.835 Y145.165 E.00528
G1 X120.923 Y145.202 E.00323
M204 S4000
G1 X121.323 Y145.222 F15000
G1 E-2 F2400
G1 X136.32 Y138.27 F15000
G1 E2 F2400
;TYPE:Solid infill
;WIDTH:0.401993
G1 F2397
G1 X136.32 Y145.017 E.20145
;WIDTH:0.449999
G1 X136.218 Y145.577 E.01927
G1 X135.956 Y145.956 E.0156
G1 X135.503 Y146.249 E.01826
G1 X135.017 Y146.32 E.01663
;WIDTH:0.401993
G1 X120.989 Y146.32 E.41883
;WIDTH:0.449999
G1 X120.493 Y146.246 E.01697
G1 X120.044 Y145.956 E.01809
G1 X119.751 Y145.503 E.01826
G1 X119.68 Y145.017 E.01663
;WIDTH:0.401993
G1 X119.68 Y138.27 E.20145
G1 X119.32 Y138.27 E.01075
G1 X119.32 Y145.017 E.20145
;WIDTH:0.449999
G1 X119.344 Y145.545 E.01789
G1 X119.344 Y146.656 E.03761
G1 X120.451 Y146.656 E.03747
G1 X120.989 Y146.68 E.01823
;WIDTH:0.401993
G1 X135.017 Y146.68 E.41883
;WIDTH:0.449999
G1 X135.545 Y146.656 E.01789
G1 X136.656 Y146.656 E.03761
G1 X136.656 Y145.545 E.03761
G1 X136.68 Y145.017 E.01789
;WIDTH:0.401993
G1 X136.68 Y138.27 E.20145
G1 X136.524 Y138.27 E.00466
G1 E-2 F2400
G1 X136.524 Y138.27 F15000
G1 X136.295 Y146.232
G1 E2 F2400
;WIDTH:0.455784
G1 F2397
G1 X136.259 Y146.196 E.00175
G1 X136.209 Y146.209 E.00177
G1 X136.196 Y146.259 E.00177
G1 X136.232 Y146.295 E.00175
G1 X136.282 Y146.282 E.00177
G1 E-2 F2400
G1 X119.804 Y146.232 F15000
G1 E2 F2400
;WIDTH:0.45578
G1 F2397
G1 X119.768 Y146.196 E.00175
G1 X119.718 Y146.209 E.00177
G1 X119.705 Y146.259 E.00177
G1 X119.741 Y146.295 E.00175
G1 X119.791 Y146.282 E.00177
;LAYER_CHANGE
;Z:10.25
;HEIGHT:0.2
G1 Z10.25 F15000
G1 X120.819 Y146.006
G1 Z10.25
M204 S2500
;TYPE:Perimeter
;WIDTH:0.449999
G1 F2227
G1 X120.979 Y146.039 E.00553
G1 X135.021 Y146.039 E.4753
G1 X135.426 Y145.955 E.014
G1 X135.741 Y145.741 E.01289
G1 X135.955 Y145.426 E.01289
G1 X136.039 Y145.021 E.014
G1 X136.039 Y138.189 E.23125
G1 X136.961 Y138.189 E.03121
G1 X136.961 Y138.65 E.0156
G1 X136.961 Y146.961 E.28132
G1 X119.039 Y146.961 E.60664
G1 X119.039 Y138.189 E.29692
G1 X119.961 Y138.189 E.03121
G1 X119.961 Y145.021 E.23125
G1 X120.045 Y145.426 E.014
G1 X120.259 Y145.741 E.01289
G1 X120.574 Y145.955 E.01289
G1 X120.76 Y145.994 E.00643
M204 S4000
G1 X120.76 Y145.994 F15000
G1 X120.899 Y145.616
M204 S2500
G1 F2227
G1 X120.979 Y145.632 E.00276
G1 X135.021 Y145.632 E.4753
G1 X135.264 Y145.582 E.0084
G1 X135.453 Y145.453 E.00775
G1 X135.582 Y145.264 E.00775
G1 X135.632 Y145.021 E.0084
G1 X135.632 Y137.782 E.24503
G1 X137.368 Y137.782 E.05876
G1 X137.368 Y138.65 E.02938
G1 X137.368 Y147.368 E.29509
G1 X118.632 Y147.368 E.63419
G1 X118.632 Y137.782 E.32447
G1 X120.368 Y137.782 E.05876
G1 X120.368 Y145.021 E.24503
G1 X120.418 Y145.264 E.0084
G1 X120.547 Y145.453 E.00775
G1 X120.736 Y145.582 E.00775
G1 X120.84 Y145.603 E.00359
M204 S4000
G1 X120.84 Y145.603 F15000
G1 X120.979 Y145.225
M204 S2500
;TYPE:External perimeter
G1 F2227
G1 X135.021 Y145.225 E.4753
G1 X135.165 Y145.165 E.00528
G1 X135.225 Y145.021 E.00528
G1 X135.225 Y137.375 E.25881
G1 X137.775 Y137.375 E.08631
G1 X137.775 Y138.65 E.04316
G1 X137.775 Y147.775 E.30887
G1 X118.225 Y147.775 E.66174
G1 X118.225 Y137.375 E.35203
G1 X120.775 Y137.375 E.08631
G1 X120.775 Y145.021 E.25881
G1 X120.835 Y145.165 E.00528
G1 X120.923 Y145.202 E.00323
M204 S4000
G1 X121.323 Y145.222 F15000
G1 E-2 F2400
G1 X119.32 Y144.814 F15000
G1 E2 F2400
;TYPE:Solid infill
;WIDTH:0.401994
G1 F2227
G1 X119.32 Y138.47 E.18941
G1 X119.68 Y138.47 E.01075
G1 X119.68 Y145.017 E.19547
;WIDTH:0.449999
G1 X119.751 Y145.503 E.01663
G1 X120.044 Y145.956 E.01826
G1 X120.493 Y146.246 E.01809
G1 X120.989 Y146.32 E.01697
;WIDTH:0.401993
G1 X135.017 Y146.32 E.41883
;WIDTH:0.449999
G1 X135.503 Y146.249 E.01663
G1 X135.926 Y145.98 E.01697
G1 X136.218 Y145.577 E.01685
G1 X136.32 Y145.017 E.01927
;WIDTH:0.401994
G1 X136.32 Y138.47 E.19547
G1 X136.5 Y138.47 E.00537
G1 X136.68 Y138.47 E.00537
G1 X136.68 Y145.017 E.19547
;WIDTH:0.449999
G1 X136.656 Y145.545 E.01789
G1 X136.656 Y146.656 E.03761
G1 X135.545 Y146.656 E.03761
G1 X135.017 Y146.68 E.01789
;WIDTH:0.401993
G1 X120.989 Y146.68 E.41883
;WIDTH:0.449999
G1 X120.451 Y146.656 E.01823
G1 X119.344 Y146.656 E.03747
G1 X119.344 Y145.545 E.03761
G1 X119.32 Y145.017 E.01789
G1 X119.32 Y145.017 F15000
G1 X119.741 Y146.196
;WIDTH:0.455782
G1 F2227
G1 X119.705 Y146.232 E.00175
G1 X119.718 Y146.282 E.00177
G1 X119.768 Y146.295 E.00177
G1 X119.804 Y146.259 E.00175
G1 X119.791 Y146.209 E.00177
G1 E-2 F2400
G1 X136.232 Y146.196 F15000
G1 E2 F2400
;WIDTH:0.455784
G1 F2227
G1 X136.196 Y146.232 E.00175
G1 X136.209 Y146.282 E.00177
G1 X136.259 Y146.295 E.00177
G1 X136.295 Y146.259 E.00175
G1 X136.282 Y146.209 E.00177
;LAYER_CHANGE
;Z:10.45
;HEIGHT:0.2
G1 Z10.45 F15000
G1 E-2 F2400
G1 Z10.45 F15000
G1 X120.819 Y146.006
G1 Z10.45
G1 E2 F2400
M204 S2500
;TYPE:Perimeter
;WIDTH:0.449999
G1 F2344
G1 X120.979 Y146.039 E.00553
G1 X135.021 Y146.039 E.4753
G1 X135.426 Y145.955 E.014
G1 X135.741 Y145.741 E.01289
G1 X135.955 Y145.426 E.01289
G1 X136.039 Y145.021 E.014
G1 X136.039 Y138.389 E.22448
G1 X136.961 Y138.389 E.03121
G1 X136.961 Y138.85 E.0156
G1 X136.961 Y146.961 E.27455
G1 X119.039 Y146.961 E.60664
G1 X119.039 Y138.389 E.29015
G1 X119.961 Y138.389 E.03121
G1 X119.961 Y145.021 E.22448
G1 X120.045 Y145.426 E.014
G1 X120.259 Y145.741 E.01289
G1 X120.574 Y145.955 E.01289
G1 X120.76 Y145.994 E.00643
M204 S4000
G1 X120.76 Y145.994 F15000
G1 X120.899 Y145.616
M204 S2500
G1 F2344
G1 X120.979 Y145.632 E.00276
G1 X135.021 Y145.632 E.4753
G1 X135.264 Y145.582 E.0084
G1 X135.453 Y145.453 E.00775
G1 X135.582 Y145.264 E.00775
G1 X135.632 Y145.021 E.0084
G1 X135.632 Y137.982 E.23826
G1 X137.368 Y137.982 E.05876
G1 X137.368 Y138.85 E.02938
G1 X137.368 Y147.368 E.28832
G1 X118.632 Y147.368 E.63419
G1 X118.632 Y137.982 E.3177
G1 X120.368 Y137.982 E.05876
G1 X120.368 Y145.021 E.23826
G1 X120.418 Y145.264 E.0084
G1 X120.547 Y145.453 E.00775
G1 X120.736 Y145.582 E.00775
G1 X120.84 Y145.603 E.00359
M204 S4000
G1 X120.84 Y145.603 F15000
G1 X120.979 Y145.225
M204 S2500
;TYPE:External perimeter
G1 F2344
G1 X135.021 Y145.225 E.4753
G1 X135.165 Y145.165 E.00528
G1 X135.225 Y145.021 E.00528
G1 X135.225 Y137.575 E.25204
G1 X137.775 Y137.575 E.08631
G1 X137.775 Y138.85 E.04316
G1 X137.775 Y147.775 E.3021
G1 X118.225 Y147.775 E.66174
G1 X118.225 Y137.575 E.34526
G1 X120.775 Y137.575 E.08631
G1 X120.775 Y145.021 E.25204
G1 X120.835 Y145.165 E.00528
G1 X120.923 Y145.202 E.00323
M204 S4000
G1 X121.323 Y145.222 F15000
G1 E-2 F2400
G1 X136.32 Y138.67 F15000
G1 E2 F2400
;TYPE:Solid infill
;WIDTH:0.401993
G1 F2344
G1 X136.32 Y145.017 E.1895
;WIDTH:0.449999
G1 X136.218 Y145.577 E.01927
G1 X135.956 Y145.956 E.0156
G1 X135.503 Y146.249 E.01826
G1 X135.017 Y146.32 E.01663
;WIDTH:0.401993
G1 X120.989 Y146.32 E.41883
;WIDTH:0.449999
G1 X120.493 Y146.246 E.01697
G1 X120.044 Y145.956 E.01809
G1 X119.751 Y145.503 E.01826
G1 X119.68 Y145.017 E.01663
;WIDTH:0.401993
G1 X119.68 Y138.67 E.1895
G1 X119.32 Y138.67 E.01075
G1 X119.32 Y145.017 E.1895
;WIDTH:0.449999
G1 X119.344 Y145.545 E.01789
G1 X119.344 Y146.656 E.03761
G1 X120.451 Y146.656 E.03747
G1 X120.989 Y146.68 E.01823
;WIDTH:0.401993
G1 X135.017 Y146.68 E.41883
;WIDTH:0.449999
G1 X135.545 Y146.656 E.01789
G1 X136.656 Y146.656 E.03761
G1 X136.656 Y145.545 E.03761
G1 X136.68 Y145.017 E.01789
;WIDTH:0.401993
G1 X136.68 Y138.67 E.1895
G1 X136.524 Y138.67 E.00466
G1 E-2 F2400
G1 X136.524 Y138.67 F15000
G1 X136.295 Y146.232
G1 E2 F2400
;WIDTH:0.455784
G1 F2344
G1 X136.259 Y146.196 E.00175
G1 X136.209 Y146.209 E.00177
G1 X136.196 Y146.259 E.00177
G1 X136.232 Y146.295 E.00175
G1 X136.282 Y146.282 E.00177
G1 E-2 F2400
G1 X119.804 Y146.232 F15000
G1 E2 F2400
;WIDTH:0.45578
G1 F2344
G1 X119.768 Y146.196 E.00175
G1 X119.718 Y146.209 E.00177
G1 X119.705 Y146.259 E.00177
G1 X119.741 Y146.295 E.00175
G1 X119.791 Y146.282 E.00177
;LAYER_CHANGE
;Z:10.65
;HEIGHT:0.2
G1 Z10.65 F15000
G1 X120.819 Y146.006
G1 Z10.65
M204 S2500
;TYPE:Perimeter
;WIDTH:0.449999
G1 F2177
G1 X120.979 Y146.039 E.00553
G1 X135.021 Y146.039 E.4753
G1 X135.426 Y145.955 E.014
G1 X135.741 Y145.741 E.01289
G1 X135.955 Y145.426 E.01289
G1 X136.039 Y145.021 E.014
G1 X136.039 Y138.589 E.21772
G1 X136.961 Y138.589 E.03121
G1 X136.961 Y139.05 E.0156
G1 X136.961 Y146.961 E.26778
G1 X119.039 Y146.961 E.60664
G1 X119.039 Y138.589 E.28338
G1 X119.961 Y138.589 E.03121
G1 X119.961 Y145.021 E.21772
G1 X120.045 Y145.426 E.014
G1 X120.259 Y145.741 E.01289
G1 X120.574 Y145.955 E.01289
G1 X120.76 Y145.994 E.00643
M204 S4000
G1 X120.76 Y145.994 F15000
G1 X120.899 Y145.616
M204 S2500
G1 F2177
G1 X120.979 Y145.632 E.00276
G1 X135.021 Y145.632 E.4753
G1 X135.264 Y145.582 E.0084
G1 X135.453 Y145.453 E.00775
G1 X135.582 Y145.264 E.00775
G1 X135.632 Y145.021 E.0084
G1 X135.632 Y138.182 E.23149
G1 X137.368 Y138.182 E.05876
G1 X137.368 Y139.05 E.02938
G1 X137.368 Y147.368 E.28155
G1 X118.632 Y147.368 E.63419
G1 X118.632 Y138.182 E.31093
G1 X120.368 Y138.182 E.05876
G1 X120.368 Y145.021 E.23149
G1 X120.418 Y145.264 E.0084
G1 X120.547 Y145.453 E.00775
G1 X120.736 Y145.582 E.00775
G1 X120.84 Y145.603 E.00359
M204 S4000
G1 X120.84 Y145.603 F15000
G1 X120.979 Y145.225
M204 S2500
;TYPE:External perimeter
G1 F2177
G1 X135.021 Y145.225 E.4753
G1 X135.165 Y145.165 E.00528
G1 X135.225 Y145.021 E.00528
G1 X135.225 Y137.775 E.24527
G1 X137.775 Y137.775 E.08631
G1 X137.775 Y139.05 E.04316
G1 X137.775 Y147.775 E.29533
G1 X118.225 Y147.775 E.66174
G1 X118.225 Y137.775 E.33849
G1 X120.775 Y137.775 E.08631
G1 X120.775 Y145.021 E.24527
G1 X120.835 Y145.165 E.00528
G1 X120.923 Y145.202 E.00323
M204 S4000
G1 X121.323 Y145.222 F15000
G1 E-2 F2400
G1 X119.32 Y144.814 F15000
G1 E2 F2400
;TYPE:Solid infill
;WIDTH:0.401994
G1 F2177
G1 X119.32 Y138.87 E.17747
G1 X119.68 Y138.87 E.01075
G1 X119.68 Y145.017 E.18353
;WIDTH:0.449999
G1 X119.751 Y145.503 E.01663
G1 X120.044 Y145.956 E.01826
G1 X120.493 Y146.246 E.01809
G1 X120.989 Y146.32 E.01697
;WIDTH:0.401993
G1 X135.017 Y146.32 E.41883
;WIDTH:0.449999
G1 X135.503 Y146.249 E.01663
G1 X135.926 Y145.98 E.01697
G1 X136.218 Y145.577 E.01685
G1 X136.32 Y145.017 E.01927
;WIDTH:0.401993
G1 X136.32 Y138.87 E.18353
G1 X136.68 Y138.87 E.01075
G1 X136.68 Y145.017 E.18353
;WIDTH:0.449999
G1 X136.656 Y145.545 E.01789
G1 X136.656 Y146.656 E.03761
G1 X135.545 Y146.656 E.03761
G1 X135.017 Y146.68 E.01789
;WIDTH:0.401993
G1 X120.989 Y146.68 E.41883
;WIDTH:0.449999
G1 X120.451 Y146.656 E.01823
G1 X119.344 Y146.656 E.03747
G1 X119.344 Y145.545 E.03761
G1 X119.32 Y145.017 E.01789
G1 X119.32 Y145.017 F15000
G1 X119.741 Y146.196
;WIDTH:0.455782
G1 F2177
G1 X119.705 Y146.232 E.00175
G1 X119.718 Y146.282 E.00177
G1 X119.768 Y146.295 E.00177
G1 X119.804 Y146.259 E.00175
G1 X119.791 Y146.209 E.00177
G1 E-2 F2400
G1 X136.232 Y146.196 F15000
G1 E2 F2400
;WIDTH:0.455784
G1 F2177
G1 X136.196 Y146.232 E.00175
G1 X136.209 Y146.282 E.00177
G1 X136.259 Y146.295 E.00177
G1 X136.295 Y146.259 E.00175
G1 X136.282 Y146.209 E.00177
;LAYER_CHANGE
;Z:10.85
;HEIGHT:0.200001
G1 Z10.85 F15000
G1 E-2 F2400
G1 Z10.85 F15000
G1 X120.819 Y146.006
G1 Z10.85
G1 E2 F2400
M204 S2500
;TYPE:Perimeter
;WIDTH:0.449999
G1 F2291
G1 X120.979 Y146.039 E.00553
G1 X135.021 Y146.039 E.4753
G1 X135.426 Y145.955 E.014
G1 X135.741 Y145.741 E.01289
G1 X135.955 Y145.426 E.01289
G1 X136.039 Y145.021 E.014
G1 X136.039 Y138.789 E.21095
G1 X136.961 Y138.789 E.03121
G1 X136.961 Y139.25 E.0156
G1 X136.961 Y146.961 E.26101
G1 X119.039 Y146.961 E.60664
G1 X119.039 Y138.789 E.27661
G1 X119.961 Y138.789 E.03121
G1 X119.961 Y145.021 E.21095
G1 X120.045 Y145.426 E.014
G1 X120.259 Y145.741 E.01289
G1 X120.574 Y145.955 E.01289
G1 X120.76 Y145.994 E.00643
M204 S4000
G1 X120.76 Y145.994 F15000
G1 X120.899 Y145.616
M204 S2500
G1 F2291
G1 X120.979 Y145.632 E.00276
G1 X135.021 Y145.632 E.4753
G1 X135.264 Y145.582 E.0084
G1 X135.453 Y145.453 E.00775
G1 X135.582 Y145.264 E.00775
G1 X135.632 Y145.021 E.0084
G1 X135.632 Y138.382 E.22472
G1 X137.368 Y138.382 E.05876
G1 X137.368 Y139.25 E.02938
G1 X137.368 Y147.368 E.27478
G1 X118.632 Y147.368 E.63419
G1 X118.632 Y138.382 E.30416
G1 X120.368 Y138.382 E.05876
G1 X120.368 Y145.021 E.22472
G1 X120.418 Y145.264 E.0084
G1 X120.547 Y145.453 E.00775
G1 X120.736 Y145.582 E.00775
G1 X120.84 Y145.603 E.00359
M204 S4000
G1 X120.84 Y145.603 F15000
G1 X120.979 Y145.225
M204 S2500
;TYPE:External perimeter
G1 F2291
G1 X135.021 Y145.225 E.4753
G1 X135.165 Y145.165 E.00528
G1 X135.225 Y145.021 E.00528
G1 X135.225 Y137.975 E.2385
G1 X137.775 Y137.975 E.08631
G1 X137.775 Y139.25 E.04316
G1 X137.775 Y147.775 E.28856
G1 X118.225 Y147.775 E.66174
G1 X118.225 Y137.975 E.33172
G1 X120.775 Y137.975 E.08631
G1 X120.775 Y145.021 E.2385
G1 X120.835 Y145.165 E.00528
G1 X120.923 Y145.202 E.00323
M204 S4000
G1 X121.323 Y145.222 F15000
G1 E-2 F2400
G1 X136.32 Y139.07 F15000
G1 E2 F2400
;TYPE:Solid infill
;WIDTH:0.401993
G1 F2291
G1 X136.32 Y145.017 E.17756
;WIDTH:0.449999
G1 X136.218 Y145.577 E.01927
G1 X135.956 Y145.956 E.0156
G1 X135.503 Y146.249 E.01826
G1 X135.017 Y146.32 E.01663
;WIDTH:0.401993
G1 X120.989 Y146.32 E.41883
;WIDTH:0.449999
G1 X120.493 Y146.246 E.01697
G1 X120.044 Y145.956 E.01809
G1 X119.751 Y145.503 E.01826
G1 X119.68 Y145.017 E.01663
;WIDTH:0.401993
G1 X119.68 Y139.07 E.17756
G1 X119.32 Y139.07 E.01075
G1 X119.32 Y145.017 E.17756
;WIDTH:0.449999
G1 X119.344 Y145.545 E.01789
G1 X119.344 Y146.656 E.03761
G1 X120.451 Y146.656 E.03747
G1 X120.989 Y146.68 E.01823
;WIDTH:0.401993
G1 X135.017 Y146.68 E.41883
;WIDTH:0.449999
G1 X135.545 Y146.656 E.01789
G1 X136.656 Y146.656 E.03761
G1 X136.656 Y145.545 E.03761
G1 X136.68 Y145.017 E.01789
;WIDTH:0.401993
G1 X136.68 Y139.07 E.17756
G1 X136.524 Y139.07 E.00466
G1 E-2 F2400
G1 X136.524 Y139.07 F15000
G1 X136.295 Y146.232
G1 E2 F2400
;WIDTH:0.455784
G1 F2291
G1 X136.259 Y146.196 E.00175
G1 X136.209 Y146.209 E.00177
G1 X136.196 Y146.259 E.00177
G1 X136.232 Y146.295 E.00175
G1 X136.282 Y146.282 E.00177
G1 E-2 F2400
G1 X119.804 Y146.232 F15000
G1 E2 F2400
;WIDTH:0.45578
G1 F2291
G1 X119.768 Y146.196 E.00175
G1 X119.718 Y146.209 E.00177
G1 X119.705 Y146.259 E.00177
G1 X119.741 Y146.295 E.00175
G1 X119.791 Y146.282 E.00177
;LAYER_CHANGE
;Z:11.05
;HEIGHT:0.2
G1 Z11.05 F15000
G1 X120.819 Y146.006
G1 Z11.05
M204 S2500
;TYPE:Perimeter
;WIDTH:0.449999
G1 F2127
G1 X120.979 Y146.039 E.00553
G1 X135.021 Y146.039 E.4753
G1 X135.426 Y145.955 E.014
G1 X135.741 Y145.741 E.01289
G1 X135.955 Y145.426 E.01289
G1 X136.039 Y145.021 E.014
G1 X136.039 Y138.989 E.20418
G1 X136.961 Y138.989 E.03121
G1 X136.961 Y139.45 E.0156
G1 X136.961 Y146.961 E.25424
G1 X119.039 Y146.961 E.60664
G1 X119.039 Y138.989 E.26984
G1 X119.961 Y138.989 E.03121
G1 X119.961 Y145.021 E.20418
G1 X120.045 Y145.426 E.014
G1 X120.259 Y145.741 E.01289
G1 X120.574 Y145.955 E.01289
G1 X120.76 Y145.994 E.00643
M204 S4000
G1 X120.76 Y145.994 F15000
G1 X120.899 Y145.616
M204 S2500
G1 F2127
G1 X120.979 Y145.632 E.00276
G1 X135.021 Y145.632 E.4753
G1 X135.264 Y145.582 E.0084
G1 X135.453 Y145.453 E.00775
G1 X135.582 Y145.264 E.00775
G1 X135.632 Y145.021 E.0084
G1 X135.632 Y138.582 E.21795
G1 X137.368 Y138.582 E.05876
G1 X137.368 Y139.45 E.02938
G1 X137.368 Y147.368 E.26801
G1 X118.632 Y147.368 E.63419
G1 X118.632 Y138.582 E.2974
G1 X120.368 Y138.582 E.05876
G1 X120.368 Y145.021 E.21795
G1 X120.418 Y145.264 E.0084
G1 X120.547 Y145.453 E.00775
G1 X120.736 Y145.582 E.00775
G1 X120.84 Y145.603 E.00359
M204 S4000
G1 X120.84 Y145.603 F15000
G1 X120.979 Y145.225
M204 S2500
;TYPE:External perimeter
G1 F2127
G1 X135.021 Y145.225 E.4753
G1 X135.165 Y145.165 E.00528
G1 X135.225 Y145.021 E.00528
G1 X135.225 Y138.175 E.23173
G1 X137.775 Y138.175 E.08631
G1 X137.775 Y139.45 E.04316
G1 X137.775 Y147.775 E.28179
G1 X118.225 Y147.775 E.66174
G1 X118.225 Y138.175 E.32495
G1 X120.775 Y138.175 E.08631
G1 X120.775 Y145.021 E.23173
G1 X120.835 Y145.165 E.00528
G1 X120.923 Y145.202 E.00323
M204 S4000
G1 X121.323 Y145.222 F15000
G1 E-2 F2400
G1 X119.32 Y144.814 F15000
G1 E2 F2400
;TYPE:Solid infill
;WIDTH:0.401994
G1 F2127
G1 X119.32 Y139.27 E.16553
G1 X119.68 Y139.27 E.01075
G1 X119.68 Y145.017 E.17159
;WIDTH:0.449999
G1 X119.751 Y145.503 E.01663
G1 X120.044 Y145.956 E.01826
G1 X120.493 Y146.246 E.01809
G1 X120.989 Y146.32 E.01697
;WIDTH:0.401993
G1 X135.017 Y146.32 E.41883
;WIDTH:0.449999
G1 X135.503 Y146.249 E.01663
G1 X135.926 Y145.98 E.01697
G1 X136.218 Y145.577 E.01685
G1 X136.32 Y145.017 E.01927
;WIDTH:0.401993
G1 X136.32 Y139.27 E.17159
G1 X136.68 Y139.27 E.01075
G1 X136.68 Y145.017 E.17159
;WIDTH:0.449999
G1 X136.656 Y145.545 E.01789
G1 X136.656 Y146.656 E.03761
G1 X135.545 Y146.656 E.03761
G1 X135.017 Y146.68 E.01789
;WIDTH:0.401993
G1 X120.989 Y146.68 E.41883
;WIDTH:0.449999
G1 X120.451 Y146.656 E.01823
G1 X119.344 Y146.656 E.03747
G1 X119.344 Y145.545 E.03761
G1 X119.32 Y145.017 E.01789
G1 X119.32 Y145.017 F15000
G1 X119.741 Y146.196
;WIDTH:0.455782
G1 F2127
G1 X119.705 Y146.232 E.00175
G1 X119.718 Y146.282 E.00177
G1 X119.768 Y146.295 E.00177
G1 X119.804 Y146.259 E.00175
G1 X119.791 Y146.209 E.00177
G1 E-2 F2400
G1 X136.232 Y146.196 F15000
G1 E2 F2400
;WIDTH:0.455784
G1 F2127
G1 X136.196 Y146.232 E.00175
G1 X136.209 Y146.282 E.00177
G1 X136.259 Y146.295 E.00177
G1 X136.295 Y146.259 E.00175
G1 X136.282 Y146.209 E.00177
;LAYER_CHANGE
;Z:11.25
;HEIGHT:0.2
G1 Z11.25 F15000
G1 E-2 F2400
G1 Z11.25 F15000
G1 X120.819 Y146.006
G1 Z11.25
G1 E2 F2400
M204 S2500
;TYPE:Perimeter
;WIDTH:0.449999
G1 F2238
G1 X120.979 Y146.039 E.00553
G1 X135.021 Y146.039 E.4753
G1 X135.426 Y145.955 E.014
G1 X135.741 Y145.741 E.01289
G1 X135.955 Y145.426 E.01289
G1 X136.039 Y145.021 E.014
G1 X136.039 Y139.189 E.19741
G1 X136.961 Y139.189 E.03121
G1 X136.961 Y139.65 E.0156
G1 X136.961 Y146.961 E.24747
G1 X119.039 Y146.961 E.60664
G1 X119.039 Y139.189 E.26307
G1 X119.961 Y139.189 E.03121
G1 X119.961 Y145.021 E.19741
G1 X120.045 Y145.426 E.014
G1 X120.259 Y145.741 E.01289
G1 X120.574 Y145.955 E.01289
G1 X120.76 Y145.994 E.00643
M204 S4000
G1 X120.76 Y145.994 F15000
G1 X120.899 Y145.616
M204 S2500
G1 F2238
G1 X120.979 Y145.632 E.00276
G1 X135.021 Y145.632 E.4753
G1 X135.264 Y145.582 E.0084
G1 X135.453 Y145.453 E.00775
G1 X135.582 Y145.264 E.00775
G1 X135.632 Y145.021 E.0084
G1 X135.632 Y138.782 E.21118
G1 X137.368 Y138.782 E.05876
G1 X137.368 Y139.65 E.02938
G1 X137.368 Y147.368 E.26124
G1 X118.632 Y147.368 E.63419
G1 X118.632 Y138.782 E.29063
G1 X120.368 Y138.782 E.05876
G1 X120.368 Y145.021 E.21118
G1 X120.418 Y145.264 E.0084
G1 X120.547 Y145.453 E.00775
G1 X120.736 Y145.582 E.00775
G1 X120.84 Y145.603 E.00359
M204 S4000
G1 X120.84 Y145.603 F15000
G1 X120.979 Y145.225
M204 S2500
;TYPE:External perimeter
G1 F2238
G1 X135.021 Y145.225 E.4753
G1 X135.165 Y145.165 E.00528
G1 X135.225 Y145.021 E.00528
G1 X135.225 Y138.375 E.22496
G1 X137.775 Y138.375 E.08631
G1 X137.775 Y139.65 E.04316
G1 X137.775 Y147.775 E.27502
G1 X118.225 Y147.775 E.66174
G1 X118.225 Y138.375 E.31818
G1 X120.775 Y138.375 E.08631
G1 X120.775 Y145.021 E.22496
G1 X120.835 Y145.165 E.00528
G1 X120.923 Y145.202 E.00323
M204 S4000
G1 X121.323 Y145.222 F15000
G1 E-2 F2400
G1 X136.32 Y139.47 F15000
G1 E2 F2400
;TYPE:Solid infill
;WIDTH:0.401993
G1 F2238
G1 X136.32 Y145.017 E.16562
;WIDTH:0.449999
G1 X136.218 Y145.577 E.01927
G1 X135.956 Y145.956 E.0156
G1 X135.503 Y146.249 E.01826
G1 X135.017 Y146.32 E.01663
;WIDTH:0.401993
G1 X120.989 Y146.32 E.41883
;WIDTH:0.449999
G1 X120.493 Y146.246 E.01697
G1 X120.044 Y145.956 E.01809
G1 X119.751 Y145.503 E.01826
G1 X119.68 Y145.017 E.01663
;WIDTH:0.401993
G1 X119.68 Y139.47 E.16562
G1 X119.32 Y139.47 E.01075
G1 X119.32 Y145.017 E.16562
;WIDTH:0.449999
G1 X119.344 Y145.545 E.01789
G1 X119.344 Y146.656 E.03761
G1 X120.451 Y146.656 E.03747
G1 X120.989 Y146.68 E.01823
;WIDTH:0.401993
G1 X135.017 Y146.68 E.41883
;WIDTH:0.449999
G1 X135.545 Y146.656 E.01789
G1 X136.656 Y146.656 E.03761
G1 X136.656 Y145.545 E.03761
G1 X136.68 Y145.017 E.01789
;WIDTH:0.401993
G1 X136.68 Y139.47 E.16562
G1 X136.524 Y139.47 E.00466
G1 E-2 F2400
G1 X136.524 Y139.47 F15000
G1 X136.295 Y146.232
G1 E2 F2400
;WIDTH:0.455784
G1 F2238
G1 X136.259 Y146.196 E.00175
G1 X136.209 Y146.209 E.00177
G1 X136.196 Y146.259 E.00177
G1 X136.232 Y146.295 E.00175
G1 X136.282 Y146.282 E.00177
G1 E-2 F2400
G1 X119.804 Y146.232 F15000
G1 E2 F2400
;WIDTH:0.45578
G1 F2238
G1 X119.768 Y146.196 E.00175
G1 X119.718 Y146.209 E.00177
G1 X119.705 Y146.259 E.00177
G1 X119.741 Y146.295 E.00175
G1 X119.791 Y146.282 E.00177
;LAYER_CHANGE
;Z:11.45
;HEIGHT:0.2
G1 Z11.45 F15000
G1 X120.819 Y146.006
G1 Z11.45
M204 S2500
;TYPE:Perimeter
;WIDTH:0.449999
G1 F2077
G1 X120.979 Y146.039 E.00553
G1 X135.021 Y146.039 E.4753
G1 X135.426 Y145.955 E.014
G1 X135.741 Y145.741 E.01289
G1 X135.955 Y145.426 E.01289
G1 X136.039 Y145.021 E.014
G1 X136.039 Y139.389 E.19064
G1 X136.961 Y139.389 E.03121
G1 X136.961 Y139.85 E.0156
G1 X136.961 Y146.961 E.2407
G1 X119.039 Y146.961 E.60664
G1 X119.039 Y139.389 E.2563
G1 X119.961 Y139.389 E.03121
G1 X119.961 Y145.021 E.19064
G1 X120.045 Y145.426 E.014
G1 X120.259 Y145.741 E.01289
G1 X120.574 Y145.955 E.01289
G1 X120.76 Y145.994 E.00643
M204 S4000
G1 X120.76 Y145.994 F15000
G1 X120.899 Y145.616
M204 S2500
G1 F2077
G1 X120.979 Y145.632 E.00276
G1 X135.021 Y145.632 E.4753
G1 X135.264 Y145.582 E.0084
G1 X135.453 Y145.453 E.00775
G1 X135.582 Y145.264 E.00775
G1 X135.632 Y145.021 E.0084
G1 X135.632 Y138.982 E.20441
G1 X137.368 Y138.982 E.05876
G1 X137.368 Y139.85 E.02938
G1 X137.368 Y147.368 E.25447
G1 X118.632 Y147.368 E.63419
G1 X118.632 Y138.982 E.28386
G1 X120.368 Y138.982 E.05876
G1 X120.368 Y145.021 E.20441
G1 X120.418 Y145.264 E.0084
G1 X120.547 Y145.453 E.00775
G1 X120.736 Y145.582 E.00775
G1 X120.84 Y145.603 E.00359
M204 S4000
G1 X120.84 Y145.603 F15000
G1 X120.979 Y145.225
M204 S2500
;TYPE:External perimeter
G1 F2077
G1 X135.021 Y145.225 E.4753
G1 X135.165 Y145.165 E.00528
G1 X135.225 Y145.021 E.00528
G1 X135.225 Y138.575 E.21819
G1 X137.775 Y138.575 E.08631
G1 X137.775 Y139.85 E.04316
G1 X137.775 Y147.775 E.26825
G1 X118.225 Y147.775 E.66174
G1 X118.225 Y138.575 E.31141
G1 X120.775 Y138.575 E.08631
G1 X120.775 Y145.021 E.21819
G1 X120.835 Y145.165 E.00528
G1 X120.923 Y145.202 E.00323
M204 S4000
G1 X121.323 Y145.222 F15000
G1 E-2 F2400
G1 X119.32 Y144.814 F15000
G1 E2 F2400
;TYPE:Solid infill
;WIDTH:0.401994
G1 F2077
G1 X119.32 Y139.67 E.15359
G1 X119.68 Y139.67 E.01075
G1 X119.68 Y145.017 E.15965
;WIDTH:0.449999
G1 X119.751 Y145.503 E.01663
G1 X120.044 Y145.956 E.01826
G1 X120.493 Y146.246 E.01809
G1 X120.989 Y146.32 E.01697
;WIDTH:0.401993
G1 X135.017 Y146.32 E.41883
;WIDTH:0.449999
G1 X135.503 Y146.249 E.01663
G1 X135.926 Y145.98 E.01697
G1 X136.218 Y145.577 E.01685
G1 X136.32 Y145.017 E.01927
;WIDTH:0.401994
G1 X136.32 Y139.67 E.15965
G1 X136.5 Y139.67 E.00537
G1 X136.68 Y139.67 E.00537
G1 X136.68 Y145.017 E.15965
;WIDTH:0.449999
G1 X136.656 Y145.545 E.01789
G1 X136.656 Y146.656 E.03761
G1 X135.545 Y146.656 E.03761
G1 X135.017 Y146.68 E.01789
;WIDTH:0.401993
G1 X120.989 Y146.68 E.41883
;WIDTH:0.449999
G1 X120.451 Y146.656 E.01823
G1 X119.344 Y146.656 E.03747
G1 X119.344 Y145.545 E.03761
G1 X119.32 Y145.017 E.01789
G1 X119.32 Y145.017 F15000
G1 X119.741 Y146.196
;WIDTH:0.455782
G1 F2077
G1 X119.705 Y146.232 E.00175
G1 X119.718 Y146.282 E.00177
G1 X119.768 Y146.295 E.00177
G1 X119.804 Y146.259 E.00175
G1 X119.791 Y146.209 E.00177
G1 E-2 F2400
G1 X136.232 Y146.196 F15000
G1 E2 F2400
;WIDTH:0.455784
G1 F2077
G1 X136.196 Y146.232 E.00175
G1 X136.209 Y146.282 E.00177
G1 X136.259 Y146.295 E.00177
G1 X136.295 Y146.259 E.00175
G1 X136.282 Y146.209 E.00177
;LAYER_CHANGE
;Z:11.65
;HEIGHT:0.2
G1 Z11.65 F15000
G1 E-2 F2400
G1 Z11.65 F15000
G1 X120.819 Y146.006
G1 Z11.65
G1 E2 F2400
M204 S2500
;TYPE:Perimeter
;WIDTH:0.449999
G1 F2185
G1 X120.979 Y146.039 E.00553
G1 X135.021 Y146.039 E.4753
G1 X135.426 Y145.955 E.014
G1 X135.741 Y145.741 E.01289
G1 X135.955 Y145.426 E.01289
G1 X136.039 Y145.021 E.014
G1 X136.039 Y139.589 E.18387
G1 X136.961 Y139.589 E.03121
G1 X136.961 Y140.05 E.0156
G1 X136.961 Y146.961 E.23393
G1 X119.039 Y146.961 E.60664
G1 X119.039 Y139.589 E.24953
G1 X119.961 Y139.589 E.03121
G1 X119.961 Y145.021 E.18387
G1 X120.045 Y145.426 E.014
G1 X120.259 Y145.741 E.01289
G1 X120.574 Y145.955 E.01289
G1 X120.76 Y145.994 E.00643
M204 S4000
G1 X120.76 Y145.994 F15000
G1 X120.899 Y145.616
M204 S2500
G1 F2185
G1 X120.979 Y145.632 E.00276
G1 X135.021 Y145.632 E.4753
G1 X135.264 Y145.582 E.0084
G1 X135.453 Y145.453 E.00775
G1 X135.582 Y145.264 E.00775
G1 X135.632 Y145.021 E.0084
G1 X135.632 Y139.182 E.19764
G1 X137.368 Y139.182 E.05876
G1 X137.368 Y140.05 E.02938
G1 X137.368 Y147.368 E.24771
G1 X118.632 Y147.368 E.63419
G1 X118.632 Y139.182 E.27709
G1 X120.368 Y139.182 E.05876
G1 X120.368 Y145.021 E.19764
G1 X120.418 Y145.264 E.0084
G1 X120.547 Y145.453 E.00775
G1 X120.736 Y145.582 E.00775
G1 X120.84 Y145.603 E.00359
M204 S4000
G1 X120.84 Y145.603 F15000
G1 X120.979 Y145.225
M204 S2500
;TYPE:External perimeter
G1 F2185
G1 X135.021 Y145.225 E.4753
G1 X135.165 Y145.165 E.00528
G1 X135.225 Y145.021 E.00528
G1 X135.225 Y138.775 E.21142
G1 X137.775 Y138.775 E.08631
G1 X137.775 Y140.05 E.04316
G1 X137.775 Y147.775 E.26148
G1 X118.225 Y147.775 E.66174
G1 X118.225 Y138.775 E.30464
G1 X120.775 Y138.775 E.08631
G1 X120.775 Y145.021 E.21142
G1 X120.835 Y145.165 E.00528
G1 X120.923 Y145.202 E.00323
M204 S4000
G1 X121.323 Y145.222 F15000
G1 E-2 F2400
G1 X136.32 Y139.87 F15000
G1 E2 F2400
;TYPE:Solid infill
;WIDTH:0.401993
G1 F2185
G1 X136.32 Y145.017 E.15367
;WIDTH:0.449999
G1 X136.218 Y145.577 E.01927
G1 X135.956 Y145.956 E.0156
G1 X135.503 Y146.249 E.01826
G1 X135.017 Y146.32 E.01663
;WIDTH:0.401993
G1 X120.989 Y146.32 E.41883
;WIDTH:0.449999
G1 X120.493 Y146.246 E.01697
G1 X120.044 Y145.956 E.01809
G1 X119.751 Y145.503 E.01826
G1 X119.68 Y145.017 E.01663
;WIDTH:0.401993
G1 X119.68 Y139.87 E.15367
G1 X119.32 Y139.87 E.01075
G1 X119.32 Y145.017 E.15367
;WIDTH:0.449999
G1 X119.344 Y145.545 E.01789
G1 X119.344 Y146.656 E.03761
G1 X120.451 Y146.656 E.03747
G1 X120.989 Y146.68 E.01823
;WIDTH:0.401993
G1 X135.017 Y146.68 E.41883
;WIDTH:0.449999
G1 X135.545 Y146.656 E.01789
G1 X136.656 Y146.656 E.03761
G1 X136.656 Y145.545 E.03761
G1 X136.68 Y145.017 E.01789
;WIDTH:0.401993
G1 X136.68 Y139.87 E.15367
G1 X136.524 Y139.87 E.00466
G1 E-2 F2400
G1 X136.524 Y139.87 F15000
G1 X136.295 Y146.232
G1 E2 F2400
;WIDTH:0.455784
G1 F2185
G1 X136.259 Y146.196 E.00175
G1 X136.209 Y146.209 E.00177
G1 X136.196 Y146.259 E.00177
G1 X136.232 Y146.295 E.00175
G1 X136.282 Y146.282 E.00177
G1 E-2 F2400
G1 X119.804 Y146.232 F15000
G1 E2 F2400
;WIDTH:0.45578
G1 F2185
G1 X119.768 Y146.196 E.00175
G1 X119.718 Y146.209 E.00177
G1 X119.705 Y146.259 E.00177
G1 X119.741 Y146.295 E.00175
G1 X119.791 Y146.282 E.00177
;LAYER_CHANGE
;Z:11.85
;HEIGHT:0.200001
G1 Z11.85 F15000
G1 X120.819 Y146.006
G1 Z11.85
M204 S2500
;TYPE:Perimeter
;WIDTH:0.449999
G1 F2027
G1 X120.979 Y146.039 E.00553
G1 X135.021 Y146.039 E.4753
G1 X135.426 Y145.955 E.014
G1 X135.741 Y145.741 E.01289
G1 X135.955 Y145.426 E.01289
G1 X136.039 Y145.021 E.014
G1 X136.039 Y139.789 E.1771
G1 X136.961 Y139.789 E.03121
G1 X136.961 Y140.25 E.0156
G1 X136.961 Y146.961 E.22716
G1 X119.039 Y146.961 E.60664
G1 X119.039 Y139.789 E.24276
G1 X119.961 Y139.789 E.03121
G1 X119.961 Y145.021 E.1771
G1 X120.045 Y145.426 E.014
G1 X120.259 Y145.741 E.01289
G1 X120.574 Y145.955 E.01289
G1 X120.76 Y145.994 E.00643
M204 S4000
G1 X120.76 Y145.994 F15000
G1 X120.899 Y145.616
M204 S2500
G1 F2027
G1 X120.979 Y145.632 E.00276
G1 X135.021 Y145.632 E.4753
G1 X135.264 Y145.582 E.0084
G1 X135.453 Y145.453 E.00775
G1 X135.582 Y145.264 E.00775
G1 X135.632 Y145.021 E.0084
G1 X135.632 Y139.382 E.19087
G1 X137.368 Y139.382 E.05876
G1 X137.368 Y140.25 E.02938
G1 X137.368 Y147.368 E.24094
G1 X118.632 Y147.368 E.63419
G1 X118.632 Y139.382 E.27032
G1 X120.368 Y139.382 E.05876
G1 X120.368 Y145.021 E.19087
G1 X120.418 Y145.264 E.0084
G1 X120.547 Y145.453 E.00775
G1 X120.736 Y145.582 E.00775
G1 X120.84 Y145.603 E.00359
M204 S4000
G1 X120.84 Y145.603 F15000
G1 X120.979 Y145.225
M204 S2500
;TYPE:External perimeter
G1 F2027
G1 X135.021 Y145.225 E.4753
G1 X135.165 Y145.165 E.00528
G1 X135.225 Y145.021 E.00528
G1 X135.225 Y138.975 E.20465
G1 X137.775 Y138.975 E.08631
G1 X137.775 Y140.25 E.04316
G1 X137.775 Y147.775 E.25471
G1 X118.225 Y147.775 E.66174
G1 X118.225 Y138.975 E.29787
G1 X120.775 Y138.975 E.08631
G1 X120.775 Y145.021 E.20465
G1 X120.835 Y145.165 E.00528
G1 X120.923 Y145.202 E.00323
M204 S4000
G1 X121.323 Y145.222 F15000
G1 E-2 F2400
G1 X119.32 Y144.814 F15000
G1 E2 F2400
;TYPE:Solid infill
;WIDTH:0.401994
G1 F2027
G1 X119.32 Y140.07 E.14164
G1 X119.68 Y140.07 E.01075
G1 X119.68 Y145.017 E.1477
;WIDTH:0.449999
G1 X119.751 Y145.503 E.01663
G1 X120.044 Y145.956 E.01826
G1 X120.493 Y146.246 E.01809
G1 X120.989 Y146.32 E.01697
;WIDTH:0.401993
G1 X135.017 Y146.32 E.41883
;WIDTH:0.449999
G1 X135.503 Y146.249 E.01663
G1 X135.926 Y145.98 E.01697
G1 X136.218 Y145.577 E.01685
G1 X136.32 Y145.017 E.01927
;WIDTH:0.401994
G1 X136.32 Y140.07 E.1477
G1 X136.5 Y140.07 E.00537
G1 X136.68 Y140.07 E.00537
G1 X136.68 Y145.017 E.1477
;WIDTH:0.449999
G1 X136.656 Y145.545 E.01789
G1 X136.656 Y146.656 E.03761
G1 X135.545 Y146.656 E.03761
G1 X135.017 Y146.68 E.01789
;WIDTH:0.401993
G1 X120.989 Y146.68 E.41883
;WIDTH:0.449999
G1 X120.451 Y146.656 E.01823
G1 X119.344 Y146.656 E.03747
G1 X119.344 Y145.545 E.03761
G1 X119.32 Y145.017 E.01789
G1 X119.32 Y145.017 F15000
G1 X119.741 Y146.196
;WIDTH:0.455782
G1 F2027
G1 X119.705 Y146.232 E.00175
G1 X119.718 Y146.282 E.00177
G1 X119.768 Y146.295 E.00177
G1 X119.804 Y146.259 E.00175
G1 X119.791 Y146.209 E.00177
G1 E-2 F2400
G1 X136.232 Y146.196 F15000
G1 E2 F2400
;WIDTH:0.455784
G1 F2027
G1 X136.196 Y146.232 E.00175
G1 X136.209 Y146.282 E.00177
G1 X136.259 Y146.295 E.00177
G1 X136.295 Y146.259 E.00175
G1 X136.282 Y146.209 E.00177
;LAYER_CHANGE
;Z:12.05
;HEIGHT:0.2
G1 Z12.05 F15000
G1 E-2 F2400
G1 Z12.05 F15000
G1 X120.819 Y146.006
G1 Z12.05
G1 E2 F2400
M204 S2500
;TYPE:Perimeter
;WIDTH:0.449999
G1 F2132
G1 X120.979 Y146.039 E.00553
G1 X135.021 Y146.039 E.4753
G1 X135.426 Y145.955 E.014
G1 X135.741 Y145.741 E.01289
G1 X135.955 Y145.426 E.01289
G1 X136.039 Y145.021 E.014
G1 X136.039 Y139.989 E.17033
G1 X136.961 Y139.989 E.03121
G1 X136.961 Y140.45 E.0156
G1 X136.961 Y146.961 E.22039
G1 X119.039 Y146.961 E.60664
G1 X119.039 Y139.989 E.23599
G1 X119.961 Y139.989 E.03121
G1 X119.961 Y145.021 E.17033
G1 X120.045 Y145.426 E.014
G1 X120.259 Y145.741 E.01289
G1 X120.574 Y145.955 E.01289
G1 X120.76 Y145.994 E.00643
M204 S4000
G1 X120.76 Y145.994 F15000
G1 X120.899 Y145.616
M204 S2500
G1 F2132
G1 X120.979 Y145.632 E.00276
G1 X135.021 Y145.632 E.4753
G1 X135.264 Y145.582 E.0084
G1 X135.453 Y145.453 E.00775
G1 X135.582 Y145.264 E.00775
G1 X135.632 Y145.021 E.0084
G1 X135.632 Y139.582 E.1841
G1 X137.368 Y139.582 E.05876
G1 X137.368 Y140.45 E.02938
G1 X137.368 Y147.368 E.23417
G1 X118.632 Y147.368 E.63419
G1 X118.632 Y139.582 E.26355
G1 X120.368 Y139.582 E.05876
G1 X120.368 Y145.021 E.1841
G1 X120.418 Y145.264 E.0084
G1 X120.547 Y145.453 E.00775
G1 X120.736 Y145.582 E.00775
G1 X120.84 Y145.603 E.00359
M204 S4000
G1 X120.84 Y145.603 F15000
G1 X120.979 Y145.225
M204 S2500
;TYPE:External perimeter
G1 F2132
G1 X135.021 Y145.225 E.4753
G1 X135.165 Y145.165 E.00528
G1 X135.225 Y145.021 E.00528
G1 X135.225 Y139.175 E.19788
G1 X137.775 Y139.175 E.08631
G1 X137.775 Y140.45 E.04316
G1 X137.775 Y147.775 E.24794
G1 X118.225 Y147.775 E.66174
G1 X118.225 Y139.175 E.2911
G1 X120.775 Y139.175 E.08631
G1 X120.775 Y145.021 E.19788
G1 X120.835 Y145.165 E.00528
G1 X120.923 Y145.202 E.00323
M204 S4000
G1 X121.323 Y145.222 F15000
G1 E-2 F2400
G1 X136.32 Y140.27 F15000
G1 E2 F2400
;TYPE:Solid infill
;WIDTH:0.401993
G1 F2132
G1 X136.32 Y145.017 E.14173
;WIDTH:0.449999
G1 X136.218 Y145.577 E.01927
G1 X135.956 Y145.956 E.0156
G1 X135.503 Y146.249 E.01826
G1 X135.017 Y146.32 E.01663
;WIDTH:0.401993
G1 X120.989 Y146.32 E.41883
;WIDTH:0.449999
G1 X120.493 Y146.246 E.01697
G1 X120.044 Y145.956 E.01809
G1 X119.751 Y145.503 E.01826
G1 X119.68 Y145.017 E.01663
;WIDTH:0.401993
G1 X119.68 Y140.27 E.14173
G1 X119.32 Y140.27 E.01075
G1 X119.32 Y145.017 E.14173
;WIDTH:0.449999
G1 X119.344 Y145.545 E.01789
G1 X119.344 Y146.656 E.03761
G1 X120.451 Y146.656 E.03747
G1 X120.989 Y146.68 E.01823
;WIDTH:0.401993
G1 X135.017 Y146.68 E.41883
;WIDTH:0.449999
G1 X135.545 Y146.656 E.01789
G1 X136.656 Y146.656 E.03761
G1 X136.656 Y145.545 E.03761
G1 X136.68 Y145.017 E.01789
;WIDTH:0.401993
G1 X136.68 Y140.27 E.14173
G1 X136.524 Y140.27 E.00466
G1 E-2 F2400
G1 X136.524 Y140.27 F15000
G1 X136.295 Y146.232
G1 E2 F2400
;WIDTH:0.455784
G1 F2132
G1 X136.259 Y146.196 E.00175
G1 X136.209 Y146.209 E.00177
G1 X136.196 Y146.259 E.00177
G1 X136.232 Y146.295 E.00175
G1 X136.282 Y146.282 E.00177
G1 E-2 F2400
G1 X119.804 Y146.232 F15000
G1 E2 F2400
;WIDTH:0.45578
G1 F2132
G1 X119.768 Y146.196 E.00175
G1 X119.718 Y146.209 E.00177
G1 X119.705 Y146.259 E.00177
G1 X119.741 Y146.295 E.00175
G1 X119.791 Y146.282 E.00177
;LAYER_CHANGE
;Z:12.25
;HEIGHT:0.2
G1 Z12.25 F15000
G1 X120.819 Y146.006
G1 Z12.25
M204 S2500
;TYPE:Perimeter
;WIDTH:0.449999
G1 F1977
G1 X120.979 Y146.039 E.00553
G1 X135.021 Y146.039 E.4753
G1 X135.426 Y145.955 E.014
G1 X135.741 Y145.741 E.01289
G1 X135.955 Y145.426 E.01289
G1 X136.039 Y145.021 E.014
G1 X136.039 Y140.189 E.16356
G1 X136.961 Y140.189 E.03121
G1 X136.961 Y140.65 E.0156
G1 X136.961 Y146.961 E.21362
G1 X119.039 Y146.961 E.60664
G1 X119.039 Y140.189 E.22922
G1 X119.961 Y140.189 E.03121
G1 X119.961 Y145.021 E.16356
G1 X120.045 Y145.426 E.014
G1 X120.259 Y145.741 E.01289
G1 X120.574 Y145.955 E.01289
G1 X120.76 Y145.994 E.00643
M204 S4000
G1 X120.76 Y145.994 F15000
G1 X120.899 Y145.616
M204 S2500
G1 F1977
G1 X120.979 Y145.632 E.00276
G1 X135.021 Y145.632 E.4753
G1 X135.264 Y145.582 E.0084
G1 X135.453 Y145.453 E.00775
G1 X135.582 Y145.264 E.00775
G1 X135.632 Y145.021 E.0084
G1 X135.632 Y139.782 E.17733
G1 X137.368 Y139.782 E.05876
G1 X137.368 Y140.65 E.02938
G1 X137.368 Y147.368 E.2274
G1 X118.632 Y147.368 E.63419
G1 X118.632 Y139.782 E.25678
G1 X120.368 Y139.782 E.05876
G1 X120.368 Y145.021 E.17733
G1 X120.418 Y145.264 E.0084
G1 X120.547 Y145.453 E.00775
G1 X120.736 Y145.582 E.00775
G1 X120.84 Y145.603 E.00359
M204 S4000
G1 X120.84 Y145.603 F15000
G1 X120.979 Y145.225
M204 S2500
;TYPE:External perimeter
G1 F1977
G1 X135.021 Y145.225 E.4753
G1 X135.165 Y145.165 E.00528
G1 X135.225 Y145.021 E.00528
G1 X135.225 Y139.375 E.19111
G1 X137.775 Y139.375 E.08631
G1 X137.775 Y140.65 E.04316
G1 X137.775 Y147.775 E.24117
G1 X118.225 Y147.775 E.66174
G1 X118.225 Y139.375 E.28433
G1 X120.775 Y139.375 E.08631
G1 X120.775 Y145.021 E.19111
G1 X120.835 Y145.165 E.00528
G1 X120.923 Y145.202 E.00323
M204 S4000
G1 X121.323 Y145.222 F15000
G1 E-2 F2400
G1 X119.32 Y144.814 F15000
G1 E2 F2400
;TYPE:Solid infill
;WIDTH:0.401994
G1 F1977
G1 X119.32 Y140.47 E.1297
G1 X119.68 Y140.47 E.01075
G1 X119.68 Y145.017 E.13576
;WIDTH:0.449999
G1 X119.751 Y145.503 E.01663
G1 X120.044 Y145.956 E.01826
G1 X120.493 Y146.246 E.01809
G1 X120.989 Y146.32 E.01697
;WIDTH:0.401993
G1 X135.017 Y146.32 E.41883
;WIDTH:0.449999
G1 X135.503 Y146.249 E.01663
G1 X135.926 Y145.98 E.01697
G1 X136.218 Y145.577 E.01685
G1 X136.32 Y145.017 E.01927
;WIDTH:0.401994
G1 X136.32 Y140.47 E.13576
G1 X136.5 Y140.47 E.00537
G1 X136.68 Y140.47 E.00537
G1 X136.68 Y145.017 E.13576
;WIDTH:0.449999
G1 X136.656 Y145.545 E.01789
G1 X136.656 Y146.656 E.03761
G1 X135.545 Y146.656 E.03761
G1 X135.017 Y146.68 E.01789
;WIDTH:0.401993
G1 X120.989 Y146.68 E.41883
;WIDTH:0.449999
G1 X120.451 Y146.656 E.01823
G1 X119.344 Y146.656 E.03747
G1 X119.344 Y145.545 E.03761
G1 X119.32 Y145.017 E.01789
G1 X119.32 Y145.017 F15000
G1 X119.741 Y146.196
;WIDTH:0.455782
G1 F1977
G1 X119.705 Y146.232 E.00175
G1 X119.718 Y146.282 E.00177
G1 X119.768 Y146.295 E.00177
G1 X119.804 Y146.259 E.00175
G1 X119.791 Y146.209 E.00177
G1 E-2 F2400
G1 X136.232 Y146.196 F15000
G1 E2 F2400
;WIDTH:0.455784
G1 F1977
G1 X136.196 Y146.232 E.00175
G1 X136.209 Y146.282 E.00177
G1 X136.259 Y146.295 E.00177
G1 X136.295 Y146.259 E.00175
G1 X136.282 Y146.209 E.00177
;LAYER_CHANGE
;Z:12.45
;HEIGHT:0.2
G1 Z12.45 F15000
G1 E-2 F2400
G1 Z12.45 F15000
G1 X120.819 Y146.006
G1 Z12.45
G1 E2 F2400
M204 S2500
;TYPE:Perimeter
;WIDTH:0.449999
G1 F2079
G1 X120.979 Y146.039 E.00553
G1 X135.021 Y146.039 E.4753
G1 X135.426 Y145.955 E.014
G1 X135.741 Y145.741 E.01289
G1 X135.955 Y145.426 E.01289
G1 X136.039 Y145.021 E.014
G1 X136.039 Y140.389 E.15679
G1 X136.961 Y140.389 E.03121
G1 X136.961 Y140.85 E.0156
G1 X136.961 Y146.961 E.20685
G1 X119.039 Y146.961 E.60664
G1 X119.039 Y140.389 E.22245
G1 X119.961 Y140.389 E.03121
G1 X119.961 Y145.021 E.15679
G1 X120.045 Y145.426 E.014
G1 X120.259 Y145.741 E.01289
G1 X120.574 Y145.955 E.01289
G1 X120.76 Y145.994 E.00643
M204 S4000
G1 X120.76 Y145.994 F15000
G1 X120.899 Y145.616
M204 S2500
G1 F2079
G1 X120.979 Y145.632 E.00276
G1 X135.021 Y145.632 E.4753
G1 X135.264 Y145.582 E.0084
G1 X135.453 Y145.453 E.00775
G1 X135.582 Y145.264 E.00775
G1 X135.632 Y145.021 E.0084
G1 X135.632 Y139.982 E.17056
G1 X137.368 Y139.982 E.05876
G1 X137.368 Y140.85 E.02938
G1 X137.368 Y147.368 E.22063
G1 X118.632 Y147.368 E.63419
G1 X118.632 Y139.982 E.25001
G1 X120.368 Y139.982 E.05876
G1 X120.368 Y145.021 E.17056
G1 X120.418 Y145.264 E.0084
G1 X120.547 Y145.453 E.00775
G1 X120.736 Y145.582 E.00775
G1 X120.84 Y145.603 E.00359
M204 S4000
G1 X120.84 Y145.603 F15000
G1 X120.979 Y145.225
M204 S2500
;TYPE:External perimeter
G1 F2079
G1 X135.021 Y145.225 E.4753
G1 X135.165 Y145.165 E.00528
G1 X135.225 Y145.021 E.00528
G1 X135.225 Y139.575 E.18434
G1 X137.775 Y139.575 E.08631
G1 X137.775 Y140.85 E.04316
G1 X137.775 Y147.775 E.2344
G1 X118.225 Y147.775 E.66174
G1 X118.225 Y139.575 E.27756
G1 X120.775 Y139.575 E.08631
G1 X120.775 Y145.021 E.18434
G1 X120.835 Y145.165 E.00528
G1 X120.923 Y145.202 E.00323
M204 S4000
G1 X121.323 Y145.222 F15000
G1 E-2 F2400
G1 X136.32 Y140.67 F15000
G1 E2 F2400
;TYPE:Solid infill
;WIDTH:0.401993
G1 F2079
G1 X136.32 Y145.017 E.12979
;WIDTH:0.449999
G1 X136.218 Y145.577 E.01927
G1 X135.956 Y145.956 E.0156
G1 X135.503 Y146.249 E.01826
G1 X135.017 Y146.32 E.01663
;WIDTH:0.401993
G1 X120.989 Y146.32 E.41883
;WIDTH:0.449999
G1 X120.493 Y146.246 E.01697
G1 X120.044 Y145.956 E.01809
G1 X119.751 Y145.503 E.01826
G1 X119.68 Y145.017 E.01663
;WIDTH:0.401993
G1 X119.68 Y140.67 E.12979
G1 X119.32 Y140.67 E.01075
G1 X119.32 Y145.017 E.12979
;WIDTH:0.449999
G1 X119.344 Y145.545 E.01789
G1 X119.344 Y146.656 E.03761
G1 X120.451 Y146.656 E.03747
G1 X120.989 Y146.68 E.01823
;WIDTH:0.401993
G1 X135.017 Y146.68 E.41883
;WIDTH:0.449999
G1 X135.545 Y146.656 E.01789
G1 X136.656 Y146.656 E.03761
G1 X136.656 Y145.545 E.03761
G1 X136.68 Y145.017 E.01789
;WIDTH:0.401993
G1 X136.68 Y140.67 E.12979
G1 X136.524 Y140.67 E.00466
G1 E-2 F2400
G1 X136.524 Y140.67 F15000
G1 X136.295 Y146.232
G1 E2 F2400
;WIDTH:0.455784
G1 F2079
G1 X136.259 Y146.196 E.00175
G1 X136.209 Y146.209 E.00177
G1 X136.196 Y146.259 E.00177
G1 X136.232 Y146.295 E.00175
G1 X136.282 Y146.282 E.00177
G1 E-2 F2400
G1 X119.804 Y146.232 F15000
G1 E2 F2400
;WIDTH:0.45578
G1 F2079
G1 X119.768 Y146.196 E.00175
G1 X119.718 Y146.209 E.00177
G1 X119.705 Y146.259 E.00177
G1 X119.741 Y146.295 E.00175
G1 X119.791 Y146.282 E.00177
;LAYER_CHANGE
;Z:12.65
;HEIGHT:0.2
G1 Z12.65 F15000
G1 X120.819 Y146.006
G1 Z12.65
M204 S2500
;TYPE:Perimeter
;WIDTH:0.449999
G1 F1927
G1 X120.979 Y146.039 E.00553
G1 X135.021 Y146.039 E.4753
G1 X135.426 Y145.955 E.014
G1 X135.741 Y145.741 E.01289
G1 X135.955 Y145.426 E.01289
G1 X136.039 Y145.021 E.014
G1 X136.039 Y140.589 E.15002
G1 X136.961 Y140.589 E.03121
G1 X136.961 Y141.05 E.0156
G1 X136.961 Y146.961 E.20008
G1 X119.039 Y146.961 E.60664
G1 X119.039 Y140.589 E.21568
G1 X119.961 Y140.589 E.03121
G1 X119.961 Y145.021 E.15002
G1 X120.045 Y145.426 E.014
G1 X120.259 Y145.741 E.01289
G1 X120.574 Y145.955 E.01289
G1 X120.76 Y145.994 E.00643
M204 S4000
G1 X120.76 Y145.994 F15000
G1 X120.899 Y145.616
M204 S2500
G1 F1927
G1 X120.979 Y145.632 E.00276
G1 X135.021 Y145.632 E.4753
G1 X135.264 Y145.582 E.0084
G1 X135.453 Y145.453 E.00775
G1 X135.582 Y145.264 E.00775
G1 X135.632 Y145.021 E.0084
G1 X135.632 Y140.182 E.16379
G1 X137.368 Y140.182 E.05876
G1 X137.368 Y141.05 E.02938
G1 X137.368 Y147.368 E.21386
G1 X118.632 Y147.368 E.63419
G1 X118.632 Y140.182 E.24324
G1 X120.368 Y140.182 E.05876
G1 X120.368 Y145.021 E.16379
G1 X120.418 Y145.264 E.0084
G1 X120.547 Y145.453 E.00775
G1 X120.736 Y145.582 E.00775
G1 X120.84 Y145.603 E.00359
M204 S4000
G1 X120.84 Y145.603 F15000
G1 X120.979 Y145.225
M204 S2500
;TYPE:External perimeter
G1 F1927
G1 X135.021 Y145.225 E.4753
G1 X135.165 Y145.165 E.00528
G1 X135.225 Y145.021 E.00528
G1 X135.225 Y139.775 E.17757
G1 X137.775 Y139.775 E.08631
G1 X137.775 Y141.05 E.04316
G1 X137.775 Y147.775 E.22763
G1 X118.225 Y147.775 E.66174
G1 X118.225 Y139.775 E.27079
G1 X120.775 Y139.775 E.08631
G1 X120.775 Y145.021 E.17757
G1 X120.835 Y145.165 E.00528
G1 X120.923 Y145.202 E.00323
M204 S4000
G1 X121.323 Y145.222 F15000
G1 E-2 F2400
G1 X119.32 Y144.814 F15000
G1 E2 F2400
;TYPE:Solid infill
;WIDTH:0.401994
G1 F1927
G1 X119.32 Y140.87 E.11776
G1 X119.68 Y140.87 E.01075
G1 X119.68 Y145.017 E.12382
;WIDTH:0.449999
G1 X119.751 Y145.503 E.01663
G1 X120.044 Y145.956 E.01826
G1 X120.493 Y146.246 E.01809
G1 X120.989 Y146.32 E.01697
;WIDTH:0.401993
G1 X135.017 Y146.32 E.41883
;WIDTH:0.449999
G1 X135.503 Y146.249 E.01663
G1 X135.926 Y145.98 E.01697
G1 X136.218 Y145.577 E.01685
G1 X136.32 Y145.017 E.01927
;WIDTH:0.401994
G1 X136.32 Y140.87 E.12382
G1 X136.5 Y140.87 E.00537
G1 X136.68 Y140.87 E.00537
G1 X136.68 Y145.017 E.12382
;WIDTH:0.449999
G1 X136.656 Y145.545 E.01789
G1 X136.656 Y146.656 E.03761
G1 X135.545 Y146.656 E.03761
G1 X135.017 Y146.68 E.01789
;WIDTH:0.401993
G1 X120.989 Y146.68 E.41883
;WIDTH:0.449999
G1 X120.451 Y146.656 E.01823
G1 X119.344 Y146.656 E.03747
G1 X119.344 Y145.545 E.03761
G1 X119.32 Y145.017 E.01789
G1 X119.32 Y145.017 F15000
G1 X119.741 Y146.196
;WIDTH:0.455782
G1 F1927
G1 X119.705 Y146.232 E.00175
G1 X119.718 Y146.282 E.00177
G1 X119.768 Y146.295 E.00177
G1 X119.804 Y146.259 E.00175
G1 X119.791 Y146.209 E.00177
G1 E-2 F2400
G1 X136.232 Y146.196 F15000
G1 E2 F2400
;WIDTH:0.455784
G1 F1927
G1 X136.196 Y146.232 E.00175
G1 X136.209 Y146.282 E.00177
G1 X136.259 Y146.295 E.00177
G1 X136.295 Y146.259 E.00175
G1 X136.282 Y146.209 E.00177
;LAYER_CHANGE
;Z:12.85
;HEIGHT:0.200001
G1 Z12.85 F15000
G1 E-2 F2400
G1 Z12.85 F15000
G1 X120.819 Y146.006
G1 Z12.85
G1 E2 F2400
M204 S2500
;TYPE:Perimeter
;WIDTH:0.449999
G1 F2026
G1 X120.979 Y146.039 E.00553
G1 X135.021 Y146.039 E.4753
G1 X135.426 Y145.955 E.014
G1 X135.741 Y145.741 E.01289
G1 X135.955 Y145.426 E.01289
G1 X136.039 Y145.021 E.014
G1 X136.039 Y140.789 E.14325
G1 X136.961 Y140.789 E.03121
G1 X136.961 Y141.25 E.0156
G1 X136.961 Y146.961 E.19331
G1 X119.039 Y146.961 E.60664
G1 X119.039 Y140.789 E.20891
G1 X119.961 Y140.789 E.03121
G1 X119.961 Y145.021 E.14325
G1 X120.045 Y145.426 E.014
G1 X120.259 Y145.741 E.01289
G1 X120.574 Y145.955 E.01289
G1 X120.76 Y145.994 E.00643
M204 S4000
G1 X120.76 Y145.994 F15000
G1 X120.899 Y145.616
M204 S2500
G1 F2026
G1 X120.979 Y145.632 E.00276
G1 X135.021 Y145.632 E.4753
G1 X135.264 Y145.582 E.0084
G1 X135.453 Y145.453 E.00775
G1 X135.582 Y145.264 E.00775
G1 X135.632 Y145.021 E.0084
G1 X135.632 Y140.382 E.15702
G1 X137.368 Y140.382 E.05876
G1 X137.368 Y141.25 E.02938
G1 X137.368 Y147.368 E.20709
G1 X118.632 Y147.368 E.63419
G1 X118.632 Y140.382 E.23647
G1 X120.368 Y140.382 E.05876
G1 X120.368 Y145.021 E.15702
G1 X120.418 Y145.264 E.0084
G1 X120.547 Y145.453 E.00775
G1 X120.736 Y145.582 E.00775
G1 X120.84 Y145.603 E.00359
M204 S4000
G1 X120.84 Y145.603 F15000
G1 X120.979 Y145.225
M204 S2500
;TYPE:External perimeter
G1 F2026
G1 X135.021 Y145.225 E.4753
G1 X135.165 Y145.165 E.00528
G1 X135.225 Y145.021 E.00528
G1 X135.225 Y139.975 E.1708
G1 X137.775 Y139.975 E.08631
G1 X137.775 Y141.25 E.04316
G1 X137.775 Y147.775 E.22086
G1 X118.225 Y147.775 E.66174
G1 X118.225 Y139.975 E.26402
G1 X120.775 Y139.975 E.08631
G1 X120.775 Y145.021 E.1708
G1 X120.835 Y145.165 E.00528
G1 X120.923 Y145.202 E.00323
M204 S4000
G1 X121.323 Y145.222 F15000
G1 E-2 F2400
G1 X136.32 Y141.07 F15000
G1 E2 F2400
;TYPE:Solid infill
;WIDTH:0.401993
G1 F2026
G1 X136.32 Y145.017 E.11785
;WIDTH:0.449999
G1 X136.218 Y145.577 E.01927
G1 X135.956 Y145.956 E.0156
G1 X135.503 Y146.249 E.01826
G1 X135.017 Y146.32 E.01663
;WIDTH:0.401993
G1 X120.989 Y146.32 E.41883
;WIDTH:0.449999
G1 X120.493 Y146.246 E.01697
G1 X120.044 Y145.956 E.01809
G1 X119.751 Y145.503 E.01826
G1 X119.68 Y145.017 E.01663
;WIDTH:0.401993
G1 X119.68 Y141.07 E.11785
G1 X119.32 Y141.07 E.01075
G1 X119.32 Y145.017 E.11785
;WIDTH:0.449999
G1 X119.344 Y145.545 E.01789
G1 X119.344 Y146.656 E.03761
G1 X120.451 Y146.656 E.03747
G1 X120.989 Y146.68 E.01823
;WIDTH:0.401993
G1 X135.017 Y146.68 E.41883
;WIDTH:0.449999
G1 X135.545 Y146.656 E.01789
G1 X136.656 Y146.656 E.03761
G1 X136.656 Y145.545 E.03761
G1 X136.68 Y145.017 E.01789
;WIDTH:0.401993
G1 X136.68 Y141.07 E.11785
G1 X136.524 Y141.07 E.00466
G1 E-2 F2400
G1 X136.524 Y141.07 F15000
G1 X136.295 Y146.232
G1 E2 F2400
;WIDTH:0.455784
G1 F2026
G1 X136.259 Y146.196 E.00175
G1 X136.209 Y146.209 E.00177
G1 X136.196 Y146.259 E.00177
G1 X136.232 Y146.295 E.00175
G1 X136.282 Y146.282 E.00177
G1 E-2 F2400
G1 X119.804 Y146.232 F15000
G1 E2 F2400
;WIDTH:0.45578
G1 F2026
G1 X119.768 Y146.196 E.00175
G1 X119.718 Y146.209 E.00177
G1 X119.705 Y146.259 E.00177
G1 X119.741 Y146.295 E.00175
G1 X119.791 Y146.282 E.00177
;LAYER_CHANGE
;Z:13.05
;HEIGHT:0.2
G1 Z13.05 F15000
G1 X120.819 Y146.006
G1 Z13.05
M204 S2500
;TYPE:Perimeter
;WIDTH:0.449999
G1 F1877
G1 X120.979 Y146.039 E.00553
G1 X135.021 Y146.039 E.4753
G1 X135.426 Y145.955 E.014
G1 X135.741 Y145.741 E.01289
G1 X135.955 Y145.426 E.01289
G1 X136.039 Y145.021 E.014
G1 X136.039 Y140.989 E.13648
G1 X136.961 Y140.989 E.03121
G1 X136.961 Y141.45 E.0156
G1 X136.961 Y146.961 E.18654
G1 X119.039 Y146.961 E.60664
G1 X119.039 Y140.989 E.20214
G1 X119.961 Y140.989 E.03121
G1 X119.961 Y145.021 E.13648
G1 X120.045 Y145.426 E.014
G1 X120.259 Y145.741 E.01289
G1 X120.574 Y145.955 E.01289
G1 X120.76 Y145.994 E.00643
M204 S4000
G1 X120.76 Y145.994 F15000
G1 X120.899 Y145.616
M204 S2500
G1 F1877
G1 X120.979 Y145.632 E.00276
G1 X135.021 Y145.632 E.4753
G1 X135.264 Y145.582 E.0084
G1 X135.453 Y145.453 E.00775
G1 X135.582 Y145.264 E.00775
G1 X135.632 Y145.021 E.0084
G1 X135.632 Y140.582 E.15025
G1 X137.368 Y140.582 E.05876
G1 X137.368 Y141.45 E.02938
G1 X137.368 Y147.368 E.20032
G1 X118.632 Y147.368 E.63419
G1 X118.632 Y140.582 E.2297
G1 X120.368 Y140.582 E.05876
G1 X120.368 Y145.021 E.15025
G1 X120.418 Y145.264 E.0084
G1 X120.547 Y145.453 E.00775
G1 X120.736 Y145.582 E.00775
G1 X120.84 Y145.603 E.00359
M204 S4000
G1 X120.84 Y145.603 F15000
G1 X120.979 Y145.225
M204 S2500
;TYPE:External perimeter
G1 F1877
G1 X135.021 Y145.225 E.4753
G1 X135.165 Y145.165 E.00528
G1 X135.225 Y145.021 E.00528
G1 X135.225 Y140.175 E.16403
G1 X137.775 Y140.175 E.08631
G1 X137.775 Y141.45 E.04316
G1 X137.775 Y147.775 E.21409
G1 X118.225 Y147.775 E.66174
G1 X118.225 Y140.175 E.25725
G1 X120.775 Y140.175 E.08631
G1 X120.775 Y145.021 E.16403
G1 X120.835 Y145.165 E.00528
G1 X120.923 Y145.202 E.00323
M204 S4000
G1 X121.323 Y145.222 F15000
G1 E-2 F2400
G1 X119.32 Y144.814 F15000
G1 E2 F2400
;TYPE:Solid infill
;WIDTH:0.401994
G1 F1877
G1 X119.32 Y141.27 E.10581
G1 X119.68 Y141.27 E.01075
G1 X119.68 Y145.017 E.11187
;WIDTH:0.449999
G1 X119.751 Y145.503 E.01663
G1 X120.044 Y145.956 E.01826
G1 X120.493 Y146.246 E.01809
G1 X120.989 Y146.32 E.01697
;WIDTH:0.401993
G1 X135.017 Y146.32 E.41883
;WIDTH:0.449999
G1 X135.503 Y146.249 E.01663
G1 X135.926 Y145.98 E.01697
G1 X136.218 Y145.577 E.01685
G1 X136.32 Y145.017 E.01927
;WIDTH:0.401994
G1 X136.32 Y141.27 E.11187
G1 X136.5 Y141.27 E.00537
G1 X136.68 Y141.27 E.00537
G1 X136.68 Y145.017 E.11187
;WIDTH:0.449999
G1 X136.656 Y145.545 E.01789
G1 X136.656 Y146.656 E.03761
G1 X135.545 Y146.656 E.03761
G1 X135.017 Y146.68 E.01789
;WIDTH:0.401993
G1 X120.989 Y146.68 E.41883
;WIDTH:0.449999
G1 X120.451 Y146.656 E.01823
G1 X119.344 Y146.656 E.03747
G1 X119.344 Y145.545 E.03761
G1 X119.32 Y145.017 E.01789
G1 X119.32 Y145.017 F15000
G1 X119.741 Y146.196
;WIDTH:0.455782
G1 F1877
G1 X119.705 Y146.232 E.00175
G1 X119.718 Y146.282 E.00177
G1 X119.768 Y146.295 E.00177
G1 X119.804 Y146.259 E.00175
G1 X119.791 Y146.209 E.00177
G1 E-2 F2400
G1 X136.232 Y146.196 F15000
G1 E2 F2400
;WIDTH:0.455784
G1 F1877
G1 X136.196 Y146.232 E.00175
G1 X136.209 Y146.282 E.00177
G1 X136.259 Y146.295 E.00177
G1 X136.295 Y146.259 E.00175
G1 X136.282 Y146.209 E.00177
;LAYER_CHANGE
;Z:13.25
;HEIGHT:0.2
G1 Z13.25 F15000
G1 E-2 F2400
G1 Z13.25 F15000
G1 X120.819 Y146.006
G1 Z13.25
G1 E2 F2400
M204 S2500
;TYPE:Perimeter
;WIDTH:0.449999
G1 F1973
G1 X120.979 Y146.039 E.00553
G1 X135.021 Y146.039 E.4753
G1 X135.426 Y145.955 E.014
G1 X135.741 Y145.741 E.01289
G1 X135.955 Y145.426 E.01289
G1 X136.039 Y145.021 E.014
G1 X136.039 Y141.189 E.12971
G1 X136.961 Y141.189 E.03121
G1 X136.961 Y141.65 E.0156
G1 X136.961 Y146.961 E.17977
G1 X119.039 Y146.961 E.60664
G1 X119.039 Y141.189 E.19538
G1 X119.961 Y141.189 E.03121
G1 X119.961 Y145.021 E.12971
G1 X120.045 Y145.426 E.014
G1 X120.259 Y145.741 E.01289
G1 X120.574 Y145.955 E.01289
G1 X120.76 Y145.994 E.00643
M204 S4000
G1 X120.76 Y145.994 F15000
G1 X120.899 Y145.616
M204 S2500
G1 F1973
G1 X120.979 Y145.632 E.00276
G1 X135.021 Y145.632 E.4753
G1 X135.264 Y145.582 E.0084
G1 X135.453 Y145.453 E.00775
G1 X135.582 Y145.264 E.00775
G1 X135.632 Y145.021 E.0084
G1 X135.632 Y140.782 E.14348
G1 X137.368 Y140.782 E.05876
G1 X137.368 Y141.65 E.02938
G1 X137.368 Y147.368 E.19355
G1 X118.632 Y147.368 E.63419
G1 X118.632 Y140.782 E.22293
G1 X120.368 Y140.782 E.05876
G1 X120.368 Y145.021 E.14348
G1 X120.418 Y145.264 E.0084
G1 X120.547 Y145.453 E.00775
G1 X120.736 Y145.582 E.00775
G1 X120.84 Y145.603 E.00359
M204 S4000
G1 X120.84 Y145.603 F15000
G1 X120.979 Y145.225
M204 S2500
;TYPE:External perimeter
G1 F1973
G1 X135.021 Y145.225 E.4753
G1 X135.165 Y145.165 E.00528
G1 X135.225 Y145.021 E.00528
G1 X135.225 Y140.375 E.15726
G1 X137.775 Y140.375 E.08631
G1 X137.775 Y141.65 E.04316
G1 X137.775 Y147.775 E.20732
G1 X118.225 Y147.775 E.66174
G1 X118.225 Y140.375 E.25048
G1 X120.775 Y140.375 E.08631
G1 X120.775 Y145.021 E.15726
G1 X120.835 Y145.165 E.00528
G1 X120.923 Y145.202 E.00323
M204 S4000
G1 X121.323 Y145.222 F15000
G1 E-2 F2400
G1 X136.32 Y141.47 F15000
G1 E2 F2400
;TYPE:Solid infill
;WIDTH:0.401993
G1 F1973
G1 X136.32 Y145.017 E.1059
;WIDTH:0.449999
G1 X136.218 Y145.577 E.01927
G1 X135.956 Y145.956 E.0156
G1 X135.503 Y146.249 E.01826
G1 X135.017 Y146.32 E.01663
;WIDTH:0.401993
G1 X120.989 Y146.32 E.41883
;WIDTH:0.449999
G1 X120.493 Y146.246 E.01697
G1 X120.044 Y145.956 E.01809
G1 X119.751 Y145.503 E.01826
G1 X119.68 Y145.017 E.01663
;WIDTH:0.401993
G1 X119.68 Y141.47 E.1059
G1 X119.32 Y141.47 E.01075
G1 X119.32 Y145.017 E.1059
;WIDTH:0.449999
G1 X119.344 Y145.545 E.01789
G1 X119.344 Y146.656 E.03761
G1 X120.451 Y146.656 E.03747
G1 X120.989 Y146.68 E.01823
;WIDTH:0.401993
G1 X135.017 Y146.68 E.41883
;WIDTH:0.449999
G1 X135.545 Y146.656 E.01789
G1 X136.656 Y146.656 E.03761
G1 X136.656 Y145.545 E.03761
G1 X136.68 Y145.017 E.01789
;WIDTH:0.401993
G1 X136.68 Y141.47 E.1059
G1 X136.524 Y141.47 E.00466
G1 E-2 F2400
G1 X136.524 Y141.47 F15000
G1 X136.295 Y146.232
G1 E2 F2400
;WIDTH:0.455784
G1 F1973
G1 X136.259 Y146.196 E.00175
G1 X136.209 Y146.209 E.00177
G1 X136.196 Y146.259 E.00177
G1 X136.232 Y146.295 E.00175
G1 X136.282 Y146.282 E.00177
G1 E-2 F2400
G1 X119.804 Y146.232 F15000
G1 E2 F2400
;WIDTH:0.45578
G1 F1973
G1 X119.768 Y146.196 E.00175
G1 X119.718 Y146.209 E.00177
G1 X119.705 Y146.259 E.00177
G1 X119.741 Y146.295 E.00175
G1 X119.791 Y146.282 E.00177
;LAYER_CHANGE
;Z:13.45
;HEIGHT:0.2
G1 Z13.45 F15000
G1 X120.819 Y146.006
G1 Z13.45
M204 S2500
;TYPE:Perimeter
;WIDTH:0.449999
G1 F1828
G1 X120.979 Y146.039 E.00553
G1 X135.021 Y146.039 E.4753
G1 X135.426 Y145.955 E.014
G1 X135.741 Y145.741 E.01289
G1 X135.955 Y145.426 E.01289
G1 X136.039 Y145.021 E.014
G1 X136.039 Y141.389 E.12294
G1 X136.961 Y141.389 E.03121
G1 X136.961 Y141.85 E.0156
G1 X136.961 Y146.961 E.173
G1 X119.039 Y146.961 E.60664
G1 X119.039 Y141.389 E.18861
G1 X119.961 Y141.389 E.03121
G1 X119.961 Y145.021 E.12294
G1 X120.045 Y145.426 E.014
G1 X120.259 Y145.741 E.01289
G1 X120.574 Y145.955 E.01289
G1 X120.76 Y145.994 E.00643
M204 S4000
G1 X120.76 Y145.994 F15000
G1 X120.899 Y145.616
M204 S2500
G1 F1828
G1 X120.979 Y145.632 E.00276
G1 X135.021 Y145.632 E.4753
G1 X135.264 Y145.582 E.0084
G1 X135.453 Y145.453 E.00775
G1 X135.582 Y145.264 E.00775
G1 X135.632 Y145.021 E.0084
G1 X135.632 Y140.982 E.13672
G1 X137.368 Y140.982 E.05876
G1 X137.368 Y141.85 E.02938
G1 X137.368 Y147.368 E.18678
G1 X118.632 Y147.368 E.63419
G1 X118.632 Y140.982 E.21616
G1 X120.368 Y140.982 E.05876
G1 X120.368 Y145.021 E.13672
G1 X120.418 Y145.264 E.0084
G1 X120.547 Y145.453 E.00775
G1 X120.736 Y145.582 E.00775
G1 X120.84 Y145.603 E.00359
M204 S4000
G1 X120.84 Y145.603 F15000
G1 X120.979 Y145.225
M204 S2500
;TYPE:External perimeter
G1 F1828
G1 X135.021 Y145.225 E.4753
G1 X135.165 Y145.165 E.00528
G1 X135.225 Y145.021 E.00528
G1 X135.225 Y140.575 E.15049
G1 X137.775 Y140.575 E.08631
G1 X137.775 Y141.85 E.04316
G1 X137.775 Y147.775 E.20055
G1 X118.225 Y147.775 E.66174
G1 X118.225 Y140.575 E.24371
G1 X120.775 Y140.575 E.08631
G1 X120.775 Y145.021 E.15049
G1 X120.835 Y145.165 E.00528
G1 X120.923 Y145.202 E.00323
M204 S4000
G1 X121.323 Y145.222 F15000
G1 E-2 F2400
G1 X119.32 Y144.814 F15000
G1 E2 F2400
;TYPE:Solid infill
;WIDTH:0.401994
G1 F1828
G1 X119.32 Y141.67 E.09387
G1 X119.68 Y141.67 E.01075
G1 X119.68 Y145.017 E.09993
;WIDTH:0.449999
G1 X119.751 Y145.503 E.01663
G1 X120.044 Y145.956 E.01826
G1 X120.493 Y146.246 E.01809
G1 X120.989 Y146.32 E.01697
;WIDTH:0.401993
G1 X135.017 Y146.32 E.41883
;WIDTH:0.449999
G1 X135.503 Y146.249 E.01663
G1 X135.926 Y145.98 E.01697
G1 X136.218 Y145.577 E.01685
G1 X136.32 Y145.017 E.01927
;WIDTH:0.401993
G1 X136.32 Y141.67 E.09993
G1 X136.68 Y141.67 E.01075
G1 X136.68 Y145.017 E.09993
;WIDTH:0.449999
G1 X136.656 Y145.545 E.01789
G1 X136.656 Y146.656 E.03761
G1 X135.545 Y146.656 E.03761
G1 X135.017 Y146.68 E.01789
;WIDTH:0.401993
G1 X120.989 Y146.68 E.41883
;WIDTH:0.449999
G1 X120.451 Y146.656 E.01823
G1 X119.344 Y146.656 E.03747
G1 X119.344 Y145.545 E.03761
G1 X119.32 Y145.017 E.01789
G1 X119.32 Y145.017 F15000
G1 X119.741 Y146.196
;WIDTH:0.455782
G1 F1828
G1 X119.705 Y146.232 E.00175
G1 X119.718 Y146.282 E.00177
G1 X119.768 Y146.295 E.00177
G1 X119.804 Y146.259 E.00175
G1 X119.791 Y146.209 E.00177
G1 E-2 F2400
G1 X136.232 Y146.196 F15000
G1 E2 F2400
;WIDTH:0.455784
G1 F1828
G1 X136.196 Y146.232 E.00175
G1 X136.209 Y146.282 E.00177
G1 X136.259 Y146.295 E.00177
G1 X136.295 Y146.259 E.00175
G1 X136.282 Y146.209 E.00177
;LAYER_CHANGE
;Z:13.65
;HEIGHT:0.2
G1 Z13.65 F15000
G1 E-2 F2400
G1 Z13.65 F15000
G1 X120.819 Y146.006
G1 Z13.65
G1 E2 F2400
M204 S2500
;TYPE:Perimeter
;WIDTH:0.449999
G1 F1920
G1 X120.979 Y146.039 E.00553
G1 X135.021 Y146.039 E.4753
G1 X135.426 Y145.955 E.014
G1 X135.741 Y145.741 E.01289
G1 X135.955 Y145.426 E.01289
G1 X136.039 Y145.021 E.014
G1 X136.039 Y141.589 E.11617
G1 X136.961 Y141.589 E.03121
G1 X136.961 Y142.05 E.0156
G1 X136.961 Y146.961 E.16623
G1 X119.039 Y146.961 E.60664
G1 X119.039 Y141.589 E.18184
G1 X119.961 Y141.589 E.03121
G1 X119.961 Y145.021 E.11617
G1 X120.045 Y145.426 E.014
G1 X120.259 Y145.741 E.01289
G1 X120.574 Y145.955 E.01289
G1 X120.76 Y145.994 E.00643
M204 S4000
G1 X120.76 Y145.994 F15000
G1 X120.899 Y145.616
M204 S2500
G1 F1920
G1 X120.979 Y145.632 E.00276
G1 X135.021 Y145.632 E.4753
G1 X135.264 Y145.582 E.0084
G1 X135.453 Y145.453 E.00775
G1 X135.582 Y145.264 E.00775
G1 X135.632 Y145.021 E.0084
G1 X135.632 Y141.182 E.12995
G1 X137.368 Y141.182 E.05876
G1 X137.368 Y142.05 E.02938
G1 X137.368 Y147.368 E.18001
G1 X118.632 Y147.368 E.63419
G1 X118.632 Y141.182 E.20939
G1 X120.368 Y141.182 E.05876
G1 X120.368 Y145.021 E.12995
G1 X120.418 Y145.264 E.0084
G1 X120.547 Y145.453 E.00775
G1 X120.736 Y145.582 E.00775
G1 X120.84 Y145.603 E.00359
M204 S4000
G1 X120.84 Y145.603 F15000
G1 X120.979 Y145.225
M204 S2500
;TYPE:External perimeter
G1 F1920
G1 X135.021 Y145.225 E.4753
G1 X135.165 Y145.165 E.00528
G1 X135.225 Y145.021 E.00528
G1 X135.225 Y140.775 E.14372
G1 X137.775 Y140.775 E.08631
G1 X137.775 Y142.05 E.04316
G1 X137.775 Y147.775 E.19378
G1 X118.225 Y147.775 E.66174
G1 X118.225 Y140.775 E.23694
G1 X120.775 Y140.775 E.08631
G1 X120.775 Y145.021 E.14372
G1 X120.835 Y145.165 E.00528
G1 X120.923 Y145.202 E.00323
M204 S4000
G1 X121.323 Y145.222 F15000
G1 E-2 F2400
G1 X136.32 Y141.87 F15000
G1 E2 F2400
;TYPE:Solid infill
;WIDTH:0.401993
G1 F1920
G1 X136.32 Y145.017 E.09396
;WIDTH:0.449999
G1 X136.218 Y145.577 E.01927
G1 X135.956 Y145.956 E.0156
G1 X135.503 Y146.249 E.01826
G1 X135.017 Y146.32 E.01663
;WIDTH:0.401993
G1 X120.989 Y146.32 E.41883
;WIDTH:0.449999
G1 X120.493 Y146.246 E.01697
G1 X120.044 Y145.956 E.01809
G1 X119.751 Y145.503 E.01826
G1 X119.68 Y145.017 E.01663
;WIDTH:0.401993
G1 X119.68 Y141.87 E.09396
G1 X119.32 Y141.87 E.01075
G1 X119.32 Y145.017 E.09396
;WIDTH:0.449999
G1 X119.344 Y145.545 E.01789
G1 X119.344 Y146.656 E.03761
G1 X120.451 Y146.656 E.03747
G1 X120.989 Y146.68 E.01823
;WIDTH:0.401993
G1 X135.017 Y146.68 E.41883
;WIDTH:0.449999
G1 X135.545 Y146.656 E.01789
G1 X136.656 Y146.656 E.03761
G1 X136.656 Y145.545 E.03761
G1 X136.68 Y145.017 E.01789
;WIDTH:0.401993
G1 X136.68 Y141.87 E.09396
G1 X136.524 Y141.87 E.00466
G1 E-2 F2400
G1 X136.524 Y141.87 F15000
G1 X136.295 Y146.232
G1 E2 F2400
;WIDTH:0.455784
G1 F1920
G1 X136.259 Y146.196 E.00175
G1 X136.209 Y146.209 E.00177
G1 X136.196 Y146.259 E.00177
G1 X136.232 Y146.295 E.00175
G1 X136.282 Y146.282 E.00177
G1 E-2 F2400
G1 X119.804 Y146.232 F15000
G1 E2 F2400
;WIDTH:0.45578
G1 F1920
G1 X119.768 Y146.196 E.00175
G1 X119.718 Y146.209 E.00177
G1 X119.705 Y146.259 E.00177
G1 X119.741 Y146.295 E.00175
G1 X119.791 Y146.282 E.00177
;LAYER_CHANGE
;Z:13.85
;HEIGHT:0.200001
G1 Z13.85 F15000
G1 X120.819 Y146.006
G1 Z13.85
M204 S2500
;TYPE:Perimeter
;WIDTH:0.449999
G1 F1778
G1 X120.979 Y146.039 E.00553
G1 X135.021 Y146.039 E.4753
G1 X135.426 Y145.955 E.014
G1 X135.741 Y145.741 E.01289
G1 X135.955 Y145.426 E.01289
G1 X136.039 Y145.021 E.014
G1 X136.039 Y141.789 E.1094
G1 X136.961 Y141.789 E.03121
G1 X136.961 Y142.25 E.0156
G1 X136.961 Y146.961 E.15946
G1 X119.039 Y146.961 E.60664
G1 X119.039 Y141.789 E.17507
G1 X119.961 Y141.789 E.03121
G1 X119.961 Y145.021 E.1094
G1 X120.045 Y145.426 E.014
G1 X120.259 Y145.741 E.01289
G1 X120.574 Y145.955 E.01289
G1 X120.76 Y145.994 E.00643
M204 S4000
G1 X120.76 Y145.994 F15000
G1 X120.899 Y145.616
M204 S2500
G1 F1778
G1 X120.979 Y145.632 E.00276
G1 X135.021 Y145.632 E.4753
G1 X135.264 Y145.582 E.0084
G1 X135.453 Y145.453 E.00775
G1 X135.582 Y145.264 E.00775
G1 X135.632 Y145.021 E.0084
G1 X135.632 Y141.382 E.12318
G1 X137.368 Y141.382 E.05876
G1 X137.368 Y142.25 E.02938
G1 X137.368 Y147.368 E.17324
G1 X118.632 Y147.368 E.63419
G1 X118.632 Y141.382 E.20262
G1 X120.368 Y141.382 E.05876
G1 X120.368 Y145.021 E.12318
G1 X120.418 Y145.264 E.0084
G1 X120.547 Y145.453 E.00775
G1 X120.736 Y145.582 E.00775
G1 X120.84 Y145.603 E.00359
M204 S4000
G1 X120.84 Y145.603 F15000
G1 X120.979 Y145.225
M204 S2500
;TYPE:External perimeter
G1 F1778
G1 X135.021 Y145.225 E.4753
G1 X135.165 Y145.165 E.00528
G1 X135.225 Y145.021 E.00528
G1 X135.225 Y140.975 E.13695
G1 X137.775 Y140.975 E.08631
G1 X137.775 Y142.25 E.04316
G1 X137.775 Y147.775 E.18701
G1 X118.225 Y147.775 E.66174
G1 X118.225 Y140.975 E.23017
G1 X120.775 Y140.975 E.08631
G1 X120.775 Y145.021 E.13695
G1 X120.835 Y145.165 E.00528
G1 X120.923 Y145.202 E.00323
M204 S4000
G1 X121.323 Y145.222 F15000
G1 E-2 F2400
G1 X119.32 Y144.814 F15000
G1 E2 F2400
;TYPE:Solid infill
;WIDTH:0.401994
G1 F1778
G1 X119.32 Y142.07 E.08193
G1 X119.68 Y142.07 E.01075
G1 X119.68 Y145.017 E.08799
;WIDTH:0.449999
G1 X119.751 Y145.503 E.01663
G1 X120.044 Y145.956 E.01826
G1 X120.493 Y146.246 E.01809
G1 X120.989 Y146.32 E.01697
;WIDTH:0.401993
G1 X135.017 Y146.32 E.41883
;WIDTH:0.449999
G1 X135.503 Y146.249 E.01663
G1 X135.926 Y145.98 E.01697
G1 X136.218 Y145.577 E.01685
G1 X136.32 Y145.017 E.01927
;WIDTH:0.401994
G1 X136.32 Y142.07 E.08799
G1 X136.68 Y142.07 E.01075
G1 X136.68 Y145.017 E.08799
;WIDTH:0.449999
G1 X136.656 Y145.545 E.01789
G1 X136.656 Y146.656 E.03761
G1 X135.545 Y146.656 E.03761
G1 X135.017 Y146.68 E.01789
;WIDTH:0.401993
G1 X120.989 Y146.68 E.41883
;WIDTH:0.449999
G1 X120.451 Y146.656 E.01823
G1 X119.344 Y146.656 E.03747
G1 X119.344 Y145.545 E.03761
G1 X119.32 Y145.017 E.01789
G1 X119.32 Y145.017 F15000
G1 X119.741 Y146.196
;WIDTH:0.455782
G1 F1778
G1 X119.705 Y146.232 E.00175
G1 X119.718 Y146.282 E.00177
G1 X119.768 Y146.295 E.00177
G1 X119.804 Y146.259 E.00175
G1 X119.791 Y146.209 E.00177
G1 E-2 F2400
G1 X136.232 Y146.196 F15000
G1 E2 F2400
;WIDTH:0.455784
G1 F1778
G1 X136.196 Y146.232 E.00175
G1 X136.209 Y146.282 E.00177
G1 X136.259 Y146.295 E.00177
G1 X136.295 Y146.259 E.00175
G1 X136.282 Y146.209 E.00177
;LAYER_CHANGE
;Z:14.05
;HEIGHT:0.2
G1 Z14.05 F15000
G1 E-2 F2400
G1 Z14.05 F15000
G1 X120.819 Y146.006
G1 Z14.05
G1 E2 F2400
M204 S2500
;TYPE:Perimeter
;WIDTH:0.449999
G1 F1867
G1 X120.979 Y146.039 E.00553
G1 X135.021 Y146.039 E.4753
G1 X135.426 Y145.955 E.014
G1 X135.741 Y145.741 E.01289
G1 X135.955 Y145.426 E.01289
G1 X136.039 Y145.021 E.014
G1 X136.039 Y141.989 E.10263
G1 X136.961 Y141.989 E.03121
G1 X136.961 Y142.45 E.0156
G1 X136.961 Y146.961 E.15269
G1 X119.039 Y146.961 E.60664
G1 X119.039 Y141.989 E.1683
G1 X119.961 Y141.989 E.03121
G1 X119.961 Y145.021 E.10263
G1 X120.045 Y145.426 E.014
G1 X120.259 Y145.741 E.01289
G1 X120.574 Y145.955 E.01289
G1 X120.76 Y145.994 E.00643
M204 S4000
G1 X120.76 Y145.994 F15000
G1 X120.899 Y145.616
M204 S2500
G1 F1867
G1 X120.979 Y145.632 E.00276
G1 X135.021 Y145.632 E.4753
G1 X135.264 Y145.582 E.0084
G1 X135.453 Y145.453 E.00775
G1 X135.582 Y145.264 E.00775
G1 X135.632 Y145.021 E.0084
G1 X135.632 Y141.582 E.11641
G1 X137.368 Y141.582 E.05876
G1 X137.368 Y142.45 E.02938
G1 X137.368 Y147.368 E.16647
G1 X118.632 Y147.368 E.63419
G1 X118.632 Y141.582 E.19585
G1 X120.368 Y141.582 E.05876
G1 X120.368 Y145.021 E.11641
G1 X120.418 Y145.264 E.0084
G1 X120.547 Y145.453 E.00775
G1 X120.736 Y145.582 E.00775
G1 X120.84 Y145.603 E.00359
M204 S4000
G1 X120.84 Y145.603 F15000
G1 X120.979 Y145.225
M204 S2500
;TYPE:External perimeter
G1 F1867
G1 X135.021 Y145.225 E.4753
G1 X135.165 Y145.165 E.00528
G1 X135.225 Y145.021 E.00528
G1 X135.225 Y141.175 E.13018
G1 X137.775 Y141.175 E.08631
G1 X137.775 Y142.45 E.04316
G1 X137.775 Y147.775 E.18024
G1 X118.225 Y147.775 E.66174
G1 X118.225 Y141.175 E.2234
G1 X120.775 Y141.175 E.08631
G1 X120.775 Y145.021 E.13018
G1 X120.835 Y145.165 E.00528
G1 X120.923 Y145.202 E.00323
M204 S4000
G1 X121.323 Y145.222 F15000
G1 E-2 F2400
G1 X136.32 Y142.27 F15000
G1 E2 F2400
;TYPE:Solid infill
;WIDTH:0.401993
G1 F1867
G1 X136.32 Y145.017 E.08202
;WIDTH:0.449999
G1 X136.218 Y145.577 E.01927
G1 X135.956 Y145.956 E.0156
G1 X135.503 Y146.249 E.01826
G1 X135.017 Y146.32 E.01663
;WIDTH:0.401993
G1 X120.989 Y146.32 E.41883
;WIDTH:0.449999
G1 X120.493 Y146.246 E.01697
G1 X120.044 Y145.956 E.01809
G1 X119.751 Y145.503 E.01826
G1 X119.68 Y145.017 E.01663
;WIDTH:0.401993
G1 X119.68 Y142.27 E.08202
G1 X119.32 Y142.27 E.01075
G1 X119.32 Y145.017 E.08202
;WIDTH:0.449999
G1 X119.344 Y145.545 E.01789
G1 X119.344 Y146.656 E.03761
G1 X120.451 Y146.656 E.03747
G1 X120.989 Y146.68 E.01823
;WIDTH:0.401993
G1 X135.017 Y146.68 E.41883
;WIDTH:0.449999
G1 X135.545 Y146.656 E.01789
G1 X136.656 Y146.656 E.03761
G1 X136.656 Y145.545 E.03761
G1 X136.68 Y145.017 E.01789
;WIDTH:0.401993
G1 X136.68 Y142.27 E.08202
G1 X136.524 Y142.27 E.00466
G1 E-2 F2400
G1 X136.524 Y142.27 F15000
G1 X136.295 Y146.232
G1 E2 F2400
;WIDTH:0.455784
G1 F1867
G1 X136.259 Y146.196 E.00175
G1 X136.209 Y146.209 E.00177
G1 X136.196 Y146.259 E.00177
G1 X136.232 Y146.295 E.00175
G1 X136.282 Y146.282 E.00177
G1 E-2 F2400
G1 X119.804 Y146.232 F15000
G1 E2 F2400
;WIDTH:0.45578
G1 F1867
G1 X119.768 Y146.196 E.00175
G1 X119.718 Y146.209 E.00177
G1 X119.705 Y146.259 E.00177
G1 X119.741 Y146.295 E.00175
G1 X119.791 Y146.282 E.00177
;LAYER_CHANGE
;Z:14.25
;HEIGHT:0.2
G1 Z14.25 F15000
G1 X120.819 Y146.006
G1 Z14.25
M204 S2500
;TYPE:Perimeter
;WIDTH:0.449999
G1 F1728
G1 X120.979 Y146.039 E.00553
G1 X135.021 Y146.039 E.4753
G1 X135.426 Y145.955 E.014
G1 X135.741 Y145.741 E.01289
G1 X135.955 Y145.426 E.01289
G1 X136.039 Y145.021 E.014
G1 X136.039 Y142.189 E.09586
G1 X136.961 Y142.189 E.03121
G1 X136.961 Y142.65 E.0156
G1 X136.961 Y146.961 E.14592
G1 X119.039 Y146.961 E.60664
G1 X119.039 Y142.189 E.16153
G1 X119.961 Y142.189 E.03121
G1 X119.961 Y145.021 E.09586
G1 X120.045 Y145.426 E.014
G1 X120.259 Y145.741 E.01289
G1 X120.574 Y145.955 E.01289
G1 X120.76 Y145.994 E.00643
M204 S4000
G1 X120.76 Y145.994 F15000
G1 X120.899 Y145.616
M204 S2500
G1 F1728
G1 X120.979 Y145.632 E.00276
G1 X135.021 Y145.632 E.4753
G1 X135.264 Y145.582 E.0084
G1 X135.453 Y145.453 E.00775
G1 X135.582 Y145.264 E.00775
G1 X135.632 Y145.021 E.0084
G1 X135.632 Y141.782 E.10964
G1 X137.368 Y141.782 E.05876
G1 X137.368 Y142.65 E.02938
G1 X137.368 Y147.368 E.1597
G1 X118.632 Y147.368 E.63419
G1 X118.632 Y141.782 E.18908
G1 X120.368 Y141.782 E.05876
G1 X120.368 Y145.021 E.10964
G1 X120.418 Y145.264 E.0084
G1 X120.547 Y145.453 E.00775
G1 X120.736 Y145.582 E.00775
G1 X120.84 Y145.603 E.00359
M204 S4000
G1 X120.84 Y145.603 F15000
G1 X120.979 Y145.225
M204 S2500
;TYPE:External perimeter
G1 F1728
G1 X135.021 Y145.225 E.4753
G1 X135.165 Y145.165 E.00528
G1 X135.225 Y145.021 E.00528
G1 X135.225 Y141.375 E.12341
G1 X137.775 Y141.375 E.08631
G1 X137.775 Y142.65 E.04316
G1 X137.775 Y147.775 E.17347
G1 X118.225 Y147.775 E.66174
G1 X118.225 Y141.375 E.21663
G1 X120.775 Y141.375 E.08631
G1 X120.775 Y145.021 E.12341
G1 X120.835 Y145.165 E.00528
G1 X120.923 Y145.202 E.00323
M204 S4000
G1 X121.323 Y145.222 F15000
G1 E-2 F2400
G1 X119.32 Y144.814 F15000
G1 E2 F2400
;TYPE:Solid infill
;WIDTH:0.401994
G1 F1728
G1 X119.32 Y142.47 E.06999
G1 X119.68 Y142.47 E.01075
G1 X119.68 Y145.017 E.07605
;WIDTH:0.449999
G1 X119.751 Y145.503 E.01663
G1 X120.044 Y145.956 E.01826
G1 X120.493 Y146.246 E.01809
G1 X120.989 Y146.32 E.01697
;WIDTH:0.401993
G1 X135.017 Y146.32 E.41883
;WIDTH:0.449999
G1 X135.503 Y146.249 E.01663
G1 X135.926 Y145.98 E.01697
G1 X136.218 Y145.577 E.01685
G1 X136.32 Y145.017 E.01927
;WIDTH:0.401994
G1 X136.32 Y142.47 E.07605
G1 X136.68 Y142.47 E.01075
G1 X136.68 Y145.017 E.07605
;WIDTH:0.449999
G1 X136.656 Y145.545 E.01789
G1 X136.656 Y146.656 E.03761
G1 X135.545 Y146.656 E.03761
G1 X135.017 Y146.68 E.01789
;WIDTH:0.401993
G1 X120.989 Y146.68 E.41883
;WIDTH:0.449999
G1 X120.451 Y146.656 E.01823
G1 X119.344 Y146.656 E.03747
G1 X119.344 Y145.545 E.03761
G1 X119.32 Y145.017 E.01789
G1 X119.32 Y145.017 F15000
G1 X119.741 Y146.196
;WIDTH:0.455782
G1 F1728
G1 X119.705 Y146.232 E.00175
G1 X119.718 Y146.282 E.00177
G1 X119.768 Y146.295 E.00177
G1 X119.804 Y146.259 E.00175
G1 X119.791 Y146.209 E.00177
G1 E-2 F2400
G1 X136.232 Y146.196 F15000
G1 E2 F2400
;WIDTH:0.455784
G1 F1728
G1 X136.196 Y146.232 E.00175
G1 X136.209 Y146.282 E.00177
G1 X136.259 Y146.295 E.00177
G1 X136.295 Y146.259 E.00175
G1 X136.282 Y146.209 E.00177
;LAYER_CHANGE
;Z:14.45
;HEIGHT:0.2
G1 Z14.45 F15000
G1 E-2 F2400
G1 Z14.45 F15000
G1 X120.819 Y146.006
G1 Z14.45
G1 E2 F2400
M204 S2500
;TYPE:Perimeter
;WIDTH:0.449999
G1 F1815
G1 X120.979 Y146.039 E.00553
G1 X135.021 Y146.039 E.4753
G1 X135.426 Y145.955 E.014
G1 X135.741 Y145.741 E.01289
G1 X135.955 Y145.426 E.01289
G1 X136.039 Y145.021 E.014
G1 X136.039 Y142.389 E.08909
G1 X136.961 Y142.389 E.03121
G1 X136.961 Y142.85 E.0156
G1 X136.961 Y146.961 E.13915
G1 X119.039 Y146.961 E.60664
G1 X119.039 Y142.389 E.15476
G1 X119.961 Y142.389 E.03121
G1 X119.961 Y145.021 E.08909
G1 X120.045 Y145.426 E.014
G1 X120.259 Y145.741 E.01289
G1 X120.574 Y145.955 E.01289
G1 X120.76 Y145.994 E.00643
M204 S4000
G1 X120.76 Y145.994 F15000
G1 X120.899 Y145.616
M204 S2500
G1 F1815
G1 X120.979 Y145.632 E.00276
G1 X135.021 Y145.632 E.4753
G1 X135.264 Y145.582 E.0084
G1 X135.453 Y145.453 E.00775
G1 X135.582 Y145.264 E.00775
G1 X135.632 Y145.021 E.0084
G1 X135.632 Y141.982 E.10287
G1 X137.368 Y141.982 E.05876
G1 X137.368 Y142.85 E.02938
G1 X137.368 Y147.368 E.15293
G1 X118.632 Y147.368 E.63419
G1 X118.632 Y141.982 E.18231
G1 X120.368 Y141.982 E.05876
G1 X120.368 Y145.021 E.10287
G1 X120.418 Y145.264 E.0084
G1 X120.547 Y145.453 E.00775
G1 X120.736 Y145.582 E.00775
G1 X120.84 Y145.603 E.00359
M204 S4000
G1 X120.84 Y145.603 F15000
G1 X120.979 Y145.225
M204 S2500
;TYPE:External perimeter
G1 F1815
G1 X135.021 Y145.225 E.4753
G1 X135.165 Y145.165 E.00528
G1 X135.225 Y145.021 E.00528
G1 X135.225 Y141.575 E.11664
G1 X137.775 Y141.575 E.08631
G1 X137.775 Y142.85 E.04316
G1 X137.775 Y147.775 E.16671
G1 X118.225 Y147.775 E.66174
G1 X118.225 Y141.575 E.20986
G1 X120.775 Y141.575 E.08631
G1 X120.775 Y145.021 E.11664
G1 X120.835 Y145.165 E.00528
G1 X120.923 Y145.202 E.00323
M204 S4000
G1 X121.323 Y145.222 F15000
G1 E-2 F2400
G1 X136.32 Y142.67 F15000
G1 E2 F2400
;TYPE:Solid infill
;WIDTH:0.401993
G1 F1815
G1 X136.32 Y145.017 E.07007
;WIDTH:0.449999
G1 X136.218 Y145.577 E.01927
G1 X135.956 Y145.956 E.0156
G1 X135.503 Y146.249 E.01826
G1 X135.017 Y146.32 E.01663
;WIDTH:0.401993
G1 X120.989 Y146.32 E.41883
;WIDTH:0.449999
G1 X120.493 Y146.246 E.01697
G1 X120.044 Y145.956 E.01809
G1 X119.751 Y145.503 E.01826
G1 X119.68 Y145.017 E.01663
;WIDTH:0.401993
G1 X119.68 Y142.67 E.07007
G1 X119.32 Y142.67 E.01075
G1 X119.32 Y145.017 E.07007
;WIDTH:0.449999
G1 X119.344 Y145.545 E.01789
G1 X119.344 Y146.656 E.03761
G1 X120.451 Y146.656 E.03747
G1 X120.989 Y146.68 E.01823
;WIDTH:0.401993
G1 X135.017 Y146.68 E.41883
;WIDTH:0.449999
G1 X135.545 Y146.656 E.01789
G1 X136.656 Y146.656 E.03761
G1 X136.656 Y145.545 E.03761
G1 X136.68 Y145.017 E.01789
;WIDTH:0.401993
G1 X136.68 Y142.67 E.07007
G1 X136.524 Y142.67 E.00466
G1 E-2 F2400
G1 X136.524 Y142.67 F15000
G1 X136.295 Y146.232
G1 E2 F2400
;WIDTH:0.455784
G1 F1815
G1 X136.259 Y146.196 E.00175
G1 X136.209 Y146.209 E.00177
G1 X136.196 Y146.259 E.00177
G1 X136.232 Y146.295 E.00175
G1 X136.282 Y146.282 E.00177
G1 E-2 F2400
G1 X119.804 Y146.232 F15000
G1 E2 F2400
;WIDTH:0.45578
G1 F1815
G1 X119.768 Y146.196 E.00175
G1 X119.718 Y146.209 E.00177
G1 X119.705 Y146.259 E.00177
G1 X119.741 Y146.295 E.00175
G1 X119.791 Y146.282 E.00177
;LAYER_CHANGE
;Z:14.65
;HEIGHT:0.2
G1 Z14.65 F15000
G1 X120.819 Y146.006
G1 Z14.65
M204 S2500
;TYPE:Perimeter
;WIDTH:0.449999
G1 F1678
G1 X120.979 Y146.039 E.00553
G1 X135.021 Y146.039 E.4753
G1 X135.426 Y145.955 E.014
G1 X135.741 Y145.741 E.01289
G1 X135.955 Y145.426 E.01289
G1 X136.039 Y145.021 E.014
G1 X136.039 Y142.589 E.08232
G1 X136.961 Y142.589 E.03121
G1 X136.961 Y143.05 E.0156
G1 X136.961 Y146.961 E.13238
G1 X119.039 Y146.961 E.60664
G1 X119.039 Y142.589 E.14799
G1 X119.961 Y142.589 E.03121
G1 X119.961 Y145.021 E.08232
G1 X120.045 Y145.426 E.014
G1 X120.259 Y145.741 E.01289
G1 X120.574 Y145.955 E.01289
G1 X120.76 Y145.994 E.00643
M204 S4000
G1 X120.76 Y145.994 F15000
G1 X120.899 Y145.616
M204 S2500
G1 F1678
G1 X120.979 Y145.632 E.00276
G1 X135.021 Y145.632 E.4753
G1 X135.264 Y145.582 E.0084
G1 X135.453 Y145.453 E.00775
G1 X135.582 Y145.264 E.00775
G1 X135.632 Y145.021 E.0084
G1 X135.632 Y142.182 E.0961
G1 X137.368 Y142.182 E.05876
G1 X137.368 Y143.05 E.02938
G1 X137.368 Y147.368 E.14616
G1 X118.632 Y147.368 E.63419
G1 X118.632 Y142.182 E.17554
G1 X120.368 Y142.182 E.05876
G1 X120.368 Y145.021 E.0961
G1 X120.418 Y145.264 E.0084
G1 X120.547 Y145.453 E.00775
G1 X120.736 Y145.582 E.00775
G1 X120.84 Y145.603 E.00359
M204 S4000
G1 X120.84 Y145.603 F15000
G1 X120.979 Y145.225
M204 S2500
;TYPE:External perimeter
G1 F1678
G1 X135.021 Y145.225 E.4753
G1 X135.165 Y145.165 E.00528
G1 X135.225 Y145.021 E.00528
G1 X135.225 Y141.775 E.10987
G1 X137.775 Y141.775 E.08631
G1 X137.775 Y143.05 E.04316
G1 X137.775 Y147.775 E.15994
G1 X118.225 Y147.775 E.66174
G1 X118.225 Y141.775 E.20309
G1 X120.775 Y141.775 E.08631
G1 X120.775 Y145.021 E.10987
G1 X120.835 Y145.165 E.00528
G1 X120.923 Y145.202 E.00323
M204 S4000
G1 X121.323 Y145.222 F15000
G1 E-2 F2400
G1 X119.32 Y144.814 F15000
G1 E2 F2400
;TYPE:Solid infill
;WIDTH:0.401994
G1 F1678
G1 X119.32 Y142.87 E.05804
G1 X119.68 Y142.87 E.01075
G1 X119.68 Y145.017 E.0641
;WIDTH:0.449999
G1 X119.751 Y145.503 E.01663
G1 X120.044 Y145.956 E.01826
G1 X120.493 Y146.246 E.01809
G1 X120.989 Y146.32 E.01697
;WIDTH:0.401993
G1 X135.017 Y146.32 E.41883
;WIDTH:0.449999
G1 X135.503 Y146.249 E.01663
G1 X135.926 Y145.98 E.01697
G1 X136.218 Y145.577 E.01685
G1 X136.32 Y145.017 E.01927
;WIDTH:0.401994
G1 X136.32 Y142.87 E.0641
G1 X136.5 Y142.87 E.00537
G1 X136.68 Y142.87 E.00537
G1 X136.68 Y145.017 E.0641
;WIDTH:0.449999
G1 X136.656 Y145.545 E.01789
G1 X136.656 Y146.656 E.03761
G1 X135.545 Y146.656 E.03761
G1 X135.017 Y146.68 E.01789
;WIDTH:0.401993
G1 X120.989 Y146.68 E.41883
;WIDTH:0.449999
G1 X120.451 Y146.656 E.01823
G1 X119.344 Y146.656 E.03747
G1 X119.344 Y145.545 E.03761
G1 X119.32 Y145.017 E.01789
G1 X119.32 Y145.017 F15000
G1 X119.741 Y146.196
;WIDTH:0.455782
G1 F1678
G1 X119.705 Y146.232 E.00175
G1 X119.718 Y146.282 E.00177
G1 X119.768 Y146.295 E.00177
G1 X119.804 Y146.259 E.00175
G1 X119.791 Y146.209 E.00177
G1 E-2 F2400
G1 X136.232 Y146.196 F15000
G1 E2 F2400
;WIDTH:0.455784
G1 F1678
G1 X136.196 Y146.232 E.00175
G1 X136.209 Y146.282 E.00177
G1 X136.259 Y146.295 E.00177
G1 X136.295 Y146.259 E.00175
G1 X136.282 Y146.209 E.00177
;LAYER_CHANGE
;Z:14.85
;HEIGHT:0.200001
G1 Z14.85 F15000
G1 E-2 F2400
G1 Z14.85 F15000
G1 X120.819 Y146.006
G1 Z14.85
G1 E2 F2400
M204 S2500
;TYPE:Perimeter
;WIDTH:0.449999
G1 F1762
G1 X120.979 Y146.039 E.00553
G1 X135.021 Y146.039 E.4753
G1 X135.426 Y145.955 E.014
G1 X135.741 Y145.741 E.01289
G1 X135.955 Y145.426 E.01289
G1 X136.039 Y145.021 E.014
G1 X136.039 Y142.789 E.07555
G1 X136.961 Y142.789 E.03121
G1 X136.961 Y143.25 E.0156
G1 X136.961 Y146.961 E.12561
G1 X119.039 Y146.961 E.60664
G1 X119.039 Y142.789 E.14122
G1 X119.961 Y142.789 E.03121
G1 X119.961 Y145.021 E.07555
G1 X120.045 Y145.426 E.014
G1 X120.259 Y145.741 E.01289
G1 X120.574 Y145.955 E.01289
G1 X120.76 Y145.994 E.00643
M204 S4000
G1 X120.76 Y145.994 F15000
G1 X120.899 Y145.616
M204 S2500
G1 F1762
G1 X120.979 Y145.632 E.00276
G1 X135.021 Y145.632 E.4753
G1 X135.264 Y145.582 E.0084
G1 X135.453 Y145.453 E.00775
G1 X135.582 Y145.264 E.00775
G1 X135.632 Y145.021 E.0084
G1 X135.632 Y142.382 E.08933
G1 X137.368 Y142.382 E.05876
G1 X137.368 Y143.25 E.02938
G1 X137.368 Y147.368 E.13939
G1 X118.632 Y147.368 E.63419
G1 X118.632 Y142.382 E.16877
G1 X120.368 Y142.382 E.05876
G1 X120.368 Y145.021 E.08933
G1 X120.418 Y145.264 E.0084
G1 X120.547 Y145.453 E.00775
G1 X120.736 Y145.582 E.00775
G1 X120.84 Y145.603 E.00359
M204 S4000
G1 X120.84 Y145.603 F15000
G1 X120.979 Y145.225
M204 S2500
;TYPE:External perimeter
G1 F1762
G1 X135.021 Y145.225 E.4753
G1 X135.165 Y145.165 E.00528
G1 X135.225 Y145.021 E.00528
G1 X135.225 Y141.975 E.1031
G1 X137.775 Y141.975 E.08631
G1 X137.775 Y143.25 E.04316
G1 X137.775 Y147.775 E.15317
G1 X118.225 Y147.775 E.66174
G1 X118.225 Y141.975 E.19632
G1 X120.775 Y141.975 E.08631
G1 X120.775 Y145.021 E.1031
G1 X120.835 Y145.165 E.00528
G1 X120.923 Y145.202 E.00323
M204 S4000
G1 X121.323 Y145.222 F15000
G1 E-2 F2400
G1 X136.32 Y143.07 F15000
G1 E2 F2400
;TYPE:Solid infill
;WIDTH:0.401993
G1 F1762
G1 X136.32 Y145.017 E.05813
;WIDTH:0.449999
G1 X136.218 Y145.577 E.01927
G1 X135.956 Y145.956 E.0156
G1 X135.503 Y146.249 E.01826
G1 X135.017 Y146.32 E.01663
;WIDTH:0.401993
G1 X120.989 Y146.32 E.41883
;WIDTH:0.449999
G1 X120.493 Y146.246 E.01697
G1 X120.044 Y145.956 E.01809
G1 X119.751 Y145.503 E.01826
G1 X119.68 Y145.017 E.01663
;WIDTH:0.401993
G1 X119.68 Y143.07 E.05813
G1 X119.32 Y143.07 E.01075
G1 X119.32 Y145.017 E.05813
;WIDTH:0.449999
G1 X119.344 Y145.545 E.01789
G1 X119.344 Y146.656 E.03761
G1 X120.451 Y146.656 E.03747
G1 X120.989 Y146.68 E.01823
;WIDTH:0.401993
G1 X135.017 Y146.68 E.41883
;WIDTH:0.449999
G1 X135.545 Y146.656 E.01789
G1 X136.656 Y146.656 E.03761
G1 X136.656 Y145.545 E.03761
G1 X136.68 Y145.017 E.01789
;WIDTH:0.401993
G1 X136.68 Y143.07 E.05813
G1 X136.524 Y143.07 E.00466
G1 E-2 F2400
G1 X136.524 Y143.07 F15000
G1 X136.295 Y146.232
G1 E2 F2400
;WIDTH:0.455784
G1 F1762
G1 X136.259 Y146.196 E.00175
G1 X136.209 Y146.209 E.00177
G1 X136.196 Y146.259 E.00177
G1 X136.232 Y146.295 E.00175
G1 X136.282 Y146.282 E.00177
G1 E-2 F2400
G1 X119.804 Y146.232 F15000
G1 E2 F2400
;WIDTH:0.45578
G1 F1762
G1 X119.768 Y146.196 E.00175
G1 X119.718 Y146.209 E.00177
G1 X119.705 Y146.259 E.00177
G1 X119.741 Y146.295 E.00175
G1 X119.791 Y146.282 E.00177
;LAYER_CHANGE
;Z:15.05
;HEIGHT:0.2
G1 Z15.05 F15000
G1 X120.819 Y146.006
G1 Z15.05
M204 S2500
;TYPE:Perimeter
;WIDTH:0.449999
G1 F1628
G1 X120.979 Y146.039 E.00553
G1 X135.021 Y146.039 E.4753
G1 X135.426 Y145.955 E.014
G1 X135.741 Y145.741 E.01289
G1 X135.955 Y145.426 E.01289
G1 X136.039 Y145.021 E.014
G1 X136.039 Y142.989 E.06878
G1 X136.961 Y142.989 E.03121
G1 X136.961 Y143.45 E.0156
G1 X136.961 Y146.961 E.11884
G1 X119.039 Y146.961 E.60664
G1 X119.039 Y142.989 E.13445
G1 X119.961 Y142.989 E.03121
G1 X119.961 Y145.021 E.06878
G1 X120.045 Y145.426 E.014
G1 X120.259 Y145.741 E.01289
G1 X120.574 Y145.955 E.01289
G1 X120.76 Y145.994 E.00643
M204 S4000
G1 X120.76 Y145.994 F15000
G1 X120.899 Y145.616
M204 S2500
G1 F1628
G1 X120.979 Y145.632 E.00276
G1 X135.021 Y145.632 E.4753
G1 X135.264 Y145.582 E.0084
G1 X135.453 Y145.453 E.00775
G1 X135.582 Y145.264 E.00775
G1 X135.632 Y145.021 E.0084
G1 X135.632 Y142.582 E.08256
G1 X137.368 Y142.582 E.05876
G1 X137.368 Y143.45 E.02938
G1 X137.368 Y147.368 E.13262
G1 X118.632 Y147.368 E.63419
G1 X118.632 Y142.582 E.162
G1 X120.368 Y142.582 E.05876
G1 X120.368 Y145.021 E.08256
G1 X120.418 Y145.264 E.0084
G1 X120.547 Y145.453 E.00775
G1 X120.736 Y145.582 E.00775
G1 X120.84 Y145.603 E.00359
M204 S4000
G1 X120.84 Y145.603 F15000
G1 X120.979 Y145.225
M204 S2500
;TYPE:External perimeter
G1 F1628
G1 X135.021 Y145.225 E.4753
G1 X135.165 Y145.165 E.00528
G1 X135.225 Y145.021 E.00528
G1 X135.225 Y142.175 E.09633
G1 X137.775 Y142.175 E.08631
G1 X137.775 Y143.45 E.04316
G1 X137.775 Y147.775 E.1464
G1 X118.225 Y147.775 E.66174
G1 X118.225 Y142.175 E.18955
G1 X120.775 Y142.175 E.08631
G1 X120.775 Y145.021 E.09633
G1 X120.835 Y145.165 E.00528
G1 X120.923 Y145.202 E.00323
M204 S4000
G1 X121.323 Y145.222 F15000
G1 E-2 F2400
G1 X119.32 Y145.017 F15000
G1 E2 F2400
;TYPE:Solid infill
G1 F1628
G1 X119.344 Y145.545 E.01789
G1 X119.344 Y146.656 E.03761
G1 X120.451 Y146.656 E.03747
G1 X120.989 Y146.68 E.01823
;WIDTH:0.401993
G1 X135.017 Y146.68 E.41883
;WIDTH:0.449999
G1 X135.545 Y146.656 E.01789
G1 X136.656 Y146.656 E.03761
G1 X136.656 Y145.545 E.03761
G1 X136.68 Y145.017 E.01789
;WIDTH:0.401994
G1 X136.68 Y143.27 E.05216
G1 X136.5 Y143.27 E.00537
G1 X136.32 Y143.27 E.00537
G1 X136.32 Y145.017 E.05216
;WIDTH:0.449999
G1 X136.218 Y145.577 E.01927
G1 X135.926 Y145.98 E.01685
G1 X135.503 Y146.249 E.01697
G1 X135.017 Y146.32 E.01663
;WIDTH:0.401993
G1 X120.989 Y146.32 E.41883
;WIDTH:0.449999
G1 X120.493 Y146.246 E.01697
G1 X120.044 Y145.956 E.01809
G1 X119.751 Y145.503 E.01826
G1 X119.68 Y145.017 E.01663
;WIDTH:0.401994
G1 X119.68 Y143.27 E.05216
G1 X119.32 Y143.27 E.01075
G1 X119.32 Y144.814 E.0461
G1 X119.32 Y144.814 F15000
G1 X119.741 Y146.196
;WIDTH:0.455782
G1 F1628
G1 X119.705 Y146.232 E.00175
G1 X119.718 Y146.282 E.00177
G1 X119.768 Y146.295 E.00177
G1 X119.804 Y146.259 E.00175
G1 X119.791 Y146.209 E.00177
G1 E-2 F2400
G1 X136.232 Y146.196 F15000
G1 E2 F2400
;WIDTH:0.455784
G1 F1628
G1 X136.196 Y146.232 E.00175
G1 X136.209 Y146.282 E.00177
G1 X136.259 Y146.295 E.00177
G1 X136.295 Y146.259 E.00175
G1 X136.282 Y146.209 E.00177
;LAYER_CHANGE
;Z:15.25
;HEIGHT:0.2
G1 Z15.25 F15000
G1 E-2 F2400
G1 Z15.25 F15000
G1 X120.819 Y146.006
G1 Z15.25
G1 E2 F2400
M204 S2500
;TYPE:Perimeter
;WIDTH:0.449999
G1 F1709
G1 X120.979 Y146.039 E.00553
G1 X135.021 Y146.039 E.4753
G1 X135.426 Y145.955 E.014
G1 X135.741 Y145.741 E.01289
G1 X135.955 Y145.426 E.01289
G1 X136.039 Y145.021 E.014
G1 X136.039 Y143.189 E.06201
G1 X136.961 Y143.189 E.03121
G1 X136.961 Y143.65 E.0156
G1 X136.961 Y146.961 E.11207
G1 X119.039 Y146.961 E.60664
G1 X119.039 Y143.189 E.12768
G1 X119.961 Y143.189 E.03121
G1 X119.961 Y145.021 E.06201
G1 X120.045 Y145.426 E.014
G1 X120.259 Y145.741 E.01289
G1 X120.574 Y145.955 E.01289
G1 X120.76 Y145.994 E.00643
M204 S4000
G1 X120.76 Y145.994 F15000
G1 X120.899 Y145.616
M204 S2500
G1 F1709
G1 X120.979 Y145.632 E.00276
G1 X135.021 Y145.632 E.4753
G1 X135.264 Y145.582 E.0084
G1 X135.453 Y145.453 E.00775
G1 X135.582 Y145.264 E.00775
G1 X135.632 Y145.021 E.0084
G1 X135.632 Y142.782 E.07579
G1 X137.368 Y142.782 E.05876
G1 X137.368 Y143.65 E.02938
G1 X137.368 Y147.368 E.12585
G1 X118.632 Y147.368 E.63419
G1 X118.632 Y142.782 E.15523
G1 X120.368 Y142.782 E.05876
G1 X120.368 Y145.021 E.07579
G1 X120.418 Y145.264 E.0084
G1 X120.547 Y145.453 E.00775
G1 X120.736 Y145.582 E.00775
G1 X120.84 Y145.603 E.00359
M204 S4000
G1 X120.84 Y145.603 F15000
G1 X120.979 Y145.225
M204 S2500
;TYPE:External perimeter
G1 F1709
G1 X135.021 Y145.225 E.4753
G1 X135.165 Y145.165 E.00528
G1 X135.225 Y145.021 E.00528
G1 X135.225 Y142.375 E.08956
G1 X137.775 Y142.375 E.08631
G1 X137.775 Y143.65 E.04316
G1 X137.775 Y147.775 E.13963
G1 X118.225 Y147.775 E.66174
G1 X118.225 Y142.375 E.18278
G1 X120.775 Y142.375 E.08631
G1 X120.775 Y145.021 E.08956
G1 X120.835 Y145.165 E.00528
G1 X120.923 Y145.202 E.00323
M204 S4000
G1 X121.323 Y145.222 F15000
G1 E-2 F2400
G1 X136.32 Y143.47 F15000
G1 E2 F2400
;TYPE:Solid infill
;WIDTH:0.401993
G1 F1709
G1 X136.32 Y145.017 E.04619
;WIDTH:0.449999
G1 X136.218 Y145.577 E.01927
G1 X135.956 Y145.956 E.0156
G1 X135.503 Y146.249 E.01826
G1 X135.017 Y146.32 E.01663
;WIDTH:0.401993
G1 X120.989 Y146.32 E.41883
;WIDTH:0.449999
G1 X120.493 Y146.246 E.01697
G1 X120.044 Y145.956 E.01809
G1 X119.751 Y145.503 E.01826
G1 X119.68 Y145.017 E.01663
;WIDTH:0.401993
G1 X119.68 Y143.47 E.04619
G1 X119.32 Y143.47 E.01075
G1 X119.32 Y145.017 E.04619
;WIDTH:0.449999
G1 X119.344 Y145.545 E.01789
G1 X119.344 Y146.656 E.03761
G1 X120.451 Y146.656 E.03747
G1 X120.989 Y146.68 E.01823
;WIDTH:0.401993
G1 X135.017 Y146.68 E.41883
;WIDTH:0.449999
G1 X135.545 Y146.656 E.01789
G1 X136.656 Y146.656 E.03761
G1 X136.656 Y145.545 E.03761
G1 X136.68 Y145.017 E.01789
;WIDTH:0.401993
G1 X136.68 Y143.47 E.04619
G1 X136.524 Y143.47 E.00466
G1 E-2 F2400
G1 X136.524 Y143.47 F15000
G1 X136.295 Y146.232
G1 E2 F2400
;WIDTH:0.455784
G1 F1709
G1 X136.259 Y146.196 E.00175
G1 X136.209 Y146.209 E.00177
G1 X136.196 Y146.259 E.00177
G1 X136.232 Y146.295 E.00175
G1 X136.282 Y146.282 E.00177
G1 E-2 F2400
G1 X119.804 Y146.232 F15000
G1 E2 F2400
;WIDTH:0.45578
G1 F1709
G1 X119.768 Y146.196 E.00175
G1 X119.718 Y146.209 E.00177
G1 X119.705 Y146.259 E.00177
G1 X119.741 Y146.295 E.00175
G1 X119.791 Y146.282 E.00177
;LAYER_CHANGE
;Z:15.45
;HEIGHT:0.2
G1 Z15.45 F15000
G1 X120.819 Y146.006
G1 Z15.45
M204 S2500
;TYPE:Perimeter
;WIDTH:0.449999
G1 F1578
G1 X120.979 Y146.039 E.00553
G1 X135.021 Y146.039 E.4753
G1 X135.426 Y145.955 E.014
G1 X135.741 Y145.741 E.01289
G1 X135.955 Y145.426 E.01289
G1 X136.039 Y145.021 E.014
G1 X136.039 Y143.389 E.05524
G1 X136.961 Y143.389 E.03121
G1 X136.961 Y143.85 E.0156
G1 X136.961 Y146.961 E.1053
G1 X119.039 Y146.961 E.60664
G1 X119.039 Y143.389 E.12091
G1 X119.961 Y143.389 E.03121
G1 X119.961 Y145.021 E.05524
G1 X120.045 Y145.426 E.014
G1 X120.259 Y145.741 E.01289
G1 X120.574 Y145.955 E.01289
G1 X120.76 Y145.994 E.00643
M204 S4000
G1 X120.76 Y145.994 F15000
G1 X120.899 Y145.616
M204 S2500
G1 F1578
G1 X120.979 Y145.632 E.00276
G1 X135.021 Y145.632 E.4753
G1 X135.264 Y145.582 E.0084
G1 X135.453 Y145.453 E.00775
G1 X135.582 Y145.264 E.00775
G1 X135.632 Y145.021 E.0084
G1 X135.632 Y142.982 E.06902
G1 X137.368 Y142.982 E.05876
G1 X137.368 Y143.85 E.02938
G1 X137.368 Y147.368 E.11908
G1 X118.632 Y147.368 E.63419
G1 X118.632 Y142.982 E.14846
G1 X120.368 Y142.982 E.05876
G1 X120.368 Y145.021 E.06902
G1 X120.418 Y145.264 E.0084
G1 X120.547 Y145.453 E.00775
G1 X120.736 Y145.582 E.00775
G1 X120.84 Y145.603 E.00359
M204 S4000
G1 X120.84 Y145.603 F15000
G1 X120.979 Y145.225
M204 S2500
;TYPE:External perimeter
G1 F1578
G1 X135.021 Y145.225 E.4753
G1 X135.165 Y145.165 E.00528
G1 X135.225 Y145.021 E.00528
G1 X135.225 Y142.575 E.08279
G1 X137.775 Y142.575 E.08631
G1 X137.775 Y143.85 E.04316
G1 X137.775 Y147.775 E.13286
G1 X118.225 Y147.775 E.66174
G1 X118.225 Y142.575 E.17601
G1 X120.775 Y142.575 E.08631
G1 X120.775 Y145.021 E.08279
G1 X120.835 Y145.165 E.00528
G1 X120.923 Y145.202 E.00323
M204 S4000
G1 X121.323 Y145.222 F15000
G1 E-2 F2400
G1 X119.32 Y145.017 F15000
G1 E2 F2400
;TYPE:Solid infill
G1 F1578
G1 X119.344 Y145.545 E.01789
G1 X119.344 Y146.656 E.03761
G1 X120.451 Y146.656 E.03747
G1 X120.989 Y146.68 E.01823
;WIDTH:0.401993
G1 X135.017 Y146.68 E.41883
;WIDTH:0.449999
G1 X135.545 Y146.656 E.01789
G1 X136.656 Y146.656 E.03761
G1 X136.656 Y145.545 E.03761
G1 X136.68 Y145.017 E.01789
;WIDTH:0.401994
G1 X136.68 Y143.67 E.04022
G1 X136.5 Y143.67 E.00537
G1 X136.32 Y143.67 E.00537
G1 X136.32 Y145.017 E.04022
;WIDTH:0.449999
G1 X136.218 Y145.577 E.01927
G1 X135.926 Y145.98 E.01685
G1 X135.503 Y146.249 E.01697
G1 X135.017 Y146.32 E.01663
;WIDTH:0.401993
G1 X120.989 Y146.32 E.41883
;WIDTH:0.449999
G1 X120.493 Y146.246 E.01697
G1 X120.044 Y145.956 E.01809
G1 X119.751 Y145.503 E.01826
G1 X119.68 Y145.017 E.01663
;WIDTH:0.401994
G1 X119.68 Y143.67 E.04022
G1 X119.32 Y143.67 E.01075
G1 X119.32 Y144.814 E.03416
G1 X119.32 Y144.814 F15000
G1 X119.741 Y146.196
;WIDTH:0.455782
G1 F1578
G1 X119.705 Y146.232 E.00175
G1 X119.718 Y146.282 E.00177
G1 X119.768 Y146.295 E.00177
G1 X119.804 Y146.259 E.00175
G1 X119.791 Y146.209 E.00177
G1 E-2 F2400
G1 X136.232 Y146.196 F15000
G1 E2 F2400
;WIDTH:0.455784
G1 F1578
G1 X136.196 Y146.232 E.00175
G1 X136.209 Y146.282 E.00177
G1 X136.259 Y146.295 E.00177
G1 X136.295 Y146.259 E.00175
G1 X136.282 Y146.209 E.00177
;LAYER_CHANGE
;Z:15.65
;HEIGHT:0.2
G1 Z15.65 F15000
G1 E-2 F2400
G1 Z15.65 F15000
G1 X120.819 Y146.006
G1 Z15.65
G1 E2 F2400
M204 S2500
;TYPE:Perimeter
;WIDTH:0.449999
G1 F1657
G1 X120.979 Y146.039 E.00553
G1 X135.021 Y146.039 E.4753
G1 X135.426 Y145.955 E.014
G1 X135.741 Y145.741 E.01289
G1 X135.955 Y145.426 E.01289
G1 X136.039 Y145.021 E.014
G1 X136.039 Y143.589 E.04847
G1 X136.961 Y143.589 E.03121
G1 X136.961 Y144.05 E.0156
G1 X136.961 Y146.961 E.09853
G1 X119.039 Y146.961 E.60664
G1 X119.039 Y143.589 E.11414
G1 X119.961 Y143.589 E.03121
G1 X119.961 Y145.021 E.04847
G1 X120.045 Y145.426 E.014
G1 X120.259 Y145.741 E.01289
G1 X120.574 Y145.955 E.01289
G1 X120.76 Y145.994 E.00643
M204 S4000
G1 X120.76 Y145.994 F15000
G1 X120.899 Y145.616
M204 S2500
G1 F1657
G1 X120.979 Y145.632 E.00276
G1 X135.021 Y145.632 E.4753
G1 X135.264 Y145.582 E.0084
G1 X135.453 Y145.453 E.00775
G1 X135.582 Y145.264 E.00775
G1 X135.632 Y145.021 E.0084
G1 X135.632 Y143.182 E.06225
G1 X137.368 Y143.182 E.05876
G1 X137.368 Y144.05 E.02938
G1 X137.368 Y147.368 E.11231
G1 X118.632 Y147.368 E.63419
G1 X118.632 Y143.182 E.14169
G1 X120.368 Y143.182 E.05876
G1 X120.368 Y145.021 E.06225
G1 X120.418 Y145.264 E.0084
G1 X120.547 Y145.453 E.00775
G1 X120.736 Y145.582 E.00775
G1 X120.84 Y145.603 E.00359
M204 S4000
G1 X120.84 Y145.603 F15000
G1 X120.979 Y145.225
M204 S2500
;TYPE:External perimeter
G1 F1657
G1 X135.021 Y145.225 E.4753
G1 X135.165 Y145.165 E.00528
G1 X135.225 Y145.021 E.00528
G1 X135.225 Y142.775 E.07602
G1 X137.775 Y142.775 E.08631
G1 X137.775 Y144.05 E.04316
G1 X137.775 Y147.775 E.12609
G1 X118.225 Y147.775 E.66174
G1 X118.225 Y142.775 E.16924
G1 X120.775 Y142.775 E.08631
G1 X120.775 Y145.021 E.07602
G1 X120.835 Y145.165 E.00528
G1 X120.923 Y145.202 E.00323
M204 S4000
G1 X121.323 Y145.222 F15000
G1 E-2 F2400
G1 X136.32 Y143.87 F15000
G1 E2 F2400
;TYPE:Solid infill
;WIDTH:0.401993
G1 F1657
G1 X136.32 Y145.017 E.03425
;WIDTH:0.449999
G1 X136.218 Y145.577 E.01927
G1 X135.956 Y145.956 E.0156
G1 X135.503 Y146.249 E.01826
G1 X135.017 Y146.32 E.01663
;WIDTH:0.401993
G1 X120.989 Y146.32 E.41883
;WIDTH:0.449999
G1 X120.493 Y146.246 E.01697
G1 X120.044 Y145.956 E.01809
G1 X119.751 Y145.503 E.01826
G1 X119.68 Y145.017 E.01663
;WIDTH:0.401993
G1 X119.68 Y143.87 E.03425
G1 X119.32 Y143.87 E.01075
G1 X119.32 Y145.017 E.03425
;WIDTH:0.449999
G1 X119.344 Y145.545 E.01789
G1 X119.344 Y146.656 E.03761
G1 X120.451 Y146.656 E.03747
G1 X120.989 Y146.68 E.01823
;WIDTH:0.401993
G1 X135.017 Y146.68 E.41883
;WIDTH:0.449999
G1 X135.545 Y146.656 E.01789
G1 X136.656 Y146.656 E.03761
G1 X136.656 Y145.545 E.03761
G1 X136.68 Y145.017 E.01789
;WIDTH:0.401993
G1 X136.68 Y143.87 E.03425
G1 X136.524 Y143.87 E.00466
G1 E-2 F2400
G1 X136.524 Y143.87 F15000
G1 X136.295 Y146.232
G1 E2 F2400
;WIDTH:0.455784
G1 F1657
G1 X136.259 Y146.196 E.00175
G1 X136.209 Y146.209 E.00177
G1 X136.196 Y146.259 E.00177
G1 X136.232 Y146.295 E.00175
G1 X136.282 Y146.282 E.00177
G1 E-2 F2400
G1 X119.804 Y146.232 F15000
G1 E2 F2400
;WIDTH:0.45578
G1 F1657
G1 X119.768 Y146.196 E.00175
G1 X119.718 Y146.209 E.00177
G1 X119.705 Y146.259 E.00177
G1 X119.741 Y146.295 E.00175
G1 X119.791 Y146.282 E.00177
;LAYER_CHANGE
;Z:15.85
;HEIGHT:0.200001
G1 Z15.85 F15000
G1 X120.819 Y146.006
G1 Z15.85
M204 S2500
;TYPE:Perimeter
;WIDTH:0.449999
G1 F1498
G1 X120.979 Y146.039 E.00553
G1 X135.021 Y146.039 E.4753
G1 X135.426 Y145.955 E.014
G1 X135.741 Y145.741 E.01289
G1 X135.955 Y145.426 E.01289
G1 X136.039 Y145.021 E.014
G1 X136.039 Y143.789 E.0417
G1 X136.961 Y143.789 E.03121
G1 X136.961 Y144.25 E.0156
G1 X136.961 Y146.961 E.09176
G1 X119.039 Y146.961 E.60664
G1 X119.039 Y143.789 E.10737
G1 X119.961 Y143.789 E.03121
G1 X119.961 Y145.021 E.0417
G1 X120.045 Y145.426 E.014
G1 X120.259 Y145.741 E.01289
G1 X120.574 Y145.955 E.01289
G1 X120.76 Y145.994 E.00643
M204 S4000
G1 X120.76 Y145.994 F15000
G1 X120.899 Y145.616
M204 S2500
G1 F1498
G1 X120.979 Y145.632 E.00276
G1 X135.021 Y145.632 E.4753
G1 X135.264 Y145.582 E.0084
G1 X135.453 Y145.453 E.00775
G1 X135.582 Y145.264 E.00775
G1 X135.632 Y145.021 E.0084
G1 X135.632 Y143.382 E.05548
G1 X137.368 Y143.382 E.05876
G1 X137.368 Y144.25 E.02938
G1 X137.368 Y147.368 E.10554
G1 X118.632 Y147.368 E.63419
G1 X118.632 Y143.382 E.13492
G1 X120.368 Y143.382 E.05876
G1 X120.368 Y145.021 E.05548
G1 X120.418 Y145.264 E.0084
G1 X120.547 Y145.453 E.00775
G1 X120.736 Y145.582 E.00775
G1 X120.84 Y145.603 E.00359
M204 S4000
G1 X120.84 Y145.603 F15000
G1 X120.979 Y145.225
M204 S2500
;TYPE:External perimeter
G1 F1498
G1 X135.021 Y145.225 E.4753
G1 X135.165 Y145.165 E.00528
G1 X135.225 Y145.021 E.00528
G1 X135.225 Y142.975 E.06925
G1 X137.775 Y142.975 E.08631
G1 X137.775 Y144.25 E.04316
G1 X137.775 Y147.775 E.11932
G1 X118.225 Y147.775 E.66174
G1 X118.225 Y142.975 E.16247
G1 X120.775 Y142.975 E.08631
G1 X120.775 Y145.021 E.06925
G1 X120.835 Y145.165 E.00528
G1 X120.923 Y145.202 E.00323
M204 S4000
G1 X121.323 Y145.222 F15000
G1 X119.335 Y145.341
;TYPE:Solid infill
;WIDTH:0.431503
G1 F1498
G1 X119.32 Y145.017 E.01048
;WIDTH:0.401993
G1 X119.32 Y144.07 E.02827
G1 X119.68 Y144.07 E.01075
G1 X119.68 Y145.017 E.02827
;WIDTH:0.449999
G1 X119.751 Y145.503 E.01663
G1 X120.044 Y145.956 E.01826
G1 X120.493 Y146.246 E.01809
G1 X120.989 Y146.32 E.01697
;WIDTH:0.401993
G1 X135.017 Y146.32 E.41883
;WIDTH:0.449999
G1 X135.503 Y146.249 E.01663
G1 X135.926 Y145.98 E.01697
G1 X136.218 Y145.577 E.01685
G1 X136.32 Y145.017 E.01927
;WIDTH:0.401993
G1 X136.32 Y144.07 E.02827
G1 X136.68 Y144.07 E.01075
G1 X136.68 Y145.017 E.02827
;WIDTH:0.449999
G1 X136.656 Y145.545 E.01789
G1 X136.656 Y146.656 E.03761
G1 X135.545 Y146.656 E.03761
G1 X135.017 Y146.68 E.01789
;WIDTH:0.401993
G1 X120.989 Y146.68 E.41883
;WIDTH:0.449999
G1 X120.451 Y146.656 E.01823
G1 X119.344 Y146.656 E.03747
G1 X119.344 Y145.545 E.03761
G1 X119.741 Y146.196 E.02581
;WIDTH:0.455782
G1 X119.705 Y146.232 E.00175
G1 X119.718 Y146.282 E.00177
G1 X119.768 Y146.295 E.00177
G1 X119.804 Y146.259 E.00175
G1 X119.791 Y146.209 E.00177
G1 E-2 F2400
G1 X136.232 Y146.196 F15000
G1 E2 F2400
G1 F1498
G1 X136.196 Y146.232 E.00175
G1 X136.209 Y146.282 E.00177
G1 X136.259 Y146.295 E.00177
G1 X136.295 Y146.259 E.00175
G1 X136.282 Y146.209 E.00177
;LAYER_CHANGE
;Z:16.05
;HEIGHT:0.199999
G1 Z16.05 F15000
G1 E-2 F2400
G1 Z16.05 F15000
G1 X120.819 Y146.006
G1 Z16.05
G1 E2 F2400
M204 S2500
;TYPE:Perimeter
;WIDTH:0.449999
G1 F1565
G1 X120.979 Y146.039 E.00553
G1 X135.021 Y146.039 E.4753
G1 X135.426 Y145.955 E.014
G1 X135.741 Y145.741 E.01289
G1 X135.955 Y145.426 E.01289
G1 X136.039 Y145.021 E.014
G1 X136.039 Y143.989 E.03493
G1 X136.961 Y143.989 E.03121
G1 X136.961 Y144.45 E.0156
G1 X136.961 Y146.961 E.08499
G1 X119.039 Y146.961 E.60664
G1 X119.039 Y143.989 E.1006
G1 X119.961 Y143.989 E.03121
G1 X119.961 Y145.021 E.03493
G1 X120.045 Y145.426 E.014
G1 X120.259 Y145.741 E.01289
G1 X120.574 Y145.955 E.01289
G1 X120.76 Y145.994 E.00643
M204 S4000
G1 X120.76 Y145.994 F15000
G1 X120.899 Y145.616
M204 S2500
G1 F1565
G1 X120.979 Y145.632 E.00276
G1 X135.021 Y145.632 E.4753
G1 X135.264 Y145.582 E.0084
G1 X135.453 Y145.453 E.00775
G1 X135.582 Y145.264 E.00775
G1 X135.632 Y145.021 E.0084
G1 X135.632 Y143.582 E.04871
G1 X137.368 Y143.582 E.05876
G1 X137.368 Y144.45 E.02938
G1 X137.368 Y147.368 E.09877
G1 X118.632 Y147.368 E.63419
G1 X118.632 Y143.582 E.12815
G1 X120.368 Y143.582 E.05876
G1 X120.368 Y145.021 E.04871
G1 X120.418 Y145.264 E.0084
G1 X120.547 Y145.453 E.00775
G1 X120.736 Y145.582 E.00775
G1 X120.84 Y145.603 E.00359
M204 S4000
G1 X120.84 Y145.603 F15000
G1 X120.979 Y145.225
M204 S2500
;TYPE:External perimeter
G1 F1565
G1 X135.021 Y145.225 E.4753
G1 X135.165 Y145.165 E.00528
G1 X135.225 Y145.021 E.00528
G1 X135.225 Y143.175 E.06248
G1 X137.775 Y143.175 E.08631
G1 X137.775 Y144.45 E.04316
G1 X137.775 Y147.775 E.11255
G1 X118.225 Y147.775 E.66174
G1 X118.225 Y143.175 E.1557
G1 X120.775 Y143.175 E.08631
G1 X120.775 Y145.021 E.06248
G1 X120.835 Y145.165 E.00528
G1 X120.923 Y145.202 E.00323
M204 S4000
G1 X121.323 Y145.222 F15000
G1 E-2 F2400
G1 X136.32 Y144.27 F15000
G1 E2 F2400
;TYPE:Solid infill
;WIDTH:0.401993
G1 F1565
G1 X136.32 Y145.017 E.0223
;WIDTH:0.449999
G1 X136.218 Y145.577 E.01927
G1 X135.956 Y145.956 E.0156
G1 X135.503 Y146.249 E.01826
G1 X135.017 Y146.32 E.01663
;WIDTH:0.401993
G1 X120.989 Y146.32 E.41883
;WIDTH:0.449999
G1 X120.493 Y146.246 E.01697
G1 X120.044 Y145.956 E.01809
G1 X119.751 Y145.503 E.01826
G1 X119.68 Y145.017 E.01663
;WIDTH:0.401993
G1 X119.68 Y144.27 E.0223
G1 X119.32 Y144.27 E.01075
G1 X119.32 Y145.017 E.0223
;WIDTH:0.449999
G1 X119.344 Y145.545 E.01789
G1 X119.344 Y146.656 E.03761
G1 X120.451 Y146.656 E.03747
G1 X120.989 Y146.68 E.01823
;WIDTH:0.401993
G1 X135.017 Y146.68 E.41883
;WIDTH:0.449999
G1 X135.545 Y146.656 E.01789
G1 X136.656 Y146.656 E.03761
G1 X136.656 Y145.545 E.03761
G1 X136.68 Y145.017 E.01789
;WIDTH:0.401993
G1 X136.68 Y144.27 E.0223
G1 X136.524 Y144.27 E.00466
G1 X136.524 Y144.27 F15000
G1 X136.295 Y146.232
;WIDTH:0.455784
G1 F1565
G1 X136.259 Y146.196 E.00175
G1 X136.209 Y146.209 E.00177
G1 X136.196 Y146.259 E.00177
G1 X136.232 Y146.295 E.00175
G1 X136.282 Y146.282 E.00177
G1 E-2 F2400
G1 X119.804 Y146.232 F15000
G1 E2 F2400
;WIDTH:0.45578
G1 F1565
G1 X119.768 Y146.196 E.00175
G1 X119.718 Y146.209 E.00177
G1 X119.705 Y146.259 E.00177
G1 X119.741 Y146.295 E.00175
G1 X119.791 Y146.282 E.00177
;LAYER_CHANGE
;Z:16.25
;HEIGHT:0.200001
G1 Z16.25 F15000
G1 X120.819 Y146.006
G1 Z16.25
M204 S2500
;TYPE:Perimeter
;WIDTH:0.449999
G1 F1478
G1 X120.979 Y146.039 E.00553
G1 X135.021 Y146.039 E.4753
G1 X135.426 Y145.955 E.014
G1 X135.741 Y145.741 E.01289
G1 X135.955 Y145.426 E.01289
G1 X136.039 Y145.021 E.014
G1 X136.039 Y144.189 E.02816
G1 X136.961 Y144.189 E.03121
G1 X136.961 Y144.65 E.0156
G1 X136.961 Y146.961 E.07822
G1 X119.039 Y146.961 E.60664
G1 X119.039 Y144.189 E.09383
G1 X119.961 Y144.189 E.03121
G1 X119.961 Y145.021 E.02816
G1 X120.045 Y145.426 E.014
G1 X120.259 Y145.741 E.01289
G1 X120.574 Y145.955 E.01289
G1 X120.76 Y145.994 E.00643
M204 S4000
G1 X120.76 Y145.994 F15000
G1 X120.899 Y145.616
M204 S2500
G1 F1478
G1 X120.979 Y145.632 E.00276
G1 X135.021 Y145.632 E.4753
G1 X135.264 Y145.582 E.0084
G1 X135.453 Y145.453 E.00775
G1 X135.582 Y145.264 E.00775
G1 X135.632 Y145.021 E.0084
G1 X135.632 Y143.782 E.04194
G1 X137.368 Y143.782 E.05876
G1 X137.368 Y144.65 E.02938
G1 X137.368 Y147.368 E.092
G1 X118.632 Y147.368 E.63419
G1 X118.632 Y143.782 E.12138
G1 X120.368 Y143.782 E.05876
G1 X120.368 Y145.021 E.04194
G1 X120.418 Y145.264 E.0084
G1 X120.547 Y145.453 E.00775
G1 X120.736 Y145.582 E.00775
G1 X120.84 Y145.603 E.00359
M204 S4000
G1 X120.84 Y145.603 F15000
G1 X120.979 Y145.225
M204 S2500
;TYPE:External perimeter
G1 F1478
G1 X135.021 Y145.225 E.4753
G1 X135.165 Y145.165 E.00528
G1 X135.225 Y145.021 E.00528
G1 X135.225 Y143.375 E.05572
G1 X137.775 Y143.375 E.08631
G1 X137.775 Y144.65 E.04316
G1 X137.775 Y147.775 E.10578
G1 X118.225 Y147.775 E.66174
G1 X118.225 Y143.375 E.14893
G1 X120.775 Y143.375 E.08631
G1 X120.775 Y145.021 E.05572
G1 X120.835 Y145.165 E.00528
G1 X120.923 Y145.202 E.00323
M204 S4000
G1 X121.323 Y145.222 F15000
G1 E-2 F2400
G1 X119.344 Y145.545 F15000
G1 E2 F2400
;TYPE:Solid infill
G1 F1478
G1 X119.344 Y146.656 E.03761
G1 X120.451 Y146.656 E.03747
G1 X120.989 Y146.68 E.01823
;WIDTH:0.401993
G1 X135.017 Y146.68 E.41883
;WIDTH:0.449999
G1 X135.545 Y146.656 E.01789
G1 X136.656 Y146.656 E.03761
G1 X136.656 Y145.545 E.03761
G1 X136.68 Y145.017 E.01789
;WIDTH:0.401993
G1 X136.68 Y144.47 E.01633
G1 X136.32 Y144.47 E.01075
G1 X136.32 Y145.017 E.01633
;WIDTH:0.449999
G1 X136.218 Y145.577 E.01927
G1 X135.926 Y145.98 E.01685
G1 X135.503 Y146.249 E.01697
G1 X135.017 Y146.32 E.01663
;WIDTH:0.401993
G1 X120.989 Y146.32 E.41883
;WIDTH:0.449999
G1 X120.493 Y146.246 E.01697
G1 X120.044 Y145.956 E.01809
G1 X119.751 Y145.503 E.01826
G1 X119.68 Y145.017 E.01663
;WIDTH:0.401993
G1 X119.68 Y144.47 E.01633
G1 X119.32 Y144.47 E.01075
G1 X119.32 Y145.017 E.01633
;WIDTH:0.431503
G1 X119.335 Y145.341 E.01048
G1 X119.335 Y145.341 F15000
G1 X119.741 Y146.196
;WIDTH:0.455782
G1 F1478
G1 X119.705 Y146.232 E.00175
G1 X119.718 Y146.282 E.00177
G1 X119.768 Y146.295 E.00177
G1 X119.804 Y146.259 E.00175
G1 X119.791 Y146.209 E.00177
G1 E-2 F2400
G1 X136.232 Y146.196 F15000
G1 E2 F2400
G1 F1478
G1 X136.196 Y146.232 E.00175
G1 X136.209 Y146.282 E.00177
G1 X136.259 Y146.295 E.00177
G1 X136.295 Y146.259 E.00175
G1 X136.282 Y146.209 E.00177
;LAYER_CHANGE
;Z:16.45
;HEIGHT:0.200001
G1 Z16.45 F15000
G1 E-2 F2400
G1 Z16.45 F15000
G1 X120.819 Y146.006
G1 Z16.45
G1 E2 F2400
M204 S2500
;TYPE:Perimeter
;WIDTH:0.449999
G1 F1467
G1 X120.979 Y146.039 E.00553
G1 X135.021 Y146.039 E.4753
G1 X135.426 Y145.955 E.014
G1 X135.741 Y145.741 E.01289
G1 X135.955 Y145.426 E.01289
G1 X136.039 Y145.021 E.014
G1 X136.039 Y144.389 E.02139
G1 X136.961 Y144.389 E.03121
G1 X136.961 Y144.85 E.0156
G1 X136.961 Y146.961 E.07145
G1 X119.039 Y146.961 E.60664
G1 X119.039 Y144.389 E.08706
G1 X119.961 Y144.389 E.03121
G1 X119.961 Y145.021 E.02139
G1 X120.045 Y145.426 E.014
G1 X120.259 Y145.741 E.01289
G1 X120.574 Y145.955 E.01289
G1 X120.76 Y145.994 E.00643
M204 S4000
G1 X120.76 Y145.994 F15000
G1 X120.899 Y145.616
M204 S2500
G1 F1467
G1 X120.979 Y145.632 E.00276
G1 X135.021 Y145.632 E.4753
G1 X135.264 Y145.582 E.0084
G1 X135.453 Y145.453 E.00775
G1 X135.582 Y145.264 E.00775
G1 X135.632 Y145.021 E.0084
G1 X135.632 Y143.982 E.03517
G1 X137.368 Y143.982 E.05876
G1 X137.368 Y144.85 E.02938
G1 X137.368 Y147.368 E.08523
G1 X118.632 Y147.368 E.63419
G1 X118.632 Y143.982 E.11461
G1 X120.368 Y143.982 E.05876
G1 X120.368 Y145.021 E.03517
G1 X120.418 Y145.264 E.0084
G1 X120.547 Y145.453 E.00775
G1 X120.736 Y145.582 E.00775
G1 X120.84 Y145.603 E.00359
M204 S4000
G1 X120.84 Y145.603 F15000
G1 X120.979 Y145.225
M204 S2500
;TYPE:External perimeter
G1 F1467
G1 X135.021 Y145.225 E.4753
G1 X135.165 Y145.165 E.00528
G1 X135.225 Y145.021 E.00528
G1 X135.225 Y143.575 E.04895
G1 X137.775 Y143.575 E.08631
G1 X137.775 Y144.85 E.04316
G1 X137.775 Y147.775 E.09901
G1 X118.225 Y147.775 E.66174
G1 X118.225 Y143.575 E.14216
G1 X120.775 Y143.575 E.08631
G1 X120.775 Y145.021 E.04895
G1 X120.835 Y145.165 E.00528
G1 X120.923 Y145.202 E.00323
M204 S4000
G1 X121.323 Y145.222 F15000
G1 X119.68 Y144.67
;TYPE:Solid infill
;WIDTH:0.401993
G1 F1467
G1 X119.32 Y144.67 E.01075
;WIDTH:0.449999
G1 X119.344 Y145.545 E.02963
G1 X119.344 Y146.656 E.03761
G1 X120.451 Y146.656 E.03747
G1 X120.989 Y146.68 E.01823
;WIDTH:0.401993
G1 X135.017 Y146.68 E.41883
;WIDTH:0.449999
G1 X135.545 Y146.656 E.01789
G1 X136.656 Y146.656 E.03761
G1 X136.678 Y144.854 E.061
;WIDTH:0.405686
G1 X136.678 Y144.672 E.00549
G1 X136.32 Y144.672 E.0108
;WIDTH:0.411038
G1 X136.307 Y145.221 E.01681
;WIDTH:0.449999
G1 X136.218 Y145.577 E.01242
G1 X135.956 Y145.956 E.0156
G1 X135.503 Y146.249 E.01826
G1 X135.017 Y146.32 E.01663
;WIDTH:0.401993
G1 X120.989 Y146.32 E.41883
;WIDTH:0.449999
G1 X120.493 Y146.246 E.01697
G1 X120.044 Y145.956 E.01809
G1 X119.751 Y145.503 E.01826
G1 X119.682 Y144.874 E.02142
G1 X119.682 Y144.874 F15000
G1 X119.804 Y146.232
;WIDTH:0.45578
G1 F1467
G1 X119.768 Y146.196 E.00175
G1 X119.718 Y146.209 E.00177
G1 X119.705 Y146.259 E.00177
G1 X119.741 Y146.295 E.00175
G1 X119.791 Y146.282 E.00177
G1 E-2 F2400
G1 X136.282 Y146.282 F15000
G1 E2 F2400
;WIDTH:0.455784
G1 F1467
G1 X136.232 Y146.295 E.00177
G1 X136.196 Y146.259 E.00175
G1 X136.209 Y146.209 E.00177
G1 X136.259 Y146.196 E.00177
G1 X136.295 Y146.232 E.00175
;LAYER_CHANGE
;Z:16.65
;HEIGHT:0.199999
G1 Z16.65 F15000
G1 E-2 F2400
G1 Z16.65 F15000
G1 X120.819 Y146.006
G1 Z16.65
G1 E2 F2400
M204 S2500
;TYPE:Perimeter
;WIDTH:0.449999
G1 F1481
G1 X120.979 Y146.039 E.00553
G1 X135.021 Y146.039 E.4753
G1 X135.426 Y145.955 E.014
G1 X135.741 Y145.741 E.01289
G1 X136.024 Y145.197 E.02076
G1 X136.039 Y144.589 E.02059
G1 X136.961 Y144.589 E.03121
G1 X136.961 Y145.05 E.0156
G1 X136.961 Y146.961 E.06468
G1 X119.039 Y146.961 E.60664
G1 X119.039 Y144.589 E.08029
G1 X119.961 Y144.589 E.03121
G1 X119.976 Y145.197 E.02059
G1 X120.259 Y145.741 E.02076
G1 X120.574 Y145.955 E.01289
G1 X120.76 Y145.994 E.00643
M204 S4000
G1 X120.76 Y145.994 F15000
G1 X120.899 Y145.616
M204 S2500
G1 F1481
G1 X120.979 Y145.632 E.00276
G1 X135.021 Y145.632 E.4753
G1 X135.264 Y145.582 E.0084
G1 X135.453 Y145.453 E.00775
G1 X135.623 Y145.127 E.01244
G1 X135.632 Y144.182 E.03199
G1 X137.368 Y144.182 E.05876
G1 X137.368 Y145.05 E.02938
G1 X137.368 Y147.368 E.07846
G1 X118.632 Y147.368 E.63419
G1 X118.632 Y144.182 E.10784
G1 X120.368 Y144.182 E.05876
G1 X120.377 Y145.127 E.03199
G1 X120.547 Y145.453 E.01244
G1 X120.736 Y145.582 E.00775
G1 X120.84 Y145.603 E.00359
M204 S4000
G1 X120.84 Y145.603 F15000
G1 X120.979 Y145.225
M204 S2500
;TYPE:External perimeter
G1 F1481
G1 X135.021 Y145.225 E.4753
G1 X135.165 Y145.165 E.00528
G1 X135.225 Y145.021 E.00528
G1 X135.225 Y143.775 E.04218
G1 X137.775 Y143.775 E.08631
G1 X137.775 Y145.05 E.04316
G1 X137.775 Y147.775 E.09224
G1 X118.225 Y147.775 E.66174
G1 X118.225 Y143.775 E.1354
G1 X120.775 Y143.775 E.08631
G1 X120.775 Y145.021 E.04218
G1 X120.835 Y145.165 E.00528
G1 X120.923 Y145.202 E.00323
M204 S4000
G1 X121.323 Y145.222 F15000
G1 E-2 F2400
G1 X119.341 Y145.869 F15000
G1 E2 F2400
;TYPE:Solid infill
;WIDTH:0.442256
G1 F1481
G1 X119.331 Y145.383 E.01614
;WIDTH:0.423759
G1 X119.323 Y144.873 E.01615
;WIDTH:0.407674
G1 X119.682 Y144.873 E.01089
;WIDTH:0.423759
G1 X119.706 Y145.291 E.01326
;WIDTH:0.449999
G1 X120.048 Y145.958 E.02537
G1 X120.493 Y146.246 E.01794
G1 X120.989 Y146.32 E.01697
;WIDTH:0.401993
G1 X135.017 Y146.32 E.41883
;WIDTH:0.405925
G1 X135.054 Y146.319 E.00112
;WIDTH:0.449999
G1 X135.577 Y146.218 E.01803
G1 X135.987 Y145.909 E.01738
G1 X136.294 Y145.294 E.02327
;WIDTH:0.427067
G1 X136.32 Y144.873 E.01347
;WIDTH:0.407364
G1 X136.677 Y144.873 E.01082
;WIDTH:0.427067
G1 X136.667 Y145.385 E.01636
;WIDTH:0.449999
G1 X136.656 Y146.656 E.04302
G1 X135.545 Y146.656 E.03761
G1 X135.017 Y146.68 E.01789
;WIDTH:0.401993
G1 X120.989 Y146.68 E.41883
;WIDTH:0.449999
G1 X120.451 Y146.656 E.01823
G1 X119.344 Y146.656 E.03747
G1 X119.344 Y146.073 E.01973
G1 X119.742 Y146.195 E.01409
;WIDTH:0.45678
G1 X119.705 Y146.232 E.0018
G1 X119.718 Y146.282 E.00178
G1 X119.768 Y146.295 E.00178
G1 X119.805 Y146.258 E.0018
G1 X119.792 Y146.208 E.00178
G1 E-2 F2400
G1 X119.792 Y146.208 F15000
G1 X136.232 Y146.195
G1 E2 F2400
G1 F1481
G1 X136.195 Y146.232 E.0018
G1 X136.208 Y146.282 E.00178
G1 X136.258 Y146.295 E.00178
G1 X136.295 Y146.258 E.0018
G1 X136.282 Y146.208 E.00178
;LAYER_CHANGE
;Z:16.85
;HEIGHT:0.200001
G1 Z16.85 F15000
G1 E-2 F2400
G1 Z16.85 F15000
G1 X120.819 Y146.006
G1 Z16.85
G1 E2 F2400
M204 S2500
;TYPE:Perimeter
;WIDTH:0.449999
G1 F1463
G1 X120.979 Y146.039 E.00553
G1 X135.021 Y146.039 E.4753
G1 X135.426 Y145.955 E.014
G1 X135.741 Y145.741 E.01289
G1 X136.024 Y145.197 E.02076
G1 X136.039 Y144.789 E.01382
G1 X136.961 Y144.789 E.03121
G1 X136.961 Y145.26 E.01594
G1 X136.961 Y146.961 E.05758
G1 X119.039 Y146.961 E.60664
G1 X119.039 Y144.789 E.07352
G1 X119.961 Y144.789 E.03121
G1 X119.976 Y145.197 E.01382
G1 X120.259 Y145.741 E.02076
G1 X120.574 Y145.955 E.01289
G1 X120.76 Y145.994 E.00643
M204 S4000
G1 X120.76 Y145.994 F15000
G1 X120.899 Y145.616
M204 S2500
G1 F1463
G1 X120.979 Y145.632 E.00276
G1 X135.021 Y145.632 E.4753
G1 X135.264 Y145.582 E.0084
G1 X135.453 Y145.453 E.00775
G1 X135.623 Y145.127 E.01244
G1 X135.632 Y144.382 E.02522
G1 X137.368 Y144.382 E.05876
G1 X137.368 Y145.26 E.02972
G1 X137.368 Y147.368 E.07135
G1 X118.632 Y147.368 E.63419
G1 X118.632 Y144.382 E.10107
G1 X120.368 Y144.382 E.05876
G1 X120.376 Y145.119 E.02495
G1 X120.547 Y145.453 E.0127
G1 X120.736 Y145.582 E.00775
G1 X120.84 Y145.603 E.00359
M204 S4000
G1 X120.84 Y145.603 F15000
G1 X120.979 Y145.225
M204 S2500
;TYPE:External perimeter
G1 F1463
G1 X135.021 Y145.225 E.4753
G1 X135.165 Y145.165 E.00528
G1 X135.225 Y145.021 E.00528
G1 X135.225 Y143.975 E.03541
G1 X137.775 Y143.975 E.08631
G1 X137.775 Y145.26 E.0435
G1 X137.775 Y147.775 E.08513
G1 X118.225 Y147.775 E.66174
G1 X118.225 Y143.975 E.12863
G1 X120.775 Y143.975 E.08631
G1 X120.775 Y145.021 E.03541
G1 X120.835 Y145.165 E.00528
G1 X120.923 Y145.202 E.00323
M204 S4000
G1 X121.323 Y145.222 F15000
G1 E-2 F2400
G1 X136.32 Y145.076 F15000
G1 E2 F2400
;TYPE:Solid infill
;WIDTH:0.423854
G1 F1463
G1 X136.293 Y145.292 E.00689
;WIDTH:0.449999
G1 X135.987 Y145.909 E.02331
G1 X135.577 Y146.218 E.01738
G1 X135.054 Y146.319 E.01803
;WIDTH:0.405925
G1 X135.017 Y146.32 E.00112
;WIDTH:0.401993
G1 X120.989 Y146.32 E.41883
;WIDTH:0.449999
G1 X120.493 Y146.246 E.01697
G1 X120.048 Y145.958 E.01794
G1 X119.706 Y145.291 E.02537
;WIDTH:0.423759
G1 X119.679 Y145.076 E.00686
;WIDTH:0.412304
G1 X119.326 Y145.076 E.01084
;WIDTH:0.449999
G1 X119.344 Y146.656 E.05348
G1 X120.451 Y146.656 E.03747
G1 X120.989 Y146.68 E.01823
;WIDTH:0.401993
G1 X135.017 Y146.68 E.41883
;WIDTH:0.449999
G1 X135.545 Y146.656 E.01789
G1 X136.656 Y146.656 E.03761
G1 X136.669 Y145.384 E.04306
;WIDTH:0.423854
G1 X136.674 Y145.26 E.00393
;WIDTH:0.412403
G1 X136.674 Y145.076 E.00565
G1 X136.523 Y145.076 E.00464
G1 X136.523 Y145.076 F15000
G1 X136.295 Y146.232
;WIDTH:0.45678
G1 F1463
G1 X136.258 Y146.195 E.0018
G1 X136.208 Y146.208 E.00178
G1 X136.195 Y146.258 E.00178
G1 X136.232 Y146.295 E.0018
G1 X136.282 Y146.282 E.00178
G1 E-2 F2400
G1 X136.282 Y146.282 F15000
G1 X119.805 Y146.232
G1 E2 F2400
G1 F1463
G1 X119.768 Y146.195 E.0018
G1 X119.718 Y146.208 E.00178
G1 X119.705 Y146.258 E.00178
G1 X119.742 Y146.295 E.0018
G1 X119.792 Y146.282 E.00178
;LAYER_CHANGE
;Z:17.05
;HEIGHT:0.199999
G1 Z17.05 F15000
G1 X120.819 Y146.006
G1 Z17.05
M204 S2500
;TYPE:Perimeter
;WIDTH:0.449999
G1 F1383
G1 X120.979 Y146.039 E.00553
G1 X135.021 Y146.039 E.4753
G1 X135.426 Y145.955 E.014
G1 X135.741 Y145.741 E.01289
G1 X135.99 Y145.334 E.01615
G1 X136.039 Y144.989 E.0118
G1 X136.961 Y144.989 E.03121
G1 X136.961 Y145.487 E.01686
G1 X136.961 Y146.961 E.04989
G1 X119.039 Y146.961 E.60664
G1 X119.039 Y144.989 E.06675
G1 X119.961 Y144.989 E.03121
G1 X120.01 Y145.334 E.0118
G1 X120.259 Y145.741 E.01615
G1 X120.574 Y145.955 E.01289
G1 X120.76 Y145.994 E.00643
M204 S4000
G1 X120.76 Y145.994 F15000
G1 X120.899 Y145.616
M204 S2500
G1 F1383
G1 X120.979 Y145.632 E.00276
G1 X135.021 Y145.632 E.4753
G1 X135.264 Y145.582 E.0084
G1 X135.453 Y145.453 E.00775
G1 X135.603 Y145.209 E.00969
G1 X135.632 Y144.582 E.02125
G1 X137.368 Y144.582 E.05876
G1 X137.368 Y145.487 E.03063
G1 X137.368 Y147.368 E.06367
G1 X118.632 Y147.368 E.63419
G1 X118.632 Y144.582 E.0943
G1 X120.368 Y144.582 E.05876
G1 X120.397 Y145.209 E.02125
G1 X120.547 Y145.453 E.00969
G1 X120.736 Y145.582 E.00775
G1 X120.84 Y145.603 E.00359
M204 S4000
G1 X120.84 Y145.603 F15000
G1 X120.979 Y145.225
M204 S2500
;TYPE:External perimeter
G1 F1383
G1 X135.021 Y145.225 E.4753
G1 X135.165 Y145.165 E.00528
G1 X135.225 Y145.021 E.00528
G1 X135.225 Y144.175 E.02864
G1 X137.775 Y144.175 E.08631
G1 X137.775 Y145.487 E.04441
G1 X137.775 Y147.775 E.07745
G1 X118.225 Y147.775 E.66174
G1 X118.225 Y144.175 E.12186
G1 X120.775 Y144.175 E.08631
G1 X120.775 Y145.021 E.02864
G1 X120.835 Y145.165 E.00528
G1 X120.923 Y145.202 E.00323
M204 S4000
G1 X121.323 Y145.222 F15000
G1 E-2 F2400
G1 X119.344 Y146.452 F15000
G1 E2 F2400
;TYPE:Solid infill
G1 F1383
G1 X119.344 Y145.294 E.0392
G1 X119.697 Y145.294 E.01195
G1 X119.74 Y145.467 E.00603
G1 X120.046 Y145.957 E.01955
G1 X120.493 Y146.246 E.01802
G1 X120.989 Y146.32 E.01697
;WIDTH:0.401993
G1 X135.017 Y146.32 E.41883
;WIDTH:0.405925
G1 X135.054 Y146.319 E.00112
;WIDTH:0.449999
G1 X135.577 Y146.218 E.01803
G1 X135.983 Y145.919 E.01707
G1 X136.26 Y145.467 E.01794
G1 X136.303 Y145.294 E.00603
G1 X136.656 Y145.294 E.01195
G1 X136.656 Y146.656 E.0461
G1 X135.545 Y146.656 E.03761
G1 X135.017 Y146.68 E.01789
;WIDTH:0.401993
G1 X120.989 Y146.68 E.41883
;WIDTH:0.449999
G1 X120.451 Y146.656 E.01823
G1 X119.344 Y146.656 E.03747
G1 X119.741 Y146.195 E.02059
;WIDTH:0.456184
G1 X119.705 Y146.232 E.00177
G1 X119.718 Y146.282 E.00178
G1 X119.768 Y146.295 E.00178
G1 X119.805 Y146.259 E.00177
G1 X119.791 Y146.209 E.00178
G1 E-2 F2400
G1 X119.791 Y146.209 F15000
G1 X136.232 Y146.195
G1 E2 F2400
G1 F1383
G1 X136.195 Y146.232 E.0018
G1 X136.209 Y146.282 E.00178
G1 X136.259 Y146.295 E.00178
G1 X136.295 Y146.259 E.00175
G1 X136.282 Y146.209 E.00178
;LAYER_CHANGE
;Z:17.25
;HEIGHT:0.200001
G1 Z17.25 F15000
G1 E-2 F2400
G1 Z17.25 F15000
G1 X120.819 Y146.006
G1 Z17.25
G1 E2 F2400
M204 S2500
;TYPE:Perimeter
;WIDTH:0.449999
G1 F900
G1 X120.979 Y146.039 E.00553
G1 X135.021 Y146.039 E.4753
G1 X135.426 Y145.955 E.014
G1 X135.741 Y145.741 E.01289
G1 X135.927 Y145.486 E.01068
G1 X135.999 Y145.189 E.01034
G1 X136.961 Y145.189 E.03256
G1 X136.961 Y145.736 E.01852
G1 X136.961 Y146.961 E.04146
G1 X119.039 Y146.961 E.60664
G1 X119.039 Y145.189 E.05998
G1 X120.001 Y145.189 E.03256
G1 X120.073 Y145.486 E.01034
G1 X120.259 Y145.741 E.01068
G1 X120.574 Y145.955 E.01289
G1 X120.76 Y145.994 E.00643
M204 S4000
G1 X120.76 Y145.994 F15000
G1 X120.899 Y145.616
M204 S2500
G1 F1640
G1 X120.979 Y145.632 E.00276
G1 X135.021 Y145.632 E.4753
G1 X135.264 Y145.582 E.0084
G1 X135.453 Y145.453 E.00775
G1 X135.565 Y145.3 E.00642
G1 X135.632 Y145.021 E.00971
G1 X135.632 Y144.782 E.00809
G1 X137.368 Y144.782 E.05876
G1 X137.368 Y145.736 E.03229
G1 X137.368 Y147.368 E.05524
G1 X118.632 Y147.368 E.63419
G1 X118.632 Y144.782 E.08753
G1 X120.368 Y144.782 E.05876
G1 X120.368 Y145.021 E.00809
G1 X120.435 Y145.3 E.00971
G1 X120.547 Y145.453 E.00642
G1 X120.736 Y145.582 E.00775
G1 X120.84 Y145.603 E.00359
M204 S4000
G1 X120.84 Y145.603 F15000
G1 X120.979 Y145.225
M204 S2500
;TYPE:External perimeter
G1 F1640
G1 X135.021 Y145.225 E.4753
G1 X135.165 Y145.165 E.00528
G1 X135.225 Y145.021 E.00528
G1 X135.225 Y144.375 E.02187
G1 X137.775 Y144.375 E.08631
G1 X137.775 Y145.736 E.04607
G1 X137.775 Y147.775 E.06902
G1 X118.225 Y147.775 E.66174
G1 X118.225 Y144.375 E.11509
G1 X120.775 Y144.375 E.08631
G1 X120.775 Y145.021 E.02187
G1 X120.835 Y145.165 E.00528
G1 X120.923 Y145.202 E.00323
M204 S4000
G1 X121.323 Y145.222 F15000
G1 X121.193 Y146.32
;TYPE:Solid infill
;WIDTH:0.401993
G1 F1640
G1 X135.017 Y146.32 E.41274
;WIDTH:0.449999
G1 X135.503 Y146.249 E.01663
G1 X135.928 Y145.979 E.01704
G1 X136.178 Y145.656 E.01383
G1 X136.233 Y145.494 E.00579
G1 X136.656 Y145.494 E.01432
G1 X136.656 Y146.656 E.03933
G1 X135.545 Y146.656 E.03761
G1 X135.017 Y146.68 E.01789
;WIDTH:0.401993
G1 X120.989 Y146.68 E.41883
;WIDTH:0.449999
G1 X120.451 Y146.656 E.01823
G1 X119.344 Y146.656 E.03747
G1 X119.344 Y145.494 E.03933
G1 X119.767 Y145.494 E.01432
G1 X119.789 Y145.584 E.00314
G1 X120.043 Y145.955 E.01522
G1 X120.493 Y146.246 E.01814
G1 X120.989 Y146.32 E.01697
G1 X120.989 Y146.32 F15000
G1 X119.804 Y146.232
;WIDTH:0.455512
G1 F1640
G1 X119.768 Y146.196 E.00175
G1 X119.718 Y146.209 E.00177
G1 X119.704 Y146.259 E.00178
G1 X119.741 Y146.296 E.0018
G1 X119.791 Y146.282 E.00178
G1 E-2 F2400
G1 X119.791 Y146.282 F15000
G1 X136.282 Y146.282
G1 E2 F2400
;WIDTH:0.455516
G1 F1640
G1 X136.232 Y146.296 E.00178
G1 X136.196 Y146.259 E.00177
G1 X136.209 Y146.209 E.00177
G1 X136.259 Y146.196 E.00177
G1 X136.296 Y146.232 E.00177
;LAYER_CHANGE
;Z:17.45
;HEIGHT:0.200001
G1 Z17.45 F15000
G1 E-2 F2400
G1 Z17.45 F15000
G1 X120.809 Y146.004
G1 Z17.45
G1 E2 F2400
M204 S2500
;TYPE:Perimeter
;WIDTH:0.449999
G1 F900
G1 X120.979 Y146.039 E.00587
G1 X135.021 Y146.039 E.4753
G1 X135.426 Y145.955 E.014
G1 X135.741 Y145.741 E.01289
G1 X135.832 Y145.637 E.00468
G1 X135.915 Y145.389 E.00885
G1 X136.961 Y145.389 E.03541
G1 X136.961 Y146.018 E.02129
G1 X136.961 Y146.961 E.03192
G1 X119.039 Y146.961 E.60664
G1 X119.039 Y145.389 E.05321
G1 X120.085 Y145.389 E.03541
G1 X120.168 Y145.637 E.00885
G1 X120.259 Y145.741 E.00468
G1 X120.574 Y145.955 E.01289
G1 X120.75 Y145.992 E.00609
M204 S4000
G1 X120.75 Y145.992 F15000
G1 X120.894 Y145.614
M204 S2500
G1 F1664
G1 X120.979 Y145.632 E.00294
G1 X135.021 Y145.632 E.4753
G1 X135.264 Y145.582 E.0084
G1 X135.508 Y145.391 E.01049
G1 X135.632 Y144.982 E.01447
G1 X137.368 Y144.982 E.05876
G1 X137.368 Y146.018 E.03507
G1 X137.368 Y147.368 E.0457
G1 X118.632 Y147.368 E.63419
G1 X118.632 Y144.982 E.08076
G1 X120.368 Y144.982 E.05876
G1 X120.492 Y145.391 E.01447
G1 X120.736 Y145.582 E.01049
G1 X120.835 Y145.602 E.00342
M204 S4000
G1 X120.835 Y145.602 F15000
G1 X120.979 Y145.225
M204 S2500
;TYPE:External perimeter
G1 F1664
G1 X135.021 Y145.225 E.4753
G1 X135.165 Y145.165 E.00528
G1 X135.225 Y145.021 E.00528
G1 X135.225 Y144.575 E.0151
G1 X137.775 Y144.575 E.08631
G1 X137.775 Y146.018 E.04884
G1 X137.775 Y147.775 E.05947
G1 X118.225 Y147.775 E.66174
G1 X118.225 Y144.575 E.10832
G1 X120.775 Y144.575 E.08631
G1 X120.775 Y145.021 E.0151
G1 X120.817 Y145.145 E.00443
G1 X120.925 Y145.198 E.00407
M204 S4000
G1 X121.324 Y145.222 F15000
G1 E-2 F2400
G1 X119.344 Y146.452 F15000
G1 E2 F2400
;TYPE:Solid infill
G1 F1664
G1 X119.344 Y145.694 E.02566
G1 X119.877 Y145.694 E.01804
G1 X119.903 Y145.774 E.00285
G1 X120.069 Y145.977 E.00888
G1 X120.493 Y146.246 E.017
G1 X120.989 Y146.32 E.01697
;WIDTH:0.401993
G1 X135.017 Y146.32 E.41883
;WIDTH:0.449999
G1 X135.503 Y146.249 E.01663
G1 X135.931 Y145.977 E.01717
G1 X136.057 Y145.843 E.00623
G1 X136.123 Y145.694 E.00552
G1 X136.656 Y145.694 E.01804
G1 X136.656 Y146.656 E.03256
G1 X135.545 Y146.656 E.03761
G1 X135.017 Y146.68 E.01789
;WIDTH:0.401993
G1 X120.989 Y146.68 E.41883
;WIDTH:0.449999
G1 X120.451 Y146.656 E.01823
G1 X119.344 Y146.656 E.03747
G1 X119.741 Y146.196 E.02057
;WIDTH:0.45483
G1 X119.704 Y146.233 E.00179
G1 X119.718 Y146.282 E.00175
G1 X119.767 Y146.296 E.00175
G1 X119.804 Y146.259 E.00179
G1 X119.79 Y146.21 E.00175
G1 E-2 F2400
G1 X119.79 Y146.21 F15000
G1 X136.233 Y146.196
G1 E2 F2400
;WIDTH:0.454832
G1 F1664
G1 X136.196 Y146.233 E.00179
G1 X136.21 Y146.282 E.00175
G1 X136.259 Y146.296 E.00175
G1 X136.296 Y146.259 E.00179
G1 X136.282 Y146.21 E.00175
;LAYER_CHANGE
;Z:17.65
;HEIGHT:0.199999
G1 Z17.65 F15000
G1 E-2 F2400
G1 Z17.65 F15000
G1 X120.744 Y145.947
G1 Z17.65
G1 E2 F2400
M204 S2500
;TYPE:Perimeter
;WIDTH:0.449999
G1 F900
G1 X120.979 Y146.039 E.00854
G1 X135.021 Y146.039 E.4753
G1 X135.197 Y146.024 E.00598
G1 X135.711 Y145.77 E.01941
G1 X135.79 Y145.589 E.00668
G1 X136.961 Y145.589 E.03964
G1 X136.961 Y146.275 E.02322
G1 X136.961 Y146.961 E.02322
G1 X119.039 Y146.961 E.60664
G1 X119.039 Y145.589 E.04644
G1 X120.21 Y145.589 E.03964
G1 X120.289 Y145.77 E.00668
G1 X120.688 Y145.926 E.0145
M204 S4000
G1 X120.688 Y145.926 F15000
G1 X120.861 Y145.586
M204 S2500
G1 F1468
G1 X120.979 Y145.632 E.00429
G1 X135.021 Y145.632 E.4753
G1 X135.127 Y145.623 E.0036
G1 X135.435 Y145.471 E.01163
G1 X135.562 Y145.182 E.01069
G1 X137.368 Y145.182 E.06113
G1 X137.368 Y146.275 E.037
G1 X137.368 Y147.368 E.037
G1 X118.632 Y147.368 E.63419
G1 X118.632 Y145.182 E.07399
G1 X120.438 Y145.182 E.06113
G1 X120.565 Y145.471 E.01069
G1 X120.805 Y145.564 E.00871
M204 S4000
G1 X120.805 Y145.564 F15000
G1 X120.979 Y145.225
M204 S2500
;TYPE:External perimeter
G1 F1468
G1 X135.021 Y145.225 E.4753
G1 X135.159 Y145.171 E.00502
G1 X135.225 Y145.021 E.00555
G1 X135.225 Y144.775 E.00833
G1 X137.775 Y144.775 E.08631
G1 X137.775 Y146.275 E.05077
G1 X137.775 Y147.775 E.05077
G1 X118.225 Y147.775 E.66174
G1 X118.225 Y144.775 E.10155
G1 X120.775 Y144.775 E.08631
G1 X120.775 Y145.021 E.00833
G1 X120.841 Y145.171 E.00555
G1 X120.923 Y145.203 E.00298
M204 S4000
G1 X121.322 Y145.222 F15000
G1 X120.998 Y146.32
;TYPE:Solid infill
G1 F1468
G1 X120.154 Y146.03 E.03021
G1 X119.999 Y145.894 E.00698
G1 X119.344 Y145.894 E.02217
G1 X119.344 Y146.656 E.02579
G1 X120.863 Y146.671 E.05142
;WIDTH:0.41828
G1 X120.998 Y146.68 E.00422
;WIDTH:0.401993
G1 X135.017 Y146.68 E.41857
;WIDTH:0.449999
G1 X136.656 Y146.656 E.05548
G1 X136.656 Y145.894 E.02579
G1 X135.971 Y145.894 E.02319
G1 X135.86 Y146.028 E.00589
G1 X135.289 Y146.295 E.02134
;WIDTH:0.42303
G1 X135.017 Y146.32 E.00863
;WIDTH:0.401993
G1 X121.201 Y146.32 E.4125
;LAYER_CHANGE
;Z:17.85
;HEIGHT:0.200001
G1 Z17.85 F15000
G1 X120.781 Y145.982
G1 Z17.85
M204 S2500
;TYPE:Perimeter
;WIDTH:0.449999
G1 F900
G1 X120.979 Y146.039 E.00697
G1 X135.021 Y146.039 E.4753
G1 X135.197 Y146.024 E.00598
G1 X135.567 Y145.88 E.01344
G1 X135.617 Y145.789 E.00351
G1 X136.961 Y145.789 E.04549
G1 X136.961 Y146.375 E.01984
G1 X136.961 Y146.961 E.01984
G1 X119.039 Y146.961 E.60664
G1 X119.039 Y145.789 E.03967
G1 X120.383 Y145.789 E.04549
G1 X120.433 Y145.88 E.00351
G1 X120.724 Y145.965 E.01026
M204 S4000
G1 X120.724 Y145.965 F15000
G1 X120.88 Y145.603
M204 S2500
G1 F1410
G1 X120.979 Y145.632 E.00349
G1 X135.021 Y145.632 E.4753
G1 X135.349 Y145.537 E.01156
G1 X135.434 Y145.382 E.00598
G1 X137.368 Y145.382 E.06546
G1 X137.368 Y146.375 E.03361
G1 X137.368 Y147.368 E.03361
G1 X118.632 Y147.368 E.63419
G1 X118.632 Y145.382 E.06722
G1 X120.566 Y145.382 E.06546
G1 X120.651 Y145.537 E.00598
G1 X120.822 Y145.587 E.00603
M204 S4000
G1 X120.822 Y145.587 F15000
G1 X120.979 Y145.225
M204 S2500
;TYPE:External perimeter
G1 F1410
G1 X135.021 Y145.225 E.4753
G1 X135.131 Y145.193 E.00388
G1 X135.225 Y144.975 E.00804
G1 X137.775 Y144.975 E.08631
G1 X137.775 Y146.375 E.04739
G1 X137.775 Y147.775 E.04739
G1 X118.225 Y147.775 E.66174
G1 X118.225 Y144.975 E.09478
G1 X120.729 Y144.975 E.08476
G1 X120.869 Y145.193 E.00877
G1 X120.921 Y145.208 E.00183
M204 S4000
G1 X121.321 Y145.223 F15000
G1 E-2 F2400
G1 X119.383 Y146.133 F15000
G1 E2 F2400
;TYPE:Solid infill
;WIDTH:0.526994
G1 F1410
G1 X119.383 Y146.617 E.01948
G1 X120.133 Y146.617 E.03019
G1 X120.386 Y146.637 E.01022
;WIDTH:0.487755
G1 X120.638 Y146.656 E.00935
;WIDTH:0.448516
G1 X120.891 Y146.676 E.00856
;WIDTH:0.409277
G1 X120.993 Y146.68 E.00311
;WIDTH:0.401993
G1 X135.017 Y146.68 E.41872
;WIDTH:0.435526
G1 X135.268 Y146.663 E.00821
;WIDTH:0.469058
G1 X135.52 Y146.646 E.00895
;WIDTH:0.50259
G1 X135.771 Y146.629 E.00962
;WIDTH:0.526993
G1 X136.617 Y146.617 E.03406
G1 X136.617 Y146.133 E.01948
G1 X135.775 Y146.133 E.03389
G1 X135.609 Y146.189 E.00705
;WIDTH:0.4924
G1 X135.444 Y146.245 E.00651
;WIDTH:0.457805
G1 X135.278 Y146.301 E.00604
;WIDTH:0.42321
G1 X135.017 Y146.32 E.00827
;WIDTH:0.401993
G1 X120.993 Y146.32 E.41872
;WIDTH:0.450167
G1 X120.661 Y146.253 E.01147
;WIDTH:0.49834
G1 X120.329 Y146.185 E.01283
;WIDTH:0.526994
G1 X120.133 Y146.133 E.00816
G1 X119.587 Y146.133 E.02198
;LAYER_CHANGE
;Z:18.05
;HEIGHT:0.199999
G1 Z18.05 F15000
G1 X120.834 Y146.02
G1 Z18.05
M204 S2500
;TYPE:Perimeter
;WIDTH:0.449999
G1 F900
G1 X120.979 Y146.039 E.00495
G1 X135.021 Y146.039 E.4753
G1 X135.294 Y145.989 E.00939
G1 X136.961 Y145.989 E.05643
G1 X136.961 Y146.475 E.01645
G1 X136.961 Y146.961 E.01645
G1 X119.039 Y146.961 E.60664
G1 X119.039 Y145.989 E.0329
G1 X120.594 Y145.989 E.05263
G1 X120.775 Y146.013 E.00618
M204 S4000
G1 X120.775 Y146.013 F15000
G1 X120.906 Y145.623
M204 S2500
G1 F1326
G1 X120.979 Y145.632 E.00249
G1 X135.021 Y145.632 E.4753
G1 X135.127 Y145.623 E.0036
G1 X135.2 Y145.582 E.00283
G1 X137.368 Y145.582 E.07338
G1 X137.368 Y146.475 E.03023
G1 X137.368 Y147.368 E.03023
G1 X118.632 Y147.368 E.63419
G1 X118.632 Y145.582 E.06045
G1 X120.594 Y145.582 E.06641
G1 X120.847 Y145.615 E.00864
M204 S4000
G1 X120.979 Y145.225 F15000
M204 S2500
;TYPE:External perimeter
G1 F1326
G1 X135.021 Y145.225 E.4753
G1 X135.107 Y145.175 E.00337
G1 X137.775 Y145.175 E.09031
G1 X137.775 Y146.475 E.044
G1 X137.775 Y147.775 E.044
G1 X118.225 Y147.775 E.66174
G1 X118.225 Y145.175 E.08801
G1 X120.893 Y145.175 E.09031
G1 X120.927 Y145.195 E.00134
M204 S4000
G1 X121.326 Y145.221 F15000
G1 X120.985 Y146.32
;TYPE:Solid infill
;WIDTH:0.422358
G1 F1326
G1 X120.649 Y146.29 E.01064
;WIDTH:0.426061
G1 X119.332 Y146.283 E.04196
G1 X119.332 Y146.668 E.01227
G1 X120.647 Y146.669 E.04189
;WIDTH:0.422358
G1 X120.985 Y146.68 E.01067
;WIDTH:0.401993
G1 X135.017 Y146.68 E.41895
;WIDTH:0.426993
G1 X136.667 Y146.667 E.0527
G1 X136.667 Y146.283 E.01226
G1 X135.342 Y146.283 E.04231
G1 X135.017 Y146.32 E.01045
;WIDTH:0.401993
G1 X121.189 Y146.32 E.41286
;LAYER_CHANGE
;Z:18.25
;HEIGHT:0.200001
G1 Z18.25 F15000
G1 E-2 F2400
G1 Z18.25 F15000
G1 X136.961 Y146.039
G1 Z18.25
G1 E2 F2400
M204 S2500
;TYPE:Perimeter
;WIDTH:0.449999
G1 F900
G1 X136.961 Y146.5 E.0156
G1 X136.961 Y146.961 E.0156
G1 X119.039 Y146.961 E.60664
G1 X119.039 Y146.039 E.03121
G1 X136.901 Y146.039 E.60461
M204 S4000
G1 X136.901 Y146.039 F15000
G1 X137.368 Y145.632
M204 S2500
G1 F1481
G1 X137.368 Y146.5 E.02938
G1 X137.368 Y147.368 E.02938
G1 X118.632 Y147.368 E.63419
G1 X118.632 Y145.632 E.05876
G1 X137.308 Y145.632 E.63216
M204 S4000
G1 X137.775 Y145.225 F15000
M204 S2500
;TYPE:External perimeter
G1 F1481
G1 X137.775 Y146.5 E.04316
G1 X137.775 Y147.775 E.04316
G1 X118.225 Y147.775 E.66174
G1 X118.225 Y145.225 E.08631
G1 X137.715 Y145.225 E.65971
M204 S4000
G1 X137.774 Y145.621 F15000
G1 E-2 F2400
G1 X119.32 Y146.32 F15000
G1 E2 F2400
;TYPE:Solid infill
;WIDTH:0.401994
G1 F1481
G1 X119.32 Y146.68 E.01075
G1 X136.68 Y146.68 E.51832
G1 X136.68 Y146.32 E.01075
G1 X119.524 Y146.32 E.51223
;LAYER_CHANGE
;Z:18.45
;HEIGHT:0.200001
G1 Z18.45 F15000
G1 E-2 F2400
G1 Z18.45 F15000
G1 X136.961 Y146.039
G1 Z18.45
G1 E2 F2400
M204 S2500
;TYPE:Perimeter
;WIDTH:0.449999
G1 F900
G1 X136.961 Y146.5 E.0156
G1 X136.961 Y146.961 E.0156
G1 X119.039 Y146.961 E.60664
G1 X119.039 Y146.039 E.03121
G1 X136.901 Y146.039 E.60461
M204 S4000
G1 X136.901 Y146.039 F15000
G1 X137.368 Y145.632
M204 S2500
G1 F1419
G1 X137.368 Y146.5 E.02938
G1 X137.368 Y147.368 E.02938
G1 X118.632 Y147.368 E.63419
G1 X118.632 Y145.632 E.05876
G1 X137.308 Y145.632 E.63216
M204 S4000
G1 X137.775 Y145.225 F15000
M204 S2500
;TYPE:External perimeter
G1 F1419
G1 X137.775 Y146.5 E.04316
G1 X137.775 Y147.775 E.04316
G1 X118.225 Y147.775 E.66174
G1 X118.225 Y145.225 E.08631
G1 X137.715 Y145.225 E.65971
M204 S4000
G1 X137.774 Y145.621 F15000
G1 X136.68 Y146.32
;TYPE:Solid infill
;WIDTH:0.401993
G1 F1419
G1 X119.32 Y146.32 E.51832
G1 X119.32 Y146.68 E.01075
G1 X136.68 Y146.68 E.51832
G1 X136.68 Y146.524 E.00466
;LAYER_CHANGE
;Z:18.65
;HEIGHT:0.199999
G1 Z18.65 F15000
G1 X136.961 Y146.039
G1 Z18.65
M204 S2500
;TYPE:Perimeter
;WIDTH:0.449999
G1 F900
G1 X136.961 Y146.5 E.0156
G1 X136.961 Y146.961 E.0156
G1 X119.039 Y146.961 E.60664
G1 X119.039 Y146.039 E.03121
G1 X136.901 Y146.039 E.60461
M204 S4000
G1 X136.901 Y146.039 F15000
G1 X137.368 Y145.632
M204 S2500
G1 F1395
G1 X137.368 Y146.5 E.02938
G1 X137.368 Y147.368 E.02938
G1 X118.632 Y147.368 E.63419
G1 X118.632 Y145.632 E.05876
G1 X137.308 Y145.632 E.63216
M204 S4000
G1 X137.775 Y145.225 F15000
M204 S2500
;TYPE:External perimeter
G1 F1395
G1 X137.775 Y146.5 E.04316
G1 X137.775 Y147.775 E.04316
G1 X118.225 Y147.775 E.66174
G1 X118.225 Y145.225 E.08631
G1 X137.715 Y145.225 E.65971
M204 S4000
G1 X137.774 Y145.621 F15000
G1 E-2 F2400
G1 X119.32 Y146.32 F15000
G1 E2 F2400
;TYPE:Solid infill
;WIDTH:0.401994
G1 F1395
G1 X119.32 Y146.68 E.01075
G1 X136.68 Y146.68 E.51832
G1 X136.68 Y146.32 E.01075
G1 X119.524 Y146.32 E.51223
;LAYER_CHANGE
;Z:18.85
;HEIGHT:0.200001
G1 Z18.85 F15000
G1 E-2 F2400
G1 Z18.85 F15000
G1 X136.961 Y146.039
G1 Z18.85
G1 E2 F2400
M204 S2500
;TYPE:Perimeter
;WIDTH:0.449999
G1 F900
G1 X136.961 Y146.5 E.0156
G1 X136.961 Y146.961 E.0156
G1 X119.039 Y146.961 E.60664
G1 X119.039 Y146.039 E.03121
G1 X136.901 Y146.039 E.60461
M204 S4000
G1 X136.901 Y146.039 F15000
G1 X137.368 Y145.632
M204 S2500
G1 F1419
G1 X137.368 Y146.5 E.02938
G1 X137.368 Y147.368 E.02938
G1 X118.632 Y147.368 E.63419
G1 X118.632 Y145.632 E.05876
G1 X137.308 Y145.632 E.63216
M204 S4000
G1 X137.775 Y145.225 F15000
M204 S2500
;TYPE:External perimeter
G1 F1419
G1 X137.775 Y146.5 E.04316
G1 X137.775 Y147.775 E.04316
G1 X118.225 Y147.775 E.66174
G1 X118.225 Y145.225 E.08631
G1 X137.715 Y145.225 E.65971
M204 S4000
G1 X137.774 Y145.621 F15000
G1 X136.68 Y146.32
;TYPE:Solid infill
;WIDTH:0.401993
G1 F1419
G1 X119.32 Y146.32 E.51832
G1 X119.32 Y146.68 E.01075
G1 X136.68 Y146.68 E.51832
G1 X136.68 Y146.524 E.00466
;LAYER_CHANGE
;Z:19.05
;HEIGHT:0.199999
G1 Z19.05 F15000
G1 X136.961 Y146.039
G1 Z19.05
M204 S2500
;TYPE:Perimeter
;WIDTH:0.449999
G1 F900
G1 X136.961 Y146.5 E.0156
G1 X136.961 Y146.961 E.0156
G1 X119.039 Y146.961 E.60664
G1 X119.039 Y146.039 E.03121
G1 X136.901 Y146.039 E.60461
M204 S4000
G1 X136.901 Y146.039 F15000
G1 X137.368 Y145.632
M204 S2500
G1 F1395
G1 X137.368 Y146.5 E.02938
G1 X137.368 Y147.368 E.02938
G1 X118.632 Y147.368 E.63419
G1 X118.632 Y145.632 E.05876
G1 X137.308 Y145.632 E.63216
M204 S4000
G1 X137.775 Y145.225 F15000
M204 S2500
;TYPE:External perimeter
G1 F1395
G1 X137.775 Y146.5 E.04316
G1 X137.775 Y147.775 E.04316
G1 X118.225 Y147.775 E.66174
G1 X118.225 Y145.225 E.08631
G1 X137.715 Y145.225 E.65971
M204 S4000
G1 X137.774 Y145.621 F15000
G1 E-2 F2400
G1 X119.32 Y146.32 F15000
G1 E2 F2400
;TYPE:Solid infill
;WIDTH:0.401994
G1 F1395
G1 X119.32 Y146.68 E.01075
G1 X136.68 Y146.68 E.51832
G1 X136.68 Y146.32 E.01075
G1 X119.524 Y146.32 E.51223
;LAYER_CHANGE
;Z:19.25
;HEIGHT:0.200001
G1 Z19.25 F15000
G1 E-2 F2400
G1 Z19.25 F15000
G1 X136.961 Y146.039
G1 Z19.25
G1 E2 F2400
M204 S2500
;TYPE:Perimeter
;WIDTH:0.449999
G1 F900
G1 X136.961 Y146.5 E.0156
G1 X136.961 Y146.961 E.0156
G1 X119.039 Y146.961 E.60664
G1 X119.039 Y146.039 E.03121
G1 X136.901 Y146.039 E.60461
M204 S4000
G1 X136.901 Y146.039 F15000
G1 X137.368 Y145.632
M204 S2500
G1 F1419
G1 X137.368 Y146.5 E.02938
G1 X137.368 Y147.368 E.02938
G1 X118.632 Y147.368 E.63419
G1 X118.632 Y145.632 E.05876
G1 X137.308 Y145.632 E.63216
M204 S4000
G1 X137.775 Y145.225 F15000
M204 S2500
;TYPE:External perimeter
G1 F1419
G1 X137.775 Y146.5 E.04316
G1 X137.775 Y147.775 E.04316
G1 X118.225 Y147.775 E.66174
G1 X118.225 Y145.225 E.08631
G1 X137.715 Y145.225 E.65971
M204 S4000
G1 X137.774 Y145.621 F15000
G1 X136.68 Y146.32
;TYPE:Solid infill
;WIDTH:0.401993
G1 F1419
G1 X119.32 Y146.32 E.51832
G1 X119.32 Y146.68 E.01075
G1 X136.68 Y146.68 E.51832
G1 X136.68 Y146.524 E.00466
;LAYER_CHANGE
;Z:19.45
;HEIGHT:0.200001
G1 Z19.45 F15000
G1 X136.961 Y146.039
G1 Z19.45
M204 S2500
;TYPE:Perimeter
;WIDTH:0.449999
G1 F900
G1 X136.961 Y146.5 E.0156
G1 X136.961 Y146.961 E.0156
G1 X119.039 Y146.961 E.60664
G1 X119.039 Y146.039 E.03121
G1 X136.901 Y146.039 E.60461
M204 S4000
G1 X136.901 Y146.039 F15000
G1 X137.368 Y145.632
M204 S2500
G1 F1395
G1 X137.368 Y146.5 E.02938
G1 X137.368 Y147.368 E.02938
G1 X118.632 Y147.368 E.63419
G1 X118.632 Y145.632 E.05876
G1 X137.308 Y145.632 E.63216
M204 S4000
G1 X137.775 Y145.225 F15000
M204 S2500
;TYPE:External perimeter
G1 F1395
G1 X137.775 Y146.5 E.04316
G1 X137.775 Y147.775 E.04316
G1 X118.225 Y147.775 E.66174
G1 X118.225 Y145.225 E.08631
G1 X137.715 Y145.225 E.65971
M204 S4000
G1 X137.774 Y145.621 F15000
G1 E-2 F2400
G1 X119.32 Y146.32 F15000
G1 E2 F2400
;TYPE:Solid infill
;WIDTH:0.401994
G1 F1395
G1 X119.32 Y146.68 E.01075
G1 X136.68 Y146.68 E.51832
G1 X136.68 Y146.32 E.01075
G1 X119.524 Y146.32 E.51223
;LAYER_CHANGE
;Z:19.65
;HEIGHT:0.199999
G1 Z19.65 F15000
G1 E-2 F2400
G1 Z19.65 F15000
G1 X136.961 Y146.039
G1 Z19.65
G1 E2 F2400
M204 S2500
;TYPE:Perimeter
;WIDTH:0.449999
G1 F900
G1 X136.961 Y146.5 E.0156
G1 X136.961 Y146.961 E.0156
G1 X119.039 Y146.961 E.60664
G1 X119.039 Y146.039 E.03121
G1 X136.901 Y146.039 E.60461
M204 S4000
G1 X136.901 Y146.039 F15000
G1 X137.368 Y145.632
M204 S2500
G1 F1419
G1 X137.368 Y146.5 E.02938
G1 X137.368 Y147.368 E.02938
G1 X118.632 Y147.368 E.63419
G1 X118.632 Y145.632 E.05876
G1 X137.308 Y145.632 E.63216
M204 S4000
G1 X137.775 Y145.225 F15000
M204 S2500
;TYPE:External perimeter
G1 F1419
G1 X137.775 Y146.5 E.04316
G1 X137.775 Y147.775 E.04316
G1 X118.225 Y147.775 E.66174
G1 X118.225 Y145.225 E.08631
G1 X137.715 Y145.225 E.65971
M204 S4000
G1 X137.774 Y145.621 F15000
G1 X136.68 Y146.32
;TYPE:Solid infill
;WIDTH:0.401993
G1 F1419
G1 X119.32 Y146.32 E.51832
G1 X119.32 Y146.68 E.01075
G1 X136.68 Y146.68 E.51832
G1 X136.68 Y146.524 E.00466
;LAYER_CHANGE
;Z:19.85
;HEIGHT:0.200001
G1 Z19.85 F15000
G1 X136.961 Y146.039
G1 Z19.85
M204 S2500
;TYPE:Perimeter
;WIDTH:0.449999
G1 F900
G1 X136.961 Y146.5 E.0156
G1 X136.961 Y146.961 E.0156
G1 X119.039 Y146.961 E.60664
G1 X119.039 Y146.039 E.03121
G1 X136.901 Y146.039 E.60461
M204 S4000
G1 X136.901 Y146.039 F15000
G1 X137.368 Y145.632
M204 S2500
G1 F1395
G1 X137.368 Y146.5 E.02938
G1 X137.368 Y147.368 E.02938
G1 X118.632 Y147.368 E.63419
G1 X118.632 Y145.632 E.05876
G1 X137.308 Y145.632 E.63216
M204 S4000
G1 X137.775 Y145.225 F15000
M204 S2500
;TYPE:External perimeter
G1 F1395
G1 X137.775 Y146.5 E.04316
G1 X137.775 Y147.775 E.04316
G1 X118.225 Y147.775 E.66174
G1 X118.225 Y145.225 E.08631
G1 X137.715 Y145.225 E.65971
M204 S4000
G1 X137.774 Y145.621 F15000
G1 E-2 F2400
G1 X119.32 Y146.32 F15000
G1 E2 F2400
;TYPE:Solid infill
;WIDTH:0.401994
G1 F1395
G1 X119.32 Y146.68 E.01075
G1 X136.68 Y146.68 E.51832
G1 X136.68 Y146.32 E.01075
G1 X119.524 Y146.32 E.51223
;LAYER_CHANGE
;Z:20.05
;HEIGHT:0.199999
G1 Z20.05 F15000
G1 E-2 F2400
G1 Z20.05 F15000
G1 X136.961 Y146.039
G1 Z20.05
G1 E2 F2400
M204 S2500
;TYPE:Perimeter
;WIDTH:0.449999
G1 F900
G1 X136.961 Y146.5 E.0156
G1 X136.961 Y146.961 E.0156
G1 X119.039 Y146.961 E.60664
G1 X119.039 Y146.039 E.03121
G1 X136.901 Y146.039 E.60461
M204 S4000
G1 X136.901 Y146.039 F15000
G1 X137.368 Y145.632
M204 S2500
G1 F1419
G1 X137.368 Y146.5 E.02938
G1 X137.368 Y147.368 E.02938
G1 X118.632 Y147.368 E.63419
G1 X118.632 Y145.632 E.05876
G1 X137.308 Y145.632 E.63216
M204 S4000
G1 X137.775 Y145.225 F15000
M204 S2500
;TYPE:External perimeter
G1 F1419
G1 X137.775 Y146.5 E.04316
G1 X137.775 Y147.775 E.04316
G1 X118.225 Y147.775 E.66174
G1 X118.225 Y145.225 E.08631
G1 X137.715 Y145.225 E.65971
M204 S4000
G1 X137.774 Y145.621 F15000
G1 X136.68 Y146.32
;TYPE:Solid infill
;WIDTH:0.401993
G1 F1419
G1 X119.32 Y146.32 E.51832
G1 X119.32 Y146.68 E.01075
G1 X136.68 Y146.68 E.51832
G1 X136.68 Y146.524 E.00466
;LAYER_CHANGE
;Z:20.25
;HEIGHT:0.200001
G1 Z20.25 F15000
G1 X136.961 Y146.039
G1 Z20.25
M204 S2500
;TYPE:Perimeter
;WIDTH:0.449999
G1 F900
G1 X136.961 Y146.5 E.0156
G1 X136.961 Y146.961 E.0156
G1 X119.039 Y146.961 E.60664
G1 X119.039 Y146.039 E.03121
G1 X136.901 Y146.039 E.60461
M204 S4000
G1 X136.901 Y146.039 F15000
G1 X137.368 Y145.632
M204 S2500
G1 F1395
G1 X137.368 Y146.5 E.02938
G1 X137.368 Y147.368 E.02938
G1 X118.632 Y147.368 E.63419
G1 X118.632 Y145.632 E.05876
G1 X137.308 Y145.632 E.63216
M204 S4000
G1 X137.775 Y145.225 F15000
M204 S2500
;TYPE:External perimeter
G1 F1395
G1 X137.775 Y146.5 E.04316
G1 X137.775 Y147.775 E.04316
G1 X118.225 Y147.775 E.66174
G1 X118.225 Y145.225 E.08631
G1 X137.715 Y145.225 E.65971
M204 S4000
G1 X137.774 Y145.621 F15000
G1 E-2 F2400
G1 X119.32 Y146.32 F15000
G1 E2 F2400
;TYPE:Solid infill
;WIDTH:0.401994
G1 F1395
G1 X119.32 Y146.68 E.01075
G1 X136.68 Y146.68 E.51832
G1 X136.68 Y146.32 E.01075
G1 X119.524 Y146.32 E.51223
;LAYER_CHANGE
;Z:20.45
;HEIGHT:0.200001
G1 Z20.45 F15000
G1 E-2 F2400
G1 Z20.45 F15000
G1 X136.961 Y146.039
G1 Z20.45
G1 E2 F2400
M204 S2500
;TYPE:Perimeter
;WIDTH:0.449999
G1 F900
G1 X136.961 Y146.5 E.0156
G1 X136.961 Y146.961 E.0156
G1 X119.039 Y146.961 E.60664
G1 X119.039 Y146.039 E.03121
G1 X136.901 Y146.039 E.60461
M204 S4000
G1 X136.901 Y146.039 F15000
G1 X137.368 Y145.632
M204 S2500
G1 F1419
G1 X137.368 Y146.5 E.02938
G1 X137.368 Y147.368 E.02938
G1 X118.632 Y147.368 E.63419
G1 X118.632 Y145.632 E.05876
G1 X137.308 Y145.632 E.63216
M204 S4000
G1 X137.775 Y145.225 F15000
M204 S2500
;TYPE:External perimeter
G1 F1419
G1 X137.775 Y146.5 E.04316
G1 X137.775 Y147.775 E.04316
G1 X118.225 Y147.775 E.66174
G1 X118.225 Y145.225 E.08631
G1 X137.715 Y145.225 E.65971
M204 S4000
G1 X137.774 Y145.621 F15000
G1 X136.68 Y146.32
;TYPE:Solid infill
;WIDTH:0.401993
G1 F1419
G1 X119.32 Y146.32 E.51832
G1 X119.32 Y146.68 E.01075
G1 X136.68 Y146.68 E.51832
G1 X136.68 Y146.524 E.00466
;LAYER_CHANGE
;Z:20.65
;HEIGHT:0.199999
G1 Z20.65 F15000
G1 X136.961 Y146.039
G1 Z20.65
M204 S2500
;TYPE:Perimeter
;WIDTH:0.449999
G1 F900
G1 X136.961 Y146.5 E.0156
G1 X136.961 Y146.961 E.0156
G1 X119.039 Y146.961 E.60664
G1 X119.039 Y146.039 E.03121
G1 X136.901 Y146.039 E.60461
M204 S4000
G1 X136.901 Y146.039 F15000
G1 X137.368 Y145.632
M204 S2500
G1 F1395
G1 X137.368 Y146.5 E.02938
G1 X137.368 Y147.368 E.02938
G1 X118.632 Y147.368 E.63419
G1 X118.632 Y145.632 E.05876
G1 X137.308 Y145.632 E.63216
M204 S4000
G1 X137.775 Y145.225 F15000
M204 S2500
;TYPE:External perimeter
G1 F1395
G1 X137.775 Y146.5 E.04316
G1 X137.775 Y147.775 E.04316
G1 X118.225 Y147.775 E.66174
G1 X118.225 Y145.225 E.08631
G1 X137.715 Y145.225 E.65971
M204 S4000
G1 X137.774 Y145.621 F15000
G1 E-2 F2400
G1 X119.32 Y146.32 F15000
G1 E2 F2400
;TYPE:Solid infill
;WIDTH:0.401994
G1 F1395
G1 X119.32 Y146.68 E.01075
G1 X136.68 Y146.68 E.51832
G1 X136.68 Y146.32 E.01075
G1 X119.524 Y146.32 E.51223
;LAYER_CHANGE
;Z:20.85
;HEIGHT:0.200001
G1 Z20.85 F15000
G1 E-2 F2400
G1 Z20.85 F15000
G1 X136.961 Y146.039
G1 Z20.85
G1 E2 F2400
M204 S2500
;TYPE:Perimeter
;WIDTH:0.449999
G1 F900
G1 X136.961 Y146.5 E.0156
G1 X136.961 Y146.961 E.0156
G1 X119.039 Y146.961 E.60664
G1 X119.039 Y146.039 E.03121
G1 X136.901 Y146.039 E.60461
M204 S4000
G1 X136.901 Y146.039 F15000
G1 X137.368 Y145.632
M204 S2500
G1 F1419
G1 X137.368 Y146.5 E.02938
G1 X137.368 Y147.368 E.02938
G1 X118.632 Y147.368 E.63419
G1 X118.632 Y145.632 E.05876
G1 X137.308 Y145.632 E.63216
M204 S4000
G1 X137.775 Y145.225 F15000
M204 S2500
;TYPE:External perimeter
G1 F1419
G1 X137.775 Y146.5 E.04316
G1 X137.775 Y147.775 E.04316
G1 X118.225 Y147.775 E.66174
G1 X118.225 Y145.225 E.08631
G1 X137.715 Y145.225 E.65971
M204 S4000
G1 X137.774 Y145.621 F15000
G1 X136.68 Y146.32
;TYPE:Solid infill
;WIDTH:0.401993
G1 F1419
G1 X119.32 Y146.32 E.51832
G1 X119.32 Y146.68 E.01075
G1 X136.68 Y146.68 E.51832
G1 X136.68 Y146.524 E.00466
;LAYER_CHANGE
;Z:21.05
;HEIGHT:0.199999
G1 Z21.05 F15000
G1 X136.961 Y146.039
G1 Z21.05
M204 S2500
;TYPE:Perimeter
;WIDTH:0.449999
G1 F900
G1 X136.961 Y146.5 E.0156
G1 X136.961 Y146.961 E.0156
G1 X119.039 Y146.961 E.60664
G1 X119.039 Y146.039 E.03121
G1 X136.901 Y146.039 E.60461
M204 S4000
G1 X136.901 Y146.039 F15000
G1 X137.368 Y145.632
M204 S2500
G1 F1331
G1 X137.368 Y146.5 E.02938
G1 X137.368 Y147.368 E.02938
G1 X118.632 Y147.368 E.63419
G1 X118.632 Y145.632 E.05876
G1 X137.308 Y145.632 E.63216
M204 S4000
G1 X137.775 Y145.225 F15000
M204 S2500
;TYPE:External perimeter
G1 F1331
G1 X137.775 Y146.5 E.04316
G1 X137.775 Y147.775 E.04316
G1 X118.225 Y147.775 E.66174
G1 X118.225 Y145.225 E.08631
G1 X137.715 Y145.225 E.65971
M204 S4000
G1 X137.774 Y145.621 F15000
G1 X135.984 Y146.32
;TYPE:Solid infill
;WIDTH:0.402004
G1 F1331
G1 X135.984 Y146.68 E.01075
G1 X136.68 Y146.68 E.02078
G1 X136.68 Y146.32 E.01075
G1 X136.188 Y146.32 E.01469
G1 X136.188 Y146.32 F15000
G1 X135.553 Y146.839
;TYPE:Top solid infill
;WIDTH:0.490344
G1 F1331
G1 X135.059 Y146.344 E.02602
G1 X134.426 Y146.344 E.02355
G1 X134.737 Y146.656 E.01639
G1 X134.105 Y146.656 E.02351
G1 X133.794 Y146.344 E.01639
G1 X133.161 Y146.344 E.02355
G1 X133.472 Y146.656 E.01639
G1 X132.839 Y146.656 E.02355
G1 X132.528 Y146.344 E.01639
G1 X131.895 Y146.344 E.02355
G1 X132.206 Y146.656 E.01639
G1 X131.574 Y146.656 E.02351
G1 X131.263 Y146.344 E.01639
G1 X130.63 Y146.344 E.02355
G1 X131.124 Y146.839 E.02602
G1 E-2 F2400
G1 X131.124 Y146.839 F15000
G1 X125.984 Y146.32
G1 E2 F2400
;TYPE:Solid infill
;WIDTH:0.402004
G1 F1331
G1 X125.984 Y146.68 E.01075
G1 X130.016 Y146.68 E.12039
G1 X130.016 Y146.32 E.01075
G1 X126.188 Y146.32 E.1143
G1 X126.188 Y146.32 F15000
G1 X125.553 Y146.839
;TYPE:Top solid infill
;WIDTH:0.490344
G1 F1331
G1 X125.059 Y146.344 E.02602
G1 X124.426 Y146.344 E.02355
G1 X124.737 Y146.656 E.01639
G1 X124.105 Y146.656 E.02351
G1 X123.794 Y146.344 E.01639
G1 X123.161 Y146.344 E.02355
G1 X123.472 Y146.656 E.01639
G1 X122.839 Y146.656 E.02355
G1 X122.528 Y146.344 E.01639
G1 X121.895 Y146.344 E.02355
G1 X122.206 Y146.656 E.01639
G1 X121.574 Y146.656 E.02351
G1 X121.263 Y146.344 E.01639
G1 X120.63 Y146.344 E.02355
G1 X121.124 Y146.839 E.02602
G1 X121.124 Y146.839 F15000
G1 X119.32 Y146.32
;TYPE:Solid infill
;WIDTH:0.402004
G1 F1331
G1 X119.32 Y146.68 E.01075
G1 X120.016 Y146.68 E.02078
G1 X120.016 Y146.32 E.01075
G1 X119.524 Y146.32 E.01469
;LAYER_CHANGE
;Z:21.25
;HEIGHT:0.200001
G1 Z21.25 F15000
G1 X121.201 Y146.039
G1 Z21.25
M204 S2500
;TYPE:Perimeter
;WIDTH:0.449999
G1 F900
G1 X121.201 Y146.5 E.0156
G1 X121.201 Y146.961 E.0156
G1 X119.039 Y146.961 E.07318
G1 X119.039 Y146.039 E.03121
G1 X121.141 Y146.039 E.07115
M204 S4000
G1 X121.141 Y146.039 F15000
G1 X121.609 Y145.632
M204 S2500
G1 F900
G1 X121.609 Y146.5 E.02938
G1 X121.609 Y147.368 E.02938
G1 X118.632 Y147.368 E.10077
G1 X118.632 Y145.632 E.05876
G1 X121.549 Y145.632 E.09874
M204 S4000
G1 X121.549 Y145.632 F15000
G1 X122.016 Y145.225
M204 S2500
;TYPE:External perimeter
G1 F900
G1 X122.016 Y146.5 E.04316
G1 X122.016 Y147.775 E.04316
G1 X118.225 Y147.775 E.12832
G1 X118.225 Y145.225 E.08631
G1 X121.956 Y145.225 E.12629
M204 S4000
G1 X122.015 Y145.621 F15000
G1 X120.92 Y146.32
;TYPE:Solid infill
;WIDTH:0.402003
G1 F3300
G1 X119.32 Y146.32 E.04777
G1 X119.32 Y146.68 E.01075
G1 X120.92 Y146.68 E.04777
G1 X120.92 Y146.524 E.00466
G1 E-2 F2400
G1 X120.92 Y146.524 F15000
G1 X131.201 Y146.039
G1 E2 F2400
M204 S2500
;TYPE:Perimeter
;WIDTH:0.449999
G1 F900
G1 X131.201 Y146.5 E.0156
G1 X131.201 Y146.961 E.0156
G1 X124.799 Y146.961 E.2167
G1 X124.799 Y146.039 E.03121
G1 X131.141 Y146.039 E.21467
M204 S4000
G1 X131.141 Y146.039 F15000
G1 X131.609 Y145.632
M204 S2500
G1 F900
G1 X131.609 Y146.5 E.02938
G1 X131.609 Y147.368 E.02938
G1 X124.391 Y147.368 E.24432
G1 X124.391 Y145.632 E.05876
G1 X131.549 Y145.632 E.24229
M204 S4000
G1 X131.549 Y145.632 F15000
G1 X132.016 Y145.225
M204 S2500
;TYPE:External perimeter
G1 F900
G1 X132.016 Y146.5 E.04316
G1 X132.016 Y147.775 E.04316
G1 X123.984 Y147.775 E.27187
G1 X123.984 Y145.225 E.08631
G1 X131.956 Y145.225 E.26984
M204 S4000
G1 X132.015 Y145.621 F15000
G1 E-2 F2400
G1 X125.08 Y146.32 F15000
G1 E2 F2400
;TYPE:Solid infill
;WIDTH:0.402003
G1 F3300
G1 X125.08 Y146.68 E.01075
G1 X130.92 Y146.68 E.17437
G1 X130.92 Y146.32 E.01075
G1 X125.283 Y146.32 E.16831
G1 E-2 F2400
G1 X125.283 Y146.32 F15000
G1 X136.961 Y146.039
G1 E2 F2400
M204 S2500
;TYPE:Perimeter
;WIDTH:0.449999
G1 F900
G1 X136.961 Y146.5 E.0156
G1 X136.961 Y146.961 E.0156
G1 X134.799 Y146.961 E.07318
G1 X134.799 Y146.039 E.03121
G1 X136.901 Y146.039 E.07115
M204 S4000
G1 X136.901 Y146.039 F15000
G1 X137.368 Y145.632
M204 S2500
G1 F900
G1 X137.368 Y146.5 E.02938
G1 X137.368 Y147.368 E.02938
G1 X134.391 Y147.368 E.10077
G1 X134.391 Y145.632 E.05876
G1 X137.308 Y145.632 E.09874
M204 S4000
G1 X137.775 Y145.225 F15000
M204 S2500
;TYPE:External perimeter
G1 F900
G1 X137.775 Y146.5 E.04316
G1 X137.775 Y147.775 E.04316
G1 X133.984 Y147.775 E.12832
G1 X133.984 Y145.225 E.08631
G1 X137.715 Y145.225 E.12629
M204 S4000
G1 X137.774 Y145.621 F15000
G1 X136.68 Y146.32
;TYPE:Solid infill
;WIDTH:0.402003
G1 F3300
G1 X135.08 Y146.32 E.04777
G1 X135.08 Y146.68 E.01075
G1 X136.68 Y146.68 E.04777
G1 X136.68 Y146.524 E.00466
;LAYER_CHANGE
;Z:21.45
;HEIGHT:0.200001
G1 Z21.45 F15000
G1 E-2 F2400
G1 Z21.45 F15000
G1 X120.832 Y146.039
G1 Z21.45
G1 E2 F2400
M204 S2500
;TYPE:Perimeter
;WIDTH:0.449999
G1 F900
G1 X120.832 Y146.5 E.0156
G1 X120.832 Y146.961 E.0156
G1 X119.039 Y146.961 E.06069
G1 X119.039 Y146.039 E.03121
G1 X120.772 Y146.039 E.05866
M204 S4000
G1 X120.772 Y146.039 F15000
G1 X121.239 Y145.632
M204 S2500
G1 F900
G1 X121.239 Y146.5 E.02938
G1 X121.239 Y147.368 E.02938
G1 X118.632 Y147.368 E.08824
G1 X118.632 Y145.632 E.05876
G1 X121.179 Y145.632 E.08621
M204 S4000
G1 X121.179 Y145.632 F15000
G1 X121.646 Y145.225
M204 S2500
;TYPE:External perimeter
G1 F900
G1 X121.646 Y146.5 E.04316
G1 X121.646 Y147.775 E.04316
G1 X118.225 Y147.775 E.1158
G1 X118.225 Y145.225 E.08631
G1 X121.586 Y145.225 E.11377
M204 S4000
G1 X121.645 Y145.621 F15000
G1 E-2 F2400
G1 X119.32 Y146.32 F15000
G1 E2 F2400
;TYPE:Solid infill
;WIDTH:0.402004
G1 F3300
G1 X119.32 Y146.68 E.01075
G1 X120.55 Y146.68 E.03673
G1 X120.55 Y146.32 E.01075
G1 X119.524 Y146.32 E.03063
G1 E-2 F2400
G1 X119.524 Y146.32 F15000
G1 X130.832 Y146.039
G1 E2 F2400
M204 S2500
;TYPE:Perimeter
;WIDTH:0.449999
G1 F900
G1 X130.832 Y146.5 E.0156
G1 X130.832 Y146.961 E.0156
G1 X125.168 Y146.961 E.19172
G1 X125.168 Y146.039 E.03121
G1 X130.772 Y146.039 E.18969
M204 S4000
G1 X130.772 Y146.039 F15000
G1 X131.239 Y145.632
M204 S2500
G1 F900
G1 X131.239 Y146.5 E.02938
G1 X131.239 Y147.368 E.02938
G1 X124.761 Y147.368 E.21927
G1 X124.761 Y145.632 E.05876
G1 X131.179 Y145.632 E.21724
M204 S4000
G1 X131.179 Y145.632 F15000
G1 X131.646 Y145.225
M204 S2500
;TYPE:External perimeter
G1 F900
G1 X131.646 Y146.5 E.04316
G1 X131.646 Y147.775 E.04316
G1 X124.354 Y147.775 E.24683
G1 X124.354 Y145.225 E.08631
G1 X131.586 Y145.225 E.24479
M204 S4000
G1 X131.645 Y145.621 F15000
G1 E-2 F2400
G1 X125.45 Y146.32 F15000
G1 E2 F2400
;TYPE:Solid infill
;WIDTH:0.402004
G1 F3300
G1 X125.45 Y146.68 E.01075
G1 X130.55 Y146.68 E.15228
G1 X130.55 Y146.32 E.01075
G1 X125.653 Y146.32 E.14621
G1 E-2 F2400
G1 X125.653 Y146.32 F15000
G1 X136.961 Y146.039
G1 E2 F2400
M204 S2500
;TYPE:Perimeter
;WIDTH:0.449999
G1 F900
G1 X136.961 Y146.5 E.0156
G1 X136.961 Y146.961 E.0156
G1 X135.168 Y146.961 E.06069
G1 X135.168 Y146.039 E.03121
G1 X136.901 Y146.039 E.05866
M204 S4000
G1 X136.901 Y146.039 F15000
G1 X137.368 Y145.632
M204 S2500
G1 F900
G1 X137.368 Y146.5 E.02938
G1 X137.368 Y147.368 E.02938
G1 X134.761 Y147.368 E.08824
G1 X134.761 Y145.632 E.05876
G1 X137.308 Y145.632 E.08621
M204 S4000
G1 X137.775 Y145.225 F15000
M204 S2500
;TYPE:External perimeter
G1 F900
G1 X137.775 Y146.5 E.04316
G1 X137.775 Y147.775 E.04316
G1 X134.354 Y147.775 E.1158
G1 X134.354 Y145.225 E.08631
G1 X137.715 Y145.225 E.11377
M204 S4000
G1 X137.774 Y145.621 F15000
G1 E-2 F2400
G1 X135.45 Y146.32 F15000
G1 E2 F2400
;TYPE:Solid infill
;WIDTH:0.402004
G1 F3300
G1 X135.45 Y146.68 E.01075
G1 X136.68 Y146.68 E.03673
G1 X136.68 Y146.32 E.01075
G1 X135.653 Y146.32 E.03066
;LAYER_CHANGE
;Z:21.65
;HEIGHT:0.199999
G1 Z21.65 F15000
G1 E-2 F2400
G1 Z21.65 F15000
G1 X120.585 Y146.039
G1 Z21.65
G1 E2 F2400
M204 S2500
;TYPE:Perimeter
;WIDTH:0.449999
G1 F900
G1 X120.585 Y146.5 E.0156
G1 X120.585 Y146.961 E.0156
G1 X119.039 Y146.961 E.05233
G1 X119.039 Y146.039 E.03121
G1 X120.525 Y146.039 E.0503
M204 S4000
G1 X120.525 Y146.039 F15000
G1 X120.992 Y145.632
M204 S2500
G1 F900
G1 X120.992 Y146.5 E.02938
G1 X120.992 Y147.368 E.02938
G1 X118.632 Y147.368 E.07988
G1 X118.632 Y145.632 E.05876
G1 X120.932 Y145.632 E.07785
M204 S4000
G1 X121.399 Y145.225 F15000
M204 S2500
;TYPE:External perimeter
G1 F900
G1 X121.399 Y146.5 E.04316
G1 X121.399 Y147.775 E.04316
G1 X118.225 Y147.775 E.10744
G1 X118.225 Y145.225 E.08631
G1 X121.339 Y145.225 E.10541
M204 S4000
G1 X121.398 Y145.621 F15000
G1 X120.304 Y146.32
;TYPE:Solid infill
;WIDTH:0.402003
G1 F1228
G1 X119.32 Y146.32 E.02938
G1 X119.32 Y146.68 E.01075
G1 X120.304 Y146.68 E.02938
G1 X120.304 Y146.524 E.00466
G1 E-2 F2400
G1 X120.304 Y146.524 F15000
G1 X130.585 Y146.039
G1 E2 F2400
M204 S2500
;TYPE:Perimeter
;WIDTH:0.449999
G1 F900
G1 X130.585 Y146.5 E.0156
G1 X130.585 Y146.961 E.0156
G1 X125.415 Y146.961 E.175
G1 X125.415 Y146.039 E.03121
G1 X130.525 Y146.039 E.17297
M204 S4000
G1 X130.525 Y146.039 F15000
G1 X130.992 Y145.632
M204 S2500
G1 F900
G1 X130.992 Y146.5 E.02938
G1 X130.992 Y147.368 E.02938
G1 X125.008 Y147.368 E.20255
G1 X125.008 Y145.632 E.05876
G1 X130.932 Y145.632 E.20052
M204 S4000
G1 X131.399 Y145.225 F15000
M204 S2500
;TYPE:External perimeter
G1 F900
G1 X131.399 Y146.5 E.04316
G1 X131.399 Y147.775 E.04316
G1 X124.601 Y147.775 E.2301
G1 X124.601 Y145.225 E.08631
G1 X131.339 Y145.225 E.22807
M204 S4000
G1 X131.398 Y145.621 F15000
G1 X130.304 Y146.32
;TYPE:Solid infill
;WIDTH:0.402003
G1 F1228
G1 X125.696 Y146.32 E.13759
G1 X125.696 Y146.68 E.01075
G1 X130.304 Y146.68 E.13759
G1 X130.304 Y146.524 E.00466
G1 E-2 F2400
G1 X130.304 Y146.524 F15000
G1 X136.961 Y146.039
G1 E2 F2400
M204 S2500
;TYPE:Perimeter
;WIDTH:0.449999
G1 F900
G1 X136.961 Y146.5 E.0156
G1 X136.961 Y146.961 E.0156
G1 X135.415 Y146.961 E.05233
G1 X135.415 Y146.039 E.03121
G1 X136.901 Y146.039 E.0503
M204 S4000
G1 X136.901 Y146.039 F15000
G1 X137.368 Y145.632
M204 S2500
G1 F900
G1 X137.368 Y146.5 E.02938
G1 X137.368 Y147.368 E.02938
G1 X135.008 Y147.368 E.07988
G1 X135.008 Y145.632 E.05876
G1 X137.308 Y145.632 E.07785
M204 S4000
G1 X137.775 Y145.225 F15000
M204 S2500
;TYPE:External perimeter
G1 F900
G1 X137.775 Y146.5 E.04316
G1 X137.775 Y147.775 E.04316
G1 X134.601 Y147.775 E.10744
G1 X134.601 Y145.225 E.08631
G1 X137.715 Y145.225 E.10541
M204 S4000
G1 X137.774 Y145.621 F15000
G1 X136.68 Y146.32
;TYPE:Solid infill
;WIDTH:0.402003
G1 F1228
G1 X135.696 Y146.32 E.02938
G1 X135.696 Y146.68 E.01075
G1 X136.68 Y146.68 E.02938
G1 X136.68 Y146.524 E.00466
;LAYER_CHANGE
;Z:21.85
;HEIGHT:0.200001
G1 Z21.85 F15000
G1 E-2 F2400
G1 Z21.85 F15000
G1 X120.401 Y146.039
G1 Z21.85
G1 E2 F2400
M204 S2500
;TYPE:Perimeter
;WIDTH:0.449999
G1 F900
G1 X120.401 Y146.5 E.0156
G1 X120.401 Y146.961 E.0156
G1 X119.039 Y146.961 E.0461
G1 X119.039 Y146.039 E.03121
G1 X120.341 Y146.039 E.04407
M204 S4000
G1 X120.341 Y146.039 F15000
G1 X120.808 Y145.632
M204 S2500
G1 F900
G1 X120.808 Y146.5 E.02938
G1 X120.808 Y147.368 E.02938
G1 X118.632 Y147.368 E.07365
G1 X118.632 Y145.632 E.05876
G1 X120.748 Y145.632 E.07162
M204 S4000
G1 X120.748 Y145.632 F15000
G1 X121.215 Y145.225
M204 S2500
;TYPE:External perimeter
G1 F900
G1 X121.215 Y146.5 E.04316
G1 X121.215 Y147.775 E.04316
G1 X118.225 Y147.775 E.10121
G1 X118.225 Y145.225 E.08631
G1 X121.155 Y145.225 E.09918
M204 S4000
G1 X121.214 Y145.621 F15000
G1 E-2 F2400
G1 X119.32 Y146.32 F15000
G1 E2 F2400
;TYPE:Solid infill
;WIDTH:0.402004
G1 F1670
G1 X119.32 Y146.68 E.01075
G1 X120.119 Y146.68 E.02386
G1 X120.119 Y146.32 E.01075
G1 X119.524 Y146.32 E.01777
G1 E-2 F2400
G1 X119.524 Y146.32 F15000
G1 X130.401 Y146.039
G1 E2 F2400
M204 S2500
;TYPE:Perimeter
;WIDTH:0.449999
G1 F900
G1 X130.401 Y146.5 E.0156
G1 X130.401 Y146.961 E.0156
G1 X125.599 Y146.961 E.16254
G1 X125.599 Y146.039 E.03121
G1 X130.341 Y146.039 E.16051
M204 S4000
G1 X130.341 Y146.039 F15000
G1 X130.808 Y145.632
M204 S2500
G1 F900
G1 X130.808 Y146.5 E.02938
G1 X130.808 Y147.368 E.02938
G1 X125.192 Y147.368 E.19009
G1 X125.192 Y145.632 E.05876
G1 X130.748 Y145.632 E.18806
M204 S4000
G1 X130.748 Y145.632 F15000
G1 X131.215 Y145.225
M204 S2500
;TYPE:External perimeter
G1 F900
G1 X131.215 Y146.5 E.04316
G1 X131.215 Y147.775 E.04316
G1 X124.785 Y147.775 E.21765
G1 X124.785 Y145.225 E.08631
G1 X131.155 Y145.225 E.21562
M204 S4000
G1 X131.214 Y145.621 F15000
G1 E-2 F2400
G1 X125.881 Y146.32 F15000
G1 E2 F2400
;TYPE:Solid infill
;WIDTH:0.402004
G1 F1670
G1 X125.881 Y146.68 E.01075
G1 X130.119 Y146.68 E.12654
G1 X130.119 Y146.32 E.01075
G1 X126.084 Y146.32 E.12048
G1 E-2 F2400
G1 X126.084 Y146.32 F15000
G1 X136.961 Y146.039
G1 E2 F2400
M204 S2500
;TYPE:Perimeter
;WIDTH:0.449999
G1 F900
G1 X136.961 Y146.5 E.0156
G1 X136.961 Y146.961 E.0156
G1 X135.599 Y146.961 E.0461
G1 X135.599 Y146.039 E.03121
G1 X136.901 Y146.039 E.04407
M204 S4000
G1 X136.901 Y146.039 F15000
G1 X137.368 Y145.632
M204 S2500
G1 F900
G1 X137.368 Y146.5 E.02938
G1 X137.368 Y147.368 E.02938
G1 X135.192 Y147.368 E.07365
G1 X135.192 Y145.632 E.05876
G1 X137.308 Y145.632 E.07162
M204 S4000
G1 X137.775 Y145.225 F15000
M204 S2500
;TYPE:External perimeter
G1 F900
G1 X137.775 Y146.5 E.04316
G1 X137.775 Y147.775 E.04316
G1 X134.785 Y147.775 E.10121
G1 X134.785 Y145.225 E.08631
G1 X137.715 Y145.225 E.09918
M204 S4000
G1 X137.774 Y145.621 F15000
G1 E-2 F2400
G1 X135.881 Y146.32 F15000
G1 E2 F2400
;TYPE:Solid infill
;WIDTH:0.402003
G1 F1670
G1 X135.881 Y146.68 E.01075
G1 X136.68 Y146.68 E.02386
G1 X136.68 Y146.32 E.01075
G1 X136.084 Y146.32 E.0178
;LAYER_CHANGE
;Z:22.05
;HEIGHT:0.199999
G1 Z22.05 F15000
G1 E-2 F2400
G1 Z22.05 F15000
G1 X120.26 Y146.039
G1 Z22.05
G1 E2 F2400
M204 S2500
;TYPE:Perimeter
;WIDTH:0.449999
G1 F849
G1 X120.26 Y146.5 E.0156
G1 X120.26 Y146.961 E.0156
G1 X119.039 Y146.961 E.04133
G1 X119.039 Y146.039 E.03121
G1 X120.2 Y146.039 E.0393
M204 S4000
G1 X120.2 Y146.039 F15000
G1 X120.667 Y145.632
M204 S2500
G1 F849
G1 X120.667 Y146.5 E.02938
G1 X120.667 Y147.368 E.02938
G1 X118.632 Y147.368 E.06888
G1 X118.632 Y145.632 E.05876
G1 X120.607 Y145.632 E.06685
M204 S4000
G1 X121.074 Y145.225 F15000
M204 S2500
;TYPE:External perimeter
G1 F849
G1 X121.074 Y146.5 E.04316
G1 X121.074 Y147.775 E.04316
G1 X118.225 Y147.775 E.09644
G1 X118.225 Y145.225 E.08631
G1 X121.014 Y145.225 E.0944
M204 S4000
G1 X121.073 Y145.621 F15000
G1 X119.979 Y146.32
;TYPE:Solid infill
;WIDTH:0.402003
G1 F849
G1 X119.32 Y146.32 E.01968
G1 X119.32 Y146.68 E.01075
G1 X119.979 Y146.68 E.01968
G1 X119.979 Y146.524 E.00466
G1 E-2 F2400
G1 X119.979 Y146.524 F15000
G1 X130.26 Y146.039
G1 E2 F2400
M204 S2500
;TYPE:Perimeter
;WIDTH:0.449999
G1 F849
G1 X130.26 Y146.5 E.0156
G1 X130.26 Y146.961 E.0156
G1 X125.74 Y146.961 E.153
G1 X125.74 Y146.039 E.03121
G1 X130.2 Y146.039 E.15097
M204 S4000
G1 X130.2 Y146.039 F15000
G1 X130.667 Y145.632
M204 S2500
G1 F849
G1 X130.667 Y146.5 E.02938
G1 X130.667 Y147.368 E.02938
G1 X125.333 Y147.368 E.18055
G1 X125.333 Y145.632 E.05876
G1 X130.607 Y145.632 E.17852
M204 S4000
G1 X131.074 Y145.225 F15000
M204 S2500
;TYPE:External perimeter
G1 F849
G1 X131.074 Y146.5 E.04316
G1 X131.074 Y147.775 E.04316
G1 X124.926 Y147.775 E.2081
G1 X124.926 Y145.225 E.08631
G1 X131.014 Y145.225 E.20607
M204 S4000
G1 X131.073 Y145.621 F15000
G1 X129.979 Y146.32
;TYPE:Solid infill
;WIDTH:0.402003
G1 F849
G1 X126.021 Y146.32 E.11818
G1 X126.021 Y146.68 E.01075
G1 X129.979 Y146.68 E.11818
G1 X129.979 Y146.524 E.00466
G1 E-2 F2400
G1 X129.979 Y146.524 F15000
G1 X136.961 Y146.039
G1 E2 F2400
M204 S2500
;TYPE:Perimeter
;WIDTH:0.449999
G1 F849
G1 X136.961 Y146.5 E.0156
G1 X136.961 Y146.961 E.0156
G1 X135.74 Y146.961 E.04133
G1 X135.74 Y146.039 E.03121
G1 X136.901 Y146.039 E.0393
M204 S4000
G1 X136.901 Y146.039 F15000
G1 X137.368 Y145.632
M204 S2500
G1 F849
G1 X137.368 Y146.5 E.02938
G1 X137.368 Y147.368 E.02938
G1 X135.333 Y147.368 E.06888
G1 X135.333 Y145.632 E.05876
G1 X137.308 Y145.632 E.06685
M204 S4000
G1 X137.775 Y145.225 F15000
M204 S2500
;TYPE:External perimeter
G1 F849
G1 X137.775 Y146.5 E.04316
G1 X137.775 Y147.775 E.04316
G1 X134.926 Y147.775 E.09644
G1 X134.926 Y145.225 E.08631
G1 X137.715 Y145.225 E.0944
M204 S4000
G1 X137.774 Y145.621 F15000
G1 X136.021 Y146.32
;TYPE:Solid infill
;WIDTH:0.402002
G1 F849
G1 X136.021 Y146.68 E.01075
G1 X136.68 Y146.68 E.01968
G1 X136.68 Y146.32 E.01075
G1 X136.225 Y146.32 E.01359
;LAYER_CHANGE
;Z:22.25
;HEIGHT:0.200001
G1 Z22.25 F15000
G1 E-2 F2400
G1 Z22.25 F15000
G1 X120.151 Y146.039
G1 Z22.25
G1 E2 F2400
M204 S2500
;TYPE:Perimeter
;WIDTH:0.449999
G1 F850
G1 X120.151 Y146.5 E.0156
G1 X120.151 Y146.961 E.0156
G1 X119.039 Y146.961 E.03764
G1 X119.039 Y146.039 E.03121
G1 X120.091 Y146.039 E.03561
M204 S4000
G1 X120.091 Y146.039 F15000
G1 X120.559 Y145.632
M204 S2500
G1 F850
G1 X120.559 Y146.5 E.02938
G1 X120.559 Y147.368 E.02938
G1 X118.632 Y147.368 E.06523
G1 X118.632 Y145.632 E.05876
G1 X120.499 Y145.632 E.0632
M204 S4000
G1 X120.499 Y145.632 F15000
G1 X120.966 Y145.225
M204 S2500
;TYPE:External perimeter
G1 F850
G1 X120.966 Y146.5 E.04316
G1 X120.966 Y147.775 E.04316
G1 X118.225 Y147.775 E.09278
G1 X118.225 Y145.225 E.08631
G1 X120.906 Y145.225 E.09075
M204 S4000
G1 X120.965 Y145.621 F15000
G1 X119.32 Y146.32
;TYPE:Solid infill
;WIDTH:0.402004
G1 F850
G1 X119.32 Y146.68 E.01075
G1 X119.87 Y146.68 E.01642
G1 X119.87 Y146.32 E.01075
G1 X119.524 Y146.32 E.01033
G1 E-2 F2400
G1 X119.524 Y146.32 F15000
G1 X130.151 Y146.039
G1 E2 F2400
M204 S2500
;TYPE:Perimeter
;WIDTH:0.449999
G1 F850
G1 X130.151 Y146.5 E.0156
G1 X130.151 Y146.961 E.0156
G1 X125.849 Y146.961 E.14562
G1 X125.849 Y146.039 E.03121
G1 X130.091 Y146.039 E.14359
M204 S4000
G1 X130.091 Y146.039 F15000
G1 X130.559 Y145.632
M204 S2500
G1 F850
G1 X130.559 Y146.5 E.02938
G1 X130.559 Y147.368 E.02938
G1 X125.441 Y147.368 E.17324
G1 X125.441 Y145.632 E.05876
G1 X130.499 Y145.632 E.17121
M204 S4000
G1 X130.499 Y145.632 F15000
G1 X130.966 Y145.225
M204 S2500
;TYPE:External perimeter
G1 F850
G1 X130.966 Y146.5 E.04316
G1 X130.966 Y147.775 E.04316
G1 X125.034 Y147.775 E.20079
G1 X125.034 Y145.225 E.08631
G1 X130.906 Y145.225 E.19876
M204 S4000
G1 X130.965 Y145.621 F15000
G1 E-2 F2400
G1 X126.13 Y146.32 F15000
G1 E2 F2400
;TYPE:Solid infill
;WIDTH:0.402004
G1 F850
G1 X126.13 Y146.68 E.01075
G1 X129.87 Y146.68 E.11167
G1 X129.87 Y146.32 E.01075
G1 X126.333 Y146.32 E.10561
G1 E-2 F2400
G1 X126.333 Y146.32 F15000
G1 X136.961 Y146.039
G1 E2 F2400
M204 S2500
;TYPE:Perimeter
;WIDTH:0.449999
G1 F850
G1 X136.961 Y146.5 E.0156
G1 X136.961 Y146.961 E.0156
G1 X135.849 Y146.961 E.03764
G1 X135.849 Y146.039 E.03121
G1 X136.901 Y146.039 E.03561
M204 S4000
G1 X136.901 Y146.039 F15000
G1 X137.368 Y145.632
M204 S2500
G1 F850
G1 X137.368 Y146.5 E.02938
G1 X137.368 Y147.368 E.02938
G1 X135.441 Y147.368 E.06523
G1 X135.441 Y145.632 E.05876
G1 X137.308 Y145.632 E.0632
M204 S4000
G1 X137.775 Y145.225 F15000
M204 S2500
;TYPE:External perimeter
G1 F850
G1 X137.775 Y146.5 E.04316
G1 X137.775 Y147.775 E.04316
G1 X135.034 Y147.775 E.09278
G1 X135.034 Y145.225 E.08631
G1 X137.715 Y145.225 E.09075
M204 S4000
G1 X137.774 Y145.621 F15000
G1 X136.13 Y146.32
;TYPE:Solid infill
;WIDTH:0.402005
G1 F850
G1 X136.13 Y146.68 E.01075
G1 X136.68 Y146.68 E.01642
G1 X136.68 Y146.32 E.01075
G1 X136.333 Y146.32 E.01036
;LAYER_CHANGE
;Z:22.45
;HEIGHT:0.200001
G1 Z22.45 F15000
G1 E-2 F2400
G1 Z22.45 F15000
G1 X120.07 Y146.039
G1 Z22.45
G1 E2 F2400
M204 S2500
;TYPE:Perimeter
;WIDTH:0.449999
G1 F800
G1 X120.07 Y146.5 E.0156
G1 X120.07 Y146.961 E.0156
G1 X119.039 Y146.961 E.0349
G1 X119.039 Y146.039 E.03121
G1 X120.01 Y146.039 E.03287
M204 S4000
G1 X120.01 Y146.039 F15000
G1 X120.477 Y145.632
M204 S2500
G1 F800
G1 X120.477 Y146.5 E.02938
G1 X120.477 Y147.368 E.02938
G1 X118.632 Y147.368 E.06245
G1 X118.632 Y145.632 E.05876
G1 X120.417 Y145.632 E.06042
M204 S4000
G1 X120.417 Y145.632 F15000
G1 X120.884 Y145.225
M204 S2500
;TYPE:External perimeter
G1 F800
G1 X120.884 Y146.5 E.04316
G1 X120.884 Y147.775 E.04316
G1 X118.225 Y147.775 E.09
G1 X118.225 Y145.225 E.08631
G1 X120.824 Y145.225 E.08797
M204 S4000
G1 X120.883 Y145.621 F15000
G1 X119.788 Y146.32
;TYPE:Solid infill
;WIDTH:0.402003
G1 F800
G1 X119.32 Y146.32 E.01397
G1 X119.32 Y146.68 E.01075
G1 X119.788 Y146.68 E.01397
G1 X119.788 Y146.524 E.00466
G1 E-2 F2400
G1 X119.788 Y146.524 F15000
G1 X130.07 Y146.039
G1 E2 F2400
M204 S2500
;TYPE:Perimeter
;WIDTH:0.449999
G1 F800
G1 X130.07 Y146.5 E.0156
G1 X130.07 Y146.961 E.0156
G1 X125.93 Y146.961 E.14013
G1 X125.93 Y146.039 E.03121
G1 X130.01 Y146.039 E.1381
M204 S4000
G1 X130.01 Y146.039 F15000
G1 X130.477 Y145.632
M204 S2500
G1 F800
G1 X130.477 Y146.5 E.02938
G1 X130.477 Y147.368 E.02938
G1 X125.523 Y147.368 E.16769
G1 X125.523 Y145.632 E.05876
G1 X130.417 Y145.632 E.16566
M204 S4000
G1 X130.417 Y145.632 F15000
G1 X130.884 Y145.225
M204 S2500
;TYPE:External perimeter
G1 F800
G1 X130.884 Y146.5 E.04316
G1 X130.884 Y147.775 E.04316
G1 X125.116 Y147.775 E.19524
G1 X125.116 Y145.225 E.08631
G1 X130.824 Y145.225 E.19321
M204 S4000
G1 X130.883 Y145.621 F15000
G1 X129.788 Y146.32
;TYPE:Solid infill
;WIDTH:0.402003
G1 F800
G1 X126.212 Y146.32 E.10677
G1 X126.212 Y146.68 E.01075
G1 X129.788 Y146.68 E.10677
G1 X129.788 Y146.524 E.00466
G1 E-2 F2400
G1 X129.788 Y146.524 F15000
G1 X136.961 Y146.039
G1 E2 F2400
M204 S2500
;TYPE:Perimeter
;WIDTH:0.449999
G1 F800
G1 X136.961 Y146.5 E.0156
G1 X136.961 Y146.961 E.0156
G1 X135.93 Y146.961 E.0349
G1 X135.93 Y146.039 E.03121
G1 X136.901 Y146.039 E.03287
M204 S4000
G1 X136.901 Y146.039 F15000
G1 X137.368 Y145.632
M204 S2500
G1 F800
G1 X137.368 Y146.5 E.02938
G1 X137.368 Y147.368 E.02938
G1 X135.523 Y147.368 E.06245
G1 X135.523 Y145.632 E.05876
G1 X137.308 Y145.632 E.06042
M204 S4000
G1 X137.775 Y145.225 F15000
M204 S2500
;TYPE:External perimeter
G1 F800
G1 X137.775 Y146.5 E.04316
G1 X137.775 Y147.775 E.04316
G1 X135.116 Y147.775 E.09
G1 X135.116 Y145.225 E.08631
G1 X137.715 Y145.225 E.08797
M204 S4000
G1 X137.774 Y145.621 F15000
G1 X136.68 Y146.32
;TYPE:Solid infill
;WIDTH:0.402003
G1 F800
G1 X136.212 Y146.32 E.01397
G1 X136.212 Y146.68 E.01075
G1 X136.68 Y146.68 E.01397
G1 X136.68 Y146.524 E.00466
;LAYER_CHANGE
;Z:22.65
;HEIGHT:0.199999
G1 Z22.65 F15000
G1 E-2 F2400
G1 Z22.65 F15000
G1 X120.013 Y146.039
G1 Z22.65
G1 E2 F2400
M204 S2500
;TYPE:Perimeter
;WIDTH:0.449999
G1 F814
G1 X120.013 Y146.5 E.0156
G1 X120.013 Y146.961 E.0156
G1 X119.039 Y146.961 E.03297
G1 X119.039 Y146.039 E.03121
G1 X119.953 Y146.039 E.03094
M204 S4000
G1 X119.953 Y146.039 F15000
G1 X120.42 Y145.632
M204 S2500
G1 F814
G1 X120.42 Y146.5 E.02938
G1 X120.42 Y147.368 E.02938
G1 X118.632 Y147.368 E.06052
G1 X118.632 Y145.632 E.05876
G1 X120.36 Y145.632 E.05849
M204 S4000
G1 X120.36 Y145.632 F15000
G1 X120.827 Y145.225
M204 S2500
;TYPE:External perimeter
G1 F814
G1 X120.827 Y146.5 E.04316
G1 X120.827 Y147.775 E.04316
G1 X118.225 Y147.775 E.08807
G1 X118.225 Y145.225 E.08631
G1 X120.767 Y145.225 E.08604
M204 S4000
G1 X120.827 Y145.621 F15000
G1 X119.32 Y146.32
;TYPE:Solid infill
;WIDTH:0.402004
G1 F814
G1 X119.32 Y146.68 E.01075
G1 X119.732 Y146.68 E.0123
G1 X119.732 Y146.32 E.01075
G1 X119.524 Y146.32 E.00621
G1 E-2 F2400
G1 X119.524 Y146.32 F15000
G1 X130.013 Y146.039
G1 E2 F2400
M204 S2500
;TYPE:Perimeter
;WIDTH:0.449999
G1 F814
G1 X130.013 Y146.5 E.0156
G1 X130.013 Y146.961 E.0156
G1 X125.987 Y146.961 E.13628
G1 X125.987 Y146.039 E.03121
G1 X129.953 Y146.039 E.13424
M204 S4000
G1 X129.953 Y146.039 F15000
G1 X130.42 Y145.632
M204 S2500
G1 F814
G1 X130.42 Y146.5 E.02938
G1 X130.42 Y147.368 E.02938
G1 X125.58 Y147.368 E.16383
G1 X125.58 Y145.632 E.05876
G1 X130.36 Y145.632 E.1618
M204 S4000
G1 X130.36 Y145.632 F15000
G1 X130.827 Y145.225
M204 S2500
;TYPE:External perimeter
G1 F814
G1 X130.827 Y146.5 E.04316
G1 X130.827 Y147.775 E.04316
G1 X125.173 Y147.775 E.19138
G1 X125.173 Y145.225 E.08631
G1 X130.767 Y145.225 E.18935
M204 S4000
G1 X130.827 Y145.621 F15000
G1 E-2 F2400
G1 X126.268 Y146.32 F15000
G1 E2 F2400
;TYPE:Solid infill
;WIDTH:0.402004
G1 F814
G1 X126.268 Y146.68 E.01075
G1 X129.732 Y146.68 E.10343
G1 X129.732 Y146.32 E.01075
G1 X126.472 Y146.32 E.09734
G1 E-2 F2400
G1 X126.472 Y146.32 F15000
G1 X136.961 Y146.039
G1 E2 F2400
M204 S2500
;TYPE:Perimeter
;WIDTH:0.449999
G1 F814
G1 X136.961 Y146.5 E.0156
G1 X136.961 Y146.961 E.0156
G1 X135.987 Y146.961 E.03297
G1 X135.987 Y146.039 E.03121
G1 X136.901 Y146.039 E.03094
M204 S4000
G1 X136.901 Y146.039 F15000
G1 X137.368 Y145.632
M204 S2500
G1 F814
G1 X137.368 Y146.5 E.02938
G1 X137.368 Y147.368 E.02938
G1 X135.58 Y147.368 E.06052
G1 X135.58 Y145.632 E.05876
G1 X137.308 Y145.632 E.05849
M204 S4000
G1 X137.775 Y145.225 F15000
M204 S2500
;TYPE:External perimeter
G1 F814
G1 X137.775 Y146.5 E.04316
G1 X137.775 Y147.775 E.04316
G1 X135.173 Y147.775 E.08807
G1 X135.173 Y145.225 E.08631
G1 X137.715 Y145.225 E.08604
M204 S4000
G1 X137.774 Y145.621 F15000
G1 X136.268 Y146.32
;TYPE:Solid infill
;WIDTH:0.402004
G1 F814
G1 X136.268 Y146.68 E.01075
G1 X136.68 Y146.68 E.0123
G1 X136.68 Y146.32 E.01075
G1 X136.472 Y146.32 E.00621
;LAYER_CHANGE
;Z:22.85
;HEIGHT:0.200001
G1 Z22.85 F15000
G1 E-2 F2400
G1 Z22.85 F15000
G1 X119.977 Y146.039
G1 Z22.85
G1 E2 F2400
M204 S2500
;TYPE:Perimeter
;WIDTH:0.449999
G1 F776
G1 X119.977 Y146.5 E.0156
G1 X119.977 Y146.961 E.0156
G1 X119.039 Y146.961 E.03175
G1 X119.039 Y146.039 E.03121
G1 X119.917 Y146.039 E.02972
M204 S4000
G1 X119.917 Y146.039 F15000
G1 X120.384 Y145.632
M204 S2500
G1 F776
G1 X120.384 Y146.5 E.02938
G1 X120.384 Y147.368 E.02938
G1 X118.632 Y147.368 E.0593
G1 X118.632 Y145.632 E.05876
G1 X120.324 Y145.632 E.05727
M204 S4000
G1 X120.791 Y145.225 F15000
M204 S2500
;TYPE:External perimeter
G1 F776
G1 X120.791 Y146.5 E.04316
G1 X120.791 Y147.775 E.04316
G1 X118.225 Y147.775 E.08686
G1 X118.225 Y145.225 E.08631
G1 X120.731 Y145.225 E.08482
M204 S4000
G1 X120.79 Y145.621 F15000
G1 X119.696 Y146.32
;TYPE:Solid infill
;WIDTH:0.402002
G1 F776
G1 X119.32 Y146.32 E.01123
G1 X119.32 Y146.68 E.01075
G1 X119.696 Y146.68 E.01123
G1 X119.696 Y146.524 E.00466
G1 E-2 F2400
G1 X119.696 Y146.524 F15000
G1 X129.977 Y146.039
G1 E2 F2400
M204 S2500
;TYPE:Perimeter
;WIDTH:0.449999
G1 F776
G1 X129.977 Y146.5 E.0156
G1 X129.977 Y146.961 E.0156
G1 X126.023 Y146.961 E.13384
G1 X126.023 Y146.039 E.03121
G1 X129.917 Y146.039 E.13181
M204 S4000
G1 X129.917 Y146.039 F15000
G1 X130.384 Y145.632
M204 S2500
G1 F776
G1 X130.384 Y146.5 E.02938
G1 X130.384 Y147.368 E.02938
G1 X125.616 Y147.368 E.16139
G1 X125.616 Y145.632 E.05876
G1 X130.324 Y145.632 E.15936
M204 S4000
G1 X130.791 Y145.225 F15000
M204 S2500
;TYPE:External perimeter
G1 F776
G1 X130.791 Y146.5 E.04316
G1 X130.791 Y147.775 E.04316
G1 X125.209 Y147.775 E.18894
G1 X125.209 Y145.225 E.08631
G1 X130.731 Y145.225 E.18691
M204 S4000
G1 X130.79 Y145.621 F15000
G1 X129.696 Y146.32
;TYPE:Solid infill
;WIDTH:0.402003
G1 F776
G1 X126.304 Y146.32 E.10128
G1 X126.304 Y146.68 E.01075
G1 X129.696 Y146.68 E.10128
G1 X129.696 Y146.524 E.00466
G1 E-2 F2400
G1 X129.696 Y146.524 F15000
G1 X136.961 Y146.039
G1 E2 F2400
M204 S2500
;TYPE:Perimeter
;WIDTH:0.449999
G1 F776
G1 X136.961 Y146.5 E.0156
G1 X136.961 Y146.961 E.0156
G1 X136.023 Y146.961 E.03175
G1 X136.023 Y146.039 E.03121
G1 X136.901 Y146.039 E.02972
M204 S4000
G1 X136.901 Y146.039 F15000
G1 X137.368 Y145.632
M204 S2500
G1 F776
G1 X137.368 Y146.5 E.02938
G1 X137.368 Y147.368 E.02938
G1 X135.616 Y147.368 E.0593
G1 X135.616 Y145.632 E.05876
G1 X137.308 Y145.632 E.05727
M204 S4000
G1 X137.775 Y145.225 F15000
M204 S2500
;TYPE:External perimeter
G1 F776
G1 X137.775 Y146.5 E.04316
G1 X137.775 Y147.775 E.04316
G1 X135.209 Y147.775 E.08686
G1 X135.209 Y145.225 E.08631
G1 X137.715 Y145.225 E.08482
M204 S4000
G1 X137.774 Y145.621 F15000
G1 X136.68 Y146.32
;TYPE:Solid infill
;WIDTH:0.402003
G1 F776
G1 X136.304 Y146.32 E.01123
G1 X136.304 Y146.68 E.01075
G1 X136.68 Y146.68 E.01123
G1 X136.68 Y146.524 E.00466
;LAYER_CHANGE
;Z:23.05
;HEIGHT:0.199999
G1 Z23.05 F15000
G1 E-2 F2400
G1 Z23.05 F15000
G1 X119.962 Y146.039
G1 Z23.05
G1 E2 F2400
M204 S2500
;TYPE:Perimeter
;WIDTH:0.449999
G1 F800
G1 X119.962 Y146.5 E.0156
G1 X119.962 Y146.961 E.0156
G1 X119.039 Y146.961 E.03124
G1 X119.039 Y146.039 E.03121
G1 X119.902 Y146.039 E.02921
M204 S4000
G1 X119.902 Y146.039 F15000
G1 X120.37 Y145.632
M204 S2500
G1 F800
G1 X120.37 Y146.5 E.02938
G1 X120.37 Y147.368 E.02938
G1 X118.632 Y147.368 E.05883
G1 X118.632 Y145.632 E.05876
G1 X120.31 Y145.632 E.0568
M204 S4000
G1 X120.31 Y145.632 F15000
G1 X120.777 Y145.225
M204 S2500
;TYPE:External perimeter
G1 F800
G1 X120.777 Y146.5 E.04316
G1 X120.777 Y147.775 E.04316
G1 X118.225 Y147.775 E.08638
G1 X118.225 Y145.225 E.08631
G1 X120.717 Y145.225 E.08435
M204 S4000
G1 X120.776 Y145.621 F15000
G1 X119.32 Y146.32
;TYPE:Solid infill
;WIDTH:0.402004
G1 F800
G1 X119.32 Y146.68 E.01075
G1 X119.681 Y146.68 E.01078
G1 X119.681 Y146.32 E.01075
G1 X119.524 Y146.32 E.00469
G1 E-2 F2400
G1 X119.524 Y146.32 F15000
G1 X129.962 Y146.039
G1 E2 F2400
M204 S2500
;TYPE:Perimeter
;WIDTH:0.449999
G1 F800
G1 X129.962 Y146.5 E.0156
G1 X129.962 Y146.961 E.0156
G1 X126.038 Y146.961 E.13282
G1 X126.038 Y146.039 E.03121
G1 X129.902 Y146.039 E.13079
M204 S4000
G1 X129.902 Y146.039 F15000
G1 X130.37 Y145.632
M204 S2500
G1 F800
G1 X130.37 Y146.5 E.02938
G1 X130.37 Y147.368 E.02938
G1 X125.63 Y147.368 E.16044
G1 X125.63 Y145.632 E.05876
G1 X130.31 Y145.632 E.15841
M204 S4000
G1 X130.31 Y145.632 F15000
G1 X130.777 Y145.225
M204 S2500
;TYPE:External perimeter
G1 F800
G1 X130.777 Y146.5 E.04316
G1 X130.777 Y147.775 E.04316
G1 X125.223 Y147.775 E.188
G1 X125.223 Y145.225 E.08631
G1 X130.717 Y145.225 E.18597
M204 S4000
G1 X130.776 Y145.621 F15000
G1 E-2 F2400
G1 X126.319 Y146.32 F15000
G1 E2 F2400
;TYPE:Solid infill
;WIDTH:0.402004
G1 F800
G1 X126.319 Y146.68 E.01075
G1 X129.681 Y146.68 E.10038
G1 X129.681 Y146.32 E.01075
G1 X126.522 Y146.32 E.09432
G1 E-2 F2400
G1 X126.522 Y146.32 F15000
G1 X136.961 Y146.039
G1 E2 F2400
M204 S2500
;TYPE:Perimeter
;WIDTH:0.449999
G1 F800
G1 X136.961 Y146.5 E.0156
G1 X136.961 Y146.961 E.0156
G1 X136.038 Y146.961 E.03124
G1 X136.038 Y146.039 E.03121
G1 X136.901 Y146.039 E.02921
M204 S4000
G1 X136.901 Y146.039 F15000
G1 X137.368 Y145.632
M204 S2500
G1 F800
G1 X137.368 Y146.5 E.02938
G1 X137.368 Y147.368 E.02938
G1 X135.63 Y147.368 E.05883
G1 X135.63 Y145.632 E.05876
G1 X137.308 Y145.632 E.0568
M204 S4000
G1 X137.775 Y145.225 F15000
M204 S2500
;TYPE:External perimeter
G1 F800
G1 X137.775 Y146.5 E.04316
G1 X137.775 Y147.775 E.04316
G1 X135.223 Y147.775 E.08638
G1 X135.223 Y145.225 E.08631
G1 X137.715 Y145.225 E.08435
M204 S4000
G1 X137.774 Y145.621 F15000
G1 X136.319 Y146.32
;TYPE:Solid infill
;WIDTH:0.402003
G1 F800
G1 X136.319 Y146.68 E.01075
G1 X136.68 Y146.68 E.01078
G1 X136.68 Y146.32 E.01075
G1 X136.522 Y146.32 E.00472
;LAYER_CHANGE
;Z:23.25
;HEIGHT:0.200001
G1 Z23.25 F15000
G1 E-2 F2400
G1 Z23.25 F15000
G1 X119.967 Y146.039
G1 Z23.25
G1 E2 F2400
M204 S2500
;TYPE:Perimeter
;WIDTH:0.449999
G1 F801
G1 X119.967 Y146.5 E.0156
G1 X119.967 Y146.961 E.0156
G1 X119.039 Y146.961 E.03141
G1 X119.039 Y146.039 E.03121
G1 X119.907 Y146.039 E.02938
M204 S4000
G1 X119.907 Y146.039 F15000
G1 X120.374 Y145.632
M204 S2500
G1 F801
G1 X120.374 Y146.5 E.02938
G1 X120.374 Y147.368 E.02938
G1 X118.632 Y147.368 E.05896
G1 X118.632 Y145.632 E.05876
G1 X120.314 Y145.632 E.05693
M204 S4000
G1 X120.781 Y145.225 F15000
M204 S2500
;TYPE:External perimeter
G1 F801
G1 X120.781 Y146.5 E.04316
G1 X120.781 Y147.775 E.04316
G1 X118.225 Y147.775 E.08652
G1 X118.225 Y145.225 E.08631
G1 X120.721 Y145.225 E.08449
M204 S4000
G1 X120.781 Y145.621 F15000
G1 X119.686 Y146.32
;TYPE:Solid infill
;WIDTH:0.402003
G1 F801
G1 X119.32 Y146.32 E.01093
G1 X119.32 Y146.68 E.01075
G1 X119.686 Y146.68 E.01093
G1 X119.686 Y146.524 E.00466
G1 E-2 F2400
G1 X119.686 Y146.524 F15000
G1 X129.967 Y146.039
G1 E2 F2400
M204 S2500
;TYPE:Perimeter
;WIDTH:0.449999
G1 F801
G1 X129.967 Y146.5 E.0156
G1 X129.967 Y146.961 E.0156
G1 X126.033 Y146.961 E.13316
G1 X126.033 Y146.039 E.03121
G1 X129.907 Y146.039 E.13113
M204 S4000
G1 X129.907 Y146.039 F15000
G1 X130.374 Y145.632
M204 S2500
G1 F801
G1 X130.374 Y146.5 E.02938
G1 X130.374 Y147.368 E.02938
G1 X125.626 Y147.368 E.16071
G1 X125.626 Y145.632 E.05876
G1 X130.314 Y145.632 E.15868
M204 S4000
G1 X130.781 Y145.225 F15000
M204 S2500
;TYPE:External perimeter
G1 F801
G1 X130.781 Y146.5 E.04316
G1 X130.781 Y147.775 E.04316
G1 X125.219 Y147.775 E.18827
G1 X125.219 Y145.225 E.08631
G1 X130.721 Y145.225 E.18624
M204 S4000
G1 X130.781 Y145.621 F15000
G1 E-2 F2400
G1 X126.314 Y146.32 F15000
G1 E2 F2400
;TYPE:Solid infill
;WIDTH:0.402002
G1 F801
G1 X126.314 Y146.68 E.01075
G1 X129.686 Y146.68 E.10068
G1 X129.686 Y146.32 E.01075
G1 X126.518 Y146.32 E.09459
G1 E-2 F2400
G1 X126.518 Y146.32 F15000
G1 X136.961 Y146.039
G1 E2 F2400
M204 S2500
;TYPE:Perimeter
;WIDTH:0.449999
G1 F801
G1 X136.961 Y146.5 E.0156
G1 X136.961 Y146.961 E.0156
G1 X136.033 Y146.961 E.03141
G1 X136.033 Y146.039 E.03121
G1 X136.901 Y146.039 E.02938
M204 S4000
G1 X136.901 Y146.039 F15000
G1 X137.368 Y145.632
M204 S2500
G1 F801
G1 X137.368 Y146.5 E.02938
G1 X137.368 Y147.368 E.02938
G1 X135.626 Y147.368 E.05896
G1 X135.626 Y145.632 E.05876
G1 X137.308 Y145.632 E.05693
M204 S4000
G1 X137.775 Y145.225 F15000
M204 S2500
;TYPE:External perimeter
G1 F801
G1 X137.775 Y146.5 E.04316
G1 X137.775 Y147.775 E.04316
G1 X135.219 Y147.775 E.08652
G1 X135.219 Y145.225 E.08631
G1 X137.715 Y145.225 E.08449
M204 S4000
G1 X137.774 Y145.621 F15000
G1 X136.68 Y146.32
;TYPE:Solid infill
;WIDTH:0.402003
G1 F801
G1 X136.314 Y146.32 E.01093
G1 X136.314 Y146.68 E.01075
G1 X136.68 Y146.68 E.01093
G1 X136.68 Y146.524 E.00466
;LAYER_CHANGE
;Z:23.45
;HEIGHT:0.200001
G1 Z23.45 F15000
G1 E-2 F2400
G1 Z23.45 F15000
G1 X119.993 Y146.039
G1 Z23.45
G1 E2 F2400
M204 S2500
;TYPE:Perimeter
;WIDTH:0.449999
G1 F808
G1 X119.993 Y146.5 E.0156
G1 X119.993 Y146.961 E.0156
G1 X119.039 Y146.961 E.03229
G1 X119.039 Y146.039 E.03121
G1 X119.933 Y146.039 E.03026
M204 S4000
G1 X119.933 Y146.039 F15000
G1 X120.4 Y145.632
M204 S2500
G1 F808
G1 X120.4 Y146.5 E.02938
G1 X120.4 Y147.368 E.02938
G1 X118.632 Y147.368 E.05984
G1 X118.632 Y145.632 E.05876
G1 X120.34 Y145.632 E.05781
M204 S4000
G1 X120.34 Y145.632 F15000
G1 X120.807 Y145.225
M204 S2500
;TYPE:External perimeter
G1 F808
G1 X120.807 Y146.5 E.04316
G1 X120.807 Y147.775 E.04316
G1 X118.225 Y147.775 E.0874
G1 X118.225 Y145.225 E.08631
G1 X120.747 Y145.225 E.08537
M204 S4000
G1 X120.806 Y145.621 F15000
G1 X119.32 Y146.32
;TYPE:Solid infill
;WIDTH:0.402004
G1 F808
G1 X119.32 Y146.68 E.01075
G1 X119.711 Y146.68 E.01167
G1 X119.711 Y146.32 E.01075
G1 X119.524 Y146.32 E.00558
G1 E-2 F2400
G1 X119.524 Y146.32 F15000
G1 X129.993 Y146.039
G1 E2 F2400
M204 S2500
;TYPE:Perimeter
;WIDTH:0.449999
G1 F808
G1 X129.993 Y146.5 E.0156
G1 X129.993 Y146.961 E.0156
G1 X126.007 Y146.961 E.13492
G1 X126.007 Y146.039 E.03121
G1 X129.933 Y146.039 E.13289
M204 S4000
G1 X129.933 Y146.039 F15000
G1 X130.4 Y145.632
M204 S2500
G1 F808
G1 X130.4 Y146.5 E.02938
G1 X130.4 Y147.368 E.02938
G1 X125.6 Y147.368 E.16247
G1 X125.6 Y145.632 E.05876
G1 X130.34 Y145.632 E.16044
M204 S4000
G1 X130.34 Y145.632 F15000
G1 X130.807 Y145.225
M204 S2500
;TYPE:External perimeter
G1 F808
G1 X130.807 Y146.5 E.04316
G1 X130.807 Y147.775 E.04316
G1 X125.193 Y147.775 E.19003
G1 X125.193 Y145.225 E.08631
G1 X130.747 Y145.225 E.188
M204 S4000
G1 X130.806 Y145.621 F15000
G1 E-2 F2400
G1 X126.289 Y146.32 F15000
G1 E2 F2400
;TYPE:Solid infill
;WIDTH:0.402004
G1 F808
G1 X126.289 Y146.68 E.01075
G1 X129.711 Y146.68 E.10217
G1 X129.711 Y146.32 E.01075
G1 X126.492 Y146.32 E.09611
G1 E-2 F2400
G1 X126.492 Y146.32 F15000
G1 X136.961 Y146.039
G1 E2 F2400
M204 S2500
;TYPE:Perimeter
;WIDTH:0.449999
G1 F808
G1 X136.961 Y146.5 E.0156
G1 X136.961 Y146.961 E.0156
G1 X136.007 Y146.961 E.03229
G1 X136.007 Y146.039 E.03121
G1 X136.901 Y146.039 E.03026
M204 S4000
G1 X136.901 Y146.039 F15000
G1 X137.368 Y145.632
M204 S2500
G1 F808
G1 X137.368 Y146.5 E.02938
G1 X137.368 Y147.368 E.02938
G1 X135.6 Y147.368 E.05984
G1 X135.6 Y145.632 E.05876
G1 X137.308 Y145.632 E.05781
M204 S4000
G1 X137.775 Y145.225 F15000
M204 S2500
;TYPE:External perimeter
G1 F808
G1 X137.775 Y146.5 E.04316
G1 X137.775 Y147.775 E.04316
G1 X135.193 Y147.775 E.0874
G1 X135.193 Y145.225 E.08631
G1 X137.715 Y145.225 E.08537
M204 S4000
G1 X137.774 Y145.621 F15000
G1 X136.289 Y146.32
;TYPE:Solid infill
;WIDTH:0.402004
G1 F808
G1 X136.289 Y146.68 E.01075
G1 X136.68 Y146.68 E.01167
G1 X136.68 Y146.32 E.01075
G1 X136.492 Y146.32 E.00561
;LAYER_CHANGE
;Z:23.65
;HEIGHT:0.199999
G1 Z23.65 F15000
G1 E-2 F2400
G1 Z23.65 F15000
G1 X120.039 Y146.039
G1 Z23.65
G1 E2 F2400
M204 S2500
;TYPE:Perimeter
;WIDTH:0.449999
G1 F792
G1 X120.039 Y146.5 E.0156
G1 X120.039 Y146.961 E.0156
G1 X119.039 Y146.961 E.03385
G1 X119.039 Y146.039 E.03121
G1 X119.979 Y146.039 E.03182
M204 S4000
G1 X119.979 Y146.039 F15000
G1 X120.446 Y145.632
M204 S2500
G1 F792
G1 X120.446 Y146.5 E.02938
G1 X120.446 Y147.368 E.02938
G1 X118.632 Y147.368 E.0614
G1 X118.632 Y145.632 E.05876
G1 X120.386 Y145.632 E.05937
M204 S4000
G1 X120.386 Y145.632 F15000
G1 X120.853 Y145.225
M204 S2500
;TYPE:External perimeter
G1 F792
G1 X120.853 Y146.5 E.04316
G1 X120.853 Y147.775 E.04316
G1 X118.225 Y147.775 E.08895
G1 X118.225 Y145.225 E.08631
G1 X120.793 Y145.225 E.08692
M204 S4000
G1 X120.852 Y145.621 F15000
G1 X119.758 Y146.32
;TYPE:Solid infill
;WIDTH:0.402002
G1 F792
G1 X119.32 Y146.32 E.01308
G1 X119.32 Y146.68 E.01075
G1 X119.758 Y146.68 E.01308
G1 X119.758 Y146.524 E.00466
G1 E-2 F2400
G1 X119.758 Y146.524 F15000
G1 X130.039 Y146.039
G1 E2 F2400
M204 S2500
;TYPE:Perimeter
;WIDTH:0.449999
G1 F792
G1 X130.039 Y146.5 E.0156
G1 X130.039 Y146.961 E.0156
G1 X125.961 Y146.961 E.13804
G1 X125.961 Y146.039 E.03121
G1 X129.979 Y146.039 E.136
M204 S4000
G1 X129.979 Y146.039 F15000
G1 X130.446 Y145.632
M204 S2500
G1 F792
G1 X130.446 Y146.5 E.02938
G1 X130.446 Y147.368 E.02938
G1 X125.554 Y147.368 E.16559
G1 X125.554 Y145.632 E.05876
G1 X130.386 Y145.632 E.16356
M204 S4000
G1 X130.386 Y145.632 F15000
G1 X130.853 Y145.225
M204 S2500
;TYPE:External perimeter
G1 F792
G1 X130.853 Y146.5 E.04316
G1 X130.853 Y147.775 E.04316
G1 X125.147 Y147.775 E.19314
G1 X125.147 Y145.225 E.08631
G1 X130.793 Y145.225 E.19111
M204 S4000
G1 X130.852 Y145.621 F15000
G1 X129.758 Y146.32
;TYPE:Solid infill
;WIDTH:0.402003
G1 F792
G1 X126.242 Y146.32 E.10498
G1 X126.242 Y146.68 E.01075
G1 X129.758 Y146.68 E.10498
G1 X129.758 Y146.524 E.00466
G1 E-2 F2400
G1 X129.758 Y146.524 F15000
G1 X136.961 Y146.039
G1 E2 F2400
M204 S2500
;TYPE:Perimeter
;WIDTH:0.449999
G1 F792
G1 X136.961 Y146.5 E.0156
G1 X136.961 Y146.961 E.0156
G1 X135.961 Y146.961 E.03385
G1 X135.961 Y146.039 E.03121
G1 X136.901 Y146.039 E.03182
M204 S4000
G1 X136.901 Y146.039 F15000
G1 X137.368 Y145.632
M204 S2500
G1 F792
G1 X137.368 Y146.5 E.02938
G1 X137.368 Y147.368 E.02938
G1 X135.554 Y147.368 E.0614
G1 X135.554 Y145.632 E.05876
G1 X137.308 Y145.632 E.05937
M204 S4000
G1 X137.775 Y145.225 F15000
M204 S2500
;TYPE:External perimeter
G1 F792
G1 X137.775 Y146.5 E.04316
G1 X137.775 Y147.775 E.04316
G1 X135.147 Y147.775 E.08895
G1 X135.147 Y145.225 E.08631
G1 X137.715 Y145.225 E.08692
M204 S4000
G1 X137.774 Y145.621 F15000
G1 X136.242 Y146.32
;TYPE:Solid infill
;WIDTH:0.402002
G1 F792
G1 X136.242 Y146.68 E.01075
G1 X136.68 Y146.68 E.01308
G1 X136.68 Y146.32 E.01075
G1 X136.446 Y146.32 E.00699
;LAYER_CHANGE
;Z:23.85
;HEIGHT:0.200001
G1 Z23.85 F15000
G1 E-2 F2400
G1 Z23.85 F15000
G1 X120.107 Y146.039
G1 Z23.85
G1 E2 F2400
M204 S2500
;TYPE:Perimeter
;WIDTH:0.449999
G1 F839
G1 X120.107 Y146.5 E.0156
G1 X120.107 Y146.961 E.0156
G1 X119.039 Y146.961 E.03615
G1 X119.039 Y146.039 E.03121
G1 X120.047 Y146.039 E.03412
M204 S4000
G1 X120.047 Y146.039 F15000
G1 X120.514 Y145.632
M204 S2500
G1 F839
G1 X120.514 Y146.5 E.02938
G1 X120.514 Y147.368 E.02938
G1 X118.632 Y147.368 E.0637
G1 X118.632 Y145.632 E.05876
G1 X120.454 Y145.632 E.06167
M204 S4000
G1 X120.454 Y145.632 F15000
G1 X120.921 Y145.225
M204 S2500
;TYPE:External perimeter
G1 F839
G1 X120.921 Y146.5 E.04316
G1 X120.921 Y147.775 E.04316
G1 X118.225 Y147.775 E.09126
G1 X118.225 Y145.225 E.08631
G1 X120.861 Y145.225 E.08923
M204 S4000
G1 X120.921 Y145.621 F15000
G1 X119.32 Y146.68
;TYPE:Solid infill
;WIDTH:0.402003
G1 F839
G1 X119.826 Y146.68 E.01511
G1 X119.826 Y146.32 E.01075
G1 X119.32 Y146.32 E.01511
G1 X119.32 Y146.476 E.00466
G1 E-2 F2400
G1 X119.32 Y146.476 F15000
G1 X130.107 Y146.039
G1 E2 F2400
M204 S2500
;TYPE:Perimeter
;WIDTH:0.449999
G1 F839
G1 X130.107 Y146.5 E.0156
G1 X130.107 Y146.961 E.0156
G1 X125.893 Y146.961 E.14264
G1 X125.893 Y146.039 E.03121
G1 X130.047 Y146.039 E.14061
M204 S4000
G1 X130.047 Y146.039 F15000
G1 X130.514 Y145.632
M204 S2500
G1 F839
G1 X130.514 Y146.5 E.02938
G1 X130.514 Y147.368 E.02938
G1 X125.486 Y147.368 E.17019
G1 X125.486 Y145.632 E.05876
G1 X130.454 Y145.632 E.16816
M204 S4000
G1 X130.454 Y145.632 F15000
G1 X130.921 Y145.225
M204 S2500
;TYPE:External perimeter
G1 F839
G1 X130.921 Y146.5 E.04316
G1 X130.921 Y147.775 E.04316
G1 X125.079 Y147.775 E.19774
G1 X125.079 Y145.225 E.08631
G1 X130.861 Y145.225 E.19571
M204 S4000
G1 X130.921 Y145.621 F15000
G1 E-2 F2400
G1 X126.174 Y146.32 F15000
G1 E2 F2400
;TYPE:Solid infill
;WIDTH:0.402004
G1 F839
G1 X126.174 Y146.68 E.01075
G1 X129.826 Y146.68 E.10904
G1 X129.826 Y146.32 E.01075
G1 X126.378 Y146.32 E.10295
G1 E-2 F2400
G1 X126.378 Y146.32 F15000
G1 X136.961 Y146.039
G1 E2 F2400
M204 S2500
;TYPE:Perimeter
;WIDTH:0.449999
G1 F839
G1 X136.961 Y146.5 E.0156
G1 X136.961 Y146.961 E.0156
G1 X135.893 Y146.961 E.03615
G1 X135.893 Y146.039 E.03121
G1 X136.901 Y146.039 E.03412
M204 S4000
G1 X136.901 Y146.039 F15000
G1 X137.368 Y145.632
M204 S2500
G1 F839
G1 X137.368 Y146.5 E.02938
G1 X137.368 Y147.368 E.02938
G1 X135.486 Y147.368 E.0637
G1 X135.486 Y145.632 E.05876
G1 X137.308 Y145.632 E.06167
M204 S4000
G1 X137.775 Y145.225 F15000
M204 S2500
;TYPE:External perimeter
G1 F839
G1 X137.775 Y146.5 E.04316
G1 X137.775 Y147.775 E.04316
G1 X135.079 Y147.775 E.09126
G1 X135.079 Y145.225 E.08631
G1 X137.715 Y145.225 E.08923
M204 S4000
G1 X137.774 Y145.621 F15000
G1 X136.174 Y146.32
;TYPE:Solid infill
;WIDTH:0.402004
G1 F839
G1 X136.174 Y146.68 E.01075
G1 X136.68 Y146.68 E.01511
G1 X136.68 Y146.32 E.01075
G1 X136.378 Y146.32 E.00902
;LAYER_CHANGE
;Z:24.05
;HEIGHT:0.199999
G1 Z24.05 F15000
G1 E-2 F2400
G1 Z24.05 F15000
G1 X120.202 Y146.039
G1 Z24.05
G1 E2 F2400
M204 S2500
;TYPE:Perimeter
;WIDTH:0.449999
G1 F834
G1 X120.202 Y146.5 E.0156
G1 X120.202 Y146.961 E.0156
G1 X119.039 Y146.961 E.03937
G1 X119.039 Y146.039 E.03121
G1 X120.142 Y146.039 E.03734
M204 S4000
G1 X120.142 Y146.039 F15000
G1 X120.609 Y145.632
M204 S2500
G1 F834
G1 X120.609 Y146.5 E.02938
G1 X120.609 Y147.368 E.02938
G1 X118.632 Y147.368 E.06692
G1 X118.632 Y145.632 E.05876
G1 X120.549 Y145.632 E.06489
M204 S4000
G1 X120.549 Y145.632 F15000
G1 X121.016 Y145.225
M204 S2500
;TYPE:External perimeter
G1 F834
G1 X121.016 Y146.5 E.04316
G1 X121.016 Y147.775 E.04316
G1 X118.225 Y147.775 E.09447
G1 X118.225 Y145.225 E.08631
G1 X120.956 Y145.225 E.09244
M204 S4000
G1 X121.016 Y145.621 F15000
G1 X119.921 Y146.32
;TYPE:Solid infill
;WIDTH:0.402003
G1 F834
G1 X119.32 Y146.32 E.01794
G1 X119.32 Y146.68 E.01075
G1 X119.921 Y146.68 E.01794
G1 X119.921 Y146.524 E.00466
G1 E-2 F2400
G1 X119.921 Y146.524 F15000
G1 X130.202 Y146.039
G1 E2 F2400
M204 S2500
;TYPE:Perimeter
;WIDTH:0.449999
G1 F834
G1 X130.202 Y146.5 E.0156
G1 X130.202 Y146.961 E.0156
G1 X125.798 Y146.961 E.14907
G1 X125.798 Y146.039 E.03121
G1 X130.142 Y146.039 E.14704
M204 S4000
G1 X130.142 Y146.039 F15000
G1 X130.609 Y145.632
M204 S2500
G1 F834
G1 X130.609 Y146.5 E.02938
G1 X130.609 Y147.368 E.02938
G1 X125.391 Y147.368 E.17662
G1 X125.391 Y145.632 E.05876
G1 X130.549 Y145.632 E.17459
M204 S4000
G1 X130.549 Y145.632 F15000
G1 X131.016 Y145.225
M204 S2500
;TYPE:External perimeter
G1 F834
G1 X131.016 Y146.5 E.04316
G1 X131.016 Y147.775 E.04316
G1 X124.984 Y147.775 E.20418
G1 X124.984 Y145.225 E.08631
G1 X130.956 Y145.225 E.20214
M204 S4000
G1 X131.016 Y145.621 F15000
G1 X129.921 Y146.32
;TYPE:Solid infill
;WIDTH:0.402003
G1 F834
G1 X126.079 Y146.32 E.11471
G1 X126.079 Y146.68 E.01075
G1 X129.921 Y146.68 E.11471
G1 X129.921 Y146.524 E.00466
G1 E-2 F2400
G1 X129.921 Y146.524 F15000
G1 X136.961 Y146.039
G1 E2 F2400
M204 S2500
;TYPE:Perimeter
;WIDTH:0.449999
G1 F834
G1 X136.961 Y146.5 E.0156
G1 X136.961 Y146.961 E.0156
G1 X135.798 Y146.961 E.03937
G1 X135.798 Y146.039 E.03121
G1 X136.901 Y146.039 E.03734
M204 S4000
G1 X136.901 Y146.039 F15000
G1 X137.368 Y145.632
M204 S2500
G1 F834
G1 X137.368 Y146.5 E.02938
G1 X137.368 Y147.368 E.02938
G1 X135.391 Y147.368 E.06692
G1 X135.391 Y145.632 E.05876
G1 X137.308 Y145.632 E.06489
M204 S4000
G1 X137.775 Y145.225 F15000
M204 S2500
;TYPE:External perimeter
G1 F834
G1 X137.775 Y146.5 E.04316
G1 X137.775 Y147.775 E.04316
G1 X134.984 Y147.775 E.09447
G1 X134.984 Y145.225 E.08631
G1 X137.715 Y145.225 E.09244
M204 S4000
G1 X137.774 Y145.621 F15000
G1 X136.079 Y146.32
;TYPE:Solid infill
;WIDTH:0.402002
G1 F834
G1 X136.079 Y146.68 E.01075
G1 X136.68 Y146.68 E.01794
G1 X136.68 Y146.32 E.01075
G1 X136.283 Y146.32 E.01185
;LAYER_CHANGE
;Z:24.25
;HEIGHT:0.200001
G1 Z24.25 F15000
G1 E-2 F2400
G1 Z24.25 F15000
G1 X120.326 Y146.039
G1 Z24.25
G1 E2 F2400
M204 S2500
;TYPE:Perimeter
;WIDTH:0.449999
G1 F900
G1 X120.326 Y146.5 E.0156
G1 X120.326 Y146.961 E.0156
G1 X119.039 Y146.961 E.04356
G1 X119.039 Y146.039 E.03121
G1 X120.266 Y146.039 E.04153
M204 S4000
G1 X120.266 Y146.039 F15000
G1 X120.733 Y145.632
M204 S2500
G1 F900
G1 X120.733 Y146.5 E.02938
G1 X120.733 Y147.368 E.02938
G1 X118.632 Y147.368 E.07112
G1 X118.632 Y145.632 E.05876
G1 X120.673 Y145.632 E.06909
M204 S4000
G1 X120.673 Y145.632 F15000
G1 X121.14 Y145.225
M204 S2500
;TYPE:External perimeter
G1 F900
G1 X121.14 Y146.5 E.04316
G1 X121.14 Y147.775 E.04316
G1 X118.225 Y147.775 E.09867
G1 X118.225 Y145.225 E.08631
G1 X121.08 Y145.225 E.09664
M204 S4000
G1 X121.139 Y145.621 F15000
G1 E-2 F2400
G1 X119.32 Y146.68 F15000
G1 E2 F2400
;TYPE:Solid infill
;WIDTH:0.402003
G1 F1098
G1 X120.044 Y146.68 E.02162
G1 X120.044 Y146.32 E.01075
G1 X119.32 Y146.32 E.02162
G1 X119.32 Y146.476 E.00466
G1 E-2 F2400
G1 X119.32 Y146.476 F15000
G1 X130.326 Y146.039
G1 E2 F2400
M204 S2500
;TYPE:Perimeter
;WIDTH:0.449999
G1 F900
G1 X130.326 Y146.5 E.0156
G1 X130.326 Y146.961 E.0156
G1 X125.674 Y146.961 E.15746
G1 X125.674 Y146.039 E.03121
G1 X130.266 Y146.039 E.15543
M204 S4000
G1 X130.266 Y146.039 F15000
G1 X130.733 Y145.632
M204 S2500
G1 F900
G1 X130.733 Y146.5 E.02938
G1 X130.733 Y147.368 E.02938
G1 X125.267 Y147.368 E.18502
G1 X125.267 Y145.632 E.05876
G1 X130.673 Y145.632 E.18299
M204 S4000
G1 X130.673 Y145.632 F15000
G1 X131.14 Y145.225
M204 S2500
;TYPE:External perimeter
G1 F900
G1 X131.14 Y146.5 E.04316
G1 X131.14 Y147.775 E.04316
G1 X124.86 Y147.775 E.21257
G1 X124.86 Y145.225 E.08631
G1 X131.08 Y145.225 E.21054
M204 S4000
G1 X131.139 Y145.621 F15000
G1 E-2 F2400
G1 X125.956 Y146.32 F15000
G1 E2 F2400
;TYPE:Solid infill
;WIDTH:0.402004
G1 F1098
G1 X125.956 Y146.68 E.01075
G1 X130.044 Y146.68 E.12206
G1 X130.044 Y146.32 E.01075
G1 X126.159 Y146.32 E.116
G1 E-2 F2400
G1 X126.159 Y146.32 F15000
G1 X136.961 Y146.039
G1 E2 F2400
M204 S2500
;TYPE:Perimeter
;WIDTH:0.449999
G1 F900
G1 X136.961 Y146.5 E.0156
G1 X136.961 Y146.961 E.0156
G1 X135.674 Y146.961 E.04356
G1 X135.674 Y146.039 E.03121
G1 X136.901 Y146.039 E.04153
M204 S4000
G1 X136.901 Y146.039 F15000
G1 X137.368 Y145.632
M204 S2500
G1 F900
G1 X137.368 Y146.5 E.02938
G1 X137.368 Y147.368 E.02938
G1 X135.267 Y147.368 E.07112
G1 X135.267 Y145.632 E.05876
G1 X137.308 Y145.632 E.06909
M204 S4000
G1 X137.775 Y145.225 F15000
M204 S2500
;TYPE:External perimeter
G1 F900
G1 X137.775 Y146.5 E.04316
G1 X137.775 Y147.775 E.04316
G1 X134.86 Y147.775 E.09867
G1 X134.86 Y145.225 E.08631
G1 X137.715 Y145.225 E.09664
M204 S4000
G1 X137.774 Y145.621 F15000
G1 X135.956 Y146.32
;TYPE:Solid infill
;WIDTH:0.402004
G1 F1098
G1 X135.956 Y146.68 E.01075
G1 X136.68 Y146.68 E.02162
G1 X136.68 Y146.32 E.01075
G1 X136.159 Y146.32 E.01556
;LAYER_CHANGE
;Z:24.45
;HEIGHT:0.200001
G1 Z24.45 F15000
G1 X135.514 Y146.039
G1 Z24.45
M204 S2500
;TYPE:Perimeter
;WIDTH:0.449999
G1 F870
G1 X136.961 Y146.039 E.04898
G1 X136.961 Y146.5 E.0156
G1 X136.961 Y146.961 E.0156
G1 X135.514 Y146.961 E.04898
G1 X135.514 Y146.099 E.02918
M204 S4000
G1 X135.514 Y146.099 F15000
G1 X135.106 Y145.632
M204 S2500
G1 F870
G1 X137.368 Y145.632 E.07657
G1 X137.368 Y146.5 E.02938
G1 X137.368 Y147.368 E.02938
G1 X135.106 Y147.368 E.07657
G1 X135.106 Y145.692 E.05673
M204 S4000
G1 X135.106 Y145.692 F15000
G1 X134.699 Y145.225
M204 S2500
;TYPE:External perimeter
G1 F870
G1 X137.775 Y145.225 E.10412
G1 X137.775 Y146.5 E.04316
G1 X137.775 Y147.775 E.04316
G1 X134.699 Y147.775 E.10412
G1 X134.699 Y145.285 E.08428
M204 S4000
G1 X135.095 Y145.226 F15000
G1 X136.68 Y146.32
;TYPE:Solid infill
;WIDTH:0.402003
G1 F870
G1 X135.795 Y146.32 E.02642
G1 X135.795 Y146.68 E.01075
G1 X136.68 Y146.68 E.02642
G1 X136.68 Y146.524 E.00466
G1 E-2 F2400
G1 X136.68 Y146.524 F15000
G1 X130.486 Y146.039
G1 E2 F2400
M204 S2500
;TYPE:Perimeter
;WIDTH:0.449999
G1 F870
G1 X130.486 Y146.5 E.0156
G1 X130.486 Y146.961 E.0156
G1 X125.514 Y146.961 E.1683
G1 X125.514 Y146.039 E.03121
G1 X130.426 Y146.039 E.16627
M204 S4000
G1 X130.426 Y146.039 F15000
G1 X130.894 Y145.632
M204 S2500
G1 F870
G1 X130.894 Y146.5 E.02938
G1 X130.894 Y147.368 E.02938
G1 X125.106 Y147.368 E.19592
G1 X125.106 Y145.632 E.05876
G1 X130.834 Y145.632 E.19389
M204 S4000
G1 X130.834 Y145.632 F15000
G1 X131.301 Y145.225
M204 S2500
;TYPE:External perimeter
G1 F870
G1 X131.301 Y146.5 E.04316
G1 X131.301 Y147.775 E.04316
G1 X124.699 Y147.775 E.22347
G1 X124.699 Y145.225 E.08631
G1 X131.241 Y145.225 E.22144
M204 S4000
G1 X131.3 Y145.621 F15000
G1 X130.205 Y146.32
;TYPE:Solid infill
;WIDTH:0.402003
G1 F870
G1 X125.795 Y146.32 E.13167
G1 X125.795 Y146.68 E.01075
G1 X130.205 Y146.68 E.13167
G1 X130.205 Y146.524 E.00466
G1 E-2 F2400
G1 X130.205 Y146.524 F15000
G1 X120.486 Y146.039
G1 E2 F2400
M204 S2500
;TYPE:Perimeter
;WIDTH:0.449999
G1 F870
G1 X120.486 Y146.5 E.0156
G1 X120.486 Y146.961 E.0156
G1 X119.039 Y146.961 E.04898
G1 X119.039 Y146.039 E.03121
G1 X120.426 Y146.039 E.04695
M204 S4000
G1 X120.426 Y146.039 F15000
G1 X120.894 Y145.632
M204 S2500
G1 F870
G1 X120.894 Y146.5 E.02938
G1 X120.894 Y147.368 E.02938
G1 X118.632 Y147.368 E.07657
G1 X118.632 Y145.632 E.05876
G1 X120.834 Y145.632 E.07453
M204 S4000
G1 X120.834 Y145.632 F15000
G1 X121.301 Y145.225
M204 S2500
;TYPE:External perimeter
G1 F870
G1 X121.301 Y146.5 E.04316
G1 X121.301 Y147.775 E.04316
G1 X118.225 Y147.775 E.10412
G1 X118.225 Y145.225 E.08631
G1 X121.241 Y145.225 E.10209
M204 S4000
G1 X121.3 Y145.621 F15000
G1 X120.205 Y146.32
;TYPE:Solid infill
;WIDTH:0.402003
G1 F870
G1 X119.32 Y146.32 E.02642
G1 X119.32 Y146.68 E.01075
G1 X120.205 Y146.68 E.02642
G1 X120.205 Y146.524 E.00466
;LAYER_CHANGE
;Z:24.65
;HEIGHT:0.199999
G1 Z24.65 F15000
G1 X120.699 Y146.039
G1 Z24.65
M204 S2500
;TYPE:Perimeter
;WIDTH:0.449999
G1 F900
G1 X120.699 Y146.5 E.0156
G1 X120.699 Y146.961 E.0156
G1 X119.039 Y146.961 E.05619
G1 X119.039 Y146.039 E.03121
G1 X120.639 Y146.039 E.05416
M204 S4000
G1 X120.639 Y146.039 F15000
G1 X121.106 Y145.632
M204 S2500
G1 F900
G1 X121.106 Y146.5 E.02938
G1 X121.106 Y147.368 E.02938
G1 X118.632 Y147.368 E.08374
G1 X118.632 Y145.632 E.05876
G1 X121.046 Y145.632 E.08171
M204 S4000
G1 X121.046 Y145.632 F15000
G1 X121.513 Y145.225
M204 S2500
;TYPE:External perimeter
G1 F900
G1 X121.513 Y146.5 E.04316
G1 X121.513 Y147.775 E.04316
G1 X118.225 Y147.775 E.11129
G1 X118.225 Y145.225 E.08631
G1 X121.453 Y145.225 E.10926
M204 S4000
G1 X121.512 Y145.621 F15000
G1 E-2 F2400
G1 X119.32 Y146.32 F15000
G1 E2 F2400
;TYPE:Solid infill
;WIDTH:0.402004
G1 F2529
G1 X119.32 Y146.68 E.01075
G1 X120.417 Y146.68 E.03275
G1 X120.417 Y146.32 E.01075
G1 X119.524 Y146.32 E.02666
G1 E-2 F2400
G1 X119.524 Y146.32 F15000
G1 X130.699 Y146.039
G1 E2 F2400
M204 S2500
;TYPE:Perimeter
;WIDTH:0.449999
G1 F900
G1 X130.699 Y146.5 E.0156
G1 X130.699 Y146.961 E.0156
G1 X125.301 Y146.961 E.18272
G1 X125.301 Y146.039 E.03121
G1 X130.639 Y146.039 E.18068
M204 S4000
G1 X130.639 Y146.039 F15000
G1 X131.106 Y145.632
M204 S2500
G1 F900
G1 X131.106 Y146.5 E.02938
G1 X131.106 Y147.368 E.02938
G1 X124.894 Y147.368 E.21027
G1 X124.894 Y145.632 E.05876
G1 X131.046 Y145.632 E.20824
M204 S4000
G1 X131.046 Y145.632 F15000
G1 X131.513 Y145.225
M204 S2500
;TYPE:External perimeter
G1 F900
G1 X131.513 Y146.5 E.04316
G1 X131.513 Y147.775 E.04316
G1 X124.487 Y147.775 E.23782
G1 X124.487 Y145.225 E.08631
G1 X131.453 Y145.225 E.23579
M204 S4000
G1 X131.512 Y145.621 F15000
G1 E-2 F2400
G1 X125.583 Y146.32 F15000
G1 E2 F2400
;TYPE:Solid infill
;WIDTH:0.402004
G1 F2529
G1 X125.583 Y146.68 E.01075
G1 X130.417 Y146.68 E.14433
G1 X130.417 Y146.32 E.01075
G1 X125.786 Y146.32 E.13827
G1 E-2 F2400
G1 X125.786 Y146.32 F15000
G1 X136.961 Y146.039
G1 E2 F2400
M204 S2500
;TYPE:Perimeter
;WIDTH:0.449999
G1 F900
G1 X136.961 Y146.5 E.0156
G1 X136.961 Y146.961 E.0156
G1 X135.301 Y146.961 E.05619
G1 X135.301 Y146.039 E.03121
G1 X136.901 Y146.039 E.05416
M204 S4000
G1 X136.901 Y146.039 F15000
G1 X137.368 Y145.632
M204 S2500
G1 F900
G1 X137.368 Y146.5 E.02938
G1 X137.368 Y147.368 E.02938
G1 X134.894 Y147.368 E.08374
G1 X134.894 Y145.632 E.05876
G1 X137.308 Y145.632 E.08171
M204 S4000
G1 X137.775 Y145.225 F15000
M204 S2500
;TYPE:External perimeter
G1 F900
G1 X137.775 Y146.5 E.04316
G1 X137.775 Y147.775 E.04316
G1 X134.487 Y147.775 E.11129
G1 X134.487 Y145.225 E.08631
G1 X137.715 Y145.225 E.10926
M204 S4000
G1 X137.774 Y145.621 F15000
G1 E-2 F2400
G1 X135.583 Y146.32 F15000
G1 E2 F2400
;TYPE:Solid infill
;WIDTH:0.402004
G1 F2529
G1 X135.583 Y146.68 E.01075
G1 X136.68 Y146.68 E.03275
G1 X136.68 Y146.32 E.01075
G1 X135.786 Y146.32 E.02669
;LAYER_CHANGE
;Z:24.85
;HEIGHT:0.200001
G1 Z24.85 F15000
G1 E-2 F2400
G1 Z24.85 F15000
G1 X119.039 Y146.039
G1 Z24.85
G1 E2 F2400
M204 S2500
;TYPE:Perimeter
;WIDTH:0.449999
G1 F900
G1 X120.994 Y146.039 E.06617
G1 X120.994 Y146.5 E.0156
G1 X120.994 Y146.961 E.0156
G1 X119.039 Y146.961 E.06617
G1 X119.039 Y146.099 E.02918
M204 S4000
G1 X119.039 Y146.099 F15000
G1 X118.632 Y145.632
M204 S2500
G1 F900
G1 X121.402 Y145.632 E.09376
G1 X121.402 Y146.5 E.02938
G1 X121.402 Y147.368 E.02938
G1 X118.632 Y147.368 E.09376
G1 X118.632 Y145.692 E.05673
M204 S4000
G1 X118.225 Y145.225 F15000
M204 S2500
;TYPE:External perimeter
G1 F900
G1 X121.809 Y145.225 E.12131
G1 X121.809 Y146.5 E.04316
G1 X121.809 Y147.775 E.04316
G1 X118.225 Y147.775 E.12131
G1 X118.225 Y145.285 E.08428
M204 S4000
G1 X118.621 Y145.226 F15000
G1 E-2 F2400
G1 X120.713 Y146.32 F15000
G1 E2 F2400
;TYPE:Solid infill
;WIDTH:0.402003
G1 F3300
G1 X119.32 Y146.32 E.04159
G1 X119.32 Y146.68 E.01075
G1 X120.713 Y146.68 E.04159
G1 X120.713 Y146.524 E.00466
G1 E-2 F2400
G1 X120.713 Y146.524 F15000
G1 X130.994 Y146.039
G1 E2 F2400
M204 S2500
;TYPE:Perimeter
;WIDTH:0.449999
G1 F900
G1 X130.994 Y146.5 E.0156
G1 X130.994 Y146.961 E.0156
G1 X125.006 Y146.961 E.20269
G1 X125.006 Y146.039 E.03121
G1 X130.934 Y146.039 E.20066
M204 S4000
G1 X130.934 Y146.039 F15000
G1 X131.402 Y145.632
M204 S2500
G1 F900
G1 X131.402 Y146.5 E.02938
G1 X131.402 Y147.368 E.02938
G1 X124.598 Y147.368 E.23031
G1 X124.598 Y145.632 E.05876
G1 X131.342 Y145.632 E.22828
M204 S4000
G1 X131.342 Y145.632 F15000
G1 X131.809 Y145.225
M204 S2500
;TYPE:External perimeter
G1 F900
G1 X131.809 Y146.5 E.04316
G1 X131.809 Y147.775 E.04316
G1 X124.191 Y147.775 E.25786
G1 X124.191 Y145.225 E.08631
G1 X131.749 Y145.225 E.25583
M204 S4000
G1 X131.808 Y145.621 F15000
G1 E-2 F2400
G1 X125.466 Y146.32 F15000
G1 E2 F2400
;TYPE:Solid infill
;WIDTH:0.402002
G1 F3300
G1 X125.287 Y146.32 E.00534
G1 X125.287 Y146.68 E.01075
G1 X130.713 Y146.68 E.16201
G1 X130.713 Y146.32 E.01075
G1 X125.67 Y146.32 E.15057
G1 E-2 F2400
G1 X125.67 Y146.32 F15000
G1 X136.961 Y146.039
G1 E2 F2400
M204 S2500
;TYPE:Perimeter
;WIDTH:0.449999
G1 F900
G1 X136.961 Y146.5 E.0156
G1 X136.961 Y146.961 E.0156
G1 X135.006 Y146.961 E.06617
G1 X135.006 Y146.039 E.03121
G1 X136.901 Y146.039 E.06414
M204 S4000
G1 X136.901 Y146.039 F15000
G1 X137.368 Y145.632
M204 S2500
G1 F900
G1 X137.368 Y146.5 E.02938
G1 X137.368 Y147.368 E.02938
G1 X134.598 Y147.368 E.09376
G1 X134.598 Y145.632 E.05876
G1 X137.308 Y145.632 E.09173
M204 S4000
G1 X137.775 Y145.225 F15000
M204 S2500
;TYPE:External perimeter
G1 F900
G1 X137.775 Y146.5 E.04316
G1 X137.775 Y147.775 E.04316
G1 X134.191 Y147.775 E.12131
G1 X134.191 Y145.225 E.08631
G1 X137.715 Y145.225 E.11928
M204 S4000
G1 X137.774 Y145.621 F15000
G1 X136.68 Y146.32
;TYPE:Solid infill
;WIDTH:0.402003
G1 F3300
G1 X135.287 Y146.32 E.04159
G1 X135.287 Y146.68 E.01075
G1 X136.68 Y146.68 E.04159
G1 X136.68 Y146.524 E.00466
;LAYER_CHANGE
;Z:25.05
;HEIGHT:0.199999
G1 Z25.05 F15000
G1 E-2 F2400
G1 Z25.05 F15000
G1 X119.039 Y146.039
G1 Z25.05
G1 E2 F2400
M204 S2500
;TYPE:Perimeter
;WIDTH:0.449999
G1 F900
G1 X121.521 Y146.039 E.08401
G1 X121.521 Y146.5 E.0156
G1 X121.521 Y146.961 E.0156
G1 X119.039 Y146.961 E.08401
G1 X119.039 Y146.099 E.02918
M204 S4000
G1 X119.039 Y146.099 F15000
G1 X118.632 Y145.632
M204 S2500
G1 F900
G1 X121.928 Y145.632 E.11157
G1 X121.928 Y146.5 E.02938
G1 X121.928 Y147.368 E.02938
G1 X118.632 Y147.368 E.11157
G1 X118.632 Y145.692 E.05673
M204 S4000
G1 X118.225 Y145.225 F15000
M204 S2500
;TYPE:External perimeter
G1 F900
G1 X122.234 Y145.225 E.1357
;TYPE:Overhang perimeter
;WIDTH:0.4
;HEIGHT:0.4
M106 S102
G1 X122.335 Y145.225 E.00528
G1 X122.335 Y146.5 E.06661
M107
M106 S102
G1 X122.335 Y147.775 E.06661
G1 X122.234 Y147.775 E.00528
M107
;TYPE:External perimeter
;WIDTH:0.449999
;HEIGHT:0.2
G1 X118.225 Y147.775 E.1357
G1 X118.225 Y145.285 E.08428
M204 S4000
G1 X118.621 Y145.226 F15000
G1 X119.32 Y146.32
;TYPE:Solid infill
;WIDTH:0.402004
G1 F3300
G1 X119.32 Y146.68 E.01075
G1 X121.24 Y146.68 E.05733
G1 X121.24 Y146.32 E.01075
G1 X119.524 Y146.32 E.05124
G1 E-2 F2400
G1 X119.524 Y146.32 F15000
G1 X131.521 Y146.039
G1 E2 F2400
M204 S2500
;TYPE:Perimeter
;WIDTH:0.449999
G1 F900
G1 X131.521 Y146.5 E.0156
G1 X131.521 Y146.961 E.0156
G1 X124.479 Y146.961 E.23836
G1 X124.479 Y146.039 E.03121
G1 X131.461 Y146.039 E.23633
M204 S4000
G1 X131.461 Y146.039 F15000
G1 X131.928 Y145.632
M204 S2500
G1 F900
G1 X131.928 Y146.5 E.02938
G1 X131.928 Y147.368 E.02938
G1 X124.072 Y147.368 E.26592
G1 X124.072 Y145.632 E.05876
G1 X131.868 Y145.632 E.26388
M204 S4000
G1 X131.868 Y145.632 F15000
G1 X132.234 Y145.225
M204 S2500
;TYPE:Overhang perimeter
;WIDTH:0.4
;HEIGHT:0.4
M106 S102
G1 F900
G1 X132.335 Y145.225 E.00528
G1 X132.335 Y146.5 E.06661
M107
M106 S102
G1 X132.335 Y147.775 E.06661
G1 X132.234 Y147.775 E.00528
M107
;TYPE:External perimeter
;WIDTH:0.449999
;HEIGHT:0.2
G1 X123.766 Y147.775 E.28663
;TYPE:Overhang perimeter
;WIDTH:0.4
;HEIGHT:0.4
M106 S102
G1 X123.665 Y147.775 E.00528
G1 X123.665 Y145.225 E.13322
G1 X123.766 Y145.225 E.00528
M107
;TYPE:External perimeter
;WIDTH:0.449999
;HEIGHT:0.2
G1 X132.174 Y145.225 E.2846
M204 S4000
G1 X132.364 Y145.577 F15000
G1 E-2 F2400
G1 X124.76 Y146.32 F15000
G1 E2 F2400
;TYPE:Solid infill
;WIDTH:0.402004
G1 F3300
G1 X124.76 Y146.68 E.01075
G1 X131.24 Y146.68 E.19348
G1 X131.24 Y146.32 E.01075
G1 X124.964 Y146.32 E.18739
G1 E-2 F2400
G1 X124.964 Y146.32 F15000
G1 X136.961 Y146.039
G1 E2 F2400
M204 S2500
;TYPE:Perimeter
;WIDTH:0.449999
G1 F900
G1 X136.961 Y146.5 E.0156
G1 X136.961 Y146.961 E.0156
G1 X134.479 Y146.961 E.08401
G1 X134.479 Y146.039 E.03121
G1 X136.901 Y146.039 E.08198
M204 S4000
G1 X136.901 Y146.039 F15000
G1 X137.368 Y145.632
M204 S2500
G1 F900
G1 X137.368 Y146.5 E.02938
G1 X137.368 Y147.368 E.02938
G1 X134.072 Y147.368 E.11157
G1 X134.072 Y145.632 E.05876
G1 X137.308 Y145.632 E.10953
M204 S4000
G1 X137.775 Y145.225 F15000
M204 S2500
;TYPE:External perimeter
G1 F900
G1 X137.775 Y146.5 E.04316
G1 X137.775 Y147.775 E.04316
G1 X133.766 Y147.775 E.1357
;TYPE:Overhang perimeter
;WIDTH:0.4
;HEIGHT:0.4
M106 S102
G1 X133.665 Y147.775 E.00528
G1 X133.665 Y145.225 E.13322
G1 X133.766 Y145.225 E.00528
M107
;TYPE:External perimeter
;WIDTH:0.449999
;HEIGHT:0.2
G1 X137.715 Y145.225 E.13367
M204 S4000
G1 X137.774 Y145.621 F15000
G1 E-2 F2400
G1 X134.76 Y146.32 F15000
G1 E2 F2400
;TYPE:Solid infill
;WIDTH:0.402004
G1 F3300
G1 X134.76 Y146.68 E.01075
G1 X136.68 Y146.68 E.05733
G1 X136.68 Y146.32 E.01075
G1 X134.964 Y146.32 E.05124
;LAYER_CHANGE
;Z:25.25
;HEIGHT:0.200001
G1 Z25.25 F15000
G1 E-2 F2400
G1 Z25.25 F15000
G1 X136.961 Y146.039
G1 Z25.25
G1 E2 F2400
M204 S2500
;TYPE:Perimeter
;WIDTH:0.449999
G1 F900
G1 X136.961 Y146.5 E.0156
G1 X136.961 Y146.961 E.0156
G1 X133.24 Y146.961 E.12595
;TYPE:Overhang perimeter
;WIDTH:0.4
;HEIGHT:0.4
M106 S102
G1 X132.76 Y146.961 E.02508
M107
;TYPE:Perimeter
;WIDTH:0.449999
;HEIGHT:0.2
G1 X123.24 Y146.961 E.32224
;TYPE:Overhang perimeter
;WIDTH:0.4
;HEIGHT:0.4
M106 S102
G1 X122.76 Y146.961 E.02508
M107
;TYPE:Perimeter
;WIDTH:0.449999
;HEIGHT:0.2
G1 X119.039 Y146.961 E.12595
G1 X119.039 Y146.039 E.03121
G1 X122.76 Y146.039 E.12595
;TYPE:Overhang perimeter
;WIDTH:0.4
;HEIGHT:0.4
M106 S102
G1 X123.24 Y146.039 E.02508
M107
;TYPE:Perimeter
;WIDTH:0.449999
;HEIGHT:0.2
G1 X132.76 Y146.039 E.32224
;TYPE:Overhang perimeter
;WIDTH:0.4
;HEIGHT:0.4
M106 S102
G1 X133.24 Y146.039 E.02508
M107
;TYPE:Perimeter
;WIDTH:0.449999
;HEIGHT:0.2
G1 X136.901 Y146.039 E.12392
M204 S4000
G1 X136.901 Y146.039 F15000
G1 X137.368 Y145.632
M204 S2500
G1 F1355
G1 X137.368 Y146.5 E.02938
G1 X137.368 Y147.368 E.02938
G1 X133.24 Y147.368 E.13973
;TYPE:Overhang perimeter
;WIDTH:0.4
;HEIGHT:0.4
M106 S102
G1 F1500
G1 X132.76 Y147.368 E.02508
M107
;TYPE:Perimeter
;WIDTH:0.449999
;HEIGHT:0.2
G1 F1355
G1 X123.24 Y147.368 E.32224
;TYPE:Overhang perimeter
;WIDTH:0.4
;HEIGHT:0.4
M106 S102
G1 F1500
G1 X122.76 Y147.368 E.02508
M107
;TYPE:Perimeter
;WIDTH:0.449999
;HEIGHT:0.2
G1 F1355
G1 X118.632 Y147.368 E.13973
G1 X118.632 Y145.632 E.05876
G1 X122.76 Y145.632 E.13973
;TYPE:Overhang perimeter
;WIDTH:0.4
;HEIGHT:0.4
M106 S102
G1 F1500
G1 X123.24 Y145.632 E.02508
M107
;TYPE:Perimeter
;WIDTH:0.449999
;HEIGHT:0.2
G1 F1355
G1 X132.76 Y145.632 E.32224
;TYPE:Overhang perimeter
;WIDTH:0.4
;HEIGHT:0.4
M106 S102
G1 F1500
G1 X133.24 Y145.632 E.02508
M107
;TYPE:Perimeter
;WIDTH:0.449999
;HEIGHT:0.2
G1 F1355
G1 X137.308 Y145.632 E.1377
M204 S4000
G1 X137.775 Y145.225 F15000
M204 S2500
;TYPE:External perimeter
G1 F1355
G1 X137.775 Y146.5 E.04316
G1 X137.775 Y147.775 E.04316
G1 X133.24 Y147.775 E.1535
;TYPE:Overhang perimeter
;WIDTH:0.4
;HEIGHT:0.4
M106 S102
G1 F1500
G1 X132.76 Y147.775 E.02508
M107
;TYPE:External perimeter
;WIDTH:0.449999
;HEIGHT:0.2
G1 F1355
G1 X123.24 Y147.775 E.32224
;TYPE:Overhang perimeter
;WIDTH:0.4
;HEIGHT:0.4
M106 S102
G1 F1500
G1 X122.76 Y147.775 E.02508
M107
;TYPE:External perimeter
;WIDTH:0.449999
;HEIGHT:0.2
G1 F1355
G1 X118.225 Y147.775 E.1535
G1 X118.225 Y145.225 E.08631
G1 X122.76 Y145.225 E.1535
;TYPE:Overhang perimeter
;WIDTH:0.4
;HEIGHT:0.4
M106 S102
G1 F1500
G1 X123.24 Y145.225 E.02508
M107
;TYPE:External perimeter
;WIDTH:0.449999
;HEIGHT:0.2
G1 F1355
G1 X132.76 Y145.225 E.32224
;TYPE:Overhang perimeter
;WIDTH:0.4
;HEIGHT:0.4
M106 S102
G1 F1500
G1 X133.24 Y145.225 E.02508
M107
;TYPE:External perimeter
;WIDTH:0.449999
;HEIGHT:0.2
G1 F1355
G1 X137.715 Y145.225 E.15147
M204 S4000
G1 X137.774 Y145.621 F15000
G1 X136.68 Y146.32
;TYPE:Solid infill
;WIDTH:0.401993
G1 F1355
G1 X135.665 Y146.32 E.0303
G1 X135.665 Y146.68 E.01075
G1 X136.68 Y146.68 E.0303
G1 X136.68 Y146.524 E.00466
G1 X136.68 Y146.524 F15000
G1 X135.463 Y146.411
M204 S2500
;TYPE:Bridge infill
;WIDTH:0.49
;HEIGHT:0.4
M106 S102
G1 F1500
G1 X130.537 Y146.411 E.3862
M107
M204 S4000
G1 X130.537 Y146.411 F15000
G1 X130.335 Y146.32
;TYPE:Solid infill
;WIDTH:0.401993
;HEIGHT:0.2
G1 F1355
G1 X125.665 Y146.32 E.13943
G1 X125.665 Y146.68 E.01075
G1 X130.335 Y146.68 E.13943
G1 X130.335 Y146.524 E.00466
G1 E-2 F2400
G1 X130.335 Y146.524 F15000
G1 X125.463 Y146.411
G1 E2 F2400
M204 S2500
;TYPE:Bridge infill
;WIDTH:0.49
;HEIGHT:0.4
M106 S102
G1 F1500
G1 X120.537 Y146.411 E.3862
M107
M204 S4000
G1 X120.537 Y146.411 F15000
G1 X120.335 Y146.32
;TYPE:Solid infill
;WIDTH:0.401993
;HEIGHT:0.2
G1 F1355
G1 X119.32 Y146.32 E.0303
G1 X119.32 Y146.68 E.01075
G1 X120.335 Y146.68 E.0303
G1 X120.335 Y146.524 E.00466
;LAYER_CHANGE
;Z:25.45
;HEIGHT:0.200001
G1 Z25.45 F15000
G1 E-2 F2400
G1 Z25.45 F15000
G1 X136.961 Y146.039
G1 Z25.45
G1 E2 F2400
M204 S2500
;TYPE:Perimeter
;WIDTH:0.449999
G1 F900
G1 X136.961 Y146.5 E.0156
G1 X136.961 Y146.961 E.0156
G1 X119.039 Y146.961 E.60664
G1 X119.039 Y146.039 E.03121
G1 X136.901 Y146.039 E.60461
M204 S4000
G1 X136.901 Y146.039 F15000
G1 X137.368 Y145.632
M204 S2500
G1 F1482
G1 X137.368 Y146.5 E.02938
G1 X137.368 Y147.368 E.02938
G1 X118.632 Y147.368 E.63419
G1 X118.632 Y145.632 E.05876
G1 X137.308 Y145.632 E.63216
M204 S4000
G1 X137.775 Y145.225 F15000
M204 S2500
;TYPE:External perimeter
G1 F1482
G1 X137.775 Y146.5 E.04316
G1 X137.775 Y147.775 E.04316
G1 X118.225 Y147.775 E.66174
G1 X118.225 Y145.225 E.08631
G1 X137.715 Y145.225 E.65971
M204 S4000
G1 X137.774 Y145.621 F15000
G1 E-2 F2400
G1 X119.32 Y146.32 F15000
G1 E2 F2400
;TYPE:Solid infill
;WIDTH:0.401994
G1 F1482
G1 X119.32 Y146.68 E.01075
G1 X136.68 Y146.68 E.51832
G1 X136.68 Y146.32 E.01075
G1 X119.524 Y146.32 E.51223
;LAYER_CHANGE
;Z:25.65
;HEIGHT:0.199999
G1 Z25.65 F15000
G1 E-2 F2400
G1 Z25.65 F15000
G1 X136.961 Y146.039
G1 Z25.65
G1 E2 F2400
M204 S2500
;TYPE:Perimeter
;WIDTH:0.449999
G1 F900
G1 X136.961 Y146.5 E.0156
G1 X136.961 Y146.961 E.0156
G1 X119.039 Y146.961 E.60664
G1 X119.039 Y146.039 E.03121
G1 X136.901 Y146.039 E.60461
M204 S4000
G1 X136.901 Y146.039 F15000
G1 X137.368 Y145.632
M204 S2500
G1 F1419
G1 X137.368 Y146.5 E.02938
G1 X137.368 Y147.368 E.02938
G1 X118.632 Y147.368 E.63419
G1 X118.632 Y145.632 E.05876
G1 X137.308 Y145.632 E.63216
M204 S4000
G1 X137.775 Y145.225 F15000
M204 S2500
;TYPE:External perimeter
G1 F1419
G1 X137.775 Y146.5 E.04316
G1 X137.775 Y147.775 E.04316
G1 X118.225 Y147.775 E.66174
G1 X118.225 Y145.225 E.08631
G1 X137.715 Y145.225 E.65971
M204 S4000
G1 X137.774 Y145.621 F15000
G1 X136.68 Y146.32
;TYPE:Solid infill
;WIDTH:0.401993
G1 F1419
G1 X119.32 Y146.32 E.51832
G1 X119.32 Y146.68 E.01075
G1 X136.68 Y146.68 E.51832
G1 X136.68 Y146.524 E.00466
;LAYER_CHANGE
;Z:25.85
;HEIGHT:0.200001
G1 Z25.85 F15000
G1 X136.961 Y146.039
G1 Z25.85
M204 S2500
;TYPE:Perimeter
;WIDTH:0.449999
G1 F900
G1 X136.961 Y146.5 E.0156
G1 X136.961 Y146.961 E.0156
G1 X119.039 Y146.961 E.60664
G1 X119.039 Y146.039 E.03121
G1 X136.901 Y146.039 E.60461
M204 S4000
G1 X136.901 Y146.039 F15000
G1 X137.368 Y145.632
M204 S2500
G1 F1395
G1 X137.368 Y146.5 E.02938
G1 X137.368 Y147.368 E.02938
G1 X118.632 Y147.368 E.63419
G1 X118.632 Y145.632 E.05876
G1 X137.308 Y145.632 E.63216
M204 S4000
G1 X137.775 Y145.225 F15000
M204 S2500
;TYPE:External perimeter
G1 F1395
G1 X137.775 Y146.5 E.04316
G1 X137.775 Y147.775 E.04316
G1 X118.225 Y147.775 E.66174
G1 X118.225 Y145.225 E.08631
G1 X137.715 Y145.225 E.65971
M204 S4000
G1 X137.774 Y145.621 F15000
G1 E-2 F2400
G1 X119.32 Y146.32 F15000
G1 E2 F2400
;TYPE:Solid infill
;WIDTH:0.401994
G1 F1395
G1 X119.32 Y146.68 E.01075
G1 X136.68 Y146.68 E.51832
G1 X136.68 Y146.32 E.01075
G1 X119.524 Y146.32 E.51223
;LAYER_CHANGE
;Z:26.05
;HEIGHT:0.199999
G1 Z26.05 F15000
G1 E-2 F2400
G1 Z26.05 F15000
G1 X136.961 Y146.039
G1 Z26.05
G1 E2 F2400
M204 S2500
;TYPE:Perimeter
;WIDTH:0.449999
G1 F900
G1 X136.961 Y146.5 E.0156
G1 X136.961 Y146.961 E.0156
G1 X119.039 Y146.961 E.60664
G1 X119.039 Y146.039 E.03121
G1 X136.901 Y146.039 E.60461
M204 S4000
G1 X136.901 Y146.039 F15000
G1 X137.368 Y145.632
M204 S2500
G1 F1419
G1 X137.368 Y146.5 E.02938
G1 X137.368 Y147.368 E.02938
G1 X118.632 Y147.368 E.63419
G1 X118.632 Y145.632 E.05876
G1 X137.308 Y145.632 E.63216
M204 S4000
G1 X137.775 Y145.225 F15000
M204 S2500
;TYPE:External perimeter
G1 F1419
G1 X137.775 Y146.5 E.04316
G1 X137.775 Y147.775 E.04316
G1 X118.225 Y147.775 E.66174
G1 X118.225 Y145.225 E.08631
G1 X137.715 Y145.225 E.65971
M204 S4000
G1 X137.774 Y145.621 F15000
G1 X136.68 Y146.32
;TYPE:Solid infill
;WIDTH:0.401993
G1 F1419
G1 X119.32 Y146.32 E.51832
G1 X119.32 Y146.68 E.01075
G1 X136.68 Y146.68 E.51832
G1 X136.68 Y146.524 E.00466
;LAYER_CHANGE
;Z:26.25
;HEIGHT:0.200001
G1 Z26.25 F15000
G1 X136.961 Y146.039
G1 Z26.25
M204 S2500
;TYPE:Perimeter
;WIDTH:0.449999
G1 F900
G1 X136.961 Y146.5 E.0156
G1 X136.961 Y146.961 E.0156
G1 X119.039 Y146.961 E.60664
G1 X119.039 Y146.039 E.03121
G1 X136.901 Y146.039 E.60461
M204 S4000
G1 X136.901 Y146.039 F15000
G1 X137.368 Y145.632
M204 S2500
G1 F1395
G1 X137.368 Y146.5 E.02938
G1 X137.368 Y147.368 E.02938
G1 X118.632 Y147.368 E.63419
G1 X118.632 Y145.632 E.05876
G1 X137.308 Y145.632 E.63216
M204 S4000
G1 X137.775 Y145.225 F15000
M204 S2500
;TYPE:External perimeter
G1 F1395
G1 X137.775 Y146.5 E.04316
G1 X137.775 Y147.775 E.04316
G1 X118.225 Y147.775 E.66174
G1 X118.225 Y145.225 E.08631
G1 X137.715 Y145.225 E.65971
M204 S4000
G1 X137.774 Y145.621 F15000
G1 E-2 F2400
G1 X119.32 Y146.32 F15000
G1 E2 F2400
;TYPE:Solid infill
;WIDTH:0.401994
G1 F1395
G1 X119.32 Y146.68 E.01075
G1 X136.68 Y146.68 E.51832
G1 X136.68 Y146.32 E.01075
G1 X119.524 Y146.32 E.51223
;LAYER_CHANGE
;Z:26.45
;HEIGHT:0.200001
G1 Z26.45 F15000
G1 E-2 F2400
G1 Z26.45 F15000
G1 X136.961 Y146.039
G1 Z26.45
G1 E2 F2400
M204 S2500
;TYPE:Perimeter
;WIDTH:0.449999
G1 F900
G1 X136.961 Y146.5 E.0156
G1 X136.961 Y146.961 E.0156
G1 X119.039 Y146.961 E.60664
G1 X119.039 Y146.039 E.03121
G1 X136.901 Y146.039 E.60461
M204 S4000
G1 X136.901 Y146.039 F15000
G1 X137.368 Y145.632
M204 S2500
G1 F1419
G1 X137.368 Y146.5 E.02938
G1 X137.368 Y147.368 E.02938
G1 X118.632 Y147.368 E.63419
G1 X118.632 Y145.632 E.05876
G1 X137.308 Y145.632 E.63216
M204 S4000
G1 X137.775 Y145.225 F15000
M204 S2500
;TYPE:External perimeter
G1 F1419
G1 X137.775 Y146.5 E.04316
G1 X137.775 Y147.775 E.04316
G1 X118.225 Y147.775 E.66174
G1 X118.225 Y145.225 E.08631
G1 X137.715 Y145.225 E.65971
M204 S4000
G1 X137.774 Y145.621 F15000
G1 X136.68 Y146.32
;TYPE:Solid infill
;WIDTH:0.401993
G1 F1419
G1 X119.32 Y146.32 E.51832
G1 X119.32 Y146.68 E.01075
G1 X136.68 Y146.68 E.51832
G1 X136.68 Y146.524 E.00466
;LAYER_CHANGE
;Z:26.65
;HEIGHT:0.199999
G1 Z26.65 F15000
G1 X136.961 Y146.039
G1 Z26.65
M204 S2500
;TYPE:Perimeter
;WIDTH:0.449999
G1 F900
G1 X136.961 Y146.5 E.0156
G1 X136.961 Y146.961 E.0156
G1 X119.039 Y146.961 E.60664
G1 X119.039 Y146.039 E.03121
G1 X136.901 Y146.039 E.60461
M204 S4000
G1 X136.901 Y146.039 F15000
G1 X137.368 Y145.632
M204 S2500
G1 F1395
G1 X137.368 Y146.5 E.02938
G1 X137.368 Y147.368 E.02938
G1 X118.632 Y147.368 E.63419
G1 X118.632 Y145.632 E.05876
G1 X137.308 Y145.632 E.63216
M204 S4000
G1 X137.775 Y145.225 F15000
M204 S2500
;TYPE:External perimeter
G1 F1395
G1 X137.775 Y146.5 E.04316
G1 X137.775 Y147.775 E.04316
G1 X118.225 Y147.775 E.66174
G1 X118.225 Y145.225 E.08631
G1 X137.715 Y145.225 E.65971
M204 S4000
G1 X137.774 Y145.621 F15000
G1 E-2 F2400
G1 X119.32 Y146.32 F15000
G1 E2 F2400
;TYPE:Solid infill
;WIDTH:0.401994
G1 F1395
G1 X119.32 Y146.68 E.01075
G1 X136.68 Y146.68 E.51832
G1 X136.68 Y146.32 E.01075
G1 X119.524 Y146.32 E.51223
;LAYER_CHANGE
;Z:26.85
;HEIGHT:0.200001
G1 Z26.85 F15000
G1 E-2 F2400
G1 Z26.85 F15000
G1 X136.961 Y146.039
G1 Z26.85
G1 E2 F2400
M204 S2500
;TYPE:Perimeter
;WIDTH:0.449999
G1 F900
G1 X136.961 Y146.5 E.0156
G1 X136.961 Y146.961 E.0156
G1 X119.039 Y146.961 E.60664
G1 X119.039 Y146.039 E.03121
G1 X136.901 Y146.039 E.60461
M204 S4000
G1 X136.901 Y146.039 F15000
G1 X137.368 Y145.632
M204 S2500
G1 F1419
G1 X137.368 Y146.5 E.02938
G1 X137.368 Y147.368 E.02938
G1 X118.632 Y147.368 E.63419
G1 X118.632 Y145.632 E.05876
G1 X137.308 Y145.632 E.63216
M204 S4000
G1 X137.775 Y145.225 F15000
M204 S2500
;TYPE:External perimeter
G1 F1419
G1 X137.775 Y146.5 E.04316
G1 X137.775 Y147.775 E.04316
G1 X118.225 Y147.775 E.66174
G1 X118.225 Y145.225 E.08631
G1 X137.715 Y145.225 E.65971
M204 S4000
G1 X137.774 Y145.621 F15000
G1 X136.68 Y146.32
;TYPE:Solid infill
;WIDTH:0.401993
G1 F1419
G1 X119.32 Y146.32 E.51832
G1 X119.32 Y146.68 E.01075
G1 X136.68 Y146.68 E.51832
G1 X136.68 Y146.524 E.00466
;LAYER_CHANGE
;Z:27.05
;HEIGHT:0.199999
G1 Z27.05 F15000
G1 X136.961 Y146.039
G1 Z27.05
M204 S2500
;TYPE:Perimeter
;WIDTH:0.449999
G1 F900
G1 X136.961 Y146.5 E.0156
G1 X136.961 Y146.961 E.0156
G1 X119.039 Y146.961 E.60664
G1 X119.039 Y146.039 E.03121
G1 X136.901 Y146.039 E.60461
M204 S4000
G1 X136.901 Y146.039 F15000
G1 X137.368 Y145.632
M204 S2500
G1 F1395
G1 X137.368 Y146.5 E.02938
G1 X137.368 Y147.368 E.02938
G1 X118.632 Y147.368 E.63419
G1 X118.632 Y145.632 E.05876
G1 X137.308 Y145.632 E.63216
M204 S4000
G1 X137.775 Y145.225 F15000
M204 S2500
;TYPE:External perimeter
G1 F1395
G1 X137.775 Y146.5 E.04316
G1 X137.775 Y147.775 E.04316
G1 X118.225 Y147.775 E.66174
G1 X118.225 Y145.225 E.08631
G1 X137.715 Y145.225 E.65971
M204 S4000
G1 X137.774 Y145.621 F15000
G1 E-2 F2400
G1 X119.32 Y146.32 F15000
G1 E2 F2400
;TYPE:Solid infill
;WIDTH:0.401994
G1 F1395
G1 X119.32 Y146.68 E.01075
G1 X136.68 Y146.68 E.51832
G1 X136.68 Y146.32 E.01075
G1 X119.524 Y146.32 E.51223
;LAYER_CHANGE
;Z:27.25
;HEIGHT:0.200001
G1 Z27.25 F15000
G1 E-2 F2400
G1 Z27.25 F15000
G1 X136.961 Y146.039
G1 Z27.25
G1 E2 F2400
M204 S2500
;TYPE:Perimeter
;WIDTH:0.449999
G1 F900
G1 X136.961 Y146.5 E.0156
G1 X136.961 Y146.961 E.0156
G1 X119.039 Y146.961 E.60664
G1 X119.039 Y146.039 E.03121
G1 X136.901 Y146.039 E.60461
M204 S4000
G1 X136.901 Y146.039 F15000
G1 X137.368 Y145.632
M204 S2500
G1 F1419
G1 X137.368 Y146.5 E.02938
G1 X137.368 Y147.368 E.02938
G1 X118.632 Y147.368 E.63419
G1 X118.632 Y145.632 E.05876
G1 X137.308 Y145.632 E.63216
M204 S4000
G1 X137.775 Y145.225 F15000
M204 S2500
;TYPE:External perimeter
G1 F1419
G1 X137.775 Y146.5 E.04316
G1 X137.775 Y147.775 E.04316
G1 X118.225 Y147.775 E.66174
G1 X118.225 Y145.225 E.08631
G1 X137.715 Y145.225 E.65971
M204 S4000
G1 X137.774 Y145.621 F15000
G1 X136.68 Y146.32
;TYPE:Solid infill
;WIDTH:0.401993
G1 F1419
G1 X119.32 Y146.32 E.51832
G1 X119.32 Y146.68 E.01075
G1 X136.68 Y146.68 E.51832
G1 X136.68 Y146.524 E.00466
;LAYER_CHANGE
;Z:27.45
;HEIGHT:0.200001
G1 Z27.45 F15000
G1 X136.961 Y146.039
G1 Z27.45
M204 S2500
;TYPE:Perimeter
;WIDTH:0.449999
G1 F900
G1 X136.961 Y146.5 E.0156
G1 X136.961 Y146.961 E.0156
G1 X119.039 Y146.961 E.60664
G1 X119.039 Y146.039 E.03121
G1 X136.901 Y146.039 E.60461
M204 S4000
G1 X136.901 Y146.039 F15000
G1 X137.368 Y145.632
M204 S2500
G1 F1395
G1 X137.368 Y146.5 E.02938
G1 X137.368 Y147.368 E.02938
G1 X118.632 Y147.368 E.63419
G1 X118.632 Y145.632 E.05876
G1 X137.308 Y145.632 E.63216
M204 S4000
G1 X137.775 Y145.225 F15000
M204 S2500
;TYPE:External perimeter
G1 F1395
G1 X137.775 Y146.5 E.04316
G1 X137.775 Y147.775 E.04316
G1 X118.225 Y147.775 E.66174
G1 X118.225 Y145.225 E.08631
G1 X137.715 Y145.225 E.65971
M204 S4000
G1 X137.774 Y145.621 F15000
G1 E-2 F2400
G1 X119.32 Y146.32 F15000
G1 E2 F2400
;TYPE:Solid infill
;WIDTH:0.401994
G1 F1395
G1 X119.32 Y146.68 E.01075
G1 X136.68 Y146.68 E.51832
G1 X136.68 Y146.32 E.01075
G1 X119.524 Y146.32 E.51223
;LAYER_CHANGE
;Z:27.65
;HEIGHT:0.199999
G1 Z27.65 F15000
G1 E-2 F2400
G1 Z27.65 F15000
G1 X136.961 Y146.039
G1 Z27.65
G1 E2 F2400
M204 S2500
;TYPE:Perimeter
;WIDTH:0.449999
G1 F900
G1 X136.961 Y146.5 E.0156
G1 X136.961 Y146.961 E.0156
G1 X119.039 Y146.961 E.60664
G1 X119.039 Y146.039 E.03121
G1 X136.901 Y146.039 E.60461
M204 S4000
G1 X136.901 Y146.039 F15000
G1 X137.368 Y145.632
M204 S2500
G1 F1419
G1 X137.368 Y146.5 E.02938
G1 X137.368 Y147.368 E.02938
G1 X118.632 Y147.368 E.63419
G1 X118.632 Y145.632 E.05876
G1 X137.308 Y145.632 E.63216
M204 S4000
G1 X137.775 Y145.225 F15000
M204 S2500
;TYPE:External perimeter
G1 F1419
G1 X137.775 Y146.5 E.04316
G1 X137.775 Y147.775 E.04316
G1 X118.225 Y147.775 E.66174
G1 X118.225 Y145.225 E.08631
G1 X137.715 Y145.225 E.65971
M204 S4000
G1 X137.774 Y145.621 F15000
G1 X136.68 Y146.32
;TYPE:Solid infill
;WIDTH:0.401993
G1 F1419
G1 X119.32 Y146.32 E.51832
G1 X119.32 Y146.68 E.01075
G1 X136.68 Y146.68 E.51832
G1 X136.68 Y146.524 E.00466
;LAYER_CHANGE
;Z:27.85
;HEIGHT:0.200001
G1 Z27.85 F15000
G1 X136.961 Y146.039
G1 Z27.85
M204 S2500
;TYPE:Perimeter
;WIDTH:0.449999
G1 F900
G1 X136.961 Y146.5 E.0156
G1 X136.961 Y146.961 E.0156
G1 X119.039 Y146.961 E.60664
G1 X119.039 Y146.039 E.03121
G1 X136.901 Y146.039 E.60461
M204 S4000
G1 X136.901 Y146.039 F15000
G1 X137.368 Y145.632
M204 S2500
G1 F1395
G1 X137.368 Y146.5 E.02938
G1 X137.368 Y147.368 E.02938
G1 X118.632 Y147.368 E.63419
G1 X118.632 Y145.632 E.05876
G1 X137.308 Y145.632 E.63216
M204 S4000
G1 X137.775 Y145.225 F15000
M204 S2500
;TYPE:External perimeter
G1 F1395
G1 X137.775 Y146.5 E.04316
G1 X137.775 Y147.775 E.04316
G1 X118.225 Y147.775 E.66174
G1 X118.225 Y145.225 E.08631
G1 X137.715 Y145.225 E.65971
M204 S4000
G1 X137.774 Y145.621 F15000
G1 E-2 F2400
G1 X119.32 Y146.32 F15000
G1 E2 F2400
;TYPE:Solid infill
;WIDTH:0.401994
G1 F1395
G1 X119.32 Y146.68 E.01075
G1 X136.68 Y146.68 E.51832
G1 X136.68 Y146.32 E.01075
G1 X119.524 Y146.32 E.51223
;LAYER_CHANGE
;Z:28.05
;HEIGHT:0.199999
G1 Z28.05 F15000
G1 E-2 F2400
G1 Z28.05 F15000
G1 X136.961 Y146.039
G1 Z28.05
G1 E2 F2400
M204 S2500
;TYPE:Perimeter
;WIDTH:0.449999
G1 F900
G1 X136.961 Y146.5 E.0156
G1 X136.961 Y146.961 E.0156
G1 X119.039 Y146.961 E.60664
G1 X119.039 Y146.039 E.03121
G1 X136.901 Y146.039 E.60461
M204 S4000
G1 X136.901 Y146.039 F15000
G1 X137.368 Y145.632
M204 S2500
G1 F1419
G1 X137.368 Y146.5 E.02938
G1 X137.368 Y147.368 E.02938
G1 X118.632 Y147.368 E.63419
G1 X118.632 Y145.632 E.05876
G1 X137.308 Y145.632 E.63216
M204 S4000
G1 X137.775 Y145.225 F15000
M204 S2500
;TYPE:External perimeter
G1 F1419
G1 X137.775 Y146.5 E.04316
G1 X137.775 Y147.775 E.04316
G1 X118.225 Y147.775 E.66174
G1 X118.225 Y145.225 E.08631
G1 X137.715 Y145.225 E.65971
M204 S4000
G1 X137.774 Y145.621 F15000
G1 X136.68 Y146.32
;TYPE:Solid infill
;WIDTH:0.401993
G1 F1419
G1 X119.32 Y146.32 E.51832
G1 X119.32 Y146.68 E.01075
G1 X136.68 Y146.68 E.51832
G1 X136.68 Y146.524 E.00466
;LAYER_CHANGE
;Z:28.25
;HEIGHT:0.200001
G1 Z28.25 F15000
G1 X136.961 Y146.039
G1 Z28.25
M204 S2500
;TYPE:Perimeter
;WIDTH:0.449999
G1 F900
G1 X136.961 Y146.5 E.0156
G1 X136.961 Y146.961 E.0156
G1 X119.039 Y146.961 E.60664
G1 X119.039 Y146.039 E.03121
G1 X136.901 Y146.039 E.60461
M204 S4000
G1 X136.901 Y146.039 F15000
G1 X137.368 Y145.632
M204 S2500
G1 F1395
G1 X137.368 Y146.5 E.02938
G1 X137.368 Y147.368 E.02938
G1 X118.632 Y147.368 E.63419
G1 X118.632 Y145.632 E.05876
G1 X137.308 Y145.632 E.63216
M204 S4000
G1 X137.775 Y145.225 F15000
M204 S2500
;TYPE:External perimeter
G1 F1395
G1 X137.775 Y146.5 E.04316
G1 X137.775 Y147.775 E.04316
G1 X118.225 Y147.775 E.66174
G1 X118.225 Y145.225 E.08631
G1 X137.715 Y145.225 E.65971
M204 S4000
G1 X137.774 Y145.621 F15000
G1 E-2 F2400
G1 X119.32 Y146.32 F15000
G1 E2 F2400
;TYPE:Solid infill
;WIDTH:0.401994
G1 F1395
G1 X119.32 Y146.68 E.01075
G1 X136.68 Y146.68 E.51832
G1 X136.68 Y146.32 E.01075
G1 X119.524 Y146.32 E.51223
;LAYER_CHANGE
;Z:28.45
;HEIGHT:0.200001
G1 Z28.45 F15000
G1 E-2 F2400
G1 Z28.45 F15000
G1 X136.961 Y146.039
G1 Z28.45
G1 E2 F2400
M204 S2500
;TYPE:Perimeter
;WIDTH:0.449999
G1 F900
G1 X136.961 Y146.5 E.0156
G1 X136.961 Y146.961 E.0156
G1 X119.039 Y146.961 E.60664
G1 X119.039 Y146.039 E.03121
G1 X136.901 Y146.039 E.60461
M204 S4000
G1 X136.901 Y146.039 F15000
G1 X137.368 Y145.632
M204 S2500
G1 F1419
G1 X137.368 Y146.5 E.02938
G1 X137.368 Y147.368 E.02938
G1 X118.632 Y147.368 E.63419
G1 X118.632 Y145.632 E.05876
G1 X137.308 Y145.632 E.63216
M204 S4000
G1 X137.775 Y145.225 F15000
M204 S2500
;TYPE:External perimeter
G1 F1419
G1 X137.775 Y146.5 E.04316
G1 X137.775 Y147.775 E.04316
G1 X118.225 Y147.775 E.66174
G1 X118.225 Y145.225 E.08631
G1 X137.715 Y145.225 E.65971
M204 S4000
G1 X137.774 Y145.621 F15000
G1 X136.68 Y146.32
;TYPE:Solid infill
;WIDTH:0.401993
G1 F1419
G1 X119.32 Y146.32 E.51832
G1 X119.32 Y146.68 E.01075
G1 X136.68 Y146.68 E.51832
G1 X136.68 Y146.524 E.00466
;LAYER_CHANGE
;Z:28.65
;HEIGHT:0.199999
G1 Z28.65 F15000
G1 X136.961 Y146.039
G1 Z28.65
M204 S2500
;TYPE:Perimeter
;WIDTH:0.449999
G1 F900
G1 X136.961 Y146.5 E.0156
G1 X136.961 Y146.961 E.0156
G1 X119.039 Y146.961 E.60664
G1 X119.039 Y146.039 E.03121
G1 X136.901 Y146.039 E.60461
M204 S4000
G1 X136.901 Y146.039 F15000
G1 X137.368 Y145.632
M204 S2500
G1 F1395
G1 X137.368 Y146.5 E.02938
G1 X137.368 Y147.368 E.02938
G1 X118.632 Y147.368 E.63419
G1 X118.632 Y145.632 E.05876
G1 X137.308 Y145.632 E.63216
M204 S4000
G1 X137.775 Y145.225 F15000
M204 S2500
;TYPE:External perimeter
G1 F1395
G1 X137.775 Y146.5 E.04316
G1 X137.775 Y147.775 E.04316
G1 X118.225 Y147.775 E.66174
G1 X118.225 Y145.225 E.08631
G1 X137.715 Y145.225 E.65971
M204 S4000
G1 X137.774 Y145.621 F15000
G1 E-2 F2400
G1 X119.32 Y146.32 F15000
G1 E2 F2400
;TYPE:Solid infill
;WIDTH:0.401994
G1 F1395
G1 X119.32 Y146.68 E.01075
G1 X136.68 Y146.68 E.51832
G1 X136.68 Y146.32 E.01075
G1 X119.524 Y146.32 E.51223
;LAYER_CHANGE
;Z:28.85
;HEIGHT:0.200001
G1 Z28.85 F15000
G1 E-2 F2400
G1 Z28.85 F15000
G1 X136.961 Y146.039
G1 Z28.85
G1 E2 F2400
M204 S2500
;TYPE:Perimeter
;WIDTH:0.449999
G1 F900
G1 X136.961 Y146.5 E.0156
G1 X136.961 Y146.961 E.0156
G1 X119.039 Y146.961 E.60664
G1 X119.039 Y146.039 E.03121
G1 X136.901 Y146.039 E.60461
M204 S4000
G1 X136.901 Y146.039 F15000
G1 X137.368 Y145.632
M204 S2500
G1 F1419
G1 X137.368 Y146.5 E.02938
G1 X137.368 Y147.368 E.02938
G1 X118.632 Y147.368 E.63419
G1 X118.632 Y145.632 E.05876
G1 X137.308 Y145.632 E.63216
M204 S4000
G1 X137.775 Y145.225 F15000
M204 S2500
;TYPE:External perimeter
G1 F1419
G1 X137.775 Y146.5 E.04316
G1 X137.775 Y147.775 E.04316
G1 X118.225 Y147.775 E.66174
G1 X118.225 Y145.225 E.08631
G1 X137.715 Y145.225 E.65971
M204 S4000
G1 X137.774 Y145.621 F15000
G1 X136.68 Y146.32
;TYPE:Solid infill
;WIDTH:0.401993
G1 F1419
G1 X119.32 Y146.32 E.51832
G1 X119.32 Y146.68 E.01075
G1 X136.68 Y146.68 E.51832
G1 X136.68 Y146.524 E.00466
;LAYER_CHANGE
;Z:29.05
;HEIGHT:0.199999
G1 Z29.05 F15000
G1 X136.961 Y146.039
G1 Z29.05
M204 S2500
;TYPE:Perimeter
;WIDTH:0.449999
G1 F900
G1 X136.961 Y146.5 E.0156
G1 X136.961 Y146.961 E.0156
G1 X119.039 Y146.961 E.60664
G1 X119.039 Y146.039 E.03121
G1 X136.901 Y146.039 E.60461
M204 S4000
G1 X136.901 Y146.039 F15000
G1 X137.368 Y145.632
M204 S2500
G1 F1395
G1 X137.368 Y146.5 E.02938
G1 X137.368 Y147.368 E.02938
G1 X118.632 Y147.368 E.63419
G1 X118.632 Y145.632 E.05876
G1 X137.308 Y145.632 E.63216
M204 S4000
G1 X137.775 Y145.225 F15000
M204 S2500
;TYPE:External perimeter
G1 F1395
G1 X137.775 Y146.5 E.04316
G1 X137.775 Y147.775 E.04316
G1 X118.225 Y147.775 E.66174
G1 X118.225 Y145.225 E.08631
G1 X137.715 Y145.225 E.65971
M204 S4000
G1 X137.774 Y145.621 F15000
G1 E-2 F2400
G1 X119.32 Y146.32 F15000
G1 E2 F2400
;TYPE:Solid infill
;WIDTH:0.401994
G1 F1395
G1 X119.32 Y146.68 E.01075
G1 X136.68 Y146.68 E.51832
G1 X136.68 Y146.32 E.01075
G1 X119.524 Y146.32 E.51223
;LAYER_CHANGE
;Z:29.25
;HEIGHT:0.200001
G1 Z29.25 F15000
G1 E-2 F2400
G1 Z29.25 F15000
G1 X136.961 Y146.039
G1 Z29.25
G1 E2 F2400
M204 S2500
;TYPE:Perimeter
;WIDTH:0.449999
G1 F900
G1 X136.961 Y146.5 E.0156
G1 X136.961 Y146.961 E.0156
G1 X119.039 Y146.961 E.60664
G1 X119.039 Y146.039 E.03121
G1 X136.901 Y146.039 E.60461
M204 S4000
G1 X136.901 Y146.039 F15000
G1 X137.368 Y145.632
M204 S2500
G1 F1419
G1 X137.368 Y146.5 E.02938
G1 X137.368 Y147.368 E.02938
G1 X118.632 Y147.368 E.63419
G1 X118.632 Y145.632 E.05876
G1 X137.308 Y145.632 E.63216
M204 S4000
G1 X137.775 Y145.225 F15000
M204 S2500
;TYPE:External perimeter
G1 F1419
G1 X137.775 Y146.5 E.04316
G1 X137.775 Y147.775 E.04316
G1 X118.225 Y147.775 E.66174
G1 X118.225 Y145.225 E.08631
G1 X137.715 Y145.225 E.65971
M204 S4000
G1 X137.774 Y145.621 F15000
G1 X136.68 Y146.32
;TYPE:Solid infill
;WIDTH:0.401993
G1 F1419
G1 X119.32 Y146.32 E.51832
G1 X119.32 Y146.68 E.01075
G1 X136.68 Y146.68 E.51832
G1 X136.68 Y146.524 E.00466
;LAYER_CHANGE
;Z:29.45
;HEIGHT:0.200001
G1 Z29.45 F15000
G1 X136.961 Y146.039
G1 Z29.45
M204 S2500
;TYPE:Perimeter
;WIDTH:0.449999
G1 F900
G1 X136.961 Y146.5 E.0156
G1 X136.961 Y146.961 E.0156
G1 X119.039 Y146.961 E.60664
G1 X119.039 Y146.039 E.03121
G1 X136.901 Y146.039 E.60461
M204 S4000
G1 X136.901 Y146.039 F15000
G1 X137.368 Y145.632
M204 S2500
G1 F1395
G1 X137.368 Y146.5 E.02938
G1 X137.368 Y147.368 E.02938
G1 X118.632 Y147.368 E.63419
G1 X118.632 Y145.632 E.05876
G1 X137.308 Y145.632 E.63216
M204 S4000
G1 X137.775 Y145.225 F15000
M204 S2500
;TYPE:External perimeter
G1 F1395
G1 X137.775 Y146.5 E.04316
G1 X137.775 Y147.775 E.04316
G1 X118.225 Y147.775 E.66174
G1 X118.225 Y145.225 E.08631
G1 X137.715 Y145.225 E.65971
M204 S4000
G1 X137.774 Y145.621 F15000
G1 E-2 F2400
G1 X119.32 Y146.32 F15000
G1 E2 F2400
;TYPE:Solid infill
;WIDTH:0.401994
G1 F1395
G1 X119.32 Y146.68 E.01075
G1 X136.68 Y146.68 E.51832
G1 X136.68 Y146.32 E.01075
G1 X119.524 Y146.32 E.51223
;LAYER_CHANGE
;Z:29.65
;HEIGHT:0.199999
G1 Z29.65 F15000
G1 E-2 F2400
G1 Z29.65 F15000
G1 X136.961 Y146.039
G1 Z29.65
G1 E2 F2400
M204 S2500
;TYPE:Perimeter
;WIDTH:0.449999
G1 F900
G1 X136.961 Y146.5 E.0156
G1 X136.961 Y146.961 E.0156
G1 X119.039 Y146.961 E.60664
G1 X119.039 Y146.039 E.03121
G1 X136.901 Y146.039 E.60461
M204 S4000
G1 X136.901 Y146.039 F15000
G1 X137.368 Y145.632
M204 S2500
G1 F1419
G1 X137.368 Y146.5 E.02938
G1 X137.368 Y147.368 E.02938
G1 X118.632 Y147.368 E.63419
G1 X118.632 Y145.632 E.05876
G1 X137.308 Y145.632 E.63216
M204 S4000
G1 X137.775 Y145.225 F15000
M204 S2500
;TYPE:External perimeter
G1 F1419
G1 X137.775 Y146.5 E.04316
G1 X137.775 Y147.775 E.04316
G1 X118.225 Y147.775 E.66174
G1 X118.225 Y145.225 E.08631
G1 X137.715 Y145.225 E.65971
M204 S4000
G1 X137.774 Y145.621 F15000
G1 X136.68 Y146.32
;TYPE:Solid infill
;WIDTH:0.401993
G1 F1419
G1 X119.32 Y146.32 E.51832
G1 X119.32 Y146.68 E.01075
G1 X136.68 Y146.68 E.51832
G1 X136.68 Y146.524 E.00466
;LAYER_CHANGE
;Z:29.85
;HEIGHT:0.200001
G1 Z29.85 F15000
G1 X136.961 Y146.039
G1 Z29.85
M204 S2500
;TYPE:Perimeter
;WIDTH:0.449999
G1 F900
G1 X136.961 Y146.5 E.0156
G1 X136.961 Y146.961 E.0156
G1 X119.039 Y146.961 E.60664
G1 X119.039 Y146.039 E.03121
G1 X136.901 Y146.039 E.60461
M204 S4000
G1 X136.901 Y146.039 F15000
G1 X137.368 Y145.632
M204 S2500
G1 F1395
G1 X137.368 Y146.5 E.02938
G1 X137.368 Y147.368 E.02938
G1 X118.632 Y147.368 E.63419
G1 X118.632 Y145.632 E.05876
G1 X137.308 Y145.632 E.63216
M204 S4000
G1 X137.775 Y145.225 F15000
M204 S2500
;TYPE:External perimeter
G1 F1395
G1 X137.775 Y146.5 E.04316
G1 X137.775 Y147.775 E.04316
G1 X118.225 Y147.775 E.66174
G1 X118.225 Y145.225 E.08631
G1 X137.715 Y145.225 E.65971
M204 S4000
G1 X137.774 Y145.621 F15000
G1 E-2 F2400
G1 X119.32 Y146.32 F15000
G1 E2 F2400
;TYPE:Solid infill
;WIDTH:0.401994
G1 F1395
G1 X119.32 Y146.68 E.01075
G1 X136.68 Y146.68 E.51832
G1 X136.68 Y146.32 E.01075
G1 X119.524 Y146.32 E.51223
;LAYER_CHANGE
;Z:30.05
;HEIGHT:0.199999
G1 Z30.05 F15000
G1 E-2 F2400
G1 Z30.05 F15000
G1 X136.961 Y146.039
G1 Z30.05
G1 E2 F2400
M204 S2500
;TYPE:Perimeter
;WIDTH:0.449999
G1 F900
G1 X136.961 Y146.5 E.0156
G1 X136.961 Y146.961 E.0156
G1 X119.039 Y146.961 E.60664
G1 X119.039 Y146.039 E.03121
G1 X136.901 Y146.039 E.60461
M204 S4000
G1 X136.901 Y146.039 F15000
G1 X137.368 Y145.632
M204 S2500
G1 F1419
G1 X137.368 Y146.5 E.02938
G1 X137.368 Y147.368 E.02938
G1 X118.632 Y147.368 E.63419
G1 X118.632 Y145.632 E.05876
G1 X137.308 Y145.632 E.63216
M204 S4000
G1 X137.775 Y145.225 F15000
M204 S2500
;TYPE:External perimeter
G1 F1419
G1 X137.775 Y146.5 E.04316
G1 X137.775 Y147.775 E.04316
G1 X118.225 Y147.775 E.66174
G1 X118.225 Y145.225 E.08631
G1 X137.715 Y145.225 E.65971
M204 S4000
G1 X137.774 Y145.621 F15000
G1 X136.68 Y146.32
;TYPE:Solid infill
;WIDTH:0.401993
G1 F1419
G1 X119.32 Y146.32 E.51832
G1 X119.32 Y146.68 E.01075
G1 X136.68 Y146.68 E.51832
G1 X136.68 Y146.524 E.00466
;LAYER_CHANGE
;Z:30.25
;HEIGHT:0.200001
G1 Z30.25 F15000
G1 X136.961 Y146.039
G1 Z30.25
M204 S2500
;TYPE:Perimeter
;WIDTH:0.449999
G1 F900
G1 X136.961 Y146.5 E.0156
G1 X136.961 Y146.961 E.0156
G1 X119.039 Y146.961 E.60664
G1 X119.039 Y146.039 E.03121
G1 X136.901 Y146.039 E.60461
M204 S4000
G1 X136.901 Y146.039 F15000
G1 X137.368 Y145.632
M204 S2500
G1 F1395
G1 X137.368 Y146.5 E.02938
G1 X137.368 Y147.368 E.02938
G1 X118.632 Y147.368 E.63419
G1 X118.632 Y145.632 E.05876
G1 X137.308 Y145.632 E.63216
M204 S4000
G1 X137.775 Y145.225 F15000
M204 S2500
;TYPE:External perimeter
G1 F1395
G1 X137.775 Y146.5 E.04316
G1 X137.775 Y147.775 E.04316
G1 X118.225 Y147.775 E.66174
G1 X118.225 Y145.225 E.08631
G1 X137.715 Y145.225 E.65971
M204 S4000
G1 X137.774 Y145.621 F15000
G1 E-2 F2400
G1 X119.32 Y146.32 F15000
G1 E2 F2400
;TYPE:Solid infill
;WIDTH:0.401994
G1 F1395
G1 X119.32 Y146.68 E.01075
G1 X136.68 Y146.68 E.51832
G1 X136.68 Y146.32 E.01075
G1 X119.524 Y146.32 E.51223
;LAYER_CHANGE
;Z:30.45
;HEIGHT:0.200001
G1 Z30.45 F15000
G1 E-2 F2400
G1 Z30.45 F15000
G1 X136.961 Y146.039
G1 Z30.45
G1 E2 F2400
M204 S2500
;TYPE:Perimeter
;WIDTH:0.449999
G1 F900
G1 X136.961 Y146.5 E.0156
G1 X136.961 Y146.961 E.0156
G1 X119.039 Y146.961 E.60664
G1 X119.039 Y146.039 E.03121
G1 X136.901 Y146.039 E.60461
M204 S4000
G1 X136.901 Y146.039 F15000
G1 X137.368 Y145.632
M204 S2500
G1 F1419
G1 X137.368 Y146.5 E.02938
G1 X137.368 Y147.368 E.02938
G1 X118.632 Y147.368 E.63419
G1 X118.632 Y145.632 E.05876
G1 X137.308 Y145.632 E.63216
M204 S4000
G1 X137.775 Y145.225 F15000
M204 S2500
;TYPE:External perimeter
G1 F1419
G1 X137.775 Y146.5 E.04316
G1 X137.775 Y147.775 E.04316
G1 X118.225 Y147.775 E.66174
G1 X118.225 Y145.225 E.08631
G1 X137.715 Y145.225 E.65971
M204 S4000
G1 X137.774 Y145.621 F15000
G1 X136.68 Y146.32
;TYPE:Solid infill
;WIDTH:0.401993
G1 F1419
G1 X119.32 Y146.32 E.51832
G1 X119.32 Y146.68 E.01075
G1 X136.68 Y146.68 E.51832
G1 X136.68 Y146.524 E.00466
;LAYER_CHANGE
;Z:30.65
;HEIGHT:0.199999
G1 Z30.65 F15000
G1 X136.961 Y146.039
G1 Z30.65
M204 S2500
;TYPE:Perimeter
;WIDTH:0.449999
G1 F900
G1 X136.961 Y146.5 E.0156
G1 X136.961 Y146.961 E.0156
G1 X119.039 Y146.961 E.60664
G1 X119.039 Y146.039 E.03121
G1 X136.901 Y146.039 E.60461
M204 S4000
G1 X136.901 Y146.039 F15000
G1 X137.368 Y145.632
M204 S2500
G1 F1395
G1 X137.368 Y146.5 E.02938
G1 X137.368 Y147.368 E.02938
G1 X118.632 Y147.368 E.63419
G1 X118.632 Y145.632 E.05876
G1 X137.308 Y145.632 E.63216
M204 S4000
G1 X137.775 Y145.225 F15000
M204 S2500
;TYPE:External perimeter
G1 F1395
G1 X137.775 Y146.5 E.04316
G1 X137.775 Y147.775 E.04316
G1 X118.225 Y147.775 E.66174
G1 X118.225 Y145.225 E.08631
G1 X137.715 Y145.225 E.65971
M204 S4000
G1 X137.774 Y145.621 F15000
G1 E-2 F2400
G1 X119.32 Y146.32 F15000
G1 E2 F2400
;TYPE:Solid infill
;WIDTH:0.401994
G1 F1395
G1 X119.32 Y146.68 E.01075
G1 X136.68 Y146.68 E.51832
G1 X136.68 Y146.32 E.01075
G1 X119.524 Y146.32 E.51223
;LAYER_CHANGE
;Z:30.85
;HEIGHT:0.200001
G1 Z30.85 F15000
G1 E-2 F2400
G1 Z30.85 F15000
G1 X136.961 Y146.039
G1 Z30.85
G1 E2 F2400
M204 S2500
;TYPE:Perimeter
;WIDTH:0.449999
G1 F900
G1 X136.961 Y146.5 E.0156
G1 X136.961 Y146.961 E.0156
G1 X119.039 Y146.961 E.60664
G1 X119.039 Y146.039 E.03121
G1 X136.901 Y146.039 E.60461
M204 S4000
G1 X136.901 Y146.039 F15000
G1 X137.368 Y145.632
M204 S2500
G1 F1419
G1 X137.368 Y146.5 E.02938
G1 X137.368 Y147.368 E.02938
G1 X118.632 Y147.368 E.63419
G1 X118.632 Y145.632 E.05876
G1 X137.308 Y145.632 E.63216
M204 S4000
G1 X137.775 Y145.225 F15000
M204 S2500
;TYPE:External perimeter
G1 F1419
G1 X137.775 Y146.5 E.04316
G1 X137.775 Y147.775 E.04316
G1 X118.225 Y147.775 E.66174
G1 X118.225 Y145.225 E.08631
G1 X137.715 Y145.225 E.65971
M204 S4000
G1 X137.774 Y145.621 F15000
G1 X136.68 Y146.32
;TYPE:Solid infill
;WIDTH:0.401993
G1 F1419
G1 X119.32 Y146.32 E.51832
G1 X119.32 Y146.68 E.01075
G1 X136.68 Y146.68 E.51832
G1 X136.68 Y146.524 E.00466
;LAYER_CHANGE
;Z:31.05
;HEIGHT:0.199999
G1 Z31.05 F15000
G1 X136.961 Y146.039
G1 Z31.05
M204 S2500
;TYPE:Perimeter
;WIDTH:0.449999
G1 F900
G1 X136.961 Y146.5 E.0156
G1 X136.961 Y146.961 E.0156
G1 X119.039 Y146.961 E.60664
G1 X119.039 Y146.039 E.03121
G1 X136.901 Y146.039 E.60461
M204 S4000
G1 X136.901 Y146.039 F15000
G1 X137.368 Y145.632
M204 S2500
G1 F1395
G1 X137.368 Y146.5 E.02938
G1 X137.368 Y147.368 E.02938
G1 X118.632 Y147.368 E.63419
G1 X118.632 Y145.632 E.05876
G1 X137.308 Y145.632 E.63216
M204 S4000
G1 X137.775 Y145.225 F15000
M204 S2500
;TYPE:External perimeter
G1 F1395
G1 X137.775 Y146.5 E.04316
G1 X137.775 Y147.775 E.04316
G1 X118.225 Y147.775 E.66174
G1 X118.225 Y145.225 E.08631
G1 X137.715 Y145.225 E.65971
M204 S4000
G1 X137.774 Y145.621 F15000
G1 E-2 F2400
G1 X119.32 Y146.32 F15000
G1 E2 F2400
;TYPE:Solid infill
;WIDTH:0.401994
G1 F1395
G1 X119.32 Y146.68 E.01075
G1 X136.68 Y146.68 E.51832
G1 X136.68 Y146.32 E.01075
G1 X119.524 Y146.32 E.51223
;LAYER_CHANGE
;Z:31.25
;HEIGHT:0.200001
G1 Z31.25 F15000
G1 E-2 F2400
G1 Z31.25 F15000
G1 X136.961 Y146.039
G1 Z31.25
G1 E2 F2400
M204 S2500
;TYPE:Perimeter
;WIDTH:0.449999
G1 F900
G1 X136.961 Y146.5 E.0156
G1 X136.961 Y146.961 E.0156
G1 X119.039 Y146.961 E.60664
G1 X119.039 Y146.039 E.03121
G1 X136.901 Y146.039 E.60461
M204 S4000
G1 X136.901 Y146.039 F15000
G1 X137.368 Y145.632
M204 S2500
G1 F1419
G1 X137.368 Y146.5 E.02938
G1 X137.368 Y147.368 E.02938
G1 X118.632 Y147.368 E.63419
G1 X118.632 Y145.632 E.05876
G1 X137.308 Y145.632 E.63216
M204 S4000
G1 X137.775 Y145.225 F15000
M204 S2500
;TYPE:External perimeter
G1 F1419
G1 X137.775 Y146.5 E.04316
G1 X137.775 Y147.775 E.04316
G1 X118.225 Y147.775 E.66174
G1 X118.225 Y145.225 E.08631
G1 X137.715 Y145.225 E.65971
M204 S4000
G1 X137.774 Y145.621 F15000
G1 X136.68 Y146.32
;TYPE:Solid infill
;WIDTH:0.401993
G1 F1419
G1 X119.32 Y146.32 E.51832
G1 X119.32 Y146.68 E.01075
G1 X136.68 Y146.68 E.51832
G1 X136.68 Y146.524 E.00466
;LAYER_CHANGE
;Z:31.45
;HEIGHT:0.200001
G1 Z31.45 F15000
G1 X136.961 Y146.039
G1 Z31.45
M204 S2500
;TYPE:Perimeter
;WIDTH:0.449999
G1 F900
G1 X136.961 Y146.5 E.0156
G1 X136.961 Y146.961 E.0156
G1 X119.039 Y146.961 E.60664
G1 X119.039 Y146.039 E.03121
G1 X136.901 Y146.039 E.60461
M204 S4000
G1 X136.901 Y146.039 F15000
G1 X137.368 Y145.632
M204 S2500
G1 F1395
G1 X137.368 Y146.5 E.02938
G1 X137.368 Y147.368 E.02938
G1 X118.632 Y147.368 E.63419
G1 X118.632 Y145.632 E.05876
G1 X137.308 Y145.632 E.63216
M204 S4000
G1 X137.775 Y145.225 F15000
M204 S2500
;TYPE:External perimeter
G1 F1395
G1 X137.775 Y146.5 E.04316
G1 X137.775 Y147.775 E.04316
G1 X118.225 Y147.775 E.66174
G1 X118.225 Y145.225 E.08631
G1 X137.715 Y145.225 E.65971
M204 S4000
G1 X137.774 Y145.621 F15000
G1 E-2 F2400
G1 X119.32 Y146.32 F15000
G1 E2 F2400
;TYPE:Solid infill
;WIDTH:0.401994
G1 F1395
G1 X119.32 Y146.68 E.01075
G1 X136.68 Y146.68 E.51832
G1 X136.68 Y146.32 E.01075
G1 X119.524 Y146.32 E.51223
;LAYER_CHANGE
;Z:31.65
;HEIGHT:0.199999
G1 Z31.65 F15000
G1 E-2 F2400
G1 Z31.65 F15000
G1 X136.961 Y146.039
G1 Z31.65
G1 E2 F2400
M204 S2500
;TYPE:Perimeter
;WIDTH:0.449999
G1 F900
G1 X136.961 Y146.5 E.0156
G1 X136.961 Y146.961 E.0156
G1 X119.039 Y146.961 E.60664
G1 X119.039 Y146.039 E.03121
G1 X136.901 Y146.039 E.60461
M204 S4000
G1 X136.901 Y146.039 F15000
G1 X137.368 Y145.632
M204 S2500
G1 F1419
G1 X137.368 Y146.5 E.02938
G1 X137.368 Y147.368 E.02938
G1 X118.632 Y147.368 E.63419
G1 X118.632 Y145.632 E.05876
G1 X137.308 Y145.632 E.63216
M204 S4000
G1 X137.775 Y145.225 F15000
M204 S2500
;TYPE:External perimeter
G1 F1419
G1 X137.775 Y146.5 E.04316
G1 X137.775 Y147.775 E.04316
G1 X118.225 Y147.775 E.66174
G1 X118.225 Y145.225 E.08631
G1 X137.715 Y145.225 E.65971
M204 S4000
G1 X137.774 Y145.621 F15000
G1 X136.68 Y146.32
;TYPE:Solid infill
;WIDTH:0.401993
G1 F1419
G1 X119.32 Y146.32 E.51832
G1 X119.32 Y146.68 E.01075
G1 X136.68 Y146.68 E.51832
G1 X136.68 Y146.524 E.00466
;LAYER_CHANGE
;Z:31.85
;HEIGHT:0.200001
G1 Z31.85 F15000
G1 X136.961 Y146.039
G1 Z31.85
M204 S2500
;TYPE:Perimeter
;WIDTH:0.449999
G1 F900
G1 X136.961 Y146.5 E.0156
G1 X136.961 Y146.961 E.0156
G1 X119.039 Y146.961 E.60664
G1 X119.039 Y146.039 E.03121
G1 X136.901 Y146.039 E.60461
M204 S4000
G1 X136.901 Y146.039 F15000
G1 X137.368 Y145.632
M204 S2500
G1 F1395
G1 X137.368 Y146.5 E.02938
G1 X137.368 Y147.368 E.02938
G1 X118.632 Y147.368 E.63419
G1 X118.632 Y145.632 E.05876
G1 X137.308 Y145.632 E.63216
M204 S4000
G1 X137.775 Y145.225 F15000
M204 S2500
;TYPE:External perimeter
G1 F1395
G1 X137.775 Y146.5 E.04316
G1 X137.775 Y147.775 E.04316
G1 X118.225 Y147.775 E.66174
G1 X118.225 Y145.225 E.08631
G1 X137.715 Y145.225 E.65971
M204 S4000
G1 X137.774 Y145.621 F15000
G1 E-2 F2400
G1 X119.32 Y146.32 F15000
G1 E2 F2400
;TYPE:Solid infill
;WIDTH:0.401994
G1 F1395
G1 X119.32 Y146.68 E.01075
G1 X136.68 Y146.68 E.51832
G1 X136.68 Y146.32 E.01075
G1 X119.524 Y146.32 E.51223
;LAYER_CHANGE
;Z:32.05
;HEIGHT:0.199999
G1 Z32.05 F15000
G1 E-2 F2400
G1 Z32.05 F15000
G1 X136.961 Y146.039
G1 Z32.05
G1 E2 F2400
M204 S2500
;TYPE:Perimeter
;WIDTH:0.449999
G1 F900
G1 X136.961 Y146.5 E.0156
G1 X136.961 Y146.961 E.0156
G1 X119.039 Y146.961 E.60664
G1 X119.039 Y146.039 E.03121
G1 X136.901 Y146.039 E.60461
M204 S4000
G1 X136.901 Y146.039 F15000
G1 X137.368 Y145.632
M204 S2500
G1 F1419
G1 X137.368 Y146.5 E.02938
G1 X137.368 Y147.368 E.02938
G1 X118.632 Y147.368 E.63419
G1 X118.632 Y145.632 E.05876
G1 X137.308 Y145.632 E.63216
M204 S4000
G1 X137.775 Y145.225 F15000
M204 S2500
;TYPE:External perimeter
G1 F1419
G1 X137.775 Y146.5 E.04316
G1 X137.775 Y147.775 E.04316
G1 X118.225 Y147.775 E.66174
G1 X118.225 Y145.225 E.08631
G1 X137.715 Y145.225 E.65971
M204 S4000
G1 X137.774 Y145.621 F15000
G1 X136.68 Y146.32
;TYPE:Solid infill
;WIDTH:0.401993
G1 F1419
G1 X119.32 Y146.32 E.51832
G1 X119.32 Y146.68 E.01075
G1 X136.68 Y146.68 E.51832
G1 X136.68 Y146.524 E.00466
;LAYER_CHANGE
;Z:32.25
;HEIGHT:0.200001
G1 Z32.25 F15000
G1 X136.961 Y146.039
G1 Z32.25
M204 S2500
;TYPE:Perimeter
;WIDTH:0.449999
G1 F900
G1 X136.961 Y146.5 E.0156
G1 X136.961 Y146.961 E.0156
G1 X119.039 Y146.961 E.60664
G1 X119.039 Y146.039 E.03121
G1 X136.901 Y146.039 E.60461
M204 S4000
G1 X136.901 Y146.039 F15000
G1 X137.368 Y145.632
M204 S2500
G1 F1395
G1 X137.368 Y146.5 E.02938
G1 X137.368 Y147.368 E.02938
G1 X118.632 Y147.368 E.63419
G1 X118.632 Y145.632 E.05876
G1 X137.308 Y145.632 E.63216
M204 S4000
G1 X137.775 Y145.225 F15000
M204 S2500
;TYPE:External perimeter
G1 F1395
G1 X137.775 Y146.5 E.04316
G1 X137.775 Y147.775 E.04316
G1 X118.225 Y147.775 E.66174
G1 X118.225 Y145.225 E.08631
G1 X137.715 Y145.225 E.65971
M204 S4000
G1 X137.774 Y145.621 F15000
G1 E-2 F2400
G1 X119.32 Y146.32 F15000
G1 E2 F2400
;TYPE:Solid infill
;WIDTH:0.401994
G1 F1395
G1 X119.32 Y146.68 E.01075
G1 X136.68 Y146.68 E.51832
G1 X136.68 Y146.32 E.01075
G1 X119.524 Y146.32 E.51223
;LAYER_CHANGE
;Z:32.45
;HEIGHT:0.200001
G1 Z32.45 F15000
G1 E-2 F2400
G1 Z32.45 F15000
G1 X136.961 Y146.039
G1 Z32.45
G1 E2 F2400
M204 S2500
;TYPE:Perimeter
;WIDTH:0.449999
G1 F900
G1 X136.961 Y146.5 E.0156
G1 X136.961 Y146.961 E.0156
G1 X119.039 Y146.961 E.60664
G1 X119.039 Y146.039 E.03121
G1 X136.901 Y146.039 E.60461
M204 S4000
G1 X136.901 Y146.039 F15000
G1 X137.368 Y145.632
M204 S2500
G1 F1419
G1 X137.368 Y146.5 E.02938
G1 X137.368 Y147.368 E.02938
G1 X118.632 Y147.368 E.63419
G1 X118.632 Y145.632 E.05876
G1 X137.308 Y145.632 E.63216
M204 S4000
G1 X137.775 Y145.225 F15000
M204 S2500
;TYPE:External perimeter
G1 F1419
G1 X137.775 Y146.5 E.04316
G1 X137.775 Y147.775 E.04316
G1 X118.225 Y147.775 E.66174
G1 X118.225 Y145.225 E.08631
G1 X137.715 Y145.225 E.65971
M204 S4000
G1 X137.774 Y145.621 F15000
G1 X136.68 Y146.32
;TYPE:Solid infill
;WIDTH:0.401993
G1 F1419
G1 X119.32 Y146.32 E.51832
G1 X119.32 Y146.68 E.01075
G1 X136.68 Y146.68 E.51832
G1 X136.68 Y146.524 E.00466
;LAYER_CHANGE
;Z:32.65
;HEIGHT:0.200001
G1 Z32.65 F15000
G1 X136.961 Y146.039
G1 Z32.65
M204 S2500
;TYPE:Perimeter
;WIDTH:0.449999
G1 F900
G1 X136.961 Y146.5 E.0156
G1 X136.961 Y146.961 E.0156
G1 X119.039 Y146.961 E.60664
G1 X119.039 Y146.039 E.03121
G1 X136.901 Y146.039 E.60461
M204 S4000
G1 X136.901 Y146.039 F15000
G1 X137.368 Y145.632
M204 S2500
G1 F1395
G1 X137.368 Y146.5 E.02938
G1 X137.368 Y147.368 E.02938
G1 X118.632 Y147.368 E.63419
G1 X118.632 Y145.632 E.05876
G1 X137.308 Y145.632 E.63216
M204 S4000
G1 X137.775 Y145.225 F15000
M204 S2500
;TYPE:External perimeter
G1 F1395
G1 X137.775 Y146.5 E.04316
G1 X137.775 Y147.775 E.04316
G1 X118.225 Y147.775 E.66174
G1 X118.225 Y145.225 E.08631
G1 X137.715 Y145.225 E.65971
M204 S4000
G1 X137.774 Y145.621 F15000
G1 E-2 F2400
G1 X119.32 Y146.32 F15000
G1 E2 F2400
;TYPE:Solid infill
;WIDTH:0.401994
G1 F1395
G1 X119.32 Y146.68 E.01075
G1 X136.68 Y146.68 E.51832
G1 X136.68 Y146.32 E.01075
G1 X119.524 Y146.32 E.51223
;LAYER_CHANGE
;Z:32.85
;HEIGHT:0.199997
G1 Z32.85 F15000
G1 E-2 F2400
G1 Z32.85 F15000
G1 X136.961 Y146.039
G1 Z32.85
G1 E2 F2400
M204 S2500
;TYPE:Perimeter
;WIDTH:0.449999
G1 F900
G1 X136.961 Y146.5 E.0156
G1 X136.961 Y146.961 E.0156
G1 X119.039 Y146.961 E.60664
G1 X119.039 Y146.039 E.03121
G1 X136.901 Y146.039 E.60461
M204 S4000
G1 X136.901 Y146.039 F15000
G1 X137.368 Y145.632
M204 S2500
G1 F1419
G1 X137.368 Y146.5 E.02938
G1 X137.368 Y147.368 E.02938
G1 X118.632 Y147.368 E.63419
G1 X118.632 Y145.632 E.05876
G1 X137.308 Y145.632 E.63216
M204 S4000
G1 X137.775 Y145.225 F15000
M204 S2500
;TYPE:External perimeter
G1 F1419
G1 X137.775 Y146.5 E.04316
G1 X137.775 Y147.775 E.04316
G1 X118.225 Y147.775 E.66174
G1 X118.225 Y145.225 E.08631
G1 X137.715 Y145.225 E.65971
M204 S4000
G1 X137.774 Y145.621 F15000
G1 X136.68 Y146.32
;TYPE:Solid infill
;WIDTH:0.401993
G1 F1419
G1 X119.32 Y146.32 E.51832
G1 X119.32 Y146.68 E.01075
G1 X136.68 Y146.68 E.51832
G1 X136.68 Y146.524 E.00466
;LAYER_CHANGE
;Z:33.05
;HEIGHT:0.200001
G1 Z33.05 F15000
G1 X136.961 Y146.039
G1 Z33.05
M204 S2500
;TYPE:Perimeter
;WIDTH:0.449999
G1 F900
G1 X136.961 Y146.5 E.0156
G1 X136.961 Y146.961 E.0156
G1 X119.039 Y146.961 E.60664
G1 X119.039 Y146.039 E.03121
G1 X136.901 Y146.039 E.60461
M204 S4000
G1 X136.901 Y146.039 F15000
G1 X137.368 Y145.632
M204 S2500
G1 F1395
G1 X137.368 Y146.5 E.02938
G1 X137.368 Y147.368 E.02938
G1 X118.632 Y147.368 E.63419
G1 X118.632 Y145.632 E.05876
G1 X137.308 Y145.632 E.63216
M204 S4000
G1 X137.775 Y145.225 F15000
M204 S2500
;TYPE:External perimeter
G1 F1395
G1 X137.775 Y146.5 E.04316
G1 X137.775 Y147.775 E.04316
G1 X118.225 Y147.775 E.66174
G1 X118.225 Y145.225 E.08631
G1 X137.715 Y145.225 E.65971
M204 S4000
G1 X137.774 Y145.621 F15000
G1 E-2 F2400
G1 X119.32 Y146.32 F15000
G1 E2 F2400
;TYPE:Solid infill
;WIDTH:0.401994
G1 F1395
G1 X119.32 Y146.68 E.01075
G1 X136.68 Y146.68 E.51832
G1 X136.68 Y146.32 E.01075
G1 X119.524 Y146.32 E.51223
;LAYER_CHANGE
;Z:33.25
;HEIGHT:0.200001
G1 Z33.25 F15000
G1 E-2 F2400
G1 Z33.25 F15000
G1 X136.961 Y146.039
G1 Z33.25
G1 E2 F2400
M204 S2500
;TYPE:Perimeter
;WIDTH:0.449999
G1 F900
G1 X136.961 Y146.5 E.0156
G1 X136.961 Y146.961 E.0156
G1 X119.039 Y146.961 E.60664
G1 X119.039 Y146.039 E.03121
G1 X136.901 Y146.039 E.60461
M204 S4000
G1 X136.901 Y146.039 F15000
G1 X137.368 Y145.632
M204 S2500
G1 F1419
G1 X137.368 Y146.5 E.02938
G1 X137.368 Y147.368 E.02938
G1 X118.632 Y147.368 E.63419
G1 X118.632 Y145.632 E.05876
G1 X137.308 Y145.632 E.63216
M204 S4000
G1 X137.775 Y145.225 F15000
M204 S2500
;TYPE:External perimeter
G1 F1419
G1 X137.775 Y146.5 E.04316
G1 X137.775 Y147.775 E.04316
G1 X118.225 Y147.775 E.66174
G1 X118.225 Y145.225 E.08631
G1 X137.715 Y145.225 E.65971
M204 S4000
G1 X137.774 Y145.621 F15000
G1 X136.68 Y146.32
;TYPE:Solid infill
;WIDTH:0.401993
G1 F1419
G1 X119.32 Y146.32 E.51832
G1 X119.32 Y146.68 E.01075
G1 X136.68 Y146.68 E.51832
G1 X136.68 Y146.524 E.00466
;LAYER_CHANGE
;Z:33.45
;HEIGHT:0.200001
G1 Z33.45 F15000
G1 X136.961 Y146.039
G1 Z33.45
M204 S2500
;TYPE:Perimeter
;WIDTH:0.449999
G1 F900
G1 X136.961 Y146.5 E.0156
G1 X136.961 Y146.961 E.0156
G1 X119.039 Y146.961 E.60664
G1 X119.039 Y146.039 E.03121
G1 X136.901 Y146.039 E.60461
M204 S4000
G1 X136.901 Y146.039 F15000
G1 X137.368 Y145.632
M204 S2500
G1 F1395
G1 X137.368 Y146.5 E.02938
G1 X137.368 Y147.368 E.02938
G1 X118.632 Y147.368 E.63419
G1 X118.632 Y145.632 E.05876
G1 X137.308 Y145.632 E.63216
M204 S4000
G1 X137.775 Y145.225 F15000
M204 S2500
;TYPE:External perimeter
G1 F1395
G1 X137.775 Y146.5 E.04316
G1 X137.775 Y147.775 E.04316
G1 X118.225 Y147.775 E.66174
G1 X118.225 Y145.225 E.08631
G1 X137.715 Y145.225 E.65971
M204 S4000
G1 X137.774 Y145.621 F15000
G1 E-2 F2400
G1 X119.32 Y146.32 F15000
G1 E2 F2400
;TYPE:Solid infill
;WIDTH:0.401994
G1 F1395
G1 X119.32 Y146.68 E.01075
G1 X136.68 Y146.68 E.51832
G1 X136.68 Y146.32 E.01075
G1 X119.524 Y146.32 E.51223
;LAYER_CHANGE
;Z:33.65
;HEIGHT:0.200001
G1 Z33.65 F15000
G1 E-2 F2400
G1 Z33.65 F15000
G1 X136.961 Y146.039
G1 Z33.65
G1 E2 F2400
M204 S2500
;TYPE:Perimeter
;WIDTH:0.449999
G1 F900
G1 X136.961 Y146.5 E.0156
G1 X136.961 Y146.961 E.0156
G1 X119.039 Y146.961 E.60664
G1 X119.039 Y146.039 E.03121
G1 X136.901 Y146.039 E.60461
M204 S4000
G1 X136.901 Y146.039 F15000
G1 X137.368 Y145.632
M204 S2500
G1 F1419
G1 X137.368 Y146.5 E.02938
G1 X137.368 Y147.368 E.02938
G1 X118.632 Y147.368 E.63419
G1 X118.632 Y145.632 E.05876
G1 X137.308 Y145.632 E.63216
M204 S4000
G1 X137.775 Y145.225 F15000
M204 S2500
;TYPE:External perimeter
G1 F1419
G1 X137.775 Y146.5 E.04316
G1 X137.775 Y147.775 E.04316
G1 X118.225 Y147.775 E.66174
G1 X118.225 Y145.225 E.08631
G1 X137.715 Y145.225 E.65971
M204 S4000
G1 X137.774 Y145.621 F15000
G1 X136.68 Y146.32
;TYPE:Solid infill
;WIDTH:0.401993
G1 F1419
G1 X119.32 Y146.32 E.51832
G1 X119.32 Y146.68 E.01075
G1 X136.68 Y146.68 E.51832
G1 X136.68 Y146.524 E.00466
;LAYER_CHANGE
;Z:33.85
;HEIGHT:0.199997
G1 Z33.85 F15000
G1 X136.961 Y146.039
G1 Z33.85
M204 S2500
;TYPE:Perimeter
;WIDTH:0.449999
G1 F900
G1 X136.961 Y146.5 E.0156
G1 X136.961 Y146.961 E.0156
G1 X119.039 Y146.961 E.60664
G1 X119.039 Y146.039 E.03121
G1 X136.901 Y146.039 E.60461
M204 S4000
G1 X136.901 Y146.039 F15000
G1 X137.368 Y145.632
M204 S2500
G1 F1395
G1 X137.368 Y146.5 E.02938
G1 X137.368 Y147.368 E.02938
G1 X118.632 Y147.368 E.63419
G1 X118.632 Y145.632 E.05876
G1 X137.308 Y145.632 E.63216
M204 S4000
G1 X137.775 Y145.225 F15000
M204 S2500
;TYPE:External perimeter
G1 F1395
G1 X137.775 Y146.5 E.04316
G1 X137.775 Y147.775 E.04316
G1 X118.225 Y147.775 E.66174
G1 X118.225 Y145.225 E.08631
G1 X137.715 Y145.225 E.65971
M204 S4000
G1 X137.774 Y145.621 F15000
G1 E-2 F2400
G1 X119.32 Y146.32 F15000
G1 E2 F2400
;TYPE:Solid infill
;WIDTH:0.401994
G1 F1395
G1 X119.32 Y146.68 E.01075
G1 X136.68 Y146.68 E.51832
G1 X136.68 Y146.32 E.01075
G1 X119.524 Y146.32 E.51223
;LAYER_CHANGE
;Z:34.05
;HEIGHT:0.200001
G1 Z34.05 F15000
G1 E-2 F2400
G1 Z34.05 F15000
G1 X136.961 Y146.039
G1 Z34.05
G1 E2 F2400
M204 S2500
;TYPE:Perimeter
;WIDTH:0.449999
G1 F900
G1 X136.961 Y146.5 E.0156
G1 X136.961 Y146.961 E.0156
G1 X119.039 Y146.961 E.60664
G1 X119.039 Y146.039 E.03121
G1 X136.901 Y146.039 E.60461
M204 S4000
G1 X136.901 Y146.039 F15000
G1 X137.368 Y145.632
M204 S2500
G1 F1419
G1 X137.368 Y146.5 E.02938
G1 X137.368 Y147.368 E.02938
G1 X118.632 Y147.368 E.63419
G1 X118.632 Y145.632 E.05876
G1 X137.308 Y145.632 E.63216
M204 S4000
G1 X137.775 Y145.225 F15000
M204 S2500
;TYPE:External perimeter
G1 F1419
G1 X137.775 Y146.5 E.04316
G1 X137.775 Y147.775 E.04316
G1 X118.225 Y147.775 E.66174
G1 X118.225 Y145.225 E.08631
G1 X137.715 Y145.225 E.65971
M204 S4000
G1 X137.774 Y145.621 F15000
G1 X136.68 Y146.32
;TYPE:Solid infill
;WIDTH:0.401993
G1 F1419
G1 X119.32 Y146.32 E.51832
G1 X119.32 Y146.68 E.01075
G1 X136.68 Y146.68 E.51832
G1 X136.68 Y146.524 E.00466
;LAYER_CHANGE
;Z:34.25
;HEIGHT:0.200001
G1 Z34.25 F15000
G1 X136.961 Y146.039
G1 Z34.25
M204 S2500
;TYPE:Perimeter
;WIDTH:0.449999
G1 F900
G1 X136.961 Y146.5 E.0156
G1 X136.961 Y146.961 E.0156
G1 X119.039 Y146.961 E.60664
G1 X119.039 Y146.039 E.03121
G1 X136.901 Y146.039 E.60461
M204 S4000
G1 X136.901 Y146.039 F15000
G1 X137.368 Y145.632
M204 S2500
G1 F1395
G1 X137.368 Y146.5 E.02938
G1 X137.368 Y147.368 E.02938
G1 X118.632 Y147.368 E.63419
G1 X118.632 Y145.632 E.05876
G1 X137.308 Y145.632 E.63216
M204 S4000
G1 X137.775 Y145.225 F15000
M204 S2500
;TYPE:External perimeter
G1 F1395
G1 X137.775 Y146.5 E.04316
G1 X137.775 Y147.775 E.04316
G1 X118.225 Y147.775 E.66174
G1 X118.225 Y145.225 E.08631
G1 X137.715 Y145.225 E.65971
M204 S4000
G1 X137.774 Y145.621 F15000
G1 E-2 F2400
G1 X119.32 Y146.32 F15000
G1 E2 F2400
;TYPE:Solid infill
;WIDTH:0.401994
G1 F1395
G1 X119.32 Y146.68 E.01075
G1 X136.68 Y146.68 E.51832
G1 X136.68 Y146.32 E.01075
G1 X119.524 Y146.32 E.51223
;LAYER_CHANGE
;Z:34.45
;HEIGHT:0.200001
G1 Z34.45 F15000
G1 E-2 F2400
G1 Z34.45 F15000
G1 X136.961 Y146.039
G1 Z34.45
G1 E2 F2400
M204 S2500
;TYPE:Perimeter
;WIDTH:0.449999
G1 F900
G1 X136.961 Y146.5 E.0156
G1 X136.961 Y146.961 E.0156
G1 X119.039 Y146.961 E.60664
G1 X119.039 Y146.039 E.03121
G1 X136.901 Y146.039 E.60461
M204 S4000
G1 X136.901 Y146.039 F15000
G1 X137.368 Y145.632
M204 S2500
G1 F1419
G1 X137.368 Y146.5 E.02938
G1 X137.368 Y147.368 E.02938
G1 X118.632 Y147.368 E.63419
G1 X118.632 Y145.632 E.05876
G1 X137.308 Y145.632 E.63216
M204 S4000
G1 X137.775 Y145.225 F15000
M204 S2500
;TYPE:External perimeter
G1 F1419
G1 X137.775 Y146.5 E.04316
G1 X137.775 Y147.775 E.04316
G1 X118.225 Y147.775 E.66174
G1 X118.225 Y145.225 E.08631
G1 X137.715 Y145.225 E.65971
M204 S4000
G1 X137.774 Y145.621 F15000
G1 X136.68 Y146.32
;TYPE:Solid infill
;WIDTH:0.401993
G1 F1419
G1 X119.32 Y146.32 E.51832
G1 X119.32 Y146.68 E.01075
G1 X136.68 Y146.68 E.51832
G1 X136.68 Y146.524 E.00466
;LAYER_CHANGE
;Z:34.65
;HEIGHT:0.200001
G1 Z34.65 F15000
G1 X136.961 Y146.039
G1 Z34.65
M204 S2500
;TYPE:Perimeter
;WIDTH:0.449999
G1 F900
G1 X136.961 Y146.5 E.0156
G1 X136.961 Y146.961 E.0156
G1 X119.039 Y146.961 E.60664
G1 X119.039 Y146.039 E.03121
G1 X136.901 Y146.039 E.60461
M204 S4000
G1 X136.901 Y146.039 F15000
G1 X137.368 Y145.632
M204 S2500
G1 F1395
G1 X137.368 Y146.5 E.02938
G1 X137.368 Y147.368 E.02938
G1 X118.632 Y147.368 E.63419
G1 X118.632 Y145.632 E.05876
G1 X137.308 Y145.632 E.63216
M204 S4000
G1 X137.775 Y145.225 F15000
M204 S2500
;TYPE:External perimeter
G1 F1395
G1 X137.775 Y146.5 E.04316
G1 X137.775 Y147.775 E.04316
G1 X118.225 Y147.775 E.66174
G1 X118.225 Y145.225 E.08631
G1 X137.715 Y145.225 E.65971
M204 S4000
G1 X137.774 Y145.621 F15000
G1 E-2 F2400
G1 X119.32 Y146.32 F15000
G1 E2 F2400
;TYPE:Solid infill
;WIDTH:0.401994
G1 F1395
G1 X119.32 Y146.68 E.01075
G1 X136.68 Y146.68 E.51832
G1 X136.68 Y146.32 E.01075
G1 X119.524 Y146.32 E.51223
;LAYER_CHANGE
;Z:34.85
;HEIGHT:0.199997
G1 Z34.85 F15000
G1 E-2 F2400
G1 Z34.85 F15000
G1 X136.961 Y146.039
G1 Z34.85
G1 E2 F2400
M204 S2500
;TYPE:Perimeter
;WIDTH:0.449999
G1 F900
G1 X136.961 Y146.5 E.0156
G1 X136.961 Y146.961 E.0156
G1 X119.039 Y146.961 E.60664
G1 X119.039 Y146.039 E.03121
G1 X136.901 Y146.039 E.60461
M204 S4000
G1 X136.901 Y146.039 F15000
G1 X137.368 Y145.632
M204 S2500
G1 F1419
G1 X137.368 Y146.5 E.02938
G1 X137.368 Y147.368 E.02938
G1 X118.632 Y147.368 E.63419
G1 X118.632 Y145.632 E.05876
G1 X137.308 Y145.632 E.63216
M204 S4000
G1 X137.775 Y145.225 F15000
M204 S2500
;TYPE:External perimeter
G1 F1419
G1 X137.775 Y146.5 E.04316
G1 X137.775 Y147.775 E.04316
G1 X118.225 Y147.775 E.66174
G1 X118.225 Y145.225 E.08631
G1 X137.715 Y145.225 E.65971
M204 S4000
G1 X137.774 Y145.621 F15000
G1 X136.68 Y146.32
;TYPE:Solid infill
;WIDTH:0.401993
G1 F1419
G1 X119.32 Y146.32 E.51832
G1 X119.32 Y146.68 E.01075
G1 X136.68 Y146.68 E.51832
G1 X136.68 Y146.524 E.00466
;LAYER_CHANGE
;Z:35.05
;HEIGHT:0.200001
G1 Z35.05 F15000
G1 X136.961 Y146.039
G1 Z35.05
M204 S2500
;TYPE:Perimeter
;WIDTH:0.449999
G1 F900
G1 X136.961 Y146.5 E.0156
G1 X136.961 Y146.961 E.0156
G1 X119.039 Y146.961 E.60664
G1 X119.039 Y146.039 E.03121
G1 X136.901 Y146.039 E.60461
M204 S4000
G1 X136.901 Y146.039 F15000
G1 X137.368 Y145.632
M204 S2500
G1 F1395
G1 X137.368 Y146.5 E.02938
G1 X137.368 Y147.368 E.02938
G1 X118.632 Y147.368 E.63419
G1 X118.632 Y145.632 E.05876
G1 X137.308 Y145.632 E.63216
M204 S4000
G1 X137.775 Y145.225 F15000
M204 S2500
;TYPE:External perimeter
G1 F1395
G1 X137.775 Y146.5 E.04316
G1 X137.775 Y147.775 E.04316
G1 X118.225 Y147.775 E.66174
G1 X118.225 Y145.225 E.08631
G1 X137.715 Y145.225 E.65971
M204 S4000
G1 X137.774 Y145.621 F15000
G1 E-2 F2400
G1 X119.32 Y146.32 F15000
G1 E2 F2400
;TYPE:Solid infill
;WIDTH:0.401994
G1 F1395
G1 X119.32 Y146.68 E.01075
G1 X136.68 Y146.68 E.51832
G1 X136.68 Y146.32 E.01075
G1 X119.524 Y146.32 E.51223
;LAYER_CHANGE
;Z:35.25
;HEIGHT:0.200001
G1 Z35.25 F15000
G1 E-2 F2400
G1 Z35.25 F15000
G1 X136.961 Y146.039
G1 Z35.25
G1 E2 F2400
M204 S2500
;TYPE:Perimeter
;WIDTH:0.449999
G1 F900
G1 X136.961 Y146.5 E.0156
G1 X136.961 Y146.961 E.0156
G1 X119.039 Y146.961 E.60664
G1 X119.039 Y146.039 E.03121
G1 X136.901 Y146.039 E.60461
M204 S4000
G1 X136.901 Y146.039 F15000
G1 X137.368 Y145.632
M204 S2500
G1 F1419
G1 X137.368 Y146.5 E.02938
G1 X137.368 Y147.368 E.02938
G1 X118.632 Y147.368 E.63419
G1 X118.632 Y145.632 E.05876
G1 X137.308 Y145.632 E.63216
M204 S4000
G1 X137.775 Y145.225 F15000
M204 S2500
;TYPE:External perimeter
G1 F1419
G1 X137.775 Y146.5 E.04316
G1 X137.775 Y147.775 E.04316
G1 X118.225 Y147.775 E.66174
G1 X118.225 Y145.225 E.08631
G1 X137.715 Y145.225 E.65971
M204 S4000
G1 X137.774 Y145.621 F15000
G1 X136.68 Y146.32
;TYPE:Solid infill
;WIDTH:0.401993
G1 F1419
G1 X119.32 Y146.32 E.51832
G1 X119.32 Y146.68 E.01075
G1 X136.68 Y146.68 E.51832
G1 X136.68 Y146.524 E.00466
;LAYER_CHANGE
;Z:35.45
;HEIGHT:0.200001
G1 Z35.45 F15000
G1 X136.961 Y146.039
G1 Z35.45
M204 S2500
;TYPE:Perimeter
;WIDTH:0.449999
G1 F900
G1 X136.961 Y146.5 E.0156
G1 X136.961 Y146.961 E.0156
G1 X119.039 Y146.961 E.60664
G1 X119.039 Y146.039 E.03121
G1 X136.901 Y146.039 E.60461
M204 S4000
G1 X136.901 Y146.039 F15000
G1 X137.368 Y145.632
M204 S2500
G1 F1395
G1 X137.368 Y146.5 E.02938
G1 X137.368 Y147.368 E.02938
G1 X118.632 Y147.368 E.63419
G1 X118.632 Y145.632 E.05876
G1 X137.308 Y145.632 E.63216
M204 S4000
G1 X137.775 Y145.225 F15000
M204 S2500
;TYPE:External perimeter
G1 F1395
G1 X137.775 Y146.5 E.04316
G1 X137.775 Y147.775 E.04316
G1 X118.225 Y147.775 E.66174
G1 X118.225 Y145.225 E.08631
G1 X137.715 Y145.225 E.65971
M204 S4000
G1 X137.774 Y145.621 F15000
G1 E-2 F2400
G1 X119.32 Y146.32 F15000
G1 E2 F2400
;TYPE:Solid infill
;WIDTH:0.401994
G1 F1395
G1 X119.32 Y146.68 E.01075
G1 X136.68 Y146.68 E.51832
G1 X136.68 Y146.32 E.01075
G1 X119.524 Y146.32 E.51223
;LAYER_CHANGE
;Z:35.65
;HEIGHT:0.200001
G1 Z35.65 F15000
G1 E-2 F2400
G1 Z35.65 F15000
G1 X136.961 Y146.039
G1 Z35.65
G1 E2 F2400
M204 S2500
;TYPE:Perimeter
;WIDTH:0.449999
G1 F900
G1 X136.961 Y146.5 E.0156
G1 X136.961 Y146.961 E.0156
G1 X119.039 Y146.961 E.60664
G1 X119.039 Y146.039 E.03121
G1 X136.901 Y146.039 E.60461
M204 S4000
G1 X136.901 Y146.039 F15000
G1 X137.368 Y145.632
M204 S2500
G1 F1419
G1 X137.368 Y146.5 E.02938
G1 X137.368 Y147.368 E.02938
G1 X118.632 Y147.368 E.63419
G1 X118.632 Y145.632 E.05876
G1 X137.308 Y145.632 E.63216
M204 S4000
G1 X137.775 Y145.225 F15000
M204 S2500
;TYPE:External perimeter
G1 F1419
G1 X137.775 Y146.5 E.04316
G1 X137.775 Y147.775 E.04316
G1 X118.225 Y147.775 E.66174
G1 X118.225 Y145.225 E.08631
G1 X137.715 Y145.225 E.65971
M204 S4000
G1 X137.774 Y145.621 F15000
G1 X136.68 Y146.32
;TYPE:Solid infill
;WIDTH:0.401993
G1 F1419
G1 X119.32 Y146.32 E.51832
G1 X119.32 Y146.68 E.01075
G1 X136.68 Y146.68 E.51832
G1 X136.68 Y146.524 E.00466
;LAYER_CHANGE
;Z:35.85
;HEIGHT:0.199997
G1 Z35.85 F15000
G1 X136.961 Y146.039
G1 Z35.85
M204 S2500
;TYPE:Perimeter
;WIDTH:0.449999
G1 F900
G1 X136.961 Y146.5 E.0156
G1 X136.961 Y146.961 E.0156
G1 X119.039 Y146.961 E.60664
G1 X119.039 Y146.039 E.03121
G1 X136.901 Y146.039 E.60461
M204 S4000
G1 X136.901 Y146.039 F15000
G1 X137.368 Y145.632
M204 S2500
G1 F1395
G1 X137.368 Y146.5 E.02938
G1 X137.368 Y147.368 E.02938
G1 X118.632 Y147.368 E.63419
G1 X118.632 Y145.632 E.05876
G1 X137.308 Y145.632 E.63216
M204 S4000
G1 X137.775 Y145.225 F15000
M204 S2500
;TYPE:External perimeter
G1 F1395
G1 X137.775 Y146.5 E.04316
G1 X137.775 Y147.775 E.04316
G1 X118.225 Y147.775 E.66174
G1 X118.225 Y145.225 E.08631
G1 X137.715 Y145.225 E.65971
M204 S4000
G1 X137.774 Y145.621 F15000
G1 E-2 F2400
G1 X119.32 Y146.32 F15000
G1 E2 F2400
;TYPE:Solid infill
;WIDTH:0.401994
G1 F1395
G1 X119.32 Y146.68 E.01075
G1 X136.68 Y146.68 E.51832
G1 X136.68 Y146.32 E.01075
G1 X119.524 Y146.32 E.51223
;LAYER_CHANGE
;Z:36.05
;HEIGHT:0.200001
G1 Z36.05 F15000
G1 E-2 F2400
G1 Z36.05 F15000
G1 X136.961 Y146.039
G1 Z36.05
G1 E2 F2400
M204 S2500
;TYPE:Perimeter
;WIDTH:0.449999
G1 F900
G1 X136.961 Y146.5 E.0156
G1 X136.961 Y146.961 E.0156
G1 X119.039 Y146.961 E.60664
G1 X119.039 Y146.039 E.03121
G1 X136.901 Y146.039 E.60461
M204 S4000
G1 X136.901 Y146.039 F15000
G1 X137.368 Y145.632
M204 S2500
G1 F1419
G1 X137.368 Y146.5 E.02938
G1 X137.368 Y147.368 E.02938
G1 X118.632 Y147.368 E.63419
G1 X118.632 Y145.632 E.05876
G1 X137.308 Y145.632 E.63216
M204 S4000
G1 X137.775 Y145.225 F15000
M204 S2500
;TYPE:External perimeter
G1 F1419
G1 X137.775 Y146.5 E.04316
G1 X137.775 Y147.775 E.04316
G1 X118.225 Y147.775 E.66174
G1 X118.225 Y145.225 E.08631
G1 X137.715 Y145.225 E.65971
M204 S4000
G1 X137.774 Y145.621 F15000
G1 X136.68 Y146.32
;TYPE:Solid infill
;WIDTH:0.401993
G1 F1419
G1 X119.32 Y146.32 E.51832
G1 X119.32 Y146.68 E.01075
G1 X136.68 Y146.68 E.51832
G1 X136.68 Y146.524 E.00466
;LAYER_CHANGE
;Z:36.25
;HEIGHT:0.200001
G1 Z36.25 F15000
G1 X136.961 Y146.039
G1 Z36.25
M204 S2500
;TYPE:Perimeter
;WIDTH:0.449999
G1 F900
G1 X136.961 Y146.5 E.0156
G1 X136.961 Y146.961 E.0156
G1 X119.039 Y146.961 E.60664
G1 X119.039 Y146.039 E.03121
G1 X136.901 Y146.039 E.60461
M204 S4000
G1 X136.901 Y146.039 F15000
G1 X137.368 Y145.632
M204 S2500
G1 F1395
G1 X137.368 Y146.5 E.02938
G1 X137.368 Y147.368 E.02938
G1 X118.632 Y147.368 E.63419
G1 X118.632 Y145.632 E.05876
G1 X137.308 Y145.632 E.63216
M204 S4000
G1 X137.775 Y145.225 F15000
M204 S2500
;TYPE:External perimeter
G1 F1395
G1 X137.775 Y146.5 E.04316
G1 X137.775 Y147.775 E.04316
G1 X118.225 Y147.775 E.66174
G1 X118.225 Y145.225 E.08631
G1 X137.715 Y145.225 E.65971
M204 S4000
G1 X137.774 Y145.621 F15000
G1 E-2 F2400
G1 X119.32 Y146.32 F15000
G1 E2 F2400
;TYPE:Solid infill
;WIDTH:0.401994
G1 F1395
G1 X119.32 Y146.68 E.01075
G1 X136.68 Y146.68 E.51832
G1 X136.68 Y146.32 E.01075
G1 X119.524 Y146.32 E.51223
;LAYER_CHANGE
;Z:36.45
;HEIGHT:0.200001
G1 Z36.45 F15000
G1 E-2 F2400
G1 Z36.45 F15000
G1 X136.961 Y146.039
G1 Z36.45
G1 E2 F2400
M204 S2500
;TYPE:Perimeter
;WIDTH:0.449999
G1 F900
G1 X136.961 Y146.5 E.0156
G1 X136.961 Y146.961 E.0156
G1 X119.039 Y146.961 E.60664
G1 X119.039 Y146.039 E.03121
G1 X136.901 Y146.039 E.60461
M204 S4000
G1 X136.901 Y146.039 F15000
G1 X137.368 Y145.632
M204 S2500
G1 F1419
G1 X137.368 Y146.5 E.02938
G1 X137.368 Y147.368 E.02938
G1 X118.632 Y147.368 E.63419
G1 X118.632 Y145.632 E.05876
G1 X137.308 Y145.632 E.63216
M204 S4000
G1 X137.775 Y145.225 F15000
M204 S2500
;TYPE:External perimeter
G1 F1419
G1 X137.775 Y146.5 E.04316
G1 X137.775 Y147.775 E.04316
G1 X118.225 Y147.775 E.66174
G1 X118.225 Y145.225 E.08631
G1 X137.715 Y145.225 E.65971
M204 S4000
G1 X137.774 Y145.621 F15000
G1 X136.68 Y146.32
;TYPE:Solid infill
;WIDTH:0.401993
G1 F1419
G1 X119.32 Y146.32 E.51832
G1 X119.32 Y146.68 E.01075
G1 X136.68 Y146.68 E.51832
G1 X136.68 Y146.524 E.00466
;LAYER_CHANGE
;Z:36.65
;HEIGHT:0.200001
G1 Z36.65 F15000
G1 X136.961 Y146.039
G1 Z36.65
M204 S2500
;TYPE:Perimeter
;WIDTH:0.449999
G1 F900
G1 X136.961 Y146.5 E.0156
G1 X136.961 Y146.961 E.0156
G1 X119.039 Y146.961 E.60664
G1 X119.039 Y146.039 E.03121
G1 X136.901 Y146.039 E.60461
M204 S4000
G1 X136.901 Y146.039 F15000
G1 X137.368 Y145.632
M204 S2500
G1 F1395
G1 X137.368 Y146.5 E.02938
G1 X137.368 Y147.368 E.02938
G1 X118.632 Y147.368 E.63419
G1 X118.632 Y145.632 E.05876
G1 X137.308 Y145.632 E.63216
M204 S4000
G1 X137.775 Y145.225 F15000
M204 S2500
;TYPE:External perimeter
G1 F1395
G1 X137.775 Y146.5 E.04316
G1 X137.775 Y147.775 E.04316
G1 X118.225 Y147.775 E.66174
G1 X118.225 Y145.225 E.08631
G1 X137.715 Y145.225 E.65971
M204 S4000
G1 X137.774 Y145.621 F15000
G1 E-2 F2400
G1 X119.32 Y146.32 F15000
G1 E2 F2400
;TYPE:Solid infill
;WIDTH:0.401994
G1 F1395
G1 X119.32 Y146.68 E.01075
G1 X136.68 Y146.68 E.51832
G1 X136.68 Y146.32 E.01075
G1 X119.524 Y146.32 E.51223
;LAYER_CHANGE
;Z:36.85
;HEIGHT:0.199997
G1 Z36.85 F15000
G1 E-2 F2400
G1 Z36.85 F15000
G1 X136.961 Y146.039
G1 Z36.85
G1 E2 F2400
M204 S2500
;TYPE:Perimeter
;WIDTH:0.449999
G1 F900
G1 X136.961 Y146.5 E.0156
G1 X136.961 Y146.961 E.0156
G1 X119.039 Y146.961 E.60664
G1 X119.039 Y146.039 E.03121
G1 X136.901 Y146.039 E.60461
M204 S4000
G1 X136.901 Y146.039 F15000
G1 X137.368 Y145.632
M204 S2500
G1 F1419
G1 X137.368 Y146.5 E.02938
G1 X137.368 Y147.368 E.02938
G1 X118.632 Y147.368 E.63419
G1 X118.632 Y145.632 E.05876
G1 X137.308 Y145.632 E.63216
M204 S4000
G1 X137.775 Y145.225 F15000
M204 S2500
;TYPE:External perimeter
G1 F1419
G1 X137.775 Y146.5 E.04316
G1 X137.775 Y147.775 E.04316
G1 X118.225 Y147.775 E.66174
G1 X118.225 Y145.225 E.08631
G1 X137.715 Y145.225 E.65971
M204 S4000
G1 X137.774 Y145.621 F15000
G1 X136.68 Y146.32
;TYPE:Solid infill
;WIDTH:0.401993
G1 F1419
G1 X119.32 Y146.32 E.51832
G1 X119.32 Y146.68 E.01075
G1 X136.68 Y146.68 E.51832
G1 X136.68 Y146.524 E.00466
;LAYER_CHANGE
;Z:37.05
;HEIGHT:0.200001
G1 Z37.05 F15000
G1 X136.961 Y146.039
G1 Z37.05
M204 S2500
;TYPE:Perimeter
;WIDTH:0.449999
G1 F900
G1 X136.961 Y146.5 E.0156
G1 X136.961 Y146.961 E.0156
G1 X119.039 Y146.961 E.60664
G1 X119.039 Y146.039 E.03121
G1 X136.901 Y146.039 E.60461
M204 S4000
G1 X136.901 Y146.039 F15000
G1 X137.368 Y145.632
M204 S2500
G1 F1395
G1 X137.368 Y146.5 E.02938
G1 X137.368 Y147.368 E.02938
G1 X118.632 Y147.368 E.63419
G1 X118.632 Y145.632 E.05876
G1 X137.308 Y145.632 E.63216
M204 S4000
G1 X137.775 Y145.225 F15000
M204 S2500
;TYPE:External perimeter
G1 F1395
G1 X137.775 Y146.5 E.04316
G1 X137.775 Y147.775 E.04316
G1 X118.225 Y147.775 E.66174
G1 X118.225 Y145.225 E.08631
G1 X137.715 Y145.225 E.65971
M204 S4000
G1 X137.774 Y145.621 F15000
G1 E-2 F2400
G1 X119.32 Y146.32 F15000
G1 E2 F2400
;TYPE:Solid infill
;WIDTH:0.401994
G1 F1395
G1 X119.32 Y146.68 E.01075
G1 X136.68 Y146.68 E.51832
G1 X136.68 Y146.32 E.01075
G1 X119.524 Y146.32 E.51223
;LAYER_CHANGE
;Z:37.25
;HEIGHT:0.200001
G1 Z37.25 F15000
G1 E-2 F2400
G1 Z37.25 F15000
G1 X136.961 Y146.039
G1 Z37.25
G1 E2 F2400
M204 S2500
;TYPE:Perimeter
;WIDTH:0.449999
G1 F900
G1 X136.961 Y146.5 E.0156
G1 X136.961 Y146.961 E.0156
G1 X119.039 Y146.961 E.60664
G1 X119.039 Y146.039 E.03121
G1 X136.901 Y146.039 E.60461
M204 S4000
G1 X136.901 Y146.039 F15000
G1 X137.368 Y145.632
M204 S2500
G1 F1419
G1 X137.368 Y146.5 E.02938
G1 X137.368 Y147.368 E.02938
G1 X118.632 Y147.368 E.63419
G1 X118.632 Y145.632 E.05876
G1 X137.308 Y145.632 E.63216
M204 S4000
G1 X137.775 Y145.225 F15000
M204 S2500
;TYPE:External perimeter
G1 F1419
G1 X137.775 Y146.5 E.04316
G1 X137.775 Y147.775 E.04316
G1 X118.225 Y147.775 E.66174
G1 X118.225 Y145.225 E.08631
G1 X137.715 Y145.225 E.65971
M204 S4000
G1 X137.774 Y145.621 F15000
G1 X136.68 Y146.32
;TYPE:Solid infill
;WIDTH:0.401993
G1 F1419
G1 X119.32 Y146.32 E.51832
G1 X119.32 Y146.68 E.01075
G1 X136.68 Y146.68 E.51832
G1 X136.68 Y146.524 E.00466
;LAYER_CHANGE
;Z:37.45
;HEIGHT:0.200001
G1 Z37.45 F15000
G1 X136.961 Y146.039
G1 Z37.45
M204 S2500
;TYPE:Perimeter
;WIDTH:0.449999
G1 F900
G1 X136.961 Y146.5 E.0156
G1 X136.961 Y146.961 E.0156
G1 X119.039 Y146.961 E.60664
G1 X119.039 Y146.039 E.03121
G1 X136.901 Y146.039 E.60461
M204 S4000
G1 X136.901 Y146.039 F15000
G1 X137.368 Y145.632
M204 S2500
G1 F1395
G1 X137.368 Y146.5 E.02938
G1 X137.368 Y147.368 E.02938
G1 X118.632 Y147.368 E.63419
G1 X118.632 Y145.632 E.05876
G1 X137.308 Y145.632 E.63216
M204 S4000
G1 X137.775 Y145.225 F15000
M204 S2500
;TYPE:External perimeter
G1 F1395
G1 X137.775 Y146.5 E.04316
G1 X137.775 Y147.775 E.04316
G1 X118.225 Y147.775 E.66174
G1 X118.225 Y145.225 E.08631
G1 X137.715 Y145.225 E.65971
M204 S4000
G1 X137.774 Y145.621 F15000
G1 E-2 F2400
G1 X119.32 Y146.32 F15000
G1 E2 F2400
;TYPE:Solid infill
;WIDTH:0.401994
G1 F1395
G1 X119.32 Y146.68 E.01075
G1 X136.68 Y146.68 E.51832
G1 X136.68 Y146.32 E.01075
G1 X119.524 Y146.32 E.51223
;LAYER_CHANGE
;Z:37.65
;HEIGHT:0.200001
G1 Z37.65 F15000
G1 E-2 F2400
G1 Z37.65 F15000
G1 X136.961 Y146.039
G1 Z37.65
G1 E2 F2400
M204 S2500
;TYPE:Perimeter
;WIDTH:0.449999
G1 F900
G1 X136.961 Y146.5 E.0156
G1 X136.961 Y146.961 E.0156
G1 X119.039 Y146.961 E.60664
G1 X119.039 Y146.039 E.03121
G1 X136.901 Y146.039 E.60461
M204 S4000
G1 X136.901 Y146.039 F15000
G1 X137.368 Y145.632
M204 S2500
G1 F1419
G1 X137.368 Y146.5 E.02938
G1 X137.368 Y147.368 E.02938
G1 X118.632 Y147.368 E.63419
G1 X118.632 Y145.632 E.05876
G1 X137.308 Y145.632 E.63216
M204 S4000
G1 X137.775 Y145.225 F15000
M204 S2500
;TYPE:External perimeter
G1 F1419
G1 X137.775 Y146.5 E.04316
G1 X137.775 Y147.775 E.04316
G1 X118.225 Y147.775 E.66174
G1 X118.225 Y145.225 E.08631
G1 X137.715 Y145.225 E.65971
M204 S4000
G1 X137.774 Y145.621 F15000
G1 X136.68 Y146.32
;TYPE:Solid infill
;WIDTH:0.401993
G1 F1419
G1 X119.32 Y146.32 E.51832
G1 X119.32 Y146.68 E.01075
G1 X136.68 Y146.68 E.51832
G1 X136.68 Y146.524 E.00466
;LAYER_CHANGE
;Z:37.85
;HEIGHT:0.199997
G1 Z37.85 F15000
G1 X136.961 Y146.039
G1 Z37.85
M204 S2500
;TYPE:Perimeter
;WIDTH:0.449999
G1 F900
G1 X136.961 Y146.5 E.0156
G1 X136.961 Y146.961 E.0156
G1 X119.039 Y146.961 E.60664
G1 X119.039 Y146.039 E.03121
G1 X136.901 Y146.039 E.60461
M204 S4000
G1 X136.901 Y146.039 F15000
G1 X137.368 Y145.632
M204 S2500
G1 F1395
G1 X137.368 Y146.5 E.02938
G1 X137.368 Y147.368 E.02938
G1 X118.632 Y147.368 E.63419
G1 X118.632 Y145.632 E.05876
G1 X137.308 Y145.632 E.63216
M204 S4000
G1 X137.775 Y145.225 F15000
M204 S2500
;TYPE:External perimeter
G1 F1395
G1 X137.775 Y146.5 E.04316
G1 X137.775 Y147.775 E.04316
G1 X118.225 Y147.775 E.66174
G1 X118.225 Y145.225 E.08631
G1 X137.715 Y145.225 E.65971
M204 S4000
G1 X137.774 Y145.621 F15000
G1 E-2 F2400
G1 X119.32 Y146.32 F15000
G1 E2 F2400
;TYPE:Solid infill
;WIDTH:0.401994
G1 F1395
G1 X119.32 Y146.68 E.01075
G1 X136.68 Y146.68 E.51832
G1 X136.68 Y146.32 E.01075
G1 X119.524 Y146.32 E.51223
;LAYER_CHANGE
;Z:38.05
;HEIGHT:0.200001
G1 Z38.05 F15000
G1 E-2 F2400
G1 Z38.05 F15000
G1 X136.961 Y146.039
G1 Z38.05
G1 E2 F2400
M204 S2500
;TYPE:Perimeter
;WIDTH:0.449999
G1 F900
G1 X136.961 Y146.5 E.0156
G1 X136.961 Y146.961 E.0156
G1 X119.039 Y146.961 E.60664
G1 X119.039 Y146.039 E.03121
G1 X136.901 Y146.039 E.60461
M204 S4000
G1 X136.901 Y146.039 F15000
G1 X137.368 Y145.632
M204 S2500
G1 F1413
G1 X137.368 Y146.5 E.02938
G1 X137.368 Y147.368 E.02938
G1 X118.632 Y147.368 E.63419
G1 X118.632 Y145.632 E.05876
G1 X137.308 Y145.632 E.63216
M204 S4000
G1 X137.775 Y145.225 F15000
M204 S2500
;TYPE:External perimeter
G1 F1413
G1 X137.775 Y146.5 E.04316
G1 X137.775 Y147.775 E.04316
G1 X118.225 Y147.775 E.66174
G1 X118.225 Y145.225 E.08631
G1 X137.715 Y145.225 E.65971
M204 S4000
G1 X137.774 Y145.621 F15000
G1 X136.68 Y146.32
;TYPE:Solid infill
;WIDTH:0.402003
G1 F1413
G1 X135.984 Y146.32 E.02078
G1 X135.984 Y146.68 E.01075
G1 X136.68 Y146.68 E.02078
G1 X136.68 Y146.524 E.00466
G1 X136.68 Y146.524 F15000
G1 X134.876 Y146.839
;TYPE:Top solid infill
;WIDTH:0.490345
G1 F1413
G1 X135.37 Y146.344 E.02602
G1 X134.737 Y146.344 E.02355
G1 X134.426 Y146.656 E.01639
G1 X133.794 Y146.656 E.02351
G1 X134.105 Y146.344 E.01639
G1 X133.472 Y146.344 E.02355
G1 X133.161 Y146.656 E.01639
G1 X132.528 Y146.656 E.02355
G1 X132.839 Y146.344 E.01639
G1 X132.206 Y146.344 E.02355
G1 X131.895 Y146.656 E.01639
G1 X131.263 Y146.656 E.02351
G1 X131.574 Y146.344 E.01639
G1 X130.941 Y146.344 E.02355
G1 X130.447 Y146.839 E.02602
G1 X130.447 Y146.839 F15000
G1 X130.016 Y146.32
;TYPE:Solid infill
;WIDTH:0.402002
G1 F1413
G1 X125.984 Y146.32 E.12039
G1 X125.984 Y146.68 E.01075
G1 X130.016 Y146.68 E.12039
G1 X130.016 Y146.524 E.00466
G1 E-2 F2400
G1 X130.016 Y146.524 F15000
G1 X124.876 Y146.839
G1 E2 F2400
;TYPE:Top solid infill
;WIDTH:0.490345
G1 F1413
G1 X125.37 Y146.344 E.02602
G1 X124.737 Y146.344 E.02355
G1 X124.426 Y146.656 E.01639
G1 X123.794 Y146.656 E.02351
G1 X124.105 Y146.344 E.01639
G1 X123.472 Y146.344 E.02355
G1 X123.161 Y146.656 E.01639
G1 X122.528 Y146.656 E.02355
G1 X122.839 Y146.344 E.01639
G1 X122.206 Y146.344 E.02355
G1 X121.895 Y146.656 E.01639
G1 X121.263 Y146.656 E.02351
G1 X121.574 Y146.344 E.01639
G1 X120.941 Y146.344 E.02355
G1 X120.447 Y146.839 E.02602
G1 X120.447 Y146.839 F15000
G1 X120.016 Y146.32
;TYPE:Solid infill
;WIDTH:0.402002
G1 F1413
G1 X119.32 Y146.32 E.02078
G1 X119.32 Y146.68 E.01075
G1 X120.016 Y146.68 E.02078
G1 X120.016 Y146.524 E.00466
;LAYER_CHANGE
;Z:38.25
;HEIGHT:0.200001
G1 Z38.25 F15000
G1 X121.201 Y146.039
G1 Z38.25
M204 S2500
;TYPE:Perimeter
;WIDTH:0.449999
G1 F900
G1 X121.201 Y146.5 E.0156
G1 X121.201 Y146.961 E.0156
G1 X119.039 Y146.961 E.07318
G1 X119.039 Y146.039 E.03121
G1 X121.141 Y146.039 E.07115
M204 S4000
G1 X121.141 Y146.039 F15000
G1 X121.609 Y145.632
M204 S2500
G1 F900
G1 X121.609 Y146.5 E.02938
G1 X121.609 Y147.368 E.02938
G1 X118.632 Y147.368 E.10077
G1 X118.632 Y145.632 E.05876
G1 X121.549 Y145.632 E.09874
M204 S4000
G1 X121.549 Y145.632 F15000
G1 X122.016 Y145.225
M204 S2500
;TYPE:External perimeter
G1 F900
G1 X122.016 Y146.5 E.04316
G1 X122.016 Y147.775 E.04316
G1 X118.225 Y147.775 E.12832
G1 X118.225 Y145.225 E.08631
G1 X121.956 Y145.225 E.12629
M204 S4000
G1 X122.015 Y145.621 F15000
G1 E-2 F2400
G1 X119.32 Y146.32 F15000
G1 E2 F2400
;TYPE:Solid infill
;WIDTH:0.402004
G1 F3300
G1 X119.32 Y146.68 E.01075
G1 X120.92 Y146.68 E.04777
G1 X120.92 Y146.32 E.01075
G1 X119.524 Y146.32 E.04168
G1 E-2 F2400
G1 X119.524 Y146.32 F15000
G1 X124.799 Y146.961
G1 E2 F2400
M204 S2500
;TYPE:Perimeter
;WIDTH:0.449999
G1 F900
G1 X124.799 Y146.039 E.03121
G1 X131.201 Y146.039 E.2167
G1 X131.201 Y146.5 E.0156
G1 X131.201 Y146.961 E.0156
G1 X124.859 Y146.961 E.21467
M204 S4000
G1 X124.859 Y146.961 F15000
G1 X124.391 Y147.368
M204 S2500
G1 F900
G1 X124.391 Y145.632 E.05876
G1 X131.609 Y145.632 E.24432
G1 X131.609 Y146.5 E.02938
G1 X131.609 Y147.368 E.02938
G1 X124.451 Y147.368 E.24229
M204 S4000
G1 X124.451 Y147.368 F15000
G1 X123.984 Y147.775
M204 S2500
;TYPE:External perimeter
G1 F900
G1 X123.984 Y145.225 E.08631
G1 X132.016 Y145.225 E.27187
G1 X132.016 Y146.5 E.04316
G1 X132.016 Y147.775 E.04316
G1 X124.044 Y147.775 E.26984
M204 S4000
G1 X123.985 Y147.379 F15000
G1 X125.08 Y146.32
;TYPE:Solid infill
;WIDTH:0.402004
G1 F3300
G1 X125.08 Y146.68 E.01075
G1 X130.92 Y146.68 E.17437
G1 X130.92 Y146.32 E.01075
G1 X125.283 Y146.32 E.16831
G1 E-2 F2400
G1 X125.283 Y146.32 F15000
G1 X134.799 Y146.961
G1 E2 F2400
M204 S2500
;TYPE:Perimeter
;WIDTH:0.449999
G1 F900
G1 X134.799 Y146.039 E.03121
G1 X136.961 Y146.039 E.07318
G1 X136.961 Y146.5 E.0156
G1 X136.961 Y146.961 E.0156
G1 X134.859 Y146.961 E.07115
M204 S4000
G1 X134.859 Y146.961 F15000
G1 X134.391 Y147.368
M204 S2500
G1 F900
G1 X134.391 Y145.632 E.05876
G1 X137.368 Y145.632 E.10077
G1 X137.368 Y146.5 E.02938
G1 X137.368 Y147.368 E.02938
G1 X134.451 Y147.368 E.09874
M204 S4000
G1 X134.451 Y147.368 F15000
G1 X133.984 Y147.775
M204 S2500
;TYPE:External perimeter
G1 F900
G1 X133.984 Y145.225 E.08631
G1 X137.775 Y145.225 E.12832
G1 X137.775 Y146.5 E.04316
G1 X137.775 Y147.775 E.04316
G1 X134.044 Y147.775 E.12629
M204 S4000
G1 X133.985 Y147.379 F15000
G1 X135.08 Y146.32
;TYPE:Solid infill
;WIDTH:0.402004
G1 F3300
G1 X135.08 Y146.68 E.01075
G1 X136.68 Y146.68 E.04777
G1 X136.68 Y146.32 E.01075
G1 X135.283 Y146.32 E.04171
;LAYER_CHANGE
;Z:38.45
;HEIGHT:0.200001
G1 Z38.45 F15000
G1 E-2 F2400
G1 Z38.45 F15000
G1 X120.832 Y146.039
G1 Z38.45
G1 E2 F2400
M204 S2500
;TYPE:Perimeter
;WIDTH:0.449999
G1 F900
G1 X120.832 Y146.5 E.0156
G1 X120.832 Y146.961 E.0156
G1 X119.039 Y146.961 E.06069
G1 X119.039 Y146.039 E.03121
G1 X120.772 Y146.039 E.05866
M204 S4000
G1 X120.772 Y146.039 F15000
G1 X121.239 Y145.632
M204 S2500
G1 F900
G1 X121.239 Y146.5 E.02938
G1 X121.239 Y147.368 E.02938
G1 X118.632 Y147.368 E.08824
G1 X118.632 Y145.632 E.05876
G1 X121.179 Y145.632 E.08621
M204 S4000
G1 X121.179 Y145.632 F15000
G1 X121.646 Y145.225
M204 S2500
;TYPE:External perimeter
G1 F900
G1 X121.646 Y146.5 E.04316
G1 X121.646 Y147.775 E.04316
G1 X118.225 Y147.775 E.1158
G1 X118.225 Y145.225 E.08631
G1 X121.586 Y145.225 E.11377
M204 S4000
G1 X121.645 Y145.621 F15000
G1 X120.55 Y146.32
;TYPE:Solid infill
;WIDTH:0.402003
G1 F3300
G1 X119.32 Y146.32 E.03673
G1 X119.32 Y146.68 E.01075
G1 X120.55 Y146.68 E.03673
G1 X120.55 Y146.524 E.00466
G1 E-2 F2400
G1 X120.55 Y146.524 F15000
G1 X125.168 Y146.961
G1 E2 F2400
M204 S2500
;TYPE:Perimeter
;WIDTH:0.449999
G1 F900
G1 X125.168 Y146.039 E.03121
G1 X130.832 Y146.039 E.19172
G1 X130.832 Y146.5 E.0156
G1 X130.832 Y146.961 E.0156
G1 X125.228 Y146.961 E.18969
M204 S4000
G1 X125.228 Y146.961 F15000
G1 X124.761 Y147.368
M204 S2500
G1 F900
G1 X124.761 Y145.632 E.05876
G1 X131.239 Y145.632 E.21927
G1 X131.239 Y146.5 E.02938
G1 X131.239 Y147.368 E.02938
G1 X124.821 Y147.368 E.21724
M204 S4000
G1 X124.821 Y147.368 F15000
G1 X124.354 Y147.775
M204 S2500
;TYPE:External perimeter
G1 F900
G1 X124.354 Y145.225 E.08631
G1 X131.646 Y145.225 E.24683
G1 X131.646 Y146.5 E.04316
G1 X131.646 Y147.775 E.04316
G1 X124.414 Y147.775 E.24479
M204 S4000
G1 X124.355 Y147.379 F15000
G1 E-2 F2400
G1 X130.55 Y146.32 F15000
G1 E2 F2400
;TYPE:Solid infill
;WIDTH:0.402003
G1 F3300
G1 X125.45 Y146.32 E.15228
G1 X125.45 Y146.68 E.01075
G1 X130.55 Y146.68 E.15228
G1 X130.55 Y146.524 E.00466
G1 E-2 F2400
G1 X130.55 Y146.524 F15000
G1 X135.168 Y146.961
G1 E2 F2400
M204 S2500
;TYPE:Perimeter
;WIDTH:0.449999
G1 F900
G1 X135.168 Y146.039 E.03121
G1 X136.961 Y146.039 E.06069
G1 X136.961 Y146.5 E.0156
G1 X136.961 Y146.961 E.0156
G1 X135.228 Y146.961 E.05866
M204 S4000
G1 X135.228 Y146.961 F15000
G1 X134.761 Y147.368
M204 S2500
G1 F900
G1 X134.761 Y145.632 E.05876
G1 X137.368 Y145.632 E.08824
G1 X137.368 Y146.5 E.02938
G1 X137.368 Y147.368 E.02938
G1 X134.821 Y147.368 E.08621
M204 S4000
G1 X134.821 Y147.368 F15000
G1 X134.354 Y147.775
M204 S2500
;TYPE:External perimeter
G1 F900
G1 X134.354 Y145.225 E.08631
G1 X137.775 Y145.225 E.1158
G1 X137.775 Y146.5 E.04316
G1 X137.775 Y147.775 E.04316
G1 X134.414 Y147.775 E.11377
M204 S4000
G1 X134.355 Y147.379 F15000
G1 X135.45 Y146.32
;TYPE:Solid infill
;WIDTH:0.402002
G1 F3300
G1 X135.45 Y146.68 E.01075
G1 X136.68 Y146.68 E.03673
G1 X136.68 Y146.32 E.01075
G1 X135.653 Y146.32 E.03066
;LAYER_CHANGE
;Z:38.65
;HEIGHT:0.200001
G1 Z38.65 F15000
G1 E-2 F2400
G1 Z38.65 F15000
G1 X120.585 Y146.039
G1 Z38.65
G1 E2 F2400
M204 S2500
;TYPE:Perimeter
;WIDTH:0.449999
G1 F900
G1 X120.585 Y146.5 E.0156
G1 X120.585 Y146.961 E.0156
G1 X119.039 Y146.961 E.05233
G1 X119.039 Y146.039 E.03121
G1 X120.525 Y146.039 E.0503
M204 S4000
G1 X120.525 Y146.039 F15000
G1 X120.992 Y145.632
M204 S2500
G1 F900
G1 X120.992 Y146.5 E.02938
G1 X120.992 Y147.368 E.02938
G1 X118.632 Y147.368 E.07988
G1 X118.632 Y145.632 E.05876
G1 X120.932 Y145.632 E.07785
M204 S4000
G1 X121.399 Y145.225 F15000
M204 S2500
;TYPE:External perimeter
G1 F900
G1 X121.399 Y146.5 E.04316
G1 X121.399 Y147.775 E.04316
G1 X118.225 Y147.775 E.10744
G1 X118.225 Y145.225 E.08631
G1 X121.339 Y145.225 E.10541
M204 S4000
G1 X121.398 Y145.621 F15000
G1 E-2 F2400
G1 X119.32 Y146.32 F15000
G1 E2 F2400
;TYPE:Solid infill
;WIDTH:0.402004
G1 F1595
G1 X119.32 Y146.68 E.01075
G1 X120.304 Y146.68 E.02938
G1 X120.304 Y146.32 E.01075
G1 X119.524 Y146.32 E.02329
G1 E-2 F2400
G1 X119.524 Y146.32 F15000
G1 X125.415 Y146.961
G1 E2 F2400
M204 S2500
;TYPE:Perimeter
;WIDTH:0.449999
G1 F900
G1 X125.415 Y146.039 E.03121
G1 X130.585 Y146.039 E.175
G1 X130.585 Y146.5 E.0156
G1 X130.585 Y146.961 E.0156
G1 X125.475 Y146.961 E.17297
M204 S4000
G1 X125.475 Y146.961 F15000
G1 X125.008 Y147.368
M204 S2500
G1 F900
G1 X125.008 Y145.632 E.05876
G1 X130.992 Y145.632 E.20255
G1 X130.992 Y146.5 E.02938
G1 X130.992 Y147.368 E.02938
G1 X125.068 Y147.368 E.20052
M204 S4000
G1 X124.601 Y147.775 F15000
M204 S2500
;TYPE:External perimeter
G1 F900
G1 X124.601 Y145.225 E.08631
G1 X131.399 Y145.225 E.2301
G1 X131.399 Y146.5 E.04316
G1 X131.399 Y147.775 E.04316
G1 X124.661 Y147.775 E.22807
M204 S4000
G1 X124.602 Y147.379 F15000
G1 X125.696 Y146.32
;TYPE:Solid infill
;WIDTH:0.402004
G1 F1595
G1 X125.696 Y146.68 E.01075
G1 X130.304 Y146.68 E.13759
G1 X130.304 Y146.32 E.01075
G1 X125.9 Y146.32 E.13149
G1 E-2 F2400
G1 X125.9 Y146.32 F15000
G1 X135.415 Y146.961
G1 E2 F2400
M204 S2500
;TYPE:Perimeter
;WIDTH:0.449999
G1 F900
G1 X135.415 Y146.039 E.03121
G1 X136.961 Y146.039 E.05233
G1 X136.961 Y146.5 E.0156
G1 X136.961 Y146.961 E.0156
G1 X135.475 Y146.961 E.0503
M204 S4000
G1 X135.475 Y146.961 F15000
G1 X135.008 Y147.368
M204 S2500
G1 F900
G1 X135.008 Y145.632 E.05876
G1 X137.368 Y145.632 E.07988
G1 X137.368 Y146.5 E.02938
G1 X137.368 Y147.368 E.02938
G1 X135.068 Y147.368 E.07785
M204 S4000
G1 X134.601 Y147.775 F15000
M204 S2500
;TYPE:External perimeter
G1 F900
G1 X134.601 Y145.225 E.08631
G1 X137.775 Y145.225 E.10744
G1 X137.775 Y146.5 E.04316
G1 X137.775 Y147.775 E.04316
G1 X134.661 Y147.775 E.10541
M204 S4000
G1 X134.602 Y147.379 F15000
G1 X135.696 Y146.32
;TYPE:Solid infill
;WIDTH:0.402004
G1 F1595
G1 X135.696 Y146.68 E.01075
G1 X136.68 Y146.68 E.02938
G1 X136.68 Y146.32 E.01075
G1 X135.9 Y146.32 E.02329
;LAYER_CHANGE
;Z:38.85
;HEIGHT:0.199997
G1 Z38.85 F15000
G1 E-2 F2400
G1 Z38.85 F15000
G1 X120.401 Y146.039
G1 Z38.85
G1 E2 F2400
M204 S2500
;TYPE:Perimeter
;WIDTH:0.449999
G1 F900
G1 X120.401 Y146.5 E.0156
G1 X120.401 Y146.961 E.0156
G1 X119.039 Y146.961 E.0461
G1 X119.039 Y146.039 E.03121
G1 X120.341 Y146.039 E.04407
M204 S4000
G1 X120.341 Y146.039 F15000
G1 X120.808 Y145.632
M204 S2500
G1 F900
G1 X120.808 Y146.5 E.02938
G1 X120.808 Y147.368 E.02938
G1 X118.632 Y147.368 E.07365
G1 X118.632 Y145.632 E.05876
G1 X120.748 Y145.632 E.07162
M204 S4000
G1 X120.748 Y145.632 F15000
G1 X121.215 Y145.225
M204 S2500
;TYPE:External perimeter
G1 F900
G1 X121.215 Y146.5 E.04316
G1 X121.215 Y147.775 E.04316
G1 X118.225 Y147.775 E.10121
G1 X118.225 Y145.225 E.08631
G1 X121.155 Y145.225 E.09918
M204 S4000
G1 X121.214 Y145.621 F15000
G1 X120.119 Y146.32
;TYPE:Solid infill
;WIDTH:0.402002
G1 F987
G1 X119.32 Y146.32 E.02386
G1 X119.32 Y146.68 E.01075
G1 X120.119 Y146.68 E.02386
G1 X120.119 Y146.524 E.00466
G1 E-2 F2400
G1 X120.119 Y146.524 F15000
G1 X125.599 Y146.961
G1 E2 F2400
M204 S2500
;TYPE:Perimeter
;WIDTH:0.449999
G1 F900
G1 X125.599 Y146.039 E.03121
G1 X130.401 Y146.039 E.16254
G1 X130.401 Y146.5 E.0156
G1 X130.401 Y146.961 E.0156
G1 X125.659 Y146.961 E.16051
M204 S4000
G1 X125.659 Y146.961 F15000
G1 X125.192 Y147.368
M204 S2500
G1 F900
G1 X125.192 Y145.632 E.05876
G1 X130.808 Y145.632 E.19009
G1 X130.808 Y146.5 E.02938
G1 X130.808 Y147.368 E.02938
G1 X125.252 Y147.368 E.18806
M204 S4000
G1 X125.252 Y147.368 F15000
G1 X124.785 Y147.775
M204 S2500
;TYPE:External perimeter
G1 F900
G1 X124.785 Y145.225 E.08631
G1 X131.215 Y145.225 E.21765
G1 X131.215 Y146.5 E.04316
G1 X131.215 Y147.775 E.04316
G1 X124.845 Y147.775 E.21562
M204 S4000
G1 X124.786 Y147.379 F15000
G1 E-2 F2400
G1 X130.119 Y146.32 F15000
G1 E2 F2400
;TYPE:Solid infill
;WIDTH:0.402003
G1 F987
G1 X125.881 Y146.32 E.12654
G1 X125.881 Y146.68 E.01075
G1 X130.119 Y146.68 E.12654
G1 X130.119 Y146.524 E.00466
G1 E-2 F2400
G1 X130.119 Y146.524 F15000
G1 X136.961 Y146.039
G1 E2 F2400
M204 S2500
;TYPE:Perimeter
;WIDTH:0.449999
G1 F900
G1 X136.961 Y146.5 E.0156
G1 X136.961 Y146.961 E.0156
G1 X135.599 Y146.961 E.0461
G1 X135.599 Y146.039 E.03121
G1 X136.901 Y146.039 E.04407
M204 S4000
G1 X136.901 Y146.039 F15000
G1 X137.368 Y145.632
M204 S2500
G1 F900
G1 X137.368 Y146.5 E.02938
G1 X137.368 Y147.368 E.02938
G1 X135.192 Y147.368 E.07365
G1 X135.192 Y145.632 E.05876
G1 X137.308 Y145.632 E.07162
M204 S4000
G1 X137.775 Y145.225 F15000
M204 S2500
;TYPE:External perimeter
G1 F900
G1 X137.775 Y146.5 E.04316
G1 X137.775 Y147.775 E.04316
G1 X134.785 Y147.775 E.10121
G1 X134.785 Y145.225 E.08631
G1 X137.715 Y145.225 E.09918
M204 S4000
G1 X137.774 Y145.621 F15000
G1 X136.68 Y146.32
;TYPE:Solid infill
;WIDTH:0.402003
G1 F987
G1 X135.881 Y146.32 E.02386
G1 X135.881 Y146.68 E.01075
G1 X136.68 Y146.68 E.02386
G1 X136.68 Y146.524 E.00466
;LAYER_CHANGE
;Z:39.05
;HEIGHT:0.200001
G1 Z39.05 F15000
G1 E-2 F2400
G1 Z39.05 F15000
G1 X120.26 Y146.039
G1 Z39.05
G1 E2 F2400
M204 S2500
;TYPE:Perimeter
;WIDTH:0.449999
G1 F849
G1 X120.26 Y146.5 E.0156
G1 X120.26 Y146.961 E.0156
G1 X119.039 Y146.961 E.04133
G1 X119.039 Y146.039 E.03121
G1 X120.2 Y146.039 E.0393
M204 S4000
G1 X120.2 Y146.039 F15000
G1 X120.667 Y145.632
M204 S2500
G1 F849
G1 X120.667 Y146.5 E.02938
G1 X120.667 Y147.368 E.02938
G1 X118.632 Y147.368 E.06888
G1 X118.632 Y145.632 E.05876
G1 X120.607 Y145.632 E.06685
M204 S4000
G1 X121.074 Y145.225 F15000
M204 S2500
;TYPE:External perimeter
G1 F849
G1 X121.074 Y146.5 E.04316
G1 X121.074 Y147.775 E.04316
G1 X118.225 Y147.775 E.09644
G1 X118.225 Y145.225 E.08631
G1 X121.014 Y145.225 E.0944
M204 S4000
G1 X121.073 Y145.621 F15000
G1 X119.32 Y146.32
;TYPE:Solid infill
;WIDTH:0.402004
G1 F849
G1 X119.32 Y146.68 E.01075
G1 X119.979 Y146.68 E.01968
G1 X119.979 Y146.32 E.01075
G1 X119.524 Y146.32 E.01359
G1 E-2 F2400
G1 X119.524 Y146.32 F15000
G1 X125.74 Y146.961
G1 E2 F2400
M204 S2500
;TYPE:Perimeter
;WIDTH:0.449999
G1 F849
G1 X125.74 Y146.039 E.03121
G1 X130.26 Y146.039 E.153
G1 X130.26 Y146.5 E.0156
G1 X130.26 Y146.961 E.0156
G1 X125.8 Y146.961 E.15097
M204 S4000
G1 X125.8 Y146.961 F15000
G1 X125.333 Y147.368
M204 S2500
G1 F849
G1 X125.333 Y145.632 E.05876
G1 X130.667 Y145.632 E.18055
G1 X130.667 Y146.5 E.02938
G1 X130.667 Y147.368 E.02938
G1 X125.393 Y147.368 E.17852
M204 S4000
G1 X124.926 Y147.775 F15000
M204 S2500
;TYPE:External perimeter
G1 F849
G1 X124.926 Y145.225 E.08631
G1 X131.074 Y145.225 E.2081
G1 X131.074 Y146.5 E.04316
G1 X131.074 Y147.775 E.04316
G1 X124.986 Y147.775 E.20607
M204 S4000
G1 X124.927 Y147.379 F15000
G1 X126.021 Y146.68
;TYPE:Solid infill
;WIDTH:0.402004
G1 F849
G1 X129.979 Y146.68 E.11818
G1 X129.979 Y146.32 E.01075
G1 X126.021 Y146.32 E.11818
G1 X126.021 Y146.476 E.00466
G1 E-2 F2400
G1 X126.021 Y146.476 F15000
G1 X136.961 Y146.039
G1 E2 F2400
M204 S2500
;TYPE:Perimeter
;WIDTH:0.449999
G1 F849
G1 X136.961 Y146.5 E.0156
G1 X136.961 Y146.961 E.0156
G1 X135.74 Y146.961 E.04133
G1 X135.74 Y146.039 E.03121
G1 X136.901 Y146.039 E.0393
M204 S4000
G1 X136.901 Y146.039 F15000
G1 X137.368 Y145.632
M204 S2500
G1 F849
G1 X137.368 Y146.5 E.02938
G1 X137.368 Y147.368 E.02938
G1 X135.333 Y147.368 E.06888
G1 X135.333 Y145.632 E.05876
G1 X137.308 Y145.632 E.06685
M204 S4000
G1 X137.775 Y145.225 F15000
M204 S2500
;TYPE:External perimeter
G1 F849
G1 X137.775 Y146.5 E.04316
G1 X137.775 Y147.775 E.04316
G1 X134.926 Y147.775 E.09644
G1 X134.926 Y145.225 E.08631
G1 X137.715 Y145.225 E.0944
M204 S4000
G1 X137.774 Y145.621 F15000
G1 X136.021 Y146.32
;TYPE:Solid infill
;WIDTH:0.402003
G1 F849
G1 X136.021 Y146.68 E.01075
G1 X136.68 Y146.68 E.01968
G1 X136.68 Y146.32 E.01075
G1 X136.225 Y146.32 E.01359
;LAYER_CHANGE
;Z:39.25
;HEIGHT:0.200001
G1 Z39.25 F15000
G1 E-2 F2400
G1 Z39.25 F15000
G1 X120.151 Y146.039
G1 Z39.25
G1 E2 F2400
M204 S2500
;TYPE:Perimeter
;WIDTH:0.449999
G1 F846
G1 X120.151 Y146.5 E.0156
G1 X120.151 Y146.961 E.0156
G1 X119.039 Y146.961 E.03764
G1 X119.039 Y146.039 E.03121
G1 X120.091 Y146.039 E.03561
M204 S4000
G1 X120.091 Y146.039 F15000
G1 X120.559 Y145.632
M204 S2500
G1 F846
G1 X120.559 Y146.5 E.02938
G1 X120.559 Y147.368 E.02938
G1 X118.632 Y147.368 E.06523
G1 X118.632 Y145.632 E.05876
G1 X120.499 Y145.632 E.0632
M204 S4000
G1 X120.499 Y145.632 F15000
G1 X120.966 Y145.225
M204 S2500
;TYPE:External perimeter
G1 F846
G1 X120.966 Y146.5 E.04316
G1 X120.966 Y147.775 E.04316
G1 X118.225 Y147.775 E.09278
G1 X118.225 Y145.225 E.08631
G1 X120.906 Y145.225 E.09075
M204 S4000
G1 X120.965 Y145.621 F15000
G1 X119.87 Y146.32
;TYPE:Solid infill
;WIDTH:0.402003
G1 F846
G1 X119.32 Y146.32 E.01642
G1 X119.32 Y146.68 E.01075
G1 X119.87 Y146.68 E.01642
G1 X119.87 Y146.524 E.00466
G1 E-2 F2400
G1 X119.87 Y146.524 F15000
G1 X125.849 Y146.961
G1 E2 F2400
M204 S2500
;TYPE:Perimeter
;WIDTH:0.449999
G1 F846
G1 X125.849 Y146.039 E.03121
G1 X130.151 Y146.039 E.14562
G1 X130.151 Y146.5 E.0156
G1 X130.151 Y146.961 E.0156
G1 X125.909 Y146.961 E.14359
M204 S4000
G1 X125.909 Y146.961 F15000
G1 X125.441 Y147.368
M204 S2500
G1 F846
G1 X125.441 Y145.632 E.05876
G1 X130.559 Y145.632 E.17324
G1 X130.559 Y146.5 E.02938
G1 X130.559 Y147.368 E.02938
G1 X125.501 Y147.368 E.17121
M204 S4000
G1 X125.501 Y147.368 F15000
G1 X125.034 Y147.775
M204 S2500
;TYPE:External perimeter
G1 F846
G1 X125.034 Y145.225 E.08631
G1 X130.966 Y145.225 E.20079
G1 X130.966 Y146.5 E.04316
G1 X130.966 Y147.775 E.04316
G1 X125.094 Y147.775 E.19876
M204 S4000
G1 X125.035 Y147.379 F15000
G1 E-2 F2400
G1 X129.87 Y146.32 F15000
G1 E2 F2400
;TYPE:Solid infill
;WIDTH:0.402003
G1 F846
G1 X126.13 Y146.32 E.11167
G1 X126.13 Y146.68 E.01075
G1 X129.87 Y146.68 E.11167
G1 X129.87 Y146.524 E.00466
G1 E-2 F2400
G1 X129.87 Y146.524 F15000
G1 X136.961 Y146.039
G1 E2 F2400
M204 S2500
;TYPE:Perimeter
;WIDTH:0.449999
G1 F846
G1 X136.961 Y146.5 E.0156
G1 X136.961 Y146.961 E.0156
G1 X135.849 Y146.961 E.03764
G1 X135.849 Y146.039 E.03121
G1 X136.901 Y146.039 E.03561
M204 S4000
G1 X136.901 Y146.039 F15000
G1 X137.368 Y145.632
M204 S2500
G1 F846
G1 X137.368 Y146.5 E.02938
G1 X137.368 Y147.368 E.02938
G1 X135.441 Y147.368 E.06523
G1 X135.441 Y145.632 E.05876
G1 X137.308 Y145.632 E.0632
M204 S4000
G1 X137.775 Y145.225 F15000
M204 S2500
;TYPE:External perimeter
G1 F846
G1 X137.775 Y146.5 E.04316
G1 X137.775 Y147.775 E.04316
G1 X135.034 Y147.775 E.09278
G1 X135.034 Y145.225 E.08631
G1 X137.715 Y145.225 E.09075
M204 S4000
G1 X137.774 Y145.621 F15000
G1 X136.68 Y146.32
;TYPE:Solid infill
;WIDTH:0.402003
G1 F846
G1 X136.13 Y146.32 E.01642
G1 X136.13 Y146.68 E.01075
G1 X136.68 Y146.68 E.01642
G1 X136.68 Y146.524 E.00466
;LAYER_CHANGE
;Z:39.45
;HEIGHT:0.200001
G1 Z39.45 F15000
G1 E-2 F2400
G1 Z39.45 F15000
G1 X120.07 Y146.039
G1 Z39.45
G1 E2 F2400
M204 S2500
;TYPE:Perimeter
;WIDTH:0.449999
G1 F800
G1 X120.07 Y146.5 E.0156
G1 X120.07 Y146.961 E.0156
G1 X119.039 Y146.961 E.0349
G1 X119.039 Y146.039 E.03121
G1 X120.01 Y146.039 E.03287
M204 S4000
G1 X120.01 Y146.039 F15000
G1 X120.477 Y145.632
M204 S2500
G1 F800
G1 X120.477 Y146.5 E.02938
G1 X120.477 Y147.368 E.02938
G1 X118.632 Y147.368 E.06245
G1 X118.632 Y145.632 E.05876
G1 X120.417 Y145.632 E.06042
M204 S4000
G1 X120.417 Y145.632 F15000
G1 X120.884 Y145.225
M204 S2500
;TYPE:External perimeter
G1 F800
G1 X120.884 Y146.5 E.04316
G1 X120.884 Y147.775 E.04316
G1 X118.225 Y147.775 E.09
G1 X118.225 Y145.225 E.08631
G1 X120.824 Y145.225 E.08797
M204 S4000
G1 X120.883 Y145.621 F15000
G1 X119.32 Y146.32
;TYPE:Solid infill
;WIDTH:0.402004
G1 F800
G1 X119.32 Y146.68 E.01075
G1 X119.788 Y146.68 E.01397
G1 X119.788 Y146.32 E.01075
G1 X119.524 Y146.32 E.00788
G1 E-2 F2400
G1 X119.524 Y146.32 F15000
G1 X125.93 Y146.961
G1 E2 F2400
M204 S2500
;TYPE:Perimeter
;WIDTH:0.449999
G1 F800
G1 X125.93 Y146.039 E.03121
G1 X130.07 Y146.039 E.14013
G1 X130.07 Y146.5 E.0156
G1 X130.07 Y146.961 E.0156
G1 X125.99 Y146.961 E.1381
M204 S4000
G1 X125.99 Y146.961 F15000
G1 X125.523 Y147.368
M204 S2500
G1 F800
G1 X125.523 Y145.632 E.05876
G1 X130.477 Y145.632 E.16769
G1 X130.477 Y146.5 E.02938
G1 X130.477 Y147.368 E.02938
G1 X125.583 Y147.368 E.16566
M204 S4000
G1 X125.583 Y147.368 F15000
G1 X125.116 Y147.775
M204 S2500
;TYPE:External perimeter
G1 F800
G1 X125.116 Y145.225 E.08631
G1 X130.884 Y145.225 E.19524
G1 X130.884 Y146.5 E.04316
G1 X130.884 Y147.775 E.04316
G1 X125.176 Y147.775 E.19321
M204 S4000
G1 X125.117 Y147.379 F15000
G1 X126.212 Y146.32
;TYPE:Solid infill
;WIDTH:0.402004
G1 F800
G1 X126.212 Y146.68 E.01075
G1 X129.788 Y146.68 E.10677
G1 X129.788 Y146.32 E.01075
G1 X126.415 Y146.32 E.10071
G1 E-2 F2400
G1 X126.415 Y146.32 F15000
G1 X136.961 Y146.039
G1 E2 F2400
M204 S2500
;TYPE:Perimeter
;WIDTH:0.449999
G1 F800
G1 X136.961 Y146.5 E.0156
G1 X136.961 Y146.961 E.0156
G1 X135.93 Y146.961 E.0349
G1 X135.93 Y146.039 E.03121
G1 X136.901 Y146.039 E.03287
M204 S4000
G1 X136.901 Y146.039 F15000
G1 X137.368 Y145.632
M204 S2500
G1 F800
G1 X137.368 Y146.5 E.02938
G1 X137.368 Y147.368 E.02938
G1 X135.523 Y147.368 E.06245
G1 X135.523 Y145.632 E.05876
G1 X137.308 Y145.632 E.06042
M204 S4000
G1 X137.775 Y145.225 F15000
M204 S2500
;TYPE:External perimeter
G1 F800
G1 X137.775 Y146.5 E.04316
G1 X137.775 Y147.775 E.04316
G1 X135.116 Y147.775 E.09
G1 X135.116 Y145.225 E.08631
G1 X137.715 Y145.225 E.08797
M204 S4000
G1 X137.774 Y145.621 F15000
G1 X136.212 Y146.32
;TYPE:Solid infill
;WIDTH:0.402004
G1 F800
G1 X136.212 Y146.68 E.01075
G1 X136.68 Y146.68 E.01397
G1 X136.68 Y146.32 E.01075
G1 X136.415 Y146.32 E.00791
;LAYER_CHANGE
;Z:39.65
;HEIGHT:0.200001
G1 Z39.65 F15000
G1 E-2 F2400
G1 Z39.65 F15000
G1 X120.013 Y146.039
G1 Z39.65
G1 E2 F2400
M204 S2500
;TYPE:Perimeter
;WIDTH:0.449999
G1 F808
G1 X120.013 Y146.5 E.0156
G1 X120.013 Y146.961 E.0156
G1 X119.039 Y146.961 E.03297
G1 X119.039 Y146.039 E.03121
G1 X119.953 Y146.039 E.03094
M204 S4000
G1 X119.953 Y146.039 F15000
G1 X120.42 Y145.632
M204 S2500
G1 F808
G1 X120.42 Y146.5 E.02938
G1 X120.42 Y147.368 E.02938
G1 X118.632 Y147.368 E.06052
G1 X118.632 Y145.632 E.05876
G1 X120.36 Y145.632 E.05849
M204 S4000
G1 X120.36 Y145.632 F15000
G1 X120.827 Y145.225
M204 S2500
;TYPE:External perimeter
G1 F808
G1 X120.827 Y146.5 E.04316
G1 X120.827 Y147.775 E.04316
G1 X118.225 Y147.775 E.08807
G1 X118.225 Y145.225 E.08631
G1 X120.767 Y145.225 E.08604
M204 S4000
G1 X120.827 Y145.621 F15000
G1 X119.732 Y146.32
;TYPE:Solid infill
;WIDTH:0.402003
G1 F808
G1 X119.32 Y146.32 E.0123
G1 X119.32 Y146.68 E.01075
G1 X119.732 Y146.68 E.0123
G1 X119.732 Y146.524 E.00466
G1 E-2 F2400
G1 X125.987 Y146.961 F15000
G1 E2 F2400
M204 S2500
;TYPE:Perimeter
;WIDTH:0.449999
G1 F808
G1 X125.987 Y146.039 E.03121
G1 X130.013 Y146.039 E.13628
G1 X130.013 Y146.5 E.0156
G1 X130.013 Y146.961 E.0156
G1 X126.047 Y146.961 E.13424
M204 S4000
G1 X126.047 Y146.961 F15000
G1 X125.58 Y147.368
M204 S2500
G1 F808
G1 X125.58 Y145.632 E.05876
G1 X130.42 Y145.632 E.16383
G1 X130.42 Y146.5 E.02938
G1 X130.42 Y147.368 E.02938
G1 X125.64 Y147.368 E.1618
M204 S4000
G1 X125.64 Y147.368 F15000
G1 X125.173 Y147.775
M204 S2500
;TYPE:External perimeter
G1 F808
G1 X125.173 Y145.225 E.08631
G1 X130.827 Y145.225 E.19138
G1 X130.827 Y146.5 E.04316
G1 X130.827 Y147.775 E.04316
G1 X125.233 Y147.775 E.18935
M204 S4000
G1 X125.173 Y147.379 F15000
G1 E-2 F2400
G1 X129.732 Y146.32 F15000
G1 E2 F2400
;TYPE:Solid infill
;WIDTH:0.402003
G1 F808
G1 X126.268 Y146.32 E.10343
G1 X126.268 Y146.68 E.01075
G1 X129.732 Y146.68 E.10343
G1 X129.732 Y146.524 E.00466
G1 E-2 F2400
G1 X136.961 Y146.039 F15000
G1 E2 F2400
M204 S2500
;TYPE:Perimeter
;WIDTH:0.449999
G1 F808
G1 X136.961 Y146.5 E.0156
G1 X136.961 Y146.961 E.0156
G1 X135.987 Y146.961 E.03297
G1 X135.987 Y146.039 E.03121
G1 X136.901 Y146.039 E.03094
M204 S4000
G1 X136.901 Y146.039 F15000
G1 X137.368 Y145.632
M204 S2500
G1 F808
G1 X137.368 Y146.5 E.02938
G1 X137.368 Y147.368 E.02938
G1 X135.58 Y147.368 E.06052
G1 X135.58 Y145.632 E.05876
G1 X137.308 Y145.632 E.05849
M204 S4000
G1 X137.775 Y145.225 F15000
M204 S2500
;TYPE:External perimeter
G1 F808
G1 X137.775 Y146.5 E.04316
G1 X137.775 Y147.775 E.04316
G1 X135.173 Y147.775 E.08807
G1 X135.173 Y145.225 E.08631
G1 X137.715 Y145.225 E.08604
M204 S4000
G1 X137.774 Y145.621 F15000
G1 X136.68 Y146.32
;TYPE:Solid infill
;WIDTH:0.402003
G1 F808
G1 X136.268 Y146.32 E.0123
G1 X136.268 Y146.68 E.01075
G1 X136.68 Y146.68 E.0123
G1 X136.68 Y146.524 E.00466
;LAYER_CHANGE
;Z:39.85
;HEIGHT:0.199997
G1 Z39.85 F15000
G1 E-2 F2400
G1 Z39.85 F15000
G1 X119.977 Y146.039
G1 Z39.85
G1 E2 F2400
M204 S2500
;TYPE:Perimeter
;WIDTH:0.449999
G1 F776
G1 X119.977 Y146.5 E.0156
G1 X119.977 Y146.961 E.0156
G1 X119.039 Y146.961 E.03175
G1 X119.039 Y146.039 E.03121
G1 X119.917 Y146.039 E.02972
M204 S4000
G1 X119.917 Y146.039 F15000
G1 X120.384 Y145.632
M204 S2500
G1 F776
G1 X120.384 Y146.5 E.02938
G1 X120.384 Y147.368 E.02938
G1 X118.632 Y147.368 E.0593
G1 X118.632 Y145.632 E.05876
G1 X120.324 Y145.632 E.05727
M204 S4000
G1 X120.791 Y145.225 F15000
M204 S2500
;TYPE:External perimeter
G1 F776
G1 X120.791 Y146.5 E.04316
G1 X120.791 Y147.775 E.04316
G1 X118.225 Y147.775 E.08686
G1 X118.225 Y145.225 E.08631
G1 X120.731 Y145.225 E.08482
M204 S4000
G1 X120.79 Y145.621 F15000
G1 X119.32 Y146.32
;TYPE:Solid infill
;WIDTH:0.402004
G1 F776
G1 X119.32 Y146.68 E.01075
G1 X119.696 Y146.68 E.01123
G1 X119.696 Y146.32 E.01075
G1 X119.524 Y146.32 E.00514
G1 E-2 F2400
G1 X119.524 Y146.32 F15000
G1 X126.023 Y146.961
G1 E2 F2400
M204 S2500
;TYPE:Perimeter
;WIDTH:0.449999
G1 F776
G1 X126.023 Y146.039 E.03121
G1 X129.977 Y146.039 E.13384
G1 X129.977 Y146.5 E.0156
G1 X129.977 Y146.961 E.0156
G1 X126.083 Y146.961 E.13181
M204 S4000
G1 X126.083 Y146.961 F15000
G1 X125.616 Y147.368
M204 S2500
G1 F776
G1 X125.616 Y145.632 E.05876
G1 X130.384 Y145.632 E.16139
G1 X130.384 Y146.5 E.02938
G1 X130.384 Y147.368 E.02938
G1 X125.676 Y147.368 E.15936
M204 S4000
G1 X125.209 Y147.775 F15000
M204 S2500
;TYPE:External perimeter
G1 F776
G1 X125.209 Y145.225 E.08631
G1 X130.791 Y145.225 E.18894
G1 X130.791 Y146.5 E.04316
G1 X130.791 Y147.775 E.04316
G1 X125.269 Y147.775 E.18691
M204 S4000
G1 X125.21 Y147.379 F15000
G1 X126.304 Y146.32
;TYPE:Solid infill
;WIDTH:0.402004
G1 F776
G1 X126.304 Y146.68 E.01075
G1 X129.696 Y146.68 E.10128
G1 X129.696 Y146.32 E.01075
G1 X126.508 Y146.32 E.09519
G1 E-2 F2400
G1 X126.508 Y146.32 F15000
G1 X136.961 Y146.039
G1 E2 F2400
M204 S2500
;TYPE:Perimeter
;WIDTH:0.449999
G1 F776
G1 X136.961 Y146.5 E.0156
G1 X136.961 Y146.961 E.0156
G1 X136.023 Y146.961 E.03175
G1 X136.023 Y146.039 E.03121
G1 X136.901 Y146.039 E.02972
M204 S4000
G1 X136.901 Y146.039 F15000
G1 X137.368 Y145.632
M204 S2500
G1 F776
G1 X137.368 Y146.5 E.02938
G1 X137.368 Y147.368 E.02938
G1 X135.616 Y147.368 E.0593
G1 X135.616 Y145.632 E.05876
G1 X137.308 Y145.632 E.05727
M204 S4000
G1 X137.775 Y145.225 F15000
M204 S2500
;TYPE:External perimeter
G1 F776
G1 X137.775 Y146.5 E.04316
G1 X137.775 Y147.775 E.04316
G1 X135.209 Y147.775 E.08686
G1 X135.209 Y145.225 E.08631
G1 X137.715 Y145.225 E.08482
M204 S4000
G1 X137.774 Y145.621 F15000
G1 X136.304 Y146.32
;TYPE:Solid infill
;WIDTH:0.402004
G1 F776
G1 X136.304 Y146.68 E.01075
G1 X136.68 Y146.68 E.01123
G1 X136.68 Y146.32 E.01075
G1 X136.508 Y146.32 E.00514
;LAYER_CHANGE
;Z:40.05
;HEIGHT:0.200001
G1 Z40.05 F15000
G1 E-2 F2400
G1 Z40.05 F15000
G1 X119.962 Y146.039
G1 Z40.05
G1 E2 F2400
M204 S2500
;TYPE:Perimeter
;WIDTH:0.449999
G1 F797
G1 X119.962 Y146.5 E.0156
G1 X119.962 Y146.961 E.0156
G1 X119.039 Y146.961 E.03124
G1 X119.039 Y146.039 E.03121
G1 X119.902 Y146.039 E.02921
M204 S4000
G1 X119.902 Y146.039 F15000
G1 X120.37 Y145.632
M204 S2500
G1 F797
G1 X120.37 Y146.5 E.02938
G1 X120.37 Y147.368 E.02938
G1 X118.632 Y147.368 E.05883
G1 X118.632 Y145.632 E.05876
G1 X120.31 Y145.632 E.0568
M204 S4000
G1 X120.31 Y145.632 F15000
G1 X120.777 Y145.225
M204 S2500
;TYPE:External perimeter
G1 F797
G1 X120.777 Y146.5 E.04316
G1 X120.777 Y147.775 E.04316
G1 X118.225 Y147.775 E.08638
G1 X118.225 Y145.225 E.08631
G1 X120.717 Y145.225 E.08435
M204 S4000
G1 X120.776 Y145.621 F15000
G1 X119.681 Y146.32
;TYPE:Solid infill
;WIDTH:0.402003
G1 F797
G1 X119.32 Y146.32 E.01078
G1 X119.32 Y146.68 E.01075
G1 X119.681 Y146.68 E.01078
G1 X119.681 Y146.524 E.00466
G1 E-2 F2400
G1 X119.681 Y146.524 F15000
G1 X126.038 Y146.961
G1 E2 F2400
M204 S2500
;TYPE:Perimeter
;WIDTH:0.449999
G1 F797
G1 X126.038 Y146.039 E.03121
G1 X129.962 Y146.039 E.13282
G1 X129.962 Y146.5 E.0156
G1 X129.962 Y146.961 E.0156
G1 X126.098 Y146.961 E.13079
M204 S4000
G1 X126.098 Y146.961 F15000
G1 X125.63 Y147.368
M204 S2500
G1 F797
G1 X125.63 Y145.632 E.05876
G1 X130.37 Y145.632 E.16044
G1 X130.37 Y146.5 E.02938
G1 X130.37 Y147.368 E.02938
G1 X125.69 Y147.368 E.15841
M204 S4000
G1 X125.69 Y147.368 F15000
G1 X125.223 Y147.775
M204 S2500
;TYPE:External perimeter
G1 F797
G1 X125.223 Y145.225 E.08631
G1 X130.777 Y145.225 E.188
G1 X130.777 Y146.5 E.04316
G1 X130.777 Y147.775 E.04316
G1 X125.283 Y147.775 E.18597
M204 S4000
G1 X125.224 Y147.379 F15000
G1 E-2 F2400
G1 X129.681 Y146.32 F15000
G1 E2 F2400
;TYPE:Solid infill
;WIDTH:0.402003
G1 F797
G1 X126.319 Y146.32 E.10038
G1 X126.319 Y146.68 E.01075
G1 X129.681 Y146.68 E.10038
G1 X129.681 Y146.524 E.00466
G1 E-2 F2400
G1 X129.681 Y146.524 F15000
G1 X136.961 Y146.039
G1 E2 F2400
M204 S2500
;TYPE:Perimeter
;WIDTH:0.449999
G1 F797
G1 X136.961 Y146.5 E.0156
G1 X136.961 Y146.961 E.0156
G1 X136.038 Y146.961 E.03124
G1 X136.038 Y146.039 E.03121
G1 X136.901 Y146.039 E.02921
M204 S4000
G1 X136.901 Y146.039 F15000
G1 X137.368 Y145.632
M204 S2500
G1 F797
G1 X137.368 Y146.5 E.02938
G1 X137.368 Y147.368 E.02938
G1 X135.63 Y147.368 E.05883
G1 X135.63 Y145.632 E.05876
G1 X137.308 Y145.632 E.0568
M204 S4000
G1 X137.775 Y145.225 F15000
M204 S2500
;TYPE:External perimeter
G1 F797
G1 X137.775 Y146.5 E.04316
G1 X137.775 Y147.775 E.04316
G1 X135.223 Y147.775 E.08638
G1 X135.223 Y145.225 E.08631
G1 X137.715 Y145.225 E.08435
M204 S4000
G1 X137.774 Y145.621 F15000
G1 X136.68 Y146.32
;TYPE:Solid infill
;WIDTH:0.402003
G1 F797
G1 X136.319 Y146.32 E.01078
G1 X136.319 Y146.68 E.01075
G1 X136.68 Y146.68 E.01078
G1 X136.68 Y146.524 E.00466
;LAYER_CHANGE
;Z:40.25
;HEIGHT:0.200001
G1 Z40.25 F15000
G1 E-2 F2400
G1 Z40.25 F15000
G1 X119.967 Y146.039
G1 Z40.25
G1 E2 F2400
M204 S2500
;TYPE:Perimeter
;WIDTH:0.449999
G1 F773
G1 X119.967 Y146.5 E.0156
G1 X119.967 Y146.961 E.0156
G1 X119.039 Y146.961 E.03141
G1 X119.039 Y146.039 E.03121
G1 X119.907 Y146.039 E.02938
M204 S4000
G1 X119.907 Y146.039 F15000
G1 X120.374 Y145.632
M204 S2500
G1 F773
G1 X120.374 Y146.5 E.02938
G1 X120.374 Y147.368 E.02938
G1 X118.632 Y147.368 E.05896
G1 X118.632 Y145.632 E.05876
G1 X120.314 Y145.632 E.05693
M204 S4000
G1 X120.781 Y145.225 F15000
M204 S2500
;TYPE:External perimeter
G1 F773
G1 X120.781 Y146.5 E.04316
G1 X120.781 Y147.775 E.04316
G1 X118.225 Y147.775 E.08652
G1 X118.225 Y145.225 E.08631
G1 X120.721 Y145.225 E.08449
M204 S4000
G1 X120.781 Y145.621 F15000
G1 X119.32 Y146.32
;TYPE:Solid infill
;WIDTH:0.402004
G1 F773
G1 X119.32 Y146.68 E.01075
G1 X119.686 Y146.68 E.01093
G1 X119.686 Y146.32 E.01075
G1 X119.524 Y146.32 E.00484
G1 E-2 F2400
G1 X119.524 Y146.32 F15000
G1 X126.033 Y146.961
G1 E2 F2400
M204 S2500
;TYPE:Perimeter
;WIDTH:0.449999
G1 F773
G1 X126.033 Y146.039 E.03121
G1 X129.967 Y146.039 E.13316
G1 X129.967 Y146.5 E.0156
G1 X129.967 Y146.961 E.0156
G1 X126.093 Y146.961 E.13113
M204 S4000
G1 X126.093 Y146.961 F15000
G1 X125.626 Y147.368
M204 S2500
G1 F773
G1 X125.626 Y145.632 E.05876
G1 X130.374 Y145.632 E.16071
G1 X130.374 Y146.5 E.02938
G1 X130.374 Y147.368 E.02938
G1 X125.686 Y147.368 E.15868
M204 S4000
G1 X125.219 Y147.775 F15000
M204 S2500
;TYPE:External perimeter
G1 F773
G1 X125.219 Y145.225 E.08631
G1 X130.781 Y145.225 E.18827
G1 X130.781 Y146.5 E.04316
G1 X130.781 Y147.775 E.04316
G1 X125.279 Y147.775 E.18624
M204 S4000
G1 X125.219 Y147.379 F15000
G1 X126.314 Y146.32
;TYPE:Solid infill
;WIDTH:0.402004
G1 F773
G1 X126.314 Y146.68 E.01075
G1 X129.686 Y146.68 E.10068
G1 X129.686 Y146.32 E.01075
G1 X126.518 Y146.32 E.09459
G1 E-2 F2400
G1 X126.518 Y146.32 F15000
G1 X136.961 Y146.039
G1 E2 F2400
M204 S2500
;TYPE:Perimeter
;WIDTH:0.449999
G1 F773
G1 X136.961 Y146.5 E.0156
G1 X136.961 Y146.961 E.0156
G1 X136.033 Y146.961 E.03141
G1 X136.033 Y146.039 E.03121
G1 X136.901 Y146.039 E.02938
M204 S4000
G1 X136.901 Y146.039 F15000
G1 X137.368 Y145.632
M204 S2500
G1 F773
G1 X137.368 Y146.5 E.02938
G1 X137.368 Y147.368 E.02938
G1 X135.626 Y147.368 E.05896
G1 X135.626 Y145.632 E.05876
G1 X137.308 Y145.632 E.05693
M204 S4000
G1 X137.775 Y145.225 F15000
M204 S2500
;TYPE:External perimeter
G1 F773
G1 X137.775 Y146.5 E.04316
G1 X137.775 Y147.775 E.04316
G1 X135.219 Y147.775 E.08652
G1 X135.219 Y145.225 E.08631
G1 X137.715 Y145.225 E.08449
M204 S4000
G1 X137.774 Y145.621 F15000
G1 X136.314 Y146.32
;TYPE:Solid infill
;WIDTH:0.402004
G1 F773
G1 X136.314 Y146.68 E.01075
G1 X136.68 Y146.68 E.01093
G1 X136.68 Y146.32 E.01075
G1 X136.518 Y146.32 E.00484
;LAYER_CHANGE
;Z:40.45
;HEIGHT:0.200001
G1 Z40.45 F15000
G1 E-2 F2400
G1 Z40.45 F15000
G1 X119.993 Y146.039
G1 Z40.45
G1 E2 F2400
M204 S2500
;TYPE:Perimeter
;WIDTH:0.449999
G1 F805
G1 X119.993 Y146.5 E.0156
G1 X119.993 Y146.961 E.0156
G1 X119.039 Y146.961 E.03229
G1 X119.039 Y146.039 E.03121
G1 X119.933 Y146.039 E.03026
M204 S4000
G1 X119.933 Y146.039 F15000
G1 X120.4 Y145.632
M204 S2500
G1 F805
G1 X120.4 Y146.5 E.02938
G1 X120.4 Y147.368 E.02938
G1 X118.632 Y147.368 E.05984
G1 X118.632 Y145.632 E.05876
G1 X120.34 Y145.632 E.05781
M204 S4000
G1 X120.34 Y145.632 F15000
G1 X120.807 Y145.225
M204 S2500
;TYPE:External perimeter
G1 F805
G1 X120.807 Y146.5 E.04316
G1 X120.807 Y147.775 E.04316
G1 X118.225 Y147.775 E.0874
G1 X118.225 Y145.225 E.08631
G1 X120.747 Y145.225 E.08537
M204 S4000
G1 X120.806 Y145.621 F15000
G1 X119.711 Y146.32
;TYPE:Solid infill
;WIDTH:0.402002
G1 F805
G1 X119.32 Y146.32 E.01167
G1 X119.32 Y146.68 E.01075
G1 X119.711 Y146.68 E.01167
G1 X119.711 Y146.524 E.00466
G1 E-2 F2400
G1 X119.711 Y146.524 F15000
G1 X126.007 Y146.961
G1 E2 F2400
M204 S2500
;TYPE:Perimeter
;WIDTH:0.449999
G1 F805
G1 X126.007 Y146.039 E.03121
G1 X129.993 Y146.039 E.13492
G1 X129.993 Y146.5 E.0156
G1 X129.993 Y146.961 E.0156
G1 X126.067 Y146.961 E.13289
M204 S4000
G1 X126.067 Y146.961 F15000
G1 X125.6 Y147.368
M204 S2500
G1 F805
G1 X125.6 Y145.632 E.05876
G1 X130.4 Y145.632 E.16247
G1 X130.4 Y146.5 E.02938
G1 X130.4 Y147.368 E.02938
G1 X125.66 Y147.368 E.16044
M204 S4000
G1 X125.66 Y147.368 F15000
G1 X125.193 Y147.775
M204 S2500
;TYPE:External perimeter
G1 F805
G1 X125.193 Y145.225 E.08631
G1 X130.807 Y145.225 E.19003
G1 X130.807 Y146.5 E.04316
G1 X130.807 Y147.775 E.04316
G1 X125.253 Y147.775 E.188
M204 S4000
G1 X125.194 Y147.379 F15000
G1 E-2 F2400
G1 X129.711 Y146.32 F15000
G1 E2 F2400
;TYPE:Solid infill
;WIDTH:0.402003
G1 F805
G1 X126.289 Y146.32 E.10217
G1 X126.289 Y146.68 E.01075
G1 X129.711 Y146.68 E.10217
G1 X129.711 Y146.524 E.00466
G1 E-2 F2400
G1 X129.711 Y146.524 F15000
G1 X136.961 Y146.039
G1 E2 F2400
M204 S2500
;TYPE:Perimeter
;WIDTH:0.449999
G1 F805
G1 X136.961 Y146.5 E.0156
G1 X136.961 Y146.961 E.0156
G1 X136.007 Y146.961 E.03229
G1 X136.007 Y146.039 E.03121
G1 X136.901 Y146.039 E.03026
M204 S4000
G1 X136.901 Y146.039 F15000
G1 X137.368 Y145.632
M204 S2500
G1 F805
G1 X137.368 Y146.5 E.02938
G1 X137.368 Y147.368 E.02938
G1 X135.6 Y147.368 E.05984
G1 X135.6 Y145.632 E.05876
G1 X137.308 Y145.632 E.05781
M204 S4000
G1 X137.775 Y145.225 F15000
M204 S2500
;TYPE:External perimeter
G1 F805
G1 X137.775 Y146.5 E.04316
G1 X137.775 Y147.775 E.04316
G1 X135.193 Y147.775 E.0874
G1 X135.193 Y145.225 E.08631
G1 X137.715 Y145.225 E.08537
M204 S4000
G1 X137.774 Y145.621 F15000
G1 X136.68 Y146.32
;TYPE:Solid infill
;WIDTH:0.402003
G1 F805
G1 X136.289 Y146.32 E.01167
G1 X136.289 Y146.68 E.01075
G1 X136.68 Y146.68 E.01167
G1 X136.68 Y146.524 E.00466
;LAYER_CHANGE
;Z:40.65
;HEIGHT:0.200001
G1 Z40.65 F15000
G1 E-2 F2400
G1 Z40.65 F15000
G1 X120.039 Y146.039
G1 Z40.65
G1 E2 F2400
M204 S2500
;TYPE:Perimeter
;WIDTH:0.449999
G1 F792
G1 X120.039 Y146.5 E.0156
G1 X120.039 Y146.961 E.0156
G1 X119.039 Y146.961 E.03385
G1 X119.039 Y146.039 E.03121
G1 X119.979 Y146.039 E.03182
M204 S4000
G1 X119.979 Y146.039 F15000
G1 X120.446 Y145.632
M204 S2500
G1 F792
G1 X120.446 Y146.5 E.02938
G1 X120.446 Y147.368 E.02938
G1 X118.632 Y147.368 E.0614
G1 X118.632 Y145.632 E.05876
G1 X120.386 Y145.632 E.05937
M204 S4000
G1 X120.386 Y145.632 F15000
G1 X120.853 Y145.225
M204 S2500
;TYPE:External perimeter
G1 F792
G1 X120.853 Y146.5 E.04316
G1 X120.853 Y147.775 E.04316
G1 X118.225 Y147.775 E.08895
G1 X118.225 Y145.225 E.08631
G1 X120.793 Y145.225 E.08692
M204 S4000
G1 X120.852 Y145.621 F15000
G1 X119.32 Y146.32
;TYPE:Solid infill
;WIDTH:0.402004
G1 F792
G1 X119.32 Y146.68 E.01075
G1 X119.758 Y146.68 E.01308
G1 X119.758 Y146.32 E.01075
G1 X119.524 Y146.32 E.00699
G1 E-2 F2400
G1 X119.524 Y146.32 F15000
G1 X125.961 Y146.961
G1 E2 F2400
M204 S2500
;TYPE:Perimeter
;WIDTH:0.449999
G1 F792
G1 X125.961 Y146.039 E.03121
G1 X130.039 Y146.039 E.13804
G1 X130.039 Y146.5 E.0156
G1 X130.039 Y146.961 E.0156
G1 X126.021 Y146.961 E.136
M204 S4000
G1 X126.021 Y146.961 F15000
G1 X125.554 Y147.368
M204 S2500
G1 F792
G1 X125.554 Y145.632 E.05876
G1 X130.446 Y145.632 E.16559
G1 X130.446 Y146.5 E.02938
G1 X130.446 Y147.368 E.02938
G1 X125.614 Y147.368 E.16356
M204 S4000
G1 X125.614 Y147.368 F15000
G1 X125.147 Y147.775
M204 S2500
;TYPE:External perimeter
G1 F792
G1 X125.147 Y145.225 E.08631
G1 X130.853 Y145.225 E.19314
G1 X130.853 Y146.5 E.04316
G1 X130.853 Y147.775 E.04316
G1 X125.207 Y147.775 E.19111
M204 S4000
G1 X125.148 Y147.379 F15000
G1 X126.242 Y146.32
;TYPE:Solid infill
;WIDTH:0.402004
G1 F792
G1 X126.242 Y146.68 E.01075
G1 X129.758 Y146.68 E.10498
G1 X129.758 Y146.32 E.01075
G1 X126.446 Y146.32 E.09889
G1 E-2 F2400
G1 X126.446 Y146.32 F15000
G1 X136.961 Y146.039
G1 E2 F2400
M204 S2500
;TYPE:Perimeter
;WIDTH:0.449999
G1 F792
G1 X136.961 Y146.5 E.0156
G1 X136.961 Y146.961 E.0156
G1 X135.961 Y146.961 E.03385
G1 X135.961 Y146.039 E.03121
G1 X136.901 Y146.039 E.03182
M204 S4000
G1 X136.901 Y146.039 F15000
G1 X137.368 Y145.632
M204 S2500
G1 F792
G1 X137.368 Y146.5 E.02938
G1 X137.368 Y147.368 E.02938
G1 X135.554 Y147.368 E.0614
G1 X135.554 Y145.632 E.05876
G1 X137.308 Y145.632 E.05937
M204 S4000
G1 X137.775 Y145.225 F15000
M204 S2500
;TYPE:External perimeter
G1 F792
G1 X137.775 Y146.5 E.04316
G1 X137.775 Y147.775 E.04316
G1 X135.147 Y147.775 E.08895
G1 X135.147 Y145.225 E.08631
G1 X137.715 Y145.225 E.08692
M204 S4000
G1 X137.774 Y145.621 F15000
G1 X136.242 Y146.32
;TYPE:Solid infill
;WIDTH:0.402003
G1 F792
G1 X136.242 Y146.68 E.01075
G1 X136.68 Y146.68 E.01308
G1 X136.68 Y146.32 E.01075
G1 X136.446 Y146.32 E.00699
;LAYER_CHANGE
;Z:40.85
;HEIGHT:0.199997
G1 Z40.85 F15000
G1 E-2 F2400
G1 Z40.85 F15000
G1 X120.107 Y146.039
G1 Z40.85
G1 E2 F2400
M204 S2500
;TYPE:Perimeter
;WIDTH:0.449999
G1 F833
G1 X120.107 Y146.5 E.0156
G1 X120.107 Y146.961 E.0156
G1 X119.039 Y146.961 E.03615
G1 X119.039 Y146.039 E.03121
G1 X120.047 Y146.039 E.03412
M204 S4000
G1 X120.047 Y146.039 F15000
G1 X120.514 Y145.632
M204 S2500
G1 F833
G1 X120.514 Y146.5 E.02938
G1 X120.514 Y147.368 E.02938
G1 X118.632 Y147.368 E.0637
G1 X118.632 Y145.632 E.05876
G1 X120.454 Y145.632 E.06167
M204 S4000
G1 X120.454 Y145.632 F15000
G1 X120.921 Y145.225
M204 S2500
;TYPE:External perimeter
G1 F833
G1 X120.921 Y146.5 E.04316
G1 X120.921 Y147.775 E.04316
G1 X118.225 Y147.775 E.09126
G1 X118.225 Y145.225 E.08631
G1 X120.861 Y145.225 E.08923
M204 S4000
G1 X120.921 Y145.621 F15000
G1 X119.826 Y146.32
;TYPE:Solid infill
;WIDTH:0.402003
G1 F833
G1 X119.32 Y146.32 E.01511
G1 X119.32 Y146.68 E.01075
G1 X119.826 Y146.68 E.01511
G1 X119.826 Y146.524 E.00466
G1 E-2 F2400
G1 X125.893 Y146.961 F15000
G1 E2 F2400
M204 S2500
;TYPE:Perimeter
;WIDTH:0.449999
G1 F833
G1 X125.893 Y146.039 E.03121
G1 X130.107 Y146.039 E.14264
G1 X130.107 Y146.5 E.0156
G1 X130.107 Y146.961 E.0156
G1 X125.953 Y146.961 E.14061
M204 S4000
G1 X125.953 Y146.961 F15000
G1 X125.486 Y147.368
M204 S2500
G1 F833
G1 X125.486 Y145.632 E.05876
G1 X130.514 Y145.632 E.17019
G1 X130.514 Y146.5 E.02938
G1 X130.514 Y147.368 E.02938
G1 X125.546 Y147.368 E.16816
M204 S4000
G1 X125.546 Y147.368 F15000
G1 X125.079 Y147.775
M204 S2500
;TYPE:External perimeter
G1 F833
G1 X125.079 Y145.225 E.08631
G1 X130.921 Y145.225 E.19774
G1 X130.921 Y146.5 E.04316
G1 X130.921 Y147.775 E.04316
G1 X125.139 Y147.775 E.19571
M204 S4000
G1 X125.079 Y147.379 F15000
G1 E-2 F2400
G1 X129.826 Y146.32 F15000
G1 E2 F2400
;TYPE:Solid infill
;WIDTH:0.402003
G1 F833
G1 X126.174 Y146.32 E.10904
G1 X126.174 Y146.68 E.01075
G1 X129.826 Y146.68 E.10904
G1 X129.826 Y146.524 E.00466
G1 E-2 F2400
G1 X136.961 Y146.039 F15000
G1 E2 F2400
M204 S2500
;TYPE:Perimeter
;WIDTH:0.449999
G1 F833
G1 X136.961 Y146.5 E.0156
G1 X136.961 Y146.961 E.0156
G1 X135.893 Y146.961 E.03615
G1 X135.893 Y146.039 E.03121
G1 X136.901 Y146.039 E.03412
M204 S4000
G1 X136.901 Y146.039 F15000
G1 X137.368 Y145.632
M204 S2500
G1 F833
G1 X137.368 Y146.5 E.02938
G1 X137.368 Y147.368 E.02938
G1 X135.486 Y147.368 E.0637
G1 X135.486 Y145.632 E.05876
G1 X137.308 Y145.632 E.06167
M204 S4000
G1 X137.775 Y145.225 F15000
M204 S2500
;TYPE:External perimeter
G1 F833
G1 X137.775 Y146.5 E.04316
G1 X137.775 Y147.775 E.04316
G1 X135.079 Y147.775 E.09126
G1 X135.079 Y145.225 E.08631
G1 X137.715 Y145.225 E.08923
M204 S4000
G1 X137.774 Y145.621 F15000
G1 X136.68 Y146.32
;TYPE:Solid infill
;WIDTH:0.402003
G1 F833
G1 X136.174 Y146.32 E.01511
G1 X136.174 Y146.68 E.01075
G1 X136.68 Y146.68 E.01511
G1 X136.68 Y146.524 E.00466
;LAYER_CHANGE
;Z:41.05
;HEIGHT:0.200001
G1 Z41.05 F15000
G1 E-2 F2400
G1 Z41.05 F15000
G1 X120.202 Y146.039
G1 Z41.05
G1 E2 F2400
M204 S2500
;TYPE:Perimeter
;WIDTH:0.449999
G1 F834
G1 X120.202 Y146.5 E.0156
G1 X120.202 Y146.961 E.0156
G1 X119.039 Y146.961 E.03937
G1 X119.039 Y146.039 E.03121
G1 X120.142 Y146.039 E.03734
M204 S4000
G1 X120.142 Y146.039 F15000
G1 X120.609 Y145.632
M204 S2500
G1 F834
G1 X120.609 Y146.5 E.02938
G1 X120.609 Y147.368 E.02938
G1 X118.632 Y147.368 E.06692
G1 X118.632 Y145.632 E.05876
G1 X120.549 Y145.632 E.06489
M204 S4000
G1 X120.549 Y145.632 F15000
G1 X121.016 Y145.225
M204 S2500
;TYPE:External perimeter
G1 F834
G1 X121.016 Y146.5 E.04316
G1 X121.016 Y147.775 E.04316
G1 X118.225 Y147.775 E.09447
G1 X118.225 Y145.225 E.08631
G1 X120.956 Y145.225 E.09244
M204 S4000
G1 X121.016 Y145.621 F15000
G1 X119.32 Y146.32
;TYPE:Solid infill
;WIDTH:0.402004
G1 F834
G1 X119.32 Y146.68 E.01075
G1 X119.921 Y146.68 E.01794
G1 X119.921 Y146.32 E.01075
G1 X119.524 Y146.32 E.01185
G1 E-2 F2400
G1 X119.524 Y146.32 F15000
G1 X125.798 Y146.961
G1 E2 F2400
M204 S2500
;TYPE:Perimeter
;WIDTH:0.449999
G1 F834
G1 X125.798 Y146.039 E.03121
G1 X130.202 Y146.039 E.14907
G1 X130.202 Y146.5 E.0156
G1 X130.202 Y146.961 E.0156
G1 X125.858 Y146.961 E.14704
M204 S4000
G1 X125.858 Y146.961 F15000
G1 X125.391 Y147.368
M204 S2500
G1 F834
G1 X125.391 Y145.632 E.05876
G1 X130.609 Y145.632 E.17662
G1 X130.609 Y146.5 E.02938
G1 X130.609 Y147.368 E.02938
G1 X125.451 Y147.368 E.17459
M204 S4000
G1 X125.451 Y147.368 F15000
G1 X124.984 Y147.775
M204 S2500
;TYPE:External perimeter
G1 F834
G1 X124.984 Y145.225 E.08631
G1 X131.016 Y145.225 E.20418
G1 X131.016 Y146.5 E.04316
G1 X131.016 Y147.775 E.04316
G1 X125.044 Y147.775 E.20214
M204 S4000
G1 X124.984 Y147.379 F15000
G1 X126.079 Y146.32
;TYPE:Solid infill
;WIDTH:0.402004
G1 F834
G1 X126.079 Y146.68 E.01075
G1 X129.921 Y146.68 E.11471
G1 X129.921 Y146.32 E.01075
G1 X126.283 Y146.32 E.10862
G1 E-2 F2400
G1 X126.283 Y146.32 F15000
G1 X136.961 Y146.039
G1 E2 F2400
M204 S2500
;TYPE:Perimeter
;WIDTH:0.449999
G1 F834
G1 X136.961 Y146.5 E.0156
G1 X136.961 Y146.961 E.0156
G1 X135.798 Y146.961 E.03937
G1 X135.798 Y146.039 E.03121
G1 X136.901 Y146.039 E.03734
M204 S4000
G1 X136.901 Y146.039 F15000
G1 X137.368 Y145.632
M204 S2500
G1 F834
G1 X137.368 Y146.5 E.02938
G1 X137.368 Y147.368 E.02938
G1 X135.391 Y147.368 E.06692
G1 X135.391 Y145.632 E.05876
G1 X137.308 Y145.632 E.06489
M204 S4000
G1 X137.775 Y145.225 F15000
M204 S2500
;TYPE:External perimeter
G1 F834
G1 X137.775 Y146.5 E.04316
G1 X137.775 Y147.775 E.04316
G1 X134.984 Y147.775 E.09447
G1 X134.984 Y145.225 E.08631
G1 X137.715 Y145.225 E.09244
M204 S4000
G1 X137.774 Y145.621 F15000
G1 X136.079 Y146.32
;TYPE:Solid infill
;WIDTH:0.402004
G1 F834
G1 X136.079 Y146.68 E.01075
G1 X136.68 Y146.68 E.01794
G1 X136.68 Y146.32 E.01075
G1 X136.283 Y146.32 E.01185
;LAYER_CHANGE
;Z:41.25
;HEIGHT:0.200001
G1 Z41.25 F15000
G1 E-2 F2400
G1 Z41.25 F15000
G1 X120.326 Y146.039
G1 Z41.25
G1 E2 F2400
M204 S2500
;TYPE:Perimeter
;WIDTH:0.449999
G1 F892
G1 X120.326 Y146.5 E.0156
G1 X120.326 Y146.961 E.0156
G1 X119.039 Y146.961 E.04356
G1 X119.039 Y146.039 E.03121
G1 X120.266 Y146.039 E.04153
M204 S4000
G1 X120.266 Y146.039 F15000
G1 X120.733 Y145.632
M204 S2500
G1 F892
G1 X120.733 Y146.5 E.02938
G1 X120.733 Y147.368 E.02938
G1 X118.632 Y147.368 E.07112
G1 X118.632 Y145.632 E.05876
G1 X120.673 Y145.632 E.06909
M204 S4000
G1 X120.673 Y145.632 F15000
G1 X121.14 Y145.225
M204 S2500
;TYPE:External perimeter
G1 F892
G1 X121.14 Y146.5 E.04316
G1 X121.14 Y147.775 E.04316
G1 X118.225 Y147.775 E.09867
G1 X118.225 Y145.225 E.08631
G1 X121.08 Y145.225 E.09664
M204 S4000
G1 X121.139 Y145.621 F15000
G1 X120.044 Y146.32
;TYPE:Solid infill
;WIDTH:0.402003
G1 F892
G1 X119.32 Y146.32 E.02162
G1 X119.32 Y146.68 E.01075
G1 X120.044 Y146.68 E.02162
G1 X120.044 Y146.524 E.00466
G1 E-2 F2400
G1 X120.044 Y146.524 F15000
G1 X125.674 Y146.961
G1 E2 F2400
M204 S2500
;TYPE:Perimeter
;WIDTH:0.449999
G1 F892
G1 X125.674 Y146.039 E.03121
G1 X130.326 Y146.039 E.15746
G1 X130.326 Y146.5 E.0156
G1 X130.326 Y146.961 E.0156
G1 X125.734 Y146.961 E.15543
M204 S4000
G1 X125.734 Y146.961 F15000
G1 X125.267 Y147.368
M204 S2500
G1 F892
G1 X125.267 Y145.632 E.05876
G1 X130.733 Y145.632 E.18502
G1 X130.733 Y146.5 E.02938
G1 X130.733 Y147.368 E.02938
G1 X125.327 Y147.368 E.18299
M204 S4000
G1 X125.327 Y147.368 F15000
G1 X124.86 Y147.775
M204 S2500
;TYPE:External perimeter
G1 F892
G1 X124.86 Y145.225 E.08631
G1 X131.14 Y145.225 E.21257
G1 X131.14 Y146.5 E.04316
G1 X131.14 Y147.775 E.04316
G1 X124.92 Y147.775 E.21054
M204 S4000
G1 X124.861 Y147.379 F15000
G1 E-2 F2400
G1 X130.044 Y146.32 F15000
G1 E2 F2400
;TYPE:Solid infill
;WIDTH:0.402003
G1 F892
G1 X125.956 Y146.32 E.12206
G1 X125.956 Y146.68 E.01075
G1 X130.044 Y146.68 E.12206
G1 X130.044 Y146.524 E.00466
G1 E-2 F2400
G1 X130.044 Y146.524 F15000
G1 X136.961 Y146.039
G1 E2 F2400
M204 S2500
;TYPE:Perimeter
;WIDTH:0.449999
G1 F892
G1 X136.961 Y146.5 E.0156
G1 X136.961 Y146.961 E.0156
G1 X135.674 Y146.961 E.04356
G1 X135.674 Y146.039 E.03121
G1 X136.901 Y146.039 E.04153
M204 S4000
G1 X136.901 Y146.039 F15000
G1 X137.368 Y145.632
M204 S2500
G1 F892
G1 X137.368 Y146.5 E.02938
G1 X137.368 Y147.368 E.02938
G1 X135.267 Y147.368 E.07112
G1 X135.267 Y145.632 E.05876
G1 X137.308 Y145.632 E.06909
M204 S4000
G1 X137.775 Y145.225 F15000
M204 S2500
;TYPE:External perimeter
G1 F892
G1 X137.775 Y146.5 E.04316
G1 X137.775 Y147.775 E.04316
G1 X134.86 Y147.775 E.09867
G1 X134.86 Y145.225 E.08631
G1 X137.715 Y145.225 E.09664
M204 S4000
G1 X137.774 Y145.621 F15000
G1 X135.956 Y146.32
;TYPE:Solid infill
;WIDTH:0.402002
G1 F892
G1 X135.956 Y146.68 E.01075
G1 X136.68 Y146.68 E.02162
G1 X136.68 Y146.32 E.01075
G1 X136.159 Y146.32 E.01556
;LAYER_CHANGE
;Z:41.45
;HEIGHT:0.200001
G1 Z41.45 F15000
G1 E-2 F2400
G1 Z41.45 F15000
G1 X120.486 Y146.039
G1 Z41.45
G1 E2 F2400
M204 S2500
;TYPE:Perimeter
;WIDTH:0.449999
G1 F900
G1 X120.486 Y146.5 E.0156
G1 X120.486 Y146.961 E.0156
G1 X119.039 Y146.961 E.04898
G1 X119.039 Y146.039 E.03121
G1 X120.426 Y146.039 E.04695
M204 S4000
G1 X120.426 Y146.039 F15000
G1 X120.894 Y145.632
M204 S2500
G1 F900
G1 X120.894 Y146.5 E.02938
G1 X120.894 Y147.368 E.02938
G1 X118.632 Y147.368 E.07657
G1 X118.632 Y145.632 E.05876
G1 X120.834 Y145.632 E.07453
M204 S4000
G1 X120.834 Y145.632 F15000
G1 X121.301 Y145.225
M204 S2500
;TYPE:External perimeter
G1 F900
G1 X121.301 Y146.5 E.04316
G1 X121.301 Y147.775 E.04316
G1 X118.225 Y147.775 E.10412
G1 X118.225 Y145.225 E.08631
G1 X121.241 Y145.225 E.10209
M204 S4000
G1 X121.3 Y145.621 F15000
G1 E-2 F2400
G1 X119.32 Y146.32 F15000
G1 E2 F2400
;TYPE:Solid infill
;WIDTH:0.402004
G1 F1581
G1 X119.32 Y146.68 E.01075
G1 X120.205 Y146.68 E.02642
G1 X120.205 Y146.32 E.01075
G1 X119.524 Y146.32 E.02033
G1 E-2 F2400
G1 X119.524 Y146.32 F15000
G1 X125.514 Y146.961
G1 E2 F2400
M204 S2500
;TYPE:Perimeter
;WIDTH:0.449999
G1 F900
G1 X125.514 Y146.039 E.03121
G1 X130.486 Y146.039 E.1683
G1 X130.486 Y146.5 E.0156
G1 X130.486 Y146.961 E.0156
G1 X125.574 Y146.961 E.16627
M204 S4000
G1 X125.574 Y146.961 F15000
G1 X125.106 Y147.368
M204 S2500
G1 F900
G1 X125.106 Y145.632 E.05876
G1 X130.894 Y145.632 E.19592
G1 X130.894 Y146.5 E.02938
G1 X130.894 Y147.368 E.02938
G1 X125.166 Y147.368 E.19389
M204 S4000
G1 X125.166 Y147.368 F15000
G1 X124.699 Y147.775
M204 S2500
;TYPE:External perimeter
G1 F900
G1 X124.699 Y145.225 E.08631
G1 X131.301 Y145.225 E.22347
G1 X131.301 Y146.5 E.04316
G1 X131.301 Y147.775 E.04316
G1 X124.759 Y147.775 E.22144
M204 S4000
G1 X124.7 Y147.379 F15000
G1 X125.795 Y146.32
;TYPE:Solid infill
;WIDTH:0.402004
G1 F1581
G1 X125.795 Y146.68 E.01075
G1 X130.205 Y146.68 E.13167
G1 X130.205 Y146.32 E.01075
G1 X125.998 Y146.32 E.12561
G1 E-2 F2400
G1 X125.998 Y146.32 F15000
G1 X136.961 Y146.039
G1 E2 F2400
M204 S2500
;TYPE:Perimeter
;WIDTH:0.449999
G1 F900
G1 X136.961 Y146.5 E.0156
G1 X136.961 Y146.961 E.0156
G1 X135.514 Y146.961 E.04898
G1 X135.514 Y146.039 E.03121
G1 X136.901 Y146.039 E.04695
M204 S4000
G1 X136.901 Y146.039 F15000
G1 X137.368 Y145.632
M204 S2500
G1 F900
G1 X137.368 Y146.5 E.02938
G1 X137.368 Y147.368 E.02938
G1 X135.106 Y147.368 E.07657
G1 X135.106 Y145.632 E.05876
G1 X137.308 Y145.632 E.07453
M204 S4000
G1 X137.775 Y145.225 F15000
M204 S2500
;TYPE:External perimeter
G1 F900
G1 X137.775 Y146.5 E.04316
G1 X137.775 Y147.775 E.04316
G1 X134.699 Y147.775 E.10412
G1 X134.699 Y145.225 E.08631
G1 X137.715 Y145.225 E.10209
M204 S4000
G1 X137.774 Y145.621 F15000
G1 E-2 F2400
G1 X135.795 Y146.32 F15000
G1 E2 F2400
;TYPE:Solid infill
;WIDTH:0.402004
G1 F1581
G1 X135.795 Y146.68 E.01075
G1 X136.68 Y146.68 E.02642
G1 X136.68 Y146.32 E.01075
G1 X135.998 Y146.32 E.02036
;LAYER_CHANGE
;Z:41.65
;HEIGHT:0.200001
G1 Z41.65 F15000
G1 E-2 F2400
G1 Z41.65 F15000
G1 X120.699 Y146.039
G1 Z41.65
G1 E2 F2400
M204 S2500
;TYPE:Perimeter
;WIDTH:0.449999
G1 F900
G1 X120.699 Y146.5 E.0156
G1 X120.699 Y146.961 E.0156
G1 X119.039 Y146.961 E.05619
G1 X119.039 Y146.039 E.03121
G1 X120.639 Y146.039 E.05416
M204 S4000
G1 X120.639 Y146.039 F15000
G1 X121.106 Y145.632
M204 S2500
G1 F900
G1 X121.106 Y146.5 E.02938
G1 X121.106 Y147.368 E.02938
G1 X118.632 Y147.368 E.08374
G1 X118.632 Y145.632 E.05876
G1 X121.046 Y145.632 E.08171
M204 S4000
G1 X121.046 Y145.632 F15000
G1 X121.513 Y145.225
M204 S2500
;TYPE:External perimeter
G1 F900
G1 X121.513 Y146.5 E.04316
G1 X121.513 Y147.775 E.04316
G1 X118.225 Y147.775 E.11129
G1 X118.225 Y145.225 E.08631
G1 X121.453 Y145.225 E.10926
M204 S4000
G1 X121.512 Y145.621 F15000
G1 X120.417 Y146.32
;TYPE:Solid infill
;WIDTH:0.402003
G1 F2343
G1 X119.32 Y146.32 E.03275
G1 X119.32 Y146.68 E.01075
G1 X120.417 Y146.68 E.03275
G1 X120.417 Y146.524 E.00466
G1 E-2 F2400
G1 X120.417 Y146.524 F15000
G1 X125.301 Y146.961
G1 E2 F2400
M204 S2500
;TYPE:Perimeter
;WIDTH:0.449999
G1 F900
G1 X125.301 Y146.039 E.03121
G1 X130.699 Y146.039 E.18272
G1 X130.699 Y146.5 E.0156
G1 X130.699 Y146.961 E.0156
G1 X125.361 Y146.961 E.18068
M204 S4000
G1 X125.361 Y146.961 F15000
G1 X124.894 Y147.368
M204 S2500
G1 F900
G1 X124.894 Y145.632 E.05876
G1 X131.106 Y145.632 E.21027
G1 X131.106 Y146.5 E.02938
G1 X131.106 Y147.368 E.02938
G1 X124.954 Y147.368 E.20824
M204 S4000
G1 X124.954 Y147.368 F15000
G1 X124.487 Y147.775
M204 S2500
;TYPE:External perimeter
G1 F900
G1 X124.487 Y145.225 E.08631
G1 X131.513 Y145.225 E.23782
G1 X131.513 Y146.5 E.04316
G1 X131.513 Y147.775 E.04316
G1 X124.547 Y147.775 E.23579
M204 S4000
G1 X124.488 Y147.379 F15000
G1 E-2 F2400
G1 X130.417 Y146.32 F15000
G1 E2 F2400
;TYPE:Solid infill
;WIDTH:0.402003
G1 F2343
G1 X125.583 Y146.32 E.14433
G1 X125.583 Y146.68 E.01075
G1 X130.417 Y146.68 E.14433
G1 X130.417 Y146.524 E.00466
G1 E-2 F2400
G1 X130.417 Y146.524 F15000
G1 X136.961 Y146.039
G1 E2 F2400
M204 S2500
;TYPE:Perimeter
;WIDTH:0.449999
G1 F900
G1 X136.961 Y146.5 E.0156
G1 X136.961 Y146.961 E.0156
G1 X135.301 Y146.961 E.05619
G1 X135.301 Y146.039 E.03121
G1 X136.901 Y146.039 E.05416
M204 S4000
G1 X136.901 Y146.039 F15000
G1 X137.368 Y145.632
M204 S2500
G1 F900
G1 X137.368 Y146.5 E.02938
G1 X137.368 Y147.368 E.02938
G1 X134.894 Y147.368 E.08374
G1 X134.894 Y145.632 E.05876
G1 X137.308 Y145.632 E.08171
M204 S4000
G1 X137.775 Y145.225 F15000
M204 S2500
;TYPE:External perimeter
G1 F900
G1 X137.775 Y146.5 E.04316
G1 X137.775 Y147.775 E.04316
G1 X134.487 Y147.775 E.11129
G1 X134.487 Y145.225 E.08631
G1 X137.715 Y145.225 E.10926
M204 S4000
G1 X137.774 Y145.621 F15000
G1 X136.68 Y146.32
;TYPE:Solid infill
;WIDTH:0.402003
G1 F2343
G1 X135.583 Y146.32 E.03275
G1 X135.583 Y146.68 E.01075
G1 X136.68 Y146.68 E.03275
G1 X136.68 Y146.524 E.00466
;LAYER_CHANGE
;Z:41.85
;HEIGHT:0.199997
G1 Z41.85 F15000
G1 E-2 F2400
G1 Z41.85 F15000
G1 X119.039 Y146.961
G1 Z41.85
G1 E2 F2400
M204 S2500
;TYPE:Perimeter
;WIDTH:0.449999
G1 F900
G1 X119.039 Y146.039 E.03121
G1 X120.994 Y146.039 E.06617
G1 X120.994 Y146.5 E.0156
G1 X120.994 Y146.961 E.0156
G1 X119.099 Y146.961 E.06414
M204 S4000
G1 X119.099 Y146.961 F15000
G1 X118.632 Y147.368
M204 S2500
G1 F900
G1 X118.632 Y145.632 E.05876
G1 X121.402 Y145.632 E.09376
G1 X121.402 Y146.5 E.02938
G1 X121.402 Y147.368 E.02938
G1 X118.692 Y147.368 E.09173
M204 S4000
G1 X118.225 Y147.775 F15000
M204 S2500
;TYPE:External perimeter
G1 F900
G1 X118.225 Y145.225 E.08631
G1 X121.809 Y145.225 E.12131
G1 X121.809 Y146.5 E.04316
G1 X121.809 Y147.775 E.04316
G1 X118.285 Y147.775 E.11928
M204 S4000
G1 X118.226 Y147.379 F15000
G1 X119.32 Y146.32
;TYPE:Solid infill
;WIDTH:0.402004
G1 F3300
G1 X119.32 Y146.68 E.01075
G1 X120.713 Y146.68 E.04159
G1 X120.713 Y146.32 E.01075
G1 X119.524 Y146.32 E.0355
G1 E-2 F2400
G1 X119.524 Y146.32 F15000
G1 X125.006 Y146.961
G1 E2 F2400
M204 S2500
;TYPE:Perimeter
;WIDTH:0.449999
G1 F900
G1 X125.006 Y146.039 E.03121
G1 X130.994 Y146.039 E.20269
G1 X130.994 Y146.5 E.0156
G1 X130.994 Y146.961 E.0156
G1 X125.066 Y146.961 E.20066
M204 S4000
G1 X125.066 Y146.961 F15000
G1 X124.599 Y147.368
M204 S2500
G1 F900
G1 X124.599 Y145.632 E.05876
G1 X131.402 Y145.632 E.23027
G1 X131.402 Y146.5 E.02938
G1 X131.402 Y147.368 E.02938
G1 X124.659 Y147.368 E.22824
M204 S4000
G1 X124.659 Y147.368 F15000
G1 X124.191 Y147.775
M204 S2500
;TYPE:External perimeter
G1 F900
G1 X124.191 Y145.225 E.08631
G1 X131.809 Y145.225 E.25786
G1 X131.809 Y146.5 E.04316
G1 X131.809 Y147.775 E.04316
G1 X124.251 Y147.775 E.25583
M204 S4000
G1 X124.192 Y147.379 F15000
G1 X125.287 Y146.32
;TYPE:Solid infill
;WIDTH:0.402004
G1 F3300
G1 X125.287 Y146.68 E.01075
G1 X130.713 Y146.68 E.16201
G1 X130.713 Y146.32 E.01075
G1 X125.49 Y146.32 E.15595
G1 E-2 F2400
G1 X125.49 Y146.32 F15000
G1 X136.961 Y146.039
G1 E2 F2400
M204 S2500
;TYPE:Perimeter
;WIDTH:0.449999
G1 F900
G1 X136.961 Y146.5 E.0156
G1 X136.961 Y146.961 E.0156
G1 X135.006 Y146.961 E.06617
G1 X135.006 Y146.039 E.03121
G1 X136.901 Y146.039 E.06414
M204 S4000
G1 X136.901 Y146.039 F15000
G1 X137.368 Y145.632
M204 S2500
G1 F900
G1 X137.368 Y146.5 E.02938
G1 X137.368 Y147.368 E.02938
G1 X134.599 Y147.368 E.09373
G1 X134.599 Y145.632 E.05876
G1 X137.308 Y145.632 E.0917
M204 S4000
G1 X137.775 Y145.225 F15000
M204 S2500
;TYPE:External perimeter
G1 F900
G1 X137.775 Y146.5 E.04316
G1 X137.775 Y147.775 E.04316
G1 X134.191 Y147.775 E.12131
G1 X134.191 Y145.225 E.08631
G1 X137.715 Y145.225 E.11928
M204 S4000
G1 X137.774 Y145.621 F15000
G1 E-2 F2400
G1 X135.287 Y146.32 F15000
G1 E2 F2400
;TYPE:Solid infill
;WIDTH:0.402004
G1 F3300
G1 X135.287 Y146.68 E.01075
G1 X136.68 Y146.68 E.04159
G1 X136.68 Y146.32 E.01075
G1 X135.49 Y146.32 E.03553
;LAYER_CHANGE
;Z:42.05
;HEIGHT:0.200001
G1 Z42.05 F15000
G1 E-2 F2400
G1 Z42.05 F15000
G1 X119.039 Y146.961
G1 Z42.05
G1 E2 F2400
M204 S2500
;TYPE:Perimeter
;WIDTH:0.449999
G1 F900
G1 X119.039 Y146.039 E.03121
G1 X121.521 Y146.039 E.08401
G1 X121.521 Y146.5 E.0156
G1 X121.521 Y146.961 E.0156
G1 X119.099 Y146.961 E.08198
M204 S4000
G1 X119.099 Y146.961 F15000
G1 X118.632 Y147.368
M204 S2500
G1 F900
G1 X118.632 Y145.632 E.05876
G1 X121.928 Y145.632 E.11157
G1 X121.928 Y146.5 E.02938
G1 X121.928 Y147.368 E.02938
G1 X118.692 Y147.368 E.10953
M204 S4000
G1 X118.225 Y147.775 F15000
M204 S2500
;TYPE:External perimeter
G1 F900
G1 X118.225 Y145.225 E.08631
G1 X122.234 Y145.225 E.1357
;TYPE:Overhang perimeter
;WIDTH:0.4
;HEIGHT:0.4
M106 S102
G1 X122.335 Y145.225 E.00528
G1 X122.335 Y146.5 E.06661
M107
M106 S102
G1 X122.335 Y147.775 E.06661
G1 X122.234 Y147.775 E.00528
M107
;TYPE:External perimeter
;WIDTH:0.449999
;HEIGHT:0.2
G1 X118.285 Y147.775 E.13367
M204 S4000
G1 X118.226 Y147.379 F15000
G1 E-2 F2400
G1 X121.24 Y146.32 F15000
G1 E2 F2400
;TYPE:Solid infill
;WIDTH:0.402003
G1 F3300
G1 X119.32 Y146.32 E.05733
G1 X119.32 Y146.68 E.01075
G1 X121.24 Y146.68 E.05733
G1 X121.24 Y146.524 E.00466
G1 E-2 F2400
G1 X121.24 Y146.524 F15000
G1 X124.479 Y146.961
G1 E2 F2400
M204 S2500
;TYPE:Perimeter
;WIDTH:0.449999
G1 F900
G1 X124.479 Y146.039 E.03121
G1 X131.521 Y146.039 E.23836
G1 X131.521 Y146.5 E.0156
G1 X131.521 Y146.961 E.0156
G1 X124.539 Y146.961 E.23633
M204 S4000
G1 X124.539 Y146.961 F15000
G1 X124.072 Y147.368
M204 S2500
G1 F900
G1 X124.072 Y145.632 E.05876
G1 X131.928 Y145.632 E.26592
G1 X131.928 Y146.5 E.02938
G1 X131.928 Y147.368 E.02938
G1 X124.132 Y147.368 E.26388
M204 S4000
G1 X124.132 Y147.368 F15000
G1 X123.766 Y147.775
M204 S2500
;TYPE:Overhang perimeter
;WIDTH:0.4
;HEIGHT:0.4
M106 S102
G1 F900
G1 X123.665 Y147.775 E.00528
G1 X123.665 Y145.225 E.13322
G1 X123.766 Y145.225 E.00528
M107
;TYPE:External perimeter
;WIDTH:0.449999
;HEIGHT:0.2
G1 X132.234 Y145.225 E.28663
;TYPE:Overhang perimeter
;WIDTH:0.4
;HEIGHT:0.4
M106 S102
G1 X132.335 Y145.225 E.00528
G1 X132.335 Y146.5 E.06661
M107
M106 S102
G1 X132.335 Y147.775 E.06661
G1 X132.234 Y147.775 E.00528
M107
;TYPE:External perimeter
;WIDTH:0.449999
;HEIGHT:0.2
G1 X123.826 Y147.775 E.2846
M204 S4000
G1 X123.636 Y147.423 F15000
G1 E-2 F2400
G1 X131.24 Y146.32 F15000
G1 E2 F2400
;TYPE:Solid infill
;WIDTH:0.402003
G1 F3300
G1 X124.76 Y146.32 E.19348
G1 X124.76 Y146.68 E.01075
G1 X131.24 Y146.68 E.19348
G1 X131.24 Y146.524 E.00466
G1 E-2 F2400
G1 X131.24 Y146.524 F15000
G1 X136.961 Y146.039
G1 E2 F2400
M204 S2500
;TYPE:Perimeter
;WIDTH:0.449999
G1 F900
G1 X136.961 Y146.5 E.0156
G1 X136.961 Y146.961 E.0156
G1 X134.479 Y146.961 E.08401
G1 X134.479 Y146.039 E.03121
G1 X136.901 Y146.039 E.08198
M204 S4000
G1 X136.901 Y146.039 F15000
G1 X137.368 Y145.632
M204 S2500
G1 F900
G1 X137.368 Y146.5 E.02938
G1 X137.368 Y147.368 E.02938
G1 X134.072 Y147.368 E.11157
G1 X134.072 Y145.632 E.05876
G1 X137.308 Y145.632 E.10953
M204 S4000
G1 X137.775 Y145.225 F15000
M204 S2500
;TYPE:External perimeter
G1 F900
G1 X137.775 Y146.5 E.04316
G1 X137.775 Y147.775 E.04316
G1 X133.766 Y147.775 E.1357
;TYPE:Overhang perimeter
;WIDTH:0.4
;HEIGHT:0.4
M106 S102
G1 X133.665 Y147.775 E.00528
G1 X133.665 Y145.225 E.13322
G1 X133.766 Y145.225 E.00528
M107
;TYPE:External perimeter
;WIDTH:0.449999
;HEIGHT:0.2
G1 X137.715 Y145.225 E.13367
M204 S4000
G1 X137.774 Y145.621 F15000
G1 X136.68 Y146.32
;TYPE:Solid infill
;WIDTH:0.402003
G1 F3300
G1 X134.76 Y146.32 E.05733
G1 X134.76 Y146.68 E.01075
G1 X136.68 Y146.68 E.05733
G1 X136.68 Y146.524 E.00466
;LAYER_CHANGE
;Z:42.25
;HEIGHT:0.200001
G1 Z42.25 F15000
G1 X136.961 Y146.039
G1 Z42.25
M204 S2500
;TYPE:Perimeter
;WIDTH:0.449999
G1 F900
G1 X136.961 Y146.5 E.0156
G1 X136.961 Y146.961 E.0156
G1 X133.24 Y146.961 E.12595
;TYPE:Overhang perimeter
;WIDTH:0.4
;HEIGHT:0.4
M106 S102
G1 X132.76 Y146.961 E.02508
M107
;TYPE:Perimeter
;WIDTH:0.449999
;HEIGHT:0.2
G1 X123.24 Y146.961 E.32224
;TYPE:Overhang perimeter
;WIDTH:0.4
;HEIGHT:0.4
M106 S102
G1 X122.76 Y146.961 E.02508
M107
;TYPE:Perimeter
;WIDTH:0.449999
;HEIGHT:0.2
G1 X119.039 Y146.961 E.12595
G1 X119.039 Y146.039 E.03121
G1 X122.76 Y146.039 E.12595
;TYPE:Overhang perimeter
;WIDTH:0.4
;HEIGHT:0.4
M106 S102
G1 X123.24 Y146.039 E.02508
M107
;TYPE:Perimeter
;WIDTH:0.449999
;HEIGHT:0.2
G1 X132.76 Y146.039 E.32224
;TYPE:Overhang perimeter
;WIDTH:0.4
;HEIGHT:0.4
M106 S102
G1 X133.24 Y146.039 E.02508
M107
;TYPE:Perimeter
;WIDTH:0.449999
;HEIGHT:0.2
G1 X136.901 Y146.039 E.12392
M204 S4000
G1 X136.901 Y146.039 F15000
G1 X137.368 Y145.632
M204 S2500
G1 F1332
G1 X137.368 Y146.5 E.02938
G1 X137.368 Y147.368 E.02938
G1 X133.24 Y147.368 E.13973
;TYPE:Overhang perimeter
;WIDTH:0.4
;HEIGHT:0.4
M106 S102
G1 F1500
G1 X132.76 Y147.368 E.02508
M107
;TYPE:Perimeter
;WIDTH:0.449999
;HEIGHT:0.2
G1 F1332
G1 X123.24 Y147.368 E.32224
;TYPE:Overhang perimeter
;WIDTH:0.4
;HEIGHT:0.4
M106 S102
G1 F1500
G1 X122.76 Y147.368 E.02508
M107
;TYPE:Perimeter
;WIDTH:0.449999
;HEIGHT:0.2
G1 F1332
G1 X118.632 Y147.368 E.13973
G1 X118.632 Y145.632 E.05876
G1 X122.76 Y145.632 E.13973
;TYPE:Overhang perimeter
;WIDTH:0.4
;HEIGHT:0.4
M106 S102
G1 F1500
G1 X123.24 Y145.632 E.02508
M107
;TYPE:Perimeter
;WIDTH:0.449999
;HEIGHT:0.2
G1 F1332
G1 X132.76 Y145.632 E.32224
;TYPE:Overhang perimeter
;WIDTH:0.4
;HEIGHT:0.4
M106 S102
G1 F1500
G1 X133.24 Y145.632 E.02508
M107
;TYPE:Perimeter
;WIDTH:0.449999
;HEIGHT:0.2
G1 F1332
G1 X137.308 Y145.632 E.1377
M204 S4000
G1 X137.775 Y145.225 F15000
M204 S2500
;TYPE:External perimeter
G1 F1332
G1 X137.775 Y146.5 E.04316
G1 X137.775 Y147.775 E.04316
G1 X133.24 Y147.775 E.1535
;TYPE:Overhang perimeter
;WIDTH:0.4
;HEIGHT:0.4
M106 S102
G1 F1500
G1 X132.76 Y147.775 E.02508
M107
;TYPE:External perimeter
;WIDTH:0.449999
;HEIGHT:0.2
G1 F1332
G1 X123.24 Y147.775 E.32224
;TYPE:Overhang perimeter
;WIDTH:0.4
;HEIGHT:0.4
M106 S102
G1 F1500
G1 X122.76 Y147.775 E.02508
M107
;TYPE:External perimeter
;WIDTH:0.449999
;HEIGHT:0.2
G1 F1332
G1 X118.225 Y147.775 E.1535
G1 X118.225 Y145.225 E.08631
G1 X122.76 Y145.225 E.1535
;TYPE:Overhang perimeter
;WIDTH:0.4
;HEIGHT:0.4
M106 S102
G1 F1500
G1 X123.24 Y145.225 E.02508
M107
;TYPE:External perimeter
;WIDTH:0.449999
;HEIGHT:0.2
G1 F1332
G1 X132.76 Y145.225 E.32224
;TYPE:Overhang perimeter
;WIDTH:0.4
;HEIGHT:0.4
M106 S102
G1 F1500
G1 X133.24 Y145.225 E.02508
M107
;TYPE:External perimeter
;WIDTH:0.449999
;HEIGHT:0.2
G1 F1332
G1 X137.715 Y145.225 E.15147
M204 S4000
G1 X137.774 Y145.621 F15000
G1 E-2 F2400
G1 X135.665 Y146.32 F15000
G1 E2 F2400
;TYPE:Solid infill
;WIDTH:0.401994
G1 F1332
G1 X135.665 Y146.68 E.01075
G1 X136.68 Y146.68 E.0303
G1 X136.68 Y146.32 E.01075
G1 X135.868 Y146.32 E.02424
G1 X135.868 Y146.32 F15000
G1 X135.463 Y146.411
M204 S2500
;TYPE:Bridge infill
;WIDTH:0.49
;HEIGHT:0.4
M106 S102
G1 F1500
G1 X130.537 Y146.411 E.3862
M107
M204 S4000
G1 E-2 F2400
G1 X130.537 Y146.411 F15000
G1 X125.665 Y146.68
G1 E2 F2400
;TYPE:Solid infill
;WIDTH:0.401993
;HEIGHT:0.2
G1 F1332
G1 X130.335 Y146.68 E.13943
G1 X130.335 Y146.32 E.01075
G1 X125.665 Y146.32 E.13943
G1 X125.665 Y146.476 E.00466
G1 X125.665 Y146.476 F15000
G1 X125.463 Y146.411
M204 S2500
;TYPE:Bridge infill
;WIDTH:0.49
;HEIGHT:0.4
M106 S102
G1 F1500
G1 X120.537 Y146.411 E.3862
M107
M204 S4000
G1 X120.537 Y146.411 F15000
G1 X119.32 Y146.32
;TYPE:Solid infill
;WIDTH:0.401994
;HEIGHT:0.2
G1 F1332
G1 X119.32 Y146.68 E.01075
G1 X120.335 Y146.68 E.0303
G1 X120.335 Y146.32 E.01075
G1 X119.524 Y146.32 E.02421
;LAYER_CHANGE
;Z:42.45
;HEIGHT:0.200001
G1 Z42.45 F15000
G1 E-2 F2400
G1 Z42.45 F15000
G1 X136.961 Y146.039
G1 Z42.45
G1 E2 F2400
M204 S2500
;TYPE:Perimeter
;WIDTH:0.449999
G1 F900
G1 X136.961 Y146.5 E.0156
G1 X136.961 Y146.961 E.0156
G1 X119.039 Y146.961 E.60664
G1 X119.039 Y146.039 E.03121
G1 X136.901 Y146.039 E.60461
M204 S4000
G1 X136.901 Y146.039 F15000
G1 X137.368 Y145.632
M204 S2500
G1 F1419
G1 X137.368 Y146.5 E.02938
G1 X137.368 Y147.368 E.02938
G1 X118.632 Y147.368 E.63419
G1 X118.632 Y145.632 E.05876
G1 X137.308 Y145.632 E.63216
M204 S4000
G1 X137.775 Y145.225 F15000
M204 S2500
;TYPE:External perimeter
G1 F1419
G1 X137.775 Y146.5 E.04316
G1 X137.775 Y147.775 E.04316
G1 X118.225 Y147.775 E.66174
G1 X118.225 Y145.225 E.08631
G1 X137.715 Y145.225 E.65971
M204 S4000
G1 X137.774 Y145.621 F15000
G1 X136.68 Y146.32
;TYPE:Solid infill
;WIDTH:0.401993
G1 F1419
G1 X119.32 Y146.32 E.51832
G1 X119.32 Y146.68 E.01075
G1 X136.68 Y146.68 E.51832
G1 X136.68 Y146.524 E.00466
;LAYER_CHANGE
;Z:42.65
;HEIGHT:0.200001
G1 Z42.65 F15000
G1 X136.961 Y146.039
G1 Z42.65
M204 S2500
;TYPE:Perimeter
;WIDTH:0.449999
G1 F900
G1 X136.961 Y146.5 E.0156
G1 X136.961 Y146.961 E.0156
G1 X119.039 Y146.961 E.60664
G1 X119.039 Y146.039 E.03121
G1 X136.901 Y146.039 E.60461
M204 S4000
G1 X136.901 Y146.039 F15000
G1 X137.368 Y145.632
M204 S2500
G1 F1395
G1 X137.368 Y146.5 E.02938
G1 X137.368 Y147.368 E.02938
G1 X118.632 Y147.368 E.63419
G1 X118.632 Y145.632 E.05876
G1 X137.308 Y145.632 E.63216
M204 S4000
G1 X137.775 Y145.225 F15000
M204 S2500
;TYPE:External perimeter
G1 F1395
G1 X137.775 Y146.5 E.04316
G1 X137.775 Y147.775 E.04316
G1 X118.225 Y147.775 E.66174
G1 X118.225 Y145.225 E.08631
G1 X137.715 Y145.225 E.65971
M204 S4000
G1 X137.774 Y145.621 F15000
G1 E-2 F2400
G1 X119.32 Y146.32 F15000
G1 E2 F2400
;TYPE:Solid infill
;WIDTH:0.401994
G1 F1395
G1 X119.32 Y146.68 E.01075
G1 X136.68 Y146.68 E.51832
G1 X136.68 Y146.32 E.01075
G1 X119.524 Y146.32 E.51223
;LAYER_CHANGE
;Z:42.85
;HEIGHT:0.199997
G1 Z42.85 F15000
G1 E-2 F2400
G1 Z42.85 F15000
G1 X136.961 Y146.039
G1 Z42.85
G1 E2 F2400
M204 S2500
;TYPE:Perimeter
;WIDTH:0.449999
G1 F900
G1 X136.961 Y146.5 E.0156
G1 X136.961 Y146.961 E.0156
G1 X119.039 Y146.961 E.60664
G1 X119.039 Y146.039 E.03121
G1 X136.901 Y146.039 E.60461
M204 S4000
G1 X136.901 Y146.039 F15000
G1 X137.368 Y145.632
M204 S2500
G1 F1419
G1 X137.368 Y146.5 E.02938
G1 X137.368 Y147.368 E.02938
G1 X118.632 Y147.368 E.63419
G1 X118.632 Y145.632 E.05876
G1 X137.308 Y145.632 E.63216
M204 S4000
G1 X137.775 Y145.225 F15000
M204 S2500
;TYPE:External perimeter
G1 F1419
G1 X137.775 Y146.5 E.04316
G1 X137.775 Y147.775 E.04316
G1 X118.225 Y147.775 E.66174
G1 X118.225 Y145.225 E.08631
G1 X137.715 Y145.225 E.65971
M204 S4000
G1 X137.774 Y145.621 F15000
G1 X136.68 Y146.32
;TYPE:Solid infill
;WIDTH:0.401993
G1 F1419
G1 X119.32 Y146.32 E.51832
G1 X119.32 Y146.68 E.01075
G1 X136.68 Y146.68 E.51832
G1 X136.68 Y146.524 E.00466
;LAYER_CHANGE
;Z:43.05
;HEIGHT:0.200001
G1 Z43.05 F15000
G1 X136.961 Y146.039
G1 Z43.05
M204 S2500
;TYPE:Perimeter
;WIDTH:0.449999
G1 F900
G1 X136.961 Y146.5 E.0156
G1 X136.961 Y146.961 E.0156
G1 X119.039 Y146.961 E.60664
G1 X119.039 Y146.039 E.03121
G1 X136.901 Y146.039 E.60461
M204 S4000
G1 X136.901 Y146.039 F15000
G1 X137.368 Y145.632
M204 S2500
G1 F1395
G1 X137.368 Y146.5 E.02938
G1 X137.368 Y147.368 E.02938
G1 X118.632 Y147.368 E.63419
G1 X118.632 Y145.632 E.05876
G1 X137.308 Y145.632 E.63216
M204 S4000
G1 X137.775 Y145.225 F15000
M204 S2500
;TYPE:External perimeter
G1 F1395
G1 X137.775 Y146.5 E.04316
G1 X137.775 Y147.775 E.04316
G1 X118.225 Y147.775 E.66174
G1 X118.225 Y145.225 E.08631
G1 X137.715 Y145.225 E.65971
M204 S4000
G1 X137.774 Y145.621 F15000
G1 E-2 F2400
G1 X119.32 Y146.32 F15000
G1 E2 F2400
;TYPE:Solid infill
;WIDTH:0.401994
G1 F1395
G1 X119.32 Y146.68 E.01075
G1 X136.68 Y146.68 E.51832
G1 X136.68 Y146.32 E.01075
G1 X119.524 Y146.32 E.51223
;LAYER_CHANGE
;Z:43.25
;HEIGHT:0.200001
G1 Z43.25 F15000
G1 E-2 F2400
G1 Z43.25 F15000
G1 X136.961 Y146.039
G1 Z43.25
G1 E2 F2400
M204 S2500
;TYPE:Perimeter
;WIDTH:0.449999
G1 F900
G1 X136.961 Y146.5 E.0156
G1 X136.961 Y146.961 E.0156
G1 X119.039 Y146.961 E.60664
G1 X119.039 Y146.039 E.03121
G1 X136.901 Y146.039 E.60461
M204 S4000
G1 X136.901 Y146.039 F15000
G1 X137.368 Y145.632
M204 S2500
G1 F1419
G1 X137.368 Y146.5 E.02938
G1 X137.368 Y147.368 E.02938
G1 X118.632 Y147.368 E.63419
G1 X118.632 Y145.632 E.05876
G1 X137.308 Y145.632 E.63216
M204 S4000
G1 X137.775 Y145.225 F15000
M204 S2500
;TYPE:External perimeter
G1 F1419
G1 X137.775 Y146.5 E.04316
G1 X137.775 Y147.775 E.04316
G1 X118.225 Y147.775 E.66174
G1 X118.225 Y145.225 E.08631
G1 X137.715 Y145.225 E.65971
M204 S4000
G1 X137.774 Y145.621 F15000
G1 X136.68 Y146.32
;TYPE:Solid infill
;WIDTH:0.401993
G1 F1419
G1 X119.32 Y146.32 E.51832
G1 X119.32 Y146.68 E.01075
G1 X136.68 Y146.68 E.51832
G1 X136.68 Y146.524 E.00466
;LAYER_CHANGE
;Z:43.45
;HEIGHT:0.200001
G1 Z43.45 F15000
G1 X136.961 Y146.039
G1 Z43.45
M204 S2500
;TYPE:Perimeter
;WIDTH:0.449999
G1 F900
G1 X136.961 Y146.5 E.0156
G1 X136.961 Y146.961 E.0156
G1 X119.039 Y146.961 E.60664
G1 X119.039 Y146.039 E.03121
G1 X136.901 Y146.039 E.60461
M204 S4000
G1 X136.901 Y146.039 F15000
G1 X137.368 Y145.632
M204 S2500
G1 F1395
G1 X137.368 Y146.5 E.02938
G1 X137.368 Y147.368 E.02938
G1 X118.632 Y147.368 E.63419
G1 X118.632 Y145.632 E.05876
G1 X137.308 Y145.632 E.63216
M204 S4000
G1 X137.775 Y145.225 F15000
M204 S2500
;TYPE:External perimeter
G1 F1395
G1 X137.775 Y146.5 E.04316
G1 X137.775 Y147.775 E.04316
G1 X118.225 Y147.775 E.66174
G1 X118.225 Y145.225 E.08631
G1 X137.715 Y145.225 E.65971
M204 S4000
G1 X137.774 Y145.621 F15000
G1 E-2 F2400
G1 X119.32 Y146.32 F15000
G1 E2 F2400
;TYPE:Solid infill
;WIDTH:0.401994
G1 F1395
G1 X119.32 Y146.68 E.01075
G1 X136.68 Y146.68 E.51832
G1 X136.68 Y146.32 E.01075
G1 X119.524 Y146.32 E.51223
;LAYER_CHANGE
;Z:43.65
;HEIGHT:0.200001
G1 Z43.65 F15000
G1 E-2 F2400
G1 Z43.65 F15000
G1 X136.961 Y146.039
G1 Z43.65
G1 E2 F2400
M204 S2500
;TYPE:Perimeter
;WIDTH:0.449999
G1 F900
G1 X136.961 Y146.5 E.0156
G1 X136.961 Y146.961 E.0156
G1 X119.039 Y146.961 E.60664
G1 X119.039 Y146.039 E.03121
G1 X136.901 Y146.039 E.60461
M204 S4000
G1 X136.901 Y146.039 F15000
G1 X137.368 Y145.632
M204 S2500
G1 F1419
G1 X137.368 Y146.5 E.02938
G1 X137.368 Y147.368 E.02938
G1 X118.632 Y147.368 E.63419
G1 X118.632 Y145.632 E.05876
G1 X137.308 Y145.632 E.63216
M204 S4000
G1 X137.775 Y145.225 F15000
M204 S2500
;TYPE:External perimeter
G1 F1419
G1 X137.775 Y146.5 E.04316
G1 X137.775 Y147.775 E.04316
G1 X118.225 Y147.775 E.66174
G1 X118.225 Y145.225 E.08631
G1 X137.715 Y145.225 E.65971
M204 S4000
G1 X137.774 Y145.621 F15000
G1 X136.68 Y146.32
;TYPE:Solid infill
;WIDTH:0.401993
G1 F1419
G1 X119.32 Y146.32 E.51832
G1 X119.32 Y146.68 E.01075
G1 X136.68 Y146.68 E.51832
G1 X136.68 Y146.524 E.00466
;LAYER_CHANGE
;Z:43.85
;HEIGHT:0.199997
G1 Z43.85 F15000
G1 X136.961 Y146.039
G1 Z43.85
M204 S2500
;TYPE:Perimeter
;WIDTH:0.449999
G1 F900
G1 X136.961 Y146.5 E.0156
G1 X136.961 Y146.961 E.0156
G1 X119.039 Y146.961 E.60664
G1 X119.039 Y146.039 E.03121
G1 X136.901 Y146.039 E.60461
M204 S4000
G1 X136.901 Y146.039 F15000
G1 X137.368 Y145.632
M204 S2500
G1 F1395
G1 X137.368 Y146.5 E.02938
G1 X137.368 Y147.368 E.02938
G1 X118.632 Y147.368 E.63419
G1 X118.632 Y145.632 E.05876
G1 X137.308 Y145.632 E.63216
M204 S4000
G1 X137.775 Y145.225 F15000
M204 S2500
;TYPE:External perimeter
G1 F1395
G1 X137.775 Y146.5 E.04316
G1 X137.775 Y147.775 E.04316
G1 X118.225 Y147.775 E.66174
G1 X118.225 Y145.225 E.08631
G1 X137.715 Y145.225 E.65971
M204 S4000
G1 X137.774 Y145.621 F15000
G1 E-2 F2400
G1 X119.32 Y146.32 F15000
G1 E2 F2400
;TYPE:Solid infill
;WIDTH:0.401994
G1 F1395
G1 X119.32 Y146.68 E.01075
G1 X136.68 Y146.68 E.51832
G1 X136.68 Y146.32 E.01075
G1 X119.524 Y146.32 E.51223
;LAYER_CHANGE
;Z:44.05
;HEIGHT:0.200001
G1 Z44.05 F15000
G1 E-2 F2400
G1 Z44.05 F15000
G1 X136.961 Y146.039
G1 Z44.05
G1 E2 F2400
M204 S2500
;TYPE:Perimeter
;WIDTH:0.449999
G1 F900
G1 X136.961 Y146.5 E.0156
G1 X136.961 Y146.961 E.0156
G1 X119.039 Y146.961 E.60664
G1 X119.039 Y146.039 E.03121
G1 X136.901 Y146.039 E.60461
M204 S4000
G1 X136.901 Y146.039 F15000
G1 X137.368 Y145.632
M204 S2500
G1 F1419
G1 X137.368 Y146.5 E.02938
G1 X137.368 Y147.368 E.02938
G1 X118.632 Y147.368 E.63419
G1 X118.632 Y145.632 E.05876
G1 X137.308 Y145.632 E.63216
M204 S4000
G1 X137.775 Y145.225 F15000
M204 S2500
;TYPE:External perimeter
G1 F1419
G1 X137.775 Y146.5 E.04316
G1 X137.775 Y147.775 E.04316
G1 X118.225 Y147.775 E.66174
G1 X118.225 Y145.225 E.08631
G1 X137.715 Y145.225 E.65971
M204 S4000
G1 X137.774 Y145.621 F15000
G1 X136.68 Y146.32
;TYPE:Solid infill
;WIDTH:0.401993
G1 F1419
G1 X119.32 Y146.32 E.51832
G1 X119.32 Y146.68 E.01075
G1 X136.68 Y146.68 E.51832
G1 X136.68 Y146.524 E.00466
;LAYER_CHANGE
;Z:44.25
;HEIGHT:0.200001
G1 Z44.25 F15000
G1 X136.961 Y146.039
G1 Z44.25
M204 S2500
;TYPE:Perimeter
;WIDTH:0.449999
G1 F900
G1 X136.961 Y146.5 E.0156
G1 X136.961 Y146.961 E.0156
G1 X119.039 Y146.961 E.60664
G1 X119.039 Y146.039 E.03121
G1 X136.901 Y146.039 E.60461
M204 S4000
G1 X136.901 Y146.039 F15000
G1 X137.368 Y145.632
M204 S2500
G1 F1395
G1 X137.368 Y146.5 E.02938
G1 X137.368 Y147.368 E.02938
G1 X118.632 Y147.368 E.63419
G1 X118.632 Y145.632 E.05876
G1 X137.308 Y145.632 E.63216
M204 S4000
G1 X137.775 Y145.225 F15000
M204 S2500
;TYPE:External perimeter
G1 F1395
G1 X137.775 Y146.5 E.04316
G1 X137.775 Y147.775 E.04316
G1 X118.225 Y147.775 E.66174
G1 X118.225 Y145.225 E.08631
G1 X137.715 Y145.225 E.65971
M204 S4000
G1 X137.774 Y145.621 F15000
G1 E-2 F2400
G1 X119.32 Y146.32 F15000
G1 E2 F2400
;TYPE:Solid infill
;WIDTH:0.401994
G1 F1395
G1 X119.32 Y146.68 E.01075
G1 X136.68 Y146.68 E.51832
G1 X136.68 Y146.32 E.01075
G1 X119.524 Y146.32 E.51223
;LAYER_CHANGE
;Z:44.45
;HEIGHT:0.200001
G1 Z44.45 F15000
G1 E-2 F2400
G1 Z44.45 F15000
G1 X136.961 Y146.039
G1 Z44.45
G1 E2 F2400
M204 S2500
;TYPE:Perimeter
;WIDTH:0.449999
G1 F900
G1 X136.961 Y146.5 E.0156
G1 X136.961 Y146.961 E.0156
G1 X119.039 Y146.961 E.60664
G1 X119.039 Y146.039 E.03121
G1 X136.901 Y146.039 E.60461
M204 S4000
G1 X136.901 Y146.039 F15000
G1 X137.368 Y145.632
M204 S2500
G1 F1419
G1 X137.368 Y146.5 E.02938
G1 X137.368 Y147.368 E.02938
G1 X118.632 Y147.368 E.63419
G1 X118.632 Y145.632 E.05876
G1 X137.308 Y145.632 E.63216
M204 S4000
G1 X137.775 Y145.225 F15000
M204 S2500
;TYPE:External perimeter
G1 F1419
G1 X137.775 Y146.5 E.04316
G1 X137.775 Y147.775 E.04316
G1 X118.225 Y147.775 E.66174
G1 X118.225 Y145.225 E.08631
G1 X137.715 Y145.225 E.65971
M204 S4000
G1 X137.774 Y145.621 F15000
G1 X136.68 Y146.32
;TYPE:Solid infill
;WIDTH:0.401993
G1 F1419
G1 X119.32 Y146.32 E.51832
G1 X119.32 Y146.68 E.01075
G1 X136.68 Y146.68 E.51832
G1 X136.68 Y146.524 E.00466
;LAYER_CHANGE
;Z:44.65
;HEIGHT:0.200001
G1 Z44.65 F15000
G1 X136.961 Y146.039
G1 Z44.65
M204 S2500
;TYPE:Perimeter
;WIDTH:0.449999
G1 F900
G1 X136.961 Y146.5 E.0156
G1 X136.961 Y146.961 E.0156
G1 X119.039 Y146.961 E.60664
G1 X119.039 Y146.039 E.03121
G1 X136.901 Y146.039 E.60461
M204 S4000
G1 X136.901 Y146.039 F15000
G1 X137.368 Y145.632
M204 S2500
G1 F1395
G1 X137.368 Y146.5 E.02938
G1 X137.368 Y147.368 E.02938
G1 X118.632 Y147.368 E.63419
G1 X118.632 Y145.632 E.05876
G1 X137.308 Y145.632 E.63216
M204 S4000
G1 X137.775 Y145.225 F15000
M204 S2500
;TYPE:External perimeter
G1 F1395
G1 X137.775 Y146.5 E.04316
G1 X137.775 Y147.775 E.04316
G1 X118.225 Y147.775 E.66174
G1 X118.225 Y145.225 E.08631
G1 X137.715 Y145.225 E.65971
M204 S4000
G1 X137.774 Y145.621 F15000
G1 E-2 F2400
G1 X119.32 Y146.32 F15000
G1 E2 F2400
;TYPE:Solid infill
;WIDTH:0.401994
G1 F1395
G1 X119.32 Y146.68 E.01075
G1 X136.68 Y146.68 E.51832
G1 X136.68 Y146.32 E.01075
G1 X119.524 Y146.32 E.51223
;LAYER_CHANGE
;Z:44.85
;HEIGHT:0.199997
G1 Z44.85 F15000
G1 E-2 F2400
G1 Z44.85 F15000
G1 X136.961 Y146.039
G1 Z44.85
G1 E2 F2400
M204 S2500
;TYPE:Perimeter
;WIDTH:0.449999
G1 F900
G1 X136.961 Y146.5 E.0156
G1 X136.961 Y146.961 E.0156
G1 X119.039 Y146.961 E.60664
G1 X119.039 Y146.039 E.03121
G1 X136.901 Y146.039 E.60461
M204 S4000
G1 X136.901 Y146.039 F15000
G1 X137.368 Y145.632
M204 S2500
G1 F1419
G1 X137.368 Y146.5 E.02938
G1 X137.368 Y147.368 E.02938
G1 X118.632 Y147.368 E.63419
G1 X118.632 Y145.632 E.05876
G1 X137.308 Y145.632 E.63216
M204 S4000
G1 X137.775 Y145.225 F15000
M204 S2500
;TYPE:External perimeter
G1 F1419
G1 X137.775 Y146.5 E.04316
G1 X137.775 Y147.775 E.04316
G1 X118.225 Y147.775 E.66174
G1 X118.225 Y145.225 E.08631
G1 X137.715 Y145.225 E.65971
M204 S4000
G1 X137.774 Y145.621 F15000
G1 X136.68 Y146.32
;TYPE:Solid infill
;WIDTH:0.401993
G1 F1419
G1 X119.32 Y146.32 E.51832
G1 X119.32 Y146.68 E.01075
G1 X136.68 Y146.68 E.51832
G1 X136.68 Y146.524 E.00466
;LAYER_CHANGE
;Z:45.05
;HEIGHT:0.200001
G1 Z45.05 F15000
G1 X136.953 Y146.039
G1 Z45.05
M204 S2500
;TYPE:Perimeter
;WIDTH:0.449999
G1 F900
G1 X136.955 Y146.498 E.01554
G1 X136.957 Y146.961 E.01567
G1 X119.039 Y146.961 E.6065
G1 X119.039 Y146.039 E.03121
G1 X136.893 Y146.039 E.60434
M204 S4000
G1 X136.893 Y146.039 F15000
G1 X137.359 Y145.632
M204 S2500
G1 F1285
G1 X137.362 Y146.497 E.02928
G1 X137.365 Y147.368 E.02948
G1 X118.632 Y147.368 E.63409
G1 X118.632 Y145.632 E.05876
G1 X137.299 Y145.632 E.63185
M204 S4000
G1 X137.299 Y145.632 F15000
G1 X137.764 Y145.225
M204 S2500
;TYPE:External perimeter
G1 F1285
G1 X137.769 Y146.495 E.04299
G1 X137.774 Y147.775 E.04333
G1 X118.225 Y147.775 E.66171
G1 X118.225 Y145.225 E.08631
G1 X137.704 Y145.225 E.65934
M204 S4000
G1 X137.765 Y145.62 F15000
G1 X136.008 Y146.161
;TYPE:Top solid infill
;WIDTH:0.450147
G1 F1285
G1 X136.502 Y146.656 E.02368
G1 X135.927 Y146.656 E.01947
G1 X135.615 Y146.344 E.01494
G1 X135.04 Y146.344 E.01947
G1 X135.351 Y146.656 E.01492
G1 X134.775 Y146.656 E.0195
G1 X134.464 Y146.344 E.01492
G1 X133.888 Y146.344 E.0195
G1 X134.199 Y146.656 E.01492
G1 X133.623 Y146.656 E.0195
G1 X133.312 Y146.344 E.01492
G1 X132.736 Y146.344 E.0195
G1 X133.047 Y146.656 E.01492
G1 X132.471 Y146.656 E.0195
G1 X132.16 Y146.344 E.01492
G1 X131.584 Y146.344 E.0195
G1 X131.895 Y146.656 E.01492
G1 X131.319 Y146.656 E.0195
G1 X131.008 Y146.344 E.01492
G1 X130.432 Y146.344 E.0195
G1 X130.743 Y146.656 E.01492
G1 X130.167 Y146.656 E.0195
G1 X129.856 Y146.344 E.01492
G1 X129.281 Y146.344 E.01947
G1 X129.592 Y146.656 E.01492
G1 X129.016 Y146.656 E.0195
G1 X128.705 Y146.344 E.01492
G1 X128.129 Y146.344 E.0195
G1 X128.44 Y146.656 E.01492
G1 X127.864 Y146.656 E.0195
G1 X127.553 Y146.344 E.01492
G1 X126.977 Y146.344 E.0195
G1 X127.288 Y146.656 E.01492
G1 X126.712 Y146.656 E.0195
G1 X126.401 Y146.344 E.01492
G1 X125.825 Y146.344 E.0195
G1 X126.136 Y146.656 E.01492
G1 X125.56 Y146.656 E.0195
G1 X125.249 Y146.344 E.01492
G1 X124.673 Y146.344 E.0195
G1 X124.984 Y146.656 E.01492
G1 X124.408 Y146.656 E.0195
G1 X124.097 Y146.344 E.01492
G1 X123.521 Y146.344 E.0195
G1 X123.833 Y146.656 E.01494
G1 X123.257 Y146.656 E.0195
G1 X122.946 Y146.344 E.01492
G1 X122.37 Y146.344 E.0195
G1 X122.681 Y146.656 E.01492
G1 X122.105 Y146.656 E.0195
G1 X121.794 Y146.344 E.01492
G1 X121.218 Y146.344 E.0195
G1 X121.529 Y146.656 E.01492
G1 X120.953 Y146.656 E.0195
G1 X120.642 Y146.344 E.01492
G1 X120.066 Y146.344 E.0195
G1 X120.377 Y146.656 E.01492
G1 X119.801 Y146.656 E.0195
G1 X119.307 Y146.161 E.02368
G1 E-2 F2400
M107
;TYPE:Custom
; Filament-specific end gcode 
;END gcode for filament
;===== CC2_END_GCODE (de tu perfil) =====
M140 S0
M83
G92 E0
G1 E-1.5 F1800
M106 S0
G90
G1 Z80 F20000
G180 S9
M104 S0
M84
; filament used [mm] = 2107.84
; filament used [cm3] = 5.07
; total filament used [g] = 0.00
; total filament cost = 0.00
; total filament used for wipe tower [g] = 0.00
; estimated printing time (normal mode) = 39m 24s
; estimated first layer printing time (normal mode) = 1m 35s

; prusaslicer_config = begin
; arc_fitting = disabled
; autoemit_temperature_commands = 1
; avoid_crossing_curled_overhangs = 0
; avoid_crossing_perimeters = 0
; avoid_crossing_perimeters_max_detour = 0
; bed_shape = 0x0,256x0,256x256,0x256
; bed_temperature = 90
; before_layer_gcode = 
; between_objects_gcode = 
; binary_gcode = 0
; bottom_fill_pattern = monotonic
; bottom_solid_layers = 4
; bottom_solid_min_thickness = 0
; bridge_acceleration = 2500
; bridge_angle = 0
; bridge_fan_speed = 40
; bridge_flow_ratio = 1
; bridge_speed = 25
; brim_separation = 0
; brim_type = no_brim
; brim_width = 0
; color_change_gcode = M600
; complete_objects = 0
; cooling = 1
; cooling_tube_length = 5
; cooling_tube_retraction = 91.5
; default_acceleration = 4000
; deretract_speed = 40
; disable_fan_first_layers = 1
; dont_support_bridges = 1
; draft_shield = disabled
; duplicate_distance = 6
; elefant_foot_compensation = 0
; enable_dynamic_fan_speeds = 0
; enable_dynamic_overhang_speeds = 0
; end_filament_gcode = "; Filament-specific end gcode \n;END gcode for filament\n"
; end_gcode = ;===== CC2_END_GCODE (de tu perfil) =====\nM140 S0\nM83\nG92 E0\nG1 E-1.5 F1800\nM106 S0\nG90\nG1 Z80 F20000\nG180 S9\nM104 S0\nM84
; external_perimeter_acceleration = 2500
; external_perimeter_extrusion_width = 0.45
; external_perimeter_speed = 45
; external_perimeters_first = 0
; extra_loading_move = -2
; extra_perimeters = 1
; extra_perimeters_on_overhangs = 0
; extruder_clearance_height = 20
; extruder_clearance_radius = 20
; extruder_colour = ""
; extruder_offset = 0x0
; extrusion_axis = E
; extrusion_multiplier = 1
; extrusion_width = 0.45
; fan_always_on = 0
; fan_below_layer_time = 0
; filament_colour = #29B2B2
; filament_cooling_final_speed = 3.4
; filament_cooling_initial_speed = 2.2
; filament_cooling_moves = 4
; filament_cost = 0
; filament_density = 0
; filament_diameter = 1.75
; filament_load_time = 0
; filament_loading_speed = 28
; filament_loading_speed_start = 3
; filament_max_volumetric_speed = 0
; filament_minimal_purge_on_wipe_tower = 15
; filament_multitool_ramming = 0
; filament_multitool_ramming_flow = 10
; filament_multitool_ramming_volume = 10
; filament_notes = ""
; filament_ramming_parameters = "120 100 6.6 6.8 7.2 7.6 7.9 8.2 8.7 9.4 9.9 10.0| 0.05 6.6 0.45 6.8 0.95 7.8 1.45 8.3 1.95 9.7 2.45 10 2.95 7.6 3.45 7.6 3.95 7.6 4.45 7.6 4.95 7.6"
; filament_settings_id = ""
; filament_soluble = 0
; filament_spool_weight = 0
; filament_toolchange_delay = 0
; filament_type = PA
; filament_unload_time = 0
; filament_unloading_speed = 90
; filament_unloading_speed_start = 100
; fill_angle = 45
; fill_density = 15%
; fill_pattern = gyroid
; first_layer_acceleration = 400
; first_layer_acceleration_over_raft = 0
; first_layer_bed_temperature = 90
; first_layer_extrusion_width = 0.5
; first_layer_height = 0.25
; first_layer_speed = 20
; first_layer_speed_over_raft = 30
; first_layer_temperature = 300
; full_fan_speed_layer = 0
; fuzzy_skin = none
; fuzzy_skin_point_dist = 0.8
; fuzzy_skin_thickness = 0.3
; gap_fill_enabled = 1
; gap_fill_speed = 40
; gcode_comments = 0
; gcode_flavor = klipper
; gcode_label_objects = disabled
; gcode_resolution = 0.0125
; gcode_substitutions = 
; high_current_on_filament_swap = 0
; infill_acceleration = 4000
; infill_anchor = 600%
; infill_anchor_max = 50
; infill_every_layers = 1
; infill_extruder = 1
; infill_extrusion_width = 0.45
; infill_first = 0
; infill_overlap = 25%
; infill_speed = 100
; interface_shells = 0
; ironing = 0
; ironing_flowrate = 15%
; ironing_spacing = 0.1
; ironing_speed = 15
; ironing_type = top
; layer_gcode = 
; layer_height = 0.2
; machine_limits_usage = ignore
; machine_max_acceleration_e = 10000,5000
; machine_max_acceleration_extruding = 1500,1250
; machine_max_acceleration_retracting = 1500,1250
; machine_max_acceleration_travel = 1500,1250
; machine_max_acceleration_x = 9000,1000
; machine_max_acceleration_y = 9000,1000
; machine_max_acceleration_z = 500,200
; machine_max_feedrate_e = 120,120
; machine_max_feedrate_x = 500,200
; machine_max_feedrate_y = 500,200
; machine_max_feedrate_z = 12,12
; machine_max_jerk_e = 2.5,2.5
; machine_max_jerk_x = 10,10
; machine_max_jerk_y = 10,10
; machine_max_jerk_z = 0.2,0.4
; machine_min_extruding_rate = 0,0
; machine_min_travel_rate = 0,0
; max_fan_speed = 0
; max_layer_height = 0
; max_print_height = 256
; max_print_speed = 80
; max_volumetric_extrusion_rate_slope_negative = 0
; max_volumetric_extrusion_rate_slope_positive = 0
; max_volumetric_speed = 0
; min_bead_width = 85%
; min_fan_speed = 0
; min_feature_size = 25%
; min_layer_height = 0.07
; min_print_speed = 10
; min_skirt_length = 0
; mmu_segmented_region_interlocking_depth = 0
; mmu_segmented_region_max_width = 0
; notes = 
; nozzle_diameter = 0.4
; only_retract_when_crossing_perimeters = 0
; ooze_prevention = 0
; output_filename_format = [input_filename_base].gcode
; overhang_fan_speed_0 = 0
; overhang_fan_speed_1 = 0
; overhang_fan_speed_2 = 0
; overhang_fan_speed_3 = 0
; overhang_speed_0 = 15
; overhang_speed_1 = 15
; overhang_speed_2 = 20
; overhang_speed_3 = 25
; overhangs = 1
; parking_pos_retraction = 92
; pause_print_gcode = M601
; perimeter_acceleration = 2500
; perimeter_extruder = 1
; perimeter_extrusion_width = 0.45
; perimeter_generator = arachne
; perimeter_speed = 80
; perimeters = 3
; physical_printer_settings_id = 
; post_process = 
; print_settings_id = 
; printer_model = 
; printer_notes = 
; printer_settings_id = 
; printer_technology = FFF
; raft_contact_distance = 0.1
; raft_expansion = 1.5
; raft_first_layer_density = 90%
; raft_first_layer_expansion = 3
; raft_layers = 0
; remaining_times = 0
; resolution = 0
; retract_before_travel = 2
; retract_before_wipe = 0%
; retract_layer_change = 0
; retract_length = 2
; retract_length_toolchange = 10
; retract_lift = 0
; retract_lift_above = 0
; retract_lift_below = 0
; retract_restart_extra = 0
; retract_restart_extra_toolchange = 0
; retract_speed = 40
; seam_position = aligned
; silent_mode = 1
; single_extruder_multi_material = 0
; single_extruder_multi_material_priming = 1
; skirt_distance = 6
; skirt_height = 1
; skirts = 0
; slice_closing_radius = 0.049
; slicing_mode = regular
; slowdown_below_layer_time = 8
; small_perimeter_speed = 15
; solid_infill_acceleration = 4000
; solid_infill_below_area = 70
; solid_infill_every_layers = 0
; solid_infill_extruder = 1
; solid_infill_extrusion_width = 0.45
; solid_infill_speed = 55
; spiral_vase = 0
; staggered_inner_seams = 0
; standby_temperature_delta = -5
; start_filament_gcode = "; Filament gcode\n"
; start_gcode = ;===== CC2_START_GCODE (de tu perfil Buddha, temps PA-CF) =====\nG90\nM104 S150\nM140 S90\nM190 S90 A\nM106 S0\nBED_MESH_CALIBRATE mesh_min=56,62 mesh_max=199,198 ALGORITHM=bicubic PROBE_COUNT=5,5 ADAPTIVE=0 ADAPTIVE_MARGIN=0 FROM_SLICER=1\nM204 S5000\nG28\nM109 S300\nM6211 A1 L200 T0 Q300 R300 S300\nT0\nG180 S7\nG1 X127 Y-1.2 F20000\nG1 Z0.5 F900\nM109 S300\nM83\nG92 E0\nG1 E6 F251.567\nM106 S200\nG1 X87 E20 F6000\nG1 F6000\nG1 X82 E0.8\nM106 S0\nG180 S8\nG1 F20000\nG92 E0
; support_material = 0
; support_material_angle = 0
; support_material_auto = 0
; support_material_bottom_contact_distance = 0
; support_material_bottom_interface_layers = -1
; support_material_buildplate_only = 0
; support_material_closing_radius = 2
; support_material_contact_distance = 0.2
; support_material_enforce_layers = 0
; support_material_extruder = 1
; support_material_extrusion_width = 0
; support_material_interface_contact_loops = 0
; support_material_interface_extruder = 1
; support_material_interface_layers = 3
; support_material_interface_pattern = rectilinear
; support_material_interface_spacing = 0
; support_material_interface_speed = 100%
; support_material_pattern = rectilinear
; support_material_spacing = 2.5
; support_material_speed = 60
; support_material_style = grid
; support_material_synchronize_layers = 0
; support_material_threshold = 0
; support_material_with_sheath = 1
; support_material_xy_spacing = 50%
; support_tree_angle = 40
; support_tree_angle_slow = 25
; support_tree_branch_diameter = 2
; support_tree_branch_diameter_angle = 5
; support_tree_branch_diameter_double_wall = 3
; support_tree_branch_distance = 1
; support_tree_tip_diameter = 0.8
; support_tree_top_rate = 15%
; temperature = 300
; template_custom_gcode = 
; thick_bridges = 1
; thin_walls = 1
; thumbnails = 
; thumbnails_format = PNG
; toolchange_gcode = 
; top_fill_pattern = monotonic
; top_infill_extrusion_width = 0.45
; top_solid_infill_acceleration = 4000
; top_solid_infill_speed = 55
; top_solid_layers = 5
; top_solid_min_thickness = 0
; travel_acceleration = 4000
; travel_lift_before_obstacle = 0
; travel_max_lift = 0
; travel_ramping_lift = 0
; travel_slope = 0
; travel_speed = 250
; travel_speed_z = 0
; use_firmware_retraction = 0
; use_relative_e_distances = 1
; use_volumetric_e = 0
; variable_layer_height = 1
; wall_distribution_count = 1
; wall_transition_angle = 10
; wall_transition_filter_deviation = 25%
; wall_transition_length = 100%
; wipe = 0
; wipe_into_infill = 0
; wipe_into_objects = 0
; wipe_tower = 0
; wipe_tower_bridging = 10
; wipe_tower_brim_width = 2
; wipe_tower_cone_angle = 0
; wipe_tower_extra_spacing = 100%
; wipe_tower_extruder = 0
; wipe_tower_no_sparse_layers = 0
; wipe_tower_rotation_angle = 0
; wipe_tower_width = 60
; wipe_tower_x = 180
; wipe_tower_y = 140
; wiping_volumes_extruders = 70,70,70,70,70,70,70,70,70,70
; wiping_volumes_matrix = 0,140,140,140,140,140,0,140,140,140,140,140,0,140,140,140,140,140,0,140,140,140,140,140,0
; xy_size_compensation = 0
; z_offset = 0
; prusaslicer_config = end
