ISO-10303-21;
HEADER;
FILE_DESCRIPTION(('CV-LBP18-F50-008 — Guarda motriz — fondo con tapa e2 (191×612)'),'2;1');
FILE_NAME('CV-LBP18-F50-008 — Guarda motriz — fondo con tapa e2 (191×612)','2026-08-19T00:00:00',('ConveyOne SpA'),('ConveyOne SpA'),'ConveyOne CAD','step_export.mjs','');
FILE_SCHEMA(('CONFIG_CONTROL_DESIGN'));
ENDSEC;
DATA;
#2=DIRECTION('',(0.000000,0.000000,1.000000));
#1=VECTOR('',#2,328.000000);
#4=CARTESIAN_POINT('',(801.0000,-313.0000,-558.0000));
#3=LINE('',#4,#1);
#6=VERTEX_POINT('',#4);
#7=CARTESIAN_POINT('',(801.0000,-313.0000,-230.0000));
#8=VERTEX_POINT('',#7);
#5=EDGE_CURVE('',#6,#8,#3,.T.);
#10=DIRECTION('',(0.000000,1.000000,0.000000));
#9=VECTOR('',#10,612.000000);
#11=LINE('',#7,#9);
#13=CARTESIAN_POINT('',(801.0000,299.0000,-230.0000));
#14=VERTEX_POINT('',#13);
#12=EDGE_CURVE('',#8,#14,#11,.T.);
#16=DIRECTION('',(0.000000,0.000000,-1.000000));
#15=VECTOR('',#16,328.000000);
#17=LINE('',#13,#15);
#19=CARTESIAN_POINT('',(801.0000,299.0000,-558.0000));
#20=VERTEX_POINT('',#19);
#18=EDGE_CURVE('',#14,#20,#17,.T.);
#22=DIRECTION('',(0.000000,-1.000000,0.000000));
#21=VECTOR('',#22,612.000000);
#23=LINE('',#19,#21);
#24=EDGE_CURVE('',#20,#6,#23,.T.);
#25=ORIENTED_EDGE('',*,*,#5,.T.);
#26=ORIENTED_EDGE('',*,*,#12,.T.);
#27=ORIENTED_EDGE('',*,*,#18,.T.);
#28=ORIENTED_EDGE('',*,*,#24,.T.);
#29=EDGE_LOOP('',(#25,#26,#27,#28));
#30=FACE_OUTER_BOUND('',#29,.T.);
#33=CARTESIAN_POINT('',(801.0000,-301.1991,-558.0000));
#34=DIRECTION('',(-1.000000,0.000000,0.000000));
#35=DIRECTION('',(0.000000,0.000000,1.000000));
#32=AXIS2_PLACEMENT_3D('',#33,#34,#35);
#31=PLANE('',#32);
#36=ADVANCED_FACE('',(#30),#31,.T.);
#38=DIRECTION('',(0.000000,0.000000,1.000000));
#37=VECTOR('',#38,2.000000);
#40=CARTESIAN_POINT('',(610.0000,-313.0000,-560.0000));
#39=LINE('',#40,#37);
#42=VERTEX_POINT('',#40);
#43=CARTESIAN_POINT('',(610.0000,-313.0000,-558.0000));
#44=VERTEX_POINT('',#43);
#41=EDGE_CURVE('',#42,#44,#39,.T.);
#46=DIRECTION('',(0.000000,1.000000,0.000000));
#45=VECTOR('',#46,612.000000);
#47=LINE('',#43,#45);
#49=CARTESIAN_POINT('',(610.0000,299.0000,-558.0000));
#50=VERTEX_POINT('',#49);
#48=EDGE_CURVE('',#44,#50,#47,.T.);
#52=DIRECTION('',(0.000000,0.000000,-1.000000));
#51=VECTOR('',#52,2.000000);
#53=LINE('',#49,#51);
#55=CARTESIAN_POINT('',(610.0000,299.0000,-560.0000));
#56=VERTEX_POINT('',#55);
#54=EDGE_CURVE('',#50,#56,#53,.T.);
#58=DIRECTION('',(0.000000,-1.000000,0.000000));
#57=VECTOR('',#58,612.000000);
#59=LINE('',#55,#57);
#60=EDGE_CURVE('',#56,#42,#59,.T.);
#61=ORIENTED_EDGE('',*,*,#41,.T.);
#62=ORIENTED_EDGE('',*,*,#48,.T.);
#63=ORIENTED_EDGE('',*,*,#54,.T.);
#64=ORIENTED_EDGE('',*,*,#60,.T.);
#65=EDGE_LOOP('',(#61,#62,#63,#64));
#66=FACE_OUTER_BOUND('',#65,.T.);
#69=CARTESIAN_POINT('',(610.0000,-9.2435,-560.0000));
#70=DIRECTION('',(-1.000000,0.000000,0.000000));
#71=DIRECTION('',(0.000000,0.000000,1.000000));
#68=AXIS2_PLACEMENT_3D('',#69,#70,#71);
#67=PLANE('',#68);
#72=ADVANCED_FACE('',(#66),#67,.T.);
#74=DIRECTION('',(0.000000,0.000000,1.000000));
#73=VECTOR('',#74,330.000000);
#76=CARTESIAN_POINT('',(801.0000,299.0000,-560.0000));
#75=LINE('',#76,#73);
#78=VERTEX_POINT('',#76);
#77=EDGE_CURVE('',#78,#14,#75,.T.);
#80=DIRECTION('',(1.000000,0.000000,0.000000));
#79=VECTOR('',#80,2.000000);
#81=LINE('',#13,#79);
#83=CARTESIAN_POINT('',(803.0000,299.0000,-230.0000));
#84=VERTEX_POINT('',#83);
#82=EDGE_CURVE('',#14,#84,#81,.T.);
#86=DIRECTION('',(0.000000,0.000000,-1.000000));
#85=VECTOR('',#86,330.000000);
#87=LINE('',#83,#85);
#89=CARTESIAN_POINT('',(803.0000,299.0000,-560.0000));
#90=VERTEX_POINT('',#89);
#88=EDGE_CURVE('',#84,#90,#87,.T.);
#92=DIRECTION('',(-1.000000,0.000000,0.000000));
#91=VECTOR('',#92,2.000000);
#93=LINE('',#89,#91);
#94=EDGE_CURVE('',#90,#78,#93,.T.);
#95=ORIENTED_EDGE('',*,*,#77,.T.);
#96=ORIENTED_EDGE('',*,*,#82,.T.);
#97=ORIENTED_EDGE('',*,*,#88,.T.);
#98=ORIENTED_EDGE('',*,*,#94,.T.);
#99=EDGE_LOOP('',(#95,#96,#97,#98));
#100=FACE_OUTER_BOUND('',#99,.T.);
#102=DIRECTION('',(-1.000000,0.000000,0.000000));
#101=VECTOR('',#102,191.000000);
#103=LINE('',#76,#101);
#104=EDGE_CURVE('',#78,#56,#103,.T.);
#106=DIRECTION('',(1.000000,0.000000,0.000000));
#105=VECTOR('',#106,191.000000);
#107=LINE('',#49,#105);
#108=EDGE_CURVE('',#50,#20,#107,.T.);
#110=DIRECTION('',(0.000000,0.000000,-1.000000));
#109=VECTOR('',#110,2.000000);
#111=LINE('',#19,#109);
#112=EDGE_CURVE('',#20,#78,#111,.T.);
#113=ORIENTED_EDGE('',*,*,#104,.T.);
#114=ORIENTED_EDGE('',*,*,#54,.F.);
#115=ORIENTED_EDGE('',*,*,#108,.T.);
#116=ORIENTED_EDGE('',*,*,#112,.T.);
#117=EDGE_LOOP('',(#113,#114,#115,#116));
#118=FACE_BOUND('',#117,.T.);
#121=DIRECTION('',(0.000000,1.000000,0.000000));
#122=DIRECTION('',(0.000000,0.000000,1.000000));
#120=AXIS2_PLACEMENT_3D('',#76,#121,#122);
#119=PLANE('',#120);
#123=ADVANCED_FACE('',(#100,#118),#119,.T.);
#125=DIRECTION('',(0.000000,0.000000,-1.000000));
#124=VECTOR('',#125,330.000000);
#126=LINE('',#7,#124);
#128=CARTESIAN_POINT('',(801.0000,-313.0000,-560.0000));
#129=VERTEX_POINT('',#128);
#127=EDGE_CURVE('',#8,#129,#126,.T.);
#131=DIRECTION('',(1.000000,0.000000,0.000000));
#130=VECTOR('',#131,2.000000);
#132=LINE('',#128,#130);
#134=CARTESIAN_POINT('',(803.0000,-313.0000,-560.0000));
#135=VERTEX_POINT('',#134);
#133=EDGE_CURVE('',#129,#135,#132,.T.);
#137=DIRECTION('',(0.000000,0.000000,1.000000));
#136=VECTOR('',#137,330.000000);
#138=LINE('',#134,#136);
#140=CARTESIAN_POINT('',(803.0000,-313.0000,-230.0000));
#141=VERTEX_POINT('',#140);
#139=EDGE_CURVE('',#135,#141,#138,.T.);
#143=DIRECTION('',(-1.000000,0.000000,0.000000));
#142=VECTOR('',#143,2.000000);
#144=LINE('',#140,#142);
#145=EDGE_CURVE('',#141,#8,#144,.T.);
#146=ORIENTED_EDGE('',*,*,#127,.T.);
#147=ORIENTED_EDGE('',*,*,#133,.T.);
#148=ORIENTED_EDGE('',*,*,#139,.T.);
#149=ORIENTED_EDGE('',*,*,#145,.T.);
#150=EDGE_LOOP('',(#146,#147,#148,#149));
#151=FACE_OUTER_BOUND('',#150,.T.);
#153=DIRECTION('',(-1.000000,0.000000,0.000000));
#152=VECTOR('',#153,191.000000);
#154=LINE('',#4,#152);
#155=EDGE_CURVE('',#6,#44,#154,.T.);
#157=DIRECTION('',(1.000000,0.000000,0.000000));
#156=VECTOR('',#157,191.000000);
#158=LINE('',#40,#156);
#159=EDGE_CURVE('',#42,#129,#158,.T.);
#161=DIRECTION('',(0.000000,0.000000,1.000000));
#160=VECTOR('',#161,2.000000);
#162=LINE('',#128,#160);
#163=EDGE_CURVE('',#129,#6,#162,.T.);
#164=ORIENTED_EDGE('',*,*,#155,.T.);
#165=ORIENTED_EDGE('',*,*,#41,.F.);
#166=ORIENTED_EDGE('',*,*,#159,.T.);
#167=ORIENTED_EDGE('',*,*,#163,.T.);
#168=EDGE_LOOP('',(#164,#165,#166,#167));
#169=FACE_BOUND('',#168,.T.);
#172=DIRECTION('',(0.000000,-1.000000,0.000000));
#173=DIRECTION('',(0.000000,0.000000,-1.000000));
#171=AXIS2_PLACEMENT_3D('',#7,#172,#173);
#170=PLANE('',#171);
#174=ADVANCED_FACE('',(#151,#169),#170,.T.);
#176=DIRECTION('',(0.997860,0.065392,0.000000));
#175=VECTOR('',#176,57.666579);
#178=CARTESIAN_POINT('',(743.4568,-304.9701,-558.0000));
#177=LINE('',#178,#175);
#180=VERTEX_POINT('',#178);
#181=VERTEX_POINT('',#33);
#179=EDGE_CURVE('',#180,#181,#177,.T.);
#183=DIRECTION('',(0.000000,1.000000,0.000000));
#182=VECTOR('',#183,600.199127);
#184=LINE('',#33,#182);
#185=EDGE_CURVE('',#181,#20,#184,.T.);
#187=DIRECTION('',(0.000000,-1.000000,0.000000));
#186=VECTOR('',#187,18.931915);
#188=LINE('',#49,#186);
#190=CARTESIAN_POINT('',(610.0000,280.0681,-558.0000));
#191=VERTEX_POINT('',#190);
#189=EDGE_CURVE('',#50,#191,#188,.T.);
#193=DIRECTION('',(0.997860,0.065391,0.000000));
#192=VECTOR('',#193,20.649420);
#194=LINE('',#190,#192);
#196=CARTESIAN_POINT('',(630.6052,281.4184,-558.0000));
#197=VERTEX_POINT('',#196);
#195=EDGE_CURVE('',#191,#197,#194,.T.);
#199=DIRECTION('',(0.000000,-1.000000,0.000000));
#198=VECTOR('',#199,593.068085);
#200=LINE('',#190,#198);
#201=EDGE_CURVE('',#191,#44,#200,.T.);
#203=DIRECTION('',(1.000000,0.000000,0.000000));
#202=VECTOR('',#203,10.922546);
#204=LINE('',#43,#202);
#206=CARTESIAN_POINT('',(620.9225,-313.0000,-558.0000));
#207=VERTEX_POINT('',#206);
#205=EDGE_CURVE('',#44,#207,#204,.T.);
#209=DIRECTION('',(0.997860,0.065392,0.000000));
#208=VECTOR('',#209,119.888316);
#210=LINE('',#206,#208);
#212=CARTESIAN_POINT('',(740.5543,-305.1603,-558.0000));
#213=VERTEX_POINT('',#212);
#211=EDGE_CURVE('',#207,#213,#210,.T.);
#215=DIRECTION('',(-0.321438,0.946931,0.000000));
#214=VECTOR('',#215,2.908793);
#216=LINE('',#212,#214);
#218=CARTESIAN_POINT('',(739.6193,-302.4059,-558.0000));
#219=VERTEX_POINT('',#218);
#217=EDGE_CURVE('',#213,#219,#216,.T.);
#221=DIRECTION('',(-0.195052,0.980793,0.000000));
#220=VECTOR('',#221,0.457798);
#222=LINE('',#218,#220);
#224=CARTESIAN_POINT('',(739.5300,-301.9568,-558.0000));
#225=VERTEX_POINT('',#224);
#223=EDGE_CURVE('',#219,#225,#222,.T.);
#227=DIRECTION('',(-0.065457,0.997855,0.000000));
#226=VECTOR('',#227,0.457830);
#228=LINE('',#224,#226);
#230=CARTESIAN_POINT('',(739.5000,-301.5000,-558.0000));
#231=VERTEX_POINT('',#230);
#229=EDGE_CURVE('',#225,#231,#228,.T.);
#233=DIRECTION('',(0.065457,0.997855,0.000000));
#232=VECTOR('',#233,0.457830);
#234=LINE('',#230,#232);
#236=CARTESIAN_POINT('',(739.5300,-301.0432,-558.0000));
#237=VERTEX_POINT('',#236);
#235=EDGE_CURVE('',#231,#237,#234,.T.);
#239=DIRECTION('',(0.195052,0.980793,0.000000));
#238=VECTOR('',#239,0.457798);
#240=LINE('',#236,#238);
#242=CARTESIAN_POINT('',(739.6193,-300.5941,-558.0000));
#243=VERTEX_POINT('',#242);
#241=EDGE_CURVE('',#237,#243,#240,.T.);
#245=DIRECTION('',(0.321422,0.946936,0.000000));
#244=VECTOR('',#245,0.457827);
#246=LINE('',#242,#244);
#248=CARTESIAN_POINT('',(739.7664,-300.1606,-558.0000));
#249=VERTEX_POINT('',#248);
#247=EDGE_CURVE('',#243,#249,#246,.T.);
#251=DIRECTION('',(0.442328,0.896853,0.000000));
#250=VECTOR('',#251,0.457838);
#252=LINE('',#248,#250);
#254=CARTESIAN_POINT('',(739.9689,-299.7500,-558.0000));
#255=VERTEX_POINT('',#254);
#253=EDGE_CURVE('',#249,#255,#252,.T.);
#257=DIRECTION('',(0.555531,0.831496,0.000000));
#256=VECTOR('',#257,0.457821);
#258=LINE('',#254,#256);
#260=CARTESIAN_POINT('',(740.2233,-299.3693,-558.0000));
#261=VERTEX_POINT('',#260);
#259=EDGE_CURVE('',#255,#261,#258,.T.);
#263=DIRECTION('',(0.659368,0.751821,0.000000));
#262=VECTOR('',#263,0.457832);
#264=LINE('',#260,#262);
#266=CARTESIAN_POINT('',(740.5251,-299.0251,-558.0000));
#267=VERTEX_POINT('',#266);
#265=EDGE_CURVE('',#261,#267,#264,.T.);
#269=DIRECTION('',(0.751825,0.659363,0.000000));
#268=VECTOR('',#269,0.457789);
#270=LINE('',#266,#268);
#272=CARTESIAN_POINT('',(740.8693,-298.7233,-558.0000));
#273=VERTEX_POINT('',#272);
#271=EDGE_CURVE('',#267,#273,#270,.T.);
#275=DIRECTION('',(0.831465,0.555577,0.000000));
#274=VECTOR('',#275,0.457838);
#276=LINE('',#272,#274);
#278=CARTESIAN_POINT('',(741.2500,-298.4689,-558.0000));
#279=VERTEX_POINT('',#278);
#277=EDGE_CURVE('',#273,#279,#276,.T.);
#281=DIRECTION('',(0.896867,0.442301,0.000000));
#280=VECTOR('',#281,0.457798);
#282=LINE('',#278,#280);
#284=CARTESIAN_POINT('',(741.6606,-298.2664,-558.0000));
#285=VERTEX_POINT('',#284);
#283=EDGE_CURVE('',#279,#285,#282,.T.);
#287=DIRECTION('',(0.946936,0.321422,0.000000));
#286=VECTOR('',#287,0.457827);
#288=LINE('',#284,#286);
#290=CARTESIAN_POINT('',(742.0941,-298.1193,-558.0000));
#291=VERTEX_POINT('',#290);
#289=EDGE_CURVE('',#285,#291,#288,.T.);
#293=DIRECTION('',(0.980783,0.195103,0.000000));
#292=VECTOR('',#293,0.457834);
#294=LINE('',#290,#292);
#296=CARTESIAN_POINT('',(742.5432,-298.0299,-558.0000));
#297=VERTEX_POINT('',#296);
#295=EDGE_CURVE('',#291,#297,#294,.T.);
#299=DIRECTION('',(0.997860,0.065391,0.000000));
#298=VECTOR('',#299,0.457828);
#300=LINE('',#296,#298);
#302=CARTESIAN_POINT('',(743.0000,-298.0000,-558.0000));
#303=VERTEX_POINT('',#302);
#301=EDGE_CURVE('',#297,#303,#300,.T.);
#305=DIRECTION('',(0.997860,-0.065391,0.000000));
#304=VECTOR('',#305,0.457828);
#306=LINE('',#302,#304);
#308=CARTESIAN_POINT('',(743.4568,-298.0299,-558.0000));
#309=VERTEX_POINT('',#308);
#307=EDGE_CURVE('',#303,#309,#306,.T.);
#311=DIRECTION('',(0.980783,-0.195103,0.000000));
#310=VECTOR('',#311,0.457834);
#312=LINE('',#308,#310);
#314=CARTESIAN_POINT('',(743.9059,-298.1193,-558.0000));
#315=VERTEX_POINT('',#314);
#313=EDGE_CURVE('',#309,#315,#312,.T.);
#317=DIRECTION('',(0.946936,-0.321422,0.000000));
#316=VECTOR('',#317,0.457827);
#318=LINE('',#314,#316);
#320=CARTESIAN_POINT('',(744.3394,-298.2664,-558.0000));
#321=VERTEX_POINT('',#320);
#319=EDGE_CURVE('',#315,#321,#318,.T.);
#323=DIRECTION('',(0.896867,-0.442301,0.000000));
#322=VECTOR('',#323,0.457798);
#324=LINE('',#320,#322);
#326=CARTESIAN_POINT('',(744.7500,-298.4689,-558.0000));
#327=VERTEX_POINT('',#326);
#325=EDGE_CURVE('',#321,#327,#324,.T.);
#329=DIRECTION('',(0.831465,-0.555577,0.000000));
#328=VECTOR('',#329,0.457838);
#330=LINE('',#326,#328);
#332=CARTESIAN_POINT('',(745.1307,-298.7233,-558.0000));
#333=VERTEX_POINT('',#332);
#331=EDGE_CURVE('',#327,#333,#330,.T.);
#335=DIRECTION('',(0.751825,-0.659363,0.000000));
#334=VECTOR('',#335,0.457789);
#336=LINE('',#332,#334);
#338=CARTESIAN_POINT('',(745.4749,-299.0251,-558.0000));
#339=VERTEX_POINT('',#338);
#337=EDGE_CURVE('',#333,#339,#336,.T.);
#341=DIRECTION('',(0.659368,-0.751821,0.000000));
#340=VECTOR('',#341,0.457832);
#342=LINE('',#338,#340);
#344=CARTESIAN_POINT('',(745.7767,-299.3693,-558.0000));
#345=VERTEX_POINT('',#344);
#343=EDGE_CURVE('',#339,#345,#342,.T.);
#347=DIRECTION('',(0.555531,-0.831496,0.000000));
#346=VECTOR('',#347,0.457821);
#348=LINE('',#344,#346);
#350=CARTESIAN_POINT('',(746.0311,-299.7500,-558.0000));
#351=VERTEX_POINT('',#350);
#349=EDGE_CURVE('',#345,#351,#348,.T.);
#353=DIRECTION('',(0.442328,-0.896853,0.000000));
#352=VECTOR('',#353,0.457838);
#354=LINE('',#350,#352);
#356=CARTESIAN_POINT('',(746.2336,-300.1606,-558.0000));
#357=VERTEX_POINT('',#356);
#355=EDGE_CURVE('',#351,#357,#354,.T.);
#359=DIRECTION('',(0.321422,-0.946936,0.000000));
#358=VECTOR('',#359,0.457827);
#360=LINE('',#356,#358);
#362=CARTESIAN_POINT('',(746.3807,-300.5941,-558.0000));
#363=VERTEX_POINT('',#362);
#361=EDGE_CURVE('',#357,#363,#360,.T.);
#365=DIRECTION('',(0.195052,-0.980793,0.000000));
#364=VECTOR('',#365,0.457798);
#366=LINE('',#362,#364);
#368=CARTESIAN_POINT('',(746.4700,-301.0432,-558.0000));
#369=VERTEX_POINT('',#368);
#367=EDGE_CURVE('',#363,#369,#366,.T.);
#371=DIRECTION('',(0.065457,-0.997855,0.000000));
#370=VECTOR('',#371,0.457830);
#372=LINE('',#368,#370);
#374=CARTESIAN_POINT('',(746.5000,-301.5000,-558.0000));
#375=VERTEX_POINT('',#374);
#373=EDGE_CURVE('',#369,#375,#372,.T.);
#377=DIRECTION('',(-0.065457,-0.997855,0.000000));
#376=VECTOR('',#377,0.457830);
#378=LINE('',#374,#376);
#380=CARTESIAN_POINT('',(746.4700,-301.9568,-558.0000));
#381=VERTEX_POINT('',#380);
#379=EDGE_CURVE('',#375,#381,#378,.T.);
#383=DIRECTION('',(-0.195052,-0.980793,0.000000));
#382=VECTOR('',#383,0.457798);
#384=LINE('',#380,#382);
#386=CARTESIAN_POINT('',(746.3807,-302.4059,-558.0000));
#387=VERTEX_POINT('',#386);
#385=EDGE_CURVE('',#381,#387,#384,.T.);
#389=DIRECTION('',(-0.321422,-0.946936,0.000000));
#388=VECTOR('',#389,0.457827);
#390=LINE('',#386,#388);
#392=CARTESIAN_POINT('',(746.2336,-302.8394,-558.0000));
#393=VERTEX_POINT('',#392);
#391=EDGE_CURVE('',#387,#393,#390,.T.);
#395=DIRECTION('',(-0.442328,-0.896853,0.000000));
#394=VECTOR('',#395,0.457838);
#396=LINE('',#392,#394);
#398=CARTESIAN_POINT('',(746.0311,-303.2500,-558.0000));
#399=VERTEX_POINT('',#398);
#397=EDGE_CURVE('',#393,#399,#396,.T.);
#401=DIRECTION('',(-0.555531,-0.831496,0.000000));
#400=VECTOR('',#401,0.457821);
#402=LINE('',#398,#400);
#404=CARTESIAN_POINT('',(745.7767,-303.6307,-558.0000));
#405=VERTEX_POINT('',#404);
#403=EDGE_CURVE('',#399,#405,#402,.T.);
#407=DIRECTION('',(-0.659368,-0.751821,0.000000));
#406=VECTOR('',#407,0.457832);
#408=LINE('',#404,#406);
#410=CARTESIAN_POINT('',(745.4749,-303.9749,-558.0000));
#411=VERTEX_POINT('',#410);
#409=EDGE_CURVE('',#405,#411,#408,.T.);
#413=DIRECTION('',(-0.751825,-0.659363,0.000000));
#412=VECTOR('',#413,0.457789);
#414=LINE('',#410,#412);
#416=CARTESIAN_POINT('',(745.1307,-304.2767,-558.0000));
#417=VERTEX_POINT('',#416);
#415=EDGE_CURVE('',#411,#417,#414,.T.);
#419=DIRECTION('',(-0.831465,-0.555577,0.000000));
#418=VECTOR('',#419,0.457838);
#420=LINE('',#416,#418);
#422=CARTESIAN_POINT('',(744.7500,-304.5311,-558.0000));
#423=VERTEX_POINT('',#422);
#421=EDGE_CURVE('',#417,#423,#420,.T.);
#425=DIRECTION('',(-0.896867,-0.442301,0.000000));
#424=VECTOR('',#425,0.457798);
#426=LINE('',#422,#424);
#428=CARTESIAN_POINT('',(744.3394,-304.7336,-558.0000));
#429=VERTEX_POINT('',#428);
#427=EDGE_CURVE('',#423,#429,#426,.T.);
#431=DIRECTION('',(-0.946936,-0.321422,0.000000));
#430=VECTOR('',#431,0.457827);
#432=LINE('',#428,#430);
#434=CARTESIAN_POINT('',(743.9059,-304.8807,-558.0000));
#435=VERTEX_POINT('',#434);
#433=EDGE_CURVE('',#429,#435,#432,.T.);
#437=DIRECTION('',(-0.980783,-0.195103,0.000000));
#436=VECTOR('',#437,0.457834);
#438=LINE('',#434,#436);
#439=EDGE_CURVE('',#435,#180,#438,.T.);
#440=ORIENTED_EDGE('',*,*,#179,.T.);
#441=ORIENTED_EDGE('',*,*,#185,.T.);
#442=ORIENTED_EDGE('',*,*,#108,.F.);
#443=ORIENTED_EDGE('',*,*,#189,.T.);
#444=ORIENTED_EDGE('',*,*,#195,.T.);
#445=ORIENTED_EDGE('',*,*,#195,.F.);
#446=ORIENTED_EDGE('',*,*,#201,.T.);
#447=ORIENTED_EDGE('',*,*,#205,.T.);
#448=ORIENTED_EDGE('',*,*,#211,.T.);
#449=ORIENTED_EDGE('',*,*,#217,.T.);
#450=ORIENTED_EDGE('',*,*,#223,.T.);
#451=ORIENTED_EDGE('',*,*,#229,.T.);
#452=ORIENTED_EDGE('',*,*,#235,.T.);
#453=ORIENTED_EDGE('',*,*,#241,.T.);
#454=ORIENTED_EDGE('',*,*,#247,.T.);
#455=ORIENTED_EDGE('',*,*,#253,.T.);
#456=ORIENTED_EDGE('',*,*,#259,.T.);
#457=ORIENTED_EDGE('',*,*,#265,.T.);
#458=ORIENTED_EDGE('',*,*,#271,.T.);
#459=ORIENTED_EDGE('',*,*,#277,.T.);
#460=ORIENTED_EDGE('',*,*,#283,.T.);
#461=ORIENTED_EDGE('',*,*,#289,.T.);
#462=ORIENTED_EDGE('',*,*,#295,.T.);
#463=ORIENTED_EDGE('',*,*,#301,.T.);
#464=ORIENTED_EDGE('',*,*,#307,.T.);
#465=ORIENTED_EDGE('',*,*,#313,.T.);
#466=ORIENTED_EDGE('',*,*,#319,.T.);
#467=ORIENTED_EDGE('',*,*,#325,.T.);
#468=ORIENTED_EDGE('',*,*,#331,.T.);
#469=ORIENTED_EDGE('',*,*,#337,.T.);
#470=ORIENTED_EDGE('',*,*,#343,.T.);
#471=ORIENTED_EDGE('',*,*,#349,.T.);
#472=ORIENTED_EDGE('',*,*,#355,.T.);
#473=ORIENTED_EDGE('',*,*,#361,.T.);
#474=ORIENTED_EDGE('',*,*,#367,.T.);
#475=ORIENTED_EDGE('',*,*,#373,.T.);
#476=ORIENTED_EDGE('',*,*,#379,.T.);
#477=ORIENTED_EDGE('',*,*,#385,.T.);
#478=ORIENTED_EDGE('',*,*,#391,.T.);
#479=ORIENTED_EDGE('',*,*,#397,.T.);
#480=ORIENTED_EDGE('',*,*,#403,.T.);
#481=ORIENTED_EDGE('',*,*,#409,.T.);
#482=ORIENTED_EDGE('',*,*,#415,.T.);
#483=ORIENTED_EDGE('',*,*,#421,.T.);
#484=ORIENTED_EDGE('',*,*,#427,.T.);
#485=ORIENTED_EDGE('',*,*,#433,.T.);
#486=ORIENTED_EDGE('',*,*,#439,.T.);
#487=EDGE_LOOP('',(#440,#441,#442,#443,#444,#445,#446,#447,#448,#449,#450,#451,#452,#453,#454,#455,#456,#457,#458,#459,#460,#461,#462,#463,#464,#465,#466,#467,#468,#469,#470,#471,#472,#473,#474,#475,#476,#477,#478,#479,#480,#481,#482,#483,#484,#485,#486));
#488=FACE_OUTER_BOUND('',#487,.T.);
#490=DIRECTION('',(1.000000,0.000000,0.000000));
#489=VECTOR('',#490,180.077454);
#491=LINE('',#206,#489);
#492=EDGE_CURVE('',#207,#6,#491,.T.);
#494=DIRECTION('',(0.000000,1.000000,0.000000));
#493=VECTOR('',#494,11.800873);
#495=LINE('',#4,#493);
#496=EDGE_CURVE('',#6,#181,#495,.T.);
#498=DIRECTION('',(-0.997860,-0.065392,0.000000));
#497=VECTOR('',#498,180.463708);
#499=LINE('',#33,#497);
#500=EDGE_CURVE('',#181,#207,#499,.T.);
#501=ORIENTED_EDGE('',*,*,#492,.T.);
#502=ORIENTED_EDGE('',*,*,#496,.T.);
#503=ORIENTED_EDGE('',*,*,#500,.T.);
#504=EDGE_LOOP('',(#501,#502,#503));
#505=FACE_BOUND('',#504,.T.);
#507=DIRECTION('',(-0.659350,0.751836,0.000000));
#506=VECTOR('',#507,2.229980);
#509=CARTESIAN_POINT('',(688.2969,-4.1116,-558.0000));
#508=LINE('',#509,#506);
#511=VERTEX_POINT('',#509);
#512=CARTESIAN_POINT('',(686.8266,-2.4350,-558.0000));
#513=VERTEX_POINT('',#512);
#510=EDGE_CURVE('',#511,#513,#508,.T.);
#515=DIRECTION('',(-0.555600,0.831450,0.000000));
#514=VECTOR('',#515,0.523237);
#516=LINE('',#512,#514);
#518=CARTESIAN_POINT('',(686.5359,-2.0000,-558.0000));
#519=VERTEX_POINT('',#518);
#517=EDGE_CURVE('',#513,#519,#516,.T.);
#521=DIRECTION('',(-0.442239,0.896897,0.000000));
#520=VECTOR('',#521,0.523211);
#522=LINE('',#518,#520);
#524=CARTESIAN_POINT('',(686.3045,-1.5307,-558.0000));
#525=VERTEX_POINT('',#524);
#523=EDGE_CURVE('',#519,#525,#522,.T.);
#527=DIRECTION('',(-0.321487,0.946914,0.000000));
#526=VECTOR('',#527,0.523233);
#528=LINE('',#524,#526);
#530=CARTESIAN_POINT('',(686.1363,-1.0353,-558.0000));
#531=VERTEX_POINT('',#530);
#529=EDGE_CURVE('',#525,#531,#528,.T.);
#533=DIRECTION('',(-0.195044,0.980795,0.000000));
#532=VECTOR('',#533,0.523220);
#534=LINE('',#530,#532);
#536=CARTESIAN_POINT('',(686.0342,-0.5221,-558.0000));
#537=VERTEX_POINT('',#536);
#535=EDGE_CURVE('',#531,#537,#534,.T.);
#539=DIRECTION('',(-0.065442,0.997856,0.000000));
#538=VECTOR('',#539,0.523226);
#540=LINE('',#536,#538);
#542=CARTESIAN_POINT('',(686.0000,0.0000,-558.0000));
#543=VERTEX_POINT('',#542);
#541=EDGE_CURVE('',#537,#543,#540,.T.);
#545=DIRECTION('',(0.065442,0.997856,0.000000));
#544=VECTOR('',#545,0.523226);
#546=LINE('',#542,#544);
#548=CARTESIAN_POINT('',(686.0342,0.5221,-558.0000));
#549=VERTEX_POINT('',#548);
#547=EDGE_CURVE('',#543,#549,#546,.T.);
#551=DIRECTION('',(0.195044,0.980795,0.000000));
#550=VECTOR('',#551,0.523220);
#552=LINE('',#548,#550);
#554=CARTESIAN_POINT('',(686.1363,1.0353,-558.0000));
#555=VERTEX_POINT('',#554);
#553=EDGE_CURVE('',#549,#555,#552,.T.);
#557=DIRECTION('',(0.321487,0.946914,0.000000));
#556=VECTOR('',#557,0.523234);
#558=LINE('',#554,#556);
#560=CARTESIAN_POINT('',(686.3045,1.5307,-558.0000));
#561=VERTEX_POINT('',#560);
#559=EDGE_CURVE('',#555,#561,#558,.T.);
#563=DIRECTION('',(0.442241,0.896896,0.000000));
#562=VECTOR('',#563,0.523209);
#564=LINE('',#560,#562);
#566=CARTESIAN_POINT('',(686.5359,2.0000,-558.0000));
#567=VERTEX_POINT('',#566);
#565=EDGE_CURVE('',#561,#567,#564,.T.);
#569=DIRECTION('',(0.555596,0.831453,0.000000));
#568=VECTOR('',#569,0.523241);
#570=LINE('',#566,#568);
#572=CARTESIAN_POINT('',(686.8266,2.4350,-558.0000));
#573=VERTEX_POINT('',#572);
#571=EDGE_CURVE('',#567,#573,#570,.T.);
#575=DIRECTION('',(0.659331,0.751853,0.000000));
#574=VECTOR('',#575,0.523213);
#576=LINE('',#572,#574);
#578=CARTESIAN_POINT('',(687.1716,2.8284,-558.0000));
#579=VERTEX_POINT('',#578);
#577=EDGE_CURVE('',#573,#579,#576,.T.);
#581=DIRECTION('',(0.751832,0.659355,0.000000));
#580=VECTOR('',#581,0.523217);
#582=LINE('',#578,#580);
#584=CARTESIAN_POINT('',(687.5649,3.1734,-558.0000));
#585=VERTEX_POINT('',#584);
#583=EDGE_CURVE('',#579,#585,#582,.T.);
#587=DIRECTION('',(0.831479,0.555557,0.000000));
#586=VECTOR('',#587,0.523235);
#588=LINE('',#584,#586);
#590=CARTESIAN_POINT('',(688.0000,3.4641,-558.0000));
#591=VERTEX_POINT('',#590);
#589=EDGE_CURVE('',#585,#591,#588,.T.);
#593=DIRECTION('',(0.896861,0.442313,0.000000));
#592=VECTOR('',#593,0.523201);
#594=LINE('',#590,#592);
#596=CARTESIAN_POINT('',(688.4692,3.6955,-558.0000));
#597=VERTEX_POINT('',#596);
#595=EDGE_CURVE('',#591,#597,#594,.T.);
#599=DIRECTION('',(0.946935,0.321426,0.000000));
#598=VECTOR('',#599,0.523250);
#600=LINE('',#596,#598);
#602=CARTESIAN_POINT('',(688.9647,3.8637,-558.0000));
#603=VERTEX_POINT('',#602);
#601=EDGE_CURVE('',#597,#603,#600,.T.);
#605=DIRECTION('',(0.980787,0.195083,0.000000));
#604=VECTOR('',#605,0.523237);
#606=LINE('',#602,#604);
#608=CARTESIAN_POINT('',(689.4779,3.9658,-558.0000));
#609=VERTEX_POINT('',#608);
#607=EDGE_CURVE('',#603,#609,#606,.T.);
#611=DIRECTION('',(0.997859,0.065405,0.000000));
#610=VECTOR('',#611,0.523215);
#612=LINE('',#608,#610);
#614=CARTESIAN_POINT('',(690.0000,4.0000,-558.0000));
#615=VERTEX_POINT('',#614);
#613=EDGE_CURVE('',#609,#615,#612,.T.);
#617=DIRECTION('',(0.997859,-0.065405,0.000000));
#616=VECTOR('',#617,0.523215);
#618=LINE('',#614,#616);
#620=CARTESIAN_POINT('',(690.5221,3.9658,-558.0000));
#621=VERTEX_POINT('',#620);
#619=EDGE_CURVE('',#615,#621,#618,.T.);
#623=DIRECTION('',(0.980786,-0.195085,0.000000));
#622=VECTOR('',#623,0.523237);
#624=LINE('',#620,#622);
#626=CARTESIAN_POINT('',(691.0353,3.8637,-558.0000));
#627=VERTEX_POINT('',#626);
#625=EDGE_CURVE('',#621,#627,#624,.T.);
#629=DIRECTION('',(0.946934,-0.321428,0.000000));
#628=VECTOR('',#629,0.523250);
#630=LINE('',#626,#628);
#632=CARTESIAN_POINT('',(691.5308,3.6955,-558.0000));
#633=VERTEX_POINT('',#632);
#631=EDGE_CURVE('',#627,#633,#630,.T.);
#635=DIRECTION('',(0.896864,-0.442307,0.000000));
#634=VECTOR('',#635,0.523199);
#636=LINE('',#632,#634);
#638=CARTESIAN_POINT('',(692.0000,3.4641,-558.0000));
#639=VERTEX_POINT('',#638);
#637=EDGE_CURVE('',#633,#639,#636,.T.);
#641=DIRECTION('',(0.831477,-0.555559,0.000000));
#640=VECTOR('',#641,0.523236);
#642=LINE('',#638,#640);
#644=CARTESIAN_POINT('',(692.4351,3.1734,-558.0000));
#645=VERTEX_POINT('',#644);
#643=EDGE_CURVE('',#639,#645,#642,.T.);
#647=DIRECTION('',(0.751834,-0.659353,0.000000));
#646=VECTOR('',#647,0.523216);
#648=LINE('',#644,#646);
#650=CARTESIAN_POINT('',(692.8284,2.8284,-558.0000));
#651=VERTEX_POINT('',#650);
#649=EDGE_CURVE('',#645,#651,#648,.T.);
#653=DIRECTION('',(0.659326,-0.751857,0.000000));
#652=VECTOR('',#653,0.523217);
#654=LINE('',#650,#652);
#656=CARTESIAN_POINT('',(693.1734,2.4350,-558.0000));
#657=VERTEX_POINT('',#656);
#655=EDGE_CURVE('',#651,#657,#654,.T.);
#659=DIRECTION('',(0.555601,-0.831449,0.000000));
#658=VECTOR('',#659,0.523236);
#660=LINE('',#656,#658);
#662=CARTESIAN_POINT('',(693.4641,2.0000,-558.0000));
#663=VERTEX_POINT('',#662);
#661=EDGE_CURVE('',#657,#663,#660,.T.);
#665=DIRECTION('',(0.442239,-0.896897,0.000000));
#664=VECTOR('',#665,0.523210);
#666=LINE('',#662,#664);
#668=CARTESIAN_POINT('',(693.6955,1.5307,-558.0000));
#669=VERTEX_POINT('',#668);
#667=EDGE_CURVE('',#663,#669,#666,.T.);
#671=DIRECTION('',(0.321487,-0.946914,0.000000));
#670=VECTOR('',#671,0.523234);
#672=LINE('',#668,#670);
#674=CARTESIAN_POINT('',(693.8637,1.0353,-558.0000));
#675=VERTEX_POINT('',#674);
#673=EDGE_CURVE('',#669,#675,#672,.T.);
#677=DIRECTION('',(0.195044,-0.980795,0.000000));
#676=VECTOR('',#677,0.523220);
#678=LINE('',#674,#676);
#680=CARTESIAN_POINT('',(693.9658,0.5221,-558.0000));
#681=VERTEX_POINT('',#680);
#679=EDGE_CURVE('',#675,#681,#678,.T.);
#683=DIRECTION('',(0.065442,-0.997856,0.000000));
#682=VECTOR('',#683,0.523226);
#684=LINE('',#680,#682);
#686=CARTESIAN_POINT('',(694.0000,0.0000,-558.0000));
#687=VERTEX_POINT('',#686);
#685=EDGE_CURVE('',#681,#687,#684,.T.);
#689=DIRECTION('',(0.065403,0.997859,0.000000));
#688=VECTOR('',#689,250.300046);
#690=LINE('',#686,#688);
#692=CARTESIAN_POINT('',(710.3705,249.7641,-558.0000));
#693=VERTEX_POINT('',#692);
#691=EDGE_CURVE('',#687,#693,#690,.T.);
#695=DIRECTION('',(-0.065404,-0.997859,0.000000));
#694=VECTOR('',#695,250.823273);
#696=LINE('',#692,#694);
#698=CARTESIAN_POINT('',(693.9658,-0.5221,-558.0000));
#699=VERTEX_POINT('',#698);
#697=EDGE_CURVE('',#693,#699,#696,.T.);
#701=DIRECTION('',(0.195091,0.980785,0.000000));
#700=VECTOR('',#701,126.491710);
#702=LINE('',#698,#700);
#704=CARTESIAN_POINT('',(718.6432,123.5391,-558.0000));
#705=VERTEX_POINT('',#704);
#703=EDGE_CURVE('',#699,#705,#702,.T.);
#707=DIRECTION('',(-0.195091,-0.980785,0.000000));
#706=VECTOR('',#707,127.014929);
#708=LINE('',#704,#706);
#710=CARTESIAN_POINT('',(693.8637,-1.0353,-558.0000));
#711=VERTEX_POINT('',#710);
#709=EDGE_CURVE('',#705,#711,#708,.T.);
#713=DIRECTION('',(0.321438,0.946931,0.000000));
#712=VECTOR('',#713,85.903758);
#714=LINE('',#710,#712);
#716=CARTESIAN_POINT('',(721.4764,80.3096,-558.0000));
#717=VERTEX_POINT('',#716);
#715=EDGE_CURVE('',#711,#717,#714,.T.);
#719=DIRECTION('',(-0.321438,-0.946931,0.000000));
#718=VECTOR('',#719,86.426992);
#720=LINE('',#716,#718);
#722=CARTESIAN_POINT('',(693.6955,-1.5307,-558.0000));
#723=VERTEX_POINT('',#722);
#721=EDGE_CURVE('',#717,#723,#720,.T.);
#725=DIRECTION('',(0.442289,0.896873,0.000000));
#724=VECTOR('',#725,66.147868);
#726=LINE('',#722,#724);
#728=CARTESIAN_POINT('',(722.9520,57.7955,-558.0000));
#729=VERTEX_POINT('',#728);
#727=EDGE_CURVE('',#723,#729,#726,.T.);
#731=DIRECTION('',(-0.442289,-0.896873,0.000000));
#730=VECTOR('',#731,66.671079);
#732=LINE('',#728,#730);
#734=CARTESIAN_POINT('',(693.4641,-2.0000,-558.0000));
#735=VERTEX_POINT('',#734);
#733=EDGE_CURVE('',#729,#735,#732,.T.);
#737=DIRECTION('',(0.555571,0.831469,0.000000));
#736=VECTOR('',#737,45.921835);
#738=LINE('',#734,#736);
#740=CARTESIAN_POINT('',(718.9769,36.1826,-558.0000));
#741=VERTEX_POINT('',#740);
#739=EDGE_CURVE('',#735,#741,#738,.T.);
#743=DIRECTION('',(-0.555571,-0.831469,0.000000));
#742=VECTOR('',#743,46.445073);
#744=LINE('',#740,#742);
#746=CARTESIAN_POINT('',(693.1734,-2.4350,-558.0000));
#747=VERTEX_POINT('',#746);
#745=EDGE_CURVE('',#741,#747,#744,.T.);
#749=DIRECTION('',(0.659346,0.751839,0.000000));
#748=VECTOR('',#749,32.378577);
#750=LINE('',#746,#748);
#752=CARTESIAN_POINT('',(714.5221,21.9084,-558.0000));
#753=VERTEX_POINT('',#752);
#751=EDGE_CURVE('',#747,#753,#750,.T.);
#755=DIRECTION('',(-0.659346,-0.751840,0.000000));
#754=VECTOR('',#755,32.901790);
#756=LINE('',#752,#754);
#758=CARTESIAN_POINT('',(692.8284,-2.8284,-558.0000));
#759=VERTEX_POINT('',#758);
#757=EDGE_CURVE('',#753,#759,#756,.T.);
#761=DIRECTION('',(-0.751831,-0.659356,0.000000));
#760=VECTOR('',#761,0.523218);
#762=LINE('',#758,#760);
#764=CARTESIAN_POINT('',(692.4351,-3.1734,-558.0000));
#765=VERTEX_POINT('',#764);
#763=EDGE_CURVE('',#759,#765,#762,.T.);
#767=DIRECTION('',(-0.831477,-0.555559,0.000000));
#766=VECTOR('',#767,0.523236);
#768=LINE('',#764,#766);
#770=CARTESIAN_POINT('',(692.0000,-3.4641,-558.0000));
#771=VERTEX_POINT('',#770);
#769=EDGE_CURVE('',#765,#771,#768,.T.);
#773=DIRECTION('',(-0.896862,-0.442310,0.000000));
#772=VECTOR('',#773,0.523200);
#774=LINE('',#770,#772);
#776=CARTESIAN_POINT('',(691.5308,-3.6955,-558.0000));
#777=VERTEX_POINT('',#776);
#775=EDGE_CURVE('',#771,#777,#774,.T.);
#779=DIRECTION('',(-0.946935,-0.321425,0.000000));
#778=VECTOR('',#779,0.523250);
#780=LINE('',#776,#778);
#782=CARTESIAN_POINT('',(691.0353,-3.8637,-558.0000));
#783=VERTEX_POINT('',#782);
#781=EDGE_CURVE('',#777,#783,#780,.T.);
#785=DIRECTION('',(-0.980786,-0.195086,0.000000));
#784=VECTOR('',#785,0.523237);
#786=LINE('',#782,#784);
#788=CARTESIAN_POINT('',(690.5221,-3.9658,-558.0000));
#789=VERTEX_POINT('',#788);
#787=EDGE_CURVE('',#783,#789,#786,.T.);
#791=DIRECTION('',(-0.997859,-0.065404,0.000000));
#790=VECTOR('',#791,2.229933);
#792=LINE('',#788,#790);
#793=EDGE_CURVE('',#789,#511,#792,.T.);
#794=ORIENTED_EDGE('',*,*,#510,.T.);
#795=ORIENTED_EDGE('',*,*,#517,.T.);
#796=ORIENTED_EDGE('',*,*,#523,.T.);
#797=ORIENTED_EDGE('',*,*,#529,.T.);
#798=ORIENTED_EDGE('',*,*,#535,.T.);
#799=ORIENTED_EDGE('',*,*,#541,.T.);
#800=ORIENTED_EDGE('',*,*,#547,.T.);
#801=ORIENTED_EDGE('',*,*,#553,.T.);
#802=ORIENTED_EDGE('',*,*,#559,.T.);
#803=ORIENTED_EDGE('',*,*,#565,.T.);
#804=ORIENTED_EDGE('',*,*,#571,.T.);
#805=ORIENTED_EDGE('',*,*,#577,.T.);
#806=ORIENTED_EDGE('',*,*,#583,.T.);
#807=ORIENTED_EDGE('',*,*,#589,.T.);
#808=ORIENTED_EDGE('',*,*,#595,.T.);
#809=ORIENTED_EDGE('',*,*,#601,.T.);
#810=ORIENTED_EDGE('',*,*,#607,.T.);
#811=ORIENTED_EDGE('',*,*,#613,.T.);
#812=ORIENTED_EDGE('',*,*,#619,.T.);
#813=ORIENTED_EDGE('',*,*,#625,.T.);
#814=ORIENTED_EDGE('',*,*,#631,.T.);
#815=ORIENTED_EDGE('',*,*,#637,.T.);
#816=ORIENTED_EDGE('',*,*,#643,.T.);
#817=ORIENTED_EDGE('',*,*,#649,.T.);
#818=ORIENTED_EDGE('',*,*,#655,.T.);
#819=ORIENTED_EDGE('',*,*,#661,.T.);
#820=ORIENTED_EDGE('',*,*,#667,.T.);
#821=ORIENTED_EDGE('',*,*,#673,.T.);
#822=ORIENTED_EDGE('',*,*,#679,.T.);
#823=ORIENTED_EDGE('',*,*,#685,.T.);
#824=ORIENTED_EDGE('',*,*,#691,.T.);
#825=ORIENTED_EDGE('',*,*,#697,.T.);
#826=ORIENTED_EDGE('',*,*,#703,.T.);
#827=ORIENTED_EDGE('',*,*,#709,.T.);
#828=ORIENTED_EDGE('',*,*,#715,.T.);
#829=ORIENTED_EDGE('',*,*,#721,.T.);
#830=ORIENTED_EDGE('',*,*,#727,.T.);
#831=ORIENTED_EDGE('',*,*,#733,.T.);
#832=ORIENTED_EDGE('',*,*,#739,.T.);
#833=ORIENTED_EDGE('',*,*,#745,.T.);
#834=ORIENTED_EDGE('',*,*,#751,.T.);
#835=ORIENTED_EDGE('',*,*,#757,.T.);
#836=ORIENTED_EDGE('',*,*,#763,.T.);
#837=ORIENTED_EDGE('',*,*,#769,.T.);
#838=ORIENTED_EDGE('',*,*,#775,.T.);
#839=ORIENTED_EDGE('',*,*,#781,.T.);
#840=ORIENTED_EDGE('',*,*,#787,.T.);
#841=ORIENTED_EDGE('',*,*,#793,.T.);
#842=EDGE_LOOP('',(#794,#795,#796,#797,#798,#799,#800,#801,#802,#803,#804,#805,#806,#807,#808,#809,#810,#811,#812,#813,#814,#815,#816,#817,#818,#819,#820,#821,#822,#823,#824,#825,#826,#827,#828,#829,#830,#831,#832,#833,#834,#835,#836,#837,#838,#839,#840,#841));
#843=FACE_BOUND('',#842,.T.);
#845=DIRECTION('',(0.321429,-0.946934,0.000000));
#844=VECTOR('',#845,3.429359);
#847=CARTESIAN_POINT('',(708.7784,-297.3468,-558.0000));
#846=LINE('',#847,#844);
#849=VERTEX_POINT('',#847);
#850=CARTESIAN_POINT('',(709.8807,-300.5941,-558.0000));
#851=VERTEX_POINT('',#850);
#848=EDGE_CURVE('',#849,#851,#846,.T.);
#853=DIRECTION('',(0.195052,-0.980793,0.000000));
#852=VECTOR('',#853,0.457798);
#854=LINE('',#850,#852);
#856=CARTESIAN_POINT('',(709.9700,-301.0432,-558.0000));
#857=VERTEX_POINT('',#856);
#855=EDGE_CURVE('',#851,#857,#854,.T.);
#859=DIRECTION('',(0.065457,-0.997855,0.000000));
#858=VECTOR('',#859,0.457830);
#860=LINE('',#856,#858);
#862=CARTESIAN_POINT('',(710.0000,-301.5000,-558.0000));
#863=VERTEX_POINT('',#862);
#861=EDGE_CURVE('',#857,#863,#860,.T.);
#865=DIRECTION('',(-0.065457,-0.997855,0.000000));
#864=VECTOR('',#865,0.457830);
#866=LINE('',#862,#864);
#868=CARTESIAN_POINT('',(709.9700,-301.9568,-558.0000));
#869=VERTEX_POINT('',#868);
#867=EDGE_CURVE('',#863,#869,#866,.T.);
#871=DIRECTION('',(-0.195052,-0.980793,0.000000));
#870=VECTOR('',#871,0.457798);
#872=LINE('',#868,#870);
#874=CARTESIAN_POINT('',(709.8807,-302.4059,-558.0000));
#875=VERTEX_POINT('',#874);
#873=EDGE_CURVE('',#869,#875,#872,.T.);
#877=DIRECTION('',(-0.321422,-0.946936,0.000000));
#876=VECTOR('',#877,0.457827);
#878=LINE('',#874,#876);
#880=CARTESIAN_POINT('',(709.7336,-302.8394,-558.0000));
#881=VERTEX_POINT('',#880);
#879=EDGE_CURVE('',#875,#881,#878,.T.);
#883=DIRECTION('',(-0.442328,-0.896853,0.000000));
#882=VECTOR('',#883,0.457838);
#884=LINE('',#880,#882);
#886=CARTESIAN_POINT('',(709.5311,-303.2500,-558.0000));
#887=VERTEX_POINT('',#886);
#885=EDGE_CURVE('',#881,#887,#884,.T.);
#889=DIRECTION('',(-0.555531,-0.831496,0.000000));
#888=VECTOR('',#889,0.457821);
#890=LINE('',#886,#888);
#892=CARTESIAN_POINT('',(709.2767,-303.6307,-558.0000));
#893=VERTEX_POINT('',#892);
#891=EDGE_CURVE('',#887,#893,#890,.T.);
#895=DIRECTION('',(-0.659368,-0.751821,0.000000));
#894=VECTOR('',#895,0.457832);
#896=LINE('',#892,#894);
#898=CARTESIAN_POINT('',(708.9749,-303.9749,-558.0000));
#899=VERTEX_POINT('',#898);
#897=EDGE_CURVE('',#893,#899,#896,.T.);
#901=DIRECTION('',(-0.751825,-0.659363,0.000000));
#900=VECTOR('',#901,0.457789);
#902=LINE('',#898,#900);
#904=CARTESIAN_POINT('',(708.6307,-304.2767,-558.0000));
#905=VERTEX_POINT('',#904);
#903=EDGE_CURVE('',#899,#905,#902,.T.);
#907=DIRECTION('',(-0.831465,-0.555577,0.000000));
#906=VECTOR('',#907,0.457838);
#908=LINE('',#904,#906);
#910=CARTESIAN_POINT('',(708.2500,-304.5311,-558.0000));
#911=VERTEX_POINT('',#910);
#909=EDGE_CURVE('',#905,#911,#908,.T.);
#913=DIRECTION('',(-0.896867,-0.442301,0.000000));
#912=VECTOR('',#913,0.457798);
#914=LINE('',#910,#912);
#916=CARTESIAN_POINT('',(707.8394,-304.7336,-558.0000));
#917=VERTEX_POINT('',#916);
#915=EDGE_CURVE('',#911,#917,#914,.T.);
#919=DIRECTION('',(-0.946936,-0.321422,0.000000));
#918=VECTOR('',#919,0.457827);
#920=LINE('',#916,#918);
#922=CARTESIAN_POINT('',(707.4059,-304.8807,-558.0000));
#923=VERTEX_POINT('',#922);
#921=EDGE_CURVE('',#917,#923,#920,.T.);
#925=DIRECTION('',(-0.980783,-0.195103,0.000000));
#924=VECTOR('',#925,0.457834);
#926=LINE('',#922,#924);
#928=CARTESIAN_POINT('',(706.9568,-304.9701,-558.0000));
#929=VERTEX_POINT('',#928);
#927=EDGE_CURVE('',#923,#929,#926,.T.);
#931=DIRECTION('',(-0.997860,-0.065393,0.000000));
#930=VECTOR('',#931,2.908814);
#932=LINE('',#928,#930);
#934=CARTESIAN_POINT('',(704.0543,-305.1603,-558.0000));
#935=VERTEX_POINT('',#934);
#933=EDGE_CURVE('',#929,#935,#932,.T.);
#937=DIRECTION('',(-0.321438,0.946931,0.000000));
#936=VECTOR('',#937,2.908793);
#938=LINE('',#934,#936);
#940=CARTESIAN_POINT('',(703.1193,-302.4059,-558.0000));
#941=VERTEX_POINT('',#940);
#939=EDGE_CURVE('',#935,#941,#938,.T.);
#943=DIRECTION('',(-0.195052,0.980793,0.000000));
#942=VECTOR('',#943,0.457798);
#944=LINE('',#940,#942);
#946=CARTESIAN_POINT('',(703.0300,-301.9568,-558.0000));
#947=VERTEX_POINT('',#946);
#945=EDGE_CURVE('',#941,#947,#944,.T.);
#949=DIRECTION('',(-0.065457,0.997855,0.000000));
#948=VECTOR('',#949,0.457830);
#950=LINE('',#946,#948);
#952=CARTESIAN_POINT('',(703.0000,-301.5000,-558.0000));
#953=VERTEX_POINT('',#952);
#951=EDGE_CURVE('',#947,#953,#950,.T.);
#955=DIRECTION('',(0.065457,0.997855,0.000000));
#954=VECTOR('',#955,0.457830);
#956=LINE('',#952,#954);
#958=CARTESIAN_POINT('',(703.0300,-301.0432,-558.0000));
#959=VERTEX_POINT('',#958);
#957=EDGE_CURVE('',#953,#959,#956,.T.);
#961=DIRECTION('',(0.195052,0.980793,0.000000));
#960=VECTOR('',#961,0.457798);
#962=LINE('',#958,#960);
#964=CARTESIAN_POINT('',(703.1193,-300.5941,-558.0000));
#965=VERTEX_POINT('',#964);
#963=EDGE_CURVE('',#959,#965,#962,.T.);
#967=DIRECTION('',(0.321422,0.946936,0.000000));
#966=VECTOR('',#967,0.457827);
#968=LINE('',#964,#966);
#970=CARTESIAN_POINT('',(703.2664,-300.1606,-558.0000));
#971=VERTEX_POINT('',#970);
#969=EDGE_CURVE('',#965,#971,#968,.T.);
#973=DIRECTION('',(0.442328,0.896853,0.000000));
#972=VECTOR('',#973,0.457838);
#974=LINE('',#970,#972);
#976=CARTESIAN_POINT('',(703.4689,-299.7500,-558.0000));
#977=VERTEX_POINT('',#976);
#975=EDGE_CURVE('',#971,#977,#974,.T.);
#979=DIRECTION('',(0.555531,0.831496,0.000000));
#978=VECTOR('',#979,0.457821);
#980=LINE('',#976,#978);
#982=CARTESIAN_POINT('',(703.7233,-299.3693,-558.0000));
#983=VERTEX_POINT('',#982);
#981=EDGE_CURVE('',#977,#983,#980,.T.);
#985=DIRECTION('',(0.659368,0.751821,0.000000));
#984=VECTOR('',#985,0.457832);
#986=LINE('',#982,#984);
#988=CARTESIAN_POINT('',(704.0251,-299.0251,-558.0000));
#989=VERTEX_POINT('',#988);
#987=EDGE_CURVE('',#983,#989,#986,.T.);
#991=DIRECTION('',(0.751825,0.659363,0.000000));
#990=VECTOR('',#991,0.457789);
#992=LINE('',#988,#990);
#994=CARTESIAN_POINT('',(704.3693,-298.7233,-558.0000));
#995=VERTEX_POINT('',#994);
#993=EDGE_CURVE('',#989,#995,#992,.T.);
#997=DIRECTION('',(0.831465,0.555577,0.000000));
#996=VECTOR('',#997,0.457838);
#998=LINE('',#994,#996);
#1000=CARTESIAN_POINT('',(704.7500,-298.4689,-558.0000));
#1001=VERTEX_POINT('',#1000);
#999=EDGE_CURVE('',#995,#1001,#998,.T.);
#1003=DIRECTION('',(0.896867,0.442301,0.000000));
#1002=VECTOR('',#1003,0.457798);
#1004=LINE('',#1000,#1002);
#1006=CARTESIAN_POINT('',(705.1606,-298.2664,-558.0000));
#1007=VERTEX_POINT('',#1006);
#1005=EDGE_CURVE('',#1001,#1007,#1004,.T.);
#1009=DIRECTION('',(0.946936,0.321422,0.000000));
#1008=VECTOR('',#1009,0.457827);
#1010=LINE('',#1006,#1008);
#1012=CARTESIAN_POINT('',(705.5941,-298.1193,-558.0000));
#1013=VERTEX_POINT('',#1012);
#1011=EDGE_CURVE('',#1007,#1013,#1010,.T.);
#1015=DIRECTION('',(0.980783,0.195103,0.000000));
#1014=VECTOR('',#1015,0.457834);
#1016=LINE('',#1012,#1014);
#1018=CARTESIAN_POINT('',(706.0432,-298.0299,-558.0000));
#1019=VERTEX_POINT('',#1018);
#1017=EDGE_CURVE('',#1013,#1019,#1016,.T.);
#1021=DIRECTION('',(0.997860,0.065391,0.000000));
#1020=VECTOR('',#1021,0.457828);
#1022=LINE('',#1018,#1020);
#1024=CARTESIAN_POINT('',(706.5000,-298.0000,-558.0000));
#1025=VERTEX_POINT('',#1024);
#1023=EDGE_CURVE('',#1019,#1025,#1022,.T.);
#1027=DIRECTION('',(0.997860,-0.065391,0.000000));
#1026=VECTOR('',#1027,0.457828);
#1028=LINE('',#1024,#1026);
#1030=CARTESIAN_POINT('',(706.9568,-298.0299,-558.0000));
#1031=VERTEX_POINT('',#1030);
#1029=EDGE_CURVE('',#1025,#1031,#1028,.T.);
#1033=DIRECTION('',(0.980783,-0.195103,0.000000));
#1032=VECTOR('',#1033,0.457834);
#1034=LINE('',#1030,#1032);
#1036=CARTESIAN_POINT('',(707.4059,-298.1193,-558.0000));
#1037=VERTEX_POINT('',#1036);
#1035=EDGE_CURVE('',#1031,#1037,#1034,.T.);
#1039=DIRECTION('',(0.946936,-0.321422,0.000000));
#1038=VECTOR('',#1039,0.457827);
#1040=LINE('',#1036,#1038);
#1042=CARTESIAN_POINT('',(707.8394,-298.2664,-558.0000));
#1043=VERTEX_POINT('',#1042);
#1041=EDGE_CURVE('',#1037,#1043,#1040,.T.);
#1045=DIRECTION('',(0.896867,-0.442301,0.000000));
#1044=VECTOR('',#1045,0.457798);
#1046=LINE('',#1042,#1044);
#1048=CARTESIAN_POINT('',(708.2500,-298.4689,-558.0000));
#1049=VERTEX_POINT('',#1048);
#1047=EDGE_CURVE('',#1043,#1049,#1046,.T.);
#1051=DIRECTION('',(0.831465,-0.555577,0.000000));
#1050=VECTOR('',#1051,0.457838);
#1052=LINE('',#1048,#1050);
#1054=CARTESIAN_POINT('',(708.6307,-298.7233,-558.0000));
#1055=VERTEX_POINT('',#1054);
#1053=EDGE_CURVE('',#1049,#1055,#1052,.T.);
#1057=DIRECTION('',(0.751825,-0.659363,0.000000));
#1056=VECTOR('',#1057,0.457789);
#1058=LINE('',#1054,#1056);
#1060=CARTESIAN_POINT('',(708.9749,-299.0251,-558.0000));
#1061=VERTEX_POINT('',#1060);
#1059=EDGE_CURVE('',#1055,#1061,#1058,.T.);
#1063=DIRECTION('',(0.659368,-0.751821,0.000000));
#1062=VECTOR('',#1063,0.457832);
#1064=LINE('',#1060,#1062);
#1066=CARTESIAN_POINT('',(709.2767,-299.3693,-558.0000));
#1067=VERTEX_POINT('',#1066);
#1065=EDGE_CURVE('',#1061,#1067,#1064,.T.);
#1069=DIRECTION('',(0.555531,-0.831496,0.000000));
#1068=VECTOR('',#1069,0.457821);
#1070=LINE('',#1066,#1068);
#1072=CARTESIAN_POINT('',(709.5311,-299.7500,-558.0000));
#1073=VERTEX_POINT('',#1072);
#1071=EDGE_CURVE('',#1067,#1073,#1070,.T.);
#1075=DIRECTION('',(0.442328,-0.896853,0.000000));
#1074=VECTOR('',#1075,0.457838);
#1076=LINE('',#1072,#1074);
#1078=CARTESIAN_POINT('',(709.7336,-300.1606,-558.0000));
#1079=VERTEX_POINT('',#1078);
#1077=EDGE_CURVE('',#1073,#1079,#1076,.T.);
#1081=DIRECTION('',(-0.321430,0.946933,0.000000));
#1080=VECTOR('',#1081,2.971532);
#1082=LINE('',#1078,#1080);
#1083=EDGE_CURVE('',#1079,#849,#1082,.T.);
#1084=ORIENTED_EDGE('',*,*,#848,.T.);
#1085=ORIENTED_EDGE('',*,*,#855,.T.);
#1086=ORIENTED_EDGE('',*,*,#861,.T.);
#1087=ORIENTED_EDGE('',*,*,#867,.T.);
#1088=ORIENTED_EDGE('',*,*,#873,.T.);
#1089=ORIENTED_EDGE('',*,*,#879,.T.);
#1090=ORIENTED_EDGE('',*,*,#885,.T.);
#1091=ORIENTED_EDGE('',*,*,#891,.T.);
#1092=ORIENTED_EDGE('',*,*,#897,.T.);
#1093=ORIENTED_EDGE('',*,*,#903,.T.);
#1094=ORIENTED_EDGE('',*,*,#909,.T.);
#1095=ORIENTED_EDGE('',*,*,#915,.T.);
#1096=ORIENTED_EDGE('',*,*,#921,.T.);
#1097=ORIENTED_EDGE('',*,*,#927,.T.);
#1098=ORIENTED_EDGE('',*,*,#933,.T.);
#1099=ORIENTED_EDGE('',*,*,#939,.T.);
#1100=ORIENTED_EDGE('',*,*,#945,.T.);
#1101=ORIENTED_EDGE('',*,*,#951,.T.);
#1102=ORIENTED_EDGE('',*,*,#957,.T.);
#1103=ORIENTED_EDGE('',*,*,#963,.T.);
#1104=ORIENTED_EDGE('',*,*,#969,.T.);
#1105=ORIENTED_EDGE('',*,*,#975,.T.);
#1106=ORIENTED_EDGE('',*,*,#981,.T.);
#1107=ORIENTED_EDGE('',*,*,#987,.T.);
#1108=ORIENTED_EDGE('',*,*,#993,.T.);
#1109=ORIENTED_EDGE('',*,*,#999,.T.);
#1110=ORIENTED_EDGE('',*,*,#1005,.T.);
#1111=ORIENTED_EDGE('',*,*,#1011,.T.);
#1112=ORIENTED_EDGE('',*,*,#1017,.T.);
#1113=ORIENTED_EDGE('',*,*,#1023,.T.);
#1114=ORIENTED_EDGE('',*,*,#1029,.T.);
#1115=ORIENTED_EDGE('',*,*,#1035,.T.);
#1116=ORIENTED_EDGE('',*,*,#1041,.T.);
#1117=ORIENTED_EDGE('',*,*,#1047,.T.);
#1118=ORIENTED_EDGE('',*,*,#1053,.T.);
#1119=ORIENTED_EDGE('',*,*,#1059,.T.);
#1120=ORIENTED_EDGE('',*,*,#1065,.T.);
#1121=ORIENTED_EDGE('',*,*,#1071,.T.);
#1122=ORIENTED_EDGE('',*,*,#1077,.T.);
#1123=ORIENTED_EDGE('',*,*,#1083,.T.);
#1124=EDGE_LOOP('',(#1084,#1085,#1086,#1087,#1088,#1089,#1090,#1091,#1092,#1093,#1094,#1095,#1096,#1097,#1098,#1099,#1100,#1101,#1102,#1103,#1104,#1105,#1106,#1107,#1108,#1109,#1110,#1111,#1112,#1113,#1114,#1115,#1116,#1117,#1118,#1119,#1120,#1121,#1122,#1123));
#1125=FACE_BOUND('',#1124,.T.);
#1127=DIRECTION('',(0.321429,-0.946934,0.000000));
#1126=VECTOR('',#1127,3.429359);
#1129=CARTESIAN_POINT('',(708.7784,291.6532,-558.0000));
#1128=LINE('',#1129,#1126);
#1131=VERTEX_POINT('',#1129);
#1132=CARTESIAN_POINT('',(709.8807,288.4059,-558.0000));
#1133=VERTEX_POINT('',#1132);
#1130=EDGE_CURVE('',#1131,#1133,#1128,.T.);
#1135=DIRECTION('',(0.195052,-0.980793,0.000000));
#1134=VECTOR('',#1135,0.457798);
#1136=LINE('',#1132,#1134);
#1138=CARTESIAN_POINT('',(709.9700,287.9568,-558.0000));
#1139=VERTEX_POINT('',#1138);
#1137=EDGE_CURVE('',#1133,#1139,#1136,.T.);
#1141=DIRECTION('',(0.065457,-0.997855,0.000000));
#1140=VECTOR('',#1141,0.457830);
#1142=LINE('',#1138,#1140);
#1144=CARTESIAN_POINT('',(710.0000,287.5000,-558.0000));
#1145=VERTEX_POINT('',#1144);
#1143=EDGE_CURVE('',#1139,#1145,#1142,.T.);
#1147=DIRECTION('',(-0.065457,-0.997855,0.000000));
#1146=VECTOR('',#1147,0.457830);
#1148=LINE('',#1144,#1146);
#1150=CARTESIAN_POINT('',(709.9700,287.0432,-558.0000));
#1151=VERTEX_POINT('',#1150);
#1149=EDGE_CURVE('',#1145,#1151,#1148,.T.);
#1153=DIRECTION('',(-0.195052,-0.980793,0.000000));
#1152=VECTOR('',#1153,0.457798);
#1154=LINE('',#1150,#1152);
#1156=CARTESIAN_POINT('',(709.8807,286.5941,-558.0000));
#1157=VERTEX_POINT('',#1156);
#1155=EDGE_CURVE('',#1151,#1157,#1154,.T.);
#1159=DIRECTION('',(-0.321422,-0.946936,0.000000));
#1158=VECTOR('',#1159,0.457827);
#1160=LINE('',#1156,#1158);
#1162=CARTESIAN_POINT('',(709.7336,286.1606,-558.0000));
#1163=VERTEX_POINT('',#1162);
#1161=EDGE_CURVE('',#1157,#1163,#1160,.T.);
#1165=DIRECTION('',(-0.442328,-0.896853,0.000000));
#1164=VECTOR('',#1165,0.457838);
#1166=LINE('',#1162,#1164);
#1168=CARTESIAN_POINT('',(709.5311,285.7500,-558.0000));
#1169=VERTEX_POINT('',#1168);
#1167=EDGE_CURVE('',#1163,#1169,#1166,.T.);
#1171=DIRECTION('',(-0.555531,-0.831496,0.000000));
#1170=VECTOR('',#1171,0.457821);
#1172=LINE('',#1168,#1170);
#1174=CARTESIAN_POINT('',(709.2767,285.3693,-558.0000));
#1175=VERTEX_POINT('',#1174);
#1173=EDGE_CURVE('',#1169,#1175,#1172,.T.);
#1177=DIRECTION('',(-0.659368,-0.751821,0.000000));
#1176=VECTOR('',#1177,0.457832);
#1178=LINE('',#1174,#1176);
#1180=CARTESIAN_POINT('',(708.9749,285.0251,-558.0000));
#1181=VERTEX_POINT('',#1180);
#1179=EDGE_CURVE('',#1175,#1181,#1178,.T.);
#1183=DIRECTION('',(-0.751825,-0.659363,0.000000));
#1182=VECTOR('',#1183,0.457789);
#1184=LINE('',#1180,#1182);
#1186=CARTESIAN_POINT('',(708.6307,284.7233,-558.0000));
#1187=VERTEX_POINT('',#1186);
#1185=EDGE_CURVE('',#1181,#1187,#1184,.T.);
#1189=DIRECTION('',(-0.831465,-0.555577,0.000000));
#1188=VECTOR('',#1189,0.457838);
#1190=LINE('',#1186,#1188);
#1192=CARTESIAN_POINT('',(708.2500,284.4689,-558.0000));
#1193=VERTEX_POINT('',#1192);
#1191=EDGE_CURVE('',#1187,#1193,#1190,.T.);
#1195=DIRECTION('',(-0.896867,-0.442301,0.000000));
#1194=VECTOR('',#1195,0.457798);
#1196=LINE('',#1192,#1194);
#1198=CARTESIAN_POINT('',(707.8394,284.2664,-558.0000));
#1199=VERTEX_POINT('',#1198);
#1197=EDGE_CURVE('',#1193,#1199,#1196,.T.);
#1201=DIRECTION('',(-0.946936,-0.321422,0.000000));
#1200=VECTOR('',#1201,0.457827);
#1202=LINE('',#1198,#1200);
#1204=CARTESIAN_POINT('',(707.4059,284.1193,-558.0000));
#1205=VERTEX_POINT('',#1204);
#1203=EDGE_CURVE('',#1199,#1205,#1202,.T.);
#1207=DIRECTION('',(-0.980783,-0.195103,0.000000));
#1206=VECTOR('',#1207,0.457834);
#1208=LINE('',#1204,#1206);
#1210=CARTESIAN_POINT('',(706.9568,284.0299,-558.0000));
#1211=VERTEX_POINT('',#1210);
#1209=EDGE_CURVE('',#1205,#1211,#1208,.T.);
#1213=DIRECTION('',(-0.997860,-0.065393,0.000000));
#1212=VECTOR('',#1213,2.908814);
#1214=LINE('',#1210,#1212);
#1216=CARTESIAN_POINT('',(704.0543,283.8397,-558.0000));
#1217=VERTEX_POINT('',#1216);
#1215=EDGE_CURVE('',#1211,#1217,#1214,.T.);
#1219=DIRECTION('',(-0.321438,0.946931,0.000000));
#1218=VECTOR('',#1219,2.908793);
#1220=LINE('',#1216,#1218);
#1222=CARTESIAN_POINT('',(703.1193,286.5941,-558.0000));
#1223=VERTEX_POINT('',#1222);
#1221=EDGE_CURVE('',#1217,#1223,#1220,.T.);
#1225=DIRECTION('',(-0.195052,0.980793,0.000000));
#1224=VECTOR('',#1225,0.457798);
#1226=LINE('',#1222,#1224);
#1228=CARTESIAN_POINT('',(703.0300,287.0432,-558.0000));
#1229=VERTEX_POINT('',#1228);
#1227=EDGE_CURVE('',#1223,#1229,#1226,.T.);
#1231=DIRECTION('',(-0.065457,0.997855,0.000000));
#1230=VECTOR('',#1231,0.457830);
#1232=LINE('',#1228,#1230);
#1234=CARTESIAN_POINT('',(703.0000,287.5000,-558.0000));
#1235=VERTEX_POINT('',#1234);
#1233=EDGE_CURVE('',#1229,#1235,#1232,.T.);
#1237=DIRECTION('',(0.065457,0.997855,0.000000));
#1236=VECTOR('',#1237,0.457830);
#1238=LINE('',#1234,#1236);
#1240=CARTESIAN_POINT('',(703.0300,287.9568,-558.0000));
#1241=VERTEX_POINT('',#1240);
#1239=EDGE_CURVE('',#1235,#1241,#1238,.T.);
#1243=DIRECTION('',(0.195052,0.980793,0.000000));
#1242=VECTOR('',#1243,0.457798);
#1244=LINE('',#1240,#1242);
#1246=CARTESIAN_POINT('',(703.1193,288.4059,-558.0000));
#1247=VERTEX_POINT('',#1246);
#1245=EDGE_CURVE('',#1241,#1247,#1244,.T.);
#1249=DIRECTION('',(0.321422,0.946936,0.000000));
#1248=VECTOR('',#1249,0.457827);
#1250=LINE('',#1246,#1248);
#1252=CARTESIAN_POINT('',(703.2664,288.8394,-558.0000));
#1253=VERTEX_POINT('',#1252);
#1251=EDGE_CURVE('',#1247,#1253,#1250,.T.);
#1255=DIRECTION('',(0.442328,0.896853,0.000000));
#1254=VECTOR('',#1255,0.457838);
#1256=LINE('',#1252,#1254);
#1258=CARTESIAN_POINT('',(703.4689,289.2500,-558.0000));
#1259=VERTEX_POINT('',#1258);
#1257=EDGE_CURVE('',#1253,#1259,#1256,.T.);
#1261=DIRECTION('',(0.555531,0.831496,0.000000));
#1260=VECTOR('',#1261,0.457821);
#1262=LINE('',#1258,#1260);
#1264=CARTESIAN_POINT('',(703.7233,289.6307,-558.0000));
#1265=VERTEX_POINT('',#1264);
#1263=EDGE_CURVE('',#1259,#1265,#1262,.T.);
#1267=DIRECTION('',(0.659368,0.751821,0.000000));
#1266=VECTOR('',#1267,0.457832);
#1268=LINE('',#1264,#1266);
#1270=CARTESIAN_POINT('',(704.0251,289.9749,-558.0000));
#1271=VERTEX_POINT('',#1270);
#1269=EDGE_CURVE('',#1265,#1271,#1268,.T.);
#1273=DIRECTION('',(0.751825,0.659363,0.000000));
#1272=VECTOR('',#1273,0.457789);
#1274=LINE('',#1270,#1272);
#1276=CARTESIAN_POINT('',(704.3693,290.2767,-558.0000));
#1277=VERTEX_POINT('',#1276);
#1275=EDGE_CURVE('',#1271,#1277,#1274,.T.);
#1279=DIRECTION('',(0.831465,0.555577,0.000000));
#1278=VECTOR('',#1279,0.457838);
#1280=LINE('',#1276,#1278);
#1282=CARTESIAN_POINT('',(704.7500,290.5311,-558.0000));
#1283=VERTEX_POINT('',#1282);
#1281=EDGE_CURVE('',#1277,#1283,#1280,.T.);
#1285=DIRECTION('',(0.896867,0.442301,0.000000));
#1284=VECTOR('',#1285,0.457798);
#1286=LINE('',#1282,#1284);
#1288=CARTESIAN_POINT('',(705.1606,290.7336,-558.0000));
#1289=VERTEX_POINT('',#1288);
#1287=EDGE_CURVE('',#1283,#1289,#1286,.T.);
#1291=DIRECTION('',(0.946936,0.321422,0.000000));
#1290=VECTOR('',#1291,0.457827);
#1292=LINE('',#1288,#1290);
#1294=CARTESIAN_POINT('',(705.5941,290.8807,-558.0000));
#1295=VERTEX_POINT('',#1294);
#1293=EDGE_CURVE('',#1289,#1295,#1292,.T.);
#1297=DIRECTION('',(0.980783,0.195103,0.000000));
#1296=VECTOR('',#1297,0.457834);
#1298=LINE('',#1294,#1296);
#1300=CARTESIAN_POINT('',(706.0432,290.9701,-558.0000));
#1301=VERTEX_POINT('',#1300);
#1299=EDGE_CURVE('',#1295,#1301,#1298,.T.);
#1303=DIRECTION('',(0.997860,0.065391,0.000000));
#1302=VECTOR('',#1303,0.457828);
#1304=LINE('',#1300,#1302);
#1306=CARTESIAN_POINT('',(706.5000,291.0000,-558.0000));
#1307=VERTEX_POINT('',#1306);
#1305=EDGE_CURVE('',#1301,#1307,#1304,.T.);
#1309=DIRECTION('',(0.997860,-0.065391,0.000000));
#1308=VECTOR('',#1309,0.457828);
#1310=LINE('',#1306,#1308);
#1312=CARTESIAN_POINT('',(706.9568,290.9701,-558.0000));
#1313=VERTEX_POINT('',#1312);
#1311=EDGE_CURVE('',#1307,#1313,#1310,.T.);
#1315=DIRECTION('',(0.980783,-0.195103,0.000000));
#1314=VECTOR('',#1315,0.457834);
#1316=LINE('',#1312,#1314);
#1318=CARTESIAN_POINT('',(707.4059,290.8807,-558.0000));
#1319=VERTEX_POINT('',#1318);
#1317=EDGE_CURVE('',#1313,#1319,#1316,.T.);
#1321=DIRECTION('',(0.946936,-0.321422,0.000000));
#1320=VECTOR('',#1321,0.457827);
#1322=LINE('',#1318,#1320);
#1324=CARTESIAN_POINT('',(707.8394,290.7336,-558.0000));
#1325=VERTEX_POINT('',#1324);
#1323=EDGE_CURVE('',#1319,#1325,#1322,.T.);
#1327=DIRECTION('',(0.896867,-0.442301,0.000000));
#1326=VECTOR('',#1327,0.457798);
#1328=LINE('',#1324,#1326);
#1330=CARTESIAN_POINT('',(708.2500,290.5311,-558.0000));
#1331=VERTEX_POINT('',#1330);
#1329=EDGE_CURVE('',#1325,#1331,#1328,.T.);
#1333=DIRECTION('',(0.831465,-0.555577,0.000000));
#1332=VECTOR('',#1333,0.457838);
#1334=LINE('',#1330,#1332);
#1336=CARTESIAN_POINT('',(708.6307,290.2767,-558.0000));
#1337=VERTEX_POINT('',#1336);
#1335=EDGE_CURVE('',#1331,#1337,#1334,.T.);
#1339=DIRECTION('',(0.751825,-0.659363,0.000000));
#1338=VECTOR('',#1339,0.457789);
#1340=LINE('',#1336,#1338);
#1342=CARTESIAN_POINT('',(708.9749,289.9749,-558.0000));
#1343=VERTEX_POINT('',#1342);
#1341=EDGE_CURVE('',#1337,#1343,#1340,.T.);
#1345=DIRECTION('',(0.659368,-0.751821,0.000000));
#1344=VECTOR('',#1345,0.457832);
#1346=LINE('',#1342,#1344);
#1348=CARTESIAN_POINT('',(709.2767,289.6307,-558.0000));
#1349=VERTEX_POINT('',#1348);
#1347=EDGE_CURVE('',#1343,#1349,#1346,.T.);
#1351=DIRECTION('',(0.555531,-0.831496,0.000000));
#1350=VECTOR('',#1351,0.457821);
#1352=LINE('',#1348,#1350);
#1354=CARTESIAN_POINT('',(709.5311,289.2500,-558.0000));
#1355=VERTEX_POINT('',#1354);
#1353=EDGE_CURVE('',#1349,#1355,#1352,.T.);
#1357=DIRECTION('',(0.442328,-0.896853,0.000000));
#1356=VECTOR('',#1357,0.457838);
#1358=LINE('',#1354,#1356);
#1360=CARTESIAN_POINT('',(709.7336,288.8394,-558.0000));
#1361=VERTEX_POINT('',#1360);
#1359=EDGE_CURVE('',#1355,#1361,#1358,.T.);
#1363=DIRECTION('',(-0.321430,0.946933,0.000000));
#1362=VECTOR('',#1363,2.971532);
#1364=LINE('',#1360,#1362);
#1365=EDGE_CURVE('',#1361,#1131,#1364,.T.);
#1366=ORIENTED_EDGE('',*,*,#1130,.T.);
#1367=ORIENTED_EDGE('',*,*,#1137,.T.);
#1368=ORIENTED_EDGE('',*,*,#1143,.T.);
#1369=ORIENTED_EDGE('',*,*,#1149,.T.);
#1370=ORIENTED_EDGE('',*,*,#1155,.T.);
#1371=ORIENTED_EDGE('',*,*,#1161,.T.);
#1372=ORIENTED_EDGE('',*,*,#1167,.T.);
#1373=ORIENTED_EDGE('',*,*,#1173,.T.);
#1374=ORIENTED_EDGE('',*,*,#1179,.T.);
#1375=ORIENTED_EDGE('',*,*,#1185,.T.);
#1376=ORIENTED_EDGE('',*,*,#1191,.T.);
#1377=ORIENTED_EDGE('',*,*,#1197,.T.);
#1378=ORIENTED_EDGE('',*,*,#1203,.T.);
#1379=ORIENTED_EDGE('',*,*,#1209,.T.);
#1380=ORIENTED_EDGE('',*,*,#1215,.T.);
#1381=ORIENTED_EDGE('',*,*,#1221,.T.);
#1382=ORIENTED_EDGE('',*,*,#1227,.T.);
#1383=ORIENTED_EDGE('',*,*,#1233,.T.);
#1384=ORIENTED_EDGE('',*,*,#1239,.T.);
#1385=ORIENTED_EDGE('',*,*,#1245,.T.);
#1386=ORIENTED_EDGE('',*,*,#1251,.T.);
#1387=ORIENTED_EDGE('',*,*,#1257,.T.);
#1388=ORIENTED_EDGE('',*,*,#1263,.T.);
#1389=ORIENTED_EDGE('',*,*,#1269,.T.);
#1390=ORIENTED_EDGE('',*,*,#1275,.T.);
#1391=ORIENTED_EDGE('',*,*,#1281,.T.);
#1392=ORIENTED_EDGE('',*,*,#1287,.T.);
#1393=ORIENTED_EDGE('',*,*,#1293,.T.);
#1394=ORIENTED_EDGE('',*,*,#1299,.T.);
#1395=ORIENTED_EDGE('',*,*,#1305,.T.);
#1396=ORIENTED_EDGE('',*,*,#1311,.T.);
#1397=ORIENTED_EDGE('',*,*,#1317,.T.);
#1398=ORIENTED_EDGE('',*,*,#1323,.T.);
#1399=ORIENTED_EDGE('',*,*,#1329,.T.);
#1400=ORIENTED_EDGE('',*,*,#1335,.T.);
#1401=ORIENTED_EDGE('',*,*,#1341,.T.);
#1402=ORIENTED_EDGE('',*,*,#1347,.T.);
#1403=ORIENTED_EDGE('',*,*,#1353,.T.);
#1404=ORIENTED_EDGE('',*,*,#1359,.T.);
#1405=ORIENTED_EDGE('',*,*,#1365,.T.);
#1406=EDGE_LOOP('',(#1366,#1367,#1368,#1369,#1370,#1371,#1372,#1373,#1374,#1375,#1376,#1377,#1378,#1379,#1380,#1381,#1382,#1383,#1384,#1385,#1386,#1387,#1388,#1389,#1390,#1391,#1392,#1393,#1394,#1395,#1396,#1397,#1398,#1399,#1400,#1401,#1402,#1403,#1404,#1405));
#1407=FACE_BOUND('',#1406,.T.);
#1409=DIRECTION('',(-0.321438,0.946931,0.000000));
#1408=VECTOR('',#1409,2.908793);
#1411=CARTESIAN_POINT('',(740.5543,283.8397,-558.0000));
#1410=LINE('',#1411,#1408);
#1413=VERTEX_POINT('',#1411);
#1414=CARTESIAN_POINT('',(739.6193,286.5941,-558.0000));
#1415=VERTEX_POINT('',#1414);
#1412=EDGE_CURVE('',#1413,#1415,#1410,.T.);
#1417=DIRECTION('',(-0.195052,0.980793,0.000000));
#1416=VECTOR('',#1417,0.457798);
#1418=LINE('',#1414,#1416);
#1420=CARTESIAN_POINT('',(739.5300,287.0432,-558.0000));
#1421=VERTEX_POINT('',#1420);
#1419=EDGE_CURVE('',#1415,#1421,#1418,.T.);
#1423=DIRECTION('',(-0.065457,0.997855,0.000000));
#1422=VECTOR('',#1423,0.457830);
#1424=LINE('',#1420,#1422);
#1426=CARTESIAN_POINT('',(739.5000,287.5000,-558.0000));
#1427=VERTEX_POINT('',#1426);
#1425=EDGE_CURVE('',#1421,#1427,#1424,.T.);
#1429=DIRECTION('',(0.065457,0.997855,0.000000));
#1428=VECTOR('',#1429,0.457830);
#1430=LINE('',#1426,#1428);
#1432=CARTESIAN_POINT('',(739.5300,287.9568,-558.0000));
#1433=VERTEX_POINT('',#1432);
#1431=EDGE_CURVE('',#1427,#1433,#1430,.T.);
#1435=DIRECTION('',(0.195052,0.980793,0.000000));
#1434=VECTOR('',#1435,0.457798);
#1436=LINE('',#1432,#1434);
#1438=CARTESIAN_POINT('',(739.6193,288.4059,-558.0000));
#1439=VERTEX_POINT('',#1438);
#1437=EDGE_CURVE('',#1433,#1439,#1436,.T.);
#1441=DIRECTION('',(0.321422,0.946936,0.000000));
#1440=VECTOR('',#1441,0.457827);
#1442=LINE('',#1438,#1440);
#1444=CARTESIAN_POINT('',(739.7664,288.8394,-558.0000));
#1445=VERTEX_POINT('',#1444);
#1443=EDGE_CURVE('',#1439,#1445,#1442,.T.);
#1447=DIRECTION('',(0.442328,0.896853,0.000000));
#1446=VECTOR('',#1447,0.457838);
#1448=LINE('',#1444,#1446);
#1450=CARTESIAN_POINT('',(739.9689,289.2500,-558.0000));
#1451=VERTEX_POINT('',#1450);
#1449=EDGE_CURVE('',#1445,#1451,#1448,.T.);
#1453=DIRECTION('',(0.555531,0.831496,0.000000));
#1452=VECTOR('',#1453,0.457821);
#1454=LINE('',#1450,#1452);
#1456=CARTESIAN_POINT('',(740.2233,289.6307,-558.0000));
#1457=VERTEX_POINT('',#1456);
#1455=EDGE_CURVE('',#1451,#1457,#1454,.T.);
#1459=DIRECTION('',(0.659368,0.751821,0.000000));
#1458=VECTOR('',#1459,0.457832);
#1460=LINE('',#1456,#1458);
#1462=CARTESIAN_POINT('',(740.5251,289.9749,-558.0000));
#1463=VERTEX_POINT('',#1462);
#1461=EDGE_CURVE('',#1457,#1463,#1460,.T.);
#1465=DIRECTION('',(0.751825,0.659363,0.000000));
#1464=VECTOR('',#1465,0.457789);
#1466=LINE('',#1462,#1464);
#1468=CARTESIAN_POINT('',(740.8693,290.2767,-558.0000));
#1469=VERTEX_POINT('',#1468);
#1467=EDGE_CURVE('',#1463,#1469,#1466,.T.);
#1471=DIRECTION('',(0.831465,0.555577,0.000000));
#1470=VECTOR('',#1471,0.457838);
#1472=LINE('',#1468,#1470);
#1474=CARTESIAN_POINT('',(741.2500,290.5311,-558.0000));
#1475=VERTEX_POINT('',#1474);
#1473=EDGE_CURVE('',#1469,#1475,#1472,.T.);
#1477=DIRECTION('',(0.896867,0.442301,0.000000));
#1476=VECTOR('',#1477,0.457798);
#1478=LINE('',#1474,#1476);
#1480=CARTESIAN_POINT('',(741.6606,290.7336,-558.0000));
#1481=VERTEX_POINT('',#1480);
#1479=EDGE_CURVE('',#1475,#1481,#1478,.T.);
#1483=DIRECTION('',(0.946936,0.321422,0.000000));
#1482=VECTOR('',#1483,0.457827);
#1484=LINE('',#1480,#1482);
#1486=CARTESIAN_POINT('',(742.0941,290.8807,-558.0000));
#1487=VERTEX_POINT('',#1486);
#1485=EDGE_CURVE('',#1481,#1487,#1484,.T.);
#1489=DIRECTION('',(0.980783,0.195103,0.000000));
#1488=VECTOR('',#1489,0.457834);
#1490=LINE('',#1486,#1488);
#1492=CARTESIAN_POINT('',(742.5432,290.9701,-558.0000));
#1493=VERTEX_POINT('',#1492);
#1491=EDGE_CURVE('',#1487,#1493,#1490,.T.);
#1495=DIRECTION('',(0.997860,0.065391,0.000000));
#1494=VECTOR('',#1495,0.457828);
#1496=LINE('',#1492,#1494);
#1498=CARTESIAN_POINT('',(743.0000,291.0000,-558.0000));
#1499=VERTEX_POINT('',#1498);
#1497=EDGE_CURVE('',#1493,#1499,#1496,.T.);
#1501=DIRECTION('',(0.997860,-0.065391,0.000000));
#1500=VECTOR('',#1501,0.457828);
#1502=LINE('',#1498,#1500);
#1504=CARTESIAN_POINT('',(743.4568,290.9701,-558.0000));
#1505=VERTEX_POINT('',#1504);
#1503=EDGE_CURVE('',#1499,#1505,#1502,.T.);
#1507=DIRECTION('',(0.980783,-0.195103,0.000000));
#1506=VECTOR('',#1507,0.457834);
#1508=LINE('',#1504,#1506);
#1510=CARTESIAN_POINT('',(743.9059,290.8807,-558.0000));
#1511=VERTEX_POINT('',#1510);
#1509=EDGE_CURVE('',#1505,#1511,#1508,.T.);
#1513=DIRECTION('',(0.946936,-0.321422,0.000000));
#1512=VECTOR('',#1513,0.457827);
#1514=LINE('',#1510,#1512);
#1516=CARTESIAN_POINT('',(744.3394,290.7336,-558.0000));
#1517=VERTEX_POINT('',#1516);
#1515=EDGE_CURVE('',#1511,#1517,#1514,.T.);
#1519=DIRECTION('',(0.896867,-0.442301,0.000000));
#1518=VECTOR('',#1519,0.457798);
#1520=LINE('',#1516,#1518);
#1522=CARTESIAN_POINT('',(744.7500,290.5311,-558.0000));
#1523=VERTEX_POINT('',#1522);
#1521=EDGE_CURVE('',#1517,#1523,#1520,.T.);
#1525=DIRECTION('',(0.831465,-0.555577,0.000000));
#1524=VECTOR('',#1525,0.457838);
#1526=LINE('',#1522,#1524);
#1528=CARTESIAN_POINT('',(745.1307,290.2767,-558.0000));
#1529=VERTEX_POINT('',#1528);
#1527=EDGE_CURVE('',#1523,#1529,#1526,.T.);
#1531=DIRECTION('',(0.751825,-0.659363,0.000000));
#1530=VECTOR('',#1531,0.457789);
#1532=LINE('',#1528,#1530);
#1534=CARTESIAN_POINT('',(745.4749,289.9749,-558.0000));
#1535=VERTEX_POINT('',#1534);
#1533=EDGE_CURVE('',#1529,#1535,#1532,.T.);
#1537=DIRECTION('',(0.659368,-0.751821,0.000000));
#1536=VECTOR('',#1537,0.457832);
#1538=LINE('',#1534,#1536);
#1540=CARTESIAN_POINT('',(745.7767,289.6307,-558.0000));
#1541=VERTEX_POINT('',#1540);
#1539=EDGE_CURVE('',#1535,#1541,#1538,.T.);
#1543=DIRECTION('',(0.555531,-0.831496,0.000000));
#1542=VECTOR('',#1543,0.457821);
#1544=LINE('',#1540,#1542);
#1546=CARTESIAN_POINT('',(746.0311,289.2500,-558.0000));
#1547=VERTEX_POINT('',#1546);
#1545=EDGE_CURVE('',#1541,#1547,#1544,.T.);
#1549=DIRECTION('',(0.442328,-0.896853,0.000000));
#1548=VECTOR('',#1549,0.457838);
#1550=LINE('',#1546,#1548);
#1552=CARTESIAN_POINT('',(746.2336,288.8394,-558.0000));
#1553=VERTEX_POINT('',#1552);
#1551=EDGE_CURVE('',#1547,#1553,#1550,.T.);
#1555=DIRECTION('',(0.321422,-0.946936,0.000000));
#1554=VECTOR('',#1555,0.457827);
#1556=LINE('',#1552,#1554);
#1558=CARTESIAN_POINT('',(746.3807,288.4059,-558.0000));
#1559=VERTEX_POINT('',#1558);
#1557=EDGE_CURVE('',#1553,#1559,#1556,.T.);
#1561=DIRECTION('',(0.195052,-0.980793,0.000000));
#1560=VECTOR('',#1561,0.457798);
#1562=LINE('',#1558,#1560);
#1564=CARTESIAN_POINT('',(746.4700,287.9568,-558.0000));
#1565=VERTEX_POINT('',#1564);
#1563=EDGE_CURVE('',#1559,#1565,#1562,.T.);
#1567=DIRECTION('',(0.065457,-0.997855,0.000000));
#1566=VECTOR('',#1567,0.457830);
#1568=LINE('',#1564,#1566);
#1570=CARTESIAN_POINT('',(746.5000,287.5000,-558.0000));
#1571=VERTEX_POINT('',#1570);
#1569=EDGE_CURVE('',#1565,#1571,#1568,.T.);
#1573=DIRECTION('',(-0.065457,-0.997855,0.000000));
#1572=VECTOR('',#1573,0.457830);
#1574=LINE('',#1570,#1572);
#1576=CARTESIAN_POINT('',(746.4700,287.0432,-558.0000));
#1577=VERTEX_POINT('',#1576);
#1575=EDGE_CURVE('',#1571,#1577,#1574,.T.);
#1579=DIRECTION('',(-0.195052,-0.980793,0.000000));
#1578=VECTOR('',#1579,0.457798);
#1580=LINE('',#1576,#1578);
#1582=CARTESIAN_POINT('',(746.3807,286.5941,-558.0000));
#1583=VERTEX_POINT('',#1582);
#1581=EDGE_CURVE('',#1577,#1583,#1580,.T.);
#1585=DIRECTION('',(-0.321422,-0.946936,0.000000));
#1584=VECTOR('',#1585,0.457827);
#1586=LINE('',#1582,#1584);
#1588=CARTESIAN_POINT('',(746.2336,286.1606,-558.0000));
#1589=VERTEX_POINT('',#1588);
#1587=EDGE_CURVE('',#1583,#1589,#1586,.T.);
#1591=DIRECTION('',(-0.442328,-0.896853,0.000000));
#1590=VECTOR('',#1591,0.457838);
#1592=LINE('',#1588,#1590);
#1594=CARTESIAN_POINT('',(746.0311,285.7500,-558.0000));
#1595=VERTEX_POINT('',#1594);
#1593=EDGE_CURVE('',#1589,#1595,#1592,.T.);
#1597=DIRECTION('',(-0.555531,-0.831496,0.000000));
#1596=VECTOR('',#1597,0.457821);
#1598=LINE('',#1594,#1596);
#1600=CARTESIAN_POINT('',(745.7767,285.3693,-558.0000));
#1601=VERTEX_POINT('',#1600);
#1599=EDGE_CURVE('',#1595,#1601,#1598,.T.);
#1603=DIRECTION('',(-0.659368,-0.751821,0.000000));
#1602=VECTOR('',#1603,0.457832);
#1604=LINE('',#1600,#1602);
#1606=CARTESIAN_POINT('',(745.4749,285.0251,-558.0000));
#1607=VERTEX_POINT('',#1606);
#1605=EDGE_CURVE('',#1601,#1607,#1604,.T.);
#1609=DIRECTION('',(-0.751825,-0.659363,0.000000));
#1608=VECTOR('',#1609,0.457789);
#1610=LINE('',#1606,#1608);
#1612=CARTESIAN_POINT('',(745.1307,284.7233,-558.0000));
#1613=VERTEX_POINT('',#1612);
#1611=EDGE_CURVE('',#1607,#1613,#1610,.T.);
#1615=DIRECTION('',(-0.831465,-0.555577,0.000000));
#1614=VECTOR('',#1615,0.457838);
#1616=LINE('',#1612,#1614);
#1618=CARTESIAN_POINT('',(744.7500,284.4689,-558.0000));
#1619=VERTEX_POINT('',#1618);
#1617=EDGE_CURVE('',#1613,#1619,#1616,.T.);
#1621=DIRECTION('',(-0.896867,-0.442301,0.000000));
#1620=VECTOR('',#1621,0.457798);
#1622=LINE('',#1618,#1620);
#1624=CARTESIAN_POINT('',(744.3394,284.2664,-558.0000));
#1625=VERTEX_POINT('',#1624);
#1623=EDGE_CURVE('',#1619,#1625,#1622,.T.);
#1627=DIRECTION('',(-0.946936,-0.321422,0.000000));
#1626=VECTOR('',#1627,0.457827);
#1628=LINE('',#1624,#1626);
#1630=CARTESIAN_POINT('',(743.9059,284.1193,-558.0000));
#1631=VERTEX_POINT('',#1630);
#1629=EDGE_CURVE('',#1625,#1631,#1628,.T.);
#1633=DIRECTION('',(-0.980783,-0.195103,0.000000));
#1632=VECTOR('',#1633,0.457834);
#1634=LINE('',#1630,#1632);
#1636=CARTESIAN_POINT('',(743.4568,284.0299,-558.0000));
#1637=VERTEX_POINT('',#1636);
#1635=EDGE_CURVE('',#1631,#1637,#1634,.T.);
#1639=DIRECTION('',(-0.997860,-0.065393,0.000000));
#1638=VECTOR('',#1639,2.908814);
#1640=LINE('',#1636,#1638);
#1641=EDGE_CURVE('',#1637,#1413,#1640,.T.);
#1642=ORIENTED_EDGE('',*,*,#1412,.T.);
#1643=ORIENTED_EDGE('',*,*,#1419,.T.);
#1644=ORIENTED_EDGE('',*,*,#1425,.T.);
#1645=ORIENTED_EDGE('',*,*,#1431,.T.);
#1646=ORIENTED_EDGE('',*,*,#1437,.T.);
#1647=ORIENTED_EDGE('',*,*,#1443,.T.);
#1648=ORIENTED_EDGE('',*,*,#1449,.T.);
#1649=ORIENTED_EDGE('',*,*,#1455,.T.);
#1650=ORIENTED_EDGE('',*,*,#1461,.T.);
#1651=ORIENTED_EDGE('',*,*,#1467,.T.);
#1652=ORIENTED_EDGE('',*,*,#1473,.T.);
#1653=ORIENTED_EDGE('',*,*,#1479,.T.);
#1654=ORIENTED_EDGE('',*,*,#1485,.T.);
#1655=ORIENTED_EDGE('',*,*,#1491,.T.);
#1656=ORIENTED_EDGE('',*,*,#1497,.T.);
#1657=ORIENTED_EDGE('',*,*,#1503,.T.);
#1658=ORIENTED_EDGE('',*,*,#1509,.T.);
#1659=ORIENTED_EDGE('',*,*,#1515,.T.);
#1660=ORIENTED_EDGE('',*,*,#1521,.T.);
#1661=ORIENTED_EDGE('',*,*,#1527,.T.);
#1662=ORIENTED_EDGE('',*,*,#1533,.T.);
#1663=ORIENTED_EDGE('',*,*,#1539,.T.);
#1664=ORIENTED_EDGE('',*,*,#1545,.T.);
#1665=ORIENTED_EDGE('',*,*,#1551,.T.);
#1666=ORIENTED_EDGE('',*,*,#1557,.T.);
#1667=ORIENTED_EDGE('',*,*,#1563,.T.);
#1668=ORIENTED_EDGE('',*,*,#1569,.T.);
#1669=ORIENTED_EDGE('',*,*,#1575,.T.);
#1670=ORIENTED_EDGE('',*,*,#1581,.T.);
#1671=ORIENTED_EDGE('',*,*,#1587,.T.);
#1672=ORIENTED_EDGE('',*,*,#1593,.T.);
#1673=ORIENTED_EDGE('',*,*,#1599,.T.);
#1674=ORIENTED_EDGE('',*,*,#1605,.T.);
#1675=ORIENTED_EDGE('',*,*,#1611,.T.);
#1676=ORIENTED_EDGE('',*,*,#1617,.T.);
#1677=ORIENTED_EDGE('',*,*,#1623,.T.);
#1678=ORIENTED_EDGE('',*,*,#1629,.T.);
#1679=ORIENTED_EDGE('',*,*,#1635,.T.);
#1680=ORIENTED_EDGE('',*,*,#1641,.T.);
#1681=EDGE_LOOP('',(#1642,#1643,#1644,#1645,#1646,#1647,#1648,#1649,#1650,#1651,#1652,#1653,#1654,#1655,#1656,#1657,#1658,#1659,#1660,#1661,#1662,#1663,#1664,#1665,#1666,#1667,#1668,#1669,#1670,#1671,#1672,#1673,#1674,#1675,#1676,#1677,#1678,#1679,#1680));
#1682=FACE_BOUND('',#1681,.T.);
#1684=DIRECTION('',(0.321436,-0.946931,0.000000));
#1683=VECTOR('',#1684,5.146017);
#1686=CARTESIAN_POINT('',(671.7266,293.2788,-558.0000));
#1685=LINE('',#1686,#1683);
#1688=VERTEX_POINT('',#1686);
#1689=CARTESIAN_POINT('',(673.3807,288.4059,-558.0000));
#1690=VERTEX_POINT('',#1689);
#1687=EDGE_CURVE('',#1688,#1690,#1685,.T.);
#1692=DIRECTION('',(0.195052,-0.980793,0.000000));
#1691=VECTOR('',#1692,0.457798);
#1693=LINE('',#1689,#1691);
#1695=CARTESIAN_POINT('',(673.4700,287.9568,-558.0000));
#1696=VERTEX_POINT('',#1695);
#1694=EDGE_CURVE('',#1690,#1696,#1693,.T.);
#1698=DIRECTION('',(0.065457,-0.997855,0.000000));
#1697=VECTOR('',#1698,0.457830);
#1699=LINE('',#1695,#1697);
#1701=CARTESIAN_POINT('',(673.5000,287.5000,-558.0000));
#1702=VERTEX_POINT('',#1701);
#1700=EDGE_CURVE('',#1696,#1702,#1699,.T.);
#1704=DIRECTION('',(-0.065457,-0.997855,0.000000));
#1703=VECTOR('',#1704,0.457830);
#1705=LINE('',#1701,#1703);
#1707=CARTESIAN_POINT('',(673.4700,287.0432,-558.0000));
#1708=VERTEX_POINT('',#1707);
#1706=EDGE_CURVE('',#1702,#1708,#1705,.T.);
#1710=DIRECTION('',(-0.195052,-0.980793,0.000000));
#1709=VECTOR('',#1710,0.457798);
#1711=LINE('',#1707,#1709);
#1713=CARTESIAN_POINT('',(673.3807,286.5941,-558.0000));
#1714=VERTEX_POINT('',#1713);
#1712=EDGE_CURVE('',#1708,#1714,#1711,.T.);
#1716=DIRECTION('',(-0.321422,-0.946936,0.000000));
#1715=VECTOR('',#1716,0.457827);
#1717=LINE('',#1713,#1715);
#1719=CARTESIAN_POINT('',(673.2336,286.1606,-558.0000));
#1720=VERTEX_POINT('',#1719);
#1718=EDGE_CURVE('',#1714,#1720,#1717,.T.);
#1722=DIRECTION('',(-0.442328,-0.896853,0.000000));
#1721=VECTOR('',#1722,0.457838);
#1723=LINE('',#1719,#1721);
#1725=CARTESIAN_POINT('',(673.0311,285.7500,-558.0000));
#1726=VERTEX_POINT('',#1725);
#1724=EDGE_CURVE('',#1720,#1726,#1723,.T.);
#1728=DIRECTION('',(-0.555531,-0.831496,0.000000));
#1727=VECTOR('',#1728,0.457821);
#1729=LINE('',#1725,#1727);
#1731=CARTESIAN_POINT('',(672.7767,285.3693,-558.0000));
#1732=VERTEX_POINT('',#1731);
#1730=EDGE_CURVE('',#1726,#1732,#1729,.T.);
#1734=DIRECTION('',(-0.659368,-0.751821,0.000000));
#1733=VECTOR('',#1734,0.457832);
#1735=LINE('',#1731,#1733);
#1737=CARTESIAN_POINT('',(672.4749,285.0251,-558.0000));
#1738=VERTEX_POINT('',#1737);
#1736=EDGE_CURVE('',#1732,#1738,#1735,.T.);
#1740=DIRECTION('',(-0.751825,-0.659363,0.000000));
#1739=VECTOR('',#1740,0.457789);
#1741=LINE('',#1737,#1739);
#1743=CARTESIAN_POINT('',(672.1307,284.7233,-558.0000));
#1744=VERTEX_POINT('',#1743);
#1742=EDGE_CURVE('',#1738,#1744,#1741,.T.);
#1746=DIRECTION('',(-0.831465,-0.555577,0.000000));
#1745=VECTOR('',#1746,0.457838);
#1747=LINE('',#1743,#1745);
#1749=CARTESIAN_POINT('',(671.7500,284.4689,-558.0000));
#1750=VERTEX_POINT('',#1749);
#1748=EDGE_CURVE('',#1744,#1750,#1747,.T.);
#1752=DIRECTION('',(-0.896867,-0.442301,0.000000));
#1751=VECTOR('',#1752,0.457798);
#1753=LINE('',#1749,#1751);
#1755=CARTESIAN_POINT('',(671.3394,284.2664,-558.0000));
#1756=VERTEX_POINT('',#1755);
#1754=EDGE_CURVE('',#1750,#1756,#1753,.T.);
#1758=DIRECTION('',(-0.946936,-0.321422,0.000000));
#1757=VECTOR('',#1758,0.457827);
#1759=LINE('',#1755,#1757);
#1761=CARTESIAN_POINT('',(670.9059,284.1193,-558.0000));
#1762=VERTEX_POINT('',#1761);
#1760=EDGE_CURVE('',#1756,#1762,#1759,.T.);
#1764=DIRECTION('',(-0.980783,-0.195103,0.000000));
#1763=VECTOR('',#1764,0.457834);
#1765=LINE('',#1761,#1763);
#1767=CARTESIAN_POINT('',(670.4568,284.0299,-558.0000));
#1768=VERTEX_POINT('',#1767);
#1766=EDGE_CURVE('',#1762,#1768,#1765,.T.);
#1770=DIRECTION('',(-0.997860,-0.065393,0.000000));
#1769=VECTOR('',#1770,2.562553);
#1771=LINE('',#1767,#1769);
#1773=CARTESIAN_POINT('',(667.8998,283.8624,-558.0000));
#1774=VERTEX_POINT('',#1773);
#1772=EDGE_CURVE('',#1768,#1774,#1771,.T.);
#1776=DIRECTION('',(-0.442286,0.896874,0.000000));
#1775=VECTOR('',#1776,2.562509);
#1777=LINE('',#1773,#1775);
#1779=CARTESIAN_POINT('',(666.7664,286.1606,-558.0000));
#1780=VERTEX_POINT('',#1779);
#1778=EDGE_CURVE('',#1774,#1780,#1777,.T.);
#1782=DIRECTION('',(-0.321422,0.946936,0.000000));
#1781=VECTOR('',#1782,0.457827);
#1783=LINE('',#1779,#1781);
#1785=CARTESIAN_POINT('',(666.6193,286.5941,-558.0000));
#1786=VERTEX_POINT('',#1785);
#1784=EDGE_CURVE('',#1780,#1786,#1783,.T.);
#1788=DIRECTION('',(-0.195052,0.980793,0.000000));
#1787=VECTOR('',#1788,0.457798);
#1789=LINE('',#1785,#1787);
#1791=CARTESIAN_POINT('',(666.5300,287.0432,-558.0000));
#1792=VERTEX_POINT('',#1791);
#1790=EDGE_CURVE('',#1786,#1792,#1789,.T.);
#1794=DIRECTION('',(-0.065457,0.997855,0.000000));
#1793=VECTOR('',#1794,0.457830);
#1795=LINE('',#1791,#1793);
#1797=CARTESIAN_POINT('',(666.5000,287.5000,-558.0000));
#1798=VERTEX_POINT('',#1797);
#1796=EDGE_CURVE('',#1792,#1798,#1795,.T.);
#1800=DIRECTION('',(0.065457,0.997855,0.000000));
#1799=VECTOR('',#1800,0.457830);
#1801=LINE('',#1797,#1799);
#1803=CARTESIAN_POINT('',(666.5300,287.9568,-558.0000));
#1804=VERTEX_POINT('',#1803);
#1802=EDGE_CURVE('',#1798,#1804,#1801,.T.);
#1806=DIRECTION('',(0.195052,0.980793,0.000000));
#1805=VECTOR('',#1806,0.457798);
#1807=LINE('',#1803,#1805);
#1809=CARTESIAN_POINT('',(666.6193,288.4059,-558.0000));
#1810=VERTEX_POINT('',#1809);
#1808=EDGE_CURVE('',#1804,#1810,#1807,.T.);
#1812=DIRECTION('',(0.321422,0.946936,0.000000));
#1811=VECTOR('',#1812,0.457827);
#1813=LINE('',#1809,#1811);
#1815=CARTESIAN_POINT('',(666.7664,288.8394,-558.0000));
#1816=VERTEX_POINT('',#1815);
#1814=EDGE_CURVE('',#1810,#1816,#1813,.T.);
#1818=DIRECTION('',(0.442328,0.896853,0.000000));
#1817=VECTOR('',#1818,0.457838);
#1819=LINE('',#1815,#1817);
#1821=CARTESIAN_POINT('',(666.9689,289.2500,-558.0000));
#1822=VERTEX_POINT('',#1821);
#1820=EDGE_CURVE('',#1816,#1822,#1819,.T.);
#1824=DIRECTION('',(0.555531,0.831496,0.000000));
#1823=VECTOR('',#1824,0.457821);
#1825=LINE('',#1821,#1823);
#1827=CARTESIAN_POINT('',(667.2233,289.6307,-558.0000));
#1828=VERTEX_POINT('',#1827);
#1826=EDGE_CURVE('',#1822,#1828,#1825,.T.);
#1830=DIRECTION('',(0.659368,0.751821,0.000000));
#1829=VECTOR('',#1830,0.457832);
#1831=LINE('',#1827,#1829);
#1833=CARTESIAN_POINT('',(667.5251,289.9749,-558.0000));
#1834=VERTEX_POINT('',#1833);
#1832=EDGE_CURVE('',#1828,#1834,#1831,.T.);
#1836=DIRECTION('',(0.751825,0.659363,0.000000));
#1835=VECTOR('',#1836,0.457789);
#1837=LINE('',#1833,#1835);
#1839=CARTESIAN_POINT('',(667.8693,290.2767,-558.0000));
#1840=VERTEX_POINT('',#1839);
#1838=EDGE_CURVE('',#1834,#1840,#1837,.T.);
#1842=DIRECTION('',(0.831465,0.555577,0.000000));
#1841=VECTOR('',#1842,0.457838);
#1843=LINE('',#1839,#1841);
#1845=CARTESIAN_POINT('',(668.2500,290.5311,-558.0000));
#1846=VERTEX_POINT('',#1845);
#1844=EDGE_CURVE('',#1840,#1846,#1843,.T.);
#1848=DIRECTION('',(0.896867,0.442301,0.000000));
#1847=VECTOR('',#1848,0.457798);
#1849=LINE('',#1845,#1847);
#1851=CARTESIAN_POINT('',(668.6606,290.7336,-558.0000));
#1852=VERTEX_POINT('',#1851);
#1850=EDGE_CURVE('',#1846,#1852,#1849,.T.);
#1854=DIRECTION('',(0.946936,0.321422,0.000000));
#1853=VECTOR('',#1854,0.457827);
#1855=LINE('',#1851,#1853);
#1857=CARTESIAN_POINT('',(669.0941,290.8807,-558.0000));
#1858=VERTEX_POINT('',#1857);
#1856=EDGE_CURVE('',#1852,#1858,#1855,.T.);
#1860=DIRECTION('',(0.980783,0.195103,0.000000));
#1859=VECTOR('',#1860,0.457834);
#1861=LINE('',#1857,#1859);
#1863=CARTESIAN_POINT('',(669.5432,290.9701,-558.0000));
#1864=VERTEX_POINT('',#1863);
#1862=EDGE_CURVE('',#1858,#1864,#1861,.T.);
#1866=DIRECTION('',(0.997860,0.065391,0.000000));
#1865=VECTOR('',#1866,0.457828);
#1867=LINE('',#1863,#1865);
#1869=CARTESIAN_POINT('',(670.0000,291.0000,-558.0000));
#1870=VERTEX_POINT('',#1869);
#1868=EDGE_CURVE('',#1864,#1870,#1867,.T.);
#1872=DIRECTION('',(0.997860,-0.065391,0.000000));
#1871=VECTOR('',#1872,0.457828);
#1873=LINE('',#1869,#1871);
#1875=CARTESIAN_POINT('',(670.4568,290.9701,-558.0000));
#1876=VERTEX_POINT('',#1875);
#1874=EDGE_CURVE('',#1870,#1876,#1873,.T.);
#1878=DIRECTION('',(0.980783,-0.195103,0.000000));
#1877=VECTOR('',#1878,0.457834);
#1879=LINE('',#1875,#1877);
#1881=CARTESIAN_POINT('',(670.9059,290.8807,-558.0000));
#1882=VERTEX_POINT('',#1881);
#1880=EDGE_CURVE('',#1876,#1882,#1879,.T.);
#1884=DIRECTION('',(0.946936,-0.321422,0.000000));
#1883=VECTOR('',#1884,0.457827);
#1885=LINE('',#1881,#1883);
#1887=CARTESIAN_POINT('',(671.3394,290.7336,-558.0000));
#1888=VERTEX_POINT('',#1887);
#1886=EDGE_CURVE('',#1882,#1888,#1885,.T.);
#1890=DIRECTION('',(0.896867,-0.442301,0.000000));
#1889=VECTOR('',#1890,0.457798);
#1891=LINE('',#1887,#1889);
#1893=CARTESIAN_POINT('',(671.7500,290.5311,-558.0000));
#1894=VERTEX_POINT('',#1893);
#1892=EDGE_CURVE('',#1888,#1894,#1891,.T.);
#1896=DIRECTION('',(0.831465,-0.555577,0.000000));
#1895=VECTOR('',#1896,0.457838);
#1897=LINE('',#1893,#1895);
#1899=CARTESIAN_POINT('',(672.1307,290.2767,-558.0000));
#1900=VERTEX_POINT('',#1899);
#1898=EDGE_CURVE('',#1894,#1900,#1897,.T.);
#1902=DIRECTION('',(0.751825,-0.659363,0.000000));
#1901=VECTOR('',#1902,0.457789);
#1903=LINE('',#1899,#1901);
#1905=CARTESIAN_POINT('',(672.4749,289.9749,-558.0000));
#1906=VERTEX_POINT('',#1905);
#1904=EDGE_CURVE('',#1900,#1906,#1903,.T.);
#1908=DIRECTION('',(0.659368,-0.751821,0.000000));
#1907=VECTOR('',#1908,0.457832);
#1909=LINE('',#1905,#1907);
#1911=CARTESIAN_POINT('',(672.7767,289.6307,-558.0000));
#1912=VERTEX_POINT('',#1911);
#1910=EDGE_CURVE('',#1906,#1912,#1909,.T.);
#1914=DIRECTION('',(0.555531,-0.831496,0.000000));
#1913=VECTOR('',#1914,0.457821);
#1915=LINE('',#1911,#1913);
#1917=CARTESIAN_POINT('',(673.0311,289.2500,-558.0000));
#1918=VERTEX_POINT('',#1917);
#1916=EDGE_CURVE('',#1912,#1918,#1915,.T.);
#1920=DIRECTION('',(0.442328,-0.896853,0.000000));
#1919=VECTOR('',#1920,0.457838);
#1921=LINE('',#1917,#1919);
#1923=CARTESIAN_POINT('',(673.2336,288.8394,-558.0000));
#1924=VERTEX_POINT('',#1923);
#1922=EDGE_CURVE('',#1918,#1924,#1921,.T.);
#1926=DIRECTION('',(-0.321437,0.946931,0.000000));
#1925=VECTOR('',#1926,4.688190);
#1927=LINE('',#1923,#1925);
#1928=EDGE_CURVE('',#1924,#1688,#1927,.T.);
#1929=ORIENTED_EDGE('',*,*,#1687,.T.);
#1930=ORIENTED_EDGE('',*,*,#1694,.T.);
#1931=ORIENTED_EDGE('',*,*,#1700,.T.);
#1932=ORIENTED_EDGE('',*,*,#1706,.T.);
#1933=ORIENTED_EDGE('',*,*,#1712,.T.);
#1934=ORIENTED_EDGE('',*,*,#1718,.T.);
#1935=ORIENTED_EDGE('',*,*,#1724,.T.);
#1936=ORIENTED_EDGE('',*,*,#1730,.T.);
#1937=ORIENTED_EDGE('',*,*,#1736,.T.);
#1938=ORIENTED_EDGE('',*,*,#1742,.T.);
#1939=ORIENTED_EDGE('',*,*,#1748,.T.);
#1940=ORIENTED_EDGE('',*,*,#1754,.T.);
#1941=ORIENTED_EDGE('',*,*,#1760,.T.);
#1942=ORIENTED_EDGE('',*,*,#1766,.T.);
#1943=ORIENTED_EDGE('',*,*,#1772,.T.);
#1944=ORIENTED_EDGE('',*,*,#1778,.T.);
#1945=ORIENTED_EDGE('',*,*,#1784,.T.);
#1946=ORIENTED_EDGE('',*,*,#1790,.T.);
#1947=ORIENTED_EDGE('',*,*,#1796,.T.);
#1948=ORIENTED_EDGE('',*,*,#1802,.T.);
#1949=ORIENTED_EDGE('',*,*,#1808,.T.);
#1950=ORIENTED_EDGE('',*,*,#1814,.T.);
#1951=ORIENTED_EDGE('',*,*,#1820,.T.);
#1952=ORIENTED_EDGE('',*,*,#1826,.T.);
#1953=ORIENTED_EDGE('',*,*,#1832,.T.);
#1954=ORIENTED_EDGE('',*,*,#1838,.T.);
#1955=ORIENTED_EDGE('',*,*,#1844,.T.);
#1956=ORIENTED_EDGE('',*,*,#1850,.T.);
#1957=ORIENTED_EDGE('',*,*,#1856,.T.);
#1958=ORIENTED_EDGE('',*,*,#1862,.T.);
#1959=ORIENTED_EDGE('',*,*,#1868,.T.);
#1960=ORIENTED_EDGE('',*,*,#1874,.T.);
#1961=ORIENTED_EDGE('',*,*,#1880,.T.);
#1962=ORIENTED_EDGE('',*,*,#1886,.T.);
#1963=ORIENTED_EDGE('',*,*,#1892,.T.);
#1964=ORIENTED_EDGE('',*,*,#1898,.T.);
#1965=ORIENTED_EDGE('',*,*,#1904,.T.);
#1966=ORIENTED_EDGE('',*,*,#1910,.T.);
#1967=ORIENTED_EDGE('',*,*,#1916,.T.);
#1968=ORIENTED_EDGE('',*,*,#1922,.T.);
#1969=ORIENTED_EDGE('',*,*,#1928,.T.);
#1970=EDGE_LOOP('',(#1929,#1930,#1931,#1932,#1933,#1934,#1935,#1936,#1937,#1938,#1939,#1940,#1941,#1942,#1943,#1944,#1945,#1946,#1947,#1948,#1949,#1950,#1951,#1952,#1953,#1954,#1955,#1956,#1957,#1958,#1959,#1960,#1961,#1962,#1963,#1964,#1965,#1966,#1967,#1968,#1969));
#1971=FACE_BOUND('',#1970,.T.);
#1973=DIRECTION('',(0.321436,-0.946931,0.000000));
#1972=VECTOR('',#1973,5.146017);
#1975=CARTESIAN_POINT('',(671.7266,-295.7212,-558.0000));
#1974=LINE('',#1975,#1972);
#1977=VERTEX_POINT('',#1975);
#1978=CARTESIAN_POINT('',(673.3807,-300.5941,-558.0000));
#1979=VERTEX_POINT('',#1978);
#1976=EDGE_CURVE('',#1977,#1979,#1974,.T.);
#1981=DIRECTION('',(0.195052,-0.980793,0.000000));
#1980=VECTOR('',#1981,0.457798);
#1982=LINE('',#1978,#1980);
#1984=CARTESIAN_POINT('',(673.4700,-301.0432,-558.0000));
#1985=VERTEX_POINT('',#1984);
#1983=EDGE_CURVE('',#1979,#1985,#1982,.T.);
#1987=DIRECTION('',(0.065457,-0.997855,0.000000));
#1986=VECTOR('',#1987,0.457830);
#1988=LINE('',#1984,#1986);
#1990=CARTESIAN_POINT('',(673.5000,-301.5000,-558.0000));
#1991=VERTEX_POINT('',#1990);
#1989=EDGE_CURVE('',#1985,#1991,#1988,.T.);
#1993=DIRECTION('',(-0.065457,-0.997855,0.000000));
#1992=VECTOR('',#1993,0.457830);
#1994=LINE('',#1990,#1992);
#1996=CARTESIAN_POINT('',(673.4700,-301.9568,-558.0000));
#1997=VERTEX_POINT('',#1996);
#1995=EDGE_CURVE('',#1991,#1997,#1994,.T.);
#1999=DIRECTION('',(-0.195052,-0.980793,0.000000));
#1998=VECTOR('',#1999,0.457798);
#2000=LINE('',#1996,#1998);
#2002=CARTESIAN_POINT('',(673.3807,-302.4059,-558.0000));
#2003=VERTEX_POINT('',#2002);
#2001=EDGE_CURVE('',#1997,#2003,#2000,.T.);
#2005=DIRECTION('',(-0.321422,-0.946936,0.000000));
#2004=VECTOR('',#2005,0.457827);
#2006=LINE('',#2002,#2004);
#2008=CARTESIAN_POINT('',(673.2336,-302.8394,-558.0000));
#2009=VERTEX_POINT('',#2008);
#2007=EDGE_CURVE('',#2003,#2009,#2006,.T.);
#2011=DIRECTION('',(-0.442328,-0.896853,0.000000));
#2010=VECTOR('',#2011,0.457838);
#2012=LINE('',#2008,#2010);
#2014=CARTESIAN_POINT('',(673.0311,-303.2500,-558.0000));
#2015=VERTEX_POINT('',#2014);
#2013=EDGE_CURVE('',#2009,#2015,#2012,.T.);
#2017=DIRECTION('',(-0.555531,-0.831496,0.000000));
#2016=VECTOR('',#2017,0.457821);
#2018=LINE('',#2014,#2016);
#2020=CARTESIAN_POINT('',(672.7767,-303.6307,-558.0000));
#2021=VERTEX_POINT('',#2020);
#2019=EDGE_CURVE('',#2015,#2021,#2018,.T.);
#2023=DIRECTION('',(-0.659368,-0.751821,0.000000));
#2022=VECTOR('',#2023,0.457832);
#2024=LINE('',#2020,#2022);
#2026=CARTESIAN_POINT('',(672.4749,-303.9749,-558.0000));
#2027=VERTEX_POINT('',#2026);
#2025=EDGE_CURVE('',#2021,#2027,#2024,.T.);
#2029=DIRECTION('',(-0.751825,-0.659363,0.000000));
#2028=VECTOR('',#2029,0.457789);
#2030=LINE('',#2026,#2028);
#2032=CARTESIAN_POINT('',(672.1307,-304.2767,-558.0000));
#2033=VERTEX_POINT('',#2032);
#2031=EDGE_CURVE('',#2027,#2033,#2030,.T.);
#2035=DIRECTION('',(-0.831465,-0.555577,0.000000));
#2034=VECTOR('',#2035,0.457838);
#2036=LINE('',#2032,#2034);
#2038=CARTESIAN_POINT('',(671.7500,-304.5311,-558.0000));
#2039=VERTEX_POINT('',#2038);
#2037=EDGE_CURVE('',#2033,#2039,#2036,.T.);
#2041=DIRECTION('',(-0.896867,-0.442301,0.000000));
#2040=VECTOR('',#2041,0.457798);
#2042=LINE('',#2038,#2040);
#2044=CARTESIAN_POINT('',(671.3394,-304.7336,-558.0000));
#2045=VERTEX_POINT('',#2044);
#2043=EDGE_CURVE('',#2039,#2045,#2042,.T.);
#2047=DIRECTION('',(-0.946936,-0.321422,0.000000));
#2046=VECTOR('',#2047,0.457827);
#2048=LINE('',#2044,#2046);
#2050=CARTESIAN_POINT('',(670.9059,-304.8807,-558.0000));
#2051=VERTEX_POINT('',#2050);
#2049=EDGE_CURVE('',#2045,#2051,#2048,.T.);
#2053=DIRECTION('',(-0.980783,-0.195103,0.000000));
#2052=VECTOR('',#2053,0.457834);
#2054=LINE('',#2050,#2052);
#2056=CARTESIAN_POINT('',(670.4568,-304.9701,-558.0000));
#2057=VERTEX_POINT('',#2056);
#2055=EDGE_CURVE('',#2051,#2057,#2054,.T.);
#2059=DIRECTION('',(-0.997860,-0.065393,0.000000));
#2058=VECTOR('',#2059,2.562553);
#2060=LINE('',#2056,#2058);
#2062=CARTESIAN_POINT('',(667.8998,-305.1376,-558.0000));
#2063=VERTEX_POINT('',#2062);
#2061=EDGE_CURVE('',#2057,#2063,#2060,.T.);
#2065=DIRECTION('',(-0.442286,0.896874,0.000000));
#2064=VECTOR('',#2065,2.562509);
#2066=LINE('',#2062,#2064);
#2068=CARTESIAN_POINT('',(666.7664,-302.8394,-558.0000));
#2069=VERTEX_POINT('',#2068);
#2067=EDGE_CURVE('',#2063,#2069,#2066,.T.);
#2071=DIRECTION('',(-0.321422,0.946936,0.000000));
#2070=VECTOR('',#2071,0.457827);
#2072=LINE('',#2068,#2070);
#2074=CARTESIAN_POINT('',(666.6193,-302.4059,-558.0000));
#2075=VERTEX_POINT('',#2074);
#2073=EDGE_CURVE('',#2069,#2075,#2072,.T.);
#2077=DIRECTION('',(-0.195052,0.980793,0.000000));
#2076=VECTOR('',#2077,0.457798);
#2078=LINE('',#2074,#2076);
#2080=CARTESIAN_POINT('',(666.5300,-301.9568,-558.0000));
#2081=VERTEX_POINT('',#2080);
#2079=EDGE_CURVE('',#2075,#2081,#2078,.T.);
#2083=DIRECTION('',(-0.065457,0.997855,0.000000));
#2082=VECTOR('',#2083,0.457830);
#2084=LINE('',#2080,#2082);
#2086=CARTESIAN_POINT('',(666.5000,-301.5000,-558.0000));
#2087=VERTEX_POINT('',#2086);
#2085=EDGE_CURVE('',#2081,#2087,#2084,.T.);
#2089=DIRECTION('',(0.065457,0.997855,0.000000));
#2088=VECTOR('',#2089,0.457830);
#2090=LINE('',#2086,#2088);
#2092=CARTESIAN_POINT('',(666.5300,-301.0432,-558.0000));
#2093=VERTEX_POINT('',#2092);
#2091=EDGE_CURVE('',#2087,#2093,#2090,.T.);
#2095=DIRECTION('',(0.195052,0.980793,0.000000));
#2094=VECTOR('',#2095,0.457798);
#2096=LINE('',#2092,#2094);
#2098=CARTESIAN_POINT('',(666.6193,-300.5941,-558.0000));
#2099=VERTEX_POINT('',#2098);
#2097=EDGE_CURVE('',#2093,#2099,#2096,.T.);
#2101=DIRECTION('',(0.321422,0.946936,0.000000));
#2100=VECTOR('',#2101,0.457827);
#2102=LINE('',#2098,#2100);
#2104=CARTESIAN_POINT('',(666.7664,-300.1606,-558.0000));
#2105=VERTEX_POINT('',#2104);
#2103=EDGE_CURVE('',#2099,#2105,#2102,.T.);
#2107=DIRECTION('',(0.442328,0.896853,0.000000));
#2106=VECTOR('',#2107,0.457838);
#2108=LINE('',#2104,#2106);
#2110=CARTESIAN_POINT('',(666.9689,-299.7500,-558.0000));
#2111=VERTEX_POINT('',#2110);
#2109=EDGE_CURVE('',#2105,#2111,#2108,.T.);
#2113=DIRECTION('',(0.555531,0.831496,0.000000));
#2112=VECTOR('',#2113,0.457821);
#2114=LINE('',#2110,#2112);
#2116=CARTESIAN_POINT('',(667.2233,-299.3693,-558.0000));
#2117=VERTEX_POINT('',#2116);
#2115=EDGE_CURVE('',#2111,#2117,#2114,.T.);
#2119=DIRECTION('',(0.659368,0.751821,0.000000));
#2118=VECTOR('',#2119,0.457832);
#2120=LINE('',#2116,#2118);
#2122=CARTESIAN_POINT('',(667.5251,-299.0251,-558.0000));
#2123=VERTEX_POINT('',#2122);
#2121=EDGE_CURVE('',#2117,#2123,#2120,.T.);
#2125=DIRECTION('',(0.751825,0.659363,0.000000));
#2124=VECTOR('',#2125,0.457789);
#2126=LINE('',#2122,#2124);
#2128=CARTESIAN_POINT('',(667.8693,-298.7233,-558.0000));
#2129=VERTEX_POINT('',#2128);
#2127=EDGE_CURVE('',#2123,#2129,#2126,.T.);
#2131=DIRECTION('',(0.831465,0.555577,0.000000));
#2130=VECTOR('',#2131,0.457838);
#2132=LINE('',#2128,#2130);
#2134=CARTESIAN_POINT('',(668.2500,-298.4689,-558.0000));
#2135=VERTEX_POINT('',#2134);
#2133=EDGE_CURVE('',#2129,#2135,#2132,.T.);
#2137=DIRECTION('',(0.896867,0.442301,0.000000));
#2136=VECTOR('',#2137,0.457798);
#2138=LINE('',#2134,#2136);
#2140=CARTESIAN_POINT('',(668.6606,-298.2664,-558.0000));
#2141=VERTEX_POINT('',#2140);
#2139=EDGE_CURVE('',#2135,#2141,#2138,.T.);
#2143=DIRECTION('',(0.946936,0.321422,0.000000));
#2142=VECTOR('',#2143,0.457827);
#2144=LINE('',#2140,#2142);
#2146=CARTESIAN_POINT('',(669.0941,-298.1193,-558.0000));
#2147=VERTEX_POINT('',#2146);
#2145=EDGE_CURVE('',#2141,#2147,#2144,.T.);
#2149=DIRECTION('',(0.980783,0.195103,0.000000));
#2148=VECTOR('',#2149,0.457834);
#2150=LINE('',#2146,#2148);
#2152=CARTESIAN_POINT('',(669.5432,-298.0299,-558.0000));
#2153=VERTEX_POINT('',#2152);
#2151=EDGE_CURVE('',#2147,#2153,#2150,.T.);
#2155=DIRECTION('',(0.997860,0.065391,0.000000));
#2154=VECTOR('',#2155,0.457828);
#2156=LINE('',#2152,#2154);
#2158=CARTESIAN_POINT('',(670.0000,-298.0000,-558.0000));
#2159=VERTEX_POINT('',#2158);
#2157=EDGE_CURVE('',#2153,#2159,#2156,.T.);
#2161=DIRECTION('',(0.997860,-0.065391,0.000000));
#2160=VECTOR('',#2161,0.457828);
#2162=LINE('',#2158,#2160);
#2164=CARTESIAN_POINT('',(670.4568,-298.0299,-558.0000));
#2165=VERTEX_POINT('',#2164);
#2163=EDGE_CURVE('',#2159,#2165,#2162,.T.);
#2167=DIRECTION('',(0.980783,-0.195103,0.000000));
#2166=VECTOR('',#2167,0.457834);
#2168=LINE('',#2164,#2166);
#2170=CARTESIAN_POINT('',(670.9059,-298.1193,-558.0000));
#2171=VERTEX_POINT('',#2170);
#2169=EDGE_CURVE('',#2165,#2171,#2168,.T.);
#2173=DIRECTION('',(0.946936,-0.321422,0.000000));
#2172=VECTOR('',#2173,0.457827);
#2174=LINE('',#2170,#2172);
#2176=CARTESIAN_POINT('',(671.3394,-298.2664,-558.0000));
#2177=VERTEX_POINT('',#2176);
#2175=EDGE_CURVE('',#2171,#2177,#2174,.T.);
#2179=DIRECTION('',(0.896867,-0.442301,0.000000));
#2178=VECTOR('',#2179,0.457798);
#2180=LINE('',#2176,#2178);
#2182=CARTESIAN_POINT('',(671.7500,-298.4689,-558.0000));
#2183=VERTEX_POINT('',#2182);
#2181=EDGE_CURVE('',#2177,#2183,#2180,.T.);
#2185=DIRECTION('',(0.831465,-0.555577,0.000000));
#2184=VECTOR('',#2185,0.457838);
#2186=LINE('',#2182,#2184);
#2188=CARTESIAN_POINT('',(672.1307,-298.7233,-558.0000));
#2189=VERTEX_POINT('',#2188);
#2187=EDGE_CURVE('',#2183,#2189,#2186,.T.);
#2191=DIRECTION('',(0.751825,-0.659363,0.000000));
#2190=VECTOR('',#2191,0.457789);
#2192=LINE('',#2188,#2190);
#2194=CARTESIAN_POINT('',(672.4749,-299.0251,-558.0000));
#2195=VERTEX_POINT('',#2194);
#2193=EDGE_CURVE('',#2189,#2195,#2192,.T.);
#2197=DIRECTION('',(0.659368,-0.751821,0.000000));
#2196=VECTOR('',#2197,0.457832);
#2198=LINE('',#2194,#2196);
#2200=CARTESIAN_POINT('',(672.7767,-299.3693,-558.0000));
#2201=VERTEX_POINT('',#2200);
#2199=EDGE_CURVE('',#2195,#2201,#2198,.T.);
#2203=DIRECTION('',(0.555531,-0.831496,0.000000));
#2202=VECTOR('',#2203,0.457821);
#2204=LINE('',#2200,#2202);
#2206=CARTESIAN_POINT('',(673.0311,-299.7500,-558.0000));
#2207=VERTEX_POINT('',#2206);
#2205=EDGE_CURVE('',#2201,#2207,#2204,.T.);
#2209=DIRECTION('',(0.442328,-0.896853,0.000000));
#2208=VECTOR('',#2209,0.457838);
#2210=LINE('',#2206,#2208);
#2212=CARTESIAN_POINT('',(673.2336,-300.1606,-558.0000));
#2213=VERTEX_POINT('',#2212);
#2211=EDGE_CURVE('',#2207,#2213,#2210,.T.);
#2215=DIRECTION('',(-0.321437,0.946931,0.000000));
#2214=VECTOR('',#2215,4.688190);
#2216=LINE('',#2212,#2214);
#2217=EDGE_CURVE('',#2213,#1977,#2216,.T.);
#2218=ORIENTED_EDGE('',*,*,#1976,.T.);
#2219=ORIENTED_EDGE('',*,*,#1983,.T.);
#2220=ORIENTED_EDGE('',*,*,#1989,.T.);
#2221=ORIENTED_EDGE('',*,*,#1995,.T.);
#2222=ORIENTED_EDGE('',*,*,#2001,.T.);
#2223=ORIENTED_EDGE('',*,*,#2007,.T.);
#2224=ORIENTED_EDGE('',*,*,#2013,.T.);
#2225=ORIENTED_EDGE('',*,*,#2019,.T.);
#2226=ORIENTED_EDGE('',*,*,#2025,.T.);
#2227=ORIENTED_EDGE('',*,*,#2031,.T.);
#2228=ORIENTED_EDGE('',*,*,#2037,.T.);
#2229=ORIENTED_EDGE('',*,*,#2043,.T.);
#2230=ORIENTED_EDGE('',*,*,#2049,.T.);
#2231=ORIENTED_EDGE('',*,*,#2055,.T.);
#2232=ORIENTED_EDGE('',*,*,#2061,.T.);
#2233=ORIENTED_EDGE('',*,*,#2067,.T.);
#2234=ORIENTED_EDGE('',*,*,#2073,.T.);
#2235=ORIENTED_EDGE('',*,*,#2079,.T.);
#2236=ORIENTED_EDGE('',*,*,#2085,.T.);
#2237=ORIENTED_EDGE('',*,*,#2091,.T.);
#2238=ORIENTED_EDGE('',*,*,#2097,.T.);
#2239=ORIENTED_EDGE('',*,*,#2103,.T.);
#2240=ORIENTED_EDGE('',*,*,#2109,.T.);
#2241=ORIENTED_EDGE('',*,*,#2115,.T.);
#2242=ORIENTED_EDGE('',*,*,#2121,.T.);
#2243=ORIENTED_EDGE('',*,*,#2127,.T.);
#2244=ORIENTED_EDGE('',*,*,#2133,.T.);
#2245=ORIENTED_EDGE('',*,*,#2139,.T.);
#2246=ORIENTED_EDGE('',*,*,#2145,.T.);
#2247=ORIENTED_EDGE('',*,*,#2151,.T.);
#2248=ORIENTED_EDGE('',*,*,#2157,.T.);
#2249=ORIENTED_EDGE('',*,*,#2163,.T.);
#2250=ORIENTED_EDGE('',*,*,#2169,.T.);
#2251=ORIENTED_EDGE('',*,*,#2175,.T.);
#2252=ORIENTED_EDGE('',*,*,#2181,.T.);
#2253=ORIENTED_EDGE('',*,*,#2187,.T.);
#2254=ORIENTED_EDGE('',*,*,#2193,.T.);
#2255=ORIENTED_EDGE('',*,*,#2199,.T.);
#2256=ORIENTED_EDGE('',*,*,#2205,.T.);
#2257=ORIENTED_EDGE('',*,*,#2211,.T.);
#2258=ORIENTED_EDGE('',*,*,#2217,.T.);
#2259=EDGE_LOOP('',(#2218,#2219,#2220,#2221,#2222,#2223,#2224,#2225,#2226,#2227,#2228,#2229,#2230,#2231,#2232,#2233,#2234,#2235,#2236,#2237,#2238,#2239,#2240,#2241,#2242,#2243,#2244,#2245,#2246,#2247,#2248,#2249,#2250,#2251,#2252,#2253,#2254,#2255,#2256,#2257,#2258));
#2260=FACE_BOUND('',#2259,.T.);
#2262=DIRECTION('',(0.442277,-0.896879,0.000000));
#2261=VECTOR('',#2262,2.104671);
#2264=CARTESIAN_POINT('',(666.9689,-303.2500,-558.0000));
#2263=LINE('',#2264,#2261);
#2266=VERTEX_POINT('',#2264);
#2265=EDGE_CURVE('',#2266,#2063,#2263,.T.);
#2268=DIRECTION('',(0.997859,0.065399,0.000000));
#2267=VECTOR('',#2268,0.611294);
#2269=LINE('',#2062,#2267);
#2271=CARTESIAN_POINT('',(668.5098,-305.0977,-558.0000));
#2272=VERTEX_POINT('',#2271);
#2270=EDGE_CURVE('',#2063,#2272,#2269,.T.);
#2274=DIRECTION('',(-0.659344,0.751842,0.000000));
#2273=VECTOR('',#2274,1.951182);
#2275=LINE('',#2271,#2273);
#2277=CARTESIAN_POINT('',(667.2233,-303.6307,-558.0000));
#2278=VERTEX_POINT('',#2277);
#2276=EDGE_CURVE('',#2272,#2278,#2275,.T.);
#2280=DIRECTION('',(-0.555531,0.831496,0.000000));
#2279=VECTOR('',#2280,0.457821);
#2281=LINE('',#2277,#2279);
#2282=EDGE_CURVE('',#2278,#2266,#2281,.T.);
#2283=ORIENTED_EDGE('',*,*,#2265,.T.);
#2284=ORIENTED_EDGE('',*,*,#2270,.T.);
#2285=ORIENTED_EDGE('',*,*,#2276,.T.);
#2286=ORIENTED_EDGE('',*,*,#2282,.T.);
#2287=EDGE_LOOP('',(#2283,#2284,#2285,#2286));
#2288=FACE_BOUND('',#2287,.T.);
#2290=DIRECTION('',(0.442277,-0.896879,0.000000));
#2289=VECTOR('',#2290,2.104671);
#2292=CARTESIAN_POINT('',(703.4689,-303.2500,-558.0000));
#2291=LINE('',#2292,#2289);
#2294=VERTEX_POINT('',#2292);
#2295=CARTESIAN_POINT('',(704.3998,-305.1376,-558.0000));
#2296=VERTEX_POINT('',#2295);
#2293=EDGE_CURVE('',#2294,#2296,#2291,.T.);
#2298=DIRECTION('',(0.997859,0.065399,0.000000));
#2297=VECTOR('',#2298,0.611294);
#2299=LINE('',#2295,#2297);
#2301=CARTESIAN_POINT('',(705.0098,-305.0977,-558.0000));
#2302=VERTEX_POINT('',#2301);
#2300=EDGE_CURVE('',#2296,#2302,#2299,.T.);
#2304=DIRECTION('',(-0.659344,0.751842,0.000000));
#2303=VECTOR('',#2304,1.951182);
#2305=LINE('',#2301,#2303);
#2307=CARTESIAN_POINT('',(703.7233,-303.6307,-558.0000));
#2308=VERTEX_POINT('',#2307);
#2306=EDGE_CURVE('',#2302,#2308,#2305,.T.);
#2310=DIRECTION('',(-0.555531,0.831496,0.000000));
#2309=VECTOR('',#2310,0.457821);
#2311=LINE('',#2307,#2309);
#2312=EDGE_CURVE('',#2308,#2294,#2311,.T.);
#2313=ORIENTED_EDGE('',*,*,#2293,.T.);
#2314=ORIENTED_EDGE('',*,*,#2300,.T.);
#2315=ORIENTED_EDGE('',*,*,#2306,.T.);
#2316=ORIENTED_EDGE('',*,*,#2312,.T.);
#2317=EDGE_LOOP('',(#2313,#2314,#2315,#2316));
#2318=FACE_BOUND('',#2317,.T.);
#2320=DIRECTION('',(0.442277,-0.896879,0.000000));
#2319=VECTOR('',#2320,2.104671);
#2322=CARTESIAN_POINT('',(739.9689,-303.2500,-558.0000));
#2321=LINE('',#2322,#2319);
#2324=VERTEX_POINT('',#2322);
#2325=CARTESIAN_POINT('',(740.8998,-305.1376,-558.0000));
#2326=VERTEX_POINT('',#2325);
#2323=EDGE_CURVE('',#2324,#2326,#2321,.T.);
#2328=DIRECTION('',(0.997859,0.065399,0.000000));
#2327=VECTOR('',#2328,0.611294);
#2329=LINE('',#2325,#2327);
#2331=CARTESIAN_POINT('',(741.5098,-305.0977,-558.0000));
#2332=VERTEX_POINT('',#2331);
#2330=EDGE_CURVE('',#2326,#2332,#2329,.T.);
#2334=DIRECTION('',(-0.659344,0.751842,0.000000));
#2333=VECTOR('',#2334,1.951182);
#2335=LINE('',#2331,#2333);
#2337=CARTESIAN_POINT('',(740.2233,-303.6307,-558.0000));
#2338=VERTEX_POINT('',#2337);
#2336=EDGE_CURVE('',#2332,#2338,#2335,.T.);
#2340=DIRECTION('',(-0.555531,0.831496,0.000000));
#2339=VECTOR('',#2340,0.457821);
#2341=LINE('',#2337,#2339);
#2342=EDGE_CURVE('',#2338,#2324,#2341,.T.);
#2343=ORIENTED_EDGE('',*,*,#2323,.T.);
#2344=ORIENTED_EDGE('',*,*,#2330,.T.);
#2345=ORIENTED_EDGE('',*,*,#2336,.T.);
#2346=ORIENTED_EDGE('',*,*,#2342,.T.);
#2347=EDGE_LOOP('',(#2343,#2344,#2345,#2346));
#2348=FACE_BOUND('',#2347,.T.);
#2350=DIRECTION('',(0.442277,-0.896879,0.000000));
#2349=VECTOR('',#2350,2.104671);
#2352=CARTESIAN_POINT('',(739.9689,285.7500,-558.0000));
#2351=LINE('',#2352,#2349);
#2354=VERTEX_POINT('',#2352);
#2355=CARTESIAN_POINT('',(740.8998,283.8624,-558.0000));
#2356=VERTEX_POINT('',#2355);
#2353=EDGE_CURVE('',#2354,#2356,#2351,.T.);
#2358=DIRECTION('',(0.997859,0.065399,0.000000));
#2357=VECTOR('',#2358,0.611294);
#2359=LINE('',#2355,#2357);
#2361=CARTESIAN_POINT('',(741.5098,283.9023,-558.0000));
#2362=VERTEX_POINT('',#2361);
#2360=EDGE_CURVE('',#2356,#2362,#2359,.T.);
#2364=DIRECTION('',(-0.659344,0.751842,0.000000));
#2363=VECTOR('',#2364,1.951182);
#2365=LINE('',#2361,#2363);
#2367=CARTESIAN_POINT('',(740.2233,285.3693,-558.0000));
#2368=VERTEX_POINT('',#2367);
#2366=EDGE_CURVE('',#2362,#2368,#2365,.T.);
#2370=DIRECTION('',(-0.555531,0.831496,0.000000));
#2369=VECTOR('',#2370,0.457821);
#2371=LINE('',#2367,#2369);
#2372=EDGE_CURVE('',#2368,#2354,#2371,.T.);
#2373=ORIENTED_EDGE('',*,*,#2353,.T.);
#2374=ORIENTED_EDGE('',*,*,#2360,.T.);
#2375=ORIENTED_EDGE('',*,*,#2366,.T.);
#2376=ORIENTED_EDGE('',*,*,#2372,.T.);
#2377=EDGE_LOOP('',(#2373,#2374,#2375,#2376));
#2378=FACE_BOUND('',#2377,.T.);
#2380=DIRECTION('',(0.442277,-0.896879,0.000000));
#2379=VECTOR('',#2380,2.104671);
#2382=CARTESIAN_POINT('',(703.4689,285.7500,-558.0000));
#2381=LINE('',#2382,#2379);
#2384=VERTEX_POINT('',#2382);
#2385=CARTESIAN_POINT('',(704.3998,283.8624,-558.0000));
#2386=VERTEX_POINT('',#2385);
#2383=EDGE_CURVE('',#2384,#2386,#2381,.T.);
#2388=DIRECTION('',(0.997859,0.065399,0.000000));
#2387=VECTOR('',#2388,0.611294);
#2389=LINE('',#2385,#2387);
#2391=CARTESIAN_POINT('',(705.0098,283.9023,-558.0000));
#2392=VERTEX_POINT('',#2391);
#2390=EDGE_CURVE('',#2386,#2392,#2389,.T.);
#2394=DIRECTION('',(-0.659344,0.751842,0.000000));
#2393=VECTOR('',#2394,1.951182);
#2395=LINE('',#2391,#2393);
#2397=CARTESIAN_POINT('',(703.7233,285.3693,-558.0000));
#2398=VERTEX_POINT('',#2397);
#2396=EDGE_CURVE('',#2392,#2398,#2395,.T.);
#2400=DIRECTION('',(-0.555531,0.831496,0.000000));
#2399=VECTOR('',#2400,0.457821);
#2401=LINE('',#2397,#2399);
#2402=EDGE_CURVE('',#2398,#2384,#2401,.T.);
#2403=ORIENTED_EDGE('',*,*,#2383,.T.);
#2404=ORIENTED_EDGE('',*,*,#2390,.T.);
#2405=ORIENTED_EDGE('',*,*,#2396,.T.);
#2406=ORIENTED_EDGE('',*,*,#2402,.T.);
#2407=EDGE_LOOP('',(#2403,#2404,#2405,#2406));
#2408=FACE_BOUND('',#2407,.T.);
#2410=DIRECTION('',(0.442277,-0.896879,0.000000));
#2409=VECTOR('',#2410,2.104671);
#2412=CARTESIAN_POINT('',(666.9689,285.7500,-558.0000));
#2411=LINE('',#2412,#2409);
#2414=VERTEX_POINT('',#2412);
#2413=EDGE_CURVE('',#2414,#1774,#2411,.T.);
#2416=DIRECTION('',(0.997859,0.065399,0.000000));
#2415=VECTOR('',#2416,0.611294);
#2417=LINE('',#1773,#2415);
#2419=CARTESIAN_POINT('',(668.5098,283.9023,-558.0000));
#2420=VERTEX_POINT('',#2419);
#2418=EDGE_CURVE('',#1774,#2420,#2417,.T.);
#2422=DIRECTION('',(-0.659344,0.751842,0.000000));
#2421=VECTOR('',#2422,1.951182);
#2423=LINE('',#2419,#2421);
#2425=CARTESIAN_POINT('',(667.2233,285.3693,-558.0000));
#2426=VERTEX_POINT('',#2425);
#2424=EDGE_CURVE('',#2420,#2426,#2423,.T.);
#2428=DIRECTION('',(-0.555531,0.831496,0.000000));
#2427=VECTOR('',#2428,0.457821);
#2429=LINE('',#2425,#2427);
#2430=EDGE_CURVE('',#2426,#2414,#2429,.T.);
#2431=ORIENTED_EDGE('',*,*,#2413,.T.);
#2432=ORIENTED_EDGE('',*,*,#2418,.T.);
#2433=ORIENTED_EDGE('',*,*,#2424,.T.);
#2434=ORIENTED_EDGE('',*,*,#2430,.T.);
#2435=EDGE_LOOP('',(#2431,#2432,#2433,#2434));
#2436=FACE_BOUND('',#2435,.T.);
#2438=DIRECTION('',(0.321441,-0.946930,0.000000));
#2437=VECTOR('',#2438,2.450966);
#2440=CARTESIAN_POINT('',(703.2664,-302.8394,-558.0000));
#2439=LINE('',#2440,#2437);
#2442=VERTEX_POINT('',#2440);
#2441=EDGE_CURVE('',#2442,#935,#2439,.T.);
#2444=DIRECTION('',(0.997859,0.065396,0.000000));
#2443=VECTOR('',#2444,0.346261);
#2445=LINE('',#934,#2443);
#2446=EDGE_CURVE('',#935,#2296,#2445,.T.);
#2448=DIRECTION('',(-0.442286,0.896874,0.000000));
#2447=VECTOR('',#2448,2.562509);
#2449=LINE('',#2295,#2447);
#2450=EDGE_CURVE('',#2296,#2442,#2449,.T.);
#2451=ORIENTED_EDGE('',*,*,#2441,.T.);
#2452=ORIENTED_EDGE('',*,*,#2446,.T.);
#2453=ORIENTED_EDGE('',*,*,#2450,.T.);
#2454=EDGE_LOOP('',(#2451,#2452,#2453));
#2455=FACE_BOUND('',#2454,.T.);
#2457=DIRECTION('',(0.321441,-0.946930,0.000000));
#2456=VECTOR('',#2457,2.450966);
#2459=CARTESIAN_POINT('',(739.7664,-302.8394,-558.0000));
#2458=LINE('',#2459,#2456);
#2461=VERTEX_POINT('',#2459);
#2460=EDGE_CURVE('',#2461,#213,#2458,.T.);
#2463=DIRECTION('',(0.997859,0.065396,0.000000));
#2462=VECTOR('',#2463,0.346261);
#2464=LINE('',#212,#2462);
#2465=EDGE_CURVE('',#213,#2326,#2464,.T.);
#2467=DIRECTION('',(-0.442286,0.896874,0.000000));
#2466=VECTOR('',#2467,2.562509);
#2468=LINE('',#2325,#2466);
#2469=EDGE_CURVE('',#2326,#2461,#2468,.T.);
#2470=ORIENTED_EDGE('',*,*,#2460,.T.);
#2471=ORIENTED_EDGE('',*,*,#2465,.T.);
#2472=ORIENTED_EDGE('',*,*,#2469,.T.);
#2473=EDGE_LOOP('',(#2470,#2471,#2472));
#2474=FACE_BOUND('',#2473,.T.);
#2476=DIRECTION('',(0.321441,-0.946930,0.000000));
#2475=VECTOR('',#2476,2.450966);
#2478=CARTESIAN_POINT('',(739.7664,286.1606,-558.0000));
#2477=LINE('',#2478,#2475);
#2480=VERTEX_POINT('',#2478);
#2479=EDGE_CURVE('',#2480,#1413,#2477,.T.);
#2482=DIRECTION('',(0.997859,0.065396,0.000000));
#2481=VECTOR('',#2482,0.346261);
#2483=LINE('',#1411,#2481);
#2484=EDGE_CURVE('',#1413,#2356,#2483,.T.);
#2486=DIRECTION('',(-0.442286,0.896874,0.000000));
#2485=VECTOR('',#2486,2.562509);
#2487=LINE('',#2355,#2485);
#2488=EDGE_CURVE('',#2356,#2480,#2487,.T.);
#2489=ORIENTED_EDGE('',*,*,#2479,.T.);
#2490=ORIENTED_EDGE('',*,*,#2484,.T.);
#2491=ORIENTED_EDGE('',*,*,#2488,.T.);
#2492=EDGE_LOOP('',(#2489,#2490,#2491));
#2493=FACE_BOUND('',#2492,.T.);
#2495=DIRECTION('',(0.321441,-0.946930,0.000000));
#2494=VECTOR('',#2495,2.450966);
#2497=CARTESIAN_POINT('',(703.2664,286.1606,-558.0000));
#2496=LINE('',#2497,#2494);
#2499=VERTEX_POINT('',#2497);
#2498=EDGE_CURVE('',#2499,#1217,#2496,.T.);
#2501=DIRECTION('',(0.997859,0.065396,0.000000));
#2500=VECTOR('',#2501,0.346261);
#2502=LINE('',#1216,#2500);
#2503=EDGE_CURVE('',#1217,#2386,#2502,.T.);
#2505=DIRECTION('',(-0.442286,0.896874,0.000000));
#2504=VECTOR('',#2505,2.562509);
#2506=LINE('',#2385,#2504);
#2507=EDGE_CURVE('',#2386,#2499,#2506,.T.);
#2508=ORIENTED_EDGE('',*,*,#2498,.T.);
#2509=ORIENTED_EDGE('',*,*,#2503,.T.);
#2510=ORIENTED_EDGE('',*,*,#2507,.T.);
#2511=EDGE_LOOP('',(#2508,#2509,#2510));
#2512=FACE_BOUND('',#2511,.T.);
#2514=DIRECTION('',(0.659356,-0.751831,0.000000));
#2513=VECTOR('',#2514,1.706765);
#2516=CARTESIAN_POINT('',(687.1716,-2.8284,-558.0000));
#2515=LINE('',#2516,#2513);
#2518=VERTEX_POINT('',#2516);
#2517=EDGE_CURVE('',#2518,#511,#2515,.T.);
#2520=DIRECTION('',(0.997859,0.065404,0.000000));
#2519=VECTOR('',#2520,0.613435);
#2521=LINE('',#509,#2519);
#2523=CARTESIAN_POINT('',(688.9091,-4.0715,-558.0000));
#2524=VERTEX_POINT('',#2523);
#2522=EDGE_CURVE('',#511,#2524,#2521,.T.);
#2526=DIRECTION('',(-0.831475,0.555563,0.000000));
#2525=VECTOR('',#2526,1.616545);
#2527=LINE('',#2523,#2525);
#2529=CARTESIAN_POINT('',(687.5649,-3.1734,-558.0000));
#2530=VERTEX_POINT('',#2529);
#2528=EDGE_CURVE('',#2524,#2530,#2527,.T.);
#2532=DIRECTION('',(-0.751833,0.659354,0.000000));
#2531=VECTOR('',#2532,0.523217);
#2533=LINE('',#2529,#2531);
#2534=EDGE_CURVE('',#2530,#2518,#2533,.T.);
#2535=ORIENTED_EDGE('',*,*,#2517,.T.);
#2536=ORIENTED_EDGE('',*,*,#2522,.T.);
#2537=ORIENTED_EDGE('',*,*,#2528,.T.);
#2538=ORIENTED_EDGE('',*,*,#2534,.T.);
#2539=EDGE_LOOP('',(#2535,#2536,#2537,#2538));
#2540=FACE_BOUND('',#2539,.T.);
#2542=DIRECTION('',(0.659336,-0.751848,0.000000));
#2541=VECTOR('',#2542,1.493349);
#2544=CARTESIAN_POINT('',(667.5251,-303.9749,-558.0000));
#2543=LINE('',#2544,#2541);
#2546=VERTEX_POINT('',#2544);
#2545=EDGE_CURVE('',#2546,#2272,#2543,.T.);
#2548=DIRECTION('',(0.997861,0.065378,0.000000));
#2547=VECTOR('',#2548,0.786534);
#2549=LINE('',#2271,#2547);
#2551=CARTESIAN_POINT('',(669.2946,-305.0462,-558.0000));
#2552=VERTEX_POINT('',#2551);
#2550=EDGE_CURVE('',#2272,#2552,#2549,.T.);
#2554=DIRECTION('',(-0.896877,0.442281,0.000000));
#2553=VECTOR('',#2554,1.164727);
#2555=LINE('',#2551,#2553);
#2557=CARTESIAN_POINT('',(668.2500,-304.5311,-558.0000));
#2558=VERTEX_POINT('',#2557);
#2556=EDGE_CURVE('',#2552,#2558,#2555,.T.);
#2560=DIRECTION('',(-0.831465,0.555577,0.000000));
#2559=VECTOR('',#2560,0.457838);
#2561=LINE('',#2557,#2559);
#2563=CARTESIAN_POINT('',(667.8693,-304.2767,-558.0000));
#2564=VERTEX_POINT('',#2563);
#2562=EDGE_CURVE('',#2558,#2564,#2561,.T.);
#2566=DIRECTION('',(-0.751825,0.659363,0.000000));
#2565=VECTOR('',#2566,0.457789);
#2567=LINE('',#2563,#2565);
#2568=EDGE_CURVE('',#2564,#2546,#2567,.T.);
#2569=ORIENTED_EDGE('',*,*,#2545,.T.);
#2570=ORIENTED_EDGE('',*,*,#2550,.T.);
#2571=ORIENTED_EDGE('',*,*,#2556,.T.);
#2572=ORIENTED_EDGE('',*,*,#2562,.T.);
#2573=ORIENTED_EDGE('',*,*,#2568,.T.);
#2574=EDGE_LOOP('',(#2569,#2570,#2571,#2572,#2573));
#2575=FACE_BOUND('',#2574,.T.);
#2577=DIRECTION('',(0.659336,-0.751848,0.000000));
#2576=VECTOR('',#2577,1.493349);
#2579=CARTESIAN_POINT('',(704.0251,-303.9749,-558.0000));
#2578=LINE('',#2579,#2576);
#2581=VERTEX_POINT('',#2579);
#2580=EDGE_CURVE('',#2581,#2302,#2578,.T.);
#2583=DIRECTION('',(0.997861,0.065378,0.000000));
#2582=VECTOR('',#2583,0.786534);
#2584=LINE('',#2301,#2582);
#2586=CARTESIAN_POINT('',(705.7946,-305.0462,-558.0000));
#2587=VERTEX_POINT('',#2586);
#2585=EDGE_CURVE('',#2302,#2587,#2584,.T.);
#2589=DIRECTION('',(-0.896877,0.442281,0.000000));
#2588=VECTOR('',#2589,1.164727);
#2590=LINE('',#2586,#2588);
#2592=CARTESIAN_POINT('',(704.7500,-304.5311,-558.0000));
#2593=VERTEX_POINT('',#2592);
#2591=EDGE_CURVE('',#2587,#2593,#2590,.T.);
#2595=DIRECTION('',(-0.831465,0.555577,0.000000));
#2594=VECTOR('',#2595,0.457838);
#2596=LINE('',#2592,#2594);
#2598=CARTESIAN_POINT('',(704.3693,-304.2767,-558.0000));
#2599=VERTEX_POINT('',#2598);
#2597=EDGE_CURVE('',#2593,#2599,#2596,.T.);
#2601=DIRECTION('',(-0.751825,0.659363,0.000000));
#2600=VECTOR('',#2601,0.457789);
#2602=LINE('',#2598,#2600);
#2603=EDGE_CURVE('',#2599,#2581,#2602,.T.);
#2604=ORIENTED_EDGE('',*,*,#2580,.T.);
#2605=ORIENTED_EDGE('',*,*,#2585,.T.);
#2606=ORIENTED_EDGE('',*,*,#2591,.T.);
#2607=ORIENTED_EDGE('',*,*,#2597,.T.);
#2608=ORIENTED_EDGE('',*,*,#2603,.T.);
#2609=EDGE_LOOP('',(#2604,#2605,#2606,#2607,#2608));
#2610=FACE_BOUND('',#2609,.T.);
#2612=DIRECTION('',(0.659336,-0.751848,0.000000));
#2611=VECTOR('',#2612,1.493349);
#2614=CARTESIAN_POINT('',(740.5251,-303.9749,-558.0000));
#2613=LINE('',#2614,#2611);
#2616=VERTEX_POINT('',#2614);
#2615=EDGE_CURVE('',#2616,#2332,#2613,.T.);
#2618=DIRECTION('',(0.997861,0.065378,0.000000));
#2617=VECTOR('',#2618,0.786534);
#2619=LINE('',#2331,#2617);
#2621=CARTESIAN_POINT('',(742.2946,-305.0462,-558.0000));
#2622=VERTEX_POINT('',#2621);
#2620=EDGE_CURVE('',#2332,#2622,#2619,.T.);
#2624=DIRECTION('',(-0.896877,0.442281,0.000000));
#2623=VECTOR('',#2624,1.164727);
#2625=LINE('',#2621,#2623);
#2627=CARTESIAN_POINT('',(741.2500,-304.5311,-558.0000));
#2628=VERTEX_POINT('',#2627);
#2626=EDGE_CURVE('',#2622,#2628,#2625,.T.);
#2630=DIRECTION('',(-0.831465,0.555577,0.000000));
#2629=VECTOR('',#2630,0.457838);
#2631=LINE('',#2627,#2629);
#2633=CARTESIAN_POINT('',(740.8693,-304.2767,-558.0000));
#2634=VERTEX_POINT('',#2633);
#2632=EDGE_CURVE('',#2628,#2634,#2631,.T.);
#2636=DIRECTION('',(-0.751825,0.659363,0.000000));
#2635=VECTOR('',#2636,0.457789);
#2637=LINE('',#2633,#2635);
#2638=EDGE_CURVE('',#2634,#2616,#2637,.T.);
#2639=ORIENTED_EDGE('',*,*,#2615,.T.);
#2640=ORIENTED_EDGE('',*,*,#2620,.T.);
#2641=ORIENTED_EDGE('',*,*,#2626,.T.);
#2642=ORIENTED_EDGE('',*,*,#2632,.T.);
#2643=ORIENTED_EDGE('',*,*,#2638,.T.);
#2644=EDGE_LOOP('',(#2639,#2640,#2641,#2642,#2643));
#2645=FACE_BOUND('',#2644,.T.);
#2647=DIRECTION('',(0.659336,-0.751848,0.000000));
#2646=VECTOR('',#2647,1.493349);
#2649=CARTESIAN_POINT('',(740.5251,285.0251,-558.0000));
#2648=LINE('',#2649,#2646);
#2651=VERTEX_POINT('',#2649);
#2650=EDGE_CURVE('',#2651,#2362,#2648,.T.);
#2653=DIRECTION('',(0.997861,0.065378,0.000000));
#2652=VECTOR('',#2653,0.786534);
#2654=LINE('',#2361,#2652);
#2656=CARTESIAN_POINT('',(742.2946,283.9538,-558.0000));
#2657=VERTEX_POINT('',#2656);
#2655=EDGE_CURVE('',#2362,#2657,#2654,.T.);
#2659=DIRECTION('',(-0.896877,0.442281,0.000000));
#2658=VECTOR('',#2659,1.164727);
#2660=LINE('',#2656,#2658);
#2662=CARTESIAN_POINT('',(741.2500,284.4689,-558.0000));
#2663=VERTEX_POINT('',#2662);
#2661=EDGE_CURVE('',#2657,#2663,#2660,.T.);
#2665=DIRECTION('',(-0.831465,0.555577,0.000000));
#2664=VECTOR('',#2665,0.457838);
#2666=LINE('',#2662,#2664);
#2668=CARTESIAN_POINT('',(740.8693,284.7233,-558.0000));
#2669=VERTEX_POINT('',#2668);
#2667=EDGE_CURVE('',#2663,#2669,#2666,.T.);
#2671=DIRECTION('',(-0.751825,0.659363,0.000000));
#2670=VECTOR('',#2671,0.457789);
#2672=LINE('',#2668,#2670);
#2673=EDGE_CURVE('',#2669,#2651,#2672,.T.);
#2674=ORIENTED_EDGE('',*,*,#2650,.T.);
#2675=ORIENTED_EDGE('',*,*,#2655,.T.);
#2676=ORIENTED_EDGE('',*,*,#2661,.T.);
#2677=ORIENTED_EDGE('',*,*,#2667,.T.);
#2678=ORIENTED_EDGE('',*,*,#2673,.T.);
#2679=EDGE_LOOP('',(#2674,#2675,#2676,#2677,#2678));
#2680=FACE_BOUND('',#2679,.T.);
#2682=DIRECTION('',(0.659336,-0.751848,0.000000));
#2681=VECTOR('',#2682,1.493349);
#2684=CARTESIAN_POINT('',(704.0251,285.0251,-558.0000));
#2683=LINE('',#2684,#2681);
#2686=VERTEX_POINT('',#2684);
#2685=EDGE_CURVE('',#2686,#2392,#2683,.T.);
#2688=DIRECTION('',(0.997861,0.065378,0.000000));
#2687=VECTOR('',#2688,0.786534);
#2689=LINE('',#2391,#2687);
#2691=CARTESIAN_POINT('',(705.7946,283.9538,-558.0000));
#2692=VERTEX_POINT('',#2691);
#2690=EDGE_CURVE('',#2392,#2692,#2689,.T.);
#2694=DIRECTION('',(-0.896877,0.442281,0.000000));
#2693=VECTOR('',#2694,1.164727);
#2695=LINE('',#2691,#2693);
#2697=CARTESIAN_POINT('',(704.7500,284.4689,-558.0000));
#2698=VERTEX_POINT('',#2697);
#2696=EDGE_CURVE('',#2692,#2698,#2695,.T.);
#2700=DIRECTION('',(-0.831465,0.555577,0.000000));
#2699=VECTOR('',#2700,0.457838);
#2701=LINE('',#2697,#2699);
#2703=CARTESIAN_POINT('',(704.3693,284.7233,-558.0000));
#2704=VERTEX_POINT('',#2703);
#2702=EDGE_CURVE('',#2698,#2704,#2701,.T.);
#2706=DIRECTION('',(-0.751825,0.659363,0.000000));
#2705=VECTOR('',#2706,0.457789);
#2707=LINE('',#2703,#2705);
#2708=EDGE_CURVE('',#2704,#2686,#2707,.T.);
#2709=ORIENTED_EDGE('',*,*,#2685,.T.);
#2710=ORIENTED_EDGE('',*,*,#2690,.T.);
#2711=ORIENTED_EDGE('',*,*,#2696,.T.);
#2712=ORIENTED_EDGE('',*,*,#2702,.T.);
#2713=ORIENTED_EDGE('',*,*,#2708,.T.);
#2714=EDGE_LOOP('',(#2709,#2710,#2711,#2712,#2713));
#2715=FACE_BOUND('',#2714,.T.);
#2717=DIRECTION('',(0.659336,-0.751848,0.000000));
#2716=VECTOR('',#2717,1.493349);
#2719=CARTESIAN_POINT('',(667.5251,285.0251,-558.0000));
#2718=LINE('',#2719,#2716);
#2721=VERTEX_POINT('',#2719);
#2720=EDGE_CURVE('',#2721,#2420,#2718,.T.);
#2723=DIRECTION('',(0.997861,0.065378,0.000000));
#2722=VECTOR('',#2723,0.786534);
#2724=LINE('',#2419,#2722);
#2726=CARTESIAN_POINT('',(669.2946,283.9538,-558.0000));
#2727=VERTEX_POINT('',#2726);
#2725=EDGE_CURVE('',#2420,#2727,#2724,.T.);
#2729=DIRECTION('',(-0.896877,0.442281,0.000000));
#2728=VECTOR('',#2729,1.164727);
#2730=LINE('',#2726,#2728);
#2732=CARTESIAN_POINT('',(668.2500,284.4689,-558.0000));
#2733=VERTEX_POINT('',#2732);
#2731=EDGE_CURVE('',#2727,#2733,#2730,.T.);
#2735=DIRECTION('',(-0.831465,0.555577,0.000000));
#2734=VECTOR('',#2735,0.457838);
#2736=LINE('',#2732,#2734);
#2738=CARTESIAN_POINT('',(667.8693,284.7233,-558.0000));
#2739=VERTEX_POINT('',#2738);
#2737=EDGE_CURVE('',#2733,#2739,#2736,.T.);
#2741=DIRECTION('',(-0.751825,0.659363,0.000000));
#2740=VECTOR('',#2741,0.457789);
#2742=LINE('',#2738,#2740);
#2743=EDGE_CURVE('',#2739,#2721,#2742,.T.);
#2744=ORIENTED_EDGE('',*,*,#2720,.T.);
#2745=ORIENTED_EDGE('',*,*,#2725,.T.);
#2746=ORIENTED_EDGE('',*,*,#2731,.T.);
#2747=ORIENTED_EDGE('',*,*,#2737,.T.);
#2748=ORIENTED_EDGE('',*,*,#2743,.T.);
#2749=EDGE_LOOP('',(#2744,#2745,#2746,#2747,#2748));
#2750=FACE_BOUND('',#2749,.T.);
#2752=DIRECTION('',(0.831474,-0.555564,0.000000));
#2751=VECTOR('',#2752,1.093309);
#2754=CARTESIAN_POINT('',(688.0000,-3.4641,-558.0000));
#2753=LINE('',#2754,#2751);
#2756=VERTEX_POINT('',#2754);
#2755=EDGE_CURVE('',#2756,#2524,#2753,.T.);
#2758=DIRECTION('',(0.997859,0.065404,0.000000));
#2757=VECTOR('',#2758,0.560955);
#2759=LINE('',#2523,#2757);
#2761=CARTESIAN_POINT('',(689.4688,-4.0348,-558.0000));
#2762=VERTEX_POINT('',#2761);
#2760=EDGE_CURVE('',#2524,#2762,#2759,.T.);
#2764=DIRECTION('',(-0.946933,0.321430,0.000000));
#2763=VECTOR('',#2764,1.055589);
#2765=LINE('',#2761,#2763);
#2767=CARTESIAN_POINT('',(688.4692,-3.6955,-558.0000));
#2768=VERTEX_POINT('',#2767);
#2766=EDGE_CURVE('',#2762,#2768,#2765,.T.);
#2770=DIRECTION('',(-0.896862,0.442310,0.000000));
#2769=VECTOR('',#2770,0.523200);
#2771=LINE('',#2767,#2769);
#2772=EDGE_CURVE('',#2768,#2756,#2771,.T.);
#2773=ORIENTED_EDGE('',*,*,#2755,.T.);
#2774=ORIENTED_EDGE('',*,*,#2760,.T.);
#2775=ORIENTED_EDGE('',*,*,#2766,.T.);
#2776=ORIENTED_EDGE('',*,*,#2772,.T.);
#2777=EDGE_LOOP('',(#2773,#2774,#2775,#2776));
#2778=FACE_BOUND('',#2777,.T.);
#2780=DIRECTION('',(0.896883,-0.442268,0.000000));
#2779=VECTOR('',#2780,0.706930);
#2782=CARTESIAN_POINT('',(668.6606,-304.7336,-558.0000));
#2781=LINE('',#2782,#2779);
#2784=VERTEX_POINT('',#2782);
#2783=EDGE_CURVE('',#2784,#2552,#2781,.T.);
#2786=DIRECTION('',(0.997859,0.065396,0.000000));
#2785=VECTOR('',#2786,0.475994);
#2787=LINE('',#2551,#2785);
#2789=CARTESIAN_POINT('',(669.7696,-305.0151,-558.0000));
#2790=VERTEX_POINT('',#2789);
#2788=EDGE_CURVE('',#2552,#2790,#2787,.T.);
#2792=DIRECTION('',(-0.980783,0.195102,0.000000));
#2791=VECTOR('',#2792,0.688711);
#2793=LINE('',#2789,#2791);
#2795=CARTESIAN_POINT('',(669.0941,-304.8807,-558.0000));
#2796=VERTEX_POINT('',#2795);
#2794=EDGE_CURVE('',#2790,#2796,#2793,.T.);
#2798=DIRECTION('',(-0.946936,0.321422,0.000000));
#2797=VECTOR('',#2798,0.457827);
#2799=LINE('',#2795,#2797);
#2800=EDGE_CURVE('',#2796,#2784,#2799,.T.);
#2801=ORIENTED_EDGE('',*,*,#2783,.T.);
#2802=ORIENTED_EDGE('',*,*,#2788,.T.);
#2803=ORIENTED_EDGE('',*,*,#2794,.T.);
#2804=ORIENTED_EDGE('',*,*,#2800,.T.);
#2805=EDGE_LOOP('',(#2801,#2802,#2803,#2804));
#2806=FACE_BOUND('',#2805,.T.);
#2808=DIRECTION('',(0.896883,-0.442268,0.000000));
#2807=VECTOR('',#2808,0.706930);
#2810=CARTESIAN_POINT('',(705.1606,-304.7336,-558.0000));
#2809=LINE('',#2810,#2807);
#2812=VERTEX_POINT('',#2810);
#2811=EDGE_CURVE('',#2812,#2587,#2809,.T.);
#2814=DIRECTION('',(0.997859,0.065396,0.000000));
#2813=VECTOR('',#2814,0.475994);
#2815=LINE('',#2586,#2813);
#2817=CARTESIAN_POINT('',(706.2696,-305.0151,-558.0000));
#2818=VERTEX_POINT('',#2817);
#2816=EDGE_CURVE('',#2587,#2818,#2815,.T.);
#2820=DIRECTION('',(-0.980783,0.195102,0.000000));
#2819=VECTOR('',#2820,0.688711);
#2821=LINE('',#2817,#2819);
#2823=CARTESIAN_POINT('',(705.5941,-304.8807,-558.0000));
#2824=VERTEX_POINT('',#2823);
#2822=EDGE_CURVE('',#2818,#2824,#2821,.T.);
#2826=DIRECTION('',(-0.946936,0.321422,0.000000));
#2825=VECTOR('',#2826,0.457827);
#2827=LINE('',#2823,#2825);
#2828=EDGE_CURVE('',#2824,#2812,#2827,.T.);
#2829=ORIENTED_EDGE('',*,*,#2811,.T.);
#2830=ORIENTED_EDGE('',*,*,#2816,.T.);
#2831=ORIENTED_EDGE('',*,*,#2822,.T.);
#2832=ORIENTED_EDGE('',*,*,#2828,.T.);
#2833=EDGE_LOOP('',(#2829,#2830,#2831,#2832));
#2834=FACE_BOUND('',#2833,.T.);
#2836=DIRECTION('',(0.896883,-0.442268,0.000000));
#2835=VECTOR('',#2836,0.706930);
#2838=CARTESIAN_POINT('',(741.6606,-304.7336,-558.0000));
#2837=LINE('',#2838,#2835);
#2840=VERTEX_POINT('',#2838);
#2839=EDGE_CURVE('',#2840,#2622,#2837,.T.);
#2842=DIRECTION('',(0.997859,0.065396,0.000000));
#2841=VECTOR('',#2842,0.475994);
#2843=LINE('',#2621,#2841);
#2845=CARTESIAN_POINT('',(742.7696,-305.0151,-558.0000));
#2846=VERTEX_POINT('',#2845);
#2844=EDGE_CURVE('',#2622,#2846,#2843,.T.);
#2848=DIRECTION('',(-0.980783,0.195102,0.000000));
#2847=VECTOR('',#2848,0.688711);
#2849=LINE('',#2845,#2847);
#2851=CARTESIAN_POINT('',(742.0941,-304.8807,-558.0000));
#2852=VERTEX_POINT('',#2851);
#2850=EDGE_CURVE('',#2846,#2852,#2849,.T.);
#2854=DIRECTION('',(-0.946936,0.321422,0.000000));
#2853=VECTOR('',#2854,0.457827);
#2855=LINE('',#2851,#2853);
#2856=EDGE_CURVE('',#2852,#2840,#2855,.T.);
#2857=ORIENTED_EDGE('',*,*,#2839,.T.);
#2858=ORIENTED_EDGE('',*,*,#2844,.T.);
#2859=ORIENTED_EDGE('',*,*,#2850,.T.);
#2860=ORIENTED_EDGE('',*,*,#2856,.T.);
#2861=EDGE_LOOP('',(#2857,#2858,#2859,#2860));
#2862=FACE_BOUND('',#2861,.T.);
#2864=DIRECTION('',(0.896883,-0.442268,0.000000));
#2863=VECTOR('',#2864,0.706930);
#2866=CARTESIAN_POINT('',(741.6606,284.2664,-558.0000));
#2865=LINE('',#2866,#2863);
#2868=VERTEX_POINT('',#2866);
#2867=EDGE_CURVE('',#2868,#2657,#2865,.T.);
#2870=DIRECTION('',(0.997859,0.065396,0.000000));
#2869=VECTOR('',#2870,0.475994);
#2871=LINE('',#2656,#2869);
#2873=CARTESIAN_POINT('',(742.7696,283.9849,-558.0000));
#2874=VERTEX_POINT('',#2873);
#2872=EDGE_CURVE('',#2657,#2874,#2871,.T.);
#2876=DIRECTION('',(-0.980783,0.195102,0.000000));
#2875=VECTOR('',#2876,0.688711);
#2877=LINE('',#2873,#2875);
#2879=CARTESIAN_POINT('',(742.0941,284.1193,-558.0000));
#2880=VERTEX_POINT('',#2879);
#2878=EDGE_CURVE('',#2874,#2880,#2877,.T.);
#2882=DIRECTION('',(-0.946936,0.321422,0.000000));
#2881=VECTOR('',#2882,0.457827);
#2883=LINE('',#2879,#2881);
#2884=EDGE_CURVE('',#2880,#2868,#2883,.T.);
#2885=ORIENTED_EDGE('',*,*,#2867,.T.);
#2886=ORIENTED_EDGE('',*,*,#2872,.T.);
#2887=ORIENTED_EDGE('',*,*,#2878,.T.);
#2888=ORIENTED_EDGE('',*,*,#2884,.T.);
#2889=EDGE_LOOP('',(#2885,#2886,#2887,#2888));
#2890=FACE_BOUND('',#2889,.T.);
#2892=DIRECTION('',(0.896883,-0.442268,0.000000));
#2891=VECTOR('',#2892,0.706930);
#2894=CARTESIAN_POINT('',(705.1606,284.2664,-558.0000));
#2893=LINE('',#2894,#2891);
#2896=VERTEX_POINT('',#2894);
#2895=EDGE_CURVE('',#2896,#2692,#2893,.T.);
#2898=DIRECTION('',(0.997859,0.065396,0.000000));
#2897=VECTOR('',#2898,0.475994);
#2899=LINE('',#2691,#2897);
#2901=CARTESIAN_POINT('',(706.2696,283.9849,-558.0000));
#2902=VERTEX_POINT('',#2901);
#2900=EDGE_CURVE('',#2692,#2902,#2899,.T.);
#2904=DIRECTION('',(-0.980783,0.195102,0.000000));
#2903=VECTOR('',#2904,0.688711);
#2905=LINE('',#2901,#2903);
#2907=CARTESIAN_POINT('',(705.5941,284.1193,-558.0000));
#2908=VERTEX_POINT('',#2907);
#2906=EDGE_CURVE('',#2902,#2908,#2905,.T.);
#2910=DIRECTION('',(-0.946936,0.321422,0.000000));
#2909=VECTOR('',#2910,0.457827);
#2911=LINE('',#2907,#2909);
#2912=EDGE_CURVE('',#2908,#2896,#2911,.T.);
#2913=ORIENTED_EDGE('',*,*,#2895,.T.);
#2914=ORIENTED_EDGE('',*,*,#2900,.T.);
#2915=ORIENTED_EDGE('',*,*,#2906,.T.);
#2916=ORIENTED_EDGE('',*,*,#2912,.T.);
#2917=EDGE_LOOP('',(#2913,#2914,#2915,#2916));
#2918=FACE_BOUND('',#2917,.T.);
#2920=DIRECTION('',(0.896883,-0.442268,0.000000));
#2919=VECTOR('',#2920,0.706930);
#2922=CARTESIAN_POINT('',(668.6606,284.2664,-558.0000));
#2921=LINE('',#2922,#2919);
#2924=VERTEX_POINT('',#2922);
#2923=EDGE_CURVE('',#2924,#2727,#2921,.T.);
#2926=DIRECTION('',(0.997859,0.065396,0.000000));
#2925=VECTOR('',#2926,0.475994);
#2927=LINE('',#2726,#2925);
#2929=CARTESIAN_POINT('',(669.7696,283.9849,-558.0000));
#2930=VERTEX_POINT('',#2929);
#2928=EDGE_CURVE('',#2727,#2930,#2927,.T.);
#2932=DIRECTION('',(-0.980783,0.195102,0.000000));
#2931=VECTOR('',#2932,0.688711);
#2933=LINE('',#2929,#2931);
#2935=CARTESIAN_POINT('',(669.0941,284.1193,-558.0000));
#2936=VERTEX_POINT('',#2935);
#2934=EDGE_CURVE('',#2930,#2936,#2933,.T.);
#2938=DIRECTION('',(-0.946936,0.321422,0.000000));
#2937=VECTOR('',#2938,0.457827);
#2939=LINE('',#2935,#2937);
#2940=EDGE_CURVE('',#2936,#2924,#2939,.T.);
#2941=ORIENTED_EDGE('',*,*,#2923,.T.);
#2942=ORIENTED_EDGE('',*,*,#2928,.T.);
#2943=ORIENTED_EDGE('',*,*,#2934,.T.);
#2944=ORIENTED_EDGE('',*,*,#2940,.T.);
#2945=EDGE_LOOP('',(#2941,#2942,#2943,#2944));
#2946=FACE_BOUND('',#2945,.T.);
#2948=DIRECTION('',(0.946931,-0.321436,0.000000));
#2947=VECTOR('',#2948,0.532340);
#2950=CARTESIAN_POINT('',(688.9647,-3.8637,-558.0000));
#2949=LINE('',#2950,#2947);
#2952=VERTEX_POINT('',#2950);
#2951=EDGE_CURVE('',#2952,#2762,#2949,.T.);
#2954=DIRECTION('',(0.997859,0.065404,0.000000));
#2953=VECTOR('',#2954,0.532329);
#2955=LINE('',#2761,#2953);
#2957=CARTESIAN_POINT('',(690.0000,-4.0000,-558.0000));
#2958=VERTEX_POINT('',#2957);
#2956=EDGE_CURVE('',#2762,#2958,#2955,.T.);
#2960=DIRECTION('',(-0.997859,0.065404,0.000000));
#2959=VECTOR('',#2960,0.523215);
#2961=LINE('',#2957,#2959);
#2963=CARTESIAN_POINT('',(689.4779,-3.9658,-558.0000));
#2964=VERTEX_POINT('',#2963);
#2962=EDGE_CURVE('',#2958,#2964,#2961,.T.);
#2966=DIRECTION('',(-0.980786,0.195086,0.000000));
#2965=VECTOR('',#2966,0.523237);
#2967=LINE('',#2963,#2965);
#2968=EDGE_CURVE('',#2964,#2952,#2967,.T.);
#2969=ORIENTED_EDGE('',*,*,#2951,.T.);
#2970=ORIENTED_EDGE('',*,*,#2956,.T.);
#2971=ORIENTED_EDGE('',*,*,#2962,.T.);
#2972=ORIENTED_EDGE('',*,*,#2968,.T.);
#2973=EDGE_LOOP('',(#2969,#2970,#2971,#2972));
#2974=FACE_BOUND('',#2973,.T.);
#2976=DIRECTION('',(0.980784,-0.195099,0.000000));
#2975=VECTOR('',#2976,0.230877);
#2978=CARTESIAN_POINT('',(669.5432,-304.9701,-558.0000));
#2977=LINE('',#2978,#2975);
#2980=VERTEX_POINT('',#2978);
#2979=EDGE_CURVE('',#2980,#2790,#2977,.T.);
#2982=DIRECTION('',(0.997858,0.065422,0.000000));
#2981=VECTOR('',#2982,0.230902);
#2983=LINE('',#2789,#2981);
#2985=CARTESIAN_POINT('',(670.0000,-305.0000,-558.0000));
#2986=VERTEX_POINT('',#2985);
#2984=EDGE_CURVE('',#2790,#2986,#2983,.T.);
#2988=DIRECTION('',(-0.997860,0.065391,0.000000));
#2987=VECTOR('',#2988,0.457828);
#2989=LINE('',#2985,#2987);
#2990=EDGE_CURVE('',#2986,#2980,#2989,.T.);
#2991=ORIENTED_EDGE('',*,*,#2979,.T.);
#2992=ORIENTED_EDGE('',*,*,#2984,.T.);
#2993=ORIENTED_EDGE('',*,*,#2990,.T.);
#2994=EDGE_LOOP('',(#2991,#2992,#2993));
#2995=FACE_BOUND('',#2994,.T.);
#2997=DIRECTION('',(0.980784,-0.195099,0.000000));
#2996=VECTOR('',#2997,0.230877);
#2999=CARTESIAN_POINT('',(706.0432,-304.9701,-558.0000));
#2998=LINE('',#2999,#2996);
#3001=VERTEX_POINT('',#2999);
#3000=EDGE_CURVE('',#3001,#2818,#2998,.T.);
#3003=DIRECTION('',(0.997858,0.065422,0.000000));
#3002=VECTOR('',#3003,0.230902);
#3004=LINE('',#2817,#3002);
#3006=CARTESIAN_POINT('',(706.5000,-305.0000,-558.0000));
#3007=VERTEX_POINT('',#3006);
#3005=EDGE_CURVE('',#2818,#3007,#3004,.T.);
#3009=DIRECTION('',(-0.997860,0.065391,0.000000));
#3008=VECTOR('',#3009,0.457828);
#3010=LINE('',#3006,#3008);
#3011=EDGE_CURVE('',#3007,#3001,#3010,.T.);
#3012=ORIENTED_EDGE('',*,*,#3000,.T.);
#3013=ORIENTED_EDGE('',*,*,#3005,.T.);
#3014=ORIENTED_EDGE('',*,*,#3011,.T.);
#3015=EDGE_LOOP('',(#3012,#3013,#3014));
#3016=FACE_BOUND('',#3015,.T.);
#3018=DIRECTION('',(0.980784,-0.195099,0.000000));
#3017=VECTOR('',#3018,0.230877);
#3020=CARTESIAN_POINT('',(742.5432,-304.9701,-558.0000));
#3019=LINE('',#3020,#3017);
#3022=VERTEX_POINT('',#3020);
#3021=EDGE_CURVE('',#3022,#2846,#3019,.T.);
#3024=DIRECTION('',(0.997858,0.065422,0.000000));
#3023=VECTOR('',#3024,0.230902);
#3025=LINE('',#2845,#3023);
#3027=CARTESIAN_POINT('',(743.0000,-305.0000,-558.0000));
#3028=VERTEX_POINT('',#3027);
#3026=EDGE_CURVE('',#2846,#3028,#3025,.T.);
#3030=DIRECTION('',(-0.997860,0.065391,0.000000));
#3029=VECTOR('',#3030,0.457828);
#3031=LINE('',#3027,#3029);
#3032=EDGE_CURVE('',#3028,#3022,#3031,.T.);
#3033=ORIENTED_EDGE('',*,*,#3021,.T.);
#3034=ORIENTED_EDGE('',*,*,#3026,.T.);
#3035=ORIENTED_EDGE('',*,*,#3032,.T.);
#3036=EDGE_LOOP('',(#3033,#3034,#3035));
#3037=FACE_BOUND('',#3036,.T.);
#3039=DIRECTION('',(0.980784,-0.195099,0.000000));
#3038=VECTOR('',#3039,0.230877);
#3041=CARTESIAN_POINT('',(742.5432,284.0299,-558.0000));
#3040=LINE('',#3041,#3038);
#3043=VERTEX_POINT('',#3041);
#3042=EDGE_CURVE('',#3043,#2874,#3040,.T.);
#3045=DIRECTION('',(0.997858,0.065422,0.000000));
#3044=VECTOR('',#3045,0.230902);
#3046=LINE('',#2873,#3044);
#3048=CARTESIAN_POINT('',(743.0000,284.0000,-558.0000));
#3049=VERTEX_POINT('',#3048);
#3047=EDGE_CURVE('',#2874,#3049,#3046,.T.);
#3051=DIRECTION('',(-0.997860,0.065391,0.000000));
#3050=VECTOR('',#3051,0.457828);
#3052=LINE('',#3048,#3050);
#3053=EDGE_CURVE('',#3049,#3043,#3052,.T.);
#3054=ORIENTED_EDGE('',*,*,#3042,.T.);
#3055=ORIENTED_EDGE('',*,*,#3047,.T.);
#3056=ORIENTED_EDGE('',*,*,#3053,.T.);
#3057=EDGE_LOOP('',(#3054,#3055,#3056));
#3058=FACE_BOUND('',#3057,.T.);
#3060=DIRECTION('',(0.980784,-0.195099,0.000000));
#3059=VECTOR('',#3060,0.230877);
#3062=CARTESIAN_POINT('',(706.0432,284.0299,-558.0000));
#3061=LINE('',#3062,#3059);
#3064=VERTEX_POINT('',#3062);
#3063=EDGE_CURVE('',#3064,#2902,#3061,.T.);
#3066=DIRECTION('',(0.997858,0.065422,0.000000));
#3065=VECTOR('',#3066,0.230902);
#3067=LINE('',#2901,#3065);
#3069=CARTESIAN_POINT('',(706.5000,284.0000,-558.0000));
#3070=VERTEX_POINT('',#3069);
#3068=EDGE_CURVE('',#2902,#3070,#3067,.T.);
#3072=DIRECTION('',(-0.997860,0.065391,0.000000));
#3071=VECTOR('',#3072,0.457828);
#3073=LINE('',#3069,#3071);
#3074=EDGE_CURVE('',#3070,#3064,#3073,.T.);
#3075=ORIENTED_EDGE('',*,*,#3063,.T.);
#3076=ORIENTED_EDGE('',*,*,#3068,.T.);
#3077=ORIENTED_EDGE('',*,*,#3074,.T.);
#3078=EDGE_LOOP('',(#3075,#3076,#3077));
#3079=FACE_BOUND('',#3078,.T.);
#3081=DIRECTION('',(0.980784,-0.195099,0.000000));
#3080=VECTOR('',#3081,0.230877);
#3083=CARTESIAN_POINT('',(669.5432,284.0299,-558.0000));
#3082=LINE('',#3083,#3080);
#3085=VERTEX_POINT('',#3083);
#3084=EDGE_CURVE('',#3085,#2930,#3082,.T.);
#3087=DIRECTION('',(0.997858,0.065422,0.000000));
#3086=VECTOR('',#3087,0.230902);
#3088=LINE('',#2929,#3086);
#3090=CARTESIAN_POINT('',(670.0000,284.0000,-558.0000));
#3091=VERTEX_POINT('',#3090);
#3089=EDGE_CURVE('',#2930,#3091,#3088,.T.);
#3093=DIRECTION('',(-0.997860,0.065391,0.000000));
#3092=VECTOR('',#3093,0.457828);
#3094=LINE('',#3090,#3092);
#3095=EDGE_CURVE('',#3091,#3085,#3094,.T.);
#3096=ORIENTED_EDGE('',*,*,#3084,.T.);
#3097=ORIENTED_EDGE('',*,*,#3089,.T.);
#3098=ORIENTED_EDGE('',*,*,#3095,.T.);
#3099=EDGE_LOOP('',(#3096,#3097,#3098));
#3100=FACE_BOUND('',#3099,.T.);
#3102=DIRECTION('',(-0.997860,-0.065392,0.000000));
#3101=VECTOR('',#3102,33.380222);
#3104=CARTESIAN_POINT('',(671.7740,281.7243,-558.0000));
#3103=LINE('',#3104,#3101);
#3106=VERTEX_POINT('',#3104);
#3107=CARTESIAN_POINT('',(638.4652,279.5415,-558.0000));
#3108=VERTEX_POINT('',#3107);
#3105=EDGE_CURVE('',#3106,#3108,#3103,.T.);
#3110=DIRECTION('',(0.997860,0.065392,0.000000));
#3109=VECTOR('',#3110,15.136156);
#3111=LINE('',#3107,#3109);
#3113=CARTESIAN_POINT('',(653.5690,280.5313,-558.0000));
#3114=VERTEX_POINT('',#3113);
#3112=EDGE_CURVE('',#3108,#3114,#3111,.T.);
#3116=DIRECTION('',(0.997860,0.065392,0.000000));
#3115=VECTOR('',#3116,18.244066);
#3117=LINE('',#3113,#3115);
#3118=EDGE_CURVE('',#3114,#3106,#3117,.T.);
#3119=ORIENTED_EDGE('',*,*,#3105,.T.);
#3120=ORIENTED_EDGE('',*,*,#3112,.T.);
#3121=ORIENTED_EDGE('',*,*,#3118,.T.);
#3122=EDGE_LOOP('',(#3119,#3120,#3121));
#3123=FACE_BOUND('',#3122,.T.);
#3125=DIRECTION('',(-0.997860,-0.065392,0.000000));
#3124=VECTOR('',#3125,32.671001);
#3127=CARTESIAN_POINT('',(708.2758,281.7245,-558.0000));
#3126=LINE('',#3127,#3124);
#3129=VERTEX_POINT('',#3127);
#3130=CARTESIAN_POINT('',(675.6747,279.5880,-558.0000));
#3131=VERTEX_POINT('',#3130);
#3128=EDGE_CURVE('',#3129,#3131,#3126,.T.);
#3133=DIRECTION('',(0.997860,0.065391,0.000000));
#3132=VECTOR('',#3133,14.424489);
#3134=LINE('',#3130,#3132);
#3136=CARTESIAN_POINT('',(690.0684,280.5313,-558.0000));
#3137=VERTEX_POINT('',#3136);
#3135=EDGE_CURVE('',#3131,#3137,#3134,.T.);
#3139=DIRECTION('',(0.997860,0.065392,0.000000));
#3138=VECTOR('',#3139,18.246512);
#3140=LINE('',#3136,#3138);
#3141=EDGE_CURVE('',#3137,#3129,#3140,.T.);
#3142=ORIENTED_EDGE('',*,*,#3128,.T.);
#3143=ORIENTED_EDGE('',*,*,#3135,.T.);
#3144=ORIENTED_EDGE('',*,*,#3141,.T.);
#3145=EDGE_LOOP('',(#3142,#3143,#3144));
#3146=FACE_BOUND('',#3145,.T.);
#3148=DIRECTION('',(-0.997859,-0.065403,0.000000));
#3147=VECTOR('',#3148,33.330457);
#3150=CARTESIAN_POINT('',(687.4151,-4.1694,-558.0000));
#3149=LINE('',#3150,#3147);
#3152=VERTEX_POINT('',#3150);
#3153=CARTESIAN_POINT('',(654.1560,-6.3493,-558.0000));
#3154=VERTEX_POINT('',#3153);
#3151=EDGE_CURVE('',#3152,#3154,#3149,.T.);
#3156=DIRECTION('',(0.997859,0.065403,0.000000));
#3155=VECTOR('',#3156,5.864668);
#3157=LINE('',#3153,#3155);
#3159=CARTESIAN_POINT('',(660.0081,-5.9658,-558.0000));
#3160=VERTEX_POINT('',#3159);
#3158=EDGE_CURVE('',#3154,#3160,#3157,.T.);
#3162=DIRECTION('',(0.997859,0.065403,0.000000));
#3161=VECTOR('',#3162,10.251564);
#3163=LINE('',#3159,#3161);
#3165=CARTESIAN_POINT('',(670.2377,-5.2953,-558.0000));
#3166=VERTEX_POINT('',#3165);
#3164=EDGE_CURVE('',#3160,#3166,#3163,.T.);
#3168=DIRECTION('',(0.997859,0.065403,0.000000));
#3167=VECTOR('',#3168,5.170066);
#3169=LINE('',#3165,#3167);
#3171=CARTESIAN_POINT('',(675.3967,-4.9571,-558.0000));
#3172=VERTEX_POINT('',#3171);
#3170=EDGE_CURVE('',#3166,#3172,#3169,.T.);
#3174=DIRECTION('',(0.997859,0.065403,0.000000));
#3173=VECTOR('',#3174,3.137822);
#3175=LINE('',#3171,#3173);
#3177=CARTESIAN_POINT('',(678.5278,-4.7519,-558.0000));
#3178=VERTEX_POINT('',#3177);
#3176=EDGE_CURVE('',#3172,#3178,#3175,.T.);
#3180=DIRECTION('',(0.997859,0.065403,0.000000));
#3179=VECTOR('',#3180,2.122220);
#3181=LINE('',#3177,#3179);
#3183=CARTESIAN_POINT('',(680.6455,-4.6131,-558.0000));
#3184=VERTEX_POINT('',#3183);
#3182=EDGE_CURVE('',#3178,#3184,#3181,.T.);
#3186=DIRECTION('',(0.997859,0.065404,0.000000));
#3185=VECTOR('',#3186,1.542304);
#3187=LINE('',#3183,#3185);
#3189=CARTESIAN_POINT('',(682.1845,-4.5123,-558.0000));
#3190=VERTEX_POINT('',#3189);
#3188=EDGE_CURVE('',#3184,#3190,#3187,.T.);
#3192=DIRECTION('',(0.997859,0.065401,0.000000));
#3191=VECTOR('',#3192,1.180506);
#3193=LINE('',#3189,#3191);
#3195=CARTESIAN_POINT('',(683.3625,-4.4350,-558.0000));
#3196=VERTEX_POINT('',#3195);
#3194=EDGE_CURVE('',#3190,#3196,#3193,.T.);
#3198=DIRECTION('',(0.997859,0.065405,0.000000));
#3197=VECTOR('',#3198,0.939756);
#3199=LINE('',#3195,#3197);
#3201=CARTESIAN_POINT('',(684.3002,-4.3736,-558.0000));
#3202=VERTEX_POINT('',#3201);
#3200=EDGE_CURVE('',#3196,#3202,#3199,.T.);
#3204=DIRECTION('',(0.997859,0.065402,0.000000));
#3203=VECTOR('',#3204,0.771855);
#3205=LINE('',#3201,#3203);
#3207=CARTESIAN_POINT('',(685.0704,-4.3231,-558.0000));
#3208=VERTEX_POINT('',#3207);
#3206=EDGE_CURVE('',#3202,#3208,#3205,.T.);
#3210=DIRECTION('',(0.997859,0.065405,0.000000));
#3209=VECTOR('',#3210,0.650379);
#3211=LINE('',#3207,#3209);
#3213=CARTESIAN_POINT('',(685.7194,-4.2806,-558.0000));
#3214=VERTEX_POINT('',#3213);
#3212=EDGE_CURVE('',#3208,#3214,#3211,.T.);
#3216=DIRECTION('',(0.997859,0.065402,0.000000));
#3215=VECTOR('',#3216,0.559915);
#3217=LINE('',#3213,#3215);
#3219=CARTESIAN_POINT('',(686.2781,-4.2439,-558.0000));
#3220=VERTEX_POINT('',#3219);
#3218=EDGE_CURVE('',#3214,#3220,#3217,.T.);
#3222=DIRECTION('',(0.997859,0.065398,0.000000));
#3221=VECTOR('',#3222,0.491103);
#3223=LINE('',#3219,#3221);
#3225=CARTESIAN_POINT('',(686.7682,-4.2118,-558.0000));
#3226=VERTEX_POINT('',#3225);
#3224=EDGE_CURVE('',#3220,#3226,#3223,.T.);
#3228=DIRECTION('',(0.997859,0.065403,0.000000));
#3227=VECTOR('',#3228,0.437644);
#3229=LINE('',#3225,#3227);
#3231=CARTESIAN_POINT('',(687.2049,-4.1832,-558.0000));
#3232=VERTEX_POINT('',#3231);
#3230=EDGE_CURVE('',#3226,#3232,#3229,.T.);
#3234=DIRECTION('',(0.997858,0.065420,0.000000));
#3233=VECTOR('',#3234,0.210656);
#3235=LINE('',#3231,#3233);
#3236=EDGE_CURVE('',#3232,#3152,#3235,.T.);
#3237=ORIENTED_EDGE('',*,*,#3151,.T.);
#3238=ORIENTED_EDGE('',*,*,#3158,.T.);
#3239=ORIENTED_EDGE('',*,*,#3164,.T.);
#3240=ORIENTED_EDGE('',*,*,#3170,.T.);
#3241=ORIENTED_EDGE('',*,*,#3176,.T.);
#3242=ORIENTED_EDGE('',*,*,#3182,.T.);
#3243=ORIENTED_EDGE('',*,*,#3188,.T.);
#3244=ORIENTED_EDGE('',*,*,#3194,.T.);
#3245=ORIENTED_EDGE('',*,*,#3200,.T.);
#3246=ORIENTED_EDGE('',*,*,#3206,.T.);
#3247=ORIENTED_EDGE('',*,*,#3212,.T.);
#3248=ORIENTED_EDGE('',*,*,#3218,.T.);
#3249=ORIENTED_EDGE('',*,*,#3224,.T.);
#3250=ORIENTED_EDGE('',*,*,#3230,.T.);
#3251=ORIENTED_EDGE('',*,*,#3236,.T.);
#3252=EDGE_LOOP('',(#3237,#3238,#3239,#3240,#3241,#3242,#3243,#3244,#3245,#3246,#3247,#3248,#3249,#3250,#3251));
#3253=FACE_BOUND('',#3252,.T.);
#3255=DIRECTION('',(-0.997859,-0.065403,0.000000));
#3254=VECTOR('',#3255,31.378035);
#3257=CARTESIAN_POINT('',(646.6655,-6.8403,-558.0000));
#3256=LINE('',#3257,#3254);
#3259=VERTEX_POINT('',#3257);
#3260=CARTESIAN_POINT('',(615.3547,-8.8925,-558.0000));
#3261=VERTEX_POINT('',#3260);
#3258=EDGE_CURVE('',#3259,#3261,#3256,.T.);
#3263=DIRECTION('',(0.997859,0.065403,0.000000));
#3262=VECTOR('',#3263,14.169009);
#3264=LINE('',#3260,#3262);
#3266=CARTESIAN_POINT('',(629.4933,-7.9658,-558.0000));
#3267=VERTEX_POINT('',#3266);
#3265=EDGE_CURVE('',#3261,#3267,#3264,.T.);
#3269=DIRECTION('',(0.997859,0.065403,0.000000));
#3268=VECTOR('',#3269,17.209026);
#3270=LINE('',#3266,#3268);
#3271=EDGE_CURVE('',#3267,#3259,#3270,.T.);
#3272=ORIENTED_EDGE('',*,*,#3258,.T.);
#3273=ORIENTED_EDGE('',*,*,#3265,.T.);
#3274=ORIENTED_EDGE('',*,*,#3271,.T.);
#3275=EDGE_LOOP('',(#3272,#3273,#3274));
#3276=FACE_BOUND('',#3275,.T.);
#3279=CARTESIAN_POINT('',(761.3876,-301.4031,-558.0000));
#3280=DIRECTION('',(0.000000,0.000000,1.000000));
#3281=DIRECTION('',(0.997860,0.065392,0.000000));
#3278=AXIS2_PLACEMENT_3D('',#3279,#3280,#3281);
#3277=PLANE('',#3278);
#3282=ADVANCED_FACE('',(#488,#505,#843,#1125,#1407,#1682,#1971,#2260,#2288,#2318,#2348,#2378,#2408,#2436,#2455,#2474,#2493,#2512,#2540,#2575,#2610,#2645,#2680,#2715,#2750,#2778,#2806,#2834,#2862,#2890,#2918,#2946,#2974,#2995,#3016,#3037,#3058,#3079,#3100,#3123,#3146,#3253,#3276),#3277,.T.);
#3284=DIRECTION('',(0.997860,0.065392,0.000000));
#3283=VECTOR('',#3284,122.797129);
#3286=CARTESIAN_POINT('',(620.9225,-313.0000,-560.0000));
#3285=LINE('',#3286,#3283);
#3288=VERTEX_POINT('',#3286);
#3289=CARTESIAN_POINT('',(743.4568,-304.9701,-560.0000));
#3290=VERTEX_POINT('',#3289);
#3287=EDGE_CURVE('',#3288,#3290,#3285,.T.);
#3292=DIRECTION('',(0.980783,0.195103,0.000000));
#3291=VECTOR('',#3292,0.457834);
#3293=LINE('',#3289,#3291);
#3295=CARTESIAN_POINT('',(743.9059,-304.8807,-560.0000));
#3296=VERTEX_POINT('',#3295);
#3294=EDGE_CURVE('',#3290,#3296,#3293,.T.);
#3298=DIRECTION('',(0.946936,0.321422,0.000000));
#3297=VECTOR('',#3298,0.457827);
#3299=LINE('',#3295,#3297);
#3301=CARTESIAN_POINT('',(744.3394,-304.7336,-560.0000));
#3302=VERTEX_POINT('',#3301);
#3300=EDGE_CURVE('',#3296,#3302,#3299,.T.);
#3304=DIRECTION('',(0.896867,0.442301,0.000000));
#3303=VECTOR('',#3304,0.457798);
#3305=LINE('',#3301,#3303);
#3307=CARTESIAN_POINT('',(744.7500,-304.5311,-560.0000));
#3308=VERTEX_POINT('',#3307);
#3306=EDGE_CURVE('',#3302,#3308,#3305,.T.);
#3310=DIRECTION('',(0.831465,0.555577,0.000000));
#3309=VECTOR('',#3310,0.457838);
#3311=LINE('',#3307,#3309);
#3313=CARTESIAN_POINT('',(745.1307,-304.2767,-560.0000));
#3314=VERTEX_POINT('',#3313);
#3312=EDGE_CURVE('',#3308,#3314,#3311,.T.);
#3316=DIRECTION('',(0.751825,0.659363,0.000000));
#3315=VECTOR('',#3316,0.457789);
#3317=LINE('',#3313,#3315);
#3319=CARTESIAN_POINT('',(745.4749,-303.9749,-560.0000));
#3320=VERTEX_POINT('',#3319);
#3318=EDGE_CURVE('',#3314,#3320,#3317,.T.);
#3322=DIRECTION('',(0.659368,0.751821,0.000000));
#3321=VECTOR('',#3322,0.457832);
#3323=LINE('',#3319,#3321);
#3325=CARTESIAN_POINT('',(745.7767,-303.6307,-560.0000));
#3326=VERTEX_POINT('',#3325);
#3324=EDGE_CURVE('',#3320,#3326,#3323,.T.);
#3328=DIRECTION('',(0.555531,0.831496,0.000000));
#3327=VECTOR('',#3328,0.457821);
#3329=LINE('',#3325,#3327);
#3331=CARTESIAN_POINT('',(746.0311,-303.2500,-560.0000));
#3332=VERTEX_POINT('',#3331);
#3330=EDGE_CURVE('',#3326,#3332,#3329,.T.);
#3334=DIRECTION('',(0.442328,0.896853,0.000000));
#3333=VECTOR('',#3334,0.457838);
#3335=LINE('',#3331,#3333);
#3337=CARTESIAN_POINT('',(746.2336,-302.8394,-560.0000));
#3338=VERTEX_POINT('',#3337);
#3336=EDGE_CURVE('',#3332,#3338,#3335,.T.);
#3340=DIRECTION('',(0.321422,0.946936,0.000000));
#3339=VECTOR('',#3340,0.457827);
#3341=LINE('',#3337,#3339);
#3343=CARTESIAN_POINT('',(746.3807,-302.4059,-560.0000));
#3344=VERTEX_POINT('',#3343);
#3342=EDGE_CURVE('',#3338,#3344,#3341,.T.);
#3346=DIRECTION('',(0.195052,0.980793,0.000000));
#3345=VECTOR('',#3346,0.457798);
#3347=LINE('',#3343,#3345);
#3349=CARTESIAN_POINT('',(746.4700,-301.9568,-560.0000));
#3350=VERTEX_POINT('',#3349);
#3348=EDGE_CURVE('',#3344,#3350,#3347,.T.);
#3352=DIRECTION('',(0.065457,0.997855,0.000000));
#3351=VECTOR('',#3352,0.457830);
#3353=LINE('',#3349,#3351);
#3355=CARTESIAN_POINT('',(746.5000,-301.5000,-560.0000));
#3356=VERTEX_POINT('',#3355);
#3354=EDGE_CURVE('',#3350,#3356,#3353,.T.);
#3358=DIRECTION('',(-0.065457,0.997855,0.000000));
#3357=VECTOR('',#3358,0.457830);
#3359=LINE('',#3355,#3357);
#3361=CARTESIAN_POINT('',(746.4700,-301.0432,-560.0000));
#3362=VERTEX_POINT('',#3361);
#3360=EDGE_CURVE('',#3356,#3362,#3359,.T.);
#3364=DIRECTION('',(-0.195052,0.980793,0.000000));
#3363=VECTOR('',#3364,0.457798);
#3365=LINE('',#3361,#3363);
#3367=CARTESIAN_POINT('',(746.3807,-300.5941,-560.0000));
#3368=VERTEX_POINT('',#3367);
#3366=EDGE_CURVE('',#3362,#3368,#3365,.T.);
#3370=DIRECTION('',(-0.321422,0.946936,0.000000));
#3369=VECTOR('',#3370,0.457827);
#3371=LINE('',#3367,#3369);
#3373=CARTESIAN_POINT('',(746.2336,-300.1606,-560.0000));
#3374=VERTEX_POINT('',#3373);
#3372=EDGE_CURVE('',#3368,#3374,#3371,.T.);
#3376=DIRECTION('',(-0.442328,0.896853,0.000000));
#3375=VECTOR('',#3376,0.457838);
#3377=LINE('',#3373,#3375);
#3379=CARTESIAN_POINT('',(746.0311,-299.7500,-560.0000));
#3380=VERTEX_POINT('',#3379);
#3378=EDGE_CURVE('',#3374,#3380,#3377,.T.);
#3382=DIRECTION('',(-0.555531,0.831496,0.000000));
#3381=VECTOR('',#3382,0.457821);
#3383=LINE('',#3379,#3381);
#3385=CARTESIAN_POINT('',(745.7767,-299.3693,-560.0000));
#3386=VERTEX_POINT('',#3385);
#3384=EDGE_CURVE('',#3380,#3386,#3383,.T.);
#3388=DIRECTION('',(-0.659368,0.751821,0.000000));
#3387=VECTOR('',#3388,0.457832);
#3389=LINE('',#3385,#3387);
#3391=CARTESIAN_POINT('',(745.4749,-299.0251,-560.0000));
#3392=VERTEX_POINT('',#3391);
#3390=EDGE_CURVE('',#3386,#3392,#3389,.T.);
#3394=DIRECTION('',(-0.751825,0.659363,0.000000));
#3393=VECTOR('',#3394,0.457789);
#3395=LINE('',#3391,#3393);
#3397=CARTESIAN_POINT('',(745.1307,-298.7233,-560.0000));
#3398=VERTEX_POINT('',#3397);
#3396=EDGE_CURVE('',#3392,#3398,#3395,.T.);
#3400=DIRECTION('',(-0.831465,0.555577,0.000000));
#3399=VECTOR('',#3400,0.457838);
#3401=LINE('',#3397,#3399);
#3403=CARTESIAN_POINT('',(744.7500,-298.4689,-560.0000));
#3404=VERTEX_POINT('',#3403);
#3402=EDGE_CURVE('',#3398,#3404,#3401,.T.);
#3406=DIRECTION('',(-0.896867,0.442301,0.000000));
#3405=VECTOR('',#3406,0.457798);
#3407=LINE('',#3403,#3405);
#3409=CARTESIAN_POINT('',(744.3394,-298.2664,-560.0000));
#3410=VERTEX_POINT('',#3409);
#3408=EDGE_CURVE('',#3404,#3410,#3407,.T.);
#3412=DIRECTION('',(-0.946936,0.321422,0.000000));
#3411=VECTOR('',#3412,0.457827);
#3413=LINE('',#3409,#3411);
#3415=CARTESIAN_POINT('',(743.9059,-298.1193,-560.0000));
#3416=VERTEX_POINT('',#3415);
#3414=EDGE_CURVE('',#3410,#3416,#3413,.T.);
#3418=DIRECTION('',(-0.980783,0.195103,0.000000));
#3417=VECTOR('',#3418,0.457834);
#3419=LINE('',#3415,#3417);
#3421=CARTESIAN_POINT('',(743.4568,-298.0299,-560.0000));
#3422=VERTEX_POINT('',#3421);
#3420=EDGE_CURVE('',#3416,#3422,#3419,.T.);
#3424=DIRECTION('',(-0.997860,0.065391,0.000000));
#3423=VECTOR('',#3424,0.457828);
#3425=LINE('',#3421,#3423);
#3427=CARTESIAN_POINT('',(743.0000,-298.0000,-560.0000));
#3428=VERTEX_POINT('',#3427);
#3426=EDGE_CURVE('',#3422,#3428,#3425,.T.);
#3430=DIRECTION('',(-0.997860,-0.065391,0.000000));
#3429=VECTOR('',#3430,0.457828);
#3431=LINE('',#3427,#3429);
#3433=CARTESIAN_POINT('',(742.5432,-298.0299,-560.0000));
#3434=VERTEX_POINT('',#3433);
#3432=EDGE_CURVE('',#3428,#3434,#3431,.T.);
#3436=DIRECTION('',(-0.980783,-0.195103,0.000000));
#3435=VECTOR('',#3436,0.457834);
#3437=LINE('',#3433,#3435);
#3439=CARTESIAN_POINT('',(742.0941,-298.1193,-560.0000));
#3440=VERTEX_POINT('',#3439);
#3438=EDGE_CURVE('',#3434,#3440,#3437,.T.);
#3442=DIRECTION('',(-0.946936,-0.321422,0.000000));
#3441=VECTOR('',#3442,0.457827);
#3443=LINE('',#3439,#3441);
#3445=CARTESIAN_POINT('',(741.6606,-298.2664,-560.0000));
#3446=VERTEX_POINT('',#3445);
#3444=EDGE_CURVE('',#3440,#3446,#3443,.T.);
#3448=DIRECTION('',(-0.896867,-0.442301,0.000000));
#3447=VECTOR('',#3448,0.457798);
#3449=LINE('',#3445,#3447);
#3451=CARTESIAN_POINT('',(741.2500,-298.4689,-560.0000));
#3452=VERTEX_POINT('',#3451);
#3450=EDGE_CURVE('',#3446,#3452,#3449,.T.);
#3454=DIRECTION('',(-0.831465,-0.555577,0.000000));
#3453=VECTOR('',#3454,0.457838);
#3455=LINE('',#3451,#3453);
#3457=CARTESIAN_POINT('',(740.8693,-298.7233,-560.0000));
#3458=VERTEX_POINT('',#3457);
#3456=EDGE_CURVE('',#3452,#3458,#3455,.T.);
#3460=DIRECTION('',(-0.751825,-0.659363,0.000000));
#3459=VECTOR('',#3460,0.457789);
#3461=LINE('',#3457,#3459);
#3463=CARTESIAN_POINT('',(740.5251,-299.0251,-560.0000));
#3464=VERTEX_POINT('',#3463);
#3462=EDGE_CURVE('',#3458,#3464,#3461,.T.);
#3466=DIRECTION('',(-0.659368,-0.751821,0.000000));
#3465=VECTOR('',#3466,0.457832);
#3467=LINE('',#3463,#3465);
#3469=CARTESIAN_POINT('',(740.2233,-299.3693,-560.0000));
#3470=VERTEX_POINT('',#3469);
#3468=EDGE_CURVE('',#3464,#3470,#3467,.T.);
#3472=DIRECTION('',(-0.555531,-0.831496,0.000000));
#3471=VECTOR('',#3472,0.457821);
#3473=LINE('',#3469,#3471);
#3475=CARTESIAN_POINT('',(739.9689,-299.7500,-560.0000));
#3476=VERTEX_POINT('',#3475);
#3474=EDGE_CURVE('',#3470,#3476,#3473,.T.);
#3478=DIRECTION('',(-0.442328,-0.896853,0.000000));
#3477=VECTOR('',#3478,0.457838);
#3479=LINE('',#3475,#3477);
#3481=CARTESIAN_POINT('',(739.7664,-300.1606,-560.0000));
#3482=VERTEX_POINT('',#3481);
#3480=EDGE_CURVE('',#3476,#3482,#3479,.T.);
#3484=DIRECTION('',(-0.321422,-0.946936,0.000000));
#3483=VECTOR('',#3484,0.457827);
#3485=LINE('',#3481,#3483);
#3487=CARTESIAN_POINT('',(739.6193,-300.5941,-560.0000));
#3488=VERTEX_POINT('',#3487);
#3486=EDGE_CURVE('',#3482,#3488,#3485,.T.);
#3490=DIRECTION('',(-0.195052,-0.980793,0.000000));
#3489=VECTOR('',#3490,0.457798);
#3491=LINE('',#3487,#3489);
#3493=CARTESIAN_POINT('',(739.5300,-301.0432,-560.0000));
#3494=VERTEX_POINT('',#3493);
#3492=EDGE_CURVE('',#3488,#3494,#3491,.T.);
#3496=DIRECTION('',(-0.065457,-0.997855,0.000000));
#3495=VECTOR('',#3496,0.457830);
#3497=LINE('',#3493,#3495);
#3499=CARTESIAN_POINT('',(739.5000,-301.5000,-560.0000));
#3500=VERTEX_POINT('',#3499);
#3498=EDGE_CURVE('',#3494,#3500,#3497,.T.);
#3502=DIRECTION('',(0.065457,-0.997855,0.000000));
#3501=VECTOR('',#3502,0.457830);
#3503=LINE('',#3499,#3501);
#3505=CARTESIAN_POINT('',(739.5300,-301.9568,-560.0000));
#3506=VERTEX_POINT('',#3505);
#3504=EDGE_CURVE('',#3500,#3506,#3503,.T.);
#3508=DIRECTION('',(0.195052,-0.980793,0.000000));
#3507=VECTOR('',#3508,0.457798);
#3509=LINE('',#3505,#3507);
#3511=CARTESIAN_POINT('',(739.6193,-302.4059,-560.0000));
#3512=VERTEX_POINT('',#3511);
#3510=EDGE_CURVE('',#3506,#3512,#3509,.T.);
#3514=DIRECTION('',(0.321422,-0.946936,0.000000));
#3513=VECTOR('',#3514,0.457827);
#3515=LINE('',#3511,#3513);
#3517=CARTESIAN_POINT('',(739.7664,-302.8394,-560.0000));
#3518=VERTEX_POINT('',#3517);
#3516=EDGE_CURVE('',#3512,#3518,#3515,.T.);
#3520=DIRECTION('',(0.442328,-0.896853,0.000000));
#3519=VECTOR('',#3520,0.457838);
#3521=LINE('',#3517,#3519);
#3523=CARTESIAN_POINT('',(739.9689,-303.2500,-560.0000));
#3524=VERTEX_POINT('',#3523);
#3522=EDGE_CURVE('',#3518,#3524,#3521,.T.);
#3526=DIRECTION('',(0.555531,-0.831496,0.000000));
#3525=VECTOR('',#3526,0.457821);
#3527=LINE('',#3523,#3525);
#3529=CARTESIAN_POINT('',(740.2233,-303.6307,-560.0000));
#3530=VERTEX_POINT('',#3529);
#3528=EDGE_CURVE('',#3524,#3530,#3527,.T.);
#3532=DIRECTION('',(0.659368,-0.751821,0.000000));
#3531=VECTOR('',#3532,0.457832);
#3533=LINE('',#3529,#3531);
#3535=CARTESIAN_POINT('',(740.5251,-303.9749,-560.0000));
#3536=VERTEX_POINT('',#3535);
#3534=EDGE_CURVE('',#3530,#3536,#3533,.T.);
#3538=DIRECTION('',(0.751825,-0.659363,0.000000));
#3537=VECTOR('',#3538,0.457789);
#3539=LINE('',#3535,#3537);
#3541=CARTESIAN_POINT('',(740.8693,-304.2767,-560.0000));
#3542=VERTEX_POINT('',#3541);
#3540=EDGE_CURVE('',#3536,#3542,#3539,.T.);
#3544=DIRECTION('',(0.831465,-0.555577,0.000000));
#3543=VECTOR('',#3544,0.457838);
#3545=LINE('',#3541,#3543);
#3547=CARTESIAN_POINT('',(741.2500,-304.5311,-560.0000));
#3548=VERTEX_POINT('',#3547);
#3546=EDGE_CURVE('',#3542,#3548,#3545,.T.);
#3550=DIRECTION('',(0.896867,-0.442301,0.000000));
#3549=VECTOR('',#3550,0.457798);
#3551=LINE('',#3547,#3549);
#3553=CARTESIAN_POINT('',(741.6606,-304.7336,-560.0000));
#3554=VERTEX_POINT('',#3553);
#3552=EDGE_CURVE('',#3548,#3554,#3551,.T.);
#3556=DIRECTION('',(0.946936,-0.321422,0.000000));
#3555=VECTOR('',#3556,0.457827);
#3557=LINE('',#3553,#3555);
#3559=CARTESIAN_POINT('',(742.0941,-304.8807,-560.0000));
#3560=VERTEX_POINT('',#3559);
#3558=EDGE_CURVE('',#3554,#3560,#3557,.T.);
#3562=DIRECTION('',(0.980783,-0.195103,0.000000));
#3561=VECTOR('',#3562,0.457834);
#3563=LINE('',#3559,#3561);
#3565=CARTESIAN_POINT('',(742.5432,-304.9701,-560.0000));
#3566=VERTEX_POINT('',#3565);
#3564=EDGE_CURVE('',#3560,#3566,#3563,.T.);
#3568=DIRECTION('',(0.997860,-0.065391,0.000000));
#3567=VECTOR('',#3568,0.457828);
#3569=LINE('',#3565,#3567);
#3571=CARTESIAN_POINT('',(743.0000,-305.0000,-560.0000));
#3572=VERTEX_POINT('',#3571);
#3570=EDGE_CURVE('',#3566,#3572,#3569,.T.);
#3574=DIRECTION('',(-0.997860,-0.065392,0.000000));
#3573=VECTOR('',#3574,122.339301);
#3575=LINE('',#3571,#3573);
#3576=EDGE_CURVE('',#3572,#3288,#3575,.T.);
#3578=DIRECTION('',(-1.000000,0.000000,0.000000));
#3577=VECTOR('',#3578,10.922546);
#3579=LINE('',#3286,#3577);
#3580=EDGE_CURVE('',#3288,#42,#3579,.T.);
#3582=DIRECTION('',(0.000000,1.000000,0.000000));
#3581=VECTOR('',#3582,1.676178);
#3583=LINE('',#40,#3581);
#3585=CARTESIAN_POINT('',(610.0000,-311.3238,-560.0000));
#3586=VERTEX_POINT('',#3585);
#3584=EDGE_CURVE('',#42,#3586,#3583,.T.);
#3588=DIRECTION('',(0.997860,0.065392,0.000000));
#3587=VECTOR('',#3588,97.164812);
#3589=LINE('',#3585,#3587);
#3591=CARTESIAN_POINT('',(706.9568,-304.9701,-560.0000));
#3592=VERTEX_POINT('',#3591);
#3590=EDGE_CURVE('',#3586,#3592,#3589,.T.);
#3594=DIRECTION('',(0.980783,0.195103,0.000000));
#3593=VECTOR('',#3594,0.457834);
#3595=LINE('',#3591,#3593);
#3597=CARTESIAN_POINT('',(707.4059,-304.8807,-560.0000));
#3598=VERTEX_POINT('',#3597);
#3596=EDGE_CURVE('',#3592,#3598,#3595,.T.);
#3600=DIRECTION('',(0.946936,0.321422,0.000000));
#3599=VECTOR('',#3600,0.457827);
#3601=LINE('',#3597,#3599);
#3603=CARTESIAN_POINT('',(707.8394,-304.7336,-560.0000));
#3604=VERTEX_POINT('',#3603);
#3602=EDGE_CURVE('',#3598,#3604,#3601,.T.);
#3606=DIRECTION('',(0.896867,0.442301,0.000000));
#3605=VECTOR('',#3606,0.457798);
#3607=LINE('',#3603,#3605);
#3609=CARTESIAN_POINT('',(708.2500,-304.5311,-560.0000));
#3610=VERTEX_POINT('',#3609);
#3608=EDGE_CURVE('',#3604,#3610,#3607,.T.);
#3612=DIRECTION('',(0.831465,0.555577,0.000000));
#3611=VECTOR('',#3612,0.457838);
#3613=LINE('',#3609,#3611);
#3615=CARTESIAN_POINT('',(708.6307,-304.2767,-560.0000));
#3616=VERTEX_POINT('',#3615);
#3614=EDGE_CURVE('',#3610,#3616,#3613,.T.);
#3618=DIRECTION('',(0.751825,0.659363,0.000000));
#3617=VECTOR('',#3618,0.457789);
#3619=LINE('',#3615,#3617);
#3621=CARTESIAN_POINT('',(708.9749,-303.9749,-560.0000));
#3622=VERTEX_POINT('',#3621);
#3620=EDGE_CURVE('',#3616,#3622,#3619,.T.);
#3624=DIRECTION('',(0.659368,0.751821,0.000000));
#3623=VECTOR('',#3624,0.457832);
#3625=LINE('',#3621,#3623);
#3627=CARTESIAN_POINT('',(709.2767,-303.6307,-560.0000));
#3628=VERTEX_POINT('',#3627);
#3626=EDGE_CURVE('',#3622,#3628,#3625,.T.);
#3630=DIRECTION('',(0.555531,0.831496,0.000000));
#3629=VECTOR('',#3630,0.457821);
#3631=LINE('',#3627,#3629);
#3633=CARTESIAN_POINT('',(709.5311,-303.2500,-560.0000));
#3634=VERTEX_POINT('',#3633);
#3632=EDGE_CURVE('',#3628,#3634,#3631,.T.);
#3636=DIRECTION('',(0.442328,0.896853,0.000000));
#3635=VECTOR('',#3636,0.457838);
#3637=LINE('',#3633,#3635);
#3639=CARTESIAN_POINT('',(709.7336,-302.8394,-560.0000));
#3640=VERTEX_POINT('',#3639);
#3638=EDGE_CURVE('',#3634,#3640,#3637,.T.);
#3642=DIRECTION('',(0.321422,0.946936,0.000000));
#3641=VECTOR('',#3642,0.457827);
#3643=LINE('',#3639,#3641);
#3645=CARTESIAN_POINT('',(709.8807,-302.4059,-560.0000));
#3646=VERTEX_POINT('',#3645);
#3644=EDGE_CURVE('',#3640,#3646,#3643,.T.);
#3648=DIRECTION('',(0.195052,0.980793,0.000000));
#3647=VECTOR('',#3648,0.457798);
#3649=LINE('',#3645,#3647);
#3651=CARTESIAN_POINT('',(709.9700,-301.9568,-560.0000));
#3652=VERTEX_POINT('',#3651);
#3650=EDGE_CURVE('',#3646,#3652,#3649,.T.);
#3654=DIRECTION('',(0.065457,0.997855,0.000000));
#3653=VECTOR('',#3654,0.457830);
#3655=LINE('',#3651,#3653);
#3657=CARTESIAN_POINT('',(710.0000,-301.5000,-560.0000));
#3658=VERTEX_POINT('',#3657);
#3656=EDGE_CURVE('',#3652,#3658,#3655,.T.);
#3660=DIRECTION('',(-0.065457,0.997855,0.000000));
#3659=VECTOR('',#3660,0.457830);
#3661=LINE('',#3657,#3659);
#3663=CARTESIAN_POINT('',(709.9700,-301.0432,-560.0000));
#3664=VERTEX_POINT('',#3663);
#3662=EDGE_CURVE('',#3658,#3664,#3661,.T.);
#3666=DIRECTION('',(-0.195052,0.980793,0.000000));
#3665=VECTOR('',#3666,0.457798);
#3667=LINE('',#3663,#3665);
#3669=CARTESIAN_POINT('',(709.8807,-300.5941,-560.0000));
#3670=VERTEX_POINT('',#3669);
#3668=EDGE_CURVE('',#3664,#3670,#3667,.T.);
#3672=DIRECTION('',(-0.321422,0.946936,0.000000));
#3671=VECTOR('',#3672,0.457827);
#3673=LINE('',#3669,#3671);
#3675=CARTESIAN_POINT('',(709.7336,-300.1606,-560.0000));
#3676=VERTEX_POINT('',#3675);
#3674=EDGE_CURVE('',#3670,#3676,#3673,.T.);
#3678=DIRECTION('',(-0.442328,0.896853,0.000000));
#3677=VECTOR('',#3678,0.457838);
#3679=LINE('',#3675,#3677);
#3681=CARTESIAN_POINT('',(709.5311,-299.7500,-560.0000));
#3682=VERTEX_POINT('',#3681);
#3680=EDGE_CURVE('',#3676,#3682,#3679,.T.);
#3684=DIRECTION('',(-0.555531,0.831496,0.000000));
#3683=VECTOR('',#3684,0.457821);
#3685=LINE('',#3681,#3683);
#3687=CARTESIAN_POINT('',(709.2767,-299.3693,-560.0000));
#3688=VERTEX_POINT('',#3687);
#3686=EDGE_CURVE('',#3682,#3688,#3685,.T.);
#3690=DIRECTION('',(-0.659368,0.751821,0.000000));
#3689=VECTOR('',#3690,0.457832);
#3691=LINE('',#3687,#3689);
#3693=CARTESIAN_POINT('',(708.9749,-299.0251,-560.0000));
#3694=VERTEX_POINT('',#3693);
#3692=EDGE_CURVE('',#3688,#3694,#3691,.T.);
#3696=DIRECTION('',(-0.751825,0.659363,0.000000));
#3695=VECTOR('',#3696,0.457789);
#3697=LINE('',#3693,#3695);
#3699=CARTESIAN_POINT('',(708.6307,-298.7233,-560.0000));
#3700=VERTEX_POINT('',#3699);
#3698=EDGE_CURVE('',#3694,#3700,#3697,.T.);
#3702=DIRECTION('',(-0.831465,0.555577,0.000000));
#3701=VECTOR('',#3702,0.457838);
#3703=LINE('',#3699,#3701);
#3705=CARTESIAN_POINT('',(708.2500,-298.4689,-560.0000));
#3706=VERTEX_POINT('',#3705);
#3704=EDGE_CURVE('',#3700,#3706,#3703,.T.);
#3708=DIRECTION('',(-0.896867,0.442301,0.000000));
#3707=VECTOR('',#3708,0.457798);
#3709=LINE('',#3705,#3707);
#3711=CARTESIAN_POINT('',(707.8394,-298.2664,-560.0000));
#3712=VERTEX_POINT('',#3711);
#3710=EDGE_CURVE('',#3706,#3712,#3709,.T.);
#3714=DIRECTION('',(-0.946936,0.321422,0.000000));
#3713=VECTOR('',#3714,0.457827);
#3715=LINE('',#3711,#3713);
#3717=CARTESIAN_POINT('',(707.4059,-298.1193,-560.0000));
#3718=VERTEX_POINT('',#3717);
#3716=EDGE_CURVE('',#3712,#3718,#3715,.T.);
#3720=DIRECTION('',(-0.980783,0.195103,0.000000));
#3719=VECTOR('',#3720,0.457834);
#3721=LINE('',#3717,#3719);
#3723=CARTESIAN_POINT('',(706.9568,-298.0299,-560.0000));
#3724=VERTEX_POINT('',#3723);
#3722=EDGE_CURVE('',#3718,#3724,#3721,.T.);
#3726=DIRECTION('',(-0.997860,0.065391,0.000000));
#3725=VECTOR('',#3726,0.457828);
#3727=LINE('',#3723,#3725);
#3729=CARTESIAN_POINT('',(706.5000,-298.0000,-560.0000));
#3730=VERTEX_POINT('',#3729);
#3728=EDGE_CURVE('',#3724,#3730,#3727,.T.);
#3732=DIRECTION('',(-0.997860,-0.065391,0.000000));
#3731=VECTOR('',#3732,0.457828);
#3733=LINE('',#3729,#3731);
#3735=CARTESIAN_POINT('',(706.0432,-298.0299,-560.0000));
#3736=VERTEX_POINT('',#3735);
#3734=EDGE_CURVE('',#3730,#3736,#3733,.T.);
#3738=DIRECTION('',(-0.980783,-0.195103,0.000000));
#3737=VECTOR('',#3738,0.457834);
#3739=LINE('',#3735,#3737);
#3741=CARTESIAN_POINT('',(705.5941,-298.1193,-560.0000));
#3742=VERTEX_POINT('',#3741);
#3740=EDGE_CURVE('',#3736,#3742,#3739,.T.);
#3744=DIRECTION('',(-0.946936,-0.321422,0.000000));
#3743=VECTOR('',#3744,0.457827);
#3745=LINE('',#3741,#3743);
#3747=CARTESIAN_POINT('',(705.1606,-298.2664,-560.0000));
#3748=VERTEX_POINT('',#3747);
#3746=EDGE_CURVE('',#3742,#3748,#3745,.T.);
#3750=DIRECTION('',(-0.896867,-0.442301,0.000000));
#3749=VECTOR('',#3750,0.457798);
#3751=LINE('',#3747,#3749);
#3753=CARTESIAN_POINT('',(704.7500,-298.4689,-560.0000));
#3754=VERTEX_POINT('',#3753);
#3752=EDGE_CURVE('',#3748,#3754,#3751,.T.);
#3756=DIRECTION('',(-0.831465,-0.555577,0.000000));
#3755=VECTOR('',#3756,0.457838);
#3757=LINE('',#3753,#3755);
#3759=CARTESIAN_POINT('',(704.3693,-298.7233,-560.0000));
#3760=VERTEX_POINT('',#3759);
#3758=EDGE_CURVE('',#3754,#3760,#3757,.T.);
#3762=DIRECTION('',(-0.751825,-0.659363,0.000000));
#3761=VECTOR('',#3762,0.457789);
#3763=LINE('',#3759,#3761);
#3765=CARTESIAN_POINT('',(704.0251,-299.0251,-560.0000));
#3766=VERTEX_POINT('',#3765);
#3764=EDGE_CURVE('',#3760,#3766,#3763,.T.);
#3768=DIRECTION('',(-0.659368,-0.751821,0.000000));
#3767=VECTOR('',#3768,0.457832);
#3769=LINE('',#3765,#3767);
#3771=CARTESIAN_POINT('',(703.7233,-299.3693,-560.0000));
#3772=VERTEX_POINT('',#3771);
#3770=EDGE_CURVE('',#3766,#3772,#3769,.T.);
#3774=DIRECTION('',(-0.555531,-0.831496,0.000000));
#3773=VECTOR('',#3774,0.457821);
#3775=LINE('',#3771,#3773);
#3777=CARTESIAN_POINT('',(703.4689,-299.7500,-560.0000));
#3778=VERTEX_POINT('',#3777);
#3776=EDGE_CURVE('',#3772,#3778,#3775,.T.);
#3780=DIRECTION('',(-0.442328,-0.896853,0.000000));
#3779=VECTOR('',#3780,0.457838);
#3781=LINE('',#3777,#3779);
#3783=CARTESIAN_POINT('',(703.2664,-300.1606,-560.0000));
#3784=VERTEX_POINT('',#3783);
#3782=EDGE_CURVE('',#3778,#3784,#3781,.T.);
#3786=DIRECTION('',(-0.321422,-0.946936,0.000000));
#3785=VECTOR('',#3786,0.457827);
#3787=LINE('',#3783,#3785);
#3789=CARTESIAN_POINT('',(703.1193,-300.5941,-560.0000));
#3790=VERTEX_POINT('',#3789);
#3788=EDGE_CURVE('',#3784,#3790,#3787,.T.);
#3792=DIRECTION('',(-0.195052,-0.980793,0.000000));
#3791=VECTOR('',#3792,0.457798);
#3793=LINE('',#3789,#3791);
#3795=CARTESIAN_POINT('',(703.0300,-301.0432,-560.0000));
#3796=VERTEX_POINT('',#3795);
#3794=EDGE_CURVE('',#3790,#3796,#3793,.T.);
#3798=DIRECTION('',(-0.065457,-0.997855,0.000000));
#3797=VECTOR('',#3798,0.457830);
#3799=LINE('',#3795,#3797);
#3801=CARTESIAN_POINT('',(703.0000,-301.5000,-560.0000));
#3802=VERTEX_POINT('',#3801);
#3800=EDGE_CURVE('',#3796,#3802,#3799,.T.);
#3804=DIRECTION('',(0.065457,-0.997855,0.000000));
#3803=VECTOR('',#3804,0.457830);
#3805=LINE('',#3801,#3803);
#3807=CARTESIAN_POINT('',(703.0300,-301.9568,-560.0000));
#3808=VERTEX_POINT('',#3807);
#3806=EDGE_CURVE('',#3802,#3808,#3805,.T.);
#3810=DIRECTION('',(0.195052,-0.980793,0.000000));
#3809=VECTOR('',#3810,0.457798);
#3811=LINE('',#3807,#3809);
#3813=CARTESIAN_POINT('',(703.1193,-302.4059,-560.0000));
#3814=VERTEX_POINT('',#3813);
#3812=EDGE_CURVE('',#3808,#3814,#3811,.T.);
#3816=DIRECTION('',(0.321422,-0.946936,0.000000));
#3815=VECTOR('',#3816,0.457827);
#3817=LINE('',#3813,#3815);
#3819=CARTESIAN_POINT('',(703.2664,-302.8394,-560.0000));
#3820=VERTEX_POINT('',#3819);
#3818=EDGE_CURVE('',#3814,#3820,#3817,.T.);
#3822=DIRECTION('',(0.442328,-0.896853,0.000000));
#3821=VECTOR('',#3822,0.457838);
#3823=LINE('',#3819,#3821);
#3825=CARTESIAN_POINT('',(703.4689,-303.2500,-560.0000));
#3826=VERTEX_POINT('',#3825);
#3824=EDGE_CURVE('',#3820,#3826,#3823,.T.);
#3828=DIRECTION('',(0.555531,-0.831496,0.000000));
#3827=VECTOR('',#3828,0.457821);
#3829=LINE('',#3825,#3827);
#3831=CARTESIAN_POINT('',(703.7233,-303.6307,-560.0000));
#3832=VERTEX_POINT('',#3831);
#3830=EDGE_CURVE('',#3826,#3832,#3829,.T.);
#3834=DIRECTION('',(0.659368,-0.751821,0.000000));
#3833=VECTOR('',#3834,0.457832);
#3835=LINE('',#3831,#3833);
#3837=CARTESIAN_POINT('',(704.0251,-303.9749,-560.0000));
#3838=VERTEX_POINT('',#3837);
#3836=EDGE_CURVE('',#3832,#3838,#3835,.T.);
#3840=DIRECTION('',(0.751825,-0.659363,0.000000));
#3839=VECTOR('',#3840,0.457789);
#3841=LINE('',#3837,#3839);
#3843=CARTESIAN_POINT('',(704.3693,-304.2767,-560.0000));
#3844=VERTEX_POINT('',#3843);
#3842=EDGE_CURVE('',#3838,#3844,#3841,.T.);
#3846=DIRECTION('',(0.831465,-0.555577,0.000000));
#3845=VECTOR('',#3846,0.457838);
#3847=LINE('',#3843,#3845);
#3849=CARTESIAN_POINT('',(704.7500,-304.5311,-560.0000));
#3850=VERTEX_POINT('',#3849);
#3848=EDGE_CURVE('',#3844,#3850,#3847,.T.);
#3852=DIRECTION('',(0.896867,-0.442301,0.000000));
#3851=VECTOR('',#3852,0.457798);
#3853=LINE('',#3849,#3851);
#3855=CARTESIAN_POINT('',(705.1606,-304.7336,-560.0000));
#3856=VERTEX_POINT('',#3855);
#3854=EDGE_CURVE('',#3850,#3856,#3853,.T.);
#3858=DIRECTION('',(0.946936,-0.321422,0.000000));
#3857=VECTOR('',#3858,0.457827);
#3859=LINE('',#3855,#3857);
#3861=CARTESIAN_POINT('',(705.5941,-304.8807,-560.0000));
#3862=VERTEX_POINT('',#3861);
#3860=EDGE_CURVE('',#3856,#3862,#3859,.T.);
#3864=DIRECTION('',(0.980783,-0.195103,0.000000));
#3863=VECTOR('',#3864,0.457834);
#3865=LINE('',#3861,#3863);
#3867=CARTESIAN_POINT('',(706.0432,-304.9701,-560.0000));
#3868=VERTEX_POINT('',#3867);
#3866=EDGE_CURVE('',#3862,#3868,#3865,.T.);
#3870=DIRECTION('',(0.997860,-0.065391,0.000000));
#3869=VECTOR('',#3870,0.457828);
#3871=LINE('',#3867,#3869);
#3873=CARTESIAN_POINT('',(706.5000,-305.0000,-560.0000));
#3874=VERTEX_POINT('',#3873);
#3872=EDGE_CURVE('',#3868,#3874,#3871,.T.);
#3876=DIRECTION('',(-0.997860,-0.065392,0.000000));
#3875=VECTOR('',#3876,96.706984);
#3877=LINE('',#3873,#3875);
#3878=EDGE_CURVE('',#3874,#3586,#3877,.T.);
#3880=DIRECTION('',(0.000000,1.000000,0.000000));
#3879=VECTOR('',#3880,2.391907);
#3881=LINE('',#3585,#3879);
#3883=CARTESIAN_POINT('',(610.0000,-308.9319,-560.0000));
#3884=VERTEX_POINT('',#3883);
#3882=EDGE_CURVE('',#3586,#3884,#3881,.T.);
#3886=DIRECTION('',(0.997860,0.065392,0.000000));
#3885=VECTOR('',#3886,60.586523);
#3887=LINE('',#3883,#3885);
#3889=CARTESIAN_POINT('',(670.4568,-304.9701,-560.0000));
#3890=VERTEX_POINT('',#3889);
#3888=EDGE_CURVE('',#3884,#3890,#3887,.T.);
#3892=DIRECTION('',(0.980783,0.195103,0.000000));
#3891=VECTOR('',#3892,0.457834);
#3893=LINE('',#3889,#3891);
#3895=CARTESIAN_POINT('',(670.9059,-304.8807,-560.0000));
#3896=VERTEX_POINT('',#3895);
#3894=EDGE_CURVE('',#3890,#3896,#3893,.T.);
#3898=DIRECTION('',(0.946936,0.321422,0.000000));
#3897=VECTOR('',#3898,0.457827);
#3899=LINE('',#3895,#3897);
#3901=CARTESIAN_POINT('',(671.3394,-304.7336,-560.0000));
#3902=VERTEX_POINT('',#3901);
#3900=EDGE_CURVE('',#3896,#3902,#3899,.T.);
#3904=DIRECTION('',(0.896867,0.442301,0.000000));
#3903=VECTOR('',#3904,0.457798);
#3905=LINE('',#3901,#3903);
#3907=CARTESIAN_POINT('',(671.7500,-304.5311,-560.0000));
#3908=VERTEX_POINT('',#3907);
#3906=EDGE_CURVE('',#3902,#3908,#3905,.T.);
#3910=DIRECTION('',(0.831465,0.555577,0.000000));
#3909=VECTOR('',#3910,0.457838);
#3911=LINE('',#3907,#3909);
#3913=CARTESIAN_POINT('',(672.1307,-304.2767,-560.0000));
#3914=VERTEX_POINT('',#3913);
#3912=EDGE_CURVE('',#3908,#3914,#3911,.T.);
#3916=DIRECTION('',(0.751825,0.659363,0.000000));
#3915=VECTOR('',#3916,0.457789);
#3917=LINE('',#3913,#3915);
#3919=CARTESIAN_POINT('',(672.4749,-303.9749,-560.0000));
#3920=VERTEX_POINT('',#3919);
#3918=EDGE_CURVE('',#3914,#3920,#3917,.T.);
#3922=DIRECTION('',(0.659368,0.751821,0.000000));
#3921=VECTOR('',#3922,0.457832);
#3923=LINE('',#3919,#3921);
#3925=CARTESIAN_POINT('',(672.7767,-303.6307,-560.0000));
#3926=VERTEX_POINT('',#3925);
#3924=EDGE_CURVE('',#3920,#3926,#3923,.T.);
#3928=DIRECTION('',(0.555531,0.831496,0.000000));
#3927=VECTOR('',#3928,0.457821);
#3929=LINE('',#3925,#3927);
#3931=CARTESIAN_POINT('',(673.0311,-303.2500,-560.0000));
#3932=VERTEX_POINT('',#3931);
#3930=EDGE_CURVE('',#3926,#3932,#3929,.T.);
#3934=DIRECTION('',(0.442328,0.896853,0.000000));
#3933=VECTOR('',#3934,0.457838);
#3935=LINE('',#3931,#3933);
#3937=CARTESIAN_POINT('',(673.2336,-302.8394,-560.0000));
#3938=VERTEX_POINT('',#3937);
#3936=EDGE_CURVE('',#3932,#3938,#3935,.T.);
#3940=DIRECTION('',(0.321422,0.946936,0.000000));
#3939=VECTOR('',#3940,0.457827);
#3941=LINE('',#3937,#3939);
#3943=CARTESIAN_POINT('',(673.3807,-302.4059,-560.0000));
#3944=VERTEX_POINT('',#3943);
#3942=EDGE_CURVE('',#3938,#3944,#3941,.T.);
#3946=DIRECTION('',(0.195052,0.980793,0.000000));
#3945=VECTOR('',#3946,0.457798);
#3947=LINE('',#3943,#3945);
#3949=CARTESIAN_POINT('',(673.4700,-301.9568,-560.0000));
#3950=VERTEX_POINT('',#3949);
#3948=EDGE_CURVE('',#3944,#3950,#3947,.T.);
#3952=DIRECTION('',(0.065457,0.997855,0.000000));
#3951=VECTOR('',#3952,0.457830);
#3953=LINE('',#3949,#3951);
#3955=CARTESIAN_POINT('',(673.5000,-301.5000,-560.0000));
#3956=VERTEX_POINT('',#3955);
#3954=EDGE_CURVE('',#3950,#3956,#3953,.T.);
#3958=DIRECTION('',(-0.065457,0.997855,0.000000));
#3957=VECTOR('',#3958,0.457830);
#3959=LINE('',#3955,#3957);
#3961=CARTESIAN_POINT('',(673.4700,-301.0432,-560.0000));
#3962=VERTEX_POINT('',#3961);
#3960=EDGE_CURVE('',#3956,#3962,#3959,.T.);
#3964=DIRECTION('',(-0.195052,0.980793,0.000000));
#3963=VECTOR('',#3964,0.457798);
#3965=LINE('',#3961,#3963);
#3967=CARTESIAN_POINT('',(673.3807,-300.5941,-560.0000));
#3968=VERTEX_POINT('',#3967);
#3966=EDGE_CURVE('',#3962,#3968,#3965,.T.);
#3970=DIRECTION('',(-0.321422,0.946936,0.000000));
#3969=VECTOR('',#3970,0.457827);
#3971=LINE('',#3967,#3969);
#3973=CARTESIAN_POINT('',(673.2336,-300.1606,-560.0000));
#3974=VERTEX_POINT('',#3973);
#3972=EDGE_CURVE('',#3968,#3974,#3971,.T.);
#3976=DIRECTION('',(-0.442328,0.896853,0.000000));
#3975=VECTOR('',#3976,0.457838);
#3977=LINE('',#3973,#3975);
#3979=CARTESIAN_POINT('',(673.0311,-299.7500,-560.0000));
#3980=VERTEX_POINT('',#3979);
#3978=EDGE_CURVE('',#3974,#3980,#3977,.T.);
#3982=DIRECTION('',(-0.555531,0.831496,0.000000));
#3981=VECTOR('',#3982,0.457821);
#3983=LINE('',#3979,#3981);
#3985=CARTESIAN_POINT('',(672.7767,-299.3693,-560.0000));
#3986=VERTEX_POINT('',#3985);
#3984=EDGE_CURVE('',#3980,#3986,#3983,.T.);
#3988=DIRECTION('',(-0.659368,0.751821,0.000000));
#3987=VECTOR('',#3988,0.457832);
#3989=LINE('',#3985,#3987);
#3991=CARTESIAN_POINT('',(672.4749,-299.0251,-560.0000));
#3992=VERTEX_POINT('',#3991);
#3990=EDGE_CURVE('',#3986,#3992,#3989,.T.);
#3994=DIRECTION('',(-0.751825,0.659363,0.000000));
#3993=VECTOR('',#3994,0.457789);
#3995=LINE('',#3991,#3993);
#3997=CARTESIAN_POINT('',(672.1307,-298.7233,-560.0000));
#3998=VERTEX_POINT('',#3997);
#3996=EDGE_CURVE('',#3992,#3998,#3995,.T.);
#4000=DIRECTION('',(-0.831465,0.555577,0.000000));
#3999=VECTOR('',#4000,0.457838);
#4001=LINE('',#3997,#3999);
#4003=CARTESIAN_POINT('',(671.7500,-298.4689,-560.0000));
#4004=VERTEX_POINT('',#4003);
#4002=EDGE_CURVE('',#3998,#4004,#4001,.T.);
#4006=DIRECTION('',(-0.896867,0.442301,0.000000));
#4005=VECTOR('',#4006,0.457798);
#4007=LINE('',#4003,#4005);
#4009=CARTESIAN_POINT('',(671.3394,-298.2664,-560.0000));
#4010=VERTEX_POINT('',#4009);
#4008=EDGE_CURVE('',#4004,#4010,#4007,.T.);
#4012=DIRECTION('',(-0.946936,0.321422,0.000000));
#4011=VECTOR('',#4012,0.457827);
#4013=LINE('',#4009,#4011);
#4015=CARTESIAN_POINT('',(670.9059,-298.1193,-560.0000));
#4016=VERTEX_POINT('',#4015);
#4014=EDGE_CURVE('',#4010,#4016,#4013,.T.);
#4018=DIRECTION('',(-0.980783,0.195103,0.000000));
#4017=VECTOR('',#4018,0.457834);
#4019=LINE('',#4015,#4017);
#4021=CARTESIAN_POINT('',(670.4568,-298.0299,-560.0000));
#4022=VERTEX_POINT('',#4021);
#4020=EDGE_CURVE('',#4016,#4022,#4019,.T.);
#4024=DIRECTION('',(-0.997860,0.065391,0.000000));
#4023=VECTOR('',#4024,0.457828);
#4025=LINE('',#4021,#4023);
#4027=CARTESIAN_POINT('',(670.0000,-298.0000,-560.0000));
#4028=VERTEX_POINT('',#4027);
#4026=EDGE_CURVE('',#4022,#4028,#4025,.T.);
#4030=DIRECTION('',(-0.997860,-0.065391,0.000000));
#4029=VECTOR('',#4030,0.457828);
#4031=LINE('',#4027,#4029);
#4033=CARTESIAN_POINT('',(669.5432,-298.0299,-560.0000));
#4034=VERTEX_POINT('',#4033);
#4032=EDGE_CURVE('',#4028,#4034,#4031,.T.);
#4036=DIRECTION('',(-0.980783,-0.195103,0.000000));
#4035=VECTOR('',#4036,0.457834);
#4037=LINE('',#4033,#4035);
#4039=CARTESIAN_POINT('',(669.0941,-298.1193,-560.0000));
#4040=VERTEX_POINT('',#4039);
#4038=EDGE_CURVE('',#4034,#4040,#4037,.T.);
#4042=DIRECTION('',(-0.946936,-0.321422,0.000000));
#4041=VECTOR('',#4042,0.457827);
#4043=LINE('',#4039,#4041);
#4045=CARTESIAN_POINT('',(668.6606,-298.2664,-560.0000));
#4046=VERTEX_POINT('',#4045);
#4044=EDGE_CURVE('',#4040,#4046,#4043,.T.);
#4048=DIRECTION('',(-0.896867,-0.442301,0.000000));
#4047=VECTOR('',#4048,0.457798);
#4049=LINE('',#4045,#4047);
#4051=CARTESIAN_POINT('',(668.2500,-298.4689,-560.0000));
#4052=VERTEX_POINT('',#4051);
#4050=EDGE_CURVE('',#4046,#4052,#4049,.T.);
#4054=DIRECTION('',(-0.831465,-0.555577,0.000000));
#4053=VECTOR('',#4054,0.457838);
#4055=LINE('',#4051,#4053);
#4057=CARTESIAN_POINT('',(667.8693,-298.7233,-560.0000));
#4058=VERTEX_POINT('',#4057);
#4056=EDGE_CURVE('',#4052,#4058,#4055,.T.);
#4060=DIRECTION('',(-0.751825,-0.659363,0.000000));
#4059=VECTOR('',#4060,0.457789);
#4061=LINE('',#4057,#4059);
#4063=CARTESIAN_POINT('',(667.5251,-299.0251,-560.0000));
#4064=VERTEX_POINT('',#4063);
#4062=EDGE_CURVE('',#4058,#4064,#4061,.T.);
#4066=DIRECTION('',(-0.659368,-0.751821,0.000000));
#4065=VECTOR('',#4066,0.457832);
#4067=LINE('',#4063,#4065);
#4069=CARTESIAN_POINT('',(667.2233,-299.3693,-560.0000));
#4070=VERTEX_POINT('',#4069);
#4068=EDGE_CURVE('',#4064,#4070,#4067,.T.);
#4072=DIRECTION('',(-0.555531,-0.831496,0.000000));
#4071=VECTOR('',#4072,0.457821);
#4073=LINE('',#4069,#4071);
#4075=CARTESIAN_POINT('',(666.9689,-299.7500,-560.0000));
#4076=VERTEX_POINT('',#4075);
#4074=EDGE_CURVE('',#4070,#4076,#4073,.T.);
#4078=DIRECTION('',(-0.442328,-0.896853,0.000000));
#4077=VECTOR('',#4078,0.457838);
#4079=LINE('',#4075,#4077);
#4081=CARTESIAN_POINT('',(666.7664,-300.1606,-560.0000));
#4082=VERTEX_POINT('',#4081);
#4080=EDGE_CURVE('',#4076,#4082,#4079,.T.);
#4084=DIRECTION('',(-0.321422,-0.946936,0.000000));
#4083=VECTOR('',#4084,0.457827);
#4085=LINE('',#4081,#4083);
#4087=CARTESIAN_POINT('',(666.6193,-300.5941,-560.0000));
#4088=VERTEX_POINT('',#4087);
#4086=EDGE_CURVE('',#4082,#4088,#4085,.T.);
#4090=DIRECTION('',(-0.195052,-0.980793,0.000000));
#4089=VECTOR('',#4090,0.457798);
#4091=LINE('',#4087,#4089);
#4093=CARTESIAN_POINT('',(666.5300,-301.0432,-560.0000));
#4094=VERTEX_POINT('',#4093);
#4092=EDGE_CURVE('',#4088,#4094,#4091,.T.);
#4096=DIRECTION('',(-0.065457,-0.997855,0.000000));
#4095=VECTOR('',#4096,0.457830);
#4097=LINE('',#4093,#4095);
#4099=CARTESIAN_POINT('',(666.5000,-301.5000,-560.0000));
#4100=VERTEX_POINT('',#4099);
#4098=EDGE_CURVE('',#4094,#4100,#4097,.T.);
#4102=DIRECTION('',(0.065457,-0.997855,0.000000));
#4101=VECTOR('',#4102,0.457830);
#4103=LINE('',#4099,#4101);
#4105=CARTESIAN_POINT('',(666.5300,-301.9568,-560.0000));
#4106=VERTEX_POINT('',#4105);
#4104=EDGE_CURVE('',#4100,#4106,#4103,.T.);
#4108=DIRECTION('',(0.195052,-0.980793,0.000000));
#4107=VECTOR('',#4108,0.457798);
#4109=LINE('',#4105,#4107);
#4111=CARTESIAN_POINT('',(666.6193,-302.4059,-560.0000));
#4112=VERTEX_POINT('',#4111);
#4110=EDGE_CURVE('',#4106,#4112,#4109,.T.);
#4114=DIRECTION('',(0.321422,-0.946936,0.000000));
#4113=VECTOR('',#4114,0.457827);
#4115=LINE('',#4111,#4113);
#4117=CARTESIAN_POINT('',(666.7664,-302.8394,-560.0000));
#4118=VERTEX_POINT('',#4117);
#4116=EDGE_CURVE('',#4112,#4118,#4115,.T.);
#4120=DIRECTION('',(0.442328,-0.896853,0.000000));
#4119=VECTOR('',#4120,0.457838);
#4121=LINE('',#4117,#4119);
#4123=CARTESIAN_POINT('',(666.9689,-303.2500,-560.0000));
#4124=VERTEX_POINT('',#4123);
#4122=EDGE_CURVE('',#4118,#4124,#4121,.T.);
#4126=DIRECTION('',(0.555531,-0.831496,0.000000));
#4125=VECTOR('',#4126,0.457821);
#4127=LINE('',#4123,#4125);
#4129=CARTESIAN_POINT('',(667.2233,-303.6307,-560.0000));
#4130=VERTEX_POINT('',#4129);
#4128=EDGE_CURVE('',#4124,#4130,#4127,.T.);
#4132=DIRECTION('',(0.659368,-0.751821,0.000000));
#4131=VECTOR('',#4132,0.457832);
#4133=LINE('',#4129,#4131);
#4135=CARTESIAN_POINT('',(667.5251,-303.9749,-560.0000));
#4136=VERTEX_POINT('',#4135);
#4134=EDGE_CURVE('',#4130,#4136,#4133,.T.);
#4138=DIRECTION('',(0.751825,-0.659363,0.000000));
#4137=VECTOR('',#4138,0.457789);
#4139=LINE('',#4135,#4137);
#4141=CARTESIAN_POINT('',(667.8693,-304.2767,-560.0000));
#4142=VERTEX_POINT('',#4141);
#4140=EDGE_CURVE('',#4136,#4142,#4139,.T.);
#4144=DIRECTION('',(0.831465,-0.555577,0.000000));
#4143=VECTOR('',#4144,0.457838);
#4145=LINE('',#4141,#4143);
#4147=CARTESIAN_POINT('',(668.2500,-304.5311,-560.0000));
#4148=VERTEX_POINT('',#4147);
#4146=EDGE_CURVE('',#4142,#4148,#4145,.T.);
#4150=DIRECTION('',(0.896867,-0.442301,0.000000));
#4149=VECTOR('',#4150,0.457798);
#4151=LINE('',#4147,#4149);
#4153=CARTESIAN_POINT('',(668.6606,-304.7336,-560.0000));
#4154=VERTEX_POINT('',#4153);
#4152=EDGE_CURVE('',#4148,#4154,#4151,.T.);
#4156=DIRECTION('',(0.946936,-0.321422,0.000000));
#4155=VECTOR('',#4156,0.457827);
#4157=LINE('',#4153,#4155);
#4159=CARTESIAN_POINT('',(669.0941,-304.8807,-560.0000));
#4160=VERTEX_POINT('',#4159);
#4158=EDGE_CURVE('',#4154,#4160,#4157,.T.);
#4162=DIRECTION('',(0.980783,-0.195103,0.000000));
#4161=VECTOR('',#4162,0.457834);
#4163=LINE('',#4159,#4161);
#4165=CARTESIAN_POINT('',(669.5432,-304.9701,-560.0000));
#4166=VERTEX_POINT('',#4165);
#4164=EDGE_CURVE('',#4160,#4166,#4163,.T.);
#4168=DIRECTION('',(0.997860,-0.065391,0.000000));
#4167=VECTOR('',#4168,0.457828);
#4169=LINE('',#4165,#4167);
#4171=CARTESIAN_POINT('',(670.0000,-305.0000,-560.0000));
#4172=VERTEX_POINT('',#4171);
#4170=EDGE_CURVE('',#4166,#4172,#4169,.T.);
#4174=DIRECTION('',(-0.997860,-0.065392,0.000000));
#4173=VECTOR('',#4174,60.128695);
#4175=LINE('',#4171,#4173);
#4176=EDGE_CURVE('',#4172,#3884,#4175,.T.);
#4178=DIRECTION('',(0.000000,1.000000,0.000000));
#4177=VECTOR('',#4178,607.931915);
#4179=LINE('',#3883,#4177);
#4180=EDGE_CURVE('',#3884,#56,#4179,.T.);
#4182=DIRECTION('',(1.000000,0.000000,0.000000));
#4181=VECTOR('',#4182,193.000000);
#4183=LINE('',#55,#4181);
#4184=EDGE_CURVE('',#56,#90,#4183,.T.);
#4186=DIRECTION('',(0.000000,-1.000000,0.000000));
#4185=VECTOR('',#4186,612.000000);
#4187=LINE('',#89,#4185);
#4188=EDGE_CURVE('',#90,#135,#4187,.T.);
#4190=DIRECTION('',(-1.000000,0.000000,0.000000));
#4189=VECTOR('',#4190,182.077454);
#4191=LINE('',#134,#4189);
#4192=EDGE_CURVE('',#135,#3288,#4191,.T.);
#4193=ORIENTED_EDGE('',*,*,#3287,.T.);
#4194=ORIENTED_EDGE('',*,*,#3294,.T.);
#4195=ORIENTED_EDGE('',*,*,#3300,.T.);
#4196=ORIENTED_EDGE('',*,*,#3306,.T.);
#4197=ORIENTED_EDGE('',*,*,#3312,.T.);
#4198=ORIENTED_EDGE('',*,*,#3318,.T.);
#4199=ORIENTED_EDGE('',*,*,#3324,.T.);
#4200=ORIENTED_EDGE('',*,*,#3330,.T.);
#4201=ORIENTED_EDGE('',*,*,#3336,.T.);
#4202=ORIENTED_EDGE('',*,*,#3342,.T.);
#4203=ORIENTED_EDGE('',*,*,#3348,.T.);
#4204=ORIENTED_EDGE('',*,*,#3354,.T.);
#4205=ORIENTED_EDGE('',*,*,#3360,.T.);
#4206=ORIENTED_EDGE('',*,*,#3366,.T.);
#4207=ORIENTED_EDGE('',*,*,#3372,.T.);
#4208=ORIENTED_EDGE('',*,*,#3378,.T.);
#4209=ORIENTED_EDGE('',*,*,#3384,.T.);
#4210=ORIENTED_EDGE('',*,*,#3390,.T.);
#4211=ORIENTED_EDGE('',*,*,#3396,.T.);
#4212=ORIENTED_EDGE('',*,*,#3402,.T.);
#4213=ORIENTED_EDGE('',*,*,#3408,.T.);
#4214=ORIENTED_EDGE('',*,*,#3414,.T.);
#4215=ORIENTED_EDGE('',*,*,#3420,.T.);
#4216=ORIENTED_EDGE('',*,*,#3426,.T.);
#4217=ORIENTED_EDGE('',*,*,#3432,.T.);
#4218=ORIENTED_EDGE('',*,*,#3438,.T.);
#4219=ORIENTED_EDGE('',*,*,#3444,.T.);
#4220=ORIENTED_EDGE('',*,*,#3450,.T.);
#4221=ORIENTED_EDGE('',*,*,#3456,.T.);
#4222=ORIENTED_EDGE('',*,*,#3462,.T.);
#4223=ORIENTED_EDGE('',*,*,#3468,.T.);
#4224=ORIENTED_EDGE('',*,*,#3474,.T.);
#4225=ORIENTED_EDGE('',*,*,#3480,.T.);
#4226=ORIENTED_EDGE('',*,*,#3486,.T.);
#4227=ORIENTED_EDGE('',*,*,#3492,.T.);
#4228=ORIENTED_EDGE('',*,*,#3498,.T.);
#4229=ORIENTED_EDGE('',*,*,#3504,.T.);
#4230=ORIENTED_EDGE('',*,*,#3510,.T.);
#4231=ORIENTED_EDGE('',*,*,#3516,.T.);
#4232=ORIENTED_EDGE('',*,*,#3522,.T.);
#4233=ORIENTED_EDGE('',*,*,#3528,.T.);
#4234=ORIENTED_EDGE('',*,*,#3534,.T.);
#4235=ORIENTED_EDGE('',*,*,#3540,.T.);
#4236=ORIENTED_EDGE('',*,*,#3546,.T.);
#4237=ORIENTED_EDGE('',*,*,#3552,.T.);
#4238=ORIENTED_EDGE('',*,*,#3558,.T.);
#4239=ORIENTED_EDGE('',*,*,#3564,.T.);
#4240=ORIENTED_EDGE('',*,*,#3570,.T.);
#4241=ORIENTED_EDGE('',*,*,#3576,.T.);
#4242=ORIENTED_EDGE('',*,*,#3580,.T.);
#4243=ORIENTED_EDGE('',*,*,#3584,.T.);
#4244=ORIENTED_EDGE('',*,*,#3590,.T.);
#4245=ORIENTED_EDGE('',*,*,#3596,.T.);
#4246=ORIENTED_EDGE('',*,*,#3602,.T.);
#4247=ORIENTED_EDGE('',*,*,#3608,.T.);
#4248=ORIENTED_EDGE('',*,*,#3614,.T.);
#4249=ORIENTED_EDGE('',*,*,#3620,.T.);
#4250=ORIENTED_EDGE('',*,*,#3626,.T.);
#4251=ORIENTED_EDGE('',*,*,#3632,.T.);
#4252=ORIENTED_EDGE('',*,*,#3638,.T.);
#4253=ORIENTED_EDGE('',*,*,#3644,.T.);
#4254=ORIENTED_EDGE('',*,*,#3650,.T.);
#4255=ORIENTED_EDGE('',*,*,#3656,.T.);
#4256=ORIENTED_EDGE('',*,*,#3662,.T.);
#4257=ORIENTED_EDGE('',*,*,#3668,.T.);
#4258=ORIENTED_EDGE('',*,*,#3674,.T.);
#4259=ORIENTED_EDGE('',*,*,#3680,.T.);
#4260=ORIENTED_EDGE('',*,*,#3686,.T.);
#4261=ORIENTED_EDGE('',*,*,#3692,.T.);
#4262=ORIENTED_EDGE('',*,*,#3698,.T.);
#4263=ORIENTED_EDGE('',*,*,#3704,.T.);
#4264=ORIENTED_EDGE('',*,*,#3710,.T.);
#4265=ORIENTED_EDGE('',*,*,#3716,.T.);
#4266=ORIENTED_EDGE('',*,*,#3722,.T.);
#4267=ORIENTED_EDGE('',*,*,#3728,.T.);
#4268=ORIENTED_EDGE('',*,*,#3734,.T.);
#4269=ORIENTED_EDGE('',*,*,#3740,.T.);
#4270=ORIENTED_EDGE('',*,*,#3746,.T.);
#4271=ORIENTED_EDGE('',*,*,#3752,.T.);
#4272=ORIENTED_EDGE('',*,*,#3758,.T.);
#4273=ORIENTED_EDGE('',*,*,#3764,.T.);
#4274=ORIENTED_EDGE('',*,*,#3770,.T.);
#4275=ORIENTED_EDGE('',*,*,#3776,.T.);
#4276=ORIENTED_EDGE('',*,*,#3782,.T.);
#4277=ORIENTED_EDGE('',*,*,#3788,.T.);
#4278=ORIENTED_EDGE('',*,*,#3794,.T.);
#4279=ORIENTED_EDGE('',*,*,#3800,.T.);
#4280=ORIENTED_EDGE('',*,*,#3806,.T.);
#4281=ORIENTED_EDGE('',*,*,#3812,.T.);
#4282=ORIENTED_EDGE('',*,*,#3818,.T.);
#4283=ORIENTED_EDGE('',*,*,#3824,.T.);
#4284=ORIENTED_EDGE('',*,*,#3830,.T.);
#4285=ORIENTED_EDGE('',*,*,#3836,.T.);
#4286=ORIENTED_EDGE('',*,*,#3842,.T.);
#4287=ORIENTED_EDGE('',*,*,#3848,.T.);
#4288=ORIENTED_EDGE('',*,*,#3854,.T.);
#4289=ORIENTED_EDGE('',*,*,#3860,.T.);
#4290=ORIENTED_EDGE('',*,*,#3866,.T.);
#4291=ORIENTED_EDGE('',*,*,#3872,.T.);
#4292=ORIENTED_EDGE('',*,*,#3878,.T.);
#4293=ORIENTED_EDGE('',*,*,#3882,.T.);
#4294=ORIENTED_EDGE('',*,*,#3888,.T.);
#4295=ORIENTED_EDGE('',*,*,#3894,.T.);
#4296=ORIENTED_EDGE('',*,*,#3900,.T.);
#4297=ORIENTED_EDGE('',*,*,#3906,.T.);
#4298=ORIENTED_EDGE('',*,*,#3912,.T.);
#4299=ORIENTED_EDGE('',*,*,#3918,.T.);
#4300=ORIENTED_EDGE('',*,*,#3924,.T.);
#4301=ORIENTED_EDGE('',*,*,#3930,.T.);
#4302=ORIENTED_EDGE('',*,*,#3936,.T.);
#4303=ORIENTED_EDGE('',*,*,#3942,.T.);
#4304=ORIENTED_EDGE('',*,*,#3948,.T.);
#4305=ORIENTED_EDGE('',*,*,#3954,.T.);
#4306=ORIENTED_EDGE('',*,*,#3960,.T.);
#4307=ORIENTED_EDGE('',*,*,#3966,.T.);
#4308=ORIENTED_EDGE('',*,*,#3972,.T.);
#4309=ORIENTED_EDGE('',*,*,#3978,.T.);
#4310=ORIENTED_EDGE('',*,*,#3984,.T.);
#4311=ORIENTED_EDGE('',*,*,#3990,.T.);
#4312=ORIENTED_EDGE('',*,*,#3996,.T.);
#4313=ORIENTED_EDGE('',*,*,#4002,.T.);
#4314=ORIENTED_EDGE('',*,*,#4008,.T.);
#4315=ORIENTED_EDGE('',*,*,#4014,.T.);
#4316=ORIENTED_EDGE('',*,*,#4020,.T.);
#4317=ORIENTED_EDGE('',*,*,#4026,.T.);
#4318=ORIENTED_EDGE('',*,*,#4032,.T.);
#4319=ORIENTED_EDGE('',*,*,#4038,.T.);
#4320=ORIENTED_EDGE('',*,*,#4044,.T.);
#4321=ORIENTED_EDGE('',*,*,#4050,.T.);
#4322=ORIENTED_EDGE('',*,*,#4056,.T.);
#4323=ORIENTED_EDGE('',*,*,#4062,.T.);
#4324=ORIENTED_EDGE('',*,*,#4068,.T.);
#4325=ORIENTED_EDGE('',*,*,#4074,.T.);
#4326=ORIENTED_EDGE('',*,*,#4080,.T.);
#4327=ORIENTED_EDGE('',*,*,#4086,.T.);
#4328=ORIENTED_EDGE('',*,*,#4092,.T.);
#4329=ORIENTED_EDGE('',*,*,#4098,.T.);
#4330=ORIENTED_EDGE('',*,*,#4104,.T.);
#4331=ORIENTED_EDGE('',*,*,#4110,.T.);
#4332=ORIENTED_EDGE('',*,*,#4116,.T.);
#4333=ORIENTED_EDGE('',*,*,#4122,.T.);
#4334=ORIENTED_EDGE('',*,*,#4128,.T.);
#4335=ORIENTED_EDGE('',*,*,#4134,.T.);
#4336=ORIENTED_EDGE('',*,*,#4140,.T.);
#4337=ORIENTED_EDGE('',*,*,#4146,.T.);
#4338=ORIENTED_EDGE('',*,*,#4152,.T.);
#4339=ORIENTED_EDGE('',*,*,#4158,.T.);
#4340=ORIENTED_EDGE('',*,*,#4164,.T.);
#4341=ORIENTED_EDGE('',*,*,#4170,.T.);
#4342=ORIENTED_EDGE('',*,*,#4176,.T.);
#4343=ORIENTED_EDGE('',*,*,#4180,.T.);
#4344=ORIENTED_EDGE('',*,*,#4184,.T.);
#4345=ORIENTED_EDGE('',*,*,#4188,.T.);
#4346=ORIENTED_EDGE('',*,*,#4192,.T.);
#4347=EDGE_LOOP('',(#4193,#4194,#4195,#4196,#4197,#4198,#4199,#4200,#4201,#4202,#4203,#4204,#4205,#4206,#4207,#4208,#4209,#4210,#4211,#4212,#4213,#4214,#4215,#4216,#4217,#4218,#4219,#4220,#4221,#4222,#4223,#4224,#4225,#4226,#4227,#4228,#4229,#4230,#4231,#4232,#4233,#4234,#4235,#4236,#4237,#4238,#4239,#4240,#4241,#4242,#4243,#4244,#4245,#4246,#4247,#4248,#4249,#4250,#4251,#4252,#4253,#4254,#4255,#4256,#4257,#4258,#4259,#4260,#4261,#4262,#4263,#4264,#4265,#4266,#4267,#4268,#4269,#4270,#4271,#4272,#4273,#4274,#4275,#4276,#4277,#4278,#4279,#4280,#4281,#4282,#4283,#4284,#4285,#4286,#4287,#4288,#4289,#4290,#4291,#4292,#4293,#4294,#4295,#4296,#4297,#4298,#4299,#4300,#4301,#4302,#4303,#4304,#4305,#4306,#4307,#4308,#4309,#4310,#4311,#4312,#4313,#4314,#4315,#4316,#4317,#4318,#4319,#4320,#4321,#4322,#4323,#4324,#4325,#4326,#4327,#4328,#4329,#4330,#4331,#4332,#4333,#4334,#4335,#4336,#4337,#4338,#4339,#4340,#4341,#4342,#4343,#4344,#4345,#4346));
#4348=FACE_OUTER_BOUND('',#4347,.T.);
#4350=DIRECTION('',(0.980786,0.195086,0.000000));
#4349=VECTOR('',#4350,0.523237);
#4352=CARTESIAN_POINT('',(690.5221,-3.9658,-560.0000));
#4351=LINE('',#4352,#4349);
#4354=VERTEX_POINT('',#4352);
#4355=CARTESIAN_POINT('',(691.0353,-3.8637,-560.0000));
#4356=VERTEX_POINT('',#4355);
#4353=EDGE_CURVE('',#4354,#4356,#4351,.T.);
#4358=DIRECTION('',(0.946935,0.321425,0.000000));
#4357=VECTOR('',#4358,0.523250);
#4359=LINE('',#4355,#4357);
#4361=CARTESIAN_POINT('',(691.5308,-3.6955,-560.0000));
#4362=VERTEX_POINT('',#4361);
#4360=EDGE_CURVE('',#4356,#4362,#4359,.T.);
#4364=DIRECTION('',(0.896862,0.442310,0.000000));
#4363=VECTOR('',#4364,0.523200);
#4365=LINE('',#4361,#4363);
#4367=CARTESIAN_POINT('',(692.0000,-3.4641,-560.0000));
#4368=VERTEX_POINT('',#4367);
#4366=EDGE_CURVE('',#4362,#4368,#4365,.T.);
#4370=DIRECTION('',(0.831477,0.555559,0.000000));
#4369=VECTOR('',#4370,0.523236);
#4371=LINE('',#4367,#4369);
#4373=CARTESIAN_POINT('',(692.4351,-3.1734,-560.0000));
#4374=VERTEX_POINT('',#4373);
#4372=EDGE_CURVE('',#4368,#4374,#4371,.T.);
#4376=DIRECTION('',(0.751831,0.659356,0.000000));
#4375=VECTOR('',#4376,0.523218);
#4377=LINE('',#4373,#4375);
#4379=CARTESIAN_POINT('',(692.8284,-2.8284,-560.0000));
#4380=VERTEX_POINT('',#4379);
#4378=EDGE_CURVE('',#4374,#4380,#4377,.T.);
#4382=DIRECTION('',(0.659331,0.751853,0.000000));
#4381=VECTOR('',#4382,0.523213);
#4383=LINE('',#4379,#4381);
#4385=CARTESIAN_POINT('',(693.1734,-2.4350,-560.0000));
#4386=VERTEX_POINT('',#4385);
#4384=EDGE_CURVE('',#4380,#4386,#4383,.T.);
#4388=DIRECTION('',(0.555599,0.831451,0.000000));
#4387=VECTOR('',#4388,0.523238);
#4389=LINE('',#4385,#4387);
#4391=CARTESIAN_POINT('',(693.4641,-2.0000,-560.0000));
#4392=VERTEX_POINT('',#4391);
#4390=EDGE_CURVE('',#4386,#4392,#4389,.T.);
#4394=DIRECTION('',(0.442239,0.896897,0.000000));
#4393=VECTOR('',#4394,0.523211);
#4395=LINE('',#4391,#4393);
#4397=CARTESIAN_POINT('',(693.6955,-1.5307,-560.0000));
#4398=VERTEX_POINT('',#4397);
#4396=EDGE_CURVE('',#4392,#4398,#4395,.T.);
#4400=DIRECTION('',(0.321487,0.946914,0.000000));
#4399=VECTOR('',#4400,0.523234);
#4401=LINE('',#4397,#4399);
#4403=CARTESIAN_POINT('',(693.8637,-1.0353,-560.0000));
#4404=VERTEX_POINT('',#4403);
#4402=EDGE_CURVE('',#4398,#4404,#4401,.T.);
#4406=DIRECTION('',(0.195044,0.980794,0.000000));
#4405=VECTOR('',#4406,0.523219);
#4407=LINE('',#4403,#4405);
#4409=CARTESIAN_POINT('',(693.9658,-0.5221,-560.0000));
#4410=VERTEX_POINT('',#4409);
#4408=EDGE_CURVE('',#4404,#4410,#4407,.T.);
#4412=DIRECTION('',(0.065441,0.997856,0.000000));
#4411=VECTOR('',#4412,0.523227);
#4413=LINE('',#4409,#4411);
#4415=CARTESIAN_POINT('',(694.0000,0.0000,-560.0000));
#4416=VERTEX_POINT('',#4415);
#4414=EDGE_CURVE('',#4410,#4416,#4413,.T.);
#4418=DIRECTION('',(-0.065442,0.997856,0.000000));
#4417=VECTOR('',#4418,0.523226);
#4419=LINE('',#4415,#4417);
#4421=CARTESIAN_POINT('',(693.9658,0.5221,-560.0000));
#4422=VERTEX_POINT('',#4421);
#4420=EDGE_CURVE('',#4416,#4422,#4419,.T.);
#4424=DIRECTION('',(-0.195044,0.980795,0.000000));
#4423=VECTOR('',#4424,0.523220);
#4425=LINE('',#4421,#4423);
#4427=CARTESIAN_POINT('',(693.8637,1.0353,-560.0000));
#4428=VERTEX_POINT('',#4427);
#4426=EDGE_CURVE('',#4422,#4428,#4425,.T.);
#4430=DIRECTION('',(-0.321487,0.946914,0.000000));
#4429=VECTOR('',#4430,0.523234);
#4431=LINE('',#4427,#4429);
#4433=CARTESIAN_POINT('',(693.6955,1.5307,-560.0000));
#4434=VERTEX_POINT('',#4433);
#4432=EDGE_CURVE('',#4428,#4434,#4431,.T.);
#4436=DIRECTION('',(-0.442239,0.896897,0.000000));
#4435=VECTOR('',#4436,0.523210);
#4437=LINE('',#4433,#4435);
#4439=CARTESIAN_POINT('',(693.4641,2.0000,-560.0000));
#4440=VERTEX_POINT('',#4439);
#4438=EDGE_CURVE('',#4434,#4440,#4437,.T.);
#4442=DIRECTION('',(-0.555601,0.831449,0.000000));
#4441=VECTOR('',#4442,0.523236);
#4443=LINE('',#4439,#4441);
#4445=CARTESIAN_POINT('',(693.1734,2.4350,-560.0000));
#4446=VERTEX_POINT('',#4445);
#4444=EDGE_CURVE('',#4440,#4446,#4443,.T.);
#4448=DIRECTION('',(-0.659326,0.751857,0.000000));
#4447=VECTOR('',#4448,0.523217);
#4449=LINE('',#4445,#4447);
#4451=CARTESIAN_POINT('',(692.8284,2.8284,-560.0000));
#4452=VERTEX_POINT('',#4451);
#4450=EDGE_CURVE('',#4446,#4452,#4449,.T.);
#4454=DIRECTION('',(-0.751834,0.659353,0.000000));
#4453=VECTOR('',#4454,0.523216);
#4455=LINE('',#4451,#4453);
#4457=CARTESIAN_POINT('',(692.4351,3.1734,-560.0000));
#4458=VERTEX_POINT('',#4457);
#4456=EDGE_CURVE('',#4452,#4458,#4455,.T.);
#4460=DIRECTION('',(-0.831477,0.555559,0.000000));
#4459=VECTOR('',#4460,0.523236);
#4461=LINE('',#4457,#4459);
#4463=CARTESIAN_POINT('',(692.0000,3.4641,-560.0000));
#4464=VERTEX_POINT('',#4463);
#4462=EDGE_CURVE('',#4458,#4464,#4461,.T.);
#4466=DIRECTION('',(-0.896864,0.442307,0.000000));
#4465=VECTOR('',#4466,0.523199);
#4467=LINE('',#4463,#4465);
#4469=CARTESIAN_POINT('',(691.5308,3.6955,-560.0000));
#4470=VERTEX_POINT('',#4469);
#4468=EDGE_CURVE('',#4464,#4470,#4467,.T.);
#4472=DIRECTION('',(-0.946935,0.321426,0.000000));
#4471=VECTOR('',#4472,0.523250);
#4473=LINE('',#4469,#4471);
#4475=CARTESIAN_POINT('',(691.0353,3.8637,-560.0000));
#4476=VERTEX_POINT('',#4475);
#4474=EDGE_CURVE('',#4470,#4476,#4473,.T.);
#4478=DIRECTION('',(-0.980786,0.195087,0.000000));
#4477=VECTOR('',#4478,0.523237);
#4479=LINE('',#4475,#4477);
#4481=CARTESIAN_POINT('',(690.5221,3.9658,-560.0000));
#4482=VERTEX_POINT('',#4481);
#4480=EDGE_CURVE('',#4476,#4482,#4479,.T.);
#4484=DIRECTION('',(-0.997859,0.065405,0.000000));
#4483=VECTOR('',#4484,0.523215);
#4485=LINE('',#4481,#4483);
#4487=CARTESIAN_POINT('',(690.0000,4.0000,-560.0000));
#4488=VERTEX_POINT('',#4487);
#4486=EDGE_CURVE('',#4482,#4488,#4485,.T.);
#4490=DIRECTION('',(-0.997859,-0.065405,0.000000));
#4489=VECTOR('',#4490,0.523215);
#4491=LINE('',#4487,#4489);
#4493=CARTESIAN_POINT('',(689.4779,3.9658,-560.0000));
#4494=VERTEX_POINT('',#4493);
#4492=EDGE_CURVE('',#4488,#4494,#4491,.T.);
#4496=DIRECTION('',(-0.980787,-0.195083,0.000000));
#4495=VECTOR('',#4496,0.523237);
#4497=LINE('',#4493,#4495);
#4499=CARTESIAN_POINT('',(688.9647,3.8637,-560.0000));
#4500=VERTEX_POINT('',#4499);
#4498=EDGE_CURVE('',#4494,#4500,#4497,.T.);
#4502=DIRECTION('',(-0.946934,-0.321428,0.000000));
#4501=VECTOR('',#4502,0.523250);
#4503=LINE('',#4499,#4501);
#4505=CARTESIAN_POINT('',(688.4692,3.6955,-560.0000));
#4506=VERTEX_POINT('',#4505);
#4504=EDGE_CURVE('',#4500,#4506,#4503,.T.);
#4508=DIRECTION('',(-0.896861,-0.442312,0.000000));
#4507=VECTOR('',#4508,0.523200);
#4509=LINE('',#4505,#4507);
#4511=CARTESIAN_POINT('',(688.0000,3.4641,-560.0000));
#4512=VERTEX_POINT('',#4511);
#4510=EDGE_CURVE('',#4506,#4512,#4509,.T.);
#4514=DIRECTION('',(-0.831479,-0.555557,0.000000));
#4513=VECTOR('',#4514,0.523235);
#4515=LINE('',#4511,#4513);
#4517=CARTESIAN_POINT('',(687.5649,3.1734,-560.0000));
#4518=VERTEX_POINT('',#4517);
#4516=EDGE_CURVE('',#4512,#4518,#4515,.T.);
#4520=DIRECTION('',(-0.751832,-0.659355,0.000000));
#4519=VECTOR('',#4520,0.523217);
#4521=LINE('',#4517,#4519);
#4523=CARTESIAN_POINT('',(687.1716,2.8284,-560.0000));
#4524=VERTEX_POINT('',#4523);
#4522=EDGE_CURVE('',#4518,#4524,#4521,.T.);
#4526=DIRECTION('',(-0.659331,-0.751853,0.000000));
#4525=VECTOR('',#4526,0.523213);
#4527=LINE('',#4523,#4525);
#4529=CARTESIAN_POINT('',(686.8266,2.4350,-560.0000));
#4530=VERTEX_POINT('',#4529);
#4528=EDGE_CURVE('',#4524,#4530,#4527,.T.);
#4532=DIRECTION('',(-0.555596,-0.831453,0.000000));
#4531=VECTOR('',#4532,0.523241);
#4533=LINE('',#4529,#4531);
#4535=CARTESIAN_POINT('',(686.5359,2.0000,-560.0000));
#4536=VERTEX_POINT('',#4535);
#4534=EDGE_CURVE('',#4530,#4536,#4533,.T.);
#4538=DIRECTION('',(-0.442241,-0.896896,0.000000));
#4537=VECTOR('',#4538,0.523209);
#4539=LINE('',#4535,#4537);
#4541=CARTESIAN_POINT('',(686.3045,1.5307,-560.0000));
#4542=VERTEX_POINT('',#4541);
#4540=EDGE_CURVE('',#4536,#4542,#4539,.T.);
#4544=DIRECTION('',(-0.321487,-0.946914,0.000000));
#4543=VECTOR('',#4544,0.523234);
#4545=LINE('',#4541,#4543);
#4547=CARTESIAN_POINT('',(686.1363,1.0353,-560.0000));
#4548=VERTEX_POINT('',#4547);
#4546=EDGE_CURVE('',#4542,#4548,#4545,.T.);
#4550=DIRECTION('',(-0.195044,-0.980795,0.000000));
#4549=VECTOR('',#4550,0.523220);
#4551=LINE('',#4547,#4549);
#4553=CARTESIAN_POINT('',(686.0342,0.5221,-560.0000));
#4554=VERTEX_POINT('',#4553);
#4552=EDGE_CURVE('',#4548,#4554,#4551,.T.);
#4556=DIRECTION('',(-0.065442,-0.997856,0.000000));
#4555=VECTOR('',#4556,0.523226);
#4557=LINE('',#4553,#4555);
#4559=CARTESIAN_POINT('',(686.0000,0.0000,-560.0000));
#4560=VERTEX_POINT('',#4559);
#4558=EDGE_CURVE('',#4554,#4560,#4557,.T.);
#4562=DIRECTION('',(0.065442,-0.997856,0.000000));
#4561=VECTOR('',#4562,0.523226);
#4563=LINE('',#4559,#4561);
#4565=CARTESIAN_POINT('',(686.0342,-0.5221,-560.0000));
#4566=VERTEX_POINT('',#4565);
#4564=EDGE_CURVE('',#4560,#4566,#4563,.T.);
#4568=DIRECTION('',(0.195044,-0.980795,0.000000));
#4567=VECTOR('',#4568,0.523220);
#4569=LINE('',#4565,#4567);
#4571=CARTESIAN_POINT('',(686.1363,-1.0353,-560.0000));
#4572=VERTEX_POINT('',#4571);
#4570=EDGE_CURVE('',#4566,#4572,#4569,.T.);
#4574=DIRECTION('',(0.321487,-0.946914,0.000000));
#4573=VECTOR('',#4574,0.523233);
#4575=LINE('',#4571,#4573);
#4577=CARTESIAN_POINT('',(686.3045,-1.5307,-560.0000));
#4578=VERTEX_POINT('',#4577);
#4576=EDGE_CURVE('',#4572,#4578,#4575,.T.);
#4580=DIRECTION('',(0.442239,-0.896897,0.000000));
#4579=VECTOR('',#4580,0.523211);
#4581=LINE('',#4577,#4579);
#4583=CARTESIAN_POINT('',(686.5359,-2.0000,-560.0000));
#4584=VERTEX_POINT('',#4583);
#4582=EDGE_CURVE('',#4578,#4584,#4581,.T.);
#4586=DIRECTION('',(0.555600,-0.831450,0.000000));
#4585=VECTOR('',#4586,0.523237);
#4587=LINE('',#4583,#4585);
#4589=CARTESIAN_POINT('',(686.8266,-2.4350,-560.0000));
#4590=VERTEX_POINT('',#4589);
#4588=EDGE_CURVE('',#4584,#4590,#4587,.T.);
#4592=DIRECTION('',(0.659328,-0.751855,0.000000));
#4591=VECTOR('',#4592,0.523215);
#4593=LINE('',#4589,#4591);
#4595=CARTESIAN_POINT('',(687.1716,-2.8284,-560.0000));
#4596=VERTEX_POINT('',#4595);
#4594=EDGE_CURVE('',#4590,#4596,#4593,.T.);
#4598=DIRECTION('',(0.751833,-0.659354,0.000000));
#4597=VECTOR('',#4598,0.523217);
#4599=LINE('',#4595,#4597);
#4601=CARTESIAN_POINT('',(687.5649,-3.1734,-560.0000));
#4602=VERTEX_POINT('',#4601);
#4600=EDGE_CURVE('',#4596,#4602,#4599,.T.);
#4604=DIRECTION('',(0.831477,-0.555560,0.000000));
#4603=VECTOR('',#4604,0.523236);
#4605=LINE('',#4601,#4603);
#4607=CARTESIAN_POINT('',(688.0000,-3.4641,-560.0000));
#4608=VERTEX_POINT('',#4607);
#4606=EDGE_CURVE('',#4602,#4608,#4605,.T.);
#4610=DIRECTION('',(0.896862,-0.442310,0.000000));
#4609=VECTOR('',#4610,0.523200);
#4611=LINE('',#4607,#4609);
#4613=CARTESIAN_POINT('',(688.4692,-3.6955,-560.0000));
#4614=VERTEX_POINT('',#4613);
#4612=EDGE_CURVE('',#4608,#4614,#4611,.T.);
#4616=DIRECTION('',(0.946935,-0.321425,0.000000));
#4615=VECTOR('',#4616,0.523250);
#4617=LINE('',#4613,#4615);
#4619=CARTESIAN_POINT('',(688.9647,-3.8637,-560.0000));
#4620=VERTEX_POINT('',#4619);
#4618=EDGE_CURVE('',#4614,#4620,#4617,.T.);
#4622=DIRECTION('',(0.980786,-0.195086,0.000000));
#4621=VECTOR('',#4622,0.523237);
#4623=LINE('',#4619,#4621);
#4625=CARTESIAN_POINT('',(689.4779,-3.9658,-560.0000));
#4626=VERTEX_POINT('',#4625);
#4624=EDGE_CURVE('',#4620,#4626,#4623,.T.);
#4628=DIRECTION('',(0.997859,-0.065404,0.000000));
#4627=VECTOR('',#4628,0.523215);
#4629=LINE('',#4625,#4627);
#4631=CARTESIAN_POINT('',(690.0000,-4.0000,-560.0000));
#4632=VERTEX_POINT('',#4631);
#4630=EDGE_CURVE('',#4626,#4632,#4629,.T.);
#4634=DIRECTION('',(0.997859,0.065404,0.000000));
#4633=VECTOR('',#4634,0.523215);
#4635=LINE('',#4631,#4633);
#4636=EDGE_CURVE('',#4632,#4354,#4635,.T.);
#4637=ORIENTED_EDGE('',*,*,#4353,.T.);
#4638=ORIENTED_EDGE('',*,*,#4360,.T.);
#4639=ORIENTED_EDGE('',*,*,#4366,.T.);
#4640=ORIENTED_EDGE('',*,*,#4372,.T.);
#4641=ORIENTED_EDGE('',*,*,#4378,.T.);
#4642=ORIENTED_EDGE('',*,*,#4384,.T.);
#4643=ORIENTED_EDGE('',*,*,#4390,.T.);
#4644=ORIENTED_EDGE('',*,*,#4396,.T.);
#4645=ORIENTED_EDGE('',*,*,#4402,.T.);
#4646=ORIENTED_EDGE('',*,*,#4408,.T.);
#4647=ORIENTED_EDGE('',*,*,#4414,.T.);
#4648=ORIENTED_EDGE('',*,*,#4420,.T.);
#4649=ORIENTED_EDGE('',*,*,#4426,.T.);
#4650=ORIENTED_EDGE('',*,*,#4432,.T.);
#4651=ORIENTED_EDGE('',*,*,#4438,.T.);
#4652=ORIENTED_EDGE('',*,*,#4444,.T.);
#4653=ORIENTED_EDGE('',*,*,#4450,.T.);
#4654=ORIENTED_EDGE('',*,*,#4456,.T.);
#4655=ORIENTED_EDGE('',*,*,#4462,.T.);
#4656=ORIENTED_EDGE('',*,*,#4468,.T.);
#4657=ORIENTED_EDGE('',*,*,#4474,.T.);
#4658=ORIENTED_EDGE('',*,*,#4480,.T.);
#4659=ORIENTED_EDGE('',*,*,#4486,.T.);
#4660=ORIENTED_EDGE('',*,*,#4492,.T.);
#4661=ORIENTED_EDGE('',*,*,#4498,.T.);
#4662=ORIENTED_EDGE('',*,*,#4504,.T.);
#4663=ORIENTED_EDGE('',*,*,#4510,.T.);
#4664=ORIENTED_EDGE('',*,*,#4516,.T.);
#4665=ORIENTED_EDGE('',*,*,#4522,.T.);
#4666=ORIENTED_EDGE('',*,*,#4528,.T.);
#4667=ORIENTED_EDGE('',*,*,#4534,.T.);
#4668=ORIENTED_EDGE('',*,*,#4540,.T.);
#4669=ORIENTED_EDGE('',*,*,#4546,.T.);
#4670=ORIENTED_EDGE('',*,*,#4552,.T.);
#4671=ORIENTED_EDGE('',*,*,#4558,.T.);
#4672=ORIENTED_EDGE('',*,*,#4564,.T.);
#4673=ORIENTED_EDGE('',*,*,#4570,.T.);
#4674=ORIENTED_EDGE('',*,*,#4576,.T.);
#4675=ORIENTED_EDGE('',*,*,#4582,.T.);
#4676=ORIENTED_EDGE('',*,*,#4588,.T.);
#4677=ORIENTED_EDGE('',*,*,#4594,.T.);
#4678=ORIENTED_EDGE('',*,*,#4600,.T.);
#4679=ORIENTED_EDGE('',*,*,#4606,.T.);
#4680=ORIENTED_EDGE('',*,*,#4612,.T.);
#4681=ORIENTED_EDGE('',*,*,#4618,.T.);
#4682=ORIENTED_EDGE('',*,*,#4624,.T.);
#4683=ORIENTED_EDGE('',*,*,#4630,.T.);
#4684=ORIENTED_EDGE('',*,*,#4636,.T.);
#4685=EDGE_LOOP('',(#4637,#4638,#4639,#4640,#4641,#4642,#4643,#4644,#4645,#4646,#4647,#4648,#4649,#4650,#4651,#4652,#4653,#4654,#4655,#4656,#4657,#4658,#4659,#4660,#4661,#4662,#4663,#4664,#4665,#4666,#4667,#4668,#4669,#4670,#4671,#4672,#4673,#4674,#4675,#4676,#4677,#4678,#4679,#4680,#4681,#4682,#4683,#4684));
#4686=FACE_BOUND('',#4685,.T.);
#4688=DIRECTION('',(0.321430,-0.946933,0.000000));
#4687=VECTOR('',#4688,2.971532);
#4690=CARTESIAN_POINT('',(708.7784,291.6532,-560.0000));
#4689=LINE('',#4690,#4687);
#4692=VERTEX_POINT('',#4690);
#4693=CARTESIAN_POINT('',(709.7336,288.8394,-560.0000));
#4694=VERTEX_POINT('',#4693);
#4691=EDGE_CURVE('',#4692,#4694,#4689,.T.);
#4696=DIRECTION('',(-0.442328,0.896853,0.000000));
#4695=VECTOR('',#4696,0.457838);
#4697=LINE('',#4693,#4695);
#4699=CARTESIAN_POINT('',(709.5311,289.2500,-560.0000));
#4700=VERTEX_POINT('',#4699);
#4698=EDGE_CURVE('',#4694,#4700,#4697,.T.);
#4702=DIRECTION('',(-0.555531,0.831496,0.000000));
#4701=VECTOR('',#4702,0.457821);
#4703=LINE('',#4699,#4701);
#4705=CARTESIAN_POINT('',(709.2767,289.6307,-560.0000));
#4706=VERTEX_POINT('',#4705);
#4704=EDGE_CURVE('',#4700,#4706,#4703,.T.);
#4708=DIRECTION('',(-0.659368,0.751821,0.000000));
#4707=VECTOR('',#4708,0.457832);
#4709=LINE('',#4705,#4707);
#4711=CARTESIAN_POINT('',(708.9749,289.9749,-560.0000));
#4712=VERTEX_POINT('',#4711);
#4710=EDGE_CURVE('',#4706,#4712,#4709,.T.);
#4714=DIRECTION('',(-0.751825,0.659363,0.000000));
#4713=VECTOR('',#4714,0.457789);
#4715=LINE('',#4711,#4713);
#4717=CARTESIAN_POINT('',(708.6307,290.2767,-560.0000));
#4718=VERTEX_POINT('',#4717);
#4716=EDGE_CURVE('',#4712,#4718,#4715,.T.);
#4720=DIRECTION('',(-0.831465,0.555577,0.000000));
#4719=VECTOR('',#4720,0.457838);
#4721=LINE('',#4717,#4719);
#4723=CARTESIAN_POINT('',(708.2500,290.5311,-560.0000));
#4724=VERTEX_POINT('',#4723);
#4722=EDGE_CURVE('',#4718,#4724,#4721,.T.);
#4726=DIRECTION('',(-0.896867,0.442301,0.000000));
#4725=VECTOR('',#4726,0.457798);
#4727=LINE('',#4723,#4725);
#4729=CARTESIAN_POINT('',(707.8394,290.7336,-560.0000));
#4730=VERTEX_POINT('',#4729);
#4728=EDGE_CURVE('',#4724,#4730,#4727,.T.);
#4732=DIRECTION('',(-0.946936,0.321422,0.000000));
#4731=VECTOR('',#4732,0.457827);
#4733=LINE('',#4729,#4731);
#4735=CARTESIAN_POINT('',(707.4059,290.8807,-560.0000));
#4736=VERTEX_POINT('',#4735);
#4734=EDGE_CURVE('',#4730,#4736,#4733,.T.);
#4738=DIRECTION('',(-0.980783,0.195103,0.000000));
#4737=VECTOR('',#4738,0.457834);
#4739=LINE('',#4735,#4737);
#4741=CARTESIAN_POINT('',(706.9568,290.9701,-560.0000));
#4742=VERTEX_POINT('',#4741);
#4740=EDGE_CURVE('',#4736,#4742,#4739,.T.);
#4744=DIRECTION('',(-0.997860,0.065391,0.000000));
#4743=VECTOR('',#4744,0.457828);
#4745=LINE('',#4741,#4743);
#4747=CARTESIAN_POINT('',(706.5000,291.0000,-560.0000));
#4748=VERTEX_POINT('',#4747);
#4746=EDGE_CURVE('',#4742,#4748,#4745,.T.);
#4750=DIRECTION('',(-0.997860,-0.065391,0.000000));
#4749=VECTOR('',#4750,0.457828);
#4751=LINE('',#4747,#4749);
#4753=CARTESIAN_POINT('',(706.0432,290.9701,-560.0000));
#4754=VERTEX_POINT('',#4753);
#4752=EDGE_CURVE('',#4748,#4754,#4751,.T.);
#4756=DIRECTION('',(-0.980783,-0.195103,0.000000));
#4755=VECTOR('',#4756,0.457834);
#4757=LINE('',#4753,#4755);
#4759=CARTESIAN_POINT('',(705.5941,290.8807,-560.0000));
#4760=VERTEX_POINT('',#4759);
#4758=EDGE_CURVE('',#4754,#4760,#4757,.T.);
#4762=DIRECTION('',(-0.946936,-0.321422,0.000000));
#4761=VECTOR('',#4762,0.457827);
#4763=LINE('',#4759,#4761);
#4765=CARTESIAN_POINT('',(705.1606,290.7336,-560.0000));
#4766=VERTEX_POINT('',#4765);
#4764=EDGE_CURVE('',#4760,#4766,#4763,.T.);
#4768=DIRECTION('',(-0.896867,-0.442301,0.000000));
#4767=VECTOR('',#4768,0.457798);
#4769=LINE('',#4765,#4767);
#4771=CARTESIAN_POINT('',(704.7500,290.5311,-560.0000));
#4772=VERTEX_POINT('',#4771);
#4770=EDGE_CURVE('',#4766,#4772,#4769,.T.);
#4774=DIRECTION('',(-0.831465,-0.555577,0.000000));
#4773=VECTOR('',#4774,0.457838);
#4775=LINE('',#4771,#4773);
#4777=CARTESIAN_POINT('',(704.3693,290.2767,-560.0000));
#4778=VERTEX_POINT('',#4777);
#4776=EDGE_CURVE('',#4772,#4778,#4775,.T.);
#4780=DIRECTION('',(-0.751825,-0.659363,0.000000));
#4779=VECTOR('',#4780,0.457789);
#4781=LINE('',#4777,#4779);
#4783=CARTESIAN_POINT('',(704.0251,289.9749,-560.0000));
#4784=VERTEX_POINT('',#4783);
#4782=EDGE_CURVE('',#4778,#4784,#4781,.T.);
#4786=DIRECTION('',(-0.659368,-0.751821,0.000000));
#4785=VECTOR('',#4786,0.457832);
#4787=LINE('',#4783,#4785);
#4789=CARTESIAN_POINT('',(703.7233,289.6307,-560.0000));
#4790=VERTEX_POINT('',#4789);
#4788=EDGE_CURVE('',#4784,#4790,#4787,.T.);
#4792=DIRECTION('',(-0.555531,-0.831496,0.000000));
#4791=VECTOR('',#4792,0.457821);
#4793=LINE('',#4789,#4791);
#4795=CARTESIAN_POINT('',(703.4689,289.2500,-560.0000));
#4796=VERTEX_POINT('',#4795);
#4794=EDGE_CURVE('',#4790,#4796,#4793,.T.);
#4798=DIRECTION('',(-0.442328,-0.896853,0.000000));
#4797=VECTOR('',#4798,0.457838);
#4799=LINE('',#4795,#4797);
#4801=CARTESIAN_POINT('',(703.2664,288.8394,-560.0000));
#4802=VERTEX_POINT('',#4801);
#4800=EDGE_CURVE('',#4796,#4802,#4799,.T.);
#4804=DIRECTION('',(-0.321422,-0.946936,0.000000));
#4803=VECTOR('',#4804,0.457827);
#4805=LINE('',#4801,#4803);
#4807=CARTESIAN_POINT('',(703.1193,288.4059,-560.0000));
#4808=VERTEX_POINT('',#4807);
#4806=EDGE_CURVE('',#4802,#4808,#4805,.T.);
#4810=DIRECTION('',(-0.195052,-0.980793,0.000000));
#4809=VECTOR('',#4810,0.457798);
#4811=LINE('',#4807,#4809);
#4813=CARTESIAN_POINT('',(703.0300,287.9568,-560.0000));
#4814=VERTEX_POINT('',#4813);
#4812=EDGE_CURVE('',#4808,#4814,#4811,.T.);
#4816=DIRECTION('',(-0.065457,-0.997855,0.000000));
#4815=VECTOR('',#4816,0.457830);
#4817=LINE('',#4813,#4815);
#4819=CARTESIAN_POINT('',(703.0000,287.5000,-560.0000));
#4820=VERTEX_POINT('',#4819);
#4818=EDGE_CURVE('',#4814,#4820,#4817,.T.);
#4822=DIRECTION('',(0.065457,-0.997855,0.000000));
#4821=VECTOR('',#4822,0.457830);
#4823=LINE('',#4819,#4821);
#4825=CARTESIAN_POINT('',(703.0300,287.0432,-560.0000));
#4826=VERTEX_POINT('',#4825);
#4824=EDGE_CURVE('',#4820,#4826,#4823,.T.);
#4828=DIRECTION('',(0.195052,-0.980793,0.000000));
#4827=VECTOR('',#4828,0.457798);
#4829=LINE('',#4825,#4827);
#4831=CARTESIAN_POINT('',(703.1193,286.5941,-560.0000));
#4832=VERTEX_POINT('',#4831);
#4830=EDGE_CURVE('',#4826,#4832,#4829,.T.);
#4834=DIRECTION('',(0.321422,-0.946936,0.000000));
#4833=VECTOR('',#4834,0.457827);
#4835=LINE('',#4831,#4833);
#4837=CARTESIAN_POINT('',(703.2664,286.1606,-560.0000));
#4838=VERTEX_POINT('',#4837);
#4836=EDGE_CURVE('',#4832,#4838,#4835,.T.);
#4840=DIRECTION('',(0.442328,-0.896853,0.000000));
#4839=VECTOR('',#4840,0.457838);
#4841=LINE('',#4837,#4839);
#4843=CARTESIAN_POINT('',(703.4689,285.7500,-560.0000));
#4844=VERTEX_POINT('',#4843);
#4842=EDGE_CURVE('',#4838,#4844,#4841,.T.);
#4846=DIRECTION('',(0.555531,-0.831496,0.000000));
#4845=VECTOR('',#4846,0.457821);
#4847=LINE('',#4843,#4845);
#4849=CARTESIAN_POINT('',(703.7233,285.3693,-560.0000));
#4850=VERTEX_POINT('',#4849);
#4848=EDGE_CURVE('',#4844,#4850,#4847,.T.);
#4852=DIRECTION('',(0.659368,-0.751821,0.000000));
#4851=VECTOR('',#4852,0.457832);
#4853=LINE('',#4849,#4851);
#4855=CARTESIAN_POINT('',(704.0251,285.0251,-560.0000));
#4856=VERTEX_POINT('',#4855);
#4854=EDGE_CURVE('',#4850,#4856,#4853,.T.);
#4858=DIRECTION('',(0.751825,-0.659363,0.000000));
#4857=VECTOR('',#4858,0.457789);
#4859=LINE('',#4855,#4857);
#4861=CARTESIAN_POINT('',(704.3693,284.7233,-560.0000));
#4862=VERTEX_POINT('',#4861);
#4860=EDGE_CURVE('',#4856,#4862,#4859,.T.);
#4864=DIRECTION('',(0.831465,-0.555577,0.000000));
#4863=VECTOR('',#4864,0.457838);
#4865=LINE('',#4861,#4863);
#4867=CARTESIAN_POINT('',(704.7500,284.4689,-560.0000));
#4868=VERTEX_POINT('',#4867);
#4866=EDGE_CURVE('',#4862,#4868,#4865,.T.);
#4870=DIRECTION('',(0.896867,-0.442301,0.000000));
#4869=VECTOR('',#4870,0.457798);
#4871=LINE('',#4867,#4869);
#4873=CARTESIAN_POINT('',(705.1606,284.2664,-560.0000));
#4874=VERTEX_POINT('',#4873);
#4872=EDGE_CURVE('',#4868,#4874,#4871,.T.);
#4876=DIRECTION('',(0.946936,-0.321422,0.000000));
#4875=VECTOR('',#4876,0.457827);
#4877=LINE('',#4873,#4875);
#4879=CARTESIAN_POINT('',(705.5941,284.1193,-560.0000));
#4880=VERTEX_POINT('',#4879);
#4878=EDGE_CURVE('',#4874,#4880,#4877,.T.);
#4882=DIRECTION('',(0.980783,-0.195103,0.000000));
#4881=VECTOR('',#4882,0.457834);
#4883=LINE('',#4879,#4881);
#4885=CARTESIAN_POINT('',(706.0432,284.0299,-560.0000));
#4886=VERTEX_POINT('',#4885);
#4884=EDGE_CURVE('',#4880,#4886,#4883,.T.);
#4888=DIRECTION('',(0.997860,-0.065391,0.000000));
#4887=VECTOR('',#4888,0.457828);
#4889=LINE('',#4885,#4887);
#4891=CARTESIAN_POINT('',(706.5000,284.0000,-560.0000));
#4892=VERTEX_POINT('',#4891);
#4890=EDGE_CURVE('',#4886,#4892,#4889,.T.);
#4894=DIRECTION('',(0.997860,0.065391,0.000000));
#4893=VECTOR('',#4894,0.457828);
#4895=LINE('',#4891,#4893);
#4897=CARTESIAN_POINT('',(706.9568,284.0299,-560.0000));
#4898=VERTEX_POINT('',#4897);
#4896=EDGE_CURVE('',#4892,#4898,#4895,.T.);
#4900=DIRECTION('',(0.980783,0.195103,0.000000));
#4899=VECTOR('',#4900,0.457834);
#4901=LINE('',#4897,#4899);
#4903=CARTESIAN_POINT('',(707.4059,284.1193,-560.0000));
#4904=VERTEX_POINT('',#4903);
#4902=EDGE_CURVE('',#4898,#4904,#4901,.T.);
#4906=DIRECTION('',(0.946936,0.321422,0.000000));
#4905=VECTOR('',#4906,0.457827);
#4907=LINE('',#4903,#4905);
#4909=CARTESIAN_POINT('',(707.8394,284.2664,-560.0000));
#4910=VERTEX_POINT('',#4909);
#4908=EDGE_CURVE('',#4904,#4910,#4907,.T.);
#4912=DIRECTION('',(0.896867,0.442301,0.000000));
#4911=VECTOR('',#4912,0.457798);
#4913=LINE('',#4909,#4911);
#4915=CARTESIAN_POINT('',(708.2500,284.4689,-560.0000));
#4916=VERTEX_POINT('',#4915);
#4914=EDGE_CURVE('',#4910,#4916,#4913,.T.);
#4918=DIRECTION('',(0.831465,0.555577,0.000000));
#4917=VECTOR('',#4918,0.457838);
#4919=LINE('',#4915,#4917);
#4921=CARTESIAN_POINT('',(708.6307,284.7233,-560.0000));
#4922=VERTEX_POINT('',#4921);
#4920=EDGE_CURVE('',#4916,#4922,#4919,.T.);
#4924=DIRECTION('',(0.751825,0.659363,0.000000));
#4923=VECTOR('',#4924,0.457789);
#4925=LINE('',#4921,#4923);
#4927=CARTESIAN_POINT('',(708.9749,285.0251,-560.0000));
#4928=VERTEX_POINT('',#4927);
#4926=EDGE_CURVE('',#4922,#4928,#4925,.T.);
#4930=DIRECTION('',(0.659368,0.751821,0.000000));
#4929=VECTOR('',#4930,0.457832);
#4931=LINE('',#4927,#4929);
#4933=CARTESIAN_POINT('',(709.2767,285.3693,-560.0000));
#4934=VERTEX_POINT('',#4933);
#4932=EDGE_CURVE('',#4928,#4934,#4931,.T.);
#4936=DIRECTION('',(0.555531,0.831496,0.000000));
#4935=VECTOR('',#4936,0.457821);
#4937=LINE('',#4933,#4935);
#4939=CARTESIAN_POINT('',(709.5311,285.7500,-560.0000));
#4940=VERTEX_POINT('',#4939);
#4938=EDGE_CURVE('',#4934,#4940,#4937,.T.);
#4942=DIRECTION('',(0.442328,0.896853,0.000000));
#4941=VECTOR('',#4942,0.457838);
#4943=LINE('',#4939,#4941);
#4945=CARTESIAN_POINT('',(709.7336,286.1606,-560.0000));
#4946=VERTEX_POINT('',#4945);
#4944=EDGE_CURVE('',#4940,#4946,#4943,.T.);
#4948=DIRECTION('',(0.321422,0.946936,0.000000));
#4947=VECTOR('',#4948,0.457827);
#4949=LINE('',#4945,#4947);
#4951=CARTESIAN_POINT('',(709.8807,286.5941,-560.0000));
#4952=VERTEX_POINT('',#4951);
#4950=EDGE_CURVE('',#4946,#4952,#4949,.T.);
#4954=DIRECTION('',(0.195052,0.980793,0.000000));
#4953=VECTOR('',#4954,0.457798);
#4955=LINE('',#4951,#4953);
#4957=CARTESIAN_POINT('',(709.9700,287.0432,-560.0000));
#4958=VERTEX_POINT('',#4957);
#4956=EDGE_CURVE('',#4952,#4958,#4955,.T.);
#4960=DIRECTION('',(0.065457,0.997855,0.000000));
#4959=VECTOR('',#4960,0.457830);
#4961=LINE('',#4957,#4959);
#4963=CARTESIAN_POINT('',(710.0000,287.5000,-560.0000));
#4964=VERTEX_POINT('',#4963);
#4962=EDGE_CURVE('',#4958,#4964,#4961,.T.);
#4966=DIRECTION('',(-0.065457,0.997855,0.000000));
#4965=VECTOR('',#4966,0.457830);
#4967=LINE('',#4963,#4965);
#4969=CARTESIAN_POINT('',(709.9700,287.9568,-560.0000));
#4970=VERTEX_POINT('',#4969);
#4968=EDGE_CURVE('',#4964,#4970,#4967,.T.);
#4972=DIRECTION('',(-0.195052,0.980793,0.000000));
#4971=VECTOR('',#4972,0.457798);
#4973=LINE('',#4969,#4971);
#4975=CARTESIAN_POINT('',(709.8807,288.4059,-560.0000));
#4976=VERTEX_POINT('',#4975);
#4974=EDGE_CURVE('',#4970,#4976,#4973,.T.);
#4978=DIRECTION('',(-0.321429,0.946934,0.000000));
#4977=VECTOR('',#4978,3.429359);
#4979=LINE('',#4975,#4977);
#4980=EDGE_CURVE('',#4976,#4692,#4979,.T.);
#4981=ORIENTED_EDGE('',*,*,#4691,.T.);
#4982=ORIENTED_EDGE('',*,*,#4698,.T.);
#4983=ORIENTED_EDGE('',*,*,#4704,.T.);
#4984=ORIENTED_EDGE('',*,*,#4710,.T.);
#4985=ORIENTED_EDGE('',*,*,#4716,.T.);
#4986=ORIENTED_EDGE('',*,*,#4722,.T.);
#4987=ORIENTED_EDGE('',*,*,#4728,.T.);
#4988=ORIENTED_EDGE('',*,*,#4734,.T.);
#4989=ORIENTED_EDGE('',*,*,#4740,.T.);
#4990=ORIENTED_EDGE('',*,*,#4746,.T.);
#4991=ORIENTED_EDGE('',*,*,#4752,.T.);
#4992=ORIENTED_EDGE('',*,*,#4758,.T.);
#4993=ORIENTED_EDGE('',*,*,#4764,.T.);
#4994=ORIENTED_EDGE('',*,*,#4770,.T.);
#4995=ORIENTED_EDGE('',*,*,#4776,.T.);
#4996=ORIENTED_EDGE('',*,*,#4782,.T.);
#4997=ORIENTED_EDGE('',*,*,#4788,.T.);
#4998=ORIENTED_EDGE('',*,*,#4794,.T.);
#4999=ORIENTED_EDGE('',*,*,#4800,.T.);
#5000=ORIENTED_EDGE('',*,*,#4806,.T.);
#5001=ORIENTED_EDGE('',*,*,#4812,.T.);
#5002=ORIENTED_EDGE('',*,*,#4818,.T.);
#5003=ORIENTED_EDGE('',*,*,#4824,.T.);
#5004=ORIENTED_EDGE('',*,*,#4830,.T.);
#5005=ORIENTED_EDGE('',*,*,#4836,.T.);
#5006=ORIENTED_EDGE('',*,*,#4842,.T.);
#5007=ORIENTED_EDGE('',*,*,#4848,.T.);
#5008=ORIENTED_EDGE('',*,*,#4854,.T.);
#5009=ORIENTED_EDGE('',*,*,#4860,.T.);
#5010=ORIENTED_EDGE('',*,*,#4866,.T.);
#5011=ORIENTED_EDGE('',*,*,#4872,.T.);
#5012=ORIENTED_EDGE('',*,*,#4878,.T.);
#5013=ORIENTED_EDGE('',*,*,#4884,.T.);
#5014=ORIENTED_EDGE('',*,*,#4890,.T.);
#5015=ORIENTED_EDGE('',*,*,#4896,.T.);
#5016=ORIENTED_EDGE('',*,*,#4902,.T.);
#5017=ORIENTED_EDGE('',*,*,#4908,.T.);
#5018=ORIENTED_EDGE('',*,*,#4914,.T.);
#5019=ORIENTED_EDGE('',*,*,#4920,.T.);
#5020=ORIENTED_EDGE('',*,*,#4926,.T.);
#5021=ORIENTED_EDGE('',*,*,#4932,.T.);
#5022=ORIENTED_EDGE('',*,*,#4938,.T.);
#5023=ORIENTED_EDGE('',*,*,#4944,.T.);
#5024=ORIENTED_EDGE('',*,*,#4950,.T.);
#5025=ORIENTED_EDGE('',*,*,#4956,.T.);
#5026=ORIENTED_EDGE('',*,*,#4962,.T.);
#5027=ORIENTED_EDGE('',*,*,#4968,.T.);
#5028=ORIENTED_EDGE('',*,*,#4974,.T.);
#5029=ORIENTED_EDGE('',*,*,#4980,.T.);
#5030=EDGE_LOOP('',(#4981,#4982,#4983,#4984,#4985,#4986,#4987,#4988,#4989,#4990,#4991,#4992,#4993,#4994,#4995,#4996,#4997,#4998,#4999,#5000,#5001,#5002,#5003,#5004,#5005,#5006,#5007,#5008,#5009,#5010,#5011,#5012,#5013,#5014,#5015,#5016,#5017,#5018,#5019,#5020,#5021,#5022,#5023,#5024,#5025,#5026,#5027,#5028,#5029));
#5031=FACE_BOUND('',#5030,.T.);
#5033=DIRECTION('',(0.980783,0.195103,0.000000));
#5032=VECTOR('',#5033,0.457834);
#5035=CARTESIAN_POINT('',(743.4568,284.0299,-560.0000));
#5034=LINE('',#5035,#5032);
#5037=VERTEX_POINT('',#5035);
#5038=CARTESIAN_POINT('',(743.9059,284.1193,-560.0000));
#5039=VERTEX_POINT('',#5038);
#5036=EDGE_CURVE('',#5037,#5039,#5034,.T.);
#5041=DIRECTION('',(0.946936,0.321422,0.000000));
#5040=VECTOR('',#5041,0.457827);
#5042=LINE('',#5038,#5040);
#5044=CARTESIAN_POINT('',(744.3394,284.2664,-560.0000));
#5045=VERTEX_POINT('',#5044);
#5043=EDGE_CURVE('',#5039,#5045,#5042,.T.);
#5047=DIRECTION('',(0.896867,0.442301,0.000000));
#5046=VECTOR('',#5047,0.457798);
#5048=LINE('',#5044,#5046);
#5050=CARTESIAN_POINT('',(744.7500,284.4689,-560.0000));
#5051=VERTEX_POINT('',#5050);
#5049=EDGE_CURVE('',#5045,#5051,#5048,.T.);
#5053=DIRECTION('',(0.831465,0.555577,0.000000));
#5052=VECTOR('',#5053,0.457838);
#5054=LINE('',#5050,#5052);
#5056=CARTESIAN_POINT('',(745.1307,284.7233,-560.0000));
#5057=VERTEX_POINT('',#5056);
#5055=EDGE_CURVE('',#5051,#5057,#5054,.T.);
#5059=DIRECTION('',(0.751825,0.659363,0.000000));
#5058=VECTOR('',#5059,0.457789);
#5060=LINE('',#5056,#5058);
#5062=CARTESIAN_POINT('',(745.4749,285.0251,-560.0000));
#5063=VERTEX_POINT('',#5062);
#5061=EDGE_CURVE('',#5057,#5063,#5060,.T.);
#5065=DIRECTION('',(0.659368,0.751821,0.000000));
#5064=VECTOR('',#5065,0.457832);
#5066=LINE('',#5062,#5064);
#5068=CARTESIAN_POINT('',(745.7767,285.3693,-560.0000));
#5069=VERTEX_POINT('',#5068);
#5067=EDGE_CURVE('',#5063,#5069,#5066,.T.);
#5071=DIRECTION('',(0.555531,0.831496,0.000000));
#5070=VECTOR('',#5071,0.457821);
#5072=LINE('',#5068,#5070);
#5074=CARTESIAN_POINT('',(746.0311,285.7500,-560.0000));
#5075=VERTEX_POINT('',#5074);
#5073=EDGE_CURVE('',#5069,#5075,#5072,.T.);
#5077=DIRECTION('',(0.442328,0.896853,0.000000));
#5076=VECTOR('',#5077,0.457838);
#5078=LINE('',#5074,#5076);
#5080=CARTESIAN_POINT('',(746.2336,286.1606,-560.0000));
#5081=VERTEX_POINT('',#5080);
#5079=EDGE_CURVE('',#5075,#5081,#5078,.T.);
#5083=DIRECTION('',(0.321422,0.946936,0.000000));
#5082=VECTOR('',#5083,0.457827);
#5084=LINE('',#5080,#5082);
#5086=CARTESIAN_POINT('',(746.3807,286.5941,-560.0000));
#5087=VERTEX_POINT('',#5086);
#5085=EDGE_CURVE('',#5081,#5087,#5084,.T.);
#5089=DIRECTION('',(0.195052,0.980793,0.000000));
#5088=VECTOR('',#5089,0.457798);
#5090=LINE('',#5086,#5088);
#5092=CARTESIAN_POINT('',(746.4700,287.0432,-560.0000));
#5093=VERTEX_POINT('',#5092);
#5091=EDGE_CURVE('',#5087,#5093,#5090,.T.);
#5095=DIRECTION('',(0.065457,0.997855,0.000000));
#5094=VECTOR('',#5095,0.457830);
#5096=LINE('',#5092,#5094);
#5098=CARTESIAN_POINT('',(746.5000,287.5000,-560.0000));
#5099=VERTEX_POINT('',#5098);
#5097=EDGE_CURVE('',#5093,#5099,#5096,.T.);
#5101=DIRECTION('',(-0.065457,0.997855,0.000000));
#5100=VECTOR('',#5101,0.457830);
#5102=LINE('',#5098,#5100);
#5104=CARTESIAN_POINT('',(746.4700,287.9568,-560.0000));
#5105=VERTEX_POINT('',#5104);
#5103=EDGE_CURVE('',#5099,#5105,#5102,.T.);
#5107=DIRECTION('',(-0.195052,0.980793,0.000000));
#5106=VECTOR('',#5107,0.457798);
#5108=LINE('',#5104,#5106);
#5110=CARTESIAN_POINT('',(746.3807,288.4059,-560.0000));
#5111=VERTEX_POINT('',#5110);
#5109=EDGE_CURVE('',#5105,#5111,#5108,.T.);
#5113=DIRECTION('',(-0.321422,0.946936,0.000000));
#5112=VECTOR('',#5113,0.457827);
#5114=LINE('',#5110,#5112);
#5116=CARTESIAN_POINT('',(746.2336,288.8394,-560.0000));
#5117=VERTEX_POINT('',#5116);
#5115=EDGE_CURVE('',#5111,#5117,#5114,.T.);
#5119=DIRECTION('',(-0.442328,0.896853,0.000000));
#5118=VECTOR('',#5119,0.457838);
#5120=LINE('',#5116,#5118);
#5122=CARTESIAN_POINT('',(746.0311,289.2500,-560.0000));
#5123=VERTEX_POINT('',#5122);
#5121=EDGE_CURVE('',#5117,#5123,#5120,.T.);
#5125=DIRECTION('',(-0.555531,0.831496,0.000000));
#5124=VECTOR('',#5125,0.457821);
#5126=LINE('',#5122,#5124);
#5128=CARTESIAN_POINT('',(745.7767,289.6307,-560.0000));
#5129=VERTEX_POINT('',#5128);
#5127=EDGE_CURVE('',#5123,#5129,#5126,.T.);
#5131=DIRECTION('',(-0.659368,0.751821,0.000000));
#5130=VECTOR('',#5131,0.457832);
#5132=LINE('',#5128,#5130);
#5134=CARTESIAN_POINT('',(745.4749,289.9749,-560.0000));
#5135=VERTEX_POINT('',#5134);
#5133=EDGE_CURVE('',#5129,#5135,#5132,.T.);
#5137=DIRECTION('',(-0.751825,0.659363,0.000000));
#5136=VECTOR('',#5137,0.457789);
#5138=LINE('',#5134,#5136);
#5140=CARTESIAN_POINT('',(745.1307,290.2767,-560.0000));
#5141=VERTEX_POINT('',#5140);
#5139=EDGE_CURVE('',#5135,#5141,#5138,.T.);
#5143=DIRECTION('',(-0.831465,0.555577,0.000000));
#5142=VECTOR('',#5143,0.457838);
#5144=LINE('',#5140,#5142);
#5146=CARTESIAN_POINT('',(744.7500,290.5311,-560.0000));
#5147=VERTEX_POINT('',#5146);
#5145=EDGE_CURVE('',#5141,#5147,#5144,.T.);
#5149=DIRECTION('',(-0.896867,0.442301,0.000000));
#5148=VECTOR('',#5149,0.457798);
#5150=LINE('',#5146,#5148);
#5152=CARTESIAN_POINT('',(744.3394,290.7336,-560.0000));
#5153=VERTEX_POINT('',#5152);
#5151=EDGE_CURVE('',#5147,#5153,#5150,.T.);
#5155=DIRECTION('',(-0.946936,0.321422,0.000000));
#5154=VECTOR('',#5155,0.457827);
#5156=LINE('',#5152,#5154);
#5158=CARTESIAN_POINT('',(743.9059,290.8807,-560.0000));
#5159=VERTEX_POINT('',#5158);
#5157=EDGE_CURVE('',#5153,#5159,#5156,.T.);
#5161=DIRECTION('',(-0.980783,0.195103,0.000000));
#5160=VECTOR('',#5161,0.457834);
#5162=LINE('',#5158,#5160);
#5164=CARTESIAN_POINT('',(743.4568,290.9701,-560.0000));
#5165=VERTEX_POINT('',#5164);
#5163=EDGE_CURVE('',#5159,#5165,#5162,.T.);
#5167=DIRECTION('',(-0.997860,0.065391,0.000000));
#5166=VECTOR('',#5167,0.457828);
#5168=LINE('',#5164,#5166);
#5170=CARTESIAN_POINT('',(743.0000,291.0000,-560.0000));
#5171=VERTEX_POINT('',#5170);
#5169=EDGE_CURVE('',#5165,#5171,#5168,.T.);
#5173=DIRECTION('',(-0.997860,-0.065391,0.000000));
#5172=VECTOR('',#5173,0.457828);
#5174=LINE('',#5170,#5172);
#5176=CARTESIAN_POINT('',(742.5432,290.9701,-560.0000));
#5177=VERTEX_POINT('',#5176);
#5175=EDGE_CURVE('',#5171,#5177,#5174,.T.);
#5179=DIRECTION('',(-0.980783,-0.195103,0.000000));
#5178=VECTOR('',#5179,0.457834);
#5180=LINE('',#5176,#5178);
#5182=CARTESIAN_POINT('',(742.0941,290.8807,-560.0000));
#5183=VERTEX_POINT('',#5182);
#5181=EDGE_CURVE('',#5177,#5183,#5180,.T.);
#5185=DIRECTION('',(-0.946936,-0.321422,0.000000));
#5184=VECTOR('',#5185,0.457827);
#5186=LINE('',#5182,#5184);
#5188=CARTESIAN_POINT('',(741.6606,290.7336,-560.0000));
#5189=VERTEX_POINT('',#5188);
#5187=EDGE_CURVE('',#5183,#5189,#5186,.T.);
#5191=DIRECTION('',(-0.896867,-0.442301,0.000000));
#5190=VECTOR('',#5191,0.457798);
#5192=LINE('',#5188,#5190);
#5194=CARTESIAN_POINT('',(741.2500,290.5311,-560.0000));
#5195=VERTEX_POINT('',#5194);
#5193=EDGE_CURVE('',#5189,#5195,#5192,.T.);
#5197=DIRECTION('',(-0.831465,-0.555577,0.000000));
#5196=VECTOR('',#5197,0.457838);
#5198=LINE('',#5194,#5196);
#5200=CARTESIAN_POINT('',(740.8693,290.2767,-560.0000));
#5201=VERTEX_POINT('',#5200);
#5199=EDGE_CURVE('',#5195,#5201,#5198,.T.);
#5203=DIRECTION('',(-0.751825,-0.659363,0.000000));
#5202=VECTOR('',#5203,0.457789);
#5204=LINE('',#5200,#5202);
#5206=CARTESIAN_POINT('',(740.5251,289.9749,-560.0000));
#5207=VERTEX_POINT('',#5206);
#5205=EDGE_CURVE('',#5201,#5207,#5204,.T.);
#5209=DIRECTION('',(-0.659368,-0.751821,0.000000));
#5208=VECTOR('',#5209,0.457832);
#5210=LINE('',#5206,#5208);
#5212=CARTESIAN_POINT('',(740.2233,289.6307,-560.0000));
#5213=VERTEX_POINT('',#5212);
#5211=EDGE_CURVE('',#5207,#5213,#5210,.T.);
#5215=DIRECTION('',(-0.555531,-0.831496,0.000000));
#5214=VECTOR('',#5215,0.457821);
#5216=LINE('',#5212,#5214);
#5218=CARTESIAN_POINT('',(739.9689,289.2500,-560.0000));
#5219=VERTEX_POINT('',#5218);
#5217=EDGE_CURVE('',#5213,#5219,#5216,.T.);
#5221=DIRECTION('',(-0.442328,-0.896853,0.000000));
#5220=VECTOR('',#5221,0.457838);
#5222=LINE('',#5218,#5220);
#5224=CARTESIAN_POINT('',(739.7664,288.8394,-560.0000));
#5225=VERTEX_POINT('',#5224);
#5223=EDGE_CURVE('',#5219,#5225,#5222,.T.);
#5227=DIRECTION('',(-0.321422,-0.946936,0.000000));
#5226=VECTOR('',#5227,0.457827);
#5228=LINE('',#5224,#5226);
#5230=CARTESIAN_POINT('',(739.6193,288.4059,-560.0000));
#5231=VERTEX_POINT('',#5230);
#5229=EDGE_CURVE('',#5225,#5231,#5228,.T.);
#5233=DIRECTION('',(-0.195052,-0.980793,0.000000));
#5232=VECTOR('',#5233,0.457798);
#5234=LINE('',#5230,#5232);
#5236=CARTESIAN_POINT('',(739.5300,287.9568,-560.0000));
#5237=VERTEX_POINT('',#5236);
#5235=EDGE_CURVE('',#5231,#5237,#5234,.T.);
#5239=DIRECTION('',(-0.065457,-0.997855,0.000000));
#5238=VECTOR('',#5239,0.457830);
#5240=LINE('',#5236,#5238);
#5242=CARTESIAN_POINT('',(739.5000,287.5000,-560.0000));
#5243=VERTEX_POINT('',#5242);
#5241=EDGE_CURVE('',#5237,#5243,#5240,.T.);
#5245=DIRECTION('',(0.065457,-0.997855,0.000000));
#5244=VECTOR('',#5245,0.457830);
#5246=LINE('',#5242,#5244);
#5248=CARTESIAN_POINT('',(739.5300,287.0432,-560.0000));
#5249=VERTEX_POINT('',#5248);
#5247=EDGE_CURVE('',#5243,#5249,#5246,.T.);
#5251=DIRECTION('',(0.195052,-0.980793,0.000000));
#5250=VECTOR('',#5251,0.457798);
#5252=LINE('',#5248,#5250);
#5254=CARTESIAN_POINT('',(739.6193,286.5941,-560.0000));
#5255=VERTEX_POINT('',#5254);
#5253=EDGE_CURVE('',#5249,#5255,#5252,.T.);
#5257=DIRECTION('',(0.321422,-0.946936,0.000000));
#5256=VECTOR('',#5257,0.457827);
#5258=LINE('',#5254,#5256);
#5260=CARTESIAN_POINT('',(739.7664,286.1606,-560.0000));
#5261=VERTEX_POINT('',#5260);
#5259=EDGE_CURVE('',#5255,#5261,#5258,.T.);
#5263=DIRECTION('',(0.442328,-0.896853,0.000000));
#5262=VECTOR('',#5263,0.457838);
#5264=LINE('',#5260,#5262);
#5266=CARTESIAN_POINT('',(739.9689,285.7500,-560.0000));
#5267=VERTEX_POINT('',#5266);
#5265=EDGE_CURVE('',#5261,#5267,#5264,.T.);
#5269=DIRECTION('',(0.555531,-0.831496,0.000000));
#5268=VECTOR('',#5269,0.457821);
#5270=LINE('',#5266,#5268);
#5272=CARTESIAN_POINT('',(740.2233,285.3693,-560.0000));
#5273=VERTEX_POINT('',#5272);
#5271=EDGE_CURVE('',#5267,#5273,#5270,.T.);
#5275=DIRECTION('',(0.659368,-0.751821,0.000000));
#5274=VECTOR('',#5275,0.457832);
#5276=LINE('',#5272,#5274);
#5278=CARTESIAN_POINT('',(740.5251,285.0251,-560.0000));
#5279=VERTEX_POINT('',#5278);
#5277=EDGE_CURVE('',#5273,#5279,#5276,.T.);
#5281=DIRECTION('',(0.751825,-0.659363,0.000000));
#5280=VECTOR('',#5281,0.457789);
#5282=LINE('',#5278,#5280);
#5284=CARTESIAN_POINT('',(740.8693,284.7233,-560.0000));
#5285=VERTEX_POINT('',#5284);
#5283=EDGE_CURVE('',#5279,#5285,#5282,.T.);
#5287=DIRECTION('',(0.831465,-0.555577,0.000000));
#5286=VECTOR('',#5287,0.457838);
#5288=LINE('',#5284,#5286);
#5290=CARTESIAN_POINT('',(741.2500,284.4689,-560.0000));
#5291=VERTEX_POINT('',#5290);
#5289=EDGE_CURVE('',#5285,#5291,#5288,.T.);
#5293=DIRECTION('',(0.896867,-0.442301,0.000000));
#5292=VECTOR('',#5293,0.457798);
#5294=LINE('',#5290,#5292);
#5296=CARTESIAN_POINT('',(741.6606,284.2664,-560.0000));
#5297=VERTEX_POINT('',#5296);
#5295=EDGE_CURVE('',#5291,#5297,#5294,.T.);
#5299=DIRECTION('',(0.946936,-0.321422,0.000000));
#5298=VECTOR('',#5299,0.457827);
#5300=LINE('',#5296,#5298);
#5302=CARTESIAN_POINT('',(742.0941,284.1193,-560.0000));
#5303=VERTEX_POINT('',#5302);
#5301=EDGE_CURVE('',#5297,#5303,#5300,.T.);
#5305=DIRECTION('',(0.980783,-0.195103,0.000000));
#5304=VECTOR('',#5305,0.457834);
#5306=LINE('',#5302,#5304);
#5308=CARTESIAN_POINT('',(742.5432,284.0299,-560.0000));
#5309=VERTEX_POINT('',#5308);
#5307=EDGE_CURVE('',#5303,#5309,#5306,.T.);
#5311=DIRECTION('',(0.997860,-0.065391,0.000000));
#5310=VECTOR('',#5311,0.457828);
#5312=LINE('',#5308,#5310);
#5314=CARTESIAN_POINT('',(743.0000,284.0000,-560.0000));
#5315=VERTEX_POINT('',#5314);
#5313=EDGE_CURVE('',#5309,#5315,#5312,.T.);
#5317=DIRECTION('',(0.997860,0.065391,0.000000));
#5316=VECTOR('',#5317,0.457828);
#5318=LINE('',#5314,#5316);
#5319=EDGE_CURVE('',#5315,#5037,#5318,.T.);
#5320=ORIENTED_EDGE('',*,*,#5036,.T.);
#5321=ORIENTED_EDGE('',*,*,#5043,.T.);
#5322=ORIENTED_EDGE('',*,*,#5049,.T.);
#5323=ORIENTED_EDGE('',*,*,#5055,.T.);
#5324=ORIENTED_EDGE('',*,*,#5061,.T.);
#5325=ORIENTED_EDGE('',*,*,#5067,.T.);
#5326=ORIENTED_EDGE('',*,*,#5073,.T.);
#5327=ORIENTED_EDGE('',*,*,#5079,.T.);
#5328=ORIENTED_EDGE('',*,*,#5085,.T.);
#5329=ORIENTED_EDGE('',*,*,#5091,.T.);
#5330=ORIENTED_EDGE('',*,*,#5097,.T.);
#5331=ORIENTED_EDGE('',*,*,#5103,.T.);
#5332=ORIENTED_EDGE('',*,*,#5109,.T.);
#5333=ORIENTED_EDGE('',*,*,#5115,.T.);
#5334=ORIENTED_EDGE('',*,*,#5121,.T.);
#5335=ORIENTED_EDGE('',*,*,#5127,.T.);
#5336=ORIENTED_EDGE('',*,*,#5133,.T.);
#5337=ORIENTED_EDGE('',*,*,#5139,.T.);
#5338=ORIENTED_EDGE('',*,*,#5145,.T.);
#5339=ORIENTED_EDGE('',*,*,#5151,.T.);
#5340=ORIENTED_EDGE('',*,*,#5157,.T.);
#5341=ORIENTED_EDGE('',*,*,#5163,.T.);
#5342=ORIENTED_EDGE('',*,*,#5169,.T.);
#5343=ORIENTED_EDGE('',*,*,#5175,.T.);
#5344=ORIENTED_EDGE('',*,*,#5181,.T.);
#5345=ORIENTED_EDGE('',*,*,#5187,.T.);
#5346=ORIENTED_EDGE('',*,*,#5193,.T.);
#5347=ORIENTED_EDGE('',*,*,#5199,.T.);
#5348=ORIENTED_EDGE('',*,*,#5205,.T.);
#5349=ORIENTED_EDGE('',*,*,#5211,.T.);
#5350=ORIENTED_EDGE('',*,*,#5217,.T.);
#5351=ORIENTED_EDGE('',*,*,#5223,.T.);
#5352=ORIENTED_EDGE('',*,*,#5229,.T.);
#5353=ORIENTED_EDGE('',*,*,#5235,.T.);
#5354=ORIENTED_EDGE('',*,*,#5241,.T.);
#5355=ORIENTED_EDGE('',*,*,#5247,.T.);
#5356=ORIENTED_EDGE('',*,*,#5253,.T.);
#5357=ORIENTED_EDGE('',*,*,#5259,.T.);
#5358=ORIENTED_EDGE('',*,*,#5265,.T.);
#5359=ORIENTED_EDGE('',*,*,#5271,.T.);
#5360=ORIENTED_EDGE('',*,*,#5277,.T.);
#5361=ORIENTED_EDGE('',*,*,#5283,.T.);
#5362=ORIENTED_EDGE('',*,*,#5289,.T.);
#5363=ORIENTED_EDGE('',*,*,#5295,.T.);
#5364=ORIENTED_EDGE('',*,*,#5301,.T.);
#5365=ORIENTED_EDGE('',*,*,#5307,.T.);
#5366=ORIENTED_EDGE('',*,*,#5313,.T.);
#5367=ORIENTED_EDGE('',*,*,#5319,.T.);
#5368=EDGE_LOOP('',(#5320,#5321,#5322,#5323,#5324,#5325,#5326,#5327,#5328,#5329,#5330,#5331,#5332,#5333,#5334,#5335,#5336,#5337,#5338,#5339,#5340,#5341,#5342,#5343,#5344,#5345,#5346,#5347,#5348,#5349,#5350,#5351,#5352,#5353,#5354,#5355,#5356,#5357,#5358,#5359,#5360,#5361,#5362,#5363,#5364,#5365,#5366,#5367));
#5369=FACE_BOUND('',#5368,.T.);
#5371=DIRECTION('',(0.321437,-0.946931,0.000000));
#5370=VECTOR('',#5371,4.688190);
#5373=CARTESIAN_POINT('',(671.7266,293.2788,-560.0000));
#5372=LINE('',#5373,#5370);
#5375=VERTEX_POINT('',#5373);
#5376=CARTESIAN_POINT('',(673.2336,288.8394,-560.0000));
#5377=VERTEX_POINT('',#5376);
#5374=EDGE_CURVE('',#5375,#5377,#5372,.T.);
#5379=DIRECTION('',(-0.442328,0.896853,0.000000));
#5378=VECTOR('',#5379,0.457838);
#5380=LINE('',#5376,#5378);
#5382=CARTESIAN_POINT('',(673.0311,289.2500,-560.0000));
#5383=VERTEX_POINT('',#5382);
#5381=EDGE_CURVE('',#5377,#5383,#5380,.T.);
#5385=DIRECTION('',(-0.555531,0.831496,0.000000));
#5384=VECTOR('',#5385,0.457821);
#5386=LINE('',#5382,#5384);
#5388=CARTESIAN_POINT('',(672.7767,289.6307,-560.0000));
#5389=VERTEX_POINT('',#5388);
#5387=EDGE_CURVE('',#5383,#5389,#5386,.T.);
#5391=DIRECTION('',(-0.659368,0.751821,0.000000));
#5390=VECTOR('',#5391,0.457832);
#5392=LINE('',#5388,#5390);
#5394=CARTESIAN_POINT('',(672.4749,289.9749,-560.0000));
#5395=VERTEX_POINT('',#5394);
#5393=EDGE_CURVE('',#5389,#5395,#5392,.T.);
#5397=DIRECTION('',(-0.751825,0.659363,0.000000));
#5396=VECTOR('',#5397,0.457789);
#5398=LINE('',#5394,#5396);
#5400=CARTESIAN_POINT('',(672.1307,290.2767,-560.0000));
#5401=VERTEX_POINT('',#5400);
#5399=EDGE_CURVE('',#5395,#5401,#5398,.T.);
#5403=DIRECTION('',(-0.831465,0.555577,0.000000));
#5402=VECTOR('',#5403,0.457838);
#5404=LINE('',#5400,#5402);
#5406=CARTESIAN_POINT('',(671.7500,290.5311,-560.0000));
#5407=VERTEX_POINT('',#5406);
#5405=EDGE_CURVE('',#5401,#5407,#5404,.T.);
#5409=DIRECTION('',(-0.896867,0.442301,0.000000));
#5408=VECTOR('',#5409,0.457798);
#5410=LINE('',#5406,#5408);
#5412=CARTESIAN_POINT('',(671.3394,290.7336,-560.0000));
#5413=VERTEX_POINT('',#5412);
#5411=EDGE_CURVE('',#5407,#5413,#5410,.T.);
#5415=DIRECTION('',(-0.946936,0.321422,0.000000));
#5414=VECTOR('',#5415,0.457827);
#5416=LINE('',#5412,#5414);
#5418=CARTESIAN_POINT('',(670.9059,290.8807,-560.0000));
#5419=VERTEX_POINT('',#5418);
#5417=EDGE_CURVE('',#5413,#5419,#5416,.T.);
#5421=DIRECTION('',(-0.980783,0.195103,0.000000));
#5420=VECTOR('',#5421,0.457834);
#5422=LINE('',#5418,#5420);
#5424=CARTESIAN_POINT('',(670.4568,290.9701,-560.0000));
#5425=VERTEX_POINT('',#5424);
#5423=EDGE_CURVE('',#5419,#5425,#5422,.T.);
#5427=DIRECTION('',(-0.997860,0.065391,0.000000));
#5426=VECTOR('',#5427,0.457828);
#5428=LINE('',#5424,#5426);
#5430=CARTESIAN_POINT('',(670.0000,291.0000,-560.0000));
#5431=VERTEX_POINT('',#5430);
#5429=EDGE_CURVE('',#5425,#5431,#5428,.T.);
#5433=DIRECTION('',(-0.997860,-0.065391,0.000000));
#5432=VECTOR('',#5433,0.457828);
#5434=LINE('',#5430,#5432);
#5436=CARTESIAN_POINT('',(669.5432,290.9701,-560.0000));
#5437=VERTEX_POINT('',#5436);
#5435=EDGE_CURVE('',#5431,#5437,#5434,.T.);
#5439=DIRECTION('',(-0.980783,-0.195103,0.000000));
#5438=VECTOR('',#5439,0.457834);
#5440=LINE('',#5436,#5438);
#5442=CARTESIAN_POINT('',(669.0941,290.8807,-560.0000));
#5443=VERTEX_POINT('',#5442);
#5441=EDGE_CURVE('',#5437,#5443,#5440,.T.);
#5445=DIRECTION('',(-0.946936,-0.321422,0.000000));
#5444=VECTOR('',#5445,0.457827);
#5446=LINE('',#5442,#5444);
#5448=CARTESIAN_POINT('',(668.6606,290.7336,-560.0000));
#5449=VERTEX_POINT('',#5448);
#5447=EDGE_CURVE('',#5443,#5449,#5446,.T.);
#5451=DIRECTION('',(-0.896867,-0.442301,0.000000));
#5450=VECTOR('',#5451,0.457798);
#5452=LINE('',#5448,#5450);
#5454=CARTESIAN_POINT('',(668.2500,290.5311,-560.0000));
#5455=VERTEX_POINT('',#5454);
#5453=EDGE_CURVE('',#5449,#5455,#5452,.T.);
#5457=DIRECTION('',(-0.831465,-0.555577,0.000000));
#5456=VECTOR('',#5457,0.457838);
#5458=LINE('',#5454,#5456);
#5460=CARTESIAN_POINT('',(667.8693,290.2767,-560.0000));
#5461=VERTEX_POINT('',#5460);
#5459=EDGE_CURVE('',#5455,#5461,#5458,.T.);
#5463=DIRECTION('',(-0.751825,-0.659363,0.000000));
#5462=VECTOR('',#5463,0.457789);
#5464=LINE('',#5460,#5462);
#5466=CARTESIAN_POINT('',(667.5251,289.9749,-560.0000));
#5467=VERTEX_POINT('',#5466);
#5465=EDGE_CURVE('',#5461,#5467,#5464,.T.);
#5469=DIRECTION('',(-0.659368,-0.751821,0.000000));
#5468=VECTOR('',#5469,0.457832);
#5470=LINE('',#5466,#5468);
#5472=CARTESIAN_POINT('',(667.2233,289.6307,-560.0000));
#5473=VERTEX_POINT('',#5472);
#5471=EDGE_CURVE('',#5467,#5473,#5470,.T.);
#5475=DIRECTION('',(-0.555531,-0.831496,0.000000));
#5474=VECTOR('',#5475,0.457821);
#5476=LINE('',#5472,#5474);
#5478=CARTESIAN_POINT('',(666.9689,289.2500,-560.0000));
#5479=VERTEX_POINT('',#5478);
#5477=EDGE_CURVE('',#5473,#5479,#5476,.T.);
#5481=DIRECTION('',(-0.442328,-0.896853,0.000000));
#5480=VECTOR('',#5481,0.457838);
#5482=LINE('',#5478,#5480);
#5484=CARTESIAN_POINT('',(666.7664,288.8394,-560.0000));
#5485=VERTEX_POINT('',#5484);
#5483=EDGE_CURVE('',#5479,#5485,#5482,.T.);
#5487=DIRECTION('',(-0.321422,-0.946936,0.000000));
#5486=VECTOR('',#5487,0.457827);
#5488=LINE('',#5484,#5486);
#5490=CARTESIAN_POINT('',(666.6193,288.4059,-560.0000));
#5491=VERTEX_POINT('',#5490);
#5489=EDGE_CURVE('',#5485,#5491,#5488,.T.);
#5493=DIRECTION('',(-0.195052,-0.980793,0.000000));
#5492=VECTOR('',#5493,0.457798);
#5494=LINE('',#5490,#5492);
#5496=CARTESIAN_POINT('',(666.5300,287.9568,-560.0000));
#5497=VERTEX_POINT('',#5496);
#5495=EDGE_CURVE('',#5491,#5497,#5494,.T.);
#5499=DIRECTION('',(-0.065457,-0.997855,0.000000));
#5498=VECTOR('',#5499,0.457830);
#5500=LINE('',#5496,#5498);
#5502=CARTESIAN_POINT('',(666.5000,287.5000,-560.0000));
#5503=VERTEX_POINT('',#5502);
#5501=EDGE_CURVE('',#5497,#5503,#5500,.T.);
#5505=DIRECTION('',(0.065457,-0.997855,0.000000));
#5504=VECTOR('',#5505,0.457830);
#5506=LINE('',#5502,#5504);
#5508=CARTESIAN_POINT('',(666.5300,287.0432,-560.0000));
#5509=VERTEX_POINT('',#5508);
#5507=EDGE_CURVE('',#5503,#5509,#5506,.T.);
#5511=DIRECTION('',(0.195052,-0.980793,0.000000));
#5510=VECTOR('',#5511,0.457798);
#5512=LINE('',#5508,#5510);
#5514=CARTESIAN_POINT('',(666.6193,286.5941,-560.0000));
#5515=VERTEX_POINT('',#5514);
#5513=EDGE_CURVE('',#5509,#5515,#5512,.T.);
#5517=DIRECTION('',(0.321422,-0.946936,0.000000));
#5516=VECTOR('',#5517,0.457827);
#5518=LINE('',#5514,#5516);
#5520=CARTESIAN_POINT('',(666.7664,286.1606,-560.0000));
#5521=VERTEX_POINT('',#5520);
#5519=EDGE_CURVE('',#5515,#5521,#5518,.T.);
#5523=DIRECTION('',(0.442328,-0.896853,0.000000));
#5522=VECTOR('',#5523,0.457838);
#5524=LINE('',#5520,#5522);
#5526=CARTESIAN_POINT('',(666.9689,285.7500,-560.0000));
#5527=VERTEX_POINT('',#5526);
#5525=EDGE_CURVE('',#5521,#5527,#5524,.T.);
#5529=DIRECTION('',(0.555531,-0.831496,0.000000));
#5528=VECTOR('',#5529,0.457821);
#5530=LINE('',#5526,#5528);
#5532=CARTESIAN_POINT('',(667.2233,285.3693,-560.0000));
#5533=VERTEX_POINT('',#5532);
#5531=EDGE_CURVE('',#5527,#5533,#5530,.T.);
#5535=DIRECTION('',(0.659368,-0.751821,0.000000));
#5534=VECTOR('',#5535,0.457832);
#5536=LINE('',#5532,#5534);
#5538=CARTESIAN_POINT('',(667.5251,285.0251,-560.0000));
#5539=VERTEX_POINT('',#5538);
#5537=EDGE_CURVE('',#5533,#5539,#5536,.T.);
#5541=DIRECTION('',(0.751825,-0.659363,0.000000));
#5540=VECTOR('',#5541,0.457789);
#5542=LINE('',#5538,#5540);
#5544=CARTESIAN_POINT('',(667.8693,284.7233,-560.0000));
#5545=VERTEX_POINT('',#5544);
#5543=EDGE_CURVE('',#5539,#5545,#5542,.T.);
#5547=DIRECTION('',(0.831465,-0.555577,0.000000));
#5546=VECTOR('',#5547,0.457838);
#5548=LINE('',#5544,#5546);
#5550=CARTESIAN_POINT('',(668.2500,284.4689,-560.0000));
#5551=VERTEX_POINT('',#5550);
#5549=EDGE_CURVE('',#5545,#5551,#5548,.T.);
#5553=DIRECTION('',(0.896867,-0.442301,0.000000));
#5552=VECTOR('',#5553,0.457798);
#5554=LINE('',#5550,#5552);
#5556=CARTESIAN_POINT('',(668.6606,284.2664,-560.0000));
#5557=VERTEX_POINT('',#5556);
#5555=EDGE_CURVE('',#5551,#5557,#5554,.T.);
#5559=DIRECTION('',(0.946936,-0.321422,0.000000));
#5558=VECTOR('',#5559,0.457827);
#5560=LINE('',#5556,#5558);
#5562=CARTESIAN_POINT('',(669.0941,284.1193,-560.0000));
#5563=VERTEX_POINT('',#5562);
#5561=EDGE_CURVE('',#5557,#5563,#5560,.T.);
#5565=DIRECTION('',(0.980783,-0.195103,0.000000));
#5564=VECTOR('',#5565,0.457834);
#5566=LINE('',#5562,#5564);
#5568=CARTESIAN_POINT('',(669.5432,284.0299,-560.0000));
#5569=VERTEX_POINT('',#5568);
#5567=EDGE_CURVE('',#5563,#5569,#5566,.T.);
#5571=DIRECTION('',(0.997860,-0.065391,0.000000));
#5570=VECTOR('',#5571,0.457828);
#5572=LINE('',#5568,#5570);
#5574=CARTESIAN_POINT('',(670.0000,284.0000,-560.0000));
#5575=VERTEX_POINT('',#5574);
#5573=EDGE_CURVE('',#5569,#5575,#5572,.T.);
#5577=DIRECTION('',(0.997860,0.065391,0.000000));
#5576=VECTOR('',#5577,0.457828);
#5578=LINE('',#5574,#5576);
#5580=CARTESIAN_POINT('',(670.4568,284.0299,-560.0000));
#5581=VERTEX_POINT('',#5580);
#5579=EDGE_CURVE('',#5575,#5581,#5578,.T.);
#5583=DIRECTION('',(0.980783,0.195103,0.000000));
#5582=VECTOR('',#5583,0.457834);
#5584=LINE('',#5580,#5582);
#5586=CARTESIAN_POINT('',(670.9059,284.1193,-560.0000));
#5587=VERTEX_POINT('',#5586);
#5585=EDGE_CURVE('',#5581,#5587,#5584,.T.);
#5589=DIRECTION('',(0.946936,0.321422,0.000000));
#5588=VECTOR('',#5589,0.457827);
#5590=LINE('',#5586,#5588);
#5592=CARTESIAN_POINT('',(671.3394,284.2664,-560.0000));
#5593=VERTEX_POINT('',#5592);
#5591=EDGE_CURVE('',#5587,#5593,#5590,.T.);
#5595=DIRECTION('',(0.896867,0.442301,0.000000));
#5594=VECTOR('',#5595,0.457798);
#5596=LINE('',#5592,#5594);
#5598=CARTESIAN_POINT('',(671.7500,284.4689,-560.0000));
#5599=VERTEX_POINT('',#5598);
#5597=EDGE_CURVE('',#5593,#5599,#5596,.T.);
#5601=DIRECTION('',(0.831465,0.555577,0.000000));
#5600=VECTOR('',#5601,0.457838);
#5602=LINE('',#5598,#5600);
#5604=CARTESIAN_POINT('',(672.1307,284.7233,-560.0000));
#5605=VERTEX_POINT('',#5604);
#5603=EDGE_CURVE('',#5599,#5605,#5602,.T.);
#5607=DIRECTION('',(0.751825,0.659363,0.000000));
#5606=VECTOR('',#5607,0.457789);
#5608=LINE('',#5604,#5606);
#5610=CARTESIAN_POINT('',(672.4749,285.0251,-560.0000));
#5611=VERTEX_POINT('',#5610);
#5609=EDGE_CURVE('',#5605,#5611,#5608,.T.);
#5613=DIRECTION('',(0.659368,0.751821,0.000000));
#5612=VECTOR('',#5613,0.457832);
#5614=LINE('',#5610,#5612);
#5616=CARTESIAN_POINT('',(672.7767,285.3693,-560.0000));
#5617=VERTEX_POINT('',#5616);
#5615=EDGE_CURVE('',#5611,#5617,#5614,.T.);
#5619=DIRECTION('',(0.555531,0.831496,0.000000));
#5618=VECTOR('',#5619,0.457821);
#5620=LINE('',#5616,#5618);
#5622=CARTESIAN_POINT('',(673.0311,285.7500,-560.0000));
#5623=VERTEX_POINT('',#5622);
#5621=EDGE_CURVE('',#5617,#5623,#5620,.T.);
#5625=DIRECTION('',(0.442328,0.896853,0.000000));
#5624=VECTOR('',#5625,0.457838);
#5626=LINE('',#5622,#5624);
#5628=CARTESIAN_POINT('',(673.2336,286.1606,-560.0000));
#5629=VERTEX_POINT('',#5628);
#5627=EDGE_CURVE('',#5623,#5629,#5626,.T.);
#5631=DIRECTION('',(0.321422,0.946936,0.000000));
#5630=VECTOR('',#5631,0.457827);
#5632=LINE('',#5628,#5630);
#5634=CARTESIAN_POINT('',(673.3807,286.5941,-560.0000));
#5635=VERTEX_POINT('',#5634);
#5633=EDGE_CURVE('',#5629,#5635,#5632,.T.);
#5637=DIRECTION('',(0.195052,0.980793,0.000000));
#5636=VECTOR('',#5637,0.457798);
#5638=LINE('',#5634,#5636);
#5640=CARTESIAN_POINT('',(673.4700,287.0432,-560.0000));
#5641=VERTEX_POINT('',#5640);
#5639=EDGE_CURVE('',#5635,#5641,#5638,.T.);
#5643=DIRECTION('',(0.065457,0.997855,0.000000));
#5642=VECTOR('',#5643,0.457830);
#5644=LINE('',#5640,#5642);
#5646=CARTESIAN_POINT('',(673.5000,287.5000,-560.0000));
#5647=VERTEX_POINT('',#5646);
#5645=EDGE_CURVE('',#5641,#5647,#5644,.T.);
#5649=DIRECTION('',(-0.065457,0.997855,0.000000));
#5648=VECTOR('',#5649,0.457830);
#5650=LINE('',#5646,#5648);
#5652=CARTESIAN_POINT('',(673.4700,287.9568,-560.0000));
#5653=VERTEX_POINT('',#5652);
#5651=EDGE_CURVE('',#5647,#5653,#5650,.T.);
#5655=DIRECTION('',(-0.195052,0.980793,0.000000));
#5654=VECTOR('',#5655,0.457798);
#5656=LINE('',#5652,#5654);
#5658=CARTESIAN_POINT('',(673.3807,288.4059,-560.0000));
#5659=VERTEX_POINT('',#5658);
#5657=EDGE_CURVE('',#5653,#5659,#5656,.T.);
#5661=DIRECTION('',(-0.321436,0.946931,0.000000));
#5660=VECTOR('',#5661,5.146017);
#5662=LINE('',#5658,#5660);
#5663=EDGE_CURVE('',#5659,#5375,#5662,.T.);
#5664=ORIENTED_EDGE('',*,*,#5374,.T.);
#5665=ORIENTED_EDGE('',*,*,#5381,.T.);
#5666=ORIENTED_EDGE('',*,*,#5387,.T.);
#5667=ORIENTED_EDGE('',*,*,#5393,.T.);
#5668=ORIENTED_EDGE('',*,*,#5399,.T.);
#5669=ORIENTED_EDGE('',*,*,#5405,.T.);
#5670=ORIENTED_EDGE('',*,*,#5411,.T.);
#5671=ORIENTED_EDGE('',*,*,#5417,.T.);
#5672=ORIENTED_EDGE('',*,*,#5423,.T.);
#5673=ORIENTED_EDGE('',*,*,#5429,.T.);
#5674=ORIENTED_EDGE('',*,*,#5435,.T.);
#5675=ORIENTED_EDGE('',*,*,#5441,.T.);
#5676=ORIENTED_EDGE('',*,*,#5447,.T.);
#5677=ORIENTED_EDGE('',*,*,#5453,.T.);
#5678=ORIENTED_EDGE('',*,*,#5459,.T.);
#5679=ORIENTED_EDGE('',*,*,#5465,.T.);
#5680=ORIENTED_EDGE('',*,*,#5471,.T.);
#5681=ORIENTED_EDGE('',*,*,#5477,.T.);
#5682=ORIENTED_EDGE('',*,*,#5483,.T.);
#5683=ORIENTED_EDGE('',*,*,#5489,.T.);
#5684=ORIENTED_EDGE('',*,*,#5495,.T.);
#5685=ORIENTED_EDGE('',*,*,#5501,.T.);
#5686=ORIENTED_EDGE('',*,*,#5507,.T.);
#5687=ORIENTED_EDGE('',*,*,#5513,.T.);
#5688=ORIENTED_EDGE('',*,*,#5519,.T.);
#5689=ORIENTED_EDGE('',*,*,#5525,.T.);
#5690=ORIENTED_EDGE('',*,*,#5531,.T.);
#5691=ORIENTED_EDGE('',*,*,#5537,.T.);
#5692=ORIENTED_EDGE('',*,*,#5543,.T.);
#5693=ORIENTED_EDGE('',*,*,#5549,.T.);
#5694=ORIENTED_EDGE('',*,*,#5555,.T.);
#5695=ORIENTED_EDGE('',*,*,#5561,.T.);
#5696=ORIENTED_EDGE('',*,*,#5567,.T.);
#5697=ORIENTED_EDGE('',*,*,#5573,.T.);
#5698=ORIENTED_EDGE('',*,*,#5579,.T.);
#5699=ORIENTED_EDGE('',*,*,#5585,.T.);
#5700=ORIENTED_EDGE('',*,*,#5591,.T.);
#5701=ORIENTED_EDGE('',*,*,#5597,.T.);
#5702=ORIENTED_EDGE('',*,*,#5603,.T.);
#5703=ORIENTED_EDGE('',*,*,#5609,.T.);
#5704=ORIENTED_EDGE('',*,*,#5615,.T.);
#5705=ORIENTED_EDGE('',*,*,#5621,.T.);
#5706=ORIENTED_EDGE('',*,*,#5627,.T.);
#5707=ORIENTED_EDGE('',*,*,#5633,.T.);
#5708=ORIENTED_EDGE('',*,*,#5639,.T.);
#5709=ORIENTED_EDGE('',*,*,#5645,.T.);
#5710=ORIENTED_EDGE('',*,*,#5651,.T.);
#5711=ORIENTED_EDGE('',*,*,#5657,.T.);
#5712=ORIENTED_EDGE('',*,*,#5663,.T.);
#5713=EDGE_LOOP('',(#5664,#5665,#5666,#5667,#5668,#5669,#5670,#5671,#5672,#5673,#5674,#5675,#5676,#5677,#5678,#5679,#5680,#5681,#5682,#5683,#5684,#5685,#5686,#5687,#5688,#5689,#5690,#5691,#5692,#5693,#5694,#5695,#5696,#5697,#5698,#5699,#5700,#5701,#5702,#5703,#5704,#5705,#5706,#5707,#5708,#5709,#5710,#5711,#5712));
#5714=FACE_BOUND('',#5713,.T.);
#5716=DIRECTION('',(0.997860,0.065392,0.000000));
#5715=VECTOR('',#5716,33.380222);
#5718=CARTESIAN_POINT('',(638.4652,279.5415,-560.0000));
#5717=LINE('',#5718,#5715);
#5720=VERTEX_POINT('',#5718);
#5721=CARTESIAN_POINT('',(671.7740,281.7243,-560.0000));
#5722=VERTEX_POINT('',#5721);
#5719=EDGE_CURVE('',#5720,#5722,#5717,.T.);
#5724=DIRECTION('',(-0.997860,-0.065392,0.000000));
#5723=VECTOR('',#5724,18.244066);
#5725=LINE('',#5721,#5723);
#5727=CARTESIAN_POINT('',(653.5690,280.5313,-560.0000));
#5728=VERTEX_POINT('',#5727);
#5726=EDGE_CURVE('',#5722,#5728,#5725,.T.);
#5730=DIRECTION('',(-0.997860,-0.065392,0.000000));
#5729=VECTOR('',#5730,15.136156);
#5731=LINE('',#5727,#5729);
#5732=EDGE_CURVE('',#5728,#5720,#5731,.T.);
#5733=ORIENTED_EDGE('',*,*,#5719,.T.);
#5734=ORIENTED_EDGE('',*,*,#5726,.T.);
#5735=ORIENTED_EDGE('',*,*,#5732,.T.);
#5736=EDGE_LOOP('',(#5733,#5734,#5735));
#5737=FACE_BOUND('',#5736,.T.);
#5739=DIRECTION('',(0.997860,0.065392,0.000000));
#5738=VECTOR('',#5739,32.671001);
#5741=CARTESIAN_POINT('',(675.6747,279.5880,-560.0000));
#5740=LINE('',#5741,#5738);
#5743=VERTEX_POINT('',#5741);
#5744=CARTESIAN_POINT('',(708.2758,281.7245,-560.0000));
#5745=VERTEX_POINT('',#5744);
#5742=EDGE_CURVE('',#5743,#5745,#5740,.T.);
#5747=DIRECTION('',(-0.997860,-0.065392,0.000000));
#5746=VECTOR('',#5747,18.246512);
#5748=LINE('',#5744,#5746);
#5750=CARTESIAN_POINT('',(690.0684,280.5313,-560.0000));
#5751=VERTEX_POINT('',#5750);
#5749=EDGE_CURVE('',#5745,#5751,#5748,.T.);
#5753=DIRECTION('',(-0.997860,-0.065391,0.000000));
#5752=VECTOR('',#5753,14.424489);
#5754=LINE('',#5750,#5752);
#5755=EDGE_CURVE('',#5751,#5743,#5754,.T.);
#5756=ORIENTED_EDGE('',*,*,#5742,.T.);
#5757=ORIENTED_EDGE('',*,*,#5749,.T.);
#5758=ORIENTED_EDGE('',*,*,#5755,.T.);
#5759=EDGE_LOOP('',(#5756,#5757,#5758));
#5760=FACE_BOUND('',#5759,.T.);
#5762=DIRECTION('',(0.997860,0.065391,0.000000));
#5761=VECTOR('',#5762,14.846901);
#5764=CARTESIAN_POINT('',(615.7901,280.4475,-560.0000));
#5763=LINE('',#5764,#5761);
#5766=VERTEX_POINT('',#5764);
#5767=CARTESIAN_POINT('',(630.6052,281.4184,-560.0000));
#5768=VERTEX_POINT('',#5767);
#5765=EDGE_CURVE('',#5766,#5768,#5763,.T.);
#5770=DIRECTION('',(-0.997860,-0.065391,0.000000));
#5769=VECTOR('',#5770,13.565900);
#5771=LINE('',#5767,#5769);
#5773=CARTESIAN_POINT('',(617.0684,280.5313,-560.0000));
#5774=VERTEX_POINT('',#5773);
#5772=EDGE_CURVE('',#5768,#5774,#5771,.T.);
#5776=DIRECTION('',(-0.997859,-0.065395,0.000000));
#5775=VECTOR('',#5776,1.281001);
#5777=LINE('',#5773,#5775);
#5778=EDGE_CURVE('',#5774,#5766,#5777,.T.);
#5779=ORIENTED_EDGE('',*,*,#5765,.T.);
#5780=ORIENTED_EDGE('',*,*,#5772,.T.);
#5781=ORIENTED_EDGE('',*,*,#5778,.T.);
#5782=EDGE_LOOP('',(#5779,#5780,#5781));
#5783=FACE_BOUND('',#5782,.T.);
#5785=DIRECTION('',(0.997859,0.065403,0.000000));
#5784=VECTOR('',#5785,31.378035);
#5787=CARTESIAN_POINT('',(615.3547,-8.8925,-560.0000));
#5786=LINE('',#5787,#5784);
#5789=VERTEX_POINT('',#5787);
#5790=CARTESIAN_POINT('',(646.6655,-6.8403,-560.0000));
#5791=VERTEX_POINT('',#5790);
#5788=EDGE_CURVE('',#5789,#5791,#5786,.T.);
#5793=DIRECTION('',(-0.997859,-0.065403,0.000000));
#5792=VECTOR('',#5793,17.209026);
#5794=LINE('',#5790,#5792);
#5796=CARTESIAN_POINT('',(629.4933,-7.9658,-560.0000));
#5797=VERTEX_POINT('',#5796);
#5795=EDGE_CURVE('',#5791,#5797,#5794,.T.);
#5799=DIRECTION('',(-0.997859,-0.065403,0.000000));
#5798=VECTOR('',#5799,14.169009);
#5800=LINE('',#5796,#5798);
#5801=EDGE_CURVE('',#5797,#5789,#5800,.T.);
#5802=ORIENTED_EDGE('',*,*,#5788,.T.);
#5803=ORIENTED_EDGE('',*,*,#5795,.T.);
#5804=ORIENTED_EDGE('',*,*,#5801,.T.);
#5805=EDGE_LOOP('',(#5802,#5803,#5804));
#5806=FACE_BOUND('',#5805,.T.);
#5809=DIRECTION('',(0.000000,0.000000,-1.000000));
#5810=DIRECTION('',(0.997860,0.065392,0.000000));
#5808=AXIS2_PLACEMENT_3D('',#128,#5809,#5810);
#5807=PLANE('',#5808);
#5811=ADVANCED_FACE('',(#4348,#4686,#5031,#5369,#5714,#5737,#5760,#5783,#5806),#5807,.T.);
#5814=CARTESIAN_POINT('',(670.0000,-301.5000,-560.0000));
#5815=DIRECTION('',(0.000000,0.000000,1.000000));
#5816=DIRECTION('',(0.000000,1.000000,0.000000));
#5813=AXIS2_PLACEMENT_3D('',#5814,#5815,#5816);
#5812=CIRCLE('',#5813,3.500002);
#5817=EDGE_CURVE('',#4028,#4172,#5812,.T.);
#5818=EDGE_CURVE('',#4172,#4028,#5812,.T.);
#5819=ORIENTED_EDGE('',*,*,#5818,.F.);
#5820=ORIENTED_EDGE('',*,*,#5817,.F.);
#5821=EDGE_LOOP('',(#5819,#5820));
#5822=FACE_OUTER_BOUND('',#5821,.T.);
#5825=CARTESIAN_POINT('',(670.0000,-301.5000,-558.0000));
#5826=DIRECTION('',(0.000000,0.000000,1.000000));
#5827=DIRECTION('',(0.000000,1.000000,0.000000));
#5824=AXIS2_PLACEMENT_3D('',#5825,#5826,#5827);
#5823=CIRCLE('',#5824,3.500002);
#5828=EDGE_CURVE('',#2159,#2986,#5823,.T.);
#5829=EDGE_CURVE('',#2986,#2159,#5823,.T.);
#5830=ORIENTED_EDGE('',*,*,#5828,.T.);
#5831=ORIENTED_EDGE('',*,*,#5829,.T.);
#5832=EDGE_LOOP('',(#5830,#5831));
#5833=FACE_BOUND('',#5832,.T.);
#5836=DIRECTION('',(0.000000,0.000000,1.000000));
#5837=DIRECTION('',(0.000000,1.000000,0.000000));
#5835=AXIS2_PLACEMENT_3D('',#5814,#5836,#5837);
#5834=CYLINDRICAL_SURFACE('',#5835,3.500002);
#5838=ADVANCED_FACE('',(#5822,#5833),#5834,.F.);
#5841=CARTESIAN_POINT('',(670.0000,287.5000,-560.0000));
#5842=DIRECTION('',(0.000000,0.000000,1.000000));
#5843=DIRECTION('',(0.000000,1.000000,0.000000));
#5840=AXIS2_PLACEMENT_3D('',#5841,#5842,#5843);
#5839=CIRCLE('',#5840,3.500002);
#5844=EDGE_CURVE('',#5431,#5575,#5839,.T.);
#5845=EDGE_CURVE('',#5575,#5431,#5839,.T.);
#5846=ORIENTED_EDGE('',*,*,#5845,.F.);
#5847=ORIENTED_EDGE('',*,*,#5844,.F.);
#5848=EDGE_LOOP('',(#5846,#5847));
#5849=FACE_OUTER_BOUND('',#5848,.T.);
#5852=CARTESIAN_POINT('',(670.0000,287.5000,-558.0000));
#5853=DIRECTION('',(0.000000,0.000000,1.000000));
#5854=DIRECTION('',(0.000000,1.000000,0.000000));
#5851=AXIS2_PLACEMENT_3D('',#5852,#5853,#5854);
#5850=CIRCLE('',#5851,3.500002);
#5855=EDGE_CURVE('',#1870,#3091,#5850,.T.);
#5856=EDGE_CURVE('',#3091,#1870,#5850,.T.);
#5857=ORIENTED_EDGE('',*,*,#5855,.T.);
#5858=ORIENTED_EDGE('',*,*,#5856,.T.);
#5859=EDGE_LOOP('',(#5857,#5858));
#5860=FACE_BOUND('',#5859,.T.);
#5863=DIRECTION('',(0.000000,0.000000,1.000000));
#5864=DIRECTION('',(0.000000,1.000000,0.000000));
#5862=AXIS2_PLACEMENT_3D('',#5841,#5863,#5864);
#5861=CYLINDRICAL_SURFACE('',#5862,3.500002);
#5865=ADVANCED_FACE('',(#5849,#5860),#5861,.F.);
#5868=CARTESIAN_POINT('',(706.5000,287.5000,-558.0000));
#5869=DIRECTION('',(0.000000,0.000000,1.000000));
#5870=DIRECTION('',(0.000000,1.000000,0.000000));
#5867=AXIS2_PLACEMENT_3D('',#5868,#5869,#5870);
#5866=CIRCLE('',#5867,3.500002);
#5871=EDGE_CURVE('',#1307,#3070,#5866,.T.);
#5872=EDGE_CURVE('',#3070,#1307,#5866,.T.);
#5873=ORIENTED_EDGE('',*,*,#5871,.T.);
#5874=ORIENTED_EDGE('',*,*,#5872,.T.);
#5875=EDGE_LOOP('',(#5873,#5874));
#5876=FACE_OUTER_BOUND('',#5875,.T.);
#5879=CARTESIAN_POINT('',(706.5000,287.5000,-560.0000));
#5880=DIRECTION('',(0.000000,0.000000,1.000000));
#5881=DIRECTION('',(0.000000,1.000000,0.000000));
#5878=AXIS2_PLACEMENT_3D('',#5879,#5880,#5881);
#5877=CIRCLE('',#5878,3.500002);
#5882=EDGE_CURVE('',#4748,#4892,#5877,.T.);
#5883=EDGE_CURVE('',#4892,#4748,#5877,.T.);
#5884=ORIENTED_EDGE('',*,*,#5883,.F.);
#5885=ORIENTED_EDGE('',*,*,#5882,.F.);
#5886=EDGE_LOOP('',(#5884,#5885));
#5887=FACE_BOUND('',#5886,.T.);
#5890=DIRECTION('',(0.000000,0.000000,1.000000));
#5891=DIRECTION('',(0.000000,1.000000,0.000000));
#5889=AXIS2_PLACEMENT_3D('',#5868,#5890,#5891);
#5888=CYLINDRICAL_SURFACE('',#5889,3.500002);
#5892=ADVANCED_FACE('',(#5876,#5887),#5888,.F.);
#5895=CARTESIAN_POINT('',(690.0000,0.0000,-560.0000));
#5896=DIRECTION('',(0.000000,0.000000,1.000000));
#5897=DIRECTION('',(0.000000,1.000000,0.000000));
#5894=AXIS2_PLACEMENT_3D('',#5895,#5896,#5897);
#5893=CIRCLE('',#5894,4.000000);
#5898=EDGE_CURVE('',#4488,#4632,#5893,.T.);
#5899=EDGE_CURVE('',#4632,#4488,#5893,.T.);
#5900=ORIENTED_EDGE('',*,*,#5899,.F.);
#5901=ORIENTED_EDGE('',*,*,#5898,.F.);
#5902=EDGE_LOOP('',(#5900,#5901));
#5903=FACE_OUTER_BOUND('',#5902,.T.);
#5906=CARTESIAN_POINT('',(690.0000,0.0000,-558.0000));
#5907=DIRECTION('',(0.000000,0.000000,1.000000));
#5908=DIRECTION('',(0.000000,1.000000,0.000000));
#5905=AXIS2_PLACEMENT_3D('',#5906,#5907,#5908);
#5904=CIRCLE('',#5905,4.000000);
#5909=EDGE_CURVE('',#615,#2958,#5904,.T.);
#5910=EDGE_CURVE('',#2958,#615,#5904,.T.);
#5911=ORIENTED_EDGE('',*,*,#5909,.T.);
#5912=ORIENTED_EDGE('',*,*,#5910,.T.);
#5913=EDGE_LOOP('',(#5911,#5912));
#5914=FACE_BOUND('',#5913,.T.);
#5917=DIRECTION('',(0.000000,0.000000,1.000000));
#5918=DIRECTION('',(0.000000,1.000000,0.000000));
#5916=AXIS2_PLACEMENT_3D('',#5895,#5917,#5918);
#5915=CYLINDRICAL_SURFACE('',#5916,4.000000);
#5919=ADVANCED_FACE('',(#5903,#5914),#5915,.F.);
#5922=CARTESIAN_POINT('',(743.0000,287.5000,-560.0000));
#5923=DIRECTION('',(0.000000,0.000000,1.000000));
#5924=DIRECTION('',(0.000000,1.000000,0.000000));
#5921=AXIS2_PLACEMENT_3D('',#5922,#5923,#5924);
#5920=CIRCLE('',#5921,3.500002);
#5925=EDGE_CURVE('',#5171,#5315,#5920,.T.);
#5926=EDGE_CURVE('',#5315,#5171,#5920,.T.);
#5927=ORIENTED_EDGE('',*,*,#5926,.F.);
#5928=ORIENTED_EDGE('',*,*,#5925,.F.);
#5929=EDGE_LOOP('',(#5927,#5928));
#5930=FACE_OUTER_BOUND('',#5929,.T.);
#5933=CARTESIAN_POINT('',(743.0000,287.5000,-558.0000));
#5934=DIRECTION('',(0.000000,0.000000,1.000000));
#5935=DIRECTION('',(0.000000,1.000000,0.000000));
#5932=AXIS2_PLACEMENT_3D('',#5933,#5934,#5935);
#5931=CIRCLE('',#5932,3.500002);
#5936=EDGE_CURVE('',#1499,#3049,#5931,.T.);
#5937=EDGE_CURVE('',#3049,#1499,#5931,.T.);
#5938=ORIENTED_EDGE('',*,*,#5936,.T.);
#5939=ORIENTED_EDGE('',*,*,#5937,.T.);
#5940=EDGE_LOOP('',(#5938,#5939));
#5941=FACE_BOUND('',#5940,.T.);
#5944=DIRECTION('',(0.000000,0.000000,1.000000));
#5945=DIRECTION('',(0.000000,1.000000,0.000000));
#5943=AXIS2_PLACEMENT_3D('',#5922,#5944,#5945);
#5942=CYLINDRICAL_SURFACE('',#5943,3.500002);
#5946=ADVANCED_FACE('',(#5930,#5941),#5942,.F.);
#5949=CARTESIAN_POINT('',(706.5000,-301.5000,-558.0000));
#5950=DIRECTION('',(0.000000,0.000000,1.000000));
#5951=DIRECTION('',(0.000000,1.000000,0.000000));
#5948=AXIS2_PLACEMENT_3D('',#5949,#5950,#5951);
#5947=CIRCLE('',#5948,3.500002);
#5952=EDGE_CURVE('',#1025,#3007,#5947,.T.);
#5953=EDGE_CURVE('',#3007,#1025,#5947,.T.);
#5954=ORIENTED_EDGE('',*,*,#5952,.T.);
#5955=ORIENTED_EDGE('',*,*,#5953,.T.);
#5956=EDGE_LOOP('',(#5954,#5955));
#5957=FACE_OUTER_BOUND('',#5956,.T.);
#5960=CARTESIAN_POINT('',(706.5000,-301.5000,-560.0000));
#5961=DIRECTION('',(0.000000,0.000000,1.000000));
#5962=DIRECTION('',(0.000000,1.000000,0.000000));
#5959=AXIS2_PLACEMENT_3D('',#5960,#5961,#5962);
#5958=CIRCLE('',#5959,3.500002);
#5963=EDGE_CURVE('',#3730,#3874,#5958,.T.);
#5964=EDGE_CURVE('',#3874,#3730,#5958,.T.);
#5965=ORIENTED_EDGE('',*,*,#5964,.F.);
#5966=ORIENTED_EDGE('',*,*,#5963,.F.);
#5967=EDGE_LOOP('',(#5965,#5966));
#5968=FACE_BOUND('',#5967,.T.);
#5971=DIRECTION('',(0.000000,0.000000,1.000000));
#5972=DIRECTION('',(0.000000,1.000000,0.000000));
#5970=AXIS2_PLACEMENT_3D('',#5949,#5971,#5972);
#5969=CYLINDRICAL_SURFACE('',#5970,3.500002);
#5973=ADVANCED_FACE('',(#5957,#5968),#5969,.F.);
#5976=CARTESIAN_POINT('',(743.0000,-301.5000,-558.0000));
#5977=DIRECTION('',(0.000000,0.000000,1.000000));
#5978=DIRECTION('',(0.000000,1.000000,0.000000));
#5975=AXIS2_PLACEMENT_3D('',#5976,#5977,#5978);
#5974=CIRCLE('',#5975,3.500002);
#5979=EDGE_CURVE('',#303,#3028,#5974,.T.);
#5980=EDGE_CURVE('',#3028,#303,#5974,.T.);
#5981=ORIENTED_EDGE('',*,*,#5979,.T.);
#5982=ORIENTED_EDGE('',*,*,#5980,.T.);
#5983=EDGE_LOOP('',(#5981,#5982));
#5984=FACE_OUTER_BOUND('',#5983,.T.);
#5987=CARTESIAN_POINT('',(743.0000,-301.5000,-560.0000));
#5988=DIRECTION('',(0.000000,0.000000,1.000000));
#5989=DIRECTION('',(0.000000,1.000000,0.000000));
#5986=AXIS2_PLACEMENT_3D('',#5987,#5988,#5989);
#5985=CIRCLE('',#5986,3.500002);
#5990=EDGE_CURVE('',#3428,#3572,#5985,.T.);
#5991=EDGE_CURVE('',#3572,#3428,#5985,.T.);
#5992=ORIENTED_EDGE('',*,*,#5991,.F.);
#5993=ORIENTED_EDGE('',*,*,#5990,.F.);
#5994=EDGE_LOOP('',(#5992,#5993));
#5995=FACE_BOUND('',#5994,.T.);
#5998=DIRECTION('',(0.000000,0.000000,1.000000));
#5999=DIRECTION('',(0.000000,1.000000,0.000000));
#5997=AXIS2_PLACEMENT_3D('',#5976,#5998,#5999);
#5996=CYLINDRICAL_SURFACE('',#5997,3.500002);
#6000=ADVANCED_FACE('',(#5984,#5995),#5996,.F.);
#6002=DIRECTION('',(0.000000,-1.000000,0.000000));
#6001=VECTOR('',#6002,612.000000);
#6003=LINE('',#83,#6001);
#6004=EDGE_CURVE('',#84,#141,#6003,.T.);
#6005=ORIENTED_EDGE('',*,*,#139,.F.);
#6006=ORIENTED_EDGE('',*,*,#4188,.F.);
#6007=ORIENTED_EDGE('',*,*,#88,.F.);
#6008=ORIENTED_EDGE('',*,*,#6004,.T.);
#6009=EDGE_LOOP('',(#6005,#6006,#6007,#6008));
#6010=FACE_OUTER_BOUND('',#6009,.T.);
#6013=CARTESIAN_POINT('',(803.0000,-301.0681,-230.0000));
#6014=DIRECTION('',(1.000000,0.000000,0.000000));
#6015=DIRECTION('',(0.000000,0.000000,-1.000000));
#6012=AXIS2_PLACEMENT_3D('',#6013,#6014,#6015);
#6011=PLANE('',#6012);
#6016=ADVANCED_FACE('',(#6010),#6011,.T.);
#6017=ORIENTED_EDGE('',*,*,#145,.F.);
#6018=ORIENTED_EDGE('',*,*,#6004,.F.);
#6019=ORIENTED_EDGE('',*,*,#82,.F.);
#6020=ORIENTED_EDGE('',*,*,#12,.F.);
#6021=EDGE_LOOP('',(#6017,#6018,#6019,#6020));
#6022=FACE_OUTER_BOUND('',#6021,.T.);
#6025=CARTESIAN_POINT('',(801.0000,-301.1991,-230.0000));
#6026=DIRECTION('',(0.000000,0.000000,1.000000));
#6027=DIRECTION('',(1.000000,0.000000,0.000000));
#6024=AXIS2_PLACEMENT_3D('',#6025,#6026,#6027);
#6023=PLANE('',#6024);
#6028=ADVANCED_FACE('',(#6022),#6023,.T.);
#6029=CLOSED_SHELL('',(#36,#72,#123,#174,#3282,#5811,#5838,#5865,#5892,#5919,#5946,#5973,#6000,#6016,#6028));
#6030=MANIFOLD_SOLID_BREP('CV-LBP18-F50-008 — Guarda motriz — fondo con tapa e2 (191×612)',#6029);
#6032=CARTESIAN_POINT('',(0.0000,0.0000,0.0000));
#6033=DIRECTION('',(0.000000,0.000000,1.000000));
#6034=DIRECTION('',(1.000000,0.000000,0.000000));
#6031=AXIS2_PLACEMENT_3D('',#6032,#6033,#6034);
#6035=( LENGTH_UNIT() NAMED_UNIT(*) SI_UNIT(.MILLI.,.METRE.) );
#6036=( NAMED_UNIT(*) PLANE_ANGLE_UNIT() SI_UNIT($,.RADIAN.) );
#6037=( NAMED_UNIT(*) SI_UNIT($,.STERADIAN.) SOLID_ANGLE_UNIT() );
#6038=UNCERTAINTY_MEASURE_WITH_UNIT(LENGTH_MEASURE(0.01),#6035,'distance_accuracy_value','');
#6039=( GEOMETRIC_REPRESENTATION_CONTEXT(3) GLOBAL_UNCERTAINTY_ASSIGNED_CONTEXT((#6038)) GLOBAL_UNIT_ASSIGNED_CONTEXT((#6035,#6036,#6037)) REPRESENTATION_CONTEXT('','3D') );
#6040=ADVANCED_BREP_SHAPE_REPRESENTATION('CV-LBP18-F50-008 — Guarda motriz — fondo con tapa e2 (191×612)',(#6031,#6030),#6039);
ENDSEC;
END-ISO-10303-21;
