ISO-10303-21;
HEADER;
FILE_DESCRIPTION(('CV-LBP18-F50-006 — Guarda motriz — costado libre e2 (193×330)'),'2;1');
FILE_NAME('CV-LBP18-F50-006 — Guarda motriz — costado libre e2 (193×330)','2026-08-19T00:00:00',('ConveyOne SpA'),('ConveyOne SpA'),'ConveyOne CAD','step_export.mjs','');
FILE_SCHEMA(('CONFIG_CONTROL_DESIGN'));
ENDSEC;
DATA;
#2=DIRECTION('',(0.000000,-1.000000,0.000000));
#1=VECTOR('',#2,2.000000);
#4=CARTESIAN_POINT('',(803.0000,-314.0000,-232.0000));
#3=LINE('',#4,#1);
#6=VERTEX_POINT('',#4);
#7=CARTESIAN_POINT('',(803.0000,-316.0000,-232.0000));
#8=VERTEX_POINT('',#7);
#5=EDGE_CURVE('',#6,#8,#3,.T.);
#10=DIRECTION('',(0.000000,0.000000,-1.000000));
#9=VECTOR('',#10,328.000000);
#11=LINE('',#7,#9);
#13=CARTESIAN_POINT('',(803.0000,-316.0000,-560.0000));
#14=VERTEX_POINT('',#13);
#12=EDGE_CURVE('',#8,#14,#11,.T.);
#16=DIRECTION('',(0.000000,1.000000,0.000000));
#15=VECTOR('',#16,2.000000);
#17=LINE('',#13,#15);
#19=CARTESIAN_POINT('',(803.0000,-314.0000,-560.0000));
#20=VERTEX_POINT('',#19);
#18=EDGE_CURVE('',#14,#20,#17,.T.);
#22=DIRECTION('',(0.000000,0.000000,1.000000));
#21=VECTOR('',#22,328.000000);
#23=LINE('',#19,#21);
#24=EDGE_CURVE('',#20,#6,#23,.T.);
#25=ORIENTED_EDGE('',*,*,#5,.T.);
#26=ORIENTED_EDGE('',*,*,#12,.T.);
#27=ORIENTED_EDGE('',*,*,#18,.T.);
#28=ORIENTED_EDGE('',*,*,#24,.T.);
#29=EDGE_LOOP('',(#25,#26,#27,#28));
#30=FACE_OUTER_BOUND('',#29,.T.);
#32=DIRECTION('',(0.000000,0.000000,-1.000000));
#31=VECTOR('',#32,2.000000);
#34=CARTESIAN_POINT('',(803.0000,-316.0000,-230.0000));
#33=LINE('',#34,#31);
#36=VERTEX_POINT('',#34);
#35=EDGE_CURVE('',#36,#8,#33,.T.);
#38=DIRECTION('',(0.000000,1.000000,0.000000));
#37=VECTOR('',#38,67.000000);
#39=LINE('',#7,#37);
#41=CARTESIAN_POINT('',(803.0000,-249.0000,-232.0000));
#42=VERTEX_POINT('',#41);
#40=EDGE_CURVE('',#8,#42,#39,.T.);
#44=DIRECTION('',(0.000000,0.000000,1.000000));
#43=VECTOR('',#44,2.000000);
#45=LINE('',#41,#43);
#47=CARTESIAN_POINT('',(803.0000,-249.0000,-230.0000));
#48=VERTEX_POINT('',#47);
#46=EDGE_CURVE('',#42,#48,#45,.T.);
#50=DIRECTION('',(0.000000,-1.000000,0.000000));
#49=VECTOR('',#50,67.000000);
#51=LINE('',#47,#49);
#52=EDGE_CURVE('',#48,#36,#51,.T.);
#53=ORIENTED_EDGE('',*,*,#35,.T.);
#54=ORIENTED_EDGE('',*,*,#40,.T.);
#55=ORIENTED_EDGE('',*,*,#46,.T.);
#56=ORIENTED_EDGE('',*,*,#52,.T.);
#57=EDGE_LOOP('',(#53,#54,#55,#56));
#58=FACE_BOUND('',#57,.T.);
#60=DIRECTION('',(0.000000,0.000000,-1.000000));
#59=VECTOR('',#60,2.000000);
#62=CARTESIAN_POINT('',(803.0000,-314.0000,-558.0000));
#61=LINE('',#62,#59);
#64=VERTEX_POINT('',#62);
#63=EDGE_CURVE('',#64,#20,#61,.T.);
#66=DIRECTION('',(0.000000,1.000000,0.000000));
#65=VECTOR('',#66,25.000000);
#67=LINE('',#19,#65);
#69=CARTESIAN_POINT('',(803.0000,-289.0000,-560.0000));
#70=VERTEX_POINT('',#69);
#68=EDGE_CURVE('',#20,#70,#67,.T.);
#72=DIRECTION('',(0.000000,0.000000,1.000000));
#71=VECTOR('',#72,2.000000);
#73=LINE('',#69,#71);
#75=CARTESIAN_POINT('',(803.0000,-289.0000,-558.0000));
#76=VERTEX_POINT('',#75);
#74=EDGE_CURVE('',#70,#76,#73,.T.);
#78=DIRECTION('',(0.000000,-1.000000,0.000000));
#77=VECTOR('',#78,25.000000);
#79=LINE('',#75,#77);
#80=EDGE_CURVE('',#76,#64,#79,.T.);
#81=ORIENTED_EDGE('',*,*,#63,.T.);
#82=ORIENTED_EDGE('',*,*,#68,.T.);
#83=ORIENTED_EDGE('',*,*,#74,.T.);
#84=ORIENTED_EDGE('',*,*,#80,.T.);
#85=EDGE_LOOP('',(#81,#82,#83,#84));
#86=FACE_BOUND('',#85,.T.);
#89=CARTESIAN_POINT('',(803.0000,-314.0000,-235.6284));
#90=DIRECTION('',(1.000000,0.000000,0.000000));
#91=DIRECTION('',(0.000000,-1.000000,0.000000));
#88=AXIS2_PLACEMENT_3D('',#89,#90,#91);
#87=PLANE('',#88);
#92=ADVANCED_FACE('',(#30,#58,#86),#87,.T.);
#94=DIRECTION('',(0.000000,0.000000,-1.000000));
#93=VECTOR('',#94,326.000000);
#96=CARTESIAN_POINT('',(610.0000,-314.0000,-232.0000));
#95=LINE('',#96,#93);
#98=VERTEX_POINT('',#96);
#99=CARTESIAN_POINT('',(610.0000,-314.0000,-558.0000));
#100=VERTEX_POINT('',#99);
#97=EDGE_CURVE('',#98,#100,#95,.T.);
#102=DIRECTION('',(0.000000,1.000000,0.000000));
#101=VECTOR('',#102,25.000000);
#103=LINE('',#99,#101);
#105=CARTESIAN_POINT('',(610.0000,-289.0000,-558.0000));
#106=VERTEX_POINT('',#105);
#104=EDGE_CURVE('',#100,#106,#103,.T.);
#108=DIRECTION('',(0.000000,0.000000,-1.000000));
#107=VECTOR('',#108,2.000000);
#109=LINE('',#105,#107);
#111=CARTESIAN_POINT('',(610.0000,-289.0000,-560.0000));
#112=VERTEX_POINT('',#111);
#110=EDGE_CURVE('',#106,#112,#109,.T.);
#114=DIRECTION('',(0.000000,-1.000000,0.000000));
#113=VECTOR('',#114,27.000000);
#115=LINE('',#111,#113);
#117=CARTESIAN_POINT('',(610.0000,-316.0000,-560.0000));
#118=VERTEX_POINT('',#117);
#116=EDGE_CURVE('',#112,#118,#115,.T.);
#120=DIRECTION('',(0.000000,0.000000,1.000000));
#119=VECTOR('',#120,330.000000);
#121=LINE('',#117,#119);
#123=CARTESIAN_POINT('',(610.0000,-316.0000,-230.0000));
#124=VERTEX_POINT('',#123);
#122=EDGE_CURVE('',#118,#124,#121,.T.);
#126=DIRECTION('',(0.000000,1.000000,0.000000));
#125=VECTOR('',#126,67.000000);
#127=LINE('',#123,#125);
#129=CARTESIAN_POINT('',(610.0000,-249.0000,-230.0000));
#130=VERTEX_POINT('',#129);
#128=EDGE_CURVE('',#124,#130,#127,.T.);
#132=DIRECTION('',(0.000000,0.000000,-1.000000));
#131=VECTOR('',#132,2.000000);
#133=LINE('',#129,#131);
#135=CARTESIAN_POINT('',(610.0000,-249.0000,-232.0000));
#136=VERTEX_POINT('',#135);
#134=EDGE_CURVE('',#130,#136,#133,.T.);
#138=DIRECTION('',(0.000000,-1.000000,0.000000));
#137=VECTOR('',#138,65.000000);
#139=LINE('',#135,#137);
#140=EDGE_CURVE('',#136,#98,#139,.T.);
#141=ORIENTED_EDGE('',*,*,#97,.T.);
#142=ORIENTED_EDGE('',*,*,#104,.T.);
#143=ORIENTED_EDGE('',*,*,#110,.T.);
#144=ORIENTED_EDGE('',*,*,#116,.T.);
#145=ORIENTED_EDGE('',*,*,#122,.T.);
#146=ORIENTED_EDGE('',*,*,#128,.T.);
#147=ORIENTED_EDGE('',*,*,#134,.T.);
#148=ORIENTED_EDGE('',*,*,#140,.T.);
#149=EDGE_LOOP('',(#141,#142,#143,#144,#145,#146,#147,#148));
#150=FACE_OUTER_BOUND('',#149,.T.);
#153=CARTESIAN_POINT('',(610.0000,-313.7174,-232.0000));
#154=DIRECTION('',(-1.000000,0.000000,0.000000));
#155=DIRECTION('',(0.000000,0.000000,-1.000000));
#152=AXIS2_PLACEMENT_3D('',#153,#154,#155);
#151=PLANE('',#152);
#156=ADVANCED_FACE('',(#150),#151,.T.);
#158=DIRECTION('',(-1.000000,0.000000,0.000000));
#157=VECTOR('',#158,193.000000);
#159=LINE('',#41,#157);
#160=EDGE_CURVE('',#42,#136,#159,.T.);
#162=DIRECTION('',(1.000000,0.000000,0.000000));
#161=VECTOR('',#162,193.000000);
#163=LINE('',#129,#161);
#164=EDGE_CURVE('',#130,#48,#163,.T.);
#165=ORIENTED_EDGE('',*,*,#160,.T.);
#166=ORIENTED_EDGE('',*,*,#134,.F.);
#167=ORIENTED_EDGE('',*,*,#164,.T.);
#168=ORIENTED_EDGE('',*,*,#46,.F.);
#169=EDGE_LOOP('',(#165,#166,#167,#168));
#170=FACE_OUTER_BOUND('',#169,.T.);
#173=DIRECTION('',(0.000000,1.000000,0.000000));
#174=DIRECTION('',(-1.000000,0.000000,0.000000));
#172=AXIS2_PLACEMENT_3D('',#41,#173,#174);
#171=PLANE('',#172);
#175=ADVANCED_FACE('',(#170),#171,.T.);
#177=DIRECTION('',(0.000000,0.000000,-1.000000));
#176=VECTOR('',#177,2.000000);
#178=LINE('',#123,#176);
#180=CARTESIAN_POINT('',(610.0000,-316.0000,-232.0000));
#181=VERTEX_POINT('',#180);
#179=EDGE_CURVE('',#124,#181,#178,.T.);
#183=DIRECTION('',(1.000000,0.000000,0.000000));
#182=VECTOR('',#183,191.830322);
#184=LINE('',#180,#182);
#186=CARTESIAN_POINT('',(801.8303,-316.0000,-232.0000));
#187=VERTEX_POINT('',#186);
#185=EDGE_CURVE('',#181,#187,#184,.T.);
#189=DIRECTION('',(0.000000,0.000000,-1.000000));
#188=VECTOR('',#189,16.276779);
#190=LINE('',#180,#188);
#192=CARTESIAN_POINT('',(610.0000,-316.0000,-248.2768));
#193=VERTEX_POINT('',#192);
#191=EDGE_CURVE('',#181,#193,#190,.T.);
#195=DIRECTION('',(0.997859,0.000000,0.065395));
#194=VECTOR('',#195,54.155719);
#196=LINE('',#192,#194);
#198=CARTESIAN_POINT('',(664.0398,-316.0000,-244.7352));
#199=VERTEX_POINT('',#198);
#197=EDGE_CURVE('',#193,#199,#196,.T.);
#201=DIRECTION('',(0.195093,0.000000,-0.980785));
#200=VECTOR('',#201,4.702481);
#202=LINE('',#198,#200);
#204=CARTESIAN_POINT('',(664.9572,-316.0000,-249.3474));
#205=VERTEX_POINT('',#204);
#203=EDGE_CURVE('',#199,#205,#202,.T.);
#207=DIRECTION('',(0.065418,0.000000,-0.997858));
#206=VECTOR('',#207,0.654035);
#208=LINE('',#204,#206);
#210=CARTESIAN_POINT('',(665.0000,-316.0000,-250.0000));
#211=VERTEX_POINT('',#210);
#209=EDGE_CURVE('',#205,#211,#208,.T.);
#213=DIRECTION('',(-0.065418,0.000000,-0.997858));
#212=VECTOR('',#213,0.654035);
#214=LINE('',#210,#212);
#216=CARTESIAN_POINT('',(664.9572,-316.0000,-250.6526));
#217=VERTEX_POINT('',#216);
#215=EDGE_CURVE('',#211,#217,#214,.T.);
#219=DIRECTION('',(-0.195044,0.000000,-0.980795));
#218=VECTOR('',#219,0.654025);
#220=LINE('',#216,#218);
#222=CARTESIAN_POINT('',(664.8297,-316.0000,-251.2941));
#223=VERTEX_POINT('',#222);
#221=EDGE_CURVE('',#217,#223,#220,.T.);
#225=DIRECTION('',(-0.321486,0.000000,-0.946914));
#224=VECTOR('',#225,0.654044);
#226=LINE('',#222,#224);
#228=CARTESIAN_POINT('',(664.6194,-316.0000,-251.9134));
#229=VERTEX_POINT('',#228);
#227=EDGE_CURVE('',#223,#229,#226,.T.);
#231=DIRECTION('',(-0.442261,0.000000,-0.896887));
#230=VECTOR('',#231,0.654016);
#232=LINE('',#228,#230);
#234=CARTESIAN_POINT('',(664.3301,-316.0000,-252.5000));
#235=VERTEX_POINT('',#234);
#233=EDGE_CURVE('',#229,#235,#232,.T.);
#237=DIRECTION('',(-0.555551,0.000000,-0.831483));
#236=VECTOR('',#237,0.654022);
#238=LINE('',#234,#236);
#240=CARTESIAN_POINT('',(663.9668,-316.0000,-253.0438));
#241=VERTEX_POINT('',#240);
#239=EDGE_CURVE('',#235,#241,#238,.T.);
#243=DIRECTION('',(-0.659380,0.000000,-0.751810));
#242=VECTOR('',#243,0.654061);
#244=LINE('',#240,#242);
#246=CARTESIAN_POINT('',(663.5355,-316.0000,-253.5355));
#247=VERTEX_POINT('',#246);
#245=EDGE_CURVE('',#241,#247,#244,.T.);
#249=DIRECTION('',(-0.751825,0.000000,-0.659363));
#248=VECTOR('',#249,0.654008);
#250=LINE('',#246,#248);
#252=CARTESIAN_POINT('',(663.0438,-316.0000,-253.9668));
#253=VERTEX_POINT('',#252);
#251=EDGE_CURVE('',#247,#253,#250,.T.);
#255=DIRECTION('',(-0.831479,0.000000,-0.555556));
#254=VECTOR('',#255,0.654043);
#256=LINE('',#252,#254);
#258=CARTESIAN_POINT('',(662.5000,-316.0000,-254.3301));
#259=VERTEX_POINT('',#258);
#257=EDGE_CURVE('',#253,#259,#256,.T.);
#261=DIRECTION('',(-0.896877,0.000000,-0.442280));
#260=VECTOR('',#261,0.654057);
#262=LINE('',#258,#260);
#264=CARTESIAN_POINT('',(661.9134,-316.0000,-254.6194));
#265=VERTEX_POINT('',#264);
#263=EDGE_CURVE('',#259,#265,#262,.T.);
#267=DIRECTION('',(-0.946928,0.000000,-0.321444));
#266=VECTOR('',#267,0.654034);
#268=LINE('',#264,#266);
#270=CARTESIAN_POINT('',(661.2941,-316.0000,-254.8296));
#271=VERTEX_POINT('',#270);
#269=EDGE_CURVE('',#265,#271,#268,.T.);
#273=DIRECTION('',(0.980786,0.000000,0.195088));
#272=VECTOR('',#273,38.217291);
#274=LINE('',#270,#272);
#276=CARTESIAN_POINT('',(698.7770,-316.0000,-247.3739));
#277=VERTEX_POINT('',#276);
#275=EDGE_CURVE('',#271,#277,#274,.T.);
#279=DIRECTION('',(0.997859,0.000000,0.065395));
#278=VECTOR('',#279,40.349126);
#280=LINE('',#276,#278);
#282=CARTESIAN_POINT('',(739.0398,-316.0000,-244.7352));
#283=VERTEX_POINT('',#282);
#281=EDGE_CURVE('',#277,#283,#280,.T.);
#285=DIRECTION('',(0.195093,0.000000,-0.980785));
#284=VECTOR('',#285,4.702481);
#286=LINE('',#282,#284);
#288=CARTESIAN_POINT('',(739.9572,-316.0000,-249.3474));
#289=VERTEX_POINT('',#288);
#287=EDGE_CURVE('',#283,#289,#286,.T.);
#291=DIRECTION('',(0.065418,0.000000,-0.997858));
#290=VECTOR('',#291,0.654035);
#292=LINE('',#288,#290);
#294=CARTESIAN_POINT('',(740.0000,-316.0000,-250.0000));
#295=VERTEX_POINT('',#294);
#293=EDGE_CURVE('',#289,#295,#292,.T.);
#297=DIRECTION('',(-0.065418,0.000000,-0.997858));
#296=VECTOR('',#297,0.654035);
#298=LINE('',#294,#296);
#300=CARTESIAN_POINT('',(739.9572,-316.0000,-250.6526));
#301=VERTEX_POINT('',#300);
#299=EDGE_CURVE('',#295,#301,#298,.T.);
#303=DIRECTION('',(-0.195044,0.000000,-0.980795));
#302=VECTOR('',#303,0.654025);
#304=LINE('',#300,#302);
#306=CARTESIAN_POINT('',(739.8297,-316.0000,-251.2941));
#307=VERTEX_POINT('',#306);
#305=EDGE_CURVE('',#301,#307,#304,.T.);
#309=DIRECTION('',(-0.321486,0.000000,-0.946914));
#308=VECTOR('',#309,0.654044);
#310=LINE('',#306,#308);
#312=CARTESIAN_POINT('',(739.6194,-316.0000,-251.9134));
#313=VERTEX_POINT('',#312);
#311=EDGE_CURVE('',#307,#313,#310,.T.);
#315=DIRECTION('',(-0.442261,0.000000,-0.896887));
#314=VECTOR('',#315,0.654016);
#316=LINE('',#312,#314);
#318=CARTESIAN_POINT('',(739.3301,-316.0000,-252.5000));
#319=VERTEX_POINT('',#318);
#317=EDGE_CURVE('',#313,#319,#316,.T.);
#321=DIRECTION('',(-0.555551,0.000000,-0.831483));
#320=VECTOR('',#321,0.654022);
#322=LINE('',#318,#320);
#324=CARTESIAN_POINT('',(738.9668,-316.0000,-253.0438));
#325=VERTEX_POINT('',#324);
#323=EDGE_CURVE('',#319,#325,#322,.T.);
#327=DIRECTION('',(-0.659380,0.000000,-0.751810));
#326=VECTOR('',#327,0.654061);
#328=LINE('',#324,#326);
#330=CARTESIAN_POINT('',(738.5355,-316.0000,-253.5355));
#331=VERTEX_POINT('',#330);
#329=EDGE_CURVE('',#325,#331,#328,.T.);
#333=DIRECTION('',(-0.751825,0.000000,-0.659363));
#332=VECTOR('',#333,0.654008);
#334=LINE('',#330,#332);
#336=CARTESIAN_POINT('',(738.0438,-316.0000,-253.9668));
#337=VERTEX_POINT('',#336);
#335=EDGE_CURVE('',#331,#337,#334,.T.);
#339=DIRECTION('',(-0.831479,0.000000,-0.555556));
#338=VECTOR('',#339,0.654043);
#340=LINE('',#336,#338);
#342=CARTESIAN_POINT('',(737.5000,-316.0000,-254.3301));
#343=VERTEX_POINT('',#342);
#341=EDGE_CURVE('',#337,#343,#340,.T.);
#345=DIRECTION('',(-0.896877,0.000000,-0.442280));
#344=VECTOR('',#345,0.654057);
#346=LINE('',#342,#344);
#348=CARTESIAN_POINT('',(736.9134,-316.0000,-254.6194));
#349=VERTEX_POINT('',#348);
#347=EDGE_CURVE('',#343,#349,#346,.T.);
#351=DIRECTION('',(-0.946928,0.000000,-0.321444));
#350=VECTOR('',#351,0.654034);
#352=LINE('',#348,#350);
#354=CARTESIAN_POINT('',(736.2941,-316.0000,-254.8296));
#355=VERTEX_POINT('',#354);
#353=EDGE_CURVE('',#349,#355,#352,.T.);
#357=DIRECTION('',(-0.980783,0.000000,-0.195102));
#356=VECTOR('',#357,0.653986);
#358=LINE('',#354,#356);
#360=CARTESIAN_POINT('',(735.6526,-316.0000,-254.9572));
#361=VERTEX_POINT('',#360);
#359=EDGE_CURVE('',#355,#361,#358,.T.);
#363=DIRECTION('',(-0.997860,0.000000,-0.065393));
#362=VECTOR('',#363,0.654049);
#364=LINE('',#360,#362);
#366=CARTESIAN_POINT('',(735.0000,-316.0000,-255.0000));
#367=VERTEX_POINT('',#366);
#365=EDGE_CURVE('',#361,#367,#364,.T.);
#369=DIRECTION('',(-0.997860,0.000000,0.065393));
#368=VECTOR('',#369,0.654049);
#370=LINE('',#366,#368);
#372=CARTESIAN_POINT('',(734.3474,-316.0000,-254.9572));
#373=VERTEX_POINT('',#372);
#371=EDGE_CURVE('',#367,#373,#370,.T.);
#375=DIRECTION('',(-0.980783,0.000000,0.195102));
#374=VECTOR('',#375,0.653986);
#376=LINE('',#372,#374);
#378=CARTESIAN_POINT('',(733.7059,-316.0000,-254.8296));
#379=VERTEX_POINT('',#378);
#377=EDGE_CURVE('',#373,#379,#376,.T.);
#381=DIRECTION('',(-0.946928,0.000000,0.321444));
#380=VECTOR('',#381,0.654034);
#382=LINE('',#378,#380);
#384=CARTESIAN_POINT('',(733.0866,-316.0000,-254.6194));
#385=VERTEX_POINT('',#384);
#383=EDGE_CURVE('',#379,#385,#382,.T.);
#387=DIRECTION('',(-0.896877,0.000000,0.442280));
#386=VECTOR('',#387,0.654057);
#388=LINE('',#384,#386);
#390=CARTESIAN_POINT('',(732.5000,-316.0000,-254.3301));
#391=VERTEX_POINT('',#390);
#389=EDGE_CURVE('',#385,#391,#388,.T.);
#393=DIRECTION('',(-0.831479,0.000000,0.555556));
#392=VECTOR('',#393,0.654043);
#394=LINE('',#390,#392);
#396=CARTESIAN_POINT('',(731.9562,-316.0000,-253.9668));
#397=VERTEX_POINT('',#396);
#395=EDGE_CURVE('',#391,#397,#394,.T.);
#399=DIRECTION('',(-0.751825,0.000000,0.659363));
#398=VECTOR('',#399,0.654008);
#400=LINE('',#396,#398);
#402=CARTESIAN_POINT('',(731.4645,-316.0000,-253.5355));
#403=VERTEX_POINT('',#402);
#401=EDGE_CURVE('',#397,#403,#400,.T.);
#405=DIRECTION('',(-0.659380,0.000000,0.751810));
#404=VECTOR('',#405,0.654061);
#406=LINE('',#402,#404);
#408=CARTESIAN_POINT('',(731.0332,-316.0000,-253.0438));
#409=VERTEX_POINT('',#408);
#407=EDGE_CURVE('',#403,#409,#406,.T.);
#411=DIRECTION('',(-0.555551,0.000000,0.831483));
#410=VECTOR('',#411,0.654022);
#412=LINE('',#408,#410);
#414=CARTESIAN_POINT('',(730.6699,-316.0000,-252.5000));
#415=VERTEX_POINT('',#414);
#413=EDGE_CURVE('',#409,#415,#412,.T.);
#417=DIRECTION('',(-0.442261,0.000000,0.896887));
#416=VECTOR('',#417,0.654016);
#418=LINE('',#414,#416);
#420=CARTESIAN_POINT('',(730.3806,-316.0000,-251.9134));
#421=VERTEX_POINT('',#420);
#419=EDGE_CURVE('',#415,#421,#418,.T.);
#423=DIRECTION('',(-0.321486,0.000000,0.946914));
#422=VECTOR('',#423,0.654044);
#424=LINE('',#420,#422);
#426=CARTESIAN_POINT('',(730.1703,-316.0000,-251.2941));
#427=VERTEX_POINT('',#426);
#425=EDGE_CURVE('',#421,#427,#424,.T.);
#429=DIRECTION('',(-0.195044,0.000000,0.980795));
#428=VECTOR('',#429,0.654025);
#430=LINE('',#426,#428);
#432=CARTESIAN_POINT('',(730.0428,-316.0000,-250.6526));
#433=VERTEX_POINT('',#432);
#431=EDGE_CURVE('',#427,#433,#430,.T.);
#435=DIRECTION('',(-0.065418,0.000000,0.997858));
#434=VECTOR('',#435,0.654035);
#436=LINE('',#432,#434);
#438=CARTESIAN_POINT('',(730.0000,-316.0000,-250.0000));
#439=VERTEX_POINT('',#438);
#437=EDGE_CURVE('',#433,#439,#436,.T.);
#441=DIRECTION('',(0.065418,0.000000,0.997858));
#440=VECTOR('',#441,0.654035);
#442=LINE('',#438,#440);
#444=CARTESIAN_POINT('',(730.0428,-316.0000,-249.3474));
#445=VERTEX_POINT('',#444);
#443=EDGE_CURVE('',#439,#445,#442,.T.);
#447=DIRECTION('',(0.195044,0.000000,0.980795));
#446=VECTOR('',#447,0.654025);
#448=LINE('',#444,#446);
#450=CARTESIAN_POINT('',(730.1703,-316.0000,-248.7059));
#451=VERTEX_POINT('',#450);
#449=EDGE_CURVE('',#445,#451,#448,.T.);
#453=DIRECTION('',(0.321486,0.000000,0.946914));
#452=VECTOR('',#453,0.654044);
#454=LINE('',#450,#452);
#456=CARTESIAN_POINT('',(730.3806,-316.0000,-248.0866));
#457=VERTEX_POINT('',#456);
#455=EDGE_CURVE('',#451,#457,#454,.T.);
#459=DIRECTION('',(0.442261,0.000000,0.896887));
#458=VECTOR('',#459,0.654016);
#460=LINE('',#456,#458);
#462=CARTESIAN_POINT('',(730.6699,-316.0000,-247.5000));
#463=VERTEX_POINT('',#462);
#461=EDGE_CURVE('',#457,#463,#460,.T.);
#465=DIRECTION('',(0.555551,0.000000,0.831483));
#464=VECTOR('',#465,0.654022);
#466=LINE('',#462,#464);
#468=CARTESIAN_POINT('',(731.0332,-316.0000,-246.9562));
#469=VERTEX_POINT('',#468);
#467=EDGE_CURVE('',#463,#469,#466,.T.);
#471=DIRECTION('',(0.659380,0.000000,0.751810));
#470=VECTOR('',#471,0.654061);
#472=LINE('',#468,#470);
#474=CARTESIAN_POINT('',(731.4645,-316.0000,-246.4645));
#475=VERTEX_POINT('',#474);
#473=EDGE_CURVE('',#469,#475,#472,.T.);
#477=DIRECTION('',(0.751825,0.000000,0.659363));
#476=VECTOR('',#477,0.654008);
#478=LINE('',#474,#476);
#480=CARTESIAN_POINT('',(731.9562,-316.0000,-246.0332));
#481=VERTEX_POINT('',#480);
#479=EDGE_CURVE('',#475,#481,#478,.T.);
#483=DIRECTION('',(0.831479,0.000000,0.555556));
#482=VECTOR('',#483,0.654043);
#484=LINE('',#480,#482);
#486=CARTESIAN_POINT('',(732.5000,-316.0000,-245.6699));
#487=VERTEX_POINT('',#486);
#485=EDGE_CURVE('',#481,#487,#484,.T.);
#489=DIRECTION('',(0.896877,0.000000,0.442280));
#488=VECTOR('',#489,0.654057);
#490=LINE('',#486,#488);
#492=CARTESIAN_POINT('',(733.0866,-316.0000,-245.3806));
#493=VERTEX_POINT('',#492);
#491=EDGE_CURVE('',#487,#493,#490,.T.);
#495=DIRECTION('',(0.946928,0.000000,0.321444));
#494=VECTOR('',#495,0.654034);
#496=LINE('',#492,#494);
#498=CARTESIAN_POINT('',(733.7059,-316.0000,-245.1704));
#499=VERTEX_POINT('',#498);
#497=EDGE_CURVE('',#493,#499,#496,.T.);
#501=DIRECTION('',(-0.980786,0.000000,-0.195089));
#500=VECTOR('',#501,38.217231);
#502=LINE('',#498,#500);
#504=CARTESIAN_POINT('',(696.2230,-316.0000,-252.6261));
#505=VERTEX_POINT('',#504);
#503=EDGE_CURVE('',#499,#505,#502,.T.);
#507=DIRECTION('',(-0.997859,0.000000,-0.065395));
#506=VECTOR('',#507,36.300726);
#508=LINE('',#504,#506);
#510=CARTESIAN_POINT('',(660.0000,-316.0000,-255.0000));
#511=VERTEX_POINT('',#510);
#509=EDGE_CURVE('',#505,#511,#508,.T.);
#513=DIRECTION('',(-0.997860,0.000000,0.065393));
#512=VECTOR('',#513,0.654049);
#514=LINE('',#510,#512);
#516=CARTESIAN_POINT('',(659.3474,-316.0000,-254.9572));
#517=VERTEX_POINT('',#516);
#515=EDGE_CURVE('',#511,#517,#514,.T.);
#519=DIRECTION('',(-0.980783,0.000000,0.195102));
#518=VECTOR('',#519,0.653986);
#520=LINE('',#516,#518);
#522=CARTESIAN_POINT('',(658.7059,-316.0000,-254.8296));
#523=VERTEX_POINT('',#522);
#521=EDGE_CURVE('',#517,#523,#520,.T.);
#525=DIRECTION('',(-0.946928,0.000000,0.321444));
#524=VECTOR('',#525,0.654034);
#526=LINE('',#522,#524);
#528=CARTESIAN_POINT('',(658.0866,-316.0000,-254.6194));
#529=VERTEX_POINT('',#528);
#527=EDGE_CURVE('',#523,#529,#526,.T.);
#531=DIRECTION('',(-0.896877,0.000000,0.442280));
#530=VECTOR('',#531,0.654057);
#532=LINE('',#528,#530);
#534=CARTESIAN_POINT('',(657.5000,-316.0000,-254.3301));
#535=VERTEX_POINT('',#534);
#533=EDGE_CURVE('',#529,#535,#532,.T.);
#537=DIRECTION('',(-0.831479,0.000000,0.555556));
#536=VECTOR('',#537,0.654043);
#538=LINE('',#534,#536);
#540=CARTESIAN_POINT('',(656.9562,-316.0000,-253.9668));
#541=VERTEX_POINT('',#540);
#539=EDGE_CURVE('',#535,#541,#538,.T.);
#543=DIRECTION('',(-0.751825,0.000000,0.659363));
#542=VECTOR('',#543,0.654008);
#544=LINE('',#540,#542);
#546=CARTESIAN_POINT('',(656.4645,-316.0000,-253.5355));
#547=VERTEX_POINT('',#546);
#545=EDGE_CURVE('',#541,#547,#544,.T.);
#549=DIRECTION('',(-0.659380,0.000000,0.751810));
#548=VECTOR('',#549,0.654061);
#550=LINE('',#546,#548);
#552=CARTESIAN_POINT('',(656.0332,-316.0000,-253.0438));
#553=VERTEX_POINT('',#552);
#551=EDGE_CURVE('',#547,#553,#550,.T.);
#555=DIRECTION('',(-0.555551,0.000000,0.831483));
#554=VECTOR('',#555,0.654022);
#556=LINE('',#552,#554);
#558=CARTESIAN_POINT('',(655.6699,-316.0000,-252.5000));
#559=VERTEX_POINT('',#558);
#557=EDGE_CURVE('',#553,#559,#556,.T.);
#561=DIRECTION('',(-0.442261,0.000000,0.896887));
#560=VECTOR('',#561,0.654016);
#562=LINE('',#558,#560);
#564=CARTESIAN_POINT('',(655.3806,-316.0000,-251.9134));
#565=VERTEX_POINT('',#564);
#563=EDGE_CURVE('',#559,#565,#562,.T.);
#567=DIRECTION('',(-0.321486,0.000000,0.946914));
#566=VECTOR('',#567,0.654044);
#568=LINE('',#564,#566);
#570=CARTESIAN_POINT('',(655.1703,-316.0000,-251.2941));
#571=VERTEX_POINT('',#570);
#569=EDGE_CURVE('',#565,#571,#568,.T.);
#573=DIRECTION('',(-0.195044,0.000000,0.980795));
#572=VECTOR('',#573,0.654025);
#574=LINE('',#570,#572);
#576=CARTESIAN_POINT('',(655.0428,-316.0000,-250.6526));
#577=VERTEX_POINT('',#576);
#575=EDGE_CURVE('',#571,#577,#574,.T.);
#579=DIRECTION('',(-0.065418,0.000000,0.997858));
#578=VECTOR('',#579,0.654035);
#580=LINE('',#576,#578);
#582=CARTESIAN_POINT('',(655.0000,-316.0000,-250.0000));
#583=VERTEX_POINT('',#582);
#581=EDGE_CURVE('',#577,#583,#580,.T.);
#585=DIRECTION('',(0.065418,0.000000,0.997858));
#584=VECTOR('',#585,0.654035);
#586=LINE('',#582,#584);
#588=CARTESIAN_POINT('',(655.0428,-316.0000,-249.3474));
#589=VERTEX_POINT('',#588);
#587=EDGE_CURVE('',#583,#589,#586,.T.);
#591=DIRECTION('',(0.195044,0.000000,0.980795));
#590=VECTOR('',#591,0.654025);
#592=LINE('',#588,#590);
#594=CARTESIAN_POINT('',(655.1703,-316.0000,-248.7059));
#595=VERTEX_POINT('',#594);
#593=EDGE_CURVE('',#589,#595,#592,.T.);
#597=DIRECTION('',(0.321486,0.000000,0.946914));
#596=VECTOR('',#597,0.654044);
#598=LINE('',#594,#596);
#600=CARTESIAN_POINT('',(655.3806,-316.0000,-248.0866));
#601=VERTEX_POINT('',#600);
#599=EDGE_CURVE('',#595,#601,#598,.T.);
#603=DIRECTION('',(0.442261,0.000000,0.896887));
#602=VECTOR('',#603,0.654016);
#604=LINE('',#600,#602);
#606=CARTESIAN_POINT('',(655.6699,-316.0000,-247.5000));
#607=VERTEX_POINT('',#606);
#605=EDGE_CURVE('',#601,#607,#604,.T.);
#609=DIRECTION('',(0.555551,0.000000,0.831483));
#608=VECTOR('',#609,0.654022);
#610=LINE('',#606,#608);
#612=CARTESIAN_POINT('',(656.0332,-316.0000,-246.9562));
#613=VERTEX_POINT('',#612);
#611=EDGE_CURVE('',#607,#613,#610,.T.);
#615=DIRECTION('',(0.659380,0.000000,0.751810));
#614=VECTOR('',#615,0.654061);
#616=LINE('',#612,#614);
#618=CARTESIAN_POINT('',(656.4645,-316.0000,-246.4645));
#619=VERTEX_POINT('',#618);
#617=EDGE_CURVE('',#613,#619,#616,.T.);
#621=DIRECTION('',(0.751825,0.000000,0.659363));
#620=VECTOR('',#621,0.654008);
#622=LINE('',#618,#620);
#624=CARTESIAN_POINT('',(656.9562,-316.0000,-246.0332));
#625=VERTEX_POINT('',#624);
#623=EDGE_CURVE('',#619,#625,#622,.T.);
#627=DIRECTION('',(0.831479,0.000000,0.555556));
#626=VECTOR('',#627,0.654043);
#628=LINE('',#624,#626);
#630=CARTESIAN_POINT('',(657.5000,-316.0000,-245.6699));
#631=VERTEX_POINT('',#630);
#629=EDGE_CURVE('',#625,#631,#628,.T.);
#633=DIRECTION('',(0.896877,0.000000,0.442280));
#632=VECTOR('',#633,0.654057);
#634=LINE('',#630,#632);
#636=CARTESIAN_POINT('',(658.0866,-316.0000,-245.3806));
#637=VERTEX_POINT('',#636);
#635=EDGE_CURVE('',#631,#637,#634,.T.);
#639=DIRECTION('',(0.946928,0.000000,0.321444));
#638=VECTOR('',#639,0.654034);
#640=LINE('',#636,#638);
#642=CARTESIAN_POINT('',(658.7059,-316.0000,-245.1704));
#643=VERTEX_POINT('',#642);
#641=EDGE_CURVE('',#637,#643,#640,.T.);
#645=DIRECTION('',(0.980783,0.000000,0.195102));
#644=VECTOR('',#645,0.653986);
#646=LINE('',#642,#644);
#648=CARTESIAN_POINT('',(659.3474,-316.0000,-245.0428));
#649=VERTEX_POINT('',#648);
#647=EDGE_CURVE('',#643,#649,#646,.T.);
#651=DIRECTION('',(-0.997859,0.000000,-0.065395));
#650=VECTOR('',#651,49.453209);
#652=LINE('',#648,#650);
#653=EDGE_CURVE('',#649,#193,#652,.T.);
#655=DIRECTION('',(0.000000,0.000000,-1.000000));
#654=VECTOR('',#655,311.723221);
#656=LINE('',#192,#654);
#657=EDGE_CURVE('',#193,#118,#656,.T.);
#659=DIRECTION('',(1.000000,0.000000,0.000000));
#658=VECTOR('',#659,193.000000);
#660=LINE('',#117,#658);
#661=EDGE_CURVE('',#118,#14,#660,.T.);
#663=DIRECTION('',(0.000000,0.000000,1.000000));
#662=VECTOR('',#663,330.000000);
#664=LINE('',#13,#662);
#665=EDGE_CURVE('',#14,#36,#664,.T.);
#667=DIRECTION('',(-1.000000,0.000000,0.000000));
#666=VECTOR('',#667,193.000000);
#668=LINE('',#34,#666);
#669=EDGE_CURVE('',#36,#124,#668,.T.);
#670=ORIENTED_EDGE('',*,*,#179,.T.);
#671=ORIENTED_EDGE('',*,*,#185,.T.);
#672=ORIENTED_EDGE('',*,*,#185,.F.);
#673=ORIENTED_EDGE('',*,*,#191,.T.);
#674=ORIENTED_EDGE('',*,*,#197,.T.);
#675=ORIENTED_EDGE('',*,*,#203,.T.);
#676=ORIENTED_EDGE('',*,*,#209,.T.);
#677=ORIENTED_EDGE('',*,*,#215,.T.);
#678=ORIENTED_EDGE('',*,*,#221,.T.);
#679=ORIENTED_EDGE('',*,*,#227,.T.);
#680=ORIENTED_EDGE('',*,*,#233,.T.);
#681=ORIENTED_EDGE('',*,*,#239,.T.);
#682=ORIENTED_EDGE('',*,*,#245,.T.);
#683=ORIENTED_EDGE('',*,*,#251,.T.);
#684=ORIENTED_EDGE('',*,*,#257,.T.);
#685=ORIENTED_EDGE('',*,*,#263,.T.);
#686=ORIENTED_EDGE('',*,*,#269,.T.);
#687=ORIENTED_EDGE('',*,*,#275,.T.);
#688=ORIENTED_EDGE('',*,*,#281,.T.);
#689=ORIENTED_EDGE('',*,*,#287,.T.);
#690=ORIENTED_EDGE('',*,*,#293,.T.);
#691=ORIENTED_EDGE('',*,*,#299,.T.);
#692=ORIENTED_EDGE('',*,*,#305,.T.);
#693=ORIENTED_EDGE('',*,*,#311,.T.);
#694=ORIENTED_EDGE('',*,*,#317,.T.);
#695=ORIENTED_EDGE('',*,*,#323,.T.);
#696=ORIENTED_EDGE('',*,*,#329,.T.);
#697=ORIENTED_EDGE('',*,*,#335,.T.);
#698=ORIENTED_EDGE('',*,*,#341,.T.);
#699=ORIENTED_EDGE('',*,*,#347,.T.);
#700=ORIENTED_EDGE('',*,*,#353,.T.);
#701=ORIENTED_EDGE('',*,*,#359,.T.);
#702=ORIENTED_EDGE('',*,*,#365,.T.);
#703=ORIENTED_EDGE('',*,*,#371,.T.);
#704=ORIENTED_EDGE('',*,*,#377,.T.);
#705=ORIENTED_EDGE('',*,*,#383,.T.);
#706=ORIENTED_EDGE('',*,*,#389,.T.);
#707=ORIENTED_EDGE('',*,*,#395,.T.);
#708=ORIENTED_EDGE('',*,*,#401,.T.);
#709=ORIENTED_EDGE('',*,*,#407,.T.);
#710=ORIENTED_EDGE('',*,*,#413,.T.);
#711=ORIENTED_EDGE('',*,*,#419,.T.);
#712=ORIENTED_EDGE('',*,*,#425,.T.);
#713=ORIENTED_EDGE('',*,*,#431,.T.);
#714=ORIENTED_EDGE('',*,*,#437,.T.);
#715=ORIENTED_EDGE('',*,*,#443,.T.);
#716=ORIENTED_EDGE('',*,*,#449,.T.);
#717=ORIENTED_EDGE('',*,*,#455,.T.);
#718=ORIENTED_EDGE('',*,*,#461,.T.);
#719=ORIENTED_EDGE('',*,*,#467,.T.);
#720=ORIENTED_EDGE('',*,*,#473,.T.);
#721=ORIENTED_EDGE('',*,*,#479,.T.);
#722=ORIENTED_EDGE('',*,*,#485,.T.);
#723=ORIENTED_EDGE('',*,*,#491,.T.);
#724=ORIENTED_EDGE('',*,*,#497,.T.);
#725=ORIENTED_EDGE('',*,*,#503,.T.);
#726=ORIENTED_EDGE('',*,*,#509,.T.);
#727=ORIENTED_EDGE('',*,*,#515,.T.);
#728=ORIENTED_EDGE('',*,*,#521,.T.);
#729=ORIENTED_EDGE('',*,*,#527,.T.);
#730=ORIENTED_EDGE('',*,*,#533,.T.);
#731=ORIENTED_EDGE('',*,*,#539,.T.);
#732=ORIENTED_EDGE('',*,*,#545,.T.);
#733=ORIENTED_EDGE('',*,*,#551,.T.);
#734=ORIENTED_EDGE('',*,*,#557,.T.);
#735=ORIENTED_EDGE('',*,*,#563,.T.);
#736=ORIENTED_EDGE('',*,*,#569,.T.);
#737=ORIENTED_EDGE('',*,*,#575,.T.);
#738=ORIENTED_EDGE('',*,*,#581,.T.);
#739=ORIENTED_EDGE('',*,*,#587,.T.);
#740=ORIENTED_EDGE('',*,*,#593,.T.);
#741=ORIENTED_EDGE('',*,*,#599,.T.);
#742=ORIENTED_EDGE('',*,*,#605,.T.);
#743=ORIENTED_EDGE('',*,*,#611,.T.);
#744=ORIENTED_EDGE('',*,*,#617,.T.);
#745=ORIENTED_EDGE('',*,*,#623,.T.);
#746=ORIENTED_EDGE('',*,*,#629,.T.);
#747=ORIENTED_EDGE('',*,*,#635,.T.);
#748=ORIENTED_EDGE('',*,*,#641,.T.);
#749=ORIENTED_EDGE('',*,*,#647,.T.);
#750=ORIENTED_EDGE('',*,*,#653,.T.);
#751=ORIENTED_EDGE('',*,*,#657,.T.);
#752=ORIENTED_EDGE('',*,*,#661,.T.);
#753=ORIENTED_EDGE('',*,*,#665,.T.);
#754=ORIENTED_EDGE('',*,*,#669,.T.);
#755=EDGE_LOOP('',(#670,#671,#672,#673,#674,#675,#676,#677,#678,#679,#680,#681,#682,#683,#684,#685,#686,#687,#688,#689,#690,#691,#692,#693,#694,#695,#696,#697,#698,#699,#700,#701,#702,#703,#704,#705,#706,#707,#708,#709,#710,#711,#712,#713,#714,#715,#716,#717,#718,#719,#720,#721,#722,#723,#724,#725,#726,#727,#728,#729,#730,#731,#732,#733,#734,#735,#736,#737,#738,#739,#740,#741,#742,#743,#744,#745,#746,#747,#748,#749,#750,#751,#752,#753,#754));
#756=FACE_OUTER_BOUND('',#755,.T.);
#758=DIRECTION('',(0.997859,0.000000,-0.065399));
#757=VECTOR('',#758,1.635092);
#760=CARTESIAN_POINT('',(680.0000,-316.0000,-348.5000));
#759=LINE('',#760,#757);
#762=VERTEX_POINT('',#760);
#763=CARTESIAN_POINT('',(681.6316,-316.0000,-348.6069));
#764=VERTEX_POINT('',#763);
#761=EDGE_CURVE('',#762,#764,#759,.T.);
#766=DIRECTION('',(0.980783,0.000000,-0.195100));
#765=VECTOR('',#766,1.635058);
#767=LINE('',#763,#765);
#769=CARTESIAN_POINT('',(683.2352,-316.0000,-348.9259));
#770=VERTEX_POINT('',#769);
#768=EDGE_CURVE('',#764,#770,#767,.T.);
#772=DIRECTION('',(0.946933,0.000000,-0.321430));
#771=VECTOR('',#772,1.635110);
#773=LINE('',#769,#771);
#775=CARTESIAN_POINT('',(684.7836,-316.0000,-349.4515));
#776=VERTEX_POINT('',#775);
#774=EDGE_CURVE('',#770,#776,#773,.T.);
#778=DIRECTION('',(0.896870,0.000000,-0.442294));
#777=VECTOR('',#778,1.635054);
#779=LINE('',#775,#777);
#781=CARTESIAN_POINT('',(686.2500,-316.0000,-350.1747));
#782=VERTEX_POINT('',#781);
#780=EDGE_CURVE('',#776,#782,#779,.T.);
#784=DIRECTION('',(0.831470,0.000000,-0.555570));
#783=VECTOR('',#784,1.635053);
#785=LINE('',#781,#783);
#787=CARTESIAN_POINT('',(687.6095,-316.0000,-351.0831));
#788=VERTEX_POINT('',#787);
#786=EDGE_CURVE('',#782,#788,#785,.T.);
#790=DIRECTION('',(0.751834,0.000000,-0.659353));
#789=VECTOR('',#790,1.635081);
#791=LINE('',#787,#789);
#793=CARTESIAN_POINT('',(688.8388,-316.0000,-352.1612));
#794=VERTEX_POINT('',#793);
#792=EDGE_CURVE('',#788,#794,#791,.T.);
#796=DIRECTION('',(0.659363,0.000000,-0.751825));
#795=VECTOR('',#796,1.635101);
#797=LINE('',#793,#795);
#799=CARTESIAN_POINT('',(689.9169,-316.0000,-353.3905));
#800=VERTEX_POINT('',#799);
#798=EDGE_CURVE('',#794,#800,#797,.T.);
#802=DIRECTION('',(0.555561,0.000000,-0.831476));
#801=VECTOR('',#802,1.635078);
#803=LINE('',#799,#801);
#805=CARTESIAN_POINT('',(690.8253,-316.0000,-354.7500));
#806=VERTEX_POINT('',#805);
#804=EDGE_CURVE('',#800,#806,#803,.T.);
#808=DIRECTION('',(0.442302,0.000000,-0.896866));
#807=VECTOR('',#808,1.635095);
#809=LINE('',#805,#807);
#811=CARTESIAN_POINT('',(691.5485,-316.0000,-356.2165));
#812=VERTEX_POINT('',#811);
#810=EDGE_CURVE('',#806,#812,#809,.T.);
#814=DIRECTION('',(0.321436,0.000000,-0.946931));
#813=VECTOR('',#814,1.635081);
#815=LINE('',#811,#813);
#817=CARTESIAN_POINT('',(692.0741,-316.0000,-357.7648));
#818=VERTEX_POINT('',#817);
#816=EDGE_CURVE('',#812,#818,#815,.T.);
#820=DIRECTION('',(0.195082,0.000000,-0.980787));
#819=VECTOR('',#820,1.635052);
#821=LINE('',#817,#819);
#823=CARTESIAN_POINT('',(692.3931,-316.0000,-359.3684));
#824=VERTEX_POINT('',#823);
#822=EDGE_CURVE('',#818,#824,#821,.T.);
#826=DIRECTION('',(0.065399,0.000000,-0.997859));
#825=VECTOR('',#826,1.635092);
#827=LINE('',#823,#825);
#829=CARTESIAN_POINT('',(692.5000,-316.0000,-361.0000));
#830=VERTEX_POINT('',#829);
#828=EDGE_CURVE('',#824,#830,#827,.T.);
#832=DIRECTION('',(-0.065399,0.000000,-0.997859));
#831=VECTOR('',#832,1.635092);
#833=LINE('',#829,#831);
#835=CARTESIAN_POINT('',(692.3931,-316.0000,-362.6316));
#836=VERTEX_POINT('',#835);
#834=EDGE_CURVE('',#830,#836,#833,.T.);
#838=DIRECTION('',(-0.195082,0.000000,-0.980787));
#837=VECTOR('',#838,1.635052);
#839=LINE('',#835,#837);
#841=CARTESIAN_POINT('',(692.0741,-316.0000,-364.2352));
#842=VERTEX_POINT('',#841);
#840=EDGE_CURVE('',#836,#842,#839,.T.);
#844=DIRECTION('',(-0.321436,0.000000,-0.946931));
#843=VECTOR('',#844,1.635081);
#845=LINE('',#841,#843);
#847=CARTESIAN_POINT('',(691.5485,-316.0000,-365.7835));
#848=VERTEX_POINT('',#847);
#846=EDGE_CURVE('',#842,#848,#845,.T.);
#850=DIRECTION('',(-0.442302,0.000000,-0.896866));
#849=VECTOR('',#850,1.635095);
#851=LINE('',#847,#849);
#853=CARTESIAN_POINT('',(690.8253,-316.0000,-367.2500));
#854=VERTEX_POINT('',#853);
#852=EDGE_CURVE('',#848,#854,#851,.T.);
#856=DIRECTION('',(-0.555561,0.000000,-0.831476));
#855=VECTOR('',#856,1.635078);
#857=LINE('',#853,#855);
#859=CARTESIAN_POINT('',(689.9169,-316.0000,-368.6095));
#860=VERTEX_POINT('',#859);
#858=EDGE_CURVE('',#854,#860,#857,.T.);
#862=DIRECTION('',(-0.659363,0.000000,-0.751825));
#861=VECTOR('',#862,1.635101);
#863=LINE('',#859,#861);
#865=CARTESIAN_POINT('',(688.8388,-316.0000,-369.8388));
#866=VERTEX_POINT('',#865);
#864=EDGE_CURVE('',#860,#866,#863,.T.);
#868=DIRECTION('',(-0.751834,0.000000,-0.659353));
#867=VECTOR('',#868,1.635081);
#869=LINE('',#865,#867);
#871=CARTESIAN_POINT('',(687.6095,-316.0000,-370.9169));
#872=VERTEX_POINT('',#871);
#870=EDGE_CURVE('',#866,#872,#869,.T.);
#874=DIRECTION('',(-0.831470,0.000000,-0.555570));
#873=VECTOR('',#874,1.635053);
#875=LINE('',#871,#873);
#877=CARTESIAN_POINT('',(686.2500,-316.0000,-371.8253));
#878=VERTEX_POINT('',#877);
#876=EDGE_CURVE('',#872,#878,#875,.T.);
#880=DIRECTION('',(-0.896870,0.000000,-0.442294));
#879=VECTOR('',#880,1.635054);
#881=LINE('',#877,#879);
#883=CARTESIAN_POINT('',(684.7836,-316.0000,-372.5485));
#884=VERTEX_POINT('',#883);
#882=EDGE_CURVE('',#878,#884,#881,.T.);
#886=DIRECTION('',(-0.946933,0.000000,-0.321430));
#885=VECTOR('',#886,1.635110);
#887=LINE('',#883,#885);
#889=CARTESIAN_POINT('',(683.2352,-316.0000,-373.0741));
#890=VERTEX_POINT('',#889);
#888=EDGE_CURVE('',#884,#890,#887,.T.);
#892=DIRECTION('',(-0.980783,0.000000,-0.195100));
#891=VECTOR('',#892,1.635058);
#893=LINE('',#889,#891);
#895=CARTESIAN_POINT('',(681.6316,-316.0000,-373.3931));
#896=VERTEX_POINT('',#895);
#894=EDGE_CURVE('',#890,#896,#893,.T.);
#898=DIRECTION('',(-0.997859,0.000000,-0.065399));
#897=VECTOR('',#898,1.635092);
#899=LINE('',#895,#897);
#901=CARTESIAN_POINT('',(680.0000,-316.0000,-373.5000));
#902=VERTEX_POINT('',#901);
#900=EDGE_CURVE('',#896,#902,#899,.T.);
#904=DIRECTION('',(-0.997859,0.000000,0.065399));
#903=VECTOR('',#904,1.635092);
#905=LINE('',#901,#903);
#907=CARTESIAN_POINT('',(678.3684,-316.0000,-373.3931));
#908=VERTEX_POINT('',#907);
#906=EDGE_CURVE('',#902,#908,#905,.T.);
#910=DIRECTION('',(-0.980783,0.000000,0.195100));
#909=VECTOR('',#910,1.635058);
#911=LINE('',#907,#909);
#913=CARTESIAN_POINT('',(676.7648,-316.0000,-373.0741));
#914=VERTEX_POINT('',#913);
#912=EDGE_CURVE('',#908,#914,#911,.T.);
#916=DIRECTION('',(-0.946933,0.000000,0.321430));
#915=VECTOR('',#916,1.635110);
#917=LINE('',#913,#915);
#919=CARTESIAN_POINT('',(675.2164,-316.0000,-372.5485));
#920=VERTEX_POINT('',#919);
#918=EDGE_CURVE('',#914,#920,#917,.T.);
#922=DIRECTION('',(-0.896870,0.000000,0.442294));
#921=VECTOR('',#922,1.635054);
#923=LINE('',#919,#921);
#925=CARTESIAN_POINT('',(673.7500,-316.0000,-371.8253));
#926=VERTEX_POINT('',#925);
#924=EDGE_CURVE('',#920,#926,#923,.T.);
#928=DIRECTION('',(-0.831470,0.000000,0.555570));
#927=VECTOR('',#928,1.635053);
#929=LINE('',#925,#927);
#931=CARTESIAN_POINT('',(672.3905,-316.0000,-370.9169));
#932=VERTEX_POINT('',#931);
#930=EDGE_CURVE('',#926,#932,#929,.T.);
#934=DIRECTION('',(-0.751850,0.000000,0.659334));
#933=VECTOR('',#934,1.635126);
#935=LINE('',#931,#933);
#937=CARTESIAN_POINT('',(671.1611,-316.0000,-369.8388));
#938=VERTEX_POINT('',#937);
#936=EDGE_CURVE('',#932,#938,#935,.T.);
#940=DIRECTION('',(-0.659342,0.000000,0.751843));
#939=VECTOR('',#940,1.635060);
#941=LINE('',#937,#939);
#943=CARTESIAN_POINT('',(670.0831,-316.0000,-368.6095));
#944=VERTEX_POINT('',#943);
#942=EDGE_CURVE('',#938,#944,#941,.T.);
#946=DIRECTION('',(-0.555561,0.000000,0.831476));
#945=VECTOR('',#946,1.635078);
#947=LINE('',#943,#945);
#949=CARTESIAN_POINT('',(669.1747,-316.0000,-367.2500));
#950=VERTEX_POINT('',#949);
#948=EDGE_CURVE('',#944,#950,#947,.T.);
#952=DIRECTION('',(-0.442272,0.000000,0.896881));
#951=VECTOR('',#952,1.635068);
#953=LINE('',#949,#951);
#955=CARTESIAN_POINT('',(668.4515,-316.0000,-365.7835));
#956=VERTEX_POINT('',#955);
#954=EDGE_CURVE('',#950,#956,#953,.T.);
#958=DIRECTION('',(-0.321469,0.000000,0.946920));
#957=VECTOR('',#958,1.635101);
#959=LINE('',#955,#957);
#961=CARTESIAN_POINT('',(667.9259,-316.0000,-364.2352));
#962=VERTEX_POINT('',#961);
#960=EDGE_CURVE('',#956,#962,#959,.T.);
#964=DIRECTION('',(-0.195082,0.000000,0.980787));
#963=VECTOR('',#964,1.635052);
#965=LINE('',#961,#963);
#967=CARTESIAN_POINT('',(667.6069,-316.0000,-362.6316));
#968=VERTEX_POINT('',#967);
#966=EDGE_CURVE('',#962,#968,#965,.T.);
#970=DIRECTION('',(-0.065399,0.000000,0.997859));
#969=VECTOR('',#970,1.635092);
#971=LINE('',#967,#969);
#973=CARTESIAN_POINT('',(667.5000,-316.0000,-361.0000));
#974=VERTEX_POINT('',#973);
#972=EDGE_CURVE('',#968,#974,#971,.T.);
#976=DIRECTION('',(0.065399,0.000000,0.997859));
#975=VECTOR('',#976,1.635092);
#977=LINE('',#973,#975);
#979=CARTESIAN_POINT('',(667.6069,-316.0000,-359.3684));
#980=VERTEX_POINT('',#979);
#978=EDGE_CURVE('',#974,#980,#977,.T.);
#982=DIRECTION('',(0.195082,0.000000,0.980787));
#981=VECTOR('',#982,1.635052);
#983=LINE('',#979,#981);
#985=CARTESIAN_POINT('',(667.9259,-316.0000,-357.7648));
#986=VERTEX_POINT('',#985);
#984=EDGE_CURVE('',#980,#986,#983,.T.);
#988=DIRECTION('',(0.321469,0.000000,0.946920));
#987=VECTOR('',#988,1.635101);
#989=LINE('',#985,#987);
#991=CARTESIAN_POINT('',(668.4515,-316.0000,-356.2165));
#992=VERTEX_POINT('',#991);
#990=EDGE_CURVE('',#986,#992,#989,.T.);
#994=DIRECTION('',(0.442272,0.000000,0.896881));
#993=VECTOR('',#994,1.635068);
#995=LINE('',#991,#993);
#997=CARTESIAN_POINT('',(669.1747,-316.0000,-354.7500));
#998=VERTEX_POINT('',#997);
#996=EDGE_CURVE('',#992,#998,#995,.T.);
#1000=DIRECTION('',(0.555561,0.000000,0.831476));
#999=VECTOR('',#1000,1.635078);
#1001=LINE('',#997,#999);
#1003=CARTESIAN_POINT('',(670.0831,-316.0000,-353.3905));
#1004=VERTEX_POINT('',#1003);
#1002=EDGE_CURVE('',#998,#1004,#1001,.T.);
#1006=DIRECTION('',(0.659342,0.000000,0.751843));
#1005=VECTOR('',#1006,1.635060);
#1007=LINE('',#1003,#1005);
#1009=CARTESIAN_POINT('',(671.1611,-316.0000,-352.1612));
#1010=VERTEX_POINT('',#1009);
#1008=EDGE_CURVE('',#1004,#1010,#1007,.T.);
#1012=DIRECTION('',(0.751850,0.000000,0.659334));
#1011=VECTOR('',#1012,1.635126);
#1013=LINE('',#1009,#1011);
#1015=CARTESIAN_POINT('',(672.3905,-316.0000,-351.0831));
#1016=VERTEX_POINT('',#1015);
#1014=EDGE_CURVE('',#1010,#1016,#1013,.T.);
#1018=DIRECTION('',(0.831470,0.000000,0.555570));
#1017=VECTOR('',#1018,1.635053);
#1019=LINE('',#1015,#1017);
#1021=CARTESIAN_POINT('',(673.7500,-316.0000,-350.1747));
#1022=VERTEX_POINT('',#1021);
#1020=EDGE_CURVE('',#1016,#1022,#1019,.T.);
#1024=DIRECTION('',(0.896870,0.000000,0.442294));
#1023=VECTOR('',#1024,1.635054);
#1025=LINE('',#1021,#1023);
#1027=CARTESIAN_POINT('',(675.2164,-316.0000,-349.4515));
#1028=VERTEX_POINT('',#1027);
#1026=EDGE_CURVE('',#1022,#1028,#1025,.T.);
#1030=DIRECTION('',(0.946933,0.000000,0.321430));
#1029=VECTOR('',#1030,1.635110);
#1031=LINE('',#1027,#1029);
#1033=CARTESIAN_POINT('',(676.7648,-316.0000,-348.9259));
#1034=VERTEX_POINT('',#1033);
#1032=EDGE_CURVE('',#1028,#1034,#1031,.T.);
#1036=DIRECTION('',(0.980783,0.000000,0.195100));
#1035=VECTOR('',#1036,1.635058);
#1037=LINE('',#1033,#1035);
#1039=CARTESIAN_POINT('',(678.3684,-316.0000,-348.6069));
#1040=VERTEX_POINT('',#1039);
#1038=EDGE_CURVE('',#1034,#1040,#1037,.T.);
#1042=DIRECTION('',(0.997859,0.000000,0.065399));
#1041=VECTOR('',#1042,1.635092);
#1043=LINE('',#1039,#1041);
#1044=EDGE_CURVE('',#1040,#762,#1043,.T.);
#1045=ORIENTED_EDGE('',*,*,#761,.T.);
#1046=ORIENTED_EDGE('',*,*,#768,.T.);
#1047=ORIENTED_EDGE('',*,*,#774,.T.);
#1048=ORIENTED_EDGE('',*,*,#780,.T.);
#1049=ORIENTED_EDGE('',*,*,#786,.T.);
#1050=ORIENTED_EDGE('',*,*,#792,.T.);
#1051=ORIENTED_EDGE('',*,*,#798,.T.);
#1052=ORIENTED_EDGE('',*,*,#804,.T.);
#1053=ORIENTED_EDGE('',*,*,#810,.T.);
#1054=ORIENTED_EDGE('',*,*,#816,.T.);
#1055=ORIENTED_EDGE('',*,*,#822,.T.);
#1056=ORIENTED_EDGE('',*,*,#828,.T.);
#1057=ORIENTED_EDGE('',*,*,#834,.T.);
#1058=ORIENTED_EDGE('',*,*,#840,.T.);
#1059=ORIENTED_EDGE('',*,*,#846,.T.);
#1060=ORIENTED_EDGE('',*,*,#852,.T.);
#1061=ORIENTED_EDGE('',*,*,#858,.T.);
#1062=ORIENTED_EDGE('',*,*,#864,.T.);
#1063=ORIENTED_EDGE('',*,*,#870,.T.);
#1064=ORIENTED_EDGE('',*,*,#876,.T.);
#1065=ORIENTED_EDGE('',*,*,#882,.T.);
#1066=ORIENTED_EDGE('',*,*,#888,.T.);
#1067=ORIENTED_EDGE('',*,*,#894,.T.);
#1068=ORIENTED_EDGE('',*,*,#900,.T.);
#1069=ORIENTED_EDGE('',*,*,#906,.T.);
#1070=ORIENTED_EDGE('',*,*,#912,.T.);
#1071=ORIENTED_EDGE('',*,*,#918,.T.);
#1072=ORIENTED_EDGE('',*,*,#924,.T.);
#1073=ORIENTED_EDGE('',*,*,#930,.T.);
#1074=ORIENTED_EDGE('',*,*,#936,.T.);
#1075=ORIENTED_EDGE('',*,*,#942,.T.);
#1076=ORIENTED_EDGE('',*,*,#948,.T.);
#1077=ORIENTED_EDGE('',*,*,#954,.T.);
#1078=ORIENTED_EDGE('',*,*,#960,.T.);
#1079=ORIENTED_EDGE('',*,*,#966,.T.);
#1080=ORIENTED_EDGE('',*,*,#972,.T.);
#1081=ORIENTED_EDGE('',*,*,#978,.T.);
#1082=ORIENTED_EDGE('',*,*,#984,.T.);
#1083=ORIENTED_EDGE('',*,*,#990,.T.);
#1084=ORIENTED_EDGE('',*,*,#996,.T.);
#1085=ORIENTED_EDGE('',*,*,#1002,.T.);
#1086=ORIENTED_EDGE('',*,*,#1008,.T.);
#1087=ORIENTED_EDGE('',*,*,#1014,.T.);
#1088=ORIENTED_EDGE('',*,*,#1020,.T.);
#1089=ORIENTED_EDGE('',*,*,#1026,.T.);
#1090=ORIENTED_EDGE('',*,*,#1032,.T.);
#1091=ORIENTED_EDGE('',*,*,#1038,.T.);
#1092=ORIENTED_EDGE('',*,*,#1044,.T.);
#1093=EDGE_LOOP('',(#1045,#1046,#1047,#1048,#1049,#1050,#1051,#1052,#1053,#1054,#1055,#1056,#1057,#1058,#1059,#1060,#1061,#1062,#1063,#1064,#1065,#1066,#1067,#1068,#1069,#1070,#1071,#1072,#1073,#1074,#1075,#1076,#1077,#1078,#1079,#1080,#1081,#1082,#1083,#1084,#1085,#1086,#1087,#1088,#1089,#1090,#1091,#1092));
#1094=FACE_BOUND('',#1093,.T.);
#1096=DIRECTION('',(-0.997859,0.000000,-0.065395));
#1095=VECTOR('',#1096,35.646616);
#1098=CARTESIAN_POINT('',(734.3474,-316.0000,-245.0428));
#1097=LINE('',#1098,#1095);
#1100=VERTEX_POINT('',#1098);
#1099=EDGE_CURVE('',#1100,#277,#1097,.T.);
#1102=DIRECTION('',(-0.980786,0.000000,-0.195089));
#1101=VECTOR('',#1102,38.871277);
#1103=LINE('',#276,#1101);
#1105=CARTESIAN_POINT('',(660.6526,-316.0000,-254.9572));
#1106=VERTEX_POINT('',#1105);
#1104=EDGE_CURVE('',#277,#1106,#1103,.T.);
#1108=DIRECTION('',(0.997859,0.000000,0.065395));
#1107=VECTOR('',#1108,35.646677);
#1109=LINE('',#1105,#1107);
#1110=EDGE_CURVE('',#1106,#505,#1109,.T.);
#1112=DIRECTION('',(0.980786,0.000000,0.195089));
#1111=VECTOR('',#1112,38.871217);
#1113=LINE('',#504,#1111);
#1114=EDGE_CURVE('',#505,#1100,#1113,.T.);
#1115=ORIENTED_EDGE('',*,*,#1099,.T.);
#1116=ORIENTED_EDGE('',*,*,#1104,.T.);
#1117=ORIENTED_EDGE('',*,*,#1110,.T.);
#1118=ORIENTED_EDGE('',*,*,#1114,.T.);
#1119=EDGE_LOOP('',(#1115,#1116,#1117,#1118));
#1120=FACE_BOUND('',#1119,.T.);
#1122=DIRECTION('',(0.555569,0.000000,-0.831470));
#1121=VECTOR('',#1122,3.207599);
#1124=CARTESIAN_POINT('',(737.5481,-316.0000,-324.8330));
#1123=LINE('',#1124,#1121);
#1126=VERTEX_POINT('',#1124);
#1127=CARTESIAN_POINT('',(739.3301,-316.0000,-327.5000));
#1128=VERTEX_POINT('',#1127);
#1125=EDGE_CURVE('',#1126,#1128,#1123,.T.);
#1130=DIRECTION('',(0.442261,0.000000,-0.896887));
#1129=VECTOR('',#1130,0.654016);
#1131=LINE('',#1127,#1129);
#1133=CARTESIAN_POINT('',(739.6194,-316.0000,-328.0866));
#1134=VERTEX_POINT('',#1133);
#1132=EDGE_CURVE('',#1128,#1134,#1131,.T.);
#1136=DIRECTION('',(0.321486,0.000000,-0.946914));
#1135=VECTOR('',#1136,0.654044);
#1137=LINE('',#1133,#1135);
#1139=CARTESIAN_POINT('',(739.8297,-316.0000,-328.7059));
#1140=VERTEX_POINT('',#1139);
#1138=EDGE_CURVE('',#1134,#1140,#1137,.T.);
#1142=DIRECTION('',(0.195048,0.000000,-0.980794));
#1141=VECTOR('',#1142,0.654010);
#1143=LINE('',#1139,#1141);
#1145=CARTESIAN_POINT('',(739.9572,-316.0000,-329.3474));
#1146=VERTEX_POINT('',#1145);
#1144=EDGE_CURVE('',#1140,#1146,#1143,.T.);
#1148=DIRECTION('',(0.065416,0.000000,-0.997858));
#1147=VECTOR('',#1148,0.654050);
#1149=LINE('',#1145,#1147);
#1151=CARTESIAN_POINT('',(740.0000,-316.0000,-330.0000));
#1152=VERTEX_POINT('',#1151);
#1150=EDGE_CURVE('',#1146,#1152,#1149,.T.);
#1154=DIRECTION('',(-0.065416,0.000000,-0.997858));
#1153=VECTOR('',#1154,0.654050);
#1155=LINE('',#1151,#1153);
#1157=CARTESIAN_POINT('',(739.9572,-316.0000,-330.6526));
#1158=VERTEX_POINT('',#1157);
#1156=EDGE_CURVE('',#1152,#1158,#1155,.T.);
#1160=DIRECTION('',(-0.195048,0.000000,-0.980794));
#1159=VECTOR('',#1160,0.654010);
#1161=LINE('',#1157,#1159);
#1163=CARTESIAN_POINT('',(739.8297,-316.0000,-331.2941));
#1164=VERTEX_POINT('',#1163);
#1162=EDGE_CURVE('',#1158,#1164,#1161,.T.);
#1166=DIRECTION('',(-0.321486,0.000000,-0.946914));
#1165=VECTOR('',#1166,0.654044);
#1167=LINE('',#1163,#1165);
#1169=CARTESIAN_POINT('',(739.6194,-316.0000,-331.9134));
#1170=VERTEX_POINT('',#1169);
#1168=EDGE_CURVE('',#1164,#1170,#1167,.T.);
#1172=DIRECTION('',(-0.442261,0.000000,-0.896887));
#1171=VECTOR('',#1172,0.654016);
#1173=LINE('',#1169,#1171);
#1175=CARTESIAN_POINT('',(739.3301,-316.0000,-332.5000));
#1176=VERTEX_POINT('',#1175);
#1174=EDGE_CURVE('',#1170,#1176,#1173,.T.);
#1178=DIRECTION('',(-0.555540,0.000000,-0.831490));
#1177=VECTOR('',#1178,0.654035);
#1179=LINE('',#1175,#1177);
#1181=CARTESIAN_POINT('',(738.9668,-316.0000,-333.0438));
#1182=VERTEX_POINT('',#1181);
#1180=EDGE_CURVE('',#1176,#1182,#1179,.T.);
#1184=DIRECTION('',(-0.659403,0.000000,-0.751790));
#1183=VECTOR('',#1184,0.654038);
#1185=LINE('',#1181,#1183);
#1187=CARTESIAN_POINT('',(738.5355,-316.0000,-333.5355));
#1188=VERTEX_POINT('',#1187);
#1186=EDGE_CURVE('',#1182,#1188,#1185,.T.);
#1190=DIRECTION('',(-0.751813,0.000000,-0.659376));
#1189=VECTOR('',#1190,0.654018);
#1191=LINE('',#1187,#1189);
#1193=CARTESIAN_POINT('',(738.0438,-316.0000,-333.9668));
#1194=VERTEX_POINT('',#1193);
#1192=EDGE_CURVE('',#1188,#1194,#1191,.T.);
#1196=DIRECTION('',(-0.831468,0.000000,-0.555572));
#1195=VECTOR('',#1196,0.654052);
#1197=LINE('',#1193,#1195);
#1199=CARTESIAN_POINT('',(737.5000,-316.0000,-334.3301));
#1200=VERTEX_POINT('',#1199);
#1198=EDGE_CURVE('',#1194,#1200,#1197,.T.);
#1202=DIRECTION('',(-0.896896,0.000000,-0.442242));
#1201=VECTOR('',#1202,0.654044);
#1203=LINE('',#1199,#1201);
#1205=CARTESIAN_POINT('',(736.9134,-316.0000,-334.6194));
#1206=VERTEX_POINT('',#1205);
#1204=EDGE_CURVE('',#1200,#1206,#1203,.T.);
#1208=DIRECTION('',(-0.946928,0.000000,-0.321444));
#1207=VECTOR('',#1208,0.654034);
#1209=LINE('',#1205,#1207);
#1211=CARTESIAN_POINT('',(736.2941,-316.0000,-334.8296));
#1212=VERTEX_POINT('',#1211);
#1210=EDGE_CURVE('',#1206,#1212,#1209,.T.);
#1214=DIRECTION('',(-0.980783,0.000000,-0.195102));
#1213=VECTOR('',#1214,0.653986);
#1215=LINE('',#1211,#1213);
#1217=CARTESIAN_POINT('',(735.6526,-316.0000,-334.9572));
#1218=VERTEX_POINT('',#1217);
#1216=EDGE_CURVE('',#1212,#1218,#1215,.T.);
#1220=DIRECTION('',(-0.997858,0.000000,-0.065416));
#1219=VECTOR('',#1220,0.654050);
#1221=LINE('',#1217,#1219);
#1223=CARTESIAN_POINT('',(735.0000,-316.0000,-335.0000));
#1224=VERTEX_POINT('',#1223);
#1222=EDGE_CURVE('',#1218,#1224,#1221,.T.);
#1226=DIRECTION('',(-0.997858,0.000000,0.065416));
#1225=VECTOR('',#1226,0.654050);
#1227=LINE('',#1223,#1225);
#1229=CARTESIAN_POINT('',(734.3474,-316.0000,-334.9572));
#1230=VERTEX_POINT('',#1229);
#1228=EDGE_CURVE('',#1224,#1230,#1227,.T.);
#1232=DIRECTION('',(-0.980783,0.000000,0.195102));
#1231=VECTOR('',#1232,0.653986);
#1233=LINE('',#1229,#1231);
#1235=CARTESIAN_POINT('',(733.7059,-316.0000,-334.8296));
#1236=VERTEX_POINT('',#1235);
#1234=EDGE_CURVE('',#1230,#1236,#1233,.T.);
#1238=DIRECTION('',(-0.946928,0.000000,0.321444));
#1237=VECTOR('',#1238,0.654034);
#1239=LINE('',#1235,#1237);
#1241=CARTESIAN_POINT('',(733.0866,-316.0000,-334.6194));
#1242=VERTEX_POINT('',#1241);
#1240=EDGE_CURVE('',#1236,#1242,#1239,.T.);
#1244=DIRECTION('',(-0.896896,0.000000,0.442242));
#1243=VECTOR('',#1244,0.654044);
#1245=LINE('',#1241,#1243);
#1247=CARTESIAN_POINT('',(732.5000,-316.0000,-334.3301));
#1248=VERTEX_POINT('',#1247);
#1246=EDGE_CURVE('',#1242,#1248,#1245,.T.);
#1250=DIRECTION('',(-0.831468,0.000000,0.555572));
#1249=VECTOR('',#1250,0.654052);
#1251=LINE('',#1247,#1249);
#1253=CARTESIAN_POINT('',(731.9562,-316.0000,-333.9668));
#1254=VERTEX_POINT('',#1253);
#1252=EDGE_CURVE('',#1248,#1254,#1251,.T.);
#1256=DIRECTION('',(-0.751813,0.000000,0.659376));
#1255=VECTOR('',#1256,0.654018);
#1257=LINE('',#1253,#1255);
#1259=CARTESIAN_POINT('',(731.4645,-316.0000,-333.5355));
#1260=VERTEX_POINT('',#1259);
#1258=EDGE_CURVE('',#1254,#1260,#1257,.T.);
#1262=DIRECTION('',(-0.659403,0.000000,0.751790));
#1261=VECTOR('',#1262,0.654038);
#1263=LINE('',#1259,#1261);
#1265=CARTESIAN_POINT('',(731.0332,-316.0000,-333.0438));
#1266=VERTEX_POINT('',#1265);
#1264=EDGE_CURVE('',#1260,#1266,#1263,.T.);
#1268=DIRECTION('',(-0.555540,0.000000,0.831490));
#1267=VECTOR('',#1268,0.654035);
#1269=LINE('',#1265,#1267);
#1271=CARTESIAN_POINT('',(730.6699,-316.0000,-332.5000));
#1272=VERTEX_POINT('',#1271);
#1270=EDGE_CURVE('',#1266,#1272,#1269,.T.);
#1274=DIRECTION('',(-0.442261,0.000000,0.896887));
#1273=VECTOR('',#1274,0.654016);
#1275=LINE('',#1271,#1273);
#1277=CARTESIAN_POINT('',(730.3806,-316.0000,-331.9134));
#1278=VERTEX_POINT('',#1277);
#1276=EDGE_CURVE('',#1272,#1278,#1275,.T.);
#1280=DIRECTION('',(-0.321486,0.000000,0.946914));
#1279=VECTOR('',#1280,0.654044);
#1281=LINE('',#1277,#1279);
#1283=CARTESIAN_POINT('',(730.1703,-316.0000,-331.2941));
#1284=VERTEX_POINT('',#1283);
#1282=EDGE_CURVE('',#1278,#1284,#1281,.T.);
#1286=DIRECTION('',(-0.195048,0.000000,0.980794));
#1285=VECTOR('',#1286,0.654010);
#1287=LINE('',#1283,#1285);
#1289=CARTESIAN_POINT('',(730.0428,-316.0000,-330.6526));
#1290=VERTEX_POINT('',#1289);
#1288=EDGE_CURVE('',#1284,#1290,#1287,.T.);
#1292=DIRECTION('',(-0.065416,0.000000,0.997858));
#1291=VECTOR('',#1292,0.654050);
#1293=LINE('',#1289,#1291);
#1295=CARTESIAN_POINT('',(730.0000,-316.0000,-330.0000));
#1296=VERTEX_POINT('',#1295);
#1294=EDGE_CURVE('',#1290,#1296,#1293,.T.);
#1298=DIRECTION('',(0.065416,0.000000,0.997858));
#1297=VECTOR('',#1298,0.654050);
#1299=LINE('',#1295,#1297);
#1301=CARTESIAN_POINT('',(730.0428,-316.0000,-329.3474));
#1302=VERTEX_POINT('',#1301);
#1300=EDGE_CURVE('',#1296,#1302,#1299,.T.);
#1304=DIRECTION('',(0.195048,0.000000,0.980794));
#1303=VECTOR('',#1304,0.654010);
#1305=LINE('',#1301,#1303);
#1307=CARTESIAN_POINT('',(730.1703,-316.0000,-328.7059));
#1308=VERTEX_POINT('',#1307);
#1306=EDGE_CURVE('',#1302,#1308,#1305,.T.);
#1310=DIRECTION('',(0.321486,0.000000,0.946914));
#1309=VECTOR('',#1310,0.654044);
#1311=LINE('',#1307,#1309);
#1313=CARTESIAN_POINT('',(730.3806,-316.0000,-328.0866));
#1314=VERTEX_POINT('',#1313);
#1312=EDGE_CURVE('',#1308,#1314,#1311,.T.);
#1316=DIRECTION('',(0.442261,0.000000,0.896887));
#1315=VECTOR('',#1316,0.654016);
#1317=LINE('',#1313,#1315);
#1319=CARTESIAN_POINT('',(730.6699,-316.0000,-327.5000));
#1320=VERTEX_POINT('',#1319);
#1318=EDGE_CURVE('',#1314,#1320,#1317,.T.);
#1322=DIRECTION('',(0.555540,0.000000,0.831490));
#1321=VECTOR('',#1322,0.654035);
#1323=LINE('',#1319,#1321);
#1325=CARTESIAN_POINT('',(731.0332,-316.0000,-326.9562));
#1326=VERTEX_POINT('',#1325);
#1324=EDGE_CURVE('',#1320,#1326,#1323,.T.);
#1328=DIRECTION('',(0.659403,0.000000,0.751790));
#1327=VECTOR('',#1328,0.654038);
#1329=LINE('',#1325,#1327);
#1331=CARTESIAN_POINT('',(731.4645,-316.0000,-326.4645));
#1332=VERTEX_POINT('',#1331);
#1330=EDGE_CURVE('',#1326,#1332,#1329,.T.);
#1334=DIRECTION('',(0.751813,0.000000,0.659376));
#1333=VECTOR('',#1334,0.654018);
#1335=LINE('',#1331,#1333);
#1337=CARTESIAN_POINT('',(731.9562,-316.0000,-326.0332));
#1338=VERTEX_POINT('',#1337);
#1336=EDGE_CURVE('',#1332,#1338,#1335,.T.);
#1340=DIRECTION('',(0.831468,0.000000,0.555572));
#1339=VECTOR('',#1340,0.654052);
#1341=LINE('',#1337,#1339);
#1343=CARTESIAN_POINT('',(732.5000,-316.0000,-325.6699));
#1344=VERTEX_POINT('',#1343);
#1342=EDGE_CURVE('',#1338,#1344,#1341,.T.);
#1346=DIRECTION('',(0.896896,0.000000,0.442242));
#1345=VECTOR('',#1346,0.654044);
#1347=LINE('',#1343,#1345);
#1349=CARTESIAN_POINT('',(733.0866,-316.0000,-325.3806));
#1350=VERTEX_POINT('',#1349);
#1348=EDGE_CURVE('',#1344,#1350,#1347,.T.);
#1352=DIRECTION('',(0.946928,0.000000,0.321444));
#1351=VECTOR('',#1352,0.654034);
#1353=LINE('',#1349,#1351);
#1355=CARTESIAN_POINT('',(733.7059,-316.0000,-325.1704));
#1356=VERTEX_POINT('',#1355);
#1354=EDGE_CURVE('',#1350,#1356,#1353,.T.);
#1358=DIRECTION('',(0.980783,0.000000,0.195102));
#1357=VECTOR('',#1358,0.653986);
#1359=LINE('',#1355,#1357);
#1361=CARTESIAN_POINT('',(734.3474,-316.0000,-325.0428));
#1362=VERTEX_POINT('',#1361);
#1360=EDGE_CURVE('',#1356,#1362,#1359,.T.);
#1364=DIRECTION('',(0.997859,0.000000,0.065409));
#1363=VECTOR('',#1364,3.207614);
#1365=LINE('',#1361,#1363);
#1366=EDGE_CURVE('',#1362,#1126,#1365,.T.);
#1367=ORIENTED_EDGE('',*,*,#1125,.T.);
#1368=ORIENTED_EDGE('',*,*,#1132,.T.);
#1369=ORIENTED_EDGE('',*,*,#1138,.T.);
#1370=ORIENTED_EDGE('',*,*,#1144,.T.);
#1371=ORIENTED_EDGE('',*,*,#1150,.T.);
#1372=ORIENTED_EDGE('',*,*,#1156,.T.);
#1373=ORIENTED_EDGE('',*,*,#1162,.T.);
#1374=ORIENTED_EDGE('',*,*,#1168,.T.);
#1375=ORIENTED_EDGE('',*,*,#1174,.T.);
#1376=ORIENTED_EDGE('',*,*,#1180,.T.);
#1377=ORIENTED_EDGE('',*,*,#1186,.T.);
#1378=ORIENTED_EDGE('',*,*,#1192,.T.);
#1379=ORIENTED_EDGE('',*,*,#1198,.T.);
#1380=ORIENTED_EDGE('',*,*,#1204,.T.);
#1381=ORIENTED_EDGE('',*,*,#1210,.T.);
#1382=ORIENTED_EDGE('',*,*,#1216,.T.);
#1383=ORIENTED_EDGE('',*,*,#1222,.T.);
#1384=ORIENTED_EDGE('',*,*,#1228,.T.);
#1385=ORIENTED_EDGE('',*,*,#1234,.T.);
#1386=ORIENTED_EDGE('',*,*,#1240,.T.);
#1387=ORIENTED_EDGE('',*,*,#1246,.T.);
#1388=ORIENTED_EDGE('',*,*,#1252,.T.);
#1389=ORIENTED_EDGE('',*,*,#1258,.T.);
#1390=ORIENTED_EDGE('',*,*,#1264,.T.);
#1391=ORIENTED_EDGE('',*,*,#1270,.T.);
#1392=ORIENTED_EDGE('',*,*,#1276,.T.);
#1393=ORIENTED_EDGE('',*,*,#1282,.T.);
#1394=ORIENTED_EDGE('',*,*,#1288,.T.);
#1395=ORIENTED_EDGE('',*,*,#1294,.T.);
#1396=ORIENTED_EDGE('',*,*,#1300,.T.);
#1397=ORIENTED_EDGE('',*,*,#1306,.T.);
#1398=ORIENTED_EDGE('',*,*,#1312,.T.);
#1399=ORIENTED_EDGE('',*,*,#1318,.T.);
#1400=ORIENTED_EDGE('',*,*,#1324,.T.);
#1401=ORIENTED_EDGE('',*,*,#1330,.T.);
#1402=ORIENTED_EDGE('',*,*,#1336,.T.);
#1403=ORIENTED_EDGE('',*,*,#1342,.T.);
#1404=ORIENTED_EDGE('',*,*,#1348,.T.);
#1405=ORIENTED_EDGE('',*,*,#1354,.T.);
#1406=ORIENTED_EDGE('',*,*,#1360,.T.);
#1407=ORIENTED_EDGE('',*,*,#1366,.T.);
#1408=EDGE_LOOP('',(#1367,#1368,#1369,#1370,#1371,#1372,#1373,#1374,#1375,#1376,#1377,#1378,#1379,#1380,#1381,#1382,#1383,#1384,#1385,#1386,#1387,#1388,#1389,#1390,#1391,#1392,#1393,#1394,#1395,#1396,#1397,#1398,#1399,#1400,#1401,#1402,#1403,#1404,#1405,#1406,#1407));
#1409=FACE_BOUND('',#1408,.T.);
#1411=DIRECTION('',(0.946930,0.000000,-0.321441));
#1410=VECTOR('',#1411,1.319476);
#1413=CARTESIAN_POINT('',(660.6639,-316.0000,-324.9565));
#1412=LINE('',#1413,#1410);
#1415=VERTEX_POINT('',#1413);
#1416=CARTESIAN_POINT('',(661.9134,-316.0000,-325.3806));
#1417=VERTEX_POINT('',#1416);
#1414=EDGE_CURVE('',#1415,#1417,#1412,.T.);
#1419=DIRECTION('',(0.896896,0.000000,-0.442242));
#1418=VECTOR('',#1419,0.654044);
#1420=LINE('',#1416,#1418);
#1422=CARTESIAN_POINT('',(662.5000,-316.0000,-325.6699));
#1423=VERTEX_POINT('',#1422);
#1421=EDGE_CURVE('',#1417,#1423,#1420,.T.);
#1425=DIRECTION('',(0.831468,0.000000,-0.555572));
#1424=VECTOR('',#1425,0.654052);
#1426=LINE('',#1422,#1424);
#1428=CARTESIAN_POINT('',(663.0438,-316.0000,-326.0332));
#1429=VERTEX_POINT('',#1428);
#1427=EDGE_CURVE('',#1423,#1429,#1426,.T.);
#1431=DIRECTION('',(0.751813,0.000000,-0.659376));
#1430=VECTOR('',#1431,0.654018);
#1432=LINE('',#1428,#1430);
#1434=CARTESIAN_POINT('',(663.5355,-316.0000,-326.4645));
#1435=VERTEX_POINT('',#1434);
#1433=EDGE_CURVE('',#1429,#1435,#1432,.T.);
#1437=DIRECTION('',(0.659403,0.000000,-0.751790));
#1436=VECTOR('',#1437,0.654038);
#1438=LINE('',#1434,#1436);
#1440=CARTESIAN_POINT('',(663.9668,-316.0000,-326.9562));
#1441=VERTEX_POINT('',#1440);
#1439=EDGE_CURVE('',#1435,#1441,#1438,.T.);
#1443=DIRECTION('',(0.555540,0.000000,-0.831490));
#1442=VECTOR('',#1443,0.654035);
#1444=LINE('',#1440,#1442);
#1446=CARTESIAN_POINT('',(664.3301,-316.0000,-327.5000));
#1447=VERTEX_POINT('',#1446);
#1445=EDGE_CURVE('',#1441,#1447,#1444,.T.);
#1449=DIRECTION('',(0.442261,0.000000,-0.896887));
#1448=VECTOR('',#1449,0.654016);
#1450=LINE('',#1446,#1448);
#1452=CARTESIAN_POINT('',(664.6194,-316.0000,-328.0866));
#1453=VERTEX_POINT('',#1452);
#1451=EDGE_CURVE('',#1447,#1453,#1450,.T.);
#1455=DIRECTION('',(0.321486,0.000000,-0.946914));
#1454=VECTOR('',#1455,0.654044);
#1456=LINE('',#1452,#1454);
#1458=CARTESIAN_POINT('',(664.8297,-316.0000,-328.7059));
#1459=VERTEX_POINT('',#1458);
#1457=EDGE_CURVE('',#1453,#1459,#1456,.T.);
#1461=DIRECTION('',(0.195048,0.000000,-0.980794));
#1460=VECTOR('',#1461,0.654010);
#1462=LINE('',#1458,#1460);
#1464=CARTESIAN_POINT('',(664.9572,-316.0000,-329.3474));
#1465=VERTEX_POINT('',#1464);
#1463=EDGE_CURVE('',#1459,#1465,#1462,.T.);
#1467=DIRECTION('',(0.065416,0.000000,-0.997858));
#1466=VECTOR('',#1467,0.654050);
#1468=LINE('',#1464,#1466);
#1470=CARTESIAN_POINT('',(665.0000,-316.0000,-330.0000));
#1471=VERTEX_POINT('',#1470);
#1469=EDGE_CURVE('',#1465,#1471,#1468,.T.);
#1473=DIRECTION('',(-0.065416,0.000000,-0.997858));
#1472=VECTOR('',#1473,0.654050);
#1474=LINE('',#1470,#1472);
#1476=CARTESIAN_POINT('',(664.9572,-316.0000,-330.6526));
#1477=VERTEX_POINT('',#1476);
#1475=EDGE_CURVE('',#1471,#1477,#1474,.T.);
#1479=DIRECTION('',(-0.195048,0.000000,-0.980794));
#1478=VECTOR('',#1479,0.654010);
#1480=LINE('',#1476,#1478);
#1482=CARTESIAN_POINT('',(664.8297,-316.0000,-331.2941));
#1483=VERTEX_POINT('',#1482);
#1481=EDGE_CURVE('',#1477,#1483,#1480,.T.);
#1485=DIRECTION('',(-0.321486,0.000000,-0.946914));
#1484=VECTOR('',#1485,0.654044);
#1486=LINE('',#1482,#1484);
#1488=CARTESIAN_POINT('',(664.6194,-316.0000,-331.9134));
#1489=VERTEX_POINT('',#1488);
#1487=EDGE_CURVE('',#1483,#1489,#1486,.T.);
#1491=DIRECTION('',(-0.442261,0.000000,-0.896887));
#1490=VECTOR('',#1491,0.654016);
#1492=LINE('',#1488,#1490);
#1494=CARTESIAN_POINT('',(664.3301,-316.0000,-332.5000));
#1495=VERTEX_POINT('',#1494);
#1493=EDGE_CURVE('',#1489,#1495,#1492,.T.);
#1497=DIRECTION('',(-0.555540,0.000000,-0.831490));
#1496=VECTOR('',#1497,0.654035);
#1498=LINE('',#1494,#1496);
#1500=CARTESIAN_POINT('',(663.9668,-316.0000,-333.0438));
#1501=VERTEX_POINT('',#1500);
#1499=EDGE_CURVE('',#1495,#1501,#1498,.T.);
#1503=DIRECTION('',(-0.659403,0.000000,-0.751790));
#1502=VECTOR('',#1503,0.654038);
#1504=LINE('',#1500,#1502);
#1506=CARTESIAN_POINT('',(663.5355,-316.0000,-333.5355));
#1507=VERTEX_POINT('',#1506);
#1505=EDGE_CURVE('',#1501,#1507,#1504,.T.);
#1509=DIRECTION('',(-0.751813,0.000000,-0.659376));
#1508=VECTOR('',#1509,0.654018);
#1510=LINE('',#1506,#1508);
#1512=CARTESIAN_POINT('',(663.0438,-316.0000,-333.9668));
#1513=VERTEX_POINT('',#1512);
#1511=EDGE_CURVE('',#1507,#1513,#1510,.T.);
#1515=DIRECTION('',(-0.831468,0.000000,-0.555572));
#1514=VECTOR('',#1515,0.654052);
#1516=LINE('',#1512,#1514);
#1518=CARTESIAN_POINT('',(662.5000,-316.0000,-334.3301));
#1519=VERTEX_POINT('',#1518);
#1517=EDGE_CURVE('',#1513,#1519,#1516,.T.);
#1521=DIRECTION('',(-0.896896,0.000000,-0.442242));
#1520=VECTOR('',#1521,0.654044);
#1522=LINE('',#1518,#1520);
#1524=CARTESIAN_POINT('',(661.9134,-316.0000,-334.6194));
#1525=VERTEX_POINT('',#1524);
#1523=EDGE_CURVE('',#1519,#1525,#1522,.T.);
#1527=DIRECTION('',(-0.946928,0.000000,-0.321444));
#1526=VECTOR('',#1527,0.654034);
#1528=LINE('',#1524,#1526);
#1530=CARTESIAN_POINT('',(661.2941,-316.0000,-334.8296));
#1531=VERTEX_POINT('',#1530);
#1529=EDGE_CURVE('',#1525,#1531,#1528,.T.);
#1533=DIRECTION('',(-0.980783,0.000000,-0.195102));
#1532=VECTOR('',#1533,0.653986);
#1534=LINE('',#1530,#1532);
#1536=CARTESIAN_POINT('',(660.6526,-316.0000,-334.9572));
#1537=VERTEX_POINT('',#1536);
#1535=EDGE_CURVE('',#1531,#1537,#1534,.T.);
#1539=DIRECTION('',(0.997859,0.000000,0.065399));
#1538=VECTOR('',#1539,11.039686);
#1540=LINE('',#1536,#1538);
#1542=CARTESIAN_POINT('',(671.6687,-316.0000,-334.2352));
#1543=VERTEX_POINT('',#1542);
#1541=EDGE_CURVE('',#1537,#1543,#1540,.T.);
#1545=DIRECTION('',(-0.997859,0.000000,-0.065400));
#1544=VECTOR('',#1545,11.693736);
#1546=LINE('',#1542,#1544);
#1548=CARTESIAN_POINT('',(660.0000,-316.0000,-335.0000));
#1549=VERTEX_POINT('',#1548);
#1547=EDGE_CURVE('',#1543,#1549,#1546,.T.);
#1551=DIRECTION('',(-0.997858,0.000000,0.065416));
#1550=VECTOR('',#1551,0.654050);
#1552=LINE('',#1548,#1550);
#1554=CARTESIAN_POINT('',(659.3474,-316.0000,-334.9572));
#1555=VERTEX_POINT('',#1554);
#1553=EDGE_CURVE('',#1549,#1555,#1552,.T.);
#1557=DIRECTION('',(-0.980783,0.000000,0.195102));
#1556=VECTOR('',#1557,0.653986);
#1558=LINE('',#1554,#1556);
#1560=CARTESIAN_POINT('',(658.7059,-316.0000,-334.8296));
#1561=VERTEX_POINT('',#1560);
#1559=EDGE_CURVE('',#1555,#1561,#1558,.T.);
#1563=DIRECTION('',(-0.946928,0.000000,0.321444));
#1562=VECTOR('',#1563,0.654034);
#1564=LINE('',#1560,#1562);
#1566=CARTESIAN_POINT('',(658.0866,-316.0000,-334.6194));
#1567=VERTEX_POINT('',#1566);
#1565=EDGE_CURVE('',#1561,#1567,#1564,.T.);
#1569=DIRECTION('',(-0.896896,0.000000,0.442242));
#1568=VECTOR('',#1569,0.654044);
#1570=LINE('',#1566,#1568);
#1572=CARTESIAN_POINT('',(657.5000,-316.0000,-334.3301));
#1573=VERTEX_POINT('',#1572);
#1571=EDGE_CURVE('',#1567,#1573,#1570,.T.);
#1575=DIRECTION('',(-0.831468,0.000000,0.555572));
#1574=VECTOR('',#1575,0.654052);
#1576=LINE('',#1572,#1574);
#1578=CARTESIAN_POINT('',(656.9562,-316.0000,-333.9668));
#1579=VERTEX_POINT('',#1578);
#1577=EDGE_CURVE('',#1573,#1579,#1576,.T.);
#1581=DIRECTION('',(-0.751813,0.000000,0.659376));
#1580=VECTOR('',#1581,0.654018);
#1582=LINE('',#1578,#1580);
#1584=CARTESIAN_POINT('',(656.4645,-316.0000,-333.5355));
#1585=VERTEX_POINT('',#1584);
#1583=EDGE_CURVE('',#1579,#1585,#1582,.T.);
#1587=DIRECTION('',(-0.659403,0.000000,0.751790));
#1586=VECTOR('',#1587,0.654038);
#1588=LINE('',#1584,#1586);
#1590=CARTESIAN_POINT('',(656.0332,-316.0000,-333.0438));
#1591=VERTEX_POINT('',#1590);
#1589=EDGE_CURVE('',#1585,#1591,#1588,.T.);
#1593=DIRECTION('',(-0.555540,0.000000,0.831490));
#1592=VECTOR('',#1593,0.654035);
#1594=LINE('',#1590,#1592);
#1596=CARTESIAN_POINT('',(655.6699,-316.0000,-332.5000));
#1597=VERTEX_POINT('',#1596);
#1595=EDGE_CURVE('',#1591,#1597,#1594,.T.);
#1599=DIRECTION('',(-0.442261,0.000000,0.896887));
#1598=VECTOR('',#1599,0.654016);
#1600=LINE('',#1596,#1598);
#1602=CARTESIAN_POINT('',(655.3806,-316.0000,-331.9134));
#1603=VERTEX_POINT('',#1602);
#1601=EDGE_CURVE('',#1597,#1603,#1600,.T.);
#1605=DIRECTION('',(-0.321486,0.000000,0.946914));
#1604=VECTOR('',#1605,0.654044);
#1606=LINE('',#1602,#1604);
#1608=CARTESIAN_POINT('',(655.1703,-316.0000,-331.2941));
#1609=VERTEX_POINT('',#1608);
#1607=EDGE_CURVE('',#1603,#1609,#1606,.T.);
#1611=DIRECTION('',(-0.195048,0.000000,0.980794));
#1610=VECTOR('',#1611,0.654010);
#1612=LINE('',#1608,#1610);
#1614=CARTESIAN_POINT('',(655.0428,-316.0000,-330.6526));
#1615=VERTEX_POINT('',#1614);
#1613=EDGE_CURVE('',#1609,#1615,#1612,.T.);
#1617=DIRECTION('',(-0.065416,0.000000,0.997858));
#1616=VECTOR('',#1617,0.654050);
#1618=LINE('',#1614,#1616);
#1620=CARTESIAN_POINT('',(655.0000,-316.0000,-330.0000));
#1621=VERTEX_POINT('',#1620);
#1619=EDGE_CURVE('',#1615,#1621,#1618,.T.);
#1623=DIRECTION('',(0.065416,0.000000,0.997858));
#1622=VECTOR('',#1623,0.654050);
#1624=LINE('',#1620,#1622);
#1626=CARTESIAN_POINT('',(655.0428,-316.0000,-329.3474));
#1627=VERTEX_POINT('',#1626);
#1625=EDGE_CURVE('',#1621,#1627,#1624,.T.);
#1629=DIRECTION('',(0.195048,0.000000,0.980794));
#1628=VECTOR('',#1629,0.654010);
#1630=LINE('',#1626,#1628);
#1632=CARTESIAN_POINT('',(655.1703,-316.0000,-328.7059));
#1633=VERTEX_POINT('',#1632);
#1631=EDGE_CURVE('',#1627,#1633,#1630,.T.);
#1635=DIRECTION('',(0.321486,0.000000,0.946914));
#1634=VECTOR('',#1635,0.654044);
#1636=LINE('',#1632,#1634);
#1638=CARTESIAN_POINT('',(655.3806,-316.0000,-328.0866));
#1639=VERTEX_POINT('',#1638);
#1637=EDGE_CURVE('',#1633,#1639,#1636,.T.);
#1641=DIRECTION('',(0.442261,0.000000,0.896887));
#1640=VECTOR('',#1641,0.654016);
#1642=LINE('',#1638,#1640);
#1644=CARTESIAN_POINT('',(655.6699,-316.0000,-327.5000));
#1645=VERTEX_POINT('',#1644);
#1643=EDGE_CURVE('',#1639,#1645,#1642,.T.);
#1647=DIRECTION('',(0.555540,0.000000,0.831490));
#1646=VECTOR('',#1647,0.654035);
#1648=LINE('',#1644,#1646);
#1650=CARTESIAN_POINT('',(656.0332,-316.0000,-326.9562));
#1651=VERTEX_POINT('',#1650);
#1649=EDGE_CURVE('',#1645,#1651,#1648,.T.);
#1653=DIRECTION('',(0.659403,0.000000,0.751790));
#1652=VECTOR('',#1653,0.654038);
#1654=LINE('',#1650,#1652);
#1656=CARTESIAN_POINT('',(656.4645,-316.0000,-326.4645));
#1657=VERTEX_POINT('',#1656);
#1655=EDGE_CURVE('',#1651,#1657,#1654,.T.);
#1659=DIRECTION('',(0.751813,0.000000,0.659376));
#1658=VECTOR('',#1659,0.654018);
#1660=LINE('',#1656,#1658);
#1662=CARTESIAN_POINT('',(656.9562,-316.0000,-326.0332));
#1663=VERTEX_POINT('',#1662);
#1661=EDGE_CURVE('',#1657,#1663,#1660,.T.);
#1665=DIRECTION('',(0.831468,0.000000,0.555572));
#1664=VECTOR('',#1665,0.654052);
#1666=LINE('',#1662,#1664);
#1668=CARTESIAN_POINT('',(657.5000,-316.0000,-325.6699));
#1669=VERTEX_POINT('',#1668);
#1667=EDGE_CURVE('',#1663,#1669,#1666,.T.);
#1671=DIRECTION('',(0.896896,0.000000,0.442242));
#1670=VECTOR('',#1671,0.654044);
#1672=LINE('',#1668,#1670);
#1674=CARTESIAN_POINT('',(658.0866,-316.0000,-325.3806));
#1675=VERTEX_POINT('',#1674);
#1673=EDGE_CURVE('',#1669,#1675,#1672,.T.);
#1677=DIRECTION('',(0.946928,0.000000,0.321444));
#1676=VECTOR('',#1677,0.654034);
#1678=LINE('',#1674,#1676);
#1680=CARTESIAN_POINT('',(658.7059,-316.0000,-325.1704));
#1681=VERTEX_POINT('',#1680);
#1679=EDGE_CURVE('',#1675,#1681,#1678,.T.);
#1683=DIRECTION('',(0.980783,0.000000,0.195102));
#1682=VECTOR('',#1683,0.653986);
#1684=LINE('',#1680,#1682);
#1686=CARTESIAN_POINT('',(659.3474,-316.0000,-325.0428));
#1687=VERTEX_POINT('',#1686);
#1685=EDGE_CURVE('',#1681,#1687,#1684,.T.);
#1689=DIRECTION('',(0.997858,0.000000,0.065411));
#1688=VECTOR('',#1689,1.319415);
#1690=LINE('',#1686,#1688);
#1691=EDGE_CURVE('',#1687,#1415,#1690,.T.);
#1692=ORIENTED_EDGE('',*,*,#1414,.T.);
#1693=ORIENTED_EDGE('',*,*,#1421,.T.);
#1694=ORIENTED_EDGE('',*,*,#1427,.T.);
#1695=ORIENTED_EDGE('',*,*,#1433,.T.);
#1696=ORIENTED_EDGE('',*,*,#1439,.T.);
#1697=ORIENTED_EDGE('',*,*,#1445,.T.);
#1698=ORIENTED_EDGE('',*,*,#1451,.T.);
#1699=ORIENTED_EDGE('',*,*,#1457,.T.);
#1700=ORIENTED_EDGE('',*,*,#1463,.T.);
#1701=ORIENTED_EDGE('',*,*,#1469,.T.);
#1702=ORIENTED_EDGE('',*,*,#1475,.T.);
#1703=ORIENTED_EDGE('',*,*,#1481,.T.);
#1704=ORIENTED_EDGE('',*,*,#1487,.T.);
#1705=ORIENTED_EDGE('',*,*,#1493,.T.);
#1706=ORIENTED_EDGE('',*,*,#1499,.T.);
#1707=ORIENTED_EDGE('',*,*,#1505,.T.);
#1708=ORIENTED_EDGE('',*,*,#1511,.T.);
#1709=ORIENTED_EDGE('',*,*,#1517,.T.);
#1710=ORIENTED_EDGE('',*,*,#1523,.T.);
#1711=ORIENTED_EDGE('',*,*,#1529,.T.);
#1712=ORIENTED_EDGE('',*,*,#1535,.T.);
#1713=ORIENTED_EDGE('',*,*,#1541,.T.);
#1714=ORIENTED_EDGE('',*,*,#1547,.T.);
#1715=ORIENTED_EDGE('',*,*,#1553,.T.);
#1716=ORIENTED_EDGE('',*,*,#1559,.T.);
#1717=ORIENTED_EDGE('',*,*,#1565,.T.);
#1718=ORIENTED_EDGE('',*,*,#1571,.T.);
#1719=ORIENTED_EDGE('',*,*,#1577,.T.);
#1720=ORIENTED_EDGE('',*,*,#1583,.T.);
#1721=ORIENTED_EDGE('',*,*,#1589,.T.);
#1722=ORIENTED_EDGE('',*,*,#1595,.T.);
#1723=ORIENTED_EDGE('',*,*,#1601,.T.);
#1724=ORIENTED_EDGE('',*,*,#1607,.T.);
#1725=ORIENTED_EDGE('',*,*,#1613,.T.);
#1726=ORIENTED_EDGE('',*,*,#1619,.T.);
#1727=ORIENTED_EDGE('',*,*,#1625,.T.);
#1728=ORIENTED_EDGE('',*,*,#1631,.T.);
#1729=ORIENTED_EDGE('',*,*,#1637,.T.);
#1730=ORIENTED_EDGE('',*,*,#1643,.T.);
#1731=ORIENTED_EDGE('',*,*,#1649,.T.);
#1732=ORIENTED_EDGE('',*,*,#1655,.T.);
#1733=ORIENTED_EDGE('',*,*,#1661,.T.);
#1734=ORIENTED_EDGE('',*,*,#1667,.T.);
#1735=ORIENTED_EDGE('',*,*,#1673,.T.);
#1736=ORIENTED_EDGE('',*,*,#1679,.T.);
#1737=ORIENTED_EDGE('',*,*,#1685,.T.);
#1738=ORIENTED_EDGE('',*,*,#1691,.T.);
#1739=EDGE_LOOP('',(#1692,#1693,#1694,#1695,#1696,#1697,#1698,#1699,#1700,#1701,#1702,#1703,#1704,#1705,#1706,#1707,#1708,#1709,#1710,#1711,#1712,#1713,#1714,#1715,#1716,#1717,#1718,#1719,#1720,#1721,#1722,#1723,#1724,#1725,#1726,#1727,#1728,#1729,#1730,#1731,#1732,#1733,#1734,#1735,#1736,#1737,#1738));
#1740=FACE_BOUND('',#1739,.T.);
#1742=DIRECTION('',(-0.195101,0.000000,0.980783));
#1741=VECTOR('',#1742,4.048456);
#1744=CARTESIAN_POINT('',(664.8297,-316.0000,-248.7059));
#1743=LINE('',#1744,#1741);
#1746=VERTEX_POINT('',#1744);
#1745=EDGE_CURVE('',#1746,#199,#1743,.T.);
#1748=DIRECTION('',(-0.997859,0.000000,-0.065398));
#1747=VECTOR('',#1748,1.494899);
#1749=LINE('',#198,#1747);
#1751=CARTESIAN_POINT('',(662.5481,-316.0000,-244.8330));
#1752=VERTEX_POINT('',#1751);
#1750=EDGE_CURVE('',#199,#1752,#1749,.T.);
#1754=DIRECTION('',(0.555574,0.000000,-0.831467));
#1753=VECTOR('',#1754,3.207573);
#1755=LINE('',#1751,#1753);
#1757=CARTESIAN_POINT('',(664.3301,-316.0000,-247.5000));
#1758=VERTEX_POINT('',#1757);
#1756=EDGE_CURVE('',#1752,#1758,#1755,.T.);
#1760=DIRECTION('',(0.442261,0.000000,-0.896887));
#1759=VECTOR('',#1760,0.654016);
#1761=LINE('',#1757,#1759);
#1763=CARTESIAN_POINT('',(664.6194,-316.0000,-248.0866));
#1764=VERTEX_POINT('',#1763);
#1762=EDGE_CURVE('',#1758,#1764,#1761,.T.);
#1766=DIRECTION('',(0.321486,0.000000,-0.946914));
#1765=VECTOR('',#1766,0.654044);
#1767=LINE('',#1763,#1765);
#1768=EDGE_CURVE('',#1764,#1746,#1767,.T.);
#1769=ORIENTED_EDGE('',*,*,#1745,.T.);
#1770=ORIENTED_EDGE('',*,*,#1750,.T.);
#1771=ORIENTED_EDGE('',*,*,#1756,.T.);
#1772=ORIENTED_EDGE('',*,*,#1762,.T.);
#1773=ORIENTED_EDGE('',*,*,#1768,.T.);
#1774=EDGE_LOOP('',(#1769,#1770,#1771,#1772,#1773));
#1775=FACE_BOUND('',#1774,.T.);
#1777=DIRECTION('',(-0.195101,0.000000,0.980783));
#1776=VECTOR('',#1777,4.048456);
#1779=CARTESIAN_POINT('',(739.8297,-316.0000,-248.7059));
#1778=LINE('',#1779,#1776);
#1781=VERTEX_POINT('',#1779);
#1780=EDGE_CURVE('',#1781,#283,#1778,.T.);
#1783=DIRECTION('',(-0.997859,0.000000,-0.065398));
#1782=VECTOR('',#1783,1.494899);
#1784=LINE('',#282,#1782);
#1786=CARTESIAN_POINT('',(737.5481,-316.0000,-244.8330));
#1787=VERTEX_POINT('',#1786);
#1785=EDGE_CURVE('',#283,#1787,#1784,.T.);
#1789=DIRECTION('',(0.555574,0.000000,-0.831467));
#1788=VECTOR('',#1789,3.207573);
#1790=LINE('',#1786,#1788);
#1792=CARTESIAN_POINT('',(739.3301,-316.0000,-247.5000));
#1793=VERTEX_POINT('',#1792);
#1791=EDGE_CURVE('',#1787,#1793,#1790,.T.);
#1795=DIRECTION('',(0.442261,0.000000,-0.896887));
#1794=VECTOR('',#1795,0.654016);
#1796=LINE('',#1792,#1794);
#1798=CARTESIAN_POINT('',(739.6194,-316.0000,-248.0866));
#1799=VERTEX_POINT('',#1798);
#1797=EDGE_CURVE('',#1793,#1799,#1796,.T.);
#1801=DIRECTION('',(0.321486,0.000000,-0.946914));
#1800=VECTOR('',#1801,0.654044);
#1802=LINE('',#1798,#1800);
#1803=EDGE_CURVE('',#1799,#1781,#1802,.T.);
#1804=ORIENTED_EDGE('',*,*,#1780,.T.);
#1805=ORIENTED_EDGE('',*,*,#1785,.T.);
#1806=ORIENTED_EDGE('',*,*,#1791,.T.);
#1807=ORIENTED_EDGE('',*,*,#1797,.T.);
#1808=ORIENTED_EDGE('',*,*,#1803,.T.);
#1809=EDGE_LOOP('',(#1804,#1805,#1806,#1807,#1808));
#1810=FACE_BOUND('',#1809,.T.);
#1812=DIRECTION('',(-0.555577,0.000000,0.831465));
#1811=VECTOR('',#1812,2.553564);
#1814=CARTESIAN_POINT('',(738.9668,-316.0000,-326.9562));
#1813=LINE('',#1814,#1811);
#1816=VERTEX_POINT('',#1814);
#1815=EDGE_CURVE('',#1816,#1126,#1813,.T.);
#1818=DIRECTION('',(-0.997859,0.000000,-0.065406));
#1817=VECTOR('',#1818,1.186990);
#1819=LINE('',#1124,#1817);
#1821=CARTESIAN_POINT('',(736.3636,-316.0000,-324.9106));
#1822=VERTEX_POINT('',#1821);
#1820=EDGE_CURVE('',#1126,#1822,#1819,.T.);
#1824=DIRECTION('',(0.831478,0.000000,-0.555557));
#1823=VECTOR('',#1824,2.020709);
#1825=LINE('',#1821,#1823);
#1827=CARTESIAN_POINT('',(738.0438,-316.0000,-326.0332));
#1828=VERTEX_POINT('',#1827);
#1826=EDGE_CURVE('',#1822,#1828,#1825,.T.);
#1830=DIRECTION('',(0.751813,0.000000,-0.659376));
#1829=VECTOR('',#1830,0.654018);
#1831=LINE('',#1827,#1829);
#1833=CARTESIAN_POINT('',(738.5355,-316.0000,-326.4645));
#1834=VERTEX_POINT('',#1833);
#1832=EDGE_CURVE('',#1828,#1834,#1831,.T.);
#1836=DIRECTION('',(0.659403,0.000000,-0.751790));
#1835=VECTOR('',#1836,0.654038);
#1837=LINE('',#1833,#1835);
#1838=EDGE_CURVE('',#1834,#1816,#1837,.T.);
#1839=ORIENTED_EDGE('',*,*,#1815,.T.);
#1840=ORIENTED_EDGE('',*,*,#1820,.T.);
#1841=ORIENTED_EDGE('',*,*,#1826,.T.);
#1842=ORIENTED_EDGE('',*,*,#1832,.T.);
#1843=ORIENTED_EDGE('',*,*,#1838,.T.);
#1844=EDGE_LOOP('',(#1839,#1840,#1841,#1842,#1843));
#1845=FACE_BOUND('',#1844,.T.);
#1847=DIRECTION('',(-0.555580,0.000000,0.831463));
#1846=VECTOR('',#1847,2.553551);
#1849=CARTESIAN_POINT('',(663.9668,-316.0000,-246.9562));
#1848=LINE('',#1849,#1846);
#1851=VERTEX_POINT('',#1849);
#1850=EDGE_CURVE('',#1851,#1752,#1848,.T.);
#1853=DIRECTION('',(-0.997860,0.000000,-0.065389));
#1852=VECTOR('',#1853,0.813937);
#1854=LINE('',#1751,#1852);
#1856=CARTESIAN_POINT('',(661.7359,-316.0000,-244.8862));
#1857=VERTEX_POINT('',#1856);
#1855=EDGE_CURVE('',#1752,#1857,#1854,.T.);
#1859=DIRECTION('',(0.751839,0.000000,-0.659347));
#1858=VECTOR('',#1859,2.393628);
#1860=LINE('',#1856,#1858);
#1862=CARTESIAN_POINT('',(663.5355,-316.0000,-246.4645));
#1863=VERTEX_POINT('',#1862);
#1861=EDGE_CURVE('',#1857,#1863,#1860,.T.);
#1865=DIRECTION('',(0.659380,0.000000,-0.751810));
#1864=VECTOR('',#1865,0.654061);
#1866=LINE('',#1862,#1864);
#1867=EDGE_CURVE('',#1863,#1851,#1866,.T.);
#1868=ORIENTED_EDGE('',*,*,#1850,.T.);
#1869=ORIENTED_EDGE('',*,*,#1855,.T.);
#1870=ORIENTED_EDGE('',*,*,#1861,.T.);
#1871=ORIENTED_EDGE('',*,*,#1867,.T.);
#1872=EDGE_LOOP('',(#1868,#1869,#1870,#1871));
#1873=FACE_BOUND('',#1872,.T.);
#1875=DIRECTION('',(-0.555580,0.000000,0.831463));
#1874=VECTOR('',#1875,2.553551);
#1877=CARTESIAN_POINT('',(738.9668,-316.0000,-246.9562));
#1876=LINE('',#1877,#1874);
#1879=VERTEX_POINT('',#1877);
#1878=EDGE_CURVE('',#1879,#1787,#1876,.T.);
#1881=DIRECTION('',(-0.997860,0.000000,-0.065389));
#1880=VECTOR('',#1881,0.813937);
#1882=LINE('',#1786,#1880);
#1884=CARTESIAN_POINT('',(736.7359,-316.0000,-244.8862));
#1885=VERTEX_POINT('',#1884);
#1883=EDGE_CURVE('',#1787,#1885,#1882,.T.);
#1887=DIRECTION('',(0.751839,0.000000,-0.659347));
#1886=VECTOR('',#1887,2.393628);
#1888=LINE('',#1884,#1886);
#1890=CARTESIAN_POINT('',(738.5355,-316.0000,-246.4645));
#1891=VERTEX_POINT('',#1890);
#1889=EDGE_CURVE('',#1885,#1891,#1888,.T.);
#1893=DIRECTION('',(0.659380,0.000000,-0.751810));
#1892=VECTOR('',#1893,0.654061);
#1894=LINE('',#1890,#1892);
#1895=EDGE_CURVE('',#1891,#1879,#1894,.T.);
#1896=ORIENTED_EDGE('',*,*,#1878,.T.);
#1897=ORIENTED_EDGE('',*,*,#1883,.T.);
#1898=ORIENTED_EDGE('',*,*,#1889,.T.);
#1899=ORIENTED_EDGE('',*,*,#1895,.T.);
#1900=EDGE_LOOP('',(#1896,#1897,#1898,#1899));
#1901=FACE_BOUND('',#1900,.T.);
#1903=DIRECTION('',(-0.751844,0.000000,0.659341));
#1902=VECTOR('',#1903,1.739620);
#1905=CARTESIAN_POINT('',(738.0438,-316.0000,-246.0332));
#1904=LINE('',#1905,#1902);
#1907=VERTEX_POINT('',#1905);
#1906=EDGE_CURVE('',#1907,#1885,#1904,.T.);
#1909=DIRECTION('',(-0.997859,0.000000,-0.065397));
#1908=VECTOR('',#1909,1.409756);
#1910=LINE('',#1884,#1908);
#1912=CARTESIAN_POINT('',(735.3292,-316.0000,-244.9784));
#1913=VERTEX_POINT('',#1912);
#1911=EDGE_CURVE('',#1885,#1913,#1910,.T.);
#1915=DIRECTION('',(0.980784,0.000000,-0.195099));
#1914=VECTOR('',#1915,0.983810);
#1916=LINE('',#1912,#1914);
#1918=CARTESIAN_POINT('',(736.2941,-316.0000,-245.1704));
#1919=VERTEX_POINT('',#1918);
#1917=EDGE_CURVE('',#1913,#1919,#1916,.T.);
#1921=DIRECTION('',(0.946928,0.000000,-0.321444));
#1920=VECTOR('',#1921,0.654034);
#1922=LINE('',#1918,#1920);
#1924=CARTESIAN_POINT('',(736.9134,-316.0000,-245.3806));
#1925=VERTEX_POINT('',#1924);
#1923=EDGE_CURVE('',#1919,#1925,#1922,.T.);
#1927=DIRECTION('',(0.896877,0.000000,-0.442280));
#1926=VECTOR('',#1927,0.654057);
#1928=LINE('',#1924,#1926);
#1930=CARTESIAN_POINT('',(737.5000,-316.0000,-245.6699));
#1931=VERTEX_POINT('',#1930);
#1929=EDGE_CURVE('',#1925,#1931,#1928,.T.);
#1933=DIRECTION('',(0.831479,0.000000,-0.555556));
#1932=VECTOR('',#1933,0.654043);
#1934=LINE('',#1930,#1932);
#1935=EDGE_CURVE('',#1931,#1907,#1934,.T.);
#1936=ORIENTED_EDGE('',*,*,#1906,.T.);
#1937=ORIENTED_EDGE('',*,*,#1911,.T.);
#1938=ORIENTED_EDGE('',*,*,#1917,.T.);
#1939=ORIENTED_EDGE('',*,*,#1923,.T.);
#1940=ORIENTED_EDGE('',*,*,#1929,.T.);
#1941=ORIENTED_EDGE('',*,*,#1935,.T.);
#1942=EDGE_LOOP('',(#1936,#1937,#1938,#1939,#1940,#1941));
#1943=FACE_BOUND('',#1942,.T.);
#1945=DIRECTION('',(-0.751844,0.000000,0.659341));
#1944=VECTOR('',#1945,1.739620);
#1947=CARTESIAN_POINT('',(663.0438,-316.0000,-246.0332));
#1946=LINE('',#1947,#1944);
#1949=VERTEX_POINT('',#1947);
#1948=EDGE_CURVE('',#1949,#1857,#1946,.T.);
#1951=DIRECTION('',(-0.997859,0.000000,-0.065399));
#1950=VECTOR('',#1951,1.074199);
#1952=LINE('',#1856,#1950);
#1954=CARTESIAN_POINT('',(660.6640,-316.0000,-244.9565));
#1955=VERTEX_POINT('',#1954);
#1953=EDGE_CURVE('',#1857,#1955,#1952,.T.);
#1957=DIRECTION('',(0.946928,0.000000,-0.321444));
#1956=VECTOR('',#1957,1.319413);
#1958=LINE('',#1954,#1956);
#1960=CARTESIAN_POINT('',(661.9134,-316.0000,-245.3806));
#1961=VERTEX_POINT('',#1960);
#1959=EDGE_CURVE('',#1955,#1961,#1958,.T.);
#1963=DIRECTION('',(0.896877,0.000000,-0.442280));
#1962=VECTOR('',#1963,0.654057);
#1964=LINE('',#1960,#1962);
#1966=CARTESIAN_POINT('',(662.5000,-316.0000,-245.6699));
#1967=VERTEX_POINT('',#1966);
#1965=EDGE_CURVE('',#1961,#1967,#1964,.T.);
#1969=DIRECTION('',(0.831479,0.000000,-0.555556));
#1968=VECTOR('',#1969,0.654043);
#1970=LINE('',#1966,#1968);
#1971=EDGE_CURVE('',#1967,#1949,#1970,.T.);
#1972=ORIENTED_EDGE('',*,*,#1948,.T.);
#1973=ORIENTED_EDGE('',*,*,#1953,.T.);
#1974=ORIENTED_EDGE('',*,*,#1959,.T.);
#1975=ORIENTED_EDGE('',*,*,#1965,.T.);
#1976=ORIENTED_EDGE('',*,*,#1971,.T.);
#1977=EDGE_LOOP('',(#1972,#1973,#1974,#1975,#1976));
#1978=FACE_BOUND('',#1977,.T.);
#1980=DIRECTION('',(-0.831483,0.000000,0.555550));
#1979=VECTOR('',#1980,1.366658);
#1982=CARTESIAN_POINT('',(737.5000,-316.0000,-325.6699));
#1981=LINE('',#1982,#1979);
#1984=VERTEX_POINT('',#1982);
#1983=EDGE_CURVE('',#1984,#1822,#1981,.T.);
#1986=DIRECTION('',(-0.997859,0.000000,-0.065405));
#1985=VECTOR('',#1986,1.036766);
#1987=LINE('',#1821,#1985);
#1989=CARTESIAN_POINT('',(735.3291,-316.0000,-324.9784));
#1990=VERTEX_POINT('',#1989);
#1988=EDGE_CURVE('',#1822,#1990,#1987,.T.);
#1992=DIRECTION('',(0.980783,0.000000,-0.195102));
#1991=VECTOR('',#1992,0.983873);
#1993=LINE('',#1989,#1991);
#1995=CARTESIAN_POINT('',(736.2941,-316.0000,-325.1704));
#1996=VERTEX_POINT('',#1995);
#1994=EDGE_CURVE('',#1990,#1996,#1993,.T.);
#1998=DIRECTION('',(0.946928,0.000000,-0.321444));
#1997=VECTOR('',#1998,0.654034);
#1999=LINE('',#1995,#1997);
#2001=CARTESIAN_POINT('',(736.9134,-316.0000,-325.3806));
#2002=VERTEX_POINT('',#2001);
#2000=EDGE_CURVE('',#1996,#2002,#1999,.T.);
#2004=DIRECTION('',(0.896896,0.000000,-0.442242));
#2003=VECTOR('',#2004,0.654044);
#2005=LINE('',#2001,#2003);
#2006=EDGE_CURVE('',#2002,#1984,#2005,.T.);
#2007=ORIENTED_EDGE('',*,*,#1983,.T.);
#2008=ORIENTED_EDGE('',*,*,#1988,.T.);
#2009=ORIENTED_EDGE('',*,*,#1994,.T.);
#2010=ORIENTED_EDGE('',*,*,#2000,.T.);
#2011=ORIENTED_EDGE('',*,*,#2006,.T.);
#2012=EDGE_LOOP('',(#2007,#2008,#2009,#2010,#2011));
#2013=FACE_BOUND('',#2012,.T.);
#2015=DIRECTION('',(-0.946931,0.000000,0.321437));
#2014=VECTOR('',#2015,0.665441);
#2017=CARTESIAN_POINT('',(661.2941,-316.0000,-325.1704));
#2016=LINE('',#2017,#2014);
#2019=VERTEX_POINT('',#2017);
#2018=EDGE_CURVE('',#2019,#1415,#2016,.T.);
#2021=DIRECTION('',(-0.997860,0.000000,-0.065390));
#2020=VECTOR('',#2021,0.335557);
#2022=LINE('',#1413,#2020);
#2024=CARTESIAN_POINT('',(660.3291,-316.0000,-324.9784));
#2025=VERTEX_POINT('',#2024);
#2023=EDGE_CURVE('',#1415,#2025,#2022,.T.);
#2027=DIRECTION('',(0.980783,0.000000,-0.195102));
#2026=VECTOR('',#2027,0.983873);
#2028=LINE('',#2024,#2026);
#2029=EDGE_CURVE('',#2025,#2019,#2028,.T.);
#2030=ORIENTED_EDGE('',*,*,#2018,.T.);
#2031=ORIENTED_EDGE('',*,*,#2023,.T.);
#2032=ORIENTED_EDGE('',*,*,#2029,.T.);
#2033=EDGE_LOOP('',(#2030,#2031,#2032));
#2034=FACE_BOUND('',#2033,.T.);
#2036=DIRECTION('',(-0.946928,0.000000,0.321445));
#2035=VECTOR('',#2036,0.665379);
#2038=CARTESIAN_POINT('',(661.2941,-316.0000,-245.1704));
#2037=LINE('',#2038,#2035);
#2040=VERTEX_POINT('',#2038);
#2039=EDGE_CURVE('',#2040,#1955,#2037,.T.);
#2042=DIRECTION('',(-0.997860,0.000000,-0.065390));
#2041=VECTOR('',#2042,0.335557);
#2043=LINE('',#1954,#2041);
#2045=CARTESIAN_POINT('',(660.3292,-316.0000,-244.9784));
#2046=VERTEX_POINT('',#2045);
#2044=EDGE_CURVE('',#1955,#2046,#2043,.T.);
#2048=DIRECTION('',(0.980784,0.000000,-0.195099));
#2047=VECTOR('',#2048,0.983810);
#2049=LINE('',#2045,#2047);
#2050=EDGE_CURVE('',#2046,#2040,#2049,.T.);
#2051=ORIENTED_EDGE('',*,*,#2039,.T.);
#2052=ORIENTED_EDGE('',*,*,#2044,.T.);
#2053=ORIENTED_EDGE('',*,*,#2050,.T.);
#2054=EDGE_LOOP('',(#2051,#2052,#2053));
#2055=FACE_BOUND('',#2054,.T.);
#2057=DIRECTION('',(-0.980783,0.000000,0.195102));
#2056=VECTOR('',#2057,0.329887);
#2059=CARTESIAN_POINT('',(660.6526,-316.0000,-325.0428));
#2058=LINE('',#2059,#2056);
#2061=VERTEX_POINT('',#2059);
#2060=EDGE_CURVE('',#2061,#2025,#2058,.T.);
#2063=DIRECTION('',(-0.997858,0.000000,-0.065420));
#2062=VECTOR('',#2063,0.329808);
#2064=LINE('',#2024,#2062);
#2066=CARTESIAN_POINT('',(660.0000,-316.0000,-325.0000));
#2067=VERTEX_POINT('',#2066);
#2065=EDGE_CURVE('',#2025,#2067,#2064,.T.);
#2069=DIRECTION('',(0.997858,0.000000,-0.065416));
#2068=VECTOR('',#2069,0.654050);
#2070=LINE('',#2066,#2068);
#2071=EDGE_CURVE('',#2067,#2061,#2070,.T.);
#2072=ORIENTED_EDGE('',*,*,#2060,.T.);
#2073=ORIENTED_EDGE('',*,*,#2065,.T.);
#2074=ORIENTED_EDGE('',*,*,#2071,.T.);
#2075=EDGE_LOOP('',(#2072,#2073,#2074));
#2076=FACE_BOUND('',#2075,.T.);
#2078=DIRECTION('',(-0.980783,0.000000,0.195102));
#2077=VECTOR('',#2078,0.329887);
#2080=CARTESIAN_POINT('',(735.6526,-316.0000,-325.0428));
#2079=LINE('',#2080,#2077);
#2082=VERTEX_POINT('',#2080);
#2081=EDGE_CURVE('',#2082,#1990,#2079,.T.);
#2084=DIRECTION('',(-0.997858,0.000000,-0.065420));
#2083=VECTOR('',#2084,0.329808);
#2085=LINE('',#1989,#2083);
#2087=CARTESIAN_POINT('',(735.0000,-316.0000,-325.0000));
#2088=VERTEX_POINT('',#2087);
#2086=EDGE_CURVE('',#1990,#2088,#2085,.T.);
#2090=DIRECTION('',(0.997858,0.000000,-0.065416));
#2089=VECTOR('',#2090,0.654050);
#2091=LINE('',#2087,#2089);
#2092=EDGE_CURVE('',#2088,#2082,#2091,.T.);
#2093=ORIENTED_EDGE('',*,*,#2081,.T.);
#2094=ORIENTED_EDGE('',*,*,#2086,.T.);
#2095=ORIENTED_EDGE('',*,*,#2092,.T.);
#2096=EDGE_LOOP('',(#2093,#2094,#2095));
#2097=FACE_BOUND('',#2096,.T.);
#2099=DIRECTION('',(-0.980785,0.000000,0.195093));
#2098=VECTOR('',#2099,0.329824);
#2101=CARTESIAN_POINT('',(660.6526,-316.0000,-245.0428));
#2100=LINE('',#2101,#2098);
#2103=VERTEX_POINT('',#2101);
#2102=EDGE_CURVE('',#2103,#2046,#2100,.T.);
#2105=DIRECTION('',(-0.997859,0.000000,-0.065408));
#2104=VECTOR('',#2105,0.329869);
#2106=LINE('',#2045,#2104);
#2108=CARTESIAN_POINT('',(660.0000,-316.0000,-245.0000));
#2109=VERTEX_POINT('',#2108);
#2107=EDGE_CURVE('',#2046,#2109,#2106,.T.);
#2111=DIRECTION('',(0.997860,0.000000,-0.065393));
#2110=VECTOR('',#2111,0.654049);
#2112=LINE('',#2108,#2110);
#2113=EDGE_CURVE('',#2109,#2103,#2112,.T.);
#2114=ORIENTED_EDGE('',*,*,#2102,.T.);
#2115=ORIENTED_EDGE('',*,*,#2107,.T.);
#2116=ORIENTED_EDGE('',*,*,#2113,.T.);
#2117=EDGE_LOOP('',(#2114,#2115,#2116));
#2118=FACE_BOUND('',#2117,.T.);
#2120=DIRECTION('',(-0.980785,0.000000,0.195093));
#2119=VECTOR('',#2120,0.329824);
#2122=CARTESIAN_POINT('',(735.6526,-316.0000,-245.0428));
#2121=LINE('',#2122,#2119);
#2124=VERTEX_POINT('',#2122);
#2123=EDGE_CURVE('',#2124,#1913,#2121,.T.);
#2126=DIRECTION('',(-0.997859,0.000000,-0.065408));
#2125=VECTOR('',#2126,0.329869);
#2127=LINE('',#1912,#2125);
#2129=CARTESIAN_POINT('',(735.0000,-316.0000,-245.0000));
#2130=VERTEX_POINT('',#2129);
#2128=EDGE_CURVE('',#1913,#2130,#2127,.T.);
#2132=DIRECTION('',(0.997860,0.000000,-0.065393));
#2131=VECTOR('',#2132,0.654049);
#2133=LINE('',#2129,#2131);
#2134=EDGE_CURVE('',#2130,#2124,#2133,.T.);
#2135=ORIENTED_EDGE('',*,*,#2123,.T.);
#2136=ORIENTED_EDGE('',*,*,#2128,.T.);
#2137=ORIENTED_EDGE('',*,*,#2134,.T.);
#2138=EDGE_LOOP('',(#2135,#2136,#2137));
#2139=FACE_BOUND('',#2138,.T.);
#2141=DIRECTION('',(0.997859,0.000000,0.065407));
#2140=VECTOR('',#2141,10.067395);
#2143=CARTESIAN_POINT('',(669.7051,-316.0000,-324.3639));
#2142=LINE('',#2143,#2140);
#2145=VERTEX_POINT('',#2143);
#2146=CARTESIAN_POINT('',(679.7510,-316.0000,-323.7054));
#2147=VERTEX_POINT('',#2146);
#2144=EDGE_CURVE('',#2145,#2147,#2142,.T.);
#2149=DIRECTION('',(0.997859,0.000000,0.065406));
#2148=VECTOR('',#2149,10.710984);
#2150=LINE('',#2146,#2148);
#2152=CARTESIAN_POINT('',(690.4390,-316.0000,-323.0048));
#2153=VERTEX_POINT('',#2152);
#2151=EDGE_CURVE('',#2147,#2153,#2150,.T.);
#2155=DIRECTION('',(-0.997859,0.000000,-0.065404));
#2154=VECTOR('',#2155,5.748086);
#2156=LINE('',#2152,#2154);
#2158=CARTESIAN_POINT('',(684.7032,-316.0000,-323.3808));
#2159=VERTEX_POINT('',#2158);
#2157=EDGE_CURVE('',#2153,#2159,#2156,.T.);
#2161=DIRECTION('',(-0.997859,0.000000,-0.065404));
#2160=VECTOR('',#2161,4.963203);
#2162=LINE('',#2158,#2160);
#2163=EDGE_CURVE('',#2159,#2147,#2162,.T.);
#2165=DIRECTION('',(-0.997858,0.000000,-0.065424));
#2164=VECTOR('',#2165,1.499673);
#2166=LINE('',#2146,#2164);
#2168=CARTESIAN_POINT('',(678.2542,-316.0000,-323.8035));
#2169=VERTEX_POINT('',#2168);
#2167=EDGE_CURVE('',#2147,#2169,#2166,.T.);
#2171=DIRECTION('',(-0.997859,0.000000,-0.065403));
#2170=VECTOR('',#2171,3.922338);
#2172=LINE('',#2168,#2170);
#2174=CARTESIAN_POINT('',(674.3403,-316.0000,-324.0600));
#2175=VERTEX_POINT('',#2174);
#2173=EDGE_CURVE('',#2169,#2175,#2172,.T.);
#2177=DIRECTION('',(-0.997858,0.000000,-0.065412));
#2176=VECTOR('',#2177,2.652776);
#2178=LINE('',#2174,#2176);
#2180=CARTESIAN_POINT('',(671.6932,-316.0000,-324.2336));
#2181=VERTEX_POINT('',#2180);
#2179=EDGE_CURVE('',#2175,#2181,#2178,.T.);
#2183=DIRECTION('',(-0.997859,0.000000,-0.065405));
#2182=VECTOR('',#2183,1.927956);
#2184=LINE('',#2180,#2182);
#2186=CARTESIAN_POINT('',(669.7693,-316.0000,-324.3596));
#2187=VERTEX_POINT('',#2186);
#2185=EDGE_CURVE('',#2181,#2187,#2184,.T.);
#2189=DIRECTION('',(-0.997856,0.000000,-0.065449));
#2188=VECTOR('',#2189,0.064347);
#2190=LINE('',#2186,#2188);
#2191=EDGE_CURVE('',#2187,#2145,#2190,.T.);
#2192=ORIENTED_EDGE('',*,*,#2144,.T.);
#2193=ORIENTED_EDGE('',*,*,#2151,.T.);
#2194=ORIENTED_EDGE('',*,*,#2157,.T.);
#2195=ORIENTED_EDGE('',*,*,#2163,.T.);
#2196=ORIENTED_EDGE('',*,*,#2167,.T.);
#2197=ORIENTED_EDGE('',*,*,#2173,.T.);
#2198=ORIENTED_EDGE('',*,*,#2179,.T.);
#2199=ORIENTED_EDGE('',*,*,#2185,.T.);
#2200=ORIENTED_EDGE('',*,*,#2191,.T.);
#2201=EDGE_LOOP('',(#2192,#2193,#2194,#2195,#2196,#2197,#2198,#2199,#2200));
#2202=FACE_BOUND('',#2201,.T.);
#2204=DIRECTION('',(0.997859,0.000000,0.065407));
#2203=VECTOR('',#2204,6.829810);
#2206=CARTESIAN_POINT('',(747.9352,-316.0000,-324.1521));
#2205=LINE('',#2206,#2203);
#2208=VERTEX_POINT('',#2206);
#2209=CARTESIAN_POINT('',(754.7504,-316.0000,-323.7054));
#2210=VERTEX_POINT('',#2209);
#2207=EDGE_CURVE('',#2208,#2210,#2205,.T.);
#2212=DIRECTION('',(0.997859,0.000000,0.065405));
#2211=VECTOR('',#2212,6.003210);
#2213=LINE('',#2209,#2211);
#2215=CARTESIAN_POINT('',(760.7408,-316.0000,-323.3128));
#2216=VERTEX_POINT('',#2215);
#2214=EDGE_CURVE('',#2210,#2216,#2213,.T.);
#2218=DIRECTION('',(-0.997858,0.000000,-0.065422));
#2217=VECTOR('',#2218,1.039764);
#2219=LINE('',#2215,#2217);
#2221=CARTESIAN_POINT('',(759.7032,-316.0000,-323.3808));
#2222=VERTEX_POINT('',#2221);
#2220=EDGE_CURVE('',#2216,#2222,#2219,.T.);
#2224=DIRECTION('',(-0.997859,0.000000,-0.065401));
#2223=VECTOR('',#2224,4.963446);
#2225=LINE('',#2221,#2223);
#2226=EDGE_CURVE('',#2222,#2210,#2225,.T.);
#2228=DIRECTION('',(-0.997858,0.000000,-0.065414));
#2227=VECTOR('',#2228,1.499427);
#2229=LINE('',#2209,#2227);
#2231=CARTESIAN_POINT('',(753.2542,-316.0000,-323.8035));
#2232=VERTEX_POINT('',#2231);
#2230=EDGE_CURVE('',#2210,#2232,#2229,.T.);
#2234=DIRECTION('',(-0.997858,0.000000,-0.065410));
#2233=VECTOR('',#2234,3.922340);
#2235=LINE('',#2231,#2233);
#2237=CARTESIAN_POINT('',(749.3403,-316.0000,-324.0601));
#2238=VERTEX_POINT('',#2237);
#2236=EDGE_CURVE('',#2232,#2238,#2235,.T.);
#2240=DIRECTION('',(-0.997860,0.000000,-0.065390));
#2239=VECTOR('',#2240,1.408043);
#2241=LINE('',#2237,#2239);
#2242=EDGE_CURVE('',#2238,#2208,#2241,.T.);
#2243=ORIENTED_EDGE('',*,*,#2207,.T.);
#2244=ORIENTED_EDGE('',*,*,#2214,.T.);
#2245=ORIENTED_EDGE('',*,*,#2220,.T.);
#2246=ORIENTED_EDGE('',*,*,#2226,.T.);
#2247=ORIENTED_EDGE('',*,*,#2230,.T.);
#2248=ORIENTED_EDGE('',*,*,#2236,.T.);
#2249=ORIENTED_EDGE('',*,*,#2242,.T.);
#2250=EDGE_LOOP('',(#2243,#2244,#2245,#2246,#2247,#2248,#2249));
#2251=FACE_BOUND('',#2250,.T.);
#2253=DIRECTION('',(0.997859,0.000000,0.065407));
#2252=VECTOR('',#2253,6.970676);
#2255=CARTESIAN_POINT('',(737.7492,-316.0000,-324.8198));
#2254=LINE('',#2255,#2252);
#2257=VERTEX_POINT('',#2255);
#2258=CARTESIAN_POINT('',(744.7050,-316.0000,-324.3639));
#2259=VERTEX_POINT('',#2258);
#2256=EDGE_CURVE('',#2257,#2259,#2254,.T.);
#2261=DIRECTION('',(0.997859,0.000000,0.065405));
#2260=VECTOR('',#2261,3.237217);
#2262=LINE('',#2258,#2260);
#2263=EDGE_CURVE('',#2259,#2208,#2262,.T.);
#2265=DIRECTION('',(-0.997858,0.000000,-0.065412));
#2264=VECTOR('',#2265,1.244731);
#2266=LINE('',#2206,#2264);
#2268=CARTESIAN_POINT('',(746.6932,-316.0000,-324.2336));
#2269=VERTEX_POINT('',#2268);
#2267=EDGE_CURVE('',#2208,#2269,#2266,.T.);
#2271=DIRECTION('',(-0.997859,0.000000,-0.065405));
#2270=VECTOR('',#2271,1.927956);
#2272=LINE('',#2268,#2270);
#2274=CARTESIAN_POINT('',(744.7693,-316.0000,-324.3596));
#2275=VERTEX_POINT('',#2274);
#2273=EDGE_CURVE('',#2269,#2275,#2272,.T.);
#2277=DIRECTION('',(-0.997868,0.000000,-0.065263));
#2276=VECTOR('',#2277,0.064530);
#2278=LINE('',#2274,#2276);
#2279=EDGE_CURVE('',#2275,#2259,#2278,.T.);
#2281=DIRECTION('',(-0.997858,0.000000,-0.065421));
#2280=VECTOR('',#2281,1.411104);
#2282=LINE('',#2258,#2280);
#2284=CARTESIAN_POINT('',(743.2969,-316.0000,-324.4562));
#2285=VERTEX_POINT('',#2284);
#2283=EDGE_CURVE('',#2259,#2285,#2282,.T.);
#2287=DIRECTION('',(-0.997860,0.000000,-0.065390));
#2286=VECTOR('',#2287,1.174694);
#2288=LINE('',#2284,#2286);
#2290=CARTESIAN_POINT('',(742.1247,-316.0000,-324.5330));
#2291=VERTEX_POINT('',#2290);
#2289=EDGE_CURVE('',#2285,#2291,#2288,.T.);
#2293=DIRECTION('',(-0.997858,0.000000,-0.065415));
#2292=VECTOR('',#2293,0.964774);
#2294=LINE('',#2290,#2292);
#2296=CARTESIAN_POINT('',(741.1620,-316.0000,-324.5961));
#2297=VERTEX_POINT('',#2296);
#2295=EDGE_CURVE('',#2291,#2297,#2294,.T.);
#2299=DIRECTION('',(-0.997857,0.000000,-0.065425));
#2298=VECTOR('',#2299,0.813021);
#2300=LINE('',#2296,#2298);
#2302=CARTESIAN_POINT('',(740.3507,-316.0000,-324.6493));
#2303=VERTEX_POINT('',#2302);
#2301=EDGE_CURVE('',#2297,#2303,#2300,.T.);
#2305=DIRECTION('',(-0.997859,0.000000,-0.065402));
#2304=VECTOR('',#2305,0.699924);
#2306=LINE('',#2302,#2304);
#2308=CARTESIAN_POINT('',(739.6523,-316.0000,-324.6951));
#2309=VERTEX_POINT('',#2308);
#2307=EDGE_CURVE('',#2303,#2309,#2306,.T.);
#2311=DIRECTION('',(-0.997860,0.000000,-0.065380));
#2310=VECTOR('',#2311,0.613801);
#2312=LINE('',#2308,#2310);
#2314=CARTESIAN_POINT('',(739.0398,-316.0000,-324.7352));
#2315=VERTEX_POINT('',#2314);
#2313=EDGE_CURVE('',#2309,#2315,#2312,.T.);
#2317=DIRECTION('',(-0.997857,0.000000,-0.065434));
#2316=VECTOR('',#2317,0.547071);
#2318=LINE('',#2314,#2316);
#2320=CARTESIAN_POINT('',(738.4939,-316.0000,-324.7710));
#2321=VERTEX_POINT('',#2320);
#2319=EDGE_CURVE('',#2315,#2321,#2318,.T.);
#2323=DIRECTION('',(-0.997859,0.000000,-0.065397));
#2322=VECTOR('',#2323,0.494650);
#2324=LINE('',#2320,#2322);
#2326=CARTESIAN_POINT('',(738.0003,-316.0000,-324.8033));
#2327=VERTEX_POINT('',#2326);
#2325=EDGE_CURVE('',#2321,#2327,#2324,.T.);
#2329=DIRECTION('',(-0.997861,0.000000,-0.065368));
#2328=VECTOR('',#2329,0.251637);
#2330=LINE('',#2326,#2328);
#2331=EDGE_CURVE('',#2327,#2257,#2330,.T.);
#2332=ORIENTED_EDGE('',*,*,#2256,.T.);
#2333=ORIENTED_EDGE('',*,*,#2263,.T.);
#2334=ORIENTED_EDGE('',*,*,#2267,.T.);
#2335=ORIENTED_EDGE('',*,*,#2273,.T.);
#2336=ORIENTED_EDGE('',*,*,#2279,.T.);
#2337=ORIENTED_EDGE('',*,*,#2283,.T.);
#2338=ORIENTED_EDGE('',*,*,#2289,.T.);
#2339=ORIENTED_EDGE('',*,*,#2295,.T.);
#2340=ORIENTED_EDGE('',*,*,#2301,.T.);
#2341=ORIENTED_EDGE('',*,*,#2307,.T.);
#2342=ORIENTED_EDGE('',*,*,#2313,.T.);
#2343=ORIENTED_EDGE('',*,*,#2319,.T.);
#2344=ORIENTED_EDGE('',*,*,#2325,.T.);
#2345=ORIENTED_EDGE('',*,*,#2331,.T.);
#2346=EDGE_LOOP('',(#2332,#2333,#2334,#2335,#2336,#2337,#2338,#2339,#2340,#2341,#2342,#2343,#2344,#2345));
#2347=FACE_BOUND('',#2346,.T.);
#2349=DIRECTION('',(0.997859,0.000000,0.065406));
#2348=VECTOR('',#2349,11.848124);
#2351=CARTESIAN_POINT('',(765.4392,-316.0000,-323.0048));
#2350=LINE('',#2351,#2348);
#2353=VERTEX_POINT('',#2351);
#2354=CARTESIAN_POINT('',(777.2620,-316.0000,-322.2299));
#2355=VERTEX_POINT('',#2354);
#2352=EDGE_CURVE('',#2353,#2355,#2350,.T.);
#2357=DIRECTION('',(-0.997859,0.000000,-0.065403));
#2356=VECTOR('',#2357,4.781784);
#2358=LINE('',#2354,#2356);
#2360=CARTESIAN_POINT('',(772.4904,-316.0000,-322.5426));
#2361=VERTEX_POINT('',#2360);
#2359=EDGE_CURVE('',#2355,#2361,#2358,.T.);
#2363=DIRECTION('',(-0.997859,0.000000,-0.065407));
#2362=VECTOR('',#2363,7.066340);
#2364=LINE('',#2360,#2362);
#2365=EDGE_CURVE('',#2361,#2353,#2364,.T.);
#2366=ORIENTED_EDGE('',*,*,#2352,.T.);
#2367=ORIENTED_EDGE('',*,*,#2359,.T.);
#2368=ORIENTED_EDGE('',*,*,#2365,.T.);
#2369=EDGE_LOOP('',(#2366,#2367,#2368));
#2370=FACE_BOUND('',#2369,.T.);
#2372=DIRECTION('',(0.997857,0.000000,0.065426));
#2371=VECTOR('',#2372,0.834001);
#2374=CARTESIAN_POINT('',(687.1573,-316.0000,-348.0309));
#2373=LINE('',#2374,#2371);
#2376=VERTEX_POINT('',#2374);
#2377=CARTESIAN_POINT('',(687.9895,-316.0000,-347.9763));
#2378=VERTEX_POINT('',#2377);
#2375=EDGE_CURVE('',#2376,#2378,#2373,.T.);
#2380=DIRECTION('',(0.997859,0.000000,0.065403));
#2379=VECTOR('',#2380,7.933735);
#2381=LINE('',#2377,#2379);
#2383=CARTESIAN_POINT('',(695.9063,-316.0000,-347.4574));
#2384=VERTEX_POINT('',#2383);
#2382=EDGE_CURVE('',#2378,#2384,#2381,.T.);
#2386=DIRECTION('',(-0.997858,0.000000,-0.065410));
#2385=VECTOR('',#2386,0.502480);
#2387=LINE('',#2383,#2385);
#2389=CARTESIAN_POINT('',(695.4048,-316.0000,-347.4903));
#2390=VERTEX_POINT('',#2389);
#2388=EDGE_CURVE('',#2384,#2390,#2387,.T.);
#2392=DIRECTION('',(-0.997859,0.000000,-0.065407));
#2391=VECTOR('',#2392,2.032428);
#2393=LINE('',#2389,#2391);
#2395=CARTESIAN_POINT('',(693.3768,-316.0000,-347.6232));
#2396=VERTEX_POINT('',#2395);
#2394=EDGE_CURVE('',#2390,#2396,#2393,.T.);
#2398=DIRECTION('',(-0.997859,0.000000,-0.065403));
#2397=VECTOR('',#2398,1.749779);
#2399=LINE('',#2395,#2397);
#2401=CARTESIAN_POINT('',(691.6307,-316.0000,-347.7377));
#2402=VERTEX_POINT('',#2401);
#2400=EDGE_CURVE('',#2396,#2402,#2399,.T.);
#2404=DIRECTION('',(-0.997860,0.000000,-0.065392));
#2403=VECTOR('',#2404,1.534473);
#2405=LINE('',#2401,#2403);
#2407=CARTESIAN_POINT('',(690.0995,-316.0000,-347.8380));
#2408=VERTEX_POINT('',#2407);
#2406=EDGE_CURVE('',#2402,#2408,#2405,.T.);
#2410=DIRECTION('',(-0.997858,0.000000,-0.065420));
#2409=VECTOR('',#2410,1.367737);
#2411=LINE('',#2407,#2409);
#2413=CARTESIAN_POINT('',(688.7347,-316.0000,-347.9275));
#2414=VERTEX_POINT('',#2413);
#2412=EDGE_CURVE('',#2408,#2414,#2411,.T.);
#2416=DIRECTION('',(-0.997860,0.000000,-0.065380));
#2415=VECTOR('',#2416,0.746837);
#2417=LINE('',#2413,#2415);
#2418=EDGE_CURVE('',#2414,#2378,#2417,.T.);
#2420=DIRECTION('',(-0.997858,0.000000,-0.065419));
#2419=VECTOR('',#2420,0.489819);
#2421=LINE('',#2377,#2419);
#2423=CARTESIAN_POINT('',(687.5007,-316.0000,-348.0084));
#2424=VERTEX_POINT('',#2423);
#2422=EDGE_CURVE('',#2378,#2424,#2421,.T.);
#2426=DIRECTION('',(-0.997857,0.000000,-0.065436));
#2425=VECTOR('',#2426,0.344182);
#2427=LINE('',#2423,#2425);
#2428=EDGE_CURVE('',#2424,#2376,#2427,.T.);
#2429=ORIENTED_EDGE('',*,*,#2375,.T.);
#2430=ORIENTED_EDGE('',*,*,#2382,.T.);
#2431=ORIENTED_EDGE('',*,*,#2388,.T.);
#2432=ORIENTED_EDGE('',*,*,#2394,.T.);
#2433=ORIENTED_EDGE('',*,*,#2400,.T.);
#2434=ORIENTED_EDGE('',*,*,#2406,.T.);
#2435=ORIENTED_EDGE('',*,*,#2412,.T.);
#2436=ORIENTED_EDGE('',*,*,#2418,.T.);
#2437=ORIENTED_EDGE('',*,*,#2422,.T.);
#2438=ORIENTED_EDGE('',*,*,#2428,.T.);
#2439=EDGE_LOOP('',(#2429,#2430,#2431,#2432,#2433,#2434,#2435,#2436,#2437,#2438));
#2440=FACE_BOUND('',#2439,.T.);
#2442=DIRECTION('',(0.997859,0.000000,0.065405));
#2441=VECTOR('',#2442,9.163909);
#2444=CARTESIAN_POINT('',(734.5953,-316.0000,-320.1105));
#2443=LINE('',#2444,#2441);
#2446=VERTEX_POINT('',#2444);
#2447=CARTESIAN_POINT('',(743.7396,-316.0000,-319.5111));
#2448=VERTEX_POINT('',#2447);
#2445=EDGE_CURVE('',#2446,#2448,#2443,.T.);
#2450=DIRECTION('',(-0.997859,0.000000,-0.065406));
#2449=VECTOR('',#2450,8.124636);
#2451=LINE('',#2447,#2449);
#2453=CARTESIAN_POINT('',(735.6324,-316.0000,-320.0425));
#2454=VERTEX_POINT('',#2453);
#2452=EDGE_CURVE('',#2448,#2454,#2451,.T.);
#2456=DIRECTION('',(-0.997859,0.000000,-0.065394));
#2455=VECTOR('',#2456,1.039273);
#2457=LINE('',#2453,#2455);
#2458=EDGE_CURVE('',#2454,#2446,#2457,.T.);
#2459=ORIENTED_EDGE('',*,*,#2445,.T.);
#2460=ORIENTED_EDGE('',*,*,#2452,.T.);
#2461=ORIENTED_EDGE('',*,*,#2458,.T.);
#2462=EDGE_LOOP('',(#2459,#2460,#2461));
#2463=FACE_BOUND('',#2462,.T.);
#2465=DIRECTION('',(0.997858,0.000000,0.065415));
#2464=VECTOR('',#2465,1.969673);
#2467=CARTESIAN_POINT('',(700.3259,-316.0000,-347.1678));
#2466=LINE('',#2467,#2464);
#2469=VERTEX_POINT('',#2467);
#2470=CARTESIAN_POINT('',(702.2913,-316.0000,-347.0389));
#2471=VERTEX_POINT('',#2470);
#2468=EDGE_CURVE('',#2469,#2471,#2466,.T.);
#2473=DIRECTION('',(0.997859,0.000000,0.065401));
#2472=VECTOR('',#2473,6.186952);
#2474=LINE('',#2470,#2472);
#2476=CARTESIAN_POINT('',(708.4650,-316.0000,-346.6343));
#2477=VERTEX_POINT('',#2476);
#2475=EDGE_CURVE('',#2471,#2477,#2474,.T.);
#2479=DIRECTION('',(0.997859,0.000000,0.065401));
#2478=VECTOR('',#2479,2.260332);
#2480=LINE('',#2476,#2478);
#2482=CARTESIAN_POINT('',(710.7205,-316.0000,-346.4865));
#2483=VERTEX_POINT('',#2482);
#2481=EDGE_CURVE('',#2477,#2483,#2480,.T.);
#2485=DIRECTION('',(-0.997859,0.000000,-0.065398));
#2484=VECTOR('',#2485,1.490924);
#2486=LINE('',#2482,#2484);
#2488=CARTESIAN_POINT('',(709.2328,-316.0000,-346.5840));
#2489=VERTEX_POINT('',#2488);
#2487=EDGE_CURVE('',#2483,#2489,#2486,.T.);
#2491=DIRECTION('',(-0.997859,0.000000,-0.065405));
#2490=VECTOR('',#2491,0.769409);
#2492=LINE('',#2488,#2490);
#2493=EDGE_CURVE('',#2489,#2477,#2492,.T.);
#2495=DIRECTION('',(-0.997859,0.000000,-0.065399));
#2494=VECTOR('',#2495,4.050419);
#2496=LINE('',#2476,#2494);
#2498=CARTESIAN_POINT('',(704.4233,-316.0000,-346.8992));
#2499=VERTEX_POINT('',#2498);
#2497=EDGE_CURVE('',#2477,#2499,#2496,.T.);
#2501=DIRECTION('',(-0.997859,0.000000,-0.065405));
#2500=VECTOR('',#2501,2.136533);
#2502=LINE('',#2498,#2500);
#2503=EDGE_CURVE('',#2499,#2471,#2502,.T.);
#2505=DIRECTION('',(-0.997859,0.000000,-0.065403));
#2504=VECTOR('',#2505,1.552396);
#2506=LINE('',#2470,#2504);
#2508=CARTESIAN_POINT('',(700.7422,-316.0000,-347.1404));
#2509=VERTEX_POINT('',#2508);
#2507=EDGE_CURVE('',#2471,#2509,#2506,.T.);
#2511=DIRECTION('',(-0.997855,0.000000,-0.065456));
#2510=VECTOR('',#2511,0.417277);
#2512=LINE('',#2508,#2510);
#2513=EDGE_CURVE('',#2509,#2469,#2512,.T.);
#2514=ORIENTED_EDGE('',*,*,#2468,.T.);
#2515=ORIENTED_EDGE('',*,*,#2475,.T.);
#2516=ORIENTED_EDGE('',*,*,#2481,.T.);
#2517=ORIENTED_EDGE('',*,*,#2487,.T.);
#2518=ORIENTED_EDGE('',*,*,#2493,.T.);
#2519=ORIENTED_EDGE('',*,*,#2497,.T.);
#2520=ORIENTED_EDGE('',*,*,#2503,.T.);
#2521=ORIENTED_EDGE('',*,*,#2507,.T.);
#2522=ORIENTED_EDGE('',*,*,#2513,.T.);
#2523=EDGE_LOOP('',(#2514,#2515,#2516,#2517,#2518,#2519,#2520,#2521,#2522));
#2524=FACE_BOUND('',#2523,.T.);
#2526=DIRECTION('',(0.997859,0.000000,0.065405));
#2525=VECTOR('',#2526,6.970920);
#2528=CARTESIAN_POINT('',(662.7491,-316.0000,-324.8198));
#2527=LINE('',#2528,#2525);
#2530=VERTEX_POINT('',#2528);
#2529=EDGE_CURVE('',#2530,#2145,#2527,.T.);
#2532=DIRECTION('',(-0.997858,0.000000,-0.065412));
#2531=VECTOR('',#2532,1.411287);
#2533=LINE('',#2143,#2531);
#2535=CARTESIAN_POINT('',(668.2969,-316.0000,-324.4562));
#2536=VERTEX_POINT('',#2535);
#2534=EDGE_CURVE('',#2145,#2536,#2533,.T.);
#2538=DIRECTION('',(-0.997860,0.000000,-0.065390));
#2537=VECTOR('',#2538,1.174694);
#2539=LINE('',#2535,#2537);
#2541=CARTESIAN_POINT('',(667.1247,-316.0000,-324.5330));
#2542=VERTEX_POINT('',#2541);
#2540=EDGE_CURVE('',#2536,#2542,#2539,.T.);
#2544=DIRECTION('',(-0.997858,0.000000,-0.065415));
#2543=VECTOR('',#2544,0.964774);
#2545=LINE('',#2541,#2543);
#2547=CARTESIAN_POINT('',(666.1620,-316.0000,-324.5961));
#2548=VERTEX_POINT('',#2547);
#2546=EDGE_CURVE('',#2542,#2548,#2545,.T.);
#2550=DIRECTION('',(-0.997857,0.000000,-0.065425));
#2549=VECTOR('',#2550,0.813021);
#2551=LINE('',#2547,#2549);
#2553=CARTESIAN_POINT('',(665.3507,-316.0000,-324.6493));
#2554=VERTEX_POINT('',#2553);
#2552=EDGE_CURVE('',#2548,#2554,#2551,.T.);
#2556=DIRECTION('',(-0.997859,0.000000,-0.065402));
#2555=VECTOR('',#2556,0.699924);
#2557=LINE('',#2553,#2555);
#2559=CARTESIAN_POINT('',(664.6523,-316.0000,-324.6951));
#2560=VERTEX_POINT('',#2559);
#2558=EDGE_CURVE('',#2554,#2560,#2557,.T.);
#2562=DIRECTION('',(-0.997860,0.000000,-0.065380));
#2561=VECTOR('',#2562,0.613801);
#2563=LINE('',#2559,#2561);
#2565=CARTESIAN_POINT('',(664.0398,-316.0000,-324.7352));
#2566=VERTEX_POINT('',#2565);
#2564=EDGE_CURVE('',#2560,#2566,#2563,.T.);
#2568=DIRECTION('',(-0.997857,0.000000,-0.065434));
#2567=VECTOR('',#2568,0.547071);
#2569=LINE('',#2565,#2567);
#2571=CARTESIAN_POINT('',(663.4939,-316.0000,-324.7710));
#2572=VERTEX_POINT('',#2571);
#2570=EDGE_CURVE('',#2566,#2572,#2569,.T.);
#2574=DIRECTION('',(-0.997859,0.000000,-0.065397));
#2573=VECTOR('',#2574,0.494650);
#2575=LINE('',#2571,#2573);
#2577=CARTESIAN_POINT('',(663.0003,-316.0000,-324.8033));
#2578=VERTEX_POINT('',#2577);
#2576=EDGE_CURVE('',#2572,#2578,#2575,.T.);
#2580=DIRECTION('',(-0.997862,0.000000,-0.065352));
#2579=VECTOR('',#2580,0.251698);
#2581=LINE('',#2577,#2579);
#2582=EDGE_CURVE('',#2578,#2530,#2581,.T.);
#2583=ORIENTED_EDGE('',*,*,#2529,.T.);
#2584=ORIENTED_EDGE('',*,*,#2534,.T.);
#2585=ORIENTED_EDGE('',*,*,#2540,.T.);
#2586=ORIENTED_EDGE('',*,*,#2546,.T.);
#2587=ORIENTED_EDGE('',*,*,#2552,.T.);
#2588=ORIENTED_EDGE('',*,*,#2558,.T.);
#2589=ORIENTED_EDGE('',*,*,#2564,.T.);
#2590=ORIENTED_EDGE('',*,*,#2570,.T.);
#2591=ORIENTED_EDGE('',*,*,#2576,.T.);
#2592=ORIENTED_EDGE('',*,*,#2582,.T.);
#2593=EDGE_LOOP('',(#2583,#2584,#2585,#2586,#2587,#2588,#2589,#2590,#2591,#2592));
#2594=FACE_BOUND('',#2593,.T.);
#2596=DIRECTION('',(0.997859,0.000000,0.065397));
#2595=VECTOR('',#2596,2.691186);
#2598=CARTESIAN_POINT('',(741.0771,-316.0000,-344.4967));
#2597=LINE('',#2598,#2595);
#2600=VERTEX_POINT('',#2598);
#2601=CARTESIAN_POINT('',(743.7626,-316.0000,-344.3207));
#2602=VERTEX_POINT('',#2601);
#2599=EDGE_CURVE('',#2600,#2602,#2597,.T.);
#2604=DIRECTION('',(-0.997859,0.000000,-0.065407));
#2603=VECTOR('',#2604,2.009552);
#2605=LINE('',#2601,#2603);
#2607=CARTESIAN_POINT('',(741.7573,-316.0000,-344.4521));
#2608=VERTEX_POINT('',#2607);
#2606=EDGE_CURVE('',#2602,#2608,#2605,.T.);
#2610=DIRECTION('',(-0.997861,0.000000,-0.065366));
#2609=VECTOR('',#2610,0.681634);
#2611=LINE('',#2607,#2609);
#2612=EDGE_CURVE('',#2608,#2600,#2611,.T.);
#2613=ORIENTED_EDGE('',*,*,#2599,.T.);
#2614=ORIENTED_EDGE('',*,*,#2606,.T.);
#2615=ORIENTED_EDGE('',*,*,#2612,.T.);
#2616=EDGE_LOOP('',(#2613,#2614,#2615));
#2617=FACE_BOUND('',#2616,.T.);
#2619=DIRECTION('',(0.997859,0.000000,0.065405));
#2618=VECTOR('',#2619,2.409028);
#2621=CARTESIAN_POINT('',(724.4399,-316.0000,-345.5872));
#2620=LINE('',#2621,#2618);
#2623=VERTEX_POINT('',#2621);
#2624=CARTESIAN_POINT('',(726.8438,-316.0000,-345.4296));
#2625=VERTEX_POINT('',#2624);
#2622=EDGE_CURVE('',#2623,#2625,#2620,.T.);
#2627=DIRECTION('',(-0.997858,0.000000,-0.065418));
#2626=VECTOR('',#2627,1.211029);
#2628=LINE('',#2624,#2626);
#2630=CARTESIAN_POINT('',(725.6354,-316.0000,-345.5089));
#2631=VERTEX_POINT('',#2630);
#2629=EDGE_CURVE('',#2625,#2631,#2628,.T.);
#2633=DIRECTION('',(-0.997860,0.000000,-0.065391));
#2632=VECTOR('',#2633,1.197999);
#2634=LINE('',#2630,#2632);
#2635=EDGE_CURVE('',#2631,#2623,#2634,.T.);
#2636=ORIENTED_EDGE('',*,*,#2622,.T.);
#2637=ORIENTED_EDGE('',*,*,#2629,.T.);
#2638=ORIENTED_EDGE('',*,*,#2635,.T.);
#2639=EDGE_LOOP('',(#2636,#2637,#2638));
#2640=FACE_BOUND('',#2639,.T.);
#2642=DIRECTION('',(0.997859,0.000000,0.065400));
#2641=VECTOR('',#2642,3.667703);
#2644=CARTESIAN_POINT('',(696.6660,-316.0000,-347.4076));
#2643=LINE('',#2644,#2641);
#2646=VERTEX_POINT('',#2644);
#2645=EDGE_CURVE('',#2646,#2469,#2643,.T.);
#2648=DIRECTION('',(-0.997859,0.000000,-0.065396));
#2647=VECTOR('',#2648,2.519492);
#2649=LINE('',#2467,#2647);
#2651=CARTESIAN_POINT('',(697.8118,-316.0000,-347.3325));
#2652=VERTEX_POINT('',#2651);
#2650=EDGE_CURVE('',#2469,#2652,#2649,.T.);
#2654=DIRECTION('',(-0.997859,0.000000,-0.065409));
#2653=VECTOR('',#2654,1.148211);
#2655=LINE('',#2651,#2653);
#2656=EDGE_CURVE('',#2652,#2646,#2655,.T.);
#2657=ORIENTED_EDGE('',*,*,#2645,.T.);
#2658=ORIENTED_EDGE('',*,*,#2650,.T.);
#2659=ORIENTED_EDGE('',*,*,#2656,.T.);
#2660=EDGE_LOOP('',(#2657,#2658,#2659));
#2661=FACE_BOUND('',#2660,.T.);
#2663=DIRECTION('',(0.997859,0.000000,0.065394));
#2662=VECTOR('',#2663,1.961413);
#2665=CARTESIAN_POINT('',(772.9861,-316.0000,-342.4052));
#2664=LINE('',#2665,#2662);
#2667=VERTEX_POINT('',#2665);
#2668=CARTESIAN_POINT('',(774.9433,-316.0000,-342.2770));
#2669=VERTEX_POINT('',#2668);
#2666=EDGE_CURVE('',#2667,#2669,#2664,.T.);
#2671=DIRECTION('',(-0.997859,0.000000,-0.065407));
#2670=VECTOR('',#2671,1.220570);
#2672=LINE('',#2668,#2670);
#2674=CARTESIAN_POINT('',(773.7253,-316.0000,-342.3568));
#2675=VERTEX_POINT('',#2674);
#2673=EDGE_CURVE('',#2669,#2675,#2672,.T.);
#2677=DIRECTION('',(-0.997861,0.000000,-0.065373));
#2676=VECTOR('',#2677,0.740843);
#2678=LINE('',#2674,#2676);
#2679=EDGE_CURVE('',#2675,#2667,#2678,.T.);
#2680=ORIENTED_EDGE('',*,*,#2666,.T.);
#2681=ORIENTED_EDGE('',*,*,#2673,.T.);
#2682=ORIENTED_EDGE('',*,*,#2679,.T.);
#2683=EDGE_LOOP('',(#2680,#2681,#2682));
#2684=FACE_BOUND('',#2683,.T.);
#2686=DIRECTION('',(0.997859,0.000000,0.065401));
#2685=VECTOR('',#2686,2.474964);
#2688=CARTESIAN_POINT('',(715.6749,-316.0000,-346.1617));
#2687=LINE('',#2688,#2685);
#2690=VERTEX_POINT('',#2688);
#2691=CARTESIAN_POINT('',(718.1445,-316.0000,-345.9998));
#2692=VERTEX_POINT('',#2691);
#2689=EDGE_CURVE('',#2690,#2692,#2687,.T.);
#2694=DIRECTION('',(-0.997859,0.000000,-0.065406));
#2693=VECTOR('',#2694,2.298868);
#2695=LINE('',#2691,#2693);
#2697=CARTESIAN_POINT('',(715.8506,-316.0000,-346.1502));
#2698=VERTEX_POINT('',#2697);
#2696=EDGE_CURVE('',#2692,#2698,#2695,.T.);
#2700=DIRECTION('',(-0.997863,0.000000,-0.065334));
#2699=VECTOR('',#2700,0.176096);
#2701=LINE('',#2697,#2699);
#2702=EDGE_CURVE('',#2698,#2690,#2701,.T.);
#2703=ORIENTED_EDGE('',*,*,#2689,.T.);
#2704=ORIENTED_EDGE('',*,*,#2696,.T.);
#2705=ORIENTED_EDGE('',*,*,#2702,.T.);
#2706=EDGE_LOOP('',(#2703,#2704,#2705));
#2707=FACE_BOUND('',#2706,.T.);
#2709=DIRECTION('',(0.997859,0.000000,0.065405));
#2708=VECTOR('',#2709,8.745777);
#2711=CARTESIAN_POINT('',(693.5349,-316.0000,-322.8019));
#2710=LINE('',#2711,#2708);
#2713=VERTEX_POINT('',#2711);
#2714=CARTESIAN_POINT('',(702.2619,-316.0000,-322.2299));
#2715=VERTEX_POINT('',#2714);
#2712=EDGE_CURVE('',#2713,#2715,#2710,.T.);
#2717=DIRECTION('',(-0.997859,0.000000,-0.065406));
#2716=VECTOR('',#2717,4.781601);
#2718=LINE('',#2714,#2716);
#2720=CARTESIAN_POINT('',(697.4905,-316.0000,-322.5426));
#2721=VERTEX_POINT('',#2720);
#2719=EDGE_CURVE('',#2715,#2721,#2718,.T.);
#2723=DIRECTION('',(-0.997859,0.000000,-0.065405));
#2722=VECTOR('',#2723,3.964177);
#2724=LINE('',#2720,#2722);
#2725=EDGE_CURVE('',#2721,#2713,#2724,.T.);
#2726=ORIENTED_EDGE('',*,*,#2712,.T.);
#2727=ORIENTED_EDGE('',*,*,#2719,.T.);
#2728=ORIENTED_EDGE('',*,*,#2725,.T.);
#2729=EDGE_LOOP('',(#2726,#2727,#2728));
#2730=FACE_BOUND('',#2729,.T.);
#2733=DIRECTION('',(0.000000,-1.000000,0.000000));
#2734=DIRECTION('',(0.000000,0.000000,-1.000000));
#2732=AXIS2_PLACEMENT_3D('',#123,#2733,#2734);
#2731=PLANE('',#2732);
#2735=ADVANCED_FACE('',(#756,#1094,#1120,#1409,#1740,#1775,#1810,#1845,#1873,#1901,#1943,#1978,#2013,#2034,#2055,#2076,#2097,#2118,#2139,#2202,#2251,#2347,#2370,#2440,#2463,#2524,#2594,#2617,#2640,#2661,#2684,#2707,#2730),#2731,.T.);
#2737=DIRECTION('',(0.000000,1.000000,0.000000));
#2736=VECTOR('',#2737,14.932678);
#2738=LINE('',#34,#2736);
#2740=CARTESIAN_POINT('',(803.0000,-301.0673,-230.0000));
#2741=VERTEX_POINT('',#2740);
#2739=EDGE_CURVE('',#36,#2741,#2738,.T.);
#2743=DIRECTION('',(-0.997859,-0.065404,0.000000));
#2742=VECTOR('',#2743,62.233472);
#2744=LINE('',#2740,#2742);
#2746=CARTESIAN_POINT('',(740.8998,-305.1377,-230.0000));
#2747=VERTEX_POINT('',#2746);
#2745=EDGE_CURVE('',#2741,#2747,#2744,.T.);
#2749=DIRECTION('',(-0.442281,0.896876,0.000000));
#2748=VECTOR('',#2749,2.562537);
#2750=LINE('',#2746,#2748);
#2752=CARTESIAN_POINT('',(739.7664,-302.8394,-230.0000));
#2753=VERTEX_POINT('',#2752);
#2751=EDGE_CURVE('',#2747,#2753,#2750,.T.);
#2755=DIRECTION('',(0.321438,-0.946931,0.000000));
#2754=VECTOR('',#2755,2.450995);
#2756=LINE('',#2752,#2754);
#2758=CARTESIAN_POINT('',(740.5543,-305.1603,-230.0000));
#2759=VERTEX_POINT('',#2758);
#2757=EDGE_CURVE('',#2753,#2759,#2756,.T.);
#2761=DIRECTION('',(-0.321435,0.946932,0.000000));
#2760=VECTOR('',#2761,2.908822);
#2762=LINE('',#2758,#2760);
#2764=CARTESIAN_POINT('',(739.6193,-302.4059,-230.0000));
#2765=VERTEX_POINT('',#2764);
#2763=EDGE_CURVE('',#2759,#2765,#2762,.T.);
#2767=DIRECTION('',(-0.195052,0.980793,0.000000));
#2766=VECTOR('',#2767,0.457798);
#2768=LINE('',#2764,#2766);
#2770=CARTESIAN_POINT('',(739.5300,-301.9568,-230.0000));
#2771=VERTEX_POINT('',#2770);
#2769=EDGE_CURVE('',#2765,#2771,#2768,.T.);
#2773=DIRECTION('',(-0.065457,0.997855,0.000000));
#2772=VECTOR('',#2773,0.457830);
#2774=LINE('',#2770,#2772);
#2776=CARTESIAN_POINT('',(739.5000,-301.5000,-230.0000));
#2777=VERTEX_POINT('',#2776);
#2775=EDGE_CURVE('',#2771,#2777,#2774,.T.);
#2779=DIRECTION('',(0.065457,0.997855,0.000000));
#2778=VECTOR('',#2779,0.457830);
#2780=LINE('',#2776,#2778);
#2782=CARTESIAN_POINT('',(739.5300,-301.0432,-230.0000));
#2783=VERTEX_POINT('',#2782);
#2781=EDGE_CURVE('',#2777,#2783,#2780,.T.);
#2785=DIRECTION('',(0.195052,0.980793,0.000000));
#2784=VECTOR('',#2785,0.457798);
#2786=LINE('',#2782,#2784);
#2788=CARTESIAN_POINT('',(739.6193,-300.5941,-230.0000));
#2789=VERTEX_POINT('',#2788);
#2787=EDGE_CURVE('',#2783,#2789,#2786,.T.);
#2791=DIRECTION('',(0.321422,0.946936,0.000000));
#2790=VECTOR('',#2791,0.457827);
#2792=LINE('',#2788,#2790);
#2794=CARTESIAN_POINT('',(739.7664,-300.1606,-230.0000));
#2795=VERTEX_POINT('',#2794);
#2793=EDGE_CURVE('',#2789,#2795,#2792,.T.);
#2797=DIRECTION('',(0.442328,0.896853,0.000000));
#2796=VECTOR('',#2797,0.457838);
#2798=LINE('',#2794,#2796);
#2800=CARTESIAN_POINT('',(739.9689,-299.7500,-230.0000));
#2801=VERTEX_POINT('',#2800);
#2799=EDGE_CURVE('',#2795,#2801,#2798,.T.);
#2803=DIRECTION('',(0.555531,0.831496,0.000000));
#2802=VECTOR('',#2803,0.457821);
#2804=LINE('',#2800,#2802);
#2806=CARTESIAN_POINT('',(740.2233,-299.3693,-230.0000));
#2807=VERTEX_POINT('',#2806);
#2805=EDGE_CURVE('',#2801,#2807,#2804,.T.);
#2809=DIRECTION('',(0.659368,0.751821,0.000000));
#2808=VECTOR('',#2809,0.457832);
#2810=LINE('',#2806,#2808);
#2812=CARTESIAN_POINT('',(740.5251,-299.0251,-230.0000));
#2813=VERTEX_POINT('',#2812);
#2811=EDGE_CURVE('',#2807,#2813,#2810,.T.);
#2815=DIRECTION('',(0.751825,0.659363,0.000000));
#2814=VECTOR('',#2815,0.457789);
#2816=LINE('',#2812,#2814);
#2818=CARTESIAN_POINT('',(740.8693,-298.7233,-230.0000));
#2819=VERTEX_POINT('',#2818);
#2817=EDGE_CURVE('',#2813,#2819,#2816,.T.);
#2821=DIRECTION('',(0.831465,0.555577,0.000000));
#2820=VECTOR('',#2821,0.457838);
#2822=LINE('',#2818,#2820);
#2824=CARTESIAN_POINT('',(741.2500,-298.4689,-230.0000));
#2825=VERTEX_POINT('',#2824);
#2823=EDGE_CURVE('',#2819,#2825,#2822,.T.);
#2827=DIRECTION('',(0.896867,0.442301,0.000000));
#2826=VECTOR('',#2827,0.457798);
#2828=LINE('',#2824,#2826);
#2830=CARTESIAN_POINT('',(741.6606,-298.2664,-230.0000));
#2831=VERTEX_POINT('',#2830);
#2829=EDGE_CURVE('',#2825,#2831,#2828,.T.);
#2833=DIRECTION('',(0.946936,0.321422,0.000000));
#2832=VECTOR('',#2833,0.457827);
#2834=LINE('',#2830,#2832);
#2836=CARTESIAN_POINT('',(742.0941,-298.1193,-230.0000));
#2837=VERTEX_POINT('',#2836);
#2835=EDGE_CURVE('',#2831,#2837,#2834,.T.);
#2839=DIRECTION('',(0.980783,0.195103,0.000000));
#2838=VECTOR('',#2839,0.457834);
#2840=LINE('',#2836,#2838);
#2842=CARTESIAN_POINT('',(742.5432,-298.0299,-230.0000));
#2843=VERTEX_POINT('',#2842);
#2841=EDGE_CURVE('',#2837,#2843,#2840,.T.);
#2845=DIRECTION('',(0.997860,0.065391,0.000000));
#2844=VECTOR('',#2845,0.457828);
#2846=LINE('',#2842,#2844);
#2848=CARTESIAN_POINT('',(743.0000,-298.0000,-230.0000));
#2849=VERTEX_POINT('',#2848);
#2847=EDGE_CURVE('',#2843,#2849,#2846,.T.);
#2851=DIRECTION('',(0.997860,-0.065391,0.000000));
#2850=VECTOR('',#2851,0.457828);
#2852=LINE('',#2848,#2850);
#2854=CARTESIAN_POINT('',(743.4568,-298.0299,-230.0000));
#2855=VERTEX_POINT('',#2854);
#2853=EDGE_CURVE('',#2849,#2855,#2852,.T.);
#2857=DIRECTION('',(0.980783,-0.195103,0.000000));
#2856=VECTOR('',#2857,0.457834);
#2858=LINE('',#2854,#2856);
#2860=CARTESIAN_POINT('',(743.9059,-298.1193,-230.0000));
#2861=VERTEX_POINT('',#2860);
#2859=EDGE_CURVE('',#2855,#2861,#2858,.T.);
#2863=DIRECTION('',(0.946936,-0.321422,0.000000));
#2862=VECTOR('',#2863,0.457827);
#2864=LINE('',#2860,#2862);
#2866=CARTESIAN_POINT('',(744.3394,-298.2664,-230.0000));
#2867=VERTEX_POINT('',#2866);
#2865=EDGE_CURVE('',#2861,#2867,#2864,.T.);
#2869=DIRECTION('',(0.896867,-0.442301,0.000000));
#2868=VECTOR('',#2869,0.457798);
#2870=LINE('',#2866,#2868);
#2872=CARTESIAN_POINT('',(744.7500,-298.4689,-230.0000));
#2873=VERTEX_POINT('',#2872);
#2871=EDGE_CURVE('',#2867,#2873,#2870,.T.);
#2875=DIRECTION('',(0.831465,-0.555577,0.000000));
#2874=VECTOR('',#2875,0.457838);
#2876=LINE('',#2872,#2874);
#2878=CARTESIAN_POINT('',(745.1307,-298.7233,-230.0000));
#2879=VERTEX_POINT('',#2878);
#2877=EDGE_CURVE('',#2873,#2879,#2876,.T.);
#2881=DIRECTION('',(0.751825,-0.659363,0.000000));
#2880=VECTOR('',#2881,0.457789);
#2882=LINE('',#2878,#2880);
#2884=CARTESIAN_POINT('',(745.4749,-299.0251,-230.0000));
#2885=VERTEX_POINT('',#2884);
#2883=EDGE_CURVE('',#2879,#2885,#2882,.T.);
#2887=DIRECTION('',(0.659368,-0.751821,0.000000));
#2886=VECTOR('',#2887,0.457832);
#2888=LINE('',#2884,#2886);
#2890=CARTESIAN_POINT('',(745.7767,-299.3693,-230.0000));
#2891=VERTEX_POINT('',#2890);
#2889=EDGE_CURVE('',#2885,#2891,#2888,.T.);
#2893=DIRECTION('',(0.555531,-0.831496,0.000000));
#2892=VECTOR('',#2893,0.457821);
#2894=LINE('',#2890,#2892);
#2896=CARTESIAN_POINT('',(746.0311,-299.7500,-230.0000));
#2897=VERTEX_POINT('',#2896);
#2895=EDGE_CURVE('',#2891,#2897,#2894,.T.);
#2899=DIRECTION('',(0.442328,-0.896853,0.000000));
#2898=VECTOR('',#2899,0.457838);
#2900=LINE('',#2896,#2898);
#2902=CARTESIAN_POINT('',(746.2336,-300.1606,-230.0000));
#2903=VERTEX_POINT('',#2902);
#2901=EDGE_CURVE('',#2897,#2903,#2900,.T.);
#2905=DIRECTION('',(0.321422,-0.946936,0.000000));
#2904=VECTOR('',#2905,0.457827);
#2906=LINE('',#2902,#2904);
#2908=CARTESIAN_POINT('',(746.3807,-300.5941,-230.0000));
#2909=VERTEX_POINT('',#2908);
#2907=EDGE_CURVE('',#2903,#2909,#2906,.T.);
#2911=DIRECTION('',(0.195052,-0.980793,0.000000));
#2910=VECTOR('',#2911,0.457798);
#2912=LINE('',#2908,#2910);
#2914=CARTESIAN_POINT('',(746.4700,-301.0432,-230.0000));
#2915=VERTEX_POINT('',#2914);
#2913=EDGE_CURVE('',#2909,#2915,#2912,.T.);
#2917=DIRECTION('',(0.065457,-0.997855,0.000000));
#2916=VECTOR('',#2917,0.457830);
#2918=LINE('',#2914,#2916);
#2920=CARTESIAN_POINT('',(746.5000,-301.5000,-230.0000));
#2921=VERTEX_POINT('',#2920);
#2919=EDGE_CURVE('',#2915,#2921,#2918,.T.);
#2923=DIRECTION('',(-0.065457,-0.997855,0.000000));
#2922=VECTOR('',#2923,0.457830);
#2924=LINE('',#2920,#2922);
#2926=CARTESIAN_POINT('',(746.4700,-301.9568,-230.0000));
#2927=VERTEX_POINT('',#2926);
#2925=EDGE_CURVE('',#2921,#2927,#2924,.T.);
#2929=DIRECTION('',(-0.195052,-0.980793,0.000000));
#2928=VECTOR('',#2929,0.457798);
#2930=LINE('',#2926,#2928);
#2932=CARTESIAN_POINT('',(746.3807,-302.4059,-230.0000));
#2933=VERTEX_POINT('',#2932);
#2931=EDGE_CURVE('',#2927,#2933,#2930,.T.);
#2935=DIRECTION('',(-0.321422,-0.946936,0.000000));
#2934=VECTOR('',#2935,0.457827);
#2936=LINE('',#2932,#2934);
#2938=CARTESIAN_POINT('',(746.2336,-302.8394,-230.0000));
#2939=VERTEX_POINT('',#2938);
#2937=EDGE_CURVE('',#2933,#2939,#2936,.T.);
#2941=DIRECTION('',(-0.442328,-0.896853,0.000000));
#2940=VECTOR('',#2941,0.457838);
#2942=LINE('',#2938,#2940);
#2944=CARTESIAN_POINT('',(746.0311,-303.2500,-230.0000));
#2945=VERTEX_POINT('',#2944);
#2943=EDGE_CURVE('',#2939,#2945,#2942,.T.);
#2947=DIRECTION('',(-0.555531,-0.831496,0.000000));
#2946=VECTOR('',#2947,0.457821);
#2948=LINE('',#2944,#2946);
#2950=CARTESIAN_POINT('',(745.7767,-303.6307,-230.0000));
#2951=VERTEX_POINT('',#2950);
#2949=EDGE_CURVE('',#2945,#2951,#2948,.T.);
#2953=DIRECTION('',(-0.659368,-0.751821,0.000000));
#2952=VECTOR('',#2953,0.457832);
#2954=LINE('',#2950,#2952);
#2956=CARTESIAN_POINT('',(745.4749,-303.9749,-230.0000));
#2957=VERTEX_POINT('',#2956);
#2955=EDGE_CURVE('',#2951,#2957,#2954,.T.);
#2959=DIRECTION('',(-0.751825,-0.659363,0.000000));
#2958=VECTOR('',#2959,0.457789);
#2960=LINE('',#2956,#2958);
#2962=CARTESIAN_POINT('',(745.1307,-304.2767,-230.0000));
#2963=VERTEX_POINT('',#2962);
#2961=EDGE_CURVE('',#2957,#2963,#2960,.T.);
#2965=DIRECTION('',(-0.831465,-0.555577,0.000000));
#2964=VECTOR('',#2965,0.457838);
#2966=LINE('',#2962,#2964);
#2968=CARTESIAN_POINT('',(744.7500,-304.5311,-230.0000));
#2969=VERTEX_POINT('',#2968);
#2967=EDGE_CURVE('',#2963,#2969,#2966,.T.);
#2971=DIRECTION('',(-0.896867,-0.442301,0.000000));
#2970=VECTOR('',#2971,0.457798);
#2972=LINE('',#2968,#2970);
#2974=CARTESIAN_POINT('',(744.3394,-304.7336,-230.0000));
#2975=VERTEX_POINT('',#2974);
#2973=EDGE_CURVE('',#2969,#2975,#2972,.T.);
#2977=DIRECTION('',(-0.946936,-0.321422,0.000000));
#2976=VECTOR('',#2977,0.457827);
#2978=LINE('',#2974,#2976);
#2980=CARTESIAN_POINT('',(743.9059,-304.8807,-230.0000));
#2981=VERTEX_POINT('',#2980);
#2979=EDGE_CURVE('',#2975,#2981,#2978,.T.);
#2983=DIRECTION('',(-0.980783,-0.195103,0.000000));
#2982=VECTOR('',#2983,0.457834);
#2984=LINE('',#2980,#2982);
#2986=CARTESIAN_POINT('',(743.4568,-304.9701,-230.0000));
#2987=VERTEX_POINT('',#2986);
#2985=EDGE_CURVE('',#2981,#2987,#2984,.T.);
#2989=DIRECTION('',(0.997859,0.065404,0.000000));
#2988=VECTOR('',#2989,59.670917);
#2990=LINE('',#2986,#2988);
#2991=EDGE_CURVE('',#2987,#2741,#2990,.T.);
#2993=DIRECTION('',(0.000000,1.000000,0.000000));
#2992=VECTOR('',#2993,52.067322);
#2994=LINE('',#2740,#2992);
#2995=EDGE_CURVE('',#2741,#48,#2994,.T.);
#2997=DIRECTION('',(0.000000,-1.000000,0.000000));
#2996=VECTOR('',#2997,59.932678);
#2998=LINE('',#129,#2996);
#3000=CARTESIAN_POINT('',(610.0000,-308.9327,-230.0000));
#3001=VERTEX_POINT('',#3000);
#2999=EDGE_CURVE('',#130,#3001,#2998,.T.);
#3003=DIRECTION('',(0.997859,0.065404,0.000000));
#3002=VECTOR('',#3003,25.150346);
#3004=LINE('',#3000,#3002);
#3006=CARTESIAN_POINT('',(635.0965,-307.2878,-230.0000));
#3007=VERTEX_POINT('',#3006);
#3005=EDGE_CURVE('',#3001,#3007,#3004,.T.);
#3009=DIRECTION('',(0.000000,-1.000000,0.000000));
#3008=VECTOR('',#3009,7.067322);
#3010=LINE('',#3000,#3008);
#3011=EDGE_CURVE('',#3001,#124,#3010,.T.);
#3012=ORIENTED_EDGE('',*,*,#669,.F.);
#3013=ORIENTED_EDGE('',*,*,#2739,.T.);
#3014=ORIENTED_EDGE('',*,*,#2745,.T.);
#3015=ORIENTED_EDGE('',*,*,#2751,.T.);
#3016=ORIENTED_EDGE('',*,*,#2757,.T.);
#3017=ORIENTED_EDGE('',*,*,#2763,.T.);
#3018=ORIENTED_EDGE('',*,*,#2769,.T.);
#3019=ORIENTED_EDGE('',*,*,#2775,.T.);
#3020=ORIENTED_EDGE('',*,*,#2781,.T.);
#3021=ORIENTED_EDGE('',*,*,#2787,.T.);
#3022=ORIENTED_EDGE('',*,*,#2793,.T.);
#3023=ORIENTED_EDGE('',*,*,#2799,.T.);
#3024=ORIENTED_EDGE('',*,*,#2805,.T.);
#3025=ORIENTED_EDGE('',*,*,#2811,.T.);
#3026=ORIENTED_EDGE('',*,*,#2817,.T.);
#3027=ORIENTED_EDGE('',*,*,#2823,.T.);
#3028=ORIENTED_EDGE('',*,*,#2829,.T.);
#3029=ORIENTED_EDGE('',*,*,#2835,.T.);
#3030=ORIENTED_EDGE('',*,*,#2841,.T.);
#3031=ORIENTED_EDGE('',*,*,#2847,.T.);
#3032=ORIENTED_EDGE('',*,*,#2853,.T.);
#3033=ORIENTED_EDGE('',*,*,#2859,.T.);
#3034=ORIENTED_EDGE('',*,*,#2865,.T.);
#3035=ORIENTED_EDGE('',*,*,#2871,.T.);
#3036=ORIENTED_EDGE('',*,*,#2877,.T.);
#3037=ORIENTED_EDGE('',*,*,#2883,.T.);
#3038=ORIENTED_EDGE('',*,*,#2889,.T.);
#3039=ORIENTED_EDGE('',*,*,#2895,.T.);
#3040=ORIENTED_EDGE('',*,*,#2901,.T.);
#3041=ORIENTED_EDGE('',*,*,#2907,.T.);
#3042=ORIENTED_EDGE('',*,*,#2913,.T.);
#3043=ORIENTED_EDGE('',*,*,#2919,.T.);
#3044=ORIENTED_EDGE('',*,*,#2925,.T.);
#3045=ORIENTED_EDGE('',*,*,#2931,.T.);
#3046=ORIENTED_EDGE('',*,*,#2937,.T.);
#3047=ORIENTED_EDGE('',*,*,#2943,.T.);
#3048=ORIENTED_EDGE('',*,*,#2949,.T.);
#3049=ORIENTED_EDGE('',*,*,#2955,.T.);
#3050=ORIENTED_EDGE('',*,*,#2961,.T.);
#3051=ORIENTED_EDGE('',*,*,#2967,.T.);
#3052=ORIENTED_EDGE('',*,*,#2973,.T.);
#3053=ORIENTED_EDGE('',*,*,#2979,.T.);
#3054=ORIENTED_EDGE('',*,*,#2985,.T.);
#3055=ORIENTED_EDGE('',*,*,#2991,.T.);
#3056=ORIENTED_EDGE('',*,*,#2995,.T.);
#3057=ORIENTED_EDGE('',*,*,#164,.F.);
#3058=ORIENTED_EDGE('',*,*,#2999,.T.);
#3059=ORIENTED_EDGE('',*,*,#3005,.T.);
#3060=ORIENTED_EDGE('',*,*,#3005,.F.);
#3061=ORIENTED_EDGE('',*,*,#3011,.T.);
#3062=EDGE_LOOP('',(#3012,#3013,#3014,#3015,#3016,#3017,#3018,#3019,#3020,#3021,#3022,#3023,#3024,#3025,#3026,#3027,#3028,#3029,#3030,#3031,#3032,#3033,#3034,#3035,#3036,#3037,#3038,#3039,#3040,#3041,#3042,#3043,#3044,#3045,#3046,#3047,#3048,#3049,#3050,#3051,#3052,#3053,#3054,#3055,#3056,#3057,#3058,#3059,#3060,#3061));
#3063=FACE_OUTER_BOUND('',#3062,.T.);
#3065=DIRECTION('',(0.321441,-0.946930,0.000000));
#3064=VECTOR('',#3065,3.428664);
#3067=CARTESIAN_POINT('',(708.7786,-297.3474,-230.0000));
#3066=LINE('',#3067,#3064);
#3069=VERTEX_POINT('',#3067);
#3070=CARTESIAN_POINT('',(709.8807,-300.5941,-230.0000));
#3071=VERTEX_POINT('',#3070);
#3068=EDGE_CURVE('',#3069,#3071,#3066,.T.);
#3073=DIRECTION('',(0.195052,-0.980793,0.000000));
#3072=VECTOR('',#3073,0.457798);
#3074=LINE('',#3070,#3072);
#3076=CARTESIAN_POINT('',(709.9700,-301.0432,-230.0000));
#3077=VERTEX_POINT('',#3076);
#3075=EDGE_CURVE('',#3071,#3077,#3074,.T.);
#3079=DIRECTION('',(0.065457,-0.997855,0.000000));
#3078=VECTOR('',#3079,0.457830);
#3080=LINE('',#3076,#3078);
#3082=CARTESIAN_POINT('',(710.0000,-301.5000,-230.0000));
#3083=VERTEX_POINT('',#3082);
#3081=EDGE_CURVE('',#3077,#3083,#3080,.T.);
#3085=DIRECTION('',(-0.065457,-0.997855,0.000000));
#3084=VECTOR('',#3085,0.457830);
#3086=LINE('',#3082,#3084);
#3088=CARTESIAN_POINT('',(709.9700,-301.9568,-230.0000));
#3089=VERTEX_POINT('',#3088);
#3087=EDGE_CURVE('',#3083,#3089,#3086,.T.);
#3091=DIRECTION('',(-0.195052,-0.980793,0.000000));
#3090=VECTOR('',#3091,0.457798);
#3092=LINE('',#3088,#3090);
#3094=CARTESIAN_POINT('',(709.8807,-302.4059,-230.0000));
#3095=VERTEX_POINT('',#3094);
#3093=EDGE_CURVE('',#3089,#3095,#3092,.T.);
#3097=DIRECTION('',(-0.321422,-0.946936,0.000000));
#3096=VECTOR('',#3097,0.457827);
#3098=LINE('',#3094,#3096);
#3100=CARTESIAN_POINT('',(709.7336,-302.8394,-230.0000));
#3101=VERTEX_POINT('',#3100);
#3099=EDGE_CURVE('',#3095,#3101,#3098,.T.);
#3103=DIRECTION('',(-0.442328,-0.896853,0.000000));
#3102=VECTOR('',#3103,0.457838);
#3104=LINE('',#3100,#3102);
#3106=CARTESIAN_POINT('',(709.5311,-303.2500,-230.0000));
#3107=VERTEX_POINT('',#3106);
#3105=EDGE_CURVE('',#3101,#3107,#3104,.T.);
#3109=DIRECTION('',(-0.555531,-0.831496,0.000000));
#3108=VECTOR('',#3109,0.457821);
#3110=LINE('',#3106,#3108);
#3112=CARTESIAN_POINT('',(709.2767,-303.6307,-230.0000));
#3113=VERTEX_POINT('',#3112);
#3111=EDGE_CURVE('',#3107,#3113,#3110,.T.);
#3115=DIRECTION('',(-0.659368,-0.751821,0.000000));
#3114=VECTOR('',#3115,0.457832);
#3116=LINE('',#3112,#3114);
#3118=CARTESIAN_POINT('',(708.9749,-303.9749,-230.0000));
#3119=VERTEX_POINT('',#3118);
#3117=EDGE_CURVE('',#3113,#3119,#3116,.T.);
#3121=DIRECTION('',(-0.751825,-0.659363,0.000000));
#3120=VECTOR('',#3121,0.457789);
#3122=LINE('',#3118,#3120);
#3124=CARTESIAN_POINT('',(708.6307,-304.2767,-230.0000));
#3125=VERTEX_POINT('',#3124);
#3123=EDGE_CURVE('',#3119,#3125,#3122,.T.);
#3127=DIRECTION('',(-0.831465,-0.555577,0.000000));
#3126=VECTOR('',#3127,0.457838);
#3128=LINE('',#3124,#3126);
#3130=CARTESIAN_POINT('',(708.2500,-304.5311,-230.0000));
#3131=VERTEX_POINT('',#3130);
#3129=EDGE_CURVE('',#3125,#3131,#3128,.T.);
#3133=DIRECTION('',(-0.896867,-0.442301,0.000000));
#3132=VECTOR('',#3133,0.457798);
#3134=LINE('',#3130,#3132);
#3136=CARTESIAN_POINT('',(707.8394,-304.7336,-230.0000));
#3137=VERTEX_POINT('',#3136);
#3135=EDGE_CURVE('',#3131,#3137,#3134,.T.);
#3139=DIRECTION('',(-0.946936,-0.321422,0.000000));
#3138=VECTOR('',#3139,0.457827);
#3140=LINE('',#3136,#3138);
#3142=CARTESIAN_POINT('',(707.4059,-304.8807,-230.0000));
#3143=VERTEX_POINT('',#3142);
#3141=EDGE_CURVE('',#3137,#3143,#3140,.T.);
#3145=DIRECTION('',(-0.980783,-0.195103,0.000000));
#3144=VECTOR('',#3145,0.457834);
#3146=LINE('',#3142,#3144);
#3148=CARTESIAN_POINT('',(706.9568,-304.9701,-230.0000));
#3149=VERTEX_POINT('',#3148);
#3147=EDGE_CURVE('',#3143,#3149,#3146,.T.);
#3151=DIRECTION('',(-0.997859,-0.065404,0.000000));
#3150=VECTOR('',#3151,2.562555);
#3152=LINE('',#3148,#3150);
#3154=CARTESIAN_POINT('',(704.3998,-305.1377,-230.0000));
#3155=VERTEX_POINT('',#3154);
#3153=EDGE_CURVE('',#3149,#3155,#3152,.T.);
#3157=DIRECTION('',(-0.442281,0.896876,0.000000));
#3156=VECTOR('',#3157,2.562537);
#3158=LINE('',#3154,#3156);
#3160=CARTESIAN_POINT('',(703.2664,-302.8394,-230.0000));
#3161=VERTEX_POINT('',#3160);
#3159=EDGE_CURVE('',#3155,#3161,#3158,.T.);
#3163=DIRECTION('',(0.321438,-0.946931,0.000000));
#3162=VECTOR('',#3163,2.450995);
#3164=LINE('',#3160,#3162);
#3166=CARTESIAN_POINT('',(704.0543,-305.1603,-230.0000));
#3167=VERTEX_POINT('',#3166);
#3165=EDGE_CURVE('',#3161,#3167,#3164,.T.);
#3169=DIRECTION('',(-0.321435,0.946932,0.000000));
#3168=VECTOR('',#3169,2.908822);
#3170=LINE('',#3166,#3168);
#3172=CARTESIAN_POINT('',(703.1193,-302.4059,-230.0000));
#3173=VERTEX_POINT('',#3172);
#3171=EDGE_CURVE('',#3167,#3173,#3170,.T.);
#3175=DIRECTION('',(-0.195052,0.980793,0.000000));
#3174=VECTOR('',#3175,0.457798);
#3176=LINE('',#3172,#3174);
#3178=CARTESIAN_POINT('',(703.0300,-301.9568,-230.0000));
#3179=VERTEX_POINT('',#3178);
#3177=EDGE_CURVE('',#3173,#3179,#3176,.T.);
#3181=DIRECTION('',(-0.065457,0.997855,0.000000));
#3180=VECTOR('',#3181,0.457830);
#3182=LINE('',#3178,#3180);
#3184=CARTESIAN_POINT('',(703.0000,-301.5000,-230.0000));
#3185=VERTEX_POINT('',#3184);
#3183=EDGE_CURVE('',#3179,#3185,#3182,.T.);
#3187=DIRECTION('',(0.065457,0.997855,0.000000));
#3186=VECTOR('',#3187,0.457830);
#3188=LINE('',#3184,#3186);
#3190=CARTESIAN_POINT('',(703.0300,-301.0432,-230.0000));
#3191=VERTEX_POINT('',#3190);
#3189=EDGE_CURVE('',#3185,#3191,#3188,.T.);
#3193=DIRECTION('',(0.195052,0.980793,0.000000));
#3192=VECTOR('',#3193,0.457798);
#3194=LINE('',#3190,#3192);
#3196=CARTESIAN_POINT('',(703.1193,-300.5941,-230.0000));
#3197=VERTEX_POINT('',#3196);
#3195=EDGE_CURVE('',#3191,#3197,#3194,.T.);
#3199=DIRECTION('',(0.321422,0.946936,0.000000));
#3198=VECTOR('',#3199,0.457827);
#3200=LINE('',#3196,#3198);
#3202=CARTESIAN_POINT('',(703.2664,-300.1606,-230.0000));
#3203=VERTEX_POINT('',#3202);
#3201=EDGE_CURVE('',#3197,#3203,#3200,.T.);
#3205=DIRECTION('',(0.442328,0.896853,0.000000));
#3204=VECTOR('',#3205,0.457838);
#3206=LINE('',#3202,#3204);
#3208=CARTESIAN_POINT('',(703.4689,-299.7500,-230.0000));
#3209=VERTEX_POINT('',#3208);
#3207=EDGE_CURVE('',#3203,#3209,#3206,.T.);
#3211=DIRECTION('',(0.555531,0.831496,0.000000));
#3210=VECTOR('',#3211,0.457821);
#3212=LINE('',#3208,#3210);
#3214=CARTESIAN_POINT('',(703.7233,-299.3693,-230.0000));
#3215=VERTEX_POINT('',#3214);
#3213=EDGE_CURVE('',#3209,#3215,#3212,.T.);
#3217=DIRECTION('',(0.659368,0.751821,0.000000));
#3216=VECTOR('',#3217,0.457832);
#3218=LINE('',#3214,#3216);
#3220=CARTESIAN_POINT('',(704.0251,-299.0251,-230.0000));
#3221=VERTEX_POINT('',#3220);
#3219=EDGE_CURVE('',#3215,#3221,#3218,.T.);
#3223=DIRECTION('',(0.751825,0.659363,0.000000));
#3222=VECTOR('',#3223,0.457789);
#3224=LINE('',#3220,#3222);
#3226=CARTESIAN_POINT('',(704.3693,-298.7233,-230.0000));
#3227=VERTEX_POINT('',#3226);
#3225=EDGE_CURVE('',#3221,#3227,#3224,.T.);
#3229=DIRECTION('',(0.831465,0.555577,0.000000));
#3228=VECTOR('',#3229,0.457838);
#3230=LINE('',#3226,#3228);
#3232=CARTESIAN_POINT('',(704.7500,-298.4689,-230.0000));
#3233=VERTEX_POINT('',#3232);
#3231=EDGE_CURVE('',#3227,#3233,#3230,.T.);
#3235=DIRECTION('',(0.896867,0.442301,0.000000));
#3234=VECTOR('',#3235,0.457798);
#3236=LINE('',#3232,#3234);
#3238=CARTESIAN_POINT('',(705.1606,-298.2664,-230.0000));
#3239=VERTEX_POINT('',#3238);
#3237=EDGE_CURVE('',#3233,#3239,#3236,.T.);
#3241=DIRECTION('',(0.946936,0.321422,0.000000));
#3240=VECTOR('',#3241,0.457827);
#3242=LINE('',#3238,#3240);
#3244=CARTESIAN_POINT('',(705.5941,-298.1193,-230.0000));
#3245=VERTEX_POINT('',#3244);
#3243=EDGE_CURVE('',#3239,#3245,#3242,.T.);
#3247=DIRECTION('',(0.980783,0.195103,0.000000));
#3246=VECTOR('',#3247,0.457834);
#3248=LINE('',#3244,#3246);
#3250=CARTESIAN_POINT('',(706.0432,-298.0299,-230.0000));
#3251=VERTEX_POINT('',#3250);
#3249=EDGE_CURVE('',#3245,#3251,#3248,.T.);
#3253=DIRECTION('',(0.997860,0.065391,0.000000));
#3252=VECTOR('',#3253,0.457828);
#3254=LINE('',#3250,#3252);
#3256=CARTESIAN_POINT('',(706.5000,-298.0000,-230.0000));
#3257=VERTEX_POINT('',#3256);
#3255=EDGE_CURVE('',#3251,#3257,#3254,.T.);
#3259=DIRECTION('',(0.997860,-0.065391,0.000000));
#3258=VECTOR('',#3259,0.457828);
#3260=LINE('',#3256,#3258);
#3262=CARTESIAN_POINT('',(706.9568,-298.0299,-230.0000));
#3263=VERTEX_POINT('',#3262);
#3261=EDGE_CURVE('',#3257,#3263,#3260,.T.);
#3265=DIRECTION('',(0.980783,-0.195103,0.000000));
#3264=VECTOR('',#3265,0.457834);
#3266=LINE('',#3262,#3264);
#3268=CARTESIAN_POINT('',(707.4059,-298.1193,-230.0000));
#3269=VERTEX_POINT('',#3268);
#3267=EDGE_CURVE('',#3263,#3269,#3266,.T.);
#3271=DIRECTION('',(0.946936,-0.321422,0.000000));
#3270=VECTOR('',#3271,0.457827);
#3272=LINE('',#3268,#3270);
#3274=CARTESIAN_POINT('',(707.8394,-298.2664,-230.0000));
#3275=VERTEX_POINT('',#3274);
#3273=EDGE_CURVE('',#3269,#3275,#3272,.T.);
#3277=DIRECTION('',(0.896867,-0.442301,0.000000));
#3276=VECTOR('',#3277,0.457798);
#3278=LINE('',#3274,#3276);
#3280=CARTESIAN_POINT('',(708.2500,-298.4689,-230.0000));
#3281=VERTEX_POINT('',#3280);
#3279=EDGE_CURVE('',#3275,#3281,#3278,.T.);
#3283=DIRECTION('',(0.831465,-0.555577,0.000000));
#3282=VECTOR('',#3283,0.457838);
#3284=LINE('',#3280,#3282);
#3286=CARTESIAN_POINT('',(708.6307,-298.7233,-230.0000));
#3287=VERTEX_POINT('',#3286);
#3285=EDGE_CURVE('',#3281,#3287,#3284,.T.);
#3289=DIRECTION('',(0.751825,-0.659363,0.000000));
#3288=VECTOR('',#3289,0.457789);
#3290=LINE('',#3286,#3288);
#3292=CARTESIAN_POINT('',(708.9749,-299.0251,-230.0000));
#3293=VERTEX_POINT('',#3292);
#3291=EDGE_CURVE('',#3287,#3293,#3290,.T.);
#3295=DIRECTION('',(0.659368,-0.751821,0.000000));
#3294=VECTOR('',#3295,0.457832);
#3296=LINE('',#3292,#3294);
#3298=CARTESIAN_POINT('',(709.2767,-299.3693,-230.0000));
#3299=VERTEX_POINT('',#3298);
#3297=EDGE_CURVE('',#3293,#3299,#3296,.T.);
#3301=DIRECTION('',(0.555531,-0.831496,0.000000));
#3300=VECTOR('',#3301,0.457821);
#3302=LINE('',#3298,#3300);
#3304=CARTESIAN_POINT('',(709.5311,-299.7500,-230.0000));
#3305=VERTEX_POINT('',#3304);
#3303=EDGE_CURVE('',#3299,#3305,#3302,.T.);
#3307=DIRECTION('',(0.442328,-0.896853,0.000000));
#3306=VECTOR('',#3307,0.457838);
#3308=LINE('',#3304,#3306);
#3310=CARTESIAN_POINT('',(709.7336,-300.1606,-230.0000));
#3311=VERTEX_POINT('',#3310);
#3309=EDGE_CURVE('',#3305,#3311,#3308,.T.);
#3313=DIRECTION('',(-0.321443,0.946929,0.000000));
#3312=VECTOR('',#3313,2.970837);
#3314=LINE('',#3310,#3312);
#3315=EDGE_CURVE('',#3311,#3069,#3314,.T.);
#3316=ORIENTED_EDGE('',*,*,#3068,.T.);
#3317=ORIENTED_EDGE('',*,*,#3075,.T.);
#3318=ORIENTED_EDGE('',*,*,#3081,.T.);
#3319=ORIENTED_EDGE('',*,*,#3087,.T.);
#3320=ORIENTED_EDGE('',*,*,#3093,.T.);
#3321=ORIENTED_EDGE('',*,*,#3099,.T.);
#3322=ORIENTED_EDGE('',*,*,#3105,.T.);
#3323=ORIENTED_EDGE('',*,*,#3111,.T.);
#3324=ORIENTED_EDGE('',*,*,#3117,.T.);
#3325=ORIENTED_EDGE('',*,*,#3123,.T.);
#3326=ORIENTED_EDGE('',*,*,#3129,.T.);
#3327=ORIENTED_EDGE('',*,*,#3135,.T.);
#3328=ORIENTED_EDGE('',*,*,#3141,.T.);
#3329=ORIENTED_EDGE('',*,*,#3147,.T.);
#3330=ORIENTED_EDGE('',*,*,#3153,.T.);
#3331=ORIENTED_EDGE('',*,*,#3159,.T.);
#3332=ORIENTED_EDGE('',*,*,#3165,.T.);
#3333=ORIENTED_EDGE('',*,*,#3171,.T.);
#3334=ORIENTED_EDGE('',*,*,#3177,.T.);
#3335=ORIENTED_EDGE('',*,*,#3183,.T.);
#3336=ORIENTED_EDGE('',*,*,#3189,.T.);
#3337=ORIENTED_EDGE('',*,*,#3195,.T.);
#3338=ORIENTED_EDGE('',*,*,#3201,.T.);
#3339=ORIENTED_EDGE('',*,*,#3207,.T.);
#3340=ORIENTED_EDGE('',*,*,#3213,.T.);
#3341=ORIENTED_EDGE('',*,*,#3219,.T.);
#3342=ORIENTED_EDGE('',*,*,#3225,.T.);
#3343=ORIENTED_EDGE('',*,*,#3231,.T.);
#3344=ORIENTED_EDGE('',*,*,#3237,.T.);
#3345=ORIENTED_EDGE('',*,*,#3243,.T.);
#3346=ORIENTED_EDGE('',*,*,#3249,.T.);
#3347=ORIENTED_EDGE('',*,*,#3255,.T.);
#3348=ORIENTED_EDGE('',*,*,#3261,.T.);
#3349=ORIENTED_EDGE('',*,*,#3267,.T.);
#3350=ORIENTED_EDGE('',*,*,#3273,.T.);
#3351=ORIENTED_EDGE('',*,*,#3279,.T.);
#3352=ORIENTED_EDGE('',*,*,#3285,.T.);
#3353=ORIENTED_EDGE('',*,*,#3291,.T.);
#3354=ORIENTED_EDGE('',*,*,#3297,.T.);
#3355=ORIENTED_EDGE('',*,*,#3303,.T.);
#3356=ORIENTED_EDGE('',*,*,#3309,.T.);
#3357=ORIENTED_EDGE('',*,*,#3315,.T.);
#3358=EDGE_LOOP('',(#3316,#3317,#3318,#3319,#3320,#3321,#3322,#3323,#3324,#3325,#3326,#3327,#3328,#3329,#3330,#3331,#3332,#3333,#3334,#3335,#3336,#3337,#3338,#3339,#3340,#3341,#3342,#3343,#3344,#3345,#3346,#3347,#3348,#3349,#3350,#3351,#3352,#3353,#3354,#3355,#3356,#3357));
#3359=FACE_BOUND('',#3358,.T.);
#3361=DIRECTION('',(0.321442,-0.946929,0.000000));
#3360=VECTOR('',#3361,5.146480);
#3363=CARTESIAN_POINT('',(671.7264,-295.7208,-230.0000));
#3362=LINE('',#3363,#3360);
#3365=VERTEX_POINT('',#3363);
#3366=CARTESIAN_POINT('',(673.3807,-300.5941,-230.0000));
#3367=VERTEX_POINT('',#3366);
#3364=EDGE_CURVE('',#3365,#3367,#3362,.T.);
#3369=DIRECTION('',(0.195052,-0.980793,0.000000));
#3368=VECTOR('',#3369,0.457798);
#3370=LINE('',#3366,#3368);
#3372=CARTESIAN_POINT('',(673.4700,-301.0432,-230.0000));
#3373=VERTEX_POINT('',#3372);
#3371=EDGE_CURVE('',#3367,#3373,#3370,.T.);
#3375=DIRECTION('',(0.065457,-0.997855,0.000000));
#3374=VECTOR('',#3375,0.457830);
#3376=LINE('',#3372,#3374);
#3378=CARTESIAN_POINT('',(673.5000,-301.5000,-230.0000));
#3379=VERTEX_POINT('',#3378);
#3377=EDGE_CURVE('',#3373,#3379,#3376,.T.);
#3381=DIRECTION('',(-0.065457,-0.997855,0.000000));
#3380=VECTOR('',#3381,0.457830);
#3382=LINE('',#3378,#3380);
#3384=CARTESIAN_POINT('',(673.4700,-301.9568,-230.0000));
#3385=VERTEX_POINT('',#3384);
#3383=EDGE_CURVE('',#3379,#3385,#3382,.T.);
#3387=DIRECTION('',(-0.195052,-0.980793,0.000000));
#3386=VECTOR('',#3387,0.457798);
#3388=LINE('',#3384,#3386);
#3390=CARTESIAN_POINT('',(673.3807,-302.4059,-230.0000));
#3391=VERTEX_POINT('',#3390);
#3389=EDGE_CURVE('',#3385,#3391,#3388,.T.);
#3393=DIRECTION('',(-0.321422,-0.946936,0.000000));
#3392=VECTOR('',#3393,0.457827);
#3394=LINE('',#3390,#3392);
#3396=CARTESIAN_POINT('',(673.2336,-302.8394,-230.0000));
#3397=VERTEX_POINT('',#3396);
#3395=EDGE_CURVE('',#3391,#3397,#3394,.T.);
#3399=DIRECTION('',(-0.442328,-0.896853,0.000000));
#3398=VECTOR('',#3399,0.457838);
#3400=LINE('',#3396,#3398);
#3402=CARTESIAN_POINT('',(673.0311,-303.2500,-230.0000));
#3403=VERTEX_POINT('',#3402);
#3401=EDGE_CURVE('',#3397,#3403,#3400,.T.);
#3405=DIRECTION('',(-0.555531,-0.831496,0.000000));
#3404=VECTOR('',#3405,0.457821);
#3406=LINE('',#3402,#3404);
#3408=CARTESIAN_POINT('',(672.7767,-303.6307,-230.0000));
#3409=VERTEX_POINT('',#3408);
#3407=EDGE_CURVE('',#3403,#3409,#3406,.T.);
#3411=DIRECTION('',(-0.659368,-0.751821,0.000000));
#3410=VECTOR('',#3411,0.457832);
#3412=LINE('',#3408,#3410);
#3414=CARTESIAN_POINT('',(672.4749,-303.9749,-230.0000));
#3415=VERTEX_POINT('',#3414);
#3413=EDGE_CURVE('',#3409,#3415,#3412,.T.);
#3417=DIRECTION('',(-0.751825,-0.659363,0.000000));
#3416=VECTOR('',#3417,0.457789);
#3418=LINE('',#3414,#3416);
#3420=CARTESIAN_POINT('',(672.1307,-304.2767,-230.0000));
#3421=VERTEX_POINT('',#3420);
#3419=EDGE_CURVE('',#3415,#3421,#3418,.T.);
#3423=DIRECTION('',(-0.831465,-0.555577,0.000000));
#3422=VECTOR('',#3423,0.457838);
#3424=LINE('',#3420,#3422);
#3426=CARTESIAN_POINT('',(671.7500,-304.5311,-230.0000));
#3427=VERTEX_POINT('',#3426);
#3425=EDGE_CURVE('',#3421,#3427,#3424,.T.);
#3429=DIRECTION('',(-0.896867,-0.442301,0.000000));
#3428=VECTOR('',#3429,0.457798);
#3430=LINE('',#3426,#3428);
#3432=CARTESIAN_POINT('',(671.3394,-304.7336,-230.0000));
#3433=VERTEX_POINT('',#3432);
#3431=EDGE_CURVE('',#3427,#3433,#3430,.T.);
#3435=DIRECTION('',(-0.946936,-0.321422,0.000000));
#3434=VECTOR('',#3435,0.457827);
#3436=LINE('',#3432,#3434);
#3438=CARTESIAN_POINT('',(670.9059,-304.8807,-230.0000));
#3439=VERTEX_POINT('',#3438);
#3437=EDGE_CURVE('',#3433,#3439,#3436,.T.);
#3441=DIRECTION('',(-0.980783,-0.195103,0.000000));
#3440=VECTOR('',#3441,0.457834);
#3442=LINE('',#3438,#3440);
#3444=CARTESIAN_POINT('',(670.4568,-304.9701,-230.0000));
#3445=VERTEX_POINT('',#3444);
#3443=EDGE_CURVE('',#3439,#3445,#3442,.T.);
#3447=DIRECTION('',(-0.997859,-0.065404,0.000000));
#3446=VECTOR('',#3447,2.562555);
#3448=LINE('',#3444,#3446);
#3450=CARTESIAN_POINT('',(667.8998,-305.1377,-230.0000));
#3451=VERTEX_POINT('',#3450);
#3449=EDGE_CURVE('',#3445,#3451,#3448,.T.);
#3453=DIRECTION('',(-0.442281,0.896876,0.000000));
#3452=VECTOR('',#3453,2.562537);
#3454=LINE('',#3450,#3452);
#3456=CARTESIAN_POINT('',(666.7664,-302.8394,-230.0000));
#3457=VERTEX_POINT('',#3456);
#3455=EDGE_CURVE('',#3451,#3457,#3454,.T.);
#3459=DIRECTION('',(-0.321422,0.946936,0.000000));
#3458=VECTOR('',#3459,0.457827);
#3460=LINE('',#3456,#3458);
#3462=CARTESIAN_POINT('',(666.6193,-302.4059,-230.0000));
#3463=VERTEX_POINT('',#3462);
#3461=EDGE_CURVE('',#3457,#3463,#3460,.T.);
#3465=DIRECTION('',(-0.195052,0.980793,0.000000));
#3464=VECTOR('',#3465,0.457798);
#3466=LINE('',#3462,#3464);
#3468=CARTESIAN_POINT('',(666.5300,-301.9568,-230.0000));
#3469=VERTEX_POINT('',#3468);
#3467=EDGE_CURVE('',#3463,#3469,#3466,.T.);
#3471=DIRECTION('',(-0.065457,0.997855,0.000000));
#3470=VECTOR('',#3471,0.457830);
#3472=LINE('',#3468,#3470);
#3474=CARTESIAN_POINT('',(666.5000,-301.5000,-230.0000));
#3475=VERTEX_POINT('',#3474);
#3473=EDGE_CURVE('',#3469,#3475,#3472,.T.);
#3477=DIRECTION('',(0.065457,0.997855,0.000000));
#3476=VECTOR('',#3477,0.457830);
#3478=LINE('',#3474,#3476);
#3480=CARTESIAN_POINT('',(666.5300,-301.0432,-230.0000));
#3481=VERTEX_POINT('',#3480);
#3479=EDGE_CURVE('',#3475,#3481,#3478,.T.);
#3483=DIRECTION('',(0.195052,0.980793,0.000000));
#3482=VECTOR('',#3483,0.457798);
#3484=LINE('',#3480,#3482);
#3486=CARTESIAN_POINT('',(666.6193,-300.5941,-230.0000));
#3487=VERTEX_POINT('',#3486);
#3485=EDGE_CURVE('',#3481,#3487,#3484,.T.);
#3489=DIRECTION('',(0.321422,0.946936,0.000000));
#3488=VECTOR('',#3489,0.457827);
#3490=LINE('',#3486,#3488);
#3492=CARTESIAN_POINT('',(666.7664,-300.1606,-230.0000));
#3493=VERTEX_POINT('',#3492);
#3491=EDGE_CURVE('',#3487,#3493,#3490,.T.);
#3495=DIRECTION('',(0.442328,0.896853,0.000000));
#3494=VECTOR('',#3495,0.457838);
#3496=LINE('',#3492,#3494);
#3498=CARTESIAN_POINT('',(666.9689,-299.7500,-230.0000));
#3499=VERTEX_POINT('',#3498);
#3497=EDGE_CURVE('',#3493,#3499,#3496,.T.);
#3501=DIRECTION('',(0.555531,0.831496,0.000000));
#3500=VECTOR('',#3501,0.457821);
#3502=LINE('',#3498,#3500);
#3504=CARTESIAN_POINT('',(667.2233,-299.3693,-230.0000));
#3505=VERTEX_POINT('',#3504);
#3503=EDGE_CURVE('',#3499,#3505,#3502,.T.);
#3507=DIRECTION('',(0.659368,0.751821,0.000000));
#3506=VECTOR('',#3507,0.457832);
#3508=LINE('',#3504,#3506);
#3510=CARTESIAN_POINT('',(667.5251,-299.0251,-230.0000));
#3511=VERTEX_POINT('',#3510);
#3509=EDGE_CURVE('',#3505,#3511,#3508,.T.);
#3513=DIRECTION('',(0.751825,0.659363,0.000000));
#3512=VECTOR('',#3513,0.457789);
#3514=LINE('',#3510,#3512);
#3516=CARTESIAN_POINT('',(667.8693,-298.7233,-230.0000));
#3517=VERTEX_POINT('',#3516);
#3515=EDGE_CURVE('',#3511,#3517,#3514,.T.);
#3519=DIRECTION('',(0.831465,0.555577,0.000000));
#3518=VECTOR('',#3519,0.457838);
#3520=LINE('',#3516,#3518);
#3522=CARTESIAN_POINT('',(668.2500,-298.4689,-230.0000));
#3523=VERTEX_POINT('',#3522);
#3521=EDGE_CURVE('',#3517,#3523,#3520,.T.);
#3525=DIRECTION('',(0.896867,0.442301,0.000000));
#3524=VECTOR('',#3525,0.457798);
#3526=LINE('',#3522,#3524);
#3528=CARTESIAN_POINT('',(668.6606,-298.2664,-230.0000));
#3529=VERTEX_POINT('',#3528);
#3527=EDGE_CURVE('',#3523,#3529,#3526,.T.);
#3531=DIRECTION('',(0.946936,0.321422,0.000000));
#3530=VECTOR('',#3531,0.457827);
#3532=LINE('',#3528,#3530);
#3534=CARTESIAN_POINT('',(669.0941,-298.1193,-230.0000));
#3535=VERTEX_POINT('',#3534);
#3533=EDGE_CURVE('',#3529,#3535,#3532,.T.);
#3537=DIRECTION('',(0.980783,0.195103,0.000000));
#3536=VECTOR('',#3537,0.457834);
#3538=LINE('',#3534,#3536);
#3540=CARTESIAN_POINT('',(669.5432,-298.0299,-230.0000));
#3541=VERTEX_POINT('',#3540);
#3539=EDGE_CURVE('',#3535,#3541,#3538,.T.);
#3543=DIRECTION('',(0.997860,0.065391,0.000000));
#3542=VECTOR('',#3543,0.457828);
#3544=LINE('',#3540,#3542);
#3546=CARTESIAN_POINT('',(670.0000,-298.0000,-230.0000));
#3547=VERTEX_POINT('',#3546);
#3545=EDGE_CURVE('',#3541,#3547,#3544,.T.);
#3549=DIRECTION('',(0.997860,-0.065391,0.000000));
#3548=VECTOR('',#3549,0.457828);
#3550=LINE('',#3546,#3548);
#3552=CARTESIAN_POINT('',(670.4568,-298.0299,-230.0000));
#3553=VERTEX_POINT('',#3552);
#3551=EDGE_CURVE('',#3547,#3553,#3550,.T.);
#3555=DIRECTION('',(0.980783,-0.195103,0.000000));
#3554=VECTOR('',#3555,0.457834);
#3556=LINE('',#3552,#3554);
#3558=CARTESIAN_POINT('',(670.9059,-298.1193,-230.0000));
#3559=VERTEX_POINT('',#3558);
#3557=EDGE_CURVE('',#3553,#3559,#3556,.T.);
#3561=DIRECTION('',(0.946936,-0.321422,0.000000));
#3560=VECTOR('',#3561,0.457827);
#3562=LINE('',#3558,#3560);
#3564=CARTESIAN_POINT('',(671.3394,-298.2664,-230.0000));
#3565=VERTEX_POINT('',#3564);
#3563=EDGE_CURVE('',#3559,#3565,#3562,.T.);
#3567=DIRECTION('',(0.896867,-0.442301,0.000000));
#3566=VECTOR('',#3567,0.457798);
#3568=LINE('',#3564,#3566);
#3570=CARTESIAN_POINT('',(671.7500,-298.4689,-230.0000));
#3571=VERTEX_POINT('',#3570);
#3569=EDGE_CURVE('',#3565,#3571,#3568,.T.);
#3573=DIRECTION('',(0.831465,-0.555577,0.000000));
#3572=VECTOR('',#3573,0.457838);
#3574=LINE('',#3570,#3572);
#3576=CARTESIAN_POINT('',(672.1307,-298.7233,-230.0000));
#3577=VERTEX_POINT('',#3576);
#3575=EDGE_CURVE('',#3571,#3577,#3574,.T.);
#3579=DIRECTION('',(0.751825,-0.659363,0.000000));
#3578=VECTOR('',#3579,0.457789);
#3580=LINE('',#3576,#3578);
#3582=CARTESIAN_POINT('',(672.4749,-299.0251,-230.0000));
#3583=VERTEX_POINT('',#3582);
#3581=EDGE_CURVE('',#3577,#3583,#3580,.T.);
#3585=DIRECTION('',(0.659368,-0.751821,0.000000));
#3584=VECTOR('',#3585,0.457832);
#3586=LINE('',#3582,#3584);
#3588=CARTESIAN_POINT('',(672.7767,-299.3693,-230.0000));
#3589=VERTEX_POINT('',#3588);
#3587=EDGE_CURVE('',#3583,#3589,#3586,.T.);
#3591=DIRECTION('',(0.555531,-0.831496,0.000000));
#3590=VECTOR('',#3591,0.457821);
#3592=LINE('',#3588,#3590);
#3594=CARTESIAN_POINT('',(673.0311,-299.7500,-230.0000));
#3595=VERTEX_POINT('',#3594);
#3593=EDGE_CURVE('',#3589,#3595,#3592,.T.);
#3597=DIRECTION('',(0.442328,-0.896853,0.000000));
#3596=VECTOR('',#3597,0.457838);
#3598=LINE('',#3594,#3596);
#3600=CARTESIAN_POINT('',(673.2336,-300.1606,-230.0000));
#3601=VERTEX_POINT('',#3600);
#3599=EDGE_CURVE('',#3595,#3601,#3598,.T.);
#3603=DIRECTION('',(-0.321444,0.946928,0.000000));
#3602=VECTOR('',#3603,4.688653);
#3604=LINE('',#3600,#3602);
#3605=EDGE_CURVE('',#3601,#3365,#3604,.T.);
#3606=ORIENTED_EDGE('',*,*,#3364,.T.);
#3607=ORIENTED_EDGE('',*,*,#3371,.T.);
#3608=ORIENTED_EDGE('',*,*,#3377,.T.);
#3609=ORIENTED_EDGE('',*,*,#3383,.T.);
#3610=ORIENTED_EDGE('',*,*,#3389,.T.);
#3611=ORIENTED_EDGE('',*,*,#3395,.T.);
#3612=ORIENTED_EDGE('',*,*,#3401,.T.);
#3613=ORIENTED_EDGE('',*,*,#3407,.T.);
#3614=ORIENTED_EDGE('',*,*,#3413,.T.);
#3615=ORIENTED_EDGE('',*,*,#3419,.T.);
#3616=ORIENTED_EDGE('',*,*,#3425,.T.);
#3617=ORIENTED_EDGE('',*,*,#3431,.T.);
#3618=ORIENTED_EDGE('',*,*,#3437,.T.);
#3619=ORIENTED_EDGE('',*,*,#3443,.T.);
#3620=ORIENTED_EDGE('',*,*,#3449,.T.);
#3621=ORIENTED_EDGE('',*,*,#3455,.T.);
#3622=ORIENTED_EDGE('',*,*,#3461,.T.);
#3623=ORIENTED_EDGE('',*,*,#3467,.T.);
#3624=ORIENTED_EDGE('',*,*,#3473,.T.);
#3625=ORIENTED_EDGE('',*,*,#3479,.T.);
#3626=ORIENTED_EDGE('',*,*,#3485,.T.);
#3627=ORIENTED_EDGE('',*,*,#3491,.T.);
#3628=ORIENTED_EDGE('',*,*,#3497,.T.);
#3629=ORIENTED_EDGE('',*,*,#3503,.T.);
#3630=ORIENTED_EDGE('',*,*,#3509,.T.);
#3631=ORIENTED_EDGE('',*,*,#3515,.T.);
#3632=ORIENTED_EDGE('',*,*,#3521,.T.);
#3633=ORIENTED_EDGE('',*,*,#3527,.T.);
#3634=ORIENTED_EDGE('',*,*,#3533,.T.);
#3635=ORIENTED_EDGE('',*,*,#3539,.T.);
#3636=ORIENTED_EDGE('',*,*,#3545,.T.);
#3637=ORIENTED_EDGE('',*,*,#3551,.T.);
#3638=ORIENTED_EDGE('',*,*,#3557,.T.);
#3639=ORIENTED_EDGE('',*,*,#3563,.T.);
#3640=ORIENTED_EDGE('',*,*,#3569,.T.);
#3641=ORIENTED_EDGE('',*,*,#3575,.T.);
#3642=ORIENTED_EDGE('',*,*,#3581,.T.);
#3643=ORIENTED_EDGE('',*,*,#3587,.T.);
#3644=ORIENTED_EDGE('',*,*,#3593,.T.);
#3645=ORIENTED_EDGE('',*,*,#3599,.T.);
#3646=ORIENTED_EDGE('',*,*,#3605,.T.);
#3647=EDGE_LOOP('',(#3606,#3607,#3608,#3609,#3610,#3611,#3612,#3613,#3614,#3615,#3616,#3617,#3618,#3619,#3620,#3621,#3622,#3623,#3624,#3625,#3626,#3627,#3628,#3629,#3630,#3631,#3632,#3633,#3634,#3635,#3636,#3637,#3638,#3639,#3640,#3641,#3642,#3643,#3644,#3645,#3646));
#3648=FACE_BOUND('',#3647,.T.);
#3650=DIRECTION('',(0.442271,-0.896881,0.000000));
#3649=VECTOR('',#3650,2.104698);
#3652=CARTESIAN_POINT('',(666.9689,-303.2500,-230.0000));
#3651=LINE('',#3652,#3649);
#3654=VERTEX_POINT('',#3652);
#3653=EDGE_CURVE('',#3654,#3451,#3651,.T.);
#3656=DIRECTION('',(0.997860,0.065393,0.000000));
#3655=VECTOR('',#3656,0.611355);
#3657=LINE('',#3450,#3655);
#3659=CARTESIAN_POINT('',(668.5098,-305.0977,-230.0000));
#3660=VERTEX_POINT('',#3659);
#3658=EDGE_CURVE('',#3451,#3660,#3657,.T.);
#3662=DIRECTION('',(-0.659353,0.751833,0.000000));
#3661=VECTOR('',#3662,1.951245);
#3663=LINE('',#3659,#3661);
#3665=CARTESIAN_POINT('',(667.2233,-303.6307,-230.0000));
#3666=VERTEX_POINT('',#3665);
#3664=EDGE_CURVE('',#3660,#3666,#3663,.T.);
#3668=DIRECTION('',(-0.555531,0.831496,0.000000));
#3667=VECTOR('',#3668,0.457821);
#3669=LINE('',#3665,#3667);
#3670=EDGE_CURVE('',#3666,#3654,#3669,.T.);
#3671=ORIENTED_EDGE('',*,*,#3653,.T.);
#3672=ORIENTED_EDGE('',*,*,#3658,.T.);
#3673=ORIENTED_EDGE('',*,*,#3664,.T.);
#3674=ORIENTED_EDGE('',*,*,#3670,.T.);
#3675=EDGE_LOOP('',(#3671,#3672,#3673,#3674));
#3676=FACE_BOUND('',#3675,.T.);
#3678=DIRECTION('',(0.442271,-0.896881,0.000000));
#3677=VECTOR('',#3678,2.104698);
#3680=CARTESIAN_POINT('',(703.4689,-303.2500,-230.0000));
#3679=LINE('',#3680,#3677);
#3682=VERTEX_POINT('',#3680);
#3681=EDGE_CURVE('',#3682,#3155,#3679,.T.);
#3684=DIRECTION('',(0.997860,0.065393,0.000000));
#3683=VECTOR('',#3684,0.611355);
#3685=LINE('',#3154,#3683);
#3687=CARTESIAN_POINT('',(705.0098,-305.0977,-230.0000));
#3688=VERTEX_POINT('',#3687);
#3686=EDGE_CURVE('',#3155,#3688,#3685,.T.);
#3690=DIRECTION('',(-0.659353,0.751833,0.000000));
#3689=VECTOR('',#3690,1.951245);
#3691=LINE('',#3687,#3689);
#3693=CARTESIAN_POINT('',(703.7233,-303.6307,-230.0000));
#3694=VERTEX_POINT('',#3693);
#3692=EDGE_CURVE('',#3688,#3694,#3691,.T.);
#3696=DIRECTION('',(-0.555531,0.831496,0.000000));
#3695=VECTOR('',#3696,0.457821);
#3697=LINE('',#3693,#3695);
#3698=EDGE_CURVE('',#3694,#3682,#3697,.T.);
#3699=ORIENTED_EDGE('',*,*,#3681,.T.);
#3700=ORIENTED_EDGE('',*,*,#3686,.T.);
#3701=ORIENTED_EDGE('',*,*,#3692,.T.);
#3702=ORIENTED_EDGE('',*,*,#3698,.T.);
#3703=EDGE_LOOP('',(#3699,#3700,#3701,#3702));
#3704=FACE_BOUND('',#3703,.T.);
#3706=DIRECTION('',(0.442271,-0.896881,0.000000));
#3705=VECTOR('',#3706,2.104698);
#3708=CARTESIAN_POINT('',(739.9689,-303.2500,-230.0000));
#3707=LINE('',#3708,#3705);
#3710=VERTEX_POINT('',#3708);
#3709=EDGE_CURVE('',#3710,#2747,#3707,.T.);
#3712=DIRECTION('',(0.997860,0.065393,0.000000));
#3711=VECTOR('',#3712,0.611355);
#3713=LINE('',#2746,#3711);
#3715=CARTESIAN_POINT('',(741.5098,-305.0977,-230.0000));
#3716=VERTEX_POINT('',#3715);
#3714=EDGE_CURVE('',#2747,#3716,#3713,.T.);
#3718=DIRECTION('',(-0.659353,0.751833,0.000000));
#3717=VECTOR('',#3718,1.951245);
#3719=LINE('',#3715,#3717);
#3721=CARTESIAN_POINT('',(740.2233,-303.6307,-230.0000));
#3722=VERTEX_POINT('',#3721);
#3720=EDGE_CURVE('',#3716,#3722,#3719,.T.);
#3724=DIRECTION('',(-0.555531,0.831496,0.000000));
#3723=VECTOR('',#3724,0.457821);
#3725=LINE('',#3721,#3723);
#3726=EDGE_CURVE('',#3722,#3710,#3725,.T.);
#3727=ORIENTED_EDGE('',*,*,#3709,.T.);
#3728=ORIENTED_EDGE('',*,*,#3714,.T.);
#3729=ORIENTED_EDGE('',*,*,#3720,.T.);
#3730=ORIENTED_EDGE('',*,*,#3726,.T.);
#3731=EDGE_LOOP('',(#3727,#3728,#3729,#3730));
#3732=FACE_BOUND('',#3731,.T.);
#3734=DIRECTION('',(0.751831,-0.659356,0.000000));
#3733=VECTOR('',#3734,1.217730);
#3736=CARTESIAN_POINT('',(667.8693,-304.2767,-230.0000));
#3735=LINE('',#3736,#3733);
#3738=VERTEX_POINT('',#3736);
#3739=CARTESIAN_POINT('',(668.7849,-305.0797,-230.0000));
#3740=VERTEX_POINT('',#3739);
#3737=EDGE_CURVE('',#3738,#3740,#3735,.T.);
#3742=DIRECTION('',(0.997858,0.065413,0.000000));
#3741=VECTOR('',#3742,0.510860);
#3743=LINE('',#3739,#3741);
#3745=CARTESIAN_POINT('',(669.2946,-305.0462,-230.0000));
#3746=VERTEX_POINT('',#3745);
#3744=EDGE_CURVE('',#3740,#3746,#3743,.T.);
#3748=DIRECTION('',(-0.896877,0.442281,0.000000));
#3747=VECTOR('',#3748,1.164727);
#3749=LINE('',#3745,#3747);
#3751=CARTESIAN_POINT('',(668.2500,-304.5311,-230.0000));
#3752=VERTEX_POINT('',#3751);
#3750=EDGE_CURVE('',#3746,#3752,#3749,.T.);
#3754=DIRECTION('',(-0.831465,0.555577,0.000000));
#3753=VECTOR('',#3754,0.457838);
#3755=LINE('',#3751,#3753);
#3756=EDGE_CURVE('',#3752,#3738,#3755,.T.);
#3757=ORIENTED_EDGE('',*,*,#3737,.T.);
#3758=ORIENTED_EDGE('',*,*,#3744,.T.);
#3759=ORIENTED_EDGE('',*,*,#3750,.T.);
#3760=ORIENTED_EDGE('',*,*,#3756,.T.);
#3761=EDGE_LOOP('',(#3757,#3758,#3759,#3760));
#3762=FACE_BOUND('',#3761,.T.);
#3764=DIRECTION('',(0.751831,-0.659356,0.000000));
#3763=VECTOR('',#3764,1.217730);
#3766=CARTESIAN_POINT('',(704.3693,-304.2767,-230.0000));
#3765=LINE('',#3766,#3763);
#3768=VERTEX_POINT('',#3766);
#3769=CARTESIAN_POINT('',(705.2849,-305.0797,-230.0000));
#3770=VERTEX_POINT('',#3769);
#3767=EDGE_CURVE('',#3768,#3770,#3765,.T.);
#3772=DIRECTION('',(0.997858,0.065413,0.000000));
#3771=VECTOR('',#3772,0.510860);
#3773=LINE('',#3769,#3771);
#3775=CARTESIAN_POINT('',(705.7946,-305.0462,-230.0000));
#3776=VERTEX_POINT('',#3775);
#3774=EDGE_CURVE('',#3770,#3776,#3773,.T.);
#3778=DIRECTION('',(-0.896877,0.442281,0.000000));
#3777=VECTOR('',#3778,1.164727);
#3779=LINE('',#3775,#3777);
#3781=CARTESIAN_POINT('',(704.7500,-304.5311,-230.0000));
#3782=VERTEX_POINT('',#3781);
#3780=EDGE_CURVE('',#3776,#3782,#3779,.T.);
#3784=DIRECTION('',(-0.831465,0.555577,0.000000));
#3783=VECTOR('',#3784,0.457838);
#3785=LINE('',#3781,#3783);
#3786=EDGE_CURVE('',#3782,#3768,#3785,.T.);
#3787=ORIENTED_EDGE('',*,*,#3767,.T.);
#3788=ORIENTED_EDGE('',*,*,#3774,.T.);
#3789=ORIENTED_EDGE('',*,*,#3780,.T.);
#3790=ORIENTED_EDGE('',*,*,#3786,.T.);
#3791=EDGE_LOOP('',(#3787,#3788,#3789,#3790));
#3792=FACE_BOUND('',#3791,.T.);
#3794=DIRECTION('',(0.751831,-0.659356,0.000000));
#3793=VECTOR('',#3794,1.217730);
#3796=CARTESIAN_POINT('',(740.8693,-304.2767,-230.0000));
#3795=LINE('',#3796,#3793);
#3798=VERTEX_POINT('',#3796);
#3799=CARTESIAN_POINT('',(741.7849,-305.0797,-230.0000));
#3800=VERTEX_POINT('',#3799);
#3797=EDGE_CURVE('',#3798,#3800,#3795,.T.);
#3802=DIRECTION('',(0.997858,0.065413,0.000000));
#3801=VECTOR('',#3802,0.510860);
#3803=LINE('',#3799,#3801);
#3805=CARTESIAN_POINT('',(742.2946,-305.0462,-230.0000));
#3806=VERTEX_POINT('',#3805);
#3804=EDGE_CURVE('',#3800,#3806,#3803,.T.);
#3808=DIRECTION('',(-0.896877,0.442281,0.000000));
#3807=VECTOR('',#3808,1.164727);
#3809=LINE('',#3805,#3807);
#3811=CARTESIAN_POINT('',(741.2500,-304.5311,-230.0000));
#3812=VERTEX_POINT('',#3811);
#3810=EDGE_CURVE('',#3806,#3812,#3809,.T.);
#3814=DIRECTION('',(-0.831465,0.555577,0.000000));
#3813=VECTOR('',#3814,0.457838);
#3815=LINE('',#3811,#3813);
#3816=EDGE_CURVE('',#3812,#3798,#3815,.T.);
#3817=ORIENTED_EDGE('',*,*,#3797,.T.);
#3818=ORIENTED_EDGE('',*,*,#3804,.T.);
#3819=ORIENTED_EDGE('',*,*,#3810,.T.);
#3820=ORIENTED_EDGE('',*,*,#3816,.T.);
#3821=EDGE_LOOP('',(#3817,#3818,#3819,#3820));
#3822=FACE_BOUND('',#3821,.T.);
#3824=DIRECTION('',(0.659349,-0.751837,0.000000));
#3823=VECTOR('',#3824,1.493413);
#3826=CARTESIAN_POINT('',(667.5251,-303.9749,-230.0000));
#3825=LINE('',#3826,#3823);
#3828=VERTEX_POINT('',#3826);
#3827=EDGE_CURVE('',#3828,#3660,#3825,.T.);
#3830=DIRECTION('',(0.997857,0.065439,0.000000));
#3829=VECTOR('',#3830,0.275615);
#3831=LINE('',#3659,#3829);
#3832=EDGE_CURVE('',#3660,#3740,#3831,.T.);
#3834=DIRECTION('',(-0.751829,0.659358,0.000000));
#3833=VECTOR('',#3834,1.675519);
#3835=LINE('',#3739,#3833);
#3836=EDGE_CURVE('',#3740,#3828,#3835,.T.);
#3837=ORIENTED_EDGE('',*,*,#3827,.T.);
#3838=ORIENTED_EDGE('',*,*,#3832,.T.);
#3839=ORIENTED_EDGE('',*,*,#3836,.T.);
#3840=EDGE_LOOP('',(#3837,#3838,#3839));
#3841=FACE_BOUND('',#3840,.T.);
#3843=DIRECTION('',(0.659349,-0.751837,0.000000));
#3842=VECTOR('',#3843,1.493413);
#3845=CARTESIAN_POINT('',(704.0251,-303.9749,-230.0000));
#3844=LINE('',#3845,#3842);
#3847=VERTEX_POINT('',#3845);
#3846=EDGE_CURVE('',#3847,#3688,#3844,.T.);
#3849=DIRECTION('',(0.997857,0.065439,0.000000));
#3848=VECTOR('',#3849,0.275615);
#3850=LINE('',#3687,#3848);
#3851=EDGE_CURVE('',#3688,#3770,#3850,.T.);
#3853=DIRECTION('',(-0.751829,0.659358,0.000000));
#3852=VECTOR('',#3853,1.675519);
#3854=LINE('',#3769,#3852);
#3855=EDGE_CURVE('',#3770,#3847,#3854,.T.);
#3856=ORIENTED_EDGE('',*,*,#3846,.T.);
#3857=ORIENTED_EDGE('',*,*,#3851,.T.);
#3858=ORIENTED_EDGE('',*,*,#3855,.T.);
#3859=EDGE_LOOP('',(#3856,#3857,#3858));
#3860=FACE_BOUND('',#3859,.T.);
#3862=DIRECTION('',(0.659349,-0.751837,0.000000));
#3861=VECTOR('',#3862,1.493413);
#3864=CARTESIAN_POINT('',(740.5251,-303.9749,-230.0000));
#3863=LINE('',#3864,#3861);
#3866=VERTEX_POINT('',#3864);
#3865=EDGE_CURVE('',#3866,#3716,#3863,.T.);
#3868=DIRECTION('',(0.997857,0.065439,0.000000));
#3867=VECTOR('',#3868,0.275615);
#3869=LINE('',#3715,#3867);
#3870=EDGE_CURVE('',#3716,#3800,#3869,.T.);
#3872=DIRECTION('',(-0.751829,0.659358,0.000000));
#3871=VECTOR('',#3872,1.675519);
#3873=LINE('',#3799,#3871);
#3874=EDGE_CURVE('',#3800,#3866,#3873,.T.);
#3875=ORIENTED_EDGE('',*,*,#3865,.T.);
#3876=ORIENTED_EDGE('',*,*,#3870,.T.);
#3877=ORIENTED_EDGE('',*,*,#3874,.T.);
#3878=EDGE_LOOP('',(#3875,#3876,#3877));
#3879=FACE_BOUND('',#3878,.T.);
#3881=DIRECTION('',(0.896883,-0.442268,0.000000));
#3880=VECTOR('',#3881,0.706930);
#3883=CARTESIAN_POINT('',(668.6606,-304.7336,-230.0000));
#3882=LINE('',#3883,#3880);
#3885=VERTEX_POINT('',#3883);
#3884=EDGE_CURVE('',#3885,#3746,#3882,.T.);
#3887=DIRECTION('',(0.997859,0.065396,0.000000));
#3886=VECTOR('',#3887,0.475994);
#3888=LINE('',#3745,#3886);
#3890=CARTESIAN_POINT('',(669.7696,-305.0151,-230.0000));
#3891=VERTEX_POINT('',#3890);
#3889=EDGE_CURVE('',#3746,#3891,#3888,.T.);
#3893=DIRECTION('',(-0.980783,0.195102,0.000000));
#3892=VECTOR('',#3893,0.688711);
#3894=LINE('',#3890,#3892);
#3896=CARTESIAN_POINT('',(669.0941,-304.8807,-230.0000));
#3897=VERTEX_POINT('',#3896);
#3895=EDGE_CURVE('',#3891,#3897,#3894,.T.);
#3899=DIRECTION('',(-0.946936,0.321422,0.000000));
#3898=VECTOR('',#3899,0.457827);
#3900=LINE('',#3896,#3898);
#3901=EDGE_CURVE('',#3897,#3885,#3900,.T.);
#3902=ORIENTED_EDGE('',*,*,#3884,.T.);
#3903=ORIENTED_EDGE('',*,*,#3889,.T.);
#3904=ORIENTED_EDGE('',*,*,#3895,.T.);
#3905=ORIENTED_EDGE('',*,*,#3901,.T.);
#3906=EDGE_LOOP('',(#3902,#3903,#3904,#3905));
#3907=FACE_BOUND('',#3906,.T.);
#3909=DIRECTION('',(0.896883,-0.442268,0.000000));
#3908=VECTOR('',#3909,0.706930);
#3911=CARTESIAN_POINT('',(705.1606,-304.7336,-230.0000));
#3910=LINE('',#3911,#3908);
#3913=VERTEX_POINT('',#3911);
#3912=EDGE_CURVE('',#3913,#3776,#3910,.T.);
#3915=DIRECTION('',(0.997859,0.065396,0.000000));
#3914=VECTOR('',#3915,0.475994);
#3916=LINE('',#3775,#3914);
#3918=CARTESIAN_POINT('',(706.2696,-305.0151,-230.0000));
#3919=VERTEX_POINT('',#3918);
#3917=EDGE_CURVE('',#3776,#3919,#3916,.T.);
#3921=DIRECTION('',(-0.980783,0.195102,0.000000));
#3920=VECTOR('',#3921,0.688711);
#3922=LINE('',#3918,#3920);
#3924=CARTESIAN_POINT('',(705.5941,-304.8807,-230.0000));
#3925=VERTEX_POINT('',#3924);
#3923=EDGE_CURVE('',#3919,#3925,#3922,.T.);
#3927=DIRECTION('',(-0.946936,0.321422,0.000000));
#3926=VECTOR('',#3927,0.457827);
#3928=LINE('',#3924,#3926);
#3929=EDGE_CURVE('',#3925,#3913,#3928,.T.);
#3930=ORIENTED_EDGE('',*,*,#3912,.T.);
#3931=ORIENTED_EDGE('',*,*,#3917,.T.);
#3932=ORIENTED_EDGE('',*,*,#3923,.T.);
#3933=ORIENTED_EDGE('',*,*,#3929,.T.);
#3934=EDGE_LOOP('',(#3930,#3931,#3932,#3933));
#3935=FACE_BOUND('',#3934,.T.);
#3937=DIRECTION('',(0.896883,-0.442268,0.000000));
#3936=VECTOR('',#3937,0.706930);
#3939=CARTESIAN_POINT('',(741.6606,-304.7336,-230.0000));
#3938=LINE('',#3939,#3936);
#3941=VERTEX_POINT('',#3939);
#3940=EDGE_CURVE('',#3941,#3806,#3938,.T.);
#3943=DIRECTION('',(0.997859,0.065396,0.000000));
#3942=VECTOR('',#3943,0.475994);
#3944=LINE('',#3805,#3942);
#3946=CARTESIAN_POINT('',(742.7696,-305.0151,-230.0000));
#3947=VERTEX_POINT('',#3946);
#3945=EDGE_CURVE('',#3806,#3947,#3944,.T.);
#3949=DIRECTION('',(-0.980783,0.195102,0.000000));
#3948=VECTOR('',#3949,0.688711);
#3950=LINE('',#3946,#3948);
#3952=CARTESIAN_POINT('',(742.0941,-304.8807,-230.0000));
#3953=VERTEX_POINT('',#3952);
#3951=EDGE_CURVE('',#3947,#3953,#3950,.T.);
#3955=DIRECTION('',(-0.946936,0.321422,0.000000));
#3954=VECTOR('',#3955,0.457827);
#3956=LINE('',#3952,#3954);
#3957=EDGE_CURVE('',#3953,#3941,#3956,.T.);
#3958=ORIENTED_EDGE('',*,*,#3940,.T.);
#3959=ORIENTED_EDGE('',*,*,#3945,.T.);
#3960=ORIENTED_EDGE('',*,*,#3951,.T.);
#3961=ORIENTED_EDGE('',*,*,#3957,.T.);
#3962=EDGE_LOOP('',(#3958,#3959,#3960,#3961));
#3963=FACE_BOUND('',#3962,.T.);
#3965=DIRECTION('',(0.980784,-0.195099,0.000000));
#3964=VECTOR('',#3965,0.230877);
#3967=CARTESIAN_POINT('',(669.5432,-304.9701,-230.0000));
#3966=LINE('',#3967,#3964);
#3969=VERTEX_POINT('',#3967);
#3968=EDGE_CURVE('',#3969,#3891,#3966,.T.);
#3971=DIRECTION('',(0.997858,0.065422,0.000000));
#3970=VECTOR('',#3971,0.230902);
#3972=LINE('',#3890,#3970);
#3974=CARTESIAN_POINT('',(670.0000,-305.0000,-230.0000));
#3975=VERTEX_POINT('',#3974);
#3973=EDGE_CURVE('',#3891,#3975,#3972,.T.);
#3977=DIRECTION('',(-0.997860,0.065391,0.000000));
#3976=VECTOR('',#3977,0.457828);
#3978=LINE('',#3974,#3976);
#3979=EDGE_CURVE('',#3975,#3969,#3978,.T.);
#3980=ORIENTED_EDGE('',*,*,#3968,.T.);
#3981=ORIENTED_EDGE('',*,*,#3973,.T.);
#3982=ORIENTED_EDGE('',*,*,#3979,.T.);
#3983=EDGE_LOOP('',(#3980,#3981,#3982));
#3984=FACE_BOUND('',#3983,.T.);
#3986=DIRECTION('',(0.980784,-0.195099,0.000000));
#3985=VECTOR('',#3986,0.230877);
#3988=CARTESIAN_POINT('',(706.0432,-304.9701,-230.0000));
#3987=LINE('',#3988,#3985);
#3990=VERTEX_POINT('',#3988);
#3989=EDGE_CURVE('',#3990,#3919,#3987,.T.);
#3992=DIRECTION('',(0.997858,0.065422,0.000000));
#3991=VECTOR('',#3992,0.230902);
#3993=LINE('',#3918,#3991);
#3995=CARTESIAN_POINT('',(706.5000,-305.0000,-230.0000));
#3996=VERTEX_POINT('',#3995);
#3994=EDGE_CURVE('',#3919,#3996,#3993,.T.);
#3998=DIRECTION('',(-0.997860,0.065391,0.000000));
#3997=VECTOR('',#3998,0.457828);
#3999=LINE('',#3995,#3997);
#4000=EDGE_CURVE('',#3996,#3990,#3999,.T.);
#4001=ORIENTED_EDGE('',*,*,#3989,.T.);
#4002=ORIENTED_EDGE('',*,*,#3994,.T.);
#4003=ORIENTED_EDGE('',*,*,#4000,.T.);
#4004=EDGE_LOOP('',(#4001,#4002,#4003));
#4005=FACE_BOUND('',#4004,.T.);
#4007=DIRECTION('',(0.980784,-0.195099,0.000000));
#4006=VECTOR('',#4007,0.230877);
#4009=CARTESIAN_POINT('',(742.5432,-304.9701,-230.0000));
#4008=LINE('',#4009,#4006);
#4011=VERTEX_POINT('',#4009);
#4010=EDGE_CURVE('',#4011,#3947,#4008,.T.);
#4013=DIRECTION('',(0.997858,0.065422,0.000000));
#4012=VECTOR('',#4013,0.230902);
#4014=LINE('',#3946,#4012);
#4016=CARTESIAN_POINT('',(743.0000,-305.0000,-230.0000));
#4017=VERTEX_POINT('',#4016);
#4015=EDGE_CURVE('',#3947,#4017,#4014,.T.);
#4019=DIRECTION('',(-0.997860,0.065391,0.000000));
#4018=VECTOR('',#4019,0.457828);
#4020=LINE('',#4016,#4018);
#4021=EDGE_CURVE('',#4017,#4011,#4020,.T.);
#4022=ORIENTED_EDGE('',*,*,#4010,.T.);
#4023=ORIENTED_EDGE('',*,*,#4015,.T.);
#4024=ORIENTED_EDGE('',*,*,#4021,.T.);
#4025=EDGE_LOOP('',(#4022,#4023,#4024));
#4026=FACE_BOUND('',#4025,.T.);
#4029=CARTESIAN_POINT('',(610.0000,-313.7174,-230.0000));
#4030=DIRECTION('',(0.000000,0.000000,1.000000));
#4031=DIRECTION('',(1.000000,0.000000,0.000000));
#4028=AXIS2_PLACEMENT_3D('',#4029,#4030,#4031);
#4027=PLANE('',#4028);
#4032=ADVANCED_FACE('',(#3063,#3359,#3648,#3676,#3704,#3732,#3762,#3792,#3822,#3841,#3860,#3879,#3907,#3935,#3963,#3984,#4005,#4026),#4027,.T.);
#4034=DIRECTION('',(-1.000000,0.000000,0.000000));
#4033=VECTOR('',#4034,193.000000);
#4035=LINE('',#4,#4033);
#4036=EDGE_CURVE('',#6,#98,#4035,.T.);
#4038=DIRECTION('',(0.000000,1.000000,0.000000));
#4037=VECTOR('',#4038,0.282562);
#4039=LINE('',#96,#4037);
#4041=VERTEX_POINT('',#153);
#4040=EDGE_CURVE('',#98,#4041,#4039,.T.);
#4043=DIRECTION('',(0.997859,0.065404,0.000000));
#4042=VECTOR('',#4043,133.743213);
#4044=LINE('',#153,#4042);
#4046=CARTESIAN_POINT('',(743.4568,-304.9701,-232.0000));
#4047=VERTEX_POINT('',#4046);
#4045=EDGE_CURVE('',#4041,#4047,#4044,.T.);
#4049=DIRECTION('',(0.980783,0.195103,0.000000));
#4048=VECTOR('',#4049,0.457834);
#4050=LINE('',#4046,#4048);
#4052=CARTESIAN_POINT('',(743.9059,-304.8807,-232.0000));
#4053=VERTEX_POINT('',#4052);
#4051=EDGE_CURVE('',#4047,#4053,#4050,.T.);
#4055=DIRECTION('',(0.946936,0.321422,0.000000));
#4054=VECTOR('',#4055,0.457827);
#4056=LINE('',#4052,#4054);
#4058=CARTESIAN_POINT('',(744.3394,-304.7336,-232.0000));
#4059=VERTEX_POINT('',#4058);
#4057=EDGE_CURVE('',#4053,#4059,#4056,.T.);
#4061=DIRECTION('',(0.896867,0.442301,0.000000));
#4060=VECTOR('',#4061,0.457798);
#4062=LINE('',#4058,#4060);
#4064=CARTESIAN_POINT('',(744.7500,-304.5311,-232.0000));
#4065=VERTEX_POINT('',#4064);
#4063=EDGE_CURVE('',#4059,#4065,#4062,.T.);
#4067=DIRECTION('',(0.831465,0.555577,0.000000));
#4066=VECTOR('',#4067,0.457838);
#4068=LINE('',#4064,#4066);
#4070=CARTESIAN_POINT('',(745.1307,-304.2767,-232.0000));
#4071=VERTEX_POINT('',#4070);
#4069=EDGE_CURVE('',#4065,#4071,#4068,.T.);
#4073=DIRECTION('',(0.751825,0.659363,0.000000));
#4072=VECTOR('',#4073,0.457789);
#4074=LINE('',#4070,#4072);
#4076=CARTESIAN_POINT('',(745.4749,-303.9749,-232.0000));
#4077=VERTEX_POINT('',#4076);
#4075=EDGE_CURVE('',#4071,#4077,#4074,.T.);
#4079=DIRECTION('',(0.659368,0.751821,0.000000));
#4078=VECTOR('',#4079,0.457832);
#4080=LINE('',#4076,#4078);
#4082=CARTESIAN_POINT('',(745.7767,-303.6307,-232.0000));
#4083=VERTEX_POINT('',#4082);
#4081=EDGE_CURVE('',#4077,#4083,#4080,.T.);
#4085=DIRECTION('',(0.555531,0.831496,0.000000));
#4084=VECTOR('',#4085,0.457821);
#4086=LINE('',#4082,#4084);
#4088=CARTESIAN_POINT('',(746.0311,-303.2500,-232.0000));
#4089=VERTEX_POINT('',#4088);
#4087=EDGE_CURVE('',#4083,#4089,#4086,.T.);
#4091=DIRECTION('',(0.442328,0.896853,0.000000));
#4090=VECTOR('',#4091,0.457838);
#4092=LINE('',#4088,#4090);
#4094=CARTESIAN_POINT('',(746.2336,-302.8394,-232.0000));
#4095=VERTEX_POINT('',#4094);
#4093=EDGE_CURVE('',#4089,#4095,#4092,.T.);
#4097=DIRECTION('',(0.321422,0.946936,0.000000));
#4096=VECTOR('',#4097,0.457827);
#4098=LINE('',#4094,#4096);
#4100=CARTESIAN_POINT('',(746.3807,-302.4059,-232.0000));
#4101=VERTEX_POINT('',#4100);
#4099=EDGE_CURVE('',#4095,#4101,#4098,.T.);
#4103=DIRECTION('',(0.195052,0.980793,0.000000));
#4102=VECTOR('',#4103,0.457798);
#4104=LINE('',#4100,#4102);
#4106=CARTESIAN_POINT('',(746.4700,-301.9568,-232.0000));
#4107=VERTEX_POINT('',#4106);
#4105=EDGE_CURVE('',#4101,#4107,#4104,.T.);
#4109=DIRECTION('',(0.065457,0.997855,0.000000));
#4108=VECTOR('',#4109,0.457830);
#4110=LINE('',#4106,#4108);
#4112=CARTESIAN_POINT('',(746.5000,-301.5000,-232.0000));
#4113=VERTEX_POINT('',#4112);
#4111=EDGE_CURVE('',#4107,#4113,#4110,.T.);
#4115=DIRECTION('',(-0.065457,0.997855,0.000000));
#4114=VECTOR('',#4115,0.457830);
#4116=LINE('',#4112,#4114);
#4118=CARTESIAN_POINT('',(746.4700,-301.0432,-232.0000));
#4119=VERTEX_POINT('',#4118);
#4117=EDGE_CURVE('',#4113,#4119,#4116,.T.);
#4121=DIRECTION('',(-0.195052,0.980793,0.000000));
#4120=VECTOR('',#4121,0.457798);
#4122=LINE('',#4118,#4120);
#4124=CARTESIAN_POINT('',(746.3807,-300.5941,-232.0000));
#4125=VERTEX_POINT('',#4124);
#4123=EDGE_CURVE('',#4119,#4125,#4122,.T.);
#4127=DIRECTION('',(-0.321422,0.946936,0.000000));
#4126=VECTOR('',#4127,0.457827);
#4128=LINE('',#4124,#4126);
#4130=CARTESIAN_POINT('',(746.2336,-300.1606,-232.0000));
#4131=VERTEX_POINT('',#4130);
#4129=EDGE_CURVE('',#4125,#4131,#4128,.T.);
#4133=DIRECTION('',(-0.442328,0.896853,0.000000));
#4132=VECTOR('',#4133,0.457838);
#4134=LINE('',#4130,#4132);
#4136=CARTESIAN_POINT('',(746.0311,-299.7500,-232.0000));
#4137=VERTEX_POINT('',#4136);
#4135=EDGE_CURVE('',#4131,#4137,#4134,.T.);
#4139=DIRECTION('',(-0.555531,0.831496,0.000000));
#4138=VECTOR('',#4139,0.457821);
#4140=LINE('',#4136,#4138);
#4142=CARTESIAN_POINT('',(745.7767,-299.3693,-232.0000));
#4143=VERTEX_POINT('',#4142);
#4141=EDGE_CURVE('',#4137,#4143,#4140,.T.);
#4145=DIRECTION('',(-0.659368,0.751821,0.000000));
#4144=VECTOR('',#4145,0.457832);
#4146=LINE('',#4142,#4144);
#4148=CARTESIAN_POINT('',(745.4749,-299.0251,-232.0000));
#4149=VERTEX_POINT('',#4148);
#4147=EDGE_CURVE('',#4143,#4149,#4146,.T.);
#4151=DIRECTION('',(-0.751825,0.659363,0.000000));
#4150=VECTOR('',#4151,0.457789);
#4152=LINE('',#4148,#4150);
#4154=CARTESIAN_POINT('',(745.1307,-298.7233,-232.0000));
#4155=VERTEX_POINT('',#4154);
#4153=EDGE_CURVE('',#4149,#4155,#4152,.T.);
#4157=DIRECTION('',(-0.831465,0.555577,0.000000));
#4156=VECTOR('',#4157,0.457838);
#4158=LINE('',#4154,#4156);
#4160=CARTESIAN_POINT('',(744.7500,-298.4689,-232.0000));
#4161=VERTEX_POINT('',#4160);
#4159=EDGE_CURVE('',#4155,#4161,#4158,.T.);
#4163=DIRECTION('',(-0.896867,0.442301,0.000000));
#4162=VECTOR('',#4163,0.457798);
#4164=LINE('',#4160,#4162);
#4166=CARTESIAN_POINT('',(744.3394,-298.2664,-232.0000));
#4167=VERTEX_POINT('',#4166);
#4165=EDGE_CURVE('',#4161,#4167,#4164,.T.);
#4169=DIRECTION('',(-0.946936,0.321422,0.000000));
#4168=VECTOR('',#4169,0.457827);
#4170=LINE('',#4166,#4168);
#4172=CARTESIAN_POINT('',(743.9059,-298.1193,-232.0000));
#4173=VERTEX_POINT('',#4172);
#4171=EDGE_CURVE('',#4167,#4173,#4170,.T.);
#4175=DIRECTION('',(-0.980783,0.195103,0.000000));
#4174=VECTOR('',#4175,0.457834);
#4176=LINE('',#4172,#4174);
#4178=CARTESIAN_POINT('',(743.4568,-298.0299,-232.0000));
#4179=VERTEX_POINT('',#4178);
#4177=EDGE_CURVE('',#4173,#4179,#4176,.T.);
#4181=DIRECTION('',(-0.997860,0.065391,0.000000));
#4180=VECTOR('',#4181,0.457828);
#4182=LINE('',#4178,#4180);
#4184=CARTESIAN_POINT('',(743.0000,-298.0000,-232.0000));
#4185=VERTEX_POINT('',#4184);
#4183=EDGE_CURVE('',#4179,#4185,#4182,.T.);
#4187=DIRECTION('',(-0.997860,-0.065391,0.000000));
#4186=VECTOR('',#4187,0.457828);
#4188=LINE('',#4184,#4186);
#4190=CARTESIAN_POINT('',(742.5432,-298.0299,-232.0000));
#4191=VERTEX_POINT('',#4190);
#4189=EDGE_CURVE('',#4185,#4191,#4188,.T.);
#4193=DIRECTION('',(-0.980783,-0.195103,0.000000));
#4192=VECTOR('',#4193,0.457834);
#4194=LINE('',#4190,#4192);
#4196=CARTESIAN_POINT('',(742.0941,-298.1193,-232.0000));
#4197=VERTEX_POINT('',#4196);
#4195=EDGE_CURVE('',#4191,#4197,#4194,.T.);
#4199=DIRECTION('',(-0.946936,-0.321422,0.000000));
#4198=VECTOR('',#4199,0.457827);
#4200=LINE('',#4196,#4198);
#4202=CARTESIAN_POINT('',(741.6606,-298.2664,-232.0000));
#4203=VERTEX_POINT('',#4202);
#4201=EDGE_CURVE('',#4197,#4203,#4200,.T.);
#4205=DIRECTION('',(-0.896867,-0.442301,0.000000));
#4204=VECTOR('',#4205,0.457798);
#4206=LINE('',#4202,#4204);
#4208=CARTESIAN_POINT('',(741.2500,-298.4689,-232.0000));
#4209=VERTEX_POINT('',#4208);
#4207=EDGE_CURVE('',#4203,#4209,#4206,.T.);
#4211=DIRECTION('',(-0.831465,-0.555577,0.000000));
#4210=VECTOR('',#4211,0.457838);
#4212=LINE('',#4208,#4210);
#4214=CARTESIAN_POINT('',(740.8693,-298.7233,-232.0000));
#4215=VERTEX_POINT('',#4214);
#4213=EDGE_CURVE('',#4209,#4215,#4212,.T.);
#4217=DIRECTION('',(-0.751825,-0.659363,0.000000));
#4216=VECTOR('',#4217,0.457789);
#4218=LINE('',#4214,#4216);
#4220=CARTESIAN_POINT('',(740.5251,-299.0251,-232.0000));
#4221=VERTEX_POINT('',#4220);
#4219=EDGE_CURVE('',#4215,#4221,#4218,.T.);
#4223=DIRECTION('',(-0.659368,-0.751821,0.000000));
#4222=VECTOR('',#4223,0.457832);
#4224=LINE('',#4220,#4222);
#4226=CARTESIAN_POINT('',(740.2233,-299.3693,-232.0000));
#4227=VERTEX_POINT('',#4226);
#4225=EDGE_CURVE('',#4221,#4227,#4224,.T.);
#4229=DIRECTION('',(-0.555531,-0.831496,0.000000));
#4228=VECTOR('',#4229,0.457821);
#4230=LINE('',#4226,#4228);
#4232=CARTESIAN_POINT('',(739.9689,-299.7500,-232.0000));
#4233=VERTEX_POINT('',#4232);
#4231=EDGE_CURVE('',#4227,#4233,#4230,.T.);
#4235=DIRECTION('',(-0.442328,-0.896853,0.000000));
#4234=VECTOR('',#4235,0.457838);
#4236=LINE('',#4232,#4234);
#4238=CARTESIAN_POINT('',(739.7664,-300.1606,-232.0000));
#4239=VERTEX_POINT('',#4238);
#4237=EDGE_CURVE('',#4233,#4239,#4236,.T.);
#4241=DIRECTION('',(-0.321422,-0.946936,0.000000));
#4240=VECTOR('',#4241,0.457827);
#4242=LINE('',#4238,#4240);
#4244=CARTESIAN_POINT('',(739.6193,-300.5941,-232.0000));
#4245=VERTEX_POINT('',#4244);
#4243=EDGE_CURVE('',#4239,#4245,#4242,.T.);
#4247=DIRECTION('',(-0.195052,-0.980793,0.000000));
#4246=VECTOR('',#4247,0.457798);
#4248=LINE('',#4244,#4246);
#4250=CARTESIAN_POINT('',(739.5300,-301.0432,-232.0000));
#4251=VERTEX_POINT('',#4250);
#4249=EDGE_CURVE('',#4245,#4251,#4248,.T.);
#4253=DIRECTION('',(-0.065457,-0.997855,0.000000));
#4252=VECTOR('',#4253,0.457830);
#4254=LINE('',#4250,#4252);
#4256=CARTESIAN_POINT('',(739.5000,-301.5000,-232.0000));
#4257=VERTEX_POINT('',#4256);
#4255=EDGE_CURVE('',#4251,#4257,#4254,.T.);
#4259=DIRECTION('',(0.065457,-0.997855,0.000000));
#4258=VECTOR('',#4259,0.457830);
#4260=LINE('',#4256,#4258);
#4262=CARTESIAN_POINT('',(739.5300,-301.9568,-232.0000));
#4263=VERTEX_POINT('',#4262);
#4261=EDGE_CURVE('',#4257,#4263,#4260,.T.);
#4265=DIRECTION('',(0.195052,-0.980793,0.000000));
#4264=VECTOR('',#4265,0.457798);
#4266=LINE('',#4262,#4264);
#4268=CARTESIAN_POINT('',(739.6193,-302.4059,-232.0000));
#4269=VERTEX_POINT('',#4268);
#4267=EDGE_CURVE('',#4263,#4269,#4266,.T.);
#4271=DIRECTION('',(0.321422,-0.946936,0.000000));
#4270=VECTOR('',#4271,0.457827);
#4272=LINE('',#4268,#4270);
#4274=CARTESIAN_POINT('',(739.7664,-302.8394,-232.0000));
#4275=VERTEX_POINT('',#4274);
#4273=EDGE_CURVE('',#4269,#4275,#4272,.T.);
#4277=DIRECTION('',(0.442328,-0.896853,0.000000));
#4276=VECTOR('',#4277,0.457838);
#4278=LINE('',#4274,#4276);
#4280=CARTESIAN_POINT('',(739.9689,-303.2500,-232.0000));
#4281=VERTEX_POINT('',#4280);
#4279=EDGE_CURVE('',#4275,#4281,#4278,.T.);
#4283=DIRECTION('',(0.555531,-0.831496,0.000000));
#4282=VECTOR('',#4283,0.457821);
#4284=LINE('',#4280,#4282);
#4286=CARTESIAN_POINT('',(740.2233,-303.6307,-232.0000));
#4287=VERTEX_POINT('',#4286);
#4285=EDGE_CURVE('',#4281,#4287,#4284,.T.);
#4289=DIRECTION('',(0.659368,-0.751821,0.000000));
#4288=VECTOR('',#4289,0.457832);
#4290=LINE('',#4286,#4288);
#4292=CARTESIAN_POINT('',(740.5251,-303.9749,-232.0000));
#4293=VERTEX_POINT('',#4292);
#4291=EDGE_CURVE('',#4287,#4293,#4290,.T.);
#4295=DIRECTION('',(0.751825,-0.659363,0.000000));
#4294=VECTOR('',#4295,0.457789);
#4296=LINE('',#4292,#4294);
#4298=CARTESIAN_POINT('',(740.8693,-304.2767,-232.0000));
#4299=VERTEX_POINT('',#4298);
#4297=EDGE_CURVE('',#4293,#4299,#4296,.T.);
#4301=DIRECTION('',(0.831465,-0.555577,0.000000));
#4300=VECTOR('',#4301,0.457838);
#4302=LINE('',#4298,#4300);
#4304=CARTESIAN_POINT('',(741.2500,-304.5311,-232.0000));
#4305=VERTEX_POINT('',#4304);
#4303=EDGE_CURVE('',#4299,#4305,#4302,.T.);
#4307=DIRECTION('',(0.896867,-0.442301,0.000000));
#4306=VECTOR('',#4307,0.457798);
#4308=LINE('',#4304,#4306);
#4310=CARTESIAN_POINT('',(741.6606,-304.7336,-232.0000));
#4311=VERTEX_POINT('',#4310);
#4309=EDGE_CURVE('',#4305,#4311,#4308,.T.);
#4313=DIRECTION('',(0.946936,-0.321422,0.000000));
#4312=VECTOR('',#4313,0.457827);
#4314=LINE('',#4310,#4312);
#4316=CARTESIAN_POINT('',(742.0941,-304.8807,-232.0000));
#4317=VERTEX_POINT('',#4316);
#4315=EDGE_CURVE('',#4311,#4317,#4314,.T.);
#4319=DIRECTION('',(0.980783,-0.195103,0.000000));
#4318=VECTOR('',#4319,0.457834);
#4320=LINE('',#4316,#4318);
#4322=CARTESIAN_POINT('',(742.5432,-304.9701,-232.0000));
#4323=VERTEX_POINT('',#4322);
#4321=EDGE_CURVE('',#4317,#4323,#4320,.T.);
#4325=DIRECTION('',(0.997860,-0.065391,0.000000));
#4324=VECTOR('',#4325,0.457828);
#4326=LINE('',#4322,#4324);
#4328=CARTESIAN_POINT('',(743.0000,-305.0000,-232.0000));
#4329=VERTEX_POINT('',#4328);
#4327=EDGE_CURVE('',#4323,#4329,#4326,.T.);
#4331=DIRECTION('',(-0.997859,-0.065404,0.000000));
#4330=VECTOR('',#4331,133.285384);
#4332=LINE('',#4328,#4330);
#4333=EDGE_CURVE('',#4329,#4041,#4332,.T.);
#4335=DIRECTION('',(0.000000,1.000000,0.000000));
#4334=VECTOR('',#4335,2.392395);
#4336=LINE('',#153,#4334);
#4338=CARTESIAN_POINT('',(610.0000,-311.3250,-232.0000));
#4339=VERTEX_POINT('',#4338);
#4337=EDGE_CURVE('',#4041,#4339,#4336,.T.);
#4341=DIRECTION('',(0.997859,0.065404,0.000000));
#4340=VECTOR('',#4341,97.164892);
#4342=LINE('',#4338,#4340);
#4344=CARTESIAN_POINT('',(706.9568,-304.9701,-232.0000));
#4345=VERTEX_POINT('',#4344);
#4343=EDGE_CURVE('',#4339,#4345,#4342,.T.);
#4347=DIRECTION('',(0.980783,0.195103,0.000000));
#4346=VECTOR('',#4347,0.457834);
#4348=LINE('',#4344,#4346);
#4350=CARTESIAN_POINT('',(707.4059,-304.8807,-232.0000));
#4351=VERTEX_POINT('',#4350);
#4349=EDGE_CURVE('',#4345,#4351,#4348,.T.);
#4353=DIRECTION('',(0.946936,0.321422,0.000000));
#4352=VECTOR('',#4353,0.457827);
#4354=LINE('',#4350,#4352);
#4356=CARTESIAN_POINT('',(707.8394,-304.7336,-232.0000));
#4357=VERTEX_POINT('',#4356);
#4355=EDGE_CURVE('',#4351,#4357,#4354,.T.);
#4359=DIRECTION('',(0.896867,0.442301,0.000000));
#4358=VECTOR('',#4359,0.457798);
#4360=LINE('',#4356,#4358);
#4362=CARTESIAN_POINT('',(708.2500,-304.5311,-232.0000));
#4363=VERTEX_POINT('',#4362);
#4361=EDGE_CURVE('',#4357,#4363,#4360,.T.);
#4365=DIRECTION('',(0.831465,0.555577,0.000000));
#4364=VECTOR('',#4365,0.457838);
#4366=LINE('',#4362,#4364);
#4368=CARTESIAN_POINT('',(708.6307,-304.2767,-232.0000));
#4369=VERTEX_POINT('',#4368);
#4367=EDGE_CURVE('',#4363,#4369,#4366,.T.);
#4371=DIRECTION('',(0.751825,0.659363,0.000000));
#4370=VECTOR('',#4371,0.457789);
#4372=LINE('',#4368,#4370);
#4374=CARTESIAN_POINT('',(708.9749,-303.9749,-232.0000));
#4375=VERTEX_POINT('',#4374);
#4373=EDGE_CURVE('',#4369,#4375,#4372,.T.);
#4377=DIRECTION('',(0.659368,0.751821,0.000000));
#4376=VECTOR('',#4377,0.457832);
#4378=LINE('',#4374,#4376);
#4380=CARTESIAN_POINT('',(709.2767,-303.6307,-232.0000));
#4381=VERTEX_POINT('',#4380);
#4379=EDGE_CURVE('',#4375,#4381,#4378,.T.);
#4383=DIRECTION('',(0.555531,0.831496,0.000000));
#4382=VECTOR('',#4383,0.457821);
#4384=LINE('',#4380,#4382);
#4386=CARTESIAN_POINT('',(709.5311,-303.2500,-232.0000));
#4387=VERTEX_POINT('',#4386);
#4385=EDGE_CURVE('',#4381,#4387,#4384,.T.);
#4389=DIRECTION('',(0.442328,0.896853,0.000000));
#4388=VECTOR('',#4389,0.457838);
#4390=LINE('',#4386,#4388);
#4392=CARTESIAN_POINT('',(709.7336,-302.8394,-232.0000));
#4393=VERTEX_POINT('',#4392);
#4391=EDGE_CURVE('',#4387,#4393,#4390,.T.);
#4395=DIRECTION('',(0.321422,0.946936,0.000000));
#4394=VECTOR('',#4395,0.457827);
#4396=LINE('',#4392,#4394);
#4398=CARTESIAN_POINT('',(709.8807,-302.4059,-232.0000));
#4399=VERTEX_POINT('',#4398);
#4397=EDGE_CURVE('',#4393,#4399,#4396,.T.);
#4401=DIRECTION('',(0.195052,0.980793,0.000000));
#4400=VECTOR('',#4401,0.457798);
#4402=LINE('',#4398,#4400);
#4404=CARTESIAN_POINT('',(709.9700,-301.9568,-232.0000));
#4405=VERTEX_POINT('',#4404);
#4403=EDGE_CURVE('',#4399,#4405,#4402,.T.);
#4407=DIRECTION('',(0.065457,0.997855,0.000000));
#4406=VECTOR('',#4407,0.457830);
#4408=LINE('',#4404,#4406);
#4410=CARTESIAN_POINT('',(710.0000,-301.5000,-232.0000));
#4411=VERTEX_POINT('',#4410);
#4409=EDGE_CURVE('',#4405,#4411,#4408,.T.);
#4413=DIRECTION('',(-0.065457,0.997855,0.000000));
#4412=VECTOR('',#4413,0.457830);
#4414=LINE('',#4410,#4412);
#4416=CARTESIAN_POINT('',(709.9700,-301.0432,-232.0000));
#4417=VERTEX_POINT('',#4416);
#4415=EDGE_CURVE('',#4411,#4417,#4414,.T.);
#4419=DIRECTION('',(-0.195052,0.980793,0.000000));
#4418=VECTOR('',#4419,0.457798);
#4420=LINE('',#4416,#4418);
#4422=CARTESIAN_POINT('',(709.8807,-300.5941,-232.0000));
#4423=VERTEX_POINT('',#4422);
#4421=EDGE_CURVE('',#4417,#4423,#4420,.T.);
#4425=DIRECTION('',(-0.321422,0.946936,0.000000));
#4424=VECTOR('',#4425,0.457827);
#4426=LINE('',#4422,#4424);
#4428=CARTESIAN_POINT('',(709.7336,-300.1606,-232.0000));
#4429=VERTEX_POINT('',#4428);
#4427=EDGE_CURVE('',#4423,#4429,#4426,.T.);
#4431=DIRECTION('',(-0.442328,0.896853,0.000000));
#4430=VECTOR('',#4431,0.457838);
#4432=LINE('',#4428,#4430);
#4434=CARTESIAN_POINT('',(709.5311,-299.7500,-232.0000));
#4435=VERTEX_POINT('',#4434);
#4433=EDGE_CURVE('',#4429,#4435,#4432,.T.);
#4437=DIRECTION('',(-0.555531,0.831496,0.000000));
#4436=VECTOR('',#4437,0.457821);
#4438=LINE('',#4434,#4436);
#4440=CARTESIAN_POINT('',(709.2767,-299.3693,-232.0000));
#4441=VERTEX_POINT('',#4440);
#4439=EDGE_CURVE('',#4435,#4441,#4438,.T.);
#4443=DIRECTION('',(-0.659368,0.751821,0.000000));
#4442=VECTOR('',#4443,0.457832);
#4444=LINE('',#4440,#4442);
#4446=CARTESIAN_POINT('',(708.9749,-299.0251,-232.0000));
#4447=VERTEX_POINT('',#4446);
#4445=EDGE_CURVE('',#4441,#4447,#4444,.T.);
#4449=DIRECTION('',(-0.751825,0.659363,0.000000));
#4448=VECTOR('',#4449,0.457789);
#4450=LINE('',#4446,#4448);
#4452=CARTESIAN_POINT('',(708.6307,-298.7233,-232.0000));
#4453=VERTEX_POINT('',#4452);
#4451=EDGE_CURVE('',#4447,#4453,#4450,.T.);
#4455=DIRECTION('',(-0.831465,0.555577,0.000000));
#4454=VECTOR('',#4455,0.457838);
#4456=LINE('',#4452,#4454);
#4458=CARTESIAN_POINT('',(708.2500,-298.4689,-232.0000));
#4459=VERTEX_POINT('',#4458);
#4457=EDGE_CURVE('',#4453,#4459,#4456,.T.);
#4461=DIRECTION('',(-0.896867,0.442301,0.000000));
#4460=VECTOR('',#4461,0.457798);
#4462=LINE('',#4458,#4460);
#4464=CARTESIAN_POINT('',(707.8394,-298.2664,-232.0000));
#4465=VERTEX_POINT('',#4464);
#4463=EDGE_CURVE('',#4459,#4465,#4462,.T.);
#4467=DIRECTION('',(-0.946936,0.321422,0.000000));
#4466=VECTOR('',#4467,0.457827);
#4468=LINE('',#4464,#4466);
#4470=CARTESIAN_POINT('',(707.4059,-298.1193,-232.0000));
#4471=VERTEX_POINT('',#4470);
#4469=EDGE_CURVE('',#4465,#4471,#4468,.T.);
#4473=DIRECTION('',(-0.980783,0.195103,0.000000));
#4472=VECTOR('',#4473,0.457834);
#4474=LINE('',#4470,#4472);
#4476=CARTESIAN_POINT('',(706.9568,-298.0299,-232.0000));
#4477=VERTEX_POINT('',#4476);
#4475=EDGE_CURVE('',#4471,#4477,#4474,.T.);
#4479=DIRECTION('',(-0.997860,0.065391,0.000000));
#4478=VECTOR('',#4479,0.457828);
#4480=LINE('',#4476,#4478);
#4482=CARTESIAN_POINT('',(706.5000,-298.0000,-232.0000));
#4483=VERTEX_POINT('',#4482);
#4481=EDGE_CURVE('',#4477,#4483,#4480,.T.);
#4485=DIRECTION('',(-0.997860,-0.065391,0.000000));
#4484=VECTOR('',#4485,0.457828);
#4486=LINE('',#4482,#4484);
#4488=CARTESIAN_POINT('',(706.0432,-298.0299,-232.0000));
#4489=VERTEX_POINT('',#4488);
#4487=EDGE_CURVE('',#4483,#4489,#4486,.T.);
#4491=DIRECTION('',(-0.980783,-0.195103,0.000000));
#4490=VECTOR('',#4491,0.457834);
#4492=LINE('',#4488,#4490);
#4494=CARTESIAN_POINT('',(705.5941,-298.1193,-232.0000));
#4495=VERTEX_POINT('',#4494);
#4493=EDGE_CURVE('',#4489,#4495,#4492,.T.);
#4497=DIRECTION('',(-0.946936,-0.321422,0.000000));
#4496=VECTOR('',#4497,0.457827);
#4498=LINE('',#4494,#4496);
#4500=CARTESIAN_POINT('',(705.1606,-298.2664,-232.0000));
#4501=VERTEX_POINT('',#4500);
#4499=EDGE_CURVE('',#4495,#4501,#4498,.T.);
#4503=DIRECTION('',(-0.896867,-0.442301,0.000000));
#4502=VECTOR('',#4503,0.457798);
#4504=LINE('',#4500,#4502);
#4506=CARTESIAN_POINT('',(704.7500,-298.4689,-232.0000));
#4507=VERTEX_POINT('',#4506);
#4505=EDGE_CURVE('',#4501,#4507,#4504,.T.);
#4509=DIRECTION('',(-0.831465,-0.555577,0.000000));
#4508=VECTOR('',#4509,0.457838);
#4510=LINE('',#4506,#4508);
#4512=CARTESIAN_POINT('',(704.3693,-298.7233,-232.0000));
#4513=VERTEX_POINT('',#4512);
#4511=EDGE_CURVE('',#4507,#4513,#4510,.T.);
#4515=DIRECTION('',(-0.751825,-0.659363,0.000000));
#4514=VECTOR('',#4515,0.457789);
#4516=LINE('',#4512,#4514);
#4518=CARTESIAN_POINT('',(704.0251,-299.0251,-232.0000));
#4519=VERTEX_POINT('',#4518);
#4517=EDGE_CURVE('',#4513,#4519,#4516,.T.);
#4521=DIRECTION('',(-0.659368,-0.751821,0.000000));
#4520=VECTOR('',#4521,0.457832);
#4522=LINE('',#4518,#4520);
#4524=CARTESIAN_POINT('',(703.7233,-299.3693,-232.0000));
#4525=VERTEX_POINT('',#4524);
#4523=EDGE_CURVE('',#4519,#4525,#4522,.T.);
#4527=DIRECTION('',(-0.555531,-0.831496,0.000000));
#4526=VECTOR('',#4527,0.457821);
#4528=LINE('',#4524,#4526);
#4530=CARTESIAN_POINT('',(703.4689,-299.7500,-232.0000));
#4531=VERTEX_POINT('',#4530);
#4529=EDGE_CURVE('',#4525,#4531,#4528,.T.);
#4533=DIRECTION('',(-0.442328,-0.896853,0.000000));
#4532=VECTOR('',#4533,0.457838);
#4534=LINE('',#4530,#4532);
#4536=CARTESIAN_POINT('',(703.2664,-300.1606,-232.0000));
#4537=VERTEX_POINT('',#4536);
#4535=EDGE_CURVE('',#4531,#4537,#4534,.T.);
#4539=DIRECTION('',(-0.321422,-0.946936,0.000000));
#4538=VECTOR('',#4539,0.457827);
#4540=LINE('',#4536,#4538);
#4542=CARTESIAN_POINT('',(703.1193,-300.5941,-232.0000));
#4543=VERTEX_POINT('',#4542);
#4541=EDGE_CURVE('',#4537,#4543,#4540,.T.);
#4545=DIRECTION('',(-0.195052,-0.980793,0.000000));
#4544=VECTOR('',#4545,0.457798);
#4546=LINE('',#4542,#4544);
#4548=CARTESIAN_POINT('',(703.0300,-301.0432,-232.0000));
#4549=VERTEX_POINT('',#4548);
#4547=EDGE_CURVE('',#4543,#4549,#4546,.T.);
#4551=DIRECTION('',(-0.065457,-0.997855,0.000000));
#4550=VECTOR('',#4551,0.457830);
#4552=LINE('',#4548,#4550);
#4554=CARTESIAN_POINT('',(703.0000,-301.5000,-232.0000));
#4555=VERTEX_POINT('',#4554);
#4553=EDGE_CURVE('',#4549,#4555,#4552,.T.);
#4557=DIRECTION('',(0.065457,-0.997855,0.000000));
#4556=VECTOR('',#4557,0.457830);
#4558=LINE('',#4554,#4556);
#4560=CARTESIAN_POINT('',(703.0300,-301.9568,-232.0000));
#4561=VERTEX_POINT('',#4560);
#4559=EDGE_CURVE('',#4555,#4561,#4558,.T.);
#4563=DIRECTION('',(0.195052,-0.980793,0.000000));
#4562=VECTOR('',#4563,0.457798);
#4564=LINE('',#4560,#4562);
#4566=CARTESIAN_POINT('',(703.1193,-302.4059,-232.0000));
#4567=VERTEX_POINT('',#4566);
#4565=EDGE_CURVE('',#4561,#4567,#4564,.T.);
#4569=DIRECTION('',(0.321422,-0.946936,0.000000));
#4568=VECTOR('',#4569,0.457827);
#4570=LINE('',#4566,#4568);
#4572=CARTESIAN_POINT('',(703.2664,-302.8394,-232.0000));
#4573=VERTEX_POINT('',#4572);
#4571=EDGE_CURVE('',#4567,#4573,#4570,.T.);
#4575=DIRECTION('',(0.442328,-0.896853,0.000000));
#4574=VECTOR('',#4575,0.457838);
#4576=LINE('',#4572,#4574);
#4578=CARTESIAN_POINT('',(703.4689,-303.2500,-232.0000));
#4579=VERTEX_POINT('',#4578);
#4577=EDGE_CURVE('',#4573,#4579,#4576,.T.);
#4581=DIRECTION('',(0.555531,-0.831496,0.000000));
#4580=VECTOR('',#4581,0.457821);
#4582=LINE('',#4578,#4580);
#4584=CARTESIAN_POINT('',(703.7233,-303.6307,-232.0000));
#4585=VERTEX_POINT('',#4584);
#4583=EDGE_CURVE('',#4579,#4585,#4582,.T.);
#4587=DIRECTION('',(0.659368,-0.751821,0.000000));
#4586=VECTOR('',#4587,0.457832);
#4588=LINE('',#4584,#4586);
#4590=CARTESIAN_POINT('',(704.0251,-303.9749,-232.0000));
#4591=VERTEX_POINT('',#4590);
#4589=EDGE_CURVE('',#4585,#4591,#4588,.T.);
#4593=DIRECTION('',(0.751825,-0.659363,0.000000));
#4592=VECTOR('',#4593,0.457789);
#4594=LINE('',#4590,#4592);
#4596=CARTESIAN_POINT('',(704.3693,-304.2767,-232.0000));
#4597=VERTEX_POINT('',#4596);
#4595=EDGE_CURVE('',#4591,#4597,#4594,.T.);
#4599=DIRECTION('',(0.831465,-0.555577,0.000000));
#4598=VECTOR('',#4599,0.457838);
#4600=LINE('',#4596,#4598);
#4602=CARTESIAN_POINT('',(704.7500,-304.5311,-232.0000));
#4603=VERTEX_POINT('',#4602);
#4601=EDGE_CURVE('',#4597,#4603,#4600,.T.);
#4605=DIRECTION('',(0.896867,-0.442301,0.000000));
#4604=VECTOR('',#4605,0.457798);
#4606=LINE('',#4602,#4604);
#4608=CARTESIAN_POINT('',(705.1606,-304.7336,-232.0000));
#4609=VERTEX_POINT('',#4608);
#4607=EDGE_CURVE('',#4603,#4609,#4606,.T.);
#4611=DIRECTION('',(0.946936,-0.321422,0.000000));
#4610=VECTOR('',#4611,0.457827);
#4612=LINE('',#4608,#4610);
#4614=CARTESIAN_POINT('',(705.5941,-304.8807,-232.0000));
#4615=VERTEX_POINT('',#4614);
#4613=EDGE_CURVE('',#4609,#4615,#4612,.T.);
#4617=DIRECTION('',(0.980783,-0.195103,0.000000));
#4616=VECTOR('',#4617,0.457834);
#4618=LINE('',#4614,#4616);
#4620=CARTESIAN_POINT('',(706.0432,-304.9701,-232.0000));
#4621=VERTEX_POINT('',#4620);
#4619=EDGE_CURVE('',#4615,#4621,#4618,.T.);
#4623=DIRECTION('',(0.997860,-0.065391,0.000000));
#4622=VECTOR('',#4623,0.457828);
#4624=LINE('',#4620,#4622);
#4626=CARTESIAN_POINT('',(706.5000,-305.0000,-232.0000));
#4627=VERTEX_POINT('',#4626);
#4625=EDGE_CURVE('',#4621,#4627,#4624,.T.);
#4629=DIRECTION('',(-0.997859,-0.065404,0.000000));
#4628=VECTOR('',#4629,96.707064);
#4630=LINE('',#4626,#4628);
#4631=EDGE_CURVE('',#4627,#4339,#4630,.T.);
#4633=DIRECTION('',(0.000000,1.000000,0.000000));
#4632=VECTOR('',#4633,2.392365);
#4634=LINE('',#4338,#4632);
#4636=CARTESIAN_POINT('',(610.0000,-308.9327,-232.0000));
#4637=VERTEX_POINT('',#4636);
#4635=EDGE_CURVE('',#4339,#4637,#4634,.T.);
#4639=DIRECTION('',(0.997859,0.065404,0.000000));
#4638=VECTOR('',#4639,60.586573);
#4640=LINE('',#4636,#4638);
#4642=CARTESIAN_POINT('',(670.4568,-304.9701,-232.0000));
#4643=VERTEX_POINT('',#4642);
#4641=EDGE_CURVE('',#4637,#4643,#4640,.T.);
#4645=DIRECTION('',(0.980783,0.195103,0.000000));
#4644=VECTOR('',#4645,0.457834);
#4646=LINE('',#4642,#4644);
#4648=CARTESIAN_POINT('',(670.9059,-304.8807,-232.0000));
#4649=VERTEX_POINT('',#4648);
#4647=EDGE_CURVE('',#4643,#4649,#4646,.T.);
#4651=DIRECTION('',(0.946936,0.321422,0.000000));
#4650=VECTOR('',#4651,0.457827);
#4652=LINE('',#4648,#4650);
#4654=CARTESIAN_POINT('',(671.3394,-304.7336,-232.0000));
#4655=VERTEX_POINT('',#4654);
#4653=EDGE_CURVE('',#4649,#4655,#4652,.T.);
#4657=DIRECTION('',(0.896867,0.442301,0.000000));
#4656=VECTOR('',#4657,0.457798);
#4658=LINE('',#4654,#4656);
#4660=CARTESIAN_POINT('',(671.7500,-304.5311,-232.0000));
#4661=VERTEX_POINT('',#4660);
#4659=EDGE_CURVE('',#4655,#4661,#4658,.T.);
#4663=DIRECTION('',(0.831465,0.555577,0.000000));
#4662=VECTOR('',#4663,0.457838);
#4664=LINE('',#4660,#4662);
#4666=CARTESIAN_POINT('',(672.1307,-304.2767,-232.0000));
#4667=VERTEX_POINT('',#4666);
#4665=EDGE_CURVE('',#4661,#4667,#4664,.T.);
#4669=DIRECTION('',(0.751825,0.659363,0.000000));
#4668=VECTOR('',#4669,0.457789);
#4670=LINE('',#4666,#4668);
#4672=CARTESIAN_POINT('',(672.4749,-303.9749,-232.0000));
#4673=VERTEX_POINT('',#4672);
#4671=EDGE_CURVE('',#4667,#4673,#4670,.T.);
#4675=DIRECTION('',(0.659368,0.751821,0.000000));
#4674=VECTOR('',#4675,0.457832);
#4676=LINE('',#4672,#4674);
#4678=CARTESIAN_POINT('',(672.7767,-303.6307,-232.0000));
#4679=VERTEX_POINT('',#4678);
#4677=EDGE_CURVE('',#4673,#4679,#4676,.T.);
#4681=DIRECTION('',(0.555531,0.831496,0.000000));
#4680=VECTOR('',#4681,0.457821);
#4682=LINE('',#4678,#4680);
#4684=CARTESIAN_POINT('',(673.0311,-303.2500,-232.0000));
#4685=VERTEX_POINT('',#4684);
#4683=EDGE_CURVE('',#4679,#4685,#4682,.T.);
#4687=DIRECTION('',(0.442328,0.896853,0.000000));
#4686=VECTOR('',#4687,0.457838);
#4688=LINE('',#4684,#4686);
#4690=CARTESIAN_POINT('',(673.2336,-302.8394,-232.0000));
#4691=VERTEX_POINT('',#4690);
#4689=EDGE_CURVE('',#4685,#4691,#4688,.T.);
#4693=DIRECTION('',(0.321422,0.946936,0.000000));
#4692=VECTOR('',#4693,0.457827);
#4694=LINE('',#4690,#4692);
#4696=CARTESIAN_POINT('',(673.3807,-302.4059,-232.0000));
#4697=VERTEX_POINT('',#4696);
#4695=EDGE_CURVE('',#4691,#4697,#4694,.T.);
#4699=DIRECTION('',(0.195052,0.980793,0.000000));
#4698=VECTOR('',#4699,0.457798);
#4700=LINE('',#4696,#4698);
#4702=CARTESIAN_POINT('',(673.4700,-301.9568,-232.0000));
#4703=VERTEX_POINT('',#4702);
#4701=EDGE_CURVE('',#4697,#4703,#4700,.T.);
#4705=DIRECTION('',(0.065457,0.997855,0.000000));
#4704=VECTOR('',#4705,0.457830);
#4706=LINE('',#4702,#4704);
#4708=CARTESIAN_POINT('',(673.5000,-301.5000,-232.0000));
#4709=VERTEX_POINT('',#4708);
#4707=EDGE_CURVE('',#4703,#4709,#4706,.T.);
#4711=DIRECTION('',(-0.065457,0.997855,0.000000));
#4710=VECTOR('',#4711,0.457830);
#4712=LINE('',#4708,#4710);
#4714=CARTESIAN_POINT('',(673.4700,-301.0432,-232.0000));
#4715=VERTEX_POINT('',#4714);
#4713=EDGE_CURVE('',#4709,#4715,#4712,.T.);
#4717=DIRECTION('',(-0.195052,0.980793,0.000000));
#4716=VECTOR('',#4717,0.457798);
#4718=LINE('',#4714,#4716);
#4720=CARTESIAN_POINT('',(673.3807,-300.5941,-232.0000));
#4721=VERTEX_POINT('',#4720);
#4719=EDGE_CURVE('',#4715,#4721,#4718,.T.);
#4723=DIRECTION('',(-0.321422,0.946936,0.000000));
#4722=VECTOR('',#4723,0.457827);
#4724=LINE('',#4720,#4722);
#4726=CARTESIAN_POINT('',(673.2336,-300.1606,-232.0000));
#4727=VERTEX_POINT('',#4726);
#4725=EDGE_CURVE('',#4721,#4727,#4724,.T.);
#4729=DIRECTION('',(-0.442328,0.896853,0.000000));
#4728=VECTOR('',#4729,0.457838);
#4730=LINE('',#4726,#4728);
#4732=CARTESIAN_POINT('',(673.0311,-299.7500,-232.0000));
#4733=VERTEX_POINT('',#4732);
#4731=EDGE_CURVE('',#4727,#4733,#4730,.T.);
#4735=DIRECTION('',(-0.555531,0.831496,0.000000));
#4734=VECTOR('',#4735,0.457821);
#4736=LINE('',#4732,#4734);
#4738=CARTESIAN_POINT('',(672.7767,-299.3693,-232.0000));
#4739=VERTEX_POINT('',#4738);
#4737=EDGE_CURVE('',#4733,#4739,#4736,.T.);
#4741=DIRECTION('',(-0.659368,0.751821,0.000000));
#4740=VECTOR('',#4741,0.457832);
#4742=LINE('',#4738,#4740);
#4744=CARTESIAN_POINT('',(672.4749,-299.0251,-232.0000));
#4745=VERTEX_POINT('',#4744);
#4743=EDGE_CURVE('',#4739,#4745,#4742,.T.);
#4747=DIRECTION('',(-0.751825,0.659363,0.000000));
#4746=VECTOR('',#4747,0.457789);
#4748=LINE('',#4744,#4746);
#4750=CARTESIAN_POINT('',(672.1307,-298.7233,-232.0000));
#4751=VERTEX_POINT('',#4750);
#4749=EDGE_CURVE('',#4745,#4751,#4748,.T.);
#4753=DIRECTION('',(-0.831465,0.555577,0.000000));
#4752=VECTOR('',#4753,0.457838);
#4754=LINE('',#4750,#4752);
#4756=CARTESIAN_POINT('',(671.7500,-298.4689,-232.0000));
#4757=VERTEX_POINT('',#4756);
#4755=EDGE_CURVE('',#4751,#4757,#4754,.T.);
#4759=DIRECTION('',(-0.896867,0.442301,0.000000));
#4758=VECTOR('',#4759,0.457798);
#4760=LINE('',#4756,#4758);
#4762=CARTESIAN_POINT('',(671.3394,-298.2664,-232.0000));
#4763=VERTEX_POINT('',#4762);
#4761=EDGE_CURVE('',#4757,#4763,#4760,.T.);
#4765=DIRECTION('',(-0.946936,0.321422,0.000000));
#4764=VECTOR('',#4765,0.457827);
#4766=LINE('',#4762,#4764);
#4768=CARTESIAN_POINT('',(670.9059,-298.1193,-232.0000));
#4769=VERTEX_POINT('',#4768);
#4767=EDGE_CURVE('',#4763,#4769,#4766,.T.);
#4771=DIRECTION('',(-0.980783,0.195103,0.000000));
#4770=VECTOR('',#4771,0.457834);
#4772=LINE('',#4768,#4770);
#4774=CARTESIAN_POINT('',(670.4568,-298.0299,-232.0000));
#4775=VERTEX_POINT('',#4774);
#4773=EDGE_CURVE('',#4769,#4775,#4772,.T.);
#4777=DIRECTION('',(-0.997860,0.065391,0.000000));
#4776=VECTOR('',#4777,0.457828);
#4778=LINE('',#4774,#4776);
#4780=CARTESIAN_POINT('',(670.0000,-298.0000,-232.0000));
#4781=VERTEX_POINT('',#4780);
#4779=EDGE_CURVE('',#4775,#4781,#4778,.T.);
#4783=DIRECTION('',(-0.997860,-0.065391,0.000000));
#4782=VECTOR('',#4783,0.457828);
#4784=LINE('',#4780,#4782);
#4786=CARTESIAN_POINT('',(669.5432,-298.0299,-232.0000));
#4787=VERTEX_POINT('',#4786);
#4785=EDGE_CURVE('',#4781,#4787,#4784,.T.);
#4789=DIRECTION('',(-0.980783,-0.195103,0.000000));
#4788=VECTOR('',#4789,0.457834);
#4790=LINE('',#4786,#4788);
#4792=CARTESIAN_POINT('',(669.0941,-298.1193,-232.0000));
#4793=VERTEX_POINT('',#4792);
#4791=EDGE_CURVE('',#4787,#4793,#4790,.T.);
#4795=DIRECTION('',(-0.946936,-0.321422,0.000000));
#4794=VECTOR('',#4795,0.457827);
#4796=LINE('',#4792,#4794);
#4798=CARTESIAN_POINT('',(668.6606,-298.2664,-232.0000));
#4799=VERTEX_POINT('',#4798);
#4797=EDGE_CURVE('',#4793,#4799,#4796,.T.);
#4801=DIRECTION('',(-0.896867,-0.442301,0.000000));
#4800=VECTOR('',#4801,0.457798);
#4802=LINE('',#4798,#4800);
#4804=CARTESIAN_POINT('',(668.2500,-298.4689,-232.0000));
#4805=VERTEX_POINT('',#4804);
#4803=EDGE_CURVE('',#4799,#4805,#4802,.T.);
#4807=DIRECTION('',(-0.831465,-0.555577,0.000000));
#4806=VECTOR('',#4807,0.457838);
#4808=LINE('',#4804,#4806);
#4810=CARTESIAN_POINT('',(667.8693,-298.7233,-232.0000));
#4811=VERTEX_POINT('',#4810);
#4809=EDGE_CURVE('',#4805,#4811,#4808,.T.);
#4813=DIRECTION('',(-0.751825,-0.659363,0.000000));
#4812=VECTOR('',#4813,0.457789);
#4814=LINE('',#4810,#4812);
#4816=CARTESIAN_POINT('',(667.5251,-299.0251,-232.0000));
#4817=VERTEX_POINT('',#4816);
#4815=EDGE_CURVE('',#4811,#4817,#4814,.T.);
#4819=DIRECTION('',(-0.659368,-0.751821,0.000000));
#4818=VECTOR('',#4819,0.457832);
#4820=LINE('',#4816,#4818);
#4822=CARTESIAN_POINT('',(667.2233,-299.3693,-232.0000));
#4823=VERTEX_POINT('',#4822);
#4821=EDGE_CURVE('',#4817,#4823,#4820,.T.);
#4825=DIRECTION('',(-0.555531,-0.831496,0.000000));
#4824=VECTOR('',#4825,0.457821);
#4826=LINE('',#4822,#4824);
#4828=CARTESIAN_POINT('',(666.9689,-299.7500,-232.0000));
#4829=VERTEX_POINT('',#4828);
#4827=EDGE_CURVE('',#4823,#4829,#4826,.T.);
#4831=DIRECTION('',(-0.442328,-0.896853,0.000000));
#4830=VECTOR('',#4831,0.457838);
#4832=LINE('',#4828,#4830);
#4834=CARTESIAN_POINT('',(666.7664,-300.1606,-232.0000));
#4835=VERTEX_POINT('',#4834);
#4833=EDGE_CURVE('',#4829,#4835,#4832,.T.);
#4837=DIRECTION('',(-0.321422,-0.946936,0.000000));
#4836=VECTOR('',#4837,0.457827);
#4838=LINE('',#4834,#4836);
#4840=CARTESIAN_POINT('',(666.6193,-300.5941,-232.0000));
#4841=VERTEX_POINT('',#4840);
#4839=EDGE_CURVE('',#4835,#4841,#4838,.T.);
#4843=DIRECTION('',(-0.195052,-0.980793,0.000000));
#4842=VECTOR('',#4843,0.457798);
#4844=LINE('',#4840,#4842);
#4846=CARTESIAN_POINT('',(666.5300,-301.0432,-232.0000));
#4847=VERTEX_POINT('',#4846);
#4845=EDGE_CURVE('',#4841,#4847,#4844,.T.);
#4849=DIRECTION('',(-0.065457,-0.997855,0.000000));
#4848=VECTOR('',#4849,0.457830);
#4850=LINE('',#4846,#4848);
#4852=CARTESIAN_POINT('',(666.5000,-301.5000,-232.0000));
#4853=VERTEX_POINT('',#4852);
#4851=EDGE_CURVE('',#4847,#4853,#4850,.T.);
#4855=DIRECTION('',(0.065457,-0.997855,0.000000));
#4854=VECTOR('',#4855,0.457830);
#4856=LINE('',#4852,#4854);
#4858=CARTESIAN_POINT('',(666.5300,-301.9568,-232.0000));
#4859=VERTEX_POINT('',#4858);
#4857=EDGE_CURVE('',#4853,#4859,#4856,.T.);
#4861=DIRECTION('',(0.195052,-0.980793,0.000000));
#4860=VECTOR('',#4861,0.457798);
#4862=LINE('',#4858,#4860);
#4864=CARTESIAN_POINT('',(666.6193,-302.4059,-232.0000));
#4865=VERTEX_POINT('',#4864);
#4863=EDGE_CURVE('',#4859,#4865,#4862,.T.);
#4867=DIRECTION('',(0.321422,-0.946936,0.000000));
#4866=VECTOR('',#4867,0.457827);
#4868=LINE('',#4864,#4866);
#4870=CARTESIAN_POINT('',(666.7664,-302.8394,-232.0000));
#4871=VERTEX_POINT('',#4870);
#4869=EDGE_CURVE('',#4865,#4871,#4868,.T.);
#4873=DIRECTION('',(0.442328,-0.896853,0.000000));
#4872=VECTOR('',#4873,0.457838);
#4874=LINE('',#4870,#4872);
#4876=CARTESIAN_POINT('',(666.9689,-303.2500,-232.0000));
#4877=VERTEX_POINT('',#4876);
#4875=EDGE_CURVE('',#4871,#4877,#4874,.T.);
#4879=DIRECTION('',(0.555531,-0.831496,0.000000));
#4878=VECTOR('',#4879,0.457821);
#4880=LINE('',#4876,#4878);
#4882=CARTESIAN_POINT('',(667.2233,-303.6307,-232.0000));
#4883=VERTEX_POINT('',#4882);
#4881=EDGE_CURVE('',#4877,#4883,#4880,.T.);
#4885=DIRECTION('',(0.659368,-0.751821,0.000000));
#4884=VECTOR('',#4885,0.457832);
#4886=LINE('',#4882,#4884);
#4888=CARTESIAN_POINT('',(667.5251,-303.9749,-232.0000));
#4889=VERTEX_POINT('',#4888);
#4887=EDGE_CURVE('',#4883,#4889,#4886,.T.);
#4891=DIRECTION('',(0.751825,-0.659363,0.000000));
#4890=VECTOR('',#4891,0.457789);
#4892=LINE('',#4888,#4890);
#4894=CARTESIAN_POINT('',(667.8693,-304.2767,-232.0000));
#4895=VERTEX_POINT('',#4894);
#4893=EDGE_CURVE('',#4889,#4895,#4892,.T.);
#4897=DIRECTION('',(0.831465,-0.555577,0.000000));
#4896=VECTOR('',#4897,0.457838);
#4898=LINE('',#4894,#4896);
#4900=CARTESIAN_POINT('',(668.2500,-304.5311,-232.0000));
#4901=VERTEX_POINT('',#4900);
#4899=EDGE_CURVE('',#4895,#4901,#4898,.T.);
#4903=DIRECTION('',(0.896867,-0.442301,0.000000));
#4902=VECTOR('',#4903,0.457798);
#4904=LINE('',#4900,#4902);
#4906=CARTESIAN_POINT('',(668.6606,-304.7336,-232.0000));
#4907=VERTEX_POINT('',#4906);
#4905=EDGE_CURVE('',#4901,#4907,#4904,.T.);
#4909=DIRECTION('',(0.946936,-0.321422,0.000000));
#4908=VECTOR('',#4909,0.457827);
#4910=LINE('',#4906,#4908);
#4912=CARTESIAN_POINT('',(669.0941,-304.8807,-232.0000));
#4913=VERTEX_POINT('',#4912);
#4911=EDGE_CURVE('',#4907,#4913,#4910,.T.);
#4915=DIRECTION('',(0.980783,-0.195103,0.000000));
#4914=VECTOR('',#4915,0.457834);
#4916=LINE('',#4912,#4914);
#4918=CARTESIAN_POINT('',(669.5432,-304.9701,-232.0000));
#4919=VERTEX_POINT('',#4918);
#4917=EDGE_CURVE('',#4913,#4919,#4916,.T.);
#4921=DIRECTION('',(0.997860,-0.065391,0.000000));
#4920=VECTOR('',#4921,0.457828);
#4922=LINE('',#4918,#4920);
#4924=CARTESIAN_POINT('',(670.0000,-305.0000,-232.0000));
#4925=VERTEX_POINT('',#4924);
#4923=EDGE_CURVE('',#4919,#4925,#4922,.T.);
#4927=DIRECTION('',(-0.997859,-0.065404,0.000000));
#4926=VECTOR('',#4927,60.128745);
#4928=LINE('',#4924,#4926);
#4929=EDGE_CURVE('',#4925,#4637,#4928,.T.);
#4931=DIRECTION('',(0.000000,1.000000,0.000000));
#4930=VECTOR('',#4931,59.932678);
#4932=LINE('',#4636,#4930);
#4933=EDGE_CURVE('',#4637,#136,#4932,.T.);
#4935=DIRECTION('',(0.000000,-1.000000,0.000000));
#4934=VECTOR('',#4935,65.000000);
#4936=LINE('',#41,#4934);
#4937=EDGE_CURVE('',#42,#6,#4936,.T.);
#4938=ORIENTED_EDGE('',*,*,#4036,.T.);
#4939=ORIENTED_EDGE('',*,*,#4040,.T.);
#4940=ORIENTED_EDGE('',*,*,#4045,.T.);
#4941=ORIENTED_EDGE('',*,*,#4051,.T.);
#4942=ORIENTED_EDGE('',*,*,#4057,.T.);
#4943=ORIENTED_EDGE('',*,*,#4063,.T.);
#4944=ORIENTED_EDGE('',*,*,#4069,.T.);
#4945=ORIENTED_EDGE('',*,*,#4075,.T.);
#4946=ORIENTED_EDGE('',*,*,#4081,.T.);
#4947=ORIENTED_EDGE('',*,*,#4087,.T.);
#4948=ORIENTED_EDGE('',*,*,#4093,.T.);
#4949=ORIENTED_EDGE('',*,*,#4099,.T.);
#4950=ORIENTED_EDGE('',*,*,#4105,.T.);
#4951=ORIENTED_EDGE('',*,*,#4111,.T.);
#4952=ORIENTED_EDGE('',*,*,#4117,.T.);
#4953=ORIENTED_EDGE('',*,*,#4123,.T.);
#4954=ORIENTED_EDGE('',*,*,#4129,.T.);
#4955=ORIENTED_EDGE('',*,*,#4135,.T.);
#4956=ORIENTED_EDGE('',*,*,#4141,.T.);
#4957=ORIENTED_EDGE('',*,*,#4147,.T.);
#4958=ORIENTED_EDGE('',*,*,#4153,.T.);
#4959=ORIENTED_EDGE('',*,*,#4159,.T.);
#4960=ORIENTED_EDGE('',*,*,#4165,.T.);
#4961=ORIENTED_EDGE('',*,*,#4171,.T.);
#4962=ORIENTED_EDGE('',*,*,#4177,.T.);
#4963=ORIENTED_EDGE('',*,*,#4183,.T.);
#4964=ORIENTED_EDGE('',*,*,#4189,.T.);
#4965=ORIENTED_EDGE('',*,*,#4195,.T.);
#4966=ORIENTED_EDGE('',*,*,#4201,.T.);
#4967=ORIENTED_EDGE('',*,*,#4207,.T.);
#4968=ORIENTED_EDGE('',*,*,#4213,.T.);
#4969=ORIENTED_EDGE('',*,*,#4219,.T.);
#4970=ORIENTED_EDGE('',*,*,#4225,.T.);
#4971=ORIENTED_EDGE('',*,*,#4231,.T.);
#4972=ORIENTED_EDGE('',*,*,#4237,.T.);
#4973=ORIENTED_EDGE('',*,*,#4243,.T.);
#4974=ORIENTED_EDGE('',*,*,#4249,.T.);
#4975=ORIENTED_EDGE('',*,*,#4255,.T.);
#4976=ORIENTED_EDGE('',*,*,#4261,.T.);
#4977=ORIENTED_EDGE('',*,*,#4267,.T.);
#4978=ORIENTED_EDGE('',*,*,#4273,.T.);
#4979=ORIENTED_EDGE('',*,*,#4279,.T.);
#4980=ORIENTED_EDGE('',*,*,#4285,.T.);
#4981=ORIENTED_EDGE('',*,*,#4291,.T.);
#4982=ORIENTED_EDGE('',*,*,#4297,.T.);
#4983=ORIENTED_EDGE('',*,*,#4303,.T.);
#4984=ORIENTED_EDGE('',*,*,#4309,.T.);
#4985=ORIENTED_EDGE('',*,*,#4315,.T.);
#4986=ORIENTED_EDGE('',*,*,#4321,.T.);
#4987=ORIENTED_EDGE('',*,*,#4327,.T.);
#4988=ORIENTED_EDGE('',*,*,#4333,.T.);
#4989=ORIENTED_EDGE('',*,*,#4337,.T.);
#4990=ORIENTED_EDGE('',*,*,#4343,.T.);
#4991=ORIENTED_EDGE('',*,*,#4349,.T.);
#4992=ORIENTED_EDGE('',*,*,#4355,.T.);
#4993=ORIENTED_EDGE('',*,*,#4361,.T.);
#4994=ORIENTED_EDGE('',*,*,#4367,.T.);
#4995=ORIENTED_EDGE('',*,*,#4373,.T.);
#4996=ORIENTED_EDGE('',*,*,#4379,.T.);
#4997=ORIENTED_EDGE('',*,*,#4385,.T.);
#4998=ORIENTED_EDGE('',*,*,#4391,.T.);
#4999=ORIENTED_EDGE('',*,*,#4397,.T.);
#5000=ORIENTED_EDGE('',*,*,#4403,.T.);
#5001=ORIENTED_EDGE('',*,*,#4409,.T.);
#5002=ORIENTED_EDGE('',*,*,#4415,.T.);
#5003=ORIENTED_EDGE('',*,*,#4421,.T.);
#5004=ORIENTED_EDGE('',*,*,#4427,.T.);
#5005=ORIENTED_EDGE('',*,*,#4433,.T.);
#5006=ORIENTED_EDGE('',*,*,#4439,.T.);
#5007=ORIENTED_EDGE('',*,*,#4445,.T.);
#5008=ORIENTED_EDGE('',*,*,#4451,.T.);
#5009=ORIENTED_EDGE('',*,*,#4457,.T.);
#5010=ORIENTED_EDGE('',*,*,#4463,.T.);
#5011=ORIENTED_EDGE('',*,*,#4469,.T.);
#5012=ORIENTED_EDGE('',*,*,#4475,.T.);
#5013=ORIENTED_EDGE('',*,*,#4481,.T.);
#5014=ORIENTED_EDGE('',*,*,#4487,.T.);
#5015=ORIENTED_EDGE('',*,*,#4493,.T.);
#5016=ORIENTED_EDGE('',*,*,#4499,.T.);
#5017=ORIENTED_EDGE('',*,*,#4505,.T.);
#5018=ORIENTED_EDGE('',*,*,#4511,.T.);
#5019=ORIENTED_EDGE('',*,*,#4517,.T.);
#5020=ORIENTED_EDGE('',*,*,#4523,.T.);
#5021=ORIENTED_EDGE('',*,*,#4529,.T.);
#5022=ORIENTED_EDGE('',*,*,#4535,.T.);
#5023=ORIENTED_EDGE('',*,*,#4541,.T.);
#5024=ORIENTED_EDGE('',*,*,#4547,.T.);
#5025=ORIENTED_EDGE('',*,*,#4553,.T.);
#5026=ORIENTED_EDGE('',*,*,#4559,.T.);
#5027=ORIENTED_EDGE('',*,*,#4565,.T.);
#5028=ORIENTED_EDGE('',*,*,#4571,.T.);
#5029=ORIENTED_EDGE('',*,*,#4577,.T.);
#5030=ORIENTED_EDGE('',*,*,#4583,.T.);
#5031=ORIENTED_EDGE('',*,*,#4589,.T.);
#5032=ORIENTED_EDGE('',*,*,#4595,.T.);
#5033=ORIENTED_EDGE('',*,*,#4601,.T.);
#5034=ORIENTED_EDGE('',*,*,#4607,.T.);
#5035=ORIENTED_EDGE('',*,*,#4613,.T.);
#5036=ORIENTED_EDGE('',*,*,#4619,.T.);
#5037=ORIENTED_EDGE('',*,*,#4625,.T.);
#5038=ORIENTED_EDGE('',*,*,#4631,.T.);
#5039=ORIENTED_EDGE('',*,*,#4635,.T.);
#5040=ORIENTED_EDGE('',*,*,#4641,.T.);
#5041=ORIENTED_EDGE('',*,*,#4647,.T.);
#5042=ORIENTED_EDGE('',*,*,#4653,.T.);
#5043=ORIENTED_EDGE('',*,*,#4659,.T.);
#5044=ORIENTED_EDGE('',*,*,#4665,.T.);
#5045=ORIENTED_EDGE('',*,*,#4671,.T.);
#5046=ORIENTED_EDGE('',*,*,#4677,.T.);
#5047=ORIENTED_EDGE('',*,*,#4683,.T.);
#5048=ORIENTED_EDGE('',*,*,#4689,.T.);
#5049=ORIENTED_EDGE('',*,*,#4695,.T.);
#5050=ORIENTED_EDGE('',*,*,#4701,.T.);
#5051=ORIENTED_EDGE('',*,*,#4707,.T.);
#5052=ORIENTED_EDGE('',*,*,#4713,.T.);
#5053=ORIENTED_EDGE('',*,*,#4719,.T.);
#5054=ORIENTED_EDGE('',*,*,#4725,.T.);
#5055=ORIENTED_EDGE('',*,*,#4731,.T.);
#5056=ORIENTED_EDGE('',*,*,#4737,.T.);
#5057=ORIENTED_EDGE('',*,*,#4743,.T.);
#5058=ORIENTED_EDGE('',*,*,#4749,.T.);
#5059=ORIENTED_EDGE('',*,*,#4755,.T.);
#5060=ORIENTED_EDGE('',*,*,#4761,.T.);
#5061=ORIENTED_EDGE('',*,*,#4767,.T.);
#5062=ORIENTED_EDGE('',*,*,#4773,.T.);
#5063=ORIENTED_EDGE('',*,*,#4779,.T.);
#5064=ORIENTED_EDGE('',*,*,#4785,.T.);
#5065=ORIENTED_EDGE('',*,*,#4791,.T.);
#5066=ORIENTED_EDGE('',*,*,#4797,.T.);
#5067=ORIENTED_EDGE('',*,*,#4803,.T.);
#5068=ORIENTED_EDGE('',*,*,#4809,.T.);
#5069=ORIENTED_EDGE('',*,*,#4815,.T.);
#5070=ORIENTED_EDGE('',*,*,#4821,.T.);
#5071=ORIENTED_EDGE('',*,*,#4827,.T.);
#5072=ORIENTED_EDGE('',*,*,#4833,.T.);
#5073=ORIENTED_EDGE('',*,*,#4839,.T.);
#5074=ORIENTED_EDGE('',*,*,#4845,.T.);
#5075=ORIENTED_EDGE('',*,*,#4851,.T.);
#5076=ORIENTED_EDGE('',*,*,#4857,.T.);
#5077=ORIENTED_EDGE('',*,*,#4863,.T.);
#5078=ORIENTED_EDGE('',*,*,#4869,.T.);
#5079=ORIENTED_EDGE('',*,*,#4875,.T.);
#5080=ORIENTED_EDGE('',*,*,#4881,.T.);
#5081=ORIENTED_EDGE('',*,*,#4887,.T.);
#5082=ORIENTED_EDGE('',*,*,#4893,.T.);
#5083=ORIENTED_EDGE('',*,*,#4899,.T.);
#5084=ORIENTED_EDGE('',*,*,#4905,.T.);
#5085=ORIENTED_EDGE('',*,*,#4911,.T.);
#5086=ORIENTED_EDGE('',*,*,#4917,.T.);
#5087=ORIENTED_EDGE('',*,*,#4923,.T.);
#5088=ORIENTED_EDGE('',*,*,#4929,.T.);
#5089=ORIENTED_EDGE('',*,*,#4933,.T.);
#5090=ORIENTED_EDGE('',*,*,#160,.F.);
#5091=ORIENTED_EDGE('',*,*,#4937,.T.);
#5092=EDGE_LOOP('',(#4938,#4939,#4940,#4941,#4942,#4943,#4944,#4945,#4946,#4947,#4948,#4949,#4950,#4951,#4952,#4953,#4954,#4955,#4956,#4957,#4958,#4959,#4960,#4961,#4962,#4963,#4964,#4965,#4966,#4967,#4968,#4969,#4970,#4971,#4972,#4973,#4974,#4975,#4976,#4977,#4978,#4979,#4980,#4981,#4982,#4983,#4984,#4985,#4986,#4987,#4988,#4989,#4990,#4991,#4992,#4993,#4994,#4995,#4996,#4997,#4998,#4999,#5000,#5001,#5002,#5003,#5004,#5005,#5006,#5007,#5008,#5009,#5010,#5011,#5012,#5013,#5014,#5015,#5016,#5017,#5018,#5019,#5020,#5021,#5022,#5023,#5024,#5025,#5026,#5027,#5028,#5029,#5030,#5031,#5032,#5033,#5034,#5035,#5036,#5037,#5038,#5039,#5040,#5041,#5042,#5043,#5044,#5045,#5046,#5047,#5048,#5049,#5050,#5051,#5052,#5053,#5054,#5055,#5056,#5057,#5058,#5059,#5060,#5061,#5062,#5063,#5064,#5065,#5066,#5067,#5068,#5069,#5070,#5071,#5072,#5073,#5074,#5075,#5076,#5077,#5078,#5079,#5080,#5081,#5082,#5083,#5084,#5085,#5086,#5087,#5088,#5089,#5090,#5091));
#5093=FACE_OUTER_BOUND('',#5092,.T.);
#5096=CARTESIAN_POINT('',(803.0000,-301.0673,-232.0000));
#5097=DIRECTION('',(0.000000,0.000000,-1.000000));
#5098=DIRECTION('',(-1.000000,0.000000,0.000000));
#5095=AXIS2_PLACEMENT_3D('',#5096,#5097,#5098);
#5094=PLANE('',#5095);
#5099=ADVANCED_FACE('',(#5093),#5094,.T.);
#5101=DIRECTION('',(0.000000,0.000000,-1.000000));
#5100=VECTOR('',#5101,3.628433);
#5102=LINE('',#4,#5100);
#5104=VERTEX_POINT('',#89);
#5103=EDGE_CURVE('',#6,#5104,#5102,.T.);
#5106=DIRECTION('',(-0.997859,0.000000,-0.065395));
#5105=VECTOR('',#5106,143.960805);
#5107=LINE('',#89,#5105);
#5109=CARTESIAN_POINT('',(659.3474,-314.0000,-245.0428));
#5110=VERTEX_POINT('',#5109);
#5108=EDGE_CURVE('',#5104,#5110,#5107,.T.);
#5112=DIRECTION('',(-0.980783,0.000000,-0.195102));
#5111=VECTOR('',#5112,0.653986);
#5113=LINE('',#5109,#5111);
#5115=CARTESIAN_POINT('',(658.7059,-314.0000,-245.1704));
#5116=VERTEX_POINT('',#5115);
#5114=EDGE_CURVE('',#5110,#5116,#5113,.T.);
#5118=DIRECTION('',(-0.946928,0.000000,-0.321444));
#5117=VECTOR('',#5118,0.654034);
#5119=LINE('',#5115,#5117);
#5121=CARTESIAN_POINT('',(658.0866,-314.0000,-245.3806));
#5122=VERTEX_POINT('',#5121);
#5120=EDGE_CURVE('',#5116,#5122,#5119,.T.);
#5124=DIRECTION('',(-0.896877,0.000000,-0.442280));
#5123=VECTOR('',#5124,0.654057);
#5125=LINE('',#5121,#5123);
#5127=CARTESIAN_POINT('',(657.5000,-314.0000,-245.6699));
#5128=VERTEX_POINT('',#5127);
#5126=EDGE_CURVE('',#5122,#5128,#5125,.T.);
#5130=DIRECTION('',(-0.831479,0.000000,-0.555556));
#5129=VECTOR('',#5130,0.654043);
#5131=LINE('',#5127,#5129);
#5133=CARTESIAN_POINT('',(656.9562,-314.0000,-246.0332));
#5134=VERTEX_POINT('',#5133);
#5132=EDGE_CURVE('',#5128,#5134,#5131,.T.);
#5136=DIRECTION('',(-0.751825,0.000000,-0.659363));
#5135=VECTOR('',#5136,0.654008);
#5137=LINE('',#5133,#5135);
#5139=CARTESIAN_POINT('',(656.4645,-314.0000,-246.4645));
#5140=VERTEX_POINT('',#5139);
#5138=EDGE_CURVE('',#5134,#5140,#5137,.T.);
#5142=DIRECTION('',(-0.659380,0.000000,-0.751810));
#5141=VECTOR('',#5142,0.654061);
#5143=LINE('',#5139,#5141);
#5145=CARTESIAN_POINT('',(656.0332,-314.0000,-246.9562));
#5146=VERTEX_POINT('',#5145);
#5144=EDGE_CURVE('',#5140,#5146,#5143,.T.);
#5148=DIRECTION('',(-0.555551,0.000000,-0.831483));
#5147=VECTOR('',#5148,0.654022);
#5149=LINE('',#5145,#5147);
#5151=CARTESIAN_POINT('',(655.6699,-314.0000,-247.5000));
#5152=VERTEX_POINT('',#5151);
#5150=EDGE_CURVE('',#5146,#5152,#5149,.T.);
#5154=DIRECTION('',(-0.442261,0.000000,-0.896887));
#5153=VECTOR('',#5154,0.654016);
#5155=LINE('',#5151,#5153);
#5157=CARTESIAN_POINT('',(655.3806,-314.0000,-248.0866));
#5158=VERTEX_POINT('',#5157);
#5156=EDGE_CURVE('',#5152,#5158,#5155,.T.);
#5160=DIRECTION('',(-0.321486,0.000000,-0.946914));
#5159=VECTOR('',#5160,0.654044);
#5161=LINE('',#5157,#5159);
#5163=CARTESIAN_POINT('',(655.1703,-314.0000,-248.7059));
#5164=VERTEX_POINT('',#5163);
#5162=EDGE_CURVE('',#5158,#5164,#5161,.T.);
#5166=DIRECTION('',(-0.195044,0.000000,-0.980795));
#5165=VECTOR('',#5166,0.654025);
#5167=LINE('',#5163,#5165);
#5169=CARTESIAN_POINT('',(655.0428,-314.0000,-249.3474));
#5170=VERTEX_POINT('',#5169);
#5168=EDGE_CURVE('',#5164,#5170,#5167,.T.);
#5172=DIRECTION('',(-0.065418,0.000000,-0.997858));
#5171=VECTOR('',#5172,0.654035);
#5173=LINE('',#5169,#5171);
#5175=CARTESIAN_POINT('',(655.0000,-314.0000,-250.0000));
#5176=VERTEX_POINT('',#5175);
#5174=EDGE_CURVE('',#5170,#5176,#5173,.T.);
#5178=DIRECTION('',(0.065418,0.000000,-0.997858));
#5177=VECTOR('',#5178,0.654035);
#5179=LINE('',#5175,#5177);
#5181=CARTESIAN_POINT('',(655.0428,-314.0000,-250.6526));
#5182=VERTEX_POINT('',#5181);
#5180=EDGE_CURVE('',#5176,#5182,#5179,.T.);
#5184=DIRECTION('',(0.195044,0.000000,-0.980795));
#5183=VECTOR('',#5184,0.654025);
#5185=LINE('',#5181,#5183);
#5187=CARTESIAN_POINT('',(655.1703,-314.0000,-251.2941));
#5188=VERTEX_POINT('',#5187);
#5186=EDGE_CURVE('',#5182,#5188,#5185,.T.);
#5190=DIRECTION('',(0.321486,0.000000,-0.946914));
#5189=VECTOR('',#5190,0.654044);
#5191=LINE('',#5187,#5189);
#5193=CARTESIAN_POINT('',(655.3806,-314.0000,-251.9134));
#5194=VERTEX_POINT('',#5193);
#5192=EDGE_CURVE('',#5188,#5194,#5191,.T.);
#5196=DIRECTION('',(0.442261,0.000000,-0.896887));
#5195=VECTOR('',#5196,0.654016);
#5197=LINE('',#5193,#5195);
#5199=CARTESIAN_POINT('',(655.6699,-314.0000,-252.5000));
#5200=VERTEX_POINT('',#5199);
#5198=EDGE_CURVE('',#5194,#5200,#5197,.T.);
#5202=DIRECTION('',(0.555551,0.000000,-0.831483));
#5201=VECTOR('',#5202,0.654022);
#5203=LINE('',#5199,#5201);
#5205=CARTESIAN_POINT('',(656.0332,-314.0000,-253.0438));
#5206=VERTEX_POINT('',#5205);
#5204=EDGE_CURVE('',#5200,#5206,#5203,.T.);
#5208=DIRECTION('',(0.659380,0.000000,-0.751810));
#5207=VECTOR('',#5208,0.654061);
#5209=LINE('',#5205,#5207);
#5211=CARTESIAN_POINT('',(656.4645,-314.0000,-253.5355));
#5212=VERTEX_POINT('',#5211);
#5210=EDGE_CURVE('',#5206,#5212,#5209,.T.);
#5214=DIRECTION('',(0.751825,0.000000,-0.659363));
#5213=VECTOR('',#5214,0.654008);
#5215=LINE('',#5211,#5213);
#5217=CARTESIAN_POINT('',(656.9562,-314.0000,-253.9668));
#5218=VERTEX_POINT('',#5217);
#5216=EDGE_CURVE('',#5212,#5218,#5215,.T.);
#5220=DIRECTION('',(0.831479,0.000000,-0.555556));
#5219=VECTOR('',#5220,0.654043);
#5221=LINE('',#5217,#5219);
#5223=CARTESIAN_POINT('',(657.5000,-314.0000,-254.3301));
#5224=VERTEX_POINT('',#5223);
#5222=EDGE_CURVE('',#5218,#5224,#5221,.T.);
#5226=DIRECTION('',(0.896877,0.000000,-0.442280));
#5225=VECTOR('',#5226,0.654057);
#5227=LINE('',#5223,#5225);
#5229=CARTESIAN_POINT('',(658.0866,-314.0000,-254.6194));
#5230=VERTEX_POINT('',#5229);
#5228=EDGE_CURVE('',#5224,#5230,#5227,.T.);
#5232=DIRECTION('',(0.946928,0.000000,-0.321444));
#5231=VECTOR('',#5232,0.654034);
#5233=LINE('',#5229,#5231);
#5235=CARTESIAN_POINT('',(658.7059,-314.0000,-254.8296));
#5236=VERTEX_POINT('',#5235);
#5234=EDGE_CURVE('',#5230,#5236,#5233,.T.);
#5238=DIRECTION('',(0.980783,0.000000,-0.195102));
#5237=VECTOR('',#5238,0.653986);
#5239=LINE('',#5235,#5237);
#5241=CARTESIAN_POINT('',(659.3474,-314.0000,-254.9572));
#5242=VERTEX_POINT('',#5241);
#5240=EDGE_CURVE('',#5236,#5242,#5239,.T.);
#5244=DIRECTION('',(0.997860,0.000000,-0.065393));
#5243=VECTOR('',#5244,0.654049);
#5245=LINE('',#5241,#5243);
#5247=CARTESIAN_POINT('',(660.0000,-314.0000,-255.0000));
#5248=VERTEX_POINT('',#5247);
#5246=EDGE_CURVE('',#5242,#5248,#5245,.T.);
#5250=DIRECTION('',(0.997859,0.000000,0.065395));
#5249=VECTOR('',#5250,36.300726);
#5251=LINE('',#5247,#5249);
#5253=CARTESIAN_POINT('',(696.2230,-314.0000,-252.6261));
#5254=VERTEX_POINT('',#5253);
#5252=EDGE_CURVE('',#5248,#5254,#5251,.T.);
#5256=DIRECTION('',(0.980786,0.000000,0.195089));
#5255=VECTOR('',#5256,38.217231);
#5257=LINE('',#5253,#5255);
#5259=CARTESIAN_POINT('',(733.7059,-314.0000,-245.1704));
#5260=VERTEX_POINT('',#5259);
#5258=EDGE_CURVE('',#5254,#5260,#5257,.T.);
#5262=DIRECTION('',(-0.946928,0.000000,-0.321444));
#5261=VECTOR('',#5262,0.654034);
#5263=LINE('',#5259,#5261);
#5265=CARTESIAN_POINT('',(733.0866,-314.0000,-245.3806));
#5266=VERTEX_POINT('',#5265);
#5264=EDGE_CURVE('',#5260,#5266,#5263,.T.);
#5268=DIRECTION('',(-0.896877,0.000000,-0.442280));
#5267=VECTOR('',#5268,0.654057);
#5269=LINE('',#5265,#5267);
#5271=CARTESIAN_POINT('',(732.5000,-314.0000,-245.6699));
#5272=VERTEX_POINT('',#5271);
#5270=EDGE_CURVE('',#5266,#5272,#5269,.T.);
#5274=DIRECTION('',(-0.831479,0.000000,-0.555556));
#5273=VECTOR('',#5274,0.654043);
#5275=LINE('',#5271,#5273);
#5277=CARTESIAN_POINT('',(731.9562,-314.0000,-246.0332));
#5278=VERTEX_POINT('',#5277);
#5276=EDGE_CURVE('',#5272,#5278,#5275,.T.);
#5280=DIRECTION('',(-0.751825,0.000000,-0.659363));
#5279=VECTOR('',#5280,0.654008);
#5281=LINE('',#5277,#5279);
#5283=CARTESIAN_POINT('',(731.4645,-314.0000,-246.4645));
#5284=VERTEX_POINT('',#5283);
#5282=EDGE_CURVE('',#5278,#5284,#5281,.T.);
#5286=DIRECTION('',(-0.659380,0.000000,-0.751810));
#5285=VECTOR('',#5286,0.654061);
#5287=LINE('',#5283,#5285);
#5289=CARTESIAN_POINT('',(731.0332,-314.0000,-246.9562));
#5290=VERTEX_POINT('',#5289);
#5288=EDGE_CURVE('',#5284,#5290,#5287,.T.);
#5292=DIRECTION('',(-0.555551,0.000000,-0.831483));
#5291=VECTOR('',#5292,0.654022);
#5293=LINE('',#5289,#5291);
#5295=CARTESIAN_POINT('',(730.6699,-314.0000,-247.5000));
#5296=VERTEX_POINT('',#5295);
#5294=EDGE_CURVE('',#5290,#5296,#5293,.T.);
#5298=DIRECTION('',(-0.442261,0.000000,-0.896887));
#5297=VECTOR('',#5298,0.654016);
#5299=LINE('',#5295,#5297);
#5301=CARTESIAN_POINT('',(730.3806,-314.0000,-248.0866));
#5302=VERTEX_POINT('',#5301);
#5300=EDGE_CURVE('',#5296,#5302,#5299,.T.);
#5304=DIRECTION('',(-0.321486,0.000000,-0.946914));
#5303=VECTOR('',#5304,0.654044);
#5305=LINE('',#5301,#5303);
#5307=CARTESIAN_POINT('',(730.1703,-314.0000,-248.7059));
#5308=VERTEX_POINT('',#5307);
#5306=EDGE_CURVE('',#5302,#5308,#5305,.T.);
#5310=DIRECTION('',(-0.195044,0.000000,-0.980795));
#5309=VECTOR('',#5310,0.654025);
#5311=LINE('',#5307,#5309);
#5313=CARTESIAN_POINT('',(730.0428,-314.0000,-249.3474));
#5314=VERTEX_POINT('',#5313);
#5312=EDGE_CURVE('',#5308,#5314,#5311,.T.);
#5316=DIRECTION('',(-0.065418,0.000000,-0.997858));
#5315=VECTOR('',#5316,0.654035);
#5317=LINE('',#5313,#5315);
#5319=CARTESIAN_POINT('',(730.0000,-314.0000,-250.0000));
#5320=VERTEX_POINT('',#5319);
#5318=EDGE_CURVE('',#5314,#5320,#5317,.T.);
#5322=DIRECTION('',(0.065418,0.000000,-0.997858));
#5321=VECTOR('',#5322,0.654035);
#5323=LINE('',#5319,#5321);
#5325=CARTESIAN_POINT('',(730.0428,-314.0000,-250.6526));
#5326=VERTEX_POINT('',#5325);
#5324=EDGE_CURVE('',#5320,#5326,#5323,.T.);
#5328=DIRECTION('',(0.195044,0.000000,-0.980795));
#5327=VECTOR('',#5328,0.654025);
#5329=LINE('',#5325,#5327);
#5331=CARTESIAN_POINT('',(730.1703,-314.0000,-251.2941));
#5332=VERTEX_POINT('',#5331);
#5330=EDGE_CURVE('',#5326,#5332,#5329,.T.);
#5334=DIRECTION('',(0.321486,0.000000,-0.946914));
#5333=VECTOR('',#5334,0.654044);
#5335=LINE('',#5331,#5333);
#5337=CARTESIAN_POINT('',(730.3806,-314.0000,-251.9134));
#5338=VERTEX_POINT('',#5337);
#5336=EDGE_CURVE('',#5332,#5338,#5335,.T.);
#5340=DIRECTION('',(0.442261,0.000000,-0.896887));
#5339=VECTOR('',#5340,0.654016);
#5341=LINE('',#5337,#5339);
#5343=CARTESIAN_POINT('',(730.6699,-314.0000,-252.5000));
#5344=VERTEX_POINT('',#5343);
#5342=EDGE_CURVE('',#5338,#5344,#5341,.T.);
#5346=DIRECTION('',(0.555551,0.000000,-0.831483));
#5345=VECTOR('',#5346,0.654022);
#5347=LINE('',#5343,#5345);
#5349=CARTESIAN_POINT('',(731.0332,-314.0000,-253.0438));
#5350=VERTEX_POINT('',#5349);
#5348=EDGE_CURVE('',#5344,#5350,#5347,.T.);
#5352=DIRECTION('',(0.659380,0.000000,-0.751810));
#5351=VECTOR('',#5352,0.654061);
#5353=LINE('',#5349,#5351);
#5355=CARTESIAN_POINT('',(731.4645,-314.0000,-253.5355));
#5356=VERTEX_POINT('',#5355);
#5354=EDGE_CURVE('',#5350,#5356,#5353,.T.);
#5358=DIRECTION('',(0.751825,0.000000,-0.659363));
#5357=VECTOR('',#5358,0.654008);
#5359=LINE('',#5355,#5357);
#5361=CARTESIAN_POINT('',(731.9562,-314.0000,-253.9668));
#5362=VERTEX_POINT('',#5361);
#5360=EDGE_CURVE('',#5356,#5362,#5359,.T.);
#5364=DIRECTION('',(0.831479,0.000000,-0.555556));
#5363=VECTOR('',#5364,0.654043);
#5365=LINE('',#5361,#5363);
#5367=CARTESIAN_POINT('',(732.5000,-314.0000,-254.3301));
#5368=VERTEX_POINT('',#5367);
#5366=EDGE_CURVE('',#5362,#5368,#5365,.T.);
#5370=DIRECTION('',(0.896877,0.000000,-0.442280));
#5369=VECTOR('',#5370,0.654057);
#5371=LINE('',#5367,#5369);
#5373=CARTESIAN_POINT('',(733.0866,-314.0000,-254.6194));
#5374=VERTEX_POINT('',#5373);
#5372=EDGE_CURVE('',#5368,#5374,#5371,.T.);
#5376=DIRECTION('',(0.946928,0.000000,-0.321444));
#5375=VECTOR('',#5376,0.654034);
#5377=LINE('',#5373,#5375);
#5379=CARTESIAN_POINT('',(733.7059,-314.0000,-254.8296));
#5380=VERTEX_POINT('',#5379);
#5378=EDGE_CURVE('',#5374,#5380,#5377,.T.);
#5382=DIRECTION('',(0.980783,0.000000,-0.195102));
#5381=VECTOR('',#5382,0.653986);
#5383=LINE('',#5379,#5381);
#5385=CARTESIAN_POINT('',(734.3474,-314.0000,-254.9572));
#5386=VERTEX_POINT('',#5385);
#5384=EDGE_CURVE('',#5380,#5386,#5383,.T.);
#5388=DIRECTION('',(0.997860,0.000000,-0.065393));
#5387=VECTOR('',#5388,0.654049);
#5389=LINE('',#5385,#5387);
#5391=CARTESIAN_POINT('',(735.0000,-314.0000,-255.0000));
#5392=VERTEX_POINT('',#5391);
#5390=EDGE_CURVE('',#5386,#5392,#5389,.T.);
#5394=DIRECTION('',(0.997860,0.000000,0.065393));
#5393=VECTOR('',#5394,0.654049);
#5395=LINE('',#5391,#5393);
#5397=CARTESIAN_POINT('',(735.6526,-314.0000,-254.9572));
#5398=VERTEX_POINT('',#5397);
#5396=EDGE_CURVE('',#5392,#5398,#5395,.T.);
#5400=DIRECTION('',(0.980783,0.000000,0.195102));
#5399=VECTOR('',#5400,0.653986);
#5401=LINE('',#5397,#5399);
#5403=CARTESIAN_POINT('',(736.2941,-314.0000,-254.8296));
#5404=VERTEX_POINT('',#5403);
#5402=EDGE_CURVE('',#5398,#5404,#5401,.T.);
#5406=DIRECTION('',(0.946928,0.000000,0.321444));
#5405=VECTOR('',#5406,0.654034);
#5407=LINE('',#5403,#5405);
#5409=CARTESIAN_POINT('',(736.9134,-314.0000,-254.6194));
#5410=VERTEX_POINT('',#5409);
#5408=EDGE_CURVE('',#5404,#5410,#5407,.T.);
#5412=DIRECTION('',(0.896877,0.000000,0.442280));
#5411=VECTOR('',#5412,0.654057);
#5413=LINE('',#5409,#5411);
#5415=CARTESIAN_POINT('',(737.5000,-314.0000,-254.3301));
#5416=VERTEX_POINT('',#5415);
#5414=EDGE_CURVE('',#5410,#5416,#5413,.T.);
#5418=DIRECTION('',(0.831479,0.000000,0.555556));
#5417=VECTOR('',#5418,0.654043);
#5419=LINE('',#5415,#5417);
#5421=CARTESIAN_POINT('',(738.0438,-314.0000,-253.9668));
#5422=VERTEX_POINT('',#5421);
#5420=EDGE_CURVE('',#5416,#5422,#5419,.T.);
#5424=DIRECTION('',(0.751825,0.000000,0.659363));
#5423=VECTOR('',#5424,0.654008);
#5425=LINE('',#5421,#5423);
#5427=CARTESIAN_POINT('',(738.5355,-314.0000,-253.5355));
#5428=VERTEX_POINT('',#5427);
#5426=EDGE_CURVE('',#5422,#5428,#5425,.T.);
#5430=DIRECTION('',(0.659380,0.000000,0.751810));
#5429=VECTOR('',#5430,0.654061);
#5431=LINE('',#5427,#5429);
#5433=CARTESIAN_POINT('',(738.9668,-314.0000,-253.0438));
#5434=VERTEX_POINT('',#5433);
#5432=EDGE_CURVE('',#5428,#5434,#5431,.T.);
#5436=DIRECTION('',(0.555551,0.000000,0.831483));
#5435=VECTOR('',#5436,0.654022);
#5437=LINE('',#5433,#5435);
#5439=CARTESIAN_POINT('',(739.3301,-314.0000,-252.5000));
#5440=VERTEX_POINT('',#5439);
#5438=EDGE_CURVE('',#5434,#5440,#5437,.T.);
#5442=DIRECTION('',(0.442261,0.000000,0.896887));
#5441=VECTOR('',#5442,0.654016);
#5443=LINE('',#5439,#5441);
#5445=CARTESIAN_POINT('',(739.6194,-314.0000,-251.9134));
#5446=VERTEX_POINT('',#5445);
#5444=EDGE_CURVE('',#5440,#5446,#5443,.T.);
#5448=DIRECTION('',(0.321486,0.000000,0.946914));
#5447=VECTOR('',#5448,0.654044);
#5449=LINE('',#5445,#5447);
#5451=CARTESIAN_POINT('',(739.8297,-314.0000,-251.2941));
#5452=VERTEX_POINT('',#5451);
#5450=EDGE_CURVE('',#5446,#5452,#5449,.T.);
#5454=DIRECTION('',(0.195044,0.000000,0.980795));
#5453=VECTOR('',#5454,0.654025);
#5455=LINE('',#5451,#5453);
#5457=CARTESIAN_POINT('',(739.9572,-314.0000,-250.6526));
#5458=VERTEX_POINT('',#5457);
#5456=EDGE_CURVE('',#5452,#5458,#5455,.T.);
#5460=DIRECTION('',(0.065418,0.000000,0.997858));
#5459=VECTOR('',#5460,0.654035);
#5461=LINE('',#5457,#5459);
#5463=CARTESIAN_POINT('',(740.0000,-314.0000,-250.0000));
#5464=VERTEX_POINT('',#5463);
#5462=EDGE_CURVE('',#5458,#5464,#5461,.T.);
#5466=DIRECTION('',(-0.065418,0.000000,0.997858));
#5465=VECTOR('',#5466,0.654035);
#5467=LINE('',#5463,#5465);
#5469=CARTESIAN_POINT('',(739.9572,-314.0000,-249.3474));
#5470=VERTEX_POINT('',#5469);
#5468=EDGE_CURVE('',#5464,#5470,#5467,.T.);
#5472=DIRECTION('',(-0.195044,0.000000,0.980795));
#5471=VECTOR('',#5472,0.654025);
#5473=LINE('',#5469,#5471);
#5475=CARTESIAN_POINT('',(739.8297,-314.0000,-248.7059));
#5476=VERTEX_POINT('',#5475);
#5474=EDGE_CURVE('',#5470,#5476,#5473,.T.);
#5478=DIRECTION('',(-0.321486,0.000000,0.946914));
#5477=VECTOR('',#5478,0.654044);
#5479=LINE('',#5475,#5477);
#5481=CARTESIAN_POINT('',(739.6194,-314.0000,-248.0866));
#5482=VERTEX_POINT('',#5481);
#5480=EDGE_CURVE('',#5476,#5482,#5479,.T.);
#5484=DIRECTION('',(-0.442261,0.000000,0.896887));
#5483=VECTOR('',#5484,0.654016);
#5485=LINE('',#5481,#5483);
#5487=CARTESIAN_POINT('',(739.3301,-314.0000,-247.5000));
#5488=VERTEX_POINT('',#5487);
#5486=EDGE_CURVE('',#5482,#5488,#5485,.T.);
#5490=DIRECTION('',(-0.555551,0.000000,0.831483));
#5489=VECTOR('',#5490,0.654022);
#5491=LINE('',#5487,#5489);
#5493=CARTESIAN_POINT('',(738.9668,-314.0000,-246.9562));
#5494=VERTEX_POINT('',#5493);
#5492=EDGE_CURVE('',#5488,#5494,#5491,.T.);
#5496=DIRECTION('',(-0.659380,0.000000,0.751810));
#5495=VECTOR('',#5496,0.654061);
#5497=LINE('',#5493,#5495);
#5499=CARTESIAN_POINT('',(738.5355,-314.0000,-246.4645));
#5500=VERTEX_POINT('',#5499);
#5498=EDGE_CURVE('',#5494,#5500,#5497,.T.);
#5502=DIRECTION('',(-0.751825,0.000000,0.659363));
#5501=VECTOR('',#5502,0.654008);
#5503=LINE('',#5499,#5501);
#5505=CARTESIAN_POINT('',(738.0438,-314.0000,-246.0332));
#5506=VERTEX_POINT('',#5505);
#5504=EDGE_CURVE('',#5500,#5506,#5503,.T.);
#5508=DIRECTION('',(-0.831479,0.000000,0.555556));
#5507=VECTOR('',#5508,0.654043);
#5509=LINE('',#5505,#5507);
#5511=CARTESIAN_POINT('',(737.5000,-314.0000,-245.6699));
#5512=VERTEX_POINT('',#5511);
#5510=EDGE_CURVE('',#5506,#5512,#5509,.T.);
#5514=DIRECTION('',(-0.896877,0.000000,0.442280));
#5513=VECTOR('',#5514,0.654057);
#5515=LINE('',#5511,#5513);
#5517=CARTESIAN_POINT('',(736.9134,-314.0000,-245.3806));
#5518=VERTEX_POINT('',#5517);
#5516=EDGE_CURVE('',#5512,#5518,#5515,.T.);
#5520=DIRECTION('',(-0.946928,0.000000,0.321444));
#5519=VECTOR('',#5520,0.654034);
#5521=LINE('',#5517,#5519);
#5523=CARTESIAN_POINT('',(736.2941,-314.0000,-245.1704));
#5524=VERTEX_POINT('',#5523);
#5522=EDGE_CURVE('',#5518,#5524,#5521,.T.);
#5526=DIRECTION('',(-0.980783,0.000000,0.195102));
#5525=VECTOR('',#5526,0.653986);
#5527=LINE('',#5523,#5525);
#5529=CARTESIAN_POINT('',(735.6526,-314.0000,-245.0428));
#5530=VERTEX_POINT('',#5529);
#5528=EDGE_CURVE('',#5524,#5530,#5527,.T.);
#5532=DIRECTION('',(-0.997860,0.000000,0.065393));
#5531=VECTOR('',#5532,0.654049);
#5533=LINE('',#5529,#5531);
#5535=CARTESIAN_POINT('',(735.0000,-314.0000,-245.0000));
#5536=VERTEX_POINT('',#5535);
#5534=EDGE_CURVE('',#5530,#5536,#5533,.T.);
#5538=DIRECTION('',(-0.997859,0.000000,-0.065395));
#5537=VECTOR('',#5538,36.300665);
#5539=LINE('',#5535,#5537);
#5541=CARTESIAN_POINT('',(698.7770,-314.0000,-247.3739));
#5542=VERTEX_POINT('',#5541);
#5540=EDGE_CURVE('',#5536,#5542,#5539,.T.);
#5544=DIRECTION('',(-0.980786,0.000000,-0.195088));
#5543=VECTOR('',#5544,38.217291);
#5545=LINE('',#5541,#5543);
#5547=CARTESIAN_POINT('',(661.2941,-314.0000,-254.8296));
#5548=VERTEX_POINT('',#5547);
#5546=EDGE_CURVE('',#5542,#5548,#5545,.T.);
#5550=DIRECTION('',(0.946928,0.000000,0.321444));
#5549=VECTOR('',#5550,0.654034);
#5551=LINE('',#5547,#5549);
#5553=CARTESIAN_POINT('',(661.9134,-314.0000,-254.6194));
#5554=VERTEX_POINT('',#5553);
#5552=EDGE_CURVE('',#5548,#5554,#5551,.T.);
#5556=DIRECTION('',(0.896877,0.000000,0.442280));
#5555=VECTOR('',#5556,0.654057);
#5557=LINE('',#5553,#5555);
#5559=CARTESIAN_POINT('',(662.5000,-314.0000,-254.3301));
#5560=VERTEX_POINT('',#5559);
#5558=EDGE_CURVE('',#5554,#5560,#5557,.T.);
#5562=DIRECTION('',(0.831479,0.000000,0.555556));
#5561=VECTOR('',#5562,0.654043);
#5563=LINE('',#5559,#5561);
#5565=CARTESIAN_POINT('',(663.0438,-314.0000,-253.9668));
#5566=VERTEX_POINT('',#5565);
#5564=EDGE_CURVE('',#5560,#5566,#5563,.T.);
#5568=DIRECTION('',(0.751825,0.000000,0.659363));
#5567=VECTOR('',#5568,0.654008);
#5569=LINE('',#5565,#5567);
#5571=CARTESIAN_POINT('',(663.5355,-314.0000,-253.5355));
#5572=VERTEX_POINT('',#5571);
#5570=EDGE_CURVE('',#5566,#5572,#5569,.T.);
#5574=DIRECTION('',(0.659380,0.000000,0.751810));
#5573=VECTOR('',#5574,0.654061);
#5575=LINE('',#5571,#5573);
#5577=CARTESIAN_POINT('',(663.9668,-314.0000,-253.0438));
#5578=VERTEX_POINT('',#5577);
#5576=EDGE_CURVE('',#5572,#5578,#5575,.T.);
#5580=DIRECTION('',(0.555551,0.000000,0.831483));
#5579=VECTOR('',#5580,0.654022);
#5581=LINE('',#5577,#5579);
#5583=CARTESIAN_POINT('',(664.3301,-314.0000,-252.5000));
#5584=VERTEX_POINT('',#5583);
#5582=EDGE_CURVE('',#5578,#5584,#5581,.T.);
#5586=DIRECTION('',(0.442261,0.000000,0.896887));
#5585=VECTOR('',#5586,0.654016);
#5587=LINE('',#5583,#5585);
#5589=CARTESIAN_POINT('',(664.6194,-314.0000,-251.9134));
#5590=VERTEX_POINT('',#5589);
#5588=EDGE_CURVE('',#5584,#5590,#5587,.T.);
#5592=DIRECTION('',(0.321486,0.000000,0.946914));
#5591=VECTOR('',#5592,0.654044);
#5593=LINE('',#5589,#5591);
#5595=CARTESIAN_POINT('',(664.8297,-314.0000,-251.2941));
#5596=VERTEX_POINT('',#5595);
#5594=EDGE_CURVE('',#5590,#5596,#5593,.T.);
#5598=DIRECTION('',(0.195044,0.000000,0.980795));
#5597=VECTOR('',#5598,0.654025);
#5599=LINE('',#5595,#5597);
#5601=CARTESIAN_POINT('',(664.9572,-314.0000,-250.6526));
#5602=VERTEX_POINT('',#5601);
#5600=EDGE_CURVE('',#5596,#5602,#5599,.T.);
#5604=DIRECTION('',(0.065418,0.000000,0.997858));
#5603=VECTOR('',#5604,0.654035);
#5605=LINE('',#5601,#5603);
#5607=CARTESIAN_POINT('',(665.0000,-314.0000,-250.0000));
#5608=VERTEX_POINT('',#5607);
#5606=EDGE_CURVE('',#5602,#5608,#5605,.T.);
#5610=DIRECTION('',(-0.065418,0.000000,0.997858));
#5609=VECTOR('',#5610,0.654035);
#5611=LINE('',#5607,#5609);
#5613=CARTESIAN_POINT('',(664.9572,-314.0000,-249.3474));
#5614=VERTEX_POINT('',#5613);
#5612=EDGE_CURVE('',#5608,#5614,#5611,.T.);
#5616=DIRECTION('',(-0.195044,0.000000,0.980795));
#5615=VECTOR('',#5616,0.654025);
#5617=LINE('',#5613,#5615);
#5619=CARTESIAN_POINT('',(664.8297,-314.0000,-248.7059));
#5620=VERTEX_POINT('',#5619);
#5618=EDGE_CURVE('',#5614,#5620,#5617,.T.);
#5622=DIRECTION('',(-0.321486,0.000000,0.946914));
#5621=VECTOR('',#5622,0.654044);
#5623=LINE('',#5619,#5621);
#5625=CARTESIAN_POINT('',(664.6194,-314.0000,-248.0866));
#5626=VERTEX_POINT('',#5625);
#5624=EDGE_CURVE('',#5620,#5626,#5623,.T.);
#5628=DIRECTION('',(-0.442261,0.000000,0.896887));
#5627=VECTOR('',#5628,0.654016);
#5629=LINE('',#5625,#5627);
#5631=CARTESIAN_POINT('',(664.3301,-314.0000,-247.5000));
#5632=VERTEX_POINT('',#5631);
#5630=EDGE_CURVE('',#5626,#5632,#5629,.T.);
#5634=DIRECTION('',(-0.555551,0.000000,0.831483));
#5633=VECTOR('',#5634,0.654022);
#5635=LINE('',#5631,#5633);
#5637=CARTESIAN_POINT('',(663.9668,-314.0000,-246.9562));
#5638=VERTEX_POINT('',#5637);
#5636=EDGE_CURVE('',#5632,#5638,#5635,.T.);
#5640=DIRECTION('',(-0.659380,0.000000,0.751810));
#5639=VECTOR('',#5640,0.654061);
#5641=LINE('',#5637,#5639);
#5643=CARTESIAN_POINT('',(663.5355,-314.0000,-246.4645));
#5644=VERTEX_POINT('',#5643);
#5642=EDGE_CURVE('',#5638,#5644,#5641,.T.);
#5646=DIRECTION('',(-0.751825,0.000000,0.659363));
#5645=VECTOR('',#5646,0.654008);
#5647=LINE('',#5643,#5645);
#5649=CARTESIAN_POINT('',(663.0438,-314.0000,-246.0332));
#5650=VERTEX_POINT('',#5649);
#5648=EDGE_CURVE('',#5644,#5650,#5647,.T.);
#5652=DIRECTION('',(-0.831479,0.000000,0.555556));
#5651=VECTOR('',#5652,0.654043);
#5653=LINE('',#5649,#5651);
#5655=CARTESIAN_POINT('',(662.5000,-314.0000,-245.6699));
#5656=VERTEX_POINT('',#5655);
#5654=EDGE_CURVE('',#5650,#5656,#5653,.T.);
#5658=DIRECTION('',(-0.896877,0.000000,0.442280));
#5657=VECTOR('',#5658,0.654057);
#5659=LINE('',#5655,#5657);
#5661=CARTESIAN_POINT('',(661.9134,-314.0000,-245.3806));
#5662=VERTEX_POINT('',#5661);
#5660=EDGE_CURVE('',#5656,#5662,#5659,.T.);
#5664=DIRECTION('',(-0.946928,0.000000,0.321444));
#5663=VECTOR('',#5664,0.654034);
#5665=LINE('',#5661,#5663);
#5667=CARTESIAN_POINT('',(661.2941,-314.0000,-245.1704));
#5668=VERTEX_POINT('',#5667);
#5666=EDGE_CURVE('',#5662,#5668,#5665,.T.);
#5670=DIRECTION('',(-0.980783,0.000000,0.195102));
#5669=VECTOR('',#5670,0.653986);
#5671=LINE('',#5667,#5669);
#5673=CARTESIAN_POINT('',(660.6526,-314.0000,-245.0428));
#5674=VERTEX_POINT('',#5673);
#5672=EDGE_CURVE('',#5668,#5674,#5671,.T.);
#5676=DIRECTION('',(-0.997860,0.000000,0.065393));
#5675=VECTOR('',#5676,0.654049);
#5677=LINE('',#5673,#5675);
#5679=CARTESIAN_POINT('',(660.0000,-314.0000,-245.0000));
#5680=VERTEX_POINT('',#5679);
#5678=EDGE_CURVE('',#5674,#5680,#5677,.T.);
#5682=DIRECTION('',(0.997859,0.000000,0.065395));
#5681=VECTOR('',#5682,143.306756);
#5683=LINE('',#5679,#5681);
#5684=EDGE_CURVE('',#5680,#5104,#5683,.T.);
#5686=DIRECTION('',(0.000000,0.000000,-1.000000));
#5685=VECTOR('',#5686,322.371567);
#5687=LINE('',#89,#5685);
#5688=EDGE_CURVE('',#5104,#64,#5687,.T.);
#5690=DIRECTION('',(-1.000000,0.000000,0.000000));
#5689=VECTOR('',#5690,193.000000);
#5691=LINE('',#62,#5689);
#5692=EDGE_CURVE('',#64,#100,#5691,.T.);
#5693=ORIENTED_EDGE('',*,*,#4036,.F.);
#5694=ORIENTED_EDGE('',*,*,#5103,.T.);
#5695=ORIENTED_EDGE('',*,*,#5108,.T.);
#5696=ORIENTED_EDGE('',*,*,#5114,.T.);
#5697=ORIENTED_EDGE('',*,*,#5120,.T.);
#5698=ORIENTED_EDGE('',*,*,#5126,.T.);
#5699=ORIENTED_EDGE('',*,*,#5132,.T.);
#5700=ORIENTED_EDGE('',*,*,#5138,.T.);
#5701=ORIENTED_EDGE('',*,*,#5144,.T.);
#5702=ORIENTED_EDGE('',*,*,#5150,.T.);
#5703=ORIENTED_EDGE('',*,*,#5156,.T.);
#5704=ORIENTED_EDGE('',*,*,#5162,.T.);
#5705=ORIENTED_EDGE('',*,*,#5168,.T.);
#5706=ORIENTED_EDGE('',*,*,#5174,.T.);
#5707=ORIENTED_EDGE('',*,*,#5180,.T.);
#5708=ORIENTED_EDGE('',*,*,#5186,.T.);
#5709=ORIENTED_EDGE('',*,*,#5192,.T.);
#5710=ORIENTED_EDGE('',*,*,#5198,.T.);
#5711=ORIENTED_EDGE('',*,*,#5204,.T.);
#5712=ORIENTED_EDGE('',*,*,#5210,.T.);
#5713=ORIENTED_EDGE('',*,*,#5216,.T.);
#5714=ORIENTED_EDGE('',*,*,#5222,.T.);
#5715=ORIENTED_EDGE('',*,*,#5228,.T.);
#5716=ORIENTED_EDGE('',*,*,#5234,.T.);
#5717=ORIENTED_EDGE('',*,*,#5240,.T.);
#5718=ORIENTED_EDGE('',*,*,#5246,.T.);
#5719=ORIENTED_EDGE('',*,*,#5252,.T.);
#5720=ORIENTED_EDGE('',*,*,#5258,.T.);
#5721=ORIENTED_EDGE('',*,*,#5264,.T.);
#5722=ORIENTED_EDGE('',*,*,#5270,.T.);
#5723=ORIENTED_EDGE('',*,*,#5276,.T.);
#5724=ORIENTED_EDGE('',*,*,#5282,.T.);
#5725=ORIENTED_EDGE('',*,*,#5288,.T.);
#5726=ORIENTED_EDGE('',*,*,#5294,.T.);
#5727=ORIENTED_EDGE('',*,*,#5300,.T.);
#5728=ORIENTED_EDGE('',*,*,#5306,.T.);
#5729=ORIENTED_EDGE('',*,*,#5312,.T.);
#5730=ORIENTED_EDGE('',*,*,#5318,.T.);
#5731=ORIENTED_EDGE('',*,*,#5324,.T.);
#5732=ORIENTED_EDGE('',*,*,#5330,.T.);
#5733=ORIENTED_EDGE('',*,*,#5336,.T.);
#5734=ORIENTED_EDGE('',*,*,#5342,.T.);
#5735=ORIENTED_EDGE('',*,*,#5348,.T.);
#5736=ORIENTED_EDGE('',*,*,#5354,.T.);
#5737=ORIENTED_EDGE('',*,*,#5360,.T.);
#5738=ORIENTED_EDGE('',*,*,#5366,.T.);
#5739=ORIENTED_EDGE('',*,*,#5372,.T.);
#5740=ORIENTED_EDGE('',*,*,#5378,.T.);
#5741=ORIENTED_EDGE('',*,*,#5384,.T.);
#5742=ORIENTED_EDGE('',*,*,#5390,.T.);
#5743=ORIENTED_EDGE('',*,*,#5396,.T.);
#5744=ORIENTED_EDGE('',*,*,#5402,.T.);
#5745=ORIENTED_EDGE('',*,*,#5408,.T.);
#5746=ORIENTED_EDGE('',*,*,#5414,.T.);
#5747=ORIENTED_EDGE('',*,*,#5420,.T.);
#5748=ORIENTED_EDGE('',*,*,#5426,.T.);
#5749=ORIENTED_EDGE('',*,*,#5432,.T.);
#5750=ORIENTED_EDGE('',*,*,#5438,.T.);
#5751=ORIENTED_EDGE('',*,*,#5444,.T.);
#5752=ORIENTED_EDGE('',*,*,#5450,.T.);
#5753=ORIENTED_EDGE('',*,*,#5456,.T.);
#5754=ORIENTED_EDGE('',*,*,#5462,.T.);
#5755=ORIENTED_EDGE('',*,*,#5468,.T.);
#5756=ORIENTED_EDGE('',*,*,#5474,.T.);
#5757=ORIENTED_EDGE('',*,*,#5480,.T.);
#5758=ORIENTED_EDGE('',*,*,#5486,.T.);
#5759=ORIENTED_EDGE('',*,*,#5492,.T.);
#5760=ORIENTED_EDGE('',*,*,#5498,.T.);
#5761=ORIENTED_EDGE('',*,*,#5504,.T.);
#5762=ORIENTED_EDGE('',*,*,#5510,.T.);
#5763=ORIENTED_EDGE('',*,*,#5516,.T.);
#5764=ORIENTED_EDGE('',*,*,#5522,.T.);
#5765=ORIENTED_EDGE('',*,*,#5528,.T.);
#5766=ORIENTED_EDGE('',*,*,#5534,.T.);
#5767=ORIENTED_EDGE('',*,*,#5540,.T.);
#5768=ORIENTED_EDGE('',*,*,#5546,.T.);
#5769=ORIENTED_EDGE('',*,*,#5552,.T.);
#5770=ORIENTED_EDGE('',*,*,#5558,.T.);
#5771=ORIENTED_EDGE('',*,*,#5564,.T.);
#5772=ORIENTED_EDGE('',*,*,#5570,.T.);
#5773=ORIENTED_EDGE('',*,*,#5576,.T.);
#5774=ORIENTED_EDGE('',*,*,#5582,.T.);
#5775=ORIENTED_EDGE('',*,*,#5588,.T.);
#5776=ORIENTED_EDGE('',*,*,#5594,.T.);
#5777=ORIENTED_EDGE('',*,*,#5600,.T.);
#5778=ORIENTED_EDGE('',*,*,#5606,.T.);
#5779=ORIENTED_EDGE('',*,*,#5612,.T.);
#5780=ORIENTED_EDGE('',*,*,#5618,.T.);
#5781=ORIENTED_EDGE('',*,*,#5624,.T.);
#5782=ORIENTED_EDGE('',*,*,#5630,.T.);
#5783=ORIENTED_EDGE('',*,*,#5636,.T.);
#5784=ORIENTED_EDGE('',*,*,#5642,.T.);
#5785=ORIENTED_EDGE('',*,*,#5648,.T.);
#5786=ORIENTED_EDGE('',*,*,#5654,.T.);
#5787=ORIENTED_EDGE('',*,*,#5660,.T.);
#5788=ORIENTED_EDGE('',*,*,#5666,.T.);
#5789=ORIENTED_EDGE('',*,*,#5672,.T.);
#5790=ORIENTED_EDGE('',*,*,#5678,.T.);
#5791=ORIENTED_EDGE('',*,*,#5684,.T.);
#5792=ORIENTED_EDGE('',*,*,#5688,.T.);
#5793=ORIENTED_EDGE('',*,*,#5692,.T.);
#5794=ORIENTED_EDGE('',*,*,#97,.F.);
#5795=EDGE_LOOP('',(#5693,#5694,#5695,#5696,#5697,#5698,#5699,#5700,#5701,#5702,#5703,#5704,#5705,#5706,#5707,#5708,#5709,#5710,#5711,#5712,#5713,#5714,#5715,#5716,#5717,#5718,#5719,#5720,#5721,#5722,#5723,#5724,#5725,#5726,#5727,#5728,#5729,#5730,#5731,#5732,#5733,#5734,#5735,#5736,#5737,#5738,#5739,#5740,#5741,#5742,#5743,#5744,#5745,#5746,#5747,#5748,#5749,#5750,#5751,#5752,#5753,#5754,#5755,#5756,#5757,#5758,#5759,#5760,#5761,#5762,#5763,#5764,#5765,#5766,#5767,#5768,#5769,#5770,#5771,#5772,#5773,#5774,#5775,#5776,#5777,#5778,#5779,#5780,#5781,#5782,#5783,#5784,#5785,#5786,#5787,#5788,#5789,#5790,#5791,#5792,#5793,#5794));
#5796=FACE_OUTER_BOUND('',#5795,.T.);
#5798=DIRECTION('',(-0.980783,0.000000,-0.195100));
#5797=VECTOR('',#5798,1.635058);
#5800=CARTESIAN_POINT('',(678.3684,-314.0000,-348.6069));
#5799=LINE('',#5800,#5797);
#5802=VERTEX_POINT('',#5800);
#5803=CARTESIAN_POINT('',(676.7648,-314.0000,-348.9259));
#5804=VERTEX_POINT('',#5803);
#5801=EDGE_CURVE('',#5802,#5804,#5799,.T.);
#5806=DIRECTION('',(-0.946933,0.000000,-0.321430));
#5805=VECTOR('',#5806,1.635110);
#5807=LINE('',#5803,#5805);
#5809=CARTESIAN_POINT('',(675.2164,-314.0000,-349.4515));
#5810=VERTEX_POINT('',#5809);
#5808=EDGE_CURVE('',#5804,#5810,#5807,.T.);
#5812=DIRECTION('',(-0.896870,0.000000,-0.442294));
#5811=VECTOR('',#5812,1.635054);
#5813=LINE('',#5809,#5811);
#5815=CARTESIAN_POINT('',(673.7500,-314.0000,-350.1747));
#5816=VERTEX_POINT('',#5815);
#5814=EDGE_CURVE('',#5810,#5816,#5813,.T.);
#5818=DIRECTION('',(-0.831470,0.000000,-0.555570));
#5817=VECTOR('',#5818,1.635053);
#5819=LINE('',#5815,#5817);
#5821=CARTESIAN_POINT('',(672.3905,-314.0000,-351.0831));
#5822=VERTEX_POINT('',#5821);
#5820=EDGE_CURVE('',#5816,#5822,#5819,.T.);
#5824=DIRECTION('',(-0.751850,0.000000,-0.659334));
#5823=VECTOR('',#5824,1.635126);
#5825=LINE('',#5821,#5823);
#5827=CARTESIAN_POINT('',(671.1611,-314.0000,-352.1612));
#5828=VERTEX_POINT('',#5827);
#5826=EDGE_CURVE('',#5822,#5828,#5825,.T.);
#5830=DIRECTION('',(-0.659342,0.000000,-0.751843));
#5829=VECTOR('',#5830,1.635060);
#5831=LINE('',#5827,#5829);
#5833=CARTESIAN_POINT('',(670.0831,-314.0000,-353.3905));
#5834=VERTEX_POINT('',#5833);
#5832=EDGE_CURVE('',#5828,#5834,#5831,.T.);
#5836=DIRECTION('',(-0.555561,0.000000,-0.831476));
#5835=VECTOR('',#5836,1.635078);
#5837=LINE('',#5833,#5835);
#5839=CARTESIAN_POINT('',(669.1747,-314.0000,-354.7500));
#5840=VERTEX_POINT('',#5839);
#5838=EDGE_CURVE('',#5834,#5840,#5837,.T.);
#5842=DIRECTION('',(-0.442272,0.000000,-0.896881));
#5841=VECTOR('',#5842,1.635068);
#5843=LINE('',#5839,#5841);
#5845=CARTESIAN_POINT('',(668.4515,-314.0000,-356.2165));
#5846=VERTEX_POINT('',#5845);
#5844=EDGE_CURVE('',#5840,#5846,#5843,.T.);
#5848=DIRECTION('',(-0.321469,0.000000,-0.946920));
#5847=VECTOR('',#5848,1.635101);
#5849=LINE('',#5845,#5847);
#5851=CARTESIAN_POINT('',(667.9259,-314.0000,-357.7648));
#5852=VERTEX_POINT('',#5851);
#5850=EDGE_CURVE('',#5846,#5852,#5849,.T.);
#5854=DIRECTION('',(-0.195082,0.000000,-0.980787));
#5853=VECTOR('',#5854,1.635052);
#5855=LINE('',#5851,#5853);
#5857=CARTESIAN_POINT('',(667.6069,-314.0000,-359.3684));
#5858=VERTEX_POINT('',#5857);
#5856=EDGE_CURVE('',#5852,#5858,#5855,.T.);
#5860=DIRECTION('',(-0.065399,0.000000,-0.997859));
#5859=VECTOR('',#5860,1.635092);
#5861=LINE('',#5857,#5859);
#5863=CARTESIAN_POINT('',(667.5000,-314.0000,-361.0000));
#5864=VERTEX_POINT('',#5863);
#5862=EDGE_CURVE('',#5858,#5864,#5861,.T.);
#5866=DIRECTION('',(0.065399,0.000000,-0.997859));
#5865=VECTOR('',#5866,1.635092);
#5867=LINE('',#5863,#5865);
#5869=CARTESIAN_POINT('',(667.6069,-314.0000,-362.6316));
#5870=VERTEX_POINT('',#5869);
#5868=EDGE_CURVE('',#5864,#5870,#5867,.T.);
#5872=DIRECTION('',(0.195082,0.000000,-0.980787));
#5871=VECTOR('',#5872,1.635052);
#5873=LINE('',#5869,#5871);
#5875=CARTESIAN_POINT('',(667.9259,-314.0000,-364.2352));
#5876=VERTEX_POINT('',#5875);
#5874=EDGE_CURVE('',#5870,#5876,#5873,.T.);
#5878=DIRECTION('',(0.321469,0.000000,-0.946920));
#5877=VECTOR('',#5878,1.635101);
#5879=LINE('',#5875,#5877);
#5881=CARTESIAN_POINT('',(668.4515,-314.0000,-365.7835));
#5882=VERTEX_POINT('',#5881);
#5880=EDGE_CURVE('',#5876,#5882,#5879,.T.);
#5884=DIRECTION('',(0.442272,0.000000,-0.896881));
#5883=VECTOR('',#5884,1.635068);
#5885=LINE('',#5881,#5883);
#5887=CARTESIAN_POINT('',(669.1747,-314.0000,-367.2500));
#5888=VERTEX_POINT('',#5887);
#5886=EDGE_CURVE('',#5882,#5888,#5885,.T.);
#5890=DIRECTION('',(0.555561,0.000000,-0.831476));
#5889=VECTOR('',#5890,1.635078);
#5891=LINE('',#5887,#5889);
#5893=CARTESIAN_POINT('',(670.0831,-314.0000,-368.6095));
#5894=VERTEX_POINT('',#5893);
#5892=EDGE_CURVE('',#5888,#5894,#5891,.T.);
#5896=DIRECTION('',(0.659342,0.000000,-0.751843));
#5895=VECTOR('',#5896,1.635060);
#5897=LINE('',#5893,#5895);
#5899=CARTESIAN_POINT('',(671.1611,-314.0000,-369.8388));
#5900=VERTEX_POINT('',#5899);
#5898=EDGE_CURVE('',#5894,#5900,#5897,.T.);
#5902=DIRECTION('',(0.751850,0.000000,-0.659334));
#5901=VECTOR('',#5902,1.635126);
#5903=LINE('',#5899,#5901);
#5905=CARTESIAN_POINT('',(672.3905,-314.0000,-370.9169));
#5906=VERTEX_POINT('',#5905);
#5904=EDGE_CURVE('',#5900,#5906,#5903,.T.);
#5908=DIRECTION('',(0.831470,0.000000,-0.555570));
#5907=VECTOR('',#5908,1.635053);
#5909=LINE('',#5905,#5907);
#5911=CARTESIAN_POINT('',(673.7500,-314.0000,-371.8253));
#5912=VERTEX_POINT('',#5911);
#5910=EDGE_CURVE('',#5906,#5912,#5909,.T.);
#5914=DIRECTION('',(0.896870,0.000000,-0.442294));
#5913=VECTOR('',#5914,1.635054);
#5915=LINE('',#5911,#5913);
#5917=CARTESIAN_POINT('',(675.2164,-314.0000,-372.5485));
#5918=VERTEX_POINT('',#5917);
#5916=EDGE_CURVE('',#5912,#5918,#5915,.T.);
#5920=DIRECTION('',(0.946933,0.000000,-0.321430));
#5919=VECTOR('',#5920,1.635110);
#5921=LINE('',#5917,#5919);
#5923=CARTESIAN_POINT('',(676.7648,-314.0000,-373.0741));
#5924=VERTEX_POINT('',#5923);
#5922=EDGE_CURVE('',#5918,#5924,#5921,.T.);
#5926=DIRECTION('',(0.980783,0.000000,-0.195100));
#5925=VECTOR('',#5926,1.635058);
#5927=LINE('',#5923,#5925);
#5929=CARTESIAN_POINT('',(678.3684,-314.0000,-373.3931));
#5930=VERTEX_POINT('',#5929);
#5928=EDGE_CURVE('',#5924,#5930,#5927,.T.);
#5932=DIRECTION('',(0.997859,0.000000,-0.065399));
#5931=VECTOR('',#5932,1.635092);
#5933=LINE('',#5929,#5931);
#5935=CARTESIAN_POINT('',(680.0000,-314.0000,-373.5000));
#5936=VERTEX_POINT('',#5935);
#5934=EDGE_CURVE('',#5930,#5936,#5933,.T.);
#5938=DIRECTION('',(0.997859,0.000000,0.065399));
#5937=VECTOR('',#5938,1.635092);
#5939=LINE('',#5935,#5937);
#5941=CARTESIAN_POINT('',(681.6316,-314.0000,-373.3931));
#5942=VERTEX_POINT('',#5941);
#5940=EDGE_CURVE('',#5936,#5942,#5939,.T.);
#5944=DIRECTION('',(0.980783,0.000000,0.195100));
#5943=VECTOR('',#5944,1.635058);
#5945=LINE('',#5941,#5943);
#5947=CARTESIAN_POINT('',(683.2352,-314.0000,-373.0741));
#5948=VERTEX_POINT('',#5947);
#5946=EDGE_CURVE('',#5942,#5948,#5945,.T.);
#5950=DIRECTION('',(0.946933,0.000000,0.321430));
#5949=VECTOR('',#5950,1.635110);
#5951=LINE('',#5947,#5949);
#5953=CARTESIAN_POINT('',(684.7836,-314.0000,-372.5485));
#5954=VERTEX_POINT('',#5953);
#5952=EDGE_CURVE('',#5948,#5954,#5951,.T.);
#5956=DIRECTION('',(0.896870,0.000000,0.442294));
#5955=VECTOR('',#5956,1.635054);
#5957=LINE('',#5953,#5955);
#5959=CARTESIAN_POINT('',(686.2500,-314.0000,-371.8253));
#5960=VERTEX_POINT('',#5959);
#5958=EDGE_CURVE('',#5954,#5960,#5957,.T.);
#5962=DIRECTION('',(0.831470,0.000000,0.555570));
#5961=VECTOR('',#5962,1.635053);
#5963=LINE('',#5959,#5961);
#5965=CARTESIAN_POINT('',(687.6095,-314.0000,-370.9169));
#5966=VERTEX_POINT('',#5965);
#5964=EDGE_CURVE('',#5960,#5966,#5963,.T.);
#5968=DIRECTION('',(0.751834,0.000000,0.659353));
#5967=VECTOR('',#5968,1.635081);
#5969=LINE('',#5965,#5967);
#5971=CARTESIAN_POINT('',(688.8388,-314.0000,-369.8388));
#5972=VERTEX_POINT('',#5971);
#5970=EDGE_CURVE('',#5966,#5972,#5969,.T.);
#5974=DIRECTION('',(0.659363,0.000000,0.751825));
#5973=VECTOR('',#5974,1.635101);
#5975=LINE('',#5971,#5973);
#5977=CARTESIAN_POINT('',(689.9169,-314.0000,-368.6095));
#5978=VERTEX_POINT('',#5977);
#5976=EDGE_CURVE('',#5972,#5978,#5975,.T.);
#5980=DIRECTION('',(0.555561,0.000000,0.831476));
#5979=VECTOR('',#5980,1.635078);
#5981=LINE('',#5977,#5979);
#5983=CARTESIAN_POINT('',(690.8253,-314.0000,-367.2500));
#5984=VERTEX_POINT('',#5983);
#5982=EDGE_CURVE('',#5978,#5984,#5981,.T.);
#5986=DIRECTION('',(0.442302,0.000000,0.896866));
#5985=VECTOR('',#5986,1.635095);
#5987=LINE('',#5983,#5985);
#5989=CARTESIAN_POINT('',(691.5485,-314.0000,-365.7835));
#5990=VERTEX_POINT('',#5989);
#5988=EDGE_CURVE('',#5984,#5990,#5987,.T.);
#5992=DIRECTION('',(0.321436,0.000000,0.946931));
#5991=VECTOR('',#5992,1.635081);
#5993=LINE('',#5989,#5991);
#5995=CARTESIAN_POINT('',(692.0741,-314.0000,-364.2352));
#5996=VERTEX_POINT('',#5995);
#5994=EDGE_CURVE('',#5990,#5996,#5993,.T.);
#5998=DIRECTION('',(0.195082,0.000000,0.980787));
#5997=VECTOR('',#5998,1.635052);
#5999=LINE('',#5995,#5997);
#6001=CARTESIAN_POINT('',(692.3931,-314.0000,-362.6316));
#6002=VERTEX_POINT('',#6001);
#6000=EDGE_CURVE('',#5996,#6002,#5999,.T.);
#6004=DIRECTION('',(0.065399,0.000000,0.997859));
#6003=VECTOR('',#6004,1.635092);
#6005=LINE('',#6001,#6003);
#6007=CARTESIAN_POINT('',(692.5000,-314.0000,-361.0000));
#6008=VERTEX_POINT('',#6007);
#6006=EDGE_CURVE('',#6002,#6008,#6005,.T.);
#6010=DIRECTION('',(-0.065399,0.000000,0.997859));
#6009=VECTOR('',#6010,1.635092);
#6011=LINE('',#6007,#6009);
#6013=CARTESIAN_POINT('',(692.3931,-314.0000,-359.3684));
#6014=VERTEX_POINT('',#6013);
#6012=EDGE_CURVE('',#6008,#6014,#6011,.T.);
#6016=DIRECTION('',(-0.195082,0.000000,0.980787));
#6015=VECTOR('',#6016,1.635052);
#6017=LINE('',#6013,#6015);
#6019=CARTESIAN_POINT('',(692.0741,-314.0000,-357.7648));
#6020=VERTEX_POINT('',#6019);
#6018=EDGE_CURVE('',#6014,#6020,#6017,.T.);
#6022=DIRECTION('',(-0.321436,0.000000,0.946931));
#6021=VECTOR('',#6022,1.635081);
#6023=LINE('',#6019,#6021);
#6025=CARTESIAN_POINT('',(691.5485,-314.0000,-356.2165));
#6026=VERTEX_POINT('',#6025);
#6024=EDGE_CURVE('',#6020,#6026,#6023,.T.);
#6028=DIRECTION('',(-0.442302,0.000000,0.896866));
#6027=VECTOR('',#6028,1.635095);
#6029=LINE('',#6025,#6027);
#6031=CARTESIAN_POINT('',(690.8253,-314.0000,-354.7500));
#6032=VERTEX_POINT('',#6031);
#6030=EDGE_CURVE('',#6026,#6032,#6029,.T.);
#6034=DIRECTION('',(-0.555561,0.000000,0.831476));
#6033=VECTOR('',#6034,1.635078);
#6035=LINE('',#6031,#6033);
#6037=CARTESIAN_POINT('',(689.9169,-314.0000,-353.3905));
#6038=VERTEX_POINT('',#6037);
#6036=EDGE_CURVE('',#6032,#6038,#6035,.T.);
#6040=DIRECTION('',(-0.659363,0.000000,0.751825));
#6039=VECTOR('',#6040,1.635101);
#6041=LINE('',#6037,#6039);
#6043=CARTESIAN_POINT('',(688.8388,-314.0000,-352.1612));
#6044=VERTEX_POINT('',#6043);
#6042=EDGE_CURVE('',#6038,#6044,#6041,.T.);
#6046=DIRECTION('',(-0.751834,0.000000,0.659353));
#6045=VECTOR('',#6046,1.635081);
#6047=LINE('',#6043,#6045);
#6049=CARTESIAN_POINT('',(687.6095,-314.0000,-351.0831));
#6050=VERTEX_POINT('',#6049);
#6048=EDGE_CURVE('',#6044,#6050,#6047,.T.);
#6052=DIRECTION('',(-0.831470,0.000000,0.555570));
#6051=VECTOR('',#6052,1.635053);
#6053=LINE('',#6049,#6051);
#6055=CARTESIAN_POINT('',(686.2500,-314.0000,-350.1747));
#6056=VERTEX_POINT('',#6055);
#6054=EDGE_CURVE('',#6050,#6056,#6053,.T.);
#6058=DIRECTION('',(-0.896870,0.000000,0.442294));
#6057=VECTOR('',#6058,1.635054);
#6059=LINE('',#6055,#6057);
#6061=CARTESIAN_POINT('',(684.7836,-314.0000,-349.4515));
#6062=VERTEX_POINT('',#6061);
#6060=EDGE_CURVE('',#6056,#6062,#6059,.T.);
#6064=DIRECTION('',(-0.946933,0.000000,0.321430));
#6063=VECTOR('',#6064,1.635110);
#6065=LINE('',#6061,#6063);
#6067=CARTESIAN_POINT('',(683.2352,-314.0000,-348.9259));
#6068=VERTEX_POINT('',#6067);
#6066=EDGE_CURVE('',#6062,#6068,#6065,.T.);
#6070=DIRECTION('',(-0.980783,0.000000,0.195100));
#6069=VECTOR('',#6070,1.635058);
#6071=LINE('',#6067,#6069);
#6073=CARTESIAN_POINT('',(681.6316,-314.0000,-348.6069));
#6074=VERTEX_POINT('',#6073);
#6072=EDGE_CURVE('',#6068,#6074,#6071,.T.);
#6076=DIRECTION('',(-0.997859,0.000000,0.065399));
#6075=VECTOR('',#6076,1.635092);
#6077=LINE('',#6073,#6075);
#6079=CARTESIAN_POINT('',(680.0000,-314.0000,-348.5000));
#6080=VERTEX_POINT('',#6079);
#6078=EDGE_CURVE('',#6074,#6080,#6077,.T.);
#6082=DIRECTION('',(-0.997859,0.000000,-0.065399));
#6081=VECTOR('',#6082,1.635092);
#6083=LINE('',#6079,#6081);
#6084=EDGE_CURVE('',#6080,#5802,#6083,.T.);
#6085=ORIENTED_EDGE('',*,*,#5801,.T.);
#6086=ORIENTED_EDGE('',*,*,#5808,.T.);
#6087=ORIENTED_EDGE('',*,*,#5814,.T.);
#6088=ORIENTED_EDGE('',*,*,#5820,.T.);
#6089=ORIENTED_EDGE('',*,*,#5826,.T.);
#6090=ORIENTED_EDGE('',*,*,#5832,.T.);
#6091=ORIENTED_EDGE('',*,*,#5838,.T.);
#6092=ORIENTED_EDGE('',*,*,#5844,.T.);
#6093=ORIENTED_EDGE('',*,*,#5850,.T.);
#6094=ORIENTED_EDGE('',*,*,#5856,.T.);
#6095=ORIENTED_EDGE('',*,*,#5862,.T.);
#6096=ORIENTED_EDGE('',*,*,#5868,.T.);
#6097=ORIENTED_EDGE('',*,*,#5874,.T.);
#6098=ORIENTED_EDGE('',*,*,#5880,.T.);
#6099=ORIENTED_EDGE('',*,*,#5886,.T.);
#6100=ORIENTED_EDGE('',*,*,#5892,.T.);
#6101=ORIENTED_EDGE('',*,*,#5898,.T.);
#6102=ORIENTED_EDGE('',*,*,#5904,.T.);
#6103=ORIENTED_EDGE('',*,*,#5910,.T.);
#6104=ORIENTED_EDGE('',*,*,#5916,.T.);
#6105=ORIENTED_EDGE('',*,*,#5922,.T.);
#6106=ORIENTED_EDGE('',*,*,#5928,.T.);
#6107=ORIENTED_EDGE('',*,*,#5934,.T.);
#6108=ORIENTED_EDGE('',*,*,#5940,.T.);
#6109=ORIENTED_EDGE('',*,*,#5946,.T.);
#6110=ORIENTED_EDGE('',*,*,#5952,.T.);
#6111=ORIENTED_EDGE('',*,*,#5958,.T.);
#6112=ORIENTED_EDGE('',*,*,#5964,.T.);
#6113=ORIENTED_EDGE('',*,*,#5970,.T.);
#6114=ORIENTED_EDGE('',*,*,#5976,.T.);
#6115=ORIENTED_EDGE('',*,*,#5982,.T.);
#6116=ORIENTED_EDGE('',*,*,#5988,.T.);
#6117=ORIENTED_EDGE('',*,*,#5994,.T.);
#6118=ORIENTED_EDGE('',*,*,#6000,.T.);
#6119=ORIENTED_EDGE('',*,*,#6006,.T.);
#6120=ORIENTED_EDGE('',*,*,#6012,.T.);
#6121=ORIENTED_EDGE('',*,*,#6018,.T.);
#6122=ORIENTED_EDGE('',*,*,#6024,.T.);
#6123=ORIENTED_EDGE('',*,*,#6030,.T.);
#6124=ORIENTED_EDGE('',*,*,#6036,.T.);
#6125=ORIENTED_EDGE('',*,*,#6042,.T.);
#6126=ORIENTED_EDGE('',*,*,#6048,.T.);
#6127=ORIENTED_EDGE('',*,*,#6054,.T.);
#6128=ORIENTED_EDGE('',*,*,#6060,.T.);
#6129=ORIENTED_EDGE('',*,*,#6066,.T.);
#6130=ORIENTED_EDGE('',*,*,#6072,.T.);
#6131=ORIENTED_EDGE('',*,*,#6078,.T.);
#6132=ORIENTED_EDGE('',*,*,#6084,.T.);
#6133=EDGE_LOOP('',(#6085,#6086,#6087,#6088,#6089,#6090,#6091,#6092,#6093,#6094,#6095,#6096,#6097,#6098,#6099,#6100,#6101,#6102,#6103,#6104,#6105,#6106,#6107,#6108,#6109,#6110,#6111,#6112,#6113,#6114,#6115,#6116,#6117,#6118,#6119,#6120,#6121,#6122,#6123,#6124,#6125,#6126,#6127,#6128,#6129,#6130,#6131,#6132));
#6134=FACE_BOUND('',#6133,.T.);
#6136=DIRECTION('',(-0.997859,0.000000,-0.065395));
#6135=VECTOR('',#6136,35.646677);
#6137=LINE('',#5253,#6135);
#6139=CARTESIAN_POINT('',(660.6526,-314.0000,-254.9572));
#6140=VERTEX_POINT('',#6139);
#6138=EDGE_CURVE('',#5254,#6140,#6137,.T.);
#6142=DIRECTION('',(0.980786,0.000000,0.195089));
#6141=VECTOR('',#6142,38.871277);
#6143=LINE('',#6139,#6141);
#6144=EDGE_CURVE('',#6140,#5542,#6143,.T.);
#6146=DIRECTION('',(0.997859,0.000000,0.065395));
#6145=VECTOR('',#6146,35.646616);
#6147=LINE('',#5541,#6145);
#6149=CARTESIAN_POINT('',(734.3474,-314.0000,-245.0428));
#6150=VERTEX_POINT('',#6149);
#6148=EDGE_CURVE('',#5542,#6150,#6147,.T.);
#6152=DIRECTION('',(-0.980786,0.000000,-0.195089));
#6151=VECTOR('',#6152,38.871217);
#6153=LINE('',#6149,#6151);
#6154=EDGE_CURVE('',#6150,#5254,#6153,.T.);
#6155=ORIENTED_EDGE('',*,*,#6138,.T.);
#6156=ORIENTED_EDGE('',*,*,#6144,.T.);
#6157=ORIENTED_EDGE('',*,*,#6148,.T.);
#6158=ORIENTED_EDGE('',*,*,#6154,.T.);
#6159=EDGE_LOOP('',(#6155,#6156,#6157,#6158));
#6160=FACE_BOUND('',#6159,.T.);
#6162=DIRECTION('',(-0.980783,0.000000,-0.195102));
#6161=VECTOR('',#6162,0.653986);
#6164=CARTESIAN_POINT('',(659.3474,-314.0000,-325.0428));
#6163=LINE('',#6164,#6161);
#6166=VERTEX_POINT('',#6164);
#6167=CARTESIAN_POINT('',(658.7059,-314.0000,-325.1704));
#6168=VERTEX_POINT('',#6167);
#6165=EDGE_CURVE('',#6166,#6168,#6163,.T.);
#6170=DIRECTION('',(-0.946928,0.000000,-0.321444));
#6169=VECTOR('',#6170,0.654034);
#6171=LINE('',#6167,#6169);
#6173=CARTESIAN_POINT('',(658.0866,-314.0000,-325.3806));
#6174=VERTEX_POINT('',#6173);
#6172=EDGE_CURVE('',#6168,#6174,#6171,.T.);
#6176=DIRECTION('',(-0.896896,0.000000,-0.442242));
#6175=VECTOR('',#6176,0.654044);
#6177=LINE('',#6173,#6175);
#6179=CARTESIAN_POINT('',(657.5000,-314.0000,-325.6699));
#6180=VERTEX_POINT('',#6179);
#6178=EDGE_CURVE('',#6174,#6180,#6177,.T.);
#6182=DIRECTION('',(-0.831468,0.000000,-0.555572));
#6181=VECTOR('',#6182,0.654052);
#6183=LINE('',#6179,#6181);
#6185=CARTESIAN_POINT('',(656.9562,-314.0000,-326.0332));
#6186=VERTEX_POINT('',#6185);
#6184=EDGE_CURVE('',#6180,#6186,#6183,.T.);
#6188=DIRECTION('',(-0.751813,0.000000,-0.659376));
#6187=VECTOR('',#6188,0.654018);
#6189=LINE('',#6185,#6187);
#6191=CARTESIAN_POINT('',(656.4645,-314.0000,-326.4645));
#6192=VERTEX_POINT('',#6191);
#6190=EDGE_CURVE('',#6186,#6192,#6189,.T.);
#6194=DIRECTION('',(-0.659403,0.000000,-0.751790));
#6193=VECTOR('',#6194,0.654038);
#6195=LINE('',#6191,#6193);
#6197=CARTESIAN_POINT('',(656.0332,-314.0000,-326.9562));
#6198=VERTEX_POINT('',#6197);
#6196=EDGE_CURVE('',#6192,#6198,#6195,.T.);
#6200=DIRECTION('',(-0.555540,0.000000,-0.831490));
#6199=VECTOR('',#6200,0.654035);
#6201=LINE('',#6197,#6199);
#6203=CARTESIAN_POINT('',(655.6699,-314.0000,-327.5000));
#6204=VERTEX_POINT('',#6203);
#6202=EDGE_CURVE('',#6198,#6204,#6201,.T.);
#6206=DIRECTION('',(-0.442261,0.000000,-0.896887));
#6205=VECTOR('',#6206,0.654016);
#6207=LINE('',#6203,#6205);
#6209=CARTESIAN_POINT('',(655.3806,-314.0000,-328.0866));
#6210=VERTEX_POINT('',#6209);
#6208=EDGE_CURVE('',#6204,#6210,#6207,.T.);
#6212=DIRECTION('',(-0.321486,0.000000,-0.946914));
#6211=VECTOR('',#6212,0.654044);
#6213=LINE('',#6209,#6211);
#6215=CARTESIAN_POINT('',(655.1703,-314.0000,-328.7059));
#6216=VERTEX_POINT('',#6215);
#6214=EDGE_CURVE('',#6210,#6216,#6213,.T.);
#6218=DIRECTION('',(-0.195048,0.000000,-0.980794));
#6217=VECTOR('',#6218,0.654010);
#6219=LINE('',#6215,#6217);
#6221=CARTESIAN_POINT('',(655.0428,-314.0000,-329.3474));
#6222=VERTEX_POINT('',#6221);
#6220=EDGE_CURVE('',#6216,#6222,#6219,.T.);
#6224=DIRECTION('',(-0.065416,0.000000,-0.997858));
#6223=VECTOR('',#6224,0.654050);
#6225=LINE('',#6221,#6223);
#6227=CARTESIAN_POINT('',(655.0000,-314.0000,-330.0000));
#6228=VERTEX_POINT('',#6227);
#6226=EDGE_CURVE('',#6222,#6228,#6225,.T.);
#6230=DIRECTION('',(0.065416,0.000000,-0.997858));
#6229=VECTOR('',#6230,0.654050);
#6231=LINE('',#6227,#6229);
#6233=CARTESIAN_POINT('',(655.0428,-314.0000,-330.6526));
#6234=VERTEX_POINT('',#6233);
#6232=EDGE_CURVE('',#6228,#6234,#6231,.T.);
#6236=DIRECTION('',(0.195048,0.000000,-0.980794));
#6235=VECTOR('',#6236,0.654010);
#6237=LINE('',#6233,#6235);
#6239=CARTESIAN_POINT('',(655.1703,-314.0000,-331.2941));
#6240=VERTEX_POINT('',#6239);
#6238=EDGE_CURVE('',#6234,#6240,#6237,.T.);
#6242=DIRECTION('',(0.321486,0.000000,-0.946914));
#6241=VECTOR('',#6242,0.654044);
#6243=LINE('',#6239,#6241);
#6245=CARTESIAN_POINT('',(655.3806,-314.0000,-331.9134));
#6246=VERTEX_POINT('',#6245);
#6244=EDGE_CURVE('',#6240,#6246,#6243,.T.);
#6248=DIRECTION('',(0.442261,0.000000,-0.896887));
#6247=VECTOR('',#6248,0.654016);
#6249=LINE('',#6245,#6247);
#6251=CARTESIAN_POINT('',(655.6699,-314.0000,-332.5000));
#6252=VERTEX_POINT('',#6251);
#6250=EDGE_CURVE('',#6246,#6252,#6249,.T.);
#6254=DIRECTION('',(0.555540,0.000000,-0.831490));
#6253=VECTOR('',#6254,0.654035);
#6255=LINE('',#6251,#6253);
#6257=CARTESIAN_POINT('',(656.0332,-314.0000,-333.0438));
#6258=VERTEX_POINT('',#6257);
#6256=EDGE_CURVE('',#6252,#6258,#6255,.T.);
#6260=DIRECTION('',(0.659403,0.000000,-0.751790));
#6259=VECTOR('',#6260,0.654038);
#6261=LINE('',#6257,#6259);
#6263=CARTESIAN_POINT('',(656.4645,-314.0000,-333.5355));
#6264=VERTEX_POINT('',#6263);
#6262=EDGE_CURVE('',#6258,#6264,#6261,.T.);
#6266=DIRECTION('',(0.751813,0.000000,-0.659376));
#6265=VECTOR('',#6266,0.654018);
#6267=LINE('',#6263,#6265);
#6269=CARTESIAN_POINT('',(656.9562,-314.0000,-333.9668));
#6270=VERTEX_POINT('',#6269);
#6268=EDGE_CURVE('',#6264,#6270,#6267,.T.);
#6272=DIRECTION('',(0.831468,0.000000,-0.555572));
#6271=VECTOR('',#6272,0.654052);
#6273=LINE('',#6269,#6271);
#6275=CARTESIAN_POINT('',(657.5000,-314.0000,-334.3301));
#6276=VERTEX_POINT('',#6275);
#6274=EDGE_CURVE('',#6270,#6276,#6273,.T.);
#6278=DIRECTION('',(0.896896,0.000000,-0.442242));
#6277=VECTOR('',#6278,0.654044);
#6279=LINE('',#6275,#6277);
#6281=CARTESIAN_POINT('',(658.0866,-314.0000,-334.6194));
#6282=VERTEX_POINT('',#6281);
#6280=EDGE_CURVE('',#6276,#6282,#6279,.T.);
#6284=DIRECTION('',(0.946928,0.000000,-0.321444));
#6283=VECTOR('',#6284,0.654034);
#6285=LINE('',#6281,#6283);
#6287=CARTESIAN_POINT('',(658.7059,-314.0000,-334.8296));
#6288=VERTEX_POINT('',#6287);
#6286=EDGE_CURVE('',#6282,#6288,#6285,.T.);
#6290=DIRECTION('',(0.980783,0.000000,-0.195102));
#6289=VECTOR('',#6290,0.653986);
#6291=LINE('',#6287,#6289);
#6293=CARTESIAN_POINT('',(659.3474,-314.0000,-334.9572));
#6294=VERTEX_POINT('',#6293);
#6292=EDGE_CURVE('',#6288,#6294,#6291,.T.);
#6296=DIRECTION('',(0.997858,0.000000,-0.065416));
#6295=VECTOR('',#6296,0.654050);
#6297=LINE('',#6293,#6295);
#6299=CARTESIAN_POINT('',(660.0000,-314.0000,-335.0000));
#6300=VERTEX_POINT('',#6299);
#6298=EDGE_CURVE('',#6294,#6300,#6297,.T.);
#6302=DIRECTION('',(0.997858,0.000000,0.065416));
#6301=VECTOR('',#6302,0.654050);
#6303=LINE('',#6299,#6301);
#6305=CARTESIAN_POINT('',(660.6526,-314.0000,-334.9572));
#6306=VERTEX_POINT('',#6305);
#6304=EDGE_CURVE('',#6300,#6306,#6303,.T.);
#6308=DIRECTION('',(0.980783,0.000000,0.195102));
#6307=VECTOR('',#6308,0.653986);
#6309=LINE('',#6305,#6307);
#6311=CARTESIAN_POINT('',(661.2941,-314.0000,-334.8296));
#6312=VERTEX_POINT('',#6311);
#6310=EDGE_CURVE('',#6306,#6312,#6309,.T.);
#6314=DIRECTION('',(0.946928,0.000000,0.321444));
#6313=VECTOR('',#6314,0.654034);
#6315=LINE('',#6311,#6313);
#6317=CARTESIAN_POINT('',(661.9134,-314.0000,-334.6194));
#6318=VERTEX_POINT('',#6317);
#6316=EDGE_CURVE('',#6312,#6318,#6315,.T.);
#6320=DIRECTION('',(0.896896,0.000000,0.442242));
#6319=VECTOR('',#6320,0.654044);
#6321=LINE('',#6317,#6319);
#6323=CARTESIAN_POINT('',(662.5000,-314.0000,-334.3301));
#6324=VERTEX_POINT('',#6323);
#6322=EDGE_CURVE('',#6318,#6324,#6321,.T.);
#6326=DIRECTION('',(0.831468,0.000000,0.555572));
#6325=VECTOR('',#6326,0.654052);
#6327=LINE('',#6323,#6325);
#6329=CARTESIAN_POINT('',(663.0438,-314.0000,-333.9668));
#6330=VERTEX_POINT('',#6329);
#6328=EDGE_CURVE('',#6324,#6330,#6327,.T.);
#6332=DIRECTION('',(0.751813,0.000000,0.659376));
#6331=VECTOR('',#6332,0.654018);
#6333=LINE('',#6329,#6331);
#6335=CARTESIAN_POINT('',(663.5355,-314.0000,-333.5355));
#6336=VERTEX_POINT('',#6335);
#6334=EDGE_CURVE('',#6330,#6336,#6333,.T.);
#6338=DIRECTION('',(0.659403,0.000000,0.751790));
#6337=VECTOR('',#6338,0.654038);
#6339=LINE('',#6335,#6337);
#6341=CARTESIAN_POINT('',(663.9668,-314.0000,-333.0438));
#6342=VERTEX_POINT('',#6341);
#6340=EDGE_CURVE('',#6336,#6342,#6339,.T.);
#6344=DIRECTION('',(0.555540,0.000000,0.831490));
#6343=VECTOR('',#6344,0.654035);
#6345=LINE('',#6341,#6343);
#6347=CARTESIAN_POINT('',(664.3301,-314.0000,-332.5000));
#6348=VERTEX_POINT('',#6347);
#6346=EDGE_CURVE('',#6342,#6348,#6345,.T.);
#6350=DIRECTION('',(0.442261,0.000000,0.896887));
#6349=VECTOR('',#6350,0.654016);
#6351=LINE('',#6347,#6349);
#6353=CARTESIAN_POINT('',(664.6194,-314.0000,-331.9134));
#6354=VERTEX_POINT('',#6353);
#6352=EDGE_CURVE('',#6348,#6354,#6351,.T.);
#6356=DIRECTION('',(0.321486,0.000000,0.946914));
#6355=VECTOR('',#6356,0.654044);
#6357=LINE('',#6353,#6355);
#6359=CARTESIAN_POINT('',(664.8297,-314.0000,-331.2941));
#6360=VERTEX_POINT('',#6359);
#6358=EDGE_CURVE('',#6354,#6360,#6357,.T.);
#6362=DIRECTION('',(0.195048,0.000000,0.980794));
#6361=VECTOR('',#6362,0.654010);
#6363=LINE('',#6359,#6361);
#6365=CARTESIAN_POINT('',(664.9572,-314.0000,-330.6526));
#6366=VERTEX_POINT('',#6365);
#6364=EDGE_CURVE('',#6360,#6366,#6363,.T.);
#6368=DIRECTION('',(0.065416,0.000000,0.997858));
#6367=VECTOR('',#6368,0.654050);
#6369=LINE('',#6365,#6367);
#6371=CARTESIAN_POINT('',(665.0000,-314.0000,-330.0000));
#6372=VERTEX_POINT('',#6371);
#6370=EDGE_CURVE('',#6366,#6372,#6369,.T.);
#6374=DIRECTION('',(-0.065416,0.000000,0.997858));
#6373=VECTOR('',#6374,0.654050);
#6375=LINE('',#6371,#6373);
#6377=CARTESIAN_POINT('',(664.9572,-314.0000,-329.3474));
#6378=VERTEX_POINT('',#6377);
#6376=EDGE_CURVE('',#6372,#6378,#6375,.T.);
#6380=DIRECTION('',(-0.195048,0.000000,0.980794));
#6379=VECTOR('',#6380,0.654010);
#6381=LINE('',#6377,#6379);
#6383=CARTESIAN_POINT('',(664.8297,-314.0000,-328.7059));
#6384=VERTEX_POINT('',#6383);
#6382=EDGE_CURVE('',#6378,#6384,#6381,.T.);
#6386=DIRECTION('',(-0.321486,0.000000,0.946914));
#6385=VECTOR('',#6386,0.654044);
#6387=LINE('',#6383,#6385);
#6389=CARTESIAN_POINT('',(664.6194,-314.0000,-328.0866));
#6390=VERTEX_POINT('',#6389);
#6388=EDGE_CURVE('',#6384,#6390,#6387,.T.);
#6392=DIRECTION('',(-0.442261,0.000000,0.896887));
#6391=VECTOR('',#6392,0.654016);
#6393=LINE('',#6389,#6391);
#6395=CARTESIAN_POINT('',(664.3301,-314.0000,-327.5000));
#6396=VERTEX_POINT('',#6395);
#6394=EDGE_CURVE('',#6390,#6396,#6393,.T.);
#6398=DIRECTION('',(-0.555540,0.000000,0.831490));
#6397=VECTOR('',#6398,0.654035);
#6399=LINE('',#6395,#6397);
#6401=CARTESIAN_POINT('',(663.9668,-314.0000,-326.9562));
#6402=VERTEX_POINT('',#6401);
#6400=EDGE_CURVE('',#6396,#6402,#6399,.T.);
#6404=DIRECTION('',(-0.659403,0.000000,0.751790));
#6403=VECTOR('',#6404,0.654038);
#6405=LINE('',#6401,#6403);
#6407=CARTESIAN_POINT('',(663.5355,-314.0000,-326.4645));
#6408=VERTEX_POINT('',#6407);
#6406=EDGE_CURVE('',#6402,#6408,#6405,.T.);
#6410=DIRECTION('',(-0.751813,0.000000,0.659376));
#6409=VECTOR('',#6410,0.654018);
#6411=LINE('',#6407,#6409);
#6413=CARTESIAN_POINT('',(663.0438,-314.0000,-326.0332));
#6414=VERTEX_POINT('',#6413);
#6412=EDGE_CURVE('',#6408,#6414,#6411,.T.);
#6416=DIRECTION('',(-0.831468,0.000000,0.555572));
#6415=VECTOR('',#6416,0.654052);
#6417=LINE('',#6413,#6415);
#6419=CARTESIAN_POINT('',(662.5000,-314.0000,-325.6699));
#6420=VERTEX_POINT('',#6419);
#6418=EDGE_CURVE('',#6414,#6420,#6417,.T.);
#6422=DIRECTION('',(-0.896896,0.000000,0.442242));
#6421=VECTOR('',#6422,0.654044);
#6423=LINE('',#6419,#6421);
#6425=CARTESIAN_POINT('',(661.9134,-314.0000,-325.3806));
#6426=VERTEX_POINT('',#6425);
#6424=EDGE_CURVE('',#6420,#6426,#6423,.T.);
#6428=DIRECTION('',(-0.946928,0.000000,0.321444));
#6427=VECTOR('',#6428,0.654034);
#6429=LINE('',#6425,#6427);
#6431=CARTESIAN_POINT('',(661.2941,-314.0000,-325.1704));
#6432=VERTEX_POINT('',#6431);
#6430=EDGE_CURVE('',#6426,#6432,#6429,.T.);
#6434=DIRECTION('',(-0.980783,0.000000,0.195102));
#6433=VECTOR('',#6434,0.653986);
#6435=LINE('',#6431,#6433);
#6437=CARTESIAN_POINT('',(660.6526,-314.0000,-325.0428));
#6438=VERTEX_POINT('',#6437);
#6436=EDGE_CURVE('',#6432,#6438,#6435,.T.);
#6440=DIRECTION('',(-0.997858,0.000000,0.065416));
#6439=VECTOR('',#6440,0.654050);
#6441=LINE('',#6437,#6439);
#6443=CARTESIAN_POINT('',(660.0000,-314.0000,-325.0000));
#6444=VERTEX_POINT('',#6443);
#6442=EDGE_CURVE('',#6438,#6444,#6441,.T.);
#6446=DIRECTION('',(-0.997858,0.000000,-0.065416));
#6445=VECTOR('',#6446,0.654050);
#6447=LINE('',#6443,#6445);
#6448=EDGE_CURVE('',#6444,#6166,#6447,.T.);
#6449=ORIENTED_EDGE('',*,*,#6165,.T.);
#6450=ORIENTED_EDGE('',*,*,#6172,.T.);
#6451=ORIENTED_EDGE('',*,*,#6178,.T.);
#6452=ORIENTED_EDGE('',*,*,#6184,.T.);
#6453=ORIENTED_EDGE('',*,*,#6190,.T.);
#6454=ORIENTED_EDGE('',*,*,#6196,.T.);
#6455=ORIENTED_EDGE('',*,*,#6202,.T.);
#6456=ORIENTED_EDGE('',*,*,#6208,.T.);
#6457=ORIENTED_EDGE('',*,*,#6214,.T.);
#6458=ORIENTED_EDGE('',*,*,#6220,.T.);
#6459=ORIENTED_EDGE('',*,*,#6226,.T.);
#6460=ORIENTED_EDGE('',*,*,#6232,.T.);
#6461=ORIENTED_EDGE('',*,*,#6238,.T.);
#6462=ORIENTED_EDGE('',*,*,#6244,.T.);
#6463=ORIENTED_EDGE('',*,*,#6250,.T.);
#6464=ORIENTED_EDGE('',*,*,#6256,.T.);
#6465=ORIENTED_EDGE('',*,*,#6262,.T.);
#6466=ORIENTED_EDGE('',*,*,#6268,.T.);
#6467=ORIENTED_EDGE('',*,*,#6274,.T.);
#6468=ORIENTED_EDGE('',*,*,#6280,.T.);
#6469=ORIENTED_EDGE('',*,*,#6286,.T.);
#6470=ORIENTED_EDGE('',*,*,#6292,.T.);
#6471=ORIENTED_EDGE('',*,*,#6298,.T.);
#6472=ORIENTED_EDGE('',*,*,#6304,.T.);
#6473=ORIENTED_EDGE('',*,*,#6310,.T.);
#6474=ORIENTED_EDGE('',*,*,#6316,.T.);
#6475=ORIENTED_EDGE('',*,*,#6322,.T.);
#6476=ORIENTED_EDGE('',*,*,#6328,.T.);
#6477=ORIENTED_EDGE('',*,*,#6334,.T.);
#6478=ORIENTED_EDGE('',*,*,#6340,.T.);
#6479=ORIENTED_EDGE('',*,*,#6346,.T.);
#6480=ORIENTED_EDGE('',*,*,#6352,.T.);
#6481=ORIENTED_EDGE('',*,*,#6358,.T.);
#6482=ORIENTED_EDGE('',*,*,#6364,.T.);
#6483=ORIENTED_EDGE('',*,*,#6370,.T.);
#6484=ORIENTED_EDGE('',*,*,#6376,.T.);
#6485=ORIENTED_EDGE('',*,*,#6382,.T.);
#6486=ORIENTED_EDGE('',*,*,#6388,.T.);
#6487=ORIENTED_EDGE('',*,*,#6394,.T.);
#6488=ORIENTED_EDGE('',*,*,#6400,.T.);
#6489=ORIENTED_EDGE('',*,*,#6406,.T.);
#6490=ORIENTED_EDGE('',*,*,#6412,.T.);
#6491=ORIENTED_EDGE('',*,*,#6418,.T.);
#6492=ORIENTED_EDGE('',*,*,#6424,.T.);
#6493=ORIENTED_EDGE('',*,*,#6430,.T.);
#6494=ORIENTED_EDGE('',*,*,#6436,.T.);
#6495=ORIENTED_EDGE('',*,*,#6442,.T.);
#6496=ORIENTED_EDGE('',*,*,#6448,.T.);
#6497=EDGE_LOOP('',(#6449,#6450,#6451,#6452,#6453,#6454,#6455,#6456,#6457,#6458,#6459,#6460,#6461,#6462,#6463,#6464,#6465,#6466,#6467,#6468,#6469,#6470,#6471,#6472,#6473,#6474,#6475,#6476,#6477,#6478,#6479,#6480,#6481,#6482,#6483,#6484,#6485,#6486,#6487,#6488,#6489,#6490,#6491,#6492,#6493,#6494,#6495,#6496));
#6498=FACE_BOUND('',#6497,.T.);
#6500=DIRECTION('',(-0.980783,0.000000,-0.195102));
#6499=VECTOR('',#6500,0.653986);
#6502=CARTESIAN_POINT('',(734.3474,-314.0000,-325.0428));
#6501=LINE('',#6502,#6499);
#6504=VERTEX_POINT('',#6502);
#6505=CARTESIAN_POINT('',(733.7059,-314.0000,-325.1704));
#6506=VERTEX_POINT('',#6505);
#6503=EDGE_CURVE('',#6504,#6506,#6501,.T.);
#6508=DIRECTION('',(-0.946928,0.000000,-0.321444));
#6507=VECTOR('',#6508,0.654034);
#6509=LINE('',#6505,#6507);
#6511=CARTESIAN_POINT('',(733.0866,-314.0000,-325.3806));
#6512=VERTEX_POINT('',#6511);
#6510=EDGE_CURVE('',#6506,#6512,#6509,.T.);
#6514=DIRECTION('',(-0.896896,0.000000,-0.442242));
#6513=VECTOR('',#6514,0.654044);
#6515=LINE('',#6511,#6513);
#6517=CARTESIAN_POINT('',(732.5000,-314.0000,-325.6699));
#6518=VERTEX_POINT('',#6517);
#6516=EDGE_CURVE('',#6512,#6518,#6515,.T.);
#6520=DIRECTION('',(-0.831468,0.000000,-0.555572));
#6519=VECTOR('',#6520,0.654052);
#6521=LINE('',#6517,#6519);
#6523=CARTESIAN_POINT('',(731.9562,-314.0000,-326.0332));
#6524=VERTEX_POINT('',#6523);
#6522=EDGE_CURVE('',#6518,#6524,#6521,.T.);
#6526=DIRECTION('',(-0.751813,0.000000,-0.659376));
#6525=VECTOR('',#6526,0.654018);
#6527=LINE('',#6523,#6525);
#6529=CARTESIAN_POINT('',(731.4645,-314.0000,-326.4645));
#6530=VERTEX_POINT('',#6529);
#6528=EDGE_CURVE('',#6524,#6530,#6527,.T.);
#6532=DIRECTION('',(-0.659403,0.000000,-0.751790));
#6531=VECTOR('',#6532,0.654038);
#6533=LINE('',#6529,#6531);
#6535=CARTESIAN_POINT('',(731.0332,-314.0000,-326.9562));
#6536=VERTEX_POINT('',#6535);
#6534=EDGE_CURVE('',#6530,#6536,#6533,.T.);
#6538=DIRECTION('',(-0.555540,0.000000,-0.831490));
#6537=VECTOR('',#6538,0.654035);
#6539=LINE('',#6535,#6537);
#6541=CARTESIAN_POINT('',(730.6699,-314.0000,-327.5000));
#6542=VERTEX_POINT('',#6541);
#6540=EDGE_CURVE('',#6536,#6542,#6539,.T.);
#6544=DIRECTION('',(-0.442261,0.000000,-0.896887));
#6543=VECTOR('',#6544,0.654016);
#6545=LINE('',#6541,#6543);
#6547=CARTESIAN_POINT('',(730.3806,-314.0000,-328.0866));
#6548=VERTEX_POINT('',#6547);
#6546=EDGE_CURVE('',#6542,#6548,#6545,.T.);
#6550=DIRECTION('',(-0.321486,0.000000,-0.946914));
#6549=VECTOR('',#6550,0.654044);
#6551=LINE('',#6547,#6549);
#6553=CARTESIAN_POINT('',(730.1703,-314.0000,-328.7059));
#6554=VERTEX_POINT('',#6553);
#6552=EDGE_CURVE('',#6548,#6554,#6551,.T.);
#6556=DIRECTION('',(-0.195048,0.000000,-0.980794));
#6555=VECTOR('',#6556,0.654010);
#6557=LINE('',#6553,#6555);
#6559=CARTESIAN_POINT('',(730.0428,-314.0000,-329.3474));
#6560=VERTEX_POINT('',#6559);
#6558=EDGE_CURVE('',#6554,#6560,#6557,.T.);
#6562=DIRECTION('',(-0.065416,0.000000,-0.997858));
#6561=VECTOR('',#6562,0.654050);
#6563=LINE('',#6559,#6561);
#6565=CARTESIAN_POINT('',(730.0000,-314.0000,-330.0000));
#6566=VERTEX_POINT('',#6565);
#6564=EDGE_CURVE('',#6560,#6566,#6563,.T.);
#6568=DIRECTION('',(0.065416,0.000000,-0.997858));
#6567=VECTOR('',#6568,0.654050);
#6569=LINE('',#6565,#6567);
#6571=CARTESIAN_POINT('',(730.0428,-314.0000,-330.6526));
#6572=VERTEX_POINT('',#6571);
#6570=EDGE_CURVE('',#6566,#6572,#6569,.T.);
#6574=DIRECTION('',(0.195048,0.000000,-0.980794));
#6573=VECTOR('',#6574,0.654010);
#6575=LINE('',#6571,#6573);
#6577=CARTESIAN_POINT('',(730.1703,-314.0000,-331.2941));
#6578=VERTEX_POINT('',#6577);
#6576=EDGE_CURVE('',#6572,#6578,#6575,.T.);
#6580=DIRECTION('',(0.321486,0.000000,-0.946914));
#6579=VECTOR('',#6580,0.654044);
#6581=LINE('',#6577,#6579);
#6583=CARTESIAN_POINT('',(730.3806,-314.0000,-331.9134));
#6584=VERTEX_POINT('',#6583);
#6582=EDGE_CURVE('',#6578,#6584,#6581,.T.);
#6586=DIRECTION('',(0.442261,0.000000,-0.896887));
#6585=VECTOR('',#6586,0.654016);
#6587=LINE('',#6583,#6585);
#6589=CARTESIAN_POINT('',(730.6699,-314.0000,-332.5000));
#6590=VERTEX_POINT('',#6589);
#6588=EDGE_CURVE('',#6584,#6590,#6587,.T.);
#6592=DIRECTION('',(0.555540,0.000000,-0.831490));
#6591=VECTOR('',#6592,0.654035);
#6593=LINE('',#6589,#6591);
#6595=CARTESIAN_POINT('',(731.0332,-314.0000,-333.0438));
#6596=VERTEX_POINT('',#6595);
#6594=EDGE_CURVE('',#6590,#6596,#6593,.T.);
#6598=DIRECTION('',(0.659403,0.000000,-0.751790));
#6597=VECTOR('',#6598,0.654038);
#6599=LINE('',#6595,#6597);
#6601=CARTESIAN_POINT('',(731.4645,-314.0000,-333.5355));
#6602=VERTEX_POINT('',#6601);
#6600=EDGE_CURVE('',#6596,#6602,#6599,.T.);
#6604=DIRECTION('',(0.751813,0.000000,-0.659376));
#6603=VECTOR('',#6604,0.654018);
#6605=LINE('',#6601,#6603);
#6607=CARTESIAN_POINT('',(731.9562,-314.0000,-333.9668));
#6608=VERTEX_POINT('',#6607);
#6606=EDGE_CURVE('',#6602,#6608,#6605,.T.);
#6610=DIRECTION('',(0.831468,0.000000,-0.555572));
#6609=VECTOR('',#6610,0.654052);
#6611=LINE('',#6607,#6609);
#6613=CARTESIAN_POINT('',(732.5000,-314.0000,-334.3301));
#6614=VERTEX_POINT('',#6613);
#6612=EDGE_CURVE('',#6608,#6614,#6611,.T.);
#6616=DIRECTION('',(0.896896,0.000000,-0.442242));
#6615=VECTOR('',#6616,0.654044);
#6617=LINE('',#6613,#6615);
#6619=CARTESIAN_POINT('',(733.0866,-314.0000,-334.6194));
#6620=VERTEX_POINT('',#6619);
#6618=EDGE_CURVE('',#6614,#6620,#6617,.T.);
#6622=DIRECTION('',(0.946928,0.000000,-0.321444));
#6621=VECTOR('',#6622,0.654034);
#6623=LINE('',#6619,#6621);
#6625=CARTESIAN_POINT('',(733.7059,-314.0000,-334.8296));
#6626=VERTEX_POINT('',#6625);
#6624=EDGE_CURVE('',#6620,#6626,#6623,.T.);
#6628=DIRECTION('',(0.980783,0.000000,-0.195102));
#6627=VECTOR('',#6628,0.653986);
#6629=LINE('',#6625,#6627);
#6631=CARTESIAN_POINT('',(734.3474,-314.0000,-334.9572));
#6632=VERTEX_POINT('',#6631);
#6630=EDGE_CURVE('',#6626,#6632,#6629,.T.);
#6634=DIRECTION('',(0.997858,0.000000,-0.065416));
#6633=VECTOR('',#6634,0.654050);
#6635=LINE('',#6631,#6633);
#6637=CARTESIAN_POINT('',(735.0000,-314.0000,-335.0000));
#6638=VERTEX_POINT('',#6637);
#6636=EDGE_CURVE('',#6632,#6638,#6635,.T.);
#6640=DIRECTION('',(0.997858,0.000000,0.065416));
#6639=VECTOR('',#6640,0.654050);
#6641=LINE('',#6637,#6639);
#6643=CARTESIAN_POINT('',(735.6526,-314.0000,-334.9572));
#6644=VERTEX_POINT('',#6643);
#6642=EDGE_CURVE('',#6638,#6644,#6641,.T.);
#6646=DIRECTION('',(0.980783,0.000000,0.195102));
#6645=VECTOR('',#6646,0.653986);
#6647=LINE('',#6643,#6645);
#6649=CARTESIAN_POINT('',(736.2941,-314.0000,-334.8296));
#6650=VERTEX_POINT('',#6649);
#6648=EDGE_CURVE('',#6644,#6650,#6647,.T.);
#6652=DIRECTION('',(0.946928,0.000000,0.321444));
#6651=VECTOR('',#6652,0.654034);
#6653=LINE('',#6649,#6651);
#6655=CARTESIAN_POINT('',(736.9134,-314.0000,-334.6194));
#6656=VERTEX_POINT('',#6655);
#6654=EDGE_CURVE('',#6650,#6656,#6653,.T.);
#6658=DIRECTION('',(0.896896,0.000000,0.442242));
#6657=VECTOR('',#6658,0.654044);
#6659=LINE('',#6655,#6657);
#6661=CARTESIAN_POINT('',(737.5000,-314.0000,-334.3301));
#6662=VERTEX_POINT('',#6661);
#6660=EDGE_CURVE('',#6656,#6662,#6659,.T.);
#6664=DIRECTION('',(0.831468,0.000000,0.555572));
#6663=VECTOR('',#6664,0.654052);
#6665=LINE('',#6661,#6663);
#6667=CARTESIAN_POINT('',(738.0438,-314.0000,-333.9668));
#6668=VERTEX_POINT('',#6667);
#6666=EDGE_CURVE('',#6662,#6668,#6665,.T.);
#6670=DIRECTION('',(0.751813,0.000000,0.659376));
#6669=VECTOR('',#6670,0.654018);
#6671=LINE('',#6667,#6669);
#6673=CARTESIAN_POINT('',(738.5355,-314.0000,-333.5355));
#6674=VERTEX_POINT('',#6673);
#6672=EDGE_CURVE('',#6668,#6674,#6671,.T.);
#6676=DIRECTION('',(0.659403,0.000000,0.751790));
#6675=VECTOR('',#6676,0.654038);
#6677=LINE('',#6673,#6675);
#6679=CARTESIAN_POINT('',(738.9668,-314.0000,-333.0438));
#6680=VERTEX_POINT('',#6679);
#6678=EDGE_CURVE('',#6674,#6680,#6677,.T.);
#6682=DIRECTION('',(0.555540,0.000000,0.831490));
#6681=VECTOR('',#6682,0.654035);
#6683=LINE('',#6679,#6681);
#6685=CARTESIAN_POINT('',(739.3301,-314.0000,-332.5000));
#6686=VERTEX_POINT('',#6685);
#6684=EDGE_CURVE('',#6680,#6686,#6683,.T.);
#6688=DIRECTION('',(0.442261,0.000000,0.896887));
#6687=VECTOR('',#6688,0.654016);
#6689=LINE('',#6685,#6687);
#6691=CARTESIAN_POINT('',(739.6194,-314.0000,-331.9134));
#6692=VERTEX_POINT('',#6691);
#6690=EDGE_CURVE('',#6686,#6692,#6689,.T.);
#6694=DIRECTION('',(0.321486,0.000000,0.946914));
#6693=VECTOR('',#6694,0.654044);
#6695=LINE('',#6691,#6693);
#6697=CARTESIAN_POINT('',(739.8297,-314.0000,-331.2941));
#6698=VERTEX_POINT('',#6697);
#6696=EDGE_CURVE('',#6692,#6698,#6695,.T.);
#6700=DIRECTION('',(0.195048,0.000000,0.980794));
#6699=VECTOR('',#6700,0.654010);
#6701=LINE('',#6697,#6699);
#6703=CARTESIAN_POINT('',(739.9572,-314.0000,-330.6526));
#6704=VERTEX_POINT('',#6703);
#6702=EDGE_CURVE('',#6698,#6704,#6701,.T.);
#6706=DIRECTION('',(0.065416,0.000000,0.997858));
#6705=VECTOR('',#6706,0.654050);
#6707=LINE('',#6703,#6705);
#6709=CARTESIAN_POINT('',(740.0000,-314.0000,-330.0000));
#6710=VERTEX_POINT('',#6709);
#6708=EDGE_CURVE('',#6704,#6710,#6707,.T.);
#6712=DIRECTION('',(-0.065416,0.000000,0.997858));
#6711=VECTOR('',#6712,0.654050);
#6713=LINE('',#6709,#6711);
#6715=CARTESIAN_POINT('',(739.9572,-314.0000,-329.3474));
#6716=VERTEX_POINT('',#6715);
#6714=EDGE_CURVE('',#6710,#6716,#6713,.T.);
#6718=DIRECTION('',(-0.195048,0.000000,0.980794));
#6717=VECTOR('',#6718,0.654010);
#6719=LINE('',#6715,#6717);
#6721=CARTESIAN_POINT('',(739.8297,-314.0000,-328.7059));
#6722=VERTEX_POINT('',#6721);
#6720=EDGE_CURVE('',#6716,#6722,#6719,.T.);
#6724=DIRECTION('',(-0.321486,0.000000,0.946914));
#6723=VECTOR('',#6724,0.654044);
#6725=LINE('',#6721,#6723);
#6727=CARTESIAN_POINT('',(739.6194,-314.0000,-328.0866));
#6728=VERTEX_POINT('',#6727);
#6726=EDGE_CURVE('',#6722,#6728,#6725,.T.);
#6730=DIRECTION('',(-0.442261,0.000000,0.896887));
#6729=VECTOR('',#6730,0.654016);
#6731=LINE('',#6727,#6729);
#6733=CARTESIAN_POINT('',(739.3301,-314.0000,-327.5000));
#6734=VERTEX_POINT('',#6733);
#6732=EDGE_CURVE('',#6728,#6734,#6731,.T.);
#6736=DIRECTION('',(-0.555540,0.000000,0.831490));
#6735=VECTOR('',#6736,0.654035);
#6737=LINE('',#6733,#6735);
#6739=CARTESIAN_POINT('',(738.9668,-314.0000,-326.9562));
#6740=VERTEX_POINT('',#6739);
#6738=EDGE_CURVE('',#6734,#6740,#6737,.T.);
#6742=DIRECTION('',(-0.659403,0.000000,0.751790));
#6741=VECTOR('',#6742,0.654038);
#6743=LINE('',#6739,#6741);
#6745=CARTESIAN_POINT('',(738.5355,-314.0000,-326.4645));
#6746=VERTEX_POINT('',#6745);
#6744=EDGE_CURVE('',#6740,#6746,#6743,.T.);
#6748=DIRECTION('',(-0.751813,0.000000,0.659376));
#6747=VECTOR('',#6748,0.654018);
#6749=LINE('',#6745,#6747);
#6751=CARTESIAN_POINT('',(738.0438,-314.0000,-326.0332));
#6752=VERTEX_POINT('',#6751);
#6750=EDGE_CURVE('',#6746,#6752,#6749,.T.);
#6754=DIRECTION('',(-0.831468,0.000000,0.555572));
#6753=VECTOR('',#6754,0.654052);
#6755=LINE('',#6751,#6753);
#6757=CARTESIAN_POINT('',(737.5000,-314.0000,-325.6699));
#6758=VERTEX_POINT('',#6757);
#6756=EDGE_CURVE('',#6752,#6758,#6755,.T.);
#6760=DIRECTION('',(-0.896896,0.000000,0.442242));
#6759=VECTOR('',#6760,0.654044);
#6761=LINE('',#6757,#6759);
#6763=CARTESIAN_POINT('',(736.9134,-314.0000,-325.3806));
#6764=VERTEX_POINT('',#6763);
#6762=EDGE_CURVE('',#6758,#6764,#6761,.T.);
#6766=DIRECTION('',(-0.946928,0.000000,0.321444));
#6765=VECTOR('',#6766,0.654034);
#6767=LINE('',#6763,#6765);
#6769=CARTESIAN_POINT('',(736.2941,-314.0000,-325.1704));
#6770=VERTEX_POINT('',#6769);
#6768=EDGE_CURVE('',#6764,#6770,#6767,.T.);
#6772=DIRECTION('',(-0.980783,0.000000,0.195102));
#6771=VECTOR('',#6772,0.653986);
#6773=LINE('',#6769,#6771);
#6775=CARTESIAN_POINT('',(735.6526,-314.0000,-325.0428));
#6776=VERTEX_POINT('',#6775);
#6774=EDGE_CURVE('',#6770,#6776,#6773,.T.);
#6778=DIRECTION('',(-0.997858,0.000000,0.065416));
#6777=VECTOR('',#6778,0.654050);
#6779=LINE('',#6775,#6777);
#6781=CARTESIAN_POINT('',(735.0000,-314.0000,-325.0000));
#6782=VERTEX_POINT('',#6781);
#6780=EDGE_CURVE('',#6776,#6782,#6779,.T.);
#6784=DIRECTION('',(-0.997858,0.000000,-0.065416));
#6783=VECTOR('',#6784,0.654050);
#6785=LINE('',#6781,#6783);
#6786=EDGE_CURVE('',#6782,#6504,#6785,.T.);
#6787=ORIENTED_EDGE('',*,*,#6503,.T.);
#6788=ORIENTED_EDGE('',*,*,#6510,.T.);
#6789=ORIENTED_EDGE('',*,*,#6516,.T.);
#6790=ORIENTED_EDGE('',*,*,#6522,.T.);
#6791=ORIENTED_EDGE('',*,*,#6528,.T.);
#6792=ORIENTED_EDGE('',*,*,#6534,.T.);
#6793=ORIENTED_EDGE('',*,*,#6540,.T.);
#6794=ORIENTED_EDGE('',*,*,#6546,.T.);
#6795=ORIENTED_EDGE('',*,*,#6552,.T.);
#6796=ORIENTED_EDGE('',*,*,#6558,.T.);
#6797=ORIENTED_EDGE('',*,*,#6564,.T.);
#6798=ORIENTED_EDGE('',*,*,#6570,.T.);
#6799=ORIENTED_EDGE('',*,*,#6576,.T.);
#6800=ORIENTED_EDGE('',*,*,#6582,.T.);
#6801=ORIENTED_EDGE('',*,*,#6588,.T.);
#6802=ORIENTED_EDGE('',*,*,#6594,.T.);
#6803=ORIENTED_EDGE('',*,*,#6600,.T.);
#6804=ORIENTED_EDGE('',*,*,#6606,.T.);
#6805=ORIENTED_EDGE('',*,*,#6612,.T.);
#6806=ORIENTED_EDGE('',*,*,#6618,.T.);
#6807=ORIENTED_EDGE('',*,*,#6624,.T.);
#6808=ORIENTED_EDGE('',*,*,#6630,.T.);
#6809=ORIENTED_EDGE('',*,*,#6636,.T.);
#6810=ORIENTED_EDGE('',*,*,#6642,.T.);
#6811=ORIENTED_EDGE('',*,*,#6648,.T.);
#6812=ORIENTED_EDGE('',*,*,#6654,.T.);
#6813=ORIENTED_EDGE('',*,*,#6660,.T.);
#6814=ORIENTED_EDGE('',*,*,#6666,.T.);
#6815=ORIENTED_EDGE('',*,*,#6672,.T.);
#6816=ORIENTED_EDGE('',*,*,#6678,.T.);
#6817=ORIENTED_EDGE('',*,*,#6684,.T.);
#6818=ORIENTED_EDGE('',*,*,#6690,.T.);
#6819=ORIENTED_EDGE('',*,*,#6696,.T.);
#6820=ORIENTED_EDGE('',*,*,#6702,.T.);
#6821=ORIENTED_EDGE('',*,*,#6708,.T.);
#6822=ORIENTED_EDGE('',*,*,#6714,.T.);
#6823=ORIENTED_EDGE('',*,*,#6720,.T.);
#6824=ORIENTED_EDGE('',*,*,#6726,.T.);
#6825=ORIENTED_EDGE('',*,*,#6732,.T.);
#6826=ORIENTED_EDGE('',*,*,#6738,.T.);
#6827=ORIENTED_EDGE('',*,*,#6744,.T.);
#6828=ORIENTED_EDGE('',*,*,#6750,.T.);
#6829=ORIENTED_EDGE('',*,*,#6756,.T.);
#6830=ORIENTED_EDGE('',*,*,#6762,.T.);
#6831=ORIENTED_EDGE('',*,*,#6768,.T.);
#6832=ORIENTED_EDGE('',*,*,#6774,.T.);
#6833=ORIENTED_EDGE('',*,*,#6780,.T.);
#6834=ORIENTED_EDGE('',*,*,#6786,.T.);
#6835=EDGE_LOOP('',(#6787,#6788,#6789,#6790,#6791,#6792,#6793,#6794,#6795,#6796,#6797,#6798,#6799,#6800,#6801,#6802,#6803,#6804,#6805,#6806,#6807,#6808,#6809,#6810,#6811,#6812,#6813,#6814,#6815,#6816,#6817,#6818,#6819,#6820,#6821,#6822,#6823,#6824,#6825,#6826,#6827,#6828,#6829,#6830,#6831,#6832,#6833,#6834));
#6836=FACE_BOUND('',#6835,.T.);
#6838=DIRECTION('',(-0.997859,0.000000,-0.065406));
#6837=VECTOR('',#6838,10.067028);
#6840=CARTESIAN_POINT('',(754.7504,-314.0000,-323.7054));
#6839=LINE('',#6840,#6837);
#6842=VERTEX_POINT('',#6840);
#6843=CARTESIAN_POINT('',(744.7050,-314.0000,-324.3639));
#6844=VERTEX_POINT('',#6843);
#6841=EDGE_CURVE('',#6842,#6844,#6839,.T.);
#6846=DIRECTION('',(0.997868,0.000000,0.065263));
#6845=VECTOR('',#6846,0.064530);
#6847=LINE('',#6843,#6845);
#6849=CARTESIAN_POINT('',(744.7693,-314.0000,-324.3596));
#6850=VERTEX_POINT('',#6849);
#6848=EDGE_CURVE('',#6844,#6850,#6847,.T.);
#6852=DIRECTION('',(0.997859,0.000000,0.065405));
#6851=VECTOR('',#6852,1.927956);
#6853=LINE('',#6849,#6851);
#6855=CARTESIAN_POINT('',(746.6932,-314.0000,-324.2336));
#6856=VERTEX_POINT('',#6855);
#6854=EDGE_CURVE('',#6850,#6856,#6853,.T.);
#6858=DIRECTION('',(0.997859,0.000000,0.065400));
#6857=VECTOR('',#6858,2.652774);
#6859=LINE('',#6855,#6857);
#6861=CARTESIAN_POINT('',(749.3403,-314.0000,-324.0601));
#6862=VERTEX_POINT('',#6861);
#6860=EDGE_CURVE('',#6856,#6862,#6859,.T.);
#6864=DIRECTION('',(0.997858,0.000000,0.065410));
#6863=VECTOR('',#6864,3.922340);
#6865=LINE('',#6861,#6863);
#6867=CARTESIAN_POINT('',(753.2542,-314.0000,-323.8035));
#6868=VERTEX_POINT('',#6867);
#6866=EDGE_CURVE('',#6862,#6868,#6865,.T.);
#6870=DIRECTION('',(0.997858,0.000000,0.065414));
#6869=VECTOR('',#6870,1.499427);
#6871=LINE('',#6867,#6869);
#6872=EDGE_CURVE('',#6868,#6842,#6871,.T.);
#6873=ORIENTED_EDGE('',*,*,#6841,.T.);
#6874=ORIENTED_EDGE('',*,*,#6848,.T.);
#6875=ORIENTED_EDGE('',*,*,#6854,.T.);
#6876=ORIENTED_EDGE('',*,*,#6860,.T.);
#6877=ORIENTED_EDGE('',*,*,#6866,.T.);
#6878=ORIENTED_EDGE('',*,*,#6872,.T.);
#6879=EDGE_LOOP('',(#6873,#6874,#6875,#6876,#6877,#6878));
#6880=FACE_BOUND('',#6879,.T.);
#6882=DIRECTION('',(-0.997859,0.000000,-0.065406));
#6881=VECTOR('',#6882,10.710984);
#6884=CARTESIAN_POINT('',(690.4390,-314.0000,-323.0048));
#6883=LINE('',#6884,#6881);
#6886=VERTEX_POINT('',#6884);
#6887=CARTESIAN_POINT('',(679.7510,-314.0000,-323.7054));
#6888=VERTEX_POINT('',#6887);
#6885=EDGE_CURVE('',#6886,#6888,#6883,.T.);
#6890=DIRECTION('',(0.997859,0.000000,0.065408));
#6889=VECTOR('',#6890,4.962898);
#6891=LINE('',#6887,#6889);
#6893=CARTESIAN_POINT('',(684.7032,-314.0000,-323.3808));
#6894=VERTEX_POINT('',#6893);
#6892=EDGE_CURVE('',#6888,#6894,#6891,.T.);
#6896=DIRECTION('',(0.997859,0.000000,0.065404));
#6895=VECTOR('',#6896,5.748086);
#6897=LINE('',#6893,#6895);
#6898=EDGE_CURVE('',#6894,#6886,#6897,.T.);
#6899=ORIENTED_EDGE('',*,*,#6885,.T.);
#6900=ORIENTED_EDGE('',*,*,#6892,.T.);
#6901=ORIENTED_EDGE('',*,*,#6898,.T.);
#6902=EDGE_LOOP('',(#6899,#6900,#6901));
#6903=FACE_BOUND('',#6902,.T.);
#6905=DIRECTION('',(-0.997859,0.000000,-0.065407));
#6904=VECTOR('',#6905,6.970676);
#6906=LINE('',#6843,#6904);
#6908=CARTESIAN_POINT('',(737.7492,-314.0000,-324.8198));
#6909=VERTEX_POINT('',#6908);
#6907=EDGE_CURVE('',#6844,#6909,#6906,.T.);
#6911=DIRECTION('',(0.997861,0.000000,0.065368));
#6910=VECTOR('',#6911,0.251637);
#6912=LINE('',#6908,#6910);
#6914=CARTESIAN_POINT('',(738.0003,-314.0000,-324.8033));
#6915=VERTEX_POINT('',#6914);
#6913=EDGE_CURVE('',#6909,#6915,#6912,.T.);
#6917=DIRECTION('',(0.997859,0.000000,0.065397));
#6916=VECTOR('',#6917,0.494650);
#6918=LINE('',#6914,#6916);
#6920=CARTESIAN_POINT('',(738.4939,-314.0000,-324.7710));
#6921=VERTEX_POINT('',#6920);
#6919=EDGE_CURVE('',#6915,#6921,#6918,.T.);
#6923=DIRECTION('',(0.997857,0.000000,0.065434));
#6922=VECTOR('',#6923,0.547071);
#6924=LINE('',#6920,#6922);
#6926=CARTESIAN_POINT('',(739.0398,-314.0000,-324.7352));
#6927=VERTEX_POINT('',#6926);
#6925=EDGE_CURVE('',#6921,#6927,#6924,.T.);
#6929=DIRECTION('',(0.997860,0.000000,0.065380));
#6928=VECTOR('',#6929,0.613801);
#6930=LINE('',#6926,#6928);
#6932=CARTESIAN_POINT('',(739.6523,-314.0000,-324.6951));
#6933=VERTEX_POINT('',#6932);
#6931=EDGE_CURVE('',#6927,#6933,#6930,.T.);
#6935=DIRECTION('',(0.997859,0.000000,0.065402));
#6934=VECTOR('',#6935,0.699924);
#6936=LINE('',#6932,#6934);
#6938=CARTESIAN_POINT('',(740.3507,-314.0000,-324.6493));
#6939=VERTEX_POINT('',#6938);
#6937=EDGE_CURVE('',#6933,#6939,#6936,.T.);
#6941=DIRECTION('',(0.997857,0.000000,0.065425));
#6940=VECTOR('',#6941,0.813021);
#6942=LINE('',#6938,#6940);
#6944=CARTESIAN_POINT('',(741.1620,-314.0000,-324.5961));
#6945=VERTEX_POINT('',#6944);
#6943=EDGE_CURVE('',#6939,#6945,#6942,.T.);
#6947=DIRECTION('',(0.997858,0.000000,0.065415));
#6946=VECTOR('',#6947,0.964774);
#6948=LINE('',#6944,#6946);
#6950=CARTESIAN_POINT('',(742.1247,-314.0000,-324.5330));
#6951=VERTEX_POINT('',#6950);
#6949=EDGE_CURVE('',#6945,#6951,#6948,.T.);
#6953=DIRECTION('',(0.997860,0.000000,0.065390));
#6952=VECTOR('',#6953,1.174694);
#6954=LINE('',#6950,#6952);
#6956=CARTESIAN_POINT('',(743.2969,-314.0000,-324.4562));
#6957=VERTEX_POINT('',#6956);
#6955=EDGE_CURVE('',#6951,#6957,#6954,.T.);
#6959=DIRECTION('',(0.997858,0.000000,0.065421));
#6958=VECTOR('',#6959,1.411104);
#6960=LINE('',#6956,#6958);
#6961=EDGE_CURVE('',#6957,#6844,#6960,.T.);
#6962=ORIENTED_EDGE('',*,*,#6907,.T.);
#6963=ORIENTED_EDGE('',*,*,#6913,.T.);
#6964=ORIENTED_EDGE('',*,*,#6919,.T.);
#6965=ORIENTED_EDGE('',*,*,#6925,.T.);
#6966=ORIENTED_EDGE('',*,*,#6931,.T.);
#6967=ORIENTED_EDGE('',*,*,#6937,.T.);
#6968=ORIENTED_EDGE('',*,*,#6943,.T.);
#6969=ORIENTED_EDGE('',*,*,#6949,.T.);
#6970=ORIENTED_EDGE('',*,*,#6955,.T.);
#6971=ORIENTED_EDGE('',*,*,#6961,.T.);
#6972=EDGE_LOOP('',(#6962,#6963,#6964,#6965,#6966,#6967,#6968,#6969,#6970,#6971));
#6973=FACE_BOUND('',#6972,.T.);
#6975=DIRECTION('',(-0.997859,0.000000,-0.065406));
#6974=VECTOR('',#6975,11.848124);
#6977=CARTESIAN_POINT('',(777.2620,-314.0000,-322.2299));
#6976=LINE('',#6977,#6974);
#6979=VERTEX_POINT('',#6977);
#6980=CARTESIAN_POINT('',(765.4392,-314.0000,-323.0048));
#6981=VERTEX_POINT('',#6980);
#6978=EDGE_CURVE('',#6979,#6981,#6976,.T.);
#6983=DIRECTION('',(0.997859,0.000000,0.065407));
#6982=VECTOR('',#6983,7.066340);
#6984=LINE('',#6980,#6982);
#6986=CARTESIAN_POINT('',(772.4904,-314.0000,-322.5426));
#6987=VERTEX_POINT('',#6986);
#6985=EDGE_CURVE('',#6981,#6987,#6984,.T.);
#6989=DIRECTION('',(0.997859,0.000000,0.065403));
#6988=VECTOR('',#6989,4.781784);
#6990=LINE('',#6986,#6988);
#6991=EDGE_CURVE('',#6987,#6979,#6990,.T.);
#6992=ORIENTED_EDGE('',*,*,#6978,.T.);
#6993=ORIENTED_EDGE('',*,*,#6985,.T.);
#6994=ORIENTED_EDGE('',*,*,#6991,.T.);
#6995=EDGE_LOOP('',(#6992,#6993,#6994));
#6996=FACE_BOUND('',#6995,.T.);
#6998=DIRECTION('',(-0.997859,0.000000,-0.065409));
#6997=VECTOR('',#6998,10.067090);
#6999=LINE('',#6887,#6997);
#7001=CARTESIAN_POINT('',(669.7051,-314.0000,-324.3639));
#7002=VERTEX_POINT('',#7001);
#7000=EDGE_CURVE('',#6888,#7002,#6999,.T.);
#7004=DIRECTION('',(0.997856,0.000000,0.065449));
#7003=VECTOR('',#7004,0.064347);
#7005=LINE('',#7001,#7003);
#7007=CARTESIAN_POINT('',(669.7693,-314.0000,-324.3596));
#7008=VERTEX_POINT('',#7007);
#7006=EDGE_CURVE('',#7002,#7008,#7005,.T.);
#7010=DIRECTION('',(0.997859,0.000000,0.065405));
#7009=VECTOR('',#7010,1.927956);
#7011=LINE('',#7007,#7009);
#7013=CARTESIAN_POINT('',(671.6932,-314.0000,-324.2336));
#7014=VERTEX_POINT('',#7013);
#7012=EDGE_CURVE('',#7008,#7014,#7011,.T.);
#7016=DIRECTION('',(0.997858,0.000000,0.065412));
#7015=VECTOR('',#7016,2.652776);
#7017=LINE('',#7013,#7015);
#7019=CARTESIAN_POINT('',(674.3403,-314.0000,-324.0600));
#7020=VERTEX_POINT('',#7019);
#7018=EDGE_CURVE('',#7014,#7020,#7017,.T.);
#7022=DIRECTION('',(0.997859,0.000000,0.065403));
#7021=VECTOR('',#7022,3.922338);
#7023=LINE('',#7019,#7021);
#7025=CARTESIAN_POINT('',(678.2542,-314.0000,-323.8035));
#7026=VERTEX_POINT('',#7025);
#7024=EDGE_CURVE('',#7020,#7026,#7023,.T.);
#7028=DIRECTION('',(0.997858,0.000000,0.065424));
#7027=VECTOR('',#7028,1.499673);
#7029=LINE('',#7025,#7027);
#7030=EDGE_CURVE('',#7026,#6888,#7029,.T.);
#7031=ORIENTED_EDGE('',*,*,#7000,.T.);
#7032=ORIENTED_EDGE('',*,*,#7006,.T.);
#7033=ORIENTED_EDGE('',*,*,#7012,.T.);
#7034=ORIENTED_EDGE('',*,*,#7018,.T.);
#7035=ORIENTED_EDGE('',*,*,#7024,.T.);
#7036=ORIENTED_EDGE('',*,*,#7030,.T.);
#7037=EDGE_LOOP('',(#7031,#7032,#7033,#7034,#7035,#7036));
#7038=FACE_BOUND('',#7037,.T.);
#7040=DIRECTION('',(-0.997859,0.000000,-0.065405));
#7039=VECTOR('',#7040,6.003210);
#7042=CARTESIAN_POINT('',(760.7408,-314.0000,-323.3128));
#7041=LINE('',#7042,#7039);
#7044=VERTEX_POINT('',#7042);
#7043=EDGE_CURVE('',#7044,#6842,#7041,.T.);
#7046=DIRECTION('',(0.997859,0.000000,0.065401));
#7045=VECTOR('',#7046,4.963446);
#7047=LINE('',#6840,#7045);
#7049=CARTESIAN_POINT('',(759.7032,-314.0000,-323.3808));
#7050=VERTEX_POINT('',#7049);
#7048=EDGE_CURVE('',#6842,#7050,#7047,.T.);
#7052=DIRECTION('',(0.997858,0.000000,0.065422));
#7051=VECTOR('',#7052,1.039764);
#7053=LINE('',#7049,#7051);
#7054=EDGE_CURVE('',#7050,#7044,#7053,.T.);
#7055=ORIENTED_EDGE('',*,*,#7043,.T.);
#7056=ORIENTED_EDGE('',*,*,#7048,.T.);
#7057=ORIENTED_EDGE('',*,*,#7054,.T.);
#7058=EDGE_LOOP('',(#7055,#7056,#7057));
#7059=FACE_BOUND('',#7058,.T.);
#7061=DIRECTION('',(-0.997859,0.000000,-0.065403));
#7060=VECTOR('',#7061,7.933735);
#7063=CARTESIAN_POINT('',(695.9063,-314.0000,-347.4574));
#7062=LINE('',#7063,#7060);
#7065=VERTEX_POINT('',#7063);
#7066=CARTESIAN_POINT('',(687.9895,-314.0000,-347.9763));
#7067=VERTEX_POINT('',#7066);
#7064=EDGE_CURVE('',#7065,#7067,#7062,.T.);
#7069=DIRECTION('',(0.997860,0.000000,0.065380));
#7068=VECTOR('',#7069,0.746837);
#7070=LINE('',#7066,#7068);
#7072=CARTESIAN_POINT('',(688.7347,-314.0000,-347.9275));
#7073=VERTEX_POINT('',#7072);
#7071=EDGE_CURVE('',#7067,#7073,#7070,.T.);
#7075=DIRECTION('',(0.997858,0.000000,0.065420));
#7074=VECTOR('',#7075,1.367737);
#7076=LINE('',#7072,#7074);
#7078=CARTESIAN_POINT('',(690.0995,-314.0000,-347.8380));
#7079=VERTEX_POINT('',#7078);
#7077=EDGE_CURVE('',#7073,#7079,#7076,.T.);
#7081=DIRECTION('',(0.997860,0.000000,0.065392));
#7080=VECTOR('',#7081,1.534473);
#7082=LINE('',#7078,#7080);
#7084=CARTESIAN_POINT('',(691.6307,-314.0000,-347.7377));
#7085=VERTEX_POINT('',#7084);
#7083=EDGE_CURVE('',#7079,#7085,#7082,.T.);
#7087=DIRECTION('',(0.997859,0.000000,0.065403));
#7086=VECTOR('',#7087,1.749779);
#7088=LINE('',#7084,#7086);
#7090=CARTESIAN_POINT('',(693.3768,-314.0000,-347.6232));
#7091=VERTEX_POINT('',#7090);
#7089=EDGE_CURVE('',#7085,#7091,#7088,.T.);
#7093=DIRECTION('',(0.997859,0.000000,0.065407));
#7092=VECTOR('',#7093,2.032428);
#7094=LINE('',#7090,#7092);
#7096=CARTESIAN_POINT('',(695.4048,-314.0000,-347.4903));
#7097=VERTEX_POINT('',#7096);
#7095=EDGE_CURVE('',#7091,#7097,#7094,.T.);
#7099=DIRECTION('',(0.997858,0.000000,0.065410));
#7098=VECTOR('',#7099,0.502480);
#7100=LINE('',#7096,#7098);
#7101=EDGE_CURVE('',#7097,#7065,#7100,.T.);
#7102=ORIENTED_EDGE('',*,*,#7064,.T.);
#7103=ORIENTED_EDGE('',*,*,#7071,.T.);
#7104=ORIENTED_EDGE('',*,*,#7077,.T.);
#7105=ORIENTED_EDGE('',*,*,#7083,.T.);
#7106=ORIENTED_EDGE('',*,*,#7089,.T.);
#7107=ORIENTED_EDGE('',*,*,#7095,.T.);
#7108=ORIENTED_EDGE('',*,*,#7101,.T.);
#7109=EDGE_LOOP('',(#7102,#7103,#7104,#7105,#7106,#7107,#7108));
#7110=FACE_BOUND('',#7109,.T.);
#7112=DIRECTION('',(-0.997859,0.000000,-0.065405));
#7111=VECTOR('',#7112,9.163909);
#7114=CARTESIAN_POINT('',(743.7396,-314.0000,-319.5111));
#7113=LINE('',#7114,#7111);
#7116=VERTEX_POINT('',#7114);
#7117=CARTESIAN_POINT('',(734.5953,-314.0000,-320.1105));
#7118=VERTEX_POINT('',#7117);
#7115=EDGE_CURVE('',#7116,#7118,#7113,.T.);
#7120=DIRECTION('',(0.997859,0.000000,0.065394));
#7119=VECTOR('',#7120,1.039273);
#7121=LINE('',#7117,#7119);
#7123=CARTESIAN_POINT('',(735.6324,-314.0000,-320.0425));
#7124=VERTEX_POINT('',#7123);
#7122=EDGE_CURVE('',#7118,#7124,#7121,.T.);
#7126=DIRECTION('',(0.997859,0.000000,0.065406));
#7125=VECTOR('',#7126,8.124636);
#7127=LINE('',#7123,#7125);
#7128=EDGE_CURVE('',#7124,#7116,#7127,.T.);
#7129=ORIENTED_EDGE('',*,*,#7115,.T.);
#7130=ORIENTED_EDGE('',*,*,#7122,.T.);
#7131=ORIENTED_EDGE('',*,*,#7128,.T.);
#7132=EDGE_LOOP('',(#7129,#7130,#7131));
#7133=FACE_BOUND('',#7132,.T.);
#7135=DIRECTION('',(-0.997859,0.000000,-0.065397));
#7134=VECTOR('',#7135,2.691186);
#7137=CARTESIAN_POINT('',(743.7626,-314.0000,-344.3207));
#7136=LINE('',#7137,#7134);
#7139=VERTEX_POINT('',#7137);
#7140=CARTESIAN_POINT('',(741.0771,-314.0000,-344.4967));
#7141=VERTEX_POINT('',#7140);
#7138=EDGE_CURVE('',#7139,#7141,#7136,.T.);
#7143=DIRECTION('',(0.997861,0.000000,0.065366));
#7142=VECTOR('',#7143,0.681634);
#7144=LINE('',#7140,#7142);
#7146=CARTESIAN_POINT('',(741.7573,-314.0000,-344.4521));
#7147=VERTEX_POINT('',#7146);
#7145=EDGE_CURVE('',#7141,#7147,#7144,.T.);
#7149=DIRECTION('',(0.997859,0.000000,0.065407));
#7148=VECTOR('',#7149,2.009552);
#7150=LINE('',#7146,#7148);
#7151=EDGE_CURVE('',#7147,#7139,#7150,.T.);
#7152=ORIENTED_EDGE('',*,*,#7138,.T.);
#7153=ORIENTED_EDGE('',*,*,#7145,.T.);
#7154=ORIENTED_EDGE('',*,*,#7151,.T.);
#7155=EDGE_LOOP('',(#7152,#7153,#7154));
#7156=FACE_BOUND('',#7155,.T.);
#7158=DIRECTION('',(-0.997859,0.000000,-0.065401));
#7157=VECTOR('',#7158,6.186952);
#7160=CARTESIAN_POINT('',(708.4650,-314.0000,-346.6343));
#7159=LINE('',#7160,#7157);
#7162=VERTEX_POINT('',#7160);
#7163=CARTESIAN_POINT('',(702.2913,-314.0000,-347.0389));
#7164=VERTEX_POINT('',#7163);
#7161=EDGE_CURVE('',#7162,#7164,#7159,.T.);
#7166=DIRECTION('',(0.997859,0.000000,0.065405));
#7165=VECTOR('',#7166,2.136533);
#7167=LINE('',#7163,#7165);
#7169=CARTESIAN_POINT('',(704.4233,-314.0000,-346.8992));
#7170=VERTEX_POINT('',#7169);
#7168=EDGE_CURVE('',#7164,#7170,#7167,.T.);
#7172=DIRECTION('',(0.997859,0.000000,0.065399));
#7171=VECTOR('',#7172,4.050419);
#7173=LINE('',#7169,#7171);
#7174=EDGE_CURVE('',#7170,#7162,#7173,.T.);
#7175=ORIENTED_EDGE('',*,*,#7161,.T.);
#7176=ORIENTED_EDGE('',*,*,#7168,.T.);
#7177=ORIENTED_EDGE('',*,*,#7174,.T.);
#7178=EDGE_LOOP('',(#7175,#7176,#7177));
#7179=FACE_BOUND('',#7178,.T.);
#7181=DIRECTION('',(-0.997859,0.000000,-0.065405));
#7180=VECTOR('',#7181,2.409028);
#7183=CARTESIAN_POINT('',(726.8438,-314.0000,-345.4296));
#7182=LINE('',#7183,#7180);
#7185=VERTEX_POINT('',#7183);
#7186=CARTESIAN_POINT('',(724.4399,-314.0000,-345.5872));
#7187=VERTEX_POINT('',#7186);
#7184=EDGE_CURVE('',#7185,#7187,#7182,.T.);
#7189=DIRECTION('',(0.997860,0.000000,0.065391));
#7188=VECTOR('',#7189,1.197999);
#7190=LINE('',#7186,#7188);
#7192=CARTESIAN_POINT('',(725.6354,-314.0000,-345.5089));
#7193=VERTEX_POINT('',#7192);
#7191=EDGE_CURVE('',#7187,#7193,#7190,.T.);
#7195=DIRECTION('',(0.997858,0.000000,0.065418));
#7194=VECTOR('',#7195,1.211029);
#7196=LINE('',#7192,#7194);
#7197=EDGE_CURVE('',#7193,#7185,#7196,.T.);
#7198=ORIENTED_EDGE('',*,*,#7184,.T.);
#7199=ORIENTED_EDGE('',*,*,#7191,.T.);
#7200=ORIENTED_EDGE('',*,*,#7197,.T.);
#7201=EDGE_LOOP('',(#7198,#7199,#7200));
#7202=FACE_BOUND('',#7201,.T.);
#7204=DIRECTION('',(-0.997859,0.000000,-0.065400));
#7203=VECTOR('',#7204,3.667703);
#7206=CARTESIAN_POINT('',(700.3259,-314.0000,-347.1678));
#7205=LINE('',#7206,#7203);
#7208=VERTEX_POINT('',#7206);
#7209=CARTESIAN_POINT('',(696.6660,-314.0000,-347.4076));
#7210=VERTEX_POINT('',#7209);
#7207=EDGE_CURVE('',#7208,#7210,#7205,.T.);
#7212=DIRECTION('',(0.997859,0.000000,0.065409));
#7211=VECTOR('',#7212,1.148211);
#7213=LINE('',#7209,#7211);
#7215=CARTESIAN_POINT('',(697.8118,-314.0000,-347.3325));
#7216=VERTEX_POINT('',#7215);
#7214=EDGE_CURVE('',#7210,#7216,#7213,.T.);
#7218=DIRECTION('',(0.997859,0.000000,0.065396));
#7217=VECTOR('',#7218,2.519492);
#7219=LINE('',#7215,#7217);
#7220=EDGE_CURVE('',#7216,#7208,#7219,.T.);
#7221=ORIENTED_EDGE('',*,*,#7207,.T.);
#7222=ORIENTED_EDGE('',*,*,#7214,.T.);
#7223=ORIENTED_EDGE('',*,*,#7220,.T.);
#7224=EDGE_LOOP('',(#7221,#7222,#7223));
#7225=FACE_BOUND('',#7224,.T.);
#7227=DIRECTION('',(-0.997858,0.000000,-0.065415));
#7226=VECTOR('',#7227,1.969673);
#7228=LINE('',#7163,#7226);
#7229=EDGE_CURVE('',#7164,#7208,#7228,.T.);
#7231=DIRECTION('',(0.997855,0.000000,0.065456));
#7230=VECTOR('',#7231,0.417277);
#7232=LINE('',#7206,#7230);
#7234=CARTESIAN_POINT('',(700.7422,-314.0000,-347.1404));
#7235=VERTEX_POINT('',#7234);
#7233=EDGE_CURVE('',#7208,#7235,#7232,.T.);
#7237=DIRECTION('',(0.997859,0.000000,0.065403));
#7236=VECTOR('',#7237,1.552396);
#7238=LINE('',#7234,#7236);
#7239=EDGE_CURVE('',#7235,#7164,#7238,.T.);
#7240=ORIENTED_EDGE('',*,*,#7229,.T.);
#7241=ORIENTED_EDGE('',*,*,#7233,.T.);
#7242=ORIENTED_EDGE('',*,*,#7239,.T.);
#7243=EDGE_LOOP('',(#7240,#7241,#7242));
#7244=FACE_BOUND('',#7243,.T.);
#7246=DIRECTION('',(-0.997859,0.000000,-0.065408));
#7245=VECTOR('',#7246,4.359188);
#7247=LINE('',#7001,#7245);
#7249=CARTESIAN_POINT('',(665.3553,-314.0000,-324.6490));
#7250=VERTEX_POINT('',#7249);
#7248=EDGE_CURVE('',#7002,#7250,#7247,.T.);
#7252=DIRECTION('',(0.997858,0.000000,0.065419));
#7251=VECTOR('',#7252,0.808433);
#7253=LINE('',#7249,#7251);
#7255=CARTESIAN_POINT('',(666.1620,-314.0000,-324.5961));
#7256=VERTEX_POINT('',#7255);
#7254=EDGE_CURVE('',#7250,#7256,#7253,.T.);
#7258=DIRECTION('',(0.997858,0.000000,0.065415));
#7257=VECTOR('',#7258,0.964774);
#7259=LINE('',#7255,#7257);
#7261=CARTESIAN_POINT('',(667.1247,-314.0000,-324.5330));
#7262=VERTEX_POINT('',#7261);
#7260=EDGE_CURVE('',#7256,#7262,#7259,.T.);
#7264=DIRECTION('',(0.997860,0.000000,0.065390));
#7263=VECTOR('',#7264,1.174694);
#7265=LINE('',#7261,#7263);
#7267=CARTESIAN_POINT('',(668.2969,-314.0000,-324.4562));
#7268=VERTEX_POINT('',#7267);
#7266=EDGE_CURVE('',#7262,#7268,#7265,.T.);
#7270=DIRECTION('',(0.997858,0.000000,0.065412));
#7269=VECTOR('',#7270,1.411287);
#7271=LINE('',#7267,#7269);
#7272=EDGE_CURVE('',#7268,#7002,#7271,.T.);
#7273=ORIENTED_EDGE('',*,*,#7248,.T.);
#7274=ORIENTED_EDGE('',*,*,#7254,.T.);
#7275=ORIENTED_EDGE('',*,*,#7260,.T.);
#7276=ORIENTED_EDGE('',*,*,#7266,.T.);
#7277=ORIENTED_EDGE('',*,*,#7272,.T.);
#7278=EDGE_LOOP('',(#7273,#7274,#7275,#7276,#7277));
#7279=FACE_BOUND('',#7278,.T.);
#7281=DIRECTION('',(-0.997859,0.000000,-0.065394));
#7280=VECTOR('',#7281,1.961413);
#7283=CARTESIAN_POINT('',(774.9433,-314.0000,-342.2770));
#7282=LINE('',#7283,#7280);
#7285=VERTEX_POINT('',#7283);
#7286=CARTESIAN_POINT('',(772.9861,-314.0000,-342.4052));
#7287=VERTEX_POINT('',#7286);
#7284=EDGE_CURVE('',#7285,#7287,#7282,.T.);
#7289=DIRECTION('',(0.997861,0.000000,0.065373));
#7288=VECTOR('',#7289,0.740843);
#7290=LINE('',#7286,#7288);
#7292=CARTESIAN_POINT('',(773.7253,-314.0000,-342.3568));
#7293=VERTEX_POINT('',#7292);
#7291=EDGE_CURVE('',#7287,#7293,#7290,.T.);
#7295=DIRECTION('',(0.997859,0.000000,0.065407));
#7294=VECTOR('',#7295,1.220570);
#7296=LINE('',#7292,#7294);
#7297=EDGE_CURVE('',#7293,#7285,#7296,.T.);
#7298=ORIENTED_EDGE('',*,*,#7284,.T.);
#7299=ORIENTED_EDGE('',*,*,#7291,.T.);
#7300=ORIENTED_EDGE('',*,*,#7297,.T.);
#7301=EDGE_LOOP('',(#7298,#7299,#7300));
#7302=FACE_BOUND('',#7301,.T.);
#7304=DIRECTION('',(-0.997859,0.000000,-0.065401));
#7303=VECTOR('',#7304,2.474964);
#7306=CARTESIAN_POINT('',(718.1445,-314.0000,-345.9998));
#7305=LINE('',#7306,#7303);
#7308=VERTEX_POINT('',#7306);
#7309=CARTESIAN_POINT('',(715.6749,-314.0000,-346.1617));
#7310=VERTEX_POINT('',#7309);
#7307=EDGE_CURVE('',#7308,#7310,#7305,.T.);
#7312=DIRECTION('',(0.997863,0.000000,0.065334));
#7311=VECTOR('',#7312,0.176096);
#7313=LINE('',#7309,#7311);
#7315=CARTESIAN_POINT('',(715.8506,-314.0000,-346.1502));
#7316=VERTEX_POINT('',#7315);
#7314=EDGE_CURVE('',#7310,#7316,#7313,.T.);
#7318=DIRECTION('',(0.997859,0.000000,0.065406));
#7317=VECTOR('',#7318,2.298868);
#7319=LINE('',#7315,#7317);
#7320=EDGE_CURVE('',#7316,#7308,#7319,.T.);
#7321=ORIENTED_EDGE('',*,*,#7307,.T.);
#7322=ORIENTED_EDGE('',*,*,#7314,.T.);
#7323=ORIENTED_EDGE('',*,*,#7320,.T.);
#7324=EDGE_LOOP('',(#7321,#7322,#7323));
#7325=FACE_BOUND('',#7324,.T.);
#7327=DIRECTION('',(-0.997859,0.000000,-0.065400));
#7326=VECTOR('',#7327,2.611731);
#7328=LINE('',#7249,#7326);
#7330=CARTESIAN_POINT('',(662.7491,-314.0000,-324.8198));
#7331=VERTEX_POINT('',#7330);
#7329=EDGE_CURVE('',#7250,#7331,#7328,.T.);
#7333=DIRECTION('',(0.997862,0.000000,0.065352));
#7332=VECTOR('',#7333,0.251698);
#7334=LINE('',#7330,#7332);
#7336=CARTESIAN_POINT('',(663.0003,-314.0000,-324.8033));
#7337=VERTEX_POINT('',#7336);
#7335=EDGE_CURVE('',#7331,#7337,#7334,.T.);
#7339=DIRECTION('',(0.997859,0.000000,0.065397));
#7338=VECTOR('',#7339,0.494650);
#7340=LINE('',#7336,#7338);
#7342=CARTESIAN_POINT('',(663.4939,-314.0000,-324.7710));
#7343=VERTEX_POINT('',#7342);
#7341=EDGE_CURVE('',#7337,#7343,#7340,.T.);
#7345=DIRECTION('',(0.997857,0.000000,0.065434));
#7344=VECTOR('',#7345,0.547071);
#7346=LINE('',#7342,#7344);
#7348=CARTESIAN_POINT('',(664.0398,-314.0000,-324.7352));
#7349=VERTEX_POINT('',#7348);
#7347=EDGE_CURVE('',#7343,#7349,#7346,.T.);
#7351=DIRECTION('',(0.997860,0.000000,0.065380));
#7350=VECTOR('',#7351,0.613801);
#7352=LINE('',#7348,#7350);
#7354=CARTESIAN_POINT('',(664.6523,-314.0000,-324.6951));
#7355=VERTEX_POINT('',#7354);
#7353=EDGE_CURVE('',#7349,#7355,#7352,.T.);
#7357=DIRECTION('',(0.997859,0.000000,0.065402));
#7356=VECTOR('',#7357,0.699924);
#7358=LINE('',#7354,#7356);
#7360=CARTESIAN_POINT('',(665.3507,-314.0000,-324.6493));
#7361=VERTEX_POINT('',#7360);
#7359=EDGE_CURVE('',#7355,#7361,#7358,.T.);
#7363=DIRECTION('',(0.997785,0.000000,0.066519));
#7362=VECTOR('',#7363,0.004588);
#7364=LINE('',#7360,#7362);
#7365=EDGE_CURVE('',#7361,#7250,#7364,.T.);
#7366=ORIENTED_EDGE('',*,*,#7329,.T.);
#7367=ORIENTED_EDGE('',*,*,#7335,.T.);
#7368=ORIENTED_EDGE('',*,*,#7341,.T.);
#7369=ORIENTED_EDGE('',*,*,#7347,.T.);
#7370=ORIENTED_EDGE('',*,*,#7353,.T.);
#7371=ORIENTED_EDGE('',*,*,#7359,.T.);
#7372=ORIENTED_EDGE('',*,*,#7365,.T.);
#7373=EDGE_LOOP('',(#7366,#7367,#7368,#7369,#7370,#7371,#7372));
#7374=FACE_BOUND('',#7373,.T.);
#7376=DIRECTION('',(-0.997859,0.000000,-0.065403));
#7375=VECTOR('',#7376,1.658336);
#7378=CARTESIAN_POINT('',(687.1573,-314.0000,-348.0309));
#7377=LINE('',#7378,#7375);
#7380=VERTEX_POINT('',#7378);
#7381=CARTESIAN_POINT('',(685.5025,-314.0000,-348.1393));
#7382=VERTEX_POINT('',#7381);
#7379=EDGE_CURVE('',#7380,#7382,#7377,.T.);
#7384=DIRECTION('',(0.997858,0.000000,0.065415));
#7383=VECTOR('',#7384,0.869599);
#7385=LINE('',#7381,#7383);
#7387=CARTESIAN_POINT('',(686.3702,-314.0000,-348.0825));
#7388=VERTEX_POINT('',#7387);
#7386=EDGE_CURVE('',#7382,#7388,#7385,.T.);
#7390=DIRECTION('',(0.997860,0.000000,0.065389));
#7389=VECTOR('',#7390,0.788736);
#7391=LINE('',#7387,#7389);
#7392=EDGE_CURVE('',#7388,#7380,#7391,.T.);
#7393=ORIENTED_EDGE('',*,*,#7379,.T.);
#7394=ORIENTED_EDGE('',*,*,#7386,.T.);
#7395=ORIENTED_EDGE('',*,*,#7392,.T.);
#7396=EDGE_LOOP('',(#7393,#7394,#7395));
#7397=FACE_BOUND('',#7396,.T.);
#7399=DIRECTION('',(-0.997859,0.000000,-0.065405));
#7398=VECTOR('',#7399,8.745777);
#7401=CARTESIAN_POINT('',(702.2619,-314.0000,-322.2299));
#7400=LINE('',#7401,#7398);
#7403=VERTEX_POINT('',#7401);
#7404=CARTESIAN_POINT('',(693.5349,-314.0000,-322.8019));
#7405=VERTEX_POINT('',#7404);
#7402=EDGE_CURVE('',#7403,#7405,#7400,.T.);
#7407=DIRECTION('',(0.997859,0.000000,0.065405));
#7406=VECTOR('',#7407,3.964177);
#7408=LINE('',#7404,#7406);
#7410=CARTESIAN_POINT('',(697.4905,-314.0000,-322.5426));
#7411=VERTEX_POINT('',#7410);
#7409=EDGE_CURVE('',#7405,#7411,#7408,.T.);
#7413=DIRECTION('',(0.997859,0.000000,0.065406));
#7412=VECTOR('',#7413,4.781601);
#7414=LINE('',#7410,#7412);
#7415=EDGE_CURVE('',#7411,#7403,#7414,.T.);
#7416=ORIENTED_EDGE('',*,*,#7402,.T.);
#7417=ORIENTED_EDGE('',*,*,#7409,.T.);
#7418=ORIENTED_EDGE('',*,*,#7415,.T.);
#7419=EDGE_LOOP('',(#7416,#7417,#7418));
#7420=FACE_BOUND('',#7419,.T.);
#7422=DIRECTION('',(-0.997859,0.000000,-0.065403));
#7421=VECTOR('',#7422,4.621773);
#7423=LINE('',#7381,#7421);
#7425=CARTESIAN_POINT('',(680.8906,-314.0000,-348.4416));
#7426=VERTEX_POINT('',#7425);
#7424=EDGE_CURVE('',#7382,#7426,#7423,.T.);
#7428=DIRECTION('',(0.997860,0.000000,0.065389));
#7427=VECTOR('',#7428,0.770998);
#7429=LINE('',#7425,#7427);
#7431=CARTESIAN_POINT('',(681.6600,-314.0000,-348.3912));
#7432=VERTEX_POINT('',#7431);
#7430=EDGE_CURVE('',#7426,#7432,#7429,.T.);
#7434=DIRECTION('',(0.997858,0.000000,0.065423));
#7433=VECTOR('',#7434,0.861098);
#7435=LINE('',#7431,#7433);
#7437=CARTESIAN_POINT('',(682.5192,-314.0000,-348.3349));
#7438=VERTEX_POINT('',#7437);
#7436=EDGE_CURVE('',#7432,#7438,#7435,.T.);
#7440=DIRECTION('',(0.997860,0.000000,0.065386));
#7439=VECTOR('',#7440,0.891923);
#7441=LINE('',#7437,#7439);
#7443=CARTESIAN_POINT('',(683.4092,-314.0000,-348.2766));
#7444=VERTEX_POINT('',#7443);
#7442=EDGE_CURVE('',#7438,#7444,#7441,.T.);
#7446=DIRECTION('',(0.997858,0.000000,0.065422));
#7445=VECTOR('',#7446,0.932479);
#7447=LINE('',#7443,#7445);
#7449=CARTESIAN_POINT('',(684.3397,-314.0000,-348.2155));
#7450=VERTEX_POINT('',#7449);
#7448=EDGE_CURVE('',#7444,#7450,#7447,.T.);
#7452=DIRECTION('',(0.997859,0.000000,0.065404));
#7451=VECTOR('',#7452,0.984530);
#7453=LINE('',#7449,#7451);
#7455=CARTESIAN_POINT('',(685.3221,-314.0000,-348.1512));
#7456=VERTEX_POINT('',#7455);
#7454=EDGE_CURVE('',#7450,#7456,#7453,.T.);
#7458=DIRECTION('',(0.997863,0.000000,0.065342));
#7457=VECTOR('',#7458,0.180745);
#7459=LINE('',#7455,#7457);
#7460=EDGE_CURVE('',#7456,#7382,#7459,.T.);
#7461=ORIENTED_EDGE('',*,*,#7424,.T.);
#7462=ORIENTED_EDGE('',*,*,#7430,.T.);
#7463=ORIENTED_EDGE('',*,*,#7436,.T.);
#7464=ORIENTED_EDGE('',*,*,#7442,.T.);
#7465=ORIENTED_EDGE('',*,*,#7448,.T.);
#7466=ORIENTED_EDGE('',*,*,#7454,.T.);
#7467=ORIENTED_EDGE('',*,*,#7460,.T.);
#7468=EDGE_LOOP('',(#7461,#7462,#7463,#7464,#7465,#7466,#7467));
#7469=FACE_BOUND('',#7468,.T.);
#7471=DIRECTION('',(-0.997859,0.000000,-0.065401));
#7470=VECTOR('',#7471,2.260332);
#7473=CARTESIAN_POINT('',(710.7205,-314.0000,-346.4865));
#7472=LINE('',#7473,#7470);
#7475=VERTEX_POINT('',#7473);
#7474=EDGE_CURVE('',#7475,#7162,#7472,.T.);
#7477=DIRECTION('',(0.997859,0.000000,0.065405));
#7476=VECTOR('',#7477,0.769409);
#7478=LINE('',#7160,#7476);
#7480=CARTESIAN_POINT('',(709.2328,-314.0000,-346.5840));
#7481=VERTEX_POINT('',#7480);
#7479=EDGE_CURVE('',#7162,#7481,#7478,.T.);
#7483=DIRECTION('',(0.997859,0.000000,0.065398));
#7482=VECTOR('',#7483,1.490924);
#7484=LINE('',#7480,#7482);
#7485=EDGE_CURVE('',#7481,#7475,#7484,.T.);
#7486=ORIENTED_EDGE('',*,*,#7474,.T.);
#7487=ORIENTED_EDGE('',*,*,#7479,.T.);
#7488=ORIENTED_EDGE('',*,*,#7485,.T.);
#7489=EDGE_LOOP('',(#7486,#7487,#7488));
#7490=FACE_BOUND('',#7489,.T.);
#7492=DIRECTION('',(-0.997857,0.000000,-0.065426));
#7491=VECTOR('',#7492,0.834001);
#7493=LINE('',#7066,#7491);
#7494=EDGE_CURVE('',#7067,#7380,#7493,.T.);
#7496=DIRECTION('',(0.997857,0.000000,0.065436));
#7495=VECTOR('',#7496,0.344182);
#7497=LINE('',#7378,#7495);
#7499=CARTESIAN_POINT('',(687.5007,-314.0000,-348.0084));
#7500=VERTEX_POINT('',#7499);
#7498=EDGE_CURVE('',#7380,#7500,#7497,.T.);
#7502=DIRECTION('',(0.997858,0.000000,0.065419));
#7501=VECTOR('',#7502,0.489819);
#7503=LINE('',#7499,#7501);
#7504=EDGE_CURVE('',#7500,#7067,#7503,.T.);
#7505=ORIENTED_EDGE('',*,*,#7494,.T.);
#7506=ORIENTED_EDGE('',*,*,#7498,.T.);
#7507=ORIENTED_EDGE('',*,*,#7504,.T.);
#7508=EDGE_LOOP('',(#7505,#7506,#7507));
#7509=FACE_BOUND('',#7508,.T.);
#7512=CARTESIAN_POINT('',(610.0000,-314.0000,-248.2768));
#7513=DIRECTION('',(0.000000,1.000000,0.000000));
#7514=DIRECTION('',(1.000000,0.000000,0.000000));
#7511=AXIS2_PLACEMENT_3D('',#7512,#7513,#7514);
#7510=PLANE('',#7511);
#7515=ADVANCED_FACE('',(#5796,#6134,#6160,#6498,#6836,#6880,#6903,#6973,#6996,#7038,#7059,#7110,#7133,#7156,#7179,#7202,#7225,#7244,#7279,#7302,#7325,#7374,#7397,#7420,#7469,#7490,#7509),#7510,.T.);
#7517=DIRECTION('',(1.000000,0.000000,0.000000));
#7516=VECTOR('',#7517,193.000000);
#7518=LINE('',#105,#7516);
#7519=EDGE_CURVE('',#106,#76,#7518,.T.);
#7521=DIRECTION('',(-1.000000,0.000000,0.000000));
#7520=VECTOR('',#7521,193.000000);
#7522=LINE('',#69,#7520);
#7523=EDGE_CURVE('',#70,#112,#7522,.T.);
#7524=ORIENTED_EDGE('',*,*,#110,.F.);
#7525=ORIENTED_EDGE('',*,*,#7519,.T.);
#7526=ORIENTED_EDGE('',*,*,#74,.F.);
#7527=ORIENTED_EDGE('',*,*,#7523,.T.);
#7528=EDGE_LOOP('',(#7524,#7525,#7526,#7527));
#7529=FACE_OUTER_BOUND('',#7528,.T.);
#7532=CARTESIAN_POINT('',(791.5762,-289.0000,-560.0000));
#7533=DIRECTION('',(0.000000,1.000000,0.000000));
#7534=DIRECTION('',(0.000000,0.000000,1.000000));
#7531=AXIS2_PLACEMENT_3D('',#7532,#7533,#7534);
#7530=PLANE('',#7531);
#7535=ADVANCED_FACE('',(#7529),#7530,.T.);
#7536=ORIENTED_EDGE('',*,*,#5692,.F.);
#7537=ORIENTED_EDGE('',*,*,#80,.F.);
#7538=ORIENTED_EDGE('',*,*,#7519,.F.);
#7539=ORIENTED_EDGE('',*,*,#104,.F.);
#7540=EDGE_LOOP('',(#7536,#7537,#7538,#7539));
#7541=FACE_OUTER_BOUND('',#7540,.T.);
#7543=DIRECTION('',(-0.442281,0.896876,0.000000));
#7542=VECTOR('',#7543,2.562537);
#7545=CARTESIAN_POINT('',(740.8998,-305.1377,-558.0000));
#7544=LINE('',#7545,#7542);
#7547=VERTEX_POINT('',#7545);
#7548=CARTESIAN_POINT('',(739.7664,-302.8394,-558.0000));
#7549=VERTEX_POINT('',#7548);
#7546=EDGE_CURVE('',#7547,#7549,#7544,.T.);
#7551=DIRECTION('',(0.321438,-0.946931,0.000000));
#7550=VECTOR('',#7551,2.450995);
#7552=LINE('',#7548,#7550);
#7554=CARTESIAN_POINT('',(740.5543,-305.1603,-558.0000));
#7555=VERTEX_POINT('',#7554);
#7553=EDGE_CURVE('',#7549,#7555,#7552,.T.);
#7557=DIRECTION('',(-0.321435,0.946932,0.000000));
#7556=VECTOR('',#7557,2.908822);
#7558=LINE('',#7554,#7556);
#7560=CARTESIAN_POINT('',(739.6193,-302.4059,-558.0000));
#7561=VERTEX_POINT('',#7560);
#7559=EDGE_CURVE('',#7555,#7561,#7558,.T.);
#7563=DIRECTION('',(-0.195052,0.980793,0.000000));
#7562=VECTOR('',#7563,0.457798);
#7564=LINE('',#7560,#7562);
#7566=CARTESIAN_POINT('',(739.5300,-301.9568,-558.0000));
#7567=VERTEX_POINT('',#7566);
#7565=EDGE_CURVE('',#7561,#7567,#7564,.T.);
#7569=DIRECTION('',(-0.065457,0.997855,0.000000));
#7568=VECTOR('',#7569,0.457830);
#7570=LINE('',#7566,#7568);
#7572=CARTESIAN_POINT('',(739.5000,-301.5000,-558.0000));
#7573=VERTEX_POINT('',#7572);
#7571=EDGE_CURVE('',#7567,#7573,#7570,.T.);
#7575=DIRECTION('',(0.065457,0.997855,0.000000));
#7574=VECTOR('',#7575,0.457830);
#7576=LINE('',#7572,#7574);
#7578=CARTESIAN_POINT('',(739.5300,-301.0432,-558.0000));
#7579=VERTEX_POINT('',#7578);
#7577=EDGE_CURVE('',#7573,#7579,#7576,.T.);
#7581=DIRECTION('',(0.195052,0.980793,0.000000));
#7580=VECTOR('',#7581,0.457798);
#7582=LINE('',#7578,#7580);
#7584=CARTESIAN_POINT('',(739.6193,-300.5941,-558.0000));
#7585=VERTEX_POINT('',#7584);
#7583=EDGE_CURVE('',#7579,#7585,#7582,.T.);
#7587=DIRECTION('',(0.321422,0.946936,0.000000));
#7586=VECTOR('',#7587,0.457827);
#7588=LINE('',#7584,#7586);
#7590=CARTESIAN_POINT('',(739.7664,-300.1606,-558.0000));
#7591=VERTEX_POINT('',#7590);
#7589=EDGE_CURVE('',#7585,#7591,#7588,.T.);
#7593=DIRECTION('',(0.442328,0.896853,0.000000));
#7592=VECTOR('',#7593,0.457838);
#7594=LINE('',#7590,#7592);
#7596=CARTESIAN_POINT('',(739.9689,-299.7500,-558.0000));
#7597=VERTEX_POINT('',#7596);
#7595=EDGE_CURVE('',#7591,#7597,#7594,.T.);
#7599=DIRECTION('',(0.555531,0.831496,0.000000));
#7598=VECTOR('',#7599,0.457821);
#7600=LINE('',#7596,#7598);
#7602=CARTESIAN_POINT('',(740.2233,-299.3693,-558.0000));
#7603=VERTEX_POINT('',#7602);
#7601=EDGE_CURVE('',#7597,#7603,#7600,.T.);
#7605=DIRECTION('',(0.659368,0.751821,0.000000));
#7604=VECTOR('',#7605,0.457832);
#7606=LINE('',#7602,#7604);
#7608=CARTESIAN_POINT('',(740.5251,-299.0251,-558.0000));
#7609=VERTEX_POINT('',#7608);
#7607=EDGE_CURVE('',#7603,#7609,#7606,.T.);
#7611=DIRECTION('',(0.751825,0.659363,0.000000));
#7610=VECTOR('',#7611,0.457789);
#7612=LINE('',#7608,#7610);
#7614=CARTESIAN_POINT('',(740.8693,-298.7233,-558.0000));
#7615=VERTEX_POINT('',#7614);
#7613=EDGE_CURVE('',#7609,#7615,#7612,.T.);
#7617=DIRECTION('',(0.831465,0.555577,0.000000));
#7616=VECTOR('',#7617,0.457838);
#7618=LINE('',#7614,#7616);
#7620=CARTESIAN_POINT('',(741.2500,-298.4689,-558.0000));
#7621=VERTEX_POINT('',#7620);
#7619=EDGE_CURVE('',#7615,#7621,#7618,.T.);
#7623=DIRECTION('',(0.896867,0.442301,0.000000));
#7622=VECTOR('',#7623,0.457798);
#7624=LINE('',#7620,#7622);
#7626=CARTESIAN_POINT('',(741.6606,-298.2664,-558.0000));
#7627=VERTEX_POINT('',#7626);
#7625=EDGE_CURVE('',#7621,#7627,#7624,.T.);
#7629=DIRECTION('',(0.946936,0.321422,0.000000));
#7628=VECTOR('',#7629,0.457827);
#7630=LINE('',#7626,#7628);
#7632=CARTESIAN_POINT('',(742.0941,-298.1193,-558.0000));
#7633=VERTEX_POINT('',#7632);
#7631=EDGE_CURVE('',#7627,#7633,#7630,.T.);
#7635=DIRECTION('',(0.980783,0.195103,0.000000));
#7634=VECTOR('',#7635,0.457834);
#7636=LINE('',#7632,#7634);
#7638=CARTESIAN_POINT('',(742.5432,-298.0299,-558.0000));
#7639=VERTEX_POINT('',#7638);
#7637=EDGE_CURVE('',#7633,#7639,#7636,.T.);
#7641=DIRECTION('',(0.997860,0.065391,0.000000));
#7640=VECTOR('',#7641,0.457828);
#7642=LINE('',#7638,#7640);
#7644=CARTESIAN_POINT('',(743.0000,-298.0000,-558.0000));
#7645=VERTEX_POINT('',#7644);
#7643=EDGE_CURVE('',#7639,#7645,#7642,.T.);
#7647=DIRECTION('',(0.997860,-0.065391,0.000000));
#7646=VECTOR('',#7647,0.457828);
#7648=LINE('',#7644,#7646);
#7650=CARTESIAN_POINT('',(743.4568,-298.0299,-558.0000));
#7651=VERTEX_POINT('',#7650);
#7649=EDGE_CURVE('',#7645,#7651,#7648,.T.);
#7653=DIRECTION('',(0.980783,-0.195103,0.000000));
#7652=VECTOR('',#7653,0.457834);
#7654=LINE('',#7650,#7652);
#7656=CARTESIAN_POINT('',(743.9059,-298.1193,-558.0000));
#7657=VERTEX_POINT('',#7656);
#7655=EDGE_CURVE('',#7651,#7657,#7654,.T.);
#7659=DIRECTION('',(0.946922,-0.321463,0.000000));
#7658=VECTOR('',#7659,0.457769);
#7660=LINE('',#7656,#7658);
#7662=CARTESIAN_POINT('',(744.3394,-298.2664,-558.0000));
#7663=VERTEX_POINT('',#7662);
#7661=EDGE_CURVE('',#7657,#7663,#7660,.T.);
#7665=DIRECTION('',(0.896893,-0.442248,0.000000));
#7664=VECTOR('',#7665,0.457852);
#7666=LINE('',#7662,#7664);
#7668=CARTESIAN_POINT('',(744.7500,-298.4689,-558.0000));
#7669=VERTEX_POINT('',#7668);
#7667=EDGE_CURVE('',#7663,#7669,#7666,.T.);
#7671=DIRECTION('',(0.831465,-0.555577,0.000000));
#7670=VECTOR('',#7671,0.457838);
#7672=LINE('',#7668,#7670);
#7674=CARTESIAN_POINT('',(745.1307,-298.7233,-558.0000));
#7675=VERTEX_POINT('',#7674);
#7673=EDGE_CURVE('',#7669,#7675,#7672,.T.);
#7677=DIRECTION('',(0.751825,-0.659363,0.000000));
#7676=VECTOR('',#7677,0.457789);
#7678=LINE('',#7674,#7676);
#7680=CARTESIAN_POINT('',(745.4749,-299.0251,-558.0000));
#7681=VERTEX_POINT('',#7680);
#7679=EDGE_CURVE('',#7675,#7681,#7678,.T.);
#7683=DIRECTION('',(0.659368,-0.751821,0.000000));
#7682=VECTOR('',#7683,0.457832);
#7684=LINE('',#7680,#7682);
#7686=CARTESIAN_POINT('',(745.7767,-299.3693,-558.0000));
#7687=VERTEX_POINT('',#7686);
#7685=EDGE_CURVE('',#7681,#7687,#7684,.T.);
#7689=DIRECTION('',(0.555531,-0.831496,0.000000));
#7688=VECTOR('',#7689,0.457821);
#7690=LINE('',#7686,#7688);
#7692=CARTESIAN_POINT('',(746.0311,-299.7500,-558.0000));
#7693=VERTEX_POINT('',#7692);
#7691=EDGE_CURVE('',#7687,#7693,#7690,.T.);
#7695=DIRECTION('',(0.442328,-0.896853,0.000000));
#7694=VECTOR('',#7695,0.457838);
#7696=LINE('',#7692,#7694);
#7698=CARTESIAN_POINT('',(746.2336,-300.1606,-558.0000));
#7699=VERTEX_POINT('',#7698);
#7697=EDGE_CURVE('',#7693,#7699,#7696,.T.);
#7701=DIRECTION('',(0.321422,-0.946936,0.000000));
#7700=VECTOR('',#7701,0.457827);
#7702=LINE('',#7698,#7700);
#7704=CARTESIAN_POINT('',(746.3807,-300.5941,-558.0000));
#7705=VERTEX_POINT('',#7704);
#7703=EDGE_CURVE('',#7699,#7705,#7702,.T.);
#7707=DIRECTION('',(0.195052,-0.980793,0.000000));
#7706=VECTOR('',#7707,0.457798);
#7708=LINE('',#7704,#7706);
#7710=CARTESIAN_POINT('',(746.4700,-301.0432,-558.0000));
#7711=VERTEX_POINT('',#7710);
#7709=EDGE_CURVE('',#7705,#7711,#7708,.T.);
#7713=DIRECTION('',(0.065457,-0.997855,0.000000));
#7712=VECTOR('',#7713,0.457830);
#7714=LINE('',#7710,#7712);
#7716=CARTESIAN_POINT('',(746.5000,-301.5000,-558.0000));
#7717=VERTEX_POINT('',#7716);
#7715=EDGE_CURVE('',#7711,#7717,#7714,.T.);
#7719=DIRECTION('',(-0.065457,-0.997855,0.000000));
#7718=VECTOR('',#7719,0.457830);
#7720=LINE('',#7716,#7718);
#7722=CARTESIAN_POINT('',(746.4700,-301.9568,-558.0000));
#7723=VERTEX_POINT('',#7722);
#7721=EDGE_CURVE('',#7717,#7723,#7720,.T.);
#7725=DIRECTION('',(-0.195052,-0.980793,0.000000));
#7724=VECTOR('',#7725,0.457798);
#7726=LINE('',#7722,#7724);
#7728=CARTESIAN_POINT('',(746.3807,-302.4059,-558.0000));
#7729=VERTEX_POINT('',#7728);
#7727=EDGE_CURVE('',#7723,#7729,#7726,.T.);
#7731=DIRECTION('',(-0.321422,-0.946936,0.000000));
#7730=VECTOR('',#7731,0.457827);
#7732=LINE('',#7728,#7730);
#7734=CARTESIAN_POINT('',(746.2336,-302.8394,-558.0000));
#7735=VERTEX_POINT('',#7734);
#7733=EDGE_CURVE('',#7729,#7735,#7732,.T.);
#7737=DIRECTION('',(-0.442328,-0.896853,0.000000));
#7736=VECTOR('',#7737,0.457838);
#7738=LINE('',#7734,#7736);
#7740=CARTESIAN_POINT('',(746.0311,-303.2500,-558.0000));
#7741=VERTEX_POINT('',#7740);
#7739=EDGE_CURVE('',#7735,#7741,#7738,.T.);
#7743=DIRECTION('',(-0.555531,-0.831496,0.000000));
#7742=VECTOR('',#7743,0.457821);
#7744=LINE('',#7740,#7742);
#7746=CARTESIAN_POINT('',(745.7767,-303.6307,-558.0000));
#7747=VERTEX_POINT('',#7746);
#7745=EDGE_CURVE('',#7741,#7747,#7744,.T.);
#7749=DIRECTION('',(-0.659368,-0.751821,0.000000));
#7748=VECTOR('',#7749,0.457832);
#7750=LINE('',#7746,#7748);
#7752=CARTESIAN_POINT('',(745.4749,-303.9749,-558.0000));
#7753=VERTEX_POINT('',#7752);
#7751=EDGE_CURVE('',#7747,#7753,#7750,.T.);
#7755=DIRECTION('',(-0.751825,-0.659363,0.000000));
#7754=VECTOR('',#7755,0.457789);
#7756=LINE('',#7752,#7754);
#7758=CARTESIAN_POINT('',(745.1307,-304.2767,-558.0000));
#7759=VERTEX_POINT('',#7758);
#7757=EDGE_CURVE('',#7753,#7759,#7756,.T.);
#7761=DIRECTION('',(-0.831465,-0.555577,0.000000));
#7760=VECTOR('',#7761,0.457838);
#7762=LINE('',#7758,#7760);
#7764=CARTESIAN_POINT('',(744.7500,-304.5311,-558.0000));
#7765=VERTEX_POINT('',#7764);
#7763=EDGE_CURVE('',#7759,#7765,#7762,.T.);
#7767=DIRECTION('',(-0.896867,-0.442301,0.000000));
#7766=VECTOR('',#7767,0.457798);
#7768=LINE('',#7764,#7766);
#7770=CARTESIAN_POINT('',(744.3394,-304.7336,-558.0000));
#7771=VERTEX_POINT('',#7770);
#7769=EDGE_CURVE('',#7765,#7771,#7768,.T.);
#7773=DIRECTION('',(-0.946936,-0.321422,0.000000));
#7772=VECTOR('',#7773,0.457827);
#7774=LINE('',#7770,#7772);
#7776=CARTESIAN_POINT('',(743.9059,-304.8807,-558.0000));
#7777=VERTEX_POINT('',#7776);
#7775=EDGE_CURVE('',#7771,#7777,#7774,.T.);
#7779=DIRECTION('',(-0.980783,-0.195103,0.000000));
#7778=VECTOR('',#7779,0.457834);
#7780=LINE('',#7776,#7778);
#7782=CARTESIAN_POINT('',(743.4568,-304.9701,-558.0000));
#7783=VERTEX_POINT('',#7782);
#7781=EDGE_CURVE('',#7777,#7783,#7780,.T.);
#7785=DIRECTION('',(-0.997859,-0.065404,0.000000));
#7784=VECTOR('',#7785,2.562555);
#7786=LINE('',#7782,#7784);
#7787=EDGE_CURVE('',#7783,#7547,#7786,.T.);
#7788=ORIENTED_EDGE('',*,*,#7546,.T.);
#7789=ORIENTED_EDGE('',*,*,#7553,.T.);
#7790=ORIENTED_EDGE('',*,*,#7559,.T.);
#7791=ORIENTED_EDGE('',*,*,#7565,.T.);
#7792=ORIENTED_EDGE('',*,*,#7571,.T.);
#7793=ORIENTED_EDGE('',*,*,#7577,.T.);
#7794=ORIENTED_EDGE('',*,*,#7583,.T.);
#7795=ORIENTED_EDGE('',*,*,#7589,.T.);
#7796=ORIENTED_EDGE('',*,*,#7595,.T.);
#7797=ORIENTED_EDGE('',*,*,#7601,.T.);
#7798=ORIENTED_EDGE('',*,*,#7607,.T.);
#7799=ORIENTED_EDGE('',*,*,#7613,.T.);
#7800=ORIENTED_EDGE('',*,*,#7619,.T.);
#7801=ORIENTED_EDGE('',*,*,#7625,.T.);
#7802=ORIENTED_EDGE('',*,*,#7631,.T.);
#7803=ORIENTED_EDGE('',*,*,#7637,.T.);
#7804=ORIENTED_EDGE('',*,*,#7643,.T.);
#7805=ORIENTED_EDGE('',*,*,#7649,.T.);
#7806=ORIENTED_EDGE('',*,*,#7655,.T.);
#7807=ORIENTED_EDGE('',*,*,#7661,.T.);
#7808=ORIENTED_EDGE('',*,*,#7667,.T.);
#7809=ORIENTED_EDGE('',*,*,#7673,.T.);
#7810=ORIENTED_EDGE('',*,*,#7679,.T.);
#7811=ORIENTED_EDGE('',*,*,#7685,.T.);
#7812=ORIENTED_EDGE('',*,*,#7691,.T.);
#7813=ORIENTED_EDGE('',*,*,#7697,.T.);
#7814=ORIENTED_EDGE('',*,*,#7703,.T.);
#7815=ORIENTED_EDGE('',*,*,#7709,.T.);
#7816=ORIENTED_EDGE('',*,*,#7715,.T.);
#7817=ORIENTED_EDGE('',*,*,#7721,.T.);
#7818=ORIENTED_EDGE('',*,*,#7727,.T.);
#7819=ORIENTED_EDGE('',*,*,#7733,.T.);
#7820=ORIENTED_EDGE('',*,*,#7739,.T.);
#7821=ORIENTED_EDGE('',*,*,#7745,.T.);
#7822=ORIENTED_EDGE('',*,*,#7751,.T.);
#7823=ORIENTED_EDGE('',*,*,#7757,.T.);
#7824=ORIENTED_EDGE('',*,*,#7763,.T.);
#7825=ORIENTED_EDGE('',*,*,#7769,.T.);
#7826=ORIENTED_EDGE('',*,*,#7775,.T.);
#7827=ORIENTED_EDGE('',*,*,#7781,.T.);
#7828=ORIENTED_EDGE('',*,*,#7787,.T.);
#7829=EDGE_LOOP('',(#7788,#7789,#7790,#7791,#7792,#7793,#7794,#7795,#7796,#7797,#7798,#7799,#7800,#7801,#7802,#7803,#7804,#7805,#7806,#7807,#7808,#7809,#7810,#7811,#7812,#7813,#7814,#7815,#7816,#7817,#7818,#7819,#7820,#7821,#7822,#7823,#7824,#7825,#7826,#7827,#7828));
#7830=FACE_BOUND('',#7829,.T.);
#7832=DIRECTION('',(0.321442,-0.946929,0.000000));
#7831=VECTOR('',#7832,5.146480);
#7834=CARTESIAN_POINT('',(671.7264,-295.7208,-558.0000));
#7833=LINE('',#7834,#7831);
#7836=VERTEX_POINT('',#7834);
#7837=CARTESIAN_POINT('',(673.3807,-300.5941,-558.0000));
#7838=VERTEX_POINT('',#7837);
#7835=EDGE_CURVE('',#7836,#7838,#7833,.T.);
#7840=DIRECTION('',(0.195052,-0.980793,0.000000));
#7839=VECTOR('',#7840,0.457798);
#7841=LINE('',#7837,#7839);
#7843=CARTESIAN_POINT('',(673.4700,-301.0432,-558.0000));
#7844=VERTEX_POINT('',#7843);
#7842=EDGE_CURVE('',#7838,#7844,#7841,.T.);
#7846=DIRECTION('',(0.065457,-0.997855,0.000000));
#7845=VECTOR('',#7846,0.457830);
#7847=LINE('',#7843,#7845);
#7849=CARTESIAN_POINT('',(673.5000,-301.5000,-558.0000));
#7850=VERTEX_POINT('',#7849);
#7848=EDGE_CURVE('',#7844,#7850,#7847,.T.);
#7852=DIRECTION('',(-0.065457,-0.997855,0.000000));
#7851=VECTOR('',#7852,0.457830);
#7853=LINE('',#7849,#7851);
#7855=CARTESIAN_POINT('',(673.4700,-301.9568,-558.0000));
#7856=VERTEX_POINT('',#7855);
#7854=EDGE_CURVE('',#7850,#7856,#7853,.T.);
#7858=DIRECTION('',(-0.195052,-0.980793,0.000000));
#7857=VECTOR('',#7858,0.457798);
#7859=LINE('',#7855,#7857);
#7861=CARTESIAN_POINT('',(673.3807,-302.4059,-558.0000));
#7862=VERTEX_POINT('',#7861);
#7860=EDGE_CURVE('',#7856,#7862,#7859,.T.);
#7864=DIRECTION('',(-0.321422,-0.946936,0.000000));
#7863=VECTOR('',#7864,0.457827);
#7865=LINE('',#7861,#7863);
#7867=CARTESIAN_POINT('',(673.2336,-302.8394,-558.0000));
#7868=VERTEX_POINT('',#7867);
#7866=EDGE_CURVE('',#7862,#7868,#7865,.T.);
#7870=DIRECTION('',(-0.442328,-0.896853,0.000000));
#7869=VECTOR('',#7870,0.457838);
#7871=LINE('',#7867,#7869);
#7873=CARTESIAN_POINT('',(673.0311,-303.2500,-558.0000));
#7874=VERTEX_POINT('',#7873);
#7872=EDGE_CURVE('',#7868,#7874,#7871,.T.);
#7876=DIRECTION('',(-0.555531,-0.831496,0.000000));
#7875=VECTOR('',#7876,0.457821);
#7877=LINE('',#7873,#7875);
#7879=CARTESIAN_POINT('',(672.7767,-303.6307,-558.0000));
#7880=VERTEX_POINT('',#7879);
#7878=EDGE_CURVE('',#7874,#7880,#7877,.T.);
#7882=DIRECTION('',(-0.659368,-0.751821,0.000000));
#7881=VECTOR('',#7882,0.457832);
#7883=LINE('',#7879,#7881);
#7885=CARTESIAN_POINT('',(672.4749,-303.9749,-558.0000));
#7886=VERTEX_POINT('',#7885);
#7884=EDGE_CURVE('',#7880,#7886,#7883,.T.);
#7888=DIRECTION('',(-0.751825,-0.659363,0.000000));
#7887=VECTOR('',#7888,0.457789);
#7889=LINE('',#7885,#7887);
#7891=CARTESIAN_POINT('',(672.1307,-304.2767,-558.0000));
#7892=VERTEX_POINT('',#7891);
#7890=EDGE_CURVE('',#7886,#7892,#7889,.T.);
#7894=DIRECTION('',(-0.831465,-0.555577,0.000000));
#7893=VECTOR('',#7894,0.457838);
#7895=LINE('',#7891,#7893);
#7897=CARTESIAN_POINT('',(671.7500,-304.5311,-558.0000));
#7898=VERTEX_POINT('',#7897);
#7896=EDGE_CURVE('',#7892,#7898,#7895,.T.);
#7900=DIRECTION('',(-0.896867,-0.442301,0.000000));
#7899=VECTOR('',#7900,0.457798);
#7901=LINE('',#7897,#7899);
#7903=CARTESIAN_POINT('',(671.3394,-304.7336,-558.0000));
#7904=VERTEX_POINT('',#7903);
#7902=EDGE_CURVE('',#7898,#7904,#7901,.T.);
#7906=DIRECTION('',(-0.946936,-0.321422,0.000000));
#7905=VECTOR('',#7906,0.457827);
#7907=LINE('',#7903,#7905);
#7909=CARTESIAN_POINT('',(670.9059,-304.8807,-558.0000));
#7910=VERTEX_POINT('',#7909);
#7908=EDGE_CURVE('',#7904,#7910,#7907,.T.);
#7912=DIRECTION('',(-0.980783,-0.195103,0.000000));
#7911=VECTOR('',#7912,0.457834);
#7913=LINE('',#7909,#7911);
#7915=CARTESIAN_POINT('',(670.4568,-304.9701,-558.0000));
#7916=VERTEX_POINT('',#7915);
#7914=EDGE_CURVE('',#7910,#7916,#7913,.T.);
#7918=DIRECTION('',(-0.997860,-0.065391,0.000000));
#7917=VECTOR('',#7918,0.457828);
#7919=LINE('',#7915,#7917);
#7921=CARTESIAN_POINT('',(670.0000,-305.0000,-558.0000));
#7922=VERTEX_POINT('',#7921);
#7920=EDGE_CURVE('',#7916,#7922,#7919,.T.);
#7924=DIRECTION('',(-0.997860,0.065391,0.000000));
#7923=VECTOR('',#7924,0.457828);
#7925=LINE('',#7921,#7923);
#7927=CARTESIAN_POINT('',(669.5432,-304.9701,-558.0000));
#7928=VERTEX_POINT('',#7927);
#7926=EDGE_CURVE('',#7922,#7928,#7925,.T.);
#7930=DIRECTION('',(-0.980783,0.195103,0.000000));
#7929=VECTOR('',#7930,0.457834);
#7931=LINE('',#7927,#7929);
#7933=CARTESIAN_POINT('',(669.0941,-304.8807,-558.0000));
#7934=VERTEX_POINT('',#7933);
#7932=EDGE_CURVE('',#7928,#7934,#7931,.T.);
#7936=DIRECTION('',(-0.946936,0.321422,0.000000));
#7935=VECTOR('',#7936,0.457827);
#7937=LINE('',#7933,#7935);
#7939=CARTESIAN_POINT('',(668.6606,-304.7336,-558.0000));
#7940=VERTEX_POINT('',#7939);
#7938=EDGE_CURVE('',#7934,#7940,#7937,.T.);
#7942=DIRECTION('',(-0.896867,0.442301,0.000000));
#7941=VECTOR('',#7942,0.457798);
#7943=LINE('',#7939,#7941);
#7945=CARTESIAN_POINT('',(668.2500,-304.5311,-558.0000));
#7946=VERTEX_POINT('',#7945);
#7944=EDGE_CURVE('',#7940,#7946,#7943,.T.);
#7948=DIRECTION('',(-0.831465,0.555577,0.000000));
#7947=VECTOR('',#7948,0.457838);
#7949=LINE('',#7945,#7947);
#7951=CARTESIAN_POINT('',(667.8693,-304.2767,-558.0000));
#7952=VERTEX_POINT('',#7951);
#7950=EDGE_CURVE('',#7946,#7952,#7949,.T.);
#7954=DIRECTION('',(-0.751825,0.659363,0.000000));
#7953=VECTOR('',#7954,0.457789);
#7955=LINE('',#7951,#7953);
#7957=CARTESIAN_POINT('',(667.5251,-303.9749,-558.0000));
#7958=VERTEX_POINT('',#7957);
#7956=EDGE_CURVE('',#7952,#7958,#7955,.T.);
#7960=DIRECTION('',(-0.659368,0.751821,0.000000));
#7959=VECTOR('',#7960,0.457832);
#7961=LINE('',#7957,#7959);
#7963=CARTESIAN_POINT('',(667.2233,-303.6307,-558.0000));
#7964=VERTEX_POINT('',#7963);
#7962=EDGE_CURVE('',#7958,#7964,#7961,.T.);
#7966=DIRECTION('',(-0.555531,0.831496,0.000000));
#7965=VECTOR('',#7966,0.457821);
#7967=LINE('',#7963,#7965);
#7969=CARTESIAN_POINT('',(666.9689,-303.2500,-558.0000));
#7970=VERTEX_POINT('',#7969);
#7968=EDGE_CURVE('',#7964,#7970,#7967,.T.);
#7972=DIRECTION('',(-0.442328,0.896853,0.000000));
#7971=VECTOR('',#7972,0.457838);
#7973=LINE('',#7969,#7971);
#7975=CARTESIAN_POINT('',(666.7664,-302.8394,-558.0000));
#7976=VERTEX_POINT('',#7975);
#7974=EDGE_CURVE('',#7970,#7976,#7973,.T.);
#7978=DIRECTION('',(-0.321422,0.946936,0.000000));
#7977=VECTOR('',#7978,0.457827);
#7979=LINE('',#7975,#7977);
#7981=CARTESIAN_POINT('',(666.6193,-302.4059,-558.0000));
#7982=VERTEX_POINT('',#7981);
#7980=EDGE_CURVE('',#7976,#7982,#7979,.T.);
#7984=DIRECTION('',(-0.195052,0.980793,0.000000));
#7983=VECTOR('',#7984,0.457798);
#7985=LINE('',#7981,#7983);
#7987=CARTESIAN_POINT('',(666.5300,-301.9568,-558.0000));
#7988=VERTEX_POINT('',#7987);
#7986=EDGE_CURVE('',#7982,#7988,#7985,.T.);
#7990=DIRECTION('',(-0.065457,0.997855,0.000000));
#7989=VECTOR('',#7990,0.457830);
#7991=LINE('',#7987,#7989);
#7993=CARTESIAN_POINT('',(666.5000,-301.5000,-558.0000));
#7994=VERTEX_POINT('',#7993);
#7992=EDGE_CURVE('',#7988,#7994,#7991,.T.);
#7996=DIRECTION('',(0.065457,0.997855,0.000000));
#7995=VECTOR('',#7996,0.457830);
#7997=LINE('',#7993,#7995);
#7999=CARTESIAN_POINT('',(666.5300,-301.0432,-558.0000));
#8000=VERTEX_POINT('',#7999);
#7998=EDGE_CURVE('',#7994,#8000,#7997,.T.);
#8002=DIRECTION('',(0.195052,0.980793,0.000000));
#8001=VECTOR('',#8002,0.457798);
#8003=LINE('',#7999,#8001);
#8005=CARTESIAN_POINT('',(666.6193,-300.5941,-558.0000));
#8006=VERTEX_POINT('',#8005);
#8004=EDGE_CURVE('',#8000,#8006,#8003,.T.);
#8008=DIRECTION('',(0.321422,0.946936,0.000000));
#8007=VECTOR('',#8008,0.457827);
#8009=LINE('',#8005,#8007);
#8011=CARTESIAN_POINT('',(666.7664,-300.1606,-558.0000));
#8012=VERTEX_POINT('',#8011);
#8010=EDGE_CURVE('',#8006,#8012,#8009,.T.);
#8014=DIRECTION('',(0.442328,0.896853,0.000000));
#8013=VECTOR('',#8014,0.457838);
#8015=LINE('',#8011,#8013);
#8017=CARTESIAN_POINT('',(666.9689,-299.7500,-558.0000));
#8018=VERTEX_POINT('',#8017);
#8016=EDGE_CURVE('',#8012,#8018,#8015,.T.);
#8020=DIRECTION('',(0.555531,0.831496,0.000000));
#8019=VECTOR('',#8020,0.457821);
#8021=LINE('',#8017,#8019);
#8023=CARTESIAN_POINT('',(667.2233,-299.3693,-558.0000));
#8024=VERTEX_POINT('',#8023);
#8022=EDGE_CURVE('',#8018,#8024,#8021,.T.);
#8026=DIRECTION('',(0.659368,0.751821,0.000000));
#8025=VECTOR('',#8026,0.457832);
#8027=LINE('',#8023,#8025);
#8029=CARTESIAN_POINT('',(667.5251,-299.0251,-558.0000));
#8030=VERTEX_POINT('',#8029);
#8028=EDGE_CURVE('',#8024,#8030,#8027,.T.);
#8032=DIRECTION('',(0.751825,0.659363,0.000000));
#8031=VECTOR('',#8032,0.457789);
#8033=LINE('',#8029,#8031);
#8035=CARTESIAN_POINT('',(667.8693,-298.7233,-558.0000));
#8036=VERTEX_POINT('',#8035);
#8034=EDGE_CURVE('',#8030,#8036,#8033,.T.);
#8038=DIRECTION('',(0.831465,0.555577,0.000000));
#8037=VECTOR('',#8038,0.457838);
#8039=LINE('',#8035,#8037);
#8041=CARTESIAN_POINT('',(668.2500,-298.4689,-558.0000));
#8042=VERTEX_POINT('',#8041);
#8040=EDGE_CURVE('',#8036,#8042,#8039,.T.);
#8044=DIRECTION('',(0.896867,0.442301,0.000000));
#8043=VECTOR('',#8044,0.457798);
#8045=LINE('',#8041,#8043);
#8047=CARTESIAN_POINT('',(668.6606,-298.2664,-558.0000));
#8048=VERTEX_POINT('',#8047);
#8046=EDGE_CURVE('',#8042,#8048,#8045,.T.);
#8050=DIRECTION('',(0.946936,0.321422,0.000000));
#8049=VECTOR('',#8050,0.457827);
#8051=LINE('',#8047,#8049);
#8053=CARTESIAN_POINT('',(669.0941,-298.1193,-558.0000));
#8054=VERTEX_POINT('',#8053);
#8052=EDGE_CURVE('',#8048,#8054,#8051,.T.);
#8056=DIRECTION('',(0.980783,0.195103,0.000000));
#8055=VECTOR('',#8056,0.457834);
#8057=LINE('',#8053,#8055);
#8059=CARTESIAN_POINT('',(669.5432,-298.0299,-558.0000));
#8060=VERTEX_POINT('',#8059);
#8058=EDGE_CURVE('',#8054,#8060,#8057,.T.);
#8062=DIRECTION('',(0.997860,0.065391,0.000000));
#8061=VECTOR('',#8062,0.457828);
#8063=LINE('',#8059,#8061);
#8065=CARTESIAN_POINT('',(670.0000,-298.0000,-558.0000));
#8066=VERTEX_POINT('',#8065);
#8064=EDGE_CURVE('',#8060,#8066,#8063,.T.);
#8068=DIRECTION('',(0.997860,-0.065391,0.000000));
#8067=VECTOR('',#8068,0.457828);
#8069=LINE('',#8065,#8067);
#8071=CARTESIAN_POINT('',(670.4568,-298.0299,-558.0000));
#8072=VERTEX_POINT('',#8071);
#8070=EDGE_CURVE('',#8066,#8072,#8069,.T.);
#8074=DIRECTION('',(0.980783,-0.195103,0.000000));
#8073=VECTOR('',#8074,0.457834);
#8075=LINE('',#8071,#8073);
#8077=CARTESIAN_POINT('',(670.9059,-298.1193,-558.0000));
#8078=VERTEX_POINT('',#8077);
#8076=EDGE_CURVE('',#8072,#8078,#8075,.T.);
#8080=DIRECTION('',(0.946922,-0.321463,0.000000));
#8079=VECTOR('',#8080,0.457769);
#8081=LINE('',#8077,#8079);
#8083=CARTESIAN_POINT('',(671.3394,-298.2664,-558.0000));
#8084=VERTEX_POINT('',#8083);
#8082=EDGE_CURVE('',#8078,#8084,#8081,.T.);
#8086=DIRECTION('',(0.896893,-0.442248,0.000000));
#8085=VECTOR('',#8086,0.457852);
#8087=LINE('',#8083,#8085);
#8089=CARTESIAN_POINT('',(671.7500,-298.4689,-558.0000));
#8090=VERTEX_POINT('',#8089);
#8088=EDGE_CURVE('',#8084,#8090,#8087,.T.);
#8092=DIRECTION('',(0.831465,-0.555577,0.000000));
#8091=VECTOR('',#8092,0.457838);
#8093=LINE('',#8089,#8091);
#8095=CARTESIAN_POINT('',(672.1307,-298.7233,-558.0000));
#8096=VERTEX_POINT('',#8095);
#8094=EDGE_CURVE('',#8090,#8096,#8093,.T.);
#8098=DIRECTION('',(0.751825,-0.659363,0.000000));
#8097=VECTOR('',#8098,0.457789);
#8099=LINE('',#8095,#8097);
#8101=CARTESIAN_POINT('',(672.4749,-299.0251,-558.0000));
#8102=VERTEX_POINT('',#8101);
#8100=EDGE_CURVE('',#8096,#8102,#8099,.T.);
#8104=DIRECTION('',(0.659368,-0.751821,0.000000));
#8103=VECTOR('',#8104,0.457832);
#8105=LINE('',#8101,#8103);
#8107=CARTESIAN_POINT('',(672.7767,-299.3693,-558.0000));
#8108=VERTEX_POINT('',#8107);
#8106=EDGE_CURVE('',#8102,#8108,#8105,.T.);
#8110=DIRECTION('',(0.555531,-0.831496,0.000000));
#8109=VECTOR('',#8110,0.457821);
#8111=LINE('',#8107,#8109);
#8113=CARTESIAN_POINT('',(673.0311,-299.7500,-558.0000));
#8114=VERTEX_POINT('',#8113);
#8112=EDGE_CURVE('',#8108,#8114,#8111,.T.);
#8116=DIRECTION('',(0.442328,-0.896853,0.000000));
#8115=VECTOR('',#8116,0.457838);
#8117=LINE('',#8113,#8115);
#8119=CARTESIAN_POINT('',(673.2336,-300.1606,-558.0000));
#8120=VERTEX_POINT('',#8119);
#8118=EDGE_CURVE('',#8114,#8120,#8117,.T.);
#8122=DIRECTION('',(-0.321444,0.946928,0.000000));
#8121=VECTOR('',#8122,4.688653);
#8123=LINE('',#8119,#8121);
#8124=EDGE_CURVE('',#8120,#7836,#8123,.T.);
#8125=ORIENTED_EDGE('',*,*,#7835,.T.);
#8126=ORIENTED_EDGE('',*,*,#7842,.T.);
#8127=ORIENTED_EDGE('',*,*,#7848,.T.);
#8128=ORIENTED_EDGE('',*,*,#7854,.T.);
#8129=ORIENTED_EDGE('',*,*,#7860,.T.);
#8130=ORIENTED_EDGE('',*,*,#7866,.T.);
#8131=ORIENTED_EDGE('',*,*,#7872,.T.);
#8132=ORIENTED_EDGE('',*,*,#7878,.T.);
#8133=ORIENTED_EDGE('',*,*,#7884,.T.);
#8134=ORIENTED_EDGE('',*,*,#7890,.T.);
#8135=ORIENTED_EDGE('',*,*,#7896,.T.);
#8136=ORIENTED_EDGE('',*,*,#7902,.T.);
#8137=ORIENTED_EDGE('',*,*,#7908,.T.);
#8138=ORIENTED_EDGE('',*,*,#7914,.T.);
#8139=ORIENTED_EDGE('',*,*,#7920,.T.);
#8140=ORIENTED_EDGE('',*,*,#7926,.T.);
#8141=ORIENTED_EDGE('',*,*,#7932,.T.);
#8142=ORIENTED_EDGE('',*,*,#7938,.T.);
#8143=ORIENTED_EDGE('',*,*,#7944,.T.);
#8144=ORIENTED_EDGE('',*,*,#7950,.T.);
#8145=ORIENTED_EDGE('',*,*,#7956,.T.);
#8146=ORIENTED_EDGE('',*,*,#7962,.T.);
#8147=ORIENTED_EDGE('',*,*,#7968,.T.);
#8148=ORIENTED_EDGE('',*,*,#7974,.T.);
#8149=ORIENTED_EDGE('',*,*,#7980,.T.);
#8150=ORIENTED_EDGE('',*,*,#7986,.T.);
#8151=ORIENTED_EDGE('',*,*,#7992,.T.);
#8152=ORIENTED_EDGE('',*,*,#7998,.T.);
#8153=ORIENTED_EDGE('',*,*,#8004,.T.);
#8154=ORIENTED_EDGE('',*,*,#8010,.T.);
#8155=ORIENTED_EDGE('',*,*,#8016,.T.);
#8156=ORIENTED_EDGE('',*,*,#8022,.T.);
#8157=ORIENTED_EDGE('',*,*,#8028,.T.);
#8158=ORIENTED_EDGE('',*,*,#8034,.T.);
#8159=ORIENTED_EDGE('',*,*,#8040,.T.);
#8160=ORIENTED_EDGE('',*,*,#8046,.T.);
#8161=ORIENTED_EDGE('',*,*,#8052,.T.);
#8162=ORIENTED_EDGE('',*,*,#8058,.T.);
#8163=ORIENTED_EDGE('',*,*,#8064,.T.);
#8164=ORIENTED_EDGE('',*,*,#8070,.T.);
#8165=ORIENTED_EDGE('',*,*,#8076,.T.);
#8166=ORIENTED_EDGE('',*,*,#8082,.T.);
#8167=ORIENTED_EDGE('',*,*,#8088,.T.);
#8168=ORIENTED_EDGE('',*,*,#8094,.T.);
#8169=ORIENTED_EDGE('',*,*,#8100,.T.);
#8170=ORIENTED_EDGE('',*,*,#8106,.T.);
#8171=ORIENTED_EDGE('',*,*,#8112,.T.);
#8172=ORIENTED_EDGE('',*,*,#8118,.T.);
#8173=ORIENTED_EDGE('',*,*,#8124,.T.);
#8174=EDGE_LOOP('',(#8125,#8126,#8127,#8128,#8129,#8130,#8131,#8132,#8133,#8134,#8135,#8136,#8137,#8138,#8139,#8140,#8141,#8142,#8143,#8144,#8145,#8146,#8147,#8148,#8149,#8150,#8151,#8152,#8153,#8154,#8155,#8156,#8157,#8158,#8159,#8160,#8161,#8162,#8163,#8164,#8165,#8166,#8167,#8168,#8169,#8170,#8171,#8172,#8173));
#8175=FACE_BOUND('',#8174,.T.);
#8177=DIRECTION('',(0.321441,-0.946930,0.000000));
#8176=VECTOR('',#8177,3.428664);
#8179=CARTESIAN_POINT('',(708.7786,-297.3474,-558.0000));
#8178=LINE('',#8179,#8176);
#8181=VERTEX_POINT('',#8179);
#8182=CARTESIAN_POINT('',(709.8807,-300.5941,-558.0000));
#8183=VERTEX_POINT('',#8182);
#8180=EDGE_CURVE('',#8181,#8183,#8178,.T.);
#8185=DIRECTION('',(0.195052,-0.980793,0.000000));
#8184=VECTOR('',#8185,0.457798);
#8186=LINE('',#8182,#8184);
#8188=CARTESIAN_POINT('',(709.9700,-301.0432,-558.0000));
#8189=VERTEX_POINT('',#8188);
#8187=EDGE_CURVE('',#8183,#8189,#8186,.T.);
#8191=DIRECTION('',(0.065457,-0.997855,0.000000));
#8190=VECTOR('',#8191,0.457830);
#8192=LINE('',#8188,#8190);
#8194=CARTESIAN_POINT('',(710.0000,-301.5000,-558.0000));
#8195=VERTEX_POINT('',#8194);
#8193=EDGE_CURVE('',#8189,#8195,#8192,.T.);
#8197=DIRECTION('',(-0.065457,-0.997855,0.000000));
#8196=VECTOR('',#8197,0.457830);
#8198=LINE('',#8194,#8196);
#8200=CARTESIAN_POINT('',(709.9700,-301.9568,-558.0000));
#8201=VERTEX_POINT('',#8200);
#8199=EDGE_CURVE('',#8195,#8201,#8198,.T.);
#8203=DIRECTION('',(-0.195052,-0.980793,0.000000));
#8202=VECTOR('',#8203,0.457798);
#8204=LINE('',#8200,#8202);
#8206=CARTESIAN_POINT('',(709.8807,-302.4059,-558.0000));
#8207=VERTEX_POINT('',#8206);
#8205=EDGE_CURVE('',#8201,#8207,#8204,.T.);
#8209=DIRECTION('',(-0.321422,-0.946936,0.000000));
#8208=VECTOR('',#8209,0.457827);
#8210=LINE('',#8206,#8208);
#8212=CARTESIAN_POINT('',(709.7336,-302.8394,-558.0000));
#8213=VERTEX_POINT('',#8212);
#8211=EDGE_CURVE('',#8207,#8213,#8210,.T.);
#8215=DIRECTION('',(-0.442328,-0.896853,0.000000));
#8214=VECTOR('',#8215,0.457838);
#8216=LINE('',#8212,#8214);
#8218=CARTESIAN_POINT('',(709.5311,-303.2500,-558.0000));
#8219=VERTEX_POINT('',#8218);
#8217=EDGE_CURVE('',#8213,#8219,#8216,.T.);
#8221=DIRECTION('',(-0.555531,-0.831496,0.000000));
#8220=VECTOR('',#8221,0.457821);
#8222=LINE('',#8218,#8220);
#8224=CARTESIAN_POINT('',(709.2767,-303.6307,-558.0000));
#8225=VERTEX_POINT('',#8224);
#8223=EDGE_CURVE('',#8219,#8225,#8222,.T.);
#8227=DIRECTION('',(-0.659368,-0.751821,0.000000));
#8226=VECTOR('',#8227,0.457832);
#8228=LINE('',#8224,#8226);
#8230=CARTESIAN_POINT('',(708.9749,-303.9749,-558.0000));
#8231=VERTEX_POINT('',#8230);
#8229=EDGE_CURVE('',#8225,#8231,#8228,.T.);
#8233=DIRECTION('',(-0.751825,-0.659363,0.000000));
#8232=VECTOR('',#8233,0.457789);
#8234=LINE('',#8230,#8232);
#8236=CARTESIAN_POINT('',(708.6307,-304.2767,-558.0000));
#8237=VERTEX_POINT('',#8236);
#8235=EDGE_CURVE('',#8231,#8237,#8234,.T.);
#8239=DIRECTION('',(-0.831465,-0.555577,0.000000));
#8238=VECTOR('',#8239,0.457838);
#8240=LINE('',#8236,#8238);
#8242=CARTESIAN_POINT('',(708.2500,-304.5311,-558.0000));
#8243=VERTEX_POINT('',#8242);
#8241=EDGE_CURVE('',#8237,#8243,#8240,.T.);
#8245=DIRECTION('',(-0.896867,-0.442301,0.000000));
#8244=VECTOR('',#8245,0.457798);
#8246=LINE('',#8242,#8244);
#8248=CARTESIAN_POINT('',(707.8394,-304.7336,-558.0000));
#8249=VERTEX_POINT('',#8248);
#8247=EDGE_CURVE('',#8243,#8249,#8246,.T.);
#8251=DIRECTION('',(-0.946936,-0.321422,0.000000));
#8250=VECTOR('',#8251,0.457827);
#8252=LINE('',#8248,#8250);
#8254=CARTESIAN_POINT('',(707.4059,-304.8807,-558.0000));
#8255=VERTEX_POINT('',#8254);
#8253=EDGE_CURVE('',#8249,#8255,#8252,.T.);
#8257=DIRECTION('',(-0.980783,-0.195103,0.000000));
#8256=VECTOR('',#8257,0.457834);
#8258=LINE('',#8254,#8256);
#8260=CARTESIAN_POINT('',(706.9568,-304.9701,-558.0000));
#8261=VERTEX_POINT('',#8260);
#8259=EDGE_CURVE('',#8255,#8261,#8258,.T.);
#8263=DIRECTION('',(-0.997860,-0.065391,0.000000));
#8262=VECTOR('',#8263,0.457828);
#8264=LINE('',#8260,#8262);
#8266=CARTESIAN_POINT('',(706.5000,-305.0000,-558.0000));
#8267=VERTEX_POINT('',#8266);
#8265=EDGE_CURVE('',#8261,#8267,#8264,.T.);
#8269=DIRECTION('',(-0.997860,0.065391,0.000000));
#8268=VECTOR('',#8269,0.457828);
#8270=LINE('',#8266,#8268);
#8272=CARTESIAN_POINT('',(706.0432,-304.9701,-558.0000));
#8273=VERTEX_POINT('',#8272);
#8271=EDGE_CURVE('',#8267,#8273,#8270,.T.);
#8275=DIRECTION('',(-0.980783,0.195103,0.000000));
#8274=VECTOR('',#8275,0.457834);
#8276=LINE('',#8272,#8274);
#8278=CARTESIAN_POINT('',(705.5941,-304.8807,-558.0000));
#8279=VERTEX_POINT('',#8278);
#8277=EDGE_CURVE('',#8273,#8279,#8276,.T.);
#8281=DIRECTION('',(-0.946936,0.321422,0.000000));
#8280=VECTOR('',#8281,0.457827);
#8282=LINE('',#8278,#8280);
#8284=CARTESIAN_POINT('',(705.1606,-304.7336,-558.0000));
#8285=VERTEX_POINT('',#8284);
#8283=EDGE_CURVE('',#8279,#8285,#8282,.T.);
#8287=DIRECTION('',(-0.896867,0.442301,0.000000));
#8286=VECTOR('',#8287,0.457798);
#8288=LINE('',#8284,#8286);
#8290=CARTESIAN_POINT('',(704.7500,-304.5311,-558.0000));
#8291=VERTEX_POINT('',#8290);
#8289=EDGE_CURVE('',#8285,#8291,#8288,.T.);
#8293=DIRECTION('',(-0.831465,0.555577,0.000000));
#8292=VECTOR('',#8293,0.457838);
#8294=LINE('',#8290,#8292);
#8296=CARTESIAN_POINT('',(704.3693,-304.2767,-558.0000));
#8297=VERTEX_POINT('',#8296);
#8295=EDGE_CURVE('',#8291,#8297,#8294,.T.);
#8299=DIRECTION('',(-0.751825,0.659363,0.000000));
#8298=VECTOR('',#8299,0.457789);
#8300=LINE('',#8296,#8298);
#8302=CARTESIAN_POINT('',(704.0251,-303.9749,-558.0000));
#8303=VERTEX_POINT('',#8302);
#8301=EDGE_CURVE('',#8297,#8303,#8300,.T.);
#8305=DIRECTION('',(-0.659368,0.751821,0.000000));
#8304=VECTOR('',#8305,0.457832);
#8306=LINE('',#8302,#8304);
#8308=CARTESIAN_POINT('',(703.7233,-303.6307,-558.0000));
#8309=VERTEX_POINT('',#8308);
#8307=EDGE_CURVE('',#8303,#8309,#8306,.T.);
#8311=DIRECTION('',(-0.555531,0.831496,0.000000));
#8310=VECTOR('',#8311,0.457821);
#8312=LINE('',#8308,#8310);
#8314=CARTESIAN_POINT('',(703.4689,-303.2500,-558.0000));
#8315=VERTEX_POINT('',#8314);
#8313=EDGE_CURVE('',#8309,#8315,#8312,.T.);
#8317=DIRECTION('',(-0.442328,0.896853,0.000000));
#8316=VECTOR('',#8317,0.457838);
#8318=LINE('',#8314,#8316);
#8320=CARTESIAN_POINT('',(703.2664,-302.8394,-558.0000));
#8321=VERTEX_POINT('',#8320);
#8319=EDGE_CURVE('',#8315,#8321,#8318,.T.);
#8323=DIRECTION('',(-0.321422,0.946936,0.000000));
#8322=VECTOR('',#8323,0.457827);
#8324=LINE('',#8320,#8322);
#8326=CARTESIAN_POINT('',(703.1193,-302.4059,-558.0000));
#8327=VERTEX_POINT('',#8326);
#8325=EDGE_CURVE('',#8321,#8327,#8324,.T.);
#8329=DIRECTION('',(-0.195052,0.980793,0.000000));
#8328=VECTOR('',#8329,0.457798);
#8330=LINE('',#8326,#8328);
#8332=CARTESIAN_POINT('',(703.0300,-301.9568,-558.0000));
#8333=VERTEX_POINT('',#8332);
#8331=EDGE_CURVE('',#8327,#8333,#8330,.T.);
#8335=DIRECTION('',(-0.065457,0.997855,0.000000));
#8334=VECTOR('',#8335,0.457830);
#8336=LINE('',#8332,#8334);
#8338=CARTESIAN_POINT('',(703.0000,-301.5000,-558.0000));
#8339=VERTEX_POINT('',#8338);
#8337=EDGE_CURVE('',#8333,#8339,#8336,.T.);
#8341=DIRECTION('',(0.065457,0.997855,0.000000));
#8340=VECTOR('',#8341,0.457830);
#8342=LINE('',#8338,#8340);
#8344=CARTESIAN_POINT('',(703.0300,-301.0432,-558.0000));
#8345=VERTEX_POINT('',#8344);
#8343=EDGE_CURVE('',#8339,#8345,#8342,.T.);
#8347=DIRECTION('',(0.195052,0.980793,0.000000));
#8346=VECTOR('',#8347,0.457798);
#8348=LINE('',#8344,#8346);
#8350=CARTESIAN_POINT('',(703.1193,-300.5941,-558.0000));
#8351=VERTEX_POINT('',#8350);
#8349=EDGE_CURVE('',#8345,#8351,#8348,.T.);
#8353=DIRECTION('',(0.321422,0.946936,0.000000));
#8352=VECTOR('',#8353,0.457827);
#8354=LINE('',#8350,#8352);
#8356=CARTESIAN_POINT('',(703.2664,-300.1606,-558.0000));
#8357=VERTEX_POINT('',#8356);
#8355=EDGE_CURVE('',#8351,#8357,#8354,.T.);
#8359=DIRECTION('',(0.442328,0.896853,0.000000));
#8358=VECTOR('',#8359,0.457838);
#8360=LINE('',#8356,#8358);
#8362=CARTESIAN_POINT('',(703.4689,-299.7500,-558.0000));
#8363=VERTEX_POINT('',#8362);
#8361=EDGE_CURVE('',#8357,#8363,#8360,.T.);
#8365=DIRECTION('',(0.555531,0.831496,0.000000));
#8364=VECTOR('',#8365,0.457821);
#8366=LINE('',#8362,#8364);
#8368=CARTESIAN_POINT('',(703.7233,-299.3693,-558.0000));
#8369=VERTEX_POINT('',#8368);
#8367=EDGE_CURVE('',#8363,#8369,#8366,.T.);
#8371=DIRECTION('',(0.659368,0.751821,0.000000));
#8370=VECTOR('',#8371,0.457832);
#8372=LINE('',#8368,#8370);
#8374=CARTESIAN_POINT('',(704.0251,-299.0251,-558.0000));
#8375=VERTEX_POINT('',#8374);
#8373=EDGE_CURVE('',#8369,#8375,#8372,.T.);
#8377=DIRECTION('',(0.751825,0.659363,0.000000));
#8376=VECTOR('',#8377,0.457789);
#8378=LINE('',#8374,#8376);
#8380=CARTESIAN_POINT('',(704.3693,-298.7233,-558.0000));
#8381=VERTEX_POINT('',#8380);
#8379=EDGE_CURVE('',#8375,#8381,#8378,.T.);
#8383=DIRECTION('',(0.831465,0.555577,0.000000));
#8382=VECTOR('',#8383,0.457838);
#8384=LINE('',#8380,#8382);
#8386=CARTESIAN_POINT('',(704.7500,-298.4689,-558.0000));
#8387=VERTEX_POINT('',#8386);
#8385=EDGE_CURVE('',#8381,#8387,#8384,.T.);
#8389=DIRECTION('',(0.896867,0.442301,0.000000));
#8388=VECTOR('',#8389,0.457798);
#8390=LINE('',#8386,#8388);
#8392=CARTESIAN_POINT('',(705.1606,-298.2664,-558.0000));
#8393=VERTEX_POINT('',#8392);
#8391=EDGE_CURVE('',#8387,#8393,#8390,.T.);
#8395=DIRECTION('',(0.946936,0.321422,0.000000));
#8394=VECTOR('',#8395,0.457827);
#8396=LINE('',#8392,#8394);
#8398=CARTESIAN_POINT('',(705.5941,-298.1193,-558.0000));
#8399=VERTEX_POINT('',#8398);
#8397=EDGE_CURVE('',#8393,#8399,#8396,.T.);
#8401=DIRECTION('',(0.980783,0.195103,0.000000));
#8400=VECTOR('',#8401,0.457834);
#8402=LINE('',#8398,#8400);
#8404=CARTESIAN_POINT('',(706.0432,-298.0299,-558.0000));
#8405=VERTEX_POINT('',#8404);
#8403=EDGE_CURVE('',#8399,#8405,#8402,.T.);
#8407=DIRECTION('',(0.997860,0.065391,0.000000));
#8406=VECTOR('',#8407,0.457828);
#8408=LINE('',#8404,#8406);
#8410=CARTESIAN_POINT('',(706.5000,-298.0000,-558.0000));
#8411=VERTEX_POINT('',#8410);
#8409=EDGE_CURVE('',#8405,#8411,#8408,.T.);
#8413=DIRECTION('',(0.997860,-0.065391,0.000000));
#8412=VECTOR('',#8413,0.457828);
#8414=LINE('',#8410,#8412);
#8416=CARTESIAN_POINT('',(706.9568,-298.0299,-558.0000));
#8417=VERTEX_POINT('',#8416);
#8415=EDGE_CURVE('',#8411,#8417,#8414,.T.);
#8419=DIRECTION('',(0.980783,-0.195103,0.000000));
#8418=VECTOR('',#8419,0.457834);
#8420=LINE('',#8416,#8418);
#8422=CARTESIAN_POINT('',(707.4059,-298.1193,-558.0000));
#8423=VERTEX_POINT('',#8422);
#8421=EDGE_CURVE('',#8417,#8423,#8420,.T.);
#8425=DIRECTION('',(0.946922,-0.321463,0.000000));
#8424=VECTOR('',#8425,0.457769);
#8426=LINE('',#8422,#8424);
#8428=CARTESIAN_POINT('',(707.8394,-298.2664,-558.0000));
#8429=VERTEX_POINT('',#8428);
#8427=EDGE_CURVE('',#8423,#8429,#8426,.T.);
#8431=DIRECTION('',(0.896893,-0.442248,0.000000));
#8430=VECTOR('',#8431,0.457852);
#8432=LINE('',#8428,#8430);
#8434=CARTESIAN_POINT('',(708.2500,-298.4689,-558.0000));
#8435=VERTEX_POINT('',#8434);
#8433=EDGE_CURVE('',#8429,#8435,#8432,.T.);
#8437=DIRECTION('',(0.831465,-0.555577,0.000000));
#8436=VECTOR('',#8437,0.457838);
#8438=LINE('',#8434,#8436);
#8440=CARTESIAN_POINT('',(708.6307,-298.7233,-558.0000));
#8441=VERTEX_POINT('',#8440);
#8439=EDGE_CURVE('',#8435,#8441,#8438,.T.);
#8443=DIRECTION('',(0.751825,-0.659363,0.000000));
#8442=VECTOR('',#8443,0.457789);
#8444=LINE('',#8440,#8442);
#8446=CARTESIAN_POINT('',(708.9749,-299.0251,-558.0000));
#8447=VERTEX_POINT('',#8446);
#8445=EDGE_CURVE('',#8441,#8447,#8444,.T.);
#8449=DIRECTION('',(0.659368,-0.751821,0.000000));
#8448=VECTOR('',#8449,0.457832);
#8450=LINE('',#8446,#8448);
#8452=CARTESIAN_POINT('',(709.2767,-299.3693,-558.0000));
#8453=VERTEX_POINT('',#8452);
#8451=EDGE_CURVE('',#8447,#8453,#8450,.T.);
#8455=DIRECTION('',(0.555531,-0.831496,0.000000));
#8454=VECTOR('',#8455,0.457821);
#8456=LINE('',#8452,#8454);
#8458=CARTESIAN_POINT('',(709.5311,-299.7500,-558.0000));
#8459=VERTEX_POINT('',#8458);
#8457=EDGE_CURVE('',#8453,#8459,#8456,.T.);
#8461=DIRECTION('',(0.442328,-0.896853,0.000000));
#8460=VECTOR('',#8461,0.457838);
#8462=LINE('',#8458,#8460);
#8464=CARTESIAN_POINT('',(709.7336,-300.1606,-558.0000));
#8465=VERTEX_POINT('',#8464);
#8463=EDGE_CURVE('',#8459,#8465,#8462,.T.);
#8467=DIRECTION('',(-0.321443,0.946929,0.000000));
#8466=VECTOR('',#8467,2.970837);
#8468=LINE('',#8464,#8466);
#8469=EDGE_CURVE('',#8465,#8181,#8468,.T.);
#8470=ORIENTED_EDGE('',*,*,#8180,.T.);
#8471=ORIENTED_EDGE('',*,*,#8187,.T.);
#8472=ORIENTED_EDGE('',*,*,#8193,.T.);
#8473=ORIENTED_EDGE('',*,*,#8199,.T.);
#8474=ORIENTED_EDGE('',*,*,#8205,.T.);
#8475=ORIENTED_EDGE('',*,*,#8211,.T.);
#8476=ORIENTED_EDGE('',*,*,#8217,.T.);
#8477=ORIENTED_EDGE('',*,*,#8223,.T.);
#8478=ORIENTED_EDGE('',*,*,#8229,.T.);
#8479=ORIENTED_EDGE('',*,*,#8235,.T.);
#8480=ORIENTED_EDGE('',*,*,#8241,.T.);
#8481=ORIENTED_EDGE('',*,*,#8247,.T.);
#8482=ORIENTED_EDGE('',*,*,#8253,.T.);
#8483=ORIENTED_EDGE('',*,*,#8259,.T.);
#8484=ORIENTED_EDGE('',*,*,#8265,.T.);
#8485=ORIENTED_EDGE('',*,*,#8271,.T.);
#8486=ORIENTED_EDGE('',*,*,#8277,.T.);
#8487=ORIENTED_EDGE('',*,*,#8283,.T.);
#8488=ORIENTED_EDGE('',*,*,#8289,.T.);
#8489=ORIENTED_EDGE('',*,*,#8295,.T.);
#8490=ORIENTED_EDGE('',*,*,#8301,.T.);
#8491=ORIENTED_EDGE('',*,*,#8307,.T.);
#8492=ORIENTED_EDGE('',*,*,#8313,.T.);
#8493=ORIENTED_EDGE('',*,*,#8319,.T.);
#8494=ORIENTED_EDGE('',*,*,#8325,.T.);
#8495=ORIENTED_EDGE('',*,*,#8331,.T.);
#8496=ORIENTED_EDGE('',*,*,#8337,.T.);
#8497=ORIENTED_EDGE('',*,*,#8343,.T.);
#8498=ORIENTED_EDGE('',*,*,#8349,.T.);
#8499=ORIENTED_EDGE('',*,*,#8355,.T.);
#8500=ORIENTED_EDGE('',*,*,#8361,.T.);
#8501=ORIENTED_EDGE('',*,*,#8367,.T.);
#8502=ORIENTED_EDGE('',*,*,#8373,.T.);
#8503=ORIENTED_EDGE('',*,*,#8379,.T.);
#8504=ORIENTED_EDGE('',*,*,#8385,.T.);
#8505=ORIENTED_EDGE('',*,*,#8391,.T.);
#8506=ORIENTED_EDGE('',*,*,#8397,.T.);
#8507=ORIENTED_EDGE('',*,*,#8403,.T.);
#8508=ORIENTED_EDGE('',*,*,#8409,.T.);
#8509=ORIENTED_EDGE('',*,*,#8415,.T.);
#8510=ORIENTED_EDGE('',*,*,#8421,.T.);
#8511=ORIENTED_EDGE('',*,*,#8427,.T.);
#8512=ORIENTED_EDGE('',*,*,#8433,.T.);
#8513=ORIENTED_EDGE('',*,*,#8439,.T.);
#8514=ORIENTED_EDGE('',*,*,#8445,.T.);
#8515=ORIENTED_EDGE('',*,*,#8451,.T.);
#8516=ORIENTED_EDGE('',*,*,#8457,.T.);
#8517=ORIENTED_EDGE('',*,*,#8463,.T.);
#8518=ORIENTED_EDGE('',*,*,#8469,.T.);
#8519=EDGE_LOOP('',(#8470,#8471,#8472,#8473,#8474,#8475,#8476,#8477,#8478,#8479,#8480,#8481,#8482,#8483,#8484,#8485,#8486,#8487,#8488,#8489,#8490,#8491,#8492,#8493,#8494,#8495,#8496,#8497,#8498,#8499,#8500,#8501,#8502,#8503,#8504,#8505,#8506,#8507,#8508,#8509,#8510,#8511,#8512,#8513,#8514,#8515,#8516,#8517,#8518));
#8520=FACE_BOUND('',#8519,.T.);
#8522=DIRECTION('',(0.442271,-0.896881,0.000000));
#8521=VECTOR('',#8522,2.104698);
#8524=CARTESIAN_POINT('',(739.9689,-303.2500,-558.0000));
#8523=LINE('',#8524,#8521);
#8526=VERTEX_POINT('',#8524);
#8525=EDGE_CURVE('',#8526,#7547,#8523,.T.);
#8528=DIRECTION('',(0.997860,0.065393,0.000000));
#8527=VECTOR('',#8528,0.611355);
#8529=LINE('',#7545,#8527);
#8531=CARTESIAN_POINT('',(741.5098,-305.0977,-558.0000));
#8532=VERTEX_POINT('',#8531);
#8530=EDGE_CURVE('',#7547,#8532,#8529,.T.);
#8534=DIRECTION('',(-0.659353,0.751833,0.000000));
#8533=VECTOR('',#8534,1.951245);
#8535=LINE('',#8531,#8533);
#8537=CARTESIAN_POINT('',(740.2233,-303.6307,-558.0000));
#8538=VERTEX_POINT('',#8537);
#8536=EDGE_CURVE('',#8532,#8538,#8535,.T.);
#8540=DIRECTION('',(-0.555531,0.831496,0.000000));
#8539=VECTOR('',#8540,0.457821);
#8541=LINE('',#8537,#8539);
#8542=EDGE_CURVE('',#8538,#8526,#8541,.T.);
#8543=ORIENTED_EDGE('',*,*,#8525,.T.);
#8544=ORIENTED_EDGE('',*,*,#8530,.T.);
#8545=ORIENTED_EDGE('',*,*,#8536,.T.);
#8546=ORIENTED_EDGE('',*,*,#8542,.T.);
#8547=EDGE_LOOP('',(#8543,#8544,#8545,#8546));
#8548=FACE_BOUND('',#8547,.T.);
#8550=DIRECTION('',(0.751831,-0.659356,0.000000));
#8549=VECTOR('',#8550,1.217730);
#8552=CARTESIAN_POINT('',(740.8693,-304.2767,-558.0000));
#8551=LINE('',#8552,#8549);
#8554=VERTEX_POINT('',#8552);
#8555=CARTESIAN_POINT('',(741.7849,-305.0797,-558.0000));
#8556=VERTEX_POINT('',#8555);
#8553=EDGE_CURVE('',#8554,#8556,#8551,.T.);
#8558=DIRECTION('',(0.997858,0.065413,0.000000));
#8557=VECTOR('',#8558,0.510860);
#8559=LINE('',#8555,#8557);
#8561=CARTESIAN_POINT('',(742.2946,-305.0462,-558.0000));
#8562=VERTEX_POINT('',#8561);
#8560=EDGE_CURVE('',#8556,#8562,#8559,.T.);
#8564=DIRECTION('',(-0.896877,0.442281,0.000000));
#8563=VECTOR('',#8564,1.164727);
#8565=LINE('',#8561,#8563);
#8567=CARTESIAN_POINT('',(741.2500,-304.5311,-558.0000));
#8568=VERTEX_POINT('',#8567);
#8566=EDGE_CURVE('',#8562,#8568,#8565,.T.);
#8570=DIRECTION('',(-0.831465,0.555577,0.000000));
#8569=VECTOR('',#8570,0.457838);
#8571=LINE('',#8567,#8569);
#8572=EDGE_CURVE('',#8568,#8554,#8571,.T.);
#8573=ORIENTED_EDGE('',*,*,#8553,.T.);
#8574=ORIENTED_EDGE('',*,*,#8560,.T.);
#8575=ORIENTED_EDGE('',*,*,#8566,.T.);
#8576=ORIENTED_EDGE('',*,*,#8572,.T.);
#8577=EDGE_LOOP('',(#8573,#8574,#8575,#8576));
#8578=FACE_BOUND('',#8577,.T.);
#8580=DIRECTION('',(0.659349,-0.751837,0.000000));
#8579=VECTOR('',#8580,1.493413);
#8582=CARTESIAN_POINT('',(740.5251,-303.9749,-558.0000));
#8581=LINE('',#8582,#8579);
#8584=VERTEX_POINT('',#8582);
#8583=EDGE_CURVE('',#8584,#8532,#8581,.T.);
#8586=DIRECTION('',(0.997857,0.065439,0.000000));
#8585=VECTOR('',#8586,0.275615);
#8587=LINE('',#8531,#8585);
#8588=EDGE_CURVE('',#8532,#8556,#8587,.T.);
#8590=DIRECTION('',(-0.751829,0.659358,0.000000));
#8589=VECTOR('',#8590,1.675519);
#8591=LINE('',#8555,#8589);
#8592=EDGE_CURVE('',#8556,#8584,#8591,.T.);
#8593=ORIENTED_EDGE('',*,*,#8583,.T.);
#8594=ORIENTED_EDGE('',*,*,#8588,.T.);
#8595=ORIENTED_EDGE('',*,*,#8592,.T.);
#8596=EDGE_LOOP('',(#8593,#8594,#8595));
#8597=FACE_BOUND('',#8596,.T.);
#8599=DIRECTION('',(0.896883,-0.442268,0.000000));
#8598=VECTOR('',#8599,0.706930);
#8601=CARTESIAN_POINT('',(741.6606,-304.7336,-558.0000));
#8600=LINE('',#8601,#8598);
#8603=VERTEX_POINT('',#8601);
#8602=EDGE_CURVE('',#8603,#8562,#8600,.T.);
#8605=DIRECTION('',(0.997859,0.065396,0.000000));
#8604=VECTOR('',#8605,0.475994);
#8606=LINE('',#8561,#8604);
#8608=CARTESIAN_POINT('',(742.7696,-305.0151,-558.0000));
#8609=VERTEX_POINT('',#8608);
#8607=EDGE_CURVE('',#8562,#8609,#8606,.T.);
#8611=DIRECTION('',(-0.980783,0.195102,0.000000));
#8610=VECTOR('',#8611,0.688711);
#8612=LINE('',#8608,#8610);
#8614=CARTESIAN_POINT('',(742.0941,-304.8807,-558.0000));
#8615=VERTEX_POINT('',#8614);
#8613=EDGE_CURVE('',#8609,#8615,#8612,.T.);
#8617=DIRECTION('',(-0.946936,0.321422,0.000000));
#8616=VECTOR('',#8617,0.457827);
#8618=LINE('',#8614,#8616);
#8619=EDGE_CURVE('',#8615,#8603,#8618,.T.);
#8620=ORIENTED_EDGE('',*,*,#8602,.T.);
#8621=ORIENTED_EDGE('',*,*,#8607,.T.);
#8622=ORIENTED_EDGE('',*,*,#8613,.T.);
#8623=ORIENTED_EDGE('',*,*,#8619,.T.);
#8624=EDGE_LOOP('',(#8620,#8621,#8622,#8623));
#8625=FACE_BOUND('',#8624,.T.);
#8627=DIRECTION('',(0.980784,-0.195099,0.000000));
#8626=VECTOR('',#8627,0.230877);
#8629=CARTESIAN_POINT('',(742.5432,-304.9701,-558.0000));
#8628=LINE('',#8629,#8626);
#8631=VERTEX_POINT('',#8629);
#8630=EDGE_CURVE('',#8631,#8609,#8628,.T.);
#8633=DIRECTION('',(0.997858,0.065422,0.000000));
#8632=VECTOR('',#8633,0.230902);
#8634=LINE('',#8608,#8632);
#8636=CARTESIAN_POINT('',(743.0000,-305.0000,-558.0000));
#8637=VERTEX_POINT('',#8636);
#8635=EDGE_CURVE('',#8609,#8637,#8634,.T.);
#8639=DIRECTION('',(-0.997860,0.065391,0.000000));
#8638=VECTOR('',#8639,0.457828);
#8640=LINE('',#8636,#8638);
#8641=EDGE_CURVE('',#8637,#8631,#8640,.T.);
#8642=ORIENTED_EDGE('',*,*,#8630,.T.);
#8643=ORIENTED_EDGE('',*,*,#8635,.T.);
#8644=ORIENTED_EDGE('',*,*,#8641,.T.);
#8645=EDGE_LOOP('',(#8642,#8643,#8644));
#8646=FACE_BOUND('',#8645,.T.);
#8648=DIRECTION('',(-0.997859,-0.065404,0.000000));
#8647=VECTOR('',#8648,15.981484);
#8650=CARTESIAN_POINT('',(732.1265,-305.7127,-558.0000));
#8649=LINE('',#8650,#8647);
#8652=VERTEX_POINT('',#8650);
#8653=CARTESIAN_POINT('',(716.1793,-306.7580,-558.0000));
#8654=VERTEX_POINT('',#8653);
#8651=EDGE_CURVE('',#8652,#8654,#8649,.T.);
#8656=DIRECTION('',(0.997856,0.065442,0.000000));
#8655=VECTOR('',#8656,0.579183);
#8657=LINE('',#8653,#8655);
#8659=CARTESIAN_POINT('',(716.7572,-306.7201,-558.0000));
#8660=VERTEX_POINT('',#8659);
#8658=EDGE_CURVE('',#8654,#8660,#8657,.T.);
#8662=DIRECTION('',(0.997859,0.065404,0.000000));
#8661=VECTOR('',#8662,8.969890);
#8663=LINE('',#8659,#8661);
#8665=CARTESIAN_POINT('',(725.7079,-306.1334,-558.0000));
#8666=VERTEX_POINT('',#8665);
#8664=EDGE_CURVE('',#8660,#8666,#8663,.T.);
#8668=DIRECTION('',(0.997859,0.065401,0.000000));
#8667=VECTOR('',#8668,4.523907);
#8669=LINE('',#8665,#8667);
#8671=CARTESIAN_POINT('',(730.2221,-305.8375,-558.0000));
#8672=VERTEX_POINT('',#8671);
#8670=EDGE_CURVE('',#8666,#8672,#8669,.T.);
#8674=DIRECTION('',(0.997859,0.065400,0.000000));
#8673=VECTOR('',#8674,1.908505);
#8675=LINE('',#8671,#8673);
#8676=EDGE_CURVE('',#8672,#8652,#8675,.T.);
#8677=ORIENTED_EDGE('',*,*,#8651,.T.);
#8678=ORIENTED_EDGE('',*,*,#8658,.T.);
#8679=ORIENTED_EDGE('',*,*,#8664,.T.);
#8680=ORIENTED_EDGE('',*,*,#8670,.T.);
#8681=ORIENTED_EDGE('',*,*,#8676,.T.);
#8682=EDGE_LOOP('',(#8677,#8678,#8679,#8680,#8681));
#8683=FACE_BOUND('',#8682,.T.);
#8685=DIRECTION('',(-0.997859,-0.065403,0.000000));
#8684=VECTOR('',#8685,15.739204);
#8687=CARTESIAN_POINT('',(700.2662,-305.4086,-558.0000));
#8686=LINE('',#8687,#8684);
#8689=VERTEX_POINT('',#8687);
#8690=CARTESIAN_POINT('',(684.5607,-306.4380,-558.0000));
#8691=VERTEX_POINT('',#8690);
#8688=EDGE_CURVE('',#8689,#8691,#8686,.T.);
#8693=DIRECTION('',(0.997859,0.065398,0.000000));
#8692=VECTOR('',#8693,4.657125);
#8694=LINE('',#8690,#8692);
#8696=CARTESIAN_POINT('',(689.2078,-306.1334,-558.0000));
#8697=VERTEX_POINT('',#8696);
#8695=EDGE_CURVE('',#8691,#8697,#8694,.T.);
#8699=DIRECTION('',(0.997859,0.065407,0.000000));
#8698=VECTOR('',#8699,4.523969);
#8700=LINE('',#8696,#8698);
#8702=CARTESIAN_POINT('',(693.7221,-305.8375,-558.0000));
#8703=VERTEX_POINT('',#8702);
#8701=EDGE_CURVE('',#8697,#8703,#8700,.T.);
#8705=DIRECTION('',(0.997859,0.065401,0.000000));
#8704=VECTOR('',#8705,2.745624);
#8706=LINE('',#8702,#8704);
#8708=CARTESIAN_POINT('',(696.4619,-305.6580,-558.0000));
#8709=VERTEX_POINT('',#8708);
#8707=EDGE_CURVE('',#8703,#8709,#8706,.T.);
#8711=DIRECTION('',(0.997859,0.065409,0.000000));
#8710=VECTOR('',#8711,1.856943);
#8712=LINE('',#8708,#8710);
#8714=CARTESIAN_POINT('',(698.3148,-305.5365,-558.0000));
#8715=VERTEX_POINT('',#8714);
#8713=EDGE_CURVE('',#8709,#8715,#8712,.T.);
#8717=DIRECTION('',(0.997859,0.065396,0.000000));
#8716=VECTOR('',#8717,1.349569);
#8718=LINE('',#8714,#8716);
#8720=CARTESIAN_POINT('',(699.6615,-305.4482,-558.0000));
#8721=VERTEX_POINT('',#8720);
#8719=EDGE_CURVE('',#8715,#8721,#8718,.T.);
#8723=DIRECTION('',(0.997858,0.065419,0.000000));
#8722=VECTOR('',#8723,0.605973);
#8724=LINE('',#8720,#8722);
#8725=EDGE_CURVE('',#8721,#8689,#8724,.T.);
#8726=ORIENTED_EDGE('',*,*,#8688,.T.);
#8727=ORIENTED_EDGE('',*,*,#8695,.T.);
#8728=ORIENTED_EDGE('',*,*,#8701,.T.);
#8729=ORIENTED_EDGE('',*,*,#8707,.T.);
#8730=ORIENTED_EDGE('',*,*,#8713,.T.);
#8731=ORIENTED_EDGE('',*,*,#8719,.T.);
#8732=ORIENTED_EDGE('',*,*,#8725,.T.);
#8733=EDGE_LOOP('',(#8726,#8727,#8728,#8729,#8730,#8731,#8732));
#8734=FACE_BOUND('',#8733,.T.);
#8736=DIRECTION('',(-0.997859,-0.065407,0.000000));
#8735=VECTOR('',#8736,8.197302);
#8738=CARTESIAN_POINT('',(625.1803,-307.9377,-558.0000));
#8737=LINE('',#8738,#8735);
#8740=VERTEX_POINT('',#8738);
#8741=CARTESIAN_POINT('',(617.0005,-308.4738,-558.0000));
#8742=VERTEX_POINT('',#8741);
#8739=EDGE_CURVE('',#8740,#8742,#8737,.T.);
#8744=DIRECTION('',(0.997829,0.065852,0.000000));
#8743=VECTOR('',#8744,0.054684);
#8745=LINE('',#8741,#8743);
#8747=CARTESIAN_POINT('',(617.0551,-308.4702,-558.0000));
#8748=VERTEX_POINT('',#8747);
#8746=EDGE_CURVE('',#8742,#8748,#8745,.T.);
#8750=DIRECTION('',(0.997859,0.065404,0.000000));
#8749=VECTOR('',#8750,8.142618);
#8751=LINE('',#8747,#8749);
#8752=EDGE_CURVE('',#8748,#8740,#8751,.T.);
#8753=ORIENTED_EDGE('',*,*,#8739,.T.);
#8754=ORIENTED_EDGE('',*,*,#8746,.T.);
#8755=ORIENTED_EDGE('',*,*,#8752,.T.);
#8756=EDGE_LOOP('',(#8753,#8754,#8755));
#8757=FACE_BOUND('',#8756,.T.);
#8759=DIRECTION('',(-0.997859,-0.065402,0.000000));
#8758=VECTOR('',#8759,12.305093);
#8761=CARTESIAN_POINT('',(652.3354,-306.1578,-558.0000));
#8760=LINE('',#8761,#8758);
#8763=VERTEX_POINT('',#8761);
#8764=CARTESIAN_POINT('',(640.0566,-306.9626,-558.0000));
#8765=VERTEX_POINT('',#8764);
#8762=EDGE_CURVE('',#8763,#8765,#8760,.T.);
#8767=DIRECTION('',(0.997859,0.065405,0.000000));
#8766=VECTOR('',#8767,3.708502);
#8768=LINE('',#8764,#8766);
#8770=CARTESIAN_POINT('',(643.7572,-306.7201,-558.0000));
#8771=VERTEX_POINT('',#8770);
#8769=EDGE_CURVE('',#8765,#8771,#8768,.T.);
#8773=DIRECTION('',(0.997859,0.065401,0.000000));
#8772=VECTOR('',#8773,8.596591);
#8774=LINE('',#8770,#8772);
#8775=EDGE_CURVE('',#8771,#8763,#8774,.T.);
#8776=ORIENTED_EDGE('',*,*,#8762,.T.);
#8777=ORIENTED_EDGE('',*,*,#8769,.T.);
#8778=ORIENTED_EDGE('',*,*,#8775,.T.);
#8779=EDGE_LOOP('',(#8776,#8777,#8778));
#8780=FACE_BOUND('',#8779,.T.);
#8782=DIRECTION('',(-0.997859,-0.065405,0.000000));
#8781=VECTOR('',#8782,15.739206);
#8784=CARTESIAN_POINT('',(700.2662,-307.8010,-558.0000));
#8783=LINE('',#8784,#8781);
#8786=VERTEX_POINT('',#8784);
#8787=CARTESIAN_POINT('',(684.5607,-308.8304,-558.0000));
#8788=VERTEX_POINT('',#8787);
#8785=EDGE_CURVE('',#8786,#8788,#8783,.T.);
#8790=DIRECTION('',(0.997859,0.065405,0.000000));
#8789=VECTOR('',#8790,5.506236);
#8791=LINE('',#8787,#8789);
#8793=CARTESIAN_POINT('',(690.0551,-308.4702,-558.0000));
#8794=VERTEX_POINT('',#8793);
#8792=EDGE_CURVE('',#8788,#8794,#8791,.T.);
#8796=DIRECTION('',(0.997859,0.065404,0.000000));
#8795=VECTOR('',#8796,10.232970);
#8797=LINE('',#8793,#8795);
#8798=EDGE_CURVE('',#8794,#8786,#8797,.T.);
#8799=ORIENTED_EDGE('',*,*,#8785,.T.);
#8800=ORIENTED_EDGE('',*,*,#8792,.T.);
#8801=ORIENTED_EDGE('',*,*,#8798,.T.);
#8802=EDGE_LOOP('',(#8799,#8800,#8801));
#8803=FACE_BOUND('',#8802,.T.);
#8805=DIRECTION('',(-0.997858,-0.065412,0.000000));
#8804=VECTOR('',#8805,2.257153);
#8807=CARTESIAN_POINT('',(654.5877,-306.0102,-558.0000));
#8806=LINE('',#8807,#8804);
#8809=VERTEX_POINT('',#8807);
#8808=EDGE_CURVE('',#8809,#8763,#8806,.T.);
#8811=DIRECTION('',(0.997854,0.065483,0.000000));
#8810=VECTOR('',#8811,0.373299);
#8812=LINE('',#8761,#8810);
#8814=CARTESIAN_POINT('',(652.7079,-306.1334,-558.0000));
#8815=VERTEX_POINT('',#8814);
#8813=EDGE_CURVE('',#8763,#8815,#8812,.T.);
#8817=DIRECTION('',(0.997859,0.065398,0.000000));
#8816=VECTOR('',#8817,1.883855);
#8818=LINE('',#8814,#8816);
#8819=EDGE_CURVE('',#8815,#8809,#8818,.T.);
#8820=ORIENTED_EDGE('',*,*,#8808,.T.);
#8821=ORIENTED_EDGE('',*,*,#8813,.T.);
#8822=ORIENTED_EDGE('',*,*,#8819,.T.);
#8823=EDGE_LOOP('',(#8820,#8821,#8822));
#8824=FACE_BOUND('',#8823,.T.);
#8826=DIRECTION('',(-0.997859,-0.065406,0.000000));
#8825=VECTOR('',#8826,6.214907);
#8828=CARTESIAN_POINT('',(706.4678,-305.0021,-558.0000));
#8827=LINE('',#8828,#8825);
#8830=VERTEX_POINT('',#8828);
#8829=EDGE_CURVE('',#8830,#8689,#8827,.T.);
#8832=DIRECTION('',(0.997859,0.065404,0.000000));
#8831=VECTOR('',#8832,0.426940);
#8833=LINE('',#8687,#8831);
#8835=CARTESIAN_POINT('',(700.6922,-305.3807,-558.0000));
#8836=VERTEX_POINT('',#8835);
#8834=EDGE_CURVE('',#8689,#8836,#8833,.T.);
#8838=DIRECTION('',(0.997859,0.065396,0.000000));
#8837=VECTOR('',#8838,0.822256);
#8839=LINE('',#8835,#8837);
#8841=CARTESIAN_POINT('',(701.5127,-305.3269,-558.0000));
#8842=VERTEX_POINT('',#8841);
#8840=EDGE_CURVE('',#8836,#8842,#8839,.T.);
#8844=DIRECTION('',(0.997857,0.065427,0.000000));
#8843=VECTOR('',#8844,0.675397);
#8845=LINE('',#8841,#8843);
#8847=CARTESIAN_POINT('',(702.1866,-305.2827,-558.0000));
#8848=VERTEX_POINT('',#8847);
#8846=EDGE_CURVE('',#8842,#8848,#8845,.T.);
#8850=DIRECTION('',(0.997858,0.065423,0.000000));
#8849=VECTOR('',#8850,0.569090);
#8851=LINE('',#8847,#8849);
#8853=CARTESIAN_POINT('',(702.7545,-305.2455,-558.0000));
#8854=VERTEX_POINT('',#8853);
#8852=EDGE_CURVE('',#8848,#8854,#8851,.T.);
#8856=DIRECTION('',(0.997859,0.065403,0.000000));
#8855=VECTOR('',#8856,0.489941);
#8857=LINE('',#8853,#8855);
#8859=CARTESIAN_POINT('',(703.2434,-305.2134,-558.0000));
#8860=VERTEX_POINT('',#8859);
#8858=EDGE_CURVE('',#8854,#8860,#8857,.T.);
#8862=DIRECTION('',(0.997862,0.065350,0.000000));
#8861=VECTOR('',#8862,0.429629);
#8863=LINE('',#8859,#8861);
#8865=CARTESIAN_POINT('',(703.6721,-305.1854,-558.0000));
#8866=VERTEX_POINT('',#8865);
#8864=EDGE_CURVE('',#8860,#8866,#8863,.T.);
#8868=DIRECTION('',(0.997858,0.065424,0.000000));
#8867=VECTOR('',#8868,0.382962);
#8869=LINE('',#8865,#8867);
#8871=CARTESIAN_POINT('',(704.0543,-305.1603,-558.0000));
#8872=VERTEX_POINT('',#8871);
#8870=EDGE_CURVE('',#8866,#8872,#8869,.T.);
#8874=DIRECTION('',(0.997859,0.065396,0.000000));
#8873=VECTOR('',#8874,0.346261);
#8875=LINE('',#8871,#8873);
#8877=CARTESIAN_POINT('',(704.3998,-305.1377,-558.0000));
#8878=VERTEX_POINT('',#8877);
#8876=EDGE_CURVE('',#8872,#8878,#8875,.T.);
#8880=DIRECTION('',(0.997859,0.065408,0.000000));
#8879=VECTOR('',#8880,0.317269);
#8881=LINE('',#8877,#8879);
#8883=CARTESIAN_POINT('',(704.7164,-305.1169,-558.0000));
#8884=VERTEX_POINT('',#8883);
#8882=EDGE_CURVE('',#8878,#8884,#8881,.T.);
#8886=DIRECTION('',(0.997861,0.065376,0.000000));
#8885=VECTOR('',#8886,0.294086);
#8887=LINE('',#8883,#8885);
#8889=CARTESIAN_POINT('',(705.0098,-305.0977,-558.0000));
#8890=VERTEX_POINT('',#8889);
#8888=EDGE_CURVE('',#8884,#8890,#8887,.T.);
#8892=DIRECTION('',(0.997857,0.065439,0.000000));
#8891=VECTOR('',#8892,0.275615);
#8893=LINE('',#8889,#8891);
#8895=CARTESIAN_POINT('',(705.2849,-305.0797,-558.0000));
#8896=VERTEX_POINT('',#8895);
#8894=EDGE_CURVE('',#8890,#8896,#8893,.T.);
#8898=DIRECTION('',(0.997856,0.065449,0.000000));
#8897=VECTOR('',#8898,0.261119);
#8899=LINE('',#8895,#8897);
#8901=CARTESIAN_POINT('',(705.5454,-305.0626,-558.0000));
#8902=VERTEX_POINT('',#8901);
#8900=EDGE_CURVE('',#8896,#8902,#8899,.T.);
#8904=DIRECTION('',(0.997861,0.065375,0.000000));
#8903=VECTOR('',#8904,0.249741);
#8905=LINE('',#8901,#8903);
#8907=CARTESIAN_POINT('',(705.7946,-305.0462,-558.0000));
#8908=VERTEX_POINT('',#8907);
#8906=EDGE_CURVE('',#8902,#8908,#8905,.T.);
#8910=DIRECTION('',(0.997857,0.065435,0.000000));
#8909=VECTOR('',#8910,0.241117);
#8911=LINE('',#8907,#8909);
#8913=CARTESIAN_POINT('',(706.0352,-305.0305,-558.0000));
#8914=VERTEX_POINT('',#8913);
#8912=EDGE_CURVE('',#8908,#8914,#8911,.T.);
#8916=DIRECTION('',(0.997862,0.065355,0.000000));
#8915=VECTOR('',#8916,0.234877);
#8917=LINE('',#8913,#8915);
#8919=CARTESIAN_POINT('',(706.2696,-305.0151,-558.0000));
#8920=VERTEX_POINT('',#8919);
#8918=EDGE_CURVE('',#8914,#8920,#8917,.T.);
#8922=DIRECTION('',(0.997855,0.065458,0.000000));
#8921=VECTOR('',#8922,0.198607);
#8923=LINE('',#8919,#8921);
#8924=EDGE_CURVE('',#8920,#8830,#8923,.T.);
#8925=ORIENTED_EDGE('',*,*,#8829,.T.);
#8926=ORIENTED_EDGE('',*,*,#8834,.T.);
#8927=ORIENTED_EDGE('',*,*,#8840,.T.);
#8928=ORIENTED_EDGE('',*,*,#8846,.T.);
#8929=ORIENTED_EDGE('',*,*,#8852,.T.);
#8930=ORIENTED_EDGE('',*,*,#8858,.T.);
#8931=ORIENTED_EDGE('',*,*,#8864,.T.);
#8932=ORIENTED_EDGE('',*,*,#8870,.T.);
#8933=ORIENTED_EDGE('',*,*,#8876,.T.);
#8934=ORIENTED_EDGE('',*,*,#8882,.T.);
#8935=ORIENTED_EDGE('',*,*,#8888,.T.);
#8936=ORIENTED_EDGE('',*,*,#8894,.T.);
#8937=ORIENTED_EDGE('',*,*,#8900,.T.);
#8938=ORIENTED_EDGE('',*,*,#8906,.T.);
#8939=ORIENTED_EDGE('',*,*,#8912,.T.);
#8940=ORIENTED_EDGE('',*,*,#8918,.T.);
#8941=ORIENTED_EDGE('',*,*,#8924,.T.);
#8942=EDGE_LOOP('',(#8925,#8926,#8927,#8928,#8929,#8930,#8931,#8932,#8933,#8934,#8935,#8936,#8937,#8938,#8939,#8940,#8941));
#8943=FACE_BOUND('',#8942,.T.);
#8945=DIRECTION('',(-0.997859,-0.065407,0.000000));
#8944=VECTOR('',#8945,1.298496);
#8947=CARTESIAN_POINT('',(669.9433,-305.0037,-558.0000));
#8946=LINE('',#8947,#8944);
#8949=VERTEX_POINT('',#8947);
#8950=CARTESIAN_POINT('',(668.6476,-305.0887,-558.0000));
#8951=VERTEX_POINT('',#8950);
#8948=EDGE_CURVE('',#8949,#8951,#8946,.T.);
#8953=DIRECTION('',(0.997856,0.065444,0.000000));
#8952=VECTOR('',#8953,0.137563);
#8954=LINE('',#8950,#8952);
#8956=CARTESIAN_POINT('',(668.7849,-305.0797,-558.0000));
#8957=VERTEX_POINT('',#8956);
#8955=EDGE_CURVE('',#8951,#8957,#8954,.T.);
#8959=DIRECTION('',(0.997856,0.065449,0.000000));
#8958=VECTOR('',#8959,0.261119);
#8960=LINE('',#8956,#8958);
#8962=CARTESIAN_POINT('',(669.0454,-305.0626,-558.0000));
#8963=VERTEX_POINT('',#8962);
#8961=EDGE_CURVE('',#8957,#8963,#8960,.T.);
#8965=DIRECTION('',(0.997861,0.065375,0.000000));
#8964=VECTOR('',#8965,0.249741);
#8966=LINE('',#8962,#8964);
#8968=CARTESIAN_POINT('',(669.2946,-305.0462,-558.0000));
#8969=VERTEX_POINT('',#8968);
#8967=EDGE_CURVE('',#8963,#8969,#8966,.T.);
#8971=DIRECTION('',(0.997857,0.065435,0.000000));
#8970=VECTOR('',#8971,0.241117);
#8972=LINE('',#8968,#8970);
#8974=CARTESIAN_POINT('',(669.5352,-305.0305,-558.0000));
#8975=VERTEX_POINT('',#8974);
#8973=EDGE_CURVE('',#8969,#8975,#8972,.T.);
#8977=DIRECTION('',(0.997862,0.065355,0.000000));
#8976=VECTOR('',#8977,0.234877);
#8978=LINE('',#8974,#8976);
#8980=CARTESIAN_POINT('',(669.7696,-305.0151,-558.0000));
#8981=VERTEX_POINT('',#8980);
#8979=EDGE_CURVE('',#8975,#8981,#8978,.T.);
#8983=DIRECTION('',(0.997860,0.065390,0.000000));
#8982=VECTOR('',#8983,0.174079);
#8984=LINE('',#8980,#8982);
#8985=EDGE_CURVE('',#8981,#8949,#8984,.T.);
#8986=ORIENTED_EDGE('',*,*,#8948,.T.);
#8987=ORIENTED_EDGE('',*,*,#8955,.T.);
#8988=ORIENTED_EDGE('',*,*,#8961,.T.);
#8989=ORIENTED_EDGE('',*,*,#8967,.T.);
#8990=ORIENTED_EDGE('',*,*,#8973,.T.);
#8991=ORIENTED_EDGE('',*,*,#8979,.T.);
#8992=ORIENTED_EDGE('',*,*,#8985,.T.);
#8993=EDGE_LOOP('',(#8986,#8987,#8988,#8989,#8990,#8991,#8992));
#8994=FACE_BOUND('',#8993,.T.);
#8996=DIRECTION('',(-0.997859,-0.065407,0.000000));
#8995=VECTOR('',#8996,5.236922);
#8998=CARTESIAN_POINT('',(680.4123,-306.7099,-558.0000));
#8997=LINE('',#8998,#8995);
#9000=VERTEX_POINT('',#8998);
#9001=CARTESIAN_POINT('',(675.1866,-307.0524,-558.0000));
#9002=VERTEX_POINT('',#9001);
#8999=EDGE_CURVE('',#9000,#9002,#8997,.T.);
#9004=DIRECTION('',(0.997859,0.065407,0.000000));
#9003=VECTOR('',#9004,5.081499);
#9005=LINE('',#9001,#9003);
#9007=CARTESIAN_POINT('',(680.2572,-306.7201,-558.0000));
#9008=VERTEX_POINT('',#9007);
#9006=EDGE_CURVE('',#9002,#9008,#9005,.T.);
#9010=DIRECTION('',(0.997860,0.065385,0.000000));
#9009=VECTOR('',#9010,0.155423);
#9011=LINE('',#9007,#9009);
#9012=EDGE_CURVE('',#9008,#9000,#9011,.T.);
#9013=ORIENTED_EDGE('',*,*,#8999,.T.);
#9014=ORIENTED_EDGE('',*,*,#9006,.T.);
#9015=ORIENTED_EDGE('',*,*,#9012,.T.);
#9016=EDGE_LOOP('',(#9013,#9014,#9015));
#9017=FACE_BOUND('',#9016,.T.);
#9019=DIRECTION('',(-0.997858,-0.065413,0.000000));
#9018=VECTOR('',#9019,1.577353);
#9021=CARTESIAN_POINT('',(733.7005,-305.6095,-558.0000));
#9020=LINE('',#9021,#9018);
#9023=VERTEX_POINT('',#9021);
#9022=EDGE_CURVE('',#9023,#8652,#9020,.T.);
#9025=DIRECTION('',(0.997859,0.065401,0.000000));
#9024=VECTOR('',#9025,0.837119);
#9026=LINE('',#8650,#9024);
#9028=CARTESIAN_POINT('',(732.9619,-305.6580,-558.0000));
#9029=VERTEX_POINT('',#9028);
#9027=EDGE_CURVE('',#8652,#9029,#9026,.T.);
#9031=DIRECTION('',(0.997857,0.065427,0.000000));
#9030=VECTOR('',#9031,0.740234);
#9032=LINE('',#9028,#9030);
#9033=EDGE_CURVE('',#9029,#9023,#9032,.T.);
#9034=ORIENTED_EDGE('',*,*,#9022,.T.);
#9035=ORIENTED_EDGE('',*,*,#9027,.T.);
#9036=ORIENTED_EDGE('',*,*,#9033,.T.);
#9037=EDGE_LOOP('',(#9034,#9035,#9036));
#9038=FACE_BOUND('',#9037,.T.);
#9040=DIRECTION('',(-0.997859,-0.065404,0.000000));
#9039=VECTOR('',#9040,14.090044);
#9041=LINE('',#8950,#9039);
#9042=EDGE_CURVE('',#8951,#8809,#9041,.T.);
#9044=DIRECTION('',(0.997859,0.065403,0.000000));
#9043=VECTOR('',#9044,2.640052);
#9045=LINE('',#8807,#9043);
#9047=CARTESIAN_POINT('',(657.2221,-305.8375,-558.0000));
#9048=VERTEX_POINT('',#9047);
#9046=EDGE_CURVE('',#8809,#9048,#9045,.T.);
#9050=DIRECTION('',(0.997859,0.065401,0.000000));
#9049=VECTOR('',#9050,2.745624);
#9051=LINE('',#9047,#9049);
#9053=CARTESIAN_POINT('',(659.9619,-305.6580,-558.0000));
#9054=VERTEX_POINT('',#9053);
#9052=EDGE_CURVE('',#9048,#9054,#9051,.T.);
#9056=DIRECTION('',(0.997859,0.065409,0.000000));
#9055=VECTOR('',#9056,1.856943);
#9057=LINE('',#9053,#9055);
#9059=CARTESIAN_POINT('',(661.8148,-305.5365,-558.0000));
#9060=VERTEX_POINT('',#9059);
#9058=EDGE_CURVE('',#9054,#9060,#9057,.T.);
#9062=DIRECTION('',(0.997859,0.065396,0.000000));
#9061=VECTOR('',#9062,1.349569);
#9063=LINE('',#9059,#9061);
#9065=CARTESIAN_POINT('',(663.1615,-305.4482,-558.0000));
#9066=VERTEX_POINT('',#9065);
#9064=EDGE_CURVE('',#9060,#9066,#9063,.T.);
#9068=DIRECTION('',(0.997858,0.065413,0.000000));
#9067=VECTOR('',#9068,1.032913);
#9069=LINE('',#9065,#9067);
#9071=CARTESIAN_POINT('',(664.1922,-305.3807,-558.0000));
#9072=VERTEX_POINT('',#9071);
#9070=EDGE_CURVE('',#9066,#9072,#9069,.T.);
#9074=DIRECTION('',(0.997859,0.065396,0.000000));
#9073=VECTOR('',#9074,0.822256);
#9075=LINE('',#9071,#9073);
#9077=CARTESIAN_POINT('',(665.0127,-305.3269,-558.0000));
#9078=VERTEX_POINT('',#9077);
#9076=EDGE_CURVE('',#9072,#9078,#9075,.T.);
#9080=DIRECTION('',(0.997857,0.065427,0.000000));
#9079=VECTOR('',#9080,0.675397);
#9081=LINE('',#9077,#9079);
#9083=CARTESIAN_POINT('',(665.6866,-305.2827,-558.0000));
#9084=VERTEX_POINT('',#9083);
#9082=EDGE_CURVE('',#9078,#9084,#9081,.T.);
#9086=DIRECTION('',(0.997858,0.065423,0.000000));
#9085=VECTOR('',#9086,0.569090);
#9087=LINE('',#9083,#9085);
#9089=CARTESIAN_POINT('',(666.2545,-305.2455,-558.0000));
#9090=VERTEX_POINT('',#9089);
#9088=EDGE_CURVE('',#9084,#9090,#9087,.T.);
#9092=DIRECTION('',(0.997859,0.065403,0.000000));
#9091=VECTOR('',#9092,0.489941);
#9093=LINE('',#9089,#9091);
#9095=CARTESIAN_POINT('',(666.7434,-305.2134,-558.0000));
#9096=VERTEX_POINT('',#9095);
#9094=EDGE_CURVE('',#9090,#9096,#9093,.T.);
#9098=DIRECTION('',(0.997862,0.065350,0.000000));
#9097=VECTOR('',#9098,0.429629);
#9099=LINE('',#9095,#9097);
#9101=CARTESIAN_POINT('',(667.1721,-305.1854,-558.0000));
#9102=VERTEX_POINT('',#9101);
#9100=EDGE_CURVE('',#9096,#9102,#9099,.T.);
#9104=DIRECTION('',(0.997858,0.065424,0.000000));
#9103=VECTOR('',#9104,0.382962);
#9105=LINE('',#9101,#9103);
#9107=CARTESIAN_POINT('',(667.5543,-305.1603,-558.0000));
#9108=VERTEX_POINT('',#9107);
#9106=EDGE_CURVE('',#9102,#9108,#9105,.T.);
#9110=DIRECTION('',(0.997859,0.065396,0.000000));
#9109=VECTOR('',#9110,0.346261);
#9111=LINE('',#9107,#9109);
#9113=CARTESIAN_POINT('',(667.8998,-305.1377,-558.0000));
#9114=VERTEX_POINT('',#9113);
#9112=EDGE_CURVE('',#9108,#9114,#9111,.T.);
#9116=DIRECTION('',(0.997859,0.065408,0.000000));
#9115=VECTOR('',#9116,0.317269);
#9117=LINE('',#9113,#9115);
#9119=CARTESIAN_POINT('',(668.2164,-305.1169,-558.0000));
#9120=VERTEX_POINT('',#9119);
#9118=EDGE_CURVE('',#9114,#9120,#9117,.T.);
#9122=DIRECTION('',(0.997861,0.065376,0.000000));
#9121=VECTOR('',#9122,0.294086);
#9123=LINE('',#9119,#9121);
#9125=CARTESIAN_POINT('',(668.5098,-305.0977,-558.0000));
#9126=VERTEX_POINT('',#9125);
#9124=EDGE_CURVE('',#9120,#9126,#9123,.T.);
#9128=DIRECTION('',(0.997857,0.065433,0.000000));
#9127=VECTOR('',#9128,0.138052);
#9129=LINE('',#9125,#9127);
#9130=EDGE_CURVE('',#9126,#8951,#9129,.T.);
#9131=ORIENTED_EDGE('',*,*,#9042,.T.);
#9132=ORIENTED_EDGE('',*,*,#9046,.T.);
#9133=ORIENTED_EDGE('',*,*,#9052,.T.);
#9134=ORIENTED_EDGE('',*,*,#9058,.T.);
#9135=ORIENTED_EDGE('',*,*,#9064,.T.);
#9136=ORIENTED_EDGE('',*,*,#9070,.T.);
#9137=ORIENTED_EDGE('',*,*,#9076,.T.);
#9138=ORIENTED_EDGE('',*,*,#9082,.T.);
#9139=ORIENTED_EDGE('',*,*,#9088,.T.);
#9140=ORIENTED_EDGE('',*,*,#9094,.T.);
#9141=ORIENTED_EDGE('',*,*,#9100,.T.);
#9142=ORIENTED_EDGE('',*,*,#9106,.T.);
#9143=ORIENTED_EDGE('',*,*,#9112,.T.);
#9144=ORIENTED_EDGE('',*,*,#9118,.T.);
#9145=ORIENTED_EDGE('',*,*,#9124,.T.);
#9146=ORIENTED_EDGE('',*,*,#9130,.T.);
#9147=EDGE_LOOP('',(#9131,#9132,#9133,#9134,#9135,#9136,#9137,#9138,#9139,#9140,#9141,#9142,#9143,#9144,#9145,#9146));
#9148=FACE_BOUND('',#9147,.T.);
#9150=DIRECTION('',(-0.997858,-0.065412,0.000000));
#9149=VECTOR('',#9150,2.257153);
#9152=CARTESIAN_POINT('',(654.5877,-308.4026,-558.0000));
#9151=LINE('',#9152,#9149);
#9154=VERTEX_POINT('',#9152);
#9155=CARTESIAN_POINT('',(652.3354,-308.5502,-558.0000));
#9156=VERTEX_POINT('',#9155);
#9153=EDGE_CURVE('',#9154,#9156,#9151,.T.);
#9158=DIRECTION('',(0.997859,0.065408,0.000000));
#9157=VECTOR('',#9158,1.222895);
#9159=LINE('',#9155,#9157);
#9161=CARTESIAN_POINT('',(653.5557,-308.4702,-558.0000));
#9162=VERTEX_POINT('',#9161);
#9160=EDGE_CURVE('',#9156,#9162,#9159,.T.);
#9164=DIRECTION('',(0.997858,0.065416,0.000000));
#9163=VECTOR('',#9164,1.034259);
#9165=LINE('',#9161,#9163);
#9166=EDGE_CURVE('',#9162,#9154,#9165,.T.);
#9167=ORIENTED_EDGE('',*,*,#9153,.T.);
#9168=ORIENTED_EDGE('',*,*,#9160,.T.);
#9169=ORIENTED_EDGE('',*,*,#9166,.T.);
#9170=EDGE_LOOP('',(#9167,#9168,#9169));
#9171=FACE_BOUND('',#9170,.T.);
#9174=CARTESIAN_POINT('',(610.0000,-313.7174,-558.0000));
#9175=DIRECTION('',(0.000000,0.000000,1.000000));
#9176=DIRECTION('',(1.000000,0.000000,0.000000));
#9173=AXIS2_PLACEMENT_3D('',#9174,#9175,#9176);
#9172=PLANE('',#9173);
#9177=ADVANCED_FACE('',(#7541,#7830,#8175,#8520,#8548,#8578,#8597,#8625,#8646,#8683,#8734,#8757,#8780,#8803,#8824,#8943,#8994,#9017,#9038,#9148,#9171),#9172,.T.);
#9179=DIRECTION('',(0.000000,-1.000000,0.000000));
#9178=VECTOR('',#9179,27.000000);
#9180=LINE('',#69,#9178);
#9181=EDGE_CURVE('',#70,#14,#9180,.T.);
#9182=ORIENTED_EDGE('',*,*,#7523,.F.);
#9183=ORIENTED_EDGE('',*,*,#9181,.T.);
#9184=ORIENTED_EDGE('',*,*,#661,.F.);
#9185=ORIENTED_EDGE('',*,*,#116,.F.);
#9186=EDGE_LOOP('',(#9182,#9183,#9184,#9185));
#9187=FACE_OUTER_BOUND('',#9186,.T.);
#9189=DIRECTION('',(0.321439,-0.946930,0.000000));
#9188=VECTOR('',#9189,2.566050);
#9191=CARTESIAN_POINT('',(672.4088,-297.7307,-560.0000));
#9190=LINE('',#9191,#9188);
#9193=VERTEX_POINT('',#9191);
#9194=CARTESIAN_POINT('',(673.2336,-300.1606,-560.0000));
#9195=VERTEX_POINT('',#9194);
#9192=EDGE_CURVE('',#9193,#9195,#9190,.T.);
#9197=DIRECTION('',(-0.442328,0.896853,0.000000));
#9196=VECTOR('',#9197,0.457838);
#9198=LINE('',#9194,#9196);
#9200=CARTESIAN_POINT('',(673.0311,-299.7500,-560.0000));
#9201=VERTEX_POINT('',#9200);
#9199=EDGE_CURVE('',#9195,#9201,#9198,.T.);
#9203=DIRECTION('',(-0.555531,0.831496,0.000000));
#9202=VECTOR('',#9203,0.457821);
#9204=LINE('',#9200,#9202);
#9206=CARTESIAN_POINT('',(672.7767,-299.3693,-560.0000));
#9207=VERTEX_POINT('',#9206);
#9205=EDGE_CURVE('',#9201,#9207,#9204,.T.);
#9209=DIRECTION('',(-0.659368,0.751821,0.000000));
#9208=VECTOR('',#9209,0.457832);
#9210=LINE('',#9206,#9208);
#9212=CARTESIAN_POINT('',(672.4749,-299.0251,-560.0000));
#9213=VERTEX_POINT('',#9212);
#9211=EDGE_CURVE('',#9207,#9213,#9210,.T.);
#9215=DIRECTION('',(-0.751825,0.659363,0.000000));
#9214=VECTOR('',#9215,0.457789);
#9216=LINE('',#9212,#9214);
#9218=CARTESIAN_POINT('',(672.1307,-298.7233,-560.0000));
#9219=VERTEX_POINT('',#9218);
#9217=EDGE_CURVE('',#9213,#9219,#9216,.T.);
#9221=DIRECTION('',(-0.831465,0.555577,0.000000));
#9220=VECTOR('',#9221,0.457838);
#9222=LINE('',#9218,#9220);
#9224=CARTESIAN_POINT('',(671.7500,-298.4689,-560.0000));
#9225=VERTEX_POINT('',#9224);
#9223=EDGE_CURVE('',#9219,#9225,#9222,.T.);
#9227=DIRECTION('',(-0.896893,0.442248,0.000000));
#9226=VECTOR('',#9227,0.457852);
#9228=LINE('',#9224,#9226);
#9230=CARTESIAN_POINT('',(671.3394,-298.2664,-560.0000));
#9231=VERTEX_POINT('',#9230);
#9229=EDGE_CURVE('',#9225,#9231,#9228,.T.);
#9233=DIRECTION('',(-0.946922,0.321463,0.000000));
#9232=VECTOR('',#9233,0.457769);
#9234=LINE('',#9230,#9232);
#9236=CARTESIAN_POINT('',(670.9059,-298.1193,-560.0000));
#9237=VERTEX_POINT('',#9236);
#9235=EDGE_CURVE('',#9231,#9237,#9234,.T.);
#9239=DIRECTION('',(-0.980783,0.195103,0.000000));
#9238=VECTOR('',#9239,0.457834);
#9240=LINE('',#9236,#9238);
#9242=CARTESIAN_POINT('',(670.4568,-298.0299,-560.0000));
#9243=VERTEX_POINT('',#9242);
#9241=EDGE_CURVE('',#9237,#9243,#9240,.T.);
#9245=DIRECTION('',(-0.997860,0.065391,0.000000));
#9244=VECTOR('',#9245,0.457828);
#9246=LINE('',#9242,#9244);
#9248=CARTESIAN_POINT('',(670.0000,-298.0000,-560.0000));
#9249=VERTEX_POINT('',#9248);
#9247=EDGE_CURVE('',#9243,#9249,#9246,.T.);
#9251=DIRECTION('',(-0.997860,-0.065391,0.000000));
#9250=VECTOR('',#9251,0.457828);
#9252=LINE('',#9248,#9250);
#9254=CARTESIAN_POINT('',(669.5432,-298.0299,-560.0000));
#9255=VERTEX_POINT('',#9254);
#9253=EDGE_CURVE('',#9249,#9255,#9252,.T.);
#9257=DIRECTION('',(-0.980783,-0.195103,0.000000));
#9256=VECTOR('',#9257,0.457834);
#9258=LINE('',#9254,#9256);
#9260=CARTESIAN_POINT('',(669.0941,-298.1193,-560.0000));
#9261=VERTEX_POINT('',#9260);
#9259=EDGE_CURVE('',#9255,#9261,#9258,.T.);
#9263=DIRECTION('',(-0.946936,-0.321422,0.000000));
#9262=VECTOR('',#9263,0.457827);
#9264=LINE('',#9260,#9262);
#9266=CARTESIAN_POINT('',(668.6606,-298.2664,-560.0000));
#9267=VERTEX_POINT('',#9266);
#9265=EDGE_CURVE('',#9261,#9267,#9264,.T.);
#9269=DIRECTION('',(-0.896839,-0.442357,0.000000));
#9268=VECTOR('',#9269,0.458084);
#9270=LINE('',#9266,#9268);
#9272=CARTESIAN_POINT('',(668.2498,-298.4691,-560.0000));
#9273=VERTEX_POINT('',#9272);
#9271=EDGE_CURVE('',#9267,#9273,#9270,.T.);
#9275=DIRECTION('',(-0.831455,-0.555593,0.000000));
#9274=VECTOR('',#9275,0.457550);
#9276=LINE('',#9272,#9274);
#9278=CARTESIAN_POINT('',(667.8693,-298.7233,-560.0000));
#9279=VERTEX_POINT('',#9278);
#9277=EDGE_CURVE('',#9273,#9279,#9276,.T.);
#9281=DIRECTION('',(-0.751825,-0.659363,0.000000));
#9280=VECTOR('',#9281,0.457789);
#9282=LINE('',#9278,#9280);
#9284=CARTESIAN_POINT('',(667.5251,-299.0251,-560.0000));
#9285=VERTEX_POINT('',#9284);
#9283=EDGE_CURVE('',#9279,#9285,#9282,.T.);
#9287=DIRECTION('',(-0.659368,-0.751821,0.000000));
#9286=VECTOR('',#9287,0.457832);
#9288=LINE('',#9284,#9286);
#9290=CARTESIAN_POINT('',(667.2233,-299.3693,-560.0000));
#9291=VERTEX_POINT('',#9290);
#9289=EDGE_CURVE('',#9285,#9291,#9288,.T.);
#9293=DIRECTION('',(-0.555531,-0.831496,0.000000));
#9292=VECTOR('',#9293,0.457821);
#9294=LINE('',#9290,#9292);
#9296=CARTESIAN_POINT('',(666.9689,-299.7500,-560.0000));
#9297=VERTEX_POINT('',#9296);
#9295=EDGE_CURVE('',#9291,#9297,#9294,.T.);
#9299=DIRECTION('',(-0.442328,-0.896853,0.000000));
#9298=VECTOR('',#9299,0.457838);
#9300=LINE('',#9296,#9298);
#9302=CARTESIAN_POINT('',(666.7664,-300.1606,-560.0000));
#9303=VERTEX_POINT('',#9302);
#9301=EDGE_CURVE('',#9297,#9303,#9300,.T.);
#9305=DIRECTION('',(-0.321422,-0.946936,0.000000));
#9304=VECTOR('',#9305,0.457827);
#9306=LINE('',#9302,#9304);
#9308=CARTESIAN_POINT('',(666.6193,-300.5941,-560.0000));
#9309=VERTEX_POINT('',#9308);
#9307=EDGE_CURVE('',#9303,#9309,#9306,.T.);
#9311=DIRECTION('',(-0.195052,-0.980793,0.000000));
#9310=VECTOR('',#9311,0.457798);
#9312=LINE('',#9308,#9310);
#9314=CARTESIAN_POINT('',(666.5300,-301.0432,-560.0000));
#9315=VERTEX_POINT('',#9314);
#9313=EDGE_CURVE('',#9309,#9315,#9312,.T.);
#9317=DIRECTION('',(-0.065457,-0.997855,0.000000));
#9316=VECTOR('',#9317,0.457830);
#9318=LINE('',#9314,#9316);
#9320=CARTESIAN_POINT('',(666.5000,-301.5000,-560.0000));
#9321=VERTEX_POINT('',#9320);
#9319=EDGE_CURVE('',#9315,#9321,#9318,.T.);
#9323=DIRECTION('',(0.065457,-0.997855,0.000000));
#9322=VECTOR('',#9323,0.457830);
#9324=LINE('',#9320,#9322);
#9326=CARTESIAN_POINT('',(666.5300,-301.9568,-560.0000));
#9327=VERTEX_POINT('',#9326);
#9325=EDGE_CURVE('',#9321,#9327,#9324,.T.);
#9329=DIRECTION('',(0.195052,-0.980793,0.000000));
#9328=VECTOR('',#9329,0.457798);
#9330=LINE('',#9326,#9328);
#9332=CARTESIAN_POINT('',(666.6193,-302.4059,-560.0000));
#9333=VERTEX_POINT('',#9332);
#9331=EDGE_CURVE('',#9327,#9333,#9330,.T.);
#9335=DIRECTION('',(0.321422,-0.946936,0.000000));
#9334=VECTOR('',#9335,0.457827);
#9336=LINE('',#9332,#9334);
#9338=CARTESIAN_POINT('',(666.7664,-302.8394,-560.0000));
#9339=VERTEX_POINT('',#9338);
#9337=EDGE_CURVE('',#9333,#9339,#9336,.T.);
#9341=DIRECTION('',(0.442328,-0.896853,0.000000));
#9340=VECTOR('',#9341,0.457838);
#9342=LINE('',#9338,#9340);
#9344=CARTESIAN_POINT('',(666.9689,-303.2500,-560.0000));
#9345=VERTEX_POINT('',#9344);
#9343=EDGE_CURVE('',#9339,#9345,#9342,.T.);
#9347=DIRECTION('',(0.555531,-0.831496,0.000000));
#9346=VECTOR('',#9347,0.457821);
#9348=LINE('',#9344,#9346);
#9350=CARTESIAN_POINT('',(667.2233,-303.6307,-560.0000));
#9351=VERTEX_POINT('',#9350);
#9349=EDGE_CURVE('',#9345,#9351,#9348,.T.);
#9353=DIRECTION('',(0.659368,-0.751821,0.000000));
#9352=VECTOR('',#9353,0.457832);
#9354=LINE('',#9350,#9352);
#9356=CARTESIAN_POINT('',(667.5251,-303.9749,-560.0000));
#9357=VERTEX_POINT('',#9356);
#9355=EDGE_CURVE('',#9351,#9357,#9354,.T.);
#9359=DIRECTION('',(0.751825,-0.659363,0.000000));
#9358=VECTOR('',#9359,0.457789);
#9360=LINE('',#9356,#9358);
#9362=CARTESIAN_POINT('',(667.8693,-304.2767,-560.0000));
#9363=VERTEX_POINT('',#9362);
#9361=EDGE_CURVE('',#9357,#9363,#9360,.T.);
#9365=DIRECTION('',(0.831465,-0.555577,0.000000));
#9364=VECTOR('',#9365,0.457838);
#9366=LINE('',#9362,#9364);
#9368=CARTESIAN_POINT('',(668.2500,-304.5311,-560.0000));
#9369=VERTEX_POINT('',#9368);
#9367=EDGE_CURVE('',#9363,#9369,#9366,.T.);
#9371=DIRECTION('',(0.896867,-0.442301,0.000000));
#9370=VECTOR('',#9371,0.457798);
#9372=LINE('',#9368,#9370);
#9374=CARTESIAN_POINT('',(668.6606,-304.7336,-560.0000));
#9375=VERTEX_POINT('',#9374);
#9373=EDGE_CURVE('',#9369,#9375,#9372,.T.);
#9377=DIRECTION('',(0.946936,-0.321422,0.000000));
#9376=VECTOR('',#9377,0.457827);
#9378=LINE('',#9374,#9376);
#9380=CARTESIAN_POINT('',(669.0941,-304.8807,-560.0000));
#9381=VERTEX_POINT('',#9380);
#9379=EDGE_CURVE('',#9375,#9381,#9378,.T.);
#9383=DIRECTION('',(0.980783,-0.195103,0.000000));
#9382=VECTOR('',#9383,0.457834);
#9384=LINE('',#9380,#9382);
#9386=CARTESIAN_POINT('',(669.5432,-304.9701,-560.0000));
#9387=VERTEX_POINT('',#9386);
#9385=EDGE_CURVE('',#9381,#9387,#9384,.T.);
#9389=DIRECTION('',(0.997860,-0.065391,0.000000));
#9388=VECTOR('',#9389,0.457828);
#9390=LINE('',#9386,#9388);
#9392=CARTESIAN_POINT('',(670.0000,-305.0000,-560.0000));
#9393=VERTEX_POINT('',#9392);
#9391=EDGE_CURVE('',#9387,#9393,#9390,.T.);
#9395=DIRECTION('',(0.997860,0.065391,0.000000));
#9394=VECTOR('',#9395,0.457828);
#9396=LINE('',#9392,#9394);
#9398=CARTESIAN_POINT('',(670.4568,-304.9701,-560.0000));
#9399=VERTEX_POINT('',#9398);
#9397=EDGE_CURVE('',#9393,#9399,#9396,.T.);
#9401=DIRECTION('',(0.980783,0.195103,0.000000));
#9400=VECTOR('',#9401,0.457834);
#9402=LINE('',#9398,#9400);
#9404=CARTESIAN_POINT('',(670.9059,-304.8807,-560.0000));
#9405=VERTEX_POINT('',#9404);
#9403=EDGE_CURVE('',#9399,#9405,#9402,.T.);
#9407=DIRECTION('',(0.946936,0.321422,0.000000));
#9406=VECTOR('',#9407,0.457827);
#9408=LINE('',#9404,#9406);
#9410=CARTESIAN_POINT('',(671.3394,-304.7336,-560.0000));
#9411=VERTEX_POINT('',#9410);
#9409=EDGE_CURVE('',#9405,#9411,#9408,.T.);
#9413=DIRECTION('',(0.896867,0.442301,0.000000));
#9412=VECTOR('',#9413,0.457798);
#9414=LINE('',#9410,#9412);
#9416=CARTESIAN_POINT('',(671.7500,-304.5311,-560.0000));
#9417=VERTEX_POINT('',#9416);
#9415=EDGE_CURVE('',#9411,#9417,#9414,.T.);
#9419=DIRECTION('',(0.831465,0.555577,0.000000));
#9418=VECTOR('',#9419,0.457838);
#9420=LINE('',#9416,#9418);
#9422=CARTESIAN_POINT('',(672.1307,-304.2767,-560.0000));
#9423=VERTEX_POINT('',#9422);
#9421=EDGE_CURVE('',#9417,#9423,#9420,.T.);
#9425=DIRECTION('',(0.751825,0.659363,0.000000));
#9424=VECTOR('',#9425,0.457789);
#9426=LINE('',#9422,#9424);
#9428=CARTESIAN_POINT('',(672.4749,-303.9749,-560.0000));
#9429=VERTEX_POINT('',#9428);
#9427=EDGE_CURVE('',#9423,#9429,#9426,.T.);
#9431=DIRECTION('',(0.659368,0.751821,0.000000));
#9430=VECTOR('',#9431,0.457832);
#9432=LINE('',#9428,#9430);
#9434=CARTESIAN_POINT('',(672.7767,-303.6307,-560.0000));
#9435=VERTEX_POINT('',#9434);
#9433=EDGE_CURVE('',#9429,#9435,#9432,.T.);
#9437=DIRECTION('',(0.555531,0.831496,0.000000));
#9436=VECTOR('',#9437,0.457821);
#9438=LINE('',#9434,#9436);
#9440=CARTESIAN_POINT('',(673.0311,-303.2500,-560.0000));
#9441=VERTEX_POINT('',#9440);
#9439=EDGE_CURVE('',#9435,#9441,#9438,.T.);
#9443=DIRECTION('',(0.442328,0.896853,0.000000));
#9442=VECTOR('',#9443,0.457838);
#9444=LINE('',#9440,#9442);
#9446=CARTESIAN_POINT('',(673.2336,-302.8394,-560.0000));
#9447=VERTEX_POINT('',#9446);
#9445=EDGE_CURVE('',#9441,#9447,#9444,.T.);
#9449=DIRECTION('',(0.321422,0.946936,0.000000));
#9448=VECTOR('',#9449,0.457827);
#9450=LINE('',#9446,#9448);
#9452=CARTESIAN_POINT('',(673.3807,-302.4059,-560.0000));
#9453=VERTEX_POINT('',#9452);
#9451=EDGE_CURVE('',#9447,#9453,#9450,.T.);
#9455=DIRECTION('',(0.195052,0.980793,0.000000));
#9454=VECTOR('',#9455,0.457798);
#9456=LINE('',#9452,#9454);
#9458=CARTESIAN_POINT('',(673.4700,-301.9568,-560.0000));
#9459=VERTEX_POINT('',#9458);
#9457=EDGE_CURVE('',#9453,#9459,#9456,.T.);
#9461=DIRECTION('',(0.065457,0.997855,0.000000));
#9460=VECTOR('',#9461,0.457830);
#9462=LINE('',#9458,#9460);
#9464=CARTESIAN_POINT('',(673.5000,-301.5000,-560.0000));
#9465=VERTEX_POINT('',#9464);
#9463=EDGE_CURVE('',#9459,#9465,#9462,.T.);
#9467=DIRECTION('',(-0.065457,0.997855,0.000000));
#9466=VECTOR('',#9467,0.457830);
#9468=LINE('',#9464,#9466);
#9470=CARTESIAN_POINT('',(673.4700,-301.0432,-560.0000));
#9471=VERTEX_POINT('',#9470);
#9469=EDGE_CURVE('',#9465,#9471,#9468,.T.);
#9473=DIRECTION('',(-0.195052,0.980793,0.000000));
#9472=VECTOR('',#9473,0.457798);
#9474=LINE('',#9470,#9472);
#9476=CARTESIAN_POINT('',(673.3807,-300.5941,-560.0000));
#9477=VERTEX_POINT('',#9476);
#9475=EDGE_CURVE('',#9471,#9477,#9474,.T.);
#9479=DIRECTION('',(-0.321437,0.946931,0.000000));
#9478=VECTOR('',#9479,3.023877);
#9480=LINE('',#9476,#9478);
#9481=EDGE_CURVE('',#9477,#9193,#9480,.T.);
#9482=ORIENTED_EDGE('',*,*,#9192,.T.);
#9483=ORIENTED_EDGE('',*,*,#9199,.T.);
#9484=ORIENTED_EDGE('',*,*,#9205,.T.);
#9485=ORIENTED_EDGE('',*,*,#9211,.T.);
#9486=ORIENTED_EDGE('',*,*,#9217,.T.);
#9487=ORIENTED_EDGE('',*,*,#9223,.T.);
#9488=ORIENTED_EDGE('',*,*,#9229,.T.);
#9489=ORIENTED_EDGE('',*,*,#9235,.T.);
#9490=ORIENTED_EDGE('',*,*,#9241,.T.);
#9491=ORIENTED_EDGE('',*,*,#9247,.T.);
#9492=ORIENTED_EDGE('',*,*,#9253,.T.);
#9493=ORIENTED_EDGE('',*,*,#9259,.T.);
#9494=ORIENTED_EDGE('',*,*,#9265,.T.);
#9495=ORIENTED_EDGE('',*,*,#9271,.T.);
#9496=ORIENTED_EDGE('',*,*,#9277,.T.);
#9497=ORIENTED_EDGE('',*,*,#9283,.T.);
#9498=ORIENTED_EDGE('',*,*,#9289,.T.);
#9499=ORIENTED_EDGE('',*,*,#9295,.T.);
#9500=ORIENTED_EDGE('',*,*,#9301,.T.);
#9501=ORIENTED_EDGE('',*,*,#9307,.T.);
#9502=ORIENTED_EDGE('',*,*,#9313,.T.);
#9503=ORIENTED_EDGE('',*,*,#9319,.T.);
#9504=ORIENTED_EDGE('',*,*,#9325,.T.);
#9505=ORIENTED_EDGE('',*,*,#9331,.T.);
#9506=ORIENTED_EDGE('',*,*,#9337,.T.);
#9507=ORIENTED_EDGE('',*,*,#9343,.T.);
#9508=ORIENTED_EDGE('',*,*,#9349,.T.);
#9509=ORIENTED_EDGE('',*,*,#9355,.T.);
#9510=ORIENTED_EDGE('',*,*,#9361,.T.);
#9511=ORIENTED_EDGE('',*,*,#9367,.T.);
#9512=ORIENTED_EDGE('',*,*,#9373,.T.);
#9513=ORIENTED_EDGE('',*,*,#9379,.T.);
#9514=ORIENTED_EDGE('',*,*,#9385,.T.);
#9515=ORIENTED_EDGE('',*,*,#9391,.T.);
#9516=ORIENTED_EDGE('',*,*,#9397,.T.);
#9517=ORIENTED_EDGE('',*,*,#9403,.T.);
#9518=ORIENTED_EDGE('',*,*,#9409,.T.);
#9519=ORIENTED_EDGE('',*,*,#9415,.T.);
#9520=ORIENTED_EDGE('',*,*,#9421,.T.);
#9521=ORIENTED_EDGE('',*,*,#9427,.T.);
#9522=ORIENTED_EDGE('',*,*,#9433,.T.);
#9523=ORIENTED_EDGE('',*,*,#9439,.T.);
#9524=ORIENTED_EDGE('',*,*,#9445,.T.);
#9525=ORIENTED_EDGE('',*,*,#9451,.T.);
#9526=ORIENTED_EDGE('',*,*,#9457,.T.);
#9527=ORIENTED_EDGE('',*,*,#9463,.T.);
#9528=ORIENTED_EDGE('',*,*,#9469,.T.);
#9529=ORIENTED_EDGE('',*,*,#9475,.T.);
#9530=ORIENTED_EDGE('',*,*,#9481,.T.);
#9531=EDGE_LOOP('',(#9482,#9483,#9484,#9485,#9486,#9487,#9488,#9489,#9490,#9491,#9492,#9493,#9494,#9495,#9496,#9497,#9498,#9499,#9500,#9501,#9502,#9503,#9504,#9505,#9506,#9507,#9508,#9509,#9510,#9511,#9512,#9513,#9514,#9515,#9516,#9517,#9518,#9519,#9520,#9521,#9522,#9523,#9524,#9525,#9526,#9527,#9528,#9529,#9530));
#9532=FACE_BOUND('',#9531,.T.);
#9534=DIRECTION('',(0.980783,0.195103,0.000000));
#9533=VECTOR('',#9534,0.457834);
#9536=CARTESIAN_POINT('',(743.4568,-304.9701,-560.0000));
#9535=LINE('',#9536,#9533);
#9538=VERTEX_POINT('',#9536);
#9539=CARTESIAN_POINT('',(743.9059,-304.8807,-560.0000));
#9540=VERTEX_POINT('',#9539);
#9537=EDGE_CURVE('',#9538,#9540,#9535,.T.);
#9542=DIRECTION('',(0.946936,0.321422,0.000000));
#9541=VECTOR('',#9542,0.457827);
#9543=LINE('',#9539,#9541);
#9545=CARTESIAN_POINT('',(744.3394,-304.7336,-560.0000));
#9546=VERTEX_POINT('',#9545);
#9544=EDGE_CURVE('',#9540,#9546,#9543,.T.);
#9548=DIRECTION('',(0.896867,0.442301,0.000000));
#9547=VECTOR('',#9548,0.457798);
#9549=LINE('',#9545,#9547);
#9551=CARTESIAN_POINT('',(744.7500,-304.5311,-560.0000));
#9552=VERTEX_POINT('',#9551);
#9550=EDGE_CURVE('',#9546,#9552,#9549,.T.);
#9554=DIRECTION('',(0.831465,0.555577,0.000000));
#9553=VECTOR('',#9554,0.457838);
#9555=LINE('',#9551,#9553);
#9557=CARTESIAN_POINT('',(745.1307,-304.2767,-560.0000));
#9558=VERTEX_POINT('',#9557);
#9556=EDGE_CURVE('',#9552,#9558,#9555,.T.);
#9560=DIRECTION('',(0.751825,0.659363,0.000000));
#9559=VECTOR('',#9560,0.457789);
#9561=LINE('',#9557,#9559);
#9563=CARTESIAN_POINT('',(745.4749,-303.9749,-560.0000));
#9564=VERTEX_POINT('',#9563);
#9562=EDGE_CURVE('',#9558,#9564,#9561,.T.);
#9566=DIRECTION('',(0.659368,0.751821,0.000000));
#9565=VECTOR('',#9566,0.457832);
#9567=LINE('',#9563,#9565);
#9569=CARTESIAN_POINT('',(745.7767,-303.6307,-560.0000));
#9570=VERTEX_POINT('',#9569);
#9568=EDGE_CURVE('',#9564,#9570,#9567,.T.);
#9572=DIRECTION('',(0.555531,0.831496,0.000000));
#9571=VECTOR('',#9572,0.457821);
#9573=LINE('',#9569,#9571);
#9575=CARTESIAN_POINT('',(746.0311,-303.2500,-560.0000));
#9576=VERTEX_POINT('',#9575);
#9574=EDGE_CURVE('',#9570,#9576,#9573,.T.);
#9578=DIRECTION('',(0.442328,0.896853,0.000000));
#9577=VECTOR('',#9578,0.457838);
#9579=LINE('',#9575,#9577);
#9581=CARTESIAN_POINT('',(746.2336,-302.8394,-560.0000));
#9582=VERTEX_POINT('',#9581);
#9580=EDGE_CURVE('',#9576,#9582,#9579,.T.);
#9584=DIRECTION('',(0.321422,0.946936,0.000000));
#9583=VECTOR('',#9584,0.457827);
#9585=LINE('',#9581,#9583);
#9587=CARTESIAN_POINT('',(746.3807,-302.4059,-560.0000));
#9588=VERTEX_POINT('',#9587);
#9586=EDGE_CURVE('',#9582,#9588,#9585,.T.);
#9590=DIRECTION('',(0.195052,0.980793,0.000000));
#9589=VECTOR('',#9590,0.457798);
#9591=LINE('',#9587,#9589);
#9593=CARTESIAN_POINT('',(746.4700,-301.9568,-560.0000));
#9594=VERTEX_POINT('',#9593);
#9592=EDGE_CURVE('',#9588,#9594,#9591,.T.);
#9596=DIRECTION('',(0.065457,0.997855,0.000000));
#9595=VECTOR('',#9596,0.457830);
#9597=LINE('',#9593,#9595);
#9599=CARTESIAN_POINT('',(746.5000,-301.5000,-560.0000));
#9600=VERTEX_POINT('',#9599);
#9598=EDGE_CURVE('',#9594,#9600,#9597,.T.);
#9602=DIRECTION('',(-0.065457,0.997855,0.000000));
#9601=VECTOR('',#9602,0.457830);
#9603=LINE('',#9599,#9601);
#9605=CARTESIAN_POINT('',(746.4700,-301.0432,-560.0000));
#9606=VERTEX_POINT('',#9605);
#9604=EDGE_CURVE('',#9600,#9606,#9603,.T.);
#9608=DIRECTION('',(-0.195052,0.980793,0.000000));
#9607=VECTOR('',#9608,0.457798);
#9609=LINE('',#9605,#9607);
#9611=CARTESIAN_POINT('',(746.3807,-300.5941,-560.0000));
#9612=VERTEX_POINT('',#9611);
#9610=EDGE_CURVE('',#9606,#9612,#9609,.T.);
#9614=DIRECTION('',(-0.321422,0.946936,0.000000));
#9613=VECTOR('',#9614,0.457827);
#9615=LINE('',#9611,#9613);
#9617=CARTESIAN_POINT('',(746.2336,-300.1606,-560.0000));
#9618=VERTEX_POINT('',#9617);
#9616=EDGE_CURVE('',#9612,#9618,#9615,.T.);
#9620=DIRECTION('',(-0.442328,0.896853,0.000000));
#9619=VECTOR('',#9620,0.457838);
#9621=LINE('',#9617,#9619);
#9623=CARTESIAN_POINT('',(746.0311,-299.7500,-560.0000));
#9624=VERTEX_POINT('',#9623);
#9622=EDGE_CURVE('',#9618,#9624,#9621,.T.);
#9626=DIRECTION('',(-0.555531,0.831496,0.000000));
#9625=VECTOR('',#9626,0.457821);
#9627=LINE('',#9623,#9625);
#9629=CARTESIAN_POINT('',(745.7767,-299.3693,-560.0000));
#9630=VERTEX_POINT('',#9629);
#9628=EDGE_CURVE('',#9624,#9630,#9627,.T.);
#9632=DIRECTION('',(-0.659368,0.751821,0.000000));
#9631=VECTOR('',#9632,0.457832);
#9633=LINE('',#9629,#9631);
#9635=CARTESIAN_POINT('',(745.4749,-299.0251,-560.0000));
#9636=VERTEX_POINT('',#9635);
#9634=EDGE_CURVE('',#9630,#9636,#9633,.T.);
#9638=DIRECTION('',(-0.751825,0.659363,0.000000));
#9637=VECTOR('',#9638,0.457789);
#9639=LINE('',#9635,#9637);
#9641=CARTESIAN_POINT('',(745.1307,-298.7233,-560.0000));
#9642=VERTEX_POINT('',#9641);
#9640=EDGE_CURVE('',#9636,#9642,#9639,.T.);
#9644=DIRECTION('',(-0.831465,0.555577,0.000000));
#9643=VECTOR('',#9644,0.457838);
#9645=LINE('',#9641,#9643);
#9647=CARTESIAN_POINT('',(744.7500,-298.4689,-560.0000));
#9648=VERTEX_POINT('',#9647);
#9646=EDGE_CURVE('',#9642,#9648,#9645,.T.);
#9650=DIRECTION('',(-0.896893,0.442248,0.000000));
#9649=VECTOR('',#9650,0.457852);
#9651=LINE('',#9647,#9649);
#9653=CARTESIAN_POINT('',(744.3394,-298.2664,-560.0000));
#9654=VERTEX_POINT('',#9653);
#9652=EDGE_CURVE('',#9648,#9654,#9651,.T.);
#9656=DIRECTION('',(-0.946922,0.321463,0.000000));
#9655=VECTOR('',#9656,0.457769);
#9657=LINE('',#9653,#9655);
#9659=CARTESIAN_POINT('',(743.9059,-298.1193,-560.0000));
#9660=VERTEX_POINT('',#9659);
#9658=EDGE_CURVE('',#9654,#9660,#9657,.T.);
#9662=DIRECTION('',(-0.980783,0.195103,0.000000));
#9661=VECTOR('',#9662,0.457834);
#9663=LINE('',#9659,#9661);
#9665=CARTESIAN_POINT('',(743.4568,-298.0299,-560.0000));
#9666=VERTEX_POINT('',#9665);
#9664=EDGE_CURVE('',#9660,#9666,#9663,.T.);
#9668=DIRECTION('',(-0.997860,0.065391,0.000000));
#9667=VECTOR('',#9668,0.457828);
#9669=LINE('',#9665,#9667);
#9671=CARTESIAN_POINT('',(743.0000,-298.0000,-560.0000));
#9672=VERTEX_POINT('',#9671);
#9670=EDGE_CURVE('',#9666,#9672,#9669,.T.);
#9674=DIRECTION('',(-0.997860,-0.065391,0.000000));
#9673=VECTOR('',#9674,0.457828);
#9675=LINE('',#9671,#9673);
#9677=CARTESIAN_POINT('',(742.5432,-298.0299,-560.0000));
#9678=VERTEX_POINT('',#9677);
#9676=EDGE_CURVE('',#9672,#9678,#9675,.T.);
#9680=DIRECTION('',(-0.980783,-0.195103,0.000000));
#9679=VECTOR('',#9680,0.457834);
#9681=LINE('',#9677,#9679);
#9683=CARTESIAN_POINT('',(742.0941,-298.1193,-560.0000));
#9684=VERTEX_POINT('',#9683);
#9682=EDGE_CURVE('',#9678,#9684,#9681,.T.);
#9686=DIRECTION('',(-0.946936,-0.321422,0.000000));
#9685=VECTOR('',#9686,0.457827);
#9687=LINE('',#9683,#9685);
#9689=CARTESIAN_POINT('',(741.6606,-298.2664,-560.0000));
#9690=VERTEX_POINT('',#9689);
#9688=EDGE_CURVE('',#9684,#9690,#9687,.T.);
#9692=DIRECTION('',(-0.896867,-0.442301,0.000000));
#9691=VECTOR('',#9692,0.457798);
#9693=LINE('',#9689,#9691);
#9695=CARTESIAN_POINT('',(741.2500,-298.4689,-560.0000));
#9696=VERTEX_POINT('',#9695);
#9694=EDGE_CURVE('',#9690,#9696,#9693,.T.);
#9698=DIRECTION('',(-0.831465,-0.555577,0.000000));
#9697=VECTOR('',#9698,0.457838);
#9699=LINE('',#9695,#9697);
#9701=CARTESIAN_POINT('',(740.8693,-298.7233,-560.0000));
#9702=VERTEX_POINT('',#9701);
#9700=EDGE_CURVE('',#9696,#9702,#9699,.T.);
#9704=DIRECTION('',(-0.751825,-0.659363,0.000000));
#9703=VECTOR('',#9704,0.457789);
#9705=LINE('',#9701,#9703);
#9707=CARTESIAN_POINT('',(740.5251,-299.0251,-560.0000));
#9708=VERTEX_POINT('',#9707);
#9706=EDGE_CURVE('',#9702,#9708,#9705,.T.);
#9710=DIRECTION('',(-0.659368,-0.751821,0.000000));
#9709=VECTOR('',#9710,0.457832);
#9711=LINE('',#9707,#9709);
#9713=CARTESIAN_POINT('',(740.2233,-299.3693,-560.0000));
#9714=VERTEX_POINT('',#9713);
#9712=EDGE_CURVE('',#9708,#9714,#9711,.T.);
#9716=DIRECTION('',(-0.555531,-0.831496,0.000000));
#9715=VECTOR('',#9716,0.457821);
#9717=LINE('',#9713,#9715);
#9719=CARTESIAN_POINT('',(739.9689,-299.7500,-560.0000));
#9720=VERTEX_POINT('',#9719);
#9718=EDGE_CURVE('',#9714,#9720,#9717,.T.);
#9722=DIRECTION('',(-0.442328,-0.896853,0.000000));
#9721=VECTOR('',#9722,0.457838);
#9723=LINE('',#9719,#9721);
#9725=CARTESIAN_POINT('',(739.7664,-300.1606,-560.0000));
#9726=VERTEX_POINT('',#9725);
#9724=EDGE_CURVE('',#9720,#9726,#9723,.T.);
#9728=DIRECTION('',(-0.321422,-0.946936,0.000000));
#9727=VECTOR('',#9728,0.457827);
#9729=LINE('',#9725,#9727);
#9731=CARTESIAN_POINT('',(739.6193,-300.5941,-560.0000));
#9732=VERTEX_POINT('',#9731);
#9730=EDGE_CURVE('',#9726,#9732,#9729,.T.);
#9734=DIRECTION('',(-0.195052,-0.980793,0.000000));
#9733=VECTOR('',#9734,0.457798);
#9735=LINE('',#9731,#9733);
#9737=CARTESIAN_POINT('',(739.5300,-301.0432,-560.0000));
#9738=VERTEX_POINT('',#9737);
#9736=EDGE_CURVE('',#9732,#9738,#9735,.T.);
#9740=DIRECTION('',(-0.065457,-0.997855,0.000000));
#9739=VECTOR('',#9740,0.457830);
#9741=LINE('',#9737,#9739);
#9743=CARTESIAN_POINT('',(739.5000,-301.5000,-560.0000));
#9744=VERTEX_POINT('',#9743);
#9742=EDGE_CURVE('',#9738,#9744,#9741,.T.);
#9746=DIRECTION('',(0.065457,-0.997855,0.000000));
#9745=VECTOR('',#9746,0.457830);
#9747=LINE('',#9743,#9745);
#9749=CARTESIAN_POINT('',(739.5300,-301.9568,-560.0000));
#9750=VERTEX_POINT('',#9749);
#9748=EDGE_CURVE('',#9744,#9750,#9747,.T.);
#9752=DIRECTION('',(0.195052,-0.980793,0.000000));
#9751=VECTOR('',#9752,0.457798);
#9753=LINE('',#9749,#9751);
#9755=CARTESIAN_POINT('',(739.6193,-302.4059,-560.0000));
#9756=VERTEX_POINT('',#9755);
#9754=EDGE_CURVE('',#9750,#9756,#9753,.T.);
#9758=DIRECTION('',(0.321422,-0.946936,0.000000));
#9757=VECTOR('',#9758,0.457827);
#9759=LINE('',#9755,#9757);
#9761=CARTESIAN_POINT('',(739.7664,-302.8394,-560.0000));
#9762=VERTEX_POINT('',#9761);
#9760=EDGE_CURVE('',#9756,#9762,#9759,.T.);
#9764=DIRECTION('',(0.442328,-0.896853,0.000000));
#9763=VECTOR('',#9764,0.457838);
#9765=LINE('',#9761,#9763);
#9767=CARTESIAN_POINT('',(739.9689,-303.2500,-560.0000));
#9768=VERTEX_POINT('',#9767);
#9766=EDGE_CURVE('',#9762,#9768,#9765,.T.);
#9770=DIRECTION('',(0.555531,-0.831496,0.000000));
#9769=VECTOR('',#9770,0.457821);
#9771=LINE('',#9767,#9769);
#9773=CARTESIAN_POINT('',(740.2233,-303.6307,-560.0000));
#9774=VERTEX_POINT('',#9773);
#9772=EDGE_CURVE('',#9768,#9774,#9771,.T.);
#9776=DIRECTION('',(0.659368,-0.751821,0.000000));
#9775=VECTOR('',#9776,0.457832);
#9777=LINE('',#9773,#9775);
#9779=CARTESIAN_POINT('',(740.5251,-303.9749,-560.0000));
#9780=VERTEX_POINT('',#9779);
#9778=EDGE_CURVE('',#9774,#9780,#9777,.T.);
#9782=DIRECTION('',(0.751825,-0.659363,0.000000));
#9781=VECTOR('',#9782,0.457789);
#9783=LINE('',#9779,#9781);
#9785=CARTESIAN_POINT('',(740.8693,-304.2767,-560.0000));
#9786=VERTEX_POINT('',#9785);
#9784=EDGE_CURVE('',#9780,#9786,#9783,.T.);
#9788=DIRECTION('',(0.831465,-0.555577,0.000000));
#9787=VECTOR('',#9788,0.457838);
#9789=LINE('',#9785,#9787);
#9791=CARTESIAN_POINT('',(741.2500,-304.5311,-560.0000));
#9792=VERTEX_POINT('',#9791);
#9790=EDGE_CURVE('',#9786,#9792,#9789,.T.);
#9794=DIRECTION('',(0.896867,-0.442301,0.000000));
#9793=VECTOR('',#9794,0.457798);
#9795=LINE('',#9791,#9793);
#9797=CARTESIAN_POINT('',(741.6606,-304.7336,-560.0000));
#9798=VERTEX_POINT('',#9797);
#9796=EDGE_CURVE('',#9792,#9798,#9795,.T.);
#9800=DIRECTION('',(0.946936,-0.321422,0.000000));
#9799=VECTOR('',#9800,0.457827);
#9801=LINE('',#9797,#9799);
#9803=CARTESIAN_POINT('',(742.0941,-304.8807,-560.0000));
#9804=VERTEX_POINT('',#9803);
#9802=EDGE_CURVE('',#9798,#9804,#9801,.T.);
#9806=DIRECTION('',(0.980783,-0.195103,0.000000));
#9805=VECTOR('',#9806,0.457834);
#9807=LINE('',#9803,#9805);
#9809=CARTESIAN_POINT('',(742.5432,-304.9701,-560.0000));
#9810=VERTEX_POINT('',#9809);
#9808=EDGE_CURVE('',#9804,#9810,#9807,.T.);
#9812=DIRECTION('',(0.997860,-0.065391,0.000000));
#9811=VECTOR('',#9812,0.457828);
#9813=LINE('',#9809,#9811);
#9815=CARTESIAN_POINT('',(743.0000,-305.0000,-560.0000));
#9816=VERTEX_POINT('',#9815);
#9814=EDGE_CURVE('',#9810,#9816,#9813,.T.);
#9818=DIRECTION('',(0.997860,0.065391,0.000000));
#9817=VECTOR('',#9818,0.457828);
#9819=LINE('',#9815,#9817);
#9820=EDGE_CURVE('',#9816,#9538,#9819,.T.);
#9821=ORIENTED_EDGE('',*,*,#9537,.T.);
#9822=ORIENTED_EDGE('',*,*,#9544,.T.);
#9823=ORIENTED_EDGE('',*,*,#9550,.T.);
#9824=ORIENTED_EDGE('',*,*,#9556,.T.);
#9825=ORIENTED_EDGE('',*,*,#9562,.T.);
#9826=ORIENTED_EDGE('',*,*,#9568,.T.);
#9827=ORIENTED_EDGE('',*,*,#9574,.T.);
#9828=ORIENTED_EDGE('',*,*,#9580,.T.);
#9829=ORIENTED_EDGE('',*,*,#9586,.T.);
#9830=ORIENTED_EDGE('',*,*,#9592,.T.);
#9831=ORIENTED_EDGE('',*,*,#9598,.T.);
#9832=ORIENTED_EDGE('',*,*,#9604,.T.);
#9833=ORIENTED_EDGE('',*,*,#9610,.T.);
#9834=ORIENTED_EDGE('',*,*,#9616,.T.);
#9835=ORIENTED_EDGE('',*,*,#9622,.T.);
#9836=ORIENTED_EDGE('',*,*,#9628,.T.);
#9837=ORIENTED_EDGE('',*,*,#9634,.T.);
#9838=ORIENTED_EDGE('',*,*,#9640,.T.);
#9839=ORIENTED_EDGE('',*,*,#9646,.T.);
#9840=ORIENTED_EDGE('',*,*,#9652,.T.);
#9841=ORIENTED_EDGE('',*,*,#9658,.T.);
#9842=ORIENTED_EDGE('',*,*,#9664,.T.);
#9843=ORIENTED_EDGE('',*,*,#9670,.T.);
#9844=ORIENTED_EDGE('',*,*,#9676,.T.);
#9845=ORIENTED_EDGE('',*,*,#9682,.T.);
#9846=ORIENTED_EDGE('',*,*,#9688,.T.);
#9847=ORIENTED_EDGE('',*,*,#9694,.T.);
#9848=ORIENTED_EDGE('',*,*,#9700,.T.);
#9849=ORIENTED_EDGE('',*,*,#9706,.T.);
#9850=ORIENTED_EDGE('',*,*,#9712,.T.);
#9851=ORIENTED_EDGE('',*,*,#9718,.T.);
#9852=ORIENTED_EDGE('',*,*,#9724,.T.);
#9853=ORIENTED_EDGE('',*,*,#9730,.T.);
#9854=ORIENTED_EDGE('',*,*,#9736,.T.);
#9855=ORIENTED_EDGE('',*,*,#9742,.T.);
#9856=ORIENTED_EDGE('',*,*,#9748,.T.);
#9857=ORIENTED_EDGE('',*,*,#9754,.T.);
#9858=ORIENTED_EDGE('',*,*,#9760,.T.);
#9859=ORIENTED_EDGE('',*,*,#9766,.T.);
#9860=ORIENTED_EDGE('',*,*,#9772,.T.);
#9861=ORIENTED_EDGE('',*,*,#9778,.T.);
#9862=ORIENTED_EDGE('',*,*,#9784,.T.);
#9863=ORIENTED_EDGE('',*,*,#9790,.T.);
#9864=ORIENTED_EDGE('',*,*,#9796,.T.);
#9865=ORIENTED_EDGE('',*,*,#9802,.T.);
#9866=ORIENTED_EDGE('',*,*,#9808,.T.);
#9867=ORIENTED_EDGE('',*,*,#9814,.T.);
#9868=ORIENTED_EDGE('',*,*,#9820,.T.);
#9869=EDGE_LOOP('',(#9821,#9822,#9823,#9824,#9825,#9826,#9827,#9828,#9829,#9830,#9831,#9832,#9833,#9834,#9835,#9836,#9837,#9838,#9839,#9840,#9841,#9842,#9843,#9844,#9845,#9846,#9847,#9848,#9849,#9850,#9851,#9852,#9853,#9854,#9855,#9856,#9857,#9858,#9859,#9860,#9861,#9862,#9863,#9864,#9865,#9866,#9867,#9868));
#9870=FACE_BOUND('',#9869,.T.);
#9872=DIRECTION('',(-0.442328,0.896853,0.000000));
#9871=VECTOR('',#9872,0.457838);
#9874=CARTESIAN_POINT('',(709.7336,-300.1606,-560.0000));
#9873=LINE('',#9874,#9871);
#9876=VERTEX_POINT('',#9874);
#9877=CARTESIAN_POINT('',(709.5311,-299.7500,-560.0000));
#9878=VERTEX_POINT('',#9877);
#9875=EDGE_CURVE('',#9876,#9878,#9873,.T.);
#9880=DIRECTION('',(-0.555531,0.831496,0.000000));
#9879=VECTOR('',#9880,0.457821);
#9881=LINE('',#9877,#9879);
#9883=CARTESIAN_POINT('',(709.2767,-299.3693,-560.0000));
#9884=VERTEX_POINT('',#9883);
#9882=EDGE_CURVE('',#9878,#9884,#9881,.T.);
#9886=DIRECTION('',(-0.659368,0.751821,0.000000));
#9885=VECTOR('',#9886,0.457832);
#9887=LINE('',#9883,#9885);
#9889=CARTESIAN_POINT('',(708.9749,-299.0251,-560.0000));
#9890=VERTEX_POINT('',#9889);
#9888=EDGE_CURVE('',#9884,#9890,#9887,.T.);
#9892=DIRECTION('',(-0.751825,0.659363,0.000000));
#9891=VECTOR('',#9892,0.457789);
#9893=LINE('',#9889,#9891);
#9895=CARTESIAN_POINT('',(708.6307,-298.7233,-560.0000));
#9896=VERTEX_POINT('',#9895);
#9894=EDGE_CURVE('',#9890,#9896,#9893,.T.);
#9898=DIRECTION('',(-0.831465,0.555577,0.000000));
#9897=VECTOR('',#9898,0.457838);
#9899=LINE('',#9895,#9897);
#9901=CARTESIAN_POINT('',(708.2500,-298.4689,-560.0000));
#9902=VERTEX_POINT('',#9901);
#9900=EDGE_CURVE('',#9896,#9902,#9899,.T.);
#9904=DIRECTION('',(-0.896893,0.442248,0.000000));
#9903=VECTOR('',#9904,0.457852);
#9905=LINE('',#9901,#9903);
#9907=CARTESIAN_POINT('',(707.8394,-298.2664,-560.0000));
#9908=VERTEX_POINT('',#9907);
#9906=EDGE_CURVE('',#9902,#9908,#9905,.T.);
#9910=DIRECTION('',(-0.946922,0.321463,0.000000));
#9909=VECTOR('',#9910,0.457769);
#9911=LINE('',#9907,#9909);
#9913=CARTESIAN_POINT('',(707.4059,-298.1193,-560.0000));
#9914=VERTEX_POINT('',#9913);
#9912=EDGE_CURVE('',#9908,#9914,#9911,.T.);
#9916=DIRECTION('',(-0.980783,0.195103,0.000000));
#9915=VECTOR('',#9916,0.457834);
#9917=LINE('',#9913,#9915);
#9919=CARTESIAN_POINT('',(706.9568,-298.0299,-560.0000));
#9920=VERTEX_POINT('',#9919);
#9918=EDGE_CURVE('',#9914,#9920,#9917,.T.);
#9922=DIRECTION('',(-0.997860,0.065391,0.000000));
#9921=VECTOR('',#9922,0.457828);
#9923=LINE('',#9919,#9921);
#9925=CARTESIAN_POINT('',(706.5000,-298.0000,-560.0000));
#9926=VERTEX_POINT('',#9925);
#9924=EDGE_CURVE('',#9920,#9926,#9923,.T.);
#9928=DIRECTION('',(-0.997860,-0.065391,0.000000));
#9927=VECTOR('',#9928,0.457828);
#9929=LINE('',#9925,#9927);
#9931=CARTESIAN_POINT('',(706.0432,-298.0299,-560.0000));
#9932=VERTEX_POINT('',#9931);
#9930=EDGE_CURVE('',#9926,#9932,#9929,.T.);
#9934=DIRECTION('',(-0.980783,-0.195103,0.000000));
#9933=VECTOR('',#9934,0.457834);
#9935=LINE('',#9931,#9933);
#9937=CARTESIAN_POINT('',(705.5941,-298.1193,-560.0000));
#9938=VERTEX_POINT('',#9937);
#9936=EDGE_CURVE('',#9932,#9938,#9935,.T.);
#9940=DIRECTION('',(-0.946936,-0.321422,0.000000));
#9939=VECTOR('',#9940,0.457827);
#9941=LINE('',#9937,#9939);
#9943=CARTESIAN_POINT('',(705.1606,-298.2664,-560.0000));
#9944=VERTEX_POINT('',#9943);
#9942=EDGE_CURVE('',#9938,#9944,#9941,.T.);
#9946=DIRECTION('',(-0.896867,-0.442301,0.000000));
#9945=VECTOR('',#9946,0.457798);
#9947=LINE('',#9943,#9945);
#9949=CARTESIAN_POINT('',(704.7500,-298.4689,-560.0000));
#9950=VERTEX_POINT('',#9949);
#9948=EDGE_CURVE('',#9944,#9950,#9947,.T.);
#9952=DIRECTION('',(-0.831465,-0.555577,0.000000));
#9951=VECTOR('',#9952,0.457838);
#9953=LINE('',#9949,#9951);
#9955=CARTESIAN_POINT('',(704.3693,-298.7233,-560.0000));
#9956=VERTEX_POINT('',#9955);
#9954=EDGE_CURVE('',#9950,#9956,#9953,.T.);
#9958=DIRECTION('',(-0.751825,-0.659363,0.000000));
#9957=VECTOR('',#9958,0.457789);
#9959=LINE('',#9955,#9957);
#9961=CARTESIAN_POINT('',(704.0251,-299.0251,-560.0000));
#9962=VERTEX_POINT('',#9961);
#9960=EDGE_CURVE('',#9956,#9962,#9959,.T.);
#9964=DIRECTION('',(-0.659368,-0.751821,0.000000));
#9963=VECTOR('',#9964,0.457832);
#9965=LINE('',#9961,#9963);
#9967=CARTESIAN_POINT('',(703.7233,-299.3693,-560.0000));
#9968=VERTEX_POINT('',#9967);
#9966=EDGE_CURVE('',#9962,#9968,#9965,.T.);
#9970=DIRECTION('',(-0.555531,-0.831496,0.000000));
#9969=VECTOR('',#9970,0.457821);
#9971=LINE('',#9967,#9969);
#9973=CARTESIAN_POINT('',(703.4689,-299.7500,-560.0000));
#9974=VERTEX_POINT('',#9973);
#9972=EDGE_CURVE('',#9968,#9974,#9971,.T.);
#9976=DIRECTION('',(-0.442328,-0.896853,0.000000));
#9975=VECTOR('',#9976,0.457838);
#9977=LINE('',#9973,#9975);
#9979=CARTESIAN_POINT('',(703.2664,-300.1606,-560.0000));
#9980=VERTEX_POINT('',#9979);
#9978=EDGE_CURVE('',#9974,#9980,#9977,.T.);
#9982=DIRECTION('',(-0.321422,-0.946936,0.000000));
#9981=VECTOR('',#9982,0.457827);
#9983=LINE('',#9979,#9981);
#9985=CARTESIAN_POINT('',(703.1193,-300.5941,-560.0000));
#9986=VERTEX_POINT('',#9985);
#9984=EDGE_CURVE('',#9980,#9986,#9983,.T.);
#9988=DIRECTION('',(-0.195052,-0.980793,0.000000));
#9987=VECTOR('',#9988,0.457798);
#9989=LINE('',#9985,#9987);
#9991=CARTESIAN_POINT('',(703.0300,-301.0432,-560.0000));
#9992=VERTEX_POINT('',#9991);
#9990=EDGE_CURVE('',#9986,#9992,#9989,.T.);
#9994=DIRECTION('',(-0.065457,-0.997855,0.000000));
#9993=VECTOR('',#9994,0.457830);
#9995=LINE('',#9991,#9993);
#9997=CARTESIAN_POINT('',(703.0000,-301.5000,-560.0000));
#9998=VERTEX_POINT('',#9997);
#9996=EDGE_CURVE('',#9992,#9998,#9995,.T.);
#10000=DIRECTION('',(0.065457,-0.997855,0.000000));
#9999=VECTOR('',#10000,0.457830);
#10001=LINE('',#9997,#9999);
#10003=CARTESIAN_POINT('',(703.0300,-301.9568,-560.0000));
#10004=VERTEX_POINT('',#10003);
#10002=EDGE_CURVE('',#9998,#10004,#10001,.T.);
#10006=DIRECTION('',(0.195052,-0.980793,0.000000));
#10005=VECTOR('',#10006,0.457798);
#10007=LINE('',#10003,#10005);
#10009=CARTESIAN_POINT('',(703.1193,-302.4059,-560.0000));
#10010=VERTEX_POINT('',#10009);
#10008=EDGE_CURVE('',#10004,#10010,#10007,.T.);
#10012=DIRECTION('',(0.321422,-0.946936,0.000000));
#10011=VECTOR('',#10012,0.457827);
#10013=LINE('',#10009,#10011);
#10015=CARTESIAN_POINT('',(703.2664,-302.8394,-560.0000));
#10016=VERTEX_POINT('',#10015);
#10014=EDGE_CURVE('',#10010,#10016,#10013,.T.);
#10018=DIRECTION('',(0.442328,-0.896853,0.000000));
#10017=VECTOR('',#10018,0.457838);
#10019=LINE('',#10015,#10017);
#10021=CARTESIAN_POINT('',(703.4689,-303.2500,-560.0000));
#10022=VERTEX_POINT('',#10021);
#10020=EDGE_CURVE('',#10016,#10022,#10019,.T.);
#10024=DIRECTION('',(0.555531,-0.831496,0.000000));
#10023=VECTOR('',#10024,0.457821);
#10025=LINE('',#10021,#10023);
#10027=CARTESIAN_POINT('',(703.7233,-303.6307,-560.0000));
#10028=VERTEX_POINT('',#10027);
#10026=EDGE_CURVE('',#10022,#10028,#10025,.T.);
#10030=DIRECTION('',(0.659368,-0.751821,0.000000));
#10029=VECTOR('',#10030,0.457832);
#10031=LINE('',#10027,#10029);
#10033=CARTESIAN_POINT('',(704.0251,-303.9749,-560.0000));
#10034=VERTEX_POINT('',#10033);
#10032=EDGE_CURVE('',#10028,#10034,#10031,.T.);
#10036=DIRECTION('',(0.751825,-0.659363,0.000000));
#10035=VECTOR('',#10036,0.457789);
#10037=LINE('',#10033,#10035);
#10039=CARTESIAN_POINT('',(704.3693,-304.2767,-560.0000));
#10040=VERTEX_POINT('',#10039);
#10038=EDGE_CURVE('',#10034,#10040,#10037,.T.);
#10042=DIRECTION('',(0.831465,-0.555577,0.000000));
#10041=VECTOR('',#10042,0.457838);
#10043=LINE('',#10039,#10041);
#10045=CARTESIAN_POINT('',(704.7500,-304.5311,-560.0000));
#10046=VERTEX_POINT('',#10045);
#10044=EDGE_CURVE('',#10040,#10046,#10043,.T.);
#10048=DIRECTION('',(0.896867,-0.442301,0.000000));
#10047=VECTOR('',#10048,0.457798);
#10049=LINE('',#10045,#10047);
#10051=CARTESIAN_POINT('',(705.1606,-304.7336,-560.0000));
#10052=VERTEX_POINT('',#10051);
#10050=EDGE_CURVE('',#10046,#10052,#10049,.T.);
#10054=DIRECTION('',(0.946936,-0.321422,0.000000));
#10053=VECTOR('',#10054,0.457827);
#10055=LINE('',#10051,#10053);
#10057=CARTESIAN_POINT('',(705.5941,-304.8807,-560.0000));
#10058=VERTEX_POINT('',#10057);
#10056=EDGE_CURVE('',#10052,#10058,#10055,.T.);
#10060=DIRECTION('',(0.980783,-0.195103,0.000000));
#10059=VECTOR('',#10060,0.457834);
#10061=LINE('',#10057,#10059);
#10063=CARTESIAN_POINT('',(706.0432,-304.9701,-560.0000));
#10064=VERTEX_POINT('',#10063);
#10062=EDGE_CURVE('',#10058,#10064,#10061,.T.);
#10066=DIRECTION('',(0.997860,-0.065391,0.000000));
#10065=VECTOR('',#10066,0.457828);
#10067=LINE('',#10063,#10065);
#10069=CARTESIAN_POINT('',(706.5000,-305.0000,-560.0000));
#10070=VERTEX_POINT('',#10069);
#10068=EDGE_CURVE('',#10064,#10070,#10067,.T.);
#10072=DIRECTION('',(0.997860,0.065391,0.000000));
#10071=VECTOR('',#10072,0.457828);
#10073=LINE('',#10069,#10071);
#10075=CARTESIAN_POINT('',(706.9568,-304.9701,-560.0000));
#10076=VERTEX_POINT('',#10075);
#10074=EDGE_CURVE('',#10070,#10076,#10073,.T.);
#10078=DIRECTION('',(0.980783,0.195103,0.000000));
#10077=VECTOR('',#10078,0.457834);
#10079=LINE('',#10075,#10077);
#10081=CARTESIAN_POINT('',(707.4059,-304.8807,-560.0000));
#10082=VERTEX_POINT('',#10081);
#10080=EDGE_CURVE('',#10076,#10082,#10079,.T.);
#10084=DIRECTION('',(0.946936,0.321422,0.000000));
#10083=VECTOR('',#10084,0.457827);
#10085=LINE('',#10081,#10083);
#10087=CARTESIAN_POINT('',(707.8394,-304.7336,-560.0000));
#10088=VERTEX_POINT('',#10087);
#10086=EDGE_CURVE('',#10082,#10088,#10085,.T.);
#10090=DIRECTION('',(0.896867,0.442301,0.000000));
#10089=VECTOR('',#10090,0.457798);
#10091=LINE('',#10087,#10089);
#10093=CARTESIAN_POINT('',(708.2500,-304.5311,-560.0000));
#10094=VERTEX_POINT('',#10093);
#10092=EDGE_CURVE('',#10088,#10094,#10091,.T.);
#10096=DIRECTION('',(0.831465,0.555577,0.000000));
#10095=VECTOR('',#10096,0.457838);
#10097=LINE('',#10093,#10095);
#10099=CARTESIAN_POINT('',(708.6307,-304.2767,-560.0000));
#10100=VERTEX_POINT('',#10099);
#10098=EDGE_CURVE('',#10094,#10100,#10097,.T.);
#10102=DIRECTION('',(0.751825,0.659363,0.000000));
#10101=VECTOR('',#10102,0.457789);
#10103=LINE('',#10099,#10101);
#10105=CARTESIAN_POINT('',(708.9749,-303.9749,-560.0000));
#10106=VERTEX_POINT('',#10105);
#10104=EDGE_CURVE('',#10100,#10106,#10103,.T.);
#10108=DIRECTION('',(0.659368,0.751821,0.000000));
#10107=VECTOR('',#10108,0.457832);
#10109=LINE('',#10105,#10107);
#10111=CARTESIAN_POINT('',(709.2767,-303.6307,-560.0000));
#10112=VERTEX_POINT('',#10111);
#10110=EDGE_CURVE('',#10106,#10112,#10109,.T.);
#10114=DIRECTION('',(0.555531,0.831496,0.000000));
#10113=VECTOR('',#10114,0.457821);
#10115=LINE('',#10111,#10113);
#10117=CARTESIAN_POINT('',(709.5311,-303.2500,-560.0000));
#10118=VERTEX_POINT('',#10117);
#10116=EDGE_CURVE('',#10112,#10118,#10115,.T.);
#10120=DIRECTION('',(0.442328,0.896853,0.000000));
#10119=VECTOR('',#10120,0.457838);
#10121=LINE('',#10117,#10119);
#10123=CARTESIAN_POINT('',(709.7336,-302.8394,-560.0000));
#10124=VERTEX_POINT('',#10123);
#10122=EDGE_CURVE('',#10118,#10124,#10121,.T.);
#10126=DIRECTION('',(0.321422,0.946936,0.000000));
#10125=VECTOR('',#10126,0.457827);
#10127=LINE('',#10123,#10125);
#10129=CARTESIAN_POINT('',(709.8807,-302.4059,-560.0000));
#10130=VERTEX_POINT('',#10129);
#10128=EDGE_CURVE('',#10124,#10130,#10127,.T.);
#10132=DIRECTION('',(0.195052,0.980793,0.000000));
#10131=VECTOR('',#10132,0.457798);
#10133=LINE('',#10129,#10131);
#10135=CARTESIAN_POINT('',(709.9700,-301.9568,-560.0000));
#10136=VERTEX_POINT('',#10135);
#10134=EDGE_CURVE('',#10130,#10136,#10133,.T.);
#10138=DIRECTION('',(0.065457,0.997855,0.000000));
#10137=VECTOR('',#10138,0.457830);
#10139=LINE('',#10135,#10137);
#10141=CARTESIAN_POINT('',(710.0000,-301.5000,-560.0000));
#10142=VERTEX_POINT('',#10141);
#10140=EDGE_CURVE('',#10136,#10142,#10139,.T.);
#10144=DIRECTION('',(-0.065457,0.997855,0.000000));
#10143=VECTOR('',#10144,0.457830);
#10145=LINE('',#10141,#10143);
#10147=CARTESIAN_POINT('',(709.9700,-301.0432,-560.0000));
#10148=VERTEX_POINT('',#10147);
#10146=EDGE_CURVE('',#10142,#10148,#10145,.T.);
#10150=DIRECTION('',(-0.195052,0.980793,0.000000));
#10149=VECTOR('',#10150,0.457798);
#10151=LINE('',#10147,#10149);
#10153=CARTESIAN_POINT('',(709.8807,-300.5941,-560.0000));
#10154=VERTEX_POINT('',#10153);
#10152=EDGE_CURVE('',#10148,#10154,#10151,.T.);
#10156=DIRECTION('',(-0.321422,0.946936,0.000000));
#10155=VECTOR('',#10156,0.457827);
#10157=LINE('',#10153,#10155);
#10158=EDGE_CURVE('',#10154,#9876,#10157,.T.);
#10159=ORIENTED_EDGE('',*,*,#9875,.T.);
#10160=ORIENTED_EDGE('',*,*,#9882,.T.);
#10161=ORIENTED_EDGE('',*,*,#9888,.T.);
#10162=ORIENTED_EDGE('',*,*,#9894,.T.);
#10163=ORIENTED_EDGE('',*,*,#9900,.T.);
#10164=ORIENTED_EDGE('',*,*,#9906,.T.);
#10165=ORIENTED_EDGE('',*,*,#9912,.T.);
#10166=ORIENTED_EDGE('',*,*,#9918,.T.);
#10167=ORIENTED_EDGE('',*,*,#9924,.T.);
#10168=ORIENTED_EDGE('',*,*,#9930,.T.);
#10169=ORIENTED_EDGE('',*,*,#9936,.T.);
#10170=ORIENTED_EDGE('',*,*,#9942,.T.);
#10171=ORIENTED_EDGE('',*,*,#9948,.T.);
#10172=ORIENTED_EDGE('',*,*,#9954,.T.);
#10173=ORIENTED_EDGE('',*,*,#9960,.T.);
#10174=ORIENTED_EDGE('',*,*,#9966,.T.);
#10175=ORIENTED_EDGE('',*,*,#9972,.T.);
#10176=ORIENTED_EDGE('',*,*,#9978,.T.);
#10177=ORIENTED_EDGE('',*,*,#9984,.T.);
#10178=ORIENTED_EDGE('',*,*,#9990,.T.);
#10179=ORIENTED_EDGE('',*,*,#9996,.T.);
#10180=ORIENTED_EDGE('',*,*,#10002,.T.);
#10181=ORIENTED_EDGE('',*,*,#10008,.T.);
#10182=ORIENTED_EDGE('',*,*,#10014,.T.);
#10183=ORIENTED_EDGE('',*,*,#10020,.T.);
#10184=ORIENTED_EDGE('',*,*,#10026,.T.);
#10185=ORIENTED_EDGE('',*,*,#10032,.T.);
#10186=ORIENTED_EDGE('',*,*,#10038,.T.);
#10187=ORIENTED_EDGE('',*,*,#10044,.T.);
#10188=ORIENTED_EDGE('',*,*,#10050,.T.);
#10189=ORIENTED_EDGE('',*,*,#10056,.T.);
#10190=ORIENTED_EDGE('',*,*,#10062,.T.);
#10191=ORIENTED_EDGE('',*,*,#10068,.T.);
#10192=ORIENTED_EDGE('',*,*,#10074,.T.);
#10193=ORIENTED_EDGE('',*,*,#10080,.T.);
#10194=ORIENTED_EDGE('',*,*,#10086,.T.);
#10195=ORIENTED_EDGE('',*,*,#10092,.T.);
#10196=ORIENTED_EDGE('',*,*,#10098,.T.);
#10197=ORIENTED_EDGE('',*,*,#10104,.T.);
#10198=ORIENTED_EDGE('',*,*,#10110,.T.);
#10199=ORIENTED_EDGE('',*,*,#10116,.T.);
#10200=ORIENTED_EDGE('',*,*,#10122,.T.);
#10201=ORIENTED_EDGE('',*,*,#10128,.T.);
#10202=ORIENTED_EDGE('',*,*,#10134,.T.);
#10203=ORIENTED_EDGE('',*,*,#10140,.T.);
#10204=ORIENTED_EDGE('',*,*,#10146,.T.);
#10205=ORIENTED_EDGE('',*,*,#10152,.T.);
#10206=ORIENTED_EDGE('',*,*,#10158,.T.);
#10207=EDGE_LOOP('',(#10159,#10160,#10161,#10162,#10163,#10164,#10165,#10166,#10167,#10168,#10169,#10170,#10171,#10172,#10173,#10174,#10175,#10176,#10177,#10178,#10179,#10180,#10181,#10182,#10183,#10184,#10185,#10186,#10187,#10188,#10189,#10190,#10191,#10192,#10193,#10194,#10195,#10196,#10197,#10198,#10199,#10200,#10201,#10202,#10203,#10204,#10205,#10206));
#10208=FACE_BOUND('',#10207,.T.);
#10210=DIRECTION('',(0.997859,0.065405,0.000000));
#10209=VECTOR('',#10210,16.536568);
#10212=CARTESIAN_POINT('',(684.1628,-308.8565,-560.0000));
#10211=LINE('',#10212,#10209);
#10214=VERTEX_POINT('',#10212);
#10215=CARTESIAN_POINT('',(700.6640,-307.7749,-560.0000));
#10216=VERTEX_POINT('',#10215);
#10213=EDGE_CURVE('',#10214,#10216,#10211,.T.);
#10218=DIRECTION('',(-0.997859,-0.065403,0.000000));
#10217=VECTOR('',#10218,10.631650);
#10219=LINE('',#10215,#10217);
#10221=CARTESIAN_POINT('',(690.0551,-308.4702,-560.0000));
#10222=VERTEX_POINT('',#10221);
#10220=EDGE_CURVE('',#10216,#10222,#10219,.T.);
#10224=DIRECTION('',(-0.997859,-0.065408,0.000000));
#10223=VECTOR('',#10224,5.904918);
#10225=LINE('',#10221,#10223);
#10226=EDGE_CURVE('',#10222,#10214,#10225,.T.);
#10227=ORIENTED_EDGE('',*,*,#10213,.T.);
#10228=ORIENTED_EDGE('',*,*,#10220,.T.);
#10229=ORIENTED_EDGE('',*,*,#10226,.T.);
#10230=EDGE_LOOP('',(#10227,#10228,#10229));
#10231=FACE_BOUND('',#10230,.T.);
#10233=DIRECTION('',(0.997859,0.065404,0.000000));
#10232=VECTOR('',#10233,11.756006);
#10235=CARTESIAN_POINT('',(639.9256,-306.9712,-560.0000));
#10234=LINE('',#10235,#10232);
#10237=VERTEX_POINT('',#10235);
#10238=CARTESIAN_POINT('',(651.6564,-306.2023,-560.0000));
#10239=VERTEX_POINT('',#10238);
#10236=EDGE_CURVE('',#10237,#10239,#10234,.T.);
#10241=DIRECTION('',(-0.997859,-0.065402,0.000000));
#10240=VECTOR('',#10241,7.916179);
#10242=LINE('',#10238,#10240);
#10244=CARTESIAN_POINT('',(643.7572,-306.7201,-560.0000));
#10245=VERTEX_POINT('',#10244);
#10243=EDGE_CURVE('',#10239,#10245,#10242,.T.);
#10247=DIRECTION('',(-0.997859,-0.065409,0.000000));
#10246=VECTOR('',#10247,3.839827);
#10248=LINE('',#10244,#10246);
#10249=EDGE_CURVE('',#10245,#10237,#10248,.T.);
#10250=ORIENTED_EDGE('',*,*,#10236,.T.);
#10251=ORIENTED_EDGE('',*,*,#10243,.T.);
#10252=ORIENTED_EDGE('',*,*,#10249,.T.);
#10253=EDGE_LOOP('',(#10250,#10251,#10252));
#10254=FACE_BOUND('',#10253,.T.);
#10256=DIRECTION('',(0.997859,0.065407,0.000000));
#10255=VECTOR('',#10256,8.505273);
#10258=CARTESIAN_POINT('',(616.0143,-308.5385,-560.0000));
#10257=LINE('',#10258,#10255);
#10260=VERTEX_POINT('',#10258);
#10261=CARTESIAN_POINT('',(624.5013,-307.9822,-560.0000));
#10262=VERTEX_POINT('',#10261);
#10259=EDGE_CURVE('',#10260,#10262,#10257,.T.);
#10264=DIRECTION('',(-0.997859,-0.065405,0.000000));
#10263=VECTOR('',#10264,7.462206);
#10265=LINE('',#10261,#10263);
#10267=CARTESIAN_POINT('',(617.0551,-308.4702,-560.0000));
#10268=VERTEX_POINT('',#10267);
#10266=EDGE_CURVE('',#10262,#10268,#10265,.T.);
#10270=DIRECTION('',(-0.997858,-0.065420,0.000000));
#10269=VECTOR('',#10270,1.043067);
#10271=LINE('',#10267,#10269);
#10272=EDGE_CURVE('',#10268,#10260,#10271,.T.);
#10273=ORIENTED_EDGE('',*,*,#10259,.T.);
#10274=ORIENTED_EDGE('',*,*,#10266,.T.);
#10275=ORIENTED_EDGE('',*,*,#10272,.T.);
#10276=EDGE_LOOP('',(#10273,#10274,#10275));
#10277=FACE_BOUND('',#10276,.T.);
#10279=DIRECTION('',(0.997859,0.065401,0.000000));
#10278=VECTOR('',#10279,5.236920);
#10281=CARTESIAN_POINT('',(675.3177,-307.0438,-560.0000));
#10280=LINE('',#10281,#10278);
#10283=VERTEX_POINT('',#10281);
#10284=CARTESIAN_POINT('',(680.5434,-306.7013,-560.0000));
#10285=VERTEX_POINT('',#10284);
#10282=EDGE_CURVE('',#10283,#10285,#10280,.T.);
#10287=DIRECTION('',(-0.997864,-0.065333,0.000000));
#10286=VECTOR('',#10287,0.286807);
#10288=LINE('',#10284,#10286);
#10290=CARTESIAN_POINT('',(680.2572,-306.7201,-560.0000));
#10291=VERTEX_POINT('',#10290);
#10289=EDGE_CURVE('',#10285,#10291,#10288,.T.);
#10293=DIRECTION('',(-0.997859,-0.065405,0.000000));
#10292=VECTOR('',#10293,4.950113);
#10294=LINE('',#10290,#10292);
#10295=EDGE_CURVE('',#10291,#10283,#10294,.T.);
#10296=ORIENTED_EDGE('',*,*,#10282,.T.);
#10297=ORIENTED_EDGE('',*,*,#10289,.T.);
#10298=ORIENTED_EDGE('',*,*,#10295,.T.);
#10299=EDGE_LOOP('',(#10296,#10297,#10298));
#10300=FACE_BOUND('',#10299,.T.);
#10302=DIRECTION('',(0.997859,0.065403,0.000000));
#10301=VECTOR('',#10302,2.806179);
#10303=LINE('',#10238,#10301);
#10305=CARTESIAN_POINT('',(654.4566,-306.0188,-560.0000));
#10306=VERTEX_POINT('',#10305);
#10304=EDGE_CURVE('',#10239,#10306,#10303,.T.);
#10308=DIRECTION('',(-0.997860,-0.065390,0.000000));
#10307=VECTOR('',#10308,1.752469);
#10309=LINE('',#10305,#10307);
#10311=CARTESIAN_POINT('',(652.7079,-306.1334,-560.0000));
#10312=VERTEX_POINT('',#10311);
#10310=EDGE_CURVE('',#10306,#10312,#10309,.T.);
#10314=DIRECTION('',(-0.997857,-0.065425,0.000000));
#10313=VECTOR('',#10314,1.053710);
#10315=LINE('',#10311,#10313);
#10316=EDGE_CURVE('',#10312,#10239,#10315,.T.);
#10317=ORIENTED_EDGE('',*,*,#10304,.T.);
#10318=ORIENTED_EDGE('',*,*,#10310,.T.);
#10319=ORIENTED_EDGE('',*,*,#10316,.T.);
#10320=EDGE_LOOP('',(#10317,#10318,#10319));
#10321=FACE_BOUND('',#10320,.T.);
#10323=DIRECTION('',(0.997859,0.065405,0.000000));
#10322=VECTOR('',#10323,13.766415);
#10325=CARTESIAN_POINT('',(716.5771,-306.7319,-560.0000));
#10324=LINE('',#10325,#10322);
#10327=VERTEX_POINT('',#10325);
#10328=CARTESIAN_POINT('',(730.3140,-305.8315,-560.0000));
#10329=VERTEX_POINT('',#10328);
#10326=EDGE_CURVE('',#10327,#10329,#10324,.T.);
#10331=DIRECTION('',(-0.997846,-0.065595,0.000000));
#10330=VECTOR('',#10331,0.092117);
#10332=LINE('',#10328,#10330);
#10334=CARTESIAN_POINT('',(730.2221,-305.8375,-560.0000));
#10335=VERTEX_POINT('',#10334);
#10333=EDGE_CURVE('',#10329,#10335,#10332,.T.);
#10337=DIRECTION('',(-0.997859,-0.065401,0.000000));
#10336=VECTOR('',#10337,4.523907);
#10338=LINE('',#10334,#10336);
#10340=CARTESIAN_POINT('',(725.7079,-306.1334,-560.0000));
#10341=VERTEX_POINT('',#10340);
#10339=EDGE_CURVE('',#10335,#10341,#10338,.T.);
#10343=DIRECTION('',(-0.997859,-0.065404,0.000000));
#10342=VECTOR('',#10343,8.969890);
#10344=LINE('',#10340,#10342);
#10346=CARTESIAN_POINT('',(716.7572,-306.7201,-560.0000));
#10347=VERTEX_POINT('',#10346);
#10345=EDGE_CURVE('',#10341,#10347,#10344,.T.);
#10349=DIRECTION('',(-0.997857,-0.065430,0.000000));
#10348=VECTOR('',#10349,0.180502);
#10350=LINE('',#10346,#10348);
#10351=EDGE_CURVE('',#10347,#10327,#10350,.T.);
#10352=ORIENTED_EDGE('',*,*,#10326,.T.);
#10353=ORIENTED_EDGE('',*,*,#10333,.T.);
#10354=ORIENTED_EDGE('',*,*,#10339,.T.);
#10355=ORIENTED_EDGE('',*,*,#10345,.T.);
#10356=ORIENTED_EDGE('',*,*,#10351,.T.);
#10357=EDGE_LOOP('',(#10352,#10353,#10354,#10355,#10356));
#10358=FACE_BOUND('',#10357,.T.);
#10360=DIRECTION('',(0.997858,0.065416,0.000000));
#10359=VECTOR('',#10360,1.577292);
#10362=CARTESIAN_POINT('',(732.8055,-305.6682,-560.0000));
#10361=LINE('',#10362,#10359);
#10364=VERTEX_POINT('',#10362);
#10365=CARTESIAN_POINT('',(734.3794,-305.5650,-560.0000));
#10366=VERTEX_POINT('',#10365);
#10363=EDGE_CURVE('',#10364,#10366,#10361,.T.);
#10368=DIRECTION('',(-0.997858,-0.065414,0.000000));
#10367=VECTOR('',#10368,1.420584);
#10369=LINE('',#10365,#10367);
#10371=CARTESIAN_POINT('',(732.9619,-305.6580,-560.0000));
#10372=VERTEX_POINT('',#10371);
#10370=EDGE_CURVE('',#10366,#10372,#10369,.T.);
#10374=DIRECTION('',(-0.997857,-0.065433,0.000000));
#10373=VECTOR('',#10374,0.156708);
#10375=LINE('',#10371,#10373);
#10376=EDGE_CURVE('',#10372,#10364,#10375,.T.);
#10377=ORIENTED_EDGE('',*,*,#10363,.T.);
#10378=ORIENTED_EDGE('',*,*,#10370,.T.);
#10379=ORIENTED_EDGE('',*,*,#10376,.T.);
#10380=EDGE_LOOP('',(#10377,#10378,#10379));
#10381=FACE_BOUND('',#10380,.T.);
#10383=DIRECTION('',(0.997859,0.065403,0.000000));
#10382=VECTOR('',#10383,2.806179);
#10385=CARTESIAN_POINT('',(651.6564,-308.5947,-560.0000));
#10384=LINE('',#10385,#10382);
#10387=VERTEX_POINT('',#10385);
#10388=CARTESIAN_POINT('',(654.4566,-308.4112,-560.0000));
#10389=VERTEX_POINT('',#10388);
#10386=EDGE_CURVE('',#10387,#10389,#10384,.T.);
#10391=DIRECTION('',(-0.997859,-0.065404,0.000000));
#10390=VECTOR('',#10391,0.902873);
#10392=LINE('',#10388,#10390);
#10394=CARTESIAN_POINT('',(653.5557,-308.4702,-560.0000));
#10395=VERTEX_POINT('',#10394);
#10393=EDGE_CURVE('',#10389,#10395,#10392,.T.);
#10397=DIRECTION('',(-0.997859,-0.065403,0.000000));
#10396=VECTOR('',#10397,1.903306);
#10398=LINE('',#10394,#10396);
#10399=EDGE_CURVE('',#10395,#10387,#10398,.T.);
#10400=ORIENTED_EDGE('',*,*,#10386,.T.);
#10401=ORIENTED_EDGE('',*,*,#10393,.T.);
#10402=ORIENTED_EDGE('',*,*,#10399,.T.);
#10403=EDGE_LOOP('',(#10400,#10401,#10402));
#10404=FACE_BOUND('',#10403,.T.);
#10406=DIRECTION('',(-1.000000,0.000000,0.000000));
#10405=VECTOR('',#10406,2.872437);
#10408=CARTESIAN_POINT('',(791.5762,-314.0000,-560.0000));
#10407=LINE('',#10408,#10405);
#10410=VERTEX_POINT('',#10408);
#10411=CARTESIAN_POINT('',(788.7037,-314.0000,-560.0000));
#10412=VERTEX_POINT('',#10411);
#10409=EDGE_CURVE('',#10410,#10412,#10407,.T.);
#10414=DIRECTION('',(-1.000000,0.000000,0.000000));
#10413=VECTOR('',#10414,13.040405);
#10415=LINE('',#10411,#10413);
#10417=CARTESIAN_POINT('',(775.6633,-314.0000,-560.0000));
#10418=VERTEX_POINT('',#10417);
#10416=EDGE_CURVE('',#10412,#10418,#10415,.T.);
#10420=DIRECTION('',(1.000000,0.000000,0.000000));
#10419=VECTOR('',#10420,15.912842);
#10421=LINE('',#10417,#10419);
#10422=EDGE_CURVE('',#10418,#10410,#10421,.T.);
#10423=ORIENTED_EDGE('',*,*,#10409,.T.);
#10424=ORIENTED_EDGE('',*,*,#10416,.T.);
#10425=ORIENTED_EDGE('',*,*,#10422,.T.);
#10426=EDGE_LOOP('',(#10423,#10424,#10425));
#10427=FACE_BOUND('',#10426,.T.);
#10430=CARTESIAN_POINT('',(610.0000,-314.0000,-560.0000));
#10431=DIRECTION('',(0.000000,0.000000,-1.000000));
#10432=DIRECTION('',(1.000000,0.000000,0.000000));
#10429=AXIS2_PLACEMENT_3D('',#10430,#10431,#10432);
#10428=PLANE('',#10429);
#10433=ADVANCED_FACE('',(#9187,#9532,#9870,#10208,#10231,#10254,#10277,#10300,#10321,#10358,#10381,#10404,#10427),#10428,.T.);
#10436=CARTESIAN_POINT('',(670.0000,-301.5000,-560.0000));
#10437=DIRECTION('',(0.000000,0.000000,1.000000));
#10438=DIRECTION('',(0.000000,1.000000,0.000000));
#10435=AXIS2_PLACEMENT_3D('',#10436,#10437,#10438);
#10434=CIRCLE('',#10435,3.500000);
#10439=EDGE_CURVE('',#9249,#9393,#10434,.T.);
#10440=EDGE_CURVE('',#9393,#9249,#10434,.T.);
#10441=ORIENTED_EDGE('',*,*,#10440,.F.);
#10442=ORIENTED_EDGE('',*,*,#10439,.F.);
#10443=EDGE_LOOP('',(#10441,#10442));
#10444=FACE_OUTER_BOUND('',#10443,.T.);
#10447=CARTESIAN_POINT('',(670.0000,-301.5000,-558.0000));
#10448=DIRECTION('',(0.000000,0.000000,1.000000));
#10449=DIRECTION('',(0.000000,1.000000,0.000000));
#10446=AXIS2_PLACEMENT_3D('',#10447,#10448,#10449);
#10445=CIRCLE('',#10446,3.500000);
#10450=EDGE_CURVE('',#8066,#7922,#10445,.T.);
#10451=EDGE_CURVE('',#7922,#8066,#10445,.T.);
#10452=ORIENTED_EDGE('',*,*,#10450,.T.);
#10453=ORIENTED_EDGE('',*,*,#10451,.T.);
#10454=EDGE_LOOP('',(#10452,#10453));
#10455=FACE_BOUND('',#10454,.T.);
#10458=CARTESIAN_POINT('',(670.0000,-301.5000,-232.0000));
#10459=DIRECTION('',(0.000000,0.000000,1.000000));
#10460=DIRECTION('',(0.000000,1.000000,0.000000));
#10457=AXIS2_PLACEMENT_3D('',#10458,#10459,#10460);
#10456=CIRCLE('',#10457,3.500000);
#10461=EDGE_CURVE('',#4781,#4925,#10456,.T.);
#10462=EDGE_CURVE('',#4925,#4781,#10456,.T.);
#10463=ORIENTED_EDGE('',*,*,#10462,.F.);
#10464=ORIENTED_EDGE('',*,*,#10461,.F.);
#10465=EDGE_LOOP('',(#10463,#10464));
#10466=FACE_BOUND('',#10465,.T.);
#10469=CARTESIAN_POINT('',(670.0000,-301.5000,-230.0000));
#10470=DIRECTION('',(0.000000,0.000000,1.000000));
#10471=DIRECTION('',(0.000000,1.000000,0.000000));
#10468=AXIS2_PLACEMENT_3D('',#10469,#10470,#10471);
#10467=CIRCLE('',#10468,3.500000);
#10472=EDGE_CURVE('',#3547,#3975,#10467,.T.);
#10473=EDGE_CURVE('',#3975,#3547,#10467,.T.);
#10474=ORIENTED_EDGE('',*,*,#10472,.T.);
#10475=ORIENTED_EDGE('',*,*,#10473,.T.);
#10476=EDGE_LOOP('',(#10474,#10475));
#10477=FACE_BOUND('',#10476,.T.);
#10480=DIRECTION('',(0.000000,0.000000,1.000000));
#10481=DIRECTION('',(0.000000,1.000000,0.000000));
#10479=AXIS2_PLACEMENT_3D('',#10436,#10480,#10481);
#10478=CYLINDRICAL_SURFACE('',#10479,3.500000);
#10482=ADVANCED_FACE('',(#10444,#10455,#10466,#10477),#10478,.F.);
#10485=CARTESIAN_POINT('',(706.5000,-301.5000,-558.0000));
#10486=DIRECTION('',(0.000000,0.000000,1.000000));
#10487=DIRECTION('',(0.000000,1.000000,0.000000));
#10484=AXIS2_PLACEMENT_3D('',#10485,#10486,#10487);
#10483=CIRCLE('',#10484,3.500000);
#10488=EDGE_CURVE('',#8411,#8267,#10483,.T.);
#10489=EDGE_CURVE('',#8267,#8411,#10483,.T.);
#10490=ORIENTED_EDGE('',*,*,#10488,.T.);
#10491=ORIENTED_EDGE('',*,*,#10489,.T.);
#10492=EDGE_LOOP('',(#10490,#10491));
#10493=FACE_OUTER_BOUND('',#10492,.T.);
#10496=CARTESIAN_POINT('',(706.5000,-301.5000,-560.0000));
#10497=DIRECTION('',(0.000000,0.000000,1.000000));
#10498=DIRECTION('',(0.000000,1.000000,0.000000));
#10495=AXIS2_PLACEMENT_3D('',#10496,#10497,#10498);
#10494=CIRCLE('',#10495,3.500000);
#10499=EDGE_CURVE('',#9926,#10070,#10494,.T.);
#10500=EDGE_CURVE('',#10070,#9926,#10494,.T.);
#10501=ORIENTED_EDGE('',*,*,#10500,.F.);
#10502=ORIENTED_EDGE('',*,*,#10499,.F.);
#10503=EDGE_LOOP('',(#10501,#10502));
#10504=FACE_BOUND('',#10503,.T.);
#10507=CARTESIAN_POINT('',(706.5000,-301.5000,-230.0000));
#10508=DIRECTION('',(0.000000,0.000000,1.000000));
#10509=DIRECTION('',(0.000000,1.000000,0.000000));
#10506=AXIS2_PLACEMENT_3D('',#10507,#10508,#10509);
#10505=CIRCLE('',#10506,3.500000);
#10510=EDGE_CURVE('',#3257,#3996,#10505,.T.);
#10511=EDGE_CURVE('',#3996,#3257,#10505,.T.);
#10512=ORIENTED_EDGE('',*,*,#10510,.T.);
#10513=ORIENTED_EDGE('',*,*,#10511,.T.);
#10514=EDGE_LOOP('',(#10512,#10513));
#10515=FACE_BOUND('',#10514,.T.);
#10518=CARTESIAN_POINT('',(706.5000,-301.5000,-232.0000));
#10519=DIRECTION('',(0.000000,0.000000,1.000000));
#10520=DIRECTION('',(0.000000,1.000000,0.000000));
#10517=AXIS2_PLACEMENT_3D('',#10518,#10519,#10520);
#10516=CIRCLE('',#10517,3.500000);
#10521=EDGE_CURVE('',#4483,#4627,#10516,.T.);
#10522=EDGE_CURVE('',#4627,#4483,#10516,.T.);
#10523=ORIENTED_EDGE('',*,*,#10522,.F.);
#10524=ORIENTED_EDGE('',*,*,#10521,.F.);
#10525=EDGE_LOOP('',(#10523,#10524));
#10526=FACE_BOUND('',#10525,.T.);
#10529=DIRECTION('',(0.000000,0.000000,1.000000));
#10530=DIRECTION('',(0.000000,1.000000,0.000000));
#10528=AXIS2_PLACEMENT_3D('',#10485,#10529,#10530);
#10527=CYLINDRICAL_SURFACE('',#10528,3.500000);
#10531=ADVANCED_FACE('',(#10493,#10504,#10515,#10526),#10527,.F.);
#10534=CARTESIAN_POINT('',(743.0000,-301.5000,-558.0000));
#10535=DIRECTION('',(0.000000,0.000000,1.000000));
#10536=DIRECTION('',(0.000000,1.000000,0.000000));
#10533=AXIS2_PLACEMENT_3D('',#10534,#10535,#10536);
#10532=CIRCLE('',#10533,3.500000);
#10537=EDGE_CURVE('',#7645,#8637,#10532,.T.);
#10538=EDGE_CURVE('',#8637,#7645,#10532,.T.);
#10539=ORIENTED_EDGE('',*,*,#10537,.T.);
#10540=ORIENTED_EDGE('',*,*,#10538,.T.);
#10541=EDGE_LOOP('',(#10539,#10540));
#10542=FACE_OUTER_BOUND('',#10541,.T.);
#10545=CARTESIAN_POINT('',(743.0000,-301.5000,-560.0000));
#10546=DIRECTION('',(0.000000,0.000000,1.000000));
#10547=DIRECTION('',(0.000000,1.000000,0.000000));
#10544=AXIS2_PLACEMENT_3D('',#10545,#10546,#10547);
#10543=CIRCLE('',#10544,3.500000);
#10548=EDGE_CURVE('',#9672,#9816,#10543,.T.);
#10549=EDGE_CURVE('',#9816,#9672,#10543,.T.);
#10550=ORIENTED_EDGE('',*,*,#10549,.F.);
#10551=ORIENTED_EDGE('',*,*,#10548,.F.);
#10552=EDGE_LOOP('',(#10550,#10551));
#10553=FACE_BOUND('',#10552,.T.);
#10556=CARTESIAN_POINT('',(743.0000,-301.5000,-230.0000));
#10557=DIRECTION('',(0.000000,0.000000,1.000000));
#10558=DIRECTION('',(0.000000,1.000000,0.000000));
#10555=AXIS2_PLACEMENT_3D('',#10556,#10557,#10558);
#10554=CIRCLE('',#10555,3.500000);
#10559=EDGE_CURVE('',#2849,#4017,#10554,.T.);
#10560=EDGE_CURVE('',#4017,#2849,#10554,.T.);
#10561=ORIENTED_EDGE('',*,*,#10559,.T.);
#10562=ORIENTED_EDGE('',*,*,#10560,.T.);
#10563=EDGE_LOOP('',(#10561,#10562));
#10564=FACE_BOUND('',#10563,.T.);
#10567=CARTESIAN_POINT('',(743.0000,-301.5000,-232.0000));
#10568=DIRECTION('',(0.000000,0.000000,1.000000));
#10569=DIRECTION('',(0.000000,1.000000,0.000000));
#10566=AXIS2_PLACEMENT_3D('',#10567,#10568,#10569);
#10565=CIRCLE('',#10566,3.500000);
#10570=EDGE_CURVE('',#4185,#4329,#10565,.T.);
#10571=EDGE_CURVE('',#4329,#4185,#10565,.T.);
#10572=ORIENTED_EDGE('',*,*,#10571,.F.);
#10573=ORIENTED_EDGE('',*,*,#10570,.F.);
#10574=EDGE_LOOP('',(#10572,#10573));
#10575=FACE_BOUND('',#10574,.T.);
#10578=DIRECTION('',(0.000000,0.000000,1.000000));
#10579=DIRECTION('',(0.000000,1.000000,0.000000));
#10577=AXIS2_PLACEMENT_3D('',#10534,#10578,#10579);
#10576=CYLINDRICAL_SURFACE('',#10577,3.500000);
#10580=ADVANCED_FACE('',(#10542,#10553,#10564,#10575),#10576,.F.);
#10583=CARTESIAN_POINT('',(660.0000,-314.0000,-250.0000));
#10584=DIRECTION('',(0.000000,1.000000,0.000000));
#10585=DIRECTION('',(0.000000,0.000000,-1.000000));
#10582=AXIS2_PLACEMENT_3D('',#10583,#10584,#10585);
#10581=CIRCLE('',#10582,5.000002);
#10586=EDGE_CURVE('',#5248,#5680,#10581,.T.);
#10587=EDGE_CURVE('',#5680,#5248,#10581,.T.);
#10588=ORIENTED_EDGE('',*,*,#10586,.T.);
#10589=ORIENTED_EDGE('',*,*,#10587,.T.);
#10590=EDGE_LOOP('',(#10588,#10589));
#10591=FACE_OUTER_BOUND('',#10590,.T.);
#10594=CARTESIAN_POINT('',(660.0000,-316.0000,-250.0000));
#10595=DIRECTION('',(0.000000,1.000000,0.000000));
#10596=DIRECTION('',(0.000000,0.000000,-1.000000));
#10593=AXIS2_PLACEMENT_3D('',#10594,#10595,#10596);
#10592=CIRCLE('',#10593,5.000002);
#10597=EDGE_CURVE('',#511,#2109,#10592,.T.);
#10598=EDGE_CURVE('',#2109,#511,#10592,.T.);
#10599=ORIENTED_EDGE('',*,*,#10598,.F.);
#10600=ORIENTED_EDGE('',*,*,#10597,.F.);
#10601=EDGE_LOOP('',(#10599,#10600));
#10602=FACE_BOUND('',#10601,.T.);
#10605=DIRECTION('',(0.000000,1.000000,0.000000));
#10606=DIRECTION('',(0.000000,0.000000,-1.000000));
#10604=AXIS2_PLACEMENT_3D('',#10583,#10605,#10606);
#10603=CYLINDRICAL_SURFACE('',#10604,5.000002);
#10607=ADVANCED_FACE('',(#10591,#10602),#10603,.F.);
#10610=CARTESIAN_POINT('',(735.0000,-314.0000,-250.0000));
#10611=DIRECTION('',(0.000000,1.000000,0.000000));
#10612=DIRECTION('',(0.000000,0.000000,-1.000000));
#10609=AXIS2_PLACEMENT_3D('',#10610,#10611,#10612);
#10608=CIRCLE('',#10609,5.000002);
#10613=EDGE_CURVE('',#5392,#5536,#10608,.T.);
#10614=EDGE_CURVE('',#5536,#5392,#10608,.T.);
#10615=ORIENTED_EDGE('',*,*,#10613,.T.);
#10616=ORIENTED_EDGE('',*,*,#10614,.T.);
#10617=EDGE_LOOP('',(#10615,#10616));
#10618=FACE_OUTER_BOUND('',#10617,.T.);
#10621=CARTESIAN_POINT('',(735.0000,-316.0000,-250.0000));
#10622=DIRECTION('',(0.000000,1.000000,0.000000));
#10623=DIRECTION('',(0.000000,0.000000,-1.000000));
#10620=AXIS2_PLACEMENT_3D('',#10621,#10622,#10623);
#10619=CIRCLE('',#10620,5.000002);
#10624=EDGE_CURVE('',#367,#2130,#10619,.T.);
#10625=EDGE_CURVE('',#2130,#367,#10619,.T.);
#10626=ORIENTED_EDGE('',*,*,#10625,.F.);
#10627=ORIENTED_EDGE('',*,*,#10624,.F.);
#10628=EDGE_LOOP('',(#10626,#10627));
#10629=FACE_BOUND('',#10628,.T.);
#10632=DIRECTION('',(0.000000,1.000000,0.000000));
#10633=DIRECTION('',(0.000000,0.000000,-1.000000));
#10631=AXIS2_PLACEMENT_3D('',#10610,#10632,#10633);
#10630=CYLINDRICAL_SURFACE('',#10631,5.000002);
#10634=ADVANCED_FACE('',(#10618,#10629),#10630,.F.);
#10637=CARTESIAN_POINT('',(735.0000,-314.0000,-330.0000));
#10638=DIRECTION('',(0.000000,1.000000,0.000000));
#10639=DIRECTION('',(0.000000,0.000000,-1.000000));
#10636=AXIS2_PLACEMENT_3D('',#10637,#10638,#10639);
#10635=CIRCLE('',#10636,4.999999);
#10640=EDGE_CURVE('',#6638,#6782,#10635,.T.);
#10641=EDGE_CURVE('',#6782,#6638,#10635,.T.);
#10642=ORIENTED_EDGE('',*,*,#10640,.T.);
#10643=ORIENTED_EDGE('',*,*,#10641,.T.);
#10644=EDGE_LOOP('',(#10642,#10643));
#10645=FACE_OUTER_BOUND('',#10644,.T.);
#10648=CARTESIAN_POINT('',(735.0000,-316.0000,-330.0000));
#10649=DIRECTION('',(0.000000,1.000000,0.000000));
#10650=DIRECTION('',(0.000000,0.000000,-1.000000));
#10647=AXIS2_PLACEMENT_3D('',#10648,#10649,#10650);
#10646=CIRCLE('',#10647,4.999999);
#10651=EDGE_CURVE('',#1224,#2088,#10646,.T.);
#10652=EDGE_CURVE('',#2088,#1224,#10646,.T.);
#10653=ORIENTED_EDGE('',*,*,#10652,.F.);
#10654=ORIENTED_EDGE('',*,*,#10651,.F.);
#10655=EDGE_LOOP('',(#10653,#10654));
#10656=FACE_BOUND('',#10655,.T.);
#10659=DIRECTION('',(0.000000,1.000000,0.000000));
#10660=DIRECTION('',(0.000000,0.000000,-1.000000));
#10658=AXIS2_PLACEMENT_3D('',#10637,#10659,#10660);
#10657=CYLINDRICAL_SURFACE('',#10658,4.999999);
#10661=ADVANCED_FACE('',(#10645,#10656),#10657,.F.);
#10663=DIRECTION('',(0.000000,-1.000000,0.000000));
#10662=VECTOR('',#10663,2.000000);
#10665=CARTESIAN_POINT('',(692.4855,-314.0000,-361.2211));
#10664=LINE('',#10665,#10662);
#10667=VERTEX_POINT('',#10665);
#10668=CARTESIAN_POINT('',(692.4855,-316.0000,-361.2211));
#10669=VERTEX_POINT('',#10668);
#10666=EDGE_CURVE('',#10667,#10669,#10664,.T.);
#10671=DIRECTION('',(0.065285,0.000000,0.997867));
#10670=VECTOR('',#10671,0.221573);
#10672=LINE('',#10668,#10670);
#10673=EDGE_CURVE('',#10669,#830,#10672,.T.);
#10675=DIRECTION('',(0.000000,1.000000,0.000000));
#10674=VECTOR('',#10675,2.000000);
#10676=LINE('',#829,#10674);
#10677=EDGE_CURVE('',#830,#6008,#10676,.T.);
#10679=DIRECTION('',(-0.065285,0.000000,-0.997867));
#10678=VECTOR('',#10679,0.221573);
#10680=LINE('',#6007,#10678);
#10681=EDGE_CURVE('',#6008,#10667,#10680,.T.);
#10682=ORIENTED_EDGE('',*,*,#10666,.T.);
#10683=ORIENTED_EDGE('',*,*,#10673,.T.);
#10684=ORIENTED_EDGE('',*,*,#10677,.T.);
#10685=ORIENTED_EDGE('',*,*,#10681,.T.);
#10686=EDGE_LOOP('',(#10682,#10683,#10684,#10685));
#10687=FACE_OUTER_BOUND('',#10686,.T.);
#10690=DIRECTION('',(-0.997867,0.000000,0.065285));
#10691=DIRECTION('',(0.000000,-1.000000,0.000000));
#10689=AXIS2_PLACEMENT_3D('',#10665,#10690,#10691);
#10688=PLANE('',#10689);
#10692=ADVANCED_FACE('',(#10687),#10688,.T.);
#10694=DIRECTION('',(0.065419,0.000000,-0.997858));
#10693=VECTOR('',#10694,0.815437);
#10696=CARTESIAN_POINT('',(692.4467,-314.0000,-360.1863));
#10695=LINE('',#10696,#10693);
#10698=VERTEX_POINT('',#10696);
#10697=EDGE_CURVE('',#10698,#6008,#10695,.T.);
#10700=DIRECTION('',(-0.024793,-0.925313,0.378393));
#10699=VECTOR('',#10700,2.161431);
#10701=LINE('',#6007,#10699);
#10703=CARTESIAN_POINT('',(692.4464,-316.0000,-360.1821));
#10704=VERTEX_POINT('',#10703);
#10702=EDGE_CURVE('',#6008,#10704,#10701,.T.);
#10706=DIRECTION('',(-0.065416,0.000000,0.997858));
#10705=VECTOR('',#10706,0.815467);
#10707=LINE('',#10703,#10705);
#10708=EDGE_CURVE('',#10704,#824,#10707,.T.);
#10710=DIRECTION('',(0.024793,0.925308,-0.378405));
#10709=VECTOR('',#10710,2.161443);
#10711=LINE('',#823,#10709);
#10712=EDGE_CURVE('',#824,#10698,#10711,.T.);
#10713=ORIENTED_EDGE('',*,*,#10697,.T.);
#10714=ORIENTED_EDGE('',*,*,#10702,.T.);
#10715=ORIENTED_EDGE('',*,*,#10708,.T.);
#10716=ORIENTED_EDGE('',*,*,#10712,.T.);
#10717=EDGE_LOOP('',(#10713,#10714,#10715,#10716));
#10718=FACE_OUTER_BOUND('',#10717,.T.);
#10721=DIRECTION('',(-0.997858,-0.000015,-0.065419));
#10722=DIRECTION('',(0.065419,0.000000,-0.997858));
#10720=AXIS2_PLACEMENT_3D('',#10696,#10721,#10722);
#10719=PLANE('',#10720);
#10723=ADVANCED_FACE('',(#10718),#10719,.T.);
#10725=DIRECTION('',(0.000000,1.000000,0.000000));
#10724=VECTOR('',#10725,2.000000);
#10726=LINE('',#823,#10724);
#10727=EDGE_CURVE('',#824,#6014,#10726,.T.);
#10729=DIRECTION('',(0.065380,0.000000,-0.997860));
#10728=VECTOR('',#10729,0.819655);
#10730=LINE('',#6013,#10728);
#10731=EDGE_CURVE('',#6014,#10698,#10730,.T.);
#10732=ORIENTED_EDGE('',*,*,#10712,.F.);
#10733=ORIENTED_EDGE('',*,*,#10727,.T.);
#10734=ORIENTED_EDGE('',*,*,#10731,.T.);
#10735=EDGE_LOOP('',(#10732,#10733,#10734));
#10736=FACE_OUTER_BOUND('',#10735,.T.);
#10738=DIRECTION('',(-0.065382,0.000000,0.997860));
#10737=VECTOR('',#10738,0.819625);
#10739=LINE('',#829,#10737);
#10740=EDGE_CURVE('',#830,#10704,#10739,.T.);
#10741=ORIENTED_EDGE('',*,*,#10702,.F.);
#10742=ORIENTED_EDGE('',*,*,#10677,.F.);
#10743=ORIENTED_EDGE('',*,*,#10740,.T.);
#10744=EDGE_LOOP('',(#10741,#10742,#10743));
#10745=FACE_BOUND('',#10744,.T.);
#10748=DIRECTION('',(-0.997860,0.000000,-0.065382));
#10749=DIRECTION('',(-0.024793,-0.925308,0.378405));
#10747=AXIS2_PLACEMENT_3D('',#10696,#10748,#10749);
#10746=PLANE('',#10747);
#10750=ADVANCED_FACE('',(#10736,#10745),#10746,.T.);
#10752=DIRECTION('',(0.000397,0.999998,-0.002060));
#10751=VECTOR('',#10752,2.000004);
#10754=CARTESIAN_POINT('',(692.2332,-316.0000,-358.5645));
#10753=LINE('',#10754,#10751);
#10756=VERTEX_POINT('',#10754);
#10757=CARTESIAN_POINT('',(692.2339,-314.0000,-358.5687));
#10758=VERTEX_POINT('',#10757);
#10755=EDGE_CURVE('',#10756,#10758,#10753,.T.);
#10760=DIRECTION('',(0.195137,0.000000,-0.980776));
#10759=VECTOR('',#10760,0.815419);
#10761=LINE('',#10757,#10759);
#10762=EDGE_CURVE('',#10758,#6014,#10761,.T.);
#10764=DIRECTION('',(-0.073984,-0.925314,0.371913));
#10763=VECTOR('',#10764,2.161427);
#10765=LINE('',#6013,#10763);
#10766=EDGE_CURVE('',#6014,#10756,#10765,.T.);
#10767=ORIENTED_EDGE('',*,*,#10755,.T.);
#10768=ORIENTED_EDGE('',*,*,#10762,.T.);
#10769=ORIENTED_EDGE('',*,*,#10766,.T.);
#10770=EDGE_LOOP('',(#10767,#10768,#10769));
#10771=FACE_OUTER_BOUND('',#10770,.T.);
#10774=DIRECTION('',(-0.980776,-0.000013,-0.195137));
#10775=DIRECTION('',(0.000397,0.999998,-0.002060));
#10773=AXIS2_PLACEMENT_3D('',#10754,#10774,#10775);
#10772=PLANE('',#10773);
#10776=ADVANCED_FACE('',(#10771),#10772,.T.);
#10778=DIRECTION('',(-0.195106,0.000000,0.980782));
#10777=VECTOR('',#10778,0.819615);
#10779=LINE('',#823,#10777);
#10780=EDGE_CURVE('',#824,#10756,#10779,.T.);
#10781=ORIENTED_EDGE('',*,*,#10766,.F.);
#10782=ORIENTED_EDGE('',*,*,#10727,.F.);
#10783=ORIENTED_EDGE('',*,*,#10780,.T.);
#10784=EDGE_LOOP('',(#10781,#10782,#10783));
#10785=FACE_OUTER_BOUND('',#10784,.T.);
#10788=DIRECTION('',(-0.980782,0.000000,-0.195106));
#10789=DIRECTION('',(0.073984,0.925314,-0.371913));
#10787=AXIS2_PLACEMENT_3D('',#10754,#10788,#10789);
#10786=PLANE('',#10787);
#10790=ADVANCED_FACE('',(#10785),#10786,.T.);
#10792=DIRECTION('',(-0.195058,0.000000,0.980792));
#10791=VECTOR('',#10792,0.815437);
#10793=LINE('',#10754,#10791);
#10794=EDGE_CURVE('',#10756,#818,#10793,.T.);
#10796=DIRECTION('',(0.073956,0.925312,-0.371926));
#10795=VECTOR('',#10796,2.161434);
#10797=LINE('',#817,#10795);
#10798=EDGE_CURVE('',#818,#10758,#10797,.T.);
#10799=ORIENTED_EDGE('',*,*,#10755,.F.);
#10800=ORIENTED_EDGE('',*,*,#10794,.T.);
#10801=ORIENTED_EDGE('',*,*,#10798,.T.);
#10802=EDGE_LOOP('',(#10799,#10800,#10801));
#10803=FACE_OUTER_BOUND('',#10802,.T.);
#10806=DIRECTION('',(-0.980792,-0.000013,-0.195058));
#10807=DIRECTION('',(-0.000397,-0.999998,0.002060));
#10805=AXIS2_PLACEMENT_3D('',#10757,#10806,#10807);
#10804=PLANE('',#10805);
#10808=ADVANCED_FACE('',(#10803),#10804,.T.);
#10810=DIRECTION('',(0.000000,1.000000,0.000000));
#10809=VECTOR('',#10810,2.000000);
#10811=LINE('',#817,#10809);
#10812=EDGE_CURVE('',#818,#6020,#10811,.T.);
#10814=DIRECTION('',(0.195028,0.000000,-0.980798));
#10813=VECTOR('',#10814,0.819633);
#10815=LINE('',#6019,#10813);
#10816=EDGE_CURVE('',#6020,#10758,#10815,.T.);
#10817=ORIENTED_EDGE('',*,*,#10798,.F.);
#10818=ORIENTED_EDGE('',*,*,#10812,.T.);
#10819=ORIENTED_EDGE('',*,*,#10816,.T.);
#10820=EDGE_LOOP('',(#10817,#10818,#10819));
#10821=FACE_OUTER_BOUND('',#10820,.T.);
#10824=DIRECTION('',(-0.980798,0.000000,-0.195028));
#10825=DIRECTION('',(-0.073956,-0.925312,0.371926));
#10823=AXIS2_PLACEMENT_3D('',#10757,#10824,#10825);
#10822=PLANE('',#10823);
#10826=ADVANCED_FACE('',(#10821),#10822,.T.);
#10828=DIRECTION('',(0.000671,0.999998,-0.001999));
#10827=VECTOR('',#10828,2.000004);
#10830=CARTESIAN_POINT('',(691.8106,-316.0000,-356.9886));
#10829=LINE('',#10830,#10827);
#10832=VERTEX_POINT('',#10830);
#10833=CARTESIAN_POINT('',(691.8120,-314.0000,-356.9926));
#10834=VERTEX_POINT('',#10833);
#10831=EDGE_CURVE('',#10832,#10834,#10829,.T.);
#10836=DIRECTION('',(0.321477,0.000000,-0.946917));
#10835=VECTOR('',#10836,0.815442);
#10837=LINE('',#10833,#10835);
#10838=EDGE_CURVE('',#10834,#6020,#10837,.T.);
#10840=DIRECTION('',(-0.121904,-0.925307,0.359090));
#10839=VECTOR('',#10840,2.161444);
#10841=LINE('',#6019,#10839);
#10842=EDGE_CURVE('',#6020,#10832,#10841,.T.);
#10843=ORIENTED_EDGE('',*,*,#10831,.T.);
#10844=ORIENTED_EDGE('',*,*,#10838,.T.);
#10845=ORIENTED_EDGE('',*,*,#10842,.T.);
#10846=EDGE_LOOP('',(#10843,#10844,#10845));
#10847=FACE_OUTER_BOUND('',#10846,.T.);
#10850=DIRECTION('',(-0.946917,-0.000007,-0.321477));
#10851=DIRECTION('',(0.000671,0.999998,-0.001999));
#10849=AXIS2_PLACEMENT_3D('',#10830,#10850,#10851);
#10848=PLANE('',#10849);
#10852=ADVANCED_FACE('',(#10847),#10848,.T.);
#10854=DIRECTION('',(-0.321461,0.000000,0.946923));
#10853=VECTOR('',#10854,0.819659);
#10855=LINE('',#817,#10853);
#10856=EDGE_CURVE('',#818,#10832,#10855,.T.);
#10857=ORIENTED_EDGE('',*,*,#10842,.F.);
#10858=ORIENTED_EDGE('',*,*,#10812,.F.);
#10859=ORIENTED_EDGE('',*,*,#10856,.T.);
#10860=EDGE_LOOP('',(#10857,#10858,#10859));
#10861=FACE_OUTER_BOUND('',#10860,.T.);
#10864=DIRECTION('',(-0.946923,0.000000,-0.321461));
#10865=DIRECTION('',(0.121904,0.925307,-0.359090));
#10863=AXIS2_PLACEMENT_3D('',#10830,#10864,#10865);
#10862=PLANE('',#10863);
#10866=ADVANCED_FACE('',(#10861),#10862,.T.);
#10868=DIRECTION('',(-0.321410,0.000000,0.946940));
#10867=VECTOR('',#10868,0.815422);
#10869=LINE('',#10830,#10867);
#10870=EDGE_CURVE('',#10832,#812,#10869,.T.);
#10872=DIRECTION('',(0.121876,0.925310,-0.359092));
#10871=VECTOR('',#10872,2.161437);
#10873=LINE('',#811,#10871);
#10874=EDGE_CURVE('',#812,#10834,#10873,.T.);
#10875=ORIENTED_EDGE('',*,*,#10831,.F.);
#10876=ORIENTED_EDGE('',*,*,#10870,.T.);
#10877=ORIENTED_EDGE('',*,*,#10874,.T.);
#10878=EDGE_LOOP('',(#10875,#10876,#10877));
#10879=FACE_OUTER_BOUND('',#10878,.T.);
#10882=DIRECTION('',(-0.946940,-0.000007,-0.321410));
#10883=DIRECTION('',(-0.000671,-0.999998,0.001999));
#10881=AXIS2_PLACEMENT_3D('',#10833,#10882,#10883);
#10880=PLANE('',#10881);
#10884=ADVANCED_FACE('',(#10879),#10880,.T.);
#10886=DIRECTION('',(0.000000,1.000000,0.000000));
#10885=VECTOR('',#10886,2.000000);
#10887=LINE('',#811,#10885);
#10888=EDGE_CURVE('',#812,#6026,#10887,.T.);
#10890=DIRECTION('',(0.321395,0.000000,-0.946945));
#10889=VECTOR('',#10890,0.819639);
#10891=LINE('',#6025,#10889);
#10892=EDGE_CURVE('',#6026,#10834,#10891,.T.);
#10893=ORIENTED_EDGE('',*,*,#10874,.F.);
#10894=ORIENTED_EDGE('',*,*,#10888,.T.);
#10895=ORIENTED_EDGE('',*,*,#10892,.T.);
#10896=EDGE_LOOP('',(#10893,#10894,#10895));
#10897=FACE_OUTER_BOUND('',#10896,.T.);
#10900=DIRECTION('',(-0.946945,0.000000,-0.321395));
#10901=DIRECTION('',(-0.121876,-0.925310,0.359092));
#10899=AXIS2_PLACEMENT_3D('',#10833,#10900,#10901);
#10898=PLANE('',#10899);
#10902=ADVANCED_FACE('',(#10897),#10898,.T.);
#10904=DIRECTION('',(0.000916,0.999998,-0.001877));
#10903=VECTOR('',#10904,2.000004);
#10906=CARTESIAN_POINT('',(691.1860,-316.0000,-355.4814));
#10905=LINE('',#10906,#10903);
#10908=VERTEX_POINT('',#10906);
#10909=CARTESIAN_POINT('',(691.1878,-314.0000,-355.4851));
#10910=VERTEX_POINT('',#10909);
#10907=EDGE_CURVE('',#10908,#10910,#10905,.T.);
#10912=DIRECTION('',(0.442342,0.000000,-0.896846));
#10911=VECTOR('',#10912,0.815473);
#10913=LINE('',#10909,#10911);
#10914=EDGE_CURVE('',#10910,#6026,#10913,.T.);
#10916=DIRECTION('',(-0.167735,-0.925309,0.340101));
#10915=VECTOR('',#10916,2.161440);
#10917=LINE('',#6025,#10915);
#10918=EDGE_CURVE('',#6026,#10908,#10917,.T.);
#10919=ORIENTED_EDGE('',*,*,#10907,.T.);
#10920=ORIENTED_EDGE('',*,*,#10914,.T.);
#10921=ORIENTED_EDGE('',*,*,#10918,.T.);
#10922=EDGE_LOOP('',(#10919,#10920,#10921));
#10923=FACE_OUTER_BOUND('',#10922,.T.);
#10926=DIRECTION('',(-0.896846,-0.000009,-0.442342));
#10927=DIRECTION('',(0.000916,0.999998,-0.001877));
#10925=AXIS2_PLACEMENT_3D('',#10906,#10926,#10927);
#10924=PLANE('',#10925);
#10928=ADVANCED_FACE('',(#10923),#10924,.T.);
#10930=DIRECTION('',(-0.442322,0.000000,0.896856));
#10929=VECTOR('',#10930,0.819649);
#10931=LINE('',#811,#10929);
#10932=EDGE_CURVE('',#812,#10908,#10931,.T.);
#10933=ORIENTED_EDGE('',*,*,#10918,.F.);
#10934=ORIENTED_EDGE('',*,*,#10888,.F.);
#10935=ORIENTED_EDGE('',*,*,#10932,.T.);
#10936=EDGE_LOOP('',(#10933,#10934,#10935));
#10937=FACE_OUTER_BOUND('',#10936,.T.);
#10940=DIRECTION('',(-0.896856,0.000000,-0.442322));
#10941=DIRECTION('',(0.167735,0.925309,-0.340101));
#10939=AXIS2_PLACEMENT_3D('',#10906,#10940,#10941);
#10938=PLANE('',#10939);
#10942=ADVANCED_FACE('',(#10937),#10938,.T.);
#10944=DIRECTION('',(-0.442282,0.000000,0.896876));
#10943=VECTOR('',#10944,0.815446);
#10945=LINE('',#10906,#10943);
#10946=EDGE_CURVE('',#10908,#806,#10945,.T.);
#10948=DIRECTION('',(0.167707,0.925313,-0.340102));
#10947=VECTOR('',#10948,2.161430);
#10949=LINE('',#805,#10947);
#10950=EDGE_CURVE('',#806,#10910,#10949,.T.);
#10951=ORIENTED_EDGE('',*,*,#10907,.F.);
#10952=ORIENTED_EDGE('',*,*,#10946,.T.);
#10953=ORIENTED_EDGE('',*,*,#10950,.T.);
#10954=EDGE_LOOP('',(#10951,#10952,#10953));
#10955=FACE_OUTER_BOUND('',#10954,.T.);
#10958=DIRECTION('',(-0.896876,-0.000009,-0.442282));
#10959=DIRECTION('',(-0.000916,-0.999998,0.001877));
#10957=AXIS2_PLACEMENT_3D('',#10909,#10958,#10959);
#10956=PLANE('',#10957);
#10960=ADVANCED_FACE('',(#10955),#10956,.T.);
#10962=DIRECTION('',(0.000000,1.000000,0.000000));
#10961=VECTOR('',#10962,2.000000);
#10963=LINE('',#805,#10961);
#10964=EDGE_CURVE('',#806,#6032,#10963,.T.);
#10966=DIRECTION('',(0.442262,0.000000,-0.896886));
#10965=VECTOR('',#10966,0.819622);
#10967=LINE('',#6031,#10965);
#10968=EDGE_CURVE('',#6032,#10910,#10967,.T.);
#10969=ORIENTED_EDGE('',*,*,#10950,.F.);
#10970=ORIENTED_EDGE('',*,*,#10964,.T.);
#10971=ORIENTED_EDGE('',*,*,#10968,.T.);
#10972=EDGE_LOOP('',(#10969,#10970,#10971));
#10973=FACE_OUTER_BOUND('',#10972,.T.);
#10976=DIRECTION('',(-0.896886,0.000000,-0.442262));
#10977=DIRECTION('',(-0.167707,-0.925313,0.340102));
#10975=AXIS2_PLACEMENT_3D('',#10909,#10976,#10977);
#10974=PLANE('',#10975);
#10978=ADVANCED_FACE('',(#10973),#10974,.T.);
#10980=DIRECTION('',(0.555546,0.000000,-0.831486));
#10979=VECTOR('',#10980,0.815419);
#10982=CARTESIAN_POINT('',(690.3723,-314.0000,-354.0720));
#10981=LINE('',#10982,#10979);
#10984=VERTEX_POINT('',#10982);
#10983=EDGE_CURVE('',#10984,#6032,#10981,.T.);
#10986=DIRECTION('',(-0.210685,-0.925307,0.315307));
#10985=VECTOR('',#10986,2.161444);
#10987=LINE('',#6031,#10985);
#10989=CARTESIAN_POINT('',(690.3699,-316.0000,-354.0685));
#10990=VERTEX_POINT('',#10989);
#10988=EDGE_CURVE('',#6032,#10990,#10987,.T.);
#10992=DIRECTION('',(-0.555546,0.000000,0.831486));
#10991=VECTOR('',#10992,0.815419);
#10993=LINE('',#10989,#10991);
#10994=EDGE_CURVE('',#10990,#800,#10993,.T.);
#10996=DIRECTION('',(0.210685,0.925307,-0.315307));
#10995=VECTOR('',#10996,2.161444);
#10997=LINE('',#799,#10995);
#10998=EDGE_CURVE('',#800,#10984,#10997,.T.);
#10999=ORIENTED_EDGE('',*,*,#10983,.T.);
#11000=ORIENTED_EDGE('',*,*,#10988,.T.);
#11001=ORIENTED_EDGE('',*,*,#10994,.T.);
#11002=ORIENTED_EDGE('',*,*,#10998,.T.);
#11003=EDGE_LOOP('',(#10999,#11000,#11001,#11002));
#11004=FACE_OUTER_BOUND('',#11003,.T.);
#11007=DIRECTION('',(-0.831486,0.000015,-0.555546));
#11008=DIRECTION('',(0.555546,0.000000,-0.831486));
#11006=AXIS2_PLACEMENT_3D('',#10982,#11007,#11008);
#11005=PLANE('',#11006);
#11009=ADVANCED_FACE('',(#11004),#11005,.T.);
#11011=DIRECTION('',(-0.555576,0.000000,0.831466));
#11010=VECTOR('',#11011,0.819659);
#11012=LINE('',#805,#11010);
#11013=EDGE_CURVE('',#806,#10990,#11012,.T.);
#11014=ORIENTED_EDGE('',*,*,#10988,.F.);
#11015=ORIENTED_EDGE('',*,*,#10964,.F.);
#11016=ORIENTED_EDGE('',*,*,#11013,.T.);
#11017=EDGE_LOOP('',(#11014,#11015,#11016));
#11018=FACE_OUTER_BOUND('',#11017,.T.);
#11020=DIRECTION('',(0.000000,1.000000,0.000000));
#11019=VECTOR('',#11020,2.000000);
#11021=LINE('',#799,#11019);
#11022=EDGE_CURVE('',#800,#6038,#11021,.T.);
#11024=DIRECTION('',(0.555576,0.000000,-0.831466));
#11023=VECTOR('',#11024,0.819659);
#11025=LINE('',#6037,#11023);
#11026=EDGE_CURVE('',#6038,#10984,#11025,.T.);
#11027=ORIENTED_EDGE('',*,*,#10998,.F.);
#11028=ORIENTED_EDGE('',*,*,#11022,.T.);
#11029=ORIENTED_EDGE('',*,*,#11026,.T.);
#11030=EDGE_LOOP('',(#11027,#11028,#11029));
#11031=FACE_BOUND('',#11030,.T.);
#11034=DIRECTION('',(-0.831466,0.000000,-0.555576));
#11035=DIRECTION('',(0.210685,0.925307,-0.315307));
#11033=AXIS2_PLACEMENT_3D('',#10989,#11034,#11035);
#11032=PLANE('',#11033);
#11036=ADVANCED_FACE('',(#11018,#11031),#11032,.T.);
#11038=DIRECTION('',(0.000000,1.000000,0.000000));
#11037=VECTOR('',#11038,2.000000);
#11040=CARTESIAN_POINT('',(689.7708,-316.0000,-353.2239));
#11039=LINE('',#11040,#11037);
#11042=VERTEX_POINT('',#11040);
#11043=CARTESIAN_POINT('',(689.7708,-314.0000,-353.2239));
#11044=VERTEX_POINT('',#11043);
#11041=EDGE_CURVE('',#11042,#11044,#11039,.T.);
#11046=DIRECTION('',(0.659460,0.000000,-0.751740));
#11045=VECTOR('',#11046,0.221573);
#11047=LINE('',#11043,#11045);
#11048=EDGE_CURVE('',#11044,#6038,#11047,.T.);
#11050=DIRECTION('',(-0.659460,0.000000,0.751740));
#11049=VECTOR('',#11050,0.221573);
#11051=LINE('',#799,#11049);
#11052=EDGE_CURVE('',#800,#11042,#11051,.T.);
#11053=ORIENTED_EDGE('',*,*,#11041,.T.);
#11054=ORIENTED_EDGE('',*,*,#11048,.T.);
#11055=ORIENTED_EDGE('',*,*,#11022,.F.);
#11056=ORIENTED_EDGE('',*,*,#11052,.T.);
#11057=EDGE_LOOP('',(#11053,#11054,#11055,#11056));
#11058=FACE_OUTER_BOUND('',#11057,.T.);
#11061=DIRECTION('',(-0.751740,0.000000,-0.659460));
#11062=DIRECTION('',(0.000000,1.000000,0.000000));
#11060=AXIS2_PLACEMENT_3D('',#11040,#11061,#11062);
#11059=PLANE('',#11060);
#11063=ADVANCED_FACE('',(#11058),#11059,.T.);
#11065=DIRECTION('',(0.002075,0.999998,0.000137));
#11064=VECTOR('',#11065,2.000004);
#11067=CARTESIAN_POINT('',(679.1821,-316.0000,-348.5536));
#11066=LINE('',#11067,#11064);
#11069=VERTEX_POINT('',#11067);
#11070=CARTESIAN_POINT('',(679.1863,-314.0000,-348.5533));
#11071=VERTEX_POINT('',#11070);
#11068=EDGE_CURVE('',#11069,#11071,#11066,.T.);
#11073=DIRECTION('',(0.997858,0.000000,0.065416));
#11072=VECTOR('',#11073,0.815467);
#11074=LINE('',#11070,#11072);
#11075=EDGE_CURVE('',#11071,#6080,#11074,.T.);
#11077=DIRECTION('',(0.000000,-1.000000,0.000000));
#11076=VECTOR('',#11077,2.000000);
#11078=LINE('',#6079,#11076);
#11079=EDGE_CURVE('',#6080,#762,#11078,.T.);
#11081=DIRECTION('',(-0.997858,0.000000,-0.065419));
#11080=VECTOR('',#11081,0.819627);
#11082=LINE('',#760,#11080);
#11083=EDGE_CURVE('',#762,#11069,#11082,.T.);
#11084=ORIENTED_EDGE('',*,*,#11068,.T.);
#11085=ORIENTED_EDGE('',*,*,#11075,.T.);
#11086=ORIENTED_EDGE('',*,*,#11079,.T.);
#11087=ORIENTED_EDGE('',*,*,#11083,.T.);
#11088=EDGE_LOOP('',(#11084,#11085,#11086,#11087));
#11089=FACE_OUTER_BOUND('',#11088,.T.);
#11092=DIRECTION('',(0.065416,0.000001,-0.997858));
#11093=DIRECTION('',(0.002075,0.999998,0.000137));
#11091=AXIS2_PLACEMENT_3D('',#11067,#11092,#11093);
#11090=PLANE('',#11091);
#11094=ADVANCED_FACE('',(#11089),#11090,.T.);
#11096=DIRECTION('',(-0.997861,0.000000,-0.065379));
#11095=VECTOR('',#11096,0.815465);
#11097=LINE('',#11067,#11095);
#11098=EDGE_CURVE('',#11069,#1040,#11097,.T.);
#11100=DIRECTION('',(0.000000,1.000000,0.000000));
#11099=VECTOR('',#11100,2.000000);
#11101=LINE('',#1039,#11099);
#11102=EDGE_CURVE('',#1040,#5802,#11101,.T.);
#11104=DIRECTION('',(0.997860,0.000000,0.065382));
#11103=VECTOR('',#11104,0.819625);
#11105=LINE('',#5800,#11103);
#11106=EDGE_CURVE('',#5802,#11071,#11105,.T.);
#11107=ORIENTED_EDGE('',*,*,#11068,.F.);
#11108=ORIENTED_EDGE('',*,*,#11098,.T.);
#11109=ORIENTED_EDGE('',*,*,#11102,.T.);
#11110=ORIENTED_EDGE('',*,*,#11106,.T.);
#11111=EDGE_LOOP('',(#11107,#11108,#11109,#11110));
#11112=FACE_OUTER_BOUND('',#11111,.T.);
#11115=DIRECTION('',(0.065379,0.000001,-0.997861));
#11116=DIRECTION('',(-0.002075,-0.999998,-0.000137));
#11114=AXIS2_PLACEMENT_3D('',#11070,#11115,#11116);
#11113=PLANE('',#11114);
#11117=ADVANCED_FACE('',(#11112),#11113,.T.);
#11119=DIRECTION('',(0.980783,0.000000,0.195101));
#11118=VECTOR('',#11119,0.815413);
#11121=CARTESIAN_POINT('',(677.5687,-314.0000,-348.7660));
#11120=LINE('',#11121,#11118);
#11123=VERTEX_POINT('',#11121);
#11122=EDGE_CURVE('',#11123,#5802,#11120,.T.);
#11125=DIRECTION('',(-0.371925,-0.925310,-0.073984));
#11124=VECTOR('',#11125,2.161439);
#11126=LINE('',#5800,#11124);
#11128=CARTESIAN_POINT('',(677.5645,-316.0000,-348.7668));
#11129=VERTEX_POINT('',#11128);
#11127=EDGE_CURVE('',#5802,#11129,#11126,.T.);
#11131=DIRECTION('',(-0.980783,0.000000,-0.195101));
#11130=VECTOR('',#11131,0.815413);
#11132=LINE('',#11128,#11130);
#11133=EDGE_CURVE('',#11129,#1034,#11132,.T.);
#11135=DIRECTION('',(0.371925,0.925310,0.073984));
#11134=VECTOR('',#11135,2.161439);
#11136=LINE('',#1033,#11134);
#11137=EDGE_CURVE('',#1034,#11123,#11136,.T.);
#11138=ORIENTED_EDGE('',*,*,#11122,.T.);
#11139=ORIENTED_EDGE('',*,*,#11127,.T.);
#11140=ORIENTED_EDGE('',*,*,#11133,.T.);
#11141=ORIENTED_EDGE('',*,*,#11137,.T.);
#11142=EDGE_LOOP('',(#11138,#11139,#11140,#11141));
#11143=FACE_OUTER_BOUND('',#11142,.T.);
#11146=DIRECTION('',(0.195101,-0.000001,-0.980783));
#11147=DIRECTION('',(0.980783,0.000000,0.195101));
#11145=AXIS2_PLACEMENT_3D('',#11121,#11146,#11147);
#11144=PLANE('',#11145);
#11148=ADVANCED_FACE('',(#11143),#11144,.T.);
#11150=DIRECTION('',(-0.980783,0.000000,-0.195099));
#11149=VECTOR('',#11150,0.819645);
#11151=LINE('',#1039,#11149);
#11152=EDGE_CURVE('',#1040,#11129,#11151,.T.);
#11153=ORIENTED_EDGE('',*,*,#11127,.F.);
#11154=ORIENTED_EDGE('',*,*,#11102,.F.);
#11155=ORIENTED_EDGE('',*,*,#11152,.T.);
#11156=EDGE_LOOP('',(#11153,#11154,#11155));
#11157=FACE_OUTER_BOUND('',#11156,.T.);
#11159=DIRECTION('',(0.000000,1.000000,0.000000));
#11158=VECTOR('',#11159,2.000000);
#11160=LINE('',#1033,#11158);
#11161=EDGE_CURVE('',#1034,#5804,#11160,.T.);
#11163=DIRECTION('',(0.980783,0.000000,0.195099));
#11162=VECTOR('',#11163,0.819645);
#11164=LINE('',#5803,#11162);
#11165=EDGE_CURVE('',#5804,#11123,#11164,.T.);
#11166=ORIENTED_EDGE('',*,*,#11137,.F.);
#11167=ORIENTED_EDGE('',*,*,#11161,.T.);
#11168=ORIENTED_EDGE('',*,*,#11165,.T.);
#11169=EDGE_LOOP('',(#11166,#11167,#11168));
#11170=FACE_BOUND('',#11169,.T.);
#11173=DIRECTION('',(0.195099,0.000000,-0.980783));
#11174=DIRECTION('',(0.371925,0.925310,0.073984));
#11172=AXIS2_PLACEMENT_3D('',#11128,#11173,#11174);
#11171=PLANE('',#11172);
#11175=ADVANCED_FACE('',(#11157,#11170),#11171,.T.);
#11177=DIRECTION('',(0.001984,0.999998,0.000671));
#11176=VECTOR('',#11177,2.000004);
#11179=CARTESIAN_POINT('',(675.9886,-316.0000,-349.1894));
#11178=LINE('',#11179,#11176);
#11181=VERTEX_POINT('',#11179);
#11182=CARTESIAN_POINT('',(675.9926,-314.0000,-349.1880));
#11183=VERTEX_POINT('',#11182);
#11180=EDGE_CURVE('',#11181,#11183,#11178,.T.);
#11185=DIRECTION('',(0.946929,0.000000,0.321444));
#11184=VECTOR('',#11185,0.815432);
#11186=LINE('',#11182,#11184);
#11187=EDGE_CURVE('',#11183,#5804,#11186,.T.);
#11189=DIRECTION('',(-0.359079,-0.925314,-0.121891));
#11188=VECTOR('',#11189,2.161429);
#11190=LINE('',#5803,#11188);
#11191=EDGE_CURVE('',#5804,#11181,#11190,.T.);
#11192=ORIENTED_EDGE('',*,*,#11180,.T.);
#11193=ORIENTED_EDGE('',*,*,#11187,.T.);
#11194=ORIENTED_EDGE('',*,*,#11191,.T.);
#11195=EDGE_LOOP('',(#11192,#11193,#11194));
#11196=FACE_OUTER_BOUND('',#11195,.T.);
#11199=DIRECTION('',(0.321444,-0.000002,-0.946929));
#11200=DIRECTION('',(0.001984,0.999998,0.000671));
#11198=AXIS2_PLACEMENT_3D('',#11179,#11199,#11200);
#11197=PLANE('',#11198);
#11201=ADVANCED_FACE('',(#11196),#11197,.T.);
#11203=DIRECTION('',(-0.946930,0.000000,-0.321439));
#11202=VECTOR('',#11203,0.819620);
#11204=LINE('',#1033,#11202);
#11205=EDGE_CURVE('',#1034,#11181,#11204,.T.);
#11206=ORIENTED_EDGE('',*,*,#11191,.F.);
#11207=ORIENTED_EDGE('',*,*,#11161,.F.);
#11208=ORIENTED_EDGE('',*,*,#11205,.T.);
#11209=EDGE_LOOP('',(#11206,#11207,#11208));
#11210=FACE_OUTER_BOUND('',#11209,.T.);
#11213=DIRECTION('',(0.321439,0.000000,-0.946930));
#11214=DIRECTION('',(0.359079,0.925314,0.121891));
#11212=AXIS2_PLACEMENT_3D('',#11179,#11213,#11214);
#11211=PLANE('',#11212);
#11215=ADVANCED_FACE('',(#11210),#11211,.T.);
#11217=DIRECTION('',(-0.946936,0.000000,-0.321421));
#11216=VECTOR('',#11217,0.815490);
#11218=LINE('',#11179,#11216);
#11219=EDGE_CURVE('',#11181,#1028,#11218,.T.);
#11221=DIRECTION('',(0.359103,0.925304,0.121890));
#11220=VECTOR('',#11221,2.161451);
#11222=LINE('',#1027,#11220);
#11223=EDGE_CURVE('',#1028,#11183,#11222,.T.);
#11224=ORIENTED_EDGE('',*,*,#11180,.F.);
#11225=ORIENTED_EDGE('',*,*,#11219,.T.);
#11226=ORIENTED_EDGE('',*,*,#11223,.T.);
#11227=EDGE_LOOP('',(#11224,#11225,#11226));
#11228=FACE_OUTER_BOUND('',#11227,.T.);
#11231=DIRECTION('',(0.321421,-0.000002,-0.946936));
#11232=DIRECTION('',(-0.001984,-0.999998,-0.000671));
#11230=AXIS2_PLACEMENT_3D('',#11182,#11231,#11232);
#11229=PLANE('',#11230);
#11233=ADVANCED_FACE('',(#11228),#11229,.T.);
#11235=DIRECTION('',(0.000000,1.000000,0.000000));
#11234=VECTOR('',#11235,2.000000);
#11236=LINE('',#1027,#11234);
#11237=EDGE_CURVE('',#1028,#5810,#11236,.T.);
#11239=DIRECTION('',(0.946938,0.000000,0.321417));
#11238=VECTOR('',#11239,0.819678);
#11240=LINE('',#5809,#11238);
#11241=EDGE_CURVE('',#5810,#11183,#11240,.T.);
#11242=ORIENTED_EDGE('',*,*,#11223,.F.);
#11243=ORIENTED_EDGE('',*,*,#11237,.T.);
#11244=ORIENTED_EDGE('',*,*,#11241,.T.);
#11245=EDGE_LOOP('',(#11242,#11243,#11244));
#11246=FACE_OUTER_BOUND('',#11245,.T.);
#11249=DIRECTION('',(0.321417,0.000000,-0.946938));
#11250=DIRECTION('',(-0.359103,-0.925304,-0.121890));
#11248=AXIS2_PLACEMENT_3D('',#11182,#11249,#11250);
#11247=PLANE('',#11248);
#11251=ADVANCED_FACE('',(#11246),#11247,.T.);
#11253=DIRECTION('',(0.000000,1.000000,0.000000));
#11252=VECTOR('',#11253,2.000000);
#11255=CARTESIAN_POINT('',(674.7421,-316.0000,-349.6855));
#11254=LINE('',#11255,#11252);
#11257=VERTEX_POINT('',#11255);
#11258=CARTESIAN_POINT('',(674.7421,-314.0000,-349.6855));
#11259=VERTEX_POINT('',#11258);
#11256=EDGE_CURVE('',#11257,#11259,#11254,.T.);
#11261=DIRECTION('',(0.896860,0.000000,0.442314));
#11260=VECTOR('',#11261,0.528918);
#11262=LINE('',#11258,#11260);
#11263=EDGE_CURVE('',#11259,#5810,#11262,.T.);
#11265=DIRECTION('',(-0.896860,0.000000,-0.442314));
#11264=VECTOR('',#11265,0.528918);
#11266=LINE('',#1027,#11264);
#11267=EDGE_CURVE('',#1028,#11257,#11266,.T.);
#11268=ORIENTED_EDGE('',*,*,#11256,.T.);
#11269=ORIENTED_EDGE('',*,*,#11263,.T.);
#11270=ORIENTED_EDGE('',*,*,#11237,.F.);
#11271=ORIENTED_EDGE('',*,*,#11267,.T.);
#11272=EDGE_LOOP('',(#11268,#11269,#11270,#11271));
#11273=FACE_OUTER_BOUND('',#11272,.T.);
#11276=DIRECTION('',(0.442314,0.000000,-0.896860));
#11277=DIRECTION('',(0.000000,1.000000,0.000000));
#11275=AXIS2_PLACEMENT_3D('',#11255,#11276,#11277);
#11274=PLANE('',#11275);
#11278=ADVANCED_FACE('',(#11273),#11274,.T.);
#11280=DIRECTION('',(0.000000,-1.000000,0.000000));
#11279=VECTOR('',#11280,2.000000);
#11282=CARTESIAN_POINT('',(679.4723,-314.0000,-373.4654));
#11281=LINE('',#11282,#11279);
#11284=VERTEX_POINT('',#11282);
#11285=CARTESIAN_POINT('',(679.4723,-316.0000,-373.4654));
#11286=VERTEX_POINT('',#11285);
#11283=EDGE_CURVE('',#11284,#11286,#11281,.T.);
#11288=DIRECTION('',(0.997860,0.000000,-0.065381));
#11287=VECTOR('',#11288,0.528841);
#11289=LINE('',#11285,#11287);
#11290=EDGE_CURVE('',#11286,#902,#11289,.T.);
#11292=DIRECTION('',(0.000000,1.000000,0.000000));
#11291=VECTOR('',#11292,2.000000);
#11293=LINE('',#901,#11291);
#11294=EDGE_CURVE('',#902,#5936,#11293,.T.);
#11296=DIRECTION('',(-0.997860,0.000000,0.065381));
#11295=VECTOR('',#11296,0.528841);
#11297=LINE('',#5935,#11295);
#11298=EDGE_CURVE('',#5936,#11284,#11297,.T.);
#11299=ORIENTED_EDGE('',*,*,#11283,.T.);
#11300=ORIENTED_EDGE('',*,*,#11290,.T.);
#11301=ORIENTED_EDGE('',*,*,#11294,.T.);
#11302=ORIENTED_EDGE('',*,*,#11298,.T.);
#11303=EDGE_LOOP('',(#11299,#11300,#11301,#11302));
#11304=FACE_OUTER_BOUND('',#11303,.T.);
#11306=DIRECTION('',(-0.378393,0.925313,0.024793));
#11305=VECTOR('',#11306,2.161431);
#11308=CARTESIAN_POINT('',(679.1863,-316.0000,-373.4467));
#11307=LINE('',#11308,#11305);
#11310=VERTEX_POINT('',#11308);
#11309=EDGE_CURVE('',#11310,#5930,#11307,.T.);
#11312=DIRECTION('',(0.000000,-1.000000,0.000000));
#11311=VECTOR('',#11312,2.000000);
#11313=LINE('',#5929,#11311);
#11314=EDGE_CURVE('',#5930,#908,#11313,.T.);
#11316=DIRECTION('',(0.997860,0.000000,-0.065382));
#11315=VECTOR('',#11316,0.819625);
#11317=LINE('',#907,#11315);
#11318=EDGE_CURVE('',#908,#11310,#11317,.T.);
#11319=ORIENTED_EDGE('',*,*,#11309,.T.);
#11320=ORIENTED_EDGE('',*,*,#11314,.T.);
#11321=ORIENTED_EDGE('',*,*,#11318,.T.);
#11322=EDGE_LOOP('',(#11319,#11320,#11321));
#11323=FACE_BOUND('',#11322,.T.);
#11326=DIRECTION('',(0.065381,0.000000,0.997860));
#11327=DIRECTION('',(0.000000,-1.000000,0.000000));
#11325=AXIS2_PLACEMENT_3D('',#11282,#11326,#11327);
#11324=PLANE('',#11325);
#11328=ADVANCED_FACE('',(#11304,#11323),#11324,.T.);
#11330=DIRECTION('',(-0.002075,0.999998,-0.000137));
#11329=VECTOR('',#11330,2.000004);
#11332=CARTESIAN_POINT('',(680.8179,-316.0000,-373.4464));
#11331=LINE('',#11332,#11329);
#11334=VERTEX_POINT('',#11332);
#11335=CARTESIAN_POINT('',(680.8137,-314.0000,-373.4467));
#11336=VERTEX_POINT('',#11335);
#11333=EDGE_CURVE('',#11334,#11336,#11331,.T.);
#11338=DIRECTION('',(-0.997858,0.000000,-0.065416));
#11337=VECTOR('',#11338,0.815467);
#11339=LINE('',#11335,#11337);
#11340=EDGE_CURVE('',#11336,#5936,#11339,.T.);
#11342=DIRECTION('',(0.378393,-0.925312,0.024807));
#11341=VECTOR('',#11342,2.161432);
#11343=LINE('',#5935,#11341);
#11344=EDGE_CURVE('',#5936,#11334,#11343,.T.);
#11345=ORIENTED_EDGE('',*,*,#11333,.T.);
#11346=ORIENTED_EDGE('',*,*,#11340,.T.);
#11347=ORIENTED_EDGE('',*,*,#11344,.T.);
#11348=EDGE_LOOP('',(#11345,#11346,#11347));
#11349=FACE_OUTER_BOUND('',#11348,.T.);
#11352=DIRECTION('',(-0.065416,0.000001,0.997858));
#11353=DIRECTION('',(-0.002075,0.999998,-0.000137));
#11351=AXIS2_PLACEMENT_3D('',#11332,#11352,#11353);
#11350=PLANE('',#11351);
#11354=ADVANCED_FACE('',(#11349),#11350,.T.);
#11356=DIRECTION('',(0.997858,0.000000,0.065419));
#11355=VECTOR('',#11356,0.819627);
#11357=LINE('',#901,#11355);
#11358=EDGE_CURVE('',#902,#11334,#11357,.T.);
#11359=ORIENTED_EDGE('',*,*,#11344,.F.);
#11360=ORIENTED_EDGE('',*,*,#11294,.F.);
#11361=ORIENTED_EDGE('',*,*,#11358,.T.);
#11362=EDGE_LOOP('',(#11359,#11360,#11361));
#11363=FACE_OUTER_BOUND('',#11362,.T.);
#11366=DIRECTION('',(-0.065419,0.000000,0.997858));
#11367=DIRECTION('',(-0.378393,0.925312,-0.024807));
#11365=AXIS2_PLACEMENT_3D('',#11332,#11366,#11367);
#11364=PLANE('',#11365);
#11368=ADVANCED_FACE('',(#11363),#11364,.T.);
#11370=DIRECTION('',(0.997861,0.000000,0.065379));
#11369=VECTOR('',#11370,0.815465);
#11371=LINE('',#11332,#11369);
#11372=EDGE_CURVE('',#11334,#896,#11371,.T.);
#11374=DIRECTION('',(0.000000,1.000000,0.000000));
#11373=VECTOR('',#11374,2.000000);
#11375=LINE('',#895,#11373);
#11376=EDGE_CURVE('',#896,#5942,#11375,.T.);
#11378=DIRECTION('',(-0.997860,0.000000,-0.065382));
#11377=VECTOR('',#11378,0.819625);
#11379=LINE('',#5941,#11377);
#11380=EDGE_CURVE('',#5942,#11336,#11379,.T.);
#11381=ORIENTED_EDGE('',*,*,#11333,.F.);
#11382=ORIENTED_EDGE('',*,*,#11372,.T.);
#11383=ORIENTED_EDGE('',*,*,#11376,.T.);
#11384=ORIENTED_EDGE('',*,*,#11380,.T.);
#11385=EDGE_LOOP('',(#11381,#11382,#11383,#11384));
#11386=FACE_OUTER_BOUND('',#11385,.T.);
#11389=DIRECTION('',(-0.065379,0.000001,0.997861));
#11390=DIRECTION('',(0.002075,-0.999998,0.000137));
#11388=AXIS2_PLACEMENT_3D('',#11335,#11389,#11390);
#11387=PLANE('',#11388);
#11391=ADVANCED_FACE('',(#11386),#11387,.T.);
#11393=DIRECTION('',(-0.980783,0.000000,-0.195101));
#11392=VECTOR('',#11393,0.815413);
#11395=CARTESIAN_POINT('',(682.4313,-314.0000,-373.2340));
#11394=LINE('',#11395,#11392);
#11397=VERTEX_POINT('',#11395);
#11396=EDGE_CURVE('',#11397,#5942,#11394,.T.);
#11399=DIRECTION('',(0.371925,-0.925310,0.073984));
#11398=VECTOR('',#11399,2.161439);
#11400=LINE('',#5941,#11398);
#11402=CARTESIAN_POINT('',(682.4355,-316.0000,-373.2332));
#11403=VERTEX_POINT('',#11402);
#11401=EDGE_CURVE('',#5942,#11403,#11400,.T.);
#11405=DIRECTION('',(0.980783,0.000000,0.195101));
#11404=VECTOR('',#11405,0.815413);
#11406=LINE('',#11402,#11404);
#11407=EDGE_CURVE('',#11403,#890,#11406,.T.);
#11409=DIRECTION('',(-0.371925,0.925310,-0.073984));
#11408=VECTOR('',#11409,2.161439);
#11410=LINE('',#889,#11408);
#11411=EDGE_CURVE('',#890,#11397,#11410,.T.);
#11412=ORIENTED_EDGE('',*,*,#11396,.T.);
#11413=ORIENTED_EDGE('',*,*,#11401,.T.);
#11414=ORIENTED_EDGE('',*,*,#11407,.T.);
#11415=ORIENTED_EDGE('',*,*,#11411,.T.);
#11416=EDGE_LOOP('',(#11412,#11413,#11414,#11415));
#11417=FACE_OUTER_BOUND('',#11416,.T.);
#11420=DIRECTION('',(-0.195101,-0.000001,0.980783));
#11421=DIRECTION('',(-0.980783,0.000000,-0.195101));
#11419=AXIS2_PLACEMENT_3D('',#11395,#11420,#11421);
#11418=PLANE('',#11419);
#11422=ADVANCED_FACE('',(#11417),#11418,.T.);
#11424=DIRECTION('',(0.980783,0.000000,0.195099));
#11423=VECTOR('',#11424,0.819645);
#11425=LINE('',#895,#11423);
#11426=EDGE_CURVE('',#896,#11403,#11425,.T.);
#11427=ORIENTED_EDGE('',*,*,#11401,.F.);
#11428=ORIENTED_EDGE('',*,*,#11376,.F.);
#11429=ORIENTED_EDGE('',*,*,#11426,.T.);
#11430=EDGE_LOOP('',(#11427,#11428,#11429));
#11431=FACE_OUTER_BOUND('',#11430,.T.);
#11433=DIRECTION('',(0.000000,1.000000,0.000000));
#11432=VECTOR('',#11433,2.000000);
#11434=LINE('',#889,#11432);
#11435=EDGE_CURVE('',#890,#5948,#11434,.T.);
#11437=DIRECTION('',(-0.980783,0.000000,-0.195099));
#11436=VECTOR('',#11437,0.819645);
#11438=LINE('',#5947,#11436);
#11439=EDGE_CURVE('',#5948,#11397,#11438,.T.);
#11440=ORIENTED_EDGE('',*,*,#11411,.F.);
#11441=ORIENTED_EDGE('',*,*,#11435,.T.);
#11442=ORIENTED_EDGE('',*,*,#11439,.T.);
#11443=EDGE_LOOP('',(#11440,#11441,#11442));
#11444=FACE_BOUND('',#11443,.T.);
#11447=DIRECTION('',(-0.195099,0.000000,0.980783));
#11448=DIRECTION('',(-0.371925,0.925310,-0.073984));
#11446=AXIS2_PLACEMENT_3D('',#11402,#11447,#11448);
#11445=PLANE('',#11446);
#11449=ADVANCED_FACE('',(#11431,#11444),#11445,.T.);
#11451=DIRECTION('',(-0.001984,0.999998,-0.000671));
#11450=VECTOR('',#11451,2.000004);
#11453=CARTESIAN_POINT('',(684.0114,-316.0000,-372.8106));
#11452=LINE('',#11453,#11450);
#11455=VERTEX_POINT('',#11453);
#11456=CARTESIAN_POINT('',(684.0074,-314.0000,-372.8120));
#11457=VERTEX_POINT('',#11456);
#11454=EDGE_CURVE('',#11455,#11457,#11452,.T.);
#11459=DIRECTION('',(-0.946929,0.000000,-0.321444));
#11458=VECTOR('',#11459,0.815432);
#11460=LINE('',#11456,#11458);
#11461=EDGE_CURVE('',#11457,#5948,#11460,.T.);
#11463=DIRECTION('',(0.359079,-0.925314,0.121891));
#11462=VECTOR('',#11463,2.161429);
#11464=LINE('',#5947,#11462);
#11465=EDGE_CURVE('',#5948,#11455,#11464,.T.);
#11466=ORIENTED_EDGE('',*,*,#11454,.T.);
#11467=ORIENTED_EDGE('',*,*,#11461,.T.);
#11468=ORIENTED_EDGE('',*,*,#11465,.T.);
#11469=EDGE_LOOP('',(#11466,#11467,#11468));
#11470=FACE_OUTER_BOUND('',#11469,.T.);
#11473=DIRECTION('',(-0.321444,-0.000002,0.946929));
#11474=DIRECTION('',(-0.001984,0.999998,-0.000671));
#11472=AXIS2_PLACEMENT_3D('',#11453,#11473,#11474);
#11471=PLANE('',#11472);
#11475=ADVANCED_FACE('',(#11470),#11471,.T.);
#11477=DIRECTION('',(0.946930,0.000000,0.321439));
#11476=VECTOR('',#11477,0.819620);
#11478=LINE('',#889,#11476);
#11479=EDGE_CURVE('',#890,#11455,#11478,.T.);
#11480=ORIENTED_EDGE('',*,*,#11465,.F.);
#11481=ORIENTED_EDGE('',*,*,#11435,.F.);
#11482=ORIENTED_EDGE('',*,*,#11479,.T.);
#11483=EDGE_LOOP('',(#11480,#11481,#11482));
#11484=FACE_OUTER_BOUND('',#11483,.T.);
#11487=DIRECTION('',(-0.321439,0.000000,0.946930));
#11488=DIRECTION('',(-0.359079,0.925314,-0.121891));
#11486=AXIS2_PLACEMENT_3D('',#11453,#11487,#11488);
#11485=PLANE('',#11486);
#11489=ADVANCED_FACE('',(#11484),#11485,.T.);
#11491=DIRECTION('',(0.946936,0.000000,0.321421));
#11490=VECTOR('',#11491,0.815490);
#11492=LINE('',#11453,#11490);
#11493=EDGE_CURVE('',#11455,#884,#11492,.T.);
#11495=DIRECTION('',(-0.359103,0.925304,-0.121890));
#11494=VECTOR('',#11495,2.161451);
#11496=LINE('',#883,#11494);
#11497=EDGE_CURVE('',#884,#11457,#11496,.T.);
#11498=ORIENTED_EDGE('',*,*,#11454,.F.);
#11499=ORIENTED_EDGE('',*,*,#11493,.T.);
#11500=ORIENTED_EDGE('',*,*,#11497,.T.);
#11501=EDGE_LOOP('',(#11498,#11499,#11500));
#11502=FACE_OUTER_BOUND('',#11501,.T.);
#11505=DIRECTION('',(-0.321421,-0.000002,0.946936));
#11506=DIRECTION('',(0.001984,-0.999998,0.000671));
#11504=AXIS2_PLACEMENT_3D('',#11456,#11505,#11506);
#11503=PLANE('',#11504);
#11507=ADVANCED_FACE('',(#11502),#11503,.T.);
#11509=DIRECTION('',(0.000000,1.000000,0.000000));
#11508=VECTOR('',#11509,2.000000);
#11510=LINE('',#883,#11508);
#11511=EDGE_CURVE('',#884,#5954,#11510,.T.);
#11513=DIRECTION('',(-0.946938,0.000000,-0.321417));
#11512=VECTOR('',#11513,0.819678);
#11514=LINE('',#5953,#11512);
#11515=EDGE_CURVE('',#5954,#11457,#11514,.T.);
#11516=ORIENTED_EDGE('',*,*,#11497,.F.);
#11517=ORIENTED_EDGE('',*,*,#11511,.T.);
#11518=ORIENTED_EDGE('',*,*,#11515,.T.);
#11519=EDGE_LOOP('',(#11516,#11517,#11518));
#11520=FACE_OUTER_BOUND('',#11519,.T.);
#11523=DIRECTION('',(-0.321417,0.000000,0.946938));
#11524=DIRECTION('',(0.359103,-0.925304,0.121890));
#11522=AXIS2_PLACEMENT_3D('',#11456,#11523,#11524);
#11521=PLANE('',#11522);
#11525=ADVANCED_FACE('',(#11520),#11521,.T.);
#11527=DIRECTION('',(-0.896869,0.000000,-0.442297));
#11526=VECTOR('',#11527,0.815418);
#11529=CARTESIAN_POINT('',(685.5149,-314.0000,-372.1878));
#11528=LINE('',#11529,#11526);
#11531=VERTEX_POINT('',#11529);
#11530=EDGE_CURVE('',#11531,#5954,#11528,.T.);
#11533=DIRECTION('',(0.340102,-0.925311,0.167721));
#11532=VECTOR('',#11533,2.161435);
#11534=LINE('',#5953,#11532);
#11536=CARTESIAN_POINT('',(685.5187,-316.0000,-372.1860));
#11537=VERTEX_POINT('',#11536);
#11535=EDGE_CURVE('',#5954,#11537,#11534,.T.);
#11539=DIRECTION('',(0.896869,0.000000,0.442297));
#11538=VECTOR('',#11539,0.815418);
#11540=LINE('',#11536,#11538);
#11541=EDGE_CURVE('',#11537,#878,#11540,.T.);
#11543=DIRECTION('',(-0.340102,0.925311,-0.167721));
#11542=VECTOR('',#11543,2.161435);
#11544=LINE('',#877,#11542);
#11545=EDGE_CURVE('',#878,#11531,#11544,.T.);
#11546=ORIENTED_EDGE('',*,*,#11530,.T.);
#11547=ORIENTED_EDGE('',*,*,#11535,.T.);
#11548=ORIENTED_EDGE('',*,*,#11541,.T.);
#11549=ORIENTED_EDGE('',*,*,#11545,.T.);
#11550=EDGE_LOOP('',(#11546,#11547,#11548,#11549));
#11551=FACE_OUTER_BOUND('',#11550,.T.);
#11554=DIRECTION('',(-0.442297,-0.000002,0.896869));
#11555=DIRECTION('',(-0.896869,0.000000,-0.442297));
#11553=AXIS2_PLACEMENT_3D('',#11529,#11554,#11555);
#11552=PLANE('',#11553);
#11556=ADVANCED_FACE('',(#11551),#11552,.T.);
#11558=DIRECTION('',(0.896871,0.000000,0.442292));
#11557=VECTOR('',#11558,0.819636);
#11559=LINE('',#883,#11557);
#11560=EDGE_CURVE('',#884,#11537,#11559,.T.);
#11561=ORIENTED_EDGE('',*,*,#11535,.F.);
#11562=ORIENTED_EDGE('',*,*,#11511,.F.);
#11563=ORIENTED_EDGE('',*,*,#11560,.T.);
#11564=EDGE_LOOP('',(#11561,#11562,#11563));
#11565=FACE_OUTER_BOUND('',#11564,.T.);
#11567=DIRECTION('',(0.000000,1.000000,0.000000));
#11566=VECTOR('',#11567,2.000000);
#11568=LINE('',#877,#11566);
#11569=EDGE_CURVE('',#878,#5960,#11568,.T.);
#11571=DIRECTION('',(-0.896871,0.000000,-0.442292));
#11570=VECTOR('',#11571,0.819636);
#11572=LINE('',#5959,#11570);
#11573=EDGE_CURVE('',#5960,#11531,#11572,.T.);
#11574=ORIENTED_EDGE('',*,*,#11545,.F.);
#11575=ORIENTED_EDGE('',*,*,#11569,.T.);
#11576=ORIENTED_EDGE('',*,*,#11573,.T.);
#11577=EDGE_LOOP('',(#11574,#11575,#11576));
#11578=FACE_BOUND('',#11577,.T.);
#11581=DIRECTION('',(-0.442292,0.000000,0.896871));
#11582=DIRECTION('',(-0.340102,0.925311,-0.167721));
#11580=AXIS2_PLACEMENT_3D('',#11536,#11581,#11582);
#11579=PLANE('',#11580);
#11583=ADVANCED_FACE('',(#11565,#11578),#11579,.T.);
#11585=DIRECTION('',(-0.831480,0.000000,-0.555555));
#11584=VECTOR('',#11585,0.815461);
#11587=CARTESIAN_POINT('',(686.9280,-314.0000,-371.3723));
#11586=LINE('',#11587,#11584);
#11589=VERTEX_POINT('',#11587);
#11588=EDGE_CURVE('',#11589,#5960,#11586,.T.);
#11591=DIRECTION('',(-0.315283,0.925318,-0.210673));
#11590=VECTOR('',#11591,2.161419);
#11592=LINE('',#871,#11590);
#11593=EDGE_CURVE('',#872,#11589,#11592,.T.);
#11594=ORIENTED_EDGE('',*,*,#11588,.T.);
#11595=ORIENTED_EDGE('',*,*,#11569,.F.);
#11596=ORIENTED_EDGE('',*,*,#876,.F.);
#11597=ORIENTED_EDGE('',*,*,#11593,.T.);
#11598=EDGE_LOOP('',(#11594,#11595,#11596,#11597));
#11599=FACE_OUTER_BOUND('',#11598,.T.);
#11602=DIRECTION('',(-0.555555,0.000011,0.831480));
#11603=DIRECTION('',(-0.831480,0.000000,-0.555555));
#11601=AXIS2_PLACEMENT_3D('',#11587,#11602,#11603);
#11600=PLANE('',#11601);
#11604=ADVANCED_FACE('',(#11599),#11600,.T.);
#11606=DIRECTION('',(0.000000,1.000000,0.000000));
#11605=VECTOR('',#11606,2.000000);
#11607=LINE('',#871,#11605);
#11608=EDGE_CURVE('',#872,#5966,#11607,.T.);
#11610=DIRECTION('',(-0.831460,0.000000,-0.555585));
#11609=VECTOR('',#11610,0.819592);
#11611=LINE('',#5965,#11609);
#11612=EDGE_CURVE('',#5966,#11589,#11611,.T.);
#11613=ORIENTED_EDGE('',*,*,#11593,.F.);
#11614=ORIENTED_EDGE('',*,*,#11608,.T.);
#11615=ORIENTED_EDGE('',*,*,#11612,.T.);
#11616=EDGE_LOOP('',(#11613,#11614,#11615));
#11617=FACE_OUTER_BOUND('',#11616,.T.);
#11620=DIRECTION('',(-0.555585,0.000000,0.831460));
#11621=DIRECTION('',(0.315283,-0.925318,0.210673));
#11619=AXIS2_PLACEMENT_3D('',#11587,#11620,#11621);
#11618=PLANE('',#11619);
#11622=ADVANCED_FACE('',(#11617),#11618,.T.);
#11624=DIRECTION('',(-0.001587,0.999998,-0.001389));
#11623=VECTOR('',#11624,2.000004);
#11626=CARTESIAN_POINT('',(688.2258,-316.0000,-370.3765));
#11625=LINE('',#11626,#11623);
#11628=VERTEX_POINT('',#11626);
#11629=CARTESIAN_POINT('',(688.2226,-314.0000,-370.3793));
#11630=VERTEX_POINT('',#11629);
#11627=EDGE_CURVE('',#11628,#11630,#11625,.T.);
#11632=DIRECTION('',(-0.751848,0.000000,-0.659336));
#11631=VECTOR('',#11632,0.815455);
#11633=LINE('',#11629,#11631);
#11634=EDGE_CURVE('',#11630,#5966,#11633,.T.);
#11636=DIRECTION('',(0.285120,-0.925305,0.250034));
#11635=VECTOR('',#11636,2.161449);
#11637=LINE('',#5965,#11635);
#11638=EDGE_CURVE('',#5966,#11628,#11637,.T.);
#11639=ORIENTED_EDGE('',*,*,#11627,.T.);
#11640=ORIENTED_EDGE('',*,*,#11634,.T.);
#11641=ORIENTED_EDGE('',*,*,#11638,.T.);
#11642=EDGE_LOOP('',(#11639,#11640,#11641));
#11643=FACE_OUTER_BOUND('',#11642,.T.);
#11646=DIRECTION('',(-0.659336,-0.000002,0.751848));
#11647=DIRECTION('',(-0.001587,0.999998,-0.001389));
#11645=AXIS2_PLACEMENT_3D('',#11626,#11646,#11647);
#11644=PLANE('',#11645);
#11648=ADVANCED_FACE('',(#11643),#11644,.T.);
#11650=DIRECTION('',(0.751852,0.000000,0.659332));
#11649=VECTOR('',#11650,0.819672);
#11651=LINE('',#871,#11649);
#11652=EDGE_CURVE('',#872,#11628,#11651,.T.);
#11653=ORIENTED_EDGE('',*,*,#11638,.F.);
#11654=ORIENTED_EDGE('',*,*,#11608,.F.);
#11655=ORIENTED_EDGE('',*,*,#11652,.T.);
#11656=EDGE_LOOP('',(#11653,#11654,#11655));
#11657=FACE_OUTER_BOUND('',#11656,.T.);
#11660=DIRECTION('',(-0.659332,0.000000,0.751852));
#11661=DIRECTION('',(-0.285120,0.925305,-0.250034));
#11659=AXIS2_PLACEMENT_3D('',#11626,#11660,#11661);
#11658=PLANE('',#11659);
#11662=ADVANCED_FACE('',(#11657),#11658,.T.);
#11664=DIRECTION('',(0.751816,0.000000,0.659373));
#11663=VECTOR('',#11664,0.815409);
#11665=LINE('',#11626,#11663);
#11666=EDGE_CURVE('',#11628,#866,#11665,.T.);
#11668=DIRECTION('',(-0.285094,0.925313,-0.250036));
#11667=VECTOR('',#11668,2.161432);
#11669=LINE('',#865,#11667);
#11670=EDGE_CURVE('',#866,#11630,#11669,.T.);
#11671=ORIENTED_EDGE('',*,*,#11627,.F.);
#11672=ORIENTED_EDGE('',*,*,#11666,.T.);
#11673=ORIENTED_EDGE('',*,*,#11670,.T.);
#11674=EDGE_LOOP('',(#11671,#11672,#11673));
#11675=FACE_OUTER_BOUND('',#11674,.T.);
#11678=DIRECTION('',(-0.659373,-0.000002,0.751816));
#11679=DIRECTION('',(0.001587,-0.999998,0.001389));
#11677=AXIS2_PLACEMENT_3D('',#11629,#11678,#11679);
#11676=PLANE('',#11677);
#11680=ADVANCED_FACE('',(#11675),#11676,.T.);
#11682=DIRECTION('',(0.000000,1.000000,0.000000));
#11681=VECTOR('',#11682,2.000000);
#11683=LINE('',#865,#11681);
#11684=EDGE_CURVE('',#866,#5972,#11683,.T.);
#11686=DIRECTION('',(-0.751820,0.000000,-0.659369));
#11685=VECTOR('',#11686,0.819626);
#11687=LINE('',#5971,#11685);
#11688=EDGE_CURVE('',#5972,#11630,#11687,.T.);
#11689=ORIENTED_EDGE('',*,*,#11670,.F.);
#11690=ORIENTED_EDGE('',*,*,#11684,.T.);
#11691=ORIENTED_EDGE('',*,*,#11688,.T.);
#11692=EDGE_LOOP('',(#11689,#11690,#11691));
#11693=FACE_OUTER_BOUND('',#11692,.T.);
#11696=DIRECTION('',(-0.659369,0.000000,0.751820));
#11697=DIRECTION('',(0.285094,-0.925313,0.250036));
#11695=AXIS2_PLACEMENT_3D('',#11629,#11696,#11697);
#11694=PLANE('',#11695);
#11698=ADVANCED_FACE('',(#11693),#11694,.T.);
#11700=DIRECTION('',(-0.659355,0.000000,-0.751832));
#11699=VECTOR('',#11700,0.815432);
#11702=CARTESIAN_POINT('',(689.3765,-314.0000,-369.2258));
#11701=LINE('',#11702,#11699);
#11704=VERTEX_POINT('',#11702);
#11703=EDGE_CURVE('',#11704,#5972,#11701,.T.);
#11706=DIRECTION('',(0.250048,-0.925306,0.285106));
#11705=VECTOR('',#11706,2.161448);
#11707=LINE('',#5971,#11705);
#11709=CARTESIAN_POINT('',(689.3793,-316.0000,-369.2226));
#11710=VERTEX_POINT('',#11709);
#11708=EDGE_CURVE('',#5972,#11710,#11707,.T.);
#11712=DIRECTION('',(0.659355,0.000000,0.751832));
#11711=VECTOR('',#11712,0.815432);
#11713=LINE('',#11709,#11711);
#11714=EDGE_CURVE('',#11710,#860,#11713,.T.);
#11716=DIRECTION('',(-0.250048,0.925306,-0.285106));
#11715=VECTOR('',#11716,2.161448);
#11717=LINE('',#859,#11715);
#11718=EDGE_CURVE('',#860,#11704,#11717,.T.);
#11719=ORIENTED_EDGE('',*,*,#11703,.T.);
#11720=ORIENTED_EDGE('',*,*,#11708,.T.);
#11721=ORIENTED_EDGE('',*,*,#11714,.T.);
#11722=ORIENTED_EDGE('',*,*,#11718,.T.);
#11723=EDGE_LOOP('',(#11719,#11720,#11721,#11722));
#11724=FACE_OUTER_BOUND('',#11723,.T.);
#11727=DIRECTION('',(-0.751832,-0.000009,0.659355));
#11728=DIRECTION('',(-0.659355,0.000000,-0.751832));
#11726=AXIS2_PLACEMENT_3D('',#11702,#11727,#11728);
#11725=PLANE('',#11726);
#11729=ADVANCED_FACE('',(#11724),#11725,.T.);
#11731=DIRECTION('',(0.659371,0.000000,0.751817));
#11730=VECTOR('',#11731,0.819669);
#11732=LINE('',#865,#11730);
#11733=EDGE_CURVE('',#866,#11710,#11732,.T.);
#11734=ORIENTED_EDGE('',*,*,#11708,.F.);
#11735=ORIENTED_EDGE('',*,*,#11684,.F.);
#11736=ORIENTED_EDGE('',*,*,#11733,.T.);
#11737=EDGE_LOOP('',(#11734,#11735,#11736));
#11738=FACE_OUTER_BOUND('',#11737,.T.);
#11740=DIRECTION('',(0.000000,1.000000,0.000000));
#11739=VECTOR('',#11740,2.000000);
#11741=LINE('',#859,#11739);
#11742=EDGE_CURVE('',#860,#5978,#11741,.T.);
#11744=DIRECTION('',(-0.659371,0.000000,-0.751817));
#11743=VECTOR('',#11744,0.819669);
#11745=LINE('',#5977,#11743);
#11746=EDGE_CURVE('',#5978,#11704,#11745,.T.);
#11747=ORIENTED_EDGE('',*,*,#11718,.F.);
#11748=ORIENTED_EDGE('',*,*,#11742,.T.);
#11749=ORIENTED_EDGE('',*,*,#11746,.T.);
#11750=EDGE_LOOP('',(#11747,#11748,#11749));
#11751=FACE_BOUND('',#11750,.T.);
#11754=DIRECTION('',(-0.751817,0.000000,0.659371));
#11755=DIRECTION('',(-0.250048,0.925306,-0.285106));
#11753=AXIS2_PLACEMENT_3D('',#11709,#11754,#11755);
#11752=PLANE('',#11753);
#11756=ADVANCED_FACE('',(#11738,#11751),#11752,.T.);
#11758=DIRECTION('',(-0.555546,0.000000,-0.831486));
#11757=VECTOR('',#11758,0.815419);
#11760=CARTESIAN_POINT('',(690.3699,-314.0000,-367.9315));
#11759=LINE('',#11760,#11757);
#11762=VERTEX_POINT('',#11760);
#11761=EDGE_CURVE('',#11762,#5978,#11759,.T.);
#11764=DIRECTION('',(0.210685,-0.925307,0.315307));
#11763=VECTOR('',#11764,2.161444);
#11765=LINE('',#5977,#11763);
#11767=CARTESIAN_POINT('',(690.3723,-316.0000,-367.9280));
#11768=VERTEX_POINT('',#11767);
#11766=EDGE_CURVE('',#5978,#11768,#11765,.T.);
#11770=DIRECTION('',(0.555546,0.000000,0.831486));
#11769=VECTOR('',#11770,0.815419);
#11771=LINE('',#11767,#11769);
#11772=EDGE_CURVE('',#11768,#854,#11771,.T.);
#11774=DIRECTION('',(-0.210685,0.925307,-0.315307));
#11773=VECTOR('',#11774,2.161444);
#11775=LINE('',#853,#11773);
#11776=EDGE_CURVE('',#854,#11762,#11775,.T.);
#11777=ORIENTED_EDGE('',*,*,#11761,.T.);
#11778=ORIENTED_EDGE('',*,*,#11766,.T.);
#11779=ORIENTED_EDGE('',*,*,#11772,.T.);
#11780=ORIENTED_EDGE('',*,*,#11776,.T.);
#11781=EDGE_LOOP('',(#11777,#11778,#11779,#11780));
#11782=FACE_OUTER_BOUND('',#11781,.T.);
#11785=DIRECTION('',(-0.831486,-0.000015,0.555546));
#11786=DIRECTION('',(-0.555546,0.000000,-0.831486));
#11784=AXIS2_PLACEMENT_3D('',#11760,#11785,#11786);
#11783=PLANE('',#11784);
#11787=ADVANCED_FACE('',(#11782),#11783,.T.);
#11789=DIRECTION('',(0.555576,0.000000,0.831466));
#11788=VECTOR('',#11789,0.819659);
#11790=LINE('',#859,#11788);
#11791=EDGE_CURVE('',#860,#11768,#11790,.T.);
#11792=ORIENTED_EDGE('',*,*,#11766,.F.);
#11793=ORIENTED_EDGE('',*,*,#11742,.F.);
#11794=ORIENTED_EDGE('',*,*,#11791,.T.);
#11795=EDGE_LOOP('',(#11792,#11793,#11794));
#11796=FACE_OUTER_BOUND('',#11795,.T.);
#11798=DIRECTION('',(0.000000,1.000000,0.000000));
#11797=VECTOR('',#11798,2.000000);
#11799=LINE('',#853,#11797);
#11800=EDGE_CURVE('',#854,#5984,#11799,.T.);
#11802=DIRECTION('',(-0.555576,0.000000,-0.831466));
#11801=VECTOR('',#11802,0.819659);
#11803=LINE('',#5983,#11801);
#11804=EDGE_CURVE('',#5984,#11762,#11803,.T.);
#11805=ORIENTED_EDGE('',*,*,#11776,.F.);
#11806=ORIENTED_EDGE('',*,*,#11800,.T.);
#11807=ORIENTED_EDGE('',*,*,#11804,.T.);
#11808=EDGE_LOOP('',(#11805,#11806,#11807));
#11809=FACE_BOUND('',#11808,.T.);
#11812=DIRECTION('',(-0.831466,0.000000,0.555576));
#11813=DIRECTION('',(-0.210685,0.925307,-0.315307));
#11811=AXIS2_PLACEMENT_3D('',#11767,#11812,#11813);
#11810=PLANE('',#11811);
#11814=ADVANCED_FACE('',(#11796,#11809),#11810,.T.);
#11816=DIRECTION('',(-0.442282,0.000000,-0.896876));
#11815=VECTOR('',#11816,0.815446);
#11818=CARTESIAN_POINT('',(691.1860,-314.0000,-366.5186));
#11817=LINE('',#11818,#11815);
#11820=VERTEX_POINT('',#11818);
#11819=EDGE_CURVE('',#11820,#5984,#11817,.T.);
#11822=DIRECTION('',(0.167707,-0.925313,0.340102));
#11821=VECTOR('',#11822,2.161430);
#11823=LINE('',#5983,#11821);
#11825=CARTESIAN_POINT('',(691.1878,-316.0000,-366.5149));
#11826=VERTEX_POINT('',#11825);
#11824=EDGE_CURVE('',#5984,#11826,#11823,.T.);
#11828=DIRECTION('',(0.442342,0.000000,0.896846));
#11827=VECTOR('',#11828,0.815473);
#11829=LINE('',#11825,#11827);
#11830=EDGE_CURVE('',#11826,#848,#11829,.T.);
#11832=DIRECTION('',(-0.167735,0.925309,-0.340101));
#11831=VECTOR('',#11832,2.161440);
#11833=LINE('',#847,#11831);
#11834=EDGE_CURVE('',#848,#11820,#11833,.T.);
#11835=ORIENTED_EDGE('',*,*,#11819,.T.);
#11836=ORIENTED_EDGE('',*,*,#11824,.T.);
#11837=ORIENTED_EDGE('',*,*,#11830,.T.);
#11838=ORIENTED_EDGE('',*,*,#11834,.T.);
#11839=EDGE_LOOP('',(#11835,#11836,#11837,#11838));
#11840=FACE_OUTER_BOUND('',#11839,.T.);
#11843=DIRECTION('',(-0.896876,0.000009,0.442282));
#11844=DIRECTION('',(-0.442282,0.000000,-0.896876));
#11842=AXIS2_PLACEMENT_3D('',#11818,#11843,#11844);
#11841=PLANE('',#11842);
#11845=ADVANCED_FACE('',(#11840),#11841,.T.);
#11847=DIRECTION('',(0.442262,0.000000,0.896886));
#11846=VECTOR('',#11847,0.819622);
#11848=LINE('',#853,#11846);
#11849=EDGE_CURVE('',#854,#11826,#11848,.T.);
#11850=ORIENTED_EDGE('',*,*,#11824,.F.);
#11851=ORIENTED_EDGE('',*,*,#11800,.F.);
#11852=ORIENTED_EDGE('',*,*,#11849,.T.);
#11853=EDGE_LOOP('',(#11850,#11851,#11852));
#11854=FACE_OUTER_BOUND('',#11853,.T.);
#11856=DIRECTION('',(0.000000,1.000000,0.000000));
#11855=VECTOR('',#11856,2.000000);
#11857=LINE('',#847,#11855);
#11858=EDGE_CURVE('',#848,#5990,#11857,.T.);
#11860=DIRECTION('',(-0.442322,0.000000,-0.896856));
#11859=VECTOR('',#11860,0.819649);
#11861=LINE('',#5989,#11859);
#11862=EDGE_CURVE('',#5990,#11820,#11861,.T.);
#11863=ORIENTED_EDGE('',*,*,#11834,.F.);
#11864=ORIENTED_EDGE('',*,*,#11858,.T.);
#11865=ORIENTED_EDGE('',*,*,#11862,.T.);
#11866=EDGE_LOOP('',(#11863,#11864,#11865));
#11867=FACE_BOUND('',#11866,.T.);
#11870=DIRECTION('',(-0.896886,0.000000,0.442262));
#11871=DIRECTION('',(-0.167707,0.925313,-0.340102));
#11869=AXIS2_PLACEMENT_3D('',#11825,#11870,#11871);
#11868=PLANE('',#11869);
#11872=ADVANCED_FACE('',(#11854,#11867),#11868,.T.);
#11874=DIRECTION('',(-0.000671,0.999998,-0.001999));
#11873=VECTOR('',#11874,2.000004);
#11876=CARTESIAN_POINT('',(691.8120,-316.0000,-365.0074));
#11875=LINE('',#11876,#11873);
#11878=VERTEX_POINT('',#11876);
#11879=CARTESIAN_POINT('',(691.8106,-314.0000,-365.0114));
#11880=VERTEX_POINT('',#11879);
#11877=EDGE_CURVE('',#11878,#11880,#11875,.T.);
#11882=DIRECTION('',(-0.321410,0.000000,-0.946940));
#11881=VECTOR('',#11882,0.815422);
#11883=LINE('',#11879,#11881);
#11884=EDGE_CURVE('',#11880,#5990,#11883,.T.);
#11886=DIRECTION('',(0.321395,0.000000,0.946945));
#11885=VECTOR('',#11886,0.819639);
#11887=LINE('',#847,#11885);
#11888=EDGE_CURVE('',#848,#11878,#11887,.T.);
#11889=ORIENTED_EDGE('',*,*,#11877,.T.);
#11890=ORIENTED_EDGE('',*,*,#11884,.T.);
#11891=ORIENTED_EDGE('',*,*,#11858,.F.);
#11892=ORIENTED_EDGE('',*,*,#11888,.T.);
#11893=EDGE_LOOP('',(#11889,#11890,#11891,#11892));
#11894=FACE_OUTER_BOUND('',#11893,.T.);
#11897=DIRECTION('',(-0.946940,0.000007,0.321410));
#11898=DIRECTION('',(-0.000671,0.999998,-0.001999));
#11896=AXIS2_PLACEMENT_3D('',#11876,#11897,#11898);
#11895=PLANE('',#11896);
#11899=ADVANCED_FACE('',(#11894),#11895,.T.);
#11901=DIRECTION('',(0.321477,0.000000,0.946917));
#11900=VECTOR('',#11901,0.815442);
#11902=LINE('',#11876,#11900);
#11903=EDGE_CURVE('',#11878,#842,#11902,.T.);
#11905=DIRECTION('',(0.000000,1.000000,0.000000));
#11904=VECTOR('',#11905,2.000000);
#11906=LINE('',#841,#11904);
#11907=EDGE_CURVE('',#842,#5996,#11906,.T.);
#11909=DIRECTION('',(-0.321461,0.000000,-0.946923));
#11908=VECTOR('',#11909,0.819659);
#11910=LINE('',#5995,#11908);
#11911=EDGE_CURVE('',#5996,#11880,#11910,.T.);
#11912=ORIENTED_EDGE('',*,*,#11877,.F.);
#11913=ORIENTED_EDGE('',*,*,#11903,.T.);
#11914=ORIENTED_EDGE('',*,*,#11907,.T.);
#11915=ORIENTED_EDGE('',*,*,#11911,.T.);
#11916=EDGE_LOOP('',(#11912,#11913,#11914,#11915));
#11917=FACE_OUTER_BOUND('',#11916,.T.);
#11920=DIRECTION('',(-0.946917,0.000007,0.321477));
#11921=DIRECTION('',(0.000671,-0.999998,0.001999));
#11919=AXIS2_PLACEMENT_3D('',#11879,#11920,#11921);
#11918=PLANE('',#11919);
#11922=ADVANCED_FACE('',(#11917),#11918,.T.);
#11924=DIRECTION('',(-0.000397,0.999998,-0.002060));
#11923=VECTOR('',#11924,2.000004);
#11926=CARTESIAN_POINT('',(692.2339,-316.0000,-363.4313));
#11925=LINE('',#11926,#11923);
#11928=VERTEX_POINT('',#11926);
#11929=CARTESIAN_POINT('',(692.2332,-314.0000,-363.4355));
#11930=VERTEX_POINT('',#11929);
#11927=EDGE_CURVE('',#11928,#11930,#11925,.T.);
#11932=DIRECTION('',(-0.195058,0.000000,-0.980792));
#11931=VECTOR('',#11932,0.815437);
#11933=LINE('',#11929,#11931);
#11934=EDGE_CURVE('',#11930,#5996,#11933,.T.);
#11936=DIRECTION('',(0.073956,-0.925312,0.371926));
#11935=VECTOR('',#11936,2.161434);
#11937=LINE('',#5995,#11935);
#11938=EDGE_CURVE('',#5996,#11928,#11937,.T.);
#11939=ORIENTED_EDGE('',*,*,#11927,.T.);
#11940=ORIENTED_EDGE('',*,*,#11934,.T.);
#11941=ORIENTED_EDGE('',*,*,#11938,.T.);
#11942=EDGE_LOOP('',(#11939,#11940,#11941));
#11943=FACE_OUTER_BOUND('',#11942,.T.);
#11946=DIRECTION('',(-0.980792,0.000013,0.195058));
#11947=DIRECTION('',(-0.000397,0.999998,-0.002060));
#11945=AXIS2_PLACEMENT_3D('',#11926,#11946,#11947);
#11944=PLANE('',#11945);
#11948=ADVANCED_FACE('',(#11943),#11944,.T.);
#11950=DIRECTION('',(0.195028,0.000000,0.980798));
#11949=VECTOR('',#11950,0.819633);
#11951=LINE('',#841,#11949);
#11952=EDGE_CURVE('',#842,#11928,#11951,.T.);
#11953=ORIENTED_EDGE('',*,*,#11938,.F.);
#11954=ORIENTED_EDGE('',*,*,#11907,.F.);
#11955=ORIENTED_EDGE('',*,*,#11952,.T.);
#11956=EDGE_LOOP('',(#11953,#11954,#11955));
#11957=FACE_OUTER_BOUND('',#11956,.T.);
#11960=DIRECTION('',(-0.980798,0.000000,0.195028));
#11961=DIRECTION('',(-0.073956,0.925312,-0.371926));
#11959=AXIS2_PLACEMENT_3D('',#11926,#11960,#11961);
#11958=PLANE('',#11959);
#11962=ADVANCED_FACE('',(#11957),#11958,.T.);
#11964=DIRECTION('',(0.195137,0.000000,0.980776));
#11963=VECTOR('',#11964,0.815419);
#11965=LINE('',#11926,#11963);
#11966=EDGE_CURVE('',#11928,#836,#11965,.T.);
#11968=DIRECTION('',(-0.073984,0.925314,-0.371913));
#11967=VECTOR('',#11968,2.161427);
#11969=LINE('',#835,#11967);
#11970=EDGE_CURVE('',#836,#11930,#11969,.T.);
#11971=ORIENTED_EDGE('',*,*,#11927,.F.);
#11972=ORIENTED_EDGE('',*,*,#11966,.T.);
#11973=ORIENTED_EDGE('',*,*,#11970,.T.);
#11974=EDGE_LOOP('',(#11971,#11972,#11973));
#11975=FACE_OUTER_BOUND('',#11974,.T.);
#11978=DIRECTION('',(-0.980776,0.000013,0.195137));
#11979=DIRECTION('',(0.000397,-0.999998,0.002060));
#11977=AXIS2_PLACEMENT_3D('',#11929,#11978,#11979);
#11976=PLANE('',#11977);
#11980=ADVANCED_FACE('',(#11975),#11976,.T.);
#11982=DIRECTION('',(0.000000,1.000000,0.000000));
#11981=VECTOR('',#11982,2.000000);
#11983=LINE('',#835,#11981);
#11984=EDGE_CURVE('',#836,#6002,#11983,.T.);
#11986=DIRECTION('',(-0.195106,0.000000,-0.980782));
#11985=VECTOR('',#11986,0.819615);
#11987=LINE('',#6001,#11985);
#11988=EDGE_CURVE('',#6002,#11930,#11987,.T.);
#11989=ORIENTED_EDGE('',*,*,#11970,.F.);
#11990=ORIENTED_EDGE('',*,*,#11984,.T.);
#11991=ORIENTED_EDGE('',*,*,#11988,.T.);
#11992=EDGE_LOOP('',(#11989,#11990,#11991));
#11993=FACE_OUTER_BOUND('',#11992,.T.);
#11996=DIRECTION('',(-0.980782,0.000000,0.195106));
#11997=DIRECTION('',(0.073984,-0.925314,0.371913));
#11995=AXIS2_PLACEMENT_3D('',#11929,#11996,#11997);
#11994=PLANE('',#11995);
#11998=ADVANCED_FACE('',(#11993),#11994,.T.);
#12000=DIRECTION('',(0.024793,-0.925308,0.378405));
#11999=VECTOR('',#12000,2.161443);
#12001=LINE('',#6001,#11999);
#12003=CARTESIAN_POINT('',(692.4467,-316.0000,-361.8137));
#12004=VERTEX_POINT('',#12003);
#12002=EDGE_CURVE('',#6002,#12004,#12001,.T.);
#12006=DIRECTION('',(0.018636,0.958632,0.284038));
#12005=VECTOR('',#12006,2.086307);
#12007=LINE('',#12003,#12005);
#12008=EDGE_CURVE('',#12004,#10667,#12007,.T.);
#12010=DIRECTION('',(-0.065417,0.000000,-0.997858));
#12009=VECTOR('',#12010,1.413520);
#12011=LINE('',#10665,#12009);
#12012=EDGE_CURVE('',#10667,#6002,#12011,.T.);
#12013=ORIENTED_EDGE('',*,*,#12002,.T.);
#12014=ORIENTED_EDGE('',*,*,#12008,.T.);
#12015=ORIENTED_EDGE('',*,*,#12012,.T.);
#12016=EDGE_LOOP('',(#12013,#12014,#12015));
#12017=FACE_OUTER_BOUND('',#12016,.T.);
#12020=CARTESIAN_POINT('',(692.4464,-314.0000,-361.8179));
#12021=DIRECTION('',(-0.997858,0.000015,0.065416));
#12022=DIRECTION('',(0.024793,-0.925308,0.378405));
#12019=AXIS2_PLACEMENT_3D('',#12020,#12021,#12022);
#12018=PLANE('',#12019);
#12023=ADVANCED_FACE('',(#12017),#12018,.T.);
#12025=DIRECTION('',(0.065380,0.000000,0.997860));
#12024=VECTOR('',#12025,0.819655);
#12026=LINE('',#835,#12024);
#12027=EDGE_CURVE('',#836,#12004,#12026,.T.);
#12028=ORIENTED_EDGE('',*,*,#12002,.F.);
#12029=ORIENTED_EDGE('',*,*,#11984,.F.);
#12030=ORIENTED_EDGE('',*,*,#12027,.T.);
#12031=EDGE_LOOP('',(#12028,#12029,#12030));
#12032=FACE_OUTER_BOUND('',#12031,.T.);
#12035=DIRECTION('',(-0.997860,0.000000,0.065380));
#12036=DIRECTION('',(-0.024793,0.925308,-0.378405));
#12034=AXIS2_PLACEMENT_3D('',#12003,#12035,#12036);
#12033=PLANE('',#12034);
#12037=ADVANCED_FACE('',(#12032),#12033,.T.);
#12039=DIRECTION('',(0.065468,0.000000,0.997855));
#12038=VECTOR('',#12039,0.593864);
#12040=LINE('',#12003,#12038);
#12041=EDGE_CURVE('',#12004,#10669,#12040,.T.);
#12042=ORIENTED_EDGE('',*,*,#12008,.F.);
#12043=ORIENTED_EDGE('',*,*,#12041,.T.);
#12044=ORIENTED_EDGE('',*,*,#10666,.F.);
#12045=EDGE_LOOP('',(#12042,#12043,#12044));
#12046=FACE_OUTER_BOUND('',#12045,.T.);
#12049=DIRECTION('',(-0.997855,0.000000,0.065468));
#12050=DIRECTION('',(-0.018636,-0.958632,-0.284038));
#12048=AXIS2_PLACEMENT_3D('',#10665,#12049,#12050);
#12047=PLANE('',#12048);
#12051=ADVANCED_FACE('',(#12046),#12047,.T.);
#12053=DIRECTION('',(-0.659339,0.000000,0.751846));
#12052=VECTOR('',#12053,0.598097);
#12054=LINE('',#11040,#12052);
#12056=CARTESIAN_POINT('',(689.3765,-316.0000,-352.7742));
#12057=VERTEX_POINT('',#12056);
#12055=EDGE_CURVE('',#11042,#12057,#12054,.T.);
#12059=DIRECTION('',(0.001404,0.999998,-0.001587));
#12058=VECTOR('',#12059,2.000004);
#12060=LINE('',#12056,#12058);
#12062=CARTESIAN_POINT('',(689.3793,-314.0000,-352.7774));
#12063=VERTEX_POINT('',#12062);
#12061=EDGE_CURVE('',#12057,#12063,#12060,.T.);
#12065=DIRECTION('',(0.187672,-0.958633,-0.214016));
#12064=VECTOR('',#12065,2.086305);
#12066=LINE('',#12062,#12064);
#12067=EDGE_CURVE('',#12063,#11042,#12066,.T.);
#12068=ORIENTED_EDGE('',*,*,#12055,.T.);
#12069=ORIENTED_EDGE('',*,*,#12061,.T.);
#12070=ORIENTED_EDGE('',*,*,#12067,.T.);
#12071=EDGE_LOOP('',(#12068,#12069,#12070));
#12072=FACE_OUTER_BOUND('',#12071,.T.);
#12075=DIRECTION('',(-0.751846,0.000009,-0.659339));
#12076=DIRECTION('',(-0.659339,0.000000,0.751846));
#12074=AXIS2_PLACEMENT_3D('',#11040,#12075,#12076);
#12073=PLANE('',#12074);
#12077=ADVANCED_FACE('',(#12072),#12073,.T.);
#12079=DIRECTION('',(0.659316,0.000000,-0.751866));
#12078=VECTOR('',#12079,0.593859);
#12080=LINE('',#12062,#12078);
#12081=EDGE_CURVE('',#12063,#11044,#12080,.T.);
#12082=ORIENTED_EDGE('',*,*,#12067,.F.);
#12083=ORIENTED_EDGE('',*,*,#12081,.T.);
#12084=ORIENTED_EDGE('',*,*,#11041,.F.);
#12085=EDGE_LOOP('',(#12082,#12083,#12084));
#12086=FACE_OUTER_BOUND('',#12085,.T.);
#12089=DIRECTION('',(-0.751866,0.000000,-0.659316));
#12090=DIRECTION('',(-0.187672,0.958633,0.214016));
#12088=AXIS2_PLACEMENT_3D('',#11040,#12089,#12090);
#12087=PLANE('',#12088);
#12091=ADVANCED_FACE('',(#12086),#12087,.T.);
#12093=DIRECTION('',(-0.659355,0.000000,0.751832));
#12092=VECTOR('',#12093,0.815432);
#12094=LINE('',#12056,#12092);
#12095=EDGE_CURVE('',#12057,#794,#12094,.T.);
#12097=DIRECTION('',(0.250048,0.925306,-0.285106));
#12096=VECTOR('',#12097,2.161448);
#12098=LINE('',#793,#12096);
#12099=EDGE_CURVE('',#794,#12063,#12098,.T.);
#12100=ORIENTED_EDGE('',*,*,#12061,.F.);
#12101=ORIENTED_EDGE('',*,*,#12095,.T.);
#12102=ORIENTED_EDGE('',*,*,#12099,.T.);
#12103=EDGE_LOOP('',(#12100,#12101,#12102));
#12104=FACE_OUTER_BOUND('',#12103,.T.);
#12107=DIRECTION('',(-0.751832,0.000009,-0.659355));
#12108=DIRECTION('',(-0.001404,-0.999998,0.001587));
#12106=AXIS2_PLACEMENT_3D('',#12062,#12107,#12108);
#12105=PLANE('',#12106);
#12109=ADVANCED_FACE('',(#12104),#12105,.T.);
#12111=DIRECTION('',(0.000000,1.000000,0.000000));
#12110=VECTOR('',#12111,2.000000);
#12112=LINE('',#793,#12110);
#12113=EDGE_CURVE('',#794,#6044,#12112,.T.);
#12115=DIRECTION('',(0.659371,0.000000,-0.751817));
#12114=VECTOR('',#12115,0.819669);
#12116=LINE('',#6043,#12114);
#12117=EDGE_CURVE('',#6044,#12063,#12116,.T.);
#12118=ORIENTED_EDGE('',*,*,#12099,.F.);
#12119=ORIENTED_EDGE('',*,*,#12113,.T.);
#12120=ORIENTED_EDGE('',*,*,#12117,.T.);
#12121=EDGE_LOOP('',(#12118,#12119,#12120));
#12122=FACE_OUTER_BOUND('',#12121,.T.);
#12125=DIRECTION('',(-0.751817,0.000000,-0.659371));
#12126=DIRECTION('',(-0.250048,-0.925306,0.285106));
#12124=AXIS2_PLACEMENT_3D('',#12062,#12125,#12126);
#12123=PLANE('',#12124);
#12127=ADVANCED_FACE('',(#12122),#12123,.T.);
#12129=DIRECTION('',(0.001587,0.999998,-0.001389));
#12128=VECTOR('',#12129,2.000004);
#12131=CARTESIAN_POINT('',(688.2226,-316.0000,-351.6207));
#12130=LINE('',#12131,#12128);
#12133=VERTEX_POINT('',#12131);
#12134=CARTESIAN_POINT('',(688.2258,-314.0000,-351.6235));
#12135=VERTEX_POINT('',#12134);
#12132=EDGE_CURVE('',#12133,#12135,#12130,.T.);
#12137=DIRECTION('',(0.751816,0.000000,-0.659373));
#12136=VECTOR('',#12137,0.815409);
#12138=LINE('',#12134,#12136);
#12139=EDGE_CURVE('',#12135,#6044,#12138,.T.);
#12141=DIRECTION('',(-0.751820,0.000000,0.659369));
#12140=VECTOR('',#12141,0.819626);
#12142=LINE('',#793,#12140);
#12143=EDGE_CURVE('',#794,#12133,#12142,.T.);
#12144=ORIENTED_EDGE('',*,*,#12132,.T.);
#12145=ORIENTED_EDGE('',*,*,#12139,.T.);
#12146=ORIENTED_EDGE('',*,*,#12113,.F.);
#12147=ORIENTED_EDGE('',*,*,#12143,.T.);
#12148=EDGE_LOOP('',(#12144,#12145,#12146,#12147));
#12149=FACE_OUTER_BOUND('',#12148,.T.);
#12152=DIRECTION('',(-0.659373,0.000002,-0.751816));
#12153=DIRECTION('',(0.001587,0.999998,-0.001389));
#12151=AXIS2_PLACEMENT_3D('',#12131,#12152,#12153);
#12150=PLANE('',#12151);
#12154=ADVANCED_FACE('',(#12149),#12150,.T.);
#12156=DIRECTION('',(-0.751848,0.000000,0.659336));
#12155=VECTOR('',#12156,0.815455);
#12157=LINE('',#12131,#12155);
#12158=EDGE_CURVE('',#12133,#788,#12157,.T.);
#12160=DIRECTION('',(0.285120,0.925305,-0.250034));
#12159=VECTOR('',#12160,2.161449);
#12161=LINE('',#787,#12159);
#12162=EDGE_CURVE('',#788,#12135,#12161,.T.);
#12163=ORIENTED_EDGE('',*,*,#12132,.F.);
#12164=ORIENTED_EDGE('',*,*,#12158,.T.);
#12165=ORIENTED_EDGE('',*,*,#12162,.T.);
#12166=EDGE_LOOP('',(#12163,#12164,#12165));
#12167=FACE_OUTER_BOUND('',#12166,.T.);
#12170=DIRECTION('',(-0.659336,0.000002,-0.751848));
#12171=DIRECTION('',(-0.001587,-0.999998,0.001389));
#12169=AXIS2_PLACEMENT_3D('',#12134,#12170,#12171);
#12168=PLANE('',#12169);
#12172=ADVANCED_FACE('',(#12167),#12168,.T.);
#12174=DIRECTION('',(0.000000,1.000000,0.000000));
#12173=VECTOR('',#12174,2.000000);
#12175=LINE('',#787,#12173);
#12176=EDGE_CURVE('',#788,#6050,#12175,.T.);
#12178=DIRECTION('',(0.751852,0.000000,-0.659332));
#12177=VECTOR('',#12178,0.819672);
#12179=LINE('',#6049,#12177);
#12180=EDGE_CURVE('',#6050,#12135,#12179,.T.);
#12181=ORIENTED_EDGE('',*,*,#12162,.F.);
#12182=ORIENTED_EDGE('',*,*,#12176,.T.);
#12183=ORIENTED_EDGE('',*,*,#12180,.T.);
#12184=EDGE_LOOP('',(#12181,#12182,#12183));
#12185=FACE_OUTER_BOUND('',#12184,.T.);
#12188=DIRECTION('',(-0.659332,0.000000,-0.751852));
#12189=DIRECTION('',(-0.285120,-0.925305,0.250034));
#12187=AXIS2_PLACEMENT_3D('',#12134,#12188,#12189);
#12186=PLANE('',#12187);
#12190=ADVANCED_FACE('',(#12185),#12186,.T.);
#12192=DIRECTION('',(0.001739,0.999998,-0.001175));
#12191=VECTOR('',#12192,2.000004);
#12194=CARTESIAN_POINT('',(686.9280,-316.0000,-350.6277));
#12193=LINE('',#12194,#12191);
#12196=VERTEX_POINT('',#12194);
#12197=CARTESIAN_POINT('',(686.9315,-314.0000,-350.6301));
#12198=VERTEX_POINT('',#12197);
#12195=EDGE_CURVE('',#12196,#12198,#12193,.T.);
#12200=DIRECTION('',(0.831474,0.000000,-0.555564));
#12199=VECTOR('',#12200,0.815393);
#12201=LINE('',#12197,#12199);
#12202=EDGE_CURVE('',#12198,#6050,#12201,.T.);
#12204=DIRECTION('',(-0.315283,-0.925318,0.210673));
#12203=VECTOR('',#12204,2.161419);
#12205=LINE('',#6049,#12203);
#12206=EDGE_CURVE('',#6050,#12196,#12205,.T.);
#12207=ORIENTED_EDGE('',*,*,#12195,.T.);
#12208=ORIENTED_EDGE('',*,*,#12202,.T.);
#12209=ORIENTED_EDGE('',*,*,#12206,.T.);
#12210=EDGE_LOOP('',(#12207,#12208,#12209));
#12211=FACE_OUTER_BOUND('',#12210,.T.);
#12214=DIRECTION('',(-0.555564,-0.000011,-0.831474));
#12215=DIRECTION('',(0.001739,0.999998,-0.001175));
#12213=AXIS2_PLACEMENT_3D('',#12194,#12214,#12215);
#12212=PLANE('',#12213);
#12216=ADVANCED_FACE('',(#12211),#12212,.T.);
#12218=DIRECTION('',(-0.315307,-0.925307,0.210685));
#12217=VECTOR('',#12218,2.161444);
#12219=LINE('',#12197,#12217);
#12220=EDGE_CURVE('',#12198,#782,#12219,.T.);
#12222=DIRECTION('',(0.000000,1.000000,0.000000));
#12221=VECTOR('',#12222,2.000000);
#12223=LINE('',#781,#12221);
#12224=EDGE_CURVE('',#782,#6056,#12223,.T.);
#12226=DIRECTION('',(0.831466,0.000000,-0.555576));
#12225=VECTOR('',#12226,0.819659);
#12227=LINE('',#6055,#12225);
#12228=EDGE_CURVE('',#6056,#12198,#12227,.T.);
#12229=ORIENTED_EDGE('',*,*,#12220,.T.);
#12230=ORIENTED_EDGE('',*,*,#12224,.T.);
#12231=ORIENTED_EDGE('',*,*,#12228,.T.);
#12232=EDGE_LOOP('',(#12229,#12230,#12231));
#12233=FACE_OUTER_BOUND('',#12232,.T.);
#12235=DIRECTION('',(-0.831460,0.000000,0.555585));
#12234=VECTOR('',#12235,0.819592);
#12236=LINE('',#787,#12234);
#12237=EDGE_CURVE('',#788,#12196,#12236,.T.);
#12238=ORIENTED_EDGE('',*,*,#12206,.F.);
#12239=ORIENTED_EDGE('',*,*,#12176,.F.);
#12240=ORIENTED_EDGE('',*,*,#12237,.T.);
#12241=EDGE_LOOP('',(#12238,#12239,#12240));
#12242=FACE_BOUND('',#12241,.T.);
#12245=DIRECTION('',(-0.555585,0.000000,-0.831460));
#12246=DIRECTION('',(-0.315307,-0.925307,0.210685));
#12244=AXIS2_PLACEMENT_3D('',#12197,#12245,#12246);
#12243=PLANE('',#12244);
#12247=ADVANCED_FACE('',(#12233,#12242),#12243,.T.);
#12249=DIRECTION('',(-0.831480,0.000000,0.555555));
#12248=VECTOR('',#12249,0.815461);
#12250=LINE('',#12194,#12248);
#12251=EDGE_CURVE('',#12196,#782,#12250,.T.);
#12252=ORIENTED_EDGE('',*,*,#12195,.F.);
#12253=ORIENTED_EDGE('',*,*,#12251,.T.);
#12254=ORIENTED_EDGE('',*,*,#12220,.F.);
#12255=EDGE_LOOP('',(#12252,#12253,#12254));
#12256=FACE_OUTER_BOUND('',#12255,.T.);
#12259=DIRECTION('',(-0.555555,-0.000011,-0.831480));
#12260=DIRECTION('',(-0.001739,-0.999998,0.001175));
#12258=AXIS2_PLACEMENT_3D('',#12197,#12259,#12260);
#12257=PLANE('',#12258);
#12261=ADVANCED_FACE('',(#12256),#12257,.T.);
#12263=DIRECTION('',(0.896869,0.000000,-0.442297));
#12262=VECTOR('',#12263,0.815418);
#12265=CARTESIAN_POINT('',(685.5187,-314.0000,-349.8140));
#12264=LINE('',#12265,#12262);
#12267=VERTEX_POINT('',#12265);
#12266=EDGE_CURVE('',#12267,#6056,#12264,.T.);
#12269=DIRECTION('',(-0.340102,-0.925311,0.167721));
#12268=VECTOR('',#12269,2.161435);
#12270=LINE('',#6055,#12268);
#12272=CARTESIAN_POINT('',(685.5149,-316.0000,-349.8122));
#12273=VERTEX_POINT('',#12272);
#12271=EDGE_CURVE('',#6056,#12273,#12270,.T.);
#12275=DIRECTION('',(-0.896869,0.000000,0.442297));
#12274=VECTOR('',#12275,0.815418);
#12276=LINE('',#12272,#12274);
#12277=EDGE_CURVE('',#12273,#776,#12276,.T.);
#12279=DIRECTION('',(0.340102,0.925311,-0.167721));
#12278=VECTOR('',#12279,2.161435);
#12280=LINE('',#775,#12278);
#12281=EDGE_CURVE('',#776,#12267,#12280,.T.);
#12282=ORIENTED_EDGE('',*,*,#12266,.T.);
#12283=ORIENTED_EDGE('',*,*,#12271,.T.);
#12284=ORIENTED_EDGE('',*,*,#12277,.T.);
#12285=ORIENTED_EDGE('',*,*,#12281,.T.);
#12286=EDGE_LOOP('',(#12282,#12283,#12284,#12285));
#12287=FACE_OUTER_BOUND('',#12286,.T.);
#12290=DIRECTION('',(-0.442297,0.000002,-0.896869));
#12291=DIRECTION('',(0.896869,0.000000,-0.442297));
#12289=AXIS2_PLACEMENT_3D('',#12265,#12290,#12291);
#12288=PLANE('',#12289);
#12292=ADVANCED_FACE('',(#12287),#12288,.T.);
#12294=DIRECTION('',(-0.896871,0.000000,0.442292));
#12293=VECTOR('',#12294,0.819636);
#12295=LINE('',#781,#12293);
#12296=EDGE_CURVE('',#782,#12273,#12295,.T.);
#12297=ORIENTED_EDGE('',*,*,#12271,.F.);
#12298=ORIENTED_EDGE('',*,*,#12224,.F.);
#12299=ORIENTED_EDGE('',*,*,#12296,.T.);
#12300=EDGE_LOOP('',(#12297,#12298,#12299));
#12301=FACE_OUTER_BOUND('',#12300,.T.);
#12303=DIRECTION('',(0.000000,1.000000,0.000000));
#12302=VECTOR('',#12303,2.000000);
#12304=LINE('',#775,#12302);
#12305=EDGE_CURVE('',#776,#6062,#12304,.T.);
#12307=DIRECTION('',(0.896871,0.000000,-0.442292));
#12306=VECTOR('',#12307,0.819636);
#12308=LINE('',#6061,#12306);
#12309=EDGE_CURVE('',#6062,#12267,#12308,.T.);
#12310=ORIENTED_EDGE('',*,*,#12281,.F.);
#12311=ORIENTED_EDGE('',*,*,#12305,.T.);
#12312=ORIENTED_EDGE('',*,*,#12309,.T.);
#12313=EDGE_LOOP('',(#12310,#12311,#12312));
#12314=FACE_BOUND('',#12313,.T.);
#12317=DIRECTION('',(-0.442292,0.000000,-0.896871));
#12318=DIRECTION('',(0.340102,0.925311,-0.167721));
#12316=AXIS2_PLACEMENT_3D('',#12272,#12317,#12318);
#12315=PLANE('',#12316);
#12319=ADVANCED_FACE('',(#12301,#12314),#12315,.T.);
#12321=DIRECTION('',(0.001984,0.999998,-0.000671));
#12320=VECTOR('',#12321,2.000004);
#12323=CARTESIAN_POINT('',(684.0074,-316.0000,-349.1880));
#12322=LINE('',#12323,#12320);
#12325=VERTEX_POINT('',#12323);
#12326=CARTESIAN_POINT('',(684.0114,-314.0000,-349.1894));
#12327=VERTEX_POINT('',#12326);
#12324=EDGE_CURVE('',#12325,#12327,#12322,.T.);
#12329=DIRECTION('',(0.946936,0.000000,-0.321421));
#12328=VECTOR('',#12329,0.815490);
#12330=LINE('',#12326,#12328);
#12331=EDGE_CURVE('',#12327,#6062,#12330,.T.);
#12333=DIRECTION('',(-0.359103,-0.925304,0.121890));
#12332=VECTOR('',#12333,2.161451);
#12334=LINE('',#6061,#12332);
#12335=EDGE_CURVE('',#6062,#12325,#12334,.T.);
#12336=ORIENTED_EDGE('',*,*,#12324,.T.);
#12337=ORIENTED_EDGE('',*,*,#12331,.T.);
#12338=ORIENTED_EDGE('',*,*,#12335,.T.);
#12339=EDGE_LOOP('',(#12336,#12337,#12338));
#12340=FACE_OUTER_BOUND('',#12339,.T.);
#12343=DIRECTION('',(-0.321421,0.000002,-0.946936));
#12344=DIRECTION('',(0.001984,0.999998,-0.000671));
#12342=AXIS2_PLACEMENT_3D('',#12323,#12343,#12344);
#12341=PLANE('',#12342);
#12345=ADVANCED_FACE('',(#12340),#12341,.T.);
#12347=DIRECTION('',(-0.946938,0.000000,0.321417));
#12346=VECTOR('',#12347,0.819678);
#12348=LINE('',#775,#12346);
#12349=EDGE_CURVE('',#776,#12325,#12348,.T.);
#12350=ORIENTED_EDGE('',*,*,#12335,.F.);
#12351=ORIENTED_EDGE('',*,*,#12305,.F.);
#12352=ORIENTED_EDGE('',*,*,#12349,.T.);
#12353=EDGE_LOOP('',(#12350,#12351,#12352));
#12354=FACE_OUTER_BOUND('',#12353,.T.);
#12357=DIRECTION('',(-0.321417,0.000000,-0.946938));
#12358=DIRECTION('',(0.359103,0.925304,-0.121890));
#12356=AXIS2_PLACEMENT_3D('',#12323,#12357,#12358);
#12355=PLANE('',#12356);
#12359=ADVANCED_FACE('',(#12354),#12355,.T.);
#12361=DIRECTION('',(-0.946929,0.000000,0.321444));
#12360=VECTOR('',#12361,0.815432);
#12362=LINE('',#12323,#12360);
#12363=EDGE_CURVE('',#12325,#770,#12362,.T.);
#12365=DIRECTION('',(0.000000,1.000000,0.000000));
#12364=VECTOR('',#12365,2.000000);
#12366=LINE('',#769,#12364);
#12367=EDGE_CURVE('',#770,#6068,#12366,.T.);
#12369=DIRECTION('',(0.946930,0.000000,-0.321439));
#12368=VECTOR('',#12369,0.819620);
#12370=LINE('',#6067,#12368);
#12371=EDGE_CURVE('',#6068,#12327,#12370,.T.);
#12372=ORIENTED_EDGE('',*,*,#12324,.F.);
#12373=ORIENTED_EDGE('',*,*,#12363,.T.);
#12374=ORIENTED_EDGE('',*,*,#12367,.T.);
#12375=ORIENTED_EDGE('',*,*,#12371,.T.);
#12376=EDGE_LOOP('',(#12372,#12373,#12374,#12375));
#12377=FACE_OUTER_BOUND('',#12376,.T.);
#12380=DIRECTION('',(-0.321444,0.000002,-0.946929));
#12381=DIRECTION('',(-0.001984,-0.999998,0.000671));
#12379=AXIS2_PLACEMENT_3D('',#12326,#12380,#12381);
#12378=PLANE('',#12379);
#12382=ADVANCED_FACE('',(#12377),#12378,.T.);
#12384=DIRECTION('',(0.000000,1.000000,0.000000));
#12383=VECTOR('',#12384,2.000000);
#12385=LINE('',#763,#12383);
#12386=EDGE_CURVE('',#764,#6074,#12385,.T.);
#12387=ORIENTED_EDGE('',*,*,#12367,.F.);
#12388=ORIENTED_EDGE('',*,*,#768,.F.);
#12389=ORIENTED_EDGE('',*,*,#12386,.T.);
#12390=ORIENTED_EDGE('',*,*,#6072,.F.);
#12391=EDGE_LOOP('',(#12387,#12388,#12389,#12390));
#12392=FACE_OUTER_BOUND('',#12391,.T.);
#12395=CARTESIAN_POINT('',(682.4355,-314.0000,-348.7668));
#12396=DIRECTION('',(-0.195101,0.000001,-0.980783));
#12397=DIRECTION('',(0.000000,-1.000000,0.000000));
#12394=AXIS2_PLACEMENT_3D('',#12395,#12396,#12397);
#12393=PLANE('',#12394);
#12398=ADVANCED_FACE('',(#12392),#12393,.T.);
#12400=DIRECTION('',(0.002075,0.999998,-0.000137));
#12399=VECTOR('',#12400,2.000004);
#12402=CARTESIAN_POINT('',(680.8137,-316.0000,-348.5533));
#12401=LINE('',#12402,#12399);
#12404=VERTEX_POINT('',#12402);
#12405=CARTESIAN_POINT('',(680.8179,-314.0000,-348.5536));
#12406=VERTEX_POINT('',#12405);
#12403=EDGE_CURVE('',#12404,#12406,#12401,.T.);
#12408=DIRECTION('',(0.997861,0.000000,-0.065379));
#12407=VECTOR('',#12408,0.815465);
#12409=LINE('',#12405,#12407);
#12410=EDGE_CURVE('',#12406,#6074,#12409,.T.);
#12412=DIRECTION('',(-0.378393,-0.925313,0.024793));
#12411=VECTOR('',#12412,2.161431);
#12413=LINE('',#6073,#12411);
#12414=EDGE_CURVE('',#6074,#12404,#12413,.T.);
#12415=ORIENTED_EDGE('',*,*,#12403,.T.);
#12416=ORIENTED_EDGE('',*,*,#12410,.T.);
#12417=ORIENTED_EDGE('',*,*,#12414,.T.);
#12418=EDGE_LOOP('',(#12415,#12416,#12417));
#12419=FACE_OUTER_BOUND('',#12418,.T.);
#12422=DIRECTION('',(-0.065379,-0.000001,-0.997861));
#12423=DIRECTION('',(0.002075,0.999998,-0.000137));
#12421=AXIS2_PLACEMENT_3D('',#12402,#12422,#12423);
#12420=PLANE('',#12421);
#12424=ADVANCED_FACE('',(#12419),#12420,.T.);
#12426=DIRECTION('',(-0.997860,0.000000,0.065382));
#12425=VECTOR('',#12426,0.819625);
#12427=LINE('',#763,#12425);
#12428=EDGE_CURVE('',#764,#12404,#12427,.T.);
#12429=ORIENTED_EDGE('',*,*,#12414,.F.);
#12430=ORIENTED_EDGE('',*,*,#12386,.F.);
#12431=ORIENTED_EDGE('',*,*,#12428,.T.);
#12432=EDGE_LOOP('',(#12429,#12430,#12431));
#12433=FACE_OUTER_BOUND('',#12432,.T.);
#12436=DIRECTION('',(-0.065382,0.000000,-0.997860));
#12437=DIRECTION('',(0.378393,0.925313,-0.024793));
#12435=AXIS2_PLACEMENT_3D('',#12402,#12436,#12437);
#12434=PLANE('',#12435);
#12438=ADVANCED_FACE('',(#12433),#12434,.T.);
#12440=DIRECTION('',(-0.997858,0.000000,0.065416));
#12439=VECTOR('',#12440,0.815467);
#12441=LINE('',#12402,#12439);
#12442=EDGE_CURVE('',#12404,#762,#12441,.T.);
#12444=DIRECTION('',(0.378393,0.925312,-0.024807));
#12443=VECTOR('',#12444,2.161432);
#12445=LINE('',#760,#12443);
#12446=EDGE_CURVE('',#762,#12406,#12445,.T.);
#12447=ORIENTED_EDGE('',*,*,#12403,.F.);
#12448=ORIENTED_EDGE('',*,*,#12442,.T.);
#12449=ORIENTED_EDGE('',*,*,#12446,.T.);
#12450=EDGE_LOOP('',(#12447,#12448,#12449));
#12451=FACE_OUTER_BOUND('',#12450,.T.);
#12454=DIRECTION('',(-0.065416,-0.000001,-0.997858));
#12455=DIRECTION('',(-0.002075,-0.999998,0.000137));
#12453=AXIS2_PLACEMENT_3D('',#12405,#12454,#12455);
#12452=PLANE('',#12453);
#12456=ADVANCED_FACE('',(#12451),#12452,.T.);
#12458=DIRECTION('',(0.997858,0.000000,-0.065419));
#12457=VECTOR('',#12458,0.819627);
#12459=LINE('',#6079,#12457);
#12460=EDGE_CURVE('',#6080,#12406,#12459,.T.);
#12461=ORIENTED_EDGE('',*,*,#12446,.F.);
#12462=ORIENTED_EDGE('',*,*,#11079,.F.);
#12463=ORIENTED_EDGE('',*,*,#12460,.T.);
#12464=EDGE_LOOP('',(#12461,#12462,#12463));
#12465=FACE_OUTER_BOUND('',#12464,.T.);
#12468=DIRECTION('',(-0.065419,0.000000,-0.997858));
#12469=DIRECTION('',(-0.378393,-0.925312,0.024807));
#12467=AXIS2_PLACEMENT_3D('',#12405,#12468,#12469);
#12466=PLANE('',#12467);
#12470=ADVANCED_FACE('',(#12465),#12466,.T.);
#12472=DIRECTION('',(-0.896891,0.000000,-0.442252));
#12471=VECTOR('',#12472,0.290718);
#12473=LINE('',#11255,#12471);
#12475=CARTESIAN_POINT('',(674.4813,-316.0000,-349.8140));
#12476=VERTEX_POINT('',#12475);
#12474=EDGE_CURVE('',#11257,#12476,#12473,.T.);
#12478=DIRECTION('',(0.001892,0.999998,0.000931));
#12477=VECTOR('',#12478,2.000004);
#12479=LINE('',#12475,#12477);
#12481=CARTESIAN_POINT('',(674.4851,-314.0000,-349.8122));
#12482=VERTEX_POINT('',#12481);
#12480=EDGE_CURVE('',#12476,#12482,#12479,.T.);
#12484=DIRECTION('',(0.127181,-0.989895,0.062714));
#12483=VECTOR('',#12484,2.020416);
#12485=LINE('',#12481,#12483);
#12486=EDGE_CURVE('',#12482,#11257,#12485,.T.);
#12487=ORIENTED_EDGE('',*,*,#12474,.T.);
#12488=ORIENTED_EDGE('',*,*,#12480,.T.);
#12489=ORIENTED_EDGE('',*,*,#12486,.T.);
#12490=EDGE_LOOP('',(#12487,#12488,#12489));
#12491=FACE_OUTER_BOUND('',#12490,.T.);
#12494=DIRECTION('',(0.442252,-0.000002,-0.896891));
#12495=DIRECTION('',(-0.896891,0.000000,-0.442252));
#12493=AXIS2_PLACEMENT_3D('',#11255,#12494,#12495);
#12492=PLANE('',#12493);
#12496=ADVANCED_FACE('',(#12491),#12492,.T.);
#12498=DIRECTION('',(0.896885,0.000000,0.442264));
#12497=VECTOR('',#12498,0.286501);
#12499=LINE('',#12481,#12497);
#12500=EDGE_CURVE('',#12482,#11259,#12499,.T.);
#12501=ORIENTED_EDGE('',*,*,#12486,.F.);
#12502=ORIENTED_EDGE('',*,*,#12500,.T.);
#12503=ORIENTED_EDGE('',*,*,#11256,.F.);
#12504=EDGE_LOOP('',(#12501,#12502,#12503));
#12505=FACE_OUTER_BOUND('',#12504,.T.);
#12508=DIRECTION('',(0.442264,0.000000,-0.896885));
#12509=DIRECTION('',(-0.127181,0.989895,-0.062714));
#12507=AXIS2_PLACEMENT_3D('',#11255,#12508,#12509);
#12506=PLANE('',#12507);
#12510=ADVANCED_FACE('',(#12505),#12506,.T.);
#12512=DIRECTION('',(-0.896869,0.000000,-0.442297));
#12511=VECTOR('',#12512,0.815418);
#12513=LINE('',#12475,#12511);
#12514=EDGE_CURVE('',#12476,#1022,#12513,.T.);
#12516=DIRECTION('',(0.340102,0.925311,0.167721));
#12515=VECTOR('',#12516,2.161435);
#12517=LINE('',#1021,#12515);
#12518=EDGE_CURVE('',#1022,#12482,#12517,.T.);
#12519=ORIENTED_EDGE('',*,*,#12480,.F.);
#12520=ORIENTED_EDGE('',*,*,#12514,.T.);
#12521=ORIENTED_EDGE('',*,*,#12518,.T.);
#12522=EDGE_LOOP('',(#12519,#12520,#12521));
#12523=FACE_OUTER_BOUND('',#12522,.T.);
#12526=DIRECTION('',(0.442297,-0.000002,-0.896869));
#12527=DIRECTION('',(-0.001892,-0.999998,-0.000931));
#12525=AXIS2_PLACEMENT_3D('',#12481,#12526,#12527);
#12524=PLANE('',#12525);
#12528=ADVANCED_FACE('',(#12523),#12524,.T.);
#12530=DIRECTION('',(0.000000,1.000000,0.000000));
#12529=VECTOR('',#12530,2.000000);
#12531=LINE('',#1021,#12529);
#12532=EDGE_CURVE('',#1022,#5816,#12531,.T.);
#12534=DIRECTION('',(0.896871,0.000000,0.442292));
#12533=VECTOR('',#12534,0.819636);
#12535=LINE('',#5815,#12533);
#12536=EDGE_CURVE('',#5816,#12482,#12535,.T.);
#12537=ORIENTED_EDGE('',*,*,#12518,.F.);
#12538=ORIENTED_EDGE('',*,*,#12532,.T.);
#12539=ORIENTED_EDGE('',*,*,#12536,.T.);
#12540=EDGE_LOOP('',(#12537,#12538,#12539));
#12541=FACE_OUTER_BOUND('',#12540,.T.);
#12544=DIRECTION('',(0.442292,0.000000,-0.896871));
#12545=DIRECTION('',(-0.340102,-0.925311,-0.167721));
#12543=AXIS2_PLACEMENT_3D('',#12481,#12544,#12545);
#12542=PLANE('',#12543);
#12546=ADVANCED_FACE('',(#12541),#12542,.T.);
#12548=DIRECTION('',(0.001739,0.999998,0.001175));
#12547=VECTOR('',#12548,2.000004);
#12550=CARTESIAN_POINT('',(673.0685,-316.0000,-350.6301));
#12549=LINE('',#12550,#12547);
#12552=VERTEX_POINT('',#12550);
#12553=CARTESIAN_POINT('',(673.0720,-314.0000,-350.6277));
#12554=VERTEX_POINT('',#12553);
#12551=EDGE_CURVE('',#12552,#12554,#12549,.T.);
#12556=DIRECTION('',(0.831480,0.000000,0.555555));
#12555=VECTOR('',#12556,0.815461);
#12557=LINE('',#12553,#12555);
#12558=EDGE_CURVE('',#12554,#5816,#12557,.T.);
#12560=DIRECTION('',(-0.315307,-0.925307,-0.210685));
#12559=VECTOR('',#12560,2.161444);
#12561=LINE('',#5815,#12559);
#12562=EDGE_CURVE('',#5816,#12552,#12561,.T.);
#12563=ORIENTED_EDGE('',*,*,#12551,.T.);
#12564=ORIENTED_EDGE('',*,*,#12558,.T.);
#12565=ORIENTED_EDGE('',*,*,#12562,.T.);
#12566=EDGE_LOOP('',(#12563,#12564,#12565));
#12567=FACE_OUTER_BOUND('',#12566,.T.);
#12570=DIRECTION('',(0.555555,0.000011,-0.831480));
#12571=DIRECTION('',(0.001739,0.999998,0.001175));
#12569=AXIS2_PLACEMENT_3D('',#12550,#12570,#12571);
#12568=PLANE('',#12569);
#12572=ADVANCED_FACE('',(#12567),#12568,.T.);
#12574=DIRECTION('',(-0.831466,0.000000,-0.555576));
#12573=VECTOR('',#12574,0.819659);
#12575=LINE('',#1021,#12573);
#12576=EDGE_CURVE('',#1022,#12552,#12575,.T.);
#12577=ORIENTED_EDGE('',*,*,#12562,.F.);
#12578=ORIENTED_EDGE('',*,*,#12532,.F.);
#12579=ORIENTED_EDGE('',*,*,#12576,.T.);
#12580=EDGE_LOOP('',(#12577,#12578,#12579));
#12581=FACE_OUTER_BOUND('',#12580,.T.);
#12583=DIRECTION('',(-0.315283,-0.925318,-0.210673));
#12582=VECTOR('',#12583,2.161419);
#12584=LINE('',#12553,#12582);
#12585=EDGE_CURVE('',#12554,#1016,#12584,.T.);
#12587=DIRECTION('',(0.000000,1.000000,0.000000));
#12586=VECTOR('',#12587,2.000000);
#12588=LINE('',#1015,#12586);
#12589=EDGE_CURVE('',#1016,#5822,#12588,.T.);
#12591=DIRECTION('',(0.831460,0.000000,0.555585));
#12590=VECTOR('',#12591,0.819592);
#12592=LINE('',#5821,#12590);
#12593=EDGE_CURVE('',#5822,#12554,#12592,.T.);
#12594=ORIENTED_EDGE('',*,*,#12585,.T.);
#12595=ORIENTED_EDGE('',*,*,#12589,.T.);
#12596=ORIENTED_EDGE('',*,*,#12593,.T.);
#12597=EDGE_LOOP('',(#12594,#12595,#12596));
#12598=FACE_BOUND('',#12597,.T.);
#12601=DIRECTION('',(0.555576,0.000000,-0.831466));
#12602=DIRECTION('',(0.315307,0.925307,0.210685));
#12600=AXIS2_PLACEMENT_3D('',#12550,#12601,#12602);
#12599=PLANE('',#12600);
#12603=ADVANCED_FACE('',(#12581,#12598),#12599,.T.);
#12605=DIRECTION('',(-0.831474,0.000000,-0.555564));
#12604=VECTOR('',#12605,0.815393);
#12606=LINE('',#12550,#12604);
#12607=EDGE_CURVE('',#12552,#1016,#12606,.T.);
#12608=ORIENTED_EDGE('',*,*,#12551,.F.);
#12609=ORIENTED_EDGE('',*,*,#12607,.T.);
#12610=ORIENTED_EDGE('',*,*,#12585,.F.);
#12611=EDGE_LOOP('',(#12608,#12609,#12610));
#12612=FACE_OUTER_BOUND('',#12611,.T.);
#12615=DIRECTION('',(0.555564,0.000011,-0.831474));
#12616=DIRECTION('',(-0.001739,-0.999998,-0.001175));
#12614=AXIS2_PLACEMENT_3D('',#12553,#12615,#12616);
#12613=PLANE('',#12614);
#12617=ADVANCED_FACE('',(#12612),#12613,.T.);
#12619=DIRECTION('',(0.751848,0.000000,0.659336));
#12618=VECTOR('',#12619,0.815455);
#12621=CARTESIAN_POINT('',(671.7774,-314.0000,-351.6207));
#12620=LINE('',#12621,#12618);
#12623=VERTEX_POINT('',#12621);
#12622=EDGE_CURVE('',#12623,#5822,#12620,.T.);
#12625=DIRECTION('',(-0.285120,-0.925305,-0.250034));
#12624=VECTOR('',#12625,2.161449);
#12626=LINE('',#5821,#12624);
#12628=CARTESIAN_POINT('',(671.7742,-316.0000,-351.6235));
#12629=VERTEX_POINT('',#12628);
#12627=EDGE_CURVE('',#5822,#12629,#12626,.T.);
#12631=DIRECTION('',(-0.751848,0.000000,-0.659336));
#12630=VECTOR('',#12631,0.815455);
#12632=LINE('',#12628,#12630);
#12633=EDGE_CURVE('',#12629,#1010,#12632,.T.);
#12635=DIRECTION('',(0.285120,0.925305,0.250034));
#12634=VECTOR('',#12635,2.161449);
#12636=LINE('',#1009,#12634);
#12637=EDGE_CURVE('',#1010,#12623,#12636,.T.);
#12638=ORIENTED_EDGE('',*,*,#12622,.T.);
#12639=ORIENTED_EDGE('',*,*,#12627,.T.);
#12640=ORIENTED_EDGE('',*,*,#12633,.T.);
#12641=ORIENTED_EDGE('',*,*,#12637,.T.);
#12642=EDGE_LOOP('',(#12638,#12639,#12640,#12641));
#12643=FACE_OUTER_BOUND('',#12642,.T.);
#12646=DIRECTION('',(0.659336,-0.000002,-0.751848));
#12647=DIRECTION('',(0.751848,0.000000,0.659336));
#12645=AXIS2_PLACEMENT_3D('',#12621,#12646,#12647);
#12644=PLANE('',#12645);
#12648=ADVANCED_FACE('',(#12643),#12644,.T.);
#12650=DIRECTION('',(-0.751852,0.000000,-0.659332));
#12649=VECTOR('',#12650,0.819672);
#12651=LINE('',#1015,#12649);
#12652=EDGE_CURVE('',#1016,#12629,#12651,.T.);
#12653=ORIENTED_EDGE('',*,*,#12627,.F.);
#12654=ORIENTED_EDGE('',*,*,#12589,.F.);
#12655=ORIENTED_EDGE('',*,*,#12652,.T.);
#12656=EDGE_LOOP('',(#12653,#12654,#12655));
#12657=FACE_OUTER_BOUND('',#12656,.T.);
#12659=DIRECTION('',(0.000000,1.000000,0.000000));
#12658=VECTOR('',#12659,2.000000);
#12660=LINE('',#1009,#12658);
#12661=EDGE_CURVE('',#1010,#5828,#12660,.T.);
#12663=DIRECTION('',(0.751852,0.000000,0.659332));
#12662=VECTOR('',#12663,0.819672);
#12664=LINE('',#5827,#12662);
#12665=EDGE_CURVE('',#5828,#12623,#12664,.T.);
#12666=ORIENTED_EDGE('',*,*,#12637,.F.);
#12667=ORIENTED_EDGE('',*,*,#12661,.T.);
#12668=ORIENTED_EDGE('',*,*,#12665,.T.);
#12669=EDGE_LOOP('',(#12666,#12667,#12668));
#12670=FACE_BOUND('',#12669,.T.);
#12673=DIRECTION('',(0.659332,0.000000,-0.751852));
#12674=DIRECTION('',(0.285120,0.925305,0.250034));
#12672=AXIS2_PLACEMENT_3D('',#12628,#12673,#12674);
#12671=PLANE('',#12672);
#12675=ADVANCED_FACE('',(#12657,#12670),#12671,.T.);
#12677=DIRECTION('',(0.001404,0.999998,0.001587));
#12676=VECTOR('',#12677,2.000004);
#12679=CARTESIAN_POINT('',(670.6207,-316.0000,-352.7774));
#12678=LINE('',#12679,#12676);
#12681=VERTEX_POINT('',#12679);
#12682=CARTESIAN_POINT('',(670.6235,-314.0000,-352.7742));
#12683=VERTEX_POINT('',#12682);
#12680=EDGE_CURVE('',#12681,#12683,#12678,.T.);
#12685=DIRECTION('',(0.659312,0.000000,0.751869));
#12684=VECTOR('',#12685,0.815391);
#12686=LINE('',#12682,#12684);
#12687=EDGE_CURVE('',#12683,#5828,#12686,.T.);
#12689=DIRECTION('',(-0.250022,-0.925312,-0.285108));
#12688=VECTOR('',#12689,2.161433);
#12690=LINE('',#5827,#12688);
#12691=EDGE_CURVE('',#5828,#12681,#12690,.T.);
#12692=ORIENTED_EDGE('',*,*,#12680,.T.);
#12693=ORIENTED_EDGE('',*,*,#12687,.T.);
#12694=ORIENTED_EDGE('',*,*,#12691,.T.);
#12695=EDGE_LOOP('',(#12692,#12693,#12694));
#12696=FACE_OUTER_BOUND('',#12695,.T.);
#12699=DIRECTION('',(0.751869,-0.000009,-0.659312));
#12700=DIRECTION('',(0.001404,0.999998,0.001587));
#12698=AXIS2_PLACEMENT_3D('',#12679,#12699,#12700);
#12697=PLANE('',#12698);
#12701=ADVANCED_FACE('',(#12696),#12697,.T.);
#12703=DIRECTION('',(-0.659329,0.000000,-0.751854));
#12702=VECTOR('',#12703,0.819629);
#12704=LINE('',#1009,#12702);
#12705=EDGE_CURVE('',#1010,#12681,#12704,.T.);
#12706=ORIENTED_EDGE('',*,*,#12691,.F.);
#12707=ORIENTED_EDGE('',*,*,#12661,.F.);
#12708=ORIENTED_EDGE('',*,*,#12705,.T.);
#12709=EDGE_LOOP('',(#12706,#12707,#12708));
#12710=FACE_OUTER_BOUND('',#12709,.T.);
#12713=DIRECTION('',(0.751854,0.000000,-0.659329));
#12714=DIRECTION('',(0.250022,0.925312,0.285108));
#12712=AXIS2_PLACEMENT_3D('',#12679,#12713,#12714);
#12711=PLANE('',#12712);
#12715=ADVANCED_FACE('',(#12710),#12711,.T.);
#12717=DIRECTION('',(-0.659355,0.000000,-0.751832));
#12716=VECTOR('',#12717,0.815432);
#12718=LINE('',#12679,#12716);
#12719=EDGE_CURVE('',#12681,#1004,#12718,.T.);
#12721=DIRECTION('',(0.250048,0.925306,0.285106));
#12720=VECTOR('',#12721,2.161448);
#12722=LINE('',#1003,#12720);
#12723=EDGE_CURVE('',#1004,#12683,#12722,.T.);
#12724=ORIENTED_EDGE('',*,*,#12680,.F.);
#12725=ORIENTED_EDGE('',*,*,#12719,.T.);
#12726=ORIENTED_EDGE('',*,*,#12723,.T.);
#12727=EDGE_LOOP('',(#12724,#12725,#12726));
#12728=FACE_OUTER_BOUND('',#12727,.T.);
#12731=DIRECTION('',(0.751832,-0.000009,-0.659355));
#12732=DIRECTION('',(-0.001404,-0.999998,-0.001587));
#12730=AXIS2_PLACEMENT_3D('',#12682,#12731,#12732);
#12729=PLANE('',#12730);
#12733=ADVANCED_FACE('',(#12728),#12729,.T.);
#12735=DIRECTION('',(0.000000,1.000000,0.000000));
#12734=VECTOR('',#12735,2.000000);
#12736=LINE('',#1003,#12734);
#12737=EDGE_CURVE('',#1004,#5834,#12736,.T.);
#12739=DIRECTION('',(0.659371,0.000000,0.751817));
#12738=VECTOR('',#12739,0.819669);
#12740=LINE('',#5833,#12738);
#12741=EDGE_CURVE('',#5834,#12683,#12740,.T.);
#12742=ORIENTED_EDGE('',*,*,#12723,.F.);
#12743=ORIENTED_EDGE('',*,*,#12737,.T.);
#12744=ORIENTED_EDGE('',*,*,#12741,.T.);
#12745=EDGE_LOOP('',(#12742,#12743,#12744));
#12746=FACE_OUTER_BOUND('',#12745,.T.);
#12749=DIRECTION('',(0.751817,0.000000,-0.659371));
#12750=DIRECTION('',(-0.250048,-0.925306,-0.285106));
#12748=AXIS2_PLACEMENT_3D('',#12682,#12749,#12750);
#12747=PLANE('',#12748);
#12751=ADVANCED_FACE('',(#12746),#12747,.T.);
#12753=DIRECTION('',(0.555546,0.000000,0.831486));
#12752=VECTOR('',#12753,0.815419);
#12755=CARTESIAN_POINT('',(669.6301,-314.0000,-354.0685));
#12754=LINE('',#12755,#12752);
#12757=VERTEX_POINT('',#12755);
#12756=EDGE_CURVE('',#12757,#5834,#12754,.T.);
#12759=DIRECTION('',(-0.210685,-0.925307,-0.315307));
#12758=VECTOR('',#12759,2.161444);
#12760=LINE('',#5833,#12758);
#12762=CARTESIAN_POINT('',(669.6277,-316.0000,-354.0720));
#12763=VERTEX_POINT('',#12762);
#12761=EDGE_CURVE('',#5834,#12763,#12760,.T.);
#12765=DIRECTION('',(-0.555546,0.000000,-0.831486));
#12764=VECTOR('',#12765,0.815419);
#12766=LINE('',#12762,#12764);
#12767=EDGE_CURVE('',#12763,#998,#12766,.T.);
#12769=DIRECTION('',(0.210685,0.925307,0.315307));
#12768=VECTOR('',#12769,2.161444);
#12770=LINE('',#997,#12768);
#12771=EDGE_CURVE('',#998,#12757,#12770,.T.);
#12772=ORIENTED_EDGE('',*,*,#12756,.T.);
#12773=ORIENTED_EDGE('',*,*,#12761,.T.);
#12774=ORIENTED_EDGE('',*,*,#12767,.T.);
#12775=ORIENTED_EDGE('',*,*,#12771,.T.);
#12776=EDGE_LOOP('',(#12772,#12773,#12774,#12775));
#12777=FACE_OUTER_BOUND('',#12776,.T.);
#12780=DIRECTION('',(0.831486,-0.000015,-0.555546));
#12781=DIRECTION('',(0.555546,0.000000,0.831486));
#12779=AXIS2_PLACEMENT_3D('',#12755,#12780,#12781);
#12778=PLANE('',#12779);
#12782=ADVANCED_FACE('',(#12777),#12778,.T.);
#12784=DIRECTION('',(-0.555576,0.000000,-0.831466));
#12783=VECTOR('',#12784,0.819659);
#12785=LINE('',#1003,#12783);
#12786=EDGE_CURVE('',#1004,#12763,#12785,.T.);
#12787=ORIENTED_EDGE('',*,*,#12761,.F.);
#12788=ORIENTED_EDGE('',*,*,#12737,.F.);
#12789=ORIENTED_EDGE('',*,*,#12786,.T.);
#12790=EDGE_LOOP('',(#12787,#12788,#12789));
#12791=FACE_OUTER_BOUND('',#12790,.T.);
#12793=DIRECTION('',(0.000000,1.000000,0.000000));
#12792=VECTOR('',#12793,2.000000);
#12794=LINE('',#997,#12792);
#12795=EDGE_CURVE('',#998,#5840,#12794,.T.);
#12797=DIRECTION('',(0.555576,0.000000,0.831466));
#12796=VECTOR('',#12797,0.819659);
#12798=LINE('',#5839,#12796);
#12799=EDGE_CURVE('',#5840,#12757,#12798,.T.);
#12800=ORIENTED_EDGE('',*,*,#12771,.F.);
#12801=ORIENTED_EDGE('',*,*,#12795,.T.);
#12802=ORIENTED_EDGE('',*,*,#12799,.T.);
#12803=EDGE_LOOP('',(#12800,#12801,#12802));
#12804=FACE_BOUND('',#12803,.T.);
#12807=DIRECTION('',(0.831466,0.000000,-0.555576));
#12808=DIRECTION('',(0.210685,0.925307,0.315307));
#12806=AXIS2_PLACEMENT_3D('',#12762,#12807,#12808);
#12805=PLANE('',#12806);
#12809=ADVANCED_FACE('',(#12791,#12804),#12805,.T.);
#12811=DIRECTION('',(0.442282,0.000000,0.896876));
#12810=VECTOR('',#12811,0.815446);
#12813=CARTESIAN_POINT('',(668.8140,-314.0000,-355.4814));
#12812=LINE('',#12813,#12810);
#12815=VERTEX_POINT('',#12813);
#12814=EDGE_CURVE('',#12815,#5840,#12812,.T.);
#12817=DIRECTION('',(-0.167735,-0.925309,-0.340101));
#12816=VECTOR('',#12817,2.161440);
#12818=LINE('',#5839,#12816);
#12820=CARTESIAN_POINT('',(668.8121,-316.0000,-355.4851));
#12821=VERTEX_POINT('',#12820);
#12819=EDGE_CURVE('',#5840,#12821,#12818,.T.);
#12823=DIRECTION('',(-0.442222,0.000000,-0.896906));
#12822=VECTOR('',#12823,0.815419);
#12824=LINE('',#12820,#12822);
#12825=EDGE_CURVE('',#12821,#992,#12824,.T.);
#12827=DIRECTION('',(0.167707,0.925313,0.340102));
#12826=VECTOR('',#12827,2.161430);
#12828=LINE('',#991,#12826);
#12829=EDGE_CURVE('',#992,#12815,#12828,.T.);
#12830=ORIENTED_EDGE('',*,*,#12814,.T.);
#12831=ORIENTED_EDGE('',*,*,#12819,.T.);
#12832=ORIENTED_EDGE('',*,*,#12825,.T.);
#12833=ORIENTED_EDGE('',*,*,#12829,.T.);
#12834=EDGE_LOOP('',(#12830,#12831,#12832,#12833));
#12835=FACE_OUTER_BOUND('',#12834,.T.);
#12838=DIRECTION('',(0.896876,-0.000018,-0.442282));
#12839=DIRECTION('',(0.442282,0.000000,0.896876));
#12837=AXIS2_PLACEMENT_3D('',#12813,#12838,#12839);
#12836=PLANE('',#12837);
#12840=ADVANCED_FACE('',(#12835),#12836,.T.);
#12842=DIRECTION('',(-0.442322,0.000000,-0.896856));
#12841=VECTOR('',#12842,0.819649);
#12843=LINE('',#997,#12841);
#12844=EDGE_CURVE('',#998,#12821,#12843,.T.);
#12845=ORIENTED_EDGE('',*,*,#12819,.F.);
#12846=ORIENTED_EDGE('',*,*,#12795,.F.);
#12847=ORIENTED_EDGE('',*,*,#12844,.T.);
#12848=EDGE_LOOP('',(#12845,#12846,#12847));
#12849=FACE_OUTER_BOUND('',#12848,.T.);
#12851=DIRECTION('',(0.000000,1.000000,0.000000));
#12850=VECTOR('',#12851,2.000000);
#12852=LINE('',#991,#12850);
#12853=EDGE_CURVE('',#992,#5846,#12852,.T.);
#12855=DIRECTION('',(0.442262,0.000000,0.896886));
#12854=VECTOR('',#12855,0.819622);
#12856=LINE('',#5845,#12854);
#12857=EDGE_CURVE('',#5846,#12815,#12856,.T.);
#12858=ORIENTED_EDGE('',*,*,#12829,.F.);
#12859=ORIENTED_EDGE('',*,*,#12853,.T.);
#12860=ORIENTED_EDGE('',*,*,#12857,.T.);
#12861=EDGE_LOOP('',(#12858,#12859,#12860));
#12862=FACE_BOUND('',#12861,.T.);
#12865=DIRECTION('',(0.896856,0.000000,-0.442322));
#12866=DIRECTION('',(0.167735,0.925309,0.340101));
#12864=AXIS2_PLACEMENT_3D('',#12820,#12865,#12866);
#12863=PLANE('',#12864);
#12867=ADVANCED_FACE('',(#12849,#12862),#12863,.T.);
#12869=DIRECTION('',(0.000000,1.000000,0.000000));
#12868=VECTOR('',#12869,2.000000);
#12870=LINE('',#985,#12868);
#12871=EDGE_CURVE('',#986,#5852,#12870,.T.);
#12872=ORIENTED_EDGE('',*,*,#12853,.F.);
#12873=ORIENTED_EDGE('',*,*,#990,.F.);
#12874=ORIENTED_EDGE('',*,*,#12871,.T.);
#12875=ORIENTED_EDGE('',*,*,#5850,.F.);
#12876=EDGE_LOOP('',(#12872,#12873,#12874,#12875));
#12877=FACE_OUTER_BOUND('',#12876,.T.);
#12880=CARTESIAN_POINT('',(668.1894,-314.0000,-356.9886));
#12881=DIRECTION('',(0.946917,0.000007,-0.321477));
#12882=DIRECTION('',(0.000000,-1.000000,0.000000));
#12879=AXIS2_PLACEMENT_3D('',#12880,#12881,#12882);
#12878=PLANE('',#12879);
#12883=ADVANCED_FACE('',(#12877),#12878,.T.);
#12885=DIRECTION('',(0.000397,0.999998,0.002060));
#12884=VECTOR('',#12885,2.000004);
#12887=CARTESIAN_POINT('',(667.7661,-316.0000,-358.5687));
#12886=LINE('',#12887,#12884);
#12889=VERTEX_POINT('',#12887);
#12890=CARTESIAN_POINT('',(667.7668,-314.0000,-358.5645));
#12891=VERTEX_POINT('',#12890);
#12888=EDGE_CURVE('',#12889,#12891,#12886,.T.);
#12893=DIRECTION('',(0.195058,0.000000,0.980792));
#12892=VECTOR('',#12893,0.815437);
#12894=LINE('',#12890,#12892);
#12895=EDGE_CURVE('',#12891,#5852,#12894,.T.);
#12897=DIRECTION('',(-0.073956,-0.925312,-0.371926));
#12896=VECTOR('',#12897,2.161434);
#12898=LINE('',#5851,#12896);
#12899=EDGE_CURVE('',#5852,#12889,#12898,.T.);
#12900=ORIENTED_EDGE('',*,*,#12888,.T.);
#12901=ORIENTED_EDGE('',*,*,#12895,.T.);
#12902=ORIENTED_EDGE('',*,*,#12899,.T.);
#12903=EDGE_LOOP('',(#12900,#12901,#12902));
#12904=FACE_OUTER_BOUND('',#12903,.T.);
#12907=DIRECTION('',(0.980792,0.000013,-0.195058));
#12908=DIRECTION('',(0.000397,0.999998,0.002060));
#12906=AXIS2_PLACEMENT_3D('',#12887,#12907,#12908);
#12905=PLANE('',#12906);
#12909=ADVANCED_FACE('',(#12904),#12905,.T.);
#12911=DIRECTION('',(-0.195028,0.000000,-0.980798));
#12910=VECTOR('',#12911,0.819633);
#12912=LINE('',#985,#12910);
#12913=EDGE_CURVE('',#986,#12889,#12912,.T.);
#12914=ORIENTED_EDGE('',*,*,#12899,.F.);
#12915=ORIENTED_EDGE('',*,*,#12871,.F.);
#12916=ORIENTED_EDGE('',*,*,#12913,.T.);
#12917=EDGE_LOOP('',(#12914,#12915,#12916));
#12918=FACE_OUTER_BOUND('',#12917,.T.);
#12921=DIRECTION('',(0.980798,0.000000,-0.195028));
#12922=DIRECTION('',(0.073956,0.925312,0.371926));
#12920=AXIS2_PLACEMENT_3D('',#12887,#12921,#12922);
#12919=PLANE('',#12920);
#12923=ADVANCED_FACE('',(#12918),#12919,.T.);
#12925=DIRECTION('',(-0.195137,0.000000,-0.980776));
#12924=VECTOR('',#12925,0.815419);
#12926=LINE('',#12887,#12924);
#12927=EDGE_CURVE('',#12889,#980,#12926,.T.);
#12929=DIRECTION('',(0.000000,1.000000,0.000000));
#12928=VECTOR('',#12929,2.000000);
#12930=LINE('',#979,#12928);
#12931=EDGE_CURVE('',#980,#5858,#12930,.T.);
#12933=DIRECTION('',(0.195106,0.000000,0.980782));
#12932=VECTOR('',#12933,0.819615);
#12934=LINE('',#5857,#12932);
#12935=EDGE_CURVE('',#5858,#12891,#12934,.T.);
#12936=ORIENTED_EDGE('',*,*,#12888,.F.);
#12937=ORIENTED_EDGE('',*,*,#12927,.T.);
#12938=ORIENTED_EDGE('',*,*,#12931,.T.);
#12939=ORIENTED_EDGE('',*,*,#12935,.T.);
#12940=EDGE_LOOP('',(#12936,#12937,#12938,#12939));
#12941=FACE_OUTER_BOUND('',#12940,.T.);
#12944=DIRECTION('',(0.980776,0.000013,-0.195137));
#12945=DIRECTION('',(-0.000397,-0.999998,-0.002060));
#12943=AXIS2_PLACEMENT_3D('',#12890,#12944,#12945);
#12942=PLANE('',#12943);
#12946=ADVANCED_FACE('',(#12941),#12942,.T.);
#12948=DIRECTION('',(0.065416,0.000000,0.997858));
#12947=VECTOR('',#12948,0.815467);
#12950=CARTESIAN_POINT('',(667.5536,-314.0000,-360.1821));
#12949=LINE('',#12950,#12947);
#12952=VERTEX_POINT('',#12950);
#12951=EDGE_CURVE('',#12952,#5858,#12949,.T.);
#12954=DIRECTION('',(-0.024793,-0.925308,-0.378405));
#12953=VECTOR('',#12954,2.161443);
#12955=LINE('',#5857,#12953);
#12957=CARTESIAN_POINT('',(667.5533,-316.0000,-360.1863));
#12958=VERTEX_POINT('',#12957);
#12956=EDGE_CURVE('',#5858,#12958,#12955,.T.);
#12960=DIRECTION('',(-0.065419,0.000000,-0.997858));
#12959=VECTOR('',#12960,0.815437);
#12961=LINE('',#12957,#12959);
#12962=EDGE_CURVE('',#12958,#974,#12961,.T.);
#12964=DIRECTION('',(0.024793,0.925313,0.378393));
#12963=VECTOR('',#12964,2.161431);
#12965=LINE('',#973,#12963);
#12966=EDGE_CURVE('',#974,#12952,#12965,.T.);
#12967=ORIENTED_EDGE('',*,*,#12951,.T.);
#12968=ORIENTED_EDGE('',*,*,#12956,.T.);
#12969=ORIENTED_EDGE('',*,*,#12962,.T.);
#12970=ORIENTED_EDGE('',*,*,#12966,.T.);
#12971=EDGE_LOOP('',(#12967,#12968,#12969,#12970));
#12972=FACE_OUTER_BOUND('',#12971,.T.);
#12975=DIRECTION('',(0.997858,0.000015,-0.065416));
#12976=DIRECTION('',(0.065416,0.000000,0.997858));
#12974=AXIS2_PLACEMENT_3D('',#12950,#12975,#12976);
#12973=PLANE('',#12974);
#12977=ADVANCED_FACE('',(#12972),#12973,.T.);
#12979=DIRECTION('',(-0.065380,0.000000,-0.997860));
#12978=VECTOR('',#12979,0.819655);
#12980=LINE('',#979,#12978);
#12981=EDGE_CURVE('',#980,#12958,#12980,.T.);
#12982=ORIENTED_EDGE('',*,*,#12956,.F.);
#12983=ORIENTED_EDGE('',*,*,#12931,.F.);
#12984=ORIENTED_EDGE('',*,*,#12981,.T.);
#12985=EDGE_LOOP('',(#12982,#12983,#12984));
#12986=FACE_OUTER_BOUND('',#12985,.T.);
#12988=DIRECTION('',(0.000000,1.000000,0.000000));
#12987=VECTOR('',#12988,2.000000);
#12989=LINE('',#973,#12987);
#12990=EDGE_CURVE('',#974,#5864,#12989,.T.);
#12992=DIRECTION('',(0.065382,0.000000,0.997860));
#12991=VECTOR('',#12992,0.819625);
#12993=LINE('',#5863,#12991);
#12994=EDGE_CURVE('',#5864,#12952,#12993,.T.);
#12995=ORIENTED_EDGE('',*,*,#12966,.F.);
#12996=ORIENTED_EDGE('',*,*,#12990,.T.);
#12997=ORIENTED_EDGE('',*,*,#12994,.T.);
#12998=EDGE_LOOP('',(#12995,#12996,#12997));
#12999=FACE_BOUND('',#12998,.T.);
#13002=DIRECTION('',(0.997860,0.000000,-0.065380));
#13003=DIRECTION('',(0.024793,0.925308,0.378405));
#13001=AXIS2_PLACEMENT_3D('',#12957,#13002,#13003);
#13000=PLANE('',#13001);
#13004=ADVANCED_FACE('',(#12986,#12999),#13000,.T.);
#13006=DIRECTION('',(-0.065419,0.000000,0.997858));
#13005=VECTOR('',#13006,0.815437);
#13008=CARTESIAN_POINT('',(667.5533,-314.0000,-361.8137));
#13007=LINE('',#13008,#13005);
#13010=VERTEX_POINT('',#13008);
#13009=EDGE_CURVE('',#13010,#5864,#13007,.T.);
#13012=DIRECTION('',(0.024793,-0.925313,-0.378393));
#13011=VECTOR('',#13012,2.161431);
#13013=LINE('',#5863,#13011);
#13015=CARTESIAN_POINT('',(667.5536,-316.0000,-361.8179));
#13016=VERTEX_POINT('',#13015);
#13014=EDGE_CURVE('',#5864,#13016,#13013,.T.);
#13018=DIRECTION('',(0.065416,0.000000,-0.997858));
#13017=VECTOR('',#13018,0.815467);
#13019=LINE('',#13015,#13017);
#13020=EDGE_CURVE('',#13016,#968,#13019,.T.);
#13022=DIRECTION('',(-0.024793,0.925308,0.378405));
#13021=VECTOR('',#13022,2.161443);
#13023=LINE('',#967,#13021);
#13024=EDGE_CURVE('',#968,#13010,#13023,.T.);
#13025=ORIENTED_EDGE('',*,*,#13009,.T.);
#13026=ORIENTED_EDGE('',*,*,#13014,.T.);
#13027=ORIENTED_EDGE('',*,*,#13020,.T.);
#13028=ORIENTED_EDGE('',*,*,#13024,.T.);
#13029=EDGE_LOOP('',(#13025,#13026,#13027,#13028));
#13030=FACE_OUTER_BOUND('',#13029,.T.);
#13033=DIRECTION('',(0.997858,-0.000015,0.065419));
#13034=DIRECTION('',(-0.065419,0.000000,0.997858));
#13032=AXIS2_PLACEMENT_3D('',#13008,#13033,#13034);
#13031=PLANE('',#13032);
#13035=ADVANCED_FACE('',(#13030),#13031,.T.);
#13037=DIRECTION('',(0.000000,1.000000,0.000000));
#13036=VECTOR('',#13037,2.000000);
#13038=LINE('',#967,#13036);
#13039=EDGE_CURVE('',#968,#5870,#13038,.T.);
#13041=DIRECTION('',(-0.065380,0.000000,0.997860));
#13040=VECTOR('',#13041,0.819655);
#13042=LINE('',#5869,#13040);
#13043=EDGE_CURVE('',#5870,#13010,#13042,.T.);
#13044=ORIENTED_EDGE('',*,*,#13024,.F.);
#13045=ORIENTED_EDGE('',*,*,#13039,.T.);
#13046=ORIENTED_EDGE('',*,*,#13043,.T.);
#13047=EDGE_LOOP('',(#13044,#13045,#13046));
#13048=FACE_OUTER_BOUND('',#13047,.T.);
#13050=DIRECTION('',(0.065382,0.000000,-0.997860));
#13049=VECTOR('',#13050,0.819625);
#13051=LINE('',#973,#13049);
#13052=EDGE_CURVE('',#974,#13016,#13051,.T.);
#13053=ORIENTED_EDGE('',*,*,#13014,.F.);
#13054=ORIENTED_EDGE('',*,*,#12990,.F.);
#13055=ORIENTED_EDGE('',*,*,#13052,.T.);
#13056=EDGE_LOOP('',(#13053,#13054,#13055));
#13057=FACE_BOUND('',#13056,.T.);
#13060=DIRECTION('',(0.997860,0.000000,0.065382));
#13061=DIRECTION('',(0.024793,-0.925308,-0.378405));
#13059=AXIS2_PLACEMENT_3D('',#13008,#13060,#13061);
#13058=PLANE('',#13059);
#13062=ADVANCED_FACE('',(#13048,#13057),#13058,.T.);
#13064=DIRECTION('',(-0.000397,0.999998,0.002060));
#13063=VECTOR('',#13064,2.000004);
#13066=CARTESIAN_POINT('',(667.7668,-316.0000,-363.4355));
#13065=LINE('',#13066,#13063);
#13068=VERTEX_POINT('',#13066);
#13069=CARTESIAN_POINT('',(667.7661,-314.0000,-363.4313));
#13070=VERTEX_POINT('',#13069);
#13067=EDGE_CURVE('',#13068,#13070,#13065,.T.);
#13072=DIRECTION('',(-0.195137,0.000000,0.980776));
#13071=VECTOR('',#13072,0.815419);
#13073=LINE('',#13069,#13071);
#13074=EDGE_CURVE('',#13070,#5870,#13073,.T.);
#13076=DIRECTION('',(0.073984,-0.925314,-0.371913));
#13075=VECTOR('',#13076,2.161427);
#13077=LINE('',#5869,#13075);
#13078=EDGE_CURVE('',#5870,#13068,#13077,.T.);
#13079=ORIENTED_EDGE('',*,*,#13067,.T.);
#13080=ORIENTED_EDGE('',*,*,#13074,.T.);
#13081=ORIENTED_EDGE('',*,*,#13078,.T.);
#13082=EDGE_LOOP('',(#13079,#13080,#13081));
#13083=FACE_OUTER_BOUND('',#13082,.T.);
#13086=DIRECTION('',(0.980776,-0.000013,0.195137));
#13087=DIRECTION('',(-0.000397,0.999998,0.002060));
#13085=AXIS2_PLACEMENT_3D('',#13066,#13086,#13087);
#13084=PLANE('',#13085);
#13088=ADVANCED_FACE('',(#13083),#13084,.T.);
#13090=DIRECTION('',(0.195106,0.000000,-0.980782));
#13089=VECTOR('',#13090,0.819615);
#13091=LINE('',#967,#13089);
#13092=EDGE_CURVE('',#968,#13068,#13091,.T.);
#13093=ORIENTED_EDGE('',*,*,#13078,.F.);
#13094=ORIENTED_EDGE('',*,*,#13039,.F.);
#13095=ORIENTED_EDGE('',*,*,#13092,.T.);
#13096=EDGE_LOOP('',(#13093,#13094,#13095));
#13097=FACE_OUTER_BOUND('',#13096,.T.);
#13100=DIRECTION('',(0.980782,0.000000,0.195106));
#13101=DIRECTION('',(-0.073984,0.925314,0.371913));
#13099=AXIS2_PLACEMENT_3D('',#13066,#13100,#13101);
#13098=PLANE('',#13099);
#13102=ADVANCED_FACE('',(#13097),#13098,.T.);
#13104=DIRECTION('',(0.195058,0.000000,-0.980792));
#13103=VECTOR('',#13104,0.815437);
#13105=LINE('',#13066,#13103);
#13106=EDGE_CURVE('',#13068,#962,#13105,.T.);
#13108=DIRECTION('',(-0.073956,0.925312,0.371926));
#13107=VECTOR('',#13108,2.161434);
#13109=LINE('',#961,#13107);
#13110=EDGE_CURVE('',#962,#13070,#13109,.T.);
#13111=ORIENTED_EDGE('',*,*,#13067,.F.);
#13112=ORIENTED_EDGE('',*,*,#13106,.T.);
#13113=ORIENTED_EDGE('',*,*,#13110,.T.);
#13114=EDGE_LOOP('',(#13111,#13112,#13113));
#13115=FACE_OUTER_BOUND('',#13114,.T.);
#13118=DIRECTION('',(0.980792,-0.000013,0.195058));
#13119=DIRECTION('',(0.000397,-0.999998,-0.002060));
#13117=AXIS2_PLACEMENT_3D('',#13069,#13118,#13119);
#13116=PLANE('',#13117);
#13120=ADVANCED_FACE('',(#13115),#13116,.T.);
#13122=DIRECTION('',(0.000000,1.000000,0.000000));
#13121=VECTOR('',#13122,2.000000);
#13123=LINE('',#961,#13121);
#13124=EDGE_CURVE('',#962,#5876,#13123,.T.);
#13126=DIRECTION('',(-0.195028,0.000000,0.980798));
#13125=VECTOR('',#13126,0.819633);
#13127=LINE('',#5875,#13125);
#13128=EDGE_CURVE('',#5876,#13070,#13127,.T.);
#13129=ORIENTED_EDGE('',*,*,#13110,.F.);
#13130=ORIENTED_EDGE('',*,*,#13124,.T.);
#13131=ORIENTED_EDGE('',*,*,#13128,.T.);
#13132=EDGE_LOOP('',(#13129,#13130,#13131));
#13133=FACE_OUTER_BOUND('',#13132,.T.);
#13136=DIRECTION('',(0.980798,0.000000,0.195028));
#13137=DIRECTION('',(0.073956,-0.925312,-0.371926));
#13135=AXIS2_PLACEMENT_3D('',#13069,#13136,#13137);
#13134=PLANE('',#13135);
#13138=ADVANCED_FACE('',(#13133),#13134,.T.);
#13140=DIRECTION('',(-0.321477,0.000000,0.946917));
#13139=VECTOR('',#13140,0.815442);
#13142=CARTESIAN_POINT('',(668.1880,-314.0000,-365.0074));
#13141=LINE('',#13142,#13139);
#13144=VERTEX_POINT('',#13142);
#13143=EDGE_CURVE('',#13144,#5876,#13141,.T.);
#13146=DIRECTION('',(0.121904,-0.925307,-0.359090));
#13145=VECTOR('',#13146,2.161444);
#13147=LINE('',#5875,#13145);
#13149=CARTESIAN_POINT('',(668.1894,-316.0000,-365.0114));
#13150=VERTEX_POINT('',#13149);
#13148=EDGE_CURVE('',#5876,#13150,#13147,.T.);
#13152=DIRECTION('',(0.321477,0.000000,-0.946917));
#13151=VECTOR('',#13152,0.815442);
#13153=LINE('',#13149,#13151);
#13154=EDGE_CURVE('',#13150,#956,#13153,.T.);
#13156=DIRECTION('',(-0.121904,0.925307,0.359090));
#13155=VECTOR('',#13156,2.161444);
#13157=LINE('',#955,#13155);
#13158=EDGE_CURVE('',#956,#13144,#13157,.T.);
#13159=ORIENTED_EDGE('',*,*,#13143,.T.);
#13160=ORIENTED_EDGE('',*,*,#13148,.T.);
#13161=ORIENTED_EDGE('',*,*,#13154,.T.);
#13162=ORIENTED_EDGE('',*,*,#13158,.T.);
#13163=EDGE_LOOP('',(#13159,#13160,#13161,#13162));
#13164=FACE_OUTER_BOUND('',#13163,.T.);
#13167=DIRECTION('',(0.946917,-0.000007,0.321477));
#13168=DIRECTION('',(-0.321477,0.000000,0.946917));
#13166=AXIS2_PLACEMENT_3D('',#13142,#13167,#13168);
#13165=PLANE('',#13166);
#13169=ADVANCED_FACE('',(#13164),#13165,.T.);
#13171=DIRECTION('',(0.321461,0.000000,-0.946923));
#13170=VECTOR('',#13171,0.819659);
#13172=LINE('',#961,#13170);
#13173=EDGE_CURVE('',#962,#13150,#13172,.T.);
#13174=ORIENTED_EDGE('',*,*,#13148,.F.);
#13175=ORIENTED_EDGE('',*,*,#13124,.F.);
#13176=ORIENTED_EDGE('',*,*,#13173,.T.);
#13177=EDGE_LOOP('',(#13174,#13175,#13176));
#13178=FACE_OUTER_BOUND('',#13177,.T.);
#13180=DIRECTION('',(0.000000,1.000000,0.000000));
#13179=VECTOR('',#13180,2.000000);
#13181=LINE('',#955,#13179);
#13182=EDGE_CURVE('',#956,#5882,#13181,.T.);
#13184=DIRECTION('',(-0.321461,0.000000,0.946923));
#13183=VECTOR('',#13184,0.819659);
#13185=LINE('',#5881,#13183);
#13186=EDGE_CURVE('',#5882,#13144,#13185,.T.);
#13187=ORIENTED_EDGE('',*,*,#13158,.F.);
#13188=ORIENTED_EDGE('',*,*,#13182,.T.);
#13189=ORIENTED_EDGE('',*,*,#13186,.T.);
#13190=EDGE_LOOP('',(#13187,#13188,#13189));
#13191=FACE_BOUND('',#13190,.T.);
#13194=DIRECTION('',(0.946923,0.000000,0.321461));
#13195=DIRECTION('',(-0.121904,0.925307,0.359090));
#13193=AXIS2_PLACEMENT_3D('',#13149,#13194,#13195);
#13192=PLANE('',#13193);
#13196=ADVANCED_FACE('',(#13178,#13191),#13192,.T.);
#13198=DIRECTION('',(-0.000946,0.999998,0.001877));
#13197=VECTOR('',#13198,2.000004);
#13200=CARTESIAN_POINT('',(668.8140,-316.0000,-366.5186));
#13199=LINE('',#13200,#13197);
#13202=VERTEX_POINT('',#13200);
#13203=CARTESIAN_POINT('',(668.8121,-314.0000,-366.5149));
#13204=VERTEX_POINT('',#13203);
#13201=EDGE_CURVE('',#13202,#13204,#13199,.T.);
#13206=DIRECTION('',(-0.442222,0.000000,0.896906));
#13205=VECTOR('',#13206,0.815419);
#13207=LINE('',#13203,#13205);
#13208=EDGE_CURVE('',#13204,#5882,#13207,.T.);
#13210=DIRECTION('',(0.167707,-0.925313,-0.340102));
#13209=VECTOR('',#13210,2.161430);
#13211=LINE('',#5881,#13209);
#13212=EDGE_CURVE('',#5882,#13202,#13211,.T.);
#13213=ORIENTED_EDGE('',*,*,#13201,.T.);
#13214=ORIENTED_EDGE('',*,*,#13208,.T.);
#13215=ORIENTED_EDGE('',*,*,#13212,.T.);
#13216=EDGE_LOOP('',(#13213,#13214,#13215));
#13217=FACE_OUTER_BOUND('',#13216,.T.);
#13220=DIRECTION('',(0.896906,0.000019,0.442222));
#13221=DIRECTION('',(-0.000946,0.999998,0.001877));
#13219=AXIS2_PLACEMENT_3D('',#13200,#13220,#13221);
#13218=PLANE('',#13219);
#13222=ADVANCED_FACE('',(#13217),#13218,.T.);
#13224=DIRECTION('',(0.442262,0.000000,-0.896886));
#13223=VECTOR('',#13224,0.819622);
#13225=LINE('',#955,#13223);
#13226=EDGE_CURVE('',#956,#13202,#13225,.T.);
#13227=ORIENTED_EDGE('',*,*,#13212,.F.);
#13228=ORIENTED_EDGE('',*,*,#13182,.F.);
#13229=ORIENTED_EDGE('',*,*,#13226,.T.);
#13230=EDGE_LOOP('',(#13227,#13228,#13229));
#13231=FACE_OUTER_BOUND('',#13230,.T.);
#13234=DIRECTION('',(0.896886,0.000000,0.442262));
#13235=DIRECTION('',(-0.167707,0.925313,0.340102));
#13233=AXIS2_PLACEMENT_3D('',#13200,#13234,#13235);
#13232=PLANE('',#13233);
#13236=ADVANCED_FACE('',(#13231),#13232,.T.);
#13238=DIRECTION('',(0.442282,0.000000,-0.896876));
#13237=VECTOR('',#13238,0.815446);
#13239=LINE('',#13200,#13237);
#13240=EDGE_CURVE('',#13202,#950,#13239,.T.);
#13242=DIRECTION('',(-0.167735,0.925309,0.340101));
#13241=VECTOR('',#13242,2.161440);
#13243=LINE('',#949,#13241);
#13244=EDGE_CURVE('',#950,#13204,#13243,.T.);
#13245=ORIENTED_EDGE('',*,*,#13201,.F.);
#13246=ORIENTED_EDGE('',*,*,#13240,.T.);
#13247=ORIENTED_EDGE('',*,*,#13244,.T.);
#13248=EDGE_LOOP('',(#13245,#13246,#13247));
#13249=FACE_OUTER_BOUND('',#13248,.T.);
#13252=DIRECTION('',(0.896876,0.000018,0.442282));
#13253=DIRECTION('',(0.000946,-0.999998,-0.001877));
#13251=AXIS2_PLACEMENT_3D('',#13203,#13252,#13253);
#13250=PLANE('',#13251);
#13254=ADVANCED_FACE('',(#13249),#13250,.T.);
#13256=DIRECTION('',(0.000000,1.000000,0.000000));
#13255=VECTOR('',#13256,2.000000);
#13257=LINE('',#949,#13255);
#13258=EDGE_CURVE('',#950,#5888,#13257,.T.);
#13260=DIRECTION('',(-0.442322,0.000000,0.896856));
#13259=VECTOR('',#13260,0.819649);
#13261=LINE('',#5887,#13259);
#13262=EDGE_CURVE('',#5888,#13204,#13261,.T.);
#13263=ORIENTED_EDGE('',*,*,#13244,.F.);
#13264=ORIENTED_EDGE('',*,*,#13258,.T.);
#13265=ORIENTED_EDGE('',*,*,#13262,.T.);
#13266=EDGE_LOOP('',(#13263,#13264,#13265));
#13267=FACE_OUTER_BOUND('',#13266,.T.);
#13270=DIRECTION('',(0.896856,0.000000,0.442322));
#13271=DIRECTION('',(0.167735,-0.925309,-0.340101));
#13269=AXIS2_PLACEMENT_3D('',#13203,#13270,#13271);
#13268=PLANE('',#13269);
#13272=ADVANCED_FACE('',(#13267),#13268,.T.);
#13274=DIRECTION('',(-0.555546,0.000000,0.831486));
#13273=VECTOR('',#13274,0.815419);
#13276=CARTESIAN_POINT('',(669.6277,-314.0000,-367.9280));
#13275=LINE('',#13276,#13273);
#13278=VERTEX_POINT('',#13276);
#13277=EDGE_CURVE('',#13278,#5888,#13275,.T.);
#13280=DIRECTION('',(0.210685,-0.925307,-0.315307));
#13279=VECTOR('',#13280,2.161444);
#13281=LINE('',#5887,#13279);
#13283=CARTESIAN_POINT('',(669.6301,-316.0000,-367.9315));
#13284=VERTEX_POINT('',#13283);
#13282=EDGE_CURVE('',#5888,#13284,#13281,.T.);
#13286=DIRECTION('',(0.555546,0.000000,-0.831486));
#13285=VECTOR('',#13286,0.815419);
#13287=LINE('',#13283,#13285);
#13288=EDGE_CURVE('',#13284,#944,#13287,.T.);
#13290=DIRECTION('',(-0.210685,0.925307,0.315307));
#13289=VECTOR('',#13290,2.161444);
#13291=LINE('',#943,#13289);
#13292=EDGE_CURVE('',#944,#13278,#13291,.T.);
#13293=ORIENTED_EDGE('',*,*,#13277,.T.);
#13294=ORIENTED_EDGE('',*,*,#13282,.T.);
#13295=ORIENTED_EDGE('',*,*,#13288,.T.);
#13296=ORIENTED_EDGE('',*,*,#13292,.T.);
#13297=EDGE_LOOP('',(#13293,#13294,#13295,#13296));
#13298=FACE_OUTER_BOUND('',#13297,.T.);
#13301=DIRECTION('',(0.831486,0.000015,0.555546));
#13302=DIRECTION('',(-0.555546,0.000000,0.831486));
#13300=AXIS2_PLACEMENT_3D('',#13276,#13301,#13302);
#13299=PLANE('',#13300);
#13303=ADVANCED_FACE('',(#13298),#13299,.T.);
#13305=DIRECTION('',(0.555576,0.000000,-0.831466));
#13304=VECTOR('',#13305,0.819659);
#13306=LINE('',#949,#13304);
#13307=EDGE_CURVE('',#950,#13284,#13306,.T.);
#13308=ORIENTED_EDGE('',*,*,#13282,.F.);
#13309=ORIENTED_EDGE('',*,*,#13258,.F.);
#13310=ORIENTED_EDGE('',*,*,#13307,.T.);
#13311=EDGE_LOOP('',(#13308,#13309,#13310));
#13312=FACE_OUTER_BOUND('',#13311,.T.);
#13314=DIRECTION('',(0.000000,1.000000,0.000000));
#13313=VECTOR('',#13314,2.000000);
#13315=LINE('',#943,#13313);
#13316=EDGE_CURVE('',#944,#5894,#13315,.T.);
#13318=DIRECTION('',(-0.555576,0.000000,0.831466));
#13317=VECTOR('',#13318,0.819659);
#13319=LINE('',#5893,#13317);
#13320=EDGE_CURVE('',#5894,#13278,#13319,.T.);
#13321=ORIENTED_EDGE('',*,*,#13292,.F.);
#13322=ORIENTED_EDGE('',*,*,#13316,.T.);
#13323=ORIENTED_EDGE('',*,*,#13320,.T.);
#13324=EDGE_LOOP('',(#13321,#13322,#13323));
#13325=FACE_BOUND('',#13324,.T.);
#13328=DIRECTION('',(0.831466,0.000000,0.555576));
#13329=DIRECTION('',(-0.210685,0.925307,0.315307));
#13327=AXIS2_PLACEMENT_3D('',#13283,#13328,#13329);
#13326=PLANE('',#13327);
#13330=ADVANCED_FACE('',(#13312,#13325),#13326,.T.);
#13332=DIRECTION('',(-0.001404,0.999998,0.001587));
#13331=VECTOR('',#13332,2.000004);
#13334=CARTESIAN_POINT('',(670.6235,-316.0000,-369.2258));
#13333=LINE('',#13334,#13331);
#13336=VERTEX_POINT('',#13334);
#13337=CARTESIAN_POINT('',(670.6207,-314.0000,-369.2226));
#13338=VERTEX_POINT('',#13337);
#13335=EDGE_CURVE('',#13336,#13338,#13333,.T.);
#13340=DIRECTION('',(-0.659355,0.000000,0.751832));
#13339=VECTOR('',#13340,0.815432);
#13341=LINE('',#13337,#13339);
#13342=EDGE_CURVE('',#13338,#5894,#13341,.T.);
#13344=DIRECTION('',(0.250048,-0.925306,-0.285106));
#13343=VECTOR('',#13344,2.161448);
#13345=LINE('',#5893,#13343);
#13346=EDGE_CURVE('',#5894,#13336,#13345,.T.);
#13347=ORIENTED_EDGE('',*,*,#13335,.T.);
#13348=ORIENTED_EDGE('',*,*,#13342,.T.);
#13349=ORIENTED_EDGE('',*,*,#13346,.T.);
#13350=EDGE_LOOP('',(#13347,#13348,#13349));
#13351=FACE_OUTER_BOUND('',#13350,.T.);
#13354=DIRECTION('',(0.751832,0.000009,0.659355));
#13355=DIRECTION('',(-0.001404,0.999998,0.001587));
#13353=AXIS2_PLACEMENT_3D('',#13334,#13354,#13355);
#13352=PLANE('',#13353);
#13356=ADVANCED_FACE('',(#13351),#13352,.T.);
#13358=DIRECTION('',(0.659371,0.000000,-0.751817));
#13357=VECTOR('',#13358,0.819669);
#13359=LINE('',#943,#13357);
#13360=EDGE_CURVE('',#944,#13336,#13359,.T.);
#13361=ORIENTED_EDGE('',*,*,#13346,.F.);
#13362=ORIENTED_EDGE('',*,*,#13316,.F.);
#13363=ORIENTED_EDGE('',*,*,#13360,.T.);
#13364=EDGE_LOOP('',(#13361,#13362,#13363));
#13365=FACE_OUTER_BOUND('',#13364,.T.);
#13368=DIRECTION('',(0.751817,0.000000,0.659371));
#13369=DIRECTION('',(-0.250048,0.925306,0.285106));
#13367=AXIS2_PLACEMENT_3D('',#13334,#13368,#13369);
#13366=PLANE('',#13367);
#13370=ADVANCED_FACE('',(#13365),#13366,.T.);
#13372=DIRECTION('',(0.659312,0.000000,-0.751869));
#13371=VECTOR('',#13372,0.815391);
#13373=LINE('',#13334,#13371);
#13374=EDGE_CURVE('',#13336,#938,#13373,.T.);
#13376=DIRECTION('',(-0.250022,0.925312,0.285108));
#13375=VECTOR('',#13376,2.161433);
#13377=LINE('',#937,#13375);
#13378=EDGE_CURVE('',#938,#13338,#13377,.T.);
#13379=ORIENTED_EDGE('',*,*,#13335,.F.);
#13380=ORIENTED_EDGE('',*,*,#13374,.T.);
#13381=ORIENTED_EDGE('',*,*,#13378,.T.);
#13382=EDGE_LOOP('',(#13379,#13380,#13381));
#13383=FACE_OUTER_BOUND('',#13382,.T.);
#13386=DIRECTION('',(0.751869,0.000009,0.659312));
#13387=DIRECTION('',(0.001404,-0.999998,-0.001587));
#13385=AXIS2_PLACEMENT_3D('',#13337,#13386,#13387);
#13384=PLANE('',#13385);
#13388=ADVANCED_FACE('',(#13383),#13384,.T.);
#13390=DIRECTION('',(0.000000,1.000000,0.000000));
#13389=VECTOR('',#13390,2.000000);
#13391=LINE('',#937,#13389);
#13392=EDGE_CURVE('',#938,#5900,#13391,.T.);
#13394=DIRECTION('',(-0.659329,0.000000,0.751854));
#13393=VECTOR('',#13394,0.819629);
#13395=LINE('',#5899,#13393);
#13396=EDGE_CURVE('',#5900,#13338,#13395,.T.);
#13397=ORIENTED_EDGE('',*,*,#13378,.F.);
#13398=ORIENTED_EDGE('',*,*,#13392,.T.);
#13399=ORIENTED_EDGE('',*,*,#13396,.T.);
#13400=EDGE_LOOP('',(#13397,#13398,#13399));
#13401=FACE_OUTER_BOUND('',#13400,.T.);
#13404=DIRECTION('',(0.751854,0.000000,0.659329));
#13405=DIRECTION('',(0.250022,-0.925312,-0.285108));
#13403=AXIS2_PLACEMENT_3D('',#13337,#13404,#13405);
#13402=PLANE('',#13403);
#13406=ADVANCED_FACE('',(#13401),#13402,.T.);
#13408=DIRECTION('',(-0.751848,0.000000,0.659336));
#13407=VECTOR('',#13408,0.815455);
#13410=CARTESIAN_POINT('',(671.7742,-314.0000,-370.3765));
#13409=LINE('',#13410,#13407);
#13412=VERTEX_POINT('',#13410);
#13411=EDGE_CURVE('',#13412,#5900,#13409,.T.);
#13414=DIRECTION('',(0.285120,-0.925305,-0.250034));
#13413=VECTOR('',#13414,2.161449);
#13415=LINE('',#5899,#13413);
#13417=CARTESIAN_POINT('',(671.7774,-316.0000,-370.3793));
#13418=VERTEX_POINT('',#13417);
#13416=EDGE_CURVE('',#5900,#13418,#13415,.T.);
#13420=DIRECTION('',(0.751848,0.000000,-0.659336));
#13419=VECTOR('',#13420,0.815455);
#13421=LINE('',#13417,#13419);
#13422=EDGE_CURVE('',#13418,#932,#13421,.T.);
#13424=DIRECTION('',(-0.285120,0.925305,0.250034));
#13423=VECTOR('',#13424,2.161449);
#13425=LINE('',#931,#13423);
#13426=EDGE_CURVE('',#932,#13412,#13425,.T.);
#13427=ORIENTED_EDGE('',*,*,#13411,.T.);
#13428=ORIENTED_EDGE('',*,*,#13416,.T.);
#13429=ORIENTED_EDGE('',*,*,#13422,.T.);
#13430=ORIENTED_EDGE('',*,*,#13426,.T.);
#13431=EDGE_LOOP('',(#13427,#13428,#13429,#13430));
#13432=FACE_OUTER_BOUND('',#13431,.T.);
#13435=DIRECTION('',(0.659336,0.000002,0.751848));
#13436=DIRECTION('',(-0.751848,0.000000,0.659336));
#13434=AXIS2_PLACEMENT_3D('',#13410,#13435,#13436);
#13433=PLANE('',#13434);
#13437=ADVANCED_FACE('',(#13432),#13433,.T.);
#13439=DIRECTION('',(0.751852,0.000000,-0.659332));
#13438=VECTOR('',#13439,0.819672);
#13440=LINE('',#937,#13438);
#13441=EDGE_CURVE('',#938,#13418,#13440,.T.);
#13442=ORIENTED_EDGE('',*,*,#13416,.F.);
#13443=ORIENTED_EDGE('',*,*,#13392,.F.);
#13444=ORIENTED_EDGE('',*,*,#13441,.T.);
#13445=EDGE_LOOP('',(#13442,#13443,#13444));
#13446=FACE_OUTER_BOUND('',#13445,.T.);
#13448=DIRECTION('',(0.000000,1.000000,0.000000));
#13447=VECTOR('',#13448,2.000000);
#13449=LINE('',#931,#13447);
#13450=EDGE_CURVE('',#932,#5906,#13449,.T.);
#13452=DIRECTION('',(-0.751852,0.000000,0.659332));
#13451=VECTOR('',#13452,0.819672);
#13453=LINE('',#5905,#13451);
#13454=EDGE_CURVE('',#5906,#13412,#13453,.T.);
#13455=ORIENTED_EDGE('',*,*,#13426,.F.);
#13456=ORIENTED_EDGE('',*,*,#13450,.T.);
#13457=ORIENTED_EDGE('',*,*,#13454,.T.);
#13458=EDGE_LOOP('',(#13455,#13456,#13457));
#13459=FACE_BOUND('',#13458,.T.);
#13462=DIRECTION('',(0.659332,0.000000,0.751852));
#13463=DIRECTION('',(-0.285120,0.925305,0.250034));
#13461=AXIS2_PLACEMENT_3D('',#13417,#13462,#13463);
#13460=PLANE('',#13461);
#13464=ADVANCED_FACE('',(#13446,#13459),#13460,.T.);
#13466=DIRECTION('',(-0.001739,0.999998,0.001175));
#13465=VECTOR('',#13466,2.000004);
#13468=CARTESIAN_POINT('',(673.0720,-316.0000,-371.3723));
#13467=LINE('',#13468,#13465);
#13470=VERTEX_POINT('',#13468);
#13471=CARTESIAN_POINT('',(673.0685,-314.0000,-371.3699));
#13472=VERTEX_POINT('',#13471);
#13469=EDGE_CURVE('',#13470,#13472,#13467,.T.);
#13474=DIRECTION('',(-0.831474,0.000000,0.555564));
#13473=VECTOR('',#13474,0.815393);
#13475=LINE('',#13471,#13473);
#13476=EDGE_CURVE('',#13472,#5906,#13475,.T.);
#13478=DIRECTION('',(0.315283,-0.925318,-0.210673));
#13477=VECTOR('',#13478,2.161419);
#13479=LINE('',#5905,#13477);
#13480=EDGE_CURVE('',#5906,#13470,#13479,.T.);
#13481=ORIENTED_EDGE('',*,*,#13469,.T.);
#13482=ORIENTED_EDGE('',*,*,#13476,.T.);
#13483=ORIENTED_EDGE('',*,*,#13480,.T.);
#13484=EDGE_LOOP('',(#13481,#13482,#13483));
#13485=FACE_OUTER_BOUND('',#13484,.T.);
#13488=DIRECTION('',(0.555564,-0.000011,0.831474));
#13489=DIRECTION('',(-0.001739,0.999998,0.001175));
#13487=AXIS2_PLACEMENT_3D('',#13468,#13488,#13489);
#13486=PLANE('',#13487);
#13490=ADVANCED_FACE('',(#13485),#13486,.T.);
#13492=DIRECTION('',(0.831460,0.000000,-0.555585));
#13491=VECTOR('',#13492,0.819592);
#13493=LINE('',#931,#13491);
#13494=EDGE_CURVE('',#932,#13470,#13493,.T.);
#13495=ORIENTED_EDGE('',*,*,#13480,.F.);
#13496=ORIENTED_EDGE('',*,*,#13450,.F.);
#13497=ORIENTED_EDGE('',*,*,#13494,.T.);
#13498=EDGE_LOOP('',(#13495,#13496,#13497));
#13499=FACE_OUTER_BOUND('',#13498,.T.);
#13502=DIRECTION('',(0.555585,0.000000,0.831460));
#13503=DIRECTION('',(-0.315283,0.925318,0.210673));
#13501=AXIS2_PLACEMENT_3D('',#13468,#13502,#13503);
#13500=PLANE('',#13501);
#13504=ADVANCED_FACE('',(#13499),#13500,.T.);
#13506=DIRECTION('',(0.831480,0.000000,-0.555555));
#13505=VECTOR('',#13506,0.815461);
#13507=LINE('',#13468,#13505);
#13508=EDGE_CURVE('',#13470,#926,#13507,.T.);
#13510=DIRECTION('',(-0.315307,0.925307,0.210685));
#13509=VECTOR('',#13510,2.161444);
#13511=LINE('',#925,#13509);
#13512=EDGE_CURVE('',#926,#13472,#13511,.T.);
#13513=ORIENTED_EDGE('',*,*,#13469,.F.);
#13514=ORIENTED_EDGE('',*,*,#13508,.T.);
#13515=ORIENTED_EDGE('',*,*,#13512,.T.);
#13516=EDGE_LOOP('',(#13513,#13514,#13515));
#13517=FACE_OUTER_BOUND('',#13516,.T.);
#13520=DIRECTION('',(0.555555,-0.000011,0.831480));
#13521=DIRECTION('',(0.001739,-0.999998,-0.001175));
#13519=AXIS2_PLACEMENT_3D('',#13471,#13520,#13521);
#13518=PLANE('',#13519);
#13522=ADVANCED_FACE('',(#13517),#13518,.T.);
#13524=DIRECTION('',(0.000000,1.000000,0.000000));
#13523=VECTOR('',#13524,2.000000);
#13525=LINE('',#925,#13523);
#13526=EDGE_CURVE('',#926,#5912,#13525,.T.);
#13528=DIRECTION('',(-0.831466,0.000000,0.555576));
#13527=VECTOR('',#13528,0.819659);
#13529=LINE('',#5911,#13527);
#13530=EDGE_CURVE('',#5912,#13472,#13529,.T.);
#13531=ORIENTED_EDGE('',*,*,#13512,.F.);
#13532=ORIENTED_EDGE('',*,*,#13526,.T.);
#13533=ORIENTED_EDGE('',*,*,#13530,.T.);
#13534=EDGE_LOOP('',(#13531,#13532,#13533));
#13535=FACE_OUTER_BOUND('',#13534,.T.);
#13538=DIRECTION('',(0.555576,0.000000,0.831466));
#13539=DIRECTION('',(0.315307,-0.925307,-0.210685));
#13537=AXIS2_PLACEMENT_3D('',#13471,#13538,#13539);
#13536=PLANE('',#13537);
#13540=ADVANCED_FACE('',(#13535),#13536,.T.);
#13542=DIRECTION('',(-0.896869,0.000000,0.442297));
#13541=VECTOR('',#13542,0.815418);
#13544=CARTESIAN_POINT('',(674.4813,-314.0000,-372.1860));
#13543=LINE('',#13544,#13541);
#13546=VERTEX_POINT('',#13544);
#13545=EDGE_CURVE('',#13546,#5912,#13543,.T.);
#13548=DIRECTION('',(0.340102,-0.925311,-0.167721));
#13547=VECTOR('',#13548,2.161435);
#13549=LINE('',#5911,#13547);
#13551=CARTESIAN_POINT('',(674.4851,-316.0000,-372.1878));
#13552=VERTEX_POINT('',#13551);
#13550=EDGE_CURVE('',#5912,#13552,#13549,.T.);
#13554=DIRECTION('',(0.896869,0.000000,-0.442297));
#13553=VECTOR('',#13554,0.815418);
#13555=LINE('',#13551,#13553);
#13556=EDGE_CURVE('',#13552,#920,#13555,.T.);
#13558=DIRECTION('',(-0.340102,0.925311,0.167721));
#13557=VECTOR('',#13558,2.161435);
#13559=LINE('',#919,#13557);
#13560=EDGE_CURVE('',#920,#13546,#13559,.T.);
#13561=ORIENTED_EDGE('',*,*,#13545,.T.);
#13562=ORIENTED_EDGE('',*,*,#13550,.T.);
#13563=ORIENTED_EDGE('',*,*,#13556,.T.);
#13564=ORIENTED_EDGE('',*,*,#13560,.T.);
#13565=EDGE_LOOP('',(#13561,#13562,#13563,#13564));
#13566=FACE_OUTER_BOUND('',#13565,.T.);
#13569=DIRECTION('',(0.442297,0.000002,0.896869));
#13570=DIRECTION('',(-0.896869,0.000000,0.442297));
#13568=AXIS2_PLACEMENT_3D('',#13544,#13569,#13570);
#13567=PLANE('',#13568);
#13571=ADVANCED_FACE('',(#13566),#13567,.T.);
#13573=DIRECTION('',(0.896871,0.000000,-0.442292));
#13572=VECTOR('',#13573,0.819636);
#13574=LINE('',#925,#13572);
#13575=EDGE_CURVE('',#926,#13552,#13574,.T.);
#13576=ORIENTED_EDGE('',*,*,#13550,.F.);
#13577=ORIENTED_EDGE('',*,*,#13526,.F.);
#13578=ORIENTED_EDGE('',*,*,#13575,.T.);
#13579=EDGE_LOOP('',(#13576,#13577,#13578));
#13580=FACE_OUTER_BOUND('',#13579,.T.);
#13582=DIRECTION('',(0.000000,1.000000,0.000000));
#13581=VECTOR('',#13582,2.000000);
#13583=LINE('',#919,#13581);
#13584=EDGE_CURVE('',#920,#5918,#13583,.T.);
#13586=DIRECTION('',(-0.896871,0.000000,0.442292));
#13585=VECTOR('',#13586,0.819636);
#13587=LINE('',#5917,#13585);
#13588=EDGE_CURVE('',#5918,#13546,#13587,.T.);
#13589=ORIENTED_EDGE('',*,*,#13560,.F.);
#13590=ORIENTED_EDGE('',*,*,#13584,.T.);
#13591=ORIENTED_EDGE('',*,*,#13588,.T.);
#13592=EDGE_LOOP('',(#13589,#13590,#13591));
#13593=FACE_BOUND('',#13592,.T.);
#13596=DIRECTION('',(0.442292,0.000000,0.896871));
#13597=DIRECTION('',(-0.340102,0.925311,0.167721));
#13595=AXIS2_PLACEMENT_3D('',#13551,#13596,#13597);
#13594=PLANE('',#13595);
#13598=ADVANCED_FACE('',(#13580,#13593),#13594,.T.);
#13600=DIRECTION('',(-0.001984,0.999998,0.000671));
#13599=VECTOR('',#13600,2.000004);
#13602=CARTESIAN_POINT('',(675.9926,-316.0000,-372.8120));
#13601=LINE('',#13602,#13599);
#13604=VERTEX_POINT('',#13602);
#13605=CARTESIAN_POINT('',(675.9886,-314.0000,-372.8106));
#13606=VERTEX_POINT('',#13605);
#13603=EDGE_CURVE('',#13604,#13606,#13601,.T.);
#13608=DIRECTION('',(-0.946936,0.000000,0.321421));
#13607=VECTOR('',#13608,0.815490);
#13609=LINE('',#13605,#13607);
#13610=EDGE_CURVE('',#13606,#5918,#13609,.T.);
#13612=DIRECTION('',(0.946938,0.000000,-0.321417));
#13611=VECTOR('',#13612,0.819678);
#13613=LINE('',#919,#13611);
#13614=EDGE_CURVE('',#920,#13604,#13613,.T.);
#13615=ORIENTED_EDGE('',*,*,#13603,.T.);
#13616=ORIENTED_EDGE('',*,*,#13610,.T.);
#13617=ORIENTED_EDGE('',*,*,#13584,.F.);
#13618=ORIENTED_EDGE('',*,*,#13614,.T.);
#13619=EDGE_LOOP('',(#13615,#13616,#13617,#13618));
#13620=FACE_OUTER_BOUND('',#13619,.T.);
#13623=DIRECTION('',(0.321421,0.000002,0.946936));
#13624=DIRECTION('',(-0.001984,0.999998,0.000671));
#13622=AXIS2_PLACEMENT_3D('',#13602,#13623,#13624);
#13621=PLANE('',#13622);
#13625=ADVANCED_FACE('',(#13620),#13621,.T.);
#13627=DIRECTION('',(0.946929,0.000000,-0.321444));
#13626=VECTOR('',#13627,0.815432);
#13628=LINE('',#13602,#13626);
#13629=EDGE_CURVE('',#13604,#914,#13628,.T.);
#13631=DIRECTION('',(-0.359079,0.925314,0.121891));
#13630=VECTOR('',#13631,2.161429);
#13632=LINE('',#913,#13630);
#13633=EDGE_CURVE('',#914,#13606,#13632,.T.);
#13634=ORIENTED_EDGE('',*,*,#13603,.F.);
#13635=ORIENTED_EDGE('',*,*,#13629,.T.);
#13636=ORIENTED_EDGE('',*,*,#13633,.T.);
#13637=EDGE_LOOP('',(#13634,#13635,#13636));
#13638=FACE_OUTER_BOUND('',#13637,.T.);
#13641=DIRECTION('',(0.321444,0.000002,0.946929));
#13642=DIRECTION('',(0.001984,-0.999998,-0.000671));
#13640=AXIS2_PLACEMENT_3D('',#13605,#13641,#13642);
#13639=PLANE('',#13640);
#13643=ADVANCED_FACE('',(#13638),#13639,.T.);
#13645=DIRECTION('',(0.000000,1.000000,0.000000));
#13644=VECTOR('',#13645,2.000000);
#13646=LINE('',#913,#13644);
#13647=EDGE_CURVE('',#914,#5924,#13646,.T.);
#13649=DIRECTION('',(-0.946930,0.000000,0.321439));
#13648=VECTOR('',#13649,0.819620);
#13650=LINE('',#5923,#13648);
#13651=EDGE_CURVE('',#5924,#13606,#13650,.T.);
#13652=ORIENTED_EDGE('',*,*,#13633,.F.);
#13653=ORIENTED_EDGE('',*,*,#13647,.T.);
#13654=ORIENTED_EDGE('',*,*,#13651,.T.);
#13655=EDGE_LOOP('',(#13652,#13653,#13654));
#13656=FACE_OUTER_BOUND('',#13655,.T.);
#13659=DIRECTION('',(0.321439,0.000000,0.946930));
#13660=DIRECTION('',(0.359079,-0.925314,-0.121891));
#13658=AXIS2_PLACEMENT_3D('',#13605,#13659,#13660);
#13657=PLANE('',#13658);
#13661=ADVANCED_FACE('',(#13656),#13657,.T.);
#13662=ORIENTED_EDGE('',*,*,#13647,.F.);
#13663=ORIENTED_EDGE('',*,*,#912,.F.);
#13664=ORIENTED_EDGE('',*,*,#11314,.F.);
#13665=ORIENTED_EDGE('',*,*,#5928,.F.);
#13666=EDGE_LOOP('',(#13662,#13663,#13664,#13665));
#13667=FACE_OUTER_BOUND('',#13666,.T.);
#13670=CARTESIAN_POINT('',(677.5645,-314.0000,-373.2332));
#13671=DIRECTION('',(0.195101,0.000001,0.980783));
#13672=DIRECTION('',(0.000000,-1.000000,0.000000));
#13669=AXIS2_PLACEMENT_3D('',#13670,#13671,#13672);
#13668=PLANE('',#13669);
#13673=ADVANCED_FACE('',(#13667),#13668,.T.);
#13675=DIRECTION('',(-0.002075,0.999998,0.000137));
#13674=VECTOR('',#13675,2.000004);
#13676=LINE('',#11308,#13674);
#13678=CARTESIAN_POINT('',(679.1821,-314.0000,-373.4464));
#13679=VERTEX_POINT('',#13678);
#13677=EDGE_CURVE('',#11310,#13679,#13676,.T.);
#13681=DIRECTION('',(-0.997861,0.000000,0.065379));
#13680=VECTOR('',#13681,0.815465);
#13682=LINE('',#13678,#13680);
#13683=EDGE_CURVE('',#13679,#5930,#13682,.T.);
#13684=ORIENTED_EDGE('',*,*,#13677,.T.);
#13685=ORIENTED_EDGE('',*,*,#13683,.T.);
#13686=ORIENTED_EDGE('',*,*,#11309,.F.);
#13687=EDGE_LOOP('',(#13684,#13685,#13686));
#13688=FACE_OUTER_BOUND('',#13687,.T.);
#13691=DIRECTION('',(0.065379,-0.000001,0.997861));
#13692=DIRECTION('',(-0.002075,0.999998,0.000137));
#13690=AXIS2_PLACEMENT_3D('',#11308,#13691,#13692);
#13689=PLANE('',#13690);
#13693=ADVANCED_FACE('',(#13688),#13689,.T.);
#13695=DIRECTION('',(-0.997853,0.000000,0.065488));
#13694=VECTOR('',#13695,0.290785);
#13696=LINE('',#11282,#13694);
#13697=EDGE_CURVE('',#11284,#13679,#13696,.T.);
#13699=DIRECTION('',(0.141559,0.989886,-0.009289));
#13698=VECTOR('',#13699,2.020434);
#13700=LINE('',#11308,#13698);
#13701=EDGE_CURVE('',#11310,#11284,#13700,.T.);
#13702=ORIENTED_EDGE('',*,*,#13697,.T.);
#13703=ORIENTED_EDGE('',*,*,#13677,.F.);
#13704=ORIENTED_EDGE('',*,*,#13701,.T.);
#13705=EDGE_LOOP('',(#13702,#13703,#13704));
#13706=FACE_OUTER_BOUND('',#13705,.T.);
#13709=DIRECTION('',(0.065488,-0.000001,0.997853));
#13710=DIRECTION('',(-0.997853,0.000000,0.065488));
#13708=AXIS2_PLACEMENT_3D('',#11282,#13709,#13710);
#13707=PLANE('',#13708);
#13711=ADVANCED_FACE('',(#13706),#13707,.T.);
#13713=DIRECTION('',(0.997854,0.000000,-0.065480));
#13712=VECTOR('',#13713,0.286626);
#13714=LINE('',#11308,#13712);
#13715=EDGE_CURVE('',#11310,#11286,#13714,.T.);
#13716=ORIENTED_EDGE('',*,*,#13701,.F.);
#13717=ORIENTED_EDGE('',*,*,#13715,.T.);
#13718=ORIENTED_EDGE('',*,*,#11283,.F.);
#13719=EDGE_LOOP('',(#13716,#13717,#13718));
#13720=FACE_OUTER_BOUND('',#13719,.T.);
#13723=DIRECTION('',(0.065480,0.000000,0.997854));
#13724=DIRECTION('',(-0.141559,-0.989886,0.009289));
#13722=AXIS2_PLACEMENT_3D('',#11282,#13723,#13724);
#13721=PLANE('',#13722);
#13725=ADVANCED_FACE('',(#13720),#13721,.T.);
#13728=CARTESIAN_POINT('',(660.0000,-314.0000,-330.0000));
#13729=DIRECTION('',(0.000000,1.000000,0.000000));
#13730=DIRECTION('',(0.000000,0.000000,-1.000000));
#13727=AXIS2_PLACEMENT_3D('',#13728,#13729,#13730);
#13726=CIRCLE('',#13727,4.999999);
#13731=EDGE_CURVE('',#6300,#6444,#13726,.T.);
#13732=EDGE_CURVE('',#6444,#6300,#13726,.T.);
#13733=ORIENTED_EDGE('',*,*,#13731,.T.);
#13734=ORIENTED_EDGE('',*,*,#13732,.T.);
#13735=EDGE_LOOP('',(#13733,#13734));
#13736=FACE_OUTER_BOUND('',#13735,.T.);
#13739=CARTESIAN_POINT('',(660.0000,-316.0000,-330.0000));
#13740=DIRECTION('',(0.000000,1.000000,0.000000));
#13741=DIRECTION('',(0.000000,0.000000,-1.000000));
#13738=AXIS2_PLACEMENT_3D('',#13739,#13740,#13741);
#13737=CIRCLE('',#13738,4.999999);
#13742=EDGE_CURVE('',#1549,#2067,#13737,.T.);
#13743=EDGE_CURVE('',#2067,#1549,#13737,.T.);
#13744=ORIENTED_EDGE('',*,*,#13743,.F.);
#13745=ORIENTED_EDGE('',*,*,#13742,.F.);
#13746=EDGE_LOOP('',(#13744,#13745));
#13747=FACE_BOUND('',#13746,.T.);
#13750=DIRECTION('',(0.000000,1.000000,0.000000));
#13751=DIRECTION('',(0.000000,0.000000,-1.000000));
#13749=AXIS2_PLACEMENT_3D('',#13728,#13750,#13751);
#13748=CYLINDRICAL_SURFACE('',#13749,4.999999);
#13752=ADVANCED_FACE('',(#13736,#13747),#13748,.F.);
#13753=CLOSED_SHELL('',(#92,#156,#175,#2735,#4032,#5099,#7515,#7535,#9177,#10433,#10482,#10531,#10580,#10607,#10634,#10661,#10692,#10723,#10750,#10776,#10790,#10808,#10826,#10852,#10866,#10884,#10902,#10928,#10942,#10960,#10978,#11009,#11036,#11063,#11094,#11117,#11148,#11175,#11201,#11215,#11233,#11251,#11278,#11328,#11354,#11368,#11391,#11422,#11449,#11475,#11489,#11507,#11525,#11556,#11583,#11604,#11622,#11648,#11662,#11680,#11698,#11729,#11756,#11787,#11814,#11845,#11872,#11899,#11922,#11948,#11962,#11980,#11998,#12023,#12037,#12051,#12077,#12091,#12109,#12127,#12154,#12172,#12190,#12216,#12247,#12261,#12292,#12319,#12345,#12359,#12382,#12398,#12424,#12438,#12456,#12470,#12496,#12510,#12528,#12546,#12572,#12603,#12617,#12648,#12675,#12701,#12715,#12733,#12751,#12782,#12809,#12840,#12867,#12883,#12909,#12923,#12946,#12977,#13004,#13035,#13062,#13088,#13102,#13120,#13138,#13169,#13196,#13222,#13236,#13254,#13272,#13303,#13330,#13356,#13370,#13388,#13406,#13437,#13464,#13490,#13504,#13522,#13540,#13571,#13598,#13625,#13643,#13661,#13673,#13693,#13711,#13725,#13752));
#13754=MANIFOLD_SOLID_BREP('CV-LBP18-F50-006 — Guarda motriz — costado libre e2 (193×330)',#13753);
#13756=CARTESIAN_POINT('',(0.0000,0.0000,0.0000));
#13757=DIRECTION('',(0.000000,0.000000,1.000000));
#13758=DIRECTION('',(1.000000,0.000000,0.000000));
#13755=AXIS2_PLACEMENT_3D('',#13756,#13757,#13758);
#13759=( LENGTH_UNIT() NAMED_UNIT(*) SI_UNIT(.MILLI.,.METRE.) );
#13760=( NAMED_UNIT(*) PLANE_ANGLE_UNIT() SI_UNIT($,.RADIAN.) );
#13761=( NAMED_UNIT(*) SI_UNIT($,.STERADIAN.) SOLID_ANGLE_UNIT() );
#13762=UNCERTAINTY_MEASURE_WITH_UNIT(LENGTH_MEASURE(0.01),#13759,'distance_accuracy_value','');
#13763=( GEOMETRIC_REPRESENTATION_CONTEXT(3) GLOBAL_UNCERTAINTY_ASSIGNED_CONTEXT((#13762)) GLOBAL_UNIT_ASSIGNED_CONTEXT((#13759,#13760,#13761)) REPRESENTATION_CONTEXT('','3D') );
#13764=ADVANCED_BREP_SHAPE_REPRESENTATION('CV-LBP18-F50-006 — Guarda motriz — costado libre e2 (193×330)',(#13755,#13754),#13763);
ENDSEC;
END-ISO-10303-21;
