ISO-10303-21;
HEADER;
FILE_DESCRIPTION(('CV-LBP18-F40-013 — Rodillo retorno Ø63.5 — tubo A513 Ø63,5×3,0 + 2 cabezales to'),'2;1');
FILE_NAME('CV-LBP18-F40-013 — Rodillo retorno Ø63.5 — tubo A513 Ø63,5×3,0 + 2 cabezales to','2026-08-19T00:00:00',('ConveyOne SpA'),('ConveyOne SpA'),'ConveyOne CAD','step_export.mjs','');
FILE_SCHEMA(('CONFIG_CONTROL_DESIGN'));
ENDSEC;
DATA;
#2=CARTESIAN_POINT('',(510.0000,231.0000,-180.0000));
#3=VERTEX_POINT('',#2);
#4=CARTESIAN_POINT('',(510.0000,-231.0000,-180.0000));
#5=VERTEX_POINT('',#4);
#1=EDGE_CURVE('',#3,#5,*,.T.);
#6=ORIENTED_EDGE('',*,*,#1,.T.);
#8=CARTESIAN_POINT('',(514.1442,-231.0000,-180.2716));
#9=VERTEX_POINT('',#8);
#7=EDGE_CURVE('',#5,#9,*,.T.);
#10=ORIENTED_EDGE('',*,*,#7,.T.);
#12=CARTESIAN_POINT('',(514.1442,231.0000,-180.2716));
#13=VERTEX_POINT('',#12);
#11=EDGE_CURVE('',#9,#13,*,.T.);
#14=ORIENTED_EDGE('',*,*,#11,.T.);
#15=EDGE_CURVE('',#13,#3,*,.T.);
#16=ORIENTED_EDGE('',*,*,#15,.T.);
#17=EDGE_LOOP('',(#6,#10,#14,#16));
#18=FACE_OUTER_BOUND('',#17,.T.);
#19=DIRECTION('',(0.065402,0.000000,0.997859));
#20=DIRECTION('',(0.000000,-1.000000,0.000000));
#21=AXIS2_PLACEMENT_3D('',#2,#19,#20);
#22=PLANE('',#21);
#23=ADVANCED_FACE('',(#18),#22,.T.);
#24=ORIENTED_EDGE('',*,*,#11,.T.);
#26=CARTESIAN_POINT('',(518.2175,-231.0000,-181.0818));
#27=VERTEX_POINT('',#26);
#25=EDGE_CURVE('',#9,#27,*,.T.);
#28=ORIENTED_EDGE('',*,*,#25,.T.);
#30=CARTESIAN_POINT('',(518.2175,231.0000,-181.0818));
#31=VERTEX_POINT('',#30);
#29=EDGE_CURVE('',#27,#31,*,.T.);
#32=ORIENTED_EDGE('',*,*,#29,.T.);
#33=EDGE_CURVE('',#31,#13,*,.T.);
#34=ORIENTED_EDGE('',*,*,#33,.T.);
#35=EDGE_LOOP('',(#24,#28,#32,#34));
#36=FACE_OUTER_BOUND('',#35,.T.);
#37=DIRECTION('',(0.195089,0.000000,0.980785));
#38=DIRECTION('',(0.000000,-1.000000,0.000000));
#39=AXIS2_PLACEMENT_3D('',#12,#37,#38);
#40=PLANE('',#39);
#41=ADVANCED_FACE('',(#36),#40,.T.);
#42=ORIENTED_EDGE('',*,*,#29,.T.);
#44=CARTESIAN_POINT('',(522.1502,-231.0000,-182.4168));
#45=VERTEX_POINT('',#44);
#43=EDGE_CURVE('',#27,#45,*,.T.);
#46=ORIENTED_EDGE('',*,*,#43,.T.);
#48=CARTESIAN_POINT('',(522.1502,231.0000,-182.4168));
#49=VERTEX_POINT('',#48);
#47=EDGE_CURVE('',#45,#49,*,.T.);
#50=ORIENTED_EDGE('',*,*,#47,.T.);
#51=EDGE_CURVE('',#49,#31,*,.T.);
#52=ORIENTED_EDGE('',*,*,#51,.T.);
#53=EDGE_LOOP('',(#42,#46,#50,#52));
#54=FACE_OUTER_BOUND('',#53,.T.);
#55=DIRECTION('',(0.321442,0.000000,0.946929));
#56=DIRECTION('',(0.000000,-1.000000,0.000000));
#57=AXIS2_PLACEMENT_3D('',#30,#55,#56);
#58=PLANE('',#57);
#59=ADVANCED_FACE('',(#54),#58,.T.);
#60=ORIENTED_EDGE('',*,*,#47,.T.);
#62=CARTESIAN_POINT('',(525.8750,-231.0000,-184.2537));
#63=VERTEX_POINT('',#62);
#61=EDGE_CURVE('',#45,#63,*,.T.);
#64=ORIENTED_EDGE('',*,*,#61,.T.);
#66=CARTESIAN_POINT('',(525.8750,231.0000,-184.2537));
#67=VERTEX_POINT('',#66);
#65=EDGE_CURVE('',#63,#67,*,.T.);
#68=ORIENTED_EDGE('',*,*,#65,.T.);
#69=EDGE_CURVE('',#67,#49,*,.T.);
#70=ORIENTED_EDGE('',*,*,#69,.T.);
#71=EDGE_LOOP('',(#60,#64,#68,#70));
#72=FACE_OUTER_BOUND('',#71,.T.);
#73=DIRECTION('',(0.442289,0.000000,0.896872));
#74=DIRECTION('',(0.000000,-1.000000,0.000000));
#75=AXIS2_PLACEMENT_3D('',#48,#73,#74);
#76=PLANE('',#75);
#77=ADVANCED_FACE('',(#72),#76,.T.);
#78=ORIENTED_EDGE('',*,*,#65,.T.);
#80=CARTESIAN_POINT('',(529.3282,-231.0000,-186.5610));
#81=VERTEX_POINT('',#80);
#79=EDGE_CURVE('',#63,#81,*,.T.);
#82=ORIENTED_EDGE('',*,*,#79,.T.);
#84=CARTESIAN_POINT('',(529.3282,231.0000,-186.5610));
#85=VERTEX_POINT('',#84);
#83=EDGE_CURVE('',#81,#85,*,.T.);
#86=ORIENTED_EDGE('',*,*,#83,.T.);
#87=EDGE_CURVE('',#85,#67,*,.T.);
#88=ORIENTED_EDGE('',*,*,#87,.T.);
#89=EDGE_LOOP('',(#78,#82,#86,#88));
#90=FACE_OUTER_BOUND('',#89,.T.);
#91=DIRECTION('',(0.555570,0.000000,0.831470));
#92=DIRECTION('',(0.000000,-1.000000,0.000000));
#93=AXIS2_PLACEMENT_3D('',#66,#91,#92);
#94=PLANE('',#93);
#95=ADVANCED_FACE('',(#90),#94,.T.);
#96=ORIENTED_EDGE('',*,*,#83,.T.);
#98=CARTESIAN_POINT('',(532.4506,-231.0000,-189.2994));
#99=VERTEX_POINT('',#98);
#97=EDGE_CURVE('',#81,#99,*,.T.);
#100=ORIENTED_EDGE('',*,*,#97,.T.);
#102=CARTESIAN_POINT('',(532.4506,231.0000,-189.2994));
#103=VERTEX_POINT('',#102);
#101=EDGE_CURVE('',#99,#103,*,.T.);
#104=ORIENTED_EDGE('',*,*,#101,.T.);
#105=EDGE_CURVE('',#103,#85,*,.T.);
#106=ORIENTED_EDGE('',*,*,#105,.T.);
#107=EDGE_LOOP('',(#96,#100,#104,#106));
#108=FACE_OUTER_BOUND('',#107,.T.);
#109=DIRECTION('',(0.659349,0.000000,0.751837));
#110=DIRECTION('',(0.000000,-1.000000,0.000000));
#111=AXIS2_PLACEMENT_3D('',#84,#109,#110);
#112=PLANE('',#111);
#113=ADVANCED_FACE('',(#108),#112,.T.);
#114=ORIENTED_EDGE('',*,*,#101,.T.);
#116=CARTESIAN_POINT('',(535.1890,-231.0000,-192.4218));
#117=VERTEX_POINT('',#116);
#115=EDGE_CURVE('',#99,#117,*,.T.);
#118=ORIENTED_EDGE('',*,*,#115,.T.);
#120=CARTESIAN_POINT('',(535.1890,231.0000,-192.4218));
#121=VERTEX_POINT('',#120);
#119=EDGE_CURVE('',#117,#121,*,.T.);
#122=ORIENTED_EDGE('',*,*,#119,.T.);
#123=EDGE_CURVE('',#121,#103,*,.T.);
#124=ORIENTED_EDGE('',*,*,#123,.T.);
#125=EDGE_LOOP('',(#114,#118,#122,#124));
#126=FACE_OUTER_BOUND('',#125,.T.);
#127=DIRECTION('',(0.751838,0.000000,0.659347));
#128=DIRECTION('',(0.000000,-1.000000,0.000000));
#129=AXIS2_PLACEMENT_3D('',#102,#127,#128);
#130=PLANE('',#129);
#131=ADVANCED_FACE('',(#126),#130,.T.);
#132=ORIENTED_EDGE('',*,*,#119,.T.);
#134=CARTESIAN_POINT('',(537.4963,-231.0000,-195.8750));
#135=VERTEX_POINT('',#134);
#133=EDGE_CURVE('',#117,#135,*,.T.);
#136=ORIENTED_EDGE('',*,*,#133,.T.);
#138=CARTESIAN_POINT('',(537.4963,231.0000,-195.8750));
#139=VERTEX_POINT('',#138);
#137=EDGE_CURVE('',#135,#139,*,.T.);
#140=ORIENTED_EDGE('',*,*,#137,.T.);
#141=EDGE_CURVE('',#139,#121,*,.T.);
#142=ORIENTED_EDGE('',*,*,#141,.T.);
#143=EDGE_LOOP('',(#132,#136,#140,#142));
#144=FACE_OUTER_BOUND('',#143,.T.);
#145=DIRECTION('',(0.831465,0.000000,0.555577));
#146=DIRECTION('',(0.000000,-1.000000,0.000000));
#147=AXIS2_PLACEMENT_3D('',#120,#145,#146);
#148=PLANE('',#147);
#149=ADVANCED_FACE('',(#144),#148,.T.);
#150=ORIENTED_EDGE('',*,*,#137,.T.);
#152=CARTESIAN_POINT('',(539.3332,-231.0000,-199.5998));
#153=VERTEX_POINT('',#152);
#151=EDGE_CURVE('',#135,#153,*,.T.);
#154=ORIENTED_EDGE('',*,*,#151,.T.);
#156=CARTESIAN_POINT('',(539.3332,231.0000,-199.5998));
#157=VERTEX_POINT('',#156);
#155=EDGE_CURVE('',#153,#157,*,.T.);
#158=ORIENTED_EDGE('',*,*,#155,.T.);
#159=EDGE_CURVE('',#157,#139,*,.T.);
#160=ORIENTED_EDGE('',*,*,#159,.T.);
#161=EDGE_LOOP('',(#150,#154,#158,#160));
#162=FACE_OUTER_BOUND('',#161,.T.);
#163=DIRECTION('',(0.896875,0.000000,0.442285));
#164=DIRECTION('',(0.000000,-1.000000,0.000000));
#165=AXIS2_PLACEMENT_3D('',#138,#163,#164);
#166=PLANE('',#165);
#167=ADVANCED_FACE('',(#162),#166,.T.);
#168=ORIENTED_EDGE('',*,*,#155,.T.);
#170=CARTESIAN_POINT('',(540.6682,-231.0000,-203.5325));
#171=VERTEX_POINT('',#170);
#169=EDGE_CURVE('',#153,#171,*,.T.);
#172=ORIENTED_EDGE('',*,*,#169,.T.);
#174=CARTESIAN_POINT('',(540.6682,231.0000,-203.5325));
#175=VERTEX_POINT('',#174);
#173=EDGE_CURVE('',#171,#175,*,.T.);
#176=ORIENTED_EDGE('',*,*,#173,.T.);
#177=EDGE_CURVE('',#175,#157,*,.T.);
#178=ORIENTED_EDGE('',*,*,#177,.T.);
#179=EDGE_LOOP('',(#168,#172,#176,#178));
#180=FACE_OUTER_BOUND('',#179,.T.);
#181=DIRECTION('',(0.946931,0.000000,0.321438));
#182=DIRECTION('',(0.000000,-1.000000,0.000000));
#183=AXIS2_PLACEMENT_3D('',#156,#181,#182);
#184=PLANE('',#183);
#185=ADVANCED_FACE('',(#180),#184,.T.);
#186=ORIENTED_EDGE('',*,*,#173,.T.);
#188=CARTESIAN_POINT('',(541.4784,-231.0000,-207.6058));
#189=VERTEX_POINT('',#188);
#187=EDGE_CURVE('',#171,#189,*,.T.);
#190=ORIENTED_EDGE('',*,*,#187,.T.);
#192=CARTESIAN_POINT('',(541.4784,231.0000,-207.6058));
#193=VERTEX_POINT('',#192);
#191=EDGE_CURVE('',#189,#193,*,.T.);
#194=ORIENTED_EDGE('',*,*,#191,.T.);
#195=EDGE_CURVE('',#193,#175,*,.T.);
#196=ORIENTED_EDGE('',*,*,#195,.T.);
#197=EDGE_LOOP('',(#186,#190,#194,#196));
#198=FACE_OUTER_BOUND('',#197,.T.);
#199=DIRECTION('',(0.980785,0.000000,0.195094));
#200=DIRECTION('',(0.000000,-1.000000,0.000000));
#201=AXIS2_PLACEMENT_3D('',#174,#199,#200);
#202=PLANE('',#201);
#203=ADVANCED_FACE('',(#198),#202,.T.);
#204=ORIENTED_EDGE('',*,*,#191,.T.);
#206=CARTESIAN_POINT('',(541.7500,-231.0000,-211.7500));
#207=VERTEX_POINT('',#206);
#205=EDGE_CURVE('',#189,#207,*,.T.);
#208=ORIENTED_EDGE('',*,*,#205,.T.);
#210=CARTESIAN_POINT('',(541.7500,231.0000,-211.7500));
#211=VERTEX_POINT('',#210);
#209=EDGE_CURVE('',#207,#211,*,.T.);
#212=ORIENTED_EDGE('',*,*,#209,.T.);
#213=EDGE_CURVE('',#211,#193,*,.T.);
#214=ORIENTED_EDGE('',*,*,#213,.T.);
#215=EDGE_LOOP('',(#204,#208,#212,#214));
#216=FACE_OUTER_BOUND('',#215,.T.);
#217=DIRECTION('',(0.997859,0.000000,0.065398));
#218=DIRECTION('',(0.000000,-1.000000,0.000000));
#219=AXIS2_PLACEMENT_3D('',#192,#217,#218);
#220=PLANE('',#219);
#221=ADVANCED_FACE('',(#216),#220,.T.);
#222=ORIENTED_EDGE('',*,*,#209,.T.);
#224=CARTESIAN_POINT('',(541.4784,-231.0000,-215.8942));
#225=VERTEX_POINT('',#224);
#223=EDGE_CURVE('',#207,#225,*,.T.);
#226=ORIENTED_EDGE('',*,*,#223,.T.);
#228=CARTESIAN_POINT('',(541.4784,231.0000,-215.8942));
#229=VERTEX_POINT('',#228);
#227=EDGE_CURVE('',#225,#229,*,.T.);
#230=ORIENTED_EDGE('',*,*,#227,.T.);
#231=EDGE_CURVE('',#229,#211,*,.T.);
#232=ORIENTED_EDGE('',*,*,#231,.T.);
#233=EDGE_LOOP('',(#222,#226,#230,#232));
#234=FACE_OUTER_BOUND('',#233,.T.);
#235=DIRECTION('',(0.997859,0.000000,-0.065398));
#236=DIRECTION('',(0.000000,-1.000000,0.000000));
#237=AXIS2_PLACEMENT_3D('',#210,#235,#236);
#238=PLANE('',#237);
#239=ADVANCED_FACE('',(#234),#238,.T.);
#240=ORIENTED_EDGE('',*,*,#227,.T.);
#242=CARTESIAN_POINT('',(540.6682,-231.0000,-219.9675));
#243=VERTEX_POINT('',#242);
#241=EDGE_CURVE('',#225,#243,*,.T.);
#244=ORIENTED_EDGE('',*,*,#241,.T.);
#246=CARTESIAN_POINT('',(540.6682,231.0000,-219.9675));
#247=VERTEX_POINT('',#246);
#245=EDGE_CURVE('',#243,#247,*,.T.);
#248=ORIENTED_EDGE('',*,*,#245,.T.);
#249=EDGE_CURVE('',#247,#229,*,.T.);
#250=ORIENTED_EDGE('',*,*,#249,.T.);
#251=EDGE_LOOP('',(#240,#244,#248,#250));
#252=FACE_OUTER_BOUND('',#251,.T.);
#253=DIRECTION('',(0.980785,0.000000,-0.195094));
#254=DIRECTION('',(0.000000,-1.000000,0.000000));
#255=AXIS2_PLACEMENT_3D('',#228,#253,#254);
#256=PLANE('',#255);
#257=ADVANCED_FACE('',(#252),#256,.T.);
#258=ORIENTED_EDGE('',*,*,#245,.T.);
#260=CARTESIAN_POINT('',(539.3332,-231.0000,-223.9002));
#261=VERTEX_POINT('',#260);
#259=EDGE_CURVE('',#243,#261,*,.T.);
#262=ORIENTED_EDGE('',*,*,#259,.T.);
#264=CARTESIAN_POINT('',(539.3332,231.0000,-223.9002));
#265=VERTEX_POINT('',#264);
#263=EDGE_CURVE('',#261,#265,*,.T.);
#266=ORIENTED_EDGE('',*,*,#263,.T.);
#267=EDGE_CURVE('',#265,#247,*,.T.);
#268=ORIENTED_EDGE('',*,*,#267,.T.);
#269=EDGE_LOOP('',(#258,#262,#266,#268));
#270=FACE_OUTER_BOUND('',#269,.T.);
#271=DIRECTION('',(0.946931,0.000000,-0.321438));
#272=DIRECTION('',(0.000000,-1.000000,0.000000));
#273=AXIS2_PLACEMENT_3D('',#246,#271,#272);
#274=PLANE('',#273);
#275=ADVANCED_FACE('',(#270),#274,.T.);
#276=ORIENTED_EDGE('',*,*,#263,.T.);
#278=CARTESIAN_POINT('',(537.4963,-231.0000,-227.6250));
#279=VERTEX_POINT('',#278);
#277=EDGE_CURVE('',#261,#279,*,.T.);
#280=ORIENTED_EDGE('',*,*,#277,.T.);
#282=CARTESIAN_POINT('',(537.4963,231.0000,-227.6250));
#283=VERTEX_POINT('',#282);
#281=EDGE_CURVE('',#279,#283,*,.T.);
#284=ORIENTED_EDGE('',*,*,#281,.T.);
#285=EDGE_CURVE('',#283,#265,*,.T.);
#286=ORIENTED_EDGE('',*,*,#285,.T.);
#287=EDGE_LOOP('',(#276,#280,#284,#286));
#288=FACE_OUTER_BOUND('',#287,.T.);
#289=DIRECTION('',(0.896875,0.000000,-0.442285));
#290=DIRECTION('',(0.000000,-1.000000,0.000000));
#291=AXIS2_PLACEMENT_3D('',#264,#289,#290);
#292=PLANE('',#291);
#293=ADVANCED_FACE('',(#288),#292,.T.);
#294=ORIENTED_EDGE('',*,*,#281,.T.);
#296=CARTESIAN_POINT('',(535.1890,-231.0000,-231.0782));
#297=VERTEX_POINT('',#296);
#295=EDGE_CURVE('',#279,#297,*,.T.);
#298=ORIENTED_EDGE('',*,*,#295,.T.);
#300=CARTESIAN_POINT('',(535.1890,231.0000,-231.0782));
#301=VERTEX_POINT('',#300);
#299=EDGE_CURVE('',#297,#301,*,.T.);
#302=ORIENTED_EDGE('',*,*,#299,.T.);
#303=EDGE_CURVE('',#301,#283,*,.T.);
#304=ORIENTED_EDGE('',*,*,#303,.T.);
#305=EDGE_LOOP('',(#294,#298,#302,#304));
#306=FACE_OUTER_BOUND('',#305,.T.);
#307=DIRECTION('',(0.831465,0.000000,-0.555577));
#308=DIRECTION('',(0.000000,-1.000000,0.000000));
#309=AXIS2_PLACEMENT_3D('',#282,#307,#308);
#310=PLANE('',#309);
#311=ADVANCED_FACE('',(#306),#310,.T.);
#312=ORIENTED_EDGE('',*,*,#299,.T.);
#314=CARTESIAN_POINT('',(532.4506,-231.0000,-234.2006));
#315=VERTEX_POINT('',#314);
#313=EDGE_CURVE('',#297,#315,*,.T.);
#316=ORIENTED_EDGE('',*,*,#313,.T.);
#318=CARTESIAN_POINT('',(532.4506,231.0000,-234.2006));
#319=VERTEX_POINT('',#318);
#317=EDGE_CURVE('',#315,#319,*,.T.);
#320=ORIENTED_EDGE('',*,*,#317,.T.);
#321=EDGE_CURVE('',#319,#301,*,.T.);
#322=ORIENTED_EDGE('',*,*,#321,.T.);
#323=EDGE_LOOP('',(#312,#316,#320,#322));
#324=FACE_OUTER_BOUND('',#323,.T.);
#325=DIRECTION('',(0.751838,0.000000,-0.659347));
#326=DIRECTION('',(0.000000,-1.000000,0.000000));
#327=AXIS2_PLACEMENT_3D('',#300,#325,#326);
#328=PLANE('',#327);
#329=ADVANCED_FACE('',(#324),#328,.T.);
#330=ORIENTED_EDGE('',*,*,#317,.T.);
#332=CARTESIAN_POINT('',(529.3282,-231.0000,-236.9390));
#333=VERTEX_POINT('',#332);
#331=EDGE_CURVE('',#315,#333,*,.T.);
#334=ORIENTED_EDGE('',*,*,#331,.T.);
#336=CARTESIAN_POINT('',(529.3282,231.0000,-236.9390));
#337=VERTEX_POINT('',#336);
#335=EDGE_CURVE('',#333,#337,*,.T.);
#338=ORIENTED_EDGE('',*,*,#335,.T.);
#339=EDGE_CURVE('',#337,#319,*,.T.);
#340=ORIENTED_EDGE('',*,*,#339,.T.);
#341=EDGE_LOOP('',(#330,#334,#338,#340));
#342=FACE_OUTER_BOUND('',#341,.T.);
#343=DIRECTION('',(0.659349,0.000000,-0.751837));
#344=DIRECTION('',(0.000000,-1.000000,0.000000));
#345=AXIS2_PLACEMENT_3D('',#318,#343,#344);
#346=PLANE('',#345);
#347=ADVANCED_FACE('',(#342),#346,.T.);
#348=ORIENTED_EDGE('',*,*,#335,.T.);
#350=CARTESIAN_POINT('',(525.8750,-231.0000,-239.2463));
#351=VERTEX_POINT('',#350);
#349=EDGE_CURVE('',#333,#351,*,.T.);
#352=ORIENTED_EDGE('',*,*,#349,.T.);
#354=CARTESIAN_POINT('',(525.8750,231.0000,-239.2463));
#355=VERTEX_POINT('',#354);
#353=EDGE_CURVE('',#351,#355,*,.T.);
#356=ORIENTED_EDGE('',*,*,#353,.T.);
#357=EDGE_CURVE('',#355,#337,*,.T.);
#358=ORIENTED_EDGE('',*,*,#357,.T.);
#359=EDGE_LOOP('',(#348,#352,#356,#358));
#360=FACE_OUTER_BOUND('',#359,.T.);
#361=DIRECTION('',(0.555570,0.000000,-0.831470));
#362=DIRECTION('',(0.000000,-1.000000,0.000000));
#363=AXIS2_PLACEMENT_3D('',#336,#361,#362);
#364=PLANE('',#363);
#365=ADVANCED_FACE('',(#360),#364,.T.);
#366=ORIENTED_EDGE('',*,*,#353,.T.);
#368=CARTESIAN_POINT('',(522.1502,-231.0000,-241.0832));
#369=VERTEX_POINT('',#368);
#367=EDGE_CURVE('',#351,#369,*,.T.);
#370=ORIENTED_EDGE('',*,*,#367,.T.);
#372=CARTESIAN_POINT('',(522.1502,231.0000,-241.0832));
#373=VERTEX_POINT('',#372);
#371=EDGE_CURVE('',#369,#373,*,.T.);
#374=ORIENTED_EDGE('',*,*,#371,.T.);
#375=EDGE_CURVE('',#373,#355,*,.T.);
#376=ORIENTED_EDGE('',*,*,#375,.T.);
#377=EDGE_LOOP('',(#366,#370,#374,#376));
#378=FACE_OUTER_BOUND('',#377,.T.);
#379=DIRECTION('',(0.442289,0.000000,-0.896872));
#380=DIRECTION('',(0.000000,-1.000000,0.000000));
#381=AXIS2_PLACEMENT_3D('',#354,#379,#380);
#382=PLANE('',#381);
#383=ADVANCED_FACE('',(#378),#382,.T.);
#384=ORIENTED_EDGE('',*,*,#371,.T.);
#386=CARTESIAN_POINT('',(518.2175,-231.0000,-242.4182));
#387=VERTEX_POINT('',#386);
#385=EDGE_CURVE('',#369,#387,*,.T.);
#388=ORIENTED_EDGE('',*,*,#385,.T.);
#390=CARTESIAN_POINT('',(518.2175,231.0000,-242.4182));
#391=VERTEX_POINT('',#390);
#389=EDGE_CURVE('',#387,#391,*,.T.);
#392=ORIENTED_EDGE('',*,*,#389,.T.);
#393=EDGE_CURVE('',#391,#373,*,.T.);
#394=ORIENTED_EDGE('',*,*,#393,.T.);
#395=EDGE_LOOP('',(#384,#388,#392,#394));
#396=FACE_OUTER_BOUND('',#395,.T.);
#397=DIRECTION('',(0.321442,0.000000,-0.946929));
#398=DIRECTION('',(0.000000,-1.000000,0.000000));
#399=AXIS2_PLACEMENT_3D('',#372,#397,#398);
#400=PLANE('',#399);
#401=ADVANCED_FACE('',(#396),#400,.T.);
#402=ORIENTED_EDGE('',*,*,#389,.T.);
#404=CARTESIAN_POINT('',(514.1442,-231.0000,-243.2284));
#405=VERTEX_POINT('',#404);
#403=EDGE_CURVE('',#387,#405,*,.T.);
#406=ORIENTED_EDGE('',*,*,#403,.T.);
#408=CARTESIAN_POINT('',(514.1442,231.0000,-243.2284));
#409=VERTEX_POINT('',#408);
#407=EDGE_CURVE('',#405,#409,*,.T.);
#410=ORIENTED_EDGE('',*,*,#407,.T.);
#411=EDGE_CURVE('',#409,#391,*,.T.);
#412=ORIENTED_EDGE('',*,*,#411,.T.);
#413=EDGE_LOOP('',(#402,#406,#410,#412));
#414=FACE_OUTER_BOUND('',#413,.T.);
#415=DIRECTION('',(0.195089,0.000000,-0.980785));
#416=DIRECTION('',(0.000000,-1.000000,0.000000));
#417=AXIS2_PLACEMENT_3D('',#390,#415,#416);
#418=PLANE('',#417);
#419=ADVANCED_FACE('',(#414),#418,.T.);
#420=ORIENTED_EDGE('',*,*,#407,.T.);
#422=CARTESIAN_POINT('',(510.0000,-231.0000,-243.5000));
#423=VERTEX_POINT('',#422);
#421=EDGE_CURVE('',#405,#423,*,.T.);
#424=ORIENTED_EDGE('',*,*,#421,.T.);
#426=CARTESIAN_POINT('',(510.0000,231.0000,-243.5000));
#427=VERTEX_POINT('',#426);
#425=EDGE_CURVE('',#423,#427,*,.T.);
#428=ORIENTED_EDGE('',*,*,#425,.T.);
#429=EDGE_CURVE('',#427,#409,*,.T.);
#430=ORIENTED_EDGE('',*,*,#429,.T.);
#431=EDGE_LOOP('',(#420,#424,#428,#430));
#432=FACE_OUTER_BOUND('',#431,.T.);
#433=DIRECTION('',(0.065402,0.000000,-0.997859));
#434=DIRECTION('',(0.000000,-1.000000,0.000000));
#435=AXIS2_PLACEMENT_3D('',#408,#433,#434);
#436=PLANE('',#435);
#437=ADVANCED_FACE('',(#432),#436,.T.);
#438=ORIENTED_EDGE('',*,*,#425,.T.);
#440=CARTESIAN_POINT('',(505.8558,-231.0000,-243.2284));
#441=VERTEX_POINT('',#440);
#439=EDGE_CURVE('',#423,#441,*,.T.);
#442=ORIENTED_EDGE('',*,*,#439,.T.);
#444=CARTESIAN_POINT('',(505.8558,231.0000,-243.2284));
#445=VERTEX_POINT('',#444);
#443=EDGE_CURVE('',#441,#445,*,.T.);
#446=ORIENTED_EDGE('',*,*,#443,.T.);
#447=EDGE_CURVE('',#445,#427,*,.T.);
#448=ORIENTED_EDGE('',*,*,#447,.T.);
#449=EDGE_LOOP('',(#438,#442,#446,#448));
#450=FACE_OUTER_BOUND('',#449,.T.);
#451=DIRECTION('',(-0.065402,0.000000,-0.997859));
#452=DIRECTION('',(0.000000,-1.000000,0.000000));
#453=AXIS2_PLACEMENT_3D('',#426,#451,#452);
#454=PLANE('',#453);
#455=ADVANCED_FACE('',(#450),#454,.T.);
#456=ORIENTED_EDGE('',*,*,#443,.T.);
#458=CARTESIAN_POINT('',(501.7825,-231.0000,-242.4182));
#459=VERTEX_POINT('',#458);
#457=EDGE_CURVE('',#441,#459,*,.T.);
#460=ORIENTED_EDGE('',*,*,#457,.T.);
#462=CARTESIAN_POINT('',(501.7825,231.0000,-242.4182));
#463=VERTEX_POINT('',#462);
#461=EDGE_CURVE('',#459,#463,*,.T.);
#464=ORIENTED_EDGE('',*,*,#461,.T.);
#465=EDGE_CURVE('',#463,#445,*,.T.);
#466=ORIENTED_EDGE('',*,*,#465,.T.);
#467=EDGE_LOOP('',(#456,#460,#464,#466));
#468=FACE_OUTER_BOUND('',#467,.T.);
#469=DIRECTION('',(-0.195089,0.000000,-0.980785));
#470=DIRECTION('',(0.000000,-1.000000,0.000000));
#471=AXIS2_PLACEMENT_3D('',#444,#469,#470);
#472=PLANE('',#471);
#473=ADVANCED_FACE('',(#468),#472,.T.);
#474=ORIENTED_EDGE('',*,*,#461,.T.);
#476=CARTESIAN_POINT('',(497.8498,-231.0000,-241.0832));
#477=VERTEX_POINT('',#476);
#475=EDGE_CURVE('',#459,#477,*,.T.);
#478=ORIENTED_EDGE('',*,*,#475,.T.);
#480=CARTESIAN_POINT('',(497.8498,231.0000,-241.0832));
#481=VERTEX_POINT('',#480);
#479=EDGE_CURVE('',#477,#481,*,.T.);
#482=ORIENTED_EDGE('',*,*,#479,.T.);
#483=EDGE_CURVE('',#481,#463,*,.T.);
#484=ORIENTED_EDGE('',*,*,#483,.T.);
#485=EDGE_LOOP('',(#474,#478,#482,#484));
#486=FACE_OUTER_BOUND('',#485,.T.);
#487=DIRECTION('',(-0.321440,0.000000,-0.946930));
#488=DIRECTION('',(0.000000,-1.000000,0.000000));
#489=AXIS2_PLACEMENT_3D('',#462,#487,#488);
#490=PLANE('',#489);
#491=ADVANCED_FACE('',(#486),#490,.T.);
#492=ORIENTED_EDGE('',*,*,#479,.T.);
#494=CARTESIAN_POINT('',(494.1250,-231.0000,-239.2463));
#495=VERTEX_POINT('',#494);
#493=EDGE_CURVE('',#477,#495,*,.T.);
#496=ORIENTED_EDGE('',*,*,#493,.T.);
#498=CARTESIAN_POINT('',(494.1250,231.0000,-239.2463));
#499=VERTEX_POINT('',#498);
#497=EDGE_CURVE('',#495,#499,*,.T.);
#500=ORIENTED_EDGE('',*,*,#497,.T.);
#501=EDGE_CURVE('',#499,#481,*,.T.);
#502=ORIENTED_EDGE('',*,*,#501,.T.);
#503=EDGE_LOOP('',(#492,#496,#500,#502));
#504=FACE_OUTER_BOUND('',#503,.T.);
#505=DIRECTION('',(-0.442289,0.000000,-0.896872));
#506=DIRECTION('',(0.000000,-1.000000,0.000000));
#507=AXIS2_PLACEMENT_3D('',#480,#505,#506);
#508=PLANE('',#507);
#509=ADVANCED_FACE('',(#504),#508,.T.);
#510=ORIENTED_EDGE('',*,*,#497,.T.);
#512=CARTESIAN_POINT('',(490.6718,-231.0000,-236.9390));
#513=VERTEX_POINT('',#512);
#511=EDGE_CURVE('',#495,#513,*,.T.);
#514=ORIENTED_EDGE('',*,*,#511,.T.);
#516=CARTESIAN_POINT('',(490.6718,231.0000,-236.9390));
#517=VERTEX_POINT('',#516);
#515=EDGE_CURVE('',#513,#517,*,.T.);
#518=ORIENTED_EDGE('',*,*,#515,.T.);
#519=EDGE_CURVE('',#517,#499,*,.T.);
#520=ORIENTED_EDGE('',*,*,#519,.T.);
#521=EDGE_LOOP('',(#510,#514,#518,#520));
#522=FACE_OUTER_BOUND('',#521,.T.);
#523=DIRECTION('',(-0.555570,0.000000,-0.831470));
#524=DIRECTION('',(0.000000,-1.000000,0.000000));
#525=AXIS2_PLACEMENT_3D('',#498,#523,#524);
#526=PLANE('',#525);
#527=ADVANCED_FACE('',(#522),#526,.T.);
#528=ORIENTED_EDGE('',*,*,#515,.T.);
#530=CARTESIAN_POINT('',(487.5493,-231.0000,-234.2006));
#531=VERTEX_POINT('',#530);
#529=EDGE_CURVE('',#513,#531,*,.T.);
#532=ORIENTED_EDGE('',*,*,#529,.T.);
#534=CARTESIAN_POINT('',(487.5493,231.0000,-234.2006));
#535=VERTEX_POINT('',#534);
#533=EDGE_CURVE('',#531,#535,*,.T.);
#536=ORIENTED_EDGE('',*,*,#533,.T.);
#537=EDGE_CURVE('',#535,#517,*,.T.);
#538=ORIENTED_EDGE('',*,*,#537,.T.);
#539=EDGE_LOOP('',(#528,#532,#536,#538));
#540=FACE_OUTER_BOUND('',#539,.T.);
#541=DIRECTION('',(-0.659345,0.000000,-0.751840));
#542=DIRECTION('',(0.000000,-1.000000,0.000000));
#543=AXIS2_PLACEMENT_3D('',#516,#541,#542);
#544=PLANE('',#543);
#545=ADVANCED_FACE('',(#540),#544,.T.);
#546=ORIENTED_EDGE('',*,*,#533,.T.);
#548=CARTESIAN_POINT('',(484.8110,-231.0000,-231.0782));
#549=VERTEX_POINT('',#548);
#547=EDGE_CURVE('',#531,#549,*,.T.);
#550=ORIENTED_EDGE('',*,*,#547,.T.);
#552=CARTESIAN_POINT('',(484.8110,231.0000,-231.0782));
#553=VERTEX_POINT('',#552);
#551=EDGE_CURVE('',#549,#553,*,.T.);
#554=ORIENTED_EDGE('',*,*,#551,.T.);
#555=EDGE_CURVE('',#553,#535,*,.T.);
#556=ORIENTED_EDGE('',*,*,#555,.T.);
#557=EDGE_LOOP('',(#546,#550,#554,#556));
#558=FACE_OUTER_BOUND('',#557,.T.);
#559=DIRECTION('',(-0.751842,0.000000,-0.659343));
#560=DIRECTION('',(0.000000,-1.000000,0.000000));
#561=AXIS2_PLACEMENT_3D('',#534,#559,#560);
#562=PLANE('',#561);
#563=ADVANCED_FACE('',(#558),#562,.T.);
#564=ORIENTED_EDGE('',*,*,#551,.T.);
#566=CARTESIAN_POINT('',(482.5037,-231.0000,-227.6250));
#567=VERTEX_POINT('',#566);
#565=EDGE_CURVE('',#549,#567,*,.T.);
#568=ORIENTED_EDGE('',*,*,#565,.T.);
#570=CARTESIAN_POINT('',(482.5037,231.0000,-227.6250));
#571=VERTEX_POINT('',#570);
#569=EDGE_CURVE('',#567,#571,*,.T.);
#572=ORIENTED_EDGE('',*,*,#569,.T.);
#573=EDGE_CURVE('',#571,#553,*,.T.);
#574=ORIENTED_EDGE('',*,*,#573,.T.);
#575=EDGE_LOOP('',(#564,#568,#572,#574));
#576=FACE_OUTER_BOUND('',#575,.T.);
#577=DIRECTION('',(-0.831469,0.000000,-0.555571));
#578=DIRECTION('',(0.000000,-1.000000,0.000000));
#579=AXIS2_PLACEMENT_3D('',#552,#577,#578);
#580=PLANE('',#579);
#581=ADVANCED_FACE('',(#576),#580,.T.);
#582=ORIENTED_EDGE('',*,*,#569,.T.);
#584=CARTESIAN_POINT('',(480.6668,-231.0000,-223.9002));
#585=VERTEX_POINT('',#584);
#583=EDGE_CURVE('',#567,#585,*,.T.);
#586=ORIENTED_EDGE('',*,*,#583,.T.);
#588=CARTESIAN_POINT('',(480.6668,231.0000,-223.9002));
#589=VERTEX_POINT('',#588);
#587=EDGE_CURVE('',#585,#589,*,.T.);
#590=ORIENTED_EDGE('',*,*,#587,.T.);
#591=EDGE_CURVE('',#589,#571,*,.T.);
#592=ORIENTED_EDGE('',*,*,#591,.T.);
#593=EDGE_LOOP('',(#582,#586,#590,#592));
#594=FACE_OUTER_BOUND('',#593,.T.);
#595=DIRECTION('',(-0.896872,0.000000,-0.442291));
#596=DIRECTION('',(0.000000,-1.000000,0.000000));
#597=AXIS2_PLACEMENT_3D('',#570,#595,#596);
#598=PLANE('',#597);
#599=ADVANCED_FACE('',(#594),#598,.T.);
#600=ORIENTED_EDGE('',*,*,#587,.T.);
#602=CARTESIAN_POINT('',(479.3318,-231.0000,-219.9675));
#603=VERTEX_POINT('',#602);
#601=EDGE_CURVE('',#585,#603,*,.T.);
#604=ORIENTED_EDGE('',*,*,#601,.T.);
#606=CARTESIAN_POINT('',(479.3318,231.0000,-219.9675));
#607=VERTEX_POINT('',#606);
#605=EDGE_CURVE('',#603,#607,*,.T.);
#608=ORIENTED_EDGE('',*,*,#605,.T.);
#609=EDGE_CURVE('',#607,#589,*,.T.);
#610=ORIENTED_EDGE('',*,*,#609,.T.);
#611=EDGE_LOOP('',(#600,#604,#608,#610));
#612=FACE_OUTER_BOUND('',#611,.T.);
#613=DIRECTION('',(-0.946931,0.000000,-0.321438));
#614=DIRECTION('',(0.000000,-1.000000,0.000000));
#615=AXIS2_PLACEMENT_3D('',#588,#613,#614);
#616=PLANE('',#615);
#617=ADVANCED_FACE('',(#612),#616,.T.);
#618=ORIENTED_EDGE('',*,*,#605,.T.);
#620=CARTESIAN_POINT('',(478.5216,-231.0000,-215.8942));
#621=VERTEX_POINT('',#620);
#619=EDGE_CURVE('',#603,#621,*,.T.);
#622=ORIENTED_EDGE('',*,*,#619,.T.);
#624=CARTESIAN_POINT('',(478.5216,231.0000,-215.8942));
#625=VERTEX_POINT('',#624);
#623=EDGE_CURVE('',#621,#625,*,.T.);
#626=ORIENTED_EDGE('',*,*,#623,.T.);
#627=EDGE_CURVE('',#625,#607,*,.T.);
#628=ORIENTED_EDGE('',*,*,#627,.T.);
#629=EDGE_LOOP('',(#618,#622,#626,#628));
#630=FACE_OUTER_BOUND('',#629,.T.);
#631=DIRECTION('',(-0.980786,0.000000,-0.195087));
#632=DIRECTION('',(0.000000,-1.000000,0.000000));
#633=AXIS2_PLACEMENT_3D('',#606,#631,#632);
#634=PLANE('',#633);
#635=ADVANCED_FACE('',(#630),#634,.T.);
#636=ORIENTED_EDGE('',*,*,#623,.T.);
#638=CARTESIAN_POINT('',(478.2500,-231.0000,-211.7500));
#639=VERTEX_POINT('',#638);
#637=EDGE_CURVE('',#621,#639,*,.T.);
#640=ORIENTED_EDGE('',*,*,#637,.T.);
#642=CARTESIAN_POINT('',(478.2500,231.0000,-211.7500));
#643=VERTEX_POINT('',#642);
#641=EDGE_CURVE('',#639,#643,*,.T.);
#644=ORIENTED_EDGE('',*,*,#641,.T.);
#645=EDGE_CURVE('',#643,#625,*,.T.);
#646=ORIENTED_EDGE('',*,*,#645,.T.);
#647=EDGE_LOOP('',(#636,#640,#644,#646));
#648=FACE_OUTER_BOUND('',#647,.T.);
#649=DIRECTION('',(-0.997859,0.000000,-0.065406));
#650=DIRECTION('',(0.000000,-1.000000,0.000000));
#651=AXIS2_PLACEMENT_3D('',#624,#649,#650);
#652=PLANE('',#651);
#653=ADVANCED_FACE('',(#648),#652,.T.);
#654=ORIENTED_EDGE('',*,*,#641,.T.);
#656=CARTESIAN_POINT('',(478.5216,-231.0000,-207.6058));
#657=VERTEX_POINT('',#656);
#655=EDGE_CURVE('',#639,#657,*,.T.);
#658=ORIENTED_EDGE('',*,*,#655,.T.);
#660=CARTESIAN_POINT('',(478.5216,231.0000,-207.6058));
#661=VERTEX_POINT('',#660);
#659=EDGE_CURVE('',#657,#661,*,.T.);
#662=ORIENTED_EDGE('',*,*,#659,.T.);
#663=EDGE_CURVE('',#661,#643,*,.T.);
#664=ORIENTED_EDGE('',*,*,#663,.T.);
#665=EDGE_LOOP('',(#654,#658,#662,#664));
#666=FACE_OUTER_BOUND('',#665,.T.);
#667=DIRECTION('',(-0.997859,0.000000,0.065406));
#668=DIRECTION('',(0.000000,-1.000000,0.000000));
#669=AXIS2_PLACEMENT_3D('',#642,#667,#668);
#670=PLANE('',#669);
#671=ADVANCED_FACE('',(#666),#670,.T.);
#672=ORIENTED_EDGE('',*,*,#659,.T.);
#674=CARTESIAN_POINT('',(479.3318,-231.0000,-203.5325));
#675=VERTEX_POINT('',#674);
#673=EDGE_CURVE('',#657,#675,*,.T.);
#676=ORIENTED_EDGE('',*,*,#673,.T.);
#678=CARTESIAN_POINT('',(479.3318,231.0000,-203.5325));
#679=VERTEX_POINT('',#678);
#677=EDGE_CURVE('',#675,#679,*,.T.);
#680=ORIENTED_EDGE('',*,*,#677,.T.);
#681=EDGE_CURVE('',#679,#661,*,.T.);
#682=ORIENTED_EDGE('',*,*,#681,.T.);
#683=EDGE_LOOP('',(#672,#676,#680,#682));
#684=FACE_OUTER_BOUND('',#683,.T.);
#685=DIRECTION('',(-0.980786,0.000000,0.195087));
#686=DIRECTION('',(0.000000,-1.000000,0.000000));
#687=AXIS2_PLACEMENT_3D('',#660,#685,#686);
#688=PLANE('',#687);
#689=ADVANCED_FACE('',(#684),#688,.T.);
#690=ORIENTED_EDGE('',*,*,#677,.T.);
#692=CARTESIAN_POINT('',(480.6668,-231.0000,-199.5998));
#693=VERTEX_POINT('',#692);
#691=EDGE_CURVE('',#675,#693,*,.T.);
#694=ORIENTED_EDGE('',*,*,#691,.T.);
#696=CARTESIAN_POINT('',(480.6668,231.0000,-199.5998));
#697=VERTEX_POINT('',#696);
#695=EDGE_CURVE('',#693,#697,*,.T.);
#698=ORIENTED_EDGE('',*,*,#695,.T.);
#699=EDGE_CURVE('',#697,#679,*,.T.);
#700=ORIENTED_EDGE('',*,*,#699,.T.);
#701=EDGE_LOOP('',(#690,#694,#698,#700));
#702=FACE_OUTER_BOUND('',#701,.T.);
#703=DIRECTION('',(-0.946931,0.000000,0.321438));
#704=DIRECTION('',(0.000000,-1.000000,0.000000));
#705=AXIS2_PLACEMENT_3D('',#678,#703,#704);
#706=PLANE('',#705);
#707=ADVANCED_FACE('',(#702),#706,.T.);
#708=ORIENTED_EDGE('',*,*,#695,.T.);
#710=CARTESIAN_POINT('',(482.5037,-231.0000,-195.8750));
#711=VERTEX_POINT('',#710);
#709=EDGE_CURVE('',#693,#711,*,.T.);
#712=ORIENTED_EDGE('',*,*,#709,.T.);
#714=CARTESIAN_POINT('',(482.5037,231.0000,-195.8750));
#715=VERTEX_POINT('',#714);
#713=EDGE_CURVE('',#711,#715,*,.T.);
#716=ORIENTED_EDGE('',*,*,#713,.T.);
#717=EDGE_CURVE('',#715,#697,*,.T.);
#718=ORIENTED_EDGE('',*,*,#717,.T.);
#719=EDGE_LOOP('',(#708,#712,#716,#718));
#720=FACE_OUTER_BOUND('',#719,.T.);
#721=DIRECTION('',(-0.896872,0.000000,0.442291));
#722=DIRECTION('',(0.000000,-1.000000,0.000000));
#723=AXIS2_PLACEMENT_3D('',#696,#721,#722);
#724=PLANE('',#723);
#725=ADVANCED_FACE('',(#720),#724,.T.);
#726=ORIENTED_EDGE('',*,*,#713,.T.);
#728=CARTESIAN_POINT('',(484.8110,-231.0000,-192.4218));
#729=VERTEX_POINT('',#728);
#727=EDGE_CURVE('',#711,#729,*,.T.);
#730=ORIENTED_EDGE('',*,*,#727,.T.);
#732=CARTESIAN_POINT('',(484.8110,231.0000,-192.4218));
#733=VERTEX_POINT('',#732);
#731=EDGE_CURVE('',#729,#733,*,.T.);
#734=ORIENTED_EDGE('',*,*,#731,.T.);
#735=EDGE_CURVE('',#733,#715,*,.T.);
#736=ORIENTED_EDGE('',*,*,#735,.T.);
#737=EDGE_LOOP('',(#726,#730,#734,#736));
#738=FACE_OUTER_BOUND('',#737,.T.);
#739=DIRECTION('',(-0.831469,0.000000,0.555571));
#740=DIRECTION('',(0.000000,-1.000000,0.000000));
#741=AXIS2_PLACEMENT_3D('',#714,#739,#740);
#742=PLANE('',#741);
#743=ADVANCED_FACE('',(#738),#742,.T.);
#744=ORIENTED_EDGE('',*,*,#731,.T.);
#746=CARTESIAN_POINT('',(487.5493,-231.0000,-189.2994));
#747=VERTEX_POINT('',#746);
#745=EDGE_CURVE('',#729,#747,*,.T.);
#748=ORIENTED_EDGE('',*,*,#745,.T.);
#750=CARTESIAN_POINT('',(487.5493,231.0000,-189.2994));
#751=VERTEX_POINT('',#750);
#749=EDGE_CURVE('',#747,#751,*,.T.);
#752=ORIENTED_EDGE('',*,*,#749,.T.);
#753=EDGE_CURVE('',#751,#733,*,.T.);
#754=ORIENTED_EDGE('',*,*,#753,.T.);
#755=EDGE_LOOP('',(#744,#748,#752,#754));
#756=FACE_OUTER_BOUND('',#755,.T.);
#757=DIRECTION('',(-0.751842,0.000000,0.659343));
#758=DIRECTION('',(0.000000,-1.000000,0.000000));
#759=AXIS2_PLACEMENT_3D('',#732,#757,#758);
#760=PLANE('',#759);
#761=ADVANCED_FACE('',(#756),#760,.T.);
#762=ORIENTED_EDGE('',*,*,#749,.T.);
#764=CARTESIAN_POINT('',(490.6718,-231.0000,-186.5610));
#765=VERTEX_POINT('',#764);
#763=EDGE_CURVE('',#747,#765,*,.T.);
#766=ORIENTED_EDGE('',*,*,#763,.T.);
#768=CARTESIAN_POINT('',(490.6718,231.0000,-186.5610));
#769=VERTEX_POINT('',#768);
#767=EDGE_CURVE('',#765,#769,*,.T.);
#770=ORIENTED_EDGE('',*,*,#767,.T.);
#771=EDGE_CURVE('',#769,#751,*,.T.);
#772=ORIENTED_EDGE('',*,*,#771,.T.);
#773=EDGE_LOOP('',(#762,#766,#770,#772));
#774=FACE_OUTER_BOUND('',#773,.T.);
#775=DIRECTION('',(-0.659345,0.000000,0.751840));
#776=DIRECTION('',(0.000000,-1.000000,0.000000));
#777=AXIS2_PLACEMENT_3D('',#750,#775,#776);
#778=PLANE('',#777);
#779=ADVANCED_FACE('',(#774),#778,.T.);
#780=ORIENTED_EDGE('',*,*,#767,.T.);
#782=CARTESIAN_POINT('',(494.1250,-231.0000,-184.2537));
#783=VERTEX_POINT('',#782);
#781=EDGE_CURVE('',#765,#783,*,.T.);
#784=ORIENTED_EDGE('',*,*,#781,.T.);
#786=CARTESIAN_POINT('',(494.1250,231.0000,-184.2537));
#787=VERTEX_POINT('',#786);
#785=EDGE_CURVE('',#783,#787,*,.T.);
#788=ORIENTED_EDGE('',*,*,#785,.T.);
#789=EDGE_CURVE('',#787,#769,*,.T.);
#790=ORIENTED_EDGE('',*,*,#789,.T.);
#791=EDGE_LOOP('',(#780,#784,#788,#790));
#792=FACE_OUTER_BOUND('',#791,.T.);
#793=DIRECTION('',(-0.555570,0.000000,0.831470));
#794=DIRECTION('',(0.000000,-1.000000,0.000000));
#795=AXIS2_PLACEMENT_3D('',#768,#793,#794);
#796=PLANE('',#795);
#797=ADVANCED_FACE('',(#792),#796,.T.);
#798=ORIENTED_EDGE('',*,*,#785,.T.);
#800=CARTESIAN_POINT('',(497.8498,-231.0000,-182.4168));
#801=VERTEX_POINT('',#800);
#799=EDGE_CURVE('',#783,#801,*,.T.);
#802=ORIENTED_EDGE('',*,*,#799,.T.);
#804=CARTESIAN_POINT('',(497.8498,231.0000,-182.4168));
#805=VERTEX_POINT('',#804);
#803=EDGE_CURVE('',#801,#805,*,.T.);
#806=ORIENTED_EDGE('',*,*,#803,.T.);
#807=EDGE_CURVE('',#805,#787,*,.T.);
#808=ORIENTED_EDGE('',*,*,#807,.T.);
#809=EDGE_LOOP('',(#798,#802,#806,#808));
#810=FACE_OUTER_BOUND('',#809,.T.);
#811=DIRECTION('',(-0.442289,0.000000,0.896872));
#812=DIRECTION('',(0.000000,-1.000000,0.000000));
#813=AXIS2_PLACEMENT_3D('',#786,#811,#812);
#814=PLANE('',#813);
#815=ADVANCED_FACE('',(#810),#814,.T.);
#816=ORIENTED_EDGE('',*,*,#803,.T.);
#818=CARTESIAN_POINT('',(501.7825,-231.0000,-181.0818));
#819=VERTEX_POINT('',#818);
#817=EDGE_CURVE('',#801,#819,*,.T.);
#820=ORIENTED_EDGE('',*,*,#817,.T.);
#822=CARTESIAN_POINT('',(501.7825,231.0000,-181.0818));
#823=VERTEX_POINT('',#822);
#821=EDGE_CURVE('',#819,#823,*,.T.);
#824=ORIENTED_EDGE('',*,*,#821,.T.);
#825=EDGE_CURVE('',#823,#805,*,.T.);
#826=ORIENTED_EDGE('',*,*,#825,.T.);
#827=EDGE_LOOP('',(#816,#820,#824,#826));
#828=FACE_OUTER_BOUND('',#827,.T.);
#829=DIRECTION('',(-0.321440,0.000000,0.946930));
#830=DIRECTION('',(0.000000,-1.000000,0.000000));
#831=AXIS2_PLACEMENT_3D('',#804,#829,#830);
#832=PLANE('',#831);
#833=ADVANCED_FACE('',(#828),#832,.T.);
#834=ORIENTED_EDGE('',*,*,#821,.T.);
#836=CARTESIAN_POINT('',(505.8558,-231.0000,-180.2716));
#837=VERTEX_POINT('',#836);
#835=EDGE_CURVE('',#819,#837,*,.T.);
#838=ORIENTED_EDGE('',*,*,#835,.T.);
#840=CARTESIAN_POINT('',(505.8558,231.0000,-180.2716));
#841=VERTEX_POINT('',#840);
#839=EDGE_CURVE('',#837,#841,*,.T.);
#842=ORIENTED_EDGE('',*,*,#839,.T.);
#843=EDGE_CURVE('',#841,#823,*,.T.);
#844=ORIENTED_EDGE('',*,*,#843,.T.);
#845=EDGE_LOOP('',(#834,#838,#842,#844));
#846=FACE_OUTER_BOUND('',#845,.T.);
#847=DIRECTION('',(-0.195089,0.000000,0.980785));
#848=DIRECTION('',(0.000000,-1.000000,0.000000));
#849=AXIS2_PLACEMENT_3D('',#822,#847,#848);
#850=PLANE('',#849);
#851=ADVANCED_FACE('',(#846),#850,.T.);
#852=ORIENTED_EDGE('',*,*,#839,.T.);
#853=EDGE_CURVE('',#837,#5,*,.T.);
#854=ORIENTED_EDGE('',*,*,#853,.T.);
#855=ORIENTED_EDGE('',*,*,#1,.T.);
#856=EDGE_CURVE('',#3,#841,*,.T.);
#857=ORIENTED_EDGE('',*,*,#856,.T.);
#858=EDGE_LOOP('',(#852,#854,#855,#857));
#859=FACE_OUTER_BOUND('',#858,.T.);
#860=DIRECTION('',(-0.065402,0.000000,0.997859));
#861=DIRECTION('',(0.000000,-1.000000,0.000000));
#862=AXIS2_PLACEMENT_3D('',#840,#860,#861);
#863=PLANE('',#862);
#864=ADVANCED_FACE('',(#859),#863,.T.);
#865=ORIENTED_EDGE('',*,*,#15,.T.);
#866=ORIENTED_EDGE('',*,*,#33,.T.);
#867=ORIENTED_EDGE('',*,*,#51,.T.);
#868=ORIENTED_EDGE('',*,*,#69,.T.);
#869=ORIENTED_EDGE('',*,*,#87,.T.);
#870=ORIENTED_EDGE('',*,*,#105,.T.);
#871=ORIENTED_EDGE('',*,*,#123,.T.);
#872=ORIENTED_EDGE('',*,*,#141,.T.);
#873=ORIENTED_EDGE('',*,*,#159,.T.);
#874=ORIENTED_EDGE('',*,*,#177,.T.);
#875=ORIENTED_EDGE('',*,*,#195,.T.);
#876=ORIENTED_EDGE('',*,*,#213,.T.);
#877=ORIENTED_EDGE('',*,*,#231,.T.);
#878=ORIENTED_EDGE('',*,*,#249,.T.);
#879=ORIENTED_EDGE('',*,*,#267,.T.);
#880=ORIENTED_EDGE('',*,*,#285,.T.);
#881=ORIENTED_EDGE('',*,*,#303,.T.);
#882=ORIENTED_EDGE('',*,*,#321,.T.);
#883=ORIENTED_EDGE('',*,*,#339,.T.);
#884=ORIENTED_EDGE('',*,*,#357,.T.);
#885=ORIENTED_EDGE('',*,*,#375,.T.);
#886=ORIENTED_EDGE('',*,*,#393,.T.);
#887=ORIENTED_EDGE('',*,*,#411,.T.);
#888=ORIENTED_EDGE('',*,*,#429,.T.);
#889=ORIENTED_EDGE('',*,*,#447,.T.);
#890=ORIENTED_EDGE('',*,*,#465,.T.);
#891=ORIENTED_EDGE('',*,*,#483,.T.);
#892=ORIENTED_EDGE('',*,*,#501,.T.);
#893=ORIENTED_EDGE('',*,*,#519,.T.);
#894=ORIENTED_EDGE('',*,*,#537,.T.);
#895=ORIENTED_EDGE('',*,*,#555,.T.);
#896=ORIENTED_EDGE('',*,*,#573,.T.);
#897=ORIENTED_EDGE('',*,*,#591,.T.);
#898=ORIENTED_EDGE('',*,*,#609,.T.);
#899=ORIENTED_EDGE('',*,*,#627,.T.);
#900=ORIENTED_EDGE('',*,*,#645,.T.);
#901=ORIENTED_EDGE('',*,*,#663,.T.);
#902=ORIENTED_EDGE('',*,*,#681,.T.);
#903=ORIENTED_EDGE('',*,*,#699,.T.);
#904=ORIENTED_EDGE('',*,*,#717,.T.);
#905=ORIENTED_EDGE('',*,*,#735,.T.);
#906=ORIENTED_EDGE('',*,*,#753,.T.);
#907=ORIENTED_EDGE('',*,*,#771,.T.);
#908=ORIENTED_EDGE('',*,*,#789,.T.);
#909=ORIENTED_EDGE('',*,*,#807,.T.);
#910=ORIENTED_EDGE('',*,*,#825,.T.);
#911=ORIENTED_EDGE('',*,*,#843,.T.);
#912=ORIENTED_EDGE('',*,*,#856,.T.);
#913=EDGE_LOOP('',(#865,#866,#867,#868,#869,#870,#871,#872,#873,#874,#875,#876,#877,#878,#879,#880,#881,#882,#883,#884,#885,#886,#887,#888,#889,#890,#891,#892,#893,#894,#895,#896,#897,#898,#899,#900,#901,#902,#903,#904,#905,#906,#907,#908,#909,#910,#911,#912));
#914=FACE_OUTER_BOUND('',#913,.T.);
#915=DIRECTION('',(0.000000,1.000000,0.000000));
#916=DIRECTION('',(0.997859,0.000000,-0.065402));
#917=AXIS2_PLACEMENT_3D('',#2,#915,#916);
#918=PLANE('',#917);
#919=ADVANCED_FACE('',(#914),#918,.T.);
#920=ORIENTED_EDGE('',*,*,#7,.T.);
#921=ORIENTED_EDGE('',*,*,#853,.T.);
#922=ORIENTED_EDGE('',*,*,#835,.T.);
#923=ORIENTED_EDGE('',*,*,#817,.T.);
#924=ORIENTED_EDGE('',*,*,#799,.T.);
#925=ORIENTED_EDGE('',*,*,#781,.T.);
#926=ORIENTED_EDGE('',*,*,#763,.T.);
#927=ORIENTED_EDGE('',*,*,#745,.T.);
#928=ORIENTED_EDGE('',*,*,#727,.T.);
#929=ORIENTED_EDGE('',*,*,#709,.T.);
#930=ORIENTED_EDGE('',*,*,#691,.T.);
#931=ORIENTED_EDGE('',*,*,#673,.T.);
#932=ORIENTED_EDGE('',*,*,#655,.T.);
#933=ORIENTED_EDGE('',*,*,#637,.T.);
#934=ORIENTED_EDGE('',*,*,#619,.T.);
#935=ORIENTED_EDGE('',*,*,#601,.T.);
#936=ORIENTED_EDGE('',*,*,#583,.T.);
#937=ORIENTED_EDGE('',*,*,#565,.T.);
#938=ORIENTED_EDGE('',*,*,#547,.T.);
#939=ORIENTED_EDGE('',*,*,#529,.T.);
#940=ORIENTED_EDGE('',*,*,#511,.T.);
#941=ORIENTED_EDGE('',*,*,#493,.T.);
#942=ORIENTED_EDGE('',*,*,#475,.T.);
#943=ORIENTED_EDGE('',*,*,#457,.T.);
#944=ORIENTED_EDGE('',*,*,#439,.T.);
#945=ORIENTED_EDGE('',*,*,#421,.T.);
#946=ORIENTED_EDGE('',*,*,#403,.T.);
#947=ORIENTED_EDGE('',*,*,#385,.T.);
#948=ORIENTED_EDGE('',*,*,#367,.T.);
#949=ORIENTED_EDGE('',*,*,#349,.T.);
#950=ORIENTED_EDGE('',*,*,#331,.T.);
#951=ORIENTED_EDGE('',*,*,#313,.T.);
#952=ORIENTED_EDGE('',*,*,#295,.T.);
#953=ORIENTED_EDGE('',*,*,#277,.T.);
#954=ORIENTED_EDGE('',*,*,#259,.T.);
#955=ORIENTED_EDGE('',*,*,#241,.T.);
#956=ORIENTED_EDGE('',*,*,#223,.T.);
#957=ORIENTED_EDGE('',*,*,#205,.T.);
#958=ORIENTED_EDGE('',*,*,#187,.T.);
#959=ORIENTED_EDGE('',*,*,#169,.T.);
#960=ORIENTED_EDGE('',*,*,#151,.T.);
#961=ORIENTED_EDGE('',*,*,#133,.T.);
#962=ORIENTED_EDGE('',*,*,#115,.T.);
#963=ORIENTED_EDGE('',*,*,#97,.T.);
#964=ORIENTED_EDGE('',*,*,#79,.T.);
#965=ORIENTED_EDGE('',*,*,#61,.T.);
#966=ORIENTED_EDGE('',*,*,#43,.T.);
#967=ORIENTED_EDGE('',*,*,#25,.T.);
#968=EDGE_LOOP('',(#920,#921,#922,#923,#924,#925,#926,#927,#928,#929,#930,#931,#932,#933,#934,#935,#936,#937,#938,#939,#940,#941,#942,#943,#944,#945,#946,#947,#948,#949,#950,#951,#952,#953,#954,#955,#956,#957,#958,#959,#960,#961,#962,#963,#964,#965,#966,#967));
#969=FACE_OUTER_BOUND('',#968,.T.);
#970=DIRECTION('',(0.000000,-1.000000,0.000000));
#971=DIRECTION('',(-0.997859,0.000000,0.065402));
#972=AXIS2_PLACEMENT_3D('',#8,#970,#971);
#973=PLANE('',#972);
#974=ADVANCED_FACE('',(#969),#973,.T.);
#976=CARTESIAN_POINT('',(510.0000,-231.0000,-182.0000));
#977=VERTEX_POINT('',#976);
#978=CARTESIAN_POINT('',(510.0000,-233.0000,-182.0000));
#979=VERTEX_POINT('',#978);
#975=EDGE_CURVE('',#977,#979,*,.T.);
#980=ORIENTED_EDGE('',*,*,#975,.T.);
#982=CARTESIAN_POINT('',(513.8832,-233.0000,-182.2545));
#983=VERTEX_POINT('',#982);
#981=EDGE_CURVE('',#979,#983,*,.T.);
#984=ORIENTED_EDGE('',*,*,#981,.T.);
#986=CARTESIAN_POINT('',(513.8832,-231.0000,-182.2545));
#987=VERTEX_POINT('',#986);
#985=EDGE_CURVE('',#983,#987,*,.T.);
#988=ORIENTED_EDGE('',*,*,#985,.T.);
#989=EDGE_CURVE('',#987,#977,*,.T.);
#990=ORIENTED_EDGE('',*,*,#989,.T.);
#991=EDGE_LOOP('',(#980,#984,#988,#990));
#992=FACE_OUTER_BOUND('',#991,.T.);
#994=CARTESIAN_POINT('',(510.0000,233.0000,-182.0000));
#995=VERTEX_POINT('',#994);
#996=CARTESIAN_POINT('',(510.0000,231.0000,-182.0000));
#997=VERTEX_POINT('',#996);
#993=EDGE_CURVE('',#995,#997,*,.T.);
#998=ORIENTED_EDGE('',*,*,#993,.T.);
#1000=CARTESIAN_POINT('',(513.8832,231.0000,-182.2545));
#1001=VERTEX_POINT('',#1000);
#999=EDGE_CURVE('',#997,#1001,*,.T.);
#1002=ORIENTED_EDGE('',*,*,#999,.T.);
#1004=CARTESIAN_POINT('',(513.8832,233.0000,-182.2545));
#1005=VERTEX_POINT('',#1004);
#1003=EDGE_CURVE('',#1001,#1005,*,.T.);
#1006=ORIENTED_EDGE('',*,*,#1003,.T.);
#1007=EDGE_CURVE('',#1005,#995,*,.T.);
#1008=ORIENTED_EDGE('',*,*,#1007,.T.);
#1009=EDGE_LOOP('',(#998,#1002,#1006,#1008));
#1010=FACE_BOUND('',#1009,.T.);
#1011=DIRECTION('',(0.065403,0.000000,0.997859));
#1012=DIRECTION('',(0.000000,-1.000000,0.000000));
#1013=AXIS2_PLACEMENT_3D('',#976,#1011,#1012);
#1014=PLANE('',#1013);
#1015=ADVANCED_FACE('',(#992,#1010),#1014,.T.);
#1016=ORIENTED_EDGE('',*,*,#985,.T.);
#1018=CARTESIAN_POINT('',(517.6999,-233.0000,-183.0137));
#1019=VERTEX_POINT('',#1018);
#1017=EDGE_CURVE('',#983,#1019,*,.T.);
#1020=ORIENTED_EDGE('',*,*,#1017,.T.);
#1022=CARTESIAN_POINT('',(517.6999,-231.0000,-183.0137));
#1023=VERTEX_POINT('',#1022);
#1021=EDGE_CURVE('',#1019,#1023,*,.T.);
#1024=ORIENTED_EDGE('',*,*,#1021,.T.);
#1025=EDGE_CURVE('',#1023,#987,*,.T.);
#1026=ORIENTED_EDGE('',*,*,#1025,.T.);
#1027=EDGE_LOOP('',(#1016,#1020,#1024,#1026));
#1028=FACE_OUTER_BOUND('',#1027,.T.);
#1029=ORIENTED_EDGE('',*,*,#1003,.T.);
#1031=CARTESIAN_POINT('',(517.6999,231.0000,-183.0137));
#1032=VERTEX_POINT('',#1031);
#1030=EDGE_CURVE('',#1001,#1032,*,.T.);
#1033=ORIENTED_EDGE('',*,*,#1030,.T.);
#1035=CARTESIAN_POINT('',(517.6999,233.0000,-183.0137));
#1036=VERTEX_POINT('',#1035);
#1034=EDGE_CURVE('',#1032,#1036,*,.T.);
#1037=ORIENTED_EDGE('',*,*,#1034,.T.);
#1038=EDGE_CURVE('',#1036,#1005,*,.T.);
#1039=ORIENTED_EDGE('',*,*,#1038,.T.);
#1040=EDGE_LOOP('',(#1029,#1033,#1037,#1039));
#1041=FACE_BOUND('',#1040,.T.);
#1042=DIRECTION('',(0.195089,0.000000,0.980786));
#1043=DIRECTION('',(0.000000,-1.000000,0.000000));
#1044=AXIS2_PLACEMENT_3D('',#986,#1042,#1043);
#1045=PLANE('',#1044);
#1046=ADVANCED_FACE('',(#1028,#1041),#1045,.T.);
#1047=ORIENTED_EDGE('',*,*,#1021,.T.);
#1049=CARTESIAN_POINT('',(521.3848,-233.0000,-184.2646));
#1050=VERTEX_POINT('',#1049);
#1048=EDGE_CURVE('',#1019,#1050,*,.T.);
#1051=ORIENTED_EDGE('',*,*,#1048,.T.);
#1053=CARTESIAN_POINT('',(521.3848,-231.0000,-184.2646));
#1054=VERTEX_POINT('',#1053);
#1052=EDGE_CURVE('',#1050,#1054,*,.T.);
#1055=ORIENTED_EDGE('',*,*,#1052,.T.);
#1056=EDGE_CURVE('',#1054,#1023,*,.T.);
#1057=ORIENTED_EDGE('',*,*,#1056,.T.);
#1058=EDGE_LOOP('',(#1047,#1051,#1055,#1057));
#1059=FACE_OUTER_BOUND('',#1058,.T.);
#1060=ORIENTED_EDGE('',*,*,#1034,.T.);
#1062=CARTESIAN_POINT('',(521.3848,231.0000,-184.2646));
#1063=VERTEX_POINT('',#1062);
#1061=EDGE_CURVE('',#1032,#1063,*,.T.);
#1064=ORIENTED_EDGE('',*,*,#1061,.T.);
#1066=CARTESIAN_POINT('',(521.3848,233.0000,-184.2646));
#1067=VERTEX_POINT('',#1066);
#1065=EDGE_CURVE('',#1063,#1067,*,.T.);
#1068=ORIENTED_EDGE('',*,*,#1065,.T.);
#1069=EDGE_CURVE('',#1067,#1036,*,.T.);
#1070=ORIENTED_EDGE('',*,*,#1069,.T.);
#1071=EDGE_LOOP('',(#1060,#1064,#1068,#1070));
#1072=FACE_BOUND('',#1071,.T.);
#1073=DIRECTION('',(0.321444,0.000000,0.946929));
#1074=DIRECTION('',(0.000000,-1.000000,0.000000));
#1075=AXIS2_PLACEMENT_3D('',#1022,#1073,#1074);
#1076=PLANE('',#1075);
#1077=ADVANCED_FACE('',(#1059,#1072),#1076,.T.);
#1078=ORIENTED_EDGE('',*,*,#1052,.T.);
#1080=CARTESIAN_POINT('',(524.8750,-233.0000,-185.9857));
#1081=VERTEX_POINT('',#1080);
#1079=EDGE_CURVE('',#1050,#1081,*,.T.);
#1082=ORIENTED_EDGE('',*,*,#1079,.T.);
#1084=CARTESIAN_POINT('',(524.8750,-231.0000,-185.9857));
#1085=VERTEX_POINT('',#1084);
#1083=EDGE_CURVE('',#1081,#1085,*,.T.);
#1086=ORIENTED_EDGE('',*,*,#1083,.T.);
#1087=EDGE_CURVE('',#1085,#1054,*,.T.);
#1088=ORIENTED_EDGE('',*,*,#1087,.T.);
#1089=EDGE_LOOP('',(#1078,#1082,#1086,#1088));
#1090=FACE_OUTER_BOUND('',#1089,.T.);
#1091=ORIENTED_EDGE('',*,*,#1065,.T.);
#1093=CARTESIAN_POINT('',(524.8750,231.0000,-185.9857));
#1094=VERTEX_POINT('',#1093);
#1092=EDGE_CURVE('',#1063,#1094,*,.T.);
#1095=ORIENTED_EDGE('',*,*,#1092,.T.);
#1097=CARTESIAN_POINT('',(524.8750,233.0000,-185.9857));
#1098=VERTEX_POINT('',#1097);
#1096=EDGE_CURVE('',#1094,#1098,*,.T.);
#1099=ORIENTED_EDGE('',*,*,#1096,.T.);
#1100=EDGE_CURVE('',#1098,#1067,*,.T.);
#1101=ORIENTED_EDGE('',*,*,#1100,.T.);
#1102=EDGE_LOOP('',(#1091,#1095,#1099,#1101));
#1103=FACE_BOUND('',#1102,.T.);
#1104=DIRECTION('',(0.442288,0.000000,0.896873));
#1105=DIRECTION('',(0.000000,-1.000000,0.000000));
#1106=AXIS2_PLACEMENT_3D('',#1053,#1104,#1105);
#1107=PLANE('',#1106);
#1108=ADVANCED_FACE('',(#1090,#1103),#1107,.T.);
#1109=ORIENTED_EDGE('',*,*,#1083,.T.);
#1111=CARTESIAN_POINT('',(528.1107,-233.0000,-188.1477));
#1112=VERTEX_POINT('',#1111);
#1110=EDGE_CURVE('',#1081,#1112,*,.T.);
#1113=ORIENTED_EDGE('',*,*,#1110,.T.);
#1115=CARTESIAN_POINT('',(528.1107,-231.0000,-188.1477));
#1116=VERTEX_POINT('',#1115);
#1114=EDGE_CURVE('',#1112,#1116,*,.T.);
#1117=ORIENTED_EDGE('',*,*,#1114,.T.);
#1118=EDGE_CURVE('',#1116,#1085,*,.T.);
#1119=ORIENTED_EDGE('',*,*,#1118,.T.);
#1120=EDGE_LOOP('',(#1109,#1113,#1117,#1119));
#1121=FACE_OUTER_BOUND('',#1120,.T.);
#1122=ORIENTED_EDGE('',*,*,#1096,.T.);
#1124=CARTESIAN_POINT('',(528.1107,231.0000,-188.1477));
#1125=VERTEX_POINT('',#1124);
#1123=EDGE_CURVE('',#1094,#1125,*,.T.);
#1126=ORIENTED_EDGE('',*,*,#1123,.T.);
#1128=CARTESIAN_POINT('',(528.1107,233.0000,-188.1477));
#1129=VERTEX_POINT('',#1128);
#1127=EDGE_CURVE('',#1125,#1129,*,.T.);
#1130=ORIENTED_EDGE('',*,*,#1127,.T.);
#1131=EDGE_CURVE('',#1129,#1098,*,.T.);
#1132=ORIENTED_EDGE('',*,*,#1131,.T.);
#1133=EDGE_LOOP('',(#1122,#1126,#1130,#1132));
#1134=FACE_BOUND('',#1133,.T.);
#1135=DIRECTION('',(0.555569,0.000000,0.831471));
#1136=DIRECTION('',(0.000000,-1.000000,0.000000));
#1137=AXIS2_PLACEMENT_3D('',#1084,#1135,#1136);
#1138=PLANE('',#1137);
#1139=ADVANCED_FACE('',(#1121,#1134),#1138,.T.);
#1140=ORIENTED_EDGE('',*,*,#1114,.T.);
#1142=CARTESIAN_POINT('',(531.0364,-233.0000,-190.7136));
#1143=VERTEX_POINT('',#1142);
#1141=EDGE_CURVE('',#1112,#1143,*,.T.);
#1144=ORIENTED_EDGE('',*,*,#1141,.T.);
#1146=CARTESIAN_POINT('',(531.0364,-231.0000,-190.7136));
#1147=VERTEX_POINT('',#1146);
#1145=EDGE_CURVE('',#1143,#1147,*,.T.);
#1148=ORIENTED_EDGE('',*,*,#1145,.T.);
#1149=EDGE_CURVE('',#1147,#1116,*,.T.);
#1150=ORIENTED_EDGE('',*,*,#1149,.T.);
#1151=EDGE_LOOP('',(#1140,#1144,#1148,#1150));
#1152=FACE_OUTER_BOUND('',#1151,.T.);
#1153=ORIENTED_EDGE('',*,*,#1127,.T.);
#1155=CARTESIAN_POINT('',(531.0364,231.0000,-190.7136));
#1156=VERTEX_POINT('',#1155);
#1154=EDGE_CURVE('',#1125,#1156,*,.T.);
#1157=ORIENTED_EDGE('',*,*,#1154,.T.);
#1159=CARTESIAN_POINT('',(531.0364,233.0000,-190.7136));
#1160=VERTEX_POINT('',#1159);
#1158=EDGE_CURVE('',#1156,#1160,*,.T.);
#1161=ORIENTED_EDGE('',*,*,#1158,.T.);
#1162=EDGE_CURVE('',#1160,#1129,*,.T.);
#1163=ORIENTED_EDGE('',*,*,#1162,.T.);
#1164=EDGE_LOOP('',(#1153,#1157,#1161,#1163));
#1165=FACE_BOUND('',#1164,.T.);
#1166=DIRECTION('',(0.659346,0.000000,0.751840));
#1167=DIRECTION('',(0.000000,-1.000000,0.000000));
#1168=AXIS2_PLACEMENT_3D('',#1115,#1166,#1167);
#1169=PLANE('',#1168);
#1170=ADVANCED_FACE('',(#1152,#1165),#1169,.T.);
#1171=ORIENTED_EDGE('',*,*,#1145,.T.);
#1173=CARTESIAN_POINT('',(533.6022,-233.0000,-193.6393));
#1174=VERTEX_POINT('',#1173);
#1172=EDGE_CURVE('',#1143,#1174,*,.T.);
#1175=ORIENTED_EDGE('',*,*,#1172,.T.);
#1177=CARTESIAN_POINT('',(533.6022,-231.0000,-193.6393));
#1178=VERTEX_POINT('',#1177);
#1176=EDGE_CURVE('',#1174,#1178,*,.T.);
#1179=ORIENTED_EDGE('',*,*,#1176,.T.);
#1180=EDGE_CURVE('',#1178,#1147,*,.T.);
#1181=ORIENTED_EDGE('',*,*,#1180,.T.);
#1182=EDGE_LOOP('',(#1171,#1175,#1179,#1181));
#1183=FACE_OUTER_BOUND('',#1182,.T.);
#1184=ORIENTED_EDGE('',*,*,#1158,.T.);
#1186=CARTESIAN_POINT('',(533.6022,231.0000,-193.6393));
#1187=VERTEX_POINT('',#1186);
#1185=EDGE_CURVE('',#1156,#1187,*,.T.);
#1188=ORIENTED_EDGE('',*,*,#1185,.T.);
#1190=CARTESIAN_POINT('',(533.6022,233.0000,-193.6393));
#1191=VERTEX_POINT('',#1190);
#1189=EDGE_CURVE('',#1187,#1191,*,.T.);
#1192=ORIENTED_EDGE('',*,*,#1189,.T.);
#1193=EDGE_CURVE('',#1191,#1160,*,.T.);
#1194=ORIENTED_EDGE('',*,*,#1193,.T.);
#1195=EDGE_LOOP('',(#1184,#1188,#1192,#1194));
#1196=FACE_BOUND('',#1195,.T.);
#1197=DIRECTION('',(0.751844,0.000000,0.659341));
#1198=DIRECTION('',(0.000000,-1.000000,0.000000));
#1199=AXIS2_PLACEMENT_3D('',#1146,#1197,#1198);
#1200=PLANE('',#1199);
#1201=ADVANCED_FACE('',(#1183,#1196),#1200,.T.);
#1202=ORIENTED_EDGE('',*,*,#1176,.T.);
#1204=CARTESIAN_POINT('',(535.7643,-233.0000,-196.8750));
#1205=VERTEX_POINT('',#1204);
#1203=EDGE_CURVE('',#1174,#1205,*,.T.);
#1206=ORIENTED_EDGE('',*,*,#1203,.T.);
#1208=CARTESIAN_POINT('',(535.7643,-231.0000,-196.8750));
#1209=VERTEX_POINT('',#1208);
#1207=EDGE_CURVE('',#1205,#1209,*,.T.);
#1210=ORIENTED_EDGE('',*,*,#1207,.T.);
#1211=EDGE_CURVE('',#1209,#1178,*,.T.);
#1212=ORIENTED_EDGE('',*,*,#1211,.T.);
#1213=EDGE_LOOP('',(#1202,#1206,#1210,#1212));
#1214=FACE_OUTER_BOUND('',#1213,.T.);
#1215=ORIENTED_EDGE('',*,*,#1189,.T.);
#1217=CARTESIAN_POINT('',(535.7643,231.0000,-196.8750));
#1218=VERTEX_POINT('',#1217);
#1216=EDGE_CURVE('',#1187,#1218,*,.T.);
#1219=ORIENTED_EDGE('',*,*,#1216,.T.);
#1221=CARTESIAN_POINT('',(535.7643,233.0000,-196.8750));
#1222=VERTEX_POINT('',#1221);
#1220=EDGE_CURVE('',#1218,#1222,*,.T.);
#1223=ORIENTED_EDGE('',*,*,#1220,.T.);
#1224=EDGE_CURVE('',#1222,#1191,*,.T.);
#1225=ORIENTED_EDGE('',*,*,#1224,.T.);
#1226=EDGE_LOOP('',(#1215,#1219,#1223,#1225));
#1227=FACE_BOUND('',#1226,.T.);
#1228=DIRECTION('',(0.831463,0.000000,0.555579));
#1229=DIRECTION('',(0.000000,-1.000000,0.000000));
#1230=AXIS2_PLACEMENT_3D('',#1177,#1228,#1229);
#1231=PLANE('',#1230);
#1232=ADVANCED_FACE('',(#1214,#1227),#1231,.T.);
#1233=ORIENTED_EDGE('',*,*,#1207,.T.);
#1235=CARTESIAN_POINT('',(537.4854,-233.0000,-200.3652));
#1236=VERTEX_POINT('',#1235);
#1234=EDGE_CURVE('',#1205,#1236,*,.T.);
#1237=ORIENTED_EDGE('',*,*,#1234,.T.);
#1239=CARTESIAN_POINT('',(537.4854,-231.0000,-200.3652));
#1240=VERTEX_POINT('',#1239);
#1238=EDGE_CURVE('',#1236,#1240,*,.T.);
#1241=ORIENTED_EDGE('',*,*,#1238,.T.);
#1242=EDGE_CURVE('',#1240,#1209,*,.T.);
#1243=ORIENTED_EDGE('',*,*,#1242,.T.);
#1244=EDGE_LOOP('',(#1233,#1237,#1241,#1243));
#1245=FACE_OUTER_BOUND('',#1244,.T.);
#1246=ORIENTED_EDGE('',*,*,#1220,.T.);
#1248=CARTESIAN_POINT('',(537.4854,231.0000,-200.3652));
#1249=VERTEX_POINT('',#1248);
#1247=EDGE_CURVE('',#1218,#1249,*,.T.);
#1250=ORIENTED_EDGE('',*,*,#1247,.T.);
#1252=CARTESIAN_POINT('',(537.4854,233.0000,-200.3652));
#1253=VERTEX_POINT('',#1252);
#1251=EDGE_CURVE('',#1249,#1253,*,.T.);
#1254=ORIENTED_EDGE('',*,*,#1251,.T.);
#1255=EDGE_CURVE('',#1253,#1222,*,.T.);
#1256=ORIENTED_EDGE('',*,*,#1255,.T.);
#1257=EDGE_LOOP('',(#1246,#1250,#1254,#1256));
#1258=FACE_BOUND('',#1257,.T.);
#1259=DIRECTION('',(0.896876,0.000000,0.442282));
#1260=DIRECTION('',(0.000000,-1.000000,0.000000));
#1261=AXIS2_PLACEMENT_3D('',#1208,#1259,#1260);
#1262=PLANE('',#1261);
#1263=ADVANCED_FACE('',(#1245,#1258),#1262,.T.);
#1264=ORIENTED_EDGE('',*,*,#1238,.T.);
#1266=CARTESIAN_POINT('',(538.7363,-233.0000,-204.0501));
#1267=VERTEX_POINT('',#1266);
#1265=EDGE_CURVE('',#1236,#1267,*,.T.);
#1268=ORIENTED_EDGE('',*,*,#1265,.T.);
#1270=CARTESIAN_POINT('',(538.7363,-231.0000,-204.0501));
#1271=VERTEX_POINT('',#1270);
#1269=EDGE_CURVE('',#1267,#1271,*,.T.);
#1272=ORIENTED_EDGE('',*,*,#1269,.T.);
#1273=EDGE_CURVE('',#1271,#1240,*,.T.);
#1274=ORIENTED_EDGE('',*,*,#1273,.T.);
#1275=EDGE_LOOP('',(#1264,#1268,#1272,#1274));
#1276=FACE_OUTER_BOUND('',#1275,.T.);
#1277=ORIENTED_EDGE('',*,*,#1251,.T.);
#1279=CARTESIAN_POINT('',(538.7363,231.0000,-204.0501));
#1280=VERTEX_POINT('',#1279);
#1278=EDGE_CURVE('',#1249,#1280,*,.T.);
#1281=ORIENTED_EDGE('',*,*,#1278,.T.);
#1283=CARTESIAN_POINT('',(538.7363,233.0000,-204.0501));
#1284=VERTEX_POINT('',#1283);
#1282=EDGE_CURVE('',#1280,#1284,*,.T.);
#1285=ORIENTED_EDGE('',*,*,#1282,.T.);
#1286=EDGE_CURVE('',#1284,#1253,*,.T.);
#1287=ORIENTED_EDGE('',*,*,#1286,.T.);
#1288=EDGE_LOOP('',(#1277,#1281,#1285,#1287));
#1289=FACE_BOUND('',#1288,.T.);
#1290=DIRECTION('',(0.946932,0.000000,0.321434));
#1291=DIRECTION('',(0.000000,-1.000000,0.000000));
#1292=AXIS2_PLACEMENT_3D('',#1239,#1290,#1291);
#1293=PLANE('',#1292);
#1294=ADVANCED_FACE('',(#1276,#1289),#1293,.T.);
#1295=ORIENTED_EDGE('',*,*,#1269,.T.);
#1297=CARTESIAN_POINT('',(539.4955,-233.0000,-207.8669));
#1298=VERTEX_POINT('',#1297);
#1296=EDGE_CURVE('',#1267,#1298,*,.T.);
#1299=ORIENTED_EDGE('',*,*,#1296,.T.);
#1301=CARTESIAN_POINT('',(539.4955,-231.0000,-207.8669));
#1302=VERTEX_POINT('',#1301);
#1300=EDGE_CURVE('',#1298,#1302,*,.T.);
#1303=ORIENTED_EDGE('',*,*,#1300,.T.);
#1304=EDGE_CURVE('',#1302,#1271,*,.T.);
#1305=ORIENTED_EDGE('',*,*,#1304,.T.);
#1306=EDGE_LOOP('',(#1295,#1299,#1303,#1305));
#1307=FACE_OUTER_BOUND('',#1306,.T.);
#1308=ORIENTED_EDGE('',*,*,#1282,.T.);
#1310=CARTESIAN_POINT('',(539.4955,231.0000,-207.8669));
#1311=VERTEX_POINT('',#1310);
#1309=EDGE_CURVE('',#1280,#1311,*,.T.);
#1312=ORIENTED_EDGE('',*,*,#1309,.T.);
#1314=CARTESIAN_POINT('',(539.4955,233.0000,-207.8669));
#1315=VERTEX_POINT('',#1314);
#1313=EDGE_CURVE('',#1311,#1315,*,.T.);
#1316=ORIENTED_EDGE('',*,*,#1313,.T.);
#1317=EDGE_CURVE('',#1315,#1284,*,.T.);
#1318=ORIENTED_EDGE('',*,*,#1317,.T.);
#1319=EDGE_LOOP('',(#1308,#1312,#1316,#1318));
#1320=FACE_BOUND('',#1319,.T.);
#1321=DIRECTION('',(0.980784,0.000000,0.195097));
#1322=DIRECTION('',(0.000000,-1.000000,0.000000));
#1323=AXIS2_PLACEMENT_3D('',#1270,#1321,#1322);
#1324=PLANE('',#1323);
#1325=ADVANCED_FACE('',(#1307,#1320),#1324,.T.);
#1326=ORIENTED_EDGE('',*,*,#1300,.T.);
#1328=CARTESIAN_POINT('',(539.7500,-233.0000,-211.7500));
#1329=VERTEX_POINT('',#1328);
#1327=EDGE_CURVE('',#1298,#1329,*,.T.);
#1330=ORIENTED_EDGE('',*,*,#1327,.T.);
#1332=CARTESIAN_POINT('',(539.7500,-231.0000,-211.7500));
#1333=VERTEX_POINT('',#1332);
#1331=EDGE_CURVE('',#1329,#1333,*,.T.);
#1334=ORIENTED_EDGE('',*,*,#1331,.T.);
#1335=EDGE_CURVE('',#1333,#1302,*,.T.);
#1336=ORIENTED_EDGE('',*,*,#1335,.T.);
#1337=EDGE_LOOP('',(#1326,#1330,#1334,#1336));
#1338=FACE_OUTER_BOUND('',#1337,.T.);
#1339=ORIENTED_EDGE('',*,*,#1313,.T.);
#1341=CARTESIAN_POINT('',(539.7500,231.0000,-211.7500));
#1342=VERTEX_POINT('',#1341);
#1340=EDGE_CURVE('',#1311,#1342,*,.T.);
#1343=ORIENTED_EDGE('',*,*,#1340,.T.);
#1345=CARTESIAN_POINT('',(539.7500,233.0000,-211.7500));
#1346=VERTEX_POINT('',#1345);
#1344=EDGE_CURVE('',#1342,#1346,*,.T.);
#1347=ORIENTED_EDGE('',*,*,#1344,.T.);
#1348=EDGE_CURVE('',#1346,#1315,*,.T.);
#1349=ORIENTED_EDGE('',*,*,#1348,.T.);
#1350=EDGE_LOOP('',(#1339,#1343,#1347,#1349));
#1351=FACE_BOUND('',#1350,.T.);
#1352=DIRECTION('',(0.997859,0.000000,0.065404));
#1353=DIRECTION('',(0.000000,-1.000000,0.000000));
#1354=AXIS2_PLACEMENT_3D('',#1301,#1352,#1353);
#1355=PLANE('',#1354);
#1356=ADVANCED_FACE('',(#1338,#1351),#1355,.T.);
#1357=ORIENTED_EDGE('',*,*,#1331,.T.);
#1359=CARTESIAN_POINT('',(539.4955,-233.0000,-215.6331));
#1360=VERTEX_POINT('',#1359);
#1358=EDGE_CURVE('',#1329,#1360,*,.T.);
#1361=ORIENTED_EDGE('',*,*,#1358,.T.);
#1363=CARTESIAN_POINT('',(539.4955,-231.0000,-215.6331));
#1364=VERTEX_POINT('',#1363);
#1362=EDGE_CURVE('',#1360,#1364,*,.T.);
#1365=ORIENTED_EDGE('',*,*,#1362,.T.);
#1366=EDGE_CURVE('',#1364,#1333,*,.T.);
#1367=ORIENTED_EDGE('',*,*,#1366,.T.);
#1368=EDGE_LOOP('',(#1357,#1361,#1365,#1367));
#1369=FACE_OUTER_BOUND('',#1368,.T.);
#1370=ORIENTED_EDGE('',*,*,#1344,.T.);
#1372=CARTESIAN_POINT('',(539.4955,231.0000,-215.6331));
#1373=VERTEX_POINT('',#1372);
#1371=EDGE_CURVE('',#1342,#1373,*,.T.);
#1374=ORIENTED_EDGE('',*,*,#1371,.T.);
#1376=CARTESIAN_POINT('',(539.4955,233.0000,-215.6331));
#1377=VERTEX_POINT('',#1376);
#1375=EDGE_CURVE('',#1373,#1377,*,.T.);
#1378=ORIENTED_EDGE('',*,*,#1375,.T.);
#1379=EDGE_CURVE('',#1377,#1346,*,.T.);
#1380=ORIENTED_EDGE('',*,*,#1379,.T.);
#1381=EDGE_LOOP('',(#1370,#1374,#1378,#1380));
#1382=FACE_BOUND('',#1381,.T.);
#1383=DIRECTION('',(0.997859,0.000000,-0.065404));
#1384=DIRECTION('',(0.000000,-1.000000,0.000000));
#1385=AXIS2_PLACEMENT_3D('',#1332,#1383,#1384);
#1386=PLANE('',#1385);
#1387=ADVANCED_FACE('',(#1369,#1382),#1386,.T.);
#1388=ORIENTED_EDGE('',*,*,#1362,.T.);
#1390=CARTESIAN_POINT('',(538.7363,-233.0000,-219.4499));
#1391=VERTEX_POINT('',#1390);
#1389=EDGE_CURVE('',#1360,#1391,*,.T.);
#1392=ORIENTED_EDGE('',*,*,#1389,.T.);
#1394=CARTESIAN_POINT('',(538.7363,-231.0000,-219.4499));
#1395=VERTEX_POINT('',#1394);
#1393=EDGE_CURVE('',#1391,#1395,*,.T.);
#1396=ORIENTED_EDGE('',*,*,#1393,.T.);
#1397=EDGE_CURVE('',#1395,#1364,*,.T.);
#1398=ORIENTED_EDGE('',*,*,#1397,.T.);
#1399=EDGE_LOOP('',(#1388,#1392,#1396,#1398));
#1400=FACE_OUTER_BOUND('',#1399,.T.);
#1401=ORIENTED_EDGE('',*,*,#1375,.T.);
#1403=CARTESIAN_POINT('',(538.7363,231.0000,-219.4499));
#1404=VERTEX_POINT('',#1403);
#1402=EDGE_CURVE('',#1373,#1404,*,.T.);
#1405=ORIENTED_EDGE('',*,*,#1402,.T.);
#1407=CARTESIAN_POINT('',(538.7363,233.0000,-219.4499));
#1408=VERTEX_POINT('',#1407);
#1406=EDGE_CURVE('',#1404,#1408,*,.T.);
#1409=ORIENTED_EDGE('',*,*,#1406,.T.);
#1410=EDGE_CURVE('',#1408,#1377,*,.T.);
#1411=ORIENTED_EDGE('',*,*,#1410,.T.);
#1412=EDGE_LOOP('',(#1401,#1405,#1409,#1411));
#1413=FACE_BOUND('',#1412,.T.);
#1414=DIRECTION('',(0.980784,0.000000,-0.195097));
#1415=DIRECTION('',(0.000000,-1.000000,0.000000));
#1416=AXIS2_PLACEMENT_3D('',#1363,#1414,#1415);
#1417=PLANE('',#1416);
#1418=ADVANCED_FACE('',(#1400,#1413),#1417,.T.);
#1419=ORIENTED_EDGE('',*,*,#1393,.T.);
#1421=CARTESIAN_POINT('',(537.4854,-233.0000,-223.1348));
#1422=VERTEX_POINT('',#1421);
#1420=EDGE_CURVE('',#1391,#1422,*,.T.);
#1423=ORIENTED_EDGE('',*,*,#1420,.T.);
#1425=CARTESIAN_POINT('',(537.4854,-231.0000,-223.1348));
#1426=VERTEX_POINT('',#1425);
#1424=EDGE_CURVE('',#1422,#1426,*,.T.);
#1427=ORIENTED_EDGE('',*,*,#1424,.T.);
#1428=EDGE_CURVE('',#1426,#1395,*,.T.);
#1429=ORIENTED_EDGE('',*,*,#1428,.T.);
#1430=EDGE_LOOP('',(#1419,#1423,#1427,#1429));
#1431=FACE_OUTER_BOUND('',#1430,.T.);
#1432=ORIENTED_EDGE('',*,*,#1406,.T.);
#1434=CARTESIAN_POINT('',(537.4854,231.0000,-223.1348));
#1435=VERTEX_POINT('',#1434);
#1433=EDGE_CURVE('',#1404,#1435,*,.T.);
#1436=ORIENTED_EDGE('',*,*,#1433,.T.);
#1438=CARTESIAN_POINT('',(537.4854,233.0000,-223.1348));
#1439=VERTEX_POINT('',#1438);
#1437=EDGE_CURVE('',#1435,#1439,*,.T.);
#1440=ORIENTED_EDGE('',*,*,#1437,.T.);
#1441=EDGE_CURVE('',#1439,#1408,*,.T.);
#1442=ORIENTED_EDGE('',*,*,#1441,.T.);
#1443=EDGE_LOOP('',(#1432,#1436,#1440,#1442));
#1444=FACE_BOUND('',#1443,.T.);
#1445=DIRECTION('',(0.946932,0.000000,-0.321434));
#1446=DIRECTION('',(0.000000,-1.000000,0.000000));
#1447=AXIS2_PLACEMENT_3D('',#1394,#1445,#1446);
#1448=PLANE('',#1447);
#1449=ADVANCED_FACE('',(#1431,#1444),#1448,.T.);
#1450=ORIENTED_EDGE('',*,*,#1424,.T.);
#1452=CARTESIAN_POINT('',(535.7643,-233.0000,-226.6250));
#1453=VERTEX_POINT('',#1452);
#1451=EDGE_CURVE('',#1422,#1453,*,.T.);
#1454=ORIENTED_EDGE('',*,*,#1451,.T.);
#1456=CARTESIAN_POINT('',(535.7643,-231.0000,-226.6250));
#1457=VERTEX_POINT('',#1456);
#1455=EDGE_CURVE('',#1453,#1457,*,.T.);
#1458=ORIENTED_EDGE('',*,*,#1455,.T.);
#1459=EDGE_CURVE('',#1457,#1426,*,.T.);
#1460=ORIENTED_EDGE('',*,*,#1459,.T.);
#1461=EDGE_LOOP('',(#1450,#1454,#1458,#1460));
#1462=FACE_OUTER_BOUND('',#1461,.T.);
#1463=ORIENTED_EDGE('',*,*,#1437,.T.);
#1465=CARTESIAN_POINT('',(535.7643,231.0000,-226.6250));
#1466=VERTEX_POINT('',#1465);
#1464=EDGE_CURVE('',#1435,#1466,*,.T.);
#1467=ORIENTED_EDGE('',*,*,#1464,.T.);
#1469=CARTESIAN_POINT('',(535.7643,233.0000,-226.6250));
#1470=VERTEX_POINT('',#1469);
#1468=EDGE_CURVE('',#1466,#1470,*,.T.);
#1471=ORIENTED_EDGE('',*,*,#1468,.T.);
#1472=EDGE_CURVE('',#1470,#1439,*,.T.);
#1473=ORIENTED_EDGE('',*,*,#1472,.T.);
#1474=EDGE_LOOP('',(#1463,#1467,#1471,#1473));
#1475=FACE_BOUND('',#1474,.T.);
#1476=DIRECTION('',(0.896876,0.000000,-0.442282));
#1477=DIRECTION('',(0.000000,-1.000000,0.000000));
#1478=AXIS2_PLACEMENT_3D('',#1425,#1476,#1477);
#1479=PLANE('',#1478);
#1480=ADVANCED_FACE('',(#1462,#1475),#1479,.T.);
#1481=ORIENTED_EDGE('',*,*,#1455,.T.);
#1483=CARTESIAN_POINT('',(533.6022,-233.0000,-229.8607));
#1484=VERTEX_POINT('',#1483);
#1482=EDGE_CURVE('',#1453,#1484,*,.T.);
#1485=ORIENTED_EDGE('',*,*,#1482,.T.);
#1487=CARTESIAN_POINT('',(533.6022,-231.0000,-229.8607));
#1488=VERTEX_POINT('',#1487);
#1486=EDGE_CURVE('',#1484,#1488,*,.T.);
#1489=ORIENTED_EDGE('',*,*,#1486,.T.);
#1490=EDGE_CURVE('',#1488,#1457,*,.T.);
#1491=ORIENTED_EDGE('',*,*,#1490,.T.);
#1492=EDGE_LOOP('',(#1481,#1485,#1489,#1491));
#1493=FACE_OUTER_BOUND('',#1492,.T.);
#1494=ORIENTED_EDGE('',*,*,#1468,.T.);
#1496=CARTESIAN_POINT('',(533.6022,231.0000,-229.8607));
#1497=VERTEX_POINT('',#1496);
#1495=EDGE_CURVE('',#1466,#1497,*,.T.);
#1498=ORIENTED_EDGE('',*,*,#1495,.T.);
#1500=CARTESIAN_POINT('',(533.6022,233.0000,-229.8607));
#1501=VERTEX_POINT('',#1500);
#1499=EDGE_CURVE('',#1497,#1501,*,.T.);
#1502=ORIENTED_EDGE('',*,*,#1499,.T.);
#1503=EDGE_CURVE('',#1501,#1470,*,.T.);
#1504=ORIENTED_EDGE('',*,*,#1503,.T.);
#1505=EDGE_LOOP('',(#1494,#1498,#1502,#1504));
#1506=FACE_BOUND('',#1505,.T.);
#1507=DIRECTION('',(0.831463,0.000000,-0.555579));
#1508=DIRECTION('',(0.000000,-1.000000,0.000000));
#1509=AXIS2_PLACEMENT_3D('',#1456,#1507,#1508);
#1510=PLANE('',#1509);
#1511=ADVANCED_FACE('',(#1493,#1506),#1510,.T.);
#1512=ORIENTED_EDGE('',*,*,#1486,.T.);
#1514=CARTESIAN_POINT('',(531.0364,-233.0000,-232.7864));
#1515=VERTEX_POINT('',#1514);
#1513=EDGE_CURVE('',#1484,#1515,*,.T.);
#1516=ORIENTED_EDGE('',*,*,#1513,.T.);
#1518=CARTESIAN_POINT('',(531.0364,-231.0000,-232.7864));
#1519=VERTEX_POINT('',#1518);
#1517=EDGE_CURVE('',#1515,#1519,*,.T.);
#1520=ORIENTED_EDGE('',*,*,#1517,.T.);
#1521=EDGE_CURVE('',#1519,#1488,*,.T.);
#1522=ORIENTED_EDGE('',*,*,#1521,.T.);
#1523=EDGE_LOOP('',(#1512,#1516,#1520,#1522));
#1524=FACE_OUTER_BOUND('',#1523,.T.);
#1525=ORIENTED_EDGE('',*,*,#1499,.T.);
#1527=CARTESIAN_POINT('',(531.0364,231.0000,-232.7864));
#1528=VERTEX_POINT('',#1527);
#1526=EDGE_CURVE('',#1497,#1528,*,.T.);
#1529=ORIENTED_EDGE('',*,*,#1526,.T.);
#1531=CARTESIAN_POINT('',(531.0364,233.0000,-232.7864));
#1532=VERTEX_POINT('',#1531);
#1530=EDGE_CURVE('',#1528,#1532,*,.T.);
#1533=ORIENTED_EDGE('',*,*,#1530,.T.);
#1534=EDGE_CURVE('',#1532,#1501,*,.T.);
#1535=ORIENTED_EDGE('',*,*,#1534,.T.);
#1536=EDGE_LOOP('',(#1525,#1529,#1533,#1535));
#1537=FACE_BOUND('',#1536,.T.);
#1538=DIRECTION('',(0.751844,0.000000,-0.659341));
#1539=DIRECTION('',(0.000000,-1.000000,0.000000));
#1540=AXIS2_PLACEMENT_3D('',#1487,#1538,#1539);
#1541=PLANE('',#1540);
#1542=ADVANCED_FACE('',(#1524,#1537),#1541,.T.);
#1543=ORIENTED_EDGE('',*,*,#1517,.T.);
#1545=CARTESIAN_POINT('',(528.1107,-233.0000,-235.3523));
#1546=VERTEX_POINT('',#1545);
#1544=EDGE_CURVE('',#1515,#1546,*,.T.);
#1547=ORIENTED_EDGE('',*,*,#1544,.T.);
#1549=CARTESIAN_POINT('',(528.1107,-231.0000,-235.3523));
#1550=VERTEX_POINT('',#1549);
#1548=EDGE_CURVE('',#1546,#1550,*,.T.);
#1551=ORIENTED_EDGE('',*,*,#1548,.T.);
#1552=EDGE_CURVE('',#1550,#1519,*,.T.);
#1553=ORIENTED_EDGE('',*,*,#1552,.T.);
#1554=EDGE_LOOP('',(#1543,#1547,#1551,#1553));
#1555=FACE_OUTER_BOUND('',#1554,.T.);
#1556=ORIENTED_EDGE('',*,*,#1530,.T.);
#1558=CARTESIAN_POINT('',(528.1107,231.0000,-235.3523));
#1559=VERTEX_POINT('',#1558);
#1557=EDGE_CURVE('',#1528,#1559,*,.T.);
#1560=ORIENTED_EDGE('',*,*,#1557,.T.);
#1562=CARTESIAN_POINT('',(528.1107,233.0000,-235.3523));
#1563=VERTEX_POINT('',#1562);
#1561=EDGE_CURVE('',#1559,#1563,*,.T.);
#1564=ORIENTED_EDGE('',*,*,#1561,.T.);
#1565=EDGE_CURVE('',#1563,#1532,*,.T.);
#1566=ORIENTED_EDGE('',*,*,#1565,.T.);
#1567=EDGE_LOOP('',(#1556,#1560,#1564,#1566));
#1568=FACE_BOUND('',#1567,.T.);
#1569=DIRECTION('',(0.659346,0.000000,-0.751840));
#1570=DIRECTION('',(0.000000,-1.000000,0.000000));
#1571=AXIS2_PLACEMENT_3D('',#1518,#1569,#1570);
#1572=PLANE('',#1571);
#1573=ADVANCED_FACE('',(#1555,#1568),#1572,.T.);
#1574=ORIENTED_EDGE('',*,*,#1548,.T.);
#1576=CARTESIAN_POINT('',(524.8750,-233.0000,-237.5143));
#1577=VERTEX_POINT('',#1576);
#1575=EDGE_CURVE('',#1546,#1577,*,.T.);
#1578=ORIENTED_EDGE('',*,*,#1575,.T.);
#1580=CARTESIAN_POINT('',(524.8750,-231.0000,-237.5143));
#1581=VERTEX_POINT('',#1580);
#1579=EDGE_CURVE('',#1577,#1581,*,.T.);
#1582=ORIENTED_EDGE('',*,*,#1579,.T.);
#1583=EDGE_CURVE('',#1581,#1550,*,.T.);
#1584=ORIENTED_EDGE('',*,*,#1583,.T.);
#1585=EDGE_LOOP('',(#1574,#1578,#1582,#1584));
#1586=FACE_OUTER_BOUND('',#1585,.T.);
#1587=ORIENTED_EDGE('',*,*,#1561,.T.);
#1589=CARTESIAN_POINT('',(524.8750,231.0000,-237.5143));
#1590=VERTEX_POINT('',#1589);
#1588=EDGE_CURVE('',#1559,#1590,*,.T.);
#1591=ORIENTED_EDGE('',*,*,#1588,.T.);
#1593=CARTESIAN_POINT('',(524.8750,233.0000,-237.5143));
#1594=VERTEX_POINT('',#1593);
#1592=EDGE_CURVE('',#1590,#1594,*,.T.);
#1595=ORIENTED_EDGE('',*,*,#1592,.T.);
#1596=EDGE_CURVE('',#1594,#1563,*,.T.);
#1597=ORIENTED_EDGE('',*,*,#1596,.T.);
#1598=EDGE_LOOP('',(#1587,#1591,#1595,#1597));
#1599=FACE_BOUND('',#1598,.T.);
#1600=DIRECTION('',(0.555569,0.000000,-0.831471));
#1601=DIRECTION('',(0.000000,-1.000000,0.000000));
#1602=AXIS2_PLACEMENT_3D('',#1549,#1600,#1601);
#1603=PLANE('',#1602);
#1604=ADVANCED_FACE('',(#1586,#1599),#1603,.T.);
#1605=ORIENTED_EDGE('',*,*,#1579,.T.);
#1607=CARTESIAN_POINT('',(521.3848,-233.0000,-239.2354));
#1608=VERTEX_POINT('',#1607);
#1606=EDGE_CURVE('',#1577,#1608,*,.T.);
#1609=ORIENTED_EDGE('',*,*,#1606,.T.);
#1611=CARTESIAN_POINT('',(521.3848,-231.0000,-239.2354));
#1612=VERTEX_POINT('',#1611);
#1610=EDGE_CURVE('',#1608,#1612,*,.T.);
#1613=ORIENTED_EDGE('',*,*,#1610,.T.);
#1614=EDGE_CURVE('',#1612,#1581,*,.T.);
#1615=ORIENTED_EDGE('',*,*,#1614,.T.);
#1616=EDGE_LOOP('',(#1605,#1609,#1613,#1615));
#1617=FACE_OUTER_BOUND('',#1616,.T.);
#1618=ORIENTED_EDGE('',*,*,#1592,.T.);
#1620=CARTESIAN_POINT('',(521.3848,231.0000,-239.2354));
#1621=VERTEX_POINT('',#1620);
#1619=EDGE_CURVE('',#1590,#1621,*,.T.);
#1622=ORIENTED_EDGE('',*,*,#1619,.T.);
#1624=CARTESIAN_POINT('',(521.3848,233.0000,-239.2354));
#1625=VERTEX_POINT('',#1624);
#1623=EDGE_CURVE('',#1621,#1625,*,.T.);
#1626=ORIENTED_EDGE('',*,*,#1623,.T.);
#1627=EDGE_CURVE('',#1625,#1594,*,.T.);
#1628=ORIENTED_EDGE('',*,*,#1627,.T.);
#1629=EDGE_LOOP('',(#1618,#1622,#1626,#1628));
#1630=FACE_BOUND('',#1629,.T.);
#1631=DIRECTION('',(0.442288,0.000000,-0.896873));
#1632=DIRECTION('',(0.000000,-1.000000,0.000000));
#1633=AXIS2_PLACEMENT_3D('',#1580,#1631,#1632);
#1634=PLANE('',#1633);
#1635=ADVANCED_FACE('',(#1617,#1630),#1634,.T.);
#1636=ORIENTED_EDGE('',*,*,#1610,.T.);
#1638=CARTESIAN_POINT('',(517.6999,-233.0000,-240.4863));
#1639=VERTEX_POINT('',#1638);
#1637=EDGE_CURVE('',#1608,#1639,*,.T.);
#1640=ORIENTED_EDGE('',*,*,#1637,.T.);
#1642=CARTESIAN_POINT('',(517.6999,-231.0000,-240.4863));
#1643=VERTEX_POINT('',#1642);
#1641=EDGE_CURVE('',#1639,#1643,*,.T.);
#1644=ORIENTED_EDGE('',*,*,#1641,.T.);
#1645=EDGE_CURVE('',#1643,#1612,*,.T.);
#1646=ORIENTED_EDGE('',*,*,#1645,.T.);
#1647=EDGE_LOOP('',(#1636,#1640,#1644,#1646));
#1648=FACE_OUTER_BOUND('',#1647,.T.);
#1649=ORIENTED_EDGE('',*,*,#1623,.T.);
#1651=CARTESIAN_POINT('',(517.6999,231.0000,-240.4863));
#1652=VERTEX_POINT('',#1651);
#1650=EDGE_CURVE('',#1621,#1652,*,.T.);
#1653=ORIENTED_EDGE('',*,*,#1650,.T.);
#1655=CARTESIAN_POINT('',(517.6999,233.0000,-240.4863));
#1656=VERTEX_POINT('',#1655);
#1654=EDGE_CURVE('',#1652,#1656,*,.T.);
#1657=ORIENTED_EDGE('',*,*,#1654,.T.);
#1658=EDGE_CURVE('',#1656,#1625,*,.T.);
#1659=ORIENTED_EDGE('',*,*,#1658,.T.);
#1660=EDGE_LOOP('',(#1649,#1653,#1657,#1659));
#1661=FACE_BOUND('',#1660,.T.);
#1662=DIRECTION('',(0.321444,0.000000,-0.946929));
#1663=DIRECTION('',(0.000000,-1.000000,0.000000));
#1664=AXIS2_PLACEMENT_3D('',#1611,#1662,#1663);
#1665=PLANE('',#1664);
#1666=ADVANCED_FACE('',(#1648,#1661),#1665,.T.);
#1667=ORIENTED_EDGE('',*,*,#1641,.T.);
#1669=CARTESIAN_POINT('',(513.8832,-233.0000,-241.2455));
#1670=VERTEX_POINT('',#1669);
#1668=EDGE_CURVE('',#1639,#1670,*,.T.);
#1671=ORIENTED_EDGE('',*,*,#1668,.T.);
#1673=CARTESIAN_POINT('',(513.8832,-231.0000,-241.2455));
#1674=VERTEX_POINT('',#1673);
#1672=EDGE_CURVE('',#1670,#1674,*,.T.);
#1675=ORIENTED_EDGE('',*,*,#1672,.T.);
#1676=EDGE_CURVE('',#1674,#1643,*,.T.);
#1677=ORIENTED_EDGE('',*,*,#1676,.T.);
#1678=EDGE_LOOP('',(#1667,#1671,#1675,#1677));
#1679=FACE_OUTER_BOUND('',#1678,.T.);
#1680=ORIENTED_EDGE('',*,*,#1654,.T.);
#1682=CARTESIAN_POINT('',(513.8832,231.0000,-241.2455));
#1683=VERTEX_POINT('',#1682);
#1681=EDGE_CURVE('',#1652,#1683,*,.T.);
#1684=ORIENTED_EDGE('',*,*,#1681,.T.);
#1686=CARTESIAN_POINT('',(513.8832,233.0000,-241.2455));
#1687=VERTEX_POINT('',#1686);
#1685=EDGE_CURVE('',#1683,#1687,*,.T.);
#1688=ORIENTED_EDGE('',*,*,#1685,.T.);
#1689=EDGE_CURVE('',#1687,#1656,*,.T.);
#1690=ORIENTED_EDGE('',*,*,#1689,.T.);
#1691=EDGE_LOOP('',(#1680,#1684,#1688,#1690));
#1692=FACE_BOUND('',#1691,.T.);
#1693=DIRECTION('',(0.195089,0.000000,-0.980786));
#1694=DIRECTION('',(0.000000,-1.000000,0.000000));
#1695=AXIS2_PLACEMENT_3D('',#1642,#1693,#1694);
#1696=PLANE('',#1695);
#1697=ADVANCED_FACE('',(#1679,#1692),#1696,.T.);
#1698=ORIENTED_EDGE('',*,*,#1672,.T.);
#1700=CARTESIAN_POINT('',(510.0000,-233.0000,-241.5000));
#1701=VERTEX_POINT('',#1700);
#1699=EDGE_CURVE('',#1670,#1701,*,.T.);
#1702=ORIENTED_EDGE('',*,*,#1699,.T.);
#1704=CARTESIAN_POINT('',(510.0000,-231.0000,-241.5000));
#1705=VERTEX_POINT('',#1704);
#1703=EDGE_CURVE('',#1701,#1705,*,.T.);
#1706=ORIENTED_EDGE('',*,*,#1703,.T.);
#1707=EDGE_CURVE('',#1705,#1674,*,.T.);
#1708=ORIENTED_EDGE('',*,*,#1707,.T.);
#1709=EDGE_LOOP('',(#1698,#1702,#1706,#1708));
#1710=FACE_OUTER_BOUND('',#1709,.T.);
#1711=ORIENTED_EDGE('',*,*,#1685,.T.);
#1713=CARTESIAN_POINT('',(510.0000,231.0000,-241.5000));
#1714=VERTEX_POINT('',#1713);
#1712=EDGE_CURVE('',#1683,#1714,*,.T.);
#1715=ORIENTED_EDGE('',*,*,#1712,.T.);
#1717=CARTESIAN_POINT('',(510.0000,233.0000,-241.5000));
#1718=VERTEX_POINT('',#1717);
#1716=EDGE_CURVE('',#1714,#1718,*,.T.);
#1719=ORIENTED_EDGE('',*,*,#1716,.T.);
#1720=EDGE_CURVE('',#1718,#1687,*,.T.);
#1721=ORIENTED_EDGE('',*,*,#1720,.T.);
#1722=EDGE_LOOP('',(#1711,#1715,#1719,#1721));
#1723=FACE_BOUND('',#1722,.T.);
#1724=DIRECTION('',(0.065403,0.000000,-0.997859));
#1725=DIRECTION('',(0.000000,-1.000000,0.000000));
#1726=AXIS2_PLACEMENT_3D('',#1673,#1724,#1725);
#1727=PLANE('',#1726);
#1728=ADVANCED_FACE('',(#1710,#1723),#1727,.T.);
#1729=ORIENTED_EDGE('',*,*,#1703,.T.);
#1731=CARTESIAN_POINT('',(506.1169,-233.0000,-241.2455));
#1732=VERTEX_POINT('',#1731);
#1730=EDGE_CURVE('',#1701,#1732,*,.T.);
#1733=ORIENTED_EDGE('',*,*,#1730,.T.);
#1735=CARTESIAN_POINT('',(506.1169,-231.0000,-241.2455));
#1736=VERTEX_POINT('',#1735);
#1734=EDGE_CURVE('',#1732,#1736,*,.T.);
#1737=ORIENTED_EDGE('',*,*,#1734,.T.);
#1738=EDGE_CURVE('',#1736,#1705,*,.T.);
#1739=ORIENTED_EDGE('',*,*,#1738,.T.);
#1740=EDGE_LOOP('',(#1729,#1733,#1737,#1739));
#1741=FACE_OUTER_BOUND('',#1740,.T.);
#1742=ORIENTED_EDGE('',*,*,#1716,.T.);
#1744=CARTESIAN_POINT('',(506.1169,231.0000,-241.2455));
#1745=VERTEX_POINT('',#1744);
#1743=EDGE_CURVE('',#1714,#1745,*,.T.);
#1746=ORIENTED_EDGE('',*,*,#1743,.T.);
#1748=CARTESIAN_POINT('',(506.1169,233.0000,-241.2455));
#1749=VERTEX_POINT('',#1748);
#1747=EDGE_CURVE('',#1745,#1749,*,.T.);
#1750=ORIENTED_EDGE('',*,*,#1747,.T.);
#1751=EDGE_CURVE('',#1749,#1718,*,.T.);
#1752=ORIENTED_EDGE('',*,*,#1751,.T.);
#1753=EDGE_LOOP('',(#1742,#1746,#1750,#1752));
#1754=FACE_BOUND('',#1753,.T.);
#1755=DIRECTION('',(-0.065404,0.000000,-0.997859));
#1756=DIRECTION('',(0.000000,-1.000000,0.000000));
#1757=AXIS2_PLACEMENT_3D('',#1704,#1755,#1756);
#1758=PLANE('',#1757);
#1759=ADVANCED_FACE('',(#1741,#1754),#1758,.T.);
#1760=ORIENTED_EDGE('',*,*,#1734,.T.);
#1762=CARTESIAN_POINT('',(502.3001,-233.0000,-240.4863));
#1763=VERTEX_POINT('',#1762);
#1761=EDGE_CURVE('',#1732,#1763,*,.T.);
#1764=ORIENTED_EDGE('',*,*,#1761,.T.);
#1766=CARTESIAN_POINT('',(502.3001,-231.0000,-240.4863));
#1767=VERTEX_POINT('',#1766);
#1765=EDGE_CURVE('',#1763,#1767,*,.T.);
#1768=ORIENTED_EDGE('',*,*,#1765,.T.);
#1769=EDGE_CURVE('',#1767,#1736,*,.T.);
#1770=ORIENTED_EDGE('',*,*,#1769,.T.);
#1771=EDGE_LOOP('',(#1760,#1764,#1768,#1770));
#1772=FACE_OUTER_BOUND('',#1771,.T.);
#1773=ORIENTED_EDGE('',*,*,#1747,.T.);
#1775=CARTESIAN_POINT('',(502.3001,231.0000,-240.4863));
#1776=VERTEX_POINT('',#1775);
#1774=EDGE_CURVE('',#1745,#1776,*,.T.);
#1777=ORIENTED_EDGE('',*,*,#1774,.T.);
#1779=CARTESIAN_POINT('',(502.3001,233.0000,-240.4863));
#1780=VERTEX_POINT('',#1779);
#1778=EDGE_CURVE('',#1776,#1780,*,.T.);
#1781=ORIENTED_EDGE('',*,*,#1778,.T.);
#1782=EDGE_CURVE('',#1780,#1749,*,.T.);
#1783=ORIENTED_EDGE('',*,*,#1782,.T.);
#1784=EDGE_LOOP('',(#1773,#1777,#1781,#1783));
#1785=FACE_BOUND('',#1784,.T.);
#1786=DIRECTION('',(-0.195089,0.000000,-0.980786));
#1787=DIRECTION('',(0.000000,-1.000000,0.000000));
#1788=AXIS2_PLACEMENT_3D('',#1735,#1786,#1787);
#1789=PLANE('',#1788);
#1790=ADVANCED_FACE('',(#1772,#1785),#1789,.T.);
#1791=ORIENTED_EDGE('',*,*,#1765,.T.);
#1793=CARTESIAN_POINT('',(498.6152,-233.0000,-239.2354));
#1794=VERTEX_POINT('',#1793);
#1792=EDGE_CURVE('',#1763,#1794,*,.T.);
#1795=ORIENTED_EDGE('',*,*,#1792,.T.);
#1797=CARTESIAN_POINT('',(498.6152,-231.0000,-239.2354));
#1798=VERTEX_POINT('',#1797);
#1796=EDGE_CURVE('',#1794,#1798,*,.T.);
#1799=ORIENTED_EDGE('',*,*,#1796,.T.);
#1800=EDGE_CURVE('',#1798,#1767,*,.T.);
#1801=ORIENTED_EDGE('',*,*,#1800,.T.);
#1802=EDGE_LOOP('',(#1791,#1795,#1799,#1801));
#1803=FACE_OUTER_BOUND('',#1802,.T.);
#1804=ORIENTED_EDGE('',*,*,#1778,.T.);
#1806=CARTESIAN_POINT('',(498.6152,231.0000,-239.2354));
#1807=VERTEX_POINT('',#1806);
#1805=EDGE_CURVE('',#1776,#1807,*,.T.);
#1808=ORIENTED_EDGE('',*,*,#1805,.T.);
#1810=CARTESIAN_POINT('',(498.6152,233.0000,-239.2354));
#1811=VERTEX_POINT('',#1810);
#1809=EDGE_CURVE('',#1807,#1811,*,.T.);
#1812=ORIENTED_EDGE('',*,*,#1809,.T.);
#1813=EDGE_CURVE('',#1811,#1780,*,.T.);
#1814=ORIENTED_EDGE('',*,*,#1813,.T.);
#1815=EDGE_LOOP('',(#1804,#1808,#1812,#1814));
#1816=FACE_BOUND('',#1815,.T.);
#1817=DIRECTION('',(-0.321441,0.000000,-0.946930));
#1818=DIRECTION('',(0.000000,-1.000000,0.000000));
#1819=AXIS2_PLACEMENT_3D('',#1766,#1817,#1818);
#1820=PLANE('',#1819);
#1821=ADVANCED_FACE('',(#1803,#1816),#1820,.T.);
#1822=ORIENTED_EDGE('',*,*,#1796,.T.);
#1824=CARTESIAN_POINT('',(495.1250,-233.0000,-237.5143));
#1825=VERTEX_POINT('',#1824);
#1823=EDGE_CURVE('',#1794,#1825,*,.T.);
#1826=ORIENTED_EDGE('',*,*,#1823,.T.);
#1828=CARTESIAN_POINT('',(495.1250,-231.0000,-237.5143));
#1829=VERTEX_POINT('',#1828);
#1827=EDGE_CURVE('',#1825,#1829,*,.T.);
#1830=ORIENTED_EDGE('',*,*,#1827,.T.);
#1831=EDGE_CURVE('',#1829,#1798,*,.T.);
#1832=ORIENTED_EDGE('',*,*,#1831,.T.);
#1833=EDGE_LOOP('',(#1822,#1826,#1830,#1832));
#1834=FACE_OUTER_BOUND('',#1833,.T.);
#1835=ORIENTED_EDGE('',*,*,#1809,.T.);
#1837=CARTESIAN_POINT('',(495.1250,231.0000,-237.5143));
#1838=VERTEX_POINT('',#1837);
#1836=EDGE_CURVE('',#1807,#1838,*,.T.);
#1839=ORIENTED_EDGE('',*,*,#1836,.T.);
#1841=CARTESIAN_POINT('',(495.1250,233.0000,-237.5143));
#1842=VERTEX_POINT('',#1841);
#1840=EDGE_CURVE('',#1838,#1842,*,.T.);
#1843=ORIENTED_EDGE('',*,*,#1840,.T.);
#1844=EDGE_CURVE('',#1842,#1811,*,.T.);
#1845=ORIENTED_EDGE('',*,*,#1844,.T.);
#1846=EDGE_LOOP('',(#1835,#1839,#1843,#1845));
#1847=FACE_BOUND('',#1846,.T.);
#1848=DIRECTION('',(-0.442288,0.000000,-0.896873));
#1849=DIRECTION('',(0.000000,-1.000000,0.000000));
#1850=AXIS2_PLACEMENT_3D('',#1797,#1848,#1849);
#1851=PLANE('',#1850);
#1852=ADVANCED_FACE('',(#1834,#1847),#1851,.T.);
#1853=ORIENTED_EDGE('',*,*,#1827,.T.);
#1855=CARTESIAN_POINT('',(491.8893,-233.0000,-235.3523));
#1856=VERTEX_POINT('',#1855);
#1854=EDGE_CURVE('',#1825,#1856,*,.T.);
#1857=ORIENTED_EDGE('',*,*,#1854,.T.);
#1859=CARTESIAN_POINT('',(491.8893,-231.0000,-235.3523));
#1860=VERTEX_POINT('',#1859);
#1858=EDGE_CURVE('',#1856,#1860,*,.T.);
#1861=ORIENTED_EDGE('',*,*,#1858,.T.);
#1862=EDGE_CURVE('',#1860,#1829,*,.T.);
#1863=ORIENTED_EDGE('',*,*,#1862,.T.);
#1864=EDGE_LOOP('',(#1853,#1857,#1861,#1863));
#1865=FACE_OUTER_BOUND('',#1864,.T.);
#1866=ORIENTED_EDGE('',*,*,#1840,.T.);
#1868=CARTESIAN_POINT('',(491.8893,231.0000,-235.3523));
#1869=VERTEX_POINT('',#1868);
#1867=EDGE_CURVE('',#1838,#1869,*,.T.);
#1870=ORIENTED_EDGE('',*,*,#1867,.T.);
#1872=CARTESIAN_POINT('',(491.8893,233.0000,-235.3523));
#1873=VERTEX_POINT('',#1872);
#1871=EDGE_CURVE('',#1869,#1873,*,.T.);
#1874=ORIENTED_EDGE('',*,*,#1871,.T.);
#1875=EDGE_CURVE('',#1873,#1842,*,.T.);
#1876=ORIENTED_EDGE('',*,*,#1875,.T.);
#1877=EDGE_LOOP('',(#1866,#1870,#1874,#1876));
#1878=FACE_BOUND('',#1877,.T.);
#1879=DIRECTION('',(-0.555569,0.000000,-0.831471));
#1880=DIRECTION('',(0.000000,-1.000000,0.000000));
#1881=AXIS2_PLACEMENT_3D('',#1828,#1879,#1880);
#1882=PLANE('',#1881);
#1883=ADVANCED_FACE('',(#1865,#1878),#1882,.T.);
#1884=ORIENTED_EDGE('',*,*,#1858,.T.);
#1886=CARTESIAN_POINT('',(488.9636,-233.0000,-232.7864));
#1887=VERTEX_POINT('',#1886);
#1885=EDGE_CURVE('',#1856,#1887,*,.T.);
#1888=ORIENTED_EDGE('',*,*,#1885,.T.);
#1890=CARTESIAN_POINT('',(488.9636,-231.0000,-232.7864));
#1891=VERTEX_POINT('',#1890);
#1889=EDGE_CURVE('',#1887,#1891,*,.T.);
#1892=ORIENTED_EDGE('',*,*,#1889,.T.);
#1893=EDGE_CURVE('',#1891,#1860,*,.T.);
#1894=ORIENTED_EDGE('',*,*,#1893,.T.);
#1895=EDGE_LOOP('',(#1884,#1888,#1892,#1894));
#1896=FACE_OUTER_BOUND('',#1895,.T.);
#1897=ORIENTED_EDGE('',*,*,#1871,.T.);
#1899=CARTESIAN_POINT('',(488.9636,231.0000,-232.7864));
#1900=VERTEX_POINT('',#1899);
#1898=EDGE_CURVE('',#1869,#1900,*,.T.);
#1901=ORIENTED_EDGE('',*,*,#1898,.T.);
#1903=CARTESIAN_POINT('',(488.9636,233.0000,-232.7864));
#1904=VERTEX_POINT('',#1903);
#1902=EDGE_CURVE('',#1900,#1904,*,.T.);
#1905=ORIENTED_EDGE('',*,*,#1902,.T.);
#1906=EDGE_CURVE('',#1904,#1873,*,.T.);
#1907=ORIENTED_EDGE('',*,*,#1906,.T.);
#1908=EDGE_LOOP('',(#1897,#1901,#1905,#1907));
#1909=FACE_BOUND('',#1908,.T.);
#1910=DIRECTION('',(-0.659346,0.000000,-0.751840));
#1911=DIRECTION('',(0.000000,-1.000000,0.000000));
#1912=AXIS2_PLACEMENT_3D('',#1859,#1910,#1911);
#1913=PLANE('',#1912);
#1914=ADVANCED_FACE('',(#1896,#1909),#1913,.T.);
#1915=ORIENTED_EDGE('',*,*,#1889,.T.);
#1917=CARTESIAN_POINT('',(486.3977,-233.0000,-229.8607));
#1918=VERTEX_POINT('',#1917);
#1916=EDGE_CURVE('',#1887,#1918,*,.T.);
#1919=ORIENTED_EDGE('',*,*,#1916,.T.);
#1921=CARTESIAN_POINT('',(486.3977,-231.0000,-229.8607));
#1922=VERTEX_POINT('',#1921);
#1920=EDGE_CURVE('',#1918,#1922,*,.T.);
#1923=ORIENTED_EDGE('',*,*,#1920,.T.);
#1924=EDGE_CURVE('',#1922,#1891,*,.T.);
#1925=ORIENTED_EDGE('',*,*,#1924,.T.);
#1926=EDGE_LOOP('',(#1915,#1919,#1923,#1925));
#1927=FACE_OUTER_BOUND('',#1926,.T.);
#1928=ORIENTED_EDGE('',*,*,#1902,.T.);
#1930=CARTESIAN_POINT('',(486.3977,231.0000,-229.8607));
#1931=VERTEX_POINT('',#1930);
#1929=EDGE_CURVE('',#1900,#1931,*,.T.);
#1932=ORIENTED_EDGE('',*,*,#1929,.T.);
#1934=CARTESIAN_POINT('',(486.3977,233.0000,-229.8607));
#1935=VERTEX_POINT('',#1934);
#1933=EDGE_CURVE('',#1931,#1935,*,.T.);
#1936=ORIENTED_EDGE('',*,*,#1933,.T.);
#1937=EDGE_CURVE('',#1935,#1904,*,.T.);
#1938=ORIENTED_EDGE('',*,*,#1937,.T.);
#1939=EDGE_LOOP('',(#1928,#1932,#1936,#1938));
#1940=FACE_BOUND('',#1939,.T.);
#1941=DIRECTION('',(-0.751840,0.000000,-0.659346));
#1942=DIRECTION('',(0.000000,-1.000000,0.000000));
#1943=AXIS2_PLACEMENT_3D('',#1890,#1941,#1942);
#1944=PLANE('',#1943);
#1945=ADVANCED_FACE('',(#1927,#1940),#1944,.T.);
#1946=ORIENTED_EDGE('',*,*,#1920,.T.);
#1948=CARTESIAN_POINT('',(484.2357,-233.0000,-226.6250));
#1949=VERTEX_POINT('',#1948);
#1947=EDGE_CURVE('',#1918,#1949,*,.T.);
#1950=ORIENTED_EDGE('',*,*,#1947,.T.);
#1952=CARTESIAN_POINT('',(484.2357,-231.0000,-226.6250));
#1953=VERTEX_POINT('',#1952);
#1951=EDGE_CURVE('',#1949,#1953,*,.T.);
#1954=ORIENTED_EDGE('',*,*,#1951,.T.);
#1955=EDGE_CURVE('',#1953,#1922,*,.T.);
#1956=ORIENTED_EDGE('',*,*,#1955,.T.);
#1957=EDGE_LOOP('',(#1946,#1950,#1954,#1956));
#1958=FACE_OUTER_BOUND('',#1957,.T.);
#1959=ORIENTED_EDGE('',*,*,#1933,.T.);
#1961=CARTESIAN_POINT('',(484.2357,231.0000,-226.6250));
#1962=VERTEX_POINT('',#1961);
#1960=EDGE_CURVE('',#1931,#1962,*,.T.);
#1963=ORIENTED_EDGE('',*,*,#1960,.T.);
#1965=CARTESIAN_POINT('',(484.2357,233.0000,-226.6250));
#1966=VERTEX_POINT('',#1965);
#1964=EDGE_CURVE('',#1962,#1966,*,.T.);
#1967=ORIENTED_EDGE('',*,*,#1964,.T.);
#1968=EDGE_CURVE('',#1966,#1935,*,.T.);
#1969=ORIENTED_EDGE('',*,*,#1968,.T.);
#1970=EDGE_LOOP('',(#1959,#1963,#1967,#1969));
#1971=FACE_BOUND('',#1970,.T.);
#1972=DIRECTION('',(-0.831471,0.000000,-0.555569));
#1973=DIRECTION('',(0.000000,-1.000000,0.000000));
#1974=AXIS2_PLACEMENT_3D('',#1921,#1972,#1973);
#1975=PLANE('',#1974);
#1976=ADVANCED_FACE('',(#1958,#1971),#1975,.T.);
#1977=ORIENTED_EDGE('',*,*,#1951,.T.);
#1979=CARTESIAN_POINT('',(482.5146,-233.0000,-223.1348));
#1980=VERTEX_POINT('',#1979);
#1978=EDGE_CURVE('',#1949,#1980,*,.T.);
#1981=ORIENTED_EDGE('',*,*,#1978,.T.);
#1983=CARTESIAN_POINT('',(482.5146,-231.0000,-223.1348));
#1984=VERTEX_POINT('',#1983);
#1982=EDGE_CURVE('',#1980,#1984,*,.T.);
#1985=ORIENTED_EDGE('',*,*,#1982,.T.);
#1986=EDGE_CURVE('',#1984,#1953,*,.T.);
#1987=ORIENTED_EDGE('',*,*,#1986,.T.);
#1988=EDGE_LOOP('',(#1977,#1981,#1985,#1987));
#1989=FACE_OUTER_BOUND('',#1988,.T.);
#1990=ORIENTED_EDGE('',*,*,#1964,.T.);
#1992=CARTESIAN_POINT('',(482.5146,231.0000,-223.1348));
#1993=VERTEX_POINT('',#1992);
#1991=EDGE_CURVE('',#1962,#1993,*,.T.);
#1994=ORIENTED_EDGE('',*,*,#1991,.T.);
#1996=CARTESIAN_POINT('',(482.5146,233.0000,-223.1348));
#1997=VERTEX_POINT('',#1996);
#1995=EDGE_CURVE('',#1993,#1997,*,.T.);
#1998=ORIENTED_EDGE('',*,*,#1995,.T.);
#1999=EDGE_CURVE('',#1997,#1966,*,.T.);
#2000=ORIENTED_EDGE('',*,*,#1999,.T.);
#2001=EDGE_LOOP('',(#1990,#1994,#1998,#2000));
#2002=FACE_BOUND('',#2001,.T.);
#2003=DIRECTION('',(-0.896873,0.000000,-0.442288));
#2004=DIRECTION('',(0.000000,-1.000000,0.000000));
#2005=AXIS2_PLACEMENT_3D('',#1952,#2003,#2004);
#2006=PLANE('',#2005);
#2007=ADVANCED_FACE('',(#1989,#2002),#2006,.T.);
#2008=ORIENTED_EDGE('',*,*,#1982,.T.);
#2010=CARTESIAN_POINT('',(481.2637,-233.0000,-219.4499));
#2011=VERTEX_POINT('',#2010);
#2009=EDGE_CURVE('',#1980,#2011,*,.T.);
#2012=ORIENTED_EDGE('',*,*,#2009,.T.);
#2014=CARTESIAN_POINT('',(481.2637,-231.0000,-219.4499));
#2015=VERTEX_POINT('',#2014);
#2013=EDGE_CURVE('',#2011,#2015,*,.T.);
#2016=ORIENTED_EDGE('',*,*,#2013,.T.);
#2017=EDGE_CURVE('',#2015,#1984,*,.T.);
#2018=ORIENTED_EDGE('',*,*,#2017,.T.);
#2019=EDGE_LOOP('',(#2008,#2012,#2016,#2018));
#2020=FACE_OUTER_BOUND('',#2019,.T.);
#2021=ORIENTED_EDGE('',*,*,#1995,.T.);
#2023=CARTESIAN_POINT('',(481.2637,231.0000,-219.4499));
#2024=VERTEX_POINT('',#2023);
#2022=EDGE_CURVE('',#1993,#2024,*,.T.);
#2025=ORIENTED_EDGE('',*,*,#2022,.T.);
#2027=CARTESIAN_POINT('',(481.2637,233.0000,-219.4499));
#2028=VERTEX_POINT('',#2027);
#2026=EDGE_CURVE('',#2024,#2028,*,.T.);
#2029=ORIENTED_EDGE('',*,*,#2026,.T.);
#2030=EDGE_CURVE('',#2028,#1997,*,.T.);
#2031=ORIENTED_EDGE('',*,*,#2030,.T.);
#2032=EDGE_LOOP('',(#2021,#2025,#2029,#2031));
#2033=FACE_BOUND('',#2032,.T.);
#2034=DIRECTION('',(-0.946930,0.000000,-0.321441));
#2035=DIRECTION('',(0.000000,-1.000000,0.000000));
#2036=AXIS2_PLACEMENT_3D('',#1983,#2034,#2035);
#2037=PLANE('',#2036);
#2038=ADVANCED_FACE('',(#2020,#2033),#2037,.T.);
#2039=ORIENTED_EDGE('',*,*,#2013,.T.);
#2041=CARTESIAN_POINT('',(480.5045,-233.0000,-215.6331));
#2042=VERTEX_POINT('',#2041);
#2040=EDGE_CURVE('',#2011,#2042,*,.T.);
#2043=ORIENTED_EDGE('',*,*,#2040,.T.);
#2045=CARTESIAN_POINT('',(480.5045,-231.0000,-215.6331));
#2046=VERTEX_POINT('',#2045);
#2044=EDGE_CURVE('',#2042,#2046,*,.T.);
#2047=ORIENTED_EDGE('',*,*,#2044,.T.);
#2048=EDGE_CURVE('',#2046,#2015,*,.T.);
#2049=ORIENTED_EDGE('',*,*,#2048,.T.);
#2050=EDGE_LOOP('',(#2039,#2043,#2047,#2049));
#2051=FACE_OUTER_BOUND('',#2050,.T.);
#2052=ORIENTED_EDGE('',*,*,#2026,.T.);
#2054=CARTESIAN_POINT('',(480.5045,231.0000,-215.6331));
#2055=VERTEX_POINT('',#2054);
#2053=EDGE_CURVE('',#2024,#2055,*,.T.);
#2056=ORIENTED_EDGE('',*,*,#2053,.T.);
#2058=CARTESIAN_POINT('',(480.5045,233.0000,-215.6331));
#2059=VERTEX_POINT('',#2058);
#2057=EDGE_CURVE('',#2055,#2059,*,.T.);
#2060=ORIENTED_EDGE('',*,*,#2057,.T.);
#2061=EDGE_CURVE('',#2059,#2028,*,.T.);
#2062=ORIENTED_EDGE('',*,*,#2061,.T.);
#2063=EDGE_LOOP('',(#2052,#2056,#2060,#2062));
#2064=FACE_BOUND('',#2063,.T.);
#2065=DIRECTION('',(-0.980786,0.000000,-0.195089));
#2066=DIRECTION('',(0.000000,-1.000000,0.000000));
#2067=AXIS2_PLACEMENT_3D('',#2014,#2065,#2066);
#2068=PLANE('',#2067);
#2069=ADVANCED_FACE('',(#2051,#2064),#2068,.T.);
#2070=ORIENTED_EDGE('',*,*,#2044,.T.);
#2072=CARTESIAN_POINT('',(480.2500,-233.0000,-211.7500));
#2073=VERTEX_POINT('',#2072);
#2071=EDGE_CURVE('',#2042,#2073,*,.T.);
#2074=ORIENTED_EDGE('',*,*,#2071,.T.);
#2076=CARTESIAN_POINT('',(480.2500,-231.0000,-211.7500));
#2077=VERTEX_POINT('',#2076);
#2075=EDGE_CURVE('',#2073,#2077,*,.T.);
#2078=ORIENTED_EDGE('',*,*,#2075,.T.);
#2079=EDGE_CURVE('',#2077,#2046,*,.T.);
#2080=ORIENTED_EDGE('',*,*,#2079,.T.);
#2081=EDGE_LOOP('',(#2070,#2074,#2078,#2080));
#2082=FACE_OUTER_BOUND('',#2081,.T.);
#2083=ORIENTED_EDGE('',*,*,#2057,.T.);
#2085=CARTESIAN_POINT('',(480.2500,231.0000,-211.7500));
#2086=VERTEX_POINT('',#2085);
#2084=EDGE_CURVE('',#2055,#2086,*,.T.);
#2087=ORIENTED_EDGE('',*,*,#2084,.T.);
#2089=CARTESIAN_POINT('',(480.2500,233.0000,-211.7500));
#2090=VERTEX_POINT('',#2089);
#2088=EDGE_CURVE('',#2086,#2090,*,.T.);
#2091=ORIENTED_EDGE('',*,*,#2088,.T.);
#2092=EDGE_CURVE('',#2090,#2059,*,.T.);
#2093=ORIENTED_EDGE('',*,*,#2092,.T.);
#2094=EDGE_LOOP('',(#2083,#2087,#2091,#2093));
#2095=FACE_BOUND('',#2094,.T.);
#2096=DIRECTION('',(-0.997859,0.000000,-0.065404));
#2097=DIRECTION('',(0.000000,-1.000000,0.000000));
#2098=AXIS2_PLACEMENT_3D('',#2045,#2096,#2097);
#2099=PLANE('',#2098);
#2100=ADVANCED_FACE('',(#2082,#2095),#2099,.T.);
#2101=ORIENTED_EDGE('',*,*,#2075,.T.);
#2103=CARTESIAN_POINT('',(480.5045,-233.0000,-207.8669));
#2104=VERTEX_POINT('',#2103);
#2102=EDGE_CURVE('',#2073,#2104,*,.T.);
#2105=ORIENTED_EDGE('',*,*,#2102,.T.);
#2107=CARTESIAN_POINT('',(480.5045,-231.0000,-207.8669));
#2108=VERTEX_POINT('',#2107);
#2106=EDGE_CURVE('',#2104,#2108,*,.T.);
#2109=ORIENTED_EDGE('',*,*,#2106,.T.);
#2110=EDGE_CURVE('',#2108,#2077,*,.T.);
#2111=ORIENTED_EDGE('',*,*,#2110,.T.);
#2112=EDGE_LOOP('',(#2101,#2105,#2109,#2111));
#2113=FACE_OUTER_BOUND('',#2112,.T.);
#2114=ORIENTED_EDGE('',*,*,#2088,.T.);
#2116=CARTESIAN_POINT('',(480.5045,231.0000,-207.8669));
#2117=VERTEX_POINT('',#2116);
#2115=EDGE_CURVE('',#2086,#2117,*,.T.);
#2118=ORIENTED_EDGE('',*,*,#2115,.T.);
#2120=CARTESIAN_POINT('',(480.5045,233.0000,-207.8669));
#2121=VERTEX_POINT('',#2120);
#2119=EDGE_CURVE('',#2117,#2121,*,.T.);
#2122=ORIENTED_EDGE('',*,*,#2119,.T.);
#2123=EDGE_CURVE('',#2121,#2090,*,.T.);
#2124=ORIENTED_EDGE('',*,*,#2123,.T.);
#2125=EDGE_LOOP('',(#2114,#2118,#2122,#2124));
#2126=FACE_BOUND('',#2125,.T.);
#2127=DIRECTION('',(-0.997859,0.000000,0.065404));
#2128=DIRECTION('',(0.000000,-1.000000,0.000000));
#2129=AXIS2_PLACEMENT_3D('',#2076,#2127,#2128);
#2130=PLANE('',#2129);
#2131=ADVANCED_FACE('',(#2113,#2126),#2130,.T.);
#2132=ORIENTED_EDGE('',*,*,#2106,.T.);
#2134=CARTESIAN_POINT('',(481.2637,-233.0000,-204.0501));
#2135=VERTEX_POINT('',#2134);
#2133=EDGE_CURVE('',#2104,#2135,*,.T.);
#2136=ORIENTED_EDGE('',*,*,#2133,.T.);
#2138=CARTESIAN_POINT('',(481.2637,-231.0000,-204.0501));
#2139=VERTEX_POINT('',#2138);
#2137=EDGE_CURVE('',#2135,#2139,*,.T.);
#2140=ORIENTED_EDGE('',*,*,#2137,.T.);
#2141=EDGE_CURVE('',#2139,#2108,*,.T.);
#2142=ORIENTED_EDGE('',*,*,#2141,.T.);
#2143=EDGE_LOOP('',(#2132,#2136,#2140,#2142));
#2144=FACE_OUTER_BOUND('',#2143,.T.);
#2145=ORIENTED_EDGE('',*,*,#2119,.T.);
#2147=CARTESIAN_POINT('',(481.2637,231.0000,-204.0501));
#2148=VERTEX_POINT('',#2147);
#2146=EDGE_CURVE('',#2117,#2148,*,.T.);
#2149=ORIENTED_EDGE('',*,*,#2146,.T.);
#2151=CARTESIAN_POINT('',(481.2637,233.0000,-204.0501));
#2152=VERTEX_POINT('',#2151);
#2150=EDGE_CURVE('',#2148,#2152,*,.T.);
#2153=ORIENTED_EDGE('',*,*,#2150,.T.);
#2154=EDGE_CURVE('',#2152,#2121,*,.T.);
#2155=ORIENTED_EDGE('',*,*,#2154,.T.);
#2156=EDGE_LOOP('',(#2145,#2149,#2153,#2155));
#2157=FACE_BOUND('',#2156,.T.);
#2158=DIRECTION('',(-0.980786,0.000000,0.195089));
#2159=DIRECTION('',(0.000000,-1.000000,0.000000));
#2160=AXIS2_PLACEMENT_3D('',#2107,#2158,#2159);
#2161=PLANE('',#2160);
#2162=ADVANCED_FACE('',(#2144,#2157),#2161,.T.);
#2163=ORIENTED_EDGE('',*,*,#2137,.T.);
#2165=CARTESIAN_POINT('',(482.5146,-233.0000,-200.3652));
#2166=VERTEX_POINT('',#2165);
#2164=EDGE_CURVE('',#2135,#2166,*,.T.);
#2167=ORIENTED_EDGE('',*,*,#2164,.T.);
#2169=CARTESIAN_POINT('',(482.5146,-231.0000,-200.3652));
#2170=VERTEX_POINT('',#2169);
#2168=EDGE_CURVE('',#2166,#2170,*,.T.);
#2171=ORIENTED_EDGE('',*,*,#2168,.T.);
#2172=EDGE_CURVE('',#2170,#2139,*,.T.);
#2173=ORIENTED_EDGE('',*,*,#2172,.T.);
#2174=EDGE_LOOP('',(#2163,#2167,#2171,#2173));
#2175=FACE_OUTER_BOUND('',#2174,.T.);
#2176=ORIENTED_EDGE('',*,*,#2150,.T.);
#2178=CARTESIAN_POINT('',(482.5146,231.0000,-200.3652));
#2179=VERTEX_POINT('',#2178);
#2177=EDGE_CURVE('',#2148,#2179,*,.T.);
#2180=ORIENTED_EDGE('',*,*,#2177,.T.);
#2182=CARTESIAN_POINT('',(482.5146,233.0000,-200.3652));
#2183=VERTEX_POINT('',#2182);
#2181=EDGE_CURVE('',#2179,#2183,*,.T.);
#2184=ORIENTED_EDGE('',*,*,#2181,.T.);
#2185=EDGE_CURVE('',#2183,#2152,*,.T.);
#2186=ORIENTED_EDGE('',*,*,#2185,.T.);
#2187=EDGE_LOOP('',(#2176,#2180,#2184,#2186));
#2188=FACE_BOUND('',#2187,.T.);
#2189=DIRECTION('',(-0.946930,0.000000,0.321441));
#2190=DIRECTION('',(0.000000,-1.000000,0.000000));
#2191=AXIS2_PLACEMENT_3D('',#2138,#2189,#2190);
#2192=PLANE('',#2191);
#2193=ADVANCED_FACE('',(#2175,#2188),#2192,.T.);
#2194=ORIENTED_EDGE('',*,*,#2168,.T.);
#2196=CARTESIAN_POINT('',(484.2357,-233.0000,-196.8750));
#2197=VERTEX_POINT('',#2196);
#2195=EDGE_CURVE('',#2166,#2197,*,.T.);
#2198=ORIENTED_EDGE('',*,*,#2195,.T.);
#2200=CARTESIAN_POINT('',(484.2357,-231.0000,-196.8750));
#2201=VERTEX_POINT('',#2200);
#2199=EDGE_CURVE('',#2197,#2201,*,.T.);
#2202=ORIENTED_EDGE('',*,*,#2199,.T.);
#2203=EDGE_CURVE('',#2201,#2170,*,.T.);
#2204=ORIENTED_EDGE('',*,*,#2203,.T.);
#2205=EDGE_LOOP('',(#2194,#2198,#2202,#2204));
#2206=FACE_OUTER_BOUND('',#2205,.T.);
#2207=ORIENTED_EDGE('',*,*,#2181,.T.);
#2209=CARTESIAN_POINT('',(484.2357,231.0000,-196.8750));
#2210=VERTEX_POINT('',#2209);
#2208=EDGE_CURVE('',#2179,#2210,*,.T.);
#2211=ORIENTED_EDGE('',*,*,#2208,.T.);
#2213=CARTESIAN_POINT('',(484.2357,233.0000,-196.8750));
#2214=VERTEX_POINT('',#2213);
#2212=EDGE_CURVE('',#2210,#2214,*,.T.);
#2215=ORIENTED_EDGE('',*,*,#2212,.T.);
#2216=EDGE_CURVE('',#2214,#2183,*,.T.);
#2217=ORIENTED_EDGE('',*,*,#2216,.T.);
#2218=EDGE_LOOP('',(#2207,#2211,#2215,#2217));
#2219=FACE_BOUND('',#2218,.T.);
#2220=DIRECTION('',(-0.896873,0.000000,0.442288));
#2221=DIRECTION('',(0.000000,-1.000000,0.000000));
#2222=AXIS2_PLACEMENT_3D('',#2169,#2220,#2221);
#2223=PLANE('',#2222);
#2224=ADVANCED_FACE('',(#2206,#2219),#2223,.T.);
#2225=ORIENTED_EDGE('',*,*,#2199,.T.);
#2227=CARTESIAN_POINT('',(486.3977,-233.0000,-193.6393));
#2228=VERTEX_POINT('',#2227);
#2226=EDGE_CURVE('',#2197,#2228,*,.T.);
#2229=ORIENTED_EDGE('',*,*,#2226,.T.);
#2231=CARTESIAN_POINT('',(486.3977,-231.0000,-193.6393));
#2232=VERTEX_POINT('',#2231);
#2230=EDGE_CURVE('',#2228,#2232,*,.T.);
#2233=ORIENTED_EDGE('',*,*,#2230,.T.);
#2234=EDGE_CURVE('',#2232,#2201,*,.T.);
#2235=ORIENTED_EDGE('',*,*,#2234,.T.);
#2236=EDGE_LOOP('',(#2225,#2229,#2233,#2235));
#2237=FACE_OUTER_BOUND('',#2236,.T.);
#2238=ORIENTED_EDGE('',*,*,#2212,.T.);
#2240=CARTESIAN_POINT('',(486.3977,231.0000,-193.6393));
#2241=VERTEX_POINT('',#2240);
#2239=EDGE_CURVE('',#2210,#2241,*,.T.);
#2242=ORIENTED_EDGE('',*,*,#2239,.T.);
#2244=CARTESIAN_POINT('',(486.3977,233.0000,-193.6393));
#2245=VERTEX_POINT('',#2244);
#2243=EDGE_CURVE('',#2241,#2245,*,.T.);
#2246=ORIENTED_EDGE('',*,*,#2243,.T.);
#2247=EDGE_CURVE('',#2245,#2214,*,.T.);
#2248=ORIENTED_EDGE('',*,*,#2247,.T.);
#2249=EDGE_LOOP('',(#2238,#2242,#2246,#2248));
#2250=FACE_BOUND('',#2249,.T.);
#2251=DIRECTION('',(-0.831471,0.000000,0.555569));
#2252=DIRECTION('',(0.000000,-1.000000,0.000000));
#2253=AXIS2_PLACEMENT_3D('',#2200,#2251,#2252);
#2254=PLANE('',#2253);
#2255=ADVANCED_FACE('',(#2237,#2250),#2254,.T.);
#2256=ORIENTED_EDGE('',*,*,#2230,.T.);
#2258=CARTESIAN_POINT('',(488.9636,-233.0000,-190.7136));
#2259=VERTEX_POINT('',#2258);
#2257=EDGE_CURVE('',#2228,#2259,*,.T.);
#2260=ORIENTED_EDGE('',*,*,#2257,.T.);
#2262=CARTESIAN_POINT('',(488.9636,-231.0000,-190.7136));
#2263=VERTEX_POINT('',#2262);
#2261=EDGE_CURVE('',#2259,#2263,*,.T.);
#2264=ORIENTED_EDGE('',*,*,#2261,.T.);
#2265=EDGE_CURVE('',#2263,#2232,*,.T.);
#2266=ORIENTED_EDGE('',*,*,#2265,.T.);
#2267=EDGE_LOOP('',(#2256,#2260,#2264,#2266));
#2268=FACE_OUTER_BOUND('',#2267,.T.);
#2269=ORIENTED_EDGE('',*,*,#2243,.T.);
#2271=CARTESIAN_POINT('',(488.9636,231.0000,-190.7136));
#2272=VERTEX_POINT('',#2271);
#2270=EDGE_CURVE('',#2241,#2272,*,.T.);
#2273=ORIENTED_EDGE('',*,*,#2270,.T.);
#2275=CARTESIAN_POINT('',(488.9636,233.0000,-190.7136));
#2276=VERTEX_POINT('',#2275);
#2274=EDGE_CURVE('',#2272,#2276,*,.T.);
#2277=ORIENTED_EDGE('',*,*,#2274,.T.);
#2278=EDGE_CURVE('',#2276,#2245,*,.T.);
#2279=ORIENTED_EDGE('',*,*,#2278,.T.);
#2280=EDGE_LOOP('',(#2269,#2273,#2277,#2279));
#2281=FACE_BOUND('',#2280,.T.);
#2282=DIRECTION('',(-0.751840,0.000000,0.659346));
#2283=DIRECTION('',(0.000000,-1.000000,0.000000));
#2284=AXIS2_PLACEMENT_3D('',#2231,#2282,#2283);
#2285=PLANE('',#2284);
#2286=ADVANCED_FACE('',(#2268,#2281),#2285,.T.);
#2287=ORIENTED_EDGE('',*,*,#2261,.T.);
#2289=CARTESIAN_POINT('',(491.8893,-233.0000,-188.1477));
#2290=VERTEX_POINT('',#2289);
#2288=EDGE_CURVE('',#2259,#2290,*,.T.);
#2291=ORIENTED_EDGE('',*,*,#2288,.T.);
#2293=CARTESIAN_POINT('',(491.8893,-231.0000,-188.1477));
#2294=VERTEX_POINT('',#2293);
#2292=EDGE_CURVE('',#2290,#2294,*,.T.);
#2295=ORIENTED_EDGE('',*,*,#2292,.T.);
#2296=EDGE_CURVE('',#2294,#2263,*,.T.);
#2297=ORIENTED_EDGE('',*,*,#2296,.T.);
#2298=EDGE_LOOP('',(#2287,#2291,#2295,#2297));
#2299=FACE_OUTER_BOUND('',#2298,.T.);
#2300=ORIENTED_EDGE('',*,*,#2274,.T.);
#2302=CARTESIAN_POINT('',(491.8893,231.0000,-188.1477));
#2303=VERTEX_POINT('',#2302);
#2301=EDGE_CURVE('',#2272,#2303,*,.T.);
#2304=ORIENTED_EDGE('',*,*,#2301,.T.);
#2306=CARTESIAN_POINT('',(491.8893,233.0000,-188.1477));
#2307=VERTEX_POINT('',#2306);
#2305=EDGE_CURVE('',#2303,#2307,*,.T.);
#2308=ORIENTED_EDGE('',*,*,#2305,.T.);
#2309=EDGE_CURVE('',#2307,#2276,*,.T.);
#2310=ORIENTED_EDGE('',*,*,#2309,.T.);
#2311=EDGE_LOOP('',(#2300,#2304,#2308,#2310));
#2312=FACE_BOUND('',#2311,.T.);
#2313=DIRECTION('',(-0.659346,0.000000,0.751840));
#2314=DIRECTION('',(0.000000,-1.000000,0.000000));
#2315=AXIS2_PLACEMENT_3D('',#2262,#2313,#2314);
#2316=PLANE('',#2315);
#2317=ADVANCED_FACE('',(#2299,#2312),#2316,.T.);
#2318=ORIENTED_EDGE('',*,*,#2292,.T.);
#2320=CARTESIAN_POINT('',(495.1250,-233.0000,-185.9857));
#2321=VERTEX_POINT('',#2320);
#2319=EDGE_CURVE('',#2290,#2321,*,.T.);
#2322=ORIENTED_EDGE('',*,*,#2319,.T.);
#2324=CARTESIAN_POINT('',(495.1250,-231.0000,-185.9857));
#2325=VERTEX_POINT('',#2324);
#2323=EDGE_CURVE('',#2321,#2325,*,.T.);
#2326=ORIENTED_EDGE('',*,*,#2323,.T.);
#2327=EDGE_CURVE('',#2325,#2294,*,.T.);
#2328=ORIENTED_EDGE('',*,*,#2327,.T.);
#2329=EDGE_LOOP('',(#2318,#2322,#2326,#2328));
#2330=FACE_OUTER_BOUND('',#2329,.T.);
#2331=ORIENTED_EDGE('',*,*,#2305,.T.);
#2333=CARTESIAN_POINT('',(495.1250,231.0000,-185.9857));
#2334=VERTEX_POINT('',#2333);
#2332=EDGE_CURVE('',#2303,#2334,*,.T.);
#2335=ORIENTED_EDGE('',*,*,#2332,.T.);
#2337=CARTESIAN_POINT('',(495.1250,233.0000,-185.9857));
#2338=VERTEX_POINT('',#2337);
#2336=EDGE_CURVE('',#2334,#2338,*,.T.);
#2339=ORIENTED_EDGE('',*,*,#2336,.T.);
#2340=EDGE_CURVE('',#2338,#2307,*,.T.);
#2341=ORIENTED_EDGE('',*,*,#2340,.T.);
#2342=EDGE_LOOP('',(#2331,#2335,#2339,#2341));
#2343=FACE_BOUND('',#2342,.T.);
#2344=DIRECTION('',(-0.555569,0.000000,0.831471));
#2345=DIRECTION('',(0.000000,-1.000000,0.000000));
#2346=AXIS2_PLACEMENT_3D('',#2293,#2344,#2345);
#2347=PLANE('',#2346);
#2348=ADVANCED_FACE('',(#2330,#2343),#2347,.T.);
#2349=ORIENTED_EDGE('',*,*,#2323,.T.);
#2351=CARTESIAN_POINT('',(498.6152,-233.0000,-184.2646));
#2352=VERTEX_POINT('',#2351);
#2350=EDGE_CURVE('',#2321,#2352,*,.T.);
#2353=ORIENTED_EDGE('',*,*,#2350,.T.);
#2355=CARTESIAN_POINT('',(498.6152,-231.0000,-184.2646));
#2356=VERTEX_POINT('',#2355);
#2354=EDGE_CURVE('',#2352,#2356,*,.T.);
#2357=ORIENTED_EDGE('',*,*,#2354,.T.);
#2358=EDGE_CURVE('',#2356,#2325,*,.T.);
#2359=ORIENTED_EDGE('',*,*,#2358,.T.);
#2360=EDGE_LOOP('',(#2349,#2353,#2357,#2359));
#2361=FACE_OUTER_BOUND('',#2360,.T.);
#2362=ORIENTED_EDGE('',*,*,#2336,.T.);
#2364=CARTESIAN_POINT('',(498.6152,231.0000,-184.2646));
#2365=VERTEX_POINT('',#2364);
#2363=EDGE_CURVE('',#2334,#2365,*,.T.);
#2366=ORIENTED_EDGE('',*,*,#2363,.T.);
#2368=CARTESIAN_POINT('',(498.6152,233.0000,-184.2646));
#2369=VERTEX_POINT('',#2368);
#2367=EDGE_CURVE('',#2365,#2369,*,.T.);
#2370=ORIENTED_EDGE('',*,*,#2367,.T.);
#2371=EDGE_CURVE('',#2369,#2338,*,.T.);
#2372=ORIENTED_EDGE('',*,*,#2371,.T.);
#2373=EDGE_LOOP('',(#2362,#2366,#2370,#2372));
#2374=FACE_BOUND('',#2373,.T.);
#2375=DIRECTION('',(-0.442288,0.000000,0.896873));
#2376=DIRECTION('',(0.000000,-1.000000,0.000000));
#2377=AXIS2_PLACEMENT_3D('',#2324,#2375,#2376);
#2378=PLANE('',#2377);
#2379=ADVANCED_FACE('',(#2361,#2374),#2378,.T.);
#2380=ORIENTED_EDGE('',*,*,#2354,.T.);
#2382=CARTESIAN_POINT('',(502.3001,-233.0000,-183.0137));
#2383=VERTEX_POINT('',#2382);
#2381=EDGE_CURVE('',#2352,#2383,*,.T.);
#2384=ORIENTED_EDGE('',*,*,#2381,.T.);
#2386=CARTESIAN_POINT('',(502.3001,-231.0000,-183.0137));
#2387=VERTEX_POINT('',#2386);
#2385=EDGE_CURVE('',#2383,#2387,*,.T.);
#2388=ORIENTED_EDGE('',*,*,#2385,.T.);
#2389=EDGE_CURVE('',#2387,#2356,*,.T.);
#2390=ORIENTED_EDGE('',*,*,#2389,.T.);
#2391=EDGE_LOOP('',(#2380,#2384,#2388,#2390));
#2392=FACE_OUTER_BOUND('',#2391,.T.);
#2393=ORIENTED_EDGE('',*,*,#2367,.T.);
#2395=CARTESIAN_POINT('',(502.3001,231.0000,-183.0137));
#2396=VERTEX_POINT('',#2395);
#2394=EDGE_CURVE('',#2365,#2396,*,.T.);
#2397=ORIENTED_EDGE('',*,*,#2394,.T.);
#2399=CARTESIAN_POINT('',(502.3001,233.0000,-183.0137));
#2400=VERTEX_POINT('',#2399);
#2398=EDGE_CURVE('',#2396,#2400,*,.T.);
#2401=ORIENTED_EDGE('',*,*,#2398,.T.);
#2402=EDGE_CURVE('',#2400,#2369,*,.T.);
#2403=ORIENTED_EDGE('',*,*,#2402,.T.);
#2404=EDGE_LOOP('',(#2393,#2397,#2401,#2403));
#2405=FACE_BOUND('',#2404,.T.);
#2406=DIRECTION('',(-0.321441,0.000000,0.946930));
#2407=DIRECTION('',(0.000000,-1.000000,0.000000));
#2408=AXIS2_PLACEMENT_3D('',#2355,#2406,#2407);
#2409=PLANE('',#2408);
#2410=ADVANCED_FACE('',(#2392,#2405),#2409,.T.);
#2411=ORIENTED_EDGE('',*,*,#2385,.T.);
#2413=CARTESIAN_POINT('',(506.1169,-233.0000,-182.2545));
#2414=VERTEX_POINT('',#2413);
#2412=EDGE_CURVE('',#2383,#2414,*,.T.);
#2415=ORIENTED_EDGE('',*,*,#2412,.T.);
#2417=CARTESIAN_POINT('',(506.1169,-231.0000,-182.2545));
#2418=VERTEX_POINT('',#2417);
#2416=EDGE_CURVE('',#2414,#2418,*,.T.);
#2419=ORIENTED_EDGE('',*,*,#2416,.T.);
#2420=EDGE_CURVE('',#2418,#2387,*,.T.);
#2421=ORIENTED_EDGE('',*,*,#2420,.T.);
#2422=EDGE_LOOP('',(#2411,#2415,#2419,#2421));
#2423=FACE_OUTER_BOUND('',#2422,.T.);
#2424=ORIENTED_EDGE('',*,*,#2398,.T.);
#2426=CARTESIAN_POINT('',(506.1169,231.0000,-182.2545));
#2427=VERTEX_POINT('',#2426);
#2425=EDGE_CURVE('',#2396,#2427,*,.T.);
#2428=ORIENTED_EDGE('',*,*,#2425,.T.);
#2430=CARTESIAN_POINT('',(506.1169,233.0000,-182.2545));
#2431=VERTEX_POINT('',#2430);
#2429=EDGE_CURVE('',#2427,#2431,*,.T.);
#2432=ORIENTED_EDGE('',*,*,#2429,.T.);
#2433=EDGE_CURVE('',#2431,#2400,*,.T.);
#2434=ORIENTED_EDGE('',*,*,#2433,.T.);
#2435=EDGE_LOOP('',(#2424,#2428,#2432,#2434));
#2436=FACE_BOUND('',#2435,.T.);
#2437=DIRECTION('',(-0.195089,0.000000,0.980786));
#2438=DIRECTION('',(0.000000,-1.000000,0.000000));
#2439=AXIS2_PLACEMENT_3D('',#2386,#2437,#2438);
#2440=PLANE('',#2439);
#2441=ADVANCED_FACE('',(#2423,#2436),#2440,.T.);
#2442=ORIENTED_EDGE('',*,*,#2416,.T.);
#2443=EDGE_CURVE('',#2414,#979,*,.T.);
#2444=ORIENTED_EDGE('',*,*,#2443,.T.);
#2445=ORIENTED_EDGE('',*,*,#975,.T.);
#2446=EDGE_CURVE('',#977,#2418,*,.T.);
#2447=ORIENTED_EDGE('',*,*,#2446,.T.);
#2448=EDGE_LOOP('',(#2442,#2444,#2445,#2447));
#2449=FACE_OUTER_BOUND('',#2448,.T.);
#2450=ORIENTED_EDGE('',*,*,#2429,.T.);
#2451=EDGE_CURVE('',#2427,#997,*,.T.);
#2452=ORIENTED_EDGE('',*,*,#2451,.T.);
#2453=ORIENTED_EDGE('',*,*,#993,.T.);
#2454=EDGE_CURVE('',#995,#2431,*,.T.);
#2455=ORIENTED_EDGE('',*,*,#2454,.T.);
#2456=EDGE_LOOP('',(#2450,#2452,#2453,#2455));
#2457=FACE_BOUND('',#2456,.T.);
#2458=DIRECTION('',(-0.065404,0.000000,0.997859));
#2459=DIRECTION('',(0.000000,-1.000000,0.000000));
#2460=AXIS2_PLACEMENT_3D('',#2417,#2458,#2459);
#2461=PLANE('',#2460);
#2462=ADVANCED_FACE('',(#2449,#2457),#2461,.T.);
#2463=ORIENTED_EDGE('',*,*,#989,.T.);
#2464=ORIENTED_EDGE('',*,*,#1025,.T.);
#2465=ORIENTED_EDGE('',*,*,#1056,.T.);
#2466=ORIENTED_EDGE('',*,*,#1087,.T.);
#2467=ORIENTED_EDGE('',*,*,#1118,.T.);
#2468=ORIENTED_EDGE('',*,*,#1149,.T.);
#2469=ORIENTED_EDGE('',*,*,#1180,.T.);
#2470=ORIENTED_EDGE('',*,*,#1211,.T.);
#2471=ORIENTED_EDGE('',*,*,#1242,.T.);
#2472=ORIENTED_EDGE('',*,*,#1273,.T.);
#2473=ORIENTED_EDGE('',*,*,#1304,.T.);
#2474=ORIENTED_EDGE('',*,*,#1335,.T.);
#2475=ORIENTED_EDGE('',*,*,#1366,.T.);
#2476=ORIENTED_EDGE('',*,*,#1397,.T.);
#2477=ORIENTED_EDGE('',*,*,#1428,.T.);
#2478=ORIENTED_EDGE('',*,*,#1459,.T.);
#2479=ORIENTED_EDGE('',*,*,#1490,.T.);
#2480=ORIENTED_EDGE('',*,*,#1521,.T.);
#2481=ORIENTED_EDGE('',*,*,#1552,.T.);
#2482=ORIENTED_EDGE('',*,*,#1583,.T.);
#2483=ORIENTED_EDGE('',*,*,#1614,.T.);
#2484=ORIENTED_EDGE('',*,*,#1645,.T.);
#2485=ORIENTED_EDGE('',*,*,#1676,.T.);
#2486=ORIENTED_EDGE('',*,*,#1707,.T.);
#2487=ORIENTED_EDGE('',*,*,#1738,.T.);
#2488=ORIENTED_EDGE('',*,*,#1769,.T.);
#2489=ORIENTED_EDGE('',*,*,#1800,.T.);
#2490=ORIENTED_EDGE('',*,*,#1831,.T.);
#2491=ORIENTED_EDGE('',*,*,#1862,.T.);
#2492=ORIENTED_EDGE('',*,*,#1893,.T.);
#2493=ORIENTED_EDGE('',*,*,#1924,.T.);
#2494=ORIENTED_EDGE('',*,*,#1955,.T.);
#2495=ORIENTED_EDGE('',*,*,#1986,.T.);
#2496=ORIENTED_EDGE('',*,*,#2017,.T.);
#2497=ORIENTED_EDGE('',*,*,#2048,.T.);
#2498=ORIENTED_EDGE('',*,*,#2079,.T.);
#2499=ORIENTED_EDGE('',*,*,#2110,.T.);
#2500=ORIENTED_EDGE('',*,*,#2141,.T.);
#2501=ORIENTED_EDGE('',*,*,#2172,.T.);
#2502=ORIENTED_EDGE('',*,*,#2203,.T.);
#2503=ORIENTED_EDGE('',*,*,#2234,.T.);
#2504=ORIENTED_EDGE('',*,*,#2265,.T.);
#2505=ORIENTED_EDGE('',*,*,#2296,.T.);
#2506=ORIENTED_EDGE('',*,*,#2327,.T.);
#2507=ORIENTED_EDGE('',*,*,#2358,.T.);
#2508=ORIENTED_EDGE('',*,*,#2389,.T.);
#2509=ORIENTED_EDGE('',*,*,#2420,.T.);
#2510=ORIENTED_EDGE('',*,*,#2446,.T.);
#2511=EDGE_LOOP('',(#2463,#2464,#2465,#2466,#2467,#2468,#2469,#2470,#2471,#2472,#2473,#2474,#2475,#2476,#2477,#2478,#2479,#2480,#2481,#2482,#2483,#2484,#2485,#2486,#2487,#2488,#2489,#2490,#2491,#2492,#2493,#2494,#2495,#2496,#2497,#2498,#2499,#2500,#2501,#2502,#2503,#2504,#2505,#2506,#2507,#2508,#2509,#2510));
#2512=FACE_OUTER_BOUND('',#2511,.T.);
#2513=DIRECTION('',(0.000000,1.000000,0.000000));
#2514=DIRECTION('',(0.997859,0.000000,-0.065403));
#2515=AXIS2_PLACEMENT_3D('',#976,#2513,#2514);
#2516=PLANE('',#2515);
#2517=ADVANCED_FACE('',(#2512),#2516,.T.);
#2518=ORIENTED_EDGE('',*,*,#981,.T.);
#2519=ORIENTED_EDGE('',*,*,#2443,.T.);
#2520=ORIENTED_EDGE('',*,*,#2412,.T.);
#2521=ORIENTED_EDGE('',*,*,#2381,.T.);
#2522=ORIENTED_EDGE('',*,*,#2350,.T.);
#2523=ORIENTED_EDGE('',*,*,#2319,.T.);
#2524=ORIENTED_EDGE('',*,*,#2288,.T.);
#2525=ORIENTED_EDGE('',*,*,#2257,.T.);
#2526=ORIENTED_EDGE('',*,*,#2226,.T.);
#2527=ORIENTED_EDGE('',*,*,#2195,.T.);
#2528=ORIENTED_EDGE('',*,*,#2164,.T.);
#2529=ORIENTED_EDGE('',*,*,#2133,.T.);
#2530=ORIENTED_EDGE('',*,*,#2102,.T.);
#2531=ORIENTED_EDGE('',*,*,#2071,.T.);
#2532=ORIENTED_EDGE('',*,*,#2040,.T.);
#2533=ORIENTED_EDGE('',*,*,#2009,.T.);
#2534=ORIENTED_EDGE('',*,*,#1978,.T.);
#2535=ORIENTED_EDGE('',*,*,#1947,.T.);
#2536=ORIENTED_EDGE('',*,*,#1916,.T.);
#2537=ORIENTED_EDGE('',*,*,#1885,.T.);
#2538=ORIENTED_EDGE('',*,*,#1854,.T.);
#2539=ORIENTED_EDGE('',*,*,#1823,.T.);
#2540=ORIENTED_EDGE('',*,*,#1792,.T.);
#2541=ORIENTED_EDGE('',*,*,#1761,.T.);
#2542=ORIENTED_EDGE('',*,*,#1730,.T.);
#2543=ORIENTED_EDGE('',*,*,#1699,.T.);
#2544=ORIENTED_EDGE('',*,*,#1668,.T.);
#2545=ORIENTED_EDGE('',*,*,#1637,.T.);
#2546=ORIENTED_EDGE('',*,*,#1606,.T.);
#2547=ORIENTED_EDGE('',*,*,#1575,.T.);
#2548=ORIENTED_EDGE('',*,*,#1544,.T.);
#2549=ORIENTED_EDGE('',*,*,#1513,.T.);
#2550=ORIENTED_EDGE('',*,*,#1482,.T.);
#2551=ORIENTED_EDGE('',*,*,#1451,.T.);
#2552=ORIENTED_EDGE('',*,*,#1420,.T.);
#2553=ORIENTED_EDGE('',*,*,#1389,.T.);
#2554=ORIENTED_EDGE('',*,*,#1358,.T.);
#2555=ORIENTED_EDGE('',*,*,#1327,.T.);
#2556=ORIENTED_EDGE('',*,*,#1296,.T.);
#2557=ORIENTED_EDGE('',*,*,#1265,.T.);
#2558=ORIENTED_EDGE('',*,*,#1234,.T.);
#2559=ORIENTED_EDGE('',*,*,#1203,.T.);
#2560=ORIENTED_EDGE('',*,*,#1172,.T.);
#2561=ORIENTED_EDGE('',*,*,#1141,.T.);
#2562=ORIENTED_EDGE('',*,*,#1110,.T.);
#2563=ORIENTED_EDGE('',*,*,#1079,.T.);
#2564=ORIENTED_EDGE('',*,*,#1048,.T.);
#2565=ORIENTED_EDGE('',*,*,#1017,.T.);
#2566=EDGE_LOOP('',(#2518,#2519,#2520,#2521,#2522,#2523,#2524,#2525,#2526,#2527,#2528,#2529,#2530,#2531,#2532,#2533,#2534,#2535,#2536,#2537,#2538,#2539,#2540,#2541,#2542,#2543,#2544,#2545,#2546,#2547,#2548,#2549,#2550,#2551,#2552,#2553,#2554,#2555,#2556,#2557,#2558,#2559,#2560,#2561,#2562,#2563,#2564,#2565));
#2567=FACE_OUTER_BOUND('',#2566,.T.);
#2568=DIRECTION('',(0.000000,-1.000000,0.000000));
#2569=DIRECTION('',(-0.997859,0.000000,0.065403));
#2570=AXIS2_PLACEMENT_3D('',#982,#2568,#2569);
#2571=PLANE('',#2570);
#2572=ADVANCED_FACE('',(#2567),#2571,.T.);
#2573=ORIENTED_EDGE('',*,*,#1007,.T.);
#2574=ORIENTED_EDGE('',*,*,#1038,.T.);
#2575=ORIENTED_EDGE('',*,*,#1069,.T.);
#2576=ORIENTED_EDGE('',*,*,#1100,.T.);
#2577=ORIENTED_EDGE('',*,*,#1131,.T.);
#2578=ORIENTED_EDGE('',*,*,#1162,.T.);
#2579=ORIENTED_EDGE('',*,*,#1193,.T.);
#2580=ORIENTED_EDGE('',*,*,#1224,.T.);
#2581=ORIENTED_EDGE('',*,*,#1255,.T.);
#2582=ORIENTED_EDGE('',*,*,#1286,.T.);
#2583=ORIENTED_EDGE('',*,*,#1317,.T.);
#2584=ORIENTED_EDGE('',*,*,#1348,.T.);
#2585=ORIENTED_EDGE('',*,*,#1379,.T.);
#2586=ORIENTED_EDGE('',*,*,#1410,.T.);
#2587=ORIENTED_EDGE('',*,*,#1441,.T.);
#2588=ORIENTED_EDGE('',*,*,#1472,.T.);
#2589=ORIENTED_EDGE('',*,*,#1503,.T.);
#2590=ORIENTED_EDGE('',*,*,#1534,.T.);
#2591=ORIENTED_EDGE('',*,*,#1565,.T.);
#2592=ORIENTED_EDGE('',*,*,#1596,.T.);
#2593=ORIENTED_EDGE('',*,*,#1627,.T.);
#2594=ORIENTED_EDGE('',*,*,#1658,.T.);
#2595=ORIENTED_EDGE('',*,*,#1689,.T.);
#2596=ORIENTED_EDGE('',*,*,#1720,.T.);
#2597=ORIENTED_EDGE('',*,*,#1751,.T.);
#2598=ORIENTED_EDGE('',*,*,#1782,.T.);
#2599=ORIENTED_EDGE('',*,*,#1813,.T.);
#2600=ORIENTED_EDGE('',*,*,#1844,.T.);
#2601=ORIENTED_EDGE('',*,*,#1875,.T.);
#2602=ORIENTED_EDGE('',*,*,#1906,.T.);
#2603=ORIENTED_EDGE('',*,*,#1937,.T.);
#2604=ORIENTED_EDGE('',*,*,#1968,.T.);
#2605=ORIENTED_EDGE('',*,*,#1999,.T.);
#2606=ORIENTED_EDGE('',*,*,#2030,.T.);
#2607=ORIENTED_EDGE('',*,*,#2061,.T.);
#2608=ORIENTED_EDGE('',*,*,#2092,.T.);
#2609=ORIENTED_EDGE('',*,*,#2123,.T.);
#2610=ORIENTED_EDGE('',*,*,#2154,.T.);
#2611=ORIENTED_EDGE('',*,*,#2185,.T.);
#2612=ORIENTED_EDGE('',*,*,#2216,.T.);
#2613=ORIENTED_EDGE('',*,*,#2247,.T.);
#2614=ORIENTED_EDGE('',*,*,#2278,.T.);
#2615=ORIENTED_EDGE('',*,*,#2309,.T.);
#2616=ORIENTED_EDGE('',*,*,#2340,.T.);
#2617=ORIENTED_EDGE('',*,*,#2371,.T.);
#2618=ORIENTED_EDGE('',*,*,#2402,.T.);
#2619=ORIENTED_EDGE('',*,*,#2433,.T.);
#2620=ORIENTED_EDGE('',*,*,#2454,.T.);
#2621=EDGE_LOOP('',(#2573,#2574,#2575,#2576,#2577,#2578,#2579,#2580,#2581,#2582,#2583,#2584,#2585,#2586,#2587,#2588,#2589,#2590,#2591,#2592,#2593,#2594,#2595,#2596,#2597,#2598,#2599,#2600,#2601,#2602,#2603,#2604,#2605,#2606,#2607,#2608,#2609,#2610,#2611,#2612,#2613,#2614,#2615,#2616,#2617,#2618,#2619,#2620));
#2622=FACE_OUTER_BOUND('',#2621,.T.);
#2623=DIRECTION('',(0.000000,1.000000,0.000000));
#2624=DIRECTION('',(0.997859,0.000000,-0.065403));
#2625=AXIS2_PLACEMENT_3D('',#994,#2623,#2624);
#2626=PLANE('',#2625);
#2627=ADVANCED_FACE('',(#2622),#2626,.T.);
#2628=ORIENTED_EDGE('',*,*,#999,.T.);
#2629=ORIENTED_EDGE('',*,*,#2451,.T.);
#2630=ORIENTED_EDGE('',*,*,#2425,.T.);
#2631=ORIENTED_EDGE('',*,*,#2394,.T.);
#2632=ORIENTED_EDGE('',*,*,#2363,.T.);
#2633=ORIENTED_EDGE('',*,*,#2332,.T.);
#2634=ORIENTED_EDGE('',*,*,#2301,.T.);
#2635=ORIENTED_EDGE('',*,*,#2270,.T.);
#2636=ORIENTED_EDGE('',*,*,#2239,.T.);
#2637=ORIENTED_EDGE('',*,*,#2208,.T.);
#2638=ORIENTED_EDGE('',*,*,#2177,.T.);
#2639=ORIENTED_EDGE('',*,*,#2146,.T.);
#2640=ORIENTED_EDGE('',*,*,#2115,.T.);
#2641=ORIENTED_EDGE('',*,*,#2084,.T.);
#2642=ORIENTED_EDGE('',*,*,#2053,.T.);
#2643=ORIENTED_EDGE('',*,*,#2022,.T.);
#2644=ORIENTED_EDGE('',*,*,#1991,.T.);
#2645=ORIENTED_EDGE('',*,*,#1960,.T.);
#2646=ORIENTED_EDGE('',*,*,#1929,.T.);
#2647=ORIENTED_EDGE('',*,*,#1898,.T.);
#2648=ORIENTED_EDGE('',*,*,#1867,.T.);
#2649=ORIENTED_EDGE('',*,*,#1836,.T.);
#2650=ORIENTED_EDGE('',*,*,#1805,.T.);
#2651=ORIENTED_EDGE('',*,*,#1774,.T.);
#2652=ORIENTED_EDGE('',*,*,#1743,.T.);
#2653=ORIENTED_EDGE('',*,*,#1712,.T.);
#2654=ORIENTED_EDGE('',*,*,#1681,.T.);
#2655=ORIENTED_EDGE('',*,*,#1650,.T.);
#2656=ORIENTED_EDGE('',*,*,#1619,.T.);
#2657=ORIENTED_EDGE('',*,*,#1588,.T.);
#2658=ORIENTED_EDGE('',*,*,#1557,.T.);
#2659=ORIENTED_EDGE('',*,*,#1526,.T.);
#2660=ORIENTED_EDGE('',*,*,#1495,.T.);
#2661=ORIENTED_EDGE('',*,*,#1464,.T.);
#2662=ORIENTED_EDGE('',*,*,#1433,.T.);
#2663=ORIENTED_EDGE('',*,*,#1402,.T.);
#2664=ORIENTED_EDGE('',*,*,#1371,.T.);
#2665=ORIENTED_EDGE('',*,*,#1340,.T.);
#2666=ORIENTED_EDGE('',*,*,#1309,.T.);
#2667=ORIENTED_EDGE('',*,*,#1278,.T.);
#2668=ORIENTED_EDGE('',*,*,#1247,.T.);
#2669=ORIENTED_EDGE('',*,*,#1216,.T.);
#2670=ORIENTED_EDGE('',*,*,#1185,.T.);
#2671=ORIENTED_EDGE('',*,*,#1154,.T.);
#2672=ORIENTED_EDGE('',*,*,#1123,.T.);
#2673=ORIENTED_EDGE('',*,*,#1092,.T.);
#2674=ORIENTED_EDGE('',*,*,#1061,.T.);
#2675=ORIENTED_EDGE('',*,*,#1030,.T.);
#2676=EDGE_LOOP('',(#2628,#2629,#2630,#2631,#2632,#2633,#2634,#2635,#2636,#2637,#2638,#2639,#2640,#2641,#2642,#2643,#2644,#2645,#2646,#2647,#2648,#2649,#2650,#2651,#2652,#2653,#2654,#2655,#2656,#2657,#2658,#2659,#2660,#2661,#2662,#2663,#2664,#2665,#2666,#2667,#2668,#2669,#2670,#2671,#2672,#2673,#2674,#2675));
#2677=FACE_OUTER_BOUND('',#2676,.T.);
#2678=DIRECTION('',(0.000000,-1.000000,0.000000));
#2679=DIRECTION('',(-0.997859,0.000000,0.065403));
#2680=AXIS2_PLACEMENT_3D('',#1000,#2678,#2679);
#2681=PLANE('',#2680);
#2682=ADVANCED_FACE('',(#2677),#2681,.T.);
#2684=CARTESIAN_POINT('',(510.0000,235.0000,-204.2500));
#2685=VERTEX_POINT('',#2684);
#2686=CARTESIAN_POINT('',(510.0000,-235.0000,-204.2500));
#2687=VERTEX_POINT('',#2686);
#2683=EDGE_CURVE('',#2685,#2687,*,.T.);
#2688=ORIENTED_EDGE('',*,*,#2683,.T.);
#2690=CARTESIAN_POINT('',(511.9411,-235.0000,-204.5056));
#2691=VERTEX_POINT('',#2690);
#2689=EDGE_CURVE('',#2687,#2691,*,.T.);
#2692=ORIENTED_EDGE('',*,*,#2689,.T.);
#2694=CARTESIAN_POINT('',(511.9411,235.0000,-204.5056));
#2695=VERTEX_POINT('',#2694);
#2693=EDGE_CURVE('',#2691,#2695,*,.T.);
#2696=ORIENTED_EDGE('',*,*,#2693,.T.);
#2697=EDGE_CURVE('',#2695,#2685,*,.T.);
#2698=ORIENTED_EDGE('',*,*,#2697,.T.);
#2699=EDGE_LOOP('',(#2688,#2692,#2696,#2698));
#2700=FACE_OUTER_BOUND('',#2699,.T.);
#2701=DIRECTION('',(0.130526,0.000000,0.991445));
#2702=DIRECTION('',(0.000000,-1.000000,0.000000));
#2703=AXIS2_PLACEMENT_3D('',#2684,#2701,#2702);
#2704=PLANE('',#2703);
#2705=ADVANCED_FACE('',(#2700),#2704,.T.);
#2706=ORIENTED_EDGE('',*,*,#2693,.T.);
#2708=CARTESIAN_POINT('',(513.7500,-235.0000,-205.2548));
#2709=VERTEX_POINT('',#2708);
#2707=EDGE_CURVE('',#2691,#2709,*,.T.);
#2710=ORIENTED_EDGE('',*,*,#2707,.T.);
#2712=CARTESIAN_POINT('',(513.7500,235.0000,-205.2548));
#2713=VERTEX_POINT('',#2712);
#2711=EDGE_CURVE('',#2709,#2713,*,.T.);
#2714=ORIENTED_EDGE('',*,*,#2711,.T.);
#2715=EDGE_CURVE('',#2713,#2695,*,.T.);
#2716=ORIENTED_EDGE('',*,*,#2715,.T.);
#2717=EDGE_LOOP('',(#2706,#2710,#2714,#2716));
#2718=FACE_OUTER_BOUND('',#2717,.T.);
#2719=DIRECTION('',(0.382681,0.000000,0.923881));
#2720=DIRECTION('',(0.000000,-1.000000,0.000000));
#2721=AXIS2_PLACEMENT_3D('',#2694,#2719,#2720);
#2722=PLANE('',#2721);
#2723=ADVANCED_FACE('',(#2718),#2722,.T.);
#2724=ORIENTED_EDGE('',*,*,#2711,.T.);
#2726=CARTESIAN_POINT('',(515.3033,-235.0000,-206.4467));
#2727=VERTEX_POINT('',#2726);
#2725=EDGE_CURVE('',#2709,#2727,*,.T.);
#2728=ORIENTED_EDGE('',*,*,#2725,.T.);
#2730=CARTESIAN_POINT('',(515.3033,235.0000,-206.4467));
#2731=VERTEX_POINT('',#2730);
#2729=EDGE_CURVE('',#2727,#2731,*,.T.);
#2732=ORIENTED_EDGE('',*,*,#2729,.T.);
#2733=EDGE_CURVE('',#2731,#2713,*,.T.);
#2734=ORIENTED_EDGE('',*,*,#2733,.T.);
#2735=EDGE_LOOP('',(#2724,#2728,#2732,#2734));
#2736=FACE_OUTER_BOUND('',#2735,.T.);
#2737=DIRECTION('',(0.608767,0.000000,0.793349));
#2738=DIRECTION('',(0.000000,-1.000000,0.000000));
#2739=AXIS2_PLACEMENT_3D('',#2712,#2737,#2738);
#2740=PLANE('',#2739);
#2741=ADVANCED_FACE('',(#2736),#2740,.T.);
#2742=ORIENTED_EDGE('',*,*,#2729,.T.);
#2744=CARTESIAN_POINT('',(516.4952,-235.0000,-208.0000));
#2745=VERTEX_POINT('',#2744);
#2743=EDGE_CURVE('',#2727,#2745,*,.T.);
#2746=ORIENTED_EDGE('',*,*,#2743,.T.);
#2748=CARTESIAN_POINT('',(516.4952,235.0000,-208.0000));
#2749=VERTEX_POINT('',#2748);
#2747=EDGE_CURVE('',#2745,#2749,*,.T.);
#2750=ORIENTED_EDGE('',*,*,#2747,.T.);
#2751=EDGE_CURVE('',#2749,#2731,*,.T.);
#2752=ORIENTED_EDGE('',*,*,#2751,.T.);
#2753=EDGE_LOOP('',(#2742,#2746,#2750,#2752));
#2754=FACE_OUTER_BOUND('',#2753,.T.);
#2755=DIRECTION('',(0.793352,0.000000,0.608763));
#2756=DIRECTION('',(0.000000,-1.000000,0.000000));
#2757=AXIS2_PLACEMENT_3D('',#2730,#2755,#2756);
#2758=PLANE('',#2757);
#2759=ADVANCED_FACE('',(#2754),#2758,.T.);
#2760=ORIENTED_EDGE('',*,*,#2747,.T.);
#2762=CARTESIAN_POINT('',(517.2444,-235.0000,-209.8089));
#2763=VERTEX_POINT('',#2762);
#2761=EDGE_CURVE('',#2745,#2763,*,.T.);
#2764=ORIENTED_EDGE('',*,*,#2761,.T.);
#2766=CARTESIAN_POINT('',(517.2444,235.0000,-209.8089));
#2767=VERTEX_POINT('',#2766);
#2765=EDGE_CURVE('',#2763,#2767,*,.T.);
#2768=ORIENTED_EDGE('',*,*,#2765,.T.);
#2769=EDGE_CURVE('',#2767,#2749,*,.T.);
#2770=ORIENTED_EDGE('',*,*,#2769,.T.);
#2771=EDGE_LOOP('',(#2760,#2764,#2768,#2770));
#2772=FACE_OUTER_BOUND('',#2771,.T.);
#2773=DIRECTION('',(0.923877,0.000000,0.382690));
#2774=DIRECTION('',(0.000000,-1.000000,0.000000));
#2775=AXIS2_PLACEMENT_3D('',#2748,#2773,#2774);
#2776=PLANE('',#2775);
#2777=ADVANCED_FACE('',(#2772),#2776,.T.);
#2778=ORIENTED_EDGE('',*,*,#2765,.T.);
#2780=CARTESIAN_POINT('',(517.5000,-235.0000,-211.7500));
#2781=VERTEX_POINT('',#2780);
#2779=EDGE_CURVE('',#2763,#2781,*,.T.);
#2782=ORIENTED_EDGE('',*,*,#2779,.T.);
#2784=CARTESIAN_POINT('',(517.5000,235.0000,-211.7500));
#2785=VERTEX_POINT('',#2784);
#2783=EDGE_CURVE('',#2781,#2785,*,.T.);
#2786=ORIENTED_EDGE('',*,*,#2783,.T.);
#2787=EDGE_CURVE('',#2785,#2767,*,.T.);
#2788=ORIENTED_EDGE('',*,*,#2787,.T.);
#2789=EDGE_LOOP('',(#2778,#2782,#2786,#2788));
#2790=FACE_OUTER_BOUND('',#2789,.T.);
#2791=DIRECTION('',(0.991445,0.000000,0.130525));
#2792=DIRECTION('',(0.000000,-1.000000,0.000000));
#2793=AXIS2_PLACEMENT_3D('',#2766,#2791,#2792);
#2794=PLANE('',#2793);
#2795=ADVANCED_FACE('',(#2790),#2794,.T.);
#2796=ORIENTED_EDGE('',*,*,#2783,.T.);
#2798=CARTESIAN_POINT('',(517.2444,-235.0000,-213.6911));
#2799=VERTEX_POINT('',#2798);
#2797=EDGE_CURVE('',#2781,#2799,*,.T.);
#2800=ORIENTED_EDGE('',*,*,#2797,.T.);
#2802=CARTESIAN_POINT('',(517.2444,235.0000,-213.6911));
#2803=VERTEX_POINT('',#2802);
#2801=EDGE_CURVE('',#2799,#2803,*,.T.);
#2804=ORIENTED_EDGE('',*,*,#2801,.T.);
#2805=EDGE_CURVE('',#2803,#2785,*,.T.);
#2806=ORIENTED_EDGE('',*,*,#2805,.T.);
#2807=EDGE_LOOP('',(#2796,#2800,#2804,#2806));
#2808=FACE_OUTER_BOUND('',#2807,.T.);
#2809=DIRECTION('',(0.991445,0.000000,-0.130525));
#2810=DIRECTION('',(0.000000,-1.000000,0.000000));
#2811=AXIS2_PLACEMENT_3D('',#2784,#2809,#2810);
#2812=PLANE('',#2811);
#2813=ADVANCED_FACE('',(#2808),#2812,.T.);
#2814=ORIENTED_EDGE('',*,*,#2801,.T.);
#2816=CARTESIAN_POINT('',(516.4952,-235.0000,-215.5000));
#2817=VERTEX_POINT('',#2816);
#2815=EDGE_CURVE('',#2799,#2817,*,.T.);
#2818=ORIENTED_EDGE('',*,*,#2815,.T.);
#2820=CARTESIAN_POINT('',(516.4952,235.0000,-215.5000));
#2821=VERTEX_POINT('',#2820);
#2819=EDGE_CURVE('',#2817,#2821,*,.T.);
#2822=ORIENTED_EDGE('',*,*,#2819,.T.);
#2823=EDGE_CURVE('',#2821,#2803,*,.T.);
#2824=ORIENTED_EDGE('',*,*,#2823,.T.);
#2825=EDGE_LOOP('',(#2814,#2818,#2822,#2824));
#2826=FACE_OUTER_BOUND('',#2825,.T.);
#2827=DIRECTION('',(0.923877,0.000000,-0.382690));
#2828=DIRECTION('',(0.000000,-1.000000,0.000000));
#2829=AXIS2_PLACEMENT_3D('',#2802,#2827,#2828);
#2830=PLANE('',#2829);
#2831=ADVANCED_FACE('',(#2826),#2830,.T.);
#2832=ORIENTED_EDGE('',*,*,#2819,.T.);
#2834=CARTESIAN_POINT('',(515.3033,-235.0000,-217.0533));
#2835=VERTEX_POINT('',#2834);
#2833=EDGE_CURVE('',#2817,#2835,*,.T.);
#2836=ORIENTED_EDGE('',*,*,#2833,.T.);
#2838=CARTESIAN_POINT('',(515.3033,235.0000,-217.0533));
#2839=VERTEX_POINT('',#2838);
#2837=EDGE_CURVE('',#2835,#2839,*,.T.);
#2840=ORIENTED_EDGE('',*,*,#2837,.T.);
#2841=EDGE_CURVE('',#2839,#2821,*,.T.);
#2842=ORIENTED_EDGE('',*,*,#2841,.T.);
#2843=EDGE_LOOP('',(#2832,#2836,#2840,#2842));
#2844=FACE_OUTER_BOUND('',#2843,.T.);
#2845=DIRECTION('',(0.793352,0.000000,-0.608763));
#2846=DIRECTION('',(0.000000,-1.000000,0.000000));
#2847=AXIS2_PLACEMENT_3D('',#2820,#2845,#2846);
#2848=PLANE('',#2847);
#2849=ADVANCED_FACE('',(#2844),#2848,.T.);
#2850=ORIENTED_EDGE('',*,*,#2837,.T.);
#2852=CARTESIAN_POINT('',(513.7500,-235.0000,-218.2452));
#2853=VERTEX_POINT('',#2852);
#2851=EDGE_CURVE('',#2835,#2853,*,.T.);
#2854=ORIENTED_EDGE('',*,*,#2851,.T.);
#2856=CARTESIAN_POINT('',(513.7500,235.0000,-218.2452));
#2857=VERTEX_POINT('',#2856);
#2855=EDGE_CURVE('',#2853,#2857,*,.T.);
#2858=ORIENTED_EDGE('',*,*,#2855,.T.);
#2859=EDGE_CURVE('',#2857,#2839,*,.T.);
#2860=ORIENTED_EDGE('',*,*,#2859,.T.);
#2861=EDGE_LOOP('',(#2850,#2854,#2858,#2860));
#2862=FACE_OUTER_BOUND('',#2861,.T.);
#2863=DIRECTION('',(0.608767,0.000000,-0.793349));
#2864=DIRECTION('',(0.000000,-1.000000,0.000000));
#2865=AXIS2_PLACEMENT_3D('',#2838,#2863,#2864);
#2866=PLANE('',#2865);
#2867=ADVANCED_FACE('',(#2862),#2866,.T.);
#2868=ORIENTED_EDGE('',*,*,#2855,.T.);
#2870=CARTESIAN_POINT('',(511.9411,-235.0000,-218.9944));
#2871=VERTEX_POINT('',#2870);
#2869=EDGE_CURVE('',#2853,#2871,*,.T.);
#2872=ORIENTED_EDGE('',*,*,#2869,.T.);
#2874=CARTESIAN_POINT('',(511.9411,235.0000,-218.9944));
#2875=VERTEX_POINT('',#2874);
#2873=EDGE_CURVE('',#2871,#2875,*,.T.);
#2876=ORIENTED_EDGE('',*,*,#2873,.T.);
#2877=EDGE_CURVE('',#2875,#2857,*,.T.);
#2878=ORIENTED_EDGE('',*,*,#2877,.T.);
#2879=EDGE_LOOP('',(#2868,#2872,#2876,#2878));
#2880=FACE_OUTER_BOUND('',#2879,.T.);
#2881=DIRECTION('',(0.382681,0.000000,-0.923881));
#2882=DIRECTION('',(0.000000,-1.000000,0.000000));
#2883=AXIS2_PLACEMENT_3D('',#2856,#2881,#2882);
#2884=PLANE('',#2883);
#2885=ADVANCED_FACE('',(#2880),#2884,.T.);
#2886=ORIENTED_EDGE('',*,*,#2873,.T.);
#2888=CARTESIAN_POINT('',(510.0000,-235.0000,-219.2500));
#2889=VERTEX_POINT('',#2888);
#2887=EDGE_CURVE('',#2871,#2889,*,.T.);
#2890=ORIENTED_EDGE('',*,*,#2887,.T.);
#2892=CARTESIAN_POINT('',(510.0000,235.0000,-219.2500));
#2893=VERTEX_POINT('',#2892);
#2891=EDGE_CURVE('',#2889,#2893,*,.T.);
#2894=ORIENTED_EDGE('',*,*,#2891,.T.);
#2895=EDGE_CURVE('',#2893,#2875,*,.T.);
#2896=ORIENTED_EDGE('',*,*,#2895,.T.);
#2897=EDGE_LOOP('',(#2886,#2890,#2894,#2896));
#2898=FACE_OUTER_BOUND('',#2897,.T.);
#2899=DIRECTION('',(0.130526,0.000000,-0.991445));
#2900=DIRECTION('',(0.000000,-1.000000,0.000000));
#2901=AXIS2_PLACEMENT_3D('',#2874,#2899,#2900);
#2902=PLANE('',#2901);
#2903=ADVANCED_FACE('',(#2898),#2902,.T.);
#2904=ORIENTED_EDGE('',*,*,#2891,.T.);
#2906=CARTESIAN_POINT('',(508.0589,-235.0000,-218.9944));
#2907=VERTEX_POINT('',#2906);
#2905=EDGE_CURVE('',#2889,#2907,*,.T.);
#2908=ORIENTED_EDGE('',*,*,#2905,.T.);
#2910=CARTESIAN_POINT('',(508.0589,235.0000,-218.9944));
#2911=VERTEX_POINT('',#2910);
#2909=EDGE_CURVE('',#2907,#2911,*,.T.);
#2912=ORIENTED_EDGE('',*,*,#2909,.T.);
#2913=EDGE_CURVE('',#2911,#2893,*,.T.);
#2914=ORIENTED_EDGE('',*,*,#2913,.T.);
#2915=EDGE_LOOP('',(#2904,#2908,#2912,#2914));
#2916=FACE_OUTER_BOUND('',#2915,.T.);
#2917=DIRECTION('',(-0.130526,0.000000,-0.991445));
#2918=DIRECTION('',(0.000000,-1.000000,0.000000));
#2919=AXIS2_PLACEMENT_3D('',#2892,#2917,#2918);
#2920=PLANE('',#2919);
#2921=ADVANCED_FACE('',(#2916),#2920,.T.);
#2922=ORIENTED_EDGE('',*,*,#2909,.T.);
#2924=CARTESIAN_POINT('',(506.2500,-235.0000,-218.2452));
#2925=VERTEX_POINT('',#2924);
#2923=EDGE_CURVE('',#2907,#2925,*,.T.);
#2926=ORIENTED_EDGE('',*,*,#2923,.T.);
#2928=CARTESIAN_POINT('',(506.2500,235.0000,-218.2452));
#2929=VERTEX_POINT('',#2928);
#2927=EDGE_CURVE('',#2925,#2929,*,.T.);
#2930=ORIENTED_EDGE('',*,*,#2927,.T.);
#2931=EDGE_CURVE('',#2929,#2911,*,.T.);
#2932=ORIENTED_EDGE('',*,*,#2931,.T.);
#2933=EDGE_LOOP('',(#2922,#2926,#2930,#2932));
#2934=FACE_OUTER_BOUND('',#2933,.T.);
#2935=DIRECTION('',(-0.382681,0.000000,-0.923881));
#2936=DIRECTION('',(0.000000,-1.000000,0.000000));
#2937=AXIS2_PLACEMENT_3D('',#2910,#2935,#2936);
#2938=PLANE('',#2937);
#2939=ADVANCED_FACE('',(#2934),#2938,.T.);
#2940=ORIENTED_EDGE('',*,*,#2927,.T.);
#2942=CARTESIAN_POINT('',(504.6967,-235.0000,-217.0533));
#2943=VERTEX_POINT('',#2942);
#2941=EDGE_CURVE('',#2925,#2943,*,.T.);
#2944=ORIENTED_EDGE('',*,*,#2941,.T.);
#2946=CARTESIAN_POINT('',(504.6967,235.0000,-217.0533));
#2947=VERTEX_POINT('',#2946);
#2945=EDGE_CURVE('',#2943,#2947,*,.T.);
#2948=ORIENTED_EDGE('',*,*,#2945,.T.);
#2949=EDGE_CURVE('',#2947,#2929,*,.T.);
#2950=ORIENTED_EDGE('',*,*,#2949,.T.);
#2951=EDGE_LOOP('',(#2940,#2944,#2948,#2950));
#2952=FACE_OUTER_BOUND('',#2951,.T.);
#2953=DIRECTION('',(-0.608760,0.000000,-0.793355));
#2954=DIRECTION('',(0.000000,-1.000000,0.000000));
#2955=AXIS2_PLACEMENT_3D('',#2928,#2953,#2954);
#2956=PLANE('',#2955);
#2957=ADVANCED_FACE('',(#2952),#2956,.T.);
#2958=ORIENTED_EDGE('',*,*,#2945,.T.);
#2960=CARTESIAN_POINT('',(503.5048,-235.0000,-215.5000));
#2961=VERTEX_POINT('',#2960);
#2959=EDGE_CURVE('',#2943,#2961,*,.T.);
#2962=ORIENTED_EDGE('',*,*,#2959,.T.);
#2964=CARTESIAN_POINT('',(503.5048,235.0000,-215.5000));
#2965=VERTEX_POINT('',#2964);
#2963=EDGE_CURVE('',#2961,#2965,*,.T.);
#2966=ORIENTED_EDGE('',*,*,#2963,.T.);
#2967=EDGE_CURVE('',#2965,#2947,*,.T.);
#2968=ORIENTED_EDGE('',*,*,#2967,.T.);
#2969=EDGE_LOOP('',(#2958,#2962,#2966,#2968));
#2970=FACE_OUTER_BOUND('',#2969,.T.);
#2971=DIRECTION('',(-0.793359,0.000000,-0.608754));
#2972=DIRECTION('',(0.000000,-1.000000,0.000000));
#2973=AXIS2_PLACEMENT_3D('',#2946,#2971,#2972);
#2974=PLANE('',#2973);
#2975=ADVANCED_FACE('',(#2970),#2974,.T.);
#2976=ORIENTED_EDGE('',*,*,#2963,.T.);
#2978=CARTESIAN_POINT('',(502.7556,-235.0000,-213.6911));
#2979=VERTEX_POINT('',#2978);
#2977=EDGE_CURVE('',#2961,#2979,*,.T.);
#2980=ORIENTED_EDGE('',*,*,#2977,.T.);
#2982=CARTESIAN_POINT('',(502.7556,235.0000,-213.6911));
#2983=VERTEX_POINT('',#2982);
#2981=EDGE_CURVE('',#2979,#2983,*,.T.);
#2984=ORIENTED_EDGE('',*,*,#2981,.T.);
#2985=EDGE_CURVE('',#2983,#2965,*,.T.);
#2986=ORIENTED_EDGE('',*,*,#2985,.T.);
#2987=EDGE_LOOP('',(#2976,#2980,#2984,#2986));
#2988=FACE_OUTER_BOUND('',#2987,.T.);
#2989=DIRECTION('',(-0.923877,0.000000,-0.382690));
#2990=DIRECTION('',(0.000000,-1.000000,0.000000));
#2991=AXIS2_PLACEMENT_3D('',#2964,#2989,#2990);
#2992=PLANE('',#2991);
#2993=ADVANCED_FACE('',(#2988),#2992,.T.);
#2994=ORIENTED_EDGE('',*,*,#2981,.T.);
#2996=CARTESIAN_POINT('',(502.5000,-235.0000,-211.7500));
#2997=VERTEX_POINT('',#2996);
#2995=EDGE_CURVE('',#2979,#2997,*,.T.);
#2998=ORIENTED_EDGE('',*,*,#2995,.T.);
#3000=CARTESIAN_POINT('',(502.5000,235.0000,-211.7500));
#3001=VERTEX_POINT('',#3000);
#2999=EDGE_CURVE('',#2997,#3001,*,.T.);
#3002=ORIENTED_EDGE('',*,*,#2999,.T.);
#3003=EDGE_CURVE('',#3001,#2983,*,.T.);
#3004=ORIENTED_EDGE('',*,*,#3003,.T.);
#3005=EDGE_LOOP('',(#2994,#2998,#3002,#3004));
#3006=FACE_OUTER_BOUND('',#3005,.T.);
#3007=DIRECTION('',(-0.991445,0.000000,-0.130525));
#3008=DIRECTION('',(0.000000,-1.000000,0.000000));
#3009=AXIS2_PLACEMENT_3D('',#2982,#3007,#3008);
#3010=PLANE('',#3009);
#3011=ADVANCED_FACE('',(#3006),#3010,.T.);
#3012=ORIENTED_EDGE('',*,*,#2999,.T.);
#3014=CARTESIAN_POINT('',(502.7556,-235.0000,-209.8089));
#3015=VERTEX_POINT('',#3014);
#3013=EDGE_CURVE('',#2997,#3015,*,.T.);
#3016=ORIENTED_EDGE('',*,*,#3013,.T.);
#3018=CARTESIAN_POINT('',(502.7556,235.0000,-209.8089));
#3019=VERTEX_POINT('',#3018);
#3017=EDGE_CURVE('',#3015,#3019,*,.T.);
#3020=ORIENTED_EDGE('',*,*,#3017,.T.);
#3021=EDGE_CURVE('',#3019,#3001,*,.T.);
#3022=ORIENTED_EDGE('',*,*,#3021,.T.);
#3023=EDGE_LOOP('',(#3012,#3016,#3020,#3022));
#3024=FACE_OUTER_BOUND('',#3023,.T.);
#3025=DIRECTION('',(-0.991445,0.000000,0.130525));
#3026=DIRECTION('',(0.000000,-1.000000,0.000000));
#3027=AXIS2_PLACEMENT_3D('',#3000,#3025,#3026);
#3028=PLANE('',#3027);
#3029=ADVANCED_FACE('',(#3024),#3028,.T.);
#3030=ORIENTED_EDGE('',*,*,#3017,.T.);
#3032=CARTESIAN_POINT('',(503.5048,-235.0000,-208.0000));
#3033=VERTEX_POINT('',#3032);
#3031=EDGE_CURVE('',#3015,#3033,*,.T.);
#3034=ORIENTED_EDGE('',*,*,#3031,.T.);
#3036=CARTESIAN_POINT('',(503.5048,235.0000,-208.0000));
#3037=VERTEX_POINT('',#3036);
#3035=EDGE_CURVE('',#3033,#3037,*,.T.);
#3038=ORIENTED_EDGE('',*,*,#3035,.T.);
#3039=EDGE_CURVE('',#3037,#3019,*,.T.);
#3040=ORIENTED_EDGE('',*,*,#3039,.T.);
#3041=EDGE_LOOP('',(#3030,#3034,#3038,#3040));
#3042=FACE_OUTER_BOUND('',#3041,.T.);
#3043=DIRECTION('',(-0.923877,0.000000,0.382690));
#3044=DIRECTION('',(0.000000,-1.000000,0.000000));
#3045=AXIS2_PLACEMENT_3D('',#3018,#3043,#3044);
#3046=PLANE('',#3045);
#3047=ADVANCED_FACE('',(#3042),#3046,.T.);
#3048=ORIENTED_EDGE('',*,*,#3035,.T.);
#3050=CARTESIAN_POINT('',(504.6967,-235.0000,-206.4467));
#3051=VERTEX_POINT('',#3050);
#3049=EDGE_CURVE('',#3033,#3051,*,.T.);
#3052=ORIENTED_EDGE('',*,*,#3049,.T.);
#3054=CARTESIAN_POINT('',(504.6967,235.0000,-206.4467));
#3055=VERTEX_POINT('',#3054);
#3053=EDGE_CURVE('',#3051,#3055,*,.T.);
#3056=ORIENTED_EDGE('',*,*,#3053,.T.);
#3057=EDGE_CURVE('',#3055,#3037,*,.T.);
#3058=ORIENTED_EDGE('',*,*,#3057,.T.);
#3059=EDGE_LOOP('',(#3048,#3052,#3056,#3058));
#3060=FACE_OUTER_BOUND('',#3059,.T.);
#3061=DIRECTION('',(-0.793359,0.000000,0.608754));
#3062=DIRECTION('',(0.000000,-1.000000,0.000000));
#3063=AXIS2_PLACEMENT_3D('',#3036,#3061,#3062);
#3064=PLANE('',#3063);
#3065=ADVANCED_FACE('',(#3060),#3064,.T.);
#3066=ORIENTED_EDGE('',*,*,#3053,.T.);
#3068=CARTESIAN_POINT('',(506.2500,-235.0000,-205.2548));
#3069=VERTEX_POINT('',#3068);
#3067=EDGE_CURVE('',#3051,#3069,*,.T.);
#3070=ORIENTED_EDGE('',*,*,#3067,.T.);
#3072=CARTESIAN_POINT('',(506.2500,235.0000,-205.2548));
#3073=VERTEX_POINT('',#3072);
#3071=EDGE_CURVE('',#3069,#3073,*,.T.);
#3074=ORIENTED_EDGE('',*,*,#3071,.T.);
#3075=EDGE_CURVE('',#3073,#3055,*,.T.);
#3076=ORIENTED_EDGE('',*,*,#3075,.T.);
#3077=EDGE_LOOP('',(#3066,#3070,#3074,#3076));
#3078=FACE_OUTER_BOUND('',#3077,.T.);
#3079=DIRECTION('',(-0.608760,0.000000,0.793355));
#3080=DIRECTION('',(0.000000,-1.000000,0.000000));
#3081=AXIS2_PLACEMENT_3D('',#3054,#3079,#3080);
#3082=PLANE('',#3081);
#3083=ADVANCED_FACE('',(#3078),#3082,.T.);
#3084=ORIENTED_EDGE('',*,*,#3071,.T.);
#3086=CARTESIAN_POINT('',(508.0589,-235.0000,-204.5056));
#3087=VERTEX_POINT('',#3086);
#3085=EDGE_CURVE('',#3069,#3087,*,.T.);
#3088=ORIENTED_EDGE('',*,*,#3085,.T.);
#3090=CARTESIAN_POINT('',(508.0589,235.0000,-204.5056));
#3091=VERTEX_POINT('',#3090);
#3089=EDGE_CURVE('',#3087,#3091,*,.T.);
#3092=ORIENTED_EDGE('',*,*,#3089,.T.);
#3093=EDGE_CURVE('',#3091,#3073,*,.T.);
#3094=ORIENTED_EDGE('',*,*,#3093,.T.);
#3095=EDGE_LOOP('',(#3084,#3088,#3092,#3094));
#3096=FACE_OUTER_BOUND('',#3095,.T.);
#3097=DIRECTION('',(-0.382681,0.000000,0.923881));
#3098=DIRECTION('',(0.000000,-1.000000,0.000000));
#3099=AXIS2_PLACEMENT_3D('',#3072,#3097,#3098);
#3100=PLANE('',#3099);
#3101=ADVANCED_FACE('',(#3096),#3100,.T.);
#3102=ORIENTED_EDGE('',*,*,#3089,.T.);
#3103=EDGE_CURVE('',#3087,#2687,*,.T.);
#3104=ORIENTED_EDGE('',*,*,#3103,.T.);
#3105=ORIENTED_EDGE('',*,*,#2683,.T.);
#3106=EDGE_CURVE('',#2685,#3091,*,.T.);
#3107=ORIENTED_EDGE('',*,*,#3106,.T.);
#3108=EDGE_LOOP('',(#3102,#3104,#3105,#3107));
#3109=FACE_OUTER_BOUND('',#3108,.T.);
#3110=DIRECTION('',(-0.130526,0.000000,0.991445));
#3111=DIRECTION('',(0.000000,-1.000000,0.000000));
#3112=AXIS2_PLACEMENT_3D('',#3090,#3110,#3111);
#3113=PLANE('',#3112);
#3114=ADVANCED_FACE('',(#3109),#3113,.T.);
#3115=ORIENTED_EDGE('',*,*,#2697,.T.);
#3116=ORIENTED_EDGE('',*,*,#2715,.T.);
#3117=ORIENTED_EDGE('',*,*,#2733,.T.);
#3118=ORIENTED_EDGE('',*,*,#2751,.T.);
#3119=ORIENTED_EDGE('',*,*,#2769,.T.);
#3120=ORIENTED_EDGE('',*,*,#2787,.T.);
#3121=ORIENTED_EDGE('',*,*,#2805,.T.);
#3122=ORIENTED_EDGE('',*,*,#2823,.T.);
#3123=ORIENTED_EDGE('',*,*,#2841,.T.);
#3124=ORIENTED_EDGE('',*,*,#2859,.T.);
#3125=ORIENTED_EDGE('',*,*,#2877,.T.);
#3126=ORIENTED_EDGE('',*,*,#2895,.T.);
#3127=ORIENTED_EDGE('',*,*,#2913,.T.);
#3128=ORIENTED_EDGE('',*,*,#2931,.T.);
#3129=ORIENTED_EDGE('',*,*,#2949,.T.);
#3130=ORIENTED_EDGE('',*,*,#2967,.T.);
#3131=ORIENTED_EDGE('',*,*,#2985,.T.);
#3132=ORIENTED_EDGE('',*,*,#3003,.T.);
#3133=ORIENTED_EDGE('',*,*,#3021,.T.);
#3134=ORIENTED_EDGE('',*,*,#3039,.T.);
#3135=ORIENTED_EDGE('',*,*,#3057,.T.);
#3136=ORIENTED_EDGE('',*,*,#3075,.T.);
#3137=ORIENTED_EDGE('',*,*,#3093,.T.);
#3138=ORIENTED_EDGE('',*,*,#3106,.T.);
#3139=EDGE_LOOP('',(#3115,#3116,#3117,#3118,#3119,#3120,#3121,#3122,#3123,#3124,#3125,#3126,#3127,#3128,#3129,#3130,#3131,#3132,#3133,#3134,#3135,#3136,#3137,#3138));
#3140=FACE_OUTER_BOUND('',#3139,.T.);
#3141=DIRECTION('',(0.000000,1.000000,0.000000));
#3142=DIRECTION('',(0.991445,0.000000,-0.130526));
#3143=AXIS2_PLACEMENT_3D('',#2684,#3141,#3142);
#3144=PLANE('',#3143);
#3145=ADVANCED_FACE('',(#3140),#3144,.T.);
#3146=ORIENTED_EDGE('',*,*,#2689,.T.);
#3147=ORIENTED_EDGE('',*,*,#3103,.T.);
#3148=ORIENTED_EDGE('',*,*,#3085,.T.);
#3149=ORIENTED_EDGE('',*,*,#3067,.T.);
#3150=ORIENTED_EDGE('',*,*,#3049,.T.);
#3151=ORIENTED_EDGE('',*,*,#3031,.T.);
#3152=ORIENTED_EDGE('',*,*,#3013,.T.);
#3153=ORIENTED_EDGE('',*,*,#2995,.T.);
#3154=ORIENTED_EDGE('',*,*,#2977,.T.);
#3155=ORIENTED_EDGE('',*,*,#2959,.T.);
#3156=ORIENTED_EDGE('',*,*,#2941,.T.);
#3157=ORIENTED_EDGE('',*,*,#2923,.T.);
#3158=ORIENTED_EDGE('',*,*,#2905,.T.);
#3159=ORIENTED_EDGE('',*,*,#2887,.T.);
#3160=ORIENTED_EDGE('',*,*,#2869,.T.);
#3161=ORIENTED_EDGE('',*,*,#2851,.T.);
#3162=ORIENTED_EDGE('',*,*,#2833,.T.);
#3163=ORIENTED_EDGE('',*,*,#2815,.T.);
#3164=ORIENTED_EDGE('',*,*,#2797,.T.);
#3165=ORIENTED_EDGE('',*,*,#2779,.T.);
#3166=ORIENTED_EDGE('',*,*,#2761,.T.);
#3167=ORIENTED_EDGE('',*,*,#2743,.T.);
#3168=ORIENTED_EDGE('',*,*,#2725,.T.);
#3169=ORIENTED_EDGE('',*,*,#2707,.T.);
#3170=EDGE_LOOP('',(#3146,#3147,#3148,#3149,#3150,#3151,#3152,#3153,#3154,#3155,#3156,#3157,#3158,#3159,#3160,#3161,#3162,#3163,#3164,#3165,#3166,#3167,#3168,#3169));
#3171=FACE_OUTER_BOUND('',#3170,.T.);
#3172=DIRECTION('',(0.000000,-1.000000,0.000000));
#3173=DIRECTION('',(-0.991445,0.000000,0.130526));
#3174=AXIS2_PLACEMENT_3D('',#2690,#3172,#3173);
#3175=PLANE('',#3174);
#3176=ADVANCED_FACE('',(#3171),#3175,.T.);
#3178=CARTESIAN_POINT('',(510.0000,-247.0000,-205.2500));
#3179=VERTEX_POINT('',#3178);
#3180=CARTESIAN_POINT('',(510.0000,-241.0000,-205.2500));
#3181=VERTEX_POINT('',#3180);
#3177=EDGE_CURVE('',#3179,#3181,*,.T.);
#3182=ORIENTED_EDGE('',*,*,#3177,.T.);
#3184=CARTESIAN_POINT('',(508.3177,-241.0000,-205.4715));
#3185=VERTEX_POINT('',#3184);
#3183=EDGE_CURVE('',#3181,#3185,*,.T.);
#3186=ORIENTED_EDGE('',*,*,#3183,.T.);
#3188=CARTESIAN_POINT('',(508.3177,-247.0000,-205.4715));
#3189=VERTEX_POINT('',#3188);
#3187=EDGE_CURVE('',#3185,#3189,*,.T.);
#3190=ORIENTED_EDGE('',*,*,#3187,.T.);
#3191=EDGE_CURVE('',#3189,#3179,*,.T.);
#3192=ORIENTED_EDGE('',*,*,#3191,.T.);
#3193=EDGE_LOOP('',(#3182,#3186,#3190,#3192));
#3194=FACE_OUTER_BOUND('',#3193,.T.);
#3196=CARTESIAN_POINT('',(508.3177,247.0000,-205.4715));
#3197=VERTEX_POINT('',#3196);
#3198=CARTESIAN_POINT('',(508.3177,241.0000,-205.4715));
#3199=VERTEX_POINT('',#3198);
#3195=EDGE_CURVE('',#3197,#3199,*,.T.);
#3200=ORIENTED_EDGE('',*,*,#3195,.T.);
#3202=CARTESIAN_POINT('',(510.0000,241.0000,-205.2500));
#3203=VERTEX_POINT('',#3202);
#3201=EDGE_CURVE('',#3199,#3203,*,.T.);
#3204=ORIENTED_EDGE('',*,*,#3201,.T.);
#3206=CARTESIAN_POINT('',(510.0000,247.0000,-205.2500));
#3207=VERTEX_POINT('',#3206);
#3205=EDGE_CURVE('',#3203,#3207,*,.T.);
#3208=ORIENTED_EDGE('',*,*,#3205,.T.);
#3209=EDGE_CURVE('',#3207,#3197,*,.T.);
#3210=ORIENTED_EDGE('',*,*,#3209,.T.);
#3211=EDGE_LOOP('',(#3200,#3204,#3208,#3210));
#3212=FACE_BOUND('',#3211,.T.);
#3213=DIRECTION('',(-0.130527,0.000000,0.991445));
#3214=DIRECTION('',(0.000000,1.000000,0.000000));
#3215=AXIS2_PLACEMENT_3D('',#3178,#3213,#3214);
#3216=PLANE('',#3215);
#3217=ADVANCED_FACE('',(#3194,#3212),#3216,.T.);
#3218=ORIENTED_EDGE('',*,*,#3187,.T.);
#3220=CARTESIAN_POINT('',(506.7500,-241.0000,-206.1208));
#3221=VERTEX_POINT('',#3220);
#3219=EDGE_CURVE('',#3185,#3221,*,.T.);
#3222=ORIENTED_EDGE('',*,*,#3219,.T.);
#3224=CARTESIAN_POINT('',(506.7500,-247.0000,-206.1208));
#3225=VERTEX_POINT('',#3224);
#3223=EDGE_CURVE('',#3221,#3225,*,.T.);
#3226=ORIENTED_EDGE('',*,*,#3223,.T.);
#3227=EDGE_CURVE('',#3225,#3189,*,.T.);
#3228=ORIENTED_EDGE('',*,*,#3227,.T.);
#3229=EDGE_LOOP('',(#3218,#3222,#3226,#3228));
#3230=FACE_OUTER_BOUND('',#3229,.T.);
#3232=CARTESIAN_POINT('',(506.7500,247.0000,-206.1208));
#3233=VERTEX_POINT('',#3232);
#3234=CARTESIAN_POINT('',(506.7500,241.0000,-206.1208));
#3235=VERTEX_POINT('',#3234);
#3231=EDGE_CURVE('',#3233,#3235,*,.T.);
#3236=ORIENTED_EDGE('',*,*,#3231,.T.);
#3237=EDGE_CURVE('',#3235,#3199,*,.T.);
#3238=ORIENTED_EDGE('',*,*,#3237,.T.);
#3239=ORIENTED_EDGE('',*,*,#3195,.T.);
#3240=EDGE_CURVE('',#3197,#3233,*,.T.);
#3241=ORIENTED_EDGE('',*,*,#3240,.T.);
#3242=EDGE_LOOP('',(#3236,#3238,#3239,#3241));
#3243=FACE_BOUND('',#3242,.T.);
#3244=DIRECTION('',(-0.382681,0.000000,0.923880));
#3245=DIRECTION('',(0.000000,1.000000,0.000000));
#3246=AXIS2_PLACEMENT_3D('',#3188,#3244,#3245);
#3247=PLANE('',#3246);
#3248=ADVANCED_FACE('',(#3230,#3243),#3247,.T.);
#3249=ORIENTED_EDGE('',*,*,#3223,.T.);
#3251=CARTESIAN_POINT('',(505.4038,-241.0000,-207.1538));
#3252=VERTEX_POINT('',#3251);
#3250=EDGE_CURVE('',#3221,#3252,*,.T.);
#3253=ORIENTED_EDGE('',*,*,#3250,.T.);
#3255=CARTESIAN_POINT('',(505.4038,-247.0000,-207.1538));
#3256=VERTEX_POINT('',#3255);
#3254=EDGE_CURVE('',#3252,#3256,*,.T.);
#3257=ORIENTED_EDGE('',*,*,#3254,.T.);
#3258=EDGE_CURVE('',#3256,#3225,*,.T.);
#3259=ORIENTED_EDGE('',*,*,#3258,.T.);
#3260=EDGE_LOOP('',(#3249,#3253,#3257,#3259));
#3261=FACE_OUTER_BOUND('',#3260,.T.);
#3263=CARTESIAN_POINT('',(505.4038,247.0000,-207.1538));
#3264=VERTEX_POINT('',#3263);
#3265=CARTESIAN_POINT('',(505.4038,241.0000,-207.1538));
#3266=VERTEX_POINT('',#3265);
#3262=EDGE_CURVE('',#3264,#3266,*,.T.);
#3267=ORIENTED_EDGE('',*,*,#3262,.T.);
#3268=EDGE_CURVE('',#3266,#3235,*,.T.);
#3269=ORIENTED_EDGE('',*,*,#3268,.T.);
#3270=ORIENTED_EDGE('',*,*,#3231,.T.);
#3271=EDGE_CURVE('',#3233,#3264,*,.T.);
#3272=ORIENTED_EDGE('',*,*,#3271,.T.);
#3273=EDGE_LOOP('',(#3267,#3269,#3270,#3272));
#3274=FACE_BOUND('',#3273,.T.);
#3275=DIRECTION('',(-0.608763,0.000000,0.793352));
#3276=DIRECTION('',(0.000000,1.000000,0.000000));
#3277=AXIS2_PLACEMENT_3D('',#3224,#3275,#3276);
#3278=PLANE('',#3277);
#3279=ADVANCED_FACE('',(#3261,#3274),#3278,.T.);
#3280=ORIENTED_EDGE('',*,*,#3254,.T.);
#3282=CARTESIAN_POINT('',(504.3708,-241.0000,-208.5000));
#3283=VERTEX_POINT('',#3282);
#3281=EDGE_CURVE('',#3252,#3283,*,.T.);
#3284=ORIENTED_EDGE('',*,*,#3281,.T.);
#3286=CARTESIAN_POINT('',(504.3708,-247.0000,-208.5000));
#3287=VERTEX_POINT('',#3286);
#3285=EDGE_CURVE('',#3283,#3287,*,.T.);
#3288=ORIENTED_EDGE('',*,*,#3285,.T.);
#3289=EDGE_CURVE('',#3287,#3256,*,.T.);
#3290=ORIENTED_EDGE('',*,*,#3289,.T.);
#3291=EDGE_LOOP('',(#3280,#3284,#3288,#3290));
#3292=FACE_OUTER_BOUND('',#3291,.T.);
#3294=CARTESIAN_POINT('',(504.3708,247.0000,-208.5000));
#3295=VERTEX_POINT('',#3294);
#3296=CARTESIAN_POINT('',(504.3708,241.0000,-208.5000));
#3297=VERTEX_POINT('',#3296);
#3293=EDGE_CURVE('',#3295,#3297,*,.T.);
#3298=ORIENTED_EDGE('',*,*,#3293,.T.);
#3299=EDGE_CURVE('',#3297,#3266,*,.T.);
#3300=ORIENTED_EDGE('',*,*,#3299,.T.);
#3301=ORIENTED_EDGE('',*,*,#3262,.T.);
#3302=EDGE_CURVE('',#3264,#3295,*,.T.);
#3303=ORIENTED_EDGE('',*,*,#3302,.T.);
#3304=EDGE_LOOP('',(#3298,#3300,#3301,#3303));
#3305=FACE_BOUND('',#3304,.T.);
#3306=DIRECTION('',(-0.793356,0.000000,0.608758));
#3307=DIRECTION('',(0.000000,1.000000,0.000000));
#3308=AXIS2_PLACEMENT_3D('',#3255,#3306,#3307);
#3309=PLANE('',#3308);
#3310=ADVANCED_FACE('',(#3292,#3305),#3309,.T.);
#3311=ORIENTED_EDGE('',*,*,#3285,.T.);
#3313=CARTESIAN_POINT('',(503.7215,-241.0000,-210.0677));
#3314=VERTEX_POINT('',#3313);
#3312=EDGE_CURVE('',#3283,#3314,*,.T.);
#3315=ORIENTED_EDGE('',*,*,#3312,.T.);
#3317=CARTESIAN_POINT('',(503.7215,-247.0000,-210.0677));
#3318=VERTEX_POINT('',#3317);
#3316=EDGE_CURVE('',#3314,#3318,*,.T.);
#3319=ORIENTED_EDGE('',*,*,#3316,.T.);
#3320=EDGE_CURVE('',#3318,#3287,*,.T.);
#3321=ORIENTED_EDGE('',*,*,#3320,.T.);
#3322=EDGE_LOOP('',(#3311,#3315,#3319,#3321));
#3323=FACE_OUTER_BOUND('',#3322,.T.);
#3325=CARTESIAN_POINT('',(503.7215,247.0000,-210.0677));
#3326=VERTEX_POINT('',#3325);
#3327=CARTESIAN_POINT('',(503.7215,241.0000,-210.0677));
#3328=VERTEX_POINT('',#3327);
#3324=EDGE_CURVE('',#3326,#3328,*,.T.);
#3329=ORIENTED_EDGE('',*,*,#3324,.T.);
#3330=EDGE_CURVE('',#3328,#3297,*,.T.);
#3331=ORIENTED_EDGE('',*,*,#3330,.T.);
#3332=ORIENTED_EDGE('',*,*,#3293,.T.);
#3333=EDGE_CURVE('',#3295,#3326,*,.T.);
#3334=ORIENTED_EDGE('',*,*,#3333,.T.);
#3335=EDGE_LOOP('',(#3329,#3331,#3332,#3334));
#3336=FACE_BOUND('',#3335,.T.);
#3337=DIRECTION('',(-0.923879,0.000000,0.382684));
#3338=DIRECTION('',(0.000000,1.000000,0.000000));
#3339=AXIS2_PLACEMENT_3D('',#3286,#3337,#3338);
#3340=PLANE('',#3339);
#3341=ADVANCED_FACE('',(#3323,#3336),#3340,.T.);
#3342=ORIENTED_EDGE('',*,*,#3316,.T.);
#3344=CARTESIAN_POINT('',(503.5000,-241.0000,-211.7500));
#3345=VERTEX_POINT('',#3344);
#3343=EDGE_CURVE('',#3314,#3345,*,.T.);
#3346=ORIENTED_EDGE('',*,*,#3343,.T.);
#3348=CARTESIAN_POINT('',(503.5000,-247.0000,-211.7500));
#3349=VERTEX_POINT('',#3348);
#3347=EDGE_CURVE('',#3345,#3349,*,.T.);
#3350=ORIENTED_EDGE('',*,*,#3347,.T.);
#3351=EDGE_CURVE('',#3349,#3318,*,.T.);
#3352=ORIENTED_EDGE('',*,*,#3351,.T.);
#3353=EDGE_LOOP('',(#3342,#3346,#3350,#3352));
#3354=FACE_OUTER_BOUND('',#3353,.T.);
#3356=CARTESIAN_POINT('',(503.5000,247.0000,-211.7500));
#3357=VERTEX_POINT('',#3356);
#3358=CARTESIAN_POINT('',(503.5000,241.0000,-211.7500));
#3359=VERTEX_POINT('',#3358);
#3355=EDGE_CURVE('',#3357,#3359,*,.T.);
#3360=ORIENTED_EDGE('',*,*,#3355,.T.);
#3361=EDGE_CURVE('',#3359,#3328,*,.T.);
#3362=ORIENTED_EDGE('',*,*,#3361,.T.);
#3363=ORIENTED_EDGE('',*,*,#3324,.T.);
#3364=EDGE_CURVE('',#3326,#3357,*,.T.);
#3365=ORIENTED_EDGE('',*,*,#3364,.T.);
#3366=EDGE_LOOP('',(#3360,#3362,#3363,#3365));
#3367=FACE_BOUND('',#3366,.T.);
#3368=DIRECTION('',(-0.991444,0.000000,0.130534));
#3369=DIRECTION('',(0.000000,1.000000,0.000000));
#3370=AXIS2_PLACEMENT_3D('',#3317,#3368,#3369);
#3371=PLANE('',#3370);
#3372=ADVANCED_FACE('',(#3354,#3367),#3371,.T.);
#3373=ORIENTED_EDGE('',*,*,#3347,.T.);
#3375=CARTESIAN_POINT('',(503.7215,-241.0000,-213.4323));
#3376=VERTEX_POINT('',#3375);
#3374=EDGE_CURVE('',#3345,#3376,*,.T.);
#3377=ORIENTED_EDGE('',*,*,#3374,.T.);
#3379=CARTESIAN_POINT('',(503.7215,-247.0000,-213.4323));
#3380=VERTEX_POINT('',#3379);
#3378=EDGE_CURVE('',#3376,#3380,*,.T.);
#3381=ORIENTED_EDGE('',*,*,#3378,.T.);
#3382=EDGE_CURVE('',#3380,#3349,*,.T.);
#3383=ORIENTED_EDGE('',*,*,#3382,.T.);
#3384=EDGE_LOOP('',(#3373,#3377,#3381,#3383));
#3385=FACE_OUTER_BOUND('',#3384,.T.);
#3387=CARTESIAN_POINT('',(503.7215,247.0000,-213.4323));
#3388=VERTEX_POINT('',#3387);
#3389=CARTESIAN_POINT('',(503.7215,241.0000,-213.4323));
#3390=VERTEX_POINT('',#3389);
#3386=EDGE_CURVE('',#3388,#3390,*,.T.);
#3391=ORIENTED_EDGE('',*,*,#3386,.T.);
#3392=EDGE_CURVE('',#3390,#3359,*,.T.);
#3393=ORIENTED_EDGE('',*,*,#3392,.T.);
#3394=ORIENTED_EDGE('',*,*,#3355,.T.);
#3395=EDGE_CURVE('',#3357,#3388,*,.T.);
#3396=ORIENTED_EDGE('',*,*,#3395,.T.);
#3397=EDGE_LOOP('',(#3391,#3393,#3394,#3396));
#3398=FACE_BOUND('',#3397,.T.);
#3399=DIRECTION('',(-0.991444,0.000000,-0.130534));
#3400=DIRECTION('',(0.000000,1.000000,0.000000));
#3401=AXIS2_PLACEMENT_3D('',#3348,#3399,#3400);
#3402=PLANE('',#3401);
#3403=ADVANCED_FACE('',(#3385,#3398),#3402,.T.);
#3404=ORIENTED_EDGE('',*,*,#3378,.T.);
#3406=CARTESIAN_POINT('',(504.3708,-241.0000,-215.0000));
#3407=VERTEX_POINT('',#3406);
#3405=EDGE_CURVE('',#3376,#3407,*,.T.);
#3408=ORIENTED_EDGE('',*,*,#3405,.T.);
#3410=CARTESIAN_POINT('',(504.3708,-247.0000,-215.0000));
#3411=VERTEX_POINT('',#3410);
#3409=EDGE_CURVE('',#3407,#3411,*,.T.);
#3412=ORIENTED_EDGE('',*,*,#3409,.T.);
#3413=EDGE_CURVE('',#3411,#3380,*,.T.);
#3414=ORIENTED_EDGE('',*,*,#3413,.T.);
#3415=EDGE_LOOP('',(#3404,#3408,#3412,#3414));
#3416=FACE_OUTER_BOUND('',#3415,.T.);
#3418=CARTESIAN_POINT('',(504.3708,247.0000,-215.0000));
#3419=VERTEX_POINT('',#3418);
#3420=CARTESIAN_POINT('',(504.3708,241.0000,-215.0000));
#3421=VERTEX_POINT('',#3420);
#3417=EDGE_CURVE('',#3419,#3421,*,.T.);
#3422=ORIENTED_EDGE('',*,*,#3417,.T.);
#3423=EDGE_CURVE('',#3421,#3390,*,.T.);
#3424=ORIENTED_EDGE('',*,*,#3423,.T.);
#3425=ORIENTED_EDGE('',*,*,#3386,.T.);
#3426=EDGE_CURVE('',#3388,#3419,*,.T.);
#3427=ORIENTED_EDGE('',*,*,#3426,.T.);
#3428=EDGE_LOOP('',(#3422,#3424,#3425,#3427));
#3429=FACE_BOUND('',#3428,.T.);
#3430=DIRECTION('',(-0.923879,0.000000,-0.382684));
#3431=DIRECTION('',(0.000000,1.000000,0.000000));
#3432=AXIS2_PLACEMENT_3D('',#3379,#3430,#3431);
#3433=PLANE('',#3432);
#3434=ADVANCED_FACE('',(#3416,#3429),#3433,.T.);
#3435=ORIENTED_EDGE('',*,*,#3409,.T.);
#3437=CARTESIAN_POINT('',(505.4038,-241.0000,-216.3462));
#3438=VERTEX_POINT('',#3437);
#3436=EDGE_CURVE('',#3407,#3438,*,.T.);
#3439=ORIENTED_EDGE('',*,*,#3436,.T.);
#3441=CARTESIAN_POINT('',(505.4038,-247.0000,-216.3462));
#3442=VERTEX_POINT('',#3441);
#3440=EDGE_CURVE('',#3438,#3442,*,.T.);
#3443=ORIENTED_EDGE('',*,*,#3440,.T.);
#3444=EDGE_CURVE('',#3442,#3411,*,.T.);
#3445=ORIENTED_EDGE('',*,*,#3444,.T.);
#3446=EDGE_LOOP('',(#3435,#3439,#3443,#3445));
#3447=FACE_OUTER_BOUND('',#3446,.T.);
#3449=CARTESIAN_POINT('',(505.4038,247.0000,-216.3462));
#3450=VERTEX_POINT('',#3449);
#3451=CARTESIAN_POINT('',(505.4038,241.0000,-216.3462));
#3452=VERTEX_POINT('',#3451);
#3448=EDGE_CURVE('',#3450,#3452,*,.T.);
#3453=ORIENTED_EDGE('',*,*,#3448,.T.);
#3454=EDGE_CURVE('',#3452,#3421,*,.T.);
#3455=ORIENTED_EDGE('',*,*,#3454,.T.);
#3456=ORIENTED_EDGE('',*,*,#3417,.T.);
#3457=EDGE_CURVE('',#3419,#3450,*,.T.);
#3458=ORIENTED_EDGE('',*,*,#3457,.T.);
#3459=EDGE_LOOP('',(#3453,#3455,#3456,#3458));
#3460=FACE_BOUND('',#3459,.T.);
#3461=DIRECTION('',(-0.793356,0.000000,-0.608758));
#3462=DIRECTION('',(0.000000,1.000000,0.000000));
#3463=AXIS2_PLACEMENT_3D('',#3410,#3461,#3462);
#3464=PLANE('',#3463);
#3465=ADVANCED_FACE('',(#3447,#3460),#3464,.T.);
#3466=ORIENTED_EDGE('',*,*,#3440,.T.);
#3468=CARTESIAN_POINT('',(506.7500,-241.0000,-217.3792));
#3469=VERTEX_POINT('',#3468);
#3467=EDGE_CURVE('',#3438,#3469,*,.T.);
#3470=ORIENTED_EDGE('',*,*,#3467,.T.);
#3472=CARTESIAN_POINT('',(506.7500,-247.0000,-217.3792));
#3473=VERTEX_POINT('',#3472);
#3471=EDGE_CURVE('',#3469,#3473,*,.T.);
#3474=ORIENTED_EDGE('',*,*,#3471,.T.);
#3475=EDGE_CURVE('',#3473,#3442,*,.T.);
#3476=ORIENTED_EDGE('',*,*,#3475,.T.);
#3477=EDGE_LOOP('',(#3466,#3470,#3474,#3476));
#3478=FACE_OUTER_BOUND('',#3477,.T.);
#3480=CARTESIAN_POINT('',(506.7500,247.0000,-217.3792));
#3481=VERTEX_POINT('',#3480);
#3482=CARTESIAN_POINT('',(506.7500,241.0000,-217.3792));
#3483=VERTEX_POINT('',#3482);
#3479=EDGE_CURVE('',#3481,#3483,*,.T.);
#3484=ORIENTED_EDGE('',*,*,#3479,.T.);
#3485=EDGE_CURVE('',#3483,#3452,*,.T.);
#3486=ORIENTED_EDGE('',*,*,#3485,.T.);
#3487=ORIENTED_EDGE('',*,*,#3448,.T.);
#3488=EDGE_CURVE('',#3450,#3481,*,.T.);
#3489=ORIENTED_EDGE('',*,*,#3488,.T.);
#3490=EDGE_LOOP('',(#3484,#3486,#3487,#3489));
#3491=FACE_BOUND('',#3490,.T.);
#3492=DIRECTION('',(-0.608763,0.000000,-0.793352));
#3493=DIRECTION('',(0.000000,1.000000,0.000000));
#3494=AXIS2_PLACEMENT_3D('',#3441,#3492,#3493);
#3495=PLANE('',#3494);
#3496=ADVANCED_FACE('',(#3478,#3491),#3495,.T.);
#3497=ORIENTED_EDGE('',*,*,#3471,.T.);
#3499=CARTESIAN_POINT('',(508.3177,-241.0000,-218.0285));
#3500=VERTEX_POINT('',#3499);
#3498=EDGE_CURVE('',#3469,#3500,*,.T.);
#3501=ORIENTED_EDGE('',*,*,#3498,.T.);
#3503=CARTESIAN_POINT('',(508.3177,-247.0000,-218.0285));
#3504=VERTEX_POINT('',#3503);
#3502=EDGE_CURVE('',#3500,#3504,*,.T.);
#3505=ORIENTED_EDGE('',*,*,#3502,.T.);
#3506=EDGE_CURVE('',#3504,#3473,*,.T.);
#3507=ORIENTED_EDGE('',*,*,#3506,.T.);
#3508=EDGE_LOOP('',(#3497,#3501,#3505,#3507));
#3509=FACE_OUTER_BOUND('',#3508,.T.);
#3511=CARTESIAN_POINT('',(508.3177,247.0000,-218.0285));
#3512=VERTEX_POINT('',#3511);
#3513=CARTESIAN_POINT('',(508.3177,241.0000,-218.0285));
#3514=VERTEX_POINT('',#3513);
#3510=EDGE_CURVE('',#3512,#3514,*,.T.);
#3515=ORIENTED_EDGE('',*,*,#3510,.T.);
#3516=EDGE_CURVE('',#3514,#3483,*,.T.);
#3517=ORIENTED_EDGE('',*,*,#3516,.T.);
#3518=ORIENTED_EDGE('',*,*,#3479,.T.);
#3519=EDGE_CURVE('',#3481,#3512,*,.T.);
#3520=ORIENTED_EDGE('',*,*,#3519,.T.);
#3521=EDGE_LOOP('',(#3515,#3517,#3518,#3520));
#3522=FACE_BOUND('',#3521,.T.);
#3523=DIRECTION('',(-0.382681,0.000000,-0.923880));
#3524=DIRECTION('',(0.000000,1.000000,0.000000));
#3525=AXIS2_PLACEMENT_3D('',#3472,#3523,#3524);
#3526=PLANE('',#3525);
#3527=ADVANCED_FACE('',(#3509,#3522),#3526,.T.);
#3528=ORIENTED_EDGE('',*,*,#3502,.T.);
#3530=CARTESIAN_POINT('',(510.0000,-241.0000,-218.2500));
#3531=VERTEX_POINT('',#3530);
#3529=EDGE_CURVE('',#3500,#3531,*,.T.);
#3532=ORIENTED_EDGE('',*,*,#3529,.T.);
#3534=CARTESIAN_POINT('',(510.0000,-247.0000,-218.2500));
#3535=VERTEX_POINT('',#3534);
#3533=EDGE_CURVE('',#3531,#3535,*,.T.);
#3536=ORIENTED_EDGE('',*,*,#3533,.T.);
#3537=EDGE_CURVE('',#3535,#3504,*,.T.);
#3538=ORIENTED_EDGE('',*,*,#3537,.T.);
#3539=EDGE_LOOP('',(#3528,#3532,#3536,#3538));
#3540=FACE_OUTER_BOUND('',#3539,.T.);
#3542=CARTESIAN_POINT('',(510.0000,247.0000,-218.2500));
#3543=VERTEX_POINT('',#3542);
#3544=CARTESIAN_POINT('',(510.0000,241.0000,-218.2500));
#3545=VERTEX_POINT('',#3544);
#3541=EDGE_CURVE('',#3543,#3545,*,.T.);
#3546=ORIENTED_EDGE('',*,*,#3541,.T.);
#3547=EDGE_CURVE('',#3545,#3514,*,.T.);
#3548=ORIENTED_EDGE('',*,*,#3547,.T.);
#3549=ORIENTED_EDGE('',*,*,#3510,.T.);
#3550=EDGE_CURVE('',#3512,#3543,*,.T.);
#3551=ORIENTED_EDGE('',*,*,#3550,.T.);
#3552=EDGE_LOOP('',(#3546,#3548,#3549,#3551));
#3553=FACE_BOUND('',#3552,.T.);
#3554=DIRECTION('',(-0.130527,0.000000,-0.991445));
#3555=DIRECTION('',(0.000000,1.000000,0.000000));
#3556=AXIS2_PLACEMENT_3D('',#3503,#3554,#3555);
#3557=PLANE('',#3556);
#3558=ADVANCED_FACE('',(#3540,#3553),#3557,.T.);
#3559=ORIENTED_EDGE('',*,*,#3533,.T.);
#3561=CARTESIAN_POINT('',(511.6823,-241.0000,-218.0285));
#3562=VERTEX_POINT('',#3561);
#3560=EDGE_CURVE('',#3531,#3562,*,.T.);
#3563=ORIENTED_EDGE('',*,*,#3560,.T.);
#3565=CARTESIAN_POINT('',(511.6823,-247.0000,-218.0285));
#3566=VERTEX_POINT('',#3565);
#3564=EDGE_CURVE('',#3562,#3566,*,.T.);
#3567=ORIENTED_EDGE('',*,*,#3564,.T.);
#3568=EDGE_CURVE('',#3566,#3535,*,.T.);
#3569=ORIENTED_EDGE('',*,*,#3568,.T.);
#3570=EDGE_LOOP('',(#3559,#3563,#3567,#3569));
#3571=FACE_OUTER_BOUND('',#3570,.T.);
#3573=CARTESIAN_POINT('',(511.6823,247.0000,-218.0285));
#3574=VERTEX_POINT('',#3573);
#3575=CARTESIAN_POINT('',(511.6823,241.0000,-218.0285));
#3576=VERTEX_POINT('',#3575);
#3572=EDGE_CURVE('',#3574,#3576,*,.T.);
#3577=ORIENTED_EDGE('',*,*,#3572,.T.);
#3578=EDGE_CURVE('',#3576,#3545,*,.T.);
#3579=ORIENTED_EDGE('',*,*,#3578,.T.);
#3580=ORIENTED_EDGE('',*,*,#3541,.T.);
#3581=EDGE_CURVE('',#3543,#3574,*,.T.);
#3582=ORIENTED_EDGE('',*,*,#3581,.T.);
#3583=EDGE_LOOP('',(#3577,#3579,#3580,#3582));
#3584=FACE_BOUND('',#3583,.T.);
#3585=DIRECTION('',(0.130527,0.000000,-0.991445));
#3586=DIRECTION('',(0.000000,1.000000,0.000000));
#3587=AXIS2_PLACEMENT_3D('',#3534,#3585,#3586);
#3588=PLANE('',#3587);
#3589=ADVANCED_FACE('',(#3571,#3584),#3588,.T.);
#3590=ORIENTED_EDGE('',*,*,#3564,.T.);
#3592=CARTESIAN_POINT('',(513.2500,-241.0000,-217.3792));
#3593=VERTEX_POINT('',#3592);
#3591=EDGE_CURVE('',#3562,#3593,*,.T.);
#3594=ORIENTED_EDGE('',*,*,#3591,.T.);
#3596=CARTESIAN_POINT('',(513.2500,-247.0000,-217.3792));
#3597=VERTEX_POINT('',#3596);
#3595=EDGE_CURVE('',#3593,#3597,*,.T.);
#3598=ORIENTED_EDGE('',*,*,#3595,.T.);
#3599=EDGE_CURVE('',#3597,#3566,*,.T.);
#3600=ORIENTED_EDGE('',*,*,#3599,.T.);
#3601=EDGE_LOOP('',(#3590,#3594,#3598,#3600));
#3602=FACE_OUTER_BOUND('',#3601,.T.);
#3604=CARTESIAN_POINT('',(513.2500,247.0000,-217.3792));
#3605=VERTEX_POINT('',#3604);
#3606=CARTESIAN_POINT('',(513.2500,241.0000,-217.3792));
#3607=VERTEX_POINT('',#3606);
#3603=EDGE_CURVE('',#3605,#3607,*,.T.);
#3608=ORIENTED_EDGE('',*,*,#3603,.T.);
#3609=EDGE_CURVE('',#3607,#3576,*,.T.);
#3610=ORIENTED_EDGE('',*,*,#3609,.T.);
#3611=ORIENTED_EDGE('',*,*,#3572,.T.);
#3612=EDGE_CURVE('',#3574,#3605,*,.T.);
#3613=ORIENTED_EDGE('',*,*,#3612,.T.);
#3614=EDGE_LOOP('',(#3608,#3610,#3611,#3613));
#3615=FACE_BOUND('',#3614,.T.);
#3616=DIRECTION('',(0.382681,0.000000,-0.923880));
#3617=DIRECTION('',(0.000000,1.000000,0.000000));
#3618=AXIS2_PLACEMENT_3D('',#3565,#3616,#3617);
#3619=PLANE('',#3618);
#3620=ADVANCED_FACE('',(#3602,#3615),#3619,.T.);
#3621=ORIENTED_EDGE('',*,*,#3595,.T.);
#3623=CARTESIAN_POINT('',(514.5962,-241.0000,-216.3462));
#3624=VERTEX_POINT('',#3623);
#3622=EDGE_CURVE('',#3593,#3624,*,.T.);
#3625=ORIENTED_EDGE('',*,*,#3622,.T.);
#3627=CARTESIAN_POINT('',(514.5962,-247.0000,-216.3462));
#3628=VERTEX_POINT('',#3627);
#3626=EDGE_CURVE('',#3624,#3628,*,.T.);
#3629=ORIENTED_EDGE('',*,*,#3626,.T.);
#3630=EDGE_CURVE('',#3628,#3597,*,.T.);
#3631=ORIENTED_EDGE('',*,*,#3630,.T.);
#3632=EDGE_LOOP('',(#3621,#3625,#3629,#3631));
#3633=FACE_OUTER_BOUND('',#3632,.T.);
#3635=CARTESIAN_POINT('',(514.5962,247.0000,-216.3462));
#3636=VERTEX_POINT('',#3635);
#3637=CARTESIAN_POINT('',(514.5962,241.0000,-216.3462));
#3638=VERTEX_POINT('',#3637);
#3634=EDGE_CURVE('',#3636,#3638,*,.T.);
#3639=ORIENTED_EDGE('',*,*,#3634,.T.);
#3640=EDGE_CURVE('',#3638,#3607,*,.T.);
#3641=ORIENTED_EDGE('',*,*,#3640,.T.);
#3642=ORIENTED_EDGE('',*,*,#3603,.T.);
#3643=EDGE_CURVE('',#3605,#3636,*,.T.);
#3644=ORIENTED_EDGE('',*,*,#3643,.T.);
#3645=EDGE_LOOP('',(#3639,#3641,#3642,#3644));
#3646=FACE_BOUND('',#3645,.T.);
#3647=DIRECTION('',(0.608763,0.000000,-0.793352));
#3648=DIRECTION('',(0.000000,1.000000,0.000000));
#3649=AXIS2_PLACEMENT_3D('',#3596,#3647,#3648);
#3650=PLANE('',#3649);
#3651=ADVANCED_FACE('',(#3633,#3646),#3650,.T.);
#3652=ORIENTED_EDGE('',*,*,#3626,.T.);
#3654=CARTESIAN_POINT('',(515.6292,-241.0000,-215.0000));
#3655=VERTEX_POINT('',#3654);
#3653=EDGE_CURVE('',#3624,#3655,*,.T.);
#3656=ORIENTED_EDGE('',*,*,#3653,.T.);
#3658=CARTESIAN_POINT('',(515.6292,-247.0000,-215.0000));
#3659=VERTEX_POINT('',#3658);
#3657=EDGE_CURVE('',#3655,#3659,*,.T.);
#3660=ORIENTED_EDGE('',*,*,#3657,.T.);
#3661=EDGE_CURVE('',#3659,#3628,*,.T.);
#3662=ORIENTED_EDGE('',*,*,#3661,.T.);
#3663=EDGE_LOOP('',(#3652,#3656,#3660,#3662));
#3664=FACE_OUTER_BOUND('',#3663,.T.);
#3666=CARTESIAN_POINT('',(515.6292,247.0000,-215.0000));
#3667=VERTEX_POINT('',#3666);
#3668=CARTESIAN_POINT('',(515.6292,241.0000,-215.0000));
#3669=VERTEX_POINT('',#3668);
#3665=EDGE_CURVE('',#3667,#3669,*,.T.);
#3670=ORIENTED_EDGE('',*,*,#3665,.T.);
#3671=EDGE_CURVE('',#3669,#3638,*,.T.);
#3672=ORIENTED_EDGE('',*,*,#3671,.T.);
#3673=ORIENTED_EDGE('',*,*,#3634,.T.);
#3674=EDGE_CURVE('',#3636,#3667,*,.T.);
#3675=ORIENTED_EDGE('',*,*,#3674,.T.);
#3676=EDGE_LOOP('',(#3670,#3672,#3673,#3675));
#3677=FACE_BOUND('',#3676,.T.);
#3678=DIRECTION('',(0.793356,0.000000,-0.608758));
#3679=DIRECTION('',(0.000000,1.000000,0.000000));
#3680=AXIS2_PLACEMENT_3D('',#3627,#3678,#3679);
#3681=PLANE('',#3680);
#3682=ADVANCED_FACE('',(#3664,#3677),#3681,.T.);
#3683=ORIENTED_EDGE('',*,*,#3657,.T.);
#3685=CARTESIAN_POINT('',(516.2785,-241.0000,-213.4323));
#3686=VERTEX_POINT('',#3685);
#3684=EDGE_CURVE('',#3655,#3686,*,.T.);
#3687=ORIENTED_EDGE('',*,*,#3684,.T.);
#3689=CARTESIAN_POINT('',(516.2785,-247.0000,-213.4323));
#3690=VERTEX_POINT('',#3689);
#3688=EDGE_CURVE('',#3686,#3690,*,.T.);
#3691=ORIENTED_EDGE('',*,*,#3688,.T.);
#3692=EDGE_CURVE('',#3690,#3659,*,.T.);
#3693=ORIENTED_EDGE('',*,*,#3692,.T.);
#3694=EDGE_LOOP('',(#3683,#3687,#3691,#3693));
#3695=FACE_OUTER_BOUND('',#3694,.T.);
#3697=CARTESIAN_POINT('',(516.2785,247.0000,-213.4323));
#3698=VERTEX_POINT('',#3697);
#3699=CARTESIAN_POINT('',(516.2785,241.0000,-213.4323));
#3700=VERTEX_POINT('',#3699);
#3696=EDGE_CURVE('',#3698,#3700,*,.T.);
#3701=ORIENTED_EDGE('',*,*,#3696,.T.);
#3702=EDGE_CURVE('',#3700,#3669,*,.T.);
#3703=ORIENTED_EDGE('',*,*,#3702,.T.);
#3704=ORIENTED_EDGE('',*,*,#3665,.T.);
#3705=EDGE_CURVE('',#3667,#3698,*,.T.);
#3706=ORIENTED_EDGE('',*,*,#3705,.T.);
#3707=EDGE_LOOP('',(#3701,#3703,#3704,#3706));
#3708=FACE_BOUND('',#3707,.T.);
#3709=DIRECTION('',(0.923879,0.000000,-0.382684));
#3710=DIRECTION('',(0.000000,1.000000,0.000000));
#3711=AXIS2_PLACEMENT_3D('',#3658,#3709,#3710);
#3712=PLANE('',#3711);
#3713=ADVANCED_FACE('',(#3695,#3708),#3712,.T.);
#3714=ORIENTED_EDGE('',*,*,#3688,.T.);
#3716=CARTESIAN_POINT('',(516.5000,-241.0000,-211.7500));
#3717=VERTEX_POINT('',#3716);
#3715=EDGE_CURVE('',#3686,#3717,*,.T.);
#3718=ORIENTED_EDGE('',*,*,#3715,.T.);
#3720=CARTESIAN_POINT('',(516.5000,-247.0000,-211.7500));
#3721=VERTEX_POINT('',#3720);
#3719=EDGE_CURVE('',#3717,#3721,*,.T.);
#3722=ORIENTED_EDGE('',*,*,#3719,.T.);
#3723=EDGE_CURVE('',#3721,#3690,*,.T.);
#3724=ORIENTED_EDGE('',*,*,#3723,.T.);
#3725=EDGE_LOOP('',(#3714,#3718,#3722,#3724));
#3726=FACE_OUTER_BOUND('',#3725,.T.);
#3728=CARTESIAN_POINT('',(516.5000,247.0000,-211.7500));
#3729=VERTEX_POINT('',#3728);
#3730=CARTESIAN_POINT('',(516.5000,241.0000,-211.7500));
#3731=VERTEX_POINT('',#3730);
#3727=EDGE_CURVE('',#3729,#3731,*,.T.);
#3732=ORIENTED_EDGE('',*,*,#3727,.T.);
#3733=EDGE_CURVE('',#3731,#3700,*,.T.);
#3734=ORIENTED_EDGE('',*,*,#3733,.T.);
#3735=ORIENTED_EDGE('',*,*,#3696,.T.);
#3736=EDGE_CURVE('',#3698,#3729,*,.T.);
#3737=ORIENTED_EDGE('',*,*,#3736,.T.);
#3738=EDGE_LOOP('',(#3732,#3734,#3735,#3737));
#3739=FACE_BOUND('',#3738,.T.);
#3740=DIRECTION('',(0.991444,0.000000,-0.130534));
#3741=DIRECTION('',(0.000000,1.000000,0.000000));
#3742=AXIS2_PLACEMENT_3D('',#3689,#3740,#3741);
#3743=PLANE('',#3742);
#3744=ADVANCED_FACE('',(#3726,#3739),#3743,.T.);
#3745=ORIENTED_EDGE('',*,*,#3719,.T.);
#3747=CARTESIAN_POINT('',(516.2785,-241.0000,-210.0677));
#3748=VERTEX_POINT('',#3747);
#3746=EDGE_CURVE('',#3717,#3748,*,.T.);
#3749=ORIENTED_EDGE('',*,*,#3746,.T.);
#3751=CARTESIAN_POINT('',(516.2785,-247.0000,-210.0677));
#3752=VERTEX_POINT('',#3751);
#3750=EDGE_CURVE('',#3748,#3752,*,.T.);
#3753=ORIENTED_EDGE('',*,*,#3750,.T.);
#3754=EDGE_CURVE('',#3752,#3721,*,.T.);
#3755=ORIENTED_EDGE('',*,*,#3754,.T.);
#3756=EDGE_LOOP('',(#3745,#3749,#3753,#3755));
#3757=FACE_OUTER_BOUND('',#3756,.T.);
#3759=CARTESIAN_POINT('',(516.2785,247.0000,-210.0677));
#3760=VERTEX_POINT('',#3759);
#3761=CARTESIAN_POINT('',(516.2785,241.0000,-210.0677));
#3762=VERTEX_POINT('',#3761);
#3758=EDGE_CURVE('',#3760,#3762,*,.T.);
#3763=ORIENTED_EDGE('',*,*,#3758,.T.);
#3764=EDGE_CURVE('',#3762,#3731,*,.T.);
#3765=ORIENTED_EDGE('',*,*,#3764,.T.);
#3766=ORIENTED_EDGE('',*,*,#3727,.T.);
#3767=EDGE_CURVE('',#3729,#3760,*,.T.);
#3768=ORIENTED_EDGE('',*,*,#3767,.T.);
#3769=EDGE_LOOP('',(#3763,#3765,#3766,#3768));
#3770=FACE_BOUND('',#3769,.T.);
#3771=DIRECTION('',(0.991444,0.000000,0.130534));
#3772=DIRECTION('',(0.000000,1.000000,0.000000));
#3773=AXIS2_PLACEMENT_3D('',#3720,#3771,#3772);
#3774=PLANE('',#3773);
#3775=ADVANCED_FACE('',(#3757,#3770),#3774,.T.);
#3776=ORIENTED_EDGE('',*,*,#3750,.T.);
#3778=CARTESIAN_POINT('',(515.6292,-241.0000,-208.5000));
#3779=VERTEX_POINT('',#3778);
#3777=EDGE_CURVE('',#3748,#3779,*,.T.);
#3780=ORIENTED_EDGE('',*,*,#3777,.T.);
#3782=CARTESIAN_POINT('',(515.6292,-247.0000,-208.5000));
#3783=VERTEX_POINT('',#3782);
#3781=EDGE_CURVE('',#3779,#3783,*,.T.);
#3784=ORIENTED_EDGE('',*,*,#3781,.T.);
#3785=EDGE_CURVE('',#3783,#3752,*,.T.);
#3786=ORIENTED_EDGE('',*,*,#3785,.T.);
#3787=EDGE_LOOP('',(#3776,#3780,#3784,#3786));
#3788=FACE_OUTER_BOUND('',#3787,.T.);
#3790=CARTESIAN_POINT('',(515.6292,247.0000,-208.5000));
#3791=VERTEX_POINT('',#3790);
#3792=CARTESIAN_POINT('',(515.6292,241.0000,-208.5000));
#3793=VERTEX_POINT('',#3792);
#3789=EDGE_CURVE('',#3791,#3793,*,.T.);
#3794=ORIENTED_EDGE('',*,*,#3789,.T.);
#3795=EDGE_CURVE('',#3793,#3762,*,.T.);
#3796=ORIENTED_EDGE('',*,*,#3795,.T.);
#3797=ORIENTED_EDGE('',*,*,#3758,.T.);
#3798=EDGE_CURVE('',#3760,#3791,*,.T.);
#3799=ORIENTED_EDGE('',*,*,#3798,.T.);
#3800=EDGE_LOOP('',(#3794,#3796,#3797,#3799));
#3801=FACE_BOUND('',#3800,.T.);
#3802=DIRECTION('',(0.923879,0.000000,0.382684));
#3803=DIRECTION('',(0.000000,1.000000,0.000000));
#3804=AXIS2_PLACEMENT_3D('',#3751,#3802,#3803);
#3805=PLANE('',#3804);
#3806=ADVANCED_FACE('',(#3788,#3801),#3805,.T.);
#3807=ORIENTED_EDGE('',*,*,#3781,.T.);
#3809=CARTESIAN_POINT('',(514.5962,-241.0000,-207.1538));
#3810=VERTEX_POINT('',#3809);
#3808=EDGE_CURVE('',#3779,#3810,*,.T.);
#3811=ORIENTED_EDGE('',*,*,#3808,.T.);
#3813=CARTESIAN_POINT('',(514.5962,-247.0000,-207.1538));
#3814=VERTEX_POINT('',#3813);
#3812=EDGE_CURVE('',#3810,#3814,*,.T.);
#3815=ORIENTED_EDGE('',*,*,#3812,.T.);
#3816=EDGE_CURVE('',#3814,#3783,*,.T.);
#3817=ORIENTED_EDGE('',*,*,#3816,.T.);
#3818=EDGE_LOOP('',(#3807,#3811,#3815,#3817));
#3819=FACE_OUTER_BOUND('',#3818,.T.);
#3821=CARTESIAN_POINT('',(514.5962,247.0000,-207.1538));
#3822=VERTEX_POINT('',#3821);
#3823=CARTESIAN_POINT('',(514.5962,241.0000,-207.1538));
#3824=VERTEX_POINT('',#3823);
#3820=EDGE_CURVE('',#3822,#3824,*,.T.);
#3825=ORIENTED_EDGE('',*,*,#3820,.T.);
#3826=EDGE_CURVE('',#3824,#3793,*,.T.);
#3827=ORIENTED_EDGE('',*,*,#3826,.T.);
#3828=ORIENTED_EDGE('',*,*,#3789,.T.);
#3829=EDGE_CURVE('',#3791,#3822,*,.T.);
#3830=ORIENTED_EDGE('',*,*,#3829,.T.);
#3831=EDGE_LOOP('',(#3825,#3827,#3828,#3830));
#3832=FACE_BOUND('',#3831,.T.);
#3833=DIRECTION('',(0.793356,0.000000,0.608758));
#3834=DIRECTION('',(0.000000,1.000000,0.000000));
#3835=AXIS2_PLACEMENT_3D('',#3782,#3833,#3834);
#3836=PLANE('',#3835);
#3837=ADVANCED_FACE('',(#3819,#3832),#3836,.T.);
#3838=ORIENTED_EDGE('',*,*,#3812,.T.);
#3840=CARTESIAN_POINT('',(513.2500,-241.0000,-206.1208));
#3841=VERTEX_POINT('',#3840);
#3839=EDGE_CURVE('',#3810,#3841,*,.T.);
#3842=ORIENTED_EDGE('',*,*,#3839,.T.);
#3844=CARTESIAN_POINT('',(513.2500,-247.0000,-206.1208));
#3845=VERTEX_POINT('',#3844);
#3843=EDGE_CURVE('',#3841,#3845,*,.T.);
#3846=ORIENTED_EDGE('',*,*,#3843,.T.);
#3847=EDGE_CURVE('',#3845,#3814,*,.T.);
#3848=ORIENTED_EDGE('',*,*,#3847,.T.);
#3849=EDGE_LOOP('',(#3838,#3842,#3846,#3848));
#3850=FACE_OUTER_BOUND('',#3849,.T.);
#3852=CARTESIAN_POINT('',(513.2500,247.0000,-206.1208));
#3853=VERTEX_POINT('',#3852);
#3854=CARTESIAN_POINT('',(513.2500,241.0000,-206.1208));
#3855=VERTEX_POINT('',#3854);
#3851=EDGE_CURVE('',#3853,#3855,*,.T.);
#3856=ORIENTED_EDGE('',*,*,#3851,.T.);
#3857=EDGE_CURVE('',#3855,#3824,*,.T.);
#3858=ORIENTED_EDGE('',*,*,#3857,.T.);
#3859=ORIENTED_EDGE('',*,*,#3820,.T.);
#3860=EDGE_CURVE('',#3822,#3853,*,.T.);
#3861=ORIENTED_EDGE('',*,*,#3860,.T.);
#3862=EDGE_LOOP('',(#3856,#3858,#3859,#3861));
#3863=FACE_BOUND('',#3862,.T.);
#3864=DIRECTION('',(0.608763,0.000000,0.793352));
#3865=DIRECTION('',(0.000000,1.000000,0.000000));
#3866=AXIS2_PLACEMENT_3D('',#3813,#3864,#3865);
#3867=PLANE('',#3866);
#3868=ADVANCED_FACE('',(#3850,#3863),#3867,.T.);
#3869=ORIENTED_EDGE('',*,*,#3843,.T.);
#3871=CARTESIAN_POINT('',(511.6823,-241.0000,-205.4715));
#3872=VERTEX_POINT('',#3871);
#3870=EDGE_CURVE('',#3841,#3872,*,.T.);
#3873=ORIENTED_EDGE('',*,*,#3870,.T.);
#3875=CARTESIAN_POINT('',(511.6823,-247.0000,-205.4715));
#3876=VERTEX_POINT('',#3875);
#3874=EDGE_CURVE('',#3872,#3876,*,.T.);
#3877=ORIENTED_EDGE('',*,*,#3874,.T.);
#3878=EDGE_CURVE('',#3876,#3845,*,.T.);
#3879=ORIENTED_EDGE('',*,*,#3878,.T.);
#3880=EDGE_LOOP('',(#3869,#3873,#3877,#3879));
#3881=FACE_OUTER_BOUND('',#3880,.T.);
#3883=CARTESIAN_POINT('',(511.6823,247.0000,-205.4715));
#3884=VERTEX_POINT('',#3883);
#3885=CARTESIAN_POINT('',(511.6823,241.0000,-205.4715));
#3886=VERTEX_POINT('',#3885);
#3882=EDGE_CURVE('',#3884,#3886,*,.T.);
#3887=ORIENTED_EDGE('',*,*,#3882,.T.);
#3888=EDGE_CURVE('',#3886,#3855,*,.T.);
#3889=ORIENTED_EDGE('',*,*,#3888,.T.);
#3890=ORIENTED_EDGE('',*,*,#3851,.T.);
#3891=EDGE_CURVE('',#3853,#3884,*,.T.);
#3892=ORIENTED_EDGE('',*,*,#3891,.T.);
#3893=EDGE_LOOP('',(#3887,#3889,#3890,#3892));
#3894=FACE_BOUND('',#3893,.T.);
#3895=DIRECTION('',(0.382681,0.000000,0.923880));
#3896=DIRECTION('',(0.000000,1.000000,0.000000));
#3897=AXIS2_PLACEMENT_3D('',#3844,#3895,#3896);
#3898=PLANE('',#3897);
#3899=ADVANCED_FACE('',(#3881,#3894),#3898,.T.);
#3900=ORIENTED_EDGE('',*,*,#3874,.T.);
#3901=EDGE_CURVE('',#3872,#3181,*,.T.);
#3902=ORIENTED_EDGE('',*,*,#3901,.T.);
#3903=ORIENTED_EDGE('',*,*,#3177,.T.);
#3904=EDGE_CURVE('',#3179,#3876,*,.T.);
#3905=ORIENTED_EDGE('',*,*,#3904,.T.);
#3906=EDGE_LOOP('',(#3900,#3902,#3903,#3905));
#3907=FACE_OUTER_BOUND('',#3906,.T.);
#3908=ORIENTED_EDGE('',*,*,#3205,.T.);
#3909=EDGE_CURVE('',#3203,#3886,*,.T.);
#3910=ORIENTED_EDGE('',*,*,#3909,.T.);
#3911=ORIENTED_EDGE('',*,*,#3882,.T.);
#3912=EDGE_CURVE('',#3884,#3207,*,.T.);
#3913=ORIENTED_EDGE('',*,*,#3912,.T.);
#3914=EDGE_LOOP('',(#3908,#3910,#3911,#3913));
#3915=FACE_BOUND('',#3914,.T.);
#3916=DIRECTION('',(0.130527,0.000000,0.991445));
#3917=DIRECTION('',(0.000000,1.000000,0.000000));
#3918=AXIS2_PLACEMENT_3D('',#3875,#3916,#3917);
#3919=PLANE('',#3918);
#3920=ADVANCED_FACE('',(#3907,#3915),#3919,.T.);
#3921=ORIENTED_EDGE('',*,*,#3191,.T.);
#3922=ORIENTED_EDGE('',*,*,#3227,.T.);
#3923=ORIENTED_EDGE('',*,*,#3258,.T.);
#3924=ORIENTED_EDGE('',*,*,#3289,.T.);
#3925=ORIENTED_EDGE('',*,*,#3320,.T.);
#3926=ORIENTED_EDGE('',*,*,#3351,.T.);
#3927=ORIENTED_EDGE('',*,*,#3382,.T.);
#3928=ORIENTED_EDGE('',*,*,#3413,.T.);
#3929=ORIENTED_EDGE('',*,*,#3444,.T.);
#3930=ORIENTED_EDGE('',*,*,#3475,.T.);
#3931=ORIENTED_EDGE('',*,*,#3506,.T.);
#3932=ORIENTED_EDGE('',*,*,#3537,.T.);
#3933=ORIENTED_EDGE('',*,*,#3568,.T.);
#3934=ORIENTED_EDGE('',*,*,#3599,.T.);
#3935=ORIENTED_EDGE('',*,*,#3630,.T.);
#3936=ORIENTED_EDGE('',*,*,#3661,.T.);
#3937=ORIENTED_EDGE('',*,*,#3692,.T.);
#3938=ORIENTED_EDGE('',*,*,#3723,.T.);
#3939=ORIENTED_EDGE('',*,*,#3754,.T.);
#3940=ORIENTED_EDGE('',*,*,#3785,.T.);
#3941=ORIENTED_EDGE('',*,*,#3816,.T.);
#3942=ORIENTED_EDGE('',*,*,#3847,.T.);
#3943=ORIENTED_EDGE('',*,*,#3878,.T.);
#3944=ORIENTED_EDGE('',*,*,#3904,.T.);
#3945=EDGE_LOOP('',(#3921,#3922,#3923,#3924,#3925,#3926,#3927,#3928,#3929,#3930,#3931,#3932,#3933,#3934,#3935,#3936,#3937,#3938,#3939,#3940,#3941,#3942,#3943,#3944));
#3946=FACE_OUTER_BOUND('',#3945,.T.);
#3947=DIRECTION('',(0.000000,-1.000000,0.000000));
#3948=DIRECTION('',(-0.991445,0.000000,-0.130527));
#3949=AXIS2_PLACEMENT_3D('',#3178,#3947,#3948);
#3950=PLANE('',#3949);
#3951=ADVANCED_FACE('',(#3946),#3950,.T.);
#3952=ORIENTED_EDGE('',*,*,#3183,.T.);
#3953=ORIENTED_EDGE('',*,*,#3901,.T.);
#3954=ORIENTED_EDGE('',*,*,#3870,.T.);
#3955=ORIENTED_EDGE('',*,*,#3839,.T.);
#3956=ORIENTED_EDGE('',*,*,#3808,.T.);
#3957=ORIENTED_EDGE('',*,*,#3777,.T.);
#3958=ORIENTED_EDGE('',*,*,#3746,.T.);
#3959=ORIENTED_EDGE('',*,*,#3715,.T.);
#3960=ORIENTED_EDGE('',*,*,#3684,.T.);
#3961=ORIENTED_EDGE('',*,*,#3653,.T.);
#3962=ORIENTED_EDGE('',*,*,#3622,.T.);
#3963=ORIENTED_EDGE('',*,*,#3591,.T.);
#3964=ORIENTED_EDGE('',*,*,#3560,.T.);
#3965=ORIENTED_EDGE('',*,*,#3529,.T.);
#3966=ORIENTED_EDGE('',*,*,#3498,.T.);
#3967=ORIENTED_EDGE('',*,*,#3467,.T.);
#3968=ORIENTED_EDGE('',*,*,#3436,.T.);
#3969=ORIENTED_EDGE('',*,*,#3405,.T.);
#3970=ORIENTED_EDGE('',*,*,#3374,.T.);
#3971=ORIENTED_EDGE('',*,*,#3343,.T.);
#3972=ORIENTED_EDGE('',*,*,#3312,.T.);
#3973=ORIENTED_EDGE('',*,*,#3281,.T.);
#3974=ORIENTED_EDGE('',*,*,#3250,.T.);
#3975=ORIENTED_EDGE('',*,*,#3219,.T.);
#3976=EDGE_LOOP('',(#3952,#3953,#3954,#3955,#3956,#3957,#3958,#3959,#3960,#3961,#3962,#3963,#3964,#3965,#3966,#3967,#3968,#3969,#3970,#3971,#3972,#3973,#3974,#3975));
#3977=FACE_OUTER_BOUND('',#3976,.T.);
#3978=DIRECTION('',(0.000000,1.000000,0.000000));
#3979=DIRECTION('',(0.991445,0.000000,0.130527));
#3980=AXIS2_PLACEMENT_3D('',#3184,#3978,#3979);
#3981=PLANE('',#3980);
#3982=ADVANCED_FACE('',(#3977),#3981,.T.);
#3983=ORIENTED_EDGE('',*,*,#3912,.T.);
#3984=ORIENTED_EDGE('',*,*,#3891,.T.);
#3985=ORIENTED_EDGE('',*,*,#3860,.T.);
#3986=ORIENTED_EDGE('',*,*,#3829,.T.);
#3987=ORIENTED_EDGE('',*,*,#3798,.T.);
#3988=ORIENTED_EDGE('',*,*,#3767,.T.);
#3989=ORIENTED_EDGE('',*,*,#3736,.T.);
#3990=ORIENTED_EDGE('',*,*,#3705,.T.);
#3991=ORIENTED_EDGE('',*,*,#3674,.T.);
#3992=ORIENTED_EDGE('',*,*,#3643,.T.);
#3993=ORIENTED_EDGE('',*,*,#3612,.T.);
#3994=ORIENTED_EDGE('',*,*,#3581,.T.);
#3995=ORIENTED_EDGE('',*,*,#3550,.T.);
#3996=ORIENTED_EDGE('',*,*,#3519,.T.);
#3997=ORIENTED_EDGE('',*,*,#3488,.T.);
#3998=ORIENTED_EDGE('',*,*,#3457,.T.);
#3999=ORIENTED_EDGE('',*,*,#3426,.T.);
#4000=ORIENTED_EDGE('',*,*,#3395,.T.);
#4001=ORIENTED_EDGE('',*,*,#3364,.T.);
#4002=ORIENTED_EDGE('',*,*,#3333,.T.);
#4003=ORIENTED_EDGE('',*,*,#3302,.T.);
#4004=ORIENTED_EDGE('',*,*,#3271,.T.);
#4005=ORIENTED_EDGE('',*,*,#3240,.T.);
#4006=ORIENTED_EDGE('',*,*,#3209,.T.);
#4007=EDGE_LOOP('',(#3983,#3984,#3985,#3986,#3987,#3988,#3989,#3990,#3991,#3992,#3993,#3994,#3995,#3996,#3997,#3998,#3999,#4000,#4001,#4002,#4003,#4004,#4005,#4006));
#4008=FACE_OUTER_BOUND('',#4007,.T.);
#4009=DIRECTION('',(0.000000,1.000000,0.000000));
#4010=DIRECTION('',(0.991445,0.000000,-0.130527));
#4011=AXIS2_PLACEMENT_3D('',#3206,#4009,#4010);
#4012=PLANE('',#4011);
#4013=ADVANCED_FACE('',(#4008),#4012,.T.);
#4014=ORIENTED_EDGE('',*,*,#3909,.T.);
#4015=ORIENTED_EDGE('',*,*,#3201,.T.);
#4016=ORIENTED_EDGE('',*,*,#3237,.T.);
#4017=ORIENTED_EDGE('',*,*,#3268,.T.);
#4018=ORIENTED_EDGE('',*,*,#3299,.T.);
#4019=ORIENTED_EDGE('',*,*,#3330,.T.);
#4020=ORIENTED_EDGE('',*,*,#3361,.T.);
#4021=ORIENTED_EDGE('',*,*,#3392,.T.);
#4022=ORIENTED_EDGE('',*,*,#3423,.T.);
#4023=ORIENTED_EDGE('',*,*,#3454,.T.);
#4024=ORIENTED_EDGE('',*,*,#3485,.T.);
#4025=ORIENTED_EDGE('',*,*,#3516,.T.);
#4026=ORIENTED_EDGE('',*,*,#3547,.T.);
#4027=ORIENTED_EDGE('',*,*,#3578,.T.);
#4028=ORIENTED_EDGE('',*,*,#3609,.T.);
#4029=ORIENTED_EDGE('',*,*,#3640,.T.);
#4030=ORIENTED_EDGE('',*,*,#3671,.T.);
#4031=ORIENTED_EDGE('',*,*,#3702,.T.);
#4032=ORIENTED_EDGE('',*,*,#3733,.T.);
#4033=ORIENTED_EDGE('',*,*,#3764,.T.);
#4034=ORIENTED_EDGE('',*,*,#3795,.T.);
#4035=ORIENTED_EDGE('',*,*,#3826,.T.);
#4036=ORIENTED_EDGE('',*,*,#3857,.T.);
#4037=ORIENTED_EDGE('',*,*,#3888,.T.);
#4038=EDGE_LOOP('',(#4014,#4015,#4016,#4017,#4018,#4019,#4020,#4021,#4022,#4023,#4024,#4025,#4026,#4027,#4028,#4029,#4030,#4031,#4032,#4033,#4034,#4035,#4036,#4037));
#4039=FACE_OUTER_BOUND('',#4038,.T.);
#4040=DIRECTION('',(0.000000,-1.000000,0.000000));
#4041=DIRECTION('',(-0.991445,0.000000,0.130527));
#4042=AXIS2_PLACEMENT_3D('',#3885,#4040,#4041);
#4043=PLANE('',#4042);
#4044=ADVANCED_FACE('',(#4039),#4043,.T.);
#4045=CLOSED_SHELL('',(#23,#41,#59,#77,#95,#113,#131,#149,#167,#185,#203,#221,#239,#257,#275,#293,#311,#329,#347,#365,#383,#401,#419,#437,#455,#473,#491,#509,#527,#545,#563,#581,#599,#617,#635,#653,#671,#689,#707,#725,#743,#761,#779,#797,#815,#833,#851,#864,#919,#974,#1015,#1046,#1077,#1108,#1139,#1170,#1201,#1232,#1263,#1294,#1325,#1356,#1387,#1418,#1449,#1480,#1511,#1542,#1573,#1604,#1635,#1666,#1697,#1728,#1759,#1790,#1821,#1852,#1883,#1914,#1945,#1976,#2007,#2038,#2069,#2100,#2131,#2162,#2193,#2224,#2255,#2286,#2317,#2348,#2379,#2410,#2441,#2462,#2517,#2572,#2627,#2682,#2705,#2723,#2741,#2759,#2777,#2795,#2813,#2831,#2849,#2867,#2885,#2903,#2921,#2939,#2957,#2975,#2993,#3011,#3029,#3047,#3065,#3083,#3101,#3114,#3145,#3176,#3217,#3248,#3279,#3310,#3341,#3372,#3403,#3434,#3465,#3496,#3527,#3558,#3589,#3620,#3651,#3682,#3713,#3744,#3775,#3806,#3837,#3868,#3899,#3920,#3951,#3982,#4013,#4044));
#4046=MANIFOLD_SOLID_BREP('CV-LBP18-F40-013 — Rodillo retorno Ø63.5 — tubo A513 Ø63,5×3,0 + 2 cabezales to',#4045);
#4047=DIRECTION('',(0.,0.,1.));
#4048=DIRECTION('',(1.,0.,0.));
#4050=CARTESIAN_POINT('',(0.0000,0.0000,0.0000));
#4049=AXIS2_PLACEMENT_3D('',#4050,#4047,#4048);
#4051=( LENGTH_UNIT() NAMED_UNIT(*) SI_UNIT(.MILLI.,.METRE.) );
#4052=( NAMED_UNIT(*) PLANE_ANGLE_UNIT() SI_UNIT($,.RADIAN.) );
#4053=( NAMED_UNIT(*) SI_UNIT($,.STERADIAN.) SOLID_ANGLE_UNIT() );
#4054=UNCERTAINTY_MEASURE_WITH_UNIT(LENGTH_MEASURE(0.01),#4051,'distance_accuracy_value','');
#4055=( GEOMETRIC_REPRESENTATION_CONTEXT(3) GLOBAL_UNCERTAINTY_ASSIGNED_CONTEXT((#4054)) GLOBAL_UNIT_ASSIGNED_CONTEXT((#4051,#4052,#4053)) REPRESENTATION_CONTEXT('','3D') );
#4056=ADVANCED_BREP_SHAPE_REPRESENTATION('CV-LBP18-F40-013 — Rodillo retorno Ø63.5 — tubo A513 Ø63,5×3,0 + 2 cabezales to',(#4049,#4046),#4055);
ENDSEC;
END-ISO-10303-21;
