item,designacion,cantidad,modulo,tipo,material_o_norma,plano,tolerancia_general,ajustes,soldadura,encajes,acabado
1,"Banda plana 32 × 2.5 — lazo del tambor motriz L=4882.02",5,FIJO,FABRICADA,"Banda plana poliéster/uretano 2.5 mm (empalme sin fin)",SCO-01,"—","—","—","—","—"
2,"Base de guía norte 3/16""",1,FIJO,FABRICADA,"Chapa de acero A36 (S275JR) e=4.763 (3/16""), plegada",SCO-02,"tol. gral. ISO 2768-mK · conjunto soldado ISO 13920-BF · cordón a3.33 AWS D1.3/D1.3M","—","cordón en ángulo (filete) a=3.33 · AWS D1.3/D1.3M — Structural Welding Code, Sheet Steel (e ≤ 4,8 mm); símbolo según ISO 2553","—","—"
3,"Base de guía sur 3/16""",1,FIJO,FABRICADA,"Chapa de acero A36 (S275JR) e=4.763 (3/16""), plegada",SCO-03,"tol. gral. ISO 2768-mK · conjunto soldado ISO 13920-BF · cordón a3.33 AWS D1.3/D1.3M","—","cordón en ángulo (filete) a=3.33 · AWS D1.3/D1.3M — Structural Welding Code, Sheet Steel (e ≤ 4,8 mm); símbolo según ISO 2553","—","—"
4,"Brazo tensor e=8 (+X)",5,FIJO,FABRICADA,"Pletina de acero A36 (S275JR) e=8, corte láser",SCO-04,"tol. gral. ISO 2768-mK · conjunto soldado ISO 13920-BF · cordón a4.2 AWS D1.1/D1.1M","—","cordón en ángulo (filete) a=4.2 · AWS D1.1/D1.1M — Structural Welding Code, Steel; símbolo según ISO 2553","—","—"
5,"Brazo tensor e=8 (−X)",5,FIJO,FABRICADA,"Pletina de acero A36 (S275JR) e=8, corte láser",SCO-05,"tol. gral. ISO 2768-mK · conjunto soldado ISO 13920-BF · cordón a4.2 AWS D1.1/D1.1M","—","cordón en ángulo (filete) a=4.2 · AWS D1.1/D1.1M — Structural Welding Code, Steel; símbolo según ISO 2553","—","—"
6,"Bulón del lóbulo Ø10×64",5,FIJO,FABRICADA,"C45 (1.0503) rectificado h9 · web MAT-C45-01",SCO-06,"tol. gral. ISO 2768-fH","—","—","—","—"
7,"Bulón trasero Ø8×44",5,FIJO,FABRICADA,"C45 (1.0503) rectificado h9 · web MAT-C45-01",SCO-07,"tol. gral. ISO 2768-fH","—","—","—","—"
8,"Casquillo separador Ø16×16.42 guarda +X",3,FIJO,FABRICADA,"Chapa de acero 0.075"" (14 GA), galvanizada",SCO-08,"tol. gral. ISO 2768-fH","—","—","—","—"
9,"Casquillo separador Ø16×4.43 guarda −X",3,FIJO,FABRICADA,"Chapa de acero 0.075"" (14 GA), galvanizada",SCO-09,"tol. gral. ISO 2768-fH","—","—","—","—"
10,"Cubo del brazo Ø50×58",5,FIJO,FABRICADA,"Tubo de acero Ø50 mecanizado, bore Ø38 H7",SCO-10,"tol. gral. ISO 2768-fH · conjunto soldado ISO 13920-BF · cordón a4.2 AWS D1.1/D1.1M","—","cordón en ángulo (filete) a=4.2 · AWS D1.1/D1.1M — Structural Welding Code, Steel; símbolo según ISO 2553","—","—"
11,"Eje de polea tensora Ø20×70",5,FIJO,FABRICADA,"C45 (1.0503) rectificado h9 · web MAT-C45-01",SCO-11,"tol. gral. ISO 2768-fH","—","—","—","—"
12,"Eje pivote común Ø30×580.84",1,FIJO,FABRICADA,"C45 rectificado h7",SCO-12,"tol. gral. ISO 2768-fH","—","—","—","—"
13,"Guarda de pozo lateral +X 14GA 869.9×82.7",1,FIJO,FABRICADA,"Chapa de acero 14 GA (web CHAPA-TOL-001), e=1.9 mm",SCO-13,"tol. gral. ISO 2768-mK","—","—","—","—"
14,"Guarda de pozo lateral −X 14GA 869.9×305",1,FIJO,FABRICADA,"Chapa de acero 14 GA (web CHAPA-TOL-001), e=1.9 mm",SCO-14,"tol. gral. ISO 2768-mK","—","—","—","—"
15,"Guarda de pozo norte 14GA 552×51.4",1,FIJO,FABRICADA,"Chapa de acero 14 GA (web CHAPA-TOL-001), e=1.9 mm",SCO-15,"tol. gral. ISO 2768-mK","—","—","—","—"
16,"Guarda de pozo sur 14GA 552×383",1,FIJO,FABRICADA,"Chapa de acero 14 GA (web CHAPA-TOL-001), e=1.9 mm",SCO-16,"tol. gral. ISO 2768-mK","—","—","—","—"
17,"Guía de descarga norte 12GA 70.4×52",1,FIJO,FABRICADA,"Chapa de acero 12 GA (web CHAPA-TOL-001), e=2.66 mm",SCO-17,"tol. gral. ISO 2768-mK","—","—","—","—"
18,"Guía de descarga sur 12GA 70.4×52",1,FIJO,FABRICADA,"Chapa de acero 12 GA (web CHAPA-TOL-001), e=2.66 mm",SCO-18,"tol. gral. ISO 2768-mK","—","—","—","—"
19,"Ménsula de bisagra — lengüeta e=8",5,FIJO,FABRICADA,"Pletina de acero A36 (S275JR) e=8",SCO-19,"tol. gral. ISO 2768-mK","—","—","—","—"
20,"Placa base de puente 64×28×6",10,FIJO,FABRICADA,"Pletina de acero A36 (S275JR) e=6, cortada por láser",SCO-20,"tol. gral. ISO 2768-mK · conjunto soldado ISO 13920-BF · cordón a4.2 AWS D1.1/D1.1M","—","cordón en ángulo (filete) a=4.2 · AWS D1.1/D1.1M — Structural Welding Code, Steel; símbolo según ISO 2553","—","—"
21,"Placa de extremo del travesaño frontal (+X) 8×90×65",1,FIJO,FABRICADA,"Pletina de acero A36 (S275JR) e=8",SCO-21,"tol. gral. ISO 2768-mK · conjunto soldado ISO 13920-BF · cordón a2.1 AWS D1.3/D1.3M","—","cordón en ángulo (filete) a=2.1 · AWS D1.3/D1.3M — Structural Welding Code, Sheet Steel (e ≤ 4,8 mm); símbolo según ISO 2553","—","—"
22,"Placa de extremo del travesaño frontal (−X) 8×90×65",1,FIJO,FABRICADA,"Pletina de acero A36 (S275JR) e=8",SCO-22,"tol. gral. ISO 2768-mK · conjunto soldado ISO 13920-BF · cordón a2.1 AWS D1.3/D1.3M","—","cordón en ángulo (filete) a=2.1 · AWS D1.3/D1.3M — Structural Welding Code, Sheet Steel (e ≤ 4,8 mm); símbolo según ISO 2553","—","—"
23,"Pletina soporte del regulador de presión AR20 y del grupo de aire",1,FIJO,FABRICADA,"Pletina de acero A36 (S275JR) e=8",SCO-23,"tol. gral. ISO 2768-mK","—","—","—","—"
24,"Polea tensora POL-CON-TEN Ø117.9×40",5,FIJO,FABRICADA,"Aluminio 6061-T6 (o acero mecanizado)",SCO-24,"tol. gral. ISO 2768-fH","—","—","—","—"
25,"Puente de calle — pletina 30×28×648 A36",5,FIJO,FABRICADA,"Pletina de acero A36 (S275JR) 30×28, cortada por láser",SCO-25,"tol. gral. ISO 2768-mK","—","—","—","—"
26,"Puente de calle — regleta UHMW 30×8.55×648",5,FIJO,FABRICADA,"UHMW-PE 1000",SCO-26,"tol. gral. ISO 2768-mK a 20 °C","—","—","—","—"
27,"Separador Ø38×12.2",4,FIJO,FABRICADA,"C45 (1.0503) torneado · web MAT-C45-01 — mismo material que el eje pivote por consolidación de existencias, no por requisito de resistencia",SCO-27,"tol. gral. ISO 2768-fH","—","—","—","—"
28,"Travesaño frontal del tensor 40×40×3 (L=423.92) — «placa frontal»",1,FIJO,FABRICADA,"Tubo estructural 40×40×3 de acero A36 (S275JR)",SCO-28,"tol. gral. EN 10219-2 + ISO 2768-m (largo de corte)","—","—","—","—"
29,"Volante de horquilla guia_entrada_liso Ø100/Ø110×40",5,FIJO,FABRICADA,"Acero al carbono",SCO-29,"tol. gral. ISO 2768-fH","—","—","—","—"
30,"Volante de horquilla guia_salida_liso Ø100/Ø110×40",5,FIJO,FABRICADA,"Acero al carbono",SCO-30,"tol. gral. ISO 2768-fH","—","—","—","—"
31,"CONDUCIDO Ø108 · casquillo Ø47/Ø35 × 8",1,MÓVIL,FABRICADA,"Aluminio 6061-T6 (o acero mecanizado)",SCO-31,"tol. gral. ISO 2768-fH","—","—","—","—"
32,"CONDUCIDO Ø108 · casquillo Ø47/Ø35 × 8",1,MÓVIL,FABRICADA,"Aluminio 6061-T6 (o acero mecanizado)",SCO-32,"tol. gral. ISO 2768-fH","—","—","—","—"
33,"CONDUCIDO Ø108 · eje FIJO Ø35 × 435",1,MÓVIL,FABRICADA,"C45 h9",SCO-33,"tol. gral. ISO 2768-fH","—","—","—","—"
34,"CONDUCIDO Ø108 · pletina de soporte 117×117×12",2,MÓVIL,FABRICADA,"Acero S275JR cortado por láser",SCO-34,"tol. gral. ISO 2768-mK","—","—","—","—"
35,"CONDUCIDO Ø108 · tapa-soporte Ø100.8/Ø72 × 29",1,MÓVIL,FABRICADA,"Chapa de acero 0.105"" (12 GA), galvanizada",SCO-35,"tol. gral. ISO 2768-fH","—","—","—","—"
36,"CONDUCIDO Ø108 · tapa-soporte Ø100.8/Ø72 × 29",1,MÓVIL,FABRICADA,"Chapa de acero 0.105"" (12 GA), galvanizada",SCO-36,"tol. gral. ISO 2768-fH","—","—","—","—"
37,"CONDUCIDO Ø108 · tubo Ø108 × 360",1,MÓVIL,FABRICADA,"Tubo Ø108 × 3.6 EN 10220, acero S275JR",SCO-37,"tol. gral. EN 10219-2 + ISO 2768-m (largo de corte)","—","—","—","—"
38,"PG40 · Alargue lateral · alma −X (pletina Acero A36 (S275JR) e=8, L=1410)",1,MÓVIL,FABRICADA,"Acero A36 (S275JR) cortado por láser",SCO-38,"tol. gral. ISO 2768-mK","—","—","—","—"
39,"PG40 · Alargue lateral · alma norte +X (pletina Acero A36 (S275JR) e=8, L=549)",1,MÓVIL,FABRICADA,"Acero A36 (S275JR) cortado por láser",SCO-39,"tol. gral. ISO 2768-mK","—","—","—","—"
40,"PG40 · Alargue lateral · alma sur +X (pletina Acero A36 (S275JR) e=8, L=327)",1,MÓVIL,FABRICADA,"Acero A36 (S275JR) cortado por láser",SCO-40,"tol. gral. ISO 2768-mK","—","—","—","—"
41,"PG40 · Alargue lateral · cabezal de rodamiento conducido +X (pletina de eje fijo Ø35 + collar de apriete (NO lleva UCF 207: los rodamientos van DENTRO del tubo, eje fijo pasante — instrucción del cliente), eje Y -1607.4 Z -4.167)",1,MÓVIL,FABRICADA,"Acero A36 (S275JR) cortado por láser",SCO-41,"tol. gral. ISO 2768-fH","—","—","—","—"
42,"PG40 · Alargue lateral · cabezal de rodamiento conducido −X (pletina de eje fijo Ø35 + collar de apriete (NO lleva UCF 207: los rodamientos van DENTRO del tubo, eje fijo pasante — instrucción del cliente), eje Y -1607.4 Z -4.167)",1,MÓVIL,FABRICADA,"Acero A36 (S275JR) cortado por láser",SCO-42,"tol. gral. ISO 2768-fH","—","—","—","—"
43,"PG40 · Alargue lateral · cabezal de rodamiento motriz +X",1,MÓVIL,FABRICADA,"Acero A36 (S275JR) cortado por láser",SCO-43,"tol. gral. ISO 2768-fH","—","—","—","—"
44,"PG40 · Alargue lateral · cabezal de rodamiento motriz −X",1,MÓVIL,FABRICADA,"Acero A36 (S275JR) cortado por láser",SCO-44,"tol. gral. ISO 2768-fH","—","—","—","—"
45,"PG40 · Alargue lateral · tramo de lap +X (Y -1208…-1090, Acero A36 (S275JR) e=5.9)",1,MÓVIL,FABRICADA,"Acero A36 (S275JR) cortado por láser",SCO-45,"tol. gral. ISO 2768-mK","—","—","—","—"
46,"PG40 · Alargue lateral · tramo de lap +X (Y -855…-739, Acero A36 (S275JR) e=5.9)",1,MÓVIL,FABRICADA,"Acero A36 (S275JR) cortado por láser",SCO-46,"tol. gral. ISO 2768-mK","—","—","—","—"
47,"PG40 · Cartela de rodillos de retorno RR1+RR2 −X",1,MÓVIL,FABRICADA,"Acero A36 (S275JR) cortado por láser",SCO-47,"tol. gral. ISO 2768-mK","—","—","—","—"
48,"PG40 · Cartela de rodillos de retorno RR3+RR4 −X",1,MÓVIL,FABRICADA,"Acero A36 (S275JR) cortado por láser",SCO-48,"tol. gral. ISO 2768-mK","—","—","—","—"
49,"PG40 · Cubrejunta alma↔cabezal conducido +X (Acero A36 (S275JR) e=8)",1,MÓVIL,FABRICADA,"Acero A36 (S275JR)",SCO-49,"tol. gral. ISO 2768-mK","—","—","—","—"
50,"PG40 · Cubrejunta alma↔cabezal conducido −X (Acero A36 (S275JR) e=8)",1,MÓVIL,FABRICADA,"Acero A36 (S275JR)",SCO-50,"tol. gral. ISO 2768-mK","—","—","—","—"
51,"PG40 · Cubrejunta alma↔cabezal motriz +X (Acero A36 (S275JR) e=8)",1,MÓVIL,FABRICADA,"Acero A36 (S275JR)",SCO-51,"tol. gral. ISO 2768-mK","—","—","—","—"
52,"PG40 · Cubrejunta alma↔cabezal motriz −X (Acero A36 (S275JR) e=8)",1,MÓVIL,FABRICADA,"Acero A36 (S275JR)",SCO-52,"tol. gral. ISO 2768-mK","—","—","—","—"
53,"PG40 · Cubrejunta alma↔lap +X",1,MÓVIL,FABRICADA,"Acero A36 (S275JR)",SCO-53,"tol. gral. ISO 2768-mK","—","—","—","—"
54,"PG40 · Cubrejunta alma↔lap +X",1,MÓVIL,FABRICADA,"Acero A36 (S275JR)",SCO-54,"tol. gral. ISO 2768-mK","—","—","—","—"
55,"PG40 · Escuadra larguero↔travesaño",15,MÓVIL,FABRICADA,"Pletina Acero A36 (S275JR) e=6",SCO-55,"tol. gral. ISO 2768-mK","—","—","—","—"
56,"PG40 · Escuadra travesaño de puente↔chapón 3/16""",4,MÓVIL,FABRICADA,"Chapa de Acero A36 (S275JR) 3/16"", e=4.763 mm",SCO-56,"tol. gral. ISO 2768-mK","—","—","—","—"
57,"PG40 · Guía UHMW 31.75×169.18",5,MÓVIL,FABRICADA,"UHMW-PE 1000",SCO-57,"tol. gral. ISO 2768-mK a 20 °C","—","—","—","—"
58,"PG40 · Guía UHMW 31.75×200",10,MÓVIL,FABRICADA,"UHMW-PE 1000",SCO-58,"tol. gral. ISO 2768-mK a 20 °C","—","—","—","—"
59,"PG40 · Guía UHMW 31.75×99.218",5,MÓVIL,FABRICADA,"UHMW-PE 1000",SCO-59,"tol. gral. ISO 2768-mK a 20 °C","—","—","—","—"
60,"PG40 · Larguero de calle 40×40 ranura 10 tramo conducido L=249.181",5,MÓVIL,FABRICADA,"Perfil extruido de aluminio EN AW-6063 40×40 ranura 10 — TEMPLE NO DECLARADO (T5 y T6 no tienen el mismo Rp0,2: 130 vs 170 MPa)",SCO-60,"tol. gral. EN 755-9 + ISO 2768-m (largo de corte)","—","—","—","—"
61,"PG40 · Larguero de calle 40×40 ranura 10 tramo motriz L=572",5,MÓVIL,FABRICADA,"Perfil extruido de aluminio EN AW-6063 40×40 ranura 10 — TEMPLE NO DECLARADO (T5 y T6 no tienen el mismo Rp0,2: 130 vs 170 MPa)",SCO-61,"tol. gral. EN 755-9 + ISO 2768-m (largo de corte)","—","—","—","—"
62,"PG40 · Ménsula alma↔travesaño +X",1,MÓVIL,FABRICADA,"Acero A36 (S275JR)",SCO-62,"tol. gral. ISO 2768-mK · conjunto soldado ISO 13920-BF · cordón a5.6 AWS D1.1/D1.1M","—","cordón en ángulo (filete) a=5.6 · AWS D1.1/D1.1M — Structural Welding Code, Steel; símbolo según ISO 2553","—","—"
63,"PG40 · Ménsula alma↔travesaño +X",1,MÓVIL,FABRICADA,"Acero A36 (S275JR)",SCO-63,"tol. gral. ISO 2768-mK · conjunto soldado ISO 13920-BF · cordón a5.6 AWS D1.1/D1.1M","—","cordón en ángulo (filete) a=5.6 · AWS D1.1/D1.1M — Structural Welding Code, Steel; símbolo según ISO 2553","—","—"
64,"PG40 · Ménsula alma↔travesaño −X",1,MÓVIL,FABRICADA,"Acero A36 (S275JR)",SCO-64,"tol. gral. ISO 2768-mK · conjunto soldado ISO 13920-BF · cordón a5.6 AWS D1.1/D1.1M","—","cordón en ángulo (filete) a=5.6 · AWS D1.1/D1.1M — Structural Welding Code, Steel; símbolo según ISO 2553","—","—"
65,"PG40 · Ménsula alma↔travesaño −X",1,MÓVIL,FABRICADA,"Acero A36 (S275JR)",SCO-65,"tol. gral. ISO 2768-mK · conjunto soldado ISO 13920-BF · cordón a5.6 AWS D1.1/D1.1M","—","cordón en ángulo (filete) a=5.6 · AWS D1.1/D1.1M — Structural Welding Code, Steel; símbolo según ISO 2553","—","—"
66,"PG40 · Travesaño 40×40 ranura 10 L=423.924",2,MÓVIL,FABRICADA,"Perfil extruido de aluminio EN AW-6063 40×40 ranura 10 — TEMPLE NO DECLARADO (T5 y T6 no tienen el mismo Rp0,2: 130 vs 170 MPa)",SCO-66,"tol. gral. EN 755-9 + ISO 2768-m (largo de corte)","—","—","—","—"
67,"PG40 · Travesaño 40×40 ranura 10 L=580.841",2,MÓVIL,FABRICADA,"Perfil extruido de aluminio EN AW-6063 40×40 ranura 10 — TEMPLE NO DECLARADO (T5 y T6 no tienen el mismo Rp0,2: 130 vs 170 MPa)",SCO-67,"tol. gral. EN 755-9 + ISO 2768-m (largo de corte)","—","—","—","—"
68,"PG40 · Travesaño de puente 40×40 ranura 10 L=571.315",2,MÓVIL,FABRICADA,"Perfil extruido de aluminio EN AW-6063 40×40 ranura 10 — TEMPLE NO DECLARADO (T5 y T6 no tienen el mismo Rp0,2: 130 vs 170 MPa)",SCO-68,"tol. gral. EN 755-9 + ISO 2768-m (largo de corte)","—","—","—","—"
69,"RETORNO RR1 Ø88.9 · casquillo Ø42/Ø30 × 8",1,MÓVIL,FABRICADA,"Aluminio 6061-T6 (o acero mecanizado)",SCO-69,"tol. gral. ISO 2768-fH","—","—","—","—"
70,"RETORNO RR1 Ø88.9 · casquillo Ø42/Ø30 × 8",1,MÓVIL,FABRICADA,"Aluminio 6061-T6 (o acero mecanizado)",SCO-70,"tol. gral. ISO 2768-fH","—","—","—","—"
71,"RETORNO RR1 Ø88.9 · eje FIJO Ø30 × 435",1,MÓVIL,FABRICADA,"C45 h9",SCO-71,"tol. gral. ISO 2768-fH","—","—","—","—"
72,"RETORNO RR1 Ø88.9 · pletina de soporte 100×100×12",2,MÓVIL,FABRICADA,"Acero S275JR cortado por láser",SCO-72,"tol. gral. ISO 2768-mK","—","—","—","—"
73,"RETORNO RR1 Ø88.9 · tapa-soporte Ø82.5/Ø62 × 28",1,MÓVIL,FABRICADA,"Chapa de acero 0.105"" (12 GA), galvanizada",SCO-73,"tol. gral. ISO 2768-fH","—","—","—","—"
74,"RETORNO RR1 Ø88.9 · tapa-soporte Ø82.5/Ø62 × 28",1,MÓVIL,FABRICADA,"Chapa de acero 0.105"" (12 GA), galvanizada",SCO-74,"tol. gral. ISO 2768-fH","—","—","—","—"
75,"RETORNO RR1 Ø88.9 · tubo Ø88.9 × 360",1,MÓVIL,FABRICADA,"Tubo Ø88.9 × 3.2",SCO-75,"tol. gral. EN 10219-2 + ISO 2768-m (largo de corte)","—","—","—","—"
76,"RETORNO RR2 Ø88.9 · casquillo Ø42/Ø30 × 8",1,MÓVIL,FABRICADA,"Aluminio 6061-T6 (o acero mecanizado)",SCO-76,"tol. gral. ISO 2768-fH","—","—","—","—"
77,"RETORNO RR2 Ø88.9 · casquillo Ø42/Ø30 × 8",1,MÓVIL,FABRICADA,"Aluminio 6061-T6 (o acero mecanizado)",SCO-77,"tol. gral. ISO 2768-fH","—","—","—","—"
78,"RETORNO RR2 Ø88.9 · eje FIJO Ø30 × 435",1,MÓVIL,FABRICADA,"C45 h9",SCO-78,"tol. gral. ISO 2768-fH","—","—","—","—"
79,"RETORNO RR2 Ø88.9 · pletina de soporte 100×100×12",2,MÓVIL,FABRICADA,"Acero S275JR cortado por láser",SCO-79,"tol. gral. ISO 2768-mK","—","—","—","—"
80,"RETORNO RR2 Ø88.9 · tapa-soporte Ø82.5/Ø62 × 28",1,MÓVIL,FABRICADA,"Chapa de acero 0.105"" (12 GA), galvanizada",SCO-80,"tol. gral. ISO 2768-fH","—","—","—","—"
81,"RETORNO RR2 Ø88.9 · tapa-soporte Ø82.5/Ø62 × 28",1,MÓVIL,FABRICADA,"Chapa de acero 0.105"" (12 GA), galvanizada",SCO-81,"tol. gral. ISO 2768-fH","—","—","—","—"
82,"RETORNO RR2 Ø88.9 · tubo Ø88.9 × 360",1,MÓVIL,FABRICADA,"Tubo Ø88.9 × 3.2",SCO-82,"tol. gral. EN 10219-2 + ISO 2768-m (largo de corte)","—","—","—","—"
83,"RETORNO RR3 Ø88.9 · casquillo Ø42/Ø30 × 8",1,MÓVIL,FABRICADA,"Aluminio 6061-T6 (o acero mecanizado)",SCO-83,"tol. gral. ISO 2768-fH","—","—","—","—"
84,"RETORNO RR3 Ø88.9 · casquillo Ø42/Ø30 × 8",1,MÓVIL,FABRICADA,"Aluminio 6061-T6 (o acero mecanizado)",SCO-84,"tol. gral. ISO 2768-fH","—","—","—","—"
85,"RETORNO RR3 Ø88.9 · eje FIJO Ø30 × 435",1,MÓVIL,FABRICADA,"C45 h9",SCO-85,"tol. gral. ISO 2768-fH","—","—","—","—"
86,"RETORNO RR3 Ø88.9 · pletina de soporte 100×100×12",2,MÓVIL,FABRICADA,"Acero S275JR cortado por láser",SCO-86,"tol. gral. ISO 2768-mK","—","—","—","—"
87,"RETORNO RR3 Ø88.9 · tapa-soporte Ø82.5/Ø62 × 28",1,MÓVIL,FABRICADA,"Chapa de acero 0.105"" (12 GA), galvanizada",SCO-87,"tol. gral. ISO 2768-fH","—","—","—","—"
88,"RETORNO RR3 Ø88.9 · tapa-soporte Ø82.5/Ø62 × 28",1,MÓVIL,FABRICADA,"Chapa de acero 0.105"" (12 GA), galvanizada",SCO-88,"tol. gral. ISO 2768-fH","—","—","—","—"
89,"RETORNO RR3 Ø88.9 · tubo Ø88.9 × 360",1,MÓVIL,FABRICADA,"Tubo Ø88.9 × 3.2",SCO-89,"tol. gral. EN 10219-2 + ISO 2768-m (largo de corte)","—","—","—","—"
90,"RETORNO RR4 Ø88.9 · casquillo Ø42/Ø30 × 8",1,MÓVIL,FABRICADA,"Aluminio 6061-T6 (o acero mecanizado)",SCO-90,"tol. gral. ISO 2768-fH","—","—","—","—"
91,"RETORNO RR4 Ø88.9 · casquillo Ø42/Ø30 × 8",1,MÓVIL,FABRICADA,"Aluminio 6061-T6 (o acero mecanizado)",SCO-91,"tol. gral. ISO 2768-fH","—","—","—","—"
92,"RETORNO RR4 Ø88.9 · eje FIJO Ø30 × 435",1,MÓVIL,FABRICADA,"C45 h9",SCO-92,"tol. gral. ISO 2768-fH","—","—","—","—"
93,"RETORNO RR4 Ø88.9 · pletina de soporte 100×100×12",2,MÓVIL,FABRICADA,"Acero S275JR cortado por láser",SCO-93,"tol. gral. ISO 2768-mK","—","—","—","—"
94,"RETORNO RR4 Ø88.9 · tapa-soporte Ø82.5/Ø62 × 28",1,MÓVIL,FABRICADA,"Chapa de acero 0.105"" (12 GA), galvanizada",SCO-94,"tol. gral. ISO 2768-fH","—","—","—","—"
95,"RETORNO RR4 Ø88.9 · tapa-soporte Ø82.5/Ø62 × 28",1,MÓVIL,FABRICADA,"Chapa de acero 0.105"" (12 GA), galvanizada",SCO-95,"tol. gral. ISO 2768-fH","—","—","—","—"
96,"RETORNO RR4 Ø88.9 · tubo Ø88.9 × 360",1,MÓVIL,FABRICADA,"Tubo Ø88.9 × 3.2",SCO-96,"tol. gral. EN 10219-2 + ISO 2768-m (largo de corte)","—","—","—","—"
97,"TAMBOR · engomado 10 → Ø108.9 × 370",1,MÓVIL,FABRICADA,"Caucho natural/SBR 60 ± 5 Sh A vulcanizado en caliente, 10 mm, cara lisa",SCO-97,"tol. gral. ISO 3302-1 clase M3","—","—","—","—"
98,"TAMBOR · tapa soldada Ø82.5/Ø35 e=12",1,MÓVIL,FABRICADA,"Disco S275JR e=12 torneado Ø82.5 h8 / barreno Ø35 H7, soldado al tubo (cordón de rincón 4 mm) y al eje (2 cordones de 5 mm)",SCO-98,"tol. gral. ISO 2768-fH · conjunto soldado ISO 13920-BF · cordón a2.24 AWS D1.3/D1.3M","—","cordón en ángulo (filete) a=2.24 · AWS D1.3/D1.3M — Structural Welding Code, Sheet Steel (e ≤ 4,8 mm); símbolo según ISO 2553","—","—"
99,"TAMBOR · tapa soldada Ø82.5/Ø35 e=12",1,MÓVIL,FABRICADA,"Disco S275JR e=12 torneado Ø82.5 h8 / barreno Ø35 H7, soldado al tubo (cordón de rincón 4 mm) y al eje (2 cordones de 5 mm)",SCO-99,"tol. gral. ISO 2768-fH · conjunto soldado ISO 13920-BF · cordón a2.24 AWS D1.3/D1.3M","—","cordón en ángulo (filete) a=2.24 · AWS D1.3/D1.3M — Structural Welding Code, Sheet Steel (e ≤ 4,8 mm); símbolo según ISO 2553","—","—"
100,"TAMBOR · tubo Ø88.9 × 380",1,MÓVIL,FABRICADA,"Tubo Ø88.9 × 3.2 EN 10220 / ASTM A513, acero S275JR",SCO-100,"tol. gral. EN 10219-2 + ISO 2768-m (largo de corte)","—","—","—","—"
101,"Bisagra trasera SMC C85C25",5,FIJO,COMPRADA,"SMC C85C25 — bisagra trasera (clevis) para C85 Ø20/25 · web PNEU-007",—,"—","—","—","—","—"
102,"Chumacera SKF UCFL 206",2,FIJO,COMPRADA,"SKF UCFL 206 — soporte de brida oval, eje 30, entre taladros 117",—,"—","—","—","—","—"
103,"Cilindro SMC CD85N25-80-B Ø25 carrera 80",5,FIJO,COMPRADA,"SMC CD85N25-80-B — ISO 6432, doble efecto, vástago simple · web PNEU-001/002",—,"—","—","—","—","—"
104,"Collar de apriete PARTIDO Ø30 int × Ø54 × 15",1,FIJO,COMPRADA,"Mädler 62343000 — collar de apriete PARTIDO en dos mitades (double-split), acero C45 pavonado, Ø30 int × Ø54 ext × 15, 2 tornillos M6×18 DIN 912 12.9 · web COLL-SPLIT-01 (equivalente: Ruland MSP-30-SS). NO es DIN 705 A: esa norma es el anillo MACIZO con prisionero",—,"acero al carbono, zincado","—","—","—","zincado"
105,"Filtro de aire SMC AF20-02-B",1,FIJO,COMPRADA,"SMC AF20-02-B — filtro de aire modular, R1/4, grado de filtración 5 µm, con brida de montaje (sufijo B) · web PNEU-010",—,"—","—","—","—","—"
106,"Línea de aire PU Ø6 — AR20 → calle 1",1,FIJO,COMPRADA,"tubo PU Ø6×4 (el que piden los KQ2L06 y el AS2201FS)",—,"—","—","—","—","—"
107,"Línea de aire PU Ø6 — AR20 → calle 2",1,FIJO,COMPRADA,"tubo PU Ø6×4 (el que piden los KQ2L06 y el AS2201FS)",—,"—","—","—","—","—"
108,"Línea de aire PU Ø6 — AR20 → calle 3",1,FIJO,COMPRADA,"tubo PU Ø6×4 (el que piden los KQ2L06 y el AS2201FS)",—,"—","—","—","—","—"
109,"Línea de aire PU Ø6 — AR20 → calle 4",1,FIJO,COMPRADA,"tubo PU Ø6×4 (el que piden los KQ2L06 y el AS2201FS)",—,"—","—","—","—","—"
110,"Línea de aire PU Ø6 — AR20 → calle 5",1,FIJO,COMPRADA,"tubo PU Ø6×4 (el que piden los KQ2L06 y el AS2201FS)",—,"—","—","—","—","—"
111,"Manómetro SMC G36-10-01",1,FIJO,COMPRADA,"SMC G36-10-01 — manómetro redondo Ø37, 0…1.0 MPa, rosca R1/8, accesorio de catálogo del cuerpo tamaño 20 (AR20/AW20) · web PNEU-011",—,"—","—","—","—","—"
112,"Racor codo SMC KQ2L06-01AS",5,FIJO,COMPRADA,"SMC KQ2L06-01AS — codo instantáneo macho R1/8 ↔ tubo Ø6 · web PNEU-008",—,"—","—","—","—","—"
113,"Regulador de caudal SMC AS2201FS-01-06S",5,FIJO,COMPRADA,"SMC AS2201FS-01-06S — regulador de caudal codo, meter-out, R1/8, tubo Ø6 · web PNEU-004",—,"—","—","—","—","—"
114,"Regulador de PRESIÓN SMC AR20-02-B",1,FIJO,COMPRADA,"SMC AR20-02-B — regulador de presión modular serie AR, R1/4, con brida de montaje (el sufijo «-B» ES la brida: no hay que comprarla aparte) · web PNEU-009",—,"—","—","—","—","—"
115,"Rótula de vástago SMC KJ10D",5,FIJO,COMPRADA,"SMC KJ10D — rótula de vástago (rod end / piston rod end bracket), rosca hembra M10×1.25, rótula esférica de casquillo deslizante Ø10 H7, inclinación admisible 13°; SIN bulón (despiece de catálogo: cuerpo + rodamiento + liner) · web PNEU-006",—,"—","—","—","—","—"
116,"Silenciador SMC AN101-01",5,FIJO,COMPRADA,"Silenciador de bronce sinterizado, rosca 1/8-27 NPT (ASME B1.20.1) · Hytrol 923.0059",—,"caudal libre ≥ 200 Nl/min","—","—","—","—"
117,"TAMBOR · eje Ø35 × 710 con saliente y chavetero",1,MÓVIL,COMPRADA,"eje_tambor_35",—,"—","—","—","—","—"
118,"Te de reparto SMC KQ2T06-00 1/4",1,FIJO,COMPRADA,"SMC KQ2T06-00 — te de unión instantánea Ø6 (tubo a tubo), PBT/NBR, −100 kPa…1 MPa · web PNEU-013",—,"—","—","—","—","—"
119,"Te de reparto SMC KQ2T06-00 2/4",1,FIJO,COMPRADA,"SMC KQ2T06-00 — te de unión instantánea Ø6 (tubo a tubo), PBT/NBR, −100 kPa…1 MPa · web PNEU-013",—,"—","—","—","—","—"
120,"Te de reparto SMC KQ2T06-00 3/4",1,FIJO,COMPRADA,"SMC KQ2T06-00 — te de unión instantánea Ø6 (tubo a tubo), PBT/NBR, −100 kPa…1 MPa · web PNEU-013",—,"—","—","—","—","—"
121,"Te de reparto SMC KQ2T06-00 4/4",1,FIJO,COMPRADA,"SMC KQ2T06-00 — te de unión instantánea Ø6 (tubo a tubo), PBT/NBR, −100 kPa…1 MPa · web PNEU-013",—,"—","—","—","—","—"
122,"Válvula de corte y purga SMC VHS20-02",1,FIJO,COMPRADA,"SMC VHS20-02 — válvula manual de corte y ESCAPE de presión residual, 3 vías, R1/4, con agujeros de candado (conforme a OSHA) · web PNEU-012",—,"—","—","—","—","—"
123,"Anillo retención 3AM1-20 retención del eje tensor +X (calle 1, X=127.056) Ø20",1,FIJO,COMPRADA,"ANSI/ASME B27.7M — anillo de retención exterior MÉTRICO serie 3AM1, referencia 3AM1-20 (eje Ø20)",—,"acero para muelles SAE 1060-1090","—","—","—","fosfatado"
124,"Anillo retención 3AM1-20 retención del eje tensor +X (calle 2, X=203.256) Ø20",1,FIJO,COMPRADA,"ANSI/ASME B27.7M — anillo de retención exterior MÉTRICO serie 3AM1, referencia 3AM1-20 (eje Ø20)",—,"acero para muelles SAE 1060-1090","—","—","—","fosfatado"
125,"Anillo retención 3AM1-20 retención del eje tensor +X (calle 3, X=279.456) Ø20",1,FIJO,COMPRADA,"ANSI/ASME B27.7M — anillo de retención exterior MÉTRICO serie 3AM1, referencia 3AM1-20 (eje Ø20)",—,"acero para muelles SAE 1060-1090","—","—","—","fosfatado"
126,"Anillo retención 3AM1-20 retención del eje tensor +X (calle 4, X=355.656) Ø20",1,FIJO,COMPRADA,"ANSI/ASME B27.7M — anillo de retención exterior MÉTRICO serie 3AM1, referencia 3AM1-20 (eje Ø20)",—,"acero para muelles SAE 1060-1090","—","—","—","fosfatado"
127,"Anillo retención 3AM1-20 retención del eje tensor +X (calle 5, X=431.856) Ø20",1,FIJO,COMPRADA,"ANSI/ASME B27.7M — anillo de retención exterior MÉTRICO serie 3AM1, referencia 3AM1-20 (eje Ø20)",—,"acero para muelles SAE 1060-1090","—","—","—","fosfatado"
128,"Anillo retención 3AM1-20 retención del eje tensor −X (calle 1, X=127.056) Ø20",1,FIJO,COMPRADA,"ANSI/ASME B27.7M — anillo de retención exterior MÉTRICO serie 3AM1, referencia 3AM1-20 (eje Ø20)",—,"acero para muelles SAE 1060-1090","—","—","—","fosfatado"
129,"Anillo retención 3AM1-20 retención del eje tensor −X (calle 2, X=203.256) Ø20",1,FIJO,COMPRADA,"ANSI/ASME B27.7M — anillo de retención exterior MÉTRICO serie 3AM1, referencia 3AM1-20 (eje Ø20)",—,"acero para muelles SAE 1060-1090","—","—","—","fosfatado"
130,"Anillo retención 3AM1-20 retención del eje tensor −X (calle 3, X=279.456) Ø20",1,FIJO,COMPRADA,"ANSI/ASME B27.7M — anillo de retención exterior MÉTRICO serie 3AM1, referencia 3AM1-20 (eje Ø20)",—,"acero para muelles SAE 1060-1090","—","—","—","fosfatado"
131,"Anillo retención 3AM1-20 retención del eje tensor −X (calle 4, X=355.656) Ø20",1,FIJO,COMPRADA,"ANSI/ASME B27.7M — anillo de retención exterior MÉTRICO serie 3AM1, referencia 3AM1-20 (eje Ø20)",—,"acero para muelles SAE 1060-1090","—","—","—","fosfatado"
132,"Anillo retención 3AM1-20 retención del eje tensor −X (calle 5, X=431.856) Ø20",1,FIJO,COMPRADA,"ANSI/ASME B27.7M — anillo de retención exterior MÉTRICO serie 3AM1, referencia 3AM1-20 (eje Ø20)",—,"acero para muelles SAE 1060-1090","—","—","—","fosfatado"
133,"Anillo retención 3AM1-20 tensora +X (calle 1, X=127.056) Ø20",1,FIJO,COMPRADA,"ANSI/ASME B27.7M — anillo de retención exterior MÉTRICO serie 3AM1, referencia 3AM1-20 (eje Ø20)",—,"acero para muelles SAE 1060-1090","—","—","—","fosfatado"
134,"Anillo retención 3AM1-20 tensora +X (calle 2, X=203.256) Ø20",1,FIJO,COMPRADA,"ANSI/ASME B27.7M — anillo de retención exterior MÉTRICO serie 3AM1, referencia 3AM1-20 (eje Ø20)",—,"acero para muelles SAE 1060-1090","—","—","—","fosfatado"
135,"Anillo retención 3AM1-20 tensora +X (calle 3, X=279.456) Ø20",1,FIJO,COMPRADA,"ANSI/ASME B27.7M — anillo de retención exterior MÉTRICO serie 3AM1, referencia 3AM1-20 (eje Ø20)",—,"acero para muelles SAE 1060-1090","—","—","—","fosfatado"
136,"Anillo retención 3AM1-20 tensora +X (calle 4, X=355.656) Ø20",1,FIJO,COMPRADA,"ANSI/ASME B27.7M — anillo de retención exterior MÉTRICO serie 3AM1, referencia 3AM1-20 (eje Ø20)",—,"acero para muelles SAE 1060-1090","—","—","—","fosfatado"
137,"Anillo retención 3AM1-20 tensora +X (calle 5, X=431.856) Ø20",1,FIJO,COMPRADA,"ANSI/ASME B27.7M — anillo de retención exterior MÉTRICO serie 3AM1, referencia 3AM1-20 (eje Ø20)",—,"acero para muelles SAE 1060-1090","—","—","—","fosfatado"
138,"Anillo retención 3AM1-20 tensora −X (calle 1, X=127.056) Ø20",1,FIJO,COMPRADA,"ANSI/ASME B27.7M — anillo de retención exterior MÉTRICO serie 3AM1, referencia 3AM1-20 (eje Ø20)",—,"acero para muelles SAE 1060-1090","—","—","—","fosfatado"
139,"Anillo retención 3AM1-20 tensora −X (calle 2, X=203.256) Ø20",1,FIJO,COMPRADA,"ANSI/ASME B27.7M — anillo de retención exterior MÉTRICO serie 3AM1, referencia 3AM1-20 (eje Ø20)",—,"acero para muelles SAE 1060-1090","—","—","—","fosfatado"
140,"Anillo retención 3AM1-20 tensora −X (calle 3, X=279.456) Ø20",1,FIJO,COMPRADA,"ANSI/ASME B27.7M — anillo de retención exterior MÉTRICO serie 3AM1, referencia 3AM1-20 (eje Ø20)",—,"acero para muelles SAE 1060-1090","—","—","—","fosfatado"
141,"Anillo retención 3AM1-20 tensora −X (calle 4, X=355.656) Ø20",1,FIJO,COMPRADA,"ANSI/ASME B27.7M — anillo de retención exterior MÉTRICO serie 3AM1, referencia 3AM1-20 (eje Ø20)",—,"acero para muelles SAE 1060-1090","—","—","—","fosfatado"
142,"Anillo retención 3AM1-20 tensora −X (calle 5, X=431.856) Ø20",1,FIJO,COMPRADA,"ANSI/ASME B27.7M — anillo de retención exterior MÉTRICO serie 3AM1, referencia 3AM1-20 (eje Ø20)",—,"acero para muelles SAE 1060-1090","—","—","—","fosfatado"
143,"Anillo retención bulón rótula +X (calle 1, X=127.056) Ø10",1,FIJO,COMPRADA,"DIN 471 — anillo de retención exterior para eje Ø10",—,"acero para muelles C67S","—","—","—","fosfatado"
144,"Anillo retención bulón rótula +X (calle 2, X=203.256) Ø10",1,FIJO,COMPRADA,"DIN 471 — anillo de retención exterior para eje Ø10",—,"acero para muelles C67S","—","—","—","fosfatado"
145,"Anillo retención bulón rótula +X (calle 3, X=279.456) Ø10",1,FIJO,COMPRADA,"DIN 471 — anillo de retención exterior para eje Ø10",—,"acero para muelles C67S","—","—","—","fosfatado"
146,"Anillo retención bulón rótula +X (calle 4, X=355.656) Ø10",1,FIJO,COMPRADA,"DIN 471 — anillo de retención exterior para eje Ø10",—,"acero para muelles C67S","—","—","—","fosfatado"
147,"Anillo retención bulón rótula +X (calle 5, X=431.856) Ø10",1,FIJO,COMPRADA,"DIN 471 — anillo de retención exterior para eje Ø10",—,"acero para muelles C67S","—","—","—","fosfatado"
148,"Anillo retención bulón rótula −X (calle 1, X=127.056) Ø10",1,FIJO,COMPRADA,"DIN 471 — anillo de retención exterior para eje Ø10",—,"acero para muelles C67S","—","—","—","fosfatado"
149,"Anillo retención bulón rótula −X (calle 2, X=203.256) Ø10",1,FIJO,COMPRADA,"DIN 471 — anillo de retención exterior para eje Ø10",—,"acero para muelles C67S","—","—","—","fosfatado"
150,"Anillo retención bulón rótula −X (calle 3, X=279.456) Ø10",1,FIJO,COMPRADA,"DIN 471 — anillo de retención exterior para eje Ø10",—,"acero para muelles C67S","—","—","—","fosfatado"
151,"Anillo retención bulón rótula −X (calle 4, X=355.656) Ø10",1,FIJO,COMPRADA,"DIN 471 — anillo de retención exterior para eje Ø10",—,"acero para muelles C67S","—","—","—","fosfatado"
152,"Anillo retención bulón rótula −X (calle 5, X=431.856) Ø10",1,FIJO,COMPRADA,"DIN 471 — anillo de retención exterior para eje Ø10",—,"acero para muelles C67S","—","—","—","fosfatado"
153,"Anillo retención bulón trasero +X (calle 1, X=127.056) Ø8",1,FIJO,COMPRADA,"DIN 471 — anillo de retención exterior para eje Ø8",—,"acero para muelles C67S","—","—","—","fosfatado"
154,"Anillo retención bulón trasero +X (calle 2, X=203.256) Ø8",1,FIJO,COMPRADA,"DIN 471 — anillo de retención exterior para eje Ø8",—,"acero para muelles C67S","—","—","—","fosfatado"
155,"Anillo retención bulón trasero +X (calle 3, X=279.456) Ø8",1,FIJO,COMPRADA,"DIN 471 — anillo de retención exterior para eje Ø8",—,"acero para muelles C67S","—","—","—","fosfatado"
156,"Anillo retención bulón trasero +X (calle 4, X=355.656) Ø8",1,FIJO,COMPRADA,"DIN 471 — anillo de retención exterior para eje Ø8",—,"acero para muelles C67S","—","—","—","fosfatado"
157,"Anillo retención bulón trasero +X (calle 5, X=431.856) Ø8",1,FIJO,COMPRADA,"DIN 471 — anillo de retención exterior para eje Ø8",—,"acero para muelles C67S","—","—","—","fosfatado"
158,"Anillo retención bulón trasero −X (calle 1, X=127.056) Ø8",1,FIJO,COMPRADA,"DIN 471 — anillo de retención exterior para eje Ø8",—,"acero para muelles C67S","—","—","—","fosfatado"
159,"Anillo retención bulón trasero −X (calle 2, X=203.256) Ø8",1,FIJO,COMPRADA,"DIN 471 — anillo de retención exterior para eje Ø8",—,"acero para muelles C67S","—","—","—","fosfatado"
160,"Anillo retención bulón trasero −X (calle 3, X=279.456) Ø8",1,FIJO,COMPRADA,"DIN 471 — anillo de retención exterior para eje Ø8",—,"acero para muelles C67S","—","—","—","fosfatado"
161,"Anillo retención bulón trasero −X (calle 4, X=355.656) Ø8",1,FIJO,COMPRADA,"DIN 471 — anillo de retención exterior para eje Ø8",—,"acero para muelles C67S","—","—","—","fosfatado"
162,"Anillo retención bulón trasero −X (calle 5, X=431.856) Ø8",1,FIJO,COMPRADA,"DIN 471 — anillo de retención exterior para eje Ø8",—,"acero para muelles C67S","—","—","—","fosfatado"
163,"Anillo retención eje pivote +X Ø30",1,FIJO,COMPRADA,"DIN 471 — anillo de retención exterior para eje Ø30",—,"acero para muelles C67S, s = 1,50; ranura Ø28,6 × 1,6, profundidad 0,7 (web RING-471-01)","—","—","—","fosfatado"
164,"Anillo retención eje pivote −X Ø30",1,FIJO,COMPRADA,"DIN 471 — anillo de retención exterior para eje Ø30",—,"acero para muelles C67S, s = 1,50; ranura Ø28,6 × 1,6, profundidad 0,7 (web RING-471-01)","—","—","—","fosfatado"
165,"Casquillo de fricción Ø30/Ø38×25 con brida (+X)",5,FIJO,COMPRADA,"Casquillo de fricción CON BRIDA d 30 × D 38 × L 25 — serie dimensional de casquillo macizo de aleación de cobre (ISO 4379); el par d/D 30/38 es de tabla",—,"material y fabricante PENDIENTES (así lo declara adapt/params_tensor2.mjs): entre bronce macizo y casquillo compuesto con capa de PTFE cambia la presión admisible y el juego de montaje, y el brazo tiene que girar libre","—","—","—","—"
166,"Casquillo de fricción Ø30/Ø38×25 con brida (−X)",5,FIJO,COMPRADA,"Casquillo de fricción CON BRIDA d 30 × D 38 × L 25 — serie dimensional de casquillo macizo de aleación de cobre (ISO 4379); el par d/D 30/38 es de tabla",—,"material y fabricante PENDIENTES (así lo declara adapt/params_tensor2.mjs): entre bronce macizo y casquillo compuesto con capa de PTFE cambia la presión admisible y el juego de montaje, y el brazo tiene que girar libre","—","—","—","—"
167,"CONDUCIDO · Anillo retención CONDUCIDO Ø108 (+X) Ø35",1,MÓVIL,COMPRADA,"DIN 471 — anillo de retención exterior para eje Ø35",—,"acero para muelles C67S, s = 1,50; ranura Ø33,0 h12 × 1,6, profundidad 1,0 (web RING-471-01)","—","—","—","fosfatado"
168,"CONDUCIDO · Anillo retención CONDUCIDO Ø108 (−X) Ø35",1,MÓVIL,COMPRADA,"DIN 471 — anillo de retención exterior para eje Ø35",—,"acero para muelles C67S, s = 1,50; ranura Ø33,0 h12 × 1,6, profundidad 1,0 (web RING-471-01)","—","—","—","fosfatado"
169,"CONDUCIDO · Perno hex M12 soporte CONDUCIDO Ø108",4,MÓVIL,COMPRADA,"ISO 4017 (DIN 933) — tornillo de cabeza hexagonal M12, rosca total",—,"clase de resistencia 8.8 (ISO 898-1)","—","—","—","zincado electrolítico ISO 4042"
170,"CONDUCIDO · Perno hex M12 soporte CONDUCIDO Ø108",4,MÓVIL,COMPRADA,"ISO 4017 (DIN 933) — tornillo de cabeza hexagonal M12, rosca total",—,"clase de resistencia 8.8 (ISO 898-1)","—","—","—","zincado electrolítico ISO 4042"
171,"CONDUCIDO · Rodamiento 6207-2RS (CONDUCIDO Ø108, +X)",1,MÓVIL,COMPRADA,"ISO 15 / DIN 625-1 — rodamiento rígido de bolas 6207-2RS (35 × 72 × 17)",—,"clase de tolerancia normal (ISO 492 P0); 2RS = dos obturaciones de goma","—","—","—","—"
172,"CONDUCIDO · Rodamiento 6207-2RS (CONDUCIDO Ø108, −X)",1,MÓVIL,COMPRADA,"ISO 15 / DIN 625-1 — rodamiento rígido de bolas 6207-2RS (35 × 72 × 17)",—,"clase de tolerancia normal (ISO 492 P0); 2RS = dos obturaciones de goma","—","—","—","—"
173,"CONDUCIDO Ø108 · collar de apriete PARTIDO Ø35 int × Ø57 × 15",1,MÓVIL,COMPRADA,"Mädler 62343500 — collar de apriete PARTIDO en dos mitades (double-split), acero C45 pavonado, Ø35 int × Ø57 ext × 15, 2 tornillos M6×18 DIN 912 12.9 · web COLL-SPLIT-01 (equiv. Ruland MSP-35-SS / Misumi SSCS35). Retención axial del eje fijo. NO es DIN 705 A: esa norma es el anillo MACIZO con prisionero y aquí el collar TIENE que ser partido, porque entra en el hueco de 20 mm entre la testa del tubo y su pletina con el eje ya pasado",—,"acero al carbono, zincado","—","—","—","zincado"
174,"CONDUCIDO Ø108 · collar de apriete PARTIDO Ø35 int × Ø57 × 15",1,MÓVIL,COMPRADA,"Mädler 62343500 — collar de apriete PARTIDO en dos mitades (double-split), acero C45 pavonado, Ø35 int × Ø57 ext × 15, 2 tornillos M6×18 DIN 912 12.9 · web COLL-SPLIT-01 (equiv. Ruland MSP-35-SS / Misumi SSCS35). Retención axial del eje fijo. NO es DIN 705 A: esa norma es el anillo MACIZO con prisionero y aquí el collar TIENE que ser partido, porque entra en el hueco de 20 mm entre la testa del tubo y su pletina con el eje ya pasado",—,"acero al carbono, zincado","—","—","—","zincado"
175,"Perno hex M12×75 UCFL pivote +X",2,FIJO,COMPRADA,"ISO 4017 (DIN 933) — tornillo de cabeza hexagonal M12, rosca total",—,"clase de resistencia 8.8 (ISO 898-1)","—","—","—","zincado electrolítico ISO 4042"
176,"Perno hex M12×75 UCFL pivote −X",2,FIJO,COMPRADA,"ISO 4017 (DIN 933) — tornillo de cabeza hexagonal M12, rosca total",—,"clase de resistencia 8.8 (ISO 898-1)","—","—","—","zincado electrolítico ISO 4042"
177,"Perno hex M8×12 CT-ENS↔perfil",10,FIJO,COMPRADA,"ISO 4017 (DIN 933) — tornillo de cabeza hexagonal M8, rosca total",—,"clase de resistencia 8.8 (ISO 898-1)","—","—","—","zincado electrolítico ISO 4042"
178,"Perno hex M8×12 CT-ENS↔perfil",10,FIJO,COMPRADA,"ISO 4017 (DIN 933) — tornillo de cabeza hexagonal M8, rosca total",—,"clase de resistencia 8.8 (ISO 898-1)","—","—","—","zincado electrolítico ISO 4042"
179,"Perno hex M8×12 guarda sur",5,FIJO,COMPRADA,"ISO 4017 (DIN 933) — tornillo de cabeza hexagonal M8, rosca total",—,"clase de resistencia 8.8 (ISO 898-1)","—","—","—","zincado electrolítico ISO 4042"
180,"Perno hex M8×16 guarda norte↔bancada",4,FIJO,COMPRADA,"ISO 4017 (DIN 933) — tornillo de cabeza hexagonal M8, rosca total",—,"clase de resistencia 8.8 (ISO 898-1)","—","—","—","zincado electrolítico ISO 4042"
181,"Perno hex M8×16 guía norte↔alma",2,FIJO,COMPRADA,"ISO 4017 (DIN 933) — tornillo de cabeza hexagonal M8, rosca total",—,"clase de resistencia 8.8 (ISO 898-1)","—","—","—","zincado electrolítico ISO 4042"
182,"Perno hex M8×16 guía sur↔alma",2,FIJO,COMPRADA,"ISO 4017 (DIN 933) — tornillo de cabeza hexagonal M8, rosca total",—,"clase de resistencia 8.8 (ISO 898-1)","—","—","—","zincado electrolítico ISO 4042"
183,"Perno hex M8×16 puente",20,FIJO,COMPRADA,"ISO 4017 (DIN 933) — tornillo de cabeza hexagonal M8, rosca total",—,"clase de resistencia 8.8 (ISO 898-1)","—","—","—","zincado electrolítico ISO 4042"
184,"Perno hex M8×20 base guía norte↔canto",2,FIJO,COMPRADA,"ISO 4017 (DIN 933) — tornillo de cabeza hexagonal M8, rosca total",—,"clase de resistencia 8.8 (ISO 898-1)","—","—","—","zincado electrolítico ISO 4042"
185,"Perno hex M8×20 base guía sur↔canto",2,FIJO,COMPRADA,"ISO 4017 (DIN 933) — tornillo de cabeza hexagonal M8, rosca total",—,"clase de resistencia 8.8 (ISO 898-1)","—","—","—","zincado electrolítico ISO 4042"
186,"Perno hex M8×25 guarda −X↔chapón",3,FIJO,COMPRADA,"ISO 4017 (DIN 933) — tornillo de cabeza hexagonal M8, rosca total",—,"clase de resistencia 8.8 (ISO 898-1)","—","—","—","zincado electrolítico ISO 4042"
187,"Perno hex M8×25 ménsula↔travesaño",10,FIJO,COMPRADA,"ISO 4017 (DIN 933) — tornillo de cabeza hexagonal M8, rosca total",—,"clase de resistencia 8.8 (ISO 898-1)","—","—","—","zincado electrolítico ISO 4042"
188,"Perno hex M8×25 travesaño↔cabezal PG40 +X",2,FIJO,COMPRADA,"ISO 4017 (DIN 933) — tornillo de cabeza hexagonal M8, rosca total",—,"clase de resistencia 8.8 (ISO 898-1)","—","—","—","zincado electrolítico ISO 4042"
189,"Perno hex M8×25 travesaño↔cabezal PG40 −X",2,FIJO,COMPRADA,"ISO 4017 (DIN 933) — tornillo de cabeza hexagonal M8, rosca total",—,"clase de resistencia 8.8 (ISO 898-1)","—","—","—","zincado electrolítico ISO 4042"
190,"Perno hex M8×35 guarda +X↔chapón",3,FIJO,COMPRADA,"ISO 4017 (DIN 933) — tornillo de cabeza hexagonal M8, rosca total",—,"clase de resistencia 8.8 (ISO 898-1)","—","—","—","zincado electrolítico ISO 4042"
191,"PG40 · Golilla alargue +X Y -1145 Ø9.525",1,MÓVIL,COMPRADA,"ASME B18.22.1 — arandela plana tipo A, 3/8"", serie estrecha (N, Ø ext. 20.62)",—,"acero al carbono","—","—","—","zincado ASTM F1941"
192,"PG40 · Golilla alargue +X Y -802 Ø9.525",1,MÓVIL,COMPRADA,"ASME B18.22.1 — arandela plana tipo A, 3/8"", serie estrecha (N, Ø ext. 20.62)",—,"acero al carbono","—","—","—","zincado ASTM F1941"
193,"PG40 · Golilla alargue −X Y -1145 Ø9.525",1,MÓVIL,COMPRADA,"ASME B18.22.1 — arandela plana tipo A, 3/8"", serie estrecha (N, Ø ext. 20.62)",—,"acero al carbono","—","—","—","zincado ASTM F1941"
194,"PG40 · Golilla alargue −X Y -802 Ø9.525",1,MÓVIL,COMPRADA,"ASME B18.22.1 — arandela plana tipo A, 3/8"", serie estrecha (N, Ø ext. 20.62)",—,"acero al carbono","—","—","—","zincado ASTM F1941"
195,"PG40 · Golilla alargue −X Y -973.5 Ø9.525",1,MÓVIL,COMPRADA,"ASME B18.22.1 — arandela plana tipo A, 3/8"", serie estrecha (N, Ø ext. 20.62)",—,"acero al carbono","—","—","—","zincado ASTM F1941"
196,"PG40 · Perno hex 3/8-16 × 25 · alargue +X Y -1145",1,MÓVIL,COMPRADA,"ASME B18.2.1 — tornillo de cabeza hexagonal 3/8-16 UNC-2A",—,"SAE J429 grado 5 (carga de prueba 85 ksi)","—","—","—","zincado electrolítico ASTM F1941 Fe/Zn 5AN"
197,"PG40 · Perno hex 3/8-16 × 25 · alargue +X Y -802",1,MÓVIL,COMPRADA,"ASME B18.2.1 — tornillo de cabeza hexagonal 3/8-16 UNC-2A",—,"SAE J429 grado 5 (carga de prueba 85 ksi)","—","—","—","zincado electrolítico ASTM F1941 Fe/Zn 5AN"
198,"PG40 · Perno hex 3/8-16 × 25 · alargue −X Y -1145",1,MÓVIL,COMPRADA,"ASME B18.2.1 — tornillo de cabeza hexagonal 3/8-16 UNC-2A",—,"SAE J429 grado 5 (carga de prueba 85 ksi)","—","—","—","zincado electrolítico ASTM F1941 Fe/Zn 5AN"
199,"PG40 · Perno hex 3/8-16 × 25 · alargue −X Y -802",1,MÓVIL,COMPRADA,"ASME B18.2.1 — tornillo de cabeza hexagonal 3/8-16 UNC-2A",—,"SAE J429 grado 5 (carga de prueba 85 ksi)","—","—","—","zincado electrolítico ASTM F1941 Fe/Zn 5AN"
200,"PG40 · Perno hex 3/8-16 × 25 · alargue −X Y -973.5",1,MÓVIL,COMPRADA,"ASME B18.2.1 — tornillo de cabeza hexagonal 3/8-16 UNC-2A",—,"SAE J429 grado 5 (carga de prueba 85 ksi)","—","—","—","zincado electrolítico ASTM F1941 Fe/Zn 5AN"
201,"PG40 · Perno hex M10 × 50 · alargue↔chapón Y -1440",1,MÓVIL,COMPRADA,"ISO 4017 (DIN 933) — tornillo de cabeza hexagonal M10, rosca total",—,"clase de resistencia 8.8 (ISO 898-1)","—","—","—","zincado electrolítico ISO 4042"
202,"PG40 · Perno hex M10 × 50 · alargue↔chapón Y -1470",1,MÓVIL,COMPRADA,"ISO 4017 (DIN 933) — tornillo de cabeza hexagonal M10, rosca total",—,"clase de resistencia 8.8 (ISO 898-1)","—","—","—","zincado electrolítico ISO 4042"
203,"PG40 · Perno hex M10 × 50 · alargue↔chapón Y -1500",1,MÓVIL,COMPRADA,"ISO 4017 (DIN 933) — tornillo de cabeza hexagonal M10, rosca total",—,"clase de resistencia 8.8 (ISO 898-1)","—","—","—","zincado electrolítico ISO 4042"
204,"PG40 · Perno hex M10 × 50 · alargue↔chapón Y -160",1,MÓVIL,COMPRADA,"ISO 4017 (DIN 933) — tornillo de cabeza hexagonal M10, rosca total",—,"clase de resistencia 8.8 (ISO 898-1)","—","—","—","zincado electrolítico ISO 4042"
205,"PG40 · Perno hex M10 × 50 · alargue↔chapón Y -260",1,MÓVIL,COMPRADA,"ISO 4017 (DIN 933) — tornillo de cabeza hexagonal M10, rosca total",—,"clase de resistencia 8.8 (ISO 898-1)","—","—","—","zincado electrolítico ISO 4042"
206,"PG40 · Perno hex M10 × 50 · alargue↔chapón Y -360",1,MÓVIL,COMPRADA,"ISO 4017 (DIN 933) — tornillo de cabeza hexagonal M10, rosca total",—,"clase de resistencia 8.8 (ISO 898-1)","—","—","—","zincado electrolítico ISO 4042"
207,"PG40 · Perno hex M10 × 50 · alargue↔chapón Y -450",1,MÓVIL,COMPRADA,"ISO 4017 (DIN 933) — tornillo de cabeza hexagonal M10, rosca total",—,"clase de resistencia 8.8 (ISO 898-1)","—","—","—","zincado electrolítico ISO 4042"
208,"PG40 · Perno hex M10 × 50 · alargue↔chapón Y -480",1,MÓVIL,COMPRADA,"ISO 4017 (DIN 933) — tornillo de cabeza hexagonal M10, rosca total",—,"clase de resistencia 8.8 (ISO 898-1)","—","—","—","zincado electrolítico ISO 4042"
209,"PG40 · Perno hex M8×16 escuadra puente↔travesaño",8,MÓVIL,COMPRADA,"ISO 4017 (DIN 933) — tornillo de cabeza hexagonal M8, rosca total",—,"clase de resistencia 8.8 (ISO 898-1)","—","—","—","zincado electrolítico ISO 4042"
210,"PG40 · Perno hex M8×20 escuadra↔larguero",15,MÓVIL,COMPRADA,"ISO 4017 (DIN 933) — tornillo de cabeza hexagonal M8, rosca total",—,"clase de resistencia 8.8 (ISO 898-1)","—","—","—","zincado electrolítico ISO 4042"
211,"PG40 · Perno hex M8×20 escuadra↔travesaño",15,MÓVIL,COMPRADA,"ISO 4017 (DIN 933) — tornillo de cabeza hexagonal M8, rosca total",—,"clase de resistencia 8.8 (ISO 898-1)","—","—","—","zincado electrolítico ISO 4042"
212,"PG40 · Perno hex M8×20 ménsula↔travesaño +X",2,MÓVIL,COMPRADA,"ISO 4017 (DIN 933) — tornillo de cabeza hexagonal M8, rosca total",—,"clase de resistencia 8.8 (ISO 898-1)","—","—","—","zincado electrolítico ISO 4042"
213,"PG40 · Perno hex M8×20 ménsula↔travesaño −X",2,MÓVIL,COMPRADA,"ISO 4017 (DIN 933) — tornillo de cabeza hexagonal M8, rosca total",—,"clase de resistencia 8.8 (ISO 898-1)","—","—","—","zincado electrolítico ISO 4042"
214,"PG40 · Perno hex M8×25 escuadra puente↔chapón",4,MÓVIL,COMPRADA,"ISO 4017 (DIN 933) — tornillo de cabeza hexagonal M8, rosca total",—,"clase de resistencia 8.8 (ISO 898-1)","—","—","—","zincado electrolítico ISO 4042"
215,"PG40 · Perno hex M8×25 escuadra puente↔chapón",4,MÓVIL,COMPRADA,"ISO 4017 (DIN 933) — tornillo de cabeza hexagonal M8, rosca total",—,"clase de resistencia 8.8 (ISO 898-1)","—","—","—","zincado electrolítico ISO 4042"
216,"PG40 · Tope de guía M6",20,MÓVIL,COMPRADA,"ISO 10642 (DIN 7991) — tornillo de cabeza avellanada con hexágono interior M6",—,"clase de resistencia 8.8 (ISO 898-1)","—","—","—","zincado ISO 4042"
217,"PG40 · Tuerca hex 3/8-16 · alargue +X Y -1145",1,MÓVIL,COMPRADA,"ASME B18.2.2 — tuerca hexagonal 3/8-16 UNC-2B",—,"SAE J995 grado 5","—","—","—","zincado electrolítico ASTM F1941 Fe/Zn 5AN"
218,"PG40 · Tuerca hex 3/8-16 · alargue +X Y -802",1,MÓVIL,COMPRADA,"ASME B18.2.2 — tuerca hexagonal 3/8-16 UNC-2B",—,"SAE J995 grado 5","—","—","—","zincado electrolítico ASTM F1941 Fe/Zn 5AN"
219,"PG40 · Tuerca hex 3/8-16 · alargue −X Y -1145",1,MÓVIL,COMPRADA,"ASME B18.2.2 — tuerca hexagonal 3/8-16 UNC-2B",—,"SAE J995 grado 5","—","—","—","zincado electrolítico ASTM F1941 Fe/Zn 5AN"
220,"PG40 · Tuerca hex 3/8-16 · alargue −X Y -802",1,MÓVIL,COMPRADA,"ASME B18.2.2 — tuerca hexagonal 3/8-16 UNC-2B",—,"SAE J995 grado 5","—","—","—","zincado electrolítico ASTM F1941 Fe/Zn 5AN"
221,"PG40 · Tuerca hex 3/8-16 · alargue −X Y -973.5",1,MÓVIL,COMPRADA,"ASME B18.2.2 — tuerca hexagonal 3/8-16 UNC-2B",—,"SAE J995 grado 5","—","—","—","zincado electrolítico ASTM F1941 Fe/Zn 5AN"
222,"PG40 · Tuerca hex M10 · alargue↔chapón Y -1440",1,MÓVIL,COMPRADA,"ISO 4032 (DIN 934) — tuerca hexagonal M10",—,"clase 8 (ISO 898-2)","—","—","—","zincado ISO 4042"
223,"PG40 · Tuerca hex M10 · alargue↔chapón Y -1470",1,MÓVIL,COMPRADA,"ISO 4032 (DIN 934) — tuerca hexagonal M10",—,"clase 8 (ISO 898-2)","—","—","—","zincado ISO 4042"
224,"PG40 · Tuerca hex M10 · alargue↔chapón Y -1500",1,MÓVIL,COMPRADA,"ISO 4032 (DIN 934) — tuerca hexagonal M10",—,"clase 8 (ISO 898-2)","—","—","—","zincado ISO 4042"
225,"PG40 · Tuerca hex M10 · alargue↔chapón Y -160",1,MÓVIL,COMPRADA,"ISO 4032 (DIN 934) — tuerca hexagonal M10",—,"clase 8 (ISO 898-2)","—","—","—","zincado ISO 4042"
226,"PG40 · Tuerca hex M10 · alargue↔chapón Y -260",1,MÓVIL,COMPRADA,"ISO 4032 (DIN 934) — tuerca hexagonal M10",—,"clase 8 (ISO 898-2)","—","—","—","zincado ISO 4042"
227,"PG40 · Tuerca hex M10 · alargue↔chapón Y -360",1,MÓVIL,COMPRADA,"ISO 4032 (DIN 934) — tuerca hexagonal M10",—,"clase 8 (ISO 898-2)","—","—","—","zincado ISO 4042"
228,"PG40 · Tuerca hex M10 · alargue↔chapón Y -450",1,MÓVIL,COMPRADA,"ISO 4032 (DIN 934) — tuerca hexagonal M10",—,"clase 8 (ISO 898-2)","—","—","—","zincado ISO 4042"
229,"PG40 · Tuerca hex M10 · alargue↔chapón Y -480",1,MÓVIL,COMPRADA,"ISO 4032 (DIN 934) — tuerca hexagonal M10",—,"clase 8 (ISO 898-2)","—","—","—","zincado ISO 4042"
230,"RETORNO RR1 · Anillo retención RETORNO RR1 Ø88.9 (+X) Ø30",1,MÓVIL,COMPRADA,"DIN 471 — anillo de retención exterior para eje Ø30",—,"acero para muelles C67S, s = 1,50; ranura Ø28,6 × 1,6, profundidad 0,7 (web RING-471-01)","—","—","—","fosfatado"
231,"RETORNO RR1 · Anillo retención RETORNO RR1 Ø88.9 (−X) Ø30",1,MÓVIL,COMPRADA,"DIN 471 — anillo de retención exterior para eje Ø30",—,"acero para muelles C67S, s = 1,50; ranura Ø28,6 × 1,6, profundidad 0,7 (web RING-471-01)","—","—","—","fosfatado"
232,"RETORNO RR1 · Perno hex M10 soporte RETORNO RR1 Ø88.9",4,MÓVIL,COMPRADA,"ISO 4017 (DIN 933) — tornillo de cabeza hexagonal M10, rosca total",—,"clase de resistencia 8.8 (ISO 898-1)","—","—","—","zincado electrolítico ISO 4042"
233,"RETORNO RR1 · Perno hex M10 soporte RETORNO RR1 Ø88.9",4,MÓVIL,COMPRADA,"ISO 4017 (DIN 933) — tornillo de cabeza hexagonal M10, rosca total",—,"clase de resistencia 8.8 (ISO 898-1)","—","—","—","zincado electrolítico ISO 4042"
234,"RETORNO RR1 · Rodamiento 6206-2RS (RETORNO RR1 Ø88.9, +X)",1,MÓVIL,COMPRADA,"ISO 15 / DIN 625-1 — rodamiento rígido de bolas 6206-2RS (30 × 62 × 16)",—,"clase de tolerancia normal (ISO 492 P0); 2RS = dos obturaciones de goma","—","—","—","—"
235,"RETORNO RR1 · Rodamiento 6206-2RS (RETORNO RR1 Ø88.9, −X)",1,MÓVIL,COMPRADA,"ISO 15 / DIN 625-1 — rodamiento rígido de bolas 6206-2RS (30 × 62 × 16)",—,"clase de tolerancia normal (ISO 492 P0); 2RS = dos obturaciones de goma","—","—","—","—"
236,"RETORNO RR1 Ø88.9 · collar de apriete PARTIDO Ø30 int × Ø54 × 15",1,MÓVIL,COMPRADA,"Mädler 62343000 — collar de apriete PARTIDO en dos mitades (double-split), acero C45 pavonado, Ø30 int × Ø54 ext × 15, 2 tornillos M6×18 DIN 912 12.9 · web COLL-SPLIT-01 (equiv. Ruland MSP-30-SS / Misumi SSCS30)",—,"acero al carbono, zincado","—","—","—","zincado"
237,"RETORNO RR1 Ø88.9 · collar de apriete PARTIDO Ø30 int × Ø54 × 15",1,MÓVIL,COMPRADA,"Mädler 62343000 — collar de apriete PARTIDO en dos mitades (double-split), acero C45 pavonado, Ø30 int × Ø54 ext × 15, 2 tornillos M6×18 DIN 912 12.9 · web COLL-SPLIT-01 (equiv. Ruland MSP-30-SS / Misumi SSCS30)",—,"acero al carbono, zincado","—","—","—","zincado"
238,"RETORNO RR2 · Anillo retención RETORNO RR2 Ø88.9 (+X) Ø30",1,MÓVIL,COMPRADA,"DIN 471 — anillo de retención exterior para eje Ø30",—,"acero para muelles C67S, s = 1,50; ranura Ø28,6 × 1,6, profundidad 0,7 (web RING-471-01)","—","—","—","fosfatado"
239,"RETORNO RR2 · Anillo retención RETORNO RR2 Ø88.9 (−X) Ø30",1,MÓVIL,COMPRADA,"DIN 471 — anillo de retención exterior para eje Ø30",—,"acero para muelles C67S, s = 1,50; ranura Ø28,6 × 1,6, profundidad 0,7 (web RING-471-01)","—","—","—","fosfatado"
240,"RETORNO RR2 · Perno hex M10 soporte RETORNO RR2 Ø88.9",4,MÓVIL,COMPRADA,"ISO 4017 (DIN 933) — tornillo de cabeza hexagonal M10, rosca total",—,"clase de resistencia 8.8 (ISO 898-1)","—","—","—","zincado electrolítico ISO 4042"
241,"RETORNO RR2 · Perno hex M10 soporte RETORNO RR2 Ø88.9",4,MÓVIL,COMPRADA,"ISO 4017 (DIN 933) — tornillo de cabeza hexagonal M10, rosca total",—,"clase de resistencia 8.8 (ISO 898-1)","—","—","—","zincado electrolítico ISO 4042"
242,"RETORNO RR2 · Rodamiento 6206-2RS (RETORNO RR2 Ø88.9, +X)",1,MÓVIL,COMPRADA,"ISO 15 / DIN 625-1 — rodamiento rígido de bolas 6206-2RS (30 × 62 × 16)",—,"clase de tolerancia normal (ISO 492 P0); 2RS = dos obturaciones de goma","—","—","—","—"
243,"RETORNO RR2 · Rodamiento 6206-2RS (RETORNO RR2 Ø88.9, −X)",1,MÓVIL,COMPRADA,"ISO 15 / DIN 625-1 — rodamiento rígido de bolas 6206-2RS (30 × 62 × 16)",—,"clase de tolerancia normal (ISO 492 P0); 2RS = dos obturaciones de goma","—","—","—","—"
244,"RETORNO RR2 Ø88.9 · collar de apriete PARTIDO Ø30 int × Ø54 × 15",1,MÓVIL,COMPRADA,"Mädler 62343000 — collar de apriete PARTIDO en dos mitades (double-split), acero C45 pavonado, Ø30 int × Ø54 ext × 15, 2 tornillos M6×18 DIN 912 12.9 · web COLL-SPLIT-01 (equiv. Ruland MSP-30-SS / Misumi SSCS30)",—,"acero al carbono, zincado","—","—","—","zincado"
245,"RETORNO RR2 Ø88.9 · collar de apriete PARTIDO Ø30 int × Ø54 × 15",1,MÓVIL,COMPRADA,"Mädler 62343000 — collar de apriete PARTIDO en dos mitades (double-split), acero C45 pavonado, Ø30 int × Ø54 ext × 15, 2 tornillos M6×18 DIN 912 12.9 · web COLL-SPLIT-01 (equiv. Ruland MSP-30-SS / Misumi SSCS30)",—,"acero al carbono, zincado","—","—","—","zincado"
246,"RETORNO RR3 · Anillo retención RETORNO RR3 Ø88.9 (+X) Ø30",1,MÓVIL,COMPRADA,"DIN 471 — anillo de retención exterior para eje Ø30",—,"acero para muelles C67S, s = 1,50; ranura Ø28,6 × 1,6, profundidad 0,7 (web RING-471-01)","—","—","—","fosfatado"
247,"RETORNO RR3 · Anillo retención RETORNO RR3 Ø88.9 (−X) Ø30",1,MÓVIL,COMPRADA,"DIN 471 — anillo de retención exterior para eje Ø30",—,"acero para muelles C67S, s = 1,50; ranura Ø28,6 × 1,6, profundidad 0,7 (web RING-471-01)","—","—","—","fosfatado"
248,"RETORNO RR3 · Perno hex M10 soporte RETORNO RR3 Ø88.9",4,MÓVIL,COMPRADA,"ISO 4017 (DIN 933) — tornillo de cabeza hexagonal M10, rosca total",—,"clase de resistencia 8.8 (ISO 898-1)","—","—","—","zincado electrolítico ISO 4042"
249,"RETORNO RR3 · Perno hex M10 soporte RETORNO RR3 Ø88.9",4,MÓVIL,COMPRADA,"ISO 4017 (DIN 933) — tornillo de cabeza hexagonal M10, rosca total",—,"clase de resistencia 8.8 (ISO 898-1)","—","—","—","zincado electrolítico ISO 4042"
250,"RETORNO RR3 · Rodamiento 6206-2RS (RETORNO RR3 Ø88.9, +X)",1,MÓVIL,COMPRADA,"ISO 15 / DIN 625-1 — rodamiento rígido de bolas 6206-2RS (30 × 62 × 16)",—,"clase de tolerancia normal (ISO 492 P0); 2RS = dos obturaciones de goma","—","—","—","—"
251,"RETORNO RR3 · Rodamiento 6206-2RS (RETORNO RR3 Ø88.9, −X)",1,MÓVIL,COMPRADA,"ISO 15 / DIN 625-1 — rodamiento rígido de bolas 6206-2RS (30 × 62 × 16)",—,"clase de tolerancia normal (ISO 492 P0); 2RS = dos obturaciones de goma","—","—","—","—"
252,"RETORNO RR3 Ø88.9 · collar de apriete PARTIDO Ø30 int × Ø54 × 15",1,MÓVIL,COMPRADA,"Mädler 62343000 — collar de apriete PARTIDO en dos mitades (double-split), acero C45 pavonado, Ø30 int × Ø54 ext × 15, 2 tornillos M6×18 DIN 912 12.9 · web COLL-SPLIT-01 (equiv. Ruland MSP-30-SS / Misumi SSCS30)",—,"acero al carbono, zincado","—","—","—","zincado"
253,"RETORNO RR3 Ø88.9 · collar de apriete PARTIDO Ø30 int × Ø54 × 15",1,MÓVIL,COMPRADA,"Mädler 62343000 — collar de apriete PARTIDO en dos mitades (double-split), acero C45 pavonado, Ø30 int × Ø54 ext × 15, 2 tornillos M6×18 DIN 912 12.9 · web COLL-SPLIT-01 (equiv. Ruland MSP-30-SS / Misumi SSCS30)",—,"acero al carbono, zincado","—","—","—","zincado"
254,"RETORNO RR4 · Anillo retención RETORNO RR4 Ø88.9 (+X) Ø30",1,MÓVIL,COMPRADA,"DIN 471 — anillo de retención exterior para eje Ø30",—,"acero para muelles C67S, s = 1,50; ranura Ø28,6 × 1,6, profundidad 0,7 (web RING-471-01)","—","—","—","fosfatado"
255,"RETORNO RR4 · Anillo retención RETORNO RR4 Ø88.9 (−X) Ø30",1,MÓVIL,COMPRADA,"DIN 471 — anillo de retención exterior para eje Ø30",—,"acero para muelles C67S, s = 1,50; ranura Ø28,6 × 1,6, profundidad 0,7 (web RING-471-01)","—","—","—","fosfatado"
256,"RETORNO RR4 · Perno hex M10 soporte RETORNO RR4 Ø88.9",4,MÓVIL,COMPRADA,"ISO 4017 (DIN 933) — tornillo de cabeza hexagonal M10, rosca total",—,"clase de resistencia 8.8 (ISO 898-1)","—","—","—","zincado electrolítico ISO 4042"
257,"RETORNO RR4 · Perno hex M10 soporte RETORNO RR4 Ø88.9",4,MÓVIL,COMPRADA,"ISO 4017 (DIN 933) — tornillo de cabeza hexagonal M10, rosca total",—,"clase de resistencia 8.8 (ISO 898-1)","—","—","—","zincado electrolítico ISO 4042"
258,"RETORNO RR4 · Rodamiento 6206-2RS (RETORNO RR4 Ø88.9, +X)",1,MÓVIL,COMPRADA,"ISO 15 / DIN 625-1 — rodamiento rígido de bolas 6206-2RS (30 × 62 × 16)",—,"clase de tolerancia normal (ISO 492 P0); 2RS = dos obturaciones de goma","—","—","—","—"
259,"RETORNO RR4 · Rodamiento 6206-2RS (RETORNO RR4 Ø88.9, −X)",1,MÓVIL,COMPRADA,"ISO 15 / DIN 625-1 — rodamiento rígido de bolas 6206-2RS (30 × 62 × 16)",—,"clase de tolerancia normal (ISO 492 P0); 2RS = dos obturaciones de goma","—","—","—","—"
260,"RETORNO RR4 Ø88.9 · collar de apriete PARTIDO Ø30 int × Ø54 × 15",1,MÓVIL,COMPRADA,"Mädler 62343000 — collar de apriete PARTIDO en dos mitades (double-split), acero C45 pavonado, Ø30 int × Ø54 ext × 15, 2 tornillos M6×18 DIN 912 12.9 · web COLL-SPLIT-01 (equiv. Ruland MSP-30-SS / Misumi SSCS30)",—,"acero al carbono, zincado","—","—","—","zincado"
261,"RETORNO RR4 Ø88.9 · collar de apriete PARTIDO Ø30 int × Ø54 × 15",1,MÓVIL,COMPRADA,"Mädler 62343000 — collar de apriete PARTIDO en dos mitades (double-split), acero C45 pavonado, Ø30 int × Ø54 ext × 15, 2 tornillos M6×18 DIN 912 12.9 · web COLL-SPLIT-01 (equiv. Ruland MSP-30-SS / Misumi SSCS30)",—,"acero al carbono, zincado","—","—","—","zincado"
262,"Rodamiento SKF W 6004-2Z tensora +X (calle 1, X=127.056)",1,FIJO,COMPRADA,"SKF W 6004-2Z — rodamiento rígido de bolas de ACERO INOXIDABLE (prefijo W) (20 × 42 × 12)",—,"clase de tolerancia normal (ISO 492 P0); 2Z = dos placas de protección (web BRG-005)","—","—","—","—"
263,"Rodamiento SKF W 6004-2Z tensora +X (calle 2, X=203.256)",1,FIJO,COMPRADA,"SKF W 6004-2Z — rodamiento rígido de bolas de ACERO INOXIDABLE (prefijo W) (20 × 42 × 12)",—,"clase de tolerancia normal (ISO 492 P0); 2Z = dos placas de protección (web BRG-005)","—","—","—","—"
264,"Rodamiento SKF W 6004-2Z tensora +X (calle 3, X=279.456)",1,FIJO,COMPRADA,"SKF W 6004-2Z — rodamiento rígido de bolas de ACERO INOXIDABLE (prefijo W) (20 × 42 × 12)",—,"clase de tolerancia normal (ISO 492 P0); 2Z = dos placas de protección (web BRG-005)","—","—","—","—"
265,"Rodamiento SKF W 6004-2Z tensora +X (calle 4, X=355.656)",1,FIJO,COMPRADA,"SKF W 6004-2Z — rodamiento rígido de bolas de ACERO INOXIDABLE (prefijo W) (20 × 42 × 12)",—,"clase de tolerancia normal (ISO 492 P0); 2Z = dos placas de protección (web BRG-005)","—","—","—","—"
266,"Rodamiento SKF W 6004-2Z tensora +X (calle 5, X=431.856)",1,FIJO,COMPRADA,"SKF W 6004-2Z — rodamiento rígido de bolas de ACERO INOXIDABLE (prefijo W) (20 × 42 × 12)",—,"clase de tolerancia normal (ISO 492 P0); 2Z = dos placas de protección (web BRG-005)","—","—","—","—"
267,"Rodamiento SKF W 6004-2Z tensora −X (calle 1, X=127.056)",1,FIJO,COMPRADA,"SKF W 6004-2Z — rodamiento rígido de bolas de ACERO INOXIDABLE (prefijo W) (20 × 42 × 12)",—,"clase de tolerancia normal (ISO 492 P0); 2Z = dos placas de protección (web BRG-005)","—","—","—","—"
268,"Rodamiento SKF W 6004-2Z tensora −X (calle 2, X=203.256)",1,FIJO,COMPRADA,"SKF W 6004-2Z — rodamiento rígido de bolas de ACERO INOXIDABLE (prefijo W) (20 × 42 × 12)",—,"clase de tolerancia normal (ISO 492 P0); 2Z = dos placas de protección (web BRG-005)","—","—","—","—"
269,"Rodamiento SKF W 6004-2Z tensora −X (calle 3, X=279.456)",1,FIJO,COMPRADA,"SKF W 6004-2Z — rodamiento rígido de bolas de ACERO INOXIDABLE (prefijo W) (20 × 42 × 12)",—,"clase de tolerancia normal (ISO 492 P0); 2Z = dos placas de protección (web BRG-005)","—","—","—","—"
270,"Rodamiento SKF W 6004-2Z tensora −X (calle 4, X=355.656)",1,FIJO,COMPRADA,"SKF W 6004-2Z — rodamiento rígido de bolas de ACERO INOXIDABLE (prefijo W) (20 × 42 × 12)",—,"clase de tolerancia normal (ISO 492 P0); 2Z = dos placas de protección (web BRG-005)","—","—","—","—"
271,"Rodamiento SKF W 6004-2Z tensora −X (calle 5, X=431.856)",1,FIJO,COMPRADA,"SKF W 6004-2Z — rodamiento rígido de bolas de ACERO INOXIDABLE (prefijo W) (20 × 42 × 12)",—,"clase de tolerancia normal (ISO 492 P0); 2Z = dos placas de protección (web BRG-005)","—","—","—","—"
272,"TAMBOR · chaveta DIN 6885 A 10 × 8 × 100",1,MÓVIL,COMPRADA,"DIN 6885-1 forma A — chaveta paralela 10 × 8 × 100 (extremos redondeados)",—,"acero C45+C, dureza 125…245 HB","—","—","—","—"
273,"TAMBOR · Perno hex M12×40 UCF 207",4,MÓVIL,COMPRADA,"ISO 4017 (DIN 933) — tornillo de cabeza hexagonal M12, rosca total",—,"clase de resistencia 8.8 (ISO 898-1)","—","—","—","zincado electrolítico ISO 4042"
274,"TAMBOR · Perno hex M12×70 UCF 207",4,MÓVIL,COMPRADA,"ISO 4017 (DIN 933) — tornillo de cabeza hexagonal M12, rosca total",—,"clase de resistencia 8.8 (ISO 898-1)","—","—","—","zincado electrolítico ISO 4042"
275,"TAMBOR · Rodamiento UC207 del UCF 207 (+X)",1,MÓVIL,COMPRADA,"Inserto UC207 de la unidad de rodamiento de brida — no se suministra suelto: se pide la UNIDAD (UCF 207, brida cuadrada de 4 tornillos, JIS B 1558 / ISO 9628)",—,"aro interior prolongado con 2 prisioneros y obturación, barreno de 07 mm; cotas del modelo (35 × 72 × 42.9) (web BRG-UCF207-01)","—","—","—","—"
276,"TAMBOR · Rodamiento UC207 del UCF 207 (−X)",1,MÓVIL,COMPRADA,"Inserto UC207 de la unidad de rodamiento de brida — no se suministra suelto: se pide la UNIDAD (UCF 207, brida cuadrada de 4 tornillos, JIS B 1558 / ISO 9628)",—,"aro interior prolongado con 2 prisioneros y obturación, barreno de 07 mm; cotas del modelo (35 × 72 × 42.9) (web BRG-UCF207-01)","—","—","—","—"
277,"TAMBOR · Tuerca hex M12 UCF 207",4,MÓVIL,COMPRADA,"ISO 4032 (DIN 934) — tuerca hexagonal M12",—,"clase 8 (ISO 898-2)","—","—","—","zincado ISO 4042"
278,"TAMBOR · Tuerca hex M12 UCF 207",4,MÓVIL,COMPRADA,"ISO 4032 (DIN 934) — tuerca hexagonal M12",—,"clase 8 (ISO 898-2)","—","—","—","zincado ISO 4042"
279,"TAMBOR · UCF 207 — unidad de brida cuadrada",2,MÓVIL,COMPRADA,"unidad de rodamiento de brida cuadrada de 4 tornillos, inserto UC207 con prisioneros (JIS B 1558 / ISO 9628)",—,"—","—","—","—","—"
280,"Tuerca hex M12 UCFL pivote +X",2,FIJO,COMPRADA,"ISO 4032 (DIN 934) — tuerca hexagonal M12",—,"clase 8 (ISO 898-2)","—","—","—","zincado ISO 4042"
281,"Tuerca hex M12 UCFL pivote −X",2,FIJO,COMPRADA,"ISO 4032 (DIN 934) — tuerca hexagonal M12",—,"clase 8 (ISO 898-2)","—","—","—","zincado ISO 4042"
282,"Tuerca hex M8 guía norte",2,FIJO,COMPRADA,"ISO 4032 (DIN 934) — tuerca hexagonal M8",—,"clase 8 (ISO 898-2)","—","—","—","zincado ISO 4042"
283,"Tuerca hex M8 guía sur",2,FIJO,COMPRADA,"ISO 4032 (DIN 934) — tuerca hexagonal M8",—,"clase 8 (ISO 898-2)","—","—","—","zincado ISO 4042"
284,"Tuerca hex M8 travesaño↔cabezal PG40 +X",2,FIJO,COMPRADA,"ISO 4032 (DIN 934) — tuerca hexagonal M8",—,"clase 8 (ISO 898-2)","—","—","—","zincado ISO 4042"
285,"Tuerca hex M8 travesaño↔cabezal PG40 −X",2,FIJO,COMPRADA,"ISO 4032 (DIN 934) — tuerca hexagonal M8",—,"clase 8 (ISO 898-2)","—","—","—","zincado ISO 4042"
286,"CTX · Acople LK30-C65-20H7-D30-R Ø65×99.5",1,MÓVIL,CONTEXTO (no se fabrica),"Acero al carbono",—,"—","—","—","—","—"
287,"CTX · Anillo DIN 472-40 IDLER (+X)",5,MÓVIL,CONTEXTO (no se fabrica),"Acero al carbono",—,"—","—","—","—","—"
288,"CTX · Anillo DIN 472-40 IDLER (−X)",5,MÓVIL,CONTEXTO (no se fabrica),"Acero al carbono",—,"—","—","—","—","—"
289,"CTX · Bastidor FRAME_MIR_MIR",1,MÓVIL,CONTEXTO (no se fabrica),"Acero al carbono",—,"—","—","—","—","—"
290,"CTX · Bastidor FRAME_MIR_MIR_MIR",1,MÓVIL,CONTEXTO (no se fabrica),"Acero al carbono",—,"—","—","—","—","—"
291,"CTX · Chumacera SKF UCFL 205 del eje pivote",1,MÓVIL,CONTEXTO (no se fabrica),"Acero SAE 1045 rectificado",—,"—","—","—","—","—"
292,"CTX · Cierre de guía 39.9×80×15.1 (protección, conducida)",5,MÓVIL,CONTEXTO (no se fabrica),"Acero al carbono",—,"—","—","—","—","—"
293,"CTX · Cierre de guía 39.9×80×15.1 (protección, motriz)",5,MÓVIL,CONTEXTO (no se fabrica),"Acero al carbono",—,"—","—","—","—","—"
294,"CTX · Drive kit — perfil UA-T02 (+X)",5,MÓVIL,CONTEXTO (no se fabrica),"Acero al carbono",—,"—","—","—","—","—"
295,"CTX · Drive kit — perfil UA-T02 (−X)",5,MÓVIL,CONTEXTO (no se fabrica),"Acero al carbono",—,"—","—","—","—","—"
296,"CTX · Drive kit — soporte P1-1 (+X)",5,MÓVIL,CONTEXTO (no se fabrica),"Chapa de acero 0.105"" (12 GA), galvanizada",—,"—","—","—","—","—"
297,"CTX · Drive kit — soporte P1-1 (−X)",5,MÓVIL,CONTEXTO (no se fabrica),"Chapa de acero 0.105"" (12 GA), galvanizada",—,"—","—","—","—","—"
298,"CTX · Drive kit — soporte P1-2 (+X)",5,MÓVIL,CONTEXTO (no se fabrica),"Chapa de acero 0.105"" (12 GA), galvanizada",—,"—","—","—","—","—"
299,"CTX · Drive kit — soporte P1-2 (−X)",5,MÓVIL,CONTEXTO (no se fabrica),"Chapa de acero 0.105"" (12 GA), galvanizada",—,"—","—","—","—","—"
300,"CTX · Ensamble motor UniDrive",1,MÓVIL,CONTEXTO (no se fabrica),"Acero al carbono",—,"—","—","—","—","—"
301,"CTX · Espaciador IDLER-E Ø23.5×6.63",5,MÓVIL,CONTEXTO (no se fabrica),"Acero al carbono",—,"—","—","—","—","—"
302,"CTX · FRONT TOP2",1,MÓVIL,CONTEXTO (no se fabrica),"Acero al carbono",—,"—","—","—","—","—"
303,"CTX · FRONT TOP2_MIR",1,MÓVIL,CONTEXTO (no se fabrica),"Acero al carbono",—,"—","—","—","—","—"
304,"CTX · IDLER-ENS — perfil UA-T02 (+X)",5,MÓVIL,CONTEXTO (no se fabrica),"Acero al carbono",—,"—","—","—","—","—"
305,"CTX · IDLER-ENS — perfil UA-T02 (−X)",5,MÓVIL,CONTEXTO (no se fabrica),"Acero al carbono",—,"—","—","—","—","—"
306,"CTX · IDLER-ENS — placa UR-P01 (+X)",5,MÓVIL,CONTEXTO (no se fabrica),"Chapa de acero 0.105"" (12 GA), galvanizada",—,"—","—","—","—","—"
307,"CTX · IDLER-ENS — placa UR-P01 (−X)",5,MÓVIL,CONTEXTO (no se fabrica),"Chapa de acero 0.105"" (12 GA), galvanizada",—,"—","—","—","—","—"
308,"CTX · IDLER-ENS — placa UR-P03 (+X)",5,MÓVIL,CONTEXTO (no se fabrica),"Chapa de acero 0.105"" (12 GA), galvanizada",—,"—","—","—","—","—"
309,"CTX · IDLER-ENS — placa UR-P03 (−X)",5,MÓVIL,CONTEXTO (no se fabrica),"Chapa de acero 0.105"" (12 GA), galvanizada",—,"—","—","—","—","—"
310,"CTX · IDLER-ENS — riel UR-P02 (+X)",5,MÓVIL,CONTEXTO (no se fabrica),"Acero al carbono",—,"—","—","—","—","—"
311,"CTX · IDLER-ENS — riel UR-P02 (−X)",5,MÓVIL,CONTEXTO (no se fabrica),"Acero al carbono",—,"—","—","—","—","—"
312,"CTX · LAT TOP",1,MÓVIL,CONTEXTO (no se fabrica),"Acero al carbono",—,"—","—","—","—","—"
313,"CTX · Motorreductor principal 314759014",1,MÓVIL,CONTEXTO (no se fabrica),"Acero al carbono",—,"—","—","—","—","—"
314,"CTX · Perno hex M8×65 horquilla IDLER",10,MÓVIL,CONTEXTO (no se fabrica),"ASME B18.2.1 / DIN 933",—,"—","—","—","—","—"
315,"CTX · POL-COND-TEN2 (reenvío alto)",5,MÓVIL,CONTEXTO (no se fabrica),"Acero al carbono",—,"—","—","—","—","—"
316,"CTX · POL-COND-TEN2 (reenvío bajo)",5,MÓVIL,CONTEXTO (no se fabrica),"Acero al carbono",—,"—","—","—","—","—"
317,"CTX · Polea loca IDLER-P01 Ø92.4×40 bombeada (posición interior medida)",5,MÓVIL,CONTEXTO (no se fabrica),"Aluminio 6061-T6 (o acero mecanizado)",—,"—","—","—","—","—"
318,"CTX · Rodamiento 6203-2RS IDLER (+X) (calle 1, X=127.056)",1,MÓVIL,CONTEXTO (no se fabrica),"rodamiento_17x40x12",—,"—","—","—","—","—"
319,"CTX · Rodamiento 6203-2RS IDLER (+X) (calle 2, X=203.256)",1,MÓVIL,CONTEXTO (no se fabrica),"rodamiento_17x40x12",—,"—","—","—","—","—"
320,"CTX · Rodamiento 6203-2RS IDLER (+X) (calle 3, X=279.456)",1,MÓVIL,CONTEXTO (no se fabrica),"rodamiento_17x40x12",—,"—","—","—","—","—"
321,"CTX · Rodamiento 6203-2RS IDLER (+X) (calle 4, X=355.656)",1,MÓVIL,CONTEXTO (no se fabrica),"rodamiento_17x40x12",—,"—","—","—","—","—"
322,"CTX · Rodamiento 6203-2RS IDLER (+X) (calle 5, X=431.856)",1,MÓVIL,CONTEXTO (no se fabrica),"rodamiento_17x40x12",—,"—","—","—","—","—"
323,"CTX · Rodamiento 6203-2RS IDLER (−X) (calle 1, X=127.056)",1,MÓVIL,CONTEXTO (no se fabrica),"rodamiento_17x40x12",—,"—","—","—","—","—"
324,"CTX · Rodamiento 6203-2RS IDLER (−X) (calle 2, X=203.256)",1,MÓVIL,CONTEXTO (no se fabrica),"rodamiento_17x40x12",—,"—","—","—","—","—"
325,"CTX · Rodamiento 6203-2RS IDLER (−X) (calle 3, X=279.456)",1,MÓVIL,CONTEXTO (no se fabrica),"rodamiento_17x40x12",—,"—","—","—","—","—"
326,"CTX · Rodamiento 6203-2RS IDLER (−X) (calle 4, X=355.656)",1,MÓVIL,CONTEXTO (no se fabrica),"rodamiento_17x40x12",—,"—","—","—","—","—"
327,"CTX · Rodamiento 6203-2RS IDLER (−X) (calle 5, X=431.856)",1,MÓVIL,CONTEXTO (no se fabrica),"rodamiento_17x40x12",—,"—","—","—","—","—"
328,"CTX · Separador Ø19×18 del bulón KJ10D (+X)",5,MÓVIL,CONTEXTO (no se fabrica),"Acero al carbono mecanizado",—,"—","—","—","—","—"
329,"CTX · Separador Ø19×18 del bulón KJ10D (−X)",5,MÓVIL,CONTEXTO (no se fabrica),"Acero al carbono mecanizado",—,"—","—","—","—","—"
330,"CTX · TER1_MIR/CAN0_MIR",1,MÓVIL,CONTEXTO (no se fabrica),"Acero al carbono",—,"—","—","—","—","—"
331,"CTX · TER1/CAN0",1,MÓVIL,CONTEXTO (no se fabrica),"Acero al carbono",—,"—","—","—","—","—"
332,"CTX · Tuerca hex M8 ISO 8673 horquilla",10,MÓVIL,CONTEXTO (no se fabrica),"ASME B18.2.2 / DIN 934",—,"—","—","—","—","—"
333,"NBT90 · FIJO · Canal base en U 76×38 12 GA × 446.5",1,MÓVIL,CONTEXTO (no se fabrica),"Chapa de acero 0.105"" conformada, galvanizada",—,"—","—","cordón en ángulo (filete) a=1.86 · AWS D1.3/D1.3M — Structural Welding Code, Sheet Steel (e ≤ 4,8 mm); símbolo según ISO 2553","U4-+Y-pos lengueta/posicion · U4-+Y-paso lengueta/paso · U4--Y-pos lengueta/posicion · U4--Y-paso lengueta/paso","—"
334,"NBT90 · FIJO · Canal de montaje del cilindro 3/16"" 234×103×442.3",1,MÓVIL,CONTEXTO (no se fabrica),"Chapa de acero 0.187"" conformada, galvanizada",—,"—","—","cordón en ángulo (filete) a=3.33 · AWS D1.3/D1.3M — Structural Welding Code, Sheet Steel (e ≤ 4,8 mm); símbolo según ISO 2553","U5-+Y tope/tope · U5--Y tope/tope","—"
335,"NBT90 · FIJO · Golilla 1/4"" soporte de válvula (X=296, Y=-182) Ø6.35",1,MÓVIL,CONTEXTO (no se fabrica),"ASME B18.22.1 — arandela plana tipo A, 1/4"", serie estrecha (N, Ø ext. 14.27) — AVISO: el modelo dibuja Ø16, 1.73 mm fuera de tabla",—,"acero al carbono","—","—","—","zincado ASTM F1941"
336,"NBT90 · FIJO · Golilla 1/4"" soporte de válvula (X=332, Y=-182) Ø6.35",1,MÓVIL,CONTEXTO (no se fabrica),"ASME B18.22.1 — arandela plana tipo A, 1/4"", serie estrecha (N, Ø ext. 14.27) — AVISO: el modelo dibuja Ø16, 1.73 mm fuera de tabla",—,"acero al carbono","—","—","—","zincado ASTM F1941"
337,"NBT90 · FIJO · Golilla 3/8"" de colisa (X=141.5, Y=+228.57) Ø9.525",1,MÓVIL,CONTEXTO (no se fabrica),"ASME B18.22.1 — arandela plana tipo A, 3/8"", serie ancha (W, Ø ext. 25.4)",—,"acero al carbono","—","—","—","zincado ASTM F1941"
338,"NBT90 · FIJO · Golilla 3/8"" de colisa (X=141.5, Y=−228.57) Ø9.525",1,MÓVIL,CONTEXTO (no se fabrica),"ASME B18.22.1 — arandela plana tipo A, 3/8"", serie ancha (W, Ø ext. 25.4)",—,"acero al carbono","—","—","—","zincado ASTM F1941"
339,"NBT90 · FIJO · Golilla 3/8"" de colisa (X=321.5, Y=+228.57) Ø9.525",1,MÓVIL,CONTEXTO (no se fabrica),"ASME B18.22.1 — arandela plana tipo A, 3/8"", serie ancha (W, Ø ext. 25.4)",—,"acero al carbono","—","—","—","zincado ASTM F1941"
340,"NBT90 · FIJO · Golilla 3/8"" de colisa (X=321.5, Y=−228.57) Ø9.525",1,MÓVIL,CONTEXTO (no se fabrica),"ASME B18.22.1 — arandela plana tipo A, 3/8"", serie ancha (W, Ø ext. 25.4)",—,"acero al carbono","—","—","—","zincado ASTM F1941"
341,"NBT90 · FIJO · Golilla Canal base -Y X32 (cabeza) Ø9.525",1,MÓVIL,CONTEXTO (no se fabrica),"ASME B18.22.1 — arandela plana tipo A, 3/8"", serie estrecha (N, Ø ext. 20.62)",—,"acero al carbono","—","—","—","zincado ASTM F1941"
342,"NBT90 · FIJO · Golilla Canal base -Y X32 (tuerca) Ø9.525",1,MÓVIL,CONTEXTO (no se fabrica),"ASME B18.22.1 — arandela plana tipo A, 3/8"", serie estrecha (N, Ø ext. 20.62)",—,"acero al carbono","—","—","—","zincado ASTM F1941"
343,"NBT90 · FIJO · Golilla Canal base -Y X95 (cabeza) Ø9.525",1,MÓVIL,CONTEXTO (no se fabrica),"ASME B18.22.1 — arandela plana tipo A, 3/8"", serie estrecha (N, Ø ext. 20.62)",—,"acero al carbono","—","—","—","zincado ASTM F1941"
344,"NBT90 · FIJO · Golilla Canal base -Y X95 (tuerca) Ø9.525",1,MÓVIL,CONTEXTO (no se fabrica),"ASME B18.22.1 — arandela plana tipo A, 3/8"", serie estrecha (N, Ø ext. 20.62)",—,"acero al carbono","—","—","—","zincado ASTM F1941"
345,"NBT90 · FIJO · Golilla Canal base +Y X32 (cabeza) Ø9.525",1,MÓVIL,CONTEXTO (no se fabrica),"ASME B18.22.1 — arandela plana tipo A, 3/8"", serie estrecha (N, Ø ext. 20.62)",—,"acero al carbono","—","—","—","zincado ASTM F1941"
346,"NBT90 · FIJO · Golilla Canal base +Y X32 (tuerca) Ø9.525",1,MÓVIL,CONTEXTO (no se fabrica),"ASME B18.22.1 — arandela plana tipo A, 3/8"", serie estrecha (N, Ø ext. 20.62)",—,"acero al carbono","—","—","—","zincado ASTM F1941"
347,"NBT90 · FIJO · Golilla Canal base +Y X95 (cabeza) Ø9.525",1,MÓVIL,CONTEXTO (no se fabrica),"ASME B18.22.1 — arandela plana tipo A, 3/8"", serie estrecha (N, Ø ext. 20.62)",—,"acero al carbono","—","—","—","zincado ASTM F1941"
348,"NBT90 · FIJO · Golilla Canal base +Y X95 (tuerca) Ø9.525",1,MÓVIL,CONTEXTO (no se fabrica),"ASME B18.22.1 — arandela plana tipo A, 3/8"", serie estrecha (N, Ø ext. 20.62)",—,"acero al carbono","—","—","—","zincado ASTM F1941"
349,"NBT90 · FIJO · Golilla M12 cilindro (X=204.5, Y=+90) Ø12",1,MÓVIL,CONTEXTO (no se fabrica),"ISO 7092 (DIN 433) — arandela plana, serie estrecha",—,"dureza 200 HV; Ø exterior modelado 20 mm","—","—","—","zincado ISO 4042"
350,"NBT90 · FIJO · Golilla M12 cilindro (X=204.5, Y=−90) Ø12",1,MÓVIL,CONTEXTO (no se fabrica),"ISO 7092 (DIN 433) — arandela plana, serie estrecha",—,"dureza 200 HV; Ø exterior modelado 20 mm","—","—","—","zincado ISO 4042"
351,"NBT90 · FIJO · Golilla M12 cilindro (X=258.5, Y=+90) Ø12",1,MÓVIL,CONTEXTO (no se fabrica),"ISO 7092 (DIN 433) — arandela plana, serie estrecha",—,"dureza 200 HV; Ø exterior modelado 20 mm","—","—","—","zincado ISO 4042"
352,"NBT90 · FIJO · Golilla M12 cilindro (X=258.5, Y=−90) Ø12",1,MÓVIL,CONTEXTO (no se fabrica),"ISO 7092 (DIN 433) — arandela plana, serie estrecha",—,"dureza 200 HV; Ø exterior modelado 20 mm","—","—","—","zincado ISO 4042"
353,"NBT90 · FIJO · NEUMÁTICA · Cilindro compacto con guías SMC MGPM80-10Z Ø80 × 10 — cuerpo 202×91.5×56.5",1,MÓVIL,CONTEXTO (no se fabrica),"SMC serie MGP — MGPM80-10Z, cilindro compacto con guías Ø80, carrera 10 mm, casquillo de deslizamiento, con imán",—,"roscas de montaje M12 × 1,75 (patrones MM 180 × 54 y NN 174 × 52); puertos Rc 3/8 (ISO 7-1)","—","—","—","—"
354,"NBT90 · FIJO · NEUMÁTICA · Golilla 1/4"" válvula↔soporte (X=303) Ø6.35",1,MÓVIL,CONTEXTO (no se fabrica),"ASME B18.22.1 — arandela plana tipo A, 1/4"", serie estrecha (N, Ø ext. 14.27) — AVISO: el modelo dibuja Ø16, 1.73 mm fuera de tabla",—,"acero al carbono","—","—","—","zincado ASTM F1941"
355,"NBT90 · FIJO · NEUMÁTICA · Golilla 1/4"" válvula↔soporte (X=335) Ø6.35",1,MÓVIL,CONTEXTO (no se fabrica),"ASME B18.22.1 — arandela plana tipo A, 1/4"", serie estrecha (N, Ø ext. 14.27) — AVISO: el modelo dibuja Ø16, 1.73 mm fuera de tabla",—,"acero al carbono","—","—","—","zincado ASTM F1941"
356,"NBT90 · FIJO · NEUMÁTICA · Perno hex 1/4-20 × 2-1/2"" válvula↔soporte",2,MÓVIL,CONTEXTO (no se fabrica),"ASME B18.2.1 — tornillo de cabeza hexagonal 1/4-20 UNC-2A",—,"SAE J429 grado 5 (carga de prueba 85 ksi)","—","—","—","zincado electrolítico ASTM F1941 Fe/Zn 5AN"
357,"NBT90 · FIJO · NEUMÁTICA · Racor codo giratorio 360° 1/4""",2,MÓVIL,CONTEXTO (no se fabrica),"Racor codo giratorio 360°, macho 1/4-18 NPT (ASME B1.20.1) — tubo 1/4"" OD · Hytrol 094.1406",—,"cuerpo de latón niquelado, pinza de acero inoxidable","—","—","—","—"
358,"NBT90 · FIJO · NEUMÁTICA · Racor codo giratorio 360° Rc3/8–1/4""",2,MÓVIL,CONTEXTO (no se fabrica),"Racor codo giratorio 360°, macho Rc 3/8 (ISO 7-1) — tubo 1/4"" OD · Hytrol 094.1406",—,"cuerpo de latón niquelado, pinza de acero inoxidable","—","—","—","—"
359,"NBT90 · FIJO · NEUMÁTICA · Silenciador 1/8"" NPT Ø18 (X=307)",1,MÓVIL,CONTEXTO (no se fabrica),"Silenciador de bronce sinterizado, rosca 1/8-27 NPT (ASME B1.20.1) · Hytrol 923.0059",—,"caudal libre ≥ 200 Nl/min","—","—","—","—"
360,"NBT90 · FIJO · NEUMÁTICA · Silenciador 1/8"" NPT Ø18 (X=331)",1,MÓVIL,CONTEXTO (no se fabrica),"Silenciador de bronce sinterizado, rosca 1/8-27 NPT (ASME B1.20.1) · Hytrol 923.0059",—,"caudal libre ≥ 200 Nl/min","—","—","—","—"
361,"NBT90 · FIJO · NEUMÁTICA · Tubería 1/4"" OD Ø7.94 — línea A",1,MÓVIL,CONTEXTO (no se fabrica),"Tubo de poliuretano 1/4"" OD × 0,160"" ID (6,35 × 4,06 mm) · Hytrol 094.1148",—,"PU 95 Sh A, presión de trabajo ≥ 10 bar a 20 °C","—","—","—","—"
362,"NBT90 · FIJO · NEUMÁTICA · Tubería 1/4"" OD Ø7.94 — línea B",1,MÓVIL,CONTEXTO (no se fabrica),"Tubo de poliuretano 1/4"" OD × 0,160"" ID (6,35 × 4,06 mm) · Hytrol 094.1148",—,"PU 95 Sh A, presión de trabajo ≥ 10 bar a 20 °C","—","—","—","—"
363,"NBT90 · FIJO · NEUMÁTICA · Válvula 4 vías monosolenoide 24 VDC 72×46×60",1,MÓVIL,CONTEXTO (no se fabrica),"Válvula 5/2 monoestable 24 V CC · Hytrol 094.10795",—,"equivalente comprable citado: SMC SY5120-5DZ-N7T (2 posiciones monosolenoide, 24 V CC, racor instantáneo 1/4"", rosca NPTF, conexión DIN, 0,1 W)","—","—","—","—"
364,"NBT90 · FIJO · Perno hex 1/4-20 × 1-1/4"" soporte de válvula",2,MÓVIL,CONTEXTO (no se fabrica),"ASME B18.2.1 — tornillo de cabeza hexagonal 1/4-20 UNC-2A",—,"SAE J429 grado 5 (carga de prueba 85 ksi)","—","—","—","zincado electrolítico ASTM F1941 Fe/Zn 5AN"
365,"NBT90 · FIJO · Perno hex 3/8-16 × 1"" de colisa",2,MÓVIL,CONTEXTO (no se fabrica),"ASME B18.2.1 — tornillo de cabeza hexagonal 3/8-16 UNC-2A",—,"SAE J429 grado 5 (carga de prueba 85 ksi)","—","—","—","zincado electrolítico ASTM F1941 Fe/Zn 5AN"
366,"NBT90 · FIJO · Perno hex 3/8-16 × 1"" de colisa",2,MÓVIL,CONTEXTO (no se fabrica),"ASME B18.2.1 — tornillo de cabeza hexagonal 3/8-16 UNC-2A",—,"SAE J429 grado 5 (carga de prueba 85 ksi)","—","—","—","zincado electrolítico ASTM F1941 Fe/Zn 5AN"
367,"NBT90 · FIJO · Perno hex 3/8-16 × 20.85 · Canal base -Y X32",1,MÓVIL,CONTEXTO (no se fabrica),"ASME B18.2.1 — tornillo de cabeza hexagonal 3/8-16 UNC-2A",—,"SAE J429 grado 5 (carga de prueba 85 ksi)","—","—","—","zincado electrolítico ASTM F1941 Fe/Zn 5AN"
368,"NBT90 · FIJO · Perno hex 3/8-16 × 20.85 · Canal base -Y X95",1,MÓVIL,CONTEXTO (no se fabrica),"ASME B18.2.1 — tornillo de cabeza hexagonal 3/8-16 UNC-2A",—,"SAE J429 grado 5 (carga de prueba 85 ksi)","—","—","—","zincado electrolítico ASTM F1941 Fe/Zn 5AN"
369,"NBT90 · FIJO · Perno hex 3/8-16 × 20.85 · Canal base +Y X32",1,MÓVIL,CONTEXTO (no se fabrica),"ASME B18.2.1 — tornillo de cabeza hexagonal 3/8-16 UNC-2A",—,"SAE J429 grado 5 (carga de prueba 85 ksi)","—","—","—","zincado electrolítico ASTM F1941 Fe/Zn 5AN"
370,"NBT90 · FIJO · Perno hex 3/8-16 × 20.85 · Canal base +Y X95",1,MÓVIL,CONTEXTO (no se fabrica),"ASME B18.2.1 — tornillo de cabeza hexagonal 3/8-16 UNC-2A",—,"SAE J429 grado 5 (carga de prueba 85 ksi)","—","—","—","zincado electrolítico ASTM F1941 Fe/Zn 5AN"
371,"NBT90 · FIJO · Perno hex M12 × 25 fijación del cilindro",4,MÓVIL,CONTEXTO (no se fabrica),"ISO 4017 (DIN 933) — tornillo de cabeza hexagonal M12, rosca total",—,"clase de resistencia 8.8 (ISO 898-1)","—","—","—","zincado electrolítico ISO 4042"
372,"NBT90 · FIJO · Placa colgante del canal 3/16"" con colisas 12.7×38.1",2,MÓVIL,CONTEXTO (no se fabrica),"Chapa de acero 0.187"" conformada, galvanizada",—,"—","—","cordón en ángulo (filete) a=3.33 · AWS D1.3/D1.3M — Structural Welding Code, Sheet Steel (e ≤ 4,8 mm); símbolo según ISO 2553","U5-+Y tope/tope","—"
373,"NBT90 · FIJO · Side channel 6-1/2""×1-1/4"" 12 GA × 457.2",1,MÓVIL,CONTEXTO (no se fabrica),"Chapa de acero 0.105"" conformada, galvanizada",—,"—","Ø11,13 H13 holgura 1,60 mm sobre el vástago Ø9,525 (taladro de paso: la unión trabaja por rozamiento bajo la golilla, no por cortadura del vástago. Es la contrapartida de AJ-11 y por eso se declaran juntos.)","—","—","—"
374,"NBT90 · FIJO · Side channel 6-1/2""×1-1/4"" 12 GA × 457.2",1,MÓVIL,CONTEXTO (no se fabrica),"Chapa de acero 0.105"" conformada, galvanizada",—,"—","Ø11,13 H13 holgura 1,60 mm sobre el vástago Ø9,525 (taladro de paso: la unión trabaja por rozamiento bajo la golilla, no por cortadura del vástago. Es la contrapartida de AJ-11 y por eso se declaran juntos.)","—","—","—"
375,"NBT90 · FIJO · Soporte de válvula 3/16"" 52×98",1,MÓVIL,CONTEXTO (no se fabrica),"Chapa de acero 0.187"", galvanizada",—,"—","—","—","—","—"
376,"NBT90 · FIJO · Tapa extremo canal base 12 GA 88×67",1,MÓVIL,CONTEXTO (no se fabrica),"Chapa de acero 0.105"" conformada, galvanizada",—,"—","Ø11,13 H13 holgura 1,60 mm sobre el vástago Ø9,525 (taladro de paso: la unión trabaja por rozamiento bajo la golilla, no por cortadura del vástago. Es la contrapartida de AJ-11 y por eso se declaran juntos.)","cordón en ángulo (filete) a=1.86 · AWS D1.3/D1.3M — Structural Welding Code, Sheet Steel (e ≤ 4,8 mm); símbolo según ISO 2553","U4-+Y-pos ranura/posicion · U4-+Y-paso ranura/paso","—"
377,"NBT90 · FIJO · Tapa extremo canal base 12 GA 88×67",1,MÓVIL,CONTEXTO (no se fabrica),"Chapa de acero 0.105"" conformada, galvanizada",—,"—","Ø11,13 H13 holgura 1,60 mm sobre el vástago Ø9,525 (taladro de paso: la unión trabaja por rozamiento bajo la golilla, no por cortadura del vástago. Es la contrapartida de AJ-11 y por eso se declaran juntos.)","cordón en ángulo (filete) a=1.86 · AWS D1.3/D1.3M — Structural Welding Code, Sheet Steel (e ≤ 4,8 mm); símbolo según ISO 2553","U4--Y-pos ranura/posicion · U4--Y-paso ranura/paso","—"
378,"NBT90 · FIJO · Tuerca hex 1/4-20 soporte de válvula",2,MÓVIL,CONTEXTO (no se fabrica),"ASME B18.2.2 — tuerca hexagonal 1/4-20 UNC-2B",—,"SAE J995 grado 5","—","—","—","zincado electrolítico ASTM F1941 Fe/Zn 5AN"
379,"NBT90 · FIJO · Tuerca hex 3/8-16 · Canal base -Y X32",1,MÓVIL,CONTEXTO (no se fabrica),"ASME B18.2.2 — tuerca hexagonal 3/8-16 UNC-2B",—,"SAE J995 grado 5","—","—","—","zincado electrolítico ASTM F1941 Fe/Zn 5AN"
380,"NBT90 · FIJO · Tuerca hex 3/8-16 · Canal base -Y X95",1,MÓVIL,CONTEXTO (no se fabrica),"ASME B18.2.2 — tuerca hexagonal 3/8-16 UNC-2B",—,"SAE J995 grado 5","—","—","—","zincado electrolítico ASTM F1941 Fe/Zn 5AN"
381,"NBT90 · FIJO · Tuerca hex 3/8-16 · Canal base +Y X32",1,MÓVIL,CONTEXTO (no se fabrica),"ASME B18.2.2 — tuerca hexagonal 3/8-16 UNC-2B",—,"SAE J995 grado 5","—","—","—","zincado electrolítico ASTM F1941 Fe/Zn 5AN"
382,"NBT90 · FIJO · Tuerca hex 3/8-16 · Canal base +Y X95",1,MÓVIL,CONTEXTO (no se fabrica),"ASME B18.2.2 — tuerca hexagonal 3/8-16 UNC-2B",—,"SAE J995 grado 5","—","—","—","zincado electrolítico ASTM F1941 Fe/Zn 5AN"
383,"NBT90 · FIJO · Tuerca hex 3/8-16 de colisa",2,MÓVIL,CONTEXTO (no se fabrica),"ASME B18.2.2 — tuerca hexagonal 3/8-16 UNC-2B",—,"SAE J995 grado 5","—","—","—","zincado electrolítico ASTM F1941 Fe/Zn 5AN"
384,"NBT90 · FIJO · Tuerca hex 3/8-16 de colisa",2,MÓVIL,CONTEXTO (no se fabrica),"ASME B18.2.2 — tuerca hexagonal 3/8-16 UNC-2B",—,"SAE J995 grado 5","—","—","—","zincado electrolítico ASTM F1941 Fe/Zn 5AN"
385,"NBT90 · MÓVIL · Anillo retención eje polea (Y=-144.5) Ø15.875",1,MÓVIL,CONTEXTO (no se fabrica),"ASME B27.7 — anillo de retención exterior serie 5100, referencia 5100-062 (eje 0,625"")",—,"acero SAE 1060-1090, e = 0,035"" (0,89 mm)","—","—","—","fosfatado"
386,"NBT90 · MÓVIL · Anillo retención eje polea (Y=-152.4) Ø15.875",1,MÓVIL,CONTEXTO (no se fabrica),"ASME B27.7 — anillo de retención exterior serie 5100, referencia 5100-062 (eje 0,625"")",—,"acero SAE 1060-1090, e = 0,035"" (0,89 mm)","—","—","—","fosfatado"
387,"NBT90 · MÓVIL · Anillo retención eje polea (Y=-76.2) Ø15.875",1,MÓVIL,CONTEXTO (no se fabrica),"ASME B27.7 — anillo de retención exterior serie 5100, referencia 5100-062 (eje 0,625"")",—,"acero SAE 1060-1090, e = 0,035"" (0,89 mm)","—","—","—","fosfatado"
388,"NBT90 · MÓVIL · Anillo retención eje polea (Y=144.5) Ø15.875",1,MÓVIL,CONTEXTO (no se fabrica),"ASME B27.7 — anillo de retención exterior serie 5100, referencia 5100-062 (eje 0,625"")",—,"acero SAE 1060-1090, e = 0,035"" (0,89 mm)","—","—","—","fosfatado"
389,"NBT90 · MÓVIL · Anillo retención eje polea (Y=152.4) Ø15.875",1,MÓVIL,CONTEXTO (no se fabrica),"ASME B27.7 — anillo de retención exterior serie 5100, referencia 5100-062 (eje 0,625"")",—,"acero SAE 1060-1090, e = 0,035"" (0,89 mm)","—","—","—","fosfatado"
390,"NBT90 · MÓVIL · Anillo retención eje polea (Y=76.2) Ø15.875",1,MÓVIL,CONTEXTO (no se fabrica),"ASME B27.7 — anillo de retención exterior serie 5100, referencia 5100-062 (eje 0,625"")",—,"acero SAE 1060-1090, e = 0,035"" (0,89 mm)","—","—","—","fosfatado"
391,"NBT90 · MÓVIL · Anillo retención interior DIN 472 Ø35",1,MÓVIL,CONTEXTO (no se fabrica),"DIN 472 — anillo de retención interior Ø35 × 1,5 para alojamiento",—,"acero para muelles C67S, ranura Ø37,0 H12 × 1,6","—","—","—","fosfatado"
392,"NBT90 · MÓVIL · Anillo retención interior DIN 472 Ø35",1,MÓVIL,CONTEXTO (no se fabrica),"DIN 472 — anillo de retención interior Ø35 × 1,5 para alojamiento",—,"acero para muelles C67S, ranura Ø37,0 H12 × 1,6","—","—","—","fosfatado"
393,"NBT90 · MÓVIL · Anillo retención interior DIN 472 Ø35",1,MÓVIL,CONTEXTO (no se fabrica),"DIN 472 — anillo de retención interior Ø35 × 1,5 para alojamiento",—,"acero para muelles C67S, ranura Ø37,0 H12 × 1,6","—","—","—","fosfatado"
394,"NBT90 · MÓVIL · Anillo retención interior DIN 472 Ø35",1,MÓVIL,CONTEXTO (no se fabrica),"DIN 472 — anillo de retención interior Ø35 × 1,5 para alojamiento",—,"acero para muelles C67S, ranura Ø37,0 H12 × 1,6","—","—","—","fosfatado"
395,"NBT90 · MÓVIL · Anillo retención interior DIN 472 Ø35",1,MÓVIL,CONTEXTO (no se fabrica),"DIN 472 — anillo de retención interior Ø35 × 1,5 para alojamiento",—,"acero para muelles C67S, ranura Ø37,0 H12 × 1,6","—","—","—","fosfatado"
396,"NBT90 · MÓVIL · Anillo retención interior DIN 472 Ø35",1,MÓVIL,CONTEXTO (no se fabrica),"DIN 472 — anillo de retención interior Ø35 × 1,5 para alojamiento",—,"acero para muelles C67S, ranura Ø37,0 H12 × 1,6","—","—","—","fosfatado"
397,"NBT90 · MÓVIL · Anillo retención interior DIN 472 Ø35",1,MÓVIL,CONTEXTO (no se fabrica),"DIN 472 — anillo de retención interior Ø35 × 1,5 para alojamiento",—,"acero para muelles C67S, ranura Ø37,0 H12 × 1,6","—","—","—","fosfatado"
398,"NBT90 · MÓVIL · Anillo retención interior DIN 472 Ø35",1,MÓVIL,CONTEXTO (no se fabrica),"DIN 472 — anillo de retención interior Ø35 × 1,5 para alojamiento",—,"acero para muelles C67S, ranura Ø37,0 H12 × 1,6","—","—","—","fosfatado"
399,"NBT90 · MÓVIL · Anillo retención interior DIN 472 Ø35",1,MÓVIL,CONTEXTO (no se fabrica),"DIN 472 — anillo de retención interior Ø35 × 1,5 para alojamiento",—,"acero para muelles C67S, ranura Ø37,0 H12 × 1,6","—","—","—","fosfatado"
400,"NBT90 · MÓVIL · Anillo retención interior DIN 472 Ø35",1,MÓVIL,CONTEXTO (no se fabrica),"DIN 472 — anillo de retención interior Ø35 × 1,5 para alojamiento",—,"acero para muelles C67S, ranura Ø37,0 H12 × 1,6","—","—","—","fosfatado"
401,"NBT90 · MÓVIL · Anillo retención interior DIN 472 Ø35",1,MÓVIL,CONTEXTO (no se fabrica),"DIN 472 — anillo de retención interior Ø35 × 1,5 para alojamiento",—,"acero para muelles C67S, ranura Ø37,0 H12 × 1,6","—","—","—","fosfatado"
402,"NBT90 · MÓVIL · Anillo retención interior DIN 472 Ø35",1,MÓVIL,CONTEXTO (no se fabrica),"DIN 472 — anillo de retención interior Ø35 × 1,5 para alojamiento",—,"acero para muelles C67S, ranura Ø37,0 H12 × 1,6","—","—","—","fosfatado"
403,"NBT90 · MÓVIL · Banda plana FLEXPROOF sin fin 1""×2.5 — serpentín L=3043.56",1,MÓVIL,CONTEXTO (no se fabrica),"Banda de transmisión sin fin de 1"" de ancho, empalme Flexproof · Hytrol 069.722xx",—,"poliéster/uretano, 2 telas, e = 2,5 mm; Ø mínimo de polea 1,0""","—","—","—","—"
404,"NBT90 · MÓVIL · Brazo de empuje de la horquilla 75×62×22",2,MÓVIL,CONTEXTO (no se fabrica),"Chapa de acero 0.866"", galvanizada",—,"—","—","—","—","—"
405,"NBT90 · MÓVIL · Buje sin chaveta 20 mm ID × 45 mm OD",1,MÓVIL,CONTEXTO (no se fabrica),"Buje cónico sin chaveta 20 mm ID × 45 mm OD — Hytrol 099.128420",—,"fabricante elegido y citado: Fenner Drives Trantorque GT ref. 6202811 (d 20, D 45,0, L 22,2, par de apriete 170 N·m, par transmisible 290 N·m, Ø mínimo de cubo 55,7 mm)","—","—","—","zincado claro RoHS"
406,"NBT90 · MÓVIL · Cross angle 1-3/4""×1"" 12 GA × 215.9",1,MÓVIL,CONTEXTO (no se fabrica),"Chapa de acero 0.105"", galvanizada",—,"—","Ø11,13 H13 holgura 1,60 mm sobre el vástago Ø9,525 (taladro de paso: la unión trabaja por rozamiento bajo la golilla, no por cortadura del vástago. Es la contrapartida de AJ-11 y por eso se declaran juntos.)","cordón en ángulo (filete) a=1.86 · AWS D1.3/D1.3M — Structural Welding Code, Sheet Steel (e ≤ 4,8 mm); símbolo según ISO 2553","U3-+Y-a pasador/posicion · U3-+Y-b pasador/paso · U3-solape-+Y tope/tope","—"
407,"NBT90 · MÓVIL · Cross angle 1-3/4""×1"" 12 GA × 215.9",1,MÓVIL,CONTEXTO (no se fabrica),"Chapa de acero 0.105"", galvanizada",—,"—","Ø11,13 H13 holgura 1,60 mm sobre el vástago Ø9,525 (taladro de paso: la unión trabaja por rozamiento bajo la golilla, no por cortadura del vástago. Es la contrapartida de AJ-11 y por eso se declaran juntos.)","cordón en ángulo (filete) a=1.86 · AWS D1.3/D1.3M — Structural Welding Code, Sheet Steel (e ≤ 4,8 mm); símbolo según ISO 2553","U3--Y-a pasador/posicion · U3--Y-b pasador/paso · U3-solape--Y tope/tope","—"
408,"NBT90 · MÓVIL · Eje de rodillo Ø12.7/Ø8 × 378.04",1,MÓVIL,CONTEXTO (no se fabrica),"Conjunto de rodillo vulcanizado Ø1-3/8"" · Hytrol SA-036881 «VULCANIZED 138 ROLLER ASSEMBLY»",—,"tubo de acero 16 GA con cubierta vulcanizada; eje con hilo interior 1/4-20 (end drilled & tapped)","—","—","—","—"
409,"NBT90 · MÓVIL · Eje de rodillo Ø12.7/Ø8 × 378.04",1,MÓVIL,CONTEXTO (no se fabrica),"Conjunto de rodillo vulcanizado Ø1-3/8"" · Hytrol SA-036881 «VULCANIZED 138 ROLLER ASSEMBLY»",—,"tubo de acero 16 GA con cubierta vulcanizada; eje con hilo interior 1/4-20 (end drilled & tapped)","—","—","—","—"
410,"NBT90 · MÓVIL · Eje de rodillo Ø12.7/Ø8 × 378.04",1,MÓVIL,CONTEXTO (no se fabrica),"Conjunto de rodillo vulcanizado Ø1-3/8"" · Hytrol SA-036881 «VULCANIZED 138 ROLLER ASSEMBLY»",—,"tubo de acero 16 GA con cubierta vulcanizada; eje con hilo interior 1/4-20 (end drilled & tapped)","—","—","—","—"
411,"NBT90 · MÓVIL · Eje de rodillo Ø12.7/Ø8 × 378.04",1,MÓVIL,CONTEXTO (no se fabrica),"Conjunto de rodillo vulcanizado Ø1-3/8"" · Hytrol SA-036881 «VULCANIZED 138 ROLLER ASSEMBLY»",—,"tubo de acero 16 GA con cubierta vulcanizada; eje con hilo interior 1/4-20 (end drilled & tapped)","—","—","—","—"
412,"NBT90 · MÓVIL · Eje de rodillo Ø12.7/Ø8 × 378.04",1,MÓVIL,CONTEXTO (no se fabrica),"Conjunto de rodillo vulcanizado Ø1-3/8"" · Hytrol SA-036881 «VULCANIZED 138 ROLLER ASSEMBLY»",—,"tubo de acero 16 GA con cubierta vulcanizada; eje con hilo interior 1/4-20 (end drilled & tapped)","—","—","—","—"
413,"NBT90 · MÓVIL · Eje de rodillo Ø12.7/Ø8 × 378.04",1,MÓVIL,CONTEXTO (no se fabrica),"Conjunto de rodillo vulcanizado Ø1-3/8"" · Hytrol SA-036881 «VULCANIZED 138 ROLLER ASSEMBLY»",—,"tubo de acero 16 GA con cubierta vulcanizada; eje con hilo interior 1/4-20 (end drilled & tapped)","—","—","—","—"
414,"NBT90 · MÓVIL · Eje polea Ø5/8"" g6 × 68.4",1,MÓVIL,CONTEXTO (no se fabrica),"Acero SAE 1045 rectificado",—,"—","Ø15,875 (5/8"") g6 (carga ESTACIONARIA sobre el aro interior ⇒ deslizante)","—","—","—"
415,"NBT90 · MÓVIL · Eje polea Ø5/8"" g6 × 68.4",1,MÓVIL,CONTEXTO (no se fabrica),"Acero SAE 1045 rectificado",—,"—","Ø15,875 (5/8"") g6 (carga ESTACIONARIA sobre el aro interior ⇒ deslizante)","—","—","—"
416,"NBT90 · MÓVIL · Eje polea Ø5/8"" g6 × 68.4",1,MÓVIL,CONTEXTO (no se fabrica),"Acero SAE 1045 rectificado",—,"—","Ø15,875 (5/8"") g6 (carga ESTACIONARIA sobre el aro interior ⇒ deslizante)","—","—","—"
417,"NBT90 · MÓVIL · Eje polea Ø5/8"" g6 × 68.4",1,MÓVIL,CONTEXTO (no se fabrica),"Acero SAE 1045 rectificado",—,"—","Ø15,875 (5/8"") g6 (carga ESTACIONARIA sobre el aro interior ⇒ deslizante)","—","—","—"
418,"NBT90 · MÓVIL · Eje polea Ø5/8"" g6 × 68.4",1,MÓVIL,CONTEXTO (no se fabrica),"Acero SAE 1045 rectificado",—,"—","Ø15,875 (5/8"") g6 (carga ESTACIONARIA sobre el aro interior ⇒ deslizante)","—","—","—"
419,"NBT90 · MÓVIL · Eje polea Ø5/8"" g6 × 73.5",1,MÓVIL,CONTEXTO (no se fabrica),"Acero SAE 1045 rectificado",—,"—","Ø15,875 (5/8"") g6 (carga ESTACIONARIA sobre el aro interior ⇒ deslizante)","—","—","—"
420,"NBT90 · MÓVIL · Golilla 1/4"" anclaje de la horquilla (X=206.7, Y=+124.76) Ø6.35",1,MÓVIL,CONTEXTO (no se fabrica),"ASME B18.22.1 — arandela plana tipo A, 1/4"", serie estrecha (N, Ø ext. 14.27)",—,"acero al carbono","—","—","—","zincado ASTM F1941"
421,"NBT90 · MÓVIL · Golilla 1/4"" anclaje de la horquilla (X=206.7, Y=−124.76) Ø6.35",1,MÓVIL,CONTEXTO (no se fabrica),"ASME B18.22.1 — arandela plana tipo A, 1/4"", serie estrecha (N, Ø ext. 14.27)",—,"acero al carbono","—","—","—","zincado ASTM F1941"
422,"NBT90 · MÓVIL · Golilla 1/4"" anclaje de la horquilla (X=256.3, Y=+124.76) Ø6.35",1,MÓVIL,CONTEXTO (no se fabrica),"ASME B18.22.1 — arandela plana tipo A, 1/4"", serie estrecha (N, Ø ext. 14.27)",—,"acero al carbono","—","—","—","zincado ASTM F1941"
423,"NBT90 · MÓVIL · Golilla 1/4"" anclaje de la horquilla (X=256.3, Y=−124.76) Ø6.35",1,MÓVIL,CONTEXTO (no se fabrica),"ASME B18.22.1 — arandela plana tipo A, 1/4"", serie estrecha (N, Ø ext. 14.27)",—,"acero al carbono","—","—","—","zincado ASTM F1941"
424,"NBT90 · MÓVIL · Golilla 3/8"" bajo cabeza (+Y, X=134) Ø9.525",1,MÓVIL,CONTEXTO (no se fabrica),"ASME B18.22.1 — arandela plana tipo A, 3/8"", serie ancha (W, Ø ext. 25.4)",—,"acero al carbono","—","—","—","zincado ASTM F1941"
425,"NBT90 · MÓVIL · Golilla 3/8"" bajo cabeza (+Y, X=162) Ø9.525",1,MÓVIL,CONTEXTO (no se fabrica),"ASME B18.22.1 — arandela plana tipo A, 3/8"", serie ancha (W, Ø ext. 25.4)",—,"acero al carbono","—","—","—","zincado ASTM F1941"
426,"NBT90 · MÓVIL · Golilla 3/8"" bajo cabeza (−Y, X=134) Ø9.525",1,MÓVIL,CONTEXTO (no se fabrica),"ASME B18.22.1 — arandela plana tipo A, 3/8"", serie ancha (W, Ø ext. 25.4)",—,"acero al carbono","—","—","—","zincado ASTM F1941"
427,"NBT90 · MÓVIL · Golilla 3/8"" bajo cabeza (−Y, X=162) Ø9.525",1,MÓVIL,CONTEXTO (no se fabrica),"ASME B18.22.1 — arandela plana tipo A, 3/8"", serie ancha (W, Ø ext. 25.4)",—,"acero al carbono","—","—","—","zincado ASTM F1941"
428,"NBT90 · MÓVIL · Golilla Guarda Y-150 Z196 (cabeza) Ø9.525",1,MÓVIL,CONTEXTO (no se fabrica),"ASME B18.22.1 — arandela plana tipo A, 3/8"", serie estrecha (N, Ø ext. 20.62)",—,"acero al carbono","—","—","—","zincado ASTM F1941"
429,"NBT90 · MÓVIL · Golilla Guarda Y-150 Z196 (tuerca) Ø9.525",1,MÓVIL,CONTEXTO (no se fabrica),"ASME B18.22.1 — arandela plana tipo A, 3/8"", serie estrecha (N, Ø ext. 20.62)",—,"acero al carbono","—","—","—","zincado ASTM F1941"
430,"NBT90 · MÓVIL · Golilla Guarda Y-150 Z284 (cabeza) Ø9.525",1,MÓVIL,CONTEXTO (no se fabrica),"ASME B18.22.1 — arandela plana tipo A, 3/8"", serie estrecha (N, Ø ext. 20.62)",—,"acero al carbono","—","—","—","zincado ASTM F1941"
431,"NBT90 · MÓVIL · Golilla Guarda Y-150 Z284 (tuerca) Ø9.525",1,MÓVIL,CONTEXTO (no se fabrica),"ASME B18.22.1 — arandela plana tipo A, 3/8"", serie estrecha (N, Ø ext. 20.62)",—,"acero al carbono","—","—","—","zincado ASTM F1941"
432,"NBT90 · MÓVIL · Golilla Guarda Y150 Z196 (cabeza) Ø9.525",1,MÓVIL,CONTEXTO (no se fabrica),"ASME B18.22.1 — arandela plana tipo A, 3/8"", serie estrecha (N, Ø ext. 20.62)",—,"acero al carbono","—","—","—","zincado ASTM F1941"
433,"NBT90 · MÓVIL · Golilla Guarda Y150 Z196 (tuerca) Ø9.525",1,MÓVIL,CONTEXTO (no se fabrica),"ASME B18.22.1 — arandela plana tipo A, 3/8"", serie estrecha (N, Ø ext. 20.62)",—,"acero al carbono","—","—","—","zincado ASTM F1941"
434,"NBT90 · MÓVIL · Golilla Guarda Y150 Z284 (cabeza) Ø9.525",1,MÓVIL,CONTEXTO (no se fabrica),"ASME B18.22.1 — arandela plana tipo A, 3/8"", serie estrecha (N, Ø ext. 20.62)",—,"acero al carbono","—","—","—","zincado ASTM F1941"
435,"NBT90 · MÓVIL · Golilla Guarda Y150 Z284 (tuerca) Ø9.525",1,MÓVIL,CONTEXTO (no se fabrica),"ASME B18.22.1 — arandela plana tipo A, 3/8"", serie estrecha (N, Ø ext. 20.62)",—,"acero al carbono","—","—","—","zincado ASTM F1941"
436,"NBT90 · MÓVIL · Golilla rodillo (línea 1, Y=-190.5, libre) Ø6.35",1,MÓVIL,CONTEXTO (no se fabrica),"ASME B18.22.1 — arandela plana tipo A, 1/4"", serie estrecha (N, Ø ext. 14.27)",—,"acero al carbono","—","—","—","zincado ASTM F1941"
437,"NBT90 · MÓVIL · Golilla rodillo (línea 1, Y=-190.5, motriz) Ø6.35",1,MÓVIL,CONTEXTO (no se fabrica),"ASME B18.22.1 — arandela plana tipo A, 1/4"", serie estrecha (N, Ø ext. 14.27)",—,"acero al carbono","—","—","—","zincado ASTM F1941"
438,"NBT90 · MÓVIL · Golilla rodillo (línea 2, Y=-114.3, libre) Ø6.35",1,MÓVIL,CONTEXTO (no se fabrica),"ASME B18.22.1 — arandela plana tipo A, 1/4"", serie estrecha (N, Ø ext. 14.27)",—,"acero al carbono","—","—","—","zincado ASTM F1941"
439,"NBT90 · MÓVIL · Golilla rodillo (línea 2, Y=-114.3, motriz) Ø6.35",1,MÓVIL,CONTEXTO (no se fabrica),"ASME B18.22.1 — arandela plana tipo A, 1/4"", serie estrecha (N, Ø ext. 14.27)",—,"acero al carbono","—","—","—","zincado ASTM F1941"
440,"NBT90 · MÓVIL · Golilla rodillo (línea 3, Y=-38.1, libre) Ø6.35",1,MÓVIL,CONTEXTO (no se fabrica),"ASME B18.22.1 — arandela plana tipo A, 1/4"", serie estrecha (N, Ø ext. 14.27)",—,"acero al carbono","—","—","—","zincado ASTM F1941"
441,"NBT90 · MÓVIL · Golilla rodillo (línea 3, Y=-38.1, motriz) Ø6.35",1,MÓVIL,CONTEXTO (no se fabrica),"ASME B18.22.1 — arandela plana tipo A, 1/4"", serie estrecha (N, Ø ext. 14.27)",—,"acero al carbono","—","—","—","zincado ASTM F1941"
442,"NBT90 · MÓVIL · Golilla rodillo (línea 4, Y=38.1, libre) Ø6.35",1,MÓVIL,CONTEXTO (no se fabrica),"ASME B18.22.1 — arandela plana tipo A, 1/4"", serie estrecha (N, Ø ext. 14.27)",—,"acero al carbono","—","—","—","zincado ASTM F1941"
443,"NBT90 · MÓVIL · Golilla rodillo (línea 4, Y=38.1, motriz) Ø6.35",1,MÓVIL,CONTEXTO (no se fabrica),"ASME B18.22.1 — arandela plana tipo A, 1/4"", serie estrecha (N, Ø ext. 14.27)",—,"acero al carbono","—","—","—","zincado ASTM F1941"
444,"NBT90 · MÓVIL · Golilla rodillo (línea 5, Y=114.3, libre) Ø6.35",1,MÓVIL,CONTEXTO (no se fabrica),"ASME B18.22.1 — arandela plana tipo A, 1/4"", serie estrecha (N, Ø ext. 14.27)",—,"acero al carbono","—","—","—","zincado ASTM F1941"
445,"NBT90 · MÓVIL · Golilla rodillo (línea 5, Y=114.3, motriz) Ø6.35",1,MÓVIL,CONTEXTO (no se fabrica),"ASME B18.22.1 — arandela plana tipo A, 1/4"", serie estrecha (N, Ø ext. 14.27)",—,"acero al carbono","—","—","—","zincado ASTM F1941"
446,"NBT90 · MÓVIL · Golilla rodillo (línea 6, Y=190.5, libre) Ø6.35",1,MÓVIL,CONTEXTO (no se fabrica),"ASME B18.22.1 — arandela plana tipo A, 1/4"", serie estrecha (N, Ø ext. 14.27)",—,"acero al carbono","—","—","—","zincado ASTM F1941"
447,"NBT90 · MÓVIL · Golilla rodillo (línea 6, Y=190.5, motriz) Ø6.35",1,MÓVIL,CONTEXTO (no se fabrica),"ASME B18.22.1 — arandela plana tipo A, 1/4"", serie estrecha (N, Ø ext. 14.27)",—,"acero al carbono","—","—","—","zincado ASTM F1941"
448,"NBT90 · MÓVIL · Golilla Spacer plate libre Y-170 (cabeza) Ø9.525",1,MÓVIL,CONTEXTO (no se fabrica),"ASME B18.22.1 — arandela plana tipo A, 3/8"", serie estrecha (N, Ø ext. 20.62)",—,"acero al carbono","—","—","—","zincado ASTM F1941"
449,"NBT90 · MÓVIL · Golilla Spacer plate libre Y-170 (tuerca) Ø9.525",1,MÓVIL,CONTEXTO (no se fabrica),"ASME B18.22.1 — arandela plana tipo A, 3/8"", serie estrecha (N, Ø ext. 20.62)",—,"acero al carbono","—","—","—","zincado ASTM F1941"
450,"NBT90 · MÓVIL · Golilla Spacer plate libre Y-55 (cabeza) Ø9.525",1,MÓVIL,CONTEXTO (no se fabrica),"ASME B18.22.1 — arandela plana tipo A, 3/8"", serie estrecha (N, Ø ext. 20.62)",—,"acero al carbono","—","—","—","zincado ASTM F1941"
451,"NBT90 · MÓVIL · Golilla Spacer plate libre Y-55 (tuerca) Ø9.525",1,MÓVIL,CONTEXTO (no se fabrica),"ASME B18.22.1 — arandela plana tipo A, 3/8"", serie estrecha (N, Ø ext. 20.62)",—,"acero al carbono","—","—","—","zincado ASTM F1941"
452,"NBT90 · MÓVIL · Golilla Spacer plate libre Y170 (cabeza) Ø9.525",1,MÓVIL,CONTEXTO (no se fabrica),"ASME B18.22.1 — arandela plana tipo A, 3/8"", serie estrecha (N, Ø ext. 20.62)",—,"acero al carbono","—","—","—","zincado ASTM F1941"
453,"NBT90 · MÓVIL · Golilla Spacer plate libre Y170 (tuerca) Ø9.525",1,MÓVIL,CONTEXTO (no se fabrica),"ASME B18.22.1 — arandela plana tipo A, 3/8"", serie estrecha (N, Ø ext. 20.62)",—,"acero al carbono","—","—","—","zincado ASTM F1941"
454,"NBT90 · MÓVIL · Golilla Spacer plate libre Y55 (cabeza) Ø9.525",1,MÓVIL,CONTEXTO (no se fabrica),"ASME B18.22.1 — arandela plana tipo A, 3/8"", serie estrecha (N, Ø ext. 20.62)",—,"acero al carbono","—","—","—","zincado ASTM F1941"
455,"NBT90 · MÓVIL · Golilla Spacer plate libre Y55 (tuerca) Ø9.525",1,MÓVIL,CONTEXTO (no se fabrica),"ASME B18.22.1 — arandela plana tipo A, 3/8"", serie estrecha (N, Ø ext. 20.62)",—,"acero al carbono","—","—","—","zincado ASTM F1941"
456,"NBT90 · MÓVIL · Golilla Spacer plate motriz Y-170 (cabeza) Ø9.525",1,MÓVIL,CONTEXTO (no se fabrica),"ASME B18.22.1 — arandela plana tipo A, 3/8"", serie estrecha (N, Ø ext. 20.62)",—,"acero al carbono","—","—","—","zincado ASTM F1941"
457,"NBT90 · MÓVIL · Golilla Spacer plate motriz Y-170 (tuerca) Ø9.525",1,MÓVIL,CONTEXTO (no se fabrica),"ASME B18.22.1 — arandela plana tipo A, 3/8"", serie estrecha (N, Ø ext. 20.62)",—,"acero al carbono","—","—","—","zincado ASTM F1941"
458,"NBT90 · MÓVIL · Golilla Spacer plate motriz Y-55 (cabeza) Ø9.525",1,MÓVIL,CONTEXTO (no se fabrica),"ASME B18.22.1 — arandela plana tipo A, 3/8"", serie estrecha (N, Ø ext. 20.62)",—,"acero al carbono","—","—","—","zincado ASTM F1941"
459,"NBT90 · MÓVIL · Golilla Spacer plate motriz Y-55 (tuerca) Ø9.525",1,MÓVIL,CONTEXTO (no se fabrica),"ASME B18.22.1 — arandela plana tipo A, 3/8"", serie estrecha (N, Ø ext. 20.62)",—,"acero al carbono","—","—","—","zincado ASTM F1941"
460,"NBT90 · MÓVIL · Golilla Spacer plate motriz Y170 (cabeza) Ø9.525",1,MÓVIL,CONTEXTO (no se fabrica),"ASME B18.22.1 — arandela plana tipo A, 3/8"", serie estrecha (N, Ø ext. 20.62)",—,"acero al carbono","—","—","—","zincado ASTM F1941"
461,"NBT90 · MÓVIL · Golilla Spacer plate motriz Y170 (tuerca) Ø9.525",1,MÓVIL,CONTEXTO (no se fabrica),"ASME B18.22.1 — arandela plana tipo A, 3/8"", serie estrecha (N, Ø ext. 20.62)",—,"acero al carbono","—","—","—","zincado ASTM F1941"
462,"NBT90 · MÓVIL · Golilla Spacer plate motriz Y55 (cabeza) Ø9.525",1,MÓVIL,CONTEXTO (no se fabrica),"ASME B18.22.1 — arandela plana tipo A, 3/8"", serie estrecha (N, Ø ext. 20.62)",—,"acero al carbono","—","—","—","zincado ASTM F1941"
463,"NBT90 · MÓVIL · Golilla Spacer plate motriz Y55 (tuerca) Ø9.525",1,MÓVIL,CONTEXTO (no se fabrica),"ASME B18.22.1 — arandela plana tipo A, 3/8"", serie estrecha (N, Ø ext. 20.62)",—,"acero al carbono","—","—","—","zincado ASTM F1941"
464,"NBT90 · MÓVIL · Ménsula de anclaje de la horquilla 3/16"" 73.64×60.97",2,MÓVIL,CONTEXTO (no se fabrica),"Chapa de acero 0.187"", galvanizada",—,"—","colisa 7,0 H13 × 11 (vertical) holgura 0,65 mm en X · ±2,0 mm en Z (las dos direcciones NO son iguales, y ahí está el ajuste: en X el taladro es CERRADO (0,65 mm, el mismo criterio de AJ-11) y sitúa; en Z es colisa, porque quien fija Z es el APOYO PLANO del brazo contra el alma del canal y el perno no puede competir con él. Los ±2 mm de recorrido son ISO 13920-B sobre los 368,5 mm del canal soldado al que va la ménsula. La unión trabaja por rozamiento bajo la golilla (2 819 N por perno).)","cordón en ángulo (filete) a=1.86 · AWS D1.3/D1.3M — Structural Welding Code, Sheet Steel (e ≤ 4,8 mm); símbolo según ISO 2553","U6-+Y tope/tope","—"
465,"NBT90 · MÓVIL · Motorreductor SEW RF07DRS71S4 — 1/2 hp, 230/460/3, 462 rpm",1,MÓVIL,CONTEXTO (no se fabrica),"SEW-EURODRIVE RF07 DRS71S4 — motorreductor de ejes paralelos con brida · Hytrol 300.0322",—,"1/2 hp, 230/460 V 3~, 462 rpm de salida; brida IEC 60072 B14 C120 (Ø120, círculo Ø100, 4 × M8)","—","—","—","—"
466,"NBT90 · MÓVIL · NEUMÁTICA · Cilindro MGPM80-10Z — placa móvil 198×75×22",1,MÓVIL,CONTEXTO (no se fabrica),"SMC serie MGP — MGPM80-10Z, cilindro compacto con guías Ø80, carrera 10 mm, casquillo de deslizamiento, con imán",—,"roscas de montaje M12 × 1,75 (patrones MM 180 × 54 y NN 174 × 52); puertos Rc 3/8 (ISO 7-1)","—","—","—","—"
467,"NBT90 · MÓVIL · NEUMÁTICA · Cilindro MGPM80-10Z — varilla guía Ø25 × 93",1,MÓVIL,CONTEXTO (no se fabrica),"SMC serie MGP — MGPM80-10Z, cilindro compacto con guías Ø80, carrera 10 mm, casquillo de deslizamiento, con imán",—,"roscas de montaje M12 × 1,75 (patrones MM 180 × 54 y NN 174 × 52); puertos Rc 3/8 (ISO 7-1)","—","—","—","—"
468,"NBT90 · MÓVIL · NEUMÁTICA · Cilindro MGPM80-10Z — varilla guía Ø25 × 93",1,MÓVIL,CONTEXTO (no se fabrica),"SMC serie MGP — MGPM80-10Z, cilindro compacto con guías Ø80, carrera 10 mm, casquillo de deslizamiento, con imán",—,"roscas de montaje M12 × 1,75 (patrones MM 180 × 54 y NN 174 × 52); puertos Rc 3/8 (ISO 7-1)","—","—","—","—"
469,"NBT90 · MÓVIL · NEUMÁTICA · Cilindro MGPM80-10Z — vástago del émbolo Ø25",1,MÓVIL,CONTEXTO (no se fabrica),"SMC serie MGP — MGPM80-10Z, cilindro compacto con guías Ø80, carrera 10 mm, casquillo de deslizamiento, con imán",—,"roscas de montaje M12 × 1,75 (patrones MM 180 × 54 y NN 174 × 52); puertos Rc 3/8 (ISO 7-1)","—","—","—","—"
470,"NBT90 · MÓVIL · Notched brace channel 1-3/4""×40 12 GA × 368.52",1,MÓVIL,CONTEXTO (no se fabrica),"Chapa de acero 0.105"" conformada, galvanizada",—,"—","—","cordón en ángulo (filete) a=1.86 · AWS D1.3/D1.3M — Structural Welding Code, Sheet Steel (e ≤ 4,8 mm); símbolo según ISO 2553","U2-motriz-+Y-pos lengueta/posicion · U2-motriz-+Y-paso lengueta/paso · U2-libre-+Y-pos lengueta/posicion · U2-libre-+Y-paso lengueta/paso · U3-+Y-a pasador/posicion · U3-+Y-b pasador/paso","—"
471,"NBT90 · MÓVIL · Notched brace channel 1-3/4""×40 12 GA × 368.52",1,MÓVIL,CONTEXTO (no se fabrica),"Chapa de acero 0.105"" conformada, galvanizada",—,"—","—","cordón en ángulo (filete) a=1.86 · AWS D1.3/D1.3M — Structural Welding Code, Sheet Steel (e ≤ 4,8 mm); símbolo según ISO 2553","U2-motriz--Y-pos lengueta/posicion · U2-motriz--Y-paso lengueta/paso · U2-libre--Y-pos lengueta/posicion · U2-libre--Y-paso lengueta/paso · U3--Y-a pasador/posicion · U3--Y-b pasador/paso","—"
472,"NBT90 · MÓVIL · Pasador de retención Ø12.7 × 39.91 en colisa",4,MÓVIL,CONTEXTO (no se fabrica),"ASME B18.3 — tornillo de hombro, hombro Ø1/2"" × 25, rosca 3/8-16 UNC · Hytrol 042.512",—,"acero aleado templado 45 HRC mínimo, hombro rectificado h9","—","—","—","pavonado"
473,"NBT90 · MÓVIL · Perno hex 1/4-20 UNC × 19.05 · rodillo",6,MÓVIL,CONTEXTO (no se fabrica),"ASME B18.2.1 — tornillo de cabeza hexagonal 1/4-20 UNC-2A",—,"SAE J429 grado 5 (carga de prueba 85 ksi)","—","—","—","zincado electrolítico ASTM F1941 Fe/Zn 5AN"
474,"NBT90 · MÓVIL · Perno hex 1/4-20 UNC × 19.05 · rodillo",6,MÓVIL,CONTEXTO (no se fabrica),"ASME B18.2.1 — tornillo de cabeza hexagonal 1/4-20 UNC-2A",—,"SAE J429 grado 5 (carga de prueba 85 ksi)","—","—","—","zincado electrolítico ASTM F1941 Fe/Zn 5AN"
475,"NBT90 · MÓVIL · Perno hex 1/4-20 UNC × 3/4"" anclaje de la horquilla al cassette",2,MÓVIL,CONTEXTO (no se fabrica),"ASME B18.2.1 — tornillo de cabeza hexagonal 1/4-20 UNC-2A",—,"SAE J429 grado 5 (carga de prueba 85 ksi)","—","—","—","zincado electrolítico ASTM F1941 Fe/Zn 5AN"
476,"NBT90 · MÓVIL · Perno hex 1/4-20 UNC × 3/4"" anclaje de la horquilla al cassette",2,MÓVIL,CONTEXTO (no se fabrica),"ASME B18.2.1 — tornillo de cabeza hexagonal 1/4-20 UNC-2A",—,"SAE J429 grado 5 (carga de prueba 85 ksi)","—","—","—","zincado electrolítico ASTM F1941 Fe/Zn 5AN"
477,"NBT90 · MÓVIL · Perno hex 3/8-16 × 22.19 · Guarda Y-150 Z196",1,MÓVIL,CONTEXTO (no se fabrica),"ASME B18.2.1 — tornillo de cabeza hexagonal 3/8-16 UNC-2A",—,"SAE J429 grado 5 (carga de prueba 85 ksi)","—","—","—","zincado electrolítico ASTM F1941 Fe/Zn 5AN"
478,"NBT90 · MÓVIL · Perno hex 3/8-16 × 22.19 · Guarda Y-150 Z284",1,MÓVIL,CONTEXTO (no se fabrica),"ASME B18.2.1 — tornillo de cabeza hexagonal 3/8-16 UNC-2A",—,"SAE J429 grado 5 (carga de prueba 85 ksi)","—","—","—","zincado electrolítico ASTM F1941 Fe/Zn 5AN"
479,"NBT90 · MÓVIL · Perno hex 3/8-16 × 22.19 · Guarda Y150 Z196",1,MÓVIL,CONTEXTO (no se fabrica),"ASME B18.2.1 — tornillo de cabeza hexagonal 3/8-16 UNC-2A",—,"SAE J429 grado 5 (carga de prueba 85 ksi)","—","—","—","zincado electrolítico ASTM F1941 Fe/Zn 5AN"
480,"NBT90 · MÓVIL · Perno hex 3/8-16 × 22.19 · Guarda Y150 Z284",1,MÓVIL,CONTEXTO (no se fabrica),"ASME B18.2.1 — tornillo de cabeza hexagonal 3/8-16 UNC-2A",—,"SAE J429 grado 5 (carga de prueba 85 ksi)","—","—","—","zincado electrolítico ASTM F1941 Fe/Zn 5AN"
481,"NBT90 · MÓVIL · Perno hex 3/8-16 × 25.06 · Spacer plate libre Y-170",1,MÓVIL,CONTEXTO (no se fabrica),"ASME B18.2.1 — tornillo de cabeza hexagonal 3/8-16 UNC-2A",—,"SAE J429 grado 5 (carga de prueba 85 ksi)","—","—","—","zincado electrolítico ASTM F1941 Fe/Zn 5AN"
482,"NBT90 · MÓVIL · Perno hex 3/8-16 × 25.06 · Spacer plate libre Y-55",1,MÓVIL,CONTEXTO (no se fabrica),"ASME B18.2.1 — tornillo de cabeza hexagonal 3/8-16 UNC-2A",—,"SAE J429 grado 5 (carga de prueba 85 ksi)","—","—","—","zincado electrolítico ASTM F1941 Fe/Zn 5AN"
483,"NBT90 · MÓVIL · Perno hex 3/8-16 × 25.06 · Spacer plate libre Y170",1,MÓVIL,CONTEXTO (no se fabrica),"ASME B18.2.1 — tornillo de cabeza hexagonal 3/8-16 UNC-2A",—,"SAE J429 grado 5 (carga de prueba 85 ksi)","—","—","—","zincado electrolítico ASTM F1941 Fe/Zn 5AN"
484,"NBT90 · MÓVIL · Perno hex 3/8-16 × 25.06 · Spacer plate libre Y55",1,MÓVIL,CONTEXTO (no se fabrica),"ASME B18.2.1 — tornillo de cabeza hexagonal 3/8-16 UNC-2A",—,"SAE J429 grado 5 (carga de prueba 85 ksi)","—","—","—","zincado electrolítico ASTM F1941 Fe/Zn 5AN"
485,"NBT90 · MÓVIL · Perno hex 3/8-16 × 25.06 · Spacer plate motriz Y-170",1,MÓVIL,CONTEXTO (no se fabrica),"ASME B18.2.1 — tornillo de cabeza hexagonal 3/8-16 UNC-2A",—,"SAE J429 grado 5 (carga de prueba 85 ksi)","—","—","—","zincado electrolítico ASTM F1941 Fe/Zn 5AN"
486,"NBT90 · MÓVIL · Perno hex 3/8-16 × 25.06 · Spacer plate motriz Y-55",1,MÓVIL,CONTEXTO (no se fabrica),"ASME B18.2.1 — tornillo de cabeza hexagonal 3/8-16 UNC-2A",—,"SAE J429 grado 5 (carga de prueba 85 ksi)","—","—","—","zincado electrolítico ASTM F1941 Fe/Zn 5AN"
487,"NBT90 · MÓVIL · Perno hex 3/8-16 × 25.06 · Spacer plate motriz Y170",1,MÓVIL,CONTEXTO (no se fabrica),"ASME B18.2.1 — tornillo de cabeza hexagonal 3/8-16 UNC-2A",—,"SAE J429 grado 5 (carga de prueba 85 ksi)","—","—","—","zincado electrolítico ASTM F1941 Fe/Zn 5AN"
488,"NBT90 · MÓVIL · Perno hex 3/8-16 × 25.06 · Spacer plate motriz Y55",1,MÓVIL,CONTEXTO (no se fabrica),"ASME B18.2.1 — tornillo de cabeza hexagonal 3/8-16 UNC-2A",—,"SAE J429 grado 5 (carga de prueba 85 ksi)","—","—","—","zincado electrolítico ASTM F1941 Fe/Zn 5AN"
489,"NBT90 · MÓVIL · Perno hex 3/8-16 × 3/4"" placa↔cartela del larguero",4,MÓVIL,CONTEXTO (no se fabrica),"ASME B18.2.1 — tornillo de cabeza hexagonal 3/8-16 UNC-2A",—,"SAE J429 grado 5 (carga de prueba 85 ksi)","—","—","—","zincado electrolítico ASTM F1941 Fe/Zn 5AN"
490,"NBT90 · MÓVIL · Perno hex M8 × 20 brida motorreductor IEC B14 C120",4,MÓVIL,CONTEXTO (no se fabrica),"ISO 4017 (DIN 933) — tornillo de cabeza hexagonal M8, rosca total",—,"clase de resistencia 8.8 (ISO 898-1)","—","—","—","zincado electrolítico ISO 4042"
491,"NBT90 · MÓVIL · Placa de apriete del tensor 1/4""×24×40",1,MÓVIL,CONTEXTO (no se fabrica),"Chapa de acero 0.25"", galvanizada",—,"—","Ø11,13 H13 holgura 1,60 mm sobre el vástago Ø9,525 (taladro de paso: la unión trabaja por rozamiento bajo la golilla, no por cortadura del vástago. Es la contrapartida de AJ-11 y por eso se declaran juntos.)","—","—","—"
492,"NBT90 · MÓVIL · Placa peine 3/16"" 432×293.26",1,MÓVIL,CONTEXTO (no se fabrica),"Chapa de acero 0.187"", galvanizada",—,"—","Ø7,0 H12 holgura 0,65 mm sobre el vástago Ø6,35 (taladro de POSICIÓN, no de paso: el vástago hace de pasador y toma la carga radial del rodillo. Un taladro de paso normal de 1/4"" sería Ø7,95 (holgura 1,6).) · Ø11,13 H13 holgura 1,60 mm sobre el vástago Ø9,525 (taladro de paso: la unión trabaja por rozamiento bajo la golilla, no por cortadura del vástago. Es la contrapartida de AJ-11 y por eso se declaran juntos.)","cordón en ángulo (filete) a=3.33 · AWS D1.3/D1.3M — Structural Welding Code, Sheet Steel (e ≤ 4,8 mm); símbolo según ISO 2553","U1-motriz-+Y ranura/posicion · U1-motriz--Y ranura/posicion","—"
493,"NBT90 · MÓVIL · Placa peine 3/16"" 432×293.26",1,MÓVIL,CONTEXTO (no se fabrica),"Chapa de acero 0.187"", galvanizada",—,"—","Ø7,0 H12 holgura 0,65 mm sobre el vástago Ø6,35 (taladro de POSICIÓN, no de paso: el vástago hace de pasador y toma la carga radial del rodillo. Un taladro de paso normal de 1/4"" sería Ø7,95 (holgura 1,6).) · Ø11,13 H13 holgura 1,60 mm sobre el vástago Ø9,525 (taladro de paso: la unión trabaja por rozamiento bajo la golilla, no por cortadura del vástago. Es la contrapartida de AJ-11 y por eso se declaran juntos.)","cordón en ángulo (filete) a=3.33 · AWS D1.3/D1.3M — Structural Welding Code, Sheet Steel (e ≤ 4,8 mm); símbolo según ISO 2553","U1-libre-+Y ranura/posicion · U1-libre--Y ranura/posicion","—"
494,"NBT90 · MÓVIL · Placa soporte de transmisión 1/4""×374×150 c/colisa tensor",1,MÓVIL,CONTEXTO (no se fabrica),"Chapa de acero 0.25"", galvanizada",—,"—","Ø60 H8 H8/h8 (resalte de centraje de una brida IEC: tiene que centrar, no apretar. Con H8/h8 el juego máximo es 0,092 mm; el modelo dibuja 0,05 de radio para que el sólido no se solape.) · Ø11,13 H13 holgura 1,60 mm sobre el vástago Ø9,525 (taladro de paso: la unión trabaja por rozamiento bajo la golilla, no por cortadura del vástago. Es la contrapartida de AJ-11 y por eso se declaran juntos.)","cordón en ángulo (filete) a=4.44 · AWS D1.1/D1.1M — Structural Welding Code, Steel; símbolo según ISO 2553","U6-pestana--Y lengueta/posicion · U6-pestana-+Y lengueta/posicion · U6-doblador tope/tope","—"
495,"NBT90 · MÓVIL · Polea de retorno banda plana Ø2-1/2""×1.4"" c/pestañas Ø73.5",1,MÓVIL,CONTEXTO (no se fabrica),"Banda plana poliéster/uretano 2.5 mm (empalme sin fin)",—,"—","Ø34,925 (1-3/8"") N7 (carga ROTANTE sobre el aro exterior (gira la llanta, el espárrago está quieto))","—","—","—"
496,"NBT90 · MÓVIL · Polea de retorno banda plana Ø2-1/2""×1.4"" c/pestañas Ø73.5",1,MÓVIL,CONTEXTO (no se fabrica),"Banda plana poliéster/uretano 2.5 mm (empalme sin fin)",—,"—","Ø34,925 (1-3/8"") N7 (carga ROTANTE sobre el aro exterior (gira la llanta, el espárrago está quieto))","—","—","—"
497,"NBT90 · MÓVIL · Polea loca banda plana Ø2-1/2""×1.4"" c/pestañas Ø73.5",1,MÓVIL,CONTEXTO (no se fabrica),"Banda plana poliéster/uretano 2.5 mm (empalme sin fin)",—,"—","Ø34,925 (1-3/8"") N7 (carga ROTANTE sobre el aro exterior (gira la llanta, el espárrago está quieto))","—","—","—"
498,"NBT90 · MÓVIL · Polea loca banda plana Ø2-1/2""×1.4"" c/pestañas Ø73.5",1,MÓVIL,CONTEXTO (no se fabrica),"Banda plana poliéster/uretano 2.5 mm (empalme sin fin)",—,"—","Ø34,925 (1-3/8"") N7 (carga ROTANTE sobre el aro exterior (gira la llanta, el espárrago está quieto))","—","—","—"
499,"NBT90 · MÓVIL · Polea loca banda plana Ø2-1/2""×1.4"" c/pestañas Ø73.5",1,MÓVIL,CONTEXTO (no se fabrica),"Banda plana poliéster/uretano 2.5 mm (empalme sin fin)",—,"—","Ø34,925 (1-3/8"") N7 (carga ROTANTE sobre el aro exterior (gira la llanta, el espárrago está quieto))","—","—","—"
500,"NBT90 · MÓVIL · Polea loca banda plana Ø2-1/2""×1.4"" c/pestañas Ø73.5 TAKE-UP IDLER",1,MÓVIL,CONTEXTO (no se fabrica),"Banda plana poliéster/uretano 2.5 mm (empalme sin fin)",—,"—","Ø34,925 (1-3/8"") N7 (carga ROTANTE sobre el aro exterior (gira la llanta, el espárrago está quieto))","—","—","—"
501,"NBT90 · MÓVIL · Rodamiento 608-2RS (línea 1, Y=-190.5, libre)",1,MÓVIL,CONTEXTO (no se fabrica),"ISO 15 / DIN 625-1 — rodamiento rígido de bolas 608-2RS (8 × 22 × 7)",—,"clase de tolerancia normal (ISO 492 P0); 2RS = dos tapas de goma","—","—","—","—"
502,"NBT90 · MÓVIL · Rodamiento 608-2RS (línea 1, Y=-190.5, motriz)",1,MÓVIL,CONTEXTO (no se fabrica),"ISO 15 / DIN 625-1 — rodamiento rígido de bolas 608-2RS (8 × 22 × 7)",—,"clase de tolerancia normal (ISO 492 P0); 2RS = dos tapas de goma","—","—","—","—"
503,"NBT90 · MÓVIL · Rodamiento 608-2RS (línea 2, Y=-114.3, libre)",1,MÓVIL,CONTEXTO (no se fabrica),"ISO 15 / DIN 625-1 — rodamiento rígido de bolas 608-2RS (8 × 22 × 7)",—,"clase de tolerancia normal (ISO 492 P0); 2RS = dos tapas de goma","—","—","—","—"
504,"NBT90 · MÓVIL · Rodamiento 608-2RS (línea 2, Y=-114.3, motriz)",1,MÓVIL,CONTEXTO (no se fabrica),"ISO 15 / DIN 625-1 — rodamiento rígido de bolas 608-2RS (8 × 22 × 7)",—,"clase de tolerancia normal (ISO 492 P0); 2RS = dos tapas de goma","—","—","—","—"
505,"NBT90 · MÓVIL · Rodamiento 608-2RS (línea 3, Y=-38.1, libre)",1,MÓVIL,CONTEXTO (no se fabrica),"ISO 15 / DIN 625-1 — rodamiento rígido de bolas 608-2RS (8 × 22 × 7)",—,"clase de tolerancia normal (ISO 492 P0); 2RS = dos tapas de goma","—","—","—","—"
506,"NBT90 · MÓVIL · Rodamiento 608-2RS (línea 3, Y=-38.1, motriz)",1,MÓVIL,CONTEXTO (no se fabrica),"ISO 15 / DIN 625-1 — rodamiento rígido de bolas 608-2RS (8 × 22 × 7)",—,"clase de tolerancia normal (ISO 492 P0); 2RS = dos tapas de goma","—","—","—","—"
507,"NBT90 · MÓVIL · Rodamiento 608-2RS (línea 4, Y=38.1, libre)",1,MÓVIL,CONTEXTO (no se fabrica),"ISO 15 / DIN 625-1 — rodamiento rígido de bolas 608-2RS (8 × 22 × 7)",—,"clase de tolerancia normal (ISO 492 P0); 2RS = dos tapas de goma","—","—","—","—"
508,"NBT90 · MÓVIL · Rodamiento 608-2RS (línea 4, Y=38.1, motriz)",1,MÓVIL,CONTEXTO (no se fabrica),"ISO 15 / DIN 625-1 — rodamiento rígido de bolas 608-2RS (8 × 22 × 7)",—,"clase de tolerancia normal (ISO 492 P0); 2RS = dos tapas de goma","—","—","—","—"
509,"NBT90 · MÓVIL · Rodamiento 608-2RS (línea 5, Y=114.3, libre)",1,MÓVIL,CONTEXTO (no se fabrica),"ISO 15 / DIN 625-1 — rodamiento rígido de bolas 608-2RS (8 × 22 × 7)",—,"clase de tolerancia normal (ISO 492 P0); 2RS = dos tapas de goma","—","—","—","—"
510,"NBT90 · MÓVIL · Rodamiento 608-2RS (línea 5, Y=114.3, motriz)",1,MÓVIL,CONTEXTO (no se fabrica),"ISO 15 / DIN 625-1 — rodamiento rígido de bolas 608-2RS (8 × 22 × 7)",—,"clase de tolerancia normal (ISO 492 P0); 2RS = dos tapas de goma","—","—","—","—"
511,"NBT90 · MÓVIL · Rodamiento 608-2RS (línea 6, Y=190.5, libre)",1,MÓVIL,CONTEXTO (no se fabrica),"ISO 15 / DIN 625-1 — rodamiento rígido de bolas 608-2RS (8 × 22 × 7)",—,"clase de tolerancia normal (ISO 492 P0); 2RS = dos tapas de goma","—","—","—","—"
512,"NBT90 · MÓVIL · Rodamiento 608-2RS (línea 6, Y=190.5, motriz)",1,MÓVIL,CONTEXTO (no se fabrica),"ISO 15 / DIN 625-1 — rodamiento rígido de bolas 608-2RS (8 × 22 × 7)",—,"clase de tolerancia normal (ISO 492 P0); 2RS = dos tapas de goma","—","—","—","—"
513,"NBT90 · MÓVIL · Rodamiento R10-2RS (Y=-144.5, exterior)",1,MÓVIL,CONTEXTO (no se fabrica),"ABMA — rodamiento rígido de bolas serie R en pulgadas, R10-2RS (5/8"" × 1-3/8"" × 5/16"")",—,"ABEC-1 (ABMA Std. 20); 2RS = dos tapas de goma","—","—","—","—"
514,"NBT90 · MÓVIL · Rodamiento R10-2RS (Y=-144.5, interior)",1,MÓVIL,CONTEXTO (no se fabrica),"ABMA — rodamiento rígido de bolas serie R en pulgadas, R10-2RS (5/8"" × 1-3/8"" × 5/16"")",—,"ABEC-1 (ABMA Std. 20); 2RS = dos tapas de goma","—","—","—","—"
515,"NBT90 · MÓVIL · Rodamiento R10-2RS (Y=-152.4, exterior)",1,MÓVIL,CONTEXTO (no se fabrica),"ABMA — rodamiento rígido de bolas serie R en pulgadas, R10-2RS (5/8"" × 1-3/8"" × 5/16"")",—,"ABEC-1 (ABMA Std. 20); 2RS = dos tapas de goma","—","—","—","—"
516,"NBT90 · MÓVIL · Rodamiento R10-2RS (Y=-152.4, interior)",1,MÓVIL,CONTEXTO (no se fabrica),"ABMA — rodamiento rígido de bolas serie R en pulgadas, R10-2RS (5/8"" × 1-3/8"" × 5/16"")",—,"ABEC-1 (ABMA Std. 20); 2RS = dos tapas de goma","—","—","—","—"
517,"NBT90 · MÓVIL · Rodamiento R10-2RS (Y=-76.2, exterior)",1,MÓVIL,CONTEXTO (no se fabrica),"ABMA — rodamiento rígido de bolas serie R en pulgadas, R10-2RS (5/8"" × 1-3/8"" × 5/16"")",—,"ABEC-1 (ABMA Std. 20); 2RS = dos tapas de goma","—","—","—","—"
518,"NBT90 · MÓVIL · Rodamiento R10-2RS (Y=-76.2, interior)",1,MÓVIL,CONTEXTO (no se fabrica),"ABMA — rodamiento rígido de bolas serie R en pulgadas, R10-2RS (5/8"" × 1-3/8"" × 5/16"")",—,"ABEC-1 (ABMA Std. 20); 2RS = dos tapas de goma","—","—","—","—"
519,"NBT90 · MÓVIL · Rodamiento R10-2RS (Y=144.5, exterior)",1,MÓVIL,CONTEXTO (no se fabrica),"ABMA — rodamiento rígido de bolas serie R en pulgadas, R10-2RS (5/8"" × 1-3/8"" × 5/16"")",—,"ABEC-1 (ABMA Std. 20); 2RS = dos tapas de goma","—","—","—","—"
520,"NBT90 · MÓVIL · Rodamiento R10-2RS (Y=144.5, interior)",1,MÓVIL,CONTEXTO (no se fabrica),"ABMA — rodamiento rígido de bolas serie R en pulgadas, R10-2RS (5/8"" × 1-3/8"" × 5/16"")",—,"ABEC-1 (ABMA Std. 20); 2RS = dos tapas de goma","—","—","—","—"
521,"NBT90 · MÓVIL · Rodamiento R10-2RS (Y=152.4, exterior)",1,MÓVIL,CONTEXTO (no se fabrica),"ABMA — rodamiento rígido de bolas serie R en pulgadas, R10-2RS (5/8"" × 1-3/8"" × 5/16"")",—,"ABEC-1 (ABMA Std. 20); 2RS = dos tapas de goma","—","—","—","—"
522,"NBT90 · MÓVIL · Rodamiento R10-2RS (Y=152.4, interior)",1,MÓVIL,CONTEXTO (no se fabrica),"ABMA — rodamiento rígido de bolas serie R en pulgadas, R10-2RS (5/8"" × 1-3/8"" × 5/16"")",—,"ABEC-1 (ABMA Std. 20); 2RS = dos tapas de goma","—","—","—","—"
523,"NBT90 · MÓVIL · Rodamiento R10-2RS (Y=76.2, exterior)",1,MÓVIL,CONTEXTO (no se fabrica),"ABMA — rodamiento rígido de bolas serie R en pulgadas, R10-2RS (5/8"" × 1-3/8"" × 5/16"")",—,"ABEC-1 (ABMA Std. 20); 2RS = dos tapas de goma","—","—","—","—"
524,"NBT90 · MÓVIL · Rodamiento R10-2RS (Y=76.2, interior)",1,MÓVIL,CONTEXTO (no se fabrica),"ABMA — rodamiento rígido de bolas serie R en pulgadas, R10-2RS (5/8"" × 1-3/8"" × 5/16"")",—,"ABEC-1 (ABMA Std. 20); 2RS = dos tapas de goma","—","—","—","—"
525,"NBT90 · MÓVIL · Rueda motriz banda plana Ø2-1/2""×1.772""",1,MÓVIL,CONTEXTO (no se fabrica),"Rueda motriz de banda plana Ø2-1/2"" × 1,772"", barreno Ø45 H8 · Hytrol 024.15502",—,"llanta abombada 0,4 mm; el barreno recibe el buje sin chaveta","—","—","—","—"
526,"NBT90 · MÓVIL · Spacer plate 3/16"" 370×80",1,MÓVIL,CONTEXTO (no se fabrica),"Chapa de acero 0.187"", galvanizada",—,"—","Ø11,13 H13 holgura 1,60 mm sobre el vástago Ø9,525 (taladro de paso: la unión trabaja por rozamiento bajo la golilla, no por cortadura del vástago. Es la contrapartida de AJ-11 y por eso se declaran juntos.)","cordón en ángulo (filete) a=3.33 · AWS D1.3/D1.3M — Structural Welding Code, Sheet Steel (e ≤ 4,8 mm); símbolo según ISO 2553","U2-motriz-+Y-pos ranura/posicion · U2-motriz-+Y-paso ranura/paso · U2-motriz--Y-pos ranura/posicion · U2-motriz--Y-paso ranura/paso","—"
527,"NBT90 · MÓVIL · Spacer plate 3/16"" 370×80",1,MÓVIL,CONTEXTO (no se fabrica),"Chapa de acero 0.187"", galvanizada",—,"—","Ø11,13 H13 holgura 1,60 mm sobre el vástago Ø9,525 (taladro de paso: la unión trabaja por rozamiento bajo la golilla, no por cortadura del vástago. Es la contrapartida de AJ-11 y por eso se declaran juntos.)","cordón en ángulo (filete) a=3.33 · AWS D1.3/D1.3M — Structural Welding Code, Sheet Steel (e ≤ 4,8 mm); símbolo según ISO 2553","U2-libre-+Y-pos ranura/posicion · U2-libre-+Y-paso ranura/paso · U2-libre--Y-pos ranura/posicion · U2-libre--Y-paso ranura/paso","—"
528,"NBT90 · MÓVIL · Tapa-soporte de extremo Ø25.93/Ø22 × 24",1,MÓVIL,CONTEXTO (no se fabrica),"Conjunto de rodillo vulcanizado Ø1-3/8"" · Hytrol SA-036881 «VULCANIZED 138 ROLLER ASSEMBLY»",—,"tubo de acero 16 GA con cubierta vulcanizada; eje con hilo interior 1/4-20 (end drilled & tapped)","—","—","—","—"
529,"NBT90 · MÓVIL · Tapa-soporte de extremo Ø25.93/Ø22 × 24",1,MÓVIL,CONTEXTO (no se fabrica),"Conjunto de rodillo vulcanizado Ø1-3/8"" · Hytrol SA-036881 «VULCANIZED 138 ROLLER ASSEMBLY»",—,"tubo de acero 16 GA con cubierta vulcanizada; eje con hilo interior 1/4-20 (end drilled & tapped)","—","—","—","—"
530,"NBT90 · MÓVIL · Tapa-soporte de extremo Ø25.93/Ø22 × 24",1,MÓVIL,CONTEXTO (no se fabrica),"Conjunto de rodillo vulcanizado Ø1-3/8"" · Hytrol SA-036881 «VULCANIZED 138 ROLLER ASSEMBLY»",—,"tubo de acero 16 GA con cubierta vulcanizada; eje con hilo interior 1/4-20 (end drilled & tapped)","—","—","—","—"
531,"NBT90 · MÓVIL · Tapa-soporte de extremo Ø25.93/Ø22 × 24",1,MÓVIL,CONTEXTO (no se fabrica),"Conjunto de rodillo vulcanizado Ø1-3/8"" · Hytrol SA-036881 «VULCANIZED 138 ROLLER ASSEMBLY»",—,"tubo de acero 16 GA con cubierta vulcanizada; eje con hilo interior 1/4-20 (end drilled & tapped)","—","—","—","—"
532,"NBT90 · MÓVIL · Tapa-soporte de extremo Ø25.93/Ø22 × 24",1,MÓVIL,CONTEXTO (no se fabrica),"Conjunto de rodillo vulcanizado Ø1-3/8"" · Hytrol SA-036881 «VULCANIZED 138 ROLLER ASSEMBLY»",—,"tubo de acero 16 GA con cubierta vulcanizada; eje con hilo interior 1/4-20 (end drilled & tapped)","—","—","—","—"
533,"NBT90 · MÓVIL · Tapa-soporte de extremo Ø25.93/Ø22 × 24",1,MÓVIL,CONTEXTO (no se fabrica),"Conjunto de rodillo vulcanizado Ø1-3/8"" · Hytrol SA-036881 «VULCANIZED 138 ROLLER ASSEMBLY»",—,"tubo de acero 16 GA con cubierta vulcanizada; eje con hilo interior 1/4-20 (end drilled & tapped)","—","—","—","—"
534,"NBT90 · MÓVIL · Tapa-soporte de extremo Ø25.93/Ø22 × 24",1,MÓVIL,CONTEXTO (no se fabrica),"Conjunto de rodillo vulcanizado Ø1-3/8"" · Hytrol SA-036881 «VULCANIZED 138 ROLLER ASSEMBLY»",—,"tubo de acero 16 GA con cubierta vulcanizada; eje con hilo interior 1/4-20 (end drilled & tapped)","—","—","—","—"
535,"NBT90 · MÓVIL · Tapa-soporte de extremo Ø25.93/Ø22 × 24",1,MÓVIL,CONTEXTO (no se fabrica),"Conjunto de rodillo vulcanizado Ø1-3/8"" · Hytrol SA-036881 «VULCANIZED 138 ROLLER ASSEMBLY»",—,"tubo de acero 16 GA con cubierta vulcanizada; eje con hilo interior 1/4-20 (end drilled & tapped)","—","—","—","—"
536,"NBT90 · MÓVIL · Tapa-soporte de extremo Ø25.93/Ø22 × 24",1,MÓVIL,CONTEXTO (no se fabrica),"Conjunto de rodillo vulcanizado Ø1-3/8"" · Hytrol SA-036881 «VULCANIZED 138 ROLLER ASSEMBLY»",—,"tubo de acero 16 GA con cubierta vulcanizada; eje con hilo interior 1/4-20 (end drilled & tapped)","—","—","—","—"
537,"NBT90 · MÓVIL · Tapa-soporte de extremo Ø25.93/Ø22 × 24",1,MÓVIL,CONTEXTO (no se fabrica),"Conjunto de rodillo vulcanizado Ø1-3/8"" · Hytrol SA-036881 «VULCANIZED 138 ROLLER ASSEMBLY»",—,"tubo de acero 16 GA con cubierta vulcanizada; eje con hilo interior 1/4-20 (end drilled & tapped)","—","—","—","—"
538,"NBT90 · MÓVIL · Tapa-soporte de extremo Ø25.93/Ø22 × 24",1,MÓVIL,CONTEXTO (no se fabrica),"Conjunto de rodillo vulcanizado Ø1-3/8"" · Hytrol SA-036881 «VULCANIZED 138 ROLLER ASSEMBLY»",—,"tubo de acero 16 GA con cubierta vulcanizada; eje con hilo interior 1/4-20 (end drilled & tapped)","—","—","—","—"
539,"NBT90 · MÓVIL · Tapa-soporte de extremo Ø25.93/Ø22 × 24",1,MÓVIL,CONTEXTO (no se fabrica),"Conjunto de rodillo vulcanizado Ø1-3/8"" · Hytrol SA-036881 «VULCANIZED 138 ROLLER ASSEMBLY»",—,"tubo de acero 16 GA con cubierta vulcanizada; eje con hilo interior 1/4-20 (end drilled & tapped)","—","—","—","—"
540,"NBT90 · MÓVIL · Tornillo SHCS M12 × 30 de la horquilla",4,MÓVIL,CONTEXTO (no se fabrica),"ISO 4762 (DIN 912) — tornillo de cabeza cilíndrica con hexágono interior M12",—,"clase de resistencia 12.9 (ISO 898-1)","—","—","—","pavonado"
541,"NBT90 · MÓVIL · Transfer cross channel 2""×1-1/2"" 12 GA × 378.04",1,MÓVIL,CONTEXTO (no se fabrica),"Chapa de acero 0.105"" conformada, galvanizada",—,"—","Ø11,13 H13 holgura 1,60 mm sobre el vástago Ø9,525 (taladro de paso: la unión trabaja por rozamiento bajo la golilla, no por cortadura del vástago. Es la contrapartida de AJ-11 y por eso se declaran juntos.)","cordón en ángulo (filete) a=1.86 · AWS D1.3/D1.3M — Structural Welding Code, Sheet Steel (e ≤ 4,8 mm); símbolo según ISO 2553","U1-motriz-+Y lengueta/posicion · U1-libre-+Y lengueta/posicion · U1-tope-+Y tope/tope","—"
542,"NBT90 · MÓVIL · Transfer cross channel 2""×1-1/2"" 12 GA × 378.04",1,MÓVIL,CONTEXTO (no se fabrica),"Chapa de acero 0.105"" conformada, galvanizada",—,"—","Ø11,13 H13 holgura 1,60 mm sobre el vástago Ø9,525 (taladro de paso: la unión trabaja por rozamiento bajo la golilla, no por cortadura del vástago. Es la contrapartida de AJ-11 y por eso se declaran juntos.)","cordón en ángulo (filete) a=1.86 · AWS D1.3/D1.3M — Structural Welding Code, Sheet Steel (e ≤ 4,8 mm); símbolo según ISO 2553","U1-motriz--Y lengueta/posicion · U1-libre--Y lengueta/posicion · U1-tope--Y tope/tope","—"
543,"NBT90 · MÓVIL · Transfer roller guard 14 GA 370×118",1,MÓVIL,CONTEXTO (no se fabrica),"Chapa de acero 0.075"", galvanizada",—,"—","Ø11,13 H13 holgura 1,60 mm sobre el vástago Ø9,525 (taladro de paso: la unión trabaja por rozamiento bajo la golilla, no por cortadura del vástago. Es la contrapartida de AJ-11 y por eso se declaran juntos.)","—","—","—"
544,"NBT90 · MÓVIL · Tubo de rodillo Ø28.93 × 375",1,MÓVIL,CONTEXTO (no se fabrica),"Conjunto de rodillo vulcanizado Ø1-3/8"" · Hytrol SA-036881 «VULCANIZED 138 ROLLER ASSEMBLY»",—,"tubo de acero 16 GA con cubierta vulcanizada; eje con hilo interior 1/4-20 (end drilled & tapped)","—","—","—","—"
545,"NBT90 · MÓVIL · Tubo de rodillo Ø28.93 × 375",1,MÓVIL,CONTEXTO (no se fabrica),"Conjunto de rodillo vulcanizado Ø1-3/8"" · Hytrol SA-036881 «VULCANIZED 138 ROLLER ASSEMBLY»",—,"tubo de acero 16 GA con cubierta vulcanizada; eje con hilo interior 1/4-20 (end drilled & tapped)","—","—","—","—"
546,"NBT90 · MÓVIL · Tubo de rodillo Ø28.93 × 375",1,MÓVIL,CONTEXTO (no se fabrica),"Conjunto de rodillo vulcanizado Ø1-3/8"" · Hytrol SA-036881 «VULCANIZED 138 ROLLER ASSEMBLY»",—,"tubo de acero 16 GA con cubierta vulcanizada; eje con hilo interior 1/4-20 (end drilled & tapped)","—","—","—","—"
547,"NBT90 · MÓVIL · Tubo de rodillo Ø28.93 × 375",1,MÓVIL,CONTEXTO (no se fabrica),"Conjunto de rodillo vulcanizado Ø1-3/8"" · Hytrol SA-036881 «VULCANIZED 138 ROLLER ASSEMBLY»",—,"tubo de acero 16 GA con cubierta vulcanizada; eje con hilo interior 1/4-20 (end drilled & tapped)","—","—","—","—"
548,"NBT90 · MÓVIL · Tubo de rodillo Ø28.93 × 375",1,MÓVIL,CONTEXTO (no se fabrica),"Conjunto de rodillo vulcanizado Ø1-3/8"" · Hytrol SA-036881 «VULCANIZED 138 ROLLER ASSEMBLY»",—,"tubo de acero 16 GA con cubierta vulcanizada; eje con hilo interior 1/4-20 (end drilled & tapped)","—","—","—","—"
549,"NBT90 · MÓVIL · Tubo de rodillo Ø28.93 × 375",1,MÓVIL,CONTEXTO (no se fabrica),"Conjunto de rodillo vulcanizado Ø1-3/8"" · Hytrol SA-036881 «VULCANIZED 138 ROLLER ASSEMBLY»",—,"tubo de acero 16 GA con cubierta vulcanizada; eje con hilo interior 1/4-20 (end drilled & tapped)","—","—","—","—"
550,"NBT90 · MÓVIL · Tuerca hex 3/8-16 · Guarda Y-150 Z196",1,MÓVIL,CONTEXTO (no se fabrica),"ASME B18.2.2 — tuerca hexagonal 3/8-16 UNC-2B",—,"SAE J995 grado 5","—","—","—","zincado electrolítico ASTM F1941 Fe/Zn 5AN"
551,"NBT90 · MÓVIL · Tuerca hex 3/8-16 · Guarda Y-150 Z284",1,MÓVIL,CONTEXTO (no se fabrica),"ASME B18.2.2 — tuerca hexagonal 3/8-16 UNC-2B",—,"SAE J995 grado 5","—","—","—","zincado electrolítico ASTM F1941 Fe/Zn 5AN"
552,"NBT90 · MÓVIL · Tuerca hex 3/8-16 · Guarda Y150 Z196",1,MÓVIL,CONTEXTO (no se fabrica),"ASME B18.2.2 — tuerca hexagonal 3/8-16 UNC-2B",—,"SAE J995 grado 5","—","—","—","zincado electrolítico ASTM F1941 Fe/Zn 5AN"
553,"NBT90 · MÓVIL · Tuerca hex 3/8-16 · Guarda Y150 Z284",1,MÓVIL,CONTEXTO (no se fabrica),"ASME B18.2.2 — tuerca hexagonal 3/8-16 UNC-2B",—,"SAE J995 grado 5","—","—","—","zincado electrolítico ASTM F1941 Fe/Zn 5AN"
554,"NBT90 · MÓVIL · Tuerca hex 3/8-16 · Spacer plate libre Y-170",1,MÓVIL,CONTEXTO (no se fabrica),"ASME B18.2.2 — tuerca hexagonal 3/8-16 UNC-2B",—,"SAE J995 grado 5","—","—","—","zincado electrolítico ASTM F1941 Fe/Zn 5AN"
555,"NBT90 · MÓVIL · Tuerca hex 3/8-16 · Spacer plate libre Y-55",1,MÓVIL,CONTEXTO (no se fabrica),"ASME B18.2.2 — tuerca hexagonal 3/8-16 UNC-2B",—,"SAE J995 grado 5","—","—","—","zincado electrolítico ASTM F1941 Fe/Zn 5AN"
556,"NBT90 · MÓVIL · Tuerca hex 3/8-16 · Spacer plate libre Y170",1,MÓVIL,CONTEXTO (no se fabrica),"ASME B18.2.2 — tuerca hexagonal 3/8-16 UNC-2B",—,"SAE J995 grado 5","—","—","—","zincado electrolítico ASTM F1941 Fe/Zn 5AN"
557,"NBT90 · MÓVIL · Tuerca hex 3/8-16 · Spacer plate libre Y55",1,MÓVIL,CONTEXTO (no se fabrica),"ASME B18.2.2 — tuerca hexagonal 3/8-16 UNC-2B",—,"SAE J995 grado 5","—","—","—","zincado electrolítico ASTM F1941 Fe/Zn 5AN"
558,"NBT90 · MÓVIL · Tuerca hex 3/8-16 · Spacer plate motriz Y-170",1,MÓVIL,CONTEXTO (no se fabrica),"ASME B18.2.2 — tuerca hexagonal 3/8-16 UNC-2B",—,"SAE J995 grado 5","—","—","—","zincado electrolítico ASTM F1941 Fe/Zn 5AN"
559,"NBT90 · MÓVIL · Tuerca hex 3/8-16 · Spacer plate motriz Y-55",1,MÓVIL,CONTEXTO (no se fabrica),"ASME B18.2.2 — tuerca hexagonal 3/8-16 UNC-2B",—,"SAE J995 grado 5","—","—","—","zincado electrolítico ASTM F1941 Fe/Zn 5AN"
560,"NBT90 · MÓVIL · Tuerca hex 3/8-16 · Spacer plate motriz Y170",1,MÓVIL,CONTEXTO (no se fabrica),"ASME B18.2.2 — tuerca hexagonal 3/8-16 UNC-2B",—,"SAE J995 grado 5","—","—","—","zincado electrolítico ASTM F1941 Fe/Zn 5AN"
561,"NBT90 · MÓVIL · Tuerca hex 3/8-16 · Spacer plate motriz Y55",1,MÓVIL,CONTEXTO (no se fabrica),"ASME B18.2.2 — tuerca hexagonal 3/8-16 UNC-2B",—,"SAE J995 grado 5","—","—","—","zincado electrolítico ASTM F1941 Fe/Zn 5AN"
562,"NBT90 · MÓVIL · Tuerca hex 3/8-16 autoblocante eje polea",5,MÓVIL,CONTEXTO (no se fabrica),"ASME B18.16.6 — tuerca autoblocante con inserto de nailon 3/8-16 UNC-2B",—,"grado A (equivale a SAE J995 grado 5); temperatura máx. 120 °C por el inserto","—","—","—","zincado electrolítico ASTM F1941"
563,"NBT90 · MÓVIL · Tuerca hex 3/8-16 CONTRATUERCA tensor",1,MÓVIL,CONTEXTO (no se fabrica),"ASME B18.16.6 — tuerca autoblocante con inserto de nailon 3/8-16 UNC-2B",—,"grado A (equivale a SAE J995 grado 5); temperatura máx. 120 °C por el inserto","—","—","—","zincado electrolítico ASTM F1941"
564,"NBT90 · MÓVIL · Tuerca hex 3/8-16 SOLDADA bajo la cartela",4,MÓVIL,CONTEXTO (no se fabrica),"Tuerca hexagonal para SOLDAR POR PROYECCIÓN 3/8-16 UNC-2B, piloto corto — sin norma ISO/ASME en pulgadas",—,"catálogo: Albany County Fasteners 8100-006 «Hex Weld Nuts (6 Projections & Short Pilot), Plain Steel, 3/8""-16» (equivalente métrico normalizado: DIN 929)","—","soldadura por resistencia, por PROYECCIÓN (la tuerca trae sus proyecciones) · AWS C1.1M/C1.1 — Recommended Practices for Resistance Welding","—","acero al carbono SIN recubrimiento (un zincado impide la soldadura)"
565,"NBT90 · MÓVIL · Vulcanizado negro e=3 → Ø34.93 × 316.3",1,MÓVIL,CONTEXTO (no se fabrica),"Conjunto de rodillo vulcanizado Ø1-3/8"" · Hytrol SA-036881 «VULCANIZED 138 ROLLER ASSEMBLY»",—,"tubo de acero 16 GA con cubierta vulcanizada; eje con hilo interior 1/4-20 (end drilled & tapped)","—","—","—","—"
566,"NBT90 · MÓVIL · Vulcanizado negro e=3 → Ø34.93 × 316.3",1,MÓVIL,CONTEXTO (no se fabrica),"Conjunto de rodillo vulcanizado Ø1-3/8"" · Hytrol SA-036881 «VULCANIZED 138 ROLLER ASSEMBLY»",—,"tubo de acero 16 GA con cubierta vulcanizada; eje con hilo interior 1/4-20 (end drilled & tapped)","—","—","—","—"
567,"NBT90 · MÓVIL · Vulcanizado negro e=3 → Ø34.93 × 316.3",1,MÓVIL,CONTEXTO (no se fabrica),"Conjunto de rodillo vulcanizado Ø1-3/8"" · Hytrol SA-036881 «VULCANIZED 138 ROLLER ASSEMBLY»",—,"tubo de acero 16 GA con cubierta vulcanizada; eje con hilo interior 1/4-20 (end drilled & tapped)","—","—","—","—"
568,"NBT90 · MÓVIL · Vulcanizado negro e=3 → Ø34.93 × 316.3",1,MÓVIL,CONTEXTO (no se fabrica),"Conjunto de rodillo vulcanizado Ø1-3/8"" · Hytrol SA-036881 «VULCANIZED 138 ROLLER ASSEMBLY»",—,"tubo de acero 16 GA con cubierta vulcanizada; eje con hilo interior 1/4-20 (end drilled & tapped)","—","—","—","—"
569,"NBT90 · MÓVIL · Vulcanizado negro e=3 → Ø34.93 × 316.3",1,MÓVIL,CONTEXTO (no se fabrica),"Conjunto de rodillo vulcanizado Ø1-3/8"" · Hytrol SA-036881 «VULCANIZED 138 ROLLER ASSEMBLY»",—,"tubo de acero 16 GA con cubierta vulcanizada; eje con hilo interior 1/4-20 (end drilled & tapped)","—","—","—","—"
570,"NBT90 · MÓVIL · Vulcanizado negro e=3 → Ø34.93 × 316.3",1,MÓVIL,CONTEXTO (no se fabrica),"Conjunto de rodillo vulcanizado Ø1-3/8"" · Hytrol SA-036881 «VULCANIZED 138 ROLLER ASSEMBLY»",—,"tubo de acero 16 GA con cubierta vulcanizada; eje con hilo interior 1/4-20 (end drilled & tapped)","—","—","—","—"
