  0
SECTION
  2
HEADER
  9
$ACADVER
  1
AC1032
  9
$ACADMAINTVER
 90
4
  9
$DWGCODEPAGE
  3
ANSI_1252
  9
$LASTSAVEDBY
  1
ezdxf
  9
$REQUIREDVERSIONS
160
0
  9
$INSBASE
 10
0.0
 20
0.0
 30
0.0
  9
$EXTMIN
 10
1e+20
 20
1e+20
 30
1e+20
  9
$EXTMAX
 10
-1e+20
 20
-1e+20
 30
-1e+20
  9
$LIMMIN
 10
0.0
 20
0.0
  9
$LIMMAX
 10
420.0
 20
297.0
  9
$ORTHOMODE
 70
0
  9
$REGENMODE
 70
1
  9
$FILLMODE
 70
1
  9
$QTEXTMODE
 70
0
  9
$MIRRTEXT
 70
1
  9
$LTSCALE
 40
1.0
  9
$ATTMODE
 70
1
  9
$TEXTSIZE
 40
2.5
  9
$TRACEWID
 40
1.0
  9
$TEXTSTYLE
  7
OpenSans
  9
$CLAYER
  8
0
  9
$CELTYPE
  6
ByLayer
  9
$CECOLOR
 62
256
  9
$CELTSCALE
 40
1.0
  9
$DISPSILH
 70
0
  9
$DIMSCALE
 40
1.0
  9
$DIMASZ
 40
0.175
  9
$DIMEXO
 40
0.125
  9
$DIMDLI
 40
3.75
  9
$DIMRND
 40
0.0
  9
$DIMDLE
 40
0.0
  9
$DIMEXE
 40
0.375
  9
$DIMTP
 40
0.0
  9
$DIMTM
 40
0.0
  9
$DIMTXT
 40
0.25
  9
$DIMCEN
 40
2.5
  9
$DIMTSZ
 40
0.0
  9
$DIMTOL
 70
0
  9
$DIMLIM
 70
0
  9
$DIMTIH
 70
0
  9
$DIMTOH
 70
0
  9
$DIMSE1
 70
0
  9
$DIMSE2
 70
0
  9
$DIMTAD
 70
1
  9
$DIMZIN
 70
12
  9
$DIMBLK
  1
ARCHTICK
  9
$DIMASO
 70
1
  9
$DIMSHO
 70
1
  9
$DIMPOST
  1

  9
$DIMAPOST
  1

  9
$DIMALT
 70
0
  9
$DIMALTD
 70
3
  9
$DIMALTF
 40
0.03937007874
  9
$DIMLFAC
 40
100.0
  9
$DIMTOFL
 70
1
  9
$DIMTVP
 40
0.0
  9
$DIMTIX
 70
0
  9
$DIMSOXD
 70
0
  9
$DIMSAH
 70
0
  9
$DIMBLK1
  1

  9
$DIMBLK2
  1

  9
$DIMSTYLE
  2
EZDXF
  9
$DIMCLRD
 70
0
  9
$DIMCLRE
 70
0
  9
$DIMCLRT
 70
0
  9
$DIMTFAC
 40
0.5
  9
$DIMGAP
 40
0.1
  9
$DIMJUST
 70
0
  9
$DIMSD1
 70
0
  9
$DIMSD2
 70
0
  9
$DIMTOLJ
 70
0
  9
$DIMTZIN
 70
8
  9
$DIMALTZ
 70
0
  9
$DIMALTTZ
 70
0
  9
$DIMUPT
 70
1
  9
$DIMDEC
 70
2
  9
$DIMTDEC
 70
2
  9
$DIMALTU
 70
2
  9
$DIMALTTD
 70
3
  9
$DIMTXSTY
  7
OpenSansCondensed-Light
  9
$DIMAUNIT
 70
0
  9
$DIMADEC
 70
2
  9
$DIMALTRND
 40
0.0
  9
$DIMAZIN
 70
3
  9
$DIMDSEP
 70
46
  9
$DIMATFIT
 70
3
  9
$DIMFRAC
 70
0
  9
$DIMLDRBLK
  1

  9
$DIMLUNIT
 70
2
  9
$DIMLWD
 70
-2
  9
$DIMLWE
 70
-2
  9
$DIMTMOVE
 70
2
  9
$DIMFXL
 40
1.0
  9
$DIMFXLON
 70
0
  9
$DIMJOGANG
 40
0.785398163397
  9
$DIMTFILL
 70
0
  9
$DIMTFILLCLR
 70
0
  9
$DIMARCSYM
 70
0
  9
$DIMLTYPE
  6

  9
$DIMLTEX1
  6

  9
$DIMLTEX2
  6

  9
$DIMTXTDIRECTION
 70
0
  9
$LUNITS
 70
2
  9
$LUPREC
 70
4
  9
$SKETCHINC
 40
1.0
  9
$FILLETRAD
 40
10.0
  9
$AUNITS
 70
0
  9
$AUPREC
 70
2
  9
$MENU
  1
.
  9
$ELEVATION
 40
0.0
  9
$PELEVATION
 40
0.0
  9
$THICKNESS
 40
0.0
  9
$LIMCHECK
 70
0
  9
$CHAMFERA
 40
0.0
  9
$CHAMFERB
 40
0.0
  9
$CHAMFERC
 40
0.0
  9
$CHAMFERD
 40
0.0
  9
$SKPOLY
 70
0
  9
$TDCREATE
 40
2461248.3069444443
  9
$TDUCREATE
 40
2458532.153996898
  9
$TDUPDATE
 40
2461248.3069444443
  9
$TDUUPDATE
 40
2458532.1544311
  9
$TDINDWG
 40
0.0
  9
$TDUSRTIMER
 40
0.0
  9
$USRTIMER
 70
1
  9
$ANGBASE
 50
0.0
  9
$ANGDIR
 70
0
  9
$PDMODE
 70
0
  9
$PDSIZE
 40
0.0
  9
$PLINEWID
 40
0.0
  9
$SPLFRAME
 70
0
  9
$SPLINETYPE
 70
6
  9
$SPLINESEGS
 70
8
  9
$HANDSEED
  5
150C
  9
$SURFTAB1
 70
6
  9
$SURFTAB2
 70
6
  9
$SURFTYPE
 70
6
  9
$SURFU
 70
6
  9
$SURFV
 70
6
  9
$UCSBASE
  2

  9
$UCSNAME
  2

  9
$UCSORG
 10
0.0
 20
0.0
 30
0.0
  9
$UCSXDIR
 10
1.0
 20
0.0
 30
0.0
  9
$UCSYDIR
 10
0.0
 20
1.0
 30
0.0
  9
$UCSORTHOREF
  2

  9
$UCSORTHOVIEW
 70
0
  9
$UCSORGTOP
 10
0.0
 20
0.0
 30
0.0
  9
$UCSORGBOTTOM
 10
0.0
 20
0.0
 30
0.0
  9
$UCSORGLEFT
 10
0.0
 20
0.0
 30
0.0
  9
$UCSORGRIGHT
 10
0.0
 20
0.0
 30
0.0
  9
$UCSORGFRONT
 10
0.0
 20
0.0
 30
0.0
  9
$UCSORGBACK
 10
0.0
 20
0.0
 30
0.0
  9
$PUCSBASE
  2

  9
$PUCSNAME
  2

  9
$PUCSORG
 10
0.0
 20
0.0
 30
0.0
  9
$PUCSXDIR
 10
1.0
 20
0.0
 30
0.0
  9
$PUCSYDIR
 10
0.0
 20
1.0
 30
0.0
  9
$PUCSORTHOREF
  2

  9
$PUCSORTHOVIEW
 70
0
  9
$PUCSORGTOP
 10
0.0
 20
0.0
 30
0.0
  9
$PUCSORGBOTTOM
 10
0.0
 20
0.0
 30
0.0
  9
$PUCSORGLEFT
 10
0.0
 20
0.0
 30
0.0
  9
$PUCSORGRIGHT
 10
0.0
 20
0.0
 30
0.0
  9
$PUCSORGFRONT
 10
0.0
 20
0.0
 30
0.0
  9
$PUCSORGBACK
 10
0.0
 20
0.0
 30
0.0
  9
$USERI1
 70
0
  9
$USERI2
 70
0
  9
$USERI3
 70
0
  9
$USERI4
 70
0
  9
$USERI5
 70
0
  9
$USERR1
 40
0.0
  9
$USERR2
 40
0.0
  9
$USERR3
 40
0.0
  9
$USERR4
 40
0.0
  9
$USERR5
 40
0.0
  9
$WORLDVIEW
 70
1
  9
$SHADEDGE
 70
3
  9
$SHADEDIF
 70
70
  9
$TILEMODE
 70
1
  9
$MAXACTVP
 70
64
  9
$PINSBASE
 10
0.0
 20
0.0
 30
0.0
  9
$PLIMCHECK
 70
0
  9
$PEXTMIN
 10
1e+20
 20
1e+20
 30
1e+20
  9
$PEXTMAX
 10
-1e+20
 20
-1e+20
 30
-1e+20
  9
$PLIMMIN
 10
0.0
 20
0.0
  9
$PLIMMAX
 10
420.0
 20
297.0
  9
$UNITMODE
 70
0
  9
$VISRETAIN
 70
1
  9
$PLINEGEN
 70
0
  9
$PSLTSCALE
 70
1
  9
$TREEDEPTH
 70
3020
  9
$CMLSTYLE
  2
Standard
  9
$CMLJUST
 70
0
  9
$CMLSCALE
 40
20.0
  9
$PROXYGRAPHICS
 70
1
  9
$MEASUREMENT
 70
1
  9
$CELWEIGHT
370
-1
  9
$ENDCAPS
280
0
  9
$JOINSTYLE
280
0
  9
$LWDISPLAY
290
0
  9
$INSUNITS
 70
4
  9
$HYPERLINKBASE
  1

  9
$STYLESHEET
  1

  9
$XEDIT
290
1
  9
$CEPSNTYPE
380
0
  9
$PSTYLEMODE
290
1
  9
$FINGERPRINTGUID
  2
{EB9ED82A-F6AF-421F-9742-B3FB82C80659}
  9
$VERSIONGUID
  2
{2855CFFE-AA52-41EA-A0F5-2EDDB902C634}
  9
$EXTNAMES
290
1
  9
$PSVPSCALE
 40
0.0
  9
$OLESTARTUP
290
0
  9
$SORTENTS
280
127
  9
$INDEXCTL
280
0
  9
$HIDETEXT
280
1
  9
$XCLIPFRAME
280
1
  9
$HALOGAP
280
0
  9
$OBSCOLOR
 70
257
  9
$OBSLTYPE
280
0
  9
$INTERSECTIONDISPLAY
280
0
  9
$INTERSECTIONCOLOR
 70
257
  9
$DIMASSOC
280
2
  9
$PROJECTNAME
  1

  9
$CAMERADISPLAY
290
0
  9
$LENSLENGTH
 40
50.0
  9
$CAMERAHEIGHT
 40
0.0
  9
$STEPSPERSEC
 40
24.0
  9
$STEPSIZE
 40
100.0
  9
$3DDWFPREC
 40
2.0
  9
$PSOLWIDTH
 40
0.005
  9
$PSOLHEIGHT
 40
0.08
  9
$LOFTANG1
 40
1.570796326795
  9
$LOFTANG2
 40
1.570796326795
  9
$LOFTMAG1
 40
0.0
  9
$LOFTMAG2
 40
0.0
  9
$LOFTPARAM
 70
7
  9
$LOFTNORMALS
280
1
  9
$LATITUDE
 40
37.795
  9
$LONGITUDE
 40
-122.394
  9
$NORTHDIRECTION
 40
0.0
  9
$TIMEZONE
 70
-8000
  9
$LIGHTGLYPHDISPLAY
280
1
  9
$TILEMODELIGHTSYNCH
280
1
  9
$CMATERIAL
347
20
  9
$SOLIDHIST
280
0
  9
$SHOWHIST
280
1
  9
$DWFFRAME
280
2
  9
$DGNFRAME
280
2
  9
$REALWORLDSCALE
290
1
  9
$INTERFERECOLOR
 62
256
  9
$CSHADOW
280
0
  9
$SHADOWPLANELOCATION
 40
0.0
  0
ENDSEC
  0
SECTION
  2
CLASSES
  0
CLASS
  1
ACDBDICTIONARYWDFLT
  2
AcDbDictionaryWithDefault
  3
ObjectDBX Classes
 90
0
 91
0
280
0
281
0
  0
CLASS
  1
SUN
  2
AcDbSun
  3
SCENEOE
 90
1153
 91
0
280
0
281
0
  0
CLASS
  1
VISUALSTYLE
  2
AcDbVisualStyle
  3
ObjectDBX Classes
 90
4095
 91
0
280
0
281
0
  0
CLASS
  1
MATERIAL
  2
AcDbMaterial
  3
ObjectDBX Classes
 90
1153
 91
0
280
0
281
0
  0
CLASS
  1
SCALE
  2
AcDbScale
  3
ObjectDBX Classes
 90
1153
 91
0
280
0
281
0
  0
CLASS
  1
TABLESTYLE
  2
AcDbTableStyle
  3
ObjectDBX Classes
 90
4095
 91
0
280
0
281
0
  0
CLASS
  1
MLEADERSTYLE
  2
AcDbMLeaderStyle
  3
ACDB_MLEADERSTYLE_CLASS
 90
4095
 91
0
280
0
281
0
  0
CLASS
  1
DICTIONARYVAR
  2
AcDbDictionaryVar
  3
ObjectDBX Classes
 90
0
 91
0
280
0
281
0
  0
CLASS
  1
CELLSTYLEMAP
  2
AcDbCellStyleMap
  3
ObjectDBX Classes
 90
1152
 91
0
280
0
281
0
  0
CLASS
  1
MENTALRAYRENDERSETTINGS
  2
AcDbMentalRayRenderSettings
  3
SCENEOE
 90
1024
 91
0
280
0
281
0
  0
CLASS
  1
ACDBDETAILVIEWSTYLE
  2
AcDbDetailViewStyle
  3
ObjectDBX Classes
 90
1025
 91
0
280
0
281
0
  0
CLASS
  1
ACDBSECTIONVIEWSTYLE
  2
AcDbSectionViewStyle
  3
ObjectDBX Classes
 90
1025
 91
0
280
0
281
0
  0
CLASS
  1
RASTERVARIABLES
  2
AcDbRasterVariables
  3
ISM
 90
0
 91
0
280
0
281
0
  0
CLASS
  1
LAYOUT
  2
AcDbLayout
  3
ObjectDBX Classes
 90
0
 91
0
280
0
281
0
  0
CLASS
  1
ACDBPLACEHOLDER
  2
AcDbPlaceHolder
  3
ObjectDBX Classes
 90
0
 91
0
280
0
281
0
  0
ENDSEC
  0
SECTION
  2
TABLES
  0
TABLE
  2
VPORT
  5
8
330
0
100
AcDbSymbolTable
 70
1
  0
VPORT
  5
23
330
8
100
AcDbSymbolTableRecord
100
AcDbViewportTableRecord
  2
*Active
 70
0
 10
0.0
 20
0.0
 11
1.0
 21
1.0
 12
0.0
 22
0.0
 13
0.0
 23
0.0
 14
0.5
 24
0.5
 15
0.5
 25
0.5
 16
0.0
 26
0.0
 36
1.0
 17
0.0
 27
0.0
 37
0.0
 40
1000.0
 41
1.34
 42
50.0
 43
0.0
 44
0.0
 50
0.0
 51
0.0
 71
0
 72
1000
 73
1
 74
3
 75
0
 76
0
 77
0
 78
0
281
0
 65
0
146
0.0
  0
ENDTAB
  0
TABLE
  2
LTYPE
  5
2
330
0
100
AcDbSymbolTable
 70
21
  0
LTYPE
  5
24
330
2
100
AcDbSymbolTableRecord
100
AcDbLinetypeTableRecord
  2
ByBlock
 70
0
  3

 72
65
 73
0
 40
0.0
  0
LTYPE
  5
25
330
2
100
AcDbSymbolTableRecord
100
AcDbLinetypeTableRecord
  2
ByLayer
 70
0
  3

 72
65
 73
0
 40
0.0
  0
LTYPE
  5
26
330
2
100
AcDbSymbolTableRecord
100
AcDbLinetypeTableRecord
  2
Continuous
 70
0
  3

 72
65
 73
0
 40
0.0
  0
LTYPE
  5
2F
330
2
100
AcDbSymbolTableRecord
100
AcDbLinetypeTableRecord
  2
CENTER
 70
0
  3
Center ____ _ ____ _ ____ _ ____ _ ____ _ ____
 72
65
 73
4
 40
5.08
 49
3.175
 74
0
 49
-0.635
 74
0
 49
0.635
 74
0
 49
-0.635
 74
0
  0
LTYPE
  5
30
330
2
100
AcDbSymbolTableRecord
100
AcDbLinetypeTableRecord
  2
CENTERX2
 70
0
  3
Center (2x) ________  __  ________  __  ________
 72
65
 73
4
 40
8.89
 49
6.35
 74
0
 49
-0.635
 74
0
 49
1.27
 74
0
 49
-0.635
 74
0
  0
LTYPE
  5
31
330
2
100
AcDbSymbolTableRecord
100
AcDbLinetypeTableRecord
  2
CENTER2
 70
0
  3
Center (.5x) ____ _ ____ _ ____ _ ____ _ ____
 72
65
 73
4
 40
2.54
 49
1.587
 74
0
 49
-0.318
 74
0
 49
0.318
 74
0
 49
-0.318
 74
0
  0
LTYPE
  5
32
330
2
100
AcDbSymbolTableRecord
100
AcDbLinetypeTableRecord
  2
DASHED
 70
0
  3
Dashed __ __ __ __ __ __ __ __ __ __ __ __ __ _
 72
65
 73
2
 40
1.524
 49
1.27
 74
0
 49
-0.254
 74
0
  0
LTYPE
  5
33
330
2
100
AcDbSymbolTableRecord
100
AcDbLinetypeTableRecord
  2
DASHEDX2
 70
0
  3
Dashed (2x) ____  ____  ____  ____  ____  ____
 72
65
 73
2
 40
3.048
 49
2.54
 74
0
 49
-0.508
 74
0
  0
LTYPE
  5
34
330
2
100
AcDbSymbolTableRecord
100
AcDbLinetypeTableRecord
  2
DASHED2
 70
0
  3
Dashed (.5x) _ _ _ _ _ _ _ _ _ _ _ _ _ _
 72
65
 73
2
 40
0.762
 49
0.635
 74
0
 49
-0.127
 74
0
  0
LTYPE
  5
35
330
2
100
AcDbSymbolTableRecord
100
AcDbLinetypeTableRecord
  2
PHANTOM
 70
0
  3
Phantom ______  __  __  ______  __  __  ______
 72
65
 73
6
 40
6.35
 49
3.175
 74
0
 49
-0.635
 74
0
 49
0.635
 74
0
 49
-0.635
 74
0
 49
0.635
 74
0
 49
-0.635
 74
0
  0
LTYPE
  5
36
330
2
100
AcDbSymbolTableRecord
100
AcDbLinetypeTableRecord
  2
PHANTOMX2
 70
0
  3
Phantom (2x)____________    ____    ____    ____________
 72
65
 73
6
 40
10.795
 49
6.35
 74
0
 49
-0.635
 74
0
 49
1.27
 74
0
 49
-0.635
 74
0
 49
1.27
 74
0
 49
-0.635
 74
0
  0
LTYPE
  5
37
330
2
100
AcDbSymbolTableRecord
100
AcDbLinetypeTableRecord
  2
PHANTOM2
 70
0
  3
Phantom (.5x) ___ _ _ ___ _ _ ___ _ _ ___ _ _ ___
 72
65
 73
6
 40
3.175
 49
1.587
 74
0
 49
-0.318
 74
0
 49
0.318
 74
0
 49
-0.318
 74
0
 49
0.318
 74
0
 49
-0.318
 74
0
  0
LTYPE
  5
38
330
2
100
AcDbSymbolTableRecord
100
AcDbLinetypeTableRecord
  2
DASHDOT
 70
0
  3
Dash dot __ . __ . __ . __ . __ . __ . __ . __
 72
65
 73
4
 40
3.556
 49
2.54
 74
0
 49
-0.508
 74
0
 49
0.0
 74
0
 49
-0.508
 74
0
  0
LTYPE
  5
39
330
2
100
AcDbSymbolTableRecord
100
AcDbLinetypeTableRecord
  2
DASHDOTX2
 70
0
  3
Dash dot (2x) ____  .  ____  .  ____  .  ____
 72
65
 73
4
 40
6.096
 49
5.08
 74
0
 49
-0.508
 74
0
 49
0.0
 74
0
 49
-0.508
 74
0
  0
LTYPE
  5
3A
330
2
100
AcDbSymbolTableRecord
100
AcDbLinetypeTableRecord
  2
DASHDOT2
 70
0
  3
Dash dot (.5x) _ . _ . _ . _ . _ . _ . _ . _
 72
65
 73
4
 40
1.778
 49
1.27
 74
0
 49
-0.254
 74
0
 49
0.0
 74
0
 49
-0.254
 74
0
  0
LTYPE
  5
3B
330
2
100
AcDbSymbolTableRecord
100
AcDbLinetypeTableRecord
  2
DOT
 70
0
  3
Dot .  .  .  .  .  .  .  .  .  .  .  .  .  .  .  .
 72
65
 73
2
 40
0.508
 49
0.0
 74
0
 49
-0.508
 74
0
  0
LTYPE
  5
3C
330
2
100
AcDbSymbolTableRecord
100
AcDbLinetypeTableRecord
  2
DOTX2
 70
0
  3
Dot (2x) .    .    .    .    .    .    .    . 
 72
65
 73
2
 40
1.016
 49
0.0
 74
0
 49
-1.016
 74
0
  0
LTYPE
  5
3D
330
2
100
AcDbSymbolTableRecord
100
AcDbLinetypeTableRecord
  2
DOT2
 70
0
  3
Dot (.5) . . . . . . . . . . . . . . . . . . . 
 72
65
 73
2
 40
0.254
 49
0.0
 74
0
 49
-0.254
 74
0
  0
LTYPE
  5
3E
330
2
100
AcDbSymbolTableRecord
100
AcDbLinetypeTableRecord
  2
DIVIDE
 70
0
  3
Divide __ . . __ . . __ . . __ . . __ . . __
 72
65
 73
6
 40
4.064
 49
2.54
 74
0
 49
-0.508
 74
0
 49
0.0
 74
0
 49
-0.508
 74
0
 49
0.0
 74
0
 49
-0.508
 74
0
  0
LTYPE
  5
3F
330
2
100
AcDbSymbolTableRecord
100
AcDbLinetypeTableRecord
  2
DIVIDEX2
 70
0
  3
Divide (2x) ____  . .  ____  . .  ____  . .  ____
 72
65
 73
6
 40
6.604
 49
5.08
 74
0
 49
-0.508
 74
0
 49
0.0
 74
0
 49
-0.508
 74
0
 49
0.0
 74
0
 49
-0.508
 74
0
  0
LTYPE
  5
40
330
2
100
AcDbSymbolTableRecord
100
AcDbLinetypeTableRecord
  2
DIVIDE2
 70
0
  3
Divide(.5x) _ . _ . _ . _ . _ . _ . _ . _
 72
65
 73
6
 40
2.032
 49
1.27
 74
0
 49
-0.254
 74
0
 49
0.0
 74
0
 49
-0.254
 74
0
 49
0.0
 74
0
 49
-0.254
 74
0
  0
ENDTAB
  0
TABLE
  2
LAYER
  5
1
330
0
100
AcDbSymbolTable
 70
9
  0
LAYER
  5
27
330
1
100
AcDbSymbolTableRecord
100
AcDbLayerTableRecord
  2
0
 70
0
 62
7
  6
Continuous
370
-3
390
13
347
21
  0
LAYER
  5
28
330
1
100
AcDbSymbolTableRecord
100
AcDbLayerTableRecord
  2
Defpoints
 70
0
 62
7
  6
Continuous
290
0
370
-3
390
13
347
21
  0
LAYER
  5
8A
330
1
100
AcDbSymbolTableRecord
100
AcDbLayerTableRecord
  2
NORMA
 70
0
 62
7
  6
CONTINUOUS
370
70
390
13
347
21
  0
LAYER
  5
8B
330
1
100
AcDbSymbolTableRecord
100
AcDbLayerTableRecord
  2
FINA
 70
0
 62
7
  6
CONTINUOUS
370
18
390
13
347
21
  0
LAYER
  5
8C
330
1
100
AcDbSymbolTableRecord
100
AcDbLayerTableRecord
  2
VISIBLE
 70
0
 62
7
  6
CONTINUOUS
370
50
390
13
347
21
  0
LAYER
  5
8D
330
1
100
AcDbSymbolTableRecord
100
AcDbLayerTableRecord
  2
OCULTA
 70
0
 62
8
  6
DASHED
370
25
390
13
347
21
  0
LAYER
  5
8E
330
1
100
AcDbSymbolTableRecord
100
AcDbLayerTableRecord
  2
COTAS
 70
0
 62
7
  6
CONTINUOUS
370
25
390
13
347
21
  0
LAYER
  5
8F
330
1
100
AcDbSymbolTableRecord
100
AcDbLayerTableRecord
  2
PLIEGUE
 70
0
 62
1
  6
DASHDOT
370
25
390
13
347
21
  0
LAYER
  5
90
330
1
100
AcDbSymbolTableRecord
100
AcDbLayerTableRecord
  2
TEXTO
 70
0
 62
7
  6
CONTINUOUS
370
25
390
13
347
21
  0
ENDTAB
  0
TABLE
  2
STYLE
  5
5
330
0
100
AcDbSymbolTable
 70
26
  0
STYLE
  5
29
330
5
100
AcDbSymbolTableRecord
100
AcDbTextStyleTableRecord
  2
Standard
 70
0
 40
0.0
 41
1.0
 50
0.0
 71
0
 42
2.5
  3
txt
  4

  0
STYLE
  5
41
330
5
100
AcDbSymbolTableRecord
100
AcDbTextStyleTableRecord
  2
OpenSans-Light
 70
0
 40
0.0
 41
1.0
 50
0.0
 71
0
 42
2.5
  3
OpenSans-Light.ttf
  4

  0
STYLE
  5
42
330
5
100
AcDbSymbolTableRecord
100
AcDbTextStyleTableRecord
  2
OpenSans-Light-Italic
 70
0
 40
0.0
 41
1.0
 50
0.0
 71
0
 42
2.5
  3
OpenSans-LightItalic.ttf
  4

  0
STYLE
  5
43
330
5
100
AcDbSymbolTableRecord
100
AcDbTextStyleTableRecord
  2
OpenSans
 70
0
 40
0.0
 41
1.0
 50
0.0
 71
0
 42
2.5
  3
OpenSans-Regular.ttf
  4

  0
STYLE
  5
44
330
5
100
AcDbSymbolTableRecord
100
AcDbTextStyleTableRecord
  2
OpenSans-Italic
 70
0
 40
0.0
 41
1.0
 50
0.0
 71
0
 42
2.5
  3
OpenSans-Italic.ttf
  4

  0
STYLE
  5
45
330
5
100
AcDbSymbolTableRecord
100
AcDbTextStyleTableRecord
  2
OpenSans-SemiBold
 70
0
 40
0.0
 41
1.0
 50
0.0
 71
0
 42
2.5
  3
OpenSans-SemiBold.ttf
  4

  0
STYLE
  5
46
330
5
100
AcDbSymbolTableRecord
100
AcDbTextStyleTableRecord
  2
OpenSans-SemiBoldItalic
 70
0
 40
0.0
 41
1.0
 50
0.0
 71
0
 42
2.5
  3
OpenSans-SemiBoldItalic.ttf
  4

  0
STYLE
  5
47
330
5
100
AcDbSymbolTableRecord
100
AcDbTextStyleTableRecord
  2
OpenSans-Bold
 70
0
 40
0.0
 41
1.0
 50
0.0
 71
0
 42
2.5
  3
OpenSans-Bold.ttf
  4

  0
STYLE
  5
48
330
5
100
AcDbSymbolTableRecord
100
AcDbTextStyleTableRecord
  2
OpenSans-BoldItalic
 70
0
 40
0.0
 41
1.0
 50
0.0
 71
0
 42
2.5
  3
OpenSans-BoldItalic.ttf
  4

  0
STYLE
  5
49
330
5
100
AcDbSymbolTableRecord
100
AcDbTextStyleTableRecord
  2
OpenSans-ExtraBold
 70
0
 40
0.0
 41
1.0
 50
0.0
 71
0
 42
2.5
  3
OpenSans-ExtraBold.ttf
  4

  0
STYLE
  5
4A
330
5
100
AcDbSymbolTableRecord
100
AcDbTextStyleTableRecord
  2
OpenSans-ExtraBoldItalic
 70
0
 40
0.0
 41
1.0
 50
0.0
 71
0
 42
2.5
  3
OpenSans-ExtraBoldItalic.ttf
  4

  0
STYLE
  5
4B
330
5
100
AcDbSymbolTableRecord
100
AcDbTextStyleTableRecord
  2
OpenSansCondensed-Bold
 70
0
 40
0.0
 41
1.0
 50
0.0
 71
0
 42
2.5
  3
OpenSansCondensed-Bold.ttf
  4

  0
STYLE
  5
4C
330
5
100
AcDbSymbolTableRecord
100
AcDbTextStyleTableRecord
  2
OpenSansCondensed-Light
 70
0
 40
0.0
 41
1.0
 50
0.0
 71
0
 42
2.5
  3
OpenSansCondensed-Light.ttf
  4

  0
STYLE
  5
4D
330
5
100
AcDbSymbolTableRecord
100
AcDbTextStyleTableRecord
  2
OpenSansCondensed-Italic
 70
0
 40
0.0
 41
1.0
 50
0.0
 71
0
 42
2.5
  3
OpenSansCondensed-LightItalic.ttf
  4

  0
STYLE
  5
4E
330
5
100
AcDbSymbolTableRecord
100
AcDbTextStyleTableRecord
  2
LiberationSans
 70
0
 40
0.0
 41
1.0
 50
0.0
 71
0
 42
2.5
  3
LiberationSans-Regular.ttf
  4

  0
STYLE
  5
4F
330
5
100
AcDbSymbolTableRecord
100
AcDbTextStyleTableRecord
  2
LiberationSans-Bold
 70
0
 40
0.0
 41
1.0
 50
0.0
 71
0
 42
2.5
  3
LiberationSans-Bold.ttf
  4

  0
STYLE
  5
50
330
5
100
AcDbSymbolTableRecord
100
AcDbTextStyleTableRecord
  2
LiberationSans-BoldItalic
 70
0
 40
0.0
 41
1.0
 50
0.0
 71
0
 42
2.5
  3
LiberationSans-BoldItalic.ttf
  4

  0
STYLE
  5
51
330
5
100
AcDbSymbolTableRecord
100
AcDbTextStyleTableRecord
  2
LiberationSans-Italic
 70
0
 40
0.0
 41
1.0
 50
0.0
 71
0
 42
2.5
  3
LiberationSans-Italic.ttf
  4

  0
STYLE
  5
52
330
5
100
AcDbSymbolTableRecord
100
AcDbTextStyleTableRecord
  2
LiberationSerif
 70
0
 40
0.0
 41
1.0
 50
0.0
 71
0
 42
2.5
  3
LiberationSerif-Regular.ttf
  4

  0
STYLE
  5
53
330
5
100
AcDbSymbolTableRecord
100
AcDbTextStyleTableRecord
  2
LiberationSerif-Bold
 70
0
 40
0.0
 41
1.0
 50
0.0
 71
0
 42
2.5
  3
LiberationSerif-Bold.ttf
  4

  0
STYLE
  5
54
330
5
100
AcDbSymbolTableRecord
100
AcDbTextStyleTableRecord
  2
LiberationSerif-BoldItalic
 70
0
 40
0.0
 41
1.0
 50
0.0
 71
0
 42
2.5
  3
LiberationSerif-BoldItalic.ttf
  4

  0
STYLE
  5
55
330
5
100
AcDbSymbolTableRecord
100
AcDbTextStyleTableRecord
  2
LiberationSerif-Italic
 70
0
 40
0.0
 41
1.0
 50
0.0
 71
0
 42
2.5
  3
LiberationSerif-Italic.ttf
  4

  0
STYLE
  5
56
330
5
100
AcDbSymbolTableRecord
100
AcDbTextStyleTableRecord
  2
LiberationMono
 70
0
 40
0.0
 41
1.0
 50
0.0
 71
0
 42
2.5
  3
LiberationMono-Regular.ttf
  4

  0
STYLE
  5
57
330
5
100
AcDbSymbolTableRecord
100
AcDbTextStyleTableRecord
  2
LiberationMono-Bold
 70
0
 40
0.0
 41
1.0
 50
0.0
 71
0
 42
2.5
  3
LiberationMono-Bold.ttf
  4

  0
STYLE
  5
58
330
5
100
AcDbSymbolTableRecord
100
AcDbTextStyleTableRecord
  2
LiberationMono-BoldItalic
 70
0
 40
0.0
 41
1.0
 50
0.0
 71
0
 42
2.5
  3
LiberationMono-BoldItalic.ttf
  4

  0
STYLE
  5
59
330
5
100
AcDbSymbolTableRecord
100
AcDbTextStyleTableRecord
  2
LiberationMono-Italic
 70
0
 40
0.0
 41
1.0
 50
0.0
 71
0
 42
2.5
  3
LiberationMono-Italic.ttf
  4

  0
ENDTAB
  0
TABLE
  2
VIEW
  5
7
330
0
100
AcDbSymbolTable
 70
0
  0
ENDTAB
  0
TABLE
  2
UCS
  5
6
330
0
100
AcDbSymbolTable
 70
0
  0
ENDTAB
  0
TABLE
  2
APPID
  5
3
330
0
100
AcDbSymbolTable
 70
3
  0
APPID
  5
2A
330
3
100
AcDbSymbolTableRecord
100
AcDbRegAppTableRecord
  2
ACAD
 70
0
  0
APPID
  5
1509
330
3
100
AcDbSymbolTableRecord
100
AcDbRegAppTableRecord
  2
HATCHBACKGROUNDCOLOR
 70
0
  0
APPID
  5
150A
330
3
100
AcDbSymbolTableRecord
100
AcDbRegAppTableRecord
  2
EZDXF
 70
0
  0
ENDTAB
  0
TABLE
  2
DIMSTYLE
  5
4
330
0
100
AcDbSymbolTable
 70
13
100
AcDbDimStyleTable
  0
DIMSTYLE
105
2B
330
4
100
AcDbSymbolTableRecord
100
AcDbDimStyleTableRecord
  2
Standard
 70
0
 40
1.0
 41
2.5
 42
0.625
 43
3.75
 44
1.25
 45
0.0
 46
0.0
 47
0.0
 48
0.0
 49
2.5
140
2.5
141
2.5
142
0.0
143
0.03937007874
144
1.0
145
0.0
146
1.0
147
0.625
148
0.0
 69
0
 70
0
 71
0
 72
0
 73
0
 74
0
 75
0
 76
0
 77
1
 78
8
 79
3
170
0
171
3
172
1
173
0
174
0
175
0
176
0
177
0
178
0
179
2
271
2
272
2
273
2
274
3
275
0
276
0
277
2
278
44
279
0
280
0
281
0
282
0
283
0
284
8
285
0
286
0
288
0
289
3
290
0
371
-2
372
-2
  0
DIMSTYLE
105
73
330
4
100
AcDbSymbolTableRecord
100
AcDbDimStyleTableRecord
  2
EZDXF
 70
0
 40
1.0
 41
0.175
 42
0.125
 43
3.75
 44
0.375
 45
0.0
 46
0.0
 47
0.0
 48
0.0
 49
2.5
140
0.25
141
2.5
142
0.0
143
0.03937007874
144
100.0
145
0.0
146
0.5
147
0.1
148
0.0
 69
0
 70
0
 71
0
 72
0
 73
0
 74
0
 75
0
 76
0
 77
1
 78
12
 79
3
170
0
171
3
172
1
173
0
174
0
175
0
176
0
177
0
178
0
179
2
271
2
272
2
273
2
274
3
275
0
276
0
277
2
278
46
279
2
280
0
281
0
282
0
283
0
284
8
285
0
286
0
288
1
289
3
290
0
340
4C
342
74
371
-2
372
-2
  0
DIMSTYLE
105
7C
330
4
100
AcDbSymbolTableRecord
100
AcDbDimStyleTableRecord
  2
EZ_M_100_H25_CM
 70
0
 40
1.0
 41
0.25
 42
0.125
 43
3.75
 44
0.375
 45
0.0
 46
0.0
 47
0.0
 48
0.0
 49
2.5
140
0.25
141
2.5
142
0.125
143
0.03937007874
144
100.0
145
0.0
146
0.5
147
0.1
148
0.0
 69
0
 70
0
 71
0
 72
0
 73
0
 74
0
 75
0
 76
0
 77
1
 78
12
 79
3
170
0
171
3
172
1
173
0
174
0
175
0
176
0
177
0
178
0
179
2
271
2
272
2
273
2
274
3
275
0
276
0
277
2
278
46
279
2
280
0
281
0
282
0
283
0
284
8
285
0
286
0
288
1
289
3
290
0
340
4C
371
-2
372
-2
  0
DIMSTYLE
105
7D
330
4
100
AcDbSymbolTableRecord
100
AcDbDimStyleTableRecord
  2
EZ_M_50_H25_CM
 70
0
 40
1.0
 41
0.125
 42
0.0625
 43
3.75
 44
0.1875
 45
0.0
 46
0.0
 47
0.0
 48
0.0
 49
2.5
140
0.125
141
2.5
142
0.0625
143
0.03937007874
144
100.0
145
0.0
146
0.5
147
0.05
148
0.0
 69
0
 70
0
 71
0
 72
0
 73
0
 74
0
 75
0
 76
0
 77
1
 78
12
 79
3
170
0
171
3
172
1
173
0
174
0
175
0
176
0
177
0
178
0
179
2
271
2
272
2
273
2
274
3
275
0
276
0
277
2
278
46
279
2
280
0
281
0
282
0
283
0
284
8
285
0
286
0
288
1
289
3
290
0
340
4C
371
-2
372
-2
  0
DIMSTYLE
105
7E
330
4
100
AcDbSymbolTableRecord
100
AcDbDimStyleTableRecord
  2
EZ_M_25_H25_CM
 70
0
 40
1.0
 41
0.0625
 42
0.03125
 43
3.75
 44
0.09375
 45
0.0
 46
0.0
 47
0.0
 48
0.0
 49
2.5
140
0.0625
141
2.5
142
0.03125
143
0.03937007874
144
100.0
145
0.0
146
0.5
147
0.025
148
0.0
 69
0
 70
0
 71
0
 72
0
 73
0
 74
0
 75
0
 76
0
 77
1
 78
12
 79
3
170
0
171
3
172
1
173
0
174
0
175
0
176
0
177
0
178
0
179
2
271
2
272
2
273
2
274
3
275
0
276
0
277
2
278
46
279
2
280
0
281
0
282
0
283
0
284
8
285
0
286
0
288
1
289
3
290
0
340
4C
371
-2
372
-2
  0
DIMSTYLE
105
7F
330
4
100
AcDbSymbolTableRecord
100
AcDbDimStyleTableRecord
  2
EZ_M_20_H25_CM
 70
0
 40
1.0
 41
0.05
 42
0.025
 43
3.75
 44
0.07500000000000001
 45
0.0
 46
0.0
 47
0.0
 48
0.0
 49
2.5
140
0.05
141
2.5
142
0.025
143
0.03937007874
144
100.0
145
0.0
146
0.5
147
0.020000000000000004
148
0.0
 69
0
 70
0
 71
0
 72
0
 73
0
 74
0
 75
0
 76
0
 77
1
 78
12
 79
3
170
0
171
3
172
1
173
0
174
0
175
0
176
0
177
0
178
0
179
2
271
2
272
2
273
2
274
3
275
0
276
0
277
2
278
46
279
2
280
0
281
0
282
0
283
0
284
8
285
0
286
0
288
1
289
3
290
0
340
4C
371
-2
372
-2
  0
DIMSTYLE
105
80
330
4
100
AcDbSymbolTableRecord
100
AcDbDimStyleTableRecord
  2
EZ_M_10_H25_CM
 70
0
 40
1.0
 41
0.025
 42
0.0125
 43
3.75
 44
0.037500000000000006
 45
0.0
 46
0.0
 47
0.0
 48
0.0
 49
2.5
140
0.025
141
2.5
142
0.0125
143
0.03937007874
144
100.0
145
0.0
146
0.5
147
0.010000000000000002
148
0.0
 69
0
 70
0
 71
0
 72
0
 73
0
 74
0
 75
0
 76
0
 77
1
 78
12
 79
3
170
0
171
3
172
1
173
0
174
0
175
0
176
0
177
0
178
0
179
2
271
2
272
2
273
2
274
3
275
0
276
0
277
2
278
46
279
2
280
0
281
0
282
0
283
0
284
8
285
0
286
0
288
1
289
3
290
0
340
4C
371
-2
372
-2
  0
DIMSTYLE
105
81
330
4
100
AcDbSymbolTableRecord
100
AcDbDimStyleTableRecord
  2
EZ_M_5_H25_CM
 70
0
 40
1.0
 41
0.0125
 42
0.00625
 43
3.75
 44
0.018750000000000003
 45
0.0
 46
0.0
 47
0.0
 48
0.0
 49
2.5
140
0.0125
141
2.5
142
0.00625
143
0.03937007874
144
100.0
145
0.0
146
0.5
147
0.005000000000000001
148
0.0
 69
0
 70
0
 71
0
 72
0
 73
0
 74
0
 75
0
 76
0
 77
1
 78
12
 79
3
170
0
171
3
172
1
173
0
174
0
175
0
176
0
177
0
178
0
179
2
271
2
272
2
273
2
274
3
275
0
276
0
277
2
278
46
279
2
280
0
281
0
282
0
283
0
284
8
285
0
286
0
288
1
289
3
290
0
340
4C
371
-2
372
-2
  0
DIMSTYLE
105
82
330
4
100
AcDbSymbolTableRecord
100
AcDbDimStyleTableRecord
  2
EZ_M_1_H25_CM
 70
0
 40
1.0
 41
0.0025
 42
0.00125
 43
3.75
 44
0.00375
 45
0.0
 46
0.0
 47
0.0
 48
0.0
 49
2.5
140
0.0025
141
2.5
142
0.00125
143
0.03937007874
144
100.0
145
0.0
146
0.5
147
0.001
148
0.0
 69
0
 70
0
 71
0
 72
0
 73
0
 74
0
 75
0
 76
0
 77
1
 78
12
 79
3
170
0
171
3
172
1
173
0
174
0
175
0
176
0
177
0
178
0
179
2
271
2
272
2
273
2
274
3
275
0
276
0
277
2
278
46
279
2
280
0
281
0
282
0
283
0
284
8
285
0
286
0
288
1
289
3
290
0
340
4C
371
-2
372
-2
  0
DIMSTYLE
105
83
330
4
100
AcDbSymbolTableRecord
100
AcDbDimStyleTableRecord
  2
EZ_RADIUS
 70
0
 40
1.0
 41
0.25
 42
0.125
 43
3.75
 44
0.375
 45
0.0
 46
0.0
 47
0.0
 48
0.0
 49
2.5
140
0.25
141
0.0
142
0.0
143
0.03937007874
144
100.0
145
0.0
146
0.5
147
0.1
148
0.0
 69
0
 70
0
 71
0
 72
0
 73
0
 74
0
 75
0
 76
0
 77
1
 78
12
 79
3
170
0
171
3
172
0
173
0
174
0
175
0
176
0
177
0
178
0
179
2
271
2
272
2
273
2
274
3
275
0
276
0
277
2
278
46
279
1
280
0
281
0
282
0
283
0
284
8
285
0
286
0
288
1
289
3
290
0
340
4C
342
84
371
-2
372
-2
  0
DIMSTYLE
105
88
330
4
100
AcDbSymbolTableRecord
100
AcDbDimStyleTableRecord
  2
EZ_RADIUS_INSIDE
 70
0
 40
1.0
 41
0.25
 42
0.125
 43
3.75
 44
0.375
 45
0.0
 46
0.0
 47
0.0
 48
0.0
 49
2.5
140
0.25
141
0.0
142
0.0
143
0.03937007874
144
100.0
145
0.0
146
0.5
147
0.1
148
0.0
 69
0
 70
0
 71
0
 72
0
 73
0
 74
0
 75
0
 76
0
 77
0
 78
12
 79
3
170
0
171
3
172
0
173
0
174
1
175
0
176
0
177
0
178
0
179
2
271
2
272
2
273
2
274
3
275
0
276
0
277
2
278
46
279
0
280
0
281
0
282
0
283
0
284
8
285
0
286
0
288
1
289
0
290
0
340
4C
342
84
371
-2
372
-2
  0
DIMSTYLE
105
89
330
4
100
AcDbSymbolTableRecord
100
AcDbDimStyleTableRecord
  2
EZ_CURVED
 70
0
 40
1.0
 41
0.25
 42
0.125
 43
3.75
 44
0.375
 45
0.0
 46
0.0
 47
0.0
 48
0.0
 49
2.5
140
0.25
141
2.5
142
0.0
143
0.03937007874
144
100.0
145
0.0
146
0.5
147
0.1
148
0.0
 69
0
 70
0
 71
0
 72
0
 73
0
 74
0
 75
0
 76
0
 77
1
 78
12
 79
2
 90
2
170
0
171
3
172
1
173
0
174
0
175
0
176
0
177
0
178
0
179
2
271
2
272
2
273
2
274
3
275
0
276
0
277
2
278
46
279
2
280
0
281
0
282
0
283
0
284
8
285
0
286
0
288
1
289
3
290
0
340
4C
371
-2
372
-2
  0
DIMSTYLE
105
91
330
4
100
AcDbSymbolTableRecord
100
AcDbDimStyleTableRecord
  2
F3D_1000
 70
0
 40
1.0
 41
2.5
 42
1.0
 43
3.75
 44
1.5
 45
0.0
 46
0.0
 47
0.0
 48
0.0
 49
2.5
140
3.5
141
2.5
142
0.0
143
0.03937007874
144
1.0
145
0.0
146
1.0
147
0.9
148
0.0
 69
0
 70
0
 71
0
 72
0
 73
0
 74
0
 75
0
 76
0
 77
1
 78
8
 79
3
170
0
171
3
172
1
173
0
174
0
175
0
176
0
177
0
178
0
179
2
271
1
272
2
273
2
274
3
275
0
276
0
277
2
278
46
279
0
280
0
281
0
282
0
283
0
284
8
285
0
286
0
288
0
289
3
290
0
371
-2
372
-2
  0
ENDTAB
  0
TABLE
  2
BLOCK_RECORD
  5
9
330
0
100
AcDbSymbolTable
 70
8
  0
BLOCK_RECORD
  5
17
330
9
100
AcDbSymbolTableRecord
100
AcDbBlockTableRecord
  2
*Model_Space
340
1A
 70
0
280
1
281
0
  0
BLOCK_RECORD
  5
1B
330
9
100
AcDbSymbolTableRecord
100
AcDbBlockTableRecord
  2
*Paper_Space
340
1E
 70
0
280
1
281
0
  0
BLOCK_RECORD
  5
74
330
9
100
AcDbSymbolTableRecord
100
AcDbBlockTableRecord
  2
_ARCHTICK
340
0
 70
0
280
1
281
0
  0
BLOCK_RECORD
  5
78
330
9
100
AcDbSymbolTableRecord
100
AcDbBlockTableRecord
  2
_CLOSEDFILLED
340
0
 70
0
280
1
281
0
  0
BLOCK_RECORD
  5
84
330
9
100
AcDbSymbolTableRecord
100
AcDbBlockTableRecord
  2
_CLOSEDBLANK
340
0
 70
0
280
1
281
0
  0
BLOCK_RECORD
  5
570
330
9
100
AcDbSymbolTableRecord
100
AcDbBlockTableRecord
  2
*D1
340
0
 70
0
280
1
281
0
  0
BLOCK_RECORD
  5
57F
330
9
100
AcDbSymbolTableRecord
100
AcDbBlockTableRecord
  2
*D2
340
0
 70
0
280
1
281
0
  0
BLOCK_RECORD
  5
A13
330
9
100
AcDbSymbolTableRecord
100
AcDbBlockTableRecord
  2
*D3
340
0
 70
0
280
1
281
0
  0
ENDTAB
  0
ENDSEC
  0
SECTION
  2
BLOCKS
  0
BLOCK
  5
18
330
17
100
AcDbEntity
  8
0
100
AcDbBlockBegin
  2
*Model_Space
 70
0
 10
0.0
 20
0.0
 30
0.0
  3
*Model_Space
  1

  0
ENDBLK
  5
19
330
17
100
AcDbEntity
  8
0
100
AcDbBlockEnd
  0
BLOCK
  5
1C
330
1B
100
AcDbEntity
  8
0
100
AcDbBlockBegin
  2
*Paper_Space
 70
0
 10
0.0
 20
0.0
 30
0.0
  3
*Paper_Space
  1

  0
ENDBLK
  5
1D
330
1B
100
AcDbEntity
  8
0
100
AcDbBlockEnd
  0
BLOCK
  5
75
330
74
100
AcDbEntity
  8
0
100
AcDbBlockBegin
  2
_ARCHTICK
 70
0
 10
0.0
 20
0.0
 30
0.0
  3
_ARCHTICK
  1

  0
LWPOLYLINE
  5
77
330
74
100
AcDbEntity
  8
0
  6
BYBLOCK
 62
0
100
AcDbPolyline
 90
2
 70
0
 43
0.15
 10
-0.5
 20
-0.5
 10
0.5
 20
0.5
  0
ENDBLK
  5
76
330
74
100
AcDbEntity
  8
0
100
AcDbBlockEnd
  0
BLOCK
  5
79
330
78
100
AcDbEntity
  8
0
100
AcDbBlockBegin
  2
_CLOSEDFILLED
 70
0
 10
0.0
 20
0.0
 30
0.0
  3
_CLOSEDFILLED
  1

  0
SOLID
  5
7B
330
78
100
AcDbEntity
  8
0
  6
BYBLOCK
 62
0
100
AcDbTrace
 10
-1.0
 20
0.16439898372402537
 30
0.0
 11
0.0
 21
0.0
 31
0.0
 12
-1.0
 22
-0.16439898372402537
 32
0.0
 13
-1.0
 23
-0.16439898372402537
 33
0.0
  0
ENDBLK
  5
7A
330
78
100
AcDbEntity
  8
0
100
AcDbBlockEnd
  0
BLOCK
  5
85
330
84
100
AcDbEntity
  8
0
100
AcDbBlockBegin
  2
_CLOSEDBLANK
 70
0
 10
0.0
 20
0.0
 30
0.0
  3
_CLOSEDBLANK
  1

  0
LWPOLYLINE
  5
87
330
84
100
AcDbEntity
  8
0
  6
BYBLOCK
 62
0
100
AcDbPolyline
 90
3
 70
1
 10
-1.0
 20
0.16439898372402537
 10
0.0
 20
0.0
 10
-1.0
 20
-0.16439898372402537
  0
ENDBLK
  5
86
330
84
100
AcDbEntity
  8
0
100
AcDbBlockEnd
  0
BLOCK
  5
571
330
570
100
AcDbEntity
  8
0
100
AcDbBlockBegin
  2
*D1
 70
1
 10
0.0
 20
0.0
 30
0.0
  3
*D1
  1

  0
LINE
  5
573
330
570
100
AcDbEntity
  8
0
100
AcDbLine
 10
45.899997725800034
 20
137.20857540906445
 30
0.0
 11
45.899997725800034
 21
127.70857540906445
 31
0.0
  0
LINE
  5
574
330
570
100
AcDbEntity
  8
0
100
AcDbLine
 10
100.29999925167894
 20
137.20857540906445
 30
0.0
 11
100.29999925167894
 21
127.70857540906445
 31
0.0
  0
INSERT
  5
575
330
570
100
AcDbEntity
  8
COTAS
100
AcDbBlockReference
  2
_CLOSEDFILLED
 10
45.899997725800034
 20
129.20857540906445
 30
0.0
 41
2.5
 42
2.5
 50
180.0
  0
INSERT
  5
577
330
570
100
AcDbEntity
  8
COTAS
100
AcDbBlockReference
  2
_CLOSEDFILLED
 10
100.29999925167894
 20
129.20857540906445
 30
0.0
 41
2.5
 42
2.5
  0
LINE
  5
579
330
570
100
AcDbEntity
  8
0
100
AcDbLine
 10
48.399997725800034
 20
129.20857540906445
 30
0.0
 11
97.79999925167894
 21
129.20857540906445
 31
0.0
  0
MTEXT
  5
57A
330
570
100
AcDbEntity
  8
COTAS
100
AcDbMText
 10
73.09999848873949
 20
131.85857540906446
 30
0.0
 40
3.5
 71
5
  1
54.4
  7
OpenSansCondensed-Light
  0
POINT
  5
57B
330
570
100
AcDbEntity
  8
Defpoints
100
AcDbPoint
 10
45.899997725800034
 20
129.20857540906445
 30
0.0
  0
POINT
  5
57C
330
570
100
AcDbEntity
  8
Defpoints
100
AcDbPoint
 10
45.899997725800034
 20
138.20857540906445
 30
0.0
  0
POINT
  5
57D
330
570
100
AcDbEntity
  8
Defpoints
100
AcDbPoint
 10
100.29999925167894
 20
138.20857540906445
 30
0.0
  0
ENDBLK
  5
572
330
570
100
AcDbEntity
  8
0
100
AcDbBlockEnd
  0
BLOCK
  5
580
330
57F
100
AcDbEntity
  8
0
100
AcDbBlockBegin
  2
*D2
 70
1
 10
0.0
 20
0.0
 30
0.0
  3
*D2
  1

  0
LINE
  5
582
330
57F
100
AcDbEntity
  8
0
100
AcDbLine
 10
101.29999925167894
 20
138.20857540906445
 30
0.0
 11
110.79999925167894
 21
138.20857540906445
 31
0.0
  0
LINE
  5
583
330
57F
100
AcDbEntity
  8
0
100
AcDbLine
 10
101.29999925167894
 20
178.20857540906445
 30
0.0
 11
110.79999925167894
 21
178.20857540906445
 31
0.0
  0
INSERT
  5
584
330
57F
100
AcDbEntity
  8
COTAS
100
AcDbBlockReference
  2
_CLOSEDFILLED
 10
109.29999925167894
 20
138.20857540906445
 30
0.0
 41
2.5
 42
2.5
 50
270.0
  0
INSERT
  5
586
330
57F
100
AcDbEntity
  8
COTAS
100
AcDbBlockReference
  2
_CLOSEDFILLED
 10
109.29999925167894
 20
178.20857540906445
 30
0.0
 41
2.5
 42
2.5
 50
90.0
  0
LINE
  5
588
330
57F
100
AcDbEntity
  8
0
100
AcDbLine
 10
109.29999925167894
 20
140.70857540906445
 30
0.0
 11
109.29999925167894
 21
175.70857540906445
 31
0.0
  0
MTEXT
  5
589
330
57F
100
AcDbEntity
  8
COTAS
100
AcDbMText
 10
106.64999925167893
 20
158.20857540906445
 30
0.0
 40
3.5
 71
5
  1
40
  7
OpenSansCondensed-Light
 50
90.0
  0
POINT
  5
58A
330
57F
100
AcDbEntity
  8
Defpoints
100
AcDbPoint
 10
109.29999925167894
 20
138.20857540906445
 30
0.0
  0
POINT
  5
58B
330
57F
100
AcDbEntity
  8
Defpoints
100
AcDbPoint
 10
100.29999925167894
 20
138.20857540906445
 30
0.0
  0
POINT
  5
58C
330
57F
100
AcDbEntity
  8
Defpoints
100
AcDbPoint
 10
100.29999925167894
 20
178.20857540906445
 30
0.0
  0
ENDBLK
  5
581
330
57F
100
AcDbEntity
  8
0
100
AcDbBlockEnd
  0
BLOCK
  5
A14
330
A13
100
AcDbEntity
  8
0
100
AcDbBlockBegin
  2
*D3
 70
1
 10
0.0
 20
0.0
 30
0.0
  3
*D3
  1

  0
LINE
  5
A16
330
A13
100
AcDbEntity
  8
0
100
AcDbLine
 10
101.29999925167894
 20
57.808573883185545
 30
0.0
 11
110.79999925167894
 21
57.808573883185545
 31
0.0
  0
LINE
  5
A17
330
A13
100
AcDbEntity
  8
0
100
AcDbLine
 10
101.29999925167894
 20
112.20857540906445
 30
0.0
 11
110.79999925167894
 21
112.20857540906445
 31
0.0
  0
INSERT
  5
A18
330
A13
100
AcDbEntity
  8
COTAS
100
AcDbBlockReference
  2
_CLOSEDFILLED
 10
109.29999925167894
 20
57.808573883185545
 30
0.0
 41
2.5
 42
2.5
 50
270.0
  0
INSERT
  5
A1A
330
A13
100
AcDbEntity
  8
COTAS
100
AcDbBlockReference
  2
_CLOSEDFILLED
 10
109.29999925167894
 20
112.20857540906445
 30
0.0
 41
2.5
 42
2.5
 50
90.0
  0
LINE
  5
A1C
330
A13
100
AcDbEntity
  8
0
100
AcDbLine
 10
109.29999925167894
 20
60.308573883185545
 30
0.0
 11
109.29999925167894
 21
109.70857540906445
 31
0.0
  0
MTEXT
  5
A1D
330
A13
100
AcDbEntity
  8
COTAS
100
AcDbMText
 10
106.64999925167893
 20
85.008574646125
 30
0.0
 40
3.5
 71
5
  1
54.4
  7
OpenSansCondensed-Light
 50
90.0
  0
POINT
  5
A1E
330
A13
100
AcDbEntity
  8
Defpoints
100
AcDbPoint
 10
109.29999925167894
 20
57.808573883185545
 30
0.0
  0
POINT
  5
A1F
330
A13
100
AcDbEntity
  8
Defpoints
100
AcDbPoint
 10
100.29999925167894
 20
57.808573883185545
 30
0.0
  0
POINT
  5
A20
330
A13
100
AcDbEntity
  8
Defpoints
100
AcDbPoint
 10
100.29999925167894
 20
112.20857540906445
 30
0.0
  0
ENDBLK
  5
A15
330
A13
100
AcDbEntity
  8
0
100
AcDbBlockEnd
  0
ENDSEC
  0
SECTION
  2
ENTITIES
  0
LINE
  5
92
330
17
100
AcDbEntity
  8
VISIBLE
100
AcDbLine
 10
52.64995576413011
 20
144.20857540906445
 30
0.0
 11
51.52078820736742
 21
144.20857540906445
 31
0.0
  0
LINE
  5
93
330
17
100
AcDbEntity
  8
VISIBLE
100
AcDbLine
 10
50.48402596981859
 20
144.20857540906445
 30
0.0
 11
51.52078820736742
 21
144.20857540906445
 31
0.0
  0
LINE
  5
94
330
17
100
AcDbEntity
  8
VISIBLE
100
AcDbLine
 10
52.64995576413011
 20
147.20857540906445
 30
0.0
 11
51.52078820736742
 21
147.20857540906445
 31
0.0
  0
LINE
  5
95
330
17
100
AcDbEntity
  8
VISIBLE
100
AcDbLine
 10
50.48402596981859
 20
147.20857540906445
 30
0.0
 11
51.52078820736742
 21
147.20857540906445
 31
0.0
  0
LINE
  5
96
330
17
100
AcDbEntity
  8
VISIBLE
100
AcDbLine
 10
55.165792479828355
 20
144.20857540906445
 30
0.0
 11
56.541687026337144
 21
144.20857540906445
 31
0.0
  0
LINE
  5
97
330
17
100
AcDbEntity
  8
VISIBLE
100
AcDbLine
 10
56.541687026337144
 20
144.20857540906445
 30
0.0
 11
57.988488211945054
 21
144.20857540906445
 31
0.0
  0
LINE
  5
98
330
17
100
AcDbEntity
  8
VISIBLE
100
AcDbLine
 10
55.165792479828355
 20
147.20857540906445
 30
0.0
 11
56.541687026337144
 21
147.20857540906445
 31
0.0
  0
LINE
  5
99
330
17
100
AcDbEntity
  8
VISIBLE
100
AcDbLine
 10
56.541687026337144
 20
147.20857540906445
 30
0.0
 11
57.988488211945054
 21
147.20857540906445
 31
0.0
  0
LINE
  5
9A
330
17
100
AcDbEntity
  8
VISIBLE
100
AcDbLine
 10
52.64995576413011
 20
144.20857540906445
 30
0.0
 11
53.866693511322495
 21
144.20857540906445
 31
0.0
  0
LINE
  5
9B
330
17
100
AcDbEntity
  8
VISIBLE
100
AcDbLine
 10
55.165792479828355
 20
144.20857540906445
 30
0.0
 11
53.866693511322495
 21
144.20857540906445
 31
0.0
  0
LINE
  5
9C
330
17
100
AcDbEntity
  8
VISIBLE
100
AcDbLine
 10
52.64995576413011
 20
147.20857540906445
 30
0.0
 11
53.866693511322495
 21
147.20857540906445
 31
0.0
  0
LINE
  5
9D
330
17
100
AcDbEntity
  8
VISIBLE
100
AcDbLine
 10
55.165792479828355
 20
147.20857540906445
 30
0.0
 11
53.866693511322495
 21
147.20857540906445
 31
0.0
  0
LINE
  5
9E
330
17
100
AcDbEntity
  8
VISIBLE
100
AcDbLine
 10
57.40222837002611
 20
147.20857540906445
 30
0.0
 11
56.40915490658617
 21
147.20857540906445
 31
0.0
  0
LINE
  5
9F
330
17
100
AcDbEntity
  8
VISIBLE
100
AcDbLine
 10
57.40222837002611
 20
147.20857540906445
 30
0.0
 11
58.462521567657944
 21
147.20857540906445
 31
0.0
  0
LINE
  5
A0
330
17
100
AcDbEntity
  8
VISIBLE
100
AcDbLine
 10
48.705059066132065
 20
144.20857540906445
 30
0.0
 11
47.970474257782456
 21
144.20857540906445
 31
0.0
  0
LINE
  5
A1
330
17
100
AcDbEntity
  8
VISIBLE
100
AcDbLine
 10
48.705059066132065
 20
147.20857540906445
 30
0.0
 11
47.970474257782456
 21
147.20857540906445
 31
0.0
  0
LINE
  5
A2
330
17
100
AcDbEntity
  8
VISIBLE
100
AcDbLine
 10
47.970474257782456
 20
144.20857540906445
 30
0.0
 11
47.34349824459886
 21
144.20857540906445
 31
0.0
  0
LINE
  5
A3
330
17
100
AcDbEntity
  8
VISIBLE
100
AcDbLine
 10
47.34349824459886
 20
144.20857540906445
 30
0.0
 11
46.826816573456284
 21
144.20857540906445
 31
0.0
  0
LINE
  5
A4
330
17
100
AcDbEntity
  8
VISIBLE
100
AcDbLine
 10
47.970474257782456
 20
147.20857540906445
 30
0.0
 11
47.34349824459886
 21
147.20857540906445
 31
0.0
  0
LINE
  5
A5
330
17
100
AcDbEntity
  8
VISIBLE
100
AcDbLine
 10
47.34349824459886
 20
147.20857540906445
 30
0.0
 11
46.826816573456284
 21
147.20857540906445
 31
0.0
  0
LINE
  5
A6
330
17
100
AcDbEntity
  8
VISIBLE
100
AcDbLine
 10
50.48402596981859
 20
144.20857540906445
 30
0.0
 11
49.54410745175218
 21
144.20857540906445
 31
0.0
  0
LINE
  5
A7
330
17
100
AcDbEntity
  8
VISIBLE
100
AcDbLine
 10
48.705059066132065
 20
144.20857540906445
 30
0.0
 11
49.54410745175218
 21
144.20857540906445
 31
0.0
  0
LINE
  5
A8
330
17
100
AcDbEntity
  8
VISIBLE
100
AcDbLine
 10
50.48402596981859
 20
147.20857540906445
 30
0.0
 11
49.54410745175218
 21
147.20857540906445
 31
0.0
  0
LINE
  5
A9
330
17
100
AcDbEntity
  8
VISIBLE
100
AcDbLine
 10
48.705059066132065
 20
147.20857540906445
 30
0.0
 11
49.54410745175218
 21
147.20857540906445
 31
0.0
  0
LINE
  5
AA
330
17
100
AcDbEntity
  8
VISIBLE
100
AcDbLine
 10
52.589872374847886
 20
147.20857540906445
 30
0.0
 11
52.07814981015062
 21
147.20857540906445
 31
0.0
  0
LINE
  5
AB
330
17
100
AcDbEntity
  8
VISIBLE
100
AcDbLine
 10
46.826816573456284
 20
144.20857540906445
 30
0.0
 11
46.42263795407152
 21
144.20857540906445
 31
0.0
  0
LINE
  5
AC
330
17
100
AcDbEntity
  8
VISIBLE
100
AcDbLine
 10
46.42263795407152
 20
144.20857540906445
 30
0.0
 11
46.132698073700425
 21
144.20857540906445
 31
0.0
  0
LINE
  5
AD
330
17
100
AcDbEntity
  8
VISIBLE
100
AcDbLine
 10
46.826816573456284
 20
147.20857540906445
 30
0.0
 11
46.42263795407152
 21
147.20857540906445
 31
0.0
  0
LINE
  5
AE
330
17
100
AcDbEntity
  8
VISIBLE
100
AcDbLine
 10
46.42263795407152
 20
147.20857540906445
 30
0.0
 11
46.132698073700425
 21
147.20857540906445
 31
0.0
  0
LINE
  5
AF
330
17
100
AcDbEntity
  8
VISIBLE
100
AcDbLine
 10
46.132698073700425
 20
144.20857540906445
 30
0.0
 11
45.95823670895433
 21
144.20857540906445
 31
0.0
  0
LINE
  5
B0
330
17
100
AcDbEntity
  8
VISIBLE
100
AcDbLine
 10
46.132698073700425
 20
147.20857540906445
 30
0.0
 11
45.95823670895433
 21
147.20857540906445
 31
0.0
  0
LINE
  5
B1
330
17
100
AcDbEntity
  8
VISIBLE
100
AcDbLine
 10
52.07814981015062
 20
147.20857540906445
 30
0.0
 11
51.65644456417894
 21
147.20857540906445
 31
0.0
  0
LINE
  5
B2
330
17
100
AcDbEntity
  8
VISIBLE
100
AcDbLine
 10
51.65644456417894
 20
147.20857540906445
 30
0.0
 11
51.32656480343675
 21
147.20857540906445
 31
0.0
  0
LINE
  5
B3
330
17
100
AcDbEntity
  8
VISIBLE
100
AcDbLine
 10
51.32656480343675
 20
147.20857540906445
 30
0.0
 11
51.08992196591234
 21
147.20857540906445
 31
0.0
  0
LINE
  5
B4
330
17
100
AcDbEntity
  8
VISIBLE
100
AcDbLine
 10
50.947530761078355
 20
147.20857540906445
 30
0.0
 11
51.08992196591234
 21
147.20857540906445
 31
0.0
  0
LINE
  5
B5
330
17
100
AcDbEntity
  8
VISIBLE
100
AcDbLine
 10
53.874235167816636
 20
147.20857540906445
 30
0.0
 11
54.641372695282456
 21
147.20857540906445
 31
0.0
  0
LINE
  5
B6
330
17
100
AcDbEntity
  8
VISIBLE
100
AcDbLine
 10
56.40915490658617
 20
147.20857540906445
 30
0.0
 11
55.48755456478929
 21
147.20857540906445
 31
0.0
  0
LINE
  5
B7
330
17
100
AcDbEntity
  8
VISIBLE
100
AcDbLine
 10
54.641372695282456
 20
147.20857540906445
 30
0.0
 11
55.48755456478929
 21
147.20857540906445
 31
0.0
  0
LINE
  5
B8
330
17
100
AcDbEntity
  8
VISIBLE
100
AcDbLine
 10
52.589872374847886
 20
147.20857540906445
 30
0.0
 11
53.1894245293889
 21
147.20857540906445
 31
0.0
  0
LINE
  5
B9
330
17
100
AcDbEntity
  8
VISIBLE
100
AcDbLine
 10
53.874235167816636
 20
147.20857540906445
 30
0.0
 11
53.1894245293889
 21
147.20857540906445
 31
0.0
  0
LINE
  5
BA
330
17
100
AcDbEntity
  8
VISIBLE
100
AcDbLine
 10
52.21516610653734
 20
149.20857540906445
 30
0.0
 11
52.07814981015062
 21
149.20857540906445
 31
0.0
  0
LINE
  5
BB
330
17
100
AcDbEntity
  8
VISIBLE
100
AcDbLine
 10
52.07814981015062
 20
149.20857540906445
 30
0.0
 11
51.65644456417894
 21
149.20857540906445
 31
0.0
  0
LINE
  5
BC
330
17
100
AcDbEntity
  8
VISIBLE
100
AcDbLine
 10
51.65644456417894
 20
149.20857540906445
 30
0.0
 11
51.32656480343675
 21
149.20857540906445
 31
0.0
  0
LINE
  5
BD
330
17
100
AcDbEntity
  8
VISIBLE
100
AcDbLine
 10
51.32656480343675
 20
149.20857540906445
 30
0.0
 11
51.08992196591234
 21
149.20857540906445
 31
0.0
  0
LINE
  5
BE
330
17
100
AcDbEntity
  8
VISIBLE
100
AcDbLine
 10
50.947530761078355
 20
149.20857540906445
 30
0.0
 11
51.08992196591234
 21
149.20857540906445
 31
0.0
  0
LINE
  5
BF
330
17
100
AcDbEntity
  8
VISIBLE
100
AcDbLine
 10
61.06974603207445
 20
144.20857540906445
 30
0.0
 11
62.69100953610277
 21
144.20857540906445
 31
0.0
  0
LINE
  5
C0
330
17
100
AcDbEntity
  8
VISIBLE
100
AcDbLine
 10
61.06974603207445
 20
147.20857540906445
 30
0.0
 11
62.69100953610277
 21
147.20857540906445
 31
0.0
  0
LINE
  5
C1
330
17
100
AcDbEntity
  8
VISIBLE
100
AcDbLine
 10
57.988488211945054
 20
144.20857540906445
 30
0.0
 11
59.49999810726976
 21
144.20857540906445
 31
0.0
  0
LINE
  5
C2
330
17
100
AcDbEntity
  8
VISIBLE
100
AcDbLine
 10
61.06974603207445
 20
144.20857540906445
 30
0.0
 11
59.49999810726976
 21
144.20857540906445
 31
0.0
  0
LINE
  5
C3
330
17
100
AcDbEntity
  8
VISIBLE
100
AcDbLine
 10
57.988488211945054
 20
147.20857540906445
 30
0.0
 11
59.49999810726976
 21
147.20857540906445
 31
0.0
  0
LINE
  5
C4
330
17
100
AcDbEntity
  8
VISIBLE
100
AcDbLine
 10
61.06974603207445
 20
147.20857540906445
 30
0.0
 11
59.49999810726976
 21
147.20857540906445
 31
0.0
  0
LINE
  5
C5
330
17
100
AcDbEntity
  8
VISIBLE
100
AcDbLine
 10
62.69100953610277
 20
144.20857540906445
 30
0.0
 11
64.35684491665697
 21
144.20857540906445
 31
0.0
  0
LINE
  5
C6
330
17
100
AcDbEntity
  8
VISIBLE
100
AcDbLine
 10
64.35684491665697
 20
144.20857540906445
 30
0.0
 11
66.06012059719896
 21
144.20857540906445
 31
0.0
  0
LINE
  5
C7
330
17
100
AcDbEntity
  8
VISIBLE
100
AcDbLine
 10
62.69100953610277
 20
147.20857540906445
 30
0.0
 11
64.35684491665697
 21
147.20857540906445
 31
0.0
  0
LINE
  5
C8
330
17
100
AcDbEntity
  8
VISIBLE
100
AcDbLine
 10
64.35684491665697
 20
147.20857540906445
 30
0.0
 11
66.06012059719896
 21
147.20857540906445
 31
0.0
  0
LINE
  5
C9
330
17
100
AcDbEntity
  8
VISIBLE
100
AcDbLine
 10
64.60442639859056
 20
147.20857540906445
 30
0.0
 11
65.96404220135545
 21
147.20857540906445
 31
0.0
  0
LINE
  5
CA
330
17
100
AcDbEntity
  8
VISIBLE
100
AcDbLine
 10
58.462521567657944
 20
147.20857540906445
 30
0.0
 11
59.58549500973558
 21
147.20857540906445
 31
0.0
  0
LINE
  5
CB
330
17
100
AcDbEntity
  8
VISIBLE
100
AcDbLine
 10
59.58549500973558
 20
147.20857540906445
 30
0.0
 11
60.76633931668138
 21
147.20857540906445
 31
0.0
  0
LINE
  5
CC
330
17
100
AcDbEntity
  8
VISIBLE
100
AcDbLine
 10
60.76633931668138
 20
147.20857540906445
 30
0.0
 11
61.99999810726976
 21
147.20857540906445
 31
0.0
  0
LINE
  5
CD
330
17
100
AcDbEntity
  8
VISIBLE
100
AcDbLine
 10
64.60442639859056
 20
147.20857540906445
 30
0.0
 11
63.28118993313646
 21
147.20857540906445
 31
0.0
  0
LINE
  5
CE
330
17
100
AcDbEntity
  8
VISIBLE
100
AcDbLine
 10
61.99999810726976
 20
147.20857540906445
 30
0.0
 11
63.28118993313646
 21
147.20857540906445
 31
0.0
  0
LINE
  5
CF
330
17
100
AcDbEntity
  8
VISIBLE
100
AcDbLine
 10
66.06012059719896
 20
144.20857540906445
 30
0.0
 11
67.79354192288255
 21
144.20857540906445
 31
0.0
  0
LINE
  5
D0
330
17
100
AcDbEntity
  8
VISIBLE
100
AcDbLine
 10
67.79354192288255
 20
144.20857540906445
 30
0.0
 11
69.549685969666
 21
144.20857540906445
 31
0.0
  0
LINE
  5
D1
330
17
100
AcDbEntity
  8
VISIBLE
100
AcDbLine
 10
66.06012059719896
 20
147.20857540906445
 30
0.0
 11
67.79354192288255
 21
147.20857540906445
 31
0.0
  0
LINE
  5
D2
330
17
100
AcDbEntity
  8
VISIBLE
100
AcDbLine
 10
67.79354192288255
 20
147.20857540906445
 30
0.0
 11
69.549685969666
 21
147.20857540906445
 31
0.0
  0
LINE
  5
D3
330
17
100
AcDbEntity
  8
VISIBLE
100
AcDbLine
 10
65.96404220135545
 20
147.20857540906445
 30
0.0
 11
67.35421563656664
 21
147.20857540906445
 31
0.0
  0
LINE
  5
D4
330
17
100
AcDbEntity
  8
VISIBLE
100
AcDbLine
 10
67.35421563656664
 20
147.20857540906445
 30
0.0
 11
68.76899339230394
 21
147.20857540906445
 31
0.0
  0
LINE
  5
D5
330
17
100
AcDbEntity
  8
VISIBLE
100
AcDbLine
 10
69.549685969666
 20
144.20857540906445
 30
0.0
 11
71.32103337319231
 21
144.20857540906445
 31
0.0
  0
LINE
  5
D6
330
17
100
AcDbEntity
  8
VISIBLE
100
AcDbLine
 10
71.32103337319231
 20
144.20857540906445
 30
0.0
 11
73.09999848873949
 21
144.20857540906445
 31
0.0
  0
LINE
  5
D7
330
17
100
AcDbEntity
  8
VISIBLE
100
AcDbLine
 10
69.549685969666
 20
147.20857540906445
 30
0.0
 11
71.32103337319231
 21
147.20857540906445
 31
0.0
  0
LINE
  5
D8
330
17
100
AcDbEntity
  8
VISIBLE
100
AcDbLine
 10
71.32103337319231
 20
147.20857540906445
 30
0.0
 11
73.09999848873949
 21
147.20857540906445
 31
0.0
  0
LINE
  5
D9
330
17
100
AcDbEntity
  8
VISIBLE
100
AcDbLine
 10
68.76899339230394
 20
147.20857540906445
 30
0.0
 11
70.20231701405382
 21
147.20857540906445
 31
0.0
  0
LINE
  5
DA
330
17
100
AcDbEntity
  8
VISIBLE
100
AcDbLine
 10
70.20231701405382
 20
147.20857540906445
 30
0.0
 11
71.64804901154375
 21
147.20857540906445
 31
0.0
  0
LINE
  5
DB
330
17
100
AcDbEntity
  8
VISIBLE
100
AcDbLine
 10
71.64804901154375
 20
147.20857540906445
 30
0.0
 11
73.09999848873949
 21
147.20857540906445
 31
0.0
  0
LINE
  5
DC
330
17
100
AcDbEntity
  8
VISIBLE
100
AcDbLine
 10
65.59999848873949
 20
149.20857540906445
 30
0.0
 11
65.96404220135545
 21
149.20857540906445
 31
0.0
  0
LINE
  5
DD
330
17
100
AcDbEntity
  8
VISIBLE
100
AcDbLine
 10
65.96404220135545
 20
149.20857540906445
 30
0.0
 11
67.35421563656664
 21
149.20857540906445
 31
0.0
  0
LINE
  5
DE
330
17
100
AcDbEntity
  8
VISIBLE
100
AcDbLine
 10
67.35421563656664
 20
149.20857540906445
 30
0.0
 11
68.76899339230394
 21
149.20857540906445
 31
0.0
  0
LINE
  5
DF
330
17
100
AcDbEntity
  8
VISIBLE
100
AcDbLine
 10
68.76899339230394
 20
149.20857540906445
 30
0.0
 11
70.20231701405382
 21
149.20857540906445
 31
0.0
  0
LINE
  5
E0
330
17
100
AcDbEntity
  8
VISIBLE
100
AcDbLine
 10
70.20231701405382
 20
149.20857540906445
 30
0.0
 11
71.64804901154375
 21
149.20857540906445
 31
0.0
  0
LINE
  5
E1
330
17
100
AcDbEntity
  8
VISIBLE
100
AcDbLine
 10
71.64804901154375
 20
149.20857540906445
 30
0.0
 11
73.09999848873949
 21
149.20857540906445
 31
0.0
  0
LINE
  5
E2
330
17
100
AcDbEntity
  8
VISIBLE
100
AcDbLine
 10
57.40222837002611
 20
178.20857540906445
 30
0.0
 11
56.40915490658617
 21
178.20857540906445
 31
0.0
  0
LINE
  5
E3
330
17
100
AcDbEntity
  8
VISIBLE
100
AcDbLine
 10
57.40222837002611
 20
178.20857540906445
 30
0.0
 11
58.462521567657944
 21
178.20857540906445
 31
0.0
  0
LINE
  5
E4
330
17
100
AcDbEntity
  8
VISIBLE
100
AcDbLine
 10
52.21516610653734
 20
149.20857540906445
 30
0.0
 11
52.21516610653734
 21
161.20857540906445
 31
0.0
  0
LINE
  5
E5
330
17
100
AcDbEntity
  8
VISIBLE
100
AcDbLine
 10
52.21516610653734
 20
161.20857540906445
 30
0.0
 11
52.07814981015062
 21
161.20857540906445
 31
0.0
  0
LINE
  5
E6
330
17
100
AcDbEntity
  8
VISIBLE
100
AcDbLine
 10
52.07814981015062
 20
161.20857540906445
 30
0.0
 11
51.65644456417894
 21
161.20857540906445
 31
0.0
  0
LINE
  5
E7
330
17
100
AcDbEntity
  8
VISIBLE
100
AcDbLine
 10
51.65644456417894
 20
161.20857540906445
 30
0.0
 11
51.32656480343675
 21
161.20857540906445
 31
0.0
  0
LINE
  5
E8
330
17
100
AcDbEntity
  8
VISIBLE
100
AcDbLine
 10
51.32656480343675
 20
161.20857540906445
 30
0.0
 11
51.08992196591234
 21
161.20857540906445
 31
0.0
  0
LINE
  5
E9
330
17
100
AcDbEntity
  8
VISIBLE
100
AcDbLine
 10
50.947530761078355
 20
161.20857540906445
 30
0.0
 11
51.08992196591234
 21
161.20857540906445
 31
0.0
  0
LINE
  5
EA
330
17
100
AcDbEntity
  8
VISIBLE
100
AcDbLine
 10
52.589872374847886
 20
178.20857540906445
 30
0.0
 11
52.07814981015062
 21
178.20857540906445
 31
0.0
  0
LINE
  5
EB
330
17
100
AcDbEntity
  8
VISIBLE
100
AcDbLine
 10
52.07814981015062
 20
178.20857540906445
 30
0.0
 11
51.65644456417894
 21
178.20857540906445
 31
0.0
  0
LINE
  5
EC
330
17
100
AcDbEntity
  8
VISIBLE
100
AcDbLine
 10
51.65644456417894
 20
178.20857540906445
 30
0.0
 11
51.32656480343675
 21
178.20857540906445
 31
0.0
  0
LINE
  5
ED
330
17
100
AcDbEntity
  8
VISIBLE
100
AcDbLine
 10
51.32656480343675
 20
178.20857540906445
 30
0.0
 11
51.08992196591234
 21
178.20857540906445
 31
0.0
  0
LINE
  5
EE
330
17
100
AcDbEntity
  8
VISIBLE
100
AcDbLine
 10
50.947530761078355
 20
178.20857540906445
 30
0.0
 11
51.08992196591234
 21
178.20857540906445
 31
0.0
  0
LINE
  5
EF
330
17
100
AcDbEntity
  8
VISIBLE
100
AcDbLine
 10
53.874235167816636
 20
178.20857540906445
 30
0.0
 11
54.641372695282456
 21
178.20857540906445
 31
0.0
  0
LINE
  5
F0
330
17
100
AcDbEntity
  8
VISIBLE
100
AcDbLine
 10
56.40915490658617
 20
178.20857540906445
 30
0.0
 11
55.48755456478929
 21
178.20857540906445
 31
0.0
  0
LINE
  5
F1
330
17
100
AcDbEntity
  8
VISIBLE
100
AcDbLine
 10
54.641372695282456
 20
178.20857540906445
 30
0.0
 11
55.48755456478929
 21
178.20857540906445
 31
0.0
  0
LINE
  5
F2
330
17
100
AcDbEntity
  8
VISIBLE
100
AcDbLine
 10
52.589872374847886
 20
178.20857540906445
 30
0.0
 11
53.1894245293889
 21
178.20857540906445
 31
0.0
  0
LINE
  5
F3
330
17
100
AcDbEntity
  8
VISIBLE
100
AcDbLine
 10
53.874235167816636
 20
178.20857540906445
 30
0.0
 11
53.1894245293889
 21
178.20857540906445
 31
0.0
  0
LINE
  5
F4
330
17
100
AcDbEntity
  8
VISIBLE
100
AcDbLine
 10
65.59999848873949
 20
149.20857540906445
 30
0.0
 11
65.59999848873949
 21
161.20857540906445
 31
0.0
  0
LINE
  5
F5
330
17
100
AcDbEntity
  8
VISIBLE
100
AcDbLine
 10
65.59999848873949
 20
161.20857540906445
 30
0.0
 11
65.96404220135545
 21
161.20857540906445
 31
0.0
  0
LINE
  5
F6
330
17
100
AcDbEntity
  8
VISIBLE
100
AcDbLine
 10
65.96404220135545
 20
161.20857540906445
 30
0.0
 11
67.35421563656664
 21
161.20857540906445
 31
0.0
  0
LINE
  5
F7
330
17
100
AcDbEntity
  8
VISIBLE
100
AcDbLine
 10
67.35421563656664
 20
161.20857540906445
 30
0.0
 11
68.76899339230394
 21
161.20857540906445
 31
0.0
  0
LINE
  5
F8
330
17
100
AcDbEntity
  8
VISIBLE
100
AcDbLine
 10
68.76899339230394
 20
161.20857540906445
 30
0.0
 11
70.20231701405382
 21
161.20857540906445
 31
0.0
  0
LINE
  5
F9
330
17
100
AcDbEntity
  8
VISIBLE
100
AcDbLine
 10
70.20231701405382
 20
161.20857540906445
 30
0.0
 11
71.64804901154375
 21
161.20857540906445
 31
0.0
  0
LINE
  5
FA
330
17
100
AcDbEntity
  8
VISIBLE
100
AcDbLine
 10
71.64804901154375
 20
161.20857540906445
 30
0.0
 11
73.09999848873949
 21
161.20857540906445
 31
0.0
  0
LINE
  5
FB
330
17
100
AcDbEntity
  8
VISIBLE
100
AcDbLine
 10
64.60442639859056
 20
178.20857540906445
 30
0.0
 11
65.96404220135545
 21
178.20857540906445
 31
0.0
  0
LINE
  5
FC
330
17
100
AcDbEntity
  8
VISIBLE
100
AcDbLine
 10
58.462521567657944
 20
178.20857540906445
 30
0.0
 11
59.58549500973558
 21
178.20857540906445
 31
0.0
  0
LINE
  5
FD
330
17
100
AcDbEntity
  8
VISIBLE
100
AcDbLine
 10
59.58549500973558
 20
178.20857540906445
 30
0.0
 11
60.76633931668138
 21
178.20857540906445
 31
0.0
  0
LINE
  5
FE
330
17
100
AcDbEntity
  8
VISIBLE
100
AcDbLine
 10
60.76633931668138
 20
178.20857540906445
 30
0.0
 11
61.99999810726976
 21
178.20857540906445
 31
0.0
  0
LINE
  5
FF
330
17
100
AcDbEntity
  8
VISIBLE
100
AcDbLine
 10
64.60442639859056
 20
178.20857540906445
 30
0.0
 11
63.28118993313646
 21
178.20857540906445
 31
0.0
  0
LINE
  5
100
330
17
100
AcDbEntity
  8
VISIBLE
100
AcDbLine
 10
61.99999810726976
 20
178.20857540906445
 30
0.0
 11
63.28118993313646
 21
178.20857540906445
 31
0.0
  0
LINE
  5
101
330
17
100
AcDbEntity
  8
VISIBLE
100
AcDbLine
 10
65.96404220135545
 20
178.20857540906445
 30
0.0
 11
67.35421563656664
 21
178.20857540906445
 31
0.0
  0
LINE
  5
102
330
17
100
AcDbEntity
  8
VISIBLE
100
AcDbLine
 10
67.35421563656664
 20
178.20857540906445
 30
0.0
 11
68.76899339230394
 21
178.20857540906445
 31
0.0
  0
LINE
  5
103
330
17
100
AcDbEntity
  8
VISIBLE
100
AcDbLine
 10
68.76899339230394
 20
178.20857540906445
 30
0.0
 11
70.20231701405382
 21
178.20857540906445
 31
0.0
  0
LINE
  5
104
330
17
100
AcDbEntity
  8
VISIBLE
100
AcDbLine
 10
70.20231701405382
 20
178.20857540906445
 30
0.0
 11
71.64804901154375
 21
178.20857540906445
 31
0.0
  0
LINE
  5
105
330
17
100
AcDbEntity
  8
VISIBLE
100
AcDbLine
 10
71.64804901154375
 20
178.20857540906445
 30
0.0
 11
73.09999848873949
 21
178.20857540906445
 31
0.0
  0
LINE
  5
106
330
17
100
AcDbEntity
  8
VISIBLE
100
AcDbLine
 10
45.95823670895433
 20
144.20857540906445
 30
0.0
 11
45.899997725800034
 21
144.20857540906445
 31
0.0
  0
LINE
  5
107
330
17
100
AcDbEntity
  8
VISIBLE
100
AcDbLine
 10
47.62237168820238
 20
138.20857540906445
 30
0.0
 11
47.62237168820238
 21
144.20857540906445
 31
0.0
  0
LINE
  5
108
330
17
100
AcDbEntity
  8
VISIBLE
100
AcDbLine
 10
45.95823670895433
 20
147.20857540906445
 30
0.0
 11
45.899997725800034
 21
147.20857540906445
 31
0.0
  0
LINE
  5
109
330
17
100
AcDbEntity
  8
VISIBLE
100
AcDbLine
 10
50.947530761078355
 20
147.20857540906445
 30
0.0
 11
50.899997725800034
 21
147.20857540906445
 31
0.0
  0
LINE
  5
10A
330
17
100
AcDbEntity
  8
VISIBLE
100
AcDbLine
 10
47.62237168820238
 20
138.20857540906445
 30
0.0
 11
57.62237073452806
 21
138.20857540906445
 31
0.0
  0
LINE
  5
10B
330
17
100
AcDbEntity
  8
VISIBLE
100
AcDbLine
 10
47.62237168820238
 20
144.20857540906445
 30
0.0
 11
57.62237073452806
 21
144.20857540906445
 31
0.0
  0
LINE
  5
10C
330
17
100
AcDbEntity
  8
VISIBLE
100
AcDbLine
 10
57.62237073452806
 20
138.20857540906445
 30
0.0
 11
57.62237073452806
 21
144.20857540906445
 31
0.0
  0
LINE
  5
10D
330
17
100
AcDbEntity
  8
VISIBLE
100
AcDbLine
 10
56.899997725800034
 20
147.20857540906445
 30
0.0
 11
56.93468476803636
 21
147.20857540906445
 31
0.0
  0
LINE
  5
10E
330
17
100
AcDbEntity
  8
VISIBLE
100
AcDbLine
 10
56.93468476803636
 20
147.20857540906445
 30
0.0
 11
57.03859139950609
 21
147.20857540906445
 31
0.0
  0
LINE
  5
10F
330
17
100
AcDbEntity
  8
VISIBLE
100
AcDbLine
 10
57.03859139950609
 20
147.20857540906445
 30
0.0
 11
57.211277022675034
 21
147.20857540906445
 31
0.0
  0
LINE
  5
110
330
17
100
AcDbEntity
  8
VISIBLE
100
AcDbLine
 10
57.211277022675034
 20
147.20857540906445
 30
0.0
 11
57.451999678925034
 21
147.20857540906445
 31
0.0
  0
LINE
  5
111
330
17
100
AcDbEntity
  8
VISIBLE
100
AcDbLine
 10
57.451999678925034
 20
147.20857540906445
 30
0.0
 11
57.75973035366869
 21
147.20857540906445
 31
0.0
  0
LINE
  5
112
330
17
100
AcDbEntity
  8
VISIBLE
100
AcDbLine
 10
57.75973035366869
 20
147.20857540906445
 30
0.0
 11
58.1331501153264
 21
147.20857540906445
 31
0.0
  0
LINE
  5
113
330
17
100
AcDbEntity
  8
VISIBLE
100
AcDbLine
 10
58.1331501153264
 20
147.20857540906445
 30
0.0
 11
58.570659652069565
 21
147.20857540906445
 31
0.0
  0
LINE
  5
114
330
17
100
AcDbEntity
  8
VISIBLE
100
AcDbLine
 10
58.570659652069565
 20
147.20857540906445
 30
0.0
 11
59.07038690121507
 21
147.20857540906445
 31
0.0
  0
LINE
  5
115
330
17
100
AcDbEntity
  8
VISIBLE
100
AcDbLine
 10
50.947530761078355
 20
149.20857540906445
 30
0.0
 11
50.899997725800034
 21
149.20857540906445
 31
0.0
  0
LINE
  5
116
330
17
100
AcDbEntity
  8
VISIBLE
100
AcDbLine
 10
56.899997725800034
 20
149.20857540906445
 30
0.0
 11
56.93468476803636
 21
149.20857540906445
 31
0.0
  0
LINE
  5
117
330
17
100
AcDbEntity
  8
VISIBLE
100
AcDbLine
 10
56.93468476803636
 20
149.20857540906445
 30
0.0
 11
57.03859139950609
 21
149.20857540906445
 31
0.0
  0
LINE
  5
118
330
17
100
AcDbEntity
  8
VISIBLE
100
AcDbLine
 10
57.03859139950609
 20
149.20857540906445
 30
0.0
 11
57.211277022675034
 21
149.20857540906445
 31
0.0
  0
LINE
  5
119
330
17
100
AcDbEntity
  8
VISIBLE
100
AcDbLine
 10
57.211277022675034
 20
149.20857540906445
 30
0.0
 11
57.451999678925034
 21
149.20857540906445
 31
0.0
  0
LINE
  5
11A
330
17
100
AcDbEntity
  8
VISIBLE
100
AcDbLine
 10
57.451999678925034
 20
149.20857540906445
 30
0.0
 11
57.75973035366869
 21
149.20857540906445
 31
0.0
  0
LINE
  5
11B
330
17
100
AcDbEntity
  8
VISIBLE
100
AcDbLine
 10
57.75973035366869
 20
149.20857540906445
 30
0.0
 11
58.1331501153264
 21
149.20857540906445
 31
0.0
  0
LINE
  5
11C
330
17
100
AcDbEntity
  8
VISIBLE
100
AcDbLine
 10
58.1331501153264
 20
149.20857540906445
 30
0.0
 11
58.570659652069565
 21
149.20857540906445
 31
0.0
  0
LINE
  5
11D
330
17
100
AcDbEntity
  8
VISIBLE
100
AcDbLine
 10
52.21516610653734
 20
149.20857540906445
 30
0.0
 11
58.74967958004808
 21
149.20857540906445
 31
0.0
  0
LINE
  5
11E
330
17
100
AcDbEntity
  8
VISIBLE
100
AcDbLine
 10
58.570659652069565
 20
149.20857540906445
 30
0.0
 11
58.74967958004808
 21
149.20857540906445
 31
0.0
  0
LINE
  5
11F
330
17
100
AcDbEntity
  8
VISIBLE
100
AcDbLine
 10
59.07038690121507
 20
147.20857540906445
 30
0.0
 11
59.63019086392259
 21
147.20857540906445
 31
0.0
  0
LINE
  5
120
330
17
100
AcDbEntity
  8
VISIBLE
100
AcDbLine
 10
59.63019086392259
 20
147.20857540906445
 30
0.0
 11
60.24767400296068
 21
147.20857540906445
 31
0.0
  0
LINE
  5
121
330
17
100
AcDbEntity
  8
VISIBLE
100
AcDbLine
 10
60.24767400296068
 20
147.20857540906445
 30
0.0
 11
60.92019368679857
 21
147.20857540906445
 31
0.0
  0
LINE
  5
122
330
17
100
AcDbEntity
  8
VISIBLE
100
AcDbLine
 10
60.92019368679857
 20
147.20857540906445
 30
0.0
 11
61.6448688653264
 21
147.20857540906445
 31
0.0
  0
LINE
  5
123
330
17
100
AcDbEntity
  8
VISIBLE
100
AcDbLine
 10
61.6448688653264
 20
147.20857540906445
 30
0.0
 11
62.41859628231859
 21
147.20857540906445
 31
0.0
  0
LINE
  5
124
330
17
100
AcDbEntity
  8
VISIBLE
100
AcDbLine
 10
62.41859628231859
 20
147.20857540906445
 30
0.0
 11
63.23806287319994
 21
147.20857540906445
 31
0.0
  0
LINE
  5
125
330
17
100
AcDbEntity
  8
VISIBLE
100
AcDbLine
 10
63.23806287319994
 20
147.20857540906445
 30
0.0
 11
64.0997610238347
 21
147.20857540906445
 31
0.0
  0
LINE
  5
126
330
17
100
AcDbEntity
  8
VISIBLE
100
AcDbLine
 10
64.0997610238347
 20
147.20857540906445
 30
0.0
 11
64.99999810726976
 21
147.20857540906445
 31
0.0
  0
LINE
  5
127
330
17
100
AcDbEntity
  8
VISIBLE
100
AcDbLine
 10
64.99999810726976
 20
147.20857540906445
 30
0.0
 11
65.93492175610399
 21
147.20857540906445
 31
0.0
  0
LINE
  5
128
330
17
100
AcDbEntity
  8
VISIBLE
100
AcDbLine
 10
65.93492175610399
 20
147.20857540906445
 30
0.0
 11
66.90052701504564
 21
147.20857540906445
 31
0.0
  0
LINE
  5
129
330
17
100
AcDbEntity
  8
VISIBLE
100
AcDbLine
 10
66.90052701504564
 20
147.20857540906445
 30
0.0
 11
67.89267922909593
 21
147.20857540906445
 31
0.0
  0
LINE
  5
12A
330
17
100
AcDbEntity
  8
VISIBLE
100
AcDbLine
 10
67.89267922909593
 20
147.20857540906445
 30
0.0
 11
68.90712977917528
 21
147.20857540906445
 31
0.0
  0
LINE
  5
12B
330
17
100
AcDbEntity
  8
VISIBLE
100
AcDbLine
 10
68.90712977917528
 20
147.20857540906445
 30
0.0
 11
69.9395351556096
 21
147.20857540906445
 31
0.0
  0
LINE
  5
12C
330
17
100
AcDbEntity
  8
VISIBLE
100
AcDbLine
 10
69.9395351556096
 20
147.20857540906445
 30
0.0
 11
70.98547412426805
 21
147.20857540906445
 31
0.0
  0
LINE
  5
12D
330
17
100
AcDbEntity
  8
VISIBLE
100
AcDbLine
 10
70.98547412426805
 20
147.20857540906445
 30
0.0
 11
72.04046775372362
 21
147.20857540906445
 31
0.0
  0
LINE
  5
12E
330
17
100
AcDbEntity
  8
VISIBLE
100
AcDbLine
 10
65.59999848873949
 20
149.20857540906445
 30
0.0
 11
65.93492175610399
 21
149.20857540906445
 31
0.0
  0
LINE
  5
12F
330
17
100
AcDbEntity
  8
VISIBLE
100
AcDbLine
 10
65.93492175610399
 20
149.20857540906445
 30
0.0
 11
66.90052701504564
 21
149.20857540906445
 31
0.0
  0
LINE
  5
130
330
17
100
AcDbEntity
  8
VISIBLE
100
AcDbLine
 10
66.90052701504564
 20
149.20857540906445
 30
0.0
 11
67.89267922909593
 21
149.20857540906445
 31
0.0
  0
LINE
  5
131
330
17
100
AcDbEntity
  8
VISIBLE
100
AcDbLine
 10
67.89267922909593
 20
149.20857540906445
 30
0.0
 11
68.90712977917528
 21
149.20857540906445
 31
0.0
  0
LINE
  5
132
330
17
100
AcDbEntity
  8
VISIBLE
100
AcDbLine
 10
68.90712977917528
 20
149.20857540906445
 30
0.0
 11
69.9395351556096
 21
149.20857540906445
 31
0.0
  0
LINE
  5
133
330
17
100
AcDbEntity
  8
VISIBLE
100
AcDbLine
 10
69.9395351556096
 20
149.20857540906445
 30
0.0
 11
70.98547412426805
 21
149.20857540906445
 31
0.0
  0
LINE
  5
134
330
17
100
AcDbEntity
  8
VISIBLE
100
AcDbLine
 10
70.98547412426805
 20
149.20857540906445
 30
0.0
 11
72.04046775372362
 21
149.20857540906445
 31
0.0
  0
LINE
  5
135
330
17
100
AcDbEntity
  8
VISIBLE
100
AcDbLine
 10
50.947530761078355
 20
161.20857540906445
 30
0.0
 11
50.899997725800034
 21
161.20857540906445
 31
0.0
  0
LINE
  5
136
330
17
100
AcDbEntity
  8
VISIBLE
100
AcDbLine
 10
52.21516610653734
 20
149.20857540906445
 30
0.0
 11
52.21516610653734
 21
161.20857540906445
 31
0.0
  0
LINE
  5
137
330
17
100
AcDbEntity
  8
VISIBLE
100
AcDbLine
 10
53.899997725800034
 20
161.20857540906445
 30
0.0
 11
53.94110681088304
 21
161.20857540906445
 31
0.0
  0
LINE
  5
138
330
17
100
AcDbEntity
  8
VISIBLE
100
AcDbLine
 10
53.94110681088304
 20
161.20857540906445
 30
0.0
 11
54.064256682709214
 21
161.20857540906445
 31
0.0
  0
LINE
  5
139
330
17
100
AcDbEntity
  8
VISIBLE
100
AcDbLine
 10
54.064256682709214
 20
161.20857540906445
 30
0.0
 11
54.268920913055894
 21
161.20857540906445
 31
0.0
  0
LINE
  5
13A
330
17
100
AcDbEntity
  8
VISIBLE
100
AcDbLine
 10
54.268920913055894
 20
161.20857540906445
 30
0.0
 11
54.55422212155199
 21
161.20857540906445
 31
0.0
  0
LINE
  5
13B
330
17
100
AcDbEntity
  8
VISIBLE
100
AcDbLine
 10
54.55422212155199
 20
161.20857540906445
 30
0.0
 11
54.918939605072495
 21
161.20857540906445
 31
0.0
  0
LINE
  5
13C
330
17
100
AcDbEntity
  8
VISIBLE
100
AcDbLine
 10
55.430597319916245
 20
159.20857540906445
 30
0.0
 11
55.88004113705492
 21
159.20857540906445
 31
0.0
  0
LINE
  5
13D
330
17
100
AcDbEntity
  8
VISIBLE
100
AcDbLine
 10
54.918939605072495
 20
161.20857540906445
 30
0.0
 11
55.361511245087144
 21
161.20857540906445
 31
0.0
  0
LINE
  5
13E
330
17
100
AcDbEntity
  8
VISIBLE
100
AcDbLine
 10
52.21516610653734
 20
161.20857540906445
 30
0.0
 11
55.430597319916245
 21
161.20857540906445
 31
0.0
  0
LINE
  5
13F
330
17
100
AcDbEntity
  8
VISIBLE
100
AcDbLine
 10
55.430597319916245
 20
159.20857540906445
 30
0.0
 11
55.430597319916245
 21
161.20857540906445
 31
0.0
  0
LINE
  5
140
330
17
100
AcDbEntity
  8
VISIBLE
100
AcDbLine
 10
55.361511245087144
 20
161.20857540906445
 30
0.0
 11
55.430597319916245
 21
161.20857540906445
 31
0.0
  0
LINE
  5
141
330
17
100
AcDbEntity
  8
VISIBLE
100
AcDbLine
 10
55.88004113705492
 20
159.20857540906445
 30
0.0
 11
56.472311034515855
 21
159.20857540906445
 31
0.0
  0
LINE
  5
142
330
17
100
AcDbEntity
  8
VISIBLE
100
AcDbLine
 10
58.74967958004808
 20
149.20857540906445
 30
0.0
 11
58.74967958004808
 21
159.20857540906445
 31
0.0
  0
LINE
  5
143
330
17
100
AcDbEntity
  8
VISIBLE
100
AcDbLine
 10
55.430597319916245
 20
159.20857540906445
 30
0.0
 11
58.74967958004808
 21
159.20857540906445
 31
0.0
  0
LINE
  5
144
330
17
100
AcDbEntity
  8
VISIBLE
100
AcDbLine
 10
58.74967958004808
 20
159.20857540906445
 30
0.0
 11
59.07038690121507
 21
159.20857540906445
 31
0.0
  0
LINE
  5
145
330
17
100
AcDbEntity
  8
VISIBLE
100
AcDbLine
 10
56.472311034515855
 20
159.20857540906445
 30
0.0
 11
57.13578225643968
 21
159.20857540906445
 31
0.0
  0
LINE
  5
146
330
17
100
AcDbEntity
  8
VISIBLE
100
AcDbLine
 10
57.13578225643968
 20
159.20857540906445
 30
0.0
 11
57.867614760712144
 21
159.20857540906445
 31
0.0
  0
LINE
  5
147
330
17
100
AcDbEntity
  8
VISIBLE
100
AcDbLine
 10
57.867614760712144
 20
159.20857540906445
 30
0.0
 11
58.66467381985521
 21
159.20857540906445
 31
0.0
  0
LINE
  5
148
330
17
100
AcDbEntity
  8
VISIBLE
100
AcDbLine
 10
50.947530761078355
 20
178.20857540906445
 30
0.0
 11
50.899997725800034
 21
178.20857540906445
 31
0.0
  0
LINE
  5
149
330
17
100
AcDbEntity
  8
VISIBLE
100
AcDbLine
 10
53.899997725800034
 20
178.20857540906445
 30
0.0
 11
53.94110681088304
 21
178.20857540906445
 31
0.0
  0
LINE
  5
14A
330
17
100
AcDbEntity
  8
VISIBLE
100
AcDbLine
 10
53.94110681088304
 20
178.20857540906445
 30
0.0
 11
54.064256682709214
 21
178.20857540906445
 31
0.0
  0
LINE
  5
14B
330
17
100
AcDbEntity
  8
VISIBLE
100
AcDbLine
 10
54.064256682709214
 20
178.20857540906445
 30
0.0
 11
54.268920913055894
 21
178.20857540906445
 31
0.0
  0
LINE
  5
14C
330
17
100
AcDbEntity
  8
VISIBLE
100
AcDbLine
 10
54.268920913055894
 20
178.20857540906445
 30
0.0
 11
54.55422212155199
 21
178.20857540906445
 31
0.0
  0
LINE
  5
14D
330
17
100
AcDbEntity
  8
VISIBLE
100
AcDbLine
 10
54.55422212155199
 20
178.20857540906445
 30
0.0
 11
54.918939605072495
 21
178.20857540906445
 31
0.0
  0
LINE
  5
14E
330
17
100
AcDbEntity
  8
VISIBLE
100
AcDbLine
 10
54.918939605072495
 20
178.20857540906445
 30
0.0
 11
55.361511245087144
 21
178.20857540906445
 31
0.0
  0
LINE
  5
14F
330
17
100
AcDbEntity
  8
VISIBLE
100
AcDbLine
 10
55.361511245087144
 20
178.20857540906445
 30
0.0
 11
55.88004113705492
 21
178.20857540906445
 31
0.0
  0
LINE
  5
150
330
17
100
AcDbEntity
  8
VISIBLE
100
AcDbLine
 10
55.88004113705492
 20
178.20857540906445
 30
0.0
 11
56.472311034515855
 21
178.20857540906445
 31
0.0
  0
LINE
  5
151
330
17
100
AcDbEntity
  8
VISIBLE
100
AcDbLine
 10
56.472311034515855
 20
178.20857540906445
 30
0.0
 11
57.13578225643968
 21
178.20857540906445
 31
0.0
  0
LINE
  5
152
330
17
100
AcDbEntity
  8
VISIBLE
100
AcDbLine
 10
57.13578225643968
 20
178.20857540906445
 30
0.0
 11
57.867614760712144
 21
178.20857540906445
 31
0.0
  0
LINE
  5
153
330
17
100
AcDbEntity
  8
VISIBLE
100
AcDbLine
 10
57.867614760712144
 20
178.20857540906445
 30
0.0
 11
58.66467381985521
 21
178.20857540906445
 31
0.0
  0
LINE
  5
154
330
17
100
AcDbEntity
  8
VISIBLE
100
AcDbLine
 10
59.07038690121507
 20
159.20857540906445
 30
0.0
 11
59.63019086392259
 21
159.20857540906445
 31
0.0
  0
LINE
  5
155
330
17
100
AcDbEntity
  8
VISIBLE
100
AcDbLine
 10
59.63019086392259
 20
159.20857540906445
 30
0.0
 11
60.24767400296068
 21
159.20857540906445
 31
0.0
  0
LINE
  5
156
330
17
100
AcDbEntity
  8
VISIBLE
100
AcDbLine
 10
60.24767400296068
 20
159.20857540906445
 30
0.0
 11
60.92019368679857
 21
159.20857540906445
 31
0.0
  0
LINE
  5
157
330
17
100
AcDbEntity
  8
VISIBLE
100
AcDbLine
 10
58.66467381985521
 20
159.20857540906445
 30
0.0
 11
59.5235481408391
 21
159.20857540906445
 31
0.0
  0
LINE
  5
158
330
17
100
AcDbEntity
  8
VISIBLE
100
AcDbLine
 10
60.92019368679857
 20
159.20857540906445
 30
0.0
 11
61.6448688653264
 21
159.20857540906445
 31
0.0
  0
LINE
  5
159
330
17
100
AcDbEntity
  8
VISIBLE
100
AcDbLine
 10
61.6448688653264
 20
159.20857540906445
 30
0.0
 11
62.41859628231859
 21
159.20857540906445
 31
0.0
  0
LINE
  5
15A
330
17
100
AcDbEntity
  8
VISIBLE
100
AcDbLine
 10
62.41859628231859
 20
159.20857540906445
 30
0.0
 11
63.23806287319994
 21
159.20857540906445
 31
0.0
  0
LINE
  5
15B
330
17
100
AcDbEntity
  8
VISIBLE
100
AcDbLine
 10
63.23806287319994
 20
159.20857540906445
 30
0.0
 11
64.0997610238347
 21
159.20857540906445
 31
0.0
  0
LINE
  5
15C
330
17
100
AcDbEntity
  8
VISIBLE
100
AcDbLine
 10
58.66467381985521
 20
178.20857540906445
 30
0.0
 11
59.5235481408391
 21
178.20857540906445
 31
0.0
  0
LINE
  5
15D
330
17
100
AcDbEntity
  8
VISIBLE
100
AcDbLine
 10
59.5235481408391
 20
159.20857540906445
 30
0.0
 11
60.44055844815111
 21
159.20857540906445
 31
0.0
  0
LINE
  5
15E
330
17
100
AcDbEntity
  8
VISIBLE
100
AcDbLine
 10
60.44055844815111
 20
159.20857540906445
 30
0.0
 11
61.41177941830492
 21
159.20857540906445
 31
0.0
  0
LINE
  5
15F
330
17
100
AcDbEntity
  8
VISIBLE
100
AcDbLine
 10
61.41177941830492
 20
159.20857540906445
 30
0.0
 11
62.43305017025804
 21
159.20857540906445
 31
0.0
  0
LINE
  5
160
330
17
100
AcDbEntity
  8
VISIBLE
100
AcDbLine
 10
62.43305017025804
 20
159.20857540906445
 30
0.0
 11
63.49999810726976
 21
159.20857540906445
 31
0.0
  0
LINE
  5
161
330
17
100
AcDbEntity
  8
VISIBLE
100
AcDbLine
 10
64.0997610238347
 20
159.20857540906445
 30
0.0
 11
64.99999810726976
 21
159.20857540906445
 31
0.0
  0
LINE
  5
162
330
17
100
AcDbEntity
  8
VISIBLE
100
AcDbLine
 10
65.59999848873949
 20
149.20857540906445
 30
0.0
 11
65.59999848873949
 21
159.20857540906445
 31
0.0
  0
LINE
  5
163
330
17
100
AcDbEntity
  8
VISIBLE
100
AcDbLine
 10
64.99999810726976
 20
159.20857540906445
 30
0.0
 11
65.59999848873949
 21
159.20857540906445
 31
0.0
  0
LINE
  5
164
330
17
100
AcDbEntity
  8
VISIBLE
100
AcDbLine
 10
63.49999810726976
 20
159.20857540906445
 30
0.0
 11
64.6080560830388
 21
159.20857540906445
 31
0.0
  0
LINE
  5
165
330
17
100
AcDbEntity
  8
VISIBLE
100
AcDbLine
 10
64.6080560830388
 20
159.20857540906445
 30
0.0
 11
65.59999848873949
 21
159.20857540906445
 31
0.0
  0
LINE
  5
166
330
17
100
AcDbEntity
  8
VISIBLE
100
AcDbLine
 10
65.59999848873949
 20
159.20857540906445
 30
0.0
 11
65.59999848873949
 21
161.20857540906445
 31
0.0
  0
LINE
  5
167
330
17
100
AcDbEntity
  8
VISIBLE
100
AcDbLine
 10
65.59999848873949
 20
161.20857540906445
 30
0.0
 11
65.7524767068181
 21
161.20857540906445
 31
0.0
  0
LINE
  5
168
330
17
100
AcDbEntity
  8
VISIBLE
100
AcDbLine
 10
65.7524767068181
 20
161.20857540906445
 30
0.0
 11
66.92836095364427
 21
161.20857540906445
 31
0.0
  0
LINE
  5
169
330
17
100
AcDbEntity
  8
VISIBLE
100
AcDbLine
 10
66.92836095364427
 20
161.20857540906445
 30
0.0
 11
68.13067294628954
 21
161.20857540906445
 31
0.0
  0
LINE
  5
16A
330
17
100
AcDbEntity
  8
VISIBLE
100
AcDbLine
 10
68.13067294628954
 20
161.20857540906445
 30
0.0
 11
69.35426427395677
 21
161.20857540906445
 31
0.0
  0
LINE
  5
16B
330
17
100
AcDbEntity
  8
VISIBLE
100
AcDbLine
 10
69.35426427395677
 20
161.20857540906445
 30
0.0
 11
70.59389568837022
 21
161.20857540906445
 31
0.0
  0
LINE
  5
16C
330
17
100
AcDbEntity
  8
VISIBLE
100
AcDbLine
 10
70.59389568837022
 20
161.20857540906445
 30
0.0
 11
71.84425844223833
 21
161.20857540906445
 31
0.0
  0
LINE
  5
16D
330
17
100
AcDbEntity
  8
VISIBLE
100
AcDbLine
 10
59.5235481408391
 20
178.20857540906445
 30
0.0
 11
60.44055844815111
 21
178.20857540906445
 31
0.0
  0
LINE
  5
16E
330
17
100
AcDbEntity
  8
VISIBLE
100
AcDbLine
 10
60.44055844815111
 20
178.20857540906445
 30
0.0
 11
61.41177941830492
 21
178.20857540906445
 31
0.0
  0
LINE
  5
16F
330
17
100
AcDbEntity
  8
VISIBLE
100
AcDbLine
 10
61.41177941830492
 20
178.20857540906445
 30
0.0
 11
62.43305017025804
 21
178.20857540906445
 31
0.0
  0
LINE
  5
170
330
17
100
AcDbEntity
  8
VISIBLE
100
AcDbLine
 10
62.43305017025804
 20
178.20857540906445
 30
0.0
 11
63.49999810726976
 21
178.20857540906445
 31
0.0
  0
LINE
  5
171
330
17
100
AcDbEntity
  8
VISIBLE
100
AcDbLine
 10
63.49999810726976
 20
178.20857540906445
 30
0.0
 11
64.6080560830388
 21
178.20857540906445
 31
0.0
  0
LINE
  5
172
330
17
100
AcDbEntity
  8
VISIBLE
100
AcDbLine
 10
64.6080560830388
 20
178.20857540906445
 30
0.0
 11
65.7524767068181
 21
178.20857540906445
 31
0.0
  0
LINE
  5
173
330
17
100
AcDbEntity
  8
VISIBLE
100
AcDbLine
 10
65.7524767068181
 20
178.20857540906445
 30
0.0
 11
66.92836095364427
 21
178.20857540906445
 31
0.0
  0
LINE
  5
174
330
17
100
AcDbEntity
  8
VISIBLE
100
AcDbLine
 10
66.92836095364427
 20
178.20857540906445
 30
0.0
 11
68.13067294628954
 21
178.20857540906445
 31
0.0
  0
LINE
  5
175
330
17
100
AcDbEntity
  8
VISIBLE
100
AcDbLine
 10
68.13067294628954
 20
178.20857540906445
 30
0.0
 11
69.35426427395677
 21
178.20857540906445
 31
0.0
  0
LINE
  5
176
330
17
100
AcDbEntity
  8
VISIBLE
100
AcDbLine
 10
69.35426427395677
 20
178.20857540906445
 30
0.0
 11
70.59389568837022
 21
178.20857540906445
 31
0.0
  0
LINE
  5
177
330
17
100
AcDbEntity
  8
VISIBLE
100
AcDbLine
 10
70.59389568837022
 20
178.20857540906445
 30
0.0
 11
71.84425844223833
 21
178.20857540906445
 31
0.0
  0
LINE
  5
178
330
17
100
AcDbEntity
  8
VISIBLE
100
AcDbLine
 10
73.09999848873949
 20
144.20857540906445
 30
0.0
 11
74.87896360428667
 21
144.20857540906445
 31
0.0
  0
LINE
  5
179
330
17
100
AcDbEntity
  8
VISIBLE
100
AcDbLine
 10
73.09999848873949
 20
147.20857540906445
 30
0.0
 11
74.87896360428667
 21
147.20857540906445
 31
0.0
  0
LINE
  5
17A
330
17
100
AcDbEntity
  8
VISIBLE
100
AcDbLine
 10
73.58696223767137
 20
138.20857540906445
 30
0.0
 11
73.58696223767137
 21
144.20857540906445
 31
0.0
  0
LINE
  5
17B
330
17
100
AcDbEntity
  8
VISIBLE
100
AcDbLine
 10
73.09999848873949
 20
147.20857540906445
 30
0.0
 11
74.55194796593523
 21
147.20857540906445
 31
0.0
  0
LINE
  5
17C
330
17
100
AcDbEntity
  8
VISIBLE
100
AcDbLine
 10
74.55194796593523
 20
147.20857540906445
 30
0.0
 11
75.99767996342516
 21
147.20857540906445
 31
0.0
  0
LINE
  5
17D
330
17
100
AcDbEntity
  8
VISIBLE
100
AcDbLine
 10
74.87896360428667
 20
144.20857540906445
 30
0.0
 11
76.65031100781297
 21
144.20857540906445
 31
0.0
  0
LINE
  5
17E
330
17
100
AcDbEntity
  8
VISIBLE
100
AcDbLine
 10
76.65031100781297
 20
144.20857540906445
 30
0.0
 11
78.40645505459642
 21
144.20857540906445
 31
0.0
  0
LINE
  5
17F
330
17
100
AcDbEntity
  8
VISIBLE
100
AcDbLine
 10
74.87896360428667
 20
147.20857540906445
 30
0.0
 11
76.65031100781297
 21
147.20857540906445
 31
0.0
  0
LINE
  5
180
330
17
100
AcDbEntity
  8
VISIBLE
100
AcDbLine
 10
76.65031100781297
 20
147.20857540906445
 30
0.0
 11
78.40645505459642
 21
147.20857540906445
 31
0.0
  0
LINE
  5
181
330
17
100
AcDbEntity
  8
VISIBLE
100
AcDbLine
 10
75.99767996342516
 20
147.20857540906445
 30
0.0
 11
77.43100358517503
 21
147.20857540906445
 31
0.0
  0
LINE
  5
182
330
17
100
AcDbEntity
  8
VISIBLE
100
AcDbLine
 10
77.43100358517503
 20
147.20857540906445
 30
0.0
 11
78.84578134091234
 21
147.20857540906445
 31
0.0
  0
LINE
  5
183
330
17
100
AcDbEntity
  8
VISIBLE
100
AcDbLine
 10
73.58696223767137
 20
138.20857540906445
 30
0.0
 11
83.58696271450853
 21
138.20857540906445
 31
0.0
  0
LINE
  5
184
330
17
100
AcDbEntity
  8
VISIBLE
100
AcDbLine
 10
78.40645505459642
 20
144.20857540906445
 30
0.0
 11
80.13987638028001
 21
144.20857540906445
 31
0.0
  0
LINE
  5
185
330
17
100
AcDbEntity
  8
VISIBLE
100
AcDbLine
 10
80.13987638028001
 20
144.20857540906445
 30
0.0
 11
81.843152060822
 21
144.20857540906445
 31
0.0
  0
LINE
  5
186
330
17
100
AcDbEntity
  8
VISIBLE
100
AcDbLine
 10
78.40645505459642
 20
147.20857540906445
 30
0.0
 11
80.13987638028001
 21
147.20857540906445
 31
0.0
  0
LINE
  5
187
330
17
100
AcDbEntity
  8
VISIBLE
100
AcDbLine
 10
80.13987638028001
 20
147.20857540906445
 30
0.0
 11
81.843152060822
 21
147.20857540906445
 31
0.0
  0
LINE
  5
188
330
17
100
AcDbEntity
  8
VISIBLE
100
AcDbLine
 10
78.84578134091234
 20
147.20857540906445
 30
0.0
 11
80.23595477612352
 21
147.20857540906445
 31
0.0
  0
LINE
  5
189
330
17
100
AcDbEntity
  8
VISIBLE
100
AcDbLine
 10
80.23595477612352
 20
147.20857540906445
 30
0.0
 11
81.59557057888841
 21
147.20857540906445
 31
0.0
  0
LINE
  5
18A
330
17
100
AcDbEntity
  8
VISIBLE
100
AcDbLine
 10
81.843152060822
 20
144.20857540906445
 30
0.0
 11
83.5089874413762
 21
144.20857540906445
 31
0.0
  0
LINE
  5
18B
330
17
100
AcDbEntity
  8
VISIBLE
100
AcDbLine
 10
83.5089874413762
 20
144.20857540906445
 30
0.0
 11
85.13025094540453
 21
144.20857540906445
 31
0.0
  0
LINE
  5
18C
330
17
100
AcDbEntity
  8
VISIBLE
100
AcDbLine
 10
81.843152060822
 20
147.20857540906445
 30
0.0
 11
83.5089874413762
 21
147.20857540906445
 31
0.0
  0
LINE
  5
18D
330
17
100
AcDbEntity
  8
VISIBLE
100
AcDbLine
 10
83.5089874413762
 20
147.20857540906445
 30
0.0
 11
85.13025094540453
 21
147.20857540906445
 31
0.0
  0
LINE
  5
18E
330
17
100
AcDbEntity
  8
VISIBLE
100
AcDbLine
 10
73.58696223767137
 20
144.20857540906445
 30
0.0
 11
83.58696271450853
 21
144.20857540906445
 31
0.0
  0
LINE
  5
18F
330
17
100
AcDbEntity
  8
VISIBLE
100
AcDbLine
 10
83.58696271450853
 20
138.20857540906445
 30
0.0
 11
83.58696271450853
 21
144.20857540906445
 31
0.0
  0
LINE
  5
190
330
17
100
AcDbEntity
  8
VISIBLE
100
AcDbLine
 10
81.59557057888841
 20
147.20857540906445
 30
0.0
 11
82.91880704434251
 21
147.20857540906445
 31
0.0
  0
LINE
  5
191
330
17
100
AcDbEntity
  8
VISIBLE
100
AcDbLine
 10
82.91880704434251
 20
147.20857540906445
 30
0.0
 11
84.19999887020921
 21
147.20857540906445
 31
0.0
  0
LINE
  5
192
330
17
100
AcDbEntity
  8
VISIBLE
100
AcDbLine
 10
84.19999887020921
 20
147.20857540906445
 30
0.0
 11
85.43365766079759
 21
147.20857540906445
 31
0.0
  0
LINE
  5
193
330
17
100
AcDbEntity
  8
VISIBLE
100
AcDbLine
 10
85.43365766079759
 20
147.20857540906445
 30
0.0
 11
86.6145019677434
 21
147.20857540906445
 31
0.0
  0
LINE
  5
194
330
17
100
AcDbEntity
  8
VISIBLE
100
AcDbLine
 10
73.09999848873949
 20
149.20857540906445
 30
0.0
 11
74.55194796593523
 21
149.20857540906445
 31
0.0
  0
LINE
  5
195
330
17
100
AcDbEntity
  8
VISIBLE
100
AcDbLine
 10
74.55194796593523
 20
149.20857540906445
 30
0.0
 11
75.99767996342516
 21
149.20857540906445
 31
0.0
  0
LINE
  5
196
330
17
100
AcDbEntity
  8
VISIBLE
100
AcDbLine
 10
75.99767996342516
 20
149.20857540906445
 30
0.0
 11
77.43100358517503
 21
149.20857540906445
 31
0.0
  0
LINE
  5
197
330
17
100
AcDbEntity
  8
VISIBLE
100
AcDbLine
 10
77.43100358517503
 20
149.20857540906445
 30
0.0
 11
78.84578134091234
 21
149.20857540906445
 31
0.0
  0
LINE
  5
198
330
17
100
AcDbEntity
  8
VISIBLE
100
AcDbLine
 10
78.84578134091234
 20
149.20857540906445
 30
0.0
 11
80.23595477612352
 21
149.20857540906445
 31
0.0
  0
LINE
  5
199
330
17
100
AcDbEntity
  8
VISIBLE
100
AcDbLine
 10
80.23595477612352
 20
149.20857540906445
 30
0.0
 11
80.59999848873949
 21
149.20857540906445
 31
0.0
  0
LINE
  5
19A
330
17
100
AcDbEntity
  8
VISIBLE
100
AcDbLine
 10
85.13025094540453
 20
144.20857540906445
 30
0.0
 11
86.69999887020921
 21
144.20857540906445
 31
0.0
  0
LINE
  5
19B
330
17
100
AcDbEntity
  8
VISIBLE
100
AcDbLine
 10
86.69999887020921
 20
144.20857540906445
 30
0.0
 11
88.21150876553392
 21
144.20857540906445
 31
0.0
  0
LINE
  5
19C
330
17
100
AcDbEntity
  8
VISIBLE
100
AcDbLine
 10
88.21150876553392
 20
144.20857540906445
 30
0.0
 11
89.65830995114183
 21
144.20857540906445
 31
0.0
  0
LINE
  5
19D
330
17
100
AcDbEntity
  8
VISIBLE
100
AcDbLine
 10
85.13025094540453
 20
147.20857540906445
 30
0.0
 11
86.69999887020921
 21
147.20857540906445
 31
0.0
  0
LINE
  5
19E
330
17
100
AcDbEntity
  8
VISIBLE
100
AcDbLine
 10
86.69999887020921
 20
147.20857540906445
 30
0.0
 11
88.21150876553392
 21
147.20857540906445
 31
0.0
  0
LINE
  5
19F
330
17
100
AcDbEntity
  8
VISIBLE
100
AcDbLine
 10
88.21150876553392
 20
147.20857540906445
 30
0.0
 11
89.65830995114183
 21
147.20857540906445
 31
0.0
  0
LINE
  5
1A0
330
17
100
AcDbEntity
  8
VISIBLE
100
AcDbLine
 10
89.65830995114183
 20
144.20857540906445
 30
0.0
 11
91.03420449765062
 21
144.20857540906445
 31
0.0
  0
LINE
  5
1A1
330
17
100
AcDbEntity
  8
VISIBLE
100
AcDbLine
 10
89.65830995114183
 20
147.20857540906445
 30
0.0
 11
91.03420449765062
 21
147.20857540906445
 31
0.0
  0
LINE
  5
1A2
330
17
100
AcDbEntity
  8
VISIBLE
100
AcDbLine
 10
86.6145019677434
 20
147.20857540906445
 30
0.0
 11
87.73747540982103
 21
147.20857540906445
 31
0.0
  0
LINE
  5
1A3
330
17
100
AcDbEntity
  8
VISIBLE
100
AcDbLine
 10
87.73747540982103
 20
147.20857540906445
 30
0.0
 11
88.79776860745287
 21
147.20857540906445
 31
0.0
  0
LINE
  5
1A4
330
17
100
AcDbEntity
  8
VISIBLE
100
AcDbLine
 10
88.79776860745287
 20
147.20857540906445
 30
0.0
 11
89.79084207089281
 21
147.20857540906445
 31
0.0
  0
LINE
  5
1A5
330
17
100
AcDbEntity
  8
VISIBLE
100
AcDbLine
 10
91.03420449765062
 20
144.20857540906445
 30
0.0
 11
92.33330346615648
 21
144.20857540906445
 31
0.0
  0
LINE
  5
1A6
330
17
100
AcDbEntity
  8
VISIBLE
100
AcDbLine
 10
91.03420449765062
 20
147.20857540906445
 30
0.0
 11
92.33330346615648
 21
147.20857540906445
 31
0.0
  0
LINE
  5
1A7
330
17
100
AcDbEntity
  8
VISIBLE
100
AcDbLine
 10
92.33330346615648
 20
144.20857540906445
 30
0.0
 11
93.55004121334886
 21
144.20857540906445
 31
0.0
  0
LINE
  5
1A8
330
17
100
AcDbEntity
  8
VISIBLE
100
AcDbLine
 10
92.33330346615648
 20
147.20857540906445
 30
0.0
 11
93.55004121334886
 21
147.20857540906445
 31
0.0
  0
LINE
  5
1A9
330
17
100
AcDbEntity
  8
VISIBLE
100
AcDbLine
 10
93.55004121334886
 20
144.20857540906445
 30
0.0
 11
94.67920877011156
 21
144.20857540906445
 31
0.0
  0
LINE
  5
1AA
330
17
100
AcDbEntity
  8
VISIBLE
100
AcDbLine
 10
94.67920877011156
 20
144.20857540906445
 30
0.0
 11
95.71597100766039
 21
144.20857540906445
 31
0.0
  0
LINE
  5
1AB
330
17
100
AcDbEntity
  8
VISIBLE
100
AcDbLine
 10
93.55004121334886
 20
147.20857540906445
 30
0.0
 11
94.67920877011156
 21
147.20857540906445
 31
0.0
  0
LINE
  5
1AC
330
17
100
AcDbEntity
  8
VISIBLE
100
AcDbLine
 10
94.67920877011156
 20
147.20857540906445
 30
0.0
 11
95.71597100766039
 21
147.20857540906445
 31
0.0
  0
LINE
  5
1AD
330
17
100
AcDbEntity
  8
VISIBLE
100
AcDbLine
 10
89.79084207089281
 20
147.20857540906445
 30
0.0
 11
90.71244241268968
 21
147.20857540906445
 31
0.0
  0
LINE
  5
1AE
330
17
100
AcDbEntity
  8
VISIBLE
100
AcDbLine
 10
90.71244241268968
 20
147.20857540906445
 30
0.0
 11
91.55862428219652
 21
147.20857540906445
 31
0.0
  0
LINE
  5
1AF
330
17
100
AcDbEntity
  8
VISIBLE
100
AcDbLine
 10
91.55862428219652
 20
147.20857540906445
 30
0.0
 11
92.32576180966234
 21
147.20857540906445
 31
0.0
  0
LINE
  5
1B0
330
17
100
AcDbEntity
  8
VISIBLE
100
AcDbLine
 10
92.32576180966234
 20
147.20857540906445
 30
0.0
 11
93.01057244809007
 21
147.20857540906445
 31
0.0
  0
LINE
  5
1B1
330
17
100
AcDbEntity
  8
VISIBLE
100
AcDbLine
 10
95.71597100766039
 20
144.20857540906445
 30
0.0
 11
96.65588952572679
 21
144.20857540906445
 31
0.0
  0
LINE
  5
1B2
330
17
100
AcDbEntity
  8
VISIBLE
100
AcDbLine
 10
95.71597100766039
 20
147.20857540906445
 30
0.0
 11
96.65588952572679
 21
147.20857540906445
 31
0.0
  0
LINE
  5
1B3
330
17
100
AcDbEntity
  8
VISIBLE
100
AcDbLine
 10
93.01057244809007
 20
147.20857540906445
 30
0.0
 11
93.61012460263109
 21
147.20857540906445
 31
0.0
  0
LINE
  5
1B4
330
17
100
AcDbEntity
  8
VISIBLE
100
AcDbLine
 10
93.61012460263109
 20
147.20857540906445
 30
0.0
 11
94.12184716732835
 21
147.20857540906445
 31
0.0
  0
LINE
  5
1B5
330
17
100
AcDbEntity
  8
VISIBLE
100
AcDbLine
 10
96.65588952572679
 20
144.20857540906445
 30
0.0
 11
97.49493791134691
 21
144.20857540906445
 31
0.0
  0
LINE
  5
1B6
330
17
100
AcDbEntity
  8
VISIBLE
100
AcDbLine
 10
97.49493791134691
 20
144.20857540906445
 30
0.0
 11
98.22952271969652
 21
144.20857540906445
 31
0.0
  0
LINE
  5
1B7
330
17
100
AcDbEntity
  8
VISIBLE
100
AcDbLine
 10
96.65588952572679
 20
147.20857540906445
 30
0.0
 11
97.49493791134691
 21
147.20857540906445
 31
0.0
  0
LINE
  5
1B8
330
17
100
AcDbEntity
  8
VISIBLE
100
AcDbLine
 10
97.49493791134691
 20
147.20857540906445
 30
0.0
 11
98.22952271969652
 21
147.20857540906445
 31
0.0
  0
LINE
  5
1B9
330
17
100
AcDbEntity
  8
VISIBLE
100
AcDbLine
 10
98.22952271969652
 20
144.20857540906445
 30
0.0
 11
98.85649873288011
 21
144.20857540906445
 31
0.0
  0
LINE
  5
1BA
330
17
100
AcDbEntity
  8
VISIBLE
100
AcDbLine
 10
98.85649873288011
 20
144.20857540906445
 30
0.0
 11
99.37318040402269
 21
144.20857540906445
 31
0.0
  0
LINE
  5
1BB
330
17
100
AcDbEntity
  8
VISIBLE
100
AcDbLine
 10
98.22952271969652
 20
147.20857540906445
 30
0.0
 11
98.85649873288011
 21
147.20857540906445
 31
0.0
  0
LINE
  5
1BC
330
17
100
AcDbEntity
  8
VISIBLE
100
AcDbLine
 10
98.85649873288011
 20
147.20857540906445
 30
0.0
 11
99.37318040402269
 21
147.20857540906445
 31
0.0
  0
LINE
  5
1BD
330
17
100
AcDbEntity
  8
VISIBLE
100
AcDbLine
 10
94.12184716732835
 20
147.20857540906445
 30
0.0
 11
94.54355241330003
 21
147.20857540906445
 31
0.0
  0
LINE
  5
1BE
330
17
100
AcDbEntity
  8
VISIBLE
100
AcDbLine
 10
94.54355241330003
 20
147.20857540906445
 30
0.0
 11
94.87343217404222
 21
147.20857540906445
 31
0.0
  0
LINE
  5
1BF
330
17
100
AcDbEntity
  8
VISIBLE
100
AcDbLine
 10
94.87343217404222
 20
147.20857540906445
 30
0.0
 11
95.11007501156664
 21
147.20857540906445
 31
0.0
  0
LINE
  5
1C0
330
17
100
AcDbEntity
  8
VISIBLE
100
AcDbLine
 10
95.11007501156664
 20
147.20857540906445
 30
0.0
 11
95.25246621640062
 21
147.20857540906445
 31
0.0
  0
LINE
  5
1C1
330
17
100
AcDbEntity
  8
VISIBLE
100
AcDbLine
 10
99.37318040402269
 20
144.20857540906445
 30
0.0
 11
99.77735902340746
 21
144.20857540906445
 31
0.0
  0
LINE
  5
1C2
330
17
100
AcDbEntity
  8
VISIBLE
100
AcDbLine
 10
99.77735902340746
 20
144.20857540906445
 30
0.0
 11
100.06729890377855
 21
144.20857540906445
 31
0.0
  0
LINE
  5
1C3
330
17
100
AcDbEntity
  8
VISIBLE
100
AcDbLine
 10
99.37318040402269
 20
147.20857540906445
 30
0.0
 11
99.77735902340746
 21
147.20857540906445
 31
0.0
  0
LINE
  5
1C4
330
17
100
AcDbEntity
  8
VISIBLE
100
AcDbLine
 10
99.77735902340746
 20
147.20857540906445
 30
0.0
 11
100.06729890377855
 21
147.20857540906445
 31
0.0
  0
LINE
  5
1C5
330
17
100
AcDbEntity
  8
VISIBLE
100
AcDbLine
 10
100.06729890377855
 20
144.20857540906445
 30
0.0
 11
100.24176026852464
 21
144.20857540906445
 31
0.0
  0
LINE
  5
1C6
330
17
100
AcDbEntity
  8
VISIBLE
100
AcDbLine
 10
100.06729890377855
 20
147.20857540906445
 30
0.0
 11
100.24176026852464
 21
147.20857540906445
 31
0.0
  0
LINE
  5
1C7
330
17
100
AcDbEntity
  8
VISIBLE
100
AcDbLine
 10
93.98483087094164
 20
149.20857540906445
 30
0.0
 11
94.12184716732835
 21
149.20857540906445
 31
0.0
  0
LINE
  5
1C8
330
17
100
AcDbEntity
  8
VISIBLE
100
AcDbLine
 10
94.12184716732835
 20
149.20857540906445
 30
0.0
 11
94.54355241330003
 21
149.20857540906445
 31
0.0
  0
LINE
  5
1C9
330
17
100
AcDbEntity
  8
VISIBLE
100
AcDbLine
 10
94.54355241330003
 20
149.20857540906445
 30
0.0
 11
94.87343217404222
 21
149.20857540906445
 31
0.0
  0
LINE
  5
1CA
330
17
100
AcDbEntity
  8
VISIBLE
100
AcDbLine
 10
94.87343217404222
 20
149.20857540906445
 30
0.0
 11
95.11007501156664
 21
149.20857540906445
 31
0.0
  0
LINE
  5
1CB
330
17
100
AcDbEntity
  8
VISIBLE
100
AcDbLine
 10
95.11007501156664
 20
149.20857540906445
 30
0.0
 11
95.25246621640062
 21
149.20857540906445
 31
0.0
  0
LINE
  5
1CC
330
17
100
AcDbEntity
  8
VISIBLE
100
AcDbLine
 10
73.09999848873949
 20
161.20857540906445
 30
0.0
 11
74.55194796593523
 21
161.20857540906445
 31
0.0
  0
LINE
  5
1CD
330
17
100
AcDbEntity
  8
VISIBLE
100
AcDbLine
 10
74.55194796593523
 20
161.20857540906445
 30
0.0
 11
75.99767996342516
 21
161.20857540906445
 31
0.0
  0
LINE
  5
1CE
330
17
100
AcDbEntity
  8
VISIBLE
100
AcDbLine
 10
75.99767996342516
 20
161.20857540906445
 30
0.0
 11
77.43100358517503
 21
161.20857540906445
 31
0.0
  0
LINE
  5
1CF
330
17
100
AcDbEntity
  8
VISIBLE
100
AcDbLine
 10
77.43100358517503
 20
161.20857540906445
 30
0.0
 11
78.84578134091234
 21
161.20857540906445
 31
0.0
  0
LINE
  5
1D0
330
17
100
AcDbEntity
  8
VISIBLE
100
AcDbLine
 10
78.84578134091234
 20
161.20857540906445
 30
0.0
 11
80.23595477612352
 21
161.20857540906445
 31
0.0
  0
LINE
  5
1D1
330
17
100
AcDbEntity
  8
VISIBLE
100
AcDbLine
 10
80.59999848873949
 20
149.20857540906445
 30
0.0
 11
80.59999848873949
 21
161.20857540906445
 31
0.0
  0
LINE
  5
1D2
330
17
100
AcDbEntity
  8
VISIBLE
100
AcDbLine
 10
80.23595477612352
 20
161.20857540906445
 30
0.0
 11
80.59999848873949
 21
161.20857540906445
 31
0.0
  0
LINE
  5
1D3
330
17
100
AcDbEntity
  8
VISIBLE
100
AcDbLine
 10
73.09999848873949
 20
178.20857540906445
 30
0.0
 11
74.55194796593523
 21
178.20857540906445
 31
0.0
  0
LINE
  5
1D4
330
17
100
AcDbEntity
  8
VISIBLE
100
AcDbLine
 10
74.55194796593523
 20
178.20857540906445
 30
0.0
 11
75.99767996342516
 21
178.20857540906445
 31
0.0
  0
LINE
  5
1D5
330
17
100
AcDbEntity
  8
VISIBLE
100
AcDbLine
 10
75.99767996342516
 20
178.20857540906445
 30
0.0
 11
77.43100358517503
 21
178.20857540906445
 31
0.0
  0
LINE
  5
1D6
330
17
100
AcDbEntity
  8
VISIBLE
100
AcDbLine
 10
77.43100358517503
 20
178.20857540906445
 30
0.0
 11
78.84578134091234
 21
178.20857540906445
 31
0.0
  0
LINE
  5
1D7
330
17
100
AcDbEntity
  8
VISIBLE
100
AcDbLine
 10
78.84578134091234
 20
178.20857540906445
 30
0.0
 11
80.23595477612352
 21
178.20857540906445
 31
0.0
  0
LINE
  5
1D8
330
17
100
AcDbEntity
  8
VISIBLE
100
AcDbLine
 10
80.23595477612352
 20
178.20857540906445
 30
0.0
 11
81.59557057888841
 21
178.20857540906445
 31
0.0
  0
LINE
  5
1D9
330
17
100
AcDbEntity
  8
VISIBLE
100
AcDbLine
 10
81.59557057888841
 20
178.20857540906445
 30
0.0
 11
82.91880704434251
 21
178.20857540906445
 31
0.0
  0
LINE
  5
1DA
330
17
100
AcDbEntity
  8
VISIBLE
100
AcDbLine
 10
82.91880704434251
 20
178.20857540906445
 30
0.0
 11
84.19999887020921
 21
178.20857540906445
 31
0.0
  0
LINE
  5
1DB
330
17
100
AcDbEntity
  8
VISIBLE
100
AcDbLine
 10
84.19999887020921
 20
178.20857540906445
 30
0.0
 11
85.43365766079759
 21
178.20857540906445
 31
0.0
  0
LINE
  5
1DC
330
17
100
AcDbEntity
  8
VISIBLE
100
AcDbLine
 10
85.43365766079759
 20
178.20857540906445
 30
0.0
 11
86.6145019677434
 21
178.20857540906445
 31
0.0
  0
LINE
  5
1DD
330
17
100
AcDbEntity
  8
VISIBLE
100
AcDbLine
 10
86.6145019677434
 20
178.20857540906445
 30
0.0
 11
87.73747540982103
 21
178.20857540906445
 31
0.0
  0
LINE
  5
1DE
330
17
100
AcDbEntity
  8
VISIBLE
100
AcDbLine
 10
87.73747540982103
 20
178.20857540906445
 30
0.0
 11
88.79776860745287
 21
178.20857540906445
 31
0.0
  0
LINE
  5
1DF
330
17
100
AcDbEntity
  8
VISIBLE
100
AcDbLine
 10
88.79776860745287
 20
178.20857540906445
 30
0.0
 11
89.79084207089281
 21
178.20857540906445
 31
0.0
  0
LINE
  5
1E0
330
17
100
AcDbEntity
  8
VISIBLE
100
AcDbLine
 10
93.98483087094164
 20
149.20857540906445
 30
0.0
 11
93.98483087094164
 21
161.20857540906445
 31
0.0
  0
LINE
  5
1E1
330
17
100
AcDbEntity
  8
VISIBLE
100
AcDbLine
 10
93.98483087094164
 20
161.20857540906445
 30
0.0
 11
94.12184716732835
 21
161.20857540906445
 31
0.0
  0
LINE
  5
1E2
330
17
100
AcDbEntity
  8
VISIBLE
100
AcDbLine
 10
94.12184716732835
 20
161.20857540906445
 30
0.0
 11
94.54355241330003
 21
161.20857540906445
 31
0.0
  0
LINE
  5
1E3
330
17
100
AcDbEntity
  8
VISIBLE
100
AcDbLine
 10
94.54355241330003
 20
161.20857540906445
 30
0.0
 11
94.87343217404222
 21
161.20857540906445
 31
0.0
  0
LINE
  5
1E4
330
17
100
AcDbEntity
  8
VISIBLE
100
AcDbLine
 10
94.87343217404222
 20
161.20857540906445
 30
0.0
 11
95.11007501156664
 21
161.20857540906445
 31
0.0
  0
LINE
  5
1E5
330
17
100
AcDbEntity
  8
VISIBLE
100
AcDbLine
 10
95.11007501156664
 20
161.20857540906445
 30
0.0
 11
95.25246621640062
 21
161.20857540906445
 31
0.0
  0
LINE
  5
1E6
330
17
100
AcDbEntity
  8
VISIBLE
100
AcDbLine
 10
89.79084207089281
 20
178.20857540906445
 30
0.0
 11
90.71244241268968
 21
178.20857540906445
 31
0.0
  0
LINE
  5
1E7
330
17
100
AcDbEntity
  8
VISIBLE
100
AcDbLine
 10
90.71244241268968
 20
178.20857540906445
 30
0.0
 11
91.55862428219652
 21
178.20857540906445
 31
0.0
  0
LINE
  5
1E8
330
17
100
AcDbEntity
  8
VISIBLE
100
AcDbLine
 10
91.55862428219652
 20
178.20857540906445
 30
0.0
 11
92.32576180966234
 21
178.20857540906445
 31
0.0
  0
LINE
  5
1E9
330
17
100
AcDbEntity
  8
VISIBLE
100
AcDbLine
 10
92.32576180966234
 20
178.20857540906445
 30
0.0
 11
93.01057244809007
 21
178.20857540906445
 31
0.0
  0
LINE
  5
1EA
330
17
100
AcDbEntity
  8
VISIBLE
100
AcDbLine
 10
93.01057244809007
 20
178.20857540906445
 30
0.0
 11
93.61012460263109
 21
178.20857540906445
 31
0.0
  0
LINE
  5
1EB
330
17
100
AcDbEntity
  8
VISIBLE
100
AcDbLine
 10
93.61012460263109
 20
178.20857540906445
 30
0.0
 11
94.12184716732835
 21
178.20857540906445
 31
0.0
  0
LINE
  5
1EC
330
17
100
AcDbEntity
  8
VISIBLE
100
AcDbLine
 10
94.12184716732835
 20
178.20857540906445
 30
0.0
 11
94.54355241330003
 21
178.20857540906445
 31
0.0
  0
LINE
  5
1ED
330
17
100
AcDbEntity
  8
VISIBLE
100
AcDbLine
 10
94.54355241330003
 20
178.20857540906445
 30
0.0
 11
94.87343217404222
 21
178.20857540906445
 31
0.0
  0
LINE
  5
1EE
330
17
100
AcDbEntity
  8
VISIBLE
100
AcDbLine
 10
94.87343217404222
 20
178.20857540906445
 30
0.0
 11
95.11007501156664
 21
178.20857540906445
 31
0.0
  0
LINE
  5
1EF
330
17
100
AcDbEntity
  8
VISIBLE
100
AcDbLine
 10
95.11007501156664
 20
178.20857540906445
 30
0.0
 11
95.25246621640062
 21
178.20857540906445
 31
0.0
  0
LINE
  5
1F0
330
17
100
AcDbEntity
  8
VISIBLE
100
AcDbLine
 10
83.09066201718187
 20
138.20857540906445
 30
0.0
 11
83.09066201718187
 21
144.20857540906445
 31
0.0
  0
LINE
  5
1F1
330
17
100
AcDbEntity
  8
VISIBLE
100
AcDbLine
 10
82.10023595364427
 20
147.20857540906445
 30
0.0
 11
82.96193410427904
 21
147.20857540906445
 31
0.0
  0
LINE
  5
1F2
330
17
100
AcDbEntity
  8
VISIBLE
100
AcDbLine
 10
86.56980611355638
 20
147.20857540906445
 30
0.0
 11
85.9523229745183
 21
147.20857540906445
 31
0.0
  0
LINE
  5
1F3
330
17
100
AcDbEntity
  8
VISIBLE
100
AcDbLine
 10
82.96193410427904
 20
147.20857540906445
 30
0.0
 11
83.78140069516039
 21
147.20857540906445
 31
0.0
  0
LINE
  5
1F4
330
17
100
AcDbEntity
  8
VISIBLE
100
AcDbLine
 10
84.55512811215257
 20
147.20857540906445
 30
0.0
 11
83.78140069516039
 21
147.20857540906445
 31
0.0
  0
LINE
  5
1F5
330
17
100
AcDbEntity
  8
VISIBLE
100
AcDbLine
 10
85.9523229745183
 20
147.20857540906445
 30
0.0
 11
85.2798032906804
 21
147.20857540906445
 31
0.0
  0
LINE
  5
1F6
330
17
100
AcDbEntity
  8
VISIBLE
100
AcDbLine
 10
84.55512811215257
 20
147.20857540906445
 30
0.0
 11
85.2798032906804
 21
147.20857540906445
 31
0.0
  0
LINE
  5
1F7
330
17
100
AcDbEntity
  8
VISIBLE
100
AcDbLine
 10
72.04046775372362
 20
147.20857540906445
 30
0.0
 11
73.09999848873949
 21
147.20857540906445
 31
0.0
  0
LINE
  5
1F8
330
17
100
AcDbEntity
  8
VISIBLE
100
AcDbLine
 10
73.09999848873949
 20
147.20857540906445
 30
0.0
 11
74.15952922375536
 21
147.20857540906445
 31
0.0
  0
LINE
  5
1F9
330
17
100
AcDbEntity
  8
VISIBLE
100
AcDbLine
 10
74.15952922375536
 20
147.20857540906445
 30
0.0
 11
75.21452285321092
 21
147.20857540906445
 31
0.0
  0
LINE
  5
1FA
330
17
100
AcDbEntity
  8
VISIBLE
100
AcDbLine
 10
75.21452285321092
 20
147.20857540906445
 30
0.0
 11
76.26046182186937
 21
147.20857540906445
 31
0.0
  0
LINE
  5
1FB
330
17
100
AcDbEntity
  8
VISIBLE
100
AcDbLine
 10
76.26046182186937
 20
147.20857540906445
 30
0.0
 11
77.2928671983037
 21
147.20857540906445
 31
0.0
  0
LINE
  5
1FC
330
17
100
AcDbEntity
  8
VISIBLE
100
AcDbLine
 10
77.2928671983037
 20
147.20857540906445
 30
0.0
 11
78.30731774838304
 21
147.20857540906445
 31
0.0
  0
LINE
  5
1FD
330
17
100
AcDbEntity
  8
VISIBLE
100
AcDbLine
 10
79.29946996243334
 20
147.20857540906445
 30
0.0
 11
78.30731774838304
 21
147.20857540906445
 31
0.0
  0
LINE
  5
1FE
330
17
100
AcDbEntity
  8
VISIBLE
100
AcDbLine
 10
79.29946996243334
 20
147.20857540906445
 30
0.0
 11
80.26507522137499
 21
147.20857540906445
 31
0.0
  0
LINE
  5
1FF
330
17
100
AcDbEntity
  8
VISIBLE
100
AcDbLine
 10
82.10023595364427
 20
147.20857540906445
 30
0.0
 11
81.19999887020921
 21
147.20857540906445
 31
0.0
  0
LINE
  5
200
330
17
100
AcDbEntity
  8
VISIBLE
100
AcDbLine
 10
80.26507522137499
 20
147.20857540906445
 30
0.0
 11
81.19999887020921
 21
147.20857540906445
 31
0.0
  0
LINE
  5
201
330
17
100
AcDbEntity
  8
VISIBLE
100
AcDbLine
 10
72.04046775372362
 20
149.20857540906445
 30
0.0
 11
73.09999848873949
 21
149.20857540906445
 31
0.0
  0
LINE
  5
202
330
17
100
AcDbEntity
  8
VISIBLE
100
AcDbLine
 10
73.09999848873949
 20
149.20857540906445
 30
0.0
 11
74.15952922375536
 21
149.20857540906445
 31
0.0
  0
LINE
  5
203
330
17
100
AcDbEntity
  8
VISIBLE
100
AcDbLine
 10
74.15952922375536
 20
149.20857540906445
 30
0.0
 11
75.21452285321092
 21
149.20857540906445
 31
0.0
  0
LINE
  5
204
330
17
100
AcDbEntity
  8
VISIBLE
100
AcDbLine
 10
75.21452285321092
 20
149.20857540906445
 30
0.0
 11
76.26046182186937
 21
149.20857540906445
 31
0.0
  0
LINE
  5
205
330
17
100
AcDbEntity
  8
VISIBLE
100
AcDbLine
 10
76.26046182186937
 20
149.20857540906445
 30
0.0
 11
77.2928671983037
 21
149.20857540906445
 31
0.0
  0
LINE
  5
206
330
17
100
AcDbEntity
  8
VISIBLE
100
AcDbLine
 10
77.2928671983037
 20
149.20857540906445
 30
0.0
 11
78.30731774838304
 21
149.20857540906445
 31
0.0
  0
LINE
  5
207
330
17
100
AcDbEntity
  8
VISIBLE
100
AcDbLine
 10
79.29946996243334
 20
149.20857540906445
 30
0.0
 11
78.30731774838304
 21
149.20857540906445
 31
0.0
  0
LINE
  5
208
330
17
100
AcDbEntity
  8
VISIBLE
100
AcDbLine
 10
79.29946996243334
 20
149.20857540906445
 30
0.0
 11
80.26507522137499
 21
149.20857540906445
 31
0.0
  0
LINE
  5
209
330
17
100
AcDbEntity
  8
VISIBLE
100
AcDbLine
 10
80.59999848873949
 20
149.20857540906445
 30
0.0
 11
80.26507522137499
 21
149.20857540906445
 31
0.0
  0
LINE
  5
20A
330
17
100
AcDbEntity
  8
VISIBLE
100
AcDbLine
 10
89.29999925167894
 20
147.20857540906445
 30
0.0
 11
89.26531220944261
 21
147.20857540906445
 31
0.0
  0
LINE
  5
20B
330
17
100
AcDbEntity
  8
VISIBLE
100
AcDbLine
 10
89.26531220944261
 20
147.20857540906445
 30
0.0
 11
89.16140557797289
 21
147.20857540906445
 31
0.0
  0
LINE
  5
20C
330
17
100
AcDbEntity
  8
VISIBLE
100
AcDbLine
 10
89.16140557797289
 20
147.20857540906445
 30
0.0
 11
88.98871995480394
 21
147.20857540906445
 31
0.0
  0
LINE
  5
20D
330
17
100
AcDbEntity
  8
VISIBLE
100
AcDbLine
 10
88.98871995480394
 20
147.20857540906445
 30
0.0
 11
88.74799729855394
 21
147.20857540906445
 31
0.0
  0
LINE
  5
20E
330
17
100
AcDbEntity
  8
VISIBLE
100
AcDbLine
 10
88.06684686215257
 20
147.20857540906445
 30
0.0
 11
88.44026662381029
 21
147.20857540906445
 31
0.0
  0
LINE
  5
20F
330
17
100
AcDbEntity
  8
VISIBLE
100
AcDbLine
 10
88.74799729855394
 20
147.20857540906445
 30
0.0
 11
88.44026662381029
 21
147.20857540906445
 31
0.0
  0
LINE
  5
210
330
17
100
AcDbEntity
  8
VISIBLE
100
AcDbLine
 10
83.09066201718187
 20
138.20857540906445
 30
0.0
 11
93.09066201718187
 21
138.20857540906445
 31
0.0
  0
LINE
  5
211
330
17
100
AcDbEntity
  8
VISIBLE
100
AcDbLine
 10
86.56980611355638
 20
147.20857540906445
 30
0.0
 11
87.1296100762639
 21
147.20857540906445
 31
0.0
  0
LINE
  5
212
330
17
100
AcDbEntity
  8
VISIBLE
100
AcDbLine
 10
88.06684686215257
 20
147.20857540906445
 30
0.0
 11
87.62933732540941
 21
147.20857540906445
 31
0.0
  0
LINE
  5
213
330
17
100
AcDbEntity
  8
VISIBLE
100
AcDbLine
 10
87.1296100762639
 20
147.20857540906445
 30
0.0
 11
87.62933732540941
 21
147.20857540906445
 31
0.0
  0
LINE
  5
214
330
17
100
AcDbEntity
  8
VISIBLE
100
AcDbLine
 10
83.09066201718187
 20
144.20857540906445
 30
0.0
 11
93.09066201718187
 21
144.20857540906445
 31
0.0
  0
LINE
  5
215
330
17
100
AcDbEntity
  8
VISIBLE
100
AcDbLine
 10
93.09066201718187
 20
138.20857540906445
 30
0.0
 11
93.09066201718187
 21
144.20857540906445
 31
0.0
  0
LINE
  5
216
330
17
100
AcDbEntity
  8
VISIBLE
100
AcDbLine
 10
95.25246621640062
 20
147.20857540906445
 30
0.0
 11
95.29999925167894
 21
147.20857540906445
 31
0.0
  0
LINE
  5
217
330
17
100
AcDbEntity
  8
VISIBLE
100
AcDbLine
 10
100.24176026852464
 20
144.20857540906445
 30
0.0
 11
100.29999925167894
 21
144.20857540906445
 31
0.0
  0
LINE
  5
218
330
17
100
AcDbEntity
  8
VISIBLE
100
AcDbLine
 10
100.24176026852464
 20
147.20857540906445
 30
0.0
 11
100.29999925167894
 21
147.20857540906445
 31
0.0
  0
LINE
  5
219
330
17
100
AcDbEntity
  8
VISIBLE
100
AcDbLine
 10
89.29999925167894
 20
149.20857540906445
 30
0.0
 11
89.26531220944261
 21
149.20857540906445
 31
0.0
  0
LINE
  5
21A
330
17
100
AcDbEntity
  8
VISIBLE
100
AcDbLine
 10
89.26531220944261
 20
149.20857540906445
 30
0.0
 11
89.16140557797289
 21
149.20857540906445
 31
0.0
  0
LINE
  5
21B
330
17
100
AcDbEntity
  8
VISIBLE
100
AcDbLine
 10
89.16140557797289
 20
149.20857540906445
 30
0.0
 11
88.98871995480394
 21
149.20857540906445
 31
0.0
  0
LINE
  5
21C
330
17
100
AcDbEntity
  8
VISIBLE
100
AcDbLine
 10
88.98871995480394
 20
149.20857540906445
 30
0.0
 11
88.74799729855394
 21
149.20857540906445
 31
0.0
  0
LINE
  5
21D
330
17
100
AcDbEntity
  8
VISIBLE
100
AcDbLine
 10
88.06684686215257
 20
149.20857540906445
 30
0.0
 11
88.44026662381029
 21
149.20857540906445
 31
0.0
  0
LINE
  5
21E
330
17
100
AcDbEntity
  8
VISIBLE
100
AcDbLine
 10
88.74799729855394
 20
149.20857540906445
 30
0.0
 11
88.44026662381029
 21
149.20857540906445
 31
0.0
  0
LINE
  5
21F
330
17
100
AcDbEntity
  8
VISIBLE
100
AcDbLine
 10
88.06684686215257
 20
149.20857540906445
 30
0.0
 11
87.62933732540941
 21
149.20857540906445
 31
0.0
  0
LINE
  5
220
330
17
100
AcDbEntity
  8
VISIBLE
100
AcDbLine
 10
87.4503173974309
 20
149.20857540906445
 30
0.0
 11
87.62933732540941
 21
149.20857540906445
 31
0.0
  0
LINE
  5
221
330
17
100
AcDbEntity
  8
VISIBLE
100
AcDbLine
 10
95.25246621640062
 20
149.20857540906445
 30
0.0
 11
95.29999925167894
 21
149.20857540906445
 31
0.0
  0
LINE
  5
222
330
17
100
AcDbEntity
  8
VISIBLE
100
AcDbLine
 10
87.4503173974309
 20
149.20857540906445
 30
0.0
 11
93.98483087094164
 21
149.20857540906445
 31
0.0
  0
LINE
  5
223
330
17
100
AcDbEntity
  8
VISIBLE
100
AcDbLine
 10
82.10023595364427
 20
159.20857540906445
 30
0.0
 11
82.96193410427904
 21
159.20857540906445
 31
0.0
  0
LINE
  5
224
330
17
100
AcDbEntity
  8
VISIBLE
100
AcDbLine
 10
86.56980611355638
 20
159.20857540906445
 30
0.0
 11
85.9523229745183
 21
159.20857540906445
 31
0.0
  0
LINE
  5
225
330
17
100
AcDbEntity
  8
VISIBLE
100
AcDbLine
 10
82.96193410427904
 20
159.20857540906445
 30
0.0
 11
83.78140069516039
 21
159.20857540906445
 31
0.0
  0
LINE
  5
226
330
17
100
AcDbEntity
  8
VISIBLE
100
AcDbLine
 10
84.55512811215257
 20
159.20857540906445
 30
0.0
 11
83.78140069516039
 21
159.20857540906445
 31
0.0
  0
LINE
  5
227
330
17
100
AcDbEntity
  8
VISIBLE
100
AcDbLine
 10
85.9523229745183
 20
159.20857540906445
 30
0.0
 11
85.2798032906804
 21
159.20857540906445
 31
0.0
  0
LINE
  5
228
330
17
100
AcDbEntity
  8
VISIBLE
100
AcDbLine
 10
84.55512811215257
 20
159.20857540906445
 30
0.0
 11
85.2798032906804
 21
159.20857540906445
 31
0.0
  0
LINE
  5
229
330
17
100
AcDbEntity
  8
VISIBLE
100
AcDbLine
 10
71.84425844223833
 20
161.20857540906445
 30
0.0
 11
73.09999848873949
 21
161.20857540906445
 31
0.0
  0
LINE
  5
22A
330
17
100
AcDbEntity
  8
VISIBLE
100
AcDbLine
 10
73.09999848873949
 20
161.20857540906445
 30
0.0
 11
74.35573853524065
 21
161.20857540906445
 31
0.0
  0
LINE
  5
22B
330
17
100
AcDbEntity
  8
VISIBLE
100
AcDbLine
 10
74.35573853524065
 20
161.20857540906445
 30
0.0
 11
75.60610128910875
 21
161.20857540906445
 31
0.0
  0
LINE
  5
22C
330
17
100
AcDbEntity
  8
VISIBLE
100
AcDbLine
 10
75.60610128910875
 20
161.20857540906445
 30
0.0
 11
76.8457327035222
 21
161.20857540906445
 31
0.0
  0
LINE
  5
22D
330
17
100
AcDbEntity
  8
VISIBLE
100
AcDbLine
 10
78.06932403118944
 20
161.20857540906445
 30
0.0
 11
76.8457327035222
 21
161.20857540906445
 31
0.0
  0
LINE
  5
22E
330
17
100
AcDbEntity
  8
VISIBLE
100
AcDbLine
 10
78.06932403118944
 20
161.20857540906445
 30
0.0
 11
79.2716360238347
 21
161.20857540906445
 31
0.0
  0
LINE
  5
22F
330
17
100
AcDbEntity
  8
VISIBLE
100
AcDbLine
 10
80.59999848873949
 20
149.20857540906445
 30
0.0
 11
80.59999848873949
 21
159.20857540906445
 31
0.0
  0
LINE
  5
230
330
17
100
AcDbEntity
  8
VISIBLE
100
AcDbLine
 10
82.10023595364427
 20
159.20857540906445
 30
0.0
 11
81.19999887020921
 21
159.20857540906445
 31
0.0
  0
LINE
  5
231
330
17
100
AcDbEntity
  8
VISIBLE
100
AcDbLine
 10
80.59999848873949
 20
159.20857540906445
 30
0.0
 11
81.19999887020921
 21
159.20857540906445
 31
0.0
  0
LINE
  5
232
330
17
100
AcDbEntity
  8
VISIBLE
100
AcDbLine
 10
82.69999887020921
 20
159.20857540906445
 30
0.0
 11
81.59194089444017
 21
159.20857540906445
 31
0.0
  0
LINE
  5
233
330
17
100
AcDbEntity
  8
VISIBLE
100
AcDbLine
 10
80.59999848873949
 20
159.20857540906445
 30
0.0
 11
81.59194089444017
 21
159.20857540906445
 31
0.0
  0
LINE
  5
234
330
17
100
AcDbEntity
  8
VISIBLE
100
AcDbLine
 10
79.2716360238347
 20
161.20857540906445
 30
0.0
 11
80.44752027066087
 21
161.20857540906445
 31
0.0
  0
LINE
  5
235
330
17
100
AcDbEntity
  8
VISIBLE
100
AcDbLine
 10
80.59999848873949
 20
159.20857540906445
 30
0.0
 11
80.59999848873949
 21
161.20857540906445
 31
0.0
  0
LINE
  5
236
330
17
100
AcDbEntity
  8
VISIBLE
100
AcDbLine
 10
80.44752027066087
 20
161.20857540906445
 30
0.0
 11
80.59999848873949
 21
161.20857540906445
 31
0.0
  0
LINE
  5
237
330
17
100
AcDbEntity
  8
VISIBLE
100
AcDbLine
 10
82.69999887020921
 20
159.20857540906445
 30
0.0
 11
83.76694680722093
 21
159.20857540906445
 31
0.0
  0
LINE
  5
238
330
17
100
AcDbEntity
  8
VISIBLE
100
AcDbLine
 10
84.78821755917406
 20
159.20857540906445
 30
0.0
 11
83.76694680722093
 21
159.20857540906445
 31
0.0
  0
LINE
  5
239
330
17
100
AcDbEntity
  8
VISIBLE
100
AcDbLine
 10
86.67644883663988
 20
159.20857540906445
 30
0.0
 11
85.75943852932787
 21
159.20857540906445
 31
0.0
  0
LINE
  5
23A
330
17
100
AcDbEntity
  8
VISIBLE
100
AcDbLine
 10
84.78821755917406
 20
159.20857540906445
 30
0.0
 11
85.75943852932787
 21
159.20857540906445
 31
0.0
  0
LINE
  5
23B
330
17
100
AcDbEntity
  8
VISIBLE
100
AcDbLine
 10
71.84425844223833
 20
178.20857540906445
 30
0.0
 11
73.09999848873949
 21
178.20857540906445
 31
0.0
  0
LINE
  5
23C
330
17
100
AcDbEntity
  8
VISIBLE
100
AcDbLine
 10
73.09999848873949
 20
178.20857540906445
 30
0.0
 11
74.35573853524065
 21
178.20857540906445
 31
0.0
  0
LINE
  5
23D
330
17
100
AcDbEntity
  8
VISIBLE
100
AcDbLine
 10
74.35573853524065
 20
178.20857540906445
 30
0.0
 11
75.60610128910875
 21
178.20857540906445
 31
0.0
  0
LINE
  5
23E
330
17
100
AcDbEntity
  8
VISIBLE
100
AcDbLine
 10
75.60610128910875
 20
178.20857540906445
 30
0.0
 11
76.8457327035222
 21
178.20857540906445
 31
0.0
  0
LINE
  5
23F
330
17
100
AcDbEntity
  8
VISIBLE
100
AcDbLine
 10
78.06932403118944
 20
178.20857540906445
 30
0.0
 11
76.8457327035222
 21
178.20857540906445
 31
0.0
  0
LINE
  5
240
330
17
100
AcDbEntity
  8
VISIBLE
100
AcDbLine
 10
78.06932403118944
 20
178.20857540906445
 30
0.0
 11
79.2716360238347
 21
178.20857540906445
 31
0.0
  0
LINE
  5
241
330
17
100
AcDbEntity
  8
VISIBLE
100
AcDbLine
 10
79.2716360238347
 20
178.20857540906445
 30
0.0
 11
80.44752027066087
 21
178.20857540906445
 31
0.0
  0
LINE
  5
242
330
17
100
AcDbEntity
  8
VISIBLE
100
AcDbLine
 10
82.69999887020921
 20
178.20857540906445
 30
0.0
 11
81.59194089444017
 21
178.20857540906445
 31
0.0
  0
LINE
  5
243
330
17
100
AcDbEntity
  8
VISIBLE
100
AcDbLine
 10
80.44752027066087
 20
178.20857540906445
 30
0.0
 11
81.59194089444017
 21
178.20857540906445
 31
0.0
  0
LINE
  5
244
330
17
100
AcDbEntity
  8
VISIBLE
100
AcDbLine
 10
82.69999887020921
 20
178.20857540906445
 30
0.0
 11
83.76694680722093
 21
178.20857540906445
 31
0.0
  0
LINE
  5
245
330
17
100
AcDbEntity
  8
VISIBLE
100
AcDbLine
 10
84.78821755917406
 20
178.20857540906445
 30
0.0
 11
83.76694680722093
 21
178.20857540906445
 31
0.0
  0
LINE
  5
246
330
17
100
AcDbEntity
  8
VISIBLE
100
AcDbLine
 10
86.67644883663988
 20
178.20857540906445
 30
0.0
 11
85.75943852932787
 21
178.20857540906445
 31
0.0
  0
LINE
  5
247
330
17
100
AcDbEntity
  8
VISIBLE
100
AcDbLine
 10
84.78821755917406
 20
178.20857540906445
 30
0.0
 11
85.75943852932787
 21
178.20857540906445
 31
0.0
  0
LINE
  5
248
330
17
100
AcDbEntity
  8
VISIBLE
100
AcDbLine
 10
92.29999925167894
 20
161.20857540906445
 30
0.0
 11
92.25889016659593
 21
161.20857540906445
 31
0.0
  0
LINE
  5
249
330
17
100
AcDbEntity
  8
VISIBLE
100
AcDbLine
 10
92.25889016659593
 20
161.20857540906445
 30
0.0
 11
92.13574029476976
 21
161.20857540906445
 31
0.0
  0
LINE
  5
24A
330
17
100
AcDbEntity
  8
VISIBLE
100
AcDbLine
 10
91.64577485592699
 20
161.20857540906445
 30
0.0
 11
91.28105737240648
 21
161.20857540906445
 31
0.0
  0
LINE
  5
24B
330
17
100
AcDbEntity
  8
VISIBLE
100
AcDbLine
 10
92.13574029476976
 20
161.20857540906445
 30
0.0
 11
91.93107606442308
 21
161.20857540906445
 31
0.0
  0
LINE
  5
24C
330
17
100
AcDbEntity
  8
VISIBLE
100
AcDbLine
 10
91.64577485592699
 20
161.20857540906445
 30
0.0
 11
91.93107606442308
 21
161.20857540906445
 31
0.0
  0
LINE
  5
24D
330
17
100
AcDbEntity
  8
VISIBLE
100
AcDbLine
 10
87.4503173974309
 20
149.20857540906445
 30
0.0
 11
87.4503173974309
 21
159.20857540906445
 31
0.0
  0
LINE
  5
24E
330
17
100
AcDbEntity
  8
VISIBLE
100
AcDbLine
 10
86.56980611355638
 20
159.20857540906445
 30
0.0
 11
87.1296100762639
 21
159.20857540906445
 31
0.0
  0
LINE
  5
24F
330
17
100
AcDbEntity
  8
VISIBLE
100
AcDbLine
 10
87.4503173974309
 20
159.20857540906445
 30
0.0
 11
87.1296100762639
 21
159.20857540906445
 31
0.0
  0
LINE
  5
250
330
17
100
AcDbEntity
  8
VISIBLE
100
AcDbLine
 10
86.67644883663988
 20
159.20857540906445
 30
0.0
 11
87.53532315762376
 21
159.20857540906445
 31
0.0
  0
LINE
  5
251
330
17
100
AcDbEntity
  8
VISIBLE
100
AcDbLine
 10
88.33238221676683
 20
159.20857540906445
 30
0.0
 11
87.53532315762376
 21
159.20857540906445
 31
0.0
  0
LINE
  5
252
330
17
100
AcDbEntity
  8
VISIBLE
100
AcDbLine
 10
89.72768594296312
 20
159.20857540906445
 30
0.0
 11
89.06421472103929
 21
159.20857540906445
 31
0.0
  0
LINE
  5
253
330
17
100
AcDbEntity
  8
VISIBLE
100
AcDbLine
 10
88.33238221676683
 20
159.20857540906445
 30
0.0
 11
89.06421472103929
 21
159.20857540906445
 31
0.0
  0
LINE
  5
254
330
17
100
AcDbEntity
  8
VISIBLE
100
AcDbLine
 10
87.4503173974309
 20
159.20857540906445
 30
0.0
 11
90.76939965756273
 21
159.20857540906445
 31
0.0
  0
LINE
  5
255
330
17
100
AcDbEntity
  8
VISIBLE
100
AcDbLine
 10
89.72768594296312
 20
159.20857540906445
 30
0.0
 11
90.31995584042406
 21
159.20857540906445
 31
0.0
  0
LINE
  5
256
330
17
100
AcDbEntity
  8
VISIBLE
100
AcDbLine
 10
90.76939965756273
 20
159.20857540906445
 30
0.0
 11
90.31995584042406
 21
159.20857540906445
 31
0.0
  0
LINE
  5
257
330
17
100
AcDbEntity
  8
VISIBLE
100
AcDbLine
 10
91.28105737240648
 20
161.20857540906445
 30
0.0
 11
90.83848573239183
 21
161.20857540906445
 31
0.0
  0
LINE
  5
258
330
17
100
AcDbEntity
  8
VISIBLE
100
AcDbLine
 10
90.76939965756273
 20
159.20857540906445
 30
0.0
 11
90.76939965756273
 21
161.20857540906445
 31
0.0
  0
LINE
  5
259
330
17
100
AcDbEntity
  8
VISIBLE
100
AcDbLine
 10
90.83848573239183
 20
161.20857540906445
 30
0.0
 11
90.76939965756273
 21
161.20857540906445
 31
0.0
  0
LINE
  5
25A
330
17
100
AcDbEntity
  8
VISIBLE
100
AcDbLine
 10
95.25246621640062
 20
161.20857540906445
 30
0.0
 11
95.29999925167894
 21
161.20857540906445
 31
0.0
  0
LINE
  5
25B
330
17
100
AcDbEntity
  8
VISIBLE
100
AcDbLine
 10
93.98483087094164
 20
149.20857540906445
 30
0.0
 11
93.98483087094164
 21
161.20857540906445
 31
0.0
  0
LINE
  5
25C
330
17
100
AcDbEntity
  8
VISIBLE
100
AcDbLine
 10
90.76939965756273
 20
161.20857540906445
 30
0.0
 11
93.98483087094164
 21
161.20857540906445
 31
0.0
  0
LINE
  5
25D
330
17
100
AcDbEntity
  8
VISIBLE
100
AcDbLine
 10
92.29999925167894
 20
178.20857540906445
 30
0.0
 11
92.25889016659593
 21
178.20857540906445
 31
0.0
  0
LINE
  5
25E
330
17
100
AcDbEntity
  8
VISIBLE
100
AcDbLine
 10
92.25889016659593
 20
178.20857540906445
 30
0.0
 11
92.13574029476976
 21
178.20857540906445
 31
0.0
  0
LINE
  5
25F
330
17
100
AcDbEntity
  8
VISIBLE
100
AcDbLine
 10
91.64577485592699
 20
178.20857540906445
 30
0.0
 11
91.28105737240648
 21
178.20857540906445
 31
0.0
  0
LINE
  5
260
330
17
100
AcDbEntity
  8
VISIBLE
100
AcDbLine
 10
92.13574029476976
 20
178.20857540906445
 30
0.0
 11
91.93107606442308
 21
178.20857540906445
 31
0.0
  0
LINE
  5
261
330
17
100
AcDbEntity
  8
VISIBLE
100
AcDbLine
 10
91.64577485592699
 20
178.20857540906445
 30
0.0
 11
91.93107606442308
 21
178.20857540906445
 31
0.0
  0
LINE
  5
262
330
17
100
AcDbEntity
  8
VISIBLE
100
AcDbLine
 10
86.67644883663988
 20
178.20857540906445
 30
0.0
 11
87.53532315762376
 21
178.20857540906445
 31
0.0
  0
LINE
  5
263
330
17
100
AcDbEntity
  8
VISIBLE
100
AcDbLine
 10
88.33238221676683
 20
178.20857540906445
 30
0.0
 11
87.53532315762376
 21
178.20857540906445
 31
0.0
  0
LINE
  5
264
330
17
100
AcDbEntity
  8
VISIBLE
100
AcDbLine
 10
89.72768594296312
 20
178.20857540906445
 30
0.0
 11
89.06421472103929
 21
178.20857540906445
 31
0.0
  0
LINE
  5
265
330
17
100
AcDbEntity
  8
VISIBLE
100
AcDbLine
 10
88.33238221676683
 20
178.20857540906445
 30
0.0
 11
89.06421472103929
 21
178.20857540906445
 31
0.0
  0
LINE
  5
266
330
17
100
AcDbEntity
  8
VISIBLE
100
AcDbLine
 10
91.28105737240648
 20
178.20857540906445
 30
0.0
 11
90.83848573239183
 21
178.20857540906445
 31
0.0
  0
LINE
  5
267
330
17
100
AcDbEntity
  8
VISIBLE
100
AcDbLine
 10
89.72768594296312
 20
178.20857540906445
 30
0.0
 11
90.31995584042406
 21
178.20857540906445
 31
0.0
  0
LINE
  5
268
330
17
100
AcDbEntity
  8
VISIBLE
100
AcDbLine
 10
90.83848573239183
 20
178.20857540906445
 30
0.0
 11
90.31995584042406
 21
178.20857540906445
 31
0.0
  0
LINE
  5
269
330
17
100
AcDbEntity
  8
VISIBLE
100
AcDbLine
 10
95.25246621640062
 20
178.20857540906445
 30
0.0
 11
95.29999925167894
 21
178.20857540906445
 31
0.0
  0
LINE
  5
26A
330
17
100
AcDbEntity
  8
VISIBLE
100
AcDbLine
 10
45.899997796150906
 20
144.20857547941532
 30
0.0
 11
45.899997725800034
 21
144.2085769114402
 31
0.0
  0
LINE
  5
26B
330
17
100
AcDbEntity
  8
VISIBLE
100
AcDbLine
 10
45.899997725800034
 20
144.2085769114402
 30
0.0
 11
45.899997725800034
 21
147.2085739066887
 31
0.0
  0
LINE
  5
26C
330
17
100
AcDbEntity
  8
VISIBLE
100
AcDbLine
 10
45.899997725800034
 20
147.2085739066887
 30
0.0
 11
45.899997796150906
 21
147.2085753387136
 31
0.0
  0
LINE
  5
26D
330
17
100
AcDbEntity
  8
VISIBLE
100
AcDbLine
 10
45.899997796150906
 20
147.2085753387136
 30
0.0
 11
45.89999922817573
 21
147.20857540906445
 31
0.0
  0
LINE
  5
26E
330
17
100
AcDbEntity
  8
VISIBLE
100
AcDbLine
 10
45.89999922817573
 20
147.20857540906445
 30
0.0
 11
50.899936525799276
 21
147.20857540906445
 31
0.0
  0
LINE
  5
26F
330
17
100
AcDbEntity
  8
VISIBLE
100
AcDbLine
 10
50.899936525799276
 20
147.20857540906445
 30
0.0
 11
50.899942524448335
 21
147.20857570375918
 31
0.0
  0
LINE
  5
270
330
17
100
AcDbEntity
  8
VISIBLE
100
AcDbLine
 10
50.899942524448335
 20
147.20857570375918
 30
0.0
 11
50.89994846532713
 21
147.20857658500532
 31
0.0
  0
LINE
  5
271
330
17
100
AcDbEntity
  8
VISIBLE
100
AcDbLine
 10
50.89994846532713
 20
147.20857658500532
 30
0.0
 11
50.899954291221746
 21
147.20857804431594
 31
0.0
  0
LINE
  5
272
330
17
100
AcDbEntity
  8
VISIBLE
100
AcDbLine
 10
50.899954291221746
 20
147.20857804431594
 30
0.0
 11
50.899959946025625
 21
147.20858006763712
 31
0.0
  0
LINE
  5
273
330
17
100
AcDbEntity
  8
VISIBLE
100
AcDbLine
 10
50.899959946025625
 20
147.20858006763712
 30
0.0
 11
50.899965375279926
 21
147.20858263548317
 31
0.0
  0
LINE
  5
274
330
17
100
AcDbEntity
  8
VISIBLE
100
AcDbLine
 10
50.899965375279926
 20
147.20858263548317
 30
0.0
 11
50.899970526697956
 21
147.20858572312432
 31
0.0
  0
LINE
  5
275
330
17
100
AcDbEntity
  8
VISIBLE
100
AcDbLine
 10
50.899970526697956
 20
147.20858572312432
 30
0.0
 11
50.89997535066875
 21
147.20858930082488
 31
0.0
  0
LINE
  5
276
330
17
100
AcDbEntity
  8
VISIBLE
100
AcDbLine
 10
50.89997535066875
 20
147.20858930082488
 30
0.0
 11
50.899979800734826
 21
147.20859333412966
 31
0.0
  0
LINE
  5
277
330
17
100
AcDbEntity
  8
VISIBLE
100
AcDbLine
 10
50.899979800734826
 20
147.20859333412966
 30
0.0
 11
50.89998383403961
 21
147.20859778419575
 31
0.0
  0
LINE
  5
278
330
17
100
AcDbEntity
  8
VISIBLE
100
AcDbLine
 10
50.89998383403961
 20
147.20859778419575
 30
0.0
 11
50.899987411740184
 21
147.20860260816653
 31
0.0
  0
LINE
  5
279
330
17
100
AcDbEntity
  8
VISIBLE
100
AcDbLine
 10
50.899987411740184
 20
147.20860260816653
 30
0.0
 11
50.899990499381325
 21
147.20860775958457
 31
0.0
  0
LINE
  5
27A
330
17
100
AcDbEntity
  8
VISIBLE
100
AcDbLine
 10
50.899990499381325
 20
147.20860775958457
 30
0.0
 11
50.89999306722737
 21
147.20861318883885
 31
0.0
  0
LINE
  5
27B
330
17
100
AcDbEntity
  8
VISIBLE
100
AcDbLine
 10
50.89999306722737
 20
147.20861318883885
 30
0.0
 11
50.89999509054855
 21
147.20861884364274
 31
0.0
  0
LINE
  5
27C
330
17
100
AcDbEntity
  8
VISIBLE
100
AcDbLine
 10
50.89999509054855
 20
147.20861884364274
 30
0.0
 11
50.89999654985918
 21
147.20862466953736
 31
0.0
  0
LINE
  5
27D
330
17
100
AcDbEntity
  8
VISIBLE
100
AcDbLine
 10
50.89999654985918
 20
147.20862466953736
 30
0.0
 11
50.899997431105305
 21
147.20863061041615
 31
0.0
  0
LINE
  5
27E
330
17
100
AcDbEntity
  8
VISIBLE
100
AcDbLine
 10
50.899997431105305
 20
147.20863061041615
 30
0.0
 11
50.899997725800034
 21
147.20863660906522
 31
0.0
  0
LINE
  5
27F
330
17
100
AcDbEntity
  8
VISIBLE
100
AcDbLine
 10
50.899997725800034
 20
147.20863660906522
 30
0.0
 11
50.899997725800034
 21
149.2085739066887
 31
0.0
  0
LINE
  5
280
330
17
100
AcDbEntity
  8
VISIBLE
100
AcDbLine
 10
50.899997725800034
 20
149.2085739066887
 30
0.0
 11
50.899997796150906
 21
149.2085753387136
 31
0.0
  0
LINE
  5
281
330
17
100
AcDbEntity
  8
VISIBLE
100
AcDbLine
 10
50.899997796150906
 20
149.2085753387136
 30
0.0
 11
50.89999922817573
 21
149.20857540906445
 31
0.0
  0
LINE
  5
282
330
17
100
AcDbEntity
  8
VISIBLE
100
AcDbLine
 10
50.89999922817573
 20
149.20857540906445
 30
0.0
 11
52.21510490653658
 21
149.20857540906445
 31
0.0
  0
LINE
  5
283
330
17
100
AcDbEntity
  8
VISIBLE
100
AcDbLine
 10
52.21510490653658
 20
149.20857540906445
 30
0.0
 11
52.21511090518564
 21
149.20857570375918
 31
0.0
  0
LINE
  5
284
330
17
100
AcDbEntity
  8
VISIBLE
100
AcDbLine
 10
52.21511090518564
 20
149.20857570375918
 30
0.0
 11
52.21511684606443
 21
149.20857658500532
 31
0.0
  0
LINE
  5
285
330
17
100
AcDbEntity
  8
VISIBLE
100
AcDbLine
 10
52.21511684606443
 20
149.20857658500532
 30
0.0
 11
52.21512267195905
 21
149.20857804431594
 31
0.0
  0
LINE
  5
286
330
17
100
AcDbEntity
  8
VISIBLE
100
AcDbLine
 10
52.21512267195905
 20
149.20857804431594
 30
0.0
 11
52.21512832676293
 21
149.20858006763712
 31
0.0
  0
LINE
  5
287
330
17
100
AcDbEntity
  8
VISIBLE
100
AcDbLine
 10
52.21512832676293
 20
149.20858006763712
 30
0.0
 11
52.21513375601723
 21
149.20858263548317
 31
0.0
  0
LINE
  5
288
330
17
100
AcDbEntity
  8
VISIBLE
100
AcDbLine
 10
52.21513375601723
 20
149.20858263548317
 30
0.0
 11
52.21513890743526
 21
149.20858572312432
 31
0.0
  0
LINE
  5
289
330
17
100
AcDbEntity
  8
VISIBLE
100
AcDbLine
 10
52.21513890743526
 20
149.20858572312432
 30
0.0
 11
52.21514373140605
 21
149.20858930082488
 31
0.0
  0
LINE
  5
28A
330
17
100
AcDbEntity
  8
VISIBLE
100
AcDbLine
 10
52.21514373140605
 20
149.20858930082488
 30
0.0
 11
52.21514818147213
 21
149.20859333412966
 31
0.0
  0
LINE
  5
28B
330
17
100
AcDbEntity
  8
VISIBLE
100
AcDbLine
 10
52.21514818147213
 20
149.20859333412966
 30
0.0
 11
52.215152214776914
 21
149.20859778419575
 31
0.0
  0
LINE
  5
28C
330
17
100
AcDbEntity
  8
VISIBLE
100
AcDbLine
 10
52.215152214776914
 20
149.20859778419575
 30
0.0
 11
52.21515579247749
 21
149.20860260816653
 31
0.0
  0
LINE
  5
28D
330
17
100
AcDbEntity
  8
VISIBLE
100
AcDbLine
 10
52.21515579247749
 20
149.20860260816653
 30
0.0
 11
52.21515888011863
 21
149.20860775958457
 31
0.0
  0
LINE
  5
28E
330
17
100
AcDbEntity
  8
VISIBLE
100
AcDbLine
 10
52.21515888011863
 20
149.20860775958457
 30
0.0
 11
52.215161447964675
 21
149.20861318883885
 31
0.0
  0
LINE
  5
28F
330
17
100
AcDbEntity
  8
VISIBLE
100
AcDbLine
 10
52.215161447964675
 20
149.20861318883885
 30
0.0
 11
52.215163471285855
 21
149.20861884364274
 31
0.0
  0
LINE
  5
290
330
17
100
AcDbEntity
  8
VISIBLE
100
AcDbLine
 10
52.215163471285855
 20
149.20861884364274
 30
0.0
 11
52.21516493059649
 21
149.20862466953736
 31
0.0
  0
LINE
  5
291
330
17
100
AcDbEntity
  8
VISIBLE
100
AcDbLine
 10
52.21516493059649
 20
149.20862466953736
 30
0.0
 11
52.21516581184261
 21
149.20863061041615
 31
0.0
  0
LINE
  5
292
330
17
100
AcDbEntity
  8
VISIBLE
100
AcDbLine
 10
52.21516581184261
 20
149.20863061041615
 30
0.0
 11
52.21516610653734
 21
149.20863660906522
 31
0.0
  0
LINE
  5
293
330
17
100
AcDbEntity
  8
VISIBLE
100
AcDbLine
 10
52.21516610653734
 20
149.20863660906522
 30
0.0
 11
52.21516610653734
 21
161.20851420906368
 31
0.0
  0
LINE
  5
294
330
17
100
AcDbEntity
  8
VISIBLE
100
AcDbLine
 10
52.21516610653734
 20
161.20851420906368
 30
0.0
 11
52.21516581184261
 21
161.20852020771275
 31
0.0
  0
LINE
  5
295
330
17
100
AcDbEntity
  8
VISIBLE
100
AcDbLine
 10
52.21516581184261
 20
161.20852020771275
 30
0.0
 11
52.21516493059649
 21
161.20852614859155
 31
0.0
  0
LINE
  5
296
330
17
100
AcDbEntity
  8
VISIBLE
100
AcDbLine
 10
52.21516493059649
 20
161.20852614859155
 30
0.0
 11
52.215163471285855
 21
161.20853197448616
 31
0.0
  0
LINE
  5
297
330
17
100
AcDbEntity
  8
VISIBLE
100
AcDbLine
 10
52.215163471285855
 20
161.20853197448616
 30
0.0
 11
52.215161447964675
 21
161.20853762929005
 31
0.0
  0
LINE
  5
298
330
17
100
AcDbEntity
  8
VISIBLE
100
AcDbLine
 10
52.215161447964675
 20
161.20853762929005
 30
0.0
 11
52.21515888011863
 21
161.20854305854434
 31
0.0
  0
LINE
  5
299
330
17
100
AcDbEntity
  8
VISIBLE
100
AcDbLine
 10
52.21515888011863
 20
161.20854305854434
 30
0.0
 11
52.21515579247749
 21
161.20854820996237
 31
0.0
  0
LINE
  5
29A
330
17
100
AcDbEntity
  8
VISIBLE
100
AcDbLine
 10
52.21515579247749
 20
161.20854820996237
 30
0.0
 11
52.215152214776914
 21
161.20855303393316
 31
0.0
  0
LINE
  5
29B
330
17
100
AcDbEntity
  8
VISIBLE
100
AcDbLine
 10
52.215152214776914
 20
161.20855303393316
 30
0.0
 11
52.21514818147213
 21
161.20855748399924
 31
0.0
  0
LINE
  5
29C
330
17
100
AcDbEntity
  8
VISIBLE
100
AcDbLine
 10
52.21514818147213
 20
161.20855748399924
 30
0.0
 11
52.21514373140605
 21
161.20856151730402
 31
0.0
  0
LINE
  5
29D
330
17
100
AcDbEntity
  8
VISIBLE
100
AcDbLine
 10
52.21514373140605
 20
161.20856151730402
 30
0.0
 11
52.21513890743526
 21
161.2085650950046
 31
0.0
  0
LINE
  5
29E
330
17
100
AcDbEntity
  8
VISIBLE
100
AcDbLine
 10
52.21513890743526
 20
161.2085650950046
 30
0.0
 11
52.21513375601723
 21
161.20856818264573
 31
0.0
  0
LINE
  5
29F
330
17
100
AcDbEntity
  8
VISIBLE
100
AcDbLine
 10
52.21513375601723
 20
161.20856818264573
 30
0.0
 11
52.21512832676293
 21
161.2085707504918
 31
0.0
  0
LINE
  5
2A0
330
17
100
AcDbEntity
  8
VISIBLE
100
AcDbLine
 10
52.21512832676293
 20
161.2085707504918
 30
0.0
 11
52.21512267195905
 21
161.20857277381296
 31
0.0
  0
LINE
  5
2A1
330
17
100
AcDbEntity
  8
VISIBLE
100
AcDbLine
 10
52.21512267195905
 20
161.20857277381296
 30
0.0
 11
52.21511684606443
 21
161.2085742331236
 31
0.0
  0
LINE
  5
2A2
330
17
100
AcDbEntity
  8
VISIBLE
100
AcDbLine
 10
52.21511684606443
 20
161.2085742331236
 30
0.0
 11
52.21511090518564
 21
161.20857511436972
 31
0.0
  0
LINE
  5
2A3
330
17
100
AcDbEntity
  8
VISIBLE
100
AcDbLine
 10
52.21511090518564
 20
161.20857511436972
 30
0.0
 11
52.21510490653658
 21
161.20857540906445
 31
0.0
  0
LINE
  5
2A4
330
17
100
AcDbEntity
  8
VISIBLE
100
AcDbLine
 10
52.21510490653658
 20
161.20857540906445
 30
0.0
 11
50.89999922817577
 21
161.20857540906445
 31
0.0
  0
LINE
  5
2A5
330
17
100
AcDbEntity
  8
VISIBLE
100
AcDbLine
 10
50.89999922817577
 20
161.20857540906445
 30
0.0
 11
50.899997796150906
 21
161.20857547941532
 31
0.0
  0
LINE
  5
2A6
330
17
100
AcDbEntity
  8
VISIBLE
100
AcDbLine
 10
50.899997796150906
 20
161.20857547941532
 30
0.0
 11
50.899997725800034
 21
161.2085769114402
 31
0.0
  0
LINE
  5
2A7
330
17
100
AcDbEntity
  8
VISIBLE
100
AcDbLine
 10
50.899997725800034
 20
161.2085769114402
 30
0.0
 11
50.899997725800034
 21
178.2085739066887
 31
0.0
  0
LINE
  5
2A8
330
17
100
AcDbEntity
  8
VISIBLE
100
AcDbLine
 10
50.899997725800034
 20
178.2085739066887
 30
0.0
 11
50.899997796150906
 21
178.2085753387136
 31
0.0
  0
LINE
  5
2A9
330
17
100
AcDbEntity
  8
VISIBLE
100
AcDbLine
 10
50.899997796150906
 20
178.2085753387136
 30
0.0
 11
50.899999228175744
 21
178.20857540906445
 31
0.0
  0
LINE
  5
2AA
330
17
100
AcDbEntity
  8
VISIBLE
100
AcDbLine
 10
50.899999228175744
 20
178.20857540906445
 30
0.0
 11
95.29999774930323
 21
178.20857540906445
 31
0.0
  0
LINE
  5
2AB
330
17
100
AcDbEntity
  8
VISIBLE
100
AcDbLine
 10
95.29999774930323
 20
178.20857540906445
 30
0.0
 11
95.29999918132808
 21
178.2085753387136
 31
0.0
  0
LINE
  5
2AC
330
17
100
AcDbEntity
  8
VISIBLE
100
AcDbLine
 10
95.29999918132808
 20
178.2085753387136
 30
0.0
 11
95.29999925167894
 21
178.2085739066887
 31
0.0
  0
LINE
  5
2AD
330
17
100
AcDbEntity
  8
VISIBLE
100
AcDbLine
 10
95.29999925167894
 20
178.2085739066887
 30
0.0
 11
95.29999925167894
 21
161.2085769114402
 31
0.0
  0
LINE
  5
2AE
330
17
100
AcDbEntity
  8
VISIBLE
100
AcDbLine
 10
95.29999925167894
 20
161.2085769114402
 30
0.0
 11
95.29999918132808
 21
161.20857547941532
 31
0.0
  0
LINE
  5
2AF
330
17
100
AcDbEntity
  8
VISIBLE
100
AcDbLine
 10
95.29999918132808
 20
161.20857547941532
 30
0.0
 11
95.2999977493032
 21
161.20857540906445
 31
0.0
  0
LINE
  5
2B0
330
17
100
AcDbEntity
  8
VISIBLE
100
AcDbLine
 10
95.2999977493032
 20
161.20857540906445
 30
0.0
 11
93.9848920709424
 21
161.20857540906445
 31
0.0
  0
LINE
  5
2B1
330
17
100
AcDbEntity
  8
VISIBLE
100
AcDbLine
 10
93.9848920709424
 20
161.20857540906445
 30
0.0
 11
93.98488607229334
 21
161.20857511436972
 31
0.0
  0
LINE
  5
2B2
330
17
100
AcDbEntity
  8
VISIBLE
100
AcDbLine
 10
93.98488607229334
 20
161.20857511436972
 30
0.0
 11
93.98488013141454
 21
161.2085742331236
 31
0.0
  0
LINE
  5
2B3
330
17
100
AcDbEntity
  8
VISIBLE
100
AcDbLine
 10
93.98488013141454
 20
161.2085742331236
 30
0.0
 11
93.98487430551992
 21
161.20857277381296
 31
0.0
  0
LINE
  5
2B4
330
17
100
AcDbEntity
  8
VISIBLE
100
AcDbLine
 10
93.98487430551992
 20
161.20857277381296
 30
0.0
 11
93.98486865071604
 21
161.2085707504918
 31
0.0
  0
LINE
  5
2B5
330
17
100
AcDbEntity
  8
VISIBLE
100
AcDbLine
 10
93.98486865071604
 20
161.2085707504918
 30
0.0
 11
93.98486322146175
 21
161.20856818264573
 31
0.0
  0
LINE
  5
2B6
330
17
100
AcDbEntity
  8
VISIBLE
100
AcDbLine
 10
93.98486322146175
 20
161.20856818264573
 30
0.0
 11
93.98485807004371
 21
161.2085650950046
 31
0.0
  0
LINE
  5
2B7
330
17
100
AcDbEntity
  8
VISIBLE
100
AcDbLine
 10
93.98485807004371
 20
161.2085650950046
 30
0.0
 11
93.98485324607293
 21
161.20856151730402
 31
0.0
  0
LINE
  5
2B8
330
17
100
AcDbEntity
  8
VISIBLE
100
AcDbLine
 10
93.98485324607293
 20
161.20856151730402
 30
0.0
 11
93.98484879600684
 21
161.20855748399924
 31
0.0
  0
LINE
  5
2B9
330
17
100
AcDbEntity
  8
VISIBLE
100
AcDbLine
 10
93.98484879600684
 20
161.20855748399924
 30
0.0
 11
93.98484476270207
 21
161.20855303393316
 31
0.0
  0
LINE
  5
2BA
330
17
100
AcDbEntity
  8
VISIBLE
100
AcDbLine
 10
93.98484476270207
 20
161.20855303393316
 30
0.0
 11
93.98484118500149
 21
161.20854820996237
 31
0.0
  0
LINE
  5
2BB
330
17
100
AcDbEntity
  8
VISIBLE
100
AcDbLine
 10
93.98484118500149
 20
161.20854820996237
 30
0.0
 11
93.98483809736035
 21
161.20854305854434
 31
0.0
  0
LINE
  5
2BC
330
17
100
AcDbEntity
  8
VISIBLE
100
AcDbLine
 10
93.98483809736035
 20
161.20854305854434
 30
0.0
 11
93.9848355295143
 21
161.20853762929005
 31
0.0
  0
LINE
  5
2BD
330
17
100
AcDbEntity
  8
VISIBLE
100
AcDbLine
 10
93.9848355295143
 20
161.20853762929005
 30
0.0
 11
93.98483350619313
 21
161.20853197448616
 31
0.0
  0
LINE
  5
2BE
330
17
100
AcDbEntity
  8
VISIBLE
100
AcDbLine
 10
93.98483350619313
 20
161.20853197448616
 30
0.0
 11
93.98483204688249
 21
161.20852614859155
 31
0.0
  0
LINE
  5
2BF
330
17
100
AcDbEntity
  8
VISIBLE
100
AcDbLine
 10
93.98483204688249
 20
161.20852614859155
 30
0.0
 11
93.98483116563636
 21
161.20852020771275
 31
0.0
  0
LINE
  5
2C0
330
17
100
AcDbEntity
  8
VISIBLE
100
AcDbLine
 10
93.98483116563636
 20
161.20852020771275
 30
0.0
 11
93.98483087094164
 21
161.20851420906368
 31
0.0
  0
LINE
  5
2C1
330
17
100
AcDbEntity
  8
VISIBLE
100
AcDbLine
 10
93.98483087094164
 20
161.20851420906368
 30
0.0
 11
93.98483087094164
 21
149.20863660906522
 31
0.0
  0
LINE
  5
2C2
330
17
100
AcDbEntity
  8
VISIBLE
100
AcDbLine
 10
93.98483087094164
 20
149.20863660906522
 30
0.0
 11
93.98483116563636
 21
149.20863061041615
 31
0.0
  0
LINE
  5
2C3
330
17
100
AcDbEntity
  8
VISIBLE
100
AcDbLine
 10
93.98483116563636
 20
149.20863061041615
 30
0.0
 11
93.98483204688249
 21
149.20862466953736
 31
0.0
  0
LINE
  5
2C4
330
17
100
AcDbEntity
  8
VISIBLE
100
AcDbLine
 10
93.98483204688249
 20
149.20862466953736
 30
0.0
 11
93.98483350619313
 21
149.20861884364274
 31
0.0
  0
LINE
  5
2C5
330
17
100
AcDbEntity
  8
VISIBLE
100
AcDbLine
 10
93.98483350619313
 20
149.20861884364274
 30
0.0
 11
93.9848355295143
 21
149.20861318883885
 31
0.0
  0
LINE
  5
2C6
330
17
100
AcDbEntity
  8
VISIBLE
100
AcDbLine
 10
93.9848355295143
 20
149.20861318883885
 30
0.0
 11
93.98483809736035
 21
149.20860775958457
 31
0.0
  0
LINE
  5
2C7
330
17
100
AcDbEntity
  8
VISIBLE
100
AcDbLine
 10
93.98483809736035
 20
149.20860775958457
 30
0.0
 11
93.98484118500149
 21
149.20860260816653
 31
0.0
  0
LINE
  5
2C8
330
17
100
AcDbEntity
  8
VISIBLE
100
AcDbLine
 10
93.98484118500149
 20
149.20860260816653
 30
0.0
 11
93.98484476270207
 21
149.20859778419575
 31
0.0
  0
LINE
  5
2C9
330
17
100
AcDbEntity
  8
VISIBLE
100
AcDbLine
 10
93.98484476270207
 20
149.20859778419575
 30
0.0
 11
93.98484879600684
 21
149.20859333412966
 31
0.0
  0
LINE
  5
2CA
330
17
100
AcDbEntity
  8
VISIBLE
100
AcDbLine
 10
93.98484879600684
 20
149.20859333412966
 30
0.0
 11
93.98485324607293
 21
149.20858930082488
 31
0.0
  0
LINE
  5
2CB
330
17
100
AcDbEntity
  8
VISIBLE
100
AcDbLine
 10
93.98485324607293
 20
149.20858930082488
 30
0.0
 11
93.98485807004371
 21
149.20858572312432
 31
0.0
  0
LINE
  5
2CC
330
17
100
AcDbEntity
  8
VISIBLE
100
AcDbLine
 10
93.98485807004371
 20
149.20858572312432
 30
0.0
 11
93.98486322146175
 21
149.20858263548317
 31
0.0
  0
LINE
  5
2CD
330
17
100
AcDbEntity
  8
VISIBLE
100
AcDbLine
 10
93.98486322146175
 20
149.20858263548317
 30
0.0
 11
93.98486865071604
 21
149.20858006763712
 31
0.0
  0
LINE
  5
2CE
330
17
100
AcDbEntity
  8
VISIBLE
100
AcDbLine
 10
93.98486865071604
 20
149.20858006763712
 30
0.0
 11
93.98487430551992
 21
149.20857804431594
 31
0.0
  0
LINE
  5
2CF
330
17
100
AcDbEntity
  8
VISIBLE
100
AcDbLine
 10
93.98487430551992
 20
149.20857804431594
 30
0.0
 11
93.98488013141454
 21
149.20857658500532
 31
0.0
  0
LINE
  5
2D0
330
17
100
AcDbEntity
  8
VISIBLE
100
AcDbLine
 10
93.98488013141454
 20
149.20857658500532
 30
0.0
 11
93.98488607229334
 21
149.20857570375918
 31
0.0
  0
LINE
  5
2D1
330
17
100
AcDbEntity
  8
VISIBLE
100
AcDbLine
 10
93.98488607229334
 20
149.20857570375918
 30
0.0
 11
93.9848920709424
 21
149.20857540906445
 31
0.0
  0
LINE
  5
2D2
330
17
100
AcDbEntity
  8
VISIBLE
100
AcDbLine
 10
93.9848920709424
 20
149.20857540906445
 30
0.0
 11
95.29999774930324
 21
149.20857540906445
 31
0.0
  0
LINE
  5
2D3
330
17
100
AcDbEntity
  8
VISIBLE
100
AcDbLine
 10
95.29999774930324
 20
149.20857540906445
 30
0.0
 11
95.29999918132808
 21
149.2085753387136
 31
0.0
  0
LINE
  5
2D4
330
17
100
AcDbEntity
  8
VISIBLE
100
AcDbLine
 10
95.29999918132808
 20
149.2085753387136
 30
0.0
 11
95.29999925167894
 21
149.2085739066887
 31
0.0
  0
LINE
  5
2D5
330
17
100
AcDbEntity
  8
VISIBLE
100
AcDbLine
 10
95.29999925167894
 20
149.2085739066887
 30
0.0
 11
95.29999925167894
 21
147.20863660906522
 31
0.0
  0
LINE
  5
2D6
330
17
100
AcDbEntity
  8
VISIBLE
100
AcDbLine
 10
95.29999925167894
 20
147.20863660906522
 30
0.0
 11
95.29999954637367
 21
147.20863061041615
 31
0.0
  0
LINE
  5
2D7
330
17
100
AcDbEntity
  8
VISIBLE
100
AcDbLine
 10
95.29999954637367
 20
147.20863061041615
 30
0.0
 11
95.30000042761979
 21
147.20862466953736
 31
0.0
  0
LINE
  5
2D8
330
17
100
AcDbEntity
  8
VISIBLE
100
AcDbLine
 10
95.30000042761979
 20
147.20862466953736
 30
0.0
 11
95.30000188693043
 21
147.20861884364274
 31
0.0
  0
LINE
  5
2D9
330
17
100
AcDbEntity
  8
VISIBLE
100
AcDbLine
 10
95.30000188693043
 20
147.20861884364274
 30
0.0
 11
95.3000039102516
 21
147.20861318883885
 31
0.0
  0
LINE
  5
2DA
330
17
100
AcDbEntity
  8
VISIBLE
100
AcDbLine
 10
95.3000039102516
 20
147.20861318883885
 30
0.0
 11
95.30000647809766
 21
147.20860775958457
 31
0.0
  0
LINE
  5
2DB
330
17
100
AcDbEntity
  8
VISIBLE
100
AcDbLine
 10
95.30000647809766
 20
147.20860775958457
 30
0.0
 11
95.30000956573879
 21
147.20860260816653
 31
0.0
  0
LINE
  5
2DC
330
17
100
AcDbEntity
  8
VISIBLE
100
AcDbLine
 10
95.30000956573879
 20
147.20860260816653
 30
0.0
 11
95.30001314343937
 21
147.20859778419575
 31
0.0
  0
LINE
  5
2DD
330
17
100
AcDbEntity
  8
VISIBLE
100
AcDbLine
 10
95.30001314343937
 20
147.20859778419575
 30
0.0
 11
95.30001717674415
 21
147.20859333412966
 31
0.0
  0
LINE
  5
2DE
330
17
100
AcDbEntity
  8
VISIBLE
100
AcDbLine
 10
95.30001717674415
 20
147.20859333412966
 30
0.0
 11
95.30002162681023
 21
147.20858930082488
 31
0.0
  0
LINE
  5
2DF
330
17
100
AcDbEntity
  8
VISIBLE
100
AcDbLine
 10
95.30002162681023
 20
147.20858930082488
 30
0.0
 11
95.30002645078102
 21
147.20858572312432
 31
0.0
  0
LINE
  5
2E0
330
17
100
AcDbEntity
  8
VISIBLE
100
AcDbLine
 10
95.30002645078102
 20
147.20858572312432
 30
0.0
 11
95.30003160219906
 21
147.20858263548317
 31
0.0
  0
LINE
  5
2E1
330
17
100
AcDbEntity
  8
VISIBLE
100
AcDbLine
 10
95.30003160219906
 20
147.20858263548317
 30
0.0
 11
95.30003703145334
 21
147.20858006763712
 31
0.0
  0
LINE
  5
2E2
330
17
100
AcDbEntity
  8
VISIBLE
100
AcDbLine
 10
95.30003703145334
 20
147.20858006763712
 30
0.0
 11
95.30004268625723
 21
147.20857804431594
 31
0.0
  0
LINE
  5
2E3
330
17
100
AcDbEntity
  8
VISIBLE
100
AcDbLine
 10
95.30004268625723
 20
147.20857804431594
 30
0.0
 11
95.30004851215185
 21
147.20857658500532
 31
0.0
  0
LINE
  5
2E4
330
17
100
AcDbEntity
  8
VISIBLE
100
AcDbLine
 10
95.30004851215185
 20
147.20857658500532
 30
0.0
 11
95.30005445303064
 21
147.20857570375918
 31
0.0
  0
LINE
  5
2E5
330
17
100
AcDbEntity
  8
VISIBLE
100
AcDbLine
 10
95.30005445303064
 20
147.20857570375918
 30
0.0
 11
95.3000604516797
 21
147.20857540906445
 31
0.0
  0
LINE
  5
2E6
330
17
100
AcDbEntity
  8
VISIBLE
100
AcDbLine
 10
95.3000604516797
 20
147.20857540906445
 30
0.0
 11
100.29999774930324
 21
147.20857540906445
 31
0.0
  0
LINE
  5
2E7
330
17
100
AcDbEntity
  8
VISIBLE
100
AcDbLine
 10
100.29999774930324
 20
147.20857540906445
 30
0.0
 11
100.29999918132808
 21
147.2085753387136
 31
0.0
  0
LINE
  5
2E8
330
17
100
AcDbEntity
  8
VISIBLE
100
AcDbLine
 10
100.29999918132808
 20
147.2085753387136
 30
0.0
 11
100.29999925167894
 21
147.2085739066887
 31
0.0
  0
LINE
  5
2E9
330
17
100
AcDbEntity
  8
VISIBLE
100
AcDbLine
 10
100.29999925167894
 20
147.2085739066887
 30
0.0
 11
100.29999925167894
 21
144.2085769114402
 31
0.0
  0
LINE
  5
2EA
330
17
100
AcDbEntity
  8
VISIBLE
100
AcDbLine
 10
100.29999925167894
 20
144.2085769114402
 30
0.0
 11
100.29999918132808
 21
144.20857547941532
 31
0.0
  0
LINE
  5
2EB
330
17
100
AcDbEntity
  8
VISIBLE
100
AcDbLine
 10
100.29999918132808
 20
144.20857547941532
 30
0.0
 11
100.29999774930324
 21
144.20857540906445
 31
0.0
  0
LINE
  5
2EC
330
17
100
AcDbEntity
  8
VISIBLE
100
AcDbLine
 10
100.29999774930324
 20
144.20857540906445
 30
0.0
 11
93.09072321718263
 21
144.20857540906445
 31
0.0
  0
LINE
  5
2ED
330
17
100
AcDbEntity
  8
VISIBLE
100
AcDbLine
 10
93.09072321718263
 20
144.20857540906445
 30
0.0
 11
93.09071721853357
 21
144.20857511436972
 31
0.0
  0
LINE
  5
2EE
330
17
100
AcDbEntity
  8
VISIBLE
100
AcDbLine
 10
93.09071721853357
 20
144.20857511436972
 30
0.0
 11
93.09071127765478
 21
144.20857423312358
 31
0.0
  0
LINE
  5
2EF
330
17
100
AcDbEntity
  8
VISIBLE
100
AcDbLine
 10
93.09071127765478
 20
144.20857423312358
 30
0.0
 11
93.09070545176016
 21
144.20857277381296
 31
0.0
  0
LINE
  5
2F0
330
17
100
AcDbEntity
  8
VISIBLE
100
AcDbLine
 10
93.09070545176016
 20
144.20857277381296
 30
0.0
 11
93.09069979695627
 21
144.2085707504918
 31
0.0
  0
LINE
  5
2F1
330
17
100
AcDbEntity
  8
VISIBLE
100
AcDbLine
 10
93.09069979695627
 20
144.2085707504918
 30
0.0
 11
93.09069436770199
 21
144.20856818264573
 31
0.0
  0
LINE
  5
2F2
330
17
100
AcDbEntity
  8
VISIBLE
100
AcDbLine
 10
93.09069436770199
 20
144.20856818264573
 30
0.0
 11
93.09068921628395
 21
144.2085650950046
 31
0.0
  0
LINE
  5
2F3
330
17
100
AcDbEntity
  8
VISIBLE
100
AcDbLine
 10
93.09068921628395
 20
144.2085650950046
 30
0.0
 11
93.09068439231316
 21
144.20856151730402
 31
0.0
  0
LINE
  5
2F4
330
17
100
AcDbEntity
  8
VISIBLE
100
AcDbLine
 10
93.09068439231316
 20
144.20856151730402
 30
0.0
 11
93.09067994224708
 21
144.20855748399924
 31
0.0
  0
LINE
  5
2F5
330
17
100
AcDbEntity
  8
VISIBLE
100
AcDbLine
 10
93.09067994224708
 20
144.20855748399924
 30
0.0
 11
93.0906759089423
 21
144.20855303393316
 31
0.0
  0
LINE
  5
2F6
330
17
100
AcDbEntity
  8
VISIBLE
100
AcDbLine
 10
93.0906759089423
 20
144.20855303393316
 30
0.0
 11
93.09067233124172
 21
144.20854820996237
 31
0.0
  0
LINE
  5
2F7
330
17
100
AcDbEntity
  8
VISIBLE
100
AcDbLine
 10
93.09067233124172
 20
144.20854820996237
 30
0.0
 11
93.09066924360059
 21
144.20854305854434
 31
0.0
  0
LINE
  5
2F8
330
17
100
AcDbEntity
  8
VISIBLE
100
AcDbLine
 10
93.09066924360059
 20
144.20854305854434
 30
0.0
 11
93.09066667575453
 21
144.20853762929005
 31
0.0
  0
LINE
  5
2F9
330
17
100
AcDbEntity
  8
VISIBLE
100
AcDbLine
 10
93.09066667575453
 20
144.20853762929005
 30
0.0
 11
93.09066465243336
 21
144.20853197448616
 31
0.0
  0
LINE
  5
2FA
330
17
100
AcDbEntity
  8
VISIBLE
100
AcDbLine
 10
93.09066465243336
 20
144.20853197448616
 30
0.0
 11
93.09066319312272
 21
144.20852614859155
 31
0.0
  0
LINE
  5
2FB
330
17
100
AcDbEntity
  8
VISIBLE
100
AcDbLine
 10
93.09066319312272
 20
144.20852614859155
 30
0.0
 11
93.0906623118766
 21
144.20852020771275
 31
0.0
  0
LINE
  5
2FC
330
17
100
AcDbEntity
  8
VISIBLE
100
AcDbLine
 10
93.0906623118766
 20
144.20852020771275
 30
0.0
 11
93.09066201718187
 21
144.20851420906368
 31
0.0
  0
LINE
  5
2FD
330
17
100
AcDbEntity
  8
VISIBLE
100
AcDbLine
 10
93.09066201718187
 20
144.20851420906368
 30
0.0
 11
93.09066201718187
 21
138.2085769114402
 31
0.0
  0
LINE
  5
2FE
330
17
100
AcDbEntity
  8
VISIBLE
100
AcDbLine
 10
93.09066201718187
 20
138.2085769114402
 30
0.0
 11
93.090661946831
 21
138.20857547941532
 31
0.0
  0
LINE
  5
2FF
330
17
100
AcDbEntity
  8
VISIBLE
100
AcDbLine
 10
93.090661946831
 20
138.20857547941532
 30
0.0
 11
93.09066051480617
 21
138.20857540906445
 31
0.0
  0
LINE
  5
300
330
17
100
AcDbEntity
  8
VISIBLE
100
AcDbLine
 10
93.09066051480617
 20
138.20857540906445
 30
0.0
 11
73.58696374004707
 21
138.20857540906445
 31
0.0
  0
LINE
  5
301
330
17
100
AcDbEntity
  8
VISIBLE
100
AcDbLine
 10
73.58696374004707
 20
138.20857540906445
 30
0.0
 11
73.58696230802224
 21
138.20857547941532
 31
0.0
  0
LINE
  5
302
330
17
100
AcDbEntity
  8
VISIBLE
100
AcDbLine
 10
73.58696230802224
 20
138.20857547941532
 30
0.0
 11
73.58696223767137
 21
138.20857691144013
 31
0.0
  0
LINE
  5
303
330
17
100
AcDbEntity
  8
VISIBLE
100
AcDbLine
 10
73.58696223767137
 20
138.20857691144013
 30
0.0
 11
73.58696223767137
 21
144.20851420906368
 31
0.0
  0
LINE
  5
304
330
17
100
AcDbEntity
  8
VISIBLE
100
AcDbLine
 10
73.58696223767137
 20
144.20851420906368
 30
0.0
 11
73.58696194297664
 21
144.20852020771275
 31
0.0
  0
LINE
  5
305
330
17
100
AcDbEntity
  8
VISIBLE
100
AcDbLine
 10
73.58696194297664
 20
144.20852020771275
 30
0.0
 11
73.58696106173052
 21
144.20852614859155
 31
0.0
  0
LINE
  5
306
330
17
100
AcDbEntity
  8
VISIBLE
100
AcDbLine
 10
73.58696106173052
 20
144.20852614859155
 30
0.0
 11
73.58695960241988
 21
144.20853197448616
 31
0.0
  0
LINE
  5
307
330
17
100
AcDbEntity
  8
VISIBLE
100
AcDbLine
 10
73.58695960241988
 20
144.20853197448616
 30
0.0
 11
73.58695757909871
 21
144.20853762929005
 31
0.0
  0
LINE
  5
308
330
17
100
AcDbEntity
  8
VISIBLE
100
AcDbLine
 10
73.58695757909871
 20
144.20853762929005
 30
0.0
 11
73.58695501125266
 21
144.20854305854434
 31
0.0
  0
LINE
  5
309
330
17
100
AcDbEntity
  8
VISIBLE
100
AcDbLine
 10
73.58695501125266
 20
144.20854305854434
 30
0.0
 11
73.58695192361152
 21
144.20854820996237
 31
0.0
  0
LINE
  5
30A
330
17
100
AcDbEntity
  8
VISIBLE
100
AcDbLine
 10
73.58695192361152
 20
144.20854820996237
 30
0.0
 11
73.58694834591094
 21
144.20855303393316
 31
0.0
  0
LINE
  5
30B
330
17
100
AcDbEntity
  8
VISIBLE
100
AcDbLine
 10
73.58694834591094
 20
144.20855303393316
 30
0.0
 11
73.58694431260616
 21
144.20855748399924
 31
0.0
  0
LINE
  5
30C
330
17
100
AcDbEntity
  8
VISIBLE
100
AcDbLine
 10
73.58694431260616
 20
144.20855748399924
 30
0.0
 11
73.58693986254008
 21
144.20856151730402
 31
0.0
  0
LINE
  5
30D
330
17
100
AcDbEntity
  8
VISIBLE
100
AcDbLine
 10
73.58693986254008
 20
144.20856151730402
 30
0.0
 11
73.5869350385693
 21
144.2085650950046
 31
0.0
  0
LINE
  5
30E
330
17
100
AcDbEntity
  8
VISIBLE
100
AcDbLine
 10
73.5869350385693
 20
144.2085650950046
 30
0.0
 11
73.58692988715126
 21
144.20856818264573
 31
0.0
  0
LINE
  5
30F
330
17
100
AcDbEntity
  8
VISIBLE
100
AcDbLine
 10
73.58692988715126
 20
144.20856818264573
 30
0.0
 11
73.58692445789696
 21
144.2085707504918
 31
0.0
  0
LINE
  5
310
330
17
100
AcDbEntity
  8
VISIBLE
100
AcDbLine
 10
73.58692445789696
 20
144.2085707504918
 30
0.0
 11
73.58691880309308
 21
144.20857277381296
 31
0.0
  0
LINE
  5
311
330
17
100
AcDbEntity
  8
VISIBLE
100
AcDbLine
 10
73.58691880309308
 20
144.20857277381296
 30
0.0
 11
73.58691297719847
 21
144.20857423312358
 31
0.0
  0
LINE
  5
312
330
17
100
AcDbEntity
  8
VISIBLE
100
AcDbLine
 10
73.58691297719847
 20
144.20857423312358
 30
0.0
 11
73.58690703631967
 21
144.20857511436972
 31
0.0
  0
LINE
  5
313
330
17
100
AcDbEntity
  8
VISIBLE
100
AcDbLine
 10
73.58690703631967
 20
144.20857511436972
 30
0.0
 11
73.58690103767061
 21
144.20857540906445
 31
0.0
  0
LINE
  5
314
330
17
100
AcDbEntity
  8
VISIBLE
100
AcDbLine
 10
73.58690103767061
 20
144.20857540906445
 30
0.0
 11
57.62243193452883
 21
144.20857540906445
 31
0.0
  0
LINE
  5
315
330
17
100
AcDbEntity
  8
VISIBLE
100
AcDbLine
 10
57.62243193452883
 20
144.20857540906445
 30
0.0
 11
57.62242593587976
 21
144.20857511436972
 31
0.0
  0
LINE
  5
316
330
17
100
AcDbEntity
  8
VISIBLE
100
AcDbLine
 10
57.62242593587976
 20
144.20857511436972
 30
0.0
 11
57.62241999500097
 21
144.20857423312358
 31
0.0
  0
LINE
  5
317
330
17
100
AcDbEntity
  8
VISIBLE
100
AcDbLine
 10
57.62241999500097
 20
144.20857423312358
 30
0.0
 11
57.62241416910636
 21
144.20857277381296
 31
0.0
  0
LINE
  5
318
330
17
100
AcDbEntity
  8
VISIBLE
100
AcDbLine
 10
57.62241416910636
 20
144.20857277381296
 30
0.0
 11
57.62240851430247
 21
144.2085707504918
 31
0.0
  0
LINE
  5
319
330
17
100
AcDbEntity
  8
VISIBLE
100
AcDbLine
 10
57.62240851430247
 20
144.2085707504918
 30
0.0
 11
57.62240308504817
 21
144.20856818264573
 31
0.0
  0
LINE
  5
31A
330
17
100
AcDbEntity
  8
VISIBLE
100
AcDbLine
 10
57.62240308504817
 20
144.20856818264573
 30
0.0
 11
57.62239793363014
 21
144.2085650950046
 31
0.0
  0
LINE
  5
31B
330
17
100
AcDbEntity
  8
VISIBLE
100
AcDbLine
 10
57.62239793363014
 20
144.2085650950046
 30
0.0
 11
57.62239310965935
 21
144.20856151730402
 31
0.0
  0
LINE
  5
31C
330
17
100
AcDbEntity
  8
VISIBLE
100
AcDbLine
 10
57.62239310965935
 20
144.20856151730402
 30
0.0
 11
57.62238865959328
 21
144.20855748399924
 31
0.0
  0
LINE
  5
31D
330
17
100
AcDbEntity
  8
VISIBLE
100
AcDbLine
 10
57.62238865959328
 20
144.20855748399924
 30
0.0
 11
57.62238462628849
 21
144.20855303393316
 31
0.0
  0
LINE
  5
31E
330
17
100
AcDbEntity
  8
VISIBLE
100
AcDbLine
 10
57.62238462628849
 20
144.20855303393316
 30
0.0
 11
57.62238104858792
 21
144.20854820996237
 31
0.0
  0
LINE
  5
31F
330
17
100
AcDbEntity
  8
VISIBLE
100
AcDbLine
 10
57.62238104858792
 20
144.20854820996237
 30
0.0
 11
57.62237796094677
 21
144.20854305854434
 31
0.0
  0
LINE
  5
320
330
17
100
AcDbEntity
  8
VISIBLE
100
AcDbLine
 10
57.62237796094677
 20
144.20854305854434
 30
0.0
 11
57.62237539310073
 21
144.20853762929005
 31
0.0
  0
LINE
  5
321
330
17
100
AcDbEntity
  8
VISIBLE
100
AcDbLine
 10
57.62237539310073
 20
144.20853762929005
 30
0.0
 11
57.622373369779545
 21
144.20853197448616
 31
0.0
  0
LINE
  5
322
330
17
100
AcDbEntity
  8
VISIBLE
100
AcDbLine
 10
57.622373369779545
 20
144.20853197448616
 30
0.0
 11
57.622371910468914
 21
144.20852614859155
 31
0.0
  0
LINE
  5
323
330
17
100
AcDbEntity
  8
VISIBLE
100
AcDbLine
 10
57.622371910468914
 20
144.20852614859155
 30
0.0
 11
57.62237102922279
 21
144.20852020771275
 31
0.0
  0
LINE
  5
324
330
17
100
AcDbEntity
  8
VISIBLE
100
AcDbLine
 10
57.62237102922279
 20
144.20852020771275
 30
0.0
 11
57.62237073452806
 21
144.20851420906368
 31
0.0
  0
LINE
  5
325
330
17
100
AcDbEntity
  8
VISIBLE
100
AcDbLine
 10
57.62237073452806
 20
144.20851420906368
 30
0.0
 11
57.62237073452806
 21
138.20857691144016
 31
0.0
  0
LINE
  5
326
330
17
100
AcDbEntity
  8
VISIBLE
100
AcDbLine
 10
57.62237073452806
 20
138.20857691144016
 30
0.0
 11
57.6223706641772
 21
138.20857547941532
 31
0.0
  0
LINE
  5
327
330
17
100
AcDbEntity
  8
VISIBLE
100
AcDbLine
 10
57.6223706641772
 20
138.20857547941532
 30
0.0
 11
57.622369232152366
 21
138.20857540906445
 31
0.0
  0
LINE
  5
328
330
17
100
AcDbEntity
  8
VISIBLE
100
AcDbLine
 10
57.622369232152366
 20
138.20857540906445
 30
0.0
 11
47.622373190578074
 21
138.20857540906445
 31
0.0
  0
LINE
  5
329
330
17
100
AcDbEntity
  8
VISIBLE
100
AcDbLine
 10
47.622373190578074
 20
138.20857540906445
 30
0.0
 11
47.62237175855325
 21
138.20857547941532
 31
0.0
  0
LINE
  5
32A
330
17
100
AcDbEntity
  8
VISIBLE
100
AcDbLine
 10
47.62237175855325
 20
138.20857547941532
 30
0.0
 11
47.62237168820238
 21
138.2085769114402
 31
0.0
  0
LINE
  5
32B
330
17
100
AcDbEntity
  8
VISIBLE
100
AcDbLine
 10
47.62237168820238
 20
138.2085769114402
 30
0.0
 11
47.62237168820238
 21
144.20851420906368
 31
0.0
  0
LINE
  5
32C
330
17
100
AcDbEntity
  8
VISIBLE
100
AcDbLine
 10
47.62237168820238
 20
144.20851420906368
 30
0.0
 11
47.62237139350765
 21
144.20852020771275
 31
0.0
  0
LINE
  5
32D
330
17
100
AcDbEntity
  8
VISIBLE
100
AcDbLine
 10
47.62237139350765
 20
144.20852020771275
 30
0.0
 11
47.622370512261526
 21
144.20852614859155
 31
0.0
  0
LINE
  5
32E
330
17
100
AcDbEntity
  8
VISIBLE
100
AcDbLine
 10
47.622370512261526
 20
144.20852614859155
 30
0.0
 11
47.622369052950894
 21
144.20853197448616
 31
0.0
  0
LINE
  5
32F
330
17
100
AcDbEntity
  8
VISIBLE
100
AcDbLine
 10
47.622369052950894
 20
144.20853197448616
 30
0.0
 11
47.622367029629714
 21
144.20853762929005
 31
0.0
  0
LINE
  5
330
330
17
100
AcDbEntity
  8
VISIBLE
100
AcDbLine
 10
47.622367029629714
 20
144.20853762929005
 30
0.0
 11
47.62236446178367
 21
144.20854305854434
 31
0.0
  0
LINE
  5
331
330
17
100
AcDbEntity
  8
VISIBLE
100
AcDbLine
 10
47.62236446178367
 20
144.20854305854434
 30
0.0
 11
47.62236137414253
 21
144.20854820996237
 31
0.0
  0
LINE
  5
332
330
17
100
AcDbEntity
  8
VISIBLE
100
AcDbLine
 10
47.62236137414253
 20
144.20854820996237
 30
0.0
 11
47.62235779644195
 21
144.20855303393316
 31
0.0
  0
LINE
  5
333
330
17
100
AcDbEntity
  8
VISIBLE
100
AcDbLine
 10
47.62235779644195
 20
144.20855303393316
 30
0.0
 11
47.62235376313717
 21
144.20855748399924
 31
0.0
  0
LINE
  5
334
330
17
100
AcDbEntity
  8
VISIBLE
100
AcDbLine
 10
47.62235376313717
 20
144.20855748399924
 30
0.0
 11
47.62234931307109
 21
144.20856151730402
 31
0.0
  0
LINE
  5
335
330
17
100
AcDbEntity
  8
VISIBLE
100
AcDbLine
 10
47.62234931307109
 20
144.20856151730402
 30
0.0
 11
47.6223444891003
 21
144.2085650950046
 31
0.0
  0
LINE
  5
336
330
17
100
AcDbEntity
  8
VISIBLE
100
AcDbLine
 10
47.6223444891003
 20
144.2085650950046
 30
0.0
 11
47.62233933768227
 21
144.20856818264573
 31
0.0
  0
LINE
  5
337
330
17
100
AcDbEntity
  8
VISIBLE
100
AcDbLine
 10
47.62233933768227
 20
144.20856818264573
 30
0.0
 11
47.62233390842797
 21
144.2085707504918
 31
0.0
  0
LINE
  5
338
330
17
100
AcDbEntity
  8
VISIBLE
100
AcDbLine
 10
47.62233390842797
 20
144.2085707504918
 30
0.0
 11
47.62232825362409
 21
144.20857277381296
 31
0.0
  0
LINE
  5
339
330
17
100
AcDbEntity
  8
VISIBLE
100
AcDbLine
 10
47.62232825362409
 20
144.20857277381296
 30
0.0
 11
47.62232242772947
 21
144.20857423312358
 31
0.0
  0
LINE
  5
33A
330
17
100
AcDbEntity
  8
VISIBLE
100
AcDbLine
 10
47.62232242772947
 20
144.20857423312358
 30
0.0
 11
47.62231648685068
 21
144.20857511436972
 31
0.0
  0
LINE
  5
33B
330
17
100
AcDbEntity
  8
VISIBLE
100
AcDbLine
 10
47.62231648685068
 20
144.20857511436972
 30
0.0
 11
47.62231048820162
 21
144.20857540906445
 31
0.0
  0
LINE
  5
33C
330
17
100
AcDbEntity
  8
VISIBLE
100
AcDbLine
 10
47.62231048820162
 20
144.20857540906445
 30
0.0
 11
45.89999922817573
 21
144.20857540906445
 31
0.0
  0
LINE
  5
33D
330
17
100
AcDbEntity
  8
VISIBLE
100
AcDbLine
 10
45.89999922817573
 20
144.20857540906445
 30
0.0
 11
45.899997796150906
 21
144.20857547941532
 31
0.0
  0
LINE
  5
33E
330
17
100
AcDbEntity
  8
VISIBLE
100
AcDbLine
 10
65.60005968874025
 20
161.20857540906445
 30
0.0
 11
65.60005369009119
 21
161.20857511436972
 31
0.0
  0
LINE
  5
33F
330
17
100
AcDbEntity
  8
VISIBLE
100
AcDbLine
 10
65.60005369009119
 20
161.20857511436972
 30
0.0
 11
65.6000477492124
 21
161.2085742331236
 31
0.0
  0
LINE
  5
340
330
17
100
AcDbEntity
  8
VISIBLE
100
AcDbLine
 10
65.6000477492124
 20
161.2085742331236
 30
0.0
 11
65.60004192331778
 21
161.20857277381296
 31
0.0
  0
LINE
  5
341
330
17
100
AcDbEntity
  8
VISIBLE
100
AcDbLine
 10
65.60004192331778
 20
161.20857277381296
 30
0.0
 11
65.6000362685139
 21
161.2085707504918
 31
0.0
  0
LINE
  5
342
330
17
100
AcDbEntity
  8
VISIBLE
100
AcDbLine
 10
65.6000362685139
 20
161.2085707504918
 30
0.0
 11
65.6000308392596
 21
161.20856818264573
 31
0.0
  0
LINE
  5
343
330
17
100
AcDbEntity
  8
VISIBLE
100
AcDbLine
 10
65.6000308392596
 20
161.20856818264573
 30
0.0
 11
65.60002568784157
 21
161.2085650950046
 31
0.0
  0
LINE
  5
344
330
17
100
AcDbEntity
  8
VISIBLE
100
AcDbLine
 10
65.60002568784157
 20
161.2085650950046
 30
0.0
 11
65.60002086387078
 21
161.20856151730402
 31
0.0
  0
LINE
  5
345
330
17
100
AcDbEntity
  8
VISIBLE
100
AcDbLine
 10
65.60002086387078
 20
161.20856151730402
 30
0.0
 11
65.6000164138047
 21
161.20855748399924
 31
0.0
  0
LINE
  5
346
330
17
100
AcDbEntity
  8
VISIBLE
100
AcDbLine
 10
65.6000164138047
 20
161.20855748399924
 30
0.0
 11
65.60001238049992
 21
161.20855303393316
 31
0.0
  0
LINE
  5
347
330
17
100
AcDbEntity
  8
VISIBLE
100
AcDbLine
 10
65.60001238049992
 20
161.20855303393316
 30
0.0
 11
65.60000880279934
 21
161.20854820996237
 31
0.0
  0
LINE
  5
348
330
17
100
AcDbEntity
  8
VISIBLE
100
AcDbLine
 10
65.60000880279934
 20
161.20854820996237
 30
0.0
 11
65.6000057151582
 21
161.20854305854434
 31
0.0
  0
LINE
  5
349
330
17
100
AcDbEntity
  8
VISIBLE
100
AcDbLine
 10
65.6000057151582
 20
161.20854305854434
 30
0.0
 11
65.60000314731215
 21
161.20853762929005
 31
0.0
  0
LINE
  5
34A
330
17
100
AcDbEntity
  8
VISIBLE
100
AcDbLine
 10
65.60000314731215
 20
161.20853762929005
 30
0.0
 11
65.60000112399098
 21
161.20853197448616
 31
0.0
  0
LINE
  5
34B
330
17
100
AcDbEntity
  8
VISIBLE
100
AcDbLine
 10
65.60000112399098
 20
161.20853197448616
 30
0.0
 11
65.59999966468034
 21
161.20852614859155
 31
0.0
  0
LINE
  5
34C
330
17
100
AcDbEntity
  8
VISIBLE
100
AcDbLine
 10
65.59999966468034
 20
161.20852614859155
 30
0.0
 11
65.59999878343422
 21
161.20852020771275
 31
0.0
  0
LINE
  5
34D
330
17
100
AcDbEntity
  8
VISIBLE
100
AcDbLine
 10
65.59999878343422
 20
161.20852020771275
 30
0.0
 11
65.59999848873949
 21
161.20851420906368
 31
0.0
  0
LINE
  5
34E
330
17
100
AcDbEntity
  8
VISIBLE
100
AcDbLine
 10
65.59999848873949
 20
161.20851420906368
 30
0.0
 11
65.59999848873949
 21
149.20863660906522
 31
0.0
  0
LINE
  5
34F
330
17
100
AcDbEntity
  8
VISIBLE
100
AcDbLine
 10
65.59999848873949
 20
149.20863660906522
 30
0.0
 11
65.59999878343422
 21
149.20863061041615
 31
0.0
  0
LINE
  5
350
330
17
100
AcDbEntity
  8
VISIBLE
100
AcDbLine
 10
65.59999878343422
 20
149.20863061041615
 30
0.0
 11
65.59999966468034
 21
149.20862466953736
 31
0.0
  0
LINE
  5
351
330
17
100
AcDbEntity
  8
VISIBLE
100
AcDbLine
 10
65.59999966468034
 20
149.20862466953736
 30
0.0
 11
65.60000112399098
 21
149.20861884364274
 31
0.0
  0
LINE
  5
352
330
17
100
AcDbEntity
  8
VISIBLE
100
AcDbLine
 10
65.60000112399098
 20
149.20861884364274
 30
0.0
 11
65.60000314731215
 21
149.20861318883885
 31
0.0
  0
LINE
  5
353
330
17
100
AcDbEntity
  8
VISIBLE
100
AcDbLine
 10
65.60000314731215
 20
149.20861318883885
 30
0.0
 11
65.6000057151582
 21
149.20860775958457
 31
0.0
  0
LINE
  5
354
330
17
100
AcDbEntity
  8
VISIBLE
100
AcDbLine
 10
65.6000057151582
 20
149.20860775958457
 30
0.0
 11
65.60000880279934
 21
149.20860260816653
 31
0.0
  0
LINE
  5
355
330
17
100
AcDbEntity
  8
VISIBLE
100
AcDbLine
 10
65.60000880279934
 20
149.20860260816653
 30
0.0
 11
65.60001238049992
 21
149.20859778419575
 31
0.0
  0
LINE
  5
356
330
17
100
AcDbEntity
  8
VISIBLE
100
AcDbLine
 10
65.60001238049992
 20
149.20859778419575
 30
0.0
 11
65.6000164138047
 21
149.20859333412966
 31
0.0
  0
LINE
  5
357
330
17
100
AcDbEntity
  8
VISIBLE
100
AcDbLine
 10
65.6000164138047
 20
149.20859333412966
 30
0.0
 11
65.60002086387078
 21
149.20858930082488
 31
0.0
  0
LINE
  5
358
330
17
100
AcDbEntity
  8
VISIBLE
100
AcDbLine
 10
65.60002086387078
 20
149.20858930082488
 30
0.0
 11
65.60002568784157
 21
149.20858572312432
 31
0.0
  0
LINE
  5
359
330
17
100
AcDbEntity
  8
VISIBLE
100
AcDbLine
 10
65.60002568784157
 20
149.20858572312432
 30
0.0
 11
65.6000308392596
 21
149.20858263548317
 31
0.0
  0
LINE
  5
35A
330
17
100
AcDbEntity
  8
VISIBLE
100
AcDbLine
 10
65.6000308392596
 20
149.20858263548317
 30
0.0
 11
65.6000362685139
 21
149.20858006763712
 31
0.0
  0
LINE
  5
35B
330
17
100
AcDbEntity
  8
VISIBLE
100
AcDbLine
 10
65.6000362685139
 20
149.20858006763712
 30
0.0
 11
65.60004192331778
 21
149.20857804431594
 31
0.0
  0
LINE
  5
35C
330
17
100
AcDbEntity
  8
VISIBLE
100
AcDbLine
 10
65.60004192331778
 20
149.20857804431594
 30
0.0
 11
65.6000477492124
 21
149.20857658500532
 31
0.0
  0
LINE
  5
35D
330
17
100
AcDbEntity
  8
VISIBLE
100
AcDbLine
 10
65.6000477492124
 20
149.20857658500532
 30
0.0
 11
65.60005369009119
 21
149.20857570375918
 31
0.0
  0
LINE
  5
35E
330
17
100
AcDbEntity
  8
VISIBLE
100
AcDbLine
 10
65.60005369009119
 20
149.20857570375918
 30
0.0
 11
65.60005968874025
 21
149.20857540906445
 31
0.0
  0
LINE
  5
35F
330
17
100
AcDbEntity
  8
VISIBLE
100
AcDbLine
 10
65.60005968874025
 20
149.20857540906445
 30
0.0
 11
80.59993728873873
 21
149.20857540906445
 31
0.0
  0
LINE
  5
360
330
17
100
AcDbEntity
  8
VISIBLE
100
AcDbLine
 10
80.59993728873873
 20
149.20857540906445
 30
0.0
 11
80.59994328738779
 21
149.20857570375918
 31
0.0
  0
LINE
  5
361
330
17
100
AcDbEntity
  8
VISIBLE
100
AcDbLine
 10
80.59994328738779
 20
149.20857570375918
 30
0.0
 11
80.59994922826658
 21
149.20857658500532
 31
0.0
  0
LINE
  5
362
330
17
100
AcDbEntity
  8
VISIBLE
100
AcDbLine
 10
80.59994922826658
 20
149.20857658500532
 30
0.0
 11
80.5999550541612
 21
149.20857804431594
 31
0.0
  0
LINE
  5
363
330
17
100
AcDbEntity
  8
VISIBLE
100
AcDbLine
 10
80.5999550541612
 20
149.20857804431594
 30
0.0
 11
80.59996070896507
 21
149.20858006763712
 31
0.0
  0
LINE
  5
364
330
17
100
AcDbEntity
  8
VISIBLE
100
AcDbLine
 10
80.59996070896507
 20
149.20858006763712
 30
0.0
 11
80.59996613821937
 21
149.20858263548317
 31
0.0
  0
LINE
  5
365
330
17
100
AcDbEntity
  8
VISIBLE
100
AcDbLine
 10
80.59996613821937
 20
149.20858263548317
 30
0.0
 11
80.59997128963741
 21
149.20858572312432
 31
0.0
  0
LINE
  5
366
330
17
100
AcDbEntity
  8
VISIBLE
100
AcDbLine
 10
80.59997128963741
 20
149.20858572312432
 30
0.0
 11
80.5999761136082
 21
149.20858930082488
 31
0.0
  0
LINE
  5
367
330
17
100
AcDbEntity
  8
VISIBLE
100
AcDbLine
 10
80.5999761136082
 20
149.20858930082488
 30
0.0
 11
80.59998056367428
 21
149.20859333412966
 31
0.0
  0
LINE
  5
368
330
17
100
AcDbEntity
  8
VISIBLE
100
AcDbLine
 10
80.59998056367428
 20
149.20859333412966
 30
0.0
 11
80.59998459697906
 21
149.20859778419575
 31
0.0
  0
LINE
  5
369
330
17
100
AcDbEntity
  8
VISIBLE
100
AcDbLine
 10
80.59998459697906
 20
149.20859778419575
 30
0.0
 11
80.59998817467964
 21
149.20860260816653
 31
0.0
  0
LINE
  5
36A
330
17
100
AcDbEntity
  8
VISIBLE
100
AcDbLine
 10
80.59998817467964
 20
149.20860260816653
 30
0.0
 11
80.59999126232077
 21
149.20860775958457
 31
0.0
  0
LINE
  5
36B
330
17
100
AcDbEntity
  8
VISIBLE
100
AcDbLine
 10
80.59999126232077
 20
149.20860775958457
 30
0.0
 11
80.59999383016682
 21
149.20861318883885
 31
0.0
  0
LINE
  5
36C
330
17
100
AcDbEntity
  8
VISIBLE
100
AcDbLine
 10
80.59999383016682
 20
149.20861318883885
 30
0.0
 11
80.599995853488
 21
149.20861884364274
 31
0.0
  0
LINE
  5
36D
330
17
100
AcDbEntity
  8
VISIBLE
100
AcDbLine
 10
80.599995853488
 20
149.20861884364274
 30
0.0
 11
80.59999731279864
 21
149.20862466953736
 31
0.0
  0
LINE
  5
36E
330
17
100
AcDbEntity
  8
VISIBLE
100
AcDbLine
 10
80.59999731279864
 20
149.20862466953736
 30
0.0
 11
80.59999819404476
 21
149.20863061041615
 31
0.0
  0
LINE
  5
36F
330
17
100
AcDbEntity
  8
VISIBLE
100
AcDbLine
 10
80.59999819404476
 20
149.20863061041615
 30
0.0
 11
80.59999848873949
 21
149.20863660906522
 31
0.0
  0
LINE
  5
370
330
17
100
AcDbEntity
  8
VISIBLE
100
AcDbLine
 10
80.59999848873949
 20
149.20863660906522
 30
0.0
 11
80.59999848873949
 21
161.20851420906368
 31
0.0
  0
LINE
  5
371
330
17
100
AcDbEntity
  8
VISIBLE
100
AcDbLine
 10
80.59999848873949
 20
161.20851420906368
 30
0.0
 11
80.59999819404476
 21
161.20852020771275
 31
0.0
  0
LINE
  5
372
330
17
100
AcDbEntity
  8
VISIBLE
100
AcDbLine
 10
80.59999819404476
 20
161.20852020771275
 30
0.0
 11
80.59999731279864
 21
161.20852614859155
 31
0.0
  0
LINE
  5
373
330
17
100
AcDbEntity
  8
VISIBLE
100
AcDbLine
 10
80.59999731279864
 20
161.20852614859155
 30
0.0
 11
80.599995853488
 21
161.20853197448616
 31
0.0
  0
LINE
  5
374
330
17
100
AcDbEntity
  8
VISIBLE
100
AcDbLine
 10
80.599995853488
 20
161.20853197448616
 30
0.0
 11
80.59999383016682
 21
161.20853762929005
 31
0.0
  0
LINE
  5
375
330
17
100
AcDbEntity
  8
VISIBLE
100
AcDbLine
 10
80.59999383016682
 20
161.20853762929005
 30
0.0
 11
80.59999126232077
 21
161.20854305854434
 31
0.0
  0
LINE
  5
376
330
17
100
AcDbEntity
  8
VISIBLE
100
AcDbLine
 10
80.59999126232077
 20
161.20854305854434
 30
0.0
 11
80.59998817467964
 21
161.20854820996237
 31
0.0
  0
LINE
  5
377
330
17
100
AcDbEntity
  8
VISIBLE
100
AcDbLine
 10
80.59998817467964
 20
161.20854820996237
 30
0.0
 11
80.59998459697906
 21
161.20855303393316
 31
0.0
  0
LINE
  5
378
330
17
100
AcDbEntity
  8
VISIBLE
100
AcDbLine
 10
80.59998459697906
 20
161.20855303393316
 30
0.0
 11
80.59998056367428
 21
161.20855748399924
 31
0.0
  0
LINE
  5
379
330
17
100
AcDbEntity
  8
VISIBLE
100
AcDbLine
 10
80.59998056367428
 20
161.20855748399924
 30
0.0
 11
80.5999761136082
 21
161.20856151730402
 31
0.0
  0
LINE
  5
37A
330
17
100
AcDbEntity
  8
VISIBLE
100
AcDbLine
 10
80.5999761136082
 20
161.20856151730402
 30
0.0
 11
80.59997128963741
 21
161.2085650950046
 31
0.0
  0
LINE
  5
37B
330
17
100
AcDbEntity
  8
VISIBLE
100
AcDbLine
 10
80.59997128963741
 20
161.2085650950046
 30
0.0
 11
80.59996613821937
 21
161.20856818264573
 31
0.0
  0
LINE
  5
37C
330
17
100
AcDbEntity
  8
VISIBLE
100
AcDbLine
 10
80.59996613821937
 20
161.20856818264573
 30
0.0
 11
80.59996070896507
 21
161.2085707504918
 31
0.0
  0
LINE
  5
37D
330
17
100
AcDbEntity
  8
VISIBLE
100
AcDbLine
 10
80.59996070896507
 20
161.2085707504918
 30
0.0
 11
80.5999550541612
 21
161.20857277381296
 31
0.0
  0
LINE
  5
37E
330
17
100
AcDbEntity
  8
VISIBLE
100
AcDbLine
 10
80.5999550541612
 20
161.20857277381296
 30
0.0
 11
80.59994922826658
 21
161.2085742331236
 31
0.0
  0
LINE
  5
37F
330
17
100
AcDbEntity
  8
VISIBLE
100
AcDbLine
 10
80.59994922826658
 20
161.2085742331236
 30
0.0
 11
80.59994328738779
 21
161.20857511436972
 31
0.0
  0
LINE
  5
380
330
17
100
AcDbEntity
  8
VISIBLE
100
AcDbLine
 10
80.59994328738779
 20
161.20857511436972
 30
0.0
 11
80.59993728873873
 21
161.20857540906445
 31
0.0
  0
LINE
  5
381
330
17
100
AcDbEntity
  8
VISIBLE
100
AcDbLine
 10
80.59993728873873
 20
161.20857540906445
 30
0.0
 11
65.60005968874025
 21
161.20857540906445
 31
0.0
  0
LINE
  5
382
330
17
100
AcDbEntity
  8
OCULTA
100
AcDbLine
 10
58.570659652069565
 20
147.20857540906445
 30
0.0
 11
59.07038690121507
 21
147.20857540906445
 31
0.0
  0
LINE
  5
383
330
17
100
AcDbEntity
  8
OCULTA
100
AcDbLine
 10
57.75973035366869
 20
147.20857540906445
 30
0.0
 11
57.451999678925034
 21
147.20857540906445
 31
0.0
  0
LINE
  5
384
330
17
100
AcDbEntity
  8
OCULTA
100
AcDbLine
 10
58.570659652069565
 20
147.20857540906445
 30
0.0
 11
58.1331501153264
 21
147.20857540906445
 31
0.0
  0
LINE
  5
385
330
17
100
AcDbEntity
  8
OCULTA
100
AcDbLine
 10
57.75973035366869
 20
147.20857540906445
 30
0.0
 11
58.1331501153264
 21
147.20857540906445
 31
0.0
  0
LINE
  5
386
330
17
100
AcDbEntity
  8
OCULTA
100
AcDbLine
 10
57.451999678925034
 20
147.20857540906445
 30
0.0
 11
57.211277022675034
 21
147.20857540906445
 31
0.0
  0
LINE
  5
387
330
17
100
AcDbEntity
  8
OCULTA
100
AcDbLine
 10
57.211277022675034
 20
147.20857540906445
 30
0.0
 11
57.03859139950609
 21
147.20857540906445
 31
0.0
  0
LINE
  5
388
330
17
100
AcDbEntity
  8
OCULTA
100
AcDbLine
 10
57.03859139950609
 20
147.20857540906445
 30
0.0
 11
56.93468476803636
 21
147.20857540906445
 31
0.0
  0
LINE
  5
389
330
17
100
AcDbEntity
  8
OCULTA
100
AcDbLine
 10
52.21516610653734
 20
149.20857540906445
 30
0.0
 11
58.74967958004808
 21
149.20857540906445
 31
0.0
  0
LINE
  5
38A
330
17
100
AcDbEntity
  8
OCULTA
100
AcDbLine
 10
58.570659652069565
 20
149.20857540906445
 30
0.0
 11
58.74967958004808
 21
149.20857540906445
 31
0.0
  0
LINE
  5
38B
330
17
100
AcDbEntity
  8
OCULTA
100
AcDbLine
 10
57.75973035366869
 20
149.20857540906445
 30
0.0
 11
57.451999678925034
 21
149.20857540906445
 31
0.0
  0
LINE
  5
38C
330
17
100
AcDbEntity
  8
OCULTA
100
AcDbLine
 10
58.570659652069565
 20
149.20857540906445
 30
0.0
 11
58.1331501153264
 21
149.20857540906445
 31
0.0
  0
LINE
  5
38D
330
17
100
AcDbEntity
  8
OCULTA
100
AcDbLine
 10
57.75973035366869
 20
149.20857540906445
 30
0.0
 11
58.1331501153264
 21
149.20857540906445
 31
0.0
  0
LINE
  5
38E
330
17
100
AcDbEntity
  8
OCULTA
100
AcDbLine
 10
57.451999678925034
 20
149.20857540906445
 30
0.0
 11
57.211277022675034
 21
149.20857540906445
 31
0.0
  0
LINE
  5
38F
330
17
100
AcDbEntity
  8
OCULTA
100
AcDbLine
 10
57.211277022675034
 20
149.20857540906445
 30
0.0
 11
57.03859139950609
 21
149.20857540906445
 31
0.0
  0
LINE
  5
390
330
17
100
AcDbEntity
  8
OCULTA
100
AcDbLine
 10
57.03859139950609
 20
149.20857540906445
 30
0.0
 11
56.93468476803636
 21
149.20857540906445
 31
0.0
  0
LINE
  5
391
330
17
100
AcDbEntity
  8
OCULTA
100
AcDbLine
 10
64.99999810726976
 20
147.20857540906445
 30
0.0
 11
65.93492175610399
 21
147.20857540906445
 31
0.0
  0
LINE
  5
392
330
17
100
AcDbEntity
  8
OCULTA
100
AcDbLine
 10
65.93492175610399
 20
147.20857540906445
 30
0.0
 11
66.90052701504564
 21
147.20857540906445
 31
0.0
  0
LINE
  5
393
330
17
100
AcDbEntity
  8
OCULTA
100
AcDbLine
 10
67.89267922909593
 20
147.20857540906445
 30
0.0
 11
66.90052701504564
 21
147.20857540906445
 31
0.0
  0
LINE
  5
394
330
17
100
AcDbEntity
  8
OCULTA
100
AcDbLine
 10
67.89267922909593
 20
147.20857540906445
 30
0.0
 11
68.90712977917528
 21
147.20857540906445
 31
0.0
  0
LINE
  5
395
330
17
100
AcDbEntity
  8
OCULTA
100
AcDbLine
 10
68.90712977917528
 20
147.20857540906445
 30
0.0
 11
69.9395351556096
 21
147.20857540906445
 31
0.0
  0
LINE
  5
396
330
17
100
AcDbEntity
  8
OCULTA
100
AcDbLine
 10
69.9395351556096
 20
147.20857540906445
 30
0.0
 11
70.98547412426805
 21
147.20857540906445
 31
0.0
  0
LINE
  5
397
330
17
100
AcDbEntity
  8
OCULTA
100
AcDbLine
 10
70.98547412426805
 20
147.20857540906445
 30
0.0
 11
72.04046775372362
 21
147.20857540906445
 31
0.0
  0
LINE
  5
398
330
17
100
AcDbEntity
  8
OCULTA
100
AcDbLine
 10
72.04046775372362
 20
147.20857540906445
 30
0.0
 11
73.09999848873949
 21
147.20857540906445
 31
0.0
  0
LINE
  5
399
330
17
100
AcDbEntity
  8
OCULTA
100
AcDbLine
 10
65.59999848873949
 20
149.20857540906445
 30
0.0
 11
65.59999848873949
 21
149.20857540906445
 31
0.0
  0
LINE
  5
39A
330
17
100
AcDbEntity
  8
OCULTA
100
AcDbLine
 10
65.93492175610399
 20
149.20857540906445
 30
0.0
 11
65.59999848873949
 21
149.20857540906445
 31
0.0
  0
LINE
  5
39B
330
17
100
AcDbEntity
  8
OCULTA
100
AcDbLine
 10
65.93492175610399
 20
149.20857540906445
 30
0.0
 11
66.90052701504564
 21
149.20857540906445
 31
0.0
  0
LINE
  5
39C
330
17
100
AcDbEntity
  8
OCULTA
100
AcDbLine
 10
67.89267922909593
 20
149.20857540906445
 30
0.0
 11
66.90052701504564
 21
149.20857540906445
 31
0.0
  0
LINE
  5
39D
330
17
100
AcDbEntity
  8
OCULTA
100
AcDbLine
 10
67.89267922909593
 20
149.20857540906445
 30
0.0
 11
68.90712977917528
 21
149.20857540906445
 31
0.0
  0
LINE
  5
39E
330
17
100
AcDbEntity
  8
OCULTA
100
AcDbLine
 10
68.90712977917528
 20
149.20857540906445
 30
0.0
 11
69.9395351556096
 21
149.20857540906445
 31
0.0
  0
LINE
  5
39F
330
17
100
AcDbEntity
  8
OCULTA
100
AcDbLine
 10
69.9395351556096
 20
149.20857540906445
 30
0.0
 11
70.98547412426805
 21
149.20857540906445
 31
0.0
  0
LINE
  5
3A0
330
17
100
AcDbEntity
  8
OCULTA
100
AcDbLine
 10
70.98547412426805
 20
149.20857540906445
 30
0.0
 11
72.04046775372362
 21
149.20857540906445
 31
0.0
  0
LINE
  5
3A1
330
17
100
AcDbEntity
  8
OCULTA
100
AcDbLine
 10
72.04046775372362
 20
149.20857540906445
 30
0.0
 11
73.09999848873949
 21
149.20857540906445
 31
0.0
  0
LINE
  5
3A2
330
17
100
AcDbEntity
  8
OCULTA
100
AcDbLine
 10
60.92019368679857
 20
147.20857540906445
 30
0.0
 11
61.6448688653264
 21
147.20857540906445
 31
0.0
  0
LINE
  5
3A3
330
17
100
AcDbEntity
  8
OCULTA
100
AcDbLine
 10
62.41859628231859
 20
147.20857540906445
 30
0.0
 11
61.6448688653264
 21
147.20857540906445
 31
0.0
  0
LINE
  5
3A4
330
17
100
AcDbEntity
  8
OCULTA
100
AcDbLine
 10
60.92019368679857
 20
147.20857540906445
 30
0.0
 11
60.24767400296068
 21
147.20857540906445
 31
0.0
  0
LINE
  5
3A5
330
17
100
AcDbEntity
  8
OCULTA
100
AcDbLine
 10
59.07038690121507
 20
147.20857540906445
 30
0.0
 11
59.63019086392259
 21
147.20857540906445
 31
0.0
  0
LINE
  5
3A6
330
17
100
AcDbEntity
  8
OCULTA
100
AcDbLine
 10
60.24767400296068
 20
147.20857540906445
 30
0.0
 11
59.63019086392259
 21
147.20857540906445
 31
0.0
  0
LINE
  5
3A7
330
17
100
AcDbEntity
  8
OCULTA
100
AcDbLine
 10
62.41859628231859
 20
147.20857540906445
 30
0.0
 11
63.23806287319994
 21
147.20857540906445
 31
0.0
  0
LINE
  5
3A8
330
17
100
AcDbEntity
  8
OCULTA
100
AcDbLine
 10
64.99999810726976
 20
147.20857540906445
 30
0.0
 11
64.0997610238347
 21
147.20857540906445
 31
0.0
  0
LINE
  5
3A9
330
17
100
AcDbEntity
  8
OCULTA
100
AcDbLine
 10
63.23806287319994
 20
147.20857540906445
 30
0.0
 11
64.0997610238347
 21
147.20857540906445
 31
0.0
  0
LINE
  5
3AA
330
17
100
AcDbEntity
  8
OCULTA
100
AcDbLine
 10
55.88004113705492
 20
159.20857540906445
 30
0.0
 11
55.430597319916245
 21
159.20857540906445
 31
0.0
  0
LINE
  5
3AB
330
17
100
AcDbEntity
  8
OCULTA
100
AcDbLine
 10
52.21516610653734
 20
161.20857540906445
 30
0.0
 11
55.430597319916245
 21
161.20857540906445
 31
0.0
  0
LINE
  5
3AC
330
17
100
AcDbEntity
  8
OCULTA
100
AcDbLine
 10
55.430597319916245
 20
159.20857540906445
 30
0.0
 11
55.430597319916245
 21
161.20857540906445
 31
0.0
  0
LINE
  5
3AD
330
17
100
AcDbEntity
  8
OCULTA
100
AcDbLine
 10
55.430597319916245
 20
161.20857540906445
 30
0.0
 11
55.361511245087144
 21
161.20857540906445
 31
0.0
  0
LINE
  5
3AE
330
17
100
AcDbEntity
  8
OCULTA
100
AcDbLine
 10
57.13578225643968
 20
159.20857540906445
 30
0.0
 11
57.867614760712144
 21
159.20857540906445
 31
0.0
  0
LINE
  5
3AF
330
17
100
AcDbEntity
  8
OCULTA
100
AcDbLine
 10
58.66467381985521
 20
159.20857540906445
 30
0.0
 11
57.867614760712144
 21
159.20857540906445
 31
0.0
  0
LINE
  5
3B0
330
17
100
AcDbEntity
  8
OCULTA
100
AcDbLine
 10
55.88004113705492
 20
159.20857540906445
 30
0.0
 11
56.472311034515855
 21
159.20857540906445
 31
0.0
  0
LINE
  5
3B1
330
17
100
AcDbEntity
  8
OCULTA
100
AcDbLine
 10
57.13578225643968
 20
159.20857540906445
 30
0.0
 11
56.472311034515855
 21
159.20857540906445
 31
0.0
  0
LINE
  5
3B2
330
17
100
AcDbEntity
  8
OCULTA
100
AcDbLine
 10
58.74967958004808
 20
149.20857540906445
 30
0.0
 11
58.74967958004808
 21
159.20857540906445
 31
0.0
  0
LINE
  5
3B3
330
17
100
AcDbEntity
  8
OCULTA
100
AcDbLine
 10
55.430597319916245
 20
159.20857540906445
 30
0.0
 11
58.74967958004808
 21
159.20857540906445
 31
0.0
  0
LINE
  5
3B4
330
17
100
AcDbEntity
  8
OCULTA
100
AcDbLine
 10
59.07038690121507
 20
159.20857540906445
 30
0.0
 11
58.74967958004808
 21
159.20857540906445
 31
0.0
  0
LINE
  5
3B5
330
17
100
AcDbEntity
  8
OCULTA
100
AcDbLine
 10
55.361511245087144
 20
161.20857540906445
 30
0.0
 11
54.918939605072495
 21
161.20857540906445
 31
0.0
  0
LINE
  5
3B6
330
17
100
AcDbEntity
  8
OCULTA
100
AcDbLine
 10
54.268920913055894
 20
161.20857540906445
 30
0.0
 11
54.55422212155199
 21
161.20857540906445
 31
0.0
  0
LINE
  5
3B7
330
17
100
AcDbEntity
  8
OCULTA
100
AcDbLine
 10
54.918939605072495
 20
161.20857540906445
 30
0.0
 11
54.55422212155199
 21
161.20857540906445
 31
0.0
  0
LINE
  5
3B8
330
17
100
AcDbEntity
  8
OCULTA
100
AcDbLine
 10
54.268920913055894
 20
161.20857540906445
 30
0.0
 11
54.064256682709214
 21
161.20857540906445
 31
0.0
  0
LINE
  5
3B9
330
17
100
AcDbEntity
  8
OCULTA
100
AcDbLine
 10
54.064256682709214
 20
161.20857540906445
 30
0.0
 11
53.94110681088304
 21
161.20857540906445
 31
0.0
  0
LINE
  5
3BA
330
17
100
AcDbEntity
  8
OCULTA
100
AcDbLine
 10
55.88004113705492
 20
178.20857540906445
 30
0.0
 11
55.361511245087144
 21
178.20857540906445
 31
0.0
  0
LINE
  5
3BB
330
17
100
AcDbEntity
  8
OCULTA
100
AcDbLine
 10
57.13578225643968
 20
178.20857540906445
 30
0.0
 11
57.867614760712144
 21
178.20857540906445
 31
0.0
  0
LINE
  5
3BC
330
17
100
AcDbEntity
  8
OCULTA
100
AcDbLine
 10
58.66467381985521
 20
178.20857540906445
 30
0.0
 11
57.867614760712144
 21
178.20857540906445
 31
0.0
  0
LINE
  5
3BD
330
17
100
AcDbEntity
  8
OCULTA
100
AcDbLine
 10
55.88004113705492
 20
178.20857540906445
 30
0.0
 11
56.472311034515855
 21
178.20857540906445
 31
0.0
  0
LINE
  5
3BE
330
17
100
AcDbEntity
  8
OCULTA
100
AcDbLine
 10
57.13578225643968
 20
178.20857540906445
 30
0.0
 11
56.472311034515855
 21
178.20857540906445
 31
0.0
  0
LINE
  5
3BF
330
17
100
AcDbEntity
  8
OCULTA
100
AcDbLine
 10
55.361511245087144
 20
178.20857540906445
 30
0.0
 11
54.918939605072495
 21
178.20857540906445
 31
0.0
  0
LINE
  5
3C0
330
17
100
AcDbEntity
  8
OCULTA
100
AcDbLine
 10
54.268920913055894
 20
178.20857540906445
 30
0.0
 11
54.55422212155199
 21
178.20857540906445
 31
0.0
  0
LINE
  5
3C1
330
17
100
AcDbEntity
  8
OCULTA
100
AcDbLine
 10
54.918939605072495
 20
178.20857540906445
 30
0.0
 11
54.55422212155199
 21
178.20857540906445
 31
0.0
  0
LINE
  5
3C2
330
17
100
AcDbEntity
  8
OCULTA
100
AcDbLine
 10
54.268920913055894
 20
178.20857540906445
 30
0.0
 11
54.064256682709214
 21
178.20857540906445
 31
0.0
  0
LINE
  5
3C3
330
17
100
AcDbEntity
  8
OCULTA
100
AcDbLine
 10
54.064256682709214
 20
178.20857540906445
 30
0.0
 11
53.94110681088304
 21
178.20857540906445
 31
0.0
  0
LINE
  5
3C4
330
17
100
AcDbEntity
  8
OCULTA
100
AcDbLine
 10
60.44055844815111
 20
159.20857540906445
 30
0.0
 11
61.41177941830492
 21
159.20857540906445
 31
0.0
  0
LINE
  5
3C5
330
17
100
AcDbEntity
  8
OCULTA
100
AcDbLine
 10
62.43305017025804
 20
159.20857540906445
 30
0.0
 11
61.41177941830492
 21
159.20857540906445
 31
0.0
  0
LINE
  5
3C6
330
17
100
AcDbEntity
  8
OCULTA
100
AcDbLine
 10
64.6080560830388
 20
159.20857540906445
 30
0.0
 11
65.59999848873949
 21
159.20857540906445
 31
0.0
  0
LINE
  5
3C7
330
17
100
AcDbEntity
  8
OCULTA
100
AcDbLine
 10
65.59999848873949
 20
161.20857540906445
 30
0.0
 11
65.59999848873949
 21
161.20857540906445
 31
0.0
  0
LINE
  5
3C8
330
17
100
AcDbEntity
  8
OCULTA
100
AcDbLine
 10
65.59999848873949
 20
159.20857540906445
 30
0.0
 11
65.59999848873949
 21
161.20857540906445
 31
0.0
  0
LINE
  5
3C9
330
17
100
AcDbEntity
  8
OCULTA
100
AcDbLine
 10
65.59999848873949
 20
161.20857540906445
 30
0.0
 11
65.7524767068181
 21
161.20857540906445
 31
0.0
  0
LINE
  5
3CA
330
17
100
AcDbEntity
  8
OCULTA
100
AcDbLine
 10
62.43305017025804
 20
159.20857540906445
 30
0.0
 11
63.49999810726976
 21
159.20857540906445
 31
0.0
  0
LINE
  5
3CB
330
17
100
AcDbEntity
  8
OCULTA
100
AcDbLine
 10
64.6080560830388
 20
159.20857540906445
 30
0.0
 11
63.49999810726976
 21
159.20857540906445
 31
0.0
  0
LINE
  5
3CC
330
17
100
AcDbEntity
  8
OCULTA
100
AcDbLine
 10
65.59999848873949
 20
149.20857540906445
 30
0.0
 11
65.59999848873949
 21
159.20857540906445
 31
0.0
  0
LINE
  5
3CD
330
17
100
AcDbEntity
  8
OCULTA
100
AcDbLine
 10
65.59999848873949
 20
159.20857540906445
 30
0.0
 11
65.59999848873949
 21
159.20857540906445
 31
0.0
  0
LINE
  5
3CE
330
17
100
AcDbEntity
  8
OCULTA
100
AcDbLine
 10
64.99999810726976
 20
159.20857540906445
 30
0.0
 11
65.59999848873949
 21
159.20857540906445
 31
0.0
  0
LINE
  5
3CF
330
17
100
AcDbEntity
  8
OCULTA
100
AcDbLine
 10
65.7524767068181
 20
161.20857540906445
 30
0.0
 11
66.92836095364427
 21
161.20857540906445
 31
0.0
  0
LINE
  5
3D0
330
17
100
AcDbEntity
  8
OCULTA
100
AcDbLine
 10
66.92836095364427
 20
161.20857540906445
 30
0.0
 11
68.13067294628954
 21
161.20857540906445
 31
0.0
  0
LINE
  5
3D1
330
17
100
AcDbEntity
  8
OCULTA
100
AcDbLine
 10
69.35426427395677
 20
161.20857540906445
 30
0.0
 11
68.13067294628954
 21
161.20857540906445
 31
0.0
  0
LINE
  5
3D2
330
17
100
AcDbEntity
  8
OCULTA
100
AcDbLine
 10
69.35426427395677
 20
161.20857540906445
 30
0.0
 11
70.59389568837022
 21
161.20857540906445
 31
0.0
  0
LINE
  5
3D3
330
17
100
AcDbEntity
  8
OCULTA
100
AcDbLine
 10
70.59389568837022
 20
161.20857540906445
 30
0.0
 11
71.84425844223833
 21
161.20857540906445
 31
0.0
  0
LINE
  5
3D4
330
17
100
AcDbEntity
  8
OCULTA
100
AcDbLine
 10
71.84425844223833
 20
161.20857540906445
 30
0.0
 11
73.09999848873949
 21
161.20857540906445
 31
0.0
  0
LINE
  5
3D5
330
17
100
AcDbEntity
  8
OCULTA
100
AcDbLine
 10
60.44055844815111
 20
178.20857540906445
 30
0.0
 11
61.41177941830492
 21
178.20857540906445
 31
0.0
  0
LINE
  5
3D6
330
17
100
AcDbEntity
  8
OCULTA
100
AcDbLine
 10
62.43305017025804
 20
178.20857540906445
 30
0.0
 11
61.41177941830492
 21
178.20857540906445
 31
0.0
  0
LINE
  5
3D7
330
17
100
AcDbEntity
  8
OCULTA
100
AcDbLine
 10
64.6080560830388
 20
178.20857540906445
 30
0.0
 11
65.7524767068181
 21
178.20857540906445
 31
0.0
  0
LINE
  5
3D8
330
17
100
AcDbEntity
  8
OCULTA
100
AcDbLine
 10
62.43305017025804
 20
178.20857540906445
 30
0.0
 11
63.49999810726976
 21
178.20857540906445
 31
0.0
  0
LINE
  5
3D9
330
17
100
AcDbEntity
  8
OCULTA
100
AcDbLine
 10
64.6080560830388
 20
178.20857540906445
 30
0.0
 11
63.49999810726976
 21
178.20857540906445
 31
0.0
  0
LINE
  5
3DA
330
17
100
AcDbEntity
  8
OCULTA
100
AcDbLine
 10
65.7524767068181
 20
178.20857540906445
 30
0.0
 11
66.92836095364427
 21
178.20857540906445
 31
0.0
  0
LINE
  5
3DB
330
17
100
AcDbEntity
  8
OCULTA
100
AcDbLine
 10
66.92836095364427
 20
178.20857540906445
 30
0.0
 11
68.13067294628954
 21
178.20857540906445
 31
0.0
  0
LINE
  5
3DC
330
17
100
AcDbEntity
  8
OCULTA
100
AcDbLine
 10
69.35426427395677
 20
178.20857540906445
 30
0.0
 11
68.13067294628954
 21
178.20857540906445
 31
0.0
  0
LINE
  5
3DD
330
17
100
AcDbEntity
  8
OCULTA
100
AcDbLine
 10
69.35426427395677
 20
178.20857540906445
 30
0.0
 11
70.59389568837022
 21
178.20857540906445
 31
0.0
  0
LINE
  5
3DE
330
17
100
AcDbEntity
  8
OCULTA
100
AcDbLine
 10
70.59389568837022
 20
178.20857540906445
 30
0.0
 11
71.84425844223833
 21
178.20857540906445
 31
0.0
  0
LINE
  5
3DF
330
17
100
AcDbEntity
  8
OCULTA
100
AcDbLine
 10
71.84425844223833
 20
178.20857540906445
 30
0.0
 11
73.09999848873949
 21
178.20857540906445
 31
0.0
  0
LINE
  5
3E0
330
17
100
AcDbEntity
  8
OCULTA
100
AcDbLine
 10
58.66467381985521
 20
159.20857540906445
 30
0.0
 11
59.5235481408391
 21
159.20857540906445
 31
0.0
  0
LINE
  5
3E1
330
17
100
AcDbEntity
  8
OCULTA
100
AcDbLine
 10
60.44055844815111
 20
159.20857540906445
 30
0.0
 11
59.5235481408391
 21
159.20857540906445
 31
0.0
  0
LINE
  5
3E2
330
17
100
AcDbEntity
  8
OCULTA
100
AcDbLine
 10
60.92019368679857
 20
159.20857540906445
 30
0.0
 11
61.6448688653264
 21
159.20857540906445
 31
0.0
  0
LINE
  5
3E3
330
17
100
AcDbEntity
  8
OCULTA
100
AcDbLine
 10
62.41859628231859
 20
159.20857540906445
 30
0.0
 11
61.6448688653264
 21
159.20857540906445
 31
0.0
  0
LINE
  5
3E4
330
17
100
AcDbEntity
  8
OCULTA
100
AcDbLine
 10
60.92019368679857
 20
159.20857540906445
 30
0.0
 11
60.24767400296068
 21
159.20857540906445
 31
0.0
  0
LINE
  5
3E5
330
17
100
AcDbEntity
  8
OCULTA
100
AcDbLine
 10
59.07038690121507
 20
159.20857540906445
 30
0.0
 11
59.63019086392259
 21
159.20857540906445
 31
0.0
  0
LINE
  5
3E6
330
17
100
AcDbEntity
  8
OCULTA
100
AcDbLine
 10
60.24767400296068
 20
159.20857540906445
 30
0.0
 11
59.63019086392259
 21
159.20857540906445
 31
0.0
  0
LINE
  5
3E7
330
17
100
AcDbEntity
  8
OCULTA
100
AcDbLine
 10
62.41859628231859
 20
159.20857540906445
 30
0.0
 11
63.23806287319994
 21
159.20857540906445
 31
0.0
  0
LINE
  5
3E8
330
17
100
AcDbEntity
  8
OCULTA
100
AcDbLine
 10
64.99999810726976
 20
159.20857540906445
 30
0.0
 11
64.0997610238347
 21
159.20857540906445
 31
0.0
  0
LINE
  5
3E9
330
17
100
AcDbEntity
  8
OCULTA
100
AcDbLine
 10
63.23806287319994
 20
159.20857540906445
 30
0.0
 11
64.0997610238347
 21
159.20857540906445
 31
0.0
  0
LINE
  5
3EA
330
17
100
AcDbEntity
  8
OCULTA
100
AcDbLine
 10
58.66467381985521
 20
178.20857540906445
 30
0.0
 11
59.5235481408391
 21
178.20857540906445
 31
0.0
  0
LINE
  5
3EB
330
17
100
AcDbEntity
  8
OCULTA
100
AcDbLine
 10
60.44055844815111
 20
178.20857540906445
 30
0.0
 11
59.5235481408391
 21
178.20857540906445
 31
0.0
  0
LINE
  5
3EC
330
17
100
AcDbEntity
  8
OCULTA
100
AcDbLine
 10
45.899997725800034
 20
144.20857540906445
 30
0.0
 11
45.95823670895433
 21
144.20857540906445
 31
0.0
  0
LINE
  5
3ED
330
17
100
AcDbEntity
  8
OCULTA
100
AcDbLine
 10
45.899997725800034
 20
147.20857540906445
 30
0.0
 11
45.95823670895433
 21
147.20857540906445
 31
0.0
  0
LINE
  5
3EE
330
17
100
AcDbEntity
  8
OCULTA
100
AcDbLine
 10
45.95823670895433
 20
144.20857540906445
 30
0.0
 11
46.132698073700425
 21
144.20857540906445
 31
0.0
  0
LINE
  5
3EF
330
17
100
AcDbEntity
  8
OCULTA
100
AcDbLine
 10
46.132698073700425
 20
144.20857540906445
 30
0.0
 11
46.42263795407152
 21
144.20857540906445
 31
0.0
  0
LINE
  5
3F0
330
17
100
AcDbEntity
  8
OCULTA
100
AcDbLine
 10
45.95823670895433
 20
147.20857540906445
 30
0.0
 11
46.132698073700425
 21
147.20857540906445
 31
0.0
  0
LINE
  5
3F1
330
17
100
AcDbEntity
  8
OCULTA
100
AcDbLine
 10
46.132698073700425
 20
147.20857540906445
 30
0.0
 11
46.42263795407152
 21
147.20857540906445
 31
0.0
  0
LINE
  5
3F2
330
17
100
AcDbEntity
  8
OCULTA
100
AcDbLine
 10
50.899997725800034
 20
147.20857540906445
 30
0.0
 11
50.947530761078355
 21
147.20857540906445
 31
0.0
  0
LINE
  5
3F3
330
17
100
AcDbEntity
  8
OCULTA
100
AcDbLine
 10
50.947530761078355
 20
147.20857540906445
 30
0.0
 11
51.08992196591234
 21
147.20857540906445
 31
0.0
  0
LINE
  5
3F4
330
17
100
AcDbEntity
  8
OCULTA
100
AcDbLine
 10
51.08992196591234
 20
147.20857540906445
 30
0.0
 11
51.32656480343675
 21
147.20857540906445
 31
0.0
  0
LINE
  5
3F5
330
17
100
AcDbEntity
  8
OCULTA
100
AcDbLine
 10
51.32656480343675
 20
147.20857540906445
 30
0.0
 11
51.65644456417894
 21
147.20857540906445
 31
0.0
  0
LINE
  5
3F6
330
17
100
AcDbEntity
  8
OCULTA
100
AcDbLine
 10
47.62237168820238
 20
138.20857540906445
 30
0.0
 11
47.62237168820238
 21
138.20857540906445
 31
0.0
  0
LINE
  5
3F7
330
17
100
AcDbEntity
  8
OCULTA
100
AcDbLine
 10
46.42263795407152
 20
144.20857540906445
 30
0.0
 11
46.826816573456284
 21
144.20857540906445
 31
0.0
  0
LINE
  5
3F8
330
17
100
AcDbEntity
  8
OCULTA
100
AcDbLine
 10
46.826816573456284
 20
144.20857540906445
 30
0.0
 11
47.34349824459886
 21
144.20857540906445
 31
0.0
  0
LINE
  5
3F9
330
17
100
AcDbEntity
  8
OCULTA
100
AcDbLine
 10
47.62237168820238
 20
144.20857540906445
 30
0.0
 11
47.62237168820238
 21
144.20857540906445
 31
0.0
  0
LINE
  5
3FA
330
17
100
AcDbEntity
  8
OCULTA
100
AcDbLine
 10
47.62237168820238
 20
138.20857540906445
 30
0.0
 11
47.62237168820238
 21
144.20857540906445
 31
0.0
  0
LINE
  5
3FB
330
17
100
AcDbEntity
  8
OCULTA
100
AcDbLine
 10
46.42263795407152
 20
147.20857540906445
 30
0.0
 11
46.826816573456284
 21
147.20857540906445
 31
0.0
  0
LINE
  5
3FC
330
17
100
AcDbEntity
  8
OCULTA
100
AcDbLine
 10
46.826816573456284
 20
147.20857540906445
 30
0.0
 11
47.34349824459886
 21
147.20857540906445
 31
0.0
  0
LINE
  5
3FD
330
17
100
AcDbEntity
  8
OCULTA
100
AcDbLine
 10
47.34349824459886
 20
144.20857540906445
 30
0.0
 11
47.970474257782456
 21
144.20857540906445
 31
0.0
  0
LINE
  5
3FE
330
17
100
AcDbEntity
  8
OCULTA
100
AcDbLine
 10
47.970474257782456
 20
144.20857540906445
 30
0.0
 11
48.705059066132065
 21
144.20857540906445
 31
0.0
  0
LINE
  5
3FF
330
17
100
AcDbEntity
  8
OCULTA
100
AcDbLine
 10
47.34349824459886
 20
147.20857540906445
 30
0.0
 11
47.970474257782456
 21
147.20857540906445
 31
0.0
  0
LINE
  5
400
330
17
100
AcDbEntity
  8
OCULTA
100
AcDbLine
 10
47.970474257782456
 20
147.20857540906445
 30
0.0
 11
48.705059066132065
 21
147.20857540906445
 31
0.0
  0
LINE
  5
401
330
17
100
AcDbEntity
  8
OCULTA
100
AcDbLine
 10
51.65644456417894
 20
147.20857540906445
 30
0.0
 11
52.07814981015062
 21
147.20857540906445
 31
0.0
  0
LINE
  5
402
330
17
100
AcDbEntity
  8
OCULTA
100
AcDbLine
 10
52.07814981015062
 20
147.20857540906445
 30
0.0
 11
52.589872374847886
 21
147.20857540906445
 31
0.0
  0
LINE
  5
403
330
17
100
AcDbEntity
  8
OCULTA
100
AcDbLine
 10
56.93468476803636
 20
147.20857540906445
 30
0.0
 11
56.899997725800034
 21
147.20857540906445
 31
0.0
  0
LINE
  5
404
330
17
100
AcDbEntity
  8
OCULTA
100
AcDbLine
 10
47.62237168820238
 20
138.20857540906445
 30
0.0
 11
57.62237073452806
 21
138.20857540906445
 31
0.0
  0
LINE
  5
405
330
17
100
AcDbEntity
  8
OCULTA
100
AcDbLine
 10
57.62237073452806
 20
138.20857540906445
 30
0.0
 11
57.62237073452806
 21
138.20857540906445
 31
0.0
  0
LINE
  5
406
330
17
100
AcDbEntity
  8
OCULTA
100
AcDbLine
 10
52.589872374847886
 20
147.20857540906445
 30
0.0
 11
53.1894245293889
 21
147.20857540906445
 31
0.0
  0
LINE
  5
407
330
17
100
AcDbEntity
  8
OCULTA
100
AcDbLine
 10
53.1894245293889
 20
147.20857540906445
 30
0.0
 11
53.874235167816636
 21
147.20857540906445
 31
0.0
  0
LINE
  5
408
330
17
100
AcDbEntity
  8
OCULTA
100
AcDbLine
 10
53.874235167816636
 20
147.20857540906445
 30
0.0
 11
54.641372695282456
 21
147.20857540906445
 31
0.0
  0
LINE
  5
409
330
17
100
AcDbEntity
  8
OCULTA
100
AcDbLine
 10
54.641372695282456
 20
147.20857540906445
 30
0.0
 11
55.48755456478929
 21
147.20857540906445
 31
0.0
  0
LINE
  5
40A
330
17
100
AcDbEntity
  8
OCULTA
100
AcDbLine
 10
47.62237168820238
 20
144.20857540906445
 30
0.0
 11
57.62237073452806
 21
144.20857540906445
 31
0.0
  0
LINE
  5
40B
330
17
100
AcDbEntity
  8
OCULTA
100
AcDbLine
 10
57.62237073452806
 20
144.20857540906445
 30
0.0
 11
57.62237073452806
 21
144.20857540906445
 31
0.0
  0
LINE
  5
40C
330
17
100
AcDbEntity
  8
OCULTA
100
AcDbLine
 10
57.62237073452806
 20
138.20857540906445
 30
0.0
 11
57.62237073452806
 21
144.20857540906445
 31
0.0
  0
LINE
  5
40D
330
17
100
AcDbEntity
  8
OCULTA
100
AcDbLine
 10
50.899997725800034
 20
149.20857540906445
 30
0.0
 11
50.947530761078355
 21
149.20857540906445
 31
0.0
  0
LINE
  5
40E
330
17
100
AcDbEntity
  8
OCULTA
100
AcDbLine
 10
50.947530761078355
 20
149.20857540906445
 30
0.0
 11
51.08992196591234
 21
149.20857540906445
 31
0.0
  0
LINE
  5
40F
330
17
100
AcDbEntity
  8
OCULTA
100
AcDbLine
 10
51.08992196591234
 20
149.20857540906445
 30
0.0
 11
51.32656480343675
 21
149.20857540906445
 31
0.0
  0
LINE
  5
410
330
17
100
AcDbEntity
  8
OCULTA
100
AcDbLine
 10
51.32656480343675
 20
149.20857540906445
 30
0.0
 11
51.65644456417894
 21
149.20857540906445
 31
0.0
  0
LINE
  5
411
330
17
100
AcDbEntity
  8
OCULTA
100
AcDbLine
 10
51.65644456417894
 20
149.20857540906445
 30
0.0
 11
52.07814981015062
 21
149.20857540906445
 31
0.0
  0
LINE
  5
412
330
17
100
AcDbEntity
  8
OCULTA
100
AcDbLine
 10
52.07814981015062
 20
149.20857540906445
 30
0.0
 11
52.21516610653734
 21
149.20857540906445
 31
0.0
  0
LINE
  5
413
330
17
100
AcDbEntity
  8
OCULTA
100
AcDbLine
 10
56.93468476803636
 20
149.20857540906445
 30
0.0
 11
56.899997725800034
 21
149.20857540906445
 31
0.0
  0
LINE
  5
414
330
17
100
AcDbEntity
  8
OCULTA
100
AcDbLine
 10
48.705059066132065
 20
144.20857540906445
 30
0.0
 11
49.54410745175218
 21
144.20857540906445
 31
0.0
  0
LINE
  5
415
330
17
100
AcDbEntity
  8
OCULTA
100
AcDbLine
 10
49.54410745175218
 20
144.20857540906445
 30
0.0
 11
50.48402596981859
 21
144.20857540906445
 31
0.0
  0
LINE
  5
416
330
17
100
AcDbEntity
  8
OCULTA
100
AcDbLine
 10
50.48402596981859
 20
144.20857540906445
 30
0.0
 11
51.52078820736742
 21
144.20857540906445
 31
0.0
  0
LINE
  5
417
330
17
100
AcDbEntity
  8
OCULTA
100
AcDbLine
 10
48.705059066132065
 20
147.20857540906445
 30
0.0
 11
49.54410745175218
 21
147.20857540906445
 31
0.0
  0
LINE
  5
418
330
17
100
AcDbEntity
  8
OCULTA
100
AcDbLine
 10
49.54410745175218
 20
147.20857540906445
 30
0.0
 11
50.48402596981859
 21
147.20857540906445
 31
0.0
  0
LINE
  5
419
330
17
100
AcDbEntity
  8
OCULTA
100
AcDbLine
 10
50.48402596981859
 20
147.20857540906445
 30
0.0
 11
51.52078820736742
 21
147.20857540906445
 31
0.0
  0
LINE
  5
41A
330
17
100
AcDbEntity
  8
OCULTA
100
AcDbLine
 10
51.52078820736742
 20
144.20857540906445
 30
0.0
 11
52.64995576413011
 21
144.20857540906445
 31
0.0
  0
LINE
  5
41B
330
17
100
AcDbEntity
  8
OCULTA
100
AcDbLine
 10
51.52078820736742
 20
147.20857540906445
 30
0.0
 11
52.64995576413011
 21
147.20857540906445
 31
0.0
  0
LINE
  5
41C
330
17
100
AcDbEntity
  8
OCULTA
100
AcDbLine
 10
52.64995576413011
 20
144.20857540906445
 30
0.0
 11
53.866693511322495
 21
144.20857540906445
 31
0.0
  0
LINE
  5
41D
330
17
100
AcDbEntity
  8
OCULTA
100
AcDbLine
 10
52.64995576413011
 20
147.20857540906445
 30
0.0
 11
53.866693511322495
 21
147.20857540906445
 31
0.0
  0
LINE
  5
41E
330
17
100
AcDbEntity
  8
OCULTA
100
AcDbLine
 10
55.48755456478929
 20
147.20857540906445
 30
0.0
 11
56.40915490658617
 21
147.20857540906445
 31
0.0
  0
LINE
  5
41F
330
17
100
AcDbEntity
  8
OCULTA
100
AcDbLine
 10
56.40915490658617
 20
147.20857540906445
 30
0.0
 11
57.40222837002611
 21
147.20857540906445
 31
0.0
  0
LINE
  5
420
330
17
100
AcDbEntity
  8
OCULTA
100
AcDbLine
 10
57.40222837002611
 20
147.20857540906445
 30
0.0
 11
58.462521567657944
 21
147.20857540906445
 31
0.0
  0
LINE
  5
421
330
17
100
AcDbEntity
  8
OCULTA
100
AcDbLine
 10
53.866693511322495
 20
144.20857540906445
 30
0.0
 11
55.165792479828355
 21
144.20857540906445
 31
0.0
  0
LINE
  5
422
330
17
100
AcDbEntity
  8
OCULTA
100
AcDbLine
 10
53.866693511322495
 20
147.20857540906445
 30
0.0
 11
55.165792479828355
 21
147.20857540906445
 31
0.0
  0
LINE
  5
423
330
17
100
AcDbEntity
  8
OCULTA
100
AcDbLine
 10
55.165792479828355
 20
144.20857540906445
 30
0.0
 11
56.541687026337144
 21
144.20857540906445
 31
0.0
  0
LINE
  5
424
330
17
100
AcDbEntity
  8
OCULTA
100
AcDbLine
 10
56.541687026337144
 20
144.20857540906445
 30
0.0
 11
57.988488211945054
 21
144.20857540906445
 31
0.0
  0
LINE
  5
425
330
17
100
AcDbEntity
  8
OCULTA
100
AcDbLine
 10
55.165792479828355
 20
147.20857540906445
 30
0.0
 11
56.541687026337144
 21
147.20857540906445
 31
0.0
  0
LINE
  5
426
330
17
100
AcDbEntity
  8
OCULTA
100
AcDbLine
 10
56.541687026337144
 20
147.20857540906445
 30
0.0
 11
57.988488211945054
 21
147.20857540906445
 31
0.0
  0
LINE
  5
427
330
17
100
AcDbEntity
  8
OCULTA
100
AcDbLine
 10
58.462521567657944
 20
147.20857540906445
 30
0.0
 11
59.58549500973558
 21
147.20857540906445
 31
0.0
  0
LINE
  5
428
330
17
100
AcDbEntity
  8
OCULTA
100
AcDbLine
 10
59.58549500973558
 20
147.20857540906445
 30
0.0
 11
60.76633931668138
 21
147.20857540906445
 31
0.0
  0
LINE
  5
429
330
17
100
AcDbEntity
  8
OCULTA
100
AcDbLine
 10
60.76633931668138
 20
147.20857540906445
 30
0.0
 11
61.99999810726976
 21
147.20857540906445
 31
0.0
  0
LINE
  5
42A
330
17
100
AcDbEntity
  8
OCULTA
100
AcDbLine
 10
61.99999810726976
 20
147.20857540906445
 30
0.0
 11
63.28118993313646
 21
147.20857540906445
 31
0.0
  0
LINE
  5
42B
330
17
100
AcDbEntity
  8
OCULTA
100
AcDbLine
 10
57.988488211945054
 20
144.20857540906445
 30
0.0
 11
59.49999810726976
 21
144.20857540906445
 31
0.0
  0
LINE
  5
42C
330
17
100
AcDbEntity
  8
OCULTA
100
AcDbLine
 10
57.988488211945054
 20
147.20857540906445
 30
0.0
 11
59.49999810726976
 21
147.20857540906445
 31
0.0
  0
LINE
  5
42D
330
17
100
AcDbEntity
  8
OCULTA
100
AcDbLine
 10
59.49999810726976
 20
144.20857540906445
 30
0.0
 11
61.06974603207445
 21
144.20857540906445
 31
0.0
  0
LINE
  5
42E
330
17
100
AcDbEntity
  8
OCULTA
100
AcDbLine
 10
61.06974603207445
 20
144.20857540906445
 30
0.0
 11
62.69100953610277
 21
144.20857540906445
 31
0.0
  0
LINE
  5
42F
330
17
100
AcDbEntity
  8
OCULTA
100
AcDbLine
 10
59.49999810726976
 20
147.20857540906445
 30
0.0
 11
61.06974603207445
 21
147.20857540906445
 31
0.0
  0
LINE
  5
430
330
17
100
AcDbEntity
  8
OCULTA
100
AcDbLine
 10
61.06974603207445
 20
147.20857540906445
 30
0.0
 11
62.69100953610277
 21
147.20857540906445
 31
0.0
  0
LINE
  5
431
330
17
100
AcDbEntity
  8
OCULTA
100
AcDbLine
 10
63.28118993313646
 20
147.20857540906445
 30
0.0
 11
64.60442639859056
 21
147.20857540906445
 31
0.0
  0
LINE
  5
432
330
17
100
AcDbEntity
  8
OCULTA
100
AcDbLine
 10
64.60442639859056
 20
147.20857540906445
 30
0.0
 11
65.96404220135545
 21
147.20857540906445
 31
0.0
  0
LINE
  5
433
330
17
100
AcDbEntity
  8
OCULTA
100
AcDbLine
 10
62.69100953610277
 20
144.20857540906445
 30
0.0
 11
64.35684491665697
 21
144.20857540906445
 31
0.0
  0
LINE
  5
434
330
17
100
AcDbEntity
  8
OCULTA
100
AcDbLine
 10
64.35684491665697
 20
144.20857540906445
 30
0.0
 11
66.06012059719896
 21
144.20857540906445
 31
0.0
  0
LINE
  5
435
330
17
100
AcDbEntity
  8
OCULTA
100
AcDbLine
 10
62.69100953610277
 20
147.20857540906445
 30
0.0
 11
64.35684491665697
 21
147.20857540906445
 31
0.0
  0
LINE
  5
436
330
17
100
AcDbEntity
  8
OCULTA
100
AcDbLine
 10
64.35684491665697
 20
147.20857540906445
 30
0.0
 11
66.06012059719896
 21
147.20857540906445
 31
0.0
  0
LINE
  5
437
330
17
100
AcDbEntity
  8
OCULTA
100
AcDbLine
 10
65.96404220135545
 20
147.20857540906445
 30
0.0
 11
67.35421563656664
 21
147.20857540906445
 31
0.0
  0
LINE
  5
438
330
17
100
AcDbEntity
  8
OCULTA
100
AcDbLine
 10
67.35421563656664
 20
147.20857540906445
 30
0.0
 11
68.76899339230394
 21
147.20857540906445
 31
0.0
  0
LINE
  5
439
330
17
100
AcDbEntity
  8
OCULTA
100
AcDbLine
 10
66.06012059719896
 20
144.20857540906445
 30
0.0
 11
67.79354192288255
 21
144.20857540906445
 31
0.0
  0
LINE
  5
43A
330
17
100
AcDbEntity
  8
OCULTA
100
AcDbLine
 10
67.79354192288255
 20
144.20857540906445
 30
0.0
 11
69.549685969666
 21
144.20857540906445
 31
0.0
  0
LINE
  5
43B
330
17
100
AcDbEntity
  8
OCULTA
100
AcDbLine
 10
66.06012059719896
 20
147.20857540906445
 30
0.0
 11
67.79354192288255
 21
147.20857540906445
 31
0.0
  0
LINE
  5
43C
330
17
100
AcDbEntity
  8
OCULTA
100
AcDbLine
 10
67.79354192288255
 20
147.20857540906445
 30
0.0
 11
69.549685969666
 21
147.20857540906445
 31
0.0
  0
LINE
  5
43D
330
17
100
AcDbEntity
  8
OCULTA
100
AcDbLine
 10
68.76899339230394
 20
147.20857540906445
 30
0.0
 11
70.20231701405382
 21
147.20857540906445
 31
0.0
  0
LINE
  5
43E
330
17
100
AcDbEntity
  8
OCULTA
100
AcDbLine
 10
70.20231701405382
 20
147.20857540906445
 30
0.0
 11
71.64804901154375
 21
147.20857540906445
 31
0.0
  0
LINE
  5
43F
330
17
100
AcDbEntity
  8
OCULTA
100
AcDbLine
 10
69.549685969666
 20
144.20857540906445
 30
0.0
 11
71.32103337319231
 21
144.20857540906445
 31
0.0
  0
LINE
  5
440
330
17
100
AcDbEntity
  8
OCULTA
100
AcDbLine
 10
69.549685969666
 20
147.20857540906445
 30
0.0
 11
71.32103337319231
 21
147.20857540906445
 31
0.0
  0
LINE
  5
441
330
17
100
AcDbEntity
  8
OCULTA
100
AcDbLine
 10
65.59999848873949
 20
149.20857540906445
 30
0.0
 11
65.59999848873949
 21
149.20857540906445
 31
0.0
  0
LINE
  5
442
330
17
100
AcDbEntity
  8
OCULTA
100
AcDbLine
 10
65.59999848873949
 20
149.20857540906445
 30
0.0
 11
65.96404220135545
 21
149.20857540906445
 31
0.0
  0
LINE
  5
443
330
17
100
AcDbEntity
  8
OCULTA
100
AcDbLine
 10
65.96404220135545
 20
149.20857540906445
 30
0.0
 11
67.35421563656664
 21
149.20857540906445
 31
0.0
  0
LINE
  5
444
330
17
100
AcDbEntity
  8
OCULTA
100
AcDbLine
 10
67.35421563656664
 20
149.20857540906445
 30
0.0
 11
68.76899339230394
 21
149.20857540906445
 31
0.0
  0
LINE
  5
445
330
17
100
AcDbEntity
  8
OCULTA
100
AcDbLine
 10
68.76899339230394
 20
149.20857540906445
 30
0.0
 11
70.20231701405382
 21
149.20857540906445
 31
0.0
  0
LINE
  5
446
330
17
100
AcDbEntity
  8
OCULTA
100
AcDbLine
 10
70.20231701405382
 20
149.20857540906445
 30
0.0
 11
71.64804901154375
 21
149.20857540906445
 31
0.0
  0
LINE
  5
447
330
17
100
AcDbEntity
  8
OCULTA
100
AcDbLine
 10
50.899997725800034
 20
161.20857540906445
 30
0.0
 11
50.947530761078355
 21
161.20857540906445
 31
0.0
  0
LINE
  5
448
330
17
100
AcDbEntity
  8
OCULTA
100
AcDbLine
 10
50.947530761078355
 20
161.20857540906445
 30
0.0
 11
51.08992196591234
 21
161.20857540906445
 31
0.0
  0
LINE
  5
449
330
17
100
AcDbEntity
  8
OCULTA
100
AcDbLine
 10
51.08992196591234
 20
161.20857540906445
 30
0.0
 11
51.32656480343675
 21
161.20857540906445
 31
0.0
  0
LINE
  5
44A
330
17
100
AcDbEntity
  8
OCULTA
100
AcDbLine
 10
51.32656480343675
 20
161.20857540906445
 30
0.0
 11
51.65644456417894
 21
161.20857540906445
 31
0.0
  0
LINE
  5
44B
330
17
100
AcDbEntity
  8
OCULTA
100
AcDbLine
 10
51.65644456417894
 20
161.20857540906445
 30
0.0
 11
52.07814981015062
 21
161.20857540906445
 31
0.0
  0
LINE
  5
44C
330
17
100
AcDbEntity
  8
OCULTA
100
AcDbLine
 10
52.07814981015062
 20
161.20857540906445
 30
0.0
 11
52.21516610653734
 21
161.20857540906445
 31
0.0
  0
LINE
  5
44D
330
17
100
AcDbEntity
  8
OCULTA
100
AcDbLine
 10
53.94110681088304
 20
161.20857540906445
 30
0.0
 11
53.899997725800034
 21
161.20857540906445
 31
0.0
  0
LINE
  5
44E
330
17
100
AcDbEntity
  8
OCULTA
100
AcDbLine
 10
50.899997725800034
 20
178.20857540906445
 30
0.0
 11
50.947530761078355
 21
178.20857540906445
 31
0.0
  0
LINE
  5
44F
330
17
100
AcDbEntity
  8
OCULTA
100
AcDbLine
 10
50.947530761078355
 20
178.20857540906445
 30
0.0
 11
51.08992196591234
 21
178.20857540906445
 31
0.0
  0
LINE
  5
450
330
17
100
AcDbEntity
  8
OCULTA
100
AcDbLine
 10
51.08992196591234
 20
178.20857540906445
 30
0.0
 11
51.32656480343675
 21
178.20857540906445
 31
0.0
  0
LINE
  5
451
330
17
100
AcDbEntity
  8
OCULTA
100
AcDbLine
 10
51.32656480343675
 20
178.20857540906445
 30
0.0
 11
51.65644456417894
 21
178.20857540906445
 31
0.0
  0
LINE
  5
452
330
17
100
AcDbEntity
  8
OCULTA
100
AcDbLine
 10
51.65644456417894
 20
178.20857540906445
 30
0.0
 11
52.07814981015062
 21
178.20857540906445
 31
0.0
  0
LINE
  5
453
330
17
100
AcDbEntity
  8
OCULTA
100
AcDbLine
 10
52.07814981015062
 20
178.20857540906445
 30
0.0
 11
52.589872374847886
 21
178.20857540906445
 31
0.0
  0
LINE
  5
454
330
17
100
AcDbEntity
  8
OCULTA
100
AcDbLine
 10
53.94110681088304
 20
178.20857540906445
 30
0.0
 11
53.899997725800034
 21
178.20857540906445
 31
0.0
  0
LINE
  5
455
330
17
100
AcDbEntity
  8
OCULTA
100
AcDbLine
 10
52.589872374847886
 20
178.20857540906445
 30
0.0
 11
53.1894245293889
 21
178.20857540906445
 31
0.0
  0
LINE
  5
456
330
17
100
AcDbEntity
  8
OCULTA
100
AcDbLine
 10
53.1894245293889
 20
178.20857540906445
 30
0.0
 11
53.874235167816636
 21
178.20857540906445
 31
0.0
  0
LINE
  5
457
330
17
100
AcDbEntity
  8
OCULTA
100
AcDbLine
 10
53.874235167816636
 20
178.20857540906445
 30
0.0
 11
54.641372695282456
 21
178.20857540906445
 31
0.0
  0
LINE
  5
458
330
17
100
AcDbEntity
  8
OCULTA
100
AcDbLine
 10
54.641372695282456
 20
178.20857540906445
 30
0.0
 11
55.48755456478929
 21
178.20857540906445
 31
0.0
  0
LINE
  5
459
330
17
100
AcDbEntity
  8
OCULTA
100
AcDbLine
 10
55.48755456478929
 20
178.20857540906445
 30
0.0
 11
56.40915490658617
 21
178.20857540906445
 31
0.0
  0
LINE
  5
45A
330
17
100
AcDbEntity
  8
OCULTA
100
AcDbLine
 10
56.40915490658617
 20
178.20857540906445
 30
0.0
 11
57.40222837002611
 21
178.20857540906445
 31
0.0
  0
LINE
  5
45B
330
17
100
AcDbEntity
  8
OCULTA
100
AcDbLine
 10
57.40222837002611
 20
178.20857540906445
 30
0.0
 11
58.462521567657944
 21
178.20857540906445
 31
0.0
  0
LINE
  5
45C
330
17
100
AcDbEntity
  8
OCULTA
100
AcDbLine
 10
65.59999848873949
 20
159.20857540906445
 30
0.0
 11
65.59999848873949
 21
159.20857540906445
 31
0.0
  0
LINE
  5
45D
330
17
100
AcDbEntity
  8
OCULTA
100
AcDbLine
 10
65.59999848873949
 20
149.20857540906445
 30
0.0
 11
65.59999848873949
 21
161.20857540906445
 31
0.0
  0
LINE
  5
45E
330
17
100
AcDbEntity
  8
OCULTA
100
AcDbLine
 10
65.59999848873949
 20
161.20857540906445
 30
0.0
 11
65.59999848873949
 21
161.20857540906445
 31
0.0
  0
LINE
  5
45F
330
17
100
AcDbEntity
  8
OCULTA
100
AcDbLine
 10
65.59999848873949
 20
161.20857540906445
 30
0.0
 11
65.96404220135545
 21
161.20857540906445
 31
0.0
  0
LINE
  5
460
330
17
100
AcDbEntity
  8
OCULTA
100
AcDbLine
 10
65.96404220135545
 20
161.20857540906445
 30
0.0
 11
67.35421563656664
 21
161.20857540906445
 31
0.0
  0
LINE
  5
461
330
17
100
AcDbEntity
  8
OCULTA
100
AcDbLine
 10
67.35421563656664
 20
161.20857540906445
 30
0.0
 11
68.76899339230394
 21
161.20857540906445
 31
0.0
  0
LINE
  5
462
330
17
100
AcDbEntity
  8
OCULTA
100
AcDbLine
 10
68.76899339230394
 20
161.20857540906445
 30
0.0
 11
70.20231701405382
 21
161.20857540906445
 31
0.0
  0
LINE
  5
463
330
17
100
AcDbEntity
  8
OCULTA
100
AcDbLine
 10
70.20231701405382
 20
161.20857540906445
 30
0.0
 11
71.64804901154375
 21
161.20857540906445
 31
0.0
  0
LINE
  5
464
330
17
100
AcDbEntity
  8
OCULTA
100
AcDbLine
 10
58.462521567657944
 20
178.20857540906445
 30
0.0
 11
59.58549500973558
 21
178.20857540906445
 31
0.0
  0
LINE
  5
465
330
17
100
AcDbEntity
  8
OCULTA
100
AcDbLine
 10
59.58549500973558
 20
178.20857540906445
 30
0.0
 11
60.76633931668138
 21
178.20857540906445
 31
0.0
  0
LINE
  5
466
330
17
100
AcDbEntity
  8
OCULTA
100
AcDbLine
 10
60.76633931668138
 20
178.20857540906445
 30
0.0
 11
61.99999810726976
 21
178.20857540906445
 31
0.0
  0
LINE
  5
467
330
17
100
AcDbEntity
  8
OCULTA
100
AcDbLine
 10
61.99999810726976
 20
178.20857540906445
 30
0.0
 11
63.28118993313646
 21
178.20857540906445
 31
0.0
  0
LINE
  5
468
330
17
100
AcDbEntity
  8
OCULTA
100
AcDbLine
 10
63.28118993313646
 20
178.20857540906445
 30
0.0
 11
64.60442639859056
 21
178.20857540906445
 31
0.0
  0
LINE
  5
469
330
17
100
AcDbEntity
  8
OCULTA
100
AcDbLine
 10
64.60442639859056
 20
178.20857540906445
 30
0.0
 11
65.96404220135545
 21
178.20857540906445
 31
0.0
  0
LINE
  5
46A
330
17
100
AcDbEntity
  8
OCULTA
100
AcDbLine
 10
65.96404220135545
 20
178.20857540906445
 30
0.0
 11
67.35421563656664
 21
178.20857540906445
 31
0.0
  0
LINE
  5
46B
330
17
100
AcDbEntity
  8
OCULTA
100
AcDbLine
 10
67.35421563656664
 20
178.20857540906445
 30
0.0
 11
68.76899339230394
 21
178.20857540906445
 31
0.0
  0
LINE
  5
46C
330
17
100
AcDbEntity
  8
OCULTA
100
AcDbLine
 10
68.76899339230394
 20
178.20857540906445
 30
0.0
 11
70.20231701405382
 21
178.20857540906445
 31
0.0
  0
LINE
  5
46D
330
17
100
AcDbEntity
  8
OCULTA
100
AcDbLine
 10
70.20231701405382
 20
178.20857540906445
 30
0.0
 11
71.64804901154375
 21
178.20857540906445
 31
0.0
  0
LINE
  5
46E
330
17
100
AcDbEntity
  8
OCULTA
100
AcDbLine
 10
73.58696223767137
 20
138.20857540906445
 30
0.0
 11
73.58696223767137
 21
138.20857540906445
 31
0.0
  0
LINE
  5
46F
330
17
100
AcDbEntity
  8
OCULTA
100
AcDbLine
 10
73.58696223767137
 20
144.20857540906445
 30
0.0
 11
73.58696223767137
 21
144.20857540906445
 31
0.0
  0
LINE
  5
470
330
17
100
AcDbEntity
  8
OCULTA
100
AcDbLine
 10
73.58696223767137
 20
138.20857540906445
 30
0.0
 11
73.58696223767137
 21
144.20857540906445
 31
0.0
  0
LINE
  5
471
330
17
100
AcDbEntity
  8
OCULTA
100
AcDbLine
 10
73.09999848873949
 20
147.20857540906445
 30
0.0
 11
74.15952922375536
 21
147.20857540906445
 31
0.0
  0
LINE
  5
472
330
17
100
AcDbEntity
  8
OCULTA
100
AcDbLine
 10
74.15952922375536
 20
147.20857540906445
 30
0.0
 11
75.21452285321092
 21
147.20857540906445
 31
0.0
  0
LINE
  5
473
330
17
100
AcDbEntity
  8
OCULTA
100
AcDbLine
 10
75.21452285321092
 20
147.20857540906445
 30
0.0
 11
76.26046182186937
 21
147.20857540906445
 31
0.0
  0
LINE
  5
474
330
17
100
AcDbEntity
  8
OCULTA
100
AcDbLine
 10
76.26046182186937
 20
147.20857540906445
 30
0.0
 11
77.2928671983037
 21
147.20857540906445
 31
0.0
  0
LINE
  5
475
330
17
100
AcDbEntity
  8
OCULTA
100
AcDbLine
 10
77.2928671983037
 20
147.20857540906445
 30
0.0
 11
78.30731774838304
 21
147.20857540906445
 31
0.0
  0
LINE
  5
476
330
17
100
AcDbEntity
  8
OCULTA
100
AcDbLine
 10
78.30731774838304
 20
147.20857540906445
 30
0.0
 11
79.29946996243334
 21
147.20857540906445
 31
0.0
  0
LINE
  5
477
330
17
100
AcDbEntity
  8
OCULTA
100
AcDbLine
 10
73.58696223767137
 20
138.20857540906445
 30
0.0
 11
83.58696271450853
 21
138.20857540906445
 31
0.0
  0
LINE
  5
478
330
17
100
AcDbEntity
  8
OCULTA
100
AcDbLine
 10
83.58696271450853
 20
138.20857540906445
 30
0.0
 11
83.58696271450853
 21
138.20857540906445
 31
0.0
  0
LINE
  5
479
330
17
100
AcDbEntity
  8
OCULTA
100
AcDbLine
 10
79.29946996243334
 20
147.20857540906445
 30
0.0
 11
80.26507522137499
 21
147.20857540906445
 31
0.0
  0
LINE
  5
47A
330
17
100
AcDbEntity
  8
OCULTA
100
AcDbLine
 10
80.26507522137499
 20
147.20857540906445
 30
0.0
 11
81.19999887020921
 21
147.20857540906445
 31
0.0
  0
LINE
  5
47B
330
17
100
AcDbEntity
  8
OCULTA
100
AcDbLine
 10
73.58696223767137
 20
144.20857540906445
 30
0.0
 11
83.58696271450853
 21
144.20857540906445
 31
0.0
  0
LINE
  5
47C
330
17
100
AcDbEntity
  8
OCULTA
100
AcDbLine
 10
83.58696271450853
 20
144.20857540906445
 30
0.0
 11
83.58696271450853
 21
144.20857540906445
 31
0.0
  0
LINE
  5
47D
330
17
100
AcDbEntity
  8
OCULTA
100
AcDbLine
 10
83.58696271450853
 20
138.20857540906445
 30
0.0
 11
83.58696271450853
 21
144.20857540906445
 31
0.0
  0
LINE
  5
47E
330
17
100
AcDbEntity
  8
OCULTA
100
AcDbLine
 10
73.09999848873949
 20
149.20857540906445
 30
0.0
 11
74.15952922375536
 21
149.20857540906445
 31
0.0
  0
LINE
  5
47F
330
17
100
AcDbEntity
  8
OCULTA
100
AcDbLine
 10
74.15952922375536
 20
149.20857540906445
 30
0.0
 11
75.21452285321092
 21
149.20857540906445
 31
0.0
  0
LINE
  5
480
330
17
100
AcDbEntity
  8
OCULTA
100
AcDbLine
 10
75.21452285321092
 20
149.20857540906445
 30
0.0
 11
76.26046182186937
 21
149.20857540906445
 31
0.0
  0
LINE
  5
481
330
17
100
AcDbEntity
  8
OCULTA
100
AcDbLine
 10
76.26046182186937
 20
149.20857540906445
 30
0.0
 11
77.2928671983037
 21
149.20857540906445
 31
0.0
  0
LINE
  5
482
330
17
100
AcDbEntity
  8
OCULTA
100
AcDbLine
 10
77.2928671983037
 20
149.20857540906445
 30
0.0
 11
78.30731774838304
 21
149.20857540906445
 31
0.0
  0
LINE
  5
483
330
17
100
AcDbEntity
  8
OCULTA
100
AcDbLine
 10
78.30731774838304
 20
149.20857540906445
 30
0.0
 11
79.29946996243334
 21
149.20857540906445
 31
0.0
  0
LINE
  5
484
330
17
100
AcDbEntity
  8
OCULTA
100
AcDbLine
 10
79.29946996243334
 20
149.20857540906445
 30
0.0
 11
80.26507522137499
 21
149.20857540906445
 31
0.0
  0
LINE
  5
485
330
17
100
AcDbEntity
  8
OCULTA
100
AcDbLine
 10
80.59999848873949
 20
149.20857540906445
 30
0.0
 11
80.59999848873949
 21
149.20857540906445
 31
0.0
  0
LINE
  5
486
330
17
100
AcDbEntity
  8
OCULTA
100
AcDbLine
 10
80.26507522137499
 20
149.20857540906445
 30
0.0
 11
80.59999848873949
 21
149.20857540906445
 31
0.0
  0
LINE
  5
487
330
17
100
AcDbEntity
  8
OCULTA
100
AcDbLine
 10
81.19999887020921
 20
147.20857540906445
 30
0.0
 11
82.10023595364427
 21
147.20857540906445
 31
0.0
  0
LINE
  5
488
330
17
100
AcDbEntity
  8
OCULTA
100
AcDbLine
 10
82.10023595364427
 20
147.20857540906445
 30
0.0
 11
82.96193410427904
 21
147.20857540906445
 31
0.0
  0
LINE
  5
489
330
17
100
AcDbEntity
  8
OCULTA
100
AcDbLine
 10
82.96193410427904
 20
147.20857540906445
 30
0.0
 11
83.78140069516039
 21
147.20857540906445
 31
0.0
  0
LINE
  5
48A
330
17
100
AcDbEntity
  8
OCULTA
100
AcDbLine
 10
83.78140069516039
 20
147.20857540906445
 30
0.0
 11
84.55512811215257
 21
147.20857540906445
 31
0.0
  0
LINE
  5
48B
330
17
100
AcDbEntity
  8
OCULTA
100
AcDbLine
 10
84.55512811215257
 20
147.20857540906445
 30
0.0
 11
85.2798032906804
 21
147.20857540906445
 31
0.0
  0
LINE
  5
48C
330
17
100
AcDbEntity
  8
OCULTA
100
AcDbLine
 10
85.2798032906804
 20
147.20857540906445
 30
0.0
 11
85.9523229745183
 21
147.20857540906445
 31
0.0
  0
LINE
  5
48D
330
17
100
AcDbEntity
  8
OCULTA
100
AcDbLine
 10
85.9523229745183
 20
147.20857540906445
 30
0.0
 11
86.56980611355638
 21
147.20857540906445
 31
0.0
  0
LINE
  5
48E
330
17
100
AcDbEntity
  8
OCULTA
100
AcDbLine
 10
86.56980611355638
 20
147.20857540906445
 30
0.0
 11
87.1296100762639
 21
147.20857540906445
 31
0.0
  0
LINE
  5
48F
330
17
100
AcDbEntity
  8
OCULTA
100
AcDbLine
 10
87.1296100762639
 20
147.20857540906445
 30
0.0
 11
87.62933732540941
 21
147.20857540906445
 31
0.0
  0
LINE
  5
490
330
17
100
AcDbEntity
  8
OCULTA
100
AcDbLine
 10
87.62933732540941
 20
147.20857540906445
 30
0.0
 11
88.06684686215257
 21
147.20857540906445
 31
0.0
  0
LINE
  5
491
330
17
100
AcDbEntity
  8
OCULTA
100
AcDbLine
 10
88.06684686215257
 20
147.20857540906445
 30
0.0
 11
88.44026662381029
 21
147.20857540906445
 31
0.0
  0
LINE
  5
492
330
17
100
AcDbEntity
  8
OCULTA
100
AcDbLine
 10
88.44026662381029
 20
147.20857540906445
 30
0.0
 11
88.74799729855394
 21
147.20857540906445
 31
0.0
  0
LINE
  5
493
330
17
100
AcDbEntity
  8
OCULTA
100
AcDbLine
 10
88.74799729855394
 20
147.20857540906445
 30
0.0
 11
88.98871995480394
 21
147.20857540906445
 31
0.0
  0
LINE
  5
494
330
17
100
AcDbEntity
  8
OCULTA
100
AcDbLine
 10
88.98871995480394
 20
147.20857540906445
 30
0.0
 11
89.16140557797289
 21
147.20857540906445
 31
0.0
  0
LINE
  5
495
330
17
100
AcDbEntity
  8
OCULTA
100
AcDbLine
 10
89.16140557797289
 20
147.20857540906445
 30
0.0
 11
89.26531220944261
 21
147.20857540906445
 31
0.0
  0
LINE
  5
496
330
17
100
AcDbEntity
  8
OCULTA
100
AcDbLine
 10
87.4503173974309
 20
149.20857540906445
 30
0.0
 11
87.62933732540941
 21
149.20857540906445
 31
0.0
  0
LINE
  5
497
330
17
100
AcDbEntity
  8
OCULTA
100
AcDbLine
 10
87.62933732540941
 20
149.20857540906445
 30
0.0
 11
88.06684686215257
 21
149.20857540906445
 31
0.0
  0
LINE
  5
498
330
17
100
AcDbEntity
  8
OCULTA
100
AcDbLine
 10
88.06684686215257
 20
149.20857540906445
 30
0.0
 11
88.44026662381029
 21
149.20857540906445
 31
0.0
  0
LINE
  5
499
330
17
100
AcDbEntity
  8
OCULTA
100
AcDbLine
 10
88.44026662381029
 20
149.20857540906445
 30
0.0
 11
88.74799729855394
 21
149.20857540906445
 31
0.0
  0
LINE
  5
49A
330
17
100
AcDbEntity
  8
OCULTA
100
AcDbLine
 10
88.74799729855394
 20
149.20857540906445
 30
0.0
 11
88.98871995480394
 21
149.20857540906445
 31
0.0
  0
LINE
  5
49B
330
17
100
AcDbEntity
  8
OCULTA
100
AcDbLine
 10
88.98871995480394
 20
149.20857540906445
 30
0.0
 11
89.16140557797289
 21
149.20857540906445
 31
0.0
  0
LINE
  5
49C
330
17
100
AcDbEntity
  8
OCULTA
100
AcDbLine
 10
89.16140557797289
 20
149.20857540906445
 30
0.0
 11
89.26531220944261
 21
149.20857540906445
 31
0.0
  0
LINE
  5
49D
330
17
100
AcDbEntity
  8
OCULTA
100
AcDbLine
 10
87.4503173974309
 20
149.20857540906445
 30
0.0
 11
93.98483087094164
 21
149.20857540906445
 31
0.0
  0
LINE
  5
49E
330
17
100
AcDbEntity
  8
OCULTA
100
AcDbLine
 10
73.09999848873949
 20
161.20857540906445
 30
0.0
 11
74.35573853524065
 21
161.20857540906445
 31
0.0
  0
LINE
  5
49F
330
17
100
AcDbEntity
  8
OCULTA
100
AcDbLine
 10
74.35573853524065
 20
161.20857540906445
 30
0.0
 11
75.60610128910875
 21
161.20857540906445
 31
0.0
  0
LINE
  5
4A0
330
17
100
AcDbEntity
  8
OCULTA
100
AcDbLine
 10
75.60610128910875
 20
161.20857540906445
 30
0.0
 11
76.8457327035222
 21
161.20857540906445
 31
0.0
  0
LINE
  5
4A1
330
17
100
AcDbEntity
  8
OCULTA
100
AcDbLine
 10
76.8457327035222
 20
161.20857540906445
 30
0.0
 11
78.06932403118944
 21
161.20857540906445
 31
0.0
  0
LINE
  5
4A2
330
17
100
AcDbEntity
  8
OCULTA
100
AcDbLine
 10
78.06932403118944
 20
161.20857540906445
 30
0.0
 11
79.2716360238347
 21
161.20857540906445
 31
0.0
  0
LINE
  5
4A3
330
17
100
AcDbEntity
  8
OCULTA
100
AcDbLine
 10
80.59999848873949
 20
159.20857540906445
 30
0.0
 11
81.59194089444017
 21
159.20857540906445
 31
0.0
  0
LINE
  5
4A4
330
17
100
AcDbEntity
  8
OCULTA
100
AcDbLine
 10
79.2716360238347
 20
161.20857540906445
 30
0.0
 11
80.44752027066087
 21
161.20857540906445
 31
0.0
  0
LINE
  5
4A5
330
17
100
AcDbEntity
  8
OCULTA
100
AcDbLine
 10
80.59999848873949
 20
161.20857540906445
 30
0.0
 11
80.59999848873949
 21
161.20857540906445
 31
0.0
  0
LINE
  5
4A6
330
17
100
AcDbEntity
  8
OCULTA
100
AcDbLine
 10
80.59999848873949
 20
159.20857540906445
 30
0.0
 11
80.59999848873949
 21
161.20857540906445
 31
0.0
  0
LINE
  5
4A7
330
17
100
AcDbEntity
  8
OCULTA
100
AcDbLine
 10
80.44752027066087
 20
161.20857540906445
 30
0.0
 11
80.59999848873949
 21
161.20857540906445
 31
0.0
  0
LINE
  5
4A8
330
17
100
AcDbEntity
  8
OCULTA
100
AcDbLine
 10
80.59999848873949
 20
149.20857540906445
 30
0.0
 11
80.59999848873949
 21
159.20857540906445
 31
0.0
  0
LINE
  5
4A9
330
17
100
AcDbEntity
  8
OCULTA
100
AcDbLine
 10
80.59999848873949
 20
159.20857540906445
 30
0.0
 11
80.59999848873949
 21
159.20857540906445
 31
0.0
  0
LINE
  5
4AA
330
17
100
AcDbEntity
  8
OCULTA
100
AcDbLine
 10
80.59999848873949
 20
159.20857540906445
 30
0.0
 11
81.19999887020921
 21
159.20857540906445
 31
0.0
  0
LINE
  5
4AB
330
17
100
AcDbEntity
  8
OCULTA
100
AcDbLine
 10
81.59194089444017
 20
159.20857540906445
 30
0.0
 11
82.69999887020921
 21
159.20857540906445
 31
0.0
  0
LINE
  5
4AC
330
17
100
AcDbEntity
  8
OCULTA
100
AcDbLine
 10
82.69999887020921
 20
159.20857540906445
 30
0.0
 11
83.76694680722093
 21
159.20857540906445
 31
0.0
  0
LINE
  5
4AD
330
17
100
AcDbEntity
  8
OCULTA
100
AcDbLine
 10
83.76694680722093
 20
159.20857540906445
 30
0.0
 11
84.78821755917406
 21
159.20857540906445
 31
0.0
  0
LINE
  5
4AE
330
17
100
AcDbEntity
  8
OCULTA
100
AcDbLine
 10
84.78821755917406
 20
159.20857540906445
 30
0.0
 11
85.75943852932787
 21
159.20857540906445
 31
0.0
  0
LINE
  5
4AF
330
17
100
AcDbEntity
  8
OCULTA
100
AcDbLine
 10
73.09999848873949
 20
178.20857540906445
 30
0.0
 11
74.35573853524065
 21
178.20857540906445
 31
0.0
  0
LINE
  5
4B0
330
17
100
AcDbEntity
  8
OCULTA
100
AcDbLine
 10
74.35573853524065
 20
178.20857540906445
 30
0.0
 11
75.60610128910875
 21
178.20857540906445
 31
0.0
  0
LINE
  5
4B1
330
17
100
AcDbEntity
  8
OCULTA
100
AcDbLine
 10
75.60610128910875
 20
178.20857540906445
 30
0.0
 11
76.8457327035222
 21
178.20857540906445
 31
0.0
  0
LINE
  5
4B2
330
17
100
AcDbEntity
  8
OCULTA
100
AcDbLine
 10
76.8457327035222
 20
178.20857540906445
 30
0.0
 11
78.06932403118944
 21
178.20857540906445
 31
0.0
  0
LINE
  5
4B3
330
17
100
AcDbEntity
  8
OCULTA
100
AcDbLine
 10
78.06932403118944
 20
178.20857540906445
 30
0.0
 11
79.2716360238347
 21
178.20857540906445
 31
0.0
  0
LINE
  5
4B4
330
17
100
AcDbEntity
  8
OCULTA
100
AcDbLine
 10
79.2716360238347
 20
178.20857540906445
 30
0.0
 11
80.44752027066087
 21
178.20857540906445
 31
0.0
  0
LINE
  5
4B5
330
17
100
AcDbEntity
  8
OCULTA
100
AcDbLine
 10
80.44752027066087
 20
178.20857540906445
 30
0.0
 11
81.59194089444017
 21
178.20857540906445
 31
0.0
  0
LINE
  5
4B6
330
17
100
AcDbEntity
  8
OCULTA
100
AcDbLine
 10
81.59194089444017
 20
178.20857540906445
 30
0.0
 11
82.69999887020921
 21
178.20857540906445
 31
0.0
  0
LINE
  5
4B7
330
17
100
AcDbEntity
  8
OCULTA
100
AcDbLine
 10
82.69999887020921
 20
178.20857540906445
 30
0.0
 11
83.76694680722093
 21
178.20857540906445
 31
0.0
  0
LINE
  5
4B8
330
17
100
AcDbEntity
  8
OCULTA
100
AcDbLine
 10
83.76694680722093
 20
178.20857540906445
 30
0.0
 11
84.78821755917406
 21
178.20857540906445
 31
0.0
  0
LINE
  5
4B9
330
17
100
AcDbEntity
  8
OCULTA
100
AcDbLine
 10
84.78821755917406
 20
178.20857540906445
 30
0.0
 11
85.75943852932787
 21
178.20857540906445
 31
0.0
  0
LINE
  5
4BA
330
17
100
AcDbEntity
  8
OCULTA
100
AcDbLine
 10
81.19999887020921
 20
159.20857540906445
 30
0.0
 11
82.10023595364427
 21
159.20857540906445
 31
0.0
  0
LINE
  5
4BB
330
17
100
AcDbEntity
  8
OCULTA
100
AcDbLine
 10
82.10023595364427
 20
159.20857540906445
 30
0.0
 11
82.96193410427904
 21
159.20857540906445
 31
0.0
  0
LINE
  5
4BC
330
17
100
AcDbEntity
  8
OCULTA
100
AcDbLine
 10
82.96193410427904
 20
159.20857540906445
 30
0.0
 11
83.78140069516039
 21
159.20857540906445
 31
0.0
  0
LINE
  5
4BD
330
17
100
AcDbEntity
  8
OCULTA
100
AcDbLine
 10
83.78140069516039
 20
159.20857540906445
 30
0.0
 11
84.55512811215257
 21
159.20857540906445
 31
0.0
  0
LINE
  5
4BE
330
17
100
AcDbEntity
  8
OCULTA
100
AcDbLine
 10
85.75943852932787
 20
159.20857540906445
 30
0.0
 11
86.67644883663988
 21
159.20857540906445
 31
0.0
  0
LINE
  5
4BF
330
17
100
AcDbEntity
  8
OCULTA
100
AcDbLine
 10
84.55512811215257
 20
159.20857540906445
 30
0.0
 11
85.2798032906804
 21
159.20857540906445
 31
0.0
  0
LINE
  5
4C0
330
17
100
AcDbEntity
  8
OCULTA
100
AcDbLine
 10
85.2798032906804
 20
159.20857540906445
 30
0.0
 11
85.9523229745183
 21
159.20857540906445
 31
0.0
  0
LINE
  5
4C1
330
17
100
AcDbEntity
  8
OCULTA
100
AcDbLine
 10
85.9523229745183
 20
159.20857540906445
 30
0.0
 11
86.56980611355638
 21
159.20857540906445
 31
0.0
  0
LINE
  5
4C2
330
17
100
AcDbEntity
  8
OCULTA
100
AcDbLine
 10
85.75943852932787
 20
178.20857540906445
 30
0.0
 11
86.67644883663988
 21
178.20857540906445
 31
0.0
  0
LINE
  5
4C3
330
17
100
AcDbEntity
  8
OCULTA
100
AcDbLine
 10
86.67644883663988
 20
159.20857540906445
 30
0.0
 11
87.53532315762376
 21
159.20857540906445
 31
0.0
  0
LINE
  5
4C4
330
17
100
AcDbEntity
  8
OCULTA
100
AcDbLine
 10
87.53532315762376
 20
159.20857540906445
 30
0.0
 11
88.33238221676683
 21
159.20857540906445
 31
0.0
  0
LINE
  5
4C5
330
17
100
AcDbEntity
  8
OCULTA
100
AcDbLine
 10
88.33238221676683
 20
159.20857540906445
 30
0.0
 11
89.06421472103929
 21
159.20857540906445
 31
0.0
  0
LINE
  5
4C6
330
17
100
AcDbEntity
  8
OCULTA
100
AcDbLine
 10
86.56980611355638
 20
159.20857540906445
 30
0.0
 11
87.1296100762639
 21
159.20857540906445
 31
0.0
  0
LINE
  5
4C7
330
17
100
AcDbEntity
  8
OCULTA
100
AcDbLine
 10
87.4503173974309
 20
149.20857540906445
 30
0.0
 11
87.4503173974309
 21
159.20857540906445
 31
0.0
  0
LINE
  5
4C8
330
17
100
AcDbEntity
  8
OCULTA
100
AcDbLine
 10
87.1296100762639
 20
159.20857540906445
 30
0.0
 11
87.4503173974309
 21
159.20857540906445
 31
0.0
  0
LINE
  5
4C9
330
17
100
AcDbEntity
  8
OCULTA
100
AcDbLine
 10
89.06421472103929
 20
159.20857540906445
 30
0.0
 11
89.72768594296312
 21
159.20857540906445
 31
0.0
  0
LINE
  5
4CA
330
17
100
AcDbEntity
  8
OCULTA
100
AcDbLine
 10
89.72768594296312
 20
159.20857540906445
 30
0.0
 11
90.31995584042406
 21
159.20857540906445
 31
0.0
  0
LINE
  5
4CB
330
17
100
AcDbEntity
  8
OCULTA
100
AcDbLine
 10
87.4503173974309
 20
159.20857540906445
 30
0.0
 11
90.76939965756273
 21
159.20857540906445
 31
0.0
  0
LINE
  5
4CC
330
17
100
AcDbEntity
  8
OCULTA
100
AcDbLine
 10
90.31995584042406
 20
159.20857540906445
 30
0.0
 11
90.76939965756273
 21
159.20857540906445
 31
0.0
  0
LINE
  5
4CD
330
17
100
AcDbEntity
  8
OCULTA
100
AcDbLine
 10
90.76939965756273
 20
159.20857540906445
 30
0.0
 11
90.76939965756273
 21
161.20857540906445
 31
0.0
  0
LINE
  5
4CE
330
17
100
AcDbEntity
  8
OCULTA
100
AcDbLine
 10
90.76939965756273
 20
161.20857540906445
 30
0.0
 11
90.83848573239183
 21
161.20857540906445
 31
0.0
  0
LINE
  5
4CF
330
17
100
AcDbEntity
  8
OCULTA
100
AcDbLine
 10
90.83848573239183
 20
161.20857540906445
 30
0.0
 11
91.28105737240648
 21
161.20857540906445
 31
0.0
  0
LINE
  5
4D0
330
17
100
AcDbEntity
  8
OCULTA
100
AcDbLine
 10
91.28105737240648
 20
161.20857540906445
 30
0.0
 11
91.64577485592699
 21
161.20857540906445
 31
0.0
  0
LINE
  5
4D1
330
17
100
AcDbEntity
  8
OCULTA
100
AcDbLine
 10
91.64577485592699
 20
161.20857540906445
 30
0.0
 11
91.93107606442308
 21
161.20857540906445
 31
0.0
  0
LINE
  5
4D2
330
17
100
AcDbEntity
  8
OCULTA
100
AcDbLine
 10
91.93107606442308
 20
161.20857540906445
 30
0.0
 11
92.13574029476976
 21
161.20857540906445
 31
0.0
  0
LINE
  5
4D3
330
17
100
AcDbEntity
  8
OCULTA
100
AcDbLine
 10
92.13574029476976
 20
161.20857540906445
 30
0.0
 11
92.25889016659593
 21
161.20857540906445
 31
0.0
  0
LINE
  5
4D4
330
17
100
AcDbEntity
  8
OCULTA
100
AcDbLine
 10
90.76939965756273
 20
161.20857540906445
 30
0.0
 11
93.98483087094164
 21
161.20857540906445
 31
0.0
  0
LINE
  5
4D5
330
17
100
AcDbEntity
  8
OCULTA
100
AcDbLine
 10
86.67644883663988
 20
178.20857540906445
 30
0.0
 11
87.53532315762376
 21
178.20857540906445
 31
0.0
  0
LINE
  5
4D6
330
17
100
AcDbEntity
  8
OCULTA
100
AcDbLine
 10
87.53532315762376
 20
178.20857540906445
 30
0.0
 11
88.33238221676683
 21
178.20857540906445
 31
0.0
  0
LINE
  5
4D7
330
17
100
AcDbEntity
  8
OCULTA
100
AcDbLine
 10
88.33238221676683
 20
178.20857540906445
 30
0.0
 11
89.06421472103929
 21
178.20857540906445
 31
0.0
  0
LINE
  5
4D8
330
17
100
AcDbEntity
  8
OCULTA
100
AcDbLine
 10
89.06421472103929
 20
178.20857540906445
 30
0.0
 11
89.72768594296312
 21
178.20857540906445
 31
0.0
  0
LINE
  5
4D9
330
17
100
AcDbEntity
  8
OCULTA
100
AcDbLine
 10
89.72768594296312
 20
178.20857540906445
 30
0.0
 11
90.31995584042406
 21
178.20857540906445
 31
0.0
  0
LINE
  5
4DA
330
17
100
AcDbEntity
  8
OCULTA
100
AcDbLine
 10
90.31995584042406
 20
178.20857540906445
 30
0.0
 11
90.83848573239183
 21
178.20857540906445
 31
0.0
  0
LINE
  5
4DB
330
17
100
AcDbEntity
  8
OCULTA
100
AcDbLine
 10
90.83848573239183
 20
178.20857540906445
 30
0.0
 11
91.28105737240648
 21
178.20857540906445
 31
0.0
  0
LINE
  5
4DC
330
17
100
AcDbEntity
  8
OCULTA
100
AcDbLine
 10
91.28105737240648
 20
178.20857540906445
 30
0.0
 11
91.64577485592699
 21
178.20857540906445
 31
0.0
  0
LINE
  5
4DD
330
17
100
AcDbEntity
  8
OCULTA
100
AcDbLine
 10
91.64577485592699
 20
178.20857540906445
 30
0.0
 11
91.93107606442308
 21
178.20857540906445
 31
0.0
  0
LINE
  5
4DE
330
17
100
AcDbEntity
  8
OCULTA
100
AcDbLine
 10
91.93107606442308
 20
178.20857540906445
 30
0.0
 11
92.13574029476976
 21
178.20857540906445
 31
0.0
  0
LINE
  5
4DF
330
17
100
AcDbEntity
  8
OCULTA
100
AcDbLine
 10
92.13574029476976
 20
178.20857540906445
 30
0.0
 11
92.25889016659593
 21
178.20857540906445
 31
0.0
  0
LINE
  5
4E0
330
17
100
AcDbEntity
  8
OCULTA
100
AcDbLine
 10
71.64804901154375
 20
147.20857540906445
 30
0.0
 11
73.09999848873949
 21
147.20857540906445
 31
0.0
  0
LINE
  5
4E1
330
17
100
AcDbEntity
  8
OCULTA
100
AcDbLine
 10
73.09999848873949
 20
147.20857540906445
 30
0.0
 11
74.55194796593523
 21
147.20857540906445
 31
0.0
  0
LINE
  5
4E2
330
17
100
AcDbEntity
  8
OCULTA
100
AcDbLine
 10
74.55194796593523
 20
147.20857540906445
 30
0.0
 11
75.99767996342516
 21
147.20857540906445
 31
0.0
  0
LINE
  5
4E3
330
17
100
AcDbEntity
  8
OCULTA
100
AcDbLine
 10
71.32103337319231
 20
144.20857540906445
 30
0.0
 11
73.09999848873949
 21
144.20857540906445
 31
0.0
  0
LINE
  5
4E4
330
17
100
AcDbEntity
  8
OCULTA
100
AcDbLine
 10
73.09999848873949
 20
144.20857540906445
 30
0.0
 11
74.87896360428667
 21
144.20857540906445
 31
0.0
  0
LINE
  5
4E5
330
17
100
AcDbEntity
  8
OCULTA
100
AcDbLine
 10
71.32103337319231
 20
147.20857540906445
 30
0.0
 11
73.09999848873949
 21
147.20857540906445
 31
0.0
  0
LINE
  5
4E6
330
17
100
AcDbEntity
  8
OCULTA
100
AcDbLine
 10
73.09999848873949
 20
147.20857540906445
 30
0.0
 11
74.87896360428667
 21
147.20857540906445
 31
0.0
  0
LINE
  5
4E7
330
17
100
AcDbEntity
  8
OCULTA
100
AcDbLine
 10
75.99767996342516
 20
147.20857540906445
 30
0.0
 11
77.43100358517503
 21
147.20857540906445
 31
0.0
  0
LINE
  5
4E8
330
17
100
AcDbEntity
  8
OCULTA
100
AcDbLine
 10
77.43100358517503
 20
147.20857540906445
 30
0.0
 11
78.84578134091234
 21
147.20857540906445
 31
0.0
  0
LINE
  5
4E9
330
17
100
AcDbEntity
  8
OCULTA
100
AcDbLine
 10
74.87896360428667
 20
144.20857540906445
 30
0.0
 11
76.65031100781297
 21
144.20857540906445
 31
0.0
  0
LINE
  5
4EA
330
17
100
AcDbEntity
  8
OCULTA
100
AcDbLine
 10
76.65031100781297
 20
144.20857540906445
 30
0.0
 11
78.40645505459642
 21
144.20857540906445
 31
0.0
  0
LINE
  5
4EB
330
17
100
AcDbEntity
  8
OCULTA
100
AcDbLine
 10
74.87896360428667
 20
147.20857540906445
 30
0.0
 11
76.65031100781297
 21
147.20857540906445
 31
0.0
  0
LINE
  5
4EC
330
17
100
AcDbEntity
  8
OCULTA
100
AcDbLine
 10
76.65031100781297
 20
147.20857540906445
 30
0.0
 11
78.40645505459642
 21
147.20857540906445
 31
0.0
  0
LINE
  5
4ED
330
17
100
AcDbEntity
  8
OCULTA
100
AcDbLine
 10
83.09066201718187
 20
138.20857540906445
 30
0.0
 11
83.09066201718187
 21
138.20857540906445
 31
0.0
  0
LINE
  5
4EE
330
17
100
AcDbEntity
  8
OCULTA
100
AcDbLine
 10
83.09066201718187
 20
144.20857540906445
 30
0.0
 11
83.09066201718187
 21
144.20857540906445
 31
0.0
  0
LINE
  5
4EF
330
17
100
AcDbEntity
  8
OCULTA
100
AcDbLine
 10
83.09066201718187
 20
138.20857540906445
 30
0.0
 11
83.09066201718187
 21
144.20857540906445
 31
0.0
  0
LINE
  5
4F0
330
17
100
AcDbEntity
  8
OCULTA
100
AcDbLine
 10
82.91880704434251
 20
147.20857540906445
 30
0.0
 11
84.19999887020921
 21
147.20857540906445
 31
0.0
  0
LINE
  5
4F1
330
17
100
AcDbEntity
  8
OCULTA
100
AcDbLine
 10
84.19999887020921
 20
147.20857540906445
 30
0.0
 11
85.43365766079759
 21
147.20857540906445
 31
0.0
  0
LINE
  5
4F2
330
17
100
AcDbEntity
  8
OCULTA
100
AcDbLine
 10
85.43365766079759
 20
147.20857540906445
 30
0.0
 11
86.6145019677434
 21
147.20857540906445
 31
0.0
  0
LINE
  5
4F3
330
17
100
AcDbEntity
  8
OCULTA
100
AcDbLine
 10
78.84578134091234
 20
147.20857540906445
 30
0.0
 11
80.23595477612352
 21
147.20857540906445
 31
0.0
  0
LINE
  5
4F4
330
17
100
AcDbEntity
  8
OCULTA
100
AcDbLine
 10
82.91880704434251
 20
147.20857540906445
 30
0.0
 11
81.59557057888841
 21
147.20857540906445
 31
0.0
  0
LINE
  5
4F5
330
17
100
AcDbEntity
  8
OCULTA
100
AcDbLine
 10
80.23595477612352
 20
147.20857540906445
 30
0.0
 11
81.59557057888841
 21
147.20857540906445
 31
0.0
  0
LINE
  5
4F6
330
17
100
AcDbEntity
  8
OCULTA
100
AcDbLine
 10
78.40645505459642
 20
144.20857540906445
 30
0.0
 11
80.13987638028001
 21
144.20857540906445
 31
0.0
  0
LINE
  5
4F7
330
17
100
AcDbEntity
  8
OCULTA
100
AcDbLine
 10
80.13987638028001
 20
144.20857540906445
 30
0.0
 11
81.843152060822
 21
144.20857540906445
 31
0.0
  0
LINE
  5
4F8
330
17
100
AcDbEntity
  8
OCULTA
100
AcDbLine
 10
78.40645505459642
 20
147.20857540906445
 30
0.0
 11
80.13987638028001
 21
147.20857540906445
 31
0.0
  0
LINE
  5
4F9
330
17
100
AcDbEntity
  8
OCULTA
100
AcDbLine
 10
80.13987638028001
 20
147.20857540906445
 30
0.0
 11
81.843152060822
 21
147.20857540906445
 31
0.0
  0
LINE
  5
4FA
330
17
100
AcDbEntity
  8
OCULTA
100
AcDbLine
 10
81.843152060822
 20
144.20857540906445
 30
0.0
 11
83.5089874413762
 21
144.20857540906445
 31
0.0
  0
LINE
  5
4FB
330
17
100
AcDbEntity
  8
OCULTA
100
AcDbLine
 10
83.5089874413762
 20
144.20857540906445
 30
0.0
 11
85.13025094540453
 21
144.20857540906445
 31
0.0
  0
LINE
  5
4FC
330
17
100
AcDbEntity
  8
OCULTA
100
AcDbLine
 10
81.843152060822
 20
147.20857540906445
 30
0.0
 11
83.5089874413762
 21
147.20857540906445
 31
0.0
  0
LINE
  5
4FD
330
17
100
AcDbEntity
  8
OCULTA
100
AcDbLine
 10
83.5089874413762
 20
147.20857540906445
 30
0.0
 11
85.13025094540453
 21
147.20857540906445
 31
0.0
  0
LINE
  5
4FE
330
17
100
AcDbEntity
  8
OCULTA
100
AcDbLine
 10
71.64804901154375
 20
149.20857540906445
 30
0.0
 11
73.09999848873949
 21
149.20857540906445
 31
0.0
  0
LINE
  5
4FF
330
17
100
AcDbEntity
  8
OCULTA
100
AcDbLine
 10
73.09999848873949
 20
149.20857540906445
 30
0.0
 11
74.55194796593523
 21
149.20857540906445
 31
0.0
  0
LINE
  5
500
330
17
100
AcDbEntity
  8
OCULTA
100
AcDbLine
 10
74.55194796593523
 20
149.20857540906445
 30
0.0
 11
75.99767996342516
 21
149.20857540906445
 31
0.0
  0
LINE
  5
501
330
17
100
AcDbEntity
  8
OCULTA
100
AcDbLine
 10
75.99767996342516
 20
149.20857540906445
 30
0.0
 11
77.43100358517503
 21
149.20857540906445
 31
0.0
  0
LINE
  5
502
330
17
100
AcDbEntity
  8
OCULTA
100
AcDbLine
 10
77.43100358517503
 20
149.20857540906445
 30
0.0
 11
78.84578134091234
 21
149.20857540906445
 31
0.0
  0
LINE
  5
503
330
17
100
AcDbEntity
  8
OCULTA
100
AcDbLine
 10
78.84578134091234
 20
149.20857540906445
 30
0.0
 11
80.23595477612352
 21
149.20857540906445
 31
0.0
  0
LINE
  5
504
330
17
100
AcDbEntity
  8
OCULTA
100
AcDbLine
 10
80.59999848873949
 20
149.20857540906445
 30
0.0
 11
80.59999848873949
 21
149.20857540906445
 31
0.0
  0
LINE
  5
505
330
17
100
AcDbEntity
  8
OCULTA
100
AcDbLine
 10
80.23595477612352
 20
149.20857540906445
 30
0.0
 11
80.59999848873949
 21
149.20857540906445
 31
0.0
  0
LINE
  5
506
330
17
100
AcDbEntity
  8
OCULTA
100
AcDbLine
 10
89.26531220944261
 20
147.20857540906445
 30
0.0
 11
89.29999925167894
 21
147.20857540906445
 31
0.0
  0
LINE
  5
507
330
17
100
AcDbEntity
  8
OCULTA
100
AcDbLine
 10
90.71244241268968
 20
147.20857540906445
 30
0.0
 11
91.55862428219652
 21
147.20857540906445
 31
0.0
  0
LINE
  5
508
330
17
100
AcDbEntity
  8
OCULTA
100
AcDbLine
 10
93.01057244809007
 20
147.20857540906445
 30
0.0
 11
92.32576180966234
 21
147.20857540906445
 31
0.0
  0
LINE
  5
509
330
17
100
AcDbEntity
  8
OCULTA
100
AcDbLine
 10
91.55862428219652
 20
147.20857540906445
 30
0.0
 11
92.32576180966234
 21
147.20857540906445
 31
0.0
  0
LINE
  5
50A
330
17
100
AcDbEntity
  8
OCULTA
100
AcDbLine
 10
95.11007501156664
 20
147.20857540906445
 30
0.0
 11
95.25246621640062
 21
147.20857540906445
 31
0.0
  0
LINE
  5
50B
330
17
100
AcDbEntity
  8
OCULTA
100
AcDbLine
 10
95.29999925167894
 20
147.20857540906445
 30
0.0
 11
95.25246621640062
 21
147.20857540906445
 31
0.0
  0
LINE
  5
50C
330
17
100
AcDbEntity
  8
OCULTA
100
AcDbLine
 10
95.11007501156664
 20
147.20857540906445
 30
0.0
 11
94.87343217404222
 21
147.20857540906445
 31
0.0
  0
LINE
  5
50D
330
17
100
AcDbEntity
  8
OCULTA
100
AcDbLine
 10
94.87343217404222
 20
147.20857540906445
 30
0.0
 11
94.54355241330003
 21
147.20857540906445
 31
0.0
  0
LINE
  5
50E
330
17
100
AcDbEntity
  8
OCULTA
100
AcDbLine
 10
100.29999925167894
 20
144.20857540906445
 30
0.0
 11
100.24176026852464
 21
144.20857540906445
 31
0.0
  0
LINE
  5
50F
330
17
100
AcDbEntity
  8
OCULTA
100
AcDbLine
 10
100.29999925167894
 20
147.20857540906445
 30
0.0
 11
100.24176026852464
 21
147.20857540906445
 31
0.0
  0
LINE
  5
510
330
17
100
AcDbEntity
  8
OCULTA
100
AcDbLine
 10
100.24176026852464
 20
144.20857540906445
 30
0.0
 11
100.06729890377855
 21
144.20857540906445
 31
0.0
  0
LINE
  5
511
330
17
100
AcDbEntity
  8
OCULTA
100
AcDbLine
 10
100.06729890377855
 20
144.20857540906445
 30
0.0
 11
99.77735902340746
 21
144.20857540906445
 31
0.0
  0
LINE
  5
512
330
17
100
AcDbEntity
  8
OCULTA
100
AcDbLine
 10
100.24176026852464
 20
147.20857540906445
 30
0.0
 11
100.06729890377855
 21
147.20857540906445
 31
0.0
  0
LINE
  5
513
330
17
100
AcDbEntity
  8
OCULTA
100
AcDbLine
 10
100.06729890377855
 20
147.20857540906445
 30
0.0
 11
99.77735902340746
 21
147.20857540906445
 31
0.0
  0
LINE
  5
514
330
17
100
AcDbEntity
  8
OCULTA
100
AcDbLine
 10
94.54355241330003
 20
147.20857540906445
 30
0.0
 11
94.12184716732835
 21
147.20857540906445
 31
0.0
  0
LINE
  5
515
330
17
100
AcDbEntity
  8
OCULTA
100
AcDbLine
 10
93.01057244809007
 20
147.20857540906445
 30
0.0
 11
93.61012460263109
 21
147.20857540906445
 31
0.0
  0
LINE
  5
516
330
17
100
AcDbEntity
  8
OCULTA
100
AcDbLine
 10
94.12184716732835
 20
147.20857540906445
 30
0.0
 11
93.61012460263109
 21
147.20857540906445
 31
0.0
  0
LINE
  5
517
330
17
100
AcDbEntity
  8
OCULTA
100
AcDbLine
 10
99.77735902340746
 20
144.20857540906445
 30
0.0
 11
99.37318040402269
 21
144.20857540906445
 31
0.0
  0
LINE
  5
518
330
17
100
AcDbEntity
  8
OCULTA
100
AcDbLine
 10
99.37318040402269
 20
144.20857540906445
 30
0.0
 11
98.85649873288011
 21
144.20857540906445
 31
0.0
  0
LINE
  5
519
330
17
100
AcDbEntity
  8
OCULTA
100
AcDbLine
 10
99.77735902340746
 20
147.20857540906445
 30
0.0
 11
99.37318040402269
 21
147.20857540906445
 31
0.0
  0
LINE
  5
51A
330
17
100
AcDbEntity
  8
OCULTA
100
AcDbLine
 10
99.37318040402269
 20
147.20857540906445
 30
0.0
 11
98.85649873288011
 21
147.20857540906445
 31
0.0
  0
LINE
  5
51B
330
17
100
AcDbEntity
  8
OCULTA
100
AcDbLine
 10
98.85649873288011
 20
144.20857540906445
 30
0.0
 11
98.22952271969652
 21
144.20857540906445
 31
0.0
  0
LINE
  5
51C
330
17
100
AcDbEntity
  8
OCULTA
100
AcDbLine
 10
98.22952271969652
 20
144.20857540906445
 30
0.0
 11
97.49493791134691
 21
144.20857540906445
 31
0.0
  0
LINE
  5
51D
330
17
100
AcDbEntity
  8
OCULTA
100
AcDbLine
 10
98.85649873288011
 20
147.20857540906445
 30
0.0
 11
98.22952271969652
 21
147.20857540906445
 31
0.0
  0
LINE
  5
51E
330
17
100
AcDbEntity
  8
OCULTA
100
AcDbLine
 10
98.22952271969652
 20
147.20857540906445
 30
0.0
 11
97.49493791134691
 21
147.20857540906445
 31
0.0
  0
LINE
  5
51F
330
17
100
AcDbEntity
  8
OCULTA
100
AcDbLine
 10
89.26531220944261
 20
149.20857540906445
 30
0.0
 11
89.29999925167894
 21
149.20857540906445
 31
0.0
  0
LINE
  5
520
330
17
100
AcDbEntity
  8
OCULTA
100
AcDbLine
 10
95.11007501156664
 20
149.20857540906445
 30
0.0
 11
95.25246621640062
 21
149.20857540906445
 31
0.0
  0
LINE
  5
521
330
17
100
AcDbEntity
  8
OCULTA
100
AcDbLine
 10
95.29999925167894
 20
149.20857540906445
 30
0.0
 11
95.25246621640062
 21
149.20857540906445
 31
0.0
  0
LINE
  5
522
330
17
100
AcDbEntity
  8
OCULTA
100
AcDbLine
 10
95.11007501156664
 20
149.20857540906445
 30
0.0
 11
94.87343217404222
 21
149.20857540906445
 31
0.0
  0
LINE
  5
523
330
17
100
AcDbEntity
  8
OCULTA
100
AcDbLine
 10
94.87343217404222
 20
149.20857540906445
 30
0.0
 11
94.54355241330003
 21
149.20857540906445
 31
0.0
  0
LINE
  5
524
330
17
100
AcDbEntity
  8
OCULTA
100
AcDbLine
 10
94.54355241330003
 20
149.20857540906445
 30
0.0
 11
94.12184716732835
 21
149.20857540906445
 31
0.0
  0
LINE
  5
525
330
17
100
AcDbEntity
  8
OCULTA
100
AcDbLine
 10
94.12184716732835
 20
149.20857540906445
 30
0.0
 11
93.98483087094164
 21
149.20857540906445
 31
0.0
  0
LINE
  5
526
330
17
100
AcDbEntity
  8
OCULTA
100
AcDbLine
 10
83.09066201718187
 20
138.20857540906445
 30
0.0
 11
93.09066201718187
 21
138.20857540906445
 31
0.0
  0
LINE
  5
527
330
17
100
AcDbEntity
  8
OCULTA
100
AcDbLine
 10
93.09066201718187
 20
138.20857540906445
 30
0.0
 11
93.09066201718187
 21
138.20857540906445
 31
0.0
  0
LINE
  5
528
330
17
100
AcDbEntity
  8
OCULTA
100
AcDbLine
 10
86.6145019677434
 20
147.20857540906445
 30
0.0
 11
87.73747540982103
 21
147.20857540906445
 31
0.0
  0
LINE
  5
529
330
17
100
AcDbEntity
  8
OCULTA
100
AcDbLine
 10
90.71244241268968
 20
147.20857540906445
 30
0.0
 11
89.79084207089281
 21
147.20857540906445
 31
0.0
  0
LINE
  5
52A
330
17
100
AcDbEntity
  8
OCULTA
100
AcDbLine
 10
87.73747540982103
 20
147.20857540906445
 30
0.0
 11
88.79776860745287
 21
147.20857540906445
 31
0.0
  0
LINE
  5
52B
330
17
100
AcDbEntity
  8
OCULTA
100
AcDbLine
 10
89.79084207089281
 20
147.20857540906445
 30
0.0
 11
88.79776860745287
 21
147.20857540906445
 31
0.0
  0
LINE
  5
52C
330
17
100
AcDbEntity
  8
OCULTA
100
AcDbLine
 10
83.09066201718187
 20
144.20857540906445
 30
0.0
 11
93.09066201718187
 21
144.20857540906445
 31
0.0
  0
LINE
  5
52D
330
17
100
AcDbEntity
  8
OCULTA
100
AcDbLine
 10
93.09066201718187
 20
144.20857540906445
 30
0.0
 11
93.09066201718187
 21
144.20857540906445
 31
0.0
  0
LINE
  5
52E
330
17
100
AcDbEntity
  8
OCULTA
100
AcDbLine
 10
93.09066201718187
 20
138.20857540906445
 30
0.0
 11
93.09066201718187
 21
144.20857540906445
 31
0.0
  0
LINE
  5
52F
330
17
100
AcDbEntity
  8
OCULTA
100
AcDbLine
 10
85.13025094540453
 20
144.20857540906445
 30
0.0
 11
86.69999887020921
 21
144.20857540906445
 31
0.0
  0
LINE
  5
530
330
17
100
AcDbEntity
  8
OCULTA
100
AcDbLine
 10
86.69999887020921
 20
144.20857540906445
 30
0.0
 11
88.21150876553392
 21
144.20857540906445
 31
0.0
  0
LINE
  5
531
330
17
100
AcDbEntity
  8
OCULTA
100
AcDbLine
 10
88.21150876553392
 20
144.20857540906445
 30
0.0
 11
89.65830995114183
 21
144.20857540906445
 31
0.0
  0
LINE
  5
532
330
17
100
AcDbEntity
  8
OCULTA
100
AcDbLine
 10
85.13025094540453
 20
147.20857540906445
 30
0.0
 11
86.69999887020921
 21
147.20857540906445
 31
0.0
  0
LINE
  5
533
330
17
100
AcDbEntity
  8
OCULTA
100
AcDbLine
 10
86.69999887020921
 20
147.20857540906445
 30
0.0
 11
88.21150876553392
 21
147.20857540906445
 31
0.0
  0
LINE
  5
534
330
17
100
AcDbEntity
  8
OCULTA
100
AcDbLine
 10
88.21150876553392
 20
147.20857540906445
 30
0.0
 11
89.65830995114183
 21
147.20857540906445
 31
0.0
  0
LINE
  5
535
330
17
100
AcDbEntity
  8
OCULTA
100
AcDbLine
 10
92.33330346615648
 20
144.20857540906445
 30
0.0
 11
91.03420449765062
 21
144.20857540906445
 31
0.0
  0
LINE
  5
536
330
17
100
AcDbEntity
  8
OCULTA
100
AcDbLine
 10
89.65830995114183
 20
144.20857540906445
 30
0.0
 11
91.03420449765062
 21
144.20857540906445
 31
0.0
  0
LINE
  5
537
330
17
100
AcDbEntity
  8
OCULTA
100
AcDbLine
 10
92.33330346615648
 20
147.20857540906445
 30
0.0
 11
91.03420449765062
 21
147.20857540906445
 31
0.0
  0
LINE
  5
538
330
17
100
AcDbEntity
  8
OCULTA
100
AcDbLine
 10
89.65830995114183
 20
147.20857540906445
 30
0.0
 11
91.03420449765062
 21
147.20857540906445
 31
0.0
  0
LINE
  5
539
330
17
100
AcDbEntity
  8
OCULTA
100
AcDbLine
 10
94.67920877011156
 20
144.20857540906445
 30
0.0
 11
95.71597100766039
 21
144.20857540906445
 31
0.0
  0
LINE
  5
53A
330
17
100
AcDbEntity
  8
OCULTA
100
AcDbLine
 10
97.49493791134691
 20
144.20857540906445
 30
0.0
 11
96.65588952572679
 21
144.20857540906445
 31
0.0
  0
LINE
  5
53B
330
17
100
AcDbEntity
  8
OCULTA
100
AcDbLine
 10
95.71597100766039
 20
144.20857540906445
 30
0.0
 11
96.65588952572679
 21
144.20857540906445
 31
0.0
  0
LINE
  5
53C
330
17
100
AcDbEntity
  8
OCULTA
100
AcDbLine
 10
94.67920877011156
 20
147.20857540906445
 30
0.0
 11
95.71597100766039
 21
147.20857540906445
 31
0.0
  0
LINE
  5
53D
330
17
100
AcDbEntity
  8
OCULTA
100
AcDbLine
 10
97.49493791134691
 20
147.20857540906445
 30
0.0
 11
96.65588952572679
 21
147.20857540906445
 31
0.0
  0
LINE
  5
53E
330
17
100
AcDbEntity
  8
OCULTA
100
AcDbLine
 10
95.71597100766039
 20
147.20857540906445
 30
0.0
 11
96.65588952572679
 21
147.20857540906445
 31
0.0
  0
LINE
  5
53F
330
17
100
AcDbEntity
  8
OCULTA
100
AcDbLine
 10
92.33330346615648
 20
144.20857540906445
 30
0.0
 11
93.55004121334886
 21
144.20857540906445
 31
0.0
  0
LINE
  5
540
330
17
100
AcDbEntity
  8
OCULTA
100
AcDbLine
 10
94.67920877011156
 20
144.20857540906445
 30
0.0
 11
93.55004121334886
 21
144.20857540906445
 31
0.0
  0
LINE
  5
541
330
17
100
AcDbEntity
  8
OCULTA
100
AcDbLine
 10
92.33330346615648
 20
147.20857540906445
 30
0.0
 11
93.55004121334886
 21
147.20857540906445
 31
0.0
  0
LINE
  5
542
330
17
100
AcDbEntity
  8
OCULTA
100
AcDbLine
 10
94.67920877011156
 20
147.20857540906445
 30
0.0
 11
93.55004121334886
 21
147.20857540906445
 31
0.0
  0
LINE
  5
543
330
17
100
AcDbEntity
  8
OCULTA
100
AcDbLine
 10
71.64804901154375
 20
161.20857540906445
 30
0.0
 11
73.09999848873949
 21
161.20857540906445
 31
0.0
  0
LINE
  5
544
330
17
100
AcDbEntity
  8
OCULTA
100
AcDbLine
 10
73.09999848873949
 20
161.20857540906445
 30
0.0
 11
74.55194796593523
 21
161.20857540906445
 31
0.0
  0
LINE
  5
545
330
17
100
AcDbEntity
  8
OCULTA
100
AcDbLine
 10
74.55194796593523
 20
161.20857540906445
 30
0.0
 11
75.99767996342516
 21
161.20857540906445
 31
0.0
  0
LINE
  5
546
330
17
100
AcDbEntity
  8
OCULTA
100
AcDbLine
 10
75.99767996342516
 20
161.20857540906445
 30
0.0
 11
77.43100358517503
 21
161.20857540906445
 31
0.0
  0
LINE
  5
547
330
17
100
AcDbEntity
  8
OCULTA
100
AcDbLine
 10
77.43100358517503
 20
161.20857540906445
 30
0.0
 11
78.84578134091234
 21
161.20857540906445
 31
0.0
  0
LINE
  5
548
330
17
100
AcDbEntity
  8
OCULTA
100
AcDbLine
 10
80.59999848873949
 20
159.20857540906445
 30
0.0
 11
80.59999848873949
 21
159.20857540906445
 31
0.0
  0
LINE
  5
549
330
17
100
AcDbEntity
  8
OCULTA
100
AcDbLine
 10
78.84578134091234
 20
161.20857540906445
 30
0.0
 11
80.23595477612352
 21
161.20857540906445
 31
0.0
  0
LINE
  5
54A
330
17
100
AcDbEntity
  8
OCULTA
100
AcDbLine
 10
80.59999848873949
 20
149.20857540906445
 30
0.0
 11
80.59999848873949
 21
161.20857540906445
 31
0.0
  0
LINE
  5
54B
330
17
100
AcDbEntity
  8
OCULTA
100
AcDbLine
 10
80.59999848873949
 20
161.20857540906445
 30
0.0
 11
80.59999848873949
 21
161.20857540906445
 31
0.0
  0
LINE
  5
54C
330
17
100
AcDbEntity
  8
OCULTA
100
AcDbLine
 10
80.23595477612352
 20
161.20857540906445
 30
0.0
 11
80.59999848873949
 21
161.20857540906445
 31
0.0
  0
LINE
  5
54D
330
17
100
AcDbEntity
  8
OCULTA
100
AcDbLine
 10
71.64804901154375
 20
178.20857540906445
 30
0.0
 11
73.09999848873949
 21
178.20857540906445
 31
0.0
  0
LINE
  5
54E
330
17
100
AcDbEntity
  8
OCULTA
100
AcDbLine
 10
73.09999848873949
 20
178.20857540906445
 30
0.0
 11
74.55194796593523
 21
178.20857540906445
 31
0.0
  0
LINE
  5
54F
330
17
100
AcDbEntity
  8
OCULTA
100
AcDbLine
 10
74.55194796593523
 20
178.20857540906445
 30
0.0
 11
75.99767996342516
 21
178.20857540906445
 31
0.0
  0
LINE
  5
550
330
17
100
AcDbEntity
  8
OCULTA
100
AcDbLine
 10
75.99767996342516
 20
178.20857540906445
 30
0.0
 11
77.43100358517503
 21
178.20857540906445
 31
0.0
  0
LINE
  5
551
330
17
100
AcDbEntity
  8
OCULTA
100
AcDbLine
 10
77.43100358517503
 20
178.20857540906445
 30
0.0
 11
78.84578134091234
 21
178.20857540906445
 31
0.0
  0
LINE
  5
552
330
17
100
AcDbEntity
  8
OCULTA
100
AcDbLine
 10
82.91880704434251
 20
178.20857540906445
 30
0.0
 11
84.19999887020921
 21
178.20857540906445
 31
0.0
  0
LINE
  5
553
330
17
100
AcDbEntity
  8
OCULTA
100
AcDbLine
 10
84.19999887020921
 20
178.20857540906445
 30
0.0
 11
85.43365766079759
 21
178.20857540906445
 31
0.0
  0
LINE
  5
554
330
17
100
AcDbEntity
  8
OCULTA
100
AcDbLine
 10
85.43365766079759
 20
178.20857540906445
 30
0.0
 11
86.6145019677434
 21
178.20857540906445
 31
0.0
  0
LINE
  5
555
330
17
100
AcDbEntity
  8
OCULTA
100
AcDbLine
 10
78.84578134091234
 20
178.20857540906445
 30
0.0
 11
80.23595477612352
 21
178.20857540906445
 31
0.0
  0
LINE
  5
556
330
17
100
AcDbEntity
  8
OCULTA
100
AcDbLine
 10
82.91880704434251
 20
178.20857540906445
 30
0.0
 11
81.59557057888841
 21
178.20857540906445
 31
0.0
  0
LINE
  5
557
330
17
100
AcDbEntity
  8
OCULTA
100
AcDbLine
 10
80.23595477612352
 20
178.20857540906445
 30
0.0
 11
81.59557057888841
 21
178.20857540906445
 31
0.0
  0
LINE
  5
558
330
17
100
AcDbEntity
  8
OCULTA
100
AcDbLine
 10
92.25889016659593
 20
161.20857540906445
 30
0.0
 11
92.29999925167894
 21
161.20857540906445
 31
0.0
  0
LINE
  5
559
330
17
100
AcDbEntity
  8
OCULTA
100
AcDbLine
 10
95.11007501156664
 20
161.20857540906445
 30
0.0
 11
95.25246621640062
 21
161.20857540906445
 31
0.0
  0
LINE
  5
55A
330
17
100
AcDbEntity
  8
OCULTA
100
AcDbLine
 10
95.29999925167894
 20
161.20857540906445
 30
0.0
 11
95.25246621640062
 21
161.20857540906445
 31
0.0
  0
LINE
  5
55B
330
17
100
AcDbEntity
  8
OCULTA
100
AcDbLine
 10
95.11007501156664
 20
161.20857540906445
 30
0.0
 11
94.87343217404222
 21
161.20857540906445
 31
0.0
  0
LINE
  5
55C
330
17
100
AcDbEntity
  8
OCULTA
100
AcDbLine
 10
94.87343217404222
 20
161.20857540906445
 30
0.0
 11
94.54355241330003
 21
161.20857540906445
 31
0.0
  0
LINE
  5
55D
330
17
100
AcDbEntity
  8
OCULTA
100
AcDbLine
 10
94.54355241330003
 20
161.20857540906445
 30
0.0
 11
94.12184716732835
 21
161.20857540906445
 31
0.0
  0
LINE
  5
55E
330
17
100
AcDbEntity
  8
OCULTA
100
AcDbLine
 10
94.12184716732835
 20
161.20857540906445
 30
0.0
 11
93.98483087094164
 21
161.20857540906445
 31
0.0
  0
LINE
  5
55F
330
17
100
AcDbEntity
  8
OCULTA
100
AcDbLine
 10
92.25889016659593
 20
178.20857540906445
 30
0.0
 11
92.29999925167894
 21
178.20857540906445
 31
0.0
  0
LINE
  5
560
330
17
100
AcDbEntity
  8
OCULTA
100
AcDbLine
 10
90.71244241268968
 20
178.20857540906445
 30
0.0
 11
91.55862428219652
 21
178.20857540906445
 31
0.0
  0
LINE
  5
561
330
17
100
AcDbEntity
  8
OCULTA
100
AcDbLine
 10
93.01057244809007
 20
178.20857540906445
 30
0.0
 11
92.32576180966234
 21
178.20857540906445
 31
0.0
  0
LINE
  5
562
330
17
100
AcDbEntity
  8
OCULTA
100
AcDbLine
 10
91.55862428219652
 20
178.20857540906445
 30
0.0
 11
92.32576180966234
 21
178.20857540906445
 31
0.0
  0
LINE
  5
563
330
17
100
AcDbEntity
  8
OCULTA
100
AcDbLine
 10
95.11007501156664
 20
178.20857540906445
 30
0.0
 11
95.25246621640062
 21
178.20857540906445
 31
0.0
  0
LINE
  5
564
330
17
100
AcDbEntity
  8
OCULTA
100
AcDbLine
 10
95.29999925167894
 20
178.20857540906445
 30
0.0
 11
95.25246621640062
 21
178.20857540906445
 31
0.0
  0
LINE
  5
565
330
17
100
AcDbEntity
  8
OCULTA
100
AcDbLine
 10
95.11007501156664
 20
178.20857540906445
 30
0.0
 11
94.87343217404222
 21
178.20857540906445
 31
0.0
  0
LINE
  5
566
330
17
100
AcDbEntity
  8
OCULTA
100
AcDbLine
 10
94.87343217404222
 20
178.20857540906445
 30
0.0
 11
94.54355241330003
 21
178.20857540906445
 31
0.0
  0
LINE
  5
567
330
17
100
AcDbEntity
  8
OCULTA
100
AcDbLine
 10
94.54355241330003
 20
178.20857540906445
 30
0.0
 11
94.12184716732835
 21
178.20857540906445
 31
0.0
  0
LINE
  5
568
330
17
100
AcDbEntity
  8
OCULTA
100
AcDbLine
 10
93.01057244809007
 20
178.20857540906445
 30
0.0
 11
93.61012460263109
 21
178.20857540906445
 31
0.0
  0
LINE
  5
569
330
17
100
AcDbEntity
  8
OCULTA
100
AcDbLine
 10
94.12184716732835
 20
178.20857540906445
 30
0.0
 11
93.61012460263109
 21
178.20857540906445
 31
0.0
  0
LINE
  5
56A
330
17
100
AcDbEntity
  8
OCULTA
100
AcDbLine
 10
86.6145019677434
 20
178.20857540906445
 30
0.0
 11
87.73747540982103
 21
178.20857540906445
 31
0.0
  0
LINE
  5
56B
330
17
100
AcDbEntity
  8
OCULTA
100
AcDbLine
 10
90.71244241268968
 20
178.20857540906445
 30
0.0
 11
89.79084207089281
 21
178.20857540906445
 31
0.0
  0
LINE
  5
56C
330
17
100
AcDbEntity
  8
OCULTA
100
AcDbLine
 10
87.73747540982103
 20
178.20857540906445
 30
0.0
 11
88.79776860745287
 21
178.20857540906445
 31
0.0
  0
LINE
  5
56D
330
17
100
AcDbEntity
  8
OCULTA
100
AcDbLine
 10
89.79084207089281
 20
178.20857540906445
 30
0.0
 11
88.79776860745287
 21
178.20857540906445
 31
0.0
  0
TEXT
  5
56E
330
17
100
AcDbEntity
  8
TEXTO
100
AcDbText
 10
73.09999848873949
 20
182.20857540906445
 30
0.0
 40
3.5
  1
ALZADO
 72
1
 11
73.09999848873949
 21
182.20857540906445
 31
0.0
100
AcDbText
 73
2
  0
DIMENSION
  5
56F
330
17
100
AcDbEntity
  8
COTAS
100
AcDbDimension
280
0
  2
*D1
  3
F3D_1000
 10
45.899997725800034
 20
129.20857540906445
 30
0.0
 11
73.09999848873949
 21
131.85857540906446
 31
0.0
 70
32
 71
5
  1
<>
100
AcDbAlignedDimension
 13
45.899997725800034
 23
138.20857540906445
 33
0.0
 14
100.29999925167894
 24
138.20857540906445
 34
0.0
 50
0.0
100
AcDbRotatedDimension
  0
DIMENSION
  5
57E
330
17
100
AcDbEntity
  8
COTAS
100
AcDbDimension
280
0
  2
*D2
  3
F3D_1000
 10
109.29999925167894
 20
138.20857540906445
 30
0.0
 11
106.64999925167893
 21
158.20857540906445
 31
0.0
 70
32
 71
5
  1
<>
100
AcDbAlignedDimension
 13
100.29999925167894
 23
138.20857540906445
 33
0.0
 14
100.29999925167894
 24
178.20857540906445
 34
0.0
 50
90.0
100
AcDbRotatedDimension
  0
LINE
  5
58D
330
17
100
AcDbEntity
  8
VISIBLE
100
AcDbLine
 10
52.64995576413011
 20
67.07436863721387
 30
0.0
 11
51.52078820736742
 21
68.45026318372265
 31
0.0
  0
LINE
  5
58E
330
17
100
AcDbEntity
  8
VISIBLE
100
AcDbLine
 10
50.48402596981859
 20
69.89706436933056
 30
0.0
 11
51.52078820736742
 21
68.45026318372265
 31
0.0
  0
LINE
  5
58F
330
17
100
AcDbEntity
  8
VISIBLE
100
AcDbLine
 10
55.165792479828355
 20
64.55853192151562
 30
0.0
 11
56.541687026337144
 21
63.42936436475293
 31
0.0
  0
LINE
  5
590
330
17
100
AcDbEntity
  8
VISIBLE
100
AcDbLine
 10
56.541687026337144
 20
63.42936436475293
 30
0.0
 11
57.988488211945054
 21
62.3926021272041
 31
0.0
  0
LINE
  5
591
330
17
100
AcDbEntity
  8
VISIBLE
100
AcDbLine
 10
52.64995576413011
 20
67.07436863721387
 30
0.0
 11
53.866693511322495
 21
65.775269668708
 31
0.0
  0
LINE
  5
592
330
17
100
AcDbEntity
  8
VISIBLE
100
AcDbLine
 10
55.165792479828355
 20
64.55853192151562
 30
0.0
 11
53.866693511322495
 21
65.775269668708
 31
0.0
  0
LINE
  5
593
330
17
100
AcDbEntity
  8
VISIBLE
100
AcDbLine
 10
57.40222837002611
 20
69.31080452741162
 30
0.0
 11
56.40915490658617
 21
70.37109772504346
 31
0.0
  0
LINE
  5
594
330
17
100
AcDbEntity
  8
VISIBLE
100
AcDbLine
 10
57.40222837002611
 20
69.31080452741162
 30
0.0
 11
58.462521567657944
 21
68.31773106397168
 31
0.0
  0
LINE
  5
595
330
17
100
AcDbEntity
  8
VISIBLE
100
AcDbLine
 10
48.705059066132065
 20
72.97832218945996
 30
0.0
 11
47.970474257782456
 21
74.59958569348828
 31
0.0
  0
LINE
  5
596
330
17
100
AcDbEntity
  8
VISIBLE
100
AcDbLine
 10
47.970474257782456
 20
74.59958569348828
 30
0.0
 11
47.34349824459886
 21
76.26542107404248
 31
0.0
  0
LINE
  5
597
330
17
100
AcDbEntity
  8
VISIBLE
100
AcDbLine
 10
47.34349824459886
 20
76.26542107404248
 30
0.0
 11
46.826816573456284
 21
77.96869675458447
 31
0.0
  0
LINE
  5
598
330
17
100
AcDbEntity
  8
VISIBLE
100
AcDbLine
 10
50.48402596981859
 20
69.89706436933056
 30
0.0
 11
49.54410745175218
 21
71.40857426465527
 31
0.0
  0
LINE
  5
599
330
17
100
AcDbEntity
  8
VISIBLE
100
AcDbLine
 10
48.705059066132065
 20
72.97832218945996
 30
0.0
 11
49.54410745175218
 21
71.40857426465527
 31
0.0
  0
LINE
  5
59A
330
17
100
AcDbEntity
  8
VISIBLE
100
AcDbLine
 10
52.589872374847886
 20
76.51300255597607
 30
0.0
 11
52.07814981015062
 21
77.87261835874097
 31
0.0
  0
LINE
  5
59B
330
17
100
AcDbEntity
  8
VISIBLE
100
AcDbLine
 10
46.826816573456284
 20
77.96869675458447
 30
0.0
 11
46.42263795407152
 21
79.70211808026806
 31
0.0
  0
LINE
  5
59C
330
17
100
AcDbEntity
  8
VISIBLE
100
AcDbLine
 10
46.42263795407152
 20
79.70211808026806
 30
0.0
 11
46.132698073700425
 21
81.45826212705151
 31
0.0
  0
LINE
  5
59D
330
17
100
AcDbEntity
  8
VISIBLE
100
AcDbLine
 10
46.132698073700425
 20
81.45826212705151
 30
0.0
 11
45.95823670895433
 21
83.22960953057782
 31
0.0
  0
LINE
  5
59E
330
17
100
AcDbEntity
  8
VISIBLE
100
AcDbLine
 10
52.07814981015062
 20
77.87261835874097
 30
0.0
 11
51.65644456417894
 21
79.26279179395215
 31
0.0
  0
LINE
  5
59F
330
17
100
AcDbEntity
  8
VISIBLE
100
AcDbLine
 10
51.65644456417894
 20
79.26279179395215
 30
0.0
 11
51.32656480343675
 21
80.67756954968945
 31
0.0
  0
LINE
  5
5A0
330
17
100
AcDbEntity
  8
VISIBLE
100
AcDbLine
 10
51.32656480343675
 20
80.67756954968945
 30
0.0
 11
51.08992196591234
 21
82.11089317143933
 31
0.0
  0
LINE
  5
5A1
330
17
100
AcDbEntity
  8
VISIBLE
100
AcDbLine
 10
50.947530761078355
 20
83.55662516892926
 30
0.0
 11
51.08992196591234
 21
82.11089317143933
 31
0.0
  0
LINE
  5
5A2
330
17
100
AcDbEntity
  8
VISIBLE
100
AcDbLine
 10
53.874235167816636
 20
73.90857426465527
 30
0.0
 11
54.641372695282456
 21
72.67491547406689
 31
0.0
  0
LINE
  5
5A3
330
17
100
AcDbEntity
  8
VISIBLE
100
AcDbLine
 10
56.40915490658617
 20
70.37109772504346
 30
0.0
 11
55.48755456478929
 21
71.49407116712109
 31
0.0
  0
LINE
  5
5A4
330
17
100
AcDbEntity
  8
VISIBLE
100
AcDbLine
 10
54.641372695282456
 20
72.67491547406689
 30
0.0
 11
55.48755456478929
 21
71.49407116712109
 31
0.0
  0
LINE
  5
5A5
330
17
100
AcDbEntity
  8
VISIBLE
100
AcDbLine
 10
52.589872374847886
 20
76.51300255597607
 30
0.0
 11
53.1894245293889
 21
75.18976609052197
 31
0.0
  0
LINE
  5
5A6
330
17
100
AcDbEntity
  8
VISIBLE
100
AcDbLine
 10
53.874235167816636
 20
73.90857426465527
 30
0.0
 11
53.1894245293889
 21
75.18976609052197
 31
0.0
  0
LINE
  5
5A7
330
17
100
AcDbEntity
  8
VISIBLE
100
AcDbLine
 10
58.570659652069565
 20
77.8434979134895
 30
0.0
 11
59.07038690121507
 21
76.90857426465527
 31
0.0
  0
LINE
  5
5A8
330
17
100
AcDbEntity
  8
VISIBLE
100
AcDbLine
 10
57.75973035366869
 20
79.80125538648144
 30
0.0
 11
57.451999678925034
 21
80.81570593656079
 31
0.0
  0
LINE
  5
5A9
330
17
100
AcDbEntity
  8
VISIBLE
100
AcDbLine
 10
58.570659652069565
 20
77.8434979134895
 30
0.0
 11
58.1331501153264
 21
78.80910317243115
 31
0.0
  0
LINE
  5
5AA
330
17
100
AcDbEntity
  8
VISIBLE
100
AcDbLine
 10
57.75973035366869
 20
79.80125538648144
 30
0.0
 11
58.1331501153264
 21
78.80910317243115
 31
0.0
  0
LINE
  5
5AB
330
17
100
AcDbEntity
  8
VISIBLE
100
AcDbLine
 10
57.451999678925034
 20
80.81570593656079
 30
0.0
 11
57.211277022675034
 21
81.84811131299512
 31
0.0
  0
LINE
  5
5AC
330
17
100
AcDbEntity
  8
VISIBLE
100
AcDbLine
 10
57.211277022675034
 20
81.84811131299512
 30
0.0
 11
57.03859139950609
 21
82.89405028165356
 31
0.0
  0
LINE
  5
5AD
330
17
100
AcDbEntity
  8
VISIBLE
100
AcDbLine
 10
57.03859139950609
 20
82.89405028165356
 30
0.0
 11
56.93468476803636
 21
83.94904391110913
 31
0.0
  0
LINE
  5
5AE
330
17
100
AcDbEntity
  8
VISIBLE
100
AcDbLine
 10
52.21516610653734
 20
77.508574646125
 30
0.0
 11
52.07814981015062
 21
77.87261835874097
 31
0.0
  0
LINE
  5
5AF
330
17
100
AcDbEntity
  8
VISIBLE
100
AcDbLine
 10
52.07814981015062
 20
77.87261835874097
 30
0.0
 11
51.65644456417894
 21
79.26279179395215
 31
0.0
  0
LINE
  5
5B0
330
17
100
AcDbEntity
  8
VISIBLE
100
AcDbLine
 10
51.65644456417894
 20
79.26279179395215
 30
0.0
 11
51.32656480343675
 21
80.67756954968945
 31
0.0
  0
LINE
  5
5B1
330
17
100
AcDbEntity
  8
VISIBLE
100
AcDbLine
 10
51.32656480343675
 20
80.67756954968945
 30
0.0
 11
51.08992196591234
 21
82.11089317143933
 31
0.0
  0
LINE
  5
5B2
330
17
100
AcDbEntity
  8
VISIBLE
100
AcDbLine
 10
50.947530761078355
 20
83.55662516892926
 30
0.0
 11
51.08992196591234
 21
82.11089317143933
 31
0.0
  0
LINE
  5
5B3
330
17
100
AcDbEntity
  8
VISIBLE
100
AcDbLine
 10
52.21516610653734
 20
77.508574646125
 30
0.0
 11
58.74967958004808
 21
77.508574646125
 31
0.0
  0
LINE
  5
5B4
330
17
100
AcDbEntity
  8
VISIBLE
100
AcDbLine
 10
58.570659652069565
 20
77.8434979134895
 30
0.0
 11
58.74967958004808
 21
77.508574646125
 31
0.0
  0
LINE
  5
5B5
330
17
100
AcDbEntity
  8
VISIBLE
100
AcDbLine
 10
57.75973035366869
 20
79.80125538648144
 30
0.0
 11
57.451999678925034
 21
80.81570593656079
 31
0.0
  0
LINE
  5
5B6
330
17
100
AcDbEntity
  8
VISIBLE
100
AcDbLine
 10
58.570659652069565
 20
77.8434979134895
 30
0.0
 11
58.1331501153264
 21
78.80910317243115
 31
0.0
  0
LINE
  5
5B7
330
17
100
AcDbEntity
  8
VISIBLE
100
AcDbLine
 10
57.75973035366869
 20
79.80125538648144
 30
0.0
 11
58.1331501153264
 21
78.80910317243115
 31
0.0
  0
LINE
  5
5B8
330
17
100
AcDbEntity
  8
VISIBLE
100
AcDbLine
 10
57.451999678925034
 20
80.81570593656079
 30
0.0
 11
57.211277022675034
 21
81.84811131299512
 31
0.0
  0
LINE
  5
5B9
330
17
100
AcDbEntity
  8
VISIBLE
100
AcDbLine
 10
57.211277022675034
 20
81.84811131299512
 30
0.0
 11
57.03859139950609
 21
82.89405028165356
 31
0.0
  0
LINE
  5
5BA
330
17
100
AcDbEntity
  8
VISIBLE
100
AcDbLine
 10
57.03859139950609
 20
82.89405028165356
 30
0.0
 11
56.93468476803636
 21
83.94904391110913
 31
0.0
  0
LINE
  5
5BB
330
17
100
AcDbEntity
  8
VISIBLE
100
AcDbLine
 10
61.06974603207445
 20
60.613635223517576
 30
0.0
 11
62.69100953610277
 21
59.87905041516797
 31
0.0
  0
LINE
  5
5BC
330
17
100
AcDbEntity
  8
VISIBLE
100
AcDbLine
 10
57.988488211945054
 20
62.3926021272041
 30
0.0
 11
59.49999810726976
 21
61.452683609137694
 31
0.0
  0
LINE
  5
5BD
330
17
100
AcDbEntity
  8
VISIBLE
100
AcDbLine
 10
61.06974603207445
 20
60.613635223517576
 30
0.0
 11
59.49999810726976
 21
61.452683609137694
 31
0.0
  0
LINE
  5
5BE
330
17
100
AcDbEntity
  8
VISIBLE
100
AcDbLine
 10
62.69100953610277
 20
59.87905041516797
 30
0.0
 11
64.35684491665697
 21
59.25207440198437
 31
0.0
  0
LINE
  5
5BF
330
17
100
AcDbEntity
  8
VISIBLE
100
AcDbLine
 10
64.35684491665697
 20
59.25207440198437
 30
0.0
 11
66.06012059719896
 21
58.735392730841795
 31
0.0
  0
LINE
  5
5C0
330
17
100
AcDbEntity
  8
VISIBLE
100
AcDbLine
 10
64.60442639859056
 20
64.4984485322334
 30
0.0
 11
65.96404220135545
 21
63.98672596753613
 31
0.0
  0
LINE
  5
5C1
330
17
100
AcDbEntity
  8
VISIBLE
100
AcDbLine
 10
58.462521567657944
 20
68.31773106397168
 30
0.0
 11
59.58549500973558
 21
67.3961307221748
 31
0.0
  0
LINE
  5
5C2
330
17
100
AcDbEntity
  8
VISIBLE
100
AcDbLine
 10
59.58549500973558
 20
67.3961307221748
 30
0.0
 11
60.76633931668138
 21
66.54994885266797
 31
0.0
  0
LINE
  5
5C3
330
17
100
AcDbEntity
  8
VISIBLE
100
AcDbLine
 10
60.76633931668138
 20
66.54994885266797
 30
0.0
 11
61.99999810726976
 21
65.78281132520215
 31
0.0
  0
LINE
  5
5C4
330
17
100
AcDbEntity
  8
VISIBLE
100
AcDbLine
 10
64.60442639859056
 20
64.4984485322334
 30
0.0
 11
63.28118993313646
 21
65.09800068677441
 31
0.0
  0
LINE
  5
5C5
330
17
100
AcDbEntity
  8
VISIBLE
100
AcDbLine
 10
61.99999810726976
 20
65.78281132520215
 30
0.0
 11
63.28118993313646
 21
65.09800068677441
 31
0.0
  0
LINE
  5
5C6
330
17
100
AcDbEntity
  8
VISIBLE
100
AcDbLine
 10
64.99999810726976
 20
70.97896305860058
 30
0.0
 11
65.93492175610399
 21
70.47923580945508
 31
0.0
  0
LINE
  5
5C7
330
17
100
AcDbEntity
  8
VISIBLE
100
AcDbLine
 10
66.06012059719896
 20
58.735392730841795
 30
0.0
 11
67.79354192288255
 21
58.33121411145703
 31
0.0
  0
LINE
  5
5C8
330
17
100
AcDbEntity
  8
VISIBLE
100
AcDbLine
 10
67.79354192288255
 20
58.33121411145703
 30
0.0
 11
69.549685969666
 21
58.041274231085936
 31
0.0
  0
LINE
  5
5C9
330
17
100
AcDbEntity
  8
VISIBLE
100
AcDbLine
 10
65.96404220135545
 20
63.98672596753613
 30
0.0
 11
67.35421563656664
 21
63.56502072156445
 31
0.0
  0
LINE
  5
5CA
330
17
100
AcDbEntity
  8
VISIBLE
100
AcDbLine
 10
67.35421563656664
 20
63.56502072156445
 30
0.0
 11
68.76899339230394
 21
63.235140960822264
 31
0.0
  0
LINE
  5
5CB
330
17
100
AcDbEntity
  8
VISIBLE
100
AcDbLine
 10
69.549685969666
 20
58.041274231085936
 30
0.0
 11
71.32103337319231
 21
57.86681286633984
 31
0.0
  0
LINE
  5
5CC
330
17
100
AcDbEntity
  8
VISIBLE
100
AcDbLine
 10
71.32103337319231
 20
57.86681286633984
 30
0.0
 11
73.09999848873949
 21
57.808573883185545
 31
0.0
  0
LINE
  5
5CD
330
17
100
AcDbEntity
  8
VISIBLE
100
AcDbLine
 10
68.76899339230394
 20
63.235140960822264
 30
0.0
 11
70.20231701405382
 21
62.99849812329785
 31
0.0
  0
LINE
  5
5CE
330
17
100
AcDbEntity
  8
VISIBLE
100
AcDbLine
 10
70.20231701405382
 20
62.99849812329785
 30
0.0
 11
71.64804901154375
 21
62.856106918463865
 31
0.0
  0
LINE
  5
5CF
330
17
100
AcDbEntity
  8
VISIBLE
100
AcDbLine
 10
71.64804901154375
 20
62.856106918463865
 30
0.0
 11
73.09999848873949
 21
62.808573883185545
 31
0.0
  0
LINE
  5
5D0
330
17
100
AcDbEntity
  8
VISIBLE
100
AcDbLine
 10
65.93492175610399
 20
70.47923580945508
 30
0.0
 11
66.90052701504564
 21
70.04172627271191
 31
0.0
  0
LINE
  5
5D1
330
17
100
AcDbEntity
  8
VISIBLE
100
AcDbLine
 10
67.89267922909593
 20
69.6683065110542
 30
0.0
 11
66.90052701504564
 21
70.04172627271191
 31
0.0
  0
LINE
  5
5D2
330
17
100
AcDbEntity
  8
VISIBLE
100
AcDbLine
 10
67.89267922909593
 20
69.6683065110542
 30
0.0
 11
68.90712977917528
 21
69.36057583631055
 31
0.0
  0
LINE
  5
5D3
330
17
100
AcDbEntity
  8
VISIBLE
100
AcDbLine
 10
68.90712977917528
 20
69.36057583631055
 30
0.0
 11
69.9395351556096
 21
69.11985318006055
 31
0.0
  0
LINE
  5
5D4
330
17
100
AcDbEntity
  8
VISIBLE
100
AcDbLine
 10
69.9395351556096
 20
69.11985318006055
 30
0.0
 11
70.98547412426805
 21
68.9471675568916
 31
0.0
  0
LINE
  5
5D5
330
17
100
AcDbEntity
  8
VISIBLE
100
AcDbLine
 10
70.98547412426805
 20
68.9471675568916
 30
0.0
 11
72.04046775372362
 21
68.84326092542187
 31
0.0
  0
LINE
  5
5D6
330
17
100
AcDbEntity
  8
VISIBLE
100
AcDbLine
 10
72.04046775372362
 20
68.84326092542187
 30
0.0
 11
73.09999848873949
 21
68.80857388318555
 31
0.0
  0
LINE
  5
5D7
330
17
100
AcDbEntity
  8
VISIBLE
100
AcDbLine
 10
65.59999848873949
 20
64.12374226392285
 30
0.0
 11
65.96404220135545
 21
63.98672596753613
 31
0.0
  0
LINE
  5
5D8
330
17
100
AcDbEntity
  8
VISIBLE
100
AcDbLine
 10
65.59999848873949
 20
64.12374226392285
 30
0.0
 11
65.59999848873949
 21
70.65825573743359
 31
0.0
  0
LINE
  5
5D9
330
17
100
AcDbEntity
  8
VISIBLE
100
AcDbLine
 10
65.93492175610399
 20
70.47923580945508
 30
0.0
 11
65.59999848873949
 21
70.65825573743359
 31
0.0
  0
LINE
  5
5DA
330
17
100
AcDbEntity
  8
VISIBLE
100
AcDbLine
 10
65.96404220135545
 20
63.98672596753613
 30
0.0
 11
67.35421563656664
 21
63.56502072156445
 31
0.0
  0
LINE
  5
5DB
330
17
100
AcDbEntity
  8
VISIBLE
100
AcDbLine
 10
67.35421563656664
 20
63.56502072156445
 30
0.0
 11
68.76899339230394
 21
63.235140960822264
 31
0.0
  0
LINE
  5
5DC
330
17
100
AcDbEntity
  8
VISIBLE
100
AcDbLine
 10
68.76899339230394
 20
63.235140960822264
 30
0.0
 11
70.20231701405382
 21
62.99849812329785
 31
0.0
  0
LINE
  5
5DD
330
17
100
AcDbEntity
  8
VISIBLE
100
AcDbLine
 10
70.20231701405382
 20
62.99849812329785
 30
0.0
 11
71.64804901154375
 21
62.856106918463865
 31
0.0
  0
LINE
  5
5DE
330
17
100
AcDbEntity
  8
VISIBLE
100
AcDbLine
 10
71.64804901154375
 20
62.856106918463865
 30
0.0
 11
73.09999848873949
 21
62.808573883185545
 31
0.0
  0
LINE
  5
5DF
330
17
100
AcDbEntity
  8
VISIBLE
100
AcDbLine
 10
65.93492175610399
 20
70.47923580945508
 30
0.0
 11
66.90052701504564
 21
70.04172627271191
 31
0.0
  0
LINE
  5
5E0
330
17
100
AcDbEntity
  8
VISIBLE
100
AcDbLine
 10
67.89267922909593
 20
69.6683065110542
 30
0.0
 11
66.90052701504564
 21
70.04172627271191
 31
0.0
  0
LINE
  5
5E1
330
17
100
AcDbEntity
  8
VISIBLE
100
AcDbLine
 10
67.89267922909593
 20
69.6683065110542
 30
0.0
 11
68.90712977917528
 21
69.36057583631055
 31
0.0
  0
LINE
  5
5E2
330
17
100
AcDbEntity
  8
VISIBLE
100
AcDbLine
 10
68.90712977917528
 20
69.36057583631055
 30
0.0
 11
69.9395351556096
 21
69.11985318006055
 31
0.0
  0
LINE
  5
5E3
330
17
100
AcDbEntity
  8
VISIBLE
100
AcDbLine
 10
69.9395351556096
 20
69.11985318006055
 30
0.0
 11
70.98547412426805
 21
68.9471675568916
 31
0.0
  0
LINE
  5
5E4
330
17
100
AcDbEntity
  8
VISIBLE
100
AcDbLine
 10
70.98547412426805
 20
68.9471675568916
 30
0.0
 11
72.04046775372362
 21
68.84326092542187
 31
0.0
  0
LINE
  5
5E5
330
17
100
AcDbEntity
  8
VISIBLE
100
AcDbLine
 10
72.04046775372362
 20
68.84326092542187
 30
0.0
 11
73.09999848873949
 21
68.80857388318555
 31
0.0
  0
LINE
  5
5E6
330
17
100
AcDbEntity
  8
VISIBLE
100
AcDbLine
 10
60.92019368679857
 20
74.3271724397041
 30
0.0
 11
61.6448688653264
 21
73.55344502271191
 31
0.0
  0
LINE
  5
5E7
330
17
100
AcDbEntity
  8
VISIBLE
100
AcDbLine
 10
62.41859628231859
 20
72.82876984418408
 30
0.0
 11
61.6448688653264
 21
73.55344502271191
 31
0.0
  0
LINE
  5
5E8
330
17
100
AcDbEntity
  8
VISIBLE
100
AcDbLine
 10
60.92019368679857
 20
74.3271724397041
 30
0.0
 11
60.24767400296068
 21
75.14663903058545
 31
0.0
  0
LINE
  5
5E9
330
17
100
AcDbEntity
  8
VISIBLE
100
AcDbLine
 10
59.07038690121507
 20
76.90857426465527
 30
0.0
 11
59.63019086392259
 21
76.00833718122021
 31
0.0
  0
LINE
  5
5EA
330
17
100
AcDbEntity
  8
VISIBLE
100
AcDbLine
 10
60.24767400296068
 20
75.14663903058545
 30
0.0
 11
59.63019086392259
 21
76.00833718122021
 31
0.0
  0
LINE
  5
5EB
330
17
100
AcDbEntity
  8
VISIBLE
100
AcDbLine
 10
62.41859628231859
 20
72.82876984418408
 30
0.0
 11
63.23806287319994
 21
72.15625016034619
 31
0.0
  0
LINE
  5
5EC
330
17
100
AcDbEntity
  8
VISIBLE
100
AcDbLine
 10
64.99999810726976
 20
70.97896305860058
 30
0.0
 11
64.0997610238347
 21
71.5387670213081
 31
0.0
  0
LINE
  5
5ED
330
17
100
AcDbEntity
  8
VISIBLE
100
AcDbLine
 10
63.23806287319994
 20
72.15625016034619
 30
0.0
 11
64.0997610238347
 21
71.5387670213081
 31
0.0
  0
LINE
  5
5EE
330
17
100
AcDbEntity
  8
VISIBLE
100
AcDbLine
 10
57.40222837002611
 20
69.31080452741162
 30
0.0
 11
56.40915490658617
 21
70.37109772504346
 31
0.0
  0
LINE
  5
5EF
330
17
100
AcDbEntity
  8
VISIBLE
100
AcDbLine
 10
57.40222837002611
 20
69.31080452741162
 30
0.0
 11
58.462521567657944
 21
68.31773106397168
 31
0.0
  0
LINE
  5
5F0
330
17
100
AcDbEntity
  8
VISIBLE
100
AcDbLine
 10
55.88004113705492
 20
76.51663224042431
 30
0.0
 11
55.430597319916245
 21
77.508574646125
 31
0.0
  0
LINE
  5
5F1
330
17
100
AcDbEntity
  8
VISIBLE
100
AcDbLine
 10
57.13578225643968
 20
74.34162632764355
 30
0.0
 11
57.867614760712144
 21
73.32035557569043
 31
0.0
  0
LINE
  5
5F2
330
17
100
AcDbEntity
  8
VISIBLE
100
AcDbLine
 10
58.66467381985521
 20
72.34913460553662
 30
0.0
 11
57.867614760712144
 21
73.32035557569043
 31
0.0
  0
LINE
  5
5F3
330
17
100
AcDbEntity
  8
VISIBLE
100
AcDbLine
 10
55.88004113705492
 20
76.51663224042431
 30
0.0
 11
56.472311034515855
 21
75.40857426465527
 31
0.0
  0
LINE
  5
5F4
330
17
100
AcDbEntity
  8
VISIBLE
100
AcDbLine
 10
57.13578225643968
 20
74.34162632764355
 30
0.0
 11
56.472311034515855
 21
75.40857426465527
 31
0.0
  0
LINE
  5
5F5
330
17
100
AcDbEntity
  8
VISIBLE
100
AcDbLine
 10
55.430597319916245
 20
77.508574646125
 30
0.0
 11
58.74967958004808
 21
77.508574646125
 31
0.0
  0
LINE
  5
5F6
330
17
100
AcDbEntity
  8
VISIBLE
100
AcDbLine
 10
59.07038690121507
 20
76.90857426465527
 30
0.0
 11
58.74967958004808
 21
77.508574646125
 31
0.0
  0
LINE
  5
5F7
330
17
100
AcDbEntity
  8
VISIBLE
100
AcDbLine
 10
52.589872374847886
 20
76.51300255597607
 30
0.0
 11
52.07814981015062
 21
77.87261835874097
 31
0.0
  0
LINE
  5
5F8
330
17
100
AcDbEntity
  8
VISIBLE
100
AcDbLine
 10
52.07814981015062
 20
77.87261835874097
 30
0.0
 11
51.65644456417894
 21
79.26279179395215
 31
0.0
  0
LINE
  5
5F9
330
17
100
AcDbEntity
  8
VISIBLE
100
AcDbLine
 10
51.65644456417894
 20
79.26279179395215
 30
0.0
 11
51.32656480343675
 21
80.67756954968945
 31
0.0
  0
LINE
  5
5FA
330
17
100
AcDbEntity
  8
VISIBLE
100
AcDbLine
 10
51.32656480343675
 20
80.67756954968945
 30
0.0
 11
51.08992196591234
 21
82.11089317143933
 31
0.0
  0
LINE
  5
5FB
330
17
100
AcDbEntity
  8
VISIBLE
100
AcDbLine
 10
50.947530761078355
 20
83.55662516892926
 30
0.0
 11
51.08992196591234
 21
82.11089317143933
 31
0.0
  0
LINE
  5
5FC
330
17
100
AcDbEntity
  8
VISIBLE
100
AcDbLine
 10
53.874235167816636
 20
73.90857426465527
 30
0.0
 11
54.641372695282456
 21
72.67491547406689
 31
0.0
  0
LINE
  5
5FD
330
17
100
AcDbEntity
  8
VISIBLE
100
AcDbLine
 10
56.40915490658617
 20
70.37109772504346
 30
0.0
 11
55.48755456478929
 21
71.49407116712109
 31
0.0
  0
LINE
  5
5FE
330
17
100
AcDbEntity
  8
VISIBLE
100
AcDbLine
 10
54.641372695282456
 20
72.67491547406689
 30
0.0
 11
55.48755456478929
 21
71.49407116712109
 31
0.0
  0
LINE
  5
5FF
330
17
100
AcDbEntity
  8
VISIBLE
100
AcDbLine
 10
52.589872374847886
 20
76.51300255597607
 30
0.0
 11
53.1894245293889
 21
75.18976609052197
 31
0.0
  0
LINE
  5
600
330
17
100
AcDbEntity
  8
VISIBLE
100
AcDbLine
 10
53.874235167816636
 20
73.90857426465527
 30
0.0
 11
53.1894245293889
 21
75.18976609052197
 31
0.0
  0
LINE
  5
601
330
17
100
AcDbEntity
  8
VISIBLE
100
AcDbLine
 10
55.88004113705492
 20
76.51663224042431
 30
0.0
 11
55.361511245087144
 21
77.66105286420361
 31
0.0
  0
LINE
  5
602
330
17
100
AcDbEntity
  8
VISIBLE
100
AcDbLine
 10
57.13578225643968
 20
74.34162632764355
 30
0.0
 11
57.867614760712144
 21
73.32035557569043
 31
0.0
  0
LINE
  5
603
330
17
100
AcDbEntity
  8
VISIBLE
100
AcDbLine
 10
58.66467381985521
 20
72.34913460553662
 30
0.0
 11
57.867614760712144
 21
73.32035557569043
 31
0.0
  0
LINE
  5
604
330
17
100
AcDbEntity
  8
VISIBLE
100
AcDbLine
 10
55.88004113705492
 20
76.51663224042431
 30
0.0
 11
56.472311034515855
 21
75.40857426465527
 31
0.0
  0
LINE
  5
605
330
17
100
AcDbEntity
  8
VISIBLE
100
AcDbLine
 10
57.13578225643968
 20
74.34162632764355
 30
0.0
 11
56.472311034515855
 21
75.40857426465527
 31
0.0
  0
LINE
  5
606
330
17
100
AcDbEntity
  8
VISIBLE
100
AcDbLine
 10
55.361511245087144
 20
77.66105286420361
 30
0.0
 11
54.918939605072495
 21
78.83693711102978
 31
0.0
  0
LINE
  5
607
330
17
100
AcDbEntity
  8
VISIBLE
100
AcDbLine
 10
54.268920913055894
 20
81.26284043134228
 30
0.0
 11
54.55422212155199
 21
80.03924910367505
 31
0.0
  0
LINE
  5
608
330
17
100
AcDbEntity
  8
VISIBLE
100
AcDbLine
 10
54.918939605072495
 20
78.83693711102978
 30
0.0
 11
54.55422212155199
 21
80.03924910367505
 31
0.0
  0
LINE
  5
609
330
17
100
AcDbEntity
  8
VISIBLE
100
AcDbLine
 10
54.268920913055894
 20
81.26284043134228
 30
0.0
 11
54.064256682709214
 21
82.50247184575574
 31
0.0
  0
LINE
  5
60A
330
17
100
AcDbEntity
  8
VISIBLE
100
AcDbLine
 10
54.064256682709214
 20
82.50247184575574
 30
0.0
 11
53.94110681088304
 21
83.75283459962384
 31
0.0
  0
LINE
  5
60B
330
17
100
AcDbEntity
  8
VISIBLE
100
AcDbLine
 10
60.44055844815111
 20
70.57324997724072
 30
0.0
 11
61.41177941830492
 21
69.77619091809765
 31
0.0
  0
LINE
  5
60C
330
17
100
AcDbEntity
  8
VISIBLE
100
AcDbLine
 10
62.43305017025804
 20
69.0443584138252
 30
0.0
 11
61.41177941830492
 21
69.77619091809765
 31
0.0
  0
LINE
  5
60D
330
17
100
AcDbEntity
  8
VISIBLE
100
AcDbLine
 10
64.6080560830388
 20
67.78861729444043
 30
0.0
 11
65.59999848873949
 21
67.33917347730176
 31
0.0
  0
LINE
  5
60E
330
17
100
AcDbEntity
  8
VISIBLE
100
AcDbLine
 10
62.43305017025804
 20
69.0443584138252
 30
0.0
 11
63.49999810726976
 21
68.38088719190137
 31
0.0
  0
LINE
  5
60F
330
17
100
AcDbEntity
  8
VISIBLE
100
AcDbLine
 10
64.6080560830388
 20
67.78861729444043
 30
0.0
 11
63.49999810726976
 21
68.38088719190137
 31
0.0
  0
LINE
  5
610
330
17
100
AcDbEntity
  8
VISIBLE
100
AcDbLine
 10
65.59999848873949
 20
67.33917347730176
 30
0.0
 11
65.59999848873949
 21
70.65825573743359
 31
0.0
  0
LINE
  5
611
330
17
100
AcDbEntity
  8
VISIBLE
100
AcDbLine
 10
64.99999810726976
 20
70.97896305860058
 30
0.0
 11
65.59999848873949
 21
70.65825573743359
 31
0.0
  0
LINE
  5
612
330
17
100
AcDbEntity
  8
VISIBLE
100
AcDbLine
 10
64.60442639859056
 20
64.4984485322334
 30
0.0
 11
65.96404220135545
 21
63.98672596753613
 31
0.0
  0
LINE
  5
613
330
17
100
AcDbEntity
  8
VISIBLE
100
AcDbLine
 10
58.462521567657944
 20
68.31773106397168
 30
0.0
 11
59.58549500973558
 21
67.3961307221748
 31
0.0
  0
LINE
  5
614
330
17
100
AcDbEntity
  8
VISIBLE
100
AcDbLine
 10
59.58549500973558
 20
67.3961307221748
 30
0.0
 11
60.76633931668138
 21
66.54994885266797
 31
0.0
  0
LINE
  5
615
330
17
100
AcDbEntity
  8
VISIBLE
100
AcDbLine
 10
60.76633931668138
 20
66.54994885266797
 30
0.0
 11
61.99999810726976
 21
65.78281132520215
 31
0.0
  0
LINE
  5
616
330
17
100
AcDbEntity
  8
VISIBLE
100
AcDbLine
 10
60.44055844815111
 20
70.57324997724072
 30
0.0
 11
61.41177941830492
 21
69.77619091809765
 31
0.0
  0
LINE
  5
617
330
17
100
AcDbEntity
  8
VISIBLE
100
AcDbLine
 10
62.43305017025804
 20
69.0443584138252
 30
0.0
 11
61.41177941830492
 21
69.77619091809765
 31
0.0
  0
LINE
  5
618
330
17
100
AcDbEntity
  8
VISIBLE
100
AcDbLine
 10
64.60442639859056
 20
64.4984485322334
 30
0.0
 11
63.28118993313646
 21
65.09800068677441
 31
0.0
  0
LINE
  5
619
330
17
100
AcDbEntity
  8
VISIBLE
100
AcDbLine
 10
61.99999810726976
 20
65.78281132520215
 30
0.0
 11
63.28118993313646
 21
65.09800068677441
 31
0.0
  0
LINE
  5
61A
330
17
100
AcDbEntity
  8
VISIBLE
100
AcDbLine
 10
64.6080560830388
 20
67.78861729444043
 30
0.0
 11
65.7524767068181
 21
67.27008740247265
 31
0.0
  0
LINE
  5
61B
330
17
100
AcDbEntity
  8
VISIBLE
100
AcDbLine
 10
62.43305017025804
 20
69.0443584138252
 30
0.0
 11
63.49999810726976
 21
68.38088719190137
 31
0.0
  0
LINE
  5
61C
330
17
100
AcDbEntity
  8
VISIBLE
100
AcDbLine
 10
64.6080560830388
 20
67.78861729444043
 30
0.0
 11
63.49999810726976
 21
68.38088719190137
 31
0.0
  0
LINE
  5
61D
330
17
100
AcDbEntity
  8
VISIBLE
100
AcDbLine
 10
65.96404220135545
 20
63.98672596753613
 30
0.0
 11
67.35421563656664
 21
63.56502072156445
 31
0.0
  0
LINE
  5
61E
330
17
100
AcDbEntity
  8
VISIBLE
100
AcDbLine
 10
67.35421563656664
 20
63.56502072156445
 30
0.0
 11
68.76899339230394
 21
63.235140960822264
 31
0.0
  0
LINE
  5
61F
330
17
100
AcDbEntity
  8
VISIBLE
100
AcDbLine
 10
68.76899339230394
 20
63.235140960822264
 30
0.0
 11
70.20231701405382
 21
62.99849812329785
 31
0.0
  0
LINE
  5
620
330
17
100
AcDbEntity
  8
VISIBLE
100
AcDbLine
 10
70.20231701405382
 20
62.99849812329785
 30
0.0
 11
71.64804901154375
 21
62.856106918463865
 31
0.0
  0
LINE
  5
621
330
17
100
AcDbEntity
  8
VISIBLE
100
AcDbLine
 10
71.64804901154375
 20
62.856106918463865
 30
0.0
 11
73.09999848873949
 21
62.808573883185545
 31
0.0
  0
LINE
  5
622
330
17
100
AcDbEntity
  8
VISIBLE
100
AcDbLine
 10
65.7524767068181
 20
67.27008740247265
 30
0.0
 11
66.92836095364427
 21
66.827515762458
 31
0.0
  0
LINE
  5
623
330
17
100
AcDbEntity
  8
VISIBLE
100
AcDbLine
 10
66.92836095364427
 20
66.827515762458
 30
0.0
 11
68.13067294628954
 21
66.4627982789375
 31
0.0
  0
LINE
  5
624
330
17
100
AcDbEntity
  8
VISIBLE
100
AcDbLine
 10
69.35426427395677
 20
66.1774970704414
 30
0.0
 11
68.13067294628954
 21
66.4627982789375
 31
0.0
  0
LINE
  5
625
330
17
100
AcDbEntity
  8
VISIBLE
100
AcDbLine
 10
69.35426427395677
 20
66.1774970704414
 30
0.0
 11
70.59389568837022
 21
65.97283284009472
 31
0.0
  0
LINE
  5
626
330
17
100
AcDbEntity
  8
VISIBLE
100
AcDbLine
 10
70.59389568837022
 20
65.97283284009472
 30
0.0
 11
71.84425844223833
 21
65.84968296826855
 31
0.0
  0
LINE
  5
627
330
17
100
AcDbEntity
  8
VISIBLE
100
AcDbLine
 10
71.84425844223833
 20
65.84968296826855
 30
0.0
 11
73.09999848873949
 21
65.80857388318555
 31
0.0
  0
LINE
  5
628
330
17
100
AcDbEntity
  8
VISIBLE
100
AcDbLine
 10
58.66467381985521
 20
72.34913460553662
 30
0.0
 11
59.5235481408391
 21
71.43212429822461
 31
0.0
  0
LINE
  5
629
330
17
100
AcDbEntity
  8
VISIBLE
100
AcDbLine
 10
60.44055844815111
 20
70.57324997724072
 30
0.0
 11
59.5235481408391
 21
71.43212429822461
 31
0.0
  0
LINE
  5
62A
330
17
100
AcDbEntity
  8
VISIBLE
100
AcDbLine
 10
60.92019368679857
 20
74.3271724397041
 30
0.0
 11
61.6448688653264
 21
73.55344502271191
 31
0.0
  0
LINE
  5
62B
330
17
100
AcDbEntity
  8
VISIBLE
100
AcDbLine
 10
62.41859628231859
 20
72.82876984418408
 30
0.0
 11
61.6448688653264
 21
73.55344502271191
 31
0.0
  0
LINE
  5
62C
330
17
100
AcDbEntity
  8
VISIBLE
100
AcDbLine
 10
60.92019368679857
 20
74.3271724397041
 30
0.0
 11
60.24767400296068
 21
75.14663903058545
 31
0.0
  0
LINE
  5
62D
330
17
100
AcDbEntity
  8
VISIBLE
100
AcDbLine
 10
59.07038690121507
 20
76.90857426465527
 30
0.0
 11
59.63019086392259
 21
76.00833718122021
 31
0.0
  0
LINE
  5
62E
330
17
100
AcDbEntity
  8
VISIBLE
100
AcDbLine
 10
60.24767400296068
 20
75.14663903058545
 30
0.0
 11
59.63019086392259
 21
76.00833718122021
 31
0.0
  0
LINE
  5
62F
330
17
100
AcDbEntity
  8
VISIBLE
100
AcDbLine
 10
62.41859628231859
 20
72.82876984418408
 30
0.0
 11
63.23806287319994
 21
72.15625016034619
 31
0.0
  0
LINE
  5
630
330
17
100
AcDbEntity
  8
VISIBLE
100
AcDbLine
 10
64.99999810726976
 20
70.97896305860058
 30
0.0
 11
64.0997610238347
 21
71.5387670213081
 31
0.0
  0
LINE
  5
631
330
17
100
AcDbEntity
  8
VISIBLE
100
AcDbLine
 10
63.23806287319994
 20
72.15625016034619
 30
0.0
 11
64.0997610238347
 21
71.5387670213081
 31
0.0
  0
LINE
  5
632
330
17
100
AcDbEntity
  8
VISIBLE
100
AcDbLine
 10
58.66467381985521
 20
72.34913460553662
 30
0.0
 11
59.5235481408391
 21
71.43212429822461
 31
0.0
  0
LINE
  5
633
330
17
100
AcDbEntity
  8
VISIBLE
100
AcDbLine
 10
60.44055844815111
 20
70.57324997724072
 30
0.0
 11
59.5235481408391
 21
71.43212429822461
 31
0.0
  0
LINE
  5
634
330
17
100
AcDbEntity
  8
VISIBLE
100
AcDbLine
 10
45.95823670895433
 20
83.22960953057782
 30
0.0
 11
45.899997725800034
 21
85.008574646125
 31
0.0
  0
LINE
  5
635
330
17
100
AcDbEntity
  8
VISIBLE
100
AcDbLine
 10
45.899997725800034
 20
85.008574646125
 30
0.0
 11
45.95823670895433
 21
86.78753976167218
 31
0.0
  0
LINE
  5
636
330
17
100
AcDbEntity
  8
VISIBLE
100
AcDbLine
 10
45.95823670895433
 20
86.78753976167218
 30
0.0
 11
46.132698073700425
 21
88.55888716519848
 31
0.0
  0
LINE
  5
637
330
17
100
AcDbEntity
  8
VISIBLE
100
AcDbLine
 10
46.132698073700425
 20
88.55888716519848
 30
0.0
 11
46.42263795407152
 21
90.31503121198193
 31
0.0
  0
LINE
  5
638
330
17
100
AcDbEntity
  8
VISIBLE
100
AcDbLine
 10
50.947530761078355
 20
83.55662516892926
 30
0.0
 11
50.899997725800034
 21
85.008574646125
 31
0.0
  0
LINE
  5
639
330
17
100
AcDbEntity
  8
VISIBLE
100
AcDbLine
 10
50.899997725800034
 20
85.008574646125
 30
0.0
 11
50.947530761078355
 21
86.46052412332074
 31
0.0
  0
LINE
  5
63A
330
17
100
AcDbEntity
  8
VISIBLE
100
AcDbLine
 10
50.947530761078355
 20
86.46052412332074
 30
0.0
 11
51.08992196591234
 21
87.90625612081067
 31
0.0
  0
LINE
  5
63B
330
17
100
AcDbEntity
  8
VISIBLE
100
AcDbLine
 10
51.08992196591234
 20
87.90625612081067
 30
0.0
 11
51.32656480343675
 21
89.33957974256055
 31
0.0
  0
LINE
  5
63C
330
17
100
AcDbEntity
  8
VISIBLE
100
AcDbLine
 10
51.32656480343675
 20
89.33957974256055
 30
0.0
 11
51.65644456417894
 21
90.75435749829785
 31
0.0
  0
LINE
  5
63D
330
17
100
AcDbEntity
  8
VISIBLE
100
AcDbLine
 10
46.42263795407152
 20
90.31503121198193
 30
0.0
 11
46.826816573456284
 21
92.04845253766553
 31
0.0
  0
LINE
  5
63E
330
17
100
AcDbEntity
  8
VISIBLE
100
AcDbLine
 10
46.826816573456284
 20
92.04845253766553
 30
0.0
 11
47.34349824459886
 21
93.75172821820752
 31
0.0
  0
LINE
  5
63F
330
17
100
AcDbEntity
  8
VISIBLE
100
AcDbLine
 10
47.34349824459886
 20
93.75172821820752
 30
0.0
 11
47.970474257782456
 21
95.41756359876172
 31
0.0
  0
LINE
  5
640
330
17
100
AcDbEntity
  8
VISIBLE
100
AcDbLine
 10
47.970474257782456
 20
95.41756359876172
 30
0.0
 11
48.705059066132065
 21
97.03882710279004
 31
0.0
  0
LINE
  5
641
330
17
100
AcDbEntity
  8
VISIBLE
100
AcDbLine
 10
51.65644456417894
 20
90.75435749829785
 30
0.0
 11
52.07814981015062
 21
92.14453093350903
 31
0.0
  0
LINE
  5
642
330
17
100
AcDbEntity
  8
VISIBLE
100
AcDbLine
 10
52.07814981015062
 20
92.14453093350903
 30
0.0
 11
52.589872374847886
 21
93.50414673627392
 31
0.0
  0
LINE
  5
643
330
17
100
AcDbEntity
  8
VISIBLE
100
AcDbLine
 10
56.93468476803636
 20
83.94904391110913
 30
0.0
 11
56.899997725800034
 21
85.008574646125
 31
0.0
  0
LINE
  5
644
330
17
100
AcDbEntity
  8
VISIBLE
100
AcDbLine
 10
56.899997725800034
 20
85.008574646125
 30
0.0
 11
56.93468476803636
 21
86.06810538114087
 31
0.0
  0
LINE
  5
645
330
17
100
AcDbEntity
  8
VISIBLE
100
AcDbLine
 10
56.93468476803636
 20
86.06810538114087
 30
0.0
 11
57.03859139950609
 21
87.12309901059643
 31
0.0
  0
LINE
  5
646
330
17
100
AcDbEntity
  8
VISIBLE
100
AcDbLine
 10
57.03859139950609
 20
87.12309901059643
 30
0.0
 11
57.211277022675034
 21
88.16903797925488
 31
0.0
  0
LINE
  5
647
330
17
100
AcDbEntity
  8
VISIBLE
100
AcDbLine
 10
57.211277022675034
 20
88.16903797925488
 30
0.0
 11
57.451999678925034
 21
89.20144335568921
 31
0.0
  0
LINE
  5
648
330
17
100
AcDbEntity
  8
VISIBLE
100
AcDbLine
 10
57.451999678925034
 20
89.20144335568921
 30
0.0
 11
57.75973035366869
 21
90.21589390576855
 31
0.0
  0
LINE
  5
649
330
17
100
AcDbEntity
  8
VISIBLE
100
AcDbLine
 10
57.75973035366869
 20
90.21589390576855
 30
0.0
 11
58.1331501153264
 21
91.20804611981885
 31
0.0
  0
LINE
  5
64A
330
17
100
AcDbEntity
  8
VISIBLE
100
AcDbLine
 10
52.589872374847886
 20
93.50414673627392
 30
0.0
 11
53.1894245293889
 21
94.82738320172803
 31
0.0
  0
LINE
  5
64B
330
17
100
AcDbEntity
  8
VISIBLE
100
AcDbLine
 10
53.1894245293889
 20
94.82738320172803
 30
0.0
 11
53.874235167816636
 21
96.10857502759472
 31
0.0
  0
LINE
  5
64C
330
17
100
AcDbEntity
  8
VISIBLE
100
AcDbLine
 10
53.874235167816636
 20
96.10857502759472
 30
0.0
 11
54.641372695282456
 21
97.3422338181831
 31
0.0
  0
LINE
  5
64D
330
17
100
AcDbEntity
  8
VISIBLE
100
AcDbLine
 10
54.641372695282456
 20
97.3422338181831
 30
0.0
 11
55.48755456478929
 21
98.5230781251289
 31
0.0
  0
LINE
  5
64E
330
17
100
AcDbEntity
  8
VISIBLE
100
AcDbLine
 10
58.1331501153264
 20
91.20804611981885
 30
0.0
 11
58.570659652069565
 21
92.1736513787605
 31
0.0
  0
LINE
  5
64F
330
17
100
AcDbEntity
  8
VISIBLE
100
AcDbLine
 10
58.570659652069565
 20
92.1736513787605
 30
0.0
 11
59.07038690121507
 21
93.10857502759472
 31
0.0
  0
LINE
  5
650
330
17
100
AcDbEntity
  8
VISIBLE
100
AcDbLine
 10
50.947530761078355
 20
83.55662516892926
 30
0.0
 11
50.899997725800034
 21
85.008574646125
 31
0.0
  0
LINE
  5
651
330
17
100
AcDbEntity
  8
VISIBLE
100
AcDbLine
 10
50.899997725800034
 20
85.008574646125
 30
0.0
 11
50.947530761078355
 21
86.46052412332074
 31
0.0
  0
LINE
  5
652
330
17
100
AcDbEntity
  8
VISIBLE
100
AcDbLine
 10
50.947530761078355
 20
86.46052412332074
 30
0.0
 11
51.08992196591234
 21
87.90625612081067
 31
0.0
  0
LINE
  5
653
330
17
100
AcDbEntity
  8
VISIBLE
100
AcDbLine
 10
51.08992196591234
 20
87.90625612081067
 30
0.0
 11
51.32656480343675
 21
89.33957974256055
 31
0.0
  0
LINE
  5
654
330
17
100
AcDbEntity
  8
VISIBLE
100
AcDbLine
 10
51.32656480343675
 20
89.33957974256055
 30
0.0
 11
51.65644456417894
 21
90.75435749829785
 31
0.0
  0
LINE
  5
655
330
17
100
AcDbEntity
  8
VISIBLE
100
AcDbLine
 10
51.65644456417894
 20
90.75435749829785
 30
0.0
 11
52.07814981015062
 21
92.14453093350903
 31
0.0
  0
LINE
  5
656
330
17
100
AcDbEntity
  8
VISIBLE
100
AcDbLine
 10
52.07814981015062
 20
92.14453093350903
 30
0.0
 11
52.21516610653734
 21
92.508574646125
 31
0.0
  0
LINE
  5
657
330
17
100
AcDbEntity
  8
VISIBLE
100
AcDbLine
 10
56.93468476803636
 20
83.94904391110913
 30
0.0
 11
56.899997725800034
 21
85.008574646125
 31
0.0
  0
LINE
  5
658
330
17
100
AcDbEntity
  8
VISIBLE
100
AcDbLine
 10
56.899997725800034
 20
85.008574646125
 30
0.0
 11
56.93468476803636
 21
86.06810538114087
 31
0.0
  0
LINE
  5
659
330
17
100
AcDbEntity
  8
VISIBLE
100
AcDbLine
 10
56.93468476803636
 20
86.06810538114087
 30
0.0
 11
57.03859139950609
 21
87.12309901059643
 31
0.0
  0
LINE
  5
65A
330
17
100
AcDbEntity
  8
VISIBLE
100
AcDbLine
 10
57.03859139950609
 20
87.12309901059643
 30
0.0
 11
57.211277022675034
 21
88.16903797925488
 31
0.0
  0
LINE
  5
65B
330
17
100
AcDbEntity
  8
VISIBLE
100
AcDbLine
 10
57.211277022675034
 20
88.16903797925488
 30
0.0
 11
57.451999678925034
 21
89.20144335568921
 31
0.0
  0
LINE
  5
65C
330
17
100
AcDbEntity
  8
VISIBLE
100
AcDbLine
 10
57.451999678925034
 20
89.20144335568921
 30
0.0
 11
57.75973035366869
 21
90.21589390576855
 31
0.0
  0
LINE
  5
65D
330
17
100
AcDbEntity
  8
VISIBLE
100
AcDbLine
 10
57.75973035366869
 20
90.21589390576855
 30
0.0
 11
58.1331501153264
 21
91.20804611981885
 31
0.0
  0
LINE
  5
65E
330
17
100
AcDbEntity
  8
VISIBLE
100
AcDbLine
 10
58.1331501153264
 20
91.20804611981885
 30
0.0
 11
58.570659652069565
 21
92.1736513787605
 31
0.0
  0
LINE
  5
65F
330
17
100
AcDbEntity
  8
VISIBLE
100
AcDbLine
 10
52.21516610653734
 20
92.508574646125
 30
0.0
 11
58.74967958004808
 21
92.508574646125
 31
0.0
  0
LINE
  5
660
330
17
100
AcDbEntity
  8
VISIBLE
100
AcDbLine
 10
58.570659652069565
 20
92.1736513787605
 30
0.0
 11
58.74967958004808
 21
92.508574646125
 31
0.0
  0
LINE
  5
661
330
17
100
AcDbEntity
  8
VISIBLE
100
AcDbLine
 10
48.705059066132065
 20
97.03882710279004
 30
0.0
 11
49.54410745175218
 21
98.60857502759472
 31
0.0
  0
LINE
  5
662
330
17
100
AcDbEntity
  8
VISIBLE
100
AcDbLine
 10
49.54410745175218
 20
98.60857502759472
 30
0.0
 11
50.48402596981859
 21
100.12008492291943
 31
0.0
  0
LINE
  5
663
330
17
100
AcDbEntity
  8
VISIBLE
100
AcDbLine
 10
50.48402596981859
 20
100.12008492291943
 30
0.0
 11
51.52078820736742
 21
101.56688610852734
 31
0.0
  0
LINE
  5
664
330
17
100
AcDbEntity
  8
VISIBLE
100
AcDbLine
 10
51.52078820736742
 20
101.56688610852734
 30
0.0
 11
52.64995576413011
 21
102.94278065503613
 31
0.0
  0
LINE
  5
665
330
17
100
AcDbEntity
  8
VISIBLE
100
AcDbLine
 10
52.64995576413011
 20
102.94278065503613
 30
0.0
 11
53.866693511322495
 21
104.24187962354199
 31
0.0
  0
LINE
  5
666
330
17
100
AcDbEntity
  8
VISIBLE
100
AcDbLine
 10
55.48755456478929
 20
98.5230781251289
 30
0.0
 11
56.40915490658617
 21
99.64605156720654
 31
0.0
  0
LINE
  5
667
330
17
100
AcDbEntity
  8
VISIBLE
100
AcDbLine
 10
56.40915490658617
 20
99.64605156720654
 30
0.0
 11
57.40222837002611
 21
100.70634476483838
 31
0.0
  0
LINE
  5
668
330
17
100
AcDbEntity
  8
VISIBLE
100
AcDbLine
 10
57.40222837002611
 20
100.70634476483838
 30
0.0
 11
58.462521567657944
 21
101.69941822827832
 31
0.0
  0
LINE
  5
669
330
17
100
AcDbEntity
  8
VISIBLE
100
AcDbLine
 10
53.866693511322495
 20
104.24187962354199
 30
0.0
 11
55.165792479828355
 21
105.45861737073437
 31
0.0
  0
LINE
  5
66A
330
17
100
AcDbEntity
  8
VISIBLE
100
AcDbLine
 10
55.165792479828355
 20
105.45861737073437
 30
0.0
 11
56.541687026337144
 21
106.58778492749707
 31
0.0
  0
LINE
  5
66B
330
17
100
AcDbEntity
  8
VISIBLE
100
AcDbLine
 10
56.541687026337144
 20
106.58778492749707
 30
0.0
 11
57.988488211945054
 21
107.6245471650459
 31
0.0
  0
LINE
  5
66C
330
17
100
AcDbEntity
  8
VISIBLE
100
AcDbLine
 10
59.07038690121507
 20
93.10857502759472
 30
0.0
 11
59.63019086392259
 21
94.00881211102978
 31
0.0
  0
LINE
  5
66D
330
17
100
AcDbEntity
  8
VISIBLE
100
AcDbLine
 10
59.63019086392259
 20
94.00881211102978
 30
0.0
 11
60.24767400296068
 21
94.87051026166455
 31
0.0
  0
LINE
  5
66E
330
17
100
AcDbEntity
  8
VISIBLE
100
AcDbLine
 10
60.24767400296068
 20
94.87051026166455
 30
0.0
 11
60.92019368679857
 21
95.6899768525459
 31
0.0
  0
LINE
  5
66F
330
17
100
AcDbEntity
  8
VISIBLE
100
AcDbLine
 10
60.92019368679857
 20
95.6899768525459
 30
0.0
 11
61.6448688653264
 21
96.46370426953808
 31
0.0
  0
LINE
  5
670
330
17
100
AcDbEntity
  8
VISIBLE
100
AcDbLine
 10
61.6448688653264
 20
96.46370426953808
 30
0.0
 11
62.41859628231859
 21
97.18837944806592
 31
0.0
  0
LINE
  5
671
330
17
100
AcDbEntity
  8
VISIBLE
100
AcDbLine
 10
62.41859628231859
 20
97.18837944806592
 30
0.0
 11
63.23806287319994
 21
97.8608991319038
 31
0.0
  0
LINE
  5
672
330
17
100
AcDbEntity
  8
VISIBLE
100
AcDbLine
 10
63.23806287319994
 20
97.8608991319038
 30
0.0
 11
64.0997610238347
 21
98.47838227094189
 31
0.0
  0
LINE
  5
673
330
17
100
AcDbEntity
  8
VISIBLE
100
AcDbLine
 10
58.462521567657944
 20
101.69941822827832
 30
0.0
 11
59.58549500973558
 21
102.6210185700752
 31
0.0
  0
LINE
  5
674
330
17
100
AcDbEntity
  8
VISIBLE
100
AcDbLine
 10
59.58549500973558
 20
102.6210185700752
 30
0.0
 11
60.76633931668138
 21
103.46720043958203
 31
0.0
  0
LINE
  5
675
330
17
100
AcDbEntity
  8
VISIBLE
100
AcDbLine
 10
60.76633931668138
 20
103.46720043958203
 30
0.0
 11
61.99999810726976
 21
104.23433796704785
 31
0.0
  0
LINE
  5
676
330
17
100
AcDbEntity
  8
VISIBLE
100
AcDbLine
 10
64.0997610238347
 20
98.47838227094189
 30
0.0
 11
64.99999810726976
 21
99.03818623364941
 31
0.0
  0
LINE
  5
677
330
17
100
AcDbEntity
  8
VISIBLE
100
AcDbLine
 10
64.99999810726976
 20
99.03818623364941
 30
0.0
 11
65.93492175610399
 21
99.53791348279492
 31
0.0
  0
LINE
  5
678
330
17
100
AcDbEntity
  8
VISIBLE
100
AcDbLine
 10
61.99999810726976
 20
104.23433796704785
 30
0.0
 11
63.28118993313646
 21
104.91914860547558
 31
0.0
  0
LINE
  5
679
330
17
100
AcDbEntity
  8
VISIBLE
100
AcDbLine
 10
57.988488211945054
 20
107.6245471650459
 30
0.0
 11
59.49999810726976
 21
108.5644656831123
 31
0.0
  0
LINE
  5
67A
330
17
100
AcDbEntity
  8
VISIBLE
100
AcDbLine
 10
59.49999810726976
 20
108.5644656831123
 30
0.0
 11
61.06974603207445
 21
109.40351406873242
 31
0.0
  0
LINE
  5
67B
330
17
100
AcDbEntity
  8
VISIBLE
100
AcDbLine
 10
61.06974603207445
 20
109.40351406873242
 30
0.0
 11
62.69100953610277
 21
110.13809887708203
 31
0.0
  0
LINE
  5
67C
330
17
100
AcDbEntity
  8
VISIBLE
100
AcDbLine
 10
63.28118993313646
 20
104.91914860547558
 30
0.0
 11
64.60442639859056
 21
105.5187007600166
 31
0.0
  0
LINE
  5
67D
330
17
100
AcDbEntity
  8
VISIBLE
100
AcDbLine
 10
64.60442639859056
 20
105.5187007600166
 30
0.0
 11
65.96404220135545
 21
106.03042332471387
 31
0.0
  0
LINE
  5
67E
330
17
100
AcDbEntity
  8
VISIBLE
100
AcDbLine
 10
62.69100953610277
 20
110.13809887708203
 30
0.0
 11
64.35684491665697
 21
110.76507489026562
 31
0.0
  0
LINE
  5
67F
330
17
100
AcDbEntity
  8
VISIBLE
100
AcDbLine
 10
64.35684491665697
 20
110.76507489026562
 30
0.0
 11
66.06012059719896
 21
111.2817565614082
 31
0.0
  0
LINE
  5
680
330
17
100
AcDbEntity
  8
VISIBLE
100
AcDbLine
 10
65.93492175610399
 20
99.53791348279492
 30
0.0
 11
66.90052701504564
 21
99.97542301953808
 31
0.0
  0
LINE
  5
681
330
17
100
AcDbEntity
  8
VISIBLE
100
AcDbLine
 10
66.90052701504564
 20
99.97542301953808
 30
0.0
 11
67.89267922909593
 21
100.3488427811958
 31
0.0
  0
LINE
  5
682
330
17
100
AcDbEntity
  8
VISIBLE
100
AcDbLine
 10
67.89267922909593
 20
100.3488427811958
 30
0.0
 11
68.90712977917528
 21
100.65657345593945
 31
0.0
  0
LINE
  5
683
330
17
100
AcDbEntity
  8
VISIBLE
100
AcDbLine
 10
68.90712977917528
 20
100.65657345593945
 30
0.0
 11
69.9395351556096
 21
100.89729611218945
 31
0.0
  0
LINE
  5
684
330
17
100
AcDbEntity
  8
VISIBLE
100
AcDbLine
 10
69.9395351556096
 20
100.89729611218945
 30
0.0
 11
70.98547412426805
 21
101.0699817353584
 31
0.0
  0
LINE
  5
685
330
17
100
AcDbEntity
  8
VISIBLE
100
AcDbLine
 10
70.98547412426805
 20
101.0699817353584
 30
0.0
 11
72.04046775372362
 21
101.17388836682812
 31
0.0
  0
LINE
  5
686
330
17
100
AcDbEntity
  8
VISIBLE
100
AcDbLine
 10
65.96404220135545
 20
106.03042332471387
 30
0.0
 11
67.35421563656664
 21
106.45212857068555
 31
0.0
  0
LINE
  5
687
330
17
100
AcDbEntity
  8
VISIBLE
100
AcDbLine
 10
67.35421563656664
 20
106.45212857068555
 30
0.0
 11
68.76899339230394
 21
106.78200833142773
 31
0.0
  0
LINE
  5
688
330
17
100
AcDbEntity
  8
VISIBLE
100
AcDbLine
 10
66.06012059719896
 20
111.2817565614082
 30
0.0
 11
67.79354192288255
 21
111.68593518079297
 31
0.0
  0
LINE
  5
689
330
17
100
AcDbEntity
  8
VISIBLE
100
AcDbLine
 10
67.79354192288255
 20
111.68593518079297
 30
0.0
 11
69.549685969666
 21
111.97587506116406
 31
0.0
  0
LINE
  5
68A
330
17
100
AcDbEntity
  8
VISIBLE
100
AcDbLine
 10
68.76899339230394
 20
106.78200833142773
 30
0.0
 11
70.20231701405382
 21
107.01865116895215
 31
0.0
  0
LINE
  5
68B
330
17
100
AcDbEntity
  8
VISIBLE
100
AcDbLine
 10
70.20231701405382
 20
107.01865116895215
 30
0.0
 11
71.64804901154375
 21
107.16104237378613
 31
0.0
  0
LINE
  5
68C
330
17
100
AcDbEntity
  8
VISIBLE
100
AcDbLine
 10
69.549685969666
 20
111.97587506116406
 30
0.0
 11
71.32103337319231
 21
112.15033642591015
 31
0.0
  0
LINE
  5
68D
330
17
100
AcDbEntity
  8
VISIBLE
100
AcDbLine
 10
65.59999848873949
 20
99.3588935548164
 30
0.0
 11
65.93492175610399
 21
99.53791348279492
 31
0.0
  0
LINE
  5
68E
330
17
100
AcDbEntity
  8
VISIBLE
100
AcDbLine
 10
65.59999848873949
 20
99.3588935548164
 30
0.0
 11
65.59999848873949
 21
105.89340702832715
 31
0.0
  0
LINE
  5
68F
330
17
100
AcDbEntity
  8
VISIBLE
100
AcDbLine
 10
65.59999848873949
 20
105.89340702832715
 30
0.0
 11
65.96404220135545
 21
106.03042332471387
 31
0.0
  0
LINE
  5
690
330
17
100
AcDbEntity
  8
VISIBLE
100
AcDbLine
 10
65.93492175610399
 20
99.53791348279492
 30
0.0
 11
66.90052701504564
 21
99.97542301953808
 31
0.0
  0
LINE
  5
691
330
17
100
AcDbEntity
  8
VISIBLE
100
AcDbLine
 10
66.90052701504564
 20
99.97542301953808
 30
0.0
 11
67.89267922909593
 21
100.3488427811958
 31
0.0
  0
LINE
  5
692
330
17
100
AcDbEntity
  8
VISIBLE
100
AcDbLine
 10
67.89267922909593
 20
100.3488427811958
 30
0.0
 11
68.90712977917528
 21
100.65657345593945
 31
0.0
  0
LINE
  5
693
330
17
100
AcDbEntity
  8
VISIBLE
100
AcDbLine
 10
68.90712977917528
 20
100.65657345593945
 30
0.0
 11
69.9395351556096
 21
100.89729611218945
 31
0.0
  0
LINE
  5
694
330
17
100
AcDbEntity
  8
VISIBLE
100
AcDbLine
 10
69.9395351556096
 20
100.89729611218945
 30
0.0
 11
70.98547412426805
 21
101.0699817353584
 31
0.0
  0
LINE
  5
695
330
17
100
AcDbEntity
  8
VISIBLE
100
AcDbLine
 10
70.98547412426805
 20
101.0699817353584
 30
0.0
 11
72.04046775372362
 21
101.17388836682812
 31
0.0
  0
LINE
  5
696
330
17
100
AcDbEntity
  8
VISIBLE
100
AcDbLine
 10
65.96404220135545
 20
106.03042332471387
 30
0.0
 11
67.35421563656664
 21
106.45212857068555
 31
0.0
  0
LINE
  5
697
330
17
100
AcDbEntity
  8
VISIBLE
100
AcDbLine
 10
67.35421563656664
 20
106.45212857068555
 30
0.0
 11
68.76899339230394
 21
106.78200833142773
 31
0.0
  0
LINE
  5
698
330
17
100
AcDbEntity
  8
VISIBLE
100
AcDbLine
 10
68.76899339230394
 20
106.78200833142773
 30
0.0
 11
70.20231701405382
 21
107.01865116895215
 31
0.0
  0
LINE
  5
699
330
17
100
AcDbEntity
  8
VISIBLE
100
AcDbLine
 10
70.20231701405382
 20
107.01865116895215
 30
0.0
 11
71.64804901154375
 21
107.16104237378613
 31
0.0
  0
LINE
  5
69A
330
17
100
AcDbEntity
  8
VISIBLE
100
AcDbLine
 10
55.430597319916245
 20
92.508574646125
 30
0.0
 11
55.88004113705492
 21
93.50051705182568
 31
0.0
  0
LINE
  5
69B
330
17
100
AcDbEntity
  8
VISIBLE
100
AcDbLine
 10
55.88004113705492
 20
93.50051705182568
 30
0.0
 11
56.472311034515855
 21
94.60857502759472
 31
0.0
  0
LINE
  5
69C
330
17
100
AcDbEntity
  8
VISIBLE
100
AcDbLine
 10
55.430597319916245
 20
92.508574646125
 30
0.0
 11
58.74967958004808
 21
92.508574646125
 31
0.0
  0
LINE
  5
69D
330
17
100
AcDbEntity
  8
VISIBLE
100
AcDbLine
 10
58.74967958004808
 20
92.508574646125
 30
0.0
 11
59.07038690121507
 21
93.10857502759472
 31
0.0
  0
LINE
  5
69E
330
17
100
AcDbEntity
  8
VISIBLE
100
AcDbLine
 10
56.472311034515855
 20
94.60857502759472
 30
0.0
 11
57.13578225643968
 21
95.67552296460644
 31
0.0
  0
LINE
  5
69F
330
17
100
AcDbEntity
  8
VISIBLE
100
AcDbLine
 10
57.13578225643968
 20
95.67552296460644
 30
0.0
 11
57.867614760712144
 21
96.69679371655957
 31
0.0
  0
LINE
  5
6A0
330
17
100
AcDbEntity
  8
VISIBLE
100
AcDbLine
 10
57.867614760712144
 20
96.69679371655957
 30
0.0
 11
58.66467381985521
 21
97.66801468671338
 31
0.0
  0
LINE
  5
6A1
330
17
100
AcDbEntity
  8
VISIBLE
100
AcDbLine
 10
50.947530761078355
 20
83.55662516892926
 30
0.0
 11
50.899997725800034
 21
85.008574646125
 31
0.0
  0
LINE
  5
6A2
330
17
100
AcDbEntity
  8
VISIBLE
100
AcDbLine
 10
50.899997725800034
 20
85.008574646125
 30
0.0
 11
50.947530761078355
 21
86.46052412332074
 31
0.0
  0
LINE
  5
6A3
330
17
100
AcDbEntity
  8
VISIBLE
100
AcDbLine
 10
50.947530761078355
 20
86.46052412332074
 30
0.0
 11
51.08992196591234
 21
87.90625612081067
 31
0.0
  0
LINE
  5
6A4
330
17
100
AcDbEntity
  8
VISIBLE
100
AcDbLine
 10
51.08992196591234
 20
87.90625612081067
 30
0.0
 11
51.32656480343675
 21
89.33957974256055
 31
0.0
  0
LINE
  5
6A5
330
17
100
AcDbEntity
  8
VISIBLE
100
AcDbLine
 10
51.32656480343675
 20
89.33957974256055
 30
0.0
 11
51.65644456417894
 21
90.75435749829785
 31
0.0
  0
LINE
  5
6A6
330
17
100
AcDbEntity
  8
VISIBLE
100
AcDbLine
 10
51.65644456417894
 20
90.75435749829785
 30
0.0
 11
52.07814981015062
 21
92.14453093350903
 31
0.0
  0
LINE
  5
6A7
330
17
100
AcDbEntity
  8
VISIBLE
100
AcDbLine
 10
52.07814981015062
 20
92.14453093350903
 30
0.0
 11
52.589872374847886
 21
93.50414673627392
 31
0.0
  0
LINE
  5
6A8
330
17
100
AcDbEntity
  8
VISIBLE
100
AcDbLine
 10
53.94110681088304
 20
83.75283459962384
 30
0.0
 11
53.899997725800034
 21
85.008574646125
 31
0.0
  0
LINE
  5
6A9
330
17
100
AcDbEntity
  8
VISIBLE
100
AcDbLine
 10
53.899997725800034
 20
85.008574646125
 30
0.0
 11
53.94110681088304
 21
86.26431469262616
 31
0.0
  0
LINE
  5
6AA
330
17
100
AcDbEntity
  8
VISIBLE
100
AcDbLine
 10
53.94110681088304
 20
86.26431469262616
 30
0.0
 11
54.064256682709214
 21
87.51467744649426
 31
0.0
  0
LINE
  5
6AB
330
17
100
AcDbEntity
  8
VISIBLE
100
AcDbLine
 10
54.064256682709214
 20
87.51467744649426
 30
0.0
 11
54.268920913055894
 21
88.75430886090771
 31
0.0
  0
LINE
  5
6AC
330
17
100
AcDbEntity
  8
VISIBLE
100
AcDbLine
 10
54.268920913055894
 20
88.75430886090771
 30
0.0
 11
54.55422212155199
 21
89.97790018857495
 31
0.0
  0
LINE
  5
6AD
330
17
100
AcDbEntity
  8
VISIBLE
100
AcDbLine
 10
54.55422212155199
 20
89.97790018857495
 30
0.0
 11
54.918939605072495
 21
91.18021218122021
 31
0.0
  0
LINE
  5
6AE
330
17
100
AcDbEntity
  8
VISIBLE
100
AcDbLine
 10
52.589872374847886
 20
93.50414673627392
 30
0.0
 11
53.1894245293889
 21
94.82738320172803
 31
0.0
  0
LINE
  5
6AF
330
17
100
AcDbEntity
  8
VISIBLE
100
AcDbLine
 10
54.918939605072495
 20
91.18021218122021
 30
0.0
 11
55.361511245087144
 21
92.35609642804638
 31
0.0
  0
LINE
  5
6B0
330
17
100
AcDbEntity
  8
VISIBLE
100
AcDbLine
 10
55.361511245087144
 20
92.35609642804638
 30
0.0
 11
55.88004113705492
 21
93.50051705182568
 31
0.0
  0
LINE
  5
6B1
330
17
100
AcDbEntity
  8
VISIBLE
100
AcDbLine
 10
53.1894245293889
 20
94.82738320172803
 30
0.0
 11
53.874235167816636
 21
96.10857502759472
 31
0.0
  0
LINE
  5
6B2
330
17
100
AcDbEntity
  8
VISIBLE
100
AcDbLine
 10
53.874235167816636
 20
96.10857502759472
 30
0.0
 11
54.641372695282456
 21
97.3422338181831
 31
0.0
  0
LINE
  5
6B3
330
17
100
AcDbEntity
  8
VISIBLE
100
AcDbLine
 10
54.641372695282456
 20
97.3422338181831
 30
0.0
 11
55.48755456478929
 21
98.5230781251289
 31
0.0
  0
LINE
  5
6B4
330
17
100
AcDbEntity
  8
VISIBLE
100
AcDbLine
 10
55.88004113705492
 20
93.50051705182568
 30
0.0
 11
56.472311034515855
 21
94.60857502759472
 31
0.0
  0
LINE
  5
6B5
330
17
100
AcDbEntity
  8
VISIBLE
100
AcDbLine
 10
56.472311034515855
 20
94.60857502759472
 30
0.0
 11
57.13578225643968
 21
95.67552296460644
 31
0.0
  0
LINE
  5
6B6
330
17
100
AcDbEntity
  8
VISIBLE
100
AcDbLine
 10
57.13578225643968
 20
95.67552296460644
 30
0.0
 11
57.867614760712144
 21
96.69679371655957
 31
0.0
  0
LINE
  5
6B7
330
17
100
AcDbEntity
  8
VISIBLE
100
AcDbLine
 10
57.867614760712144
 20
96.69679371655957
 30
0.0
 11
58.66467381985521
 21
97.66801468671338
 31
0.0
  0
LINE
  5
6B8
330
17
100
AcDbEntity
  8
VISIBLE
100
AcDbLine
 10
55.48755456478929
 20
98.5230781251289
 30
0.0
 11
56.40915490658617
 21
99.64605156720654
 31
0.0
  0
LINE
  5
6B9
330
17
100
AcDbEntity
  8
VISIBLE
100
AcDbLine
 10
56.40915490658617
 20
99.64605156720654
 30
0.0
 11
57.40222837002611
 21
100.70634476483838
 31
0.0
  0
LINE
  5
6BA
330
17
100
AcDbEntity
  8
VISIBLE
100
AcDbLine
 10
57.40222837002611
 20
100.70634476483838
 30
0.0
 11
58.462521567657944
 21
101.69941822827832
 31
0.0
  0
LINE
  5
6BB
330
17
100
AcDbEntity
  8
VISIBLE
100
AcDbLine
 10
59.07038690121507
 20
93.10857502759472
 30
0.0
 11
59.63019086392259
 21
94.00881211102978
 31
0.0
  0
LINE
  5
6BC
330
17
100
AcDbEntity
  8
VISIBLE
100
AcDbLine
 10
59.63019086392259
 20
94.00881211102978
 30
0.0
 11
60.24767400296068
 21
94.87051026166455
 31
0.0
  0
LINE
  5
6BD
330
17
100
AcDbEntity
  8
VISIBLE
100
AcDbLine
 10
60.24767400296068
 20
94.87051026166455
 30
0.0
 11
60.92019368679857
 21
95.6899768525459
 31
0.0
  0
LINE
  5
6BE
330
17
100
AcDbEntity
  8
VISIBLE
100
AcDbLine
 10
58.66467381985521
 20
97.66801468671338
 30
0.0
 11
59.5235481408391
 21
98.58502499402539
 31
0.0
  0
LINE
  5
6BF
330
17
100
AcDbEntity
  8
VISIBLE
100
AcDbLine
 10
60.92019368679857
 20
95.6899768525459
 30
0.0
 11
61.6448688653264
 21
96.46370426953808
 31
0.0
  0
LINE
  5
6C0
330
17
100
AcDbEntity
  8
VISIBLE
100
AcDbLine
 10
61.6448688653264
 20
96.46370426953808
 30
0.0
 11
62.41859628231859
 21
97.18837944806592
 31
0.0
  0
LINE
  5
6C1
330
17
100
AcDbEntity
  8
VISIBLE
100
AcDbLine
 10
62.41859628231859
 20
97.18837944806592
 30
0.0
 11
63.23806287319994
 21
97.8608991319038
 31
0.0
  0
LINE
  5
6C2
330
17
100
AcDbEntity
  8
VISIBLE
100
AcDbLine
 10
63.23806287319994
 20
97.8608991319038
 30
0.0
 11
64.0997610238347
 21
98.47838227094189
 31
0.0
  0
LINE
  5
6C3
330
17
100
AcDbEntity
  8
VISIBLE
100
AcDbLine
 10
58.66467381985521
 20
97.66801468671338
 30
0.0
 11
59.5235481408391
 21
98.58502499402539
 31
0.0
  0
LINE
  5
6C4
330
17
100
AcDbEntity
  8
VISIBLE
100
AcDbLine
 10
59.5235481408391
 20
98.58502499402539
 30
0.0
 11
60.44055844815111
 21
99.44389931500928
 31
0.0
  0
LINE
  5
6C5
330
17
100
AcDbEntity
  8
VISIBLE
100
AcDbLine
 10
60.44055844815111
 20
99.44389931500928
 30
0.0
 11
61.41177941830492
 21
100.24095837415234
 31
0.0
  0
LINE
  5
6C6
330
17
100
AcDbEntity
  8
VISIBLE
100
AcDbLine
 10
61.41177941830492
 20
100.24095837415234
 30
0.0
 11
62.43305017025804
 21
100.9727908784248
 31
0.0
  0
LINE
  5
6C7
330
17
100
AcDbEntity
  8
VISIBLE
100
AcDbLine
 10
62.43305017025804
 20
100.9727908784248
 30
0.0
 11
63.49999810726976
 21
101.63626210034863
 31
0.0
  0
LINE
  5
6C8
330
17
100
AcDbEntity
  8
VISIBLE
100
AcDbLine
 10
64.0997610238347
 20
98.47838227094189
 30
0.0
 11
64.99999810726976
 21
99.03818623364941
 31
0.0
  0
LINE
  5
6C9
330
17
100
AcDbEntity
  8
VISIBLE
100
AcDbLine
 10
64.99999810726976
 20
99.03818623364941
 30
0.0
 11
65.59999848873949
 21
99.3588935548164
 31
0.0
  0
LINE
  5
6CA
330
17
100
AcDbEntity
  8
VISIBLE
100
AcDbLine
 10
63.49999810726976
 20
101.63626210034863
 30
0.0
 11
64.6080560830388
 21
102.22853199780957
 31
0.0
  0
LINE
  5
6CB
330
17
100
AcDbEntity
  8
VISIBLE
100
AcDbLine
 10
65.59999848873949
 20
99.3588935548164
 30
0.0
 11
65.59999848873949
 21
102.67797581494824
 31
0.0
  0
LINE
  5
6CC
330
17
100
AcDbEntity
  8
VISIBLE
100
AcDbLine
 10
64.6080560830388
 20
102.22853199780957
 30
0.0
 11
65.59999848873949
 21
102.67797581494824
 31
0.0
  0
LINE
  5
6CD
330
17
100
AcDbEntity
  8
VISIBLE
100
AcDbLine
 10
59.5235481408391
 20
98.58502499402539
 30
0.0
 11
60.44055844815111
 21
99.44389931500928
 31
0.0
  0
LINE
  5
6CE
330
17
100
AcDbEntity
  8
VISIBLE
100
AcDbLine
 10
60.44055844815111
 20
99.44389931500928
 30
0.0
 11
61.41177941830492
 21
100.24095837415234
 31
0.0
  0
LINE
  5
6CF
330
17
100
AcDbEntity
  8
VISIBLE
100
AcDbLine
 10
61.41177941830492
 20
100.24095837415234
 30
0.0
 11
62.43305017025804
 21
100.9727908784248
 31
0.0
  0
LINE
  5
6D0
330
17
100
AcDbEntity
  8
VISIBLE
100
AcDbLine
 10
58.462521567657944
 20
101.69941822827832
 30
0.0
 11
59.58549500973558
 21
102.6210185700752
 31
0.0
  0
LINE
  5
6D1
330
17
100
AcDbEntity
  8
VISIBLE
100
AcDbLine
 10
59.58549500973558
 20
102.6210185700752
 30
0.0
 11
60.76633931668138
 21
103.46720043958203
 31
0.0
  0
LINE
  5
6D2
330
17
100
AcDbEntity
  8
VISIBLE
100
AcDbLine
 10
60.76633931668138
 20
103.46720043958203
 30
0.0
 11
61.99999810726976
 21
104.23433796704785
 31
0.0
  0
LINE
  5
6D3
330
17
100
AcDbEntity
  8
VISIBLE
100
AcDbLine
 10
62.43305017025804
 20
100.9727908784248
 30
0.0
 11
63.49999810726976
 21
101.63626210034863
 31
0.0
  0
LINE
  5
6D4
330
17
100
AcDbEntity
  8
VISIBLE
100
AcDbLine
 10
61.99999810726976
 20
104.23433796704785
 30
0.0
 11
63.28118993313646
 21
104.91914860547558
 31
0.0
  0
LINE
  5
6D5
330
17
100
AcDbEntity
  8
VISIBLE
100
AcDbLine
 10
63.49999810726976
 20
101.63626210034863
 30
0.0
 11
64.6080560830388
 21
102.22853199780957
 31
0.0
  0
LINE
  5
6D6
330
17
100
AcDbEntity
  8
VISIBLE
100
AcDbLine
 10
64.6080560830388
 20
102.22853199780957
 30
0.0
 11
65.7524767068181
 21
102.74706188977734
 31
0.0
  0
LINE
  5
6D7
330
17
100
AcDbEntity
  8
VISIBLE
100
AcDbLine
 10
63.28118993313646
 20
104.91914860547558
 30
0.0
 11
64.60442639859056
 21
105.5187007600166
 31
0.0
  0
LINE
  5
6D8
330
17
100
AcDbEntity
  8
VISIBLE
100
AcDbLine
 10
64.60442639859056
 20
105.5187007600166
 30
0.0
 11
65.96404220135545
 21
106.03042332471387
 31
0.0
  0
LINE
  5
6D9
330
17
100
AcDbEntity
  8
VISIBLE
100
AcDbLine
 10
65.7524767068181
 20
102.74706188977734
 30
0.0
 11
66.92836095364427
 21
103.18963352979199
 31
0.0
  0
LINE
  5
6DA
330
17
100
AcDbEntity
  8
VISIBLE
100
AcDbLine
 10
66.92836095364427
 20
103.18963352979199
 30
0.0
 11
68.13067294628954
 21
103.5543510133125
 31
0.0
  0
LINE
  5
6DB
330
17
100
AcDbEntity
  8
VISIBLE
100
AcDbLine
 10
68.13067294628954
 20
103.5543510133125
 30
0.0
 11
69.35426427395677
 21
103.83965222180859
 31
0.0
  0
LINE
  5
6DC
330
17
100
AcDbEntity
  8
VISIBLE
100
AcDbLine
 10
69.35426427395677
 20
103.83965222180859
 30
0.0
 11
70.59389568837022
 21
104.04431645215527
 31
0.0
  0
LINE
  5
6DD
330
17
100
AcDbEntity
  8
VISIBLE
100
AcDbLine
 10
70.59389568837022
 20
104.04431645215527
 30
0.0
 11
71.84425844223833
 21
104.16746632398144
 31
0.0
  0
LINE
  5
6DE
330
17
100
AcDbEntity
  8
VISIBLE
100
AcDbLine
 10
65.96404220135545
 20
106.03042332471387
 30
0.0
 11
67.35421563656664
 21
106.45212857068555
 31
0.0
  0
LINE
  5
6DF
330
17
100
AcDbEntity
  8
VISIBLE
100
AcDbLine
 10
67.35421563656664
 20
106.45212857068555
 30
0.0
 11
68.76899339230394
 21
106.78200833142773
 31
0.0
  0
LINE
  5
6E0
330
17
100
AcDbEntity
  8
VISIBLE
100
AcDbLine
 10
68.76899339230394
 20
106.78200833142773
 30
0.0
 11
70.20231701405382
 21
107.01865116895215
 31
0.0
  0
LINE
  5
6E1
330
17
100
AcDbEntity
  8
VISIBLE
100
AcDbLine
 10
70.20231701405382
 20
107.01865116895215
 30
0.0
 11
71.64804901154375
 21
107.16104237378613
 31
0.0
  0
LINE
  5
6E2
330
17
100
AcDbEntity
  8
VISIBLE
100
AcDbLine
 10
73.09999848873949
 20
57.808573883185545
 30
0.0
 11
74.87896360428667
 21
57.86681286633984
 31
0.0
  0
LINE
  5
6E3
330
17
100
AcDbEntity
  8
VISIBLE
100
AcDbLine
 10
73.09999848873949
 20
62.808573883185545
 30
0.0
 11
74.55194796593523
 21
62.856106918463865
 31
0.0
  0
LINE
  5
6E4
330
17
100
AcDbEntity
  8
VISIBLE
100
AcDbLine
 10
74.55194796593523
 20
62.856106918463865
 30
0.0
 11
75.99767996342516
 21
62.99849812329785
 31
0.0
  0
LINE
  5
6E5
330
17
100
AcDbEntity
  8
VISIBLE
100
AcDbLine
 10
74.87896360428667
 20
57.86681286633984
 30
0.0
 11
76.65031100781297
 21
58.041274231085936
 31
0.0
  0
LINE
  5
6E6
330
17
100
AcDbEntity
  8
VISIBLE
100
AcDbLine
 10
76.65031100781297
 20
58.041274231085936
 30
0.0
 11
78.40645505459642
 21
58.33121411145703
 31
0.0
  0
LINE
  5
6E7
330
17
100
AcDbEntity
  8
VISIBLE
100
AcDbLine
 10
75.99767996342516
 20
62.99849812329785
 30
0.0
 11
77.43100358517503
 21
63.235140960822264
 31
0.0
  0
LINE
  5
6E8
330
17
100
AcDbEntity
  8
VISIBLE
100
AcDbLine
 10
77.43100358517503
 20
63.235140960822264
 30
0.0
 11
78.84578134091234
 21
63.56502072156445
 31
0.0
  0
LINE
  5
6E9
330
17
100
AcDbEntity
  8
VISIBLE
100
AcDbLine
 10
73.09999848873949
 20
68.80857388318555
 30
0.0
 11
74.15952922375536
 21
68.84326092542187
 31
0.0
  0
LINE
  5
6EA
330
17
100
AcDbEntity
  8
VISIBLE
100
AcDbLine
 10
74.15952922375536
 20
68.84326092542187
 30
0.0
 11
75.21452285321092
 21
68.9471675568916
 31
0.0
  0
LINE
  5
6EB
330
17
100
AcDbEntity
  8
VISIBLE
100
AcDbLine
 10
75.21452285321092
 20
68.9471675568916
 30
0.0
 11
76.26046182186937
 21
69.11985318006055
 31
0.0
  0
LINE
  5
6EC
330
17
100
AcDbEntity
  8
VISIBLE
100
AcDbLine
 10
76.26046182186937
 20
69.11985318006055
 30
0.0
 11
77.2928671983037
 21
69.36057583631055
 31
0.0
  0
LINE
  5
6ED
330
17
100
AcDbEntity
  8
VISIBLE
100
AcDbLine
 10
77.2928671983037
 20
69.36057583631055
 30
0.0
 11
78.30731774838304
 21
69.6683065110542
 31
0.0
  0
LINE
  5
6EE
330
17
100
AcDbEntity
  8
VISIBLE
100
AcDbLine
 10
78.30731774838304
 20
69.6683065110542
 30
0.0
 11
79.29946996243334
 21
70.04172627271191
 31
0.0
  0
LINE
  5
6EF
330
17
100
AcDbEntity
  8
VISIBLE
100
AcDbLine
 10
78.40645505459642
 20
58.33121411145703
 30
0.0
 11
80.13987638028001
 21
58.735392730841795
 31
0.0
  0
LINE
  5
6F0
330
17
100
AcDbEntity
  8
VISIBLE
100
AcDbLine
 10
80.13987638028001
 20
58.735392730841795
 30
0.0
 11
81.843152060822
 21
59.25207440198437
 31
0.0
  0
LINE
  5
6F1
330
17
100
AcDbEntity
  8
VISIBLE
100
AcDbLine
 10
78.84578134091234
 20
63.56502072156445
 30
0.0
 11
80.23595477612352
 21
63.98672596753613
 31
0.0
  0
LINE
  5
6F2
330
17
100
AcDbEntity
  8
VISIBLE
100
AcDbLine
 10
80.23595477612352
 20
63.98672596753613
 30
0.0
 11
81.59557057888841
 21
64.4984485322334
 31
0.0
  0
LINE
  5
6F3
330
17
100
AcDbEntity
  8
VISIBLE
100
AcDbLine
 10
81.843152060822
 20
59.25207440198437
 30
0.0
 11
83.5089874413762
 21
59.87905041516797
 31
0.0
  0
LINE
  5
6F4
330
17
100
AcDbEntity
  8
VISIBLE
100
AcDbLine
 10
83.5089874413762
 20
59.87905041516797
 30
0.0
 11
85.13025094540453
 21
60.613635223517576
 31
0.0
  0
LINE
  5
6F5
330
17
100
AcDbEntity
  8
VISIBLE
100
AcDbLine
 10
81.59557057888841
 20
64.4984485322334
 30
0.0
 11
82.91880704434251
 21
65.09800068677441
 31
0.0
  0
LINE
  5
6F6
330
17
100
AcDbEntity
  8
VISIBLE
100
AcDbLine
 10
79.29946996243334
 20
70.04172627271191
 30
0.0
 11
80.26507522137499
 21
70.47923580945508
 31
0.0
  0
LINE
  5
6F7
330
17
100
AcDbEntity
  8
VISIBLE
100
AcDbLine
 10
80.26507522137499
 20
70.47923580945508
 30
0.0
 11
81.19999887020921
 21
70.97896305860058
 31
0.0
  0
LINE
  5
6F8
330
17
100
AcDbEntity
  8
VISIBLE
100
AcDbLine
 10
82.91880704434251
 20
65.09800068677441
 30
0.0
 11
84.19999887020921
 21
65.78281132520215
 31
0.0
  0
LINE
  5
6F9
330
17
100
AcDbEntity
  8
VISIBLE
100
AcDbLine
 10
84.19999887020921
 20
65.78281132520215
 30
0.0
 11
85.43365766079759
 21
66.54994885266797
 31
0.0
  0
LINE
  5
6FA
330
17
100
AcDbEntity
  8
VISIBLE
100
AcDbLine
 10
85.43365766079759
 20
66.54994885266797
 30
0.0
 11
86.6145019677434
 21
67.3961307221748
 31
0.0
  0
LINE
  5
6FB
330
17
100
AcDbEntity
  8
VISIBLE
100
AcDbLine
 10
73.09999848873949
 20
62.808573883185545
 30
0.0
 11
74.55194796593523
 21
62.856106918463865
 31
0.0
  0
LINE
  5
6FC
330
17
100
AcDbEntity
  8
VISIBLE
100
AcDbLine
 10
74.55194796593523
 20
62.856106918463865
 30
0.0
 11
75.99767996342516
 21
62.99849812329785
 31
0.0
  0
LINE
  5
6FD
330
17
100
AcDbEntity
  8
VISIBLE
100
AcDbLine
 10
75.99767996342516
 20
62.99849812329785
 30
0.0
 11
77.43100358517503
 21
63.235140960822264
 31
0.0
  0
LINE
  5
6FE
330
17
100
AcDbEntity
  8
VISIBLE
100
AcDbLine
 10
77.43100358517503
 20
63.235140960822264
 30
0.0
 11
78.84578134091234
 21
63.56502072156445
 31
0.0
  0
LINE
  5
6FF
330
17
100
AcDbEntity
  8
VISIBLE
100
AcDbLine
 10
73.09999848873949
 20
68.80857388318555
 30
0.0
 11
74.15952922375536
 21
68.84326092542187
 31
0.0
  0
LINE
  5
700
330
17
100
AcDbEntity
  8
VISIBLE
100
AcDbLine
 10
74.15952922375536
 20
68.84326092542187
 30
0.0
 11
75.21452285321092
 21
68.9471675568916
 31
0.0
  0
LINE
  5
701
330
17
100
AcDbEntity
  8
VISIBLE
100
AcDbLine
 10
75.21452285321092
 20
68.9471675568916
 30
0.0
 11
76.26046182186937
 21
69.11985318006055
 31
0.0
  0
LINE
  5
702
330
17
100
AcDbEntity
  8
VISIBLE
100
AcDbLine
 10
76.26046182186937
 20
69.11985318006055
 30
0.0
 11
77.2928671983037
 21
69.36057583631055
 31
0.0
  0
LINE
  5
703
330
17
100
AcDbEntity
  8
VISIBLE
100
AcDbLine
 10
77.2928671983037
 20
69.36057583631055
 30
0.0
 11
78.30731774838304
 21
69.6683065110542
 31
0.0
  0
LINE
  5
704
330
17
100
AcDbEntity
  8
VISIBLE
100
AcDbLine
 10
78.30731774838304
 20
69.6683065110542
 30
0.0
 11
79.29946996243334
 21
70.04172627271191
 31
0.0
  0
LINE
  5
705
330
17
100
AcDbEntity
  8
VISIBLE
100
AcDbLine
 10
78.84578134091234
 20
63.56502072156445
 30
0.0
 11
80.23595477612352
 21
63.98672596753613
 31
0.0
  0
LINE
  5
706
330
17
100
AcDbEntity
  8
VISIBLE
100
AcDbLine
 10
80.23595477612352
 20
63.98672596753613
 30
0.0
 11
80.59999848873949
 21
64.12374226392285
 31
0.0
  0
LINE
  5
707
330
17
100
AcDbEntity
  8
VISIBLE
100
AcDbLine
 10
79.29946996243334
 20
70.04172627271191
 30
0.0
 11
80.26507522137499
 21
70.47923580945508
 31
0.0
  0
LINE
  5
708
330
17
100
AcDbEntity
  8
VISIBLE
100
AcDbLine
 10
80.59999848873949
 20
64.12374226392285
 30
0.0
 11
80.59999848873949
 21
70.65825573743359
 31
0.0
  0
LINE
  5
709
330
17
100
AcDbEntity
  8
VISIBLE
100
AcDbLine
 10
80.26507522137499
 20
70.47923580945508
 30
0.0
 11
80.59999848873949
 21
70.65825573743359
 31
0.0
  0
LINE
  5
70A
330
17
100
AcDbEntity
  8
VISIBLE
100
AcDbLine
 10
81.19999887020921
 20
70.97896305860058
 30
0.0
 11
82.10023595364427
 21
71.5387670213081
 31
0.0
  0
LINE
  5
70B
330
17
100
AcDbEntity
  8
VISIBLE
100
AcDbLine
 10
82.10023595364427
 20
71.5387670213081
 30
0.0
 11
82.96193410427904
 21
72.15625016034619
 31
0.0
  0
LINE
  5
70C
330
17
100
AcDbEntity
  8
VISIBLE
100
AcDbLine
 10
82.96193410427904
 20
72.15625016034619
 30
0.0
 11
83.78140069516039
 21
72.82876984418408
 31
0.0
  0
LINE
  5
70D
330
17
100
AcDbEntity
  8
VISIBLE
100
AcDbLine
 10
83.78140069516039
 20
72.82876984418408
 30
0.0
 11
84.55512811215257
 21
73.55344502271191
 31
0.0
  0
LINE
  5
70E
330
17
100
AcDbEntity
  8
VISIBLE
100
AcDbLine
 10
84.55512811215257
 20
73.55344502271191
 30
0.0
 11
85.2798032906804
 21
74.3271724397041
 31
0.0
  0
LINE
  5
70F
330
17
100
AcDbEntity
  8
VISIBLE
100
AcDbLine
 10
85.2798032906804
 20
74.3271724397041
 30
0.0
 11
85.9523229745183
 21
75.14663903058545
 31
0.0
  0
LINE
  5
710
330
17
100
AcDbEntity
  8
VISIBLE
100
AcDbLine
 10
85.9523229745183
 20
75.14663903058545
 30
0.0
 11
86.56980611355638
 21
76.00833718122021
 31
0.0
  0
LINE
  5
711
330
17
100
AcDbEntity
  8
VISIBLE
100
AcDbLine
 10
85.13025094540453
 20
60.613635223517576
 30
0.0
 11
86.69999887020921
 21
61.452683609137694
 31
0.0
  0
LINE
  5
712
330
17
100
AcDbEntity
  8
VISIBLE
100
AcDbLine
 10
86.69999887020921
 20
61.452683609137694
 30
0.0
 11
88.21150876553392
 21
62.3926021272041
 31
0.0
  0
LINE
  5
713
330
17
100
AcDbEntity
  8
VISIBLE
100
AcDbLine
 10
88.21150876553392
 20
62.3926021272041
 30
0.0
 11
89.65830995114183
 21
63.42936436475293
 31
0.0
  0
LINE
  5
714
330
17
100
AcDbEntity
  8
VISIBLE
100
AcDbLine
 10
89.65830995114183
 20
63.42936436475293
 30
0.0
 11
91.03420449765062
 21
64.55853192151562
 31
0.0
  0
LINE
  5
715
330
17
100
AcDbEntity
  8
VISIBLE
100
AcDbLine
 10
86.6145019677434
 20
67.3961307221748
 30
0.0
 11
87.73747540982103
 21
68.31773106397168
 31
0.0
  0
LINE
  5
716
330
17
100
AcDbEntity
  8
VISIBLE
100
AcDbLine
 10
87.73747540982103
 20
68.31773106397168
 30
0.0
 11
88.79776860745287
 21
69.31080452741162
 31
0.0
  0
LINE
  5
717
330
17
100
AcDbEntity
  8
VISIBLE
100
AcDbLine
 10
88.79776860745287
 20
69.31080452741162
 30
0.0
 11
89.79084207089281
 21
70.37109772504346
 31
0.0
  0
LINE
  5
718
330
17
100
AcDbEntity
  8
VISIBLE
100
AcDbLine
 10
91.03420449765062
 20
64.55853192151562
 30
0.0
 11
92.33330346615648
 21
65.775269668708
 31
0.0
  0
LINE
  5
719
330
17
100
AcDbEntity
  8
VISIBLE
100
AcDbLine
 10
92.33330346615648
 20
65.775269668708
 30
0.0
 11
93.55004121334886
 21
67.07436863721387
 31
0.0
  0
LINE
  5
71A
330
17
100
AcDbEntity
  8
VISIBLE
100
AcDbLine
 10
93.55004121334886
 20
67.07436863721387
 30
0.0
 11
94.67920877011156
 21
68.45026318372265
 31
0.0
  0
LINE
  5
71B
330
17
100
AcDbEntity
  8
VISIBLE
100
AcDbLine
 10
94.67920877011156
 20
68.45026318372265
 30
0.0
 11
95.71597100766039
 21
69.89706436933056
 31
0.0
  0
LINE
  5
71C
330
17
100
AcDbEntity
  8
VISIBLE
100
AcDbLine
 10
86.56980611355638
 20
76.00833718122021
 30
0.0
 11
87.1296100762639
 21
76.90857426465527
 31
0.0
  0
LINE
  5
71D
330
17
100
AcDbEntity
  8
VISIBLE
100
AcDbLine
 10
87.1296100762639
 20
76.90857426465527
 30
0.0
 11
87.62933732540941
 21
77.8434979134895
 31
0.0
  0
LINE
  5
71E
330
17
100
AcDbEntity
  8
VISIBLE
100
AcDbLine
 10
89.79084207089281
 20
70.37109772504346
 30
0.0
 11
90.71244241268968
 21
71.49407116712109
 31
0.0
  0
LINE
  5
71F
330
17
100
AcDbEntity
  8
VISIBLE
100
AcDbLine
 10
90.71244241268968
 20
71.49407116712109
 30
0.0
 11
91.55862428219652
 21
72.67491547406689
 31
0.0
  0
LINE
  5
720
330
17
100
AcDbEntity
  8
VISIBLE
100
AcDbLine
 10
91.55862428219652
 20
72.67491547406689
 30
0.0
 11
92.32576180966234
 21
73.90857426465527
 31
0.0
  0
LINE
  5
721
330
17
100
AcDbEntity
  8
VISIBLE
100
AcDbLine
 10
92.32576180966234
 20
73.90857426465527
 30
0.0
 11
93.01057244809007
 21
75.18976609052197
 31
0.0
  0
LINE
  5
722
330
17
100
AcDbEntity
  8
VISIBLE
100
AcDbLine
 10
87.62933732540941
 20
77.8434979134895
 30
0.0
 11
88.06684686215257
 21
78.80910317243115
 31
0.0
  0
LINE
  5
723
330
17
100
AcDbEntity
  8
VISIBLE
100
AcDbLine
 10
88.06684686215257
 20
78.80910317243115
 30
0.0
 11
88.44026662381029
 21
79.80125538648144
 31
0.0
  0
LINE
  5
724
330
17
100
AcDbEntity
  8
VISIBLE
100
AcDbLine
 10
88.44026662381029
 20
79.80125538648144
 30
0.0
 11
88.74799729855394
 21
80.81570593656079
 31
0.0
  0
LINE
  5
725
330
17
100
AcDbEntity
  8
VISIBLE
100
AcDbLine
 10
88.74799729855394
 20
80.81570593656079
 30
0.0
 11
88.98871995480394
 21
81.84811131299512
 31
0.0
  0
LINE
  5
726
330
17
100
AcDbEntity
  8
VISIBLE
100
AcDbLine
 10
88.98871995480394
 20
81.84811131299512
 30
0.0
 11
89.16140557797289
 21
82.89405028165356
 31
0.0
  0
LINE
  5
727
330
17
100
AcDbEntity
  8
VISIBLE
100
AcDbLine
 10
89.16140557797289
 20
82.89405028165356
 30
0.0
 11
89.26531220944261
 21
83.94904391110913
 31
0.0
  0
LINE
  5
728
330
17
100
AcDbEntity
  8
VISIBLE
100
AcDbLine
 10
95.71597100766039
 20
69.89706436933056
 30
0.0
 11
96.65588952572679
 21
71.40857426465527
 31
0.0
  0
LINE
  5
729
330
17
100
AcDbEntity
  8
VISIBLE
100
AcDbLine
 10
93.01057244809007
 20
75.18976609052197
 30
0.0
 11
93.61012460263109
 21
76.51300255597607
 31
0.0
  0
LINE
  5
72A
330
17
100
AcDbEntity
  8
VISIBLE
100
AcDbLine
 10
93.61012460263109
 20
76.51300255597607
 30
0.0
 11
94.12184716732835
 21
77.87261835874097
 31
0.0
  0
LINE
  5
72B
330
17
100
AcDbEntity
  8
VISIBLE
100
AcDbLine
 10
96.65588952572679
 20
71.40857426465527
 30
0.0
 11
97.49493791134691
 21
72.97832218945996
 31
0.0
  0
LINE
  5
72C
330
17
100
AcDbEntity
  8
VISIBLE
100
AcDbLine
 10
97.49493791134691
 20
72.97832218945996
 30
0.0
 11
98.22952271969652
 21
74.59958569348828
 31
0.0
  0
LINE
  5
72D
330
17
100
AcDbEntity
  8
VISIBLE
100
AcDbLine
 10
98.22952271969652
 20
74.59958569348828
 30
0.0
 11
98.85649873288011
 21
76.26542107404248
 31
0.0
  0
LINE
  5
72E
330
17
100
AcDbEntity
  8
VISIBLE
100
AcDbLine
 10
98.85649873288011
 20
76.26542107404248
 30
0.0
 11
99.37318040402269
 21
77.96869675458447
 31
0.0
  0
LINE
  5
72F
330
17
100
AcDbEntity
  8
VISIBLE
100
AcDbLine
 10
94.12184716732835
 20
77.87261835874097
 30
0.0
 11
94.54355241330003
 21
79.26279179395215
 31
0.0
  0
LINE
  5
730
330
17
100
AcDbEntity
  8
VISIBLE
100
AcDbLine
 10
94.54355241330003
 20
79.26279179395215
 30
0.0
 11
94.87343217404222
 21
80.67756954968945
 31
0.0
  0
LINE
  5
731
330
17
100
AcDbEntity
  8
VISIBLE
100
AcDbLine
 10
94.87343217404222
 20
80.67756954968945
 30
0.0
 11
95.11007501156664
 21
82.11089317143933
 31
0.0
  0
LINE
  5
732
330
17
100
AcDbEntity
  8
VISIBLE
100
AcDbLine
 10
95.11007501156664
 20
82.11089317143933
 30
0.0
 11
95.25246621640062
 21
83.55662516892926
 31
0.0
  0
LINE
  5
733
330
17
100
AcDbEntity
  8
VISIBLE
100
AcDbLine
 10
99.37318040402269
 20
77.96869675458447
 30
0.0
 11
99.77735902340746
 21
79.70211808026806
 31
0.0
  0
LINE
  5
734
330
17
100
AcDbEntity
  8
VISIBLE
100
AcDbLine
 10
99.77735902340746
 20
79.70211808026806
 30
0.0
 11
100.06729890377855
 21
81.45826212705151
 31
0.0
  0
LINE
  5
735
330
17
100
AcDbEntity
  8
VISIBLE
100
AcDbLine
 10
100.06729890377855
 20
81.45826212705151
 30
0.0
 11
100.24176026852464
 21
83.22960953057782
 31
0.0
  0
LINE
  5
736
330
17
100
AcDbEntity
  8
VISIBLE
100
AcDbLine
 10
87.4503173974309
 20
77.508574646125
 30
0.0
 11
87.62933732540941
 21
77.8434979134895
 31
0.0
  0
LINE
  5
737
330
17
100
AcDbEntity
  8
VISIBLE
100
AcDbLine
 10
87.62933732540941
 20
77.8434979134895
 30
0.0
 11
88.06684686215257
 21
78.80910317243115
 31
0.0
  0
LINE
  5
738
330
17
100
AcDbEntity
  8
VISIBLE
100
AcDbLine
 10
88.06684686215257
 20
78.80910317243115
 30
0.0
 11
88.44026662381029
 21
79.80125538648144
 31
0.0
  0
LINE
  5
739
330
17
100
AcDbEntity
  8
VISIBLE
100
AcDbLine
 10
88.44026662381029
 20
79.80125538648144
 30
0.0
 11
88.74799729855394
 21
80.81570593656079
 31
0.0
  0
LINE
  5
73A
330
17
100
AcDbEntity
  8
VISIBLE
100
AcDbLine
 10
88.74799729855394
 20
80.81570593656079
 30
0.0
 11
88.98871995480394
 21
81.84811131299512
 31
0.0
  0
LINE
  5
73B
330
17
100
AcDbEntity
  8
VISIBLE
100
AcDbLine
 10
88.98871995480394
 20
81.84811131299512
 30
0.0
 11
89.16140557797289
 21
82.89405028165356
 31
0.0
  0
LINE
  5
73C
330
17
100
AcDbEntity
  8
VISIBLE
100
AcDbLine
 10
89.16140557797289
 20
82.89405028165356
 30
0.0
 11
89.26531220944261
 21
83.94904391110913
 31
0.0
  0
LINE
  5
73D
330
17
100
AcDbEntity
  8
VISIBLE
100
AcDbLine
 10
87.4503173974309
 20
77.508574646125
 30
0.0
 11
93.98483087094164
 21
77.508574646125
 31
0.0
  0
LINE
  5
73E
330
17
100
AcDbEntity
  8
VISIBLE
100
AcDbLine
 10
93.98483087094164
 20
77.508574646125
 30
0.0
 11
94.12184716732835
 21
77.87261835874097
 31
0.0
  0
LINE
  5
73F
330
17
100
AcDbEntity
  8
VISIBLE
100
AcDbLine
 10
94.12184716732835
 20
77.87261835874097
 30
0.0
 11
94.54355241330003
 21
79.26279179395215
 31
0.0
  0
LINE
  5
740
330
17
100
AcDbEntity
  8
VISIBLE
100
AcDbLine
 10
94.54355241330003
 20
79.26279179395215
 30
0.0
 11
94.87343217404222
 21
80.67756954968945
 31
0.0
  0
LINE
  5
741
330
17
100
AcDbEntity
  8
VISIBLE
100
AcDbLine
 10
94.87343217404222
 20
80.67756954968945
 30
0.0
 11
95.11007501156664
 21
82.11089317143933
 31
0.0
  0
LINE
  5
742
330
17
100
AcDbEntity
  8
VISIBLE
100
AcDbLine
 10
95.11007501156664
 20
82.11089317143933
 30
0.0
 11
95.25246621640062
 21
83.55662516892926
 31
0.0
  0
LINE
  5
743
330
17
100
AcDbEntity
  8
VISIBLE
100
AcDbLine
 10
80.59999848873949
 20
67.33917347730176
 30
0.0
 11
81.59194089444017
 21
67.78861729444043
 31
0.0
  0
LINE
  5
744
330
17
100
AcDbEntity
  8
VISIBLE
100
AcDbLine
 10
80.59999848873949
 20
67.33917347730176
 30
0.0
 11
80.59999848873949
 21
70.65825573743359
 31
0.0
  0
LINE
  5
745
330
17
100
AcDbEntity
  8
VISIBLE
100
AcDbLine
 10
80.59999848873949
 20
70.65825573743359
 30
0.0
 11
81.19999887020921
 21
70.97896305860058
 31
0.0
  0
LINE
  5
746
330
17
100
AcDbEntity
  8
VISIBLE
100
AcDbLine
 10
81.59194089444017
 20
67.78861729444043
 30
0.0
 11
82.69999887020921
 21
68.38088719190137
 31
0.0
  0
LINE
  5
747
330
17
100
AcDbEntity
  8
VISIBLE
100
AcDbLine
 10
82.69999887020921
 20
68.38088719190137
 30
0.0
 11
83.76694680722093
 21
69.0443584138252
 31
0.0
  0
LINE
  5
748
330
17
100
AcDbEntity
  8
VISIBLE
100
AcDbLine
 10
83.76694680722093
 20
69.0443584138252
 30
0.0
 11
84.78821755917406
 21
69.77619091809765
 31
0.0
  0
LINE
  5
749
330
17
100
AcDbEntity
  8
VISIBLE
100
AcDbLine
 10
84.78821755917406
 20
69.77619091809765
 30
0.0
 11
85.75943852932787
 21
70.57324997724072
 31
0.0
  0
LINE
  5
74A
330
17
100
AcDbEntity
  8
VISIBLE
100
AcDbLine
 10
73.09999848873949
 20
62.808573883185545
 30
0.0
 11
74.55194796593523
 21
62.856106918463865
 31
0.0
  0
LINE
  5
74B
330
17
100
AcDbEntity
  8
VISIBLE
100
AcDbLine
 10
74.55194796593523
 20
62.856106918463865
 30
0.0
 11
75.99767996342516
 21
62.99849812329785
 31
0.0
  0
LINE
  5
74C
330
17
100
AcDbEntity
  8
VISIBLE
100
AcDbLine
 10
75.99767996342516
 20
62.99849812329785
 30
0.0
 11
77.43100358517503
 21
63.235140960822264
 31
0.0
  0
LINE
  5
74D
330
17
100
AcDbEntity
  8
VISIBLE
100
AcDbLine
 10
77.43100358517503
 20
63.235140960822264
 30
0.0
 11
78.84578134091234
 21
63.56502072156445
 31
0.0
  0
LINE
  5
74E
330
17
100
AcDbEntity
  8
VISIBLE
100
AcDbLine
 10
73.09999848873949
 20
65.80857388318555
 30
0.0
 11
74.35573853524065
 21
65.84968296826855
 31
0.0
  0
LINE
  5
74F
330
17
100
AcDbEntity
  8
VISIBLE
100
AcDbLine
 10
74.35573853524065
 20
65.84968296826855
 30
0.0
 11
75.60610128910875
 21
65.97283284009472
 31
0.0
  0
LINE
  5
750
330
17
100
AcDbEntity
  8
VISIBLE
100
AcDbLine
 10
75.60610128910875
 20
65.97283284009472
 30
0.0
 11
76.8457327035222
 21
66.1774970704414
 31
0.0
  0
LINE
  5
751
330
17
100
AcDbEntity
  8
VISIBLE
100
AcDbLine
 10
76.8457327035222
 20
66.1774970704414
 30
0.0
 11
78.06932403118944
 21
66.4627982789375
 31
0.0
  0
LINE
  5
752
330
17
100
AcDbEntity
  8
VISIBLE
100
AcDbLine
 10
78.06932403118944
 20
66.4627982789375
 30
0.0
 11
79.2716360238347
 21
66.827515762458
 31
0.0
  0
LINE
  5
753
330
17
100
AcDbEntity
  8
VISIBLE
100
AcDbLine
 10
78.84578134091234
 20
63.56502072156445
 30
0.0
 11
80.23595477612352
 21
63.98672596753613
 31
0.0
  0
LINE
  5
754
330
17
100
AcDbEntity
  8
VISIBLE
100
AcDbLine
 10
80.23595477612352
 20
63.98672596753613
 30
0.0
 11
81.59557057888841
 21
64.4984485322334
 31
0.0
  0
LINE
  5
755
330
17
100
AcDbEntity
  8
VISIBLE
100
AcDbLine
 10
79.2716360238347
 20
66.827515762458
 30
0.0
 11
80.44752027066087
 21
67.27008740247265
 31
0.0
  0
LINE
  5
756
330
17
100
AcDbEntity
  8
VISIBLE
100
AcDbLine
 10
80.44752027066087
 20
67.27008740247265
 30
0.0
 11
81.59194089444017
 21
67.78861729444043
 31
0.0
  0
LINE
  5
757
330
17
100
AcDbEntity
  8
VISIBLE
100
AcDbLine
 10
81.59557057888841
 20
64.4984485322334
 30
0.0
 11
82.91880704434251
 21
65.09800068677441
 31
0.0
  0
LINE
  5
758
330
17
100
AcDbEntity
  8
VISIBLE
100
AcDbLine
 10
81.59194089444017
 20
67.78861729444043
 30
0.0
 11
82.69999887020921
 21
68.38088719190137
 31
0.0
  0
LINE
  5
759
330
17
100
AcDbEntity
  8
VISIBLE
100
AcDbLine
 10
82.91880704434251
 20
65.09800068677441
 30
0.0
 11
84.19999887020921
 21
65.78281132520215
 31
0.0
  0
LINE
  5
75A
330
17
100
AcDbEntity
  8
VISIBLE
100
AcDbLine
 10
84.19999887020921
 20
65.78281132520215
 30
0.0
 11
85.43365766079759
 21
66.54994885266797
 31
0.0
  0
LINE
  5
75B
330
17
100
AcDbEntity
  8
VISIBLE
100
AcDbLine
 10
85.43365766079759
 20
66.54994885266797
 30
0.0
 11
86.6145019677434
 21
67.3961307221748
 31
0.0
  0
LINE
  5
75C
330
17
100
AcDbEntity
  8
VISIBLE
100
AcDbLine
 10
82.69999887020921
 20
68.38088719190137
 30
0.0
 11
83.76694680722093
 21
69.0443584138252
 31
0.0
  0
LINE
  5
75D
330
17
100
AcDbEntity
  8
VISIBLE
100
AcDbLine
 10
83.76694680722093
 20
69.0443584138252
 30
0.0
 11
84.78821755917406
 21
69.77619091809765
 31
0.0
  0
LINE
  5
75E
330
17
100
AcDbEntity
  8
VISIBLE
100
AcDbLine
 10
84.78821755917406
 20
69.77619091809765
 30
0.0
 11
85.75943852932787
 21
70.57324997724072
 31
0.0
  0
LINE
  5
75F
330
17
100
AcDbEntity
  8
VISIBLE
100
AcDbLine
 10
81.19999887020921
 20
70.97896305860058
 30
0.0
 11
82.10023595364427
 21
71.5387670213081
 31
0.0
  0
LINE
  5
760
330
17
100
AcDbEntity
  8
VISIBLE
100
AcDbLine
 10
82.10023595364427
 20
71.5387670213081
 30
0.0
 11
82.96193410427904
 21
72.15625016034619
 31
0.0
  0
LINE
  5
761
330
17
100
AcDbEntity
  8
VISIBLE
100
AcDbLine
 10
82.96193410427904
 20
72.15625016034619
 30
0.0
 11
83.78140069516039
 21
72.82876984418408
 31
0.0
  0
LINE
  5
762
330
17
100
AcDbEntity
  8
VISIBLE
100
AcDbLine
 10
83.78140069516039
 20
72.82876984418408
 30
0.0
 11
84.55512811215257
 21
73.55344502271191
 31
0.0
  0
LINE
  5
763
330
17
100
AcDbEntity
  8
VISIBLE
100
AcDbLine
 10
85.75943852932787
 20
70.57324997724072
 30
0.0
 11
86.67644883663988
 21
71.43212429822461
 31
0.0
  0
LINE
  5
764
330
17
100
AcDbEntity
  8
VISIBLE
100
AcDbLine
 10
84.55512811215257
 20
73.55344502271191
 30
0.0
 11
85.2798032906804
 21
74.3271724397041
 31
0.0
  0
LINE
  5
765
330
17
100
AcDbEntity
  8
VISIBLE
100
AcDbLine
 10
85.2798032906804
 20
74.3271724397041
 30
0.0
 11
85.9523229745183
 21
75.14663903058545
 31
0.0
  0
LINE
  5
766
330
17
100
AcDbEntity
  8
VISIBLE
100
AcDbLine
 10
85.9523229745183
 20
75.14663903058545
 30
0.0
 11
86.56980611355638
 21
76.00833718122021
 31
0.0
  0
LINE
  5
767
330
17
100
AcDbEntity
  8
VISIBLE
100
AcDbLine
 10
85.75943852932787
 20
70.57324997724072
 30
0.0
 11
86.67644883663988
 21
71.43212429822461
 31
0.0
  0
LINE
  5
768
330
17
100
AcDbEntity
  8
VISIBLE
100
AcDbLine
 10
86.6145019677434
 20
67.3961307221748
 30
0.0
 11
87.73747540982103
 21
68.31773106397168
 31
0.0
  0
LINE
  5
769
330
17
100
AcDbEntity
  8
VISIBLE
100
AcDbLine
 10
87.73747540982103
 20
68.31773106397168
 30
0.0
 11
88.79776860745287
 21
69.31080452741162
 31
0.0
  0
LINE
  5
76A
330
17
100
AcDbEntity
  8
VISIBLE
100
AcDbLine
 10
88.79776860745287
 20
69.31080452741162
 30
0.0
 11
89.79084207089281
 21
70.37109772504346
 31
0.0
  0
LINE
  5
76B
330
17
100
AcDbEntity
  8
VISIBLE
100
AcDbLine
 10
86.67644883663988
 20
71.43212429822461
 30
0.0
 11
87.53532315762376
 21
72.34913460553662
 31
0.0
  0
LINE
  5
76C
330
17
100
AcDbEntity
  8
VISIBLE
100
AcDbLine
 10
87.53532315762376
 20
72.34913460553662
 30
0.0
 11
88.33238221676683
 21
73.32035557569043
 31
0.0
  0
LINE
  5
76D
330
17
100
AcDbEntity
  8
VISIBLE
100
AcDbLine
 10
88.33238221676683
 20
73.32035557569043
 30
0.0
 11
89.06421472103929
 21
74.34162632764355
 31
0.0
  0
LINE
  5
76E
330
17
100
AcDbEntity
  8
VISIBLE
100
AcDbLine
 10
86.56980611355638
 20
76.00833718122021
 30
0.0
 11
87.1296100762639
 21
76.90857426465527
 31
0.0
  0
LINE
  5
76F
330
17
100
AcDbEntity
  8
VISIBLE
100
AcDbLine
 10
87.1296100762639
 20
76.90857426465527
 30
0.0
 11
87.4503173974309
 21
77.508574646125
 31
0.0
  0
LINE
  5
770
330
17
100
AcDbEntity
  8
VISIBLE
100
AcDbLine
 10
89.06421472103929
 20
74.34162632764355
 30
0.0
 11
89.72768594296312
 21
75.40857426465527
 31
0.0
  0
LINE
  5
771
330
17
100
AcDbEntity
  8
VISIBLE
100
AcDbLine
 10
89.72768594296312
 20
75.40857426465527
 30
0.0
 11
90.31995584042406
 21
76.51663224042431
 31
0.0
  0
LINE
  5
772
330
17
100
AcDbEntity
  8
VISIBLE
100
AcDbLine
 10
87.4503173974309
 20
77.508574646125
 30
0.0
 11
90.76939965756273
 21
77.508574646125
 31
0.0
  0
LINE
  5
773
330
17
100
AcDbEntity
  8
VISIBLE
100
AcDbLine
 10
90.31995584042406
 20
76.51663224042431
 30
0.0
 11
90.76939965756273
 21
77.508574646125
 31
0.0
  0
LINE
  5
774
330
17
100
AcDbEntity
  8
VISIBLE
100
AcDbLine
 10
86.67644883663988
 20
71.43212429822461
 30
0.0
 11
87.53532315762376
 21
72.34913460553662
 31
0.0
  0
LINE
  5
775
330
17
100
AcDbEntity
  8
VISIBLE
100
AcDbLine
 10
87.53532315762376
 20
72.34913460553662
 30
0.0
 11
88.33238221676683
 21
73.32035557569043
 31
0.0
  0
LINE
  5
776
330
17
100
AcDbEntity
  8
VISIBLE
100
AcDbLine
 10
88.33238221676683
 20
73.32035557569043
 30
0.0
 11
89.06421472103929
 21
74.34162632764355
 31
0.0
  0
LINE
  5
777
330
17
100
AcDbEntity
  8
VISIBLE
100
AcDbLine
 10
89.06421472103929
 20
74.34162632764355
 30
0.0
 11
89.72768594296312
 21
75.40857426465527
 31
0.0
  0
LINE
  5
778
330
17
100
AcDbEntity
  8
VISIBLE
100
AcDbLine
 10
89.79084207089281
 20
70.37109772504346
 30
0.0
 11
90.71244241268968
 21
71.49407116712109
 31
0.0
  0
LINE
  5
779
330
17
100
AcDbEntity
  8
VISIBLE
100
AcDbLine
 10
90.71244241268968
 20
71.49407116712109
 30
0.0
 11
91.55862428219652
 21
72.67491547406689
 31
0.0
  0
LINE
  5
77A
330
17
100
AcDbEntity
  8
VISIBLE
100
AcDbLine
 10
91.55862428219652
 20
72.67491547406689
 30
0.0
 11
92.32576180966234
 21
73.90857426465527
 31
0.0
  0
LINE
  5
77B
330
17
100
AcDbEntity
  8
VISIBLE
100
AcDbLine
 10
89.72768594296312
 20
75.40857426465527
 30
0.0
 11
90.31995584042406
 21
76.51663224042431
 31
0.0
  0
LINE
  5
77C
330
17
100
AcDbEntity
  8
VISIBLE
100
AcDbLine
 10
90.31995584042406
 20
76.51663224042431
 30
0.0
 11
90.83848573239183
 21
77.66105286420361
 31
0.0
  0
LINE
  5
77D
330
17
100
AcDbEntity
  8
VISIBLE
100
AcDbLine
 10
92.32576180966234
 20
73.90857426465527
 30
0.0
 11
93.01057244809007
 21
75.18976609052197
 31
0.0
  0
LINE
  5
77E
330
17
100
AcDbEntity
  8
VISIBLE
100
AcDbLine
 10
90.83848573239183
 20
77.66105286420361
 30
0.0
 11
91.28105737240648
 21
78.83693711102978
 31
0.0
  0
LINE
  5
77F
330
17
100
AcDbEntity
  8
VISIBLE
100
AcDbLine
 10
91.28105737240648
 20
78.83693711102978
 30
0.0
 11
91.64577485592699
 21
80.03924910367505
 31
0.0
  0
LINE
  5
780
330
17
100
AcDbEntity
  8
VISIBLE
100
AcDbLine
 10
91.64577485592699
 20
80.03924910367505
 30
0.0
 11
91.93107606442308
 21
81.26284043134228
 31
0.0
  0
LINE
  5
781
330
17
100
AcDbEntity
  8
VISIBLE
100
AcDbLine
 10
91.93107606442308
 20
81.26284043134228
 30
0.0
 11
92.13574029476976
 21
82.50247184575574
 31
0.0
  0
LINE
  5
782
330
17
100
AcDbEntity
  8
VISIBLE
100
AcDbLine
 10
92.13574029476976
 20
82.50247184575574
 30
0.0
 11
92.25889016659593
 21
83.75283459962384
 31
0.0
  0
LINE
  5
783
330
17
100
AcDbEntity
  8
VISIBLE
100
AcDbLine
 10
93.01057244809007
 20
75.18976609052197
 30
0.0
 11
93.61012460263109
 21
76.51300255597607
 31
0.0
  0
LINE
  5
784
330
17
100
AcDbEntity
  8
VISIBLE
100
AcDbLine
 10
93.61012460263109
 20
76.51300255597607
 30
0.0
 11
94.12184716732835
 21
77.87261835874097
 31
0.0
  0
LINE
  5
785
330
17
100
AcDbEntity
  8
VISIBLE
100
AcDbLine
 10
94.12184716732835
 20
77.87261835874097
 30
0.0
 11
94.54355241330003
 21
79.26279179395215
 31
0.0
  0
LINE
  5
786
330
17
100
AcDbEntity
  8
VISIBLE
100
AcDbLine
 10
94.54355241330003
 20
79.26279179395215
 30
0.0
 11
94.87343217404222
 21
80.67756954968945
 31
0.0
  0
LINE
  5
787
330
17
100
AcDbEntity
  8
VISIBLE
100
AcDbLine
 10
94.87343217404222
 20
80.67756954968945
 30
0.0
 11
95.11007501156664
 21
82.11089317143933
 31
0.0
  0
LINE
  5
788
330
17
100
AcDbEntity
  8
VISIBLE
100
AcDbLine
 10
95.11007501156664
 20
82.11089317143933
 30
0.0
 11
95.25246621640062
 21
83.55662516892926
 31
0.0
  0
LINE
  5
789
330
17
100
AcDbEntity
  8
VISIBLE
100
AcDbLine
 10
82.10023595364427
 20
98.47838227094189
 30
0.0
 11
82.96193410427904
 21
97.8608991319038
 31
0.0
  0
LINE
  5
78A
330
17
100
AcDbEntity
  8
VISIBLE
100
AcDbLine
 10
86.56980611355638
 20
94.00881211102978
 30
0.0
 11
85.9523229745183
 21
94.87051026166455
 31
0.0
  0
LINE
  5
78B
330
17
100
AcDbEntity
  8
VISIBLE
100
AcDbLine
 10
82.96193410427904
 20
97.8608991319038
 30
0.0
 11
83.78140069516039
 21
97.18837944806592
 31
0.0
  0
LINE
  5
78C
330
17
100
AcDbEntity
  8
VISIBLE
100
AcDbLine
 10
84.55512811215257
 20
96.46370426953808
 30
0.0
 11
83.78140069516039
 21
97.18837944806592
 31
0.0
  0
LINE
  5
78D
330
17
100
AcDbEntity
  8
VISIBLE
100
AcDbLine
 10
85.9523229745183
 20
94.87051026166455
 30
0.0
 11
85.2798032906804
 21
95.6899768525459
 31
0.0
  0
LINE
  5
78E
330
17
100
AcDbEntity
  8
VISIBLE
100
AcDbLine
 10
84.55512811215257
 20
96.46370426953808
 30
0.0
 11
85.2798032906804
 21
95.6899768525459
 31
0.0
  0
LINE
  5
78F
330
17
100
AcDbEntity
  8
VISIBLE
100
AcDbLine
 10
72.04046775372362
 20
101.17388836682812
 30
0.0
 11
73.09999848873949
 21
101.20857540906445
 31
0.0
  0
LINE
  5
790
330
17
100
AcDbEntity
  8
VISIBLE
100
AcDbLine
 10
73.09999848873949
 20
101.20857540906445
 30
0.0
 11
74.15952922375536
 21
101.17388836682812
 31
0.0
  0
LINE
  5
791
330
17
100
AcDbEntity
  8
VISIBLE
100
AcDbLine
 10
74.15952922375536
 20
101.17388836682812
 30
0.0
 11
75.21452285321092
 21
101.0699817353584
 31
0.0
  0
LINE
  5
792
330
17
100
AcDbEntity
  8
VISIBLE
100
AcDbLine
 10
75.21452285321092
 20
101.0699817353584
 30
0.0
 11
76.26046182186937
 21
100.89729611218945
 31
0.0
  0
LINE
  5
793
330
17
100
AcDbEntity
  8
VISIBLE
100
AcDbLine
 10
76.26046182186937
 20
100.89729611218945
 30
0.0
 11
77.2928671983037
 21
100.65657345593945
 31
0.0
  0
LINE
  5
794
330
17
100
AcDbEntity
  8
VISIBLE
100
AcDbLine
 10
77.2928671983037
 20
100.65657345593945
 30
0.0
 11
78.30731774838304
 21
100.3488427811958
 31
0.0
  0
LINE
  5
795
330
17
100
AcDbEntity
  8
VISIBLE
100
AcDbLine
 10
79.29946996243334
 20
99.97542301953808
 30
0.0
 11
78.30731774838304
 21
100.3488427811958
 31
0.0
  0
LINE
  5
796
330
17
100
AcDbEntity
  8
VISIBLE
100
AcDbLine
 10
71.64804901154375
 20
107.16104237378613
 30
0.0
 11
73.09999848873949
 21
107.20857540906445
 31
0.0
  0
LINE
  5
797
330
17
100
AcDbEntity
  8
VISIBLE
100
AcDbLine
 10
73.09999848873949
 20
107.20857540906445
 30
0.0
 11
74.55194796593523
 21
107.16104237378613
 31
0.0
  0
LINE
  5
798
330
17
100
AcDbEntity
  8
VISIBLE
100
AcDbLine
 10
74.55194796593523
 20
107.16104237378613
 30
0.0
 11
75.99767996342516
 21
107.01865116895215
 31
0.0
  0
LINE
  5
799
330
17
100
AcDbEntity
  8
VISIBLE
100
AcDbLine
 10
71.32103337319231
 20
112.15033642591015
 30
0.0
 11
73.09999848873949
 21
112.20857540906445
 31
0.0
  0
LINE
  5
79A
330
17
100
AcDbEntity
  8
VISIBLE
100
AcDbLine
 10
73.09999848873949
 20
112.20857540906445
 30
0.0
 11
74.87896360428667
 21
112.15033642591015
 31
0.0
  0
LINE
  5
79B
330
17
100
AcDbEntity
  8
VISIBLE
100
AcDbLine
 10
75.99767996342516
 20
107.01865116895215
 30
0.0
 11
77.43100358517503
 21
106.78200833142773
 31
0.0
  0
LINE
  5
79C
330
17
100
AcDbEntity
  8
VISIBLE
100
AcDbLine
 10
77.43100358517503
 20
106.78200833142773
 30
0.0
 11
78.84578134091234
 21
106.45212857068555
 31
0.0
  0
LINE
  5
79D
330
17
100
AcDbEntity
  8
VISIBLE
100
AcDbLine
 10
74.87896360428667
 20
112.15033642591015
 30
0.0
 11
76.65031100781297
 21
111.97587506116406
 31
0.0
  0
LINE
  5
79E
330
17
100
AcDbEntity
  8
VISIBLE
100
AcDbLine
 10
76.65031100781297
 20
111.97587506116406
 30
0.0
 11
78.40645505459642
 21
111.68593518079297
 31
0.0
  0
LINE
  5
79F
330
17
100
AcDbEntity
  8
VISIBLE
100
AcDbLine
 10
79.29946996243334
 20
99.97542301953808
 30
0.0
 11
80.26507522137499
 21
99.53791348279492
 31
0.0
  0
LINE
  5
7A0
330
17
100
AcDbEntity
  8
VISIBLE
100
AcDbLine
 10
82.10023595364427
 20
98.47838227094189
 30
0.0
 11
81.19999887020921
 21
99.03818623364941
 31
0.0
  0
LINE
  5
7A1
330
17
100
AcDbEntity
  8
VISIBLE
100
AcDbLine
 10
80.26507522137499
 20
99.53791348279492
 30
0.0
 11
81.19999887020921
 21
99.03818623364941
 31
0.0
  0
LINE
  5
7A2
330
17
100
AcDbEntity
  8
VISIBLE
100
AcDbLine
 10
82.91880704434251
 20
104.91914860547558
 30
0.0
 11
84.19999887020921
 21
104.23433796704785
 31
0.0
  0
LINE
  5
7A3
330
17
100
AcDbEntity
  8
VISIBLE
100
AcDbLine
 10
84.19999887020921
 20
104.23433796704785
 30
0.0
 11
85.43365766079759
 21
103.46720043958203
 31
0.0
  0
LINE
  5
7A4
330
17
100
AcDbEntity
  8
VISIBLE
100
AcDbLine
 10
85.43365766079759
 20
103.46720043958203
 30
0.0
 11
86.6145019677434
 21
102.6210185700752
 31
0.0
  0
LINE
  5
7A5
330
17
100
AcDbEntity
  8
VISIBLE
100
AcDbLine
 10
78.84578134091234
 20
106.45212857068555
 30
0.0
 11
80.23595477612352
 21
106.03042332471387
 31
0.0
  0
LINE
  5
7A6
330
17
100
AcDbEntity
  8
VISIBLE
100
AcDbLine
 10
82.91880704434251
 20
104.91914860547558
 30
0.0
 11
81.59557057888841
 21
105.5187007600166
 31
0.0
  0
LINE
  5
7A7
330
17
100
AcDbEntity
  8
VISIBLE
100
AcDbLine
 10
80.23595477612352
 20
106.03042332471387
 30
0.0
 11
81.59557057888841
 21
105.5187007600166
 31
0.0
  0
LINE
  5
7A8
330
17
100
AcDbEntity
  8
VISIBLE
100
AcDbLine
 10
78.40645505459642
 20
111.68593518079297
 30
0.0
 11
80.13987638028001
 21
111.2817565614082
 31
0.0
  0
LINE
  5
7A9
330
17
100
AcDbEntity
  8
VISIBLE
100
AcDbLine
 10
80.13987638028001
 20
111.2817565614082
 30
0.0
 11
81.843152060822
 21
110.76507489026562
 31
0.0
  0
LINE
  5
7AA
330
17
100
AcDbEntity
  8
VISIBLE
100
AcDbLine
 10
81.843152060822
 20
110.76507489026562
 30
0.0
 11
83.5089874413762
 21
110.13809887708203
 31
0.0
  0
LINE
  5
7AB
330
17
100
AcDbEntity
  8
VISIBLE
100
AcDbLine
 10
83.5089874413762
 20
110.13809887708203
 30
0.0
 11
85.13025094540453
 21
109.40351406873242
 31
0.0
  0
LINE
  5
7AC
330
17
100
AcDbEntity
  8
VISIBLE
100
AcDbLine
 10
72.04046775372362
 20
101.17388836682812
 30
0.0
 11
73.09999848873949
 21
101.20857540906445
 31
0.0
  0
LINE
  5
7AD
330
17
100
AcDbEntity
  8
VISIBLE
100
AcDbLine
 10
73.09999848873949
 20
101.20857540906445
 30
0.0
 11
74.15952922375536
 21
101.17388836682812
 31
0.0
  0
LINE
  5
7AE
330
17
100
AcDbEntity
  8
VISIBLE
100
AcDbLine
 10
74.15952922375536
 20
101.17388836682812
 30
0.0
 11
75.21452285321092
 21
101.0699817353584
 31
0.0
  0
LINE
  5
7AF
330
17
100
AcDbEntity
  8
VISIBLE
100
AcDbLine
 10
75.21452285321092
 20
101.0699817353584
 30
0.0
 11
76.26046182186937
 21
100.89729611218945
 31
0.0
  0
LINE
  5
7B0
330
17
100
AcDbEntity
  8
VISIBLE
100
AcDbLine
 10
76.26046182186937
 20
100.89729611218945
 30
0.0
 11
77.2928671983037
 21
100.65657345593945
 31
0.0
  0
LINE
  5
7B1
330
17
100
AcDbEntity
  8
VISIBLE
100
AcDbLine
 10
77.2928671983037
 20
100.65657345593945
 30
0.0
 11
78.30731774838304
 21
100.3488427811958
 31
0.0
  0
LINE
  5
7B2
330
17
100
AcDbEntity
  8
VISIBLE
100
AcDbLine
 10
79.29946996243334
 20
99.97542301953808
 30
0.0
 11
78.30731774838304
 21
100.3488427811958
 31
0.0
  0
LINE
  5
7B3
330
17
100
AcDbEntity
  8
VISIBLE
100
AcDbLine
 10
71.64804901154375
 20
107.16104237378613
 30
0.0
 11
73.09999848873949
 21
107.20857540906445
 31
0.0
  0
LINE
  5
7B4
330
17
100
AcDbEntity
  8
VISIBLE
100
AcDbLine
 10
73.09999848873949
 20
107.20857540906445
 30
0.0
 11
74.55194796593523
 21
107.16104237378613
 31
0.0
  0
LINE
  5
7B5
330
17
100
AcDbEntity
  8
VISIBLE
100
AcDbLine
 10
74.55194796593523
 20
107.16104237378613
 30
0.0
 11
75.99767996342516
 21
107.01865116895215
 31
0.0
  0
LINE
  5
7B6
330
17
100
AcDbEntity
  8
VISIBLE
100
AcDbLine
 10
75.99767996342516
 20
107.01865116895215
 30
0.0
 11
77.43100358517503
 21
106.78200833142773
 31
0.0
  0
LINE
  5
7B7
330
17
100
AcDbEntity
  8
VISIBLE
100
AcDbLine
 10
77.43100358517503
 20
106.78200833142773
 30
0.0
 11
78.84578134091234
 21
106.45212857068555
 31
0.0
  0
LINE
  5
7B8
330
17
100
AcDbEntity
  8
VISIBLE
100
AcDbLine
 10
79.29946996243334
 20
99.97542301953808
 30
0.0
 11
80.26507522137499
 21
99.53791348279492
 31
0.0
  0
LINE
  5
7B9
330
17
100
AcDbEntity
  8
VISIBLE
100
AcDbLine
 10
80.59999848873949
 20
99.3588935548164
 30
0.0
 11
80.26507522137499
 21
99.53791348279492
 31
0.0
  0
LINE
  5
7BA
330
17
100
AcDbEntity
  8
VISIBLE
100
AcDbLine
 10
78.84578134091234
 20
106.45212857068555
 30
0.0
 11
80.23595477612352
 21
106.03042332471387
 31
0.0
  0
LINE
  5
7BB
330
17
100
AcDbEntity
  8
VISIBLE
100
AcDbLine
 10
80.59999848873949
 20
99.3588935548164
 30
0.0
 11
80.59999848873949
 21
105.89340702832715
 31
0.0
  0
LINE
  5
7BC
330
17
100
AcDbEntity
  8
VISIBLE
100
AcDbLine
 10
80.23595477612352
 20
106.03042332471387
 30
0.0
 11
80.59999848873949
 21
105.89340702832715
 31
0.0
  0
LINE
  5
7BD
330
17
100
AcDbEntity
  8
VISIBLE
100
AcDbLine
 10
89.26531220944261
 20
83.94904391110913
 30
0.0
 11
89.29999925167894
 21
85.008574646125
 31
0.0
  0
LINE
  5
7BE
330
17
100
AcDbEntity
  8
VISIBLE
100
AcDbLine
 10
89.29999925167894
 20
85.008574646125
 30
0.0
 11
89.26531220944261
 21
86.06810538114087
 31
0.0
  0
LINE
  5
7BF
330
17
100
AcDbEntity
  8
VISIBLE
100
AcDbLine
 10
89.26531220944261
 20
86.06810538114087
 30
0.0
 11
89.16140557797289
 21
87.12309901059643
 31
0.0
  0
LINE
  5
7C0
330
17
100
AcDbEntity
  8
VISIBLE
100
AcDbLine
 10
89.16140557797289
 20
87.12309901059643
 30
0.0
 11
88.98871995480394
 21
88.16903797925488
 31
0.0
  0
LINE
  5
7C1
330
17
100
AcDbEntity
  8
VISIBLE
100
AcDbLine
 10
88.98871995480394
 20
88.16903797925488
 30
0.0
 11
88.74799729855394
 21
89.20144335568921
 31
0.0
  0
LINE
  5
7C2
330
17
100
AcDbEntity
  8
VISIBLE
100
AcDbLine
 10
88.06684686215257
 20
91.20804611981885
 30
0.0
 11
88.44026662381029
 21
90.21589390576855
 31
0.0
  0
LINE
  5
7C3
330
17
100
AcDbEntity
  8
VISIBLE
100
AcDbLine
 10
88.74799729855394
 20
89.20144335568921
 30
0.0
 11
88.44026662381029
 21
90.21589390576855
 31
0.0
  0
LINE
  5
7C4
330
17
100
AcDbEntity
  8
VISIBLE
100
AcDbLine
 10
86.56980611355638
 20
94.00881211102978
 30
0.0
 11
87.1296100762639
 21
93.10857502759472
 31
0.0
  0
LINE
  5
7C5
330
17
100
AcDbEntity
  8
VISIBLE
100
AcDbLine
 10
88.06684686215257
 20
91.20804611981885
 30
0.0
 11
87.62933732540941
 21
92.1736513787605
 31
0.0
  0
LINE
  5
7C6
330
17
100
AcDbEntity
  8
VISIBLE
100
AcDbLine
 10
87.1296100762639
 20
93.10857502759472
 30
0.0
 11
87.62933732540941
 21
92.1736513787605
 31
0.0
  0
LINE
  5
7C7
330
17
100
AcDbEntity
  8
VISIBLE
100
AcDbLine
 10
90.71244241268968
 20
98.5230781251289
 30
0.0
 11
91.55862428219652
 21
97.3422338181831
 31
0.0
  0
LINE
  5
7C8
330
17
100
AcDbEntity
  8
VISIBLE
100
AcDbLine
 10
93.01057244809007
 20
94.82738320172803
 30
0.0
 11
92.32576180966234
 21
96.10857502759472
 31
0.0
  0
LINE
  5
7C9
330
17
100
AcDbEntity
  8
VISIBLE
100
AcDbLine
 10
91.55862428219652
 20
97.3422338181831
 30
0.0
 11
92.32576180966234
 21
96.10857502759472
 31
0.0
  0
LINE
  5
7CA
330
17
100
AcDbEntity
  8
VISIBLE
100
AcDbLine
 10
95.25246621640062
 20
83.55662516892926
 30
0.0
 11
95.29999925167894
 21
85.008574646125
 31
0.0
  0
LINE
  5
7CB
330
17
100
AcDbEntity
  8
VISIBLE
100
AcDbLine
 10
95.11007501156664
 20
87.90625612081067
 30
0.0
 11
95.25246621640062
 21
86.46052412332074
 31
0.0
  0
LINE
  5
7CC
330
17
100
AcDbEntity
  8
VISIBLE
100
AcDbLine
 10
95.29999925167894
 20
85.008574646125
 30
0.0
 11
95.25246621640062
 21
86.46052412332074
 31
0.0
  0
LINE
  5
7CD
330
17
100
AcDbEntity
  8
VISIBLE
100
AcDbLine
 10
95.11007501156664
 20
87.90625612081067
 30
0.0
 11
94.87343217404222
 21
89.33957974256055
 31
0.0
  0
LINE
  5
7CE
330
17
100
AcDbEntity
  8
VISIBLE
100
AcDbLine
 10
94.87343217404222
 20
89.33957974256055
 30
0.0
 11
94.54355241330003
 21
90.75435749829785
 31
0.0
  0
LINE
  5
7CF
330
17
100
AcDbEntity
  8
VISIBLE
100
AcDbLine
 10
100.24176026852464
 20
83.22960953057782
 30
0.0
 11
100.29999925167894
 21
85.008574646125
 31
0.0
  0
LINE
  5
7D0
330
17
100
AcDbEntity
  8
VISIBLE
100
AcDbLine
 10
100.29999925167894
 20
85.008574646125
 30
0.0
 11
100.24176026852464
 21
86.78753976167218
 31
0.0
  0
LINE
  5
7D1
330
17
100
AcDbEntity
  8
VISIBLE
100
AcDbLine
 10
100.24176026852464
 20
86.78753976167218
 30
0.0
 11
100.06729890377855
 21
88.55888716519848
 31
0.0
  0
LINE
  5
7D2
330
17
100
AcDbEntity
  8
VISIBLE
100
AcDbLine
 10
100.06729890377855
 20
88.55888716519848
 30
0.0
 11
99.77735902340746
 21
90.31503121198193
 31
0.0
  0
LINE
  5
7D3
330
17
100
AcDbEntity
  8
VISIBLE
100
AcDbLine
 10
94.54355241330003
 20
90.75435749829785
 30
0.0
 11
94.12184716732835
 21
92.14453093350903
 31
0.0
  0
LINE
  5
7D4
330
17
100
AcDbEntity
  8
VISIBLE
100
AcDbLine
 10
93.01057244809007
 20
94.82738320172803
 30
0.0
 11
93.61012460263109
 21
93.50414673627392
 31
0.0
  0
LINE
  5
7D5
330
17
100
AcDbEntity
  8
VISIBLE
100
AcDbLine
 10
94.12184716732835
 20
92.14453093350903
 30
0.0
 11
93.61012460263109
 21
93.50414673627392
 31
0.0
  0
LINE
  5
7D6
330
17
100
AcDbEntity
  8
VISIBLE
100
AcDbLine
 10
99.77735902340746
 20
90.31503121198193
 30
0.0
 11
99.37318040402269
 21
92.04845253766553
 31
0.0
  0
LINE
  5
7D7
330
17
100
AcDbEntity
  8
VISIBLE
100
AcDbLine
 10
99.37318040402269
 20
92.04845253766553
 30
0.0
 11
98.85649873288011
 21
93.75172821820752
 31
0.0
  0
LINE
  5
7D8
330
17
100
AcDbEntity
  8
VISIBLE
100
AcDbLine
 10
98.85649873288011
 20
93.75172821820752
 30
0.0
 11
98.22952271969652
 21
95.41756359876172
 31
0.0
  0
LINE
  5
7D9
330
17
100
AcDbEntity
  8
VISIBLE
100
AcDbLine
 10
98.22952271969652
 20
95.41756359876172
 30
0.0
 11
97.49493791134691
 21
97.03882710279004
 31
0.0
  0
LINE
  5
7DA
330
17
100
AcDbEntity
  8
VISIBLE
100
AcDbLine
 10
89.26531220944261
 20
83.94904391110913
 30
0.0
 11
89.29999925167894
 21
85.008574646125
 31
0.0
  0
LINE
  5
7DB
330
17
100
AcDbEntity
  8
VISIBLE
100
AcDbLine
 10
89.29999925167894
 20
85.008574646125
 30
0.0
 11
89.26531220944261
 21
86.06810538114087
 31
0.0
  0
LINE
  5
7DC
330
17
100
AcDbEntity
  8
VISIBLE
100
AcDbLine
 10
89.26531220944261
 20
86.06810538114087
 30
0.0
 11
89.16140557797289
 21
87.12309901059643
 31
0.0
  0
LINE
  5
7DD
330
17
100
AcDbEntity
  8
VISIBLE
100
AcDbLine
 10
89.16140557797289
 20
87.12309901059643
 30
0.0
 11
88.98871995480394
 21
88.16903797925488
 31
0.0
  0
LINE
  5
7DE
330
17
100
AcDbEntity
  8
VISIBLE
100
AcDbLine
 10
88.98871995480394
 20
88.16903797925488
 30
0.0
 11
88.74799729855394
 21
89.20144335568921
 31
0.0
  0
LINE
  5
7DF
330
17
100
AcDbEntity
  8
VISIBLE
100
AcDbLine
 10
88.06684686215257
 20
91.20804611981885
 30
0.0
 11
88.44026662381029
 21
90.21589390576855
 31
0.0
  0
LINE
  5
7E0
330
17
100
AcDbEntity
  8
VISIBLE
100
AcDbLine
 10
88.74799729855394
 20
89.20144335568921
 30
0.0
 11
88.44026662381029
 21
90.21589390576855
 31
0.0
  0
LINE
  5
7E1
330
17
100
AcDbEntity
  8
VISIBLE
100
AcDbLine
 10
88.06684686215257
 20
91.20804611981885
 30
0.0
 11
87.62933732540941
 21
92.1736513787605
 31
0.0
  0
LINE
  5
7E2
330
17
100
AcDbEntity
  8
VISIBLE
100
AcDbLine
 10
87.4503173974309
 20
92.508574646125
 30
0.0
 11
87.62933732540941
 21
92.1736513787605
 31
0.0
  0
LINE
  5
7E3
330
17
100
AcDbEntity
  8
VISIBLE
100
AcDbLine
 10
95.25246621640062
 20
83.55662516892926
 30
0.0
 11
95.29999925167894
 21
85.008574646125
 31
0.0
  0
LINE
  5
7E4
330
17
100
AcDbEntity
  8
VISIBLE
100
AcDbLine
 10
95.11007501156664
 20
87.90625612081067
 30
0.0
 11
95.25246621640062
 21
86.46052412332074
 31
0.0
  0
LINE
  5
7E5
330
17
100
AcDbEntity
  8
VISIBLE
100
AcDbLine
 10
95.29999925167894
 20
85.008574646125
 30
0.0
 11
95.25246621640062
 21
86.46052412332074
 31
0.0
  0
LINE
  5
7E6
330
17
100
AcDbEntity
  8
VISIBLE
100
AcDbLine
 10
95.11007501156664
 20
87.90625612081067
 30
0.0
 11
94.87343217404222
 21
89.33957974256055
 31
0.0
  0
LINE
  5
7E7
330
17
100
AcDbEntity
  8
VISIBLE
100
AcDbLine
 10
94.87343217404222
 20
89.33957974256055
 30
0.0
 11
94.54355241330003
 21
90.75435749829785
 31
0.0
  0
LINE
  5
7E8
330
17
100
AcDbEntity
  8
VISIBLE
100
AcDbLine
 10
94.54355241330003
 20
90.75435749829785
 30
0.0
 11
94.12184716732835
 21
92.14453093350903
 31
0.0
  0
LINE
  5
7E9
330
17
100
AcDbEntity
  8
VISIBLE
100
AcDbLine
 10
87.4503173974309
 20
92.508574646125
 30
0.0
 11
93.98483087094164
 21
92.508574646125
 31
0.0
  0
LINE
  5
7EA
330
17
100
AcDbEntity
  8
VISIBLE
100
AcDbLine
 10
94.12184716732835
 20
92.14453093350903
 30
0.0
 11
93.98483087094164
 21
92.508574646125
 31
0.0
  0
LINE
  5
7EB
330
17
100
AcDbEntity
  8
VISIBLE
100
AcDbLine
 10
86.6145019677434
 20
102.6210185700752
 30
0.0
 11
87.73747540982103
 21
101.69941822827832
 31
0.0
  0
LINE
  5
7EC
330
17
100
AcDbEntity
  8
VISIBLE
100
AcDbLine
 10
90.71244241268968
 20
98.5230781251289
 30
0.0
 11
89.79084207089281
 21
99.64605156720654
 31
0.0
  0
LINE
  5
7ED
330
17
100
AcDbEntity
  8
VISIBLE
100
AcDbLine
 10
87.73747540982103
 20
101.69941822827832
 30
0.0
 11
88.79776860745287
 21
100.70634476483838
 31
0.0
  0
LINE
  5
7EE
330
17
100
AcDbEntity
  8
VISIBLE
100
AcDbLine
 10
89.79084207089281
 20
99.64605156720654
 30
0.0
 11
88.79776860745287
 21
100.70634476483838
 31
0.0
  0
LINE
  5
7EF
330
17
100
AcDbEntity
  8
VISIBLE
100
AcDbLine
 10
85.13025094540453
 20
109.40351406873242
 30
0.0
 11
86.69999887020921
 21
108.5644656831123
 31
0.0
  0
LINE
  5
7F0
330
17
100
AcDbEntity
  8
VISIBLE
100
AcDbLine
 10
86.69999887020921
 20
108.5644656831123
 30
0.0
 11
88.21150876553392
 21
107.6245471650459
 31
0.0
  0
LINE
  5
7F1
330
17
100
AcDbEntity
  8
VISIBLE
100
AcDbLine
 10
88.21150876553392
 20
107.6245471650459
 30
0.0
 11
89.65830995114183
 21
106.58778492749707
 31
0.0
  0
LINE
  5
7F2
330
17
100
AcDbEntity
  8
VISIBLE
100
AcDbLine
 10
92.33330346615648
 20
104.24187962354199
 30
0.0
 11
91.03420449765062
 21
105.45861737073437
 31
0.0
  0
LINE
  5
7F3
330
17
100
AcDbEntity
  8
VISIBLE
100
AcDbLine
 10
89.65830995114183
 20
106.58778492749707
 30
0.0
 11
91.03420449765062
 21
105.45861737073437
 31
0.0
  0
LINE
  5
7F4
330
17
100
AcDbEntity
  8
VISIBLE
100
AcDbLine
 10
94.67920877011156
 20
101.56688610852734
 30
0.0
 11
95.71597100766039
 21
100.12008492291943
 31
0.0
  0
LINE
  5
7F5
330
17
100
AcDbEntity
  8
VISIBLE
100
AcDbLine
 10
97.49493791134691
 20
97.03882710279004
 30
0.0
 11
96.65588952572679
 21
98.60857502759472
 31
0.0
  0
LINE
  5
7F6
330
17
100
AcDbEntity
  8
VISIBLE
100
AcDbLine
 10
95.71597100766039
 20
100.12008492291943
 30
0.0
 11
96.65588952572679
 21
98.60857502759472
 31
0.0
  0
LINE
  5
7F7
330
17
100
AcDbEntity
  8
VISIBLE
100
AcDbLine
 10
92.33330346615648
 20
104.24187962354199
 30
0.0
 11
93.55004121334886
 21
102.94278065503613
 31
0.0
  0
LINE
  5
7F8
330
17
100
AcDbEntity
  8
VISIBLE
100
AcDbLine
 10
94.67920877011156
 20
101.56688610852734
 30
0.0
 11
93.55004121334886
 21
102.94278065503613
 31
0.0
  0
LINE
  5
7F9
330
17
100
AcDbEntity
  8
VISIBLE
100
AcDbLine
 10
82.10023595364427
 20
98.47838227094189
 30
0.0
 11
82.96193410427904
 21
97.8608991319038
 31
0.0
  0
LINE
  5
7FA
330
17
100
AcDbEntity
  8
VISIBLE
100
AcDbLine
 10
86.56980611355638
 20
94.00881211102978
 30
0.0
 11
85.9523229745183
 21
94.87051026166455
 31
0.0
  0
LINE
  5
7FB
330
17
100
AcDbEntity
  8
VISIBLE
100
AcDbLine
 10
82.96193410427904
 20
97.8608991319038
 30
0.0
 11
83.78140069516039
 21
97.18837944806592
 31
0.0
  0
LINE
  5
7FC
330
17
100
AcDbEntity
  8
VISIBLE
100
AcDbLine
 10
84.55512811215257
 20
96.46370426953808
 30
0.0
 11
83.78140069516039
 21
97.18837944806592
 31
0.0
  0
LINE
  5
7FD
330
17
100
AcDbEntity
  8
VISIBLE
100
AcDbLine
 10
85.9523229745183
 20
94.87051026166455
 30
0.0
 11
85.2798032906804
 21
95.6899768525459
 31
0.0
  0
LINE
  5
7FE
330
17
100
AcDbEntity
  8
VISIBLE
100
AcDbLine
 10
84.55512811215257
 20
96.46370426953808
 30
0.0
 11
85.2798032906804
 21
95.6899768525459
 31
0.0
  0
LINE
  5
7FF
330
17
100
AcDbEntity
  8
VISIBLE
100
AcDbLine
 10
82.10023595364427
 20
98.47838227094189
 30
0.0
 11
81.19999887020921
 21
99.03818623364941
 31
0.0
  0
LINE
  5
800
330
17
100
AcDbEntity
  8
VISIBLE
100
AcDbLine
 10
80.59999848873949
 20
99.3588935548164
 30
0.0
 11
81.19999887020921
 21
99.03818623364941
 31
0.0
  0
LINE
  5
801
330
17
100
AcDbEntity
  8
VISIBLE
100
AcDbLine
 10
80.59999848873949
 20
99.3588935548164
 30
0.0
 11
80.59999848873949
 21
102.67797581494824
 31
0.0
  0
LINE
  5
802
330
17
100
AcDbEntity
  8
VISIBLE
100
AcDbLine
 10
82.69999887020921
 20
101.63626210034863
 30
0.0
 11
81.59194089444017
 21
102.22853199780957
 31
0.0
  0
LINE
  5
803
330
17
100
AcDbEntity
  8
VISIBLE
100
AcDbLine
 10
80.59999848873949
 20
102.67797581494824
 30
0.0
 11
81.59194089444017
 21
102.22853199780957
 31
0.0
  0
LINE
  5
804
330
17
100
AcDbEntity
  8
VISIBLE
100
AcDbLine
 10
82.69999887020921
 20
101.63626210034863
 30
0.0
 11
83.76694680722093
 21
100.9727908784248
 31
0.0
  0
LINE
  5
805
330
17
100
AcDbEntity
  8
VISIBLE
100
AcDbLine
 10
84.78821755917406
 20
100.24095837415234
 30
0.0
 11
83.76694680722093
 21
100.9727908784248
 31
0.0
  0
LINE
  5
806
330
17
100
AcDbEntity
  8
VISIBLE
100
AcDbLine
 10
86.67644883663988
 20
98.58502499402539
 30
0.0
 11
85.75943852932787
 21
99.44389931500928
 31
0.0
  0
LINE
  5
807
330
17
100
AcDbEntity
  8
VISIBLE
100
AcDbLine
 10
84.78821755917406
 20
100.24095837415234
 30
0.0
 11
85.75943852932787
 21
99.44389931500928
 31
0.0
  0
LINE
  5
808
330
17
100
AcDbEntity
  8
VISIBLE
100
AcDbLine
 10
71.84425844223833
 20
104.16746632398144
 30
0.0
 11
73.09999848873949
 21
104.20857540906445
 31
0.0
  0
LINE
  5
809
330
17
100
AcDbEntity
  8
VISIBLE
100
AcDbLine
 10
73.09999848873949
 20
104.20857540906445
 30
0.0
 11
74.35573853524065
 21
104.16746632398144
 31
0.0
  0
LINE
  5
80A
330
17
100
AcDbEntity
  8
VISIBLE
100
AcDbLine
 10
74.35573853524065
 20
104.16746632398144
 30
0.0
 11
75.60610128910875
 21
104.04431645215527
 31
0.0
  0
LINE
  5
80B
330
17
100
AcDbEntity
  8
VISIBLE
100
AcDbLine
 10
75.60610128910875
 20
104.04431645215527
 30
0.0
 11
76.8457327035222
 21
103.83965222180859
 31
0.0
  0
LINE
  5
80C
330
17
100
AcDbEntity
  8
VISIBLE
100
AcDbLine
 10
78.06932403118944
 20
103.5543510133125
 30
0.0
 11
76.8457327035222
 21
103.83965222180859
 31
0.0
  0
LINE
  5
80D
330
17
100
AcDbEntity
  8
VISIBLE
100
AcDbLine
 10
78.06932403118944
 20
103.5543510133125
 30
0.0
 11
79.2716360238347
 21
103.18963352979199
 31
0.0
  0
LINE
  5
80E
330
17
100
AcDbEntity
  8
VISIBLE
100
AcDbLine
 10
71.64804901154375
 20
107.16104237378613
 30
0.0
 11
73.09999848873949
 21
107.20857540906445
 31
0.0
  0
LINE
  5
80F
330
17
100
AcDbEntity
  8
VISIBLE
100
AcDbLine
 10
73.09999848873949
 20
107.20857540906445
 30
0.0
 11
74.55194796593523
 21
107.16104237378613
 31
0.0
  0
LINE
  5
810
330
17
100
AcDbEntity
  8
VISIBLE
100
AcDbLine
 10
74.55194796593523
 20
107.16104237378613
 30
0.0
 11
75.99767996342516
 21
107.01865116895215
 31
0.0
  0
LINE
  5
811
330
17
100
AcDbEntity
  8
VISIBLE
100
AcDbLine
 10
75.99767996342516
 20
107.01865116895215
 30
0.0
 11
77.43100358517503
 21
106.78200833142773
 31
0.0
  0
LINE
  5
812
330
17
100
AcDbEntity
  8
VISIBLE
100
AcDbLine
 10
77.43100358517503
 20
106.78200833142773
 30
0.0
 11
78.84578134091234
 21
106.45212857068555
 31
0.0
  0
LINE
  5
813
330
17
100
AcDbEntity
  8
VISIBLE
100
AcDbLine
 10
79.2716360238347
 20
103.18963352979199
 30
0.0
 11
80.44752027066087
 21
102.74706188977734
 31
0.0
  0
LINE
  5
814
330
17
100
AcDbEntity
  8
VISIBLE
100
AcDbLine
 10
82.69999887020921
 20
101.63626210034863
 30
0.0
 11
81.59194089444017
 21
102.22853199780957
 31
0.0
  0
LINE
  5
815
330
17
100
AcDbEntity
  8
VISIBLE
100
AcDbLine
 10
80.44752027066087
 20
102.74706188977734
 30
0.0
 11
81.59194089444017
 21
102.22853199780957
 31
0.0
  0
LINE
  5
816
330
17
100
AcDbEntity
  8
VISIBLE
100
AcDbLine
 10
82.69999887020921
 20
101.63626210034863
 30
0.0
 11
83.76694680722093
 21
100.9727908784248
 31
0.0
  0
LINE
  5
817
330
17
100
AcDbEntity
  8
VISIBLE
100
AcDbLine
 10
84.78821755917406
 20
100.24095837415234
 30
0.0
 11
83.76694680722093
 21
100.9727908784248
 31
0.0
  0
LINE
  5
818
330
17
100
AcDbEntity
  8
VISIBLE
100
AcDbLine
 10
86.67644883663988
 20
98.58502499402539
 30
0.0
 11
85.75943852932787
 21
99.44389931500928
 31
0.0
  0
LINE
  5
819
330
17
100
AcDbEntity
  8
VISIBLE
100
AcDbLine
 10
84.78821755917406
 20
100.24095837415234
 30
0.0
 11
85.75943852932787
 21
99.44389931500928
 31
0.0
  0
LINE
  5
81A
330
17
100
AcDbEntity
  8
VISIBLE
100
AcDbLine
 10
82.91880704434251
 20
104.91914860547558
 30
0.0
 11
84.19999887020921
 21
104.23433796704785
 31
0.0
  0
LINE
  5
81B
330
17
100
AcDbEntity
  8
VISIBLE
100
AcDbLine
 10
84.19999887020921
 20
104.23433796704785
 30
0.0
 11
85.43365766079759
 21
103.46720043958203
 31
0.0
  0
LINE
  5
81C
330
17
100
AcDbEntity
  8
VISIBLE
100
AcDbLine
 10
85.43365766079759
 20
103.46720043958203
 30
0.0
 11
86.6145019677434
 21
102.6210185700752
 31
0.0
  0
LINE
  5
81D
330
17
100
AcDbEntity
  8
VISIBLE
100
AcDbLine
 10
78.84578134091234
 20
106.45212857068555
 30
0.0
 11
80.23595477612352
 21
106.03042332471387
 31
0.0
  0
LINE
  5
81E
330
17
100
AcDbEntity
  8
VISIBLE
100
AcDbLine
 10
82.91880704434251
 20
104.91914860547558
 30
0.0
 11
81.59557057888841
 21
105.5187007600166
 31
0.0
  0
LINE
  5
81F
330
17
100
AcDbEntity
  8
VISIBLE
100
AcDbLine
 10
80.23595477612352
 20
106.03042332471387
 30
0.0
 11
81.59557057888841
 21
105.5187007600166
 31
0.0
  0
LINE
  5
820
330
17
100
AcDbEntity
  8
VISIBLE
100
AcDbLine
 10
86.56980611355638
 20
94.00881211102978
 30
0.0
 11
87.1296100762639
 21
93.10857502759472
 31
0.0
  0
LINE
  5
821
330
17
100
AcDbEntity
  8
VISIBLE
100
AcDbLine
 10
87.4503173974309
 20
92.508574646125
 30
0.0
 11
87.1296100762639
 21
93.10857502759472
 31
0.0
  0
LINE
  5
822
330
17
100
AcDbEntity
  8
VISIBLE
100
AcDbLine
 10
86.67644883663988
 20
98.58502499402539
 30
0.0
 11
87.53532315762376
 21
97.66801468671338
 31
0.0
  0
LINE
  5
823
330
17
100
AcDbEntity
  8
VISIBLE
100
AcDbLine
 10
88.33238221676683
 20
96.69679371655957
 30
0.0
 11
87.53532315762376
 21
97.66801468671338
 31
0.0
  0
LINE
  5
824
330
17
100
AcDbEntity
  8
VISIBLE
100
AcDbLine
 10
89.72768594296312
 20
94.60857502759472
 30
0.0
 11
89.06421472103929
 21
95.67552296460644
 31
0.0
  0
LINE
  5
825
330
17
100
AcDbEntity
  8
VISIBLE
100
AcDbLine
 10
88.33238221676683
 20
96.69679371655957
 30
0.0
 11
89.06421472103929
 21
95.67552296460644
 31
0.0
  0
LINE
  5
826
330
17
100
AcDbEntity
  8
VISIBLE
100
AcDbLine
 10
87.4503173974309
 20
92.508574646125
 30
0.0
 11
90.76939965756273
 21
92.508574646125
 31
0.0
  0
LINE
  5
827
330
17
100
AcDbEntity
  8
VISIBLE
100
AcDbLine
 10
89.72768594296312
 20
94.60857502759472
 30
0.0
 11
90.31995584042406
 21
93.50051705182568
 31
0.0
  0
LINE
  5
828
330
17
100
AcDbEntity
  8
VISIBLE
100
AcDbLine
 10
90.76939965756273
 20
92.508574646125
 30
0.0
 11
90.31995584042406
 21
93.50051705182568
 31
0.0
  0
LINE
  5
829
330
17
100
AcDbEntity
  8
VISIBLE
100
AcDbLine
 10
92.25889016659593
 20
83.75283459962384
 30
0.0
 11
92.29999925167894
 21
85.008574646125
 31
0.0
  0
LINE
  5
82A
330
17
100
AcDbEntity
  8
VISIBLE
100
AcDbLine
 10
92.29999925167894
 20
85.008574646125
 30
0.0
 11
92.25889016659593
 21
86.26431469262616
 31
0.0
  0
LINE
  5
82B
330
17
100
AcDbEntity
  8
VISIBLE
100
AcDbLine
 10
92.25889016659593
 20
86.26431469262616
 30
0.0
 11
92.13574029476976
 21
87.51467744649426
 31
0.0
  0
LINE
  5
82C
330
17
100
AcDbEntity
  8
VISIBLE
100
AcDbLine
 10
91.64577485592699
 20
89.97790018857495
 30
0.0
 11
91.28105737240648
 21
91.18021218122021
 31
0.0
  0
LINE
  5
82D
330
17
100
AcDbEntity
  8
VISIBLE
100
AcDbLine
 10
92.13574029476976
 20
87.51467744649426
 30
0.0
 11
91.93107606442308
 21
88.75430886090771
 31
0.0
  0
LINE
  5
82E
330
17
100
AcDbEntity
  8
VISIBLE
100
AcDbLine
 10
91.64577485592699
 20
89.97790018857495
 30
0.0
 11
91.93107606442308
 21
88.75430886090771
 31
0.0
  0
LINE
  5
82F
330
17
100
AcDbEntity
  8
VISIBLE
100
AcDbLine
 10
86.67644883663988
 20
98.58502499402539
 30
0.0
 11
87.53532315762376
 21
97.66801468671338
 31
0.0
  0
LINE
  5
830
330
17
100
AcDbEntity
  8
VISIBLE
100
AcDbLine
 10
88.33238221676683
 20
96.69679371655957
 30
0.0
 11
87.53532315762376
 21
97.66801468671338
 31
0.0
  0
LINE
  5
831
330
17
100
AcDbEntity
  8
VISIBLE
100
AcDbLine
 10
89.72768594296312
 20
94.60857502759472
 30
0.0
 11
89.06421472103929
 21
95.67552296460644
 31
0.0
  0
LINE
  5
832
330
17
100
AcDbEntity
  8
VISIBLE
100
AcDbLine
 10
88.33238221676683
 20
96.69679371655957
 30
0.0
 11
89.06421472103929
 21
95.67552296460644
 31
0.0
  0
LINE
  5
833
330
17
100
AcDbEntity
  8
VISIBLE
100
AcDbLine
 10
91.28105737240648
 20
91.18021218122021
 30
0.0
 11
90.83848573239183
 21
92.35609642804638
 31
0.0
  0
LINE
  5
834
330
17
100
AcDbEntity
  8
VISIBLE
100
AcDbLine
 10
89.72768594296312
 20
94.60857502759472
 30
0.0
 11
90.31995584042406
 21
93.50051705182568
 31
0.0
  0
LINE
  5
835
330
17
100
AcDbEntity
  8
VISIBLE
100
AcDbLine
 10
90.83848573239183
 20
92.35609642804638
 30
0.0
 11
90.31995584042406
 21
93.50051705182568
 31
0.0
  0
LINE
  5
836
330
17
100
AcDbEntity
  8
VISIBLE
100
AcDbLine
 10
90.71244241268968
 20
98.5230781251289
 30
0.0
 11
91.55862428219652
 21
97.3422338181831
 31
0.0
  0
LINE
  5
837
330
17
100
AcDbEntity
  8
VISIBLE
100
AcDbLine
 10
93.01057244809007
 20
94.82738320172803
 30
0.0
 11
92.32576180966234
 21
96.10857502759472
 31
0.0
  0
LINE
  5
838
330
17
100
AcDbEntity
  8
VISIBLE
100
AcDbLine
 10
91.55862428219652
 20
97.3422338181831
 30
0.0
 11
92.32576180966234
 21
96.10857502759472
 31
0.0
  0
LINE
  5
839
330
17
100
AcDbEntity
  8
VISIBLE
100
AcDbLine
 10
95.25246621640062
 20
83.55662516892926
 30
0.0
 11
95.29999925167894
 21
85.008574646125
 31
0.0
  0
LINE
  5
83A
330
17
100
AcDbEntity
  8
VISIBLE
100
AcDbLine
 10
95.11007501156664
 20
87.90625612081067
 30
0.0
 11
95.25246621640062
 21
86.46052412332074
 31
0.0
  0
LINE
  5
83B
330
17
100
AcDbEntity
  8
VISIBLE
100
AcDbLine
 10
95.29999925167894
 20
85.008574646125
 30
0.0
 11
95.25246621640062
 21
86.46052412332074
 31
0.0
  0
LINE
  5
83C
330
17
100
AcDbEntity
  8
VISIBLE
100
AcDbLine
 10
95.11007501156664
 20
87.90625612081067
 30
0.0
 11
94.87343217404222
 21
89.33957974256055
 31
0.0
  0
LINE
  5
83D
330
17
100
AcDbEntity
  8
VISIBLE
100
AcDbLine
 10
94.87343217404222
 20
89.33957974256055
 30
0.0
 11
94.54355241330003
 21
90.75435749829785
 31
0.0
  0
LINE
  5
83E
330
17
100
AcDbEntity
  8
VISIBLE
100
AcDbLine
 10
94.54355241330003
 20
90.75435749829785
 30
0.0
 11
94.12184716732835
 21
92.14453093350903
 31
0.0
  0
LINE
  5
83F
330
17
100
AcDbEntity
  8
VISIBLE
100
AcDbLine
 10
93.01057244809007
 20
94.82738320172803
 30
0.0
 11
93.61012460263109
 21
93.50414673627392
 31
0.0
  0
LINE
  5
840
330
17
100
AcDbEntity
  8
VISIBLE
100
AcDbLine
 10
94.12184716732835
 20
92.14453093350903
 30
0.0
 11
93.61012460263109
 21
93.50414673627392
 31
0.0
  0
LINE
  5
841
330
17
100
AcDbEntity
  8
VISIBLE
100
AcDbLine
 10
86.6145019677434
 20
102.6210185700752
 30
0.0
 11
87.73747540982103
 21
101.69941822827832
 31
0.0
  0
LINE
  5
842
330
17
100
AcDbEntity
  8
VISIBLE
100
AcDbLine
 10
90.71244241268968
 20
98.5230781251289
 30
0.0
 11
89.79084207089281
 21
99.64605156720654
 31
0.0
  0
LINE
  5
843
330
17
100
AcDbEntity
  8
VISIBLE
100
AcDbLine
 10
87.73747540982103
 20
101.69941822827832
 30
0.0
 11
88.79776860745287
 21
100.70634476483838
 31
0.0
  0
LINE
  5
844
330
17
100
AcDbEntity
  8
VISIBLE
100
AcDbLine
 10
89.79084207089281
 20
99.64605156720654
 30
0.0
 11
88.79776860745287
 21
100.70634476483838
 31
0.0
  0
LINE
  5
845
330
17
100
AcDbEntity
  8
VISIBLE
100
AcDbLine
 10
46.132698218709784
 20
81.45826124874074
 30
0.0
 11
46.13269798644604
 21
81.45826301296589
 31
0.0
  0
LINE
  5
846
330
17
100
AcDbEntity
  8
VISIBLE
100
AcDbLine
 10
46.13269798644604
 20
81.45826301296589
 30
0.0
 11
45.95823679620627
 21
83.22960864468827
 31
0.0
  0
LINE
  5
847
330
17
100
AcDbEntity
  8
VISIBLE
100
AcDbLine
 10
45.95823679620627
 20
83.22960864468827
 30
0.0
 11
45.95823667982775
 21
83.2296104202771
 31
0.0
  0
LINE
  5
848
330
17
100
AcDbEntity
  8
VISIBLE
100
AcDbLine
 10
45.95823667982775
 20
83.2296104202771
 30
0.0
 11
45.89999775492817
 21
85.00857375637833
 31
0.0
  0
LINE
  5
849
330
17
100
AcDbEntity
  8
VISIBLE
100
AcDbLine
 10
45.89999775492817
 20
85.00857375637833
 30
0.0
 11
45.89999775492817
 21
85.00857553587167
 31
0.0
  0
LINE
  5
84A
330
17
100
AcDbEntity
  8
VISIBLE
100
AcDbLine
 10
45.89999775492817
 20
85.00857553587167
 30
0.0
 11
45.95823667982775
 21
86.7875388719729
 31
0.0
  0
LINE
  5
84B
330
17
100
AcDbEntity
  8
VISIBLE
100
AcDbLine
 10
45.95823667982775
 20
86.7875388719729
 30
0.0
 11
45.95823679620627
 21
86.78754064756173
 31
0.0
  0
LINE
  5
84C
330
17
100
AcDbEntity
  8
VISIBLE
100
AcDbLine
 10
45.95823679620627
 20
86.78754064756173
 30
0.0
 11
46.13269798644604
 21
88.55888627928411
 31
0.0
  0
LINE
  5
84D
330
17
100
AcDbEntity
  8
VISIBLE
100
AcDbLine
 10
46.13269798644604
 20
88.55888627928411
 30
0.0
 11
46.132698218709784
 21
88.55888804350926
 31
0.0
  0
LINE
  5
84E
330
17
100
AcDbEntity
  8
VISIBLE
100
AcDbLine
 10
46.132698218709784
 20
88.55888804350926
 30
0.0
 11
46.422637809060134
 21
90.31503033365887
 31
0.0
  0
LINE
  5
84F
330
17
100
AcDbEntity
  8
VISIBLE
100
AcDbLine
 10
46.422637809060134
 20
90.31503033365887
 30
0.0
 11
46.422638156218525
 21
90.31503207894005
 31
0.0
  0
LINE
  5
850
330
17
100
AcDbEntity
  8
VISIBLE
100
AcDbLine
 10
46.422638156218525
 20
90.31503207894005
 30
0.0
 11
46.826816371317605
 21
92.0484516707431
 31
0.0
  0
LINE
  5
851
330
17
100
AcDbEntity
  8
VISIBLE
100
AcDbLine
 10
46.826816371317605
 20
92.0484516707431
 30
0.0
 11
46.8268168318603
 21
92.04845338951165
 31
0.0
  0
LINE
  5
852
330
17
100
AcDbEntity
  8
VISIBLE
100
AcDbLine
 10
46.8268168318603
 20
92.04845338951165
 30
0.0
 11
47.34349798618601
 21
93.75172736633226
 31
0.0
  0
LINE
  5
853
330
17
100
AcDbEntity
  8
VISIBLE
100
AcDbLine
 10
47.34349798618601
 20
93.75172736633226
 30
0.0
 11
47.34349855817434
 21
93.75172905135761
 31
0.0
  0
LINE
  5
854
330
17
100
AcDbEntity
  8
VISIBLE
100
AcDbLine
 10
47.34349855817434
 20
93.75172905135761
 30
0.0
 11
47.97047394421065
 21
95.41756276562138
 31
0.0
  0
LINE
  5
855
330
17
100
AcDbEntity
  8
VISIBLE
100
AcDbLine
 10
47.97047394421065
 20
95.41756276562138
 30
0.0
 11
47.97047462517283
 21
95.4175644096097
 31
0.0
  0
LINE
  5
856
330
17
100
AcDbEntity
  8
VISIBLE
100
AcDbLine
 10
47.97047462517283
 20
95.4175644096097
 30
0.0
 11
48.70505869873925
 21
97.03882629193669
 31
0.0
  0
LINE
  5
857
330
17
100
AcDbEntity
  8
VISIBLE
100
AcDbLine
 10
48.70505869873925
 20
97.03882629193669
 30
0.0
 11
48.7050594857709
 21
97.0388278878785
 31
0.0
  0
LINE
  5
858
330
17
100
AcDbEntity
  8
VISIBLE
100
AcDbLine
 10
48.7050594857709
 20
97.0388278878785
 30
0.0
 11
49.54410703211394
 21
98.60857424250739
 31
0.0
  0
LINE
  5
859
330
17
100
AcDbEntity
  8
VISIBLE
100
AcDbLine
 10
49.54410703211394
 20
98.60857424250739
 30
0.0
 11
49.54410792183933
 21
98.60857578355534
 31
0.0
  0
LINE
  5
85A
330
17
100
AcDbEntity
  8
VISIBLE
100
AcDbLine
 10
49.54410792183933
 20
98.60857578355534
 30
0.0
 11
50.48402549974054
 21
100.12008416697347
 31
0.0
  0
LINE
  5
85B
330
17
100
AcDbEntity
  8
VISIBLE
100
AcDbLine
 10
50.48402549974054
 20
100.12008416697347
 30
0.0
 11
50.48402648833067
 21
100.12008564650279
 31
0.0
  0
LINE
  5
85C
330
17
100
AcDbEntity
  8
VISIBLE
100
AcDbLine
 10
50.48402648833067
 20
100.12008564650279
 30
0.0
 11
51.52078768884426
 21
101.56688538492853
 31
0.0
  0
LINE
  5
85D
330
17
100
AcDbEntity
  8
VISIBLE
100
AcDbLine
 10
51.52078768884426
 20
101.56688538492853
 30
0.0
 11
51.520788772106286
 21
101.5668867966636
 31
0.0
  0
LINE
  5
85E
330
17
100
AcDbEntity
  8
VISIBLE
100
AcDbLine
 10
51.520788772106286
 20
101.5668867966636
 30
0.0
 11
52.6499551993995
 21
102.94277996690994
 31
0.0
  0
LINE
  5
85F
330
17
100
AcDbEntity
  8
VISIBLE
100
AcDbLine
 10
52.6499551993995
 20
102.94277996690994
 30
0.0
 11
52.649956372656845
 21
102.94278130475416
 31
0.0
  0
LINE
  5
860
330
17
100
AcDbEntity
  8
VISIBLE
100
AcDbLine
 10
52.649956372656845
 20
102.94278130475416
 30
0.0
 11
53.866692902781494
 21
104.24187897380872
 31
0.0
  0
LINE
  5
861
330
17
100
AcDbEntity
  8
VISIBLE
100
AcDbLine
 10
53.866692902781494
 20
104.24187897380872
 30
0.0
 11
53.86669416105576
 21
104.24188023208299
 31
0.0
  0
LINE
  5
862
330
17
100
AcDbEntity
  8
VISIBLE
100
AcDbLine
 10
53.86669416105576
 20
104.24188023208299
 30
0.0
 11
55.16579183011032
 21
105.45861676220764
 31
0.0
  0
LINE
  5
863
330
17
100
AcDbEntity
  8
VISIBLE
100
AcDbLine
 10
55.16579183011032
 20
105.45861676220764
 30
0.0
 11
55.16579316795455
 21
105.45861793546499
 31
0.0
  0
LINE
  5
864
330
17
100
AcDbEntity
  8
VISIBLE
100
AcDbLine
 10
55.16579316795455
 20
105.45861793546499
 30
0.0
 11
56.54168633820089
 21
106.5877843627582
 31
0.0
  0
LINE
  5
865
330
17
100
AcDbEntity
  8
VISIBLE
100
AcDbLine
 10
56.54168633820089
 20
106.5877843627582
 30
0.0
 11
56.54168774993595
 21
106.58778544602023
 31
0.0
  0
LINE
  5
866
330
17
100
AcDbEntity
  8
VISIBLE
100
AcDbLine
 10
56.54168774993595
 20
106.58778544602023
 30
0.0
 11
57.988487488361706
 21
107.62454664653382
 31
0.0
  0
LINE
  5
867
330
17
100
AcDbEntity
  8
VISIBLE
100
AcDbLine
 10
57.988487488361706
 20
107.62454664653382
 30
0.0
 11
57.98848896789102
 21
107.62454763512395
 31
0.0
  0
LINE
  5
868
330
17
100
AcDbEntity
  8
VISIBLE
100
AcDbLine
 10
57.98848896789102
 20
107.62454763512395
 30
0.0
 11
59.49999735130915
 21
108.56446521302516
 31
0.0
  0
LINE
  5
869
330
17
100
AcDbEntity
  8
VISIBLE
100
AcDbLine
 10
59.49999735130915
 20
108.56446521302516
 30
0.0
 11
59.49999889235709
 21
108.56446610275054
 31
0.0
  0
LINE
  5
86A
330
17
100
AcDbEntity
  8
VISIBLE
100
AcDbLine
 10
59.49999889235709
 20
108.56446610275054
 30
0.0
 11
61.06974524698599
 21
109.40351364909358
 31
0.0
  0
LINE
  5
86B
330
17
100
AcDbEntity
  8
VISIBLE
100
AcDbLine
 10
61.06974524698599
 20
109.40351364909358
 30
0.0
 11
61.0697468429278
 21
109.40351443612523
 31
0.0
  0
LINE
  5
86C
330
17
100
AcDbEntity
  8
VISIBLE
100
AcDbLine
 10
61.0697468429278
 20
109.40351443612523
 30
0.0
 11
62.69100872525479
 21
110.13809850969166
 31
0.0
  0
LINE
  5
86D
330
17
100
AcDbEntity
  8
VISIBLE
100
AcDbLine
 10
62.69100872525479
 20
110.13809850969166
 30
0.0
 11
62.6910103692431
 21
110.13809919065383
 31
0.0
  0
LINE
  5
86E
330
17
100
AcDbEntity
  8
VISIBLE
100
AcDbLine
 10
62.6910103692431
 20
110.13809919065383
 30
0.0
 11
64.35684408350687
 21
110.76507457669015
 31
0.0
  0
LINE
  5
86F
330
17
100
AcDbEntity
  8
VISIBLE
100
AcDbLine
 10
64.35684408350687
 20
110.76507457669015
 30
0.0
 11
64.35684576853222
 21
110.76507514867848
 31
0.0
  0
LINE
  5
870
330
17
100
AcDbEntity
  8
VISIBLE
100
AcDbLine
 10
64.35684576853222
 20
110.76507514867848
 30
0.0
 11
66.06011974535284
 21
111.28175630300419
 31
0.0
  0
LINE
  5
871
330
17
100
AcDbEntity
  8
VISIBLE
100
AcDbLine
 10
66.06011974535284
 20
111.28175630300419
 30
0.0
 11
66.06012146412138
 21
111.28175676354688
 31
0.0
  0
LINE
  5
872
330
17
100
AcDbEntity
  8
VISIBLE
100
AcDbLine
 10
66.06012146412138
 20
111.28175676354688
 30
0.0
 11
67.79354105592444
 21
111.68593497864596
 31
0.0
  0
LINE
  5
873
330
17
100
AcDbEntity
  8
VISIBLE
100
AcDbLine
 10
67.79354105592444
 20
111.68593497864596
 30
0.0
 11
67.79354280120562
 21
111.68593532580435
 31
0.0
  0
LINE
  5
874
330
17
100
AcDbEntity
  8
VISIBLE
100
AcDbLine
 10
67.79354280120562
 20
111.68593532580435
 30
0.0
 11
69.54968509135523
 21
111.97587491615471
 31
0.0
  0
LINE
  5
875
330
17
100
AcDbEntity
  8
VISIBLE
100
AcDbLine
 10
69.54968509135523
 20
111.97587491615471
 30
0.0
 11
69.54968685558038
 21
111.97587514841845
 31
0.0
  0
LINE
  5
876
330
17
100
AcDbEntity
  8
VISIBLE
100
AcDbLine
 10
69.54968685558038
 20
111.97587514841845
 30
0.0
 11
71.32103248730276
 21
112.1503363386582
 31
0.0
  0
LINE
  5
877
330
17
100
AcDbEntity
  8
VISIBLE
100
AcDbLine
 10
71.32103248730276
 20
112.1503363386582
 30
0.0
 11
71.32103426289159
 21
112.15033645503674
 31
0.0
  0
LINE
  5
878
330
17
100
AcDbEntity
  8
VISIBLE
100
AcDbLine
 10
71.32103426289159
 20
112.15033645503674
 30
0.0
 11
73.09999759899281
 21
112.20857537993632
 31
0.0
  0
LINE
  5
879
330
17
100
AcDbEntity
  8
VISIBLE
100
AcDbLine
 10
73.09999759899281
 20
112.20857537993632
 30
0.0
 11
73.09999937848616
 21
112.20857537993632
 31
0.0
  0
LINE
  5
87A
330
17
100
AcDbEntity
  8
VISIBLE
100
AcDbLine
 10
73.09999937848616
 20
112.20857537993632
 30
0.0
 11
74.87896271458739
 21
112.15033645503674
 31
0.0
  0
LINE
  5
87B
330
17
100
AcDbEntity
  8
VISIBLE
100
AcDbLine
 10
74.87896271458739
 20
112.15033645503674
 30
0.0
 11
74.87896449017622
 21
112.1503363386582
 31
0.0
  0
LINE
  5
87C
330
17
100
AcDbEntity
  8
VISIBLE
100
AcDbLine
 10
74.87896449017622
 20
112.1503363386582
 30
0.0
 11
76.6503101218986
 21
111.97587514841845
 31
0.0
  0
LINE
  5
87D
330
17
100
AcDbEntity
  8
VISIBLE
100
AcDbLine
 10
76.6503101218986
 20
111.97587514841845
 30
0.0
 11
76.65031188612375
 21
111.97587491615471
 31
0.0
  0
LINE
  5
87E
330
17
100
AcDbEntity
  8
VISIBLE
100
AcDbLine
 10
76.65031188612375
 20
111.97587491615471
 30
0.0
 11
78.40645417627336
 21
111.68593532580435
 31
0.0
  0
LINE
  5
87F
330
17
100
AcDbEntity
  8
VISIBLE
100
AcDbLine
 10
78.40645417627336
 20
111.68593532580435
 30
0.0
 11
78.40645592155454
 21
111.68593497864596
 31
0.0
  0
LINE
  5
880
330
17
100
AcDbEntity
  8
VISIBLE
100
AcDbLine
 10
78.40645592155454
 20
111.68593497864596
 30
0.0
 11
80.1398755133576
 21
111.28175676354688
 31
0.0
  0
LINE
  5
881
330
17
100
AcDbEntity
  8
VISIBLE
100
AcDbLine
 10
80.1398755133576
 20
111.28175676354688
 30
0.0
 11
80.13987723212614
 21
111.28175630300419
 31
0.0
  0
LINE
  5
882
330
17
100
AcDbEntity
  8
VISIBLE
100
AcDbLine
 10
80.13987723212614
 20
111.28175630300419
 30
0.0
 11
81.84315120894675
 21
110.76507514867848
 31
0.0
  0
LINE
  5
883
330
17
100
AcDbEntity
  8
VISIBLE
100
AcDbLine
 10
81.84315120894675
 20
110.76507514867848
 30
0.0
 11
81.8431528939721
 21
110.76507457669015
 31
0.0
  0
LINE
  5
884
330
17
100
AcDbEntity
  8
VISIBLE
100
AcDbLine
 10
81.8431528939721
 20
110.76507457669015
 30
0.0
 11
83.50898660823587
 21
110.13809919065383
 31
0.0
  0
LINE
  5
885
330
17
100
AcDbEntity
  8
VISIBLE
100
AcDbLine
 10
83.50898660823587
 20
110.13809919065383
 30
0.0
 11
83.50898825222419
 21
110.13809850969166
 31
0.0
  0
LINE
  5
886
330
17
100
AcDbEntity
  8
VISIBLE
100
AcDbLine
 10
83.50898825222419
 20
110.13809850969166
 30
0.0
 11
85.13025013455118
 21
109.40351443612523
 31
0.0
  0
LINE
  5
887
330
17
100
AcDbEntity
  8
VISIBLE
100
AcDbLine
 10
85.13025013455118
 20
109.40351443612523
 30
0.0
 11
85.13025173049299
 21
109.40351364909358
 31
0.0
  0
LINE
  5
888
330
17
100
AcDbEntity
  8
VISIBLE
100
AcDbLine
 10
85.13025173049299
 20
109.40351364909358
 30
0.0
 11
86.69999808512188
 21
108.56446610275054
 31
0.0
  0
LINE
  5
889
330
17
100
AcDbEntity
  8
VISIBLE
100
AcDbLine
 10
86.69999808512188
 20
108.56446610275054
 30
0.0
 11
86.69999962616983
 21
108.56446521302516
 31
0.0
  0
LINE
  5
88A
330
17
100
AcDbEntity
  8
VISIBLE
100
AcDbLine
 10
86.69999962616983
 20
108.56446521302516
 30
0.0
 11
88.21150800958796
 21
107.62454763512395
 31
0.0
  0
LINE
  5
88B
330
17
100
AcDbEntity
  8
VISIBLE
100
AcDbLine
 10
88.21150800958796
 20
107.62454763512395
 30
0.0
 11
88.21150948911728
 21
107.62454664653382
 31
0.0
  0
LINE
  5
88C
330
17
100
AcDbEntity
  8
VISIBLE
100
AcDbLine
 10
88.21150948911728
 20
107.62454664653382
 30
0.0
 11
89.65830922754301
 21
106.58778544602023
 31
0.0
  0
LINE
  5
88D
330
17
100
AcDbEntity
  8
VISIBLE
100
AcDbLine
 10
89.65830922754301
 20
106.58778544602023
 30
0.0
 11
89.65831063927808
 21
106.5877843627582
 31
0.0
  0
LINE
  5
88E
330
17
100
AcDbEntity
  8
VISIBLE
100
AcDbLine
 10
89.65831063927808
 20
106.5877843627582
 30
0.0
 11
91.03420380952443
 21
105.45861793546499
 31
0.0
  0
LINE
  5
88F
330
17
100
AcDbEntity
  8
VISIBLE
100
AcDbLine
 10
91.03420380952443
 20
105.45861793546499
 30
0.0
 11
91.03420514736865
 21
105.45861676220764
 31
0.0
  0
LINE
  5
890
330
17
100
AcDbEntity
  8
VISIBLE
100
AcDbLine
 10
91.03420514736865
 20
105.45861676220764
 30
0.0
 11
92.33330281642321
 21
104.24188023208299
 31
0.0
  0
LINE
  5
891
330
17
100
AcDbEntity
  8
VISIBLE
100
AcDbLine
 10
92.33330281642321
 20
104.24188023208299
 30
0.0
 11
92.33330407469748
 21
104.24187897380872
 31
0.0
  0
LINE
  5
892
330
17
100
AcDbEntity
  8
VISIBLE
100
AcDbLine
 10
92.33330407469748
 20
104.24187897380872
 30
0.0
 11
93.55004060482213
 21
102.94278130475416
 31
0.0
  0
LINE
  5
893
330
17
100
AcDbEntity
  8
VISIBLE
100
AcDbLine
 10
93.55004060482213
 20
102.94278130475416
 30
0.0
 11
93.55004177807947
 21
102.94277996690994
 31
0.0
  0
LINE
  5
894
330
17
100
AcDbEntity
  8
VISIBLE
100
AcDbLine
 10
93.55004177807947
 20
102.94277996690994
 30
0.0
 11
94.67920820537269
 21
101.5668867966636
 31
0.0
  0
LINE
  5
895
330
17
100
AcDbEntity
  8
VISIBLE
100
AcDbLine
 10
94.67920820537269
 20
101.5668867966636
 30
0.0
 11
94.67920928863472
 21
101.56688538492853
 31
0.0
  0
LINE
  5
896
330
17
100
AcDbEntity
  8
VISIBLE
100
AcDbLine
 10
94.67920928863472
 20
101.56688538492853
 30
0.0
 11
95.7159704891483
 21
100.12008564650279
 31
0.0
  0
LINE
  5
897
330
17
100
AcDbEntity
  8
VISIBLE
100
AcDbLine
 10
95.7159704891483
 20
100.12008564650279
 30
0.0
 11
95.71597147773844
 21
100.12008416697347
 31
0.0
  0
LINE
  5
898
330
17
100
AcDbEntity
  8
VISIBLE
100
AcDbLine
 10
95.71597147773844
 20
100.12008416697347
 30
0.0
 11
96.65588905563965
 21
98.60857578355534
 31
0.0
  0
LINE
  5
899
330
17
100
AcDbEntity
  8
VISIBLE
100
AcDbLine
 10
96.65588905563965
 20
98.60857578355534
 30
0.0
 11
96.65588994536503
 21
98.60857424250739
 31
0.0
  0
LINE
  5
89A
330
17
100
AcDbEntity
  8
VISIBLE
100
AcDbLine
 10
96.65588994536503
 20
98.60857424250739
 30
0.0
 11
97.49493749170807
 21
97.0388278878785
 31
0.0
  0
LINE
  5
89B
330
17
100
AcDbEntity
  8
VISIBLE
100
AcDbLine
 10
97.49493749170807
 20
97.0388278878785
 30
0.0
 11
97.49493827873972
 21
97.03882629193669
 31
0.0
  0
LINE
  5
89C
330
17
100
AcDbEntity
  8
VISIBLE
100
AcDbLine
 10
97.49493827873972
 20
97.03882629193669
 30
0.0
 11
98.22952235230615
 21
95.4175644096097
 31
0.0
  0
LINE
  5
89D
330
17
100
AcDbEntity
  8
VISIBLE
100
AcDbLine
 10
98.22952235230615
 20
95.4175644096097
 30
0.0
 11
98.22952303326832
 21
95.41756276562138
 31
0.0
  0
LINE
  5
89E
330
17
100
AcDbEntity
  8
VISIBLE
100
AcDbLine
 10
98.22952303326832
 20
95.41756276562138
 30
0.0
 11
98.85649841930464
 21
93.75172905135761
 31
0.0
  0
LINE
  5
89F
330
17
100
AcDbEntity
  8
VISIBLE
100
AcDbLine
 10
98.85649841930464
 20
93.75172905135761
 30
0.0
 11
98.85649899129297
 21
93.75172736633226
 31
0.0
  0
LINE
  5
8A0
330
17
100
AcDbEntity
  8
VISIBLE
100
AcDbLine
 10
98.85649899129297
 20
93.75172736633226
 30
0.0
 11
99.37318014561868
 21
92.04845338951165
 31
0.0
  0
LINE
  5
8A1
330
17
100
AcDbEntity
  8
VISIBLE
100
AcDbLine
 10
99.37318014561868
 20
92.04845338951165
 30
0.0
 11
99.37318060616137
 21
92.0484516707431
 31
0.0
  0
LINE
  5
8A2
330
17
100
AcDbEntity
  8
VISIBLE
100
AcDbLine
 10
99.37318060616137
 20
92.0484516707431
 30
0.0
 11
99.77735882126045
 21
90.31503207894005
 31
0.0
  0
LINE
  5
8A3
330
17
100
AcDbEntity
  8
VISIBLE
100
AcDbLine
 10
99.77735882126045
 20
90.31503207894005
 30
0.0
 11
99.77735916841884
 21
90.31503033365887
 31
0.0
  0
LINE
  5
8A4
330
17
100
AcDbEntity
  8
VISIBLE
100
AcDbLine
 10
99.77735916841884
 20
90.31503033365887
 30
0.0
 11
100.0672987587692
 21
88.55888804350926
 31
0.0
  0
LINE
  5
8A5
330
17
100
AcDbEntity
  8
VISIBLE
100
AcDbLine
 10
100.0672987587692
 20
88.55888804350926
 30
0.0
 11
100.06729899103294
 21
88.55888627928411
 31
0.0
  0
LINE
  5
8A6
330
17
100
AcDbEntity
  8
VISIBLE
100
AcDbLine
 10
100.06729899103294
 20
88.55888627928411
 30
0.0
 11
100.2417601812727
 21
86.78754064756173
 31
0.0
  0
LINE
  5
8A7
330
17
100
AcDbEntity
  8
VISIBLE
100
AcDbLine
 10
100.2417601812727
 20
86.78754064756173
 30
0.0
 11
100.24176029765123
 21
86.7875388719729
 31
0.0
  0
LINE
  5
8A8
330
17
100
AcDbEntity
  8
VISIBLE
100
AcDbLine
 10
100.24176029765123
 20
86.7875388719729
 30
0.0
 11
100.29999922255081
 21
85.00857553587167
 31
0.0
  0
LINE
  5
8A9
330
17
100
AcDbEntity
  8
VISIBLE
100
AcDbLine
 10
100.29999922255081
 20
85.00857553587167
 30
0.0
 11
100.29999922255081
 21
85.00857375637833
 31
0.0
  0
LINE
  5
8AA
330
17
100
AcDbEntity
  8
VISIBLE
100
AcDbLine
 10
100.29999922255081
 20
85.00857375637833
 30
0.0
 11
100.24176029765123
 21
83.2296104202771
 31
0.0
  0
LINE
  5
8AB
330
17
100
AcDbEntity
  8
VISIBLE
100
AcDbLine
 10
100.24176029765123
 20
83.2296104202771
 30
0.0
 11
100.2417601812727
 21
83.22960864468827
 31
0.0
  0
LINE
  5
8AC
330
17
100
AcDbEntity
  8
VISIBLE
100
AcDbLine
 10
100.2417601812727
 20
83.22960864468827
 30
0.0
 11
100.06729899103294
 21
81.45826301296589
 31
0.0
  0
LINE
  5
8AD
330
17
100
AcDbEntity
  8
VISIBLE
100
AcDbLine
 10
100.06729899103294
 20
81.45826301296589
 30
0.0
 11
100.0672987587692
 21
81.45826124874074
 31
0.0
  0
LINE
  5
8AE
330
17
100
AcDbEntity
  8
VISIBLE
100
AcDbLine
 10
100.0672987587692
 20
81.45826124874074
 30
0.0
 11
99.77735916841884
 21
79.70211895859113
 31
0.0
  0
LINE
  5
8AF
330
17
100
AcDbEntity
  8
VISIBLE
100
AcDbLine
 10
99.77735916841884
 20
79.70211895859113
 30
0.0
 11
99.77735882126045
 21
79.70211721330995
 31
0.0
  0
LINE
  5
8B0
330
17
100
AcDbEntity
  8
VISIBLE
100
AcDbLine
 10
99.77735882126045
 20
79.70211721330995
 30
0.0
 11
99.37318060616137
 21
77.96869762150689
 31
0.0
  0
LINE
  5
8B1
330
17
100
AcDbEntity
  8
VISIBLE
100
AcDbLine
 10
99.37318060616137
 20
77.96869762150689
 30
0.0
 11
99.37318014561868
 21
77.96869590273835
 31
0.0
  0
LINE
  5
8B2
330
17
100
AcDbEntity
  8
VISIBLE
100
AcDbLine
 10
99.37318014561868
 20
77.96869590273835
 30
0.0
 11
98.85649899129297
 21
76.26542192591774
 31
0.0
  0
LINE
  5
8B3
330
17
100
AcDbEntity
  8
VISIBLE
100
AcDbLine
 10
98.85649899129297
 20
76.26542192591774
 30
0.0
 11
98.85649841930464
 21
76.26542024089238
 31
0.0
  0
LINE
  5
8B4
330
17
100
AcDbEntity
  8
VISIBLE
100
AcDbLine
 10
98.85649841930464
 20
76.26542024089238
 30
0.0
 11
98.22952303326832
 21
74.59958652662861
 31
0.0
  0
LINE
  5
8B5
330
17
100
AcDbEntity
  8
VISIBLE
100
AcDbLine
 10
98.22952303326832
 20
74.59958652662861
 30
0.0
 11
98.22952235230615
 21
74.5995848826403
 31
0.0
  0
LINE
  5
8B6
330
17
100
AcDbEntity
  8
VISIBLE
100
AcDbLine
 10
98.22952235230615
 20
74.5995848826403
 30
0.0
 11
97.49493827873972
 21
72.97832300031331
 31
0.0
  0
LINE
  5
8B7
330
17
100
AcDbEntity
  8
VISIBLE
100
AcDbLine
 10
97.49493827873972
 20
72.97832300031331
 30
0.0
 11
97.49493749170807
 21
72.9783214043715
 31
0.0
  0
LINE
  5
8B8
330
17
100
AcDbEntity
  8
VISIBLE
100
AcDbLine
 10
97.49493749170807
 20
72.9783214043715
 30
0.0
 11
96.65588994536503
 21
71.40857504974261
 31
0.0
  0
LINE
  5
8B9
330
17
100
AcDbEntity
  8
VISIBLE
100
AcDbLine
 10
96.65588994536503
 20
71.40857504974261
 30
0.0
 11
96.65588905563965
 21
71.40857350869466
 31
0.0
  0
LINE
  5
8BA
330
17
100
AcDbEntity
  8
VISIBLE
100
AcDbLine
 10
96.65588905563965
 20
71.40857350869466
 30
0.0
 11
95.71597147773844
 21
69.89706512527653
 31
0.0
  0
LINE
  5
8BB
330
17
100
AcDbEntity
  8
VISIBLE
100
AcDbLine
 10
95.71597147773844
 20
69.89706512527653
 30
0.0
 11
95.7159704891483
 21
69.89706364574721
 31
0.0
  0
LINE
  5
8BC
330
17
100
AcDbEntity
  8
VISIBLE
100
AcDbLine
 10
95.7159704891483
 20
69.89706364574721
 30
0.0
 11
94.67920928863472
 21
68.45026390732147
 31
0.0
  0
LINE
  5
8BD
330
17
100
AcDbEntity
  8
VISIBLE
100
AcDbLine
 10
94.67920928863472
 20
68.45026390732147
 30
0.0
 11
94.67920820537269
 21
68.4502624955864
 31
0.0
  0
LINE
  5
8BE
330
17
100
AcDbEntity
  8
VISIBLE
100
AcDbLine
 10
94.67920820537269
 20
68.4502624955864
 30
0.0
 11
93.55004177807947
 21
67.07436932534006
 31
0.0
  0
LINE
  5
8BF
330
17
100
AcDbEntity
  8
VISIBLE
100
AcDbLine
 10
93.55004177807947
 20
67.07436932534006
 30
0.0
 11
93.55004060482213
 21
67.07436798749583
 31
0.0
  0
LINE
  5
8C0
330
17
100
AcDbEntity
  8
VISIBLE
100
AcDbLine
 10
93.55004060482213
 20
67.07436798749583
 30
0.0
 11
92.33330407469748
 21
65.77527031844127
 31
0.0
  0
LINE
  5
8C1
330
17
100
AcDbEntity
  8
VISIBLE
100
AcDbLine
 10
92.33330407469748
 20
65.77527031844127
 30
0.0
 11
92.33330281642321
 21
65.775269060167
 31
0.0
  0
LINE
  5
8C2
330
17
100
AcDbEntity
  8
VISIBLE
100
AcDbLine
 10
92.33330281642321
 20
65.775269060167
 30
0.0
 11
91.03420514736865
 21
64.55853253004236
 31
0.0
  0
LINE
  5
8C3
330
17
100
AcDbEntity
  8
VISIBLE
100
AcDbLine
 10
91.03420514736865
 20
64.55853253004236
 30
0.0
 11
91.03420380952443
 21
64.55853135678501
 31
0.0
  0
LINE
  5
8C4
330
17
100
AcDbEntity
  8
VISIBLE
100
AcDbLine
 10
91.03420380952443
 20
64.55853135678501
 30
0.0
 11
89.65831063927808
 21
63.4293649294918
 31
0.0
  0
LINE
  5
8C5
330
17
100
AcDbEntity
  8
VISIBLE
100
AcDbLine
 10
89.65831063927808
 20
63.4293649294918
 30
0.0
 11
89.65830922754301
 21
63.42936384622977
 31
0.0
  0
LINE
  5
8C6
330
17
100
AcDbEntity
  8
VISIBLE
100
AcDbLine
 10
89.65830922754301
 20
63.42936384622977
 30
0.0
 11
88.21150948911728
 21
62.39260264571618
 31
0.0
  0
LINE
  5
8C7
330
17
100
AcDbEntity
  8
VISIBLE
100
AcDbLine
 10
88.21150948911728
 20
62.39260264571618
 30
0.0
 11
88.21150800958796
 21
62.39260165712605
 31
0.0
  0
LINE
  5
8C8
330
17
100
AcDbEntity
  8
VISIBLE
100
AcDbLine
 10
88.21150800958796
 20
62.39260165712605
 30
0.0
 11
86.69999962616983
 21
61.45268407922484
 31
0.0
  0
LINE
  5
8C9
330
17
100
AcDbEntity
  8
VISIBLE
100
AcDbLine
 10
86.69999962616983
 20
61.45268407922484
 30
0.0
 11
86.69999808512188
 21
61.45268318949945
 31
0.0
  0
LINE
  5
8CA
330
17
100
AcDbEntity
  8
VISIBLE
100
AcDbLine
 10
86.69999808512188
 20
61.45268318949945
 30
0.0
 11
85.13025173049299
 21
60.613635643156414
 31
0.0
  0
LINE
  5
8CB
330
17
100
AcDbEntity
  8
VISIBLE
100
AcDbLine
 10
85.13025173049299
 20
60.613635643156414
 30
0.0
 11
85.13025013455118
 21
60.61363485612476
 31
0.0
  0
LINE
  5
8CC
330
17
100
AcDbEntity
  8
VISIBLE
100
AcDbLine
 10
85.13025013455118
 20
60.61363485612476
 30
0.0
 11
83.50898825222419
 21
59.87905078255834
 31
0.0
  0
LINE
  5
8CD
330
17
100
AcDbEntity
  8
VISIBLE
100
AcDbLine
 10
83.50898825222419
 20
59.87905078255834
 30
0.0
 11
83.50898660823587
 21
59.879050101596164
 31
0.0
  0
LINE
  5
8CE
330
17
100
AcDbEntity
  8
VISIBLE
100
AcDbLine
 10
83.50898660823587
 20
59.879050101596164
 30
0.0
 11
81.8431528939721
 21
59.25207471555985
 31
0.0
  0
LINE
  5
8CF
330
17
100
AcDbEntity
  8
VISIBLE
100
AcDbLine
 10
81.8431528939721
 20
59.25207471555985
 30
0.0
 11
81.84315120894675
 21
59.25207414357152
 31
0.0
  0
LINE
  5
8D0
330
17
100
AcDbEntity
  8
VISIBLE
100
AcDbLine
 10
81.84315120894675
 20
59.25207414357152
 30
0.0
 11
80.13987723212614
 21
58.73539298924581
 31
0.0
  0
LINE
  5
8D1
330
17
100
AcDbEntity
  8
VISIBLE
100
AcDbLine
 10
80.13987723212614
 20
58.73539298924581
 30
0.0
 11
80.1398755133576
 21
58.735392528703116
 31
0.0
  0
LINE
  5
8D2
330
17
100
AcDbEntity
  8
VISIBLE
100
AcDbLine
 10
80.1398755133576
 20
58.735392528703116
 30
0.0
 11
78.40645592155454
 21
58.331214313604036
 31
0.0
  0
LINE
  5
8D3
330
17
100
AcDbEntity
  8
VISIBLE
100
AcDbLine
 10
78.40645592155454
 20
58.331214313604036
 30
0.0
 11
78.40645417627336
 21
58.331213966445645
 31
0.0
  0
LINE
  5
8D4
330
17
100
AcDbEntity
  8
VISIBLE
100
AcDbLine
 10
78.40645417627336
 20
58.331213966445645
 30
0.0
 11
76.65031188612375
 21
58.041274376095295
 31
0.0
  0
LINE
  5
8D5
330
17
100
AcDbEntity
  8
VISIBLE
100
AcDbLine
 10
76.65031188612375
 20
58.041274376095295
 30
0.0
 11
76.6503101218986
 21
58.04127414383155
 31
0.0
  0
LINE
  5
8D6
330
17
100
AcDbEntity
  8
VISIBLE
100
AcDbLine
 10
76.6503101218986
 20
58.04127414383155
 30
0.0
 11
74.87896449017622
 21
57.86681295359178
 31
0.0
  0
LINE
  5
8D7
330
17
100
AcDbEntity
  8
VISIBLE
100
AcDbLine
 10
74.87896449017622
 20
57.86681295359178
 30
0.0
 11
74.87896271458739
 21
57.86681283721326
 31
0.0
  0
LINE
  5
8D8
330
17
100
AcDbEntity
  8
VISIBLE
100
AcDbLine
 10
74.87896271458739
 20
57.86681283721326
 30
0.0
 11
73.09999937848616
 21
57.80857391231368
 31
0.0
  0
LINE
  5
8D9
330
17
100
AcDbEntity
  8
VISIBLE
100
AcDbLine
 10
73.09999937848616
 20
57.80857391231368
 30
0.0
 11
73.09999759899281
 21
57.80857391231368
 31
0.0
  0
LINE
  5
8DA
330
17
100
AcDbEntity
  8
VISIBLE
100
AcDbLine
 10
73.09999759899281
 20
57.80857391231368
 30
0.0
 11
71.32103426289159
 21
57.86681283721326
 31
0.0
  0
LINE
  5
8DB
330
17
100
AcDbEntity
  8
VISIBLE
100
AcDbLine
 10
71.32103426289159
 20
57.86681283721326
 30
0.0
 11
71.32103248730276
 21
57.86681295359178
 31
0.0
  0
LINE
  5
8DC
330
17
100
AcDbEntity
  8
VISIBLE
100
AcDbLine
 10
71.32103248730276
 20
57.86681295359178
 30
0.0
 11
69.54968685558038
 21
58.04127414383155
 31
0.0
  0
LINE
  5
8DD
330
17
100
AcDbEntity
  8
VISIBLE
100
AcDbLine
 10
69.54968685558038
 20
58.04127414383155
 30
0.0
 11
69.54968509135523
 21
58.041274376095295
 31
0.0
  0
LINE
  5
8DE
330
17
100
AcDbEntity
  8
VISIBLE
100
AcDbLine
 10
69.54968509135523
 20
58.041274376095295
 30
0.0
 11
67.79354280120562
 21
58.331213966445645
 31
0.0
  0
LINE
  5
8DF
330
17
100
AcDbEntity
  8
VISIBLE
100
AcDbLine
 10
67.79354280120562
 20
58.331213966445645
 30
0.0
 11
67.79354105592444
 21
58.331214313604036
 31
0.0
  0
LINE
  5
8E0
330
17
100
AcDbEntity
  8
VISIBLE
100
AcDbLine
 10
67.79354105592444
 20
58.331214313604036
 30
0.0
 11
66.06012146412138
 21
58.735392528703116
 31
0.0
  0
LINE
  5
8E1
330
17
100
AcDbEntity
  8
VISIBLE
100
AcDbLine
 10
66.06012146412138
 20
58.735392528703116
 30
0.0
 11
66.06011974535284
 21
58.73539298924581
 31
0.0
  0
LINE
  5
8E2
330
17
100
AcDbEntity
  8
VISIBLE
100
AcDbLine
 10
66.06011974535284
 20
58.73539298924581
 30
0.0
 11
64.35684576853222
 21
59.25207414357152
 31
0.0
  0
LINE
  5
8E3
330
17
100
AcDbEntity
  8
VISIBLE
100
AcDbLine
 10
64.35684576853222
 20
59.25207414357152
 30
0.0
 11
64.35684408350687
 21
59.25207471555985
 31
0.0
  0
LINE
  5
8E4
330
17
100
AcDbEntity
  8
VISIBLE
100
AcDbLine
 10
64.35684408350687
 20
59.25207471555985
 30
0.0
 11
62.6910103692431
 21
59.879050101596164
 31
0.0
  0
LINE
  5
8E5
330
17
100
AcDbEntity
  8
VISIBLE
100
AcDbLine
 10
62.6910103692431
 20
59.879050101596164
 30
0.0
 11
62.69100872525479
 21
59.87905078255834
 31
0.0
  0
LINE
  5
8E6
330
17
100
AcDbEntity
  8
VISIBLE
100
AcDbLine
 10
62.69100872525479
 20
59.87905078255834
 30
0.0
 11
61.0697468429278
 21
60.61363485612476
 31
0.0
  0
LINE
  5
8E7
330
17
100
AcDbEntity
  8
VISIBLE
100
AcDbLine
 10
61.0697468429278
 20
60.61363485612476
 30
0.0
 11
61.06974524698599
 21
60.613635643156414
 31
0.0
  0
LINE
  5
8E8
330
17
100
AcDbEntity
  8
VISIBLE
100
AcDbLine
 10
61.06974524698599
 20
60.613635643156414
 30
0.0
 11
59.49999889235709
 21
61.45268318949945
 31
0.0
  0
LINE
  5
8E9
330
17
100
AcDbEntity
  8
VISIBLE
100
AcDbLine
 10
59.49999889235709
 20
61.45268318949945
 30
0.0
 11
59.49999735130915
 21
61.45268407922484
 31
0.0
  0
LINE
  5
8EA
330
17
100
AcDbEntity
  8
VISIBLE
100
AcDbLine
 10
59.49999735130915
 20
61.45268407922484
 30
0.0
 11
57.98848896789102
 21
62.39260165712605
 31
0.0
  0
LINE
  5
8EB
330
17
100
AcDbEntity
  8
VISIBLE
100
AcDbLine
 10
57.98848896789102
 20
62.39260165712605
 30
0.0
 11
57.988487488361706
 21
62.39260264571618
 31
0.0
  0
LINE
  5
8EC
330
17
100
AcDbEntity
  8
VISIBLE
100
AcDbLine
 10
57.988487488361706
 20
62.39260264571618
 30
0.0
 11
56.54168774993595
 21
63.42936384622977
 31
0.0
  0
LINE
  5
8ED
330
17
100
AcDbEntity
  8
VISIBLE
100
AcDbLine
 10
56.54168774993595
 20
63.42936384622977
 30
0.0
 11
56.54168633820089
 21
63.4293649294918
 31
0.0
  0
LINE
  5
8EE
330
17
100
AcDbEntity
  8
VISIBLE
100
AcDbLine
 10
56.54168633820089
 20
63.4293649294918
 30
0.0
 11
55.16579316795455
 21
64.55853135678501
 31
0.0
  0
LINE
  5
8EF
330
17
100
AcDbEntity
  8
VISIBLE
100
AcDbLine
 10
55.16579316795455
 20
64.55853135678501
 30
0.0
 11
55.16579183011032
 21
64.55853253004236
 31
0.0
  0
LINE
  5
8F0
330
17
100
AcDbEntity
  8
VISIBLE
100
AcDbLine
 10
55.16579183011032
 20
64.55853253004236
 30
0.0
 11
53.86669416105576
 21
65.775269060167
 31
0.0
  0
LINE
  5
8F1
330
17
100
AcDbEntity
  8
VISIBLE
100
AcDbLine
 10
53.86669416105576
 20
65.775269060167
 30
0.0
 11
53.866692902781494
 21
65.77527031844127
 31
0.0
  0
LINE
  5
8F2
330
17
100
AcDbEntity
  8
VISIBLE
100
AcDbLine
 10
53.866692902781494
 20
65.77527031844127
 30
0.0
 11
52.649956372656845
 21
67.07436798749583
 31
0.0
  0
LINE
  5
8F3
330
17
100
AcDbEntity
  8
VISIBLE
100
AcDbLine
 10
52.649956372656845
 20
67.07436798749583
 30
0.0
 11
52.6499551993995
 21
67.07436932534006
 31
0.0
  0
LINE
  5
8F4
330
17
100
AcDbEntity
  8
VISIBLE
100
AcDbLine
 10
52.6499551993995
 20
67.07436932534006
 30
0.0
 11
51.520788772106286
 21
68.4502624955864
 31
0.0
  0
LINE
  5
8F5
330
17
100
AcDbEntity
  8
VISIBLE
100
AcDbLine
 10
51.520788772106286
 20
68.4502624955864
 30
0.0
 11
51.52078768884426
 21
68.45026390732147
 31
0.0
  0
LINE
  5
8F6
330
17
100
AcDbEntity
  8
VISIBLE
100
AcDbLine
 10
51.52078768884426
 20
68.45026390732147
 30
0.0
 11
50.48402648833067
 21
69.89706364574721
 31
0.0
  0
LINE
  5
8F7
330
17
100
AcDbEntity
  8
VISIBLE
100
AcDbLine
 10
50.48402648833067
 20
69.89706364574721
 30
0.0
 11
50.48402549974054
 21
69.89706512527653
 31
0.0
  0
LINE
  5
8F8
330
17
100
AcDbEntity
  8
VISIBLE
100
AcDbLine
 10
50.48402549974054
 20
69.89706512527653
 30
0.0
 11
49.54410792183933
 21
71.40857350869466
 31
0.0
  0
LINE
  5
8F9
330
17
100
AcDbEntity
  8
VISIBLE
100
AcDbLine
 10
49.54410792183933
 20
71.40857350869466
 30
0.0
 11
49.54410703211394
 21
71.40857504974261
 31
0.0
  0
LINE
  5
8FA
330
17
100
AcDbEntity
  8
VISIBLE
100
AcDbLine
 10
49.54410703211394
 20
71.40857504974261
 30
0.0
 11
48.7050594857709
 21
72.9783214043715
 31
0.0
  0
LINE
  5
8FB
330
17
100
AcDbEntity
  8
VISIBLE
100
AcDbLine
 10
48.7050594857709
 20
72.9783214043715
 30
0.0
 11
48.70505869873925
 21
72.97832300031331
 31
0.0
  0
LINE
  5
8FC
330
17
100
AcDbEntity
  8
VISIBLE
100
AcDbLine
 10
48.70505869873925
 20
72.97832300031331
 30
0.0
 11
47.97047462517283
 21
74.5995848826403
 31
0.0
  0
LINE
  5
8FD
330
17
100
AcDbEntity
  8
VISIBLE
100
AcDbLine
 10
47.97047462517283
 20
74.5995848826403
 30
0.0
 11
47.97047394421065
 21
74.59958652662861
 31
0.0
  0
LINE
  5
8FE
330
17
100
AcDbEntity
  8
VISIBLE
100
AcDbLine
 10
47.97047394421065
 20
74.59958652662861
 30
0.0
 11
47.34349855817434
 21
76.26542024089238
 31
0.0
  0
LINE
  5
8FF
330
17
100
AcDbEntity
  8
VISIBLE
100
AcDbLine
 10
47.34349855817434
 20
76.26542024089238
 30
0.0
 11
47.34349798618601
 21
76.26542192591774
 31
0.0
  0
LINE
  5
900
330
17
100
AcDbEntity
  8
VISIBLE
100
AcDbLine
 10
47.34349798618601
 20
76.26542192591774
 30
0.0
 11
46.8268168318603
 21
77.96869590273835
 31
0.0
  0
LINE
  5
901
330
17
100
AcDbEntity
  8
VISIBLE
100
AcDbLine
 10
46.8268168318603
 20
77.96869590273835
 30
0.0
 11
46.826816371317605
 21
77.96869762150689
 31
0.0
  0
LINE
  5
902
330
17
100
AcDbEntity
  8
VISIBLE
100
AcDbLine
 10
46.826816371317605
 20
77.96869762150689
 30
0.0
 11
46.422638156218525
 21
79.70211721330995
 31
0.0
  0
LINE
  5
903
330
17
100
AcDbEntity
  8
VISIBLE
100
AcDbLine
 10
46.422638156218525
 20
79.70211721330995
 30
0.0
 11
46.422637809060134
 21
79.70211895859113
 31
0.0
  0
LINE
  5
904
330
17
100
AcDbEntity
  8
VISIBLE
100
AcDbLine
 10
46.422637809060134
 20
79.70211895859113
 30
0.0
 11
46.132698218709784
 21
81.45826124874074
 31
0.0
  0
LINE
  5
905
330
17
100
AcDbEntity
  8
OCULTA
100
AcDbLine
 10
52.64995576413011
 20
67.07436863721387
 30
0.0
 11
51.52078820736742
 21
68.45026318372265
 31
0.0
  0
LINE
  5
906
330
17
100
AcDbEntity
  8
OCULTA
100
AcDbLine
 10
50.48402596981859
 20
69.89706436933056
 30
0.0
 11
51.52078820736742
 21
68.45026318372265
 31
0.0
  0
LINE
  5
907
330
17
100
AcDbEntity
  8
OCULTA
100
AcDbLine
 10
55.165792479828355
 20
64.55853192151562
 30
0.0
 11
56.541687026337144
 21
63.42936436475293
 31
0.0
  0
LINE
  5
908
330
17
100
AcDbEntity
  8
OCULTA
100
AcDbLine
 10
56.541687026337144
 20
63.42936436475293
 30
0.0
 11
57.988488211945054
 21
62.3926021272041
 31
0.0
  0
LINE
  5
909
330
17
100
AcDbEntity
  8
OCULTA
100
AcDbLine
 10
52.64995576413011
 20
67.07436863721387
 30
0.0
 11
53.866693511322495
 21
65.775269668708
 31
0.0
  0
LINE
  5
90A
330
17
100
AcDbEntity
  8
OCULTA
100
AcDbLine
 10
55.165792479828355
 20
64.55853192151562
 30
0.0
 11
53.866693511322495
 21
65.775269668708
 31
0.0
  0
LINE
  5
90B
330
17
100
AcDbEntity
  8
OCULTA
100
AcDbLine
 10
48.705059066132065
 20
72.97832218945996
 30
0.0
 11
47.970474257782456
 21
74.59958569348828
 31
0.0
  0
LINE
  5
90C
330
17
100
AcDbEntity
  8
OCULTA
100
AcDbLine
 10
47.970474257782456
 20
74.59958569348828
 30
0.0
 11
47.34349824459886
 21
76.26542107404248
 31
0.0
  0
LINE
  5
90D
330
17
100
AcDbEntity
  8
OCULTA
100
AcDbLine
 10
47.34349824459886
 20
76.26542107404248
 30
0.0
 11
46.826816573456284
 21
77.96869675458447
 31
0.0
  0
LINE
  5
90E
330
17
100
AcDbEntity
  8
OCULTA
100
AcDbLine
 10
50.48402596981859
 20
69.89706436933056
 30
0.0
 11
49.54410745175218
 21
71.40857426465527
 31
0.0
  0
LINE
  5
90F
330
17
100
AcDbEntity
  8
OCULTA
100
AcDbLine
 10
48.705059066132065
 20
72.97832218945996
 30
0.0
 11
49.54410745175218
 21
71.40857426465527
 31
0.0
  0
LINE
  5
910
330
17
100
AcDbEntity
  8
OCULTA
100
AcDbLine
 10
46.826816573456284
 20
77.96869675458447
 30
0.0
 11
46.42263795407152
 21
79.70211808026806
 31
0.0
  0
LINE
  5
911
330
17
100
AcDbEntity
  8
OCULTA
100
AcDbLine
 10
46.42263795407152
 20
79.70211808026806
 30
0.0
 11
46.132698073700425
 21
81.45826212705151
 31
0.0
  0
LINE
  5
912
330
17
100
AcDbEntity
  8
OCULTA
100
AcDbLine
 10
46.132698073700425
 20
81.45826212705151
 30
0.0
 11
45.95823670895433
 21
83.22960953057782
 31
0.0
  0
LINE
  5
913
330
17
100
AcDbEntity
  8
OCULTA
100
AcDbLine
 10
61.06974603207445
 20
60.613635223517576
 30
0.0
 11
62.69100953610277
 21
59.87905041516797
 31
0.0
  0
LINE
  5
914
330
17
100
AcDbEntity
  8
OCULTA
100
AcDbLine
 10
57.988488211945054
 20
62.3926021272041
 30
0.0
 11
59.49999810726976
 21
61.452683609137694
 31
0.0
  0
LINE
  5
915
330
17
100
AcDbEntity
  8
OCULTA
100
AcDbLine
 10
61.06974603207445
 20
60.613635223517576
 30
0.0
 11
59.49999810726976
 21
61.452683609137694
 31
0.0
  0
LINE
  5
916
330
17
100
AcDbEntity
  8
OCULTA
100
AcDbLine
 10
62.69100953610277
 20
59.87905041516797
 30
0.0
 11
64.35684491665697
 21
59.25207440198437
 31
0.0
  0
LINE
  5
917
330
17
100
AcDbEntity
  8
OCULTA
100
AcDbLine
 10
64.35684491665697
 20
59.25207440198437
 30
0.0
 11
66.06012059719896
 21
58.735392730841795
 31
0.0
  0
LINE
  5
918
330
17
100
AcDbEntity
  8
OCULTA
100
AcDbLine
 10
66.06012059719896
 20
58.735392730841795
 30
0.0
 11
67.79354192288255
 21
58.33121411145703
 31
0.0
  0
LINE
  5
919
330
17
100
AcDbEntity
  8
OCULTA
100
AcDbLine
 10
67.79354192288255
 20
58.33121411145703
 30
0.0
 11
69.549685969666
 21
58.041274231085936
 31
0.0
  0
LINE
  5
91A
330
17
100
AcDbEntity
  8
OCULTA
100
AcDbLine
 10
69.549685969666
 20
58.041274231085936
 30
0.0
 11
71.32103337319231
 21
57.86681286633984
 31
0.0
  0
LINE
  5
91B
330
17
100
AcDbEntity
  8
OCULTA
100
AcDbLine
 10
71.32103337319231
 20
57.86681286633984
 30
0.0
 11
73.09999848873949
 21
57.808573883185545
 31
0.0
  0
LINE
  5
91C
330
17
100
AcDbEntity
  8
OCULTA
100
AcDbLine
 10
52.21516610653734
 20
77.508574646125
 30
0.0
 11
52.21516610653734
 21
77.508574646125
 31
0.0
  0
LINE
  5
91D
330
17
100
AcDbEntity
  8
OCULTA
100
AcDbLine
 10
52.21516610653734
 20
77.508574646125
 30
0.0
 11
52.07814981015062
 21
77.87261835874097
 31
0.0
  0
LINE
  5
91E
330
17
100
AcDbEntity
  8
OCULTA
100
AcDbLine
 10
52.07814981015062
 20
77.87261835874097
 30
0.0
 11
51.65644456417894
 21
79.26279179395215
 31
0.0
  0
LINE
  5
91F
330
17
100
AcDbEntity
  8
OCULTA
100
AcDbLine
 10
51.65644456417894
 20
79.26279179395215
 30
0.0
 11
51.32656480343675
 21
80.67756954968945
 31
0.0
  0
LINE
  5
920
330
17
100
AcDbEntity
  8
OCULTA
100
AcDbLine
 10
51.32656480343675
 20
80.67756954968945
 30
0.0
 11
51.08992196591234
 21
82.11089317143933
 31
0.0
  0
LINE
  5
921
330
17
100
AcDbEntity
  8
OCULTA
100
AcDbLine
 10
50.947530761078355
 20
83.55662516892926
 30
0.0
 11
51.08992196591234
 21
82.11089317143933
 31
0.0
  0
LINE
  5
922
330
17
100
AcDbEntity
  8
OCULTA
100
AcDbLine
 10
52.21516610653734
 20
77.508574646125
 30
0.0
 11
55.430597319916245
 21
77.508574646125
 31
0.0
  0
LINE
  5
923
330
17
100
AcDbEntity
  8
OCULTA
100
AcDbLine
 10
55.430597319916245
 20
77.508574646125
 30
0.0
 11
55.430597319916245
 21
77.508574646125
 31
0.0
  0
LINE
  5
924
330
17
100
AcDbEntity
  8
OCULTA
100
AcDbLine
 10
55.430597319916245
 20
77.508574646125
 30
0.0
 11
55.361511245087144
 21
77.66105286420361
 31
0.0
  0
LINE
  5
925
330
17
100
AcDbEntity
  8
OCULTA
100
AcDbLine
 10
58.74967958004808
 20
77.508574646125
 30
0.0
 11
58.74967958004808
 21
77.508574646125
 31
0.0
  0
LINE
  5
926
330
17
100
AcDbEntity
  8
OCULTA
100
AcDbLine
 10
55.361511245087144
 20
77.66105286420361
 30
0.0
 11
54.918939605072495
 21
78.83693711102978
 31
0.0
  0
LINE
  5
927
330
17
100
AcDbEntity
  8
OCULTA
100
AcDbLine
 10
54.268920913055894
 20
81.26284043134228
 30
0.0
 11
54.55422212155199
 21
80.03924910367505
 31
0.0
  0
LINE
  5
928
330
17
100
AcDbEntity
  8
OCULTA
100
AcDbLine
 10
54.918939605072495
 20
78.83693711102978
 30
0.0
 11
54.55422212155199
 21
80.03924910367505
 31
0.0
  0
LINE
  5
929
330
17
100
AcDbEntity
  8
OCULTA
100
AcDbLine
 10
54.268920913055894
 20
81.26284043134228
 30
0.0
 11
54.064256682709214
 21
82.50247184575574
 31
0.0
  0
LINE
  5
92A
330
17
100
AcDbEntity
  8
OCULTA
100
AcDbLine
 10
54.064256682709214
 20
82.50247184575574
 30
0.0
 11
53.94110681088304
 21
83.75283459962384
 31
0.0
  0
LINE
  5
92B
330
17
100
AcDbEntity
  8
OCULTA
100
AcDbLine
 10
65.59999848873949
 20
64.12374226392285
 30
0.0
 11
65.59999848873949
 21
64.12374226392285
 31
0.0
  0
LINE
  5
92C
330
17
100
AcDbEntity
  8
OCULTA
100
AcDbLine
 10
65.59999848873949
 20
64.12374226392285
 30
0.0
 11
65.96404220135545
 21
63.98672596753613
 31
0.0
  0
LINE
  5
92D
330
17
100
AcDbEntity
  8
OCULTA
100
AcDbLine
 10
65.59999848873949
 20
64.12374226392285
 30
0.0
 11
65.59999848873949
 21
67.33917347730176
 31
0.0
  0
LINE
  5
92E
330
17
100
AcDbEntity
  8
OCULTA
100
AcDbLine
 10
65.59999848873949
 20
67.33917347730176
 30
0.0
 11
65.59999848873949
 21
67.33917347730176
 31
0.0
  0
LINE
  5
92F
330
17
100
AcDbEntity
  8
OCULTA
100
AcDbLine
 10
65.59999848873949
 20
67.33917347730176
 30
0.0
 11
65.7524767068181
 21
67.27008740247265
 31
0.0
  0
LINE
  5
930
330
17
100
AcDbEntity
  8
OCULTA
100
AcDbLine
 10
65.59999848873949
 20
70.65825573743359
 30
0.0
 11
65.59999848873949
 21
70.65825573743359
 31
0.0
  0
LINE
  5
931
330
17
100
AcDbEntity
  8
OCULTA
100
AcDbLine
 10
65.96404220135545
 20
63.98672596753613
 30
0.0
 11
67.35421563656664
 21
63.56502072156445
 31
0.0
  0
LINE
  5
932
330
17
100
AcDbEntity
  8
OCULTA
100
AcDbLine
 10
67.35421563656664
 20
63.56502072156445
 30
0.0
 11
68.76899339230394
 21
63.235140960822264
 31
0.0
  0
LINE
  5
933
330
17
100
AcDbEntity
  8
OCULTA
100
AcDbLine
 10
68.76899339230394
 20
63.235140960822264
 30
0.0
 11
70.20231701405382
 21
62.99849812329785
 31
0.0
  0
LINE
  5
934
330
17
100
AcDbEntity
  8
OCULTA
100
AcDbLine
 10
70.20231701405382
 20
62.99849812329785
 30
0.0
 11
71.64804901154375
 21
62.856106918463865
 31
0.0
  0
LINE
  5
935
330
17
100
AcDbEntity
  8
OCULTA
100
AcDbLine
 10
71.64804901154375
 20
62.856106918463865
 30
0.0
 11
73.09999848873949
 21
62.808573883185545
 31
0.0
  0
LINE
  5
936
330
17
100
AcDbEntity
  8
OCULTA
100
AcDbLine
 10
65.7524767068181
 20
67.27008740247265
 30
0.0
 11
66.92836095364427
 21
66.827515762458
 31
0.0
  0
LINE
  5
937
330
17
100
AcDbEntity
  8
OCULTA
100
AcDbLine
 10
66.92836095364427
 20
66.827515762458
 30
0.0
 11
68.13067294628954
 21
66.4627982789375
 31
0.0
  0
LINE
  5
938
330
17
100
AcDbEntity
  8
OCULTA
100
AcDbLine
 10
69.35426427395677
 20
66.1774970704414
 30
0.0
 11
68.13067294628954
 21
66.4627982789375
 31
0.0
  0
LINE
  5
939
330
17
100
AcDbEntity
  8
OCULTA
100
AcDbLine
 10
69.35426427395677
 20
66.1774970704414
 30
0.0
 11
70.59389568837022
 21
65.97283284009472
 31
0.0
  0
LINE
  5
93A
330
17
100
AcDbEntity
  8
OCULTA
100
AcDbLine
 10
70.59389568837022
 20
65.97283284009472
 30
0.0
 11
71.84425844223833
 21
65.84968296826855
 31
0.0
  0
LINE
  5
93B
330
17
100
AcDbEntity
  8
OCULTA
100
AcDbLine
 10
71.84425844223833
 20
65.84968296826855
 30
0.0
 11
73.09999848873949
 21
65.80857388318555
 31
0.0
  0
LINE
  5
93C
330
17
100
AcDbEntity
  8
OCULTA
100
AcDbLine
 10
45.95823670895433
 20
83.22960953057782
 30
0.0
 11
45.899997725800034
 21
85.008574646125
 31
0.0
  0
LINE
  5
93D
330
17
100
AcDbEntity
  8
OCULTA
100
AcDbLine
 10
45.899997725800034
 20
85.008574646125
 30
0.0
 11
45.95823670895433
 21
86.78753976167218
 31
0.0
  0
LINE
  5
93E
330
17
100
AcDbEntity
  8
OCULTA
100
AcDbLine
 10
47.62237168820238
 20
87.49553839505688
 30
0.0
 11
47.62237168820238
 21
87.49553839505688
 31
0.0
  0
LINE
  5
93F
330
17
100
AcDbEntity
  8
OCULTA
100
AcDbLine
 10
45.95823670895433
 20
86.78753976167218
 30
0.0
 11
46.132698073700425
 21
88.55888716519848
 31
0.0
  0
LINE
  5
940
330
17
100
AcDbEntity
  8
OCULTA
100
AcDbLine
 10
46.132698073700425
 20
88.55888716519848
 30
0.0
 11
46.42263795407152
 21
90.31503121198193
 31
0.0
  0
LINE
  5
941
330
17
100
AcDbEntity
  8
OCULTA
100
AcDbLine
 10
47.62237168820238
 20
87.49553839505688
 30
0.0
 11
47.62237168820238
 21
93.49553887189404
 31
0.0
  0
LINE
  5
942
330
17
100
AcDbEntity
  8
OCULTA
100
AcDbLine
 10
46.42263795407152
 20
90.31503121198193
 30
0.0
 11
46.826816573456284
 21
92.04845253766553
 31
0.0
  0
LINE
  5
943
330
17
100
AcDbEntity
  8
OCULTA
100
AcDbLine
 10
46.826816573456284
 20
92.04845253766553
 30
0.0
 11
47.34349824459886
 21
93.75172821820752
 31
0.0
  0
LINE
  5
944
330
17
100
AcDbEntity
  8
OCULTA
100
AcDbLine
 10
47.62237168820238
 20
87.49553839505688
 30
0.0
 11
47.62237168820238
 21
93.49553887189404
 31
0.0
  0
LINE
  5
945
330
17
100
AcDbEntity
  8
OCULTA
100
AcDbLine
 10
47.62237168820238
 20
93.49553887189404
 30
0.0
 11
47.62237168820238
 21
93.49553887189404
 31
0.0
  0
LINE
  5
946
330
17
100
AcDbEntity
  8
OCULTA
100
AcDbLine
 10
47.34349824459886
 20
93.75172821820752
 30
0.0
 11
47.970474257782456
 21
95.41756359876172
 31
0.0
  0
LINE
  5
947
330
17
100
AcDbEntity
  8
OCULTA
100
AcDbLine
 10
47.970474257782456
 20
95.41756359876172
 30
0.0
 11
48.705059066132065
 21
97.03882710279004
 31
0.0
  0
LINE
  5
948
330
17
100
AcDbEntity
  8
OCULTA
100
AcDbLine
 10
47.62237168820238
 20
87.49553839505688
 30
0.0
 11
57.62237073452806
 21
87.49553839505688
 31
0.0
  0
LINE
  5
949
330
17
100
AcDbEntity
  8
OCULTA
100
AcDbLine
 10
47.62237168820238
 20
87.49553839505688
 30
0.0
 11
57.62237073452806
 21
87.49553839505688
 31
0.0
  0
LINE
  5
94A
330
17
100
AcDbEntity
  8
OCULTA
100
AcDbLine
 10
57.62237073452806
 20
87.49553839505688
 30
0.0
 11
57.62237073452806
 21
87.49553839505688
 31
0.0
  0
LINE
  5
94B
330
17
100
AcDbEntity
  8
OCULTA
100
AcDbLine
 10
47.62237168820238
 20
93.49553887189404
 30
0.0
 11
57.62237073452806
 21
93.49553887189404
 31
0.0
  0
LINE
  5
94C
330
17
100
AcDbEntity
  8
OCULTA
100
AcDbLine
 10
57.62237073452806
 20
87.49553839505688
 30
0.0
 11
57.62237073452806
 21
93.49553887189404
 31
0.0
  0
LINE
  5
94D
330
17
100
AcDbEntity
  8
OCULTA
100
AcDbLine
 10
47.62237168820238
 20
93.49553887189404
 30
0.0
 11
57.62237073452806
 21
93.49553887189404
 31
0.0
  0
LINE
  5
94E
330
17
100
AcDbEntity
  8
OCULTA
100
AcDbLine
 10
57.62237073452806
 20
87.49553839505688
 30
0.0
 11
57.62237073452806
 21
93.49553887189404
 31
0.0
  0
LINE
  5
94F
330
17
100
AcDbEntity
  8
OCULTA
100
AcDbLine
 10
57.62237073452806
 20
93.49553887189404
 30
0.0
 11
57.62237073452806
 21
93.49553887189404
 31
0.0
  0
LINE
  5
950
330
17
100
AcDbEntity
  8
OCULTA
100
AcDbLine
 10
48.705059066132065
 20
97.03882710279004
 30
0.0
 11
49.54410745175218
 21
98.60857502759472
 31
0.0
  0
LINE
  5
951
330
17
100
AcDbEntity
  8
OCULTA
100
AcDbLine
 10
49.54410745175218
 20
98.60857502759472
 30
0.0
 11
50.48402596981859
 21
100.12008492291943
 31
0.0
  0
LINE
  5
952
330
17
100
AcDbEntity
  8
OCULTA
100
AcDbLine
 10
50.48402596981859
 20
100.12008492291943
 30
0.0
 11
51.52078820736742
 21
101.56688610852734
 31
0.0
  0
LINE
  5
953
330
17
100
AcDbEntity
  8
OCULTA
100
AcDbLine
 10
51.52078820736742
 20
101.56688610852734
 30
0.0
 11
52.64995576413011
 21
102.94278065503613
 31
0.0
  0
LINE
  5
954
330
17
100
AcDbEntity
  8
OCULTA
100
AcDbLine
 10
52.64995576413011
 20
102.94278065503613
 30
0.0
 11
53.866693511322495
 21
104.24187962354199
 31
0.0
  0
LINE
  5
955
330
17
100
AcDbEntity
  8
OCULTA
100
AcDbLine
 10
53.866693511322495
 20
104.24187962354199
 30
0.0
 11
55.165792479828355
 21
105.45861737073437
 31
0.0
  0
LINE
  5
956
330
17
100
AcDbEntity
  8
OCULTA
100
AcDbLine
 10
55.165792479828355
 20
105.45861737073437
 30
0.0
 11
56.541687026337144
 21
106.58778492749707
 31
0.0
  0
LINE
  5
957
330
17
100
AcDbEntity
  8
OCULTA
100
AcDbLine
 10
56.541687026337144
 20
106.58778492749707
 30
0.0
 11
57.988488211945054
 21
107.6245471650459
 31
0.0
  0
LINE
  5
958
330
17
100
AcDbEntity
  8
OCULTA
100
AcDbLine
 10
57.988488211945054
 20
107.6245471650459
 30
0.0
 11
59.49999810726976
 21
108.5644656831123
 31
0.0
  0
LINE
  5
959
330
17
100
AcDbEntity
  8
OCULTA
100
AcDbLine
 10
59.49999810726976
 20
108.5644656831123
 30
0.0
 11
61.06974603207445
 21
109.40351406873242
 31
0.0
  0
LINE
  5
95A
330
17
100
AcDbEntity
  8
OCULTA
100
AcDbLine
 10
61.06974603207445
 20
109.40351406873242
 30
0.0
 11
62.69100953610277
 21
110.13809887708203
 31
0.0
  0
LINE
  5
95B
330
17
100
AcDbEntity
  8
OCULTA
100
AcDbLine
 10
62.69100953610277
 20
110.13809887708203
 30
0.0
 11
64.35684491665697
 21
110.76507489026562
 31
0.0
  0
LINE
  5
95C
330
17
100
AcDbEntity
  8
OCULTA
100
AcDbLine
 10
64.35684491665697
 20
110.76507489026562
 30
0.0
 11
66.06012059719896
 21
111.2817565614082
 31
0.0
  0
LINE
  5
95D
330
17
100
AcDbEntity
  8
OCULTA
100
AcDbLine
 10
66.06012059719896
 20
111.2817565614082
 30
0.0
 11
67.79354192288255
 21
111.68593518079297
 31
0.0
  0
LINE
  5
95E
330
17
100
AcDbEntity
  8
OCULTA
100
AcDbLine
 10
67.79354192288255
 20
111.68593518079297
 30
0.0
 11
69.549685969666
 21
111.97587506116406
 31
0.0
  0
LINE
  5
95F
330
17
100
AcDbEntity
  8
OCULTA
100
AcDbLine
 10
69.549685969666
 20
111.97587506116406
 30
0.0
 11
71.32103337319231
 21
112.15033642591015
 31
0.0
  0
LINE
  5
960
330
17
100
AcDbEntity
  8
OCULTA
100
AcDbLine
 10
50.947530761078355
 20
83.55662516892926
 30
0.0
 11
50.899997725800034
 21
85.008574646125
 31
0.0
  0
LINE
  5
961
330
17
100
AcDbEntity
  8
OCULTA
100
AcDbLine
 10
50.899997725800034
 20
85.008574646125
 30
0.0
 11
50.947530761078355
 21
86.46052412332074
 31
0.0
  0
LINE
  5
962
330
17
100
AcDbEntity
  8
OCULTA
100
AcDbLine
 10
50.947530761078355
 20
86.46052412332074
 30
0.0
 11
51.08992196591234
 21
87.90625612081067
 31
0.0
  0
LINE
  5
963
330
17
100
AcDbEntity
  8
OCULTA
100
AcDbLine
 10
51.08992196591234
 20
87.90625612081067
 30
0.0
 11
51.32656480343675
 21
89.33957974256055
 31
0.0
  0
LINE
  5
964
330
17
100
AcDbEntity
  8
OCULTA
100
AcDbLine
 10
51.32656480343675
 20
89.33957974256055
 30
0.0
 11
51.65644456417894
 21
90.75435749829785
 31
0.0
  0
LINE
  5
965
330
17
100
AcDbEntity
  8
OCULTA
100
AcDbLine
 10
51.65644456417894
 20
90.75435749829785
 30
0.0
 11
52.07814981015062
 21
92.14453093350903
 31
0.0
  0
LINE
  5
966
330
17
100
AcDbEntity
  8
OCULTA
100
AcDbLine
 10
52.21516610653734
 20
92.508574646125
 30
0.0
 11
52.21516610653734
 21
92.508574646125
 31
0.0
  0
LINE
  5
967
330
17
100
AcDbEntity
  8
OCULTA
100
AcDbLine
 10
52.07814981015062
 20
92.14453093350903
 30
0.0
 11
52.21516610653734
 21
92.508574646125
 31
0.0
  0
LINE
  5
968
330
17
100
AcDbEntity
  8
OCULTA
100
AcDbLine
 10
53.94110681088304
 20
83.75283459962384
 30
0.0
 11
53.899997725800034
 21
85.008574646125
 31
0.0
  0
LINE
  5
969
330
17
100
AcDbEntity
  8
OCULTA
100
AcDbLine
 10
53.899997725800034
 20
85.008574646125
 30
0.0
 11
53.94110681088304
 21
86.26431469262616
 31
0.0
  0
LINE
  5
96A
330
17
100
AcDbEntity
  8
OCULTA
100
AcDbLine
 10
53.94110681088304
 20
86.26431469262616
 30
0.0
 11
54.064256682709214
 21
87.51467744649426
 31
0.0
  0
LINE
  5
96B
330
17
100
AcDbEntity
  8
OCULTA
100
AcDbLine
 10
54.064256682709214
 20
87.51467744649426
 30
0.0
 11
54.268920913055894
 21
88.75430886090771
 31
0.0
  0
LINE
  5
96C
330
17
100
AcDbEntity
  8
OCULTA
100
AcDbLine
 10
54.268920913055894
 20
88.75430886090771
 30
0.0
 11
54.55422212155199
 21
89.97790018857495
 31
0.0
  0
LINE
  5
96D
330
17
100
AcDbEntity
  8
OCULTA
100
AcDbLine
 10
54.55422212155199
 20
89.97790018857495
 30
0.0
 11
54.918939605072495
 21
91.18021218122021
 31
0.0
  0
LINE
  5
96E
330
17
100
AcDbEntity
  8
OCULTA
100
AcDbLine
 10
54.918939605072495
 20
91.18021218122021
 30
0.0
 11
55.361511245087144
 21
92.35609642804638
 31
0.0
  0
LINE
  5
96F
330
17
100
AcDbEntity
  8
OCULTA
100
AcDbLine
 10
52.21516610653734
 20
92.508574646125
 30
0.0
 11
55.430597319916245
 21
92.508574646125
 31
0.0
  0
LINE
  5
970
330
17
100
AcDbEntity
  8
OCULTA
100
AcDbLine
 10
55.430597319916245
 20
92.508574646125
 30
0.0
 11
55.430597319916245
 21
92.508574646125
 31
0.0
  0
LINE
  5
971
330
17
100
AcDbEntity
  8
OCULTA
100
AcDbLine
 10
55.361511245087144
 20
92.35609642804638
 30
0.0
 11
55.430597319916245
 21
92.508574646125
 31
0.0
  0
LINE
  5
972
330
17
100
AcDbEntity
  8
OCULTA
100
AcDbLine
 10
58.74967958004808
 20
92.508574646125
 30
0.0
 11
58.74967958004808
 21
92.508574646125
 31
0.0
  0
LINE
  5
973
330
17
100
AcDbEntity
  8
OCULTA
100
AcDbLine
 10
65.59999848873949
 20
99.3588935548164
 30
0.0
 11
65.59999848873949
 21
99.3588935548164
 31
0.0
  0
LINE
  5
974
330
17
100
AcDbEntity
  8
OCULTA
100
AcDbLine
 10
65.59999848873949
 20
102.67797581494824
 30
0.0
 11
65.59999848873949
 21
102.67797581494824
 31
0.0
  0
LINE
  5
975
330
17
100
AcDbEntity
  8
OCULTA
100
AcDbLine
 10
65.59999848873949
 20
102.67797581494824
 30
0.0
 11
65.7524767068181
 21
102.74706188977734
 31
0.0
  0
LINE
  5
976
330
17
100
AcDbEntity
  8
OCULTA
100
AcDbLine
 10
65.59999848873949
 20
105.89340702832715
 30
0.0
 11
65.59999848873949
 21
105.89340702832715
 31
0.0
  0
LINE
  5
977
330
17
100
AcDbEntity
  8
OCULTA
100
AcDbLine
 10
65.59999848873949
 20
102.67797581494824
 30
0.0
 11
65.59999848873949
 21
105.89340702832715
 31
0.0
  0
LINE
  5
978
330
17
100
AcDbEntity
  8
OCULTA
100
AcDbLine
 10
65.59999848873949
 20
105.89340702832715
 30
0.0
 11
65.96404220135545
 21
106.03042332471387
 31
0.0
  0
LINE
  5
979
330
17
100
AcDbEntity
  8
OCULTA
100
AcDbLine
 10
65.7524767068181
 20
102.74706188977734
 30
0.0
 11
66.92836095364427
 21
103.18963352979199
 31
0.0
  0
LINE
  5
97A
330
17
100
AcDbEntity
  8
OCULTA
100
AcDbLine
 10
66.92836095364427
 20
103.18963352979199
 30
0.0
 11
68.13067294628954
 21
103.5543510133125
 31
0.0
  0
LINE
  5
97B
330
17
100
AcDbEntity
  8
OCULTA
100
AcDbLine
 10
68.13067294628954
 20
103.5543510133125
 30
0.0
 11
69.35426427395677
 21
103.83965222180859
 31
0.0
  0
LINE
  5
97C
330
17
100
AcDbEntity
  8
OCULTA
100
AcDbLine
 10
69.35426427395677
 20
103.83965222180859
 30
0.0
 11
70.59389568837022
 21
104.04431645215527
 31
0.0
  0
LINE
  5
97D
330
17
100
AcDbEntity
  8
OCULTA
100
AcDbLine
 10
70.59389568837022
 20
104.04431645215527
 30
0.0
 11
71.84425844223833
 21
104.16746632398144
 31
0.0
  0
LINE
  5
97E
330
17
100
AcDbEntity
  8
OCULTA
100
AcDbLine
 10
65.96404220135545
 20
106.03042332471387
 30
0.0
 11
67.35421563656664
 21
106.45212857068555
 31
0.0
  0
LINE
  5
97F
330
17
100
AcDbEntity
  8
OCULTA
100
AcDbLine
 10
67.35421563656664
 20
106.45212857068555
 30
0.0
 11
68.76899339230394
 21
106.78200833142773
 31
0.0
  0
LINE
  5
980
330
17
100
AcDbEntity
  8
OCULTA
100
AcDbLine
 10
68.76899339230394
 20
106.78200833142773
 30
0.0
 11
70.20231701405382
 21
107.01865116895215
 31
0.0
  0
LINE
  5
981
330
17
100
AcDbEntity
  8
OCULTA
100
AcDbLine
 10
70.20231701405382
 20
107.01865116895215
 30
0.0
 11
71.64804901154375
 21
107.16104237378613
 31
0.0
  0
LINE
  5
982
330
17
100
AcDbEntity
  8
OCULTA
100
AcDbLine
 10
73.09999848873949
 20
57.808573883185545
 30
0.0
 11
74.87896360428667
 21
57.86681286633984
 31
0.0
  0
LINE
  5
983
330
17
100
AcDbEntity
  8
OCULTA
100
AcDbLine
 10
73.58696223767137
 20
61.53094784558789
 30
0.0
 11
73.58696223767137
 21
61.53094784558789
 31
0.0
  0
LINE
  5
984
330
17
100
AcDbEntity
  8
OCULTA
100
AcDbLine
 10
74.87896360428667
 20
57.86681286633984
 30
0.0
 11
76.65031100781297
 21
58.041274231085936
 31
0.0
  0
LINE
  5
985
330
17
100
AcDbEntity
  8
OCULTA
100
AcDbLine
 10
76.65031100781297
 20
58.041274231085936
 30
0.0
 11
78.40645505459642
 21
58.33121411145703
 31
0.0
  0
LINE
  5
986
330
17
100
AcDbEntity
  8
OCULTA
100
AcDbLine
 10
73.58696223767137
 20
61.53094784558789
 30
0.0
 11
73.58696223767137
 21
67.53094784558789
 31
0.0
  0
LINE
  5
987
330
17
100
AcDbEntity
  8
OCULTA
100
AcDbLine
 10
73.58696223767137
 20
61.53094784558789
 30
0.0
 11
73.58696223767137
 21
67.53094784558789
 31
0.0
  0
LINE
  5
988
330
17
100
AcDbEntity
  8
OCULTA
100
AcDbLine
 10
73.58696223767137
 20
67.53094784558789
 30
0.0
 11
73.58696223767137
 21
67.53094784558789
 31
0.0
  0
LINE
  5
989
330
17
100
AcDbEntity
  8
OCULTA
100
AcDbLine
 10
73.58696223767137
 20
61.53094784558789
 30
0.0
 11
83.58696271450853
 21
61.53094784558789
 31
0.0
  0
LINE
  5
98A
330
17
100
AcDbEntity
  8
OCULTA
100
AcDbLine
 10
78.40645505459642
 20
58.33121411145703
 30
0.0
 11
80.13987638028001
 21
58.735392730841795
 31
0.0
  0
LINE
  5
98B
330
17
100
AcDbEntity
  8
OCULTA
100
AcDbLine
 10
80.13987638028001
 20
58.735392730841795
 30
0.0
 11
81.843152060822
 21
59.25207440198437
 31
0.0
  0
LINE
  5
98C
330
17
100
AcDbEntity
  8
OCULTA
100
AcDbLine
 10
81.843152060822
 20
59.25207440198437
 30
0.0
 11
83.5089874413762
 21
59.87905041516797
 31
0.0
  0
LINE
  5
98D
330
17
100
AcDbEntity
  8
OCULTA
100
AcDbLine
 10
83.5089874413762
 20
59.87905041516797
 30
0.0
 11
85.13025094540453
 21
60.613635223517576
 31
0.0
  0
LINE
  5
98E
330
17
100
AcDbEntity
  8
OCULTA
100
AcDbLine
 10
73.58696223767137
 20
61.53094784558789
 30
0.0
 11
83.58696271450853
 21
61.53094784558789
 31
0.0
  0
LINE
  5
98F
330
17
100
AcDbEntity
  8
OCULTA
100
AcDbLine
 10
83.58696271450853
 20
61.53094784558789
 30
0.0
 11
83.58696271450853
 21
61.53094784558789
 31
0.0
  0
LINE
  5
990
330
17
100
AcDbEntity
  8
OCULTA
100
AcDbLine
 10
73.58696223767137
 20
67.53094784558789
 30
0.0
 11
83.58696271450853
 21
67.53094784558789
 31
0.0
  0
LINE
  5
991
330
17
100
AcDbEntity
  8
OCULTA
100
AcDbLine
 10
83.58696271450853
 20
61.53094784558789
 30
0.0
 11
83.58696271450853
 21
67.53094784558789
 31
0.0
  0
LINE
  5
992
330
17
100
AcDbEntity
  8
OCULTA
100
AcDbLine
 10
73.58696223767137
 20
67.53094784558789
 30
0.0
 11
83.58696271450853
 21
67.53094784558789
 31
0.0
  0
LINE
  5
993
330
17
100
AcDbEntity
  8
OCULTA
100
AcDbLine
 10
83.58696271450853
 20
61.53094784558789
 30
0.0
 11
83.58696271450853
 21
67.53094784558789
 31
0.0
  0
LINE
  5
994
330
17
100
AcDbEntity
  8
OCULTA
100
AcDbLine
 10
83.58696271450853
 20
67.53094784558789
 30
0.0
 11
83.58696271450853
 21
67.53094784558789
 31
0.0
  0
LINE
  5
995
330
17
100
AcDbEntity
  8
OCULTA
100
AcDbLine
 10
85.13025094540453
 20
60.613635223517576
 30
0.0
 11
86.69999887020921
 21
61.452683609137694
 31
0.0
  0
LINE
  5
996
330
17
100
AcDbEntity
  8
OCULTA
100
AcDbLine
 10
86.69999887020921
 20
61.452683609137694
 30
0.0
 11
88.21150876553392
 21
62.3926021272041
 31
0.0
  0
LINE
  5
997
330
17
100
AcDbEntity
  8
OCULTA
100
AcDbLine
 10
88.21150876553392
 20
62.3926021272041
 30
0.0
 11
89.65830995114183
 21
63.42936436475293
 31
0.0
  0
LINE
  5
998
330
17
100
AcDbEntity
  8
OCULTA
100
AcDbLine
 10
89.65830995114183
 20
63.42936436475293
 30
0.0
 11
91.03420449765062
 21
64.55853192151562
 31
0.0
  0
LINE
  5
999
330
17
100
AcDbEntity
  8
OCULTA
100
AcDbLine
 10
91.03420449765062
 20
64.55853192151562
 30
0.0
 11
92.33330346615648
 21
65.775269668708
 31
0.0
  0
LINE
  5
99A
330
17
100
AcDbEntity
  8
OCULTA
100
AcDbLine
 10
92.33330346615648
 20
65.775269668708
 30
0.0
 11
93.55004121334886
 21
67.07436863721387
 31
0.0
  0
LINE
  5
99B
330
17
100
AcDbEntity
  8
OCULTA
100
AcDbLine
 10
93.55004121334886
 20
67.07436863721387
 30
0.0
 11
94.67920877011156
 21
68.45026318372265
 31
0.0
  0
LINE
  5
99C
330
17
100
AcDbEntity
  8
OCULTA
100
AcDbLine
 10
94.67920877011156
 20
68.45026318372265
 30
0.0
 11
95.71597100766039
 21
69.89706436933056
 31
0.0
  0
LINE
  5
99D
330
17
100
AcDbEntity
  8
OCULTA
100
AcDbLine
 10
95.71597100766039
 20
69.89706436933056
 30
0.0
 11
96.65588952572679
 21
71.40857426465527
 31
0.0
  0
LINE
  5
99E
330
17
100
AcDbEntity
  8
OCULTA
100
AcDbLine
 10
96.65588952572679
 20
71.40857426465527
 30
0.0
 11
97.49493791134691
 21
72.97832218945996
 31
0.0
  0
LINE
  5
99F
330
17
100
AcDbEntity
  8
OCULTA
100
AcDbLine
 10
97.49493791134691
 20
72.97832218945996
 30
0.0
 11
98.22952271969652
 21
74.59958569348828
 31
0.0
  0
LINE
  5
9A0
330
17
100
AcDbEntity
  8
OCULTA
100
AcDbLine
 10
98.22952271969652
 20
74.59958569348828
 30
0.0
 11
98.85649873288011
 21
76.26542107404248
 31
0.0
  0
LINE
  5
9A1
330
17
100
AcDbEntity
  8
OCULTA
100
AcDbLine
 10
98.85649873288011
 20
76.26542107404248
 30
0.0
 11
99.37318040402269
 21
77.96869675458447
 31
0.0
  0
LINE
  5
9A2
330
17
100
AcDbEntity
  8
OCULTA
100
AcDbLine
 10
99.37318040402269
 20
77.96869675458447
 30
0.0
 11
99.77735902340746
 21
79.70211808026806
 31
0.0
  0
LINE
  5
9A3
330
17
100
AcDbEntity
  8
OCULTA
100
AcDbLine
 10
99.77735902340746
 20
79.70211808026806
 30
0.0
 11
100.06729890377855
 21
81.45826212705151
 31
0.0
  0
LINE
  5
9A4
330
17
100
AcDbEntity
  8
OCULTA
100
AcDbLine
 10
100.06729890377855
 20
81.45826212705151
 30
0.0
 11
100.24176026852464
 21
83.22960953057782
 31
0.0
  0
LINE
  5
9A5
330
17
100
AcDbEntity
  8
OCULTA
100
AcDbLine
 10
73.09999848873949
 20
62.808573883185545
 30
0.0
 11
74.55194796593523
 21
62.856106918463865
 31
0.0
  0
LINE
  5
9A6
330
17
100
AcDbEntity
  8
OCULTA
100
AcDbLine
 10
74.55194796593523
 20
62.856106918463865
 30
0.0
 11
75.99767996342516
 21
62.99849812329785
 31
0.0
  0
LINE
  5
9A7
330
17
100
AcDbEntity
  8
OCULTA
100
AcDbLine
 10
75.99767996342516
 20
62.99849812329785
 30
0.0
 11
77.43100358517503
 21
63.235140960822264
 31
0.0
  0
LINE
  5
9A8
330
17
100
AcDbEntity
  8
OCULTA
100
AcDbLine
 10
77.43100358517503
 20
63.235140960822264
 30
0.0
 11
78.84578134091234
 21
63.56502072156445
 31
0.0
  0
LINE
  5
9A9
330
17
100
AcDbEntity
  8
OCULTA
100
AcDbLine
 10
73.09999848873949
 20
65.80857388318555
 30
0.0
 11
74.35573853524065
 21
65.84968296826855
 31
0.0
  0
LINE
  5
9AA
330
17
100
AcDbEntity
  8
OCULTA
100
AcDbLine
 10
74.35573853524065
 20
65.84968296826855
 30
0.0
 11
75.60610128910875
 21
65.97283284009472
 31
0.0
  0
LINE
  5
9AB
330
17
100
AcDbEntity
  8
OCULTA
100
AcDbLine
 10
75.60610128910875
 20
65.97283284009472
 30
0.0
 11
76.8457327035222
 21
66.1774970704414
 31
0.0
  0
LINE
  5
9AC
330
17
100
AcDbEntity
  8
OCULTA
100
AcDbLine
 10
76.8457327035222
 20
66.1774970704414
 30
0.0
 11
78.06932403118944
 21
66.4627982789375
 31
0.0
  0
LINE
  5
9AD
330
17
100
AcDbEntity
  8
OCULTA
100
AcDbLine
 10
78.06932403118944
 20
66.4627982789375
 30
0.0
 11
79.2716360238347
 21
66.827515762458
 31
0.0
  0
LINE
  5
9AE
330
17
100
AcDbEntity
  8
OCULTA
100
AcDbLine
 10
78.84578134091234
 20
63.56502072156445
 30
0.0
 11
80.23595477612352
 21
63.98672596753613
 31
0.0
  0
LINE
  5
9AF
330
17
100
AcDbEntity
  8
OCULTA
100
AcDbLine
 10
80.59999848873949
 20
64.12374226392285
 30
0.0
 11
80.59999848873949
 21
64.12374226392285
 31
0.0
  0
LINE
  5
9B0
330
17
100
AcDbEntity
  8
OCULTA
100
AcDbLine
 10
80.23595477612352
 20
63.98672596753613
 30
0.0
 11
80.59999848873949
 21
64.12374226392285
 31
0.0
  0
LINE
  5
9B1
330
17
100
AcDbEntity
  8
OCULTA
100
AcDbLine
 10
79.2716360238347
 20
66.827515762458
 30
0.0
 11
80.44752027066087
 21
67.27008740247265
 31
0.0
  0
LINE
  5
9B2
330
17
100
AcDbEntity
  8
OCULTA
100
AcDbLine
 10
80.59999848873949
 20
64.12374226392285
 30
0.0
 11
80.59999848873949
 21
67.33917347730176
 31
0.0
  0
LINE
  5
9B3
330
17
100
AcDbEntity
  8
OCULTA
100
AcDbLine
 10
80.59999848873949
 20
67.33917347730176
 30
0.0
 11
80.59999848873949
 21
67.33917347730176
 31
0.0
  0
LINE
  5
9B4
330
17
100
AcDbEntity
  8
OCULTA
100
AcDbLine
 10
80.44752027066087
 20
67.27008740247265
 30
0.0
 11
80.59999848873949
 21
67.33917347730176
 31
0.0
  0
LINE
  5
9B5
330
17
100
AcDbEntity
  8
OCULTA
100
AcDbLine
 10
80.59999848873949
 20
70.65825573743359
 30
0.0
 11
80.59999848873949
 21
70.65825573743359
 31
0.0
  0
LINE
  5
9B6
330
17
100
AcDbEntity
  8
OCULTA
100
AcDbLine
 10
87.4503173974309
 20
77.508574646125
 30
0.0
 11
87.4503173974309
 21
77.508574646125
 31
0.0
  0
LINE
  5
9B7
330
17
100
AcDbEntity
  8
OCULTA
100
AcDbLine
 10
90.76939965756273
 20
77.508574646125
 30
0.0
 11
90.76939965756273
 21
77.508574646125
 31
0.0
  0
LINE
  5
9B8
330
17
100
AcDbEntity
  8
OCULTA
100
AcDbLine
 10
90.76939965756273
 20
77.508574646125
 30
0.0
 11
90.83848573239183
 21
77.66105286420361
 31
0.0
  0
LINE
  5
9B9
330
17
100
AcDbEntity
  8
OCULTA
100
AcDbLine
 10
90.83848573239183
 20
77.66105286420361
 30
0.0
 11
91.28105737240648
 21
78.83693711102978
 31
0.0
  0
LINE
  5
9BA
330
17
100
AcDbEntity
  8
OCULTA
100
AcDbLine
 10
91.28105737240648
 20
78.83693711102978
 30
0.0
 11
91.64577485592699
 21
80.03924910367505
 31
0.0
  0
LINE
  5
9BB
330
17
100
AcDbEntity
  8
OCULTA
100
AcDbLine
 10
91.64577485592699
 20
80.03924910367505
 30
0.0
 11
91.93107606442308
 21
81.26284043134228
 31
0.0
  0
LINE
  5
9BC
330
17
100
AcDbEntity
  8
OCULTA
100
AcDbLine
 10
91.93107606442308
 20
81.26284043134228
 30
0.0
 11
92.13574029476976
 21
82.50247184575574
 31
0.0
  0
LINE
  5
9BD
330
17
100
AcDbEntity
  8
OCULTA
100
AcDbLine
 10
92.13574029476976
 20
82.50247184575574
 30
0.0
 11
92.25889016659593
 21
83.75283459962384
 31
0.0
  0
LINE
  5
9BE
330
17
100
AcDbEntity
  8
OCULTA
100
AcDbLine
 10
93.98483087094164
 20
77.508574646125
 30
0.0
 11
93.98483087094164
 21
77.508574646125
 31
0.0
  0
LINE
  5
9BF
330
17
100
AcDbEntity
  8
OCULTA
100
AcDbLine
 10
90.76939965756273
 20
77.508574646125
 30
0.0
 11
93.98483087094164
 21
77.508574646125
 31
0.0
  0
LINE
  5
9C0
330
17
100
AcDbEntity
  8
OCULTA
100
AcDbLine
 10
93.98483087094164
 20
77.508574646125
 30
0.0
 11
94.12184716732835
 21
77.87261835874097
 31
0.0
  0
LINE
  5
9C1
330
17
100
AcDbEntity
  8
OCULTA
100
AcDbLine
 10
94.12184716732835
 20
77.87261835874097
 30
0.0
 11
94.54355241330003
 21
79.26279179395215
 31
0.0
  0
LINE
  5
9C2
330
17
100
AcDbEntity
  8
OCULTA
100
AcDbLine
 10
94.54355241330003
 20
79.26279179395215
 30
0.0
 11
94.87343217404222
 21
80.67756954968945
 31
0.0
  0
LINE
  5
9C3
330
17
100
AcDbEntity
  8
OCULTA
100
AcDbLine
 10
94.87343217404222
 20
80.67756954968945
 30
0.0
 11
95.11007501156664
 21
82.11089317143933
 31
0.0
  0
LINE
  5
9C4
330
17
100
AcDbEntity
  8
OCULTA
100
AcDbLine
 10
95.11007501156664
 20
82.11089317143933
 30
0.0
 11
95.25246621640062
 21
83.55662516892926
 31
0.0
  0
LINE
  5
9C5
330
17
100
AcDbEntity
  8
OCULTA
100
AcDbLine
 10
83.09066201718187
 20
96.99923817456738
 30
0.0
 11
83.09066201718187
 21
96.99923817456738
 31
0.0
  0
LINE
  5
9C6
330
17
100
AcDbEntity
  8
OCULTA
100
AcDbLine
 10
71.32103337319231
 20
112.15033642591015
 30
0.0
 11
73.09999848873949
 21
112.20857540906445
 31
0.0
  0
LINE
  5
9C7
330
17
100
AcDbEntity
  8
OCULTA
100
AcDbLine
 10
73.09999848873949
 20
112.20857540906445
 30
0.0
 11
74.87896360428667
 21
112.15033642591015
 31
0.0
  0
LINE
  5
9C8
330
17
100
AcDbEntity
  8
OCULTA
100
AcDbLine
 10
74.87896360428667
 20
112.15033642591015
 30
0.0
 11
76.65031100781297
 21
111.97587506116406
 31
0.0
  0
LINE
  5
9C9
330
17
100
AcDbEntity
  8
OCULTA
100
AcDbLine
 10
76.65031100781297
 20
111.97587506116406
 30
0.0
 11
78.40645505459642
 21
111.68593518079297
 31
0.0
  0
LINE
  5
9CA
330
17
100
AcDbEntity
  8
OCULTA
100
AcDbLine
 10
83.09066201718187
 20
96.99923817456738
 30
0.0
 11
83.09066201718187
 21
102.99923817456738
 31
0.0
  0
LINE
  5
9CB
330
17
100
AcDbEntity
  8
OCULTA
100
AcDbLine
 10
83.09066201718187
 20
96.99923817456738
 30
0.0
 11
83.09066201718187
 21
102.99923817456738
 31
0.0
  0
LINE
  5
9CC
330
17
100
AcDbEntity
  8
OCULTA
100
AcDbLine
 10
83.09066201718187
 20
102.99923817456738
 30
0.0
 11
83.09066201718187
 21
102.99923817456738
 31
0.0
  0
LINE
  5
9CD
330
17
100
AcDbEntity
  8
OCULTA
100
AcDbLine
 10
78.40645505459642
 20
111.68593518079297
 30
0.0
 11
80.13987638028001
 21
111.2817565614082
 31
0.0
  0
LINE
  5
9CE
330
17
100
AcDbEntity
  8
OCULTA
100
AcDbLine
 10
80.13987638028001
 20
111.2817565614082
 30
0.0
 11
81.843152060822
 21
110.76507489026562
 31
0.0
  0
LINE
  5
9CF
330
17
100
AcDbEntity
  8
OCULTA
100
AcDbLine
 10
81.843152060822
 20
110.76507489026562
 30
0.0
 11
83.5089874413762
 21
110.13809887708203
 31
0.0
  0
LINE
  5
9D0
330
17
100
AcDbEntity
  8
OCULTA
100
AcDbLine
 10
83.5089874413762
 20
110.13809887708203
 30
0.0
 11
85.13025094540453
 21
109.40351406873242
 31
0.0
  0
LINE
  5
9D1
330
17
100
AcDbEntity
  8
OCULTA
100
AcDbLine
 10
83.09066201718187
 20
96.99923817456738
 30
0.0
 11
93.09066201718187
 21
96.99923817456738
 31
0.0
  0
LINE
  5
9D2
330
17
100
AcDbEntity
  8
OCULTA
100
AcDbLine
 10
83.09066201718187
 20
96.99923817456738
 30
0.0
 11
93.09066201718187
 21
96.99923817456738
 31
0.0
  0
LINE
  5
9D3
330
17
100
AcDbEntity
  8
OCULTA
100
AcDbLine
 10
93.09066201718187
 20
96.99923817456738
 30
0.0
 11
93.09066201718187
 21
96.99923817456738
 31
0.0
  0
LINE
  5
9D4
330
17
100
AcDbEntity
  8
OCULTA
100
AcDbLine
 10
100.24176026852464
 20
83.22960953057782
 30
0.0
 11
100.29999925167894
 21
85.008574646125
 31
0.0
  0
LINE
  5
9D5
330
17
100
AcDbEntity
  8
OCULTA
100
AcDbLine
 10
100.29999925167894
 20
85.008574646125
 30
0.0
 11
100.24176026852464
 21
86.78753976167218
 31
0.0
  0
LINE
  5
9D6
330
17
100
AcDbEntity
  8
OCULTA
100
AcDbLine
 10
100.24176026852464
 20
86.78753976167218
 30
0.0
 11
100.06729890377855
 21
88.55888716519848
 31
0.0
  0
LINE
  5
9D7
330
17
100
AcDbEntity
  8
OCULTA
100
AcDbLine
 10
100.06729890377855
 20
88.55888716519848
 30
0.0
 11
99.77735902340746
 21
90.31503121198193
 31
0.0
  0
LINE
  5
9D8
330
17
100
AcDbEntity
  8
OCULTA
100
AcDbLine
 10
99.77735902340746
 20
90.31503121198193
 30
0.0
 11
99.37318040402269
 21
92.04845253766553
 31
0.0
  0
LINE
  5
9D9
330
17
100
AcDbEntity
  8
OCULTA
100
AcDbLine
 10
99.37318040402269
 20
92.04845253766553
 30
0.0
 11
98.85649873288011
 21
93.75172821820752
 31
0.0
  0
LINE
  5
9DA
330
17
100
AcDbEntity
  8
OCULTA
100
AcDbLine
 10
98.85649873288011
 20
93.75172821820752
 30
0.0
 11
98.22952271969652
 21
95.41756359876172
 31
0.0
  0
LINE
  5
9DB
330
17
100
AcDbEntity
  8
OCULTA
100
AcDbLine
 10
98.22952271969652
 20
95.41756359876172
 30
0.0
 11
97.49493791134691
 21
97.03882710279004
 31
0.0
  0
LINE
  5
9DC
330
17
100
AcDbEntity
  8
OCULTA
100
AcDbLine
 10
83.09066201718187
 20
102.99923817456738
 30
0.0
 11
93.09066201718187
 21
102.99923817456738
 31
0.0
  0
LINE
  5
9DD
330
17
100
AcDbEntity
  8
OCULTA
100
AcDbLine
 10
93.09066201718187
 20
96.99923817456738
 30
0.0
 11
93.09066201718187
 21
102.99923817456738
 31
0.0
  0
LINE
  5
9DE
330
17
100
AcDbEntity
  8
OCULTA
100
AcDbLine
 10
83.09066201718187
 20
102.99923817456738
 30
0.0
 11
93.09066201718187
 21
102.99923817456738
 31
0.0
  0
LINE
  5
9DF
330
17
100
AcDbEntity
  8
OCULTA
100
AcDbLine
 10
93.09066201718187
 20
96.99923817456738
 30
0.0
 11
93.09066201718187
 21
102.99923817456738
 31
0.0
  0
LINE
  5
9E0
330
17
100
AcDbEntity
  8
OCULTA
100
AcDbLine
 10
93.09066201718187
 20
102.99923817456738
 30
0.0
 11
93.09066201718187
 21
102.99923817456738
 31
0.0
  0
LINE
  5
9E1
330
17
100
AcDbEntity
  8
OCULTA
100
AcDbLine
 10
85.13025094540453
 20
109.40351406873242
 30
0.0
 11
86.69999887020921
 21
108.5644656831123
 31
0.0
  0
LINE
  5
9E2
330
17
100
AcDbEntity
  8
OCULTA
100
AcDbLine
 10
86.69999887020921
 20
108.5644656831123
 30
0.0
 11
88.21150876553392
 21
107.6245471650459
 31
0.0
  0
LINE
  5
9E3
330
17
100
AcDbEntity
  8
OCULTA
100
AcDbLine
 10
88.21150876553392
 20
107.6245471650459
 30
0.0
 11
89.65830995114183
 21
106.58778492749707
 31
0.0
  0
LINE
  5
9E4
330
17
100
AcDbEntity
  8
OCULTA
100
AcDbLine
 10
92.33330346615648
 20
104.24187962354199
 30
0.0
 11
91.03420449765062
 21
105.45861737073437
 31
0.0
  0
LINE
  5
9E5
330
17
100
AcDbEntity
  8
OCULTA
100
AcDbLine
 10
89.65830995114183
 20
106.58778492749707
 30
0.0
 11
91.03420449765062
 21
105.45861737073437
 31
0.0
  0
LINE
  5
9E6
330
17
100
AcDbEntity
  8
OCULTA
100
AcDbLine
 10
94.67920877011156
 20
101.56688610852734
 30
0.0
 11
95.71597100766039
 21
100.12008492291943
 31
0.0
  0
LINE
  5
9E7
330
17
100
AcDbEntity
  8
OCULTA
100
AcDbLine
 10
97.49493791134691
 20
97.03882710279004
 30
0.0
 11
96.65588952572679
 21
98.60857502759472
 31
0.0
  0
LINE
  5
9E8
330
17
100
AcDbEntity
  8
OCULTA
100
AcDbLine
 10
95.71597100766039
 20
100.12008492291943
 30
0.0
 11
96.65588952572679
 21
98.60857502759472
 31
0.0
  0
LINE
  5
9E9
330
17
100
AcDbEntity
  8
OCULTA
100
AcDbLine
 10
92.33330346615648
 20
104.24187962354199
 30
0.0
 11
93.55004121334886
 21
102.94278065503613
 31
0.0
  0
LINE
  5
9EA
330
17
100
AcDbEntity
  8
OCULTA
100
AcDbLine
 10
94.67920877011156
 20
101.56688610852734
 30
0.0
 11
93.55004121334886
 21
102.94278065503613
 31
0.0
  0
LINE
  5
9EB
330
17
100
AcDbEntity
  8
OCULTA
100
AcDbLine
 10
71.84425844223833
 20
104.16746632398144
 30
0.0
 11
73.09999848873949
 21
104.20857540906445
 31
0.0
  0
LINE
  5
9EC
330
17
100
AcDbEntity
  8
OCULTA
100
AcDbLine
 10
73.09999848873949
 20
104.20857540906445
 30
0.0
 11
74.35573853524065
 21
104.16746632398144
 31
0.0
  0
LINE
  5
9ED
330
17
100
AcDbEntity
  8
OCULTA
100
AcDbLine
 10
74.35573853524065
 20
104.16746632398144
 30
0.0
 11
75.60610128910875
 21
104.04431645215527
 31
0.0
  0
LINE
  5
9EE
330
17
100
AcDbEntity
  8
OCULTA
100
AcDbLine
 10
75.60610128910875
 20
104.04431645215527
 30
0.0
 11
76.8457327035222
 21
103.83965222180859
 31
0.0
  0
LINE
  5
9EF
330
17
100
AcDbEntity
  8
OCULTA
100
AcDbLine
 10
78.06932403118944
 20
103.5543510133125
 30
0.0
 11
76.8457327035222
 21
103.83965222180859
 31
0.0
  0
LINE
  5
9F0
330
17
100
AcDbEntity
  8
OCULTA
100
AcDbLine
 10
78.06932403118944
 20
103.5543510133125
 30
0.0
 11
79.2716360238347
 21
103.18963352979199
 31
0.0
  0
LINE
  5
9F1
330
17
100
AcDbEntity
  8
OCULTA
100
AcDbLine
 10
71.64804901154375
 20
107.16104237378613
 30
0.0
 11
73.09999848873949
 21
107.20857540906445
 31
0.0
  0
LINE
  5
9F2
330
17
100
AcDbEntity
  8
OCULTA
100
AcDbLine
 10
73.09999848873949
 20
107.20857540906445
 30
0.0
 11
74.55194796593523
 21
107.16104237378613
 31
0.0
  0
LINE
  5
9F3
330
17
100
AcDbEntity
  8
OCULTA
100
AcDbLine
 10
74.55194796593523
 20
107.16104237378613
 30
0.0
 11
75.99767996342516
 21
107.01865116895215
 31
0.0
  0
LINE
  5
9F4
330
17
100
AcDbEntity
  8
OCULTA
100
AcDbLine
 10
75.99767996342516
 20
107.01865116895215
 30
0.0
 11
77.43100358517503
 21
106.78200833142773
 31
0.0
  0
LINE
  5
9F5
330
17
100
AcDbEntity
  8
OCULTA
100
AcDbLine
 10
77.43100358517503
 20
106.78200833142773
 30
0.0
 11
78.84578134091234
 21
106.45212857068555
 31
0.0
  0
LINE
  5
9F6
330
17
100
AcDbEntity
  8
OCULTA
100
AcDbLine
 10
80.59999848873949
 20
99.3588935548164
 30
0.0
 11
80.59999848873949
 21
99.3588935548164
 31
0.0
  0
LINE
  5
9F7
330
17
100
AcDbEntity
  8
OCULTA
100
AcDbLine
 10
79.2716360238347
 20
103.18963352979199
 30
0.0
 11
80.44752027066087
 21
102.74706188977734
 31
0.0
  0
LINE
  5
9F8
330
17
100
AcDbEntity
  8
OCULTA
100
AcDbLine
 10
80.59999848873949
 20
102.67797581494824
 30
0.0
 11
80.59999848873949
 21
102.67797581494824
 31
0.0
  0
LINE
  5
9F9
330
17
100
AcDbEntity
  8
OCULTA
100
AcDbLine
 10
80.44752027066087
 20
102.74706188977734
 30
0.0
 11
80.59999848873949
 21
102.67797581494824
 31
0.0
  0
LINE
  5
9FA
330
17
100
AcDbEntity
  8
OCULTA
100
AcDbLine
 10
78.84578134091234
 20
106.45212857068555
 30
0.0
 11
80.23595477612352
 21
106.03042332471387
 31
0.0
  0
LINE
  5
9FB
330
17
100
AcDbEntity
  8
OCULTA
100
AcDbLine
 10
80.59999848873949
 20
105.89340702832715
 30
0.0
 11
80.59999848873949
 21
105.89340702832715
 31
0.0
  0
LINE
  5
9FC
330
17
100
AcDbEntity
  8
OCULTA
100
AcDbLine
 10
80.59999848873949
 20
102.67797581494824
 30
0.0
 11
80.59999848873949
 21
105.89340702832715
 31
0.0
  0
LINE
  5
9FD
330
17
100
AcDbEntity
  8
OCULTA
100
AcDbLine
 10
80.23595477612352
 20
106.03042332471387
 30
0.0
 11
80.59999848873949
 21
105.89340702832715
 31
0.0
  0
LINE
  5
9FE
330
17
100
AcDbEntity
  8
OCULTA
100
AcDbLine
 10
92.25889016659593
 20
83.75283459962384
 30
0.0
 11
92.29999925167894
 21
85.008574646125
 31
0.0
  0
LINE
  5
9FF
330
17
100
AcDbEntity
  8
OCULTA
100
AcDbLine
 10
92.29999925167894
 20
85.008574646125
 30
0.0
 11
92.25889016659593
 21
86.26431469262616
 31
0.0
  0
LINE
  5
A00
330
17
100
AcDbEntity
  8
OCULTA
100
AcDbLine
 10
92.25889016659593
 20
86.26431469262616
 30
0.0
 11
92.13574029476976
 21
87.51467744649426
 31
0.0
  0
LINE
  5
A01
330
17
100
AcDbEntity
  8
OCULTA
100
AcDbLine
 10
91.64577485592699
 20
89.97790018857495
 30
0.0
 11
91.28105737240648
 21
91.18021218122021
 31
0.0
  0
LINE
  5
A02
330
17
100
AcDbEntity
  8
OCULTA
100
AcDbLine
 10
92.13574029476976
 20
87.51467744649426
 30
0.0
 11
91.93107606442308
 21
88.75430886090771
 31
0.0
  0
LINE
  5
A03
330
17
100
AcDbEntity
  8
OCULTA
100
AcDbLine
 10
91.64577485592699
 20
89.97790018857495
 30
0.0
 11
91.93107606442308
 21
88.75430886090771
 31
0.0
  0
LINE
  5
A04
330
17
100
AcDbEntity
  8
OCULTA
100
AcDbLine
 10
87.4503173974309
 20
92.508574646125
 30
0.0
 11
87.4503173974309
 21
92.508574646125
 31
0.0
  0
LINE
  5
A05
330
17
100
AcDbEntity
  8
OCULTA
100
AcDbLine
 10
91.28105737240648
 20
91.18021218122021
 30
0.0
 11
90.83848573239183
 21
92.35609642804638
 31
0.0
  0
LINE
  5
A06
330
17
100
AcDbEntity
  8
OCULTA
100
AcDbLine
 10
90.76939965756273
 20
92.508574646125
 30
0.0
 11
90.76939965756273
 21
92.508574646125
 31
0.0
  0
LINE
  5
A07
330
17
100
AcDbEntity
  8
OCULTA
100
AcDbLine
 10
90.83848573239183
 20
92.35609642804638
 30
0.0
 11
90.76939965756273
 21
92.508574646125
 31
0.0
  0
LINE
  5
A08
330
17
100
AcDbEntity
  8
OCULTA
100
AcDbLine
 10
95.25246621640062
 20
83.55662516892926
 30
0.0
 11
95.29999925167894
 21
85.008574646125
 31
0.0
  0
LINE
  5
A09
330
17
100
AcDbEntity
  8
OCULTA
100
AcDbLine
 10
95.11007501156664
 20
87.90625612081067
 30
0.0
 11
95.25246621640062
 21
86.46052412332074
 31
0.0
  0
LINE
  5
A0A
330
17
100
AcDbEntity
  8
OCULTA
100
AcDbLine
 10
95.29999925167894
 20
85.008574646125
 30
0.0
 11
95.25246621640062
 21
86.46052412332074
 31
0.0
  0
LINE
  5
A0B
330
17
100
AcDbEntity
  8
OCULTA
100
AcDbLine
 10
95.11007501156664
 20
87.90625612081067
 30
0.0
 11
94.87343217404222
 21
89.33957974256055
 31
0.0
  0
LINE
  5
A0C
330
17
100
AcDbEntity
  8
OCULTA
100
AcDbLine
 10
94.87343217404222
 20
89.33957974256055
 30
0.0
 11
94.54355241330003
 21
90.75435749829785
 31
0.0
  0
LINE
  5
A0D
330
17
100
AcDbEntity
  8
OCULTA
100
AcDbLine
 10
94.54355241330003
 20
90.75435749829785
 30
0.0
 11
94.12184716732835
 21
92.14453093350903
 31
0.0
  0
LINE
  5
A0E
330
17
100
AcDbEntity
  8
OCULTA
100
AcDbLine
 10
93.98483087094164
 20
92.508574646125
 30
0.0
 11
93.98483087094164
 21
92.508574646125
 31
0.0
  0
LINE
  5
A0F
330
17
100
AcDbEntity
  8
OCULTA
100
AcDbLine
 10
90.76939965756273
 20
92.508574646125
 30
0.0
 11
93.98483087094164
 21
92.508574646125
 31
0.0
  0
LINE
  5
A10
330
17
100
AcDbEntity
  8
OCULTA
100
AcDbLine
 10
94.12184716732835
 20
92.14453093350903
 30
0.0
 11
93.98483087094164
 21
92.508574646125
 31
0.0
  0
TEXT
  5
A11
330
17
100
AcDbEntity
  8
TEXTO
100
AcDbText
 10
73.09999848873949
 20
116.20857540906445
 30
0.0
 40
3.5
  1
PLANTA
 72
1
 11
73.09999848873949
 21
116.20857540906445
 31
0.0
100
AcDbText
 73
2
  0
DIMENSION
  5
A12
330
17
100
AcDbEntity
  8
COTAS
100
AcDbDimension
280
0
  2
*D3
  3
F3D_1000
 10
109.29999925167894
 20
57.808573883185545
 30
0.0
 11
106.64999925167893
 21
85.008574646125
 31
0.0
 70
32
 71
5
  1
<>
100
AcDbAlignedDimension
 13
100.29999925167894
 23
57.808573883185545
 33
0.0
 14
100.29999925167894
 24
112.20857540906445
 34
0.0
 50
90.0
100
AcDbRotatedDimension
  0
LINE
  5
A21
330
17
100
AcDbEntity
  8
VISIBLE
100
AcDbLine
 10
171.43420602352953
 20
144.20857540906445
 30
0.0
 11
170.05831147702074
 21
144.20857540906445
 31
0.0
  0
LINE
  5
A22
330
17
100
AcDbEntity
  8
VISIBLE
100
AcDbLine
 10
168.61151029141283
 20
144.20857540906445
 30
0.0
 11
170.05831147702074
 21
144.20857540906445
 31
0.0
  0
LINE
  5
A23
330
17
100
AcDbEntity
  8
VISIBLE
100
AcDbLine
 10
171.43420602352953
 20
147.20857540906445
 30
0.0
 11
170.05831147702074
 21
147.20857540906445
 31
0.0
  0
LINE
  5
A24
330
17
100
AcDbEntity
  8
VISIBLE
100
AcDbLine
 10
168.61151029141283
 20
147.20857540906445
 30
0.0
 11
170.05831147702074
 21
147.20857540906445
 31
0.0
  0
LINE
  5
A25
330
17
100
AcDbEntity
  8
VISIBLE
100
AcDbLine
 10
173.95004273922777
 20
144.20857540906445
 30
0.0
 11
175.07921029599046
 21
144.20857540906445
 31
0.0
  0
LINE
  5
A26
330
17
100
AcDbEntity
  8
VISIBLE
100
AcDbLine
 10
175.07921029599046
 20
144.20857540906445
 30
0.0
 11
176.1159725335393
 21
144.20857540906445
 31
0.0
  0
LINE
  5
A27
330
17
100
AcDbEntity
  8
VISIBLE
100
AcDbLine
 10
173.95004273922777
 20
147.20857540906445
 30
0.0
 11
175.07921029599046
 21
147.20857540906445
 31
0.0
  0
LINE
  5
A28
330
17
100
AcDbEntity
  8
VISIBLE
100
AcDbLine
 10
175.07921029599046
 20
147.20857540906445
 30
0.0
 11
176.1159725335393
 21
147.20857540906445
 31
0.0
  0
LINE
  5
A29
330
17
100
AcDbEntity
  8
VISIBLE
100
AcDbLine
 10
171.43420602352953
 20
144.20857540906445
 30
0.0
 11
172.7333049920354
 21
144.20857540906445
 31
0.0
  0
LINE
  5
A2A
330
17
100
AcDbEntity
  8
VISIBLE
100
AcDbLine
 10
173.95004273922777
 20
144.20857540906445
 30
0.0
 11
172.7333049920354
 21
144.20857540906445
 31
0.0
  0
LINE
  5
A2B
330
17
100
AcDbEntity
  8
VISIBLE
100
AcDbLine
 10
171.43420602352953
 20
147.20857540906445
 30
0.0
 11
172.7333049920354
 21
147.20857540906445
 31
0.0
  0
LINE
  5
A2C
330
17
100
AcDbEntity
  8
VISIBLE
100
AcDbLine
 10
173.95004273922777
 20
147.20857540906445
 30
0.0
 11
172.7333049920354
 21
147.20857540906445
 31
0.0
  0
LINE
  5
A2D
330
17
100
AcDbEntity
  8
VISIBLE
100
AcDbLine
 10
169.19777013333177
 20
147.20857540906445
 30
0.0
 11
168.13747693569994
 21
147.20857540906445
 31
0.0
  0
LINE
  5
A2E
330
17
100
AcDbEntity
  8
VISIBLE
100
AcDbLine
 10
169.19777013333177
 20
147.20857540906445
 30
0.0
 11
170.1908435967717
 21
147.20857540906445
 31
0.0
  0
LINE
  5
A2F
330
17
100
AcDbEntity
  8
VISIBLE
100
AcDbLine
 10
165.53025247128343
 20
144.20857540906445
 30
0.0
 11
163.9089889672551
 21
144.20857540906445
 31
0.0
  0
LINE
  5
A30
330
17
100
AcDbEntity
  8
VISIBLE
100
AcDbLine
 10
165.53025247128343
 20
147.20857540906445
 30
0.0
 11
163.9089889672551
 21
147.20857540906445
 31
0.0
  0
LINE
  5
A31
330
17
100
AcDbEntity
  8
VISIBLE
100
AcDbLine
 10
163.9089889672551
 20
144.20857540906445
 30
0.0
 11
162.2431535867009
 21
144.20857540906445
 31
0.0
  0
LINE
  5
A32
330
17
100
AcDbEntity
  8
VISIBLE
100
AcDbLine
 10
162.2431535867009
 20
144.20857540906445
 30
0.0
 11
160.53987790615892
 21
144.20857540906445
 31
0.0
  0
LINE
  5
A33
330
17
100
AcDbEntity
  8
VISIBLE
100
AcDbLine
 10
163.9089889672551
 20
147.20857540906445
 30
0.0
 11
162.2431535867009
 21
147.20857540906445
 31
0.0
  0
LINE
  5
A34
330
17
100
AcDbEntity
  8
VISIBLE
100
AcDbLine
 10
162.2431535867009
 20
147.20857540906445
 30
0.0
 11
160.53987790615892
 21
147.20857540906445
 31
0.0
  0
LINE
  5
A35
330
17
100
AcDbEntity
  8
VISIBLE
100
AcDbLine
 10
168.61151029141283
 20
144.20857540906445
 30
0.0
 11
167.10000039608812
 21
144.20857540906445
 31
0.0
  0
LINE
  5
A36
330
17
100
AcDbEntity
  8
VISIBLE
100
AcDbLine
 10
165.53025247128343
 20
144.20857540906445
 30
0.0
 11
167.10000039608812
 21
144.20857540906445
 31
0.0
  0
LINE
  5
A37
330
17
100
AcDbEntity
  8
VISIBLE
100
AcDbLine
 10
168.61151029141283
 20
147.20857540906445
 30
0.0
 11
167.10000039608812
 21
147.20857540906445
 31
0.0
  0
LINE
  5
A38
330
17
100
AcDbEntity
  8
VISIBLE
100
AcDbLine
 10
165.53025247128343
 20
147.20857540906445
 30
0.0
 11
167.10000039608812
 21
147.20857540906445
 31
0.0
  0
LINE
  5
A39
330
17
100
AcDbEntity
  8
VISIBLE
100
AcDbLine
 10
161.99557210476732
 20
147.20857540906445
 30
0.0
 11
160.63595630200243
 21
147.20857540906445
 31
0.0
  0
LINE
  5
A3A
330
17
100
AcDbEntity
  8
VISIBLE
100
AcDbLine
 10
160.53987790615892
 20
144.20857540906445
 30
0.0
 11
158.80645658047533
 21
144.20857540906445
 31
0.0
  0
LINE
  5
A3B
330
17
100
AcDbEntity
  8
VISIBLE
100
AcDbLine
 10
158.80645658047533
 20
144.20857540906445
 30
0.0
 11
157.05031253369188
 21
144.20857540906445
 31
0.0
  0
LINE
  5
A3C
330
17
100
AcDbEntity
  8
VISIBLE
100
AcDbLine
 10
160.53987790615892
 20
147.20857540906445
 30
0.0
 11
158.80645658047533
 21
147.20857540906445
 31
0.0
  0
LINE
  5
A3D
330
17
100
AcDbEntity
  8
VISIBLE
100
AcDbLine
 10
158.80645658047533
 20
147.20857540906445
 30
0.0
 11
157.05031253369188
 21
147.20857540906445
 31
0.0
  0
LINE
  5
A3E
330
17
100
AcDbEntity
  8
VISIBLE
100
AcDbLine
 10
157.05031253369188
 20
144.20857540906445
 30
0.0
 11
155.27896513016557
 21
144.20857540906445
 31
0.0
  0
LINE
  5
A3F
330
17
100
AcDbEntity
  8
VISIBLE
100
AcDbLine
 10
157.05031253369188
 20
147.20857540906445
 30
0.0
 11
155.27896513016557
 21
147.20857540906445
 31
0.0
  0
LINE
  5
A40
330
17
100
AcDbEntity
  8
VISIBLE
100
AcDbLine
 10
160.63595630200243
 20
147.20857540906445
 30
0.0
 11
159.24578286679125
 21
147.20857540906445
 31
0.0
  0
LINE
  5
A41
330
17
100
AcDbEntity
  8
VISIBLE
100
AcDbLine
 10
159.24578286679125
 20
147.20857540906445
 30
0.0
 11
157.83100511105394
 21
147.20857540906445
 31
0.0
  0
LINE
  5
A42
330
17
100
AcDbEntity
  8
VISIBLE
100
AcDbLine
 10
157.83100511105394
 20
147.20857540906445
 30
0.0
 11
156.39768148930406
 21
147.20857540906445
 31
0.0
  0
LINE
  5
A43
330
17
100
AcDbEntity
  8
VISIBLE
100
AcDbLine
 10
154.95194949181413
 20
147.20857540906445
 30
0.0
 11
156.39768148930406
 21
147.20857540906445
 31
0.0
  0
LINE
  5
A44
330
17
100
AcDbEntity
  8
VISIBLE
100
AcDbLine
 10
164.60000039608812
 20
147.20857540906445
 30
0.0
 11
165.8336591866765
 21
147.20857540906445
 31
0.0
  0
LINE
  5
A45
330
17
100
AcDbEntity
  8
VISIBLE
100
AcDbLine
 10
168.13747693569994
 20
147.20857540906445
 30
0.0
 11
167.0145034936223
 21
147.20857540906445
 31
0.0
  0
LINE
  5
A46
330
17
100
AcDbEntity
  8
VISIBLE
100
AcDbLine
 10
165.8336591866765
 20
147.20857540906445
 30
0.0
 11
167.0145034936223
 21
147.20857540906445
 31
0.0
  0
LINE
  5
A47
330
17
100
AcDbEntity
  8
VISIBLE
100
AcDbLine
 10
161.99557210476732
 20
147.20857540906445
 30
0.0
 11
163.31880857022142
 21
147.20857540906445
 31
0.0
  0
LINE
  5
A48
330
17
100
AcDbEntity
  8
VISIBLE
100
AcDbLine
 10
164.60000039608812
 20
147.20857540906445
 30
0.0
 11
163.31880857022142
 21
147.20857540906445
 31
0.0
  0
LINE
  5
A49
330
17
100
AcDbEntity
  8
VISIBLE
100
AcDbLine
 10
161.0000000146184
 20
149.20857540906445
 30
0.0
 11
160.63595630200243
 21
149.20857540906445
 31
0.0
  0
LINE
  5
A4A
330
17
100
AcDbEntity
  8
VISIBLE
100
AcDbLine
 10
160.63595630200243
 20
149.20857540906445
 30
0.0
 11
159.24578286679125
 21
149.20857540906445
 31
0.0
  0
LINE
  5
A4B
330
17
100
AcDbEntity
  8
VISIBLE
100
AcDbLine
 10
159.24578286679125
 20
149.20857540906445
 30
0.0
 11
157.83100511105394
 21
149.20857540906445
 31
0.0
  0
LINE
  5
A4C
330
17
100
AcDbEntity
  8
VISIBLE
100
AcDbLine
 10
157.83100511105394
 20
149.20857540906445
 30
0.0
 11
156.39768148930406
 21
149.20857540906445
 31
0.0
  0
LINE
  5
A4D
330
17
100
AcDbEntity
  8
VISIBLE
100
AcDbLine
 10
154.95194949181413
 20
149.20857540906445
 30
0.0
 11
156.39768148930406
 21
149.20857540906445
 31
0.0
  0
LINE
  5
A4E
330
17
100
AcDbEntity
  8
VISIBLE
100
AcDbLine
 10
177.89493943722582
 20
144.20857540906445
 30
0.0
 11
178.62952424557542
 21
144.20857540906445
 31
0.0
  0
LINE
  5
A4F
330
17
100
AcDbEntity
  8
VISIBLE
100
AcDbLine
 10
177.89493943722582
 20
147.20857540906445
 30
0.0
 11
178.62952424557542
 21
147.20857540906445
 31
0.0
  0
LINE
  5
A50
330
17
100
AcDbEntity
  8
VISIBLE
100
AcDbLine
 10
176.1159725335393
 20
144.20857540906445
 30
0.0
 11
177.0558910516057
 21
144.20857540906445
 31
0.0
  0
LINE
  5
A51
330
17
100
AcDbEntity
  8
VISIBLE
100
AcDbLine
 10
177.89493943722582
 20
144.20857540906445
 30
0.0
 11
177.0558910516057
 21
144.20857540906445
 31
0.0
  0
LINE
  5
A52
330
17
100
AcDbEntity
  8
VISIBLE
100
AcDbLine
 10
176.1159725335393
 20
147.20857540906445
 30
0.0
 11
177.0558910516057
 21
147.20857540906445
 31
0.0
  0
LINE
  5
A53
330
17
100
AcDbEntity
  8
VISIBLE
100
AcDbLine
 10
177.89493943722582
 20
147.20857540906445
 30
0.0
 11
177.0558910516057
 21
147.20857540906445
 31
0.0
  0
LINE
  5
A54
330
17
100
AcDbEntity
  8
VISIBLE
100
AcDbLine
 10
178.62952424557542
 20
144.20857540906445
 30
0.0
 11
179.25650025875902
 21
144.20857540906445
 31
0.0
  0
LINE
  5
A55
330
17
100
AcDbEntity
  8
VISIBLE
100
AcDbLine
 10
179.25650025875902
 20
144.20857540906445
 30
0.0
 11
179.7731819299016
 21
144.20857540906445
 31
0.0
  0
LINE
  5
A56
330
17
100
AcDbEntity
  8
VISIBLE
100
AcDbLine
 10
178.62952424557542
 20
147.20857540906445
 30
0.0
 11
179.25650025875902
 21
147.20857540906445
 31
0.0
  0
LINE
  5
A57
330
17
100
AcDbEntity
  8
VISIBLE
100
AcDbLine
 10
179.25650025875902
 20
147.20857540906445
 30
0.0
 11
179.7731819299016
 21
147.20857540906445
 31
0.0
  0
LINE
  5
A58
330
17
100
AcDbEntity
  8
VISIBLE
100
AcDbLine
 10
174.01012612851
 20
147.20857540906445
 30
0.0
 11
174.52184869320726
 21
147.20857540906445
 31
0.0
  0
LINE
  5
A59
330
17
100
AcDbEntity
  8
VISIBLE
100
AcDbLine
 10
170.1908435967717
 20
147.20857540906445
 30
0.0
 11
171.1124439385686
 21
147.20857540906445
 31
0.0
  0
LINE
  5
A5A
330
17
100
AcDbEntity
  8
VISIBLE
100
AcDbLine
 10
171.1124439385686
 20
147.20857540906445
 30
0.0
 11
171.95862580807542
 21
147.20857540906445
 31
0.0
  0
LINE
  5
A5B
330
17
100
AcDbEntity
  8
VISIBLE
100
AcDbLine
 10
171.95862580807542
 20
147.20857540906445
 30
0.0
 11
172.72576333554125
 21
147.20857540906445
 31
0.0
  0
LINE
  5
A5C
330
17
100
AcDbEntity
  8
VISIBLE
100
AcDbLine
 10
174.01012612851
 20
147.20857540906445
 30
0.0
 11
173.41057397396898
 21
147.20857540906445
 31
0.0
  0
LINE
  5
A5D
330
17
100
AcDbEntity
  8
VISIBLE
100
AcDbLine
 10
172.72576333554125
 20
147.20857540906445
 30
0.0
 11
173.41057397396898
 21
147.20857540906445
 31
0.0
  0
LINE
  5
A5E
330
17
100
AcDbEntity
  8
VISIBLE
100
AcDbLine
 10
179.7731819299016
 20
144.20857540906445
 30
0.0
 11
180.17736054928636
 21
144.20857540906445
 31
0.0
  0
LINE
  5
A5F
330
17
100
AcDbEntity
  8
VISIBLE
100
AcDbLine
 10
180.17736054928636
 20
144.20857540906445
 30
0.0
 11
180.46730042965746
 21
144.20857540906445
 31
0.0
  0
LINE
  5
A60
330
17
100
AcDbEntity
  8
VISIBLE
100
AcDbLine
 10
179.7731819299016
 20
147.20857540906445
 30
0.0
 11
180.17736054928636
 21
147.20857540906445
 31
0.0
  0
LINE
  5
A61
330
17
100
AcDbEntity
  8
VISIBLE
100
AcDbLine
 10
180.17736054928636
 20
147.20857540906445
 30
0.0
 11
180.46730042965746
 21
147.20857540906445
 31
0.0
  0
LINE
  5
A62
330
17
100
AcDbEntity
  8
VISIBLE
100
AcDbLine
 10
174.52184869320726
 20
147.20857540906445
 30
0.0
 11
174.94355393917894
 21
147.20857540906445
 31
0.0
  0
LINE
  5
A63
330
17
100
AcDbEntity
  8
VISIBLE
100
AcDbLine
 10
174.94355393917894
 20
147.20857540906445
 30
0.0
 11
175.27343369992113
 21
147.20857540906445
 31
0.0
  0
LINE
  5
A64
330
17
100
AcDbEntity
  8
VISIBLE
100
AcDbLine
 10
180.46730042965746
 20
144.20857540906445
 30
0.0
 11
180.64176179440355
 21
144.20857540906445
 31
0.0
  0
LINE
  5
A65
330
17
100
AcDbEntity
  8
VISIBLE
100
AcDbLine
 10
180.64176179440355
 20
144.20857540906445
 30
0.0
 11
180.70000077755785
 21
144.20857540906445
 31
0.0
  0
LINE
  5
A66
330
17
100
AcDbEntity
  8
VISIBLE
100
AcDbLine
 10
180.46730042965746
 20
147.20857540906445
 30
0.0
 11
180.64176179440355
 21
147.20857540906445
 31
0.0
  0
LINE
  5
A67
330
17
100
AcDbEntity
  8
VISIBLE
100
AcDbLine
 10
180.64176179440355
 20
147.20857540906445
 30
0.0
 11
180.70000077755785
 21
147.20857540906445
 31
0.0
  0
LINE
  5
A68
330
17
100
AcDbEntity
  8
VISIBLE
100
AcDbLine
 10
175.27343369992113
 20
147.20857540906445
 30
0.0
 11
175.51007653744554
 21
147.20857540906445
 31
0.0
  0
LINE
  5
A69
330
17
100
AcDbEntity
  8
VISIBLE
100
AcDbLine
 10
175.51007653744554
 20
147.20857540906445
 30
0.0
 11
175.65246774227953
 21
147.20857540906445
 31
0.0
  0
LINE
  5
A6A
330
17
100
AcDbEntity
  8
VISIBLE
100
AcDbLine
 10
175.65246774227953
 20
147.20857540906445
 30
0.0
 11
175.70000077755785
 21
147.20857540906445
 31
0.0
  0
LINE
  5
A6B
330
17
100
AcDbEntity
  8
VISIBLE
100
AcDbLine
 10
174.38483239682054
 20
149.20857540906445
 30
0.0
 11
174.52184869320726
 21
149.20857540906445
 31
0.0
  0
LINE
  5
A6C
330
17
100
AcDbEntity
  8
VISIBLE
100
AcDbLine
 10
174.52184869320726
 20
149.20857540906445
 30
0.0
 11
174.94355393917894
 21
149.20857540906445
 31
0.0
  0
LINE
  5
A6D
330
17
100
AcDbEntity
  8
VISIBLE
100
AcDbLine
 10
174.94355393917894
 20
149.20857540906445
 30
0.0
 11
175.27343369992113
 21
149.20857540906445
 31
0.0
  0
LINE
  5
A6E
330
17
100
AcDbEntity
  8
VISIBLE
100
AcDbLine
 10
175.27343369992113
 20
149.20857540906445
 30
0.0
 11
175.51007653744554
 21
149.20857540906445
 31
0.0
  0
LINE
  5
A6F
330
17
100
AcDbEntity
  8
VISIBLE
100
AcDbLine
 10
175.51007653744554
 20
149.20857540906445
 30
0.0
 11
175.65246774227953
 21
149.20857540906445
 31
0.0
  0
LINE
  5
A70
330
17
100
AcDbEntity
  8
VISIBLE
100
AcDbLine
 10
175.65246774227953
 20
149.20857540906445
 30
0.0
 11
175.70000077755785
 21
149.20857540906445
 31
0.0
  0
LINE
  5
A71
330
17
100
AcDbEntity
  8
VISIBLE
100
AcDbLine
 10
169.19777013333177
 20
178.20857540906445
 30
0.0
 11
168.13747693569994
 21
178.20857540906445
 31
0.0
  0
LINE
  5
A72
330
17
100
AcDbEntity
  8
VISIBLE
100
AcDbLine
 10
169.19777013333177
 20
178.20857540906445
 30
0.0
 11
170.1908435967717
 21
178.20857540906445
 31
0.0
  0
LINE
  5
A73
330
17
100
AcDbEntity
  8
VISIBLE
100
AcDbLine
 10
161.0000000146184
 20
149.20857540906445
 30
0.0
 11
161.0000000146184
 21
161.20857540906445
 31
0.0
  0
LINE
  5
A74
330
17
100
AcDbEntity
  8
VISIBLE
100
AcDbLine
 10
161.0000000146184
 20
161.20857540906445
 30
0.0
 11
160.63595630200243
 21
161.20857540906445
 31
0.0
  0
LINE
  5
A75
330
17
100
AcDbEntity
  8
VISIBLE
100
AcDbLine
 10
160.63595630200243
 20
161.20857540906445
 30
0.0
 11
159.24578286679125
 21
161.20857540906445
 31
0.0
  0
LINE
  5
A76
330
17
100
AcDbEntity
  8
VISIBLE
100
AcDbLine
 10
159.24578286679125
 20
161.20857540906445
 30
0.0
 11
157.83100511105394
 21
161.20857540906445
 31
0.0
  0
LINE
  5
A77
330
17
100
AcDbEntity
  8
VISIBLE
100
AcDbLine
 10
157.83100511105394
 20
161.20857540906445
 30
0.0
 11
156.39768148930406
 21
161.20857540906445
 31
0.0
  0
LINE
  5
A78
330
17
100
AcDbEntity
  8
VISIBLE
100
AcDbLine
 10
154.95194949181413
 20
161.20857540906445
 30
0.0
 11
156.39768148930406
 21
161.20857540906445
 31
0.0
  0
LINE
  5
A79
330
17
100
AcDbEntity
  8
VISIBLE
100
AcDbLine
 10
161.99557210476732
 20
178.20857540906445
 30
0.0
 11
160.63595630200243
 21
178.20857540906445
 31
0.0
  0
LINE
  5
A7A
330
17
100
AcDbEntity
  8
VISIBLE
100
AcDbLine
 10
160.63595630200243
 20
178.20857540906445
 30
0.0
 11
159.24578286679125
 21
178.20857540906445
 31
0.0
  0
LINE
  5
A7B
330
17
100
AcDbEntity
  8
VISIBLE
100
AcDbLine
 10
159.24578286679125
 20
178.20857540906445
 30
0.0
 11
157.83100511105394
 21
178.20857540906445
 31
0.0
  0
LINE
  5
A7C
330
17
100
AcDbEntity
  8
VISIBLE
100
AcDbLine
 10
157.83100511105394
 20
178.20857540906445
 30
0.0
 11
156.39768148930406
 21
178.20857540906445
 31
0.0
  0
LINE
  5
A7D
330
17
100
AcDbEntity
  8
VISIBLE
100
AcDbLine
 10
154.95194949181413
 20
178.20857540906445
 30
0.0
 11
156.39768148930406
 21
178.20857540906445
 31
0.0
  0
LINE
  5
A7E
330
17
100
AcDbEntity
  8
VISIBLE
100
AcDbLine
 10
164.60000039608812
 20
178.20857540906445
 30
0.0
 11
165.8336591866765
 21
178.20857540906445
 31
0.0
  0
LINE
  5
A7F
330
17
100
AcDbEntity
  8
VISIBLE
100
AcDbLine
 10
168.13747693569994
 20
178.20857540906445
 30
0.0
 11
167.0145034936223
 21
178.20857540906445
 31
0.0
  0
LINE
  5
A80
330
17
100
AcDbEntity
  8
VISIBLE
100
AcDbLine
 10
165.8336591866765
 20
178.20857540906445
 30
0.0
 11
167.0145034936223
 21
178.20857540906445
 31
0.0
  0
LINE
  5
A81
330
17
100
AcDbEntity
  8
VISIBLE
100
AcDbLine
 10
161.99557210476732
 20
178.20857540906445
 30
0.0
 11
163.31880857022142
 21
178.20857540906445
 31
0.0
  0
LINE
  5
A82
330
17
100
AcDbEntity
  8
VISIBLE
100
AcDbLine
 10
164.60000039608812
 20
178.20857540906445
 30
0.0
 11
163.31880857022142
 21
178.20857540906445
 31
0.0
  0
LINE
  5
A83
330
17
100
AcDbEntity
  8
VISIBLE
100
AcDbLine
 10
174.38483239682054
 20
149.20857540906445
 30
0.0
 11
174.38483239682054
 21
161.20857540906445
 31
0.0
  0
LINE
  5
A84
330
17
100
AcDbEntity
  8
VISIBLE
100
AcDbLine
 10
174.38483239682054
 20
161.20857540906445
 30
0.0
 11
174.52184869320726
 21
161.20857540906445
 31
0.0
  0
LINE
  5
A85
330
17
100
AcDbEntity
  8
VISIBLE
100
AcDbLine
 10
174.52184869320726
 20
161.20857540906445
 30
0.0
 11
174.94355393917894
 21
161.20857540906445
 31
0.0
  0
LINE
  5
A86
330
17
100
AcDbEntity
  8
VISIBLE
100
AcDbLine
 10
174.94355393917894
 20
161.20857540906445
 30
0.0
 11
175.27343369992113
 21
161.20857540906445
 31
0.0
  0
LINE
  5
A87
330
17
100
AcDbEntity
  8
VISIBLE
100
AcDbLine
 10
175.27343369992113
 20
161.20857540906445
 30
0.0
 11
175.51007653744554
 21
161.20857540906445
 31
0.0
  0
LINE
  5
A88
330
17
100
AcDbEntity
  8
VISIBLE
100
AcDbLine
 10
175.51007653744554
 20
161.20857540906445
 30
0.0
 11
175.65246774227953
 21
161.20857540906445
 31
0.0
  0
LINE
  5
A89
330
17
100
AcDbEntity
  8
VISIBLE
100
AcDbLine
 10
175.65246774227953
 20
161.20857540906445
 30
0.0
 11
175.70000077755785
 21
161.20857540906445
 31
0.0
  0
LINE
  5
A8A
330
17
100
AcDbEntity
  8
VISIBLE
100
AcDbLine
 10
174.01012612851
 20
178.20857540906445
 30
0.0
 11
174.52184869320726
 21
178.20857540906445
 31
0.0
  0
LINE
  5
A8B
330
17
100
AcDbEntity
  8
VISIBLE
100
AcDbLine
 10
170.1908435967717
 20
178.20857540906445
 30
0.0
 11
171.1124439385686
 21
178.20857540906445
 31
0.0
  0
LINE
  5
A8C
330
17
100
AcDbEntity
  8
VISIBLE
100
AcDbLine
 10
171.1124439385686
 20
178.20857540906445
 30
0.0
 11
171.95862580807542
 21
178.20857540906445
 31
0.0
  0
LINE
  5
A8D
330
17
100
AcDbEntity
  8
VISIBLE
100
AcDbLine
 10
171.95862580807542
 20
178.20857540906445
 30
0.0
 11
172.72576333554125
 21
178.20857540906445
 31
0.0
  0
LINE
  5
A8E
330
17
100
AcDbEntity
  8
VISIBLE
100
AcDbLine
 10
174.01012612851
 20
178.20857540906445
 30
0.0
 11
173.41057397396898
 21
178.20857540906445
 31
0.0
  0
LINE
  5
A8F
330
17
100
AcDbEntity
  8
VISIBLE
100
AcDbLine
 10
172.72576333554125
 20
178.20857540906445
 30
0.0
 11
173.41057397396898
 21
178.20857540906445
 31
0.0
  0
LINE
  5
A90
330
17
100
AcDbEntity
  8
VISIBLE
100
AcDbLine
 10
174.52184869320726
 20
178.20857540906445
 30
0.0
 11
174.94355393917894
 21
178.20857540906445
 31
0.0
  0
LINE
  5
A91
330
17
100
AcDbEntity
  8
VISIBLE
100
AcDbLine
 10
174.94355393917894
 20
178.20857540906445
 30
0.0
 11
175.27343369992113
 21
178.20857540906445
 31
0.0
  0
LINE
  5
A92
330
17
100
AcDbEntity
  8
VISIBLE
100
AcDbLine
 10
175.27343369992113
 20
178.20857540906445
 30
0.0
 11
175.51007653744554
 21
178.20857540906445
 31
0.0
  0
LINE
  5
A93
330
17
100
AcDbEntity
  8
VISIBLE
100
AcDbLine
 10
175.51007653744554
 20
178.20857540906445
 30
0.0
 11
175.65246774227953
 21
178.20857540906445
 31
0.0
  0
LINE
  5
A94
330
17
100
AcDbEntity
  8
VISIBLE
100
AcDbLine
 10
175.65246774227953
 20
178.20857540906445
 30
0.0
 11
175.70000077755785
 21
178.20857540906445
 31
0.0
  0
LINE
  5
A95
330
17
100
AcDbEntity
  8
VISIBLE
100
AcDbLine
 10
155.27896513016557
 20
144.20857540906445
 30
0.0
 11
153.5000000146184
 21
144.20857540906445
 31
0.0
  0
LINE
  5
A96
330
17
100
AcDbEntity
  8
VISIBLE
100
AcDbLine
 10
153.5000000146184
 20
144.20857540906445
 30
0.0
 11
151.7210348990712
 21
144.20857540906445
 31
0.0
  0
LINE
  5
A97
330
17
100
AcDbEntity
  8
VISIBLE
100
AcDbLine
 10
151.0130362656865
 20
138.20857540906445
 30
0.0
 11
151.0130362656865
 21
144.20857540906445
 31
0.0
  0
LINE
  5
A98
330
17
100
AcDbEntity
  8
VISIBLE
100
AcDbLine
 10
155.27896513016557
 20
147.20857540906445
 30
0.0
 11
153.5000000146184
 21
147.20857540906445
 31
0.0
  0
LINE
  5
A99
330
17
100
AcDbEntity
  8
VISIBLE
100
AcDbLine
 10
153.5000000146184
 20
147.20857540906445
 30
0.0
 11
151.7210348990712
 21
147.20857540906445
 31
0.0
  0
LINE
  5
A9A
330
17
100
AcDbEntity
  8
VISIBLE
100
AcDbLine
 10
151.7210348990712
 20
144.20857540906445
 30
0.0
 11
149.9496874955449
 21
144.20857540906445
 31
0.0
  0
LINE
  5
A9B
330
17
100
AcDbEntity
  8
VISIBLE
100
AcDbLine
 10
149.9496874955449
 20
144.20857540906445
 30
0.0
 11
148.19354344876146
 21
144.20857540906445
 31
0.0
  0
LINE
  5
A9C
330
17
100
AcDbEntity
  8
VISIBLE
100
AcDbLine
 10
151.7210348990712
 20
147.20857540906445
 30
0.0
 11
149.9496874955449
 21
147.20857540906445
 31
0.0
  0
LINE
  5
A9D
330
17
100
AcDbEntity
  8
VISIBLE
100
AcDbLine
 10
149.9496874955449
 20
147.20857540906445
 30
0.0
 11
148.19354344876146
 21
147.20857540906445
 31
0.0
  0
LINE
  5
A9E
330
17
100
AcDbEntity
  8
VISIBLE
100
AcDbLine
 10
154.95194949181413
 20
147.20857540906445
 30
0.0
 11
153.5000000146184
 21
147.20857540906445
 31
0.0
  0
LINE
  5
A9F
330
17
100
AcDbEntity
  8
VISIBLE
100
AcDbLine
 10
153.5000000146184
 20
147.20857540906445
 30
0.0
 11
152.04805053742265
 21
147.20857540906445
 31
0.0
  0
LINE
  5
AA0
330
17
100
AcDbEntity
  8
VISIBLE
100
AcDbLine
 10
152.04805053742265
 20
147.20857540906445
 30
0.0
 11
150.60231853993272
 21
147.20857540906445
 31
0.0
  0
LINE
  5
AA1
330
17
100
AcDbEntity
  8
VISIBLE
100
AcDbLine
 10
150.60231853993272
 20
147.20857540906445
 30
0.0
 11
149.16899491818285
 21
147.20857540906445
 31
0.0
  0
LINE
  5
AA2
330
17
100
AcDbEntity
  8
VISIBLE
100
AcDbLine
 10
149.16899491818285
 20
147.20857540906445
 30
0.0
 11
147.75421716244554
 21
147.20857540906445
 31
0.0
  0
LINE
  5
AA3
330
17
100
AcDbEntity
  8
VISIBLE
100
AcDbLine
 10
151.0130362656865
 20
138.20857540906445
 30
0.0
 11
145.01303578884935
 21
138.20857540906445
 31
0.0
  0
LINE
  5
AA4
330
17
100
AcDbEntity
  8
VISIBLE
100
AcDbLine
 10
148.19354344876146
 20
144.20857540906445
 30
0.0
 11
146.46012212307787
 21
144.20857540906445
 31
0.0
  0
LINE
  5
AA5
330
17
100
AcDbEntity
  8
VISIBLE
100
AcDbLine
 10
146.46012212307787
 20
144.20857540906445
 30
0.0
 11
144.75684644253587
 21
144.20857540906445
 31
0.0
  0
LINE
  5
AA6
330
17
100
AcDbEntity
  8
VISIBLE
100
AcDbLine
 10
151.0130362656865
 20
144.20857540906445
 30
0.0
 11
145.01303578884935
 21
144.20857540906445
 31
0.0
  0
LINE
  5
AA7
330
17
100
AcDbEntity
  8
VISIBLE
100
AcDbLine
 10
145.01303578884935
 20
138.20857540906445
 30
0.0
 11
145.01303578884935
 21
144.20857540906445
 31
0.0
  0
LINE
  5
AA8
330
17
100
AcDbEntity
  8
VISIBLE
100
AcDbLine
 10
148.19354344876146
 20
147.20857540906445
 30
0.0
 11
146.46012212307787
 21
147.20857540906445
 31
0.0
  0
LINE
  5
AA9
330
17
100
AcDbEntity
  8
VISIBLE
100
AcDbLine
 10
146.46012212307787
 20
147.20857540906445
 30
0.0
 11
144.75684644253587
 21
147.20857540906445
 31
0.0
  0
LINE
  5
AAA
330
17
100
AcDbEntity
  8
VISIBLE
100
AcDbLine
 10
144.75684644253587
 20
144.20857540906445
 30
0.0
 11
143.09101106198167
 21
144.20857540906445
 31
0.0
  0
LINE
  5
AAB
330
17
100
AcDbEntity
  8
VISIBLE
100
AcDbLine
 10
143.09101106198167
 20
144.20857540906445
 30
0.0
 11
141.46974755795335
 21
144.20857540906445
 31
0.0
  0
LINE
  5
AAC
330
17
100
AcDbEntity
  8
VISIBLE
100
AcDbLine
 10
144.75684644253587
 20
147.20857540906445
 30
0.0
 11
143.09101106198167
 21
147.20857540906445
 31
0.0
  0
LINE
  5
AAD
330
17
100
AcDbEntity
  8
VISIBLE
100
AcDbLine
 10
143.09101106198167
 20
147.20857540906445
 30
0.0
 11
141.46974755795335
 21
147.20857540906445
 31
0.0
  0
LINE
  5
AAE
330
17
100
AcDbEntity
  8
VISIBLE
100
AcDbLine
 10
147.75421716244554
 20
147.20857540906445
 30
0.0
 11
146.36404372723436
 21
147.20857540906445
 31
0.0
  0
LINE
  5
AAF
330
17
100
AcDbEntity
  8
VISIBLE
100
AcDbLine
 10
146.36404372723436
 20
147.20857540906445
 30
0.0
 11
145.00442792446947
 21
147.20857540906445
 31
0.0
  0
LINE
  5
AB0
330
17
100
AcDbEntity
  8
VISIBLE
100
AcDbLine
 10
145.00442792446947
 20
147.20857540906445
 30
0.0
 11
143.68119145901537
 21
147.20857540906445
 31
0.0
  0
LINE
  5
AB1
330
17
100
AcDbEntity
  8
VISIBLE
100
AcDbLine
 10
143.68119145901537
 20
147.20857540906445
 30
0.0
 11
142.39999963314867
 21
147.20857540906445
 31
0.0
  0
LINE
  5
AB2
330
17
100
AcDbEntity
  8
VISIBLE
100
AcDbLine
 10
142.39999963314867
 20
147.20857540906445
 30
0.0
 11
141.1663408425603
 21
147.20857540906445
 31
0.0
  0
LINE
  5
AB3
330
17
100
AcDbEntity
  8
VISIBLE
100
AcDbLine
 10
141.1663408425603
 20
147.20857540906445
 30
0.0
 11
139.9854965356145
 21
147.20857540906445
 31
0.0
  0
LINE
  5
AB4
330
17
100
AcDbEntity
  8
VISIBLE
100
AcDbLine
 10
154.95194949181413
 20
149.20857540906445
 30
0.0
 11
153.5000000146184
 21
149.20857540906445
 31
0.0
  0
LINE
  5
AB5
330
17
100
AcDbEntity
  8
VISIBLE
100
AcDbLine
 10
153.5000000146184
 20
149.20857540906445
 30
0.0
 11
152.04805053742265
 21
149.20857540906445
 31
0.0
  0
LINE
  5
AB6
330
17
100
AcDbEntity
  8
VISIBLE
100
AcDbLine
 10
152.04805053742265
 20
149.20857540906445
 30
0.0
 11
150.60231853993272
 21
149.20857540906445
 31
0.0
  0
LINE
  5
AB7
330
17
100
AcDbEntity
  8
VISIBLE
100
AcDbLine
 10
150.60231853993272
 20
149.20857540906445
 30
0.0
 11
149.16899491818285
 21
149.20857540906445
 31
0.0
  0
LINE
  5
AB8
330
17
100
AcDbEntity
  8
VISIBLE
100
AcDbLine
 10
149.16899491818285
 20
149.20857540906445
 30
0.0
 11
147.75421716244554
 21
149.20857540906445
 31
0.0
  0
LINE
  5
AB9
330
17
100
AcDbEntity
  8
VISIBLE
100
AcDbLine
 10
147.75421716244554
 20
149.20857540906445
 30
0.0
 11
146.36404372723436
 21
149.20857540906445
 31
0.0
  0
LINE
  5
ABA
330
17
100
AcDbEntity
  8
VISIBLE
100
AcDbLine
 10
146.36404372723436
 20
149.20857540906445
 30
0.0
 11
146.0000000146184
 21
149.20857540906445
 31
0.0
  0
LINE
  5
ABB
330
17
100
AcDbEntity
  8
VISIBLE
100
AcDbLine
 10
141.46974755795335
 20
144.20857540906445
 30
0.0
 11
139.89999963314867
 21
144.20857540906445
 31
0.0
  0
LINE
  5
ABC
330
17
100
AcDbEntity
  8
VISIBLE
100
AcDbLine
 10
139.89999963314867
 20
144.20857540906445
 30
0.0
 11
138.38848973782396
 21
144.20857540906445
 31
0.0
  0
LINE
  5
ABD
330
17
100
AcDbEntity
  8
VISIBLE
100
AcDbLine
 10
138.38848973782396
 20
144.20857540906445
 30
0.0
 11
136.94168855221605
 21
144.20857540906445
 31
0.0
  0
LINE
  5
ABE
330
17
100
AcDbEntity
  8
VISIBLE
100
AcDbLine
 10
141.46974755795335
 20
147.20857540906445
 30
0.0
 11
139.89999963314867
 21
147.20857540906445
 31
0.0
  0
LINE
  5
ABF
330
17
100
AcDbEntity
  8
VISIBLE
100
AcDbLine
 10
139.89999963314867
 20
147.20857540906445
 30
0.0
 11
138.38848973782396
 21
147.20857540906445
 31
0.0
  0
LINE
  5
AC0
330
17
100
AcDbEntity
  8
VISIBLE
100
AcDbLine
 10
138.38848973782396
 20
147.20857540906445
 30
0.0
 11
136.94168855221605
 21
147.20857540906445
 31
0.0
  0
LINE
  5
AC1
330
17
100
AcDbEntity
  8
VISIBLE
100
AcDbLine
 10
136.94168855221605
 20
144.20857540906445
 30
0.0
 11
135.56579400570726
 21
144.20857540906445
 31
0.0
  0
LINE
  5
AC2
330
17
100
AcDbEntity
  8
VISIBLE
100
AcDbLine
 10
136.94168855221605
 20
147.20857540906445
 30
0.0
 11
135.56579400570726
 21
147.20857540906445
 31
0.0
  0
LINE
  5
AC3
330
17
100
AcDbEntity
  8
VISIBLE
100
AcDbLine
 10
135.56579400570726
 20
144.20857540906445
 30
0.0
 11
134.2666950372014
 21
144.20857540906445
 31
0.0
  0
LINE
  5
AC4
330
17
100
AcDbEntity
  8
VISIBLE
100
AcDbLine
 10
135.56579400570726
 20
147.20857540906445
 30
0.0
 11
134.2666950372014
 21
147.20857540906445
 31
0.0
  0
LINE
  5
AC5
330
17
100
AcDbEntity
  8
VISIBLE
100
AcDbLine
 10
139.9854965356145
 20
147.20857540906445
 30
0.0
 11
138.86252309353685
 21
147.20857540906445
 31
0.0
  0
LINE
  5
AC6
330
17
100
AcDbEntity
  8
VISIBLE
100
AcDbLine
 10
138.86252309353685
 20
147.20857540906445
 30
0.0
 11
137.80222989590501
 21
147.20857540906445
 31
0.0
  0
LINE
  5
AC7
330
17
100
AcDbEntity
  8
VISIBLE
100
AcDbLine
 10
137.80222989590501
 20
147.20857540906445
 30
0.0
 11
136.80915643246507
 21
147.20857540906445
 31
0.0
  0
LINE
  5
AC8
330
17
100
AcDbEntity
  8
VISIBLE
100
AcDbLine
 10
134.2666950372014
 20
144.20857540906445
 30
0.0
 11
133.04995729000902
 21
144.20857540906445
 31
0.0
  0
LINE
  5
AC9
330
17
100
AcDbEntity
  8
VISIBLE
100
AcDbLine
 10
134.2666950372014
 20
147.20857540906445
 30
0.0
 11
133.04995729000902
 21
147.20857540906445
 31
0.0
  0
LINE
  5
ACA
330
17
100
AcDbEntity
  8
VISIBLE
100
AcDbLine
 10
133.04995729000902
 20
144.20857540906445
 30
0.0
 11
131.92078973324632
 21
144.20857540906445
 31
0.0
  0
LINE
  5
ACB
330
17
100
AcDbEntity
  8
VISIBLE
100
AcDbLine
 10
131.92078973324632
 20
144.20857540906445
 30
0.0
 11
130.8840274956975
 21
144.20857540906445
 31
0.0
  0
LINE
  5
ACC
330
17
100
AcDbEntity
  8
VISIBLE
100
AcDbLine
 10
133.04995729000902
 20
147.20857540906445
 30
0.0
 11
131.92078973324632
 21
147.20857540906445
 31
0.0
  0
LINE
  5
ACD
330
17
100
AcDbEntity
  8
VISIBLE
100
AcDbLine
 10
131.92078973324632
 20
147.20857540906445
 30
0.0
 11
130.8840274956975
 21
147.20857540906445
 31
0.0
  0
LINE
  5
ACE
330
17
100
AcDbEntity
  8
VISIBLE
100
AcDbLine
 10
136.80915643246507
 20
147.20857540906445
 30
0.0
 11
135.8875560906682
 21
147.20857540906445
 31
0.0
  0
LINE
  5
ACF
330
17
100
AcDbEntity
  8
VISIBLE
100
AcDbLine
 10
135.8875560906682
 20
147.20857540906445
 30
0.0
 11
135.04137422116136
 21
147.20857540906445
 31
0.0
  0
LINE
  5
AD0
330
17
100
AcDbEntity
  8
VISIBLE
100
AcDbLine
 10
135.04137422116136
 20
147.20857540906445
 30
0.0
 11
134.27423669369554
 21
147.20857540906445
 31
0.0
  0
LINE
  5
AD1
330
17
100
AcDbEntity
  8
VISIBLE
100
AcDbLine
 10
134.27423669369554
 20
147.20857540906445
 30
0.0
 11
133.5894260552678
 21
147.20857540906445
 31
0.0
  0
LINE
  5
AD2
330
17
100
AcDbEntity
  8
VISIBLE
100
AcDbLine
 10
130.8840274956975
 20
144.20857540906445
 30
0.0
 11
129.9441089776311
 21
144.20857540906445
 31
0.0
  0
LINE
  5
AD3
330
17
100
AcDbEntity
  8
VISIBLE
100
AcDbLine
 10
130.8840274956975
 20
147.20857540906445
 30
0.0
 11
129.9441089776311
 21
147.20857540906445
 31
0.0
  0
LINE
  5
AD4
330
17
100
AcDbEntity
  8
VISIBLE
100
AcDbLine
 10
129.9441089776311
 20
144.20857540906445
 30
0.0
 11
129.10506059201097
 21
144.20857540906445
 31
0.0
  0
LINE
  5
AD5
330
17
100
AcDbEntity
  8
VISIBLE
100
AcDbLine
 10
129.10506059201097
 20
144.20857540906445
 30
0.0
 11
128.37047578366136
 21
144.20857540906445
 31
0.0
  0
LINE
  5
AD6
330
17
100
AcDbEntity
  8
VISIBLE
100
AcDbLine
 10
129.9441089776311
 20
147.20857540906445
 30
0.0
 11
129.10506059201097
 21
147.20857540906445
 31
0.0
  0
LINE
  5
AD7
330
17
100
AcDbEntity
  8
VISIBLE
100
AcDbLine
 10
129.10506059201097
 20
147.20857540906445
 30
0.0
 11
128.37047578366136
 21
147.20857540906445
 31
0.0
  0
LINE
  5
AD8
330
17
100
AcDbEntity
  8
VISIBLE
100
AcDbLine
 10
133.5894260552678
 20
147.20857540906445
 30
0.0
 11
132.9898739007268
 21
147.20857540906445
 31
0.0
  0
LINE
  5
AD9
330
17
100
AcDbEntity
  8
VISIBLE
100
AcDbLine
 10
132.9898739007268
 20
147.20857540906445
 30
0.0
 11
132.47815133602953
 21
147.20857540906445
 31
0.0
  0
LINE
  5
ADA
330
17
100
AcDbEntity
  8
VISIBLE
100
AcDbLine
 10
128.37047578366136
 20
144.20857540906445
 30
0.0
 11
127.74349977047777
 21
144.20857540906445
 31
0.0
  0
LINE
  5
ADB
330
17
100
AcDbEntity
  8
VISIBLE
100
AcDbLine
 10
127.74349977047777
 20
144.20857540906445
 30
0.0
 11
127.22681809933519
 21
144.20857540906445
 31
0.0
  0
LINE
  5
ADC
330
17
100
AcDbEntity
  8
VISIBLE
100
AcDbLine
 10
128.37047578366136
 20
147.20857540906445
 30
0.0
 11
127.74349977047777
 21
147.20857540906445
 31
0.0
  0
LINE
  5
ADD
330
17
100
AcDbEntity
  8
VISIBLE
100
AcDbLine
 10
127.74349977047777
 20
147.20857540906445
 30
0.0
 11
127.22681809933519
 21
147.20857540906445
 31
0.0
  0
LINE
  5
ADE
330
17
100
AcDbEntity
  8
VISIBLE
100
AcDbLine
 10
132.47815133602953
 20
147.20857540906445
 30
0.0
 11
132.05644609005785
 21
147.20857540906445
 31
0.0
  0
LINE
  5
ADF
330
17
100
AcDbEntity
  8
VISIBLE
100
AcDbLine
 10
132.05644609005785
 20
147.20857540906445
 30
0.0
 11
131.72656632931566
 21
147.20857540906445
 31
0.0
  0
LINE
  5
AE0
330
17
100
AcDbEntity
  8
VISIBLE
100
AcDbLine
 10
127.22681809933519
 20
144.20857540906445
 30
0.0
 11
126.82263947995042
 21
144.20857540906445
 31
0.0
  0
LINE
  5
AE1
330
17
100
AcDbEntity
  8
VISIBLE
100
AcDbLine
 10
126.82263947995042
 20
144.20857540906445
 30
0.0
 11
126.53269959957933
 21
144.20857540906445
 31
0.0
  0
LINE
  5
AE2
330
17
100
AcDbEntity
  8
VISIBLE
100
AcDbLine
 10
127.22681809933519
 20
147.20857540906445
 30
0.0
 11
126.82263947995042
 21
147.20857540906445
 31
0.0
  0
LINE
  5
AE3
330
17
100
AcDbEntity
  8
VISIBLE
100
AcDbLine
 10
126.82263947995042
 20
147.20857540906445
 30
0.0
 11
126.53269959957933
 21
147.20857540906445
 31
0.0
  0
LINE
  5
AE4
330
17
100
AcDbEntity
  8
VISIBLE
100
AcDbLine
 10
131.72656632931566
 20
147.20857540906445
 30
0.0
 11
131.48992349179125
 21
147.20857540906445
 31
0.0
  0
LINE
  5
AE5
330
17
100
AcDbEntity
  8
VISIBLE
100
AcDbLine
 10
131.48992349179125
 20
147.20857540906445
 30
0.0
 11
131.34753228695726
 21
147.20857540906445
 31
0.0
  0
LINE
  5
AE6
330
17
100
AcDbEntity
  8
VISIBLE
100
AcDbLine
 10
126.53269959957933
 20
144.20857540906445
 30
0.0
 11
126.35823823483324
 21
144.20857540906445
 31
0.0
  0
LINE
  5
AE7
330
17
100
AcDbEntity
  8
VISIBLE
100
AcDbLine
 10
126.53269959957933
 20
147.20857540906445
 30
0.0
 11
126.35823823483324
 21
147.20857540906445
 31
0.0
  0
LINE
  5
AE8
330
17
100
AcDbEntity
  8
VISIBLE
100
AcDbLine
 10
132.61516763241625
 20
149.20857540906445
 30
0.0
 11
132.47815133602953
 21
149.20857540906445
 31
0.0
  0
LINE
  5
AE9
330
17
100
AcDbEntity
  8
VISIBLE
100
AcDbLine
 10
132.47815133602953
 20
149.20857540906445
 30
0.0
 11
132.05644609005785
 21
149.20857540906445
 31
0.0
  0
LINE
  5
AEA
330
17
100
AcDbEntity
  8
VISIBLE
100
AcDbLine
 10
132.05644609005785
 20
149.20857540906445
 30
0.0
 11
131.72656632931566
 21
149.20857540906445
 31
0.0
  0
LINE
  5
AEB
330
17
100
AcDbEntity
  8
VISIBLE
100
AcDbLine
 10
131.72656632931566
 20
149.20857540906445
 30
0.0
 11
131.48992349179125
 21
149.20857540906445
 31
0.0
  0
LINE
  5
AEC
330
17
100
AcDbEntity
  8
VISIBLE
100
AcDbLine
 10
131.48992349179125
 20
149.20857540906445
 30
0.0
 11
131.34753228695726
 21
149.20857540906445
 31
0.0
  0
LINE
  5
AED
330
17
100
AcDbEntity
  8
VISIBLE
100
AcDbLine
 10
154.95194949181413
 20
161.20857540906445
 30
0.0
 11
153.5000000146184
 21
161.20857540906445
 31
0.0
  0
LINE
  5
AEE
330
17
100
AcDbEntity
  8
VISIBLE
100
AcDbLine
 10
153.5000000146184
 20
161.20857540906445
 30
0.0
 11
152.04805053742265
 21
161.20857540906445
 31
0.0
  0
LINE
  5
AEF
330
17
100
AcDbEntity
  8
VISIBLE
100
AcDbLine
 10
152.04805053742265
 20
161.20857540906445
 30
0.0
 11
150.60231853993272
 21
161.20857540906445
 31
0.0
  0
LINE
  5
AF0
330
17
100
AcDbEntity
  8
VISIBLE
100
AcDbLine
 10
150.60231853993272
 20
161.20857540906445
 30
0.0
 11
149.16899491818285
 21
161.20857540906445
 31
0.0
  0
LINE
  5
AF1
330
17
100
AcDbEntity
  8
VISIBLE
100
AcDbLine
 10
149.16899491818285
 20
161.20857540906445
 30
0.0
 11
147.75421716244554
 21
161.20857540906445
 31
0.0
  0
LINE
  5
AF2
330
17
100
AcDbEntity
  8
VISIBLE
100
AcDbLine
 10
147.75421716244554
 20
161.20857540906445
 30
0.0
 11
146.36404372723436
 21
161.20857540906445
 31
0.0
  0
LINE
  5
AF3
330
17
100
AcDbEntity
  8
VISIBLE
100
AcDbLine
 10
146.0000000146184
 20
149.20857540906445
 30
0.0
 11
146.0000000146184
 21
161.20857540906445
 31
0.0
  0
LINE
  5
AF4
330
17
100
AcDbEntity
  8
VISIBLE
100
AcDbLine
 10
146.36404372723436
 20
161.20857540906445
 30
0.0
 11
146.0000000146184
 21
161.20857540906445
 31
0.0
  0
LINE
  5
AF5
330
17
100
AcDbEntity
  8
VISIBLE
100
AcDbLine
 10
154.95194949181413
 20
178.20857540906445
 30
0.0
 11
153.5000000146184
 21
178.20857540906445
 31
0.0
  0
LINE
  5
AF6
330
17
100
AcDbEntity
  8
VISIBLE
100
AcDbLine
 10
153.5000000146184
 20
178.20857540906445
 30
0.0
 11
152.04805053742265
 21
178.20857540906445
 31
0.0
  0
LINE
  5
AF7
330
17
100
AcDbEntity
  8
VISIBLE
100
AcDbLine
 10
152.04805053742265
 20
178.20857540906445
 30
0.0
 11
150.60231853993272
 21
178.20857540906445
 31
0.0
  0
LINE
  5
AF8
330
17
100
AcDbEntity
  8
VISIBLE
100
AcDbLine
 10
150.60231853993272
 20
178.20857540906445
 30
0.0
 11
149.16899491818285
 21
178.20857540906445
 31
0.0
  0
LINE
  5
AF9
330
17
100
AcDbEntity
  8
VISIBLE
100
AcDbLine
 10
149.16899491818285
 20
178.20857540906445
 30
0.0
 11
147.75421716244554
 21
178.20857540906445
 31
0.0
  0
LINE
  5
AFA
330
17
100
AcDbEntity
  8
VISIBLE
100
AcDbLine
 10
147.75421716244554
 20
178.20857540906445
 30
0.0
 11
146.36404372723436
 21
178.20857540906445
 31
0.0
  0
LINE
  5
AFB
330
17
100
AcDbEntity
  8
VISIBLE
100
AcDbLine
 10
146.36404372723436
 20
178.20857540906445
 30
0.0
 11
145.00442792446947
 21
178.20857540906445
 31
0.0
  0
LINE
  5
AFC
330
17
100
AcDbEntity
  8
VISIBLE
100
AcDbLine
 10
145.00442792446947
 20
178.20857540906445
 30
0.0
 11
143.68119145901537
 21
178.20857540906445
 31
0.0
  0
LINE
  5
AFD
330
17
100
AcDbEntity
  8
VISIBLE
100
AcDbLine
 10
143.68119145901537
 20
178.20857540906445
 30
0.0
 11
142.39999963314867
 21
178.20857540906445
 31
0.0
  0
LINE
  5
AFE
330
17
100
AcDbEntity
  8
VISIBLE
100
AcDbLine
 10
142.39999963314867
 20
178.20857540906445
 30
0.0
 11
141.1663408425603
 21
178.20857540906445
 31
0.0
  0
LINE
  5
AFF
330
17
100
AcDbEntity
  8
VISIBLE
100
AcDbLine
 10
141.1663408425603
 20
178.20857540906445
 30
0.0
 11
139.9854965356145
 21
178.20857540906445
 31
0.0
  0
LINE
  5
B00
330
17
100
AcDbEntity
  8
VISIBLE
100
AcDbLine
 10
139.9854965356145
 20
178.20857540906445
 30
0.0
 11
138.86252309353685
 21
178.20857540906445
 31
0.0
  0
LINE
  5
B01
330
17
100
AcDbEntity
  8
VISIBLE
100
AcDbLine
 10
138.86252309353685
 20
178.20857540906445
 30
0.0
 11
137.80222989590501
 21
178.20857540906445
 31
0.0
  0
LINE
  5
B02
330
17
100
AcDbEntity
  8
VISIBLE
100
AcDbLine
 10
137.80222989590501
 20
178.20857540906445
 30
0.0
 11
136.80915643246507
 21
178.20857540906445
 31
0.0
  0
LINE
  5
B03
330
17
100
AcDbEntity
  8
VISIBLE
100
AcDbLine
 10
132.61516763241625
 20
149.20857540906445
 30
0.0
 11
132.61516763241625
 21
161.20857540906445
 31
0.0
  0
LINE
  5
B04
330
17
100
AcDbEntity
  8
VISIBLE
100
AcDbLine
 10
132.61516763241625
 20
161.20857540906445
 30
0.0
 11
132.47815133602953
 21
161.20857540906445
 31
0.0
  0
LINE
  5
B05
330
17
100
AcDbEntity
  8
VISIBLE
100
AcDbLine
 10
132.47815133602953
 20
161.20857540906445
 30
0.0
 11
132.05644609005785
 21
161.20857540906445
 31
0.0
  0
LINE
  5
B06
330
17
100
AcDbEntity
  8
VISIBLE
100
AcDbLine
 10
132.05644609005785
 20
161.20857540906445
 30
0.0
 11
131.72656632931566
 21
161.20857540906445
 31
0.0
  0
LINE
  5
B07
330
17
100
AcDbEntity
  8
VISIBLE
100
AcDbLine
 10
131.72656632931566
 20
161.20857540906445
 30
0.0
 11
131.48992349179125
 21
161.20857540906445
 31
0.0
  0
LINE
  5
B08
330
17
100
AcDbEntity
  8
VISIBLE
100
AcDbLine
 10
131.48992349179125
 20
161.20857540906445
 30
0.0
 11
131.34753228695726
 21
161.20857540906445
 31
0.0
  0
LINE
  5
B09
330
17
100
AcDbEntity
  8
VISIBLE
100
AcDbLine
 10
136.80915643246507
 20
178.20857540906445
 30
0.0
 11
135.8875560906682
 21
178.20857540906445
 31
0.0
  0
LINE
  5
B0A
330
17
100
AcDbEntity
  8
VISIBLE
100
AcDbLine
 10
135.8875560906682
 20
178.20857540906445
 30
0.0
 11
135.04137422116136
 21
178.20857540906445
 31
0.0
  0
LINE
  5
B0B
330
17
100
AcDbEntity
  8
VISIBLE
100
AcDbLine
 10
135.04137422116136
 20
178.20857540906445
 30
0.0
 11
134.27423669369554
 21
178.20857540906445
 31
0.0
  0
LINE
  5
B0C
330
17
100
AcDbEntity
  8
VISIBLE
100
AcDbLine
 10
134.27423669369554
 20
178.20857540906445
 30
0.0
 11
133.5894260552678
 21
178.20857540906445
 31
0.0
  0
LINE
  5
B0D
330
17
100
AcDbEntity
  8
VISIBLE
100
AcDbLine
 10
133.5894260552678
 20
178.20857540906445
 30
0.0
 11
132.9898739007268
 21
178.20857540906445
 31
0.0
  0
LINE
  5
B0E
330
17
100
AcDbEntity
  8
VISIBLE
100
AcDbLine
 10
132.9898739007268
 20
178.20857540906445
 30
0.0
 11
132.47815133602953
 21
178.20857540906445
 31
0.0
  0
LINE
  5
B0F
330
17
100
AcDbEntity
  8
VISIBLE
100
AcDbLine
 10
132.47815133602953
 20
178.20857540906445
 30
0.0
 11
132.05644609005785
 21
178.20857540906445
 31
0.0
  0
LINE
  5
B10
330
17
100
AcDbEntity
  8
VISIBLE
100
AcDbLine
 10
132.05644609005785
 20
178.20857540906445
 30
0.0
 11
131.72656632931566
 21
178.20857540906445
 31
0.0
  0
LINE
  5
B11
330
17
100
AcDbEntity
  8
VISIBLE
100
AcDbLine
 10
131.72656632931566
 20
178.20857540906445
 30
0.0
 11
131.48992349179125
 21
178.20857540906445
 31
0.0
  0
LINE
  5
B12
330
17
100
AcDbEntity
  8
VISIBLE
100
AcDbLine
 10
131.48992349179125
 20
178.20857540906445
 30
0.0
 11
131.34753228695726
 21
178.20857540906445
 31
0.0
  0
LINE
  5
B13
330
17
100
AcDbEntity
  8
VISIBLE
100
AcDbLine
 10
176.9776268151555
 20
138.20857540906445
 30
0.0
 11
176.9776268151555
 21
144.20857540906445
 31
0.0
  0
LINE
  5
B14
330
17
100
AcDbEntity
  8
VISIBLE
100
AcDbLine
 10
176.9776268151555
 20
138.20857540906445
 30
0.0
 11
170.9776268151555
 21
138.20857540906445
 31
0.0
  0
LINE
  5
B15
330
17
100
AcDbEntity
  8
VISIBLE
100
AcDbLine
 10
176.9776268151555
 20
144.20857540906445
 30
0.0
 11
170.9776268151555
 21
144.20857540906445
 31
0.0
  0
LINE
  5
B16
330
17
100
AcDbEntity
  8
VISIBLE
100
AcDbLine
 10
170.9776268151555
 20
138.20857540906445
 30
0.0
 11
170.9776268151555
 21
144.20857540906445
 31
0.0
  0
LINE
  5
B17
330
17
100
AcDbEntity
  8
VISIBLE
100
AcDbLine
 10
169.70000077755785
 20
147.20857540906445
 30
0.0
 11
169.66531373532152
 21
147.20857540906445
 31
0.0
  0
LINE
  5
B18
330
17
100
AcDbEntity
  8
VISIBLE
100
AcDbLine
 10
169.66531373532152
 20
147.20857540906445
 30
0.0
 11
169.5614071038518
 21
147.20857540906445
 31
0.0
  0
LINE
  5
B19
330
17
100
AcDbEntity
  8
VISIBLE
100
AcDbLine
 10
169.5614071038518
 20
147.20857540906445
 30
0.0
 11
169.38872148068285
 21
147.20857540906445
 31
0.0
  0
LINE
  5
B1A
330
17
100
AcDbEntity
  8
VISIBLE
100
AcDbLine
 10
169.38872148068285
 20
147.20857540906445
 30
0.0
 11
169.14799882443285
 21
147.20857540906445
 31
0.0
  0
LINE
  5
B1B
330
17
100
AcDbEntity
  8
VISIBLE
100
AcDbLine
 10
169.14799882443285
 20
147.20857540906445
 30
0.0
 11
168.8402681496892
 21
147.20857540906445
 31
0.0
  0
LINE
  5
B1C
330
17
100
AcDbEntity
  8
VISIBLE
100
AcDbLine
 10
168.8402681496892
 20
147.20857540906445
 30
0.0
 11
168.46684838803148
 21
147.20857540906445
 31
0.0
  0
LINE
  5
B1D
330
17
100
AcDbEntity
  8
VISIBLE
100
AcDbLine
 10
168.46684838803148
 20
147.20857540906445
 30
0.0
 11
168.02933885128832
 21
147.20857540906445
 31
0.0
  0
LINE
  5
B1E
330
17
100
AcDbEntity
  8
VISIBLE
100
AcDbLine
 10
168.02933885128832
 20
147.20857540906445
 30
0.0
 11
167.5296116021428
 21
147.20857540906445
 31
0.0
  0
LINE
  5
B1F
330
17
100
AcDbEntity
  8
VISIBLE
100
AcDbLine
 10
169.70000077755785
 20
149.20857540906445
 30
0.0
 11
169.66531373532152
 21
149.20857540906445
 31
0.0
  0
LINE
  5
B20
330
17
100
AcDbEntity
  8
VISIBLE
100
AcDbLine
 10
169.66531373532152
 20
149.20857540906445
 30
0.0
 11
169.5614071038518
 21
149.20857540906445
 31
0.0
  0
LINE
  5
B21
330
17
100
AcDbEntity
  8
VISIBLE
100
AcDbLine
 10
169.5614071038518
 20
149.20857540906445
 30
0.0
 11
169.38872148068285
 21
149.20857540906445
 31
0.0
  0
LINE
  5
B22
330
17
100
AcDbEntity
  8
VISIBLE
100
AcDbLine
 10
169.38872148068285
 20
149.20857540906445
 30
0.0
 11
169.14799882443285
 21
149.20857540906445
 31
0.0
  0
LINE
  5
B23
330
17
100
AcDbEntity
  8
VISIBLE
100
AcDbLine
 10
169.14799882443285
 20
149.20857540906445
 30
0.0
 11
168.8402681496892
 21
149.20857540906445
 31
0.0
  0
LINE
  5
B24
330
17
100
AcDbEntity
  8
VISIBLE
100
AcDbLine
 10
168.8402681496892
 20
149.20857540906445
 30
0.0
 11
168.46684838803148
 21
149.20857540906445
 31
0.0
  0
LINE
  5
B25
330
17
100
AcDbEntity
  8
VISIBLE
100
AcDbLine
 10
168.46684838803148
 20
149.20857540906445
 30
0.0
 11
168.02933885128832
 21
149.20857540906445
 31
0.0
  0
LINE
  5
B26
330
17
100
AcDbEntity
  8
VISIBLE
100
AcDbLine
 10
174.38483239682054
 20
149.20857540906445
 30
0.0
 11
167.8503189233098
 21
149.20857540906445
 31
0.0
  0
LINE
  5
B27
330
17
100
AcDbEntity
  8
VISIBLE
100
AcDbLine
 10
168.02933885128832
 20
149.20857540906445
 30
0.0
 11
167.8503189233098
 21
149.20857540906445
 31
0.0
  0
LINE
  5
B28
330
17
100
AcDbEntity
  8
VISIBLE
100
AcDbLine
 10
167.5296116021428
 20
147.20857540906445
 30
0.0
 11
166.9698076394353
 21
147.20857540906445
 31
0.0
  0
LINE
  5
B29
330
17
100
AcDbEntity
  8
VISIBLE
100
AcDbLine
 10
166.9698076394353
 20
147.20857540906445
 30
0.0
 11
166.3523245003972
 21
147.20857540906445
 31
0.0
  0
LINE
  5
B2A
330
17
100
AcDbEntity
  8
VISIBLE
100
AcDbLine
 10
166.3523245003972
 20
147.20857540906445
 30
0.0
 11
165.6798048165593
 21
147.20857540906445
 31
0.0
  0
LINE
  5
B2B
330
17
100
AcDbEntity
  8
VISIBLE
100
AcDbLine
 10
165.6798048165593
 20
147.20857540906445
 30
0.0
 11
164.95512963803148
 21
147.20857540906445
 31
0.0
  0
LINE
  5
B2C
330
17
100
AcDbEntity
  8
VISIBLE
100
AcDbLine
 10
164.95512963803148
 20
147.20857540906445
 30
0.0
 11
164.1814022210393
 21
147.20857540906445
 31
0.0
  0
LINE
  5
B2D
330
17
100
AcDbEntity
  8
VISIBLE
100
AcDbLine
 10
164.1814022210393
 20
147.20857540906445
 30
0.0
 11
163.36193563015794
 21
147.20857540906445
 31
0.0
  0
LINE
  5
B2E
330
17
100
AcDbEntity
  8
VISIBLE
100
AcDbLine
 10
163.36193563015794
 20
147.20857540906445
 30
0.0
 11
162.50023747952318
 21
147.20857540906445
 31
0.0
  0
LINE
  5
B2F
330
17
100
AcDbEntity
  8
VISIBLE
100
AcDbLine
 10
162.50023747952318
 20
147.20857540906445
 30
0.0
 11
161.60000039608812
 21
147.20857540906445
 31
0.0
  0
LINE
  5
B30
330
17
100
AcDbEntity
  8
VISIBLE
100
AcDbLine
 10
161.60000039608812
 20
147.20857540906445
 30
0.0
 11
160.6650767472539
 21
147.20857540906445
 31
0.0
  0
LINE
  5
B31
330
17
100
AcDbEntity
  8
VISIBLE
100
AcDbLine
 10
160.6650767472539
 20
147.20857540906445
 30
0.0
 11
159.69947148831224
 21
147.20857540906445
 31
0.0
  0
LINE
  5
B32
330
17
100
AcDbEntity
  8
VISIBLE
100
AcDbLine
 10
159.69947148831224
 20
147.20857540906445
 30
0.0
 11
158.70731927426195
 21
147.20857540906445
 31
0.0
  0
LINE
  5
B33
330
17
100
AcDbEntity
  8
VISIBLE
100
AcDbLine
 10
158.70731927426195
 20
147.20857540906445
 30
0.0
 11
157.6928687241826
 21
147.20857540906445
 31
0.0
  0
LINE
  5
B34
330
17
100
AcDbEntity
  8
VISIBLE
100
AcDbLine
 10
157.6928687241826
 20
147.20857540906445
 30
0.0
 11
156.66046334774828
 21
147.20857540906445
 31
0.0
  0
LINE
  5
B35
330
17
100
AcDbEntity
  8
VISIBLE
100
AcDbLine
 10
156.66046334774828
 20
147.20857540906445
 30
0.0
 11
155.61452437908983
 21
147.20857540906445
 31
0.0
  0
LINE
  5
B36
330
17
100
AcDbEntity
  8
VISIBLE
100
AcDbLine
 10
155.61452437908983
 20
147.20857540906445
 30
0.0
 11
154.55953074963426
 21
147.20857540906445
 31
0.0
  0
LINE
  5
B37
330
17
100
AcDbEntity
  8
VISIBLE
100
AcDbLine
 10
161.0000000146184
 20
149.20857540906445
 30
0.0
 11
160.6650767472539
 21
149.20857540906445
 31
0.0
  0
LINE
  5
B38
330
17
100
AcDbEntity
  8
VISIBLE
100
AcDbLine
 10
160.6650767472539
 20
149.20857540906445
 30
0.0
 11
159.69947148831224
 21
149.20857540906445
 31
0.0
  0
LINE
  5
B39
330
17
100
AcDbEntity
  8
VISIBLE
100
AcDbLine
 10
159.69947148831224
 20
149.20857540906445
 30
0.0
 11
158.70731927426195
 21
149.20857540906445
 31
0.0
  0
LINE
  5
B3A
330
17
100
AcDbEntity
  8
VISIBLE
100
AcDbLine
 10
158.70731927426195
 20
149.20857540906445
 30
0.0
 11
157.6928687241826
 21
149.20857540906445
 31
0.0
  0
LINE
  5
B3B
330
17
100
AcDbEntity
  8
VISIBLE
100
AcDbLine
 10
157.6928687241826
 20
149.20857540906445
 30
0.0
 11
156.66046334774828
 21
149.20857540906445
 31
0.0
  0
LINE
  5
B3C
330
17
100
AcDbEntity
  8
VISIBLE
100
AcDbLine
 10
156.66046334774828
 20
149.20857540906445
 30
0.0
 11
155.61452437908983
 21
149.20857540906445
 31
0.0
  0
LINE
  5
B3D
330
17
100
AcDbEntity
  8
VISIBLE
100
AcDbLine
 10
155.61452437908983
 20
149.20857540906445
 30
0.0
 11
154.55953074963426
 21
149.20857540906445
 31
0.0
  0
LINE
  5
B3E
330
17
100
AcDbEntity
  8
VISIBLE
100
AcDbLine
 10
172.70000077755785
 20
161.20857540906445
 30
0.0
 11
172.65889169247484
 21
161.20857540906445
 31
0.0
  0
LINE
  5
B3F
330
17
100
AcDbEntity
  8
VISIBLE
100
AcDbLine
 10
172.65889169247484
 20
161.20857540906445
 30
0.0
 11
172.53574182064867
 21
161.20857540906445
 31
0.0
  0
LINE
  5
B40
330
17
100
AcDbEntity
  8
VISIBLE
100
AcDbLine
 10
172.53574182064867
 20
161.20857540906445
 30
0.0
 11
172.331077590302
 21
161.20857540906445
 31
0.0
  0
LINE
  5
B41
330
17
100
AcDbEntity
  8
VISIBLE
100
AcDbLine
 10
172.331077590302
 20
161.20857540906445
 30
0.0
 11
172.0457763818059
 21
161.20857540906445
 31
0.0
  0
LINE
  5
B42
330
17
100
AcDbEntity
  8
VISIBLE
100
AcDbLine
 10
172.0457763818059
 20
161.20857540906445
 30
0.0
 11
171.6810588982854
 21
161.20857540906445
 31
0.0
  0
LINE
  5
B43
330
17
100
AcDbEntity
  8
VISIBLE
100
AcDbLine
 10
174.38483239682054
 20
149.20857540906445
 30
0.0
 11
174.38483239682054
 21
161.20857540906445
 31
0.0
  0
LINE
  5
B44
330
17
100
AcDbEntity
  8
VISIBLE
100
AcDbLine
 10
171.16940118344164
 20
159.20857540906445
 30
0.0
 11
170.71995736630296
 21
159.20857540906445
 31
0.0
  0
LINE
  5
B45
330
17
100
AcDbEntity
  8
VISIBLE
100
AcDbLine
 10
171.6810588982854
 20
161.20857540906445
 30
0.0
 11
171.23848725827074
 21
161.20857540906445
 31
0.0
  0
LINE
  5
B46
330
17
100
AcDbEntity
  8
VISIBLE
100
AcDbLine
 10
174.38483239682054
 20
161.20857540906445
 30
0.0
 11
171.16940118344164
 21
161.20857540906445
 31
0.0
  0
LINE
  5
B47
330
17
100
AcDbEntity
  8
VISIBLE
100
AcDbLine
 10
171.16940118344164
 20
159.20857540906445
 30
0.0
 11
171.16940118344164
 21
161.20857540906445
 31
0.0
  0
LINE
  5
B48
330
17
100
AcDbEntity
  8
VISIBLE
100
AcDbLine
 10
171.23848725827074
 20
161.20857540906445
 30
0.0
 11
171.16940118344164
 21
161.20857540906445
 31
0.0
  0
LINE
  5
B49
330
17
100
AcDbEntity
  8
VISIBLE
100
AcDbLine
 10
167.8503189233098
 20
149.20857540906445
 30
0.0
 11
167.8503189233098
 21
159.20857540906445
 31
0.0
  0
LINE
  5
B4A
330
17
100
AcDbEntity
  8
VISIBLE
100
AcDbLine
 10
171.16940118344164
 20
159.20857540906445
 30
0.0
 11
167.8503189233098
 21
159.20857540906445
 31
0.0
  0
LINE
  5
B4B
330
17
100
AcDbEntity
  8
VISIBLE
100
AcDbLine
 10
167.8503189233098
 20
159.20857540906445
 30
0.0
 11
167.5296116021428
 21
159.20857540906445
 31
0.0
  0
LINE
  5
B4C
330
17
100
AcDbEntity
  8
VISIBLE
100
AcDbLine
 10
170.71995736630296
 20
159.20857540906445
 30
0.0
 11
170.12768746884203
 21
159.20857540906445
 31
0.0
  0
LINE
  5
B4D
330
17
100
AcDbEntity
  8
VISIBLE
100
AcDbLine
 10
170.12768746884203
 20
159.20857540906445
 30
0.0
 11
169.4642162469182
 21
159.20857540906445
 31
0.0
  0
LINE
  5
B4E
330
17
100
AcDbEntity
  8
VISIBLE
100
AcDbLine
 10
169.4642162469182
 20
159.20857540906445
 30
0.0
 11
168.73238374264574
 21
159.20857540906445
 31
0.0
  0
LINE
  5
B4F
330
17
100
AcDbEntity
  8
VISIBLE
100
AcDbLine
 10
168.73238374264574
 20
159.20857540906445
 30
0.0
 11
167.93532468350267
 21
159.20857540906445
 31
0.0
  0
LINE
  5
B50
330
17
100
AcDbEntity
  8
VISIBLE
100
AcDbLine
 10
172.70000077755785
 20
178.20857540906445
 30
0.0
 11
172.65889169247484
 21
178.20857540906445
 31
0.0
  0
LINE
  5
B51
330
17
100
AcDbEntity
  8
VISIBLE
100
AcDbLine
 10
172.65889169247484
 20
178.20857540906445
 30
0.0
 11
172.53574182064867
 21
178.20857540906445
 31
0.0
  0
LINE
  5
B52
330
17
100
AcDbEntity
  8
VISIBLE
100
AcDbLine
 10
172.53574182064867
 20
178.20857540906445
 30
0.0
 11
172.331077590302
 21
178.20857540906445
 31
0.0
  0
LINE
  5
B53
330
17
100
AcDbEntity
  8
VISIBLE
100
AcDbLine
 10
172.331077590302
 20
178.20857540906445
 30
0.0
 11
172.0457763818059
 21
178.20857540906445
 31
0.0
  0
LINE
  5
B54
330
17
100
AcDbEntity
  8
VISIBLE
100
AcDbLine
 10
172.0457763818059
 20
178.20857540906445
 30
0.0
 11
171.6810588982854
 21
178.20857540906445
 31
0.0
  0
LINE
  5
B55
330
17
100
AcDbEntity
  8
VISIBLE
100
AcDbLine
 10
171.6810588982854
 20
178.20857540906445
 30
0.0
 11
171.23848725827074
 21
178.20857540906445
 31
0.0
  0
LINE
  5
B56
330
17
100
AcDbEntity
  8
VISIBLE
100
AcDbLine
 10
171.23848725827074
 20
178.20857540906445
 30
0.0
 11
170.71995736630296
 21
178.20857540906445
 31
0.0
  0
LINE
  5
B57
330
17
100
AcDbEntity
  8
VISIBLE
100
AcDbLine
 10
170.71995736630296
 20
178.20857540906445
 30
0.0
 11
170.12768746884203
 21
178.20857540906445
 31
0.0
  0
LINE
  5
B58
330
17
100
AcDbEntity
  8
VISIBLE
100
AcDbLine
 10
170.12768746884203
 20
178.20857540906445
 30
0.0
 11
169.4642162469182
 21
178.20857540906445
 31
0.0
  0
LINE
  5
B59
330
17
100
AcDbEntity
  8
VISIBLE
100
AcDbLine
 10
169.4642162469182
 20
178.20857540906445
 30
0.0
 11
168.73238374264574
 21
178.20857540906445
 31
0.0
  0
LINE
  5
B5A
330
17
100
AcDbEntity
  8
VISIBLE
100
AcDbLine
 10
168.73238374264574
 20
178.20857540906445
 30
0.0
 11
167.93532468350267
 21
178.20857540906445
 31
0.0
  0
LINE
  5
B5B
330
17
100
AcDbEntity
  8
VISIBLE
100
AcDbLine
 10
167.5296116021428
 20
159.20857540906445
 30
0.0
 11
166.9698076394353
 21
159.20857540906445
 31
0.0
  0
LINE
  5
B5C
330
17
100
AcDbEntity
  8
VISIBLE
100
AcDbLine
 10
166.9698076394353
 20
159.20857540906445
 30
0.0
 11
166.3523245003972
 21
159.20857540906445
 31
0.0
  0
LINE
  5
B5D
330
17
100
AcDbEntity
  8
VISIBLE
100
AcDbLine
 10
166.3523245003972
 20
159.20857540906445
 30
0.0
 11
165.6798048165593
 21
159.20857540906445
 31
0.0
  0
LINE
  5
B5E
330
17
100
AcDbEntity
  8
VISIBLE
100
AcDbLine
 10
165.6798048165593
 20
159.20857540906445
 30
0.0
 11
164.95512963803148
 21
159.20857540906445
 31
0.0
  0
LINE
  5
B5F
330
17
100
AcDbEntity
  8
VISIBLE
100
AcDbLine
 10
167.93532468350267
 20
159.20857540906445
 30
0.0
 11
167.07645036251878
 21
159.20857540906445
 31
0.0
  0
LINE
  5
B60
330
17
100
AcDbEntity
  8
VISIBLE
100
AcDbLine
 10
164.95512963803148
 20
159.20857540906445
 30
0.0
 11
164.1814022210393
 21
159.20857540906445
 31
0.0
  0
LINE
  5
B61
330
17
100
AcDbEntity
  8
VISIBLE
100
AcDbLine
 10
164.1814022210393
 20
159.20857540906445
 30
0.0
 11
163.36193563015794
 21
159.20857540906445
 31
0.0
  0
LINE
  5
B62
330
17
100
AcDbEntity
  8
VISIBLE
100
AcDbLine
 10
163.36193563015794
 20
159.20857540906445
 30
0.0
 11
162.50023747952318
 21
159.20857540906445
 31
0.0
  0
LINE
  5
B63
330
17
100
AcDbEntity
  8
VISIBLE
100
AcDbLine
 10
167.93532468350267
 20
178.20857540906445
 30
0.0
 11
167.07645036251878
 21
178.20857540906445
 31
0.0
  0
LINE
  5
B64
330
17
100
AcDbEntity
  8
VISIBLE
100
AcDbLine
 10
167.07645036251878
 20
159.20857540906445
 30
0.0
 11
166.15944005520677
 21
159.20857540906445
 31
0.0
  0
LINE
  5
B65
330
17
100
AcDbEntity
  8
VISIBLE
100
AcDbLine
 10
166.15944005520677
 20
159.20857540906445
 30
0.0
 11
165.18821908505296
 21
159.20857540906445
 31
0.0
  0
LINE
  5
B66
330
17
100
AcDbEntity
  8
VISIBLE
100
AcDbLine
 10
165.18821908505296
 20
159.20857540906445
 30
0.0
 11
164.16694833309984
 21
159.20857540906445
 31
0.0
  0
LINE
  5
B67
330
17
100
AcDbEntity
  8
VISIBLE
100
AcDbLine
 10
162.50023747952318
 20
159.20857540906445
 30
0.0
 11
161.60000039608812
 21
159.20857540906445
 31
0.0
  0
LINE
  5
B68
330
17
100
AcDbEntity
  8
VISIBLE
100
AcDbLine
 10
161.0000000146184
 20
149.20857540906445
 30
0.0
 11
161.0000000146184
 21
159.20857540906445
 31
0.0
  0
LINE
  5
B69
330
17
100
AcDbEntity
  8
VISIBLE
100
AcDbLine
 10
161.60000039608812
 20
159.20857540906445
 30
0.0
 11
161.0000000146184
 21
159.20857540906445
 31
0.0
  0
LINE
  5
B6A
330
17
100
AcDbEntity
  8
VISIBLE
100
AcDbLine
 10
164.16694833309984
 20
159.20857540906445
 30
0.0
 11
163.10000039608812
 21
159.20857540906445
 31
0.0
  0
LINE
  5
B6B
330
17
100
AcDbEntity
  8
VISIBLE
100
AcDbLine
 10
163.10000039608812
 20
159.20857540906445
 30
0.0
 11
161.99194242031908
 21
159.20857540906445
 31
0.0
  0
LINE
  5
B6C
330
17
100
AcDbEntity
  8
VISIBLE
100
AcDbLine
 10
161.99194242031908
 20
159.20857540906445
 30
0.0
 11
161.0000000146184
 21
159.20857540906445
 31
0.0
  0
LINE
  5
B6D
330
17
100
AcDbEntity
  8
VISIBLE
100
AcDbLine
 10
161.0000000146184
 20
159.20857540906445
 30
0.0
 11
161.0000000146184
 21
161.20857540906445
 31
0.0
  0
LINE
  5
B6E
330
17
100
AcDbEntity
  8
VISIBLE
100
AcDbLine
 10
161.0000000146184
 20
161.20857540906445
 30
0.0
 11
160.84752179653978
 21
161.20857540906445
 31
0.0
  0
LINE
  5
B6F
330
17
100
AcDbEntity
  8
VISIBLE
100
AcDbLine
 10
160.84752179653978
 20
161.20857540906445
 30
0.0
 11
159.6716375497136
 21
161.20857540906445
 31
0.0
  0
LINE
  5
B70
330
17
100
AcDbEntity
  8
VISIBLE
100
AcDbLine
 10
159.6716375497136
 20
161.20857540906445
 30
0.0
 11
158.46932555706834
 21
161.20857540906445
 31
0.0
  0
LINE
  5
B71
330
17
100
AcDbEntity
  8
VISIBLE
100
AcDbLine
 10
158.46932555706834
 20
161.20857540906445
 30
0.0
 11
157.2457342294011
 21
161.20857540906445
 31
0.0
  0
LINE
  5
B72
330
17
100
AcDbEntity
  8
VISIBLE
100
AcDbLine
 10
157.2457342294011
 20
161.20857540906445
 30
0.0
 11
156.00610281498766
 21
161.20857540906445
 31
0.0
  0
LINE
  5
B73
330
17
100
AcDbEntity
  8
VISIBLE
100
AcDbLine
 10
156.00610281498766
 20
161.20857540906445
 30
0.0
 11
154.75574006111955
 21
161.20857540906445
 31
0.0
  0
LINE
  5
B74
330
17
100
AcDbEntity
  8
VISIBLE
100
AcDbLine
 10
167.07645036251878
 20
178.20857540906445
 30
0.0
 11
166.15944005520677
 21
178.20857540906445
 31
0.0
  0
LINE
  5
B75
330
17
100
AcDbEntity
  8
VISIBLE
100
AcDbLine
 10
166.15944005520677
 20
178.20857540906445
 30
0.0
 11
165.18821908505296
 21
178.20857540906445
 31
0.0
  0
LINE
  5
B76
330
17
100
AcDbEntity
  8
VISIBLE
100
AcDbLine
 10
165.18821908505296
 20
178.20857540906445
 30
0.0
 11
164.16694833309984
 21
178.20857540906445
 31
0.0
  0
LINE
  5
B77
330
17
100
AcDbEntity
  8
VISIBLE
100
AcDbLine
 10
164.16694833309984
 20
178.20857540906445
 30
0.0
 11
163.10000039608812
 21
178.20857540906445
 31
0.0
  0
LINE
  5
B78
330
17
100
AcDbEntity
  8
VISIBLE
100
AcDbLine
 10
163.10000039608812
 20
178.20857540906445
 30
0.0
 11
161.99194242031908
 21
178.20857540906445
 31
0.0
  0
LINE
  5
B79
330
17
100
AcDbEntity
  8
VISIBLE
100
AcDbLine
 10
161.99194242031908
 20
178.20857540906445
 30
0.0
 11
160.84752179653978
 21
178.20857540906445
 31
0.0
  0
LINE
  5
B7A
330
17
100
AcDbEntity
  8
VISIBLE
100
AcDbLine
 10
160.84752179653978
 20
178.20857540906445
 30
0.0
 11
159.6716375497136
 21
178.20857540906445
 31
0.0
  0
LINE
  5
B7B
330
17
100
AcDbEntity
  8
VISIBLE
100
AcDbLine
 10
159.6716375497136
 20
178.20857540906445
 30
0.0
 11
158.46932555706834
 21
178.20857540906445
 31
0.0
  0
LINE
  5
B7C
330
17
100
AcDbEntity
  8
VISIBLE
100
AcDbLine
 10
158.46932555706834
 20
178.20857540906445
 30
0.0
 11
157.2457342294011
 21
178.20857540906445
 31
0.0
  0
LINE
  5
B7D
330
17
100
AcDbEntity
  8
VISIBLE
100
AcDbLine
 10
157.2457342294011
 20
178.20857540906445
 30
0.0
 11
156.00610281498766
 21
178.20857540906445
 31
0.0
  0
LINE
  5
B7E
330
17
100
AcDbEntity
  8
VISIBLE
100
AcDbLine
 10
156.00610281498766
 20
178.20857540906445
 30
0.0
 11
154.75574006111955
 21
178.20857540906445
 31
0.0
  0
LINE
  5
B7F
330
17
100
AcDbEntity
  8
VISIBLE
100
AcDbLine
 10
141.509336486176
 20
138.20857540906445
 30
0.0
 11
141.509336486176
 21
144.20857540906445
 31
0.0
  0
LINE
  5
B80
330
17
100
AcDbEntity
  8
VISIBLE
100
AcDbLine
 10
140.0301923898015
 20
147.20857540906445
 30
0.0
 11
140.64767552883959
 21
147.20857540906445
 31
0.0
  0
LINE
  5
B81
330
17
100
AcDbEntity
  8
VISIBLE
100
AcDbLine
 10
144.4997625497136
 20
147.20857540906445
 30
0.0
 11
143.63806439907884
 21
147.20857540906445
 31
0.0
  0
LINE
  5
B82
330
17
100
AcDbEntity
  8
VISIBLE
100
AcDbLine
 10
140.64767552883959
 20
147.20857540906445
 30
0.0
 11
141.32019521267748
 21
147.20857540906445
 31
0.0
  0
LINE
  5
B83
330
17
100
AcDbEntity
  8
VISIBLE
100
AcDbLine
 10
142.0448703912053
 20
147.20857540906445
 30
0.0
 11
141.32019521267748
 21
147.20857540906445
 31
0.0
  0
LINE
  5
B84
330
17
100
AcDbEntity
  8
VISIBLE
100
AcDbLine
 10
143.63806439907884
 20
147.20857540906445
 30
0.0
 11
142.8185978081975
 21
147.20857540906445
 31
0.0
  0
LINE
  5
B85
330
17
100
AcDbEntity
  8
VISIBLE
100
AcDbLine
 10
142.0448703912053
 20
147.20857540906445
 30
0.0
 11
142.8185978081975
 21
147.20857540906445
 31
0.0
  0
LINE
  5
B86
330
17
100
AcDbEntity
  8
VISIBLE
100
AcDbLine
 10
137.29999925167894
 20
147.20857540906445
 30
0.0
 11
137.33468629391527
 21
147.20857540906445
 31
0.0
  0
LINE
  5
B87
330
17
100
AcDbEntity
  8
VISIBLE
100
AcDbLine
 10
137.33468629391527
 20
147.20857540906445
 30
0.0
 11
137.438592925385
 21
147.20857540906445
 31
0.0
  0
LINE
  5
B88
330
17
100
AcDbEntity
  8
VISIBLE
100
AcDbLine
 10
137.438592925385
 20
147.20857540906445
 30
0.0
 11
137.61127854855394
 21
147.20857540906445
 31
0.0
  0
LINE
  5
B89
330
17
100
AcDbEntity
  8
VISIBLE
100
AcDbLine
 10
137.61127854855394
 20
147.20857540906445
 30
0.0
 11
137.85200120480394
 21
147.20857540906445
 31
0.0
  0
LINE
  5
B8A
330
17
100
AcDbEntity
  8
VISIBLE
100
AcDbLine
 10
137.85200120480394
 20
147.20857540906445
 30
0.0
 11
138.1597318795476
 21
147.20857540906445
 31
0.0
  0
LINE
  5
B8B
330
17
100
AcDbEntity
  8
VISIBLE
100
AcDbLine
 10
138.5331516412053
 20
147.20857540906445
 30
0.0
 11
138.1597318795476
 21
147.20857540906445
 31
0.0
  0
LINE
  5
B8C
330
17
100
AcDbEntity
  8
VISIBLE
100
AcDbLine
 10
131.34753228695726
 20
147.20857540906445
 30
0.0
 11
131.29999925167894
 21
147.20857540906445
 31
0.0
  0
LINE
  5
B8D
330
17
100
AcDbEntity
  8
VISIBLE
100
AcDbLine
 10
126.35823823483324
 20
144.20857540906445
 30
0.0
 11
126.29999925167894
 21
144.20857540906445
 31
0.0
  0
LINE
  5
B8E
330
17
100
AcDbEntity
  8
VISIBLE
100
AcDbLine
 10
126.35823823483324
 20
147.20857540906445
 30
0.0
 11
126.29999925167894
 21
147.20857540906445
 31
0.0
  0
LINE
  5
B8F
330
17
100
AcDbEntity
  8
VISIBLE
100
AcDbLine
 10
141.509336486176
 20
138.20857540906445
 30
0.0
 11
135.509336486176
 21
138.20857540906445
 31
0.0
  0
LINE
  5
B90
330
17
100
AcDbEntity
  8
VISIBLE
100
AcDbLine
 10
138.5331516412053
 20
147.20857540906445
 30
0.0
 11
138.97066117794847
 21
147.20857540906445
 31
0.0
  0
LINE
  5
B91
330
17
100
AcDbEntity
  8
VISIBLE
100
AcDbLine
 10
140.0301923898015
 20
147.20857540906445
 30
0.0
 11
139.47038842709398
 21
147.20857540906445
 31
0.0
  0
LINE
  5
B92
330
17
100
AcDbEntity
  8
VISIBLE
100
AcDbLine
 10
138.97066117794847
 20
147.20857540906445
 30
0.0
 11
139.47038842709398
 21
147.20857540906445
 31
0.0
  0
LINE
  5
B93
330
17
100
AcDbEntity
  8
VISIBLE
100
AcDbLine
 10
141.509336486176
 20
144.20857540906445
 30
0.0
 11
135.509336486176
 21
144.20857540906445
 31
0.0
  0
LINE
  5
B94
330
17
100
AcDbEntity
  8
VISIBLE
100
AcDbLine
 10
135.509336486176
 20
138.20857540906445
 30
0.0
 11
135.509336486176
 21
144.20857540906445
 31
0.0
  0
LINE
  5
B95
330
17
100
AcDbEntity
  8
VISIBLE
100
AcDbLine
 10
137.29999925167894
 20
149.20857540906445
 30
0.0
 11
137.33468629391527
 21
149.20857540906445
 31
0.0
  0
LINE
  5
B96
330
17
100
AcDbEntity
  8
VISIBLE
100
AcDbLine
 10
137.33468629391527
 20
149.20857540906445
 30
0.0
 11
137.438592925385
 21
149.20857540906445
 31
0.0
  0
LINE
  5
B97
330
17
100
AcDbEntity
  8
VISIBLE
100
AcDbLine
 10
137.438592925385
 20
149.20857540906445
 30
0.0
 11
137.61127854855394
 21
149.20857540906445
 31
0.0
  0
LINE
  5
B98
330
17
100
AcDbEntity
  8
VISIBLE
100
AcDbLine
 10
137.61127854855394
 20
149.20857540906445
 30
0.0
 11
137.85200120480394
 21
149.20857540906445
 31
0.0
  0
LINE
  5
B99
330
17
100
AcDbEntity
  8
VISIBLE
100
AcDbLine
 10
137.85200120480394
 20
149.20857540906445
 30
0.0
 11
138.1597318795476
 21
149.20857540906445
 31
0.0
  0
LINE
  5
B9A
330
17
100
AcDbEntity
  8
VISIBLE
100
AcDbLine
 10
138.5331516412053
 20
149.20857540906445
 30
0.0
 11
138.1597318795476
 21
149.20857540906445
 31
0.0
  0
LINE
  5
B9B
330
17
100
AcDbEntity
  8
VISIBLE
100
AcDbLine
 10
131.34753228695726
 20
149.20857540906445
 30
0.0
 11
131.29999925167894
 21
149.20857540906445
 31
0.0
  0
LINE
  5
B9C
330
17
100
AcDbEntity
  8
VISIBLE
100
AcDbLine
 10
138.5331516412053
 20
149.20857540906445
 30
0.0
 11
138.97066117794847
 21
149.20857540906445
 31
0.0
  0
LINE
  5
B9D
330
17
100
AcDbEntity
  8
VISIBLE
100
AcDbLine
 10
139.149681105927
 20
149.20857540906445
 30
0.0
 11
138.97066117794847
 21
149.20857540906445
 31
0.0
  0
LINE
  5
B9E
330
17
100
AcDbEntity
  8
VISIBLE
100
AcDbLine
 10
139.149681105927
 20
149.20857540906445
 30
0.0
 11
132.61516763241625
 21
149.20857540906445
 31
0.0
  0
LINE
  5
B9F
330
17
100
AcDbEntity
  8
VISIBLE
100
AcDbLine
 10
154.55953074963426
 20
147.20857540906445
 30
0.0
 11
153.5000000146184
 21
147.20857540906445
 31
0.0
  0
LINE
  5
BA0
330
17
100
AcDbEntity
  8
VISIBLE
100
AcDbLine
 10
153.5000000146184
 20
147.20857540906445
 30
0.0
 11
152.44046927960252
 21
147.20857540906445
 31
0.0
  0
LINE
  5
BA1
330
17
100
AcDbEntity
  8
VISIBLE
100
AcDbLine
 10
152.44046927960252
 20
147.20857540906445
 30
0.0
 11
151.38547565014696
 21
147.20857540906445
 31
0.0
  0
LINE
  5
BA2
330
17
100
AcDbEntity
  8
VISIBLE
100
AcDbLine
 10
151.38547565014696
 20
147.20857540906445
 30
0.0
 11
150.3395366814885
 21
147.20857540906445
 31
0.0
  0
LINE
  5
BA3
330
17
100
AcDbEntity
  8
VISIBLE
100
AcDbLine
 10
150.3395366814885
 20
147.20857540906445
 30
0.0
 11
149.30713130505418
 21
147.20857540906445
 31
0.0
  0
LINE
  5
BA4
330
17
100
AcDbEntity
  8
VISIBLE
100
AcDbLine
 10
147.30052854092455
 20
147.20857540906445
 30
0.0
 11
148.29268075497484
 21
147.20857540906445
 31
0.0
  0
LINE
  5
BA5
330
17
100
AcDbEntity
  8
VISIBLE
100
AcDbLine
 10
149.30713130505418
 20
147.20857540906445
 30
0.0
 11
148.29268075497484
 21
147.20857540906445
 31
0.0
  0
LINE
  5
BA6
330
17
100
AcDbEntity
  8
VISIBLE
100
AcDbLine
 10
144.4997625497136
 20
147.20857540906445
 30
0.0
 11
145.39999963314867
 21
147.20857540906445
 31
0.0
  0
LINE
  5
BA7
330
17
100
AcDbEntity
  8
VISIBLE
100
AcDbLine
 10
147.30052854092455
 20
147.20857540906445
 30
0.0
 11
146.3349232819829
 21
147.20857540906445
 31
0.0
  0
LINE
  5
BA8
330
17
100
AcDbEntity
  8
VISIBLE
100
AcDbLine
 10
145.39999963314867
 20
147.20857540906445
 30
0.0
 11
146.3349232819829
 21
147.20857540906445
 31
0.0
  0
LINE
  5
BA9
330
17
100
AcDbEntity
  8
VISIBLE
100
AcDbLine
 10
154.55953074963426
 20
149.20857540906445
 30
0.0
 11
153.5000000146184
 21
149.20857540906445
 31
0.0
  0
LINE
  5
BAA
330
17
100
AcDbEntity
  8
VISIBLE
100
AcDbLine
 10
153.5000000146184
 20
149.20857540906445
 30
0.0
 11
152.44046927960252
 21
149.20857540906445
 31
0.0
  0
LINE
  5
BAB
330
17
100
AcDbEntity
  8
VISIBLE
100
AcDbLine
 10
152.44046927960252
 20
149.20857540906445
 30
0.0
 11
151.38547565014696
 21
149.20857540906445
 31
0.0
  0
LINE
  5
BAC
330
17
100
AcDbEntity
  8
VISIBLE
100
AcDbLine
 10
151.38547565014696
 20
149.20857540906445
 30
0.0
 11
150.3395366814885
 21
149.20857540906445
 31
0.0
  0
LINE
  5
BAD
330
17
100
AcDbEntity
  8
VISIBLE
100
AcDbLine
 10
150.3395366814885
 20
149.20857540906445
 30
0.0
 11
149.30713130505418
 21
149.20857540906445
 31
0.0
  0
LINE
  5
BAE
330
17
100
AcDbEntity
  8
VISIBLE
100
AcDbLine
 10
147.30052854092455
 20
149.20857540906445
 30
0.0
 11
148.29268075497484
 21
149.20857540906445
 31
0.0
  0
LINE
  5
BAF
330
17
100
AcDbEntity
  8
VISIBLE
100
AcDbLine
 10
149.30713130505418
 20
149.20857540906445
 30
0.0
 11
148.29268075497484
 21
149.20857540906445
 31
0.0
  0
LINE
  5
BB0
330
17
100
AcDbEntity
  8
VISIBLE
100
AcDbLine
 10
147.30052854092455
 20
149.20857540906445
 30
0.0
 11
146.3349232819829
 21
149.20857540906445
 31
0.0
  0
LINE
  5
BB1
330
17
100
AcDbEntity
  8
VISIBLE
100
AcDbLine
 10
146.0000000146184
 20
149.20857540906445
 30
0.0
 11
146.3349232819829
 21
149.20857540906445
 31
0.0
  0
LINE
  5
BB2
330
17
100
AcDbEntity
  8
VISIBLE
100
AcDbLine
 10
140.0301923898015
 20
159.20857540906445
 30
0.0
 11
140.64767552883959
 21
159.20857540906445
 31
0.0
  0
LINE
  5
BB3
330
17
100
AcDbEntity
  8
VISIBLE
100
AcDbLine
 10
144.4997625497136
 20
159.20857540906445
 30
0.0
 11
143.63806439907884
 21
159.20857540906445
 31
0.0
  0
LINE
  5
BB4
330
17
100
AcDbEntity
  8
VISIBLE
100
AcDbLine
 10
140.64767552883959
 20
159.20857540906445
 30
0.0
 11
141.32019521267748
 21
159.20857540906445
 31
0.0
  0
LINE
  5
BB5
330
17
100
AcDbEntity
  8
VISIBLE
100
AcDbLine
 10
142.0448703912053
 20
159.20857540906445
 30
0.0
 11
141.32019521267748
 21
159.20857540906445
 31
0.0
  0
LINE
  5
BB6
330
17
100
AcDbEntity
  8
VISIBLE
100
AcDbLine
 10
143.63806439907884
 20
159.20857540906445
 30
0.0
 11
142.8185978081975
 21
159.20857540906445
 31
0.0
  0
LINE
  5
BB7
330
17
100
AcDbEntity
  8
VISIBLE
100
AcDbLine
 10
142.0448703912053
 20
159.20857540906445
 30
0.0
 11
142.8185978081975
 21
159.20857540906445
 31
0.0
  0
LINE
  5
BB8
330
17
100
AcDbEntity
  8
VISIBLE
100
AcDbLine
 10
134.29999925167894
 20
161.20857540906445
 30
0.0
 11
134.34110833676195
 21
161.20857540906445
 31
0.0
  0
LINE
  5
BB9
330
17
100
AcDbEntity
  8
VISIBLE
100
AcDbLine
 10
134.34110833676195
 20
161.20857540906445
 30
0.0
 11
134.46425820858812
 21
161.20857540906445
 31
0.0
  0
LINE
  5
BBA
330
17
100
AcDbEntity
  8
VISIBLE
100
AcDbLine
 10
134.46425820858812
 20
161.20857540906445
 30
0.0
 11
134.6689224389348
 21
161.20857540906445
 31
0.0
  0
LINE
  5
BBB
330
17
100
AcDbEntity
  8
VISIBLE
100
AcDbLine
 10
134.9542236474309
 20
161.20857540906445
 30
0.0
 11
134.6689224389348
 21
161.20857540906445
 31
0.0
  0
LINE
  5
BBC
330
17
100
AcDbEntity
  8
VISIBLE
100
AcDbLine
 10
134.9542236474309
 20
161.20857540906445
 30
0.0
 11
135.3189411309514
 21
161.20857540906445
 31
0.0
  0
LINE
  5
BBD
330
17
100
AcDbEntity
  8
VISIBLE
100
AcDbLine
 10
131.34753228695726
 20
161.20857540906445
 30
0.0
 11
131.29999925167894
 21
161.20857540906445
 31
0.0
  0
LINE
  5
BBE
330
17
100
AcDbEntity
  8
VISIBLE
100
AcDbLine
 10
139.149681105927
 20
149.20857540906445
 30
0.0
 11
139.149681105927
 21
159.20857540906445
 31
0.0
  0
LINE
  5
BBF
330
17
100
AcDbEntity
  8
VISIBLE
100
AcDbLine
 10
140.0301923898015
 20
159.20857540906445
 30
0.0
 11
139.47038842709398
 21
159.20857540906445
 31
0.0
  0
LINE
  5
BC0
330
17
100
AcDbEntity
  8
VISIBLE
100
AcDbLine
 10
139.149681105927
 20
159.20857540906445
 30
0.0
 11
139.47038842709398
 21
159.20857540906445
 31
0.0
  0
LINE
  5
BC1
330
17
100
AcDbEntity
  8
VISIBLE
100
AcDbLine
 10
139.149681105927
 20
159.20857540906445
 30
0.0
 11
135.83059884579515
 21
159.20857540906445
 31
0.0
  0
LINE
  5
BC2
330
17
100
AcDbEntity
  8
VISIBLE
100
AcDbLine
 10
136.87231256039476
 20
159.20857540906445
 30
0.0
 11
136.28004266293382
 21
159.20857540906445
 31
0.0
  0
LINE
  5
BC3
330
17
100
AcDbEntity
  8
VISIBLE
100
AcDbLine
 10
135.83059884579515
 20
159.20857540906445
 30
0.0
 11
136.28004266293382
 21
159.20857540906445
 31
0.0
  0
LINE
  5
BC4
330
17
100
AcDbEntity
  8
VISIBLE
100
AcDbLine
 10
135.3189411309514
 20
161.20857540906445
 30
0.0
 11
135.76151277096605
 21
161.20857540906445
 31
0.0
  0
LINE
  5
BC5
330
17
100
AcDbEntity
  8
VISIBLE
100
AcDbLine
 10
135.83059884579515
 20
159.20857540906445
 30
0.0
 11
135.83059884579515
 21
161.20857540906445
 31
0.0
  0
LINE
  5
BC6
330
17
100
AcDbEntity
  8
VISIBLE
100
AcDbLine
 10
135.76151277096605
 20
161.20857540906445
 30
0.0
 11
135.83059884579515
 21
161.20857540906445
 31
0.0
  0
LINE
  5
BC7
330
17
100
AcDbEntity
  8
VISIBLE
100
AcDbLine
 10
136.87231256039476
 20
159.20857540906445
 30
0.0
 11
137.5357837823186
 21
159.20857540906445
 31
0.0
  0
LINE
  5
BC8
330
17
100
AcDbEntity
  8
VISIBLE
100
AcDbLine
 10
138.26761628659105
 20
159.20857540906445
 30
0.0
 11
137.5357837823186
 21
159.20857540906445
 31
0.0
  0
LINE
  5
BC9
330
17
100
AcDbEntity
  8
VISIBLE
100
AcDbLine
 10
139.923549666718
 20
159.20857540906445
 30
0.0
 11
139.06467534573412
 21
159.20857540906445
 31
0.0
  0
LINE
  5
BCA
330
17
100
AcDbEntity
  8
VISIBLE
100
AcDbLine
 10
138.26761628659105
 20
159.20857540906445
 30
0.0
 11
139.06467534573412
 21
159.20857540906445
 31
0.0
  0
LINE
  5
BCB
330
17
100
AcDbEntity
  8
VISIBLE
100
AcDbLine
 10
132.61516763241625
 20
149.20857540906445
 30
0.0
 11
132.61516763241625
 21
161.20857540906445
 31
0.0
  0
LINE
  5
BCC
330
17
100
AcDbEntity
  8
VISIBLE
100
AcDbLine
 10
135.83059884579515
 20
161.20857540906445
 30
0.0
 11
132.61516763241625
 21
161.20857540906445
 31
0.0
  0
LINE
  5
BCD
330
17
100
AcDbEntity
  8
VISIBLE
100
AcDbLine
 10
134.29999925167894
 20
178.20857540906445
 30
0.0
 11
134.34110833676195
 21
178.20857540906445
 31
0.0
  0
LINE
  5
BCE
330
17
100
AcDbEntity
  8
VISIBLE
100
AcDbLine
 10
134.34110833676195
 20
178.20857540906445
 30
0.0
 11
134.46425820858812
 21
178.20857540906445
 31
0.0
  0
LINE
  5
BCF
330
17
100
AcDbEntity
  8
VISIBLE
100
AcDbLine
 10
134.46425820858812
 20
178.20857540906445
 30
0.0
 11
134.6689224389348
 21
178.20857540906445
 31
0.0
  0
LINE
  5
BD0
330
17
100
AcDbEntity
  8
VISIBLE
100
AcDbLine
 10
134.9542236474309
 20
178.20857540906445
 30
0.0
 11
134.6689224389348
 21
178.20857540906445
 31
0.0
  0
LINE
  5
BD1
330
17
100
AcDbEntity
  8
VISIBLE
100
AcDbLine
 10
134.9542236474309
 20
178.20857540906445
 30
0.0
 11
135.3189411309514
 21
178.20857540906445
 31
0.0
  0
LINE
  5
BD2
330
17
100
AcDbEntity
  8
VISIBLE
100
AcDbLine
 10
131.34753228695726
 20
178.20857540906445
 30
0.0
 11
131.29999925167894
 21
178.20857540906445
 31
0.0
  0
LINE
  5
BD3
330
17
100
AcDbEntity
  8
VISIBLE
100
AcDbLine
 10
135.3189411309514
 20
178.20857540906445
 30
0.0
 11
135.76151277096605
 21
178.20857540906445
 31
0.0
  0
LINE
  5
BD4
330
17
100
AcDbEntity
  8
VISIBLE
100
AcDbLine
 10
136.87231256039476
 20
178.20857540906445
 30
0.0
 11
136.28004266293382
 21
178.20857540906445
 31
0.0
  0
LINE
  5
BD5
330
17
100
AcDbEntity
  8
VISIBLE
100
AcDbLine
 10
135.76151277096605
 20
178.20857540906445
 30
0.0
 11
136.28004266293382
 21
178.20857540906445
 31
0.0
  0
LINE
  5
BD6
330
17
100
AcDbEntity
  8
VISIBLE
100
AcDbLine
 10
136.87231256039476
 20
178.20857540906445
 30
0.0
 11
137.5357837823186
 21
178.20857540906445
 31
0.0
  0
LINE
  5
BD7
330
17
100
AcDbEntity
  8
VISIBLE
100
AcDbLine
 10
138.26761628659105
 20
178.20857540906445
 30
0.0
 11
137.5357837823186
 21
178.20857540906445
 31
0.0
  0
LINE
  5
BD8
330
17
100
AcDbEntity
  8
VISIBLE
100
AcDbLine
 10
139.923549666718
 20
178.20857540906445
 30
0.0
 11
139.06467534573412
 21
178.20857540906445
 31
0.0
  0
LINE
  5
BD9
330
17
100
AcDbEntity
  8
VISIBLE
100
AcDbLine
 10
138.26761628659105
 20
178.20857540906445
 30
0.0
 11
139.06467534573412
 21
178.20857540906445
 31
0.0
  0
LINE
  5
BDA
330
17
100
AcDbEntity
  8
VISIBLE
100
AcDbLine
 10
154.75574006111955
 20
161.20857540906445
 30
0.0
 11
153.5000000146184
 21
161.20857540906445
 31
0.0
  0
LINE
  5
BDB
330
17
100
AcDbEntity
  8
VISIBLE
100
AcDbLine
 10
153.5000000146184
 20
161.20857540906445
 30
0.0
 11
152.24425996811723
 21
161.20857540906445
 31
0.0
  0
LINE
  5
BDC
330
17
100
AcDbEntity
  8
VISIBLE
100
AcDbLine
 10
152.24425996811723
 20
161.20857540906445
 30
0.0
 11
150.99389721424913
 21
161.20857540906445
 31
0.0
  0
LINE
  5
BDD
330
17
100
AcDbEntity
  8
VISIBLE
100
AcDbLine
 10
148.53067447216844
 20
161.20857540906445
 30
0.0
 11
147.32836247952318
 21
161.20857540906445
 31
0.0
  0
LINE
  5
BDE
330
17
100
AcDbEntity
  8
VISIBLE
100
AcDbLine
 10
150.99389721424913
 20
161.20857540906445
 30
0.0
 11
149.75426579983568
 21
161.20857540906445
 31
0.0
  0
LINE
  5
BDF
330
17
100
AcDbEntity
  8
VISIBLE
100
AcDbLine
 10
148.53067447216844
 20
161.20857540906445
 30
0.0
 11
149.75426579983568
 21
161.20857540906445
 31
0.0
  0
LINE
  5
BE0
330
17
100
AcDbEntity
  8
VISIBLE
100
AcDbLine
 10
146.0000000146184
 20
149.20857540906445
 30
0.0
 11
146.0000000146184
 21
159.20857540906445
 31
0.0
  0
LINE
  5
BE1
330
17
100
AcDbEntity
  8
VISIBLE
100
AcDbLine
 10
144.4997625497136
 20
159.20857540906445
 30
0.0
 11
145.39999963314867
 21
159.20857540906445
 31
0.0
  0
LINE
  5
BE2
330
17
100
AcDbEntity
  8
VISIBLE
100
AcDbLine
 10
146.0000000146184
 20
159.20857540906445
 30
0.0
 11
145.39999963314867
 21
159.20857540906445
 31
0.0
  0
LINE
  5
BE3
330
17
100
AcDbEntity
  8
VISIBLE
100
AcDbLine
 10
139.923549666718
 20
159.20857540906445
 30
0.0
 11
140.84055997403001
 21
159.20857540906445
 31
0.0
  0
LINE
  5
BE4
330
17
100
AcDbEntity
  8
VISIBLE
100
AcDbLine
 10
141.81178094418382
 20
159.20857540906445
 30
0.0
 11
140.84055997403001
 21
159.20857540906445
 31
0.0
  0
LINE
  5
BE5
330
17
100
AcDbEntity
  8
VISIBLE
100
AcDbLine
 10
143.89999963314867
 20
159.20857540906445
 30
0.0
 11
142.83305169613695
 21
159.20857540906445
 31
0.0
  0
LINE
  5
BE6
330
17
100
AcDbEntity
  8
VISIBLE
100
AcDbLine
 10
141.81178094418382
 20
159.20857540906445
 30
0.0
 11
142.83305169613695
 21
159.20857540906445
 31
0.0
  0
LINE
  5
BE7
330
17
100
AcDbEntity
  8
VISIBLE
100
AcDbLine
 10
143.89999963314867
 20
159.20857540906445
 30
0.0
 11
145.0080576089177
 21
159.20857540906445
 31
0.0
  0
LINE
  5
BE8
330
17
100
AcDbEntity
  8
VISIBLE
100
AcDbLine
 10
146.0000000146184
 20
159.20857540906445
 30
0.0
 11
145.0080576089177
 21
159.20857540906445
 31
0.0
  0
LINE
  5
BE9
330
17
100
AcDbEntity
  8
VISIBLE
100
AcDbLine
 10
147.32836247952318
 20
161.20857540906445
 30
0.0
 11
146.152478232697
 21
161.20857540906445
 31
0.0
  0
LINE
  5
BEA
330
17
100
AcDbEntity
  8
VISIBLE
100
AcDbLine
 10
146.0000000146184
 20
159.20857540906445
 30
0.0
 11
146.0000000146184
 21
161.20857540906445
 31
0.0
  0
LINE
  5
BEB
330
17
100
AcDbEntity
  8
VISIBLE
100
AcDbLine
 10
146.152478232697
 20
161.20857540906445
 30
0.0
 11
146.0000000146184
 21
161.20857540906445
 31
0.0
  0
LINE
  5
BEC
330
17
100
AcDbEntity
  8
VISIBLE
100
AcDbLine
 10
154.75574006111955
 20
178.20857540906445
 30
0.0
 11
153.5000000146184
 21
178.20857540906445
 31
0.0
  0
LINE
  5
BED
330
17
100
AcDbEntity
  8
VISIBLE
100
AcDbLine
 10
153.5000000146184
 20
178.20857540906445
 30
0.0
 11
152.24425996811723
 21
178.20857540906445
 31
0.0
  0
LINE
  5
BEE
330
17
100
AcDbEntity
  8
VISIBLE
100
AcDbLine
 10
152.24425996811723
 20
178.20857540906445
 30
0.0
 11
150.99389721424913
 21
178.20857540906445
 31
0.0
  0
LINE
  5
BEF
330
17
100
AcDbEntity
  8
VISIBLE
100
AcDbLine
 10
148.53067447216844
 20
178.20857540906445
 30
0.0
 11
147.32836247952318
 21
178.20857540906445
 31
0.0
  0
LINE
  5
BF0
330
17
100
AcDbEntity
  8
VISIBLE
100
AcDbLine
 10
150.99389721424913
 20
178.20857540906445
 30
0.0
 11
149.75426579983568
 21
178.20857540906445
 31
0.0
  0
LINE
  5
BF1
330
17
100
AcDbEntity
  8
VISIBLE
100
AcDbLine
 10
148.53067447216844
 20
178.20857540906445
 30
0.0
 11
149.75426579983568
 21
178.20857540906445
 31
0.0
  0
LINE
  5
BF2
330
17
100
AcDbEntity
  8
VISIBLE
100
AcDbLine
 10
139.923549666718
 20
178.20857540906445
 30
0.0
 11
140.84055997403001
 21
178.20857540906445
 31
0.0
  0
LINE
  5
BF3
330
17
100
AcDbEntity
  8
VISIBLE
100
AcDbLine
 10
141.81178094418382
 20
178.20857540906445
 30
0.0
 11
140.84055997403001
 21
178.20857540906445
 31
0.0
  0
LINE
  5
BF4
330
17
100
AcDbEntity
  8
VISIBLE
100
AcDbLine
 10
143.89999963314867
 20
178.20857540906445
 30
0.0
 11
142.83305169613695
 21
178.20857540906445
 31
0.0
  0
LINE
  5
BF5
330
17
100
AcDbEntity
  8
VISIBLE
100
AcDbLine
 10
141.81178094418382
 20
178.20857540906445
 30
0.0
 11
142.83305169613695
 21
178.20857540906445
 31
0.0
  0
LINE
  5
BF6
330
17
100
AcDbEntity
  8
VISIBLE
100
AcDbLine
 10
147.32836247952318
 20
178.20857540906445
 30
0.0
 11
146.152478232697
 21
178.20857540906445
 31
0.0
  0
LINE
  5
BF7
330
17
100
AcDbEntity
  8
VISIBLE
100
AcDbLine
 10
143.89999963314867
 20
178.20857540906445
 30
0.0
 11
145.0080576089177
 21
178.20857540906445
 31
0.0
  0
LINE
  5
BF8
330
17
100
AcDbEntity
  8
VISIBLE
100
AcDbLine
 10
146.152478232697
 20
178.20857540906445
 30
0.0
 11
145.0080576089177
 21
178.20857540906445
 31
0.0
  0
LINE
  5
BF9
330
17
100
AcDbEntity
  8
VISIBLE
100
AcDbLine
 10
126.2999993220298
 20
144.20857547941532
 30
0.0
 11
126.29999925167894
 21
144.2085769114402
 31
0.0
  0
LINE
  5
BFA
330
17
100
AcDbEntity
  8
VISIBLE
100
AcDbLine
 10
126.29999925167894
 20
144.2085769114402
 30
0.0
 11
126.29999925167894
 21
147.2085739066887
 31
0.0
  0
LINE
  5
BFB
330
17
100
AcDbEntity
  8
VISIBLE
100
AcDbLine
 10
126.29999925167894
 20
147.2085739066887
 30
0.0
 11
126.2999993220298
 21
147.2085753387136
 31
0.0
  0
LINE
  5
BFC
330
17
100
AcDbEntity
  8
VISIBLE
100
AcDbLine
 10
126.2999993220298
 20
147.2085753387136
 30
0.0
 11
126.30000075405464
 21
147.20857540906445
 31
0.0
  0
LINE
  5
BFD
330
17
100
AcDbEntity
  8
VISIBLE
100
AcDbLine
 10
126.30000075405464
 20
147.20857540906445
 30
0.0
 11
131.29993805167817
 21
147.20857540906445
 31
0.0
  0
LINE
  5
BFE
330
17
100
AcDbEntity
  8
VISIBLE
100
AcDbLine
 10
131.29993805167817
 20
147.20857540906445
 30
0.0
 11
131.29994405032724
 21
147.20857570375918
 31
0.0
  0
LINE
  5
BFF
330
17
100
AcDbEntity
  8
VISIBLE
100
AcDbLine
 10
131.29994405032724
 20
147.20857570375918
 30
0.0
 11
131.29994999120603
 21
147.20857658500532
 31
0.0
  0
LINE
  5
C00
330
17
100
AcDbEntity
  8
VISIBLE
100
AcDbLine
 10
131.29994999120603
 20
147.20857658500532
 30
0.0
 11
131.29995581710065
 21
147.20857804431594
 31
0.0
  0
LINE
  5
C01
330
17
100
AcDbEntity
  8
VISIBLE
100
AcDbLine
 10
131.29995581710065
 20
147.20857804431594
 30
0.0
 11
131.29996147190454
 21
147.20858006763712
 31
0.0
  0
LINE
  5
C02
330
17
100
AcDbEntity
  8
VISIBLE
100
AcDbLine
 10
131.29996147190454
 20
147.20858006763712
 30
0.0
 11
131.29996690115883
 21
147.20858263548317
 31
0.0
  0
LINE
  5
C03
330
17
100
AcDbEntity
  8
VISIBLE
100
AcDbLine
 10
131.29996690115883
 20
147.20858263548317
 30
0.0
 11
131.29997205257686
 21
147.20858572312432
 31
0.0
  0
LINE
  5
C04
330
17
100
AcDbEntity
  8
VISIBLE
100
AcDbLine
 10
131.29997205257686
 20
147.20858572312432
 30
0.0
 11
131.29997687654765
 21
147.20858930082488
 31
0.0
  0
LINE
  5
C05
330
17
100
AcDbEntity
  8
VISIBLE
100
AcDbLine
 10
131.29997687654765
 20
147.20858930082488
 30
0.0
 11
131.29998132661373
 21
147.20859333412966
 31
0.0
  0
LINE
  5
C06
330
17
100
AcDbEntity
  8
VISIBLE
100
AcDbLine
 10
131.29998132661373
 20
147.20859333412966
 30
0.0
 11
131.2999853599185
 21
147.20859778419575
 31
0.0
  0
LINE
  5
C07
330
17
100
AcDbEntity
  8
VISIBLE
100
AcDbLine
 10
131.2999853599185
 20
147.20859778419575
 30
0.0
 11
131.29998893761908
 21
147.20860260816653
 31
0.0
  0
LINE
  5
C08
330
17
100
AcDbEntity
  8
VISIBLE
100
AcDbLine
 10
131.29998893761908
 20
147.20860260816653
 30
0.0
 11
131.29999202526022
 21
147.20860775958457
 31
0.0
  0
LINE
  5
C09
330
17
100
AcDbEntity
  8
VISIBLE
100
AcDbLine
 10
131.29999202526022
 20
147.20860775958457
 30
0.0
 11
131.29999459310628
 21
147.20861318883885
 31
0.0
  0
LINE
  5
C0A
330
17
100
AcDbEntity
  8
VISIBLE
100
AcDbLine
 10
131.29999459310628
 20
147.20861318883885
 30
0.0
 11
131.29999661642745
 21
147.20861884364274
 31
0.0
  0
LINE
  5
C0B
330
17
100
AcDbEntity
  8
VISIBLE
100
AcDbLine
 10
131.29999661642745
 20
147.20861884364274
 30
0.0
 11
131.29999807573807
 21
147.20862466953736
 31
0.0
  0
LINE
  5
C0C
330
17
100
AcDbEntity
  8
VISIBLE
100
AcDbLine
 10
131.29999807573807
 20
147.20862466953736
 30
0.0
 11
131.2999989569842
 21
147.20863061041615
 31
0.0
  0
LINE
  5
C0D
330
17
100
AcDbEntity
  8
VISIBLE
100
AcDbLine
 10
131.2999989569842
 20
147.20863061041615
 30
0.0
 11
131.29999925167894
 21
147.20863660906522
 31
0.0
  0
LINE
  5
C0E
330
17
100
AcDbEntity
  8
VISIBLE
100
AcDbLine
 10
131.29999925167894
 20
147.20863660906522
 30
0.0
 11
131.29999925167894
 21
149.2085739066887
 31
0.0
  0
LINE
  5
C0F
330
17
100
AcDbEntity
  8
VISIBLE
100
AcDbLine
 10
131.29999925167894
 20
149.2085739066887
 30
0.0
 11
131.2999993220298
 21
149.2085753387136
 31
0.0
  0
LINE
  5
C10
330
17
100
AcDbEntity
  8
VISIBLE
100
AcDbLine
 10
131.2999993220298
 20
149.2085753387136
 30
0.0
 11
131.30000075405462
 21
149.20857540906445
 31
0.0
  0
LINE
  5
C11
330
17
100
AcDbEntity
  8
VISIBLE
100
AcDbLine
 10
131.30000075405462
 20
149.20857540906445
 30
0.0
 11
132.61510643241547
 21
149.20857540906445
 31
0.0
  0
LINE
  5
C12
330
17
100
AcDbEntity
  8
VISIBLE
100
AcDbLine
 10
132.61510643241547
 20
149.20857540906445
 30
0.0
 11
132.61511243106455
 21
149.20857570375918
 31
0.0
  0
LINE
  5
C13
330
17
100
AcDbEntity
  8
VISIBLE
100
AcDbLine
 10
132.61511243106455
 20
149.20857570375918
 30
0.0
 11
132.61511837194334
 21
149.20857658500532
 31
0.0
  0
LINE
  5
C14
330
17
100
AcDbEntity
  8
VISIBLE
100
AcDbLine
 10
132.61511837194334
 20
149.20857658500532
 30
0.0
 11
132.61512419783796
 21
149.20857804431594
 31
0.0
  0
LINE
  5
C15
330
17
100
AcDbEntity
  8
VISIBLE
100
AcDbLine
 10
132.61512419783796
 20
149.20857804431594
 30
0.0
 11
132.61512985264184
 21
149.20858006763712
 31
0.0
  0
LINE
  5
C16
330
17
100
AcDbEntity
  8
VISIBLE
100
AcDbLine
 10
132.61512985264184
 20
149.20858006763712
 30
0.0
 11
132.61513528189613
 21
149.20858263548317
 31
0.0
  0
LINE
  5
C17
330
17
100
AcDbEntity
  8
VISIBLE
100
AcDbLine
 10
132.61513528189613
 20
149.20858263548317
 30
0.0
 11
132.61514043331417
 21
149.20858572312432
 31
0.0
  0
LINE
  5
C18
330
17
100
AcDbEntity
  8
VISIBLE
100
AcDbLine
 10
132.61514043331417
 20
149.20858572312432
 30
0.0
 11
132.61514525728495
 21
149.20858930082488
 31
0.0
  0
LINE
  5
C19
330
17
100
AcDbEntity
  8
VISIBLE
100
AcDbLine
 10
132.61514525728495
 20
149.20858930082488
 30
0.0
 11
132.61514970735104
 21
149.20859333412966
 31
0.0
  0
LINE
  5
C1A
330
17
100
AcDbEntity
  8
VISIBLE
100
AcDbLine
 10
132.61514970735104
 20
149.20859333412966
 30
0.0
 11
132.6151537406558
 21
149.20859778419575
 31
0.0
  0
LINE
  5
C1B
330
17
100
AcDbEntity
  8
VISIBLE
100
AcDbLine
 10
132.6151537406558
 20
149.20859778419575
 30
0.0
 11
132.61515731835638
 21
149.20860260816653
 31
0.0
  0
LINE
  5
C1C
330
17
100
AcDbEntity
  8
VISIBLE
100
AcDbLine
 10
132.61515731835638
 20
149.20860260816653
 30
0.0
 11
132.61516040599753
 21
149.20860775958457
 31
0.0
  0
LINE
  5
C1D
330
17
100
AcDbEntity
  8
VISIBLE
100
AcDbLine
 10
132.61516040599753
 20
149.20860775958457
 30
0.0
 11
132.61516297384358
 21
149.20861318883885
 31
0.0
  0
LINE
  5
C1E
330
17
100
AcDbEntity
  8
VISIBLE
100
AcDbLine
 10
132.61516297384358
 20
149.20861318883885
 30
0.0
 11
132.61516499716475
 21
149.20861884364274
 31
0.0
  0
LINE
  5
C1F
330
17
100
AcDbEntity
  8
VISIBLE
100
AcDbLine
 10
132.61516499716475
 20
149.20861884364274
 30
0.0
 11
132.61516645647538
 21
149.20862466953736
 31
0.0
  0
LINE
  5
C20
330
17
100
AcDbEntity
  8
VISIBLE
100
AcDbLine
 10
132.61516645647538
 20
149.20862466953736
 30
0.0
 11
132.61516733772152
 21
149.20863061041615
 31
0.0
  0
LINE
  5
C21
330
17
100
AcDbEntity
  8
VISIBLE
100
AcDbLine
 10
132.61516733772152
 20
149.20863061041615
 30
0.0
 11
132.61516763241625
 21
149.20863660906522
 31
0.0
  0
LINE
  5
C22
330
17
100
AcDbEntity
  8
VISIBLE
100
AcDbLine
 10
132.61516763241625
 20
149.20863660906522
 30
0.0
 11
132.61516763241625
 21
161.20851420906368
 31
0.0
  0
LINE
  5
C23
330
17
100
AcDbEntity
  8
VISIBLE
100
AcDbLine
 10
132.61516763241625
 20
161.20851420906368
 30
0.0
 11
132.61516733772152
 21
161.20852020771275
 31
0.0
  0
LINE
  5
C24
330
17
100
AcDbEntity
  8
VISIBLE
100
AcDbLine
 10
132.61516733772152
 20
161.20852020771275
 30
0.0
 11
132.61516645647538
 21
161.20852614859155
 31
0.0
  0
LINE
  5
C25
330
17
100
AcDbEntity
  8
VISIBLE
100
AcDbLine
 10
132.61516645647538
 20
161.20852614859155
 30
0.0
 11
132.61516499716475
 21
161.20853197448616
 31
0.0
  0
LINE
  5
C26
330
17
100
AcDbEntity
  8
VISIBLE
100
AcDbLine
 10
132.61516499716475
 20
161.20853197448616
 30
0.0
 11
132.61516297384358
 21
161.20853762929005
 31
0.0
  0
LINE
  5
C27
330
17
100
AcDbEntity
  8
VISIBLE
100
AcDbLine
 10
132.61516297384358
 20
161.20853762929005
 30
0.0
 11
132.61516040599753
 21
161.20854305854434
 31
0.0
  0
LINE
  5
C28
330
17
100
AcDbEntity
  8
VISIBLE
100
AcDbLine
 10
132.61516040599753
 20
161.20854305854434
 30
0.0
 11
132.61515731835638
 21
161.20854820996237
 31
0.0
  0
LINE
  5
C29
330
17
100
AcDbEntity
  8
VISIBLE
100
AcDbLine
 10
132.61515731835638
 20
161.20854820996237
 30
0.0
 11
132.6151537406558
 21
161.20855303393316
 31
0.0
  0
LINE
  5
C2A
330
17
100
AcDbEntity
  8
VISIBLE
100
AcDbLine
 10
132.6151537406558
 20
161.20855303393316
 30
0.0
 11
132.61514970735104
 21
161.20855748399924
 31
0.0
  0
LINE
  5
C2B
330
17
100
AcDbEntity
  8
VISIBLE
100
AcDbLine
 10
132.61514970735104
 20
161.20855748399924
 30
0.0
 11
132.61514525728495
 21
161.20856151730402
 31
0.0
  0
LINE
  5
C2C
330
17
100
AcDbEntity
  8
VISIBLE
100
AcDbLine
 10
132.61514525728495
 20
161.20856151730402
 30
0.0
 11
132.61514043331417
 21
161.2085650950046
 31
0.0
  0
LINE
  5
C2D
330
17
100
AcDbEntity
  8
VISIBLE
100
AcDbLine
 10
132.61514043331417
 20
161.2085650950046
 30
0.0
 11
132.61513528189613
 21
161.20856818264573
 31
0.0
  0
LINE
  5
C2E
330
17
100
AcDbEntity
  8
VISIBLE
100
AcDbLine
 10
132.61513528189613
 20
161.20856818264573
 30
0.0
 11
132.61512985264184
 21
161.2085707504918
 31
0.0
  0
LINE
  5
C2F
330
17
100
AcDbEntity
  8
VISIBLE
100
AcDbLine
 10
132.61512985264184
 20
161.2085707504918
 30
0.0
 11
132.61512419783796
 21
161.20857277381296
 31
0.0
  0
LINE
  5
C30
330
17
100
AcDbEntity
  8
VISIBLE
100
AcDbLine
 10
132.61512419783796
 20
161.20857277381296
 30
0.0
 11
132.61511837194334
 21
161.2085742331236
 31
0.0
  0
LINE
  5
C31
330
17
100
AcDbEntity
  8
VISIBLE
100
AcDbLine
 10
132.61511837194334
 20
161.2085742331236
 30
0.0
 11
132.61511243106455
 21
161.20857511436972
 31
0.0
  0
LINE
  5
C32
330
17
100
AcDbEntity
  8
VISIBLE
100
AcDbLine
 10
132.61511243106455
 20
161.20857511436972
 30
0.0
 11
132.61510643241547
 21
161.20857540906445
 31
0.0
  0
LINE
  5
C33
330
17
100
AcDbEntity
  8
VISIBLE
100
AcDbLine
 10
132.61510643241547
 20
161.20857540906445
 30
0.0
 11
131.30000075405468
 21
161.20857540906445
 31
0.0
  0
LINE
  5
C34
330
17
100
AcDbEntity
  8
VISIBLE
100
AcDbLine
 10
131.30000075405468
 20
161.20857540906445
 30
0.0
 11
131.2999993220298
 21
161.20857547941532
 31
0.0
  0
LINE
  5
C35
330
17
100
AcDbEntity
  8
VISIBLE
100
AcDbLine
 10
131.2999993220298
 20
161.20857547941532
 30
0.0
 11
131.29999925167894
 21
161.2085769114402
 31
0.0
  0
LINE
  5
C36
330
17
100
AcDbEntity
  8
VISIBLE
100
AcDbLine
 10
131.29999925167894
 20
161.2085769114402
 30
0.0
 11
131.29999925167894
 21
178.2085739066887
 31
0.0
  0
LINE
  5
C37
330
17
100
AcDbEntity
  8
VISIBLE
100
AcDbLine
 10
131.29999925167894
 20
178.2085739066887
 30
0.0
 11
131.2999993220298
 21
178.2085753387136
 31
0.0
  0
LINE
  5
C38
330
17
100
AcDbEntity
  8
VISIBLE
100
AcDbLine
 10
131.2999993220298
 20
178.2085753387136
 30
0.0
 11
131.30000075405465
 21
178.20857540906445
 31
0.0
  0
LINE
  5
C39
330
17
100
AcDbEntity
  8
VISIBLE
100
AcDbLine
 10
131.30000075405465
 20
178.20857540906445
 30
0.0
 11
175.69999927518214
 21
178.20857540906445
 31
0.0
  0
LINE
  5
C3A
330
17
100
AcDbEntity
  8
VISIBLE
100
AcDbLine
 10
175.69999927518214
 20
178.20857540906445
 30
0.0
 11
175.70000070720698
 21
178.2085753387136
 31
0.0
  0
LINE
  5
C3B
330
17
100
AcDbEntity
  8
VISIBLE
100
AcDbLine
 10
175.70000070720698
 20
178.2085753387136
 30
0.0
 11
175.70000077755785
 21
178.2085739066887
 31
0.0
  0
LINE
  5
C3C
330
17
100
AcDbEntity
  8
VISIBLE
100
AcDbLine
 10
175.70000077755785
 20
178.2085739066887
 30
0.0
 11
175.70000077755785
 21
161.2085769114402
 31
0.0
  0
LINE
  5
C3D
330
17
100
AcDbEntity
  8
VISIBLE
100
AcDbLine
 10
175.70000077755785
 20
161.2085769114402
 30
0.0
 11
175.70000070720698
 21
161.20857547941532
 31
0.0
  0
LINE
  5
C3E
330
17
100
AcDbEntity
  8
VISIBLE
100
AcDbLine
 10
175.70000070720698
 20
161.20857547941532
 30
0.0
 11
175.6999992751821
 21
161.20857540906445
 31
0.0
  0
LINE
  5
C3F
330
17
100
AcDbEntity
  8
VISIBLE
100
AcDbLine
 10
175.6999992751821
 20
161.20857540906445
 30
0.0
 11
174.3848935968213
 21
161.20857540906445
 31
0.0
  0
LINE
  5
C40
330
17
100
AcDbEntity
  8
VISIBLE
100
AcDbLine
 10
174.3848935968213
 20
161.20857540906445
 30
0.0
 11
174.38488759817224
 21
161.20857511436972
 31
0.0
  0
LINE
  5
C41
330
17
100
AcDbEntity
  8
VISIBLE
100
AcDbLine
 10
174.38488759817224
 20
161.20857511436972
 30
0.0
 11
174.38488165729345
 21
161.2085742331236
 31
0.0
  0
LINE
  5
C42
330
17
100
AcDbEntity
  8
VISIBLE
100
AcDbLine
 10
174.38488165729345
 20
161.2085742331236
 30
0.0
 11
174.38487583139883
 21
161.20857277381296
 31
0.0
  0
LINE
  5
C43
330
17
100
AcDbEntity
  8
VISIBLE
100
AcDbLine
 10
174.38487583139883
 20
161.20857277381296
 30
0.0
 11
174.38487017659494
 21
161.2085707504918
 31
0.0
  0
LINE
  5
C44
330
17
100
AcDbEntity
  8
VISIBLE
100
AcDbLine
 10
174.38487017659494
 20
161.2085707504918
 30
0.0
 11
174.38486474734066
 21
161.20856818264573
 31
0.0
  0
LINE
  5
C45
330
17
100
AcDbEntity
  8
VISIBLE
100
AcDbLine
 10
174.38486474734066
 20
161.20856818264573
 30
0.0
 11
174.38485959592262
 21
161.2085650950046
 31
0.0
  0
LINE
  5
C46
330
17
100
AcDbEntity
  8
VISIBLE
100
AcDbLine
 10
174.38485959592262
 20
161.2085650950046
 30
0.0
 11
174.38485477195184
 21
161.20856151730402
 31
0.0
  0
LINE
  5
C47
330
17
100
AcDbEntity
  8
VISIBLE
100
AcDbLine
 10
174.38485477195184
 20
161.20856151730402
 30
0.0
 11
174.38485032188575
 21
161.20855748399924
 31
0.0
  0
LINE
  5
C48
330
17
100
AcDbEntity
  8
VISIBLE
100
AcDbLine
 10
174.38485032188575
 20
161.20855748399924
 30
0.0
 11
174.38484628858097
 21
161.20855303393316
 31
0.0
  0
LINE
  5
C49
330
17
100
AcDbEntity
  8
VISIBLE
100
AcDbLine
 10
174.38484628858097
 20
161.20855303393316
 30
0.0
 11
174.3848427108804
 21
161.20854820996237
 31
0.0
  0
LINE
  5
C4A
330
17
100
AcDbEntity
  8
VISIBLE
100
AcDbLine
 10
174.3848427108804
 20
161.20854820996237
 30
0.0
 11
174.38483962323926
 21
161.20854305854434
 31
0.0
  0
LINE
  5
C4B
330
17
100
AcDbEntity
  8
VISIBLE
100
AcDbLine
 10
174.38483962323926
 20
161.20854305854434
 30
0.0
 11
174.3848370553932
 21
161.20853762929005
 31
0.0
  0
LINE
  5
C4C
330
17
100
AcDbEntity
  8
VISIBLE
100
AcDbLine
 10
174.3848370553932
 20
161.20853762929005
 30
0.0
 11
174.38483503207203
 21
161.20853197448616
 31
0.0
  0
LINE
  5
C4D
330
17
100
AcDbEntity
  8
VISIBLE
100
AcDbLine
 10
174.38483503207203
 20
161.20853197448616
 30
0.0
 11
174.3848335727614
 21
161.20852614859155
 31
0.0
  0
LINE
  5
C4E
330
17
100
AcDbEntity
  8
VISIBLE
100
AcDbLine
 10
174.3848335727614
 20
161.20852614859155
 30
0.0
 11
174.38483269151527
 21
161.20852020771275
 31
0.0
  0
LINE
  5
C4F
330
17
100
AcDbEntity
  8
VISIBLE
100
AcDbLine
 10
174.38483269151527
 20
161.20852020771275
 30
0.0
 11
174.38483239682054
 21
161.20851420906368
 31
0.0
  0
LINE
  5
C50
330
17
100
AcDbEntity
  8
VISIBLE
100
AcDbLine
 10
174.38483239682054
 20
161.20851420906368
 30
0.0
 11
174.38483239682054
 21
149.20863660906522
 31
0.0
  0
LINE
  5
C51
330
17
100
AcDbEntity
  8
VISIBLE
100
AcDbLine
 10
174.38483239682054
 20
149.20863660906522
 30
0.0
 11
174.38483269151527
 21
149.20863061041615
 31
0.0
  0
LINE
  5
C52
330
17
100
AcDbEntity
  8
VISIBLE
100
AcDbLine
 10
174.38483269151527
 20
149.20863061041615
 30
0.0
 11
174.3848335727614
 21
149.20862466953736
 31
0.0
  0
LINE
  5
C53
330
17
100
AcDbEntity
  8
VISIBLE
100
AcDbLine
 10
174.3848335727614
 20
149.20862466953736
 30
0.0
 11
174.38483503207203
 21
149.20861884364274
 31
0.0
  0
LINE
  5
C54
330
17
100
AcDbEntity
  8
VISIBLE
100
AcDbLine
 10
174.38483503207203
 20
149.20861884364274
 30
0.0
 11
174.3848370553932
 21
149.20861318883885
 31
0.0
  0
LINE
  5
C55
330
17
100
AcDbEntity
  8
VISIBLE
100
AcDbLine
 10
174.3848370553932
 20
149.20861318883885
 30
0.0
 11
174.38483962323926
 21
149.20860775958457
 31
0.0
  0
LINE
  5
C56
330
17
100
AcDbEntity
  8
VISIBLE
100
AcDbLine
 10
174.38483962323926
 20
149.20860775958457
 30
0.0
 11
174.3848427108804
 21
149.20860260816653
 31
0.0
  0
LINE
  5
C57
330
17
100
AcDbEntity
  8
VISIBLE
100
AcDbLine
 10
174.3848427108804
 20
149.20860260816653
 30
0.0
 11
174.38484628858097
 21
149.20859778419575
 31
0.0
  0
LINE
  5
C58
330
17
100
AcDbEntity
  8
VISIBLE
100
AcDbLine
 10
174.38484628858097
 20
149.20859778419575
 30
0.0
 11
174.38485032188575
 21
149.20859333412966
 31
0.0
  0
LINE
  5
C59
330
17
100
AcDbEntity
  8
VISIBLE
100
AcDbLine
 10
174.38485032188575
 20
149.20859333412966
 30
0.0
 11
174.38485477195184
 21
149.20858930082488
 31
0.0
  0
LINE
  5
C5A
330
17
100
AcDbEntity
  8
VISIBLE
100
AcDbLine
 10
174.38485477195184
 20
149.20858930082488
 30
0.0
 11
174.38485959592262
 21
149.20858572312432
 31
0.0
  0
LINE
  5
C5B
330
17
100
AcDbEntity
  8
VISIBLE
100
AcDbLine
 10
174.38485959592262
 20
149.20858572312432
 30
0.0
 11
174.38486474734066
 21
149.20858263548317
 31
0.0
  0
LINE
  5
C5C
330
17
100
AcDbEntity
  8
VISIBLE
100
AcDbLine
 10
174.38486474734066
 20
149.20858263548317
 30
0.0
 11
174.38487017659494
 21
149.20858006763712
 31
0.0
  0
LINE
  5
C5D
330
17
100
AcDbEntity
  8
VISIBLE
100
AcDbLine
 10
174.38487017659494
 20
149.20858006763712
 30
0.0
 11
174.38487583139883
 21
149.20857804431594
 31
0.0
  0
LINE
  5
C5E
330
17
100
AcDbEntity
  8
VISIBLE
100
AcDbLine
 10
174.38487583139883
 20
149.20857804431594
 30
0.0
 11
174.38488165729345
 21
149.20857658500532
 31
0.0
  0
LINE
  5
C5F
330
17
100
AcDbEntity
  8
VISIBLE
100
AcDbLine
 10
174.38488165729345
 20
149.20857658500532
 30
0.0
 11
174.38488759817224
 21
149.20857570375918
 31
0.0
  0
LINE
  5
C60
330
17
100
AcDbEntity
  8
VISIBLE
100
AcDbLine
 10
174.38488759817224
 20
149.20857570375918
 30
0.0
 11
174.3848935968213
 21
149.20857540906445
 31
0.0
  0
LINE
  5
C61
330
17
100
AcDbEntity
  8
VISIBLE
100
AcDbLine
 10
174.3848935968213
 20
149.20857540906445
 30
0.0
 11
175.69999927518217
 21
149.20857540906445
 31
0.0
  0
LINE
  5
C62
330
17
100
AcDbEntity
  8
VISIBLE
100
AcDbLine
 10
175.69999927518217
 20
149.20857540906445
 30
0.0
 11
175.70000070720698
 21
149.2085753387136
 31
0.0
  0
LINE
  5
C63
330
17
100
AcDbEntity
  8
VISIBLE
100
AcDbLine
 10
175.70000070720698
 20
149.2085753387136
 30
0.0
 11
175.70000077755785
 21
149.2085739066887
 31
0.0
  0
LINE
  5
C64
330
17
100
AcDbEntity
  8
VISIBLE
100
AcDbLine
 10
175.70000077755785
 20
149.2085739066887
 30
0.0
 11
175.70000077755785
 21
147.20863660906522
 31
0.0
  0
LINE
  5
C65
330
17
100
AcDbEntity
  8
VISIBLE
100
AcDbLine
 10
175.70000077755785
 20
147.20863660906522
 30
0.0
 11
175.70000107225258
 21
147.20863061041615
 31
0.0
  0
LINE
  5
C66
330
17
100
AcDbEntity
  8
VISIBLE
100
AcDbLine
 10
175.70000107225258
 20
147.20863061041615
 30
0.0
 11
175.7000019534987
 21
147.20862466953736
 31
0.0
  0
LINE
  5
C67
330
17
100
AcDbEntity
  8
VISIBLE
100
AcDbLine
 10
175.7000019534987
 20
147.20862466953736
 30
0.0
 11
175.70000341280934
 21
147.20861884364274
 31
0.0
  0
LINE
  5
C68
330
17
100
AcDbEntity
  8
VISIBLE
100
AcDbLine
 10
175.70000341280934
 20
147.20861884364274
 30
0.0
 11
175.7000054361305
 21
147.20861318883885
 31
0.0
  0
LINE
  5
C69
330
17
100
AcDbEntity
  8
VISIBLE
100
AcDbLine
 10
175.7000054361305
 20
147.20861318883885
 30
0.0
 11
175.70000800397656
 21
147.20860775958457
 31
0.0
  0
LINE
  5
C6A
330
17
100
AcDbEntity
  8
VISIBLE
100
AcDbLine
 10
175.70000800397656
 20
147.20860775958457
 30
0.0
 11
175.7000110916177
 21
147.20860260816653
 31
0.0
  0
LINE
  5
C6B
330
17
100
AcDbEntity
  8
VISIBLE
100
AcDbLine
 10
175.7000110916177
 20
147.20860260816653
 30
0.0
 11
175.70001466931828
 21
147.20859778419575
 31
0.0
  0
LINE
  5
C6C
330
17
100
AcDbEntity
  8
VISIBLE
100
AcDbLine
 10
175.70001466931828
 20
147.20859778419575
 30
0.0
 11
175.70001870262305
 21
147.20859333412966
 31
0.0
  0
LINE
  5
C6D
330
17
100
AcDbEntity
  8
VISIBLE
100
AcDbLine
 10
175.70001870262305
 20
147.20859333412966
 30
0.0
 11
175.70002315268914
 21
147.20858930082488
 31
0.0
  0
LINE
  5
C6E
330
17
100
AcDbEntity
  8
VISIBLE
100
AcDbLine
 10
175.70002315268914
 20
147.20858930082488
 30
0.0
 11
175.70002797665992
 21
147.20858572312432
 31
0.0
  0
LINE
  5
C6F
330
17
100
AcDbEntity
  8
VISIBLE
100
AcDbLine
 10
175.70002797665992
 20
147.20858572312432
 30
0.0
 11
175.70003312807796
 21
147.20858263548317
 31
0.0
  0
LINE
  5
C70
330
17
100
AcDbEntity
  8
VISIBLE
100
AcDbLine
 10
175.70003312807796
 20
147.20858263548317
 30
0.0
 11
175.70003855733225
 21
147.20858006763712
 31
0.0
  0
LINE
  5
C71
330
17
100
AcDbEntity
  8
VISIBLE
100
AcDbLine
 10
175.70003855733225
 20
147.20858006763712
 30
0.0
 11
175.70004421213613
 21
147.20857804431594
 31
0.0
  0
LINE
  5
C72
330
17
100
AcDbEntity
  8
VISIBLE
100
AcDbLine
 10
175.70004421213613
 20
147.20857804431594
 30
0.0
 11
175.70005003803075
 21
147.20857658500532
 31
0.0
  0
LINE
  5
C73
330
17
100
AcDbEntity
  8
VISIBLE
100
AcDbLine
 10
175.70005003803075
 20
147.20857658500532
 30
0.0
 11
175.70005597890955
 21
147.20857570375918
 31
0.0
  0
LINE
  5
C74
330
17
100
AcDbEntity
  8
VISIBLE
100
AcDbLine
 10
175.70005597890955
 20
147.20857570375918
 30
0.0
 11
175.70006197755862
 21
147.20857540906445
 31
0.0
  0
LINE
  5
C75
330
17
100
AcDbEntity
  8
VISIBLE
100
AcDbLine
 10
175.70006197755862
 20
147.20857540906445
 30
0.0
 11
180.69999927518217
 21
147.20857540906445
 31
0.0
  0
LINE
  5
C76
330
17
100
AcDbEntity
  8
VISIBLE
100
AcDbLine
 10
180.69999927518217
 20
147.20857540906445
 30
0.0
 11
180.70000070720698
 21
147.2085753387136
 31
0.0
  0
LINE
  5
C77
330
17
100
AcDbEntity
  8
VISIBLE
100
AcDbLine
 10
180.70000070720698
 20
147.2085753387136
 30
0.0
 11
180.70000077755785
 21
147.2085739066887
 31
0.0
  0
LINE
  5
C78
330
17
100
AcDbEntity
  8
VISIBLE
100
AcDbLine
 10
180.70000077755785
 20
147.2085739066887
 30
0.0
 11
180.70000077755785
 21
144.2085769114402
 31
0.0
  0
LINE
  5
C79
330
17
100
AcDbEntity
  8
VISIBLE
100
AcDbLine
 10
180.70000077755785
 20
144.2085769114402
 30
0.0
 11
180.70000070720698
 21
144.20857547941532
 31
0.0
  0
LINE
  5
C7A
330
17
100
AcDbEntity
  8
VISIBLE
100
AcDbLine
 10
180.70000070720698
 20
144.20857547941532
 30
0.0
 11
180.69999927518217
 21
144.20857540906445
 31
0.0
  0
LINE
  5
C7B
330
17
100
AcDbEntity
  8
VISIBLE
100
AcDbLine
 10
180.69999927518217
 20
144.20857540906445
 30
0.0
 11
176.97768801515628
 21
144.20857540906445
 31
0.0
  0
LINE
  5
C7C
330
17
100
AcDbEntity
  8
VISIBLE
100
AcDbLine
 10
176.97768801515628
 20
144.20857540906445
 30
0.0
 11
176.9776820165072
 21
144.20857511436972
 31
0.0
  0
LINE
  5
C7D
330
17
100
AcDbEntity
  8
VISIBLE
100
AcDbLine
 10
176.9776820165072
 20
144.20857511436972
 30
0.0
 11
176.9776760756284
 21
144.20857423312358
 31
0.0
  0
LINE
  5
C7E
330
17
100
AcDbEntity
  8
VISIBLE
100
AcDbLine
 10
176.9776760756284
 20
144.20857423312358
 30
0.0
 11
176.9776702497338
 21
144.20857277381296
 31
0.0
  0
LINE
  5
C7F
330
17
100
AcDbEntity
  8
VISIBLE
100
AcDbLine
 10
176.9776702497338
 20
144.20857277381296
 30
0.0
 11
176.9776645949299
 21
144.2085707504918
 31
0.0
  0
LINE
  5
C80
330
17
100
AcDbEntity
  8
VISIBLE
100
AcDbLine
 10
176.9776645949299
 20
144.2085707504918
 30
0.0
 11
176.97765916567562
 21
144.20856818264573
 31
0.0
  0
LINE
  5
C81
330
17
100
AcDbEntity
  8
VISIBLE
100
AcDbLine
 10
176.97765916567562
 20
144.20856818264573
 30
0.0
 11
176.97765401425758
 21
144.2085650950046
 31
0.0
  0
LINE
  5
C82
330
17
100
AcDbEntity
  8
VISIBLE
100
AcDbLine
 10
176.97765401425758
 20
144.2085650950046
 30
0.0
 11
176.9776491902868
 21
144.20856151730402
 31
0.0
  0
LINE
  5
C83
330
17
100
AcDbEntity
  8
VISIBLE
100
AcDbLine
 10
176.9776491902868
 20
144.20856151730402
 30
0.0
 11
176.9776447402207
 21
144.20855748399924
 31
0.0
  0
LINE
  5
C84
330
17
100
AcDbEntity
  8
VISIBLE
100
AcDbLine
 10
176.9776447402207
 20
144.20855748399924
 30
0.0
 11
176.97764070691593
 21
144.20855303393316
 31
0.0
  0
LINE
  5
C85
330
17
100
AcDbEntity
  8
VISIBLE
100
AcDbLine
 10
176.97764070691593
 20
144.20855303393316
 30
0.0
 11
176.97763712921537
 21
144.20854820996237
 31
0.0
  0
LINE
  5
C86
330
17
100
AcDbEntity
  8
VISIBLE
100
AcDbLine
 10
176.97763712921537
 20
144.20854820996237
 30
0.0
 11
176.97763404157422
 21
144.20854305854434
 31
0.0
  0
LINE
  5
C87
330
17
100
AcDbEntity
  8
VISIBLE
100
AcDbLine
 10
176.97763404157422
 20
144.20854305854434
 30
0.0
 11
176.97763147372817
 21
144.20853762929005
 31
0.0
  0
LINE
  5
C88
330
17
100
AcDbEntity
  8
VISIBLE
100
AcDbLine
 10
176.97763147372817
 20
144.20853762929005
 30
0.0
 11
176.977629450407
 21
144.20853197448616
 31
0.0
  0
LINE
  5
C89
330
17
100
AcDbEntity
  8
VISIBLE
100
AcDbLine
 10
176.977629450407
 20
144.20853197448616
 30
0.0
 11
176.97762799109637
 21
144.20852614859155
 31
0.0
  0
LINE
  5
C8A
330
17
100
AcDbEntity
  8
VISIBLE
100
AcDbLine
 10
176.97762799109637
 20
144.20852614859155
 30
0.0
 11
176.97762710985023
 21
144.20852020771275
 31
0.0
  0
LINE
  5
C8B
330
17
100
AcDbEntity
  8
VISIBLE
100
AcDbLine
 10
176.97762710985023
 20
144.20852020771275
 30
0.0
 11
176.9776268151555
 21
144.20851420906368
 31
0.0
  0
LINE
  5
C8C
330
17
100
AcDbEntity
  8
VISIBLE
100
AcDbLine
 10
176.9776268151555
 20
144.20851420906368
 30
0.0
 11
176.9776268151555
 21
138.2085769114402
 31
0.0
  0
LINE
  5
C8D
330
17
100
AcDbEntity
  8
VISIBLE
100
AcDbLine
 10
176.9776268151555
 20
138.2085769114402
 30
0.0
 11
176.97762674480464
 21
138.20857547941532
 31
0.0
  0
LINE
  5
C8E
330
17
100
AcDbEntity
  8
VISIBLE
100
AcDbLine
 10
176.97762674480464
 20
138.20857547941532
 30
0.0
 11
176.97762531277982
 21
138.20857540906445
 31
0.0
  0
LINE
  5
C8F
330
17
100
AcDbEntity
  8
VISIBLE
100
AcDbLine
 10
176.97762531277982
 20
138.20857540906445
 30
0.0
 11
170.97762831753118
 21
138.20857540906445
 31
0.0
  0
LINE
  5
C90
330
17
100
AcDbEntity
  8
VISIBLE
100
AcDbLine
 10
170.97762831753118
 20
138.20857540906445
 30
0.0
 11
170.97762688550637
 21
138.20857547941532
 31
0.0
  0
LINE
  5
C91
330
17
100
AcDbEntity
  8
VISIBLE
100
AcDbLine
 10
170.97762688550637
 20
138.20857547941532
 30
0.0
 11
170.9776268151555
 21
138.2085769114402
 31
0.0
  0
LINE
  5
C92
330
17
100
AcDbEntity
  8
VISIBLE
100
AcDbLine
 10
170.9776268151555
 20
138.2085769114402
 30
0.0
 11
170.9776268151555
 21
144.20851420906368
 31
0.0
  0
LINE
  5
C93
330
17
100
AcDbEntity
  8
VISIBLE
100
AcDbLine
 10
170.9776268151555
 20
144.20851420906368
 30
0.0
 11
170.97762652046077
 21
144.20852020771275
 31
0.0
  0
LINE
  5
C94
330
17
100
AcDbEntity
  8
VISIBLE
100
AcDbLine
 10
170.97762652046077
 20
144.20852020771275
 30
0.0
 11
170.97762563921464
 21
144.20852614859155
 31
0.0
  0
LINE
  5
C95
330
17
100
AcDbEntity
  8
VISIBLE
100
AcDbLine
 10
170.97762563921464
 20
144.20852614859155
 30
0.0
 11
170.977624179904
 21
144.20853197448616
 31
0.0
  0
LINE
  5
C96
330
17
100
AcDbEntity
  8
VISIBLE
100
AcDbLine
 10
170.977624179904
 20
144.20853197448616
 30
0.0
 11
170.97762215658284
 21
144.20853762929005
 31
0.0
  0
LINE
  5
C97
330
17
100
AcDbEntity
  8
VISIBLE
100
AcDbLine
 10
170.97762215658284
 20
144.20853762929005
 30
0.0
 11
170.9776195887368
 21
144.20854305854434
 31
0.0
  0
LINE
  5
C98
330
17
100
AcDbEntity
  8
VISIBLE
100
AcDbLine
 10
170.9776195887368
 20
144.20854305854434
 30
0.0
 11
170.97761650109564
 21
144.20854820996237
 31
0.0
  0
LINE
  5
C99
330
17
100
AcDbEntity
  8
VISIBLE
100
AcDbLine
 10
170.97761650109564
 20
144.20854820996237
 30
0.0
 11
170.97761292339507
 21
144.20855303393316
 31
0.0
  0
LINE
  5
C9A
330
17
100
AcDbEntity
  8
VISIBLE
100
AcDbLine
 10
170.97761292339507
 20
144.20855303393316
 30
0.0
 11
170.9776088900903
 21
144.20855748399924
 31
0.0
  0
LINE
  5
C9B
330
17
100
AcDbEntity
  8
VISIBLE
100
AcDbLine
 10
170.9776088900903
 20
144.20855748399924
 30
0.0
 11
170.9776044400242
 21
144.20856151730402
 31
0.0
  0
LINE
  5
C9C
330
17
100
AcDbEntity
  8
VISIBLE
100
AcDbLine
 10
170.9776044400242
 20
144.20856151730402
 30
0.0
 11
170.97759961605342
 21
144.2085650950046
 31
0.0
  0
LINE
  5
C9D
330
17
100
AcDbEntity
  8
VISIBLE
100
AcDbLine
 10
170.97759961605342
 20
144.2085650950046
 30
0.0
 11
170.9775944646354
 21
144.20856818264573
 31
0.0
  0
LINE
  5
C9E
330
17
100
AcDbEntity
  8
VISIBLE
100
AcDbLine
 10
170.9775944646354
 20
144.20856818264573
 30
0.0
 11
170.9775890353811
 21
144.2085707504918
 31
0.0
  0
LINE
  5
C9F
330
17
100
AcDbEntity
  8
VISIBLE
100
AcDbLine
 10
170.9775890353811
 20
144.2085707504918
 30
0.0
 11
170.97758338057722
 21
144.20857277381296
 31
0.0
  0
LINE
  5
CA0
330
17
100
AcDbEntity
  8
VISIBLE
100
AcDbLine
 10
170.97758338057722
 20
144.20857277381296
 30
0.0
 11
170.9775775546826
 21
144.20857423312358
 31
0.0
  0
LINE
  5
CA1
330
17
100
AcDbEntity
  8
VISIBLE
100
AcDbLine
 10
170.9775775546826
 20
144.20857423312358
 30
0.0
 11
170.9775716138038
 21
144.20857511436972
 31
0.0
  0
LINE
  5
CA2
330
17
100
AcDbEntity
  8
VISIBLE
100
AcDbLine
 10
170.9775716138038
 20
144.20857511436972
 30
0.0
 11
170.97756561515473
 21
144.20857540906445
 31
0.0
  0
LINE
  5
CA3
330
17
100
AcDbEntity
  8
VISIBLE
100
AcDbLine
 10
170.97756561515473
 20
144.20857540906445
 30
0.0
 11
151.01309746568728
 21
144.20857540906445
 31
0.0
  0
LINE
  5
CA4
330
17
100
AcDbEntity
  8
VISIBLE
100
AcDbLine
 10
151.01309746568728
 20
144.20857540906445
 30
0.0
 11
151.0130914670382
 21
144.20857511436972
 31
0.0
  0
LINE
  5
CA5
330
17
100
AcDbEntity
  8
VISIBLE
100
AcDbLine
 10
151.0130914670382
 20
144.20857511436972
 30
0.0
 11
151.01308552615941
 21
144.20857423312358
 31
0.0
  0
LINE
  5
CA6
330
17
100
AcDbEntity
  8
VISIBLE
100
AcDbLine
 10
151.01308552615941
 20
144.20857423312358
 30
0.0
 11
151.0130797002648
 21
144.20857277381296
 31
0.0
  0
LINE
  5
CA7
330
17
100
AcDbEntity
  8
VISIBLE
100
AcDbLine
 10
151.0130797002648
 20
144.20857277381296
 30
0.0
 11
151.0130740454609
 21
144.2085707504918
 31
0.0
  0
LINE
  5
CA8
330
17
100
AcDbEntity
  8
VISIBLE
100
AcDbLine
 10
151.0130740454609
 20
144.2085707504918
 30
0.0
 11
151.01306861620662
 21
144.20856818264573
 31
0.0
  0
LINE
  5
CA9
330
17
100
AcDbEntity
  8
VISIBLE
100
AcDbLine
 10
151.01306861620662
 20
144.20856818264573
 30
0.0
 11
151.0130634647886
 21
144.2085650950046
 31
0.0
  0
LINE
  5
CAA
330
17
100
AcDbEntity
  8
VISIBLE
100
AcDbLine
 10
151.0130634647886
 20
144.2085650950046
 30
0.0
 11
151.0130586408178
 21
144.20856151730402
 31
0.0
  0
LINE
  5
CAB
330
17
100
AcDbEntity
  8
VISIBLE
100
AcDbLine
 10
151.0130586408178
 20
144.20856151730402
 30
0.0
 11
151.01305419075172
 21
144.20855748399924
 31
0.0
  0
LINE
  5
CAC
330
17
100
AcDbEntity
  8
VISIBLE
100
AcDbLine
 10
151.01305419075172
 20
144.20855748399924
 30
0.0
 11
151.01305015744694
 21
144.20855303393316
 31
0.0
  0
LINE
  5
CAD
330
17
100
AcDbEntity
  8
VISIBLE
100
AcDbLine
 10
151.01305015744694
 20
144.20855303393316
 30
0.0
 11
151.01304657974637
 21
144.20854820996237
 31
0.0
  0
LINE
  5
CAE
330
17
100
AcDbEntity
  8
VISIBLE
100
AcDbLine
 10
151.01304657974637
 20
144.20854820996237
 30
0.0
 11
151.01304349210523
 21
144.20854305854434
 31
0.0
  0
LINE
  5
CAF
330
17
100
AcDbEntity
  8
VISIBLE
100
AcDbLine
 10
151.01304349210523
 20
144.20854305854434
 30
0.0
 11
151.01304092425917
 21
144.20853762929005
 31
0.0
  0
LINE
  5
CB0
330
17
100
AcDbEntity
  8
VISIBLE
100
AcDbLine
 10
151.01304092425917
 20
144.20853762929005
 30
0.0
 11
151.013038900938
 21
144.20853197448616
 31
0.0
  0
LINE
  5
CB1
330
17
100
AcDbEntity
  8
VISIBLE
100
AcDbLine
 10
151.013038900938
 20
144.20853197448616
 30
0.0
 11
151.01303744162738
 21
144.20852614859155
 31
0.0
  0
LINE
  5
CB2
330
17
100
AcDbEntity
  8
VISIBLE
100
AcDbLine
 10
151.01303744162738
 20
144.20852614859155
 30
0.0
 11
151.01303656038124
 21
144.20852020771275
 31
0.0
  0
LINE
  5
CB3
330
17
100
AcDbEntity
  8
VISIBLE
100
AcDbLine
 10
151.01303656038124
 20
144.20852020771275
 30
0.0
 11
151.0130362656865
 21
144.20851420906368
 31
0.0
  0
LINE
  5
CB4
330
17
100
AcDbEntity
  8
VISIBLE
100
AcDbLine
 10
151.0130362656865
 20
144.20851420906368
 30
0.0
 11
151.0130362656865
 21
138.20857691144013
 31
0.0
  0
LINE
  5
CB5
330
17
100
AcDbEntity
  8
VISIBLE
100
AcDbLine
 10
151.0130362656865
 20
138.20857691144013
 30
0.0
 11
151.01303619533564
 21
138.20857547941532
 31
0.0
  0
LINE
  5
CB6
330
17
100
AcDbEntity
  8
VISIBLE
100
AcDbLine
 10
151.01303619533564
 20
138.20857547941532
 30
0.0
 11
151.01303476331083
 21
138.20857540906445
 31
0.0
  0
LINE
  5
CB7
330
17
100
AcDbEntity
  8
VISIBLE
100
AcDbLine
 10
151.01303476331083
 20
138.20857540906445
 30
0.0
 11
145.01303729122503
 21
138.20857540906445
 31
0.0
  0
LINE
  5
CB8
330
17
100
AcDbEntity
  8
VISIBLE
100
AcDbLine
 10
145.01303729122503
 20
138.20857540906445
 30
0.0
 11
145.01303585920022
 21
138.20857547941532
 31
0.0
  0
LINE
  5
CB9
330
17
100
AcDbEntity
  8
VISIBLE
100
AcDbLine
 10
145.01303585920022
 20
138.20857547941532
 30
0.0
 11
145.01303578884935
 21
138.20857691144016
 31
0.0
  0
LINE
  5
CBA
330
17
100
AcDbEntity
  8
VISIBLE
100
AcDbLine
 10
145.01303578884935
 20
138.20857691144016
 30
0.0
 11
145.01303578884935
 21
144.20851420906368
 31
0.0
  0
LINE
  5
CBB
330
17
100
AcDbEntity
  8
VISIBLE
100
AcDbLine
 10
145.01303578884935
 20
144.20851420906368
 30
0.0
 11
145.01303549415462
 21
144.20852020771275
 31
0.0
  0
LINE
  5
CBC
330
17
100
AcDbEntity
  8
VISIBLE
100
AcDbLine
 10
145.01303549415462
 20
144.20852020771275
 30
0.0
 11
145.01303461290848
 21
144.20852614859155
 31
0.0
  0
LINE
  5
CBD
330
17
100
AcDbEntity
  8
VISIBLE
100
AcDbLine
 10
145.01303461290848
 20
144.20852614859155
 30
0.0
 11
145.01303315359786
 21
144.20853197448616
 31
0.0
  0
LINE
  5
CBE
330
17
100
AcDbEntity
  8
VISIBLE
100
AcDbLine
 10
145.01303315359786
 20
144.20853197448616
 30
0.0
 11
145.0130311302767
 21
144.20853762929005
 31
0.0
  0
LINE
  5
CBF
330
17
100
AcDbEntity
  8
VISIBLE
100
AcDbLine
 10
145.0130311302767
 20
144.20853762929005
 30
0.0
 11
145.01302856243063
 21
144.20854305854434
 31
0.0
  0
LINE
  5
CC0
330
17
100
AcDbEntity
  8
VISIBLE
100
AcDbLine
 10
145.01302856243063
 20
144.20854305854434
 30
0.0
 11
145.0130254747895
 21
144.20854820996237
 31
0.0
  0
LINE
  5
CC1
330
17
100
AcDbEntity
  8
VISIBLE
100
AcDbLine
 10
145.0130254747895
 20
144.20854820996237
 30
0.0
 11
145.01302189708892
 21
144.20855303393316
 31
0.0
  0
LINE
  5
CC2
330
17
100
AcDbEntity
  8
VISIBLE
100
AcDbLine
 10
145.01302189708892
 20
144.20855303393316
 30
0.0
 11
145.01301786378414
 21
144.20855748399924
 31
0.0
  0
LINE
  5
CC3
330
17
100
AcDbEntity
  8
VISIBLE
100
AcDbLine
 10
145.01301786378414
 20
144.20855748399924
 30
0.0
 11
145.01301341371806
 21
144.20856151730402
 31
0.0
  0
LINE
  5
CC4
330
17
100
AcDbEntity
  8
VISIBLE
100
AcDbLine
 10
145.01301341371806
 20
144.20856151730402
 30
0.0
 11
145.01300858974727
 21
144.2085650950046
 31
0.0
  0
LINE
  5
CC5
330
17
100
AcDbEntity
  8
VISIBLE
100
AcDbLine
 10
145.01300858974727
 20
144.2085650950046
 30
0.0
 11
145.01300343832924
 21
144.20856818264573
 31
0.0
  0
LINE
  5
CC6
330
17
100
AcDbEntity
  8
VISIBLE
100
AcDbLine
 10
145.01300343832924
 20
144.20856818264573
 30
0.0
 11
145.01299800907495
 21
144.2085707504918
 31
0.0
  0
LINE
  5
CC7
330
17
100
AcDbEntity
  8
VISIBLE
100
AcDbLine
 10
145.01299800907495
 20
144.2085707504918
 30
0.0
 11
145.01299235427106
 21
144.20857277381296
 31
0.0
  0
LINE
  5
CC8
330
17
100
AcDbEntity
  8
VISIBLE
100
AcDbLine
 10
145.01299235427106
 20
144.20857277381296
 30
0.0
 11
145.01298652837644
 21
144.20857423312358
 31
0.0
  0
LINE
  5
CC9
330
17
100
AcDbEntity
  8
VISIBLE
100
AcDbLine
 10
145.01298652837644
 20
144.20857423312358
 30
0.0
 11
145.01298058749765
 21
144.20857511436972
 31
0.0
  0
LINE
  5
CCA
330
17
100
AcDbEntity
  8
VISIBLE
100
AcDbLine
 10
145.01298058749765
 20
144.20857511436972
 30
0.0
 11
145.01297458884858
 21
144.20857540906445
 31
0.0
  0
LINE
  5
CCB
330
17
100
AcDbEntity
  8
VISIBLE
100
AcDbLine
 10
145.01297458884858
 20
144.20857540906445
 30
0.0
 11
141.50939768617678
 21
144.20857540906445
 31
0.0
  0
LINE
  5
CCC
330
17
100
AcDbEntity
  8
VISIBLE
100
AcDbLine
 10
141.50939768617678
 20
144.20857540906445
 30
0.0
 11
141.5093916875277
 21
144.20857511436972
 31
0.0
  0
LINE
  5
CCD
330
17
100
AcDbEntity
  8
VISIBLE
100
AcDbLine
 10
141.5093916875277
 20
144.20857511436972
 30
0.0
 11
141.50938574664892
 21
144.20857423312358
 31
0.0
  0
LINE
  5
CCE
330
17
100
AcDbEntity
  8
VISIBLE
100
AcDbLine
 10
141.50938574664892
 20
144.20857423312358
 30
0.0
 11
141.5093799207543
 21
144.20857277381296
 31
0.0
  0
LINE
  5
CCF
330
17
100
AcDbEntity
  8
VISIBLE
100
AcDbLine
 10
141.5093799207543
 20
144.20857277381296
 30
0.0
 11
141.5093742659504
 21
144.2085707504918
 31
0.0
  0
LINE
  5
CD0
330
17
100
AcDbEntity
  8
VISIBLE
100
AcDbLine
 10
141.5093742659504
 20
144.2085707504918
 30
0.0
 11
141.50936883669613
 21
144.20856818264573
 31
0.0
  0
LINE
  5
CD1
330
17
100
AcDbEntity
  8
VISIBLE
100
AcDbLine
 10
141.50936883669613
 20
144.20856818264573
 30
0.0
 11
141.5093636852781
 21
144.2085650950046
 31
0.0
  0
LINE
  5
CD2
330
17
100
AcDbEntity
  8
VISIBLE
100
AcDbLine
 10
141.5093636852781
 20
144.2085650950046
 30
0.0
 11
141.5093588613073
 21
144.20856151730402
 31
0.0
  0
LINE
  5
CD3
330
17
100
AcDbEntity
  8
VISIBLE
100
AcDbLine
 10
141.5093588613073
 20
144.20856151730402
 30
0.0
 11
141.50935441124122
 21
144.20855748399924
 31
0.0
  0
LINE
  5
CD4
330
17
100
AcDbEntity
  8
VISIBLE
100
AcDbLine
 10
141.50935441124122
 20
144.20855748399924
 30
0.0
 11
141.50935037793644
 21
144.20855303393316
 31
0.0
  0
LINE
  5
CD5
330
17
100
AcDbEntity
  8
VISIBLE
100
AcDbLine
 10
141.50935037793644
 20
144.20855303393316
 30
0.0
 11
141.50934680023587
 21
144.20854820996237
 31
0.0
  0
LINE
  5
CD6
330
17
100
AcDbEntity
  8
VISIBLE
100
AcDbLine
 10
141.50934680023587
 20
144.20854820996237
 30
0.0
 11
141.50934371259473
 21
144.20854305854434
 31
0.0
  0
LINE
  5
CD7
330
17
100
AcDbEntity
  8
VISIBLE
100
AcDbLine
 10
141.50934371259473
 20
144.20854305854434
 30
0.0
 11
141.50934114474867
 21
144.20853762929005
 31
0.0
  0
LINE
  5
CD8
330
17
100
AcDbEntity
  8
VISIBLE
100
AcDbLine
 10
141.50934114474867
 20
144.20853762929005
 30
0.0
 11
141.5093391214275
 21
144.20853197448616
 31
0.0
  0
LINE
  5
CD9
330
17
100
AcDbEntity
  8
VISIBLE
100
AcDbLine
 10
141.5093391214275
 20
144.20853197448616
 30
0.0
 11
141.50933766211688
 21
144.20852614859155
 31
0.0
  0
LINE
  5
CDA
330
17
100
AcDbEntity
  8
VISIBLE
100
AcDbLine
 10
141.50933766211688
 20
144.20852614859155
 30
0.0
 11
141.50933678087074
 21
144.20852020771275
 31
0.0
  0
LINE
  5
CDB
330
17
100
AcDbEntity
  8
VISIBLE
100
AcDbLine
 10
141.50933678087074
 20
144.20852020771275
 30
0.0
 11
141.509336486176
 21
144.20851420906368
 31
0.0
  0
LINE
  5
CDC
330
17
100
AcDbEntity
  8
VISIBLE
100
AcDbLine
 10
141.509336486176
 20
144.20851420906368
 30
0.0
 11
141.509336486176
 21
138.20857691144016
 31
0.0
  0
LINE
  5
CDD
330
17
100
AcDbEntity
  8
VISIBLE
100
AcDbLine
 10
141.509336486176
 20
138.20857691144016
 30
0.0
 11
141.50933641582515
 21
138.20857547941532
 31
0.0
  0
LINE
  5
CDE
330
17
100
AcDbEntity
  8
VISIBLE
100
AcDbLine
 10
141.50933641582515
 20
138.20857547941532
 30
0.0
 11
141.50933498380033
 21
138.20857540906445
 31
0.0
  0
LINE
  5
CDF
330
17
100
AcDbEntity
  8
VISIBLE
100
AcDbLine
 10
141.50933498380033
 20
138.20857540906445
 30
0.0
 11
135.5093379885517
 21
138.20857540906445
 31
0.0
  0
LINE
  5
CE0
330
17
100
AcDbEntity
  8
VISIBLE
100
AcDbLine
 10
135.5093379885517
 20
138.20857540906445
 30
0.0
 11
135.50933655652688
 21
138.20857547941532
 31
0.0
  0
LINE
  5
CE1
330
17
100
AcDbEntity
  8
VISIBLE
100
AcDbLine
 10
135.50933655652688
 20
138.20857547941532
 30
0.0
 11
135.509336486176
 21
138.2085769114402
 31
0.0
  0
LINE
  5
CE2
330
17
100
AcDbEntity
  8
VISIBLE
100
AcDbLine
 10
135.509336486176
 20
138.2085769114402
 30
0.0
 11
135.509336486176
 21
144.20851420906368
 31
0.0
  0
LINE
  5
CE3
330
17
100
AcDbEntity
  8
VISIBLE
100
AcDbLine
 10
135.509336486176
 20
144.20851420906368
 30
0.0
 11
135.50933619148128
 21
144.20852020771275
 31
0.0
  0
LINE
  5
CE4
330
17
100
AcDbEntity
  8
VISIBLE
100
AcDbLine
 10
135.50933619148128
 20
144.20852020771275
 30
0.0
 11
135.50933531023514
 21
144.20852614859155
 31
0.0
  0
LINE
  5
CE5
330
17
100
AcDbEntity
  8
VISIBLE
100
AcDbLine
 10
135.50933531023514
 20
144.20852614859155
 30
0.0
 11
135.50933385092452
 21
144.20853197448616
 31
0.0
  0
LINE
  5
CE6
330
17
100
AcDbEntity
  8
VISIBLE
100
AcDbLine
 10
135.50933385092452
 20
144.20853197448616
 30
0.0
 11
135.50933182760335
 21
144.20853762929005
 31
0.0
  0
LINE
  5
CE7
330
17
100
AcDbEntity
  8
VISIBLE
100
AcDbLine
 10
135.50933182760335
 20
144.20853762929005
 30
0.0
 11
135.5093292597573
 21
144.20854305854434
 31
0.0
  0
LINE
  5
CE8
330
17
100
AcDbEntity
  8
VISIBLE
100
AcDbLine
 10
135.5093292597573
 20
144.20854305854434
 30
0.0
 11
135.50932617211615
 21
144.20854820996237
 31
0.0
  0
LINE
  5
CE9
330
17
100
AcDbEntity
  8
VISIBLE
100
AcDbLine
 10
135.50932617211615
 20
144.20854820996237
 30
0.0
 11
135.50932259441558
 21
144.20855303393316
 31
0.0
  0
LINE
  5
CEA
330
17
100
AcDbEntity
  8
VISIBLE
100
AcDbLine
 10
135.50932259441558
 20
144.20855303393316
 30
0.0
 11
135.5093185611108
 21
144.20855748399924
 31
0.0
  0
LINE
  5
CEB
330
17
100
AcDbEntity
  8
VISIBLE
100
AcDbLine
 10
135.5093185611108
 20
144.20855748399924
 30
0.0
 11
135.50931411104472
 21
144.20856151730402
 31
0.0
  0
LINE
  5
CEC
330
17
100
AcDbEntity
  8
VISIBLE
100
AcDbLine
 10
135.50931411104472
 20
144.20856151730402
 30
0.0
 11
135.50930928707393
 21
144.2085650950046
 31
0.0
  0
LINE
  5
CED
330
17
100
AcDbEntity
  8
VISIBLE
100
AcDbLine
 10
135.50930928707393
 20
144.2085650950046
 30
0.0
 11
135.5093041356559
 21
144.20856818264573
 31
0.0
  0
LINE
  5
CEE
330
17
100
AcDbEntity
  8
VISIBLE
100
AcDbLine
 10
135.5093041356559
 20
144.20856818264573
 30
0.0
 11
135.5092987064016
 21
144.2085707504918
 31
0.0
  0
LINE
  5
CEF
330
17
100
AcDbEntity
  8
VISIBLE
100
AcDbLine
 10
135.5092987064016
 20
144.2085707504918
 30
0.0
 11
135.50929305159772
 21
144.20857277381296
 31
0.0
  0
LINE
  5
CF0
330
17
100
AcDbEntity
  8
VISIBLE
100
AcDbLine
 10
135.50929305159772
 20
144.20857277381296
 30
0.0
 11
135.5092872257031
 21
144.20857423312358
 31
0.0
  0
LINE
  5
CF1
330
17
100
AcDbEntity
  8
VISIBLE
100
AcDbLine
 10
135.5092872257031
 20
144.20857423312358
 30
0.0
 11
135.5092812848243
 21
144.20857511436972
 31
0.0
  0
LINE
  5
CF2
330
17
100
AcDbEntity
  8
VISIBLE
100
AcDbLine
 10
135.5092812848243
 20
144.20857511436972
 30
0.0
 11
135.50927528617524
 21
144.20857540906445
 31
0.0
  0
LINE
  5
CF3
330
17
100
AcDbEntity
  8
VISIBLE
100
AcDbLine
 10
135.50927528617524
 20
144.20857540906445
 30
0.0
 11
126.30000075405464
 21
144.20857540906445
 31
0.0
  0
LINE
  5
CF4
330
17
100
AcDbEntity
  8
VISIBLE
100
AcDbLine
 10
126.30000075405464
 20
144.20857540906445
 30
0.0
 11
126.2999993220298
 21
144.20857547941532
 31
0.0
  0
LINE
  5
CF5
330
17
100
AcDbEntity
  8
VISIBLE
100
AcDbLine
 10
146.00006121461917
 20
161.20857540906445
 30
0.0
 11
146.0000552159701
 21
161.20857511436972
 31
0.0
  0
LINE
  5
CF6
330
17
100
AcDbEntity
  8
VISIBLE
100
AcDbLine
 10
146.0000552159701
 20
161.20857511436972
 30
0.0
 11
146.0000492750913
 21
161.2085742331236
 31
0.0
  0
LINE
  5
CF7
330
17
100
AcDbEntity
  8
VISIBLE
100
AcDbLine
 10
146.0000492750913
 20
161.2085742331236
 30
0.0
 11
146.00004344919668
 21
161.20857277381296
 31
0.0
  0
LINE
  5
CF8
330
17
100
AcDbEntity
  8
VISIBLE
100
AcDbLine
 10
146.00004344919668
 20
161.20857277381296
 30
0.0
 11
146.0000377943928
 21
161.2085707504918
 31
0.0
  0
LINE
  5
CF9
330
17
100
AcDbEntity
  8
VISIBLE
100
AcDbLine
 10
146.0000377943928
 20
161.2085707504918
 30
0.0
 11
146.0000323651385
 21
161.20856818264573
 31
0.0
  0
LINE
  5
CFA
330
17
100
AcDbEntity
  8
VISIBLE
100
AcDbLine
 10
146.0000323651385
 20
161.20856818264573
 30
0.0
 11
146.00002721372047
 21
161.2085650950046
 31
0.0
  0
LINE
  5
CFB
330
17
100
AcDbEntity
  8
VISIBLE
100
AcDbLine
 10
146.00002721372047
 20
161.2085650950046
 30
0.0
 11
146.0000223897497
 21
161.20856151730402
 31
0.0
  0
LINE
  5
CFC
330
17
100
AcDbEntity
  8
VISIBLE
100
AcDbLine
 10
146.0000223897497
 20
161.20856151730402
 30
0.0
 11
146.0000179396836
 21
161.20855748399924
 31
0.0
  0
LINE
  5
CFD
330
17
100
AcDbEntity
  8
VISIBLE
100
AcDbLine
 10
146.0000179396836
 20
161.20855748399924
 30
0.0
 11
146.00001390637883
 21
161.20855303393316
 31
0.0
  0
LINE
  5
CFE
330
17
100
AcDbEntity
  8
VISIBLE
100
AcDbLine
 10
146.00001390637883
 20
161.20855303393316
 30
0.0
 11
146.00001032867826
 21
161.20854820996237
 31
0.0
  0
LINE
  5
CFF
330
17
100
AcDbEntity
  8
VISIBLE
100
AcDbLine
 10
146.00001032867826
 20
161.20854820996237
 30
0.0
 11
146.0000072410371
 21
161.20854305854434
 31
0.0
  0
LINE
  5
D00
330
17
100
AcDbEntity
  8
VISIBLE
100
AcDbLine
 10
146.0000072410371
 20
161.20854305854434
 30
0.0
 11
146.00000467319106
 21
161.20853762929005
 31
0.0
  0
LINE
  5
D01
330
17
100
AcDbEntity
  8
VISIBLE
100
AcDbLine
 10
146.00000467319106
 20
161.20853762929005
 30
0.0
 11
146.00000264986988
 21
161.20853197448616
 31
0.0
  0
LINE
  5
D02
330
17
100
AcDbEntity
  8
VISIBLE
100
AcDbLine
 10
146.00000264986988
 20
161.20853197448616
 30
0.0
 11
146.00000119055926
 21
161.20852614859155
 31
0.0
  0
LINE
  5
D03
330
17
100
AcDbEntity
  8
VISIBLE
100
AcDbLine
 10
146.00000119055926
 20
161.20852614859155
 30
0.0
 11
146.00000030931312
 21
161.20852020771275
 31
0.0
  0
LINE
  5
D04
330
17
100
AcDbEntity
  8
VISIBLE
100
AcDbLine
 10
146.00000030931312
 20
161.20852020771275
 30
0.0
 11
146.0000000146184
 21
161.20851420906368
 31
0.0
  0
LINE
  5
D05
330
17
100
AcDbEntity
  8
VISIBLE
100
AcDbLine
 10
146.0000000146184
 20
161.20851420906368
 30
0.0
 11
146.0000000146184
 21
149.20863660906522
 31
0.0
  0
LINE
  5
D06
330
17
100
AcDbEntity
  8
VISIBLE
100
AcDbLine
 10
146.0000000146184
 20
149.20863660906522
 30
0.0
 11
146.00000030931312
 21
149.20863061041615
 31
0.0
  0
LINE
  5
D07
330
17
100
AcDbEntity
  8
VISIBLE
100
AcDbLine
 10
146.00000030931312
 20
149.20863061041615
 30
0.0
 11
146.00000119055926
 21
149.20862466953736
 31
0.0
  0
LINE
  5
D08
330
17
100
AcDbEntity
  8
VISIBLE
100
AcDbLine
 10
146.00000119055926
 20
149.20862466953736
 30
0.0
 11
146.00000264986988
 21
149.20861884364274
 31
0.0
  0
LINE
  5
D09
330
17
100
AcDbEntity
  8
VISIBLE
100
AcDbLine
 10
146.00000264986988
 20
149.20861884364274
 30
0.0
 11
146.00000467319106
 21
149.20861318883885
 31
0.0
  0
LINE
  5
D0A
330
17
100
AcDbEntity
  8
VISIBLE
100
AcDbLine
 10
146.00000467319106
 20
149.20861318883885
 30
0.0
 11
146.0000072410371
 21
149.20860775958457
 31
0.0
  0
LINE
  5
D0B
330
17
100
AcDbEntity
  8
VISIBLE
100
AcDbLine
 10
146.0000072410371
 20
149.20860775958457
 30
0.0
 11
146.00001032867826
 21
149.20860260816653
 31
0.0
  0
LINE
  5
D0C
330
17
100
AcDbEntity
  8
VISIBLE
100
AcDbLine
 10
146.00001032867826
 20
149.20860260816653
 30
0.0
 11
146.00001390637883
 21
149.20859778419575
 31
0.0
  0
LINE
  5
D0D
330
17
100
AcDbEntity
  8
VISIBLE
100
AcDbLine
 10
146.00001390637883
 20
149.20859778419575
 30
0.0
 11
146.0000179396836
 21
149.20859333412966
 31
0.0
  0
LINE
  5
D0E
330
17
100
AcDbEntity
  8
VISIBLE
100
AcDbLine
 10
146.0000179396836
 20
149.20859333412966
 30
0.0
 11
146.0000223897497
 21
149.20858930082488
 31
0.0
  0
LINE
  5
D0F
330
17
100
AcDbEntity
  8
VISIBLE
100
AcDbLine
 10
146.0000223897497
 20
149.20858930082488
 30
0.0
 11
146.00002721372047
 21
149.20858572312432
 31
0.0
  0
LINE
  5
D10
330
17
100
AcDbEntity
  8
VISIBLE
100
AcDbLine
 10
146.00002721372047
 20
149.20858572312432
 30
0.0
 11
146.0000323651385
 21
149.20858263548317
 31
0.0
  0
LINE
  5
D11
330
17
100
AcDbEntity
  8
VISIBLE
100
AcDbLine
 10
146.0000323651385
 20
149.20858263548317
 30
0.0
 11
146.0000377943928
 21
149.20858006763712
 31
0.0
  0
LINE
  5
D12
330
17
100
AcDbEntity
  8
VISIBLE
100
AcDbLine
 10
146.0000377943928
 20
149.20858006763712
 30
0.0
 11
146.00004344919668
 21
149.20857804431594
 31
0.0
  0
LINE
  5
D13
330
17
100
AcDbEntity
  8
VISIBLE
100
AcDbLine
 10
146.00004344919668
 20
149.20857804431594
 30
0.0
 11
146.0000492750913
 21
149.20857658500532
 31
0.0
  0
LINE
  5
D14
330
17
100
AcDbEntity
  8
VISIBLE
100
AcDbLine
 10
146.0000492750913
 20
149.20857658500532
 30
0.0
 11
146.0000552159701
 21
149.20857570375918
 31
0.0
  0
LINE
  5
D15
330
17
100
AcDbEntity
  8
VISIBLE
100
AcDbLine
 10
146.0000552159701
 20
149.20857570375918
 30
0.0
 11
146.00006121461917
 21
149.20857540906445
 31
0.0
  0
LINE
  5
D16
330
17
100
AcDbEntity
  8
VISIBLE
100
AcDbLine
 10
146.00006121461917
 20
149.20857540906445
 30
0.0
 11
160.99993881461762
 21
149.20857540906445
 31
0.0
  0
LINE
  5
D17
330
17
100
AcDbEntity
  8
VISIBLE
100
AcDbLine
 10
160.99993881461762
 20
149.20857540906445
 30
0.0
 11
160.9999448132667
 21
149.20857570375918
 31
0.0
  0
LINE
  5
D18
330
17
100
AcDbEntity
  8
VISIBLE
100
AcDbLine
 10
160.9999448132667
 20
149.20857570375918
 30
0.0
 11
160.9999507541455
 21
149.20857658500532
 31
0.0
  0
LINE
  5
D19
330
17
100
AcDbEntity
  8
VISIBLE
100
AcDbLine
 10
160.9999507541455
 20
149.20857658500532
 30
0.0
 11
160.9999565800401
 21
149.20857804431594
 31
0.0
  0
LINE
  5
D1A
330
17
100
AcDbEntity
  8
VISIBLE
100
AcDbLine
 10
160.9999565800401
 20
149.20857804431594
 30
0.0
 11
160.999962234844
 21
149.20858006763712
 31
0.0
  0
LINE
  5
D1B
330
17
100
AcDbEntity
  8
VISIBLE
100
AcDbLine
 10
160.999962234844
 20
149.20858006763712
 30
0.0
 11
160.99996766409828
 21
149.20858263548317
 31
0.0
  0
LINE
  5
D1C
330
17
100
AcDbEntity
  8
VISIBLE
100
AcDbLine
 10
160.99996766409828
 20
149.20858263548317
 30
0.0
 11
160.99997281551632
 21
149.20858572312432
 31
0.0
  0
LINE
  5
D1D
330
17
100
AcDbEntity
  8
VISIBLE
100
AcDbLine
 10
160.99997281551632
 20
149.20858572312432
 30
0.0
 11
160.9999776394871
 21
149.20858930082488
 31
0.0
  0
LINE
  5
D1E
330
17
100
AcDbEntity
  8
VISIBLE
100
AcDbLine
 10
160.9999776394871
 20
149.20858930082488
 30
0.0
 11
160.99998208955319
 21
149.20859333412966
 31
0.0
  0
LINE
  5
D1F
330
17
100
AcDbEntity
  8
VISIBLE
100
AcDbLine
 10
160.99998208955319
 20
149.20859333412966
 30
0.0
 11
160.99998612285796
 21
149.20859778419575
 31
0.0
  0
LINE
  5
D20
330
17
100
AcDbEntity
  8
VISIBLE
100
AcDbLine
 10
160.99998612285796
 20
149.20859778419575
 30
0.0
 11
160.99998970055853
 21
149.20860260816653
 31
0.0
  0
LINE
  5
D21
330
17
100
AcDbEntity
  8
VISIBLE
100
AcDbLine
 10
160.99998970055853
 20
149.20860260816653
 30
0.0
 11
160.99999278819968
 21
149.20860775958457
 31
0.0
  0
LINE
  5
D22
330
17
100
AcDbEntity
  8
VISIBLE
100
AcDbLine
 10
160.99999278819968
 20
149.20860775958457
 30
0.0
 11
160.99999535604573
 21
149.20861318883885
 31
0.0
  0
LINE
  5
D23
330
17
100
AcDbEntity
  8
VISIBLE
100
AcDbLine
 10
160.99999535604573
 20
149.20861318883885
 30
0.0
 11
160.9999973793669
 21
149.20861884364274
 31
0.0
  0
LINE
  5
D24
330
17
100
AcDbEntity
  8
VISIBLE
100
AcDbLine
 10
160.9999973793669
 20
149.20861884364274
 30
0.0
 11
160.99999883867753
 21
149.20862466953736
 31
0.0
  0
LINE
  5
D25
330
17
100
AcDbEntity
  8
VISIBLE
100
AcDbLine
 10
160.99999883867753
 20
149.20862466953736
 30
0.0
 11
160.99999971992366
 21
149.20863061041615
 31
0.0
  0
LINE
  5
D26
330
17
100
AcDbEntity
  8
VISIBLE
100
AcDbLine
 10
160.99999971992366
 20
149.20863061041615
 30
0.0
 11
161.0000000146184
 21
149.20863660906522
 31
0.0
  0
LINE
  5
D27
330
17
100
AcDbEntity
  8
VISIBLE
100
AcDbLine
 10
161.0000000146184
 20
149.20863660906522
 30
0.0
 11
161.0000000146184
 21
161.20851420906368
 31
0.0
  0
LINE
  5
D28
330
17
100
AcDbEntity
  8
VISIBLE
100
AcDbLine
 10
161.0000000146184
 20
161.20851420906368
 30
0.0
 11
160.99999971992366
 21
161.20852020771275
 31
0.0
  0
LINE
  5
D29
330
17
100
AcDbEntity
  8
VISIBLE
100
AcDbLine
 10
160.99999971992366
 20
161.20852020771275
 30
0.0
 11
160.99999883867753
 21
161.20852614859155
 31
0.0
  0
LINE
  5
D2A
330
17
100
AcDbEntity
  8
VISIBLE
100
AcDbLine
 10
160.99999883867753
 20
161.20852614859155
 30
0.0
 11
160.9999973793669
 21
161.20853197448616
 31
0.0
  0
LINE
  5
D2B
330
17
100
AcDbEntity
  8
VISIBLE
100
AcDbLine
 10
160.9999973793669
 20
161.20853197448616
 30
0.0
 11
160.99999535604573
 21
161.20853762929005
 31
0.0
  0
LINE
  5
D2C
330
17
100
AcDbEntity
  8
VISIBLE
100
AcDbLine
 10
160.99999535604573
 20
161.20853762929005
 30
0.0
 11
160.99999278819968
 21
161.20854305854434
 31
0.0
  0
LINE
  5
D2D
330
17
100
AcDbEntity
  8
VISIBLE
100
AcDbLine
 10
160.99999278819968
 20
161.20854305854434
 30
0.0
 11
160.99998970055853
 21
161.20854820996237
 31
0.0
  0
LINE
  5
D2E
330
17
100
AcDbEntity
  8
VISIBLE
100
AcDbLine
 10
160.99998970055853
 20
161.20854820996237
 30
0.0
 11
160.99998612285796
 21
161.20855303393316
 31
0.0
  0
LINE
  5
D2F
330
17
100
AcDbEntity
  8
VISIBLE
100
AcDbLine
 10
160.99998612285796
 20
161.20855303393316
 30
0.0
 11
160.99998208955319
 21
161.20855748399924
 31
0.0
  0
LINE
  5
D30
330
17
100
AcDbEntity
  8
VISIBLE
100
AcDbLine
 10
160.99998208955319
 20
161.20855748399924
 30
0.0
 11
160.9999776394871
 21
161.20856151730402
 31
0.0
  0
LINE
  5
D31
330
17
100
AcDbEntity
  8
VISIBLE
100
AcDbLine
 10
160.9999776394871
 20
161.20856151730402
 30
0.0
 11
160.99997281551632
 21
161.2085650950046
 31
0.0
  0
LINE
  5
D32
330
17
100
AcDbEntity
  8
VISIBLE
100
AcDbLine
 10
160.99997281551632
 20
161.2085650950046
 30
0.0
 11
160.99996766409828
 21
161.20856818264573
 31
0.0
  0
LINE
  5
D33
330
17
100
AcDbEntity
  8
VISIBLE
100
AcDbLine
 10
160.99996766409828
 20
161.20856818264573
 30
0.0
 11
160.999962234844
 21
161.2085707504918
 31
0.0
  0
LINE
  5
D34
330
17
100
AcDbEntity
  8
VISIBLE
100
AcDbLine
 10
160.999962234844
 20
161.2085707504918
 30
0.0
 11
160.9999565800401
 21
161.20857277381296
 31
0.0
  0
LINE
  5
D35
330
17
100
AcDbEntity
  8
VISIBLE
100
AcDbLine
 10
160.9999565800401
 20
161.20857277381296
 30
0.0
 11
160.9999507541455
 21
161.2085742331236
 31
0.0
  0
LINE
  5
D36
330
17
100
AcDbEntity
  8
VISIBLE
100
AcDbLine
 10
160.9999507541455
 20
161.2085742331236
 30
0.0
 11
160.9999448132667
 21
161.20857511436972
 31
0.0
  0
LINE
  5
D37
330
17
100
AcDbEntity
  8
VISIBLE
100
AcDbLine
 10
160.9999448132667
 20
161.20857511436972
 30
0.0
 11
160.99993881461762
 21
161.20857540906445
 31
0.0
  0
LINE
  5
D38
330
17
100
AcDbEntity
  8
VISIBLE
100
AcDbLine
 10
160.99993881461762
 20
161.20857540906445
 30
0.0
 11
146.00006121461917
 21
161.20857540906445
 31
0.0
  0
LINE
  5
D39
330
17
100
AcDbEntity
  8
OCULTA
100
AcDbLine
 10
160.6650767472539
 20
147.20857540906445
 30
0.0
 11
161.60000039608812
 21
147.20857540906445
 31
0.0
  0
LINE
  5
D3A
330
17
100
AcDbEntity
  8
OCULTA
100
AcDbLine
 10
158.70731927426195
 20
147.20857540906445
 30
0.0
 11
157.6928687241826
 21
147.20857540906445
 31
0.0
  0
LINE
  5
D3B
330
17
100
AcDbEntity
  8
OCULTA
100
AcDbLine
 10
160.6650767472539
 20
147.20857540906445
 30
0.0
 11
159.69947148831224
 21
147.20857540906445
 31
0.0
  0
LINE
  5
D3C
330
17
100
AcDbEntity
  8
OCULTA
100
AcDbLine
 10
158.70731927426195
 20
147.20857540906445
 30
0.0
 11
159.69947148831224
 21
147.20857540906445
 31
0.0
  0
LINE
  5
D3D
330
17
100
AcDbEntity
  8
OCULTA
100
AcDbLine
 10
157.6928687241826
 20
147.20857540906445
 30
0.0
 11
156.66046334774828
 21
147.20857540906445
 31
0.0
  0
LINE
  5
D3E
330
17
100
AcDbEntity
  8
OCULTA
100
AcDbLine
 10
156.66046334774828
 20
147.20857540906445
 30
0.0
 11
155.61452437908983
 21
147.20857540906445
 31
0.0
  0
LINE
  5
D3F
330
17
100
AcDbEntity
  8
OCULTA
100
AcDbLine
 10
155.61452437908983
 20
147.20857540906445
 30
0.0
 11
154.55953074963426
 21
147.20857540906445
 31
0.0
  0
LINE
  5
D40
330
17
100
AcDbEntity
  8
OCULTA
100
AcDbLine
 10
161.0000000146184
 20
149.20857540906445
 30
0.0
 11
161.0000000146184
 21
149.20857540906445
 31
0.0
  0
LINE
  5
D41
330
17
100
AcDbEntity
  8
OCULTA
100
AcDbLine
 10
160.6650767472539
 20
149.20857540906445
 30
0.0
 11
161.0000000146184
 21
149.20857540906445
 31
0.0
  0
LINE
  5
D42
330
17
100
AcDbEntity
  8
OCULTA
100
AcDbLine
 10
158.70731927426195
 20
149.20857540906445
 30
0.0
 11
157.6928687241826
 21
149.20857540906445
 31
0.0
  0
LINE
  5
D43
330
17
100
AcDbEntity
  8
OCULTA
100
AcDbLine
 10
160.6650767472539
 20
149.20857540906445
 30
0.0
 11
159.69947148831224
 21
149.20857540906445
 31
0.0
  0
LINE
  5
D44
330
17
100
AcDbEntity
  8
OCULTA
100
AcDbLine
 10
158.70731927426195
 20
149.20857540906445
 30
0.0
 11
159.69947148831224
 21
149.20857540906445
 31
0.0
  0
LINE
  5
D45
330
17
100
AcDbEntity
  8
OCULTA
100
AcDbLine
 10
157.6928687241826
 20
149.20857540906445
 30
0.0
 11
156.66046334774828
 21
149.20857540906445
 31
0.0
  0
LINE
  5
D46
330
17
100
AcDbEntity
  8
OCULTA
100
AcDbLine
 10
156.66046334774828
 20
149.20857540906445
 30
0.0
 11
155.61452437908983
 21
149.20857540906445
 31
0.0
  0
LINE
  5
D47
330
17
100
AcDbEntity
  8
OCULTA
100
AcDbLine
 10
155.61452437908983
 20
149.20857540906445
 30
0.0
 11
154.55953074963426
 21
149.20857540906445
 31
0.0
  0
LINE
  5
D48
330
17
100
AcDbEntity
  8
OCULTA
100
AcDbLine
 10
167.5296116021428
 20
147.20857540906445
 30
0.0
 11
168.02933885128832
 21
147.20857540906445
 31
0.0
  0
LINE
  5
D49
330
17
100
AcDbEntity
  8
OCULTA
100
AcDbLine
 10
168.02933885128832
 20
147.20857540906445
 30
0.0
 11
168.46684838803148
 21
147.20857540906445
 31
0.0
  0
LINE
  5
D4A
330
17
100
AcDbEntity
  8
OCULTA
100
AcDbLine
 10
168.8402681496892
 20
147.20857540906445
 30
0.0
 11
168.46684838803148
 21
147.20857540906445
 31
0.0
  0
LINE
  5
D4B
330
17
100
AcDbEntity
  8
OCULTA
100
AcDbLine
 10
168.8402681496892
 20
147.20857540906445
 30
0.0
 11
169.14799882443285
 21
147.20857540906445
 31
0.0
  0
LINE
  5
D4C
330
17
100
AcDbEntity
  8
OCULTA
100
AcDbLine
 10
169.14799882443285
 20
147.20857540906445
 30
0.0
 11
169.38872148068285
 21
147.20857540906445
 31
0.0
  0
LINE
  5
D4D
330
17
100
AcDbEntity
  8
OCULTA
100
AcDbLine
 10
169.38872148068285
 20
147.20857540906445
 30
0.0
 11
169.5614071038518
 21
147.20857540906445
 31
0.0
  0
LINE
  5
D4E
330
17
100
AcDbEntity
  8
OCULTA
100
AcDbLine
 10
169.5614071038518
 20
147.20857540906445
 30
0.0
 11
169.66531373532152
 21
147.20857540906445
 31
0.0
  0
LINE
  5
D4F
330
17
100
AcDbEntity
  8
OCULTA
100
AcDbLine
 10
169.66531373532152
 20
147.20857540906445
 30
0.0
 11
169.70000077755785
 21
147.20857540906445
 31
0.0
  0
LINE
  5
D50
330
17
100
AcDbEntity
  8
OCULTA
100
AcDbLine
 10
174.38483239682054
 20
149.20857540906445
 30
0.0
 11
167.8503189233098
 21
149.20857540906445
 31
0.0
  0
LINE
  5
D51
330
17
100
AcDbEntity
  8
OCULTA
100
AcDbLine
 10
168.02933885128832
 20
149.20857540906445
 30
0.0
 11
167.8503189233098
 21
149.20857540906445
 31
0.0
  0
LINE
  5
D52
330
17
100
AcDbEntity
  8
OCULTA
100
AcDbLine
 10
168.02933885128832
 20
149.20857540906445
 30
0.0
 11
168.46684838803148
 21
149.20857540906445
 31
0.0
  0
LINE
  5
D53
330
17
100
AcDbEntity
  8
OCULTA
100
AcDbLine
 10
168.8402681496892
 20
149.20857540906445
 30
0.0
 11
168.46684838803148
 21
149.20857540906445
 31
0.0
  0
LINE
  5
D54
330
17
100
AcDbEntity
  8
OCULTA
100
AcDbLine
 10
168.8402681496892
 20
149.20857540906445
 30
0.0
 11
169.14799882443285
 21
149.20857540906445
 31
0.0
  0
LINE
  5
D55
330
17
100
AcDbEntity
  8
OCULTA
100
AcDbLine
 10
169.14799882443285
 20
149.20857540906445
 30
0.0
 11
169.38872148068285
 21
149.20857540906445
 31
0.0
  0
LINE
  5
D56
330
17
100
AcDbEntity
  8
OCULTA
100
AcDbLine
 10
169.38872148068285
 20
149.20857540906445
 30
0.0
 11
169.5614071038518
 21
149.20857540906445
 31
0.0
  0
LINE
  5
D57
330
17
100
AcDbEntity
  8
OCULTA
100
AcDbLine
 10
169.5614071038518
 20
149.20857540906445
 30
0.0
 11
169.66531373532152
 21
149.20857540906445
 31
0.0
  0
LINE
  5
D58
330
17
100
AcDbEntity
  8
OCULTA
100
AcDbLine
 10
169.66531373532152
 20
149.20857540906445
 30
0.0
 11
169.70000077755785
 21
149.20857540906445
 31
0.0
  0
LINE
  5
D59
330
17
100
AcDbEntity
  8
OCULTA
100
AcDbLine
 10
164.1814022210393
 20
147.20857540906445
 30
0.0
 11
164.95512963803148
 21
147.20857540906445
 31
0.0
  0
LINE
  5
D5A
330
17
100
AcDbEntity
  8
OCULTA
100
AcDbLine
 10
165.6798048165593
 20
147.20857540906445
 30
0.0
 11
164.95512963803148
 21
147.20857540906445
 31
0.0
  0
LINE
  5
D5B
330
17
100
AcDbEntity
  8
OCULTA
100
AcDbLine
 10
164.1814022210393
 20
147.20857540906445
 30
0.0
 11
163.36193563015794
 21
147.20857540906445
 31
0.0
  0
LINE
  5
D5C
330
17
100
AcDbEntity
  8
OCULTA
100
AcDbLine
 10
161.60000039608812
 20
147.20857540906445
 30
0.0
 11
162.50023747952318
 21
147.20857540906445
 31
0.0
  0
LINE
  5
D5D
330
17
100
AcDbEntity
  8
OCULTA
100
AcDbLine
 10
163.36193563015794
 20
147.20857540906445
 30
0.0
 11
162.50023747952318
 21
147.20857540906445
 31
0.0
  0
LINE
  5
D5E
330
17
100
AcDbEntity
  8
OCULTA
100
AcDbLine
 10
165.6798048165593
 20
147.20857540906445
 30
0.0
 11
166.3523245003972
 21
147.20857540906445
 31
0.0
  0
LINE
  5
D5F
330
17
100
AcDbEntity
  8
OCULTA
100
AcDbLine
 10
167.5296116021428
 20
147.20857540906445
 30
0.0
 11
166.9698076394353
 21
147.20857540906445
 31
0.0
  0
LINE
  5
D60
330
17
100
AcDbEntity
  8
OCULTA
100
AcDbLine
 10
166.3523245003972
 20
147.20857540906445
 30
0.0
 11
166.9698076394353
 21
147.20857540906445
 31
0.0
  0
LINE
  5
D61
330
17
100
AcDbEntity
  8
OCULTA
100
AcDbLine
 10
161.99194242031908
 20
159.20857540906445
 30
0.0
 11
161.0000000146184
 21
159.20857540906445
 31
0.0
  0
LINE
  5
D62
330
17
100
AcDbEntity
  8
OCULTA
100
AcDbLine
 10
161.0000000146184
 20
161.20857540906445
 30
0.0
 11
161.0000000146184
 21
161.20857540906445
 31
0.0
  0
LINE
  5
D63
330
17
100
AcDbEntity
  8
OCULTA
100
AcDbLine
 10
161.0000000146184
 20
159.20857540906445
 30
0.0
 11
161.0000000146184
 21
161.20857540906445
 31
0.0
  0
LINE
  5
D64
330
17
100
AcDbEntity
  8
OCULTA
100
AcDbLine
 10
161.0000000146184
 20
161.20857540906445
 30
0.0
 11
160.84752179653978
 21
161.20857540906445
 31
0.0
  0
LINE
  5
D65
330
17
100
AcDbEntity
  8
OCULTA
100
AcDbLine
 10
164.16694833309984
 20
159.20857540906445
 30
0.0
 11
165.18821908505296
 21
159.20857540906445
 31
0.0
  0
LINE
  5
D66
330
17
100
AcDbEntity
  8
OCULTA
100
AcDbLine
 10
166.15944005520677
 20
159.20857540906445
 30
0.0
 11
165.18821908505296
 21
159.20857540906445
 31
0.0
  0
LINE
  5
D67
330
17
100
AcDbEntity
  8
OCULTA
100
AcDbLine
 10
161.99194242031908
 20
159.20857540906445
 30
0.0
 11
163.10000039608812
 21
159.20857540906445
 31
0.0
  0
LINE
  5
D68
330
17
100
AcDbEntity
  8
OCULTA
100
AcDbLine
 10
164.16694833309984
 20
159.20857540906445
 30
0.0
 11
163.10000039608812
 21
159.20857540906445
 31
0.0
  0
LINE
  5
D69
330
17
100
AcDbEntity
  8
OCULTA
100
AcDbLine
 10
161.0000000146184
 20
149.20857540906445
 30
0.0
 11
161.0000000146184
 21
159.20857540906445
 31
0.0
  0
LINE
  5
D6A
330
17
100
AcDbEntity
  8
OCULTA
100
AcDbLine
 10
161.0000000146184
 20
159.20857540906445
 30
0.0
 11
161.0000000146184
 21
159.20857540906445
 31
0.0
  0
LINE
  5
D6B
330
17
100
AcDbEntity
  8
OCULTA
100
AcDbLine
 10
161.60000039608812
 20
159.20857540906445
 30
0.0
 11
161.0000000146184
 21
159.20857540906445
 31
0.0
  0
LINE
  5
D6C
330
17
100
AcDbEntity
  8
OCULTA
100
AcDbLine
 10
160.84752179653978
 20
161.20857540906445
 30
0.0
 11
159.6716375497136
 21
161.20857540906445
 31
0.0
  0
LINE
  5
D6D
330
17
100
AcDbEntity
  8
OCULTA
100
AcDbLine
 10
157.2457342294011
 20
161.20857540906445
 30
0.0
 11
158.46932555706834
 21
161.20857540906445
 31
0.0
  0
LINE
  5
D6E
330
17
100
AcDbEntity
  8
OCULTA
100
AcDbLine
 10
159.6716375497136
 20
161.20857540906445
 30
0.0
 11
158.46932555706834
 21
161.20857540906445
 31
0.0
  0
LINE
  5
D6F
330
17
100
AcDbEntity
  8
OCULTA
100
AcDbLine
 10
157.2457342294011
 20
161.20857540906445
 30
0.0
 11
156.00610281498766
 21
161.20857540906445
 31
0.0
  0
LINE
  5
D70
330
17
100
AcDbEntity
  8
OCULTA
100
AcDbLine
 10
156.00610281498766
 20
161.20857540906445
 30
0.0
 11
154.75574006111955
 21
161.20857540906445
 31
0.0
  0
LINE
  5
D71
330
17
100
AcDbEntity
  8
OCULTA
100
AcDbLine
 10
161.99194242031908
 20
178.20857540906445
 30
0.0
 11
160.84752179653978
 21
178.20857540906445
 31
0.0
  0
LINE
  5
D72
330
17
100
AcDbEntity
  8
OCULTA
100
AcDbLine
 10
164.16694833309984
 20
178.20857540906445
 30
0.0
 11
165.18821908505296
 21
178.20857540906445
 31
0.0
  0
LINE
  5
D73
330
17
100
AcDbEntity
  8
OCULTA
100
AcDbLine
 10
166.15944005520677
 20
178.20857540906445
 30
0.0
 11
165.18821908505296
 21
178.20857540906445
 31
0.0
  0
LINE
  5
D74
330
17
100
AcDbEntity
  8
OCULTA
100
AcDbLine
 10
161.99194242031908
 20
178.20857540906445
 30
0.0
 11
163.10000039608812
 21
178.20857540906445
 31
0.0
  0
LINE
  5
D75
330
17
100
AcDbEntity
  8
OCULTA
100
AcDbLine
 10
164.16694833309984
 20
178.20857540906445
 30
0.0
 11
163.10000039608812
 21
178.20857540906445
 31
0.0
  0
LINE
  5
D76
330
17
100
AcDbEntity
  8
OCULTA
100
AcDbLine
 10
160.84752179653978
 20
178.20857540906445
 30
0.0
 11
159.6716375497136
 21
178.20857540906445
 31
0.0
  0
LINE
  5
D77
330
17
100
AcDbEntity
  8
OCULTA
100
AcDbLine
 10
157.2457342294011
 20
178.20857540906445
 30
0.0
 11
158.46932555706834
 21
178.20857540906445
 31
0.0
  0
LINE
  5
D78
330
17
100
AcDbEntity
  8
OCULTA
100
AcDbLine
 10
159.6716375497136
 20
178.20857540906445
 30
0.0
 11
158.46932555706834
 21
178.20857540906445
 31
0.0
  0
LINE
  5
D79
330
17
100
AcDbEntity
  8
OCULTA
100
AcDbLine
 10
157.2457342294011
 20
178.20857540906445
 30
0.0
 11
156.00610281498766
 21
178.20857540906445
 31
0.0
  0
LINE
  5
D7A
330
17
100
AcDbEntity
  8
OCULTA
100
AcDbLine
 10
156.00610281498766
 20
178.20857540906445
 30
0.0
 11
154.75574006111955
 21
178.20857540906445
 31
0.0
  0
LINE
  5
D7B
330
17
100
AcDbEntity
  8
OCULTA
100
AcDbLine
 10
167.93532468350267
 20
159.20857540906445
 30
0.0
 11
168.73238374264574
 21
159.20857540906445
 31
0.0
  0
LINE
  5
D7C
330
17
100
AcDbEntity
  8
OCULTA
100
AcDbLine
 10
169.4642162469182
 20
159.20857540906445
 30
0.0
 11
168.73238374264574
 21
159.20857540906445
 31
0.0
  0
LINE
  5
D7D
330
17
100
AcDbEntity
  8
OCULTA
100
AcDbLine
 10
170.71995736630296
 20
159.20857540906445
 30
0.0
 11
171.16940118344164
 21
159.20857540906445
 31
0.0
  0
LINE
  5
D7E
330
17
100
AcDbEntity
  8
OCULTA
100
AcDbLine
 10
174.38483239682054
 20
161.20857540906445
 30
0.0
 11
171.16940118344164
 21
161.20857540906445
 31
0.0
  0
LINE
  5
D7F
330
17
100
AcDbEntity
  8
OCULTA
100
AcDbLine
 10
171.16940118344164
 20
159.20857540906445
 30
0.0
 11
171.16940118344164
 21
161.20857540906445
 31
0.0
  0
LINE
  5
D80
330
17
100
AcDbEntity
  8
OCULTA
100
AcDbLine
 10
171.16940118344164
 20
161.20857540906445
 30
0.0
 11
171.23848725827074
 21
161.20857540906445
 31
0.0
  0
LINE
  5
D81
330
17
100
AcDbEntity
  8
OCULTA
100
AcDbLine
 10
169.4642162469182
 20
159.20857540906445
 30
0.0
 11
170.12768746884203
 21
159.20857540906445
 31
0.0
  0
LINE
  5
D82
330
17
100
AcDbEntity
  8
OCULTA
100
AcDbLine
 10
170.71995736630296
 20
159.20857540906445
 30
0.0
 11
170.12768746884203
 21
159.20857540906445
 31
0.0
  0
LINE
  5
D83
330
17
100
AcDbEntity
  8
OCULTA
100
AcDbLine
 10
167.8503189233098
 20
149.20857540906445
 30
0.0
 11
167.8503189233098
 21
159.20857540906445
 31
0.0
  0
LINE
  5
D84
330
17
100
AcDbEntity
  8
OCULTA
100
AcDbLine
 10
171.16940118344164
 20
159.20857540906445
 30
0.0
 11
167.8503189233098
 21
159.20857540906445
 31
0.0
  0
LINE
  5
D85
330
17
100
AcDbEntity
  8
OCULTA
100
AcDbLine
 10
167.5296116021428
 20
159.20857540906445
 30
0.0
 11
167.8503189233098
 21
159.20857540906445
 31
0.0
  0
LINE
  5
D86
330
17
100
AcDbEntity
  8
OCULTA
100
AcDbLine
 10
171.23848725827074
 20
161.20857540906445
 30
0.0
 11
171.6810588982854
 21
161.20857540906445
 31
0.0
  0
LINE
  5
D87
330
17
100
AcDbEntity
  8
OCULTA
100
AcDbLine
 10
171.6810588982854
 20
161.20857540906445
 30
0.0
 11
172.0457763818059
 21
161.20857540906445
 31
0.0
  0
LINE
  5
D88
330
17
100
AcDbEntity
  8
OCULTA
100
AcDbLine
 10
172.331077590302
 20
161.20857540906445
 30
0.0
 11
172.0457763818059
 21
161.20857540906445
 31
0.0
  0
LINE
  5
D89
330
17
100
AcDbEntity
  8
OCULTA
100
AcDbLine
 10
172.331077590302
 20
161.20857540906445
 30
0.0
 11
172.53574182064867
 21
161.20857540906445
 31
0.0
  0
LINE
  5
D8A
330
17
100
AcDbEntity
  8
OCULTA
100
AcDbLine
 10
172.53574182064867
 20
161.20857540906445
 30
0.0
 11
172.65889169247484
 21
161.20857540906445
 31
0.0
  0
LINE
  5
D8B
330
17
100
AcDbEntity
  8
OCULTA
100
AcDbLine
 10
172.65889169247484
 20
161.20857540906445
 30
0.0
 11
172.70000077755785
 21
161.20857540906445
 31
0.0
  0
LINE
  5
D8C
330
17
100
AcDbEntity
  8
OCULTA
100
AcDbLine
 10
167.93532468350267
 20
178.20857540906445
 30
0.0
 11
168.73238374264574
 21
178.20857540906445
 31
0.0
  0
LINE
  5
D8D
330
17
100
AcDbEntity
  8
OCULTA
100
AcDbLine
 10
169.4642162469182
 20
178.20857540906445
 30
0.0
 11
168.73238374264574
 21
178.20857540906445
 31
0.0
  0
LINE
  5
D8E
330
17
100
AcDbEntity
  8
OCULTA
100
AcDbLine
 10
170.71995736630296
 20
178.20857540906445
 30
0.0
 11
171.23848725827074
 21
178.20857540906445
 31
0.0
  0
LINE
  5
D8F
330
17
100
AcDbEntity
  8
OCULTA
100
AcDbLine
 10
169.4642162469182
 20
178.20857540906445
 30
0.0
 11
170.12768746884203
 21
178.20857540906445
 31
0.0
  0
LINE
  5
D90
330
17
100
AcDbEntity
  8
OCULTA
100
AcDbLine
 10
170.71995736630296
 20
178.20857540906445
 30
0.0
 11
170.12768746884203
 21
178.20857540906445
 31
0.0
  0
LINE
  5
D91
330
17
100
AcDbEntity
  8
OCULTA
100
AcDbLine
 10
171.23848725827074
 20
178.20857540906445
 30
0.0
 11
171.6810588982854
 21
178.20857540906445
 31
0.0
  0
LINE
  5
D92
330
17
100
AcDbEntity
  8
OCULTA
100
AcDbLine
 10
171.6810588982854
 20
178.20857540906445
 30
0.0
 11
172.0457763818059
 21
178.20857540906445
 31
0.0
  0
LINE
  5
D93
330
17
100
AcDbEntity
  8
OCULTA
100
AcDbLine
 10
172.331077590302
 20
178.20857540906445
 30
0.0
 11
172.0457763818059
 21
178.20857540906445
 31
0.0
  0
LINE
  5
D94
330
17
100
AcDbEntity
  8
OCULTA
100
AcDbLine
 10
172.331077590302
 20
178.20857540906445
 30
0.0
 11
172.53574182064867
 21
178.20857540906445
 31
0.0
  0
LINE
  5
D95
330
17
100
AcDbEntity
  8
OCULTA
100
AcDbLine
 10
172.53574182064867
 20
178.20857540906445
 30
0.0
 11
172.65889169247484
 21
178.20857540906445
 31
0.0
  0
LINE
  5
D96
330
17
100
AcDbEntity
  8
OCULTA
100
AcDbLine
 10
172.65889169247484
 20
178.20857540906445
 30
0.0
 11
172.70000077755785
 21
178.20857540906445
 31
0.0
  0
LINE
  5
D97
330
17
100
AcDbEntity
  8
OCULTA
100
AcDbLine
 10
166.15944005520677
 20
159.20857540906445
 30
0.0
 11
167.07645036251878
 21
159.20857540906445
 31
0.0
  0
LINE
  5
D98
330
17
100
AcDbEntity
  8
OCULTA
100
AcDbLine
 10
167.93532468350267
 20
159.20857540906445
 30
0.0
 11
167.07645036251878
 21
159.20857540906445
 31
0.0
  0
LINE
  5
D99
330
17
100
AcDbEntity
  8
OCULTA
100
AcDbLine
 10
164.1814022210393
 20
159.20857540906445
 30
0.0
 11
164.95512963803148
 21
159.20857540906445
 31
0.0
  0
LINE
  5
D9A
330
17
100
AcDbEntity
  8
OCULTA
100
AcDbLine
 10
165.6798048165593
 20
159.20857540906445
 30
0.0
 11
164.95512963803148
 21
159.20857540906445
 31
0.0
  0
LINE
  5
D9B
330
17
100
AcDbEntity
  8
OCULTA
100
AcDbLine
 10
164.1814022210393
 20
159.20857540906445
 30
0.0
 11
163.36193563015794
 21
159.20857540906445
 31
0.0
  0
LINE
  5
D9C
330
17
100
AcDbEntity
  8
OCULTA
100
AcDbLine
 10
161.60000039608812
 20
159.20857540906445
 30
0.0
 11
162.50023747952318
 21
159.20857540906445
 31
0.0
  0
LINE
  5
D9D
330
17
100
AcDbEntity
  8
OCULTA
100
AcDbLine
 10
163.36193563015794
 20
159.20857540906445
 30
0.0
 11
162.50023747952318
 21
159.20857540906445
 31
0.0
  0
LINE
  5
D9E
330
17
100
AcDbEntity
  8
OCULTA
100
AcDbLine
 10
165.6798048165593
 20
159.20857540906445
 30
0.0
 11
166.3523245003972
 21
159.20857540906445
 31
0.0
  0
LINE
  5
D9F
330
17
100
AcDbEntity
  8
OCULTA
100
AcDbLine
 10
167.5296116021428
 20
159.20857540906445
 30
0.0
 11
166.9698076394353
 21
159.20857540906445
 31
0.0
  0
LINE
  5
DA0
330
17
100
AcDbEntity
  8
OCULTA
100
AcDbLine
 10
166.3523245003972
 20
159.20857540906445
 30
0.0
 11
166.9698076394353
 21
159.20857540906445
 31
0.0
  0
LINE
  5
DA1
330
17
100
AcDbEntity
  8
OCULTA
100
AcDbLine
 10
166.15944005520677
 20
178.20857540906445
 30
0.0
 11
167.07645036251878
 21
178.20857540906445
 31
0.0
  0
LINE
  5
DA2
330
17
100
AcDbEntity
  8
OCULTA
100
AcDbLine
 10
167.93532468350267
 20
178.20857540906445
 30
0.0
 11
167.07645036251878
 21
178.20857540906445
 31
0.0
  0
LINE
  5
DA3
330
17
100
AcDbEntity
  8
OCULTA
100
AcDbLine
 10
151.0130362656865
 20
138.20857540906445
 30
0.0
 11
151.0130362656865
 21
138.20857540906445
 31
0.0
  0
LINE
  5
DA4
330
17
100
AcDbEntity
  8
OCULTA
100
AcDbLine
 10
151.0130362656865
 20
144.20857540906445
 30
0.0
 11
151.0130362656865
 21
144.20857540906445
 31
0.0
  0
LINE
  5
DA5
330
17
100
AcDbEntity
  8
OCULTA
100
AcDbLine
 10
151.0130362656865
 20
138.20857540906445
 30
0.0
 11
151.0130362656865
 21
144.20857540906445
 31
0.0
  0
LINE
  5
DA6
330
17
100
AcDbEntity
  8
OCULTA
100
AcDbLine
 10
154.55953074963426
 20
147.20857540906445
 30
0.0
 11
153.5000000146184
 21
147.20857540906445
 31
0.0
  0
LINE
  5
DA7
330
17
100
AcDbEntity
  8
OCULTA
100
AcDbLine
 10
153.5000000146184
 20
147.20857540906445
 30
0.0
 11
152.44046927960252
 21
147.20857540906445
 31
0.0
  0
LINE
  5
DA8
330
17
100
AcDbEntity
  8
OCULTA
100
AcDbLine
 10
152.44046927960252
 20
147.20857540906445
 30
0.0
 11
151.38547565014696
 21
147.20857540906445
 31
0.0
  0
LINE
  5
DA9
330
17
100
AcDbEntity
  8
OCULTA
100
AcDbLine
 10
151.38547565014696
 20
147.20857540906445
 30
0.0
 11
150.3395366814885
 21
147.20857540906445
 31
0.0
  0
LINE
  5
DAA
330
17
100
AcDbEntity
  8
OCULTA
100
AcDbLine
 10
150.3395366814885
 20
147.20857540906445
 30
0.0
 11
149.30713130505418
 21
147.20857540906445
 31
0.0
  0
LINE
  5
DAB
330
17
100
AcDbEntity
  8
OCULTA
100
AcDbLine
 10
149.30713130505418
 20
147.20857540906445
 30
0.0
 11
148.29268075497484
 21
147.20857540906445
 31
0.0
  0
LINE
  5
DAC
330
17
100
AcDbEntity
  8
OCULTA
100
AcDbLine
 10
148.29268075497484
 20
147.20857540906445
 30
0.0
 11
147.30052854092455
 21
147.20857540906445
 31
0.0
  0
LINE
  5
DAD
330
17
100
AcDbEntity
  8
OCULTA
100
AcDbLine
 10
145.01303578884935
 20
138.20857540906445
 30
0.0
 11
145.01303578884935
 21
138.20857540906445
 31
0.0
  0
LINE
  5
DAE
330
17
100
AcDbEntity
  8
OCULTA
100
AcDbLine
 10
151.0130362656865
 20
138.20857540906445
 30
0.0
 11
145.01303578884935
 21
138.20857540906445
 31
0.0
  0
LINE
  5
DAF
330
17
100
AcDbEntity
  8
OCULTA
100
AcDbLine
 10
145.01303578884935
 20
144.20857540906445
 30
0.0
 11
145.01303578884935
 21
144.20857540906445
 31
0.0
  0
LINE
  5
DB0
330
17
100
AcDbEntity
  8
OCULTA
100
AcDbLine
 10
151.0130362656865
 20
144.20857540906445
 30
0.0
 11
145.01303578884935
 21
144.20857540906445
 31
0.0
  0
LINE
  5
DB1
330
17
100
AcDbEntity
  8
OCULTA
100
AcDbLine
 10
145.01303578884935
 20
138.20857540906445
 30
0.0
 11
145.01303578884935
 21
144.20857540906445
 31
0.0
  0
LINE
  5
DB2
330
17
100
AcDbEntity
  8
OCULTA
100
AcDbLine
 10
147.30052854092455
 20
147.20857540906445
 30
0.0
 11
146.3349232819829
 21
147.20857540906445
 31
0.0
  0
LINE
  5
DB3
330
17
100
AcDbEntity
  8
OCULTA
100
AcDbLine
 10
146.3349232819829
 20
147.20857540906445
 30
0.0
 11
145.39999963314867
 21
147.20857540906445
 31
0.0
  0
LINE
  5
DB4
330
17
100
AcDbEntity
  8
OCULTA
100
AcDbLine
 10
154.55953074963426
 20
149.20857540906445
 30
0.0
 11
153.5000000146184
 21
149.20857540906445
 31
0.0
  0
LINE
  5
DB5
330
17
100
AcDbEntity
  8
OCULTA
100
AcDbLine
 10
153.5000000146184
 20
149.20857540906445
 30
0.0
 11
152.44046927960252
 21
149.20857540906445
 31
0.0
  0
LINE
  5
DB6
330
17
100
AcDbEntity
  8
OCULTA
100
AcDbLine
 10
152.44046927960252
 20
149.20857540906445
 30
0.0
 11
151.38547565014696
 21
149.20857540906445
 31
0.0
  0
LINE
  5
DB7
330
17
100
AcDbEntity
  8
OCULTA
100
AcDbLine
 10
151.38547565014696
 20
149.20857540906445
 30
0.0
 11
150.3395366814885
 21
149.20857540906445
 31
0.0
  0
LINE
  5
DB8
330
17
100
AcDbEntity
  8
OCULTA
100
AcDbLine
 10
150.3395366814885
 20
149.20857540906445
 30
0.0
 11
149.30713130505418
 21
149.20857540906445
 31
0.0
  0
LINE
  5
DB9
330
17
100
AcDbEntity
  8
OCULTA
100
AcDbLine
 10
149.30713130505418
 20
149.20857540906445
 30
0.0
 11
148.29268075497484
 21
149.20857540906445
 31
0.0
  0
LINE
  5
DBA
330
17
100
AcDbEntity
  8
OCULTA
100
AcDbLine
 10
148.29268075497484
 20
149.20857540906445
 30
0.0
 11
147.30052854092455
 21
149.20857540906445
 31
0.0
  0
LINE
  5
DBB
330
17
100
AcDbEntity
  8
OCULTA
100
AcDbLine
 10
147.30052854092455
 20
149.20857540906445
 30
0.0
 11
146.3349232819829
 21
149.20857540906445
 31
0.0
  0
LINE
  5
DBC
330
17
100
AcDbEntity
  8
OCULTA
100
AcDbLine
 10
146.0000000146184
 20
149.20857540906445
 30
0.0
 11
146.0000000146184
 21
149.20857540906445
 31
0.0
  0
LINE
  5
DBD
330
17
100
AcDbEntity
  8
OCULTA
100
AcDbLine
 10
146.3349232819829
 20
149.20857540906445
 30
0.0
 11
146.0000000146184
 21
149.20857540906445
 31
0.0
  0
LINE
  5
DBE
330
17
100
AcDbEntity
  8
OCULTA
100
AcDbLine
 10
145.39999963314867
 20
147.20857540906445
 30
0.0
 11
144.4997625497136
 21
147.20857540906445
 31
0.0
  0
LINE
  5
DBF
330
17
100
AcDbEntity
  8
OCULTA
100
AcDbLine
 10
144.4997625497136
 20
147.20857540906445
 30
0.0
 11
143.63806439907884
 21
147.20857540906445
 31
0.0
  0
LINE
  5
DC0
330
17
100
AcDbEntity
  8
OCULTA
100
AcDbLine
 10
143.63806439907884
 20
147.20857540906445
 30
0.0
 11
142.8185978081975
 21
147.20857540906445
 31
0.0
  0
LINE
  5
DC1
330
17
100
AcDbEntity
  8
OCULTA
100
AcDbLine
 10
142.8185978081975
 20
147.20857540906445
 30
0.0
 11
142.0448703912053
 21
147.20857540906445
 31
0.0
  0
LINE
  5
DC2
330
17
100
AcDbEntity
  8
OCULTA
100
AcDbLine
 10
142.0448703912053
 20
147.20857540906445
 30
0.0
 11
141.32019521267748
 21
147.20857540906445
 31
0.0
  0
LINE
  5
DC3
330
17
100
AcDbEntity
  8
OCULTA
100
AcDbLine
 10
141.32019521267748
 20
147.20857540906445
 30
0.0
 11
140.64767552883959
 21
147.20857540906445
 31
0.0
  0
LINE
  5
DC4
330
17
100
AcDbEntity
  8
OCULTA
100
AcDbLine
 10
140.64767552883959
 20
147.20857540906445
 30
0.0
 11
140.0301923898015
 21
147.20857540906445
 31
0.0
  0
LINE
  5
DC5
330
17
100
AcDbEntity
  8
OCULTA
100
AcDbLine
 10
140.0301923898015
 20
147.20857540906445
 30
0.0
 11
139.47038842709398
 21
147.20857540906445
 31
0.0
  0
LINE
  5
DC6
330
17
100
AcDbEntity
  8
OCULTA
100
AcDbLine
 10
139.47038842709398
 20
147.20857540906445
 30
0.0
 11
138.97066117794847
 21
147.20857540906445
 31
0.0
  0
LINE
  5
DC7
330
17
100
AcDbEntity
  8
OCULTA
100
AcDbLine
 10
138.97066117794847
 20
147.20857540906445
 30
0.0
 11
138.5331516412053
 21
147.20857540906445
 31
0.0
  0
LINE
  5
DC8
330
17
100
AcDbEntity
  8
OCULTA
100
AcDbLine
 10
138.5331516412053
 20
147.20857540906445
 30
0.0
 11
138.1597318795476
 21
147.20857540906445
 31
0.0
  0
LINE
  5
DC9
330
17
100
AcDbEntity
  8
OCULTA
100
AcDbLine
 10
138.1597318795476
 20
147.20857540906445
 30
0.0
 11
137.85200120480394
 21
147.20857540906445
 31
0.0
  0
LINE
  5
DCA
330
17
100
AcDbEntity
  8
OCULTA
100
AcDbLine
 10
137.85200120480394
 20
147.20857540906445
 30
0.0
 11
137.61127854855394
 21
147.20857540906445
 31
0.0
  0
LINE
  5
DCB
330
17
100
AcDbEntity
  8
OCULTA
100
AcDbLine
 10
137.61127854855394
 20
147.20857540906445
 30
0.0
 11
137.438592925385
 21
147.20857540906445
 31
0.0
  0
LINE
  5
DCC
330
17
100
AcDbEntity
  8
OCULTA
100
AcDbLine
 10
137.438592925385
 20
147.20857540906445
 30
0.0
 11
137.33468629391527
 21
147.20857540906445
 31
0.0
  0
LINE
  5
DCD
330
17
100
AcDbEntity
  8
OCULTA
100
AcDbLine
 10
139.149681105927
 20
149.20857540906445
 30
0.0
 11
138.97066117794847
 21
149.20857540906445
 31
0.0
  0
LINE
  5
DCE
330
17
100
AcDbEntity
  8
OCULTA
100
AcDbLine
 10
139.149681105927
 20
149.20857540906445
 30
0.0
 11
132.61516763241625
 21
149.20857540906445
 31
0.0
  0
LINE
  5
DCF
330
17
100
AcDbEntity
  8
OCULTA
100
AcDbLine
 10
138.97066117794847
 20
149.20857540906445
 30
0.0
 11
138.5331516412053
 21
149.20857540906445
 31
0.0
  0
LINE
  5
DD0
330
17
100
AcDbEntity
  8
OCULTA
100
AcDbLine
 10
138.5331516412053
 20
149.20857540906445
 30
0.0
 11
138.1597318795476
 21
149.20857540906445
 31
0.0
  0
LINE
  5
DD1
330
17
100
AcDbEntity
  8
OCULTA
100
AcDbLine
 10
138.1597318795476
 20
149.20857540906445
 30
0.0
 11
137.85200120480394
 21
149.20857540906445
 31
0.0
  0
LINE
  5
DD2
330
17
100
AcDbEntity
  8
OCULTA
100
AcDbLine
 10
137.85200120480394
 20
149.20857540906445
 30
0.0
 11
137.61127854855394
 21
149.20857540906445
 31
0.0
  0
LINE
  5
DD3
330
17
100
AcDbEntity
  8
OCULTA
100
AcDbLine
 10
137.61127854855394
 20
149.20857540906445
 30
0.0
 11
137.438592925385
 21
149.20857540906445
 31
0.0
  0
LINE
  5
DD4
330
17
100
AcDbEntity
  8
OCULTA
100
AcDbLine
 10
137.438592925385
 20
149.20857540906445
 30
0.0
 11
137.33468629391527
 21
149.20857540906445
 31
0.0
  0
LINE
  5
DD5
330
17
100
AcDbEntity
  8
OCULTA
100
AcDbLine
 10
154.75574006111955
 20
161.20857540906445
 30
0.0
 11
153.5000000146184
 21
161.20857540906445
 31
0.0
  0
LINE
  5
DD6
330
17
100
AcDbEntity
  8
OCULTA
100
AcDbLine
 10
153.5000000146184
 20
161.20857540906445
 30
0.0
 11
152.24425996811723
 21
161.20857540906445
 31
0.0
  0
LINE
  5
DD7
330
17
100
AcDbEntity
  8
OCULTA
100
AcDbLine
 10
152.24425996811723
 20
161.20857540906445
 30
0.0
 11
150.99389721424913
 21
161.20857540906445
 31
0.0
  0
LINE
  5
DD8
330
17
100
AcDbEntity
  8
OCULTA
100
AcDbLine
 10
150.99389721424913
 20
161.20857540906445
 30
0.0
 11
149.75426579983568
 21
161.20857540906445
 31
0.0
  0
LINE
  5
DD9
330
17
100
AcDbEntity
  8
OCULTA
100
AcDbLine
 10
149.75426579983568
 20
161.20857540906445
 30
0.0
 11
148.53067447216844
 21
161.20857540906445
 31
0.0
  0
LINE
  5
DDA
330
17
100
AcDbEntity
  8
OCULTA
100
AcDbLine
 10
148.53067447216844
 20
161.20857540906445
 30
0.0
 11
147.32836247952318
 21
161.20857540906445
 31
0.0
  0
LINE
  5
DDB
330
17
100
AcDbEntity
  8
OCULTA
100
AcDbLine
 10
146.0000000146184
 20
159.20857540906445
 30
0.0
 11
145.0080576089177
 21
159.20857540906445
 31
0.0
  0
LINE
  5
DDC
330
17
100
AcDbEntity
  8
OCULTA
100
AcDbLine
 10
147.32836247952318
 20
161.20857540906445
 30
0.0
 11
146.152478232697
 21
161.20857540906445
 31
0.0
  0
LINE
  5
DDD
330
17
100
AcDbEntity
  8
OCULTA
100
AcDbLine
 10
146.0000000146184
 20
161.20857540906445
 30
0.0
 11
146.0000000146184
 21
161.20857540906445
 31
0.0
  0
LINE
  5
DDE
330
17
100
AcDbEntity
  8
OCULTA
100
AcDbLine
 10
146.0000000146184
 20
159.20857540906445
 30
0.0
 11
146.0000000146184
 21
161.20857540906445
 31
0.0
  0
LINE
  5
DDF
330
17
100
AcDbEntity
  8
OCULTA
100
AcDbLine
 10
146.152478232697
 20
161.20857540906445
 30
0.0
 11
146.0000000146184
 21
161.20857540906445
 31
0.0
  0
LINE
  5
DE0
330
17
100
AcDbEntity
  8
OCULTA
100
AcDbLine
 10
145.0080576089177
 20
159.20857540906445
 30
0.0
 11
143.89999963314867
 21
159.20857540906445
 31
0.0
  0
LINE
  5
DE1
330
17
100
AcDbEntity
  8
OCULTA
100
AcDbLine
 10
146.0000000146184
 20
149.20857540906445
 30
0.0
 11
146.0000000146184
 21
159.20857540906445
 31
0.0
  0
LINE
  5
DE2
330
17
100
AcDbEntity
  8
OCULTA
100
AcDbLine
 10
146.0000000146184
 20
159.20857540906445
 30
0.0
 11
146.0000000146184
 21
159.20857540906445
 31
0.0
  0
LINE
  5
DE3
330
17
100
AcDbEntity
  8
OCULTA
100
AcDbLine
 10
146.0000000146184
 20
159.20857540906445
 30
0.0
 11
145.39999963314867
 21
159.20857540906445
 31
0.0
  0
LINE
  5
DE4
330
17
100
AcDbEntity
  8
OCULTA
100
AcDbLine
 10
143.89999963314867
 20
159.20857540906445
 30
0.0
 11
142.83305169613695
 21
159.20857540906445
 31
0.0
  0
LINE
  5
DE5
330
17
100
AcDbEntity
  8
OCULTA
100
AcDbLine
 10
142.83305169613695
 20
159.20857540906445
 30
0.0
 11
141.81178094418382
 21
159.20857540906445
 31
0.0
  0
LINE
  5
DE6
330
17
100
AcDbEntity
  8
OCULTA
100
AcDbLine
 10
141.81178094418382
 20
159.20857540906445
 30
0.0
 11
140.84055997403001
 21
159.20857540906445
 31
0.0
  0
LINE
  5
DE7
330
17
100
AcDbEntity
  8
OCULTA
100
AcDbLine
 10
154.75574006111955
 20
178.20857540906445
 30
0.0
 11
153.5000000146184
 21
178.20857540906445
 31
0.0
  0
LINE
  5
DE8
330
17
100
AcDbEntity
  8
OCULTA
100
AcDbLine
 10
153.5000000146184
 20
178.20857540906445
 30
0.0
 11
152.24425996811723
 21
178.20857540906445
 31
0.0
  0
LINE
  5
DE9
330
17
100
AcDbEntity
  8
OCULTA
100
AcDbLine
 10
152.24425996811723
 20
178.20857540906445
 30
0.0
 11
150.99389721424913
 21
178.20857540906445
 31
0.0
  0
LINE
  5
DEA
330
17
100
AcDbEntity
  8
OCULTA
100
AcDbLine
 10
150.99389721424913
 20
178.20857540906445
 30
0.0
 11
149.75426579983568
 21
178.20857540906445
 31
0.0
  0
LINE
  5
DEB
330
17
100
AcDbEntity
  8
OCULTA
100
AcDbLine
 10
149.75426579983568
 20
178.20857540906445
 30
0.0
 11
148.53067447216844
 21
178.20857540906445
 31
0.0
  0
LINE
  5
DEC
330
17
100
AcDbEntity
  8
OCULTA
100
AcDbLine
 10
148.53067447216844
 20
178.20857540906445
 30
0.0
 11
147.32836247952318
 21
178.20857540906445
 31
0.0
  0
LINE
  5
DED
330
17
100
AcDbEntity
  8
OCULTA
100
AcDbLine
 10
147.32836247952318
 20
178.20857540906445
 30
0.0
 11
146.152478232697
 21
178.20857540906445
 31
0.0
  0
LINE
  5
DEE
330
17
100
AcDbEntity
  8
OCULTA
100
AcDbLine
 10
146.152478232697
 20
178.20857540906445
 30
0.0
 11
145.0080576089177
 21
178.20857540906445
 31
0.0
  0
LINE
  5
DEF
330
17
100
AcDbEntity
  8
OCULTA
100
AcDbLine
 10
145.0080576089177
 20
178.20857540906445
 30
0.0
 11
143.89999963314867
 21
178.20857540906445
 31
0.0
  0
LINE
  5
DF0
330
17
100
AcDbEntity
  8
OCULTA
100
AcDbLine
 10
143.89999963314867
 20
178.20857540906445
 30
0.0
 11
142.83305169613695
 21
178.20857540906445
 31
0.0
  0
LINE
  5
DF1
330
17
100
AcDbEntity
  8
OCULTA
100
AcDbLine
 10
142.83305169613695
 20
178.20857540906445
 30
0.0
 11
141.81178094418382
 21
178.20857540906445
 31
0.0
  0
LINE
  5
DF2
330
17
100
AcDbEntity
  8
OCULTA
100
AcDbLine
 10
141.81178094418382
 20
178.20857540906445
 30
0.0
 11
140.84055997403001
 21
178.20857540906445
 31
0.0
  0
LINE
  5
DF3
330
17
100
AcDbEntity
  8
OCULTA
100
AcDbLine
 10
145.39999963314867
 20
159.20857540906445
 30
0.0
 11
144.4997625497136
 21
159.20857540906445
 31
0.0
  0
LINE
  5
DF4
330
17
100
AcDbEntity
  8
OCULTA
100
AcDbLine
 10
144.4997625497136
 20
159.20857540906445
 30
0.0
 11
143.63806439907884
 21
159.20857540906445
 31
0.0
  0
LINE
  5
DF5
330
17
100
AcDbEntity
  8
OCULTA
100
AcDbLine
 10
143.63806439907884
 20
159.20857540906445
 30
0.0
 11
142.8185978081975
 21
159.20857540906445
 31
0.0
  0
LINE
  5
DF6
330
17
100
AcDbEntity
  8
OCULTA
100
AcDbLine
 10
140.84055997403001
 20
159.20857540906445
 30
0.0
 11
139.923549666718
 21
159.20857540906445
 31
0.0
  0
LINE
  5
DF7
330
17
100
AcDbEntity
  8
OCULTA
100
AcDbLine
 10
142.8185978081975
 20
159.20857540906445
 30
0.0
 11
142.0448703912053
 21
159.20857540906445
 31
0.0
  0
LINE
  5
DF8
330
17
100
AcDbEntity
  8
OCULTA
100
AcDbLine
 10
142.0448703912053
 20
159.20857540906445
 30
0.0
 11
141.32019521267748
 21
159.20857540906445
 31
0.0
  0
LINE
  5
DF9
330
17
100
AcDbEntity
  8
OCULTA
100
AcDbLine
 10
141.32019521267748
 20
159.20857540906445
 30
0.0
 11
140.64767552883959
 21
159.20857540906445
 31
0.0
  0
LINE
  5
DFA
330
17
100
AcDbEntity
  8
OCULTA
100
AcDbLine
 10
140.64767552883959
 20
159.20857540906445
 30
0.0
 11
140.0301923898015
 21
159.20857540906445
 31
0.0
  0
LINE
  5
DFB
330
17
100
AcDbEntity
  8
OCULTA
100
AcDbLine
 10
140.84055997403001
 20
178.20857540906445
 30
0.0
 11
139.923549666718
 21
178.20857540906445
 31
0.0
  0
LINE
  5
DFC
330
17
100
AcDbEntity
  8
OCULTA
100
AcDbLine
 10
139.923549666718
 20
159.20857540906445
 30
0.0
 11
139.06467534573412
 21
159.20857540906445
 31
0.0
  0
LINE
  5
DFD
330
17
100
AcDbEntity
  8
OCULTA
100
AcDbLine
 10
139.06467534573412
 20
159.20857540906445
 30
0.0
 11
138.26761628659105
 21
159.20857540906445
 31
0.0
  0
LINE
  5
DFE
330
17
100
AcDbEntity
  8
OCULTA
100
AcDbLine
 10
138.26761628659105
 20
159.20857540906445
 30
0.0
 11
137.5357837823186
 21
159.20857540906445
 31
0.0
  0
LINE
  5
DFF
330
17
100
AcDbEntity
  8
OCULTA
100
AcDbLine
 10
137.5357837823186
 20
159.20857540906445
 30
0.0
 11
136.87231256039476
 21
159.20857540906445
 31
0.0
  0
LINE
  5
E00
330
17
100
AcDbEntity
  8
OCULTA
100
AcDbLine
 10
140.0301923898015
 20
159.20857540906445
 30
0.0
 11
139.47038842709398
 21
159.20857540906445
 31
0.0
  0
LINE
  5
E01
330
17
100
AcDbEntity
  8
OCULTA
100
AcDbLine
 10
139.149681105927
 20
149.20857540906445
 30
0.0
 11
139.149681105927
 21
159.20857540906445
 31
0.0
  0
LINE
  5
E02
330
17
100
AcDbEntity
  8
OCULTA
100
AcDbLine
 10
139.47038842709398
 20
159.20857540906445
 30
0.0
 11
139.149681105927
 21
159.20857540906445
 31
0.0
  0
LINE
  5
E03
330
17
100
AcDbEntity
  8
OCULTA
100
AcDbLine
 10
136.87231256039476
 20
159.20857540906445
 30
0.0
 11
136.28004266293382
 21
159.20857540906445
 31
0.0
  0
LINE
  5
E04
330
17
100
AcDbEntity
  8
OCULTA
100
AcDbLine
 10
139.149681105927
 20
159.20857540906445
 30
0.0
 11
135.83059884579515
 21
159.20857540906445
 31
0.0
  0
LINE
  5
E05
330
17
100
AcDbEntity
  8
OCULTA
100
AcDbLine
 10
136.28004266293382
 20
159.20857540906445
 30
0.0
 11
135.83059884579515
 21
159.20857540906445
 31
0.0
  0
LINE
  5
E06
330
17
100
AcDbEntity
  8
OCULTA
100
AcDbLine
 10
135.83059884579515
 20
159.20857540906445
 30
0.0
 11
135.83059884579515
 21
161.20857540906445
 31
0.0
  0
LINE
  5
E07
330
17
100
AcDbEntity
  8
OCULTA
100
AcDbLine
 10
135.83059884579515
 20
161.20857540906445
 30
0.0
 11
135.76151277096605
 21
161.20857540906445
 31
0.0
  0
LINE
  5
E08
330
17
100
AcDbEntity
  8
OCULTA
100
AcDbLine
 10
135.83059884579515
 20
161.20857540906445
 30
0.0
 11
132.61516763241625
 21
161.20857540906445
 31
0.0
  0
LINE
  5
E09
330
17
100
AcDbEntity
  8
OCULTA
100
AcDbLine
 10
135.76151277096605
 20
161.20857540906445
 30
0.0
 11
135.3189411309514
 21
161.20857540906445
 31
0.0
  0
LINE
  5
E0A
330
17
100
AcDbEntity
  8
OCULTA
100
AcDbLine
 10
135.3189411309514
 20
161.20857540906445
 30
0.0
 11
134.9542236474309
 21
161.20857540906445
 31
0.0
  0
LINE
  5
E0B
330
17
100
AcDbEntity
  8
OCULTA
100
AcDbLine
 10
134.9542236474309
 20
161.20857540906445
 30
0.0
 11
134.6689224389348
 21
161.20857540906445
 31
0.0
  0
LINE
  5
E0C
330
17
100
AcDbEntity
  8
OCULTA
100
AcDbLine
 10
134.6689224389348
 20
161.20857540906445
 30
0.0
 11
134.46425820858812
 21
161.20857540906445
 31
0.0
  0
LINE
  5
E0D
330
17
100
AcDbEntity
  8
OCULTA
100
AcDbLine
 10
134.46425820858812
 20
161.20857540906445
 30
0.0
 11
134.34110833676195
 21
161.20857540906445
 31
0.0
  0
LINE
  5
E0E
330
17
100
AcDbEntity
  8
OCULTA
100
AcDbLine
 10
139.923549666718
 20
178.20857540906445
 30
0.0
 11
139.06467534573412
 21
178.20857540906445
 31
0.0
  0
LINE
  5
E0F
330
17
100
AcDbEntity
  8
OCULTA
100
AcDbLine
 10
139.06467534573412
 20
178.20857540906445
 30
0.0
 11
138.26761628659105
 21
178.20857540906445
 31
0.0
  0
LINE
  5
E10
330
17
100
AcDbEntity
  8
OCULTA
100
AcDbLine
 10
138.26761628659105
 20
178.20857540906445
 30
0.0
 11
137.5357837823186
 21
178.20857540906445
 31
0.0
  0
LINE
  5
E11
330
17
100
AcDbEntity
  8
OCULTA
100
AcDbLine
 10
137.5357837823186
 20
178.20857540906445
 30
0.0
 11
136.87231256039476
 21
178.20857540906445
 31
0.0
  0
LINE
  5
E12
330
17
100
AcDbEntity
  8
OCULTA
100
AcDbLine
 10
136.87231256039476
 20
178.20857540906445
 30
0.0
 11
136.28004266293382
 21
178.20857540906445
 31
0.0
  0
LINE
  5
E13
330
17
100
AcDbEntity
  8
OCULTA
100
AcDbLine
 10
136.28004266293382
 20
178.20857540906445
 30
0.0
 11
135.76151277096605
 21
178.20857540906445
 31
0.0
  0
LINE
  5
E14
330
17
100
AcDbEntity
  8
OCULTA
100
AcDbLine
 10
135.76151277096605
 20
178.20857540906445
 30
0.0
 11
135.3189411309514
 21
178.20857540906445
 31
0.0
  0
LINE
  5
E15
330
17
100
AcDbEntity
  8
OCULTA
100
AcDbLine
 10
135.3189411309514
 20
178.20857540906445
 30
0.0
 11
134.9542236474309
 21
178.20857540906445
 31
0.0
  0
LINE
  5
E16
330
17
100
AcDbEntity
  8
OCULTA
100
AcDbLine
 10
134.9542236474309
 20
178.20857540906445
 30
0.0
 11
134.6689224389348
 21
178.20857540906445
 31
0.0
  0
LINE
  5
E17
330
17
100
AcDbEntity
  8
OCULTA
100
AcDbLine
 10
134.6689224389348
 20
178.20857540906445
 30
0.0
 11
134.46425820858812
 21
178.20857540906445
 31
0.0
  0
LINE
  5
E18
330
17
100
AcDbEntity
  8
OCULTA
100
AcDbLine
 10
134.46425820858812
 20
178.20857540906445
 30
0.0
 11
134.34110833676195
 21
178.20857540906445
 31
0.0
  0
LINE
  5
E19
330
17
100
AcDbEntity
  8
OCULTA
100
AcDbLine
 10
180.70000077755785
 20
144.20857540906445
 30
0.0
 11
180.64176179440355
 21
144.20857540906445
 31
0.0
  0
LINE
  5
E1A
330
17
100
AcDbEntity
  8
OCULTA
100
AcDbLine
 10
180.70000077755785
 20
147.20857540906445
 30
0.0
 11
180.64176179440355
 21
147.20857540906445
 31
0.0
  0
LINE
  5
E1B
330
17
100
AcDbEntity
  8
OCULTA
100
AcDbLine
 10
175.70000077755785
 20
147.20857540906445
 30
0.0
 11
175.65246774227953
 21
147.20857540906445
 31
0.0
  0
LINE
  5
E1C
330
17
100
AcDbEntity
  8
OCULTA
100
AcDbLine
 10
175.65246774227953
 20
147.20857540906445
 30
0.0
 11
175.51007653744554
 21
147.20857540906445
 31
0.0
  0
LINE
  5
E1D
330
17
100
AcDbEntity
  8
OCULTA
100
AcDbLine
 10
180.64176179440355
 20
144.20857540906445
 30
0.0
 11
180.46730042965746
 21
144.20857540906445
 31
0.0
  0
LINE
  5
E1E
330
17
100
AcDbEntity
  8
OCULTA
100
AcDbLine
 10
180.46730042965746
 20
144.20857540906445
 30
0.0
 11
180.17736054928636
 21
144.20857540906445
 31
0.0
  0
LINE
  5
E1F
330
17
100
AcDbEntity
  8
OCULTA
100
AcDbLine
 10
180.64176179440355
 20
147.20857540906445
 30
0.0
 11
180.46730042965746
 21
147.20857540906445
 31
0.0
  0
LINE
  5
E20
330
17
100
AcDbEntity
  8
OCULTA
100
AcDbLine
 10
180.46730042965746
 20
147.20857540906445
 30
0.0
 11
180.17736054928636
 21
147.20857540906445
 31
0.0
  0
LINE
  5
E21
330
17
100
AcDbEntity
  8
OCULTA
100
AcDbLine
 10
175.51007653744554
 20
147.20857540906445
 30
0.0
 11
175.27343369992113
 21
147.20857540906445
 31
0.0
  0
LINE
  5
E22
330
17
100
AcDbEntity
  8
OCULTA
100
AcDbLine
 10
175.27343369992113
 20
147.20857540906445
 30
0.0
 11
174.94355393917894
 21
147.20857540906445
 31
0.0
  0
LINE
  5
E23
330
17
100
AcDbEntity
  8
OCULTA
100
AcDbLine
 10
176.9776268151555
 20
138.20857540906445
 30
0.0
 11
176.9776268151555
 21
138.20857540906445
 31
0.0
  0
LINE
  5
E24
330
17
100
AcDbEntity
  8
OCULTA
100
AcDbLine
 10
180.17736054928636
 20
144.20857540906445
 30
0.0
 11
179.7731819299016
 21
144.20857540906445
 31
0.0
  0
LINE
  5
E25
330
17
100
AcDbEntity
  8
OCULTA
100
AcDbLine
 10
179.7731819299016
 20
144.20857540906445
 30
0.0
 11
179.25650025875902
 21
144.20857540906445
 31
0.0
  0
LINE
  5
E26
330
17
100
AcDbEntity
  8
OCULTA
100
AcDbLine
 10
180.17736054928636
 20
147.20857540906445
 30
0.0
 11
179.7731819299016
 21
147.20857540906445
 31
0.0
  0
LINE
  5
E27
330
17
100
AcDbEntity
  8
OCULTA
100
AcDbLine
 10
179.7731819299016
 20
147.20857540906445
 30
0.0
 11
179.25650025875902
 21
147.20857540906445
 31
0.0
  0
LINE
  5
E28
330
17
100
AcDbEntity
  8
OCULTA
100
AcDbLine
 10
174.94355393917894
 20
147.20857540906445
 30
0.0
 11
174.52184869320726
 21
147.20857540906445
 31
0.0
  0
LINE
  5
E29
330
17
100
AcDbEntity
  8
OCULTA
100
AcDbLine
 10
174.52184869320726
 20
147.20857540906445
 30
0.0
 11
174.01012612851
 21
147.20857540906445
 31
0.0
  0
LINE
  5
E2A
330
17
100
AcDbEntity
  8
OCULTA
100
AcDbLine
 10
179.25650025875902
 20
144.20857540906445
 30
0.0
 11
178.62952424557542
 21
144.20857540906445
 31
0.0
  0
LINE
  5
E2B
330
17
100
AcDbEntity
  8
OCULTA
100
AcDbLine
 10
178.62952424557542
 20
144.20857540906445
 30
0.0
 11
177.89493943722582
 21
144.20857540906445
 31
0.0
  0
LINE
  5
E2C
330
17
100
AcDbEntity
  8
OCULTA
100
AcDbLine
 10
179.25650025875902
 20
147.20857540906445
 30
0.0
 11
178.62952424557542
 21
147.20857540906445
 31
0.0
  0
LINE
  5
E2D
330
17
100
AcDbEntity
  8
OCULTA
100
AcDbLine
 10
178.62952424557542
 20
147.20857540906445
 30
0.0
 11
177.89493943722582
 21
147.20857540906445
 31
0.0
  0
LINE
  5
E2E
330
17
100
AcDbEntity
  8
OCULTA
100
AcDbLine
 10
176.9776268151555
 20
144.20857540906445
 30
0.0
 11
176.9776268151555
 21
144.20857540906445
 31
0.0
  0
LINE
  5
E2F
330
17
100
AcDbEntity
  8
OCULTA
100
AcDbLine
 10
176.9776268151555
 20
138.20857540906445
 30
0.0
 11
176.9776268151555
 21
144.20857540906445
 31
0.0
  0
LINE
  5
E30
330
17
100
AcDbEntity
  8
OCULTA
100
AcDbLine
 10
170.9776268151555
 20
138.20857540906445
 30
0.0
 11
170.9776268151555
 21
138.20857540906445
 31
0.0
  0
LINE
  5
E31
330
17
100
AcDbEntity
  8
OCULTA
100
AcDbLine
 10
176.9776268151555
 20
138.20857540906445
 30
0.0
 11
170.9776268151555
 21
138.20857540906445
 31
0.0
  0
LINE
  5
E32
330
17
100
AcDbEntity
  8
OCULTA
100
AcDbLine
 10
174.01012612851
 20
147.20857540906445
 30
0.0
 11
173.41057397396898
 21
147.20857540906445
 31
0.0
  0
LINE
  5
E33
330
17
100
AcDbEntity
  8
OCULTA
100
AcDbLine
 10
170.9776268151555
 20
144.20857540906445
 30
0.0
 11
170.9776268151555
 21
144.20857540906445
 31
0.0
  0
LINE
  5
E34
330
17
100
AcDbEntity
  8
OCULTA
100
AcDbLine
 10
176.9776268151555
 20
144.20857540906445
 30
0.0
 11
170.9776268151555
 21
144.20857540906445
 31
0.0
  0
LINE
  5
E35
330
17
100
AcDbEntity
  8
OCULTA
100
AcDbLine
 10
170.9776268151555
 20
138.20857540906445
 30
0.0
 11
170.9776268151555
 21
144.20857540906445
 31
0.0
  0
LINE
  5
E36
330
17
100
AcDbEntity
  8
OCULTA
100
AcDbLine
 10
173.41057397396898
 20
147.20857540906445
 30
0.0
 11
172.72576333554125
 21
147.20857540906445
 31
0.0
  0
LINE
  5
E37
330
17
100
AcDbEntity
  8
OCULTA
100
AcDbLine
 10
172.72576333554125
 20
147.20857540906445
 30
0.0
 11
171.95862580807542
 21
147.20857540906445
 31
0.0
  0
LINE
  5
E38
330
17
100
AcDbEntity
  8
OCULTA
100
AcDbLine
 10
171.95862580807542
 20
147.20857540906445
 30
0.0
 11
171.1124439385686
 21
147.20857540906445
 31
0.0
  0
LINE
  5
E39
330
17
100
AcDbEntity
  8
OCULTA
100
AcDbLine
 10
175.70000077755785
 20
149.20857540906445
 30
0.0
 11
175.65246774227953
 21
149.20857540906445
 31
0.0
  0
LINE
  5
E3A
330
17
100
AcDbEntity
  8
OCULTA
100
AcDbLine
 10
175.65246774227953
 20
149.20857540906445
 30
0.0
 11
175.51007653744554
 21
149.20857540906445
 31
0.0
  0
LINE
  5
E3B
330
17
100
AcDbEntity
  8
OCULTA
100
AcDbLine
 10
175.51007653744554
 20
149.20857540906445
 30
0.0
 11
175.27343369992113
 21
149.20857540906445
 31
0.0
  0
LINE
  5
E3C
330
17
100
AcDbEntity
  8
OCULTA
100
AcDbLine
 10
175.27343369992113
 20
149.20857540906445
 30
0.0
 11
174.94355393917894
 21
149.20857540906445
 31
0.0
  0
LINE
  5
E3D
330
17
100
AcDbEntity
  8
OCULTA
100
AcDbLine
 10
174.94355393917894
 20
149.20857540906445
 30
0.0
 11
174.52184869320726
 21
149.20857540906445
 31
0.0
  0
LINE
  5
E3E
330
17
100
AcDbEntity
  8
OCULTA
100
AcDbLine
 10
174.52184869320726
 20
149.20857540906445
 30
0.0
 11
174.38483239682054
 21
149.20857540906445
 31
0.0
  0
LINE
  5
E3F
330
17
100
AcDbEntity
  8
OCULTA
100
AcDbLine
 10
177.89493943722582
 20
144.20857540906445
 30
0.0
 11
177.0558910516057
 21
144.20857540906445
 31
0.0
  0
LINE
  5
E40
330
17
100
AcDbEntity
  8
OCULTA
100
AcDbLine
 10
177.0558910516057
 20
144.20857540906445
 30
0.0
 11
176.1159725335393
 21
144.20857540906445
 31
0.0
  0
LINE
  5
E41
330
17
100
AcDbEntity
  8
OCULTA
100
AcDbLine
 10
176.1159725335393
 20
144.20857540906445
 30
0.0
 11
175.07921029599046
 21
144.20857540906445
 31
0.0
  0
LINE
  5
E42
330
17
100
AcDbEntity
  8
OCULTA
100
AcDbLine
 10
177.89493943722582
 20
147.20857540906445
 30
0.0
 11
177.0558910516057
 21
147.20857540906445
 31
0.0
  0
LINE
  5
E43
330
17
100
AcDbEntity
  8
OCULTA
100
AcDbLine
 10
177.0558910516057
 20
147.20857540906445
 30
0.0
 11
176.1159725335393
 21
147.20857540906445
 31
0.0
  0
LINE
  5
E44
330
17
100
AcDbEntity
  8
OCULTA
100
AcDbLine
 10
176.1159725335393
 20
147.20857540906445
 30
0.0
 11
175.07921029599046
 21
147.20857540906445
 31
0.0
  0
LINE
  5
E45
330
17
100
AcDbEntity
  8
OCULTA
100
AcDbLine
 10
175.07921029599046
 20
144.20857540906445
 30
0.0
 11
173.95004273922777
 21
144.20857540906445
 31
0.0
  0
LINE
  5
E46
330
17
100
AcDbEntity
  8
OCULTA
100
AcDbLine
 10
175.07921029599046
 20
147.20857540906445
 30
0.0
 11
173.95004273922777
 21
147.20857540906445
 31
0.0
  0
LINE
  5
E47
330
17
100
AcDbEntity
  8
OCULTA
100
AcDbLine
 10
171.1124439385686
 20
147.20857540906445
 30
0.0
 11
170.1908435967717
 21
147.20857540906445
 31
0.0
  0
LINE
  5
E48
330
17
100
AcDbEntity
  8
OCULTA
100
AcDbLine
 10
170.1908435967717
 20
147.20857540906445
 30
0.0
 11
169.19777013333177
 21
147.20857540906445
 31
0.0
  0
LINE
  5
E49
330
17
100
AcDbEntity
  8
OCULTA
100
AcDbLine
 10
169.19777013333177
 20
147.20857540906445
 30
0.0
 11
168.13747693569994
 21
147.20857540906445
 31
0.0
  0
LINE
  5
E4A
330
17
100
AcDbEntity
  8
OCULTA
100
AcDbLine
 10
173.95004273922777
 20
144.20857540906445
 30
0.0
 11
172.7333049920354
 21
144.20857540906445
 31
0.0
  0
LINE
  5
E4B
330
17
100
AcDbEntity
  8
OCULTA
100
AcDbLine
 10
173.95004273922777
 20
147.20857540906445
 30
0.0
 11
172.7333049920354
 21
147.20857540906445
 31
0.0
  0
LINE
  5
E4C
330
17
100
AcDbEntity
  8
OCULTA
100
AcDbLine
 10
172.7333049920354
 20
144.20857540906445
 30
0.0
 11
171.43420602352953
 21
144.20857540906445
 31
0.0
  0
LINE
  5
E4D
330
17
100
AcDbEntity
  8
OCULTA
100
AcDbLine
 10
172.7333049920354
 20
147.20857540906445
 30
0.0
 11
171.43420602352953
 21
147.20857540906445
 31
0.0
  0
LINE
  5
E4E
330
17
100
AcDbEntity
  8
OCULTA
100
AcDbLine
 10
171.43420602352953
 20
144.20857540906445
 30
0.0
 11
170.05831147702074
 21
144.20857540906445
 31
0.0
  0
LINE
  5
E4F
330
17
100
AcDbEntity
  8
OCULTA
100
AcDbLine
 10
170.05831147702074
 20
144.20857540906445
 30
0.0
 11
168.61151029141283
 21
144.20857540906445
 31
0.0
  0
LINE
  5
E50
330
17
100
AcDbEntity
  8
OCULTA
100
AcDbLine
 10
171.43420602352953
 20
147.20857540906445
 30
0.0
 11
170.05831147702074
 21
147.20857540906445
 31
0.0
  0
LINE
  5
E51
330
17
100
AcDbEntity
  8
OCULTA
100
AcDbLine
 10
170.05831147702074
 20
147.20857540906445
 30
0.0
 11
168.61151029141283
 21
147.20857540906445
 31
0.0
  0
LINE
  5
E52
330
17
100
AcDbEntity
  8
OCULTA
100
AcDbLine
 10
168.13747693569994
 20
147.20857540906445
 30
0.0
 11
167.0145034936223
 21
147.20857540906445
 31
0.0
  0
LINE
  5
E53
330
17
100
AcDbEntity
  8
OCULTA
100
AcDbLine
 10
167.0145034936223
 20
147.20857540906445
 30
0.0
 11
165.8336591866765
 21
147.20857540906445
 31
0.0
  0
LINE
  5
E54
330
17
100
AcDbEntity
  8
OCULTA
100
AcDbLine
 10
165.8336591866765
 20
147.20857540906445
 30
0.0
 11
164.60000039608812
 21
147.20857540906445
 31
0.0
  0
LINE
  5
E55
330
17
100
AcDbEntity
  8
OCULTA
100
AcDbLine
 10
164.60000039608812
 20
147.20857540906445
 30
0.0
 11
163.31880857022142
 21
147.20857540906445
 31
0.0
  0
LINE
  5
E56
330
17
100
AcDbEntity
  8
OCULTA
100
AcDbLine
 10
168.61151029141283
 20
144.20857540906445
 30
0.0
 11
167.10000039608812
 21
144.20857540906445
 31
0.0
  0
LINE
  5
E57
330
17
100
AcDbEntity
  8
OCULTA
100
AcDbLine
 10
168.61151029141283
 20
147.20857540906445
 30
0.0
 11
167.10000039608812
 21
147.20857540906445
 31
0.0
  0
LINE
  5
E58
330
17
100
AcDbEntity
  8
OCULTA
100
AcDbLine
 10
163.31880857022142
 20
147.20857540906445
 30
0.0
 11
161.99557210476732
 21
147.20857540906445
 31
0.0
  0
LINE
  5
E59
330
17
100
AcDbEntity
  8
OCULTA
100
AcDbLine
 10
161.99557210476732
 20
147.20857540906445
 30
0.0
 11
160.63595630200243
 21
147.20857540906445
 31
0.0
  0
LINE
  5
E5A
330
17
100
AcDbEntity
  8
OCULTA
100
AcDbLine
 10
167.10000039608812
 20
144.20857540906445
 30
0.0
 11
165.53025247128343
 21
144.20857540906445
 31
0.0
  0
LINE
  5
E5B
330
17
100
AcDbEntity
  8
OCULTA
100
AcDbLine
 10
165.53025247128343
 20
144.20857540906445
 30
0.0
 11
163.9089889672551
 21
144.20857540906445
 31
0.0
  0
LINE
  5
E5C
330
17
100
AcDbEntity
  8
OCULTA
100
AcDbLine
 10
167.10000039608812
 20
147.20857540906445
 30
0.0
 11
165.53025247128343
 21
147.20857540906445
 31
0.0
  0
LINE
  5
E5D
330
17
100
AcDbEntity
  8
OCULTA
100
AcDbLine
 10
165.53025247128343
 20
147.20857540906445
 30
0.0
 11
163.9089889672551
 21
147.20857540906445
 31
0.0
  0
LINE
  5
E5E
330
17
100
AcDbEntity
  8
OCULTA
100
AcDbLine
 10
163.9089889672551
 20
144.20857540906445
 30
0.0
 11
162.2431535867009
 21
144.20857540906445
 31
0.0
  0
LINE
  5
E5F
330
17
100
AcDbEntity
  8
OCULTA
100
AcDbLine
 10
162.2431535867009
 20
144.20857540906445
 30
0.0
 11
160.53987790615892
 21
144.20857540906445
 31
0.0
  0
LINE
  5
E60
330
17
100
AcDbEntity
  8
OCULTA
100
AcDbLine
 10
163.9089889672551
 20
147.20857540906445
 30
0.0
 11
162.2431535867009
 21
147.20857540906445
 31
0.0
  0
LINE
  5
E61
330
17
100
AcDbEntity
  8
OCULTA
100
AcDbLine
 10
162.2431535867009
 20
147.20857540906445
 30
0.0
 11
160.53987790615892
 21
147.20857540906445
 31
0.0
  0
LINE
  5
E62
330
17
100
AcDbEntity
  8
OCULTA
100
AcDbLine
 10
160.63595630200243
 20
147.20857540906445
 30
0.0
 11
159.24578286679125
 21
147.20857540906445
 31
0.0
  0
LINE
  5
E63
330
17
100
AcDbEntity
  8
OCULTA
100
AcDbLine
 10
159.24578286679125
 20
147.20857540906445
 30
0.0
 11
157.83100511105394
 21
147.20857540906445
 31
0.0
  0
LINE
  5
E64
330
17
100
AcDbEntity
  8
OCULTA
100
AcDbLine
 10
157.83100511105394
 20
147.20857540906445
 30
0.0
 11
156.39768148930406
 21
147.20857540906445
 31
0.0
  0
LINE
  5
E65
330
17
100
AcDbEntity
  8
OCULTA
100
AcDbLine
 10
156.39768148930406
 20
147.20857540906445
 30
0.0
 11
154.95194949181413
 21
147.20857540906445
 31
0.0
  0
LINE
  5
E66
330
17
100
AcDbEntity
  8
OCULTA
100
AcDbLine
 10
160.53987790615892
 20
144.20857540906445
 30
0.0
 11
158.80645658047533
 21
144.20857540906445
 31
0.0
  0
LINE
  5
E67
330
17
100
AcDbEntity
  8
OCULTA
100
AcDbLine
 10
158.80645658047533
 20
144.20857540906445
 30
0.0
 11
157.05031253369188
 21
144.20857540906445
 31
0.0
  0
LINE
  5
E68
330
17
100
AcDbEntity
  8
OCULTA
100
AcDbLine
 10
160.53987790615892
 20
147.20857540906445
 30
0.0
 11
158.80645658047533
 21
147.20857540906445
 31
0.0
  0
LINE
  5
E69
330
17
100
AcDbEntity
  8
OCULTA
100
AcDbLine
 10
158.80645658047533
 20
147.20857540906445
 30
0.0
 11
157.05031253369188
 21
147.20857540906445
 31
0.0
  0
LINE
  5
E6A
330
17
100
AcDbEntity
  8
OCULTA
100
AcDbLine
 10
157.05031253369188
 20
144.20857540906445
 30
0.0
 11
155.27896513016557
 21
144.20857540906445
 31
0.0
  0
LINE
  5
E6B
330
17
100
AcDbEntity
  8
OCULTA
100
AcDbLine
 10
157.05031253369188
 20
147.20857540906445
 30
0.0
 11
155.27896513016557
 21
147.20857540906445
 31
0.0
  0
LINE
  5
E6C
330
17
100
AcDbEntity
  8
OCULTA
100
AcDbLine
 10
161.0000000146184
 20
149.20857540906445
 30
0.0
 11
161.0000000146184
 21
149.20857540906445
 31
0.0
  0
LINE
  5
E6D
330
17
100
AcDbEntity
  8
OCULTA
100
AcDbLine
 10
161.0000000146184
 20
149.20857540906445
 30
0.0
 11
160.63595630200243
 21
149.20857540906445
 31
0.0
  0
LINE
  5
E6E
330
17
100
AcDbEntity
  8
OCULTA
100
AcDbLine
 10
160.63595630200243
 20
149.20857540906445
 30
0.0
 11
159.24578286679125
 21
149.20857540906445
 31
0.0
  0
LINE
  5
E6F
330
17
100
AcDbEntity
  8
OCULTA
100
AcDbLine
 10
159.24578286679125
 20
149.20857540906445
 30
0.0
 11
157.83100511105394
 21
149.20857540906445
 31
0.0
  0
LINE
  5
E70
330
17
100
AcDbEntity
  8
OCULTA
100
AcDbLine
 10
157.83100511105394
 20
149.20857540906445
 30
0.0
 11
156.39768148930406
 21
149.20857540906445
 31
0.0
  0
LINE
  5
E71
330
17
100
AcDbEntity
  8
OCULTA
100
AcDbLine
 10
156.39768148930406
 20
149.20857540906445
 30
0.0
 11
154.95194949181413
 21
149.20857540906445
 31
0.0
  0
LINE
  5
E72
330
17
100
AcDbEntity
  8
OCULTA
100
AcDbLine
 10
175.70000077755785
 20
161.20857540906445
 30
0.0
 11
175.65246774227953
 21
161.20857540906445
 31
0.0
  0
LINE
  5
E73
330
17
100
AcDbEntity
  8
OCULTA
100
AcDbLine
 10
175.65246774227953
 20
161.20857540906445
 30
0.0
 11
175.51007653744554
 21
161.20857540906445
 31
0.0
  0
LINE
  5
E74
330
17
100
AcDbEntity
  8
OCULTA
100
AcDbLine
 10
175.51007653744554
 20
161.20857540906445
 30
0.0
 11
175.27343369992113
 21
161.20857540906445
 31
0.0
  0
LINE
  5
E75
330
17
100
AcDbEntity
  8
OCULTA
100
AcDbLine
 10
175.27343369992113
 20
161.20857540906445
 30
0.0
 11
174.94355393917894
 21
161.20857540906445
 31
0.0
  0
LINE
  5
E76
330
17
100
AcDbEntity
  8
OCULTA
100
AcDbLine
 10
174.94355393917894
 20
161.20857540906445
 30
0.0
 11
174.52184869320726
 21
161.20857540906445
 31
0.0
  0
LINE
  5
E77
330
17
100
AcDbEntity
  8
OCULTA
100
AcDbLine
 10
174.52184869320726
 20
161.20857540906445
 30
0.0
 11
174.38483239682054
 21
161.20857540906445
 31
0.0
  0
LINE
  5
E78
330
17
100
AcDbEntity
  8
OCULTA
100
AcDbLine
 10
175.70000077755785
 20
178.20857540906445
 30
0.0
 11
175.65246774227953
 21
178.20857540906445
 31
0.0
  0
LINE
  5
E79
330
17
100
AcDbEntity
  8
OCULTA
100
AcDbLine
 10
175.65246774227953
 20
178.20857540906445
 30
0.0
 11
175.51007653744554
 21
178.20857540906445
 31
0.0
  0
LINE
  5
E7A
330
17
100
AcDbEntity
  8
OCULTA
100
AcDbLine
 10
175.51007653744554
 20
178.20857540906445
 30
0.0
 11
175.27343369992113
 21
178.20857540906445
 31
0.0
  0
LINE
  5
E7B
330
17
100
AcDbEntity
  8
OCULTA
100
AcDbLine
 10
175.27343369992113
 20
178.20857540906445
 30
0.0
 11
174.94355393917894
 21
178.20857540906445
 31
0.0
  0
LINE
  5
E7C
330
17
100
AcDbEntity
  8
OCULTA
100
AcDbLine
 10
174.94355393917894
 20
178.20857540906445
 30
0.0
 11
174.52184869320726
 21
178.20857540906445
 31
0.0
  0
LINE
  5
E7D
330
17
100
AcDbEntity
  8
OCULTA
100
AcDbLine
 10
174.52184869320726
 20
178.20857540906445
 30
0.0
 11
174.01012612851
 21
178.20857540906445
 31
0.0
  0
LINE
  5
E7E
330
17
100
AcDbEntity
  8
OCULTA
100
AcDbLine
 10
174.01012612851
 20
178.20857540906445
 30
0.0
 11
173.41057397396898
 21
178.20857540906445
 31
0.0
  0
LINE
  5
E7F
330
17
100
AcDbEntity
  8
OCULTA
100
AcDbLine
 10
173.41057397396898
 20
178.20857540906445
 30
0.0
 11
172.72576333554125
 21
178.20857540906445
 31
0.0
  0
LINE
  5
E80
330
17
100
AcDbEntity
  8
OCULTA
100
AcDbLine
 10
172.72576333554125
 20
178.20857540906445
 30
0.0
 11
171.95862580807542
 21
178.20857540906445
 31
0.0
  0
LINE
  5
E81
330
17
100
AcDbEntity
  8
OCULTA
100
AcDbLine
 10
171.95862580807542
 20
178.20857540906445
 30
0.0
 11
171.1124439385686
 21
178.20857540906445
 31
0.0
  0
LINE
  5
E82
330
17
100
AcDbEntity
  8
OCULTA
100
AcDbLine
 10
171.1124439385686
 20
178.20857540906445
 30
0.0
 11
170.1908435967717
 21
178.20857540906445
 31
0.0
  0
LINE
  5
E83
330
17
100
AcDbEntity
  8
OCULTA
100
AcDbLine
 10
170.1908435967717
 20
178.20857540906445
 30
0.0
 11
169.19777013333177
 21
178.20857540906445
 31
0.0
  0
LINE
  5
E84
330
17
100
AcDbEntity
  8
OCULTA
100
AcDbLine
 10
169.19777013333177
 20
178.20857540906445
 30
0.0
 11
168.13747693569994
 21
178.20857540906445
 31
0.0
  0
LINE
  5
E85
330
17
100
AcDbEntity
  8
OCULTA
100
AcDbLine
 10
161.0000000146184
 20
159.20857540906445
 30
0.0
 11
161.0000000146184
 21
159.20857540906445
 31
0.0
  0
LINE
  5
E86
330
17
100
AcDbEntity
  8
OCULTA
100
AcDbLine
 10
161.0000000146184
 20
149.20857540906445
 30
0.0
 11
161.0000000146184
 21
161.20857540906445
 31
0.0
  0
LINE
  5
E87
330
17
100
AcDbEntity
  8
OCULTA
100
AcDbLine
 10
161.0000000146184
 20
161.20857540906445
 30
0.0
 11
161.0000000146184
 21
161.20857540906445
 31
0.0
  0
LINE
  5
E88
330
17
100
AcDbEntity
  8
OCULTA
100
AcDbLine
 10
161.0000000146184
 20
161.20857540906445
 30
0.0
 11
160.63595630200243
 21
161.20857540906445
 31
0.0
  0
LINE
  5
E89
330
17
100
AcDbEntity
  8
OCULTA
100
AcDbLine
 10
160.63595630200243
 20
161.20857540906445
 30
0.0
 11
159.24578286679125
 21
161.20857540906445
 31
0.0
  0
LINE
  5
E8A
330
17
100
AcDbEntity
  8
OCULTA
100
AcDbLine
 10
159.24578286679125
 20
161.20857540906445
 30
0.0
 11
157.83100511105394
 21
161.20857540906445
 31
0.0
  0
LINE
  5
E8B
330
17
100
AcDbEntity
  8
OCULTA
100
AcDbLine
 10
157.83100511105394
 20
161.20857540906445
 30
0.0
 11
156.39768148930406
 21
161.20857540906445
 31
0.0
  0
LINE
  5
E8C
330
17
100
AcDbEntity
  8
OCULTA
100
AcDbLine
 10
156.39768148930406
 20
161.20857540906445
 30
0.0
 11
154.95194949181413
 21
161.20857540906445
 31
0.0
  0
LINE
  5
E8D
330
17
100
AcDbEntity
  8
OCULTA
100
AcDbLine
 10
168.13747693569994
 20
178.20857540906445
 30
0.0
 11
167.0145034936223
 21
178.20857540906445
 31
0.0
  0
LINE
  5
E8E
330
17
100
AcDbEntity
  8
OCULTA
100
AcDbLine
 10
167.0145034936223
 20
178.20857540906445
 30
0.0
 11
165.8336591866765
 21
178.20857540906445
 31
0.0
  0
LINE
  5
E8F
330
17
100
AcDbEntity
  8
OCULTA
100
AcDbLine
 10
165.8336591866765
 20
178.20857540906445
 30
0.0
 11
164.60000039608812
 21
178.20857540906445
 31
0.0
  0
LINE
  5
E90
330
17
100
AcDbEntity
  8
OCULTA
100
AcDbLine
 10
164.60000039608812
 20
178.20857540906445
 30
0.0
 11
163.31880857022142
 21
178.20857540906445
 31
0.0
  0
LINE
  5
E91
330
17
100
AcDbEntity
  8
OCULTA
100
AcDbLine
 10
163.31880857022142
 20
178.20857540906445
 30
0.0
 11
161.99557210476732
 21
178.20857540906445
 31
0.0
  0
LINE
  5
E92
330
17
100
AcDbEntity
  8
OCULTA
100
AcDbLine
 10
161.99557210476732
 20
178.20857540906445
 30
0.0
 11
160.63595630200243
 21
178.20857540906445
 31
0.0
  0
LINE
  5
E93
330
17
100
AcDbEntity
  8
OCULTA
100
AcDbLine
 10
160.63595630200243
 20
178.20857540906445
 30
0.0
 11
159.24578286679125
 21
178.20857540906445
 31
0.0
  0
LINE
  5
E94
330
17
100
AcDbEntity
  8
OCULTA
100
AcDbLine
 10
159.24578286679125
 20
178.20857540906445
 30
0.0
 11
157.83100511105394
 21
178.20857540906445
 31
0.0
  0
LINE
  5
E95
330
17
100
AcDbEntity
  8
OCULTA
100
AcDbLine
 10
157.83100511105394
 20
178.20857540906445
 30
0.0
 11
156.39768148930406
 21
178.20857540906445
 31
0.0
  0
LINE
  5
E96
330
17
100
AcDbEntity
  8
OCULTA
100
AcDbLine
 10
156.39768148930406
 20
178.20857540906445
 30
0.0
 11
154.95194949181413
 21
178.20857540906445
 31
0.0
  0
LINE
  5
E97
330
17
100
AcDbEntity
  8
OCULTA
100
AcDbLine
 10
137.33468629391527
 20
147.20857540906445
 30
0.0
 11
137.29999925167894
 21
147.20857540906445
 31
0.0
  0
LINE
  5
E98
330
17
100
AcDbEntity
  8
OCULTA
100
AcDbLine
 10
131.29999925167894
 20
147.20857540906445
 30
0.0
 11
131.34753228695726
 21
147.20857540906445
 31
0.0
  0
LINE
  5
E99
330
17
100
AcDbEntity
  8
OCULTA
100
AcDbLine
 10
131.34753228695726
 20
147.20857540906445
 30
0.0
 11
131.48992349179125
 21
147.20857540906445
 31
0.0
  0
LINE
  5
E9A
330
17
100
AcDbEntity
  8
OCULTA
100
AcDbLine
 10
126.29999925167894
 20
144.20857540906445
 30
0.0
 11
126.35823823483324
 21
144.20857540906445
 31
0.0
  0
LINE
  5
E9B
330
17
100
AcDbEntity
  8
OCULTA
100
AcDbLine
 10
126.29999925167894
 20
147.20857540906445
 30
0.0
 11
126.35823823483324
 21
147.20857540906445
 31
0.0
  0
LINE
  5
E9C
330
17
100
AcDbEntity
  8
OCULTA
100
AcDbLine
 10
131.48992349179125
 20
147.20857540906445
 30
0.0
 11
131.72656632931566
 21
147.20857540906445
 31
0.0
  0
LINE
  5
E9D
330
17
100
AcDbEntity
  8
OCULTA
100
AcDbLine
 10
131.72656632931566
 20
147.20857540906445
 30
0.0
 11
132.05644609005785
 21
147.20857540906445
 31
0.0
  0
LINE
  5
E9E
330
17
100
AcDbEntity
  8
OCULTA
100
AcDbLine
 10
126.35823823483324
 20
144.20857540906445
 30
0.0
 11
126.53269959957933
 21
144.20857540906445
 31
0.0
  0
LINE
  5
E9F
330
17
100
AcDbEntity
  8
OCULTA
100
AcDbLine
 10
126.53269959957933
 20
144.20857540906445
 30
0.0
 11
126.82263947995042
 21
144.20857540906445
 31
0.0
  0
LINE
  5
EA0
330
17
100
AcDbEntity
  8
OCULTA
100
AcDbLine
 10
126.35823823483324
 20
147.20857540906445
 30
0.0
 11
126.53269959957933
 21
147.20857540906445
 31
0.0
  0
LINE
  5
EA1
330
17
100
AcDbEntity
  8
OCULTA
100
AcDbLine
 10
126.53269959957933
 20
147.20857540906445
 30
0.0
 11
126.82263947995042
 21
147.20857540906445
 31
0.0
  0
LINE
  5
EA2
330
17
100
AcDbEntity
  8
OCULTA
100
AcDbLine
 10
133.5894260552678
 20
147.20857540906445
 30
0.0
 11
134.27423669369554
 21
147.20857540906445
 31
0.0
  0
LINE
  5
EA3
330
17
100
AcDbEntity
  8
OCULTA
100
AcDbLine
 10
134.27423669369554
 20
147.20857540906445
 30
0.0
 11
135.04137422116136
 21
147.20857540906445
 31
0.0
  0
LINE
  5
EA4
330
17
100
AcDbEntity
  8
OCULTA
100
AcDbLine
 10
135.04137422116136
 20
147.20857540906445
 30
0.0
 11
135.8875560906682
 21
147.20857540906445
 31
0.0
  0
LINE
  5
EA5
330
17
100
AcDbEntity
  8
OCULTA
100
AcDbLine
 10
132.05644609005785
 20
147.20857540906445
 30
0.0
 11
132.47815133602953
 21
147.20857540906445
 31
0.0
  0
LINE
  5
EA6
330
17
100
AcDbEntity
  8
OCULTA
100
AcDbLine
 10
133.5894260552678
 20
147.20857540906445
 30
0.0
 11
132.9898739007268
 21
147.20857540906445
 31
0.0
  0
LINE
  5
EA7
330
17
100
AcDbEntity
  8
OCULTA
100
AcDbLine
 10
132.47815133602953
 20
147.20857540906445
 30
0.0
 11
132.9898739007268
 21
147.20857540906445
 31
0.0
  0
LINE
  5
EA8
330
17
100
AcDbEntity
  8
OCULTA
100
AcDbLine
 10
126.82263947995042
 20
144.20857540906445
 30
0.0
 11
127.22681809933519
 21
144.20857540906445
 31
0.0
  0
LINE
  5
EA9
330
17
100
AcDbEntity
  8
OCULTA
100
AcDbLine
 10
127.22681809933519
 20
144.20857540906445
 30
0.0
 11
127.74349977047777
 21
144.20857540906445
 31
0.0
  0
LINE
  5
EAA
330
17
100
AcDbEntity
  8
OCULTA
100
AcDbLine
 10
126.82263947995042
 20
147.20857540906445
 30
0.0
 11
127.22681809933519
 21
147.20857540906445
 31
0.0
  0
LINE
  5
EAB
330
17
100
AcDbEntity
  8
OCULTA
100
AcDbLine
 10
127.22681809933519
 20
147.20857540906445
 30
0.0
 11
127.74349977047777
 21
147.20857540906445
 31
0.0
  0
LINE
  5
EAC
330
17
100
AcDbEntity
  8
OCULTA
100
AcDbLine
 10
127.74349977047777
 20
144.20857540906445
 30
0.0
 11
128.37047578366136
 21
144.20857540906445
 31
0.0
  0
LINE
  5
EAD
330
17
100
AcDbEntity
  8
OCULTA
100
AcDbLine
 10
128.37047578366136
 20
144.20857540906445
 30
0.0
 11
129.10506059201097
 21
144.20857540906445
 31
0.0
  0
LINE
  5
EAE
330
17
100
AcDbEntity
  8
OCULTA
100
AcDbLine
 10
127.74349977047777
 20
147.20857540906445
 30
0.0
 11
128.37047578366136
 21
147.20857540906445
 31
0.0
  0
LINE
  5
EAF
330
17
100
AcDbEntity
  8
OCULTA
100
AcDbLine
 10
128.37047578366136
 20
147.20857540906445
 30
0.0
 11
129.10506059201097
 21
147.20857540906445
 31
0.0
  0
LINE
  5
EB0
330
17
100
AcDbEntity
  8
OCULTA
100
AcDbLine
 10
137.33468629391527
 20
149.20857540906445
 30
0.0
 11
137.29999925167894
 21
149.20857540906445
 31
0.0
  0
LINE
  5
EB1
330
17
100
AcDbEntity
  8
OCULTA
100
AcDbLine
 10
131.29999925167894
 20
149.20857540906445
 30
0.0
 11
131.34753228695726
 21
149.20857540906445
 31
0.0
  0
LINE
  5
EB2
330
17
100
AcDbEntity
  8
OCULTA
100
AcDbLine
 10
131.34753228695726
 20
149.20857540906445
 30
0.0
 11
131.48992349179125
 21
149.20857540906445
 31
0.0
  0
LINE
  5
EB3
330
17
100
AcDbEntity
  8
OCULTA
100
AcDbLine
 10
131.48992349179125
 20
149.20857540906445
 30
0.0
 11
131.72656632931566
 21
149.20857540906445
 31
0.0
  0
LINE
  5
EB4
330
17
100
AcDbEntity
  8
OCULTA
100
AcDbLine
 10
131.72656632931566
 20
149.20857540906445
 30
0.0
 11
132.05644609005785
 21
149.20857540906445
 31
0.0
  0
LINE
  5
EB5
330
17
100
AcDbEntity
  8
OCULTA
100
AcDbLine
 10
132.05644609005785
 20
149.20857540906445
 30
0.0
 11
132.47815133602953
 21
149.20857540906445
 31
0.0
  0
LINE
  5
EB6
330
17
100
AcDbEntity
  8
OCULTA
100
AcDbLine
 10
132.47815133602953
 20
149.20857540906445
 30
0.0
 11
132.61516763241625
 21
149.20857540906445
 31
0.0
  0
LINE
  5
EB7
330
17
100
AcDbEntity
  8
OCULTA
100
AcDbLine
 10
141.509336486176
 20
138.20857540906445
 30
0.0
 11
141.509336486176
 21
138.20857540906445
 31
0.0
  0
LINE
  5
EB8
330
17
100
AcDbEntity
  8
OCULTA
100
AcDbLine
 10
141.509336486176
 20
144.20857540906445
 30
0.0
 11
141.509336486176
 21
144.20857540906445
 31
0.0
  0
LINE
  5
EB9
330
17
100
AcDbEntity
  8
OCULTA
100
AcDbLine
 10
141.509336486176
 20
138.20857540906445
 30
0.0
 11
141.509336486176
 21
144.20857540906445
 31
0.0
  0
LINE
  5
EBA
330
17
100
AcDbEntity
  8
OCULTA
100
AcDbLine
 10
139.9854965356145
 20
147.20857540906445
 30
0.0
 11
141.1663408425603
 21
147.20857540906445
 31
0.0
  0
LINE
  5
EBB
330
17
100
AcDbEntity
  8
OCULTA
100
AcDbLine
 10
143.68119145901537
 20
147.20857540906445
 30
0.0
 11
142.39999963314867
 21
147.20857540906445
 31
0.0
  0
LINE
  5
EBC
330
17
100
AcDbEntity
  8
OCULTA
100
AcDbLine
 10
141.1663408425603
 20
147.20857540906445
 30
0.0
 11
142.39999963314867
 21
147.20857540906445
 31
0.0
  0
LINE
  5
EBD
330
17
100
AcDbEntity
  8
OCULTA
100
AcDbLine
 10
154.95194949181413
 20
147.20857540906445
 30
0.0
 11
153.5000000146184
 21
147.20857540906445
 31
0.0
  0
LINE
  5
EBE
330
17
100
AcDbEntity
  8
OCULTA
100
AcDbLine
 10
150.60231853993272
 20
147.20857540906445
 30
0.0
 11
152.04805053742265
 21
147.20857540906445
 31
0.0
  0
LINE
  5
EBF
330
17
100
AcDbEntity
  8
OCULTA
100
AcDbLine
 10
153.5000000146184
 20
147.20857540906445
 30
0.0
 11
152.04805053742265
 21
147.20857540906445
 31
0.0
  0
LINE
  5
EC0
330
17
100
AcDbEntity
  8
OCULTA
100
AcDbLine
 10
150.60231853993272
 20
147.20857540906445
 30
0.0
 11
149.16899491818285
 21
147.20857540906445
 31
0.0
  0
LINE
  5
EC1
330
17
100
AcDbEntity
  8
OCULTA
100
AcDbLine
 10
149.16899491818285
 20
147.20857540906445
 30
0.0
 11
147.75421716244554
 21
147.20857540906445
 31
0.0
  0
LINE
  5
EC2
330
17
100
AcDbEntity
  8
OCULTA
100
AcDbLine
 10
155.27896513016557
 20
144.20857540906445
 30
0.0
 11
153.5000000146184
 21
144.20857540906445
 31
0.0
  0
LINE
  5
EC3
330
17
100
AcDbEntity
  8
OCULTA
100
AcDbLine
 10
153.5000000146184
 20
144.20857540906445
 30
0.0
 11
151.7210348990712
 21
144.20857540906445
 31
0.0
  0
LINE
  5
EC4
330
17
100
AcDbEntity
  8
OCULTA
100
AcDbLine
 10
155.27896513016557
 20
147.20857540906445
 30
0.0
 11
153.5000000146184
 21
147.20857540906445
 31
0.0
  0
LINE
  5
EC5
330
17
100
AcDbEntity
  8
OCULTA
100
AcDbLine
 10
153.5000000146184
 20
147.20857540906445
 30
0.0
 11
151.7210348990712
 21
147.20857540906445
 31
0.0
  0
LINE
  5
EC6
330
17
100
AcDbEntity
  8
OCULTA
100
AcDbLine
 10
151.7210348990712
 20
144.20857540906445
 30
0.0
 11
149.9496874955449
 21
144.20857540906445
 31
0.0
  0
LINE
  5
EC7
330
17
100
AcDbEntity
  8
OCULTA
100
AcDbLine
 10
149.9496874955449
 20
144.20857540906445
 30
0.0
 11
148.19354344876146
 21
144.20857540906445
 31
0.0
  0
LINE
  5
EC8
330
17
100
AcDbEntity
  8
OCULTA
100
AcDbLine
 10
151.7210348990712
 20
147.20857540906445
 30
0.0
 11
149.9496874955449
 21
147.20857540906445
 31
0.0
  0
LINE
  5
EC9
330
17
100
AcDbEntity
  8
OCULTA
100
AcDbLine
 10
149.9496874955449
 20
147.20857540906445
 30
0.0
 11
148.19354344876146
 21
147.20857540906445
 31
0.0
  0
LINE
  5
ECA
330
17
100
AcDbEntity
  8
OCULTA
100
AcDbLine
 10
147.75421716244554
 20
147.20857540906445
 30
0.0
 11
146.36404372723436
 21
147.20857540906445
 31
0.0
  0
LINE
  5
ECB
330
17
100
AcDbEntity
  8
OCULTA
100
AcDbLine
 10
143.68119145901537
 20
147.20857540906445
 30
0.0
 11
145.00442792446947
 21
147.20857540906445
 31
0.0
  0
LINE
  5
ECC
330
17
100
AcDbEntity
  8
OCULTA
100
AcDbLine
 10
146.36404372723436
 20
147.20857540906445
 30
0.0
 11
145.00442792446947
 21
147.20857540906445
 31
0.0
  0
LINE
  5
ECD
330
17
100
AcDbEntity
  8
OCULTA
100
AcDbLine
 10
148.19354344876146
 20
144.20857540906445
 30
0.0
 11
146.46012212307787
 21
144.20857540906445
 31
0.0
  0
LINE
  5
ECE
330
17
100
AcDbEntity
  8
OCULTA
100
AcDbLine
 10
146.46012212307787
 20
144.20857540906445
 30
0.0
 11
144.75684644253587
 21
144.20857540906445
 31
0.0
  0
LINE
  5
ECF
330
17
100
AcDbEntity
  8
OCULTA
100
AcDbLine
 10
148.19354344876146
 20
147.20857540906445
 30
0.0
 11
146.46012212307787
 21
147.20857540906445
 31
0.0
  0
LINE
  5
ED0
330
17
100
AcDbEntity
  8
OCULTA
100
AcDbLine
 10
146.46012212307787
 20
147.20857540906445
 30
0.0
 11
144.75684644253587
 21
147.20857540906445
 31
0.0
  0
LINE
  5
ED1
330
17
100
AcDbEntity
  8
OCULTA
100
AcDbLine
 10
144.75684644253587
 20
144.20857540906445
 30
0.0
 11
143.09101106198167
 21
144.20857540906445
 31
0.0
  0
LINE
  5
ED2
330
17
100
AcDbEntity
  8
OCULTA
100
AcDbLine
 10
143.09101106198167
 20
144.20857540906445
 30
0.0
 11
141.46974755795335
 21
144.20857540906445
 31
0.0
  0
LINE
  5
ED3
330
17
100
AcDbEntity
  8
OCULTA
100
AcDbLine
 10
144.75684644253587
 20
147.20857540906445
 30
0.0
 11
143.09101106198167
 21
147.20857540906445
 31
0.0
  0
LINE
  5
ED4
330
17
100
AcDbEntity
  8
OCULTA
100
AcDbLine
 10
143.09101106198167
 20
147.20857540906445
 30
0.0
 11
141.46974755795335
 21
147.20857540906445
 31
0.0
  0
LINE
  5
ED5
330
17
100
AcDbEntity
  8
OCULTA
100
AcDbLine
 10
154.95194949181413
 20
149.20857540906445
 30
0.0
 11
153.5000000146184
 21
149.20857540906445
 31
0.0
  0
LINE
  5
ED6
330
17
100
AcDbEntity
  8
OCULTA
100
AcDbLine
 10
150.60231853993272
 20
149.20857540906445
 30
0.0
 11
152.04805053742265
 21
149.20857540906445
 31
0.0
  0
LINE
  5
ED7
330
17
100
AcDbEntity
  8
OCULTA
100
AcDbLine
 10
153.5000000146184
 20
149.20857540906445
 30
0.0
 11
152.04805053742265
 21
149.20857540906445
 31
0.0
  0
LINE
  5
ED8
330
17
100
AcDbEntity
  8
OCULTA
100
AcDbLine
 10
150.60231853993272
 20
149.20857540906445
 30
0.0
 11
149.16899491818285
 21
149.20857540906445
 31
0.0
  0
LINE
  5
ED9
330
17
100
AcDbEntity
  8
OCULTA
100
AcDbLine
 10
149.16899491818285
 20
149.20857540906445
 30
0.0
 11
147.75421716244554
 21
149.20857540906445
 31
0.0
  0
LINE
  5
EDA
330
17
100
AcDbEntity
  8
OCULTA
100
AcDbLine
 10
147.75421716244554
 20
149.20857540906445
 30
0.0
 11
146.36404372723436
 21
149.20857540906445
 31
0.0
  0
LINE
  5
EDB
330
17
100
AcDbEntity
  8
OCULTA
100
AcDbLine
 10
146.0000000146184
 20
149.20857540906445
 30
0.0
 11
146.0000000146184
 21
149.20857540906445
 31
0.0
  0
LINE
  5
EDC
330
17
100
AcDbEntity
  8
OCULTA
100
AcDbLine
 10
146.36404372723436
 20
149.20857540906445
 30
0.0
 11
146.0000000146184
 21
149.20857540906445
 31
0.0
  0
LINE
  5
EDD
330
17
100
AcDbEntity
  8
OCULTA
100
AcDbLine
 10
135.509336486176
 20
138.20857540906445
 30
0.0
 11
135.509336486176
 21
138.20857540906445
 31
0.0
  0
LINE
  5
EDE
330
17
100
AcDbEntity
  8
OCULTA
100
AcDbLine
 10
141.509336486176
 20
138.20857540906445
 30
0.0
 11
135.509336486176
 21
138.20857540906445
 31
0.0
  0
LINE
  5
EDF
330
17
100
AcDbEntity
  8
OCULTA
100
AcDbLine
 10
135.8875560906682
 20
147.20857540906445
 30
0.0
 11
136.80915643246507
 21
147.20857540906445
 31
0.0
  0
LINE
  5
EE0
330
17
100
AcDbEntity
  8
OCULTA
100
AcDbLine
 10
139.9854965356145
 20
147.20857540906445
 30
0.0
 11
138.86252309353685
 21
147.20857540906445
 31
0.0
  0
LINE
  5
EE1
330
17
100
AcDbEntity
  8
OCULTA
100
AcDbLine
 10
136.80915643246507
 20
147.20857540906445
 30
0.0
 11
137.80222989590501
 21
147.20857540906445
 31
0.0
  0
LINE
  5
EE2
330
17
100
AcDbEntity
  8
OCULTA
100
AcDbLine
 10
138.86252309353685
 20
147.20857540906445
 30
0.0
 11
137.80222989590501
 21
147.20857540906445
 31
0.0
  0
LINE
  5
EE3
330
17
100
AcDbEntity
  8
OCULTA
100
AcDbLine
 10
135.509336486176
 20
144.20857540906445
 30
0.0
 11
135.509336486176
 21
144.20857540906445
 31
0.0
  0
LINE
  5
EE4
330
17
100
AcDbEntity
  8
OCULTA
100
AcDbLine
 10
141.509336486176
 20
144.20857540906445
 30
0.0
 11
135.509336486176
 21
144.20857540906445
 31
0.0
  0
LINE
  5
EE5
330
17
100
AcDbEntity
  8
OCULTA
100
AcDbLine
 10
135.509336486176
 20
138.20857540906445
 30
0.0
 11
135.509336486176
 21
144.20857540906445
 31
0.0
  0
LINE
  5
EE6
330
17
100
AcDbEntity
  8
OCULTA
100
AcDbLine
 10
129.10506059201097
 20
144.20857540906445
 30
0.0
 11
129.9441089776311
 21
144.20857540906445
 31
0.0
  0
LINE
  5
EE7
330
17
100
AcDbEntity
  8
OCULTA
100
AcDbLine
 10
129.9441089776311
 20
144.20857540906445
 30
0.0
 11
130.8840274956975
 21
144.20857540906445
 31
0.0
  0
LINE
  5
EE8
330
17
100
AcDbEntity
  8
OCULTA
100
AcDbLine
 10
130.8840274956975
 20
144.20857540906445
 30
0.0
 11
131.92078973324632
 21
144.20857540906445
 31
0.0
  0
LINE
  5
EE9
330
17
100
AcDbEntity
  8
OCULTA
100
AcDbLine
 10
129.10506059201097
 20
147.20857540906445
 30
0.0
 11
129.9441089776311
 21
147.20857540906445
 31
0.0
  0
LINE
  5
EEA
330
17
100
AcDbEntity
  8
OCULTA
100
AcDbLine
 10
129.9441089776311
 20
147.20857540906445
 30
0.0
 11
130.8840274956975
 21
147.20857540906445
 31
0.0
  0
LINE
  5
EEB
330
17
100
AcDbEntity
  8
OCULTA
100
AcDbLine
 10
130.8840274956975
 20
147.20857540906445
 30
0.0
 11
131.92078973324632
 21
147.20857540906445
 31
0.0
  0
LINE
  5
EEC
330
17
100
AcDbEntity
  8
OCULTA
100
AcDbLine
 10
134.2666950372014
 20
144.20857540906445
 30
0.0
 11
133.04995729000902
 21
144.20857540906445
 31
0.0
  0
LINE
  5
EED
330
17
100
AcDbEntity
  8
OCULTA
100
AcDbLine
 10
131.92078973324632
 20
144.20857540906445
 30
0.0
 11
133.04995729000902
 21
144.20857540906445
 31
0.0
  0
LINE
  5
EEE
330
17
100
AcDbEntity
  8
OCULTA
100
AcDbLine
 10
134.2666950372014
 20
147.20857540906445
 30
0.0
 11
133.04995729000902
 21
147.20857540906445
 31
0.0
  0
LINE
  5
EEF
330
17
100
AcDbEntity
  8
OCULTA
100
AcDbLine
 10
131.92078973324632
 20
147.20857540906445
 30
0.0
 11
133.04995729000902
 21
147.20857540906445
 31
0.0
  0
LINE
  5
EF0
330
17
100
AcDbEntity
  8
OCULTA
100
AcDbLine
 10
136.94168855221605
 20
144.20857540906445
 30
0.0
 11
138.38848973782396
 21
144.20857540906445
 31
0.0
  0
LINE
  5
EF1
330
17
100
AcDbEntity
  8
OCULTA
100
AcDbLine
 10
141.46974755795335
 20
144.20857540906445
 30
0.0
 11
139.89999963314867
 21
144.20857540906445
 31
0.0
  0
LINE
  5
EF2
330
17
100
AcDbEntity
  8
OCULTA
100
AcDbLine
 10
138.38848973782396
 20
144.20857540906445
 30
0.0
 11
139.89999963314867
 21
144.20857540906445
 31
0.0
  0
LINE
  5
EF3
330
17
100
AcDbEntity
  8
OCULTA
100
AcDbLine
 10
136.94168855221605
 20
147.20857540906445
 30
0.0
 11
138.38848973782396
 21
147.20857540906445
 31
0.0
  0
LINE
  5
EF4
330
17
100
AcDbEntity
  8
OCULTA
100
AcDbLine
 10
141.46974755795335
 20
147.20857540906445
 30
0.0
 11
139.89999963314867
 21
147.20857540906445
 31
0.0
  0
LINE
  5
EF5
330
17
100
AcDbEntity
  8
OCULTA
100
AcDbLine
 10
138.38848973782396
 20
147.20857540906445
 30
0.0
 11
139.89999963314867
 21
147.20857540906445
 31
0.0
  0
LINE
  5
EF6
330
17
100
AcDbEntity
  8
OCULTA
100
AcDbLine
 10
134.2666950372014
 20
144.20857540906445
 30
0.0
 11
135.56579400570726
 21
144.20857540906445
 31
0.0
  0
LINE
  5
EF7
330
17
100
AcDbEntity
  8
OCULTA
100
AcDbLine
 10
136.94168855221605
 20
144.20857540906445
 30
0.0
 11
135.56579400570726
 21
144.20857540906445
 31
0.0
  0
LINE
  5
EF8
330
17
100
AcDbEntity
  8
OCULTA
100
AcDbLine
 10
134.2666950372014
 20
147.20857540906445
 30
0.0
 11
135.56579400570726
 21
147.20857540906445
 31
0.0
  0
LINE
  5
EF9
330
17
100
AcDbEntity
  8
OCULTA
100
AcDbLine
 10
136.94168855221605
 20
147.20857540906445
 30
0.0
 11
135.56579400570726
 21
147.20857540906445
 31
0.0
  0
LINE
  5
EFA
330
17
100
AcDbEntity
  8
OCULTA
100
AcDbLine
 10
134.34110833676195
 20
161.20857540906445
 30
0.0
 11
134.29999925167894
 21
161.20857540906445
 31
0.0
  0
LINE
  5
EFB
330
17
100
AcDbEntity
  8
OCULTA
100
AcDbLine
 10
131.29999925167894
 20
161.20857540906445
 30
0.0
 11
131.34753228695726
 21
161.20857540906445
 31
0.0
  0
LINE
  5
EFC
330
17
100
AcDbEntity
  8
OCULTA
100
AcDbLine
 10
131.34753228695726
 20
161.20857540906445
 30
0.0
 11
131.48992349179125
 21
161.20857540906445
 31
0.0
  0
LINE
  5
EFD
330
17
100
AcDbEntity
  8
OCULTA
100
AcDbLine
 10
131.48992349179125
 20
161.20857540906445
 30
0.0
 11
131.72656632931566
 21
161.20857540906445
 31
0.0
  0
LINE
  5
EFE
330
17
100
AcDbEntity
  8
OCULTA
100
AcDbLine
 10
131.72656632931566
 20
161.20857540906445
 30
0.0
 11
132.05644609005785
 21
161.20857540906445
 31
0.0
  0
LINE
  5
EFF
330
17
100
AcDbEntity
  8
OCULTA
100
AcDbLine
 10
132.05644609005785
 20
161.20857540906445
 30
0.0
 11
132.47815133602953
 21
161.20857540906445
 31
0.0
  0
LINE
  5
F00
330
17
100
AcDbEntity
  8
OCULTA
100
AcDbLine
 10
132.47815133602953
 20
161.20857540906445
 30
0.0
 11
132.61516763241625
 21
161.20857540906445
 31
0.0
  0
LINE
  5
F01
330
17
100
AcDbEntity
  8
OCULTA
100
AcDbLine
 10
134.34110833676195
 20
178.20857540906445
 30
0.0
 11
134.29999925167894
 21
178.20857540906445
 31
0.0
  0
LINE
  5
F02
330
17
100
AcDbEntity
  8
OCULTA
100
AcDbLine
 10
131.29999925167894
 20
178.20857540906445
 30
0.0
 11
131.34753228695726
 21
178.20857540906445
 31
0.0
  0
LINE
  5
F03
330
17
100
AcDbEntity
  8
OCULTA
100
AcDbLine
 10
131.34753228695726
 20
178.20857540906445
 30
0.0
 11
131.48992349179125
 21
178.20857540906445
 31
0.0
  0
LINE
  5
F04
330
17
100
AcDbEntity
  8
OCULTA
100
AcDbLine
 10
131.48992349179125
 20
178.20857540906445
 30
0.0
 11
131.72656632931566
 21
178.20857540906445
 31
0.0
  0
LINE
  5
F05
330
17
100
AcDbEntity
  8
OCULTA
100
AcDbLine
 10
131.72656632931566
 20
178.20857540906445
 30
0.0
 11
132.05644609005785
 21
178.20857540906445
 31
0.0
  0
LINE
  5
F06
330
17
100
AcDbEntity
  8
OCULTA
100
AcDbLine
 10
133.5894260552678
 20
178.20857540906445
 30
0.0
 11
134.27423669369554
 21
178.20857540906445
 31
0.0
  0
LINE
  5
F07
330
17
100
AcDbEntity
  8
OCULTA
100
AcDbLine
 10
134.27423669369554
 20
178.20857540906445
 30
0.0
 11
135.04137422116136
 21
178.20857540906445
 31
0.0
  0
LINE
  5
F08
330
17
100
AcDbEntity
  8
OCULTA
100
AcDbLine
 10
135.04137422116136
 20
178.20857540906445
 30
0.0
 11
135.8875560906682
 21
178.20857540906445
 31
0.0
  0
LINE
  5
F09
330
17
100
AcDbEntity
  8
OCULTA
100
AcDbLine
 10
132.05644609005785
 20
178.20857540906445
 30
0.0
 11
132.47815133602953
 21
178.20857540906445
 31
0.0
  0
LINE
  5
F0A
330
17
100
AcDbEntity
  8
OCULTA
100
AcDbLine
 10
133.5894260552678
 20
178.20857540906445
 30
0.0
 11
132.9898739007268
 21
178.20857540906445
 31
0.0
  0
LINE
  5
F0B
330
17
100
AcDbEntity
  8
OCULTA
100
AcDbLine
 10
132.47815133602953
 20
178.20857540906445
 30
0.0
 11
132.9898739007268
 21
178.20857540906445
 31
0.0
  0
LINE
  5
F0C
330
17
100
AcDbEntity
  8
OCULTA
100
AcDbLine
 10
146.0000000146184
 20
159.20857540906445
 30
0.0
 11
146.0000000146184
 21
159.20857540906445
 31
0.0
  0
LINE
  5
F0D
330
17
100
AcDbEntity
  8
OCULTA
100
AcDbLine
 10
154.95194949181413
 20
161.20857540906445
 30
0.0
 11
153.5000000146184
 21
161.20857540906445
 31
0.0
  0
LINE
  5
F0E
330
17
100
AcDbEntity
  8
OCULTA
100
AcDbLine
 10
150.60231853993272
 20
161.20857540906445
 30
0.0
 11
152.04805053742265
 21
161.20857540906445
 31
0.0
  0
LINE
  5
F0F
330
17
100
AcDbEntity
  8
OCULTA
100
AcDbLine
 10
153.5000000146184
 20
161.20857540906445
 30
0.0
 11
152.04805053742265
 21
161.20857540906445
 31
0.0
  0
LINE
  5
F10
330
17
100
AcDbEntity
  8
OCULTA
100
AcDbLine
 10
150.60231853993272
 20
161.20857540906445
 30
0.0
 11
149.16899491818285
 21
161.20857540906445
 31
0.0
  0
LINE
  5
F11
330
17
100
AcDbEntity
  8
OCULTA
100
AcDbLine
 10
149.16899491818285
 20
161.20857540906445
 30
0.0
 11
147.75421716244554
 21
161.20857540906445
 31
0.0
  0
LINE
  5
F12
330
17
100
AcDbEntity
  8
OCULTA
100
AcDbLine
 10
147.75421716244554
 20
161.20857540906445
 30
0.0
 11
146.36404372723436
 21
161.20857540906445
 31
0.0
  0
LINE
  5
F13
330
17
100
AcDbEntity
  8
OCULTA
100
AcDbLine
 10
146.0000000146184
 20
149.20857540906445
 30
0.0
 11
146.0000000146184
 21
161.20857540906445
 31
0.0
  0
LINE
  5
F14
330
17
100
AcDbEntity
  8
OCULTA
100
AcDbLine
 10
146.0000000146184
 20
161.20857540906445
 30
0.0
 11
146.0000000146184
 21
161.20857540906445
 31
0.0
  0
LINE
  5
F15
330
17
100
AcDbEntity
  8
OCULTA
100
AcDbLine
 10
146.36404372723436
 20
161.20857540906445
 30
0.0
 11
146.0000000146184
 21
161.20857540906445
 31
0.0
  0
LINE
  5
F16
330
17
100
AcDbEntity
  8
OCULTA
100
AcDbLine
 10
139.9854965356145
 20
178.20857540906445
 30
0.0
 11
141.1663408425603
 21
178.20857540906445
 31
0.0
  0
LINE
  5
F17
330
17
100
AcDbEntity
  8
OCULTA
100
AcDbLine
 10
143.68119145901537
 20
178.20857540906445
 30
0.0
 11
142.39999963314867
 21
178.20857540906445
 31
0.0
  0
LINE
  5
F18
330
17
100
AcDbEntity
  8
OCULTA
100
AcDbLine
 10
141.1663408425603
 20
178.20857540906445
 30
0.0
 11
142.39999963314867
 21
178.20857540906445
 31
0.0
  0
LINE
  5
F19
330
17
100
AcDbEntity
  8
OCULTA
100
AcDbLine
 10
154.95194949181413
 20
178.20857540906445
 30
0.0
 11
153.5000000146184
 21
178.20857540906445
 31
0.0
  0
LINE
  5
F1A
330
17
100
AcDbEntity
  8
OCULTA
100
AcDbLine
 10
150.60231853993272
 20
178.20857540906445
 30
0.0
 11
152.04805053742265
 21
178.20857540906445
 31
0.0
  0
LINE
  5
F1B
330
17
100
AcDbEntity
  8
OCULTA
100
AcDbLine
 10
153.5000000146184
 20
178.20857540906445
 30
0.0
 11
152.04805053742265
 21
178.20857540906445
 31
0.0
  0
LINE
  5
F1C
330
17
100
AcDbEntity
  8
OCULTA
100
AcDbLine
 10
150.60231853993272
 20
178.20857540906445
 30
0.0
 11
149.16899491818285
 21
178.20857540906445
 31
0.0
  0
LINE
  5
F1D
330
17
100
AcDbEntity
  8
OCULTA
100
AcDbLine
 10
149.16899491818285
 20
178.20857540906445
 30
0.0
 11
147.75421716244554
 21
178.20857540906445
 31
0.0
  0
LINE
  5
F1E
330
17
100
AcDbEntity
  8
OCULTA
100
AcDbLine
 10
147.75421716244554
 20
178.20857540906445
 30
0.0
 11
146.36404372723436
 21
178.20857540906445
 31
0.0
  0
LINE
  5
F1F
330
17
100
AcDbEntity
  8
OCULTA
100
AcDbLine
 10
143.68119145901537
 20
178.20857540906445
 30
0.0
 11
145.00442792446947
 21
178.20857540906445
 31
0.0
  0
LINE
  5
F20
330
17
100
AcDbEntity
  8
OCULTA
100
AcDbLine
 10
146.36404372723436
 20
178.20857540906445
 30
0.0
 11
145.00442792446947
 21
178.20857540906445
 31
0.0
  0
LINE
  5
F21
330
17
100
AcDbEntity
  8
OCULTA
100
AcDbLine
 10
135.8875560906682
 20
178.20857540906445
 30
0.0
 11
136.80915643246507
 21
178.20857540906445
 31
0.0
  0
LINE
  5
F22
330
17
100
AcDbEntity
  8
OCULTA
100
AcDbLine
 10
139.9854965356145
 20
178.20857540906445
 30
0.0
 11
138.86252309353685
 21
178.20857540906445
 31
0.0
  0
LINE
  5
F23
330
17
100
AcDbEntity
  8
OCULTA
100
AcDbLine
 10
136.80915643246507
 20
178.20857540906445
 30
0.0
 11
137.80222989590501
 21
178.20857540906445
 31
0.0
  0
LINE
  5
F24
330
17
100
AcDbEntity
  8
OCULTA
100
AcDbLine
 10
138.86252309353685
 20
178.20857540906445
 30
0.0
 11
137.80222989590501
 21
178.20857540906445
 31
0.0
  0
TEXT
  5
F25
330
17
100
AcDbEntity
  8
TEXTO
100
AcDbText
 10
153.5000000146184
 20
182.20857540906445
 30
0.0
 40
3.5
  1
PERFIL
 72
1
 11
153.5000000146184
 21
182.20857540906445
 31
0.0
100
AcDbText
 73
2
  0
LINE
  5
F26
330
17
100
AcDbEntity
  8
VISIBLE
100
AcDbLine
 10
235.67896672790724
 20
176.7331604041355
 30
0.0
 11
237.45031312842391
 21
176.63243453236038
 31
0.0
  0
LINE
  5
F27
330
17
100
AcDbEntity
  8
VISIBLE
100
AcDbLine
 10
239.20645766644492
 20
176.46503683279164
 30
0.0
 11
237.45031312842391
 21
176.63243453236038
 31
0.0
  0
LINE
  5
F28
330
17
100
AcDbEntity
  8
VISIBLE
100
AcDbLine
 10
232.12103632385057
 20
176.7331604041355
 30
0.0
 11
230.3496899233339
 21
176.63243453236038
 31
0.0
  0
LINE
  5
F29
330
17
100
AcDbEntity
  8
VISIBLE
100
AcDbLine
 10
230.3496899233339
 20
176.63243453236038
 30
0.0
 11
228.5935453853129
 21
176.46503683279164
 31
0.0
  0
LINE
  5
F2A
330
17
100
AcDbEntity
  8
VISIBLE
100
AcDbLine
 10
235.67896672790724
 20
176.7331604041355
 30
0.0
 11
233.9000015258789
 21
176.76678423193724
 31
0.0
  0
LINE
  5
F2B
330
17
100
AcDbEntity
  8
VISIBLE
100
AcDbLine
 10
232.12103632385057
 20
176.7331604041355
 30
0.0
 11
233.9000015258789
 21
176.76678423193724
 31
0.0
  0
LINE
  5
F2C
330
17
100
AcDbEntity
  8
VISIBLE
100
AcDbLine
 10
233.9000015258789
 20
173.88003210805496
 30
0.0
 11
235.35195101618513
 21
173.8525897664857
 31
0.0
  0
LINE
  5
F2D
330
17
100
AcDbEntity
  8
VISIBLE
100
AcDbLine
 10
233.9000015258789
 20
173.88003210805496
 30
0.0
 11
232.4480520355727
 21
173.8525897664857
 31
0.0
  0
LINE
  5
F2E
330
17
100
AcDbEntity
  8
VISIBLE
100
AcDbLine
 10
242.6431555267457
 20
175.93337879246724
 30
0.0
 11
244.308991843875
 21
175.57139373076566
 31
0.0
  0
LINE
  5
F2F
330
17
100
AcDbEntity
  8
VISIBLE
100
AcDbLine
 10
244.308991843875
 20
175.57139373076566
 30
0.0
 11
245.9302543283688
 21
175.14728117000425
 31
0.0
  0
LINE
  5
F30
330
17
100
AcDbEntity
  8
VISIBLE
100
AcDbLine
 10
245.9302543283688
 20
175.14728117000425
 30
0.0
 11
247.50000122568986
 21
174.66285619419227
 31
0.0
  0
LINE
  5
F31
330
17
100
AcDbEntity
  8
VISIBLE
100
AcDbLine
 10
239.20645766644492
 20
176.46503683279164
 30
0.0
 11
240.93987932114717
 21
176.23168563018206
 31
0.0
  0
LINE
  5
F32
330
17
100
AcDbEntity
  8
VISIBLE
100
AcDbLine
 10
242.6431555267457
 20
175.93337879246724
 30
0.0
 11
240.93987932114717
 21
176.23168563018206
 31
0.0
  0
LINE
  5
F33
330
17
100
AcDbEntity
  8
VISIBLE
100
AcDbLine
 10
242.3955741489995
 20
172.90438318344636
 30
0.0
 11
243.71881019852654
 21
172.55823221850937
 31
0.0
  0
LINE
  5
F34
330
17
100
AcDbEntity
  8
VISIBLE
100
AcDbLine
 10
247.50000122568986
 20
174.66285619419227
 30
0.0
 11
249.0115126423117
 21
174.12019513173422
 31
0.0
  0
LINE
  5
F35
330
17
100
AcDbEntity
  8
VISIBLE
100
AcDbLine
 10
249.0115126423117
 20
174.12019513173422
 30
0.0
 11
250.45831246207948
 21
173.5216197873254
 31
0.0
  0
LINE
  5
F36
330
17
100
AcDbEntity
  8
VISIBLE
100
AcDbLine
 10
250.45831246207948
 20
173.5216197873254
 30
0.0
 11
251.83420703701714
 21
172.86969379192774
 31
0.0
  0
LINE
  5
F37
330
17
100
AcDbEntity
  8
VISIBLE
100
AcDbLine
 10
243.71881019852654
 20
172.55823221850937
 30
0.0
 11
245.00000190067826
 21
172.1628567358837
 31
0.0
  0
LINE
  5
F38
330
17
100
AcDbEntity
  8
VISIBLE
100
AcDbLine
 10
245.00000190067826
 20
172.1628567358837
 30
0.0
 11
246.233661061429
 21
171.7199489840993
 31
0.0
  0
LINE
  5
F39
330
17
100
AcDbEntity
  8
VISIBLE
100
AcDbLine
 10
246.233661061429
 20
171.7199489840993
 30
0.0
 11
247.41450566913593
 21
171.2314060997083
 31
0.0
  0
LINE
  5
F3A
330
17
100
AcDbEntity
  8
VISIBLE
100
AcDbLine
 10
248.53747835485888
 20
170.69931944921467
 30
0.0
 11
247.41450566913593
 21
171.2314060997083
 31
0.0
  0
LINE
  5
F3B
330
17
100
AcDbEntity
  8
VISIBLE
100
AcDbLine
 10
239.64578360268055
 20
173.4432976664489
 30
0.0
 11
238.23100695841134
 21
173.63375417458371
 31
0.0
  0
LINE
  5
F3C
330
17
100
AcDbEntity
  8
VISIBLE
100
AcDbLine
 10
235.35195101618513
 20
173.8525897664857
 30
0.0
 11
236.79768300339904
 21
173.77037954255064
 31
0.0
  0
LINE
  5
F3D
330
17
100
AcDbEntity
  8
VISIBLE
100
AcDbLine
 10
238.23100695841134
 20
173.63375417458371
 30
0.0
 11
236.79768300339904
 21
173.77037954255064
 31
0.0
  0
LINE
  5
F3E
330
17
100
AcDbEntity
  8
VISIBLE
100
AcDbLine
 10
242.3955741489995
 20
172.90438318344636
 30
0.0
 11
241.0359572770126
 21
173.19982606621213
 31
0.0
  0
LINE
  5
F3F
330
17
100
AcDbEntity
  8
VISIBLE
100
AcDbLine
 10
239.64578360268055
 20
173.4432976664489
 30
0.0
 11
241.0359572770126
 21
173.19982606621213
 31
0.0
  0
LINE
  5
F40
330
17
100
AcDbEntity
  8
VISIBLE
100
AcDbLine
 10
239.10732119807676
 20
169.91956454671762
 30
0.0
 11
238.09286981947992
 21
170.09723273290655
 31
0.0
  0
LINE
  5
F41
330
17
100
AcDbEntity
  8
VISIBLE
100
AcDbLine
 10
241.0650783891101
 20
169.45137390498502
 30
0.0
 11
242.00000169914
 21
169.1628567240424
 31
0.0
  0
LINE
  5
F42
330
17
100
AcDbEntity
  8
VISIBLE
100
AcDbLine
 10
239.10732119807676
 20
169.91956454671762
 30
0.0
 11
240.09947318488867
 21
169.7039703709288
 31
0.0
  0
LINE
  5
F43
330
17
100
AcDbEntity
  8
VISIBLE
100
AcDbLine
 10
241.0650783891101
 20
169.45137390498502
 30
0.0
 11
240.09947318488867
 21
169.7039703709288
 31
0.0
  0
LINE
  5
F44
330
17
100
AcDbEntity
  8
VISIBLE
100
AcDbLine
 10
242.00000169914
 20
169.1628567240424
 30
0.0
 11
242.90023916436976
 21
168.83965360693736
 31
0.0
  0
LINE
  5
F45
330
17
100
AcDbEntity
  8
VISIBLE
100
AcDbLine
 10
242.90023916436976
 20
168.83965360693736
 30
0.0
 11
243.76193687697162
 21
168.4831494214994
 31
0.0
  0
LINE
  5
F46
330
17
100
AcDbEntity
  8
VISIBLE
100
AcDbLine
 10
243.76193687697162
 20
168.4831494214994
 30
0.0
 11
244.58140311019073
 21
168.0948697804893
 31
0.0
  0
LINE
  5
F47
330
17
100
AcDbEntity
  8
VISIBLE
100
AcDbLine
 10
243.36450726837933
 20
174.28390893492883
 30
0.0
 11
243.71881019852654
 21
174.1912253803648
 31
0.0
  0
LINE
  5
F48
330
17
100
AcDbEntity
  8
VISIBLE
100
AcDbLine
 10
243.71881019852654
 20
174.1912253803648
 30
0.0
 11
245.00000190067826
 21
173.79584989773917
 31
0.0
  0
LINE
  5
F49
330
17
100
AcDbEntity
  8
VISIBLE
100
AcDbLine
 10
245.00000190067826
 20
173.79584989773917
 30
0.0
 11
246.233661061429
 21
173.35294214595473
 31
0.0
  0
LINE
  5
F4A
330
17
100
AcDbEntity
  8
VISIBLE
100
AcDbLine
 10
246.233661061429
 20
173.35294214595473
 30
0.0
 11
247.41450566913593
 21
172.86439926156373
 31
0.0
  0
LINE
  5
F4B
330
17
100
AcDbEntity
  8
VISIBLE
100
AcDbLine
 10
248.53747835485888
 20
172.33231261107014
 30
0.0
 11
247.41450566913593
 21
172.86439926156373
 31
0.0
  0
LINE
  5
F4C
330
17
100
AcDbEntity
  8
VISIBLE
100
AcDbLine
 10
243.36450726837933
 20
174.28390893492883
 30
0.0
 11
238.74390847950502
 21
171.616204980355
 31
0.0
  0
LINE
  5
F4D
330
17
100
AcDbEntity
  8
VISIBLE
100
AcDbLine
 10
239.10732119807676
 20
171.55255770857306
 30
0.0
 11
238.74390847950502
 21
171.616204980355
 31
0.0
  0
LINE
  5
F4E
330
17
100
AcDbEntity
  8
VISIBLE
100
AcDbLine
 10
241.0650783891101
 20
171.08436706684046
 30
0.0
 11
242.00000169914
 21
170.79584988589784
 31
0.0
  0
LINE
  5
F4F
330
17
100
AcDbEntity
  8
VISIBLE
100
AcDbLine
 10
239.10732119807676
 20
171.55255770857306
 30
0.0
 11
240.09947318488867
 21
171.33696353278424
 31
0.0
  0
LINE
  5
F50
330
17
100
AcDbEntity
  8
VISIBLE
100
AcDbLine
 10
241.0650783891101
 20
171.08436706684046
 30
0.0
 11
240.09947318488867
 21
171.33696353278424
 31
0.0
  0
LINE
  5
F51
330
17
100
AcDbEntity
  8
VISIBLE
100
AcDbLine
 10
242.00000169914
 20
170.79584988589784
 30
0.0
 11
242.90023916436976
 21
170.4726467687928
 31
0.0
  0
LINE
  5
F52
330
17
100
AcDbEntity
  8
VISIBLE
100
AcDbLine
 10
242.90023916436976
 20
170.4726467687928
 30
0.0
 11
243.76193687697162
 21
170.11614258335487
 31
0.0
  0
LINE
  5
F53
330
17
100
AcDbEntity
  8
VISIBLE
100
AcDbLine
 10
243.76193687697162
 20
170.11614258335487
 30
0.0
 11
244.58140311019073
 21
169.72786294234473
 31
0.0
  0
LINE
  5
F54
330
17
100
AcDbEntity
  8
VISIBLE
100
AcDbLine
 10
225.15684752501213
 20
175.93337879246724
 30
0.0
 11
223.49101120788282
 21
175.57139373076566
 31
0.0
  0
LINE
  5
F55
330
17
100
AcDbEntity
  8
VISIBLE
100
AcDbLine
 10
228.5935453853129
 20
176.46503683279164
 30
0.0
 11
226.86012373061064
 21
176.23168563018206
 31
0.0
  0
LINE
  5
F56
330
17
100
AcDbEntity
  8
VISIBLE
100
AcDbLine
 10
225.15684752501213
 20
175.93337879246724
 30
0.0
 11
226.86012373061064
 21
176.23168563018206
 31
0.0
  0
LINE
  5
F57
330
17
100
AcDbEntity
  8
VISIBLE
100
AcDbLine
 10
223.49101120788282
 20
175.57139373076566
 30
0.0
 11
221.86974872338902
 21
175.14728117000425
 31
0.0
  0
LINE
  5
F58
330
17
100
AcDbEntity
  8
VISIBLE
100
AcDbLine
 10
221.86974872338902
 20
175.14728117000425
 30
0.0
 11
220.30000182606796
 21
174.66285619419227
 31
0.0
  0
LINE
  5
F59
330
17
100
AcDbEntity
  8
VISIBLE
100
AcDbLine
 10
225.40442890275835
 20
172.90438318344636
 30
0.0
 11
224.08119285323127
 21
172.55823221850937
 31
0.0
  0
LINE
  5
F5A
330
17
100
AcDbEntity
  8
VISIBLE
100
AcDbLine
 10
232.4480520355727
 20
173.8525897664857
 30
0.0
 11
231.00232004835877
 21
173.77037954255064
 31
0.0
  0
LINE
  5
F5B
330
17
100
AcDbEntity
  8
VISIBLE
100
AcDbLine
 10
231.00232004835877
 20
173.77037954255064
 30
0.0
 11
229.56899609334647
 21
173.63375417458371
 31
0.0
  0
LINE
  5
F5C
330
17
100
AcDbEntity
  8
VISIBLE
100
AcDbLine
 10
229.56899609334647
 20
173.63375417458371
 30
0.0
 11
228.15421944907726
 21
173.4432976664489
 31
0.0
  0
LINE
  5
F5D
330
17
100
AcDbEntity
  8
VISIBLE
100
AcDbLine
 10
225.40442890275835
 20
172.90438318344636
 30
0.0
 11
226.7640457747452
 21
173.19982606621213
 31
0.0
  0
LINE
  5
F5E
330
17
100
AcDbEntity
  8
VISIBLE
100
AcDbLine
 10
228.15421944907726
 20
173.4432976664489
 30
0.0
 11
226.7640457747452
 21
173.19982606621213
 31
0.0
  0
LINE
  5
F5F
330
17
100
AcDbEntity
  8
VISIBLE
100
AcDbLine
 10
229.7071332322779
 20
170.09723273290655
 30
0.0
 11
228.69268185368105
 21
169.91956454671762
 31
0.0
  0
LINE
  5
F60
330
17
100
AcDbEntity
  8
VISIBLE
100
AcDbLine
 10
220.30000182606796
 20
174.66285619419227
 30
0.0
 11
218.78849040944613
 21
174.12019513173422
 31
0.0
  0
LINE
  5
F61
330
17
100
AcDbEntity
  8
VISIBLE
100
AcDbLine
 10
218.78849040944613
 20
174.12019513173422
 30
0.0
 11
217.34169058967834
 21
173.5216197873254
 31
0.0
  0
LINE
  5
F62
330
17
100
AcDbEntity
  8
VISIBLE
100
AcDbLine
 10
224.08119285323127
 20
172.55823221850937
 30
0.0
 11
222.80000115107956
 21
172.1628567358837
 31
0.0
  0
LINE
  5
F63
330
17
100
AcDbEntity
  8
VISIBLE
100
AcDbLine
 10
222.80000115107956
 20
172.1628567358837
 30
0.0
 11
221.56634199032882
 21
171.7199489840993
 31
0.0
  0
LINE
  5
F64
330
17
100
AcDbEntity
  8
VISIBLE
100
AcDbLine
 10
217.34169058967834
 20
173.5216197873254
 30
0.0
 11
215.96579601474068
 21
172.86969379192774
 31
0.0
  0
LINE
  5
F65
330
17
100
AcDbEntity
  8
VISIBLE
100
AcDbLine
 10
215.96579601474068
 20
172.86969379192774
 30
0.0
 11
214.66669653812517
 21
172.16721029002187
 31
0.0
  0
LINE
  5
F66
330
17
100
AcDbEntity
  8
VISIBLE
100
AcDbLine
 10
221.56634199032882
 20
171.7199489840993
 30
0.0
 11
220.38549738262188
 21
171.2314060997083
 31
0.0
  0
LINE
  5
F67
330
17
100
AcDbEntity
  8
VISIBLE
100
AcDbLine
 10
220.38549738262188
 20
171.2314060997083
 30
0.0
 11
219.26252469689894
 21
170.69931944921467
 31
0.0
  0
LINE
  5
F68
330
17
100
AcDbEntity
  8
VISIBLE
100
AcDbLine
 10
219.26252469689894
 20
170.69931944921467
 30
0.0
 11
218.2022304440579
 21
170.12596883770254
 31
0.0
  0
LINE
  5
F69
330
17
100
AcDbEntity
  8
VISIBLE
100
AcDbLine
 10
228.69268185368105
 20
169.91956454671762
 30
0.0
 11
227.70052986686915
 21
169.7039703709288
 31
0.0
  0
LINE
  5
F6A
330
17
100
AcDbEntity
  8
VISIBLE
100
AcDbLine
 10
226.7349246626477
 20
169.45137390498502
 30
0.0
 11
227.70052986686915
 21
169.7039703709288
 31
0.0
  0
LINE
  5
F6B
330
17
100
AcDbEntity
  8
VISIBLE
100
AcDbLine
 10
226.7349246626477
 20
169.45137390498502
 30
0.0
 11
225.8000013526178
 21
169.1628567240424
 31
0.0
  0
LINE
  5
F6C
330
17
100
AcDbEntity
  8
VISIBLE
100
AcDbLine
 10
225.8000013526178
 20
169.1628567240424
 30
0.0
 11
224.89976388738805
 21
168.83965360693736
 31
0.0
  0
LINE
  5
F6D
330
17
100
AcDbEntity
  8
VISIBLE
100
AcDbLine
 10
224.89976388738805
 20
168.83965360693736
 30
0.0
 11
224.0380661747862
 21
168.4831494214994
 31
0.0
  0
LINE
  5
F6E
330
17
100
AcDbEntity
  8
VISIBLE
100
AcDbLine
 10
224.0380661747862
 20
168.4831494214994
 30
0.0
 11
223.21859994156708
 21
168.0948697804893
 31
0.0
  0
LINE
  5
F6F
330
17
100
AcDbEntity
  8
VISIBLE
100
AcDbLine
 10
223.21859994156708
 20
168.0948697804893
 30
0.0
 11
222.44487113117717
 21
167.67647909491936
 31
0.0
  0
LINE
  5
F70
330
17
100
AcDbEntity
  8
VISIBLE
100
AcDbLine
 10
224.43549578337849
 20
174.28390893492883
 30
0.0
 11
224.08119285323127
 21
174.1912253803648
 31
0.0
  0
LINE
  5
F71
330
17
100
AcDbEntity
  8
VISIBLE
100
AcDbLine
 10
224.43549578337849
 20
174.28390893492883
 30
0.0
 11
229.0560945722528
 21
171.616204980355
 31
0.0
  0
LINE
  5
F72
330
17
100
AcDbEntity
  8
VISIBLE
100
AcDbLine
 10
228.69268185368105
 20
171.55255770857306
 30
0.0
 11
229.0560945722528
 21
171.616204980355
 31
0.0
  0
LINE
  5
F73
330
17
100
AcDbEntity
  8
VISIBLE
100
AcDbLine
 10
224.08119285323127
 20
174.1912253803648
 30
0.0
 11
222.80000115107956
 21
173.79584989773917
 31
0.0
  0
LINE
  5
F74
330
17
100
AcDbEntity
  8
VISIBLE
100
AcDbLine
 10
222.80000115107956
 20
173.79584989773917
 30
0.0
 11
221.56634199032882
 21
173.35294214595473
 31
0.0
  0
LINE
  5
F75
330
17
100
AcDbEntity
  8
VISIBLE
100
AcDbLine
 10
221.56634199032882
 20
173.35294214595473
 30
0.0
 11
220.38549738262188
 21
172.86439926156373
 31
0.0
  0
LINE
  5
F76
330
17
100
AcDbEntity
  8
VISIBLE
100
AcDbLine
 10
220.38549738262188
 20
172.86439926156373
 30
0.0
 11
219.26252469689894
 21
172.33231261107014
 31
0.0
  0
LINE
  5
F77
330
17
100
AcDbEntity
  8
VISIBLE
100
AcDbLine
 10
219.26252469689894
 20
172.33231261107014
 30
0.0
 11
218.2022304440579
 21
171.758961999558
 31
0.0
  0
LINE
  5
F78
330
17
100
AcDbEntity
  8
VISIBLE
100
AcDbLine
 10
228.69268185368105
 20
171.55255770857306
 30
0.0
 11
227.70052986686915
 21
171.33696353278424
 31
0.0
  0
LINE
  5
F79
330
17
100
AcDbEntity
  8
VISIBLE
100
AcDbLine
 10
226.7349246626477
 20
171.08436706684046
 30
0.0
 11
227.70052986686915
 21
171.33696353278424
 31
0.0
  0
LINE
  5
F7A
330
17
100
AcDbEntity
  8
VISIBLE
100
AcDbLine
 10
226.7349246626477
 20
171.08436706684046
 30
0.0
 11
225.8000013526178
 21
170.79584988589784
 31
0.0
  0
LINE
  5
F7B
330
17
100
AcDbEntity
  8
VISIBLE
100
AcDbLine
 10
225.8000013526178
 20
170.79584988589784
 30
0.0
 11
224.89976388738805
 21
170.4726467687928
 31
0.0
  0
LINE
  5
F7C
330
17
100
AcDbEntity
  8
VISIBLE
100
AcDbLine
 10
224.89976388738805
 20
170.4726467687928
 30
0.0
 11
224.0380661747862
 21
170.11614258335487
 31
0.0
  0
LINE
  5
F7D
330
17
100
AcDbEntity
  8
VISIBLE
100
AcDbLine
 10
224.0380661747862
 20
170.11614258335487
 30
0.0
 11
223.21859994156708
 21
169.72786294234473
 31
0.0
  0
LINE
  5
F7E
330
17
100
AcDbEntity
  8
VISIBLE
100
AcDbLine
 10
223.21859994156708
 20
169.72786294234473
 30
0.0
 11
222.44487113117717
 21
169.30947225677482
 31
0.0
  0
LINE
  5
F7F
330
17
100
AcDbEntity
  8
VISIBLE
100
AcDbLine
 10
234.95953216211865
 20
170.39590515704026
 30
0.0
 11
233.9000015258789
 21
170.41593064953676
 31
0.0
  0
LINE
  5
F80
330
17
100
AcDbEntity
  8
VISIBLE
100
AcDbLine
 10
232.84047088963916
 20
170.39590515704026
 30
0.0
 11
233.9000015258789
 21
170.41593064953676
 31
0.0
  0
LINE
  5
F81
330
17
100
AcDbEntity
  8
VISIBLE
100
AcDbLine
 10
234.95953216211865
 20
170.39590515704026
 30
0.0
 11
236.01452577440986
 21
170.3359143334508
 31
0.0
  0
LINE
  5
F82
330
17
100
AcDbEntity
  8
VISIBLE
100
AcDbLine
 10
238.09286981947992
 20
170.09723273290655
 30
0.0
 11
237.0604648949418
 21
170.23621397246086
 31
0.0
  0
LINE
  5
F83
330
17
100
AcDbEntity
  8
VISIBLE
100
AcDbLine
 10
236.01452577440986
 20
170.3359143334508
 30
0.0
 11
237.0604648949418
 21
170.23621397246086
 31
0.0
  0
LINE
  5
F84
330
17
100
AcDbEntity
  8
VISIBLE
100
AcDbLine
 10
232.84047088963916
 20
170.39590515704026
 30
0.0
 11
231.78547727734795
 21
170.3359143334508
 31
0.0
  0
LINE
  5
F85
330
17
100
AcDbEntity
  8
VISIBLE
100
AcDbLine
 10
229.7071332322779
 20
170.09723273290655
 30
0.0
 11
230.73953815681602
 21
170.23621397246086
 31
0.0
  0
LINE
  5
F86
330
17
100
AcDbEntity
  8
VISIBLE
100
AcDbLine
 10
231.78547727734795
 20
170.3359143334508
 30
0.0
 11
230.73953815681602
 21
170.23621397246086
 31
0.0
  0
LINE
  5
F87
330
17
100
AcDbEntity
  8
VISIBLE
100
AcDbLine
 10
233.9000015258789
 20
199.19142611681445
 30
0.0
 11
235.35195101618513
 21
199.16398377524519
 31
0.0
  0
LINE
  5
F88
330
17
100
AcDbEntity
  8
VISIBLE
100
AcDbLine
 10
233.9000015258789
 20
199.19142611681445
 30
0.0
 11
232.4480520355727
 21
199.16398377524519
 31
0.0
  0
LINE
  5
F89
330
17
100
AcDbEntity
  8
VISIBLE
100
AcDbLine
 10
243.36450726837933
 20
174.28390893492883
 30
0.0
 11
243.36450726837933
 21
184.08186790606155
 31
0.0
  0
LINE
  5
F8A
330
17
100
AcDbEntity
  8
VISIBLE
100
AcDbLine
 10
240.07164008048164
 20
181.3576545695995
 30
0.0
 11
241.09085405296022
 21
181.13618044824003
 31
0.0
  0
LINE
  5
F8B
330
17
100
AcDbEntity
  8
VISIBLE
100
AcDbLine
 10
243.36450726837933
 20
184.08186790606155
 30
0.0
 11
241.09085405296022
 21
182.76917361009546
 31
0.0
  0
LINE
  5
F8C
330
17
100
AcDbEntity
  8
VISIBLE
100
AcDbLine
 10
241.09085405296022
 20
181.13618044824003
 30
0.0
 11
241.09085405296022
 21
182.76917361009546
 31
0.0
  0
LINE
  5
F8D
330
17
100
AcDbEntity
  8
VISIBLE
100
AcDbLine
 10
241.09085405296022
 20
182.76917361009546
 30
0.0
 11
241.24752366694406
 21
182.73512891017575
 31
0.0
  0
LINE
  5
F8E
330
17
100
AcDbEntity
  8
VISIBLE
100
AcDbLine
 10
237.64573558950178
 20
181.73294284998704
 30
0.0
 11
236.40610438890445
 21
181.85110551979753
 31
0.0
  0
LINE
  5
F8F
330
17
100
AcDbEntity
  8
VISIBLE
100
AcDbLine
 10
235.1557415891519
 20
181.9222068222316
 30
0.0
 11
236.40610438890445
 21
181.85110551979753
 31
0.0
  0
LINE
  5
F90
330
17
100
AcDbEntity
  8
VISIBLE
100
AcDbLine
 10
240.07164008048164
 20
181.3576545695995
 30
0.0
 11
238.86932671108022
 21
181.56822417081045
 31
0.0
  0
LINE
  5
F91
330
17
100
AcDbEntity
  8
VISIBLE
100
AcDbLine
 10
237.64573558950178
 20
181.73294284998704
 30
0.0
 11
238.86932671108022
 21
181.56822417081045
 31
0.0
  0
LINE
  5
F92
330
17
100
AcDbEntity
  8
VISIBLE
100
AcDbLine
 10
238.74390847950502
 20
171.616204980355
 30
0.0
 11
238.74390847950502
 21
179.78117078963226
 31
0.0
  0
LINE
  5
F93
330
17
100
AcDbEntity
  8
VISIBLE
100
AcDbLine
 10
241.09085405296022
 20
181.13618044824003
 30
0.0
 11
238.74390847950502
 21
179.78117078963226
 31
0.0
  0
LINE
  5
F94
330
17
100
AcDbEntity
  8
VISIBLE
100
AcDbLine
 10
238.09286981947992
 20
179.89519170403926
 30
0.0
 11
238.74390847950502
 21
179.78117078963226
 31
0.0
  0
LINE
  5
F95
330
17
100
AcDbEntity
  8
VISIBLE
100
AcDbLine
 10
241.24752366694406
 20
182.73512891017575
 30
0.0
 11
242.3919447995805
 21
182.43575529206933
 31
0.0
  0
LINE
  5
F96
330
17
100
AcDbEntity
  8
VISIBLE
100
AcDbLine
 10
244.56695011289938
 20
181.71075342850648
 30
0.0
 11
243.50000196849652
 21
182.09380876561724
 31
0.0
  0
LINE
  5
F97
330
17
100
AcDbEntity
  8
VISIBLE
100
AcDbLine
 10
242.3919447995805
 20
182.43575529206933
 30
0.0
 11
243.50000196849652
 21
182.09380876561724
 31
0.0
  0
LINE
  5
F98
330
17
100
AcDbEntity
  8
VISIBLE
100
AcDbLine
 10
244.56695011289938
 20
181.71075342850648
 30
0.0
 11
245.58822135734746
 21
181.288229844925
 31
0.0
  0
LINE
  5
F99
330
17
100
AcDbEntity
  8
VISIBLE
100
AcDbLine
 10
245.58822135734746
 20
181.288229844925
 30
0.0
 11
246.55944144902122
 21
180.82804711284257
 31
0.0
  0
LINE
  5
F9A
330
17
100
AcDbEntity
  8
VISIBLE
100
AcDbLine
 10
242.3955741489995
 20
198.21577719220585
 30
0.0
 11
243.71881019852654
 21
197.8696262272689
 31
0.0
  0
LINE
  5
F9B
330
17
100
AcDbEntity
  8
VISIBLE
100
AcDbLine
 10
243.71881019852654
 20
197.8696262272689
 30
0.0
 11
245.00000190067826
 21
197.47425074464323
 31
0.0
  0
LINE
  5
F9C
330
17
100
AcDbEntity
  8
VISIBLE
100
AcDbLine
 10
245.00000190067826
 20
197.47425074464323
 30
0.0
 11
246.233661061429
 21
197.03134299285878
 31
0.0
  0
LINE
  5
F9D
330
17
100
AcDbEntity
  8
VISIBLE
100
AcDbLine
 10
246.233661061429
 20
197.03134299285878
 30
0.0
 11
247.41450566913593
 21
196.5428001084678
 31
0.0
  0
LINE
  5
F9E
330
17
100
AcDbEntity
  8
VISIBLE
100
AcDbLine
 10
248.53747835485888
 20
196.0107134579742
 30
0.0
 11
247.41450566913593
 21
196.5428001084678
 31
0.0
  0
LINE
  5
F9F
330
17
100
AcDbEntity
  8
VISIBLE
100
AcDbLine
 10
239.64578360268055
 20
198.7546916752084
 30
0.0
 11
238.23100695841134
 21
198.94514818334324
 31
0.0
  0
LINE
  5
FA0
330
17
100
AcDbEntity
  8
VISIBLE
100
AcDbLine
 10
235.35195101618513
 20
199.16398377524519
 30
0.0
 11
236.79768300339904
 21
199.08177355131016
 31
0.0
  0
LINE
  5
FA1
330
17
100
AcDbEntity
  8
VISIBLE
100
AcDbLine
 10
238.23100695841134
 20
198.94514818334324
 30
0.0
 11
236.79768300339904
 21
199.08177355131016
 31
0.0
  0
LINE
  5
FA2
330
17
100
AcDbEntity
  8
VISIBLE
100
AcDbLine
 10
242.3955741489995
 20
198.21577719220585
 30
0.0
 11
241.0359572770126
 21
198.51122007497165
 31
0.0
  0
LINE
  5
FA3
330
17
100
AcDbEntity
  8
VISIBLE
100
AcDbLine
 10
239.64578360268055
 20
198.7546916752084
 30
0.0
 11
241.0359572770126
 21
198.51122007497165
 31
0.0
  0
LINE
  5
FA4
330
17
100
AcDbEntity
  8
VISIBLE
100
AcDbLine
 10
240.07164008048164
 20
196.8710896072263
 30
0.0
 11
241.24752366694406
 21
196.61557078594709
 31
0.0
  0
LINE
  5
FA5
330
17
100
AcDbEntity
  8
VISIBLE
100
AcDbLine
 10
237.64573558950178
 20
197.24637788761385
 30
0.0
 11
236.40610438890445
 21
197.36454055742433
 31
0.0
  0
LINE
  5
FA6
330
17
100
AcDbEntity
  8
VISIBLE
100
AcDbLine
 10
235.1557415891519
 20
197.43564185985838
 30
0.0
 11
236.40610438890445
 21
197.36454055742433
 31
0.0
  0
LINE
  5
FA7
330
17
100
AcDbEntity
  8
VISIBLE
100
AcDbLine
 10
240.07164008048164
 20
196.8710896072263
 30
0.0
 11
238.86932671108022
 21
197.08165920843723
 31
0.0
  0
LINE
  5
FA8
330
17
100
AcDbEntity
  8
VISIBLE
100
AcDbLine
 10
237.64573558950178
 20
197.24637788761385
 30
0.0
 11
238.86932671108022
 21
197.08165920843723
 31
0.0
  0
LINE
  5
FA9
330
17
100
AcDbEntity
  8
VISIBLE
100
AcDbLine
 10
241.24752366694406
 20
196.61557078594709
 30
0.0
 11
242.3919447995805
 21
196.31619716784067
 31
0.0
  0
LINE
  5
FAA
330
17
100
AcDbEntity
  8
VISIBLE
100
AcDbLine
 10
244.56695011289938
 20
195.59119530427782
 30
0.0
 11
243.50000196849652
 21
195.97425064138858
 31
0.0
  0
LINE
  5
FAB
330
17
100
AcDbEntity
  8
VISIBLE
100
AcDbLine
 10
242.3919447995805
 20
196.31619716784067
 30
0.0
 11
243.50000196849652
 21
195.97425064138858
 31
0.0
  0
LINE
  5
FAC
330
17
100
AcDbEntity
  8
VISIBLE
100
AcDbLine
 10
244.56695011289938
 20
195.59119530427782
 30
0.0
 11
245.58822135734746
 21
195.16867172069635
 31
0.0
  0
LINE
  5
FAD
330
17
100
AcDbEntity
  8
VISIBLE
100
AcDbLine
 10
245.58822135734746
 20
195.16867172069635
 30
0.0
 11
246.55944144902122
 21
194.7084889886139
 31
0.0
  0
LINE
  5
FAE
330
17
100
AcDbEntity
  8
VISIBLE
100
AcDbLine
 10
224.43549578337849
 20
174.28390893492883
 30
0.0
 11
224.43549578337849
 21
184.08186790606155
 31
0.0
  0
LINE
  5
FAF
330
17
100
AcDbEntity
  8
VISIBLE
100
AcDbLine
 10
232.64426146260593
 20
181.9222068222316
 30
0.0
 11
231.39389866285336
 21
181.85110551979753
 31
0.0
  0
LINE
  5
FB0
330
17
100
AcDbEntity
  8
VISIBLE
100
AcDbLine
 10
230.15426746225603
 20
181.73294284998704
 30
0.0
 11
231.39389866285336
 21
181.85110551979753
 31
0.0
  0
LINE
  5
FB1
330
17
100
AcDbEntity
  8
VISIBLE
100
AcDbLine
 10
227.72836297127617
 20
181.3576545695995
 30
0.0
 11
226.7091489987976
 21
181.13618044824003
 31
0.0
  0
LINE
  5
FB2
330
17
100
AcDbEntity
  8
VISIBLE
100
AcDbLine
 10
224.43549578337849
 20
184.08186790606155
 30
0.0
 11
226.7091489987976
 21
182.76917361009546
 31
0.0
  0
LINE
  5
FB3
330
17
100
AcDbEntity
  8
VISIBLE
100
AcDbLine
 10
226.7091489987976
 20
181.13618044824003
 30
0.0
 11
226.7091489987976
 21
182.76917361009546
 31
0.0
  0
LINE
  5
FB4
330
17
100
AcDbEntity
  8
VISIBLE
100
AcDbLine
 10
226.7091489987976
 20
182.76917361009546
 30
0.0
 11
226.55247938481375
 21
182.73512891017575
 31
0.0
  0
LINE
  5
FB5
330
17
100
AcDbEntity
  8
VISIBLE
100
AcDbLine
 10
230.15426746225603
 20
181.73294284998704
 30
0.0
 11
228.9306763406776
 21
181.56822417081045
 31
0.0
  0
LINE
  5
FB6
330
17
100
AcDbEntity
  8
VISIBLE
100
AcDbLine
 10
227.72836297127617
 20
181.3576545695995
 30
0.0
 11
228.9306763406776
 21
181.56822417081045
 31
0.0
  0
LINE
  5
FB7
330
17
100
AcDbEntity
  8
VISIBLE
100
AcDbLine
 10
229.0560945722528
 20
171.616204980355
 30
0.0
 11
229.0560945722528
 21
179.78117078963226
 31
0.0
  0
LINE
  5
FB8
330
17
100
AcDbEntity
  8
VISIBLE
100
AcDbLine
 10
226.7091489987976
 20
181.13618044824003
 30
0.0
 11
229.0560945722528
 21
179.78117078963226
 31
0.0
  0
LINE
  5
FB9
330
17
100
AcDbEntity
  8
VISIBLE
100
AcDbLine
 10
229.7071332322779
 20
179.89519170403926
 30
0.0
 11
229.0560945722528
 21
179.78117078963226
 31
0.0
  0
LINE
  5
FBA
330
17
100
AcDbEntity
  8
VISIBLE
100
AcDbLine
 10
226.55247938481375
 20
182.73512891017575
 30
0.0
 11
225.4080582521773
 21
182.43575529206933
 31
0.0
  0
LINE
  5
FBB
330
17
100
AcDbEntity
  8
VISIBLE
100
AcDbLine
 10
225.4080582521773
 20
182.43575529206933
 30
0.0
 11
224.3000010832613
 21
182.09380876561724
 31
0.0
  0
LINE
  5
FBC
330
17
100
AcDbEntity
  8
VISIBLE
100
AcDbLine
 10
223.23305293885844
 20
181.71075342850648
 30
0.0
 11
224.3000010832613
 21
182.09380876561724
 31
0.0
  0
LINE
  5
FBD
330
17
100
AcDbEntity
  8
VISIBLE
100
AcDbLine
 10
223.23305293885844
 20
181.71075342850648
 30
0.0
 11
222.21178169441035
 21
181.288229844925
 31
0.0
  0
LINE
  5
FBE
330
17
100
AcDbEntity
  8
VISIBLE
100
AcDbLine
 10
222.21178169441035
 20
181.288229844925
 30
0.0
 11
221.2405616027366
 21
180.82804711284257
 31
0.0
  0
LINE
  5
FBF
330
17
100
AcDbEntity
  8
VISIBLE
100
AcDbLine
 10
221.2405616027366
 20
180.82804711284257
 30
0.0
 11
220.32355078761753
 21
180.33217609929912
 31
0.0
  0
LINE
  5
FC0
330
17
100
AcDbEntity
  8
VISIBLE
100
AcDbLine
 10
225.40442890275835
 20
198.21577719220585
 30
0.0
 11
224.08119285323127
 21
197.8696262272689
 31
0.0
  0
LINE
  5
FC1
330
17
100
AcDbEntity
  8
VISIBLE
100
AcDbLine
 10
232.4480520355727
 20
199.16398377524519
 30
0.0
 11
231.00232004835877
 21
199.08177355131016
 31
0.0
  0
LINE
  5
FC2
330
17
100
AcDbEntity
  8
VISIBLE
100
AcDbLine
 10
231.00232004835877
 20
199.08177355131016
 30
0.0
 11
229.56899609334647
 21
198.94514818334324
 31
0.0
  0
LINE
  5
FC3
330
17
100
AcDbEntity
  8
VISIBLE
100
AcDbLine
 10
229.56899609334647
 20
198.94514818334324
 30
0.0
 11
228.15421944907726
 21
198.7546916752084
 31
0.0
  0
LINE
  5
FC4
330
17
100
AcDbEntity
  8
VISIBLE
100
AcDbLine
 10
232.64426146260593
 20
197.43564185985838
 30
0.0
 11
231.39389866285336
 21
197.36454055742433
 31
0.0
  0
LINE
  5
FC5
330
17
100
AcDbEntity
  8
VISIBLE
100
AcDbLine
 10
230.15426746225603
 20
197.24637788761385
 30
0.0
 11
231.39389866285336
 21
197.36454055742433
 31
0.0
  0
LINE
  5
FC6
330
17
100
AcDbEntity
  8
VISIBLE
100
AcDbLine
 10
225.40442890275835
 20
198.21577719220585
 30
0.0
 11
226.7640457747452
 21
198.51122007497165
 31
0.0
  0
LINE
  5
FC7
330
17
100
AcDbEntity
  8
VISIBLE
100
AcDbLine
 10
228.15421944907726
 20
198.7546916752084
 30
0.0
 11
226.7640457747452
 21
198.51122007497165
 31
0.0
  0
LINE
  5
FC8
330
17
100
AcDbEntity
  8
VISIBLE
100
AcDbLine
 10
227.72836297127617
 20
196.8710896072263
 30
0.0
 11
226.55247938481375
 21
196.61557078594709
 31
0.0
  0
LINE
  5
FC9
330
17
100
AcDbEntity
  8
VISIBLE
100
AcDbLine
 10
230.15426746225603
 20
197.24637788761385
 30
0.0
 11
228.9306763406776
 21
197.08165920843723
 31
0.0
  0
LINE
  5
FCA
330
17
100
AcDbEntity
  8
VISIBLE
100
AcDbLine
 10
227.72836297127617
 20
196.8710896072263
 30
0.0
 11
228.9306763406776
 21
197.08165920843723
 31
0.0
  0
LINE
  5
FCB
330
17
100
AcDbEntity
  8
VISIBLE
100
AcDbLine
 10
224.08119285323127
 20
197.8696262272689
 30
0.0
 11
222.80000115107956
 21
197.47425074464323
 31
0.0
  0
LINE
  5
FCC
330
17
100
AcDbEntity
  8
VISIBLE
100
AcDbLine
 10
222.80000115107956
 20
197.47425074464323
 30
0.0
 11
221.56634199032882
 21
197.03134299285878
 31
0.0
  0
LINE
  5
FCD
330
17
100
AcDbEntity
  8
VISIBLE
100
AcDbLine
 10
221.56634199032882
 20
197.03134299285878
 30
0.0
 11
220.38549738262188
 21
196.5428001084678
 31
0.0
  0
LINE
  5
FCE
330
17
100
AcDbEntity
  8
VISIBLE
100
AcDbLine
 10
220.38549738262188
 20
196.5428001084678
 30
0.0
 11
219.26252469689894
 21
196.0107134579742
 31
0.0
  0
LINE
  5
FCF
330
17
100
AcDbEntity
  8
VISIBLE
100
AcDbLine
 10
219.26252469689894
 20
196.0107134579742
 30
0.0
 11
218.2022304440579
 21
195.43736284646207
 31
0.0
  0
LINE
  5
FD0
330
17
100
AcDbEntity
  8
VISIBLE
100
AcDbLine
 10
226.55247938481375
 20
196.61557078594709
 30
0.0
 11
225.4080582521773
 21
196.31619716784067
 31
0.0
  0
LINE
  5
FD1
330
17
100
AcDbEntity
  8
VISIBLE
100
AcDbLine
 10
225.4080582521773
 20
196.31619716784067
 30
0.0
 11
224.3000010832613
 21
195.97425064138858
 31
0.0
  0
LINE
  5
FD2
330
17
100
AcDbEntity
  8
VISIBLE
100
AcDbLine
 10
223.23305293885844
 20
195.59119530427782
 30
0.0
 11
224.3000010832613
 21
195.97425064138858
 31
0.0
  0
LINE
  5
FD3
330
17
100
AcDbEntity
  8
VISIBLE
100
AcDbLine
 10
223.23305293885844
 20
195.59119530427782
 30
0.0
 11
222.21178169441035
 21
195.16867172069635
 31
0.0
  0
LINE
  5
FD4
330
17
100
AcDbEntity
  8
VISIBLE
100
AcDbLine
 10
222.21178169441035
 20
195.16867172069635
 30
0.0
 11
221.2405616027366
 21
194.7084889886139
 31
0.0
  0
LINE
  5
FD5
330
17
100
AcDbEntity
  8
VISIBLE
100
AcDbLine
 10
221.2405616027366
 20
194.7084889886139
 30
0.0
 11
220.32355078761753
 21
194.21261797507046
 31
0.0
  0
LINE
  5
FD6
330
17
100
AcDbEntity
  8
VISIBLE
100
AcDbLine
 10
235.1557415891519
 20
181.9222068222316
 30
0.0
 11
233.9000015258789
 21
181.94594073926447
 31
0.0
  0
LINE
  5
FD7
330
17
100
AcDbEntity
  8
VISIBLE
100
AcDbLine
 10
232.64426146260593
 20
181.9222068222316
 30
0.0
 11
233.9000015258789
 21
181.94594073926447
 31
0.0
  0
LINE
  5
FD8
330
17
100
AcDbEntity
  8
VISIBLE
100
AcDbLine
 10
234.95953216211865
 20
180.19386412817298
 30
0.0
 11
233.9000015258789
 21
180.21388962066948
 31
0.0
  0
LINE
  5
FD9
330
17
100
AcDbEntity
  8
VISIBLE
100
AcDbLine
 10
232.84047088963916
 20
180.19386412817298
 30
0.0
 11
233.9000015258789
 21
180.21388962066948
 31
0.0
  0
LINE
  5
FDA
330
17
100
AcDbEntity
  8
VISIBLE
100
AcDbLine
 10
234.95953216211865
 20
180.19386412817298
 30
0.0
 11
236.01452577440986
 21
180.13387330458352
 31
0.0
  0
LINE
  5
FDB
330
17
100
AcDbEntity
  8
VISIBLE
100
AcDbLine
 10
238.09286981947992
 20
179.89519170403926
 30
0.0
 11
237.0604648949418
 21
180.03417294359357
 31
0.0
  0
LINE
  5
FDC
330
17
100
AcDbEntity
  8
VISIBLE
100
AcDbLine
 10
236.01452577440986
 20
180.13387330458352
 30
0.0
 11
237.0604648949418
 21
180.03417294359357
 31
0.0
  0
LINE
  5
FDD
330
17
100
AcDbEntity
  8
VISIBLE
100
AcDbLine
 10
232.84047088963916
 20
180.19386412817298
 30
0.0
 11
231.78547727734795
 21
180.13387330458352
 31
0.0
  0
LINE
  5
FDE
330
17
100
AcDbEntity
  8
VISIBLE
100
AcDbLine
 10
229.7071332322779
 20
179.89519170403926
 30
0.0
 11
230.73953815681602
 21
180.03417294359357
 31
0.0
  0
LINE
  5
FDF
330
17
100
AcDbEntity
  8
VISIBLE
100
AcDbLine
 10
231.78547727734795
 20
180.13387330458352
 30
0.0
 11
230.73953815681602
 21
180.03417294359357
 31
0.0
  0
LINE
  5
FE0
330
17
100
AcDbEntity
  8
VISIBLE
100
AcDbLine
 10
235.1557415891519
 20
197.43564185985838
 30
0.0
 11
233.9000015258789
 21
197.45937577689128
 31
0.0
  0
LINE
  5
FE1
330
17
100
AcDbEntity
  8
VISIBLE
100
AcDbLine
 10
232.64426146260593
 20
197.43564185985838
 30
0.0
 11
233.9000015258789
 21
197.45937577689128
 31
0.0
  0
LINE
  5
FE2
330
17
100
AcDbEntity
  8
VISIBLE
100
AcDbLine
 10
251.83420703701714
 20
172.86969379192774
 30
0.0
 11
253.13330651363268
 21
172.16721029002187
 31
0.0
  0
LINE
  5
FE3
330
17
100
AcDbEntity
  8
VISIBLE
100
AcDbLine
 10
253.13330651363268
 20
172.16721029002187
 30
0.0
 11
254.35004363041256
 21
171.4171748574938
 31
0.0
  0
LINE
  5
FE4
330
17
100
AcDbEntity
  8
VISIBLE
100
AcDbLine
 10
254.35004363041256
 20
171.4171748574938
 30
0.0
 11
255.47921257721617
 21
170.622801754277
 31
0.0
  0
LINE
  5
FE5
330
17
100
AcDbEntity
  8
VISIBLE
100
AcDbLine
 10
255.47921257721617
 20
170.622801754277
 30
0.0
 11
256.51597548589035
 21
169.78749148887056
 31
0.0
  0
LINE
  5
FE6
330
17
100
AcDbEntity
  8
VISIBLE
100
AcDbLine
 10
248.53747835485888
 20
170.69931944921467
 30
0.0
 11
249.59777260769994
 21
170.12596883770254
 31
0.0
  0
LINE
  5
FE7
330
17
100
AcDbEntity
  8
VISIBLE
100
AcDbLine
 10
249.59777260769994
 20
170.12596883770254
 30
0.0
 11
250.5908449973896
 21
169.51380766540456
 31
0.0
  0
LINE
  5
FE8
330
17
100
AcDbEntity
  8
VISIBLE
100
AcDbLine
 10
250.5908449973896
 20
169.51380766540456
 30
0.0
 11
251.51244611007368
 21
168.86545908300982
 31
0.0
  0
LINE
  5
FE9
330
17
100
AcDbEntity
  8
VISIBLE
100
AcDbLine
 10
251.51244611007368
 20
168.86545908300982
 30
0.0
 11
252.35862720751516
 21
168.1836981308791
 31
0.0
  0
LINE
  5
FEA
330
17
100
AcDbEntity
  8
VISIBLE
100
AcDbLine
 10
252.35862720751516
 20
168.1836981308791
 30
0.0
 11
253.12576593667188
 21
167.47144468233142
 31
0.0
  0
LINE
  5
FEB
330
17
100
AcDbEntity
  8
VISIBLE
100
AcDbLine
 10
257.91659416080773
 20
160.65079619958394
 30
0.0
 11
257.91659416080773
 21
165.54977568515028
 31
0.0
  0
LINE
  5
FEC
330
17
100
AcDbEntity
  8
VISIBLE
100
AcDbLine
 10
256.51597548589035
 20
169.78749148887056
 30
0.0
 11
257.455892017357
 21
168.91481996560074
 31
0.0
  0
LINE
  5
FED
330
17
100
AcDbEntity
  8
VISIBLE
100
AcDbLine
 10
257.455892017357
 20
168.91481996560074
 30
0.0
 11
258.29494068791865
 21
168.00852617187283
 31
0.0
  0
LINE
  5
FEE
330
17
100
AcDbEntity
  8
VISIBLE
100
AcDbLine
 10
258.29494068791865
 20
168.00852617187283
 30
0.0
 11
259.0295251912856
 21
167.0724898400233
 31
0.0
  0
LINE
  5
FEF
330
17
100
AcDbEntity
  8
VISIBLE
100
AcDbLine
 10
259.0295251912856
 20
167.0724898400233
 30
0.0
 11
259.6565017097336
 21
166.11071879390283
 31
0.0
  0
LINE
  5
FF0
330
17
100
AcDbEntity
  8
VISIBLE
100
AcDbLine
 10
253.12576593667188
 20
167.47144468233142
 30
0.0
 11
253.8105763606466
 21
166.7317483082106
 31
0.0
  0
LINE
  5
FF1
330
17
100
AcDbEntity
  8
VISIBLE
100
AcDbLine
 10
253.8105763606466
 20
166.7317483082106
 30
0.0
 11
254.41012741900641
 21
165.96777761881472
 31
0.0
  0
LINE
  5
FF2
330
17
100
AcDbEntity
  8
VISIBLE
100
AcDbLine
 10
246.60288599899778
 20
159.01780362173233
 30
0.0
 11
246.60288599899778
 21
163.9167831072987
 31
0.0
  0
LINE
  5
FF3
330
17
100
AcDbEntity
  8
VISIBLE
100
AcDbLine
 10
244.58140311019073
 20
168.0948697804893
 30
0.0
 11
245.35513192058065
 21
167.67647909491936
 31
0.0
  0
LINE
  5
FF4
330
17
100
AcDbEntity
  8
VISIBLE
100
AcDbLine
 10
245.35513192058065
 20
167.67647909491936
 30
0.0
 11
246.07980584540132
 21
167.229766557961
 31
0.0
  0
LINE
  5
FF5
330
17
100
AcDbEntity
  8
VISIBLE
100
AcDbLine
 10
246.07980584540132
 20
167.229766557961
 30
0.0
 11
246.75232591117546
 21
166.7566475076201
 31
0.0
  0
LINE
  5
FF6
330
17
100
AcDbEntity
  8
VISIBLE
100
AcDbLine
 10
246.75232591117546
 20
166.7566475076201
 30
0.0
 11
247.3698092734649
 21
166.25914610128936
 31
0.0
  0
LINE
  5
FF7
330
17
100
AcDbEntity
  8
VISIBLE
100
AcDbLine
 10
247.3698092734649
 20
166.25914610128936
 30
0.0
 11
247.92961349345546
 21
165.73939375840436
 31
0.0
  0
LINE
  5
FF8
330
17
100
AcDbEntity
  8
VISIBLE
100
AcDbLine
 10
247.92961349345546
 20
165.73939375840436
 30
0.0
 11
248.42933990970465
 21
165.19961553368697
 31
0.0
  0
LINE
  5
FF9
330
17
100
AcDbEntity
  8
VISIBLE
100
AcDbLine
 10
248.42933990970465
 20
165.19961553368697
 30
0.0
 11
248.86684982253163
 21
164.6421231090988
 31
0.0
  0
LINE
  5
FFA
330
17
100
AcDbEntity
  8
VISIBLE
100
AcDbLine
 10
257.91659416080773
 20
160.65079619958394
 30
0.0
 11
250.84552702329185
 21
156.5683136842812
 31
0.0
  0
LINE
  5
FFB
330
17
100
AcDbEntity
  8
VISIBLE
100
AcDbLine
 10
246.60288599899778
 20
159.01780362173233
 30
0.0
 11
250.84552702329185
 21
156.5683136842812
 31
0.0
  0
LINE
  5
FFC
330
17
100
AcDbEntity
  8
VISIBLE
100
AcDbLine
 10
254.41012741900641
 20
165.96777761881472
 30
0.0
 11
254.92184950269137
 21
165.18280245177834
 31
0.0
  0
LINE
  5
FFD
330
17
100
AcDbEntity
  8
VISIBLE
100
AcDbLine
 10
254.92184950269137
 20
165.18280245177834
 30
0.0
 11
255.34355468450156
 21
164.38018530668242
 31
0.0
  0
LINE
  5
FFE
330
17
100
AcDbEntity
  8
VISIBLE
100
AcDbLine
 10
255.34355468450156
 20
164.38018530668242
 30
0.0
 11
255.67343503322323
 21
163.5633636302704
 31
0.0
  0
LINE
  5
FFF
330
17
100
AcDbEntity
  8
VISIBLE
100
AcDbLine
 10
255.67343503322323
 20
163.5633636302704
 30
0.0
 11
255.91007711214473
 21
162.7358336590081
 31
0.0
  0
LINE
  5
1000
330
17
100
AcDbEntity
  8
VISIBLE
100
AcDbLine
 10
257.91659416080773
 20
165.54977568515028
 30
0.0
 11
250.84552702329185
 21
161.46729316984755
 31
0.0
  0
LINE
  5
1001
330
17
100
AcDbEntity
  8
VISIBLE
100
AcDbLine
 10
246.60288599899778
 20
163.9167831072987
 30
0.0
 11
250.84552702329185
 21
161.46729316984755
 31
0.0
  0
LINE
  5
1002
330
17
100
AcDbEntity
  8
VISIBLE
100
AcDbLine
 10
250.84552702329185
 20
156.5683136842812
 30
0.0
 11
250.84552702329185
 21
161.46729316984755
 31
0.0
  0
LINE
  5
1003
330
17
100
AcDbEntity
  8
VISIBLE
100
AcDbLine
 10
248.86684982253163
 20
164.6421231090988
 30
0.0
 11
249.24026988881377
 21
164.06930389243593
 31
0.0
  0
LINE
  5
1004
330
17
100
AcDbEntity
  8
VISIBLE
100
AcDbLine
 10
249.24026988881377
 20
164.06930389243593
 30
0.0
 11
249.54800021418166
 21
163.48361011592326
 31
0.0
  0
LINE
  5
1005
330
17
100
AcDbEntity
  8
VISIBLE
100
AcDbLine
 10
248.53747835485888
 20
172.33231261107014
 30
0.0
 11
249.59777260769994
 21
171.75896199955798
 31
0.0
  0
LINE
  5
1006
330
17
100
AcDbEntity
  8
VISIBLE
100
AcDbLine
 10
249.59777260769994
 20
171.75896199955798
 30
0.0
 11
250.5908449973896
 21
171.14680082726
 31
0.0
  0
LINE
  5
1007
330
17
100
AcDbEntity
  8
VISIBLE
100
AcDbLine
 10
250.5908449973896
 20
171.14680082726
 30
0.0
 11
251.51244611007368
 21
170.49845224486526
 31
0.0
  0
LINE
  5
1008
330
17
100
AcDbEntity
  8
VISIBLE
100
AcDbLine
 10
251.51244611007368
 20
170.49845224486526
 30
0.0
 11
252.35862720751516
 21
169.81669129273456
 31
0.0
  0
LINE
  5
1009
330
17
100
AcDbEntity
  8
VISIBLE
100
AcDbLine
 10
252.35862720751516
 20
169.81669129273456
 30
0.0
 11
253.12576593667188
 21
169.10443784418686
 31
0.0
  0
LINE
  5
100A
330
17
100
AcDbEntity
  8
VISIBLE
100
AcDbLine
 10
253.12576593667188
 20
169.10443784418686
 30
0.0
 11
253.8105763606466
 21
168.36474147006604
 31
0.0
  0
LINE
  5
100B
330
17
100
AcDbEntity
  8
VISIBLE
100
AcDbLine
 10
253.8105763606466
 20
168.36474147006604
 30
0.0
 11
253.97110898617754
 21
168.16018457797088
 31
0.0
  0
LINE
  5
100C
330
17
100
AcDbEntity
  8
VISIBLE
100
AcDbLine
 10
244.58140311019073
 20
169.72786294234473
 30
0.0
 11
245.35513192058065
 21
169.30947225677482
 31
0.0
  0
LINE
  5
100D
330
17
100
AcDbEntity
  8
VISIBLE
100
AcDbLine
 10
245.35513192058065
 20
169.30947225677482
 30
0.0
 11
246.07980584540132
 21
168.86275971981644
 31
0.0
  0
LINE
  5
100E
330
17
100
AcDbEntity
  8
VISIBLE
100
AcDbLine
 10
246.07980584540132
 20
168.86275971981644
 30
0.0
 11
246.75232591117546
 21
168.38964066947557
 31
0.0
  0
LINE
  5
100F
330
17
100
AcDbEntity
  8
VISIBLE
100
AcDbLine
 10
246.75232591117546
 20
168.38964066947557
 30
0.0
 11
247.3698092734649
 21
167.8921392631448
 31
0.0
  0
LINE
  5
1010
330
17
100
AcDbEntity
  8
VISIBLE
100
AcDbLine
 10
247.3698092734649
 20
167.8921392631448
 30
0.0
 11
247.92961349345546
 21
167.37238692025983
 31
0.0
  0
LINE
  5
1011
330
17
100
AcDbEntity
  8
VISIBLE
100
AcDbLine
 10
247.92961349345546
 20
167.37238692025983
 30
0.0
 11
248.42933990970465
 21
166.8326086955424
 31
0.0
  0
LINE
  5
1012
330
17
100
AcDbEntity
  8
VISIBLE
100
AcDbLine
 10
248.42933990970465
 20
166.8326086955424
 30
0.0
 11
248.86684982253163
 21
166.27511627095424
 31
0.0
  0
LINE
  5
1013
330
17
100
AcDbEntity
  8
VISIBLE
100
AcDbLine
 10
248.86684982253163
 20
166.27511627095424
 30
0.0
 11
249.24026988881377
 21
165.70229705429136
 31
0.0
  0
LINE
  5
1014
330
17
100
AcDbEntity
  8
VISIBLE
100
AcDbLine
 10
253.97110898617754
 20
168.16018457797088
 30
0.0
 11
249.35051019730324
 21
165.49248062339706
 31
0.0
  0
LINE
  5
1015
330
17
100
AcDbEntity
  8
VISIBLE
100
AcDbLine
 10
249.24026988881377
 20
165.70229705429136
 30
0.0
 11
249.35051019730324
 21
165.49248062339706
 31
0.0
  0
LINE
  5
1016
330
17
100
AcDbEntity
  8
VISIBLE
100
AcDbLine
 10
259.6565017097336
 20
166.11071879390283
 30
0.0
 11
260.17318430890094
 21
165.12733181809625
 31
0.0
  0
LINE
  5
1017
330
17
100
AcDbEntity
  8
VISIBLE
100
AcDbLine
 10
260.17318430890094
 20
165.12733181809625
 30
0.0
 11
260.577360447828
 21
164.1265403591348
 31
0.0
  0
LINE
  5
1018
330
17
100
AcDbEntity
  8
VISIBLE
100
AcDbLine
 10
260.577360447828
 20
164.1265403591348
 30
0.0
 11
260.8673017685512
 21
163.11262983737248
 31
0.0
  0
LINE
  5
1019
330
17
100
AcDbEntity
  8
VISIBLE
100
AcDbLine
 10
260.8673017685512
 20
163.11262983737248
 30
0.0
 11
261.0417640961024
 21
162.0899425162061
 31
0.0
  0
LINE
  5
101A
330
17
100
AcDbEntity
  8
VISIBLE
100
AcDbLine
 10
261.0417640961024
 20
162.0899425162061
 30
0.0
 11
261.1000022742
 21
161.06285647793607
 31
0.0
  0
LINE
  5
101B
330
17
100
AcDbEntity
  8
VISIBLE
100
AcDbLine
 10
255.91007711214473
 20
162.7358336590081
 30
0.0
 11
256.0524693969018
 21
161.9011399070141
 31
0.0
  0
LINE
  5
101C
330
17
100
AcDbEntity
  8
VISIBLE
100
AcDbLine
 10
256.0524693969018
 20
161.9011399070141
 30
0.0
 11
256.1000009267785
 21
161.06285647793607
 31
0.0
  0
LINE
  5
101D
330
17
100
AcDbEntity
  8
VISIBLE
100
AcDbLine
 10
256.1000009267785
 20
161.06285647793607
 30
0.0
 11
256.0524693969018
 21
160.22457304885802
 31
0.0
  0
LINE
  5
101E
330
17
100
AcDbEntity
  8
VISIBLE
100
AcDbLine
 10
261.1000022742
 20
158.61336673515288
 30
0.0
 11
261.0417640961024
 21
157.58628069688285
 31
0.0
  0
LINE
  5
101F
330
17
100
AcDbEntity
  8
VISIBLE
100
AcDbLine
 10
261.1000022742
 20
161.06285647793607
 30
0.0
 11
261.0417640961024
 21
160.03577043966604
 31
0.0
  0
LINE
  5
1020
330
17
100
AcDbEntity
  8
VISIBLE
100
AcDbLine
 10
261.0417640961024
 20
157.58628069688285
 30
0.0
 11
260.8673017685512
 21
156.56359337571647
 31
0.0
  0
LINE
  5
1021
330
17
100
AcDbEntity
  8
VISIBLE
100
AcDbLine
 10
260.8673017685512
 20
156.56359337571647
 30
0.0
 11
260.577360447828
 21
155.54968285395415
 31
0.0
  0
LINE
  5
1022
330
17
100
AcDbEntity
  8
VISIBLE
100
AcDbLine
 10
261.0417640961024
 20
160.03577043966604
 30
0.0
 11
260.8673017685512
 21
159.01308311849965
 31
0.0
  0
LINE
  5
1023
330
17
100
AcDbEntity
  8
VISIBLE
100
AcDbLine
 10
260.8673017685512
 20
159.01308311849965
 30
0.0
 11
260.577360447828
 21
157.9991725967373
 31
0.0
  0
LINE
  5
1024
330
17
100
AcDbEntity
  8
VISIBLE
100
AcDbLine
 10
249.54800021418166
 20
163.48361011592326
 30
0.0
 11
249.7887227823886
 21
162.88755085482848
 31
0.0
  0
LINE
  5
1025
330
17
100
AcDbEntity
  8
VISIBLE
100
AcDbLine
 10
249.7887227823886
 20
162.88755085482848
 30
0.0
 11
249.96140887315616
 21
162.2836776220334
 31
0.0
  0
LINE
  5
1026
330
17
100
AcDbEntity
  8
VISIBLE
100
AcDbLine
 10
249.96140887315616
 20
162.2836776220334
 30
0.0
 11
250.06531602760097
 21
161.67457677598372
 31
0.0
  0
LINE
  5
1027
330
17
100
AcDbEntity
  8
VISIBLE
100
AcDbLine
 10
250.06531602760097
 20
161.67457677598372
 30
0.0
 11
250.1000011980515
 21
161.06285647793607
 31
0.0
  0
LINE
  5
1028
330
17
100
AcDbEntity
  8
VISIBLE
100
AcDbLine
 10
250.1000011980515
 20
161.06285647793607
 30
0.0
 11
250.06531602760097
 21
160.4511361798884
 31
0.0
  0
LINE
  5
1029
330
17
100
AcDbEntity
  8
VISIBLE
100
AcDbLine
 10
250.06531602760097
 20
160.4511361798884
 30
0.0
 11
249.96140887315616
 21
159.8420353338387
 31
0.0
  0
LINE
  5
102A
330
17
100
AcDbEntity
  8
VISIBLE
100
AcDbLine
 10
249.96140887315616
 20
159.8420353338387
 30
0.0
 11
249.7887227823886
 21
159.23816210104366
 31
0.0
  0
LINE
  5
102B
330
17
100
AcDbEntity
  8
VISIBLE
100
AcDbLine
 10
256.0524693969018
 20
160.22457304885802
 30
0.0
 11
255.91007711214473
 21
159.38987929686402
 31
0.0
  0
LINE
  5
102C
330
17
100
AcDbEntity
  8
VISIBLE
100
AcDbLine
 10
255.91007711214473
 20
159.38987929686402
 30
0.0
 11
255.67343503322323
 21
158.56234932560173
 31
0.0
  0
LINE
  5
102D
330
17
100
AcDbEntity
  8
VISIBLE
100
AcDbLine
 10
255.67343503322323
 20
158.56234932560173
 30
0.0
 11
255.34355468450156
 21
157.7455276491897
 31
0.0
  0
LINE
  5
102E
330
17
100
AcDbEntity
  8
VISIBLE
100
AcDbLine
 10
249.7887227823886
 20
159.23816210104366
 30
0.0
 11
249.54800021418166
 21
158.64210283994888
 31
0.0
  0
LINE
  5
102F
330
17
100
AcDbEntity
  8
VISIBLE
100
AcDbLine
 10
249.54800021418166
 20
158.64210283994888
 30
0.0
 11
249.24026988881377
 21
158.0564090634362
 31
0.0
  0
LINE
  5
1030
330
17
100
AcDbEntity
  8
VISIBLE
100
AcDbLine
 10
255.34355468450156
 20
157.7455276491897
 30
0.0
 11
254.92184950269137
 21
156.94291050409376
 31
0.0
  0
LINE
  5
1031
330
17
100
AcDbEntity
  8
VISIBLE
100
AcDbLine
 10
260.577360447828
 20
155.54968285395415
 30
0.0
 11
260.17318430890094
 21
154.54889139499267
 31
0.0
  0
LINE
  5
1032
330
17
100
AcDbEntity
  8
VISIBLE
100
AcDbLine
 10
260.577360447828
 20
157.9991725967373
 30
0.0
 11
260.17318430890094
 21
156.99838113777585
 31
0.0
  0
LINE
  5
1033
330
17
100
AcDbEntity
  8
VISIBLE
100
AcDbLine
 10
260.17318430890094
 20
154.54889139499267
 30
0.0
 11
259.6565017097336
 21
153.56550441918608
 31
0.0
  0
LINE
  5
1034
330
17
100
AcDbEntity
  8
VISIBLE
100
AcDbLine
 10
259.6565017097336
 20
153.56550441918608
 30
0.0
 11
259.0295251912856
 21
152.60373337306564
 31
0.0
  0
LINE
  5
1035
330
17
100
AcDbEntity
  8
VISIBLE
100
AcDbLine
 10
260.17318430890094
 20
156.99838113777585
 30
0.0
 11
259.6565017097336
 21
156.01499416196927
 31
0.0
  0
LINE
  5
1036
330
17
100
AcDbEntity
  8
VISIBLE
100
AcDbLine
 10
259.6565017097336
 20
156.01499416196927
 30
0.0
 11
259.0295251912856
 21
155.0532231158488
 31
0.0
  0
LINE
  5
1037
330
17
100
AcDbEntity
  8
VISIBLE
100
AcDbLine
 10
254.92184950269137
 20
156.94291050409376
 30
0.0
 11
254.41012741900641
 21
156.15793533705738
 31
0.0
  0
LINE
  5
1038
330
17
100
AcDbEntity
  8
VISIBLE
100
AcDbLine
 10
254.41012741900641
 20
156.15793533705738
 30
0.0
 11
253.8105763606466
 21
155.39396464766153
 31
0.0
  0
LINE
  5
1039
330
17
100
AcDbEntity
  8
VISIBLE
100
AcDbLine
 10
259.0295251912856
 20
152.60373337306564
 30
0.0
 11
258.29494068791865
 21
151.66769704121612
 31
0.0
  0
LINE
  5
103A
330
17
100
AcDbEntity
  8
VISIBLE
100
AcDbLine
 10
258.29494068791865
 20
151.66769704121612
 30
0.0
 11
257.455892017357
 21
150.7614032474882
 31
0.0
  0
LINE
  5
103B
330
17
100
AcDbEntity
  8
VISIBLE
100
AcDbLine
 10
259.0295251912856
 20
155.0532231158488
 30
0.0
 11
258.29494068791865
 21
154.11718678399927
 31
0.0
  0
LINE
  5
103C
330
17
100
AcDbEntity
  8
VISIBLE
100
AcDbLine
 10
258.29494068791865
 20
154.11718678399927
 30
0.0
 11
257.455892017357
 21
153.21089299027136
 31
0.0
  0
LINE
  5
103D
330
17
100
AcDbEntity
  8
VISIBLE
100
AcDbLine
 10
249.24026988881377
 20
158.0564090634362
 30
0.0
 11
248.86684982253163
 21
157.48358984677333
 31
0.0
  0
LINE
  5
103E
330
17
100
AcDbEntity
  8
VISIBLE
100
AcDbLine
 10
248.86684982253163
 20
157.48358984677333
 30
0.0
 11
248.42933990970465
 21
156.92609742218517
 31
0.0
  0
LINE
  5
103F
330
17
100
AcDbEntity
  8
VISIBLE
100
AcDbLine
 10
248.42933990970465
 20
156.92609742218517
 30
0.0
 11
247.92961349345546
 21
156.38631919746774
 31
0.0
  0
LINE
  5
1040
330
17
100
AcDbEntity
  8
VISIBLE
100
AcDbLine
 10
247.92961349345546
 20
156.38631919746774
 30
0.0
 11
247.3698092734649
 21
155.86656685458277
 31
0.0
  0
LINE
  5
1041
330
17
100
AcDbEntity
  8
VISIBLE
100
AcDbLine
 10
247.3698092734649
 20
155.86656685458277
 30
0.0
 11
246.75232591117546
 21
155.369065448252
 31
0.0
  0
LINE
  5
1042
330
17
100
AcDbEntity
  8
VISIBLE
100
AcDbLine
 10
246.75232591117546
 20
155.369065448252
 30
0.0
 11
246.07980584540132
 21
154.89594639791113
 31
0.0
  0
LINE
  5
1043
330
17
100
AcDbEntity
  8
VISIBLE
100
AcDbLine
 10
253.8105763606466
 20
155.39396464766153
 30
0.0
 11
253.12576593667188
 21
154.6542682735407
 31
0.0
  0
LINE
  5
1044
330
17
100
AcDbEntity
  8
VISIBLE
100
AcDbLine
 10
253.12576593667188
 20
154.6542682735407
 30
0.0
 11
252.35862720751516
 21
153.942014824993
 31
0.0
  0
LINE
  5
1045
330
17
100
AcDbEntity
  8
VISIBLE
100
AcDbLine
 10
257.455892017357
 20
150.7614032474882
 30
0.0
 11
256.51597548589035
 21
149.8887317242184
 31
0.0
  0
LINE
  5
1046
330
17
100
AcDbEntity
  8
VISIBLE
100
AcDbLine
 10
256.51597548589035
 20
149.8887317242184
 30
0.0
 11
255.47921257721617
 21
149.05342145881195
 31
0.0
  0
LINE
  5
1047
330
17
100
AcDbEntity
  8
VISIBLE
100
AcDbLine
 10
257.455892017357
 20
153.21089299027136
 30
0.0
 11
256.51597548589035
 21
152.33822146700157
 31
0.0
  0
LINE
  5
1048
330
17
100
AcDbEntity
  8
VISIBLE
100
AcDbLine
 10
256.51597548589035
 20
152.33822146700157
 30
0.0
 11
255.47921257721617
 21
151.50291120159514
 31
0.0
  0
LINE
  5
1049
330
17
100
AcDbEntity
  8
VISIBLE
100
AcDbLine
 10
252.35862720751516
 20
153.942014824993
 30
0.0
 11
251.51244611007368
 21
153.2602538728623
 31
0.0
  0
LINE
  5
104A
330
17
100
AcDbEntity
  8
VISIBLE
100
AcDbLine
 10
251.51244611007368
 20
153.2602538728623
 30
0.0
 11
250.5908449973896
 21
152.61190529046758
 31
0.0
  0
LINE
  5
104B
330
17
100
AcDbEntity
  8
VISIBLE
100
AcDbLine
 10
255.47921257721617
 20
149.05342145881195
 30
0.0
 11
254.35004363041259
 21
148.25904835559516
 31
0.0
  0
LINE
  5
104C
330
17
100
AcDbEntity
  8
VISIBLE
100
AcDbLine
 10
255.47921257721617
 20
151.50291120159514
 30
0.0
 11
254.35004363041259
 21
150.70853809837834
 31
0.0
  0
LINE
  5
104D
330
17
100
AcDbEntity
  8
VISIBLE
100
AcDbLine
 10
249.35051019730324
 20
159.89921865618598
 30
0.0
 11
249.24026988881377
 21
159.68940222529164
 31
0.0
  0
LINE
  5
104E
330
17
100
AcDbEntity
  8
VISIBLE
100
AcDbLine
 10
249.35051019730324
 20
159.89921865618598
 30
0.0
 11
253.97110898617754
 21
157.23151470161213
 31
0.0
  0
LINE
  5
104F
330
17
100
AcDbEntity
  8
VISIBLE
100
AcDbLine
 10
253.97110898617754
 20
157.23151470161213
 30
0.0
 11
253.8105763606466
 21
157.02695780951697
 31
0.0
  0
LINE
  5
1050
330
17
100
AcDbEntity
  8
VISIBLE
100
AcDbLine
 10
249.24026988881377
 20
159.68940222529164
 30
0.0
 11
248.86684982253163
 21
159.11658300862877
 31
0.0
  0
LINE
  5
1051
330
17
100
AcDbEntity
  8
VISIBLE
100
AcDbLine
 10
248.86684982253163
 20
159.11658300862877
 30
0.0
 11
248.42933990970465
 21
158.5590905840406
 31
0.0
  0
LINE
  5
1052
330
17
100
AcDbEntity
  8
VISIBLE
100
AcDbLine
 10
248.42933990970465
 20
158.5590905840406
 30
0.0
 11
247.92961349345546
 21
158.0193123593232
 31
0.0
  0
LINE
  5
1053
330
17
100
AcDbEntity
  8
VISIBLE
100
AcDbLine
 10
247.92961349345546
 20
158.0193123593232
 30
0.0
 11
247.3698092734649
 21
157.4995600164382
 31
0.0
  0
LINE
  5
1054
330
17
100
AcDbEntity
  8
VISIBLE
100
AcDbLine
 10
247.3698092734649
 20
157.4995600164382
 30
0.0
 11
246.75232591117546
 21
157.00205861010747
 31
0.0
  0
LINE
  5
1055
330
17
100
AcDbEntity
  8
VISIBLE
100
AcDbLine
 10
246.75232591117546
 20
157.00205861010747
 30
0.0
 11
246.07980584540132
 21
156.52893955976657
 31
0.0
  0
LINE
  5
1056
330
17
100
AcDbEntity
  8
VISIBLE
100
AcDbLine
 10
253.8105763606466
 20
157.02695780951697
 30
0.0
 11
253.12576593667188
 21
156.28726143539615
 31
0.0
  0
LINE
  5
1057
330
17
100
AcDbEntity
  8
VISIBLE
100
AcDbLine
 10
253.12576593667188
 20
156.28726143539615
 30
0.0
 11
252.35862720751516
 21
155.57500798684848
 31
0.0
  0
LINE
  5
1058
330
17
100
AcDbEntity
  8
VISIBLE
100
AcDbLine
 10
252.35862720751516
 20
155.57500798684848
 30
0.0
 11
251.51244611007368
 21
154.89324703471775
 31
0.0
  0
LINE
  5
1059
330
17
100
AcDbEntity
  8
VISIBLE
100
AcDbLine
 10
251.51244611007368
 20
154.89324703471775
 30
0.0
 11
250.5908449973896
 21
154.244898452323
 31
0.0
  0
LINE
  5
105A
330
17
100
AcDbEntity
  8
VISIBLE
100
AcDbLine
 10
246.55944144902122
 20
180.82804711284257
 30
0.0
 11
247.47645226414028
 21
180.33217609929912
 31
0.0
  0
LINE
  5
105B
330
17
100
AcDbEntity
  8
VISIBLE
100
AcDbLine
 10
247.47645226414028
 20
180.33217609929912
 30
0.0
 11
248.33532605359818
 21
179.80273965834033
 31
0.0
  0
LINE
  5
105C
330
17
100
AcDbEntity
  8
VISIBLE
100
AcDbLine
 10
248.33532605359818
 20
179.80273965834033
 30
0.0
 11
249.13238592633087
 21
179.24200547697012
 31
0.0
  0
LINE
  5
105D
330
17
100
AcDbEntity
  8
VISIBLE
100
AcDbLine
 10
249.13238592633087
 20
179.24200547697012
 30
0.0
 11
249.86421824049003
 21
178.6523742490724
 31
0.0
  0
LINE
  5
105E
330
17
100
AcDbEntity
  8
VISIBLE
100
AcDbLine
 10
249.86421824049003
 20
178.6523742490724
 30
0.0
 11
250.52768954647627
 21
178.03637145069004
 31
0.0
  0
LINE
  5
105F
330
17
100
AcDbEntity
  8
VISIBLE
100
AcDbLine
 10
250.52768954647627
 20
178.03637145069004
 30
0.0
 11
251.119958303763
 21
177.39663434593888
 31
0.0
  0
LINE
  5
1060
330
17
100
AcDbEntity
  8
VISIBLE
100
AcDbLine
 10
251.69745577075844
 20
175.01245609128208
 30
0.0
 11
252.08106020151476
 21
174.42401262990973
 31
0.0
  0
LINE
  5
1061
330
17
100
AcDbEntity
  8
VISIBLE
100
AcDbLine
 10
251.119958303763
 20
177.39663434593888
 30
0.0
 11
251.63848862076904
 21
176.73590249694493
 31
0.0
  0
LINE
  5
1062
330
17
100
AcDbEntity
  8
VISIBLE
100
AcDbLine
 10
251.69745577075844
 20
175.01245609128208
 30
0.0
 11
251.69745577075844
 21
176.6454492531375
 31
0.0
  0
LINE
  5
1063
330
17
100
AcDbEntity
  8
VISIBLE
100
AcDbLine
 10
251.63848862076904
 20
176.73590249694493
 30
0.0
 11
251.69745577075844
 21
176.6454492531375
 31
0.0
  0
LINE
  5
1064
330
17
100
AcDbEntity
  8
VISIBLE
100
AcDbLine
 10
252.08106020151476
 20
174.42401262990973
 30
0.0
 11
252.44577744934162
 21
173.72985668243555
 31
0.0
  0
LINE
  5
1065
330
17
100
AcDbEntity
  8
VISIBLE
100
AcDbLine
 10
249.35051019730324
 20
165.49248062339706
 30
0.0
 11
249.35051019730324
 21
173.6574464326743
 31
0.0
  0
LINE
  5
1066
330
17
100
AcDbEntity
  8
VISIBLE
100
AcDbLine
 10
251.69745577075844
 20
175.01245609128208
 30
0.0
 11
249.35051019730324
 21
173.6574464326743
 31
0.0
  0
LINE
  5
1067
330
17
100
AcDbEntity
  8
VISIBLE
100
AcDbLine
 10
249.35051019730324
 20
173.6574464326743
 30
0.0
 11
249.54800021418166
 21
173.28156908705597
 31
0.0
  0
LINE
  5
1068
330
17
100
AcDbEntity
  8
VISIBLE
100
AcDbLine
 10
252.44577744934162
 20
173.72985668243555
 30
0.0
 11
252.73107857063113
 21
173.02341601901418
 31
0.0
  0
LINE
  5
1069
330
17
100
AcDbEntity
  8
VISIBLE
100
AcDbLine
 10
252.73107857063113
 20
173.02341601901418
 30
0.0
 11
252.93574231830087
 21
172.30771461165347
 31
0.0
  0
LINE
  5
106A
330
17
100
AcDbEntity
  8
VISIBLE
100
AcDbLine
 10
252.93574231830087
 20
172.30771461165347
 30
0.0
 11
253.05889338660097
 21
171.58581731263163
 31
0.0
  0
LINE
  5
106B
330
17
100
AcDbEntity
  8
VISIBLE
100
AcDbLine
 10
248.53747835485888
 20
196.0107134579742
 30
0.0
 11
249.59777260769994
 21
195.43736284646207
 31
0.0
  0
LINE
  5
106C
330
17
100
AcDbEntity
  8
VISIBLE
100
AcDbLine
 10
249.59777260769994
 20
195.43736284646207
 30
0.0
 11
250.5908449973896
 21
194.82520167416408
 31
0.0
  0
LINE
  5
106D
330
17
100
AcDbEntity
  8
VISIBLE
100
AcDbLine
 10
250.5908449973896
 20
194.82520167416408
 30
0.0
 11
251.51244611007368
 21
194.17685309176932
 31
0.0
  0
LINE
  5
106E
330
17
100
AcDbEntity
  8
VISIBLE
100
AcDbLine
 10
251.51244611007368
 20
194.17685309176932
 30
0.0
 11
252.35862720751516
 21
193.49509213963861
 31
0.0
  0
LINE
  5
106F
330
17
100
AcDbEntity
  8
VISIBLE
100
AcDbLine
 10
252.35862720751516
 20
193.49509213963861
 30
0.0
 11
253.12576593667188
 21
192.78283869109094
 31
0.0
  0
LINE
  5
1070
330
17
100
AcDbEntity
  8
VISIBLE
100
AcDbLine
 10
253.12576593667188
 20
192.78283869109094
 30
0.0
 11
253.8105763606466
 21
192.0431423169701
 31
0.0
  0
LINE
  5
1071
330
17
100
AcDbEntity
  8
VISIBLE
100
AcDbLine
 10
253.8105763606466
 20
192.0431423169701
 30
0.0
 11
254.41012741900641
 21
191.27917162757424
 31
0.0
  0
LINE
  5
1072
330
17
100
AcDbEntity
  8
VISIBLE
100
AcDbLine
 10
246.55944144902122
 20
194.7084889886139
 30
0.0
 11
247.47645226414028
 21
194.21261797507046
 31
0.0
  0
LINE
  5
1073
330
17
100
AcDbEntity
  8
VISIBLE
100
AcDbLine
 10
247.47645226414028
 20
194.21261797507046
 30
0.0
 11
248.33532605359818
 21
193.68318153411167
 31
0.0
  0
LINE
  5
1074
330
17
100
AcDbEntity
  8
VISIBLE
100
AcDbLine
 10
248.33532605359818
 20
193.68318153411167
 30
0.0
 11
249.13238592633087
 21
193.12244735274146
 31
0.0
  0
LINE
  5
1075
330
17
100
AcDbEntity
  8
VISIBLE
100
AcDbLine
 10
249.13238592633087
 20
193.12244735274146
 30
0.0
 11
249.86421824049003
 21
192.53281612484375
 31
0.0
  0
LINE
  5
1076
330
17
100
AcDbEntity
  8
VISIBLE
100
AcDbLine
 10
249.86421824049003
 20
192.53281612484375
 30
0.0
 11
250.52768954647627
 21
191.91681332646138
 31
0.0
  0
LINE
  5
1077
330
17
100
AcDbEntity
  8
VISIBLE
100
AcDbLine
 10
250.52768954647627
 20
191.91681332646138
 30
0.0
 11
251.119958303763
 21
191.27707622171022
 31
0.0
  0
LINE
  5
1078
330
17
100
AcDbEntity
  8
VISIBLE
100
AcDbLine
 10
254.41012741900641
 20
191.27917162757424
 30
0.0
 11
254.92184950269137
 21
190.49419646053786
 31
0.0
  0
LINE
  5
1079
330
17
100
AcDbEntity
  8
VISIBLE
100
AcDbLine
 10
251.119958303763
 20
191.27707622171022
 30
0.0
 11
251.63848862076904
 21
190.61634437271627
 31
0.0
  0
LINE
  5
107A
330
17
100
AcDbEntity
  8
VISIBLE
100
AcDbLine
 10
251.63848862076904
 20
190.61634437271627
 30
0.0
 11
252.08106020151476
 21
189.93744766753653
 31
0.0
  0
LINE
  5
107B
330
17
100
AcDbEntity
  8
VISIBLE
100
AcDbLine
 10
254.92184950269137
 20
190.49419646053786
 30
0.0
 11
255.34355468450156
 21
189.6915793154419
 31
0.0
  0
LINE
  5
107C
330
17
100
AcDbEntity
  8
VISIBLE
100
AcDbLine
 10
255.34355468450156
 20
189.6915793154419
 30
0.0
 11
255.67343503322323
 21
188.8747576390299
 31
0.0
  0
LINE
  5
107D
330
17
100
AcDbEntity
  8
VISIBLE
100
AcDbLine
 10
255.67343503322323
 20
188.8747576390299
 30
0.0
 11
255.91007711214473
 21
188.04722766776763
 31
0.0
  0
LINE
  5
107E
330
17
100
AcDbEntity
  8
VISIBLE
100
AcDbLine
 10
252.08106020151476
 20
189.93744766753653
 30
0.0
 11
252.44577744934162
 21
189.24329172006233
 31
0.0
  0
LINE
  5
107F
330
17
100
AcDbEntity
  8
VISIBLE
100
AcDbLine
 10
252.44577744934162
 20
189.24329172006233
 30
0.0
 11
252.73107857063113
 21
188.53685105664098
 31
0.0
  0
LINE
  5
1080
330
17
100
AcDbEntity
  8
VISIBLE
100
AcDbLine
 10
252.73107857063113
 20
188.53685105664098
 30
0.0
 11
252.93574231830087
 21
187.82114964928027
 31
0.0
  0
LINE
  5
1081
330
17
100
AcDbEntity
  8
VISIBLE
100
AcDbLine
 10
252.93574231830087
 20
187.82114964928027
 30
0.0
 11
253.05889338660097
 21
187.0992523502584
 31
0.0
  0
LINE
  5
1082
330
17
100
AcDbEntity
  8
VISIBLE
100
AcDbLine
 10
255.91007711214473
 20
188.04722766776763
 30
0.0
 11
256.0524693969018
 21
187.2125339157736
 31
0.0
  0
LINE
  5
1083
330
17
100
AcDbEntity
  8
VISIBLE
100
AcDbLine
 10
256.0524693969018
 20
187.2125339157736
 30
0.0
 11
256.1000009267785
 21
186.37425048669556
 31
0.0
  0
LINE
  5
1084
330
17
100
AcDbEntity
  8
VISIBLE
100
AcDbLine
 10
256.1000009267785
 20
186.37425048669556
 30
0.0
 11
256.0524693969018
 21
185.53596705761754
 31
0.0
  0
LINE
  5
1085
330
17
100
AcDbEntity
  8
VISIBLE
100
AcDbLine
 10
249.54800021418166
 20
173.28156908705597
 30
0.0
 11
249.7887227823886
 21
172.6855098259612
 31
0.0
  0
LINE
  5
1086
330
17
100
AcDbEntity
  8
VISIBLE
100
AcDbLine
 10
249.7887227823886
 20
172.6855098259612
 30
0.0
 11
249.96140887315616
 21
172.0816365931661
 31
0.0
  0
LINE
  5
1087
330
17
100
AcDbEntity
  8
VISIBLE
100
AcDbLine
 10
249.96140887315616
 20
172.0816365931661
 30
0.0
 11
250.06531602760097
 21
171.47253574711644
 31
0.0
  0
LINE
  5
1088
330
17
100
AcDbEntity
  8
VISIBLE
100
AcDbLine
 10
253.05889338660097
 20
171.58581731263163
 30
0.0
 11
253.10000173676457
 21
170.86081544906878
 31
0.0
  0
LINE
  5
1089
330
17
100
AcDbEntity
  8
VISIBLE
100
AcDbLine
 10
250.06531602760097
 20
171.47253574711644
 30
0.0
 11
250.1000011980515
 21
170.86081544906878
 31
0.0
  0
LINE
  5
108A
330
17
100
AcDbEntity
  8
VISIBLE
100
AcDbLine
 10
250.1000011980515
 20
170.86081544906878
 30
0.0
 11
250.06531602760097
 21
170.2490951510211
 31
0.0
  0
LINE
  5
108B
330
17
100
AcDbEntity
  8
VISIBLE
100
AcDbLine
 10
250.06531602760097
 20
170.2490951510211
 30
0.0
 11
249.96140887315616
 21
169.63999430497142
 31
0.0
  0
LINE
  5
108C
330
17
100
AcDbEntity
  8
VISIBLE
100
AcDbLine
 10
249.96140887315616
 20
169.63999430497142
 30
0.0
 11
249.7887227823886
 21
169.03612107217637
 31
0.0
  0
LINE
  5
108D
330
17
100
AcDbEntity
  8
VISIBLE
100
AcDbLine
 10
253.05889338660097
 20
187.0992523502584
 30
0.0
 11
253.10000173676457
 21
186.37425048669556
 31
0.0
  0
LINE
  5
108E
330
17
100
AcDbEntity
  8
VISIBLE
100
AcDbLine
 10
253.10000173676457
 20
170.86081544906878
 30
0.0
 11
253.05889338660097
 21
170.13581358550593
 31
0.0
  0
LINE
  5
108F
330
17
100
AcDbEntity
  8
VISIBLE
100
AcDbLine
 10
253.05889338660097
 20
170.13581358550593
 30
0.0
 11
252.93574231830087
 21
169.41391628648407
 31
0.0
  0
LINE
  5
1090
330
17
100
AcDbEntity
  8
VISIBLE
100
AcDbLine
 10
252.93574231830087
 20
169.41391628648407
 30
0.0
 11
252.73107857063113
 21
168.69821487912336
 31
0.0
  0
LINE
  5
1091
330
17
100
AcDbEntity
  8
VISIBLE
100
AcDbLine
 10
252.73107857063113
 20
168.69821487912336
 30
0.0
 11
252.44577744934162
 21
167.991774215702
 31
0.0
  0
LINE
  5
1092
330
17
100
AcDbEntity
  8
VISIBLE
100
AcDbLine
 10
249.7887227823886
 20
169.03612107217637
 30
0.0
 11
249.54800021418166
 21
168.4400618110816
 31
0.0
  0
LINE
  5
1093
330
17
100
AcDbEntity
  8
VISIBLE
100
AcDbLine
 10
249.35051019730324
 20
159.89921865618598
 30
0.0
 11
249.35051019730324
 21
168.06418446546323
 31
0.0
  0
LINE
  5
1094
330
17
100
AcDbEntity
  8
VISIBLE
100
AcDbLine
 10
249.54800021418166
 20
168.4400618110816
 30
0.0
 11
249.35051019730324
 21
168.06418446546323
 31
0.0
  0
LINE
  5
1095
330
17
100
AcDbEntity
  8
VISIBLE
100
AcDbLine
 10
252.44577744934162
 20
167.991774215702
 30
0.0
 11
252.08106020151476
 21
167.2976182682278
 31
0.0
  0
LINE
  5
1096
330
17
100
AcDbEntity
  8
VISIBLE
100
AcDbLine
 10
249.35051019730324
 20
168.06418446546323
 30
0.0
 11
251.69745577075844
 21
166.70917480685546
 31
0.0
  0
LINE
  5
1097
330
17
100
AcDbEntity
  8
VISIBLE
100
AcDbLine
 10
252.08106020151476
 20
167.2976182682278
 30
0.0
 11
251.69745577075844
 21
166.70917480685546
 31
0.0
  0
LINE
  5
1098
330
17
100
AcDbEntity
  8
VISIBLE
100
AcDbLine
 10
251.69745577075844
 20
166.70917480685546
 30
0.0
 11
251.69745577075844
 21
168.34216796871092
 31
0.0
  0
LINE
  5
1099
330
17
100
AcDbEntity
  8
VISIBLE
100
AcDbLine
 10
253.97110898617754
 20
157.23151470161213
 30
0.0
 11
253.97110898617754
 21
167.02947367274484
 31
0.0
  0
LINE
  5
109A
330
17
100
AcDbEntity
  8
VISIBLE
100
AcDbLine
 10
251.69745577075844
 20
168.34216796871092
 30
0.0
 11
253.97110898617754
 21
167.02947367274484
 31
0.0
  0
LINE
  5
109B
330
17
100
AcDbEntity
  8
VISIBLE
100
AcDbLine
 10
253.97110898617754
 20
167.02947367274484
 30
0.0
 11
253.8105763606466
 21
166.8249167806497
 31
0.0
  0
LINE
  5
109C
330
17
100
AcDbEntity
  8
VISIBLE
100
AcDbLine
 10
253.8105763606466
 20
166.8249167806497
 30
0.0
 11
253.12576593667188
 21
166.08522040652886
 31
0.0
  0
LINE
  5
109D
330
17
100
AcDbEntity
  8
VISIBLE
100
AcDbLine
 10
253.12576593667188
 20
166.08522040652886
 30
0.0
 11
252.35862720751516
 21
165.3729669579812
 31
0.0
  0
LINE
  5
109E
330
17
100
AcDbEntity
  8
VISIBLE
100
AcDbLine
 10
252.35862720751516
 20
165.3729669579812
 30
0.0
 11
251.51244611007368
 21
164.69120600585046
 31
0.0
  0
LINE
  5
109F
330
17
100
AcDbEntity
  8
VISIBLE
100
AcDbLine
 10
251.51244611007368
 20
164.69120600585046
 30
0.0
 11
250.5908449973896
 21
164.04285742345573
 31
0.0
  0
LINE
  5
10A0
330
17
100
AcDbEntity
  8
VISIBLE
100
AcDbLine
 10
253.10000173676457
 20
186.37425048669556
 30
0.0
 11
253.05889338660097
 21
185.6492486231327
 31
0.0
  0
LINE
  5
10A1
330
17
100
AcDbEntity
  8
VISIBLE
100
AcDbLine
 10
253.05889338660097
 20
185.6492486231327
 30
0.0
 11
252.93574231830087
 21
184.92735132411087
 31
0.0
  0
LINE
  5
10A2
330
17
100
AcDbEntity
  8
VISIBLE
100
AcDbLine
 10
252.93574231830087
 20
184.92735132411087
 30
0.0
 11
252.73107857063113
 21
184.21164991675016
 31
0.0
  0
LINE
  5
10A3
330
17
100
AcDbEntity
  8
VISIBLE
100
AcDbLine
 10
256.0524693969018
 20
185.53596705761754
 30
0.0
 11
255.91007711214473
 21
184.70127330562352
 31
0.0
  0
LINE
  5
10A4
330
17
100
AcDbEntity
  8
VISIBLE
100
AcDbLine
 10
255.91007711214473
 20
184.70127330562352
 30
0.0
 11
255.67343503322323
 21
183.87374333436122
 31
0.0
  0
LINE
  5
10A5
330
17
100
AcDbEntity
  8
VISIBLE
100
AcDbLine
 10
255.67343503322323
 20
183.87374333436122
 30
0.0
 11
255.34355468450156
 21
183.0569216579492
 31
0.0
  0
LINE
  5
10A6
330
17
100
AcDbEntity
  8
VISIBLE
100
AcDbLine
 10
252.73107857063113
 20
184.21164991675016
 30
0.0
 11
252.44577744934162
 21
183.5052092533288
 31
0.0
  0
LINE
  5
10A7
330
17
100
AcDbEntity
  8
VISIBLE
100
AcDbLine
 10
255.34355468450156
 20
183.0569216579492
 30
0.0
 11
254.92184950269137
 21
182.25430451285328
 31
0.0
  0
LINE
  5
10A8
330
17
100
AcDbEntity
  8
VISIBLE
100
AcDbLine
 10
252.44577744934162
 20
183.5052092533288
 30
0.0
 11
252.08106020151476
 21
182.8110533058546
 31
0.0
  0
LINE
  5
10A9
330
17
100
AcDbEntity
  8
VISIBLE
100
AcDbLine
 10
252.08106020151476
 20
182.8110533058546
 30
0.0
 11
251.63848862076904
 21
182.13215660067488
 31
0.0
  0
LINE
  5
10AA
330
17
100
AcDbEntity
  8
VISIBLE
100
AcDbLine
 10
254.92184950269137
 20
182.25430451285328
 30
0.0
 11
254.41012741900641
 21
181.4693293458169
 31
0.0
  0
LINE
  5
10AB
330
17
100
AcDbEntity
  8
VISIBLE
100
AcDbLine
 10
254.41012741900641
 20
181.4693293458169
 30
0.0
 11
253.8105763606466
 21
180.70535865642103
 31
0.0
  0
LINE
  5
10AC
330
17
100
AcDbEntity
  8
VISIBLE
100
AcDbLine
 10
251.63848862076904
 20
182.13215660067488
 30
0.0
 11
251.119958303763
 21
181.47142475168093
 31
0.0
  0
LINE
  5
10AD
330
17
100
AcDbEntity
  8
VISIBLE
100
AcDbLine
 10
251.119958303763
 20
181.47142475168093
 30
0.0
 11
250.52768954647627
 21
180.83168764692977
 31
0.0
  0
LINE
  5
10AE
330
17
100
AcDbEntity
  8
VISIBLE
100
AcDbLine
 10
250.52768954647627
 20
180.83168764692977
 30
0.0
 11
249.86421824049003
 21
180.2156848485474
 31
0.0
  0
LINE
  5
10AF
330
17
100
AcDbEntity
  8
VISIBLE
100
AcDbLine
 10
249.86421824049003
 20
180.2156848485474
 30
0.0
 11
249.13238592633087
 21
179.62605362064966
 31
0.0
  0
LINE
  5
10B0
330
17
100
AcDbEntity
  8
VISIBLE
100
AcDbLine
 10
249.13238592633087
 20
179.62605362064966
 30
0.0
 11
248.33532605359818
 21
179.06531943927945
 31
0.0
  0
LINE
  5
10B1
330
17
100
AcDbEntity
  8
VISIBLE
100
AcDbLine
 10
253.8105763606466
 20
180.70535865642103
 30
0.0
 11
253.12576593667188
 21
179.9656622823002
 31
0.0
  0
LINE
  5
10B2
330
17
100
AcDbEntity
  8
VISIBLE
100
AcDbLine
 10
253.12576593667188
 20
179.9656622823002
 30
0.0
 11
252.35862720751516
 21
179.25340883375253
 31
0.0
  0
LINE
  5
10B3
330
17
100
AcDbEntity
  8
VISIBLE
100
AcDbLine
 10
252.35862720751516
 20
179.25340883375253
 30
0.0
 11
251.51244611007368
 21
178.5716478816218
 31
0.0
  0
LINE
  5
10B4
330
17
100
AcDbEntity
  8
VISIBLE
100
AcDbLine
 10
251.51244611007368
 20
178.5716478816218
 30
0.0
 11
250.5908449973896
 21
177.92329929922707
 31
0.0
  0
LINE
  5
10B5
330
17
100
AcDbEntity
  8
VISIBLE
100
AcDbLine
 10
214.66669653812517
 20
172.16721029002187
 30
0.0
 11
213.44995942134523
 21
171.4171748574938
 31
0.0
  0
LINE
  5
10B6
330
17
100
AcDbEntity
  8
VISIBLE
100
AcDbLine
 10
218.2022304440579
 20
170.12596883770254
 30
0.0
 11
217.2091580543682
 21
169.51380766540456
 31
0.0
  0
LINE
  5
10B7
330
17
100
AcDbEntity
  8
VISIBLE
100
AcDbLine
 10
217.2091580543682
 20
169.51380766540456
 30
0.0
 11
216.28755694168413
 21
168.86545908300982
 31
0.0
  0
LINE
  5
10B8
330
17
100
AcDbEntity
  8
VISIBLE
100
AcDbLine
 10
213.44995942134523
 20
171.4171748574938
 30
0.0
 11
212.32079047454164
 21
170.622801754277
 31
0.0
  0
LINE
  5
10B9
330
17
100
AcDbEntity
  8
VISIBLE
100
AcDbLine
 10
212.32079047454164
 20
170.622801754277
 30
0.0
 11
211.2840275658675
 21
169.78749148887056
 31
0.0
  0
LINE
  5
10BA
330
17
100
AcDbEntity
  8
VISIBLE
100
AcDbLine
 10
216.28755694168413
 20
168.86545908300982
 30
0.0
 11
215.44137584424266
 21
168.1836981308791
 31
0.0
  0
LINE
  5
10BB
330
17
100
AcDbEntity
  8
VISIBLE
100
AcDbLine
 10
215.44137584424266
 20
168.1836981308791
 30
0.0
 11
214.67423711508593
 21
167.47144468233142
 31
0.0
  0
LINE
  5
10BC
330
17
100
AcDbEntity
  8
VISIBLE
100
AcDbLine
 10
221.19711772710963
 20
160.65079639425187
 30
0.0
 11
221.19711772710963
 21
165.54977587981824
 31
0.0
  0
LINE
  5
10BD
330
17
100
AcDbEntity
  8
VISIBLE
100
AcDbLine
 10
222.44487113117717
 20
167.67647909491936
 30
0.0
 11
221.7201972063565
 21
167.229766557961
 31
0.0
  0
LINE
  5
10BE
330
17
100
AcDbEntity
  8
VISIBLE
100
AcDbLine
 10
221.7201972063565
 20
167.229766557961
 30
0.0
 11
221.04767714058235
 21
166.7566475076201
 31
0.0
  0
LINE
  5
10BF
330
17
100
AcDbEntity
  8
VISIBLE
100
AcDbLine
 10
221.04767714058235
 20
166.7566475076201
 30
0.0
 11
220.4301937782929
 21
166.25914610128936
 31
0.0
  0
LINE
  5
10C0
330
17
100
AcDbEntity
  8
VISIBLE
100
AcDbLine
 10
220.4301937782929
 20
166.25914610128936
 30
0.0
 11
219.87038955830235
 21
165.73939375840436
 31
0.0
  0
LINE
  5
10C1
330
17
100
AcDbEntity
  8
VISIBLE
100
AcDbLine
 10
219.87038955830235
 20
165.73939375840436
 30
0.0
 11
219.37066314205316
 21
165.19961553368697
 31
0.0
  0
LINE
  5
10C2
330
17
100
AcDbEntity
  8
VISIBLE
100
AcDbLine
 10
219.37066314205316
 20
165.19961553368697
 30
0.0
 11
218.93315322922618
 21
164.6421231090988
 31
0.0
  0
LINE
  5
10C3
330
17
100
AcDbEntity
  8
VISIBLE
100
AcDbLine
 10
211.2840275658675
 20
169.78749148887056
 30
0.0
 11
210.34411103440084
 21
168.91481996560074
 31
0.0
  0
LINE
  5
10C4
330
17
100
AcDbEntity
  8
VISIBLE
100
AcDbLine
 10
210.34411103440084
 20
168.91481996560074
 30
0.0
 11
209.50506236383916
 21
168.00852617187283
 31
0.0
  0
LINE
  5
10C5
330
17
100
AcDbEntity
  8
VISIBLE
100
AcDbLine
 10
214.67423711508593
 20
167.47144468233142
 30
0.0
 11
213.98942669111122
 21
166.7317483082106
 31
0.0
  0
LINE
  5
10C6
330
17
100
AcDbEntity
  8
VISIBLE
100
AcDbLine
 10
213.98942669111122
 20
166.7317483082106
 30
0.0
 11
213.3898756327514
 21
165.96777761881472
 31
0.0
  0
LINE
  5
10C7
330
17
100
AcDbEntity
  8
VISIBLE
100
AcDbLine
 10
209.50506236383916
 20
168.00852617187283
 30
0.0
 11
208.77047786047225
 21
167.0724898400233
 31
0.0
  0
LINE
  5
10C8
330
17
100
AcDbEntity
  8
VISIBLE
100
AcDbLine
 10
208.77047786047225
 20
167.0724898400233
 30
0.0
 11
208.1435013420242
 21
166.11071879390283
 31
0.0
  0
LINE
  5
10C9
330
17
100
AcDbEntity
  8
VISIBLE
100
AcDbLine
 10
209.88340889095008
 20
159.01780303772847
 30
0.0
 11
209.88340889095008
 21
163.91678252329484
 31
0.0
  0
LINE
  5
10CA
330
17
100
AcDbEntity
  8
VISIBLE
100
AcDbLine
 10
221.19711772710963
 20
160.65079639425187
 30
0.0
 11
214.12604957806934
 21
156.56831329494528
 31
0.0
  0
LINE
  5
10CB
330
17
100
AcDbEntity
  8
VISIBLE
100
AcDbLine
 10
209.88340889095008
 20
159.01780303772847
 30
0.0
 11
214.12604957806934
 21
156.56831329494528
 31
0.0
  0
LINE
  5
10CC
330
17
100
AcDbEntity
  8
VISIBLE
100
AcDbLine
 10
213.3898756327514
 20
165.96777761881472
 30
0.0
 11
212.87815354906644
 21
165.18280245177834
 31
0.0
  0
LINE
  5
10CD
330
17
100
AcDbEntity
  8
VISIBLE
100
AcDbLine
 10
218.93315322922618
 20
164.6421231090988
 30
0.0
 11
218.55973316294404
 21
164.06930389243593
 31
0.0
  0
LINE
  5
10CE
330
17
100
AcDbEntity
  8
VISIBLE
100
AcDbLine
 10
218.55973316294404
 20
164.06930389243593
 30
0.0
 11
218.25200283757616
 21
163.48361011592326
 31
0.0
  0
LINE
  5
10CF
330
17
100
AcDbEntity
  8
VISIBLE
100
AcDbLine
 10
221.19711772710963
 20
165.54977587981824
 30
0.0
 11
214.12604957806934
 21
161.46729278051166
 31
0.0
  0
LINE
  5
10D0
330
17
100
AcDbEntity
  8
VISIBLE
100
AcDbLine
 10
209.88340889095008
 20
163.91678252329484
 30
0.0
 11
214.12604957806934
 21
161.46729278051166
 31
0.0
  0
LINE
  5
10D1
330
17
100
AcDbEntity
  8
VISIBLE
100
AcDbLine
 10
214.12604957806934
 20
156.56831329494528
 30
0.0
 11
214.12604957806934
 21
161.46729278051166
 31
0.0
  0
LINE
  5
10D2
330
17
100
AcDbEntity
  8
VISIBLE
100
AcDbLine
 10
212.87815354906644
 20
165.18280245177834
 30
0.0
 11
212.45644836725626
 21
164.38018530668242
 31
0.0
  0
LINE
  5
10D3
330
17
100
AcDbEntity
  8
VISIBLE
100
AcDbLine
 10
212.45644836725626
 20
164.38018530668242
 30
0.0
 11
212.12656801853458
 21
163.5633636302704
 31
0.0
  0
LINE
  5
10D4
330
17
100
AcDbEntity
  8
VISIBLE
100
AcDbLine
 10
212.12656801853458
 20
163.5633636302704
 30
0.0
 11
211.88992593961308
 21
162.7358336590081
 31
0.0
  0
LINE
  5
10D5
330
17
100
AcDbEntity
  8
VISIBLE
100
AcDbLine
 10
218.2022304440579
 20
171.758961999558
 30
0.0
 11
217.2091580543682
 21
171.14680082726
 31
0.0
  0
LINE
  5
10D6
330
17
100
AcDbEntity
  8
VISIBLE
100
AcDbLine
 10
217.2091580543682
 20
171.14680082726
 30
0.0
 11
216.28755694168413
 21
170.49845224486526
 31
0.0
  0
LINE
  5
10D7
330
17
100
AcDbEntity
  8
VISIBLE
100
AcDbLine
 10
216.28755694168413
 20
170.49845224486526
 30
0.0
 11
215.44137584424266
 21
169.81669129273456
 31
0.0
  0
LINE
  5
10D8
330
17
100
AcDbEntity
  8
VISIBLE
100
AcDbLine
 10
215.44137584424266
 20
169.81669129273456
 30
0.0
 11
214.67423711508593
 21
169.10443784418686
 31
0.0
  0
LINE
  5
10D9
330
17
100
AcDbEntity
  8
VISIBLE
100
AcDbLine
 10
222.44487113117717
 20
169.30947225677482
 30
0.0
 11
221.7201972063565
 21
168.86275971981644
 31
0.0
  0
LINE
  5
10DA
330
17
100
AcDbEntity
  8
VISIBLE
100
AcDbLine
 10
221.7201972063565
 20
168.86275971981644
 30
0.0
 11
221.04767714058235
 21
168.38964066947557
 31
0.0
  0
LINE
  5
10DB
330
17
100
AcDbEntity
  8
VISIBLE
100
AcDbLine
 10
221.04767714058235
 20
168.38964066947557
 30
0.0
 11
220.4301937782929
 21
167.8921392631448
 31
0.0
  0
LINE
  5
10DC
330
17
100
AcDbEntity
  8
VISIBLE
100
AcDbLine
 10
220.4301937782929
 20
167.8921392631448
 30
0.0
 11
219.87038955830235
 21
167.37238692025983
 31
0.0
  0
LINE
  5
10DD
330
17
100
AcDbEntity
  8
VISIBLE
100
AcDbLine
 10
219.87038955830235
 20
167.37238692025983
 30
0.0
 11
219.37066314205316
 21
166.8326086955424
 31
0.0
  0
LINE
  5
10DE
330
17
100
AcDbEntity
  8
VISIBLE
100
AcDbLine
 10
219.37066314205316
 20
166.8326086955424
 30
0.0
 11
218.93315322922618
 21
166.27511627095424
 31
0.0
  0
LINE
  5
10DF
330
17
100
AcDbEntity
  8
VISIBLE
100
AcDbLine
 10
214.67423711508593
 20
169.10443784418686
 30
0.0
 11
213.98942669111122
 21
168.36474147006604
 31
0.0
  0
LINE
  5
10E0
330
17
100
AcDbEntity
  8
VISIBLE
100
AcDbLine
 10
213.98942669111122
 20
168.36474147006604
 30
0.0
 11
213.82889406558027
 21
168.16018457797088
 31
0.0
  0
LINE
  5
10E1
330
17
100
AcDbEntity
  8
VISIBLE
100
AcDbLine
 10
218.93315322922618
 20
166.27511627095424
 30
0.0
 11
218.55973316294404
 21
165.70229705429136
 31
0.0
  0
LINE
  5
10E2
330
17
100
AcDbEntity
  8
VISIBLE
100
AcDbLine
 10
213.82889406558027
 20
168.16018457797088
 30
0.0
 11
218.44949285445458
 21
165.49248062339706
 31
0.0
  0
LINE
  5
10E3
330
17
100
AcDbEntity
  8
VISIBLE
100
AcDbLine
 10
218.55973316294404
 20
165.70229705429136
 30
0.0
 11
218.44949285445458
 21
165.49248062339706
 31
0.0
  0
LINE
  5
10E4
330
17
100
AcDbEntity
  8
VISIBLE
100
AcDbLine
 10
218.25200283757616
 20
163.48361011592326
 30
0.0
 11
218.01128026936922
 21
162.88755085482848
 31
0.0
  0
LINE
  5
10E5
330
17
100
AcDbEntity
  8
VISIBLE
100
AcDbLine
 10
218.01128026936922
 20
162.88755085482848
 30
0.0
 11
217.83859417860165
 21
162.2836776220334
 31
0.0
  0
LINE
  5
10E6
330
17
100
AcDbEntity
  8
VISIBLE
100
AcDbLine
 10
217.83859417860165
 20
162.2836776220334
 30
0.0
 11
217.73468702415684
 21
161.67457677598372
 31
0.0
  0
LINE
  5
10E7
330
17
100
AcDbEntity
  8
VISIBLE
100
AcDbLine
 10
217.73468702415684
 20
161.67457677598372
 30
0.0
 11
217.7000018537063
 21
161.06285647793607
 31
0.0
  0
LINE
  5
10E8
330
17
100
AcDbEntity
  8
VISIBLE
100
AcDbLine
 10
217.7000018537063
 20
161.06285647793607
 30
0.0
 11
217.73468702415684
 21
160.4511361798884
 31
0.0
  0
LINE
  5
10E9
330
17
100
AcDbEntity
  8
VISIBLE
100
AcDbLine
 10
217.73468702415684
 20
160.4511361798884
 30
0.0
 11
217.83859417860165
 21
159.8420353338387
 31
0.0
  0
LINE
  5
10EA
330
17
100
AcDbEntity
  8
VISIBLE
100
AcDbLine
 10
217.83859417860165
 20
159.8420353338387
 30
0.0
 11
218.01128026936922
 21
159.23816210104366
 31
0.0
  0
LINE
  5
10EB
330
17
100
AcDbEntity
  8
VISIBLE
100
AcDbLine
 10
208.1435013420242
 20
166.11071879390283
 30
0.0
 11
207.6268187428569
 21
165.12733181809625
 31
0.0
  0
LINE
  5
10EC
330
17
100
AcDbEntity
  8
VISIBLE
100
AcDbLine
 10
207.6268187428569
 20
165.12733181809625
 30
0.0
 11
207.22264260392978
 21
164.1265403591348
 31
0.0
  0
LINE
  5
10ED
330
17
100
AcDbEntity
  8
VISIBLE
100
AcDbLine
 10
207.22264260392978
 20
164.1265403591348
 30
0.0
 11
206.9327012832066
 21
163.11262983737248
 31
0.0
  0
LINE
  5
10EE
330
17
100
AcDbEntity
  8
VISIBLE
100
AcDbLine
 10
206.9327012832066
 20
163.11262983737248
 30
0.0
 11
206.7582389556554
 21
162.0899425162061
 31
0.0
  0
LINE
  5
10EF
330
17
100
AcDbEntity
  8
VISIBLE
100
AcDbLine
 10
211.88992593961308
 20
162.7358336590081
 30
0.0
 11
211.74753365485597
 21
161.9011399070141
 31
0.0
  0
LINE
  5
10F0
330
17
100
AcDbEntity
  8
VISIBLE
100
AcDbLine
 10
211.74753365485597
 20
161.9011399070141
 30
0.0
 11
211.70000212497933
 21
161.06285647793607
 31
0.0
  0
LINE
  5
10F1
330
17
100
AcDbEntity
  8
VISIBLE
100
AcDbLine
 10
211.70000212497933
 20
161.06285647793607
 30
0.0
 11
211.74753365485597
 21
160.22457304885802
 31
0.0
  0
LINE
  5
10F2
330
17
100
AcDbEntity
  8
VISIBLE
100
AcDbLine
 10
206.7582389556554
 20
162.0899425162061
 30
0.0
 11
206.70000077755785
 21
161.06285647793607
 31
0.0
  0
LINE
  5
10F3
330
17
100
AcDbEntity
  8
VISIBLE
100
AcDbLine
 10
206.70000077755785
 20
158.61336673515288
 30
0.0
 11
206.7582389556554
 21
157.58628069688285
 31
0.0
  0
LINE
  5
10F4
330
17
100
AcDbEntity
  8
VISIBLE
100
AcDbLine
 10
206.70000077755785
 20
161.06285647793607
 30
0.0
 11
206.7582389556554
 21
160.03577043966604
 31
0.0
  0
LINE
  5
10F5
330
17
100
AcDbEntity
  8
VISIBLE
100
AcDbLine
 10
206.7582389556554
 20
157.58628069688285
 30
0.0
 11
206.9327012832066
 21
156.56359337571647
 31
0.0
  0
LINE
  5
10F6
330
17
100
AcDbEntity
  8
VISIBLE
100
AcDbLine
 10
206.9327012832066
 20
156.56359337571647
 30
0.0
 11
207.22264260392978
 21
155.54968285395415
 31
0.0
  0
LINE
  5
10F7
330
17
100
AcDbEntity
  8
VISIBLE
100
AcDbLine
 10
206.7582389556554
 20
160.03577043966604
 30
0.0
 11
206.9327012832066
 21
159.01308311849965
 31
0.0
  0
LINE
  5
10F8
330
17
100
AcDbEntity
  8
VISIBLE
100
AcDbLine
 10
206.9327012832066
 20
159.01308311849965
 30
0.0
 11
207.22264260392978
 21
157.9991725967373
 31
0.0
  0
LINE
  5
10F9
330
17
100
AcDbEntity
  8
VISIBLE
100
AcDbLine
 10
218.01128026936922
 20
159.23816210104366
 30
0.0
 11
218.25200283757616
 21
158.64210283994888
 31
0.0
  0
LINE
  5
10FA
330
17
100
AcDbEntity
  8
VISIBLE
100
AcDbLine
 10
218.25200283757616
 20
158.64210283994888
 30
0.0
 11
218.55973316294404
 21
158.0564090634362
 31
0.0
  0
LINE
  5
10FB
330
17
100
AcDbEntity
  8
VISIBLE
100
AcDbLine
 10
211.74753365485597
 20
160.22457304885802
 30
0.0
 11
211.88992593961308
 21
159.38987929686402
 31
0.0
  0
LINE
  5
10FC
330
17
100
AcDbEntity
  8
VISIBLE
100
AcDbLine
 10
211.88992593961308
 20
159.38987929686402
 30
0.0
 11
212.12656801853458
 21
158.56234932560173
 31
0.0
  0
LINE
  5
10FD
330
17
100
AcDbEntity
  8
VISIBLE
100
AcDbLine
 10
212.12656801853458
 20
158.56234932560173
 30
0.0
 11
212.45644836725626
 21
157.7455276491897
 31
0.0
  0
LINE
  5
10FE
330
17
100
AcDbEntity
  8
VISIBLE
100
AcDbLine
 10
212.45644836725626
 20
157.7455276491897
 30
0.0
 11
212.87815354906644
 21
156.94291050409376
 31
0.0
  0
LINE
  5
10FF
330
17
100
AcDbEntity
  8
VISIBLE
100
AcDbLine
 10
218.55973316294404
 20
158.0564090634362
 30
0.0
 11
218.93315322922618
 21
157.48358984677333
 31
0.0
  0
LINE
  5
1100
330
17
100
AcDbEntity
  8
VISIBLE
100
AcDbLine
 10
218.93315322922618
 20
157.48358984677333
 30
0.0
 11
219.37066314205316
 21
156.92609742218517
 31
0.0
  0
LINE
  5
1101
330
17
100
AcDbEntity
  8
VISIBLE
100
AcDbLine
 10
219.37066314205316
 20
156.92609742218517
 30
0.0
 11
219.87038955830235
 21
156.38631919746774
 31
0.0
  0
LINE
  5
1102
330
17
100
AcDbEntity
  8
VISIBLE
100
AcDbLine
 10
219.87038955830235
 20
156.38631919746774
 30
0.0
 11
220.4301937782929
 21
155.86656685458277
 31
0.0
  0
LINE
  5
1103
330
17
100
AcDbEntity
  8
VISIBLE
100
AcDbLine
 10
220.4301937782929
 20
155.86656685458277
 30
0.0
 11
221.04767714058235
 21
155.369065448252
 31
0.0
  0
LINE
  5
1104
330
17
100
AcDbEntity
  8
VISIBLE
100
AcDbLine
 10
221.04767714058235
 20
155.369065448252
 30
0.0
 11
221.7201972063565
 21
154.89594639791113
 31
0.0
  0
LINE
  5
1105
330
17
100
AcDbEntity
  8
VISIBLE
100
AcDbLine
 10
207.22264260392978
 20
155.54968285395415
 30
0.0
 11
207.6268187428569
 21
154.54889139499267
 31
0.0
  0
LINE
  5
1106
330
17
100
AcDbEntity
  8
VISIBLE
100
AcDbLine
 10
207.22264260392978
 20
157.9991725967373
 30
0.0
 11
207.6268187428569
 21
156.99838113777585
 31
0.0
  0
LINE
  5
1107
330
17
100
AcDbEntity
  8
VISIBLE
100
AcDbLine
 10
212.87815354906644
 20
156.94291050409376
 30
0.0
 11
213.3898756327514
 21
156.15793533705738
 31
0.0
  0
LINE
  5
1108
330
17
100
AcDbEntity
  8
VISIBLE
100
AcDbLine
 10
213.3898756327514
 20
156.15793533705738
 30
0.0
 11
213.98942669111122
 21
155.39396464766153
 31
0.0
  0
LINE
  5
1109
330
17
100
AcDbEntity
  8
VISIBLE
100
AcDbLine
 10
207.6268187428569
 20
154.54889139499267
 30
0.0
 11
208.1435013420242
 21
153.56550441918608
 31
0.0
  0
LINE
  5
110A
330
17
100
AcDbEntity
  8
VISIBLE
100
AcDbLine
 10
208.1435013420242
 20
153.56550441918608
 30
0.0
 11
208.77047786047225
 21
152.60373337306564
 31
0.0
  0
LINE
  5
110B
330
17
100
AcDbEntity
  8
VISIBLE
100
AcDbLine
 10
207.6268187428569
 20
156.99838113777585
 30
0.0
 11
208.1435013420242
 21
156.01499416196927
 31
0.0
  0
LINE
  5
110C
330
17
100
AcDbEntity
  8
VISIBLE
100
AcDbLine
 10
208.1435013420242
 20
156.01499416196927
 30
0.0
 11
208.77047786047225
 21
155.0532231158488
 31
0.0
  0
LINE
  5
110D
330
17
100
AcDbEntity
  8
VISIBLE
100
AcDbLine
 10
208.77047786047225
 20
152.60373337306564
 30
0.0
 11
209.50506236383916
 21
151.66769704121612
 31
0.0
  0
LINE
  5
110E
330
17
100
AcDbEntity
  8
VISIBLE
100
AcDbLine
 10
209.50506236383916
 20
151.66769704121612
 30
0.0
 11
210.34411103440084
 21
150.7614032474882
 31
0.0
  0
LINE
  5
110F
330
17
100
AcDbEntity
  8
VISIBLE
100
AcDbLine
 10
208.77047786047225
 20
155.0532231158488
 30
0.0
 11
209.50506236383916
 21
154.11718678399927
 31
0.0
  0
LINE
  5
1110
330
17
100
AcDbEntity
  8
VISIBLE
100
AcDbLine
 10
209.50506236383916
 20
154.11718678399927
 30
0.0
 11
210.34411103440084
 21
153.21089299027136
 31
0.0
  0
LINE
  5
1111
330
17
100
AcDbEntity
  8
VISIBLE
100
AcDbLine
 10
213.98942669111122
 20
155.39396464766153
 30
0.0
 11
214.67423711508593
 21
154.6542682735407
 31
0.0
  0
LINE
  5
1112
330
17
100
AcDbEntity
  8
VISIBLE
100
AcDbLine
 10
214.67423711508593
 20
154.6542682735407
 30
0.0
 11
215.44137584424266
 21
153.942014824993
 31
0.0
  0
LINE
  5
1113
330
17
100
AcDbEntity
  8
VISIBLE
100
AcDbLine
 10
215.44137584424266
 20
153.942014824993
 30
0.0
 11
216.28755694168413
 21
153.2602538728623
 31
0.0
  0
LINE
  5
1114
330
17
100
AcDbEntity
  8
VISIBLE
100
AcDbLine
 10
216.28755694168413
 20
153.2602538728623
 30
0.0
 11
217.2091580543682
 21
152.61190529046758
 31
0.0
  0
LINE
  5
1115
330
17
100
AcDbEntity
  8
VISIBLE
100
AcDbLine
 10
210.34411103440084
 20
150.7614032474882
 30
0.0
 11
211.2840275658675
 21
149.8887317242184
 31
0.0
  0
LINE
  5
1116
330
17
100
AcDbEntity
  8
VISIBLE
100
AcDbLine
 10
211.2840275658675
 20
149.8887317242184
 30
0.0
 11
212.32079047454164
 21
149.05342145881195
 31
0.0
  0
LINE
  5
1117
330
17
100
AcDbEntity
  8
VISIBLE
100
AcDbLine
 10
210.34411103440084
 20
153.21089299027136
 30
0.0
 11
211.2840275658675
 21
152.33822146700157
 31
0.0
  0
LINE
  5
1118
330
17
100
AcDbEntity
  8
VISIBLE
100
AcDbLine
 10
211.2840275658675
 20
152.33822146700157
 30
0.0
 11
212.32079047454164
 21
151.50291120159514
 31
0.0
  0
LINE
  5
1119
330
17
100
AcDbEntity
  8
VISIBLE
100
AcDbLine
 10
212.32079047454164
 20
149.05342145881195
 30
0.0
 11
213.44995942134526
 21
148.25904835559516
 31
0.0
  0
LINE
  5
111A
330
17
100
AcDbEntity
  8
VISIBLE
100
AcDbLine
 10
212.32079047454164
 20
151.50291120159514
 30
0.0
 11
213.44995942134526
 21
150.70853809837834
 31
0.0
  0
LINE
  5
111B
330
17
100
AcDbEntity
  8
VISIBLE
100
AcDbLine
 10
218.44949285445458
 20
159.89921865618598
 30
0.0
 11
218.55973316294404
 21
159.68940222529164
 31
0.0
  0
LINE
  5
111C
330
17
100
AcDbEntity
  8
VISIBLE
100
AcDbLine
 10
218.55973316294404
 20
159.68940222529164
 30
0.0
 11
218.93315322922618
 21
159.11658300862877
 31
0.0
  0
LINE
  5
111D
330
17
100
AcDbEntity
  8
VISIBLE
100
AcDbLine
 10
218.93315322922618
 20
159.11658300862877
 30
0.0
 11
219.37066314205316
 21
158.5590905840406
 31
0.0
  0
LINE
  5
111E
330
17
100
AcDbEntity
  8
VISIBLE
100
AcDbLine
 10
219.37066314205316
 20
158.5590905840406
 30
0.0
 11
219.87038955830235
 21
158.0193123593232
 31
0.0
  0
LINE
  5
111F
330
17
100
AcDbEntity
  8
VISIBLE
100
AcDbLine
 10
219.87038955830235
 20
158.0193123593232
 30
0.0
 11
220.4301937782929
 21
157.4995600164382
 31
0.0
  0
LINE
  5
1120
330
17
100
AcDbEntity
  8
VISIBLE
100
AcDbLine
 10
220.4301937782929
 20
157.4995600164382
 30
0.0
 11
221.04767714058235
 21
157.00205861010747
 31
0.0
  0
LINE
  5
1121
330
17
100
AcDbEntity
  8
VISIBLE
100
AcDbLine
 10
221.04767714058235
 20
157.00205861010747
 30
0.0
 11
221.7201972063565
 21
156.52893955976657
 31
0.0
  0
LINE
  5
1122
330
17
100
AcDbEntity
  8
VISIBLE
100
AcDbLine
 10
218.44949285445458
 20
159.89921865618598
 30
0.0
 11
213.82889406558027
 21
157.23151470161213
 31
0.0
  0
LINE
  5
1123
330
17
100
AcDbEntity
  8
VISIBLE
100
AcDbLine
 10
213.82889406558027
 20
157.23151470161213
 30
0.0
 11
213.98942669111122
 21
157.02695780951697
 31
0.0
  0
LINE
  5
1124
330
17
100
AcDbEntity
  8
VISIBLE
100
AcDbLine
 10
213.98942669111122
 20
157.02695780951697
 30
0.0
 11
214.67423711508593
 21
156.28726143539615
 31
0.0
  0
LINE
  5
1125
330
17
100
AcDbEntity
  8
VISIBLE
100
AcDbLine
 10
214.67423711508593
 20
156.28726143539615
 30
0.0
 11
215.44137584424266
 21
155.57500798684848
 31
0.0
  0
LINE
  5
1126
330
17
100
AcDbEntity
  8
VISIBLE
100
AcDbLine
 10
215.44137584424266
 20
155.57500798684848
 30
0.0
 11
216.28755694168413
 21
154.89324703471775
 31
0.0
  0
LINE
  5
1127
330
17
100
AcDbEntity
  8
VISIBLE
100
AcDbLine
 10
216.28755694168413
 20
154.89324703471775
 30
0.0
 11
217.2091580543682
 21
154.244898452323
 31
0.0
  0
LINE
  5
1128
330
17
100
AcDbEntity
  8
VISIBLE
100
AcDbLine
 10
220.32355078761753
 20
180.33217609929912
 30
0.0
 11
219.46467699815963
 21
179.80273965834033
 31
0.0
  0
LINE
  5
1129
330
17
100
AcDbEntity
  8
VISIBLE
100
AcDbLine
 10
219.46467699815963
 20
179.80273965834033
 30
0.0
 11
218.66761712542694
 21
179.24200547697012
 31
0.0
  0
LINE
  5
112A
330
17
100
AcDbEntity
  8
VISIBLE
100
AcDbLine
 10
218.66761712542694
 20
179.24200547697012
 30
0.0
 11
217.93578481126778
 21
178.6523742490724
 31
0.0
  0
LINE
  5
112B
330
17
100
AcDbEntity
  8
VISIBLE
100
AcDbLine
 10
217.93578481126778
 20
178.6523742490724
 30
0.0
 11
217.27231350528155
 21
178.03637145069004
 31
0.0
  0
LINE
  5
112C
330
17
100
AcDbEntity
  8
VISIBLE
100
AcDbLine
 10
217.27231350528155
 20
178.03637145069004
 30
0.0
 11
216.6800447479948
 21
177.39663434593888
 31
0.0
  0
LINE
  5
112D
330
17
100
AcDbEntity
  8
VISIBLE
100
AcDbLine
 10
216.10254728099937
 20
175.01245609128208
 30
0.0
 11
215.71894285024305
 21
174.42401262990973
 31
0.0
  0
LINE
  5
112E
330
17
100
AcDbEntity
  8
VISIBLE
100
AcDbLine
 10
216.6800447479948
 20
177.39663434593888
 30
0.0
 11
216.16151443098877
 21
176.73590249694493
 31
0.0
  0
LINE
  5
112F
330
17
100
AcDbEntity
  8
VISIBLE
100
AcDbLine
 10
216.10254728099937
 20
175.01245609128208
 30
0.0
 11
216.10254728099937
 21
176.6454492531375
 31
0.0
  0
LINE
  5
1130
330
17
100
AcDbEntity
  8
VISIBLE
100
AcDbLine
 10
216.16151443098877
 20
176.73590249694493
 30
0.0
 11
216.10254728099937
 21
176.6454492531375
 31
0.0
  0
LINE
  5
1131
330
17
100
AcDbEntity
  8
VISIBLE
100
AcDbLine
 10
218.44949285445458
 20
165.49248062339706
 30
0.0
 11
218.44949285445458
 21
173.6574464326743
 31
0.0
  0
LINE
  5
1132
330
17
100
AcDbEntity
  8
VISIBLE
100
AcDbLine
 10
216.10254728099937
 20
175.01245609128208
 30
0.0
 11
218.44949285445458
 21
173.6574464326743
 31
0.0
  0
LINE
  5
1133
330
17
100
AcDbEntity
  8
VISIBLE
100
AcDbLine
 10
218.44949285445458
 20
173.6574464326743
 30
0.0
 11
218.25200283757616
 21
173.28156908705597
 31
0.0
  0
LINE
  5
1134
330
17
100
AcDbEntity
  8
VISIBLE
100
AcDbLine
 10
215.71894285024305
 20
174.42401262990973
 30
0.0
 11
215.3542256024162
 21
173.72985668243555
 31
0.0
  0
LINE
  5
1135
330
17
100
AcDbEntity
  8
VISIBLE
100
AcDbLine
 10
215.3542256024162
 20
173.72985668243555
 30
0.0
 11
215.0689244811267
 21
173.02341601901418
 31
0.0
  0
LINE
  5
1136
330
17
100
AcDbEntity
  8
VISIBLE
100
AcDbLine
 10
215.0689244811267
 20
173.02341601901418
 30
0.0
 11
214.86426073345694
 21
172.30771461165347
 31
0.0
  0
LINE
  5
1137
330
17
100
AcDbEntity
  8
VISIBLE
100
AcDbLine
 10
214.86426073345694
 20
172.30771461165347
 30
0.0
 11
214.74110966515684
 21
171.58581731263163
 31
0.0
  0
LINE
  5
1138
330
17
100
AcDbEntity
  8
VISIBLE
100
AcDbLine
 10
218.2022304440579
 20
195.43736284646207
 30
0.0
 11
217.2091580543682
 21
194.82520167416408
 31
0.0
  0
LINE
  5
1139
330
17
100
AcDbEntity
  8
VISIBLE
100
AcDbLine
 10
217.2091580543682
 20
194.82520167416408
 30
0.0
 11
216.28755694168413
 21
194.17685309176932
 31
0.0
  0
LINE
  5
113A
330
17
100
AcDbEntity
  8
VISIBLE
100
AcDbLine
 10
216.28755694168413
 20
194.17685309176932
 30
0.0
 11
215.44137584424266
 21
193.49509213963861
 31
0.0
  0
LINE
  5
113B
330
17
100
AcDbEntity
  8
VISIBLE
100
AcDbLine
 10
215.44137584424266
 20
193.49509213963861
 30
0.0
 11
214.67423711508593
 21
192.78283869109094
 31
0.0
  0
LINE
  5
113C
330
17
100
AcDbEntity
  8
VISIBLE
100
AcDbLine
 10
220.32355078761753
 20
194.21261797507046
 30
0.0
 11
219.46467699815963
 21
193.68318153411167
 31
0.0
  0
LINE
  5
113D
330
17
100
AcDbEntity
  8
VISIBLE
100
AcDbLine
 10
219.46467699815963
 20
193.68318153411167
 30
0.0
 11
218.66761712542694
 21
193.12244735274146
 31
0.0
  0
LINE
  5
113E
330
17
100
AcDbEntity
  8
VISIBLE
100
AcDbLine
 10
218.66761712542694
 20
193.12244735274146
 30
0.0
 11
217.93578481126778
 21
192.53281612484375
 31
0.0
  0
LINE
  5
113F
330
17
100
AcDbEntity
  8
VISIBLE
100
AcDbLine
 10
217.93578481126778
 20
192.53281612484375
 30
0.0
 11
217.27231350528155
 21
191.91681332646138
 31
0.0
  0
LINE
  5
1140
330
17
100
AcDbEntity
  8
VISIBLE
100
AcDbLine
 10
217.27231350528155
 20
191.91681332646138
 30
0.0
 11
216.6800447479948
 21
191.27707622171022
 31
0.0
  0
LINE
  5
1141
330
17
100
AcDbEntity
  8
VISIBLE
100
AcDbLine
 10
214.67423711508593
 20
192.78283869109094
 30
0.0
 11
213.98942669111122
 21
192.0431423169701
 31
0.0
  0
LINE
  5
1142
330
17
100
AcDbEntity
  8
VISIBLE
100
AcDbLine
 10
213.98942669111122
 20
192.0431423169701
 30
0.0
 11
213.3898756327514
 21
191.27917162757424
 31
0.0
  0
LINE
  5
1143
330
17
100
AcDbEntity
  8
VISIBLE
100
AcDbLine
 10
216.6800447479948
 20
191.27707622171022
 30
0.0
 11
216.16151443098877
 21
190.61634437271627
 31
0.0
  0
LINE
  5
1144
330
17
100
AcDbEntity
  8
VISIBLE
100
AcDbLine
 10
216.16151443098877
 20
190.61634437271627
 30
0.0
 11
215.71894285024305
 21
189.93744766753653
 31
0.0
  0
LINE
  5
1145
330
17
100
AcDbEntity
  8
VISIBLE
100
AcDbLine
 10
213.3898756327514
 20
191.27917162757424
 30
0.0
 11
212.87815354906644
 21
190.49419646053786
 31
0.0
  0
LINE
  5
1146
330
17
100
AcDbEntity
  8
VISIBLE
100
AcDbLine
 10
215.71894285024305
 20
189.93744766753653
 30
0.0
 11
215.3542256024162
 21
189.24329172006233
 31
0.0
  0
LINE
  5
1147
330
17
100
AcDbEntity
  8
VISIBLE
100
AcDbLine
 10
212.87815354906644
 20
190.49419646053786
 30
0.0
 11
212.45644836725626
 21
189.6915793154419
 31
0.0
  0
LINE
  5
1148
330
17
100
AcDbEntity
  8
VISIBLE
100
AcDbLine
 10
212.45644836725626
 20
189.6915793154419
 30
0.0
 11
212.12656801853458
 21
188.8747576390299
 31
0.0
  0
LINE
  5
1149
330
17
100
AcDbEntity
  8
VISIBLE
100
AcDbLine
 10
212.12656801853458
 20
188.8747576390299
 30
0.0
 11
211.88992593961308
 21
188.04722766776763
 31
0.0
  0
LINE
  5
114A
330
17
100
AcDbEntity
  8
VISIBLE
100
AcDbLine
 10
215.3542256024162
 20
189.24329172006233
 30
0.0
 11
215.0689244811267
 21
188.53685105664098
 31
0.0
  0
LINE
  5
114B
330
17
100
AcDbEntity
  8
VISIBLE
100
AcDbLine
 10
215.0689244811267
 20
188.53685105664098
 30
0.0
 11
214.86426073345694
 21
187.82114964928027
 31
0.0
  0
LINE
  5
114C
330
17
100
AcDbEntity
  8
VISIBLE
100
AcDbLine
 10
214.86426073345694
 20
187.82114964928027
 30
0.0
 11
214.74110966515684
 21
187.0992523502584
 31
0.0
  0
LINE
  5
114D
330
17
100
AcDbEntity
  8
VISIBLE
100
AcDbLine
 10
218.25200283757616
 20
173.28156908705597
 30
0.0
 11
218.01128026936922
 21
172.6855098259612
 31
0.0
  0
LINE
  5
114E
330
17
100
AcDbEntity
  8
VISIBLE
100
AcDbLine
 10
218.01128026936922
 20
172.6855098259612
 30
0.0
 11
217.83859417860165
 21
172.0816365931661
 31
0.0
  0
LINE
  5
114F
330
17
100
AcDbEntity
  8
VISIBLE
100
AcDbLine
 10
217.83859417860165
 20
172.0816365931661
 30
0.0
 11
217.73468702415684
 21
171.47253574711644
 31
0.0
  0
LINE
  5
1150
330
17
100
AcDbEntity
  8
VISIBLE
100
AcDbLine
 10
217.73468702415684
 20
171.47253574711644
 30
0.0
 11
217.7000018537063
 21
170.86081544906878
 31
0.0
  0
LINE
  5
1151
330
17
100
AcDbEntity
  8
VISIBLE
100
AcDbLine
 10
214.74110966515684
 20
171.58581731263163
 30
0.0
 11
214.70000131499324
 21
170.86081544906878
 31
0.0
  0
LINE
  5
1152
330
17
100
AcDbEntity
  8
VISIBLE
100
AcDbLine
 10
217.7000018537063
 20
170.86081544906878
 30
0.0
 11
217.73468702415684
 21
170.2490951510211
 31
0.0
  0
LINE
  5
1153
330
17
100
AcDbEntity
  8
VISIBLE
100
AcDbLine
 10
217.73468702415684
 20
170.2490951510211
 30
0.0
 11
217.83859417860165
 21
169.63999430497142
 31
0.0
  0
LINE
  5
1154
330
17
100
AcDbEntity
  8
VISIBLE
100
AcDbLine
 10
217.83859417860165
 20
169.63999430497142
 30
0.0
 11
218.01128026936922
 21
169.03612107217637
 31
0.0
  0
LINE
  5
1155
330
17
100
AcDbEntity
  8
VISIBLE
100
AcDbLine
 10
214.74110966515684
 20
187.0992523502584
 30
0.0
 11
214.70000131499324
 21
186.37425048669556
 31
0.0
  0
LINE
  5
1156
330
17
100
AcDbEntity
  8
VISIBLE
100
AcDbLine
 10
211.88992593961308
 20
188.04722766776763
 30
0.0
 11
211.74753365485597
 21
187.2125339157736
 31
0.0
  0
LINE
  5
1157
330
17
100
AcDbEntity
  8
VISIBLE
100
AcDbLine
 10
211.74753365485597
 20
187.2125339157736
 30
0.0
 11
211.70000212497933
 21
186.37425048669556
 31
0.0
  0
LINE
  5
1158
330
17
100
AcDbEntity
  8
VISIBLE
100
AcDbLine
 10
211.70000212497933
 20
186.37425048669556
 30
0.0
 11
211.74753365485597
 21
185.53596705761754
 31
0.0
  0
LINE
  5
1159
330
17
100
AcDbEntity
  8
VISIBLE
100
AcDbLine
 10
214.70000131499324
 20
170.86081544906878
 30
0.0
 11
214.74110966515684
 21
170.13581358550593
 31
0.0
  0
LINE
  5
115A
330
17
100
AcDbEntity
  8
VISIBLE
100
AcDbLine
 10
214.74110966515684
 20
170.13581358550593
 30
0.0
 11
214.86426073345694
 21
169.41391628648407
 31
0.0
  0
LINE
  5
115B
330
17
100
AcDbEntity
  8
VISIBLE
100
AcDbLine
 10
214.86426073345694
 20
169.41391628648407
 30
0.0
 11
215.0689244811267
 21
168.69821487912336
 31
0.0
  0
LINE
  5
115C
330
17
100
AcDbEntity
  8
VISIBLE
100
AcDbLine
 10
218.01128026936922
 20
169.03612107217637
 30
0.0
 11
218.25200283757616
 21
168.4400618110816
 31
0.0
  0
LINE
  5
115D
330
17
100
AcDbEntity
  8
VISIBLE
100
AcDbLine
 10
218.44949285445458
 20
159.89921865618598
 30
0.0
 11
218.44949285445458
 21
168.06418446546323
 31
0.0
  0
LINE
  5
115E
330
17
100
AcDbEntity
  8
VISIBLE
100
AcDbLine
 10
218.25200283757616
 20
168.4400618110816
 30
0.0
 11
218.44949285445458
 21
168.06418446546323
 31
0.0
  0
LINE
  5
115F
330
17
100
AcDbEntity
  8
VISIBLE
100
AcDbLine
 10
215.0689244811267
 20
168.69821487912336
 30
0.0
 11
215.3542256024162
 21
167.991774215702
 31
0.0
  0
LINE
  5
1160
330
17
100
AcDbEntity
  8
VISIBLE
100
AcDbLine
 10
215.3542256024162
 20
167.991774215702
 30
0.0
 11
215.71894285024305
 21
167.2976182682278
 31
0.0
  0
LINE
  5
1161
330
17
100
AcDbEntity
  8
VISIBLE
100
AcDbLine
 10
218.44949285445458
 20
168.06418446546323
 30
0.0
 11
216.10254728099937
 21
166.7091748068555
 31
0.0
  0
LINE
  5
1162
330
17
100
AcDbEntity
  8
VISIBLE
100
AcDbLine
 10
215.71894285024305
 20
167.2976182682278
 30
0.0
 11
216.10254728099937
 21
166.7091748068555
 31
0.0
  0
LINE
  5
1163
330
17
100
AcDbEntity
  8
VISIBLE
100
AcDbLine
 10
216.10254728099937
 20
166.7091748068555
 30
0.0
 11
216.10254728099937
 21
168.34216796871092
 31
0.0
  0
LINE
  5
1164
330
17
100
AcDbEntity
  8
VISIBLE
100
AcDbLine
 10
213.82889406558027
 20
157.23151470161213
 30
0.0
 11
213.82889406558027
 21
167.02947367274484
 31
0.0
  0
LINE
  5
1165
330
17
100
AcDbEntity
  8
VISIBLE
100
AcDbLine
 10
216.10254728099937
 20
168.34216796871092
 30
0.0
 11
213.82889406558027
 21
167.02947367274484
 31
0.0
  0
LINE
  5
1166
330
17
100
AcDbEntity
  8
VISIBLE
100
AcDbLine
 10
213.82889406558027
 20
167.02947367274484
 30
0.0
 11
213.98942669111122
 21
166.8249167806497
 31
0.0
  0
LINE
  5
1167
330
17
100
AcDbEntity
  8
VISIBLE
100
AcDbLine
 10
213.98942669111122
 20
166.8249167806497
 30
0.0
 11
214.67423711508593
 21
166.08522040652886
 31
0.0
  0
LINE
  5
1168
330
17
100
AcDbEntity
  8
VISIBLE
100
AcDbLine
 10
214.67423711508593
 20
166.08522040652886
 30
0.0
 11
215.44137584424266
 21
165.3729669579812
 31
0.0
  0
LINE
  5
1169
330
17
100
AcDbEntity
  8
VISIBLE
100
AcDbLine
 10
215.44137584424266
 20
165.3729669579812
 30
0.0
 11
216.28755694168413
 21
164.69120600585046
 31
0.0
  0
LINE
  5
116A
330
17
100
AcDbEntity
  8
VISIBLE
100
AcDbLine
 10
216.28755694168413
 20
164.69120600585046
 30
0.0
 11
217.2091580543682
 21
164.04285742345573
 31
0.0
  0
LINE
  5
116B
330
17
100
AcDbEntity
  8
VISIBLE
100
AcDbLine
 10
214.70000131499324
 20
186.37425048669556
 30
0.0
 11
214.74110966515684
 21
185.6492486231327
 31
0.0
  0
LINE
  5
116C
330
17
100
AcDbEntity
  8
VISIBLE
100
AcDbLine
 10
214.74110966515684
 20
185.6492486231327
 30
0.0
 11
214.86426073345694
 21
184.92735132411087
 31
0.0
  0
LINE
  5
116D
330
17
100
AcDbEntity
  8
VISIBLE
100
AcDbLine
 10
214.86426073345694
 20
184.92735132411087
 30
0.0
 11
215.0689244811267
 21
184.21164991675016
 31
0.0
  0
LINE
  5
116E
330
17
100
AcDbEntity
  8
VISIBLE
100
AcDbLine
 10
215.0689244811267
 20
184.21164991675016
 30
0.0
 11
215.3542256024162
 21
183.5052092533288
 31
0.0
  0
LINE
  5
116F
330
17
100
AcDbEntity
  8
VISIBLE
100
AcDbLine
 10
211.74753365485597
 20
185.53596705761754
 30
0.0
 11
211.88992593961308
 21
184.70127330562352
 31
0.0
  0
LINE
  5
1170
330
17
100
AcDbEntity
  8
VISIBLE
100
AcDbLine
 10
211.88992593961308
 20
184.70127330562352
 30
0.0
 11
212.12656801853458
 21
183.87374333436122
 31
0.0
  0
LINE
  5
1171
330
17
100
AcDbEntity
  8
VISIBLE
100
AcDbLine
 10
212.12656801853458
 20
183.87374333436122
 30
0.0
 11
212.45644836725626
 21
183.0569216579492
 31
0.0
  0
LINE
  5
1172
330
17
100
AcDbEntity
  8
VISIBLE
100
AcDbLine
 10
215.3542256024162
 20
183.5052092533288
 30
0.0
 11
215.71894285024305
 21
182.8110533058546
 31
0.0
  0
LINE
  5
1173
330
17
100
AcDbEntity
  8
VISIBLE
100
AcDbLine
 10
215.71894285024305
 20
182.8110533058546
 30
0.0
 11
216.16151443098877
 21
182.13215660067488
 31
0.0
  0
LINE
  5
1174
330
17
100
AcDbEntity
  8
VISIBLE
100
AcDbLine
 10
212.45644836725626
 20
183.0569216579492
 30
0.0
 11
212.87815354906644
 21
182.25430451285328
 31
0.0
  0
LINE
  5
1175
330
17
100
AcDbEntity
  8
VISIBLE
100
AcDbLine
 10
216.16151443098877
 20
182.13215660067488
 30
0.0
 11
216.6800447479948
 21
181.47142475168093
 31
0.0
  0
LINE
  5
1176
330
17
100
AcDbEntity
  8
VISIBLE
100
AcDbLine
 10
216.6800447479948
 20
181.47142475168093
 30
0.0
 11
217.27231350528155
 21
180.83168764692977
 31
0.0
  0
LINE
  5
1177
330
17
100
AcDbEntity
  8
VISIBLE
100
AcDbLine
 10
217.27231350528155
 20
180.83168764692977
 30
0.0
 11
217.93578481126778
 21
180.2156848485474
 31
0.0
  0
LINE
  5
1178
330
17
100
AcDbEntity
  8
VISIBLE
100
AcDbLine
 10
217.93578481126778
 20
180.2156848485474
 30
0.0
 11
218.66761712542694
 21
179.62605362064966
 31
0.0
  0
LINE
  5
1179
330
17
100
AcDbEntity
  8
VISIBLE
100
AcDbLine
 10
218.66761712542694
 20
179.62605362064966
 30
0.0
 11
219.46467699815963
 21
179.06531943927945
 31
0.0
  0
LINE
  5
117A
330
17
100
AcDbEntity
  8
VISIBLE
100
AcDbLine
 10
212.87815354906644
 20
182.25430451285328
 30
0.0
 11
213.3898756327514
 21
181.4693293458169
 31
0.0
  0
LINE
  5
117B
330
17
100
AcDbEntity
  8
VISIBLE
100
AcDbLine
 10
213.3898756327514
 20
181.4693293458169
 30
0.0
 11
213.98942669111122
 21
180.70535865642103
 31
0.0
  0
LINE
  5
117C
330
17
100
AcDbEntity
  8
VISIBLE
100
AcDbLine
 10
213.98942669111122
 20
180.70535865642103
 30
0.0
 11
214.67423711508593
 21
179.9656622823002
 31
0.0
  0
LINE
  5
117D
330
17
100
AcDbEntity
  8
VISIBLE
100
AcDbLine
 10
214.67423711508593
 20
179.9656622823002
 30
0.0
 11
215.44137584424266
 21
179.25340883375253
 31
0.0
  0
LINE
  5
117E
330
17
100
AcDbEntity
  8
VISIBLE
100
AcDbLine
 10
215.44137584424266
 20
179.25340883375253
 30
0.0
 11
216.28755694168413
 21
178.5716478816218
 31
0.0
  0
LINE
  5
117F
330
17
100
AcDbEntity
  8
VISIBLE
100
AcDbLine
 10
216.28755694168413
 20
178.5716478816218
 30
0.0
 11
217.2091580543682
 21
177.92329929922707
 31
0.0
  0
LINE
  5
1180
330
17
100
AcDbEntity
  8
VISIBLE
100
AcDbLine
 10
237.0604648949418
 20
151.88949898341127
 30
0.0
 11
236.01452577440986
 21
151.7897986224213
 31
0.0
  0
LINE
  5
1181
330
17
100
AcDbEntity
  8
VISIBLE
100
AcDbLine
 10
230.73953815681602
 20
151.88949898341127
 30
0.0
 11
231.78547727734795
 21
151.7897986224213
 31
0.0
  0
LINE
  5
1182
330
17
100
AcDbEntity
  8
VISIBLE
100
AcDbLine
 10
236.01452577440986
 20
151.7897986224213
 30
0.0
 11
234.95953216211865
 21
151.72980779883187
 31
0.0
  0
LINE
  5
1183
330
17
100
AcDbEntity
  8
VISIBLE
100
AcDbLine
 10
233.9000015258789
 20
151.70978230633537
 30
0.0
 11
234.95953216211865
 21
151.72980779883187
 31
0.0
  0
LINE
  5
1184
330
17
100
AcDbEntity
  8
VISIBLE
100
AcDbLine
 10
231.78547727734795
 20
151.7897986224213
 30
0.0
 11
232.84047088963916
 21
151.72980779883187
 31
0.0
  0
LINE
  5
1185
330
17
100
AcDbEntity
  8
VISIBLE
100
AcDbLine
 10
233.9000015258789
 20
151.70978230633537
 30
0.0
 11
232.84047088963916
 21
151.72980779883187
 31
0.0
  0
LINE
  5
1186
330
17
100
AcDbEntity
  8
VISIBLE
100
AcDbLine
 10
246.07980584540132
 20
154.89594639791113
 30
0.0
 11
245.35513192058065
 21
154.44923386095275
 31
0.0
  0
LINE
  5
1187
330
17
100
AcDbEntity
  8
VISIBLE
100
AcDbLine
 10
245.35513192058065
 20
154.44923386095275
 30
0.0
 11
244.58140311019073
 21
154.03084317538284
 31
0.0
  0
LINE
  5
1188
330
17
100
AcDbEntity
  8
VISIBLE
100
AcDbLine
 10
244.58140311019073
 20
154.03084317538284
 30
0.0
 11
243.76193687697162
 21
153.6425635343727
 31
0.0
  0
LINE
  5
1189
330
17
100
AcDbEntity
  8
VISIBLE
100
AcDbLine
 10
243.76193687697162
 20
153.6425635343727
 30
0.0
 11
242.90023916436976
 21
153.28605934893477
 31
0.0
  0
LINE
  5
118A
330
17
100
AcDbEntity
  8
VISIBLE
100
AcDbLine
 10
242.90023916436976
 20
153.28605934893477
 30
0.0
 11
242.00000169914
 21
152.96285623182973
 31
0.0
  0
LINE
  5
118B
330
17
100
AcDbEntity
  8
VISIBLE
100
AcDbLine
 10
242.00000169914
 20
152.96285623182973
 30
0.0
 11
241.0650783891101
 21
152.6743390508871
 31
0.0
  0
LINE
  5
118C
330
17
100
AcDbEntity
  8
VISIBLE
100
AcDbLine
 10
240.09947318488867
 20
152.42174258494333
 30
0.0
 11
241.0650783891101
 21
152.6743390508871
 31
0.0
  0
LINE
  5
118D
330
17
100
AcDbEntity
  8
VISIBLE
100
AcDbLine
 10
250.5908449973896
 20
152.61190529046758
 30
0.0
 11
249.5977726076999
 21
151.99974411816956
 31
0.0
  0
LINE
  5
118E
330
17
100
AcDbEntity
  8
VISIBLE
100
AcDbLine
 10
249.5977726076999
 20
151.99974411816956
 30
0.0
 11
248.53747835485888
 21
151.42639350665743
 31
0.0
  0
LINE
  5
118F
330
17
100
AcDbEntity
  8
VISIBLE
100
AcDbLine
 10
248.53747835485888
 20
151.42639350665743
 30
0.0
 11
247.41450566913593
 21
150.89430685616384
 31
0.0
  0
LINE
  5
1190
330
17
100
AcDbEntity
  8
VISIBLE
100
AcDbLine
 10
254.35004363041259
 20
148.25904835559516
 30
0.0
 11
253.13330651363265
 21
147.50901292306708
 31
0.0
  0
LINE
  5
1191
330
17
100
AcDbEntity
  8
VISIBLE
100
AcDbLine
 10
253.13330651363265
 20
147.50901292306708
 30
0.0
 11
251.83420703701714
 21
146.8065294211612
 31
0.0
  0
LINE
  5
1192
330
17
100
AcDbEntity
  8
VISIBLE
100
AcDbLine
 10
254.35004363041259
 20
150.70853809837834
 30
0.0
 11
253.13330651363265
 21
149.95850266585026
 31
0.0
  0
LINE
  5
1193
330
17
100
AcDbEntity
  8
VISIBLE
100
AcDbLine
 10
253.13330651363265
 20
149.95850266585026
 30
0.0
 11
251.83420703701714
 21
149.25601916394436
 31
0.0
  0
LINE
  5
1194
330
17
100
AcDbEntity
  8
VISIBLE
100
AcDbLine
 10
247.41450566913593
 20
150.89430685616384
 30
0.0
 11
246.233661061429
 21
150.40576397177284
 31
0.0
  0
LINE
  5
1195
330
17
100
AcDbEntity
  8
VISIBLE
100
AcDbLine
 10
246.233661061429
 20
150.40576397177284
 30
0.0
 11
245.00000190067826
 21
149.9628562199884
 31
0.0
  0
LINE
  5
1196
330
17
100
AcDbEntity
  8
VISIBLE
100
AcDbLine
 10
251.83420703701714
 20
146.8065294211612
 30
0.0
 11
250.45831246207948
 21
146.15460342576355
 31
0.0
  0
LINE
  5
1197
330
17
100
AcDbEntity
  8
VISIBLE
100
AcDbLine
 10
250.45831246207948
 20
146.15460342576355
 30
0.0
 11
249.0115126423117
 21
145.55602808135473
 31
0.0
  0
LINE
  5
1198
330
17
100
AcDbEntity
  8
VISIBLE
100
AcDbLine
 10
251.83420703701714
 20
149.25601916394436
 30
0.0
 11
250.45831246207948
 21
148.60409316854674
 31
0.0
  0
LINE
  5
1199
330
17
100
AcDbEntity
  8
VISIBLE
100
AcDbLine
 10
250.45831246207948
 20
148.60409316854674
 30
0.0
 11
249.0115126423117
 21
148.00551782413788
 31
0.0
  0
LINE
  5
119A
330
17
100
AcDbEntity
  8
VISIBLE
100
AcDbLine
 10
240.09947318488867
 20
152.42174258494333
 30
0.0
 11
239.10732119807676
 21
152.2061484091545
 31
0.0
  0
LINE
  5
119B
330
17
100
AcDbEntity
  8
VISIBLE
100
AcDbLine
 10
237.0604648949418
 20
151.88949898341127
 30
0.0
 11
238.09286981947992
 21
152.02848022296556
 31
0.0
  0
LINE
  5
119C
330
17
100
AcDbEntity
  8
VISIBLE
100
AcDbLine
 10
239.10732119807676
 20
152.2061484091545
 30
0.0
 11
238.09286981947992
 21
152.02848022296556
 31
0.0
  0
LINE
  5
119D
330
17
100
AcDbEntity
  8
VISIBLE
100
AcDbLine
 10
239.55685577537128
 20
142.29105831370308
 30
0.0
 11
239.55685577537128
 21
147.19003779926945
 31
0.0
  0
LINE
  5
119E
330
17
100
AcDbEntity
  8
VISIBLE
100
AcDbLine
 10
241.0359572770126
 20
148.92588688965998
 30
0.0
 11
239.64578360268055
 21
148.6824152894232
 31
0.0
  0
LINE
  5
119F
330
17
100
AcDbEntity
  8
VISIBLE
100
AcDbLine
 10
239.64578360268055
 20
148.6824152894232
 30
0.0
 11
238.23100695841134
 21
148.4919587812884
 31
0.0
  0
LINE
  5
11A0
330
17
100
AcDbEntity
  8
VISIBLE
100
AcDbLine
 10
238.23100695841134
 20
148.4919587812884
 30
0.0
 11
236.79768300339904
 21
148.35533341332146
 31
0.0
  0
LINE
  5
11A1
330
17
100
AcDbEntity
  8
VISIBLE
100
AcDbLine
 10
245.00000190067826
 20
149.9628562199884
 30
0.0
 11
243.71881019852654
 21
149.56748073736276
 31
0.0
  0
LINE
  5
11A2
330
17
100
AcDbEntity
  8
VISIBLE
100
AcDbLine
 10
241.0359572770126
 20
148.92588688965998
 30
0.0
 11
242.39557414899946
 21
149.22132977242578
 31
0.0
  0
LINE
  5
11A3
330
17
100
AcDbEntity
  8
VISIBLE
100
AcDbLine
 10
243.71881019852654
 20
149.56748073736276
 30
0.0
 11
242.39557414899946
 21
149.22132977242578
 31
0.0
  0
LINE
  5
11A4
330
17
100
AcDbEntity
  8
VISIBLE
100
AcDbLine
 10
249.0115126423117
 20
145.55602808135473
 30
0.0
 11
247.50000122568986
 21
145.01336701889667
 31
0.0
  0
LINE
  5
11A5
330
17
100
AcDbEntity
  8
VISIBLE
100
AcDbLine
 10
247.50000122568986
 20
145.01336701889667
 30
0.0
 11
245.9302543283688
 21
144.5289420430847
 31
0.0
  0
LINE
  5
11A6
330
17
100
AcDbEntity
  8
VISIBLE
100
AcDbLine
 10
249.0115126423117
 20
148.00551782413788
 30
0.0
 11
247.50000122568986
 21
147.46285676167983
 31
0.0
  0
LINE
  5
11A7
330
17
100
AcDbEntity
  8
VISIBLE
100
AcDbLine
 10
247.50000122568986
 20
147.46285676167983
 30
0.0
 11
245.9302543283688
 21
146.97843178586788
 31
0.0
  0
LINE
  5
11A8
330
17
100
AcDbEntity
  8
VISIBLE
100
AcDbLine
 10
245.9302543283688
 20
144.5289420430847
 30
0.0
 11
244.308991843875
 21
144.10482948232328
 31
0.0
  0
LINE
  5
11A9
330
17
100
AcDbEntity
  8
VISIBLE
100
AcDbLine
 10
244.308991843875
 20
144.10482948232328
 30
0.0
 11
242.6431555267457
 21
143.7428444206217
 31
0.0
  0
LINE
  5
11AA
330
17
100
AcDbEntity
  8
VISIBLE
100
AcDbLine
 10
245.9302543283688
 20
146.97843178586788
 30
0.0
 11
244.308991843875
 21
146.55431922510644
 31
0.0
  0
LINE
  5
11AB
330
17
100
AcDbEntity
  8
VISIBLE
100
AcDbLine
 10
244.308991843875
 20
146.55431922510644
 30
0.0
 11
242.6431555267457
 21
146.1923341634049
 31
0.0
  0
LINE
  5
11AC
330
17
100
AcDbEntity
  8
VISIBLE
100
AcDbLine
 10
246.07980584540132
 20
156.52893955976657
 30
0.0
 11
245.35513192058065
 21
156.0822270228082
 31
0.0
  0
LINE
  5
11AD
330
17
100
AcDbEntity
  8
VISIBLE
100
AcDbLine
 10
245.35513192058065
 20
156.0822270228082
 30
0.0
 11
244.58140311019073
 21
155.66383633723828
 31
0.0
  0
LINE
  5
11AE
330
17
100
AcDbEntity
  8
VISIBLE
100
AcDbLine
 10
244.58140311019073
 20
155.66383633723828
 30
0.0
 11
243.76193687697162
 21
155.27555669622816
 31
0.0
  0
LINE
  5
11AF
330
17
100
AcDbEntity
  8
VISIBLE
100
AcDbLine
 10
243.76193687697162
 20
155.27555669622816
 30
0.0
 11
242.90023916436976
 21
154.9190525107902
 31
0.0
  0
LINE
  5
11B0
330
17
100
AcDbEntity
  8
VISIBLE
100
AcDbLine
 10
242.90023916436976
 20
154.9190525107902
 30
0.0
 11
242.00000169914
 21
154.59584939368517
 31
0.0
  0
LINE
  5
11B1
330
17
100
AcDbEntity
  8
VISIBLE
100
AcDbLine
 10
242.00000169914
 20
154.59584939368517
 30
0.0
 11
241.0650783891101
 21
154.30733221274255
 31
0.0
  0
LINE
  5
11B2
330
17
100
AcDbEntity
  8
VISIBLE
100
AcDbLine
 10
240.09947318488867
 20
154.05473574679877
 30
0.0
 11
241.0650783891101
 21
154.30733221274255
 31
0.0
  0
LINE
  5
11B3
330
17
100
AcDbEntity
  8
VISIBLE
100
AcDbLine
 10
250.5908449973896
 20
154.244898452323
 30
0.0
 11
249.5977726076999
 21
153.63273728002503
 31
0.0
  0
LINE
  5
11B4
330
17
100
AcDbEntity
  8
VISIBLE
100
AcDbLine
 10
249.5977726076999
 20
153.63273728002503
 30
0.0
 11
248.53747835485888
 21
153.0593866685129
 31
0.0
  0
LINE
  5
11B5
330
17
100
AcDbEntity
  8
VISIBLE
100
AcDbLine
 10
248.53747835485888
 20
153.0593866685129
 30
0.0
 11
247.41450566913593
 21
152.52730001801928
 31
0.0
  0
LINE
  5
11B6
330
17
100
AcDbEntity
  8
VISIBLE
100
AcDbLine
 10
247.41450566913593
 20
152.52730001801928
 30
0.0
 11
246.233661061429
 21
152.03875713362828
 31
0.0
  0
LINE
  5
11B7
330
17
100
AcDbEntity
  8
VISIBLE
100
AcDbLine
 10
246.233661061429
 20
152.03875713362828
 30
0.0
 11
245.00000190067826
 21
151.59584938184386
 31
0.0
  0
LINE
  5
11B8
330
17
100
AcDbEntity
  8
VISIBLE
100
AcDbLine
 10
240.09947318488867
 20
154.05473574679877
 30
0.0
 11
239.10732119807676
 21
153.83914157100995
 31
0.0
  0
LINE
  5
11B9
330
17
100
AcDbEntity
  8
VISIBLE
100
AcDbLine
 10
238.74390847950502
 20
153.77549429922803
 30
0.0
 11
239.10732119807676
 21
153.83914157100995
 31
0.0
  0
LINE
  5
11BA
330
17
100
AcDbEntity
  8
VISIBLE
100
AcDbLine
 10
245.00000190067826
 20
151.59584938184386
 30
0.0
 11
243.71881019852654
 21
151.2004738992182
 31
0.0
  0
LINE
  5
11BB
330
17
100
AcDbEntity
  8
VISIBLE
100
AcDbLine
 10
238.74390847950502
 20
153.77549429922803
 30
0.0
 11
243.36450726837933
 21
151.10779034465418
 31
0.0
  0
LINE
  5
11BC
330
17
100
AcDbEntity
  8
VISIBLE
100
AcDbLine
 10
243.71881019852654
 20
151.2004738992182
 30
0.0
 11
243.36450726837933
 21
151.10779034465418
 31
0.0
  0
LINE
  5
11BD
330
17
100
AcDbEntity
  8
VISIBLE
100
AcDbLine
 10
221.7201972063565
 20
154.89594639791113
 30
0.0
 11
222.44487113117717
 21
154.44923386095275
 31
0.0
  0
LINE
  5
11BE
330
17
100
AcDbEntity
  8
VISIBLE
100
AcDbLine
 10
222.44487113117717
 20
154.44923386095275
 30
0.0
 11
223.21859994156708
 21
154.03084317538284
 31
0.0
  0
LINE
  5
11BF
330
17
100
AcDbEntity
  8
VISIBLE
100
AcDbLine
 10
223.21859994156708
 20
154.03084317538284
 30
0.0
 11
224.0380661747862
 21
153.6425635343727
 31
0.0
  0
LINE
  5
11C0
330
17
100
AcDbEntity
  8
VISIBLE
100
AcDbLine
 10
224.0380661747862
 20
153.6425635343727
 30
0.0
 11
224.89976388738805
 21
153.28605934893477
 31
0.0
  0
LINE
  5
11C1
330
17
100
AcDbEntity
  8
VISIBLE
100
AcDbLine
 10
224.89976388738805
 20
153.28605934893477
 30
0.0
 11
225.8000013526178
 21
152.96285623182973
 31
0.0
  0
LINE
  5
11C2
330
17
100
AcDbEntity
  8
VISIBLE
100
AcDbLine
 10
227.70052986686915
 20
152.42174258494333
 30
0.0
 11
226.7349246626477
 21
152.6743390508871
 31
0.0
  0
LINE
  5
11C3
330
17
100
AcDbEntity
  8
VISIBLE
100
AcDbLine
 10
225.8000013526178
 20
152.96285623182973
 30
0.0
 11
226.7349246626477
 21
152.6743390508871
 31
0.0
  0
LINE
  5
11C4
330
17
100
AcDbEntity
  8
VISIBLE
100
AcDbLine
 10
230.73953815681602
 20
151.88949898341127
 30
0.0
 11
229.7071332322779
 21
152.02848022296556
 31
0.0
  0
LINE
  5
11C5
330
17
100
AcDbEntity
  8
VISIBLE
100
AcDbLine
 10
227.70052986686915
 20
152.42174258494333
 30
0.0
 11
228.69268185368105
 21
152.2061484091545
 31
0.0
  0
LINE
  5
11C6
330
17
100
AcDbEntity
  8
VISIBLE
100
AcDbLine
 10
229.7071332322779
 20
152.02848022296556
 30
0.0
 11
228.69268185368105
 21
152.2061484091545
 31
0.0
  0
LINE
  5
11C7
330
17
100
AcDbEntity
  8
VISIBLE
100
AcDbLine
 10
228.24314727638654
 20
140.65806515184764
 30
0.0
 11
228.24314727638654
 21
145.55704463741398
 31
0.0
  0
LINE
  5
11C8
330
17
100
AcDbEntity
  8
VISIBLE
100
AcDbLine
 10
231.00232004835877
 20
148.35533341332146
 30
0.0
 11
229.56899609334647
 21
148.4919587812884
 31
0.0
  0
LINE
  5
11C9
330
17
100
AcDbEntity
  8
VISIBLE
100
AcDbLine
 10
226.7640457747452
 20
148.92588688965998
 30
0.0
 11
228.15421944907726
 21
148.6824152894232
 31
0.0
  0
LINE
  5
11CA
330
17
100
AcDbEntity
  8
VISIBLE
100
AcDbLine
 10
229.56899609334647
 20
148.4919587812884
 30
0.0
 11
228.15421944907726
 21
148.6824152894232
 31
0.0
  0
LINE
  5
11CB
330
17
100
AcDbEntity
  8
VISIBLE
100
AcDbLine
 10
217.2091580543682
 20
152.61190529046758
 30
0.0
 11
218.20223044405788
 21
151.99974411816956
 31
0.0
  0
LINE
  5
11CC
330
17
100
AcDbEntity
  8
VISIBLE
100
AcDbLine
 10
220.38549738262188
 20
150.89430685616384
 30
0.0
 11
219.26252469689894
 21
151.42639350665743
 31
0.0
  0
LINE
  5
11CD
330
17
100
AcDbEntity
  8
VISIBLE
100
AcDbLine
 10
218.20223044405788
 20
151.99974411816956
 30
0.0
 11
219.26252469689894
 21
151.42639350665743
 31
0.0
  0
LINE
  5
11CE
330
17
100
AcDbEntity
  8
VISIBLE
100
AcDbLine
 10
220.38549738262188
 20
150.89430685616384
 30
0.0
 11
221.56634199032882
 21
150.40576397177284
 31
0.0
  0
LINE
  5
11CF
330
17
100
AcDbEntity
  8
VISIBLE
100
AcDbLine
 10
221.56634199032882
 20
150.40576397177284
 30
0.0
 11
222.80000115107956
 21
149.9628562199884
 31
0.0
  0
LINE
  5
11D0
330
17
100
AcDbEntity
  8
VISIBLE
100
AcDbLine
 10
213.44995942134526
 20
148.25904835559516
 30
0.0
 11
214.66669653812517
 21
147.50901292306708
 31
0.0
  0
LINE
  5
11D1
330
17
100
AcDbEntity
  8
VISIBLE
100
AcDbLine
 10
214.66669653812517
 20
147.50901292306708
 30
0.0
 11
215.96579601474068
 21
146.8065294211612
 31
0.0
  0
LINE
  5
11D2
330
17
100
AcDbEntity
  8
VISIBLE
100
AcDbLine
 10
213.44995942134526
 20
150.70853809837834
 30
0.0
 11
214.66669653812517
 21
149.95850266585026
 31
0.0
  0
LINE
  5
11D3
330
17
100
AcDbEntity
  8
VISIBLE
100
AcDbLine
 10
214.66669653812517
 20
149.95850266585026
 30
0.0
 11
215.96579601474068
 21
149.25601916394436
 31
0.0
  0
LINE
  5
11D4
330
17
100
AcDbEntity
  8
VISIBLE
100
AcDbLine
 10
215.96579601474068
 20
146.8065294211612
 30
0.0
 11
217.34169058967834
 21
146.15460342576355
 31
0.0
  0
LINE
  5
11D5
330
17
100
AcDbEntity
  8
VISIBLE
100
AcDbLine
 10
217.34169058967834
 20
146.15460342576355
 30
0.0
 11
218.78849040944613
 21
145.55602808135473
 31
0.0
  0
LINE
  5
11D6
330
17
100
AcDbEntity
  8
VISIBLE
100
AcDbLine
 10
215.96579601474068
 20
149.25601916394436
 30
0.0
 11
217.34169058967834
 21
148.60409316854674
 31
0.0
  0
LINE
  5
11D7
330
17
100
AcDbEntity
  8
VISIBLE
100
AcDbLine
 10
217.34169058967834
 20
148.60409316854674
 30
0.0
 11
218.78849040944613
 21
148.00551782413788
 31
0.0
  0
LINE
  5
11D8
330
17
100
AcDbEntity
  8
VISIBLE
100
AcDbLine
 10
222.80000115107956
 20
149.9628562199884
 30
0.0
 11
224.08119285323127
 21
149.56748073736276
 31
0.0
  0
LINE
  5
11D9
330
17
100
AcDbEntity
  8
VISIBLE
100
AcDbLine
 10
226.7640457747452
 20
148.92588688965998
 30
0.0
 11
225.40442890275833
 21
149.22132977242578
 31
0.0
  0
LINE
  5
11DA
330
17
100
AcDbEntity
  8
VISIBLE
100
AcDbLine
 10
224.08119285323127
 20
149.56748073736276
 30
0.0
 11
225.40442890275833
 21
149.22132977242578
 31
0.0
  0
LINE
  5
11DB
330
17
100
AcDbEntity
  8
VISIBLE
100
AcDbLine
 10
218.78849040944613
 20
145.55602808135473
 30
0.0
 11
220.30000182606796
 21
145.01336701889667
 31
0.0
  0
LINE
  5
11DC
330
17
100
AcDbEntity
  8
VISIBLE
100
AcDbLine
 10
220.30000182606796
 20
145.01336701889667
 30
0.0
 11
221.86974872338902
 21
144.5289420430847
 31
0.0
  0
LINE
  5
11DD
330
17
100
AcDbEntity
  8
VISIBLE
100
AcDbLine
 10
218.78849040944613
 20
148.00551782413788
 30
0.0
 11
220.30000182606796
 21
147.46285676167983
 31
0.0
  0
LINE
  5
11DE
330
17
100
AcDbEntity
  8
VISIBLE
100
AcDbLine
 10
220.30000182606796
 20
147.46285676167983
 30
0.0
 11
221.86974872338902
 21
146.97843178586788
 31
0.0
  0
LINE
  5
11DF
330
17
100
AcDbEntity
  8
VISIBLE
100
AcDbLine
 10
221.86974872338902
 20
144.5289420430847
 30
0.0
 11
223.49101120788282
 21
144.10482948232328
 31
0.0
  0
LINE
  5
11E0
330
17
100
AcDbEntity
  8
VISIBLE
100
AcDbLine
 10
223.49101120788282
 20
144.10482948232328
 30
0.0
 11
225.15684752501213
 21
143.7428444206217
 31
0.0
  0
LINE
  5
11E1
330
17
100
AcDbEntity
  8
VISIBLE
100
AcDbLine
 10
221.86974872338902
 20
146.97843178586788
 30
0.0
 11
223.49101120788282
 21
146.55431922510644
 31
0.0
  0
LINE
  5
11E2
330
17
100
AcDbEntity
  8
VISIBLE
100
AcDbLine
 10
223.49101120788282
 20
146.55431922510644
 30
0.0
 11
225.15684752501213
 21
146.1923341634049
 31
0.0
  0
LINE
  5
11E3
330
17
100
AcDbEntity
  8
VISIBLE
100
AcDbLine
 10
221.7201972063565
 20
156.52893955976657
 30
0.0
 11
222.44487113117717
 21
156.0822270228082
 31
0.0
  0
LINE
  5
11E4
330
17
100
AcDbEntity
  8
VISIBLE
100
AcDbLine
 10
222.44487113117717
 20
156.0822270228082
 30
0.0
 11
223.21859994156708
 21
155.66383633723828
 31
0.0
  0
LINE
  5
11E5
330
17
100
AcDbEntity
  8
VISIBLE
100
AcDbLine
 10
223.21859994156708
 20
155.66383633723828
 30
0.0
 11
224.0380661747862
 21
155.27555669622816
 31
0.0
  0
LINE
  5
11E6
330
17
100
AcDbEntity
  8
VISIBLE
100
AcDbLine
 10
224.0380661747862
 20
155.27555669622816
 30
0.0
 11
224.89976388738805
 21
154.9190525107902
 31
0.0
  0
LINE
  5
11E7
330
17
100
AcDbEntity
  8
VISIBLE
100
AcDbLine
 10
224.89976388738805
 20
154.9190525107902
 30
0.0
 11
225.8000013526178
 21
154.59584939368517
 31
0.0
  0
LINE
  5
11E8
330
17
100
AcDbEntity
  8
VISIBLE
100
AcDbLine
 10
227.70052986686915
 20
154.05473574679877
 30
0.0
 11
226.7349246626477
 21
154.30733221274255
 31
0.0
  0
LINE
  5
11E9
330
17
100
AcDbEntity
  8
VISIBLE
100
AcDbLine
 10
225.8000013526178
 20
154.59584939368517
 30
0.0
 11
226.7349246626477
 21
154.30733221274255
 31
0.0
  0
LINE
  5
11EA
330
17
100
AcDbEntity
  8
VISIBLE
100
AcDbLine
 10
227.70052986686915
 20
154.05473574679877
 30
0.0
 11
228.69268185368105
 21
153.83914157100995
 31
0.0
  0
LINE
  5
11EB
330
17
100
AcDbEntity
  8
VISIBLE
100
AcDbLine
 10
229.0560945722528
 20
153.77549429922803
 30
0.0
 11
228.69268185368105
 21
153.83914157100995
 31
0.0
  0
LINE
  5
11EC
330
17
100
AcDbEntity
  8
VISIBLE
100
AcDbLine
 10
217.2091580543682
 20
154.244898452323
 30
0.0
 11
218.20223044405788
 21
153.63273728002503
 31
0.0
  0
LINE
  5
11ED
330
17
100
AcDbEntity
  8
VISIBLE
100
AcDbLine
 10
220.38549738262188
 20
152.52730001801928
 30
0.0
 11
219.26252469689894
 21
153.0593866685129
 31
0.0
  0
LINE
  5
11EE
330
17
100
AcDbEntity
  8
VISIBLE
100
AcDbLine
 10
218.20223044405788
 20
153.63273728002503
 30
0.0
 11
219.26252469689894
 21
153.0593866685129
 31
0.0
  0
LINE
  5
11EF
330
17
100
AcDbEntity
  8
VISIBLE
100
AcDbLine
 10
220.38549738262188
 20
152.52730001801928
 30
0.0
 11
221.56634199032882
 21
152.03875713362828
 31
0.0
  0
LINE
  5
11F0
330
17
100
AcDbEntity
  8
VISIBLE
100
AcDbLine
 10
221.56634199032882
 20
152.03875713362828
 30
0.0
 11
222.80000115107956
 21
151.59584938184386
 31
0.0
  0
LINE
  5
11F1
330
17
100
AcDbEntity
  8
VISIBLE
100
AcDbLine
 10
222.80000115107956
 20
151.59584938184386
 30
0.0
 11
224.08119285323127
 21
151.2004738992182
 31
0.0
  0
LINE
  5
11F2
330
17
100
AcDbEntity
  8
VISIBLE
100
AcDbLine
 10
229.0560945722528
 20
153.77549429922803
 30
0.0
 11
224.43549578337849
 21
151.10779034465418
 31
0.0
  0
LINE
  5
11F3
330
17
100
AcDbEntity
  8
VISIBLE
100
AcDbLine
 10
224.08119285323127
 20
151.2004738992182
 30
0.0
 11
224.43549578337849
 21
151.10779034465418
 31
0.0
  0
LINE
  5
11F4
330
17
100
AcDbEntity
  8
VISIBLE
100
AcDbLine
 10
239.55685577537128
 20
142.29105831370308
 30
0.0
 11
232.4857879635058
 21
138.20857540906445
 31
0.0
  0
LINE
  5
11F5
330
17
100
AcDbEntity
  8
VISIBLE
100
AcDbLine
 10
228.24314727638654
 20
140.65806515184764
 30
0.0
 11
232.4857879635058
 21
138.20857540906445
 31
0.0
  0
LINE
  5
11F6
330
17
100
AcDbEntity
  8
VISIBLE
100
AcDbLine
 10
236.79768300339904
 20
148.35533341332146
 30
0.0
 11
235.35195101618513
 21
148.27312318938644
 31
0.0
  0
LINE
  5
11F7
330
17
100
AcDbEntity
  8
VISIBLE
100
AcDbLine
 10
231.00232004835877
 20
148.35533341332146
 30
0.0
 11
232.4480520355727
 21
148.27312318938644
 31
0.0
  0
LINE
  5
11F8
330
17
100
AcDbEntity
  8
VISIBLE
100
AcDbLine
 10
235.35195101618513
 20
148.27312318938644
 30
0.0
 11
233.9000015258789
 21
148.24568084781717
 31
0.0
  0
LINE
  5
11F9
330
17
100
AcDbEntity
  8
VISIBLE
100
AcDbLine
 10
232.4480520355727
 20
148.27312318938644
 30
0.0
 11
233.9000015258789
 21
148.24568084781717
 31
0.0
  0
LINE
  5
11FA
330
17
100
AcDbEntity
  8
VISIBLE
100
AcDbLine
 10
239.55685577537128
 20
147.19003779926945
 30
0.0
 11
232.4857879635058
 21
143.1075548946308
 31
0.0
  0
LINE
  5
11FB
330
17
100
AcDbEntity
  8
VISIBLE
100
AcDbLine
 10
228.24314727638654
 20
145.55704463741398
 30
0.0
 11
232.4857879635058
 21
143.1075548946308
 31
0.0
  0
LINE
  5
11FC
330
17
100
AcDbEntity
  8
VISIBLE
100
AcDbLine
 10
232.4857879635058
 20
138.20857540906445
 30
0.0
 11
232.4857879635058
 21
143.1075548946308
 31
0.0
  0
LINE
  5
11FD
330
17
100
AcDbEntity
  8
VISIBLE
100
AcDbLine
 10
242.6431555267457
 20
143.7428444206217
 30
0.0
 11
240.93987932114717
 21
143.4445375829069
 31
0.0
  0
LINE
  5
11FE
330
17
100
AcDbEntity
  8
VISIBLE
100
AcDbLine
 10
240.93987932114717
 20
143.4445375829069
 30
0.0
 11
239.20645766644492
 21
143.21118638029728
 31
0.0
  0
LINE
  5
11FF
330
17
100
AcDbEntity
  8
VISIBLE
100
AcDbLine
 10
239.20645766644492
 20
143.21118638029728
 30
0.0
 11
237.45031312842391
 21
143.04378868072857
 31
0.0
  0
LINE
  5
1200
330
17
100
AcDbEntity
  8
VISIBLE
100
AcDbLine
 10
242.6431555267457
 20
146.1923341634049
 30
0.0
 11
240.93987932114717
 21
145.89402732569005
 31
0.0
  0
LINE
  5
1201
330
17
100
AcDbEntity
  8
VISIBLE
100
AcDbLine
 10
240.93987932114717
 20
145.89402732569005
 30
0.0
 11
239.20645766644492
 21
145.66067612308046
 31
0.0
  0
LINE
  5
1202
330
17
100
AcDbEntity
  8
VISIBLE
100
AcDbLine
 10
239.20645766644492
 20
145.66067612308046
 30
0.0
 11
237.45031312842391
 21
145.49327842351175
 31
0.0
  0
LINE
  5
1203
330
17
100
AcDbEntity
  8
VISIBLE
100
AcDbLine
 10
233.9000015258789
 20
142.90943898115168
 30
0.0
 11
235.67896672790724
 21
142.94306280895344
 31
0.0
  0
LINE
  5
1204
330
17
100
AcDbEntity
  8
VISIBLE
100
AcDbLine
 10
237.45031312842391
 20
143.04378868072857
 30
0.0
 11
235.67896672790724
 21
142.94306280895344
 31
0.0
  0
LINE
  5
1205
330
17
100
AcDbEntity
  8
VISIBLE
100
AcDbLine
 10
233.9000015258789
 20
145.35892872393487
 30
0.0
 11
235.67896672790724
 21
145.3925525517366
 31
0.0
  0
LINE
  5
1206
330
17
100
AcDbEntity
  8
VISIBLE
100
AcDbLine
 10
237.45031312842391
 20
145.49327842351175
 30
0.0
 11
235.67896672790724
 21
145.3925525517366
 31
0.0
  0
LINE
  5
1207
330
17
100
AcDbEntity
  8
VISIBLE
100
AcDbLine
 10
230.3496899233339
 20
143.04378868072857
 30
0.0
 11
228.5935453853129
 21
143.2111863802973
 31
0.0
  0
LINE
  5
1208
330
17
100
AcDbEntity
  8
VISIBLE
100
AcDbLine
 10
225.15684752501213
 20
143.7428444206217
 30
0.0
 11
226.86012373061064
 21
143.4445375829069
 31
0.0
  0
LINE
  5
1209
330
17
100
AcDbEntity
  8
VISIBLE
100
AcDbLine
 10
228.5935453853129
 20
143.2111863802973
 30
0.0
 11
226.86012373061064
 21
143.4445375829069
 31
0.0
  0
LINE
  5
120A
330
17
100
AcDbEntity
  8
VISIBLE
100
AcDbLine
 10
230.3496899233339
 20
145.49327842351175
 30
0.0
 11
228.5935453853129
 21
145.66067612308046
 31
0.0
  0
LINE
  5
120B
330
17
100
AcDbEntity
  8
VISIBLE
100
AcDbLine
 10
225.15684752501213
 20
146.1923341634049
 30
0.0
 11
226.86012373061064
 21
145.89402732569005
 31
0.0
  0
LINE
  5
120C
330
17
100
AcDbEntity
  8
VISIBLE
100
AcDbLine
 10
228.5935453853129
 20
145.66067612308046
 30
0.0
 11
226.86012373061064
 21
145.89402732569005
 31
0.0
  0
LINE
  5
120D
330
17
100
AcDbEntity
  8
VISIBLE
100
AcDbLine
 10
233.9000015258789
 20
142.90943898115168
 30
0.0
 11
232.12103632385057
 21
142.94306280895344
 31
0.0
  0
LINE
  5
120E
330
17
100
AcDbEntity
  8
VISIBLE
100
AcDbLine
 10
230.3496899233339
 20
143.04378868072857
 30
0.0
 11
232.12103632385057
 21
142.94306280895344
 31
0.0
  0
LINE
  5
120F
330
17
100
AcDbEntity
  8
VISIBLE
100
AcDbLine
 10
233.9000015258789
 20
145.35892872393487
 30
0.0
 11
232.12103632385057
 21
145.3925525517366
 31
0.0
  0
LINE
  5
1210
330
17
100
AcDbEntity
  8
VISIBLE
100
AcDbLine
 10
230.3496899233339
 20
145.49327842351175
 30
0.0
 11
232.12103632385057
 21
145.3925525517366
 31
0.0
  0
LINE
  5
1211
330
17
100
AcDbEntity
  8
VISIBLE
100
AcDbLine
 10
237.0604648949418
 20
161.687457954544
 30
0.0
 11
236.01452577440986
 21
161.58775759355402
 31
0.0
  0
LINE
  5
1212
330
17
100
AcDbEntity
  8
VISIBLE
100
AcDbLine
 10
230.73953815681602
 20
161.687457954544
 30
0.0
 11
231.78547727734795
 21
161.58775759355402
 31
0.0
  0
LINE
  5
1213
330
17
100
AcDbEntity
  8
VISIBLE
100
AcDbLine
 10
236.01452577440986
 20
161.58775759355402
 30
0.0
 11
234.95953216211865
 21
161.5277667699646
 31
0.0
  0
LINE
  5
1214
330
17
100
AcDbEntity
  8
VISIBLE
100
AcDbLine
 10
233.9000015258789
 20
161.50774127746809
 30
0.0
 11
234.95953216211865
 21
161.5277667699646
 31
0.0
  0
LINE
  5
1215
330
17
100
AcDbEntity
  8
VISIBLE
100
AcDbLine
 10
231.78547727734795
 20
161.58775759355402
 30
0.0
 11
232.84047088963916
 21
161.5277667699646
 31
0.0
  0
LINE
  5
1216
330
17
100
AcDbEntity
  8
VISIBLE
100
AcDbLine
 10
233.9000015258789
 20
161.50774127746809
 30
0.0
 11
232.84047088963916
 21
161.5277667699646
 31
0.0
  0
LINE
  5
1217
330
17
100
AcDbEntity
  8
VISIBLE
100
AcDbLine
 10
250.5908449973896
 20
164.04285742345573
 30
0.0
 11
249.5977726076999
 21
163.43069625115774
 31
0.0
  0
LINE
  5
1218
330
17
100
AcDbEntity
  8
VISIBLE
100
AcDbLine
 10
249.5977726076999
 20
163.43069625115774
 30
0.0
 11
248.53747835485888
 21
162.85734563964562
 31
0.0
  0
LINE
  5
1219
330
17
100
AcDbEntity
  8
VISIBLE
100
AcDbLine
 10
248.53747835485888
 20
162.85734563964562
 30
0.0
 11
247.41450566913593
 21
162.325258989152
 31
0.0
  0
LINE
  5
121A
330
17
100
AcDbEntity
  8
VISIBLE
100
AcDbLine
 10
247.41450566913593
 20
162.325258989152
 30
0.0
 11
246.233661061429
 21
161.836716104761
 31
0.0
  0
LINE
  5
121B
330
17
100
AcDbEntity
  8
VISIBLE
100
AcDbLine
 10
246.233661061429
 20
161.836716104761
 30
0.0
 11
245.00000190067826
 21
161.39380835297658
 31
0.0
  0
LINE
  5
121C
330
17
100
AcDbEntity
  8
VISIBLE
100
AcDbLine
 10
237.0604648949418
 20
161.687457954544
 30
0.0
 11
238.09286981947992
 21
161.82643919409827
 31
0.0
  0
LINE
  5
121D
330
17
100
AcDbEntity
  8
VISIBLE
100
AcDbLine
 10
238.74390847950502
 20
161.94046010850528
 30
0.0
 11
238.09286981947992
 21
161.82643919409827
 31
0.0
  0
LINE
  5
121E
330
17
100
AcDbEntity
  8
VISIBLE
100
AcDbLine
 10
238.74390847950502
 20
161.94046010850528
 30
0.0
 11
241.09085405296022
 21
160.58545044989754
 31
0.0
  0
LINE
  5
121F
330
17
100
AcDbEntity
  8
VISIBLE
100
AcDbLine
 10
238.86932671108022
 20
160.1534067273271
 30
0.0
 11
240.07164008048164
 21
160.36397632853803
 31
0.0
  0
LINE
  5
1220
330
17
100
AcDbEntity
  8
VISIBLE
100
AcDbLine
 10
241.09085405296022
 20
160.58545044989754
 30
0.0
 11
240.07164008048164
 21
160.36397632853803
 31
0.0
  0
LINE
  5
1221
330
17
100
AcDbEntity
  8
VISIBLE
100
AcDbLine
 10
238.86932671108022
 20
160.1534067273271
 30
0.0
 11
237.64573558950178
 21
159.9886880481505
 31
0.0
  0
LINE
  5
1222
330
17
100
AcDbEntity
  8
VISIBLE
100
AcDbLine
 10
236.40610438890445
 20
159.87052537834
 30
0.0
 11
237.64573558950178
 21
159.9886880481505
 31
0.0
  0
LINE
  5
1223
330
17
100
AcDbEntity
  8
VISIBLE
100
AcDbLine
 10
233.9000015258789
 20
159.77569015887306
 30
0.0
 11
235.1557415891519
 21
159.79942407590596
 31
0.0
  0
LINE
  5
1224
330
17
100
AcDbEntity
  8
VISIBLE
100
AcDbLine
 10
236.40610438890445
 20
159.87052537834
 30
0.0
 11
235.1557415891519
 21
159.79942407590596
 31
0.0
  0
LINE
  5
1225
330
17
100
AcDbEntity
  8
VISIBLE
100
AcDbLine
 10
245.00000190067826
 20
161.39380835297658
 30
0.0
 11
243.71881019852654
 21
160.9984328703509
 31
0.0
  0
LINE
  5
1226
330
17
100
AcDbEntity
  8
VISIBLE
100
AcDbLine
 10
243.36450726837933
 20
151.10779034465418
 30
0.0
 11
243.36450726837933
 21
160.9057493157869
 31
0.0
  0
LINE
  5
1227
330
17
100
AcDbEntity
  8
VISIBLE
100
AcDbLine
 10
243.71881019852654
 20
160.9984328703509
 30
0.0
 11
243.36450726837933
 21
160.9057493157869
 31
0.0
  0
LINE
  5
1228
330
17
100
AcDbEntity
  8
VISIBLE
100
AcDbLine
 10
248.33532605359818
 20
179.06531943927945
 30
0.0
 11
247.47645226414028
 21
178.53588299832066
 31
0.0
  0
LINE
  5
1229
330
17
100
AcDbEntity
  8
VISIBLE
100
AcDbLine
 10
247.47645226414028
 20
178.53588299832066
 30
0.0
 11
246.55944144902122
 21
178.04001198477724
 31
0.0
  0
LINE
  5
122A
330
17
100
AcDbEntity
  8
VISIBLE
100
AcDbLine
 10
246.55944144902122
 20
178.04001198477724
 30
0.0
 11
245.58822135734746
 21
177.57982925269476
 31
0.0
  0
LINE
  5
122B
330
17
100
AcDbEntity
  8
VISIBLE
100
AcDbLine
 10
245.58822135734746
 20
177.57982925269476
 30
0.0
 11
244.56695011289938
 21
177.1573056691133
 31
0.0
  0
LINE
  5
122C
330
17
100
AcDbEntity
  8
VISIBLE
100
AcDbLine
 10
243.50000196849652
 20
176.77425033200257
 30
0.0
 11
244.56695011289938
 21
177.1573056691133
 31
0.0
  0
LINE
  5
122D
330
17
100
AcDbEntity
  8
VISIBLE
100
AcDbLine
 10
243.50000196849652
 20
176.77425033200257
 30
0.0
 11
242.3919447995805
 21
176.43230380555045
 31
0.0
  0
LINE
  5
122E
330
17
100
AcDbEntity
  8
VISIBLE
100
AcDbLine
 10
250.5908449973896
 20
177.92329929922707
 30
0.0
 11
249.5977726076999
 21
177.31113812692908
 31
0.0
  0
LINE
  5
122F
330
17
100
AcDbEntity
  8
VISIBLE
100
AcDbLine
 10
249.5977726076999
 20
177.31113812692908
 30
0.0
 11
248.53747835485888
 21
176.73778751541695
 31
0.0
  0
LINE
  5
1230
330
17
100
AcDbEntity
  8
VISIBLE
100
AcDbLine
 10
248.53747835485888
 20
176.73778751541695
 30
0.0
 11
247.41450566913593
 21
176.20570086492336
 31
0.0
  0
LINE
  5
1231
330
17
100
AcDbEntity
  8
VISIBLE
100
AcDbLine
 10
247.41450566913593
 20
176.20570086492336
 30
0.0
 11
246.233661061429
 21
175.71715798053233
 31
0.0
  0
LINE
  5
1232
330
17
100
AcDbEntity
  8
VISIBLE
100
AcDbLine
 10
246.233661061429
 20
175.71715798053233
 30
0.0
 11
245.00000190067826
 21
175.27425022874792
 31
0.0
  0
LINE
  5
1233
330
17
100
AcDbEntity
  8
VISIBLE
100
AcDbLine
 10
242.3919447995805
 20
176.43230380555045
 30
0.0
 11
241.24752366694406
 21
176.13293018744406
 31
0.0
  0
LINE
  5
1234
330
17
100
AcDbEntity
  8
VISIBLE
100
AcDbLine
 10
238.86932671108022
 20
175.6668417649539
 30
0.0
 11
240.07164008048164
 21
175.87741136616484
 31
0.0
  0
LINE
  5
1235
330
17
100
AcDbEntity
  8
VISIBLE
100
AcDbLine
 10
241.24752366694406
 20
176.13293018744406
 30
0.0
 11
240.07164008048164
 21
175.87741136616484
 31
0.0
  0
LINE
  5
1236
330
17
100
AcDbEntity
  8
VISIBLE
100
AcDbLine
 10
238.86932671108022
 20
175.6668417649539
 30
0.0
 11
237.64573558950178
 21
175.5021230857773
 31
0.0
  0
LINE
  5
1237
330
17
100
AcDbEntity
  8
VISIBLE
100
AcDbLine
 10
236.40610438890445
 20
175.3839604159668
 30
0.0
 11
237.64573558950178
 21
175.5021230857773
 31
0.0
  0
LINE
  5
1238
330
17
100
AcDbEntity
  8
VISIBLE
100
AcDbLine
 10
233.9000015258789
 20
175.28912519649987
 30
0.0
 11
235.1557415891519
 21
175.31285911353274
 31
0.0
  0
LINE
  5
1239
330
17
100
AcDbEntity
  8
VISIBLE
100
AcDbLine
 10
236.40610438890445
 20
175.3839604159668
 30
0.0
 11
235.1557415891519
 21
175.31285911353274
 31
0.0
  0
LINE
  5
123A
330
17
100
AcDbEntity
  8
VISIBLE
100
AcDbLine
 10
241.0359572770126
 20
174.2372808984195
 30
0.0
 11
239.64578360268055
 21
173.99380929818273
 31
0.0
  0
LINE
  5
123B
330
17
100
AcDbEntity
  8
VISIBLE
100
AcDbLine
 10
239.64578360268055
 20
173.99380929818273
 30
0.0
 11
238.23100695841134
 21
173.8033527900479
 31
0.0
  0
LINE
  5
123C
330
17
100
AcDbEntity
  8
VISIBLE
100
AcDbLine
 10
238.23100695841134
 20
173.8033527900479
 30
0.0
 11
236.79768300339904
 21
173.66672742208098
 31
0.0
  0
LINE
  5
123D
330
17
100
AcDbEntity
  8
VISIBLE
100
AcDbLine
 10
245.00000190067826
 20
175.27425022874792
 30
0.0
 11
243.71881019852654
 21
174.87887474612225
 31
0.0
  0
LINE
  5
123E
330
17
100
AcDbEntity
  8
VISIBLE
100
AcDbLine
 10
241.0359572770126
 20
174.2372808984195
 30
0.0
 11
242.39557414899946
 21
174.53272378118527
 31
0.0
  0
LINE
  5
123F
330
17
100
AcDbEntity
  8
VISIBLE
100
AcDbLine
 10
243.71881019852654
 20
174.87887474612225
 30
0.0
 11
242.39557414899946
 21
174.53272378118527
 31
0.0
  0
LINE
  5
1240
330
17
100
AcDbEntity
  8
VISIBLE
100
AcDbLine
 10
230.73953815681602
 20
161.687457954544
 30
0.0
 11
229.7071332322779
 21
161.82643919409827
 31
0.0
  0
LINE
  5
1241
330
17
100
AcDbEntity
  8
VISIBLE
100
AcDbLine
 10
229.0560945722528
 20
161.94046010850528
 30
0.0
 11
229.7071332322779
 21
161.82643919409827
 31
0.0
  0
LINE
  5
1242
330
17
100
AcDbEntity
  8
VISIBLE
100
AcDbLine
 10
233.9000015258789
 20
159.77569015887306
 30
0.0
 11
232.64426146260593
 21
159.79942407590596
 31
0.0
  0
LINE
  5
1243
330
17
100
AcDbEntity
  8
VISIBLE
100
AcDbLine
 10
231.39389866285336
 20
159.87052537834
 30
0.0
 11
232.64426146260593
 21
159.79942407590596
 31
0.0
  0
LINE
  5
1244
330
17
100
AcDbEntity
  8
VISIBLE
100
AcDbLine
 10
228.9306763406776
 20
160.1534067273271
 30
0.0
 11
230.15426746225603
 21
159.9886880481505
 31
0.0
  0
LINE
  5
1245
330
17
100
AcDbEntity
  8
VISIBLE
100
AcDbLine
 10
231.39389866285336
 20
159.87052537834
 30
0.0
 11
230.15426746225603
 21
159.9886880481505
 31
0.0
  0
LINE
  5
1246
330
17
100
AcDbEntity
  8
VISIBLE
100
AcDbLine
 10
229.0560945722528
 20
161.94046010850528
 30
0.0
 11
226.7091489987976
 21
160.58545044989754
 31
0.0
  0
LINE
  5
1247
330
17
100
AcDbEntity
  8
VISIBLE
100
AcDbLine
 10
228.9306763406776
 20
160.1534067273271
 30
0.0
 11
227.72836297127617
 21
160.36397632853803
 31
0.0
  0
LINE
  5
1248
330
17
100
AcDbEntity
  8
VISIBLE
100
AcDbLine
 10
226.7091489987976
 20
160.58545044989754
 30
0.0
 11
227.72836297127617
 21
160.36397632853803
 31
0.0
  0
LINE
  5
1249
330
17
100
AcDbEntity
  8
VISIBLE
100
AcDbLine
 10
217.2091580543682
 20
164.04285742345573
 30
0.0
 11
218.20223044405788
 21
163.43069625115774
 31
0.0
  0
LINE
  5
124A
330
17
100
AcDbEntity
  8
VISIBLE
100
AcDbLine
 10
220.38549738262188
 20
162.325258989152
 30
0.0
 11
219.26252469689894
 21
162.85734563964562
 31
0.0
  0
LINE
  5
124B
330
17
100
AcDbEntity
  8
VISIBLE
100
AcDbLine
 10
218.20223044405788
 20
163.43069625115774
 30
0.0
 11
219.26252469689894
 21
162.85734563964562
 31
0.0
  0
LINE
  5
124C
330
17
100
AcDbEntity
  8
VISIBLE
100
AcDbLine
 10
220.38549738262188
 20
162.325258989152
 30
0.0
 11
221.56634199032882
 21
161.836716104761
 31
0.0
  0
LINE
  5
124D
330
17
100
AcDbEntity
  8
VISIBLE
100
AcDbLine
 10
221.56634199032882
 20
161.836716104761
 30
0.0
 11
222.80000115107956
 21
161.39380835297658
 31
0.0
  0
LINE
  5
124E
330
17
100
AcDbEntity
  8
VISIBLE
100
AcDbLine
 10
222.80000115107956
 20
161.39380835297658
 30
0.0
 11
224.08119285323127
 21
160.9984328703509
 31
0.0
  0
LINE
  5
124F
330
17
100
AcDbEntity
  8
VISIBLE
100
AcDbLine
 10
224.43549578337849
 20
151.10779034465418
 30
0.0
 11
224.43549578337849
 21
160.9057493157869
 31
0.0
  0
LINE
  5
1250
330
17
100
AcDbEntity
  8
VISIBLE
100
AcDbLine
 10
224.08119285323127
 20
160.9984328703509
 30
0.0
 11
224.43549578337849
 21
160.9057493157869
 31
0.0
  0
LINE
  5
1251
330
17
100
AcDbEntity
  8
VISIBLE
100
AcDbLine
 10
219.46467699815963
 20
179.06531943927945
 30
0.0
 11
220.32355078761753
 21
178.53588299832066
 31
0.0
  0
LINE
  5
1252
330
17
100
AcDbEntity
  8
VISIBLE
100
AcDbLine
 10
220.32355078761753
 20
178.53588299832066
 30
0.0
 11
221.2405616027366
 21
178.04001198477724
 31
0.0
  0
LINE
  5
1253
330
17
100
AcDbEntity
  8
VISIBLE
100
AcDbLine
 10
221.2405616027366
 20
178.04001198477724
 30
0.0
 11
222.21178169441035
 21
177.57982925269476
 31
0.0
  0
LINE
  5
1254
330
17
100
AcDbEntity
  8
VISIBLE
100
AcDbLine
 10
224.3000010832613
 20
176.77425033200257
 30
0.0
 11
225.4080582521773
 21
176.43230380555045
 31
0.0
  0
LINE
  5
1255
330
17
100
AcDbEntity
  8
VISIBLE
100
AcDbLine
 10
222.21178169441035
 20
177.57982925269476
 30
0.0
 11
223.23305293885844
 21
177.1573056691133
 31
0.0
  0
LINE
  5
1256
330
17
100
AcDbEntity
  8
VISIBLE
100
AcDbLine
 10
224.3000010832613
 20
176.77425033200257
 30
0.0
 11
223.23305293885844
 21
177.1573056691133
 31
0.0
  0
LINE
  5
1257
330
17
100
AcDbEntity
  8
VISIBLE
100
AcDbLine
 10
233.9000015258789
 20
175.28912519649987
 30
0.0
 11
232.64426146260593
 21
175.31285911353274
 31
0.0
  0
LINE
  5
1258
330
17
100
AcDbEntity
  8
VISIBLE
100
AcDbLine
 10
231.39389866285336
 20
175.3839604159668
 30
0.0
 11
232.64426146260593
 21
175.31285911353274
 31
0.0
  0
LINE
  5
1259
330
17
100
AcDbEntity
  8
VISIBLE
100
AcDbLine
 10
228.9306763406776
 20
175.6668417649539
 30
0.0
 11
230.15426746225603
 21
175.5021230857773
 31
0.0
  0
LINE
  5
125A
330
17
100
AcDbEntity
  8
VISIBLE
100
AcDbLine
 10
231.39389866285336
 20
175.3839604159668
 30
0.0
 11
230.15426746225603
 21
175.5021230857773
 31
0.0
  0
LINE
  5
125B
330
17
100
AcDbEntity
  8
VISIBLE
100
AcDbLine
 10
225.4080582521773
 20
176.43230380555045
 30
0.0
 11
226.55247938481375
 21
176.13293018744406
 31
0.0
  0
LINE
  5
125C
330
17
100
AcDbEntity
  8
VISIBLE
100
AcDbLine
 10
228.9306763406776
 20
175.6668417649539
 30
0.0
 11
227.72836297127617
 21
175.87741136616484
 31
0.0
  0
LINE
  5
125D
330
17
100
AcDbEntity
  8
VISIBLE
100
AcDbLine
 10
226.55247938481375
 20
176.13293018744406
 30
0.0
 11
227.72836297127617
 21
175.87741136616484
 31
0.0
  0
LINE
  5
125E
330
17
100
AcDbEntity
  8
VISIBLE
100
AcDbLine
 10
231.00232004835877
 20
173.66672742208098
 30
0.0
 11
229.56899609334647
 21
173.8033527900479
 31
0.0
  0
LINE
  5
125F
330
17
100
AcDbEntity
  8
VISIBLE
100
AcDbLine
 10
226.7640457747452
 20
174.2372808984195
 30
0.0
 11
228.15421944907726
 21
173.99380929818273
 31
0.0
  0
LINE
  5
1260
330
17
100
AcDbEntity
  8
VISIBLE
100
AcDbLine
 10
229.56899609334647
 20
173.8033527900479
 30
0.0
 11
228.15421944907726
 21
173.99380929818273
 31
0.0
  0
LINE
  5
1261
330
17
100
AcDbEntity
  8
VISIBLE
100
AcDbLine
 10
217.2091580543682
 20
177.92329929922707
 30
0.0
 11
218.20223044405788
 21
177.31113812692908
 31
0.0
  0
LINE
  5
1262
330
17
100
AcDbEntity
  8
VISIBLE
100
AcDbLine
 10
220.38549738262188
 20
176.20570086492336
 30
0.0
 11
219.26252469689894
 21
176.73778751541695
 31
0.0
  0
LINE
  5
1263
330
17
100
AcDbEntity
  8
VISIBLE
100
AcDbLine
 10
218.20223044405788
 20
177.31113812692908
 30
0.0
 11
219.26252469689894
 21
176.73778751541695
 31
0.0
  0
LINE
  5
1264
330
17
100
AcDbEntity
  8
VISIBLE
100
AcDbLine
 10
220.38549738262188
 20
176.20570086492336
 30
0.0
 11
221.56634199032882
 21
175.71715798053233
 31
0.0
  0
LINE
  5
1265
330
17
100
AcDbEntity
  8
VISIBLE
100
AcDbLine
 10
221.56634199032882
 20
175.71715798053233
 30
0.0
 11
222.80000115107956
 21
175.27425022874792
 31
0.0
  0
LINE
  5
1266
330
17
100
AcDbEntity
  8
VISIBLE
100
AcDbLine
 10
222.80000115107956
 20
175.27425022874792
 30
0.0
 11
224.08119285323127
 21
174.87887474612225
 31
0.0
  0
LINE
  5
1267
330
17
100
AcDbEntity
  8
VISIBLE
100
AcDbLine
 10
226.7640457747452
 20
174.2372808984195
 30
0.0
 11
225.40442890275833
 21
174.53272378118527
 31
0.0
  0
LINE
  5
1268
330
17
100
AcDbEntity
  8
VISIBLE
100
AcDbLine
 10
224.08119285323127
 20
174.87887474612225
 30
0.0
 11
225.40442890275833
 21
174.53272378118527
 31
0.0
  0
LINE
  5
1269
330
17
100
AcDbEntity
  8
VISIBLE
100
AcDbLine
 10
236.79768300339904
 20
173.66672742208098
 30
0.0
 11
235.35195101618513
 21
173.58451719814593
 31
0.0
  0
LINE
  5
126A
330
17
100
AcDbEntity
  8
VISIBLE
100
AcDbLine
 10
231.00232004835877
 20
173.66672742208098
 30
0.0
 11
232.4480520355727
 21
173.58451719814593
 31
0.0
  0
LINE
  5
126B
330
17
100
AcDbEntity
  8
VISIBLE
100
AcDbLine
 10
235.35195101618513
 20
173.58451719814593
 30
0.0
 11
233.9000015258789
 21
173.55707485657666
 31
0.0
  0
LINE
  5
126C
330
17
100
AcDbEntity
  8
VISIBLE
100
AcDbLine
 10
232.4480520355727
 20
173.58451719814593
 30
0.0
 11
233.9000015258789
 21
173.55707485657666
 31
0.0
  0
LINE
  5
126D
330
17
100
AcDbEntity
  8
VISIBLE
100
AcDbLine
 10
207.22264327221544
 20
155.54968119919397
 30
0.0
 11
207.22264211326421
 21
155.54968456978753
 31
0.0
  0
LINE
  5
126E
330
17
100
AcDbEntity
  8
VISIBLE
100
AcDbLine
 10
207.22264211326421
 20
155.54968456978753
 30
0.0
 11
206.93270179376975
 21
156.56359159030234
 31
0.0
  0
LINE
  5
126F
330
17
100
AcDbEntity
  8
VISIBLE
100
AcDbLine
 10
206.93270179376975
 20
156.56359159030234
 30
0.0
 11
206.9327009709317
 21
156.56359520625264
 31
0.0
  0
LINE
  5
1270
330
17
100
AcDbEntity
  8
VISIBLE
100
AcDbLine
 10
206.9327009709317
 20
156.56359520625264
 30
0.0
 11
206.75823927579907
 21
157.58627882022063
 31
0.0
  0
LINE
  5
1271
330
17
100
AcDbEntity
  8
VISIBLE
100
AcDbLine
 10
206.75823927579907
 20
157.58627882022063
 30
0.0
 11
206.75823884788014
 21
157.58628259760312
 31
0.0
  0
LINE
  5
1272
330
17
100
AcDbEntity
  8
VISIBLE
100
AcDbLine
 10
206.75823884788014
 20
157.58628259760312
 30
0.0
 11
206.70000083189515
 21
158.61336577686217
 31
0.0
  0
LINE
  5
1273
330
17
100
AcDbEntity
  8
VISIBLE
100
AcDbLine
 10
206.70000083189515
 20
158.61336577686217
 30
0.0
 11
206.70000077755785
 21
158.61336769498286
 31
0.0
  0
LINE
  5
1274
330
17
100
AcDbEntity
  8
VISIBLE
100
AcDbLine
 10
206.70000077755785
 20
158.61336769498286
 30
0.0
 11
206.70000077755785
 21
161.0628555181061
 31
0.0
  0
LINE
  5
1275
330
17
100
AcDbEntity
  8
VISIBLE
100
AcDbLine
 10
206.70000077755785
 20
161.0628555181061
 30
0.0
 11
206.70000083189515
 21
161.06285743622678
 31
0.0
  0
LINE
  5
1276
330
17
100
AcDbEntity
  8
VISIBLE
100
AcDbLine
 10
206.70000083189515
 20
161.06285743622678
 30
0.0
 11
206.75823884788014
 21
162.0899406154858
 31
0.0
  0
LINE
  5
1277
330
17
100
AcDbEntity
  8
VISIBLE
100
AcDbLine
 10
206.75823884788014
 20
162.0899406154858
 30
0.0
 11
206.75823927579907
 21
162.08994439286832
 31
0.0
  0
LINE
  5
1278
330
17
100
AcDbEntity
  8
VISIBLE
100
AcDbLine
 10
206.75823927579907
 20
162.08994439286832
 30
0.0
 11
206.9327009709317
 21
163.1126280068363
 31
0.0
  0
LINE
  5
1279
330
17
100
AcDbEntity
  8
VISIBLE
100
AcDbLine
 10
206.9327009709317
 20
163.1126280068363
 30
0.0
 11
206.93270179376975
 21
163.1126316227866
 31
0.0
  0
LINE
  5
127A
330
17
100
AcDbEntity
  8
VISIBLE
100
AcDbLine
 10
206.93270179376975
 20
163.1126316227866
 30
0.0
 11
207.2226421132642
 21
164.1265386433014
 31
0.0
  0
LINE
  5
127B
330
17
100
AcDbEntity
  8
VISIBLE
100
AcDbLine
 10
207.2226421132642
 20
164.1265386433014
 30
0.0
 11
207.22264327221544
 21
164.12654201389498
 31
0.0
  0
LINE
  5
127C
330
17
100
AcDbEntity
  8
VISIBLE
100
AcDbLine
 10
207.22264327221544
 20
164.12654201389498
 30
0.0
 11
207.62681810856418
 21
165.1273302475069
 31
0.0
  0
LINE
  5
127D
330
17
100
AcDbEntity
  8
VISIBLE
100
AcDbLine
 10
207.62681810856418
 20
165.1273302475069
 30
0.0
 11
207.62681953069236
 21
165.1273333175606
 31
0.0
  0
LINE
  5
127E
330
17
100
AcDbEntity
  8
VISIBLE
100
AcDbLine
 10
207.62681953069236
 20
165.1273333175606
 30
0.0
 11
208.1435006015348
 21
166.11071738455092
 31
0.0
  0
LINE
  5
127F
330
17
100
AcDbEntity
  8
VISIBLE
100
AcDbLine
 10
208.1435006015348
 20
166.11071738455092
 30
0.0
 11
208.1435022114471
 21
166.11072012758243
 31
0.0
  0
LINE
  5
1280
330
17
100
AcDbEntity
  8
VISIBLE
100
AcDbLine
 10
208.1435022114471
 20
166.11072012758243
 30
0.0
 11
208.770477048956
 21
167.07248859517154
 31
0.0
  0
LINE
  5
1281
330
17
100
AcDbEntity
  8
VISIBLE
100
AcDbLine
 10
208.770477048956
 20
167.07248859517154
 30
0.0
 11
208.77047877788496
 21
167.0724910090265
 31
0.0
  0
LINE
  5
1282
330
17
100
AcDbEntity
  8
VISIBLE
100
AcDbLine
 10
208.77047877788496
 20
167.0724910090265
 30
0.0
 11
209.50506151118813
 21
168.0085250853915
 31
0.0
  0
LINE
  5
1283
330
17
100
AcDbEntity
  8
VISIBLE
100
AcDbLine
 10
209.50506151118813
 20
168.0085250853915
 30
0.0
 11
209.5050633021065
 21
168.00852718533713
 31
0.0
  0
LINE
  5
1284
330
17
100
AcDbEntity
  8
VISIBLE
100
AcDbLine
 10
209.5050633021065
 20
168.00852718533713
 30
0.0
 11
210.3441101641363
 21
168.9148190255893
 31
0.0
  0
LINE
  5
1285
330
17
100
AcDbEntity
  8
VISIBLE
100
AcDbLine
 10
210.3441101641363
 20
168.9148190255893
 30
0.0
 11
210.34411197316905
 21
168.91482083720612
 31
0.0
  0
LINE
  5
1286
330
17
100
AcDbEntity
  8
VISIBLE
100
AcDbLine
 10
210.34411197316905
 20
168.91482083720612
 30
0.0
 11
211.28402669512235
 21
169.78749068042166
 31
0.0
  0
LINE
  5
1287
330
17
100
AcDbEntity
  8
VISIBLE
100
AcDbLine
 10
211.28402669512235
 20
169.78749068042166
 30
0.0
 11
211.28402849111112
 21
169.78749223433076
 31
0.0
  0
LINE
  5
1288
330
17
100
AcDbEntity
  8
VISIBLE
100
AcDbLine
 10
211.28402849111112
 20
169.78749223433076
 30
0.0
 11
211.6999768704249
 21
170.12261798797516
 31
0.0
  0
LINE
  5
1289
330
17
100
AcDbEntity
  8
VISIBLE
100
AcDbLine
 10
211.6999768704249
 20
170.12261798797516
 30
0.0
 11
211.69998188735545
 21
170.12262245778558
 31
0.0
  0
LINE
  5
128A
330
17
100
AcDbEntity
  8
VISIBLE
100
AcDbLine
 10
211.69998188735545
 20
170.12262245778558
 30
0.0
 11
211.6999864370556
 21
170.1226274023812
 31
0.0
  0
LINE
  5
128B
330
17
100
AcDbEntity
  8
VISIBLE
100
AcDbLine
 10
211.6999864370556
 20
170.1226274023812
 30
0.0
 11
211.69999047481062
 21
170.1226327731662
 31
0.0
  0
LINE
  5
128C
330
17
100
AcDbEntity
  8
VISIBLE
100
AcDbLine
 10
211.69999047481062
 20
170.1226327731662
 30
0.0
 11
211.6999939609372
 21
170.1226385173562
 31
0.0
  0
LINE
  5
128D
330
17
100
AcDbEntity
  8
VISIBLE
100
AcDbLine
 10
211.6999939609372
 20
170.1226385173562
 30
0.0
 11
211.6999968611735
 21
170.1226445784969
 31
0.0
  0
LINE
  5
128E
330
17
100
AcDbEntity
  8
VISIBLE
100
AcDbLine
 10
211.6999968611735
 20
170.1226445784969
 30
0.0
 11
211.69999914701577
 21
170.12265089701907
 31
0.0
  0
LINE
  5
128F
330
17
100
AcDbEntity
  8
VISIBLE
100
AcDbLine
 10
211.69999914701577
 20
170.12265089701907
 30
0.0
 11
211.70000079599868
 21
170.12265741082385
 31
0.0
  0
LINE
  5
1290
330
17
100
AcDbEntity
  8
VISIBLE
100
AcDbLine
 10
211.70000079599868
 20
170.12265741082385
 30
0.0
 11
211.70000179191584
 21
170.12266405589315
 31
0.0
  0
LINE
  5
1291
330
17
100
AcDbEntity
  8
VISIBLE
100
AcDbLine
 10
211.70000179191584
 20
170.12266405589315
 30
0.0
 11
211.70000212497933
 21
170.12267076691887
 31
0.0
  0
LINE
  5
1292
330
17
100
AcDbEntity
  8
VISIBLE
100
AcDbLine
 10
211.70000212497933
 20
170.12267076691887
 30
0.0
 11
211.70000212497933
 21
186.3742495268877
 31
0.0
  0
LINE
  5
1293
330
17
100
AcDbEntity
  8
VISIBLE
100
AcDbLine
 10
211.70000212497933
 20
186.3742495268877
 30
0.0
 11
211.70000217931414
 21
186.37425144496433
 31
0.0
  0
LINE
  5
1294
330
17
100
AcDbEntity
  8
VISIBLE
100
AcDbLine
 10
211.70000217931414
 20
186.37425144496433
 30
0.0
 11
211.74753354708173
 21
187.21253201502776
 31
0.0
  0
LINE
  5
1295
330
17
100
AcDbEntity
  8
VISIBLE
100
AcDbLine
 10
211.74753354708173
 20
187.21253201502776
 30
0.0
 11
211.74753397500427
 21
187.21253579246087
 31
0.0
  0
LINE
  5
1296
330
17
100
AcDbEntity
  8
VISIBLE
100
AcDbLine
 10
211.74753397500427
 20
187.21253579246087
 30
0.0
 11
211.88992562734222
 21
188.04722583725754
 31
0.0
  0
LINE
  5
1297
330
17
100
AcDbEntity
  8
VISIBLE
100
AcDbLine
 10
211.88992562734222
 20
188.04722583725754
 30
0.0
 11
211.88992645016648
 21
188.04722945315703
 31
0.0
  0
LINE
  5
1298
330
17
100
AcDbEntity
  8
VISIBLE
100
AcDbLine
 10
211.88992645016648
 20
188.04722945315703
 30
0.0
 11
212.1265675278571
 21
188.8747559231461
 31
0.0
  0
LINE
  5
1299
330
17
100
AcDbEntity
  8
VISIBLE
100
AcDbLine
 10
212.1265675278571
 20
188.8747559231461
 30
0.0
 11
212.1265686868424
 21
188.87475929383695
 31
0.0
  0
LINE
  5
129A
330
17
100
AcDbEntity
  8
VISIBLE
100
AcDbLine
 10
212.1265686868424
 20
188.87475929383695
 30
0.0
 11
212.45644773296485
 21
189.69157774486345
 31
0.0
  0
LINE
  5
129B
330
17
100
AcDbEntity
  8
VISIBLE
100
AcDbLine
 10
212.45644773296485
 20
189.69157774486345
 30
0.0
 11
212.4564491550884
 21
189.6915808148961
 31
0.0
  0
LINE
  5
129C
330
17
100
AcDbEntity
  8
VISIBLE
100
AcDbLine
 10
212.4564491550884
 20
189.6915808148961
 30
0.0
 11
212.87815280859502
 21
190.49419505122378
 31
0.0
  0
LINE
  5
129D
330
17
100
AcDbEntity
  8
VISIBLE
100
AcDbLine
 10
212.87815280859502
 20
190.49419505122378
 30
0.0
 11
212.8781544184646
 21
190.4941977941836
 31
0.0
  0
LINE
  5
129E
330
17
100
AcDbEntity
  8
VISIBLE
100
AcDbLine
 10
212.8781544184646
 20
190.4941977941836
 30
0.0
 11
213.3898748212195
 21
191.2791703826947
 31
0.0
  0
LINE
  5
129F
330
17
100
AcDbEntity
  8
VISIBLE
100
AcDbLine
 10
213.3898748212195
 20
191.2791703826947
 30
0.0
 11
213.3898765501843
 21
191.27917279660204
 31
0.0
  0
LINE
  5
12A0
330
17
100
AcDbEntity
  8
VISIBLE
100
AcDbLine
 10
213.3898765501843
 20
191.27917279660204
 30
0.0
 11
213.98942583847992
 21
192.04314123051498
 31
0.0
  0
LINE
  5
12A1
330
17
100
AcDbEntity
  8
VISIBLE
100
AcDbLine
 10
213.98942583847992
 20
192.04314123051498
 30
0.0
 11
213.9894276293548
 21
192.04314333041168
 31
0.0
  0
LINE
  5
12A2
330
17
100
AcDbEntity
  8
VISIBLE
100
AcDbLine
 10
213.9894276293548
 20
192.04314333041168
 30
0.0
 11
214.67423624479446
 21
192.78283775104762
 31
0.0
  0
LINE
  5
12A3
330
17
100
AcDbEntity
  8
VISIBLE
100
AcDbLine
 10
214.67423624479446
 20
192.78283775104762
 30
0.0
 11
214.67423805388563
 21
192.78283956272378
 31
0.0
  0
LINE
  5
12A4
330
17
100
AcDbEntity
  8
VISIBLE
100
AcDbLine
 10
214.67423805388563
 20
192.78283956272378
 30
0.0
 11
215.4413749735151
 21
193.49509133120765
 31
0.0
  0
LINE
  5
12A5
330
17
100
AcDbEntity
  8
VISIBLE
100
AcDbLine
 10
215.4413749735151
 20
193.49509133120765
 30
0.0
 11
215.44137676946636
 21
193.49509288508352
 31
0.0
  0
LINE
  5
12A6
330
17
100
AcDbEntity
  8
VISIBLE
100
AcDbLine
 10
215.44137676946636
 20
193.49509288508352
 30
0.0
 11
216.28755608224756
 21
194.17685239932854
 31
0.0
  0
LINE
  5
12A7
330
17
100
AcDbEntity
  8
VISIBLE
100
AcDbLine
 10
216.28755608224756
 20
194.17685239932854
 30
0.0
 11
216.28755784436476
 21
194.1768537268073
 31
0.0
  0
LINE
  5
12A8
330
17
100
AcDbEntity
  8
VISIBLE
100
AcDbLine
 10
216.28755784436476
 20
194.1768537268073
 30
0.0
 11
217.20915721365634
 21
194.82520108272126
 31
0.0
  0
LINE
  5
12A9
330
17
100
AcDbEntity
  8
VISIBLE
100
AcDbLine
 10
217.20915721365634
 20
194.82520108272126
 30
0.0
 11
217.20915892938797
 21
194.82520221355387
 31
0.0
  0
LINE
  5
12AA
330
17
100
AcDbEntity
  8
VISIBLE
100
AcDbLine
 10
217.20915892938797
 20
194.82520221355387
 30
0.0
 11
218.20222962611072
 21
195.4373623422536
 31
0.0
  0
LINE
  5
12AB
330
17
100
AcDbEntity
  8
VISIBLE
100
AcDbLine
 10
218.20222962611072
 20
195.4373623422536
 30
0.0
 11
218.20223128926517
 21
195.4373633035051
 31
0.0
  0
LINE
  5
12AC
330
17
100
AcDbEntity
  8
VISIBLE
100
AcDbLine
 10
218.20223128926517
 20
195.4373633035051
 30
0.0
 11
219.262523903519
 21
196.01071302895662
 31
0.0
  0
LINE
  5
12AD
330
17
100
AcDbEntity
  8
VISIBLE
100
AcDbLine
 10
219.262523903519
 20
196.01071302895662
 30
0.0
 11
219.2625255119795
 21
196.01071384417548
 31
0.0
  0
LINE
  5
12AE
330
17
100
AcDbEntity
  8
VISIBLE
100
AcDbLine
 10
219.2625255119795
 20
196.01071384417548
 30
0.0
 11
220.38549661382157
 21
196.542799744195
 31
0.0
  0
LINE
  5
12AF
330
17
100
AcDbEntity
  8
VISIBLE
100
AcDbLine
 10
220.38549661382157
 20
196.542799744195
 30
0.0
 11
220.38549816873393
 21
196.54280043370062
 31
0.0
  0
LINE
  5
12B0
330
17
100
AcDbEntity
  8
VISIBLE
100
AcDbLine
 10
220.38549816873393
 20
196.54280043370062
 30
0.0
 11
221.56634124510822
 21
197.0313426845437
 31
0.0
  0
LINE
  5
12B1
330
17
100
AcDbEntity
  8
VISIBLE
100
AcDbLine
 10
221.56634124510822
 20
197.0313426845437
 30
0.0
 11
221.56634274937375
 21
197.03134326537077
 31
0.0
  0
LINE
  5
12B2
330
17
100
AcDbEntity
  8
VISIBLE
100
AcDbLine
 10
221.56634274937375
 20
197.03134326537077
 30
0.0
 11
222.80000042765934
 21
197.47425048492124
 31
0.0
  0
LINE
  5
12B3
330
17
100
AcDbEntity
  8
VISIBLE
100
AcDbLine
 10
222.80000042765934
 20
197.47425048492124
 30
0.0
 11
222.80000188553242
 21
197.47425097129522
 31
0.0
  0
LINE
  5
12B4
330
17
100
AcDbEntity
  8
VISIBLE
100
AcDbLine
 10
222.80000188553242
 20
197.47425097129522
 30
0.0
 11
224.08119214942755
 21
197.8696260100752
 31
0.0
  0
LINE
  5
12B5
330
17
100
AcDbEntity
  8
VISIBLE
100
AcDbLine
 10
224.08119214942755
 20
197.8696260100752
 30
0.0
 11
224.08119356580804
 21
197.86962641367487
 31
0.0
  0
LINE
  5
12B6
330
17
100
AcDbEntity
  8
VISIBLE
100
AcDbLine
 10
224.08119356580804
 20
197.86962641367487
 30
0.0
 11
225.4044282160574
 21
198.21577701256882
 31
0.0
  0
LINE
  5
12B7
330
17
100
AcDbEntity
  8
VISIBLE
100
AcDbLine
 10
225.4044282160574
 20
198.21577701256882
 30
0.0
 11
225.40442959637946
 21
198.2157773429288
 31
0.0
  0
LINE
  5
12B8
330
17
100
AcDbEntity
  8
VISIBLE
100
AcDbLine
 10
225.40442959637946
 20
198.2157773429288
 30
0.0
 11
226.764045102578
 21
198.51121992891063
 31
0.0
  0
LINE
  5
12B9
330
17
100
AcDbEntity
  8
VISIBLE
100
AcDbLine
 10
226.764045102578
 20
198.51121992891063
 30
0.0
 11
226.76404645228618
 21
198.5112201936345
 31
0.0
  0
LINE
  5
12BA
330
17
100
AcDbEntity
  8
VISIBLE
100
AcDbLine
 10
226.76404645228618
 20
198.5112201936345
 30
0.0
 11
228.15421878871183
 21
198.75469155955363
 31
0.0
  0
LINE
  5
12BB
330
17
100
AcDbEntity
  8
VISIBLE
100
AcDbLine
 10
228.15421878871183
 20
198.75469155955363
 30
0.0
 11
228.15422011350046
 21
198.7546917646527
 31
0.0
  0
LINE
  5
12BC
330
17
100
AcDbEntity
  8
VISIBLE
100
AcDbLine
 10
228.15422011350046
 20
198.7546917646527
 30
0.0
 11
229.5689954420672
 21
198.94514809566834
 31
0.0
  0
LINE
  5
12BD
330
17
100
AcDbEntity
  8
VISIBLE
100
AcDbLine
 10
229.5689954420672
 20
198.94514809566834
 30
0.0
 11
229.56899674753538
 21
198.94514824570095
 31
0.0
  0
LINE
  5
12BE
330
17
100
AcDbEntity
  8
VISIBLE
100
AcDbLine
 10
229.56899674753538
 20
198.94514824570095
 30
0.0
 11
231.002319403463
 21
199.08177348983827
 31
0.0
  0
LINE
  5
12BF
330
17
100
AcDbEntity
  8
VISIBLE
100
AcDbLine
 10
231.002319403463
 20
199.08177348983827
 30
0.0
 11
231.00232069513285
 21
199.08177358808837
 31
0.0
  0
LINE
  5
12C0
330
17
100
AcDbEntity
  8
VISIBLE
100
AcDbLine
 10
231.00232069513285
 20
199.08177358808837
 30
0.0
 11
232.44805139431028
 21
199.1639837387804
 31
0.0
  0
LINE
  5
12C1
330
17
100
AcDbEntity
  8
VISIBLE
100
AcDbLine
 10
232.44805139431028
 20
199.1639837387804
 30
0.0
 11
232.4480526777563
 21
199.16398378738268
 31
0.0
  0
LINE
  5
12C2
330
17
100
AcDbEntity
  8
VISIBLE
100
AcDbLine
 10
232.4480526777563
 20
199.16398378738268
 30
0.0
 11
233.9000008855362
 21
199.19142610471178
 31
0.0
  0
LINE
  5
12C3
330
17
100
AcDbEntity
  8
VISIBLE
100
AcDbLine
 10
233.9000008855362
 20
199.19142610471178
 30
0.0
 11
233.9000021662216
 21
199.19142610471178
 31
0.0
  0
LINE
  5
12C4
330
17
100
AcDbEntity
  8
VISIBLE
100
AcDbLine
 10
233.9000021662216
 20
199.19142610471178
 30
0.0
 11
235.35195037400152
 21
199.16398378738268
 31
0.0
  0
LINE
  5
12C5
330
17
100
AcDbEntity
  8
VISIBLE
100
AcDbLine
 10
235.35195037400152
 20
199.16398378738268
 30
0.0
 11
235.35195165744753
 21
199.1639837387804
 31
0.0
  0
LINE
  5
12C6
330
17
100
AcDbEntity
  8
VISIBLE
100
AcDbLine
 10
235.35195165744753
 20
199.1639837387804
 30
0.0
 11
236.79768235662496
 21
199.08177358808837
 31
0.0
  0
LINE
  5
12C7
330
17
100
AcDbEntity
  8
VISIBLE
100
AcDbLine
 10
236.79768235662496
 20
199.08177358808837
 30
0.0
 11
236.79768364829482
 21
199.08177348983827
 31
0.0
  0
LINE
  5
12C8
330
17
100
AcDbEntity
  8
VISIBLE
100
AcDbLine
 10
236.79768364829482
 20
199.08177348983827
 30
0.0
 11
238.23100630422243
 21
198.94514824570095
 31
0.0
  0
LINE
  5
12C9
330
17
100
AcDbEntity
  8
VISIBLE
100
AcDbLine
 10
238.23100630422243
 20
198.94514824570095
 30
0.0
 11
238.2310076096906
 21
198.94514809566834
 31
0.0
  0
LINE
  5
12CA
330
17
100
AcDbEntity
  8
VISIBLE
100
AcDbLine
 10
238.2310076096906
 20
198.94514809566834
 30
0.0
 11
239.64578293825735
 21
198.7546917646527
 31
0.0
  0
LINE
  5
12CB
330
17
100
AcDbEntity
  8
VISIBLE
100
AcDbLine
 10
239.64578293825735
 20
198.7546917646527
 30
0.0
 11
239.64578426304598
 21
198.75469155955363
 31
0.0
  0
LINE
  5
12CC
330
17
100
AcDbEntity
  8
VISIBLE
100
AcDbLine
 10
239.64578426304598
 20
198.75469155955363
 30
0.0
 11
241.03595659947163
 21
198.5112201936345
 31
0.0
  0
LINE
  5
12CD
330
17
100
AcDbEntity
  8
VISIBLE
100
AcDbLine
 10
241.03595659947163
 20
198.5112201936345
 30
0.0
 11
241.03595794917982
 21
198.51121992891063
 31
0.0
  0
LINE
  5
12CE
330
17
100
AcDbEntity
  8
VISIBLE
100
AcDbLine
 10
241.03595794917982
 20
198.51121992891063
 30
0.0
 11
242.39557345537835
 21
198.2157773429288
 31
0.0
  0
LINE
  5
12CF
330
17
100
AcDbEntity
  8
VISIBLE
100
AcDbLine
 10
242.39557345537835
 20
198.2157773429288
 30
0.0
 11
242.39557483570042
 21
198.21577701256882
 31
0.0
  0
LINE
  5
12D0
330
17
100
AcDbEntity
  8
VISIBLE
100
AcDbLine
 10
242.39557483570042
 20
198.21577701256882
 30
0.0
 11
243.71880948594978
 21
197.86962641367487
 31
0.0
  0
LINE
  5
12D1
330
17
100
AcDbEntity
  8
VISIBLE
100
AcDbLine
 10
243.71880948594978
 20
197.86962641367487
 30
0.0
 11
243.71881090233026
 21
197.8696260100752
 31
0.0
  0
LINE
  5
12D2
330
17
100
AcDbEntity
  8
VISIBLE
100
AcDbLine
 10
243.71881090233026
 20
197.8696260100752
 30
0.0
 11
245.0000011662254
 21
197.47425097129522
 31
0.0
  0
LINE
  5
12D3
330
17
100
AcDbEntity
  8
VISIBLE
100
AcDbLine
 10
245.0000011662254
 20
197.47425097129522
 30
0.0
 11
245.00000262409847
 21
197.47425048492124
 31
0.0
  0
LINE
  5
12D4
330
17
100
AcDbEntity
  8
VISIBLE
100
AcDbLine
 10
245.00000262409847
 20
197.47425048492124
 30
0.0
 11
246.23366030238407
 21
197.03134326537077
 31
0.0
  0
LINE
  5
12D5
330
17
100
AcDbEntity
  8
VISIBLE
100
AcDbLine
 10
246.23366030238407
 20
197.03134326537077
 30
0.0
 11
246.2336618066496
 21
197.0313426845437
 31
0.0
  0
LINE
  5
12D6
330
17
100
AcDbEntity
  8
VISIBLE
100
AcDbLine
 10
246.2336618066496
 20
197.0313426845437
 30
0.0
 11
247.41450488302388
 21
196.54280043370062
 31
0.0
  0
LINE
  5
12D7
330
17
100
AcDbEntity
  8
VISIBLE
100
AcDbLine
 10
247.41450488302388
 20
196.54280043370062
 30
0.0
 11
247.41450643793624
 21
196.542799744195
 31
0.0
  0
LINE
  5
12D8
330
17
100
AcDbEntity
  8
VISIBLE
100
AcDbLine
 10
247.41450643793624
 20
196.542799744195
 30
0.0
 11
248.5374775397783
 21
196.01071384417548
 31
0.0
  0
LINE
  5
12D9
330
17
100
AcDbEntity
  8
VISIBLE
100
AcDbLine
 10
248.5374775397783
 20
196.01071384417548
 30
0.0
 11
248.53747914823882
 21
196.01071302895662
 31
0.0
  0
LINE
  5
12DA
330
17
100
AcDbEntity
  8
VISIBLE
100
AcDbLine
 10
248.53747914823882
 20
196.01071302895662
 30
0.0
 11
249.59777176249264
 21
195.4373633035051
 31
0.0
  0
LINE
  5
12DB
330
17
100
AcDbEntity
  8
VISIBLE
100
AcDbLine
 10
249.59777176249264
 20
195.4373633035051
 30
0.0
 11
249.5977734256471
 21
195.4373623422536
 31
0.0
  0
LINE
  5
12DC
330
17
100
AcDbEntity
  8
VISIBLE
100
AcDbLine
 10
249.5977734256471
 20
195.4373623422536
 30
0.0
 11
250.59084412236984
 21
194.82520221355387
 31
0.0
  0
LINE
  5
12DD
330
17
100
AcDbEntity
  8
VISIBLE
100
AcDbLine
 10
250.59084412236984
 20
194.82520221355387
 30
0.0
 11
250.59084583810147
 21
194.82520108272126
 31
0.0
  0
LINE
  5
12DE
330
17
100
AcDbEntity
  8
VISIBLE
100
AcDbLine
 10
250.59084583810147
 20
194.82520108272126
 30
0.0
 11
251.51244520739306
 21
194.1768537268073
 31
0.0
  0
LINE
  5
12DF
330
17
100
AcDbEntity
  8
VISIBLE
100
AcDbLine
 10
251.51244520739306
 20
194.1768537268073
 30
0.0
 11
251.51244696951025
 21
194.17685239932854
 31
0.0
  0
LINE
  5
12E0
330
17
100
AcDbEntity
  8
VISIBLE
100
AcDbLine
 10
251.51244696951025
 20
194.17685239932854
 30
0.0
 11
252.35862628229145
 21
193.49509288508352
 31
0.0
  0
LINE
  5
12E1
330
17
100
AcDbEntity
  8
VISIBLE
100
AcDbLine
 10
252.35862628229145
 20
193.49509288508352
 30
0.0
 11
252.3586280782427
 21
193.49509133120765
 31
0.0
  0
LINE
  5
12E2
330
17
100
AcDbEntity
  8
VISIBLE
100
AcDbLine
 10
252.3586280782427
 20
193.49509133120765
 30
0.0
 11
253.12576499787218
 21
192.78283956272378
 31
0.0
  0
LINE
  5
12E3
330
17
100
AcDbEntity
  8
VISIBLE
100
AcDbLine
 10
253.12576499787218
 20
192.78283956272378
 30
0.0
 11
253.12576680696336
 21
192.78283775104762
 31
0.0
  0
LINE
  5
12E4
330
17
100
AcDbEntity
  8
VISIBLE
100
AcDbLine
 10
253.12576680696336
 20
192.78283775104762
 30
0.0
 11
253.81057542240302
 21
192.04314333041168
 31
0.0
  0
LINE
  5
12E5
330
17
100
AcDbEntity
  8
VISIBLE
100
AcDbLine
 10
253.81057542240302
 20
192.04314333041168
 30
0.0
 11
253.8105772132779
 21
192.04314123051498
 31
0.0
  0
LINE
  5
12E6
330
17
100
AcDbEntity
  8
VISIBLE
100
AcDbLine
 10
253.8105772132779
 20
192.04314123051498
 30
0.0
 11
254.4101265015735
 21
191.27917279660204
 31
0.0
  0
LINE
  5
12E7
330
17
100
AcDbEntity
  8
VISIBLE
100
AcDbLine
 10
254.4101265015735
 20
191.27917279660204
 30
0.0
 11
254.4101282305383
 21
191.2791703826947
 31
0.0
  0
LINE
  5
12E8
330
17
100
AcDbEntity
  8
VISIBLE
100
AcDbLine
 10
254.4101282305383
 20
191.2791703826947
 30
0.0
 11
254.92184863329322
 21
190.4941977941836
 31
0.0
  0
LINE
  5
12E9
330
17
100
AcDbEntity
  8
VISIBLE
100
AcDbLine
 10
254.92184863329322
 20
190.4941977941836
 30
0.0
 11
254.9218502431628
 21
190.49419505122378
 31
0.0
  0
LINE
  5
12EA
330
17
100
AcDbEntity
  8
VISIBLE
100
AcDbLine
 10
254.9218502431628
 20
190.49419505122378
 30
0.0
 11
255.34355389666942
 21
189.6915808148961
 31
0.0
  0
LINE
  5
12EB
330
17
100
AcDbEntity
  8
VISIBLE
100
AcDbLine
 10
255.34355389666942
 20
189.6915808148961
 30
0.0
 11
255.34355531879297
 21
189.69157774486345
 31
0.0
  0
LINE
  5
12EC
330
17
100
AcDbEntity
  8
VISIBLE
100
AcDbLine
 10
255.34355531879297
 20
189.69157774486345
 30
0.0
 11
255.6734343649154
 21
188.87475929383695
 31
0.0
  0
LINE
  5
12ED
330
17
100
AcDbEntity
  8
VISIBLE
100
AcDbLine
 10
255.6734343649154
 20
188.87475929383695
 30
0.0
 11
255.6734355239007
 21
188.8747559231461
 31
0.0
  0
LINE
  5
12EE
330
17
100
AcDbEntity
  8
VISIBLE
100
AcDbLine
 10
255.6734355239007
 20
188.8747559231461
 30
0.0
 11
255.91007660159133
 21
188.04722945315703
 31
0.0
  0
LINE
  5
12EF
330
17
100
AcDbEntity
  8
VISIBLE
100
AcDbLine
 10
255.91007660159133
 20
188.04722945315703
 30
0.0
 11
255.9100774244156
 21
188.04722583725754
 31
0.0
  0
LINE
  5
12F0
330
17
100
AcDbEntity
  8
VISIBLE
100
AcDbLine
 10
255.9100774244156
 20
188.04722583725754
 30
0.0
 11
256.05246907675354
 21
187.21253579246087
 31
0.0
  0
LINE
  5
12F1
330
17
100
AcDbEntity
  8
VISIBLE
100
AcDbLine
 10
256.05246907675354
 20
187.21253579246087
 30
0.0
 11
256.0524695046761
 21
187.21253201502776
 31
0.0
  0
LINE
  5
12F2
330
17
100
AcDbEntity
  8
VISIBLE
100
AcDbLine
 10
256.0524695046761
 20
187.21253201502776
 30
0.0
 11
256.1000008724437
 21
186.37425144496433
 31
0.0
  0
LINE
  5
12F3
330
17
100
AcDbEntity
  8
VISIBLE
100
AcDbLine
 10
256.1000008724437
 20
186.37425144496433
 30
0.0
 11
256.1000009267785
 21
186.3742495268877
 31
0.0
  0
LINE
  5
12F4
330
17
100
AcDbEntity
  8
VISIBLE
100
AcDbLine
 10
256.1000009267785
 20
186.3742495268877
 30
0.0
 11
256.1000009267785
 21
170.12267076691887
 31
0.0
  0
LINE
  5
12F5
330
17
100
AcDbEntity
  8
VISIBLE
100
AcDbLine
 10
256.1000009267785
 20
170.12267076691887
 30
0.0
 11
256.100001259842
 21
170.12266405589315
 31
0.0
  0
LINE
  5
12F6
330
17
100
AcDbEntity
  8
VISIBLE
100
AcDbLine
 10
256.100001259842
 20
170.12266405589315
 30
0.0
 11
256.10000225575914
 21
170.12265741082385
 31
0.0
  0
LINE
  5
12F7
330
17
100
AcDbEntity
  8
VISIBLE
100
AcDbLine
 10
256.10000225575914
 20
170.12265741082385
 30
0.0
 11
256.10000390474204
 21
170.12265089701907
 31
0.0
  0
LINE
  5
12F8
330
17
100
AcDbEntity
  8
VISIBLE
100
AcDbLine
 10
256.10000390474204
 20
170.12265089701907
 30
0.0
 11
256.1000061905843
 21
170.1226445784969
 31
0.0
  0
LINE
  5
12F9
330
17
100
AcDbEntity
  8
VISIBLE
100
AcDbLine
 10
256.1000061905843
 20
170.1226445784969
 30
0.0
 11
256.1000090908206
 21
170.1226385173562
 31
0.0
  0
LINE
  5
12FA
330
17
100
AcDbEntity
  8
VISIBLE
100
AcDbLine
 10
256.1000090908206
 20
170.1226385173562
 30
0.0
 11
256.10001257694717
 21
170.1226327731662
 31
0.0
  0
LINE
  5
12FB
330
17
100
AcDbEntity
  8
VISIBLE
100
AcDbLine
 10
256.10001257694717
 20
170.1226327731662
 30
0.0
 11
256.1000166147022
 21
170.1226274023812
 31
0.0
  0
LINE
  5
12FC
330
17
100
AcDbEntity
  8
VISIBLE
100
AcDbLine
 10
256.1000166147022
 20
170.1226274023812
 30
0.0
 11
256.1000211644024
 21
170.12262245778558
 31
0.0
  0
LINE
  5
12FD
330
17
100
AcDbEntity
  8
VISIBLE
100
AcDbLine
 10
256.1000211644024
 20
170.12262245778558
 30
0.0
 11
256.1000261813329
 21
170.12261798797516
 31
0.0
  0
LINE
  5
12FE
330
17
100
AcDbEntity
  8
VISIBLE
100
AcDbLine
 10
256.1000261813329
 20
170.12261798797516
 30
0.0
 11
256.5159745606467
 21
169.78749223433076
 31
0.0
  0
LINE
  5
12FF
330
17
100
AcDbEntity
  8
VISIBLE
100
AcDbLine
 10
256.5159745606467
 20
169.78749223433076
 30
0.0
 11
256.51597635663546
 21
169.78749068042166
 31
0.0
  0
LINE
  5
1300
330
17
100
AcDbEntity
  8
VISIBLE
100
AcDbLine
 10
256.51597635663546
 20
169.78749068042166
 30
0.0
 11
257.45589107858876
 21
168.91482083720612
 31
0.0
  0
LINE
  5
1301
330
17
100
AcDbEntity
  8
VISIBLE
100
AcDbLine
 10
257.45589107858876
 20
168.91482083720612
 30
0.0
 11
257.45589288762153
 21
168.91481902558934
 31
0.0
  0
LINE
  5
1302
330
17
100
AcDbEntity
  8
VISIBLE
100
AcDbLine
 10
257.45589288762153
 20
168.91481902558934
 30
0.0
 11
258.2949397496513
 21
168.00852718533713
 31
0.0
  0
LINE
  5
1303
330
17
100
AcDbEntity
  8
VISIBLE
100
AcDbLine
 10
258.2949397496513
 20
168.00852718533713
 30
0.0
 11
258.29494154056965
 21
168.0085250853915
 31
0.0
  0
LINE
  5
1304
330
17
100
AcDbEntity
  8
VISIBLE
100
AcDbLine
 10
258.29494154056965
 20
168.0085250853915
 30
0.0
 11
259.0295242738729
 21
167.0724910090265
 31
0.0
  0
LINE
  5
1305
330
17
100
AcDbEntity
  8
VISIBLE
100
AcDbLine
 10
259.0295242738729
 20
167.0724910090265
 30
0.0
 11
259.02952600280184
 21
167.07248859517154
 31
0.0
  0
LINE
  5
1306
330
17
100
AcDbEntity
  8
VISIBLE
100
AcDbLine
 10
259.02952600280184
 20
167.07248859517154
 30
0.0
 11
259.65650084031074
 21
166.11072012758243
 31
0.0
  0
LINE
  5
1307
330
17
100
AcDbEntity
  8
VISIBLE
100
AcDbLine
 10
259.65650084031074
 20
166.11072012758243
 30
0.0
 11
259.656502450223
 21
166.11071738455092
 31
0.0
  0
LINE
  5
1308
330
17
100
AcDbEntity
  8
VISIBLE
100
AcDbLine
 10
259.656502450223
 20
166.11071738455092
 30
0.0
 11
260.1731835210654
 21
165.1273333175606
 31
0.0
  0
LINE
  5
1309
330
17
100
AcDbEntity
  8
VISIBLE
100
AcDbLine
 10
260.1731835210654
 20
165.1273333175606
 30
0.0
 11
260.17318494319363
 21
165.1273302475069
 31
0.0
  0
LINE
  5
130A
330
17
100
AcDbEntity
  8
VISIBLE
100
AcDbLine
 10
260.17318494319363
 20
165.1273302475069
 30
0.0
 11
260.57735977954235
 21
164.12654201389498
 31
0.0
  0
LINE
  5
130B
330
17
100
AcDbEntity
  8
VISIBLE
100
AcDbLine
 10
260.57735977954235
 20
164.12654201389498
 30
0.0
 11
260.5773609384936
 21
164.1265386433014
 31
0.0
  0
LINE
  5
130C
330
17
100
AcDbEntity
  8
VISIBLE
100
AcDbLine
 10
260.5773609384936
 20
164.1265386433014
 30
0.0
 11
260.86730125798806
 21
163.1126316227866
 31
0.0
  0
LINE
  5
130D
330
17
100
AcDbEntity
  8
VISIBLE
100
AcDbLine
 10
260.86730125798806
 20
163.1126316227866
 30
0.0
 11
260.8673020808261
 21
163.1126280068363
 31
0.0
  0
LINE
  5
130E
330
17
100
AcDbEntity
  8
VISIBLE
100
AcDbLine
 10
260.8673020808261
 20
163.1126280068363
 30
0.0
 11
261.04176377595877
 21
162.08994439286832
 31
0.0
  0
LINE
  5
130F
330
17
100
AcDbEntity
  8
VISIBLE
100
AcDbLine
 10
261.04176377595877
 20
162.08994439286832
 30
0.0
 11
261.0417642038777
 21
162.0899406154858
 31
0.0
  0
LINE
  5
1310
330
17
100
AcDbEntity
  8
VISIBLE
100
AcDbLine
 10
261.0417642038777
 20
162.0899406154858
 30
0.0
 11
261.10000221986263
 21
161.06285743622678
 31
0.0
  0
LINE
  5
1311
330
17
100
AcDbEntity
  8
VISIBLE
100
AcDbLine
 10
261.10000221986263
 20
161.06285743622678
 30
0.0
 11
261.1000022742
 21
161.0628555181061
 31
0.0
  0
LINE
  5
1312
330
17
100
AcDbEntity
  8
VISIBLE
100
AcDbLine
 10
261.1000022742
 20
161.0628555181061
 30
0.0
 11
261.1000022742
 21
158.61336769498286
 31
0.0
  0
LINE
  5
1313
330
17
100
AcDbEntity
  8
VISIBLE
100
AcDbLine
 10
261.1000022742
 20
158.61336769498286
 30
0.0
 11
261.10000221986263
 21
158.61336577686217
 31
0.0
  0
LINE
  5
1314
330
17
100
AcDbEntity
  8
VISIBLE
100
AcDbLine
 10
261.10000221986263
 20
158.61336577686217
 30
0.0
 11
261.0417642038777
 21
157.58628259760312
 31
0.0
  0
LINE
  5
1315
330
17
100
AcDbEntity
  8
VISIBLE
100
AcDbLine
 10
261.0417642038777
 20
157.58628259760312
 30
0.0
 11
261.04176377595877
 21
157.58627882022063
 31
0.0
  0
LINE
  5
1316
330
17
100
AcDbEntity
  8
VISIBLE
100
AcDbLine
 10
261.04176377595877
 20
157.58627882022063
 30
0.0
 11
260.8673020808261
 21
156.56359520625264
 31
0.0
  0
LINE
  5
1317
330
17
100
AcDbEntity
  8
VISIBLE
100
AcDbLine
 10
260.8673020808261
 20
156.56359520625264
 30
0.0
 11
260.86730125798806
 21
156.56359159030234
 31
0.0
  0
LINE
  5
1318
330
17
100
AcDbEntity
  8
VISIBLE
100
AcDbLine
 10
260.86730125798806
 20
156.56359159030234
 30
0.0
 11
260.5773609384936
 21
155.54968456978753
 31
0.0
  0
LINE
  5
1319
330
17
100
AcDbEntity
  8
VISIBLE
100
AcDbLine
 10
260.5773609384936
 20
155.54968456978753
 30
0.0
 11
260.57735977954235
 21
155.54968119919397
 31
0.0
  0
LINE
  5
131A
330
17
100
AcDbEntity
  8
VISIBLE
100
AcDbLine
 10
260.57735977954235
 20
155.54968119919397
 30
0.0
 11
260.17318494319363
 21
154.548892965582
 31
0.0
  0
LINE
  5
131B
330
17
100
AcDbEntity
  8
VISIBLE
100
AcDbLine
 10
260.17318494319363
 20
154.548892965582
 30
0.0
 11
260.1731835210654
 21
154.54888989552833
 31
0.0
  0
LINE
  5
131C
330
17
100
AcDbEntity
  8
VISIBLE
100
AcDbLine
 10
260.1731835210654
 20
154.54888989552833
 30
0.0
 11
259.656502450223
 21
153.565505828538
 31
0.0
  0
LINE
  5
131D
330
17
100
AcDbEntity
  8
VISIBLE
100
AcDbLine
 10
259.656502450223
 20
153.565505828538
 30
0.0
 11
259.65650084031074
 21
153.56550308550652
 31
0.0
  0
LINE
  5
131E
330
17
100
AcDbEntity
  8
VISIBLE
100
AcDbLine
 10
259.65650084031074
 20
153.56550308550652
 30
0.0
 11
259.02952600280184
 21
152.6037346179174
 31
0.0
  0
LINE
  5
131F
330
17
100
AcDbEntity
  8
VISIBLE
100
AcDbLine
 10
259.02952600280184
 20
152.6037346179174
 30
0.0
 11
259.0295242738729
 21
152.60373220406245
 31
0.0
  0
LINE
  5
1320
330
17
100
AcDbEntity
  8
VISIBLE
100
AcDbLine
 10
259.0295242738729
 20
152.60373220406245
 30
0.0
 11
258.2949415405697
 21
151.66769812769743
 31
0.0
  0
LINE
  5
1321
330
17
100
AcDbEntity
  8
VISIBLE
100
AcDbLine
 10
258.2949415405697
 20
151.66769812769743
 30
0.0
 11
258.2949397496513
 21
151.66769602775182
 31
0.0
  0
LINE
  5
1322
330
17
100
AcDbEntity
  8
VISIBLE
100
AcDbLine
 10
258.2949397496513
 20
151.66769602775182
 30
0.0
 11
257.45589288762153
 21
150.7614041874996
 31
0.0
  0
LINE
  5
1323
330
17
100
AcDbEntity
  8
VISIBLE
100
AcDbLine
 10
257.45589288762153
 20
150.7614041874996
 30
0.0
 11
257.45589107858876
 21
150.76140237588282
 31
0.0
  0
LINE
  5
1324
330
17
100
AcDbEntity
  8
VISIBLE
100
AcDbLine
 10
257.45589107858876
 20
150.76140237588282
 30
0.0
 11
256.51597635663546
 21
149.8887325326673
 31
0.0
  0
LINE
  5
1325
330
17
100
AcDbEntity
  8
VISIBLE
100
AcDbLine
 10
256.51597635663546
 20
149.8887325326673
 30
0.0
 11
256.5159745606467
 21
149.8887309787582
 31
0.0
  0
LINE
  5
1326
330
17
100
AcDbEntity
  8
VISIBLE
100
AcDbLine
 10
256.5159745606467
 20
149.8887309787582
 30
0.0
 11
255.47921343664615
 21
149.0534221512467
 31
0.0
  0
LINE
  5
1327
330
17
100
AcDbEntity
  8
VISIBLE
100
AcDbLine
 10
255.47921343664615
 20
149.0534221512467
 30
0.0
 11
255.4792116745429
 21
149.0534208237791
 31
0.0
  0
LINE
  5
1328
330
17
100
AcDbEntity
  8
VISIBLE
100
AcDbLine
 10
255.4792116745429
 20
149.0534208237791
 30
0.0
 11
254.35004447112252
 21
148.25904894703663
 31
0.0
  0
LINE
  5
1329
330
17
100
AcDbEntity
  8
VISIBLE
100
AcDbLine
 10
254.35004447112252
 20
148.25904894703663
 30
0.0
 11
254.35004275539484
 21
148.25904781620642
 31
0.0
  0
LINE
  5
132A
330
17
100
AcDbEntity
  8
VISIBLE
100
AcDbLine
 10
254.35004275539484
 20
148.25904781620642
 30
0.0
 11
253.13330733158395
 21
147.50901342727823
 31
0.0
  0
LINE
  5
132B
330
17
100
AcDbEntity
  8
VISIBLE
100
AcDbLine
 10
253.13330733158395
 20
147.50901342727823
 30
0.0
 11
253.13330566842092
 21
147.50901246602177
 31
0.0
  0
LINE
  5
132C
330
17
100
AcDbEntity
  8
VISIBLE
100
AcDbLine
 10
253.13330566842092
 20
147.50901246602177
 30
0.0
 11
251.8342078303953
 21
146.80652985017764
 31
0.0
  0
LINE
  5
132D
330
17
100
AcDbEntity
  8
VISIBLE
100
AcDbLine
 10
251.8342078303953
 20
146.80652985017764
 30
0.0
 11
251.83420622193844
 21
146.80652903496082
 31
0.0
  0
LINE
  5
132E
330
17
100
AcDbEntity
  8
VISIBLE
100
AcDbLine
 10
251.83420622193844
 20
146.80652903496082
 30
0.0
 11
250.45831323087396
 21
146.15460379003355
 31
0.0
  0
LINE
  5
132F
330
17
100
AcDbEntity
  8
VISIBLE
100
AcDbLine
 10
250.45831323087396
 20
146.15460379003355
 30
0.0
 11
250.45831167597348
 21
146.15460310053288
 31
0.0
  0
LINE
  5
1330
330
17
100
AcDbEntity
  8
VISIBLE
100
AcDbLine
 10
250.45831167597348
 20
146.15460310053288
 30
0.0
 11
249.01151338754767
 21
145.5560283896765
 31
0.0
  0
LINE
  5
1331
330
17
100
AcDbEntity
  8
VISIBLE
100
AcDbLine
 10
249.01151338754767
 20
145.5560283896765
 30
0.0
 11
249.01151188325082
 21
145.55602780883757
 31
0.0
  0
LINE
  5
1332
330
17
100
AcDbEntity
  8
VISIBLE
100
AcDbLine
 10
249.01151188325082
 20
145.55602780883757
 30
0.0
 11
247.50000194908677
 21
145.01336727860976
 31
0.0
  0
LINE
  5
1333
330
17
100
AcDbEntity
  8
VISIBLE
100
AcDbLine
 10
247.50000194908677
 20
145.01336727860976
 30
0.0
 11
247.50000049126095
 21
145.0133667922514
 31
0.0
  0
LINE
  5
1334
330
17
100
AcDbEntity
  8
VISIBLE
100
AcDbLine
 10
247.50000049126095
 20
145.0133667922514
 30
0.0
 11
245.93025503218965
 21
144.52894226028428
 31
0.0
  0
LINE
  5
1335
330
17
100
AcDbEntity
  8
VISIBLE
100
AcDbLine
 10
245.93025503218965
 20
144.52894226028428
 30
0.0
 11
245.93025361577443
 21
144.5289418566743
 31
0.0
  0
LINE
  5
1336
330
17
100
AcDbEntity
  8
VISIBLE
100
AcDbLine
 10
245.93025361577443
 20
144.5289418566743
 30
0.0
 11
244.30899253056157
 21
144.10482966195636
 31
0.0
  0
LINE
  5
1337
330
17
100
AcDbEntity
  8
VISIBLE
100
AcDbLine
 10
244.30899253056157
 20
144.10482966195636
 30
0.0
 11
244.30899115026855
 21
144.10482933160307
 31
0.0
  0
LINE
  5
1338
330
17
100
AcDbEntity
  8
VISIBLE
100
AcDbLine
 10
244.30899115026855
 20
144.10482933160307
 30
0.0
 11
242.6431561989306
 21
143.742844566687
 31
0.0
  0
LINE
  5
1339
330
17
100
AcDbEntity
  8
VISIBLE
100
AcDbLine
 10
242.6431561989306
 20
143.742844566687
 30
0.0
 11
242.64315484918677
 21
143.742844301956
 31
0.0
  0
LINE
  5
133A
330
17
100
AcDbEntity
  8
VISIBLE
100
AcDbLine
 10
242.64315484918677
 20
143.742844301956
 30
0.0
 11
240.93987998151587
 21
143.44453769856193
 31
0.0
  0
LINE
  5
133B
330
17
100
AcDbEntity
  8
VISIBLE
100
AcDbLine
 10
240.93987998151587
 20
143.44453769856193
 30
0.0
 11
240.93987865672065
 21
143.44453749346255
 31
0.0
  0
LINE
  5
133C
330
17
100
AcDbEntity
  8
VISIBLE
100
AcDbLine
 10
240.93987865672065
 20
143.44453749346255
 30
0.0
 11
239.55691451079645
 21
143.25836447217722
 31
0.0
  0
LINE
  5
133D
330
17
100
AcDbEntity
  8
VISIBLE
100
AcDbLine
 10
239.55691451079645
 20
143.25836447217722
 30
0.0
 11
239.55690812708687
 21
143.2583632992306
 31
0.0
  0
LINE
  5
133E
330
17
100
AcDbEntity
  8
VISIBLE
100
AcDbLine
 10
239.55690812708687
 20
143.2583632992306
 30
0.0
 11
239.55690188484297
 21
143.2583615210455
 31
0.0
  0
LINE
  5
133F
330
17
100
AcDbEntity
  8
VISIBLE
100
AcDbLine
 10
239.55690188484297
 20
143.2583615210455
 30
0.0
 11
239.55689584130852
 21
143.2583591539285
 31
0.0
  0
LINE
  5
1340
330
17
100
AcDbEntity
  8
VISIBLE
100
AcDbLine
 10
239.55689584130852
 20
143.2583591539285
 30
0.0
 11
239.55689005190513
 21
143.25835621958703
 31
0.0
  0
LINE
  5
1341
330
17
100
AcDbEntity
  8
VISIBLE
100
AcDbLine
 10
239.55689005190513
 20
143.25835621958703
 30
0.0
 11
239.5568845697239
 21
143.25835274493016
 31
0.0
  0
LINE
  5
1342
330
17
100
AcDbEntity
  8
VISIBLE
100
AcDbLine
 10
239.5568845697239
 20
143.25835274493016
 30
0.0
 11
239.55687944503862
 21
143.25834876182182
 31
0.0
  0
LINE
  5
1343
330
17
100
AcDbEntity
  8
VISIBLE
100
AcDbLine
 10
239.55687944503862
 20
143.25834876182182
 30
0.0
 11
239.55687472484462
 21
143.25834430678873
 31
0.0
  0
LINE
  5
1344
330
17
100
AcDbEntity
  8
VISIBLE
100
AcDbLine
 10
239.55687472484462
 20
143.25834430678873
 30
0.0
 11
239.55687045242792
 21
143.25833942068525
 31
0.0
  0
LINE
  5
1345
330
17
100
AcDbEntity
  8
VISIBLE
100
AcDbLine
 10
239.55687045242792
 20
143.25833942068525
 30
0.0
 11
239.55686666696832
 21
143.2583341483189
 31
0.0
  0
LINE
  5
1346
330
17
100
AcDbEntity
  8
VISIBLE
100
AcDbLine
 10
239.55686666696832
 20
143.2583341483189
 30
0.0
 11
239.55686340317993
 21
143.25832853803934
 31
0.0
  0
LINE
  5
1347
330
17
100
AcDbEntity
  8
VISIBLE
100
AcDbLine
 10
239.55686340317993
 20
143.25832853803934
 30
0.0
 11
239.556860690993
 21
143.25832264129502
 31
0.0
  0
LINE
  5
1348
330
17
100
AcDbEntity
  8
VISIBLE
100
AcDbLine
 10
239.556860690993
 20
143.25832264129502
 30
0.0
 11
239.55685855527932
 21
143.25831651216146
 31
0.0
  0
LINE
  5
1349
330
17
100
AcDbEntity
  8
VISIBLE
100
AcDbLine
 10
239.55685855527932
 20
143.25831651216146
 30
0.0
 11
239.55685701562425
 21
143.25831020684515
 31
0.0
  0
LINE
  5
134A
330
17
100
AcDbEntity
  8
VISIBLE
100
AcDbLine
 10
239.55685701562425
 20
143.25831020684515
 30
0.0
 11
239.556856086147
 21
143.25830378316837
 31
0.0
  0
LINE
  5
134B
330
17
100
AcDbEntity
  8
VISIBLE
100
AcDbLine
 10
239.556856086147
 20
143.25830378316837
 30
0.0
 11
239.55685577537128
 21
143.25829730003872
 31
0.0
  0
LINE
  5
134C
330
17
100
AcDbEntity
  8
VISIBLE
100
AcDbLine
 10
239.55685577537128
 20
143.25829730003872
 30
0.0
 11
239.55685577537128
 21
142.29105992712178
 31
0.0
  0
LINE
  5
134D
330
17
100
AcDbEntity
  8
VISIBLE
100
AcDbLine
 10
239.55685577537128
 20
142.29105992712178
 30
0.0
 11
239.55685570057187
 21
142.29105835688856
 31
0.0
  0
LINE
  5
134E
330
17
100
AcDbEntity
  8
VISIBLE
100
AcDbLine
 10
239.55685570057187
 20
142.29105835688856
 30
0.0
 11
239.5568543781097
 21
142.29105750699372
 31
0.0
  0
LINE
  5
134F
330
17
100
AcDbEntity
  8
VISIBLE
100
AcDbLine
 10
239.5568543781097
 20
142.29105750699372
 30
0.0
 11
232.48578936076743
 21
138.2085762157738
 31
0.0
  0
LINE
  5
1350
330
17
100
AcDbEntity
  8
VISIBLE
100
AcDbLine
 10
232.48578936076743
 20
138.2085762157738
 30
0.0
 11
232.4857879635058
 21
138.20857549543538
 31
0.0
  0
LINE
  5
1351
330
17
100
AcDbEntity
  8
VISIBLE
100
AcDbLine
 10
232.4857879635058
 20
138.20857549543538
 30
0.0
 11
232.4857865662442
 21
138.2085762157738
 31
0.0
  0
LINE
  5
1352
330
17
100
AcDbEntity
  8
VISIBLE
100
AcDbLine
 10
232.4857865662442
 20
138.2085762157738
 30
0.0
 11
228.2431486736481
 21
140.65806434513829
 31
0.0
  0
LINE
  5
1353
330
17
100
AcDbEntity
  8
VISIBLE
100
AcDbLine
 10
228.2431486736481
 20
140.65806434513829
 30
0.0
 11
228.24314735118594
 21
140.6580651950331
 31
0.0
  0
LINE
  5
1354
330
17
100
AcDbEntity
  8
VISIBLE
100
AcDbLine
 10
228.24314735118594
 20
140.6580651950331
 30
0.0
 11
228.24314727638654
 21
140.65806676526634
 31
0.0
  0
LINE
  5
1355
330
17
100
AcDbEntity
  8
VISIBLE
100
AcDbLine
 10
228.24314727638654
 20
140.65806676526634
 30
0.0
 11
228.24314727638654
 21
143.25829730003875
 31
0.0
  0
LINE
  5
1356
330
17
100
AcDbEntity
  8
VISIBLE
100
AcDbLine
 10
228.24314727638654
 20
143.25829730003875
 30
0.0
 11
228.2431469656108
 21
143.25830378316837
 31
0.0
  0
LINE
  5
1357
330
17
100
AcDbEntity
  8
VISIBLE
100
AcDbLine
 10
228.2431469656108
 20
143.25830378316837
 30
0.0
 11
228.24314603613357
 21
143.25831020684515
 31
0.0
  0
LINE
  5
1358
330
17
100
AcDbEntity
  8
VISIBLE
100
AcDbLine
 10
228.24314603613357
 20
143.25831020684515
 30
0.0
 11
228.2431444964785
 21
143.25831651216146
 31
0.0
  0
LINE
  5
1359
330
17
100
AcDbEntity
  8
VISIBLE
100
AcDbLine
 10
228.2431444964785
 20
143.25831651216146
 30
0.0
 11
228.2431423607648
 21
143.25832264129502
 31
0.0
  0
LINE
  5
135A
330
17
100
AcDbEntity
  8
VISIBLE
100
AcDbLine
 10
228.2431423607648
 20
143.25832264129502
 30
0.0
 11
228.24313964857788
 21
143.25832853803934
 31
0.0
  0
LINE
  5
135B
330
17
100
AcDbEntity
  8
VISIBLE
100
AcDbLine
 10
228.24313964857788
 20
143.25832853803934
 30
0.0
 11
228.2431363847895
 21
143.2583341483189
 31
0.0
  0
LINE
  5
135C
330
17
100
AcDbEntity
  8
VISIBLE
100
AcDbLine
 10
228.2431363847895
 20
143.2583341483189
 30
0.0
 11
228.24313259932987
 21
143.25833942068525
 31
0.0
  0
LINE
  5
135D
330
17
100
AcDbEntity
  8
VISIBLE
100
AcDbLine
 10
228.24313259932987
 20
143.25833942068525
 30
0.0
 11
228.2431283269132
 21
143.25834430678873
 31
0.0
  0
LINE
  5
135E
330
17
100
AcDbEntity
  8
VISIBLE
100
AcDbLine
 10
228.2431283269132
 20
143.25834430678873
 30
0.0
 11
228.2431236067192
 21
143.25834876182182
 31
0.0
  0
LINE
  5
135F
330
17
100
AcDbEntity
  8
VISIBLE
100
AcDbLine
 10
228.2431236067192
 20
143.25834876182182
 30
0.0
 11
228.24311848203388
 21
143.25835274493016
 31
0.0
  0
LINE
  5
1360
330
17
100
AcDbEntity
  8
VISIBLE
100
AcDbLine
 10
228.24311848203388
 20
143.25835274493016
 30
0.0
 11
228.24311299985268
 21
143.25835621958703
 31
0.0
  0
LINE
  5
1361
330
17
100
AcDbEntity
  8
VISIBLE
100
AcDbLine
 10
228.24311299985268
 20
143.25835621958703
 30
0.0
 11
228.2431072104493
 21
143.2583591539285
 31
0.0
  0
LINE
  5
1362
330
17
100
AcDbEntity
  8
VISIBLE
100
AcDbLine
 10
228.2431072104493
 20
143.2583591539285
 30
0.0
 11
228.24310116691484
 21
143.2583615210455
 31
0.0
  0
LINE
  5
1363
330
17
100
AcDbEntity
  8
VISIBLE
100
AcDbLine
 10
228.24310116691484
 20
143.2583615210455
 30
0.0
 11
228.24309492467094
 21
143.2583632992306
 31
0.0
  0
LINE
  5
1364
330
17
100
AcDbEntity
  8
VISIBLE
100
AcDbLine
 10
228.24309492467094
 20
143.2583632992306
 30
0.0
 11
228.24308854096137
 21
143.25836447217722
 31
0.0
  0
LINE
  5
1365
330
17
100
AcDbEntity
  8
VISIBLE
100
AcDbLine
 10
228.24308854096137
 20
143.25836447217722
 30
0.0
 11
226.86012439503716
 21
143.44453749346255
 31
0.0
  0
LINE
  5
1366
330
17
100
AcDbEntity
  8
VISIBLE
100
AcDbLine
 10
226.86012439503716
 20
143.44453749346255
 30
0.0
 11
226.86012307024194
 21
143.44453769856193
 31
0.0
  0
LINE
  5
1367
330
17
100
AcDbEntity
  8
VISIBLE
100
AcDbLine
 10
226.86012307024194
 20
143.44453769856193
 30
0.0
 11
225.15684820257104
 21
143.742844301956
 31
0.0
  0
LINE
  5
1368
330
17
100
AcDbEntity
  8
VISIBLE
100
AcDbLine
 10
225.15684820257104
 20
143.742844301956
 30
0.0
 11
225.15684685282721
 21
143.742844566687
 31
0.0
  0
LINE
  5
1369
330
17
100
AcDbEntity
  8
VISIBLE
100
AcDbLine
 10
225.15684685282721
 20
143.742844566687
 30
0.0
 11
223.49101190148926
 21
144.10482933160307
 31
0.0
  0
LINE
  5
136A
330
17
100
AcDbEntity
  8
VISIBLE
100
AcDbLine
 10
223.49101190148926
 20
144.10482933160307
 30
0.0
 11
223.49101052119624
 21
144.10482966195636
 31
0.0
  0
LINE
  5
136B
330
17
100
AcDbEntity
  8
VISIBLE
100
AcDbLine
 10
223.49101052119624
 20
144.10482966195636
 30
0.0
 11
221.86974943598338
 21
144.5289418566743
 31
0.0
  0
LINE
  5
136C
330
17
100
AcDbEntity
  8
VISIBLE
100
AcDbLine
 10
221.86974943598338
 20
144.5289418566743
 30
0.0
 11
221.86974801956816
 21
144.52894226028428
 31
0.0
  0
LINE
  5
136D
330
17
100
AcDbEntity
  8
VISIBLE
100
AcDbLine
 10
221.86974801956816
 20
144.52894226028428
 30
0.0
 11
220.30000256049686
 21
145.0133667922514
 31
0.0
  0
LINE
  5
136E
330
17
100
AcDbEntity
  8
VISIBLE
100
AcDbLine
 10
220.30000256049686
 20
145.0133667922514
 30
0.0
 11
220.30000110267105
 21
145.01336727860976
 31
0.0
  0
LINE
  5
136F
330
17
100
AcDbEntity
  8
VISIBLE
100
AcDbLine
 10
220.30000110267105
 20
145.01336727860976
 30
0.0
 11
218.788491168507
 21
145.55602780883757
 31
0.0
  0
LINE
  5
1370
330
17
100
AcDbEntity
  8
VISIBLE
100
AcDbLine
 10
218.788491168507
 20
145.55602780883757
 30
0.0
 11
218.78848966421015
 21
145.5560283896765
 31
0.0
  0
LINE
  5
1371
330
17
100
AcDbEntity
  8
VISIBLE
100
AcDbLine
 10
218.78848966421015
 20
145.5560283896765
 30
0.0
 11
217.34169137578434
 21
146.15460310053288
 31
0.0
  0
LINE
  5
1372
330
17
100
AcDbEntity
  8
VISIBLE
100
AcDbLine
 10
217.34169137578434
 20
146.15460310053288
 30
0.0
 11
217.34168982088386
 21
146.15460379003355
 31
0.0
  0
LINE
  5
1373
330
17
100
AcDbEntity
  8
VISIBLE
100
AcDbLine
 10
217.34168982088386
 20
146.15460379003355
 30
0.0
 11
215.96579682981937
 21
146.80652903496082
 31
0.0
  0
LINE
  5
1374
330
17
100
AcDbEntity
  8
VISIBLE
100
AcDbLine
 10
215.96579682981937
 20
146.80652903496082
 30
0.0
 11
215.96579522136253
 21
146.80652985017764
 31
0.0
  0
LINE
  5
1375
330
17
100
AcDbEntity
  8
VISIBLE
100
AcDbLine
 10
215.96579522136253
 20
146.80652985017764
 30
0.0
 11
214.6666973833369
 21
147.5090124660218
 31
0.0
  0
LINE
  5
1376
330
17
100
AcDbEntity
  8
VISIBLE
100
AcDbLine
 10
214.6666973833369
 20
147.5090124660218
 30
0.0
 11
214.66669572017386
 21
147.50901342727826
 31
0.0
  0
LINE
  5
1377
330
17
100
AcDbEntity
  8
VISIBLE
100
AcDbLine
 10
214.66669572017386
 20
147.50901342727826
 30
0.0
 11
213.44996029636297
 21
148.25904781620642
 31
0.0
  0
LINE
  5
1378
330
17
100
AcDbEntity
  8
VISIBLE
100
AcDbLine
 10
213.44996029636297
 20
148.25904781620642
 30
0.0
 11
213.4499585806353
 21
148.25904894703666
 31
0.0
  0
LINE
  5
1379
330
17
100
AcDbEntity
  8
VISIBLE
100
AcDbLine
 10
213.4499585806353
 20
148.25904894703666
 30
0.0
 11
212.3207913772149
 21
149.0534208237791
 31
0.0
  0
LINE
  5
137A
330
17
100
AcDbEntity
  8
VISIBLE
100
AcDbLine
 10
212.3207913772149
 20
149.0534208237791
 30
0.0
 11
212.32078961511166
 21
149.0534221512467
 31
0.0
  0
LINE
  5
137B
330
17
100
AcDbEntity
  8
VISIBLE
100
AcDbLine
 10
212.32078961511166
 20
149.0534221512467
 30
0.0
 11
211.28402849111112
 21
149.8887309787582
 31
0.0
  0
LINE
  5
137C
330
17
100
AcDbEntity
  8
VISIBLE
100
AcDbLine
 10
211.28402849111112
 20
149.8887309787582
 30
0.0
 11
211.28402669512235
 21
149.8887325326673
 31
0.0
  0
LINE
  5
137D
330
17
100
AcDbEntity
  8
VISIBLE
100
AcDbLine
 10
211.28402669512235
 20
149.8887325326673
 30
0.0
 11
210.34411197316905
 21
150.76140237588282
 31
0.0
  0
LINE
  5
137E
330
17
100
AcDbEntity
  8
VISIBLE
100
AcDbLine
 10
210.34411197316905
 20
150.76140237588282
 30
0.0
 11
210.3441101641363
 21
150.7614041874996
 31
0.0
  0
LINE
  5
137F
330
17
100
AcDbEntity
  8
VISIBLE
100
AcDbLine
 10
210.3441101641363
 20
150.7614041874996
 30
0.0
 11
209.50506330210652
 21
151.6676960277518
 31
0.0
  0
LINE
  5
1380
330
17
100
AcDbEntity
  8
VISIBLE
100
AcDbLine
 10
209.50506330210652
 20
151.6676960277518
 30
0.0
 11
209.50506151118813
 21
151.66769812769743
 31
0.0
  0
LINE
  5
1381
330
17
100
AcDbEntity
  8
VISIBLE
100
AcDbLine
 10
209.50506151118813
 20
151.66769812769743
 30
0.0
 11
208.77047877788496
 21
152.60373220406245
 31
0.0
  0
LINE
  5
1382
330
17
100
AcDbEntity
  8
VISIBLE
100
AcDbLine
 10
208.77047877788496
 20
152.60373220406245
 30
0.0
 11
208.770477048956
 21
152.6037346179174
 31
0.0
  0
LINE
  5
1383
330
17
100
AcDbEntity
  8
VISIBLE
100
AcDbLine
 10
208.770477048956
 20
152.6037346179174
 30
0.0
 11
208.1435022114471
 21
153.56550308550652
 31
0.0
  0
LINE
  5
1384
330
17
100
AcDbEntity
  8
VISIBLE
100
AcDbLine
 10
208.1435022114471
 20
153.56550308550652
 30
0.0
 11
208.1435006015348
 21
153.565505828538
 31
0.0
  0
LINE
  5
1385
330
17
100
AcDbEntity
  8
VISIBLE
100
AcDbLine
 10
208.1435006015348
 20
153.565505828538
 30
0.0
 11
207.62681953069236
 21
154.54888989552833
 31
0.0
  0
LINE
  5
1386
330
17
100
AcDbEntity
  8
VISIBLE
100
AcDbLine
 10
207.62681953069236
 20
154.54888989552833
 30
0.0
 11
207.62681810856418
 21
154.548892965582
 31
0.0
  0
LINE
  5
1387
330
17
100
AcDbEntity
  8
VISIBLE
100
AcDbLine
 10
207.62681810856418
 20
154.548892965582
 30
0.0
 11
207.22264327221544
 21
155.54968119919397
 31
0.0
  0
LINE
  5
1388
330
17
100
AcDbEntity
  8
VISIBLE
100
AcDbLine
 10
243.5000034155167
 20
182.09380824610858
 30
0.0
 11
243.50000049940823
 21
182.09380921897798
 31
0.0
  0
LINE
  5
1389
330
17
100
AcDbEntity
  8
VISIBLE
100
AcDbLine
 10
243.50000049940823
 20
182.09380921897798
 30
0.0
 11
243.3645950327073
 21
182.13559535628198
 31
0.0
  0
LINE
  5
138A
330
17
100
AcDbEntity
  8
VISIBLE
100
AcDbLine
 10
243.3645950327073
 20
182.13559535628198
 30
0.0
 11
243.36458857166562
 21
182.13559700684263
 31
0.0
  0
LINE
  5
138B
330
17
100
AcDbEntity
  8
VISIBLE
100
AcDbLine
 10
243.36458857166562
 20
182.13559700684263
 30
0.0
 11
243.36458197969742
 21
182.13559801449597
 31
0.0
  0
LINE
  5
138C
330
17
100
AcDbEntity
  8
VISIBLE
100
AcDbLine
 10
243.36458197969742
 20
182.13559801449597
 30
0.0
 11
243.36457532061408
 21
182.13559836948775
 31
0.0
  0
LINE
  5
138D
330
17
100
AcDbEntity
  8
VISIBLE
100
AcDbLine
 10
243.36457532061408
 20
182.13559836948775
 30
0.0
 11
243.3645686588767
 21
182.13559806838157
 31
0.0
  0
LINE
  5
138E
330
17
100
AcDbEntity
  8
VISIBLE
100
AcDbLine
 10
243.3645686588767
 20
182.13559806838157
 30
0.0
 11
243.36456205897198
 21
182.1355971140922
 31
0.0
  0
LINE
  5
138F
330
17
100
AcDbEntity
  8
VISIBLE
100
AcDbLine
 10
243.36456205897198
 20
182.1355971140922
 30
0.0
 11
243.36455558478823
 21
182.13559551585732
 31
0.0
  0
LINE
  5
1390
330
17
100
AcDbEntity
  8
VISIBLE
100
AcDbLine
 10
243.36455558478823
 20
182.13559551585732
 30
0.0
 11
243.36454929899662
 21
182.13559328914815
 31
0.0
  0
LINE
  5
1391
330
17
100
AcDbEntity
  8
VISIBLE
100
AcDbLine
 10
243.36454929899662
 20
182.13559328914815
 30
0.0
 11
243.36454326244467
 21
182.13559045551955
 31
0.0
  0
LINE
  5
1392
330
17
100
AcDbEntity
  8
VISIBLE
100
AcDbLine
 10
243.36454326244467
 20
182.13559045551955
 30
0.0
 11
243.3645375335673
 21
182.13558704240162
 31
0.0
  0
LINE
  5
1393
330
17
100
AcDbEntity
  8
VISIBLE
100
AcDbLine
 10
243.3645375335673
 20
182.13558704240162
 30
0.0
 11
243.364532167821
 21
182.13558308283388
 31
0.0
  0
LINE
  5
1394
330
17
100
AcDbEntity
  8
VISIBLE
100
AcDbLine
 10
243.364532167821
 20
182.13558308283388
 30
0.0
 11
243.36452721714713
 21
182.13557861514562
 31
0.0
  0
LINE
  5
1395
330
17
100
AcDbEntity
  8
VISIBLE
100
AcDbLine
 10
243.36452721714713
 20
182.13557861514562
 30
0.0
 11
243.36452272946906
 21
182.13557368258486
 31
0.0
  0
LINE
  5
1396
330
17
100
AcDbEntity
  8
VISIBLE
100
AcDbLine
 10
243.36452272946906
 20
182.13557368258486
 30
0.0
 11
243.36451874822828
 21
182.13556833289965
 31
0.0
  0
LINE
  5
1397
330
17
100
AcDbEntity
  8
VISIBLE
100
AcDbLine
 10
243.36451874822828
 20
182.13556833289965
 30
0.0
 11
243.3645153119639
 21
182.13556261787582
 31
0.0
  0
LINE
  5
1398
330
17
100
AcDbEntity
  8
VISIBLE
100
AcDbLine
 10
243.3645153119639
 20
182.13556261787582
 30
0.0
 11
243.36451245393957
 21
182.13555659283583
 31
0.0
  0
LINE
  5
1399
330
17
100
AcDbEntity
  8
VISIBLE
100
AcDbLine
 10
243.36451245393957
 20
182.13555659283583
 30
0.0
 11
243.36451020182142
 21
182.1355503161031
 31
0.0
  0
LINE
  5
139A
330
17
100
AcDbEntity
  8
VISIBLE
100
AcDbLine
 10
243.36451020182142
 20
182.1355503161031
 30
0.0
 11
243.3645085774104
 21
182.13554384843744
 31
0.0
  0
LINE
  5
139B
330
17
100
AcDbEntity
  8
VISIBLE
100
AcDbLine
 10
243.3645085774104
 20
182.13554384843744
 30
0.0
 11
243.364507596431
 21
182.13553725244702
 31
0.0
  0
LINE
  5
139C
330
17
100
AcDbEntity
  8
VISIBLE
100
AcDbLine
 10
243.364507596431
 20
182.13553725244702
 30
0.0
 11
243.36450726837933
 21
182.13553059198216
 31
0.0
  0
LINE
  5
139D
330
17
100
AcDbEntity
  8
VISIBLE
100
AcDbLine
 10
243.36450726837933
 20
182.13553059198216
 30
0.0
 11
243.36450726837933
 21
176.73252850563762
 31
0.0
  0
LINE
  5
139E
330
17
100
AcDbEntity
  8
VISIBLE
100
AcDbLine
 10
243.36450726837933
 20
176.73252850563762
 30
0.0
 11
243.364507596431
 21
176.73252184517276
 31
0.0
  0
LINE
  5
139F
330
17
100
AcDbEntity
  8
VISIBLE
100
AcDbLine
 10
243.364507596431
 20
176.73252184517276
 30
0.0
 11
243.3645085774104
 21
176.73251524918234
 31
0.0
  0
LINE
  5
13A0
330
17
100
AcDbEntity
  8
VISIBLE
100
AcDbLine
 10
243.3645085774104
 20
176.73251524918234
 30
0.0
 11
243.36451020182142
 21
176.7325087815167
 31
0.0
  0
LINE
  5
13A1
330
17
100
AcDbEntity
  8
VISIBLE
100
AcDbLine
 10
243.36451020182142
 20
176.7325087815167
 30
0.0
 11
243.36451245393957
 21
176.73250250478395
 31
0.0
  0
LINE
  5
13A2
330
17
100
AcDbEntity
  8
VISIBLE
100
AcDbLine
 10
243.36451245393957
 20
176.73250250478395
 30
0.0
 11
243.3645153119639
 21
176.73249647974396
 31
0.0
  0
LINE
  5
13A3
330
17
100
AcDbEntity
  8
VISIBLE
100
AcDbLine
 10
243.3645153119639
 20
176.73249647974396
 30
0.0
 11
243.36451874822828
 21
176.73249076472015
 31
0.0
  0
LINE
  5
13A4
330
17
100
AcDbEntity
  8
VISIBLE
100
AcDbLine
 10
243.36451874822828
 20
176.73249076472015
 30
0.0
 11
243.36452272946906
 21
176.73248541503492
 31
0.0
  0
LINE
  5
13A5
330
17
100
AcDbEntity
  8
VISIBLE
100
AcDbLine
 10
243.36452272946906
 20
176.73248541503492
 30
0.0
 11
243.36452721714713
 21
176.73248048247416
 31
0.0
  0
LINE
  5
13A6
330
17
100
AcDbEntity
  8
VISIBLE
100
AcDbLine
 10
243.36452721714713
 20
176.73248048247416
 30
0.0
 11
243.364532167821
 21
176.73247601478593
 31
0.0
  0
LINE
  5
13A7
330
17
100
AcDbEntity
  8
VISIBLE
100
AcDbLine
 10
243.364532167821
 20
176.73247601478593
 30
0.0
 11
243.3645375335673
 21
176.73247205521818
 31
0.0
  0
LINE
  5
13A8
330
17
100
AcDbEntity
  8
VISIBLE
100
AcDbLine
 10
243.3645375335673
 20
176.73247205521818
 30
0.0
 11
243.36454326244467
 21
176.73246864210023
 31
0.0
  0
LINE
  5
13A9
330
17
100
AcDbEntity
  8
VISIBLE
100
AcDbLine
 10
243.36454326244467
 20
176.73246864210023
 30
0.0
 11
243.36454929899662
 21
176.73246580847166
 31
0.0
  0
LINE
  5
13AA
330
17
100
AcDbEntity
  8
VISIBLE
100
AcDbLine
 10
243.36454929899662
 20
176.73246580847166
 30
0.0
 11
243.36455558478823
 21
176.73246358176246
 31
0.0
  0
LINE
  5
13AB
330
17
100
AcDbEntity
  8
VISIBLE
100
AcDbLine
 10
243.36455558478823
 20
176.73246358176246
 30
0.0
 11
243.36456205897198
 21
176.7324619835276
 31
0.0
  0
LINE
  5
13AC
330
17
100
AcDbEntity
  8
VISIBLE
100
AcDbLine
 10
243.36456205897198
 20
176.7324619835276
 30
0.0
 11
243.3645686588767
 21
176.73246102923824
 31
0.0
  0
LINE
  5
13AD
330
17
100
AcDbEntity
  8
VISIBLE
100
AcDbLine
 10
243.3645686588767
 20
176.73246102923824
 30
0.0
 11
243.36457532061408
 21
176.73246072813205
 31
0.0
  0
LINE
  5
13AE
330
17
100
AcDbEntity
  8
VISIBLE
100
AcDbLine
 10
243.36457532061408
 20
176.73246072813205
 30
0.0
 11
243.36458197969742
 21
176.7324610831238
 31
0.0
  0
LINE
  5
13AF
330
17
100
AcDbEntity
  8
VISIBLE
100
AcDbLine
 10
243.36458197969742
 20
176.7324610831238
 30
0.0
 11
243.36458857166562
 21
176.73246209077715
 31
0.0
  0
LINE
  5
13B0
330
17
100
AcDbEntity
  8
VISIBLE
100
AcDbLine
 10
243.36458857166562
 20
176.73246209077715
 30
0.0
 11
243.3645950327073
 21
176.7324637413378
 31
0.0
  0
LINE
  5
13B1
330
17
100
AcDbEntity
  8
VISIBLE
100
AcDbLine
 10
243.3645950327073
 20
176.7324637413378
 30
0.0
 11
243.50000049940823
 21
176.7742498786418
 31
0.0
  0
LINE
  5
13B2
330
17
100
AcDbEntity
  8
VISIBLE
100
AcDbLine
 10
243.50000049940823
 20
176.7742498786418
 30
0.0
 11
243.5000034155167
 21
176.77425085151123
 31
0.0
  0
LINE
  5
13B3
330
17
100
AcDbEntity
  8
VISIBLE
100
AcDbLine
 10
243.5000034155167
 20
176.77425085151123
 30
0.0
 11
244.56694859459955
 21
177.15730512401385
 31
0.0
  0
LINE
  5
13B4
330
17
100
AcDbEntity
  8
VISIBLE
100
AcDbLine
 10
244.56694859459955
 20
177.15730512401385
 30
0.0
 11
244.56695160354678
 21
177.1573062858287
 31
0.0
  0
LINE
  5
13B5
330
17
100
AcDbEntity
  8
VISIBLE
100
AcDbLine
 10
244.56695160354678
 20
177.1573062858287
 30
0.0
 11
245.58821978488754
 21
177.57982860213164
 31
0.0
  0
LINE
  5
13B6
330
17
100
AcDbEntity
  8
VISIBLE
100
AcDbLine
 10
245.58821978488754
 20
177.57982860213164
 30
0.0
 11
245.5882228951791
 21
177.57982998134892
 31
0.0
  0
LINE
  5
13B7
330
17
100
AcDbEntity
  8
VISIBLE
100
AcDbLine
 10
245.5882228951791
 20
177.57982998134892
 30
0.0
 11
246.55943981854563
 21
178.04001121222657
 31
0.0
  0
LINE
  5
13B8
330
17
100
AcDbEntity
  8
VISIBLE
100
AcDbLine
 10
246.55943981854563
 20
178.04001121222657
 30
0.0
 11
246.55944303608644
 21
178.04001284297826
 31
0.0
  0
LINE
  5
13B9
330
17
100
AcDbEntity
  8
VISIBLE
100
AcDbLine
 10
246.55944303608644
 20
178.04001284297826
 30
0.0
 11
247.4764505734098
 21
178.53588208406293
 31
0.0
  0
LINE
  5
13BA
330
17
100
AcDbEntity
  8
VISIBLE
100
AcDbLine
 10
247.4764505734098
 20
178.53588208406293
 30
0.0
 11
247.47645390034103
 21
178.53588400692556
 31
0.0
  0
LINE
  5
13BB
330
17
100
AcDbEntity
  8
VISIBLE
100
AcDbLine
 10
247.47645390034103
 20
178.53588400692556
 30
0.0
 11
248.33532430312826
 21
179.0653183602355
 31
0.0
  0
LINE
  5
13BC
330
17
100
AcDbEntity
  8
VISIBLE
100
AcDbLine
 10
248.33532430312826
 20
179.0653183602355
 30
0.0
 11
248.3353277354343
 21
179.06532062245657
 31
0.0
  0
LINE
  5
13BD
330
17
100
AcDbEntity
  8
VISIBLE
100
AcDbLine
 10
248.3353277354343
 20
179.06532062245657
 30
0.0
 11
248.8593530490524
 21
179.43397411424695
 31
0.0
  0
LINE
  5
13BE
330
17
100
AcDbEntity
  8
VISIBLE
100
AcDbLine
 10
248.8593530490524
 20
179.43397411424695
 30
0.0
 11
248.8593581713195
 21
179.4339780975439
 31
0.0
  0
LINE
  5
13BF
330
17
100
AcDbEntity
  8
VISIBLE
100
AcDbLine
 10
248.8593581713195
 20
179.4339780975439
 30
0.0
 11
248.8593628892064
 21
179.43398255240845
 31
0.0
  0
LINE
  5
13C0
330
17
100
AcDbEntity
  8
VISIBLE
100
AcDbLine
 10
248.8593628892064
 20
179.43398255240845
 30
0.0
 11
248.85936715947207
 21
179.43398743801038
 31
0.0
  0
LINE
  5
13C1
330
17
100
AcDbEntity
  8
VISIBLE
100
AcDbLine
 10
248.85936715947207
 20
179.43398743801038
 30
0.0
 11
248.85937094297816
 21
179.4339927095715
 31
0.0
  0
LINE
  5
13C2
330
17
100
AcDbEntity
  8
VISIBLE
100
AcDbLine
 10
248.85937094297816
 20
179.4339927095715
 30
0.0
 11
248.85937420504757
 21
179.43399831877628
 31
0.0
  0
LINE
  5
13C3
330
17
100
AcDbEntity
  8
VISIBLE
100
AcDbLine
 10
248.85937420504757
 20
179.43399831877628
 30
0.0
 11
248.85937691578243
 21
179.43400421421447
 31
0.0
  0
LINE
  5
13C4
330
17
100
AcDbEntity
  8
VISIBLE
100
AcDbLine
 10
248.85937691578243
 20
179.43400421421447
 30
0.0
 11
248.8593790503379
 21
179.4340103418525
 31
0.0
  0
LINE
  5
13C5
330
17
100
AcDbEntity
  8
VISIBLE
100
AcDbLine
 10
248.8593790503379
 20
179.4340103418525
 30
0.0
 11
248.85938058915013
 21
179.43401664552857
 31
0.0
  0
LINE
  5
13C6
330
17
100
AcDbEntity
  8
VISIBLE
100
AcDbLine
 10
248.85938058915013
 20
179.43401664552857
 30
0.0
 11
248.85938151811538
 21
179.43402306746742
 31
0.0
  0
LINE
  5
13C7
330
17
100
AcDbEntity
  8
VISIBLE
100
AcDbLine
 10
248.85938151811538
 20
179.43402306746742
 30
0.0
 11
248.8593818287194
 21
179.4340295488099
 31
0.0
  0
LINE
  5
13C8
330
17
100
AcDbEntity
  8
VISIBLE
100
AcDbLine
 10
248.8593818287194
 20
179.4340295488099
 30
0.0
 11
248.85938151811538
 21
179.43403603015236
 31
0.0
  0
LINE
  5
13C9
330
17
100
AcDbEntity
  8
VISIBLE
100
AcDbLine
 10
248.85938151811538
 20
179.43403603015236
 30
0.0
 11
248.85938058915013
 21
179.4340424520912
 31
0.0
  0
LINE
  5
13CA
330
17
100
AcDbEntity
  8
VISIBLE
100
AcDbLine
 10
248.85938058915013
 20
179.4340424520912
 30
0.0
 11
248.8593790503379
 21
179.43404875576726
 31
0.0
  0
LINE
  5
13CB
330
17
100
AcDbEntity
  8
VISIBLE
100
AcDbLine
 10
248.8593790503379
 20
179.43404875576726
 30
0.0
 11
248.85937691578243
 21
179.4340548834053
 31
0.0
  0
LINE
  5
13CC
330
17
100
AcDbEntity
  8
VISIBLE
100
AcDbLine
 10
248.85937691578243
 20
179.4340548834053
 30
0.0
 11
248.85937420504757
 21
179.43406077884353
 31
0.0
  0
LINE
  5
13CD
330
17
100
AcDbEntity
  8
VISIBLE
100
AcDbLine
 10
248.85937420504757
 20
179.43406077884353
 30
0.0
 11
248.85937094297816
 21
179.43406638804828
 31
0.0
  0
LINE
  5
13CE
330
17
100
AcDbEntity
  8
VISIBLE
100
AcDbLine
 10
248.85937094297816
 20
179.43406638804828
 30
0.0
 11
248.85936715947207
 21
179.4340716596094
 31
0.0
  0
LINE
  5
13CF
330
17
100
AcDbEntity
  8
VISIBLE
100
AcDbLine
 10
248.85936715947207
 20
179.4340716596094
 30
0.0
 11
248.8593628892064
 21
179.43407654521133
 31
0.0
  0
LINE
  5
13D0
330
17
100
AcDbEntity
  8
VISIBLE
100
AcDbLine
 10
248.8593628892064
 20
179.43407654521133
 30
0.0
 11
248.8593581713195
 21
179.4340810000759
 31
0.0
  0
LINE
  5
13D1
330
17
100
AcDbEntity
  8
VISIBLE
100
AcDbLine
 10
248.8593581713195
 20
179.4340810000759
 30
0.0
 11
248.8593530490524
 21
179.43408498337283
 31
0.0
  0
LINE
  5
13D2
330
17
100
AcDbEntity
  8
VISIBLE
100
AcDbLine
 10
248.8593530490524
 20
179.43408498337283
 30
0.0
 11
248.3353277354343
 21
179.8027384751632
 31
0.0
  0
LINE
  5
13D3
330
17
100
AcDbEntity
  8
VISIBLE
100
AcDbLine
 10
248.3353277354343
 20
179.8027384751632
 30
0.0
 11
248.33532430312826
 21
179.80274073738428
 31
0.0
  0
LINE
  5
13D4
330
17
100
AcDbEntity
  8
VISIBLE
100
AcDbLine
 10
248.33532430312826
 20
179.80274073738428
 30
0.0
 11
247.47645390034103
 21
180.33217509069425
 31
0.0
  0
LINE
  5
13D5
330
17
100
AcDbEntity
  8
VISIBLE
100
AcDbLine
 10
247.47645390034103
 20
180.33217509069425
 30
0.0
 11
247.4764505734098
 21
180.33217701355684
 31
0.0
  0
LINE
  5
13D6
330
17
100
AcDbEntity
  8
VISIBLE
100
AcDbLine
 10
247.4764505734098
 20
180.33217701355684
 30
0.0
 11
246.55944303608644
 21
180.82804625464152
 31
0.0
  0
LINE
  5
13D7
330
17
100
AcDbEntity
  8
VISIBLE
100
AcDbLine
 10
246.55944303608644
 20
180.82804625464152
 30
0.0
 11
246.55943981854563
 21
180.8280478853932
 31
0.0
  0
LINE
  5
13D8
330
17
100
AcDbEntity
  8
VISIBLE
100
AcDbLine
 10
246.55943981854563
 20
180.8280478853932
 30
0.0
 11
245.5882228951791
 21
181.28822911627088
 31
0.0
  0
LINE
  5
13D9
330
17
100
AcDbEntity
  8
VISIBLE
100
AcDbLine
 10
245.5882228951791
 20
181.28822911627088
 30
0.0
 11
245.58821978488754
 21
181.28823049548814
 31
0.0
  0
LINE
  5
13DA
330
17
100
AcDbEntity
  8
VISIBLE
100
AcDbLine
 10
245.58821978488754
 20
181.28823049548814
 30
0.0
 11
244.56695160354678
 21
181.7107528117911
 31
0.0
  0
LINE
  5
13DB
330
17
100
AcDbEntity
  8
VISIBLE
100
AcDbLine
 10
244.56695160354678
 20
181.7107528117911
 30
0.0
 11
244.56694859459955
 21
181.71075397360593
 31
0.0
  0
LINE
  5
13DC
330
17
100
AcDbEntity
  8
VISIBLE
100
AcDbLine
 10
244.56694859459955
 20
181.71075397360593
 30
0.0
 11
243.5000034155167
 21
182.09380824610858
 31
0.0
  0
LINE
  5
13DD
330
17
100
AcDbEntity
  8
VISIBLE
100
AcDbLine
 10
219.4646753163235
 20
179.06532062245657
 30
0.0
 11
219.46467874862955
 21
179.0653183602355
 31
0.0
  0
LINE
  5
13DE
330
17
100
AcDbEntity
  8
VISIBLE
100
AcDbLine
 10
219.46467874862955
 20
179.0653183602355
 30
0.0
 11
220.32354915141678
 21
178.53588400692556
 31
0.0
  0
LINE
  5
13DF
330
17
100
AcDbEntity
  8
VISIBLE
100
AcDbLine
 10
220.32354915141678
 20
178.53588400692556
 30
0.0
 11
220.323552478348
 21
178.53588208406293
 31
0.0
  0
LINE
  5
13E0
330
17
100
AcDbEntity
  8
VISIBLE
100
AcDbLine
 10
220.323552478348
 20
178.53588208406293
 30
0.0
 11
221.24056001567138
 21
178.04001284297826
 31
0.0
  0
LINE
  5
13E1
330
17
100
AcDbEntity
  8
VISIBLE
100
AcDbLine
 10
221.24056001567138
 20
178.04001284297826
 30
0.0
 11
221.24056323321219
 21
178.04001121222657
 31
0.0
  0
LINE
  5
13E2
330
17
100
AcDbEntity
  8
VISIBLE
100
AcDbLine
 10
221.24056323321219
 20
178.04001121222657
 30
0.0
 11
222.21178015657873
 21
177.57982998134892
 31
0.0
  0
LINE
  5
13E3
330
17
100
AcDbEntity
  8
VISIBLE
100
AcDbLine
 10
222.21178015657873
 20
177.57982998134892
 30
0.0
 11
222.21178326687027
 21
177.57982860213164
 31
0.0
  0
LINE
  5
13E4
330
17
100
AcDbEntity
  8
VISIBLE
100
AcDbLine
 10
222.21178326687027
 20
177.57982860213164
 30
0.0
 11
223.23305144821103
 21
177.1573062858287
 31
0.0
  0
LINE
  5
13E5
330
17
100
AcDbEntity
  8
VISIBLE
100
AcDbLine
 10
223.23305144821103
 20
177.1573062858287
 30
0.0
 11
223.23305445715826
 21
177.15730512401385
 31
0.0
  0
LINE
  5
13E6
330
17
100
AcDbEntity
  8
VISIBLE
100
AcDbLine
 10
223.23305445715826
 20
177.15730512401385
 30
0.0
 11
224.29999963624113
 21
176.77425085151123
 31
0.0
  0
LINE
  5
13E7
330
17
100
AcDbEntity
  8
VISIBLE
100
AcDbLine
 10
224.29999963624113
 20
176.77425085151123
 30
0.0
 11
224.30000255234958
 21
176.7742498786418
 31
0.0
  0
LINE
  5
13E8
330
17
100
AcDbEntity
  8
VISIBLE
100
AcDbLine
 10
224.30000255234958
 20
176.7742498786418
 30
0.0
 11
224.4354080190505
 21
176.7324637413378
 31
0.0
  0
LINE
  5
13E9
330
17
100
AcDbEntity
  8
VISIBLE
100
AcDbLine
 10
224.4354080190505
 20
176.7324637413378
 30
0.0
 11
224.4354144800922
 21
176.73246209077715
 31
0.0
  0
LINE
  5
13EA
330
17
100
AcDbEntity
  8
VISIBLE
100
AcDbLine
 10
224.4354144800922
 20
176.73246209077715
 30
0.0
 11
224.4354210720604
 21
176.7324610831238
 31
0.0
  0
LINE
  5
13EB
330
17
100
AcDbEntity
  8
VISIBLE
100
AcDbLine
 10
224.4354210720604
 20
176.7324610831238
 30
0.0
 11
224.43542773114373
 21
176.73246072813205
 31
0.0
  0
LINE
  5
13EC
330
17
100
AcDbEntity
  8
VISIBLE
100
AcDbLine
 10
224.43542773114373
 20
176.73246072813205
 30
0.0
 11
224.43543439288112
 21
176.73246102923824
 31
0.0
  0
LINE
  5
13ED
330
17
100
AcDbEntity
  8
VISIBLE
100
AcDbLine
 10
224.43543439288112
 20
176.73246102923824
 30
0.0
 11
224.43544099278583
 21
176.7324619835276
 31
0.0
  0
LINE
  5
13EE
330
17
100
AcDbEntity
  8
VISIBLE
100
AcDbLine
 10
224.43544099278583
 20
176.7324619835276
 30
0.0
 11
224.43544746696958
 21
176.73246358176246
 31
0.0
  0
LINE
  5
13EF
330
17
100
AcDbEntity
  8
VISIBLE
100
AcDbLine
 10
224.43544746696958
 20
176.73246358176246
 30
0.0
 11
224.4354537527612
 21
176.73246580847166
 31
0.0
  0
LINE
  5
13F0
330
17
100
AcDbEntity
  8
VISIBLE
100
AcDbLine
 10
224.4354537527612
 20
176.73246580847166
 30
0.0
 11
224.43545978931314
 21
176.73246864210023
 31
0.0
  0
LINE
  5
13F1
330
17
100
AcDbEntity
  8
VISIBLE
100
AcDbLine
 10
224.43545978931314
 20
176.73246864210023
 30
0.0
 11
224.4354655181905
 21
176.73247205521818
 31
0.0
  0
LINE
  5
13F2
330
17
100
AcDbEntity
  8
VISIBLE
100
AcDbLine
 10
224.4354655181905
 20
176.73247205521818
 30
0.0
 11
224.4354708839368
 21
176.73247601478593
 31
0.0
  0
LINE
  5
13F3
330
17
100
AcDbEntity
  8
VISIBLE
100
AcDbLine
 10
224.4354708839368
 20
176.73247601478593
 30
0.0
 11
224.43547583461068
 21
176.73248048247416
 31
0.0
  0
LINE
  5
13F4
330
17
100
AcDbEntity
  8
VISIBLE
100
AcDbLine
 10
224.43547583461068
 20
176.73248048247416
 30
0.0
 11
224.43548032228875
 21
176.73248541503492
 31
0.0
  0
LINE
  5
13F5
330
17
100
AcDbEntity
  8
VISIBLE
100
AcDbLine
 10
224.43548032228875
 20
176.73248541503492
 30
0.0
 11
224.43548430352953
 21
176.73249076472015
 31
0.0
  0
LINE
  5
13F6
330
17
100
AcDbEntity
  8
VISIBLE
100
AcDbLine
 10
224.43548430352953
 20
176.73249076472015
 30
0.0
 11
224.4354877397939
 21
176.73249647974396
 31
0.0
  0
LINE
  5
13F7
330
17
100
AcDbEntity
  8
VISIBLE
100
AcDbLine
 10
224.4354877397939
 20
176.73249647974396
 30
0.0
 11
224.43549059781824
 21
176.73250250478395
 31
0.0
  0
LINE
  5
13F8
330
17
100
AcDbEntity
  8
VISIBLE
100
AcDbLine
 10
224.43549059781824
 20
176.73250250478395
 30
0.0
 11
224.4354928499364
 21
176.7325087815167
 31
0.0
  0
LINE
  5
13F9
330
17
100
AcDbEntity
  8
VISIBLE
100
AcDbLine
 10
224.4354928499364
 20
176.7325087815167
 30
0.0
 11
224.43549447434742
 21
176.73251524918234
 31
0.0
  0
LINE
  5
13FA
330
17
100
AcDbEntity
  8
VISIBLE
100
AcDbLine
 10
224.43549447434742
 20
176.73251524918234
 30
0.0
 11
224.43549545532682
 21
176.73252184517276
 31
0.0
  0
LINE
  5
13FB
330
17
100
AcDbEntity
  8
VISIBLE
100
AcDbLine
 10
224.43549545532682
 20
176.73252184517276
 30
0.0
 11
224.43549578337849
 21
176.73252850563762
 31
0.0
  0
LINE
  5
13FC
330
17
100
AcDbEntity
  8
VISIBLE
100
AcDbLine
 10
224.43549578337849
 20
176.73252850563762
 30
0.0
 11
224.43549578337849
 21
182.13553059198216
 31
0.0
  0
LINE
  5
13FD
330
17
100
AcDbEntity
  8
VISIBLE
100
AcDbLine
 10
224.43549578337849
 20
182.13553059198216
 30
0.0
 11
224.43549545532682
 21
182.13553725244702
 31
0.0
  0
LINE
  5
13FE
330
17
100
AcDbEntity
  8
VISIBLE
100
AcDbLine
 10
224.43549545532682
 20
182.13553725244702
 30
0.0
 11
224.43549447434742
 21
182.13554384843744
 31
0.0
  0
LINE
  5
13FF
330
17
100
AcDbEntity
  8
VISIBLE
100
AcDbLine
 10
224.43549447434742
 20
182.13554384843744
 30
0.0
 11
224.4354928499364
 21
182.1355503161031
 31
0.0
  0
LINE
  5
1400
330
17
100
AcDbEntity
  8
VISIBLE
100
AcDbLine
 10
224.4354928499364
 20
182.1355503161031
 30
0.0
 11
224.43549059781824
 21
182.13555659283583
 31
0.0
  0
LINE
  5
1401
330
17
100
AcDbEntity
  8
VISIBLE
100
AcDbLine
 10
224.43549059781824
 20
182.13555659283583
 30
0.0
 11
224.4354877397939
 21
182.13556261787582
 31
0.0
  0
LINE
  5
1402
330
17
100
AcDbEntity
  8
VISIBLE
100
AcDbLine
 10
224.4354877397939
 20
182.13556261787582
 30
0.0
 11
224.43548430352953
 21
182.13556833289965
 31
0.0
  0
LINE
  5
1403
330
17
100
AcDbEntity
  8
VISIBLE
100
AcDbLine
 10
224.43548430352953
 20
182.13556833289965
 30
0.0
 11
224.43548032228875
 21
182.13557368258486
 31
0.0
  0
LINE
  5
1404
330
17
100
AcDbEntity
  8
VISIBLE
100
AcDbLine
 10
224.43548032228875
 20
182.13557368258486
 30
0.0
 11
224.43547583461068
 21
182.13557861514562
 31
0.0
  0
LINE
  5
1405
330
17
100
AcDbEntity
  8
VISIBLE
100
AcDbLine
 10
224.43547583461068
 20
182.13557861514562
 30
0.0
 11
224.4354708839368
 21
182.13558308283388
 31
0.0
  0
LINE
  5
1406
330
17
100
AcDbEntity
  8
VISIBLE
100
AcDbLine
 10
224.4354708839368
 20
182.13558308283388
 30
0.0
 11
224.4354655181905
 21
182.13558704240162
 31
0.0
  0
LINE
  5
1407
330
17
100
AcDbEntity
  8
VISIBLE
100
AcDbLine
 10
224.4354655181905
 20
182.13558704240162
 30
0.0
 11
224.43545978931314
 21
182.13559045551955
 31
0.0
  0
LINE
  5
1408
330
17
100
AcDbEntity
  8
VISIBLE
100
AcDbLine
 10
224.43545978931314
 20
182.13559045551955
 30
0.0
 11
224.4354537527612
 21
182.13559328914815
 31
0.0
  0
LINE
  5
1409
330
17
100
AcDbEntity
  8
VISIBLE
100
AcDbLine
 10
224.4354537527612
 20
182.13559328914815
 30
0.0
 11
224.43544746696958
 21
182.13559551585732
 31
0.0
  0
LINE
  5
140A
330
17
100
AcDbEntity
  8
VISIBLE
100
AcDbLine
 10
224.43544746696958
 20
182.13559551585732
 30
0.0
 11
224.43544099278583
 21
182.1355971140922
 31
0.0
  0
LINE
  5
140B
330
17
100
AcDbEntity
  8
VISIBLE
100
AcDbLine
 10
224.43544099278583
 20
182.1355971140922
 30
0.0
 11
224.43543439288112
 21
182.13559806838157
 31
0.0
  0
LINE
  5
140C
330
17
100
AcDbEntity
  8
VISIBLE
100
AcDbLine
 10
224.43543439288112
 20
182.13559806838157
 30
0.0
 11
224.43542773114373
 21
182.13559836948775
 31
0.0
  0
LINE
  5
140D
330
17
100
AcDbEntity
  8
VISIBLE
100
AcDbLine
 10
224.43542773114373
 20
182.13559836948775
 30
0.0
 11
224.4354210720604
 21
182.13559801449597
 31
0.0
  0
LINE
  5
140E
330
17
100
AcDbEntity
  8
VISIBLE
100
AcDbLine
 10
224.4354210720604
 20
182.13559801449597
 30
0.0
 11
224.4354144800922
 21
182.13559700684263
 31
0.0
  0
LINE
  5
140F
330
17
100
AcDbEntity
  8
VISIBLE
100
AcDbLine
 10
224.4354144800922
 20
182.13559700684263
 30
0.0
 11
224.4354080190505
 21
182.13559535628198
 31
0.0
  0
LINE
  5
1410
330
17
100
AcDbEntity
  8
VISIBLE
100
AcDbLine
 10
224.4354080190505
 20
182.13559535628198
 30
0.0
 11
224.30000255234958
 21
182.09380921897798
 31
0.0
  0
LINE
  5
1411
330
17
100
AcDbEntity
  8
VISIBLE
100
AcDbLine
 10
224.30000255234958
 20
182.09380921897798
 30
0.0
 11
224.29999963624113
 21
182.09380824610858
 31
0.0
  0
LINE
  5
1412
330
17
100
AcDbEntity
  8
VISIBLE
100
AcDbLine
 10
224.29999963624113
 20
182.09380824610858
 30
0.0
 11
223.23305445715826
 21
181.71075397360593
 31
0.0
  0
LINE
  5
1413
330
17
100
AcDbEntity
  8
VISIBLE
100
AcDbLine
 10
223.23305445715826
 20
181.71075397360593
 30
0.0
 11
223.23305144821103
 21
181.7107528117911
 31
0.0
  0
LINE
  5
1414
330
17
100
AcDbEntity
  8
VISIBLE
100
AcDbLine
 10
223.23305144821103
 20
181.7107528117911
 30
0.0
 11
222.21178326687027
 21
181.28823049548814
 31
0.0
  0
LINE
  5
1415
330
17
100
AcDbEntity
  8
VISIBLE
100
AcDbLine
 10
222.21178326687027
 20
181.28823049548814
 30
0.0
 11
222.21178015657873
 21
181.28822911627088
 31
0.0
  0
LINE
  5
1416
330
17
100
AcDbEntity
  8
VISIBLE
100
AcDbLine
 10
222.21178015657873
 20
181.28822911627088
 30
0.0
 11
221.24056323321219
 21
180.8280478853932
 31
0.0
  0
LINE
  5
1417
330
17
100
AcDbEntity
  8
VISIBLE
100
AcDbLine
 10
221.24056323321219
 20
180.8280478853932
 30
0.0
 11
221.24056001567138
 21
180.82804625464152
 31
0.0
  0
LINE
  5
1418
330
17
100
AcDbEntity
  8
VISIBLE
100
AcDbLine
 10
221.24056001567138
 20
180.82804625464152
 30
0.0
 11
220.323552478348
 21
180.33217701355684
 31
0.0
  0
LINE
  5
1419
330
17
100
AcDbEntity
  8
VISIBLE
100
AcDbLine
 10
220.323552478348
 20
180.33217701355684
 30
0.0
 11
220.32354915141678
 21
180.33217509069425
 31
0.0
  0
LINE
  5
141A
330
17
100
AcDbEntity
  8
VISIBLE
100
AcDbLine
 10
220.32354915141678
 20
180.33217509069425
 30
0.0
 11
219.46467874862955
 21
179.80274073738428
 31
0.0
  0
LINE
  5
141B
330
17
100
AcDbEntity
  8
VISIBLE
100
AcDbLine
 10
219.46467874862955
 20
179.80274073738428
 30
0.0
 11
219.4646753163235
 21
179.8027384751632
 31
0.0
  0
LINE
  5
141C
330
17
100
AcDbEntity
  8
VISIBLE
100
AcDbLine
 10
219.4646753163235
 20
179.8027384751632
 30
0.0
 11
218.9406500027054
 21
179.43408498337283
 31
0.0
  0
LINE
  5
141D
330
17
100
AcDbEntity
  8
VISIBLE
100
AcDbLine
 10
218.9406500027054
 20
179.43408498337283
 30
0.0
 11
218.9406448804383
 21
179.4340810000759
 31
0.0
  0
LINE
  5
141E
330
17
100
AcDbEntity
  8
VISIBLE
100
AcDbLine
 10
218.9406448804383
 20
179.4340810000759
 30
0.0
 11
218.9406401625514
 21
179.43407654521133
 31
0.0
  0
LINE
  5
141F
330
17
100
AcDbEntity
  8
VISIBLE
100
AcDbLine
 10
218.9406401625514
 20
179.43407654521133
 30
0.0
 11
218.94063589228574
 21
179.4340716596094
 31
0.0
  0
LINE
  5
1420
330
17
100
AcDbEntity
  8
VISIBLE
100
AcDbLine
 10
218.94063589228574
 20
179.4340716596094
 30
0.0
 11
218.94063210877965
 21
179.43406638804828
 31
0.0
  0
LINE
  5
1421
330
17
100
AcDbEntity
  8
VISIBLE
100
AcDbLine
 10
218.94063210877965
 20
179.43406638804828
 30
0.0
 11
218.94062884671024
 21
179.43406077884353
 31
0.0
  0
LINE
  5
1422
330
17
100
AcDbEntity
  8
VISIBLE
100
AcDbLine
 10
218.94062884671024
 20
179.43406077884353
 30
0.0
 11
218.94062613597538
 21
179.4340548834053
 31
0.0
  0
LINE
  5
1423
330
17
100
AcDbEntity
  8
VISIBLE
100
AcDbLine
 10
218.94062613597538
 20
179.4340548834053
 30
0.0
 11
218.9406240014199
 21
179.43404875576726
 31
0.0
  0
LINE
  5
1424
330
17
100
AcDbEntity
  8
VISIBLE
100
AcDbLine
 10
218.9406240014199
 20
179.43404875576726
 30
0.0
 11
218.94062246260768
 21
179.4340424520912
 31
0.0
  0
LINE
  5
1425
330
17
100
AcDbEntity
  8
VISIBLE
100
AcDbLine
 10
218.94062246260768
 20
179.4340424520912
 30
0.0
 11
218.94062153364243
 21
179.43403603015236
 31
0.0
  0
LINE
  5
1426
330
17
100
AcDbEntity
  8
VISIBLE
100
AcDbLine
 10
218.94062153364243
 20
179.43403603015236
 30
0.0
 11
218.94062122303842
 21
179.4340295488099
 31
0.0
  0
LINE
  5
1427
330
17
100
AcDbEntity
  8
VISIBLE
100
AcDbLine
 10
218.94062122303842
 20
179.4340295488099
 30
0.0
 11
218.94062153364243
 21
179.43402306746742
 31
0.0
  0
LINE
  5
1428
330
17
100
AcDbEntity
  8
VISIBLE
100
AcDbLine
 10
218.94062153364243
 20
179.43402306746742
 30
0.0
 11
218.94062246260768
 21
179.43401664552857
 31
0.0
  0
LINE
  5
1429
330
17
100
AcDbEntity
  8
VISIBLE
100
AcDbLine
 10
218.94062246260768
 20
179.43401664552857
 30
0.0
 11
218.9406240014199
 21
179.4340103418525
 31
0.0
  0
LINE
  5
142A
330
17
100
AcDbEntity
  8
VISIBLE
100
AcDbLine
 10
218.9406240014199
 20
179.4340103418525
 30
0.0
 11
218.94062613597538
 21
179.43400421421447
 31
0.0
  0
LINE
  5
142B
330
17
100
AcDbEntity
  8
VISIBLE
100
AcDbLine
 10
218.94062613597538
 20
179.43400421421447
 30
0.0
 11
218.94062884671024
 21
179.43399831877628
 31
0.0
  0
LINE
  5
142C
330
17
100
AcDbEntity
  8
VISIBLE
100
AcDbLine
 10
218.94062884671024
 20
179.43399831877628
 30
0.0
 11
218.94063210877965
 21
179.4339927095715
 31
0.0
  0
LINE
  5
142D
330
17
100
AcDbEntity
  8
VISIBLE
100
AcDbLine
 10
218.94063210877965
 20
179.4339927095715
 30
0.0
 11
218.94063589228574
 21
179.43398743801038
 31
0.0
  0
LINE
  5
142E
330
17
100
AcDbEntity
  8
VISIBLE
100
AcDbLine
 10
218.94063589228574
 20
179.43398743801038
 30
0.0
 11
218.9406401625514
 21
179.43398255240845
 31
0.0
  0
LINE
  5
142F
330
17
100
AcDbEntity
  8
VISIBLE
100
AcDbLine
 10
218.9406401625514
 20
179.43398255240845
 30
0.0
 11
218.9406448804383
 21
179.4339780975439
 31
0.0
  0
LINE
  5
1430
330
17
100
AcDbEntity
  8
VISIBLE
100
AcDbLine
 10
218.9406448804383
 20
179.4339780975439
 30
0.0
 11
218.9406500027054
 21
179.43397411424695
 31
0.0
  0
LINE
  5
1431
330
17
100
AcDbEntity
  8
VISIBLE
100
AcDbLine
 10
218.9406500027054
 20
179.43397411424695
 30
0.0
 11
219.4646753163235
 21
179.06532062245657
 31
0.0
  0
LINE
  5
1432
330
17
100
AcDbEntity
  8
OCULTA
100
AcDbLine
 10
235.67896672790724
 20
174.28367066135232
 30
0.0
 11
237.45031312842391
 21
174.1829447895772
 31
0.0
  0
LINE
  5
1433
330
17
100
AcDbEntity
  8
OCULTA
100
AcDbLine
 10
239.20645766644492
 20
174.01554709000845
 30
0.0
 11
237.45031312842391
 21
174.1829447895772
 31
0.0
  0
LINE
  5
1434
330
17
100
AcDbEntity
  8
OCULTA
100
AcDbLine
 10
232.12103632385057
 20
174.28367066135232
 30
0.0
 11
230.3496899233339
 21
174.1829447895772
 31
0.0
  0
LINE
  5
1435
330
17
100
AcDbEntity
  8
OCULTA
100
AcDbLine
 10
230.3496899233339
 20
174.1829447895772
 30
0.0
 11
228.5935453853129
 21
174.01554709000848
 31
0.0
  0
LINE
  5
1436
330
17
100
AcDbEntity
  8
OCULTA
100
AcDbLine
 10
235.67896672790724
 20
174.28367066135232
 30
0.0
 11
233.9000015258789
 21
174.31729448915408
 31
0.0
  0
LINE
  5
1437
330
17
100
AcDbEntity
  8
OCULTA
100
AcDbLine
 10
232.12103632385057
 20
174.28367066135232
 30
0.0
 11
233.9000015258789
 21
174.31729448915408
 31
0.0
  0
LINE
  5
1438
330
17
100
AcDbEntity
  8
OCULTA
100
AcDbLine
 10
242.6431555267457
 20
173.48388904968405
 30
0.0
 11
244.308991843875
 21
173.12190398798248
 31
0.0
  0
LINE
  5
1439
330
17
100
AcDbEntity
  8
OCULTA
100
AcDbLine
 10
244.308991843875
 20
173.12190398798248
 30
0.0
 11
245.9302543283688
 21
172.69779142722106
 31
0.0
  0
LINE
  5
143A
330
17
100
AcDbEntity
  8
OCULTA
100
AcDbLine
 10
245.9302543283688
 20
172.69779142722106
 30
0.0
 11
247.50000122568986
 21
172.2133664514091
 31
0.0
  0
LINE
  5
143B
330
17
100
AcDbEntity
  8
OCULTA
100
AcDbLine
 10
239.20645766644492
 20
174.01554709000845
 30
0.0
 11
240.93987932114717
 21
173.78219588739887
 31
0.0
  0
LINE
  5
143C
330
17
100
AcDbEntity
  8
OCULTA
100
AcDbLine
 10
242.6431555267457
 20
173.48388904968405
 30
0.0
 11
240.93987932114717
 21
173.78219588739887
 31
0.0
  0
LINE
  5
143D
330
17
100
AcDbEntity
  8
OCULTA
100
AcDbLine
 10
247.50000122568986
 20
172.2133664514091
 30
0.0
 11
249.0115126423117
 21
171.67070538895103
 31
0.0
  0
LINE
  5
143E
330
17
100
AcDbEntity
  8
OCULTA
100
AcDbLine
 10
249.0115126423117
 20
171.67070538895103
 30
0.0
 11
250.45831246207948
 21
171.0721300445422
 31
0.0
  0
LINE
  5
143F
330
17
100
AcDbEntity
  8
OCULTA
100
AcDbLine
 10
250.45831246207948
 20
171.0721300445422
 30
0.0
 11
251.83420703701714
 21
170.42020404914456
 31
0.0
  0
LINE
  5
1440
330
17
100
AcDbEntity
  8
OCULTA
100
AcDbLine
 10
225.15684752501213
 20
173.48388904968405
 30
0.0
 11
223.49101120788282
 21
173.12190398798248
 31
0.0
  0
LINE
  5
1441
330
17
100
AcDbEntity
  8
OCULTA
100
AcDbLine
 10
228.5935453853129
 20
174.01554709000848
 30
0.0
 11
226.86012373061064
 21
173.78219588739887
 31
0.0
  0
LINE
  5
1442
330
17
100
AcDbEntity
  8
OCULTA
100
AcDbLine
 10
225.15684752501213
 20
173.48388904968405
 30
0.0
 11
226.86012373061064
 21
173.78219588739887
 31
0.0
  0
LINE
  5
1443
330
17
100
AcDbEntity
  8
OCULTA
100
AcDbLine
 10
223.49101120788282
 20
173.12190398798248
 30
0.0
 11
221.86974872338902
 21
172.69779142722106
 31
0.0
  0
LINE
  5
1444
330
17
100
AcDbEntity
  8
OCULTA
100
AcDbLine
 10
221.86974872338902
 20
172.69779142722106
 30
0.0
 11
220.30000182606796
 21
172.2133664514091
 31
0.0
  0
LINE
  5
1445
330
17
100
AcDbEntity
  8
OCULTA
100
AcDbLine
 10
220.30000182606796
 20
172.2133664514091
 30
0.0
 11
218.78849040944613
 21
171.67070538895103
 31
0.0
  0
LINE
  5
1446
330
17
100
AcDbEntity
  8
OCULTA
100
AcDbLine
 10
218.78849040944613
 20
171.67070538895103
 30
0.0
 11
217.34169058967834
 21
171.0721300445422
 31
0.0
  0
LINE
  5
1447
330
17
100
AcDbEntity
  8
OCULTA
100
AcDbLine
 10
217.34169058967834
 20
171.0721300445422
 30
0.0
 11
215.96579601474068
 21
170.42020404914456
 31
0.0
  0
LINE
  5
1448
330
17
100
AcDbEntity
  8
OCULTA
100
AcDbLine
 10
215.96579601474068
 20
170.42020404914456
 30
0.0
 11
214.66669653812517
 21
169.71772054723868
 31
0.0
  0
LINE
  5
1449
330
17
100
AcDbEntity
  8
OCULTA
100
AcDbLine
 10
243.36450726837933
 20
184.08186790606155
 30
0.0
 11
243.71881019852654
 21
183.98918435149753
 31
0.0
  0
LINE
  5
144A
330
17
100
AcDbEntity
  8
OCULTA
100
AcDbLine
 10
243.71881019852654
 20
183.98918435149753
 30
0.0
 11
245.00000190067826
 21
183.59380886887186
 31
0.0
  0
LINE
  5
144B
330
17
100
AcDbEntity
  8
OCULTA
100
AcDbLine
 10
245.00000190067826
 20
183.59380886887186
 30
0.0
 11
246.233661061429
 21
183.15090111708744
 31
0.0
  0
LINE
  5
144C
330
17
100
AcDbEntity
  8
OCULTA
100
AcDbLine
 10
246.233661061429
 20
183.15090111708744
 30
0.0
 11
247.41450566913593
 21
182.66235823269645
 31
0.0
  0
LINE
  5
144D
330
17
100
AcDbEntity
  8
OCULTA
100
AcDbLine
 10
248.53747835485888
 20
182.13027158220285
 30
0.0
 11
247.41450566913593
 21
182.66235823269645
 31
0.0
  0
LINE
  5
144E
330
17
100
AcDbEntity
  8
OCULTA
100
AcDbLine
 10
224.43549578337849
 20
184.08186790606155
 30
0.0
 11
224.08119285323127
 21
183.98918435149753
 31
0.0
  0
LINE
  5
144F
330
17
100
AcDbEntity
  8
OCULTA
100
AcDbLine
 10
224.08119285323127
 20
183.98918435149753
 30
0.0
 11
222.80000115107956
 21
183.59380886887186
 31
0.0
  0
LINE
  5
1450
330
17
100
AcDbEntity
  8
OCULTA
100
AcDbLine
 10
222.80000115107956
 20
183.59380886887186
 30
0.0
 11
221.56634199032882
 21
183.15090111708744
 31
0.0
  0
LINE
  5
1451
330
17
100
AcDbEntity
  8
OCULTA
100
AcDbLine
 10
221.56634199032882
 20
183.15090111708744
 30
0.0
 11
220.38549738262188
 21
182.66235823269645
 31
0.0
  0
LINE
  5
1452
330
17
100
AcDbEntity
  8
OCULTA
100
AcDbLine
 10
220.38549738262188
 20
182.66235823269645
 30
0.0
 11
219.26252469689894
 21
182.13027158220285
 31
0.0
  0
LINE
  5
1453
330
17
100
AcDbEntity
  8
OCULTA
100
AcDbLine
 10
219.26252469689894
 20
182.13027158220285
 30
0.0
 11
218.2022304440579
 21
181.55692097069073
 31
0.0
  0
LINE
  5
1454
330
17
100
AcDbEntity
  8
OCULTA
100
AcDbLine
 10
251.83420703701714
 20
170.42020404914456
 30
0.0
 11
253.13330651363268
 21
169.71772054723868
 31
0.0
  0
LINE
  5
1455
330
17
100
AcDbEntity
  8
OCULTA
100
AcDbLine
 10
253.13330651363268
 20
169.71772054723868
 30
0.0
 11
254.35004363041256
 21
168.9676851147106
 31
0.0
  0
LINE
  5
1456
330
17
100
AcDbEntity
  8
OCULTA
100
AcDbLine
 10
253.67395313651366
 20
163.10028613703506
 30
0.0
 11
253.67395313651366
 21
167.9992656226014
 31
0.0
  0
LINE
  5
1457
330
17
100
AcDbEntity
  8
OCULTA
100
AcDbLine
 10
254.35004363041256
 20
168.9676851147106
 30
0.0
 11
255.47921257721617
 21
168.1733120114938
 31
0.0
  0
LINE
  5
1458
330
17
100
AcDbEntity
  8
OCULTA
100
AcDbLine
 10
255.47921257721617
 20
168.1733120114938
 30
0.0
 11
256.51597548589035
 21
167.33800174608737
 31
0.0
  0
LINE
  5
1459
330
17
100
AcDbEntity
  8
OCULTA
100
AcDbLine
 10
253.67395313651366
 20
163.10028613703506
 30
0.0
 11
257.91659416080773
 21
160.65079619958394
 31
0.0
  0
LINE
  5
145A
330
17
100
AcDbEntity
  8
OCULTA
100
AcDbLine
 10
256.51597548589035
 20
167.33800174608737
 30
0.0
 11
257.455892017357
 21
166.46533022281756
 31
0.0
  0
LINE
  5
145B
330
17
100
AcDbEntity
  8
OCULTA
100
AcDbLine
 10
257.455892017357
 20
166.46533022281756
 30
0.0
 11
258.29494068791865
 21
165.55903642908964
 31
0.0
  0
LINE
  5
145C
330
17
100
AcDbEntity
  8
OCULTA
100
AcDbLine
 10
253.67395313651366
 20
167.9992656226014
 30
0.0
 11
257.91659416080773
 21
165.54977568515028
 31
0.0
  0
LINE
  5
145D
330
17
100
AcDbEntity
  8
OCULTA
100
AcDbLine
 10
258.29494068791865
 20
165.55903642908964
 30
0.0
 11
259.0295251912856
 21
164.62300009724012
 31
0.0
  0
LINE
  5
145E
330
17
100
AcDbEntity
  8
OCULTA
100
AcDbLine
 10
259.0295251912856
 20
164.62300009724012
 30
0.0
 11
259.6565017097336
 21
163.66122905111968
 31
0.0
  0
LINE
  5
145F
330
17
100
AcDbEntity
  8
OCULTA
100
AcDbLine
 10
253.67395313651366
 20
163.10028613703506
 30
0.0
 11
246.60288599899778
 21
159.01780362173233
 31
0.0
  0
LINE
  5
1460
330
17
100
AcDbEntity
  8
OCULTA
100
AcDbLine
 10
253.67395313651366
 20
167.9992656226014
 30
0.0
 11
246.60288599899778
 21
163.9167831072987
 31
0.0
  0
LINE
  5
1461
330
17
100
AcDbEntity
  8
OCULTA
100
AcDbLine
 10
259.6565017097336
 20
163.66122905111968
 30
0.0
 11
260.17318430890094
 21
162.6778420753131
 31
0.0
  0
LINE
  5
1462
330
17
100
AcDbEntity
  8
OCULTA
100
AcDbLine
 10
260.17318430890094
 20
162.6778420753131
 30
0.0
 11
260.577360447828
 21
161.6770506163516
 31
0.0
  0
LINE
  5
1463
330
17
100
AcDbEntity
  8
OCULTA
100
AcDbLine
 10
260.577360447828
 20
161.6770506163516
 30
0.0
 11
260.8673017685512
 21
160.6631400945893
 31
0.0
  0
LINE
  5
1464
330
17
100
AcDbEntity
  8
OCULTA
100
AcDbLine
 10
260.8673017685512
 20
160.6631400945893
 30
0.0
 11
261.0417640961024
 21
159.6404527734229
 31
0.0
  0
LINE
  5
1465
330
17
100
AcDbEntity
  8
OCULTA
100
AcDbLine
 10
261.0417640961024
 20
159.6404527734229
 30
0.0
 11
261.1000022742
 21
158.61336673515288
 31
0.0
  0
LINE
  5
1466
330
17
100
AcDbEntity
  8
OCULTA
100
AcDbLine
 10
248.53747835485888
 20
182.13027158220285
 30
0.0
 11
249.59777260769994
 21
181.5569209706907
 31
0.0
  0
LINE
  5
1467
330
17
100
AcDbEntity
  8
OCULTA
100
AcDbLine
 10
249.59777260769994
 20
181.5569209706907
 30
0.0
 11
250.5908449973896
 21
180.9447597983927
 31
0.0
  0
LINE
  5
1468
330
17
100
AcDbEntity
  8
OCULTA
100
AcDbLine
 10
250.5908449973896
 20
180.9447597983927
 30
0.0
 11
251.51244611007368
 21
180.29641121599798
 31
0.0
  0
LINE
  5
1469
330
17
100
AcDbEntity
  8
OCULTA
100
AcDbLine
 10
251.51244611007368
 20
180.29641121599798
 30
0.0
 11
252.35862720751516
 21
179.61465026386728
 31
0.0
  0
LINE
  5
146A
330
17
100
AcDbEntity
  8
OCULTA
100
AcDbLine
 10
252.35862720751516
 20
179.61465026386728
 30
0.0
 11
253.12576593667188
 21
178.90239681531958
 31
0.0
  0
LINE
  5
146B
330
17
100
AcDbEntity
  8
OCULTA
100
AcDbLine
 10
253.12576593667188
 20
178.90239681531958
 30
0.0
 11
253.8105763606466
 21
178.16270044119875
 31
0.0
  0
LINE
  5
146C
330
17
100
AcDbEntity
  8
OCULTA
100
AcDbLine
 10
253.97110898617754
 20
168.16018457797088
 30
0.0
 11
253.97110898617754
 21
177.9581435491036
 31
0.0
  0
LINE
  5
146D
330
17
100
AcDbEntity
  8
OCULTA
100
AcDbLine
 10
253.8105763606466
 20
178.16270044119875
 30
0.0
 11
253.97110898617754
 21
177.9581435491036
 31
0.0
  0
LINE
  5
146E
330
17
100
AcDbEntity
  8
OCULTA
100
AcDbLine
 10
253.97110898617754
 20
177.9581435491036
 30
0.0
 11
251.69745577075844
 21
176.6454492531375
 31
0.0
  0
LINE
  5
146F
330
17
100
AcDbEntity
  8
OCULTA
100
AcDbLine
 10
251.69745577075844
 20
168.34216796871092
 30
0.0
 11
251.63848862076904
 21
168.2517147249035
 31
0.0
  0
LINE
  5
1470
330
17
100
AcDbEntity
  8
OCULTA
100
AcDbLine
 10
251.63848862076904
 20
168.2517147249035
 30
0.0
 11
251.119958303763
 21
167.59098287590956
 31
0.0
  0
LINE
  5
1471
330
17
100
AcDbEntity
  8
OCULTA
100
AcDbLine
 10
251.119958303763
 20
167.59098287590956
 30
0.0
 11
250.52768954647627
 21
166.95124577115843
 31
0.0
  0
LINE
  5
1472
330
17
100
AcDbEntity
  8
OCULTA
100
AcDbLine
 10
250.52768954647627
 20
166.95124577115843
 30
0.0
 11
249.86421824049003
 21
166.33524297277606
 31
0.0
  0
LINE
  5
1473
330
17
100
AcDbEntity
  8
OCULTA
100
AcDbLine
 10
249.86421824049003
 20
166.33524297277606
 30
0.0
 11
249.13238592633087
 21
165.74561174487832
 31
0.0
  0
LINE
  5
1474
330
17
100
AcDbEntity
  8
OCULTA
100
AcDbLine
 10
249.13238592633087
 20
165.74561174487832
 30
0.0
 11
248.33532605359818
 21
165.1848775635081
 31
0.0
  0
LINE
  5
1475
330
17
100
AcDbEntity
  8
OCULTA
100
AcDbLine
 10
214.66669653812517
 20
169.71772054723868
 30
0.0
 11
213.44995942134523
 21
168.9676851147106
 31
0.0
  0
LINE
  5
1476
330
17
100
AcDbEntity
  8
OCULTA
100
AcDbLine
 10
216.95447703999034
 20
163.10028613703506
 30
0.0
 11
216.95447703999034
 21
167.99926562260143
 31
0.0
  0
LINE
  5
1477
330
17
100
AcDbEntity
  8
OCULTA
100
AcDbLine
 10
213.44995942134523
 20
168.9676851147106
 30
0.0
 11
212.32079047454164
 21
168.1733120114938
 31
0.0
  0
LINE
  5
1478
330
17
100
AcDbEntity
  8
OCULTA
100
AcDbLine
 10
212.32079047454164
 20
168.1733120114938
 30
0.0
 11
211.2840275658675
 21
167.33800174608737
 31
0.0
  0
LINE
  5
1479
330
17
100
AcDbEntity
  8
OCULTA
100
AcDbLine
 10
216.95447703999034
 20
163.10028613703506
 30
0.0
 11
221.19711772710963
 21
160.65079639425187
 31
0.0
  0
LINE
  5
147A
330
17
100
AcDbEntity
  8
OCULTA
100
AcDbLine
 10
216.95447703999034
 20
167.99926562260143
 30
0.0
 11
221.19711772710963
 21
165.54977587981824
 31
0.0
  0
LINE
  5
147B
330
17
100
AcDbEntity
  8
OCULTA
100
AcDbLine
 10
216.95447703999034
 20
163.10028613703506
 30
0.0
 11
209.88340889095008
 21
159.01780303772847
 31
0.0
  0
LINE
  5
147C
330
17
100
AcDbEntity
  8
OCULTA
100
AcDbLine
 10
211.2840275658675
 20
167.33800174608737
 30
0.0
 11
210.34411103440084
 21
166.46533022281756
 31
0.0
  0
LINE
  5
147D
330
17
100
AcDbEntity
  8
OCULTA
100
AcDbLine
 10
210.34411103440084
 20
166.46533022281756
 30
0.0
 11
209.50506236383916
 21
165.55903642908964
 31
0.0
  0
LINE
  5
147E
330
17
100
AcDbEntity
  8
OCULTA
100
AcDbLine
 10
209.50506236383916
 20
165.55903642908964
 30
0.0
 11
208.77047786047225
 21
164.62300009724012
 31
0.0
  0
LINE
  5
147F
330
17
100
AcDbEntity
  8
OCULTA
100
AcDbLine
 10
208.77047786047225
 20
164.62300009724012
 30
0.0
 11
208.1435013420242
 21
163.66122905111968
 31
0.0
  0
LINE
  5
1480
330
17
100
AcDbEntity
  8
OCULTA
100
AcDbLine
 10
216.95447703999034
 20
167.99926562260143
 30
0.0
 11
209.88340889095008
 21
163.91678252329484
 31
0.0
  0
LINE
  5
1481
330
17
100
AcDbEntity
  8
OCULTA
100
AcDbLine
 10
208.1435013420242
 20
163.66122905111968
 30
0.0
 11
207.6268187428569
 21
162.6778420753131
 31
0.0
  0
LINE
  5
1482
330
17
100
AcDbEntity
  8
OCULTA
100
AcDbLine
 10
207.6268187428569
 20
162.6778420753131
 30
0.0
 11
207.22264260392978
 21
161.6770506163516
 31
0.0
  0
LINE
  5
1483
330
17
100
AcDbEntity
  8
OCULTA
100
AcDbLine
 10
207.22264260392978
 20
161.6770506163516
 30
0.0
 11
206.9327012832066
 21
160.6631400945893
 31
0.0
  0
LINE
  5
1484
330
17
100
AcDbEntity
  8
OCULTA
100
AcDbLine
 10
206.9327012832066
 20
160.6631400945893
 30
0.0
 11
206.7582389556554
 21
159.6404527734229
 31
0.0
  0
LINE
  5
1485
330
17
100
AcDbEntity
  8
OCULTA
100
AcDbLine
 10
206.7582389556554
 20
159.6404527734229
 30
0.0
 11
206.70000077755785
 21
158.61336673515288
 31
0.0
  0
LINE
  5
1486
330
17
100
AcDbEntity
  8
OCULTA
100
AcDbLine
 10
218.2022304440579
 20
181.55692097069073
 30
0.0
 11
217.2091580543682
 21
180.9447597983927
 31
0.0
  0
LINE
  5
1487
330
17
100
AcDbEntity
  8
OCULTA
100
AcDbLine
 10
217.2091580543682
 20
180.9447597983927
 30
0.0
 11
216.28755694168413
 21
180.29641121599798
 31
0.0
  0
LINE
  5
1488
330
17
100
AcDbEntity
  8
OCULTA
100
AcDbLine
 10
216.28755694168413
 20
180.29641121599798
 30
0.0
 11
215.44137584424266
 21
179.61465026386728
 31
0.0
  0
LINE
  5
1489
330
17
100
AcDbEntity
  8
OCULTA
100
AcDbLine
 10
215.44137584424266
 20
179.61465026386728
 30
0.0
 11
214.67423711508593
 21
178.90239681531958
 31
0.0
  0
LINE
  5
148A
330
17
100
AcDbEntity
  8
OCULTA
100
AcDbLine
 10
214.67423711508593
 20
178.90239681531958
 30
0.0
 11
213.98942669111122
 21
178.16270044119875
 31
0.0
  0
LINE
  5
148B
330
17
100
AcDbEntity
  8
OCULTA
100
AcDbLine
 10
213.82889406558027
 20
168.16018457797088
 30
0.0
 11
213.82889406558027
 21
177.9581435491036
 31
0.0
  0
LINE
  5
148C
330
17
100
AcDbEntity
  8
OCULTA
100
AcDbLine
 10
213.98942669111122
 20
178.16270044119875
 30
0.0
 11
213.82889406558027
 21
177.9581435491036
 31
0.0
  0
LINE
  5
148D
330
17
100
AcDbEntity
  8
OCULTA
100
AcDbLine
 10
213.82889406558027
 20
177.9581435491036
 30
0.0
 11
216.10254728099937
 21
176.6454492531375
 31
0.0
  0
LINE
  5
148E
330
17
100
AcDbEntity
  8
OCULTA
100
AcDbLine
 10
216.10254728099937
 20
168.34216796871092
 30
0.0
 11
216.16151443098877
 21
168.2517147249035
 31
0.0
  0
LINE
  5
148F
330
17
100
AcDbEntity
  8
OCULTA
100
AcDbLine
 10
216.16151443098877
 20
168.2517147249035
 30
0.0
 11
216.6800447479948
 21
167.59098287590956
 31
0.0
  0
LINE
  5
1490
330
17
100
AcDbEntity
  8
OCULTA
100
AcDbLine
 10
216.6800447479948
 20
167.59098287590956
 30
0.0
 11
217.27231350528155
 21
166.95124577115843
 31
0.0
  0
LINE
  5
1491
330
17
100
AcDbEntity
  8
OCULTA
100
AcDbLine
 10
217.27231350528155
 20
166.95124577115843
 30
0.0
 11
217.93578481126778
 21
166.33524297277606
 31
0.0
  0
LINE
  5
1492
330
17
100
AcDbEntity
  8
OCULTA
100
AcDbLine
 10
217.93578481126778
 20
166.33524297277606
 30
0.0
 11
218.66761712542694
 21
165.74561174487832
 31
0.0
  0
LINE
  5
1493
330
17
100
AcDbEntity
  8
OCULTA
100
AcDbLine
 10
218.66761712542694
 20
165.74561174487832
 30
0.0
 11
219.46467699815963
 21
165.1848775635081
 31
0.0
  0
LINE
  5
1494
330
17
100
AcDbEntity
  8
OCULTA
100
AcDbLine
 10
235.314215088252
 20
144.74054805648626
 30
0.0
 11
235.314215088252
 21
149.6395275420526
 31
0.0
  0
LINE
  5
1495
330
17
100
AcDbEntity
  8
OCULTA
100
AcDbLine
 10
235.314215088252
 20
144.74054805648626
 30
0.0
 11
239.55685577537128
 21
142.29105831370308
 31
0.0
  0
LINE
  5
1496
330
17
100
AcDbEntity
  8
OCULTA
100
AcDbLine
 10
235.314215088252
 20
149.6395275420526
 30
0.0
 11
239.55685577537128
 21
147.19003779926945
 31
0.0
  0
LINE
  5
1497
330
17
100
AcDbEntity
  8
OCULTA
100
AcDbLine
 10
235.314215088252
 20
144.74054805648626
 30
0.0
 11
228.24314727638654
 21
140.65806515184764
 31
0.0
  0
LINE
  5
1498
330
17
100
AcDbEntity
  8
OCULTA
100
AcDbLine
 10
235.314215088252
 20
149.6395275420526
 30
0.0
 11
228.24314727638654
 21
145.55704463741398
 31
0.0
  0
LINE
  5
1499
330
17
100
AcDbEntity
  8
OCULTA
100
AcDbLine
 10
248.33532605359818
 20
165.1848775635081
 30
0.0
 11
247.47645226414028
 21
164.65544112254932
 31
0.0
  0
LINE
  5
149A
330
17
100
AcDbEntity
  8
OCULTA
100
AcDbLine
 10
247.47645226414028
 20
164.65544112254932
 30
0.0
 11
246.55944144902122
 21
164.1595701090059
 31
0.0
  0
LINE
  5
149B
330
17
100
AcDbEntity
  8
OCULTA
100
AcDbLine
 10
246.55944144902122
 20
164.1595701090059
 30
0.0
 11
245.58822135734746
 21
163.69938737692343
 31
0.0
  0
LINE
  5
149C
330
17
100
AcDbEntity
  8
OCULTA
100
AcDbLine
 10
245.58822135734746
 20
163.69938737692343
 30
0.0
 11
244.56695011289938
 21
163.27686379334196
 31
0.0
  0
LINE
  5
149D
330
17
100
AcDbEntity
  8
OCULTA
100
AcDbLine
 10
243.50000196849652
 20
162.89380845623123
 30
0.0
 11
244.56695011289938
 21
163.27686379334196
 31
0.0
  0
LINE
  5
149E
330
17
100
AcDbEntity
  8
OCULTA
100
AcDbLine
 10
243.50000196849652
 20
162.89380845623123
 30
0.0
 11
242.3919447995805
 21
162.5518619297791
 31
0.0
  0
LINE
  5
149F
330
17
100
AcDbEntity
  8
OCULTA
100
AcDbLine
 10
238.74390847950502
 20
153.77549429922803
 30
0.0
 11
238.74390847950502
 21
161.94046010850528
 31
0.0
  0
LINE
  5
14A0
330
17
100
AcDbEntity
  8
OCULTA
100
AcDbLine
 10
242.3919447995805
 20
162.5518619297791
 30
0.0
 11
241.24752366694406
 21
162.25248831167272
 31
0.0
  0
LINE
  5
14A1
330
17
100
AcDbEntity
  8
OCULTA
100
AcDbLine
 10
241.09085405296022
 20
160.58545044989754
 30
0.0
 11
241.09085405296022
 21
162.21844361175297
 31
0.0
  0
LINE
  5
14A2
330
17
100
AcDbEntity
  8
OCULTA
100
AcDbLine
 10
241.24752366694406
 20
162.25248831167272
 30
0.0
 11
241.09085405296022
 21
162.21844361175297
 31
0.0
  0
LINE
  5
14A3
330
17
100
AcDbEntity
  8
OCULTA
100
AcDbLine
 10
241.09085405296022
 20
162.21844361175297
 30
0.0
 11
243.36450726837933
 21
160.9057493157869
 31
0.0
  0
LINE
  5
14A4
330
17
100
AcDbEntity
  8
OCULTA
100
AcDbLine
 10
219.46467699815963
 20
165.1848775635081
 30
0.0
 11
220.32355078761753
 21
164.65544112254932
 31
0.0
  0
LINE
  5
14A5
330
17
100
AcDbEntity
  8
OCULTA
100
AcDbLine
 10
220.32355078761753
 20
164.65544112254932
 30
0.0
 11
221.2405616027366
 21
164.1595701090059
 31
0.0
  0
LINE
  5
14A6
330
17
100
AcDbEntity
  8
OCULTA
100
AcDbLine
 10
221.2405616027366
 20
164.1595701090059
 30
0.0
 11
222.21178169441035
 21
163.69938737692343
 31
0.0
  0
LINE
  5
14A7
330
17
100
AcDbEntity
  8
OCULTA
100
AcDbLine
 10
224.3000010832613
 20
162.89380845623123
 30
0.0
 11
225.4080582521773
 21
162.5518619297791
 31
0.0
  0
LINE
  5
14A8
330
17
100
AcDbEntity
  8
OCULTA
100
AcDbLine
 10
222.21178169441035
 20
163.69938737692343
 30
0.0
 11
223.23305293885844
 21
163.27686379334196
 31
0.0
  0
LINE
  5
14A9
330
17
100
AcDbEntity
  8
OCULTA
100
AcDbLine
 10
224.3000010832613
 20
162.89380845623123
 30
0.0
 11
223.23305293885844
 21
163.27686379334196
 31
0.0
  0
LINE
  5
14AA
330
17
100
AcDbEntity
  8
OCULTA
100
AcDbLine
 10
229.0560945722528
 20
153.77549429922803
 30
0.0
 11
229.0560945722528
 21
161.94046010850528
 31
0.0
  0
LINE
  5
14AB
330
17
100
AcDbEntity
  8
OCULTA
100
AcDbLine
 10
225.4080582521773
 20
162.5518619297791
 30
0.0
 11
226.55247938481375
 21
162.25248831167272
 31
0.0
  0
LINE
  5
14AC
330
17
100
AcDbEntity
  8
OCULTA
100
AcDbLine
 10
226.7091489987976
 20
160.58545044989754
 30
0.0
 11
226.7091489987976
 21
162.21844361175297
 31
0.0
  0
LINE
  5
14AD
330
17
100
AcDbEntity
  8
OCULTA
100
AcDbLine
 10
226.55247938481375
 20
162.25248831167272
 30
0.0
 11
226.7091489987976
 21
162.21844361175297
 31
0.0
  0
LINE
  5
14AE
330
17
100
AcDbEntity
  8
OCULTA
100
AcDbLine
 10
226.7091489987976
 20
162.21844361175297
 30
0.0
 11
224.43549578337849
 21
160.9057493157869
 31
0.0
  0
TEXT
  5
14AF
330
17
100
AcDbEntity
  8
TEXTO
100
AcDbText
 10
233.9000015258789
 20
203.19142611681445
 30
0.0
 40
3.5
  1
ISOMÉTRICA
 72
1
 11
233.9000015258789
 21
203.19142611681445
 31
0.0
100
AcDbText
 73
2
  0
LWPOLYLINE
  5
14B0
330
17
100
AcDbEntity
  8
FINA
100
AcDbPolyline
 90
4
 70
1
 10
0.0
 20
0.0
 10
297.0
 20
0.0
 10
297.0
 20
210.0
 10
0.0
 20
210.0
  0
LWPOLYLINE
  5
14B1
330
17
100
AcDbEntity
  8
NORMA
100
AcDbPolyline
 90
4
 70
1
 10
20.0
 20
10.0
 10
287.0
 20
10.0
 10
287.0
 20
200.0
 10
20.0
 20
200.0
  0
LINE
  5
14B2
330
17
100
AcDbEntity
  8
NORMA
100
AcDbLine
 10
0.0
 20
105.0
 30
0.0
 11
25.0
 21
105.0
 31
0.0
  0
LINE
  5
14B3
330
17
100
AcDbEntity
  8
NORMA
100
AcDbLine
 10
297.0
 20
105.0
 30
0.0
 11
282.0
 21
105.0
 31
0.0
  0
LINE
  5
14B4
330
17
100
AcDbEntity
  8
NORMA
100
AcDbLine
 10
148.5
 20
0.0
 30
0.0
 11
148.5
 21
15.0
 31
0.0
  0
LINE
  5
14B5
330
17
100
AcDbEntity
  8
NORMA
100
AcDbLine
 10
148.5
 20
210.0
 30
0.0
 11
148.5
 21
195.0
 31
0.0
  0
LINE
  5
14B6
330
17
100
AcDbEntity
  8
FINA
100
AcDbLine
 10
49.5
 20
0.0
 30
0.0
 11
49.5
 21
10.0
 31
0.0
  0
LINE
  5
14B7
330
17
100
AcDbEntity
  8
FINA
100
AcDbLine
 10
49.5
 20
200.0
 30
0.0
 11
49.5
 21
210.0
 31
0.0
  0
LINE
  5
14B8
330
17
100
AcDbEntity
  8
FINA
100
AcDbLine
 10
99.0
 20
0.0
 30
0.0
 11
99.0
 21
10.0
 31
0.0
  0
LINE
  5
14B9
330
17
100
AcDbEntity
  8
FINA
100
AcDbLine
 10
99.0
 20
200.0
 30
0.0
 11
99.0
 21
210.0
 31
0.0
  0
LINE
  5
14BA
330
17
100
AcDbEntity
  8
FINA
100
AcDbLine
 10
148.5
 20
0.0
 30
0.0
 11
148.5
 21
10.0
 31
0.0
  0
LINE
  5
14BB
330
17
100
AcDbEntity
  8
FINA
100
AcDbLine
 10
148.5
 20
200.0
 30
0.0
 11
148.5
 21
210.0
 31
0.0
  0
LINE
  5
14BC
330
17
100
AcDbEntity
  8
FINA
100
AcDbLine
 10
198.0
 20
0.0
 30
0.0
 11
198.0
 21
10.0
 31
0.0
  0
LINE
  5
14BD
330
17
100
AcDbEntity
  8
FINA
100
AcDbLine
 10
198.0
 20
200.0
 30
0.0
 11
198.0
 21
210.0
 31
0.0
  0
LINE
  5
14BE
330
17
100
AcDbEntity
  8
FINA
100
AcDbLine
 10
247.5
 20
0.0
 30
0.0
 11
247.5
 21
10.0
 31
0.0
  0
LINE
  5
14BF
330
17
100
AcDbEntity
  8
FINA
100
AcDbLine
 10
247.5
 20
200.0
 30
0.0
 11
247.5
 21
210.0
 31
0.0
  0
LINE
  5
14C0
330
17
100
AcDbEntity
  8
FINA
100
AcDbLine
 10
0.0
 20
52.5
 30
0.0
 11
10.0
 21
52.5
 31
0.0
  0
LINE
  5
14C1
330
17
100
AcDbEntity
  8
FINA
100
AcDbLine
 10
287.0
 20
52.5
 30
0.0
 11
297.0
 21
52.5
 31
0.0
  0
LINE
  5
14C2
330
17
100
AcDbEntity
  8
FINA
100
AcDbLine
 10
0.0
 20
105.0
 30
0.0
 11
10.0
 21
105.0
 31
0.0
  0
LINE
  5
14C3
330
17
100
AcDbEntity
  8
FINA
100
AcDbLine
 10
287.0
 20
105.0
 30
0.0
 11
297.0
 21
105.0
 31
0.0
  0
LINE
  5
14C4
330
17
100
AcDbEntity
  8
FINA
100
AcDbLine
 10
0.0
 20
157.5
 30
0.0
 11
10.0
 21
157.5
 31
0.0
  0
LINE
  5
14C5
330
17
100
AcDbEntity
  8
FINA
100
AcDbLine
 10
287.0
 20
157.5
 30
0.0
 11
297.0
 21
157.5
 31
0.0
  0
TEXT
  5
14C6
330
17
100
AcDbEntity
  8
TEXTO
100
AcDbText
 10
24.75
 20
5.0
 30
0.0
 40
2.5
  1
1
 72
1
 11
24.75
 21
5.0
 31
0.0
100
AcDbText
 73
2
  0
TEXT
  5
14C7
330
17
100
AcDbEntity
  8
TEXTO
100
AcDbText
 10
24.75
 20
205.0
 30
0.0
 40
2.5
  1
1
 72
1
 11
24.75
 21
205.0
 31
0.0
100
AcDbText
 73
2
  0
TEXT
  5
14C8
330
17
100
AcDbEntity
  8
TEXTO
100
AcDbText
 10
74.25
 20
5.0
 30
0.0
 40
2.5
  1
2
 72
1
 11
74.25
 21
5.0
 31
0.0
100
AcDbText
 73
2
  0
TEXT
  5
14C9
330
17
100
AcDbEntity
  8
TEXTO
100
AcDbText
 10
74.25
 20
205.0
 30
0.0
 40
2.5
  1
2
 72
1
 11
74.25
 21
205.0
 31
0.0
100
AcDbText
 73
2
  0
TEXT
  5
14CA
330
17
100
AcDbEntity
  8
TEXTO
100
AcDbText
 10
123.75
 20
5.0
 30
0.0
 40
2.5
  1
3
 72
1
 11
123.75
 21
5.0
 31
0.0
100
AcDbText
 73
2
  0
TEXT
  5
14CB
330
17
100
AcDbEntity
  8
TEXTO
100
AcDbText
 10
123.75
 20
205.0
 30
0.0
 40
2.5
  1
3
 72
1
 11
123.75
 21
205.0
 31
0.0
100
AcDbText
 73
2
  0
TEXT
  5
14CC
330
17
100
AcDbEntity
  8
TEXTO
100
AcDbText
 10
173.25
 20
5.0
 30
0.0
 40
2.5
  1
4
 72
1
 11
173.25
 21
5.0
 31
0.0
100
AcDbText
 73
2
  0
TEXT
  5
14CD
330
17
100
AcDbEntity
  8
TEXTO
100
AcDbText
 10
173.25
 20
205.0
 30
0.0
 40
2.5
  1
4
 72
1
 11
173.25
 21
205.0
 31
0.0
100
AcDbText
 73
2
  0
TEXT
  5
14CE
330
17
100
AcDbEntity
  8
TEXTO
100
AcDbText
 10
222.75
 20
5.0
 30
0.0
 40
2.5
  1
5
 72
1
 11
222.75
 21
5.0
 31
0.0
100
AcDbText
 73
2
  0
TEXT
  5
14CF
330
17
100
AcDbEntity
  8
TEXTO
100
AcDbText
 10
222.75
 20
205.0
 30
0.0
 40
2.5
  1
5
 72
1
 11
222.75
 21
205.0
 31
0.0
100
AcDbText
 73
2
  0
TEXT
  5
14D0
330
17
100
AcDbEntity
  8
TEXTO
100
AcDbText
 10
272.25
 20
5.0
 30
0.0
 40
2.5
  1
6
 72
1
 11
272.25
 21
5.0
 31
0.0
100
AcDbText
 73
2
  0
TEXT
  5
14D1
330
17
100
AcDbEntity
  8
TEXTO
100
AcDbText
 10
272.25
 20
205.0
 30
0.0
 40
2.5
  1
6
 72
1
 11
272.25
 21
205.0
 31
0.0
100
AcDbText
 73
2
  0
TEXT
  5
14D2
330
17
100
AcDbEntity
  8
TEXTO
100
AcDbText
 10
5.0
 20
183.75
 30
0.0
 40
2.5
  1
A
 72
1
 11
5.0
 21
183.75
 31
0.0
100
AcDbText
 73
2
  0
TEXT
  5
14D3
330
17
100
AcDbEntity
  8
TEXTO
100
AcDbText
 10
292.0
 20
183.75
 30
0.0
 40
2.5
  1
A
 72
1
 11
292.0
 21
183.75
 31
0.0
100
AcDbText
 73
2
  0
TEXT
  5
14D4
330
17
100
AcDbEntity
  8
TEXTO
100
AcDbText
 10
5.0
 20
131.25
 30
0.0
 40
2.5
  1
B
 72
1
 11
5.0
 21
131.25
 31
0.0
100
AcDbText
 73
2
  0
TEXT
  5
14D5
330
17
100
AcDbEntity
  8
TEXTO
100
AcDbText
 10
292.0
 20
131.25
 30
0.0
 40
2.5
  1
B
 72
1
 11
292.0
 21
131.25
 31
0.0
100
AcDbText
 73
2
  0
TEXT
  5
14D6
330
17
100
AcDbEntity
  8
TEXTO
100
AcDbText
 10
5.0
 20
78.75
 30
0.0
 40
2.5
  1
C
 72
1
 11
5.0
 21
78.75
 31
0.0
100
AcDbText
 73
2
  0
TEXT
  5
14D7
330
17
100
AcDbEntity
  8
TEXTO
100
AcDbText
 10
292.0
 20
78.75
 30
0.0
 40
2.5
  1
C
 72
1
 11
292.0
 21
78.75
 31
0.0
100
AcDbText
 73
2
  0
TEXT
  5
14D8
330
17
100
AcDbEntity
  8
TEXTO
100
AcDbText
 10
5.0
 20
26.25
 30
0.0
 40
2.5
  1
D
 72
1
 11
5.0
 21
26.25
 31
0.0
100
AcDbText
 73
2
  0
TEXT
  5
14D9
330
17
100
AcDbEntity
  8
TEXTO
100
AcDbText
 10
292.0
 20
26.25
 30
0.0
 40
2.5
  1
D
 72
1
 11
292.0
 21
26.25
 31
0.0
100
AcDbText
 73
2
  0
LWPOLYLINE
  5
14DA
330
17
100
AcDbEntity
  8
NORMA
100
AcDbPolyline
 90
4
 70
1
 10
107.0
 20
10.0
 10
287.0
 20
10.0
 10
287.0
 20
52.0
 10
107.0
 20
52.0
  0
LINE
  5
14DB
330
17
100
AcDbEntity
  8
NORMA
100
AcDbLine
 10
147.0
 20
10.0
 30
0.0
 11
147.0
 21
52.0
 31
0.0
  0
LINE
  5
14DC
330
17
100
AcDbEntity
  8
NORMA
100
AcDbLine
 10
241.0
 20
10.0
 30
0.0
 11
241.0
 21
52.0
 31
0.0
  0
LINE
  5
14DD
330
17
100
AcDbEntity
  8
FINA
100
AcDbLine
 10
107.0
 20
29.0
 30
0.0
 11
147.0
 21
29.0
 31
0.0
  0
TEXT
  5
14DE
330
17
100
AcDbEntity
  8
TEXTO
100
AcDbText
 10
127.0
 20
43.8
 30
0.0
 40
6.0
  1
foto3d
 72
1
 11
127.0
 21
43.8
 31
0.0
100
AcDbText
 73
2
  0
LINE
  5
14DF
330
17
100
AcDbEntity
  8
FINA
100
AcDbLine
 10
113.5
 20
38.6
 30
0.0
 11
140.5
 21
38.6
 31
0.0
  0
TEXT
  5
14E0
330
17
100
AcDbEntity
  8
TEXTO
100
AcDbText
 10
127.0
 20
35.8
 30
0.0
 40
1.3
  1
FOTOGRAMETRÍA · 3D AUDITABLE
 72
1
 11
127.0
 21
35.8
 31
0.0
100
AcDbText
 73
2
  0
TEXT
  5
14E1
330
17
100
AcDbEntity
  8
TEXTO
100
AcDbText
 10
127.0
 20
32.6
 30
0.0
 40
1.3
  1
ISO 5457 · 7200 · 129 · 5456-2
 72
1
 11
127.0
 21
32.6
 31
0.0
100
AcDbText
 73
2
  0
TEXT
  5
14E2
330
17
100
AcDbEntity
  8
TEXTO
100
AcDbText
 10
127.0
 20
26.6
 30
0.0
 40
1.4
  1
PROYECCIÓN — PRIMER DIEDRO
 72
1
 11
127.0
 21
26.6
 31
0.0
100
AcDbText
 73
2
  0
CIRCLE
  5
14E3
330
17
100
AcDbEntity
  8
TEXTO
100
AcDbCircle
 10
122.39999999999999
 20
17.5
 30
0.0
 40
2.9899999999999998
  0
CIRCLE
  5
14E4
330
17
100
AcDbEntity
  8
TEXTO
100
AcDbCircle
 10
122.39999999999999
 20
17.5
 30
0.0
 40
1.6099999999999999
  0
LWPOLYLINE
  5
14E5
330
17
100
AcDbEntity
  8
TEXTO
100
AcDbPolyline
 90
4
 70
1
 10
127.45999999999998
 20
14.51
 10
134.58999999999997
 20
15.89
 10
134.58999999999997
 20
19.11
 10
127.45999999999998
 20
20.49
  0
LINE
  5
14E6
330
17
100
AcDbEntity
  8
FINA
100
AcDbLine
 10
118.03
 20
17.5
 30
0.0
 11
135.96999999999997
 21
17.5
 31
0.0
  0
LINE
  5
14E7
330
17
100
AcDbEntity
  8
FINA
100
AcDbLine
 10
147.0
 20
39.0
 30
0.0
 11
241.0
 21
39.0
 31
0.0
  0
LINE
  5
14E8
330
17
100
AcDbEntity
  8
FINA
100
AcDbLine
 10
147.0
 20
29.0
 30
0.0
 11
241.0
 21
29.0
 31
0.0
  0
LINE
  5
14E9
330
17
100
AcDbEntity
  8
FINA
100
AcDbLine
 10
147.0
 20
19.0
 30
0.0
 11
241.0
 21
19.0
 31
0.0
  0
LINE
  5
14EA
330
17
100
AcDbEntity
  8
FINA
100
AcDbLine
 10
194.0
 20
29.0
 30
0.0
 11
194.0
 21
39.0
 31
0.0
  0
LINE
  5
14EB
330
17
100
AcDbEntity
  8
FINA
100
AcDbLine
 10
203.0
 20
19.0
 30
0.0
 11
203.0
 21
29.0
 31
0.0
  0
TEXT
  5
14EC
330
17
100
AcDbEntity
  8
TEXTO
100
AcDbText
 10
148.3
 20
49.6
 30
0.0
 40
1.4
  1
DESIGNACIÓN
 11
148.3
 21
49.6
 31
0.0
100
AcDbText
  0
TEXT
  5
14ED
330
17
100
AcDbEntity
  8
TEXTO
100
AcDbText
 10
148.6
 20
44.1
 30
0.0
 40
3.1527777777777777
  1
agua_difusor (sólido CAD, capa user)
 11
148.6
 21
44.1
 31
0.0
100
AcDbText
 73
2
  0
TEXT
  5
14EE
330
17
100
AcDbEntity
  8
TEXTO
100
AcDbText
 10
148.3
 20
36.6
 30
0.0
 40
1.4
  1
PROYECTO
 11
148.3
 21
36.6
 31
0.0
100
AcDbText
  0
TEXT
  5
14EF
330
17
100
AcDbEntity
  8
TEXTO
100
AcDbText
 10
148.6
 20
32.6
 30
0.0
 40
2.19
  1
YT0101-dispensador-canino
 11
148.6
 21
32.6
 31
0.0
100
AcDbText
 73
2
  0
TEXT
  5
14F0
330
17
100
AcDbEntity
  8
TEXTO
100
AcDbText
 10
195.3
 20
36.6
 30
0.0
 40
1.4
  1
FUENTE
 11
195.3
 21
36.6
 31
0.0
100
AcDbText
  0
TEXT
  5
14F1
330
17
100
AcDbEntity
  8
TEXTO
100
AcDbText
 10
195.6
 20
32.6
 30
0.0
 40
2.0277777777777777
  1
out/piezas/agua_difusor.g…
 11
195.6
 21
32.6
 31
0.0
100
AcDbText
 73
2
  0
TEXT
  5
14F2
330
17
100
AcDbEntity
  8
TEXTO
100
AcDbText
 10
148.3
 20
26.6
 30
0.0
 40
1.4
  1
VERIFICACIÓN DE ESCALA
 11
148.3
 21
26.6
 31
0.0
100
AcDbText
  0
TEXT
  5
14F3
330
17
100
AcDbEntity
  8
TEXTO
100
AcDbText
 10
148.6
 20
22.6
 30
0.0
 40
2.4
  1
CERTIFICADA (G4)
 11
148.6
 21
22.6
 31
0.0
100
AcDbText
 73
2
  0
TEXT
  5
14F4
330
17
100
AcDbEntity
  8
TEXTO
100
AcDbText
 10
204.3
 20
26.6
 30
0.0
 40
1.4
  1
SHA-256
 11
204.3
 21
26.6
 31
0.0
100
AcDbText
  0
TEXT
  5
14F5
330
17
100
AcDbEntity
  8
TEXTO
100
AcDbText
 10
204.6
 20
22.6
 30
0.0
 40
2.2
  1
9c87277132d4…
 11
204.6
 21
22.6
 31
0.0
100
AcDbText
 73
2
  0
TEXT
  5
14F6
330
17
100
AcDbEntity
  8
TEXTO
100
AcDbText
 10
148.3
 20
16.6
 30
0.0
 40
1.4
  1
NOTA
 11
148.3
 21
16.6
 31
0.0
100
AcDbText
  0
TEXT
  5
14F7
330
17
100
AcDbEntity
  8
TEXTO
100
AcDbText
 10
148.6
 20
13.1
 30
0.0
 40
2.2
  1
Cotas en mm reales sobre geometría medida — ISO 129
 11
148.6
 21
13.1
 31
0.0
100
AcDbText
 73
2
  0
LINE
  5
14F8
330
17
100
AcDbEntity
  8
FINA
100
AcDbLine
 10
241.0
 20
39.0
 30
0.0
 11
287.0
 21
39.0
 31
0.0
  0
LINE
  5
14F9
330
17
100
AcDbEntity
  8
FINA
100
AcDbLine
 10
241.0
 20
29.0
 30
0.0
 11
287.0
 21
29.0
 31
0.0
  0
LINE
  5
14FA
330
17
100
AcDbEntity
  8
FINA
100
AcDbLine
 10
241.0
 20
19.0
 30
0.0
 11
287.0
 21
19.0
 31
0.0
  0
LINE
  5
14FB
330
17
100
AcDbEntity
  8
FINA
100
AcDbLine
 10
264.0
 20
29.0
 30
0.0
 11
264.0
 21
39.0
 31
0.0
  0
LINE
  5
14FC
330
17
100
AcDbEntity
  8
FINA
100
AcDbLine
 10
267.0
 20
19.0
 30
0.0
 11
267.0
 21
29.0
 31
0.0
  0
TEXT
  5
14FD
330
17
100
AcDbEntity
  8
TEXTO
100
AcDbText
 10
242.3
 20
49.6
 30
0.0
 40
1.4
  1
ESCALA
 11
242.3
 21
49.6
 31
0.0
100
AcDbText
  0
TEXT
  5
14FE
330
17
100
AcDbEntity
  8
TEXTO
100
AcDbText
 10
264.0
 20
44.1
 30
0.0
 40
5.0
  1
1:1
 72
1
 11
264.0
 21
44.1
 31
0.0
100
AcDbText
 73
2
  0
TEXT
  5
14FF
330
17
100
AcDbEntity
  8
TEXTO
100
AcDbText
 10
242.3
 20
36.6
 30
0.0
 40
1.4
  1
FORMATO
 11
242.3
 21
36.6
 31
0.0
100
AcDbText
  0
TEXT
  5
1500
330
17
100
AcDbEntity
  8
TEXTO
100
AcDbText
 10
252.5
 20
32.6
 30
0.0
 40
3.0
  1
A4
 72
1
 11
252.5
 21
32.6
 31
0.0
100
AcDbText
 73
2
  0
TEXT
  5
1501
330
17
100
AcDbEntity
  8
TEXTO
100
AcDbText
 10
265.3
 20
36.6
 30
0.0
 40
1.4
  1
LÁMINA
 11
265.3
 21
36.6
 31
0.0
100
AcDbText
  0
TEXT
  5
1502
330
17
100
AcDbEntity
  8
TEXTO
100
AcDbText
 10
275.5
 20
32.6
 30
0.0
 40
3.0
  1
1 / 1
 72
1
 11
275.5
 21
32.6
 31
0.0
100
AcDbText
 73
2
  0
TEXT
  5
1503
330
17
100
AcDbEntity
  8
TEXTO
100
AcDbText
 10
242.3
 20
26.6
 30
0.0
 40
1.4
  1
FECHA
 11
242.3
 21
26.6
 31
0.0
100
AcDbText
  0
TEXT
  5
1504
330
17
100
AcDbEntity
  8
TEXTO
100
AcDbText
 10
254.0
 20
22.6
 30
0.0
 40
2.6
  1
2026-07-26
 72
1
 11
254.0
 21
22.6
 31
0.0
100
AcDbText
 73
2
  0
TEXT
  5
1505
330
17
100
AcDbEntity
  8
TEXTO
100
AcDbText
 10
268.3
 20
26.6
 30
0.0
 40
1.4
  1
UNIDADES
 11
268.3
 21
26.6
 31
0.0
100
AcDbText
  0
TEXT
  5
1506
330
17
100
AcDbEntity
  8
TEXTO
100
AcDbText
 10
277.0
 20
22.6
 30
0.0
 40
3.0
  1
mm
 72
1
 11
277.0
 21
22.6
 31
0.0
100
AcDbText
 73
2
  0
TEXT
  5
1507
330
17
100
AcDbEntity
  8
TEXTO
100
AcDbText
 10
242.3
 20
16.6
 30
0.0
 40
1.4
  1
Nº DE PLANO
 11
242.3
 21
16.6
 31
0.0
100
AcDbText
  0
TEXT
  5
1508
330
17
100
AcDbEntity
  8
TEXTO
100
AcDbText
 10
264.0
 20
13.1
 30
0.0
 40
2.6
  1
AGUA_DIFUSOR-01
 72
1
 11
264.0
 21
13.1
 31
0.0
100
AcDbText
 73
2
  0
ENDSEC
  0
SECTION
  2
OBJECTS
  0
DICTIONARY
  5
A
330
0
100
AcDbDictionary
281
1
  3
ACAD_COLOR
350
B
  3
ACAD_GROUP
350
C
  3
ACAD_LAYOUT
350
D
  3
ACAD_MATERIAL
350
E
  3
ACAD_MLEADERSTYLE
350
F
  3
ACAD_MLINESTYLE
350
10
  3
ACAD_PLOTSETTINGS
350
11
  3
ACAD_PLOTSTYLENAME
350
12
  3
ACAD_SCALELIST
350
14
  3
ACAD_TABLESTYLE
350
15
  3
ACAD_VISUALSTYLE
350
16
  3
EZDXF_META
350
2D
  0
DICTIONARY
  5
B
330
A
100
AcDbDictionary
281
1
  0
DICTIONARY
  5
C
330
A
100
AcDbDictionary
281
1
  0
DICTIONARY
  5
D
330
A
100
AcDbDictionary
281
1
  3
Model
350
1A
  3
Layout1
350
1E
  0
DICTIONARY
  5
E
330
A
100
AcDbDictionary
281
1
  3
ByBlock
350
1F
  3
ByLayer
350
20
  3
Global
350
21
  0
DICTIONARY
  5
F
330
A
100
AcDbDictionary
281
1
  3
Standard
350
2C
  0
DICTIONARY
  5
10
330
A
100
AcDbDictionary
281
1
  3
Standard
350
22
  0
DICTIONARY
  5
11
330
A
100
AcDbDictionary
281
1
  0
ACDBDICTIONARYWDFLT
  5
12
330
A
100
AcDbDictionary
281
1
  3
Normal
350
13
100
AcDbDictionaryWithDefault
340
13
  0
ACDBPLACEHOLDER
  5
13
330
12
  0
DICTIONARY
  5
14
330
A
100
AcDbDictionary
281
1
  0
DICTIONARY
  5
15
330
A
100
AcDbDictionary
281
1
  0
DICTIONARY
  5
16
330
A
100
AcDbDictionary
281
1
  3
2dWireframe
350
5A
  3
Basic
350
5B
  3
Brighten
350
5C
  3
ColorChange
350
5D
  3
Conceptual
350
5E
  3
Dim
350
5F
  3
EdgeColorOff
350
60
  3
Facepattern
350
61
  3
Flat
350
62
  3
FlatWithEdges
350
63
  3
Gouraud
350
64
  3
GouraudWithEdges
350
65
  3
Hidden
350
66
  3
JitterOff
350
67
  3
Linepattern
350
68
  3
Modeling
350
69
  3
OverhangOff
350
6A
  3
Realistic
350
6B
  3
Shaded
350
6C
  3
Shaded with edges
350
6D
  3
Shades of Gray
350
6E
  3
Sketchy
350
6F
  3
Thicken
350
70
  3
Wireframe
350
71
  3
X-Ray
350
72
  0
LAYOUT
  5
1A
330
D
100
AcDbPlotSettings
  1

  4
A3
  6

 40
7.5
 41
20.0
 42
7.5
 43
20.0
 44
420.0
 45
297.0
 46
0.0
 47
0.0
 48
0.0
 49
0.0
140
0.0
141
0.0
142
1.0
143
1.0
 70
1024
 72
1
 73
0
 74
5
  7

 75
16
 76
0
 77
2
 78
300
147
1.0
148
0.0
149
0.0
100
AcDbLayout
  1
Model
 70
1
 71
0
 10
0.0
 20
0.0
 11
420.0
 21
297.0
 12
0.0
 22
0.0
 32
0.0
 14
1e+20
 24
1e+20
 34
1e+20
 15
-1e+20
 25
-1e+20
 35
-1e+20
146
0.0
 13
0.0
 23
0.0
 33
0.0
 16
1.0
 26
0.0
 36
0.0
 17
0.0
 27
1.0
 37
0.0
 76
1
330
17
  0
LAYOUT
  5
1E
330
D
100
AcDbPlotSettings
  1

  4
A3
  6

 40
7.5
 41
20.0
 42
7.5
 43
20.0
 44
420.0
 45
297.0
 46
0.0
 47
0.0
 48
0.0
 49
0.0
140
0.0
141
0.0
142
1.0
143
1.0
 70
0
 72
1
 73
0
 74
5
  7

 75
16
 76
0
 77
2
 78
300
147
1.0
148
0.0
149
0.0
100
AcDbLayout
  1
Layout1
 70
1
 71
1
 10
0.0
 20
0.0
 11
420.0
 21
297.0
 12
0.0
 22
0.0
 32
0.0
 14
1e+20
 24
1e+20
 34
1e+20
 15
-1e+20
 25
-1e+20
 35
-1e+20
146
0.0
 13
0.0
 23
0.0
 33
0.0
 16
1.0
 26
0.0
 36
0.0
 17
0.0
 27
1.0
 37
0.0
 76
1
330
1B
  0
MATERIAL
  5
1F
102
{ACAD_REACTORS
330
E
102
}
330
E
100
AcDbMaterial
  1
ByBlock
  2

 70
0
 40
1.0
 71
1
 41
1.0
 91
-1023410177
 42
1.0
 72
1
  3

 73
1
 74
1
 75
1
 44
0.5
 73
0
 45
1.0
 46
1.0
 77
1
  4

 78
1
 79
1
170
1
 48
1.0
171
1
  6

172
1
173
1
174
1
140
1.0
141
1.0
175
1
  7

176
1
177
1
178
1
143
1.0
179
1
  8

270
1
271
1
272
1
145
1.0
146
1.0
273
1
  9

274
1
275
1
276
1
 42
1.0
 72
1
  3

 73
1
 74
1
 75
1
 94
63
  0
MATERIAL
  5
20
102
{ACAD_REACTORS
330
E
102
}
330
E
100
AcDbMaterial
  1
ByLayer
  2

 70
0
 40
1.0
 71
1
 41
1.0
 91
-1023410177
 42
1.0
 72
1
  3

 73
1
 74
1
 75
1
 44
0.5
 73
0
 45
1.0
 46
1.0
 77
1
  4

 78
1
 79
1
170
1
 48
1.0
171
1
  6

172
1
173
1
174
1
140
1.0
141
1.0
175
1
  7

176
1
177
1
178
1
143
1.0
179
1
  8

270
1
271
1
272
1
145
1.0
146
1.0
273
1
  9

274
1
275
1
276
1
 42
1.0
 72
1
  3

 73
1
 74
1
 75
1
 94
63
  0
MATERIAL
  5
21
102
{ACAD_REACTORS
330
E
102
}
330
E
100
AcDbMaterial
  1
Global
  2

 70
0
 40
1.0
 71
1
 41
1.0
 91
-1023410177
 42
1.0
 72
1
  3

 73
1
 74
1
 75
1
 44
0.5
 73
0
 45
1.0
 46
1.0
 77
1
  4

 78
1
 79
1
170
1
 48
1.0
171
1
  6

172
1
173
1
174
1
140
1.0
141
1.0
175
1
  7

176
1
177
1
178
1
143
1.0
179
1
  8

270
1
271
1
272
1
145
1.0
146
1.0
273
1
  9

274
1
275
1
276
1
 42
1.0
 72
1
  3

 73
1
 74
1
 75
1
 94
63
  0
MLINESTYLE
  5
22
102
{ACAD_REACTORS
330
10
102
}
330
10
100
AcDbMlineStyle
  2
Standard
 70
0
  3

 62
256
 51
90.0
 52
90.0
 71
2
 49
0.5
 62
256
  6
BYLAYER
 49
-0.5
 62
256
  6
BYLAYER
  0
MLEADERSTYLE
  5
2C
102
{ACAD_REACTORS
330
F
102
}
330
F
100
AcDbMLeaderStyle
179
2
170
2
171
1
172
0
 90
2
 40
0.0
 41
0.0
173
1
 91
-1056964608
 92
-2
290
1
 42
2.0
291
1
 43
8.0
  3
Standard
 44
4.0
300

342
29
174
1
175
1
176
0
178
1
 93
-1056964608
 45
4.0
292
0
297
0
 46
4.0
 94
-1056964608
 47
1.0
 49
1.0
140
1.0
294
1
141
0.0
177
0
142
1.0
295
0
296
0
143
3.75
271
0
272
9
273
9
  0
DICTIONARY
  5
2D
330
A
100
AcDbDictionary
280
1
281
1
  3
CREATED_BY_EZDXF
350
2E
  3
WRITTEN_BY_EZDXF
350
150B
  0
DICTIONARYVAR
  5
2E
330
2D
100
DictionaryVariables
280
0
  1
1.4.4 @ 2026-07-26T07:22:00.234700+00:00
  0
VISUALSTYLE
  5
5A
102
{ACAD_REACTORS
330
16
102
}
330
16
100
AcDbVisualStyle
  2
2dWireframe
 70
4
177
3
291
0
 70
58
 90
2
176
1
 90
2
176
1
 90
0
176
1
 90
0
176
1
 40
0.6
176
1
 40
30.0
176
1
 62
7
420
16777215
176
1
 90
1
176
1
 90
4
176
1
 62
7
176
1
 62
257
176
1
 90
1
176
1
 90
1
176
1
 40
1.0
176
1
 90
8
176
1
 62
7
176
1
 40
1.0
176
1
 90
1
176
1
 90
6
176
1
 90
2
176
1
 62
7
176
1
 90
5
176
1
 90
0
176
1
 90
0
176
1
290
0
176
1
 90
1
176
1
 40
0.0
176
1
 90
0
176
1
290
1
176
1
290
1
176
1
290
0
176
1
290
0
176
1
290
0
176
1
290
0
176
1
290
0
176
1
290
0
176
1
290
0
176
1
 90
50
176
1
 40
0.0
176
1
 40
1.0
176
1
 90
0
176
1
 62
18
420
0
176
1
 90
50
176
1
 90
3
176
1
 62
5
420
255
176
1
290
0
176
1
 90
50
176
1
 90
50
176
1
 90
50
176
1
290
0
176
1
 90
50
176
1
 62
256
176
0
 40
1.0
176
0
 90
2
176
1
  1
strokes_ogs.tif
176
1
290
0
176
1
 40
1.0
176
1
 40
1.0
176
1
  0
VISUALSTYLE
  5
5B
102
{ACAD_REACTORS
330
16
102
}
330
16
100
AcDbVisualStyle
  2
Basic
 70
7
177
3
291
1
 70
58
 90
2
176
1
 90
2
176
1
 90
0
176
1
 90
1
176
1
 40
0.6
176
1
 40
30.0
176
1
 62
7
420
16777215
176
1
 90
1
176
1
 90
4
176
1
 62
7
176
1
 62
257
176
1
 90
1
176
1
 90
1
176
1
 40
1.0
176
1
 90
8
176
1
 62
7
176
1
 40
1.0
176
1
 90
1
176
1
 90
6
176
1
 90
2
176
1
 62
7
176
1
 90
5
176
1
 90
0
176
1
 90
0
176
1
290
0
176
1
 90
1
176
1
 40
0.0
176
1
 90
0
176
1
290
0
176
1
290
1
176
1
290
1
176
1
290
0
176
1
290
0
176
1
290
0
176
1
290
0
176
1
290
0
176
1
290
0
176
1
 90
50
176
1
 40
0.0
176
1
 40
1.0
176
1
 90
0
176
1
 62
18
420
0
176
1
 90
50
176
1
 90
3
176
1
 62
5
420
255
176
1
290
0
176
1
 90
50
176
1
 90
50
176
1
 90
50
176
1
290
0
176
1
 90
50
176
1
 62
256
176
0
 40
1.0
176
0
 90
2
176
1
  1
strokes_ogs.tif
176
1
290
0
176
1
 40
1.0
176
1
 40
1.0
176
1
  0
VISUALSTYLE
  5
5C
102
{ACAD_REACTORS
330
16
102
}
330
16
100
AcDbVisualStyle
  2
Brighten
 70
12
177
3
291
1
 70
58
 90
2
176
1
 90
2
176
1
 90
0
176
1
 90
2
176
1
 40
0.6
176
1
 40
30.0
176
1
 62
7
420
16777215
176
1
 90
1
176
1
 90
4
176
1
 62
7
176
1
 62
257
176
1
 90
1
176
1
 90
1
176
1
 40
1.0
176
1
 90
8
176
1
 62
7
176
1
 40
1.0
176
1
 90
1
176
1
 90
6
176
1
 90
2
176
1
 62
7
176
1
 90
5
176
1
 90
0
176
1
 90
0
176
1
290
0
176
1
 90
1
176
1
 40
0.0
176
1
 90
0
176
1
290
0
176
1
290
1
176
1
290
1
176
1
290
0
176
1
290
0
176
1
290
0
176
1
290
0
176
1
290
0
176
1
290
0
176
1
 90
50
176
1
 40
0.0
176
1
 40
1.0
176
1
 90
0
176
1
 62
18
420
0
176
1
 90
50
176
1
 90
3
176
1
 62
5
420
255
176
1
290
0
176
1
 90
50
176
1
 90
50
176
1
 90
50
176
1
290
0
176
1
 90
50
176
1
 62
256
176
0
 40
1.0
176
0
 90
2
176
1
  1
strokes_ogs.tif
176
1
290
0
176
1
 40
1.0
176
1
 40
1.0
176
1
  0
VISUALSTYLE
  5
5D
102
{ACAD_REACTORS
330
16
102
}
330
16
100
AcDbVisualStyle
  2
ColorChange
 70
16
177
3
291
1
 70
58
 90
2
176
1
 90
2
176
1
 90
0
176
1
 90
2
176
1
 40
0.6
176
1
 40
30.0
176
1
 62
7
420
16777215
176
1
 90
1
176
1
 90
4
176
1
 62
7
176
1
 62
257
176
1
 90
1
176
1
 90
1
176
1
 40
1.0
176
1
 90
8
176
1
 62
7
176
1
 40
1.0
176
1
 90
1
176
1
 90
6
176
1
 90
2
176
1
 62
7
176
1
 90
5
176
1
 90
0
176
1
 90
0
176
1
290
0
176
1
 90
1
176
1
 40
0.0
176
1
 90
0
176
1
290
0
176
1
290
1
176
1
290
1
176
1
290
0
176
1
290
0
176
1
290
0
176
1
290
0
176
1
290
0
176
1
290
0
176
1
 90
50
176
1
 40
0.0
176
1
 40
1.0
176
1
 90
0
176
1
 62
18
420
0
176
1
 90
50
176
1
 90
3
176
1
 62
5
420
255
176
1
290
0
176
1
 90
50
176
1
 90
50
176
1
 90
50
176
1
290
0
176
1
 90
50
176
1
 62
256
176
0
 40
1.0
176
0
 90
2
176
1
  1
strokes_ogs.tif
176
1
290
0
176
1
 40
1.0
176
1
 40
1.0
176
1
  0
VISUALSTYLE
  5
5E
102
{ACAD_REACTORS
330
16
102
}
330
16
100
AcDbVisualStyle
  2
Conceptual
 70
9
177
3
291
0
 70
58
 90
2
176
1
 90
2
176
1
 90
0
176
1
 90
3
176
1
 40
0.6
176
1
 40
30.0
176
1
 62
7
420
16777215
176
1
 90
1
176
1
 90
4
176
1
 62
7
176
1
 62
257
176
1
 90
1
176
1
 90
1
176
1
 40
1.0
176
1
 90
8
176
1
 62
7
176
1
 40
1.0
176
1
 90
1
176
1
 90
6
176
1
 90
2
176
1
 62
7
176
1
 90
5
176
1
 90
0
176
1
 90
0
176
1
290
0
176
1
 90
1
176
1
 40
0.0
176
1
 90
0
176
1
290
0
176
1
290
1
176
1
290
1
176
1
290
0
176
1
290
0
176
1
290
0
176
1
290
0
176
1
290
0
176
1
290
0
176
1
 90
50
176
1
 40
0.0
176
1
 40
1.0
176
1
 90
0
176
1
 62
18
420
0
176
1
 90
50
176
1
 90
3
176
1
 62
5
420
255
176
1
290
0
176
1
 90
50
176
1
 90
50
176
1
 90
50
176
1
290
0
176
1
 90
50
176
1
 62
256
176
0
 40
1.0
176
0
 90
2
176
1
  1
strokes_ogs.tif
176
1
290
0
176
1
 40
1.0
176
1
 40
1.0
176
1
  0
VISUALSTYLE
  5
5F
102
{ACAD_REACTORS
330
16
102
}
330
16
100
AcDbVisualStyle
  2
Dim
 70
11
177
3
291
1
 70
58
 90
2
176
1
 90
2
176
1
 90
0
176
1
 90
2
176
1
 40
0.6
176
1
 40
30.0
176
1
 62
7
420
16777215
176
1
 90
1
176
1
 90
4
176
1
 62
7
176
1
 62
257
176
1
 90
1
176
1
 90
1
176
1
 40
1.0
176
1
 90
8
176
1
 62
7
176
1
 40
1.0
176
1
 90
1
176
1
 90
6
176
1
 90
2
176
1
 62
7
176
1
 90
5
176
1
 90
0
176
1
 90
0
176
1
290
0
176
1
 90
1
176
1
 40
0.0
176
1
 90
0
176
1
290
0
176
1
290
1
176
1
290
1
176
1
290
0
176
1
290
0
176
1
290
0
176
1
290
0
176
1
290
0
176
1
290
0
176
1
 90
50
176
1
 40
0.0
176
1
 40
1.0
176
1
 90
0
176
1
 62
18
420
0
176
1
 90
50
176
1
 90
3
176
1
 62
5
420
255
176
1
290
0
176
1
 90
50
176
1
 90
50
176
1
 90
50
176
1
290
0
176
1
 90
50
176
1
 62
256
176
0
 40
1.0
176
0
 90
2
176
1
  1
strokes_ogs.tif
176
1
290
0
176
1
 40
1.0
176
1
 40
1.0
176
1
  0
VISUALSTYLE
  5
60
102
{ACAD_REACTORS
330
16
102
}
330
16
100
AcDbVisualStyle
  2
EdgeColorOff
 70
22
177
3
291
1
 70
58
 90
2
176
1
 90
2
176
1
 90
0
176
1
 90
2
176
1
 40
0.6
176
1
 40
30.0
176
1
 62
7
420
16777215
176
1
 90
1
176
1
 90
4
176
1
 62
7
176
1
 62
257
176
1
 90
1
176
1
 90
1
176
1
 40
1.0
176
1
 90
8
176
1
 62
7
176
1
 40
1.0
176
1
 90
1
176
1
 90
6
176
1
 90
2
176
1
 62
7
176
1
 90
5
176
1
 90
0
176
1
 90
0
176
1
290
0
176
1
 90
1
176
1
 40
0.0
176
1
 90
0
176
1
290
0
176
1
290
1
176
1
290
1
176
1
290
0
176
1
290
0
176
1
290
0
176
1
290
0
176
1
290
0
176
1
290
0
176
1
 90
50
176
1
 40
0.0
176
1
 40
1.0
176
1
 90
0
176
1
 62
18
420
0
176
1
 90
50
176
1
 90
3
176
1
 62
5
420
255
176
1
290
0
176
1
 90
50
176
1
 90
50
176
1
 90
50
176
1
290
0
176
1
 90
50
176
1
 62
256
176
0
 40
1.0
176
0
 90
2
176
1
  1
strokes_ogs.tif
176
1
290
0
176
1
 40
1.0
176
1
 40
1.0
176
1
  0
VISUALSTYLE
  5
61
102
{ACAD_REACTORS
330
16
102
}
330
16
100
AcDbVisualStyle
  2
Facepattern
 70
15
177
3
291
1
 70
58
 90
2
176
1
 90
2
176
1
 90
0
176
1
 90
2
176
1
 40
0.6
176
1
 40
30.0
176
1
 62
7
420
16777215
176
1
 90
1
176
1
 90
4
176
1
 62
7
176
1
 62
257
176
1
 90
1
176
1
 90
1
176
1
 40
1.0
176
1
 90
8
176
1
 62
7
176
1
 40
1.0
176
1
 90
1
176
1
 90
6
176
1
 90
2
176
1
 62
7
176
1
 90
5
176
1
 90
0
176
1
 90
0
176
1
290
0
176
1
 90
1
176
1
 40
0.0
176
1
 90
0
176
1
290
0
176
1
290
1
176
1
290
1
176
1
290
0
176
1
290
0
176
1
290
0
176
1
290
0
176
1
290
0
176
1
290
0
176
1
 90
50
176
1
 40
0.0
176
1
 40
1.0
176
1
 90
0
176
1
 62
18
420
0
176
1
 90
50
176
1
 90
3
176
1
 62
5
420
255
176
1
290
0
176
1
 90
50
176
1
 90
50
176
1
 90
50
176
1
290
0
176
1
 90
50
176
1
 62
256
176
0
 40
1.0
176
0
 90
2
176
1
  1
strokes_ogs.tif
176
1
290
0
176
1
 40
1.0
176
1
 40
1.0
176
1
  0
VISUALSTYLE
  5
62
102
{ACAD_REACTORS
330
16
102
}
330
16
100
AcDbVisualStyle
  2
Flat
 70
0
177
3
291
1
 70
58
 90
2
176
1
 90
2
176
1
 90
0
176
1
 90
2
176
1
 40
0.6
176
1
 40
30.0
176
1
 62
7
420
16777215
176
1
 90
1
176
1
 90
4
176
1
 62
7
176
1
 62
257
176
1
 90
1
176
1
 90
1
176
1
 40
1.0
176
1
 90
8
176
1
 62
7
176
1
 40
1.0
176
1
 90
1
176
1
 90
6
176
1
 90
2
176
1
 62
7
176
1
 90
5
176
1
 90
0
176
1
 90
0
176
1
290
0
176
1
 90
1
176
1
 40
0.0
176
1
 90
0
176
1
290
0
176
1
290
1
176
1
290
1
176
1
290
0
176
1
290
0
176
1
290
0
176
1
290
0
176
1
290
0
176
1
290
0
176
1
 90
50
176
1
 40
0.0
176
1
 40
1.0
176
1
 90
0
176
1
 62
18
420
0
176
1
 90
50
176
1
 90
3
176
1
 62
5
420
255
176
1
290
0
176
1
 90
50
176
1
 90
50
176
1
 90
50
176
1
290
0
176
1
 90
50
176
1
 62
256
176
0
 40
1.0
176
0
 90
2
176
1
  1
strokes_ogs.tif
176
1
290
0
176
1
 40
1.0
176
1
 40
1.0
176
1
  0
VISUALSTYLE
  5
63
102
{ACAD_REACTORS
330
16
102
}
330
16
100
AcDbVisualStyle
  2
FlatWithEdges
 70
1
177
3
291
1
 70
58
 90
2
176
1
 90
2
176
1
 90
0
176
1
 90
2
176
1
 40
0.6
176
1
 40
30.0
176
1
 62
7
420
16777215
176
1
 90
1
176
1
 90
4
176
1
 62
7
176
1
 62
257
176
1
 90
1
176
1
 90
1
176
1
 40
1.0
176
1
 90
8
176
1
 62
7
176
1
 40
1.0
176
1
 90
1
176
1
 90
6
176
1
 90
2
176
1
 62
7
176
1
 90
5
176
1
 90
0
176
1
 90
0
176
1
290
0
176
1
 90
1
176
1
 40
0.0
176
1
 90
0
176
1
290
0
176
1
290
1
176
1
290
1
176
1
290
0
176
1
290
0
176
1
290
0
176
1
290
0
176
1
290
0
176
1
290
0
176
1
 90
50
176
1
 40
0.0
176
1
 40
1.0
176
1
 90
0
176
1
 62
18
420
0
176
1
 90
50
176
1
 90
3
176
1
 62
5
420
255
176
1
290
0
176
1
 90
50
176
1
 90
50
176
1
 90
50
176
1
290
0
176
1
 90
50
176
1
 62
256
176
0
 40
1.0
176
0
 90
2
176
1
  1
strokes_ogs.tif
176
1
290
0
176
1
 40
1.0
176
1
 40
1.0
176
1
  0
VISUALSTYLE
  5
64
102
{ACAD_REACTORS
330
16
102
}
330
16
100
AcDbVisualStyle
  2
Gouraud
 70
2
177
3
291
1
 70
58
 90
2
176
1
 90
2
176
1
 90
0
176
1
 90
2
176
1
 40
0.6
176
1
 40
30.0
176
1
 62
7
420
16777215
176
1
 90
1
176
1
 90
4
176
1
 62
7
176
1
 62
257
176
1
 90
1
176
1
 90
1
176
1
 40
1.0
176
1
 90
8
176
1
 62
7
176
1
 40
1.0
176
1
 90
1
176
1
 90
6
176
1
 90
2
176
1
 62
7
176
1
 90
5
176
1
 90
0
176
1
 90
0
176
1
290
0
176
1
 90
1
176
1
 40
0.0
176
1
 90
0
176
1
290
0
176
1
290
1
176
1
290
1
176
1
290
0
176
1
290
0
176
1
290
0
176
1
290
0
176
1
290
0
176
1
290
0
176
1
 90
50
176
1
 40
0.0
176
1
 40
1.0
176
1
 90
0
176
1
 62
18
420
0
176
1
 90
50
176
1
 90
3
176
1
 62
5
420
255
176
1
290
0
176
1
 90
50
176
1
 90
50
176
1
 90
50
176
1
290
0
176
1
 90
50
176
1
 62
256
176
0
 40
1.0
176
0
 90
2
176
1
  1
strokes_ogs.tif
176
1
290
0
176
1
 40
1.0
176
1
 40
1.0
176
1
  0
VISUALSTYLE
  5
65
102
{ACAD_REACTORS
330
16
102
}
330
16
100
AcDbVisualStyle
  2
GouraudWithEdges
 70
3
177
3
291
1
 70
58
 90
2
176
1
 90
2
176
1
 90
0
176
1
 90
2
176
1
 40
0.6
176
1
 40
30.0
176
1
 62
7
420
16777215
176
1
 90
1
176
1
 90
4
176
1
 62
7
176
1
 62
257
176
1
 90
1
176
1
 90
1
176
1
 40
1.0
176
1
 90
8
176
1
 62
7
176
1
 40
1.0
176
1
 90
1
176
1
 90
6
176
1
 90
2
176
1
 62
7
176
1
 90
5
176
1
 90
0
176
1
 90
0
176
1
290
0
176
1
 90
1
176
1
 40
0.0
176
1
 90
0
176
1
290
0
176
1
290
1
176
1
290
1
176
1
290
0
176
1
290
0
176
1
290
0
176
1
290
0
176
1
290
0
176
1
290
0
176
1
 90
50
176
1
 40
0.0
176
1
 40
1.0
176
1
 90
0
176
1
 62
18
420
0
176
1
 90
50
176
1
 90
3
176
1
 62
5
420
255
176
1
290
0
176
1
 90
50
176
1
 90
50
176
1
 90
50
176
1
290
0
176
1
 90
50
176
1
 62
256
176
0
 40
1.0
176
0
 90
2
176
1
  1
strokes_ogs.tif
176
1
290
0
176
1
 40
1.0
176
1
 40
1.0
176
1
  0
VISUALSTYLE
  5
66
102
{ACAD_REACTORS
330
16
102
}
330
16
100
AcDbVisualStyle
  2
Hidden
 70
6
177
3
291
0
 70
58
 90
2
176
1
 90
2
176
1
 90
0
176
1
 90
1
176
1
 40
0.6
176
1
 40
30.0
176
1
 62
7
420
16777215
176
1
 90
1
176
1
 90
4
176
1
 62
7
176
1
 62
257
176
1
 90
1
176
1
 90
1
176
1
 40
1.0
176
1
 90
8
176
1
 62
7
176
1
 40
1.0
176
1
 90
1
176
1
 90
6
176
1
 90
2
176
1
 62
7
176
1
 90
5
176
1
 90
0
176
1
 90
0
176
1
290
0
176
1
 90
1
176
1
 40
0.0
176
1
 90
0
176
1
290
0
176
1
290
1
176
1
290
1
176
1
290
0
176
1
290
0
176
1
290
0
176
1
290
0
176
1
290
0
176
1
290
0
176
1
 90
50
176
1
 40
0.0
176
1
 40
1.0
176
1
 90
0
176
1
 62
18
420
0
176
1
 90
50
176
1
 90
3
176
1
 62
5
420
255
176
1
290
0
176
1
 90
50
176
1
 90
50
176
1
 90
50
176
1
290
0
176
1
 90
50
176
1
 62
256
176
0
 40
1.0
176
0
 90
2
176
1
  1
strokes_ogs.tif
176
1
290
0
176
1
 40
1.0
176
1
 40
1.0
176
1
  0
VISUALSTYLE
  5
67
102
{ACAD_REACTORS
330
16
102
}
330
16
100
AcDbVisualStyle
  2
JitterOff
 70
20
177
3
291
1
 70
58
 90
2
176
1
 90
2
176
1
 90
0
176
1
 90
2
176
1
 40
0.6
176
1
 40
30.0
176
1
 62
7
420
16777215
176
1
 90
1
176
1
 90
4
176
1
 62
7
176
1
 62
257
176
1
 90
1
176
1
 90
1
176
1
 40
1.0
176
1
 90
8
176
1
 62
7
176
1
 40
1.0
176
1
 90
1
176
1
 90
6
176
1
 90
2
176
1
 62
7
176
1
 90
5
176
1
 90
0
176
1
 90
0
176
1
290
0
176
1
 90
1
176
1
 40
0.0
176
1
 90
0
176
1
290
0
176
1
290
1
176
1
290
1
176
1
290
0
176
1
290
0
176
1
290
0
176
1
290
0
176
1
290
0
176
1
290
0
176
1
 90
50
176
1
 40
0.0
176
1
 40
1.0
176
1
 90
0
176
1
 62
18
420
0
176
1
 90
50
176
1
 90
3
176
1
 62
5
420
255
176
1
290
0
176
1
 90
50
176
1
 90
50
176
1
 90
50
176
1
290
0
176
1
 90
50
176
1
 62
256
176
0
 40
1.0
176
0
 90
2
176
1
  1
strokes_ogs.tif
176
1
290
0
176
1
 40
1.0
176
1
 40
1.0
176
1
  0
VISUALSTYLE
  5
68
102
{ACAD_REACTORS
330
16
102
}
330
16
100
AcDbVisualStyle
  2
Linepattern
 70
14
177
3
291
1
 70
58
 90
2
176
1
 90
2
176
1
 90
0
176
1
 90
2
176
1
 40
0.6
176
1
 40
30.0
176
1
 62
7
420
16777215
176
1
 90
1
176
1
 90
4
176
1
 62
7
176
1
 62
257
176
1
 90
1
176
1
 90
1
176
1
 40
1.0
176
1
 90
8
176
1
 62
7
176
1
 40
1.0
176
1
 90
1
176
1
 90
6
176
1
 90
2
176
1
 62
7
176
1
 90
5
176
1
 90
0
176
1
 90
0
176
1
290
0
176
1
 90
1
176
1
 40
0.0
176
1
 90
0
176
1
290
0
176
1
290
1
176
1
290
1
176
1
290
0
176
1
290
0
176
1
290
0
176
1
290
0
176
1
290
0
176
1
290
0
176
1
 90
50
176
1
 40
0.0
176
1
 40
1.0
176
1
 90
0
176
1
 62
18
420
0
176
1
 90
50
176
1
 90
3
176
1
 62
5
420
255
176
1
290
0
176
1
 90
50
176
1
 90
50
176
1
 90
50
176
1
290
0
176
1
 90
50
176
1
 62
256
176
0
 40
1.0
176
0
 90
2
176
1
  1
strokes_ogs.tif
176
1
290
0
176
1
 40
1.0
176
1
 40
1.0
176
1
  0
VISUALSTYLE
  5
69
102
{ACAD_REACTORS
330
16
102
}
330
16
100
AcDbVisualStyle
  2
Modeling
 70
10
177
3
291
0
 70
58
 90
2
176
1
 90
2
176
1
 90
0
176
1
 90
2
176
1
 40
0.6
176
1
 40
30.0
176
1
 62
7
420
16777215
176
1
 90
1
176
1
 90
4
176
1
 62
7
176
1
 62
257
176
1
 90
1
176
1
 90
1
176
1
 40
1.0
176
1
 90
8
176
1
 62
7
176
1
 40
1.0
176
1
 90
1
176
1
 90
6
176
1
 90
2
176
1
 62
7
176
1
 90
5
176
1
 90
0
176
1
 90
0
176
1
290
0
176
1
 90
1
176
1
 40
0.0
176
1
 90
0
176
1
290
0
176
1
290
1
176
1
290
1
176
1
290
0
176
1
290
0
176
1
290
0
176
1
290
0
176
1
290
0
176
1
290
0
176
1
 90
50
176
1
 40
0.0
176
1
 40
1.0
176
1
 90
0
176
1
 62
18
420
0
176
1
 90
50
176
1
 90
3
176
1
 62
5
420
255
176
1
290
0
176
1
 90
50
176
1
 90
50
176
1
 90
50
176
1
290
0
176
1
 90
50
176
1
 62
256
176
0
 40
1.0
176
0
 90
2
176
1
  1
strokes_ogs.tif
176
1
290
0
176
1
 40
1.0
176
1
 40
1.0
176
1
  0
VISUALSTYLE
  5
6A
102
{ACAD_REACTORS
330
16
102
}
330
16
100
AcDbVisualStyle
  2
OverhangOff
 70
21
177
3
291
1
 70
58
 90
2
176
1
 90
2
176
1
 90
0
176
1
 90
2
176
1
 40
0.6
176
1
 40
30.0
176
1
 62
7
420
16777215
176
1
 90
1
176
1
 90
4
176
1
 62
7
176
1
 62
257
176
1
 90
1
176
1
 90
1
176
1
 40
1.0
176
1
 90
8
176
1
 62
7
176
1
 40
1.0
176
1
 90
1
176
1
 90
6
176
1
 90
2
176
1
 62
7
176
1
 90
5
176
1
 90
0
176
1
 90
0
176
1
290
0
176
1
 90
1
176
1
 40
0.0
176
1
 90
0
176
1
290
0
176
1
290
1
176
1
290
1
176
1
290
0
176
1
290
0
176
1
290
0
176
1
290
0
176
1
290
0
176
1
290
0
176
1
 90
50
176
1
 40
0.0
176
1
 40
1.0
176
1
 90
0
176
1
 62
18
420
0
176
1
 90
50
176
1
 90
3
176
1
 62
5
420
255
176
1
290
0
176
1
 90
50
176
1
 90
50
176
1
 90
50
176
1
290
0
176
1
 90
50
176
1
 62
256
176
0
 40
1.0
176
0
 90
2
176
1
  1
strokes_ogs.tif
176
1
290
0
176
1
 40
1.0
176
1
 40
1.0
176
1
  0
VISUALSTYLE
  5
6B
102
{ACAD_REACTORS
330
16
102
}
330
16
100
AcDbVisualStyle
  2
Realistic
 70
8
177
3
291
0
 70
58
 90
2
176
1
 90
2
176
1
 90
0
176
1
 90
2
176
1
 40
0.6
176
1
 40
30.0
176
1
 62
7
420
16777215
176
1
 90
1
176
1
 90
4
176
1
 62
7
176
1
 62
257
176
1
 90
1
176
1
 90
1
176
1
 40
1.0
176
1
 90
8
176
1
 62
7
176
1
 40
1.0
176
1
 90
1
176
1
 90
6
176
1
 90
2
176
1
 62
7
176
1
 90
5
176
1
 90
0
176
1
 90
0
176
1
290
0
176
1
 90
1
176
1
 40
0.0
176
1
 90
0
176
1
290
0
176
1
290
1
176
1
290
1
176
1
290
0
176
1
290
0
176
1
290
0
176
1
290
0
176
1
290
0
176
1
290
0
176
1
 90
50
176
1
 40
0.0
176
1
 40
1.0
176
1
 90
0
176
1
 62
18
420
0
176
1
 90
50
176
1
 90
3
176
1
 62
5
420
255
176
1
290
0
176
1
 90
50
176
1
 90
50
176
1
 90
50
176
1
290
0
176
1
 90
50
176
1
 62
256
176
0
 40
1.0
176
0
 90
2
176
1
  1
strokes_ogs.tif
176
1
290
0
176
1
 40
1.0
176
1
 40
1.0
176
1
  0
VISUALSTYLE
  5
6C
102
{ACAD_REACTORS
330
16
102
}
330
16
100
AcDbVisualStyle
  2
Shaded
 70
27
177
3
291
0
 70
58
 90
2
176
1
 90
2
176
1
 90
0
176
1
 90
2
176
1
 40
0.6
176
1
 40
30.0
176
1
 62
7
420
16777215
176
1
 90
1
176
1
 90
4
176
1
 62
7
176
1
 62
257
176
1
 90
1
176
1
 90
1
176
1
 40
1.0
176
1
 90
8
176
1
 62
7
176
1
 40
1.0
176
1
 90
1
176
1
 90
6
176
1
 90
2
176
1
 62
7
176
1
 90
5
176
1
 90
0
176
1
 90
0
176
1
290
0
176
1
 90
1
176
1
 40
0.0
176
1
 90
0
176
1
290
0
176
1
290
1
176
1
290
1
176
1
290
0
176
1
290
0
176
1
290
0
176
1
290
0
176
1
290
0
176
1
290
0
176
1
 90
50
176
1
 40
0.0
176
1
 40
1.0
176
1
 90
0
176
1
 62
18
420
0
176
1
 90
50
176
1
 90
3
176
1
 62
5
420
255
176
1
290
0
176
1
 90
50
176
1
 90
50
176
1
 90
50
176
1
290
0
176
1
 90
50
176
1
 62
256
176
0
 40
1.0
176
0
 90
2
176
1
  1
strokes_ogs.tif
176
1
290
0
176
1
 40
1.0
176
1
 40
1.0
176
1
  0
VISUALSTYLE
  5
6D
102
{ACAD_REACTORS
330
16
102
}
330
16
100
AcDbVisualStyle
  2
Shaded with edges
 70
26
177
3
291
0
 70
58
 90
2
176
1
 90
2
176
1
 90
0
176
1
 90
2
176
1
 40
0.6
176
1
 40
30.0
176
1
 62
7
420
16777215
176
1
 90
1
176
1
 90
4
176
1
 62
7
176
1
 62
257
176
1
 90
1
176
1
 90
1
176
1
 40
1.0
176
1
 90
8
176
1
 62
7
176
1
 40
1.0
176
1
 90
1
176
1
 90
6
176
1
 90
2
176
1
 62
7
176
1
 90
5
176
1
 90
0
176
1
 90
0
176
1
290
0
176
1
 90
1
176
1
 40
0.0
176
1
 90
0
176
1
290
0
176
1
290
1
176
1
290
1
176
1
290
0
176
1
290
0
176
1
290
0
176
1
290
0
176
1
290
0
176
1
290
0
176
1
 90
50
176
1
 40
0.0
176
1
 40
1.0
176
1
 90
0
176
1
 62
18
420
0
176
1
 90
50
176
1
 90
3
176
1
 62
5
420
255
176
1
290
0
176
1
 90
50
176
1
 90
50
176
1
 90
50
176
1
290
0
176
1
 90
50
176
1
 62
256
176
0
 40
1.0
176
0
 90
2
176
1
  1
strokes_ogs.tif
176
1
290
0
176
1
 40
1.0
176
1
 40
1.0
176
1
  0
VISUALSTYLE
  5
6E
102
{ACAD_REACTORS
330
16
102
}
330
16
100
AcDbVisualStyle
  2
Shades of Gray
 70
23
177
3
291
0
 70
58
 90
2
176
1
 90
2
176
1
 90
0
176
1
 90
2
176
1
 40
0.6
176
1
 40
30.0
176
1
 62
7
420
16777215
176
1
 90
1
176
1
 90
4
176
1
 62
7
176
1
 62
257
176
1
 90
1
176
1
 90
1
176
1
 40
1.0
176
1
 90
8
176
1
 62
7
176
1
 40
1.0
176
1
 90
1
176
1
 90
6
176
1
 90
2
176
1
 62
7
176
1
 90
5
176
1
 90
0
176
1
 90
0
176
1
290
0
176
1
 90
1
176
1
 40
0.0
176
1
 90
0
176
1
290
0
176
1
290
1
176
1
290
1
176
1
290
0
176
1
290
0
176
1
290
0
176
1
290
0
176
1
290
0
176
1
290
0
176
1
 90
50
176
1
 40
0.0
176
1
 40
1.0
176
1
 90
0
176
1
 62
18
420
0
176
1
 90
50
176
1
 90
3
176
1
 62
5
420
255
176
1
290
0
176
1
 90
50
176
1
 90
50
176
1
 90
50
176
1
290
0
176
1
 90
50
176
1
 62
256
176
0
 40
1.0
176
0
 90
2
176
1
  1
strokes_ogs.tif
176
1
290
0
176
1
 40
1.0
176
1
 40
1.0
176
1
  0
VISUALSTYLE
  5
6F
102
{ACAD_REACTORS
330
16
102
}
330
16
100
AcDbVisualStyle
  2
Sketchy
 70
24
177
3
291
0
 70
58
 90
2
176
1
 90
2
176
1
 90
0
176
1
 90
1
176
1
 40
0.6
176
1
 40
30.0
176
1
 62
7
420
16777215
176
1
 90
1
176
1
 90
4
176
1
 62
7
176
1
 62
257
176
1
 90
1
176
1
 90
1
176
1
 40
1.0
176
1
 90
8
176
1
 62
7
176
1
 40
1.0
176
1
 90
1
176
1
 90
6
176
1
 90
2
176
1
 62
7
176
1
 90
5
176
1
 90
0
176
1
 90
0
176
1
290
0
176
1
 90
1
176
1
 40
0.0
176
1
 90
0
176
1
290
0
176
1
290
1
176
1
290
1
176
1
290
0
176
1
290
0
176
1
290
0
176
1
290
0
176
1
290
0
176
1
290
0
176
1
 90
50
176
1
 40
0.0
176
1
 40
1.0
176
1
 90
0
176
1
 62
18
420
0
176
1
 90
50
176
1
 90
3
176
1
 62
5
420
255
176
1
290
0
176
1
 90
50
176
1
 90
50
176
1
 90
50
176
1
290
0
176
1
 90
50
176
1
 62
256
176
0
 40
1.0
176
0
 90
2
176
1
  1
strokes_ogs.tif
176
1
290
0
176
1
 40
1.0
176
1
 40
1.0
176
1
  0
VISUALSTYLE
  5
70
102
{ACAD_REACTORS
330
16
102
}
330
16
100
AcDbVisualStyle
  2
Thicken
 70
13
177
3
291
1
 70
58
 90
2
176
1
 90
2
176
1
 90
0
176
1
 90
2
176
1
 40
0.6
176
1
 40
30.0
176
1
 62
7
420
16777215
176
1
 90
1
176
1
 90
4
176
1
 62
7
176
1
 62
257
176
1
 90
1
176
1
 90
1
176
1
 40
1.0
176
1
 90
8
176
1
 62
7
176
1
 40
1.0
176
1
 90
1
176
1
 90
6
176
1
 90
2
176
1
 62
7
176
1
 90
5
176
1
 90
0
176
1
 90
0
176
1
290
0
176
1
 90
1
176
1
 40
0.0
176
1
 90
0
176
1
290
0
176
1
290
1
176
1
290
1
176
1
290
0
176
1
290
0
176
1
290
0
176
1
290
0
176
1
290
0
176
1
290
0
176
1
 90
50
176
1
 40
0.0
176
1
 40
1.0
176
1
 90
0
176
1
 62
18
420
0
176
1
 90
50
176
1
 90
3
176
1
 62
5
420
255
176
1
290
0
176
1
 90
50
176
1
 90
50
176
1
 90
50
176
1
290
0
176
1
 90
50
176
1
 62
256
176
0
 40
1.0
176
0
 90
2
176
1
  1
strokes_ogs.tif
176
1
290
0
176
1
 40
1.0
176
1
 40
1.0
176
1
  0
VISUALSTYLE
  5
71
102
{ACAD_REACTORS
330
16
102
}
330
16
100
AcDbVisualStyle
  2
Wireframe
 70
5
177
3
291
0
 70
58
 90
2
176
1
 90
2
176
1
 90
0
176
1
 90
0
176
1
 40
0.6
176
1
 40
30.0
176
1
 62
7
420
16777215
176
1
 90
1
176
1
 90
4
176
1
 62
7
176
1
 62
257
176
1
 90
1
176
1
 90
1
176
1
 40
1.0
176
1
 90
8
176
1
 62
7
176
1
 40
1.0
176
1
 90
1
176
1
 90
6
176
1
 90
2
176
1
 62
7
176
1
 90
5
176
1
 90
0
176
1
 90
0
176
1
290
0
176
1
 90
1
176
1
 40
0.0
176
1
 90
0
176
1
290
0
176
1
290
1
176
1
290
1
176
1
290
0
176
1
290
0
176
1
290
0
176
1
290
0
176
1
290
0
176
1
290
0
176
1
 90
50
176
1
 40
0.0
176
1
 40
1.0
176
1
 90
0
176
1
 62
18
420
0
176
1
 90
50
176
1
 90
3
176
1
 62
5
420
255
176
1
290
0
176
1
 90
50
176
1
 90
50
176
1
 90
50
176
1
290
0
176
1
 90
50
176
1
 62
256
176
0
 40
1.0
176
0
 90
2
176
1
  1
strokes_ogs.tif
176
1
290
0
176
1
 40
1.0
176
1
 40
1.0
176
1
  0
VISUALSTYLE
  5
72
102
{ACAD_REACTORS
330
16
102
}
330
16
100
AcDbVisualStyle
  2
X-Ray
 70
25
177
3
291
0
 70
58
 90
2
176
1
 90
2
176
1
 90
0
176
1
 90
2
176
1
 40
0.5
176
1
 40
30.0
176
1
 62
7
420
16777215
176
1
 90
1
176
1
 90
4
176
1
 62
7
176
1
 62
257
176
1
 90
1
176
1
 90
1
176
1
 40
1.0
176
1
 90
8
176
1
 62
7
176
1
 40
1.0
176
1
 90
1
176
1
 90
6
176
1
 90
2
176
1
 62
7
176
1
 90
5
176
1
 90
0
176
1
 90
0
176
1
290
0
176
1
 90
1
176
1
 40
0.0
176
1
 90
0
176
1
290
0
176
1
290
1
176
1
290
1
176
1
290
0
176
1
290
0
176
1
290
0
176
1
290
0
176
1
290
0
176
1
290
0
176
1
 90
50
176
1
 40
0.0
176
1
 40
1.0
176
1
 90
0
176
1
 62
18
420
0
176
1
 90
50
176
1
 90
3
176
1
 62
5
420
255
176
1
290
0
176
1
 90
50
176
1
 90
50
176
1
 90
50
176
1
290
0
176
1
 90
50
176
1
 62
256
176
0
 40
1.0
176
0
 90
2
176
1
  1
strokes_ogs.tif
176
1
290
0
176
1
 40
1.0
176
1
 40
1.0
176
1
  0
DICTIONARYVAR
  5
150B
330
2D
100
DictionaryVariables
280
0
  1
1.4.4 @ 2026-07-26T07:22:00.449653+00:00
  0
ENDSEC
  0
EOF
