  0
SECTION
  2
HEADER
  9
$ACADVER
  1
AC1032
  9
$ACADMAINTVER
 90
4
  9
$DWGCODEPAGE
  3
ANSI_1252
  9
$LASTSAVEDBY
  1
ezdxf
  9
$REQUIREDVERSIONS
160
0
  9
$INSBASE
 10
0.0
 20
0.0
 30
0.0
  9
$EXTMIN
 10
1e+20
 20
1e+20
 30
1e+20
  9
$EXTMAX
 10
-1e+20
 20
-1e+20
 30
-1e+20
  9
$LIMMIN
 10
0.0
 20
0.0
  9
$LIMMAX
 10
420.0
 20
297.0
  9
$ORTHOMODE
 70
0
  9
$REGENMODE
 70
1
  9
$FILLMODE
 70
1
  9
$QTEXTMODE
 70
0
  9
$MIRRTEXT
 70
1
  9
$LTSCALE
 40
1.0
  9
$ATTMODE
 70
1
  9
$TEXTSIZE
 40
2.5
  9
$TRACEWID
 40
1.0
  9
$TEXTSTYLE
  7
OpenSans
  9
$CLAYER
  8
0
  9
$CELTYPE
  6
ByLayer
  9
$CECOLOR
 62
256
  9
$CELTSCALE
 40
1.0
  9
$DISPSILH
 70
0
  9
$DIMSCALE
 40
1.0
  9
$DIMASZ
 40
0.175
  9
$DIMEXO
 40
0.125
  9
$DIMDLI
 40
3.75
  9
$DIMRND
 40
0.0
  9
$DIMDLE
 40
0.0
  9
$DIMEXE
 40
0.375
  9
$DIMTP
 40
0.0
  9
$DIMTM
 40
0.0
  9
$DIMTXT
 40
0.25
  9
$DIMCEN
 40
2.5
  9
$DIMTSZ
 40
0.0
  9
$DIMTOL
 70
0
  9
$DIMLIM
 70
0
  9
$DIMTIH
 70
0
  9
$DIMTOH
 70
0
  9
$DIMSE1
 70
0
  9
$DIMSE2
 70
0
  9
$DIMTAD
 70
1
  9
$DIMZIN
 70
12
  9
$DIMBLK
  1
ARCHTICK
  9
$DIMASO
 70
1
  9
$DIMSHO
 70
1
  9
$DIMPOST
  1

  9
$DIMAPOST
  1

  9
$DIMALT
 70
0
  9
$DIMALTD
 70
3
  9
$DIMALTF
 40
0.03937007874
  9
$DIMLFAC
 40
100.0
  9
$DIMTOFL
 70
1
  9
$DIMTVP
 40
0.0
  9
$DIMTIX
 70
0
  9
$DIMSOXD
 70
0
  9
$DIMSAH
 70
0
  9
$DIMBLK1
  1

  9
$DIMBLK2
  1

  9
$DIMSTYLE
  2
EZDXF
  9
$DIMCLRD
 70
0
  9
$DIMCLRE
 70
0
  9
$DIMCLRT
 70
0
  9
$DIMTFAC
 40
0.5
  9
$DIMGAP
 40
0.1
  9
$DIMJUST
 70
0
  9
$DIMSD1
 70
0
  9
$DIMSD2
 70
0
  9
$DIMTOLJ
 70
0
  9
$DIMTZIN
 70
8
  9
$DIMALTZ
 70
0
  9
$DIMALTTZ
 70
0
  9
$DIMUPT
 70
1
  9
$DIMDEC
 70
2
  9
$DIMTDEC
 70
2
  9
$DIMALTU
 70
2
  9
$DIMALTTD
 70
3
  9
$DIMTXSTY
  7
OpenSansCondensed-Light
  9
$DIMAUNIT
 70
0
  9
$DIMADEC
 70
2
  9
$DIMALTRND
 40
0.0
  9
$DIMAZIN
 70
3
  9
$DIMDSEP
 70
46
  9
$DIMATFIT
 70
3
  9
$DIMFRAC
 70
0
  9
$DIMLDRBLK
  1

  9
$DIMLUNIT
 70
2
  9
$DIMLWD
 70
-2
  9
$DIMLWE
 70
-2
  9
$DIMTMOVE
 70
2
  9
$DIMFXL
 40
1.0
  9
$DIMFXLON
 70
0
  9
$DIMJOGANG
 40
0.785398163397
  9
$DIMTFILL
 70
0
  9
$DIMTFILLCLR
 70
0
  9
$DIMARCSYM
 70
0
  9
$DIMLTYPE
  6

  9
$DIMLTEX1
  6

  9
$DIMLTEX2
  6

  9
$DIMTXTDIRECTION
 70
0
  9
$LUNITS
 70
2
  9
$LUPREC
 70
4
  9
$SKETCHINC
 40
1.0
  9
$FILLETRAD
 40
10.0
  9
$AUNITS
 70
0
  9
$AUPREC
 70
2
  9
$MENU
  1
.
  9
$ELEVATION
 40
0.0
  9
$PELEVATION
 40
0.0
  9
$THICKNESS
 40
0.0
  9
$LIMCHECK
 70
0
  9
$CHAMFERA
 40
0.0
  9
$CHAMFERB
 40
0.0
  9
$CHAMFERC
 40
0.0
  9
$CHAMFERD
 40
0.0
  9
$SKPOLY
 70
0
  9
$TDCREATE
 40
2461248.297233796
  9
$TDUCREATE
 40
2458532.153996898
  9
$TDUPDATE
 40
2461248.297233796
  9
$TDUUPDATE
 40
2458532.1544311
  9
$TDINDWG
 40
0.0
  9
$TDUSRTIMER
 40
0.0
  9
$USRTIMER
 70
1
  9
$ANGBASE
 50
0.0
  9
$ANGDIR
 70
0
  9
$PDMODE
 70
0
  9
$PDSIZE
 40
0.0
  9
$PLINEWID
 40
0.0
  9
$SPLFRAME
 70
0
  9
$SPLINETYPE
 70
6
  9
$SPLINESEGS
 70
8
  9
$HANDSEED
  5
F1E
  9
$SURFTAB1
 70
6
  9
$SURFTAB2
 70
6
  9
$SURFTYPE
 70
6
  9
$SURFU
 70
6
  9
$SURFV
 70
6
  9
$UCSBASE
  2

  9
$UCSNAME
  2

  9
$UCSORG
 10
0.0
 20
0.0
 30
0.0
  9
$UCSXDIR
 10
1.0
 20
0.0
 30
0.0
  9
$UCSYDIR
 10
0.0
 20
1.0
 30
0.0
  9
$UCSORTHOREF
  2

  9
$UCSORTHOVIEW
 70
0
  9
$UCSORGTOP
 10
0.0
 20
0.0
 30
0.0
  9
$UCSORGBOTTOM
 10
0.0
 20
0.0
 30
0.0
  9
$UCSORGLEFT
 10
0.0
 20
0.0
 30
0.0
  9
$UCSORGRIGHT
 10
0.0
 20
0.0
 30
0.0
  9
$UCSORGFRONT
 10
0.0
 20
0.0
 30
0.0
  9
$UCSORGBACK
 10
0.0
 20
0.0
 30
0.0
  9
$PUCSBASE
  2

  9
$PUCSNAME
  2

  9
$PUCSORG
 10
0.0
 20
0.0
 30
0.0
  9
$PUCSXDIR
 10
1.0
 20
0.0
 30
0.0
  9
$PUCSYDIR
 10
0.0
 20
1.0
 30
0.0
  9
$PUCSORTHOREF
  2

  9
$PUCSORTHOVIEW
 70
0
  9
$PUCSORGTOP
 10
0.0
 20
0.0
 30
0.0
  9
$PUCSORGBOTTOM
 10
0.0
 20
0.0
 30
0.0
  9
$PUCSORGLEFT
 10
0.0
 20
0.0
 30
0.0
  9
$PUCSORGRIGHT
 10
0.0
 20
0.0
 30
0.0
  9
$PUCSORGFRONT
 10
0.0
 20
0.0
 30
0.0
  9
$PUCSORGBACK
 10
0.0
 20
0.0
 30
0.0
  9
$USERI1
 70
0
  9
$USERI2
 70
0
  9
$USERI3
 70
0
  9
$USERI4
 70
0
  9
$USERI5
 70
0
  9
$USERR1
 40
0.0
  9
$USERR2
 40
0.0
  9
$USERR3
 40
0.0
  9
$USERR4
 40
0.0
  9
$USERR5
 40
0.0
  9
$WORLDVIEW
 70
1
  9
$SHADEDGE
 70
3
  9
$SHADEDIF
 70
70
  9
$TILEMODE
 70
1
  9
$MAXACTVP
 70
64
  9
$PINSBASE
 10
0.0
 20
0.0
 30
0.0
  9
$PLIMCHECK
 70
0
  9
$PEXTMIN
 10
1e+20
 20
1e+20
 30
1e+20
  9
$PEXTMAX
 10
-1e+20
 20
-1e+20
 30
-1e+20
  9
$PLIMMIN
 10
0.0
 20
0.0
  9
$PLIMMAX
 10
420.0
 20
297.0
  9
$UNITMODE
 70
0
  9
$VISRETAIN
 70
1
  9
$PLINEGEN
 70
0
  9
$PSLTSCALE
 70
1
  9
$TREEDEPTH
 70
3020
  9
$CMLSTYLE
  2
Standard
  9
$CMLJUST
 70
0
  9
$CMLSCALE
 40
20.0
  9
$PROXYGRAPHICS
 70
1
  9
$MEASUREMENT
 70
1
  9
$CELWEIGHT
370
-1
  9
$ENDCAPS
280
0
  9
$JOINSTYLE
280
0
  9
$LWDISPLAY
290
0
  9
$INSUNITS
 70
4
  9
$HYPERLINKBASE
  1

  9
$STYLESHEET
  1

  9
$XEDIT
290
1
  9
$CEPSNTYPE
380
0
  9
$PSTYLEMODE
290
1
  9
$FINGERPRINTGUID
  2
{9B93AFE1-9AC0-4995-93CD-F16886C9B6F2}
  9
$VERSIONGUID
  2
{77A76B37-81CE-4711-A4A1-2E1E0DDD4A1B}
  9
$EXTNAMES
290
1
  9
$PSVPSCALE
 40
0.0
  9
$OLESTARTUP
290
0
  9
$SORTENTS
280
127
  9
$INDEXCTL
280
0
  9
$HIDETEXT
280
1
  9
$XCLIPFRAME
280
1
  9
$HALOGAP
280
0
  9
$OBSCOLOR
 70
257
  9
$OBSLTYPE
280
0
  9
$INTERSECTIONDISPLAY
280
0
  9
$INTERSECTIONCOLOR
 70
257
  9
$DIMASSOC
280
2
  9
$PROJECTNAME
  1

  9
$CAMERADISPLAY
290
0
  9
$LENSLENGTH
 40
50.0
  9
$CAMERAHEIGHT
 40
0.0
  9
$STEPSPERSEC
 40
24.0
  9
$STEPSIZE
 40
100.0
  9
$3DDWFPREC
 40
2.0
  9
$PSOLWIDTH
 40
0.005
  9
$PSOLHEIGHT
 40
0.08
  9
$LOFTANG1
 40
1.570796326795
  9
$LOFTANG2
 40
1.570796326795
  9
$LOFTMAG1
 40
0.0
  9
$LOFTMAG2
 40
0.0
  9
$LOFTPARAM
 70
7
  9
$LOFTNORMALS
280
1
  9
$LATITUDE
 40
37.795
  9
$LONGITUDE
 40
-122.394
  9
$NORTHDIRECTION
 40
0.0
  9
$TIMEZONE
 70
-8000
  9
$LIGHTGLYPHDISPLAY
280
1
  9
$TILEMODELIGHTSYNCH
280
1
  9
$CMATERIAL
347
20
  9
$SOLIDHIST
280
0
  9
$SHOWHIST
280
1
  9
$DWFFRAME
280
2
  9
$DGNFRAME
280
2
  9
$REALWORLDSCALE
290
1
  9
$INTERFERECOLOR
 62
256
  9
$CSHADOW
280
0
  9
$SHADOWPLANELOCATION
 40
0.0
  0
ENDSEC
  0
SECTION
  2
CLASSES
  0
CLASS
  1
ACDBDICTIONARYWDFLT
  2
AcDbDictionaryWithDefault
  3
ObjectDBX Classes
 90
0
 91
0
280
0
281
0
  0
CLASS
  1
SUN
  2
AcDbSun
  3
SCENEOE
 90
1153
 91
0
280
0
281
0
  0
CLASS
  1
VISUALSTYLE
  2
AcDbVisualStyle
  3
ObjectDBX Classes
 90
4095
 91
0
280
0
281
0
  0
CLASS
  1
MATERIAL
  2
AcDbMaterial
  3
ObjectDBX Classes
 90
1153
 91
0
280
0
281
0
  0
CLASS
  1
SCALE
  2
AcDbScale
  3
ObjectDBX Classes
 90
1153
 91
0
280
0
281
0
  0
CLASS
  1
TABLESTYLE
  2
AcDbTableStyle
  3
ObjectDBX Classes
 90
4095
 91
0
280
0
281
0
  0
CLASS
  1
MLEADERSTYLE
  2
AcDbMLeaderStyle
  3
ACDB_MLEADERSTYLE_CLASS
 90
4095
 91
0
280
0
281
0
  0
CLASS
  1
DICTIONARYVAR
  2
AcDbDictionaryVar
  3
ObjectDBX Classes
 90
0
 91
0
280
0
281
0
  0
CLASS
  1
CELLSTYLEMAP
  2
AcDbCellStyleMap
  3
ObjectDBX Classes
 90
1152
 91
0
280
0
281
0
  0
CLASS
  1
MENTALRAYRENDERSETTINGS
  2
AcDbMentalRayRenderSettings
  3
SCENEOE
 90
1024
 91
0
280
0
281
0
  0
CLASS
  1
ACDBDETAILVIEWSTYLE
  2
AcDbDetailViewStyle
  3
ObjectDBX Classes
 90
1025
 91
0
280
0
281
0
  0
CLASS
  1
ACDBSECTIONVIEWSTYLE
  2
AcDbSectionViewStyle
  3
ObjectDBX Classes
 90
1025
 91
0
280
0
281
0
  0
CLASS
  1
RASTERVARIABLES
  2
AcDbRasterVariables
  3
ISM
 90
0
 91
0
280
0
281
0
  0
CLASS
  1
ACDBPLACEHOLDER
  2
AcDbPlaceHolder
  3
ObjectDBX Classes
 90
0
 91
0
280
0
281
0
  0
CLASS
  1
LAYOUT
  2
AcDbLayout
  3
ObjectDBX Classes
 90
0
 91
0
280
0
281
0
  0
ENDSEC
  0
SECTION
  2
TABLES
  0
TABLE
  2
VPORT
  5
8
330
0
100
AcDbSymbolTable
 70
1
  0
VPORT
  5
23
330
8
100
AcDbSymbolTableRecord
100
AcDbViewportTableRecord
  2
*Active
 70
0
 10
0.0
 20
0.0
 11
1.0
 21
1.0
 12
0.0
 22
0.0
 13
0.0
 23
0.0
 14
0.5
 24
0.5
 15
0.5
 25
0.5
 16
0.0
 26
0.0
 36
1.0
 17
0.0
 27
0.0
 37
0.0
 40
1000.0
 41
1.34
 42
50.0
 43
0.0
 44
0.0
 50
0.0
 51
0.0
 71
0
 72
1000
 73
1
 74
3
 75
0
 76
0
 77
0
 78
0
281
0
 65
0
146
0.0
  0
ENDTAB
  0
TABLE
  2
LTYPE
  5
2
330
0
100
AcDbSymbolTable
 70
21
  0
LTYPE
  5
24
330
2
100
AcDbSymbolTableRecord
100
AcDbLinetypeTableRecord
  2
ByBlock
 70
0
  3

 72
65
 73
0
 40
0.0
  0
LTYPE
  5
25
330
2
100
AcDbSymbolTableRecord
100
AcDbLinetypeTableRecord
  2
ByLayer
 70
0
  3

 72
65
 73
0
 40
0.0
  0
LTYPE
  5
26
330
2
100
AcDbSymbolTableRecord
100
AcDbLinetypeTableRecord
  2
Continuous
 70
0
  3

 72
65
 73
0
 40
0.0
  0
LTYPE
  5
2F
330
2
100
AcDbSymbolTableRecord
100
AcDbLinetypeTableRecord
  2
CENTER
 70
0
  3
Center ____ _ ____ _ ____ _ ____ _ ____ _ ____
 72
65
 73
4
 40
5.08
 49
3.175
 74
0
 49
-0.635
 74
0
 49
0.635
 74
0
 49
-0.635
 74
0
  0
LTYPE
  5
30
330
2
100
AcDbSymbolTableRecord
100
AcDbLinetypeTableRecord
  2
CENTERX2
 70
0
  3
Center (2x) ________  __  ________  __  ________
 72
65
 73
4
 40
8.89
 49
6.35
 74
0
 49
-0.635
 74
0
 49
1.27
 74
0
 49
-0.635
 74
0
  0
LTYPE
  5
31
330
2
100
AcDbSymbolTableRecord
100
AcDbLinetypeTableRecord
  2
CENTER2
 70
0
  3
Center (.5x) ____ _ ____ _ ____ _ ____ _ ____
 72
65
 73
4
 40
2.54
 49
1.587
 74
0
 49
-0.318
 74
0
 49
0.318
 74
0
 49
-0.318
 74
0
  0
LTYPE
  5
32
330
2
100
AcDbSymbolTableRecord
100
AcDbLinetypeTableRecord
  2
DASHED
 70
0
  3
Dashed __ __ __ __ __ __ __ __ __ __ __ __ __ _
 72
65
 73
2
 40
1.524
 49
1.27
 74
0
 49
-0.254
 74
0
  0
LTYPE
  5
33
330
2
100
AcDbSymbolTableRecord
100
AcDbLinetypeTableRecord
  2
DASHEDX2
 70
0
  3
Dashed (2x) ____  ____  ____  ____  ____  ____
 72
65
 73
2
 40
3.048
 49
2.54
 74
0
 49
-0.508
 74
0
  0
LTYPE
  5
34
330
2
100
AcDbSymbolTableRecord
100
AcDbLinetypeTableRecord
  2
DASHED2
 70
0
  3
Dashed (.5x) _ _ _ _ _ _ _ _ _ _ _ _ _ _
 72
65
 73
2
 40
0.762
 49
0.635
 74
0
 49
-0.127
 74
0
  0
LTYPE
  5
35
330
2
100
AcDbSymbolTableRecord
100
AcDbLinetypeTableRecord
  2
PHANTOM
 70
0
  3
Phantom ______  __  __  ______  __  __  ______
 72
65
 73
6
 40
6.35
 49
3.175
 74
0
 49
-0.635
 74
0
 49
0.635
 74
0
 49
-0.635
 74
0
 49
0.635
 74
0
 49
-0.635
 74
0
  0
LTYPE
  5
36
330
2
100
AcDbSymbolTableRecord
100
AcDbLinetypeTableRecord
  2
PHANTOMX2
 70
0
  3
Phantom (2x)____________    ____    ____    ____________
 72
65
 73
6
 40
10.795
 49
6.35
 74
0
 49
-0.635
 74
0
 49
1.27
 74
0
 49
-0.635
 74
0
 49
1.27
 74
0
 49
-0.635
 74
0
  0
LTYPE
  5
37
330
2
100
AcDbSymbolTableRecord
100
AcDbLinetypeTableRecord
  2
PHANTOM2
 70
0
  3
Phantom (.5x) ___ _ _ ___ _ _ ___ _ _ ___ _ _ ___
 72
65
 73
6
 40
3.175
 49
1.587
 74
0
 49
-0.318
 74
0
 49
0.318
 74
0
 49
-0.318
 74
0
 49
0.318
 74
0
 49
-0.318
 74
0
  0
LTYPE
  5
38
330
2
100
AcDbSymbolTableRecord
100
AcDbLinetypeTableRecord
  2
DASHDOT
 70
0
  3
Dash dot __ . __ . __ . __ . __ . __ . __ . __
 72
65
 73
4
 40
3.556
 49
2.54
 74
0
 49
-0.508
 74
0
 49
0.0
 74
0
 49
-0.508
 74
0
  0
LTYPE
  5
39
330
2
100
AcDbSymbolTableRecord
100
AcDbLinetypeTableRecord
  2
DASHDOTX2
 70
0
  3
Dash dot (2x) ____  .  ____  .  ____  .  ____
 72
65
 73
4
 40
6.096
 49
5.08
 74
0
 49
-0.508
 74
0
 49
0.0
 74
0
 49
-0.508
 74
0
  0
LTYPE
  5
3A
330
2
100
AcDbSymbolTableRecord
100
AcDbLinetypeTableRecord
  2
DASHDOT2
 70
0
  3
Dash dot (.5x) _ . _ . _ . _ . _ . _ . _ . _
 72
65
 73
4
 40
1.778
 49
1.27
 74
0
 49
-0.254
 74
0
 49
0.0
 74
0
 49
-0.254
 74
0
  0
LTYPE
  5
3B
330
2
100
AcDbSymbolTableRecord
100
AcDbLinetypeTableRecord
  2
DOT
 70
0
  3
Dot .  .  .  .  .  .  .  .  .  .  .  .  .  .  .  .
 72
65
 73
2
 40
0.508
 49
0.0
 74
0
 49
-0.508
 74
0
  0
LTYPE
  5
3C
330
2
100
AcDbSymbolTableRecord
100
AcDbLinetypeTableRecord
  2
DOTX2
 70
0
  3
Dot (2x) .    .    .    .    .    .    .    . 
 72
65
 73
2
 40
1.016
 49
0.0
 74
0
 49
-1.016
 74
0
  0
LTYPE
  5
3D
330
2
100
AcDbSymbolTableRecord
100
AcDbLinetypeTableRecord
  2
DOT2
 70
0
  3
Dot (.5) . . . . . . . . . . . . . . . . . . . 
 72
65
 73
2
 40
0.254
 49
0.0
 74
0
 49
-0.254
 74
0
  0
LTYPE
  5
3E
330
2
100
AcDbSymbolTableRecord
100
AcDbLinetypeTableRecord
  2
DIVIDE
 70
0
  3
Divide __ . . __ . . __ . . __ . . __ . . __
 72
65
 73
6
 40
4.064
 49
2.54
 74
0
 49
-0.508
 74
0
 49
0.0
 74
0
 49
-0.508
 74
0
 49
0.0
 74
0
 49
-0.508
 74
0
  0
LTYPE
  5
3F
330
2
100
AcDbSymbolTableRecord
100
AcDbLinetypeTableRecord
  2
DIVIDEX2
 70
0
  3
Divide (2x) ____  . .  ____  . .  ____  . .  ____
 72
65
 73
6
 40
6.604
 49
5.08
 74
0
 49
-0.508
 74
0
 49
0.0
 74
0
 49
-0.508
 74
0
 49
0.0
 74
0
 49
-0.508
 74
0
  0
LTYPE
  5
40
330
2
100
AcDbSymbolTableRecord
100
AcDbLinetypeTableRecord
  2
DIVIDE2
 70
0
  3
Divide(.5x) _ . _ . _ . _ . _ . _ . _ . _
 72
65
 73
6
 40
2.032
 49
1.27
 74
0
 49
-0.254
 74
0
 49
0.0
 74
0
 49
-0.254
 74
0
 49
0.0
 74
0
 49
-0.254
 74
0
  0
ENDTAB
  0
TABLE
  2
LAYER
  5
1
330
0
100
AcDbSymbolTable
 70
9
  0
LAYER
  5
27
330
1
100
AcDbSymbolTableRecord
100
AcDbLayerTableRecord
  2
0
 70
0
 62
7
  6
Continuous
370
-3
390
13
347
21
  0
LAYER
  5
28
330
1
100
AcDbSymbolTableRecord
100
AcDbLayerTableRecord
  2
Defpoints
 70
0
 62
7
  6
Continuous
290
0
370
-3
390
13
347
21
  0
LAYER
  5
8A
330
1
100
AcDbSymbolTableRecord
100
AcDbLayerTableRecord
  2
NORMA
 70
0
 62
7
  6
CONTINUOUS
370
70
390
13
347
21
  0
LAYER
  5
8B
330
1
100
AcDbSymbolTableRecord
100
AcDbLayerTableRecord
  2
FINA
 70
0
 62
7
  6
CONTINUOUS
370
18
390
13
347
21
  0
LAYER
  5
8C
330
1
100
AcDbSymbolTableRecord
100
AcDbLayerTableRecord
  2
VISIBLE
 70
0
 62
7
  6
CONTINUOUS
370
50
390
13
347
21
  0
LAYER
  5
8D
330
1
100
AcDbSymbolTableRecord
100
AcDbLayerTableRecord
  2
OCULTA
 70
0
 62
8
  6
DASHED
370
25
390
13
347
21
  0
LAYER
  5
8E
330
1
100
AcDbSymbolTableRecord
100
AcDbLayerTableRecord
  2
COTAS
 70
0
 62
7
  6
CONTINUOUS
370
25
390
13
347
21
  0
LAYER
  5
8F
330
1
100
AcDbSymbolTableRecord
100
AcDbLayerTableRecord
  2
PLIEGUE
 70
0
 62
1
  6
DASHDOT
370
25
390
13
347
21
  0
LAYER
  5
90
330
1
100
AcDbSymbolTableRecord
100
AcDbLayerTableRecord
  2
TEXTO
 70
0
 62
7
  6
CONTINUOUS
370
25
390
13
347
21
  0
ENDTAB
  0
TABLE
  2
STYLE
  5
5
330
0
100
AcDbSymbolTable
 70
26
  0
STYLE
  5
29
330
5
100
AcDbSymbolTableRecord
100
AcDbTextStyleTableRecord
  2
Standard
 70
0
 40
0.0
 41
1.0
 50
0.0
 71
0
 42
2.5
  3
txt
  4

  0
STYLE
  5
41
330
5
100
AcDbSymbolTableRecord
100
AcDbTextStyleTableRecord
  2
OpenSans-Light
 70
0
 40
0.0
 41
1.0
 50
0.0
 71
0
 42
2.5
  3
OpenSans-Light.ttf
  4

  0
STYLE
  5
42
330
5
100
AcDbSymbolTableRecord
100
AcDbTextStyleTableRecord
  2
OpenSans-Light-Italic
 70
0
 40
0.0
 41
1.0
 50
0.0
 71
0
 42
2.5
  3
OpenSans-LightItalic.ttf
  4

  0
STYLE
  5
43
330
5
100
AcDbSymbolTableRecord
100
AcDbTextStyleTableRecord
  2
OpenSans
 70
0
 40
0.0
 41
1.0
 50
0.0
 71
0
 42
2.5
  3
OpenSans-Regular.ttf
  4

  0
STYLE
  5
44
330
5
100
AcDbSymbolTableRecord
100
AcDbTextStyleTableRecord
  2
OpenSans-Italic
 70
0
 40
0.0
 41
1.0
 50
0.0
 71
0
 42
2.5
  3
OpenSans-Italic.ttf
  4

  0
STYLE
  5
45
330
5
100
AcDbSymbolTableRecord
100
AcDbTextStyleTableRecord
  2
OpenSans-SemiBold
 70
0
 40
0.0
 41
1.0
 50
0.0
 71
0
 42
2.5
  3
OpenSans-SemiBold.ttf
  4

  0
STYLE
  5
46
330
5
100
AcDbSymbolTableRecord
100
AcDbTextStyleTableRecord
  2
OpenSans-SemiBoldItalic
 70
0
 40
0.0
 41
1.0
 50
0.0
 71
0
 42
2.5
  3
OpenSans-SemiBoldItalic.ttf
  4

  0
STYLE
  5
47
330
5
100
AcDbSymbolTableRecord
100
AcDbTextStyleTableRecord
  2
OpenSans-Bold
 70
0
 40
0.0
 41
1.0
 50
0.0
 71
0
 42
2.5
  3
OpenSans-Bold.ttf
  4

  0
STYLE
  5
48
330
5
100
AcDbSymbolTableRecord
100
AcDbTextStyleTableRecord
  2
OpenSans-BoldItalic
 70
0
 40
0.0
 41
1.0
 50
0.0
 71
0
 42
2.5
  3
OpenSans-BoldItalic.ttf
  4

  0
STYLE
  5
49
330
5
100
AcDbSymbolTableRecord
100
AcDbTextStyleTableRecord
  2
OpenSans-ExtraBold
 70
0
 40
0.0
 41
1.0
 50
0.0
 71
0
 42
2.5
  3
OpenSans-ExtraBold.ttf
  4

  0
STYLE
  5
4A
330
5
100
AcDbSymbolTableRecord
100
AcDbTextStyleTableRecord
  2
OpenSans-ExtraBoldItalic
 70
0
 40
0.0
 41
1.0
 50
0.0
 71
0
 42
2.5
  3
OpenSans-ExtraBoldItalic.ttf
  4

  0
STYLE
  5
4B
330
5
100
AcDbSymbolTableRecord
100
AcDbTextStyleTableRecord
  2
OpenSansCondensed-Bold
 70
0
 40
0.0
 41
1.0
 50
0.0
 71
0
 42
2.5
  3
OpenSansCondensed-Bold.ttf
  4

  0
STYLE
  5
4C
330
5
100
AcDbSymbolTableRecord
100
AcDbTextStyleTableRecord
  2
OpenSansCondensed-Light
 70
0
 40
0.0
 41
1.0
 50
0.0
 71
0
 42
2.5
  3
OpenSansCondensed-Light.ttf
  4

  0
STYLE
  5
4D
330
5
100
AcDbSymbolTableRecord
100
AcDbTextStyleTableRecord
  2
OpenSansCondensed-Italic
 70
0
 40
0.0
 41
1.0
 50
0.0
 71
0
 42
2.5
  3
OpenSansCondensed-LightItalic.ttf
  4

  0
STYLE
  5
4E
330
5
100
AcDbSymbolTableRecord
100
AcDbTextStyleTableRecord
  2
LiberationSans
 70
0
 40
0.0
 41
1.0
 50
0.0
 71
0
 42
2.5
  3
LiberationSans-Regular.ttf
  4

  0
STYLE
  5
4F
330
5
100
AcDbSymbolTableRecord
100
AcDbTextStyleTableRecord
  2
LiberationSans-Bold
 70
0
 40
0.0
 41
1.0
 50
0.0
 71
0
 42
2.5
  3
LiberationSans-Bold.ttf
  4

  0
STYLE
  5
50
330
5
100
AcDbSymbolTableRecord
100
AcDbTextStyleTableRecord
  2
LiberationSans-BoldItalic
 70
0
 40
0.0
 41
1.0
 50
0.0
 71
0
 42
2.5
  3
LiberationSans-BoldItalic.ttf
  4

  0
STYLE
  5
51
330
5
100
AcDbSymbolTableRecord
100
AcDbTextStyleTableRecord
  2
LiberationSans-Italic
 70
0
 40
0.0
 41
1.0
 50
0.0
 71
0
 42
2.5
  3
LiberationSans-Italic.ttf
  4

  0
STYLE
  5
52
330
5
100
AcDbSymbolTableRecord
100
AcDbTextStyleTableRecord
  2
LiberationSerif
 70
0
 40
0.0
 41
1.0
 50
0.0
 71
0
 42
2.5
  3
LiberationSerif-Regular.ttf
  4

  0
STYLE
  5
53
330
5
100
AcDbSymbolTableRecord
100
AcDbTextStyleTableRecord
  2
LiberationSerif-Bold
 70
0
 40
0.0
 41
1.0
 50
0.0
 71
0
 42
2.5
  3
LiberationSerif-Bold.ttf
  4

  0
STYLE
  5
54
330
5
100
AcDbSymbolTableRecord
100
AcDbTextStyleTableRecord
  2
LiberationSerif-BoldItalic
 70
0
 40
0.0
 41
1.0
 50
0.0
 71
0
 42
2.5
  3
LiberationSerif-BoldItalic.ttf
  4

  0
STYLE
  5
55
330
5
100
AcDbSymbolTableRecord
100
AcDbTextStyleTableRecord
  2
LiberationSerif-Italic
 70
0
 40
0.0
 41
1.0
 50
0.0
 71
0
 42
2.5
  3
LiberationSerif-Italic.ttf
  4

  0
STYLE
  5
56
330
5
100
AcDbSymbolTableRecord
100
AcDbTextStyleTableRecord
  2
LiberationMono
 70
0
 40
0.0
 41
1.0
 50
0.0
 71
0
 42
2.5
  3
LiberationMono-Regular.ttf
  4

  0
STYLE
  5
57
330
5
100
AcDbSymbolTableRecord
100
AcDbTextStyleTableRecord
  2
LiberationMono-Bold
 70
0
 40
0.0
 41
1.0
 50
0.0
 71
0
 42
2.5
  3
LiberationMono-Bold.ttf
  4

  0
STYLE
  5
58
330
5
100
AcDbSymbolTableRecord
100
AcDbTextStyleTableRecord
  2
LiberationMono-BoldItalic
 70
0
 40
0.0
 41
1.0
 50
0.0
 71
0
 42
2.5
  3
LiberationMono-BoldItalic.ttf
  4

  0
STYLE
  5
59
330
5
100
AcDbSymbolTableRecord
100
AcDbTextStyleTableRecord
  2
LiberationMono-Italic
 70
0
 40
0.0
 41
1.0
 50
0.0
 71
0
 42
2.5
  3
LiberationMono-Italic.ttf
  4

  0
ENDTAB
  0
TABLE
  2
VIEW
  5
7
330
0
100
AcDbSymbolTable
 70
0
  0
ENDTAB
  0
TABLE
  2
UCS
  5
6
330
0
100
AcDbSymbolTable
 70
0
  0
ENDTAB
  0
TABLE
  2
APPID
  5
3
330
0
100
AcDbSymbolTable
 70
3
  0
APPID
  5
2A
330
3
100
AcDbSymbolTableRecord
100
AcDbRegAppTableRecord
  2
ACAD
 70
0
  0
APPID
  5
F1B
330
3
100
AcDbSymbolTableRecord
100
AcDbRegAppTableRecord
  2
HATCHBACKGROUNDCOLOR
 70
0
  0
APPID
  5
F1C
330
3
100
AcDbSymbolTableRecord
100
AcDbRegAppTableRecord
  2
EZDXF
 70
0
  0
ENDTAB
  0
TABLE
  2
DIMSTYLE
  5
4
330
0
100
AcDbSymbolTable
 70
13
100
AcDbDimStyleTable
  0
DIMSTYLE
105
2B
330
4
100
AcDbSymbolTableRecord
100
AcDbDimStyleTableRecord
  2
Standard
 70
0
 40
1.0
 41
2.5
 42
0.625
 43
3.75
 44
1.25
 45
0.0
 46
0.0
 47
0.0
 48
0.0
 49
2.5
140
2.5
141
2.5
142
0.0
143
0.03937007874
144
1.0
145
0.0
146
1.0
147
0.625
148
0.0
 69
0
 70
0
 71
0
 72
0
 73
0
 74
0
 75
0
 76
0
 77
1
 78
8
 79
3
170
0
171
3
172
1
173
0
174
0
175
0
176
0
177
0
178
0
179
2
271
2
272
2
273
2
274
3
275
0
276
0
277
2
278
44
279
0
280
0
281
0
282
0
283
0
284
8
285
0
286
0
288
0
289
3
290
0
371
-2
372
-2
  0
DIMSTYLE
105
73
330
4
100
AcDbSymbolTableRecord
100
AcDbDimStyleTableRecord
  2
EZDXF
 70
0
 40
1.0
 41
0.175
 42
0.125
 43
3.75
 44
0.375
 45
0.0
 46
0.0
 47
0.0
 48
0.0
 49
2.5
140
0.25
141
2.5
142
0.0
143
0.03937007874
144
100.0
145
0.0
146
0.5
147
0.1
148
0.0
 69
0
 70
0
 71
0
 72
0
 73
0
 74
0
 75
0
 76
0
 77
1
 78
12
 79
3
170
0
171
3
172
1
173
0
174
0
175
0
176
0
177
0
178
0
179
2
271
2
272
2
273
2
274
3
275
0
276
0
277
2
278
46
279
2
280
0
281
0
282
0
283
0
284
8
285
0
286
0
288
1
289
3
290
0
340
4C
342
74
371
-2
372
-2
  0
DIMSTYLE
105
7C
330
4
100
AcDbSymbolTableRecord
100
AcDbDimStyleTableRecord
  2
EZ_M_100_H25_CM
 70
0
 40
1.0
 41
0.25
 42
0.125
 43
3.75
 44
0.375
 45
0.0
 46
0.0
 47
0.0
 48
0.0
 49
2.5
140
0.25
141
2.5
142
0.125
143
0.03937007874
144
100.0
145
0.0
146
0.5
147
0.1
148
0.0
 69
0
 70
0
 71
0
 72
0
 73
0
 74
0
 75
0
 76
0
 77
1
 78
12
 79
3
170
0
171
3
172
1
173
0
174
0
175
0
176
0
177
0
178
0
179
2
271
2
272
2
273
2
274
3
275
0
276
0
277
2
278
46
279
2
280
0
281
0
282
0
283
0
284
8
285
0
286
0
288
1
289
3
290
0
340
4C
371
-2
372
-2
  0
DIMSTYLE
105
7D
330
4
100
AcDbSymbolTableRecord
100
AcDbDimStyleTableRecord
  2
EZ_M_50_H25_CM
 70
0
 40
1.0
 41
0.125
 42
0.0625
 43
3.75
 44
0.1875
 45
0.0
 46
0.0
 47
0.0
 48
0.0
 49
2.5
140
0.125
141
2.5
142
0.0625
143
0.03937007874
144
100.0
145
0.0
146
0.5
147
0.05
148
0.0
 69
0
 70
0
 71
0
 72
0
 73
0
 74
0
 75
0
 76
0
 77
1
 78
12
 79
3
170
0
171
3
172
1
173
0
174
0
175
0
176
0
177
0
178
0
179
2
271
2
272
2
273
2
274
3
275
0
276
0
277
2
278
46
279
2
280
0
281
0
282
0
283
0
284
8
285
0
286
0
288
1
289
3
290
0
340
4C
371
-2
372
-2
  0
DIMSTYLE
105
7E
330
4
100
AcDbSymbolTableRecord
100
AcDbDimStyleTableRecord
  2
EZ_M_25_H25_CM
 70
0
 40
1.0
 41
0.0625
 42
0.03125
 43
3.75
 44
0.09375
 45
0.0
 46
0.0
 47
0.0
 48
0.0
 49
2.5
140
0.0625
141
2.5
142
0.03125
143
0.03937007874
144
100.0
145
0.0
146
0.5
147
0.025
148
0.0
 69
0
 70
0
 71
0
 72
0
 73
0
 74
0
 75
0
 76
0
 77
1
 78
12
 79
3
170
0
171
3
172
1
173
0
174
0
175
0
176
0
177
0
178
0
179
2
271
2
272
2
273
2
274
3
275
0
276
0
277
2
278
46
279
2
280
0
281
0
282
0
283
0
284
8
285
0
286
0
288
1
289
3
290
0
340
4C
371
-2
372
-2
  0
DIMSTYLE
105
7F
330
4
100
AcDbSymbolTableRecord
100
AcDbDimStyleTableRecord
  2
EZ_M_20_H25_CM
 70
0
 40
1.0
 41
0.05
 42
0.025
 43
3.75
 44
0.07500000000000001
 45
0.0
 46
0.0
 47
0.0
 48
0.0
 49
2.5
140
0.05
141
2.5
142
0.025
143
0.03937007874
144
100.0
145
0.0
146
0.5
147
0.020000000000000004
148
0.0
 69
0
 70
0
 71
0
 72
0
 73
0
 74
0
 75
0
 76
0
 77
1
 78
12
 79
3
170
0
171
3
172
1
173
0
174
0
175
0
176
0
177
0
178
0
179
2
271
2
272
2
273
2
274
3
275
0
276
0
277
2
278
46
279
2
280
0
281
0
282
0
283
0
284
8
285
0
286
0
288
1
289
3
290
0
340
4C
371
-2
372
-2
  0
DIMSTYLE
105
80
330
4
100
AcDbSymbolTableRecord
100
AcDbDimStyleTableRecord
  2
EZ_M_10_H25_CM
 70
0
 40
1.0
 41
0.025
 42
0.0125
 43
3.75
 44
0.037500000000000006
 45
0.0
 46
0.0
 47
0.0
 48
0.0
 49
2.5
140
0.025
141
2.5
142
0.0125
143
0.03937007874
144
100.0
145
0.0
146
0.5
147
0.010000000000000002
148
0.0
 69
0
 70
0
 71
0
 72
0
 73
0
 74
0
 75
0
 76
0
 77
1
 78
12
 79
3
170
0
171
3
172
1
173
0
174
0
175
0
176
0
177
0
178
0
179
2
271
2
272
2
273
2
274
3
275
0
276
0
277
2
278
46
279
2
280
0
281
0
282
0
283
0
284
8
285
0
286
0
288
1
289
3
290
0
340
4C
371
-2
372
-2
  0
DIMSTYLE
105
81
330
4
100
AcDbSymbolTableRecord
100
AcDbDimStyleTableRecord
  2
EZ_M_5_H25_CM
 70
0
 40
1.0
 41
0.0125
 42
0.00625
 43
3.75
 44
0.018750000000000003
 45
0.0
 46
0.0
 47
0.0
 48
0.0
 49
2.5
140
0.0125
141
2.5
142
0.00625
143
0.03937007874
144
100.0
145
0.0
146
0.5
147
0.005000000000000001
148
0.0
 69
0
 70
0
 71
0
 72
0
 73
0
 74
0
 75
0
 76
0
 77
1
 78
12
 79
3
170
0
171
3
172
1
173
0
174
0
175
0
176
0
177
0
178
0
179
2
271
2
272
2
273
2
274
3
275
0
276
0
277
2
278
46
279
2
280
0
281
0
282
0
283
0
284
8
285
0
286
0
288
1
289
3
290
0
340
4C
371
-2
372
-2
  0
DIMSTYLE
105
82
330
4
100
AcDbSymbolTableRecord
100
AcDbDimStyleTableRecord
  2
EZ_M_1_H25_CM
 70
0
 40
1.0
 41
0.0025
 42
0.00125
 43
3.75
 44
0.00375
 45
0.0
 46
0.0
 47
0.0
 48
0.0
 49
2.5
140
0.0025
141
2.5
142
0.00125
143
0.03937007874
144
100.0
145
0.0
146
0.5
147
0.001
148
0.0
 69
0
 70
0
 71
0
 72
0
 73
0
 74
0
 75
0
 76
0
 77
1
 78
12
 79
3
170
0
171
3
172
1
173
0
174
0
175
0
176
0
177
0
178
0
179
2
271
2
272
2
273
2
274
3
275
0
276
0
277
2
278
46
279
2
280
0
281
0
282
0
283
0
284
8
285
0
286
0
288
1
289
3
290
0
340
4C
371
-2
372
-2
  0
DIMSTYLE
105
83
330
4
100
AcDbSymbolTableRecord
100
AcDbDimStyleTableRecord
  2
EZ_RADIUS
 70
0
 40
1.0
 41
0.25
 42
0.125
 43
3.75
 44
0.375
 45
0.0
 46
0.0
 47
0.0
 48
0.0
 49
2.5
140
0.25
141
0.0
142
0.0
143
0.03937007874
144
100.0
145
0.0
146
0.5
147
0.1
148
0.0
 69
0
 70
0
 71
0
 72
0
 73
0
 74
0
 75
0
 76
0
 77
1
 78
12
 79
3
170
0
171
3
172
0
173
0
174
0
175
0
176
0
177
0
178
0
179
2
271
2
272
2
273
2
274
3
275
0
276
0
277
2
278
46
279
1
280
0
281
0
282
0
283
0
284
8
285
0
286
0
288
1
289
3
290
0
340
4C
342
84
371
-2
372
-2
  0
DIMSTYLE
105
88
330
4
100
AcDbSymbolTableRecord
100
AcDbDimStyleTableRecord
  2
EZ_RADIUS_INSIDE
 70
0
 40
1.0
 41
0.25
 42
0.125
 43
3.75
 44
0.375
 45
0.0
 46
0.0
 47
0.0
 48
0.0
 49
2.5
140
0.25
141
0.0
142
0.0
143
0.03937007874
144
100.0
145
0.0
146
0.5
147
0.1
148
0.0
 69
0
 70
0
 71
0
 72
0
 73
0
 74
0
 75
0
 76
0
 77
0
 78
12
 79
3
170
0
171
3
172
0
173
0
174
1
175
0
176
0
177
0
178
0
179
2
271
2
272
2
273
2
274
3
275
0
276
0
277
2
278
46
279
0
280
0
281
0
282
0
283
0
284
8
285
0
286
0
288
1
289
0
290
0
340
4C
342
84
371
-2
372
-2
  0
DIMSTYLE
105
89
330
4
100
AcDbSymbolTableRecord
100
AcDbDimStyleTableRecord
  2
EZ_CURVED
 70
0
 40
1.0
 41
0.25
 42
0.125
 43
3.75
 44
0.375
 45
0.0
 46
0.0
 47
0.0
 48
0.0
 49
2.5
140
0.25
141
2.5
142
0.0
143
0.03937007874
144
100.0
145
0.0
146
0.5
147
0.1
148
0.0
 69
0
 70
0
 71
0
 72
0
 73
0
 74
0
 75
0
 76
0
 77
1
 78
12
 79
2
 90
2
170
0
171
3
172
1
173
0
174
0
175
0
176
0
177
0
178
0
179
2
271
2
272
2
273
2
274
3
275
0
276
0
277
2
278
46
279
2
280
0
281
0
282
0
283
0
284
8
285
0
286
0
288
1
289
3
290
0
340
4C
371
-2
372
-2
  0
DIMSTYLE
105
91
330
4
100
AcDbSymbolTableRecord
100
AcDbDimStyleTableRecord
  2
F3D_1000
 70
0
 40
1.0
 41
2.5
 42
1.0
 43
3.75
 44
1.5
 45
0.0
 46
0.0
 47
0.0
 48
0.0
 49
2.5
140
3.5
141
2.5
142
0.0
143
0.03937007874
144
1.0
145
0.0
146
1.0
147
0.9
148
0.0
 69
0
 70
0
 71
0
 72
0
 73
0
 74
0
 75
0
 76
0
 77
1
 78
8
 79
3
170
0
171
3
172
1
173
0
174
0
175
0
176
0
177
0
178
0
179
2
271
1
272
2
273
2
274
3
275
0
276
0
277
2
278
46
279
0
280
0
281
0
282
0
283
0
284
8
285
0
286
0
288
0
289
3
290
0
371
-2
372
-2
  0
ENDTAB
  0
TABLE
  2
BLOCK_RECORD
  5
9
330
0
100
AcDbSymbolTable
 70
8
  0
BLOCK_RECORD
  5
17
330
9
100
AcDbSymbolTableRecord
100
AcDbBlockTableRecord
  2
*Model_Space
340
1A
 70
0
280
1
281
0
  0
BLOCK_RECORD
  5
1B
330
9
100
AcDbSymbolTableRecord
100
AcDbBlockTableRecord
  2
*Paper_Space
340
1E
 70
0
280
1
281
0
  0
BLOCK_RECORD
  5
74
330
9
100
AcDbSymbolTableRecord
100
AcDbBlockTableRecord
  2
_ARCHTICK
340
0
 70
0
280
1
281
0
  0
BLOCK_RECORD
  5
78
330
9
100
AcDbSymbolTableRecord
100
AcDbBlockTableRecord
  2
_CLOSEDFILLED
340
0
 70
0
280
1
281
0
  0
BLOCK_RECORD
  5
84
330
9
100
AcDbSymbolTableRecord
100
AcDbBlockTableRecord
  2
_CLOSEDBLANK
340
0
 70
0
280
1
281
0
  0
BLOCK_RECORD
  5
3F0
330
9
100
AcDbSymbolTableRecord
100
AcDbBlockTableRecord
  2
*D1
340
0
 70
0
280
1
281
0
  0
BLOCK_RECORD
  5
3FF
330
9
100
AcDbSymbolTableRecord
100
AcDbBlockTableRecord
  2
*D2
340
0
 70
0
280
1
281
0
  0
BLOCK_RECORD
  5
6F9
330
9
100
AcDbSymbolTableRecord
100
AcDbBlockTableRecord
  2
*D3
340
0
 70
0
280
1
281
0
  0
ENDTAB
  0
ENDSEC
  0
SECTION
  2
BLOCKS
  0
BLOCK
  5
18
330
17
100
AcDbEntity
  8
0
100
AcDbBlockBegin
  2
*Model_Space
 70
0
 10
0.0
 20
0.0
 30
0.0
  3
*Model_Space
  1

  0
ENDBLK
  5
19
330
17
100
AcDbEntity
  8
0
100
AcDbBlockEnd
  0
BLOCK
  5
1C
330
1B
100
AcDbEntity
  8
0
100
AcDbBlockBegin
  2
*Paper_Space
 70
0
 10
0.0
 20
0.0
 30
0.0
  3
*Paper_Space
  1

  0
ENDBLK
  5
1D
330
1B
100
AcDbEntity
  8
0
100
AcDbBlockEnd
  0
BLOCK
  5
75
330
74
100
AcDbEntity
  8
0
100
AcDbBlockBegin
  2
_ARCHTICK
 70
0
 10
0.0
 20
0.0
 30
0.0
  3
_ARCHTICK
  1

  0
LWPOLYLINE
  5
77
330
74
100
AcDbEntity
  8
0
  6
BYBLOCK
 62
0
100
AcDbPolyline
 90
2
 70
0
 43
0.15
 10
-0.5
 20
-0.5
 10
0.5
 20
0.5
  0
ENDBLK
  5
76
330
74
100
AcDbEntity
  8
0
100
AcDbBlockEnd
  0
BLOCK
  5
79
330
78
100
AcDbEntity
  8
0
100
AcDbBlockBegin
  2
_CLOSEDFILLED
 70
0
 10
0.0
 20
0.0
 30
0.0
  3
_CLOSEDFILLED
  1

  0
SOLID
  5
7B
330
78
100
AcDbEntity
  8
0
  6
BYBLOCK
 62
0
100
AcDbTrace
 10
-1.0
 20
0.16439898372402537
 30
0.0
 11
0.0
 21
0.0
 31
0.0
 12
-1.0
 22
-0.16439898372402537
 32
0.0
 13
-1.0
 23
-0.16439898372402537
 33
0.0
  0
ENDBLK
  5
7A
330
78
100
AcDbEntity
  8
0
100
AcDbBlockEnd
  0
BLOCK
  5
85
330
84
100
AcDbEntity
  8
0
100
AcDbBlockBegin
  2
_CLOSEDBLANK
 70
0
 10
0.0
 20
0.0
 30
0.0
  3
_CLOSEDBLANK
  1

  0
LWPOLYLINE
  5
87
330
84
100
AcDbEntity
  8
0
  6
BYBLOCK
 62
0
100
AcDbPolyline
 90
3
 70
1
 10
-1.0
 20
0.16439898372402537
 10
0.0
 20
0.0
 10
-1.0
 20
-0.16439898372402537
  0
ENDBLK
  5
86
330
84
100
AcDbEntity
  8
0
100
AcDbBlockEnd
  0
BLOCK
  5
3F1
330
3F0
100
AcDbEntity
  8
0
100
AcDbBlockBegin
  2
*D1
 70
1
 10
0.0
 20
0.0
 30
0.0
  3
*D1
  1

  0
LINE
  5
3F3
330
3F0
100
AcDbEntity
  8
0
100
AcDbLine
 10
211.96877707974303
 20
180.5
 30
0.0
 11
211.96877707974303
 21
171.0
 31
0.0
  0
LINE
  5
3F4
330
3F0
100
AcDbEntity
  8
0
100
AcDbLine
 10
257.96877707974306
 20
180.5
 30
0.0
 11
257.96877707974306
 21
171.0
 31
0.0
  0
INSERT
  5
3F5
330
3F0
100
AcDbEntity
  8
COTAS
100
AcDbBlockReference
  2
_CLOSEDFILLED
 10
211.96877707974303
 20
172.5
 30
0.0
 41
2.5
 42
2.5
 50
180.0
  0
INSERT
  5
3F7
330
3F0
100
AcDbEntity
  8
COTAS
100
AcDbBlockReference
  2
_CLOSEDFILLED
 10
257.96877707974306
 20
172.5
 30
0.0
 41
2.5
 42
2.5
  0
LINE
  5
3F9
330
3F0
100
AcDbEntity
  8
0
100
AcDbLine
 10
214.46877707974303
 20
172.5
 30
0.0
 11
255.46877707974306
 21
172.5
 31
0.0
  0
MTEXT
  5
3FA
330
3F0
100
AcDbEntity
  8
COTAS
100
AcDbMText
 10
234.96877707974306
 20
175.15
 30
0.0
 40
3.5
 71
5
  1
46
  7
OpenSansCondensed-Light
  0
POINT
  5
3FB
330
3F0
100
AcDbEntity
  8
Defpoints
100
AcDbPoint
 10
211.96877707974303
 20
172.5
 30
0.0
  0
POINT
  5
3FC
330
3F0
100
AcDbEntity
  8
Defpoints
100
AcDbPoint
 10
211.96877707974303
 20
181.5
 30
0.0
  0
POINT
  5
3FD
330
3F0
100
AcDbEntity
  8
Defpoints
100
AcDbPoint
 10
257.96877707974306
 20
181.5
 30
0.0
  0
ENDBLK
  5
3F2
330
3F0
100
AcDbEntity
  8
0
100
AcDbBlockEnd
  0
BLOCK
  5
400
330
3FF
100
AcDbEntity
  8
0
100
AcDbBlockBegin
  2
*D2
 70
1
 10
0.0
 20
0.0
 30
0.0
  3
*D2
  1

  0
LINE
  5
402
330
3FF
100
AcDbEntity
  8
0
100
AcDbLine
 10
258.96877707974306
 20
181.5
 30
0.0
 11
268.46877707974306
 21
181.5
 31
0.0
  0
LINE
  5
403
330
3FF
100
AcDbEntity
  8
0
100
AcDbLine
 10
258.96877707974306
 20
357.5
 30
0.0
 11
268.46877707974306
 21
357.5
 31
0.0
  0
INSERT
  5
404
330
3FF
100
AcDbEntity
  8
COTAS
100
AcDbBlockReference
  2
_CLOSEDFILLED
 10
266.96877707974306
 20
181.5
 30
0.0
 41
2.5
 42
2.5
 50
270.0
  0
INSERT
  5
406
330
3FF
100
AcDbEntity
  8
COTAS
100
AcDbBlockReference
  2
_CLOSEDFILLED
 10
266.96877707974306
 20
357.5
 30
0.0
 41
2.5
 42
2.5
 50
90.0
  0
LINE
  5
408
330
3FF
100
AcDbEntity
  8
0
100
AcDbLine
 10
266.96877707974306
 20
184.0
 30
0.0
 11
266.96877707974306
 21
355.0
 31
0.0
  0
MTEXT
  5
409
330
3FF
100
AcDbEntity
  8
COTAS
100
AcDbMText
 10
264.3187770797431
 20
269.5
 30
0.0
 40
3.5
 71
5
  1
176
  7
OpenSansCondensed-Light
 50
90.0
  0
POINT
  5
40A
330
3FF
100
AcDbEntity
  8
Defpoints
100
AcDbPoint
 10
266.96877707974306
 20
181.5
 30
0.0
  0
POINT
  5
40B
330
3FF
100
AcDbEntity
  8
Defpoints
100
AcDbPoint
 10
257.96877707974306
 20
181.5
 30
0.0
  0
POINT
  5
40C
330
3FF
100
AcDbEntity
  8
Defpoints
100
AcDbPoint
 10
257.96877707974306
 20
357.5
 30
0.0
  0
ENDBLK
  5
401
330
3FF
100
AcDbEntity
  8
0
100
AcDbBlockEnd
  0
BLOCK
  5
6FA
330
6F9
100
AcDbEntity
  8
0
100
AcDbBlockBegin
  2
*D3
 70
1
 10
0.0
 20
0.0
 30
0.0
  3
*D3
  1

  0
LINE
  5
6FC
330
6F9
100
AcDbEntity
  8
0
100
AcDbLine
 10
258.96877707974306
 20
109.5
 30
0.0
 11
268.46877707974306
 21
109.5
 31
0.0
  0
LINE
  5
6FD
330
6F9
100
AcDbEntity
  8
0
100
AcDbLine
 10
258.96877707974306
 20
155.5
 30
0.0
 11
268.46877707974306
 21
155.5
 31
0.0
  0
INSERT
  5
6FE
330
6F9
100
AcDbEntity
  8
COTAS
100
AcDbBlockReference
  2
_CLOSEDFILLED
 10
266.96877707974306
 20
109.5
 30
0.0
 41
2.5
 42
2.5
 50
270.0
  0
INSERT
  5
700
330
6F9
100
AcDbEntity
  8
COTAS
100
AcDbBlockReference
  2
_CLOSEDFILLED
 10
266.96877707974306
 20
155.5
 30
0.0
 41
2.5
 42
2.5
 50
90.0
  0
LINE
  5
702
330
6F9
100
AcDbEntity
  8
0
100
AcDbLine
 10
266.96877707974306
 20
112.0
 30
0.0
 11
266.96877707974306
 21
153.0
 31
0.0
  0
MTEXT
  5
703
330
6F9
100
AcDbEntity
  8
COTAS
100
AcDbMText
 10
264.3187770797431
 20
132.5
 30
0.0
 40
3.5
 71
5
  1
46
  7
OpenSansCondensed-Light
 50
90.0
  0
POINT
  5
704
330
6F9
100
AcDbEntity
  8
Defpoints
100
AcDbPoint
 10
266.96877707974306
 20
109.5
 30
0.0
  0
POINT
  5
705
330
6F9
100
AcDbEntity
  8
Defpoints
100
AcDbPoint
 10
257.96877707974306
 20
109.5
 30
0.0
  0
POINT
  5
706
330
6F9
100
AcDbEntity
  8
Defpoints
100
AcDbPoint
 10
257.96877707974306
 20
155.5
 30
0.0
  0
ENDBLK
  5
6FB
330
6F9
100
AcDbEntity
  8
0
100
AcDbBlockEnd
  0
ENDSEC
  0
SECTION
  2
ENTITIES
  0
LINE
  5
92
330
17
100
AcDbEntity
  8
VISIBLE
100
AcDbLine
 10
232.74649610058654
 20
357.5
 30
0.0
 11
232.5337313605963
 21
357.5
 31
0.0
  0
LINE
  5
93
330
17
100
AcDbEntity
  8
VISIBLE
100
AcDbLine
 10
232.33139385716308
 20
357.5
 30
0.0
 11
232.5337313605963
 21
357.5
 31
0.0
  0
LINE
  5
94
330
17
100
AcDbEntity
  8
VISIBLE
100
AcDbLine
 10
232.74649610058654
 20
357.5
 30
0.0
 11
232.96877707974303
 21
357.5
 31
0.0
  0
LINE
  5
95
330
17
100
AcDbEntity
  8
VISIBLE
100
AcDbLine
 10
233.43804337517608
 20
357.5
 30
0.0
 11
233.19962229267944
 21
357.5
 31
0.0
  0
LINE
  5
96
330
17
100
AcDbEntity
  8
VISIBLE
100
AcDbLine
 10
232.96877707974303
 20
357.5
 30
0.0
 11
233.19962229267944
 21
357.5
 31
0.0
  0
LINE
  5
97
330
17
100
AcDbEntity
  8
VISIBLE
100
AcDbLine
 10
233.43804337517608
 20
357.5
 30
0.0
 11
233.68301918045867
 21
357.5
 31
0.0
  0
LINE
  5
98
330
17
100
AcDbEntity
  8
VISIBLE
100
AcDbLine
 10
233.68301918045867
 20
357.5
 30
0.0
 11
233.93350090519775
 21
357.5
 31
0.0
  0
LINE
  5
99
330
17
100
AcDbEntity
  8
VISIBLE
100
AcDbLine
 10
233.93350090519775
 20
357.5
 30
0.0
 11
234.18841578499664
 21
357.5
 31
0.0
  0
LINE
  5
9A
330
17
100
AcDbEntity
  8
VISIBLE
100
AcDbLine
 10
234.18841578499664
 20
357.5
 30
0.0
 11
234.4466723396002
 21
357.5
 31
0.0
  0
LINE
  5
9B
330
17
100
AcDbEntity
  8
VISIBLE
100
AcDbLine
 10
234.4466723396002
 20
357.5
 30
0.0
 11
234.70716457502235
 21
357.5
 31
0.0
  0
LINE
  5
9C
330
17
100
AcDbEntity
  8
VISIBLE
100
AcDbLine
 10
234.70716457502235
 20
357.5
 30
0.0
 11
234.96877707974303
 21
357.5
 31
0.0
  0
LINE
  5
9D
330
17
100
AcDbEntity
  8
VISIBLE
100
AcDbLine
 10
231.9614178134619
 20
357.5
 30
0.0
 11
231.79536380307067
 21
357.5
 31
0.0
  0
LINE
  5
9E
330
17
100
AcDbEntity
  8
VISIBLE
100
AcDbLine
 10
231.6428986980139
 20
357.5
 30
0.0
 11
231.79536380307067
 21
357.5
 31
0.0
  0
LINE
  5
9F
330
17
100
AcDbEntity
  8
VISIBLE
100
AcDbLine
 10
231.6428986980139
 20
357.5
 30
0.0
 11
231.50467552677978
 21
357.5
 31
0.0
  0
LINE
  5
A0
330
17
100
AcDbEntity
  8
VISIBLE
100
AcDbLine
 10
231.27325906292785
 20
357.5
 30
0.0
 11
231.3812860442816
 21
357.5
 31
0.0
  0
LINE
  5
A1
330
17
100
AcDbEntity
  8
VISIBLE
100
AcDbLine
 10
231.50467552677978
 20
357.5
 30
0.0
 11
231.3812860442816
 21
357.5
 31
0.0
  0
LINE
  5
A2
330
17
100
AcDbEntity
  8
VISIBLE
100
AcDbLine
 10
231.27325906292785
 20
357.5
 30
0.0
 11
231.1810566379248
 21
357.5
 31
0.0
  0
LINE
  5
A3
330
17
100
AcDbEntity
  8
VISIBLE
100
AcDbLine
 10
231.1810566379248
 20
357.5
 30
0.0
 11
231.10507382885802
 21
357.5
 31
0.0
  0
LINE
  5
A4
330
17
100
AcDbEntity
  8
VISIBLE
100
AcDbLine
 10
231.10507382885802
 20
357.5
 30
0.0
 11
231.045636077088
 21
357.5
 31
0.0
  0
LINE
  5
A5
330
17
100
AcDbEntity
  8
VISIBLE
100
AcDbLine
 10
231.045636077088
 20
357.5
 30
0.0
 11
231.00299753682006
 21
357.5
 31
0.0
  0
LINE
  5
A6
330
17
100
AcDbEntity
  8
VISIBLE
100
AcDbLine
 10
231.00299753682006
 20
357.5
 30
0.0
 11
230.97734131352294
 21
357.5
 31
0.0
  0
LINE
  5
A7
330
17
100
AcDbEntity
  8
VISIBLE
100
AcDbLine
 10
232.33139385716308
 20
357.5
 30
0.0
 11
232.1403500034033
 21
357.5
 31
0.0
  0
LINE
  5
A8
330
17
100
AcDbEntity
  8
VISIBLE
100
AcDbLine
 10
231.9614178134619
 20
357.5
 30
0.0
 11
232.1403500034033
 21
357.5
 31
0.0
  0
LINE
  5
A9
330
17
100
AcDbEntity
  8
VISIBLE
100
AcDbLine
 10
232.46877707974303
 20
307.0
 30
0.0
 11
232.46877707974303
 21
300.0
 31
0.0
  0
LINE
  5
AA
330
17
100
AcDbEntity
  8
VISIBLE
100
AcDbLine
 10
211.96877707974303
 20
307.0
 30
0.0
 11
211.96877707974303
 21
300.0
 31
0.0
  0
LINE
  5
AB
330
17
100
AcDbEntity
  8
VISIBLE
100
AcDbLine
 10
232.74649610058654
 20
307.0
 30
0.0
 11
232.5337313605963
 21
307.0
 31
0.0
  0
LINE
  5
AC
330
17
100
AcDbEntity
  8
VISIBLE
100
AcDbLine
 10
232.5337313605963
 20
307.0
 30
0.0
 11
232.46877707974303
 21
307.0
 31
0.0
  0
LINE
  5
AD
330
17
100
AcDbEntity
  8
VISIBLE
100
AcDbLine
 10
232.74649610058654
 20
307.0
 30
0.0
 11
232.96877707974303
 21
307.0
 31
0.0
  0
LINE
  5
AE
330
17
100
AcDbEntity
  8
VISIBLE
100
AcDbLine
 10
233.43804337517608
 20
307.0
 30
0.0
 11
233.19962229267944
 21
307.0
 31
0.0
  0
LINE
  5
AF
330
17
100
AcDbEntity
  8
VISIBLE
100
AcDbLine
 10
232.96877707974303
 20
307.0
 30
0.0
 11
233.19962229267944
 21
307.0
 31
0.0
  0
LINE
  5
B0
330
17
100
AcDbEntity
  8
VISIBLE
100
AcDbLine
 10
233.43804337517608
 20
307.0
 30
0.0
 11
233.68301918045867
 21
307.0
 31
0.0
  0
LINE
  5
B1
330
17
100
AcDbEntity
  8
VISIBLE
100
AcDbLine
 10
233.68301918045867
 20
307.0
 30
0.0
 11
233.93350090519775
 21
307.0
 31
0.0
  0
LINE
  5
B2
330
17
100
AcDbEntity
  8
VISIBLE
100
AcDbLine
 10
233.93350090519775
 20
307.0
 30
0.0
 11
234.18841578499664
 21
307.0
 31
0.0
  0
LINE
  5
B3
330
17
100
AcDbEntity
  8
VISIBLE
100
AcDbLine
 10
234.18841578499664
 20
307.0
 30
0.0
 11
234.4466723396002
 21
307.0
 31
0.0
  0
LINE
  5
B4
330
17
100
AcDbEntity
  8
VISIBLE
100
AcDbLine
 10
234.4466723396002
 20
307.0
 30
0.0
 11
234.70716457502235
 21
307.0
 31
0.0
  0
LINE
  5
B5
330
17
100
AcDbEntity
  8
VISIBLE
100
AcDbLine
 10
231.6428986980139
 20
307.0
 30
0.0
 11
231.79536380307067
 21
307.0
 31
0.0
  0
LINE
  5
B6
330
17
100
AcDbEntity
  8
VISIBLE
100
AcDbLine
 10
211.96877707974303
 20
307.0
 30
0.0
 11
231.84867038266052
 21
307.0
 31
0.0
  0
LINE
  5
B7
330
17
100
AcDbEntity
  8
VISIBLE
100
AcDbLine
 10
231.79536380307067
 20
307.0
 30
0.0
 11
231.84867038266052
 21
307.0
 31
0.0
  0
LINE
  5
B8
330
17
100
AcDbEntity
  8
VISIBLE
100
AcDbLine
 10
231.6428986980139
 20
307.0
 30
0.0
 11
231.50467552677978
 21
307.0
 31
0.0
  0
LINE
  5
B9
330
17
100
AcDbEntity
  8
VISIBLE
100
AcDbLine
 10
231.27325906292785
 20
307.0
 30
0.0
 11
231.3812860442816
 21
307.0
 31
0.0
  0
LINE
  5
BA
330
17
100
AcDbEntity
  8
VISIBLE
100
AcDbLine
 10
231.50467552677978
 20
307.0
 30
0.0
 11
231.3812860442816
 21
307.0
 31
0.0
  0
LINE
  5
BB
330
17
100
AcDbEntity
  8
VISIBLE
100
AcDbLine
 10
231.27325906292785
 20
307.0
 30
0.0
 11
231.1810566379248
 21
307.0
 31
0.0
  0
LINE
  5
BC
330
17
100
AcDbEntity
  8
VISIBLE
100
AcDbLine
 10
231.1810566379248
 20
307.0
 30
0.0
 11
231.10507382885802
 21
307.0
 31
0.0
  0
LINE
  5
BD
330
17
100
AcDbEntity
  8
VISIBLE
100
AcDbLine
 10
231.10507382885802
 20
307.0
 30
0.0
 11
231.045636077088
 21
307.0
 31
0.0
  0
LINE
  5
BE
330
17
100
AcDbEntity
  8
VISIBLE
100
AcDbLine
 10
231.045636077088
 20
307.0
 30
0.0
 11
231.00299753682006
 21
307.0
 31
0.0
  0
LINE
  5
BF
330
17
100
AcDbEntity
  8
VISIBLE
100
AcDbLine
 10
231.00299753682006
 20
307.0
 30
0.0
 11
230.97734131352294
 21
307.0
 31
0.0
  0
LINE
  5
C0
330
17
100
AcDbEntity
  8
VISIBLE
100
AcDbLine
 10
232.74649610058654
 20
300.0
 30
0.0
 11
232.5337313605963
 21
300.0
 31
0.0
  0
LINE
  5
C1
330
17
100
AcDbEntity
  8
VISIBLE
100
AcDbLine
 10
232.46877707974303
 20
307.0
 30
0.0
 11
232.46877707974303
 21
300.0
 31
0.0
  0
LINE
  5
C2
330
17
100
AcDbEntity
  8
VISIBLE
100
AcDbLine
 10
232.5337313605963
 20
300.0
 30
0.0
 11
232.46877707974303
 21
300.0
 31
0.0
  0
LINE
  5
C3
330
17
100
AcDbEntity
  8
VISIBLE
100
AcDbLine
 10
232.74649610058654
 20
300.0
 30
0.0
 11
232.96877707974303
 21
300.0
 31
0.0
  0
LINE
  5
C4
330
17
100
AcDbEntity
  8
VISIBLE
100
AcDbLine
 10
233.43804337517608
 20
300.0
 30
0.0
 11
233.19962229267944
 21
300.0
 31
0.0
  0
LINE
  5
C5
330
17
100
AcDbEntity
  8
VISIBLE
100
AcDbLine
 10
232.96877707974303
 20
300.0
 30
0.0
 11
233.19962229267944
 21
300.0
 31
0.0
  0
LINE
  5
C6
330
17
100
AcDbEntity
  8
VISIBLE
100
AcDbLine
 10
233.43804337517608
 20
300.0
 30
0.0
 11
233.68301918045867
 21
300.0
 31
0.0
  0
LINE
  5
C7
330
17
100
AcDbEntity
  8
VISIBLE
100
AcDbLine
 10
233.68301918045867
 20
300.0
 30
0.0
 11
233.93350090519775
 21
300.0
 31
0.0
  0
LINE
  5
C8
330
17
100
AcDbEntity
  8
VISIBLE
100
AcDbLine
 10
233.93350090519775
 20
300.0
 30
0.0
 11
234.18841578499664
 21
300.0
 31
0.0
  0
LINE
  5
C9
330
17
100
AcDbEntity
  8
VISIBLE
100
AcDbLine
 10
234.18841578499664
 20
300.0
 30
0.0
 11
234.4466723396002
 21
300.0
 31
0.0
  0
LINE
  5
CA
330
17
100
AcDbEntity
  8
VISIBLE
100
AcDbLine
 10
234.4466723396002
 20
300.0
 30
0.0
 11
234.70716457502235
 21
300.0
 31
0.0
  0
LINE
  5
CB
330
17
100
AcDbEntity
  8
VISIBLE
100
AcDbLine
 10
231.6428986980139
 20
300.0
 30
0.0
 11
231.79536380307067
 21
300.0
 31
0.0
  0
LINE
  5
CC
330
17
100
AcDbEntity
  8
VISIBLE
100
AcDbLine
 10
211.96877707974303
 20
300.0
 30
0.0
 11
231.84867038266052
 21
300.0
 31
0.0
  0
LINE
  5
CD
330
17
100
AcDbEntity
  8
VISIBLE
100
AcDbLine
 10
231.84867038266052
 20
307.0
 30
0.0
 11
231.84867038266052
 21
300.0
 31
0.0
  0
LINE
  5
CE
330
17
100
AcDbEntity
  8
VISIBLE
100
AcDbLine
 10
231.79536380307067
 20
300.0
 30
0.0
 11
231.84867038266052
 21
300.0
 31
0.0
  0
LINE
  5
CF
330
17
100
AcDbEntity
  8
VISIBLE
100
AcDbLine
 10
231.6428986980139
 20
300.0
 30
0.0
 11
231.50467552677978
 21
300.0
 31
0.0
  0
LINE
  5
D0
330
17
100
AcDbEntity
  8
VISIBLE
100
AcDbLine
 10
231.27325906292785
 20
300.0
 30
0.0
 11
231.3812860442816
 21
300.0
 31
0.0
  0
LINE
  5
D1
330
17
100
AcDbEntity
  8
VISIBLE
100
AcDbLine
 10
231.50467552677978
 20
300.0
 30
0.0
 11
231.3812860442816
 21
300.0
 31
0.0
  0
LINE
  5
D2
330
17
100
AcDbEntity
  8
VISIBLE
100
AcDbLine
 10
231.27325906292785
 20
300.0
 30
0.0
 11
231.1810566379248
 21
300.0
 31
0.0
  0
LINE
  5
D3
330
17
100
AcDbEntity
  8
VISIBLE
100
AcDbLine
 10
231.1810566379248
 20
300.0
 30
0.0
 11
231.10507382885802
 21
300.0
 31
0.0
  0
LINE
  5
D4
330
17
100
AcDbEntity
  8
VISIBLE
100
AcDbLine
 10
231.10507382885802
 20
300.0
 30
0.0
 11
231.045636077088
 21
300.0
 31
0.0
  0
LINE
  5
D5
330
17
100
AcDbEntity
  8
VISIBLE
100
AcDbLine
 10
231.045636077088
 20
300.0
 30
0.0
 11
231.00299753682006
 21
300.0
 31
0.0
  0
LINE
  5
D6
330
17
100
AcDbEntity
  8
VISIBLE
100
AcDbLine
 10
231.00299753682006
 20
300.0
 30
0.0
 11
230.97734131352294
 21
300.0
 31
0.0
  0
LINE
  5
D7
330
17
100
AcDbEntity
  8
VISIBLE
100
AcDbLine
 10
234.96877707974303
 20
357.5
 30
0.0
 11
235.23038958446372
 21
357.5
 31
0.0
  0
LINE
  5
D8
330
17
100
AcDbEntity
  8
VISIBLE
100
AcDbLine
 10
235.23038958446372
 20
357.5
 30
0.0
 11
235.49088181988586
 21
357.5
 31
0.0
  0
LINE
  5
D9
330
17
100
AcDbEntity
  8
VISIBLE
100
AcDbLine
 10
235.49088181988586
 20
357.5
 30
0.0
 11
235.74913837448943
 21
357.5
 31
0.0
  0
LINE
  5
DA
330
17
100
AcDbEntity
  8
VISIBLE
100
AcDbLine
 10
235.74913837448943
 20
357.5
 30
0.0
 11
236.00405325428832
 21
357.5
 31
0.0
  0
LINE
  5
DB
330
17
100
AcDbEntity
  8
VISIBLE
100
AcDbLine
 10
236.00405325428832
 20
357.5
 30
0.0
 11
236.2545349790274
 21
357.5
 31
0.0
  0
LINE
  5
DC
330
17
100
AcDbEntity
  8
VISIBLE
100
AcDbLine
 10
236.2545349790274
 20
357.5
 30
0.0
 11
236.49951078431
 21
357.5
 31
0.0
  0
LINE
  5
DD
330
17
100
AcDbEntity
  8
VISIBLE
100
AcDbLine
 10
236.49951078431
 20
357.5
 30
0.0
 11
236.73793186680663
 21
357.5
 31
0.0
  0
LINE
  5
DE
330
17
100
AcDbEntity
  8
VISIBLE
100
AcDbLine
 10
236.73793186680663
 20
357.5
 30
0.0
 11
236.96877707974303
 21
357.5
 31
0.0
  0
LINE
  5
DF
330
17
100
AcDbEntity
  8
VISIBLE
100
AcDbLine
 10
236.96877707974303
 20
357.5
 30
0.0
 11
237.19105805889953
 21
357.5
 31
0.0
  0
LINE
  5
E0
330
17
100
AcDbEntity
  8
VISIBLE
100
AcDbLine
 10
237.19105805889953
 20
357.5
 30
0.0
 11
237.40382279888976
 21
357.5
 31
0.0
  0
LINE
  5
E1
330
17
100
AcDbEntity
  8
VISIBLE
100
AcDbLine
 10
237.40382279888976
 20
357.5
 30
0.0
 11
237.606160302323
 21
357.5
 31
0.0
  0
LINE
  5
E2
330
17
100
AcDbEntity
  8
VISIBLE
100
AcDbLine
 10
237.606160302323
 20
357.5
 30
0.0
 11
237.79720415608276
 21
357.5
 31
0.0
  0
LINE
  5
E3
330
17
100
AcDbEntity
  8
VISIBLE
100
AcDbLine
 10
237.79720415608276
 20
357.5
 30
0.0
 11
237.97613634602416
 21
357.5
 31
0.0
  0
LINE
  5
E4
330
17
100
AcDbEntity
  8
VISIBLE
100
AcDbLine
 10
237.97613634602416
 20
357.5
 30
0.0
 11
238.1421903564154
 21
357.5
 31
0.0
  0
LINE
  5
E5
330
17
100
AcDbEntity
  8
VISIBLE
100
AcDbLine
 10
238.1421903564154
 20
357.5
 30
0.0
 11
238.29465546147216
 21
357.5
 31
0.0
  0
LINE
  5
E6
330
17
100
AcDbEntity
  8
VISIBLE
100
AcDbLine
 10
238.29465546147216
 20
357.5
 30
0.0
 11
238.4328786327063
 21
357.5
 31
0.0
  0
LINE
  5
E7
330
17
100
AcDbEntity
  8
VISIBLE
100
AcDbLine
 10
238.4328786327063
 20
357.5
 30
0.0
 11
238.55626811520446
 21
357.5
 31
0.0
  0
LINE
  5
E8
330
17
100
AcDbEntity
  8
VISIBLE
100
AcDbLine
 10
238.55626811520446
 20
357.5
 30
0.0
 11
238.66429509655822
 21
357.5
 31
0.0
  0
LINE
  5
E9
330
17
100
AcDbEntity
  8
VISIBLE
100
AcDbLine
 10
238.66429509655822
 20
357.5
 30
0.0
 11
238.75649752156127
 21
357.5
 31
0.0
  0
LINE
  5
EA
330
17
100
AcDbEntity
  8
VISIBLE
100
AcDbLine
 10
238.75649752156127
 20
357.5
 30
0.0
 11
238.83248033062804
 21
357.5
 31
0.0
  0
LINE
  5
EB
330
17
100
AcDbEntity
  8
VISIBLE
100
AcDbLine
 10
238.83248033062804
 20
357.5
 30
0.0
 11
238.89191808239806
 21
357.5
 31
0.0
  0
LINE
  5
EC
330
17
100
AcDbEntity
  8
VISIBLE
100
AcDbLine
 10
238.89191808239806
 20
357.5
 30
0.0
 11
238.934556622666
 21
357.5
 31
0.0
  0
LINE
  5
ED
330
17
100
AcDbEntity
  8
VISIBLE
100
AcDbLine
 10
238.934556622666
 20
357.5
 30
0.0
 11
238.96021284596313
 21
357.5
 31
0.0
  0
LINE
  5
EE
330
17
100
AcDbEntity
  8
VISIBLE
100
AcDbLine
 10
232.46877707974303
 20
307.0
 30
0.0
 11
237.46877707974303
 21
307.0
 31
0.0
  0
LINE
  5
EF
330
17
100
AcDbEntity
  8
VISIBLE
100
AcDbLine
 10
232.46877707974303
 20
300.0
 30
0.0
 11
237.46877707974303
 21
300.0
 31
0.0
  0
LINE
  5
F0
330
17
100
AcDbEntity
  8
VISIBLE
100
AcDbLine
 10
237.46877707974303
 20
307.0
 30
0.0
 11
237.46877707974303
 21
300.0
 31
0.0
  0
LINE
  5
F1
330
17
100
AcDbEntity
  8
VISIBLE
100
AcDbLine
 10
234.70716457502235
 20
307.0
 30
0.0
 11
234.96877707974303
 21
307.0
 31
0.0
  0
LINE
  5
F2
330
17
100
AcDbEntity
  8
VISIBLE
100
AcDbLine
 10
234.96877707974303
 20
307.0
 30
0.0
 11
235.23038958446372
 21
307.0
 31
0.0
  0
LINE
  5
F3
330
17
100
AcDbEntity
  8
VISIBLE
100
AcDbLine
 10
235.23038958446372
 20
307.0
 30
0.0
 11
235.49088181988586
 21
307.0
 31
0.0
  0
LINE
  5
F4
330
17
100
AcDbEntity
  8
VISIBLE
100
AcDbLine
 10
235.49088181988586
 20
307.0
 30
0.0
 11
235.74913837448943
 21
307.0
 31
0.0
  0
LINE
  5
F5
330
17
100
AcDbEntity
  8
VISIBLE
100
AcDbLine
 10
235.74913837448943
 20
307.0
 30
0.0
 11
236.00405325428832
 21
307.0
 31
0.0
  0
LINE
  5
F6
330
17
100
AcDbEntity
  8
VISIBLE
100
AcDbLine
 10
236.00405325428832
 20
307.0
 30
0.0
 11
236.2545349790274
 21
307.0
 31
0.0
  0
LINE
  5
F7
330
17
100
AcDbEntity
  8
VISIBLE
100
AcDbLine
 10
236.2545349790274
 20
307.0
 30
0.0
 11
236.49951078431
 21
307.0
 31
0.0
  0
LINE
  5
F8
330
17
100
AcDbEntity
  8
VISIBLE
100
AcDbLine
 10
236.49951078431
 20
307.0
 30
0.0
 11
236.73793186680663
 21
307.0
 31
0.0
  0
LINE
  5
F9
330
17
100
AcDbEntity
  8
VISIBLE
100
AcDbLine
 10
236.73793186680663
 20
307.0
 30
0.0
 11
236.96877707974303
 21
307.0
 31
0.0
  0
LINE
  5
FA
330
17
100
AcDbEntity
  8
VISIBLE
100
AcDbLine
 10
236.96877707974303
 20
307.0
 30
0.0
 11
237.19105805889953
 21
307.0
 31
0.0
  0
LINE
  5
FB
330
17
100
AcDbEntity
  8
VISIBLE
100
AcDbLine
 10
237.19105805889953
 20
307.0
 30
0.0
 11
237.40382279888976
 21
307.0
 31
0.0
  0
LINE
  5
FC
330
17
100
AcDbEntity
  8
VISIBLE
100
AcDbLine
 10
237.40382279888976
 20
307.0
 30
0.0
 11
237.46877707974303
 21
307.0
 31
0.0
  0
LINE
  5
FD
330
17
100
AcDbEntity
  8
VISIBLE
100
AcDbLine
 10
238.08888377682555
 20
307.0
 30
0.0
 11
238.1421903564154
 21
307.0
 31
0.0
  0
LINE
  5
FE
330
17
100
AcDbEntity
  8
VISIBLE
100
AcDbLine
 10
238.1421903564154
 20
307.0
 30
0.0
 11
238.29465546147216
 21
307.0
 31
0.0
  0
LINE
  5
FF
330
17
100
AcDbEntity
  8
VISIBLE
100
AcDbLine
 10
238.29465546147216
 20
307.0
 30
0.0
 11
238.4328786327063
 21
307.0
 31
0.0
  0
LINE
  5
100
330
17
100
AcDbEntity
  8
VISIBLE
100
AcDbLine
 10
238.4328786327063
 20
307.0
 30
0.0
 11
238.55626811520446
 21
307.0
 31
0.0
  0
LINE
  5
101
330
17
100
AcDbEntity
  8
VISIBLE
100
AcDbLine
 10
238.55626811520446
 20
307.0
 30
0.0
 11
238.66429509655822
 21
307.0
 31
0.0
  0
LINE
  5
102
330
17
100
AcDbEntity
  8
VISIBLE
100
AcDbLine
 10
238.66429509655822
 20
307.0
 30
0.0
 11
238.75649752156127
 21
307.0
 31
0.0
  0
LINE
  5
103
330
17
100
AcDbEntity
  8
VISIBLE
100
AcDbLine
 10
238.75649752156127
 20
307.0
 30
0.0
 11
238.83248033062804
 21
307.0
 31
0.0
  0
LINE
  5
104
330
17
100
AcDbEntity
  8
VISIBLE
100
AcDbLine
 10
238.83248033062804
 20
307.0
 30
0.0
 11
238.89191808239806
 21
307.0
 31
0.0
  0
LINE
  5
105
330
17
100
AcDbEntity
  8
VISIBLE
100
AcDbLine
 10
238.89191808239806
 20
307.0
 30
0.0
 11
238.934556622666
 21
307.0
 31
0.0
  0
LINE
  5
106
330
17
100
AcDbEntity
  8
VISIBLE
100
AcDbLine
 10
238.934556622666
 20
307.0
 30
0.0
 11
238.96021284596313
 21
307.0
 31
0.0
  0
LINE
  5
107
330
17
100
AcDbEntity
  8
VISIBLE
100
AcDbLine
 10
234.70716457502235
 20
300.0
 30
0.0
 11
234.96877707974303
 21
300.0
 31
0.0
  0
LINE
  5
108
330
17
100
AcDbEntity
  8
VISIBLE
100
AcDbLine
 10
234.96877707974303
 20
300.0
 30
0.0
 11
235.23038958446372
 21
300.0
 31
0.0
  0
LINE
  5
109
330
17
100
AcDbEntity
  8
VISIBLE
100
AcDbLine
 10
235.23038958446372
 20
300.0
 30
0.0
 11
235.49088181988586
 21
300.0
 31
0.0
  0
LINE
  5
10A
330
17
100
AcDbEntity
  8
VISIBLE
100
AcDbLine
 10
235.49088181988586
 20
300.0
 30
0.0
 11
235.74913837448943
 21
300.0
 31
0.0
  0
LINE
  5
10B
330
17
100
AcDbEntity
  8
VISIBLE
100
AcDbLine
 10
235.74913837448943
 20
300.0
 30
0.0
 11
236.00405325428832
 21
300.0
 31
0.0
  0
LINE
  5
10C
330
17
100
AcDbEntity
  8
VISIBLE
100
AcDbLine
 10
236.00405325428832
 20
300.0
 30
0.0
 11
236.2545349790274
 21
300.0
 31
0.0
  0
LINE
  5
10D
330
17
100
AcDbEntity
  8
VISIBLE
100
AcDbLine
 10
236.2545349790274
 20
300.0
 30
0.0
 11
236.49951078431
 21
300.0
 31
0.0
  0
LINE
  5
10E
330
17
100
AcDbEntity
  8
VISIBLE
100
AcDbLine
 10
236.49951078431
 20
300.0
 30
0.0
 11
236.73793186680663
 21
300.0
 31
0.0
  0
LINE
  5
10F
330
17
100
AcDbEntity
  8
VISIBLE
100
AcDbLine
 10
236.73793186680663
 20
300.0
 30
0.0
 11
236.96877707974303
 21
300.0
 31
0.0
  0
LINE
  5
110
330
17
100
AcDbEntity
  8
VISIBLE
100
AcDbLine
 10
236.96877707974303
 20
300.0
 30
0.0
 11
237.19105805889953
 21
300.0
 31
0.0
  0
LINE
  5
111
330
17
100
AcDbEntity
  8
VISIBLE
100
AcDbLine
 10
237.19105805889953
 20
300.0
 30
0.0
 11
237.40382279888976
 21
300.0
 31
0.0
  0
LINE
  5
112
330
17
100
AcDbEntity
  8
VISIBLE
100
AcDbLine
 10
237.46877707974303
 20
307.0
 30
0.0
 11
237.46877707974303
 21
300.0
 31
0.0
  0
LINE
  5
113
330
17
100
AcDbEntity
  8
VISIBLE
100
AcDbLine
 10
237.40382279888976
 20
300.0
 30
0.0
 11
237.46877707974303
 21
300.0
 31
0.0
  0
LINE
  5
114
330
17
100
AcDbEntity
  8
VISIBLE
100
AcDbLine
 10
238.08888377682555
 20
307.0
 30
0.0
 11
238.08888377682555
 21
300.0
 31
0.0
  0
LINE
  5
115
330
17
100
AcDbEntity
  8
VISIBLE
100
AcDbLine
 10
238.08888377682555
 20
300.0
 30
0.0
 11
238.1421903564154
 21
300.0
 31
0.0
  0
LINE
  5
116
330
17
100
AcDbEntity
  8
VISIBLE
100
AcDbLine
 10
238.1421903564154
 20
300.0
 30
0.0
 11
238.29465546147216
 21
300.0
 31
0.0
  0
LINE
  5
117
330
17
100
AcDbEntity
  8
VISIBLE
100
AcDbLine
 10
238.29465546147216
 20
300.0
 30
0.0
 11
238.4328786327063
 21
300.0
 31
0.0
  0
LINE
  5
118
330
17
100
AcDbEntity
  8
VISIBLE
100
AcDbLine
 10
238.4328786327063
 20
300.0
 30
0.0
 11
238.55626811520446
 21
300.0
 31
0.0
  0
LINE
  5
119
330
17
100
AcDbEntity
  8
VISIBLE
100
AcDbLine
 10
238.55626811520446
 20
300.0
 30
0.0
 11
238.66429509655822
 21
300.0
 31
0.0
  0
LINE
  5
11A
330
17
100
AcDbEntity
  8
VISIBLE
100
AcDbLine
 10
238.66429509655822
 20
300.0
 30
0.0
 11
238.75649752156127
 21
300.0
 31
0.0
  0
LINE
  5
11B
330
17
100
AcDbEntity
  8
VISIBLE
100
AcDbLine
 10
238.75649752156127
 20
300.0
 30
0.0
 11
238.83248033062804
 21
300.0
 31
0.0
  0
LINE
  5
11C
330
17
100
AcDbEntity
  8
VISIBLE
100
AcDbLine
 10
238.83248033062804
 20
300.0
 30
0.0
 11
238.89191808239806
 21
300.0
 31
0.0
  0
LINE
  5
11D
330
17
100
AcDbEntity
  8
VISIBLE
100
AcDbLine
 10
238.89191808239806
 20
300.0
 30
0.0
 11
238.934556622666
 21
300.0
 31
0.0
  0
LINE
  5
11E
330
17
100
AcDbEntity
  8
VISIBLE
100
AcDbLine
 10
238.934556622666
 20
300.0
 30
0.0
 11
238.96021284596313
 21
300.0
 31
0.0
  0
LINE
  5
11F
330
17
100
AcDbEntity
  8
VISIBLE
100
AcDbLine
 10
238.08888377682555
 20
307.0
 30
0.0
 11
257.96877707974306
 21
307.0
 31
0.0
  0
LINE
  5
120
330
17
100
AcDbEntity
  8
VISIBLE
100
AcDbLine
 10
238.08888377682555
 20
300.0
 30
0.0
 11
257.96877707974306
 21
300.0
 31
0.0
  0
LINE
  5
121
330
17
100
AcDbEntity
  8
VISIBLE
100
AcDbLine
 10
257.96877707974306
 20
307.0
 30
0.0
 11
257.96877707974306
 21
300.0
 31
0.0
  0
LINE
  5
122
330
17
100
AcDbEntity
  8
VISIBLE
100
AcDbLine
 10
230.97734131352294
 20
357.5
 30
0.0
 11
230.96877707974303
 21
357.5
 31
0.0
  0
LINE
  5
123
330
17
100
AcDbEntity
  8
VISIBLE
100
AcDbLine
 10
230.97734131352294
 20
307.0
 30
0.0
 11
230.96877707974303
 21
307.0
 31
0.0
  0
LINE
  5
124
330
17
100
AcDbEntity
  8
VISIBLE
100
AcDbLine
 10
230.97734131352294
 20
300.0
 30
0.0
 11
230.96877707974303
 21
300.0
 31
0.0
  0
LINE
  5
125
330
17
100
AcDbEntity
  8
VISIBLE
100
AcDbLine
 10
238.96021284596313
 20
357.5
 30
0.0
 11
238.96877707974303
 21
357.5
 31
0.0
  0
LINE
  5
126
330
17
100
AcDbEntity
  8
VISIBLE
100
AcDbLine
 10
238.96021284596313
 20
307.0
 30
0.0
 11
238.96877707974303
 21
307.0
 31
0.0
  0
LINE
  5
127
330
17
100
AcDbEntity
  8
VISIBLE
100
AcDbLine
 10
238.96021284596313
 20
300.0
 30
0.0
 11
238.96877707974303
 21
300.0
 31
0.0
  0
LINE
  5
128
330
17
100
AcDbEntity
  8
VISIBLE
100
AcDbLine
 10
232.46877707974303
 20
257.0
 30
0.0
 11
232.46877707974303
 21
250.0
 31
0.0
  0
LINE
  5
129
330
17
100
AcDbEntity
  8
VISIBLE
100
AcDbLine
 10
211.96877707974303
 20
257.0
 30
0.0
 11
211.96877707974303
 21
250.0
 31
0.0
  0
LINE
  5
12A
330
17
100
AcDbEntity
  8
VISIBLE
100
AcDbLine
 10
232.74649610058654
 20
257.0
 30
0.0
 11
232.5337313605963
 21
257.0
 31
0.0
  0
LINE
  5
12B
330
17
100
AcDbEntity
  8
VISIBLE
100
AcDbLine
 10
232.5337313605963
 20
257.0
 30
0.0
 11
232.46877707974303
 21
257.0
 31
0.0
  0
LINE
  5
12C
330
17
100
AcDbEntity
  8
VISIBLE
100
AcDbLine
 10
232.74649610058654
 20
257.0
 30
0.0
 11
232.96877707974303
 21
257.0
 31
0.0
  0
LINE
  5
12D
330
17
100
AcDbEntity
  8
VISIBLE
100
AcDbLine
 10
233.43804337517608
 20
257.0
 30
0.0
 11
233.19962229267944
 21
257.0
 31
0.0
  0
LINE
  5
12E
330
17
100
AcDbEntity
  8
VISIBLE
100
AcDbLine
 10
232.96877707974303
 20
257.0
 30
0.0
 11
233.19962229267944
 21
257.0
 31
0.0
  0
LINE
  5
12F
330
17
100
AcDbEntity
  8
VISIBLE
100
AcDbLine
 10
233.43804337517608
 20
257.0
 30
0.0
 11
233.68301918045867
 21
257.0
 31
0.0
  0
LINE
  5
130
330
17
100
AcDbEntity
  8
VISIBLE
100
AcDbLine
 10
233.68301918045867
 20
257.0
 30
0.0
 11
233.93350090519775
 21
257.0
 31
0.0
  0
LINE
  5
131
330
17
100
AcDbEntity
  8
VISIBLE
100
AcDbLine
 10
233.93350090519775
 20
257.0
 30
0.0
 11
234.18841578499664
 21
257.0
 31
0.0
  0
LINE
  5
132
330
17
100
AcDbEntity
  8
VISIBLE
100
AcDbLine
 10
234.18841578499664
 20
257.0
 30
0.0
 11
234.4466723396002
 21
257.0
 31
0.0
  0
LINE
  5
133
330
17
100
AcDbEntity
  8
VISIBLE
100
AcDbLine
 10
234.4466723396002
 20
257.0
 30
0.0
 11
234.70716457502235
 21
257.0
 31
0.0
  0
LINE
  5
134
330
17
100
AcDbEntity
  8
VISIBLE
100
AcDbLine
 10
232.74649610058654
 20
250.0
 30
0.0
 11
232.5337313605963
 21
250.0
 31
0.0
  0
LINE
  5
135
330
17
100
AcDbEntity
  8
VISIBLE
100
AcDbLine
 10
232.46877707974303
 20
257.0
 30
0.0
 11
232.46877707974303
 21
250.0
 31
0.0
  0
LINE
  5
136
330
17
100
AcDbEntity
  8
VISIBLE
100
AcDbLine
 10
232.5337313605963
 20
250.0
 30
0.0
 11
232.46877707974303
 21
250.0
 31
0.0
  0
LINE
  5
137
330
17
100
AcDbEntity
  8
VISIBLE
100
AcDbLine
 10
232.74649610058654
 20
250.0
 30
0.0
 11
232.96877707974303
 21
250.0
 31
0.0
  0
LINE
  5
138
330
17
100
AcDbEntity
  8
VISIBLE
100
AcDbLine
 10
233.43804337517608
 20
250.0
 30
0.0
 11
233.19962229267944
 21
250.0
 31
0.0
  0
LINE
  5
139
330
17
100
AcDbEntity
  8
VISIBLE
100
AcDbLine
 10
232.96877707974303
 20
250.0
 30
0.0
 11
233.19962229267944
 21
250.0
 31
0.0
  0
LINE
  5
13A
330
17
100
AcDbEntity
  8
VISIBLE
100
AcDbLine
 10
233.43804337517608
 20
250.0
 30
0.0
 11
233.68301918045867
 21
250.0
 31
0.0
  0
LINE
  5
13B
330
17
100
AcDbEntity
  8
VISIBLE
100
AcDbLine
 10
233.68301918045867
 20
250.0
 30
0.0
 11
233.93350090519775
 21
250.0
 31
0.0
  0
LINE
  5
13C
330
17
100
AcDbEntity
  8
VISIBLE
100
AcDbLine
 10
233.93350090519775
 20
250.0
 30
0.0
 11
234.18841578499664
 21
250.0
 31
0.0
  0
LINE
  5
13D
330
17
100
AcDbEntity
  8
VISIBLE
100
AcDbLine
 10
234.18841578499664
 20
250.0
 30
0.0
 11
234.4466723396002
 21
250.0
 31
0.0
  0
LINE
  5
13E
330
17
100
AcDbEntity
  8
VISIBLE
100
AcDbLine
 10
234.4466723396002
 20
250.0
 30
0.0
 11
234.70716457502235
 21
250.0
 31
0.0
  0
LINE
  5
13F
330
17
100
AcDbEntity
  8
VISIBLE
100
AcDbLine
 10
231.6428986980139
 20
257.0
 30
0.0
 11
231.79536380307067
 21
257.0
 31
0.0
  0
LINE
  5
140
330
17
100
AcDbEntity
  8
VISIBLE
100
AcDbLine
 10
211.96877707974303
 20
257.0
 30
0.0
 11
231.84867038266052
 21
257.0
 31
0.0
  0
LINE
  5
141
330
17
100
AcDbEntity
  8
VISIBLE
100
AcDbLine
 10
231.79536380307067
 20
257.0
 30
0.0
 11
231.84867038266052
 21
257.0
 31
0.0
  0
LINE
  5
142
330
17
100
AcDbEntity
  8
VISIBLE
100
AcDbLine
 10
231.6428986980139
 20
257.0
 30
0.0
 11
231.50467552677978
 21
257.0
 31
0.0
  0
LINE
  5
143
330
17
100
AcDbEntity
  8
VISIBLE
100
AcDbLine
 10
231.27325906292785
 20
257.0
 30
0.0
 11
231.3812860442816
 21
257.0
 31
0.0
  0
LINE
  5
144
330
17
100
AcDbEntity
  8
VISIBLE
100
AcDbLine
 10
231.50467552677978
 20
257.0
 30
0.0
 11
231.3812860442816
 21
257.0
 31
0.0
  0
LINE
  5
145
330
17
100
AcDbEntity
  8
VISIBLE
100
AcDbLine
 10
231.27325906292785
 20
257.0
 30
0.0
 11
231.1810566379248
 21
257.0
 31
0.0
  0
LINE
  5
146
330
17
100
AcDbEntity
  8
VISIBLE
100
AcDbLine
 10
231.1810566379248
 20
257.0
 30
0.0
 11
231.10507382885802
 21
257.0
 31
0.0
  0
LINE
  5
147
330
17
100
AcDbEntity
  8
VISIBLE
100
AcDbLine
 10
231.10507382885802
 20
257.0
 30
0.0
 11
231.045636077088
 21
257.0
 31
0.0
  0
LINE
  5
148
330
17
100
AcDbEntity
  8
VISIBLE
100
AcDbLine
 10
231.045636077088
 20
257.0
 30
0.0
 11
231.00299753682006
 21
257.0
 31
0.0
  0
LINE
  5
149
330
17
100
AcDbEntity
  8
VISIBLE
100
AcDbLine
 10
231.00299753682006
 20
257.0
 30
0.0
 11
230.97734131352294
 21
257.0
 31
0.0
  0
LINE
  5
14A
330
17
100
AcDbEntity
  8
VISIBLE
100
AcDbLine
 10
231.6428986980139
 20
250.0
 30
0.0
 11
231.79536380307067
 21
250.0
 31
0.0
  0
LINE
  5
14B
330
17
100
AcDbEntity
  8
VISIBLE
100
AcDbLine
 10
211.96877707974303
 20
250.0
 30
0.0
 11
231.84867038266052
 21
250.0
 31
0.0
  0
LINE
  5
14C
330
17
100
AcDbEntity
  8
VISIBLE
100
AcDbLine
 10
231.84867038266052
 20
257.0
 30
0.0
 11
231.84867038266052
 21
250.0
 31
0.0
  0
LINE
  5
14D
330
17
100
AcDbEntity
  8
VISIBLE
100
AcDbLine
 10
231.79536380307067
 20
250.0
 30
0.0
 11
231.84867038266052
 21
250.0
 31
0.0
  0
LINE
  5
14E
330
17
100
AcDbEntity
  8
VISIBLE
100
AcDbLine
 10
231.6428986980139
 20
250.0
 30
0.0
 11
231.50467552677978
 21
250.0
 31
0.0
  0
LINE
  5
14F
330
17
100
AcDbEntity
  8
VISIBLE
100
AcDbLine
 10
231.27325906292785
 20
250.0
 30
0.0
 11
231.3812860442816
 21
250.0
 31
0.0
  0
LINE
  5
150
330
17
100
AcDbEntity
  8
VISIBLE
100
AcDbLine
 10
231.50467552677978
 20
250.0
 30
0.0
 11
231.3812860442816
 21
250.0
 31
0.0
  0
LINE
  5
151
330
17
100
AcDbEntity
  8
VISIBLE
100
AcDbLine
 10
231.27325906292785
 20
250.0
 30
0.0
 11
231.1810566379248
 21
250.0
 31
0.0
  0
LINE
  5
152
330
17
100
AcDbEntity
  8
VISIBLE
100
AcDbLine
 10
231.1810566379248
 20
250.0
 30
0.0
 11
231.10507382885802
 21
250.0
 31
0.0
  0
LINE
  5
153
330
17
100
AcDbEntity
  8
VISIBLE
100
AcDbLine
 10
231.10507382885802
 20
250.0
 30
0.0
 11
231.045636077088
 21
250.0
 31
0.0
  0
LINE
  5
154
330
17
100
AcDbEntity
  8
VISIBLE
100
AcDbLine
 10
231.045636077088
 20
250.0
 30
0.0
 11
231.00299753682006
 21
250.0
 31
0.0
  0
LINE
  5
155
330
17
100
AcDbEntity
  8
VISIBLE
100
AcDbLine
 10
231.00299753682006
 20
250.0
 30
0.0
 11
230.97734131352294
 21
250.0
 31
0.0
  0
LINE
  5
156
330
17
100
AcDbEntity
  8
VISIBLE
100
AcDbLine
 10
232.74649610058654
 20
199.5
 30
0.0
 11
232.5337313605963
 21
199.5
 31
0.0
  0
LINE
  5
157
330
17
100
AcDbEntity
  8
VISIBLE
100
AcDbLine
 10
232.33139385716308
 20
199.5
 30
0.0
 11
232.5337313605963
 21
199.5
 31
0.0
  0
LINE
  5
158
330
17
100
AcDbEntity
  8
VISIBLE
100
AcDbLine
 10
232.74649610058654
 20
199.5
 30
0.0
 11
232.96877707974303
 21
199.5
 31
0.0
  0
LINE
  5
159
330
17
100
AcDbEntity
  8
VISIBLE
100
AcDbLine
 10
233.43804337517608
 20
199.5
 30
0.0
 11
233.19962229267944
 21
199.5
 31
0.0
  0
LINE
  5
15A
330
17
100
AcDbEntity
  8
VISIBLE
100
AcDbLine
 10
232.96877707974303
 20
199.5
 30
0.0
 11
233.19962229267944
 21
199.5
 31
0.0
  0
LINE
  5
15B
330
17
100
AcDbEntity
  8
VISIBLE
100
AcDbLine
 10
233.43804337517608
 20
199.5
 30
0.0
 11
233.68301918045867
 21
199.5
 31
0.0
  0
LINE
  5
15C
330
17
100
AcDbEntity
  8
VISIBLE
100
AcDbLine
 10
233.68301918045867
 20
199.5
 30
0.0
 11
233.93350090519775
 21
199.5
 31
0.0
  0
LINE
  5
15D
330
17
100
AcDbEntity
  8
VISIBLE
100
AcDbLine
 10
233.93350090519775
 20
199.5
 30
0.0
 11
234.18841578499664
 21
199.5
 31
0.0
  0
LINE
  5
15E
330
17
100
AcDbEntity
  8
VISIBLE
100
AcDbLine
 10
234.18841578499664
 20
199.5
 30
0.0
 11
234.4466723396002
 21
199.5
 31
0.0
  0
LINE
  5
15F
330
17
100
AcDbEntity
  8
VISIBLE
100
AcDbLine
 10
234.4466723396002
 20
199.5
 30
0.0
 11
234.70716457502235
 21
199.5
 31
0.0
  0
LINE
  5
160
330
17
100
AcDbEntity
  8
VISIBLE
100
AcDbLine
 10
231.9614178134619
 20
199.5
 30
0.0
 11
231.79536380307067
 21
199.5
 31
0.0
  0
LINE
  5
161
330
17
100
AcDbEntity
  8
VISIBLE
100
AcDbLine
 10
231.6428986980139
 20
199.5
 30
0.0
 11
231.79536380307067
 21
199.5
 31
0.0
  0
LINE
  5
162
330
17
100
AcDbEntity
  8
VISIBLE
100
AcDbLine
 10
232.6593760444342
 20
199.5
 30
0.0
 11
231.50467552677978
 21
199.5
 31
0.0
  0
LINE
  5
163
330
17
100
AcDbEntity
  8
VISIBLE
100
AcDbLine
 10
231.6428986980139
 20
199.5
 30
0.0
 11
231.50467552677978
 21
199.5
 31
0.0
  0
LINE
  5
164
330
17
100
AcDbEntity
  8
VISIBLE
100
AcDbLine
 10
231.27325906292785
 20
199.5
 30
0.0
 11
231.3812860442816
 21
199.5
 31
0.0
  0
LINE
  5
165
330
17
100
AcDbEntity
  8
VISIBLE
100
AcDbLine
 10
231.50467552677978
 20
199.5
 30
0.0
 11
231.3812860442816
 21
199.5
 31
0.0
  0
LINE
  5
166
330
17
100
AcDbEntity
  8
VISIBLE
100
AcDbLine
 10
231.27325906292785
 20
199.5
 30
0.0
 11
231.1810566379248
 21
199.5
 31
0.0
  0
LINE
  5
167
330
17
100
AcDbEntity
  8
VISIBLE
100
AcDbLine
 10
231.1810566379248
 20
199.5
 30
0.0
 11
231.10507382885802
 21
199.5
 31
0.0
  0
LINE
  5
168
330
17
100
AcDbEntity
  8
VISIBLE
100
AcDbLine
 10
231.10507382885802
 20
199.5
 30
0.0
 11
231.045636077088
 21
199.5
 31
0.0
  0
LINE
  5
169
330
17
100
AcDbEntity
  8
VISIBLE
100
AcDbLine
 10
231.045636077088
 20
199.5
 30
0.0
 11
231.00299753682006
 21
199.5
 31
0.0
  0
LINE
  5
16A
330
17
100
AcDbEntity
  8
VISIBLE
100
AcDbLine
 10
231.00299753682006
 20
199.5
 30
0.0
 11
230.97734131352294
 21
199.5
 31
0.0
  0
LINE
  5
16B
330
17
100
AcDbEntity
  8
VISIBLE
100
AcDbLine
 10
232.33139385716308
 20
199.5
 30
0.0
 11
232.1403500034033
 21
199.5
 31
0.0
  0
LINE
  5
16C
330
17
100
AcDbEntity
  8
VISIBLE
100
AcDbLine
 10
231.9614178134619
 20
199.5
 30
0.0
 11
232.1403500034033
 21
199.5
 31
0.0
  0
LINE
  5
16D
330
17
100
AcDbEntity
  8
VISIBLE
100
AcDbLine
 10
232.6593760444342
 20
199.5
 30
0.0
 11
232.6593760444342
 21
181.5
 31
0.0
  0
LINE
  5
16E
330
17
100
AcDbEntity
  8
VISIBLE
100
AcDbLine
 10
232.46877707974303
 20
257.0
 30
0.0
 11
237.46877707974303
 21
257.0
 31
0.0
  0
LINE
  5
16F
330
17
100
AcDbEntity
  8
VISIBLE
100
AcDbLine
 10
232.46877707974303
 20
250.0
 30
0.0
 11
237.46877707974303
 21
250.0
 31
0.0
  0
LINE
  5
170
330
17
100
AcDbEntity
  8
VISIBLE
100
AcDbLine
 10
237.46877707974303
 20
257.0
 30
0.0
 11
237.46877707974303
 21
250.0
 31
0.0
  0
LINE
  5
171
330
17
100
AcDbEntity
  8
VISIBLE
100
AcDbLine
 10
234.70716457502235
 20
257.0
 30
0.0
 11
234.96877707974303
 21
257.0
 31
0.0
  0
LINE
  5
172
330
17
100
AcDbEntity
  8
VISIBLE
100
AcDbLine
 10
234.96877707974303
 20
257.0
 30
0.0
 11
235.23038958446372
 21
257.0
 31
0.0
  0
LINE
  5
173
330
17
100
AcDbEntity
  8
VISIBLE
100
AcDbLine
 10
235.23038958446372
 20
257.0
 30
0.0
 11
235.49088181988586
 21
257.0
 31
0.0
  0
LINE
  5
174
330
17
100
AcDbEntity
  8
VISIBLE
100
AcDbLine
 10
235.49088181988586
 20
257.0
 30
0.0
 11
235.74913837448943
 21
257.0
 31
0.0
  0
LINE
  5
175
330
17
100
AcDbEntity
  8
VISIBLE
100
AcDbLine
 10
235.74913837448943
 20
257.0
 30
0.0
 11
236.00405325428832
 21
257.0
 31
0.0
  0
LINE
  5
176
330
17
100
AcDbEntity
  8
VISIBLE
100
AcDbLine
 10
236.00405325428832
 20
257.0
 30
0.0
 11
236.2545349790274
 21
257.0
 31
0.0
  0
LINE
  5
177
330
17
100
AcDbEntity
  8
VISIBLE
100
AcDbLine
 10
236.2545349790274
 20
257.0
 30
0.0
 11
236.49951078431
 21
257.0
 31
0.0
  0
LINE
  5
178
330
17
100
AcDbEntity
  8
VISIBLE
100
AcDbLine
 10
236.49951078431
 20
257.0
 30
0.0
 11
236.73793186680663
 21
257.0
 31
0.0
  0
LINE
  5
179
330
17
100
AcDbEntity
  8
VISIBLE
100
AcDbLine
 10
236.73793186680663
 20
257.0
 30
0.0
 11
236.96877707974303
 21
257.0
 31
0.0
  0
LINE
  5
17A
330
17
100
AcDbEntity
  8
VISIBLE
100
AcDbLine
 10
236.96877707974303
 20
257.0
 30
0.0
 11
237.19105805889953
 21
257.0
 31
0.0
  0
LINE
  5
17B
330
17
100
AcDbEntity
  8
VISIBLE
100
AcDbLine
 10
237.19105805889953
 20
257.0
 30
0.0
 11
237.40382279888976
 21
257.0
 31
0.0
  0
LINE
  5
17C
330
17
100
AcDbEntity
  8
VISIBLE
100
AcDbLine
 10
237.40382279888976
 20
257.0
 30
0.0
 11
237.46877707974303
 21
257.0
 31
0.0
  0
LINE
  5
17D
330
17
100
AcDbEntity
  8
VISIBLE
100
AcDbLine
 10
234.70716457502235
 20
250.0
 30
0.0
 11
234.96877707974303
 21
250.0
 31
0.0
  0
LINE
  5
17E
330
17
100
AcDbEntity
  8
VISIBLE
100
AcDbLine
 10
234.96877707974303
 20
250.0
 30
0.0
 11
235.23038958446372
 21
250.0
 31
0.0
  0
LINE
  5
17F
330
17
100
AcDbEntity
  8
VISIBLE
100
AcDbLine
 10
235.23038958446372
 20
250.0
 30
0.0
 11
235.49088181988586
 21
250.0
 31
0.0
  0
LINE
  5
180
330
17
100
AcDbEntity
  8
VISIBLE
100
AcDbLine
 10
235.49088181988586
 20
250.0
 30
0.0
 11
235.74913837448943
 21
250.0
 31
0.0
  0
LINE
  5
181
330
17
100
AcDbEntity
  8
VISIBLE
100
AcDbLine
 10
235.74913837448943
 20
250.0
 30
0.0
 11
236.00405325428832
 21
250.0
 31
0.0
  0
LINE
  5
182
330
17
100
AcDbEntity
  8
VISIBLE
100
AcDbLine
 10
236.00405325428832
 20
250.0
 30
0.0
 11
236.2545349790274
 21
250.0
 31
0.0
  0
LINE
  5
183
330
17
100
AcDbEntity
  8
VISIBLE
100
AcDbLine
 10
236.2545349790274
 20
250.0
 30
0.0
 11
236.49951078431
 21
250.0
 31
0.0
  0
LINE
  5
184
330
17
100
AcDbEntity
  8
VISIBLE
100
AcDbLine
 10
236.49951078431
 20
250.0
 30
0.0
 11
236.73793186680663
 21
250.0
 31
0.0
  0
LINE
  5
185
330
17
100
AcDbEntity
  8
VISIBLE
100
AcDbLine
 10
236.73793186680663
 20
250.0
 30
0.0
 11
236.96877707974303
 21
250.0
 31
0.0
  0
LINE
  5
186
330
17
100
AcDbEntity
  8
VISIBLE
100
AcDbLine
 10
236.96877707974303
 20
250.0
 30
0.0
 11
237.19105805889953
 21
250.0
 31
0.0
  0
LINE
  5
187
330
17
100
AcDbEntity
  8
VISIBLE
100
AcDbLine
 10
237.19105805889953
 20
250.0
 30
0.0
 11
237.40382279888976
 21
250.0
 31
0.0
  0
LINE
  5
188
330
17
100
AcDbEntity
  8
VISIBLE
100
AcDbLine
 10
237.46877707974303
 20
257.0
 30
0.0
 11
237.46877707974303
 21
250.0
 31
0.0
  0
LINE
  5
189
330
17
100
AcDbEntity
  8
VISIBLE
100
AcDbLine
 10
237.40382279888976
 20
250.0
 30
0.0
 11
237.46877707974303
 21
250.0
 31
0.0
  0
LINE
  5
18A
330
17
100
AcDbEntity
  8
VISIBLE
100
AcDbLine
 10
238.08888377682555
 20
257.0
 30
0.0
 11
238.1421903564154
 21
257.0
 31
0.0
  0
LINE
  5
18B
330
17
100
AcDbEntity
  8
VISIBLE
100
AcDbLine
 10
238.1421903564154
 20
257.0
 30
0.0
 11
238.29465546147216
 21
257.0
 31
0.0
  0
LINE
  5
18C
330
17
100
AcDbEntity
  8
VISIBLE
100
AcDbLine
 10
238.29465546147216
 20
257.0
 30
0.0
 11
238.4328786327063
 21
257.0
 31
0.0
  0
LINE
  5
18D
330
17
100
AcDbEntity
  8
VISIBLE
100
AcDbLine
 10
238.4328786327063
 20
257.0
 30
0.0
 11
238.55626811520446
 21
257.0
 31
0.0
  0
LINE
  5
18E
330
17
100
AcDbEntity
  8
VISIBLE
100
AcDbLine
 10
238.55626811520446
 20
257.0
 30
0.0
 11
238.66429509655822
 21
257.0
 31
0.0
  0
LINE
  5
18F
330
17
100
AcDbEntity
  8
VISIBLE
100
AcDbLine
 10
238.66429509655822
 20
257.0
 30
0.0
 11
238.75649752156127
 21
257.0
 31
0.0
  0
LINE
  5
190
330
17
100
AcDbEntity
  8
VISIBLE
100
AcDbLine
 10
238.75649752156127
 20
257.0
 30
0.0
 11
238.83248033062804
 21
257.0
 31
0.0
  0
LINE
  5
191
330
17
100
AcDbEntity
  8
VISIBLE
100
AcDbLine
 10
238.83248033062804
 20
257.0
 30
0.0
 11
238.89191808239806
 21
257.0
 31
0.0
  0
LINE
  5
192
330
17
100
AcDbEntity
  8
VISIBLE
100
AcDbLine
 10
238.89191808239806
 20
257.0
 30
0.0
 11
238.934556622666
 21
257.0
 31
0.0
  0
LINE
  5
193
330
17
100
AcDbEntity
  8
VISIBLE
100
AcDbLine
 10
238.934556622666
 20
257.0
 30
0.0
 11
238.96021284596313
 21
257.0
 31
0.0
  0
LINE
  5
194
330
17
100
AcDbEntity
  8
VISIBLE
100
AcDbLine
 10
238.08888377682555
 20
257.0
 30
0.0
 11
238.08888377682555
 21
250.0
 31
0.0
  0
LINE
  5
195
330
17
100
AcDbEntity
  8
VISIBLE
100
AcDbLine
 10
238.08888377682555
 20
250.0
 30
0.0
 11
238.1421903564154
 21
250.0
 31
0.0
  0
LINE
  5
196
330
17
100
AcDbEntity
  8
VISIBLE
100
AcDbLine
 10
238.1421903564154
 20
250.0
 30
0.0
 11
238.29465546147216
 21
250.0
 31
0.0
  0
LINE
  5
197
330
17
100
AcDbEntity
  8
VISIBLE
100
AcDbLine
 10
238.29465546147216
 20
250.0
 30
0.0
 11
238.4328786327063
 21
250.0
 31
0.0
  0
LINE
  5
198
330
17
100
AcDbEntity
  8
VISIBLE
100
AcDbLine
 10
238.4328786327063
 20
250.0
 30
0.0
 11
238.55626811520446
 21
250.0
 31
0.0
  0
LINE
  5
199
330
17
100
AcDbEntity
  8
VISIBLE
100
AcDbLine
 10
238.55626811520446
 20
250.0
 30
0.0
 11
238.66429509655822
 21
250.0
 31
0.0
  0
LINE
  5
19A
330
17
100
AcDbEntity
  8
VISIBLE
100
AcDbLine
 10
238.66429509655822
 20
250.0
 30
0.0
 11
238.75649752156127
 21
250.0
 31
0.0
  0
LINE
  5
19B
330
17
100
AcDbEntity
  8
VISIBLE
100
AcDbLine
 10
238.75649752156127
 20
250.0
 30
0.0
 11
238.83248033062804
 21
250.0
 31
0.0
  0
LINE
  5
19C
330
17
100
AcDbEntity
  8
VISIBLE
100
AcDbLine
 10
238.83248033062804
 20
250.0
 30
0.0
 11
238.89191808239806
 21
250.0
 31
0.0
  0
LINE
  5
19D
330
17
100
AcDbEntity
  8
VISIBLE
100
AcDbLine
 10
238.89191808239806
 20
250.0
 30
0.0
 11
238.934556622666
 21
250.0
 31
0.0
  0
LINE
  5
19E
330
17
100
AcDbEntity
  8
VISIBLE
100
AcDbLine
 10
238.934556622666
 20
250.0
 30
0.0
 11
238.96021284596313
 21
250.0
 31
0.0
  0
LINE
  5
19F
330
17
100
AcDbEntity
  8
VISIBLE
100
AcDbLine
 10
238.08888377682555
 20
257.0
 30
0.0
 11
257.96877707974306
 21
257.0
 31
0.0
  0
LINE
  5
1A0
330
17
100
AcDbEntity
  8
VISIBLE
100
AcDbLine
 10
238.08888377682555
 20
250.0
 30
0.0
 11
257.96877707974306
 21
250.0
 31
0.0
  0
LINE
  5
1A1
330
17
100
AcDbEntity
  8
VISIBLE
100
AcDbLine
 10
257.96877707974306
 20
257.0
 30
0.0
 11
257.96877707974306
 21
250.0
 31
0.0
  0
LINE
  5
1A2
330
17
100
AcDbEntity
  8
VISIBLE
100
AcDbLine
 10
232.6593760444342
 20
199.5
 30
0.0
 11
234.96877707974303
 21
199.5
 31
0.0
  0
LINE
  5
1A3
330
17
100
AcDbEntity
  8
VISIBLE
100
AcDbLine
 10
234.70716457502235
 20
199.5
 30
0.0
 11
234.96877707974303
 21
199.5
 31
0.0
  0
LINE
  5
1A4
330
17
100
AcDbEntity
  8
VISIBLE
100
AcDbLine
 10
234.96877707974303
 20
199.5
 30
0.0
 11
235.23038958446372
 21
199.5
 31
0.0
  0
LINE
  5
1A5
330
17
100
AcDbEntity
  8
VISIBLE
100
AcDbLine
 10
235.23038958446372
 20
199.5
 30
0.0
 11
235.49088181988586
 21
199.5
 31
0.0
  0
LINE
  5
1A6
330
17
100
AcDbEntity
  8
VISIBLE
100
AcDbLine
 10
235.49088181988586
 20
199.5
 30
0.0
 11
235.74913837448943
 21
199.5
 31
0.0
  0
LINE
  5
1A7
330
17
100
AcDbEntity
  8
VISIBLE
100
AcDbLine
 10
235.74913837448943
 20
199.5
 30
0.0
 11
236.00405325428832
 21
199.5
 31
0.0
  0
LINE
  5
1A8
330
17
100
AcDbEntity
  8
VISIBLE
100
AcDbLine
 10
236.00405325428832
 20
199.5
 30
0.0
 11
236.2545349790274
 21
199.5
 31
0.0
  0
LINE
  5
1A9
330
17
100
AcDbEntity
  8
VISIBLE
100
AcDbLine
 10
236.2545349790274
 20
199.5
 30
0.0
 11
236.49951078431
 21
199.5
 31
0.0
  0
LINE
  5
1AA
330
17
100
AcDbEntity
  8
VISIBLE
100
AcDbLine
 10
234.96877707974303
 20
199.5
 30
0.0
 11
237.27817811505187
 21
199.5
 31
0.0
  0
LINE
  5
1AB
330
17
100
AcDbEntity
  8
VISIBLE
100
AcDbLine
 10
236.49951078431
 20
199.5
 30
0.0
 11
236.73793186680663
 21
199.5
 31
0.0
  0
LINE
  5
1AC
330
17
100
AcDbEntity
  8
VISIBLE
100
AcDbLine
 10
236.73793186680663
 20
199.5
 30
0.0
 11
236.96877707974303
 21
199.5
 31
0.0
  0
LINE
  5
1AD
330
17
100
AcDbEntity
  8
VISIBLE
100
AcDbLine
 10
236.96877707974303
 20
199.5
 30
0.0
 11
237.19105805889953
 21
199.5
 31
0.0
  0
LINE
  5
1AE
330
17
100
AcDbEntity
  8
VISIBLE
100
AcDbLine
 10
237.19105805889953
 20
199.5
 30
0.0
 11
237.40382279888976
 21
199.5
 31
0.0
  0
LINE
  5
1AF
330
17
100
AcDbEntity
  8
VISIBLE
100
AcDbLine
 10
237.40382279888976
 20
199.5
 30
0.0
 11
237.606160302323
 21
199.5
 31
0.0
  0
LINE
  5
1B0
330
17
100
AcDbEntity
  8
VISIBLE
100
AcDbLine
 10
237.606160302323
 20
199.5
 30
0.0
 11
237.79720415608276
 21
199.5
 31
0.0
  0
LINE
  5
1B1
330
17
100
AcDbEntity
  8
VISIBLE
100
AcDbLine
 10
237.79720415608276
 20
199.5
 30
0.0
 11
237.97613634602416
 21
199.5
 31
0.0
  0
LINE
  5
1B2
330
17
100
AcDbEntity
  8
VISIBLE
100
AcDbLine
 10
237.97613634602416
 20
199.5
 30
0.0
 11
238.1421903564154
 21
199.5
 31
0.0
  0
LINE
  5
1B3
330
17
100
AcDbEntity
  8
VISIBLE
100
AcDbLine
 10
238.1421903564154
 20
199.5
 30
0.0
 11
238.29465546147216
 21
199.5
 31
0.0
  0
LINE
  5
1B4
330
17
100
AcDbEntity
  8
VISIBLE
100
AcDbLine
 10
237.27817811505187
 20
199.5
 30
0.0
 11
238.4328786327063
 21
199.5
 31
0.0
  0
LINE
  5
1B5
330
17
100
AcDbEntity
  8
VISIBLE
100
AcDbLine
 10
238.29465546147216
 20
199.5
 30
0.0
 11
238.4328786327063
 21
199.5
 31
0.0
  0
LINE
  5
1B6
330
17
100
AcDbEntity
  8
VISIBLE
100
AcDbLine
 10
238.4328786327063
 20
199.5
 30
0.0
 11
238.55626811520446
 21
199.5
 31
0.0
  0
LINE
  5
1B7
330
17
100
AcDbEntity
  8
VISIBLE
100
AcDbLine
 10
238.55626811520446
 20
199.5
 30
0.0
 11
238.66429509655822
 21
199.5
 31
0.0
  0
LINE
  5
1B8
330
17
100
AcDbEntity
  8
VISIBLE
100
AcDbLine
 10
238.66429509655822
 20
199.5
 30
0.0
 11
238.75649752156127
 21
199.5
 31
0.0
  0
LINE
  5
1B9
330
17
100
AcDbEntity
  8
VISIBLE
100
AcDbLine
 10
238.75649752156127
 20
199.5
 30
0.0
 11
238.83248033062804
 21
199.5
 31
0.0
  0
LINE
  5
1BA
330
17
100
AcDbEntity
  8
VISIBLE
100
AcDbLine
 10
238.83248033062804
 20
199.5
 30
0.0
 11
238.89191808239806
 21
199.5
 31
0.0
  0
LINE
  5
1BB
330
17
100
AcDbEntity
  8
VISIBLE
100
AcDbLine
 10
238.89191808239806
 20
199.5
 30
0.0
 11
238.934556622666
 21
199.5
 31
0.0
  0
LINE
  5
1BC
330
17
100
AcDbEntity
  8
VISIBLE
100
AcDbLine
 10
238.934556622666
 20
199.5
 30
0.0
 11
238.96021284596313
 21
199.5
 31
0.0
  0
LINE
  5
1BD
330
17
100
AcDbEntity
  8
VISIBLE
100
AcDbLine
 10
232.6593760444342
 20
181.5
 30
0.0
 11
237.27817811505187
 21
181.5
 31
0.0
  0
LINE
  5
1BE
330
17
100
AcDbEntity
  8
VISIBLE
100
AcDbLine
 10
237.27817811505187
 20
199.5
 30
0.0
 11
237.27817811505187
 21
181.5
 31
0.0
  0
LINE
  5
1BF
330
17
100
AcDbEntity
  8
VISIBLE
100
AcDbLine
 10
230.97734131352294
 20
257.0
 30
0.0
 11
230.96877707974303
 21
257.0
 31
0.0
  0
LINE
  5
1C0
330
17
100
AcDbEntity
  8
VISIBLE
100
AcDbLine
 10
230.97734131352294
 20
250.0
 30
0.0
 11
230.96877707974303
 21
250.0
 31
0.0
  0
LINE
  5
1C1
330
17
100
AcDbEntity
  8
VISIBLE
100
AcDbLine
 10
231.50467552677978
 20
199.5
 30
0.0
 11
230.34997500912536
 21
199.5
 31
0.0
  0
LINE
  5
1C2
330
17
100
AcDbEntity
  8
VISIBLE
100
AcDbLine
 10
230.97734131352294
 20
199.5
 30
0.0
 11
230.96877707974303
 21
199.5
 31
0.0
  0
LINE
  5
1C3
330
17
100
AcDbEntity
  8
VISIBLE
100
AcDbLine
 10
232.6593760444342
 20
181.5
 30
0.0
 11
230.34997500912536
 21
181.5
 31
0.0
  0
LINE
  5
1C4
330
17
100
AcDbEntity
  8
VISIBLE
100
AcDbLine
 10
230.34997500912536
 20
199.5
 30
0.0
 11
230.34997500912536
 21
181.5
 31
0.0
  0
LINE
  5
1C5
330
17
100
AcDbEntity
  8
VISIBLE
100
AcDbLine
 10
238.96021284596313
 20
257.0
 30
0.0
 11
238.96877707974303
 21
257.0
 31
0.0
  0
LINE
  5
1C6
330
17
100
AcDbEntity
  8
VISIBLE
100
AcDbLine
 10
238.96021284596313
 20
250.0
 30
0.0
 11
238.96877707974303
 21
250.0
 31
0.0
  0
LINE
  5
1C7
330
17
100
AcDbEntity
  8
VISIBLE
100
AcDbLine
 10
238.96021284596313
 20
199.5
 30
0.0
 11
238.96877707974303
 21
199.5
 31
0.0
  0
LINE
  5
1C8
330
17
100
AcDbEntity
  8
VISIBLE
100
AcDbLine
 10
238.4328786327063
 20
199.5
 30
0.0
 11
239.5875791503607
 21
199.5
 31
0.0
  0
LINE
  5
1C9
330
17
100
AcDbEntity
  8
VISIBLE
100
AcDbLine
 10
237.27817811505187
 20
181.5
 30
0.0
 11
239.5875791503607
 21
181.5
 31
0.0
  0
LINE
  5
1CA
330
17
100
AcDbEntity
  8
VISIBLE
100
AcDbLine
 10
239.5875791503607
 20
199.5
 30
0.0
 11
239.5875791503607
 21
181.5
 31
0.0
  0
LINE
  5
1CB
330
17
100
AcDbEntity
  8
VISIBLE
100
AcDbLine
 10
211.96877730849832
 20
250.00000022875528
 30
0.0
 11
211.96877707974303
 21
250.00000488517577
 31
0.0
  0
LINE
  5
1CC
330
17
100
AcDbEntity
  8
VISIBLE
100
AcDbLine
 10
211.96877707974303
 20
250.00000488517577
 30
0.0
 11
211.96877707974303
 21
256.99999511482423
 31
0.0
  0
LINE
  5
1CD
330
17
100
AcDbEntity
  8
VISIBLE
100
AcDbLine
 10
211.96877707974303
 20
256.99999511482423
 30
0.0
 11
211.96877730849832
 21
256.9999997712447
 31
0.0
  0
LINE
  5
1CE
330
17
100
AcDbEntity
  8
VISIBLE
100
AcDbLine
 10
211.96877730849832
 20
256.9999997712447
 30
0.0
 11
211.96878196491886
 21
257.0
 31
0.0
  0
LINE
  5
1CF
330
17
100
AcDbEntity
  8
VISIBLE
100
AcDbLine
 10
211.96878196491886
 20
257.0
 30
0.0
 11
230.96857807974303
 21
257.0
 31
0.0
  0
LINE
  5
1D0
330
17
100
AcDbEntity
  8
VISIBLE
100
AcDbLine
 10
230.96857807974303
 20
257.0
 30
0.0
 11
230.96859758515396
 21
257.0000009582394
 31
0.0
  0
LINE
  5
1D1
330
17
100
AcDbEntity
  8
VISIBLE
100
AcDbLine
 10
230.96859758515396
 20
257.0000009582394
 30
0.0
 11
230.96861690271712
 21
257.00000382372923
 31
0.0
  0
LINE
  5
1D2
330
17
100
AcDbEntity
  8
VISIBLE
100
AcDbLine
 10
230.96861690271712
 20
257.00000382372923
 30
0.0
 11
230.9686358463938
 21
257.00000856887317
 31
0.0
  0
LINE
  5
1D3
330
17
100
AcDbEntity
  8
VISIBLE
100
AcDbLine
 10
230.9686358463938
 20
257.00000856887317
 30
0.0
 11
230.96865423374607
 21
257.00001514797304
 31
0.0
  0
LINE
  5
1D4
330
17
100
AcDbEntity
  8
VISIBLE
100
AcDbLine
 10
230.96865423374607
 20
257.00001514797304
 30
0.0
 11
230.96867188769366
 21
257.0000234976684
 31
0.0
  0
LINE
  5
1D5
330
17
100
AcDbEntity
  8
VISIBLE
100
AcDbLine
 10
230.96867188769366
 20
257.0000234976684
 30
0.0
 11
230.96868863821942
 21
257.00003353754715
 31
0.0
  0
LINE
  5
1D6
330
17
100
AcDbEntity
  8
VISIBLE
100
AcDbLine
 10
230.96868863821942
 20
257.00003353754715
 30
0.0
 11
230.96870432400658
 21
257.00004517091975
 31
0.0
  0
LINE
  5
1D7
330
17
100
AcDbEntity
  8
VISIBLE
100
AcDbLine
 10
230.96870432400658
 20
257.00004517091975
 30
0.0
 11
230.96871879399248
 21
257.0000582857505
 31
0.0
  0
LINE
  5
1D8
330
17
100
AcDbEntity
  8
VISIBLE
100
AcDbLine
 10
230.96871879399248
 20
257.0000582857505
 30
0.0
 11
230.96873190882326
 21
257.0000727557364
 31
0.0
  0
LINE
  5
1D9
330
17
100
AcDbEntity
  8
VISIBLE
100
AcDbLine
 10
230.96873190882326
 20
257.0000727557364
 30
0.0
 11
230.96874354219588
 21
257.00008844152364
 31
0.0
  0
LINE
  5
1DA
330
17
100
AcDbEntity
  8
VISIBLE
100
AcDbLine
 10
230.96874354219588
 20
257.00008844152364
 30
0.0
 11
230.96875358207464
 21
257.0001051920494
 31
0.0
  0
LINE
  5
1DB
330
17
100
AcDbEntity
  8
VISIBLE
100
AcDbLine
 10
230.96875358207464
 20
257.0001051920494
 30
0.0
 11
230.96876193177002
 21
257.00012284599694
 31
0.0
  0
LINE
  5
1DC
330
17
100
AcDbEntity
  8
VISIBLE
100
AcDbLine
 10
230.96876193177002
 20
257.00012284599694
 30
0.0
 11
230.96876851086984
 21
257.0001412333492
 31
0.0
  0
LINE
  5
1DD
330
17
100
AcDbEntity
  8
VISIBLE
100
AcDbLine
 10
230.96876851086984
 20
257.0001412333492
 30
0.0
 11
230.96877325601383
 21
257.0001601770259
 31
0.0
  0
LINE
  5
1DE
330
17
100
AcDbEntity
  8
VISIBLE
100
AcDbLine
 10
230.96877325601383
 20
257.0001601770259
 30
0.0
 11
230.96877612150365
 21
257.0001794945891
 31
0.0
  0
LINE
  5
1DF
330
17
100
AcDbEntity
  8
VISIBLE
100
AcDbLine
 10
230.96877612150365
 20
257.0001794945891
 30
0.0
 11
230.96877707974303
 21
257.000199
 31
0.0
  0
LINE
  5
1E0
330
17
100
AcDbEntity
  8
VISIBLE
100
AcDbLine
 10
230.96877707974303
 20
257.000199
 30
0.0
 11
230.96877707974303
 21
299.999801
 31
0.0
  0
LINE
  5
1E1
330
17
100
AcDbEntity
  8
VISIBLE
100
AcDbLine
 10
230.96877707974303
 20
299.999801
 30
0.0
 11
230.96877612150365
 21
299.9998205054109
 31
0.0
  0
LINE
  5
1E2
330
17
100
AcDbEntity
  8
VISIBLE
100
AcDbLine
 10
230.96877612150365
 20
299.9998205054109
 30
0.0
 11
230.96877325601383
 21
299.9998398229741
 31
0.0
  0
LINE
  5
1E3
330
17
100
AcDbEntity
  8
VISIBLE
100
AcDbLine
 10
230.96877325601383
 20
299.9998398229741
 30
0.0
 11
230.96876851086984
 21
299.9998587666508
 31
0.0
  0
LINE
  5
1E4
330
17
100
AcDbEntity
  8
VISIBLE
100
AcDbLine
 10
230.96876851086984
 20
299.9998587666508
 30
0.0
 11
230.96876193177002
 21
299.99987715400306
 31
0.0
  0
LINE
  5
1E5
330
17
100
AcDbEntity
  8
VISIBLE
100
AcDbLine
 10
230.96876193177002
 20
299.99987715400306
 30
0.0
 11
230.96875358207464
 21
299.9998948079506
 31
0.0
  0
LINE
  5
1E6
330
17
100
AcDbEntity
  8
VISIBLE
100
AcDbLine
 10
230.96875358207464
 20
299.9998948079506
 30
0.0
 11
230.96874354219588
 21
299.99991155847636
 31
0.0
  0
LINE
  5
1E7
330
17
100
AcDbEntity
  8
VISIBLE
100
AcDbLine
 10
230.96874354219588
 20
299.99991155847636
 30
0.0
 11
230.96873190882326
 21
299.9999272442636
 31
0.0
  0
LINE
  5
1E8
330
17
100
AcDbEntity
  8
VISIBLE
100
AcDbLine
 10
230.96873190882326
 20
299.9999272442636
 30
0.0
 11
230.96871879399248
 21
299.9999417142495
 31
0.0
  0
LINE
  5
1E9
330
17
100
AcDbEntity
  8
VISIBLE
100
AcDbLine
 10
230.96871879399248
 20
299.9999417142495
 30
0.0
 11
230.96870432400658
 21
299.99995482908025
 31
0.0
  0
LINE
  5
1EA
330
17
100
AcDbEntity
  8
VISIBLE
100
AcDbLine
 10
230.96870432400658
 20
299.99995482908025
 30
0.0
 11
230.96868863821942
 21
299.99996646245285
 31
0.0
  0
LINE
  5
1EB
330
17
100
AcDbEntity
  8
VISIBLE
100
AcDbLine
 10
230.96868863821942
 20
299.99996646245285
 30
0.0
 11
230.96867188769366
 21
299.9999765023316
 31
0.0
  0
LINE
  5
1EC
330
17
100
AcDbEntity
  8
VISIBLE
100
AcDbLine
 10
230.96867188769366
 20
299.9999765023316
 30
0.0
 11
230.96865423374607
 21
299.99998485202696
 31
0.0
  0
LINE
  5
1ED
330
17
100
AcDbEntity
  8
VISIBLE
100
AcDbLine
 10
230.96865423374607
 20
299.99998485202696
 30
0.0
 11
230.9686358463938
 21
299.99999143112683
 31
0.0
  0
LINE
  5
1EE
330
17
100
AcDbEntity
  8
VISIBLE
100
AcDbLine
 10
230.9686358463938
 20
299.99999143112683
 30
0.0
 11
230.96861690271712
 21
299.99999617627077
 31
0.0
  0
LINE
  5
1EF
330
17
100
AcDbEntity
  8
VISIBLE
100
AcDbLine
 10
230.96861690271712
 20
299.99999617627077
 30
0.0
 11
230.96859758515396
 21
299.9999990417606
 31
0.0
  0
LINE
  5
1F0
330
17
100
AcDbEntity
  8
VISIBLE
100
AcDbLine
 10
230.96859758515396
 20
299.9999990417606
 30
0.0
 11
230.96857807974303
 21
300.0
 31
0.0
  0
LINE
  5
1F1
330
17
100
AcDbEntity
  8
VISIBLE
100
AcDbLine
 10
230.96857807974303
 20
300.0
 30
0.0
 11
211.96878196491886
 21
300.0
 31
0.0
  0
LINE
  5
1F2
330
17
100
AcDbEntity
  8
VISIBLE
100
AcDbLine
 10
211.96878196491886
 20
300.0
 30
0.0
 11
211.96877730849832
 21
300.0000002287553
 31
0.0
  0
LINE
  5
1F3
330
17
100
AcDbEntity
  8
VISIBLE
100
AcDbLine
 10
211.96877730849832
 20
300.0000002287553
 30
0.0
 11
211.96877707974303
 21
300.00000488517577
 31
0.0
  0
LINE
  5
1F4
330
17
100
AcDbEntity
  8
VISIBLE
100
AcDbLine
 10
211.96877707974303
 20
300.00000488517577
 30
0.0
 11
211.96877707974303
 21
306.99999511482423
 31
0.0
  0
LINE
  5
1F5
330
17
100
AcDbEntity
  8
VISIBLE
100
AcDbLine
 10
211.96877707974303
 20
306.99999511482423
 30
0.0
 11
211.96877730849832
 21
306.9999997712447
 31
0.0
  0
LINE
  5
1F6
330
17
100
AcDbEntity
  8
VISIBLE
100
AcDbLine
 10
211.96877730849832
 20
306.9999997712447
 30
0.0
 11
211.96878196491886
 21
307.0
 31
0.0
  0
LINE
  5
1F7
330
17
100
AcDbEntity
  8
VISIBLE
100
AcDbLine
 10
211.96878196491886
 20
307.0
 30
0.0
 11
230.96857807974303
 21
307.0
 31
0.0
  0
LINE
  5
1F8
330
17
100
AcDbEntity
  8
VISIBLE
100
AcDbLine
 10
230.96857807974303
 20
307.0
 30
0.0
 11
230.96859758515396
 21
307.0000009582394
 31
0.0
  0
LINE
  5
1F9
330
17
100
AcDbEntity
  8
VISIBLE
100
AcDbLine
 10
230.96859758515396
 20
307.0000009582394
 30
0.0
 11
230.96861690271712
 21
307.00000382372923
 31
0.0
  0
LINE
  5
1FA
330
17
100
AcDbEntity
  8
VISIBLE
100
AcDbLine
 10
230.96861690271712
 20
307.00000382372923
 30
0.0
 11
230.9686358463938
 21
307.00000856887317
 31
0.0
  0
LINE
  5
1FB
330
17
100
AcDbEntity
  8
VISIBLE
100
AcDbLine
 10
230.9686358463938
 20
307.00000856887317
 30
0.0
 11
230.96865423374607
 21
307.00001514797304
 31
0.0
  0
LINE
  5
1FC
330
17
100
AcDbEntity
  8
VISIBLE
100
AcDbLine
 10
230.96865423374607
 20
307.00001514797304
 30
0.0
 11
230.96867188769366
 21
307.0000234976684
 31
0.0
  0
LINE
  5
1FD
330
17
100
AcDbEntity
  8
VISIBLE
100
AcDbLine
 10
230.96867188769366
 20
307.0000234976684
 30
0.0
 11
230.96868863821942
 21
307.00003353754715
 31
0.0
  0
LINE
  5
1FE
330
17
100
AcDbEntity
  8
VISIBLE
100
AcDbLine
 10
230.96868863821942
 20
307.00003353754715
 30
0.0
 11
230.96870432400658
 21
307.00004517091975
 31
0.0
  0
LINE
  5
1FF
330
17
100
AcDbEntity
  8
VISIBLE
100
AcDbLine
 10
230.96870432400658
 20
307.00004517091975
 30
0.0
 11
230.96871879399248
 21
307.0000582857505
 31
0.0
  0
LINE
  5
200
330
17
100
AcDbEntity
  8
VISIBLE
100
AcDbLine
 10
230.96871879399248
 20
307.0000582857505
 30
0.0
 11
230.96873190882326
 21
307.0000727557364
 31
0.0
  0
LINE
  5
201
330
17
100
AcDbEntity
  8
VISIBLE
100
AcDbLine
 10
230.96873190882326
 20
307.0000727557364
 30
0.0
 11
230.96874354219588
 21
307.00008844152364
 31
0.0
  0
LINE
  5
202
330
17
100
AcDbEntity
  8
VISIBLE
100
AcDbLine
 10
230.96874354219588
 20
307.00008844152364
 30
0.0
 11
230.96875358207464
 21
307.0001051920494
 31
0.0
  0
LINE
  5
203
330
17
100
AcDbEntity
  8
VISIBLE
100
AcDbLine
 10
230.96875358207464
 20
307.0001051920494
 30
0.0
 11
230.96876193177002
 21
307.00012284599694
 31
0.0
  0
LINE
  5
204
330
17
100
AcDbEntity
  8
VISIBLE
100
AcDbLine
 10
230.96876193177002
 20
307.00012284599694
 30
0.0
 11
230.96876851086984
 21
307.0001412333492
 31
0.0
  0
LINE
  5
205
330
17
100
AcDbEntity
  8
VISIBLE
100
AcDbLine
 10
230.96876851086984
 20
307.0001412333492
 30
0.0
 11
230.96877325601383
 21
307.0001601770259
 31
0.0
  0
LINE
  5
206
330
17
100
AcDbEntity
  8
VISIBLE
100
AcDbLine
 10
230.96877325601383
 20
307.0001601770259
 30
0.0
 11
230.96877612150365
 21
307.0001794945891
 31
0.0
  0
LINE
  5
207
330
17
100
AcDbEntity
  8
VISIBLE
100
AcDbLine
 10
230.96877612150365
 20
307.0001794945891
 30
0.0
 11
230.96877707974303
 21
307.000199
 31
0.0
  0
LINE
  5
208
330
17
100
AcDbEntity
  8
VISIBLE
100
AcDbLine
 10
230.96877707974303
 20
307.000199
 30
0.0
 11
230.96877707974303
 21
357.4999951148242
 31
0.0
  0
LINE
  5
209
330
17
100
AcDbEntity
  8
VISIBLE
100
AcDbLine
 10
230.96877707974303
 20
357.4999951148242
 30
0.0
 11
230.96877730849832
 21
357.49999977124475
 31
0.0
  0
LINE
  5
20A
330
17
100
AcDbEntity
  8
VISIBLE
100
AcDbLine
 10
230.96877730849832
 20
357.49999977124475
 30
0.0
 11
230.96878196491872
 21
357.5
 31
0.0
  0
LINE
  5
20B
330
17
100
AcDbEntity
  8
VISIBLE
100
AcDbLine
 10
230.96878196491872
 20
357.5
 30
0.0
 11
238.96877219456735
 21
357.5
 31
0.0
  0
LINE
  5
20C
330
17
100
AcDbEntity
  8
VISIBLE
100
AcDbLine
 10
238.96877219456735
 20
357.5
 30
0.0
 11
238.96877685098775
 21
357.49999977124475
 31
0.0
  0
LINE
  5
20D
330
17
100
AcDbEntity
  8
VISIBLE
100
AcDbLine
 10
238.96877685098775
 20
357.49999977124475
 30
0.0
 11
238.96877707974303
 21
357.4999951148242
 31
0.0
  0
LINE
  5
20E
330
17
100
AcDbEntity
  8
VISIBLE
100
AcDbLine
 10
238.96877707974303
 20
357.4999951148242
 30
0.0
 11
238.96877707974303
 21
307.000199
 31
0.0
  0
LINE
  5
20F
330
17
100
AcDbEntity
  8
VISIBLE
100
AcDbLine
 10
238.96877707974303
 20
307.000199
 30
0.0
 11
238.96877803798242
 21
307.0001794945891
 31
0.0
  0
LINE
  5
210
330
17
100
AcDbEntity
  8
VISIBLE
100
AcDbLine
 10
238.96877803798242
 20
307.0001794945891
 30
0.0
 11
238.96878090347224
 21
307.0001601770259
 31
0.0
  0
LINE
  5
211
330
17
100
AcDbEntity
  8
VISIBLE
100
AcDbLine
 10
238.96878090347224
 20
307.0001601770259
 30
0.0
 11
238.96878564861623
 21
307.0001412333492
 31
0.0
  0
LINE
  5
212
330
17
100
AcDbEntity
  8
VISIBLE
100
AcDbLine
 10
238.96878564861623
 20
307.0001412333492
 30
0.0
 11
238.96879222771605
 21
307.00012284599694
 31
0.0
  0
LINE
  5
213
330
17
100
AcDbEntity
  8
VISIBLE
100
AcDbLine
 10
238.96879222771605
 20
307.00012284599694
 30
0.0
 11
238.96880057741143
 21
307.0001051920494
 31
0.0
  0
LINE
  5
214
330
17
100
AcDbEntity
  8
VISIBLE
100
AcDbLine
 10
238.96880057741143
 20
307.0001051920494
 30
0.0
 11
238.9688106172902
 21
307.00008844152364
 31
0.0
  0
LINE
  5
215
330
17
100
AcDbEntity
  8
VISIBLE
100
AcDbLine
 10
238.9688106172902
 20
307.00008844152364
 30
0.0
 11
238.9688222506628
 21
307.0000727557364
 31
0.0
  0
LINE
  5
216
330
17
100
AcDbEntity
  8
VISIBLE
100
AcDbLine
 10
238.9688222506628
 20
307.0000727557364
 30
0.0
 11
238.9688353654936
 21
307.0000582857505
 31
0.0
  0
LINE
  5
217
330
17
100
AcDbEntity
  8
VISIBLE
100
AcDbLine
 10
238.9688353654936
 20
307.0000582857505
 30
0.0
 11
238.9688498354795
 21
307.00004517091975
 31
0.0
  0
LINE
  5
218
330
17
100
AcDbEntity
  8
VISIBLE
100
AcDbLine
 10
238.9688498354795
 20
307.00004517091975
 30
0.0
 11
238.96886552126665
 21
307.00003353754715
 31
0.0
  0
LINE
  5
219
330
17
100
AcDbEntity
  8
VISIBLE
100
AcDbLine
 10
238.96886552126665
 20
307.00003353754715
 30
0.0
 11
238.9688822717924
 21
307.0000234976684
 31
0.0
  0
LINE
  5
21A
330
17
100
AcDbEntity
  8
VISIBLE
100
AcDbLine
 10
238.9688822717924
 20
307.0000234976684
 30
0.0
 11
238.96889992574
 21
307.00001514797304
 31
0.0
  0
LINE
  5
21B
330
17
100
AcDbEntity
  8
VISIBLE
100
AcDbLine
 10
238.96889992574
 20
307.00001514797304
 30
0.0
 11
238.96891831309227
 21
307.00000856887317
 31
0.0
  0
LINE
  5
21C
330
17
100
AcDbEntity
  8
VISIBLE
100
AcDbLine
 10
238.96891831309227
 20
307.00000856887317
 30
0.0
 11
238.96893725676895
 21
307.00000382372923
 31
0.0
  0
LINE
  5
21D
330
17
100
AcDbEntity
  8
VISIBLE
100
AcDbLine
 10
238.96893725676895
 20
307.00000382372923
 30
0.0
 11
238.9689565743321
 21
307.0000009582394
 31
0.0
  0
LINE
  5
21E
330
17
100
AcDbEntity
  8
VISIBLE
100
AcDbLine
 10
238.9689565743321
 20
307.0000009582394
 30
0.0
 11
238.96897607974304
 21
307.0
 31
0.0
  0
LINE
  5
21F
330
17
100
AcDbEntity
  8
VISIBLE
100
AcDbLine
 10
238.96897607974304
 20
307.0
 30
0.0
 11
257.9687721945672
 21
307.0
 31
0.0
  0
LINE
  5
220
330
17
100
AcDbEntity
  8
VISIBLE
100
AcDbLine
 10
257.9687721945672
 20
307.0
 30
0.0
 11
257.96877685098775
 21
306.9999997712447
 31
0.0
  0
LINE
  5
221
330
17
100
AcDbEntity
  8
VISIBLE
100
AcDbLine
 10
257.96877685098775
 20
306.9999997712447
 30
0.0
 11
257.96877707974306
 21
306.99999511482423
 31
0.0
  0
LINE
  5
222
330
17
100
AcDbEntity
  8
VISIBLE
100
AcDbLine
 10
257.96877707974306
 20
306.99999511482423
 30
0.0
 11
257.96877707974306
 21
300.00000488517577
 31
0.0
  0
LINE
  5
223
330
17
100
AcDbEntity
  8
VISIBLE
100
AcDbLine
 10
257.96877707974306
 20
300.00000488517577
 30
0.0
 11
257.96877685098775
 21
300.0000002287553
 31
0.0
  0
LINE
  5
224
330
17
100
AcDbEntity
  8
VISIBLE
100
AcDbLine
 10
257.96877685098775
 20
300.0000002287553
 30
0.0
 11
257.9687721945672
 21
300.0
 31
0.0
  0
LINE
  5
225
330
17
100
AcDbEntity
  8
VISIBLE
100
AcDbLine
 10
257.9687721945672
 20
300.0
 30
0.0
 11
238.96897607974304
 21
300.0
 31
0.0
  0
LINE
  5
226
330
17
100
AcDbEntity
  8
VISIBLE
100
AcDbLine
 10
238.96897607974304
 20
300.0
 30
0.0
 11
238.9689565743321
 21
299.9999990417606
 31
0.0
  0
LINE
  5
227
330
17
100
AcDbEntity
  8
VISIBLE
100
AcDbLine
 10
238.9689565743321
 20
299.9999990417606
 30
0.0
 11
238.96893725676895
 21
299.99999617627077
 31
0.0
  0
LINE
  5
228
330
17
100
AcDbEntity
  8
VISIBLE
100
AcDbLine
 10
238.96893725676895
 20
299.99999617627077
 30
0.0
 11
238.96891831309227
 21
299.99999143112683
 31
0.0
  0
LINE
  5
229
330
17
100
AcDbEntity
  8
VISIBLE
100
AcDbLine
 10
238.96891831309227
 20
299.99999143112683
 30
0.0
 11
238.96889992574
 21
299.99998485202696
 31
0.0
  0
LINE
  5
22A
330
17
100
AcDbEntity
  8
VISIBLE
100
AcDbLine
 10
238.96889992574
 20
299.99998485202696
 30
0.0
 11
238.9688822717924
 21
299.9999765023316
 31
0.0
  0
LINE
  5
22B
330
17
100
AcDbEntity
  8
VISIBLE
100
AcDbLine
 10
238.9688822717924
 20
299.9999765023316
 30
0.0
 11
238.96886552126665
 21
299.99996646245285
 31
0.0
  0
LINE
  5
22C
330
17
100
AcDbEntity
  8
VISIBLE
100
AcDbLine
 10
238.96886552126665
 20
299.99996646245285
 30
0.0
 11
238.9688498354795
 21
299.99995482908025
 31
0.0
  0
LINE
  5
22D
330
17
100
AcDbEntity
  8
VISIBLE
100
AcDbLine
 10
238.9688498354795
 20
299.99995482908025
 30
0.0
 11
238.9688353654936
 21
299.9999417142495
 31
0.0
  0
LINE
  5
22E
330
17
100
AcDbEntity
  8
VISIBLE
100
AcDbLine
 10
238.9688353654936
 20
299.9999417142495
 30
0.0
 11
238.9688222506628
 21
299.9999272442636
 31
0.0
  0
LINE
  5
22F
330
17
100
AcDbEntity
  8
VISIBLE
100
AcDbLine
 10
238.9688222506628
 20
299.9999272442636
 30
0.0
 11
238.9688106172902
 21
299.99991155847636
 31
0.0
  0
LINE
  5
230
330
17
100
AcDbEntity
  8
VISIBLE
100
AcDbLine
 10
238.9688106172902
 20
299.99991155847636
 30
0.0
 11
238.96880057741143
 21
299.9998948079506
 31
0.0
  0
LINE
  5
231
330
17
100
AcDbEntity
  8
VISIBLE
100
AcDbLine
 10
238.96880057741143
 20
299.9998948079506
 30
0.0
 11
238.96879222771605
 21
299.99987715400306
 31
0.0
  0
LINE
  5
232
330
17
100
AcDbEntity
  8
VISIBLE
100
AcDbLine
 10
238.96879222771605
 20
299.99987715400306
 30
0.0
 11
238.96878564861623
 21
299.9998587666508
 31
0.0
  0
LINE
  5
233
330
17
100
AcDbEntity
  8
VISIBLE
100
AcDbLine
 10
238.96878564861623
 20
299.9998587666508
 30
0.0
 11
238.96878090347224
 21
299.9998398229741
 31
0.0
  0
LINE
  5
234
330
17
100
AcDbEntity
  8
VISIBLE
100
AcDbLine
 10
238.96878090347224
 20
299.9998398229741
 30
0.0
 11
238.96877803798242
 21
299.9998205054109
 31
0.0
  0
LINE
  5
235
330
17
100
AcDbEntity
  8
VISIBLE
100
AcDbLine
 10
238.96877803798242
 20
299.9998205054109
 30
0.0
 11
238.96877707974303
 21
299.999801
 31
0.0
  0
LINE
  5
236
330
17
100
AcDbEntity
  8
VISIBLE
100
AcDbLine
 10
238.96877707974303
 20
299.999801
 30
0.0
 11
238.96877707974303
 21
257.000199
 31
0.0
  0
LINE
  5
237
330
17
100
AcDbEntity
  8
VISIBLE
100
AcDbLine
 10
238.96877707974303
 20
257.000199
 30
0.0
 11
238.96877803798242
 21
257.0001794945891
 31
0.0
  0
LINE
  5
238
330
17
100
AcDbEntity
  8
VISIBLE
100
AcDbLine
 10
238.96877803798242
 20
257.0001794945891
 30
0.0
 11
238.96878090347224
 21
257.0001601770259
 31
0.0
  0
LINE
  5
239
330
17
100
AcDbEntity
  8
VISIBLE
100
AcDbLine
 10
238.96878090347224
 20
257.0001601770259
 30
0.0
 11
238.96878564861623
 21
257.0001412333492
 31
0.0
  0
LINE
  5
23A
330
17
100
AcDbEntity
  8
VISIBLE
100
AcDbLine
 10
238.96878564861623
 20
257.0001412333492
 30
0.0
 11
238.96879222771605
 21
257.00012284599694
 31
0.0
  0
LINE
  5
23B
330
17
100
AcDbEntity
  8
VISIBLE
100
AcDbLine
 10
238.96879222771605
 20
257.00012284599694
 30
0.0
 11
238.96880057741143
 21
257.0001051920494
 31
0.0
  0
LINE
  5
23C
330
17
100
AcDbEntity
  8
VISIBLE
100
AcDbLine
 10
238.96880057741143
 20
257.0001051920494
 30
0.0
 11
238.9688106172902
 21
257.00008844152364
 31
0.0
  0
LINE
  5
23D
330
17
100
AcDbEntity
  8
VISIBLE
100
AcDbLine
 10
238.9688106172902
 20
257.00008844152364
 30
0.0
 11
238.9688222506628
 21
257.0000727557364
 31
0.0
  0
LINE
  5
23E
330
17
100
AcDbEntity
  8
VISIBLE
100
AcDbLine
 10
238.9688222506628
 20
257.0000727557364
 30
0.0
 11
238.9688353654936
 21
257.0000582857505
 31
0.0
  0
LINE
  5
23F
330
17
100
AcDbEntity
  8
VISIBLE
100
AcDbLine
 10
238.9688353654936
 20
257.0000582857505
 30
0.0
 11
238.9688498354795
 21
257.00004517091975
 31
0.0
  0
LINE
  5
240
330
17
100
AcDbEntity
  8
VISIBLE
100
AcDbLine
 10
238.9688498354795
 20
257.00004517091975
 30
0.0
 11
238.96886552126665
 21
257.00003353754715
 31
0.0
  0
LINE
  5
241
330
17
100
AcDbEntity
  8
VISIBLE
100
AcDbLine
 10
238.96886552126665
 20
257.00003353754715
 30
0.0
 11
238.9688822717924
 21
257.0000234976684
 31
0.0
  0
LINE
  5
242
330
17
100
AcDbEntity
  8
VISIBLE
100
AcDbLine
 10
238.9688822717924
 20
257.0000234976684
 30
0.0
 11
238.96889992574
 21
257.00001514797304
 31
0.0
  0
LINE
  5
243
330
17
100
AcDbEntity
  8
VISIBLE
100
AcDbLine
 10
238.96889992574
 20
257.00001514797304
 30
0.0
 11
238.96891831309227
 21
257.00000856887317
 31
0.0
  0
LINE
  5
244
330
17
100
AcDbEntity
  8
VISIBLE
100
AcDbLine
 10
238.96891831309227
 20
257.00000856887317
 30
0.0
 11
238.96893725676895
 21
257.00000382372923
 31
0.0
  0
LINE
  5
245
330
17
100
AcDbEntity
  8
VISIBLE
100
AcDbLine
 10
238.96893725676895
 20
257.00000382372923
 30
0.0
 11
238.9689565743321
 21
257.0000009582394
 31
0.0
  0
LINE
  5
246
330
17
100
AcDbEntity
  8
VISIBLE
100
AcDbLine
 10
238.9689565743321
 20
257.0000009582394
 30
0.0
 11
238.96897607974304
 21
257.0
 31
0.0
  0
LINE
  5
247
330
17
100
AcDbEntity
  8
VISIBLE
100
AcDbLine
 10
238.96897607974304
 20
257.0
 30
0.0
 11
257.9687721945672
 21
257.0
 31
0.0
  0
LINE
  5
248
330
17
100
AcDbEntity
  8
VISIBLE
100
AcDbLine
 10
257.9687721945672
 20
257.0
 30
0.0
 11
257.96877685098775
 21
256.9999997712447
 31
0.0
  0
LINE
  5
249
330
17
100
AcDbEntity
  8
VISIBLE
100
AcDbLine
 10
257.96877685098775
 20
256.9999997712447
 30
0.0
 11
257.96877707974306
 21
256.99999511482423
 31
0.0
  0
LINE
  5
24A
330
17
100
AcDbEntity
  8
VISIBLE
100
AcDbLine
 10
257.96877707974306
 20
256.99999511482423
 30
0.0
 11
257.96877707974306
 21
250.00000488517577
 31
0.0
  0
LINE
  5
24B
330
17
100
AcDbEntity
  8
VISIBLE
100
AcDbLine
 10
257.96877707974306
 20
250.00000488517577
 30
0.0
 11
257.96877685098775
 21
250.00000022875528
 31
0.0
  0
LINE
  5
24C
330
17
100
AcDbEntity
  8
VISIBLE
100
AcDbLine
 10
257.96877685098775
 20
250.00000022875528
 30
0.0
 11
257.9687721945672
 21
250.0
 31
0.0
  0
LINE
  5
24D
330
17
100
AcDbEntity
  8
VISIBLE
100
AcDbLine
 10
257.9687721945672
 20
250.0
 30
0.0
 11
238.96897607974304
 21
250.0
 31
0.0
  0
LINE
  5
24E
330
17
100
AcDbEntity
  8
VISIBLE
100
AcDbLine
 10
238.96897607974304
 20
250.0
 30
0.0
 11
238.9689565743321
 21
249.99999904176062
 31
0.0
  0
LINE
  5
24F
330
17
100
AcDbEntity
  8
VISIBLE
100
AcDbLine
 10
238.9689565743321
 20
249.99999904176062
 30
0.0
 11
238.96893725676895
 21
249.9999961762708
 31
0.0
  0
LINE
  5
250
330
17
100
AcDbEntity
  8
VISIBLE
100
AcDbLine
 10
238.96893725676895
 20
249.9999961762708
 30
0.0
 11
238.96891831309227
 21
249.99999143112683
 31
0.0
  0
LINE
  5
251
330
17
100
AcDbEntity
  8
VISIBLE
100
AcDbLine
 10
238.96891831309227
 20
249.99999143112683
 30
0.0
 11
238.96889992574
 21
249.99998485202696
 31
0.0
  0
LINE
  5
252
330
17
100
AcDbEntity
  8
VISIBLE
100
AcDbLine
 10
238.96889992574
 20
249.99998485202696
 30
0.0
 11
238.9688822717924
 21
249.9999765023316
 31
0.0
  0
LINE
  5
253
330
17
100
AcDbEntity
  8
VISIBLE
100
AcDbLine
 10
238.9688822717924
 20
249.9999765023316
 30
0.0
 11
238.96886552126665
 21
249.99996646245285
 31
0.0
  0
LINE
  5
254
330
17
100
AcDbEntity
  8
VISIBLE
100
AcDbLine
 10
238.96886552126665
 20
249.99996646245285
 30
0.0
 11
238.9688498354795
 21
249.99995482908022
 31
0.0
  0
LINE
  5
255
330
17
100
AcDbEntity
  8
VISIBLE
100
AcDbLine
 10
238.9688498354795
 20
249.99995482908022
 30
0.0
 11
238.9688353654936
 21
249.99994171424947
 31
0.0
  0
LINE
  5
256
330
17
100
AcDbEntity
  8
VISIBLE
100
AcDbLine
 10
238.9688353654936
 20
249.99994171424947
 30
0.0
 11
238.9688222506628
 21
249.99992724426357
 31
0.0
  0
LINE
  5
257
330
17
100
AcDbEntity
  8
VISIBLE
100
AcDbLine
 10
238.9688222506628
 20
249.99992724426357
 30
0.0
 11
238.9688106172902
 21
249.99991155847636
 31
0.0
  0
LINE
  5
258
330
17
100
AcDbEntity
  8
VISIBLE
100
AcDbLine
 10
238.9688106172902
 20
249.99991155847636
 30
0.0
 11
238.96880057741143
 21
249.99989480795062
 31
0.0
  0
LINE
  5
259
330
17
100
AcDbEntity
  8
VISIBLE
100
AcDbLine
 10
238.96880057741143
 20
249.99989480795062
 30
0.0
 11
238.96879222771605
 21
249.99987715400306
 31
0.0
  0
LINE
  5
25A
330
17
100
AcDbEntity
  8
VISIBLE
100
AcDbLine
 10
238.96879222771605
 20
249.99987715400306
 30
0.0
 11
238.96878564861623
 21
249.9998587666508
 31
0.0
  0
LINE
  5
25B
330
17
100
AcDbEntity
  8
VISIBLE
100
AcDbLine
 10
238.96878564861623
 20
249.9998587666508
 30
0.0
 11
238.96878090347224
 21
249.99983982297408
 31
0.0
  0
LINE
  5
25C
330
17
100
AcDbEntity
  8
VISIBLE
100
AcDbLine
 10
238.96878090347224
 20
249.99983982297408
 30
0.0
 11
238.96877803798242
 21
249.99982050541092
 31
0.0
  0
LINE
  5
25D
330
17
100
AcDbEntity
  8
VISIBLE
100
AcDbLine
 10
238.96877803798242
 20
249.99982050541092
 30
0.0
 11
238.96877707974303
 21
249.999801
 31
0.0
  0
LINE
  5
25E
330
17
100
AcDbEntity
  8
VISIBLE
100
AcDbLine
 10
238.96877707974303
 20
249.999801
 30
0.0
 11
238.96877707974303
 21
199.500199
 31
0.0
  0
LINE
  5
25F
330
17
100
AcDbEntity
  8
VISIBLE
100
AcDbLine
 10
238.96877707974303
 20
199.500199
 30
0.0
 11
238.96877803798242
 21
199.50017949458908
 31
0.0
  0
LINE
  5
260
330
17
100
AcDbEntity
  8
VISIBLE
100
AcDbLine
 10
238.96877803798242
 20
199.50017949458908
 30
0.0
 11
238.96878090347224
 21
199.50016017702592
 31
0.0
  0
LINE
  5
261
330
17
100
AcDbEntity
  8
VISIBLE
100
AcDbLine
 10
238.96878090347224
 20
199.50016017702592
 30
0.0
 11
238.96878564861623
 21
199.5001412333492
 31
0.0
  0
LINE
  5
262
330
17
100
AcDbEntity
  8
VISIBLE
100
AcDbLine
 10
238.96878564861623
 20
199.5001412333492
 30
0.0
 11
238.96879222771605
 21
199.50012284599697
 31
0.0
  0
LINE
  5
263
330
17
100
AcDbEntity
  8
VISIBLE
100
AcDbLine
 10
238.96879222771605
 20
199.50012284599697
 30
0.0
 11
238.96880057741143
 21
199.50010519204938
 31
0.0
  0
LINE
  5
264
330
17
100
AcDbEntity
  8
VISIBLE
100
AcDbLine
 10
238.96880057741143
 20
199.50010519204938
 30
0.0
 11
238.9688106172902
 21
199.50008844152362
 31
0.0
  0
LINE
  5
265
330
17
100
AcDbEntity
  8
VISIBLE
100
AcDbLine
 10
238.9688106172902
 20
199.50008844152362
 30
0.0
 11
238.9688222506628
 21
199.50007275573645
 31
0.0
  0
LINE
  5
266
330
17
100
AcDbEntity
  8
VISIBLE
100
AcDbLine
 10
238.9688222506628
 20
199.50007275573645
 30
0.0
 11
238.9688353654936
 21
199.50005828575053
 31
0.0
  0
LINE
  5
267
330
17
100
AcDbEntity
  8
VISIBLE
100
AcDbLine
 10
238.9688353654936
 20
199.50005828575053
 30
0.0
 11
238.9688498354795
 21
199.50004517091978
 31
0.0
  0
LINE
  5
268
330
17
100
AcDbEntity
  8
VISIBLE
100
AcDbLine
 10
238.9688498354795
 20
199.50004517091978
 30
0.0
 11
238.96886552126665
 21
199.50003353754715
 31
0.0
  0
LINE
  5
269
330
17
100
AcDbEntity
  8
VISIBLE
100
AcDbLine
 10
238.96886552126665
 20
199.50003353754715
 30
0.0
 11
238.9688822717924
 21
199.5000234976684
 31
0.0
  0
LINE
  5
26A
330
17
100
AcDbEntity
  8
VISIBLE
100
AcDbLine
 10
238.9688822717924
 20
199.5000234976684
 30
0.0
 11
238.96889992574
 21
199.50001514797302
 31
0.0
  0
LINE
  5
26B
330
17
100
AcDbEntity
  8
VISIBLE
100
AcDbLine
 10
238.96889992574
 20
199.50001514797302
 30
0.0
 11
238.96891831309227
 21
199.5000085688732
 31
0.0
  0
LINE
  5
26C
330
17
100
AcDbEntity
  8
VISIBLE
100
AcDbLine
 10
238.96891831309227
 20
199.5000085688732
 30
0.0
 11
238.96893725676895
 21
199.5000038237292
 31
0.0
  0
LINE
  5
26D
330
17
100
AcDbEntity
  8
VISIBLE
100
AcDbLine
 10
238.96893725676895
 20
199.5000038237292
 30
0.0
 11
238.9689565743321
 21
199.50000095823938
 31
0.0
  0
LINE
  5
26E
330
17
100
AcDbEntity
  8
VISIBLE
100
AcDbLine
 10
238.9689565743321
 20
199.50000095823938
 30
0.0
 11
238.96897607974304
 21
199.5
 31
0.0
  0
LINE
  5
26F
330
17
100
AcDbEntity
  8
VISIBLE
100
AcDbLine
 10
238.96897607974304
 20
199.5
 30
0.0
 11
239.5875742651849
 21
199.5
 31
0.0
  0
LINE
  5
270
330
17
100
AcDbEntity
  8
VISIBLE
100
AcDbLine
 10
239.5875742651849
 20
199.5
 30
0.0
 11
239.58757892160543
 21
199.49999977124472
 31
0.0
  0
LINE
  5
271
330
17
100
AcDbEntity
  8
VISIBLE
100
AcDbLine
 10
239.58757892160543
 20
199.49999977124472
 30
0.0
 11
239.5875791503607
 21
199.4999951148242
 31
0.0
  0
LINE
  5
272
330
17
100
AcDbEntity
  8
VISIBLE
100
AcDbLine
 10
239.5875791503607
 20
199.4999951148242
 30
0.0
 11
239.5875791503607
 21
181.5000048851758
 31
0.0
  0
LINE
  5
273
330
17
100
AcDbEntity
  8
VISIBLE
100
AcDbLine
 10
239.5875791503607
 20
181.5000048851758
 30
0.0
 11
239.58757892160543
 21
181.50000022875528
 31
0.0
  0
LINE
  5
274
330
17
100
AcDbEntity
  8
VISIBLE
100
AcDbLine
 10
239.58757892160543
 20
181.50000022875528
 30
0.0
 11
239.5875742651849
 21
181.5
 31
0.0
  0
LINE
  5
275
330
17
100
AcDbEntity
  8
VISIBLE
100
AcDbLine
 10
239.5875742651849
 20
181.5
 30
0.0
 11
230.34997989430116
 21
181.5
 31
0.0
  0
LINE
  5
276
330
17
100
AcDbEntity
  8
VISIBLE
100
AcDbLine
 10
230.34997989430116
 20
181.5
 30
0.0
 11
230.34997523788064
 21
181.50000022875528
 31
0.0
  0
LINE
  5
277
330
17
100
AcDbEntity
  8
VISIBLE
100
AcDbLine
 10
230.34997523788064
 20
181.50000022875528
 30
0.0
 11
230.34997500912536
 21
181.5000048851758
 31
0.0
  0
LINE
  5
278
330
17
100
AcDbEntity
  8
VISIBLE
100
AcDbLine
 10
230.34997500912536
 20
181.5000048851758
 30
0.0
 11
230.34997500912536
 21
199.4999951148242
 31
0.0
  0
LINE
  5
279
330
17
100
AcDbEntity
  8
VISIBLE
100
AcDbLine
 10
230.34997500912536
 20
199.4999951148242
 30
0.0
 11
230.34997523788064
 21
199.49999977124472
 31
0.0
  0
LINE
  5
27A
330
17
100
AcDbEntity
  8
VISIBLE
100
AcDbLine
 10
230.34997523788064
 20
199.49999977124472
 30
0.0
 11
230.34997989430116
 21
199.5
 31
0.0
  0
LINE
  5
27B
330
17
100
AcDbEntity
  8
VISIBLE
100
AcDbLine
 10
230.34997989430116
 20
199.5
 30
0.0
 11
230.96857807974303
 21
199.5
 31
0.0
  0
LINE
  5
27C
330
17
100
AcDbEntity
  8
VISIBLE
100
AcDbLine
 10
230.96857807974303
 20
199.5
 30
0.0
 11
230.96859758515396
 21
199.50000095823938
 31
0.0
  0
LINE
  5
27D
330
17
100
AcDbEntity
  8
VISIBLE
100
AcDbLine
 10
230.96859758515396
 20
199.50000095823938
 30
0.0
 11
230.96861690271712
 21
199.5000038237292
 31
0.0
  0
LINE
  5
27E
330
17
100
AcDbEntity
  8
VISIBLE
100
AcDbLine
 10
230.96861690271712
 20
199.5000038237292
 30
0.0
 11
230.9686358463938
 21
199.5000085688732
 31
0.0
  0
LINE
  5
27F
330
17
100
AcDbEntity
  8
VISIBLE
100
AcDbLine
 10
230.9686358463938
 20
199.5000085688732
 30
0.0
 11
230.96865423374607
 21
199.50001514797302
 31
0.0
  0
LINE
  5
280
330
17
100
AcDbEntity
  8
VISIBLE
100
AcDbLine
 10
230.96865423374607
 20
199.50001514797302
 30
0.0
 11
230.96867188769366
 21
199.5000234976684
 31
0.0
  0
LINE
  5
281
330
17
100
AcDbEntity
  8
VISIBLE
100
AcDbLine
 10
230.96867188769366
 20
199.5000234976684
 30
0.0
 11
230.96868863821942
 21
199.50003353754715
 31
0.0
  0
LINE
  5
282
330
17
100
AcDbEntity
  8
VISIBLE
100
AcDbLine
 10
230.96868863821942
 20
199.50003353754715
 30
0.0
 11
230.96870432400658
 21
199.50004517091978
 31
0.0
  0
LINE
  5
283
330
17
100
AcDbEntity
  8
VISIBLE
100
AcDbLine
 10
230.96870432400658
 20
199.50004517091978
 30
0.0
 11
230.96871879399248
 21
199.50005828575053
 31
0.0
  0
LINE
  5
284
330
17
100
AcDbEntity
  8
VISIBLE
100
AcDbLine
 10
230.96871879399248
 20
199.50005828575053
 30
0.0
 11
230.96873190882326
 21
199.50007275573645
 31
0.0
  0
LINE
  5
285
330
17
100
AcDbEntity
  8
VISIBLE
100
AcDbLine
 10
230.96873190882326
 20
199.50007275573645
 30
0.0
 11
230.96874354219588
 21
199.50008844152362
 31
0.0
  0
LINE
  5
286
330
17
100
AcDbEntity
  8
VISIBLE
100
AcDbLine
 10
230.96874354219588
 20
199.50008844152362
 30
0.0
 11
230.96875358207464
 21
199.50010519204938
 31
0.0
  0
LINE
  5
287
330
17
100
AcDbEntity
  8
VISIBLE
100
AcDbLine
 10
230.96875358207464
 20
199.50010519204938
 30
0.0
 11
230.96876193177002
 21
199.50012284599697
 31
0.0
  0
LINE
  5
288
330
17
100
AcDbEntity
  8
VISIBLE
100
AcDbLine
 10
230.96876193177002
 20
199.50012284599697
 30
0.0
 11
230.96876851086984
 21
199.5001412333492
 31
0.0
  0
LINE
  5
289
330
17
100
AcDbEntity
  8
VISIBLE
100
AcDbLine
 10
230.96876851086984
 20
199.5001412333492
 30
0.0
 11
230.96877325601383
 21
199.50016017702592
 31
0.0
  0
LINE
  5
28A
330
17
100
AcDbEntity
  8
VISIBLE
100
AcDbLine
 10
230.96877325601383
 20
199.50016017702592
 30
0.0
 11
230.96877612150365
 21
199.50017949458908
 31
0.0
  0
LINE
  5
28B
330
17
100
AcDbEntity
  8
VISIBLE
100
AcDbLine
 10
230.96877612150365
 20
199.50017949458908
 30
0.0
 11
230.96877707974303
 21
199.500199
 31
0.0
  0
LINE
  5
28C
330
17
100
AcDbEntity
  8
VISIBLE
100
AcDbLine
 10
230.96877707974303
 20
199.500199
 30
0.0
 11
230.96877707974303
 21
249.999801
 31
0.0
  0
LINE
  5
28D
330
17
100
AcDbEntity
  8
VISIBLE
100
AcDbLine
 10
230.96877707974303
 20
249.999801
 30
0.0
 11
230.96877612150365
 21
249.99982050541092
 31
0.0
  0
LINE
  5
28E
330
17
100
AcDbEntity
  8
VISIBLE
100
AcDbLine
 10
230.96877612150365
 20
249.99982050541092
 30
0.0
 11
230.96877325601383
 21
249.99983982297408
 31
0.0
  0
LINE
  5
28F
330
17
100
AcDbEntity
  8
VISIBLE
100
AcDbLine
 10
230.96877325601383
 20
249.99983982297408
 30
0.0
 11
230.96876851086984
 21
249.9998587666508
 31
0.0
  0
LINE
  5
290
330
17
100
AcDbEntity
  8
VISIBLE
100
AcDbLine
 10
230.96876851086984
 20
249.9998587666508
 30
0.0
 11
230.96876193177002
 21
249.99987715400306
 31
0.0
  0
LINE
  5
291
330
17
100
AcDbEntity
  8
VISIBLE
100
AcDbLine
 10
230.96876193177002
 20
249.99987715400306
 30
0.0
 11
230.96875358207464
 21
249.99989480795062
 31
0.0
  0
LINE
  5
292
330
17
100
AcDbEntity
  8
VISIBLE
100
AcDbLine
 10
230.96875358207464
 20
249.99989480795062
 30
0.0
 11
230.96874354219588
 21
249.99991155847636
 31
0.0
  0
LINE
  5
293
330
17
100
AcDbEntity
  8
VISIBLE
100
AcDbLine
 10
230.96874354219588
 20
249.99991155847636
 30
0.0
 11
230.96873190882326
 21
249.99992724426357
 31
0.0
  0
LINE
  5
294
330
17
100
AcDbEntity
  8
VISIBLE
100
AcDbLine
 10
230.96873190882326
 20
249.99992724426357
 30
0.0
 11
230.96871879399248
 21
249.99994171424947
 31
0.0
  0
LINE
  5
295
330
17
100
AcDbEntity
  8
VISIBLE
100
AcDbLine
 10
230.96871879399248
 20
249.99994171424947
 30
0.0
 11
230.96870432400658
 21
249.99995482908022
 31
0.0
  0
LINE
  5
296
330
17
100
AcDbEntity
  8
VISIBLE
100
AcDbLine
 10
230.96870432400658
 20
249.99995482908022
 30
0.0
 11
230.96868863821942
 21
249.99996646245285
 31
0.0
  0
LINE
  5
297
330
17
100
AcDbEntity
  8
VISIBLE
100
AcDbLine
 10
230.96868863821942
 20
249.99996646245285
 30
0.0
 11
230.96867188769366
 21
249.9999765023316
 31
0.0
  0
LINE
  5
298
330
17
100
AcDbEntity
  8
VISIBLE
100
AcDbLine
 10
230.96867188769366
 20
249.9999765023316
 30
0.0
 11
230.96865423374607
 21
249.99998485202696
 31
0.0
  0
LINE
  5
299
330
17
100
AcDbEntity
  8
VISIBLE
100
AcDbLine
 10
230.96865423374607
 20
249.99998485202696
 30
0.0
 11
230.9686358463938
 21
249.99999143112683
 31
0.0
  0
LINE
  5
29A
330
17
100
AcDbEntity
  8
VISIBLE
100
AcDbLine
 10
230.9686358463938
 20
249.99999143112683
 30
0.0
 11
230.96861690271712
 21
249.9999961762708
 31
0.0
  0
LINE
  5
29B
330
17
100
AcDbEntity
  8
VISIBLE
100
AcDbLine
 10
230.96861690271712
 20
249.9999961762708
 30
0.0
 11
230.96859758515396
 21
249.99999904176062
 31
0.0
  0
LINE
  5
29C
330
17
100
AcDbEntity
  8
VISIBLE
100
AcDbLine
 10
230.96859758515396
 20
249.99999904176062
 30
0.0
 11
230.96857807974303
 21
250.0
 31
0.0
  0
LINE
  5
29D
330
17
100
AcDbEntity
  8
VISIBLE
100
AcDbLine
 10
230.96857807974303
 20
250.0
 30
0.0
 11
211.96878196491886
 21
250.0
 31
0.0
  0
LINE
  5
29E
330
17
100
AcDbEntity
  8
VISIBLE
100
AcDbLine
 10
211.96878196491886
 20
250.0
 30
0.0
 11
211.96877730849832
 21
250.00000022875528
 31
0.0
  0
LINE
  5
29F
330
17
100
AcDbEntity
  8
OCULTA
100
AcDbLine
 10
232.46877707974303
 20
307.0
 30
0.0
 11
232.46877707974303
 21
307.0
 31
0.0
  0
LINE
  5
2A0
330
17
100
AcDbEntity
  8
OCULTA
100
AcDbLine
 10
232.46877707974303
 20
300.0
 30
0.0
 11
232.46877707974303
 21
300.0
 31
0.0
  0
LINE
  5
2A1
330
17
100
AcDbEntity
  8
OCULTA
100
AcDbLine
 10
237.46877707974303
 20
307.0
 30
0.0
 11
237.46877707974303
 21
307.0
 31
0.0
  0
LINE
  5
2A2
330
17
100
AcDbEntity
  8
OCULTA
100
AcDbLine
 10
237.46877707974303
 20
300.0
 30
0.0
 11
237.46877707974303
 21
300.0
 31
0.0
  0
LINE
  5
2A3
330
17
100
AcDbEntity
  8
OCULTA
100
AcDbLine
 10
230.96877707974303
 20
357.5
 30
0.0
 11
230.97734131352294
 21
357.5
 31
0.0
  0
LINE
  5
2A4
330
17
100
AcDbEntity
  8
OCULTA
100
AcDbLine
 10
230.97734131352294
 20
357.5
 30
0.0
 11
231.00299753682006
 21
357.5
 31
0.0
  0
LINE
  5
2A5
330
17
100
AcDbEntity
  8
OCULTA
100
AcDbLine
 10
231.00299753682006
 20
357.5
 30
0.0
 11
231.045636077088
 21
357.5
 31
0.0
  0
LINE
  5
2A6
330
17
100
AcDbEntity
  8
OCULTA
100
AcDbLine
 10
231.045636077088
 20
357.5
 30
0.0
 11
231.10507382885802
 21
357.5
 31
0.0
  0
LINE
  5
2A7
330
17
100
AcDbEntity
  8
OCULTA
100
AcDbLine
 10
231.10507382885802
 20
357.5
 30
0.0
 11
231.1810566379248
 21
357.5
 31
0.0
  0
LINE
  5
2A8
330
17
100
AcDbEntity
  8
OCULTA
100
AcDbLine
 10
231.1810566379248
 20
357.5
 30
0.0
 11
231.27325906292785
 21
357.5
 31
0.0
  0
LINE
  5
2A9
330
17
100
AcDbEntity
  8
OCULTA
100
AcDbLine
 10
231.27325906292785
 20
357.5
 30
0.0
 11
231.3812860442816
 21
357.5
 31
0.0
  0
LINE
  5
2AA
330
17
100
AcDbEntity
  8
OCULTA
100
AcDbLine
 10
231.3812860442816
 20
357.5
 30
0.0
 11
231.50467552677978
 21
357.5
 31
0.0
  0
LINE
  5
2AB
330
17
100
AcDbEntity
  8
OCULTA
100
AcDbLine
 10
231.50467552677978
 20
357.5
 30
0.0
 11
231.6428986980139
 21
357.5
 31
0.0
  0
LINE
  5
2AC
330
17
100
AcDbEntity
  8
OCULTA
100
AcDbLine
 10
231.6428986980139
 20
357.5
 30
0.0
 11
231.79536380307067
 21
357.5
 31
0.0
  0
LINE
  5
2AD
330
17
100
AcDbEntity
  8
OCULTA
100
AcDbLine
 10
231.79536380307067
 20
357.5
 30
0.0
 11
231.9614178134619
 21
357.5
 31
0.0
  0
LINE
  5
2AE
330
17
100
AcDbEntity
  8
OCULTA
100
AcDbLine
 10
231.9614178134619
 20
357.5
 30
0.0
 11
232.1403500034033
 21
357.5
 31
0.0
  0
LINE
  5
2AF
330
17
100
AcDbEntity
  8
OCULTA
100
AcDbLine
 10
232.1403500034033
 20
357.5
 30
0.0
 11
232.33139385716308
 21
357.5
 31
0.0
  0
LINE
  5
2B0
330
17
100
AcDbEntity
  8
OCULTA
100
AcDbLine
 10
232.33139385716308
 20
357.5
 30
0.0
 11
232.5337313605963
 21
357.5
 31
0.0
  0
LINE
  5
2B1
330
17
100
AcDbEntity
  8
OCULTA
100
AcDbLine
 10
232.5337313605963
 20
357.5
 30
0.0
 11
232.74649610058654
 21
357.5
 31
0.0
  0
LINE
  5
2B2
330
17
100
AcDbEntity
  8
OCULTA
100
AcDbLine
 10
232.74649610058654
 20
357.5
 30
0.0
 11
232.96877707974303
 21
357.5
 31
0.0
  0
LINE
  5
2B3
330
17
100
AcDbEntity
  8
OCULTA
100
AcDbLine
 10
232.96877707974303
 20
357.5
 30
0.0
 11
233.19962229267944
 21
357.5
 31
0.0
  0
LINE
  5
2B4
330
17
100
AcDbEntity
  8
OCULTA
100
AcDbLine
 10
233.19962229267944
 20
357.5
 30
0.0
 11
233.43804337517608
 21
357.5
 31
0.0
  0
LINE
  5
2B5
330
17
100
AcDbEntity
  8
OCULTA
100
AcDbLine
 10
233.43804337517608
 20
357.5
 30
0.0
 11
233.68301918045867
 21
357.5
 31
0.0
  0
LINE
  5
2B6
330
17
100
AcDbEntity
  8
OCULTA
100
AcDbLine
 10
233.68301918045867
 20
357.5
 30
0.0
 11
233.93350090519775
 21
357.5
 31
0.0
  0
LINE
  5
2B7
330
17
100
AcDbEntity
  8
OCULTA
100
AcDbLine
 10
233.93350090519775
 20
357.5
 30
0.0
 11
234.18841578499664
 21
357.5
 31
0.0
  0
LINE
  5
2B8
330
17
100
AcDbEntity
  8
OCULTA
100
AcDbLine
 10
234.18841578499664
 20
357.5
 30
0.0
 11
234.4466723396002
 21
357.5
 31
0.0
  0
LINE
  5
2B9
330
17
100
AcDbEntity
  8
OCULTA
100
AcDbLine
 10
234.4466723396002
 20
357.5
 30
0.0
 11
234.70716457502235
 21
357.5
 31
0.0
  0
LINE
  5
2BA
330
17
100
AcDbEntity
  8
OCULTA
100
AcDbLine
 10
234.70716457502235
 20
357.5
 30
0.0
 11
234.96877707974303
 21
357.5
 31
0.0
  0
LINE
  5
2BB
330
17
100
AcDbEntity
  8
OCULTA
100
AcDbLine
 10
211.96877707974303
 20
307.0
 30
0.0
 11
211.96877707974303
 21
307.0
 31
0.0
  0
LINE
  5
2BC
330
17
100
AcDbEntity
  8
OCULTA
100
AcDbLine
 10
211.96877707974303
 20
300.0
 30
0.0
 11
211.96877707974303
 21
300.0
 31
0.0
  0
LINE
  5
2BD
330
17
100
AcDbEntity
  8
OCULTA
100
AcDbLine
 10
211.96877707974303
 20
307.0
 30
0.0
 11
211.96877707974303
 21
300.0
 31
0.0
  0
LINE
  5
2BE
330
17
100
AcDbEntity
  8
OCULTA
100
AcDbLine
 10
230.96877707974303
 20
307.0
 30
0.0
 11
230.97734131352294
 21
307.0
 31
0.0
  0
LINE
  5
2BF
330
17
100
AcDbEntity
  8
OCULTA
100
AcDbLine
 10
230.97734131352294
 20
307.0
 30
0.0
 11
231.00299753682006
 21
307.0
 31
0.0
  0
LINE
  5
2C0
330
17
100
AcDbEntity
  8
OCULTA
100
AcDbLine
 10
231.00299753682006
 20
307.0
 30
0.0
 11
231.045636077088
 21
307.0
 31
0.0
  0
LINE
  5
2C1
330
17
100
AcDbEntity
  8
OCULTA
100
AcDbLine
 10
231.045636077088
 20
307.0
 30
0.0
 11
231.10507382885802
 21
307.0
 31
0.0
  0
LINE
  5
2C2
330
17
100
AcDbEntity
  8
OCULTA
100
AcDbLine
 10
231.10507382885802
 20
307.0
 30
0.0
 11
231.1810566379248
 21
307.0
 31
0.0
  0
LINE
  5
2C3
330
17
100
AcDbEntity
  8
OCULTA
100
AcDbLine
 10
231.1810566379248
 20
307.0
 30
0.0
 11
231.27325906292785
 21
307.0
 31
0.0
  0
LINE
  5
2C4
330
17
100
AcDbEntity
  8
OCULTA
100
AcDbLine
 10
231.27325906292785
 20
307.0
 30
0.0
 11
231.3812860442816
 21
307.0
 31
0.0
  0
LINE
  5
2C5
330
17
100
AcDbEntity
  8
OCULTA
100
AcDbLine
 10
231.3812860442816
 20
307.0
 30
0.0
 11
231.50467552677978
 21
307.0
 31
0.0
  0
LINE
  5
2C6
330
17
100
AcDbEntity
  8
OCULTA
100
AcDbLine
 10
231.50467552677978
 20
307.0
 30
0.0
 11
231.6428986980139
 21
307.0
 31
0.0
  0
LINE
  5
2C7
330
17
100
AcDbEntity
  8
OCULTA
100
AcDbLine
 10
231.6428986980139
 20
307.0
 30
0.0
 11
231.79536380307067
 21
307.0
 31
0.0
  0
LINE
  5
2C8
330
17
100
AcDbEntity
  8
OCULTA
100
AcDbLine
 10
211.96877707974303
 20
307.0
 30
0.0
 11
231.84867038266052
 21
307.0
 31
0.0
  0
LINE
  5
2C9
330
17
100
AcDbEntity
  8
OCULTA
100
AcDbLine
 10
231.79536380307067
 20
307.0
 30
0.0
 11
231.84867038266052
 21
307.0
 31
0.0
  0
LINE
  5
2CA
330
17
100
AcDbEntity
  8
OCULTA
100
AcDbLine
 10
232.46877707974303
 20
307.0
 30
0.0
 11
232.5337313605963
 21
307.0
 31
0.0
  0
LINE
  5
2CB
330
17
100
AcDbEntity
  8
OCULTA
100
AcDbLine
 10
232.5337313605963
 20
307.0
 30
0.0
 11
232.74649610058654
 21
307.0
 31
0.0
  0
LINE
  5
2CC
330
17
100
AcDbEntity
  8
OCULTA
100
AcDbLine
 10
232.74649610058654
 20
307.0
 30
0.0
 11
232.96877707974303
 21
307.0
 31
0.0
  0
LINE
  5
2CD
330
17
100
AcDbEntity
  8
OCULTA
100
AcDbLine
 10
232.96877707974303
 20
307.0
 30
0.0
 11
233.19962229267944
 21
307.0
 31
0.0
  0
LINE
  5
2CE
330
17
100
AcDbEntity
  8
OCULTA
100
AcDbLine
 10
233.19962229267944
 20
307.0
 30
0.0
 11
233.43804337517608
 21
307.0
 31
0.0
  0
LINE
  5
2CF
330
17
100
AcDbEntity
  8
OCULTA
100
AcDbLine
 10
233.43804337517608
 20
307.0
 30
0.0
 11
233.68301918045867
 21
307.0
 31
0.0
  0
LINE
  5
2D0
330
17
100
AcDbEntity
  8
OCULTA
100
AcDbLine
 10
233.68301918045867
 20
307.0
 30
0.0
 11
233.93350090519775
 21
307.0
 31
0.0
  0
LINE
  5
2D1
330
17
100
AcDbEntity
  8
OCULTA
100
AcDbLine
 10
233.93350090519775
 20
307.0
 30
0.0
 11
234.18841578499664
 21
307.0
 31
0.0
  0
LINE
  5
2D2
330
17
100
AcDbEntity
  8
OCULTA
100
AcDbLine
 10
234.18841578499664
 20
307.0
 30
0.0
 11
234.4466723396002
 21
307.0
 31
0.0
  0
LINE
  5
2D3
330
17
100
AcDbEntity
  8
OCULTA
100
AcDbLine
 10
234.4466723396002
 20
307.0
 30
0.0
 11
234.70716457502235
 21
307.0
 31
0.0
  0
LINE
  5
2D4
330
17
100
AcDbEntity
  8
OCULTA
100
AcDbLine
 10
234.70716457502235
 20
307.0
 30
0.0
 11
234.96877707974303
 21
307.0
 31
0.0
  0
LINE
  5
2D5
330
17
100
AcDbEntity
  8
OCULTA
100
AcDbLine
 10
230.96877707974303
 20
300.0
 30
0.0
 11
230.97734131352294
 21
300.0
 31
0.0
  0
LINE
  5
2D6
330
17
100
AcDbEntity
  8
OCULTA
100
AcDbLine
 10
230.97734131352294
 20
300.0
 30
0.0
 11
231.00299753682006
 21
300.0
 31
0.0
  0
LINE
  5
2D7
330
17
100
AcDbEntity
  8
OCULTA
100
AcDbLine
 10
231.00299753682006
 20
300.0
 30
0.0
 11
231.045636077088
 21
300.0
 31
0.0
  0
LINE
  5
2D8
330
17
100
AcDbEntity
  8
OCULTA
100
AcDbLine
 10
231.045636077088
 20
300.0
 30
0.0
 11
231.10507382885802
 21
300.0
 31
0.0
  0
LINE
  5
2D9
330
17
100
AcDbEntity
  8
OCULTA
100
AcDbLine
 10
231.10507382885802
 20
300.0
 30
0.0
 11
231.1810566379248
 21
300.0
 31
0.0
  0
LINE
  5
2DA
330
17
100
AcDbEntity
  8
OCULTA
100
AcDbLine
 10
231.1810566379248
 20
300.0
 30
0.0
 11
231.27325906292785
 21
300.0
 31
0.0
  0
LINE
  5
2DB
330
17
100
AcDbEntity
  8
OCULTA
100
AcDbLine
 10
231.27325906292785
 20
300.0
 30
0.0
 11
231.3812860442816
 21
300.0
 31
0.0
  0
LINE
  5
2DC
330
17
100
AcDbEntity
  8
OCULTA
100
AcDbLine
 10
231.3812860442816
 20
300.0
 30
0.0
 11
231.50467552677978
 21
300.0
 31
0.0
  0
LINE
  5
2DD
330
17
100
AcDbEntity
  8
OCULTA
100
AcDbLine
 10
231.50467552677978
 20
300.0
 30
0.0
 11
231.6428986980139
 21
300.0
 31
0.0
  0
LINE
  5
2DE
330
17
100
AcDbEntity
  8
OCULTA
100
AcDbLine
 10
231.6428986980139
 20
300.0
 30
0.0
 11
231.79536380307067
 21
300.0
 31
0.0
  0
LINE
  5
2DF
330
17
100
AcDbEntity
  8
OCULTA
100
AcDbLine
 10
211.96877707974303
 20
300.0
 30
0.0
 11
231.84867038266052
 21
300.0
 31
0.0
  0
LINE
  5
2E0
330
17
100
AcDbEntity
  8
OCULTA
100
AcDbLine
 10
231.84867038266052
 20
307.0
 30
0.0
 11
231.84867038266052
 21
300.0
 31
0.0
  0
LINE
  5
2E1
330
17
100
AcDbEntity
  8
OCULTA
100
AcDbLine
 10
231.79536380307067
 20
300.0
 30
0.0
 11
231.84867038266052
 21
300.0
 31
0.0
  0
LINE
  5
2E2
330
17
100
AcDbEntity
  8
OCULTA
100
AcDbLine
 10
232.46877707974303
 20
307.0
 30
0.0
 11
232.46877707974303
 21
300.0
 31
0.0
  0
LINE
  5
2E3
330
17
100
AcDbEntity
  8
OCULTA
100
AcDbLine
 10
232.46877707974303
 20
300.0
 30
0.0
 11
232.5337313605963
 21
300.0
 31
0.0
  0
LINE
  5
2E4
330
17
100
AcDbEntity
  8
OCULTA
100
AcDbLine
 10
232.5337313605963
 20
300.0
 30
0.0
 11
232.74649610058654
 21
300.0
 31
0.0
  0
LINE
  5
2E5
330
17
100
AcDbEntity
  8
OCULTA
100
AcDbLine
 10
232.74649610058654
 20
300.0
 30
0.0
 11
232.96877707974303
 21
300.0
 31
0.0
  0
LINE
  5
2E6
330
17
100
AcDbEntity
  8
OCULTA
100
AcDbLine
 10
232.96877707974303
 20
300.0
 30
0.0
 11
233.19962229267944
 21
300.0
 31
0.0
  0
LINE
  5
2E7
330
17
100
AcDbEntity
  8
OCULTA
100
AcDbLine
 10
233.19962229267944
 20
300.0
 30
0.0
 11
233.43804337517608
 21
300.0
 31
0.0
  0
LINE
  5
2E8
330
17
100
AcDbEntity
  8
OCULTA
100
AcDbLine
 10
233.43804337517608
 20
300.0
 30
0.0
 11
233.68301918045867
 21
300.0
 31
0.0
  0
LINE
  5
2E9
330
17
100
AcDbEntity
  8
OCULTA
100
AcDbLine
 10
233.68301918045867
 20
300.0
 30
0.0
 11
233.93350090519775
 21
300.0
 31
0.0
  0
LINE
  5
2EA
330
17
100
AcDbEntity
  8
OCULTA
100
AcDbLine
 10
233.93350090519775
 20
300.0
 30
0.0
 11
234.18841578499664
 21
300.0
 31
0.0
  0
LINE
  5
2EB
330
17
100
AcDbEntity
  8
OCULTA
100
AcDbLine
 10
234.18841578499664
 20
300.0
 30
0.0
 11
234.4466723396002
 21
300.0
 31
0.0
  0
LINE
  5
2EC
330
17
100
AcDbEntity
  8
OCULTA
100
AcDbLine
 10
234.4466723396002
 20
300.0
 30
0.0
 11
234.70716457502235
 21
300.0
 31
0.0
  0
LINE
  5
2ED
330
17
100
AcDbEntity
  8
OCULTA
100
AcDbLine
 10
232.46877707974303
 20
307.0
 30
0.0
 11
232.46877707974303
 21
307.0
 31
0.0
  0
LINE
  5
2EE
330
17
100
AcDbEntity
  8
OCULTA
100
AcDbLine
 10
232.46877707974303
 20
300.0
 30
0.0
 11
232.46877707974303
 21
300.0
 31
0.0
  0
LINE
  5
2EF
330
17
100
AcDbEntity
  8
OCULTA
100
AcDbLine
 10
232.46877707974303
 20
307.0
 30
0.0
 11
232.46877707974303
 21
300.0
 31
0.0
  0
LINE
  5
2F0
330
17
100
AcDbEntity
  8
OCULTA
100
AcDbLine
 10
238.96877707974303
 20
357.5
 30
0.0
 11
238.96021284596313
 21
357.5
 31
0.0
  0
LINE
  5
2F1
330
17
100
AcDbEntity
  8
OCULTA
100
AcDbLine
 10
238.96021284596313
 20
357.5
 30
0.0
 11
238.934556622666
 21
357.5
 31
0.0
  0
LINE
  5
2F2
330
17
100
AcDbEntity
  8
OCULTA
100
AcDbLine
 10
238.934556622666
 20
357.5
 30
0.0
 11
238.89191808239806
 21
357.5
 31
0.0
  0
LINE
  5
2F3
330
17
100
AcDbEntity
  8
OCULTA
100
AcDbLine
 10
238.89191808239806
 20
357.5
 30
0.0
 11
238.83248033062804
 21
357.5
 31
0.0
  0
LINE
  5
2F4
330
17
100
AcDbEntity
  8
OCULTA
100
AcDbLine
 10
238.83248033062804
 20
357.5
 30
0.0
 11
238.75649752156127
 21
357.5
 31
0.0
  0
LINE
  5
2F5
330
17
100
AcDbEntity
  8
OCULTA
100
AcDbLine
 10
238.55626811520446
 20
357.5
 30
0.0
 11
238.4328786327063
 21
357.5
 31
0.0
  0
LINE
  5
2F6
330
17
100
AcDbEntity
  8
OCULTA
100
AcDbLine
 10
238.75649752156127
 20
357.5
 30
0.0
 11
238.66429509655822
 21
357.5
 31
0.0
  0
LINE
  5
2F7
330
17
100
AcDbEntity
  8
OCULTA
100
AcDbLine
 10
238.55626811520446
 20
357.5
 30
0.0
 11
238.66429509655822
 21
357.5
 31
0.0
  0
LINE
  5
2F8
330
17
100
AcDbEntity
  8
OCULTA
100
AcDbLine
 10
238.4328786327063
 20
357.5
 30
0.0
 11
238.29465546147216
 21
357.5
 31
0.0
  0
LINE
  5
2F9
330
17
100
AcDbEntity
  8
OCULTA
100
AcDbLine
 10
238.1421903564154
 20
357.5
 30
0.0
 11
238.29465546147216
 21
357.5
 31
0.0
  0
LINE
  5
2FA
330
17
100
AcDbEntity
  8
OCULTA
100
AcDbLine
 10
237.79720415608276
 20
357.5
 30
0.0
 11
237.97613634602416
 21
357.5
 31
0.0
  0
LINE
  5
2FB
330
17
100
AcDbEntity
  8
OCULTA
100
AcDbLine
 10
238.1421903564154
 20
357.5
 30
0.0
 11
237.97613634602416
 21
357.5
 31
0.0
  0
LINE
  5
2FC
330
17
100
AcDbEntity
  8
OCULTA
100
AcDbLine
 10
234.96877707974303
 20
357.5
 30
0.0
 11
235.23038958446372
 21
357.5
 31
0.0
  0
LINE
  5
2FD
330
17
100
AcDbEntity
  8
OCULTA
100
AcDbLine
 10
235.23038958446372
 20
357.5
 30
0.0
 11
235.49088181988586
 21
357.5
 31
0.0
  0
LINE
  5
2FE
330
17
100
AcDbEntity
  8
OCULTA
100
AcDbLine
 10
235.49088181988586
 20
357.5
 30
0.0
 11
235.74913837448943
 21
357.5
 31
0.0
  0
LINE
  5
2FF
330
17
100
AcDbEntity
  8
OCULTA
100
AcDbLine
 10
235.74913837448943
 20
357.5
 30
0.0
 11
236.00405325428832
 21
357.5
 31
0.0
  0
LINE
  5
300
330
17
100
AcDbEntity
  8
OCULTA
100
AcDbLine
 10
236.00405325428832
 20
357.5
 30
0.0
 11
236.2545349790274
 21
357.5
 31
0.0
  0
LINE
  5
301
330
17
100
AcDbEntity
  8
OCULTA
100
AcDbLine
 10
236.73793186680663
 20
357.5
 30
0.0
 11
236.96877707974303
 21
357.5
 31
0.0
  0
LINE
  5
302
330
17
100
AcDbEntity
  8
OCULTA
100
AcDbLine
 10
237.79720415608276
 20
357.5
 30
0.0
 11
237.606160302323
 21
357.5
 31
0.0
  0
LINE
  5
303
330
17
100
AcDbEntity
  8
OCULTA
100
AcDbLine
 10
237.40382279888976
 20
357.5
 30
0.0
 11
237.606160302323
 21
357.5
 31
0.0
  0
LINE
  5
304
330
17
100
AcDbEntity
  8
OCULTA
100
AcDbLine
 10
236.96877707974303
 20
357.5
 30
0.0
 11
237.19105805889953
 21
357.5
 31
0.0
  0
LINE
  5
305
330
17
100
AcDbEntity
  8
OCULTA
100
AcDbLine
 10
237.40382279888976
 20
357.5
 30
0.0
 11
237.19105805889953
 21
357.5
 31
0.0
  0
LINE
  5
306
330
17
100
AcDbEntity
  8
OCULTA
100
AcDbLine
 10
236.2545349790274
 20
357.5
 30
0.0
 11
236.49951078431
 21
357.5
 31
0.0
  0
LINE
  5
307
330
17
100
AcDbEntity
  8
OCULTA
100
AcDbLine
 10
236.73793186680663
 20
357.5
 30
0.0
 11
236.49951078431
 21
357.5
 31
0.0
  0
LINE
  5
308
330
17
100
AcDbEntity
  8
OCULTA
100
AcDbLine
 10
238.96877707974303
 20
307.0
 30
0.0
 11
238.96021284596313
 21
307.0
 31
0.0
  0
LINE
  5
309
330
17
100
AcDbEntity
  8
OCULTA
100
AcDbLine
 10
238.96021284596313
 20
307.0
 30
0.0
 11
238.934556622666
 21
307.0
 31
0.0
  0
LINE
  5
30A
330
17
100
AcDbEntity
  8
OCULTA
100
AcDbLine
 10
238.934556622666
 20
307.0
 30
0.0
 11
238.89191808239806
 21
307.0
 31
0.0
  0
LINE
  5
30B
330
17
100
AcDbEntity
  8
OCULTA
100
AcDbLine
 10
238.89191808239806
 20
307.0
 30
0.0
 11
238.83248033062804
 21
307.0
 31
0.0
  0
LINE
  5
30C
330
17
100
AcDbEntity
  8
OCULTA
100
AcDbLine
 10
238.83248033062804
 20
307.0
 30
0.0
 11
238.75649752156127
 21
307.0
 31
0.0
  0
LINE
  5
30D
330
17
100
AcDbEntity
  8
OCULTA
100
AcDbLine
 10
238.55626811520446
 20
307.0
 30
0.0
 11
238.4328786327063
 21
307.0
 31
0.0
  0
LINE
  5
30E
330
17
100
AcDbEntity
  8
OCULTA
100
AcDbLine
 10
238.75649752156127
 20
307.0
 30
0.0
 11
238.66429509655822
 21
307.0
 31
0.0
  0
LINE
  5
30F
330
17
100
AcDbEntity
  8
OCULTA
100
AcDbLine
 10
238.55626811520446
 20
307.0
 30
0.0
 11
238.66429509655822
 21
307.0
 31
0.0
  0
LINE
  5
310
330
17
100
AcDbEntity
  8
OCULTA
100
AcDbLine
 10
238.08888377682555
 20
307.0
 30
0.0
 11
238.1421903564154
 21
307.0
 31
0.0
  0
LINE
  5
311
330
17
100
AcDbEntity
  8
OCULTA
100
AcDbLine
 10
238.4328786327063
 20
307.0
 30
0.0
 11
238.29465546147216
 21
307.0
 31
0.0
  0
LINE
  5
312
330
17
100
AcDbEntity
  8
OCULTA
100
AcDbLine
 10
238.1421903564154
 20
307.0
 30
0.0
 11
238.29465546147216
 21
307.0
 31
0.0
  0
LINE
  5
313
330
17
100
AcDbEntity
  8
OCULTA
100
AcDbLine
 10
234.96877707974303
 20
307.0
 30
0.0
 11
235.23038958446372
 21
307.0
 31
0.0
  0
LINE
  5
314
330
17
100
AcDbEntity
  8
OCULTA
100
AcDbLine
 10
235.23038958446372
 20
307.0
 30
0.0
 11
235.49088181988586
 21
307.0
 31
0.0
  0
LINE
  5
315
330
17
100
AcDbEntity
  8
OCULTA
100
AcDbLine
 10
235.49088181988586
 20
307.0
 30
0.0
 11
235.74913837448943
 21
307.0
 31
0.0
  0
LINE
  5
316
330
17
100
AcDbEntity
  8
OCULTA
100
AcDbLine
 10
235.74913837448943
 20
307.0
 30
0.0
 11
236.00405325428832
 21
307.0
 31
0.0
  0
LINE
  5
317
330
17
100
AcDbEntity
  8
OCULTA
100
AcDbLine
 10
236.00405325428832
 20
307.0
 30
0.0
 11
236.2545349790274
 21
307.0
 31
0.0
  0
LINE
  5
318
330
17
100
AcDbEntity
  8
OCULTA
100
AcDbLine
 10
236.73793186680663
 20
307.0
 30
0.0
 11
236.96877707974303
 21
307.0
 31
0.0
  0
LINE
  5
319
330
17
100
AcDbEntity
  8
OCULTA
100
AcDbLine
 10
237.46877707974303
 20
307.0
 30
0.0
 11
237.40382279888976
 21
307.0
 31
0.0
  0
LINE
  5
31A
330
17
100
AcDbEntity
  8
OCULTA
100
AcDbLine
 10
236.96877707974303
 20
307.0
 30
0.0
 11
237.19105805889953
 21
307.0
 31
0.0
  0
LINE
  5
31B
330
17
100
AcDbEntity
  8
OCULTA
100
AcDbLine
 10
237.40382279888976
 20
307.0
 30
0.0
 11
237.19105805889953
 21
307.0
 31
0.0
  0
LINE
  5
31C
330
17
100
AcDbEntity
  8
OCULTA
100
AcDbLine
 10
236.2545349790274
 20
307.0
 30
0.0
 11
236.49951078431
 21
307.0
 31
0.0
  0
LINE
  5
31D
330
17
100
AcDbEntity
  8
OCULTA
100
AcDbLine
 10
236.73793186680663
 20
307.0
 30
0.0
 11
236.49951078431
 21
307.0
 31
0.0
  0
LINE
  5
31E
330
17
100
AcDbEntity
  8
OCULTA
100
AcDbLine
 10
238.96877707974303
 20
300.0
 30
0.0
 11
238.96021284596313
 21
300.0
 31
0.0
  0
LINE
  5
31F
330
17
100
AcDbEntity
  8
OCULTA
100
AcDbLine
 10
238.96021284596313
 20
300.0
 30
0.0
 11
238.934556622666
 21
300.0
 31
0.0
  0
LINE
  5
320
330
17
100
AcDbEntity
  8
OCULTA
100
AcDbLine
 10
238.934556622666
 20
300.0
 30
0.0
 11
238.89191808239806
 21
300.0
 31
0.0
  0
LINE
  5
321
330
17
100
AcDbEntity
  8
OCULTA
100
AcDbLine
 10
238.89191808239806
 20
300.0
 30
0.0
 11
238.83248033062804
 21
300.0
 31
0.0
  0
LINE
  5
322
330
17
100
AcDbEntity
  8
OCULTA
100
AcDbLine
 10
238.83248033062804
 20
300.0
 30
0.0
 11
238.75649752156127
 21
300.0
 31
0.0
  0
LINE
  5
323
330
17
100
AcDbEntity
  8
OCULTA
100
AcDbLine
 10
238.55626811520446
 20
300.0
 30
0.0
 11
238.4328786327063
 21
300.0
 31
0.0
  0
LINE
  5
324
330
17
100
AcDbEntity
  8
OCULTA
100
AcDbLine
 10
238.75649752156127
 20
300.0
 30
0.0
 11
238.66429509655822
 21
300.0
 31
0.0
  0
LINE
  5
325
330
17
100
AcDbEntity
  8
OCULTA
100
AcDbLine
 10
238.55626811520446
 20
300.0
 30
0.0
 11
238.66429509655822
 21
300.0
 31
0.0
  0
LINE
  5
326
330
17
100
AcDbEntity
  8
OCULTA
100
AcDbLine
 10
238.08888377682555
 20
307.0
 30
0.0
 11
238.08888377682555
 21
300.0
 31
0.0
  0
LINE
  5
327
330
17
100
AcDbEntity
  8
OCULTA
100
AcDbLine
 10
238.08888377682555
 20
300.0
 30
0.0
 11
238.1421903564154
 21
300.0
 31
0.0
  0
LINE
  5
328
330
17
100
AcDbEntity
  8
OCULTA
100
AcDbLine
 10
238.4328786327063
 20
300.0
 30
0.0
 11
238.29465546147216
 21
300.0
 31
0.0
  0
LINE
  5
329
330
17
100
AcDbEntity
  8
OCULTA
100
AcDbLine
 10
238.1421903564154
 20
300.0
 30
0.0
 11
238.29465546147216
 21
300.0
 31
0.0
  0
LINE
  5
32A
330
17
100
AcDbEntity
  8
OCULTA
100
AcDbLine
 10
234.70716457502235
 20
300.0
 30
0.0
 11
234.96877707974303
 21
300.0
 31
0.0
  0
LINE
  5
32B
330
17
100
AcDbEntity
  8
OCULTA
100
AcDbLine
 10
234.96877707974303
 20
300.0
 30
0.0
 11
235.23038958446372
 21
300.0
 31
0.0
  0
LINE
  5
32C
330
17
100
AcDbEntity
  8
OCULTA
100
AcDbLine
 10
235.23038958446372
 20
300.0
 30
0.0
 11
235.49088181988586
 21
300.0
 31
0.0
  0
LINE
  5
32D
330
17
100
AcDbEntity
  8
OCULTA
100
AcDbLine
 10
235.49088181988586
 20
300.0
 30
0.0
 11
235.74913837448943
 21
300.0
 31
0.0
  0
LINE
  5
32E
330
17
100
AcDbEntity
  8
OCULTA
100
AcDbLine
 10
235.74913837448943
 20
300.0
 30
0.0
 11
236.00405325428832
 21
300.0
 31
0.0
  0
LINE
  5
32F
330
17
100
AcDbEntity
  8
OCULTA
100
AcDbLine
 10
236.00405325428832
 20
300.0
 30
0.0
 11
236.2545349790274
 21
300.0
 31
0.0
  0
LINE
  5
330
330
17
100
AcDbEntity
  8
OCULTA
100
AcDbLine
 10
236.73793186680663
 20
300.0
 30
0.0
 11
236.96877707974303
 21
300.0
 31
0.0
  0
LINE
  5
331
330
17
100
AcDbEntity
  8
OCULTA
100
AcDbLine
 10
237.46877707974303
 20
307.0
 30
0.0
 11
237.46877707974303
 21
300.0
 31
0.0
  0
LINE
  5
332
330
17
100
AcDbEntity
  8
OCULTA
100
AcDbLine
 10
237.46877707974303
 20
300.0
 30
0.0
 11
237.40382279888976
 21
300.0
 31
0.0
  0
LINE
  5
333
330
17
100
AcDbEntity
  8
OCULTA
100
AcDbLine
 10
236.96877707974303
 20
300.0
 30
0.0
 11
237.19105805889953
 21
300.0
 31
0.0
  0
LINE
  5
334
330
17
100
AcDbEntity
  8
OCULTA
100
AcDbLine
 10
237.40382279888976
 20
300.0
 30
0.0
 11
237.19105805889953
 21
300.0
 31
0.0
  0
LINE
  5
335
330
17
100
AcDbEntity
  8
OCULTA
100
AcDbLine
 10
236.2545349790274
 20
300.0
 30
0.0
 11
236.49951078431
 21
300.0
 31
0.0
  0
LINE
  5
336
330
17
100
AcDbEntity
  8
OCULTA
100
AcDbLine
 10
236.73793186680663
 20
300.0
 30
0.0
 11
236.49951078431
 21
300.0
 31
0.0
  0
LINE
  5
337
330
17
100
AcDbEntity
  8
OCULTA
100
AcDbLine
 10
257.96877707974306
 20
307.0
 30
0.0
 11
257.96877707974306
 21
307.0
 31
0.0
  0
LINE
  5
338
330
17
100
AcDbEntity
  8
OCULTA
100
AcDbLine
 10
238.08888377682555
 20
307.0
 30
0.0
 11
257.96877707974306
 21
307.0
 31
0.0
  0
LINE
  5
339
330
17
100
AcDbEntity
  8
OCULTA
100
AcDbLine
 10
257.96877707974306
 20
300.0
 30
0.0
 11
257.96877707974306
 21
300.0
 31
0.0
  0
LINE
  5
33A
330
17
100
AcDbEntity
  8
OCULTA
100
AcDbLine
 10
238.08888377682555
 20
300.0
 30
0.0
 11
257.96877707974306
 21
300.0
 31
0.0
  0
LINE
  5
33B
330
17
100
AcDbEntity
  8
OCULTA
100
AcDbLine
 10
257.96877707974306
 20
307.0
 30
0.0
 11
257.96877707974306
 21
300.0
 31
0.0
  0
LINE
  5
33C
330
17
100
AcDbEntity
  8
OCULTA
100
AcDbLine
 10
232.46877707974303
 20
307.0
 30
0.0
 11
237.46877707974303
 21
307.0
 31
0.0
  0
LINE
  5
33D
330
17
100
AcDbEntity
  8
OCULTA
100
AcDbLine
 10
237.46877707974303
 20
307.0
 30
0.0
 11
237.46877707974303
 21
307.0
 31
0.0
  0
LINE
  5
33E
330
17
100
AcDbEntity
  8
OCULTA
100
AcDbLine
 10
232.46877707974303
 20
300.0
 30
0.0
 11
237.46877707974303
 21
300.0
 31
0.0
  0
LINE
  5
33F
330
17
100
AcDbEntity
  8
OCULTA
100
AcDbLine
 10
237.46877707974303
 20
300.0
 30
0.0
 11
237.46877707974303
 21
300.0
 31
0.0
  0
LINE
  5
340
330
17
100
AcDbEntity
  8
OCULTA
100
AcDbLine
 10
237.46877707974303
 20
307.0
 30
0.0
 11
237.46877707974303
 21
300.0
 31
0.0
  0
LINE
  5
341
330
17
100
AcDbEntity
  8
OCULTA
100
AcDbLine
 10
232.46877707974303
 20
257.0
 30
0.0
 11
232.46877707974303
 21
257.0
 31
0.0
  0
LINE
  5
342
330
17
100
AcDbEntity
  8
OCULTA
100
AcDbLine
 10
232.46877707974303
 20
250.0
 30
0.0
 11
232.46877707974303
 21
250.0
 31
0.0
  0
LINE
  5
343
330
17
100
AcDbEntity
  8
OCULTA
100
AcDbLine
 10
237.46877707974303
 20
257.0
 30
0.0
 11
237.46877707974303
 21
257.0
 31
0.0
  0
LINE
  5
344
330
17
100
AcDbEntity
  8
OCULTA
100
AcDbLine
 10
237.46877707974303
 20
250.0
 30
0.0
 11
237.46877707974303
 21
250.0
 31
0.0
  0
LINE
  5
345
330
17
100
AcDbEntity
  8
OCULTA
100
AcDbLine
 10
211.96877707974303
 20
257.0
 30
0.0
 11
211.96877707974303
 21
257.0
 31
0.0
  0
LINE
  5
346
330
17
100
AcDbEntity
  8
OCULTA
100
AcDbLine
 10
211.96877707974303
 20
250.0
 30
0.0
 11
211.96877707974303
 21
250.0
 31
0.0
  0
LINE
  5
347
330
17
100
AcDbEntity
  8
OCULTA
100
AcDbLine
 10
211.96877707974303
 20
257.0
 30
0.0
 11
211.96877707974303
 21
250.0
 31
0.0
  0
LINE
  5
348
330
17
100
AcDbEntity
  8
OCULTA
100
AcDbLine
 10
230.96877707974303
 20
257.0
 30
0.0
 11
230.97734131352294
 21
257.0
 31
0.0
  0
LINE
  5
349
330
17
100
AcDbEntity
  8
OCULTA
100
AcDbLine
 10
230.97734131352294
 20
257.0
 30
0.0
 11
231.00299753682006
 21
257.0
 31
0.0
  0
LINE
  5
34A
330
17
100
AcDbEntity
  8
OCULTA
100
AcDbLine
 10
231.00299753682006
 20
257.0
 30
0.0
 11
231.045636077088
 21
257.0
 31
0.0
  0
LINE
  5
34B
330
17
100
AcDbEntity
  8
OCULTA
100
AcDbLine
 10
231.045636077088
 20
257.0
 30
0.0
 11
231.10507382885802
 21
257.0
 31
0.0
  0
LINE
  5
34C
330
17
100
AcDbEntity
  8
OCULTA
100
AcDbLine
 10
231.10507382885802
 20
257.0
 30
0.0
 11
231.1810566379248
 21
257.0
 31
0.0
  0
LINE
  5
34D
330
17
100
AcDbEntity
  8
OCULTA
100
AcDbLine
 10
231.1810566379248
 20
257.0
 30
0.0
 11
231.27325906292785
 21
257.0
 31
0.0
  0
LINE
  5
34E
330
17
100
AcDbEntity
  8
OCULTA
100
AcDbLine
 10
231.27325906292785
 20
257.0
 30
0.0
 11
231.3812860442816
 21
257.0
 31
0.0
  0
LINE
  5
34F
330
17
100
AcDbEntity
  8
OCULTA
100
AcDbLine
 10
231.3812860442816
 20
257.0
 30
0.0
 11
231.50467552677978
 21
257.0
 31
0.0
  0
LINE
  5
350
330
17
100
AcDbEntity
  8
OCULTA
100
AcDbLine
 10
231.50467552677978
 20
257.0
 30
0.0
 11
231.6428986980139
 21
257.0
 31
0.0
  0
LINE
  5
351
330
17
100
AcDbEntity
  8
OCULTA
100
AcDbLine
 10
231.6428986980139
 20
257.0
 30
0.0
 11
231.79536380307067
 21
257.0
 31
0.0
  0
LINE
  5
352
330
17
100
AcDbEntity
  8
OCULTA
100
AcDbLine
 10
211.96877707974303
 20
257.0
 30
0.0
 11
231.84867038266052
 21
257.0
 31
0.0
  0
LINE
  5
353
330
17
100
AcDbEntity
  8
OCULTA
100
AcDbLine
 10
231.79536380307067
 20
257.0
 30
0.0
 11
231.84867038266052
 21
257.0
 31
0.0
  0
LINE
  5
354
330
17
100
AcDbEntity
  8
OCULTA
100
AcDbLine
 10
230.96877707974303
 20
250.0
 30
0.0
 11
230.97734131352294
 21
250.0
 31
0.0
  0
LINE
  5
355
330
17
100
AcDbEntity
  8
OCULTA
100
AcDbLine
 10
230.97734131352294
 20
250.0
 30
0.0
 11
231.00299753682006
 21
250.0
 31
0.0
  0
LINE
  5
356
330
17
100
AcDbEntity
  8
OCULTA
100
AcDbLine
 10
231.00299753682006
 20
250.0
 30
0.0
 11
231.045636077088
 21
250.0
 31
0.0
  0
LINE
  5
357
330
17
100
AcDbEntity
  8
OCULTA
100
AcDbLine
 10
231.045636077088
 20
250.0
 30
0.0
 11
231.10507382885802
 21
250.0
 31
0.0
  0
LINE
  5
358
330
17
100
AcDbEntity
  8
OCULTA
100
AcDbLine
 10
231.10507382885802
 20
250.0
 30
0.0
 11
231.1810566379248
 21
250.0
 31
0.0
  0
LINE
  5
359
330
17
100
AcDbEntity
  8
OCULTA
100
AcDbLine
 10
231.1810566379248
 20
250.0
 30
0.0
 11
231.27325906292785
 21
250.0
 31
0.0
  0
LINE
  5
35A
330
17
100
AcDbEntity
  8
OCULTA
100
AcDbLine
 10
231.27325906292785
 20
250.0
 30
0.0
 11
231.3812860442816
 21
250.0
 31
0.0
  0
LINE
  5
35B
330
17
100
AcDbEntity
  8
OCULTA
100
AcDbLine
 10
231.3812860442816
 20
250.0
 30
0.0
 11
231.50467552677978
 21
250.0
 31
0.0
  0
LINE
  5
35C
330
17
100
AcDbEntity
  8
OCULTA
100
AcDbLine
 10
231.50467552677978
 20
250.0
 30
0.0
 11
231.6428986980139
 21
250.0
 31
0.0
  0
LINE
  5
35D
330
17
100
AcDbEntity
  8
OCULTA
100
AcDbLine
 10
231.6428986980139
 20
250.0
 30
0.0
 11
231.79536380307067
 21
250.0
 31
0.0
  0
LINE
  5
35E
330
17
100
AcDbEntity
  8
OCULTA
100
AcDbLine
 10
211.96877707974303
 20
250.0
 30
0.0
 11
231.84867038266052
 21
250.0
 31
0.0
  0
LINE
  5
35F
330
17
100
AcDbEntity
  8
OCULTA
100
AcDbLine
 10
231.84867038266052
 20
257.0
 30
0.0
 11
231.84867038266052
 21
250.0
 31
0.0
  0
LINE
  5
360
330
17
100
AcDbEntity
  8
OCULTA
100
AcDbLine
 10
231.79536380307067
 20
250.0
 30
0.0
 11
231.84867038266052
 21
250.0
 31
0.0
  0
LINE
  5
361
330
17
100
AcDbEntity
  8
OCULTA
100
AcDbLine
 10
232.46877707974303
 20
257.0
 30
0.0
 11
232.5337313605963
 21
257.0
 31
0.0
  0
LINE
  5
362
330
17
100
AcDbEntity
  8
OCULTA
100
AcDbLine
 10
232.5337313605963
 20
257.0
 30
0.0
 11
232.74649610058654
 21
257.0
 31
0.0
  0
LINE
  5
363
330
17
100
AcDbEntity
  8
OCULTA
100
AcDbLine
 10
232.74649610058654
 20
257.0
 30
0.0
 11
232.96877707974303
 21
257.0
 31
0.0
  0
LINE
  5
364
330
17
100
AcDbEntity
  8
OCULTA
100
AcDbLine
 10
232.96877707974303
 20
257.0
 30
0.0
 11
233.19962229267944
 21
257.0
 31
0.0
  0
LINE
  5
365
330
17
100
AcDbEntity
  8
OCULTA
100
AcDbLine
 10
233.19962229267944
 20
257.0
 30
0.0
 11
233.43804337517608
 21
257.0
 31
0.0
  0
LINE
  5
366
330
17
100
AcDbEntity
  8
OCULTA
100
AcDbLine
 10
233.43804337517608
 20
257.0
 30
0.0
 11
233.68301918045867
 21
257.0
 31
0.0
  0
LINE
  5
367
330
17
100
AcDbEntity
  8
OCULTA
100
AcDbLine
 10
233.68301918045867
 20
257.0
 30
0.0
 11
233.93350090519775
 21
257.0
 31
0.0
  0
LINE
  5
368
330
17
100
AcDbEntity
  8
OCULTA
100
AcDbLine
 10
233.93350090519775
 20
257.0
 30
0.0
 11
234.18841578499664
 21
257.0
 31
0.0
  0
LINE
  5
369
330
17
100
AcDbEntity
  8
OCULTA
100
AcDbLine
 10
234.18841578499664
 20
257.0
 30
0.0
 11
234.4466723396002
 21
257.0
 31
0.0
  0
LINE
  5
36A
330
17
100
AcDbEntity
  8
OCULTA
100
AcDbLine
 10
234.4466723396002
 20
257.0
 30
0.0
 11
234.70716457502235
 21
257.0
 31
0.0
  0
LINE
  5
36B
330
17
100
AcDbEntity
  8
OCULTA
100
AcDbLine
 10
232.46877707974303
 20
257.0
 30
0.0
 11
232.46877707974303
 21
250.0
 31
0.0
  0
LINE
  5
36C
330
17
100
AcDbEntity
  8
OCULTA
100
AcDbLine
 10
232.46877707974303
 20
250.0
 30
0.0
 11
232.5337313605963
 21
250.0
 31
0.0
  0
LINE
  5
36D
330
17
100
AcDbEntity
  8
OCULTA
100
AcDbLine
 10
232.5337313605963
 20
250.0
 30
0.0
 11
232.74649610058654
 21
250.0
 31
0.0
  0
LINE
  5
36E
330
17
100
AcDbEntity
  8
OCULTA
100
AcDbLine
 10
232.74649610058654
 20
250.0
 30
0.0
 11
232.96877707974303
 21
250.0
 31
0.0
  0
LINE
  5
36F
330
17
100
AcDbEntity
  8
OCULTA
100
AcDbLine
 10
232.96877707974303
 20
250.0
 30
0.0
 11
233.19962229267944
 21
250.0
 31
0.0
  0
LINE
  5
370
330
17
100
AcDbEntity
  8
OCULTA
100
AcDbLine
 10
233.19962229267944
 20
250.0
 30
0.0
 11
233.43804337517608
 21
250.0
 31
0.0
  0
LINE
  5
371
330
17
100
AcDbEntity
  8
OCULTA
100
AcDbLine
 10
233.43804337517608
 20
250.0
 30
0.0
 11
233.68301918045867
 21
250.0
 31
0.0
  0
LINE
  5
372
330
17
100
AcDbEntity
  8
OCULTA
100
AcDbLine
 10
233.68301918045867
 20
250.0
 30
0.0
 11
233.93350090519775
 21
250.0
 31
0.0
  0
LINE
  5
373
330
17
100
AcDbEntity
  8
OCULTA
100
AcDbLine
 10
233.93350090519775
 20
250.0
 30
0.0
 11
234.18841578499664
 21
250.0
 31
0.0
  0
LINE
  5
374
330
17
100
AcDbEntity
  8
OCULTA
100
AcDbLine
 10
234.18841578499664
 20
250.0
 30
0.0
 11
234.4466723396002
 21
250.0
 31
0.0
  0
LINE
  5
375
330
17
100
AcDbEntity
  8
OCULTA
100
AcDbLine
 10
234.4466723396002
 20
250.0
 30
0.0
 11
234.70716457502235
 21
250.0
 31
0.0
  0
LINE
  5
376
330
17
100
AcDbEntity
  8
OCULTA
100
AcDbLine
 10
232.46877707974303
 20
257.0
 30
0.0
 11
232.46877707974303
 21
257.0
 31
0.0
  0
LINE
  5
377
330
17
100
AcDbEntity
  8
OCULTA
100
AcDbLine
 10
232.46877707974303
 20
250.0
 30
0.0
 11
232.46877707974303
 21
250.0
 31
0.0
  0
LINE
  5
378
330
17
100
AcDbEntity
  8
OCULTA
100
AcDbLine
 10
232.46877707974303
 20
257.0
 30
0.0
 11
232.46877707974303
 21
250.0
 31
0.0
  0
LINE
  5
379
330
17
100
AcDbEntity
  8
OCULTA
100
AcDbLine
 10
230.96877707974303
 20
199.5
 30
0.0
 11
230.97734131352294
 21
199.5
 31
0.0
  0
LINE
  5
37A
330
17
100
AcDbEntity
  8
OCULTA
100
AcDbLine
 10
230.97734131352294
 20
199.5
 30
0.0
 11
231.00299753682006
 21
199.5
 31
0.0
  0
LINE
  5
37B
330
17
100
AcDbEntity
  8
OCULTA
100
AcDbLine
 10
231.00299753682006
 20
199.5
 30
0.0
 11
231.045636077088
 21
199.5
 31
0.0
  0
LINE
  5
37C
330
17
100
AcDbEntity
  8
OCULTA
100
AcDbLine
 10
231.045636077088
 20
199.5
 30
0.0
 11
231.10507382885802
 21
199.5
 31
0.0
  0
LINE
  5
37D
330
17
100
AcDbEntity
  8
OCULTA
100
AcDbLine
 10
231.10507382885802
 20
199.5
 30
0.0
 11
231.1810566379248
 21
199.5
 31
0.0
  0
LINE
  5
37E
330
17
100
AcDbEntity
  8
OCULTA
100
AcDbLine
 10
231.1810566379248
 20
199.5
 30
0.0
 11
231.27325906292785
 21
199.5
 31
0.0
  0
LINE
  5
37F
330
17
100
AcDbEntity
  8
OCULTA
100
AcDbLine
 10
231.27325906292785
 20
199.5
 30
0.0
 11
231.3812860442816
 21
199.5
 31
0.0
  0
LINE
  5
380
330
17
100
AcDbEntity
  8
OCULTA
100
AcDbLine
 10
230.34997500912536
 20
199.5
 30
0.0
 11
231.50467552677978
 21
199.5
 31
0.0
  0
LINE
  5
381
330
17
100
AcDbEntity
  8
OCULTA
100
AcDbLine
 10
231.3812860442816
 20
199.5
 30
0.0
 11
231.50467552677978
 21
199.5
 31
0.0
  0
LINE
  5
382
330
17
100
AcDbEntity
  8
OCULTA
100
AcDbLine
 10
231.50467552677978
 20
199.5
 30
0.0
 11
231.6428986980139
 21
199.5
 31
0.0
  0
LINE
  5
383
330
17
100
AcDbEntity
  8
OCULTA
100
AcDbLine
 10
231.6428986980139
 20
199.5
 30
0.0
 11
231.79536380307067
 21
199.5
 31
0.0
  0
LINE
  5
384
330
17
100
AcDbEntity
  8
OCULTA
100
AcDbLine
 10
231.79536380307067
 20
199.5
 30
0.0
 11
231.9614178134619
 21
199.5
 31
0.0
  0
LINE
  5
385
330
17
100
AcDbEntity
  8
OCULTA
100
AcDbLine
 10
231.9614178134619
 20
199.5
 30
0.0
 11
232.1403500034033
 21
199.5
 31
0.0
  0
LINE
  5
386
330
17
100
AcDbEntity
  8
OCULTA
100
AcDbLine
 10
232.1403500034033
 20
199.5
 30
0.0
 11
232.33139385716308
 21
199.5
 31
0.0
  0
LINE
  5
387
330
17
100
AcDbEntity
  8
OCULTA
100
AcDbLine
 10
232.33139385716308
 20
199.5
 30
0.0
 11
232.5337313605963
 21
199.5
 31
0.0
  0
LINE
  5
388
330
17
100
AcDbEntity
  8
OCULTA
100
AcDbLine
 10
232.5337313605963
 20
199.5
 30
0.0
 11
232.74649610058654
 21
199.5
 31
0.0
  0
LINE
  5
389
330
17
100
AcDbEntity
  8
OCULTA
100
AcDbLine
 10
232.74649610058654
 20
199.5
 30
0.0
 11
232.96877707974303
 21
199.5
 31
0.0
  0
LINE
  5
38A
330
17
100
AcDbEntity
  8
OCULTA
100
AcDbLine
 10
232.96877707974303
 20
199.5
 30
0.0
 11
233.19962229267944
 21
199.5
 31
0.0
  0
LINE
  5
38B
330
17
100
AcDbEntity
  8
OCULTA
100
AcDbLine
 10
231.50467552677978
 20
199.5
 30
0.0
 11
232.6593760444342
 21
199.5
 31
0.0
  0
LINE
  5
38C
330
17
100
AcDbEntity
  8
OCULTA
100
AcDbLine
 10
233.19962229267944
 20
199.5
 30
0.0
 11
233.43804337517608
 21
199.5
 31
0.0
  0
LINE
  5
38D
330
17
100
AcDbEntity
  8
OCULTA
100
AcDbLine
 10
233.43804337517608
 20
199.5
 30
0.0
 11
233.68301918045867
 21
199.5
 31
0.0
  0
LINE
  5
38E
330
17
100
AcDbEntity
  8
OCULTA
100
AcDbLine
 10
233.68301918045867
 20
199.5
 30
0.0
 11
233.93350090519775
 21
199.5
 31
0.0
  0
LINE
  5
38F
330
17
100
AcDbEntity
  8
OCULTA
100
AcDbLine
 10
233.93350090519775
 20
199.5
 30
0.0
 11
234.18841578499664
 21
199.5
 31
0.0
  0
LINE
  5
390
330
17
100
AcDbEntity
  8
OCULTA
100
AcDbLine
 10
234.18841578499664
 20
199.5
 30
0.0
 11
234.4466723396002
 21
199.5
 31
0.0
  0
LINE
  5
391
330
17
100
AcDbEntity
  8
OCULTA
100
AcDbLine
 10
234.4466723396002
 20
199.5
 30
0.0
 11
234.70716457502235
 21
199.5
 31
0.0
  0
LINE
  5
392
330
17
100
AcDbEntity
  8
OCULTA
100
AcDbLine
 10
232.6593760444342
 20
199.5
 30
0.0
 11
232.6593760444342
 21
181.5
 31
0.0
  0
LINE
  5
393
330
17
100
AcDbEntity
  8
OCULTA
100
AcDbLine
 10
230.34997500912536
 20
181.5
 30
0.0
 11
232.6593760444342
 21
181.5
 31
0.0
  0
LINE
  5
394
330
17
100
AcDbEntity
  8
OCULTA
100
AcDbLine
 10
238.96877707974303
 20
257.0
 30
0.0
 11
238.96021284596313
 21
257.0
 31
0.0
  0
LINE
  5
395
330
17
100
AcDbEntity
  8
OCULTA
100
AcDbLine
 10
238.96021284596313
 20
257.0
 30
0.0
 11
238.934556622666
 21
257.0
 31
0.0
  0
LINE
  5
396
330
17
100
AcDbEntity
  8
OCULTA
100
AcDbLine
 10
238.934556622666
 20
257.0
 30
0.0
 11
238.89191808239806
 21
257.0
 31
0.0
  0
LINE
  5
397
330
17
100
AcDbEntity
  8
OCULTA
100
AcDbLine
 10
238.89191808239806
 20
257.0
 30
0.0
 11
238.83248033062804
 21
257.0
 31
0.0
  0
LINE
  5
398
330
17
100
AcDbEntity
  8
OCULTA
100
AcDbLine
 10
238.83248033062804
 20
257.0
 30
0.0
 11
238.75649752156127
 21
257.0
 31
0.0
  0
LINE
  5
399
330
17
100
AcDbEntity
  8
OCULTA
100
AcDbLine
 10
238.55626811520446
 20
257.0
 30
0.0
 11
238.4328786327063
 21
257.0
 31
0.0
  0
LINE
  5
39A
330
17
100
AcDbEntity
  8
OCULTA
100
AcDbLine
 10
238.75649752156127
 20
257.0
 30
0.0
 11
238.66429509655822
 21
257.0
 31
0.0
  0
LINE
  5
39B
330
17
100
AcDbEntity
  8
OCULTA
100
AcDbLine
 10
238.55626811520446
 20
257.0
 30
0.0
 11
238.66429509655822
 21
257.0
 31
0.0
  0
LINE
  5
39C
330
17
100
AcDbEntity
  8
OCULTA
100
AcDbLine
 10
238.08888377682555
 20
257.0
 30
0.0
 11
238.1421903564154
 21
257.0
 31
0.0
  0
LINE
  5
39D
330
17
100
AcDbEntity
  8
OCULTA
100
AcDbLine
 10
238.4328786327063
 20
257.0
 30
0.0
 11
238.29465546147216
 21
257.0
 31
0.0
  0
LINE
  5
39E
330
17
100
AcDbEntity
  8
OCULTA
100
AcDbLine
 10
238.1421903564154
 20
257.0
 30
0.0
 11
238.29465546147216
 21
257.0
 31
0.0
  0
LINE
  5
39F
330
17
100
AcDbEntity
  8
OCULTA
100
AcDbLine
 10
238.96877707974303
 20
250.0
 30
0.0
 11
238.96021284596313
 21
250.0
 31
0.0
  0
LINE
  5
3A0
330
17
100
AcDbEntity
  8
OCULTA
100
AcDbLine
 10
238.96021284596313
 20
250.0
 30
0.0
 11
238.934556622666
 21
250.0
 31
0.0
  0
LINE
  5
3A1
330
17
100
AcDbEntity
  8
OCULTA
100
AcDbLine
 10
238.934556622666
 20
250.0
 30
0.0
 11
238.89191808239806
 21
250.0
 31
0.0
  0
LINE
  5
3A2
330
17
100
AcDbEntity
  8
OCULTA
100
AcDbLine
 10
238.89191808239806
 20
250.0
 30
0.0
 11
238.83248033062804
 21
250.0
 31
0.0
  0
LINE
  5
3A3
330
17
100
AcDbEntity
  8
OCULTA
100
AcDbLine
 10
238.83248033062804
 20
250.0
 30
0.0
 11
238.75649752156127
 21
250.0
 31
0.0
  0
LINE
  5
3A4
330
17
100
AcDbEntity
  8
OCULTA
100
AcDbLine
 10
238.55626811520446
 20
250.0
 30
0.0
 11
238.4328786327063
 21
250.0
 31
0.0
  0
LINE
  5
3A5
330
17
100
AcDbEntity
  8
OCULTA
100
AcDbLine
 10
238.75649752156127
 20
250.0
 30
0.0
 11
238.66429509655822
 21
250.0
 31
0.0
  0
LINE
  5
3A6
330
17
100
AcDbEntity
  8
OCULTA
100
AcDbLine
 10
238.55626811520446
 20
250.0
 30
0.0
 11
238.66429509655822
 21
250.0
 31
0.0
  0
LINE
  5
3A7
330
17
100
AcDbEntity
  8
OCULTA
100
AcDbLine
 10
238.08888377682555
 20
257.0
 30
0.0
 11
238.08888377682555
 21
250.0
 31
0.0
  0
LINE
  5
3A8
330
17
100
AcDbEntity
  8
OCULTA
100
AcDbLine
 10
238.08888377682555
 20
250.0
 30
0.0
 11
238.1421903564154
 21
250.0
 31
0.0
  0
LINE
  5
3A9
330
17
100
AcDbEntity
  8
OCULTA
100
AcDbLine
 10
238.4328786327063
 20
250.0
 30
0.0
 11
238.29465546147216
 21
250.0
 31
0.0
  0
LINE
  5
3AA
330
17
100
AcDbEntity
  8
OCULTA
100
AcDbLine
 10
238.1421903564154
 20
250.0
 30
0.0
 11
238.29465546147216
 21
250.0
 31
0.0
  0
LINE
  5
3AB
330
17
100
AcDbEntity
  8
OCULTA
100
AcDbLine
 10
234.70716457502235
 20
257.0
 30
0.0
 11
234.96877707974303
 21
257.0
 31
0.0
  0
LINE
  5
3AC
330
17
100
AcDbEntity
  8
OCULTA
100
AcDbLine
 10
234.96877707974303
 20
257.0
 30
0.0
 11
235.23038958446372
 21
257.0
 31
0.0
  0
LINE
  5
3AD
330
17
100
AcDbEntity
  8
OCULTA
100
AcDbLine
 10
235.23038958446372
 20
257.0
 30
0.0
 11
235.49088181988586
 21
257.0
 31
0.0
  0
LINE
  5
3AE
330
17
100
AcDbEntity
  8
OCULTA
100
AcDbLine
 10
235.49088181988586
 20
257.0
 30
0.0
 11
235.74913837448943
 21
257.0
 31
0.0
  0
LINE
  5
3AF
330
17
100
AcDbEntity
  8
OCULTA
100
AcDbLine
 10
235.74913837448943
 20
257.0
 30
0.0
 11
236.00405325428832
 21
257.0
 31
0.0
  0
LINE
  5
3B0
330
17
100
AcDbEntity
  8
OCULTA
100
AcDbLine
 10
236.00405325428832
 20
257.0
 30
0.0
 11
236.2545349790274
 21
257.0
 31
0.0
  0
LINE
  5
3B1
330
17
100
AcDbEntity
  8
OCULTA
100
AcDbLine
 10
236.73793186680663
 20
257.0
 30
0.0
 11
236.96877707974303
 21
257.0
 31
0.0
  0
LINE
  5
3B2
330
17
100
AcDbEntity
  8
OCULTA
100
AcDbLine
 10
237.46877707974303
 20
257.0
 30
0.0
 11
237.40382279888976
 21
257.0
 31
0.0
  0
LINE
  5
3B3
330
17
100
AcDbEntity
  8
OCULTA
100
AcDbLine
 10
236.96877707974303
 20
257.0
 30
0.0
 11
237.19105805889953
 21
257.0
 31
0.0
  0
LINE
  5
3B4
330
17
100
AcDbEntity
  8
OCULTA
100
AcDbLine
 10
237.40382279888976
 20
257.0
 30
0.0
 11
237.19105805889953
 21
257.0
 31
0.0
  0
LINE
  5
3B5
330
17
100
AcDbEntity
  8
OCULTA
100
AcDbLine
 10
236.2545349790274
 20
257.0
 30
0.0
 11
236.49951078431
 21
257.0
 31
0.0
  0
LINE
  5
3B6
330
17
100
AcDbEntity
  8
OCULTA
100
AcDbLine
 10
236.73793186680663
 20
257.0
 30
0.0
 11
236.49951078431
 21
257.0
 31
0.0
  0
LINE
  5
3B7
330
17
100
AcDbEntity
  8
OCULTA
100
AcDbLine
 10
234.70716457502235
 20
250.0
 30
0.0
 11
234.96877707974303
 21
250.0
 31
0.0
  0
LINE
  5
3B8
330
17
100
AcDbEntity
  8
OCULTA
100
AcDbLine
 10
234.96877707974303
 20
250.0
 30
0.0
 11
235.23038958446372
 21
250.0
 31
0.0
  0
LINE
  5
3B9
330
17
100
AcDbEntity
  8
OCULTA
100
AcDbLine
 10
235.23038958446372
 20
250.0
 30
0.0
 11
235.49088181988586
 21
250.0
 31
0.0
  0
LINE
  5
3BA
330
17
100
AcDbEntity
  8
OCULTA
100
AcDbLine
 10
235.49088181988586
 20
250.0
 30
0.0
 11
235.74913837448943
 21
250.0
 31
0.0
  0
LINE
  5
3BB
330
17
100
AcDbEntity
  8
OCULTA
100
AcDbLine
 10
235.74913837448943
 20
250.0
 30
0.0
 11
236.00405325428832
 21
250.0
 31
0.0
  0
LINE
  5
3BC
330
17
100
AcDbEntity
  8
OCULTA
100
AcDbLine
 10
236.00405325428832
 20
250.0
 30
0.0
 11
236.2545349790274
 21
250.0
 31
0.0
  0
LINE
  5
3BD
330
17
100
AcDbEntity
  8
OCULTA
100
AcDbLine
 10
236.73793186680663
 20
250.0
 30
0.0
 11
236.96877707974303
 21
250.0
 31
0.0
  0
LINE
  5
3BE
330
17
100
AcDbEntity
  8
OCULTA
100
AcDbLine
 10
237.46877707974303
 20
257.0
 30
0.0
 11
237.46877707974303
 21
250.0
 31
0.0
  0
LINE
  5
3BF
330
17
100
AcDbEntity
  8
OCULTA
100
AcDbLine
 10
237.46877707974303
 20
250.0
 30
0.0
 11
237.40382279888976
 21
250.0
 31
0.0
  0
LINE
  5
3C0
330
17
100
AcDbEntity
  8
OCULTA
100
AcDbLine
 10
236.96877707974303
 20
250.0
 30
0.0
 11
237.19105805889953
 21
250.0
 31
0.0
  0
LINE
  5
3C1
330
17
100
AcDbEntity
  8
OCULTA
100
AcDbLine
 10
237.40382279888976
 20
250.0
 30
0.0
 11
237.19105805889953
 21
250.0
 31
0.0
  0
LINE
  5
3C2
330
17
100
AcDbEntity
  8
OCULTA
100
AcDbLine
 10
236.2545349790274
 20
250.0
 30
0.0
 11
236.49951078431
 21
250.0
 31
0.0
  0
LINE
  5
3C3
330
17
100
AcDbEntity
  8
OCULTA
100
AcDbLine
 10
236.73793186680663
 20
250.0
 30
0.0
 11
236.49951078431
 21
250.0
 31
0.0
  0
LINE
  5
3C4
330
17
100
AcDbEntity
  8
OCULTA
100
AcDbLine
 10
257.96877707974306
 20
257.0
 30
0.0
 11
257.96877707974306
 21
257.0
 31
0.0
  0
LINE
  5
3C5
330
17
100
AcDbEntity
  8
OCULTA
100
AcDbLine
 10
238.08888377682555
 20
257.0
 30
0.0
 11
257.96877707974306
 21
257.0
 31
0.0
  0
LINE
  5
3C6
330
17
100
AcDbEntity
  8
OCULTA
100
AcDbLine
 10
257.96877707974306
 20
250.0
 30
0.0
 11
257.96877707974306
 21
250.0
 31
0.0
  0
LINE
  5
3C7
330
17
100
AcDbEntity
  8
OCULTA
100
AcDbLine
 10
238.08888377682555
 20
250.0
 30
0.0
 11
257.96877707974306
 21
250.0
 31
0.0
  0
LINE
  5
3C8
330
17
100
AcDbEntity
  8
OCULTA
100
AcDbLine
 10
257.96877707974306
 20
257.0
 30
0.0
 11
257.96877707974306
 21
250.0
 31
0.0
  0
LINE
  5
3C9
330
17
100
AcDbEntity
  8
OCULTA
100
AcDbLine
 10
232.46877707974303
 20
257.0
 30
0.0
 11
237.46877707974303
 21
257.0
 31
0.0
  0
LINE
  5
3CA
330
17
100
AcDbEntity
  8
OCULTA
100
AcDbLine
 10
237.46877707974303
 20
257.0
 30
0.0
 11
237.46877707974303
 21
257.0
 31
0.0
  0
LINE
  5
3CB
330
17
100
AcDbEntity
  8
OCULTA
100
AcDbLine
 10
232.46877707974303
 20
250.0
 30
0.0
 11
237.46877707974303
 21
250.0
 31
0.0
  0
LINE
  5
3CC
330
17
100
AcDbEntity
  8
OCULTA
100
AcDbLine
 10
237.46877707974303
 20
250.0
 30
0.0
 11
237.46877707974303
 21
250.0
 31
0.0
  0
LINE
  5
3CD
330
17
100
AcDbEntity
  8
OCULTA
100
AcDbLine
 10
237.46877707974303
 20
257.0
 30
0.0
 11
237.46877707974303
 21
250.0
 31
0.0
  0
LINE
  5
3CE
330
17
100
AcDbEntity
  8
OCULTA
100
AcDbLine
 10
238.96877707974303
 20
199.5
 30
0.0
 11
238.96021284596313
 21
199.5
 31
0.0
  0
LINE
  5
3CF
330
17
100
AcDbEntity
  8
OCULTA
100
AcDbLine
 10
238.96021284596313
 20
199.5
 30
0.0
 11
238.934556622666
 21
199.5
 31
0.0
  0
LINE
  5
3D0
330
17
100
AcDbEntity
  8
OCULTA
100
AcDbLine
 10
238.934556622666
 20
199.5
 30
0.0
 11
238.89191808239806
 21
199.5
 31
0.0
  0
LINE
  5
3D1
330
17
100
AcDbEntity
  8
OCULTA
100
AcDbLine
 10
238.89191808239806
 20
199.5
 30
0.0
 11
238.83248033062804
 21
199.5
 31
0.0
  0
LINE
  5
3D2
330
17
100
AcDbEntity
  8
OCULTA
100
AcDbLine
 10
238.83248033062804
 20
199.5
 30
0.0
 11
238.75649752156127
 21
199.5
 31
0.0
  0
LINE
  5
3D3
330
17
100
AcDbEntity
  8
OCULTA
100
AcDbLine
 10
239.5875791503607
 20
199.5
 30
0.0
 11
238.4328786327063
 21
199.5
 31
0.0
  0
LINE
  5
3D4
330
17
100
AcDbEntity
  8
OCULTA
100
AcDbLine
 10
238.55626811520446
 20
199.5
 30
0.0
 11
238.4328786327063
 21
199.5
 31
0.0
  0
LINE
  5
3D5
330
17
100
AcDbEntity
  8
OCULTA
100
AcDbLine
 10
238.75649752156127
 20
199.5
 30
0.0
 11
238.66429509655822
 21
199.5
 31
0.0
  0
LINE
  5
3D6
330
17
100
AcDbEntity
  8
OCULTA
100
AcDbLine
 10
238.55626811520446
 20
199.5
 30
0.0
 11
238.66429509655822
 21
199.5
 31
0.0
  0
LINE
  5
3D7
330
17
100
AcDbEntity
  8
OCULTA
100
AcDbLine
 10
238.4328786327063
 20
199.5
 30
0.0
 11
238.29465546147216
 21
199.5
 31
0.0
  0
LINE
  5
3D8
330
17
100
AcDbEntity
  8
OCULTA
100
AcDbLine
 10
238.1421903564154
 20
199.5
 30
0.0
 11
238.29465546147216
 21
199.5
 31
0.0
  0
LINE
  5
3D9
330
17
100
AcDbEntity
  8
OCULTA
100
AcDbLine
 10
237.79720415608276
 20
199.5
 30
0.0
 11
237.97613634602416
 21
199.5
 31
0.0
  0
LINE
  5
3DA
330
17
100
AcDbEntity
  8
OCULTA
100
AcDbLine
 10
238.1421903564154
 20
199.5
 30
0.0
 11
237.97613634602416
 21
199.5
 31
0.0
  0
LINE
  5
3DB
330
17
100
AcDbEntity
  8
OCULTA
100
AcDbLine
 10
232.6593760444342
 20
199.5
 30
0.0
 11
234.96877707974303
 21
199.5
 31
0.0
  0
LINE
  5
3DC
330
17
100
AcDbEntity
  8
OCULTA
100
AcDbLine
 10
234.70716457502235
 20
199.5
 30
0.0
 11
234.96877707974303
 21
199.5
 31
0.0
  0
LINE
  5
3DD
330
17
100
AcDbEntity
  8
OCULTA
100
AcDbLine
 10
234.96877707974303
 20
199.5
 30
0.0
 11
235.23038958446372
 21
199.5
 31
0.0
  0
LINE
  5
3DE
330
17
100
AcDbEntity
  8
OCULTA
100
AcDbLine
 10
235.23038958446372
 20
199.5
 30
0.0
 11
235.49088181988586
 21
199.5
 31
0.0
  0
LINE
  5
3DF
330
17
100
AcDbEntity
  8
OCULTA
100
AcDbLine
 10
235.49088181988586
 20
199.5
 30
0.0
 11
235.74913837448943
 21
199.5
 31
0.0
  0
LINE
  5
3E0
330
17
100
AcDbEntity
  8
OCULTA
100
AcDbLine
 10
235.74913837448943
 20
199.5
 30
0.0
 11
236.00405325428832
 21
199.5
 31
0.0
  0
LINE
  5
3E1
330
17
100
AcDbEntity
  8
OCULTA
100
AcDbLine
 10
236.00405325428832
 20
199.5
 30
0.0
 11
236.2545349790274
 21
199.5
 31
0.0
  0
LINE
  5
3E2
330
17
100
AcDbEntity
  8
OCULTA
100
AcDbLine
 10
236.73793186680663
 20
199.5
 30
0.0
 11
236.96877707974303
 21
199.5
 31
0.0
  0
LINE
  5
3E3
330
17
100
AcDbEntity
  8
OCULTA
100
AcDbLine
 10
237.79720415608276
 20
199.5
 30
0.0
 11
237.606160302323
 21
199.5
 31
0.0
  0
LINE
  5
3E4
330
17
100
AcDbEntity
  8
OCULTA
100
AcDbLine
 10
237.40382279888976
 20
199.5
 30
0.0
 11
237.606160302323
 21
199.5
 31
0.0
  0
LINE
  5
3E5
330
17
100
AcDbEntity
  8
OCULTA
100
AcDbLine
 10
236.96877707974303
 20
199.5
 30
0.0
 11
237.19105805889953
 21
199.5
 31
0.0
  0
LINE
  5
3E6
330
17
100
AcDbEntity
  8
OCULTA
100
AcDbLine
 10
237.40382279888976
 20
199.5
 30
0.0
 11
237.19105805889953
 21
199.5
 31
0.0
  0
LINE
  5
3E7
330
17
100
AcDbEntity
  8
OCULTA
100
AcDbLine
 10
236.2545349790274
 20
199.5
 30
0.0
 11
236.49951078431
 21
199.5
 31
0.0
  0
LINE
  5
3E8
330
17
100
AcDbEntity
  8
OCULTA
100
AcDbLine
 10
236.73793186680663
 20
199.5
 30
0.0
 11
236.49951078431
 21
199.5
 31
0.0
  0
LINE
  5
3E9
330
17
100
AcDbEntity
  8
OCULTA
100
AcDbLine
 10
238.4328786327063
 20
199.5
 30
0.0
 11
237.27817811505187
 21
199.5
 31
0.0
  0
LINE
  5
3EA
330
17
100
AcDbEntity
  8
OCULTA
100
AcDbLine
 10
234.96877707974303
 20
199.5
 30
0.0
 11
237.27817811505187
 21
199.5
 31
0.0
  0
LINE
  5
3EB
330
17
100
AcDbEntity
  8
OCULTA
100
AcDbLine
 10
232.6593760444342
 20
181.5
 30
0.0
 11
237.27817811505187
 21
181.5
 31
0.0
  0
LINE
  5
3EC
330
17
100
AcDbEntity
  8
OCULTA
100
AcDbLine
 10
237.27817811505187
 20
199.5
 30
0.0
 11
237.27817811505187
 21
181.5
 31
0.0
  0
LINE
  5
3ED
330
17
100
AcDbEntity
  8
OCULTA
100
AcDbLine
 10
239.5875791503607
 20
181.5
 30
0.0
 11
237.27817811505187
 21
181.5
 31
0.0
  0
TEXT
  5
3EE
330
17
100
AcDbEntity
  8
TEXTO
100
AcDbText
 10
234.96877707974303
 20
361.5
 30
0.0
 40
3.5
  1
ALZADO
 72
1
 11
234.96877707974303
 21
361.5
 31
0.0
100
AcDbText
 73
2
  0
DIMENSION
  5
3EF
330
17
100
AcDbEntity
  8
COTAS
100
AcDbDimension
280
0
  2
*D1
  3
F3D_1000
 10
211.96877707974303
 20
172.5
 30
0.0
 11
234.96877707974306
 21
175.15
 31
0.0
 70
32
 71
5
  1
<>
100
AcDbAlignedDimension
 13
211.96877707974303
 23
181.5
 33
0.0
 14
257.96877707974306
 24
181.5
 34
0.0
 50
0.0
100
AcDbRotatedDimension
  0
DIMENSION
  5
3FE
330
17
100
AcDbEntity
  8
COTAS
100
AcDbDimension
280
0
  2
*D2
  3
F3D_1000
 10
266.96877707974306
 20
181.5
 30
0.0
 11
264.3187770797431
 21
269.5
 31
0.0
 70
32
 71
5
  1
<>
100
AcDbAlignedDimension
 13
257.96877707974306
 23
181.5
 33
0.0
 14
257.96877707974306
 24
357.5
 34
0.0
 50
90.0
100
AcDbRotatedDimension
  0
LINE
  5
40D
330
17
100
AcDbEntity
  8
VISIBLE
100
AcDbLine
 10
232.74649610058654
 20
129.17412161827087
 30
0.0
 11
232.5337313605963
 21
129.32658672332764
 31
0.0
  0
LINE
  5
40E
330
17
100
AcDbEntity
  8
VISIBLE
100
AcDbLine
 10
232.33139385716308
 20
129.49264073371887
 30
0.0
 11
232.5337313605963
 21
129.32658672332764
 31
0.0
  0
LINE
  5
40F
330
17
100
AcDbEntity
  8
VISIBLE
100
AcDbLine
 10
232.74649610058654
 20
129.17412161827087
 30
0.0
 11
232.96877707974303
 21
129.03589844703674
 31
0.0
  0
LINE
  5
410
330
17
100
AcDbEntity
  8
VISIBLE
100
AcDbLine
 10
233.43804337517608
 20
128.80448198318481
 30
0.0
 11
233.19962229267944
 21
128.91250896453857
 31
0.0
  0
LINE
  5
411
330
17
100
AcDbEntity
  8
VISIBLE
100
AcDbLine
 10
232.96877707974303
 20
129.03589844703674
 30
0.0
 11
233.19962229267944
 21
128.91250896453857
 31
0.0
  0
LINE
  5
412
330
17
100
AcDbEntity
  8
VISIBLE
100
AcDbLine
 10
233.43804337517608
 20
128.80448198318481
 30
0.0
 11
233.68301918045867
 21
128.71227955818176
 31
0.0
  0
LINE
  5
413
330
17
100
AcDbEntity
  8
VISIBLE
100
AcDbLine
 10
233.68301918045867
 20
128.71227955818176
 30
0.0
 11
233.93350090519775
 21
128.636296749115
 31
0.0
  0
LINE
  5
414
330
17
100
AcDbEntity
  8
VISIBLE
100
AcDbLine
 10
233.93350090519775
 20
128.636296749115
 30
0.0
 11
234.18841578499664
 21
128.57685899734497
 31
0.0
  0
LINE
  5
415
330
17
100
AcDbEntity
  8
VISIBLE
100
AcDbLine
 10
234.18841578499664
 20
128.57685899734497
 30
0.0
 11
234.4466723396002
 21
128.53422045707703
 31
0.0
  0
LINE
  5
416
330
17
100
AcDbEntity
  8
VISIBLE
100
AcDbLine
 10
234.4466723396002
 20
128.53422045707703
 30
0.0
 11
234.70716457502235
 21
128.5085642337799
 31
0.0
  0
LINE
  5
417
330
17
100
AcDbEntity
  8
VISIBLE
100
AcDbLine
 10
234.70716457502235
 20
128.5085642337799
 30
0.0
 11
234.96877707974303
 21
128.5
 31
0.0
  0
LINE
  5
418
330
17
100
AcDbEntity
  8
VISIBLE
100
AcDbLine
 10
231.9614178134619
 20
129.86261677742004
 30
0.0
 11
231.79536380307067
 21
130.06495428085327
 31
0.0
  0
LINE
  5
419
330
17
100
AcDbEntity
  8
VISIBLE
100
AcDbLine
 10
231.6428986980139
 20
130.2777190208435
 30
0.0
 11
231.79536380307067
 21
130.06495428085327
 31
0.0
  0
LINE
  5
41A
330
17
100
AcDbEntity
  8
VISIBLE
100
AcDbLine
 10
231.6428986980139
 20
130.2777190208435
 30
0.0
 11
231.50467552677978
 21
130.5
 31
0.0
  0
LINE
  5
41B
330
17
100
AcDbEntity
  8
VISIBLE
100
AcDbLine
 10
231.27325906292785
 20
130.96926629543304
 30
0.0
 11
231.3812860442816
 21
130.7308452129364
 31
0.0
  0
LINE
  5
41C
330
17
100
AcDbEntity
  8
VISIBLE
100
AcDbLine
 10
231.50467552677978
 20
130.5
 30
0.0
 11
231.3812860442816
 21
130.7308452129364
 31
0.0
  0
LINE
  5
41D
330
17
100
AcDbEntity
  8
VISIBLE
100
AcDbLine
 10
231.27325906292785
 20
130.96926629543304
 30
0.0
 11
231.1810566379248
 21
131.21424210071564
 31
0.0
  0
LINE
  5
41E
330
17
100
AcDbEntity
  8
VISIBLE
100
AcDbLine
 10
231.1810566379248
 20
131.21424210071564
 30
0.0
 11
231.10507382885802
 21
131.4647238254547
 31
0.0
  0
LINE
  5
41F
330
17
100
AcDbEntity
  8
VISIBLE
100
AcDbLine
 10
231.10507382885802
 20
131.4647238254547
 30
0.0
 11
231.045636077088
 21
131.7196387052536
 31
0.0
  0
LINE
  5
420
330
17
100
AcDbEntity
  8
VISIBLE
100
AcDbLine
 10
231.045636077088
 20
131.7196387052536
 30
0.0
 11
231.00299753682006
 21
131.97789525985718
 31
0.0
  0
LINE
  5
421
330
17
100
AcDbEntity
  8
VISIBLE
100
AcDbLine
 10
231.00299753682006
 20
131.97789525985718
 30
0.0
 11
230.97734131352294
 21
132.2383874952793
 31
0.0
  0
LINE
  5
422
330
17
100
AcDbEntity
  8
VISIBLE
100
AcDbLine
 10
232.33139385716308
 20
129.49264073371887
 30
0.0
 11
232.1403500034033
 21
129.67157292366028
 31
0.0
  0
LINE
  5
423
330
17
100
AcDbEntity
  8
VISIBLE
100
AcDbLine
 10
231.9614178134619
 20
129.86261677742004
 30
0.0
 11
232.1403500034033
 21
129.67157292366028
 31
0.0
  0
LINE
  5
424
330
17
100
AcDbEntity
  8
VISIBLE
100
AcDbLine
 10
232.74649610058654
 20
129.17412161827087
 30
0.0
 11
232.5337313605963
 21
129.32658672332764
 31
0.0
  0
LINE
  5
425
330
17
100
AcDbEntity
  8
VISIBLE
100
AcDbLine
 10
232.46877707974303
 20
109.5
 30
0.0
 11
232.46877707974303
 21
129.37989330291748
 31
0.0
  0
LINE
  5
426
330
17
100
AcDbEntity
  8
VISIBLE
100
AcDbLine
 10
232.5337313605963
 20
129.32658672332764
 30
0.0
 11
232.46877707974303
 21
129.37989330291748
 31
0.0
  0
LINE
  5
427
330
17
100
AcDbEntity
  8
VISIBLE
100
AcDbLine
 10
232.74649610058654
 20
129.17412161827087
 30
0.0
 11
232.96877707974303
 21
129.03589844703674
 31
0.0
  0
LINE
  5
428
330
17
100
AcDbEntity
  8
VISIBLE
100
AcDbLine
 10
233.43804337517608
 20
128.80448198318481
 30
0.0
 11
233.19962229267944
 21
128.91250896453857
 31
0.0
  0
LINE
  5
429
330
17
100
AcDbEntity
  8
VISIBLE
100
AcDbLine
 10
232.96877707974303
 20
129.03589844703674
 30
0.0
 11
233.19962229267944
 21
128.91250896453857
 31
0.0
  0
LINE
  5
42A
330
17
100
AcDbEntity
  8
VISIBLE
100
AcDbLine
 10
233.43804337517608
 20
128.80448198318481
 30
0.0
 11
233.68301918045867
 21
128.71227955818176
 31
0.0
  0
LINE
  5
42B
330
17
100
AcDbEntity
  8
VISIBLE
100
AcDbLine
 10
233.68301918045867
 20
128.71227955818176
 30
0.0
 11
233.93350090519775
 21
128.636296749115
 31
0.0
  0
LINE
  5
42C
330
17
100
AcDbEntity
  8
VISIBLE
100
AcDbLine
 10
233.93350090519775
 20
128.636296749115
 30
0.0
 11
234.18841578499664
 21
128.57685899734497
 31
0.0
  0
LINE
  5
42D
330
17
100
AcDbEntity
  8
VISIBLE
100
AcDbLine
 10
234.18841578499664
 20
128.57685899734497
 30
0.0
 11
234.4466723396002
 21
128.53422045707703
 31
0.0
  0
LINE
  5
42E
330
17
100
AcDbEntity
  8
VISIBLE
100
AcDbLine
 10
234.4466723396002
 20
128.53422045707703
 30
0.0
 11
234.70716457502235
 21
128.5085642337799
 31
0.0
  0
LINE
  5
42F
330
17
100
AcDbEntity
  8
VISIBLE
100
AcDbLine
 10
231.6428986980139
 20
130.2777190208435
 30
0.0
 11
231.79536380307067
 21
130.06495428085327
 31
0.0
  0
LINE
  5
430
330
17
100
AcDbEntity
  8
VISIBLE
100
AcDbLine
 10
211.96877707974303
 20
130.0
 30
0.0
 11
231.84867038266052
 21
130.0
 31
0.0
  0
LINE
  5
431
330
17
100
AcDbEntity
  8
VISIBLE
100
AcDbLine
 10
231.79536380307067
 20
130.06495428085327
 30
0.0
 11
231.84867038266052
 21
130.0
 31
0.0
  0
LINE
  5
432
330
17
100
AcDbEntity
  8
VISIBLE
100
AcDbLine
 10
231.6428986980139
 20
130.2777190208435
 30
0.0
 11
231.50467552677978
 21
130.5
 31
0.0
  0
LINE
  5
433
330
17
100
AcDbEntity
  8
VISIBLE
100
AcDbLine
 10
231.27325906292785
 20
130.96926629543304
 30
0.0
 11
231.3812860442816
 21
130.7308452129364
 31
0.0
  0
LINE
  5
434
330
17
100
AcDbEntity
  8
VISIBLE
100
AcDbLine
 10
231.50467552677978
 20
130.5
 30
0.0
 11
231.3812860442816
 21
130.7308452129364
 31
0.0
  0
LINE
  5
435
330
17
100
AcDbEntity
  8
VISIBLE
100
AcDbLine
 10
231.27325906292785
 20
130.96926629543304
 30
0.0
 11
231.1810566379248
 21
131.21424210071564
 31
0.0
  0
LINE
  5
436
330
17
100
AcDbEntity
  8
VISIBLE
100
AcDbLine
 10
231.1810566379248
 20
131.21424210071564
 30
0.0
 11
231.10507382885802
 21
131.4647238254547
 31
0.0
  0
LINE
  5
437
330
17
100
AcDbEntity
  8
VISIBLE
100
AcDbLine
 10
231.10507382885802
 20
131.4647238254547
 30
0.0
 11
231.045636077088
 21
131.7196387052536
 31
0.0
  0
LINE
  5
438
330
17
100
AcDbEntity
  8
VISIBLE
100
AcDbLine
 10
231.045636077088
 20
131.7196387052536
 30
0.0
 11
231.00299753682006
 21
131.97789525985718
 31
0.0
  0
LINE
  5
439
330
17
100
AcDbEntity
  8
VISIBLE
100
AcDbLine
 10
231.00299753682006
 20
131.97789525985718
 30
0.0
 11
230.97734131352294
 21
132.2383874952793
 31
0.0
  0
LINE
  5
43A
330
17
100
AcDbEntity
  8
VISIBLE
100
AcDbLine
 10
234.96877707974303
 20
128.5
 30
0.0
 11
235.23038958446372
 21
128.5085642337799
 31
0.0
  0
LINE
  5
43B
330
17
100
AcDbEntity
  8
VISIBLE
100
AcDbLine
 10
235.23038958446372
 20
128.5085642337799
 30
0.0
 11
235.49088181988586
 21
128.53422045707703
 31
0.0
  0
LINE
  5
43C
330
17
100
AcDbEntity
  8
VISIBLE
100
AcDbLine
 10
235.49088181988586
 20
128.53422045707703
 30
0.0
 11
235.74913837448943
 21
128.57685899734497
 31
0.0
  0
LINE
  5
43D
330
17
100
AcDbEntity
  8
VISIBLE
100
AcDbLine
 10
235.74913837448943
 20
128.57685899734497
 30
0.0
 11
236.00405325428832
 21
128.636296749115
 31
0.0
  0
LINE
  5
43E
330
17
100
AcDbEntity
  8
VISIBLE
100
AcDbLine
 10
236.00405325428832
 20
128.636296749115
 30
0.0
 11
236.2545349790274
 21
128.71227955818176
 31
0.0
  0
LINE
  5
43F
330
17
100
AcDbEntity
  8
VISIBLE
100
AcDbLine
 10
236.2545349790274
 20
128.71227955818176
 30
0.0
 11
236.49951078431
 21
128.80448198318481
 31
0.0
  0
LINE
  5
440
330
17
100
AcDbEntity
  8
VISIBLE
100
AcDbLine
 10
236.49951078431
 20
128.80448198318481
 30
0.0
 11
236.73793186680663
 21
128.91250896453857
 31
0.0
  0
LINE
  5
441
330
17
100
AcDbEntity
  8
VISIBLE
100
AcDbLine
 10
236.73793186680663
 20
128.91250896453857
 30
0.0
 11
236.96877707974303
 21
129.03589844703674
 31
0.0
  0
LINE
  5
442
330
17
100
AcDbEntity
  8
VISIBLE
100
AcDbLine
 10
236.96877707974303
 20
129.03589844703674
 30
0.0
 11
237.19105805889953
 21
129.17412161827087
 31
0.0
  0
LINE
  5
443
330
17
100
AcDbEntity
  8
VISIBLE
100
AcDbLine
 10
237.19105805889953
 20
129.17412161827087
 30
0.0
 11
237.40382279888976
 21
129.32658672332764
 31
0.0
  0
LINE
  5
444
330
17
100
AcDbEntity
  8
VISIBLE
100
AcDbLine
 10
237.40382279888976
 20
129.32658672332764
 30
0.0
 11
237.606160302323
 21
129.49264073371887
 31
0.0
  0
LINE
  5
445
330
17
100
AcDbEntity
  8
VISIBLE
100
AcDbLine
 10
237.606160302323
 20
129.49264073371887
 30
0.0
 11
237.79720415608276
 21
129.67157292366028
 31
0.0
  0
LINE
  5
446
330
17
100
AcDbEntity
  8
VISIBLE
100
AcDbLine
 10
237.79720415608276
 20
129.67157292366028
 30
0.0
 11
237.97613634602416
 21
129.86261677742004
 31
0.0
  0
LINE
  5
447
330
17
100
AcDbEntity
  8
VISIBLE
100
AcDbLine
 10
237.97613634602416
 20
129.86261677742004
 30
0.0
 11
238.1421903564154
 21
130.06495428085327
 31
0.0
  0
LINE
  5
448
330
17
100
AcDbEntity
  8
VISIBLE
100
AcDbLine
 10
238.1421903564154
 20
130.06495428085327
 30
0.0
 11
238.29465546147216
 21
130.2777190208435
 31
0.0
  0
LINE
  5
449
330
17
100
AcDbEntity
  8
VISIBLE
100
AcDbLine
 10
238.29465546147216
 20
130.2777190208435
 30
0.0
 11
238.4328786327063
 21
130.5
 31
0.0
  0
LINE
  5
44A
330
17
100
AcDbEntity
  8
VISIBLE
100
AcDbLine
 10
238.4328786327063
 20
130.5
 30
0.0
 11
238.55626811520446
 21
130.7308452129364
 31
0.0
  0
LINE
  5
44B
330
17
100
AcDbEntity
  8
VISIBLE
100
AcDbLine
 10
238.55626811520446
 20
130.7308452129364
 30
0.0
 11
238.66429509655822
 21
130.96926629543304
 31
0.0
  0
LINE
  5
44C
330
17
100
AcDbEntity
  8
VISIBLE
100
AcDbLine
 10
238.66429509655822
 20
130.96926629543304
 30
0.0
 11
238.75649752156127
 21
131.21424210071564
 31
0.0
  0
LINE
  5
44D
330
17
100
AcDbEntity
  8
VISIBLE
100
AcDbLine
 10
238.75649752156127
 20
131.21424210071564
 30
0.0
 11
238.83248033062804
 21
131.4647238254547
 31
0.0
  0
LINE
  5
44E
330
17
100
AcDbEntity
  8
VISIBLE
100
AcDbLine
 10
238.83248033062804
 20
131.4647238254547
 30
0.0
 11
238.89191808239806
 21
131.7196387052536
 31
0.0
  0
LINE
  5
44F
330
17
100
AcDbEntity
  8
VISIBLE
100
AcDbLine
 10
238.89191808239806
 20
131.7196387052536
 30
0.0
 11
238.934556622666
 21
131.97789525985718
 31
0.0
  0
LINE
  5
450
330
17
100
AcDbEntity
  8
VISIBLE
100
AcDbLine
 10
238.934556622666
 20
131.97789525985718
 30
0.0
 11
238.96021284596313
 21
132.2383874952793
 31
0.0
  0
LINE
  5
451
330
17
100
AcDbEntity
  8
VISIBLE
100
AcDbLine
 10
232.46877707974303
 20
109.5
 30
0.0
 11
237.46877707974303
 21
109.5
 31
0.0
  0
LINE
  5
452
330
17
100
AcDbEntity
  8
VISIBLE
100
AcDbLine
 10
234.70716457502235
 20
128.5085642337799
 30
0.0
 11
234.96877707974303
 21
128.5
 31
0.0
  0
LINE
  5
453
330
17
100
AcDbEntity
  8
VISIBLE
100
AcDbLine
 10
234.96877707974303
 20
128.5
 30
0.0
 11
235.23038958446372
 21
128.5085642337799
 31
0.0
  0
LINE
  5
454
330
17
100
AcDbEntity
  8
VISIBLE
100
AcDbLine
 10
235.23038958446372
 20
128.5085642337799
 30
0.0
 11
235.49088181988586
 21
128.53422045707703
 31
0.0
  0
LINE
  5
455
330
17
100
AcDbEntity
  8
VISIBLE
100
AcDbLine
 10
235.49088181988586
 20
128.53422045707703
 30
0.0
 11
235.74913837448943
 21
128.57685899734497
 31
0.0
  0
LINE
  5
456
330
17
100
AcDbEntity
  8
VISIBLE
100
AcDbLine
 10
235.74913837448943
 20
128.57685899734497
 30
0.0
 11
236.00405325428832
 21
128.636296749115
 31
0.0
  0
LINE
  5
457
330
17
100
AcDbEntity
  8
VISIBLE
100
AcDbLine
 10
236.00405325428832
 20
128.636296749115
 30
0.0
 11
236.2545349790274
 21
128.71227955818176
 31
0.0
  0
LINE
  5
458
330
17
100
AcDbEntity
  8
VISIBLE
100
AcDbLine
 10
236.2545349790274
 20
128.71227955818176
 30
0.0
 11
236.49951078431
 21
128.80448198318481
 31
0.0
  0
LINE
  5
459
330
17
100
AcDbEntity
  8
VISIBLE
100
AcDbLine
 10
236.49951078431
 20
128.80448198318481
 30
0.0
 11
236.73793186680663
 21
128.91250896453857
 31
0.0
  0
LINE
  5
45A
330
17
100
AcDbEntity
  8
VISIBLE
100
AcDbLine
 10
236.73793186680663
 20
128.91250896453857
 30
0.0
 11
236.96877707974303
 21
129.03589844703674
 31
0.0
  0
LINE
  5
45B
330
17
100
AcDbEntity
  8
VISIBLE
100
AcDbLine
 10
236.96877707974303
 20
129.03589844703674
 30
0.0
 11
237.19105805889953
 21
129.17412161827087
 31
0.0
  0
LINE
  5
45C
330
17
100
AcDbEntity
  8
VISIBLE
100
AcDbLine
 10
237.19105805889953
 20
129.17412161827087
 30
0.0
 11
237.40382279888976
 21
129.32658672332764
 31
0.0
  0
LINE
  5
45D
330
17
100
AcDbEntity
  8
VISIBLE
100
AcDbLine
 10
237.46877707974303
 20
109.5
 30
0.0
 11
237.46877707974303
 21
129.37989330291748
 31
0.0
  0
LINE
  5
45E
330
17
100
AcDbEntity
  8
VISIBLE
100
AcDbLine
 10
237.40382279888976
 20
129.32658672332764
 30
0.0
 11
237.46877707974303
 21
129.37989330291748
 31
0.0
  0
LINE
  5
45F
330
17
100
AcDbEntity
  8
VISIBLE
100
AcDbLine
 10
238.08888377682555
 20
130.0
 30
0.0
 11
238.1421903564154
 21
130.06495428085327
 31
0.0
  0
LINE
  5
460
330
17
100
AcDbEntity
  8
VISIBLE
100
AcDbLine
 10
238.1421903564154
 20
130.06495428085327
 30
0.0
 11
238.29465546147216
 21
130.2777190208435
 31
0.0
  0
LINE
  5
461
330
17
100
AcDbEntity
  8
VISIBLE
100
AcDbLine
 10
238.29465546147216
 20
130.2777190208435
 30
0.0
 11
238.4328786327063
 21
130.5
 31
0.0
  0
LINE
  5
462
330
17
100
AcDbEntity
  8
VISIBLE
100
AcDbLine
 10
238.4328786327063
 20
130.5
 30
0.0
 11
238.55626811520446
 21
130.7308452129364
 31
0.0
  0
LINE
  5
463
330
17
100
AcDbEntity
  8
VISIBLE
100
AcDbLine
 10
238.55626811520446
 20
130.7308452129364
 30
0.0
 11
238.66429509655822
 21
130.96926629543304
 31
0.0
  0
LINE
  5
464
330
17
100
AcDbEntity
  8
VISIBLE
100
AcDbLine
 10
238.66429509655822
 20
130.96926629543304
 30
0.0
 11
238.75649752156127
 21
131.21424210071564
 31
0.0
  0
LINE
  5
465
330
17
100
AcDbEntity
  8
VISIBLE
100
AcDbLine
 10
238.75649752156127
 20
131.21424210071564
 30
0.0
 11
238.83248033062804
 21
131.4647238254547
 31
0.0
  0
LINE
  5
466
330
17
100
AcDbEntity
  8
VISIBLE
100
AcDbLine
 10
238.83248033062804
 20
131.4647238254547
 30
0.0
 11
238.89191808239806
 21
131.7196387052536
 31
0.0
  0
LINE
  5
467
330
17
100
AcDbEntity
  8
VISIBLE
100
AcDbLine
 10
238.89191808239806
 20
131.7196387052536
 30
0.0
 11
238.934556622666
 21
131.97789525985718
 31
0.0
  0
LINE
  5
468
330
17
100
AcDbEntity
  8
VISIBLE
100
AcDbLine
 10
238.934556622666
 20
131.97789525985718
 30
0.0
 11
238.96021284596313
 21
132.2383874952793
 31
0.0
  0
LINE
  5
469
330
17
100
AcDbEntity
  8
VISIBLE
100
AcDbLine
 10
238.08888377682555
 20
130.0
 30
0.0
 11
257.96877707974306
 21
130.0
 31
0.0
  0
LINE
  5
46A
330
17
100
AcDbEntity
  8
VISIBLE
100
AcDbLine
 10
230.97734131352294
 20
132.2383874952793
 30
0.0
 11
230.96877707974303
 21
132.5
 31
0.0
  0
LINE
  5
46B
330
17
100
AcDbEntity
  8
VISIBLE
100
AcDbLine
 10
230.96877707974303
 20
132.5
 30
0.0
 11
230.97734131352294
 21
132.7616125047207
 31
0.0
  0
LINE
  5
46C
330
17
100
AcDbEntity
  8
VISIBLE
100
AcDbLine
 10
230.97734131352294
 20
132.7616125047207
 30
0.0
 11
231.00299753682006
 21
133.02210474014282
 31
0.0
  0
LINE
  5
46D
330
17
100
AcDbEntity
  8
VISIBLE
100
AcDbLine
 10
231.00299753682006
 20
133.02210474014282
 30
0.0
 11
231.045636077088
 21
133.2803612947464
 31
0.0
  0
LINE
  5
46E
330
17
100
AcDbEntity
  8
VISIBLE
100
AcDbLine
 10
231.045636077088
 20
133.2803612947464
 30
0.0
 11
231.10507382885802
 21
133.5352761745453
 31
0.0
  0
LINE
  5
46F
330
17
100
AcDbEntity
  8
VISIBLE
100
AcDbLine
 10
231.10507382885802
 20
133.5352761745453
 30
0.0
 11
231.1810566379248
 21
133.78575789928436
 31
0.0
  0
LINE
  5
470
330
17
100
AcDbEntity
  8
VISIBLE
100
AcDbLine
 10
231.1810566379248
 20
133.78575789928436
 30
0.0
 11
231.27325906292785
 21
134.03073370456696
 31
0.0
  0
LINE
  5
471
330
17
100
AcDbEntity
  8
VISIBLE
100
AcDbLine
 10
231.27325906292785
 20
134.03073370456696
 30
0.0
 11
231.3812860442816
 21
134.2691547870636
 31
0.0
  0
LINE
  5
472
330
17
100
AcDbEntity
  8
VISIBLE
100
AcDbLine
 10
231.3812860442816
 20
134.2691547870636
 30
0.0
 11
231.50467552677978
 21
134.5
 31
0.0
  0
LINE
  5
473
330
17
100
AcDbEntity
  8
VISIBLE
100
AcDbLine
 10
231.50467552677978
 20
134.5
 30
0.0
 11
231.6428986980139
 21
134.7222809791565
 31
0.0
  0
LINE
  5
474
330
17
100
AcDbEntity
  8
VISIBLE
100
AcDbLine
 10
231.6428986980139
 20
134.7222809791565
 30
0.0
 11
231.79536380307067
 21
134.93504571914673
 31
0.0
  0
LINE
  5
475
330
17
100
AcDbEntity
  8
VISIBLE
100
AcDbLine
 10
231.79536380307067
 20
134.93504571914673
 30
0.0
 11
231.9614178134619
 21
135.13738322257996
 31
0.0
  0
LINE
  5
476
330
17
100
AcDbEntity
  8
VISIBLE
100
AcDbLine
 10
231.9614178134619
 20
135.13738322257996
 30
0.0
 11
232.1403500034033
 21
135.32842707633972
 31
0.0
  0
LINE
  5
477
330
17
100
AcDbEntity
  8
VISIBLE
100
AcDbLine
 10
232.1403500034033
 20
135.32842707633972
 30
0.0
 11
232.33139385716308
 21
135.50735926628113
 31
0.0
  0
LINE
  5
478
330
17
100
AcDbEntity
  8
VISIBLE
100
AcDbLine
 10
232.33139385716308
 20
135.50735926628113
 30
0.0
 11
232.5337313605963
 21
135.67341327667236
 31
0.0
  0
LINE
  5
479
330
17
100
AcDbEntity
  8
VISIBLE
100
AcDbLine
 10
232.5337313605963
 20
135.67341327667236
 30
0.0
 11
232.74649610058654
 21
135.82587838172913
 31
0.0
  0
LINE
  5
47A
330
17
100
AcDbEntity
  8
VISIBLE
100
AcDbLine
 10
232.74649610058654
 20
135.82587838172913
 30
0.0
 11
232.96877707974303
 21
135.96410155296326
 31
0.0
  0
LINE
  5
47B
330
17
100
AcDbEntity
  8
VISIBLE
100
AcDbLine
 10
232.96877707974303
 20
135.96410155296326
 30
0.0
 11
233.19962229267944
 21
136.08749103546143
 31
0.0
  0
LINE
  5
47C
330
17
100
AcDbEntity
  8
VISIBLE
100
AcDbLine
 10
233.19962229267944
 20
136.08749103546143
 30
0.0
 11
233.43804337517608
 21
136.19551801681519
 31
0.0
  0
LINE
  5
47D
330
17
100
AcDbEntity
  8
VISIBLE
100
AcDbLine
 10
233.43804337517608
 20
136.19551801681519
 30
0.0
 11
233.68301918045867
 21
136.28772044181824
 31
0.0
  0
LINE
  5
47E
330
17
100
AcDbEntity
  8
VISIBLE
100
AcDbLine
 10
233.68301918045867
 20
136.28772044181824
 30
0.0
 11
233.93350090519775
 21
136.363703250885
 31
0.0
  0
LINE
  5
47F
330
17
100
AcDbEntity
  8
VISIBLE
100
AcDbLine
 10
233.93350090519775
 20
136.363703250885
 30
0.0
 11
234.18841578499664
 21
136.42314100265503
 31
0.0
  0
LINE
  5
480
330
17
100
AcDbEntity
  8
VISIBLE
100
AcDbLine
 10
234.18841578499664
 20
136.42314100265503
 30
0.0
 11
234.4466723396002
 21
136.46577954292297
 31
0.0
  0
LINE
  5
481
330
17
100
AcDbEntity
  8
VISIBLE
100
AcDbLine
 10
234.4466723396002
 20
136.46577954292297
 30
0.0
 11
234.70716457502235
 21
136.4914357662201
 31
0.0
  0
LINE
  5
482
330
17
100
AcDbEntity
  8
VISIBLE
100
AcDbLine
 10
234.70716457502235
 20
136.4914357662201
 30
0.0
 11
234.96877707974303
 21
136.5
 31
0.0
  0
LINE
  5
483
330
17
100
AcDbEntity
  8
VISIBLE
100
AcDbLine
 10
211.96877707974303
 20
130.0
 30
0.0
 11
211.96877707974303
 21
135.0
 31
0.0
  0
LINE
  5
484
330
17
100
AcDbEntity
  8
VISIBLE
100
AcDbLine
 10
230.97734131352294
 20
132.2383874952793
 30
0.0
 11
230.96877707974303
 21
132.5
 31
0.0
  0
LINE
  5
485
330
17
100
AcDbEntity
  8
VISIBLE
100
AcDbLine
 10
230.96877707974303
 20
132.5
 30
0.0
 11
230.97734131352294
 21
132.7616125047207
 31
0.0
  0
LINE
  5
486
330
17
100
AcDbEntity
  8
VISIBLE
100
AcDbLine
 10
230.97734131352294
 20
132.7616125047207
 30
0.0
 11
231.00299753682006
 21
133.02210474014282
 31
0.0
  0
LINE
  5
487
330
17
100
AcDbEntity
  8
VISIBLE
100
AcDbLine
 10
231.00299753682006
 20
133.02210474014282
 30
0.0
 11
231.045636077088
 21
133.2803612947464
 31
0.0
  0
LINE
  5
488
330
17
100
AcDbEntity
  8
VISIBLE
100
AcDbLine
 10
231.045636077088
 20
133.2803612947464
 30
0.0
 11
231.10507382885802
 21
133.5352761745453
 31
0.0
  0
LINE
  5
489
330
17
100
AcDbEntity
  8
VISIBLE
100
AcDbLine
 10
231.10507382885802
 20
133.5352761745453
 30
0.0
 11
231.1810566379248
 21
133.78575789928436
 31
0.0
  0
LINE
  5
48A
330
17
100
AcDbEntity
  8
VISIBLE
100
AcDbLine
 10
231.1810566379248
 20
133.78575789928436
 30
0.0
 11
231.27325906292785
 21
134.03073370456696
 31
0.0
  0
LINE
  5
48B
330
17
100
AcDbEntity
  8
VISIBLE
100
AcDbLine
 10
231.27325906292785
 20
134.03073370456696
 30
0.0
 11
231.3812860442816
 21
134.2691547870636
 31
0.0
  0
LINE
  5
48C
330
17
100
AcDbEntity
  8
VISIBLE
100
AcDbLine
 10
231.3812860442816
 20
134.2691547870636
 30
0.0
 11
231.50467552677978
 21
134.5
 31
0.0
  0
LINE
  5
48D
330
17
100
AcDbEntity
  8
VISIBLE
100
AcDbLine
 10
231.50467552677978
 20
134.5
 30
0.0
 11
231.6428986980139
 21
134.7222809791565
 31
0.0
  0
LINE
  5
48E
330
17
100
AcDbEntity
  8
VISIBLE
100
AcDbLine
 10
231.6428986980139
 20
134.7222809791565
 30
0.0
 11
231.79536380307067
 21
134.93504571914673
 31
0.0
  0
LINE
  5
48F
330
17
100
AcDbEntity
  8
VISIBLE
100
AcDbLine
 10
211.96877707974303
 20
135.0
 30
0.0
 11
231.84867038266052
 21
135.0
 31
0.0
  0
LINE
  5
490
330
17
100
AcDbEntity
  8
VISIBLE
100
AcDbLine
 10
231.79536380307067
 20
134.93504571914673
 30
0.0
 11
231.84867038266052
 21
135.0
 31
0.0
  0
LINE
  5
491
330
17
100
AcDbEntity
  8
VISIBLE
100
AcDbLine
 10
232.46877707974303
 20
135.62010669708252
 30
0.0
 11
232.5337313605963
 21
135.67341327667236
 31
0.0
  0
LINE
  5
492
330
17
100
AcDbEntity
  8
VISIBLE
100
AcDbLine
 10
232.5337313605963
 20
135.67341327667236
 30
0.0
 11
232.74649610058654
 21
135.82587838172913
 31
0.0
  0
LINE
  5
493
330
17
100
AcDbEntity
  8
VISIBLE
100
AcDbLine
 10
232.74649610058654
 20
135.82587838172913
 30
0.0
 11
232.96877707974303
 21
135.96410155296326
 31
0.0
  0
LINE
  5
494
330
17
100
AcDbEntity
  8
VISIBLE
100
AcDbLine
 10
232.96877707974303
 20
135.96410155296326
 30
0.0
 11
233.19962229267944
 21
136.08749103546143
 31
0.0
  0
LINE
  5
495
330
17
100
AcDbEntity
  8
VISIBLE
100
AcDbLine
 10
233.19962229267944
 20
136.08749103546143
 30
0.0
 11
233.43804337517608
 21
136.19551801681519
 31
0.0
  0
LINE
  5
496
330
17
100
AcDbEntity
  8
VISIBLE
100
AcDbLine
 10
233.43804337517608
 20
136.19551801681519
 30
0.0
 11
233.68301918045867
 21
136.28772044181824
 31
0.0
  0
LINE
  5
497
330
17
100
AcDbEntity
  8
VISIBLE
100
AcDbLine
 10
233.68301918045867
 20
136.28772044181824
 30
0.0
 11
233.93350090519775
 21
136.363703250885
 31
0.0
  0
LINE
  5
498
330
17
100
AcDbEntity
  8
VISIBLE
100
AcDbLine
 10
233.93350090519775
 20
136.363703250885
 30
0.0
 11
234.18841578499664
 21
136.42314100265503
 31
0.0
  0
LINE
  5
499
330
17
100
AcDbEntity
  8
VISIBLE
100
AcDbLine
 10
234.18841578499664
 20
136.42314100265503
 30
0.0
 11
234.4466723396002
 21
136.46577954292297
 31
0.0
  0
LINE
  5
49A
330
17
100
AcDbEntity
  8
VISIBLE
100
AcDbLine
 10
234.4466723396002
 20
136.46577954292297
 30
0.0
 11
234.70716457502235
 21
136.4914357662201
 31
0.0
  0
LINE
  5
49B
330
17
100
AcDbEntity
  8
VISIBLE
100
AcDbLine
 10
234.70716457502235
 20
136.4914357662201
 30
0.0
 11
234.96877707974303
 21
136.5
 31
0.0
  0
LINE
  5
49C
330
17
100
AcDbEntity
  8
VISIBLE
100
AcDbLine
 10
232.46877707974303
 20
135.62010669708252
 30
0.0
 11
232.46877707974303
 21
155.5
 31
0.0
  0
LINE
  5
49D
330
17
100
AcDbEntity
  8
VISIBLE
100
AcDbLine
 10
238.96021284596313
 20
132.2383874952793
 30
0.0
 11
238.96877707974303
 21
132.5
 31
0.0
  0
LINE
  5
49E
330
17
100
AcDbEntity
  8
VISIBLE
100
AcDbLine
 10
238.96877707974303
 20
132.5
 30
0.0
 11
238.96021284596313
 21
132.7616125047207
 31
0.0
  0
LINE
  5
49F
330
17
100
AcDbEntity
  8
VISIBLE
100
AcDbLine
 10
238.96021284596313
 20
132.7616125047207
 30
0.0
 11
238.934556622666
 21
133.02210474014282
 31
0.0
  0
LINE
  5
4A0
330
17
100
AcDbEntity
  8
VISIBLE
100
AcDbLine
 10
238.934556622666
 20
133.02210474014282
 30
0.0
 11
238.89191808239806
 21
133.2803612947464
 31
0.0
  0
LINE
  5
4A1
330
17
100
AcDbEntity
  8
VISIBLE
100
AcDbLine
 10
238.89191808239806
 20
133.2803612947464
 30
0.0
 11
238.83248033062804
 21
133.5352761745453
 31
0.0
  0
LINE
  5
4A2
330
17
100
AcDbEntity
  8
VISIBLE
100
AcDbLine
 10
238.83248033062804
 20
133.5352761745453
 30
0.0
 11
238.75649752156127
 21
133.78575789928436
 31
0.0
  0
LINE
  5
4A3
330
17
100
AcDbEntity
  8
VISIBLE
100
AcDbLine
 10
238.55626811520446
 20
134.2691547870636
 30
0.0
 11
238.4328786327063
 21
134.5
 31
0.0
  0
LINE
  5
4A4
330
17
100
AcDbEntity
  8
VISIBLE
100
AcDbLine
 10
238.75649752156127
 20
133.78575789928436
 30
0.0
 11
238.66429509655822
 21
134.03073370456696
 31
0.0
  0
LINE
  5
4A5
330
17
100
AcDbEntity
  8
VISIBLE
100
AcDbLine
 10
238.55626811520446
 20
134.2691547870636
 30
0.0
 11
238.66429509655822
 21
134.03073370456696
 31
0.0
  0
LINE
  5
4A6
330
17
100
AcDbEntity
  8
VISIBLE
100
AcDbLine
 10
238.4328786327063
 20
134.5
 30
0.0
 11
238.29465546147216
 21
134.7222809791565
 31
0.0
  0
LINE
  5
4A7
330
17
100
AcDbEntity
  8
VISIBLE
100
AcDbLine
 10
238.1421903564154
 20
134.93504571914673
 30
0.0
 11
238.29465546147216
 21
134.7222809791565
 31
0.0
  0
LINE
  5
4A8
330
17
100
AcDbEntity
  8
VISIBLE
100
AcDbLine
 10
237.79720415608276
 20
135.32842707633972
 30
0.0
 11
237.97613634602416
 21
135.13738322257996
 31
0.0
  0
LINE
  5
4A9
330
17
100
AcDbEntity
  8
VISIBLE
100
AcDbLine
 10
238.1421903564154
 20
134.93504571914673
 30
0.0
 11
237.97613634602416
 21
135.13738322257996
 31
0.0
  0
LINE
  5
4AA
330
17
100
AcDbEntity
  8
VISIBLE
100
AcDbLine
 10
234.96877707974303
 20
136.5
 30
0.0
 11
235.23038958446372
 21
136.4914357662201
 31
0.0
  0
LINE
  5
4AB
330
17
100
AcDbEntity
  8
VISIBLE
100
AcDbLine
 10
235.23038958446372
 20
136.4914357662201
 30
0.0
 11
235.49088181988586
 21
136.46577954292297
 31
0.0
  0
LINE
  5
4AC
330
17
100
AcDbEntity
  8
VISIBLE
100
AcDbLine
 10
235.49088181988586
 20
136.46577954292297
 30
0.0
 11
235.74913837448943
 21
136.42314100265503
 31
0.0
  0
LINE
  5
4AD
330
17
100
AcDbEntity
  8
VISIBLE
100
AcDbLine
 10
235.74913837448943
 20
136.42314100265503
 30
0.0
 11
236.00405325428832
 21
136.363703250885
 31
0.0
  0
LINE
  5
4AE
330
17
100
AcDbEntity
  8
VISIBLE
100
AcDbLine
 10
236.00405325428832
 20
136.363703250885
 30
0.0
 11
236.2545349790274
 21
136.28772044181824
 31
0.0
  0
LINE
  5
4AF
330
17
100
AcDbEntity
  8
VISIBLE
100
AcDbLine
 10
236.73793186680663
 20
136.08749103546143
 30
0.0
 11
236.96877707974303
 21
135.96410155296326
 31
0.0
  0
LINE
  5
4B0
330
17
100
AcDbEntity
  8
VISIBLE
100
AcDbLine
 10
237.79720415608276
 20
135.32842707633972
 30
0.0
 11
237.606160302323
 21
135.50735926628113
 31
0.0
  0
LINE
  5
4B1
330
17
100
AcDbEntity
  8
VISIBLE
100
AcDbLine
 10
237.40382279888976
 20
135.67341327667236
 30
0.0
 11
237.606160302323
 21
135.50735926628113
 31
0.0
  0
LINE
  5
4B2
330
17
100
AcDbEntity
  8
VISIBLE
100
AcDbLine
 10
236.96877707974303
 20
135.96410155296326
 30
0.0
 11
237.19105805889953
 21
135.82587838172913
 31
0.0
  0
LINE
  5
4B3
330
17
100
AcDbEntity
  8
VISIBLE
100
AcDbLine
 10
237.40382279888976
 20
135.67341327667236
 30
0.0
 11
237.19105805889953
 21
135.82587838172913
 31
0.0
  0
LINE
  5
4B4
330
17
100
AcDbEntity
  8
VISIBLE
100
AcDbLine
 10
236.2545349790274
 20
136.28772044181824
 30
0.0
 11
236.49951078431
 21
136.19551801681519
 31
0.0
  0
LINE
  5
4B5
330
17
100
AcDbEntity
  8
VISIBLE
100
AcDbLine
 10
236.73793186680663
 20
136.08749103546143
 30
0.0
 11
236.49951078431
 21
136.19551801681519
 31
0.0
  0
LINE
  5
4B6
330
17
100
AcDbEntity
  8
VISIBLE
100
AcDbLine
 10
238.96021284596313
 20
132.2383874952793
 30
0.0
 11
238.96877707974303
 21
132.5
 31
0.0
  0
LINE
  5
4B7
330
17
100
AcDbEntity
  8
VISIBLE
100
AcDbLine
 10
238.96877707974303
 20
132.5
 30
0.0
 11
238.96021284596313
 21
132.7616125047207
 31
0.0
  0
LINE
  5
4B8
330
17
100
AcDbEntity
  8
VISIBLE
100
AcDbLine
 10
238.96021284596313
 20
132.7616125047207
 30
0.0
 11
238.934556622666
 21
133.02210474014282
 31
0.0
  0
LINE
  5
4B9
330
17
100
AcDbEntity
  8
VISIBLE
100
AcDbLine
 10
238.934556622666
 20
133.02210474014282
 30
0.0
 11
238.89191808239806
 21
133.2803612947464
 31
0.0
  0
LINE
  5
4BA
330
17
100
AcDbEntity
  8
VISIBLE
100
AcDbLine
 10
238.89191808239806
 20
133.2803612947464
 30
0.0
 11
238.83248033062804
 21
133.5352761745453
 31
0.0
  0
LINE
  5
4BB
330
17
100
AcDbEntity
  8
VISIBLE
100
AcDbLine
 10
238.83248033062804
 20
133.5352761745453
 30
0.0
 11
238.75649752156127
 21
133.78575789928436
 31
0.0
  0
LINE
  5
4BC
330
17
100
AcDbEntity
  8
VISIBLE
100
AcDbLine
 10
238.55626811520446
 20
134.2691547870636
 30
0.0
 11
238.4328786327063
 21
134.5
 31
0.0
  0
LINE
  5
4BD
330
17
100
AcDbEntity
  8
VISIBLE
100
AcDbLine
 10
238.75649752156127
 20
133.78575789928436
 30
0.0
 11
238.66429509655822
 21
134.03073370456696
 31
0.0
  0
LINE
  5
4BE
330
17
100
AcDbEntity
  8
VISIBLE
100
AcDbLine
 10
238.55626811520446
 20
134.2691547870636
 30
0.0
 11
238.66429509655822
 21
134.03073370456696
 31
0.0
  0
LINE
  5
4BF
330
17
100
AcDbEntity
  8
VISIBLE
100
AcDbLine
 10
238.08888377682555
 20
135.0
 30
0.0
 11
238.1421903564154
 21
134.93504571914673
 31
0.0
  0
LINE
  5
4C0
330
17
100
AcDbEntity
  8
VISIBLE
100
AcDbLine
 10
238.4328786327063
 20
134.5
 30
0.0
 11
238.29465546147216
 21
134.7222809791565
 31
0.0
  0
LINE
  5
4C1
330
17
100
AcDbEntity
  8
VISIBLE
100
AcDbLine
 10
238.1421903564154
 20
134.93504571914673
 30
0.0
 11
238.29465546147216
 21
134.7222809791565
 31
0.0
  0
LINE
  5
4C2
330
17
100
AcDbEntity
  8
VISIBLE
100
AcDbLine
 10
234.96877707974303
 20
136.5
 30
0.0
 11
235.23038958446372
 21
136.4914357662201
 31
0.0
  0
LINE
  5
4C3
330
17
100
AcDbEntity
  8
VISIBLE
100
AcDbLine
 10
235.23038958446372
 20
136.4914357662201
 30
0.0
 11
235.49088181988586
 21
136.46577954292297
 31
0.0
  0
LINE
  5
4C4
330
17
100
AcDbEntity
  8
VISIBLE
100
AcDbLine
 10
235.49088181988586
 20
136.46577954292297
 30
0.0
 11
235.74913837448943
 21
136.42314100265503
 31
0.0
  0
LINE
  5
4C5
330
17
100
AcDbEntity
  8
VISIBLE
100
AcDbLine
 10
235.74913837448943
 20
136.42314100265503
 30
0.0
 11
236.00405325428832
 21
136.363703250885
 31
0.0
  0
LINE
  5
4C6
330
17
100
AcDbEntity
  8
VISIBLE
100
AcDbLine
 10
236.00405325428832
 20
136.363703250885
 30
0.0
 11
236.2545349790274
 21
136.28772044181824
 31
0.0
  0
LINE
  5
4C7
330
17
100
AcDbEntity
  8
VISIBLE
100
AcDbLine
 10
236.73793186680663
 20
136.08749103546143
 30
0.0
 11
236.96877707974303
 21
135.96410155296326
 31
0.0
  0
LINE
  5
4C8
330
17
100
AcDbEntity
  8
VISIBLE
100
AcDbLine
 10
237.46877707974303
 20
135.62010669708252
 30
0.0
 11
237.40382279888976
 21
135.67341327667236
 31
0.0
  0
LINE
  5
4C9
330
17
100
AcDbEntity
  8
VISIBLE
100
AcDbLine
 10
236.96877707974303
 20
135.96410155296326
 30
0.0
 11
237.19105805889953
 21
135.82587838172913
 31
0.0
  0
LINE
  5
4CA
330
17
100
AcDbEntity
  8
VISIBLE
100
AcDbLine
 10
237.40382279888976
 20
135.67341327667236
 30
0.0
 11
237.19105805889953
 21
135.82587838172913
 31
0.0
  0
LINE
  5
4CB
330
17
100
AcDbEntity
  8
VISIBLE
100
AcDbLine
 10
236.2545349790274
 20
136.28772044181824
 30
0.0
 11
236.49951078431
 21
136.19551801681519
 31
0.0
  0
LINE
  5
4CC
330
17
100
AcDbEntity
  8
VISIBLE
100
AcDbLine
 10
236.73793186680663
 20
136.08749103546143
 30
0.0
 11
236.49951078431
 21
136.19551801681519
 31
0.0
  0
LINE
  5
4CD
330
17
100
AcDbEntity
  8
VISIBLE
100
AcDbLine
 10
257.96877707974306
 20
130.0
 30
0.0
 11
257.96877707974306
 21
135.0
 31
0.0
  0
LINE
  5
4CE
330
17
100
AcDbEntity
  8
VISIBLE
100
AcDbLine
 10
238.08888377682555
 20
135.0
 30
0.0
 11
257.96877707974306
 21
135.0
 31
0.0
  0
LINE
  5
4CF
330
17
100
AcDbEntity
  8
VISIBLE
100
AcDbLine
 10
232.46877707974303
 20
155.5
 30
0.0
 11
237.46877707974303
 21
155.5
 31
0.0
  0
LINE
  5
4D0
330
17
100
AcDbEntity
  8
VISIBLE
100
AcDbLine
 10
237.46877707974303
 20
135.62010669708252
 30
0.0
 11
237.46877707974303
 21
155.5
 31
0.0
  0
LINE
  5
4D1
330
17
100
AcDbEntity
  8
VISIBLE
100
AcDbLine
 10
232.74649610058654
 20
129.17412161827087
 30
0.0
 11
232.5337313605963
 21
129.32658672332764
 31
0.0
  0
LINE
  5
4D2
330
17
100
AcDbEntity
  8
VISIBLE
100
AcDbLine
 10
232.46877707974303
 20
109.5
 30
0.0
 11
232.46877707974303
 21
129.37989330291748
 31
0.0
  0
LINE
  5
4D3
330
17
100
AcDbEntity
  8
VISIBLE
100
AcDbLine
 10
232.5337313605963
 20
129.32658672332764
 30
0.0
 11
232.46877707974303
 21
129.37989330291748
 31
0.0
  0
LINE
  5
4D4
330
17
100
AcDbEntity
  8
VISIBLE
100
AcDbLine
 10
232.74649610058654
 20
129.17412161827087
 30
0.0
 11
232.96877707974303
 21
129.03589844703674
 31
0.0
  0
LINE
  5
4D5
330
17
100
AcDbEntity
  8
VISIBLE
100
AcDbLine
 10
233.43804337517608
 20
128.80448198318481
 30
0.0
 11
233.19962229267944
 21
128.91250896453857
 31
0.0
  0
LINE
  5
4D6
330
17
100
AcDbEntity
  8
VISIBLE
100
AcDbLine
 10
232.96877707974303
 20
129.03589844703674
 30
0.0
 11
233.19962229267944
 21
128.91250896453857
 31
0.0
  0
LINE
  5
4D7
330
17
100
AcDbEntity
  8
VISIBLE
100
AcDbLine
 10
233.43804337517608
 20
128.80448198318481
 30
0.0
 11
233.68301918045867
 21
128.71227955818176
 31
0.0
  0
LINE
  5
4D8
330
17
100
AcDbEntity
  8
VISIBLE
100
AcDbLine
 10
233.68301918045867
 20
128.71227955818176
 30
0.0
 11
233.93350090519775
 21
128.636296749115
 31
0.0
  0
LINE
  5
4D9
330
17
100
AcDbEntity
  8
VISIBLE
100
AcDbLine
 10
233.93350090519775
 20
128.636296749115
 30
0.0
 11
234.18841578499664
 21
128.57685899734497
 31
0.0
  0
LINE
  5
4DA
330
17
100
AcDbEntity
  8
VISIBLE
100
AcDbLine
 10
234.18841578499664
 20
128.57685899734497
 30
0.0
 11
234.4466723396002
 21
128.53422045707703
 31
0.0
  0
LINE
  5
4DB
330
17
100
AcDbEntity
  8
VISIBLE
100
AcDbLine
 10
234.4466723396002
 20
128.53422045707703
 30
0.0
 11
234.70716457502235
 21
128.5085642337799
 31
0.0
  0
LINE
  5
4DC
330
17
100
AcDbEntity
  8
VISIBLE
100
AcDbLine
 10
231.6428986980139
 20
130.2777190208435
 30
0.0
 11
231.79536380307067
 21
130.06495428085327
 31
0.0
  0
LINE
  5
4DD
330
17
100
AcDbEntity
  8
VISIBLE
100
AcDbLine
 10
211.96877707974303
 20
130.0
 30
0.0
 11
231.84867038266052
 21
130.0
 31
0.0
  0
LINE
  5
4DE
330
17
100
AcDbEntity
  8
VISIBLE
100
AcDbLine
 10
231.79536380307067
 20
130.06495428085327
 30
0.0
 11
231.84867038266052
 21
130.0
 31
0.0
  0
LINE
  5
4DF
330
17
100
AcDbEntity
  8
VISIBLE
100
AcDbLine
 10
231.6428986980139
 20
130.2777190208435
 30
0.0
 11
231.50467552677978
 21
130.5
 31
0.0
  0
LINE
  5
4E0
330
17
100
AcDbEntity
  8
VISIBLE
100
AcDbLine
 10
231.27325906292785
 20
130.96926629543304
 30
0.0
 11
231.3812860442816
 21
130.7308452129364
 31
0.0
  0
LINE
  5
4E1
330
17
100
AcDbEntity
  8
VISIBLE
100
AcDbLine
 10
231.50467552677978
 20
130.5
 30
0.0
 11
231.3812860442816
 21
130.7308452129364
 31
0.0
  0
LINE
  5
4E2
330
17
100
AcDbEntity
  8
VISIBLE
100
AcDbLine
 10
231.27325906292785
 20
130.96926629543304
 30
0.0
 11
231.1810566379248
 21
131.21424210071564
 31
0.0
  0
LINE
  5
4E3
330
17
100
AcDbEntity
  8
VISIBLE
100
AcDbLine
 10
231.1810566379248
 20
131.21424210071564
 30
0.0
 11
231.10507382885802
 21
131.4647238254547
 31
0.0
  0
LINE
  5
4E4
330
17
100
AcDbEntity
  8
VISIBLE
100
AcDbLine
 10
231.10507382885802
 20
131.4647238254547
 30
0.0
 11
231.045636077088
 21
131.7196387052536
 31
0.0
  0
LINE
  5
4E5
330
17
100
AcDbEntity
  8
VISIBLE
100
AcDbLine
 10
231.045636077088
 20
131.7196387052536
 30
0.0
 11
231.00299753682006
 21
131.97789525985718
 31
0.0
  0
LINE
  5
4E6
330
17
100
AcDbEntity
  8
VISIBLE
100
AcDbLine
 10
231.00299753682006
 20
131.97789525985718
 30
0.0
 11
230.97734131352294
 21
132.2383874952793
 31
0.0
  0
LINE
  5
4E7
330
17
100
AcDbEntity
  8
VISIBLE
100
AcDbLine
 10
232.74649610058654
 20
129.17412161827087
 30
0.0
 11
232.5337313605963
 21
129.32658672332764
 31
0.0
  0
LINE
  5
4E8
330
17
100
AcDbEntity
  8
VISIBLE
100
AcDbLine
 10
232.33139385716308
 20
129.49264073371887
 30
0.0
 11
232.5337313605963
 21
129.32658672332764
 31
0.0
  0
LINE
  5
4E9
330
17
100
AcDbEntity
  8
VISIBLE
100
AcDbLine
 10
232.74649610058654
 20
129.17412161827087
 30
0.0
 11
232.96877707974303
 21
129.03589844703674
 31
0.0
  0
LINE
  5
4EA
330
17
100
AcDbEntity
  8
VISIBLE
100
AcDbLine
 10
233.43804337517608
 20
128.80448198318481
 30
0.0
 11
233.19962229267944
 21
128.91250896453857
 31
0.0
  0
LINE
  5
4EB
330
17
100
AcDbEntity
  8
VISIBLE
100
AcDbLine
 10
232.96877707974303
 20
129.03589844703674
 30
0.0
 11
233.19962229267944
 21
128.91250896453857
 31
0.0
  0
LINE
  5
4EC
330
17
100
AcDbEntity
  8
VISIBLE
100
AcDbLine
 10
233.43804337517608
 20
128.80448198318481
 30
0.0
 11
233.68301918045867
 21
128.71227955818176
 31
0.0
  0
LINE
  5
4ED
330
17
100
AcDbEntity
  8
VISIBLE
100
AcDbLine
 10
233.68301918045867
 20
128.71227955818176
 30
0.0
 11
233.93350090519775
 21
128.636296749115
 31
0.0
  0
LINE
  5
4EE
330
17
100
AcDbEntity
  8
VISIBLE
100
AcDbLine
 10
233.93350090519775
 20
128.636296749115
 30
0.0
 11
234.18841578499664
 21
128.57685899734497
 31
0.0
  0
LINE
  5
4EF
330
17
100
AcDbEntity
  8
VISIBLE
100
AcDbLine
 10
234.18841578499664
 20
128.57685899734497
 30
0.0
 11
234.4466723396002
 21
128.53422045707703
 31
0.0
  0
LINE
  5
4F0
330
17
100
AcDbEntity
  8
VISIBLE
100
AcDbLine
 10
234.4466723396002
 20
128.53422045707703
 30
0.0
 11
234.70716457502235
 21
128.5085642337799
 31
0.0
  0
LINE
  5
4F1
330
17
100
AcDbEntity
  8
VISIBLE
100
AcDbLine
 10
231.9614178134619
 20
129.86261677742004
 30
0.0
 11
231.79536380307067
 21
130.06495428085327
 31
0.0
  0
LINE
  5
4F2
330
17
100
AcDbEntity
  8
VISIBLE
100
AcDbLine
 10
231.6428986980139
 20
130.2777190208435
 30
0.0
 11
231.79536380307067
 21
130.06495428085327
 31
0.0
  0
LINE
  5
4F3
330
17
100
AcDbEntity
  8
VISIBLE
100
AcDbLine
 10
232.6593760444342
 20
128.5
 30
0.0
 11
231.50467552677978
 21
130.5
 31
0.0
  0
LINE
  5
4F4
330
17
100
AcDbEntity
  8
VISIBLE
100
AcDbLine
 10
231.6428986980139
 20
130.2777190208435
 30
0.0
 11
231.50467552677978
 21
130.5
 31
0.0
  0
LINE
  5
4F5
330
17
100
AcDbEntity
  8
VISIBLE
100
AcDbLine
 10
231.27325906292785
 20
130.96926629543304
 30
0.0
 11
231.3812860442816
 21
130.7308452129364
 31
0.0
  0
LINE
  5
4F6
330
17
100
AcDbEntity
  8
VISIBLE
100
AcDbLine
 10
231.50467552677978
 20
130.5
 30
0.0
 11
231.3812860442816
 21
130.7308452129364
 31
0.0
  0
LINE
  5
4F7
330
17
100
AcDbEntity
  8
VISIBLE
100
AcDbLine
 10
231.27325906292785
 20
130.96926629543304
 30
0.0
 11
231.1810566379248
 21
131.21424210071564
 31
0.0
  0
LINE
  5
4F8
330
17
100
AcDbEntity
  8
VISIBLE
100
AcDbLine
 10
231.1810566379248
 20
131.21424210071564
 30
0.0
 11
231.10507382885802
 21
131.4647238254547
 31
0.0
  0
LINE
  5
4F9
330
17
100
AcDbEntity
  8
VISIBLE
100
AcDbLine
 10
231.10507382885802
 20
131.4647238254547
 30
0.0
 11
231.045636077088
 21
131.7196387052536
 31
0.0
  0
LINE
  5
4FA
330
17
100
AcDbEntity
  8
VISIBLE
100
AcDbLine
 10
231.045636077088
 20
131.7196387052536
 30
0.0
 11
231.00299753682006
 21
131.97789525985718
 31
0.0
  0
LINE
  5
4FB
330
17
100
AcDbEntity
  8
VISIBLE
100
AcDbLine
 10
231.00299753682006
 20
131.97789525985718
 30
0.0
 11
230.97734131352294
 21
132.2383874952793
 31
0.0
  0
LINE
  5
4FC
330
17
100
AcDbEntity
  8
VISIBLE
100
AcDbLine
 10
232.33139385716308
 20
129.49264073371887
 30
0.0
 11
232.1403500034033
 21
129.67157292366028
 31
0.0
  0
LINE
  5
4FD
330
17
100
AcDbEntity
  8
VISIBLE
100
AcDbLine
 10
231.9614178134619
 20
129.86261677742004
 30
0.0
 11
232.1403500034033
 21
129.67157292366028
 31
0.0
  0
LINE
  5
4FE
330
17
100
AcDbEntity
  8
VISIBLE
100
AcDbLine
 10
232.46877707974303
 20
109.5
 30
0.0
 11
237.46877707974303
 21
109.5
 31
0.0
  0
LINE
  5
4FF
330
17
100
AcDbEntity
  8
VISIBLE
100
AcDbLine
 10
234.70716457502235
 20
128.5085642337799
 30
0.0
 11
234.96877707974303
 21
128.5
 31
0.0
  0
LINE
  5
500
330
17
100
AcDbEntity
  8
VISIBLE
100
AcDbLine
 10
234.96877707974303
 20
128.5
 30
0.0
 11
235.23038958446372
 21
128.5085642337799
 31
0.0
  0
LINE
  5
501
330
17
100
AcDbEntity
  8
VISIBLE
100
AcDbLine
 10
235.23038958446372
 20
128.5085642337799
 30
0.0
 11
235.49088181988586
 21
128.53422045707703
 31
0.0
  0
LINE
  5
502
330
17
100
AcDbEntity
  8
VISIBLE
100
AcDbLine
 10
235.49088181988586
 20
128.53422045707703
 30
0.0
 11
235.74913837448943
 21
128.57685899734497
 31
0.0
  0
LINE
  5
503
330
17
100
AcDbEntity
  8
VISIBLE
100
AcDbLine
 10
235.74913837448943
 20
128.57685899734497
 30
0.0
 11
236.00405325428832
 21
128.636296749115
 31
0.0
  0
LINE
  5
504
330
17
100
AcDbEntity
  8
VISIBLE
100
AcDbLine
 10
236.00405325428832
 20
128.636296749115
 30
0.0
 11
236.2545349790274
 21
128.71227955818176
 31
0.0
  0
LINE
  5
505
330
17
100
AcDbEntity
  8
VISIBLE
100
AcDbLine
 10
236.2545349790274
 20
128.71227955818176
 30
0.0
 11
236.49951078431
 21
128.80448198318481
 31
0.0
  0
LINE
  5
506
330
17
100
AcDbEntity
  8
VISIBLE
100
AcDbLine
 10
236.49951078431
 20
128.80448198318481
 30
0.0
 11
236.73793186680663
 21
128.91250896453857
 31
0.0
  0
LINE
  5
507
330
17
100
AcDbEntity
  8
VISIBLE
100
AcDbLine
 10
236.73793186680663
 20
128.91250896453857
 30
0.0
 11
236.96877707974303
 21
129.03589844703674
 31
0.0
  0
LINE
  5
508
330
17
100
AcDbEntity
  8
VISIBLE
100
AcDbLine
 10
236.96877707974303
 20
129.03589844703674
 30
0.0
 11
237.19105805889953
 21
129.17412161827087
 31
0.0
  0
LINE
  5
509
330
17
100
AcDbEntity
  8
VISIBLE
100
AcDbLine
 10
237.19105805889953
 20
129.17412161827087
 30
0.0
 11
237.40382279888976
 21
129.32658672332764
 31
0.0
  0
LINE
  5
50A
330
17
100
AcDbEntity
  8
VISIBLE
100
AcDbLine
 10
237.46877707974303
 20
109.5
 30
0.0
 11
237.46877707974303
 21
129.37989330291748
 31
0.0
  0
LINE
  5
50B
330
17
100
AcDbEntity
  8
VISIBLE
100
AcDbLine
 10
237.40382279888976
 20
129.32658672332764
 30
0.0
 11
237.46877707974303
 21
129.37989330291748
 31
0.0
  0
LINE
  5
50C
330
17
100
AcDbEntity
  8
VISIBLE
100
AcDbLine
 10
238.08888377682555
 20
130.0
 30
0.0
 11
238.1421903564154
 21
130.06495428085327
 31
0.0
  0
LINE
  5
50D
330
17
100
AcDbEntity
  8
VISIBLE
100
AcDbLine
 10
238.1421903564154
 20
130.06495428085327
 30
0.0
 11
238.29465546147216
 21
130.2777190208435
 31
0.0
  0
LINE
  5
50E
330
17
100
AcDbEntity
  8
VISIBLE
100
AcDbLine
 10
238.29465546147216
 20
130.2777190208435
 30
0.0
 11
238.4328786327063
 21
130.5
 31
0.0
  0
LINE
  5
50F
330
17
100
AcDbEntity
  8
VISIBLE
100
AcDbLine
 10
238.4328786327063
 20
130.5
 30
0.0
 11
238.55626811520446
 21
130.7308452129364
 31
0.0
  0
LINE
  5
510
330
17
100
AcDbEntity
  8
VISIBLE
100
AcDbLine
 10
238.55626811520446
 20
130.7308452129364
 30
0.0
 11
238.66429509655822
 21
130.96926629543304
 31
0.0
  0
LINE
  5
511
330
17
100
AcDbEntity
  8
VISIBLE
100
AcDbLine
 10
238.66429509655822
 20
130.96926629543304
 30
0.0
 11
238.75649752156127
 21
131.21424210071564
 31
0.0
  0
LINE
  5
512
330
17
100
AcDbEntity
  8
VISIBLE
100
AcDbLine
 10
238.75649752156127
 20
131.21424210071564
 30
0.0
 11
238.83248033062804
 21
131.4647238254547
 31
0.0
  0
LINE
  5
513
330
17
100
AcDbEntity
  8
VISIBLE
100
AcDbLine
 10
238.83248033062804
 20
131.4647238254547
 30
0.0
 11
238.89191808239806
 21
131.7196387052536
 31
0.0
  0
LINE
  5
514
330
17
100
AcDbEntity
  8
VISIBLE
100
AcDbLine
 10
238.89191808239806
 20
131.7196387052536
 30
0.0
 11
238.934556622666
 21
131.97789525985718
 31
0.0
  0
LINE
  5
515
330
17
100
AcDbEntity
  8
VISIBLE
100
AcDbLine
 10
238.934556622666
 20
131.97789525985718
 30
0.0
 11
238.96021284596313
 21
132.2383874952793
 31
0.0
  0
LINE
  5
516
330
17
100
AcDbEntity
  8
VISIBLE
100
AcDbLine
 10
238.08888377682555
 20
130.0
 30
0.0
 11
257.96877707974306
 21
130.0
 31
0.0
  0
LINE
  5
517
330
17
100
AcDbEntity
  8
VISIBLE
100
AcDbLine
 10
232.6593760444342
 20
128.5
 30
0.0
 11
234.96877707974303
 21
128.5
 31
0.0
  0
LINE
  5
518
330
17
100
AcDbEntity
  8
VISIBLE
100
AcDbLine
 10
234.70716457502235
 20
128.5085642337799
 30
0.0
 11
234.96877707974303
 21
128.5
 31
0.0
  0
LINE
  5
519
330
17
100
AcDbEntity
  8
VISIBLE
100
AcDbLine
 10
234.96877707974303
 20
128.5
 30
0.0
 11
235.23038958446372
 21
128.5085642337799
 31
0.0
  0
LINE
  5
51A
330
17
100
AcDbEntity
  8
VISIBLE
100
AcDbLine
 10
235.23038958446372
 20
128.5085642337799
 30
0.0
 11
235.49088181988586
 21
128.53422045707703
 31
0.0
  0
LINE
  5
51B
330
17
100
AcDbEntity
  8
VISIBLE
100
AcDbLine
 10
235.49088181988586
 20
128.53422045707703
 30
0.0
 11
235.74913837448943
 21
128.57685899734497
 31
0.0
  0
LINE
  5
51C
330
17
100
AcDbEntity
  8
VISIBLE
100
AcDbLine
 10
235.74913837448943
 20
128.57685899734497
 30
0.0
 11
236.00405325428832
 21
128.636296749115
 31
0.0
  0
LINE
  5
51D
330
17
100
AcDbEntity
  8
VISIBLE
100
AcDbLine
 10
236.00405325428832
 20
128.636296749115
 30
0.0
 11
236.2545349790274
 21
128.71227955818176
 31
0.0
  0
LINE
  5
51E
330
17
100
AcDbEntity
  8
VISIBLE
100
AcDbLine
 10
236.2545349790274
 20
128.71227955818176
 30
0.0
 11
236.49951078431
 21
128.80448198318481
 31
0.0
  0
LINE
  5
51F
330
17
100
AcDbEntity
  8
VISIBLE
100
AcDbLine
 10
234.96877707974303
 20
128.5
 30
0.0
 11
237.27817811505187
 21
128.5
 31
0.0
  0
LINE
  5
520
330
17
100
AcDbEntity
  8
VISIBLE
100
AcDbLine
 10
236.49951078431
 20
128.80448198318481
 30
0.0
 11
236.73793186680663
 21
128.91250896453857
 31
0.0
  0
LINE
  5
521
330
17
100
AcDbEntity
  8
VISIBLE
100
AcDbLine
 10
236.73793186680663
 20
128.91250896453857
 30
0.0
 11
236.96877707974303
 21
129.03589844703674
 31
0.0
  0
LINE
  5
522
330
17
100
AcDbEntity
  8
VISIBLE
100
AcDbLine
 10
236.96877707974303
 20
129.03589844703674
 30
0.0
 11
237.19105805889953
 21
129.17412161827087
 31
0.0
  0
LINE
  5
523
330
17
100
AcDbEntity
  8
VISIBLE
100
AcDbLine
 10
237.19105805889953
 20
129.17412161827087
 30
0.0
 11
237.40382279888976
 21
129.32658672332764
 31
0.0
  0
LINE
  5
524
330
17
100
AcDbEntity
  8
VISIBLE
100
AcDbLine
 10
237.40382279888976
 20
129.32658672332764
 30
0.0
 11
237.606160302323
 21
129.49264073371887
 31
0.0
  0
LINE
  5
525
330
17
100
AcDbEntity
  8
VISIBLE
100
AcDbLine
 10
237.606160302323
 20
129.49264073371887
 30
0.0
 11
237.79720415608276
 21
129.67157292366028
 31
0.0
  0
LINE
  5
526
330
17
100
AcDbEntity
  8
VISIBLE
100
AcDbLine
 10
237.79720415608276
 20
129.67157292366028
 30
0.0
 11
237.97613634602416
 21
129.86261677742004
 31
0.0
  0
LINE
  5
527
330
17
100
AcDbEntity
  8
VISIBLE
100
AcDbLine
 10
237.97613634602416
 20
129.86261677742004
 30
0.0
 11
238.1421903564154
 21
130.06495428085327
 31
0.0
  0
LINE
  5
528
330
17
100
AcDbEntity
  8
VISIBLE
100
AcDbLine
 10
238.1421903564154
 20
130.06495428085327
 30
0.0
 11
238.29465546147216
 21
130.2777190208435
 31
0.0
  0
LINE
  5
529
330
17
100
AcDbEntity
  8
VISIBLE
100
AcDbLine
 10
237.27817811505187
 20
128.5
 30
0.0
 11
238.4328786327063
 21
130.5
 31
0.0
  0
LINE
  5
52A
330
17
100
AcDbEntity
  8
VISIBLE
100
AcDbLine
 10
238.29465546147216
 20
130.2777190208435
 30
0.0
 11
238.4328786327063
 21
130.5
 31
0.0
  0
LINE
  5
52B
330
17
100
AcDbEntity
  8
VISIBLE
100
AcDbLine
 10
238.4328786327063
 20
130.5
 30
0.0
 11
238.55626811520446
 21
130.7308452129364
 31
0.0
  0
LINE
  5
52C
330
17
100
AcDbEntity
  8
VISIBLE
100
AcDbLine
 10
238.55626811520446
 20
130.7308452129364
 30
0.0
 11
238.66429509655822
 21
130.96926629543304
 31
0.0
  0
LINE
  5
52D
330
17
100
AcDbEntity
  8
VISIBLE
100
AcDbLine
 10
238.66429509655822
 20
130.96926629543304
 30
0.0
 11
238.75649752156127
 21
131.21424210071564
 31
0.0
  0
LINE
  5
52E
330
17
100
AcDbEntity
  8
VISIBLE
100
AcDbLine
 10
238.75649752156127
 20
131.21424210071564
 30
0.0
 11
238.83248033062804
 21
131.4647238254547
 31
0.0
  0
LINE
  5
52F
330
17
100
AcDbEntity
  8
VISIBLE
100
AcDbLine
 10
238.83248033062804
 20
131.4647238254547
 30
0.0
 11
238.89191808239806
 21
131.7196387052536
 31
0.0
  0
LINE
  5
530
330
17
100
AcDbEntity
  8
VISIBLE
100
AcDbLine
 10
238.89191808239806
 20
131.7196387052536
 30
0.0
 11
238.934556622666
 21
131.97789525985718
 31
0.0
  0
LINE
  5
531
330
17
100
AcDbEntity
  8
VISIBLE
100
AcDbLine
 10
238.934556622666
 20
131.97789525985718
 30
0.0
 11
238.96021284596313
 21
132.2383874952793
 31
0.0
  0
LINE
  5
532
330
17
100
AcDbEntity
  8
VISIBLE
100
AcDbLine
 10
211.96877707974303
 20
130.0
 30
0.0
 11
211.96877707974303
 21
135.0
 31
0.0
  0
LINE
  5
533
330
17
100
AcDbEntity
  8
VISIBLE
100
AcDbLine
 10
230.97734131352294
 20
132.2383874952793
 30
0.0
 11
230.96877707974303
 21
132.5
 31
0.0
  0
LINE
  5
534
330
17
100
AcDbEntity
  8
VISIBLE
100
AcDbLine
 10
230.96877707974303
 20
132.5
 30
0.0
 11
230.97734131352294
 21
132.7616125047207
 31
0.0
  0
LINE
  5
535
330
17
100
AcDbEntity
  8
VISIBLE
100
AcDbLine
 10
230.97734131352294
 20
132.7616125047207
 30
0.0
 11
231.00299753682006
 21
133.02210474014282
 31
0.0
  0
LINE
  5
536
330
17
100
AcDbEntity
  8
VISIBLE
100
AcDbLine
 10
231.00299753682006
 20
133.02210474014282
 30
0.0
 11
231.045636077088
 21
133.2803612947464
 31
0.0
  0
LINE
  5
537
330
17
100
AcDbEntity
  8
VISIBLE
100
AcDbLine
 10
231.045636077088
 20
133.2803612947464
 30
0.0
 11
231.10507382885802
 21
133.5352761745453
 31
0.0
  0
LINE
  5
538
330
17
100
AcDbEntity
  8
VISIBLE
100
AcDbLine
 10
231.10507382885802
 20
133.5352761745453
 30
0.0
 11
231.1810566379248
 21
133.78575789928436
 31
0.0
  0
LINE
  5
539
330
17
100
AcDbEntity
  8
VISIBLE
100
AcDbLine
 10
231.1810566379248
 20
133.78575789928436
 30
0.0
 11
231.27325906292785
 21
134.03073370456696
 31
0.0
  0
LINE
  5
53A
330
17
100
AcDbEntity
  8
VISIBLE
100
AcDbLine
 10
231.27325906292785
 20
134.03073370456696
 30
0.0
 11
231.3812860442816
 21
134.2691547870636
 31
0.0
  0
LINE
  5
53B
330
17
100
AcDbEntity
  8
VISIBLE
100
AcDbLine
 10
231.3812860442816
 20
134.2691547870636
 30
0.0
 11
231.50467552677978
 21
134.5
 31
0.0
  0
LINE
  5
53C
330
17
100
AcDbEntity
  8
VISIBLE
100
AcDbLine
 10
231.50467552677978
 20
134.5
 30
0.0
 11
231.6428986980139
 21
134.7222809791565
 31
0.0
  0
LINE
  5
53D
330
17
100
AcDbEntity
  8
VISIBLE
100
AcDbLine
 10
231.6428986980139
 20
134.7222809791565
 30
0.0
 11
231.79536380307067
 21
134.93504571914673
 31
0.0
  0
LINE
  5
53E
330
17
100
AcDbEntity
  8
VISIBLE
100
AcDbLine
 10
211.96877707974303
 20
135.0
 30
0.0
 11
231.84867038266052
 21
135.0
 31
0.0
  0
LINE
  5
53F
330
17
100
AcDbEntity
  8
VISIBLE
100
AcDbLine
 10
231.79536380307067
 20
134.93504571914673
 30
0.0
 11
231.84867038266052
 21
135.0
 31
0.0
  0
LINE
  5
540
330
17
100
AcDbEntity
  8
VISIBLE
100
AcDbLine
 10
232.46877707974303
 20
135.62010669708252
 30
0.0
 11
232.5337313605963
 21
135.67341327667236
 31
0.0
  0
LINE
  5
541
330
17
100
AcDbEntity
  8
VISIBLE
100
AcDbLine
 10
232.5337313605963
 20
135.67341327667236
 30
0.0
 11
232.74649610058654
 21
135.82587838172913
 31
0.0
  0
LINE
  5
542
330
17
100
AcDbEntity
  8
VISIBLE
100
AcDbLine
 10
232.74649610058654
 20
135.82587838172913
 30
0.0
 11
232.96877707974303
 21
135.96410155296326
 31
0.0
  0
LINE
  5
543
330
17
100
AcDbEntity
  8
VISIBLE
100
AcDbLine
 10
232.96877707974303
 20
135.96410155296326
 30
0.0
 11
233.19962229267944
 21
136.08749103546143
 31
0.0
  0
LINE
  5
544
330
17
100
AcDbEntity
  8
VISIBLE
100
AcDbLine
 10
233.19962229267944
 20
136.08749103546143
 30
0.0
 11
233.43804337517608
 21
136.19551801681519
 31
0.0
  0
LINE
  5
545
330
17
100
AcDbEntity
  8
VISIBLE
100
AcDbLine
 10
233.43804337517608
 20
136.19551801681519
 30
0.0
 11
233.68301918045867
 21
136.28772044181824
 31
0.0
  0
LINE
  5
546
330
17
100
AcDbEntity
  8
VISIBLE
100
AcDbLine
 10
233.68301918045867
 20
136.28772044181824
 30
0.0
 11
233.93350090519775
 21
136.363703250885
 31
0.0
  0
LINE
  5
547
330
17
100
AcDbEntity
  8
VISIBLE
100
AcDbLine
 10
233.93350090519775
 20
136.363703250885
 30
0.0
 11
234.18841578499664
 21
136.42314100265503
 31
0.0
  0
LINE
  5
548
330
17
100
AcDbEntity
  8
VISIBLE
100
AcDbLine
 10
234.18841578499664
 20
136.42314100265503
 30
0.0
 11
234.4466723396002
 21
136.46577954292297
 31
0.0
  0
LINE
  5
549
330
17
100
AcDbEntity
  8
VISIBLE
100
AcDbLine
 10
234.4466723396002
 20
136.46577954292297
 30
0.0
 11
234.70716457502235
 21
136.4914357662201
 31
0.0
  0
LINE
  5
54A
330
17
100
AcDbEntity
  8
VISIBLE
100
AcDbLine
 10
232.46877707974303
 20
135.62010669708252
 30
0.0
 11
232.46877707974303
 21
155.5
 31
0.0
  0
LINE
  5
54B
330
17
100
AcDbEntity
  8
VISIBLE
100
AcDbLine
 10
231.50467552677978
 20
130.5
 30
0.0
 11
230.34997500912536
 21
132.5
 31
0.0
  0
LINE
  5
54C
330
17
100
AcDbEntity
  8
VISIBLE
100
AcDbLine
 10
230.97734131352294
 20
132.2383874952793
 30
0.0
 11
230.96877707974303
 21
132.5
 31
0.0
  0
LINE
  5
54D
330
17
100
AcDbEntity
  8
VISIBLE
100
AcDbLine
 10
230.96877707974303
 20
132.5
 30
0.0
 11
230.97734131352294
 21
132.7616125047207
 31
0.0
  0
LINE
  5
54E
330
17
100
AcDbEntity
  8
VISIBLE
100
AcDbLine
 10
230.97734131352294
 20
132.7616125047207
 30
0.0
 11
231.00299753682006
 21
133.02210474014282
 31
0.0
  0
LINE
  5
54F
330
17
100
AcDbEntity
  8
VISIBLE
100
AcDbLine
 10
231.00299753682006
 20
133.02210474014282
 30
0.0
 11
231.045636077088
 21
133.2803612947464
 31
0.0
  0
LINE
  5
550
330
17
100
AcDbEntity
  8
VISIBLE
100
AcDbLine
 10
231.045636077088
 20
133.2803612947464
 30
0.0
 11
231.10507382885802
 21
133.5352761745453
 31
0.0
  0
LINE
  5
551
330
17
100
AcDbEntity
  8
VISIBLE
100
AcDbLine
 10
231.10507382885802
 20
133.5352761745453
 30
0.0
 11
231.1810566379248
 21
133.78575789928436
 31
0.0
  0
LINE
  5
552
330
17
100
AcDbEntity
  8
VISIBLE
100
AcDbLine
 10
231.1810566379248
 20
133.78575789928436
 30
0.0
 11
231.27325906292785
 21
134.03073370456696
 31
0.0
  0
LINE
  5
553
330
17
100
AcDbEntity
  8
VISIBLE
100
AcDbLine
 10
231.27325906292785
 20
134.03073370456696
 30
0.0
 11
231.3812860442816
 21
134.2691547870636
 31
0.0
  0
LINE
  5
554
330
17
100
AcDbEntity
  8
VISIBLE
100
AcDbLine
 10
230.34997500912536
 20
132.5
 30
0.0
 11
231.50467552677978
 21
134.5
 31
0.0
  0
LINE
  5
555
330
17
100
AcDbEntity
  8
VISIBLE
100
AcDbLine
 10
231.3812860442816
 20
134.2691547870636
 30
0.0
 11
231.50467552677978
 21
134.5
 31
0.0
  0
LINE
  5
556
330
17
100
AcDbEntity
  8
VISIBLE
100
AcDbLine
 10
231.50467552677978
 20
134.5
 30
0.0
 11
231.6428986980139
 21
134.7222809791565
 31
0.0
  0
LINE
  5
557
330
17
100
AcDbEntity
  8
VISIBLE
100
AcDbLine
 10
231.6428986980139
 20
134.7222809791565
 30
0.0
 11
231.79536380307067
 21
134.93504571914673
 31
0.0
  0
LINE
  5
558
330
17
100
AcDbEntity
  8
VISIBLE
100
AcDbLine
 10
231.79536380307067
 20
134.93504571914673
 30
0.0
 11
231.9614178134619
 21
135.13738322257996
 31
0.0
  0
LINE
  5
559
330
17
100
AcDbEntity
  8
VISIBLE
100
AcDbLine
 10
231.9614178134619
 20
135.13738322257996
 30
0.0
 11
232.1403500034033
 21
135.32842707633972
 31
0.0
  0
LINE
  5
55A
330
17
100
AcDbEntity
  8
VISIBLE
100
AcDbLine
 10
232.1403500034033
 20
135.32842707633972
 30
0.0
 11
232.33139385716308
 21
135.50735926628113
 31
0.0
  0
LINE
  5
55B
330
17
100
AcDbEntity
  8
VISIBLE
100
AcDbLine
 10
232.33139385716308
 20
135.50735926628113
 30
0.0
 11
232.5337313605963
 21
135.67341327667236
 31
0.0
  0
LINE
  5
55C
330
17
100
AcDbEntity
  8
VISIBLE
100
AcDbLine
 10
232.5337313605963
 20
135.67341327667236
 30
0.0
 11
232.74649610058654
 21
135.82587838172913
 31
0.0
  0
LINE
  5
55D
330
17
100
AcDbEntity
  8
VISIBLE
100
AcDbLine
 10
232.74649610058654
 20
135.82587838172913
 30
0.0
 11
232.96877707974303
 21
135.96410155296326
 31
0.0
  0
LINE
  5
55E
330
17
100
AcDbEntity
  8
VISIBLE
100
AcDbLine
 10
232.96877707974303
 20
135.96410155296326
 30
0.0
 11
233.19962229267944
 21
136.08749103546143
 31
0.0
  0
LINE
  5
55F
330
17
100
AcDbEntity
  8
VISIBLE
100
AcDbLine
 10
231.50467552677978
 20
134.5
 30
0.0
 11
232.6593760444342
 21
136.5
 31
0.0
  0
LINE
  5
560
330
17
100
AcDbEntity
  8
VISIBLE
100
AcDbLine
 10
233.19962229267944
 20
136.08749103546143
 30
0.0
 11
233.43804337517608
 21
136.19551801681519
 31
0.0
  0
LINE
  5
561
330
17
100
AcDbEntity
  8
VISIBLE
100
AcDbLine
 10
233.43804337517608
 20
136.19551801681519
 30
0.0
 11
233.68301918045867
 21
136.28772044181824
 31
0.0
  0
LINE
  5
562
330
17
100
AcDbEntity
  8
VISIBLE
100
AcDbLine
 10
233.68301918045867
 20
136.28772044181824
 30
0.0
 11
233.93350090519775
 21
136.363703250885
 31
0.0
  0
LINE
  5
563
330
17
100
AcDbEntity
  8
VISIBLE
100
AcDbLine
 10
233.93350090519775
 20
136.363703250885
 30
0.0
 11
234.18841578499664
 21
136.42314100265503
 31
0.0
  0
LINE
  5
564
330
17
100
AcDbEntity
  8
VISIBLE
100
AcDbLine
 10
234.18841578499664
 20
136.42314100265503
 30
0.0
 11
234.4466723396002
 21
136.46577954292297
 31
0.0
  0
LINE
  5
565
330
17
100
AcDbEntity
  8
VISIBLE
100
AcDbLine
 10
234.4466723396002
 20
136.46577954292297
 30
0.0
 11
234.70716457502235
 21
136.4914357662201
 31
0.0
  0
LINE
  5
566
330
17
100
AcDbEntity
  8
VISIBLE
100
AcDbLine
 10
238.96021284596313
 20
132.2383874952793
 30
0.0
 11
238.96877707974303
 21
132.5
 31
0.0
  0
LINE
  5
567
330
17
100
AcDbEntity
  8
VISIBLE
100
AcDbLine
 10
238.96877707974303
 20
132.5
 30
0.0
 11
238.96021284596313
 21
132.7616125047207
 31
0.0
  0
LINE
  5
568
330
17
100
AcDbEntity
  8
VISIBLE
100
AcDbLine
 10
238.96021284596313
 20
132.7616125047207
 30
0.0
 11
238.934556622666
 21
133.02210474014282
 31
0.0
  0
LINE
  5
569
330
17
100
AcDbEntity
  8
VISIBLE
100
AcDbLine
 10
238.934556622666
 20
133.02210474014282
 30
0.0
 11
238.89191808239806
 21
133.2803612947464
 31
0.0
  0
LINE
  5
56A
330
17
100
AcDbEntity
  8
VISIBLE
100
AcDbLine
 10
238.89191808239806
 20
133.2803612947464
 30
0.0
 11
238.83248033062804
 21
133.5352761745453
 31
0.0
  0
LINE
  5
56B
330
17
100
AcDbEntity
  8
VISIBLE
100
AcDbLine
 10
238.83248033062804
 20
133.5352761745453
 30
0.0
 11
238.75649752156127
 21
133.78575789928436
 31
0.0
  0
LINE
  5
56C
330
17
100
AcDbEntity
  8
VISIBLE
100
AcDbLine
 10
238.55626811520446
 20
134.2691547870636
 30
0.0
 11
238.4328786327063
 21
134.5
 31
0.0
  0
LINE
  5
56D
330
17
100
AcDbEntity
  8
VISIBLE
100
AcDbLine
 10
238.75649752156127
 20
133.78575789928436
 30
0.0
 11
238.66429509655822
 21
134.03073370456696
 31
0.0
  0
LINE
  5
56E
330
17
100
AcDbEntity
  8
VISIBLE
100
AcDbLine
 10
238.55626811520446
 20
134.2691547870636
 30
0.0
 11
238.66429509655822
 21
134.03073370456696
 31
0.0
  0
LINE
  5
56F
330
17
100
AcDbEntity
  8
VISIBLE
100
AcDbLine
 10
238.08888377682555
 20
135.0
 30
0.0
 11
238.1421903564154
 21
134.93504571914673
 31
0.0
  0
LINE
  5
570
330
17
100
AcDbEntity
  8
VISIBLE
100
AcDbLine
 10
238.4328786327063
 20
134.5
 30
0.0
 11
238.29465546147216
 21
134.7222809791565
 31
0.0
  0
LINE
  5
571
330
17
100
AcDbEntity
  8
VISIBLE
100
AcDbLine
 10
238.1421903564154
 20
134.93504571914673
 30
0.0
 11
238.29465546147216
 21
134.7222809791565
 31
0.0
  0
LINE
  5
572
330
17
100
AcDbEntity
  8
VISIBLE
100
AcDbLine
 10
234.70716457502235
 20
136.4914357662201
 30
0.0
 11
234.96877707974303
 21
136.5
 31
0.0
  0
LINE
  5
573
330
17
100
AcDbEntity
  8
VISIBLE
100
AcDbLine
 10
234.96877707974303
 20
136.5
 30
0.0
 11
235.23038958446372
 21
136.4914357662201
 31
0.0
  0
LINE
  5
574
330
17
100
AcDbEntity
  8
VISIBLE
100
AcDbLine
 10
235.23038958446372
 20
136.4914357662201
 30
0.0
 11
235.49088181988586
 21
136.46577954292297
 31
0.0
  0
LINE
  5
575
330
17
100
AcDbEntity
  8
VISIBLE
100
AcDbLine
 10
235.49088181988586
 20
136.46577954292297
 30
0.0
 11
235.74913837448943
 21
136.42314100265503
 31
0.0
  0
LINE
  5
576
330
17
100
AcDbEntity
  8
VISIBLE
100
AcDbLine
 10
235.74913837448943
 20
136.42314100265503
 30
0.0
 11
236.00405325428832
 21
136.363703250885
 31
0.0
  0
LINE
  5
577
330
17
100
AcDbEntity
  8
VISIBLE
100
AcDbLine
 10
236.00405325428832
 20
136.363703250885
 30
0.0
 11
236.2545349790274
 21
136.28772044181824
 31
0.0
  0
LINE
  5
578
330
17
100
AcDbEntity
  8
VISIBLE
100
AcDbLine
 10
236.73793186680663
 20
136.08749103546143
 30
0.0
 11
236.96877707974303
 21
135.96410155296326
 31
0.0
  0
LINE
  5
579
330
17
100
AcDbEntity
  8
VISIBLE
100
AcDbLine
 10
237.46877707974303
 20
135.62010669708252
 30
0.0
 11
237.40382279888976
 21
135.67341327667236
 31
0.0
  0
LINE
  5
57A
330
17
100
AcDbEntity
  8
VISIBLE
100
AcDbLine
 10
236.96877707974303
 20
135.96410155296326
 30
0.0
 11
237.19105805889953
 21
135.82587838172913
 31
0.0
  0
LINE
  5
57B
330
17
100
AcDbEntity
  8
VISIBLE
100
AcDbLine
 10
237.40382279888976
 20
135.67341327667236
 30
0.0
 11
237.19105805889953
 21
135.82587838172913
 31
0.0
  0
LINE
  5
57C
330
17
100
AcDbEntity
  8
VISIBLE
100
AcDbLine
 10
236.2545349790274
 20
136.28772044181824
 30
0.0
 11
236.49951078431
 21
136.19551801681519
 31
0.0
  0
LINE
  5
57D
330
17
100
AcDbEntity
  8
VISIBLE
100
AcDbLine
 10
236.73793186680663
 20
136.08749103546143
 30
0.0
 11
236.49951078431
 21
136.19551801681519
 31
0.0
  0
LINE
  5
57E
330
17
100
AcDbEntity
  8
VISIBLE
100
AcDbLine
 10
257.96877707974306
 20
130.0
 30
0.0
 11
257.96877707974306
 21
135.0
 31
0.0
  0
LINE
  5
57F
330
17
100
AcDbEntity
  8
VISIBLE
100
AcDbLine
 10
238.08888377682555
 20
135.0
 30
0.0
 11
257.96877707974306
 21
135.0
 31
0.0
  0
LINE
  5
580
330
17
100
AcDbEntity
  8
VISIBLE
100
AcDbLine
 10
232.46877707974303
 20
155.5
 30
0.0
 11
237.46877707974303
 21
155.5
 31
0.0
  0
LINE
  5
581
330
17
100
AcDbEntity
  8
VISIBLE
100
AcDbLine
 10
237.46877707974303
 20
135.62010669708252
 30
0.0
 11
237.46877707974303
 21
155.5
 31
0.0
  0
LINE
  5
582
330
17
100
AcDbEntity
  8
VISIBLE
100
AcDbLine
 10
238.96021284596313
 20
132.2383874952793
 30
0.0
 11
238.96877707974303
 21
132.5
 31
0.0
  0
LINE
  5
583
330
17
100
AcDbEntity
  8
VISIBLE
100
AcDbLine
 10
238.96877707974303
 20
132.5
 30
0.0
 11
238.96021284596313
 21
132.7616125047207
 31
0.0
  0
LINE
  5
584
330
17
100
AcDbEntity
  8
VISIBLE
100
AcDbLine
 10
238.96021284596313
 20
132.7616125047207
 30
0.0
 11
238.934556622666
 21
133.02210474014282
 31
0.0
  0
LINE
  5
585
330
17
100
AcDbEntity
  8
VISIBLE
100
AcDbLine
 10
238.934556622666
 20
133.02210474014282
 30
0.0
 11
238.89191808239806
 21
133.2803612947464
 31
0.0
  0
LINE
  5
586
330
17
100
AcDbEntity
  8
VISIBLE
100
AcDbLine
 10
238.89191808239806
 20
133.2803612947464
 30
0.0
 11
238.83248033062804
 21
133.5352761745453
 31
0.0
  0
LINE
  5
587
330
17
100
AcDbEntity
  8
VISIBLE
100
AcDbLine
 10
238.83248033062804
 20
133.5352761745453
 30
0.0
 11
238.75649752156127
 21
133.78575789928436
 31
0.0
  0
LINE
  5
588
330
17
100
AcDbEntity
  8
VISIBLE
100
AcDbLine
 10
238.4328786327063
 20
130.5
 30
0.0
 11
239.5875791503607
 21
132.5
 31
0.0
  0
LINE
  5
589
330
17
100
AcDbEntity
  8
VISIBLE
100
AcDbLine
 10
239.5875791503607
 20
132.5
 30
0.0
 11
238.4328786327063
 21
134.5
 31
0.0
  0
LINE
  5
58A
330
17
100
AcDbEntity
  8
VISIBLE
100
AcDbLine
 10
238.55626811520446
 20
134.2691547870636
 30
0.0
 11
238.4328786327063
 21
134.5
 31
0.0
  0
LINE
  5
58B
330
17
100
AcDbEntity
  8
VISIBLE
100
AcDbLine
 10
238.75649752156127
 20
133.78575789928436
 30
0.0
 11
238.66429509655822
 21
134.03073370456696
 31
0.0
  0
LINE
  5
58C
330
17
100
AcDbEntity
  8
VISIBLE
100
AcDbLine
 10
238.55626811520446
 20
134.2691547870636
 30
0.0
 11
238.66429509655822
 21
134.03073370456696
 31
0.0
  0
LINE
  5
58D
330
17
100
AcDbEntity
  8
VISIBLE
100
AcDbLine
 10
238.4328786327063
 20
134.5
 30
0.0
 11
238.29465546147216
 21
134.7222809791565
 31
0.0
  0
LINE
  5
58E
330
17
100
AcDbEntity
  8
VISIBLE
100
AcDbLine
 10
238.1421903564154
 20
134.93504571914673
 30
0.0
 11
238.29465546147216
 21
134.7222809791565
 31
0.0
  0
LINE
  5
58F
330
17
100
AcDbEntity
  8
VISIBLE
100
AcDbLine
 10
237.79720415608276
 20
135.32842707633972
 30
0.0
 11
237.97613634602416
 21
135.13738322257996
 31
0.0
  0
LINE
  5
590
330
17
100
AcDbEntity
  8
VISIBLE
100
AcDbLine
 10
238.1421903564154
 20
134.93504571914673
 30
0.0
 11
237.97613634602416
 21
135.13738322257996
 31
0.0
  0
LINE
  5
591
330
17
100
AcDbEntity
  8
VISIBLE
100
AcDbLine
 10
232.6593760444342
 20
136.5
 30
0.0
 11
234.96877707974303
 21
136.5
 31
0.0
  0
LINE
  5
592
330
17
100
AcDbEntity
  8
VISIBLE
100
AcDbLine
 10
234.70716457502235
 20
136.4914357662201
 30
0.0
 11
234.96877707974303
 21
136.5
 31
0.0
  0
LINE
  5
593
330
17
100
AcDbEntity
  8
VISIBLE
100
AcDbLine
 10
234.96877707974303
 20
136.5
 30
0.0
 11
235.23038958446372
 21
136.4914357662201
 31
0.0
  0
LINE
  5
594
330
17
100
AcDbEntity
  8
VISIBLE
100
AcDbLine
 10
235.23038958446372
 20
136.4914357662201
 30
0.0
 11
235.49088181988586
 21
136.46577954292297
 31
0.0
  0
LINE
  5
595
330
17
100
AcDbEntity
  8
VISIBLE
100
AcDbLine
 10
235.49088181988586
 20
136.46577954292297
 30
0.0
 11
235.74913837448943
 21
136.42314100265503
 31
0.0
  0
LINE
  5
596
330
17
100
AcDbEntity
  8
VISIBLE
100
AcDbLine
 10
235.74913837448943
 20
136.42314100265503
 30
0.0
 11
236.00405325428832
 21
136.363703250885
 31
0.0
  0
LINE
  5
597
330
17
100
AcDbEntity
  8
VISIBLE
100
AcDbLine
 10
236.00405325428832
 20
136.363703250885
 30
0.0
 11
236.2545349790274
 21
136.28772044181824
 31
0.0
  0
LINE
  5
598
330
17
100
AcDbEntity
  8
VISIBLE
100
AcDbLine
 10
236.73793186680663
 20
136.08749103546143
 30
0.0
 11
236.96877707974303
 21
135.96410155296326
 31
0.0
  0
LINE
  5
599
330
17
100
AcDbEntity
  8
VISIBLE
100
AcDbLine
 10
237.79720415608276
 20
135.32842707633972
 30
0.0
 11
237.606160302323
 21
135.50735926628113
 31
0.0
  0
LINE
  5
59A
330
17
100
AcDbEntity
  8
VISIBLE
100
AcDbLine
 10
237.40382279888976
 20
135.67341327667236
 30
0.0
 11
237.606160302323
 21
135.50735926628113
 31
0.0
  0
LINE
  5
59B
330
17
100
AcDbEntity
  8
VISIBLE
100
AcDbLine
 10
236.96877707974303
 20
135.96410155296326
 30
0.0
 11
237.19105805889953
 21
135.82587838172913
 31
0.0
  0
LINE
  5
59C
330
17
100
AcDbEntity
  8
VISIBLE
100
AcDbLine
 10
237.40382279888976
 20
135.67341327667236
 30
0.0
 11
237.19105805889953
 21
135.82587838172913
 31
0.0
  0
LINE
  5
59D
330
17
100
AcDbEntity
  8
VISIBLE
100
AcDbLine
 10
236.2545349790274
 20
136.28772044181824
 30
0.0
 11
236.49951078431
 21
136.19551801681519
 31
0.0
  0
LINE
  5
59E
330
17
100
AcDbEntity
  8
VISIBLE
100
AcDbLine
 10
236.73793186680663
 20
136.08749103546143
 30
0.0
 11
236.49951078431
 21
136.19551801681519
 31
0.0
  0
LINE
  5
59F
330
17
100
AcDbEntity
  8
VISIBLE
100
AcDbLine
 10
238.4328786327063
 20
134.5
 30
0.0
 11
237.27817811505187
 21
136.5
 31
0.0
  0
LINE
  5
5A0
330
17
100
AcDbEntity
  8
VISIBLE
100
AcDbLine
 10
234.96877707974303
 20
136.5
 30
0.0
 11
237.27817811505187
 21
136.5
 31
0.0
  0
LINE
  5
5A1
330
17
100
AcDbEntity
  8
VISIBLE
100
AcDbLine
 10
211.96877713262114
 20
130.0000000528781
 30
0.0
 11
211.96877707974303
 21
130.00000112923658
 31
0.0
  0
LINE
  5
5A2
330
17
100
AcDbEntity
  8
VISIBLE
100
AcDbLine
 10
211.96877707974303
 20
130.00000112923658
 30
0.0
 11
211.96877707974303
 21
134.99999887076342
 31
0.0
  0
LINE
  5
5A3
330
17
100
AcDbEntity
  8
VISIBLE
100
AcDbLine
 10
211.96877707974303
 20
134.99999887076342
 30
0.0
 11
211.96877713262114
 21
134.9999999471219
 31
0.0
  0
LINE
  5
5A4
330
17
100
AcDbEntity
  8
VISIBLE
100
AcDbLine
 10
211.96877713262114
 20
134.9999999471219
 30
0.0
 11
211.96877820897964
 21
135.0
 31
0.0
  0
LINE
  5
5A5
330
17
100
AcDbEntity
  8
VISIBLE
100
AcDbLine
 10
211.96877820897964
 20
135.0
 30
0.0
 11
231.79332409808077
 21
135.0
 31
0.0
  0
LINE
  5
5A6
330
17
100
AcDbEntity
  8
VISIBLE
100
AcDbLine
 10
231.79332409808077
 20
135.0
 30
0.0
 11
231.7933284706588
 21
135.00000020829157
 31
0.0
  0
LINE
  5
5A7
330
17
100
AcDbEntity
  8
VISIBLE
100
AcDbLine
 10
231.7933284706588
 20
135.00000020829157
 30
0.0
 11
231.79333280363807
 21
135.00000083127995
 31
0.0
  0
LINE
  5
5A8
330
17
100
AcDbEntity
  8
VISIBLE
100
AcDbLine
 10
231.79333280363807
 20
135.00000083127995
 30
0.0
 11
231.79333705777847
 21
135.00000186332323
 31
0.0
  0
LINE
  5
5A9
330
17
100
AcDbEntity
  8
VISIBLE
100
AcDbLine
 10
231.79333705777847
 20
135.00000186332323
 30
0.0
 11
231.79334119455385
 21
135.00000329507512
 31
0.0
  0
LINE
  5
5AA
330
17
100
AcDbEntity
  8
VISIBLE
100
AcDbLine
 10
231.79334119455385
 20
135.00000329507512
 30
0.0
 11
231.7933451765009
 21
135.00000511356944
 31
0.0
  0
LINE
  5
5AB
330
17
100
AcDbEntity
  8
VISIBLE
100
AcDbLine
 10
231.7933451765009
 20
135.00000511356944
 30
0.0
 11
231.79334896755853
 21
135.0000073023376
 31
0.0
  0
LINE
  5
5AC
330
17
100
AcDbEntity
  8
VISIBLE
100
AcDbLine
 10
231.79334896755853
 20
135.0000073023376
 30
0.0
 11
231.7933525333943
 21
135.00000984155778
 31
0.0
  0
LINE
  5
5AD
330
17
100
AcDbEntity
  8
VISIBLE
100
AcDbLine
 10
231.7933525333943
 20
135.00000984155778
 30
0.0
 11
231.79335584171548
 21
135.00001270823444
 31
0.0
  0
LINE
  5
5AE
330
17
100
AcDbEntity
  8
VISIBLE
100
AcDbLine
 10
231.79335584171548
 20
135.00001270823444
 30
0.0
 11
231.79335886256138
 21
135.00001587640645
 31
0.0
  0
LINE
  5
5AF
330
17
100
AcDbEntity
  8
VISIBLE
100
AcDbLine
 10
231.79335886256138
 20
135.00001587640645
 30
0.0
 11
231.79336156857474
 21
135.00001931738242
 31
0.0
  0
LINE
  5
5B0
330
17
100
AcDbEntity
  8
VISIBLE
100
AcDbLine
 10
231.79336156857474
 20
135.00001931738242
 30
0.0
 11
231.79336393524952
 21
135.0000230000003
 31
0.0
  0
LINE
  5
5B1
330
17
100
AcDbEntity
  8
VISIBLE
100
AcDbLine
 10
231.79336393524952
 20
135.0000230000003
 30
0.0
 11
232.46877091691178
 21
136.16986222902264
 31
0.0
  0
LINE
  5
5B2
330
17
100
AcDbEntity
  8
VISIBLE
100
AcDbLine
 10
232.46877091691178
 20
136.16986222902264
 30
0.0
 11
232.4687731028342
 21
136.16986651913703
 31
0.0
  0
LINE
  5
5B3
330
17
100
AcDbEntity
  8
VISIBLE
100
AcDbLine
 10
232.4687731028342
 20
136.16986651913703
 30
0.0
 11
232.46877482834284
 21
136.1698710142408
 31
0.0
  0
LINE
  5
5B4
330
17
100
AcDbEntity
  8
VISIBLE
100
AcDbLine
 10
232.46877482834284
 20
136.1698710142408
 30
0.0
 11
232.46877607453268
 21
136.1698756650847
 31
0.0
  0
LINE
  5
5B5
330
17
100
AcDbEntity
  8
VISIBLE
100
AcDbLine
 10
232.46877607453268
 20
136.1698756650847
 30
0.0
 11
232.46877682775022
 21
136.1698804207131
 31
0.0
  0
LINE
  5
5B6
330
17
100
AcDbEntity
  8
VISIBLE
100
AcDbLine
 10
232.46877682775022
 20
136.1698804207131
 30
0.0
 11
232.46877707974303
 21
136.16988522902236
 31
0.0
  0
LINE
  5
5B7
330
17
100
AcDbEntity
  8
VISIBLE
100
AcDbLine
 10
232.46877707974303
 20
136.16988522902236
 30
0.0
 11
232.46877707974303
 21
155.4999988707634
 31
0.0
  0
LINE
  5
5B8
330
17
100
AcDbEntity
  8
VISIBLE
100
AcDbLine
 10
232.46877707974303
 20
155.4999988707634
 30
0.0
 11
232.46877713262114
 21
155.4999999471219
 31
0.0
  0
LINE
  5
5B9
330
17
100
AcDbEntity
  8
VISIBLE
100
AcDbLine
 10
232.46877713262114
 20
155.4999999471219
 30
0.0
 11
232.46877820897961
 21
155.5
 31
0.0
  0
LINE
  5
5BA
330
17
100
AcDbEntity
  8
VISIBLE
100
AcDbLine
 10
232.46877820897961
 20
155.5
 30
0.0
 11
237.46877595050645
 21
155.5
 31
0.0
  0
LINE
  5
5BB
330
17
100
AcDbEntity
  8
VISIBLE
100
AcDbLine
 10
237.46877595050645
 20
155.5
 30
0.0
 11
237.46877702686493
 21
155.4999999471219
 31
0.0
  0
LINE
  5
5BC
330
17
100
AcDbEntity
  8
VISIBLE
100
AcDbLine
 10
237.46877702686493
 20
155.4999999471219
 30
0.0
 11
237.46877707974303
 21
155.4999988707634
 31
0.0
  0
LINE
  5
5BD
330
17
100
AcDbEntity
  8
VISIBLE
100
AcDbLine
 10
237.46877707974303
 20
155.4999988707634
 30
0.0
 11
237.46877707974303
 21
136.16988522902236
 31
0.0
  0
LINE
  5
5BE
330
17
100
AcDbEntity
  8
VISIBLE
100
AcDbLine
 10
237.46877707974303
 20
136.16988522902236
 30
0.0
 11
237.46877733173585
 21
136.1698804207131
 31
0.0
  0
LINE
  5
5BF
330
17
100
AcDbEntity
  8
VISIBLE
100
AcDbLine
 10
237.46877733173585
 20
136.1698804207131
 30
0.0
 11
237.46877808495339
 21
136.1698756650847
 31
0.0
  0
LINE
  5
5C0
330
17
100
AcDbEntity
  8
VISIBLE
100
AcDbLine
 10
237.46877808495339
 20
136.1698756650847
 30
0.0
 11
237.46877933114322
 21
136.1698710142408
 31
0.0
  0
LINE
  5
5C1
330
17
100
AcDbEntity
  8
VISIBLE
100
AcDbLine
 10
237.46877933114322
 20
136.1698710142408
 30
0.0
 11
237.46878105665186
 21
136.16986651913703
 31
0.0
  0
LINE
  5
5C2
330
17
100
AcDbEntity
  8
VISIBLE
100
AcDbLine
 10
237.46878105665186
 20
136.16986651913703
 30
0.0
 11
237.4687832425743
 21
136.16986222902264
 31
0.0
  0
LINE
  5
5C3
330
17
100
AcDbEntity
  8
VISIBLE
100
AcDbLine
 10
237.4687832425743
 20
136.16986222902264
 30
0.0
 11
237.64279622906787
 21
135.8684628898294
 31
0.0
  0
LINE
  5
5C4
330
17
100
AcDbEntity
  8
VISIBLE
100
AcDbLine
 10
237.64279622906787
 20
135.8684628898294
 30
0.0
 11
238.14419022423655
 21
135.0000230000003
 31
0.0
  0
LINE
  5
5C5
330
17
100
AcDbEntity
  8
VISIBLE
100
AcDbLine
 10
238.14419022423655
 20
135.0000230000003
 30
0.0
 11
238.14419259091133
 21
135.00001931738242
 31
0.0
  0
LINE
  5
5C6
330
17
100
AcDbEntity
  8
VISIBLE
100
AcDbLine
 10
238.14419259091133
 20
135.00001931738242
 30
0.0
 11
238.1441952969247
 21
135.00001587640645
 31
0.0
  0
LINE
  5
5C7
330
17
100
AcDbEntity
  8
VISIBLE
100
AcDbLine
 10
238.1441952969247
 20
135.00001587640645
 30
0.0
 11
238.1441983177706
 21
135.00001270823444
 31
0.0
  0
LINE
  5
5C8
330
17
100
AcDbEntity
  8
VISIBLE
100
AcDbLine
 10
238.1441983177706
 20
135.00001270823444
 30
0.0
 11
238.14420162609176
 21
135.00000984155778
 31
0.0
  0
LINE
  5
5C9
330
17
100
AcDbEntity
  8
VISIBLE
100
AcDbLine
 10
238.14420162609176
 20
135.00000984155778
 30
0.0
 11
238.14420519192754
 21
135.0000073023376
 31
0.0
  0
LINE
  5
5CA
330
17
100
AcDbEntity
  8
VISIBLE
100
AcDbLine
 10
238.14420519192754
 20
135.0000073023376
 30
0.0
 11
238.14420898298516
 21
135.00000511356944
 31
0.0
  0
LINE
  5
5CB
330
17
100
AcDbEntity
  8
VISIBLE
100
AcDbLine
 10
238.14420898298516
 20
135.00000511356944
 30
0.0
 11
238.14421296493222
 21
135.00000329507512
 31
0.0
  0
LINE
  5
5CC
330
17
100
AcDbEntity
  8
VISIBLE
100
AcDbLine
 10
238.14421296493222
 20
135.00000329507512
 30
0.0
 11
238.1442171017076
 21
135.00000186332323
 31
0.0
  0
LINE
  5
5CD
330
17
100
AcDbEntity
  8
VISIBLE
100
AcDbLine
 10
238.1442171017076
 20
135.00000186332323
 30
0.0
 11
238.144221355848
 21
135.00000083127995
 31
0.0
  0
LINE
  5
5CE
330
17
100
AcDbEntity
  8
VISIBLE
100
AcDbLine
 10
238.144221355848
 20
135.00000083127995
 30
0.0
 11
238.14422568882728
 21
135.00000020829157
 31
0.0
  0
LINE
  5
5CF
330
17
100
AcDbEntity
  8
VISIBLE
100
AcDbLine
 10
238.14422568882728
 20
135.00000020829157
 30
0.0
 11
238.1442300614053
 21
135.0
 31
0.0
  0
LINE
  5
5D0
330
17
100
AcDbEntity
  8
VISIBLE
100
AcDbLine
 10
238.1442300614053
 20
135.0
 30
0.0
 11
257.9687759505064
 21
135.0
 31
0.0
  0
LINE
  5
5D1
330
17
100
AcDbEntity
  8
VISIBLE
100
AcDbLine
 10
257.9687759505064
 20
135.0
 30
0.0
 11
257.9687770268649
 21
134.9999999471219
 31
0.0
  0
LINE
  5
5D2
330
17
100
AcDbEntity
  8
VISIBLE
100
AcDbLine
 10
257.9687770268649
 20
134.9999999471219
 30
0.0
 11
257.96877707974306
 21
134.99999887076342
 31
0.0
  0
LINE
  5
5D3
330
17
100
AcDbEntity
  8
VISIBLE
100
AcDbLine
 10
257.96877707974306
 20
134.99999887076342
 30
0.0
 11
257.96877707974306
 21
130.00000112923658
 31
0.0
  0
LINE
  5
5D4
330
17
100
AcDbEntity
  8
VISIBLE
100
AcDbLine
 10
257.96877707974306
 20
130.00000112923658
 30
0.0
 11
257.9687770268649
 21
130.0000000528781
 31
0.0
  0
LINE
  5
5D5
330
17
100
AcDbEntity
  8
VISIBLE
100
AcDbLine
 10
257.9687770268649
 20
130.0000000528781
 30
0.0
 11
257.9687759505064
 21
130.0
 31
0.0
  0
LINE
  5
5D6
330
17
100
AcDbEntity
  8
VISIBLE
100
AcDbLine
 10
257.9687759505064
 20
130.0
 30
0.0
 11
238.1442300614053
 21
130.0
 31
0.0
  0
LINE
  5
5D7
330
17
100
AcDbEntity
  8
VISIBLE
100
AcDbLine
 10
238.1442300614053
 20
130.0
 30
0.0
 11
238.14422568882728
 21
129.99999979170843
 31
0.0
  0
LINE
  5
5D8
330
17
100
AcDbEntity
  8
VISIBLE
100
AcDbLine
 10
238.14422568882728
 20
129.99999979170843
 30
0.0
 11
238.144221355848
 21
129.99999916872005
 31
0.0
  0
LINE
  5
5D9
330
17
100
AcDbEntity
  8
VISIBLE
100
AcDbLine
 10
238.144221355848
 20
129.99999916872005
 30
0.0
 11
238.1442171017076
 21
129.99999813667677
 31
0.0
  0
LINE
  5
5DA
330
17
100
AcDbEntity
  8
VISIBLE
100
AcDbLine
 10
238.1442171017076
 20
129.99999813667677
 30
0.0
 11
238.14421296493222
 21
129.99999670492488
 31
0.0
  0
LINE
  5
5DB
330
17
100
AcDbEntity
  8
VISIBLE
100
AcDbLine
 10
238.14421296493222
 20
129.99999670492488
 30
0.0
 11
238.14420898298516
 21
129.99999488643056
 31
0.0
  0
LINE
  5
5DC
330
17
100
AcDbEntity
  8
VISIBLE
100
AcDbLine
 10
238.14420898298516
 20
129.99999488643056
 30
0.0
 11
238.14420519192754
 21
129.9999926976624
 31
0.0
  0
LINE
  5
5DD
330
17
100
AcDbEntity
  8
VISIBLE
100
AcDbLine
 10
238.14420519192754
 20
129.9999926976624
 30
0.0
 11
238.14420162609176
 21
129.99999015844222
 31
0.0
  0
LINE
  5
5DE
330
17
100
AcDbEntity
  8
VISIBLE
100
AcDbLine
 10
238.14420162609176
 20
129.99999015844222
 30
0.0
 11
238.1441983177706
 21
129.99998729176556
 31
0.0
  0
LINE
  5
5DF
330
17
100
AcDbEntity
  8
VISIBLE
100
AcDbLine
 10
238.1441983177706
 20
129.99998729176556
 30
0.0
 11
238.1441952969247
 21
129.99998412359355
 31
0.0
  0
LINE
  5
5E0
330
17
100
AcDbEntity
  8
VISIBLE
100
AcDbLine
 10
238.1441952969247
 20
129.99998412359355
 30
0.0
 11
238.14419259091133
 21
129.99998068261758
 31
0.0
  0
LINE
  5
5E1
330
17
100
AcDbEntity
  8
VISIBLE
100
AcDbLine
 10
238.14419259091133
 20
129.99998068261758
 30
0.0
 11
238.14419022423655
 21
129.9999769999997
 31
0.0
  0
LINE
  5
5E2
330
17
100
AcDbEntity
  8
VISIBLE
100
AcDbLine
 10
238.14419022423655
 20
129.9999769999997
 30
0.0
 11
237.92156739014357
 21
129.6143829335049
 31
0.0
  0
LINE
  5
5E3
330
17
100
AcDbEntity
  8
VISIBLE
100
AcDbLine
 10
237.92156739014357
 20
129.6143829335049
 30
0.0
 11
237.4687832425743
 21
128.83013777097736
 31
0.0
  0
LINE
  5
5E4
330
17
100
AcDbEntity
  8
VISIBLE
100
AcDbLine
 10
237.4687832425743
 20
128.83013777097736
 30
0.0
 11
237.46878105665186
 21
128.83013348086297
 31
0.0
  0
LINE
  5
5E5
330
17
100
AcDbEntity
  8
VISIBLE
100
AcDbLine
 10
237.46878105665186
 20
128.83013348086297
 30
0.0
 11
237.46877933114322
 21
128.8301289857592
 31
0.0
  0
LINE
  5
5E6
330
17
100
AcDbEntity
  8
VISIBLE
100
AcDbLine
 10
237.46877933114322
 20
128.8301289857592
 30
0.0
 11
237.46877808495339
 21
128.8301243349153
 31
0.0
  0
LINE
  5
5E7
330
17
100
AcDbEntity
  8
VISIBLE
100
AcDbLine
 10
237.46877808495339
 20
128.8301243349153
 30
0.0
 11
237.46877733173585
 21
128.8301195792869
 31
0.0
  0
LINE
  5
5E8
330
17
100
AcDbEntity
  8
VISIBLE
100
AcDbLine
 10
237.46877733173585
 20
128.8301195792869
 30
0.0
 11
237.46877707974303
 21
128.83011477097764
 31
0.0
  0
LINE
  5
5E9
330
17
100
AcDbEntity
  8
VISIBLE
100
AcDbLine
 10
237.46877707974303
 20
128.83011477097764
 30
0.0
 11
237.46877707974303
 21
109.50000112923661
 31
0.0
  0
LINE
  5
5EA
330
17
100
AcDbEntity
  8
VISIBLE
100
AcDbLine
 10
237.46877707974303
 20
109.50000112923661
 30
0.0
 11
237.46877702686493
 21
109.50000005287811
 31
0.0
  0
LINE
  5
5EB
330
17
100
AcDbEntity
  8
VISIBLE
100
AcDbLine
 10
237.46877702686493
 20
109.50000005287811
 30
0.0
 11
237.46877595050645
 21
109.5
 31
0.0
  0
LINE
  5
5EC
330
17
100
AcDbEntity
  8
VISIBLE
100
AcDbLine
 10
237.46877595050645
 20
109.5
 30
0.0
 11
232.46877820897961
 21
109.5
 31
0.0
  0
LINE
  5
5ED
330
17
100
AcDbEntity
  8
VISIBLE
100
AcDbLine
 10
232.46877820897961
 20
109.5
 30
0.0
 11
232.46877713262114
 21
109.50000005287811
 31
0.0
  0
LINE
  5
5EE
330
17
100
AcDbEntity
  8
VISIBLE
100
AcDbLine
 10
232.46877713262114
 20
109.50000005287811
 30
0.0
 11
232.46877707974303
 21
109.50000112923661
 31
0.0
  0
LINE
  5
5EF
330
17
100
AcDbEntity
  8
VISIBLE
100
AcDbLine
 10
232.46877707974303
 20
109.50000112923661
 30
0.0
 11
232.46877707974303
 21
128.83011477097764
 31
0.0
  0
LINE
  5
5F0
330
17
100
AcDbEntity
  8
VISIBLE
100
AcDbLine
 10
232.46877707974303
 20
128.83011477097764
 30
0.0
 11
232.46877682775022
 21
128.8301195792869
 31
0.0
  0
LINE
  5
5F1
330
17
100
AcDbEntity
  8
VISIBLE
100
AcDbLine
 10
232.46877682775022
 20
128.8301195792869
 30
0.0
 11
232.46877607453268
 21
128.8301243349153
 31
0.0
  0
LINE
  5
5F2
330
17
100
AcDbEntity
  8
VISIBLE
100
AcDbLine
 10
232.46877607453268
 20
128.8301243349153
 30
0.0
 11
232.46877482834284
 21
128.8301289857592
 31
0.0
  0
LINE
  5
5F3
330
17
100
AcDbEntity
  8
VISIBLE
100
AcDbLine
 10
232.46877482834284
 20
128.8301289857592
 30
0.0
 11
232.4687731028342
 21
128.83013348086297
 31
0.0
  0
LINE
  5
5F4
330
17
100
AcDbEntity
  8
VISIBLE
100
AcDbLine
 10
232.4687731028342
 20
128.83013348086297
 30
0.0
 11
232.46877091691178
 21
128.83013777097736
 31
0.0
  0
LINE
  5
5F5
330
17
100
AcDbEntity
  8
VISIBLE
100
AcDbLine
 10
232.46877091691178
 20
128.83013777097736
 30
0.0
 11
231.79336393524952
 21
129.9999769999997
 31
0.0
  0
LINE
  5
5F6
330
17
100
AcDbEntity
  8
VISIBLE
100
AcDbLine
 10
231.79336393524952
 20
129.9999769999997
 30
0.0
 11
231.79336156857474
 21
129.99998068261758
 31
0.0
  0
LINE
  5
5F7
330
17
100
AcDbEntity
  8
VISIBLE
100
AcDbLine
 10
231.79336156857474
 20
129.99998068261758
 30
0.0
 11
231.79335886256138
 21
129.99998412359355
 31
0.0
  0
LINE
  5
5F8
330
17
100
AcDbEntity
  8
VISIBLE
100
AcDbLine
 10
231.79335886256138
 20
129.99998412359355
 30
0.0
 11
231.79335584171548
 21
129.99998729176556
 31
0.0
  0
LINE
  5
5F9
330
17
100
AcDbEntity
  8
VISIBLE
100
AcDbLine
 10
231.79335584171548
 20
129.99998729176556
 30
0.0
 11
231.7933525333943
 21
129.99999015844222
 31
0.0
  0
LINE
  5
5FA
330
17
100
AcDbEntity
  8
VISIBLE
100
AcDbLine
 10
231.7933525333943
 20
129.99999015844222
 30
0.0
 11
231.79334896755853
 21
129.9999926976624
 31
0.0
  0
LINE
  5
5FB
330
17
100
AcDbEntity
  8
VISIBLE
100
AcDbLine
 10
231.79334896755853
 20
129.9999926976624
 30
0.0
 11
231.7933451765009
 21
129.99999488643056
 31
0.0
  0
LINE
  5
5FC
330
17
100
AcDbEntity
  8
VISIBLE
100
AcDbLine
 10
231.7933451765009
 20
129.99999488643056
 30
0.0
 11
231.79334119455385
 21
129.99999670492488
 31
0.0
  0
LINE
  5
5FD
330
17
100
AcDbEntity
  8
VISIBLE
100
AcDbLine
 10
231.79334119455385
 20
129.99999670492488
 30
0.0
 11
231.79333705777847
 21
129.99999813667677
 31
0.0
  0
LINE
  5
5FE
330
17
100
AcDbEntity
  8
VISIBLE
100
AcDbLine
 10
231.79333705777847
 20
129.99999813667677
 30
0.0
 11
231.79333280363807
 21
129.99999916872005
 31
0.0
  0
LINE
  5
5FF
330
17
100
AcDbEntity
  8
VISIBLE
100
AcDbLine
 10
231.79333280363807
 20
129.99999916872005
 30
0.0
 11
231.7933284706588
 21
129.99999979170843
 31
0.0
  0
LINE
  5
600
330
17
100
AcDbEntity
  8
VISIBLE
100
AcDbLine
 10
231.7933284706588
 20
129.99999979170843
 30
0.0
 11
231.79332409808077
 21
130.0
 31
0.0
  0
LINE
  5
601
330
17
100
AcDbEntity
  8
VISIBLE
100
AcDbLine
 10
231.79332409808077
 20
130.0
 30
0.0
 11
211.96877820897964
 21
130.0
 31
0.0
  0
LINE
  5
602
330
17
100
AcDbEntity
  8
VISIBLE
100
AcDbLine
 10
211.96877820897964
 20
130.0
 30
0.0
 11
211.96877713262114
 21
130.0000000528781
 31
0.0
  0
LINE
  5
603
330
17
100
AcDbEntity
  8
OCULTA
100
AcDbLine
 10
232.46877707974303
 20
109.5
 30
0.0
 11
232.46877707974303
 21
109.5
 31
0.0
  0
LINE
  5
604
330
17
100
AcDbEntity
  8
OCULTA
100
AcDbLine
 10
211.96877707974303
 20
130.0
 30
0.0
 11
211.96877707974303
 21
130.0
 31
0.0
  0
LINE
  5
605
330
17
100
AcDbEntity
  8
OCULTA
100
AcDbLine
 10
232.74649610058654
 20
129.17412161827087
 30
0.0
 11
232.5337313605963
 21
129.32658672332764
 31
0.0
  0
LINE
  5
606
330
17
100
AcDbEntity
  8
OCULTA
100
AcDbLine
 10
232.46877707974303
 20
109.5
 30
0.0
 11
232.46877707974303
 21
129.37989330291748
 31
0.0
  0
LINE
  5
607
330
17
100
AcDbEntity
  8
OCULTA
100
AcDbLine
 10
232.46877707974303
 20
129.37989330291748
 30
0.0
 11
232.46877707974303
 21
129.37989330291748
 31
0.0
  0
LINE
  5
608
330
17
100
AcDbEntity
  8
OCULTA
100
AcDbLine
 10
232.5337313605963
 20
129.32658672332764
 30
0.0
 11
232.46877707974303
 21
129.37989330291748
 31
0.0
  0
LINE
  5
609
330
17
100
AcDbEntity
  8
OCULTA
100
AcDbLine
 10
232.74649610058654
 20
129.17412161827087
 30
0.0
 11
232.96877707974303
 21
129.03589844703674
 31
0.0
  0
LINE
  5
60A
330
17
100
AcDbEntity
  8
OCULTA
100
AcDbLine
 10
233.43804337517608
 20
128.80448198318481
 30
0.0
 11
233.19962229267944
 21
128.91250896453857
 31
0.0
  0
LINE
  5
60B
330
17
100
AcDbEntity
  8
OCULTA
100
AcDbLine
 10
232.96877707974303
 20
129.03589844703674
 30
0.0
 11
233.19962229267944
 21
128.91250896453857
 31
0.0
  0
LINE
  5
60C
330
17
100
AcDbEntity
  8
OCULTA
100
AcDbLine
 10
233.43804337517608
 20
128.80448198318481
 30
0.0
 11
233.68301918045867
 21
128.71227955818176
 31
0.0
  0
LINE
  5
60D
330
17
100
AcDbEntity
  8
OCULTA
100
AcDbLine
 10
233.68301918045867
 20
128.71227955818176
 30
0.0
 11
233.93350090519775
 21
128.636296749115
 31
0.0
  0
LINE
  5
60E
330
17
100
AcDbEntity
  8
OCULTA
100
AcDbLine
 10
233.93350090519775
 20
128.636296749115
 30
0.0
 11
234.18841578499664
 21
128.57685899734497
 31
0.0
  0
LINE
  5
60F
330
17
100
AcDbEntity
  8
OCULTA
100
AcDbLine
 10
234.18841578499664
 20
128.57685899734497
 30
0.0
 11
234.4466723396002
 21
128.53422045707703
 31
0.0
  0
LINE
  5
610
330
17
100
AcDbEntity
  8
OCULTA
100
AcDbLine
 10
234.4466723396002
 20
128.53422045707703
 30
0.0
 11
234.70716457502235
 21
128.5085642337799
 31
0.0
  0
LINE
  5
611
330
17
100
AcDbEntity
  8
OCULTA
100
AcDbLine
 10
231.6428986980139
 20
130.2777190208435
 30
0.0
 11
231.79536380307067
 21
130.06495428085327
 31
0.0
  0
LINE
  5
612
330
17
100
AcDbEntity
  8
OCULTA
100
AcDbLine
 10
211.96877707974303
 20
130.0
 30
0.0
 11
231.84867038266052
 21
130.0
 31
0.0
  0
LINE
  5
613
330
17
100
AcDbEntity
  8
OCULTA
100
AcDbLine
 10
231.84867038266052
 20
130.0
 30
0.0
 11
231.84867038266052
 21
130.0
 31
0.0
  0
LINE
  5
614
330
17
100
AcDbEntity
  8
OCULTA
100
AcDbLine
 10
231.79536380307067
 20
130.06495428085327
 30
0.0
 11
231.84867038266052
 21
130.0
 31
0.0
  0
LINE
  5
615
330
17
100
AcDbEntity
  8
OCULTA
100
AcDbLine
 10
231.6428986980139
 20
130.2777190208435
 30
0.0
 11
231.50467552677978
 21
130.5
 31
0.0
  0
LINE
  5
616
330
17
100
AcDbEntity
  8
OCULTA
100
AcDbLine
 10
231.27325906292785
 20
130.96926629543304
 30
0.0
 11
231.3812860442816
 21
130.7308452129364
 31
0.0
  0
LINE
  5
617
330
17
100
AcDbEntity
  8
OCULTA
100
AcDbLine
 10
231.50467552677978
 20
130.5
 30
0.0
 11
231.3812860442816
 21
130.7308452129364
 31
0.0
  0
LINE
  5
618
330
17
100
AcDbEntity
  8
OCULTA
100
AcDbLine
 10
231.27325906292785
 20
130.96926629543304
 30
0.0
 11
231.1810566379248
 21
131.21424210071564
 31
0.0
  0
LINE
  5
619
330
17
100
AcDbEntity
  8
OCULTA
100
AcDbLine
 10
231.1810566379248
 20
131.21424210071564
 30
0.0
 11
231.10507382885802
 21
131.4647238254547
 31
0.0
  0
LINE
  5
61A
330
17
100
AcDbEntity
  8
OCULTA
100
AcDbLine
 10
231.10507382885802
 20
131.4647238254547
 30
0.0
 11
231.045636077088
 21
131.7196387052536
 31
0.0
  0
LINE
  5
61B
330
17
100
AcDbEntity
  8
OCULTA
100
AcDbLine
 10
231.045636077088
 20
131.7196387052536
 30
0.0
 11
231.00299753682006
 21
131.97789525985718
 31
0.0
  0
LINE
  5
61C
330
17
100
AcDbEntity
  8
OCULTA
100
AcDbLine
 10
231.00299753682006
 20
131.97789525985718
 30
0.0
 11
230.97734131352294
 21
132.2383874952793
 31
0.0
  0
LINE
  5
61D
330
17
100
AcDbEntity
  8
OCULTA
100
AcDbLine
 10
232.46877707974303
 20
109.5
 30
0.0
 11
237.46877707974303
 21
109.5
 31
0.0
  0
LINE
  5
61E
330
17
100
AcDbEntity
  8
OCULTA
100
AcDbLine
 10
237.46877707974303
 20
109.5
 30
0.0
 11
237.46877707974303
 21
109.5
 31
0.0
  0
LINE
  5
61F
330
17
100
AcDbEntity
  8
OCULTA
100
AcDbLine
 10
234.70716457502235
 20
128.5085642337799
 30
0.0
 11
234.96877707974303
 21
128.5
 31
0.0
  0
LINE
  5
620
330
17
100
AcDbEntity
  8
OCULTA
100
AcDbLine
 10
234.96877707974303
 20
128.5
 30
0.0
 11
235.23038958446372
 21
128.5085642337799
 31
0.0
  0
LINE
  5
621
330
17
100
AcDbEntity
  8
OCULTA
100
AcDbLine
 10
235.23038958446372
 20
128.5085642337799
 30
0.0
 11
235.49088181988586
 21
128.53422045707703
 31
0.0
  0
LINE
  5
622
330
17
100
AcDbEntity
  8
OCULTA
100
AcDbLine
 10
235.49088181988586
 20
128.53422045707703
 30
0.0
 11
235.74913837448943
 21
128.57685899734497
 31
0.0
  0
LINE
  5
623
330
17
100
AcDbEntity
  8
OCULTA
100
AcDbLine
 10
235.74913837448943
 20
128.57685899734497
 30
0.0
 11
236.00405325428832
 21
128.636296749115
 31
0.0
  0
LINE
  5
624
330
17
100
AcDbEntity
  8
OCULTA
100
AcDbLine
 10
236.00405325428832
 20
128.636296749115
 30
0.0
 11
236.2545349790274
 21
128.71227955818176
 31
0.0
  0
LINE
  5
625
330
17
100
AcDbEntity
  8
OCULTA
100
AcDbLine
 10
236.2545349790274
 20
128.71227955818176
 30
0.0
 11
236.49951078431
 21
128.80448198318481
 31
0.0
  0
LINE
  5
626
330
17
100
AcDbEntity
  8
OCULTA
100
AcDbLine
 10
236.49951078431
 20
128.80448198318481
 30
0.0
 11
236.73793186680663
 21
128.91250896453857
 31
0.0
  0
LINE
  5
627
330
17
100
AcDbEntity
  8
OCULTA
100
AcDbLine
 10
236.73793186680663
 20
128.91250896453857
 30
0.0
 11
236.96877707974303
 21
129.03589844703674
 31
0.0
  0
LINE
  5
628
330
17
100
AcDbEntity
  8
OCULTA
100
AcDbLine
 10
236.96877707974303
 20
129.03589844703674
 30
0.0
 11
237.19105805889953
 21
129.17412161827087
 31
0.0
  0
LINE
  5
629
330
17
100
AcDbEntity
  8
OCULTA
100
AcDbLine
 10
237.19105805889953
 20
129.17412161827087
 30
0.0
 11
237.40382279888976
 21
129.32658672332764
 31
0.0
  0
LINE
  5
62A
330
17
100
AcDbEntity
  8
OCULTA
100
AcDbLine
 10
237.46877707974303
 20
109.5
 30
0.0
 11
237.46877707974303
 21
129.37989330291748
 31
0.0
  0
LINE
  5
62B
330
17
100
AcDbEntity
  8
OCULTA
100
AcDbLine
 10
237.46877707974303
 20
129.37989330291748
 30
0.0
 11
237.46877707974303
 21
129.37989330291748
 31
0.0
  0
LINE
  5
62C
330
17
100
AcDbEntity
  8
OCULTA
100
AcDbLine
 10
237.40382279888976
 20
129.32658672332764
 30
0.0
 11
237.46877707974303
 21
129.37989330291748
 31
0.0
  0
LINE
  5
62D
330
17
100
AcDbEntity
  8
OCULTA
100
AcDbLine
 10
238.08888377682555
 20
130.0
 30
0.0
 11
238.08888377682555
 21
130.0
 31
0.0
  0
LINE
  5
62E
330
17
100
AcDbEntity
  8
OCULTA
100
AcDbLine
 10
238.08888377682555
 20
130.0
 30
0.0
 11
238.1421903564154
 21
130.06495428085327
 31
0.0
  0
LINE
  5
62F
330
17
100
AcDbEntity
  8
OCULTA
100
AcDbLine
 10
238.1421903564154
 20
130.06495428085327
 30
0.0
 11
238.29465546147216
 21
130.2777190208435
 31
0.0
  0
LINE
  5
630
330
17
100
AcDbEntity
  8
OCULTA
100
AcDbLine
 10
238.29465546147216
 20
130.2777190208435
 30
0.0
 11
238.4328786327063
 21
130.5
 31
0.0
  0
LINE
  5
631
330
17
100
AcDbEntity
  8
OCULTA
100
AcDbLine
 10
238.4328786327063
 20
130.5
 30
0.0
 11
238.55626811520446
 21
130.7308452129364
 31
0.0
  0
LINE
  5
632
330
17
100
AcDbEntity
  8
OCULTA
100
AcDbLine
 10
238.55626811520446
 20
130.7308452129364
 30
0.0
 11
238.66429509655822
 21
130.96926629543304
 31
0.0
  0
LINE
  5
633
330
17
100
AcDbEntity
  8
OCULTA
100
AcDbLine
 10
238.66429509655822
 20
130.96926629543304
 30
0.0
 11
238.75649752156127
 21
131.21424210071564
 31
0.0
  0
LINE
  5
634
330
17
100
AcDbEntity
  8
OCULTA
100
AcDbLine
 10
238.75649752156127
 20
131.21424210071564
 30
0.0
 11
238.83248033062804
 21
131.4647238254547
 31
0.0
  0
LINE
  5
635
330
17
100
AcDbEntity
  8
OCULTA
100
AcDbLine
 10
238.83248033062804
 20
131.4647238254547
 30
0.0
 11
238.89191808239806
 21
131.7196387052536
 31
0.0
  0
LINE
  5
636
330
17
100
AcDbEntity
  8
OCULTA
100
AcDbLine
 10
238.89191808239806
 20
131.7196387052536
 30
0.0
 11
238.934556622666
 21
131.97789525985718
 31
0.0
  0
LINE
  5
637
330
17
100
AcDbEntity
  8
OCULTA
100
AcDbLine
 10
238.934556622666
 20
131.97789525985718
 30
0.0
 11
238.96021284596313
 21
132.2383874952793
 31
0.0
  0
LINE
  5
638
330
17
100
AcDbEntity
  8
OCULTA
100
AcDbLine
 10
238.08888377682555
 20
130.0
 30
0.0
 11
257.96877707974306
 21
130.0
 31
0.0
  0
LINE
  5
639
330
17
100
AcDbEntity
  8
OCULTA
100
AcDbLine
 10
257.96877707974306
 20
130.0
 30
0.0
 11
257.96877707974306
 21
130.0
 31
0.0
  0
LINE
  5
63A
330
17
100
AcDbEntity
  8
OCULTA
100
AcDbLine
 10
211.96877707974303
 20
130.0
 30
0.0
 11
211.96877707974303
 21
135.0
 31
0.0
  0
LINE
  5
63B
330
17
100
AcDbEntity
  8
OCULTA
100
AcDbLine
 10
211.96877707974303
 20
135.0
 30
0.0
 11
211.96877707974303
 21
135.0
 31
0.0
  0
LINE
  5
63C
330
17
100
AcDbEntity
  8
OCULTA
100
AcDbLine
 10
230.97734131352294
 20
132.2383874952793
 30
0.0
 11
230.96877707974303
 21
132.5
 31
0.0
  0
LINE
  5
63D
330
17
100
AcDbEntity
  8
OCULTA
100
AcDbLine
 10
230.96877707974303
 20
132.5
 30
0.0
 11
230.97734131352294
 21
132.7616125047207
 31
0.0
  0
LINE
  5
63E
330
17
100
AcDbEntity
  8
OCULTA
100
AcDbLine
 10
230.97734131352294
 20
132.7616125047207
 30
0.0
 11
231.00299753682006
 21
133.02210474014282
 31
0.0
  0
LINE
  5
63F
330
17
100
AcDbEntity
  8
OCULTA
100
AcDbLine
 10
231.00299753682006
 20
133.02210474014282
 30
0.0
 11
231.045636077088
 21
133.2803612947464
 31
0.0
  0
LINE
  5
640
330
17
100
AcDbEntity
  8
OCULTA
100
AcDbLine
 10
231.045636077088
 20
133.2803612947464
 30
0.0
 11
231.10507382885802
 21
133.5352761745453
 31
0.0
  0
LINE
  5
641
330
17
100
AcDbEntity
  8
OCULTA
100
AcDbLine
 10
231.10507382885802
 20
133.5352761745453
 30
0.0
 11
231.1810566379248
 21
133.78575789928436
 31
0.0
  0
LINE
  5
642
330
17
100
AcDbEntity
  8
OCULTA
100
AcDbLine
 10
231.1810566379248
 20
133.78575789928436
 30
0.0
 11
231.27325906292785
 21
134.03073370456696
 31
0.0
  0
LINE
  5
643
330
17
100
AcDbEntity
  8
OCULTA
100
AcDbLine
 10
231.27325906292785
 20
134.03073370456696
 30
0.0
 11
231.3812860442816
 21
134.2691547870636
 31
0.0
  0
LINE
  5
644
330
17
100
AcDbEntity
  8
OCULTA
100
AcDbLine
 10
231.3812860442816
 20
134.2691547870636
 30
0.0
 11
231.50467552677978
 21
134.5
 31
0.0
  0
LINE
  5
645
330
17
100
AcDbEntity
  8
OCULTA
100
AcDbLine
 10
231.50467552677978
 20
134.5
 30
0.0
 11
231.6428986980139
 21
134.7222809791565
 31
0.0
  0
LINE
  5
646
330
17
100
AcDbEntity
  8
OCULTA
100
AcDbLine
 10
231.6428986980139
 20
134.7222809791565
 30
0.0
 11
231.79536380307067
 21
134.93504571914673
 31
0.0
  0
LINE
  5
647
330
17
100
AcDbEntity
  8
OCULTA
100
AcDbLine
 10
211.96877707974303
 20
135.0
 30
0.0
 11
231.84867038266052
 21
135.0
 31
0.0
  0
LINE
  5
648
330
17
100
AcDbEntity
  8
OCULTA
100
AcDbLine
 10
231.84867038266052
 20
135.0
 30
0.0
 11
231.84867038266052
 21
135.0
 31
0.0
  0
LINE
  5
649
330
17
100
AcDbEntity
  8
OCULTA
100
AcDbLine
 10
231.79536380307067
 20
134.93504571914673
 30
0.0
 11
231.84867038266052
 21
135.0
 31
0.0
  0
LINE
  5
64A
330
17
100
AcDbEntity
  8
OCULTA
100
AcDbLine
 10
232.46877707974303
 20
135.62010669708252
 30
0.0
 11
232.46877707974303
 21
135.62010669708252
 31
0.0
  0
LINE
  5
64B
330
17
100
AcDbEntity
  8
OCULTA
100
AcDbLine
 10
232.46877707974303
 20
135.62010669708252
 30
0.0
 11
232.5337313605963
 21
135.67341327667236
 31
0.0
  0
LINE
  5
64C
330
17
100
AcDbEntity
  8
OCULTA
100
AcDbLine
 10
232.5337313605963
 20
135.67341327667236
 30
0.0
 11
232.74649610058654
 21
135.82587838172913
 31
0.0
  0
LINE
  5
64D
330
17
100
AcDbEntity
  8
OCULTA
100
AcDbLine
 10
232.74649610058654
 20
135.82587838172913
 30
0.0
 11
232.96877707974303
 21
135.96410155296326
 31
0.0
  0
LINE
  5
64E
330
17
100
AcDbEntity
  8
OCULTA
100
AcDbLine
 10
232.96877707974303
 20
135.96410155296326
 30
0.0
 11
233.19962229267944
 21
136.08749103546143
 31
0.0
  0
LINE
  5
64F
330
17
100
AcDbEntity
  8
OCULTA
100
AcDbLine
 10
233.19962229267944
 20
136.08749103546143
 30
0.0
 11
233.43804337517608
 21
136.19551801681519
 31
0.0
  0
LINE
  5
650
330
17
100
AcDbEntity
  8
OCULTA
100
AcDbLine
 10
233.43804337517608
 20
136.19551801681519
 30
0.0
 11
233.68301918045867
 21
136.28772044181824
 31
0.0
  0
LINE
  5
651
330
17
100
AcDbEntity
  8
OCULTA
100
AcDbLine
 10
233.68301918045867
 20
136.28772044181824
 30
0.0
 11
233.93350090519775
 21
136.363703250885
 31
0.0
  0
LINE
  5
652
330
17
100
AcDbEntity
  8
OCULTA
100
AcDbLine
 10
233.93350090519775
 20
136.363703250885
 30
0.0
 11
234.18841578499664
 21
136.42314100265503
 31
0.0
  0
LINE
  5
653
330
17
100
AcDbEntity
  8
OCULTA
100
AcDbLine
 10
234.18841578499664
 20
136.42314100265503
 30
0.0
 11
234.4466723396002
 21
136.46577954292297
 31
0.0
  0
LINE
  5
654
330
17
100
AcDbEntity
  8
OCULTA
100
AcDbLine
 10
234.4466723396002
 20
136.46577954292297
 30
0.0
 11
234.70716457502235
 21
136.4914357662201
 31
0.0
  0
LINE
  5
655
330
17
100
AcDbEntity
  8
OCULTA
100
AcDbLine
 10
232.46877707974303
 20
135.62010669708252
 30
0.0
 11
232.46877707974303
 21
155.5
 31
0.0
  0
LINE
  5
656
330
17
100
AcDbEntity
  8
OCULTA
100
AcDbLine
 10
232.46877707974303
 20
155.5
 30
0.0
 11
232.46877707974303
 21
155.5
 31
0.0
  0
LINE
  5
657
330
17
100
AcDbEntity
  8
OCULTA
100
AcDbLine
 10
238.96021284596313
 20
132.2383874952793
 30
0.0
 11
238.96877707974303
 21
132.5
 31
0.0
  0
LINE
  5
658
330
17
100
AcDbEntity
  8
OCULTA
100
AcDbLine
 10
238.96877707974303
 20
132.5
 30
0.0
 11
238.96021284596313
 21
132.7616125047207
 31
0.0
  0
LINE
  5
659
330
17
100
AcDbEntity
  8
OCULTA
100
AcDbLine
 10
238.96021284596313
 20
132.7616125047207
 30
0.0
 11
238.934556622666
 21
133.02210474014282
 31
0.0
  0
LINE
  5
65A
330
17
100
AcDbEntity
  8
OCULTA
100
AcDbLine
 10
238.934556622666
 20
133.02210474014282
 30
0.0
 11
238.89191808239806
 21
133.2803612947464
 31
0.0
  0
LINE
  5
65B
330
17
100
AcDbEntity
  8
OCULTA
100
AcDbLine
 10
238.89191808239806
 20
133.2803612947464
 30
0.0
 11
238.83248033062804
 21
133.5352761745453
 31
0.0
  0
LINE
  5
65C
330
17
100
AcDbEntity
  8
OCULTA
100
AcDbLine
 10
238.83248033062804
 20
133.5352761745453
 30
0.0
 11
238.75649752156127
 21
133.78575789928436
 31
0.0
  0
LINE
  5
65D
330
17
100
AcDbEntity
  8
OCULTA
100
AcDbLine
 10
238.55626811520446
 20
134.2691547870636
 30
0.0
 11
238.4328786327063
 21
134.5
 31
0.0
  0
LINE
  5
65E
330
17
100
AcDbEntity
  8
OCULTA
100
AcDbLine
 10
238.75649752156127
 20
133.78575789928436
 30
0.0
 11
238.66429509655822
 21
134.03073370456696
 31
0.0
  0
LINE
  5
65F
330
17
100
AcDbEntity
  8
OCULTA
100
AcDbLine
 10
238.55626811520446
 20
134.2691547870636
 30
0.0
 11
238.66429509655822
 21
134.03073370456696
 31
0.0
  0
LINE
  5
660
330
17
100
AcDbEntity
  8
OCULTA
100
AcDbLine
 10
238.08888377682555
 20
135.0
 30
0.0
 11
238.08888377682555
 21
135.0
 31
0.0
  0
LINE
  5
661
330
17
100
AcDbEntity
  8
OCULTA
100
AcDbLine
 10
238.08888377682555
 20
135.0
 30
0.0
 11
238.1421903564154
 21
134.93504571914673
 31
0.0
  0
LINE
  5
662
330
17
100
AcDbEntity
  8
OCULTA
100
AcDbLine
 10
238.4328786327063
 20
134.5
 30
0.0
 11
238.29465546147216
 21
134.7222809791565
 31
0.0
  0
LINE
  5
663
330
17
100
AcDbEntity
  8
OCULTA
100
AcDbLine
 10
238.1421903564154
 20
134.93504571914673
 30
0.0
 11
238.29465546147216
 21
134.7222809791565
 31
0.0
  0
LINE
  5
664
330
17
100
AcDbEntity
  8
OCULTA
100
AcDbLine
 10
234.70716457502235
 20
136.4914357662201
 30
0.0
 11
234.96877707974303
 21
136.5
 31
0.0
  0
LINE
  5
665
330
17
100
AcDbEntity
  8
OCULTA
100
AcDbLine
 10
234.96877707974303
 20
136.5
 30
0.0
 11
235.23038958446372
 21
136.4914357662201
 31
0.0
  0
LINE
  5
666
330
17
100
AcDbEntity
  8
OCULTA
100
AcDbLine
 10
235.23038958446372
 20
136.4914357662201
 30
0.0
 11
235.49088181988586
 21
136.46577954292297
 31
0.0
  0
LINE
  5
667
330
17
100
AcDbEntity
  8
OCULTA
100
AcDbLine
 10
235.49088181988586
 20
136.46577954292297
 30
0.0
 11
235.74913837448943
 21
136.42314100265503
 31
0.0
  0
LINE
  5
668
330
17
100
AcDbEntity
  8
OCULTA
100
AcDbLine
 10
235.74913837448943
 20
136.42314100265503
 30
0.0
 11
236.00405325428832
 21
136.363703250885
 31
0.0
  0
LINE
  5
669
330
17
100
AcDbEntity
  8
OCULTA
100
AcDbLine
 10
236.00405325428832
 20
136.363703250885
 30
0.0
 11
236.2545349790274
 21
136.28772044181824
 31
0.0
  0
LINE
  5
66A
330
17
100
AcDbEntity
  8
OCULTA
100
AcDbLine
 10
236.73793186680663
 20
136.08749103546143
 30
0.0
 11
236.96877707974303
 21
135.96410155296326
 31
0.0
  0
LINE
  5
66B
330
17
100
AcDbEntity
  8
OCULTA
100
AcDbLine
 10
237.46877707974303
 20
135.62010669708252
 30
0.0
 11
237.46877707974303
 21
135.62010669708252
 31
0.0
  0
LINE
  5
66C
330
17
100
AcDbEntity
  8
OCULTA
100
AcDbLine
 10
237.46877707974303
 20
135.62010669708252
 30
0.0
 11
237.40382279888976
 21
135.67341327667236
 31
0.0
  0
LINE
  5
66D
330
17
100
AcDbEntity
  8
OCULTA
100
AcDbLine
 10
236.96877707974303
 20
135.96410155296326
 30
0.0
 11
237.19105805889953
 21
135.82587838172913
 31
0.0
  0
LINE
  5
66E
330
17
100
AcDbEntity
  8
OCULTA
100
AcDbLine
 10
237.40382279888976
 20
135.67341327667236
 30
0.0
 11
237.19105805889953
 21
135.82587838172913
 31
0.0
  0
LINE
  5
66F
330
17
100
AcDbEntity
  8
OCULTA
100
AcDbLine
 10
236.2545349790274
 20
136.28772044181824
 30
0.0
 11
236.49951078431
 21
136.19551801681519
 31
0.0
  0
LINE
  5
670
330
17
100
AcDbEntity
  8
OCULTA
100
AcDbLine
 10
236.73793186680663
 20
136.08749103546143
 30
0.0
 11
236.49951078431
 21
136.19551801681519
 31
0.0
  0
LINE
  5
671
330
17
100
AcDbEntity
  8
OCULTA
100
AcDbLine
 10
257.96877707974306
 20
130.0
 30
0.0
 11
257.96877707974306
 21
135.0
 31
0.0
  0
LINE
  5
672
330
17
100
AcDbEntity
  8
OCULTA
100
AcDbLine
 10
238.08888377682555
 20
135.0
 30
0.0
 11
257.96877707974306
 21
135.0
 31
0.0
  0
LINE
  5
673
330
17
100
AcDbEntity
  8
OCULTA
100
AcDbLine
 10
257.96877707974306
 20
135.0
 30
0.0
 11
257.96877707974306
 21
135.0
 31
0.0
  0
LINE
  5
674
330
17
100
AcDbEntity
  8
OCULTA
100
AcDbLine
 10
232.46877707974303
 20
155.5
 30
0.0
 11
237.46877707974303
 21
155.5
 31
0.0
  0
LINE
  5
675
330
17
100
AcDbEntity
  8
OCULTA
100
AcDbLine
 10
237.46877707974303
 20
135.62010669708252
 30
0.0
 11
237.46877707974303
 21
155.5
 31
0.0
  0
LINE
  5
676
330
17
100
AcDbEntity
  8
OCULTA
100
AcDbLine
 10
237.46877707974303
 20
155.5
 30
0.0
 11
237.46877707974303
 21
155.5
 31
0.0
  0
LINE
  5
677
330
17
100
AcDbEntity
  8
OCULTA
100
AcDbLine
 10
232.46877707974303
 20
109.5
 30
0.0
 11
232.46877707974303
 21
109.5
 31
0.0
  0
LINE
  5
678
330
17
100
AcDbEntity
  8
OCULTA
100
AcDbLine
 10
211.96877707974303
 20
130.0
 30
0.0
 11
211.96877707974303
 21
130.0
 31
0.0
  0
LINE
  5
679
330
17
100
AcDbEntity
  8
OCULTA
100
AcDbLine
 10
232.74649610058654
 20
129.17412161827087
 30
0.0
 11
232.5337313605963
 21
129.32658672332764
 31
0.0
  0
LINE
  5
67A
330
17
100
AcDbEntity
  8
OCULTA
100
AcDbLine
 10
232.46877707974303
 20
109.5
 30
0.0
 11
232.46877707974303
 21
129.37989330291748
 31
0.0
  0
LINE
  5
67B
330
17
100
AcDbEntity
  8
OCULTA
100
AcDbLine
 10
232.46877707974303
 20
129.37989330291748
 30
0.0
 11
232.46877707974303
 21
129.37989330291748
 31
0.0
  0
LINE
  5
67C
330
17
100
AcDbEntity
  8
OCULTA
100
AcDbLine
 10
232.5337313605963
 20
129.32658672332764
 30
0.0
 11
232.46877707974303
 21
129.37989330291748
 31
0.0
  0
LINE
  5
67D
330
17
100
AcDbEntity
  8
OCULTA
100
AcDbLine
 10
232.74649610058654
 20
129.17412161827087
 30
0.0
 11
232.96877707974303
 21
129.03589844703674
 31
0.0
  0
LINE
  5
67E
330
17
100
AcDbEntity
  8
OCULTA
100
AcDbLine
 10
233.43804337517608
 20
128.80448198318481
 30
0.0
 11
233.19962229267944
 21
128.91250896453857
 31
0.0
  0
LINE
  5
67F
330
17
100
AcDbEntity
  8
OCULTA
100
AcDbLine
 10
232.96877707974303
 20
129.03589844703674
 30
0.0
 11
233.19962229267944
 21
128.91250896453857
 31
0.0
  0
LINE
  5
680
330
17
100
AcDbEntity
  8
OCULTA
100
AcDbLine
 10
233.43804337517608
 20
128.80448198318481
 30
0.0
 11
233.68301918045867
 21
128.71227955818176
 31
0.0
  0
LINE
  5
681
330
17
100
AcDbEntity
  8
OCULTA
100
AcDbLine
 10
233.68301918045867
 20
128.71227955818176
 30
0.0
 11
233.93350090519775
 21
128.636296749115
 31
0.0
  0
LINE
  5
682
330
17
100
AcDbEntity
  8
OCULTA
100
AcDbLine
 10
233.93350090519775
 20
128.636296749115
 30
0.0
 11
234.18841578499664
 21
128.57685899734497
 31
0.0
  0
LINE
  5
683
330
17
100
AcDbEntity
  8
OCULTA
100
AcDbLine
 10
234.18841578499664
 20
128.57685899734497
 30
0.0
 11
234.4466723396002
 21
128.53422045707703
 31
0.0
  0
LINE
  5
684
330
17
100
AcDbEntity
  8
OCULTA
100
AcDbLine
 10
234.4466723396002
 20
128.53422045707703
 30
0.0
 11
234.70716457502235
 21
128.5085642337799
 31
0.0
  0
LINE
  5
685
330
17
100
AcDbEntity
  8
OCULTA
100
AcDbLine
 10
231.6428986980139
 20
130.2777190208435
 30
0.0
 11
231.79536380307067
 21
130.06495428085327
 31
0.0
  0
LINE
  5
686
330
17
100
AcDbEntity
  8
OCULTA
100
AcDbLine
 10
211.96877707974303
 20
130.0
 30
0.0
 11
231.84867038266052
 21
130.0
 31
0.0
  0
LINE
  5
687
330
17
100
AcDbEntity
  8
OCULTA
100
AcDbLine
 10
231.84867038266052
 20
130.0
 30
0.0
 11
231.84867038266052
 21
130.0
 31
0.0
  0
LINE
  5
688
330
17
100
AcDbEntity
  8
OCULTA
100
AcDbLine
 10
231.79536380307067
 20
130.06495428085327
 30
0.0
 11
231.84867038266052
 21
130.0
 31
0.0
  0
LINE
  5
689
330
17
100
AcDbEntity
  8
OCULTA
100
AcDbLine
 10
231.6428986980139
 20
130.2777190208435
 30
0.0
 11
231.50467552677978
 21
130.5
 31
0.0
  0
LINE
  5
68A
330
17
100
AcDbEntity
  8
OCULTA
100
AcDbLine
 10
231.27325906292785
 20
130.96926629543304
 30
0.0
 11
231.3812860442816
 21
130.7308452129364
 31
0.0
  0
LINE
  5
68B
330
17
100
AcDbEntity
  8
OCULTA
100
AcDbLine
 10
231.50467552677978
 20
130.5
 30
0.0
 11
231.3812860442816
 21
130.7308452129364
 31
0.0
  0
LINE
  5
68C
330
17
100
AcDbEntity
  8
OCULTA
100
AcDbLine
 10
231.27325906292785
 20
130.96926629543304
 30
0.0
 11
231.1810566379248
 21
131.21424210071564
 31
0.0
  0
LINE
  5
68D
330
17
100
AcDbEntity
  8
OCULTA
100
AcDbLine
 10
231.1810566379248
 20
131.21424210071564
 30
0.0
 11
231.10507382885802
 21
131.4647238254547
 31
0.0
  0
LINE
  5
68E
330
17
100
AcDbEntity
  8
OCULTA
100
AcDbLine
 10
231.10507382885802
 20
131.4647238254547
 30
0.0
 11
231.045636077088
 21
131.7196387052536
 31
0.0
  0
LINE
  5
68F
330
17
100
AcDbEntity
  8
OCULTA
100
AcDbLine
 10
231.045636077088
 20
131.7196387052536
 30
0.0
 11
231.00299753682006
 21
131.97789525985718
 31
0.0
  0
LINE
  5
690
330
17
100
AcDbEntity
  8
OCULTA
100
AcDbLine
 10
231.00299753682006
 20
131.97789525985718
 30
0.0
 11
230.97734131352294
 21
132.2383874952793
 31
0.0
  0
LINE
  5
691
330
17
100
AcDbEntity
  8
OCULTA
100
AcDbLine
 10
232.6593760444342
 20
128.5
 30
0.0
 11
232.6593760444342
 21
128.5
 31
0.0
  0
LINE
  5
692
330
17
100
AcDbEntity
  8
OCULTA
100
AcDbLine
 10
232.46877707974303
 20
109.5
 30
0.0
 11
237.46877707974303
 21
109.5
 31
0.0
  0
LINE
  5
693
330
17
100
AcDbEntity
  8
OCULTA
100
AcDbLine
 10
237.46877707974303
 20
109.5
 30
0.0
 11
237.46877707974303
 21
109.5
 31
0.0
  0
LINE
  5
694
330
17
100
AcDbEntity
  8
OCULTA
100
AcDbLine
 10
234.70716457502235
 20
128.5085642337799
 30
0.0
 11
234.96877707974303
 21
128.5
 31
0.0
  0
LINE
  5
695
330
17
100
AcDbEntity
  8
OCULTA
100
AcDbLine
 10
234.96877707974303
 20
128.5
 30
0.0
 11
235.23038958446372
 21
128.5085642337799
 31
0.0
  0
LINE
  5
696
330
17
100
AcDbEntity
  8
OCULTA
100
AcDbLine
 10
235.23038958446372
 20
128.5085642337799
 30
0.0
 11
235.49088181988586
 21
128.53422045707703
 31
0.0
  0
LINE
  5
697
330
17
100
AcDbEntity
  8
OCULTA
100
AcDbLine
 10
235.49088181988586
 20
128.53422045707703
 30
0.0
 11
235.74913837448943
 21
128.57685899734497
 31
0.0
  0
LINE
  5
698
330
17
100
AcDbEntity
  8
OCULTA
100
AcDbLine
 10
235.74913837448943
 20
128.57685899734497
 30
0.0
 11
236.00405325428832
 21
128.636296749115
 31
0.0
  0
LINE
  5
699
330
17
100
AcDbEntity
  8
OCULTA
100
AcDbLine
 10
236.00405325428832
 20
128.636296749115
 30
0.0
 11
236.2545349790274
 21
128.71227955818176
 31
0.0
  0
LINE
  5
69A
330
17
100
AcDbEntity
  8
OCULTA
100
AcDbLine
 10
236.2545349790274
 20
128.71227955818176
 30
0.0
 11
236.49951078431
 21
128.80448198318481
 31
0.0
  0
LINE
  5
69B
330
17
100
AcDbEntity
  8
OCULTA
100
AcDbLine
 10
236.49951078431
 20
128.80448198318481
 30
0.0
 11
236.73793186680663
 21
128.91250896453857
 31
0.0
  0
LINE
  5
69C
330
17
100
AcDbEntity
  8
OCULTA
100
AcDbLine
 10
236.73793186680663
 20
128.91250896453857
 30
0.0
 11
236.96877707974303
 21
129.03589844703674
 31
0.0
  0
LINE
  5
69D
330
17
100
AcDbEntity
  8
OCULTA
100
AcDbLine
 10
236.96877707974303
 20
129.03589844703674
 30
0.0
 11
237.19105805889953
 21
129.17412161827087
 31
0.0
  0
LINE
  5
69E
330
17
100
AcDbEntity
  8
OCULTA
100
AcDbLine
 10
237.19105805889953
 20
129.17412161827087
 30
0.0
 11
237.40382279888976
 21
129.32658672332764
 31
0.0
  0
LINE
  5
69F
330
17
100
AcDbEntity
  8
OCULTA
100
AcDbLine
 10
237.46877707974303
 20
109.5
 30
0.0
 11
237.46877707974303
 21
129.37989330291748
 31
0.0
  0
LINE
  5
6A0
330
17
100
AcDbEntity
  8
OCULTA
100
AcDbLine
 10
237.46877707974303
 20
129.37989330291748
 30
0.0
 11
237.46877707974303
 21
129.37989330291748
 31
0.0
  0
LINE
  5
6A1
330
17
100
AcDbEntity
  8
OCULTA
100
AcDbLine
 10
237.40382279888976
 20
129.32658672332764
 30
0.0
 11
237.46877707974303
 21
129.37989330291748
 31
0.0
  0
LINE
  5
6A2
330
17
100
AcDbEntity
  8
OCULTA
100
AcDbLine
 10
238.08888377682555
 20
130.0
 30
0.0
 11
238.08888377682555
 21
130.0
 31
0.0
  0
LINE
  5
6A3
330
17
100
AcDbEntity
  8
OCULTA
100
AcDbLine
 10
238.08888377682555
 20
130.0
 30
0.0
 11
238.1421903564154
 21
130.06495428085327
 31
0.0
  0
LINE
  5
6A4
330
17
100
AcDbEntity
  8
OCULTA
100
AcDbLine
 10
238.1421903564154
 20
130.06495428085327
 30
0.0
 11
238.29465546147216
 21
130.2777190208435
 31
0.0
  0
LINE
  5
6A5
330
17
100
AcDbEntity
  8
OCULTA
100
AcDbLine
 10
238.29465546147216
 20
130.2777190208435
 30
0.0
 11
238.4328786327063
 21
130.5
 31
0.0
  0
LINE
  5
6A6
330
17
100
AcDbEntity
  8
OCULTA
100
AcDbLine
 10
238.4328786327063
 20
130.5
 30
0.0
 11
238.55626811520446
 21
130.7308452129364
 31
0.0
  0
LINE
  5
6A7
330
17
100
AcDbEntity
  8
OCULTA
100
AcDbLine
 10
238.55626811520446
 20
130.7308452129364
 30
0.0
 11
238.66429509655822
 21
130.96926629543304
 31
0.0
  0
LINE
  5
6A8
330
17
100
AcDbEntity
  8
OCULTA
100
AcDbLine
 10
238.66429509655822
 20
130.96926629543304
 30
0.0
 11
238.75649752156127
 21
131.21424210071564
 31
0.0
  0
LINE
  5
6A9
330
17
100
AcDbEntity
  8
OCULTA
100
AcDbLine
 10
238.75649752156127
 20
131.21424210071564
 30
0.0
 11
238.83248033062804
 21
131.4647238254547
 31
0.0
  0
LINE
  5
6AA
330
17
100
AcDbEntity
  8
OCULTA
100
AcDbLine
 10
238.83248033062804
 20
131.4647238254547
 30
0.0
 11
238.89191808239806
 21
131.7196387052536
 31
0.0
  0
LINE
  5
6AB
330
17
100
AcDbEntity
  8
OCULTA
100
AcDbLine
 10
238.89191808239806
 20
131.7196387052536
 30
0.0
 11
238.934556622666
 21
131.97789525985718
 31
0.0
  0
LINE
  5
6AC
330
17
100
AcDbEntity
  8
OCULTA
100
AcDbLine
 10
238.934556622666
 20
131.97789525985718
 30
0.0
 11
238.96021284596313
 21
132.2383874952793
 31
0.0
  0
LINE
  5
6AD
330
17
100
AcDbEntity
  8
OCULTA
100
AcDbLine
 10
238.08888377682555
 20
130.0
 30
0.0
 11
257.96877707974306
 21
130.0
 31
0.0
  0
LINE
  5
6AE
330
17
100
AcDbEntity
  8
OCULTA
100
AcDbLine
 10
257.96877707974306
 20
130.0
 30
0.0
 11
257.96877707974306
 21
130.0
 31
0.0
  0
LINE
  5
6AF
330
17
100
AcDbEntity
  8
OCULTA
100
AcDbLine
 10
232.6593760444342
 20
128.5
 30
0.0
 11
237.27817811505187
 21
128.5
 31
0.0
  0
LINE
  5
6B0
330
17
100
AcDbEntity
  8
OCULTA
100
AcDbLine
 10
237.27817811505187
 20
128.5
 30
0.0
 11
237.27817811505187
 21
128.5
 31
0.0
  0
LINE
  5
6B1
330
17
100
AcDbEntity
  8
OCULTA
100
AcDbLine
 10
211.96877707974303
 20
130.0
 30
0.0
 11
211.96877707974303
 21
135.0
 31
0.0
  0
LINE
  5
6B2
330
17
100
AcDbEntity
  8
OCULTA
100
AcDbLine
 10
211.96877707974303
 20
135.0
 30
0.0
 11
211.96877707974303
 21
135.0
 31
0.0
  0
LINE
  5
6B3
330
17
100
AcDbEntity
  8
OCULTA
100
AcDbLine
 10
230.97734131352294
 20
132.2383874952793
 30
0.0
 11
230.96877707974303
 21
132.5
 31
0.0
  0
LINE
  5
6B4
330
17
100
AcDbEntity
  8
OCULTA
100
AcDbLine
 10
230.96877707974303
 20
132.5
 30
0.0
 11
230.97734131352294
 21
132.7616125047207
 31
0.0
  0
LINE
  5
6B5
330
17
100
AcDbEntity
  8
OCULTA
100
AcDbLine
 10
230.97734131352294
 20
132.7616125047207
 30
0.0
 11
231.00299753682006
 21
133.02210474014282
 31
0.0
  0
LINE
  5
6B6
330
17
100
AcDbEntity
  8
OCULTA
100
AcDbLine
 10
231.00299753682006
 20
133.02210474014282
 30
0.0
 11
231.045636077088
 21
133.2803612947464
 31
0.0
  0
LINE
  5
6B7
330
17
100
AcDbEntity
  8
OCULTA
100
AcDbLine
 10
231.045636077088
 20
133.2803612947464
 30
0.0
 11
231.10507382885802
 21
133.5352761745453
 31
0.0
  0
LINE
  5
6B8
330
17
100
AcDbEntity
  8
OCULTA
100
AcDbLine
 10
231.10507382885802
 20
133.5352761745453
 30
0.0
 11
231.1810566379248
 21
133.78575789928436
 31
0.0
  0
LINE
  5
6B9
330
17
100
AcDbEntity
  8
OCULTA
100
AcDbLine
 10
231.1810566379248
 20
133.78575789928436
 30
0.0
 11
231.27325906292785
 21
134.03073370456696
 31
0.0
  0
LINE
  5
6BA
330
17
100
AcDbEntity
  8
OCULTA
100
AcDbLine
 10
231.27325906292785
 20
134.03073370456696
 30
0.0
 11
231.3812860442816
 21
134.2691547870636
 31
0.0
  0
LINE
  5
6BB
330
17
100
AcDbEntity
  8
OCULTA
100
AcDbLine
 10
231.3812860442816
 20
134.2691547870636
 30
0.0
 11
231.50467552677978
 21
134.5
 31
0.0
  0
LINE
  5
6BC
330
17
100
AcDbEntity
  8
OCULTA
100
AcDbLine
 10
231.50467552677978
 20
134.5
 30
0.0
 11
231.6428986980139
 21
134.7222809791565
 31
0.0
  0
LINE
  5
6BD
330
17
100
AcDbEntity
  8
OCULTA
100
AcDbLine
 10
231.6428986980139
 20
134.7222809791565
 30
0.0
 11
231.79536380307067
 21
134.93504571914673
 31
0.0
  0
LINE
  5
6BE
330
17
100
AcDbEntity
  8
OCULTA
100
AcDbLine
 10
211.96877707974303
 20
135.0
 30
0.0
 11
231.84867038266052
 21
135.0
 31
0.0
  0
LINE
  5
6BF
330
17
100
AcDbEntity
  8
OCULTA
100
AcDbLine
 10
231.84867038266052
 20
135.0
 30
0.0
 11
231.84867038266052
 21
135.0
 31
0.0
  0
LINE
  5
6C0
330
17
100
AcDbEntity
  8
OCULTA
100
AcDbLine
 10
231.79536380307067
 20
134.93504571914673
 30
0.0
 11
231.84867038266052
 21
135.0
 31
0.0
  0
LINE
  5
6C1
330
17
100
AcDbEntity
  8
OCULTA
100
AcDbLine
 10
232.46877707974303
 20
135.62010669708252
 30
0.0
 11
232.46877707974303
 21
135.62010669708252
 31
0.0
  0
LINE
  5
6C2
330
17
100
AcDbEntity
  8
OCULTA
100
AcDbLine
 10
232.46877707974303
 20
135.62010669708252
 30
0.0
 11
232.5337313605963
 21
135.67341327667236
 31
0.0
  0
LINE
  5
6C3
330
17
100
AcDbEntity
  8
OCULTA
100
AcDbLine
 10
232.5337313605963
 20
135.67341327667236
 30
0.0
 11
232.74649610058654
 21
135.82587838172913
 31
0.0
  0
LINE
  5
6C4
330
17
100
AcDbEntity
  8
OCULTA
100
AcDbLine
 10
232.74649610058654
 20
135.82587838172913
 30
0.0
 11
232.96877707974303
 21
135.96410155296326
 31
0.0
  0
LINE
  5
6C5
330
17
100
AcDbEntity
  8
OCULTA
100
AcDbLine
 10
232.96877707974303
 20
135.96410155296326
 30
0.0
 11
233.19962229267944
 21
136.08749103546143
 31
0.0
  0
LINE
  5
6C6
330
17
100
AcDbEntity
  8
OCULTA
100
AcDbLine
 10
233.19962229267944
 20
136.08749103546143
 30
0.0
 11
233.43804337517608
 21
136.19551801681519
 31
0.0
  0
LINE
  5
6C7
330
17
100
AcDbEntity
  8
OCULTA
100
AcDbLine
 10
233.43804337517608
 20
136.19551801681519
 30
0.0
 11
233.68301918045867
 21
136.28772044181824
 31
0.0
  0
LINE
  5
6C8
330
17
100
AcDbEntity
  8
OCULTA
100
AcDbLine
 10
233.68301918045867
 20
136.28772044181824
 30
0.0
 11
233.93350090519775
 21
136.363703250885
 31
0.0
  0
LINE
  5
6C9
330
17
100
AcDbEntity
  8
OCULTA
100
AcDbLine
 10
233.93350090519775
 20
136.363703250885
 30
0.0
 11
234.18841578499664
 21
136.42314100265503
 31
0.0
  0
LINE
  5
6CA
330
17
100
AcDbEntity
  8
OCULTA
100
AcDbLine
 10
234.18841578499664
 20
136.42314100265503
 30
0.0
 11
234.4466723396002
 21
136.46577954292297
 31
0.0
  0
LINE
  5
6CB
330
17
100
AcDbEntity
  8
OCULTA
100
AcDbLine
 10
234.4466723396002
 20
136.46577954292297
 30
0.0
 11
234.70716457502235
 21
136.4914357662201
 31
0.0
  0
LINE
  5
6CC
330
17
100
AcDbEntity
  8
OCULTA
100
AcDbLine
 10
232.46877707974303
 20
135.62010669708252
 30
0.0
 11
232.46877707974303
 21
155.5
 31
0.0
  0
LINE
  5
6CD
330
17
100
AcDbEntity
  8
OCULTA
100
AcDbLine
 10
232.46877707974303
 20
155.5
 30
0.0
 11
232.46877707974303
 21
155.5
 31
0.0
  0
LINE
  5
6CE
330
17
100
AcDbEntity
  8
OCULTA
100
AcDbLine
 10
232.6593760444342
 20
128.5
 30
0.0
 11
230.34997500912536
 21
132.5
 31
0.0
  0
LINE
  5
6CF
330
17
100
AcDbEntity
  8
OCULTA
100
AcDbLine
 10
230.34997500912536
 20
132.5
 30
0.0
 11
230.34997500912536
 21
132.5
 31
0.0
  0
LINE
  5
6D0
330
17
100
AcDbEntity
  8
OCULTA
100
AcDbLine
 10
232.6593760444342
 20
136.5
 30
0.0
 11
232.6593760444342
 21
136.5
 31
0.0
  0
LINE
  5
6D1
330
17
100
AcDbEntity
  8
OCULTA
100
AcDbLine
 10
230.34997500912536
 20
132.5
 30
0.0
 11
232.6593760444342
 21
136.5
 31
0.0
  0
LINE
  5
6D2
330
17
100
AcDbEntity
  8
OCULTA
100
AcDbLine
 10
238.96021284596313
 20
132.2383874952793
 30
0.0
 11
238.96877707974303
 21
132.5
 31
0.0
  0
LINE
  5
6D3
330
17
100
AcDbEntity
  8
OCULTA
100
AcDbLine
 10
238.96877707974303
 20
132.5
 30
0.0
 11
238.96021284596313
 21
132.7616125047207
 31
0.0
  0
LINE
  5
6D4
330
17
100
AcDbEntity
  8
OCULTA
100
AcDbLine
 10
238.96021284596313
 20
132.7616125047207
 30
0.0
 11
238.934556622666
 21
133.02210474014282
 31
0.0
  0
LINE
  5
6D5
330
17
100
AcDbEntity
  8
OCULTA
100
AcDbLine
 10
238.934556622666
 20
133.02210474014282
 30
0.0
 11
238.89191808239806
 21
133.2803612947464
 31
0.0
  0
LINE
  5
6D6
330
17
100
AcDbEntity
  8
OCULTA
100
AcDbLine
 10
238.89191808239806
 20
133.2803612947464
 30
0.0
 11
238.83248033062804
 21
133.5352761745453
 31
0.0
  0
LINE
  5
6D7
330
17
100
AcDbEntity
  8
OCULTA
100
AcDbLine
 10
238.83248033062804
 20
133.5352761745453
 30
0.0
 11
238.75649752156127
 21
133.78575789928436
 31
0.0
  0
LINE
  5
6D8
330
17
100
AcDbEntity
  8
OCULTA
100
AcDbLine
 10
238.55626811520446
 20
134.2691547870636
 30
0.0
 11
238.4328786327063
 21
134.5
 31
0.0
  0
LINE
  5
6D9
330
17
100
AcDbEntity
  8
OCULTA
100
AcDbLine
 10
238.75649752156127
 20
133.78575789928436
 30
0.0
 11
238.66429509655822
 21
134.03073370456696
 31
0.0
  0
LINE
  5
6DA
330
17
100
AcDbEntity
  8
OCULTA
100
AcDbLine
 10
238.55626811520446
 20
134.2691547870636
 30
0.0
 11
238.66429509655822
 21
134.03073370456696
 31
0.0
  0
LINE
  5
6DB
330
17
100
AcDbEntity
  8
OCULTA
100
AcDbLine
 10
238.08888377682555
 20
135.0
 30
0.0
 11
238.08888377682555
 21
135.0
 31
0.0
  0
LINE
  5
6DC
330
17
100
AcDbEntity
  8
OCULTA
100
AcDbLine
 10
238.08888377682555
 20
135.0
 30
0.0
 11
238.1421903564154
 21
134.93504571914673
 31
0.0
  0
LINE
  5
6DD
330
17
100
AcDbEntity
  8
OCULTA
100
AcDbLine
 10
238.4328786327063
 20
134.5
 30
0.0
 11
238.29465546147216
 21
134.7222809791565
 31
0.0
  0
LINE
  5
6DE
330
17
100
AcDbEntity
  8
OCULTA
100
AcDbLine
 10
238.1421903564154
 20
134.93504571914673
 30
0.0
 11
238.29465546147216
 21
134.7222809791565
 31
0.0
  0
LINE
  5
6DF
330
17
100
AcDbEntity
  8
OCULTA
100
AcDbLine
 10
234.70716457502235
 20
136.4914357662201
 30
0.0
 11
234.96877707974303
 21
136.5
 31
0.0
  0
LINE
  5
6E0
330
17
100
AcDbEntity
  8
OCULTA
100
AcDbLine
 10
234.96877707974303
 20
136.5
 30
0.0
 11
235.23038958446372
 21
136.4914357662201
 31
0.0
  0
LINE
  5
6E1
330
17
100
AcDbEntity
  8
OCULTA
100
AcDbLine
 10
235.23038958446372
 20
136.4914357662201
 30
0.0
 11
235.49088181988586
 21
136.46577954292297
 31
0.0
  0
LINE
  5
6E2
330
17
100
AcDbEntity
  8
OCULTA
100
AcDbLine
 10
235.49088181988586
 20
136.46577954292297
 30
0.0
 11
235.74913837448943
 21
136.42314100265503
 31
0.0
  0
LINE
  5
6E3
330
17
100
AcDbEntity
  8
OCULTA
100
AcDbLine
 10
235.74913837448943
 20
136.42314100265503
 30
0.0
 11
236.00405325428832
 21
136.363703250885
 31
0.0
  0
LINE
  5
6E4
330
17
100
AcDbEntity
  8
OCULTA
100
AcDbLine
 10
236.00405325428832
 20
136.363703250885
 30
0.0
 11
236.2545349790274
 21
136.28772044181824
 31
0.0
  0
LINE
  5
6E5
330
17
100
AcDbEntity
  8
OCULTA
100
AcDbLine
 10
236.73793186680663
 20
136.08749103546143
 30
0.0
 11
236.96877707974303
 21
135.96410155296326
 31
0.0
  0
LINE
  5
6E6
330
17
100
AcDbEntity
  8
OCULTA
100
AcDbLine
 10
237.46877707974303
 20
135.62010669708252
 30
0.0
 11
237.46877707974303
 21
135.62010669708252
 31
0.0
  0
LINE
  5
6E7
330
17
100
AcDbEntity
  8
OCULTA
100
AcDbLine
 10
237.46877707974303
 20
135.62010669708252
 30
0.0
 11
237.40382279888976
 21
135.67341327667236
 31
0.0
  0
LINE
  5
6E8
330
17
100
AcDbEntity
  8
OCULTA
100
AcDbLine
 10
236.96877707974303
 20
135.96410155296326
 30
0.0
 11
237.19105805889953
 21
135.82587838172913
 31
0.0
  0
LINE
  5
6E9
330
17
100
AcDbEntity
  8
OCULTA
100
AcDbLine
 10
237.40382279888976
 20
135.67341327667236
 30
0.0
 11
237.19105805889953
 21
135.82587838172913
 31
0.0
  0
LINE
  5
6EA
330
17
100
AcDbEntity
  8
OCULTA
100
AcDbLine
 10
236.2545349790274
 20
136.28772044181824
 30
0.0
 11
236.49951078431
 21
136.19551801681519
 31
0.0
  0
LINE
  5
6EB
330
17
100
AcDbEntity
  8
OCULTA
100
AcDbLine
 10
236.73793186680663
 20
136.08749103546143
 30
0.0
 11
236.49951078431
 21
136.19551801681519
 31
0.0
  0
LINE
  5
6EC
330
17
100
AcDbEntity
  8
OCULTA
100
AcDbLine
 10
257.96877707974306
 20
130.0
 30
0.0
 11
257.96877707974306
 21
135.0
 31
0.0
  0
LINE
  5
6ED
330
17
100
AcDbEntity
  8
OCULTA
100
AcDbLine
 10
238.08888377682555
 20
135.0
 30
0.0
 11
257.96877707974306
 21
135.0
 31
0.0
  0
LINE
  5
6EE
330
17
100
AcDbEntity
  8
OCULTA
100
AcDbLine
 10
257.96877707974306
 20
135.0
 30
0.0
 11
257.96877707974306
 21
135.0
 31
0.0
  0
LINE
  5
6EF
330
17
100
AcDbEntity
  8
OCULTA
100
AcDbLine
 10
232.46877707974303
 20
155.5
 30
0.0
 11
237.46877707974303
 21
155.5
 31
0.0
  0
LINE
  5
6F0
330
17
100
AcDbEntity
  8
OCULTA
100
AcDbLine
 10
237.46877707974303
 20
135.62010669708252
 30
0.0
 11
237.46877707974303
 21
155.5
 31
0.0
  0
LINE
  5
6F1
330
17
100
AcDbEntity
  8
OCULTA
100
AcDbLine
 10
237.46877707974303
 20
155.5
 30
0.0
 11
237.46877707974303
 21
155.5
 31
0.0
  0
LINE
  5
6F2
330
17
100
AcDbEntity
  8
OCULTA
100
AcDbLine
 10
237.27817811505187
 20
128.5
 30
0.0
 11
239.5875791503607
 21
132.5
 31
0.0
  0
LINE
  5
6F3
330
17
100
AcDbEntity
  8
OCULTA
100
AcDbLine
 10
239.5875791503607
 20
132.5
 30
0.0
 11
239.5875791503607
 21
132.5
 31
0.0
  0
LINE
  5
6F4
330
17
100
AcDbEntity
  8
OCULTA
100
AcDbLine
 10
232.6593760444342
 20
136.5
 30
0.0
 11
237.27817811505187
 21
136.5
 31
0.0
  0
LINE
  5
6F5
330
17
100
AcDbEntity
  8
OCULTA
100
AcDbLine
 10
237.27817811505187
 20
136.5
 30
0.0
 11
237.27817811505187
 21
136.5
 31
0.0
  0
LINE
  5
6F6
330
17
100
AcDbEntity
  8
OCULTA
100
AcDbLine
 10
239.5875791503607
 20
132.5
 30
0.0
 11
237.27817811505187
 21
136.5
 31
0.0
  0
TEXT
  5
6F7
330
17
100
AcDbEntity
  8
TEXTO
100
AcDbText
 10
234.96877707974303
 20
159.5
 30
0.0
 40
3.5
  1
PLANTA
 72
1
 11
234.96877707974303
 21
159.5
 31
0.0
100
AcDbText
 73
2
  0
DIMENSION
  5
6F8
330
17
100
AcDbEntity
  8
COTAS
100
AcDbDimension
280
0
  2
*D3
  3
F3D_1000
 10
266.96877707974306
 20
109.5
 30
0.0
 11
264.3187770797431
 21
132.5
 31
0.0
 70
32
 71
5
  1
<>
100
AcDbAlignedDimension
 13
257.96877707974306
 23
109.5
 33
0.0
 14
257.96877707974306
 24
155.5
 34
0.0
 50
90.0
100
AcDbRotatedDimension
  0
LINE
  5
707
330
17
100
AcDbEntity
  8
VISIBLE
100
AcDbLine
 10
310.2946554614722
 20
357.5
 30
0.0
 11
310.1421903564154
 21
357.5
 31
0.0
  0
LINE
  5
708
330
17
100
AcDbEntity
  8
VISIBLE
100
AcDbLine
 10
309.9761363460242
 20
357.5
 30
0.0
 11
310.1421903564154
 21
357.5
 31
0.0
  0
LINE
  5
709
330
17
100
AcDbEntity
  8
VISIBLE
100
AcDbLine
 10
310.2946554614722
 20
357.5
 30
0.0
 11
310.4328786327063
 21
357.5
 31
0.0
  0
LINE
  5
70A
330
17
100
AcDbEntity
  8
VISIBLE
100
AcDbLine
 10
310.66429509655825
 20
357.5
 30
0.0
 11
310.5562681152045
 21
357.5
 31
0.0
  0
LINE
  5
70B
330
17
100
AcDbEntity
  8
VISIBLE
100
AcDbLine
 10
310.4328786327063
 20
357.5
 30
0.0
 11
310.5562681152045
 21
357.5
 31
0.0
  0
LINE
  5
70C
330
17
100
AcDbEntity
  8
VISIBLE
100
AcDbLine
 10
310.66429509655825
 20
357.5
 30
0.0
 11
310.7564975215613
 21
357.5
 31
0.0
  0
LINE
  5
70D
330
17
100
AcDbEntity
  8
VISIBLE
100
AcDbLine
 10
310.7564975215613
 20
357.5
 30
0.0
 11
310.8324803306281
 21
357.5
 31
0.0
  0
LINE
  5
70E
330
17
100
AcDbEntity
  8
VISIBLE
100
AcDbLine
 10
310.8324803306281
 20
357.5
 30
0.0
 11
310.8919180823981
 21
357.5
 31
0.0
  0
LINE
  5
70F
330
17
100
AcDbEntity
  8
VISIBLE
100
AcDbLine
 10
310.8919180823981
 20
357.5
 30
0.0
 11
310.93455662266604
 21
357.5
 31
0.0
  0
LINE
  5
710
330
17
100
AcDbEntity
  8
VISIBLE
100
AcDbLine
 10
310.93455662266604
 20
357.5
 30
0.0
 11
310.96021284596316
 21
357.5
 31
0.0
  0
LINE
  5
711
330
17
100
AcDbEntity
  8
VISIBLE
100
AcDbLine
 10
310.96021284596316
 20
357.5
 30
0.0
 11
310.96877707974306
 21
357.5
 31
0.0
  0
LINE
  5
712
330
17
100
AcDbEntity
  8
VISIBLE
100
AcDbLine
 10
309.606160302323
 20
357.5
 30
0.0
 11
309.4038227988898
 21
357.5
 31
0.0
  0
LINE
  5
713
330
17
100
AcDbEntity
  8
VISIBLE
100
AcDbLine
 10
309.19105805889956
 20
357.5
 30
0.0
 11
309.4038227988898
 21
357.5
 31
0.0
  0
LINE
  5
714
330
17
100
AcDbEntity
  8
VISIBLE
100
AcDbLine
 10
309.19105805889956
 20
357.5
 30
0.0
 11
308.96877707974306
 21
357.5
 31
0.0
  0
LINE
  5
715
330
17
100
AcDbEntity
  8
VISIBLE
100
AcDbLine
 10
308.49951078431
 20
357.5
 30
0.0
 11
308.73793186680666
 21
357.5
 31
0.0
  0
LINE
  5
716
330
17
100
AcDbEntity
  8
VISIBLE
100
AcDbLine
 10
308.96877707974306
 20
357.5
 30
0.0
 11
308.73793186680666
 21
357.5
 31
0.0
  0
LINE
  5
717
330
17
100
AcDbEntity
  8
VISIBLE
100
AcDbLine
 10
308.49951078431
 20
357.5
 30
0.0
 11
308.2545349790274
 21
357.5
 31
0.0
  0
LINE
  5
718
330
17
100
AcDbEntity
  8
VISIBLE
100
AcDbLine
 10
308.2545349790274
 20
357.5
 30
0.0
 11
308.00405325428835
 21
357.5
 31
0.0
  0
LINE
  5
719
330
17
100
AcDbEntity
  8
VISIBLE
100
AcDbLine
 10
308.00405325428835
 20
357.5
 30
0.0
 11
307.74913837448946
 21
357.5
 31
0.0
  0
LINE
  5
71A
330
17
100
AcDbEntity
  8
VISIBLE
100
AcDbLine
 10
307.74913837448946
 20
357.5
 30
0.0
 11
307.4908818198859
 21
357.5
 31
0.0
  0
LINE
  5
71B
330
17
100
AcDbEntity
  8
VISIBLE
100
AcDbLine
 10
307.4908818198859
 20
357.5
 30
0.0
 11
307.23038958446375
 21
357.5
 31
0.0
  0
LINE
  5
71C
330
17
100
AcDbEntity
  8
VISIBLE
100
AcDbLine
 10
309.9761363460242
 20
357.5
 30
0.0
 11
309.7972041560828
 21
357.5
 31
0.0
  0
LINE
  5
71D
330
17
100
AcDbEntity
  8
VISIBLE
100
AcDbLine
 10
309.606160302323
 20
357.5
 30
0.0
 11
309.7972041560828
 21
357.5
 31
0.0
  0
LINE
  5
71E
330
17
100
AcDbEntity
  8
VISIBLE
100
AcDbLine
 10
329.96877707974306
 20
307.0
 30
0.0
 11
329.96877707974306
 21
300.0
 31
0.0
  0
LINE
  5
71F
330
17
100
AcDbEntity
  8
VISIBLE
100
AcDbLine
 10
309.46877707974306
 20
307.0
 30
0.0
 11
309.46877707974306
 21
300.0
 31
0.0
  0
LINE
  5
720
330
17
100
AcDbEntity
  8
VISIBLE
100
AcDbLine
 10
310.2946554614722
 20
307.0
 30
0.0
 11
310.1421903564154
 21
307.0
 31
0.0
  0
LINE
  5
721
330
17
100
AcDbEntity
  8
VISIBLE
100
AcDbLine
 10
329.96877707974306
 20
307.0
 30
0.0
 11
310.0888837768256
 21
307.0
 31
0.0
  0
LINE
  5
722
330
17
100
AcDbEntity
  8
VISIBLE
100
AcDbLine
 10
310.1421903564154
 20
307.0
 30
0.0
 11
310.0888837768256
 21
307.0
 31
0.0
  0
LINE
  5
723
330
17
100
AcDbEntity
  8
VISIBLE
100
AcDbLine
 10
310.2946554614722
 20
307.0
 30
0.0
 11
310.4328786327063
 21
307.0
 31
0.0
  0
LINE
  5
724
330
17
100
AcDbEntity
  8
VISIBLE
100
AcDbLine
 10
310.66429509655825
 20
307.0
 30
0.0
 11
310.5562681152045
 21
307.0
 31
0.0
  0
LINE
  5
725
330
17
100
AcDbEntity
  8
VISIBLE
100
AcDbLine
 10
310.4328786327063
 20
307.0
 30
0.0
 11
310.5562681152045
 21
307.0
 31
0.0
  0
LINE
  5
726
330
17
100
AcDbEntity
  8
VISIBLE
100
AcDbLine
 10
310.66429509655825
 20
307.0
 30
0.0
 11
310.7564975215613
 21
307.0
 31
0.0
  0
LINE
  5
727
330
17
100
AcDbEntity
  8
VISIBLE
100
AcDbLine
 10
310.7564975215613
 20
307.0
 30
0.0
 11
310.8324803306281
 21
307.0
 31
0.0
  0
LINE
  5
728
330
17
100
AcDbEntity
  8
VISIBLE
100
AcDbLine
 10
310.8324803306281
 20
307.0
 30
0.0
 11
310.8919180823981
 21
307.0
 31
0.0
  0
LINE
  5
729
330
17
100
AcDbEntity
  8
VISIBLE
100
AcDbLine
 10
310.8919180823981
 20
307.0
 30
0.0
 11
310.93455662266604
 21
307.0
 31
0.0
  0
LINE
  5
72A
330
17
100
AcDbEntity
  8
VISIBLE
100
AcDbLine
 10
310.93455662266604
 20
307.0
 30
0.0
 11
310.96021284596316
 21
307.0
 31
0.0
  0
LINE
  5
72B
330
17
100
AcDbEntity
  8
VISIBLE
100
AcDbLine
 10
309.19105805889956
 20
307.0
 30
0.0
 11
309.4038227988898
 21
307.0
 31
0.0
  0
LINE
  5
72C
330
17
100
AcDbEntity
  8
VISIBLE
100
AcDbLine
 10
309.4038227988898
 20
307.0
 30
0.0
 11
309.46877707974306
 21
307.0
 31
0.0
  0
LINE
  5
72D
330
17
100
AcDbEntity
  8
VISIBLE
100
AcDbLine
 10
309.19105805889956
 20
307.0
 30
0.0
 11
308.96877707974306
 21
307.0
 31
0.0
  0
LINE
  5
72E
330
17
100
AcDbEntity
  8
VISIBLE
100
AcDbLine
 10
308.49951078431
 20
307.0
 30
0.0
 11
308.73793186680666
 21
307.0
 31
0.0
  0
LINE
  5
72F
330
17
100
AcDbEntity
  8
VISIBLE
100
AcDbLine
 10
308.96877707974306
 20
307.0
 30
0.0
 11
308.73793186680666
 21
307.0
 31
0.0
  0
LINE
  5
730
330
17
100
AcDbEntity
  8
VISIBLE
100
AcDbLine
 10
308.49951078431
 20
307.0
 30
0.0
 11
308.2545349790274
 21
307.0
 31
0.0
  0
LINE
  5
731
330
17
100
AcDbEntity
  8
VISIBLE
100
AcDbLine
 10
308.2545349790274
 20
307.0
 30
0.0
 11
308.00405325428835
 21
307.0
 31
0.0
  0
LINE
  5
732
330
17
100
AcDbEntity
  8
VISIBLE
100
AcDbLine
 10
308.00405325428835
 20
307.0
 30
0.0
 11
307.74913837448946
 21
307.0
 31
0.0
  0
LINE
  5
733
330
17
100
AcDbEntity
  8
VISIBLE
100
AcDbLine
 10
307.74913837448946
 20
307.0
 30
0.0
 11
307.4908818198859
 21
307.0
 31
0.0
  0
LINE
  5
734
330
17
100
AcDbEntity
  8
VISIBLE
100
AcDbLine
 10
307.4908818198859
 20
307.0
 30
0.0
 11
307.23038958446375
 21
307.0
 31
0.0
  0
LINE
  5
735
330
17
100
AcDbEntity
  8
VISIBLE
100
AcDbLine
 10
310.2946554614722
 20
300.0
 30
0.0
 11
310.1421903564154
 21
300.0
 31
0.0
  0
LINE
  5
736
330
17
100
AcDbEntity
  8
VISIBLE
100
AcDbLine
 10
329.96877707974306
 20
300.0
 30
0.0
 11
310.0888837768256
 21
300.0
 31
0.0
  0
LINE
  5
737
330
17
100
AcDbEntity
  8
VISIBLE
100
AcDbLine
 10
310.0888837768256
 20
307.0
 30
0.0
 11
310.0888837768256
 21
300.0
 31
0.0
  0
LINE
  5
738
330
17
100
AcDbEntity
  8
VISIBLE
100
AcDbLine
 10
310.1421903564154
 20
300.0
 30
0.0
 11
310.0888837768256
 21
300.0
 31
0.0
  0
LINE
  5
739
330
17
100
AcDbEntity
  8
VISIBLE
100
AcDbLine
 10
310.2946554614722
 20
300.0
 30
0.0
 11
310.4328786327063
 21
300.0
 31
0.0
  0
LINE
  5
73A
330
17
100
AcDbEntity
  8
VISIBLE
100
AcDbLine
 10
310.66429509655825
 20
300.0
 30
0.0
 11
310.5562681152045
 21
300.0
 31
0.0
  0
LINE
  5
73B
330
17
100
AcDbEntity
  8
VISIBLE
100
AcDbLine
 10
310.4328786327063
 20
300.0
 30
0.0
 11
310.5562681152045
 21
300.0
 31
0.0
  0
LINE
  5
73C
330
17
100
AcDbEntity
  8
VISIBLE
100
AcDbLine
 10
310.66429509655825
 20
300.0
 30
0.0
 11
310.7564975215613
 21
300.0
 31
0.0
  0
LINE
  5
73D
330
17
100
AcDbEntity
  8
VISIBLE
100
AcDbLine
 10
310.7564975215613
 20
300.0
 30
0.0
 11
310.8324803306281
 21
300.0
 31
0.0
  0
LINE
  5
73E
330
17
100
AcDbEntity
  8
VISIBLE
100
AcDbLine
 10
310.8324803306281
 20
300.0
 30
0.0
 11
310.8919180823981
 21
300.0
 31
0.0
  0
LINE
  5
73F
330
17
100
AcDbEntity
  8
VISIBLE
100
AcDbLine
 10
310.8919180823981
 20
300.0
 30
0.0
 11
310.93455662266604
 21
300.0
 31
0.0
  0
LINE
  5
740
330
17
100
AcDbEntity
  8
VISIBLE
100
AcDbLine
 10
310.93455662266604
 20
300.0
 30
0.0
 11
310.96021284596316
 21
300.0
 31
0.0
  0
LINE
  5
741
330
17
100
AcDbEntity
  8
VISIBLE
100
AcDbLine
 10
309.19105805889956
 20
300.0
 30
0.0
 11
309.4038227988898
 21
300.0
 31
0.0
  0
LINE
  5
742
330
17
100
AcDbEntity
  8
VISIBLE
100
AcDbLine
 10
309.46877707974306
 20
307.0
 30
0.0
 11
309.46877707974306
 21
300.0
 31
0.0
  0
LINE
  5
743
330
17
100
AcDbEntity
  8
VISIBLE
100
AcDbLine
 10
309.4038227988898
 20
300.0
 30
0.0
 11
309.46877707974306
 21
300.0
 31
0.0
  0
LINE
  5
744
330
17
100
AcDbEntity
  8
VISIBLE
100
AcDbLine
 10
309.19105805889956
 20
300.0
 30
0.0
 11
308.96877707974306
 21
300.0
 31
0.0
  0
LINE
  5
745
330
17
100
AcDbEntity
  8
VISIBLE
100
AcDbLine
 10
308.49951078431
 20
300.0
 30
0.0
 11
308.73793186680666
 21
300.0
 31
0.0
  0
LINE
  5
746
330
17
100
AcDbEntity
  8
VISIBLE
100
AcDbLine
 10
308.96877707974306
 20
300.0
 30
0.0
 11
308.73793186680666
 21
300.0
 31
0.0
  0
LINE
  5
747
330
17
100
AcDbEntity
  8
VISIBLE
100
AcDbLine
 10
308.49951078431
 20
300.0
 30
0.0
 11
308.2545349790274
 21
300.0
 31
0.0
  0
LINE
  5
748
330
17
100
AcDbEntity
  8
VISIBLE
100
AcDbLine
 10
308.2545349790274
 20
300.0
 30
0.0
 11
308.00405325428835
 21
300.0
 31
0.0
  0
LINE
  5
749
330
17
100
AcDbEntity
  8
VISIBLE
100
AcDbLine
 10
308.00405325428835
 20
300.0
 30
0.0
 11
307.74913837448946
 21
300.0
 31
0.0
  0
LINE
  5
74A
330
17
100
AcDbEntity
  8
VISIBLE
100
AcDbLine
 10
307.74913837448946
 20
300.0
 30
0.0
 11
307.4908818198859
 21
300.0
 31
0.0
  0
LINE
  5
74B
330
17
100
AcDbEntity
  8
VISIBLE
100
AcDbLine
 10
307.4908818198859
 20
300.0
 30
0.0
 11
307.23038958446375
 21
300.0
 31
0.0
  0
LINE
  5
74C
330
17
100
AcDbEntity
  8
VISIBLE
100
AcDbLine
 10
310.96021284596316
 20
307.0
 30
0.0
 11
310.96877707974306
 21
307.0
 31
0.0
  0
LINE
  5
74D
330
17
100
AcDbEntity
  8
VISIBLE
100
AcDbLine
 10
310.96021284596316
 20
300.0
 30
0.0
 11
310.96877707974306
 21
300.0
 31
0.0
  0
LINE
  5
74E
330
17
100
AcDbEntity
  8
VISIBLE
100
AcDbLine
 10
307.23038958446375
 20
357.5
 30
0.0
 11
306.96877707974306
 21
357.5
 31
0.0
  0
LINE
  5
74F
330
17
100
AcDbEntity
  8
VISIBLE
100
AcDbLine
 10
306.96877707974306
 20
357.5
 30
0.0
 11
306.7071645750224
 21
357.5
 31
0.0
  0
LINE
  5
750
330
17
100
AcDbEntity
  8
VISIBLE
100
AcDbLine
 10
306.7071645750224
 20
357.5
 30
0.0
 11
306.44667233960024
 21
357.5
 31
0.0
  0
LINE
  5
751
330
17
100
AcDbEntity
  8
VISIBLE
100
AcDbLine
 10
306.44667233960024
 20
357.5
 30
0.0
 11
306.18841578499666
 21
357.5
 31
0.0
  0
LINE
  5
752
330
17
100
AcDbEntity
  8
VISIBLE
100
AcDbLine
 10
306.18841578499666
 20
357.5
 30
0.0
 11
305.9335009051978
 21
357.5
 31
0.0
  0
LINE
  5
753
330
17
100
AcDbEntity
  8
VISIBLE
100
AcDbLine
 10
305.9335009051978
 20
357.5
 30
0.0
 11
305.6830191804587
 21
357.5
 31
0.0
  0
LINE
  5
754
330
17
100
AcDbEntity
  8
VISIBLE
100
AcDbLine
 10
305.6830191804587
 20
357.5
 30
0.0
 11
305.4380433751761
 21
357.5
 31
0.0
  0
LINE
  5
755
330
17
100
AcDbEntity
  8
VISIBLE
100
AcDbLine
 10
305.4380433751761
 20
357.5
 30
0.0
 11
305.19962229267946
 21
357.5
 31
0.0
  0
LINE
  5
756
330
17
100
AcDbEntity
  8
VISIBLE
100
AcDbLine
 10
305.19962229267946
 20
357.5
 30
0.0
 11
304.96877707974306
 21
357.5
 31
0.0
  0
LINE
  5
757
330
17
100
AcDbEntity
  8
VISIBLE
100
AcDbLine
 10
304.96877707974306
 20
357.5
 30
0.0
 11
304.74649610058657
 21
357.5
 31
0.0
  0
LINE
  5
758
330
17
100
AcDbEntity
  8
VISIBLE
100
AcDbLine
 10
304.74649610058657
 20
357.5
 30
0.0
 11
304.53373136059633
 21
357.5
 31
0.0
  0
LINE
  5
759
330
17
100
AcDbEntity
  8
VISIBLE
100
AcDbLine
 10
304.53373136059633
 20
357.5
 30
0.0
 11
304.3313938571631
 21
357.5
 31
0.0
  0
LINE
  5
75A
330
17
100
AcDbEntity
  8
VISIBLE
100
AcDbLine
 10
304.3313938571631
 20
357.5
 30
0.0
 11
304.14035000340334
 21
357.5
 31
0.0
  0
LINE
  5
75B
330
17
100
AcDbEntity
  8
VISIBLE
100
AcDbLine
 10
304.14035000340334
 20
357.5
 30
0.0
 11
303.96141781346194
 21
357.5
 31
0.0
  0
LINE
  5
75C
330
17
100
AcDbEntity
  8
VISIBLE
100
AcDbLine
 10
303.96141781346194
 20
357.5
 30
0.0
 11
303.7953638030707
 21
357.5
 31
0.0
  0
LINE
  5
75D
330
17
100
AcDbEntity
  8
VISIBLE
100
AcDbLine
 10
303.7953638030707
 20
357.5
 30
0.0
 11
303.64289869801394
 21
357.5
 31
0.0
  0
LINE
  5
75E
330
17
100
AcDbEntity
  8
VISIBLE
100
AcDbLine
 10
303.64289869801394
 20
357.5
 30
0.0
 11
303.5046755267798
 21
357.5
 31
0.0
  0
LINE
  5
75F
330
17
100
AcDbEntity
  8
VISIBLE
100
AcDbLine
 10
303.5046755267798
 20
357.5
 30
0.0
 11
303.38128604428164
 21
357.5
 31
0.0
  0
LINE
  5
760
330
17
100
AcDbEntity
  8
VISIBLE
100
AcDbLine
 10
303.38128604428164
 20
357.5
 30
0.0
 11
303.2732590629279
 21
357.5
 31
0.0
  0
LINE
  5
761
330
17
100
AcDbEntity
  8
VISIBLE
100
AcDbLine
 10
303.2732590629279
 20
357.5
 30
0.0
 11
303.1810566379248
 21
357.5
 31
0.0
  0
LINE
  5
762
330
17
100
AcDbEntity
  8
VISIBLE
100
AcDbLine
 10
303.1810566379248
 20
357.5
 30
0.0
 11
303.10507382885805
 21
357.5
 31
0.0
  0
LINE
  5
763
330
17
100
AcDbEntity
  8
VISIBLE
100
AcDbLine
 10
303.10507382885805
 20
357.5
 30
0.0
 11
303.04563607708803
 21
357.5
 31
0.0
  0
LINE
  5
764
330
17
100
AcDbEntity
  8
VISIBLE
100
AcDbLine
 10
303.04563607708803
 20
357.5
 30
0.0
 11
303.0029975368201
 21
357.5
 31
0.0
  0
LINE
  5
765
330
17
100
AcDbEntity
  8
VISIBLE
100
AcDbLine
 10
303.0029975368201
 20
357.5
 30
0.0
 11
302.97734131352297
 21
357.5
 31
0.0
  0
LINE
  5
766
330
17
100
AcDbEntity
  8
VISIBLE
100
AcDbLine
 10
302.97734131352297
 20
357.5
 30
0.0
 11
302.96877707974306
 21
357.5
 31
0.0
  0
LINE
  5
767
330
17
100
AcDbEntity
  8
VISIBLE
100
AcDbLine
 10
309.46877707974306
 20
307.0
 30
0.0
 11
304.46877707974306
 21
307.0
 31
0.0
  0
LINE
  5
768
330
17
100
AcDbEntity
  8
VISIBLE
100
AcDbLine
 10
309.46877707974306
 20
300.0
 30
0.0
 11
304.46877707974306
 21
300.0
 31
0.0
  0
LINE
  5
769
330
17
100
AcDbEntity
  8
VISIBLE
100
AcDbLine
 10
304.46877707974306
 20
307.0
 30
0.0
 11
304.46877707974306
 21
300.0
 31
0.0
  0
LINE
  5
76A
330
17
100
AcDbEntity
  8
VISIBLE
100
AcDbLine
 10
307.23038958446375
 20
307.0
 30
0.0
 11
306.96877707974306
 21
307.0
 31
0.0
  0
LINE
  5
76B
330
17
100
AcDbEntity
  8
VISIBLE
100
AcDbLine
 10
306.96877707974306
 20
307.0
 30
0.0
 11
306.7071645750224
 21
307.0
 31
0.0
  0
LINE
  5
76C
330
17
100
AcDbEntity
  8
VISIBLE
100
AcDbLine
 10
306.7071645750224
 20
307.0
 30
0.0
 11
306.44667233960024
 21
307.0
 31
0.0
  0
LINE
  5
76D
330
17
100
AcDbEntity
  8
VISIBLE
100
AcDbLine
 10
306.44667233960024
 20
307.0
 30
0.0
 11
306.18841578499666
 21
307.0
 31
0.0
  0
LINE
  5
76E
330
17
100
AcDbEntity
  8
VISIBLE
100
AcDbLine
 10
306.18841578499666
 20
307.0
 30
0.0
 11
305.9335009051978
 21
307.0
 31
0.0
  0
LINE
  5
76F
330
17
100
AcDbEntity
  8
VISIBLE
100
AcDbLine
 10
305.9335009051978
 20
307.0
 30
0.0
 11
305.6830191804587
 21
307.0
 31
0.0
  0
LINE
  5
770
330
17
100
AcDbEntity
  8
VISIBLE
100
AcDbLine
 10
305.6830191804587
 20
307.0
 30
0.0
 11
305.4380433751761
 21
307.0
 31
0.0
  0
LINE
  5
771
330
17
100
AcDbEntity
  8
VISIBLE
100
AcDbLine
 10
305.4380433751761
 20
307.0
 30
0.0
 11
305.19962229267946
 21
307.0
 31
0.0
  0
LINE
  5
772
330
17
100
AcDbEntity
  8
VISIBLE
100
AcDbLine
 10
305.19962229267946
 20
307.0
 30
0.0
 11
304.96877707974306
 21
307.0
 31
0.0
  0
LINE
  5
773
330
17
100
AcDbEntity
  8
VISIBLE
100
AcDbLine
 10
304.96877707974306
 20
307.0
 30
0.0
 11
304.74649610058657
 21
307.0
 31
0.0
  0
LINE
  5
774
330
17
100
AcDbEntity
  8
VISIBLE
100
AcDbLine
 10
304.74649610058657
 20
307.0
 30
0.0
 11
304.53373136059633
 21
307.0
 31
0.0
  0
LINE
  5
775
330
17
100
AcDbEntity
  8
VISIBLE
100
AcDbLine
 10
304.53373136059633
 20
307.0
 30
0.0
 11
304.46877707974306
 21
307.0
 31
0.0
  0
LINE
  5
776
330
17
100
AcDbEntity
  8
VISIBLE
100
AcDbLine
 10
303.84867038266054
 20
307.0
 30
0.0
 11
303.7953638030707
 21
307.0
 31
0.0
  0
LINE
  5
777
330
17
100
AcDbEntity
  8
VISIBLE
100
AcDbLine
 10
303.7953638030707
 20
307.0
 30
0.0
 11
303.64289869801394
 21
307.0
 31
0.0
  0
LINE
  5
778
330
17
100
AcDbEntity
  8
VISIBLE
100
AcDbLine
 10
303.64289869801394
 20
307.0
 30
0.0
 11
303.5046755267798
 21
307.0
 31
0.0
  0
LINE
  5
779
330
17
100
AcDbEntity
  8
VISIBLE
100
AcDbLine
 10
303.5046755267798
 20
307.0
 30
0.0
 11
303.38128604428164
 21
307.0
 31
0.0
  0
LINE
  5
77A
330
17
100
AcDbEntity
  8
VISIBLE
100
AcDbLine
 10
303.38128604428164
 20
307.0
 30
0.0
 11
303.2732590629279
 21
307.0
 31
0.0
  0
LINE
  5
77B
330
17
100
AcDbEntity
  8
VISIBLE
100
AcDbLine
 10
303.2732590629279
 20
307.0
 30
0.0
 11
303.1810566379248
 21
307.0
 31
0.0
  0
LINE
  5
77C
330
17
100
AcDbEntity
  8
VISIBLE
100
AcDbLine
 10
303.1810566379248
 20
307.0
 30
0.0
 11
303.10507382885805
 21
307.0
 31
0.0
  0
LINE
  5
77D
330
17
100
AcDbEntity
  8
VISIBLE
100
AcDbLine
 10
303.10507382885805
 20
307.0
 30
0.0
 11
303.04563607708803
 21
307.0
 31
0.0
  0
LINE
  5
77E
330
17
100
AcDbEntity
  8
VISIBLE
100
AcDbLine
 10
303.04563607708803
 20
307.0
 30
0.0
 11
303.0029975368201
 21
307.0
 31
0.0
  0
LINE
  5
77F
330
17
100
AcDbEntity
  8
VISIBLE
100
AcDbLine
 10
303.0029975368201
 20
307.0
 30
0.0
 11
302.97734131352297
 21
307.0
 31
0.0
  0
LINE
  5
780
330
17
100
AcDbEntity
  8
VISIBLE
100
AcDbLine
 10
302.97734131352297
 20
307.0
 30
0.0
 11
302.96877707974306
 21
307.0
 31
0.0
  0
LINE
  5
781
330
17
100
AcDbEntity
  8
VISIBLE
100
AcDbLine
 10
307.23038958446375
 20
300.0
 30
0.0
 11
306.96877707974306
 21
300.0
 31
0.0
  0
LINE
  5
782
330
17
100
AcDbEntity
  8
VISIBLE
100
AcDbLine
 10
306.96877707974306
 20
300.0
 30
0.0
 11
306.7071645750224
 21
300.0
 31
0.0
  0
LINE
  5
783
330
17
100
AcDbEntity
  8
VISIBLE
100
AcDbLine
 10
306.7071645750224
 20
300.0
 30
0.0
 11
306.44667233960024
 21
300.0
 31
0.0
  0
LINE
  5
784
330
17
100
AcDbEntity
  8
VISIBLE
100
AcDbLine
 10
306.44667233960024
 20
300.0
 30
0.0
 11
306.18841578499666
 21
300.0
 31
0.0
  0
LINE
  5
785
330
17
100
AcDbEntity
  8
VISIBLE
100
AcDbLine
 10
306.18841578499666
 20
300.0
 30
0.0
 11
305.9335009051978
 21
300.0
 31
0.0
  0
LINE
  5
786
330
17
100
AcDbEntity
  8
VISIBLE
100
AcDbLine
 10
305.9335009051978
 20
300.0
 30
0.0
 11
305.6830191804587
 21
300.0
 31
0.0
  0
LINE
  5
787
330
17
100
AcDbEntity
  8
VISIBLE
100
AcDbLine
 10
305.6830191804587
 20
300.0
 30
0.0
 11
305.4380433751761
 21
300.0
 31
0.0
  0
LINE
  5
788
330
17
100
AcDbEntity
  8
VISIBLE
100
AcDbLine
 10
305.4380433751761
 20
300.0
 30
0.0
 11
305.19962229267946
 21
300.0
 31
0.0
  0
LINE
  5
789
330
17
100
AcDbEntity
  8
VISIBLE
100
AcDbLine
 10
305.19962229267946
 20
300.0
 30
0.0
 11
304.96877707974306
 21
300.0
 31
0.0
  0
LINE
  5
78A
330
17
100
AcDbEntity
  8
VISIBLE
100
AcDbLine
 10
304.96877707974306
 20
300.0
 30
0.0
 11
304.74649610058657
 21
300.0
 31
0.0
  0
LINE
  5
78B
330
17
100
AcDbEntity
  8
VISIBLE
100
AcDbLine
 10
304.74649610058657
 20
300.0
 30
0.0
 11
304.53373136059633
 21
300.0
 31
0.0
  0
LINE
  5
78C
330
17
100
AcDbEntity
  8
VISIBLE
100
AcDbLine
 10
304.46877707974306
 20
307.0
 30
0.0
 11
304.46877707974306
 21
300.0
 31
0.0
  0
LINE
  5
78D
330
17
100
AcDbEntity
  8
VISIBLE
100
AcDbLine
 10
304.53373136059633
 20
300.0
 30
0.0
 11
304.46877707974306
 21
300.0
 31
0.0
  0
LINE
  5
78E
330
17
100
AcDbEntity
  8
VISIBLE
100
AcDbLine
 10
303.84867038266054
 20
307.0
 30
0.0
 11
303.84867038266054
 21
300.0
 31
0.0
  0
LINE
  5
78F
330
17
100
AcDbEntity
  8
VISIBLE
100
AcDbLine
 10
303.84867038266054
 20
300.0
 30
0.0
 11
303.7953638030707
 21
300.0
 31
0.0
  0
LINE
  5
790
330
17
100
AcDbEntity
  8
VISIBLE
100
AcDbLine
 10
303.7953638030707
 20
300.0
 30
0.0
 11
303.64289869801394
 21
300.0
 31
0.0
  0
LINE
  5
791
330
17
100
AcDbEntity
  8
VISIBLE
100
AcDbLine
 10
303.64289869801394
 20
300.0
 30
0.0
 11
303.5046755267798
 21
300.0
 31
0.0
  0
LINE
  5
792
330
17
100
AcDbEntity
  8
VISIBLE
100
AcDbLine
 10
303.5046755267798
 20
300.0
 30
0.0
 11
303.38128604428164
 21
300.0
 31
0.0
  0
LINE
  5
793
330
17
100
AcDbEntity
  8
VISIBLE
100
AcDbLine
 10
303.38128604428164
 20
300.0
 30
0.0
 11
303.2732590629279
 21
300.0
 31
0.0
  0
LINE
  5
794
330
17
100
AcDbEntity
  8
VISIBLE
100
AcDbLine
 10
303.2732590629279
 20
300.0
 30
0.0
 11
303.1810566379248
 21
300.0
 31
0.0
  0
LINE
  5
795
330
17
100
AcDbEntity
  8
VISIBLE
100
AcDbLine
 10
303.1810566379248
 20
300.0
 30
0.0
 11
303.10507382885805
 21
300.0
 31
0.0
  0
LINE
  5
796
330
17
100
AcDbEntity
  8
VISIBLE
100
AcDbLine
 10
303.10507382885805
 20
300.0
 30
0.0
 11
303.04563607708803
 21
300.0
 31
0.0
  0
LINE
  5
797
330
17
100
AcDbEntity
  8
VISIBLE
100
AcDbLine
 10
303.04563607708803
 20
300.0
 30
0.0
 11
303.0029975368201
 21
300.0
 31
0.0
  0
LINE
  5
798
330
17
100
AcDbEntity
  8
VISIBLE
100
AcDbLine
 10
303.0029975368201
 20
300.0
 30
0.0
 11
302.97734131352297
 21
300.0
 31
0.0
  0
LINE
  5
799
330
17
100
AcDbEntity
  8
VISIBLE
100
AcDbLine
 10
303.84867038266054
 20
307.0
 30
0.0
 11
283.96877707974306
 21
307.0
 31
0.0
  0
LINE
  5
79A
330
17
100
AcDbEntity
  8
VISIBLE
100
AcDbLine
 10
303.84867038266054
 20
300.0
 30
0.0
 11
283.96877707974306
 21
300.0
 31
0.0
  0
LINE
  5
79B
330
17
100
AcDbEntity
  8
VISIBLE
100
AcDbLine
 10
283.96877707974306
 20
307.0
 30
0.0
 11
283.96877707974306
 21
300.0
 31
0.0
  0
LINE
  5
79C
330
17
100
AcDbEntity
  8
VISIBLE
100
AcDbLine
 10
302.97734131352297
 20
300.0
 30
0.0
 11
302.96877707974306
 21
300.0
 31
0.0
  0
LINE
  5
79D
330
17
100
AcDbEntity
  8
VISIBLE
100
AcDbLine
 10
329.96877707974306
 20
257.0
 30
0.0
 11
329.96877707974306
 21
250.0
 31
0.0
  0
LINE
  5
79E
330
17
100
AcDbEntity
  8
VISIBLE
100
AcDbLine
 10
309.46877707974306
 20
257.0
 30
0.0
 11
309.46877707974306
 21
250.0
 31
0.0
  0
LINE
  5
79F
330
17
100
AcDbEntity
  8
VISIBLE
100
AcDbLine
 10
310.2946554614722
 20
257.0
 30
0.0
 11
310.1421903564154
 21
257.0
 31
0.0
  0
LINE
  5
7A0
330
17
100
AcDbEntity
  8
VISIBLE
100
AcDbLine
 10
329.96877707974306
 20
257.0
 30
0.0
 11
310.0888837768256
 21
257.0
 31
0.0
  0
LINE
  5
7A1
330
17
100
AcDbEntity
  8
VISIBLE
100
AcDbLine
 10
310.1421903564154
 20
257.0
 30
0.0
 11
310.0888837768256
 21
257.0
 31
0.0
  0
LINE
  5
7A2
330
17
100
AcDbEntity
  8
VISIBLE
100
AcDbLine
 10
310.2946554614722
 20
257.0
 30
0.0
 11
310.4328786327063
 21
257.0
 31
0.0
  0
LINE
  5
7A3
330
17
100
AcDbEntity
  8
VISIBLE
100
AcDbLine
 10
310.66429509655825
 20
257.0
 30
0.0
 11
310.5562681152045
 21
257.0
 31
0.0
  0
LINE
  5
7A4
330
17
100
AcDbEntity
  8
VISIBLE
100
AcDbLine
 10
310.4328786327063
 20
257.0
 30
0.0
 11
310.5562681152045
 21
257.0
 31
0.0
  0
LINE
  5
7A5
330
17
100
AcDbEntity
  8
VISIBLE
100
AcDbLine
 10
310.66429509655825
 20
257.0
 30
0.0
 11
310.7564975215613
 21
257.0
 31
0.0
  0
LINE
  5
7A6
330
17
100
AcDbEntity
  8
VISIBLE
100
AcDbLine
 10
310.7564975215613
 20
257.0
 30
0.0
 11
310.8324803306281
 21
257.0
 31
0.0
  0
LINE
  5
7A7
330
17
100
AcDbEntity
  8
VISIBLE
100
AcDbLine
 10
310.8324803306281
 20
257.0
 30
0.0
 11
310.8919180823981
 21
257.0
 31
0.0
  0
LINE
  5
7A8
330
17
100
AcDbEntity
  8
VISIBLE
100
AcDbLine
 10
310.8919180823981
 20
257.0
 30
0.0
 11
310.93455662266604
 21
257.0
 31
0.0
  0
LINE
  5
7A9
330
17
100
AcDbEntity
  8
VISIBLE
100
AcDbLine
 10
310.93455662266604
 20
257.0
 30
0.0
 11
310.96021284596316
 21
257.0
 31
0.0
  0
LINE
  5
7AA
330
17
100
AcDbEntity
  8
VISIBLE
100
AcDbLine
 10
310.2946554614722
 20
250.0
 30
0.0
 11
310.1421903564154
 21
250.0
 31
0.0
  0
LINE
  5
7AB
330
17
100
AcDbEntity
  8
VISIBLE
100
AcDbLine
 10
329.96877707974306
 20
250.0
 30
0.0
 11
310.0888837768256
 21
250.0
 31
0.0
  0
LINE
  5
7AC
330
17
100
AcDbEntity
  8
VISIBLE
100
AcDbLine
 10
310.0888837768256
 20
257.0
 30
0.0
 11
310.0888837768256
 21
250.0
 31
0.0
  0
LINE
  5
7AD
330
17
100
AcDbEntity
  8
VISIBLE
100
AcDbLine
 10
310.1421903564154
 20
250.0
 30
0.0
 11
310.0888837768256
 21
250.0
 31
0.0
  0
LINE
  5
7AE
330
17
100
AcDbEntity
  8
VISIBLE
100
AcDbLine
 10
310.2946554614722
 20
250.0
 30
0.0
 11
310.4328786327063
 21
250.0
 31
0.0
  0
LINE
  5
7AF
330
17
100
AcDbEntity
  8
VISIBLE
100
AcDbLine
 10
310.66429509655825
 20
250.0
 30
0.0
 11
310.5562681152045
 21
250.0
 31
0.0
  0
LINE
  5
7B0
330
17
100
AcDbEntity
  8
VISIBLE
100
AcDbLine
 10
310.4328786327063
 20
250.0
 30
0.0
 11
310.5562681152045
 21
250.0
 31
0.0
  0
LINE
  5
7B1
330
17
100
AcDbEntity
  8
VISIBLE
100
AcDbLine
 10
310.66429509655825
 20
250.0
 30
0.0
 11
310.7564975215613
 21
250.0
 31
0.0
  0
LINE
  5
7B2
330
17
100
AcDbEntity
  8
VISIBLE
100
AcDbLine
 10
310.7564975215613
 20
250.0
 30
0.0
 11
310.8324803306281
 21
250.0
 31
0.0
  0
LINE
  5
7B3
330
17
100
AcDbEntity
  8
VISIBLE
100
AcDbLine
 10
310.8324803306281
 20
250.0
 30
0.0
 11
310.8919180823981
 21
250.0
 31
0.0
  0
LINE
  5
7B4
330
17
100
AcDbEntity
  8
VISIBLE
100
AcDbLine
 10
310.8919180823981
 20
250.0
 30
0.0
 11
310.93455662266604
 21
250.0
 31
0.0
  0
LINE
  5
7B5
330
17
100
AcDbEntity
  8
VISIBLE
100
AcDbLine
 10
310.93455662266604
 20
250.0
 30
0.0
 11
310.96021284596316
 21
250.0
 31
0.0
  0
LINE
  5
7B6
330
17
100
AcDbEntity
  8
VISIBLE
100
AcDbLine
 10
309.19105805889956
 20
257.0
 30
0.0
 11
309.4038227988898
 21
257.0
 31
0.0
  0
LINE
  5
7B7
330
17
100
AcDbEntity
  8
VISIBLE
100
AcDbLine
 10
309.4038227988898
 20
257.0
 30
0.0
 11
309.46877707974306
 21
257.0
 31
0.0
  0
LINE
  5
7B8
330
17
100
AcDbEntity
  8
VISIBLE
100
AcDbLine
 10
309.19105805889956
 20
257.0
 30
0.0
 11
308.96877707974306
 21
257.0
 31
0.0
  0
LINE
  5
7B9
330
17
100
AcDbEntity
  8
VISIBLE
100
AcDbLine
 10
308.49951078431
 20
257.0
 30
0.0
 11
308.73793186680666
 21
257.0
 31
0.0
  0
LINE
  5
7BA
330
17
100
AcDbEntity
  8
VISIBLE
100
AcDbLine
 10
308.96877707974306
 20
257.0
 30
0.0
 11
308.73793186680666
 21
257.0
 31
0.0
  0
LINE
  5
7BB
330
17
100
AcDbEntity
  8
VISIBLE
100
AcDbLine
 10
308.49951078431
 20
257.0
 30
0.0
 11
308.2545349790274
 21
257.0
 31
0.0
  0
LINE
  5
7BC
330
17
100
AcDbEntity
  8
VISIBLE
100
AcDbLine
 10
308.2545349790274
 20
257.0
 30
0.0
 11
308.00405325428835
 21
257.0
 31
0.0
  0
LINE
  5
7BD
330
17
100
AcDbEntity
  8
VISIBLE
100
AcDbLine
 10
308.00405325428835
 20
257.0
 30
0.0
 11
307.74913837448946
 21
257.0
 31
0.0
  0
LINE
  5
7BE
330
17
100
AcDbEntity
  8
VISIBLE
100
AcDbLine
 10
307.74913837448946
 20
257.0
 30
0.0
 11
307.4908818198859
 21
257.0
 31
0.0
  0
LINE
  5
7BF
330
17
100
AcDbEntity
  8
VISIBLE
100
AcDbLine
 10
307.4908818198859
 20
257.0
 30
0.0
 11
307.23038958446375
 21
257.0
 31
0.0
  0
LINE
  5
7C0
330
17
100
AcDbEntity
  8
VISIBLE
100
AcDbLine
 10
309.19105805889956
 20
250.0
 30
0.0
 11
309.4038227988898
 21
250.0
 31
0.0
  0
LINE
  5
7C1
330
17
100
AcDbEntity
  8
VISIBLE
100
AcDbLine
 10
309.46877707974306
 20
257.0
 30
0.0
 11
309.46877707974306
 21
250.0
 31
0.0
  0
LINE
  5
7C2
330
17
100
AcDbEntity
  8
VISIBLE
100
AcDbLine
 10
309.4038227988898
 20
250.0
 30
0.0
 11
309.46877707974306
 21
250.0
 31
0.0
  0
LINE
  5
7C3
330
17
100
AcDbEntity
  8
VISIBLE
100
AcDbLine
 10
309.19105805889956
 20
250.0
 30
0.0
 11
308.96877707974306
 21
250.0
 31
0.0
  0
LINE
  5
7C4
330
17
100
AcDbEntity
  8
VISIBLE
100
AcDbLine
 10
308.49951078431
 20
250.0
 30
0.0
 11
308.73793186680666
 21
250.0
 31
0.0
  0
LINE
  5
7C5
330
17
100
AcDbEntity
  8
VISIBLE
100
AcDbLine
 10
308.96877707974306
 20
250.0
 30
0.0
 11
308.73793186680666
 21
250.0
 31
0.0
  0
LINE
  5
7C6
330
17
100
AcDbEntity
  8
VISIBLE
100
AcDbLine
 10
308.49951078431
 20
250.0
 30
0.0
 11
308.2545349790274
 21
250.0
 31
0.0
  0
LINE
  5
7C7
330
17
100
AcDbEntity
  8
VISIBLE
100
AcDbLine
 10
308.2545349790274
 20
250.0
 30
0.0
 11
308.00405325428835
 21
250.0
 31
0.0
  0
LINE
  5
7C8
330
17
100
AcDbEntity
  8
VISIBLE
100
AcDbLine
 10
308.00405325428835
 20
250.0
 30
0.0
 11
307.74913837448946
 21
250.0
 31
0.0
  0
LINE
  5
7C9
330
17
100
AcDbEntity
  8
VISIBLE
100
AcDbLine
 10
307.74913837448946
 20
250.0
 30
0.0
 11
307.4908818198859
 21
250.0
 31
0.0
  0
LINE
  5
7CA
330
17
100
AcDbEntity
  8
VISIBLE
100
AcDbLine
 10
307.4908818198859
 20
250.0
 30
0.0
 11
307.23038958446375
 21
250.0
 31
0.0
  0
LINE
  5
7CB
330
17
100
AcDbEntity
  8
VISIBLE
100
AcDbLine
 10
310.2946554614722
 20
199.5
 30
0.0
 11
310.1421903564154
 21
199.5
 31
0.0
  0
LINE
  5
7CC
330
17
100
AcDbEntity
  8
VISIBLE
100
AcDbLine
 10
309.9761363460242
 20
199.5
 30
0.0
 11
310.1421903564154
 21
199.5
 31
0.0
  0
LINE
  5
7CD
330
17
100
AcDbEntity
  8
VISIBLE
100
AcDbLine
 10
310.2946554614722
 20
199.5
 30
0.0
 11
310.4328786327063
 21
199.5
 31
0.0
  0
LINE
  5
7CE
330
17
100
AcDbEntity
  8
VISIBLE
100
AcDbLine
 10
310.66429509655825
 20
199.5
 30
0.0
 11
310.5562681152045
 21
199.5
 31
0.0
  0
LINE
  5
7CF
330
17
100
AcDbEntity
  8
VISIBLE
100
AcDbLine
 10
310.4328786327063
 20
199.5
 30
0.0
 11
310.5562681152045
 21
199.5
 31
0.0
  0
LINE
  5
7D0
330
17
100
AcDbEntity
  8
VISIBLE
100
AcDbLine
 10
310.66429509655825
 20
199.5
 30
0.0
 11
310.7564975215613
 21
199.5
 31
0.0
  0
LINE
  5
7D1
330
17
100
AcDbEntity
  8
VISIBLE
100
AcDbLine
 10
310.7564975215613
 20
199.5
 30
0.0
 11
310.8324803306281
 21
199.5
 31
0.0
  0
LINE
  5
7D2
330
17
100
AcDbEntity
  8
VISIBLE
100
AcDbLine
 10
310.8324803306281
 20
199.5
 30
0.0
 11
310.8919180823981
 21
199.5
 31
0.0
  0
LINE
  5
7D3
330
17
100
AcDbEntity
  8
VISIBLE
100
AcDbLine
 10
310.8919180823981
 20
199.5
 30
0.0
 11
310.93455662266604
 21
199.5
 31
0.0
  0
LINE
  5
7D4
330
17
100
AcDbEntity
  8
VISIBLE
100
AcDbLine
 10
310.93455662266604
 20
199.5
 30
0.0
 11
310.96021284596316
 21
199.5
 31
0.0
  0
LINE
  5
7D5
330
17
100
AcDbEntity
  8
VISIBLE
100
AcDbLine
 10
309.606160302323
 20
199.5
 30
0.0
 11
309.4038227988898
 21
199.5
 31
0.0
  0
LINE
  5
7D6
330
17
100
AcDbEntity
  8
VISIBLE
100
AcDbLine
 10
309.19105805889956
 20
199.5
 30
0.0
 11
309.4038227988898
 21
199.5
 31
0.0
  0
LINE
  5
7D7
330
17
100
AcDbEntity
  8
VISIBLE
100
AcDbLine
 10
310.96877707974306
 20
199.5
 30
0.0
 11
308.96877707974306
 21
199.5
 31
0.0
  0
LINE
  5
7D8
330
17
100
AcDbEntity
  8
VISIBLE
100
AcDbLine
 10
309.19105805889956
 20
199.5
 30
0.0
 11
308.96877707974306
 21
199.5
 31
0.0
  0
LINE
  5
7D9
330
17
100
AcDbEntity
  8
VISIBLE
100
AcDbLine
 10
308.49951078431
 20
199.5
 30
0.0
 11
308.73793186680666
 21
199.5
 31
0.0
  0
LINE
  5
7DA
330
17
100
AcDbEntity
  8
VISIBLE
100
AcDbLine
 10
308.96877707974306
 20
199.5
 30
0.0
 11
308.73793186680666
 21
199.5
 31
0.0
  0
LINE
  5
7DB
330
17
100
AcDbEntity
  8
VISIBLE
100
AcDbLine
 10
308.49951078431
 20
199.5
 30
0.0
 11
308.2545349790274
 21
199.5
 31
0.0
  0
LINE
  5
7DC
330
17
100
AcDbEntity
  8
VISIBLE
100
AcDbLine
 10
308.2545349790274
 20
199.5
 30
0.0
 11
308.00405325428835
 21
199.5
 31
0.0
  0
LINE
  5
7DD
330
17
100
AcDbEntity
  8
VISIBLE
100
AcDbLine
 10
308.00405325428835
 20
199.5
 30
0.0
 11
307.74913837448946
 21
199.5
 31
0.0
  0
LINE
  5
7DE
330
17
100
AcDbEntity
  8
VISIBLE
100
AcDbLine
 10
307.74913837448946
 20
199.5
 30
0.0
 11
307.4908818198859
 21
199.5
 31
0.0
  0
LINE
  5
7DF
330
17
100
AcDbEntity
  8
VISIBLE
100
AcDbLine
 10
307.4908818198859
 20
199.5
 30
0.0
 11
307.23038958446375
 21
199.5
 31
0.0
  0
LINE
  5
7E0
330
17
100
AcDbEntity
  8
VISIBLE
100
AcDbLine
 10
309.9761363460242
 20
199.5
 30
0.0
 11
309.7972041560828
 21
199.5
 31
0.0
  0
LINE
  5
7E1
330
17
100
AcDbEntity
  8
VISIBLE
100
AcDbLine
 10
309.606160302323
 20
199.5
 30
0.0
 11
309.7972041560828
 21
199.5
 31
0.0
  0
LINE
  5
7E2
330
17
100
AcDbEntity
  8
VISIBLE
100
AcDbLine
 10
310.96877707974306
 20
199.5
 30
0.0
 11
310.96877707974306
 21
181.5
 31
0.0
  0
LINE
  5
7E3
330
17
100
AcDbEntity
  8
VISIBLE
100
AcDbLine
 10
310.96021284596316
 20
257.0
 30
0.0
 11
310.96877707974306
 21
257.0
 31
0.0
  0
LINE
  5
7E4
330
17
100
AcDbEntity
  8
VISIBLE
100
AcDbLine
 10
310.96021284596316
 20
250.0
 30
0.0
 11
310.96877707974306
 21
250.0
 31
0.0
  0
LINE
  5
7E5
330
17
100
AcDbEntity
  8
VISIBLE
100
AcDbLine
 10
310.96021284596316
 20
199.5
 30
0.0
 11
310.96877707974306
 21
199.5
 31
0.0
  0
LINE
  5
7E6
330
17
100
AcDbEntity
  8
VISIBLE
100
AcDbLine
 10
309.46877707974306
 20
257.0
 30
0.0
 11
304.46877707974306
 21
257.0
 31
0.0
  0
LINE
  5
7E7
330
17
100
AcDbEntity
  8
VISIBLE
100
AcDbLine
 10
309.46877707974306
 20
250.0
 30
0.0
 11
304.46877707974306
 21
250.0
 31
0.0
  0
LINE
  5
7E8
330
17
100
AcDbEntity
  8
VISIBLE
100
AcDbLine
 10
304.46877707974306
 20
257.0
 30
0.0
 11
304.46877707974306
 21
250.0
 31
0.0
  0
LINE
  5
7E9
330
17
100
AcDbEntity
  8
VISIBLE
100
AcDbLine
 10
307.23038958446375
 20
257.0
 30
0.0
 11
306.96877707974306
 21
257.0
 31
0.0
  0
LINE
  5
7EA
330
17
100
AcDbEntity
  8
VISIBLE
100
AcDbLine
 10
306.96877707974306
 20
257.0
 30
0.0
 11
306.7071645750224
 21
257.0
 31
0.0
  0
LINE
  5
7EB
330
17
100
AcDbEntity
  8
VISIBLE
100
AcDbLine
 10
306.7071645750224
 20
257.0
 30
0.0
 11
306.44667233960024
 21
257.0
 31
0.0
  0
LINE
  5
7EC
330
17
100
AcDbEntity
  8
VISIBLE
100
AcDbLine
 10
306.44667233960024
 20
257.0
 30
0.0
 11
306.18841578499666
 21
257.0
 31
0.0
  0
LINE
  5
7ED
330
17
100
AcDbEntity
  8
VISIBLE
100
AcDbLine
 10
306.18841578499666
 20
257.0
 30
0.0
 11
305.9335009051978
 21
257.0
 31
0.0
  0
LINE
  5
7EE
330
17
100
AcDbEntity
  8
VISIBLE
100
AcDbLine
 10
305.9335009051978
 20
257.0
 30
0.0
 11
305.6830191804587
 21
257.0
 31
0.0
  0
LINE
  5
7EF
330
17
100
AcDbEntity
  8
VISIBLE
100
AcDbLine
 10
305.6830191804587
 20
257.0
 30
0.0
 11
305.4380433751761
 21
257.0
 31
0.0
  0
LINE
  5
7F0
330
17
100
AcDbEntity
  8
VISIBLE
100
AcDbLine
 10
305.4380433751761
 20
257.0
 30
0.0
 11
305.19962229267946
 21
257.0
 31
0.0
  0
LINE
  5
7F1
330
17
100
AcDbEntity
  8
VISIBLE
100
AcDbLine
 10
305.19962229267946
 20
257.0
 30
0.0
 11
304.96877707974306
 21
257.0
 31
0.0
  0
LINE
  5
7F2
330
17
100
AcDbEntity
  8
VISIBLE
100
AcDbLine
 10
304.96877707974306
 20
257.0
 30
0.0
 11
304.74649610058657
 21
257.0
 31
0.0
  0
LINE
  5
7F3
330
17
100
AcDbEntity
  8
VISIBLE
100
AcDbLine
 10
304.74649610058657
 20
257.0
 30
0.0
 11
304.53373136059633
 21
257.0
 31
0.0
  0
LINE
  5
7F4
330
17
100
AcDbEntity
  8
VISIBLE
100
AcDbLine
 10
304.53373136059633
 20
257.0
 30
0.0
 11
304.46877707974306
 21
257.0
 31
0.0
  0
LINE
  5
7F5
330
17
100
AcDbEntity
  8
VISIBLE
100
AcDbLine
 10
307.23038958446375
 20
250.0
 30
0.0
 11
306.96877707974306
 21
250.0
 31
0.0
  0
LINE
  5
7F6
330
17
100
AcDbEntity
  8
VISIBLE
100
AcDbLine
 10
306.96877707974306
 20
250.0
 30
0.0
 11
306.7071645750224
 21
250.0
 31
0.0
  0
LINE
  5
7F7
330
17
100
AcDbEntity
  8
VISIBLE
100
AcDbLine
 10
306.7071645750224
 20
250.0
 30
0.0
 11
306.44667233960024
 21
250.0
 31
0.0
  0
LINE
  5
7F8
330
17
100
AcDbEntity
  8
VISIBLE
100
AcDbLine
 10
306.44667233960024
 20
250.0
 30
0.0
 11
306.18841578499666
 21
250.0
 31
0.0
  0
LINE
  5
7F9
330
17
100
AcDbEntity
  8
VISIBLE
100
AcDbLine
 10
306.18841578499666
 20
250.0
 30
0.0
 11
305.9335009051978
 21
250.0
 31
0.0
  0
LINE
  5
7FA
330
17
100
AcDbEntity
  8
VISIBLE
100
AcDbLine
 10
305.9335009051978
 20
250.0
 30
0.0
 11
305.6830191804587
 21
250.0
 31
0.0
  0
LINE
  5
7FB
330
17
100
AcDbEntity
  8
VISIBLE
100
AcDbLine
 10
305.6830191804587
 20
250.0
 30
0.0
 11
305.4380433751761
 21
250.0
 31
0.0
  0
LINE
  5
7FC
330
17
100
AcDbEntity
  8
VISIBLE
100
AcDbLine
 10
305.4380433751761
 20
250.0
 30
0.0
 11
305.19962229267946
 21
250.0
 31
0.0
  0
LINE
  5
7FD
330
17
100
AcDbEntity
  8
VISIBLE
100
AcDbLine
 10
305.19962229267946
 20
250.0
 30
0.0
 11
304.96877707974306
 21
250.0
 31
0.0
  0
LINE
  5
7FE
330
17
100
AcDbEntity
  8
VISIBLE
100
AcDbLine
 10
304.96877707974306
 20
250.0
 30
0.0
 11
304.74649610058657
 21
250.0
 31
0.0
  0
LINE
  5
7FF
330
17
100
AcDbEntity
  8
VISIBLE
100
AcDbLine
 10
304.74649610058657
 20
250.0
 30
0.0
 11
304.53373136059633
 21
250.0
 31
0.0
  0
LINE
  5
800
330
17
100
AcDbEntity
  8
VISIBLE
100
AcDbLine
 10
304.46877707974306
 20
257.0
 30
0.0
 11
304.46877707974306
 21
250.0
 31
0.0
  0
LINE
  5
801
330
17
100
AcDbEntity
  8
VISIBLE
100
AcDbLine
 10
304.53373136059633
 20
250.0
 30
0.0
 11
304.46877707974306
 21
250.0
 31
0.0
  0
LINE
  5
802
330
17
100
AcDbEntity
  8
VISIBLE
100
AcDbLine
 10
303.84867038266054
 20
257.0
 30
0.0
 11
303.7953638030707
 21
257.0
 31
0.0
  0
LINE
  5
803
330
17
100
AcDbEntity
  8
VISIBLE
100
AcDbLine
 10
303.7953638030707
 20
257.0
 30
0.0
 11
303.64289869801394
 21
257.0
 31
0.0
  0
LINE
  5
804
330
17
100
AcDbEntity
  8
VISIBLE
100
AcDbLine
 10
303.64289869801394
 20
257.0
 30
0.0
 11
303.5046755267798
 21
257.0
 31
0.0
  0
LINE
  5
805
330
17
100
AcDbEntity
  8
VISIBLE
100
AcDbLine
 10
303.5046755267798
 20
257.0
 30
0.0
 11
303.38128604428164
 21
257.0
 31
0.0
  0
LINE
  5
806
330
17
100
AcDbEntity
  8
VISIBLE
100
AcDbLine
 10
303.38128604428164
 20
257.0
 30
0.0
 11
303.2732590629279
 21
257.0
 31
0.0
  0
LINE
  5
807
330
17
100
AcDbEntity
  8
VISIBLE
100
AcDbLine
 10
303.2732590629279
 20
257.0
 30
0.0
 11
303.1810566379248
 21
257.0
 31
0.0
  0
LINE
  5
808
330
17
100
AcDbEntity
  8
VISIBLE
100
AcDbLine
 10
303.1810566379248
 20
257.0
 30
0.0
 11
303.10507382885805
 21
257.0
 31
0.0
  0
LINE
  5
809
330
17
100
AcDbEntity
  8
VISIBLE
100
AcDbLine
 10
303.10507382885805
 20
257.0
 30
0.0
 11
303.04563607708803
 21
257.0
 31
0.0
  0
LINE
  5
80A
330
17
100
AcDbEntity
  8
VISIBLE
100
AcDbLine
 10
303.04563607708803
 20
257.0
 30
0.0
 11
303.0029975368201
 21
257.0
 31
0.0
  0
LINE
  5
80B
330
17
100
AcDbEntity
  8
VISIBLE
100
AcDbLine
 10
303.0029975368201
 20
257.0
 30
0.0
 11
302.97734131352297
 21
257.0
 31
0.0
  0
LINE
  5
80C
330
17
100
AcDbEntity
  8
VISIBLE
100
AcDbLine
 10
303.84867038266054
 20
257.0
 30
0.0
 11
303.84867038266054
 21
250.0
 31
0.0
  0
LINE
  5
80D
330
17
100
AcDbEntity
  8
VISIBLE
100
AcDbLine
 10
303.84867038266054
 20
250.0
 30
0.0
 11
303.7953638030707
 21
250.0
 31
0.0
  0
LINE
  5
80E
330
17
100
AcDbEntity
  8
VISIBLE
100
AcDbLine
 10
303.7953638030707
 20
250.0
 30
0.0
 11
303.64289869801394
 21
250.0
 31
0.0
  0
LINE
  5
80F
330
17
100
AcDbEntity
  8
VISIBLE
100
AcDbLine
 10
303.64289869801394
 20
250.0
 30
0.0
 11
303.5046755267798
 21
250.0
 31
0.0
  0
LINE
  5
810
330
17
100
AcDbEntity
  8
VISIBLE
100
AcDbLine
 10
303.5046755267798
 20
250.0
 30
0.0
 11
303.38128604428164
 21
250.0
 31
0.0
  0
LINE
  5
811
330
17
100
AcDbEntity
  8
VISIBLE
100
AcDbLine
 10
303.38128604428164
 20
250.0
 30
0.0
 11
303.2732590629279
 21
250.0
 31
0.0
  0
LINE
  5
812
330
17
100
AcDbEntity
  8
VISIBLE
100
AcDbLine
 10
303.2732590629279
 20
250.0
 30
0.0
 11
303.1810566379248
 21
250.0
 31
0.0
  0
LINE
  5
813
330
17
100
AcDbEntity
  8
VISIBLE
100
AcDbLine
 10
303.1810566379248
 20
250.0
 30
0.0
 11
303.10507382885805
 21
250.0
 31
0.0
  0
LINE
  5
814
330
17
100
AcDbEntity
  8
VISIBLE
100
AcDbLine
 10
303.10507382885805
 20
250.0
 30
0.0
 11
303.04563607708803
 21
250.0
 31
0.0
  0
LINE
  5
815
330
17
100
AcDbEntity
  8
VISIBLE
100
AcDbLine
 10
303.04563607708803
 20
250.0
 30
0.0
 11
303.0029975368201
 21
250.0
 31
0.0
  0
LINE
  5
816
330
17
100
AcDbEntity
  8
VISIBLE
100
AcDbLine
 10
303.0029975368201
 20
250.0
 30
0.0
 11
302.97734131352297
 21
250.0
 31
0.0
  0
LINE
  5
817
330
17
100
AcDbEntity
  8
VISIBLE
100
AcDbLine
 10
303.84867038266054
 20
257.0
 30
0.0
 11
283.96877707974306
 21
257.0
 31
0.0
  0
LINE
  5
818
330
17
100
AcDbEntity
  8
VISIBLE
100
AcDbLine
 10
303.84867038266054
 20
250.0
 30
0.0
 11
283.96877707974306
 21
250.0
 31
0.0
  0
LINE
  5
819
330
17
100
AcDbEntity
  8
VISIBLE
100
AcDbLine
 10
283.96877707974306
 20
257.0
 30
0.0
 11
283.96877707974306
 21
250.0
 31
0.0
  0
LINE
  5
81A
330
17
100
AcDbEntity
  8
VISIBLE
100
AcDbLine
 10
308.96877707974306
 20
199.5
 30
0.0
 11
306.96877707974306
 21
199.5
 31
0.0
  0
LINE
  5
81B
330
17
100
AcDbEntity
  8
VISIBLE
100
AcDbLine
 10
307.23038958446375
 20
199.5
 30
0.0
 11
306.96877707974306
 21
199.5
 31
0.0
  0
LINE
  5
81C
330
17
100
AcDbEntity
  8
VISIBLE
100
AcDbLine
 10
306.96877707974306
 20
199.5
 30
0.0
 11
306.7071645750224
 21
199.5
 31
0.0
  0
LINE
  5
81D
330
17
100
AcDbEntity
  8
VISIBLE
100
AcDbLine
 10
306.7071645750224
 20
199.5
 30
0.0
 11
306.44667233960024
 21
199.5
 31
0.0
  0
LINE
  5
81E
330
17
100
AcDbEntity
  8
VISIBLE
100
AcDbLine
 10
306.44667233960024
 20
199.5
 30
0.0
 11
306.18841578499666
 21
199.5
 31
0.0
  0
LINE
  5
81F
330
17
100
AcDbEntity
  8
VISIBLE
100
AcDbLine
 10
306.18841578499666
 20
199.5
 30
0.0
 11
305.9335009051978
 21
199.5
 31
0.0
  0
LINE
  5
820
330
17
100
AcDbEntity
  8
VISIBLE
100
AcDbLine
 10
305.9335009051978
 20
199.5
 30
0.0
 11
305.6830191804587
 21
199.5
 31
0.0
  0
LINE
  5
821
330
17
100
AcDbEntity
  8
VISIBLE
100
AcDbLine
 10
305.6830191804587
 20
199.5
 30
0.0
 11
305.4380433751761
 21
199.5
 31
0.0
  0
LINE
  5
822
330
17
100
AcDbEntity
  8
VISIBLE
100
AcDbLine
 10
305.4380433751761
 20
199.5
 30
0.0
 11
305.19962229267946
 21
199.5
 31
0.0
  0
LINE
  5
823
330
17
100
AcDbEntity
  8
VISIBLE
100
AcDbLine
 10
306.96877707974306
 20
199.5
 30
0.0
 11
304.96877707974306
 21
199.5
 31
0.0
  0
LINE
  5
824
330
17
100
AcDbEntity
  8
VISIBLE
100
AcDbLine
 10
305.19962229267946
 20
199.5
 30
0.0
 11
304.96877707974306
 21
199.5
 31
0.0
  0
LINE
  5
825
330
17
100
AcDbEntity
  8
VISIBLE
100
AcDbLine
 10
304.96877707974306
 20
199.5
 30
0.0
 11
304.74649610058657
 21
199.5
 31
0.0
  0
LINE
  5
826
330
17
100
AcDbEntity
  8
VISIBLE
100
AcDbLine
 10
304.74649610058657
 20
199.5
 30
0.0
 11
304.53373136059633
 21
199.5
 31
0.0
  0
LINE
  5
827
330
17
100
AcDbEntity
  8
VISIBLE
100
AcDbLine
 10
304.53373136059633
 20
199.5
 30
0.0
 11
304.3313938571631
 21
199.5
 31
0.0
  0
LINE
  5
828
330
17
100
AcDbEntity
  8
VISIBLE
100
AcDbLine
 10
304.3313938571631
 20
199.5
 30
0.0
 11
304.14035000340334
 21
199.5
 31
0.0
  0
LINE
  5
829
330
17
100
AcDbEntity
  8
VISIBLE
100
AcDbLine
 10
304.14035000340334
 20
199.5
 30
0.0
 11
303.96141781346194
 21
199.5
 31
0.0
  0
LINE
  5
82A
330
17
100
AcDbEntity
  8
VISIBLE
100
AcDbLine
 10
303.96141781346194
 20
199.5
 30
0.0
 11
303.7953638030707
 21
199.5
 31
0.0
  0
LINE
  5
82B
330
17
100
AcDbEntity
  8
VISIBLE
100
AcDbLine
 10
303.7953638030707
 20
199.5
 30
0.0
 11
303.64289869801394
 21
199.5
 31
0.0
  0
LINE
  5
82C
330
17
100
AcDbEntity
  8
VISIBLE
100
AcDbLine
 10
303.64289869801394
 20
199.5
 30
0.0
 11
303.5046755267798
 21
199.5
 31
0.0
  0
LINE
  5
82D
330
17
100
AcDbEntity
  8
VISIBLE
100
AcDbLine
 10
303.5046755267798
 20
199.5
 30
0.0
 11
303.38128604428164
 21
199.5
 31
0.0
  0
LINE
  5
82E
330
17
100
AcDbEntity
  8
VISIBLE
100
AcDbLine
 10
304.96877707974306
 20
199.5
 30
0.0
 11
302.96877707974306
 21
199.5
 31
0.0
  0
LINE
  5
82F
330
17
100
AcDbEntity
  8
VISIBLE
100
AcDbLine
 10
303.38128604428164
 20
199.5
 30
0.0
 11
303.2732590629279
 21
199.5
 31
0.0
  0
LINE
  5
830
330
17
100
AcDbEntity
  8
VISIBLE
100
AcDbLine
 10
303.2732590629279
 20
199.5
 30
0.0
 11
303.1810566379248
 21
199.5
 31
0.0
  0
LINE
  5
831
330
17
100
AcDbEntity
  8
VISIBLE
100
AcDbLine
 10
303.1810566379248
 20
199.5
 30
0.0
 11
303.10507382885805
 21
199.5
 31
0.0
  0
LINE
  5
832
330
17
100
AcDbEntity
  8
VISIBLE
100
AcDbLine
 10
303.10507382885805
 20
199.5
 30
0.0
 11
303.04563607708803
 21
199.5
 31
0.0
  0
LINE
  5
833
330
17
100
AcDbEntity
  8
VISIBLE
100
AcDbLine
 10
303.04563607708803
 20
199.5
 30
0.0
 11
303.0029975368201
 21
199.5
 31
0.0
  0
LINE
  5
834
330
17
100
AcDbEntity
  8
VISIBLE
100
AcDbLine
 10
303.0029975368201
 20
199.5
 30
0.0
 11
302.97734131352297
 21
199.5
 31
0.0
  0
LINE
  5
835
330
17
100
AcDbEntity
  8
VISIBLE
100
AcDbLine
 10
310.96877707974306
 20
181.5
 30
0.0
 11
306.96877707974306
 21
181.5
 31
0.0
  0
LINE
  5
836
330
17
100
AcDbEntity
  8
VISIBLE
100
AcDbLine
 10
306.96877707974306
 20
199.5
 30
0.0
 11
306.96877707974306
 21
181.5
 31
0.0
  0
LINE
  5
837
330
17
100
AcDbEntity
  8
VISIBLE
100
AcDbLine
 10
302.96877707974306
 20
199.5
 30
0.0
 11
302.96877707974306
 21
181.5
 31
0.0
  0
LINE
  5
838
330
17
100
AcDbEntity
  8
VISIBLE
100
AcDbLine
 10
306.96877707974306
 20
181.5
 30
0.0
 11
302.96877707974306
 21
181.5
 31
0.0
  0
LINE
  5
839
330
17
100
AcDbEntity
  8
VISIBLE
100
AcDbLine
 10
302.97734131352297
 20
257.0
 30
0.0
 11
302.96877707974306
 21
257.0
 31
0.0
  0
LINE
  5
83A
330
17
100
AcDbEntity
  8
VISIBLE
100
AcDbLine
 10
302.97734131352297
 20
250.0
 30
0.0
 11
302.96877707974306
 21
250.0
 31
0.0
  0
LINE
  5
83B
330
17
100
AcDbEntity
  8
VISIBLE
100
AcDbLine
 10
302.97734131352297
 20
199.5
 30
0.0
 11
302.96877707974306
 21
199.5
 31
0.0
  0
LINE
  5
83C
330
17
100
AcDbEntity
  8
VISIBLE
100
AcDbLine
 10
283.96877707974306
 20
256.99999511482423
 30
0.0
 11
283.9687773084983
 21
256.9999997712447
 31
0.0
  0
LINE
  5
83D
330
17
100
AcDbEntity
  8
VISIBLE
100
AcDbLine
 10
283.9687773084983
 20
256.9999997712447
 30
0.0
 11
283.9687819649189
 21
257.0
 31
0.0
  0
LINE
  5
83E
330
17
100
AcDbEntity
  8
VISIBLE
100
AcDbLine
 10
283.9687819649189
 20
257.0
 30
0.0
 11
302.96857807974305
 21
257.0
 31
0.0
  0
LINE
  5
83F
330
17
100
AcDbEntity
  8
VISIBLE
100
AcDbLine
 10
302.96857807974305
 20
257.0
 30
0.0
 11
302.968597585154
 21
257.0000009582394
 31
0.0
  0
LINE
  5
840
330
17
100
AcDbEntity
  8
VISIBLE
100
AcDbLine
 10
302.968597585154
 20
257.0000009582394
 30
0.0
 11
302.96861690271714
 21
257.00000382372923
 31
0.0
  0
LINE
  5
841
330
17
100
AcDbEntity
  8
VISIBLE
100
AcDbLine
 10
302.96861690271714
 20
257.00000382372923
 30
0.0
 11
302.96863584639385
 21
257.00000856887317
 31
0.0
  0
LINE
  5
842
330
17
100
AcDbEntity
  8
VISIBLE
100
AcDbLine
 10
302.96863584639385
 20
257.00000856887317
 30
0.0
 11
302.9686542337461
 21
257.00001514797304
 31
0.0
  0
LINE
  5
843
330
17
100
AcDbEntity
  8
VISIBLE
100
AcDbLine
 10
302.9686542337461
 20
257.00001514797304
 30
0.0
 11
302.9686718876937
 21
257.0000234976684
 31
0.0
  0
LINE
  5
844
330
17
100
AcDbEntity
  8
VISIBLE
100
AcDbLine
 10
302.9686718876937
 20
257.0000234976684
 30
0.0
 11
302.9686886382194
 21
257.00003353754715
 31
0.0
  0
LINE
  5
845
330
17
100
AcDbEntity
  8
VISIBLE
100
AcDbLine
 10
302.9686886382194
 20
257.00003353754715
 30
0.0
 11
302.96870432400664
 21
257.00004517091975
 31
0.0
  0
LINE
  5
846
330
17
100
AcDbEntity
  8
VISIBLE
100
AcDbLine
 10
302.96870432400664
 20
257.00004517091975
 30
0.0
 11
302.96871879399254
 21
257.0000582857505
 31
0.0
  0
LINE
  5
847
330
17
100
AcDbEntity
  8
VISIBLE
100
AcDbLine
 10
302.96871879399254
 20
257.0000582857505
 30
0.0
 11
302.96873190882326
 21
257.0000727557364
 31
0.0
  0
LINE
  5
848
330
17
100
AcDbEntity
  8
VISIBLE
100
AcDbLine
 10
302.96873190882326
 20
257.0000727557364
 30
0.0
 11
302.9687435421959
 21
257.00008844152364
 31
0.0
  0
LINE
  5
849
330
17
100
AcDbEntity
  8
VISIBLE
100
AcDbLine
 10
302.9687435421959
 20
257.00008844152364
 30
0.0
 11
302.96875358207467
 21
257.0001051920494
 31
0.0
  0
LINE
  5
84A
330
17
100
AcDbEntity
  8
VISIBLE
100
AcDbLine
 10
302.96875358207467
 20
257.0001051920494
 30
0.0
 11
302.96876193177
 21
257.00012284599694
 31
0.0
  0
LINE
  5
84B
330
17
100
AcDbEntity
  8
VISIBLE
100
AcDbLine
 10
302.96876193177
 20
257.00012284599694
 30
0.0
 11
302.9687685108699
 21
257.0001412333492
 31
0.0
  0
LINE
  5
84C
330
17
100
AcDbEntity
  8
VISIBLE
100
AcDbLine
 10
302.9687685108699
 20
257.0001412333492
 30
0.0
 11
302.9687732560139
 21
257.0001601770259
 31
0.0
  0
LINE
  5
84D
330
17
100
AcDbEntity
  8
VISIBLE
100
AcDbLine
 10
302.9687732560139
 20
257.0001601770259
 30
0.0
 11
302.96877612150365
 21
257.0001794945891
 31
0.0
  0
LINE
  5
84E
330
17
100
AcDbEntity
  8
VISIBLE
100
AcDbLine
 10
302.96877612150365
 20
257.0001794945891
 30
0.0
 11
302.96877707974306
 21
257.000199
 31
0.0
  0
LINE
  5
84F
330
17
100
AcDbEntity
  8
VISIBLE
100
AcDbLine
 10
302.96877707974306
 20
257.000199
 30
0.0
 11
302.96877707974306
 21
299.999801
 31
0.0
  0
LINE
  5
850
330
17
100
AcDbEntity
  8
VISIBLE
100
AcDbLine
 10
302.96877707974306
 20
299.999801
 30
0.0
 11
302.96877612150365
 21
299.9998205054109
 31
0.0
  0
LINE
  5
851
330
17
100
AcDbEntity
  8
VISIBLE
100
AcDbLine
 10
302.96877612150365
 20
299.9998205054109
 30
0.0
 11
302.9687732560139
 21
299.9998398229741
 31
0.0
  0
LINE
  5
852
330
17
100
AcDbEntity
  8
VISIBLE
100
AcDbLine
 10
302.9687732560139
 20
299.9998398229741
 30
0.0
 11
302.9687685108699
 21
299.9998587666508
 31
0.0
  0
LINE
  5
853
330
17
100
AcDbEntity
  8
VISIBLE
100
AcDbLine
 10
302.9687685108699
 20
299.9998587666508
 30
0.0
 11
302.96876193177
 21
299.99987715400306
 31
0.0
  0
LINE
  5
854
330
17
100
AcDbEntity
  8
VISIBLE
100
AcDbLine
 10
302.96876193177
 20
299.99987715400306
 30
0.0
 11
302.96875358207467
 21
299.9998948079506
 31
0.0
  0
LINE
  5
855
330
17
100
AcDbEntity
  8
VISIBLE
100
AcDbLine
 10
302.96875358207467
 20
299.9998948079506
 30
0.0
 11
302.9687435421959
 21
299.99991155847636
 31
0.0
  0
LINE
  5
856
330
17
100
AcDbEntity
  8
VISIBLE
100
AcDbLine
 10
302.9687435421959
 20
299.99991155847636
 30
0.0
 11
302.96873190882326
 21
299.9999272442636
 31
0.0
  0
LINE
  5
857
330
17
100
AcDbEntity
  8
VISIBLE
100
AcDbLine
 10
302.96873190882326
 20
299.9999272442636
 30
0.0
 11
302.96871879399254
 21
299.9999417142495
 31
0.0
  0
LINE
  5
858
330
17
100
AcDbEntity
  8
VISIBLE
100
AcDbLine
 10
302.96871879399254
 20
299.9999417142495
 30
0.0
 11
302.96870432400664
 21
299.99995482908025
 31
0.0
  0
LINE
  5
859
330
17
100
AcDbEntity
  8
VISIBLE
100
AcDbLine
 10
302.96870432400664
 20
299.99995482908025
 30
0.0
 11
302.9686886382194
 21
299.99996646245285
 31
0.0
  0
LINE
  5
85A
330
17
100
AcDbEntity
  8
VISIBLE
100
AcDbLine
 10
302.9686886382194
 20
299.99996646245285
 30
0.0
 11
302.9686718876937
 21
299.9999765023316
 31
0.0
  0
LINE
  5
85B
330
17
100
AcDbEntity
  8
VISIBLE
100
AcDbLine
 10
302.9686718876937
 20
299.9999765023316
 30
0.0
 11
302.9686542337461
 21
299.99998485202696
 31
0.0
  0
LINE
  5
85C
330
17
100
AcDbEntity
  8
VISIBLE
100
AcDbLine
 10
302.9686542337461
 20
299.99998485202696
 30
0.0
 11
302.96863584639385
 21
299.99999143112683
 31
0.0
  0
LINE
  5
85D
330
17
100
AcDbEntity
  8
VISIBLE
100
AcDbLine
 10
302.96863584639385
 20
299.99999143112683
 30
0.0
 11
302.96861690271714
 21
299.99999617627077
 31
0.0
  0
LINE
  5
85E
330
17
100
AcDbEntity
  8
VISIBLE
100
AcDbLine
 10
302.96861690271714
 20
299.99999617627077
 30
0.0
 11
302.968597585154
 21
299.9999990417606
 31
0.0
  0
LINE
  5
85F
330
17
100
AcDbEntity
  8
VISIBLE
100
AcDbLine
 10
302.968597585154
 20
299.9999990417606
 30
0.0
 11
302.96857807974305
 21
300.0
 31
0.0
  0
LINE
  5
860
330
17
100
AcDbEntity
  8
VISIBLE
100
AcDbLine
 10
302.96857807974305
 20
300.0
 30
0.0
 11
283.9687819649189
 21
300.0
 31
0.0
  0
LINE
  5
861
330
17
100
AcDbEntity
  8
VISIBLE
100
AcDbLine
 10
283.9687819649189
 20
300.0
 30
0.0
 11
283.9687773084983
 21
300.0000002287553
 31
0.0
  0
LINE
  5
862
330
17
100
AcDbEntity
  8
VISIBLE
100
AcDbLine
 10
283.9687773084983
 20
300.0000002287553
 30
0.0
 11
283.96877707974306
 21
300.00000488517577
 31
0.0
  0
LINE
  5
863
330
17
100
AcDbEntity
  8
VISIBLE
100
AcDbLine
 10
283.96877707974306
 20
300.00000488517577
 30
0.0
 11
283.96877707974306
 21
306.99999511482423
 31
0.0
  0
LINE
  5
864
330
17
100
AcDbEntity
  8
VISIBLE
100
AcDbLine
 10
283.96877707974306
 20
306.99999511482423
 30
0.0
 11
283.9687773084983
 21
306.9999997712447
 31
0.0
  0
LINE
  5
865
330
17
100
AcDbEntity
  8
VISIBLE
100
AcDbLine
 10
283.9687773084983
 20
306.9999997712447
 30
0.0
 11
283.9687819649189
 21
307.0
 31
0.0
  0
LINE
  5
866
330
17
100
AcDbEntity
  8
VISIBLE
100
AcDbLine
 10
283.9687819649189
 20
307.0
 30
0.0
 11
302.96857807974305
 21
307.0
 31
0.0
  0
LINE
  5
867
330
17
100
AcDbEntity
  8
VISIBLE
100
AcDbLine
 10
302.96857807974305
 20
307.0
 30
0.0
 11
302.968597585154
 21
307.0000009582394
 31
0.0
  0
LINE
  5
868
330
17
100
AcDbEntity
  8
VISIBLE
100
AcDbLine
 10
302.968597585154
 20
307.0000009582394
 30
0.0
 11
302.96861690271714
 21
307.00000382372923
 31
0.0
  0
LINE
  5
869
330
17
100
AcDbEntity
  8
VISIBLE
100
AcDbLine
 10
302.96861690271714
 20
307.00000382372923
 30
0.0
 11
302.96863584639385
 21
307.00000856887317
 31
0.0
  0
LINE
  5
86A
330
17
100
AcDbEntity
  8
VISIBLE
100
AcDbLine
 10
302.96863584639385
 20
307.00000856887317
 30
0.0
 11
302.9686542337461
 21
307.00001514797304
 31
0.0
  0
LINE
  5
86B
330
17
100
AcDbEntity
  8
VISIBLE
100
AcDbLine
 10
302.9686542337461
 20
307.00001514797304
 30
0.0
 11
302.9686718876937
 21
307.0000234976684
 31
0.0
  0
LINE
  5
86C
330
17
100
AcDbEntity
  8
VISIBLE
100
AcDbLine
 10
302.9686718876937
 20
307.0000234976684
 30
0.0
 11
302.9686886382194
 21
307.00003353754715
 31
0.0
  0
LINE
  5
86D
330
17
100
AcDbEntity
  8
VISIBLE
100
AcDbLine
 10
302.9686886382194
 20
307.00003353754715
 30
0.0
 11
302.96870432400664
 21
307.00004517091975
 31
0.0
  0
LINE
  5
86E
330
17
100
AcDbEntity
  8
VISIBLE
100
AcDbLine
 10
302.96870432400664
 20
307.00004517091975
 30
0.0
 11
302.96871879399254
 21
307.0000582857505
 31
0.0
  0
LINE
  5
86F
330
17
100
AcDbEntity
  8
VISIBLE
100
AcDbLine
 10
302.96871879399254
 20
307.0000582857505
 30
0.0
 11
302.96873190882326
 21
307.0000727557364
 31
0.0
  0
LINE
  5
870
330
17
100
AcDbEntity
  8
VISIBLE
100
AcDbLine
 10
302.96873190882326
 20
307.0000727557364
 30
0.0
 11
302.9687435421959
 21
307.00008844152364
 31
0.0
  0
LINE
  5
871
330
17
100
AcDbEntity
  8
VISIBLE
100
AcDbLine
 10
302.9687435421959
 20
307.00008844152364
 30
0.0
 11
302.96875358207467
 21
307.0001051920494
 31
0.0
  0
LINE
  5
872
330
17
100
AcDbEntity
  8
VISIBLE
100
AcDbLine
 10
302.96875358207467
 20
307.0001051920494
 30
0.0
 11
302.96876193177
 21
307.00012284599694
 31
0.0
  0
LINE
  5
873
330
17
100
AcDbEntity
  8
VISIBLE
100
AcDbLine
 10
302.96876193177
 20
307.00012284599694
 30
0.0
 11
302.9687685108699
 21
307.0001412333492
 31
0.0
  0
LINE
  5
874
330
17
100
AcDbEntity
  8
VISIBLE
100
AcDbLine
 10
302.9687685108699
 20
307.0001412333492
 30
0.0
 11
302.9687732560139
 21
307.0001601770259
 31
0.0
  0
LINE
  5
875
330
17
100
AcDbEntity
  8
VISIBLE
100
AcDbLine
 10
302.9687732560139
 20
307.0001601770259
 30
0.0
 11
302.96877612150365
 21
307.0001794945891
 31
0.0
  0
LINE
  5
876
330
17
100
AcDbEntity
  8
VISIBLE
100
AcDbLine
 10
302.96877612150365
 20
307.0001794945891
 30
0.0
 11
302.96877707974306
 21
307.000199
 31
0.0
  0
LINE
  5
877
330
17
100
AcDbEntity
  8
VISIBLE
100
AcDbLine
 10
302.96877707974306
 20
307.000199
 30
0.0
 11
302.96877707974306
 21
357.4999951148242
 31
0.0
  0
LINE
  5
878
330
17
100
AcDbEntity
  8
VISIBLE
100
AcDbLine
 10
302.96877707974306
 20
357.4999951148242
 30
0.0
 11
302.9687773084983
 21
357.49999977124475
 31
0.0
  0
LINE
  5
879
330
17
100
AcDbEntity
  8
VISIBLE
100
AcDbLine
 10
302.9687773084983
 20
357.49999977124475
 30
0.0
 11
302.9687819649188
 21
357.5
 31
0.0
  0
LINE
  5
87A
330
17
100
AcDbEntity
  8
VISIBLE
100
AcDbLine
 10
302.9687819649188
 20
357.5
 30
0.0
 11
310.96877219456735
 21
357.5
 31
0.0
  0
LINE
  5
87B
330
17
100
AcDbEntity
  8
VISIBLE
100
AcDbLine
 10
310.96877219456735
 20
357.5
 30
0.0
 11
310.9687768509878
 21
357.49999977124475
 31
0.0
  0
LINE
  5
87C
330
17
100
AcDbEntity
  8
VISIBLE
100
AcDbLine
 10
310.9687768509878
 20
357.49999977124475
 30
0.0
 11
310.96877707974306
 21
357.4999951148242
 31
0.0
  0
LINE
  5
87D
330
17
100
AcDbEntity
  8
VISIBLE
100
AcDbLine
 10
310.96877707974306
 20
357.4999951148242
 30
0.0
 11
310.96877707974306
 21
307.000199
 31
0.0
  0
LINE
  5
87E
330
17
100
AcDbEntity
  8
VISIBLE
100
AcDbLine
 10
310.96877707974306
 20
307.000199
 30
0.0
 11
310.9687780379825
 21
307.0001794945891
 31
0.0
  0
LINE
  5
87F
330
17
100
AcDbEntity
  8
VISIBLE
100
AcDbLine
 10
310.9687780379825
 20
307.0001794945891
 30
0.0
 11
310.96878090347224
 21
307.0001601770259
 31
0.0
  0
LINE
  5
880
330
17
100
AcDbEntity
  8
VISIBLE
100
AcDbLine
 10
310.96878090347224
 20
307.0001601770259
 30
0.0
 11
310.96878564861623
 21
307.0001412333492
 31
0.0
  0
LINE
  5
881
330
17
100
AcDbEntity
  8
VISIBLE
100
AcDbLine
 10
310.96878564861623
 20
307.0001412333492
 30
0.0
 11
310.9687922277161
 21
307.00012284599694
 31
0.0
  0
LINE
  5
882
330
17
100
AcDbEntity
  8
VISIBLE
100
AcDbLine
 10
310.9687922277161
 20
307.00012284599694
 30
0.0
 11
310.96880057741146
 21
307.0001051920494
 31
0.0
  0
LINE
  5
883
330
17
100
AcDbEntity
  8
VISIBLE
100
AcDbLine
 10
310.96880057741146
 20
307.0001051920494
 30
0.0
 11
310.9688106172902
 21
307.00008844152364
 31
0.0
  0
LINE
  5
884
330
17
100
AcDbEntity
  8
VISIBLE
100
AcDbLine
 10
310.9688106172902
 20
307.00008844152364
 30
0.0
 11
310.96882225066287
 21
307.0000727557364
 31
0.0
  0
LINE
  5
885
330
17
100
AcDbEntity
  8
VISIBLE
100
AcDbLine
 10
310.96882225066287
 20
307.0000727557364
 30
0.0
 11
310.9688353654936
 21
307.0000582857505
 31
0.0
  0
LINE
  5
886
330
17
100
AcDbEntity
  8
VISIBLE
100
AcDbLine
 10
310.9688353654936
 20
307.0000582857505
 30
0.0
 11
310.9688498354795
 21
307.00004517091975
 31
0.0
  0
LINE
  5
887
330
17
100
AcDbEntity
  8
VISIBLE
100
AcDbLine
 10
310.9688498354795
 20
307.00004517091975
 30
0.0
 11
310.9688655212667
 21
307.00003353754715
 31
0.0
  0
LINE
  5
888
330
17
100
AcDbEntity
  8
VISIBLE
100
AcDbLine
 10
310.9688655212667
 20
307.00003353754715
 30
0.0
 11
310.96888227179244
 21
307.0000234976684
 31
0.0
  0
LINE
  5
889
330
17
100
AcDbEntity
  8
VISIBLE
100
AcDbLine
 10
310.96888227179244
 20
307.0000234976684
 30
0.0
 11
310.96889992574
 21
307.00001514797304
 31
0.0
  0
LINE
  5
88A
330
17
100
AcDbEntity
  8
VISIBLE
100
AcDbLine
 10
310.96889992574
 20
307.00001514797304
 30
0.0
 11
310.9689183130923
 21
307.00000856887317
 31
0.0
  0
LINE
  5
88B
330
17
100
AcDbEntity
  8
VISIBLE
100
AcDbLine
 10
310.9689183130923
 20
307.00000856887317
 30
0.0
 11
310.968937256769
 21
307.00000382372923
 31
0.0
  0
LINE
  5
88C
330
17
100
AcDbEntity
  8
VISIBLE
100
AcDbLine
 10
310.968937256769
 20
307.00000382372923
 30
0.0
 11
310.96895657433214
 21
307.0000009582394
 31
0.0
  0
LINE
  5
88D
330
17
100
AcDbEntity
  8
VISIBLE
100
AcDbLine
 10
310.96895657433214
 20
307.0000009582394
 30
0.0
 11
310.9689760797431
 21
307.0
 31
0.0
  0
LINE
  5
88E
330
17
100
AcDbEntity
  8
VISIBLE
100
AcDbLine
 10
310.9689760797431
 20
307.0
 30
0.0
 11
329.96877219456724
 21
307.0
 31
0.0
  0
LINE
  5
88F
330
17
100
AcDbEntity
  8
VISIBLE
100
AcDbLine
 10
329.96877219456724
 20
307.0
 30
0.0
 11
329.9687768509878
 21
306.9999997712447
 31
0.0
  0
LINE
  5
890
330
17
100
AcDbEntity
  8
VISIBLE
100
AcDbLine
 10
329.9687768509878
 20
306.9999997712447
 30
0.0
 11
329.96877707974306
 21
306.99999511482423
 31
0.0
  0
LINE
  5
891
330
17
100
AcDbEntity
  8
VISIBLE
100
AcDbLine
 10
329.96877707974306
 20
306.99999511482423
 30
0.0
 11
329.96877707974306
 21
300.00000488517577
 31
0.0
  0
LINE
  5
892
330
17
100
AcDbEntity
  8
VISIBLE
100
AcDbLine
 10
329.96877707974306
 20
300.00000488517577
 30
0.0
 11
329.9687768509878
 21
300.0000002287553
 31
0.0
  0
LINE
  5
893
330
17
100
AcDbEntity
  8
VISIBLE
100
AcDbLine
 10
329.9687768509878
 20
300.0000002287553
 30
0.0
 11
329.96877219456724
 21
300.0
 31
0.0
  0
LINE
  5
894
330
17
100
AcDbEntity
  8
VISIBLE
100
AcDbLine
 10
329.96877219456724
 20
300.0
 30
0.0
 11
310.9689760797431
 21
300.0
 31
0.0
  0
LINE
  5
895
330
17
100
AcDbEntity
  8
VISIBLE
100
AcDbLine
 10
310.9689760797431
 20
300.0
 30
0.0
 11
310.96895657433214
 21
299.9999990417606
 31
0.0
  0
LINE
  5
896
330
17
100
AcDbEntity
  8
VISIBLE
100
AcDbLine
 10
310.96895657433214
 20
299.9999990417606
 30
0.0
 11
310.968937256769
 21
299.99999617627077
 31
0.0
  0
LINE
  5
897
330
17
100
AcDbEntity
  8
VISIBLE
100
AcDbLine
 10
310.968937256769
 20
299.99999617627077
 30
0.0
 11
310.9689183130923
 21
299.99999143112683
 31
0.0
  0
LINE
  5
898
330
17
100
AcDbEntity
  8
VISIBLE
100
AcDbLine
 10
310.9689183130923
 20
299.99999143112683
 30
0.0
 11
310.96889992574
 21
299.99998485202696
 31
0.0
  0
LINE
  5
899
330
17
100
AcDbEntity
  8
VISIBLE
100
AcDbLine
 10
310.96889992574
 20
299.99998485202696
 30
0.0
 11
310.96888227179244
 21
299.9999765023316
 31
0.0
  0
LINE
  5
89A
330
17
100
AcDbEntity
  8
VISIBLE
100
AcDbLine
 10
310.96888227179244
 20
299.9999765023316
 30
0.0
 11
310.9688655212667
 21
299.99996646245285
 31
0.0
  0
LINE
  5
89B
330
17
100
AcDbEntity
  8
VISIBLE
100
AcDbLine
 10
310.9688655212667
 20
299.99996646245285
 30
0.0
 11
310.9688498354795
 21
299.99995482908025
 31
0.0
  0
LINE
  5
89C
330
17
100
AcDbEntity
  8
VISIBLE
100
AcDbLine
 10
310.9688498354795
 20
299.99995482908025
 30
0.0
 11
310.9688353654936
 21
299.9999417142495
 31
0.0
  0
LINE
  5
89D
330
17
100
AcDbEntity
  8
VISIBLE
100
AcDbLine
 10
310.9688353654936
 20
299.9999417142495
 30
0.0
 11
310.96882225066287
 21
299.9999272442636
 31
0.0
  0
LINE
  5
89E
330
17
100
AcDbEntity
  8
VISIBLE
100
AcDbLine
 10
310.96882225066287
 20
299.9999272442636
 30
0.0
 11
310.9688106172902
 21
299.99991155847636
 31
0.0
  0
LINE
  5
89F
330
17
100
AcDbEntity
  8
VISIBLE
100
AcDbLine
 10
310.9688106172902
 20
299.99991155847636
 30
0.0
 11
310.96880057741146
 21
299.9998948079506
 31
0.0
  0
LINE
  5
8A0
330
17
100
AcDbEntity
  8
VISIBLE
100
AcDbLine
 10
310.96880057741146
 20
299.9998948079506
 30
0.0
 11
310.9687922277161
 21
299.99987715400306
 31
0.0
  0
LINE
  5
8A1
330
17
100
AcDbEntity
  8
VISIBLE
100
AcDbLine
 10
310.9687922277161
 20
299.99987715400306
 30
0.0
 11
310.96878564861623
 21
299.9998587666508
 31
0.0
  0
LINE
  5
8A2
330
17
100
AcDbEntity
  8
VISIBLE
100
AcDbLine
 10
310.96878564861623
 20
299.9998587666508
 30
0.0
 11
310.96878090347224
 21
299.9998398229741
 31
0.0
  0
LINE
  5
8A3
330
17
100
AcDbEntity
  8
VISIBLE
100
AcDbLine
 10
310.96878090347224
 20
299.9998398229741
 30
0.0
 11
310.9687780379825
 21
299.9998205054109
 31
0.0
  0
LINE
  5
8A4
330
17
100
AcDbEntity
  8
VISIBLE
100
AcDbLine
 10
310.9687780379825
 20
299.9998205054109
 30
0.0
 11
310.96877707974306
 21
299.999801
 31
0.0
  0
LINE
  5
8A5
330
17
100
AcDbEntity
  8
VISIBLE
100
AcDbLine
 10
310.96877707974306
 20
299.999801
 30
0.0
 11
310.96877707974306
 21
257.000199
 31
0.0
  0
LINE
  5
8A6
330
17
100
AcDbEntity
  8
VISIBLE
100
AcDbLine
 10
310.96877707974306
 20
257.000199
 30
0.0
 11
310.9687780379825
 21
257.0001794945891
 31
0.0
  0
LINE
  5
8A7
330
17
100
AcDbEntity
  8
VISIBLE
100
AcDbLine
 10
310.9687780379825
 20
257.0001794945891
 30
0.0
 11
310.96878090347224
 21
257.0001601770259
 31
0.0
  0
LINE
  5
8A8
330
17
100
AcDbEntity
  8
VISIBLE
100
AcDbLine
 10
310.96878090347224
 20
257.0001601770259
 30
0.0
 11
310.96878564861623
 21
257.0001412333492
 31
0.0
  0
LINE
  5
8A9
330
17
100
AcDbEntity
  8
VISIBLE
100
AcDbLine
 10
310.96878564861623
 20
257.0001412333492
 30
0.0
 11
310.9687922277161
 21
257.00012284599694
 31
0.0
  0
LINE
  5
8AA
330
17
100
AcDbEntity
  8
VISIBLE
100
AcDbLine
 10
310.9687922277161
 20
257.00012284599694
 30
0.0
 11
310.96880057741146
 21
257.0001051920494
 31
0.0
  0
LINE
  5
8AB
330
17
100
AcDbEntity
  8
VISIBLE
100
AcDbLine
 10
310.96880057741146
 20
257.0001051920494
 30
0.0
 11
310.9688106172902
 21
257.00008844152364
 31
0.0
  0
LINE
  5
8AC
330
17
100
AcDbEntity
  8
VISIBLE
100
AcDbLine
 10
310.9688106172902
 20
257.00008844152364
 30
0.0
 11
310.96882225066287
 21
257.0000727557364
 31
0.0
  0
LINE
  5
8AD
330
17
100
AcDbEntity
  8
VISIBLE
100
AcDbLine
 10
310.96882225066287
 20
257.0000727557364
 30
0.0
 11
310.9688353654936
 21
257.0000582857505
 31
0.0
  0
LINE
  5
8AE
330
17
100
AcDbEntity
  8
VISIBLE
100
AcDbLine
 10
310.9688353654936
 20
257.0000582857505
 30
0.0
 11
310.9688498354795
 21
257.00004517091975
 31
0.0
  0
LINE
  5
8AF
330
17
100
AcDbEntity
  8
VISIBLE
100
AcDbLine
 10
310.9688498354795
 20
257.00004517091975
 30
0.0
 11
310.9688655212667
 21
257.00003353754715
 31
0.0
  0
LINE
  5
8B0
330
17
100
AcDbEntity
  8
VISIBLE
100
AcDbLine
 10
310.9688655212667
 20
257.00003353754715
 30
0.0
 11
310.96888227179244
 21
257.0000234976684
 31
0.0
  0
LINE
  5
8B1
330
17
100
AcDbEntity
  8
VISIBLE
100
AcDbLine
 10
310.96888227179244
 20
257.0000234976684
 30
0.0
 11
310.96889992574
 21
257.00001514797304
 31
0.0
  0
LINE
  5
8B2
330
17
100
AcDbEntity
  8
VISIBLE
100
AcDbLine
 10
310.96889992574
 20
257.00001514797304
 30
0.0
 11
310.9689183130923
 21
257.00000856887317
 31
0.0
  0
LINE
  5
8B3
330
17
100
AcDbEntity
  8
VISIBLE
100
AcDbLine
 10
310.9689183130923
 20
257.00000856887317
 30
0.0
 11
310.968937256769
 21
257.00000382372923
 31
0.0
  0
LINE
  5
8B4
330
17
100
AcDbEntity
  8
VISIBLE
100
AcDbLine
 10
310.968937256769
 20
257.00000382372923
 30
0.0
 11
310.96895657433214
 21
257.0000009582394
 31
0.0
  0
LINE
  5
8B5
330
17
100
AcDbEntity
  8
VISIBLE
100
AcDbLine
 10
310.96895657433214
 20
257.0000009582394
 30
0.0
 11
310.9689760797431
 21
257.0
 31
0.0
  0
LINE
  5
8B6
330
17
100
AcDbEntity
  8
VISIBLE
100
AcDbLine
 10
310.9689760797431
 20
257.0
 30
0.0
 11
329.96877219456724
 21
257.0
 31
0.0
  0
LINE
  5
8B7
330
17
100
AcDbEntity
  8
VISIBLE
100
AcDbLine
 10
329.96877219456724
 20
257.0
 30
0.0
 11
329.9687768509878
 21
256.9999997712447
 31
0.0
  0
LINE
  5
8B8
330
17
100
AcDbEntity
  8
VISIBLE
100
AcDbLine
 10
329.9687768509878
 20
256.9999997712447
 30
0.0
 11
329.96877707974306
 21
256.99999511482423
 31
0.0
  0
LINE
  5
8B9
330
17
100
AcDbEntity
  8
VISIBLE
100
AcDbLine
 10
329.96877707974306
 20
256.99999511482423
 30
0.0
 11
329.96877707974306
 21
250.00000488517577
 31
0.0
  0
LINE
  5
8BA
330
17
100
AcDbEntity
  8
VISIBLE
100
AcDbLine
 10
329.96877707974306
 20
250.00000488517577
 30
0.0
 11
329.9687768509878
 21
250.00000022875528
 31
0.0
  0
LINE
  5
8BB
330
17
100
AcDbEntity
  8
VISIBLE
100
AcDbLine
 10
329.9687768509878
 20
250.00000022875528
 30
0.0
 11
329.96877219456724
 21
250.0
 31
0.0
  0
LINE
  5
8BC
330
17
100
AcDbEntity
  8
VISIBLE
100
AcDbLine
 10
329.96877219456724
 20
250.0
 30
0.0
 11
310.9689760797431
 21
250.0
 31
0.0
  0
LINE
  5
8BD
330
17
100
AcDbEntity
  8
VISIBLE
100
AcDbLine
 10
310.9689760797431
 20
250.0
 30
0.0
 11
310.96895657433214
 21
249.99999904176062
 31
0.0
  0
LINE
  5
8BE
330
17
100
AcDbEntity
  8
VISIBLE
100
AcDbLine
 10
310.96895657433214
 20
249.99999904176062
 30
0.0
 11
310.968937256769
 21
249.9999961762708
 31
0.0
  0
LINE
  5
8BF
330
17
100
AcDbEntity
  8
VISIBLE
100
AcDbLine
 10
310.968937256769
 20
249.9999961762708
 30
0.0
 11
310.9689183130923
 21
249.99999143112683
 31
0.0
  0
LINE
  5
8C0
330
17
100
AcDbEntity
  8
VISIBLE
100
AcDbLine
 10
310.9689183130923
 20
249.99999143112683
 30
0.0
 11
310.96889992574
 21
249.99998485202696
 31
0.0
  0
LINE
  5
8C1
330
17
100
AcDbEntity
  8
VISIBLE
100
AcDbLine
 10
310.96889992574
 20
249.99998485202696
 30
0.0
 11
310.96888227179244
 21
249.9999765023316
 31
0.0
  0
LINE
  5
8C2
330
17
100
AcDbEntity
  8
VISIBLE
100
AcDbLine
 10
310.96888227179244
 20
249.9999765023316
 30
0.0
 11
310.9688655212667
 21
249.99996646245285
 31
0.0
  0
LINE
  5
8C3
330
17
100
AcDbEntity
  8
VISIBLE
100
AcDbLine
 10
310.9688655212667
 20
249.99996646245285
 30
0.0
 11
310.9688498354795
 21
249.99995482908022
 31
0.0
  0
LINE
  5
8C4
330
17
100
AcDbEntity
  8
VISIBLE
100
AcDbLine
 10
310.9688498354795
 20
249.99995482908022
 30
0.0
 11
310.9688353654936
 21
249.99994171424947
 31
0.0
  0
LINE
  5
8C5
330
17
100
AcDbEntity
  8
VISIBLE
100
AcDbLine
 10
310.9688353654936
 20
249.99994171424947
 30
0.0
 11
310.96882225066287
 21
249.99992724426357
 31
0.0
  0
LINE
  5
8C6
330
17
100
AcDbEntity
  8
VISIBLE
100
AcDbLine
 10
310.96882225066287
 20
249.99992724426357
 30
0.0
 11
310.9688106172902
 21
249.99991155847636
 31
0.0
  0
LINE
  5
8C7
330
17
100
AcDbEntity
  8
VISIBLE
100
AcDbLine
 10
310.9688106172902
 20
249.99991155847636
 30
0.0
 11
310.96880057741146
 21
249.99989480795062
 31
0.0
  0
LINE
  5
8C8
330
17
100
AcDbEntity
  8
VISIBLE
100
AcDbLine
 10
310.96880057741146
 20
249.99989480795062
 30
0.0
 11
310.9687922277161
 21
249.99987715400306
 31
0.0
  0
LINE
  5
8C9
330
17
100
AcDbEntity
  8
VISIBLE
100
AcDbLine
 10
310.9687922277161
 20
249.99987715400306
 30
0.0
 11
310.96878564861623
 21
249.9998587666508
 31
0.0
  0
LINE
  5
8CA
330
17
100
AcDbEntity
  8
VISIBLE
100
AcDbLine
 10
310.96878564861623
 20
249.9998587666508
 30
0.0
 11
310.96878090347224
 21
249.99983982297408
 31
0.0
  0
LINE
  5
8CB
330
17
100
AcDbEntity
  8
VISIBLE
100
AcDbLine
 10
310.96878090347224
 20
249.99983982297408
 30
0.0
 11
310.9687780379825
 21
249.99982050541092
 31
0.0
  0
LINE
  5
8CC
330
17
100
AcDbEntity
  8
VISIBLE
100
AcDbLine
 10
310.9687780379825
 20
249.99982050541092
 30
0.0
 11
310.96877707974306
 21
249.999801
 31
0.0
  0
LINE
  5
8CD
330
17
100
AcDbEntity
  8
VISIBLE
100
AcDbLine
 10
310.96877707974306
 20
249.999801
 30
0.0
 11
310.96877707974306
 21
181.5000048851758
 31
0.0
  0
LINE
  5
8CE
330
17
100
AcDbEntity
  8
VISIBLE
100
AcDbLine
 10
310.96877707974306
 20
181.5000048851758
 30
0.0
 11
310.9687768509878
 21
181.50000022875528
 31
0.0
  0
LINE
  5
8CF
330
17
100
AcDbEntity
  8
VISIBLE
100
AcDbLine
 10
310.9687768509878
 20
181.50000022875528
 30
0.0
 11
310.96877219456724
 21
181.5
 31
0.0
  0
LINE
  5
8D0
330
17
100
AcDbEntity
  8
VISIBLE
100
AcDbLine
 10
310.96877219456724
 20
181.5
 30
0.0
 11
302.9687819649189
 21
181.5
 31
0.0
  0
LINE
  5
8D1
330
17
100
AcDbEntity
  8
VISIBLE
100
AcDbLine
 10
302.9687819649189
 20
181.5
 30
0.0
 11
302.9687773084983
 21
181.50000022875528
 31
0.0
  0
LINE
  5
8D2
330
17
100
AcDbEntity
  8
VISIBLE
100
AcDbLine
 10
302.9687773084983
 20
181.50000022875528
 30
0.0
 11
302.96877707974306
 21
181.5000048851758
 31
0.0
  0
LINE
  5
8D3
330
17
100
AcDbEntity
  8
VISIBLE
100
AcDbLine
 10
302.96877707974306
 20
181.5000048851758
 30
0.0
 11
302.96877707974306
 21
249.999801
 31
0.0
  0
LINE
  5
8D4
330
17
100
AcDbEntity
  8
VISIBLE
100
AcDbLine
 10
302.96877707974306
 20
249.999801
 30
0.0
 11
302.96877612150365
 21
249.99982050541092
 31
0.0
  0
LINE
  5
8D5
330
17
100
AcDbEntity
  8
VISIBLE
100
AcDbLine
 10
302.96877612150365
 20
249.99982050541092
 30
0.0
 11
302.9687732560139
 21
249.99983982297408
 31
0.0
  0
LINE
  5
8D6
330
17
100
AcDbEntity
  8
VISIBLE
100
AcDbLine
 10
302.9687732560139
 20
249.99983982297408
 30
0.0
 11
302.9687685108699
 21
249.9998587666508
 31
0.0
  0
LINE
  5
8D7
330
17
100
AcDbEntity
  8
VISIBLE
100
AcDbLine
 10
302.9687685108699
 20
249.9998587666508
 30
0.0
 11
302.96876193177
 21
249.99987715400306
 31
0.0
  0
LINE
  5
8D8
330
17
100
AcDbEntity
  8
VISIBLE
100
AcDbLine
 10
302.96876193177
 20
249.99987715400306
 30
0.0
 11
302.96875358207467
 21
249.99989480795062
 31
0.0
  0
LINE
  5
8D9
330
17
100
AcDbEntity
  8
VISIBLE
100
AcDbLine
 10
302.96875358207467
 20
249.99989480795062
 30
0.0
 11
302.9687435421959
 21
249.99991155847636
 31
0.0
  0
LINE
  5
8DA
330
17
100
AcDbEntity
  8
VISIBLE
100
AcDbLine
 10
302.9687435421959
 20
249.99991155847636
 30
0.0
 11
302.96873190882326
 21
249.99992724426357
 31
0.0
  0
LINE
  5
8DB
330
17
100
AcDbEntity
  8
VISIBLE
100
AcDbLine
 10
302.96873190882326
 20
249.99992724426357
 30
0.0
 11
302.96871879399254
 21
249.99994171424947
 31
0.0
  0
LINE
  5
8DC
330
17
100
AcDbEntity
  8
VISIBLE
100
AcDbLine
 10
302.96871879399254
 20
249.99994171424947
 30
0.0
 11
302.96870432400664
 21
249.99995482908022
 31
0.0
  0
LINE
  5
8DD
330
17
100
AcDbEntity
  8
VISIBLE
100
AcDbLine
 10
302.96870432400664
 20
249.99995482908022
 30
0.0
 11
302.9686886382194
 21
249.99996646245285
 31
0.0
  0
LINE
  5
8DE
330
17
100
AcDbEntity
  8
VISIBLE
100
AcDbLine
 10
302.9686886382194
 20
249.99996646245285
 30
0.0
 11
302.9686718876937
 21
249.9999765023316
 31
0.0
  0
LINE
  5
8DF
330
17
100
AcDbEntity
  8
VISIBLE
100
AcDbLine
 10
302.9686718876937
 20
249.9999765023316
 30
0.0
 11
302.9686542337461
 21
249.99998485202696
 31
0.0
  0
LINE
  5
8E0
330
17
100
AcDbEntity
  8
VISIBLE
100
AcDbLine
 10
302.9686542337461
 20
249.99998485202696
 30
0.0
 11
302.96863584639385
 21
249.99999143112683
 31
0.0
  0
LINE
  5
8E1
330
17
100
AcDbEntity
  8
VISIBLE
100
AcDbLine
 10
302.96863584639385
 20
249.99999143112683
 30
0.0
 11
302.96861690271714
 21
249.9999961762708
 31
0.0
  0
LINE
  5
8E2
330
17
100
AcDbEntity
  8
VISIBLE
100
AcDbLine
 10
302.96861690271714
 20
249.9999961762708
 30
0.0
 11
302.968597585154
 21
249.99999904176062
 31
0.0
  0
LINE
  5
8E3
330
17
100
AcDbEntity
  8
VISIBLE
100
AcDbLine
 10
302.968597585154
 20
249.99999904176062
 30
0.0
 11
302.96857807974305
 21
250.0
 31
0.0
  0
LINE
  5
8E4
330
17
100
AcDbEntity
  8
VISIBLE
100
AcDbLine
 10
302.96857807974305
 20
250.0
 30
0.0
 11
283.9687819649189
 21
250.0
 31
0.0
  0
LINE
  5
8E5
330
17
100
AcDbEntity
  8
VISIBLE
100
AcDbLine
 10
283.9687819649189
 20
250.0
 30
0.0
 11
283.9687773084983
 21
250.00000022875528
 31
0.0
  0
LINE
  5
8E6
330
17
100
AcDbEntity
  8
VISIBLE
100
AcDbLine
 10
283.9687773084983
 20
250.00000022875528
 30
0.0
 11
283.96877707974306
 21
250.00000488517577
 31
0.0
  0
LINE
  5
8E7
330
17
100
AcDbEntity
  8
VISIBLE
100
AcDbLine
 10
283.96877707974306
 20
250.00000488517577
 30
0.0
 11
283.96877707974306
 21
256.99999511482423
 31
0.0
  0
LINE
  5
8E8
330
17
100
AcDbEntity
  8
OCULTA
100
AcDbLine
 10
309.46877707974306
 20
307.0
 30
0.0
 11
309.46877707974306
 21
307.0
 31
0.0
  0
LINE
  5
8E9
330
17
100
AcDbEntity
  8
OCULTA
100
AcDbLine
 10
309.46877707974306
 20
300.0
 30
0.0
 11
309.46877707974306
 21
300.0
 31
0.0
  0
LINE
  5
8EA
330
17
100
AcDbEntity
  8
OCULTA
100
AcDbLine
 10
310.96877707974306
 20
357.5
 30
0.0
 11
310.96021284596316
 21
357.5
 31
0.0
  0
LINE
  5
8EB
330
17
100
AcDbEntity
  8
OCULTA
100
AcDbLine
 10
310.96021284596316
 20
357.5
 30
0.0
 11
310.93455662266604
 21
357.5
 31
0.0
  0
LINE
  5
8EC
330
17
100
AcDbEntity
  8
OCULTA
100
AcDbLine
 10
310.93455662266604
 20
357.5
 30
0.0
 11
310.8919180823981
 21
357.5
 31
0.0
  0
LINE
  5
8ED
330
17
100
AcDbEntity
  8
OCULTA
100
AcDbLine
 10
310.8919180823981
 20
357.5
 30
0.0
 11
310.8324803306281
 21
357.5
 31
0.0
  0
LINE
  5
8EE
330
17
100
AcDbEntity
  8
OCULTA
100
AcDbLine
 10
310.8324803306281
 20
357.5
 30
0.0
 11
310.7564975215613
 21
357.5
 31
0.0
  0
LINE
  5
8EF
330
17
100
AcDbEntity
  8
OCULTA
100
AcDbLine
 10
310.7564975215613
 20
357.5
 30
0.0
 11
310.66429509655825
 21
357.5
 31
0.0
  0
LINE
  5
8F0
330
17
100
AcDbEntity
  8
OCULTA
100
AcDbLine
 10
310.66429509655825
 20
357.5
 30
0.0
 11
310.5562681152045
 21
357.5
 31
0.0
  0
LINE
  5
8F1
330
17
100
AcDbEntity
  8
OCULTA
100
AcDbLine
 10
310.5562681152045
 20
357.5
 30
0.0
 11
310.4328786327063
 21
357.5
 31
0.0
  0
LINE
  5
8F2
330
17
100
AcDbEntity
  8
OCULTA
100
AcDbLine
 10
310.4328786327063
 20
357.5
 30
0.0
 11
310.2946554614722
 21
357.5
 31
0.0
  0
LINE
  5
8F3
330
17
100
AcDbEntity
  8
OCULTA
100
AcDbLine
 10
310.2946554614722
 20
357.5
 30
0.0
 11
310.1421903564154
 21
357.5
 31
0.0
  0
LINE
  5
8F4
330
17
100
AcDbEntity
  8
OCULTA
100
AcDbLine
 10
310.1421903564154
 20
357.5
 30
0.0
 11
309.9761363460242
 21
357.5
 31
0.0
  0
LINE
  5
8F5
330
17
100
AcDbEntity
  8
OCULTA
100
AcDbLine
 10
309.9761363460242
 20
357.5
 30
0.0
 11
309.7972041560828
 21
357.5
 31
0.0
  0
LINE
  5
8F6
330
17
100
AcDbEntity
  8
OCULTA
100
AcDbLine
 10
309.7972041560828
 20
357.5
 30
0.0
 11
309.606160302323
 21
357.5
 31
0.0
  0
LINE
  5
8F7
330
17
100
AcDbEntity
  8
OCULTA
100
AcDbLine
 10
309.606160302323
 20
357.5
 30
0.0
 11
309.4038227988898
 21
357.5
 31
0.0
  0
LINE
  5
8F8
330
17
100
AcDbEntity
  8
OCULTA
100
AcDbLine
 10
309.4038227988898
 20
357.5
 30
0.0
 11
309.19105805889956
 21
357.5
 31
0.0
  0
LINE
  5
8F9
330
17
100
AcDbEntity
  8
OCULTA
100
AcDbLine
 10
309.19105805889956
 20
357.5
 30
0.0
 11
308.96877707974306
 21
357.5
 31
0.0
  0
LINE
  5
8FA
330
17
100
AcDbEntity
  8
OCULTA
100
AcDbLine
 10
308.96877707974306
 20
357.5
 30
0.0
 11
308.73793186680666
 21
357.5
 31
0.0
  0
LINE
  5
8FB
330
17
100
AcDbEntity
  8
OCULTA
100
AcDbLine
 10
308.73793186680666
 20
357.5
 30
0.0
 11
308.49951078431
 21
357.5
 31
0.0
  0
LINE
  5
8FC
330
17
100
AcDbEntity
  8
OCULTA
100
AcDbLine
 10
308.49951078431
 20
357.5
 30
0.0
 11
308.2545349790274
 21
357.5
 31
0.0
  0
LINE
  5
8FD
330
17
100
AcDbEntity
  8
OCULTA
100
AcDbLine
 10
308.2545349790274
 20
357.5
 30
0.0
 11
308.00405325428835
 21
357.5
 31
0.0
  0
LINE
  5
8FE
330
17
100
AcDbEntity
  8
OCULTA
100
AcDbLine
 10
308.00405325428835
 20
357.5
 30
0.0
 11
307.74913837448946
 21
357.5
 31
0.0
  0
LINE
  5
8FF
330
17
100
AcDbEntity
  8
OCULTA
100
AcDbLine
 10
307.74913837448946
 20
357.5
 30
0.0
 11
307.4908818198859
 21
357.5
 31
0.0
  0
LINE
  5
900
330
17
100
AcDbEntity
  8
OCULTA
100
AcDbLine
 10
307.4908818198859
 20
357.5
 30
0.0
 11
307.23038958446375
 21
357.5
 31
0.0
  0
LINE
  5
901
330
17
100
AcDbEntity
  8
OCULTA
100
AcDbLine
 10
329.96877707974306
 20
307.0
 30
0.0
 11
329.96877707974306
 21
307.0
 31
0.0
  0
LINE
  5
902
330
17
100
AcDbEntity
  8
OCULTA
100
AcDbLine
 10
329.96877707974306
 20
300.0
 30
0.0
 11
329.96877707974306
 21
300.0
 31
0.0
  0
LINE
  5
903
330
17
100
AcDbEntity
  8
OCULTA
100
AcDbLine
 10
329.96877707974306
 20
307.0
 30
0.0
 11
329.96877707974306
 21
300.0
 31
0.0
  0
LINE
  5
904
330
17
100
AcDbEntity
  8
OCULTA
100
AcDbLine
 10
310.96877707974306
 20
307.0
 30
0.0
 11
310.96021284596316
 21
307.0
 31
0.0
  0
LINE
  5
905
330
17
100
AcDbEntity
  8
OCULTA
100
AcDbLine
 10
310.96021284596316
 20
307.0
 30
0.0
 11
310.93455662266604
 21
307.0
 31
0.0
  0
LINE
  5
906
330
17
100
AcDbEntity
  8
OCULTA
100
AcDbLine
 10
310.93455662266604
 20
307.0
 30
0.0
 11
310.8919180823981
 21
307.0
 31
0.0
  0
LINE
  5
907
330
17
100
AcDbEntity
  8
OCULTA
100
AcDbLine
 10
310.8919180823981
 20
307.0
 30
0.0
 11
310.8324803306281
 21
307.0
 31
0.0
  0
LINE
  5
908
330
17
100
AcDbEntity
  8
OCULTA
100
AcDbLine
 10
310.8324803306281
 20
307.0
 30
0.0
 11
310.7564975215613
 21
307.0
 31
0.0
  0
LINE
  5
909
330
17
100
AcDbEntity
  8
OCULTA
100
AcDbLine
 10
310.7564975215613
 20
307.0
 30
0.0
 11
310.66429509655825
 21
307.0
 31
0.0
  0
LINE
  5
90A
330
17
100
AcDbEntity
  8
OCULTA
100
AcDbLine
 10
310.66429509655825
 20
307.0
 30
0.0
 11
310.5562681152045
 21
307.0
 31
0.0
  0
LINE
  5
90B
330
17
100
AcDbEntity
  8
OCULTA
100
AcDbLine
 10
310.5562681152045
 20
307.0
 30
0.0
 11
310.4328786327063
 21
307.0
 31
0.0
  0
LINE
  5
90C
330
17
100
AcDbEntity
  8
OCULTA
100
AcDbLine
 10
310.4328786327063
 20
307.0
 30
0.0
 11
310.2946554614722
 21
307.0
 31
0.0
  0
LINE
  5
90D
330
17
100
AcDbEntity
  8
OCULTA
100
AcDbLine
 10
310.2946554614722
 20
307.0
 30
0.0
 11
310.1421903564154
 21
307.0
 31
0.0
  0
LINE
  5
90E
330
17
100
AcDbEntity
  8
OCULTA
100
AcDbLine
 10
329.96877707974306
 20
307.0
 30
0.0
 11
310.0888837768256
 21
307.0
 31
0.0
  0
LINE
  5
90F
330
17
100
AcDbEntity
  8
OCULTA
100
AcDbLine
 10
310.1421903564154
 20
307.0
 30
0.0
 11
310.0888837768256
 21
307.0
 31
0.0
  0
LINE
  5
910
330
17
100
AcDbEntity
  8
OCULTA
100
AcDbLine
 10
309.46877707974306
 20
307.0
 30
0.0
 11
309.4038227988898
 21
307.0
 31
0.0
  0
LINE
  5
911
330
17
100
AcDbEntity
  8
OCULTA
100
AcDbLine
 10
309.4038227988898
 20
307.0
 30
0.0
 11
309.19105805889956
 21
307.0
 31
0.0
  0
LINE
  5
912
330
17
100
AcDbEntity
  8
OCULTA
100
AcDbLine
 10
309.19105805889956
 20
307.0
 30
0.0
 11
308.96877707974306
 21
307.0
 31
0.0
  0
LINE
  5
913
330
17
100
AcDbEntity
  8
OCULTA
100
AcDbLine
 10
308.96877707974306
 20
307.0
 30
0.0
 11
308.73793186680666
 21
307.0
 31
0.0
  0
LINE
  5
914
330
17
100
AcDbEntity
  8
OCULTA
100
AcDbLine
 10
308.73793186680666
 20
307.0
 30
0.0
 11
308.49951078431
 21
307.0
 31
0.0
  0
LINE
  5
915
330
17
100
AcDbEntity
  8
OCULTA
100
AcDbLine
 10
308.49951078431
 20
307.0
 30
0.0
 11
308.2545349790274
 21
307.0
 31
0.0
  0
LINE
  5
916
330
17
100
AcDbEntity
  8
OCULTA
100
AcDbLine
 10
308.2545349790274
 20
307.0
 30
0.0
 11
308.00405325428835
 21
307.0
 31
0.0
  0
LINE
  5
917
330
17
100
AcDbEntity
  8
OCULTA
100
AcDbLine
 10
308.00405325428835
 20
307.0
 30
0.0
 11
307.74913837448946
 21
307.0
 31
0.0
  0
LINE
  5
918
330
17
100
AcDbEntity
  8
OCULTA
100
AcDbLine
 10
307.74913837448946
 20
307.0
 30
0.0
 11
307.4908818198859
 21
307.0
 31
0.0
  0
LINE
  5
919
330
17
100
AcDbEntity
  8
OCULTA
100
AcDbLine
 10
307.4908818198859
 20
307.0
 30
0.0
 11
307.23038958446375
 21
307.0
 31
0.0
  0
LINE
  5
91A
330
17
100
AcDbEntity
  8
OCULTA
100
AcDbLine
 10
310.96877707974306
 20
300.0
 30
0.0
 11
310.96021284596316
 21
300.0
 31
0.0
  0
LINE
  5
91B
330
17
100
AcDbEntity
  8
OCULTA
100
AcDbLine
 10
310.96021284596316
 20
300.0
 30
0.0
 11
310.93455662266604
 21
300.0
 31
0.0
  0
LINE
  5
91C
330
17
100
AcDbEntity
  8
OCULTA
100
AcDbLine
 10
310.93455662266604
 20
300.0
 30
0.0
 11
310.8919180823981
 21
300.0
 31
0.0
  0
LINE
  5
91D
330
17
100
AcDbEntity
  8
OCULTA
100
AcDbLine
 10
310.8919180823981
 20
300.0
 30
0.0
 11
310.8324803306281
 21
300.0
 31
0.0
  0
LINE
  5
91E
330
17
100
AcDbEntity
  8
OCULTA
100
AcDbLine
 10
310.8324803306281
 20
300.0
 30
0.0
 11
310.7564975215613
 21
300.0
 31
0.0
  0
LINE
  5
91F
330
17
100
AcDbEntity
  8
OCULTA
100
AcDbLine
 10
310.7564975215613
 20
300.0
 30
0.0
 11
310.66429509655825
 21
300.0
 31
0.0
  0
LINE
  5
920
330
17
100
AcDbEntity
  8
OCULTA
100
AcDbLine
 10
310.66429509655825
 20
300.0
 30
0.0
 11
310.5562681152045
 21
300.0
 31
0.0
  0
LINE
  5
921
330
17
100
AcDbEntity
  8
OCULTA
100
AcDbLine
 10
310.5562681152045
 20
300.0
 30
0.0
 11
310.4328786327063
 21
300.0
 31
0.0
  0
LINE
  5
922
330
17
100
AcDbEntity
  8
OCULTA
100
AcDbLine
 10
310.4328786327063
 20
300.0
 30
0.0
 11
310.2946554614722
 21
300.0
 31
0.0
  0
LINE
  5
923
330
17
100
AcDbEntity
  8
OCULTA
100
AcDbLine
 10
310.2946554614722
 20
300.0
 30
0.0
 11
310.1421903564154
 21
300.0
 31
0.0
  0
LINE
  5
924
330
17
100
AcDbEntity
  8
OCULTA
100
AcDbLine
 10
329.96877707974306
 20
300.0
 30
0.0
 11
310.0888837768256
 21
300.0
 31
0.0
  0
LINE
  5
925
330
17
100
AcDbEntity
  8
OCULTA
100
AcDbLine
 10
310.0888837768256
 20
307.0
 30
0.0
 11
310.0888837768256
 21
300.0
 31
0.0
  0
LINE
  5
926
330
17
100
AcDbEntity
  8
OCULTA
100
AcDbLine
 10
310.1421903564154
 20
300.0
 30
0.0
 11
310.0888837768256
 21
300.0
 31
0.0
  0
LINE
  5
927
330
17
100
AcDbEntity
  8
OCULTA
100
AcDbLine
 10
309.46877707974306
 20
307.0
 30
0.0
 11
309.46877707974306
 21
300.0
 31
0.0
  0
LINE
  5
928
330
17
100
AcDbEntity
  8
OCULTA
100
AcDbLine
 10
309.46877707974306
 20
300.0
 30
0.0
 11
309.4038227988898
 21
300.0
 31
0.0
  0
LINE
  5
929
330
17
100
AcDbEntity
  8
OCULTA
100
AcDbLine
 10
309.4038227988898
 20
300.0
 30
0.0
 11
309.19105805889956
 21
300.0
 31
0.0
  0
LINE
  5
92A
330
17
100
AcDbEntity
  8
OCULTA
100
AcDbLine
 10
309.19105805889956
 20
300.0
 30
0.0
 11
308.96877707974306
 21
300.0
 31
0.0
  0
LINE
  5
92B
330
17
100
AcDbEntity
  8
OCULTA
100
AcDbLine
 10
308.96877707974306
 20
300.0
 30
0.0
 11
308.73793186680666
 21
300.0
 31
0.0
  0
LINE
  5
92C
330
17
100
AcDbEntity
  8
OCULTA
100
AcDbLine
 10
308.73793186680666
 20
300.0
 30
0.0
 11
308.49951078431
 21
300.0
 31
0.0
  0
LINE
  5
92D
330
17
100
AcDbEntity
  8
OCULTA
100
AcDbLine
 10
308.49951078431
 20
300.0
 30
0.0
 11
308.2545349790274
 21
300.0
 31
0.0
  0
LINE
  5
92E
330
17
100
AcDbEntity
  8
OCULTA
100
AcDbLine
 10
308.2545349790274
 20
300.0
 30
0.0
 11
308.00405325428835
 21
300.0
 31
0.0
  0
LINE
  5
92F
330
17
100
AcDbEntity
  8
OCULTA
100
AcDbLine
 10
308.00405325428835
 20
300.0
 30
0.0
 11
307.74913837448946
 21
300.0
 31
0.0
  0
LINE
  5
930
330
17
100
AcDbEntity
  8
OCULTA
100
AcDbLine
 10
307.74913837448946
 20
300.0
 30
0.0
 11
307.4908818198859
 21
300.0
 31
0.0
  0
LINE
  5
931
330
17
100
AcDbEntity
  8
OCULTA
100
AcDbLine
 10
307.4908818198859
 20
300.0
 30
0.0
 11
307.23038958446375
 21
300.0
 31
0.0
  0
LINE
  5
932
330
17
100
AcDbEntity
  8
OCULTA
100
AcDbLine
 10
309.46877707974306
 20
307.0
 30
0.0
 11
309.46877707974306
 21
307.0
 31
0.0
  0
LINE
  5
933
330
17
100
AcDbEntity
  8
OCULTA
100
AcDbLine
 10
309.46877707974306
 20
300.0
 30
0.0
 11
309.46877707974306
 21
300.0
 31
0.0
  0
LINE
  5
934
330
17
100
AcDbEntity
  8
OCULTA
100
AcDbLine
 10
309.46877707974306
 20
307.0
 30
0.0
 11
309.46877707974306
 21
300.0
 31
0.0
  0
LINE
  5
935
330
17
100
AcDbEntity
  8
OCULTA
100
AcDbLine
 10
304.46877707974306
 20
307.0
 30
0.0
 11
304.46877707974306
 21
307.0
 31
0.0
  0
LINE
  5
936
330
17
100
AcDbEntity
  8
OCULTA
100
AcDbLine
 10
304.46877707974306
 20
300.0
 30
0.0
 11
304.46877707974306
 21
300.0
 31
0.0
  0
LINE
  5
937
330
17
100
AcDbEntity
  8
OCULTA
100
AcDbLine
 10
307.23038958446375
 20
357.5
 30
0.0
 11
306.96877707974306
 21
357.5
 31
0.0
  0
LINE
  5
938
330
17
100
AcDbEntity
  8
OCULTA
100
AcDbLine
 10
306.96877707974306
 20
357.5
 30
0.0
 11
306.7071645750224
 21
357.5
 31
0.0
  0
LINE
  5
939
330
17
100
AcDbEntity
  8
OCULTA
100
AcDbLine
 10
306.7071645750224
 20
357.5
 30
0.0
 11
306.44667233960024
 21
357.5
 31
0.0
  0
LINE
  5
93A
330
17
100
AcDbEntity
  8
OCULTA
100
AcDbLine
 10
306.44667233960024
 20
357.5
 30
0.0
 11
306.18841578499666
 21
357.5
 31
0.0
  0
LINE
  5
93B
330
17
100
AcDbEntity
  8
OCULTA
100
AcDbLine
 10
306.18841578499666
 20
357.5
 30
0.0
 11
305.9335009051978
 21
357.5
 31
0.0
  0
LINE
  5
93C
330
17
100
AcDbEntity
  8
OCULTA
100
AcDbLine
 10
305.9335009051978
 20
357.5
 30
0.0
 11
305.6830191804587
 21
357.5
 31
0.0
  0
LINE
  5
93D
330
17
100
AcDbEntity
  8
OCULTA
100
AcDbLine
 10
305.19962229267946
 20
357.5
 30
0.0
 11
304.96877707974306
 21
357.5
 31
0.0
  0
LINE
  5
93E
330
17
100
AcDbEntity
  8
OCULTA
100
AcDbLine
 10
305.6830191804587
 20
357.5
 30
0.0
 11
305.4380433751761
 21
357.5
 31
0.0
  0
LINE
  5
93F
330
17
100
AcDbEntity
  8
OCULTA
100
AcDbLine
 10
305.19962229267946
 20
357.5
 30
0.0
 11
305.4380433751761
 21
357.5
 31
0.0
  0
LINE
  5
940
330
17
100
AcDbEntity
  8
OCULTA
100
AcDbLine
 10
304.96877707974306
 20
357.5
 30
0.0
 11
304.74649610058657
 21
357.5
 31
0.0
  0
LINE
  5
941
330
17
100
AcDbEntity
  8
OCULTA
100
AcDbLine
 10
304.53373136059633
 20
357.5
 30
0.0
 11
304.74649610058657
 21
357.5
 31
0.0
  0
LINE
  5
942
330
17
100
AcDbEntity
  8
OCULTA
100
AcDbLine
 10
304.14035000340334
 20
357.5
 30
0.0
 11
304.3313938571631
 21
357.5
 31
0.0
  0
LINE
  5
943
330
17
100
AcDbEntity
  8
OCULTA
100
AcDbLine
 10
304.53373136059633
 20
357.5
 30
0.0
 11
304.3313938571631
 21
357.5
 31
0.0
  0
LINE
  5
944
330
17
100
AcDbEntity
  8
OCULTA
100
AcDbLine
 10
302.96877707974306
 20
357.5
 30
0.0
 11
302.97734131352297
 21
357.5
 31
0.0
  0
LINE
  5
945
330
17
100
AcDbEntity
  8
OCULTA
100
AcDbLine
 10
302.97734131352297
 20
357.5
 30
0.0
 11
303.0029975368201
 21
357.5
 31
0.0
  0
LINE
  5
946
330
17
100
AcDbEntity
  8
OCULTA
100
AcDbLine
 10
303.0029975368201
 20
357.5
 30
0.0
 11
303.04563607708803
 21
357.5
 31
0.0
  0
LINE
  5
947
330
17
100
AcDbEntity
  8
OCULTA
100
AcDbLine
 10
303.04563607708803
 20
357.5
 30
0.0
 11
303.10507382885805
 21
357.5
 31
0.0
  0
LINE
  5
948
330
17
100
AcDbEntity
  8
OCULTA
100
AcDbLine
 10
303.10507382885805
 20
357.5
 30
0.0
 11
303.1810566379248
 21
357.5
 31
0.0
  0
LINE
  5
949
330
17
100
AcDbEntity
  8
OCULTA
100
AcDbLine
 10
303.38128604428164
 20
357.5
 30
0.0
 11
303.5046755267798
 21
357.5
 31
0.0
  0
LINE
  5
94A
330
17
100
AcDbEntity
  8
OCULTA
100
AcDbLine
 10
304.14035000340334
 20
357.5
 30
0.0
 11
303.96141781346194
 21
357.5
 31
0.0
  0
LINE
  5
94B
330
17
100
AcDbEntity
  8
OCULTA
100
AcDbLine
 10
303.7953638030707
 20
357.5
 30
0.0
 11
303.96141781346194
 21
357.5
 31
0.0
  0
LINE
  5
94C
330
17
100
AcDbEntity
  8
OCULTA
100
AcDbLine
 10
303.5046755267798
 20
357.5
 30
0.0
 11
303.64289869801394
 21
357.5
 31
0.0
  0
LINE
  5
94D
330
17
100
AcDbEntity
  8
OCULTA
100
AcDbLine
 10
303.7953638030707
 20
357.5
 30
0.0
 11
303.64289869801394
 21
357.5
 31
0.0
  0
LINE
  5
94E
330
17
100
AcDbEntity
  8
OCULTA
100
AcDbLine
 10
303.1810566379248
 20
357.5
 30
0.0
 11
303.2732590629279
 21
357.5
 31
0.0
  0
LINE
  5
94F
330
17
100
AcDbEntity
  8
OCULTA
100
AcDbLine
 10
303.38128604428164
 20
357.5
 30
0.0
 11
303.2732590629279
 21
357.5
 31
0.0
  0
LINE
  5
950
330
17
100
AcDbEntity
  8
OCULTA
100
AcDbLine
 10
307.23038958446375
 20
307.0
 30
0.0
 11
306.96877707974306
 21
307.0
 31
0.0
  0
LINE
  5
951
330
17
100
AcDbEntity
  8
OCULTA
100
AcDbLine
 10
306.96877707974306
 20
307.0
 30
0.0
 11
306.7071645750224
 21
307.0
 31
0.0
  0
LINE
  5
952
330
17
100
AcDbEntity
  8
OCULTA
100
AcDbLine
 10
306.7071645750224
 20
307.0
 30
0.0
 11
306.44667233960024
 21
307.0
 31
0.0
  0
LINE
  5
953
330
17
100
AcDbEntity
  8
OCULTA
100
AcDbLine
 10
306.44667233960024
 20
307.0
 30
0.0
 11
306.18841578499666
 21
307.0
 31
0.0
  0
LINE
  5
954
330
17
100
AcDbEntity
  8
OCULTA
100
AcDbLine
 10
306.18841578499666
 20
307.0
 30
0.0
 11
305.9335009051978
 21
307.0
 31
0.0
  0
LINE
  5
955
330
17
100
AcDbEntity
  8
OCULTA
100
AcDbLine
 10
305.9335009051978
 20
307.0
 30
0.0
 11
305.6830191804587
 21
307.0
 31
0.0
  0
LINE
  5
956
330
17
100
AcDbEntity
  8
OCULTA
100
AcDbLine
 10
305.19962229267946
 20
307.0
 30
0.0
 11
304.96877707974306
 21
307.0
 31
0.0
  0
LINE
  5
957
330
17
100
AcDbEntity
  8
OCULTA
100
AcDbLine
 10
305.6830191804587
 20
307.0
 30
0.0
 11
305.4380433751761
 21
307.0
 31
0.0
  0
LINE
  5
958
330
17
100
AcDbEntity
  8
OCULTA
100
AcDbLine
 10
305.19962229267946
 20
307.0
 30
0.0
 11
305.4380433751761
 21
307.0
 31
0.0
  0
LINE
  5
959
330
17
100
AcDbEntity
  8
OCULTA
100
AcDbLine
 10
304.46877707974306
 20
307.0
 30
0.0
 11
304.53373136059633
 21
307.0
 31
0.0
  0
LINE
  5
95A
330
17
100
AcDbEntity
  8
OCULTA
100
AcDbLine
 10
304.96877707974306
 20
307.0
 30
0.0
 11
304.74649610058657
 21
307.0
 31
0.0
  0
LINE
  5
95B
330
17
100
AcDbEntity
  8
OCULTA
100
AcDbLine
 10
304.53373136059633
 20
307.0
 30
0.0
 11
304.74649610058657
 21
307.0
 31
0.0
  0
LINE
  5
95C
330
17
100
AcDbEntity
  8
OCULTA
100
AcDbLine
 10
302.96877707974306
 20
307.0
 30
0.0
 11
302.97734131352297
 21
307.0
 31
0.0
  0
LINE
  5
95D
330
17
100
AcDbEntity
  8
OCULTA
100
AcDbLine
 10
302.97734131352297
 20
307.0
 30
0.0
 11
303.0029975368201
 21
307.0
 31
0.0
  0
LINE
  5
95E
330
17
100
AcDbEntity
  8
OCULTA
100
AcDbLine
 10
303.0029975368201
 20
307.0
 30
0.0
 11
303.04563607708803
 21
307.0
 31
0.0
  0
LINE
  5
95F
330
17
100
AcDbEntity
  8
OCULTA
100
AcDbLine
 10
303.04563607708803
 20
307.0
 30
0.0
 11
303.10507382885805
 21
307.0
 31
0.0
  0
LINE
  5
960
330
17
100
AcDbEntity
  8
OCULTA
100
AcDbLine
 10
303.10507382885805
 20
307.0
 30
0.0
 11
303.1810566379248
 21
307.0
 31
0.0
  0
LINE
  5
961
330
17
100
AcDbEntity
  8
OCULTA
100
AcDbLine
 10
303.38128604428164
 20
307.0
 30
0.0
 11
303.5046755267798
 21
307.0
 31
0.0
  0
LINE
  5
962
330
17
100
AcDbEntity
  8
OCULTA
100
AcDbLine
 10
303.84867038266054
 20
307.0
 30
0.0
 11
303.7953638030707
 21
307.0
 31
0.0
  0
LINE
  5
963
330
17
100
AcDbEntity
  8
OCULTA
100
AcDbLine
 10
303.5046755267798
 20
307.0
 30
0.0
 11
303.64289869801394
 21
307.0
 31
0.0
  0
LINE
  5
964
330
17
100
AcDbEntity
  8
OCULTA
100
AcDbLine
 10
303.7953638030707
 20
307.0
 30
0.0
 11
303.64289869801394
 21
307.0
 31
0.0
  0
LINE
  5
965
330
17
100
AcDbEntity
  8
OCULTA
100
AcDbLine
 10
303.1810566379248
 20
307.0
 30
0.0
 11
303.2732590629279
 21
307.0
 31
0.0
  0
LINE
  5
966
330
17
100
AcDbEntity
  8
OCULTA
100
AcDbLine
 10
303.38128604428164
 20
307.0
 30
0.0
 11
303.2732590629279
 21
307.0
 31
0.0
  0
LINE
  5
967
330
17
100
AcDbEntity
  8
OCULTA
100
AcDbLine
 10
307.23038958446375
 20
300.0
 30
0.0
 11
306.96877707974306
 21
300.0
 31
0.0
  0
LINE
  5
968
330
17
100
AcDbEntity
  8
OCULTA
100
AcDbLine
 10
306.96877707974306
 20
300.0
 30
0.0
 11
306.7071645750224
 21
300.0
 31
0.0
  0
LINE
  5
969
330
17
100
AcDbEntity
  8
OCULTA
100
AcDbLine
 10
306.7071645750224
 20
300.0
 30
0.0
 11
306.44667233960024
 21
300.0
 31
0.0
  0
LINE
  5
96A
330
17
100
AcDbEntity
  8
OCULTA
100
AcDbLine
 10
306.44667233960024
 20
300.0
 30
0.0
 11
306.18841578499666
 21
300.0
 31
0.0
  0
LINE
  5
96B
330
17
100
AcDbEntity
  8
OCULTA
100
AcDbLine
 10
306.18841578499666
 20
300.0
 30
0.0
 11
305.9335009051978
 21
300.0
 31
0.0
  0
LINE
  5
96C
330
17
100
AcDbEntity
  8
OCULTA
100
AcDbLine
 10
305.9335009051978
 20
300.0
 30
0.0
 11
305.6830191804587
 21
300.0
 31
0.0
  0
LINE
  5
96D
330
17
100
AcDbEntity
  8
OCULTA
100
AcDbLine
 10
305.19962229267946
 20
300.0
 30
0.0
 11
304.96877707974306
 21
300.0
 31
0.0
  0
LINE
  5
96E
330
17
100
AcDbEntity
  8
OCULTA
100
AcDbLine
 10
305.6830191804587
 20
300.0
 30
0.0
 11
305.4380433751761
 21
300.0
 31
0.0
  0
LINE
  5
96F
330
17
100
AcDbEntity
  8
OCULTA
100
AcDbLine
 10
305.19962229267946
 20
300.0
 30
0.0
 11
305.4380433751761
 21
300.0
 31
0.0
  0
LINE
  5
970
330
17
100
AcDbEntity
  8
OCULTA
100
AcDbLine
 10
304.46877707974306
 20
307.0
 30
0.0
 11
304.46877707974306
 21
300.0
 31
0.0
  0
LINE
  5
971
330
17
100
AcDbEntity
  8
OCULTA
100
AcDbLine
 10
304.46877707974306
 20
300.0
 30
0.0
 11
304.53373136059633
 21
300.0
 31
0.0
  0
LINE
  5
972
330
17
100
AcDbEntity
  8
OCULTA
100
AcDbLine
 10
304.96877707974306
 20
300.0
 30
0.0
 11
304.74649610058657
 21
300.0
 31
0.0
  0
LINE
  5
973
330
17
100
AcDbEntity
  8
OCULTA
100
AcDbLine
 10
304.53373136059633
 20
300.0
 30
0.0
 11
304.74649610058657
 21
300.0
 31
0.0
  0
LINE
  5
974
330
17
100
AcDbEntity
  8
OCULTA
100
AcDbLine
 10
302.96877707974306
 20
300.0
 30
0.0
 11
302.97734131352297
 21
300.0
 31
0.0
  0
LINE
  5
975
330
17
100
AcDbEntity
  8
OCULTA
100
AcDbLine
 10
302.97734131352297
 20
300.0
 30
0.0
 11
303.0029975368201
 21
300.0
 31
0.0
  0
LINE
  5
976
330
17
100
AcDbEntity
  8
OCULTA
100
AcDbLine
 10
303.0029975368201
 20
300.0
 30
0.0
 11
303.04563607708803
 21
300.0
 31
0.0
  0
LINE
  5
977
330
17
100
AcDbEntity
  8
OCULTA
100
AcDbLine
 10
303.04563607708803
 20
300.0
 30
0.0
 11
303.10507382885805
 21
300.0
 31
0.0
  0
LINE
  5
978
330
17
100
AcDbEntity
  8
OCULTA
100
AcDbLine
 10
303.10507382885805
 20
300.0
 30
0.0
 11
303.1810566379248
 21
300.0
 31
0.0
  0
LINE
  5
979
330
17
100
AcDbEntity
  8
OCULTA
100
AcDbLine
 10
303.38128604428164
 20
300.0
 30
0.0
 11
303.5046755267798
 21
300.0
 31
0.0
  0
LINE
  5
97A
330
17
100
AcDbEntity
  8
OCULTA
100
AcDbLine
 10
303.84867038266054
 20
307.0
 30
0.0
 11
303.84867038266054
 21
300.0
 31
0.0
  0
LINE
  5
97B
330
17
100
AcDbEntity
  8
OCULTA
100
AcDbLine
 10
303.84867038266054
 20
300.0
 30
0.0
 11
303.7953638030707
 21
300.0
 31
0.0
  0
LINE
  5
97C
330
17
100
AcDbEntity
  8
OCULTA
100
AcDbLine
 10
303.5046755267798
 20
300.0
 30
0.0
 11
303.64289869801394
 21
300.0
 31
0.0
  0
LINE
  5
97D
330
17
100
AcDbEntity
  8
OCULTA
100
AcDbLine
 10
303.7953638030707
 20
300.0
 30
0.0
 11
303.64289869801394
 21
300.0
 31
0.0
  0
LINE
  5
97E
330
17
100
AcDbEntity
  8
OCULTA
100
AcDbLine
 10
303.1810566379248
 20
300.0
 30
0.0
 11
303.2732590629279
 21
300.0
 31
0.0
  0
LINE
  5
97F
330
17
100
AcDbEntity
  8
OCULTA
100
AcDbLine
 10
303.38128604428164
 20
300.0
 30
0.0
 11
303.2732590629279
 21
300.0
 31
0.0
  0
LINE
  5
980
330
17
100
AcDbEntity
  8
OCULTA
100
AcDbLine
 10
309.46877707974306
 20
307.0
 30
0.0
 11
304.46877707974306
 21
307.0
 31
0.0
  0
LINE
  5
981
330
17
100
AcDbEntity
  8
OCULTA
100
AcDbLine
 10
304.46877707974306
 20
307.0
 30
0.0
 11
304.46877707974306
 21
307.0
 31
0.0
  0
LINE
  5
982
330
17
100
AcDbEntity
  8
OCULTA
100
AcDbLine
 10
309.46877707974306
 20
300.0
 30
0.0
 11
304.46877707974306
 21
300.0
 31
0.0
  0
LINE
  5
983
330
17
100
AcDbEntity
  8
OCULTA
100
AcDbLine
 10
304.46877707974306
 20
300.0
 30
0.0
 11
304.46877707974306
 21
300.0
 31
0.0
  0
LINE
  5
984
330
17
100
AcDbEntity
  8
OCULTA
100
AcDbLine
 10
304.46877707974306
 20
307.0
 30
0.0
 11
304.46877707974306
 21
300.0
 31
0.0
  0
LINE
  5
985
330
17
100
AcDbEntity
  8
OCULTA
100
AcDbLine
 10
283.96877707974306
 20
307.0
 30
0.0
 11
283.96877707974306
 21
307.0
 31
0.0
  0
LINE
  5
986
330
17
100
AcDbEntity
  8
OCULTA
100
AcDbLine
 10
303.84867038266054
 20
307.0
 30
0.0
 11
283.96877707974306
 21
307.0
 31
0.0
  0
LINE
  5
987
330
17
100
AcDbEntity
  8
OCULTA
100
AcDbLine
 10
283.96877707974306
 20
300.0
 30
0.0
 11
283.96877707974306
 21
300.0
 31
0.0
  0
LINE
  5
988
330
17
100
AcDbEntity
  8
OCULTA
100
AcDbLine
 10
303.84867038266054
 20
300.0
 30
0.0
 11
283.96877707974306
 21
300.0
 31
0.0
  0
LINE
  5
989
330
17
100
AcDbEntity
  8
OCULTA
100
AcDbLine
 10
283.96877707974306
 20
307.0
 30
0.0
 11
283.96877707974306
 21
300.0
 31
0.0
  0
LINE
  5
98A
330
17
100
AcDbEntity
  8
OCULTA
100
AcDbLine
 10
309.46877707974306
 20
257.0
 30
0.0
 11
309.46877707974306
 21
257.0
 31
0.0
  0
LINE
  5
98B
330
17
100
AcDbEntity
  8
OCULTA
100
AcDbLine
 10
309.46877707974306
 20
250.0
 30
0.0
 11
309.46877707974306
 21
250.0
 31
0.0
  0
LINE
  5
98C
330
17
100
AcDbEntity
  8
OCULTA
100
AcDbLine
 10
329.96877707974306
 20
257.0
 30
0.0
 11
329.96877707974306
 21
257.0
 31
0.0
  0
LINE
  5
98D
330
17
100
AcDbEntity
  8
OCULTA
100
AcDbLine
 10
329.96877707974306
 20
250.0
 30
0.0
 11
329.96877707974306
 21
250.0
 31
0.0
  0
LINE
  5
98E
330
17
100
AcDbEntity
  8
OCULTA
100
AcDbLine
 10
329.96877707974306
 20
257.0
 30
0.0
 11
329.96877707974306
 21
250.0
 31
0.0
  0
LINE
  5
98F
330
17
100
AcDbEntity
  8
OCULTA
100
AcDbLine
 10
310.96877707974306
 20
257.0
 30
0.0
 11
310.96021284596316
 21
257.0
 31
0.0
  0
LINE
  5
990
330
17
100
AcDbEntity
  8
OCULTA
100
AcDbLine
 10
310.96021284596316
 20
257.0
 30
0.0
 11
310.93455662266604
 21
257.0
 31
0.0
  0
LINE
  5
991
330
17
100
AcDbEntity
  8
OCULTA
100
AcDbLine
 10
310.93455662266604
 20
257.0
 30
0.0
 11
310.8919180823981
 21
257.0
 31
0.0
  0
LINE
  5
992
330
17
100
AcDbEntity
  8
OCULTA
100
AcDbLine
 10
310.8919180823981
 20
257.0
 30
0.0
 11
310.8324803306281
 21
257.0
 31
0.0
  0
LINE
  5
993
330
17
100
AcDbEntity
  8
OCULTA
100
AcDbLine
 10
310.8324803306281
 20
257.0
 30
0.0
 11
310.7564975215613
 21
257.0
 31
0.0
  0
LINE
  5
994
330
17
100
AcDbEntity
  8
OCULTA
100
AcDbLine
 10
310.7564975215613
 20
257.0
 30
0.0
 11
310.66429509655825
 21
257.0
 31
0.0
  0
LINE
  5
995
330
17
100
AcDbEntity
  8
OCULTA
100
AcDbLine
 10
310.66429509655825
 20
257.0
 30
0.0
 11
310.5562681152045
 21
257.0
 31
0.0
  0
LINE
  5
996
330
17
100
AcDbEntity
  8
OCULTA
100
AcDbLine
 10
310.5562681152045
 20
257.0
 30
0.0
 11
310.4328786327063
 21
257.0
 31
0.0
  0
LINE
  5
997
330
17
100
AcDbEntity
  8
OCULTA
100
AcDbLine
 10
310.4328786327063
 20
257.0
 30
0.0
 11
310.2946554614722
 21
257.0
 31
0.0
  0
LINE
  5
998
330
17
100
AcDbEntity
  8
OCULTA
100
AcDbLine
 10
310.2946554614722
 20
257.0
 30
0.0
 11
310.1421903564154
 21
257.0
 31
0.0
  0
LINE
  5
999
330
17
100
AcDbEntity
  8
OCULTA
100
AcDbLine
 10
329.96877707974306
 20
257.0
 30
0.0
 11
310.0888837768256
 21
257.0
 31
0.0
  0
LINE
  5
99A
330
17
100
AcDbEntity
  8
OCULTA
100
AcDbLine
 10
310.1421903564154
 20
257.0
 30
0.0
 11
310.0888837768256
 21
257.0
 31
0.0
  0
LINE
  5
99B
330
17
100
AcDbEntity
  8
OCULTA
100
AcDbLine
 10
310.96877707974306
 20
250.0
 30
0.0
 11
310.96021284596316
 21
250.0
 31
0.0
  0
LINE
  5
99C
330
17
100
AcDbEntity
  8
OCULTA
100
AcDbLine
 10
310.96021284596316
 20
250.0
 30
0.0
 11
310.93455662266604
 21
250.0
 31
0.0
  0
LINE
  5
99D
330
17
100
AcDbEntity
  8
OCULTA
100
AcDbLine
 10
310.93455662266604
 20
250.0
 30
0.0
 11
310.8919180823981
 21
250.0
 31
0.0
  0
LINE
  5
99E
330
17
100
AcDbEntity
  8
OCULTA
100
AcDbLine
 10
310.8919180823981
 20
250.0
 30
0.0
 11
310.8324803306281
 21
250.0
 31
0.0
  0
LINE
  5
99F
330
17
100
AcDbEntity
  8
OCULTA
100
AcDbLine
 10
310.8324803306281
 20
250.0
 30
0.0
 11
310.7564975215613
 21
250.0
 31
0.0
  0
LINE
  5
9A0
330
17
100
AcDbEntity
  8
OCULTA
100
AcDbLine
 10
310.7564975215613
 20
250.0
 30
0.0
 11
310.66429509655825
 21
250.0
 31
0.0
  0
LINE
  5
9A1
330
17
100
AcDbEntity
  8
OCULTA
100
AcDbLine
 10
310.66429509655825
 20
250.0
 30
0.0
 11
310.5562681152045
 21
250.0
 31
0.0
  0
LINE
  5
9A2
330
17
100
AcDbEntity
  8
OCULTA
100
AcDbLine
 10
310.5562681152045
 20
250.0
 30
0.0
 11
310.4328786327063
 21
250.0
 31
0.0
  0
LINE
  5
9A3
330
17
100
AcDbEntity
  8
OCULTA
100
AcDbLine
 10
310.4328786327063
 20
250.0
 30
0.0
 11
310.2946554614722
 21
250.0
 31
0.0
  0
LINE
  5
9A4
330
17
100
AcDbEntity
  8
OCULTA
100
AcDbLine
 10
310.2946554614722
 20
250.0
 30
0.0
 11
310.1421903564154
 21
250.0
 31
0.0
  0
LINE
  5
9A5
330
17
100
AcDbEntity
  8
OCULTA
100
AcDbLine
 10
329.96877707974306
 20
250.0
 30
0.0
 11
310.0888837768256
 21
250.0
 31
0.0
  0
LINE
  5
9A6
330
17
100
AcDbEntity
  8
OCULTA
100
AcDbLine
 10
310.0888837768256
 20
257.0
 30
0.0
 11
310.0888837768256
 21
250.0
 31
0.0
  0
LINE
  5
9A7
330
17
100
AcDbEntity
  8
OCULTA
100
AcDbLine
 10
310.1421903564154
 20
250.0
 30
0.0
 11
310.0888837768256
 21
250.0
 31
0.0
  0
LINE
  5
9A8
330
17
100
AcDbEntity
  8
OCULTA
100
AcDbLine
 10
309.46877707974306
 20
257.0
 30
0.0
 11
309.4038227988898
 21
257.0
 31
0.0
  0
LINE
  5
9A9
330
17
100
AcDbEntity
  8
OCULTA
100
AcDbLine
 10
309.4038227988898
 20
257.0
 30
0.0
 11
309.19105805889956
 21
257.0
 31
0.0
  0
LINE
  5
9AA
330
17
100
AcDbEntity
  8
OCULTA
100
AcDbLine
 10
309.19105805889956
 20
257.0
 30
0.0
 11
308.96877707974306
 21
257.0
 31
0.0
  0
LINE
  5
9AB
330
17
100
AcDbEntity
  8
OCULTA
100
AcDbLine
 10
308.96877707974306
 20
257.0
 30
0.0
 11
308.73793186680666
 21
257.0
 31
0.0
  0
LINE
  5
9AC
330
17
100
AcDbEntity
  8
OCULTA
100
AcDbLine
 10
308.73793186680666
 20
257.0
 30
0.0
 11
308.49951078431
 21
257.0
 31
0.0
  0
LINE
  5
9AD
330
17
100
AcDbEntity
  8
OCULTA
100
AcDbLine
 10
308.49951078431
 20
257.0
 30
0.0
 11
308.2545349790274
 21
257.0
 31
0.0
  0
LINE
  5
9AE
330
17
100
AcDbEntity
  8
OCULTA
100
AcDbLine
 10
308.2545349790274
 20
257.0
 30
0.0
 11
308.00405325428835
 21
257.0
 31
0.0
  0
LINE
  5
9AF
330
17
100
AcDbEntity
  8
OCULTA
100
AcDbLine
 10
308.00405325428835
 20
257.0
 30
0.0
 11
307.74913837448946
 21
257.0
 31
0.0
  0
LINE
  5
9B0
330
17
100
AcDbEntity
  8
OCULTA
100
AcDbLine
 10
307.74913837448946
 20
257.0
 30
0.0
 11
307.4908818198859
 21
257.0
 31
0.0
  0
LINE
  5
9B1
330
17
100
AcDbEntity
  8
OCULTA
100
AcDbLine
 10
307.4908818198859
 20
257.0
 30
0.0
 11
307.23038958446375
 21
257.0
 31
0.0
  0
LINE
  5
9B2
330
17
100
AcDbEntity
  8
OCULTA
100
AcDbLine
 10
309.46877707974306
 20
257.0
 30
0.0
 11
309.46877707974306
 21
250.0
 31
0.0
  0
LINE
  5
9B3
330
17
100
AcDbEntity
  8
OCULTA
100
AcDbLine
 10
309.46877707974306
 20
250.0
 30
0.0
 11
309.4038227988898
 21
250.0
 31
0.0
  0
LINE
  5
9B4
330
17
100
AcDbEntity
  8
OCULTA
100
AcDbLine
 10
309.4038227988898
 20
250.0
 30
0.0
 11
309.19105805889956
 21
250.0
 31
0.0
  0
LINE
  5
9B5
330
17
100
AcDbEntity
  8
OCULTA
100
AcDbLine
 10
309.19105805889956
 20
250.0
 30
0.0
 11
308.96877707974306
 21
250.0
 31
0.0
  0
LINE
  5
9B6
330
17
100
AcDbEntity
  8
OCULTA
100
AcDbLine
 10
308.96877707974306
 20
250.0
 30
0.0
 11
308.73793186680666
 21
250.0
 31
0.0
  0
LINE
  5
9B7
330
17
100
AcDbEntity
  8
OCULTA
100
AcDbLine
 10
308.73793186680666
 20
250.0
 30
0.0
 11
308.49951078431
 21
250.0
 31
0.0
  0
LINE
  5
9B8
330
17
100
AcDbEntity
  8
OCULTA
100
AcDbLine
 10
308.49951078431
 20
250.0
 30
0.0
 11
308.2545349790274
 21
250.0
 31
0.0
  0
LINE
  5
9B9
330
17
100
AcDbEntity
  8
OCULTA
100
AcDbLine
 10
308.2545349790274
 20
250.0
 30
0.0
 11
308.00405325428835
 21
250.0
 31
0.0
  0
LINE
  5
9BA
330
17
100
AcDbEntity
  8
OCULTA
100
AcDbLine
 10
308.00405325428835
 20
250.0
 30
0.0
 11
307.74913837448946
 21
250.0
 31
0.0
  0
LINE
  5
9BB
330
17
100
AcDbEntity
  8
OCULTA
100
AcDbLine
 10
307.74913837448946
 20
250.0
 30
0.0
 11
307.4908818198859
 21
250.0
 31
0.0
  0
LINE
  5
9BC
330
17
100
AcDbEntity
  8
OCULTA
100
AcDbLine
 10
307.4908818198859
 20
250.0
 30
0.0
 11
307.23038958446375
 21
250.0
 31
0.0
  0
LINE
  5
9BD
330
17
100
AcDbEntity
  8
OCULTA
100
AcDbLine
 10
309.46877707974306
 20
257.0
 30
0.0
 11
309.46877707974306
 21
257.0
 31
0.0
  0
LINE
  5
9BE
330
17
100
AcDbEntity
  8
OCULTA
100
AcDbLine
 10
309.46877707974306
 20
250.0
 30
0.0
 11
309.46877707974306
 21
250.0
 31
0.0
  0
LINE
  5
9BF
330
17
100
AcDbEntity
  8
OCULTA
100
AcDbLine
 10
309.46877707974306
 20
257.0
 30
0.0
 11
309.46877707974306
 21
250.0
 31
0.0
  0
LINE
  5
9C0
330
17
100
AcDbEntity
  8
OCULTA
100
AcDbLine
 10
310.96877707974306
 20
199.5
 30
0.0
 11
310.96877707974306
 21
199.5
 31
0.0
  0
LINE
  5
9C1
330
17
100
AcDbEntity
  8
OCULTA
100
AcDbLine
 10
310.96877707974306
 20
199.5
 30
0.0
 11
310.96021284596316
 21
199.5
 31
0.0
  0
LINE
  5
9C2
330
17
100
AcDbEntity
  8
OCULTA
100
AcDbLine
 10
310.96021284596316
 20
199.5
 30
0.0
 11
310.93455662266604
 21
199.5
 31
0.0
  0
LINE
  5
9C3
330
17
100
AcDbEntity
  8
OCULTA
100
AcDbLine
 10
310.93455662266604
 20
199.5
 30
0.0
 11
310.8919180823981
 21
199.5
 31
0.0
  0
LINE
  5
9C4
330
17
100
AcDbEntity
  8
OCULTA
100
AcDbLine
 10
310.8919180823981
 20
199.5
 30
0.0
 11
310.8324803306281
 21
199.5
 31
0.0
  0
LINE
  5
9C5
330
17
100
AcDbEntity
  8
OCULTA
100
AcDbLine
 10
310.8324803306281
 20
199.5
 30
0.0
 11
310.7564975215613
 21
199.5
 31
0.0
  0
LINE
  5
9C6
330
17
100
AcDbEntity
  8
OCULTA
100
AcDbLine
 10
310.7564975215613
 20
199.5
 30
0.0
 11
310.66429509655825
 21
199.5
 31
0.0
  0
LINE
  5
9C7
330
17
100
AcDbEntity
  8
OCULTA
100
AcDbLine
 10
310.96877707974306
 20
199.5
 30
0.0
 11
310.96877707974306
 21
199.5
 31
0.0
  0
LINE
  5
9C8
330
17
100
AcDbEntity
  8
OCULTA
100
AcDbLine
 10
310.66429509655825
 20
199.5
 30
0.0
 11
310.5562681152045
 21
199.5
 31
0.0
  0
LINE
  5
9C9
330
17
100
AcDbEntity
  8
OCULTA
100
AcDbLine
 10
310.5562681152045
 20
199.5
 30
0.0
 11
310.4328786327063
 21
199.5
 31
0.0
  0
LINE
  5
9CA
330
17
100
AcDbEntity
  8
OCULTA
100
AcDbLine
 10
310.4328786327063
 20
199.5
 30
0.0
 11
310.2946554614722
 21
199.5
 31
0.0
  0
LINE
  5
9CB
330
17
100
AcDbEntity
  8
OCULTA
100
AcDbLine
 10
310.2946554614722
 20
199.5
 30
0.0
 11
310.1421903564154
 21
199.5
 31
0.0
  0
LINE
  5
9CC
330
17
100
AcDbEntity
  8
OCULTA
100
AcDbLine
 10
310.1421903564154
 20
199.5
 30
0.0
 11
309.9761363460242
 21
199.5
 31
0.0
  0
LINE
  5
9CD
330
17
100
AcDbEntity
  8
OCULTA
100
AcDbLine
 10
309.9761363460242
 20
199.5
 30
0.0
 11
309.7972041560828
 21
199.5
 31
0.0
  0
LINE
  5
9CE
330
17
100
AcDbEntity
  8
OCULTA
100
AcDbLine
 10
309.7972041560828
 20
199.5
 30
0.0
 11
309.606160302323
 21
199.5
 31
0.0
  0
LINE
  5
9CF
330
17
100
AcDbEntity
  8
OCULTA
100
AcDbLine
 10
309.606160302323
 20
199.5
 30
0.0
 11
309.4038227988898
 21
199.5
 31
0.0
  0
LINE
  5
9D0
330
17
100
AcDbEntity
  8
OCULTA
100
AcDbLine
 10
309.4038227988898
 20
199.5
 30
0.0
 11
309.19105805889956
 21
199.5
 31
0.0
  0
LINE
  5
9D1
330
17
100
AcDbEntity
  8
OCULTA
100
AcDbLine
 10
310.96877707974306
 20
199.5
 30
0.0
 11
308.96877707974306
 21
199.5
 31
0.0
  0
LINE
  5
9D2
330
17
100
AcDbEntity
  8
OCULTA
100
AcDbLine
 10
309.19105805889956
 20
199.5
 30
0.0
 11
308.96877707974306
 21
199.5
 31
0.0
  0
LINE
  5
9D3
330
17
100
AcDbEntity
  8
OCULTA
100
AcDbLine
 10
308.96877707974306
 20
199.5
 30
0.0
 11
308.73793186680666
 21
199.5
 31
0.0
  0
LINE
  5
9D4
330
17
100
AcDbEntity
  8
OCULTA
100
AcDbLine
 10
308.73793186680666
 20
199.5
 30
0.0
 11
308.49951078431
 21
199.5
 31
0.0
  0
LINE
  5
9D5
330
17
100
AcDbEntity
  8
OCULTA
100
AcDbLine
 10
308.49951078431
 20
199.5
 30
0.0
 11
308.2545349790274
 21
199.5
 31
0.0
  0
LINE
  5
9D6
330
17
100
AcDbEntity
  8
OCULTA
100
AcDbLine
 10
308.2545349790274
 20
199.5
 30
0.0
 11
308.00405325428835
 21
199.5
 31
0.0
  0
LINE
  5
9D7
330
17
100
AcDbEntity
  8
OCULTA
100
AcDbLine
 10
308.00405325428835
 20
199.5
 30
0.0
 11
307.74913837448946
 21
199.5
 31
0.0
  0
LINE
  5
9D8
330
17
100
AcDbEntity
  8
OCULTA
100
AcDbLine
 10
307.74913837448946
 20
199.5
 30
0.0
 11
307.4908818198859
 21
199.5
 31
0.0
  0
LINE
  5
9D9
330
17
100
AcDbEntity
  8
OCULTA
100
AcDbLine
 10
307.4908818198859
 20
199.5
 30
0.0
 11
307.23038958446375
 21
199.5
 31
0.0
  0
LINE
  5
9DA
330
17
100
AcDbEntity
  8
OCULTA
100
AcDbLine
 10
310.96877707974306
 20
181.5
 30
0.0
 11
310.96877707974306
 21
181.5
 31
0.0
  0
LINE
  5
9DB
330
17
100
AcDbEntity
  8
OCULTA
100
AcDbLine
 10
310.96877707974306
 20
199.5
 30
0.0
 11
310.96877707974306
 21
181.5
 31
0.0
  0
LINE
  5
9DC
330
17
100
AcDbEntity
  8
OCULTA
100
AcDbLine
 10
304.46877707974306
 20
257.0
 30
0.0
 11
304.46877707974306
 21
257.0
 31
0.0
  0
LINE
  5
9DD
330
17
100
AcDbEntity
  8
OCULTA
100
AcDbLine
 10
304.46877707974306
 20
250.0
 30
0.0
 11
304.46877707974306
 21
250.0
 31
0.0
  0
LINE
  5
9DE
330
17
100
AcDbEntity
  8
OCULTA
100
AcDbLine
 10
307.23038958446375
 20
257.0
 30
0.0
 11
306.96877707974306
 21
257.0
 31
0.0
  0
LINE
  5
9DF
330
17
100
AcDbEntity
  8
OCULTA
100
AcDbLine
 10
306.96877707974306
 20
257.0
 30
0.0
 11
306.7071645750224
 21
257.0
 31
0.0
  0
LINE
  5
9E0
330
17
100
AcDbEntity
  8
OCULTA
100
AcDbLine
 10
306.7071645750224
 20
257.0
 30
0.0
 11
306.44667233960024
 21
257.0
 31
0.0
  0
LINE
  5
9E1
330
17
100
AcDbEntity
  8
OCULTA
100
AcDbLine
 10
306.44667233960024
 20
257.0
 30
0.0
 11
306.18841578499666
 21
257.0
 31
0.0
  0
LINE
  5
9E2
330
17
100
AcDbEntity
  8
OCULTA
100
AcDbLine
 10
306.18841578499666
 20
257.0
 30
0.0
 11
305.9335009051978
 21
257.0
 31
0.0
  0
LINE
  5
9E3
330
17
100
AcDbEntity
  8
OCULTA
100
AcDbLine
 10
305.9335009051978
 20
257.0
 30
0.0
 11
305.6830191804587
 21
257.0
 31
0.0
  0
LINE
  5
9E4
330
17
100
AcDbEntity
  8
OCULTA
100
AcDbLine
 10
305.19962229267946
 20
257.0
 30
0.0
 11
304.96877707974306
 21
257.0
 31
0.0
  0
LINE
  5
9E5
330
17
100
AcDbEntity
  8
OCULTA
100
AcDbLine
 10
305.6830191804587
 20
257.0
 30
0.0
 11
305.4380433751761
 21
257.0
 31
0.0
  0
LINE
  5
9E6
330
17
100
AcDbEntity
  8
OCULTA
100
AcDbLine
 10
305.19962229267946
 20
257.0
 30
0.0
 11
305.4380433751761
 21
257.0
 31
0.0
  0
LINE
  5
9E7
330
17
100
AcDbEntity
  8
OCULTA
100
AcDbLine
 10
304.46877707974306
 20
257.0
 30
0.0
 11
304.53373136059633
 21
257.0
 31
0.0
  0
LINE
  5
9E8
330
17
100
AcDbEntity
  8
OCULTA
100
AcDbLine
 10
304.96877707974306
 20
257.0
 30
0.0
 11
304.74649610058657
 21
257.0
 31
0.0
  0
LINE
  5
9E9
330
17
100
AcDbEntity
  8
OCULTA
100
AcDbLine
 10
304.53373136059633
 20
257.0
 30
0.0
 11
304.74649610058657
 21
257.0
 31
0.0
  0
LINE
  5
9EA
330
17
100
AcDbEntity
  8
OCULTA
100
AcDbLine
 10
307.23038958446375
 20
250.0
 30
0.0
 11
306.96877707974306
 21
250.0
 31
0.0
  0
LINE
  5
9EB
330
17
100
AcDbEntity
  8
OCULTA
100
AcDbLine
 10
306.96877707974306
 20
250.0
 30
0.0
 11
306.7071645750224
 21
250.0
 31
0.0
  0
LINE
  5
9EC
330
17
100
AcDbEntity
  8
OCULTA
100
AcDbLine
 10
306.7071645750224
 20
250.0
 30
0.0
 11
306.44667233960024
 21
250.0
 31
0.0
  0
LINE
  5
9ED
330
17
100
AcDbEntity
  8
OCULTA
100
AcDbLine
 10
306.44667233960024
 20
250.0
 30
0.0
 11
306.18841578499666
 21
250.0
 31
0.0
  0
LINE
  5
9EE
330
17
100
AcDbEntity
  8
OCULTA
100
AcDbLine
 10
306.18841578499666
 20
250.0
 30
0.0
 11
305.9335009051978
 21
250.0
 31
0.0
  0
LINE
  5
9EF
330
17
100
AcDbEntity
  8
OCULTA
100
AcDbLine
 10
305.9335009051978
 20
250.0
 30
0.0
 11
305.6830191804587
 21
250.0
 31
0.0
  0
LINE
  5
9F0
330
17
100
AcDbEntity
  8
OCULTA
100
AcDbLine
 10
305.19962229267946
 20
250.0
 30
0.0
 11
304.96877707974306
 21
250.0
 31
0.0
  0
LINE
  5
9F1
330
17
100
AcDbEntity
  8
OCULTA
100
AcDbLine
 10
305.6830191804587
 20
250.0
 30
0.0
 11
305.4380433751761
 21
250.0
 31
0.0
  0
LINE
  5
9F2
330
17
100
AcDbEntity
  8
OCULTA
100
AcDbLine
 10
305.19962229267946
 20
250.0
 30
0.0
 11
305.4380433751761
 21
250.0
 31
0.0
  0
LINE
  5
9F3
330
17
100
AcDbEntity
  8
OCULTA
100
AcDbLine
 10
304.46877707974306
 20
257.0
 30
0.0
 11
304.46877707974306
 21
250.0
 31
0.0
  0
LINE
  5
9F4
330
17
100
AcDbEntity
  8
OCULTA
100
AcDbLine
 10
304.46877707974306
 20
250.0
 30
0.0
 11
304.53373136059633
 21
250.0
 31
0.0
  0
LINE
  5
9F5
330
17
100
AcDbEntity
  8
OCULTA
100
AcDbLine
 10
304.96877707974306
 20
250.0
 30
0.0
 11
304.74649610058657
 21
250.0
 31
0.0
  0
LINE
  5
9F6
330
17
100
AcDbEntity
  8
OCULTA
100
AcDbLine
 10
304.53373136059633
 20
250.0
 30
0.0
 11
304.74649610058657
 21
250.0
 31
0.0
  0
LINE
  5
9F7
330
17
100
AcDbEntity
  8
OCULTA
100
AcDbLine
 10
302.96877707974306
 20
257.0
 30
0.0
 11
302.97734131352297
 21
257.0
 31
0.0
  0
LINE
  5
9F8
330
17
100
AcDbEntity
  8
OCULTA
100
AcDbLine
 10
302.97734131352297
 20
257.0
 30
0.0
 11
303.0029975368201
 21
257.0
 31
0.0
  0
LINE
  5
9F9
330
17
100
AcDbEntity
  8
OCULTA
100
AcDbLine
 10
303.0029975368201
 20
257.0
 30
0.0
 11
303.04563607708803
 21
257.0
 31
0.0
  0
LINE
  5
9FA
330
17
100
AcDbEntity
  8
OCULTA
100
AcDbLine
 10
303.04563607708803
 20
257.0
 30
0.0
 11
303.10507382885805
 21
257.0
 31
0.0
  0
LINE
  5
9FB
330
17
100
AcDbEntity
  8
OCULTA
100
AcDbLine
 10
303.10507382885805
 20
257.0
 30
0.0
 11
303.1810566379248
 21
257.0
 31
0.0
  0
LINE
  5
9FC
330
17
100
AcDbEntity
  8
OCULTA
100
AcDbLine
 10
303.38128604428164
 20
257.0
 30
0.0
 11
303.5046755267798
 21
257.0
 31
0.0
  0
LINE
  5
9FD
330
17
100
AcDbEntity
  8
OCULTA
100
AcDbLine
 10
303.84867038266054
 20
257.0
 30
0.0
 11
303.7953638030707
 21
257.0
 31
0.0
  0
LINE
  5
9FE
330
17
100
AcDbEntity
  8
OCULTA
100
AcDbLine
 10
303.5046755267798
 20
257.0
 30
0.0
 11
303.64289869801394
 21
257.0
 31
0.0
  0
LINE
  5
9FF
330
17
100
AcDbEntity
  8
OCULTA
100
AcDbLine
 10
303.7953638030707
 20
257.0
 30
0.0
 11
303.64289869801394
 21
257.0
 31
0.0
  0
LINE
  5
A00
330
17
100
AcDbEntity
  8
OCULTA
100
AcDbLine
 10
303.1810566379248
 20
257.0
 30
0.0
 11
303.2732590629279
 21
257.0
 31
0.0
  0
LINE
  5
A01
330
17
100
AcDbEntity
  8
OCULTA
100
AcDbLine
 10
303.38128604428164
 20
257.0
 30
0.0
 11
303.2732590629279
 21
257.0
 31
0.0
  0
LINE
  5
A02
330
17
100
AcDbEntity
  8
OCULTA
100
AcDbLine
 10
302.96877707974306
 20
250.0
 30
0.0
 11
302.97734131352297
 21
250.0
 31
0.0
  0
LINE
  5
A03
330
17
100
AcDbEntity
  8
OCULTA
100
AcDbLine
 10
302.97734131352297
 20
250.0
 30
0.0
 11
303.0029975368201
 21
250.0
 31
0.0
  0
LINE
  5
A04
330
17
100
AcDbEntity
  8
OCULTA
100
AcDbLine
 10
303.0029975368201
 20
250.0
 30
0.0
 11
303.04563607708803
 21
250.0
 31
0.0
  0
LINE
  5
A05
330
17
100
AcDbEntity
  8
OCULTA
100
AcDbLine
 10
303.04563607708803
 20
250.0
 30
0.0
 11
303.10507382885805
 21
250.0
 31
0.0
  0
LINE
  5
A06
330
17
100
AcDbEntity
  8
OCULTA
100
AcDbLine
 10
303.10507382885805
 20
250.0
 30
0.0
 11
303.1810566379248
 21
250.0
 31
0.0
  0
LINE
  5
A07
330
17
100
AcDbEntity
  8
OCULTA
100
AcDbLine
 10
303.38128604428164
 20
250.0
 30
0.0
 11
303.5046755267798
 21
250.0
 31
0.0
  0
LINE
  5
A08
330
17
100
AcDbEntity
  8
OCULTA
100
AcDbLine
 10
303.84867038266054
 20
257.0
 30
0.0
 11
303.84867038266054
 21
250.0
 31
0.0
  0
LINE
  5
A09
330
17
100
AcDbEntity
  8
OCULTA
100
AcDbLine
 10
303.84867038266054
 20
250.0
 30
0.0
 11
303.7953638030707
 21
250.0
 31
0.0
  0
LINE
  5
A0A
330
17
100
AcDbEntity
  8
OCULTA
100
AcDbLine
 10
303.5046755267798
 20
250.0
 30
0.0
 11
303.64289869801394
 21
250.0
 31
0.0
  0
LINE
  5
A0B
330
17
100
AcDbEntity
  8
OCULTA
100
AcDbLine
 10
303.7953638030707
 20
250.0
 30
0.0
 11
303.64289869801394
 21
250.0
 31
0.0
  0
LINE
  5
A0C
330
17
100
AcDbEntity
  8
OCULTA
100
AcDbLine
 10
303.1810566379248
 20
250.0
 30
0.0
 11
303.2732590629279
 21
250.0
 31
0.0
  0
LINE
  5
A0D
330
17
100
AcDbEntity
  8
OCULTA
100
AcDbLine
 10
303.38128604428164
 20
250.0
 30
0.0
 11
303.2732590629279
 21
250.0
 31
0.0
  0
LINE
  5
A0E
330
17
100
AcDbEntity
  8
OCULTA
100
AcDbLine
 10
309.46877707974306
 20
257.0
 30
0.0
 11
304.46877707974306
 21
257.0
 31
0.0
  0
LINE
  5
A0F
330
17
100
AcDbEntity
  8
OCULTA
100
AcDbLine
 10
304.46877707974306
 20
257.0
 30
0.0
 11
304.46877707974306
 21
257.0
 31
0.0
  0
LINE
  5
A10
330
17
100
AcDbEntity
  8
OCULTA
100
AcDbLine
 10
309.46877707974306
 20
250.0
 30
0.0
 11
304.46877707974306
 21
250.0
 31
0.0
  0
LINE
  5
A11
330
17
100
AcDbEntity
  8
OCULTA
100
AcDbLine
 10
304.46877707974306
 20
250.0
 30
0.0
 11
304.46877707974306
 21
250.0
 31
0.0
  0
LINE
  5
A12
330
17
100
AcDbEntity
  8
OCULTA
100
AcDbLine
 10
304.46877707974306
 20
257.0
 30
0.0
 11
304.46877707974306
 21
250.0
 31
0.0
  0
LINE
  5
A13
330
17
100
AcDbEntity
  8
OCULTA
100
AcDbLine
 10
283.96877707974306
 20
257.0
 30
0.0
 11
283.96877707974306
 21
257.0
 31
0.0
  0
LINE
  5
A14
330
17
100
AcDbEntity
  8
OCULTA
100
AcDbLine
 10
303.84867038266054
 20
257.0
 30
0.0
 11
283.96877707974306
 21
257.0
 31
0.0
  0
LINE
  5
A15
330
17
100
AcDbEntity
  8
OCULTA
100
AcDbLine
 10
283.96877707974306
 20
250.0
 30
0.0
 11
283.96877707974306
 21
250.0
 31
0.0
  0
LINE
  5
A16
330
17
100
AcDbEntity
  8
OCULTA
100
AcDbLine
 10
303.84867038266054
 20
250.0
 30
0.0
 11
283.96877707974306
 21
250.0
 31
0.0
  0
LINE
  5
A17
330
17
100
AcDbEntity
  8
OCULTA
100
AcDbLine
 10
283.96877707974306
 20
257.0
 30
0.0
 11
283.96877707974306
 21
250.0
 31
0.0
  0
LINE
  5
A18
330
17
100
AcDbEntity
  8
OCULTA
100
AcDbLine
 10
307.23038958446375
 20
199.5
 30
0.0
 11
306.96877707974306
 21
199.5
 31
0.0
  0
LINE
  5
A19
330
17
100
AcDbEntity
  8
OCULTA
100
AcDbLine
 10
306.96877707974306
 20
199.5
 30
0.0
 11
306.7071645750224
 21
199.5
 31
0.0
  0
LINE
  5
A1A
330
17
100
AcDbEntity
  8
OCULTA
100
AcDbLine
 10
306.7071645750224
 20
199.5
 30
0.0
 11
306.44667233960024
 21
199.5
 31
0.0
  0
LINE
  5
A1B
330
17
100
AcDbEntity
  8
OCULTA
100
AcDbLine
 10
306.44667233960024
 20
199.5
 30
0.0
 11
306.18841578499666
 21
199.5
 31
0.0
  0
LINE
  5
A1C
330
17
100
AcDbEntity
  8
OCULTA
100
AcDbLine
 10
306.18841578499666
 20
199.5
 30
0.0
 11
305.9335009051978
 21
199.5
 31
0.0
  0
LINE
  5
A1D
330
17
100
AcDbEntity
  8
OCULTA
100
AcDbLine
 10
305.9335009051978
 20
199.5
 30
0.0
 11
305.6830191804587
 21
199.5
 31
0.0
  0
LINE
  5
A1E
330
17
100
AcDbEntity
  8
OCULTA
100
AcDbLine
 10
308.96877707974306
 20
199.5
 30
0.0
 11
306.96877707974306
 21
199.5
 31
0.0
  0
LINE
  5
A1F
330
17
100
AcDbEntity
  8
OCULTA
100
AcDbLine
 10
306.96877707974306
 20
199.5
 30
0.0
 11
304.96877707974306
 21
199.5
 31
0.0
  0
LINE
  5
A20
330
17
100
AcDbEntity
  8
OCULTA
100
AcDbLine
 10
305.19962229267946
 20
199.5
 30
0.0
 11
304.96877707974306
 21
199.5
 31
0.0
  0
LINE
  5
A21
330
17
100
AcDbEntity
  8
OCULTA
100
AcDbLine
 10
305.6830191804587
 20
199.5
 30
0.0
 11
305.4380433751761
 21
199.5
 31
0.0
  0
LINE
  5
A22
330
17
100
AcDbEntity
  8
OCULTA
100
AcDbLine
 10
305.19962229267946
 20
199.5
 30
0.0
 11
305.4380433751761
 21
199.5
 31
0.0
  0
LINE
  5
A23
330
17
100
AcDbEntity
  8
OCULTA
100
AcDbLine
 10
304.96877707974306
 20
199.5
 30
0.0
 11
304.74649610058657
 21
199.5
 31
0.0
  0
LINE
  5
A24
330
17
100
AcDbEntity
  8
OCULTA
100
AcDbLine
 10
304.53373136059633
 20
199.5
 30
0.0
 11
304.74649610058657
 21
199.5
 31
0.0
  0
LINE
  5
A25
330
17
100
AcDbEntity
  8
OCULTA
100
AcDbLine
 10
304.14035000340334
 20
199.5
 30
0.0
 11
304.3313938571631
 21
199.5
 31
0.0
  0
LINE
  5
A26
330
17
100
AcDbEntity
  8
OCULTA
100
AcDbLine
 10
304.53373136059633
 20
199.5
 30
0.0
 11
304.3313938571631
 21
199.5
 31
0.0
  0
LINE
  5
A27
330
17
100
AcDbEntity
  8
OCULTA
100
AcDbLine
 10
302.96877707974306
 20
199.5
 30
0.0
 11
302.96877707974306
 21
199.5
 31
0.0
  0
LINE
  5
A28
330
17
100
AcDbEntity
  8
OCULTA
100
AcDbLine
 10
302.96877707974306
 20
199.5
 30
0.0
 11
302.97734131352297
 21
199.5
 31
0.0
  0
LINE
  5
A29
330
17
100
AcDbEntity
  8
OCULTA
100
AcDbLine
 10
302.97734131352297
 20
199.5
 30
0.0
 11
303.0029975368201
 21
199.5
 31
0.0
  0
LINE
  5
A2A
330
17
100
AcDbEntity
  8
OCULTA
100
AcDbLine
 10
303.0029975368201
 20
199.5
 30
0.0
 11
303.04563607708803
 21
199.5
 31
0.0
  0
LINE
  5
A2B
330
17
100
AcDbEntity
  8
OCULTA
100
AcDbLine
 10
303.04563607708803
 20
199.5
 30
0.0
 11
303.10507382885805
 21
199.5
 31
0.0
  0
LINE
  5
A2C
330
17
100
AcDbEntity
  8
OCULTA
100
AcDbLine
 10
303.10507382885805
 20
199.5
 30
0.0
 11
303.1810566379248
 21
199.5
 31
0.0
  0
LINE
  5
A2D
330
17
100
AcDbEntity
  8
OCULTA
100
AcDbLine
 10
303.38128604428164
 20
199.5
 30
0.0
 11
303.5046755267798
 21
199.5
 31
0.0
  0
LINE
  5
A2E
330
17
100
AcDbEntity
  8
OCULTA
100
AcDbLine
 10
304.14035000340334
 20
199.5
 30
0.0
 11
303.96141781346194
 21
199.5
 31
0.0
  0
LINE
  5
A2F
330
17
100
AcDbEntity
  8
OCULTA
100
AcDbLine
 10
303.7953638030707
 20
199.5
 30
0.0
 11
303.96141781346194
 21
199.5
 31
0.0
  0
LINE
  5
A30
330
17
100
AcDbEntity
  8
OCULTA
100
AcDbLine
 10
303.5046755267798
 20
199.5
 30
0.0
 11
303.64289869801394
 21
199.5
 31
0.0
  0
LINE
  5
A31
330
17
100
AcDbEntity
  8
OCULTA
100
AcDbLine
 10
303.7953638030707
 20
199.5
 30
0.0
 11
303.64289869801394
 21
199.5
 31
0.0
  0
LINE
  5
A32
330
17
100
AcDbEntity
  8
OCULTA
100
AcDbLine
 10
303.1810566379248
 20
199.5
 30
0.0
 11
303.2732590629279
 21
199.5
 31
0.0
  0
LINE
  5
A33
330
17
100
AcDbEntity
  8
OCULTA
100
AcDbLine
 10
303.38128604428164
 20
199.5
 30
0.0
 11
303.2732590629279
 21
199.5
 31
0.0
  0
LINE
  5
A34
330
17
100
AcDbEntity
  8
OCULTA
100
AcDbLine
 10
304.96877707974306
 20
199.5
 30
0.0
 11
302.96877707974306
 21
199.5
 31
0.0
  0
LINE
  5
A35
330
17
100
AcDbEntity
  8
OCULTA
100
AcDbLine
 10
302.96877707974306
 20
199.5
 30
0.0
 11
302.96877707974306
 21
199.5
 31
0.0
  0
LINE
  5
A36
330
17
100
AcDbEntity
  8
OCULTA
100
AcDbLine
 10
310.96877707974306
 20
181.5
 30
0.0
 11
306.96877707974306
 21
181.5
 31
0.0
  0
LINE
  5
A37
330
17
100
AcDbEntity
  8
OCULTA
100
AcDbLine
 10
306.96877707974306
 20
199.5
 30
0.0
 11
306.96877707974306
 21
181.5
 31
0.0
  0
LINE
  5
A38
330
17
100
AcDbEntity
  8
OCULTA
100
AcDbLine
 10
302.96877707974306
 20
181.5
 30
0.0
 11
302.96877707974306
 21
181.5
 31
0.0
  0
LINE
  5
A39
330
17
100
AcDbEntity
  8
OCULTA
100
AcDbLine
 10
302.96877707974306
 20
199.5
 30
0.0
 11
302.96877707974306
 21
181.5
 31
0.0
  0
LINE
  5
A3A
330
17
100
AcDbEntity
  8
OCULTA
100
AcDbLine
 10
306.96877707974306
 20
181.5
 30
0.0
 11
302.96877707974306
 21
181.5
 31
0.0
  0
TEXT
  5
A3B
330
17
100
AcDbEntity
  8
TEXTO
100
AcDbText
 10
306.96877707974306
 20
361.5
 30
0.0
 40
3.5
  1
PERFIL
 72
1
 11
306.96877707974306
 21
361.5
 31
0.0
100
AcDbText
 73
2
  0
LINE
  5
A3C
330
17
100
AcDbEntity
  8
VISIBLE
100
AcDbLine
 10
373.21963879294105
 20
330.0442270040982
 30
0.0
 11
373.4778952930655
 21
330.0688442269754
 31
0.0
  0
LINE
  5
A3D
330
17
100
AcDbEntity
  8
VISIBLE
100
AcDbLine
 10
373.7383874306223
 20
330.08365690098185
 30
0.0
 11
373.4778952930655
 21
330.0688442269754
 31
0.0
  0
LINE
  5
A3E
330
17
100
AcDbEntity
  8
VISIBLE
100
AcDbLine
 10
373.21963879294105
 20
330.0442270040982
 30
0.0
 11
372.9647238635539
 21
330.00991054771373
 31
0.0
  0
LINE
  5
A3F
330
17
100
AcDbEntity
  8
VISIBLE
100
AcDbLine
 10
372.469266333003
 20
329.91280876058363
 30
0.0
 11
372.7142421082806
 21
329.9660419294618
 31
0.0
  0
LINE
  5
A40
330
17
100
AcDbEntity
  8
VISIBLE
100
AcDbLine
 10
372.9647238635539
 20
330.00991054771373
 30
0.0
 11
372.7142421082806
 21
329.9660419294618
 31
0.0
  0
LINE
  5
A41
330
17
100
AcDbEntity
  8
VISIBLE
100
AcDbLine
 10
372.469266333003
 20
329.91280876058363
 30
0.0
 11
372.2308453198996
 21
329.85043928925614
 31
0.0
  0
LINE
  5
A42
330
17
100
AcDbEntity
  8
VISIBLE
100
AcDbLine
 10
372.2308453198996
 20
329.85043928925614
 30
0.0
 11
372.00000003422855
 21
329.7792004052451
 31
0.0
  0
LINE
  5
A43
330
17
100
AcDbEntity
  8
VISIBLE
100
AcDbLine
 10
372.00000003422855
 20
329.7792004052451
 30
0.0
 11
371.7777191567623
 21
329.69939720190257
 31
0.0
  0
LINE
  5
A44
330
17
100
AcDbEntity
  8
VISIBLE
100
AcDbLine
 10
371.7777191567623
 20
329.69939720190257
 30
0.0
 11
371.5649541947529
 21
329.61137151615685
 31
0.0
  0
LINE
  5
A45
330
17
100
AcDbEntity
  8
VISIBLE
100
AcDbLine
 10
371.5649541947529
 20
329.61137151615685
 30
0.0
 11
371.3626166791664
 21
329.51550011566746
 31
0.0
  0
LINE
  5
A46
330
17
100
AcDbEntity
  8
VISIBLE
100
AcDbLine
 10
371.3626166791664
 20
329.51550011566746
 30
0.0
 11
371.17157287525384
 21
329.41219359165103
 31
0.0
  0
LINE
  5
A47
330
17
100
AcDbEntity
  8
VISIBLE
100
AcDbLine
 10
374.2616125693777
 20
330.08365690098185
 30
0.0
 11
374.5221047069345
 21
330.0688442269754
 31
0.0
  0
LINE
  5
A48
330
17
100
AcDbEntity
  8
VISIBLE
100
AcDbLine
 10
374.78036120705895
 20
330.0442270040982
 30
0.0
 11
374.5221047069345
 21
330.0688442269754
 31
0.0
  0
LINE
  5
A49
330
17
100
AcDbEntity
  8
VISIBLE
100
AcDbLine
 10
374.78036120705895
 20
330.0442270040982
 30
0.0
 11
375.0352761364461
 21
330.00991054771373
 31
0.0
  0
LINE
  5
A4A
330
17
100
AcDbEntity
  8
VISIBLE
100
AcDbLine
 10
375.530733666997
 20
329.91280876058363
 30
0.0
 11
375.2857578917194
 21
329.9660419294618
 31
0.0
  0
LINE
  5
A4B
330
17
100
AcDbEntity
  8
VISIBLE
100
AcDbLine
 10
375.0352761364461
 20
330.00991054771373
 30
0.0
 11
375.2857578917194
 21
329.9660419294618
 31
0.0
  0
LINE
  5
A4C
330
17
100
AcDbEntity
  8
VISIBLE
100
AcDbLine
 10
375.530733666997
 20
329.91280876058363
 30
0.0
 11
375.7691546801004
 21
329.85043928925614
 31
0.0
  0
LINE
  5
A4D
330
17
100
AcDbEntity
  8
VISIBLE
100
AcDbLine
 10
375.7691546801004
 20
329.85043928925614
 30
0.0
 11
375.99999996577145
 21
329.7792004052451
 31
0.0
  0
LINE
  5
A4E
330
17
100
AcDbEntity
  8
VISIBLE
100
AcDbLine
 10
375.99999996577145
 20
329.7792004052451
 30
0.0
 11
376.2222808432377
 21
329.69939720190257
 31
0.0
  0
LINE
  5
A4F
330
17
100
AcDbEntity
  8
VISIBLE
100
AcDbLine
 10
376.2222808432377
 20
329.69939720190257
 30
0.0
 11
376.4350458052471
 21
329.61137151615685
 31
0.0
  0
LINE
  5
A50
330
17
100
AcDbEntity
  8
VISIBLE
100
AcDbLine
 10
376.4350458052471
 20
329.61137151615685
 30
0.0
 11
376.6373833208336
 21
329.51550011566746
 31
0.0
  0
LINE
  5
A51
330
17
100
AcDbEntity
  8
VISIBLE
100
AcDbLine
 10
373.7383874306223
 20
330.08365690098185
 30
0.0
 11
374.0
 21
330.08860146703034
 31
0.0
  0
LINE
  5
A52
330
17
100
AcDbEntity
  8
VISIBLE
100
AcDbLine
 10
374.2616125693777
 20
330.08365690098185
 30
0.0
 11
374.0
 21
330.08860146703034
 31
0.0
  0
LINE
  5
A53
330
17
100
AcDbEntity
  8
VISIBLE
100
AcDbLine
 10
373.21963879294105
 20
288.81114966724806
 30
0.0
 11
373.4778952930655
 21
288.8357668901252
 31
0.0
  0
LINE
  5
A54
330
17
100
AcDbEntity
  8
VISIBLE
100
AcDbLine
 10
359.5043109856758
 20
296.95645449977394
 30
0.0
 11
373.56151834943375
 21
288.8405220442538
 31
0.0
  0
LINE
  5
A55
330
17
100
AcDbEntity
  8
VISIBLE
100
AcDbLine
 10
373.4778952930655
 20
288.8357668901252
 30
0.0
 11
373.56151834943375
 21
288.8405220442538
 31
0.0
  0
LINE
  5
A56
330
17
100
AcDbEntity
  8
VISIBLE
100
AcDbLine
 10
373.21963879294105
 20
288.81114966724806
 30
0.0
 11
372.9647238635539
 21
288.77683321086363
 31
0.0
  0
LINE
  5
A57
330
17
100
AcDbEntity
  8
VISIBLE
100
AcDbLine
 10
372.469266333003
 20
288.6797314237335
 30
0.0
 11
372.7142421082806
 21
288.73296459261167
 31
0.0
  0
LINE
  5
A58
330
17
100
AcDbEntity
  8
VISIBLE
100
AcDbLine
 10
372.9647238635539
 20
288.77683321086363
 30
0.0
 11
372.7142421082806
 21
288.73296459261167
 31
0.0
  0
LINE
  5
A59
330
17
100
AcDbEntity
  8
VISIBLE
100
AcDbLine
 10
372.469266333003
 20
288.6797314237335
 30
0.0
 11
372.2308453198996
 21
288.617361952406
 31
0.0
  0
LINE
  5
A5A
330
17
100
AcDbEntity
  8
VISIBLE
100
AcDbLine
 10
372.2308453198996
 20
288.617361952406
 30
0.0
 11
372.00000003422855
 21
288.546123068395
 31
0.0
  0
LINE
  5
A5B
330
17
100
AcDbEntity
  8
VISIBLE
100
AcDbLine
 10
372.00000003422855
 20
288.546123068395
 30
0.0
 11
371.7777191567623
 21
288.46631986505236
 31
0.0
  0
LINE
  5
A5C
330
17
100
AcDbEntity
  8
VISIBLE
100
AcDbLine
 10
371.7777191567623
 20
288.46631986505236
 30
0.0
 11
371.5649541947529
 21
288.37829417930664
 31
0.0
  0
LINE
  5
A5D
330
17
100
AcDbEntity
  8
VISIBLE
100
AcDbLine
 10
371.5649541947529
 20
288.37829417930664
 30
0.0
 11
371.3626166791664
 21
288.28242277881725
 31
0.0
  0
LINE
  5
A5E
330
17
100
AcDbEntity
  8
VISIBLE
100
AcDbLine
 10
374.78036120705895
 20
288.81114966724806
 30
0.0
 11
374.5221047069345
 21
288.8357668901252
 31
0.0
  0
LINE
  5
A5F
330
17
100
AcDbEntity
  8
VISIBLE
100
AcDbLine
 10
388.4956890143242
 20
296.95645449977394
 30
0.0
 11
374.43848165056625
 21
288.8405220442538
 31
0.0
  0
LINE
  5
A60
330
17
100
AcDbEntity
  8
VISIBLE
100
AcDbLine
 10
374.5221047069345
 20
288.8357668901252
 30
0.0
 11
374.43848165056625
 21
288.8405220442538
 31
0.0
  0
LINE
  5
A61
330
17
100
AcDbEntity
  8
VISIBLE
100
AcDbLine
 10
374.78036120705895
 20
288.81114966724806
 30
0.0
 11
375.0352761364461
 21
288.77683321086363
 31
0.0
  0
LINE
  5
A62
330
17
100
AcDbEntity
  8
VISIBLE
100
AcDbLine
 10
375.530733666997
 20
288.6797314237335
 30
0.0
 11
375.2857578917194
 21
288.73296459261167
 31
0.0
  0
LINE
  5
A63
330
17
100
AcDbEntity
  8
VISIBLE
100
AcDbLine
 10
375.0352761364461
 20
288.77683321086363
 30
0.0
 11
375.2857578917194
 21
288.73296459261167
 31
0.0
  0
LINE
  5
A64
330
17
100
AcDbEntity
  8
VISIBLE
100
AcDbLine
 10
375.530733666997
 20
288.6797314237335
 30
0.0
 11
375.7691546801004
 21
288.617361952406
 31
0.0
  0
LINE
  5
A65
330
17
100
AcDbEntity
  8
VISIBLE
100
AcDbLine
 10
375.7691546801004
 20
288.617361952406
 30
0.0
 11
375.99999996577145
 21
288.546123068395
 31
0.0
  0
LINE
  5
A66
330
17
100
AcDbEntity
  8
VISIBLE
100
AcDbLine
 10
375.99999996577145
 20
288.546123068395
 30
0.0
 11
376.2222808432377
 21
288.46631986505236
 31
0.0
  0
LINE
  5
A67
330
17
100
AcDbEntity
  8
VISIBLE
100
AcDbLine
 10
376.2222808432377
 20
288.46631986505236
 30
0.0
 11
376.4350458052471
 21
288.37829417930664
 31
0.0
  0
LINE
  5
A68
330
17
100
AcDbEntity
  8
VISIBLE
100
AcDbLine
 10
376.4350458052471
 20
288.37829417930664
 30
0.0
 11
376.6373833208336
 21
288.28242277881725
 31
0.0
  0
LINE
  5
A69
330
17
100
AcDbEntity
  8
VISIBLE
100
AcDbLine
 10
371.17157287525384
 20
329.41219359165103
 30
0.0
 11
370.992640726904
 21
329.30189440003505
 31
0.0
  0
LINE
  5
A6A
330
17
100
AcDbEntity
  8
VISIBLE
100
AcDbLine
 10
370.992640726904
 20
329.30189440003505
 30
0.0
 11
370.8265865902637
 21
329.1850747809441
 31
0.0
  0
LINE
  5
A6B
330
17
100
AcDbEntity
  8
VISIBLE
100
AcDbLine
 10
370.8265865902637
 20
329.1850747809441
 30
0.0
 11
370.67412163018093
 21
329.06223487285376
 31
0.0
  0
LINE
  5
A6C
330
17
100
AcDbEntity
  8
VISIBLE
100
AcDbLine
 10
370.67412163018093
 20
329.06223487285376
 30
0.0
 11
370.53589842738484
 21
328.933900948413
 31
0.0
  0
LINE
  5
A6D
330
17
100
AcDbEntity
  8
VISIBLE
100
AcDbLine
 10
370.53589842738484
 20
328.933900948413
 30
0.0
 11
370.4125090608033
 21
328.8006223605896
 31
0.0
  0
LINE
  5
A6E
330
17
100
AcDbEntity
  8
VISIBLE
100
AcDbLine
 10
370.4125090608033
 20
328.8006223605896
 30
0.0
 11
370.30448196762285
 21
328.6629699244939
 31
0.0
  0
LINE
  5
A6F
330
17
100
AcDbEntity
  8
VISIBLE
100
AcDbLine
 10
370.30448196762285
 20
328.6629699244939
 30
0.0
 11
370.21227941447796
 21
328.5215330946925
 31
0.0
  0
LINE
  5
A70
330
17
100
AcDbEntity
  8
VISIBLE
100
AcDbLine
 10
370.21227941447796
 20
328.5215330946925
 30
0.0
 11
370.13629673880774
 21
328.3769173858583
 31
0.0
  0
LINE
  5
A71
330
17
100
AcDbEntity
  8
VISIBLE
100
AcDbLine
 10
370.13629673880774
 20
328.3769173858583
 30
0.0
 11
370.07685889281413
 21
328.22974218275624
 31
0.0
  0
LINE
  5
A72
330
17
100
AcDbEntity
  8
VISIBLE
100
AcDbLine
 10
370.07685889281413
 20
328.22974218275624
 30
0.0
 11
370.03422061204964
 21
328.0806377228894
 31
0.0
  0
LINE
  5
A73
330
17
100
AcDbEntity
  8
VISIBLE
100
AcDbLine
 10
370.03422061204964
 20
328.0806377228894
 30
0.0
 11
370.0085643080745
 21
327.93024251714917
 31
0.0
  0
LINE
  5
A74
330
17
100
AcDbEntity
  8
VISIBLE
100
AcDbLine
 10
370.0085643080745
 20
327.93024251714917
 30
0.0
 11
370.0000000684571
 21
327.77920042979554
 31
0.0
  0
LINE
  5
A75
330
17
100
AcDbEntity
  8
VISIBLE
100
AcDbLine
 10
370.0000000684571
 20
327.77920042979554
 30
0.0
 11
370.0085643080745
 21
327.628158342442
 31
0.0
  0
LINE
  5
A76
330
17
100
AcDbEntity
  8
VISIBLE
100
AcDbLine
 10
370.0085643080745
 20
327.628158342442
 30
0.0
 11
370.03422061204964
 21
327.47776313670175
 31
0.0
  0
LINE
  5
A77
330
17
100
AcDbEntity
  8
VISIBLE
100
AcDbLine
 10
370.03422061204964
 20
327.47776313670175
 30
0.0
 11
370.07685889281413
 21
327.32865867683495
 31
0.0
  0
LINE
  5
A78
330
17
100
AcDbEntity
  8
VISIBLE
100
AcDbLine
 10
370.07685889281413
 20
327.32865867683495
 30
0.0
 11
370.13629673880774
 21
327.18148347373284
 31
0.0
  0
LINE
  5
A79
330
17
100
AcDbEntity
  8
VISIBLE
100
AcDbLine
 10
370.13629673880774
 20
327.18148347373284
 30
0.0
 11
370.21227941447796
 21
327.0368677648987
 31
0.0
  0
LINE
  5
A7A
330
17
100
AcDbEntity
  8
VISIBLE
100
AcDbLine
 10
370.21227941447796
 20
327.0368677648987
 30
0.0
 11
370.30448196762285
 21
326.89543093509724
 31
0.0
  0
LINE
  5
A7B
330
17
100
AcDbEntity
  8
VISIBLE
100
AcDbLine
 10
370.30448196762285
 20
326.89543093509724
 30
0.0
 11
370.4125090608033
 21
326.75777849900146
 31
0.0
  0
LINE
  5
A7C
330
17
100
AcDbEntity
  8
VISIBLE
100
AcDbLine
 10
370.4125090608033
 20
326.75777849900146
 30
0.0
 11
370.53589842738484
 21
326.6244999111782
 31
0.0
  0
LINE
  5
A7D
330
17
100
AcDbEntity
  8
VISIBLE
100
AcDbLine
 10
370.53589842738484
 20
326.6244999111782
 30
0.0
 11
370.67412163018093
 21
326.49616598673737
 31
0.0
  0
LINE
  5
A7E
330
17
100
AcDbEntity
  8
VISIBLE
100
AcDbLine
 10
370.67412163018093
 20
326.49616598673737
 30
0.0
 11
370.8265865902637
 21
326.3733260786471
 31
0.0
  0
LINE
  5
A7F
330
17
100
AcDbEntity
  8
VISIBLE
100
AcDbLine
 10
370.8265865902637
 20
326.3733260786471
 30
0.0
 11
370.992640726904
 21
326.2565064595561
 31
0.0
  0
LINE
  5
A80
330
17
100
AcDbEntity
  8
VISIBLE
100
AcDbLine
 10
359.5043109856758
 20
296.95645449977394
 30
0.0
 11
355.96877707974306
 21
294.9152130474546
 31
0.0
  0
LINE
  5
A81
330
17
100
AcDbEntity
  8
VISIBLE
100
AcDbLine
 10
355.96877707974306
 20
294.9152130474546
 30
0.0
 11
355.96877707974306
 21
289.1997369809605
 31
0.0
  0
LINE
  5
A82
330
17
100
AcDbEntity
  8
VISIBLE
100
AcDbLine
 10
371.3626166791664
 20
288.28242277881725
 30
0.0
 11
371.1715728752538
 21
288.1791162548009
 31
0.0
  0
LINE
  5
A83
330
17
100
AcDbEntity
  8
VISIBLE
100
AcDbLine
 10
371.1715728752538
 20
288.1791162548009
 30
0.0
 11
370.992640726904
 21
288.0688170631849
 31
0.0
  0
LINE
  5
A84
330
17
100
AcDbEntity
  8
VISIBLE
100
AcDbLine
 10
370.992640726904
 20
288.0688170631849
 30
0.0
 11
370.8265865902637
 21
287.9519974440939
 31
0.0
  0
LINE
  5
A85
330
17
100
AcDbEntity
  8
VISIBLE
100
AcDbLine
 10
370.8265865902637
 20
287.9519974440939
 30
0.0
 11
370.67412163018093
 21
287.8291575360036
 31
0.0
  0
LINE
  5
A86
330
17
100
AcDbEntity
  8
VISIBLE
100
AcDbLine
 10
370.67412163018093
 20
287.8291575360036
 30
0.0
 11
370.53589842738484
 21
287.7008236115628
 31
0.0
  0
LINE
  5
A87
330
17
100
AcDbEntity
  8
VISIBLE
100
AcDbLine
 10
370.53589842738484
 20
287.7008236115628
 30
0.0
 11
370.4125090608033
 21
287.5675450237395
 31
0.0
  0
LINE
  5
A88
330
17
100
AcDbEntity
  8
VISIBLE
100
AcDbLine
 10
370.4125090608033
 20
287.5675450237395
 30
0.0
 11
370.30448196762285
 21
287.42989258764374
 31
0.0
  0
LINE
  5
A89
330
17
100
AcDbEntity
  8
VISIBLE
100
AcDbLine
 10
370.30448196762285
 20
287.42989258764374
 30
0.0
 11
370.21227941447796
 21
287.28845575784226
 31
0.0
  0
LINE
  5
A8A
330
17
100
AcDbEntity
  8
VISIBLE
100
AcDbLine
 10
370.21227941447796
 20
287.28845575784226
 30
0.0
 11
370.13629673880774
 21
287.14384004900813
 31
0.0
  0
LINE
  5
A8B
330
17
100
AcDbEntity
  8
VISIBLE
100
AcDbLine
 10
370.13629673880774
 20
287.14384004900813
 30
0.0
 11
370.07685889281413
 21
286.996664845906
 31
0.0
  0
LINE
  5
A8C
330
17
100
AcDbEntity
  8
VISIBLE
100
AcDbLine
 10
370.07685889281413
 20
286.996664845906
 30
0.0
 11
370.03422061204964
 21
286.8475603860392
 31
0.0
  0
LINE
  5
A8D
330
17
100
AcDbEntity
  8
VISIBLE
100
AcDbLine
 10
355.96877707974306
 20
294.9152130474546
 30
0.0
 11
370.02598444350105
 21
286.7992805919345
 31
0.0
  0
LINE
  5
A8E
330
17
100
AcDbEntity
  8
VISIBLE
100
AcDbLine
 10
370.03422061204964
 20
286.8475603860392
 30
0.0
 11
370.02598444350105
 21
286.7992805919345
 31
0.0
  0
LINE
  5
A8F
330
17
100
AcDbEntity
  8
VISIBLE
100
AcDbLine
 10
370.02598444350105
 20
286.2929655939563
 30
0.0
 11
370.03422061204964
 21
286.2446857998516
 31
0.0
  0
LINE
  5
A90
330
17
100
AcDbEntity
  8
VISIBLE
100
AcDbLine
 10
370.03422061204964
 20
286.2446857998516
 30
0.0
 11
370.07685889281413
 21
286.09558133998473
 31
0.0
  0
LINE
  5
A91
330
17
100
AcDbEntity
  8
VISIBLE
100
AcDbLine
 10
370.07685889281413
 20
286.09558133998473
 30
0.0
 11
370.13629673880774
 21
285.9484061368827
 31
0.0
  0
LINE
  5
A92
330
17
100
AcDbEntity
  8
VISIBLE
100
AcDbLine
 10
370.13629673880774
 20
285.9484061368827
 30
0.0
 11
370.21227941447796
 21
285.8037904280485
 31
0.0
  0
LINE
  5
A93
330
17
100
AcDbEntity
  8
VISIBLE
100
AcDbLine
 10
370.21227941447796
 20
285.8037904280485
 30
0.0
 11
370.30448196762285
 21
285.6623535982471
 31
0.0
  0
LINE
  5
A94
330
17
100
AcDbEntity
  8
VISIBLE
100
AcDbLine
 10
370.30448196762285
 20
285.6623535982471
 30
0.0
 11
370.4125090608033
 21
285.52470116215136
 31
0.0
  0
LINE
  5
A95
330
17
100
AcDbEntity
  8
VISIBLE
100
AcDbLine
 10
370.4125090608033
 20
285.52470116215136
 30
0.0
 11
370.53589842738484
 21
285.391422574328
 31
0.0
  0
LINE
  5
A96
330
17
100
AcDbEntity
  8
VISIBLE
100
AcDbLine
 10
370.53589842738484
 20
285.391422574328
 30
0.0
 11
370.67412163018093
 21
285.2630886498872
 31
0.0
  0
LINE
  5
A97
330
17
100
AcDbEntity
  8
VISIBLE
100
AcDbLine
 10
370.67412163018093
 20
285.2630886498872
 30
0.0
 11
370.8265865902637
 21
285.14024874179694
 31
0.0
  0
LINE
  5
A98
330
17
100
AcDbEntity
  8
VISIBLE
100
AcDbLine
 10
370.8265865902637
 20
285.14024874179694
 30
0.0
 11
370.992640726904
 21
285.0234291227059
 31
0.0
  0
LINE
  5
A99
330
17
100
AcDbEntity
  8
VISIBLE
100
AcDbLine
 10
355.96877707974306
 20
289.1997369809605
 30
0.0
 11
370.02598444350105
 21
281.0838045254404
 31
0.0
  0
LINE
  5
A9A
330
17
100
AcDbEntity
  8
VISIBLE
100
AcDbLine
 10
370.02598444350105
 20
286.7992805919345
 30
0.0
 11
370.02598444350105
 21
281.0838045254404
 31
0.0
  0
LINE
  5
A9B
330
17
100
AcDbEntity
  8
VISIBLE
100
AcDbLine
 10
370.02598444350105
 20
286.2929655939563
 30
0.0
 11
370.02598444350105
 21
280.5774895274622
 31
0.0
  0
LINE
  5
A9C
330
17
100
AcDbEntity
  8
VISIBLE
100
AcDbLine
 10
370.02598444350105
 20
280.5774895274622
 30
0.0
 11
370.03422061204964
 21
280.5292097333575
 31
0.0
  0
LINE
  5
A9D
330
17
100
AcDbEntity
  8
VISIBLE
100
AcDbLine
 10
370.03422061204964
 20
280.5292097333575
 30
0.0
 11
370.07685889281413
 21
280.3801052734907
 31
0.0
  0
LINE
  5
A9E
330
17
100
AcDbEntity
  8
VISIBLE
100
AcDbLine
 10
370.07685889281413
 20
280.3801052734907
 30
0.0
 11
370.13629673880774
 21
280.2329300703886
 31
0.0
  0
LINE
  5
A9F
330
17
100
AcDbEntity
  8
VISIBLE
100
AcDbLine
 10
370.13629673880774
 20
280.2329300703886
 30
0.0
 11
370.21227941447796
 21
280.08831436155447
 31
0.0
  0
LINE
  5
AA0
330
17
100
AcDbEntity
  8
VISIBLE
100
AcDbLine
 10
370.21227941447796
 20
280.08831436155447
 30
0.0
 11
370.30448196762285
 21
279.946877531753
 31
0.0
  0
LINE
  5
AA1
330
17
100
AcDbEntity
  8
VISIBLE
100
AcDbLine
 10
370.30448196762285
 20
279.946877531753
 30
0.0
 11
370.4125090608033
 21
279.8092250956572
 31
0.0
  0
LINE
  5
AA2
330
17
100
AcDbEntity
  8
VISIBLE
100
AcDbLine
 10
370.4125090608033
 20
279.8092250956572
 30
0.0
 11
370.53589842738484
 21
279.67594650783394
 31
0.0
  0
LINE
  5
AA3
330
17
100
AcDbEntity
  8
VISIBLE
100
AcDbLine
 10
370.53589842738484
 20
279.67594650783394
 30
0.0
 11
370.67412163018093
 21
279.5476125833931
 31
0.0
  0
LINE
  5
AA4
330
17
100
AcDbEntity
  8
VISIBLE
100
AcDbLine
 10
370.67412163018093
 20
279.5476125833931
 30
0.0
 11
370.8265865902637
 21
279.42477267530285
 31
0.0
  0
LINE
  5
AA5
330
17
100
AcDbEntity
  8
VISIBLE
100
AcDbLine
 10
370.8265865902637
 20
279.42477267530285
 30
0.0
 11
370.992640726904
 21
279.30795305621183
 31
0.0
  0
LINE
  5
AA6
330
17
100
AcDbEntity
  8
VISIBLE
100
AcDbLine
 10
370.02598444350105
 20
286.2929655939563
 30
0.0
 11
355.96877707974306
 21
278.17703313843623
 31
0.0
  0
LINE
  5
AA7
330
17
100
AcDbEntity
  8
VISIBLE
100
AcDbLine
 10
355.96877707974306
 20
278.17703313843623
 30
0.0
 11
355.96877707974306
 21
272.46155707194214
 31
0.0
  0
LINE
  5
AA8
330
17
100
AcDbEntity
  8
VISIBLE
100
AcDbLine
 10
376.6373833208336
 20
329.51550011566746
 30
0.0
 11
376.8284271247462
 21
329.41219359165103
 31
0.0
  0
LINE
  5
AA9
330
17
100
AcDbEntity
  8
VISIBLE
100
AcDbLine
 10
376.8284271247462
 20
329.41219359165103
 30
0.0
 11
377.007359273096
 21
329.30189440003505
 31
0.0
  0
LINE
  5
AAA
330
17
100
AcDbEntity
  8
VISIBLE
100
AcDbLine
 10
377.007359273096
 20
329.30189440003505
 30
0.0
 11
377.1734134097363
 21
329.1850747809441
 31
0.0
  0
LINE
  5
AAB
330
17
100
AcDbEntity
  8
VISIBLE
100
AcDbLine
 10
377.1734134097363
 20
329.1850747809441
 30
0.0
 11
377.32587836981907
 21
329.06223487285376
 31
0.0
  0
LINE
  5
AAC
330
17
100
AcDbEntity
  8
VISIBLE
100
AcDbLine
 10
377.32587836981907
 20
329.06223487285376
 30
0.0
 11
377.46410157261516
 21
328.933900948413
 31
0.0
  0
LINE
  5
AAD
330
17
100
AcDbEntity
  8
VISIBLE
100
AcDbLine
 10
377.46410157261516
 20
328.933900948413
 30
0.0
 11
377.5874909391967
 21
328.8006223605896
 31
0.0
  0
LINE
  5
AAE
330
17
100
AcDbEntity
  8
VISIBLE
100
AcDbLine
 10
377.5874909391967
 20
328.8006223605896
 30
0.0
 11
377.69551803237715
 21
328.6629699244939
 31
0.0
  0
LINE
  5
AAF
330
17
100
AcDbEntity
  8
VISIBLE
100
AcDbLine
 10
377.69551803237715
 20
328.6629699244939
 30
0.0
 11
377.78772058552204
 21
328.5215330946925
 31
0.0
  0
LINE
  5
AB0
330
17
100
AcDbEntity
  8
VISIBLE
100
AcDbLine
 10
377.78772058552204
 20
328.5215330946925
 30
0.0
 11
377.86370326119226
 21
328.3769173858583
 31
0.0
  0
LINE
  5
AB1
330
17
100
AcDbEntity
  8
VISIBLE
100
AcDbLine
 10
377.86370326119226
 20
328.3769173858583
 30
0.0
 11
377.92314110718587
 21
328.22974218275624
 31
0.0
  0
LINE
  5
AB2
330
17
100
AcDbEntity
  8
VISIBLE
100
AcDbLine
 10
377.92314110718587
 20
328.22974218275624
 30
0.0
 11
377.96577938795036
 21
328.0806377228894
 31
0.0
  0
LINE
  5
AB3
330
17
100
AcDbEntity
  8
VISIBLE
100
AcDbLine
 10
377.96577938795036
 20
328.0806377228894
 30
0.0
 11
377.9914356919255
 21
327.93024251714917
 31
0.0
  0
LINE
  5
AB4
330
17
100
AcDbEntity
  8
VISIBLE
100
AcDbLine
 10
377.9914356919255
 20
327.93024251714917
 30
0.0
 11
377.9999999315429
 21
327.77920042979554
 31
0.0
  0
LINE
  5
AB5
330
17
100
AcDbEntity
  8
VISIBLE
100
AcDbLine
 10
377.9999999315429
 20
327.77920042979554
 30
0.0
 11
377.9914356919255
 21
327.628158342442
 31
0.0
  0
LINE
  5
AB6
330
17
100
AcDbEntity
  8
VISIBLE
100
AcDbLine
 10
377.9914356919255
 20
327.628158342442
 30
0.0
 11
377.96577938795036
 21
327.47776313670175
 31
0.0
  0
LINE
  5
AB7
330
17
100
AcDbEntity
  8
VISIBLE
100
AcDbLine
 10
377.96577938795036
 20
327.47776313670175
 30
0.0
 11
377.92314110718587
 21
327.32865867683495
 31
0.0
  0
LINE
  5
AB8
330
17
100
AcDbEntity
  8
VISIBLE
100
AcDbLine
 10
377.92314110718587
 20
327.32865867683495
 30
0.0
 11
377.86370326119226
 21
327.18148347373284
 31
0.0
  0
LINE
  5
AB9
330
17
100
AcDbEntity
  8
VISIBLE
100
AcDbLine
 10
377.86370326119226
 20
327.18148347373284
 30
0.0
 11
377.78772058552204
 21
327.0368677648987
 31
0.0
  0
LINE
  5
ABA
330
17
100
AcDbEntity
  8
VISIBLE
100
AcDbLine
 10
377.78772058552204
 20
327.0368677648987
 30
0.0
 11
377.69551803237715
 21
326.89543093509724
 31
0.0
  0
LINE
  5
ABB
330
17
100
AcDbEntity
  8
VISIBLE
100
AcDbLine
 10
377.69551803237715
 20
326.89543093509724
 30
0.0
 11
377.5874909391967
 21
326.75777849900146
 31
0.0
  0
LINE
  5
ABC
330
17
100
AcDbEntity
  8
VISIBLE
100
AcDbLine
 10
377.5874909391967
 20
326.75777849900146
 30
0.0
 11
377.46410157261516
 21
326.6244999111782
 31
0.0
  0
LINE
  5
ABD
330
17
100
AcDbEntity
  8
VISIBLE
100
AcDbLine
 10
377.46410157261516
 20
326.6244999111782
 30
0.0
 11
377.32587836981907
 21
326.49616598673737
 31
0.0
  0
LINE
  5
ABE
330
17
100
AcDbEntity
  8
VISIBLE
100
AcDbLine
 10
377.32587836981907
 20
326.49616598673737
 30
0.0
 11
377.1734134097363
 21
326.3733260786471
 31
0.0
  0
LINE
  5
ABF
330
17
100
AcDbEntity
  8
VISIBLE
100
AcDbLine
 10
377.1734134097363
 20
326.3733260786471
 30
0.0
 11
377.007359273096
 21
326.2565064595561
 31
0.0
  0
LINE
  5
AC0
330
17
100
AcDbEntity
  8
VISIBLE
100
AcDbLine
 10
377.007359273096
 20
326.2565064595561
 30
0.0
 11
376.8284271247462
 21
326.1462072679401
 31
0.0
  0
LINE
  5
AC1
330
17
100
AcDbEntity
  8
VISIBLE
100
AcDbLine
 10
388.4956890143242
 20
296.95645449977394
 30
0.0
 11
392.03122292025694
 21
294.9152130474546
 31
0.0
  0
LINE
  5
AC2
330
17
100
AcDbEntity
  8
VISIBLE
100
AcDbLine
 10
392.03122292025694
 20
294.9152130474546
 30
0.0
 11
392.03122292025694
 21
289.1997369809605
 31
0.0
  0
LINE
  5
AC3
330
17
100
AcDbEntity
  8
VISIBLE
100
AcDbLine
 10
376.6373833208336
 20
288.28242277881725
 30
0.0
 11
376.8284271247462
 21
288.1791162548009
 31
0.0
  0
LINE
  5
AC4
330
17
100
AcDbEntity
  8
VISIBLE
100
AcDbLine
 10
376.8284271247462
 20
288.1791162548009
 30
0.0
 11
377.007359273096
 21
288.0688170631849
 31
0.0
  0
LINE
  5
AC5
330
17
100
AcDbEntity
  8
VISIBLE
100
AcDbLine
 10
377.007359273096
 20
288.0688170631849
 30
0.0
 11
377.1734134097363
 21
287.9519974440939
 31
0.0
  0
LINE
  5
AC6
330
17
100
AcDbEntity
  8
VISIBLE
100
AcDbLine
 10
377.1734134097363
 20
287.9519974440939
 30
0.0
 11
377.32587836981907
 21
287.8291575360036
 31
0.0
  0
LINE
  5
AC7
330
17
100
AcDbEntity
  8
VISIBLE
100
AcDbLine
 10
377.32587836981907
 20
287.8291575360036
 30
0.0
 11
377.46410157261516
 21
287.7008236115628
 31
0.0
  0
LINE
  5
AC8
330
17
100
AcDbEntity
  8
VISIBLE
100
AcDbLine
 10
377.46410157261516
 20
287.7008236115628
 30
0.0
 11
377.5874909391967
 21
287.5675450237395
 31
0.0
  0
LINE
  5
AC9
330
17
100
AcDbEntity
  8
VISIBLE
100
AcDbLine
 10
377.5874909391967
 20
287.5675450237395
 30
0.0
 11
377.69551803237715
 21
287.42989258764374
 31
0.0
  0
LINE
  5
ACA
330
17
100
AcDbEntity
  8
VISIBLE
100
AcDbLine
 10
377.69551803237715
 20
287.42989258764374
 30
0.0
 11
377.78772058552204
 21
287.28845575784226
 31
0.0
  0
LINE
  5
ACB
330
17
100
AcDbEntity
  8
VISIBLE
100
AcDbLine
 10
377.78772058552204
 20
287.28845575784226
 30
0.0
 11
377.86370326119226
 21
287.14384004900813
 31
0.0
  0
LINE
  5
ACC
330
17
100
AcDbEntity
  8
VISIBLE
100
AcDbLine
 10
377.86370326119226
 20
287.14384004900813
 30
0.0
 11
377.92314110718587
 21
286.996664845906
 31
0.0
  0
LINE
  5
ACD
330
17
100
AcDbEntity
  8
VISIBLE
100
AcDbLine
 10
377.92314110718587
 20
286.996664845906
 30
0.0
 11
377.96577938795036
 21
286.8475603860392
 31
0.0
  0
LINE
  5
ACE
330
17
100
AcDbEntity
  8
VISIBLE
100
AcDbLine
 10
392.03122292025694
 20
294.9152130474546
 30
0.0
 11
377.97401555649895
 21
286.7992805919345
 31
0.0
  0
LINE
  5
ACF
330
17
100
AcDbEntity
  8
VISIBLE
100
AcDbLine
 10
377.96577938795036
 20
286.8475603860392
 30
0.0
 11
377.97401555649895
 21
286.7992805919345
 31
0.0
  0
LINE
  5
AD0
330
17
100
AcDbEntity
  8
VISIBLE
100
AcDbLine
 10
377.97401555649895
 20
286.2929655939563
 30
0.0
 11
377.96577938795036
 21
286.2446857998516
 31
0.0
  0
LINE
  5
AD1
330
17
100
AcDbEntity
  8
VISIBLE
100
AcDbLine
 10
377.96577938795036
 20
286.2446857998516
 30
0.0
 11
377.92314110718587
 21
286.09558133998473
 31
0.0
  0
LINE
  5
AD2
330
17
100
AcDbEntity
  8
VISIBLE
100
AcDbLine
 10
377.92314110718587
 20
286.09558133998473
 30
0.0
 11
377.86370326119226
 21
285.9484061368827
 31
0.0
  0
LINE
  5
AD3
330
17
100
AcDbEntity
  8
VISIBLE
100
AcDbLine
 10
377.86370326119226
 20
285.9484061368827
 30
0.0
 11
377.78772058552204
 21
285.8037904280485
 31
0.0
  0
LINE
  5
AD4
330
17
100
AcDbEntity
  8
VISIBLE
100
AcDbLine
 10
377.78772058552204
 20
285.8037904280485
 30
0.0
 11
377.69551803237715
 21
285.6623535982471
 31
0.0
  0
LINE
  5
AD5
330
17
100
AcDbEntity
  8
VISIBLE
100
AcDbLine
 10
377.69551803237715
 20
285.6623535982471
 30
0.0
 11
377.5874909391967
 21
285.52470116215136
 31
0.0
  0
LINE
  5
AD6
330
17
100
AcDbEntity
  8
VISIBLE
100
AcDbLine
 10
377.5874909391967
 20
285.52470116215136
 30
0.0
 11
377.46410157261516
 21
285.391422574328
 31
0.0
  0
LINE
  5
AD7
330
17
100
AcDbEntity
  8
VISIBLE
100
AcDbLine
 10
377.46410157261516
 20
285.391422574328
 30
0.0
 11
377.32587836981907
 21
285.2630886498872
 31
0.0
  0
LINE
  5
AD8
330
17
100
AcDbEntity
  8
VISIBLE
100
AcDbLine
 10
377.32587836981907
 20
285.2630886498872
 30
0.0
 11
377.1734134097363
 21
285.14024874179694
 31
0.0
  0
LINE
  5
AD9
330
17
100
AcDbEntity
  8
VISIBLE
100
AcDbLine
 10
377.1734134097363
 20
285.14024874179694
 30
0.0
 11
377.007359273096
 21
285.0234291227059
 31
0.0
  0
LINE
  5
ADA
330
17
100
AcDbEntity
  8
VISIBLE
100
AcDbLine
 10
377.007359273096
 20
285.0234291227059
 30
0.0
 11
376.8284271247462
 21
284.91312993108994
 31
0.0
  0
LINE
  5
ADB
330
17
100
AcDbEntity
  8
VISIBLE
100
AcDbLine
 10
392.03122292025694
 20
289.1997369809605
 30
0.0
 11
377.97401555649895
 21
281.0838045254404
 31
0.0
  0
LINE
  5
ADC
330
17
100
AcDbEntity
  8
VISIBLE
100
AcDbLine
 10
377.97401555649895
 20
286.7992805919345
 30
0.0
 11
377.97401555649895
 21
281.0838045254404
 31
0.0
  0
LINE
  5
ADD
330
17
100
AcDbEntity
  8
VISIBLE
100
AcDbLine
 10
377.97401555649895
 20
286.2929655939563
 30
0.0
 11
377.97401555649895
 21
280.5774895274622
 31
0.0
  0
LINE
  5
ADE
330
17
100
AcDbEntity
  8
VISIBLE
100
AcDbLine
 10
377.97401555649895
 20
280.5774895274622
 30
0.0
 11
377.96577938795036
 21
280.5292097333575
 31
0.0
  0
LINE
  5
ADF
330
17
100
AcDbEntity
  8
VISIBLE
100
AcDbLine
 10
377.96577938795036
 20
280.5292097333575
 30
0.0
 11
377.92314110718587
 21
280.3801052734907
 31
0.0
  0
LINE
  5
AE0
330
17
100
AcDbEntity
  8
VISIBLE
100
AcDbLine
 10
377.92314110718587
 20
280.3801052734907
 30
0.0
 11
377.86370326119226
 21
280.2329300703886
 31
0.0
  0
LINE
  5
AE1
330
17
100
AcDbEntity
  8
VISIBLE
100
AcDbLine
 10
377.86370326119226
 20
280.2329300703886
 30
0.0
 11
377.78772058552204
 21
280.08831436155447
 31
0.0
  0
LINE
  5
AE2
330
17
100
AcDbEntity
  8
VISIBLE
100
AcDbLine
 10
377.78772058552204
 20
280.08831436155447
 30
0.0
 11
377.69551803237715
 21
279.946877531753
 31
0.0
  0
LINE
  5
AE3
330
17
100
AcDbEntity
  8
VISIBLE
100
AcDbLine
 10
377.69551803237715
 20
279.946877531753
 30
0.0
 11
377.5874909391967
 21
279.8092250956572
 31
0.0
  0
LINE
  5
AE4
330
17
100
AcDbEntity
  8
VISIBLE
100
AcDbLine
 10
377.5874909391967
 20
279.8092250956572
 30
0.0
 11
377.46410157261516
 21
279.67594650783394
 31
0.0
  0
LINE
  5
AE5
330
17
100
AcDbEntity
  8
VISIBLE
100
AcDbLine
 10
377.46410157261516
 20
279.67594650783394
 30
0.0
 11
377.32587836981907
 21
279.5476125833931
 31
0.0
  0
LINE
  5
AE6
330
17
100
AcDbEntity
  8
VISIBLE
100
AcDbLine
 10
377.32587836981907
 20
279.5476125833931
 30
0.0
 11
377.1734134097363
 21
279.42477267530285
 31
0.0
  0
LINE
  5
AE7
330
17
100
AcDbEntity
  8
VISIBLE
100
AcDbLine
 10
377.1734134097363
 20
279.42477267530285
 30
0.0
 11
377.007359273096
 21
279.30795305621183
 31
0.0
  0
LINE
  5
AE8
330
17
100
AcDbEntity
  8
VISIBLE
100
AcDbLine
 10
377.97401555649895
 20
286.2929655939563
 30
0.0
 11
392.03122292025694
 21
278.17703313843623
 31
0.0
  0
LINE
  5
AE9
330
17
100
AcDbEntity
  8
VISIBLE
100
AcDbLine
 10
392.03122292025694
 20
278.17703313843623
 30
0.0
 11
392.03122292025694
 21
272.46155707194214
 31
0.0
  0
LINE
  5
AEA
330
17
100
AcDbEntity
  8
VISIBLE
100
AcDbLine
 10
370.992640726904
 20
326.2565064595561
 30
0.0
 11
371.1715728752538
 21
326.1462072679401
 31
0.0
  0
LINE
  5
AEB
330
17
100
AcDbEntity
  8
VISIBLE
100
AcDbLine
 10
371.1715728752538
 20
326.1462072679401
 30
0.0
 11
371.3626166791664
 21
326.0429007439237
 31
0.0
  0
LINE
  5
AEC
330
17
100
AcDbEntity
  8
VISIBLE
100
AcDbLine
 10
371.3626166791664
 20
326.0429007439237
 30
0.0
 11
371.5649541947529
 21
325.94702934343434
 31
0.0
  0
LINE
  5
AED
330
17
100
AcDbEntity
  8
VISIBLE
100
AcDbLine
 10
371.5649541947529
 20
325.94702934343434
 30
0.0
 11
371.7777191567623
 21
325.8590036576886
 31
0.0
  0
LINE
  5
AEE
330
17
100
AcDbEntity
  8
VISIBLE
100
AcDbLine
 10
371.7777191567623
 20
325.8590036576886
 30
0.0
 11
372.00000003422855
 21
325.779200454346
 31
0.0
  0
LINE
  5
AEF
330
17
100
AcDbEntity
  8
VISIBLE
100
AcDbLine
 10
372.00000003422855
 20
325.779200454346
 30
0.0
 11
372.2308453198996
 21
325.707961570335
 31
0.0
  0
LINE
  5
AF0
330
17
100
AcDbEntity
  8
VISIBLE
100
AcDbLine
 10
372.7142421082806
 20
325.5923589301293
 30
0.0
 11
372.9647238635539
 21
325.54849031187734
 31
0.0
  0
LINE
  5
AF1
330
17
100
AcDbEntity
  8
VISIBLE
100
AcDbLine
 10
372.2308453198996
 20
325.707961570335
 30
0.0
 11
372.469266333003
 21
325.6455920990075
 31
0.0
  0
LINE
  5
AF2
330
17
100
AcDbEntity
  8
VISIBLE
100
AcDbLine
 10
372.7142421082806
 20
325.5923589301293
 30
0.0
 11
372.469266333003
 21
325.6455920990075
 31
0.0
  0
LINE
  5
AF3
330
17
100
AcDbEntity
  8
VISIBLE
100
AcDbLine
 10
372.9647238635539
 20
325.54849031187734
 30
0.0
 11
373.21963879294105
 21
325.5141738554929
 31
0.0
  0
LINE
  5
AF4
330
17
100
AcDbEntity
  8
VISIBLE
100
AcDbLine
 10
373.4778952930655
 20
325.48955663261575
 30
0.0
 11
373.21963879294105
 21
325.5141738554929
 31
0.0
  0
LINE
  5
AF5
330
17
100
AcDbEntity
  8
VISIBLE
100
AcDbLine
 10
374.0
 20
325.4697993925608
 30
0.0
 11
373.7383874306223
 21
325.47474395860934
 31
0.0
  0
LINE
  5
AF6
330
17
100
AcDbEntity
  8
VISIBLE
100
AcDbLine
 10
373.4778952930655
 20
325.48955663261575
 30
0.0
 11
373.7383874306223
 21
325.47474395860934
 31
0.0
  0
LINE
  5
AF7
330
17
100
AcDbEntity
  8
VISIBLE
100
AcDbLine
 10
376.8284271247462
 20
326.1462072679401
 30
0.0
 11
376.6373833208336
 21
326.0429007439237
 31
0.0
  0
LINE
  5
AF8
330
17
100
AcDbEntity
  8
VISIBLE
100
AcDbLine
 10
376.6373833208336
 20
326.0429007439237
 30
0.0
 11
376.4350458052471
 21
325.94702934343434
 31
0.0
  0
LINE
  5
AF9
330
17
100
AcDbEntity
  8
VISIBLE
100
AcDbLine
 10
376.4350458052471
 20
325.94702934343434
 30
0.0
 11
376.2222808432377
 21
325.8590036576886
 31
0.0
  0
LINE
  5
AFA
330
17
100
AcDbEntity
  8
VISIBLE
100
AcDbLine
 10
376.2222808432377
 20
325.8590036576886
 30
0.0
 11
375.99999996577145
 21
325.779200454346
 31
0.0
  0
LINE
  5
AFB
330
17
100
AcDbEntity
  8
VISIBLE
100
AcDbLine
 10
375.99999996577145
 20
325.779200454346
 30
0.0
 11
375.7691546801004
 21
325.707961570335
 31
0.0
  0
LINE
  5
AFC
330
17
100
AcDbEntity
  8
VISIBLE
100
AcDbLine
 10
375.2857578917194
 20
325.5923589301293
 30
0.0
 11
375.0352761364461
 21
325.54849031187734
 31
0.0
  0
LINE
  5
AFD
330
17
100
AcDbEntity
  8
VISIBLE
100
AcDbLine
 10
374.0
 20
325.4697993925608
 30
0.0
 11
374.2616125693777
 21
325.47474395860934
 31
0.0
  0
LINE
  5
AFE
330
17
100
AcDbEntity
  8
VISIBLE
100
AcDbLine
 10
374.5221047069345
 20
325.48955663261575
 30
0.0
 11
374.2616125693777
 21
325.47474395860934
 31
0.0
  0
LINE
  5
AFF
330
17
100
AcDbEntity
  8
VISIBLE
100
AcDbLine
 10
375.0352761364461
 20
325.54849031187734
 30
0.0
 11
374.78036120705895
 21
325.5141738554929
 31
0.0
  0
LINE
  5
B00
330
17
100
AcDbEntity
  8
VISIBLE
100
AcDbLine
 10
374.5221047069345
 20
325.48955663261575
 30
0.0
 11
374.78036120705895
 21
325.5141738554929
 31
0.0
  0
LINE
  5
B01
330
17
100
AcDbEntity
  8
VISIBLE
100
AcDbLine
 10
375.7691546801004
 20
325.707961570335
 30
0.0
 11
375.530733666997
 21
325.6455920990075
 31
0.0
  0
LINE
  5
B02
330
17
100
AcDbEntity
  8
VISIBLE
100
AcDbLine
 10
375.2857578917194
 20
325.5923589301293
 30
0.0
 11
375.530733666997
 21
325.6455920990075
 31
0.0
  0
LINE
  5
B03
330
17
100
AcDbEntity
  8
VISIBLE
100
AcDbLine
 10
370.992640726904
 20
285.0234291227059
 30
0.0
 11
371.1715728752538
 21
284.91312993108994
 31
0.0
  0
LINE
  5
B04
330
17
100
AcDbEntity
  8
VISIBLE
100
AcDbLine
 10
371.1715728752538
 20
284.91312993108994
 30
0.0
 11
371.3626166791664
 21
284.8098234070735
 31
0.0
  0
LINE
  5
B05
330
17
100
AcDbEntity
  8
VISIBLE
100
AcDbLine
 10
371.3626166791664
 20
284.8098234070735
 30
0.0
 11
371.5649541947529
 21
284.7139520065841
 31
0.0
  0
LINE
  5
B06
330
17
100
AcDbEntity
  8
VISIBLE
100
AcDbLine
 10
371.5649541947529
 20
284.7139520065841
 30
0.0
 11
371.7777191567623
 21
284.6259263208384
 31
0.0
  0
LINE
  5
B07
330
17
100
AcDbEntity
  8
VISIBLE
100
AcDbLine
 10
371.7777191567623
 20
284.6259263208384
 30
0.0
 11
372.00000003422855
 21
284.5461231174959
 31
0.0
  0
LINE
  5
B08
330
17
100
AcDbEntity
  8
VISIBLE
100
AcDbLine
 10
372.00000003422855
 20
284.5461231174959
 30
0.0
 11
372.2308453198996
 21
284.47488423348483
 31
0.0
  0
LINE
  5
B09
330
17
100
AcDbEntity
  8
VISIBLE
100
AcDbLine
 10
372.7142421082806
 20
284.35928159327915
 30
0.0
 11
372.9647238635539
 21
284.31541297502724
 31
0.0
  0
LINE
  5
B0A
330
17
100
AcDbEntity
  8
VISIBLE
100
AcDbLine
 10
372.2308453198996
 20
284.47488423348483
 30
0.0
 11
372.469266333003
 21
284.41251476215734
 31
0.0
  0
LINE
  5
B0B
330
17
100
AcDbEntity
  8
VISIBLE
100
AcDbLine
 10
372.7142421082806
 20
284.35928159327915
 30
0.0
 11
372.469266333003
 21
284.41251476215734
 31
0.0
  0
LINE
  5
B0C
330
17
100
AcDbEntity
  8
VISIBLE
100
AcDbLine
 10
373.56151834943375
 20
284.25172414163694
 30
0.0
 11
373.4778952930655
 21
284.2564792957656
 31
0.0
  0
LINE
  5
B0D
330
17
100
AcDbEntity
  8
VISIBLE
100
AcDbLine
 10
372.9647238635539
 20
284.31541297502724
 30
0.0
 11
373.21963879294105
 21
284.28109651864276
 31
0.0
  0
LINE
  5
B0E
330
17
100
AcDbEntity
  8
VISIBLE
100
AcDbLine
 10
373.4778952930655
 20
284.2564792957656
 30
0.0
 11
373.21963879294105
 21
284.28109651864276
 31
0.0
  0
LINE
  5
B0F
330
17
100
AcDbEntity
  8
VISIBLE
100
AcDbLine
 10
376.8284271247462
 20
284.91312993108994
 30
0.0
 11
376.6373833208336
 21
284.8098234070735
 31
0.0
  0
LINE
  5
B10
330
17
100
AcDbEntity
  8
VISIBLE
100
AcDbLine
 10
376.6373833208336
 20
284.8098234070735
 30
0.0
 11
376.4350458052471
 21
284.7139520065841
 31
0.0
  0
LINE
  5
B11
330
17
100
AcDbEntity
  8
VISIBLE
100
AcDbLine
 10
376.4350458052471
 20
284.7139520065841
 30
0.0
 11
376.2222808432377
 21
284.6259263208384
 31
0.0
  0
LINE
  5
B12
330
17
100
AcDbEntity
  8
VISIBLE
100
AcDbLine
 10
376.2222808432377
 20
284.6259263208384
 30
0.0
 11
375.99999996577145
 21
284.5461231174959
 31
0.0
  0
LINE
  5
B13
330
17
100
AcDbEntity
  8
VISIBLE
100
AcDbLine
 10
375.99999996577145
 20
284.5461231174959
 30
0.0
 11
375.7691546801004
 21
284.47488423348483
 31
0.0
  0
LINE
  5
B14
330
17
100
AcDbEntity
  8
VISIBLE
100
AcDbLine
 10
375.2857578917194
 20
284.35928159327915
 30
0.0
 11
375.0352761364461
 21
284.31541297502724
 31
0.0
  0
LINE
  5
B15
330
17
100
AcDbEntity
  8
VISIBLE
100
AcDbLine
 10
374.43848165056625
 20
284.25172414163694
 30
0.0
 11
374.5221047069345
 21
284.2564792957656
 31
0.0
  0
LINE
  5
B16
330
17
100
AcDbEntity
  8
VISIBLE
100
AcDbLine
 10
375.0352761364461
 20
284.31541297502724
 30
0.0
 11
374.78036120705895
 21
284.28109651864276
 31
0.0
  0
LINE
  5
B17
330
17
100
AcDbEntity
  8
VISIBLE
100
AcDbLine
 10
374.5221047069345
 20
284.2564792957656
 30
0.0
 11
374.78036120705895
 21
284.28109651864276
 31
0.0
  0
LINE
  5
B18
330
17
100
AcDbEntity
  8
VISIBLE
100
AcDbLine
 10
375.7691546801004
 20
284.47488423348483
 30
0.0
 11
375.530733666997
 21
284.41251476215734
 31
0.0
  0
LINE
  5
B19
330
17
100
AcDbEntity
  8
VISIBLE
100
AcDbLine
 10
375.2857578917194
 20
284.35928159327915
 30
0.0
 11
375.530733666997
 21
284.41251476215734
 31
0.0
  0
LINE
  5
B1A
330
17
100
AcDbEntity
  8
VISIBLE
100
AcDbLine
 10
370.992640726904
 20
279.30795305621183
 30
0.0
 11
371.1715728752538
 21
279.19765386459585
 31
0.0
  0
LINE
  5
B1B
330
17
100
AcDbEntity
  8
VISIBLE
100
AcDbLine
 10
371.1715728752538
 20
279.19765386459585
 30
0.0
 11
371.3626166791664
 21
279.0943473405795
 31
0.0
  0
LINE
  5
B1C
330
17
100
AcDbEntity
  8
VISIBLE
100
AcDbLine
 10
371.3626166791664
 20
279.0943473405795
 30
0.0
 11
371.5649541947529
 21
278.9984759400901
 31
0.0
  0
LINE
  5
B1D
330
17
100
AcDbEntity
  8
VISIBLE
100
AcDbLine
 10
371.5649541947529
 20
278.9984759400901
 30
0.0
 11
371.7777191567623
 21
278.91045025434437
 31
0.0
  0
LINE
  5
B1E
330
17
100
AcDbEntity
  8
VISIBLE
100
AcDbLine
 10
371.7777191567623
 20
278.91045025434437
 30
0.0
 11
372.00000003422855
 21
278.83064705100173
 31
0.0
  0
LINE
  5
B1F
330
17
100
AcDbEntity
  8
VISIBLE
100
AcDbLine
 10
372.00000003422855
 20
278.83064705100173
 30
0.0
 11
372.2308453198996
 21
278.75940816699074
 31
0.0
  0
LINE
  5
B20
330
17
100
AcDbEntity
  8
VISIBLE
100
AcDbLine
 10
372.7142421082806
 20
278.64380552678506
 30
0.0
 11
372.9647238635539
 21
278.59993690853315
 31
0.0
  0
LINE
  5
B21
330
17
100
AcDbEntity
  8
VISIBLE
100
AcDbLine
 10
372.2308453198996
 20
278.75940816699074
 30
0.0
 11
372.469266333003
 21
278.69703869566325
 31
0.0
  0
LINE
  5
B22
330
17
100
AcDbEntity
  8
VISIBLE
100
AcDbLine
 10
372.7142421082806
 20
278.64380552678506
 30
0.0
 11
372.469266333003
 21
278.69703869566325
 31
0.0
  0
LINE
  5
B23
330
17
100
AcDbEntity
  8
VISIBLE
100
AcDbLine
 10
373.56151834943375
 20
284.25172414163694
 30
0.0
 11
373.56151834943375
 21
278.5362480751429
 31
0.0
  0
LINE
  5
B24
330
17
100
AcDbEntity
  8
VISIBLE
100
AcDbLine
 10
373.56151834943375
 20
278.5362480751429
 30
0.0
 11
373.4778952930655
 21
278.5410032292715
 31
0.0
  0
LINE
  5
B25
330
17
100
AcDbEntity
  8
VISIBLE
100
AcDbLine
 10
372.9647238635539
 20
278.59993690853315
 30
0.0
 11
373.21963879294105
 21
278.56562045214866
 31
0.0
  0
LINE
  5
B26
330
17
100
AcDbEntity
  8
VISIBLE
100
AcDbLine
 10
373.4778952930655
 20
278.5410032292715
 30
0.0
 11
373.21963879294105
 21
278.56562045214866
 31
0.0
  0
LINE
  5
B27
330
17
100
AcDbEntity
  8
VISIBLE
100
AcDbLine
 10
377.007359273096
 20
279.30795305621183
 30
0.0
 11
376.8284271247462
 21
279.19765386459585
 31
0.0
  0
LINE
  5
B28
330
17
100
AcDbEntity
  8
VISIBLE
100
AcDbLine
 10
376.8284271247462
 20
279.19765386459585
 30
0.0
 11
376.6373833208336
 21
279.0943473405795
 31
0.0
  0
LINE
  5
B29
330
17
100
AcDbEntity
  8
VISIBLE
100
AcDbLine
 10
376.6373833208336
 20
279.0943473405795
 30
0.0
 11
376.4350458052471
 21
278.9984759400901
 31
0.0
  0
LINE
  5
B2A
330
17
100
AcDbEntity
  8
VISIBLE
100
AcDbLine
 10
376.4350458052471
 20
278.9984759400901
 30
0.0
 11
376.2222808432377
 21
278.91045025434437
 31
0.0
  0
LINE
  5
B2B
330
17
100
AcDbEntity
  8
VISIBLE
100
AcDbLine
 10
376.2222808432377
 20
278.91045025434437
 30
0.0
 11
375.99999996577145
 21
278.83064705100173
 31
0.0
  0
LINE
  5
B2C
330
17
100
AcDbEntity
  8
VISIBLE
100
AcDbLine
 10
375.99999996577145
 20
278.83064705100173
 30
0.0
 11
375.7691546801004
 21
278.75940816699074
 31
0.0
  0
LINE
  5
B2D
330
17
100
AcDbEntity
  8
VISIBLE
100
AcDbLine
 10
375.2857578917194
 20
278.64380552678506
 30
0.0
 11
375.0352761364461
 21
278.59993690853315
 31
0.0
  0
LINE
  5
B2E
330
17
100
AcDbEntity
  8
VISIBLE
100
AcDbLine
 10
374.43848165056625
 20
284.25172414163694
 30
0.0
 11
374.43848165056625
 21
278.5362480751429
 31
0.0
  0
LINE
  5
B2F
330
17
100
AcDbEntity
  8
VISIBLE
100
AcDbLine
 10
374.43848165056625
 20
278.5362480751429
 30
0.0
 11
374.5221047069345
 21
278.5410032292715
 31
0.0
  0
LINE
  5
B30
330
17
100
AcDbEntity
  8
VISIBLE
100
AcDbLine
 10
375.0352761364461
 20
278.59993690853315
 30
0.0
 11
374.78036120705895
 21
278.56562045214866
 31
0.0
  0
LINE
  5
B31
330
17
100
AcDbEntity
  8
VISIBLE
100
AcDbLine
 10
374.5221047069345
 20
278.5410032292715
 30
0.0
 11
374.78036120705895
 21
278.56562045214866
 31
0.0
  0
LINE
  5
B32
330
17
100
AcDbEntity
  8
VISIBLE
100
AcDbLine
 10
375.7691546801004
 20
278.75940816699074
 30
0.0
 11
375.530733666997
 21
278.69703869566325
 31
0.0
  0
LINE
  5
B33
330
17
100
AcDbEntity
  8
VISIBLE
100
AcDbLine
 10
375.2857578917194
 20
278.64380552678506
 30
0.0
 11
375.530733666997
 21
278.69703869566325
 31
0.0
  0
LINE
  5
B34
330
17
100
AcDbEntity
  8
VISIBLE
100
AcDbLine
 10
355.96877707974306
 20
278.17703313843623
 30
0.0
 11
359.5043109856758
 21
276.13579168611693
 31
0.0
  0
LINE
  5
B35
330
17
100
AcDbEntity
  8
VISIBLE
100
AcDbLine
 10
373.56151834943375
 20
284.25172414163694
 30
0.0
 11
359.5043109856758
 21
276.13579168611693
 31
0.0
  0
LINE
  5
B36
330
17
100
AcDbEntity
  8
VISIBLE
100
AcDbLine
 10
355.96877707974306
 20
272.46155707194214
 30
0.0
 11
359.5043109856758
 21
270.4203156196228
 31
0.0
  0
LINE
  5
B37
330
17
100
AcDbEntity
  8
VISIBLE
100
AcDbLine
 10
373.56151834943375
 20
278.5362480751429
 30
0.0
 11
359.5043109856758
 21
270.4203156196228
 31
0.0
  0
LINE
  5
B38
330
17
100
AcDbEntity
  8
VISIBLE
100
AcDbLine
 10
359.5043109856758
 20
276.13579168611693
 30
0.0
 11
359.5043109856758
 21
270.4203156196228
 31
0.0
  0
LINE
  5
B39
330
17
100
AcDbEntity
  8
VISIBLE
100
AcDbLine
 10
392.03122292025694
 20
278.17703313843623
 30
0.0
 11
388.4956890143242
 21
276.13579168611693
 31
0.0
  0
LINE
  5
B3A
330
17
100
AcDbEntity
  8
VISIBLE
100
AcDbLine
 10
374.43848165056625
 20
284.25172414163694
 30
0.0
 11
388.4956890143242
 21
276.13579168611693
 31
0.0
  0
LINE
  5
B3B
330
17
100
AcDbEntity
  8
VISIBLE
100
AcDbLine
 10
392.03122292025694
 20
272.46155707194214
 30
0.0
 11
388.4956890143242
 21
270.4203156196228
 31
0.0
  0
LINE
  5
B3C
330
17
100
AcDbEntity
  8
VISIBLE
100
AcDbLine
 10
374.43848165056625
 20
278.5362480751429
 30
0.0
 11
388.4956890143242
 21
270.4203156196228
 31
0.0
  0
LINE
  5
B3D
330
17
100
AcDbEntity
  8
VISIBLE
100
AcDbLine
 10
388.4956890143242
 20
276.13579168611693
 30
0.0
 11
388.4956890143242
 21
270.4203156196228
 31
0.0
  0
LINE
  5
B3E
330
17
100
AcDbEntity
  8
VISIBLE
100
AcDbLine
 10
373.21963879294105
 20
247.98632062086173
 30
0.0
 11
373.4778952930655
 21
248.01093784373893
 31
0.0
  0
LINE
  5
B3F
330
17
100
AcDbEntity
  8
VISIBLE
100
AcDbLine
 10
359.5043109856758
 20
256.1316254533876
 30
0.0
 11
373.56151834943375
 21
248.01569299786755
 31
0.0
  0
LINE
  5
B40
330
17
100
AcDbEntity
  8
VISIBLE
100
AcDbLine
 10
373.4778952930655
 20
248.01093784373893
 30
0.0
 11
373.56151834943375
 21
248.01569299786755
 31
0.0
  0
LINE
  5
B41
330
17
100
AcDbEntity
  8
VISIBLE
100
AcDbLine
 10
373.21963879294105
 20
247.98632062086173
 30
0.0
 11
372.9647238635539
 21
247.95200416447727
 31
0.0
  0
LINE
  5
B42
330
17
100
AcDbEntity
  8
VISIBLE
100
AcDbLine
 10
372.469266333003
 20
247.85490237734717
 30
0.0
 11
372.7142421082806
 21
247.90813554622534
 31
0.0
  0
LINE
  5
B43
330
17
100
AcDbEntity
  8
VISIBLE
100
AcDbLine
 10
372.9647238635539
 20
247.95200416447727
 30
0.0
 11
372.7142421082806
 21
247.90813554622534
 31
0.0
  0
LINE
  5
B44
330
17
100
AcDbEntity
  8
VISIBLE
100
AcDbLine
 10
372.469266333003
 20
247.85490237734717
 30
0.0
 11
372.2308453198996
 21
247.7925329060197
 31
0.0
  0
LINE
  5
B45
330
17
100
AcDbEntity
  8
VISIBLE
100
AcDbLine
 10
372.2308453198996
 20
247.7925329060197
 30
0.0
 11
372.00000003422855
 21
247.72129402200866
 31
0.0
  0
LINE
  5
B46
330
17
100
AcDbEntity
  8
VISIBLE
100
AcDbLine
 10
372.00000003422855
 20
247.72129402200866
 30
0.0
 11
371.7777191567623
 21
247.64149081866609
 31
0.0
  0
LINE
  5
B47
330
17
100
AcDbEntity
  8
VISIBLE
100
AcDbLine
 10
371.7777191567623
 20
247.64149081866609
 30
0.0
 11
371.5649541947529
 21
247.55346513292034
 31
0.0
  0
LINE
  5
B48
330
17
100
AcDbEntity
  8
VISIBLE
100
AcDbLine
 10
371.5649541947529
 20
247.55346513292034
 30
0.0
 11
371.3626166791664
 21
247.45759373243095
 31
0.0
  0
LINE
  5
B49
330
17
100
AcDbEntity
  8
VISIBLE
100
AcDbLine
 10
374.78036120705895
 20
247.98632062086173
 30
0.0
 11
374.5221047069345
 21
248.01093784373893
 31
0.0
  0
LINE
  5
B4A
330
17
100
AcDbEntity
  8
VISIBLE
100
AcDbLine
 10
388.4956890143242
 20
256.1316254533876
 30
0.0
 11
374.43848165056625
 21
248.01569299786755
 31
0.0
  0
LINE
  5
B4B
330
17
100
AcDbEntity
  8
VISIBLE
100
AcDbLine
 10
374.5221047069345
 20
248.01093784373893
 30
0.0
 11
374.43848165056625
 21
248.01569299786755
 31
0.0
  0
LINE
  5
B4C
330
17
100
AcDbEntity
  8
VISIBLE
100
AcDbLine
 10
374.78036120705895
 20
247.98632062086173
 30
0.0
 11
375.0352761364461
 21
247.95200416447727
 31
0.0
  0
LINE
  5
B4D
330
17
100
AcDbEntity
  8
VISIBLE
100
AcDbLine
 10
375.530733666997
 20
247.85490237734717
 30
0.0
 11
375.2857578917194
 21
247.90813554622534
 31
0.0
  0
LINE
  5
B4E
330
17
100
AcDbEntity
  8
VISIBLE
100
AcDbLine
 10
375.0352761364461
 20
247.95200416447727
 30
0.0
 11
375.2857578917194
 21
247.90813554622534
 31
0.0
  0
LINE
  5
B4F
330
17
100
AcDbEntity
  8
VISIBLE
100
AcDbLine
 10
375.530733666997
 20
247.85490237734717
 30
0.0
 11
375.7691546801004
 21
247.7925329060197
 31
0.0
  0
LINE
  5
B50
330
17
100
AcDbEntity
  8
VISIBLE
100
AcDbLine
 10
375.7691546801004
 20
247.7925329060197
 30
0.0
 11
375.99999996577145
 21
247.72129402200866
 31
0.0
  0
LINE
  5
B51
330
17
100
AcDbEntity
  8
VISIBLE
100
AcDbLine
 10
375.99999996577145
 20
247.72129402200866
 30
0.0
 11
376.2222808432377
 21
247.64149081866609
 31
0.0
  0
LINE
  5
B52
330
17
100
AcDbEntity
  8
VISIBLE
100
AcDbLine
 10
376.2222808432377
 20
247.64149081866609
 30
0.0
 11
376.4350458052471
 21
247.55346513292034
 31
0.0
  0
LINE
  5
B53
330
17
100
AcDbEntity
  8
VISIBLE
100
AcDbLine
 10
376.4350458052471
 20
247.55346513292034
 30
0.0
 11
376.6373833208336
 21
247.45759373243095
 31
0.0
  0
LINE
  5
B54
330
17
100
AcDbEntity
  8
VISIBLE
100
AcDbLine
 10
373.21963879294105
 20
201.03776721751748
 30
0.0
 11
373.4778952930655
 21
201.06238444039465
 31
0.0
  0
LINE
  5
B55
330
17
100
AcDbEntity
  8
VISIBLE
100
AcDbLine
 10
373.7383874306223
 20
201.07719711440112
 30
0.0
 11
373.4778952930655
 21
201.06238444039465
 31
0.0
  0
LINE
  5
B56
330
17
100
AcDbEntity
  8
VISIBLE
100
AcDbLine
 10
373.21963879294105
 20
201.03776721751748
 30
0.0
 11
372.9647238635539
 21
201.00345076113302
 31
0.0
  0
LINE
  5
B57
330
17
100
AcDbEntity
  8
VISIBLE
100
AcDbLine
 10
372.469266333003
 20
200.90634897400292
 30
0.0
 11
372.7142421082806
 21
200.9595821428811
 31
0.0
  0
LINE
  5
B58
330
17
100
AcDbEntity
  8
VISIBLE
100
AcDbLine
 10
372.9647238635539
 20
201.00345076113302
 30
0.0
 11
372.7142421082806
 21
200.9595821428811
 31
0.0
  0
LINE
  5
B59
330
17
100
AcDbEntity
  8
VISIBLE
100
AcDbLine
 10
372.469266333003
 20
200.90634897400292
 30
0.0
 11
372.2308453198996
 21
200.8439795026754
 31
0.0
  0
LINE
  5
B5A
330
17
100
AcDbEntity
  8
VISIBLE
100
AcDbLine
 10
372.2308453198996
 20
200.8439795026754
 30
0.0
 11
372.00000003422855
 21
200.7727406186644
 31
0.0
  0
LINE
  5
B5B
330
17
100
AcDbEntity
  8
VISIBLE
100
AcDbLine
 10
372.00000003422855
 20
200.7727406186644
 30
0.0
 11
371.7777191567623
 21
200.69293741532184
 31
0.0
  0
LINE
  5
B5C
330
17
100
AcDbEntity
  8
VISIBLE
100
AcDbLine
 10
371.7777191567623
 20
200.69293741532184
 30
0.0
 11
371.5649541947529
 21
200.6049117295761
 31
0.0
  0
LINE
  5
B5D
330
17
100
AcDbEntity
  8
VISIBLE
100
AcDbLine
 10
371.5649541947529
 20
200.6049117295761
 30
0.0
 11
371.3626166791664
 21
200.5090403290867
 31
0.0
  0
LINE
  5
B5E
330
17
100
AcDbEntity
  8
VISIBLE
100
AcDbLine
 10
374.2616125693777
 20
201.07719711440112
 30
0.0
 11
374.5221047069345
 21
201.06238444039465
 31
0.0
  0
LINE
  5
B5F
330
17
100
AcDbEntity
  8
VISIBLE
100
AcDbLine
 10
374.78036120705895
 20
201.03776721751748
 30
0.0
 11
374.5221047069345
 21
201.06238444039465
 31
0.0
  0
LINE
  5
B60
330
17
100
AcDbEntity
  8
VISIBLE
100
AcDbLine
 10
372.8045660077999
 20
201.3485428297306
 30
0.0
 11
375.0352761364461
 21
201.00345076113302
 31
0.0
  0
LINE
  5
B61
330
17
100
AcDbEntity
  8
VISIBLE
100
AcDbLine
 10
374.78036120705895
 20
201.03776721751748
 30
0.0
 11
375.0352761364461
 21
201.00345076113302
 31
0.0
  0
LINE
  5
B62
330
17
100
AcDbEntity
  8
VISIBLE
100
AcDbLine
 10
375.530733666997
 20
200.90634897400292
 30
0.0
 11
375.2857578917194
 21
200.9595821428811
 31
0.0
  0
LINE
  5
B63
330
17
100
AcDbEntity
  8
VISIBLE
100
AcDbLine
 10
375.0352761364461
 20
201.00345076113302
 30
0.0
 11
375.2857578917194
 21
200.9595821428811
 31
0.0
  0
LINE
  5
B64
330
17
100
AcDbEntity
  8
VISIBLE
100
AcDbLine
 10
375.530733666997
 20
200.90634897400292
 30
0.0
 11
375.7691546801004
 21
200.8439795026754
 31
0.0
  0
LINE
  5
B65
330
17
100
AcDbEntity
  8
VISIBLE
100
AcDbLine
 10
375.7691546801004
 20
200.8439795026754
 30
0.0
 11
375.99999996577145
 21
200.7727406186644
 31
0.0
  0
LINE
  5
B66
330
17
100
AcDbEntity
  8
VISIBLE
100
AcDbLine
 10
375.99999996577145
 20
200.7727406186644
 30
0.0
 11
376.2222808432377
 21
200.69293741532184
 31
0.0
  0
LINE
  5
B67
330
17
100
AcDbEntity
  8
VISIBLE
100
AcDbLine
 10
376.2222808432377
 20
200.69293741532184
 30
0.0
 11
376.4350458052471
 21
200.6049117295761
 31
0.0
  0
LINE
  5
B68
330
17
100
AcDbEntity
  8
VISIBLE
100
AcDbLine
 10
376.4350458052471
 20
200.6049117295761
 30
0.0
 11
376.6373833208336
 21
200.5090403290867
 31
0.0
  0
LINE
  5
B69
330
17
100
AcDbEntity
  8
VISIBLE
100
AcDbLine
 10
373.7383874306223
 20
201.07719711440112
 30
0.0
 11
374.0
 21
201.08214168044964
 31
0.0
  0
LINE
  5
B6A
330
17
100
AcDbEntity
  8
VISIBLE
100
AcDbLine
 10
374.2616125693777
 20
201.07719711440112
 30
0.0
 11
374.0
 21
201.08214168044964
 31
0.0
  0
LINE
  5
B6B
330
17
100
AcDbEntity
  8
VISIBLE
100
AcDbLine
 10
359.5043109856758
 20
256.1316254533876
 30
0.0
 11
355.96877707974306
 21
254.0903840010683
 31
0.0
  0
LINE
  5
B6C
330
17
100
AcDbEntity
  8
VISIBLE
100
AcDbLine
 10
355.96877707974306
 20
254.0903840010683
 30
0.0
 11
355.96877707974306
 21
248.3749079345742
 31
0.0
  0
LINE
  5
B6D
330
17
100
AcDbEntity
  8
VISIBLE
100
AcDbLine
 10
371.3626166791664
 20
247.45759373243095
 30
0.0
 11
371.1715728752538
 21
247.35428720841455
 31
0.0
  0
LINE
  5
B6E
330
17
100
AcDbEntity
  8
VISIBLE
100
AcDbLine
 10
371.1715728752538
 20
247.35428720841455
 30
0.0
 11
370.992640726904
 21
247.2439880167986
 31
0.0
  0
LINE
  5
B6F
330
17
100
AcDbEntity
  8
VISIBLE
100
AcDbLine
 10
370.992640726904
 20
247.2439880167986
 30
0.0
 11
370.8265865902637
 21
247.12716839770758
 31
0.0
  0
LINE
  5
B70
330
17
100
AcDbEntity
  8
VISIBLE
100
AcDbLine
 10
370.8265865902637
 20
247.12716839770758
 30
0.0
 11
370.67412163018093
 21
247.0043284896173
 31
0.0
  0
LINE
  5
B71
330
17
100
AcDbEntity
  8
VISIBLE
100
AcDbLine
 10
370.67412163018093
 20
247.0043284896173
 30
0.0
 11
370.53589842738484
 21
246.87599456517648
 31
0.0
  0
LINE
  5
B72
330
17
100
AcDbEntity
  8
VISIBLE
100
AcDbLine
 10
370.53589842738484
 20
246.87599456517648
 30
0.0
 11
370.4125090608033
 21
246.74271597735316
 31
0.0
  0
LINE
  5
B73
330
17
100
AcDbEntity
  8
VISIBLE
100
AcDbLine
 10
370.4125090608033
 20
246.74271597735316
 30
0.0
 11
370.30448196762285
 21
246.60506354125744
 31
0.0
  0
LINE
  5
B74
330
17
100
AcDbEntity
  8
VISIBLE
100
AcDbLine
 10
370.30448196762285
 20
246.60506354125744
 30
0.0
 11
370.21227941447796
 21
246.463626711456
 31
0.0
  0
LINE
  5
B75
330
17
100
AcDbEntity
  8
VISIBLE
100
AcDbLine
 10
370.21227941447796
 20
246.463626711456
 30
0.0
 11
370.13629673880774
 21
246.31901100262183
 31
0.0
  0
LINE
  5
B76
330
17
100
AcDbEntity
  8
VISIBLE
100
AcDbLine
 10
370.13629673880774
 20
246.31901100262183
 30
0.0
 11
370.07685889281413
 21
246.17183579951973
 31
0.0
  0
LINE
  5
B77
330
17
100
AcDbEntity
  8
VISIBLE
100
AcDbLine
 10
370.07685889281413
 20
246.17183579951973
 30
0.0
 11
370.03422061204964
 21
246.02273133965292
 31
0.0
  0
LINE
  5
B78
330
17
100
AcDbEntity
  8
VISIBLE
100
AcDbLine
 10
355.96877707974306
 20
254.0903840010683
 30
0.0
 11
370.02598444350105
 21
245.97445154554822
 31
0.0
  0
LINE
  5
B79
330
17
100
AcDbEntity
  8
VISIBLE
100
AcDbLine
 10
370.03422061204964
 20
246.02273133965292
 30
0.0
 11
370.02598444350105
 21
245.97445154554822
 31
0.0
  0
LINE
  5
B7A
330
17
100
AcDbEntity
  8
VISIBLE
100
AcDbLine
 10
355.96877707974306
 20
248.3749079345742
 30
0.0
 11
370.02598444350105
 21
240.25897547905413
 31
0.0
  0
LINE
  5
B7B
330
17
100
AcDbEntity
  8
VISIBLE
100
AcDbLine
 10
370.02598444350105
 20
245.97445154554822
 30
0.0
 11
370.02598444350105
 21
240.25897547905413
 31
0.0
  0
LINE
  5
B7C
330
17
100
AcDbEntity
  8
VISIBLE
100
AcDbLine
 10
370.02598444350105
 20
245.46813654756997
 30
0.0
 11
370.03422061204964
 21
245.41985675346527
 31
0.0
  0
LINE
  5
B7D
330
17
100
AcDbEntity
  8
VISIBLE
100
AcDbLine
 10
370.03422061204964
 20
245.41985675346527
 30
0.0
 11
370.07685889281413
 21
245.27075229359846
 31
0.0
  0
LINE
  5
B7E
330
17
100
AcDbEntity
  8
VISIBLE
100
AcDbLine
 10
370.07685889281413
 20
245.27075229359846
 30
0.0
 11
370.13629673880774
 21
245.12357709049635
 31
0.0
  0
LINE
  5
B7F
330
17
100
AcDbEntity
  8
VISIBLE
100
AcDbLine
 10
370.13629673880774
 20
245.12357709049635
 30
0.0
 11
370.21227941447796
 21
244.9789613816622
 31
0.0
  0
LINE
  5
B80
330
17
100
AcDbEntity
  8
VISIBLE
100
AcDbLine
 10
370.21227941447796
 20
244.9789613816622
 30
0.0
 11
370.30448196762285
 21
244.83752455186078
 31
0.0
  0
LINE
  5
B81
330
17
100
AcDbEntity
  8
VISIBLE
100
AcDbLine
 10
370.30448196762285
 20
244.83752455186078
 30
0.0
 11
370.4125090608033
 21
244.69987211576503
 31
0.0
  0
LINE
  5
B82
330
17
100
AcDbEntity
  8
VISIBLE
100
AcDbLine
 10
370.4125090608033
 20
244.69987211576503
 30
0.0
 11
370.53589842738484
 21
244.5665935279417
 31
0.0
  0
LINE
  5
B83
330
17
100
AcDbEntity
  8
VISIBLE
100
AcDbLine
 10
370.53589842738484
 20
244.5665935279417
 30
0.0
 11
370.67412163018093
 21
244.43825960350088
 31
0.0
  0
LINE
  5
B84
330
17
100
AcDbEntity
  8
VISIBLE
100
AcDbLine
 10
370.67412163018093
 20
244.43825960350088
 30
0.0
 11
370.8265865902637
 21
244.3154196954106
 31
0.0
  0
LINE
  5
B85
330
17
100
AcDbEntity
  8
VISIBLE
100
AcDbLine
 10
370.8265865902637
 20
244.3154196954106
 30
0.0
 11
370.992640726904
 21
244.19860007631962
 31
0.0
  0
LINE
  5
B86
330
17
100
AcDbEntity
  8
VISIBLE
100
AcDbLine
 10
370.02598444350105
 20
245.46813654756997
 30
0.0
 11
370.02598444350105
 21
239.75266048107588
 31
0.0
  0
LINE
  5
B87
330
17
100
AcDbEntity
  8
VISIBLE
100
AcDbLine
 10
370.02598444350105
 20
239.75266048107588
 30
0.0
 11
370.03422061204964
 21
239.7043806869712
 31
0.0
  0
LINE
  5
B88
330
17
100
AcDbEntity
  8
VISIBLE
100
AcDbLine
 10
370.03422061204964
 20
239.7043806869712
 30
0.0
 11
370.07685889281413
 21
239.55527622710437
 31
0.0
  0
LINE
  5
B89
330
17
100
AcDbEntity
  8
VISIBLE
100
AcDbLine
 10
370.07685889281413
 20
239.55527622710437
 30
0.0
 11
370.13629673880774
 21
239.4081010240023
 31
0.0
  0
LINE
  5
B8A
330
17
100
AcDbEntity
  8
VISIBLE
100
AcDbLine
 10
370.13629673880774
 20
239.4081010240023
 30
0.0
 11
370.21227941447796
 21
239.2634853151681
 31
0.0
  0
LINE
  5
B8B
330
17
100
AcDbEntity
  8
VISIBLE
100
AcDbLine
 10
370.21227941447796
 20
239.2634853151681
 30
0.0
 11
370.30448196762285
 21
239.1220484853667
 31
0.0
  0
LINE
  5
B8C
330
17
100
AcDbEntity
  8
VISIBLE
100
AcDbLine
 10
370.30448196762285
 20
239.1220484853667
 30
0.0
 11
370.4125090608033
 21
238.98439604927094
 31
0.0
  0
LINE
  5
B8D
330
17
100
AcDbEntity
  8
VISIBLE
100
AcDbLine
 10
370.4125090608033
 20
238.98439604927094
 30
0.0
 11
370.53589842738484
 21
238.85111746144761
 31
0.0
  0
LINE
  5
B8E
330
17
100
AcDbEntity
  8
VISIBLE
100
AcDbLine
 10
370.53589842738484
 20
238.85111746144761
 30
0.0
 11
370.67412163018093
 21
238.7227835370068
 31
0.0
  0
LINE
  5
B8F
330
17
100
AcDbEntity
  8
VISIBLE
100
AcDbLine
 10
370.67412163018093
 20
238.7227835370068
 30
0.0
 11
370.8265865902637
 21
238.59994362891655
 31
0.0
  0
LINE
  5
B90
330
17
100
AcDbEntity
  8
VISIBLE
100
AcDbLine
 10
370.8265865902637
 20
238.59994362891655
 30
0.0
 11
370.992640726904
 21
238.48312400982553
 31
0.0
  0
LINE
  5
B91
330
17
100
AcDbEntity
  8
VISIBLE
100
AcDbLine
 10
370.02598444350105
 20
245.46813654756997
 30
0.0
 11
355.96877707974306
 21
237.3522040920499
 31
0.0
  0
LINE
  5
B92
330
17
100
AcDbEntity
  8
VISIBLE
100
AcDbLine
 10
355.96877707974306
 20
237.3522040920499
 30
0.0
 11
355.96877707974306
 21
231.6367280255558
 31
0.0
  0
LINE
  5
B93
330
17
100
AcDbEntity
  8
VISIBLE
100
AcDbLine
 10
372.8045660077999
 20
201.3485428297306
 30
0.0
 11
371.1715728752538
 21
200.4057338050703
 31
0.0
  0
LINE
  5
B94
330
17
100
AcDbEntity
  8
VISIBLE
100
AcDbLine
 10
371.3626166791664
 20
200.5090403290867
 30
0.0
 11
371.1715728752538
 21
200.4057338050703
 31
0.0
  0
LINE
  5
B95
330
17
100
AcDbEntity
  8
VISIBLE
100
AcDbLine
 10
371.1715728752538
 20
200.4057338050703
 30
0.0
 11
370.992640726904
 21
200.29543461345432
 31
0.0
  0
LINE
  5
B96
330
17
100
AcDbEntity
  8
VISIBLE
100
AcDbLine
 10
370.992640726904
 20
200.29543461345432
 30
0.0
 11
370.8265865902637
 21
200.17861499436333
 31
0.0
  0
LINE
  5
B97
330
17
100
AcDbEntity
  8
VISIBLE
100
AcDbLine
 10
370.8265865902637
 20
200.17861499436333
 30
0.0
 11
370.67412163018093
 21
200.05577508627306
 31
0.0
  0
LINE
  5
B98
330
17
100
AcDbEntity
  8
VISIBLE
100
AcDbLine
 10
370.67412163018093
 20
200.05577508627306
 30
0.0
 11
370.53589842738484
 21
199.92744116183223
 31
0.0
  0
LINE
  5
B99
330
17
100
AcDbEntity
  8
VISIBLE
100
AcDbLine
 10
370.53589842738484
 20
199.92744116183223
 30
0.0
 11
370.4125090608033
 21
199.7941625740089
 31
0.0
  0
LINE
  5
B9A
330
17
100
AcDbEntity
  8
VISIBLE
100
AcDbLine
 10
370.4125090608033
 20
199.7941625740089
 30
0.0
 11
370.30448196762285
 21
199.6565101379132
 31
0.0
  0
LINE
  5
B9B
330
17
100
AcDbEntity
  8
VISIBLE
100
AcDbLine
 10
371.1715728752538
 20
200.4057338050703
 30
0.0
 11
369.5385797427077
 21
199.46292478041
 31
0.0
  0
LINE
  5
B9C
330
17
100
AcDbEntity
  8
VISIBLE
100
AcDbLine
 10
370.30448196762285
 20
199.6565101379132
 30
0.0
 11
370.21227941447796
 21
199.51507330811174
 31
0.0
  0
LINE
  5
B9D
330
17
100
AcDbEntity
  8
VISIBLE
100
AcDbLine
 10
370.21227941447796
 20
199.51507330811174
 30
0.0
 11
370.13629673880774
 21
199.3704575992776
 31
0.0
  0
LINE
  5
B9E
330
17
100
AcDbEntity
  8
VISIBLE
100
AcDbLine
 10
370.13629673880774
 20
199.3704575992776
 30
0.0
 11
370.07685889281413
 21
199.22328239617548
 31
0.0
  0
LINE
  5
B9F
330
17
100
AcDbEntity
  8
VISIBLE
100
AcDbLine
 10
370.07685889281413
 20
199.22328239617548
 30
0.0
 11
370.03422061204964
 21
199.07417793630867
 31
0.0
  0
LINE
  5
BA0
330
17
100
AcDbEntity
  8
VISIBLE
100
AcDbLine
 10
370.03422061204964
 20
199.07417793630867
 30
0.0
 11
370.0085643080745
 21
198.92378273056843
 31
0.0
  0
LINE
  5
BA1
330
17
100
AcDbEntity
  8
VISIBLE
100
AcDbLine
 10
370.0085643080745
 20
198.92378273056843
 30
0.0
 11
370.0000000684571
 21
198.77274064321483
 31
0.0
  0
LINE
  5
BA2
330
17
100
AcDbEntity
  8
VISIBLE
100
AcDbLine
 10
370.0000000684571
 20
198.77274064321483
 30
0.0
 11
370.0085643080745
 21
198.62169855586126
 31
0.0
  0
LINE
  5
BA3
330
17
100
AcDbEntity
  8
VISIBLE
100
AcDbLine
 10
370.0085643080745
 20
198.62169855586126
 30
0.0
 11
370.03422061204964
 21
198.47130335012102
 31
0.0
  0
LINE
  5
BA4
330
17
100
AcDbEntity
  8
VISIBLE
100
AcDbLine
 10
370.03422061204964
 20
198.47130335012102
 30
0.0
 11
370.07685889281413
 21
198.3221988902542
 31
0.0
  0
LINE
  5
BA5
330
17
100
AcDbEntity
  8
VISIBLE
100
AcDbLine
 10
369.5385797427077
 20
199.46292478041
 30
0.0
 11
370.13629673880774
 21
198.1750236871521
 31
0.0
  0
LINE
  5
BA6
330
17
100
AcDbEntity
  8
VISIBLE
100
AcDbLine
 10
370.07685889281413
 20
198.3221988902542
 30
0.0
 11
370.13629673880774
 21
198.1750236871521
 31
0.0
  0
LINE
  5
BA7
330
17
100
AcDbEntity
  8
VISIBLE
100
AcDbLine
 10
370.13629673880774
 20
198.1750236871521
 30
0.0
 11
370.21227941447796
 21
198.03040797831795
 31
0.0
  0
LINE
  5
BA8
330
17
100
AcDbEntity
  8
VISIBLE
100
AcDbLine
 10
370.21227941447796
 20
198.03040797831795
 30
0.0
 11
370.30448196762285
 21
197.8889711485165
 31
0.0
  0
LINE
  5
BA9
330
17
100
AcDbEntity
  8
VISIBLE
100
AcDbLine
 10
370.30448196762285
 20
197.8889711485165
 30
0.0
 11
370.4125090608033
 21
197.75131871242075
 31
0.0
  0
LINE
  5
BAA
330
17
100
AcDbEntity
  8
VISIBLE
100
AcDbLine
 10
370.4125090608033
 20
197.75131871242075
 30
0.0
 11
370.53589842738484
 21
197.61804012459746
 31
0.0
  0
LINE
  5
BAB
330
17
100
AcDbEntity
  8
VISIBLE
100
AcDbLine
 10
370.53589842738484
 20
197.61804012459746
 30
0.0
 11
370.67412163018093
 21
197.48970620015663
 31
0.0
  0
LINE
  5
BAC
330
17
100
AcDbEntity
  8
VISIBLE
100
AcDbLine
 10
370.67412163018093
 20
197.48970620015663
 30
0.0
 11
370.8265865902637
 21
197.36686629206636
 31
0.0
  0
LINE
  5
BAD
330
17
100
AcDbEntity
  8
VISIBLE
100
AcDbLine
 10
370.8265865902637
 20
197.36686629206636
 30
0.0
 11
370.992640726904
 21
197.25004667297537
 31
0.0
  0
LINE
  5
BAE
330
17
100
AcDbEntity
  8
VISIBLE
100
AcDbLine
 10
369.5385797427077
 20
199.46292478041
 30
0.0
 11
369.5385797427077
 21
184.7659863237109
 31
0.0
  0
LINE
  5
BAF
330
17
100
AcDbEntity
  8
VISIBLE
100
AcDbLine
 10
388.4956890143242
 20
256.1316254533876
 30
0.0
 11
392.03122292025694
 21
254.0903840010683
 31
0.0
  0
LINE
  5
BB0
330
17
100
AcDbEntity
  8
VISIBLE
100
AcDbLine
 10
392.03122292025694
 20
254.0903840010683
 30
0.0
 11
392.03122292025694
 21
248.3749079345742
 31
0.0
  0
LINE
  5
BB1
330
17
100
AcDbEntity
  8
VISIBLE
100
AcDbLine
 10
376.6373833208336
 20
247.45759373243095
 30
0.0
 11
376.8284271247462
 21
247.35428720841455
 31
0.0
  0
LINE
  5
BB2
330
17
100
AcDbEntity
  8
VISIBLE
100
AcDbLine
 10
376.8284271247462
 20
247.35428720841455
 30
0.0
 11
377.007359273096
 21
247.2439880167986
 31
0.0
  0
LINE
  5
BB3
330
17
100
AcDbEntity
  8
VISIBLE
100
AcDbLine
 10
377.007359273096
 20
247.2439880167986
 30
0.0
 11
377.1734134097363
 21
247.12716839770758
 31
0.0
  0
LINE
  5
BB4
330
17
100
AcDbEntity
  8
VISIBLE
100
AcDbLine
 10
377.1734134097363
 20
247.12716839770758
 30
0.0
 11
377.32587836981907
 21
247.0043284896173
 31
0.0
  0
LINE
  5
BB5
330
17
100
AcDbEntity
  8
VISIBLE
100
AcDbLine
 10
377.32587836981907
 20
247.0043284896173
 30
0.0
 11
377.46410157261516
 21
246.87599456517648
 31
0.0
  0
LINE
  5
BB6
330
17
100
AcDbEntity
  8
VISIBLE
100
AcDbLine
 10
377.46410157261516
 20
246.87599456517648
 30
0.0
 11
377.5874909391967
 21
246.74271597735316
 31
0.0
  0
LINE
  5
BB7
330
17
100
AcDbEntity
  8
VISIBLE
100
AcDbLine
 10
377.5874909391967
 20
246.74271597735316
 30
0.0
 11
377.69551803237715
 21
246.60506354125744
 31
0.0
  0
LINE
  5
BB8
330
17
100
AcDbEntity
  8
VISIBLE
100
AcDbLine
 10
377.69551803237715
 20
246.60506354125744
 30
0.0
 11
377.78772058552204
 21
246.463626711456
 31
0.0
  0
LINE
  5
BB9
330
17
100
AcDbEntity
  8
VISIBLE
100
AcDbLine
 10
377.78772058552204
 20
246.463626711456
 30
0.0
 11
377.86370326119226
 21
246.31901100262183
 31
0.0
  0
LINE
  5
BBA
330
17
100
AcDbEntity
  8
VISIBLE
100
AcDbLine
 10
377.86370326119226
 20
246.31901100262183
 30
0.0
 11
377.92314110718587
 21
246.17183579951973
 31
0.0
  0
LINE
  5
BBB
330
17
100
AcDbEntity
  8
VISIBLE
100
AcDbLine
 10
377.92314110718587
 20
246.17183579951973
 30
0.0
 11
377.96577938795036
 21
246.02273133965292
 31
0.0
  0
LINE
  5
BBC
330
17
100
AcDbEntity
  8
VISIBLE
100
AcDbLine
 10
392.03122292025694
 20
254.0903840010683
 30
0.0
 11
377.97401555649895
 21
245.97445154554822
 31
0.0
  0
LINE
  5
BBD
330
17
100
AcDbEntity
  8
VISIBLE
100
AcDbLine
 10
377.96577938795036
 20
246.02273133965292
 30
0.0
 11
377.97401555649895
 21
245.97445154554822
 31
0.0
  0
LINE
  5
BBE
330
17
100
AcDbEntity
  8
VISIBLE
100
AcDbLine
 10
392.03122292025694
 20
248.3749079345742
 30
0.0
 11
377.97401555649895
 21
240.25897547905413
 31
0.0
  0
LINE
  5
BBF
330
17
100
AcDbEntity
  8
VISIBLE
100
AcDbLine
 10
377.97401555649895
 20
245.97445154554822
 30
0.0
 11
377.97401555649895
 21
240.25897547905413
 31
0.0
  0
LINE
  5
BC0
330
17
100
AcDbEntity
  8
VISIBLE
100
AcDbLine
 10
377.97401555649895
 20
245.46813654756997
 30
0.0
 11
377.96577938795036
 21
245.41985675346527
 31
0.0
  0
LINE
  5
BC1
330
17
100
AcDbEntity
  8
VISIBLE
100
AcDbLine
 10
377.96577938795036
 20
245.41985675346527
 30
0.0
 11
377.92314110718587
 21
245.27075229359846
 31
0.0
  0
LINE
  5
BC2
330
17
100
AcDbEntity
  8
VISIBLE
100
AcDbLine
 10
377.92314110718587
 20
245.27075229359846
 30
0.0
 11
377.86370326119226
 21
245.12357709049635
 31
0.0
  0
LINE
  5
BC3
330
17
100
AcDbEntity
  8
VISIBLE
100
AcDbLine
 10
377.86370326119226
 20
245.12357709049635
 30
0.0
 11
377.78772058552204
 21
244.9789613816622
 31
0.0
  0
LINE
  5
BC4
330
17
100
AcDbEntity
  8
VISIBLE
100
AcDbLine
 10
377.78772058552204
 20
244.9789613816622
 30
0.0
 11
377.69551803237715
 21
244.83752455186078
 31
0.0
  0
LINE
  5
BC5
330
17
100
AcDbEntity
  8
VISIBLE
100
AcDbLine
 10
377.69551803237715
 20
244.83752455186078
 30
0.0
 11
377.5874909391967
 21
244.69987211576503
 31
0.0
  0
LINE
  5
BC6
330
17
100
AcDbEntity
  8
VISIBLE
100
AcDbLine
 10
377.5874909391967
 20
244.69987211576503
 30
0.0
 11
377.46410157261516
 21
244.5665935279417
 31
0.0
  0
LINE
  5
BC7
330
17
100
AcDbEntity
  8
VISIBLE
100
AcDbLine
 10
377.46410157261516
 20
244.5665935279417
 30
0.0
 11
377.32587836981907
 21
244.43825960350088
 31
0.0
  0
LINE
  5
BC8
330
17
100
AcDbEntity
  8
VISIBLE
100
AcDbLine
 10
377.32587836981907
 20
244.43825960350088
 30
0.0
 11
377.1734134097363
 21
244.3154196954106
 31
0.0
  0
LINE
  5
BC9
330
17
100
AcDbEntity
  8
VISIBLE
100
AcDbLine
 10
377.1734134097363
 20
244.3154196954106
 30
0.0
 11
377.007359273096
 21
244.19860007631962
 31
0.0
  0
LINE
  5
BCA
330
17
100
AcDbEntity
  8
VISIBLE
100
AcDbLine
 10
377.97401555649895
 20
245.46813654756997
 30
0.0
 11
377.97401555649895
 21
239.75266048107588
 31
0.0
  0
LINE
  5
BCB
330
17
100
AcDbEntity
  8
VISIBLE
100
AcDbLine
 10
377.97401555649895
 20
239.75266048107588
 30
0.0
 11
377.96577938795036
 21
239.7043806869712
 31
0.0
  0
LINE
  5
BCC
330
17
100
AcDbEntity
  8
VISIBLE
100
AcDbLine
 10
377.96577938795036
 20
239.7043806869712
 30
0.0
 11
377.92314110718587
 21
239.55527622710437
 31
0.0
  0
LINE
  5
BCD
330
17
100
AcDbEntity
  8
VISIBLE
100
AcDbLine
 10
377.92314110718587
 20
239.55527622710437
 30
0.0
 11
377.86370326119226
 21
239.4081010240023
 31
0.0
  0
LINE
  5
BCE
330
17
100
AcDbEntity
  8
VISIBLE
100
AcDbLine
 10
377.86370326119226
 20
239.4081010240023
 30
0.0
 11
377.78772058552204
 21
239.2634853151681
 31
0.0
  0
LINE
  5
BCF
330
17
100
AcDbEntity
  8
VISIBLE
100
AcDbLine
 10
377.78772058552204
 20
239.2634853151681
 30
0.0
 11
377.69551803237715
 21
239.1220484853667
 31
0.0
  0
LINE
  5
BD0
330
17
100
AcDbEntity
  8
VISIBLE
100
AcDbLine
 10
377.69551803237715
 20
239.1220484853667
 30
0.0
 11
377.5874909391967
 21
238.98439604927094
 31
0.0
  0
LINE
  5
BD1
330
17
100
AcDbEntity
  8
VISIBLE
100
AcDbLine
 10
377.5874909391967
 20
238.98439604927094
 30
0.0
 11
377.46410157261516
 21
238.85111746144761
 31
0.0
  0
LINE
  5
BD2
330
17
100
AcDbEntity
  8
VISIBLE
100
AcDbLine
 10
377.46410157261516
 20
238.85111746144761
 30
0.0
 11
377.32587836981907
 21
238.7227835370068
 31
0.0
  0
LINE
  5
BD3
330
17
100
AcDbEntity
  8
VISIBLE
100
AcDbLine
 10
377.32587836981907
 20
238.7227835370068
 30
0.0
 11
377.1734134097363
 21
238.59994362891655
 31
0.0
  0
LINE
  5
BD4
330
17
100
AcDbEntity
  8
VISIBLE
100
AcDbLine
 10
377.1734134097363
 20
238.59994362891655
 30
0.0
 11
377.007359273096
 21
238.48312400982553
 31
0.0
  0
LINE
  5
BD5
330
17
100
AcDbEntity
  8
VISIBLE
100
AcDbLine
 10
377.97401555649895
 20
245.46813654756997
 30
0.0
 11
392.03122292025694
 21
237.3522040920499
 31
0.0
  0
LINE
  5
BD6
330
17
100
AcDbEntity
  8
VISIBLE
100
AcDbLine
 10
392.03122292025694
 20
237.3522040920499
 30
0.0
 11
392.03122292025694
 21
231.6367280255558
 31
0.0
  0
LINE
  5
BD7
330
17
100
AcDbEntity
  8
VISIBLE
100
AcDbLine
 10
375.0352761364461
 20
201.00345076113302
 30
0.0
 11
377.26598626509224
 21
200.65835869253547
 31
0.0
  0
LINE
  5
BD8
330
17
100
AcDbEntity
  8
VISIBLE
100
AcDbLine
 10
376.6373833208336
 20
200.5090403290867
 30
0.0
 11
376.8284271247462
 21
200.4057338050703
 31
0.0
  0
LINE
  5
BD9
330
17
100
AcDbEntity
  8
VISIBLE
100
AcDbLine
 10
376.8284271247462
 20
200.4057338050703
 30
0.0
 11
377.007359273096
 21
200.29543461345432
 31
0.0
  0
LINE
  5
BDA
330
17
100
AcDbEntity
  8
VISIBLE
100
AcDbLine
 10
377.007359273096
 20
200.29543461345432
 30
0.0
 11
377.1734134097363
 21
200.17861499436333
 31
0.0
  0
LINE
  5
BDB
330
17
100
AcDbEntity
  8
VISIBLE
100
AcDbLine
 10
377.1734134097363
 20
200.17861499436333
 30
0.0
 11
377.32587836981907
 21
200.05577508627306
 31
0.0
  0
LINE
  5
BDC
330
17
100
AcDbEntity
  8
VISIBLE
100
AcDbLine
 10
377.32587836981907
 20
200.05577508627306
 30
0.0
 11
377.46410157261516
 21
199.92744116183223
 31
0.0
  0
LINE
  5
BDD
330
17
100
AcDbEntity
  8
VISIBLE
100
AcDbLine
 10
377.46410157261516
 20
199.92744116183223
 30
0.0
 11
377.5874909391967
 21
199.7941625740089
 31
0.0
  0
LINE
  5
BDE
330
17
100
AcDbEntity
  8
VISIBLE
100
AcDbLine
 10
377.5874909391967
 20
199.7941625740089
 30
0.0
 11
377.69551803237715
 21
199.6565101379132
 31
0.0
  0
LINE
  5
BDF
330
17
100
AcDbEntity
  8
VISIBLE
100
AcDbLine
 10
377.69551803237715
 20
199.6565101379132
 30
0.0
 11
377.78772058552204
 21
199.51507330811174
 31
0.0
  0
LINE
  5
BE0
330
17
100
AcDbEntity
  8
VISIBLE
100
AcDbLine
 10
377.26598626509224
 20
200.65835869253547
 30
0.0
 11
377.86370326119226
 21
199.3704575992776
 31
0.0
  0
LINE
  5
BE1
330
17
100
AcDbEntity
  8
VISIBLE
100
AcDbLine
 10
377.78772058552204
 20
199.51507330811174
 30
0.0
 11
377.86370326119226
 21
199.3704575992776
 31
0.0
  0
LINE
  5
BE2
330
17
100
AcDbEntity
  8
VISIBLE
100
AcDbLine
 10
377.86370326119226
 20
199.3704575992776
 30
0.0
 11
377.92314110718587
 21
199.22328239617548
 31
0.0
  0
LINE
  5
BE3
330
17
100
AcDbEntity
  8
VISIBLE
100
AcDbLine
 10
377.92314110718587
 20
199.22328239617548
 30
0.0
 11
377.96577938795036
 21
199.07417793630867
 31
0.0
  0
LINE
  5
BE4
330
17
100
AcDbEntity
  8
VISIBLE
100
AcDbLine
 10
377.96577938795036
 20
199.07417793630867
 30
0.0
 11
377.9914356919255
 21
198.92378273056843
 31
0.0
  0
LINE
  5
BE5
330
17
100
AcDbEntity
  8
VISIBLE
100
AcDbLine
 10
377.9914356919255
 20
198.92378273056843
 30
0.0
 11
377.9999999315429
 21
198.77274064321483
 31
0.0
  0
LINE
  5
BE6
330
17
100
AcDbEntity
  8
VISIBLE
100
AcDbLine
 10
377.9999999315429
 20
198.77274064321483
 30
0.0
 11
377.9914356919255
 21
198.62169855586126
 31
0.0
  0
LINE
  5
BE7
330
17
100
AcDbEntity
  8
VISIBLE
100
AcDbLine
 10
377.9914356919255
 20
198.62169855586126
 30
0.0
 11
377.96577938795036
 21
198.47130335012102
 31
0.0
  0
LINE
  5
BE8
330
17
100
AcDbEntity
  8
VISIBLE
100
AcDbLine
 10
377.96577938795036
 20
198.47130335012102
 30
0.0
 11
377.92314110718587
 21
198.3221988902542
 31
0.0
  0
LINE
  5
BE9
330
17
100
AcDbEntity
  8
VISIBLE
100
AcDbLine
 10
377.92314110718587
 20
198.3221988902542
 30
0.0
 11
377.86370326119226
 21
198.1750236871521
 31
0.0
  0
LINE
  5
BEA
330
17
100
AcDbEntity
  8
VISIBLE
100
AcDbLine
 10
377.86370326119226
 20
198.1750236871521
 30
0.0
 11
377.78772058552204
 21
198.03040797831795
 31
0.0
  0
LINE
  5
BEB
330
17
100
AcDbEntity
  8
VISIBLE
100
AcDbLine
 10
377.86370326119226
 20
199.3704575992776
 30
0.0
 11
378.4614202572923
 21
198.0825565060197
 31
0.0
  0
LINE
  5
BEC
330
17
100
AcDbEntity
  8
VISIBLE
100
AcDbLine
 10
377.78772058552204
 20
198.03040797831795
 30
0.0
 11
377.69551803237715
 21
197.8889711485165
 31
0.0
  0
LINE
  5
BED
330
17
100
AcDbEntity
  8
VISIBLE
100
AcDbLine
 10
377.69551803237715
 20
197.8889711485165
 30
0.0
 11
377.5874909391967
 21
197.75131871242075
 31
0.0
  0
LINE
  5
BEE
330
17
100
AcDbEntity
  8
VISIBLE
100
AcDbLine
 10
377.5874909391967
 20
197.75131871242075
 30
0.0
 11
377.46410157261516
 21
197.61804012459746
 31
0.0
  0
LINE
  5
BEF
330
17
100
AcDbEntity
  8
VISIBLE
100
AcDbLine
 10
377.46410157261516
 20
197.61804012459746
 30
0.0
 11
377.32587836981907
 21
197.48970620015663
 31
0.0
  0
LINE
  5
BF0
330
17
100
AcDbEntity
  8
VISIBLE
100
AcDbLine
 10
377.32587836981907
 20
197.48970620015663
 30
0.0
 11
377.1734134097363
 21
197.36686629206636
 31
0.0
  0
LINE
  5
BF1
330
17
100
AcDbEntity
  8
VISIBLE
100
AcDbLine
 10
377.1734134097363
 20
197.36686629206636
 30
0.0
 11
377.007359273096
 21
197.25004667297537
 31
0.0
  0
LINE
  5
BF2
330
17
100
AcDbEntity
  8
VISIBLE
100
AcDbLine
 10
378.4614202572923
 20
198.0825565060197
 30
0.0
 11
378.4614202572923
 21
183.38561804932064
 31
0.0
  0
LINE
  5
BF3
330
17
100
AcDbEntity
  8
VISIBLE
100
AcDbLine
 10
370.992640726904
 20
244.19860007631962
 30
0.0
 11
371.1715728752538
 21
244.08830088470364
 31
0.0
  0
LINE
  5
BF4
330
17
100
AcDbEntity
  8
VISIBLE
100
AcDbLine
 10
371.1715728752538
 20
244.08830088470364
 30
0.0
 11
371.3626166791664
 21
243.98499436068724
 31
0.0
  0
LINE
  5
BF5
330
17
100
AcDbEntity
  8
VISIBLE
100
AcDbLine
 10
371.3626166791664
 20
243.98499436068724
 30
0.0
 11
371.5649541947529
 21
243.88912296019785
 31
0.0
  0
LINE
  5
BF6
330
17
100
AcDbEntity
  8
VISIBLE
100
AcDbLine
 10
371.5649541947529
 20
243.88912296019785
 30
0.0
 11
371.7777191567623
 21
243.8010972744521
 31
0.0
  0
LINE
  5
BF7
330
17
100
AcDbEntity
  8
VISIBLE
100
AcDbLine
 10
371.7777191567623
 20
243.8010972744521
 30
0.0
 11
372.00000003422855
 21
243.72129407110953
 31
0.0
  0
LINE
  5
BF8
330
17
100
AcDbEntity
  8
VISIBLE
100
AcDbLine
 10
372.00000003422855
 20
243.72129407110953
 30
0.0
 11
372.2308453198996
 21
243.65005518709853
 31
0.0
  0
LINE
  5
BF9
330
17
100
AcDbEntity
  8
VISIBLE
100
AcDbLine
 10
372.7142421082806
 20
243.53445254689285
 30
0.0
 11
372.9647238635539
 21
243.49058392864092
 31
0.0
  0
LINE
  5
BFA
330
17
100
AcDbEntity
  8
VISIBLE
100
AcDbLine
 10
372.2308453198996
 20
243.65005518709853
 30
0.0
 11
372.469266333003
 21
243.58768571577102
 31
0.0
  0
LINE
  5
BFB
330
17
100
AcDbEntity
  8
VISIBLE
100
AcDbLine
 10
372.7142421082806
 20
243.53445254689285
 30
0.0
 11
372.469266333003
 21
243.58768571577102
 31
0.0
  0
LINE
  5
BFC
330
17
100
AcDbEntity
  8
VISIBLE
100
AcDbLine
 10
373.56151834943375
 20
243.42689509525064
 30
0.0
 11
373.4778952930655
 21
243.4316502493793
 31
0.0
  0
LINE
  5
BFD
330
17
100
AcDbEntity
  8
VISIBLE
100
AcDbLine
 10
372.9647238635539
 20
243.49058392864092
 30
0.0
 11
373.21963879294105
 21
243.45626747225646
 31
0.0
  0
LINE
  5
BFE
330
17
100
AcDbEntity
  8
VISIBLE
100
AcDbLine
 10
373.4778952930655
 20
243.4316502493793
 30
0.0
 11
373.21963879294105
 21
243.45626747225646
 31
0.0
  0
LINE
  5
BFF
330
17
100
AcDbEntity
  8
VISIBLE
100
AcDbLine
 10
370.992640726904
 20
238.48312400982553
 30
0.0
 11
371.1715728752538
 21
238.37282481820955
 31
0.0
  0
LINE
  5
C00
330
17
100
AcDbEntity
  8
VISIBLE
100
AcDbLine
 10
371.1715728752538
 20
238.37282481820955
 30
0.0
 11
371.3626166791664
 21
238.26951829419315
 31
0.0
  0
LINE
  5
C01
330
17
100
AcDbEntity
  8
VISIBLE
100
AcDbLine
 10
371.3626166791664
 20
238.26951829419315
 30
0.0
 11
371.5649541947529
 21
238.17364689370376
 31
0.0
  0
LINE
  5
C02
330
17
100
AcDbEntity
  8
VISIBLE
100
AcDbLine
 10
371.5649541947529
 20
238.17364689370376
 30
0.0
 11
371.7777191567623
 21
238.085621207958
 31
0.0
  0
LINE
  5
C03
330
17
100
AcDbEntity
  8
VISIBLE
100
AcDbLine
 10
371.7777191567623
 20
238.085621207958
 30
0.0
 11
372.00000003422855
 21
238.00581800461546
 31
0.0
  0
LINE
  5
C04
330
17
100
AcDbEntity
  8
VISIBLE
100
AcDbLine
 10
372.00000003422855
 20
238.00581800461546
 30
0.0
 11
372.2308453198996
 21
237.93457912060444
 31
0.0
  0
LINE
  5
C05
330
17
100
AcDbEntity
  8
VISIBLE
100
AcDbLine
 10
372.7142421082806
 20
237.8189764803988
 30
0.0
 11
372.9647238635539
 21
237.77510786214683
 31
0.0
  0
LINE
  5
C06
330
17
100
AcDbEntity
  8
VISIBLE
100
AcDbLine
 10
372.2308453198996
 20
237.93457912060444
 30
0.0
 11
372.469266333003
 21
237.87220964927693
 31
0.0
  0
LINE
  5
C07
330
17
100
AcDbEntity
  8
VISIBLE
100
AcDbLine
 10
372.7142421082806
 20
237.8189764803988
 30
0.0
 11
372.469266333003
 21
237.87220964927693
 31
0.0
  0
LINE
  5
C08
330
17
100
AcDbEntity
  8
VISIBLE
100
AcDbLine
 10
373.56151834943375
 20
243.42689509525064
 30
0.0
 11
373.56151834943375
 21
237.71141902875655
 31
0.0
  0
LINE
  5
C09
330
17
100
AcDbEntity
  8
VISIBLE
100
AcDbLine
 10
373.56151834943375
 20
237.71141902875655
 30
0.0
 11
373.4778952930655
 21
237.7161741828852
 31
0.0
  0
LINE
  5
C0A
330
17
100
AcDbEntity
  8
VISIBLE
100
AcDbLine
 10
372.9647238635539
 20
237.77510786214683
 30
0.0
 11
373.21963879294105
 21
237.74079140576237
 31
0.0
  0
LINE
  5
C0B
330
17
100
AcDbEntity
  8
VISIBLE
100
AcDbLine
 10
373.4778952930655
 20
237.7161741828852
 30
0.0
 11
373.21963879294105
 21
237.74079140576237
 31
0.0
  0
LINE
  5
C0C
330
17
100
AcDbEntity
  8
VISIBLE
100
AcDbLine
 10
377.007359273096
 20
244.19860007631962
 30
0.0
 11
376.8284271247462
 21
244.08830088470364
 31
0.0
  0
LINE
  5
C0D
330
17
100
AcDbEntity
  8
VISIBLE
100
AcDbLine
 10
376.8284271247462
 20
244.08830088470364
 30
0.0
 11
376.6373833208336
 21
243.98499436068724
 31
0.0
  0
LINE
  5
C0E
330
17
100
AcDbEntity
  8
VISIBLE
100
AcDbLine
 10
376.6373833208336
 20
243.98499436068724
 30
0.0
 11
376.4350458052471
 21
243.88912296019785
 31
0.0
  0
LINE
  5
C0F
330
17
100
AcDbEntity
  8
VISIBLE
100
AcDbLine
 10
376.4350458052471
 20
243.88912296019785
 30
0.0
 11
376.2222808432377
 21
243.8010972744521
 31
0.0
  0
LINE
  5
C10
330
17
100
AcDbEntity
  8
VISIBLE
100
AcDbLine
 10
376.2222808432377
 20
243.8010972744521
 30
0.0
 11
375.99999996577145
 21
243.72129407110953
 31
0.0
  0
LINE
  5
C11
330
17
100
AcDbEntity
  8
VISIBLE
100
AcDbLine
 10
375.99999996577145
 20
243.72129407110953
 30
0.0
 11
375.7691546801004
 21
243.65005518709853
 31
0.0
  0
LINE
  5
C12
330
17
100
AcDbEntity
  8
VISIBLE
100
AcDbLine
 10
375.2857578917194
 20
243.53445254689285
 30
0.0
 11
375.0352761364461
 21
243.49058392864092
 31
0.0
  0
LINE
  5
C13
330
17
100
AcDbEntity
  8
VISIBLE
100
AcDbLine
 10
374.43848165056625
 20
243.42689509525064
 30
0.0
 11
374.5221047069345
 21
243.4316502493793
 31
0.0
  0
LINE
  5
C14
330
17
100
AcDbEntity
  8
VISIBLE
100
AcDbLine
 10
375.0352761364461
 20
243.49058392864092
 30
0.0
 11
374.78036120705895
 21
243.45626747225646
 31
0.0
  0
LINE
  5
C15
330
17
100
AcDbEntity
  8
VISIBLE
100
AcDbLine
 10
374.5221047069345
 20
243.4316502493793
 30
0.0
 11
374.78036120705895
 21
243.45626747225646
 31
0.0
  0
LINE
  5
C16
330
17
100
AcDbEntity
  8
VISIBLE
100
AcDbLine
 10
375.7691546801004
 20
243.65005518709853
 30
0.0
 11
375.530733666997
 21
243.58768571577102
 31
0.0
  0
LINE
  5
C17
330
17
100
AcDbEntity
  8
VISIBLE
100
AcDbLine
 10
375.2857578917194
 20
243.53445254689285
 30
0.0
 11
375.530733666997
 21
243.58768571577102
 31
0.0
  0
LINE
  5
C18
330
17
100
AcDbEntity
  8
VISIBLE
100
AcDbLine
 10
377.007359273096
 20
238.48312400982553
 30
0.0
 11
376.8284271247462
 21
238.37282481820955
 31
0.0
  0
LINE
  5
C19
330
17
100
AcDbEntity
  8
VISIBLE
100
AcDbLine
 10
376.8284271247462
 20
238.37282481820955
 30
0.0
 11
376.6373833208336
 21
238.26951829419315
 31
0.0
  0
LINE
  5
C1A
330
17
100
AcDbEntity
  8
VISIBLE
100
AcDbLine
 10
376.6373833208336
 20
238.26951829419315
 30
0.0
 11
376.4350458052471
 21
238.17364689370376
 31
0.0
  0
LINE
  5
C1B
330
17
100
AcDbEntity
  8
VISIBLE
100
AcDbLine
 10
376.4350458052471
 20
238.17364689370376
 30
0.0
 11
376.2222808432377
 21
238.085621207958
 31
0.0
  0
LINE
  5
C1C
330
17
100
AcDbEntity
  8
VISIBLE
100
AcDbLine
 10
376.2222808432377
 20
238.085621207958
 30
0.0
 11
375.99999996577145
 21
238.00581800461546
 31
0.0
  0
LINE
  5
C1D
330
17
100
AcDbEntity
  8
VISIBLE
100
AcDbLine
 10
375.99999996577145
 20
238.00581800461546
 30
0.0
 11
375.7691546801004
 21
237.93457912060444
 31
0.0
  0
LINE
  5
C1E
330
17
100
AcDbEntity
  8
VISIBLE
100
AcDbLine
 10
375.2857578917194
 20
237.8189764803988
 30
0.0
 11
375.0352761364461
 21
237.77510786214683
 31
0.0
  0
LINE
  5
C1F
330
17
100
AcDbEntity
  8
VISIBLE
100
AcDbLine
 10
374.43848165056625
 20
243.42689509525064
 30
0.0
 11
374.43848165056625
 21
237.71141902875655
 31
0.0
  0
LINE
  5
C20
330
17
100
AcDbEntity
  8
VISIBLE
100
AcDbLine
 10
374.43848165056625
 20
237.71141902875655
 30
0.0
 11
374.5221047069345
 21
237.7161741828852
 31
0.0
  0
LINE
  5
C21
330
17
100
AcDbEntity
  8
VISIBLE
100
AcDbLine
 10
375.0352761364461
 20
237.77510786214683
 30
0.0
 11
374.78036120705895
 21
237.74079140576237
 31
0.0
  0
LINE
  5
C22
330
17
100
AcDbEntity
  8
VISIBLE
100
AcDbLine
 10
374.5221047069345
 20
237.7161741828852
 30
0.0
 11
374.78036120705895
 21
237.74079140576237
 31
0.0
  0
LINE
  5
C23
330
17
100
AcDbEntity
  8
VISIBLE
100
AcDbLine
 10
375.7691546801004
 20
237.93457912060444
 30
0.0
 11
375.530733666997
 21
237.87220964927693
 31
0.0
  0
LINE
  5
C24
330
17
100
AcDbEntity
  8
VISIBLE
100
AcDbLine
 10
375.2857578917194
 20
237.8189764803988
 30
0.0
 11
375.530733666997
 21
237.87220964927693
 31
0.0
  0
LINE
  5
C25
330
17
100
AcDbEntity
  8
VISIBLE
100
AcDbLine
 10
355.96877707974306
 20
237.3522040920499
 30
0.0
 11
359.5043109856758
 21
235.31096263973058
 31
0.0
  0
LINE
  5
C26
330
17
100
AcDbEntity
  8
VISIBLE
100
AcDbLine
 10
373.56151834943375
 20
243.42689509525064
 30
0.0
 11
359.5043109856758
 21
235.31096263973058
 31
0.0
  0
LINE
  5
C27
330
17
100
AcDbEntity
  8
VISIBLE
100
AcDbLine
 10
355.96877707974306
 20
231.6367280255558
 30
0.0
 11
359.5043109856758
 21
229.5954865732365
 31
0.0
  0
LINE
  5
C28
330
17
100
AcDbEntity
  8
VISIBLE
100
AcDbLine
 10
373.56151834943375
 20
237.71141902875655
 30
0.0
 11
359.5043109856758
 21
229.5954865732365
 31
0.0
  0
LINE
  5
C29
330
17
100
AcDbEntity
  8
VISIBLE
100
AcDbLine
 10
359.5043109856758
 20
235.31096263973058
 30
0.0
 11
359.5043109856758
 21
229.5954865732365
 31
0.0
  0
LINE
  5
C2A
330
17
100
AcDbEntity
  8
VISIBLE
100
AcDbLine
 10
392.03122292025694
 20
237.3522040920499
 30
0.0
 11
388.4956890143242
 21
235.31096263973058
 31
0.0
  0
LINE
  5
C2B
330
17
100
AcDbEntity
  8
VISIBLE
100
AcDbLine
 10
374.43848165056625
 20
243.42689509525064
 30
0.0
 11
388.4956890143242
 21
235.31096263973058
 31
0.0
  0
LINE
  5
C2C
330
17
100
AcDbEntity
  8
VISIBLE
100
AcDbLine
 10
392.03122292025694
 20
231.6367280255558
 30
0.0
 11
388.4956890143242
 21
229.5954865732365
 31
0.0
  0
LINE
  5
C2D
330
17
100
AcDbEntity
  8
VISIBLE
100
AcDbLine
 10
374.43848165056625
 20
237.71141902875655
 30
0.0
 11
388.4956890143242
 21
229.5954865732365
 31
0.0
  0
LINE
  5
C2E
330
17
100
AcDbEntity
  8
VISIBLE
100
AcDbLine
 10
388.4956890143242
 20
235.31096263973058
 30
0.0
 11
388.4956890143242
 21
229.5954865732365
 31
0.0
  0
LINE
  5
C2F
330
17
100
AcDbEntity
  8
VISIBLE
100
AcDbLine
 10
370.992640726904
 20
197.25004667297537
 30
0.0
 11
371.1715728752538
 21
197.1397474813594
 31
0.0
  0
LINE
  5
C30
330
17
100
AcDbEntity
  8
VISIBLE
100
AcDbLine
 10
371.1715728752538
 20
197.1397474813594
 30
0.0
 11
371.3626166791664
 21
197.036440957343
 31
0.0
  0
LINE
  5
C31
330
17
100
AcDbEntity
  8
VISIBLE
100
AcDbLine
 10
371.3626166791664
 20
197.036440957343
 30
0.0
 11
371.5649541947529
 21
196.9405695568536
 31
0.0
  0
LINE
  5
C32
330
17
100
AcDbEntity
  8
VISIBLE
100
AcDbLine
 10
371.5649541947529
 20
196.9405695568536
 30
0.0
 11
371.7777191567623
 21
196.85254387110786
 31
0.0
  0
LINE
  5
C33
330
17
100
AcDbEntity
  8
VISIBLE
100
AcDbLine
 10
371.7777191567623
 20
196.85254387110786
 30
0.0
 11
372.00000003422855
 21
196.77274066776528
 31
0.0
  0
LINE
  5
C34
330
17
100
AcDbEntity
  8
VISIBLE
100
AcDbLine
 10
372.00000003422855
 20
196.77274066776528
 30
0.0
 11
372.2308453198996
 21
196.70150178375428
 31
0.0
  0
LINE
  5
C35
330
17
100
AcDbEntity
  8
VISIBLE
100
AcDbLine
 10
370.13629673880774
 20
198.1750236871521
 30
0.0
 11
370.73401373490776
 21
196.88712259389422
 31
0.0
  0
LINE
  5
C36
330
17
100
AcDbEntity
  8
VISIBLE
100
AcDbLine
 10
370.73401373490776
 20
196.88712259389422
 30
0.0
 11
372.9647238635539
 21
196.54203052529667
 31
0.0
  0
LINE
  5
C37
330
17
100
AcDbEntity
  8
VISIBLE
100
AcDbLine
 10
372.7142421082806
 20
196.5858991435486
 30
0.0
 11
372.9647238635539
 21
196.54203052529667
 31
0.0
  0
LINE
  5
C38
330
17
100
AcDbEntity
  8
VISIBLE
100
AcDbLine
 10
372.2308453198996
 20
196.70150178375428
 30
0.0
 11
372.469266333003
 21
196.63913231242677
 31
0.0
  0
LINE
  5
C39
330
17
100
AcDbEntity
  8
VISIBLE
100
AcDbLine
 10
372.7142421082806
 20
196.5858991435486
 30
0.0
 11
372.469266333003
 21
196.63913231242677
 31
0.0
  0
LINE
  5
C3A
330
17
100
AcDbEntity
  8
VISIBLE
100
AcDbLine
 10
372.9647238635539
 20
196.54203052529667
 30
0.0
 11
373.21963879294105
 21
196.5077140689122
 31
0.0
  0
LINE
  5
C3B
330
17
100
AcDbEntity
  8
VISIBLE
100
AcDbLine
 10
373.4778952930655
 20
196.48309684603504
 30
0.0
 11
373.21963879294105
 21
196.5077140689122
 31
0.0
  0
LINE
  5
C3C
330
17
100
AcDbEntity
  8
VISIBLE
100
AcDbLine
 10
374.0
 20
196.46333960598005
 30
0.0
 11
373.7383874306223
 21
196.46828417202858
 31
0.0
  0
LINE
  5
C3D
330
17
100
AcDbEntity
  8
VISIBLE
100
AcDbLine
 10
373.4778952930655
 20
196.48309684603504
 30
0.0
 11
373.7383874306223
 21
196.46828417202858
 31
0.0
  0
LINE
  5
C3E
330
17
100
AcDbEntity
  8
VISIBLE
100
AcDbLine
 10
378.4614202572923
 20
198.0825565060197
 30
0.0
 11
376.82842712474616
 21
197.1397474813594
 31
0.0
  0
LINE
  5
C3F
330
17
100
AcDbEntity
  8
VISIBLE
100
AcDbLine
 10
377.007359273096
 20
197.25004667297537
 30
0.0
 11
376.82842712474616
 21
197.1397474813594
 31
0.0
  0
LINE
  5
C40
330
17
100
AcDbEntity
  8
VISIBLE
100
AcDbLine
 10
376.82842712474616
 20
197.1397474813594
 30
0.0
 11
376.6373833208336
 21
197.036440957343
 31
0.0
  0
LINE
  5
C41
330
17
100
AcDbEntity
  8
VISIBLE
100
AcDbLine
 10
376.6373833208336
 20
197.036440957343
 30
0.0
 11
376.4350458052471
 21
196.9405695568536
 31
0.0
  0
LINE
  5
C42
330
17
100
AcDbEntity
  8
VISIBLE
100
AcDbLine
 10
376.4350458052471
 20
196.9405695568536
 30
0.0
 11
376.2222808432377
 21
196.85254387110786
 31
0.0
  0
LINE
  5
C43
330
17
100
AcDbEntity
  8
VISIBLE
100
AcDbLine
 10
376.2222808432377
 20
196.85254387110786
 30
0.0
 11
375.99999996577145
 21
196.77274066776528
 31
0.0
  0
LINE
  5
C44
330
17
100
AcDbEntity
  8
VISIBLE
100
AcDbLine
 10
375.99999996577145
 20
196.77274066776528
 30
0.0
 11
375.7691546801004
 21
196.70150178375428
 31
0.0
  0
LINE
  5
C45
330
17
100
AcDbEntity
  8
VISIBLE
100
AcDbLine
 10
375.2857578917194
 20
196.5858991435486
 30
0.0
 11
375.0352761364461
 21
196.54203052529667
 31
0.0
  0
LINE
  5
C46
330
17
100
AcDbEntity
  8
VISIBLE
100
AcDbLine
 10
374.0
 20
196.46333960598005
 30
0.0
 11
374.2616125693777
 21
196.46828417202858
 31
0.0
  0
LINE
  5
C47
330
17
100
AcDbEntity
  8
VISIBLE
100
AcDbLine
 10
374.5221047069345
 20
196.48309684603504
 30
0.0
 11
374.2616125693777
 21
196.46828417202858
 31
0.0
  0
LINE
  5
C48
330
17
100
AcDbEntity
  8
VISIBLE
100
AcDbLine
 10
375.0352761364461
 20
196.54203052529667
 30
0.0
 11
374.78036120705895
 21
196.5077140689122
 31
0.0
  0
LINE
  5
C49
330
17
100
AcDbEntity
  8
VISIBLE
100
AcDbLine
 10
374.5221047069345
 20
196.48309684603504
 30
0.0
 11
374.78036120705895
 21
196.5077140689122
 31
0.0
  0
LINE
  5
C4A
330
17
100
AcDbEntity
  8
VISIBLE
100
AcDbLine
 10
375.7691546801004
 20
196.70150178375428
 30
0.0
 11
375.530733666997
 21
196.63913231242677
 31
0.0
  0
LINE
  5
C4B
330
17
100
AcDbEntity
  8
VISIBLE
100
AcDbLine
 10
375.2857578917194
 20
196.5858991435486
 30
0.0
 11
375.530733666997
 21
196.63913231242677
 31
0.0
  0
LINE
  5
C4C
330
17
100
AcDbEntity
  8
VISIBLE
100
AcDbLine
 10
372.9647238635539
 20
196.54203052529667
 30
0.0
 11
375.1954339922001
 21
196.1969384566991
 31
0.0
  0
LINE
  5
C4D
330
17
100
AcDbEntity
  8
VISIBLE
100
AcDbLine
 10
376.82842712474616
 20
197.1397474813594
 30
0.0
 11
375.1954339922001
 21
196.1969384566991
 31
0.0
  0
LINE
  5
C4E
330
17
100
AcDbEntity
  8
VISIBLE
100
AcDbLine
 10
369.5385797427077
 20
184.7659863237109
 30
0.0
 11
370.73401373490776
 21
182.19018413719516
 31
0.0
  0
LINE
  5
C4F
330
17
100
AcDbEntity
  8
VISIBLE
100
AcDbLine
 10
370.73401373490776
 20
196.88712259389422
 30
0.0
 11
370.73401373490776
 21
182.19018413719516
 31
0.0
  0
LINE
  5
C50
330
17
100
AcDbEntity
  8
VISIBLE
100
AcDbLine
 10
378.4614202572923
 20
183.38561804932064
 30
0.0
 11
375.1954339922001
 21
181.5
 31
0.0
  0
LINE
  5
C51
330
17
100
AcDbEntity
  8
VISIBLE
100
AcDbLine
 10
375.1954339922001
 20
196.1969384566991
 30
0.0
 11
375.1954339922001
 21
181.5
 31
0.0
  0
LINE
  5
C52
330
17
100
AcDbEntity
  8
VISIBLE
100
AcDbLine
 10
370.73401373490776
 20
182.19018413719516
 30
0.0
 11
375.1954339922001
 21
181.5
 31
0.0
  0
LINE
  5
C53
330
17
100
AcDbEntity
  8
VISIBLE
100
AcDbLine
 10
355.96877726078094
 20
231.6367281300781
 30
0.0
 11
355.96877707974306
 21
231.63673193053182
 31
0.0
  0
LINE
  5
C54
330
17
100
AcDbEntity
  8
VISIBLE
100
AcDbLine
 10
355.96877707974306
 20
231.63673193053182
 30
0.0
 11
355.96877707974306
 21
237.3522001870739
 31
0.0
  0
LINE
  5
C55
330
17
100
AcDbEntity
  8
VISIBLE
100
AcDbLine
 10
355.96877707974306
 20
237.3522001870739
 30
0.0
 11
355.96877726078094
 21
237.35220398752762
 31
0.0
  0
LINE
  5
C56
330
17
100
AcDbEntity
  8
VISIBLE
100
AcDbLine
 10
355.96877726078094
 20
237.35220398752762
 30
0.0
 11
355.9687804615515
 21
237.35220604453792
 31
0.0
  0
LINE
  5
C57
330
17
100
AcDbEntity
  8
VISIBLE
100
AcDbLine
 10
355.9687804615515
 20
237.35220604453792
 30
0.0
 11
365.5144725597281
 21
242.86341394702148
 31
0.0
  0
LINE
  5
C58
330
17
100
AcDbEntity
  8
VISIBLE
100
AcDbLine
 10
365.5144725597281
 20
242.86341394702148
 30
0.0
 11
365.51448629737695
 21
242.86342281973583
 31
0.0
  0
LINE
  5
C59
330
17
100
AcDbEntity
  8
VISIBLE
100
AcDbLine
 10
365.51448629737695
 20
242.86342281973583
 30
0.0
 11
365.51449908332324
 21
242.86343301618774
 31
0.0
  0
LINE
  5
C5A
330
17
100
AcDbEntity
  8
VISIBLE
100
AcDbLine
 10
365.51449908332324
 20
242.86343301618774
 30
0.0
 11
365.51451079049457
 21
242.86344443504038
 31
0.0
  0
LINE
  5
C5B
330
17
100
AcDbEntity
  8
VISIBLE
100
AcDbLine
 10
365.51451079049457
 20
242.86344443504038
 30
0.0
 11
365.5145213025397
 21
242.86345696280796
 31
0.0
  0
LINE
  5
C5C
330
17
100
AcDbEntity
  8
VISIBLE
100
AcDbLine
 10
365.5145213025397
 20
242.86345696280796
 30
0.0
 11
365.5145305149854
 21
242.86347047498398
 31
0.0
  0
LINE
  5
C5D
330
17
100
AcDbEntity
  8
VISIBLE
100
AcDbLine
 10
365.5145305149854
 20
242.86347047498398
 30
0.0
 11
365.514538336274
 21
242.86348483727832
 31
0.0
  0
LINE
  5
C5E
330
17
100
AcDbEntity
  8
VISIBLE
100
AcDbLine
 10
365.514538336274
 20
242.86348483727832
 30
0.0
 11
365.51454468867416
 21
242.8634999069521
 31
0.0
  0
LINE
  5
C5F
330
17
100
AcDbEntity
  8
VISIBLE
100
AcDbLine
 10
365.51454468867416
 20
242.8634999069521
 30
0.0
 11
365.51454950905287
 21
242.86351553423603
 31
0.0
  0
LINE
  5
C60
330
17
100
AcDbEntity
  8
VISIBLE
100
AcDbLine
 10
365.51454950905287
 20
242.86351553423603
 30
0.0
 11
365.514552749503
 21
242.86353156381924
 31
0.0
  0
LINE
  5
C61
330
17
100
AcDbEntity
  8
VISIBLE
100
AcDbLine
 10
365.514552749503
 20
242.86353156381924
 30
0.0
 11
365.5145543778196
 21
242.86354783639248
 31
0.0
  0
LINE
  5
C62
330
17
100
AcDbEntity
  8
VISIBLE
100
AcDbLine
 10
365.5145543778196
 20
242.86354783639248
 30
0.0
 11
365.5145543778196
 21
242.8635641902316
 31
0.0
  0
LINE
  5
C63
330
17
100
AcDbEntity
  8
VISIBLE
100
AcDbLine
 10
365.5145543778196
 20
242.8635641902316
 30
0.0
 11
365.514552749503
 21
242.86358046280486
 31
0.0
  0
LINE
  5
C64
330
17
100
AcDbEntity
  8
VISIBLE
100
AcDbLine
 10
365.514552749503
 20
242.86358046280486
 30
0.0
 11
365.51454950905287
 21
242.86359649238807
 31
0.0
  0
LINE
  5
C65
330
17
100
AcDbEntity
  8
VISIBLE
100
AcDbLine
 10
365.51454950905287
 20
242.86359649238807
 30
0.0
 11
365.51454468867416
 21
242.86361211967204
 31
0.0
  0
LINE
  5
C66
330
17
100
AcDbEntity
  8
VISIBLE
100
AcDbLine
 10
365.51454468867416
 20
242.86361211967204
 30
0.0
 11
365.514538336274
 21
242.86362718934578
 31
0.0
  0
LINE
  5
C67
330
17
100
AcDbEntity
  8
VISIBLE
100
AcDbLine
 10
365.514538336274
 20
242.86362718934578
 30
0.0
 11
365.5145305149854
 21
242.86364155164014
 31
0.0
  0
LINE
  5
C68
330
17
100
AcDbEntity
  8
VISIBLE
100
AcDbLine
 10
365.5145305149854
 20
242.86364155164014
 30
0.0
 11
365.5145213025397
 21
242.86365506381614
 31
0.0
  0
LINE
  5
C69
330
17
100
AcDbEntity
  8
VISIBLE
100
AcDbLine
 10
365.5145213025397
 20
242.86365506381614
 30
0.0
 11
365.51451079049457
 21
242.86366759158375
 31
0.0
  0
LINE
  5
C6A
330
17
100
AcDbEntity
  8
VISIBLE
100
AcDbLine
 10
365.51451079049457
 20
242.86366759158375
 30
0.0
 11
365.51449908332324
 21
242.86367901043636
 31
0.0
  0
LINE
  5
C6B
330
17
100
AcDbEntity
  8
VISIBLE
100
AcDbLine
 10
365.51449908332324
 20
242.86367901043636
 30
0.0
 11
365.51448629737695
 21
242.8636892068883
 31
0.0
  0
LINE
  5
C6C
330
17
100
AcDbEntity
  8
VISIBLE
100
AcDbLine
 10
365.51448629737695
 20
242.8636892068883
 30
0.0
 11
365.5144725597281
 21
242.8636980796026
 31
0.0
  0
LINE
  5
C6D
330
17
100
AcDbEntity
  8
VISIBLE
100
AcDbLine
 10
365.5144725597281
 20
242.8636980796026
 30
0.0
 11
355.9687804615514
 21
248.37490598208626
 31
0.0
  0
LINE
  5
C6E
330
17
100
AcDbEntity
  8
VISIBLE
100
AcDbLine
 10
355.9687804615514
 20
248.37490598208626
 30
0.0
 11
355.96877726078094
 21
248.3749080390965
 31
0.0
  0
LINE
  5
C6F
330
17
100
AcDbEntity
  8
VISIBLE
100
AcDbLine
 10
355.96877726078094
 20
248.3749080390965
 30
0.0
 11
355.96877707974306
 21
248.3749118395502
 31
0.0
  0
LINE
  5
C70
330
17
100
AcDbEntity
  8
VISIBLE
100
AcDbLine
 10
355.96877707974306
 20
248.3749118395502
 30
0.0
 11
355.96877707974306
 21
254.0903800960923
 31
0.0
  0
LINE
  5
C71
330
17
100
AcDbEntity
  8
VISIBLE
100
AcDbLine
 10
355.96877707974306
 20
254.0903800960923
 30
0.0
 11
355.96877726078094
 21
254.090383896546
 31
0.0
  0
LINE
  5
C72
330
17
100
AcDbEntity
  8
VISIBLE
100
AcDbLine
 10
355.96877726078094
 20
254.090383896546
 30
0.0
 11
355.9687804615514
 21
254.09038595355622
 31
0.0
  0
LINE
  5
C73
330
17
100
AcDbEntity
  8
VISIBLE
100
AcDbLine
 10
355.9687804615514
 20
254.09038595355622
 30
0.0
 11
359.50430760386735
 21
256.1316235008996
 31
0.0
  0
LINE
  5
C74
330
17
100
AcDbEntity
  8
VISIBLE
100
AcDbLine
 10
359.50430760386735
 20
256.1316235008996
 30
0.0
 11
359.5043109856758
 21
256.131625244343
 31
0.0
  0
LINE
  5
C75
330
17
100
AcDbEntity
  8
VISIBLE
100
AcDbLine
 10
359.5043109856758
 20
256.131625244343
 30
0.0
 11
359.5043143674842
 21
256.1316235008996
 31
0.0
  0
LINE
  5
C76
330
17
100
AcDbEntity
  8
VISIBLE
100
AcDbLine
 10
359.5043143674842
 20
256.1316235008996
 30
0.0
 11
369.9997540024238
 21
250.07207860240376
 31
0.0
  0
LINE
  5
C77
330
17
100
AcDbEntity
  8
VISIBLE
100
AcDbLine
 10
369.9997540024238
 20
250.07207860240376
 30
0.0
 11
369.9997685552442
 21
250.07207114160803
 31
0.0
  0
LINE
  5
C78
330
17
100
AcDbEntity
  8
VISIBLE
100
AcDbLine
 10
369.9997685552442
 20
250.07207114160803
 30
0.0
 11
369.9997837786038
 21
250.07206516687972
 31
0.0
  0
LINE
  5
C79
330
17
100
AcDbEntity
  8
VISIBLE
100
AcDbLine
 10
369.9997837786038
 20
250.07206516687972
 30
0.0
 11
369.99979952120583
 21
250.07206073759826
 31
0.0
  0
LINE
  5
C7A
330
17
100
AcDbEntity
  8
VISIBLE
100
AcDbLine
 10
369.99979952120583
 20
250.07206073759826
 30
0.0
 11
369.99981562659343
 21
250.0720578977839
 31
0.0
  0
LINE
  5
C7B
330
17
100
AcDbEntity
  8
VISIBLE
100
AcDbLine
 10
369.99981562659343
 20
250.0720578977839
 30
0.0
 11
369.99983193470393
 21
250.07205667565995
 31
0.0
  0
LINE
  5
C7C
330
17
100
AcDbEntity
  8
VISIBLE
100
AcDbLine
 10
369.99983193470393
 20
250.07205667565995
 30
0.0
 11
369.99984828346004
 21
250.0720570833725
 31
0.0
  0
LINE
  5
C7D
330
17
100
AcDbEntity
  8
VISIBLE
100
AcDbLine
 10
369.99984828346004
 20
250.0720570833725
 30
0.0
 11
369.9998645103804
 21
250.0720591168694
 31
0.0
  0
LINE
  5
C7E
330
17
100
AcDbEntity
  8
VISIBLE
100
AcDbLine
 10
369.9998645103804
 20
250.0720591168694
 30
0.0
 11
369.9998804541947
 21
250.07206275594098
 31
0.0
  0
LINE
  5
C7F
330
17
100
AcDbEntity
  8
VISIBLE
100
AcDbLine
 10
369.9998804541947
 20
250.07206275594098
 30
0.0
 11
369.999895956446
 21
250.07206796442046
 31
0.0
  0
LINE
  5
C80
330
17
100
AcDbEntity
  8
VISIBLE
100
AcDbLine
 10
369.999895956446
 20
250.07206796442046
 30
0.0
 11
369.9999108630661
 21
250.07207469054356
 31
0.0
  0
LINE
  5
C81
330
17
100
AcDbEntity
  8
VISIBLE
100
AcDbLine
 10
369.9999108630661
 20
250.07207469054356
 30
0.0
 11
369.99992502590624
 21
250.07208286746314
 31
0.0
  0
LINE
  5
C82
330
17
100
AcDbEntity
  8
VISIBLE
100
AcDbLine
 10
369.99992502590624
 20
250.07208286746314
 30
0.0
 11
369.99993830420976
 21
250.07209241391325
 31
0.0
  0
LINE
  5
C83
330
17
100
AcDbEntity
  8
VISIBLE
100
AcDbLine
 10
369.99993830420976
 20
250.07209241391325
 30
0.0
 11
369.99995056601097
 21
250.072103235017
 31
0.0
  0
LINE
  5
C84
330
17
100
AcDbEntity
  8
VISIBLE
100
AcDbLine
 10
369.99995056601097
 20
250.072103235017
 30
0.0
 11
369.99996168944654
 21
250.07211522322942
 31
0.0
  0
LINE
  5
C85
330
17
100
AcDbEntity
  8
VISIBLE
100
AcDbLine
 10
369.99996168944654
 20
250.07211522322942
 30
0.0
 11
369.9999715639667
 21
250.0721282594062
 31
0.0
  0
LINE
  5
C86
330
17
100
AcDbEntity
  8
VISIBLE
100
AcDbLine
 10
369.9999715639667
 20
250.0721282594062
 30
0.0
 11
369.99998009143417
 21
250.07214221398806
 31
0.0
  0
LINE
  5
C87
330
17
100
AcDbEntity
  8
VISIBLE
100
AcDbLine
 10
369.99998009143417
 20
250.07214221398806
 30
0.0
 11
369.99998718709907
 21
250.07215694828798
 31
0.0
  0
LINE
  5
C88
330
17
100
AcDbEntity
  8
VISIBLE
100
AcDbLine
 10
369.99998718709907
 20
250.07215694828798
 30
0.0
 11
369.99999278044146
 21
250.07217231586995
 31
0.0
  0
LINE
  5
C89
330
17
100
AcDbEntity
  8
VISIBLE
100
AcDbLine
 10
369.99999278044146
 20
250.07217231586995
 30
0.0
 11
369.99999681587224
 21
250.07218816400402
 31
0.0
  0
LINE
  5
C8A
330
17
100
AcDbEntity
  8
VISIBLE
100
AcDbLine
 10
369.99999681587224
 20
250.07218816400402
 30
0.0
 11
369.99999925328547
 21
250.0722043351843
 31
0.0
  0
LINE
  5
C8B
330
17
100
AcDbEntity
  8
VISIBLE
100
AcDbLine
 10
369.99999925328547
 20
250.0722043351843
 30
0.0
 11
370.0000000684571
 21
250.07222066869434
 31
0.0
  0
LINE
  5
C8C
330
17
100
AcDbEntity
  8
VISIBLE
100
AcDbLine
 10
370.0000000684571
 20
250.07222066869434
 30
0.0
 11
370.0000000684571
 21
276.4797204043161
 31
0.0
  0
LINE
  5
C8D
330
17
100
AcDbEntity
  8
VISIBLE
100
AcDbLine
 10
370.0000000684571
 20
276.4797204043161
 30
0.0
 11
369.99999925328547
 21
276.4797367378261
 31
0.0
  0
LINE
  5
C8E
330
17
100
AcDbEntity
  8
VISIBLE
100
AcDbLine
 10
369.99999925328547
 20
276.4797367378261
 30
0.0
 11
369.99999681587224
 21
276.4797529090064
 31
0.0
  0
LINE
  5
C8F
330
17
100
AcDbEntity
  8
VISIBLE
100
AcDbLine
 10
369.99999681587224
 20
276.4797529090064
 30
0.0
 11
369.99999278044146
 21
276.4797687571405
 31
0.0
  0
LINE
  5
C90
330
17
100
AcDbEntity
  8
VISIBLE
100
AcDbLine
 10
369.99999278044146
 20
276.4797687571405
 30
0.0
 11
369.99998718709907
 21
276.4797841247224
 31
0.0
  0
LINE
  5
C91
330
17
100
AcDbEntity
  8
VISIBLE
100
AcDbLine
 10
369.99998718709907
 20
276.4797841247224
 30
0.0
 11
369.99998009143417
 21
276.47979885902237
 31
0.0
  0
LINE
  5
C92
330
17
100
AcDbEntity
  8
VISIBLE
100
AcDbLine
 10
369.99998009143417
 20
276.47979885902237
 30
0.0
 11
369.9999715639667
 21
276.4798128136042
 31
0.0
  0
LINE
  5
C93
330
17
100
AcDbEntity
  8
VISIBLE
100
AcDbLine
 10
369.9999715639667
 20
276.4798128136042
 30
0.0
 11
369.99996168944654
 21
276.47982584978104
 31
0.0
  0
LINE
  5
C94
330
17
100
AcDbEntity
  8
VISIBLE
100
AcDbLine
 10
369.99996168944654
 20
276.47982584978104
 30
0.0
 11
369.99995056601097
 21
276.4798378379934
 31
0.0
  0
LINE
  5
C95
330
17
100
AcDbEntity
  8
VISIBLE
100
AcDbLine
 10
369.99995056601097
 20
276.4798378379934
 30
0.0
 11
369.99993830420976
 21
276.4798486590972
 31
0.0
  0
LINE
  5
C96
330
17
100
AcDbEntity
  8
VISIBLE
100
AcDbLine
 10
369.99993830420976
 20
276.4798486590972
 30
0.0
 11
369.99992502590624
 21
276.4798582055473
 31
0.0
  0
LINE
  5
C97
330
17
100
AcDbEntity
  8
VISIBLE
100
AcDbLine
 10
369.99992502590624
 20
276.4798582055473
 30
0.0
 11
369.9999108630661
 21
276.47986638246687
 31
0.0
  0
LINE
  5
C98
330
17
100
AcDbEntity
  8
VISIBLE
100
AcDbLine
 10
369.9999108630661
 20
276.47986638246687
 30
0.0
 11
369.999895956446
 21
276.47987310858997
 31
0.0
  0
LINE
  5
C99
330
17
100
AcDbEntity
  8
VISIBLE
100
AcDbLine
 10
369.999895956446
 20
276.47987310858997
 30
0.0
 11
369.9998804541947
 21
276.47987831706945
 31
0.0
  0
LINE
  5
C9A
330
17
100
AcDbEntity
  8
VISIBLE
100
AcDbLine
 10
369.9998804541947
 20
276.47987831706945
 30
0.0
 11
369.9998645103804
 21
276.479881956141
 31
0.0
  0
LINE
  5
C9B
330
17
100
AcDbEntity
  8
VISIBLE
100
AcDbLine
 10
369.9998645103804
 20
276.479881956141
 30
0.0
 11
369.99984828346004
 21
276.4798839896379
 31
0.0
  0
LINE
  5
C9C
330
17
100
AcDbEntity
  8
VISIBLE
100
AcDbLine
 10
369.99984828346004
 20
276.4798839896379
 30
0.0
 11
369.99983193470393
 21
276.4798843973505
 31
0.0
  0
LINE
  5
C9D
330
17
100
AcDbEntity
  8
VISIBLE
100
AcDbLine
 10
369.99983193470393
 20
276.4798843973505
 30
0.0
 11
369.99981562659343
 21
276.4798831752265
 31
0.0
  0
LINE
  5
C9E
330
17
100
AcDbEntity
  8
VISIBLE
100
AcDbLine
 10
369.99981562659343
 20
276.4798831752265
 30
0.0
 11
369.99979952120583
 21
276.4798803354122
 31
0.0
  0
LINE
  5
C9F
330
17
100
AcDbEntity
  8
VISIBLE
100
AcDbLine
 10
369.99979952120583
 20
276.4798803354122
 30
0.0
 11
369.9997837786038
 21
276.4798759061307
 31
0.0
  0
LINE
  5
CA0
330
17
100
AcDbEntity
  8
VISIBLE
100
AcDbLine
 10
369.9997837786038
 20
276.4798759061307
 30
0.0
 11
369.9997685552442
 21
276.4798699314024
 31
0.0
  0
LINE
  5
CA1
330
17
100
AcDbEntity
  8
VISIBLE
100
AcDbLine
 10
369.9997685552442
 20
276.4798699314024
 30
0.0
 11
369.9997540024238
 21
276.4798624706067
 31
0.0
  0
LINE
  5
CA2
330
17
100
AcDbEntity
  8
VISIBLE
100
AcDbLine
 10
369.9997540024238
 20
276.4798624706067
 30
0.0
 11
359.5043143674842
 21
270.4203175721108
 31
0.0
  0
LINE
  5
CA3
330
17
100
AcDbEntity
  8
VISIBLE
100
AcDbLine
 10
359.5043143674842
 20
270.4203175721108
 30
0.0
 11
359.5043109856758
 21
270.4203158286674
 31
0.0
  0
LINE
  5
CA4
330
17
100
AcDbEntity
  8
VISIBLE
100
AcDbLine
 10
359.5043109856758
 20
270.4203158286674
 30
0.0
 11
359.50430760386735
 21
270.4203175721108
 31
0.0
  0
LINE
  5
CA5
330
17
100
AcDbEntity
  8
VISIBLE
100
AcDbLine
 10
359.50430760386735
 20
270.4203175721108
 30
0.0
 11
355.9687804615514
 21
272.46155511945415
 31
0.0
  0
LINE
  5
CA6
330
17
100
AcDbEntity
  8
VISIBLE
100
AcDbLine
 10
355.9687804615514
 20
272.46155511945415
 30
0.0
 11
355.96877726078094
 21
272.4615571764644
 31
0.0
  0
LINE
  5
CA7
330
17
100
AcDbEntity
  8
VISIBLE
100
AcDbLine
 10
355.96877726078094
 20
272.4615571764644
 30
0.0
 11
355.96877707974306
 21
272.4615609769181
 31
0.0
  0
LINE
  5
CA8
330
17
100
AcDbEntity
  8
VISIBLE
100
AcDbLine
 10
355.96877707974306
 20
272.4615609769181
 30
0.0
 11
355.96877707974306
 21
278.1770292334602
 31
0.0
  0
LINE
  5
CA9
330
17
100
AcDbEntity
  8
VISIBLE
100
AcDbLine
 10
355.96877707974306
 20
278.1770292334602
 30
0.0
 11
355.96877726078094
 21
278.1770330339139
 31
0.0
  0
LINE
  5
CAA
330
17
100
AcDbEntity
  8
VISIBLE
100
AcDbLine
 10
355.96877726078094
 20
278.1770330339139
 30
0.0
 11
355.9687804615514
 21
278.17703509092416
 31
0.0
  0
LINE
  5
CAB
330
17
100
AcDbEntity
  8
VISIBLE
100
AcDbLine
 10
355.9687804615514
 20
278.17703509092416
 30
0.0
 11
365.5144725597281
 21
283.6882429934078
 31
0.0
  0
LINE
  5
CAC
330
17
100
AcDbEntity
  8
VISIBLE
100
AcDbLine
 10
365.5144725597281
 20
283.6882429934078
 30
0.0
 11
365.51448629737695
 21
283.68825186612213
 31
0.0
  0
LINE
  5
CAD
330
17
100
AcDbEntity
  8
VISIBLE
100
AcDbLine
 10
365.51448629737695
 20
283.68825186612213
 30
0.0
 11
365.51449908332324
 21
283.68826206257404
 31
0.0
  0
LINE
  5
CAE
330
17
100
AcDbEntity
  8
VISIBLE
100
AcDbLine
 10
365.51449908332324
 20
283.68826206257404
 30
0.0
 11
365.51451079049457
 21
283.6882734814267
 31
0.0
  0
LINE
  5
CAF
330
17
100
AcDbEntity
  8
VISIBLE
100
AcDbLine
 10
365.51451079049457
 20
283.6882734814267
 30
0.0
 11
365.5145213025397
 21
283.68828600919426
 31
0.0
  0
LINE
  5
CB0
330
17
100
AcDbEntity
  8
VISIBLE
100
AcDbLine
 10
365.5145213025397
 20
283.68828600919426
 30
0.0
 11
365.5145305149854
 21
283.68829952137025
 31
0.0
  0
LINE
  5
CB1
330
17
100
AcDbEntity
  8
VISIBLE
100
AcDbLine
 10
365.5145305149854
 20
283.68829952137025
 30
0.0
 11
365.514538336274
 21
283.68831388366465
 31
0.0
  0
LINE
  5
CB2
330
17
100
AcDbEntity
  8
VISIBLE
100
AcDbLine
 10
365.514538336274
 20
283.68831388366465
 30
0.0
 11
365.51454468867416
 21
283.6883289533384
 31
0.0
  0
LINE
  5
CB3
330
17
100
AcDbEntity
  8
VISIBLE
100
AcDbLine
 10
365.51454468867416
 20
283.6883289533384
 30
0.0
 11
365.51454950905287
 21
283.68834458062236
 31
0.0
  0
LINE
  5
CB4
330
17
100
AcDbEntity
  8
VISIBLE
100
AcDbLine
 10
365.51454950905287
 20
283.68834458062236
 30
0.0
 11
365.514552749503
 21
283.68836061020556
 31
0.0
  0
LINE
  5
CB5
330
17
100
AcDbEntity
  8
VISIBLE
100
AcDbLine
 10
365.514552749503
 20
283.68836061020556
 30
0.0
 11
365.5145543778196
 21
283.6883768827788
 31
0.0
  0
LINE
  5
CB6
330
17
100
AcDbEntity
  8
VISIBLE
100
AcDbLine
 10
365.5145543778196
 20
283.6883768827788
 30
0.0
 11
365.5145543778196
 21
283.6883932366179
 31
0.0
  0
LINE
  5
CB7
330
17
100
AcDbEntity
  8
VISIBLE
100
AcDbLine
 10
365.5145543778196
 20
283.6883932366179
 30
0.0
 11
365.514552749503
 21
283.68840950919116
 31
0.0
  0
LINE
  5
CB8
330
17
100
AcDbEntity
  8
VISIBLE
100
AcDbLine
 10
365.514552749503
 20
283.68840950919116
 30
0.0
 11
365.51454950905287
 21
283.68842553877437
 31
0.0
  0
LINE
  5
CB9
330
17
100
AcDbEntity
  8
VISIBLE
100
AcDbLine
 10
365.51454950905287
 20
283.68842553877437
 30
0.0
 11
365.51454468867416
 21
283.68844116605834
 31
0.0
  0
LINE
  5
CBA
330
17
100
AcDbEntity
  8
VISIBLE
100
AcDbLine
 10
365.51454468867416
 20
283.68844116605834
 30
0.0
 11
365.514538336274
 21
283.6884562357321
 31
0.0
  0
LINE
  5
CBB
330
17
100
AcDbEntity
  8
VISIBLE
100
AcDbLine
 10
365.514538336274
 20
283.6884562357321
 30
0.0
 11
365.5145305149854
 21
283.68847059802647
 31
0.0
  0
LINE
  5
CBC
330
17
100
AcDbEntity
  8
VISIBLE
100
AcDbLine
 10
365.5145305149854
 20
283.68847059802647
 30
0.0
 11
365.5145213025397
 21
283.68848411020247
 31
0.0
  0
LINE
  5
CBD
330
17
100
AcDbEntity
  8
VISIBLE
100
AcDbLine
 10
365.5145213025397
 20
283.68848411020247
 30
0.0
 11
365.51451079049457
 21
283.68849663797005
 31
0.0
  0
LINE
  5
CBE
330
17
100
AcDbEntity
  8
VISIBLE
100
AcDbLine
 10
365.51451079049457
 20
283.68849663797005
 30
0.0
 11
365.51449908332324
 21
283.6885080568227
 31
0.0
  0
LINE
  5
CBF
330
17
100
AcDbEntity
  8
VISIBLE
100
AcDbLine
 10
365.51449908332324
 20
283.6885080568227
 30
0.0
 11
365.51448629737695
 21
283.6885182532746
 31
0.0
  0
LINE
  5
CC0
330
17
100
AcDbEntity
  8
VISIBLE
100
AcDbLine
 10
365.51448629737695
 20
283.6885182532746
 30
0.0
 11
365.5144725597281
 21
283.6885271259889
 31
0.0
  0
LINE
  5
CC1
330
17
100
AcDbEntity
  8
VISIBLE
100
AcDbLine
 10
365.5144725597281
 20
283.6885271259889
 30
0.0
 11
355.9687804615514
 21
289.19973502847256
 31
0.0
  0
LINE
  5
CC2
330
17
100
AcDbEntity
  8
VISIBLE
100
AcDbLine
 10
355.9687804615514
 20
289.19973502847256
 30
0.0
 11
355.96877726078094
 21
289.1997370854828
 31
0.0
  0
LINE
  5
CC3
330
17
100
AcDbEntity
  8
VISIBLE
100
AcDbLine
 10
355.96877726078094
 20
289.1997370854828
 30
0.0
 11
355.96877707974306
 21
289.19974088593654
 31
0.0
  0
LINE
  5
CC4
330
17
100
AcDbEntity
  8
VISIBLE
100
AcDbLine
 10
355.96877707974306
 20
289.19974088593654
 30
0.0
 11
355.96877707974306
 21
294.9152091424786
 31
0.0
  0
LINE
  5
CC5
330
17
100
AcDbEntity
  8
VISIBLE
100
AcDbLine
 10
355.96877707974306
 20
294.9152091424786
 30
0.0
 11
355.96877726078094
 21
294.9152129429323
 31
0.0
  0
LINE
  5
CC6
330
17
100
AcDbEntity
  8
VISIBLE
100
AcDbLine
 10
355.96877726078094
 20
294.9152129429323
 30
0.0
 11
355.9687804615514
 21
294.9152149999426
 31
0.0
  0
LINE
  5
CC7
330
17
100
AcDbEntity
  8
VISIBLE
100
AcDbLine
 10
355.9687804615514
 20
294.9152149999426
 30
0.0
 11
359.50430760386735
 21
296.95645254728595
 31
0.0
  0
LINE
  5
CC8
330
17
100
AcDbEntity
  8
VISIBLE
100
AcDbLine
 10
359.50430760386735
 20
296.95645254728595
 30
0.0
 11
359.5043109856758
 21
296.9564542907293
 31
0.0
  0
LINE
  5
CC9
330
17
100
AcDbEntity
  8
VISIBLE
100
AcDbLine
 10
359.5043109856758
 20
296.9564542907293
 30
0.0
 11
359.5043143674842
 21
296.95645254728595
 31
0.0
  0
LINE
  5
CCA
330
17
100
AcDbEntity
  8
VISIBLE
100
AcDbLine
 10
359.5043143674842
 20
296.95645254728595
 30
0.0
 11
369.9997540024238
 21
290.89690764879003
 31
0.0
  0
LINE
  5
CCB
330
17
100
AcDbEntity
  8
VISIBLE
100
AcDbLine
 10
369.9997540024238
 20
290.89690764879003
 30
0.0
 11
369.9997685552442
 21
290.89690018799433
 31
0.0
  0
LINE
  5
CCC
330
17
100
AcDbEntity
  8
VISIBLE
100
AcDbLine
 10
369.9997685552442
 20
290.89690018799433
 30
0.0
 11
369.9997837786038
 21
290.896894213266
 31
0.0
  0
LINE
  5
CCD
330
17
100
AcDbEntity
  8
VISIBLE
100
AcDbLine
 10
369.9997837786038
 20
290.896894213266
 30
0.0
 11
369.99979952120583
 21
290.89688978398453
 31
0.0
  0
LINE
  5
CCE
330
17
100
AcDbEntity
  8
VISIBLE
100
AcDbLine
 10
369.99979952120583
 20
290.89688978398453
 30
0.0
 11
369.99981562659343
 21
290.8968869441702
 31
0.0
  0
LINE
  5
CCF
330
17
100
AcDbEntity
  8
VISIBLE
100
AcDbLine
 10
369.99981562659343
 20
290.8968869441702
 30
0.0
 11
369.99983193470393
 21
290.89688572204625
 31
0.0
  0
LINE
  5
CD0
330
17
100
AcDbEntity
  8
VISIBLE
100
AcDbLine
 10
369.99983193470393
 20
290.89688572204625
 30
0.0
 11
369.99984828346004
 21
290.8968861297588
 31
0.0
  0
LINE
  5
CD1
330
17
100
AcDbEntity
  8
VISIBLE
100
AcDbLine
 10
369.99984828346004
 20
290.8968861297588
 30
0.0
 11
369.9998645103804
 21
290.8968881632557
 31
0.0
  0
LINE
  5
CD2
330
17
100
AcDbEntity
  8
VISIBLE
100
AcDbLine
 10
369.9998645103804
 20
290.8968881632557
 30
0.0
 11
369.9998804541947
 21
290.8968918023273
 31
0.0
  0
LINE
  5
CD3
330
17
100
AcDbEntity
  8
VISIBLE
100
AcDbLine
 10
369.9998804541947
 20
290.8968918023273
 30
0.0
 11
369.999895956446
 21
290.89689701080675
 31
0.0
  0
LINE
  5
CD4
330
17
100
AcDbEntity
  8
VISIBLE
100
AcDbLine
 10
369.999895956446
 20
290.89689701080675
 30
0.0
 11
369.9999108630661
 21
290.89690373692986
 31
0.0
  0
LINE
  5
CD5
330
17
100
AcDbEntity
  8
VISIBLE
100
AcDbLine
 10
369.9999108630661
 20
290.89690373692986
 30
0.0
 11
369.99992502590624
 21
290.8969119138494
 31
0.0
  0
LINE
  5
CD6
330
17
100
AcDbEntity
  8
VISIBLE
100
AcDbLine
 10
369.99992502590624
 20
290.8969119138494
 30
0.0
 11
369.99993830420976
 21
290.89692146029955
 31
0.0
  0
LINE
  5
CD7
330
17
100
AcDbEntity
  8
VISIBLE
100
AcDbLine
 10
369.99993830420976
 20
290.89692146029955
 30
0.0
 11
369.99995056601097
 21
290.89693228140334
 31
0.0
  0
LINE
  5
CD8
330
17
100
AcDbEntity
  8
VISIBLE
100
AcDbLine
 10
369.99995056601097
 20
290.89693228140334
 30
0.0
 11
369.99996168944654
 21
290.8969442696157
 31
0.0
  0
LINE
  5
CD9
330
17
100
AcDbEntity
  8
VISIBLE
100
AcDbLine
 10
369.99996168944654
 20
290.8969442696157
 30
0.0
 11
369.9999715639667
 21
290.8969573057925
 31
0.0
  0
LINE
  5
CDA
330
17
100
AcDbEntity
  8
VISIBLE
100
AcDbLine
 10
369.9999715639667
 20
290.8969573057925
 30
0.0
 11
369.99998009143417
 21
290.89697126037436
 31
0.0
  0
LINE
  5
CDB
330
17
100
AcDbEntity
  8
VISIBLE
100
AcDbLine
 10
369.99998009143417
 20
290.89697126037436
 30
0.0
 11
369.99998718709907
 21
290.8969859946743
 31
0.0
  0
LINE
  5
CDC
330
17
100
AcDbEntity
  8
VISIBLE
100
AcDbLine
 10
369.99998718709907
 20
290.8969859946743
 30
0.0
 11
369.99999278044146
 21
290.8970013622562
 31
0.0
  0
LINE
  5
CDD
330
17
100
AcDbEntity
  8
VISIBLE
100
AcDbLine
 10
369.99999278044146
 20
290.8970013622562
 30
0.0
 11
369.99999681587224
 21
290.89701721039035
 31
0.0
  0
LINE
  5
CDE
330
17
100
AcDbEntity
  8
VISIBLE
100
AcDbLine
 10
369.99999681587224
 20
290.89701721039035
 30
0.0
 11
369.99999925328547
 21
290.8970333815706
 31
0.0
  0
LINE
  5
CDF
330
17
100
AcDbEntity
  8
VISIBLE
100
AcDbLine
 10
369.99999925328547
 20
290.8970333815706
 30
0.0
 11
370.0000000684571
 21
290.89704971508064
 31
0.0
  0
LINE
  5
CE0
330
17
100
AcDbEntity
  8
VISIBLE
100
AcDbLine
 10
370.0000000684571
 20
290.89704971508064
 30
0.0
 11
370.0000000684571
 21
327.7791981067619
 31
0.0
  0
LINE
  5
CE1
330
17
100
AcDbEntity
  8
VISIBLE
100
AcDbLine
 10
370.0000000684571
 20
327.7791981067619
 30
0.0
 11
370.00000019996423
 21
327.77920274910394
 31
0.0
  0
LINE
  5
CE2
330
17
100
AcDbEntity
  8
VISIBLE
100
AcDbLine
 10
370.00000019996423
 20
327.77920274910394
 30
0.0
 11
370.00856404722657
 21
327.9302379167391
 31
0.0
  0
LINE
  5
CE3
330
17
100
AcDbEntity
  8
VISIBLE
100
AcDbLine
 10
370.00856404722657
 20
327.9302379167391
 30
0.0
 11
370.0085650829367
 21
327.93024705932953
 31
0.0
  0
LINE
  5
CE4
330
17
100
AcDbEntity
  8
VISIBLE
100
AcDbLine
 10
370.0085650829367
 20
327.93024705932953
 30
0.0
 11
370.0342198562543
 21
328.08063329247744
 31
0.0
  0
LINE
  5
CE5
330
17
100
AcDbEntity
  8
VISIBLE
100
AcDbLine
 10
370.0342198562543
 20
328.08063329247744
 30
0.0
 11
370.03422184775224
 21
328.0806420440948
 31
0.0
  0
LINE
  5
CE6
330
17
100
AcDbEntity
  8
VISIBLE
100
AcDbLine
 10
370.03422184775224
 20
328.0806420440948
 30
0.0
 11
370.07685770523227
 21
328.2297380298272
 31
0.0
  0
LINE
  5
CE7
330
17
100
AcDbEntity
  8
VISIBLE
100
AcDbLine
 10
370.07685770523227
 20
328.2297380298272
 30
0.0
 11
370.07686051030777
 21
328.22974618786344
 31
0.0
  0
LINE
  5
CE8
330
17
100
AcDbEntity
  8
VISIBLE
100
AcDbLine
 10
370.07686051030777
 20
328.22974618786344
 30
0.0
 11
370.1362952036381
 21
328.37691358459494
 31
0.0
  0
LINE
  5
CE9
330
17
100
AcDbEntity
  8
VISIBLE
100
AcDbLine
 10
370.1362952036381
 20
328.37691358459494
 30
0.0
 11
370.13629864558874
 21
328.37692101498146
 31
0.0
  0
LINE
  5
CEA
330
17
100
AcDbEntity
  8
VISIBLE
100
AcDbLine
 10
370.13629864558874
 20
328.37692101498146
 30
0.0
 11
370.21227762224174
 21
328.5215296835792
 31
0.0
  0
LINE
  5
CEB
330
17
100
AcDbEntity
  8
VISIBLE
100
AcDbLine
 10
370.21227762224174
 20
328.5215296835792
 30
0.0
 11
370.21228151878114
 21
328.5215363226505
 31
0.0
  0
LINE
  5
CEC
330
17
100
AcDbEntity
  8
VISIBLE
100
AcDbLine
 10
370.21228151878114
 20
328.5215363226505
 30
0.0
 11
370.3044800035251
 21
328.6629669116081
 31
0.0
  0
LINE
  5
CED
330
17
100
AcDbEntity
  8
VISIBLE
100
AcDbLine
 10
370.3044800035251
 20
328.6629669116081
 30
0.0
 11
370.3044841880159
 21
328.6629727538074
 31
0.0
  0
LINE
  5
CEE
330
17
100
AcDbEntity
  8
VISIBLE
100
AcDbLine
 10
370.3044841880159
 20
328.6629727538074
 30
0.0
 11
370.41250699713856
 21
328.80061973098566
 31
0.0
  0
LINE
  5
CEF
330
17
100
AcDbEntity
  8
VISIBLE
100
AcDbLine
 10
370.41250699713856
 20
328.80061973098566
 30
0.0
 11
370.41251133168316
 21
328.8006248134725
 31
0.0
  0
LINE
  5
CF0
330
17
100
AcDbEntity
  8
VISIBLE
100
AcDbLine
 10
370.41251133168316
 20
328.8006248134725
 30
0.0
 11
370.5358963210186
 21
328.9338986732289
 31
0.0
  0
LINE
  5
CF1
330
17
100
AcDbEntity
  8
VISIBLE
100
AcDbLine
 10
370.5358963210186
 20
328.9338986732289
 30
0.0
 11
370.5359006995605
 21
328.93390305802416
 31
0.0
  0
LINE
  5
CF2
330
17
100
AcDbEntity
  8
VISIBLE
100
AcDbLine
 10
370.5359006995605
 20
328.93390305802416
 30
0.0
 11
370.67411952277484
 21
329.0622329162236
 31
0.0
  0
LINE
  5
CF3
330
17
100
AcDbEntity
  8
VISIBLE
100
AcDbLine
 10
370.67411952277484
 20
329.0622329162236
 30
0.0
 11
370.67412386948166
 21
329.06223667704205
 31
0.0
  0
LINE
  5
CF4
330
17
100
AcDbEntity
  8
VISIBLE
100
AcDbLine
 10
370.67412386948166
 20
329.06223667704205
 30
0.0
 11
370.82658451015516
 21
329.1850731050158
 31
0.0
  0
LINE
  5
CF5
330
17
100
AcDbEntity
  8
VISIBLE
100
AcDbLine
 10
370.82658451015516
 20
329.1850731050158
 30
0.0
 11
370.8265887750367
 21
329.185076317939
 31
0.0
  0
LINE
  5
CF6
330
17
100
AcDbEntity
  8
VISIBLE
100
AcDbLine
 10
370.8265887750367
 20
329.185076317939
 30
0.0
 11
370.9926386920698
 21
329.3018929685226
 31
0.0
  0
LINE
  5
CF7
330
17
100
AcDbEntity
  8
VISIBLE
100
AcDbLine
 10
370.9926386920698
 20
329.3018929685226
 30
0.0
 11
370.9926428447783
 21
329.30189570555683
 31
0.0
  0
LINE
  5
CF8
330
17
100
AcDbEntity
  8
VISIBLE
100
AcDbLine
 10
370.9926428447783
 20
329.30189570555683
 30
0.0
 11
371.17157089563
 21
329.412192371351
 31
0.0
  0
LINE
  5
CF9
330
17
100
AcDbEntity
  8
VISIBLE
100
AcDbLine
 10
371.17157089563
 20
329.412192371351
 30
0.0
 11
371.17157492085124
 21
329.41219469780344
 31
0.0
  0
LINE
  5
CFA
330
17
100
AcDbEntity
  8
VISIBLE
100
AcDbLine
 10
371.17157492085124
 20
329.41219469780344
 30
0.0
 11
371.3626147588922
 21
329.51549907728327
 31
0.0
  0
LINE
  5
CFB
330
17
100
AcDbEntity
  8
VISIBLE
100
AcDbLine
 10
371.3626147588922
 20
329.51549907728327
 30
0.0
 11
371.3626186519654
 21
329.51550105041747
 31
0.0
  0
LINE
  5
CFC
330
17
100
AcDbEntity
  8
VISIBLE
100
AcDbLine
 10
371.3626186519654
 20
329.51550105041747
 30
0.0
 11
371.56495233401387
 21
329.6113706345029
 31
0.0
  0
LINE
  5
CFD
330
17
100
AcDbEntity
  8
VISIBLE
100
AcDbLine
 10
371.56495233401387
 20
329.6113706345029
 30
0.0
 11
371.5649560973922
 21
329.6113723033218
 31
0.0
  0
LINE
  5
CFE
330
17
100
AcDbEntity
  8
VISIBLE
100
AcDbLine
 10
371.5649560973922
 20
329.6113723033218
 30
0.0
 11
371.7777173531189
 21
329.6993964556944
 31
0.0
  0
LINE
  5
CFF
330
17
100
AcDbEntity
  8
VISIBLE
100
AcDbLine
 10
371.7777173531189
 20
329.6993964556944
 30
0.0
 11
371.7777209938637
 21
329.69939786145807
 31
0.0
  0
LINE
  5
D00
330
17
100
AcDbEntity
  8
VISIBLE
100
AcDbLine
 10
371.7777209938637
 20
329.69939786145807
 30
0.0
 11
371.99999828333586
 21
329.7791997766402
 31
0.0
  0
LINE
  5
D01
330
17
100
AcDbEntity
  8
VISIBLE
100
AcDbLine
 10
371.99999828333586
 20
329.7791997766402
 30
0.0
 11
372.00000181182395
 21
329.77920095381126
 31
0.0
  0
LINE
  5
D02
330
17
100
AcDbEntity
  8
VISIBLE
100
AcDbLine
 10
372.00000181182395
 20
329.77920095381126
 30
0.0
 11
372.23084361644743
 21
329.8504387635706
 31
0.0
  0
LINE
  5
D03
330
17
100
AcDbEntity
  8
VISIBLE
100
AcDbLine
 10
372.23084361644743
 20
329.8504387635706
 30
0.0
 11
372.23084704458574
 21
329.85043974042344
 31
0.0
  0
LINE
  5
D04
330
17
100
AcDbEntity
  8
VISIBLE
100
AcDbLine
 10
372.23084704458574
 20
329.85043974042344
 30
0.0
 11
372.4692646710303
 21
329.9128083258218
 31
0.0
  0
LINE
  5
D05
330
17
100
AcDbEntity
  8
VISIBLE
100
AcDbLine
 10
372.4692646710303
 20
329.9128083258218
 30
0.0
 11
372.4692680117237
 21
329.9128091253692
 31
0.0
  0
LINE
  5
D06
330
17
100
AcDbEntity
  8
VISIBLE
100
AcDbLine
 10
372.4692680117237
 20
329.9128091253692
 30
0.0
 11
372.7142404813624
 21
329.966041575933
 31
0.0
  0
LINE
  5
D07
330
17
100
AcDbEntity
  8
VISIBLE
100
AcDbLine
 10
372.7142404813624
 20
329.966041575933
 30
0.0
 11
372.71424374820594
 21
329.9660422166734
 31
0.0
  0
LINE
  5
D08
330
17
100
AcDbEntity
  8
VISIBLE
100
AcDbLine
 10
372.71424374820594
 20
329.9660422166734
 30
0.0
 11
372.96472226527595
 21
330.00991026779616
 31
0.0
  0
LINE
  5
D09
330
17
100
AcDbEntity
  8
VISIBLE
100
AcDbLine
 10
372.96472226527595
 20
330.00991026779616
 30
0.0
 11
372.96472547165257
 21
330.0099107641948
 31
0.0
  0
LINE
  5
D0A
330
17
100
AcDbEntity
  8
VISIBLE
100
AcDbLine
 10
372.96472547165257
 20
330.0099107641948
 30
0.0
 11
373.21963721665986
 21
330.0442267919004
 31
0.0
  0
LINE
  5
D0B
330
17
100
AcDbEntity
  8
VISIBLE
100
AcDbLine
 10
373.21963721665986
 20
330.0442267919004
 30
0.0
 11
373.21964037626395
 21
330.0442271550219
 31
0.0
  0
LINE
  5
D0C
330
17
100
AcDbEntity
  8
VISIBLE
100
AcDbLine
 10
373.21964037626395
 20
330.0442271550219
 30
0.0
 11
373.477893732215
 21
330.0688440781938
 31
0.0
  0
LINE
  5
D0D
330
17
100
AcDbEntity
  8
VISIBLE
100
AcDbLine
 10
373.477893732215
 20
330.0688440781938
 30
0.0
 11
373.4778968584626
 21
330.0688443159904
 31
0.0
  0
LINE
  5
D0E
330
17
100
AcDbEntity
  8
VISIBLE
100
AcDbLine
 10
373.4778968584626
 20
330.0688443159904
 30
0.0
 11
373.7383858785633
 21
330.0836568127253
 31
0.0
  0
LINE
  5
D0F
330
17
100
AcDbEntity
  8
VISIBLE
100
AcDbLine
 10
373.7383858785633
 20
330.0836568127253
 30
0.0
 11
373.7383889849112
 21
330.0836569303584
 31
0.0
  0
LINE
  5
D10
330
17
100
AcDbEntity
  8
VISIBLE
100
AcDbLine
 10
373.7383889849112
 20
330.0836569303584
 30
0.0
 11
373.9999984501709
 21
330.0886014377381
 31
0.0
  0
LINE
  5
D11
330
17
100
AcDbEntity
  8
VISIBLE
100
AcDbLine
 10
373.9999984501709
 20
330.0886014377381
 30
0.0
 11
374.0000015498291
 21
330.0886014377381
 31
0.0
  0
LINE
  5
D12
330
17
100
AcDbEntity
  8
VISIBLE
100
AcDbLine
 10
374.0000015498291
 20
330.0886014377381
 30
0.0
 11
374.2616110150888
 21
330.0836569303584
 31
0.0
  0
LINE
  5
D13
330
17
100
AcDbEntity
  8
VISIBLE
100
AcDbLine
 10
374.2616110150888
 20
330.0836569303584
 30
0.0
 11
374.2616141214367
 21
330.0836568127253
 31
0.0
  0
LINE
  5
D14
330
17
100
AcDbEntity
  8
VISIBLE
100
AcDbLine
 10
374.2616141214367
 20
330.0836568127253
 30
0.0
 11
374.5221031415374
 21
330.0688443159904
 31
0.0
  0
LINE
  5
D15
330
17
100
AcDbEntity
  8
VISIBLE
100
AcDbLine
 10
374.5221031415374
 20
330.0688443159904
 30
0.0
 11
374.522106267785
 21
330.0688440781938
 31
0.0
  0
LINE
  5
D16
330
17
100
AcDbEntity
  8
VISIBLE
100
AcDbLine
 10
374.522106267785
 20
330.0688440781938
 30
0.0
 11
374.78035962373605
 21
330.0442271550219
 31
0.0
  0
LINE
  5
D17
330
17
100
AcDbEntity
  8
VISIBLE
100
AcDbLine
 10
374.78035962373605
 20
330.0442271550219
 30
0.0
 11
374.78036278334014
 21
330.0442267919004
 31
0.0
  0
LINE
  5
D18
330
17
100
AcDbEntity
  8
VISIBLE
100
AcDbLine
 10
374.78036278334014
 20
330.0442267919004
 30
0.0
 11
375.03527452834743
 21
330.0099107641948
 31
0.0
  0
LINE
  5
D19
330
17
100
AcDbEntity
  8
VISIBLE
100
AcDbLine
 10
375.03527452834743
 20
330.0099107641948
 30
0.0
 11
375.03527773472405
 21
330.00991026779616
 31
0.0
  0
LINE
  5
D1A
330
17
100
AcDbEntity
  8
VISIBLE
100
AcDbLine
 10
375.03527773472405
 20
330.00991026779616
 30
0.0
 11
375.28575625179406
 21
329.9660422166734
 31
0.0
  0
LINE
  5
D1B
330
17
100
AcDbEntity
  8
VISIBLE
100
AcDbLine
 10
375.28575625179406
 20
329.9660422166734
 30
0.0
 11
375.2857595186376
 21
329.966041575933
 31
0.0
  0
LINE
  5
D1C
330
17
100
AcDbEntity
  8
VISIBLE
100
AcDbLine
 10
375.2857595186376
 20
329.966041575933
 30
0.0
 11
375.5307319882763
 21
329.9128091253692
 31
0.0
  0
LINE
  5
D1D
330
17
100
AcDbEntity
  8
VISIBLE
100
AcDbLine
 10
375.5307319882763
 20
329.9128091253692
 30
0.0
 11
375.5307353289697
 21
329.9128083258218
 31
0.0
  0
LINE
  5
D1E
330
17
100
AcDbEntity
  8
VISIBLE
100
AcDbLine
 10
375.5307353289697
 20
329.9128083258218
 30
0.0
 11
375.76915295541426
 21
329.85043974042344
 31
0.0
  0
LINE
  5
D1F
330
17
100
AcDbEntity
  8
VISIBLE
100
AcDbLine
 10
375.76915295541426
 20
329.85043974042344
 30
0.0
 11
375.76915638355257
 21
329.8504387635706
 31
0.0
  0
LINE
  5
D20
330
17
100
AcDbEntity
  8
VISIBLE
100
AcDbLine
 10
375.76915638355257
 20
329.8504387635706
 30
0.0
 11
375.99999818817605
 21
329.77920095381126
 31
0.0
  0
LINE
  5
D21
330
17
100
AcDbEntity
  8
VISIBLE
100
AcDbLine
 10
375.99999818817605
 20
329.77920095381126
 30
0.0
 11
376.00000171666414
 21
329.7791997766402
 31
0.0
  0
LINE
  5
D22
330
17
100
AcDbEntity
  8
VISIBLE
100
AcDbLine
 10
376.00000171666414
 20
329.7791997766402
 30
0.0
 11
376.2222790061363
 21
329.69939786145807
 31
0.0
  0
LINE
  5
D23
330
17
100
AcDbEntity
  8
VISIBLE
100
AcDbLine
 10
376.2222790061363
 20
329.69939786145807
 30
0.0
 11
376.2222826468811
 21
329.6993964556944
 31
0.0
  0
LINE
  5
D24
330
17
100
AcDbEntity
  8
VISIBLE
100
AcDbLine
 10
376.2222826468811
 20
329.6993964556944
 30
0.0
 11
376.4350439026078
 21
329.6113723033218
 31
0.0
  0
LINE
  5
D25
330
17
100
AcDbEntity
  8
VISIBLE
100
AcDbLine
 10
376.4350439026078
 20
329.6113723033218
 30
0.0
 11
376.43504766598613
 21
329.6113706345029
 31
0.0
  0
LINE
  5
D26
330
17
100
AcDbEntity
  8
VISIBLE
100
AcDbLine
 10
376.43504766598613
 20
329.6113706345029
 30
0.0
 11
376.6373813480346
 21
329.51550105041747
 31
0.0
  0
LINE
  5
D27
330
17
100
AcDbEntity
  8
VISIBLE
100
AcDbLine
 10
376.6373813480346
 20
329.51550105041747
 30
0.0
 11
376.6373852411078
 21
329.51549907728327
 31
0.0
  0
LINE
  5
D28
330
17
100
AcDbEntity
  8
VISIBLE
100
AcDbLine
 10
376.6373852411078
 20
329.51549907728327
 30
0.0
 11
376.82842507914876
 21
329.41219469780344
 31
0.0
  0
LINE
  5
D29
330
17
100
AcDbEntity
  8
VISIBLE
100
AcDbLine
 10
376.82842507914876
 20
329.41219469780344
 30
0.0
 11
376.82842910437
 21
329.412192371351
 31
0.0
  0
LINE
  5
D2A
330
17
100
AcDbEntity
  8
VISIBLE
100
AcDbLine
 10
376.82842910437
 20
329.412192371351
 30
0.0
 11
377.0073571552217
 21
329.30189570555683
 31
0.0
  0
LINE
  5
D2B
330
17
100
AcDbEntity
  8
VISIBLE
100
AcDbLine
 10
377.0073571552217
 20
329.30189570555683
 30
0.0
 11
377.0073613079302
 21
329.3018929685226
 31
0.0
  0
LINE
  5
D2C
330
17
100
AcDbEntity
  8
VISIBLE
100
AcDbLine
 10
377.0073613079302
 20
329.3018929685226
 30
0.0
 11
377.1734112249633
 21
329.185076317939
 31
0.0
  0
LINE
  5
D2D
330
17
100
AcDbEntity
  8
VISIBLE
100
AcDbLine
 10
377.1734112249633
 20
329.185076317939
 30
0.0
 11
377.17341548984484
 21
329.1850731050158
 31
0.0
  0
LINE
  5
D2E
330
17
100
AcDbEntity
  8
VISIBLE
100
AcDbLine
 10
377.17341548984484
 20
329.1850731050158
 30
0.0
 11
377.32587613051834
 21
329.06223667704205
 31
0.0
  0
LINE
  5
D2F
330
17
100
AcDbEntity
  8
VISIBLE
100
AcDbLine
 10
377.32587613051834
 20
329.06223667704205
 30
0.0
 11
377.32588047722516
 21
329.0622329162236
 31
0.0
  0
LINE
  5
D30
330
17
100
AcDbEntity
  8
VISIBLE
100
AcDbLine
 10
377.32588047722516
 20
329.0622329162236
 30
0.0
 11
377.4640993004395
 21
328.93390305802416
 31
0.0
  0
LINE
  5
D31
330
17
100
AcDbEntity
  8
VISIBLE
100
AcDbLine
 10
377.4640993004395
 20
328.93390305802416
 30
0.0
 11
377.4641036789814
 21
328.9338986732289
 31
0.0
  0
LINE
  5
D32
330
17
100
AcDbEntity
  8
VISIBLE
100
AcDbLine
 10
377.4641036789814
 20
328.9338986732289
 30
0.0
 11
377.58748866831684
 21
328.8006248134725
 31
0.0
  0
LINE
  5
D33
330
17
100
AcDbEntity
  8
VISIBLE
100
AcDbLine
 10
377.58748866831684
 20
328.8006248134725
 30
0.0
 11
377.58749300286144
 21
328.80061973098566
 31
0.0
  0
LINE
  5
D34
330
17
100
AcDbEntity
  8
VISIBLE
100
AcDbLine
 10
377.58749300286144
 20
328.80061973098566
 30
0.0
 11
377.6955158119841
 21
328.6629727538074
 31
0.0
  0
LINE
  5
D35
330
17
100
AcDbEntity
  8
VISIBLE
100
AcDbLine
 10
377.6955158119841
 20
328.6629727538074
 30
0.0
 11
377.6955199964749
 21
328.6629669116081
 31
0.0
  0
LINE
  5
D36
330
17
100
AcDbEntity
  8
VISIBLE
100
AcDbLine
 10
377.6955199964749
 20
328.6629669116081
 30
0.0
 11
377.78771848121886
 21
328.5215363226505
 31
0.0
  0
LINE
  5
D37
330
17
100
AcDbEntity
  8
VISIBLE
100
AcDbLine
 10
377.78771848121886
 20
328.5215363226505
 30
0.0
 11
377.78772237775826
 21
328.5215296835792
 31
0.0
  0
LINE
  5
D38
330
17
100
AcDbEntity
  8
VISIBLE
100
AcDbLine
 10
377.78772237775826
 20
328.5215296835792
 30
0.0
 11
377.86370135441126
 21
328.37692101498146
 31
0.0
  0
LINE
  5
D39
330
17
100
AcDbEntity
  8
VISIBLE
100
AcDbLine
 10
377.86370135441126
 20
328.37692101498146
 30
0.0
 11
377.8637047963619
 21
328.37691358459494
 31
0.0
  0
LINE
  5
D3A
330
17
100
AcDbEntity
  8
VISIBLE
100
AcDbLine
 10
377.8637047963619
 20
328.37691358459494
 30
0.0
 11
377.92313948969223
 21
328.22974618786344
 31
0.0
  0
LINE
  5
D3B
330
17
100
AcDbEntity
  8
VISIBLE
100
AcDbLine
 10
377.92313948969223
 20
328.22974618786344
 30
0.0
 11
377.92314229476773
 21
328.2297380298272
 31
0.0
  0
LINE
  5
D3C
330
17
100
AcDbEntity
  8
VISIBLE
100
AcDbLine
 10
377.92314229476773
 20
328.2297380298272
 30
0.0
 11
377.96577815224776
 21
328.0806420440948
 31
0.0
  0
LINE
  5
D3D
330
17
100
AcDbEntity
  8
VISIBLE
100
AcDbLine
 10
377.96577815224776
 20
328.0806420440948
 30
0.0
 11
377.9657801437457
 21
328.08063329247744
 31
0.0
  0
LINE
  5
D3E
330
17
100
AcDbEntity
  8
VISIBLE
100
AcDbLine
 10
377.9657801437457
 20
328.08063329247744
 30
0.0
 11
377.9914349170633
 21
327.93024705932953
 31
0.0
  0
LINE
  5
D3F
330
17
100
AcDbEntity
  8
VISIBLE
100
AcDbLine
 10
377.9914349170633
 20
327.93024705932953
 30
0.0
 11
377.99143595277343
 21
327.9302379167391
 31
0.0
  0
LINE
  5
D40
330
17
100
AcDbEntity
  8
VISIBLE
100
AcDbLine
 10
377.99143595277343
 20
327.9302379167391
 30
0.0
 11
377.99999980003577
 21
327.77920274910394
 31
0.0
  0
LINE
  5
D41
330
17
100
AcDbEntity
  8
VISIBLE
100
AcDbLine
 10
377.99999980003577
 20
327.77920274910394
 30
0.0
 11
377.9999999315429
 21
327.7791981067619
 31
0.0
  0
LINE
  5
D42
330
17
100
AcDbEntity
  8
VISIBLE
100
AcDbLine
 10
377.9999999315429
 20
327.7791981067619
 30
0.0
 11
377.9999999315429
 21
290.89704971508064
 31
0.0
  0
LINE
  5
D43
330
17
100
AcDbEntity
  8
VISIBLE
100
AcDbLine
 10
377.9999999315429
 20
290.89704971508064
 30
0.0
 11
378.00000074671453
 21
290.8970333815706
 31
0.0
  0
LINE
  5
D44
330
17
100
AcDbEntity
  8
VISIBLE
100
AcDbLine
 10
378.00000074671453
 20
290.8970333815706
 30
0.0
 11
378.00000318412776
 21
290.89701721039035
 31
0.0
  0
LINE
  5
D45
330
17
100
AcDbEntity
  8
VISIBLE
100
AcDbLine
 10
378.00000318412776
 20
290.89701721039035
 30
0.0
 11
378.00000721955854
 21
290.8970013622562
 31
0.0
  0
LINE
  5
D46
330
17
100
AcDbEntity
  8
VISIBLE
100
AcDbLine
 10
378.00000721955854
 20
290.8970013622562
 30
0.0
 11
378.00001281290093
 21
290.8969859946743
 31
0.0
  0
LINE
  5
D47
330
17
100
AcDbEntity
  8
VISIBLE
100
AcDbLine
 10
378.00001281290093
 20
290.8969859946743
 30
0.0
 11
378.00001990856583
 21
290.89697126037436
 31
0.0
  0
LINE
  5
D48
330
17
100
AcDbEntity
  8
VISIBLE
100
AcDbLine
 10
378.00001990856583
 20
290.89697126037436
 30
0.0
 11
378.0000284360333
 21
290.8969573057925
 31
0.0
  0
LINE
  5
D49
330
17
100
AcDbEntity
  8
VISIBLE
100
AcDbLine
 10
378.0000284360333
 20
290.8969573057925
 30
0.0
 11
378.00003831055346
 21
290.8969442696157
 31
0.0
  0
LINE
  5
D4A
330
17
100
AcDbEntity
  8
VISIBLE
100
AcDbLine
 10
378.00003831055346
 20
290.8969442696157
 30
0.0
 11
378.00004943398903
 21
290.89693228140334
 31
0.0
  0
LINE
  5
D4B
330
17
100
AcDbEntity
  8
VISIBLE
100
AcDbLine
 10
378.00004943398903
 20
290.89693228140334
 30
0.0
 11
378.00006169579024
 21
290.89692146029955
 31
0.0
  0
LINE
  5
D4C
330
17
100
AcDbEntity
  8
VISIBLE
100
AcDbLine
 10
378.00006169579024
 20
290.89692146029955
 30
0.0
 11
378.00007497409376
 21
290.8969119138494
 31
0.0
  0
LINE
  5
D4D
330
17
100
AcDbEntity
  8
VISIBLE
100
AcDbLine
 10
378.00007497409376
 20
290.8969119138494
 30
0.0
 11
378.0000891369339
 21
290.89690373692986
 31
0.0
  0
LINE
  5
D4E
330
17
100
AcDbEntity
  8
VISIBLE
100
AcDbLine
 10
378.0000891369339
 20
290.89690373692986
 30
0.0
 11
378.000104043554
 21
290.89689701080675
 31
0.0
  0
LINE
  5
D4F
330
17
100
AcDbEntity
  8
VISIBLE
100
AcDbLine
 10
378.000104043554
 20
290.89689701080675
 30
0.0
 11
378.0001195458053
 21
290.8968918023273
 31
0.0
  0
LINE
  5
D50
330
17
100
AcDbEntity
  8
VISIBLE
100
AcDbLine
 10
378.0001195458053
 20
290.8968918023273
 30
0.0
 11
378.0001354896196
 21
290.8968881632557
 31
0.0
  0
LINE
  5
D51
330
17
100
AcDbEntity
  8
VISIBLE
100
AcDbLine
 10
378.0001354896196
 20
290.8968881632557
 30
0.0
 11
378.00015171653996
 21
290.8968861297588
 31
0.0
  0
LINE
  5
D52
330
17
100
AcDbEntity
  8
VISIBLE
100
AcDbLine
 10
378.00015171653996
 20
290.8968861297588
 30
0.0
 11
378.00016806529607
 21
290.89688572204625
 31
0.0
  0
LINE
  5
D53
330
17
100
AcDbEntity
  8
VISIBLE
100
AcDbLine
 10
378.00016806529607
 20
290.89688572204625
 30
0.0
 11
378.00018437340657
 21
290.8968869441702
 31
0.0
  0
LINE
  5
D54
330
17
100
AcDbEntity
  8
VISIBLE
100
AcDbLine
 10
378.00018437340657
 20
290.8968869441702
 30
0.0
 11
378.00020047879417
 21
290.89688978398453
 31
0.0
  0
LINE
  5
D55
330
17
100
AcDbEntity
  8
VISIBLE
100
AcDbLine
 10
378.00020047879417
 20
290.89688978398453
 30
0.0
 11
378.0002162213962
 21
290.896894213266
 31
0.0
  0
LINE
  5
D56
330
17
100
AcDbEntity
  8
VISIBLE
100
AcDbLine
 10
378.0002162213962
 20
290.896894213266
 30
0.0
 11
378.0002314447558
 21
290.89690018799433
 31
0.0
  0
LINE
  5
D57
330
17
100
AcDbEntity
  8
VISIBLE
100
AcDbLine
 10
378.0002314447558
 20
290.89690018799433
 30
0.0
 11
378.0002459975762
 21
290.89690764879003
 31
0.0
  0
LINE
  5
D58
330
17
100
AcDbEntity
  8
VISIBLE
100
AcDbLine
 10
378.0002459975762
 20
290.89690764879003
 30
0.0
 11
388.4956856325158
 21
296.95645254728595
 31
0.0
  0
LINE
  5
D59
330
17
100
AcDbEntity
  8
VISIBLE
100
AcDbLine
 10
388.4956856325158
 20
296.95645254728595
 30
0.0
 11
388.4956890143242
 21
296.9564542907293
 31
0.0
  0
LINE
  5
D5A
330
17
100
AcDbEntity
  8
VISIBLE
100
AcDbLine
 10
388.4956890143242
 20
296.9564542907293
 30
0.0
 11
388.49569239613265
 21
296.95645254728595
 31
0.0
  0
LINE
  5
D5B
330
17
100
AcDbEntity
  8
VISIBLE
100
AcDbLine
 10
388.49569239613265
 20
296.95645254728595
 30
0.0
 11
392.0312195384486
 21
294.9152149999426
 31
0.0
  0
LINE
  5
D5C
330
17
100
AcDbEntity
  8
VISIBLE
100
AcDbLine
 10
392.0312195384486
 20
294.9152149999426
 30
0.0
 11
392.03122273921906
 21
294.9152129429323
 31
0.0
  0
LINE
  5
D5D
330
17
100
AcDbEntity
  8
VISIBLE
100
AcDbLine
 10
392.03122273921906
 20
294.9152129429323
 30
0.0
 11
392.03122292025694
 21
294.9152091424786
 31
0.0
  0
LINE
  5
D5E
330
17
100
AcDbEntity
  8
VISIBLE
100
AcDbLine
 10
392.03122292025694
 20
294.9152091424786
 30
0.0
 11
392.03122292025694
 21
289.19974088593654
 31
0.0
  0
LINE
  5
D5F
330
17
100
AcDbEntity
  8
VISIBLE
100
AcDbLine
 10
392.03122292025694
 20
289.19974088593654
 30
0.0
 11
392.03122273921906
 21
289.1997370854828
 31
0.0
  0
LINE
  5
D60
330
17
100
AcDbEntity
  8
VISIBLE
100
AcDbLine
 10
392.03122273921906
 20
289.1997370854828
 30
0.0
 11
392.0312195384486
 21
289.19973502847256
 31
0.0
  0
LINE
  5
D61
330
17
100
AcDbEntity
  8
VISIBLE
100
AcDbLine
 10
392.0312195384486
 20
289.19973502847256
 30
0.0
 11
382.4855274402719
 21
283.6885271259889
 31
0.0
  0
LINE
  5
D62
330
17
100
AcDbEntity
  8
VISIBLE
100
AcDbLine
 10
382.4855274402719
 20
283.6885271259889
 30
0.0
 11
382.48551370262305
 21
283.6885182532746
 31
0.0
  0
LINE
  5
D63
330
17
100
AcDbEntity
  8
VISIBLE
100
AcDbLine
 10
382.48551370262305
 20
283.6885182532746
 30
0.0
 11
382.48550091667676
 21
283.6885080568227
 31
0.0
  0
LINE
  5
D64
330
17
100
AcDbEntity
  8
VISIBLE
100
AcDbLine
 10
382.48550091667676
 20
283.6885080568227
 30
0.0
 11
382.48548920950543
 21
283.68849663797005
 31
0.0
  0
LINE
  5
D65
330
17
100
AcDbEntity
  8
VISIBLE
100
AcDbLine
 10
382.48548920950543
 20
283.68849663797005
 30
0.0
 11
382.4854786974603
 21
283.68848411020247
 31
0.0
  0
LINE
  5
D66
330
17
100
AcDbEntity
  8
VISIBLE
100
AcDbLine
 10
382.4854786974603
 20
283.68848411020247
 30
0.0
 11
382.4854694850146
 21
283.68847059802647
 31
0.0
  0
LINE
  5
D67
330
17
100
AcDbEntity
  8
VISIBLE
100
AcDbLine
 10
382.4854694850146
 20
283.68847059802647
 30
0.0
 11
382.485461663726
 21
283.6884562357321
 31
0.0
  0
LINE
  5
D68
330
17
100
AcDbEntity
  8
VISIBLE
100
AcDbLine
 10
382.485461663726
 20
283.6884562357321
 30
0.0
 11
382.48545531132584
 21
283.68844116605834
 31
0.0
  0
LINE
  5
D69
330
17
100
AcDbEntity
  8
VISIBLE
100
AcDbLine
 10
382.48545531132584
 20
283.68844116605834
 30
0.0
 11
382.48545049094713
 21
283.68842553877437
 31
0.0
  0
LINE
  5
D6A
330
17
100
AcDbEntity
  8
VISIBLE
100
AcDbLine
 10
382.48545049094713
 20
283.68842553877437
 30
0.0
 11
382.485447250497
 21
283.68840950919116
 31
0.0
  0
LINE
  5
D6B
330
17
100
AcDbEntity
  8
VISIBLE
100
AcDbLine
 10
382.485447250497
 20
283.68840950919116
 30
0.0
 11
382.4854456221804
 21
283.6883932366179
 31
0.0
  0
LINE
  5
D6C
330
17
100
AcDbEntity
  8
VISIBLE
100
AcDbLine
 10
382.4854456221804
 20
283.6883932366179
 30
0.0
 11
382.4854456221804
 21
283.6883768827788
 31
0.0
  0
LINE
  5
D6D
330
17
100
AcDbEntity
  8
VISIBLE
100
AcDbLine
 10
382.4854456221804
 20
283.6883768827788
 30
0.0
 11
382.485447250497
 21
283.68836061020556
 31
0.0
  0
LINE
  5
D6E
330
17
100
AcDbEntity
  8
VISIBLE
100
AcDbLine
 10
382.485447250497
 20
283.68836061020556
 30
0.0
 11
382.48545049094713
 21
283.68834458062236
 31
0.0
  0
LINE
  5
D6F
330
17
100
AcDbEntity
  8
VISIBLE
100
AcDbLine
 10
382.48545049094713
 20
283.68834458062236
 30
0.0
 11
382.48545531132584
 21
283.6883289533384
 31
0.0
  0
LINE
  5
D70
330
17
100
AcDbEntity
  8
VISIBLE
100
AcDbLine
 10
382.48545531132584
 20
283.6883289533384
 30
0.0
 11
382.485461663726
 21
283.68831388366465
 31
0.0
  0
LINE
  5
D71
330
17
100
AcDbEntity
  8
VISIBLE
100
AcDbLine
 10
382.485461663726
 20
283.68831388366465
 30
0.0
 11
382.4854694850146
 21
283.68829952137025
 31
0.0
  0
LINE
  5
D72
330
17
100
AcDbEntity
  8
VISIBLE
100
AcDbLine
 10
382.4854694850146
 20
283.68829952137025
 30
0.0
 11
382.4854786974603
 21
283.68828600919426
 31
0.0
  0
LINE
  5
D73
330
17
100
AcDbEntity
  8
VISIBLE
100
AcDbLine
 10
382.4854786974603
 20
283.68828600919426
 30
0.0
 11
382.48548920950543
 21
283.6882734814267
 31
0.0
  0
LINE
  5
D74
330
17
100
AcDbEntity
  8
VISIBLE
100
AcDbLine
 10
382.48548920950543
 20
283.6882734814267
 30
0.0
 11
382.48550091667676
 21
283.68826206257404
 31
0.0
  0
LINE
  5
D75
330
17
100
AcDbEntity
  8
VISIBLE
100
AcDbLine
 10
382.48550091667676
 20
283.68826206257404
 30
0.0
 11
382.48551370262305
 21
283.68825186612213
 31
0.0
  0
LINE
  5
D76
330
17
100
AcDbEntity
  8
VISIBLE
100
AcDbLine
 10
382.48551370262305
 20
283.68825186612213
 30
0.0
 11
382.4855274402719
 21
283.6882429934078
 31
0.0
  0
LINE
  5
D77
330
17
100
AcDbEntity
  8
VISIBLE
100
AcDbLine
 10
382.4855274402719
 20
283.6882429934078
 30
0.0
 11
392.0312195384486
 21
278.17703509092416
 31
0.0
  0
LINE
  5
D78
330
17
100
AcDbEntity
  8
VISIBLE
100
AcDbLine
 10
392.0312195384486
 20
278.17703509092416
 30
0.0
 11
392.03122273921906
 21
278.1770330339139
 31
0.0
  0
LINE
  5
D79
330
17
100
AcDbEntity
  8
VISIBLE
100
AcDbLine
 10
392.03122273921906
 20
278.1770330339139
 30
0.0
 11
392.03122292025694
 21
278.1770292334602
 31
0.0
  0
LINE
  5
D7A
330
17
100
AcDbEntity
  8
VISIBLE
100
AcDbLine
 10
392.03122292025694
 20
278.1770292334602
 30
0.0
 11
392.03122292025694
 21
272.4615609769181
 31
0.0
  0
LINE
  5
D7B
330
17
100
AcDbEntity
  8
VISIBLE
100
AcDbLine
 10
392.03122292025694
 20
272.4615609769181
 30
0.0
 11
392.03122273921906
 21
272.4615571764644
 31
0.0
  0
LINE
  5
D7C
330
17
100
AcDbEntity
  8
VISIBLE
100
AcDbLine
 10
392.03122273921906
 20
272.4615571764644
 30
0.0
 11
392.0312195384486
 21
272.46155511945415
 31
0.0
  0
LINE
  5
D7D
330
17
100
AcDbEntity
  8
VISIBLE
100
AcDbLine
 10
392.0312195384486
 20
272.46155511945415
 30
0.0
 11
388.49569239613265
 21
270.4203175721108
 31
0.0
  0
LINE
  5
D7E
330
17
100
AcDbEntity
  8
VISIBLE
100
AcDbLine
 10
388.49569239613265
 20
270.4203175721108
 30
0.0
 11
388.4956890143242
 21
270.4203158286674
 31
0.0
  0
LINE
  5
D7F
330
17
100
AcDbEntity
  8
VISIBLE
100
AcDbLine
 10
388.4956890143242
 20
270.4203158286674
 30
0.0
 11
388.4956856325158
 21
270.4203175721108
 31
0.0
  0
LINE
  5
D80
330
17
100
AcDbEntity
  8
VISIBLE
100
AcDbLine
 10
388.4956856325158
 20
270.4203175721108
 30
0.0
 11
378.0002459975762
 21
276.4798624706067
 31
0.0
  0
LINE
  5
D81
330
17
100
AcDbEntity
  8
VISIBLE
100
AcDbLine
 10
378.0002459975762
 20
276.4798624706067
 30
0.0
 11
378.0002314447558
 21
276.4798699314024
 31
0.0
  0
LINE
  5
D82
330
17
100
AcDbEntity
  8
VISIBLE
100
AcDbLine
 10
378.0002314447558
 20
276.4798699314024
 30
0.0
 11
378.0002162213962
 21
276.4798759061307
 31
0.0
  0
LINE
  5
D83
330
17
100
AcDbEntity
  8
VISIBLE
100
AcDbLine
 10
378.0002162213962
 20
276.4798759061307
 30
0.0
 11
378.00020047879417
 21
276.4798803354122
 31
0.0
  0
LINE
  5
D84
330
17
100
AcDbEntity
  8
VISIBLE
100
AcDbLine
 10
378.00020047879417
 20
276.4798803354122
 30
0.0
 11
378.00018437340657
 21
276.4798831752265
 31
0.0
  0
LINE
  5
D85
330
17
100
AcDbEntity
  8
VISIBLE
100
AcDbLine
 10
378.00018437340657
 20
276.4798831752265
 30
0.0
 11
378.00016806529607
 21
276.4798843973505
 31
0.0
  0
LINE
  5
D86
330
17
100
AcDbEntity
  8
VISIBLE
100
AcDbLine
 10
378.00016806529607
 20
276.4798843973505
 30
0.0
 11
378.00015171653996
 21
276.4798839896379
 31
0.0
  0
LINE
  5
D87
330
17
100
AcDbEntity
  8
VISIBLE
100
AcDbLine
 10
378.00015171653996
 20
276.4798839896379
 30
0.0
 11
378.0001354896196
 21
276.479881956141
 31
0.0
  0
LINE
  5
D88
330
17
100
AcDbEntity
  8
VISIBLE
100
AcDbLine
 10
378.0001354896196
 20
276.479881956141
 30
0.0
 11
378.0001195458053
 21
276.47987831706945
 31
0.0
  0
LINE
  5
D89
330
17
100
AcDbEntity
  8
VISIBLE
100
AcDbLine
 10
378.0001195458053
 20
276.47987831706945
 30
0.0
 11
378.000104043554
 21
276.47987310858997
 31
0.0
  0
LINE
  5
D8A
330
17
100
AcDbEntity
  8
VISIBLE
100
AcDbLine
 10
378.000104043554
 20
276.47987310858997
 30
0.0
 11
378.0000891369339
 21
276.47986638246687
 31
0.0
  0
LINE
  5
D8B
330
17
100
AcDbEntity
  8
VISIBLE
100
AcDbLine
 10
378.0000891369339
 20
276.47986638246687
 30
0.0
 11
378.00007497409376
 21
276.4798582055473
 31
0.0
  0
LINE
  5
D8C
330
17
100
AcDbEntity
  8
VISIBLE
100
AcDbLine
 10
378.00007497409376
 20
276.4798582055473
 30
0.0
 11
378.00006169579024
 21
276.4798486590972
 31
0.0
  0
LINE
  5
D8D
330
17
100
AcDbEntity
  8
VISIBLE
100
AcDbLine
 10
378.00006169579024
 20
276.4798486590972
 30
0.0
 11
378.00004943398903
 21
276.4798378379934
 31
0.0
  0
LINE
  5
D8E
330
17
100
AcDbEntity
  8
VISIBLE
100
AcDbLine
 10
378.00004943398903
 20
276.4798378379934
 30
0.0
 11
378.00003831055346
 21
276.47982584978104
 31
0.0
  0
LINE
  5
D8F
330
17
100
AcDbEntity
  8
VISIBLE
100
AcDbLine
 10
378.00003831055346
 20
276.47982584978104
 30
0.0
 11
378.0000284360333
 21
276.4798128136042
 31
0.0
  0
LINE
  5
D90
330
17
100
AcDbEntity
  8
VISIBLE
100
AcDbLine
 10
378.0000284360333
 20
276.4798128136042
 30
0.0
 11
378.00001990856583
 21
276.47979885902237
 31
0.0
  0
LINE
  5
D91
330
17
100
AcDbEntity
  8
VISIBLE
100
AcDbLine
 10
378.00001990856583
 20
276.47979885902237
 30
0.0
 11
378.00001281290093
 21
276.4797841247224
 31
0.0
  0
LINE
  5
D92
330
17
100
AcDbEntity
  8
VISIBLE
100
AcDbLine
 10
378.00001281290093
 20
276.4797841247224
 30
0.0
 11
378.00000721955854
 21
276.4797687571405
 31
0.0
  0
LINE
  5
D93
330
17
100
AcDbEntity
  8
VISIBLE
100
AcDbLine
 10
378.00000721955854
 20
276.4797687571405
 30
0.0
 11
378.00000318412776
 21
276.4797529090064
 31
0.0
  0
LINE
  5
D94
330
17
100
AcDbEntity
  8
VISIBLE
100
AcDbLine
 10
378.00000318412776
 20
276.4797529090064
 30
0.0
 11
378.00000074671453
 21
276.4797367378261
 31
0.0
  0
LINE
  5
D95
330
17
100
AcDbEntity
  8
VISIBLE
100
AcDbLine
 10
378.00000074671453
 20
276.4797367378261
 30
0.0
 11
377.9999999315429
 21
276.4797204043161
 31
0.0
  0
LINE
  5
D96
330
17
100
AcDbEntity
  8
VISIBLE
100
AcDbLine
 10
377.9999999315429
 20
276.4797204043161
 30
0.0
 11
377.9999999315429
 21
250.07222066869434
 31
0.0
  0
LINE
  5
D97
330
17
100
AcDbEntity
  8
VISIBLE
100
AcDbLine
 10
377.9999999315429
 20
250.07222066869434
 30
0.0
 11
378.00000074671453
 21
250.0722043351843
 31
0.0
  0
LINE
  5
D98
330
17
100
AcDbEntity
  8
VISIBLE
100
AcDbLine
 10
378.00000074671453
 20
250.0722043351843
 30
0.0
 11
378.00000318412776
 21
250.07218816400402
 31
0.0
  0
LINE
  5
D99
330
17
100
AcDbEntity
  8
VISIBLE
100
AcDbLine
 10
378.00000318412776
 20
250.07218816400402
 30
0.0
 11
378.00000721955854
 21
250.07217231586995
 31
0.0
  0
LINE
  5
D9A
330
17
100
AcDbEntity
  8
VISIBLE
100
AcDbLine
 10
378.00000721955854
 20
250.07217231586995
 30
0.0
 11
378.00001281290093
 21
250.07215694828798
 31
0.0
  0
LINE
  5
D9B
330
17
100
AcDbEntity
  8
VISIBLE
100
AcDbLine
 10
378.00001281290093
 20
250.07215694828798
 30
0.0
 11
378.00001990856583
 21
250.07214221398806
 31
0.0
  0
LINE
  5
D9C
330
17
100
AcDbEntity
  8
VISIBLE
100
AcDbLine
 10
378.00001990856583
 20
250.07214221398806
 30
0.0
 11
378.0000284360333
 21
250.0721282594062
 31
0.0
  0
LINE
  5
D9D
330
17
100
AcDbEntity
  8
VISIBLE
100
AcDbLine
 10
378.0000284360333
 20
250.0721282594062
 30
0.0
 11
378.00003831055346
 21
250.07211522322942
 31
0.0
  0
LINE
  5
D9E
330
17
100
AcDbEntity
  8
VISIBLE
100
AcDbLine
 10
378.00003831055346
 20
250.07211522322942
 30
0.0
 11
378.00004943398903
 21
250.072103235017
 31
0.0
  0
LINE
  5
D9F
330
17
100
AcDbEntity
  8
VISIBLE
100
AcDbLine
 10
378.00004943398903
 20
250.072103235017
 30
0.0
 11
378.00006169579024
 21
250.07209241391325
 31
0.0
  0
LINE
  5
DA0
330
17
100
AcDbEntity
  8
VISIBLE
100
AcDbLine
 10
378.00006169579024
 20
250.07209241391325
 30
0.0
 11
378.00007497409376
 21
250.07208286746314
 31
0.0
  0
LINE
  5
DA1
330
17
100
AcDbEntity
  8
VISIBLE
100
AcDbLine
 10
378.00007497409376
 20
250.07208286746314
 30
0.0
 11
378.0000891369339
 21
250.07207469054356
 31
0.0
  0
LINE
  5
DA2
330
17
100
AcDbEntity
  8
VISIBLE
100
AcDbLine
 10
378.0000891369339
 20
250.07207469054356
 30
0.0
 11
378.000104043554
 21
250.07206796442046
 31
0.0
  0
LINE
  5
DA3
330
17
100
AcDbEntity
  8
VISIBLE
100
AcDbLine
 10
378.000104043554
 20
250.07206796442046
 30
0.0
 11
378.0001195458053
 21
250.07206275594098
 31
0.0
  0
LINE
  5
DA4
330
17
100
AcDbEntity
  8
VISIBLE
100
AcDbLine
 10
378.0001195458053
 20
250.07206275594098
 30
0.0
 11
378.0001354896196
 21
250.0720591168694
 31
0.0
  0
LINE
  5
DA5
330
17
100
AcDbEntity
  8
VISIBLE
100
AcDbLine
 10
378.0001354896196
 20
250.0720591168694
 30
0.0
 11
378.00015171653996
 21
250.0720570833725
 31
0.0
  0
LINE
  5
DA6
330
17
100
AcDbEntity
  8
VISIBLE
100
AcDbLine
 10
378.00015171653996
 20
250.0720570833725
 30
0.0
 11
378.00016806529607
 21
250.07205667565995
 31
0.0
  0
LINE
  5
DA7
330
17
100
AcDbEntity
  8
VISIBLE
100
AcDbLine
 10
378.00016806529607
 20
250.07205667565995
 30
0.0
 11
378.00018437340657
 21
250.0720578977839
 31
0.0
  0
LINE
  5
DA8
330
17
100
AcDbEntity
  8
VISIBLE
100
AcDbLine
 10
378.00018437340657
 20
250.0720578977839
 30
0.0
 11
378.00020047879417
 21
250.07206073759826
 31
0.0
  0
LINE
  5
DA9
330
17
100
AcDbEntity
  8
VISIBLE
100
AcDbLine
 10
378.00020047879417
 20
250.07206073759826
 30
0.0
 11
378.0002162213962
 21
250.07206516687972
 31
0.0
  0
LINE
  5
DAA
330
17
100
AcDbEntity
  8
VISIBLE
100
AcDbLine
 10
378.0002162213962
 20
250.07206516687972
 30
0.0
 11
378.0002314447558
 21
250.07207114160803
 31
0.0
  0
LINE
  5
DAB
330
17
100
AcDbEntity
  8
VISIBLE
100
AcDbLine
 10
378.0002314447558
 20
250.07207114160803
 30
0.0
 11
378.0002459975762
 21
250.07207860240376
 31
0.0
  0
LINE
  5
DAC
330
17
100
AcDbEntity
  8
VISIBLE
100
AcDbLine
 10
378.0002459975762
 20
250.07207860240376
 30
0.0
 11
388.4956856325158
 21
256.1316235008996
 31
0.0
  0
LINE
  5
DAD
330
17
100
AcDbEntity
  8
VISIBLE
100
AcDbLine
 10
388.4956856325158
 20
256.1316235008996
 30
0.0
 11
388.4956890143242
 21
256.131625244343
 31
0.0
  0
LINE
  5
DAE
330
17
100
AcDbEntity
  8
VISIBLE
100
AcDbLine
 10
388.4956890143242
 20
256.131625244343
 30
0.0
 11
388.49569239613265
 21
256.1316235008996
 31
0.0
  0
LINE
  5
DAF
330
17
100
AcDbEntity
  8
VISIBLE
100
AcDbLine
 10
388.49569239613265
 20
256.1316235008996
 30
0.0
 11
392.0312195384486
 21
254.09038595355622
 31
0.0
  0
LINE
  5
DB0
330
17
100
AcDbEntity
  8
VISIBLE
100
AcDbLine
 10
392.0312195384486
 20
254.09038595355622
 30
0.0
 11
392.03122273921906
 21
254.090383896546
 31
0.0
  0
LINE
  5
DB1
330
17
100
AcDbEntity
  8
VISIBLE
100
AcDbLine
 10
392.03122273921906
 20
254.090383896546
 30
0.0
 11
392.03122292025694
 21
254.0903800960923
 31
0.0
  0
LINE
  5
DB2
330
17
100
AcDbEntity
  8
VISIBLE
100
AcDbLine
 10
392.03122292025694
 20
254.0903800960923
 30
0.0
 11
392.03122292025694
 21
248.3749118395502
 31
0.0
  0
LINE
  5
DB3
330
17
100
AcDbEntity
  8
VISIBLE
100
AcDbLine
 10
392.03122292025694
 20
248.3749118395502
 30
0.0
 11
392.03122273921906
 21
248.3749080390965
 31
0.0
  0
LINE
  5
DB4
330
17
100
AcDbEntity
  8
VISIBLE
100
AcDbLine
 10
392.03122273921906
 20
248.3749080390965
 30
0.0
 11
392.0312195384486
 21
248.37490598208626
 31
0.0
  0
LINE
  5
DB5
330
17
100
AcDbEntity
  8
VISIBLE
100
AcDbLine
 10
392.0312195384486
 20
248.37490598208626
 30
0.0
 11
382.4855274402719
 21
242.8636980796026
 31
0.0
  0
LINE
  5
DB6
330
17
100
AcDbEntity
  8
VISIBLE
100
AcDbLine
 10
382.4855274402719
 20
242.8636980796026
 30
0.0
 11
382.48551370262305
 21
242.8636892068883
 31
0.0
  0
LINE
  5
DB7
330
17
100
AcDbEntity
  8
VISIBLE
100
AcDbLine
 10
382.48551370262305
 20
242.8636892068883
 30
0.0
 11
382.48550091667676
 21
242.86367901043636
 31
0.0
  0
LINE
  5
DB8
330
17
100
AcDbEntity
  8
VISIBLE
100
AcDbLine
 10
382.48550091667676
 20
242.86367901043636
 30
0.0
 11
382.48548920950543
 21
242.86366759158375
 31
0.0
  0
LINE
  5
DB9
330
17
100
AcDbEntity
  8
VISIBLE
100
AcDbLine
 10
382.48548920950543
 20
242.86366759158375
 30
0.0
 11
382.4854786974603
 21
242.86365506381614
 31
0.0
  0
LINE
  5
DBA
330
17
100
AcDbEntity
  8
VISIBLE
100
AcDbLine
 10
382.4854786974603
 20
242.86365506381614
 30
0.0
 11
382.4854694850146
 21
242.86364155164014
 31
0.0
  0
LINE
  5
DBB
330
17
100
AcDbEntity
  8
VISIBLE
100
AcDbLine
 10
382.4854694850146
 20
242.86364155164014
 30
0.0
 11
382.485461663726
 21
242.86362718934578
 31
0.0
  0
LINE
  5
DBC
330
17
100
AcDbEntity
  8
VISIBLE
100
AcDbLine
 10
382.485461663726
 20
242.86362718934578
 30
0.0
 11
382.48545531132584
 21
242.86361211967204
 31
0.0
  0
LINE
  5
DBD
330
17
100
AcDbEntity
  8
VISIBLE
100
AcDbLine
 10
382.48545531132584
 20
242.86361211967204
 30
0.0
 11
382.48545049094713
 21
242.86359649238807
 31
0.0
  0
LINE
  5
DBE
330
17
100
AcDbEntity
  8
VISIBLE
100
AcDbLine
 10
382.48545049094713
 20
242.86359649238807
 30
0.0
 11
382.485447250497
 21
242.86358046280486
 31
0.0
  0
LINE
  5
DBF
330
17
100
AcDbEntity
  8
VISIBLE
100
AcDbLine
 10
382.485447250497
 20
242.86358046280486
 30
0.0
 11
382.4854456221804
 21
242.8635641902316
 31
0.0
  0
LINE
  5
DC0
330
17
100
AcDbEntity
  8
VISIBLE
100
AcDbLine
 10
382.4854456221804
 20
242.8635641902316
 30
0.0
 11
382.4854456221804
 21
242.86354783639248
 31
0.0
  0
LINE
  5
DC1
330
17
100
AcDbEntity
  8
VISIBLE
100
AcDbLine
 10
382.4854456221804
 20
242.86354783639248
 30
0.0
 11
382.485447250497
 21
242.86353156381924
 31
0.0
  0
LINE
  5
DC2
330
17
100
AcDbEntity
  8
VISIBLE
100
AcDbLine
 10
382.485447250497
 20
242.86353156381924
 30
0.0
 11
382.48545049094713
 21
242.86351553423603
 31
0.0
  0
LINE
  5
DC3
330
17
100
AcDbEntity
  8
VISIBLE
100
AcDbLine
 10
382.48545049094713
 20
242.86351553423603
 30
0.0
 11
382.48545531132584
 21
242.8634999069521
 31
0.0
  0
LINE
  5
DC4
330
17
100
AcDbEntity
  8
VISIBLE
100
AcDbLine
 10
382.48545531132584
 20
242.8634999069521
 30
0.0
 11
382.485461663726
 21
242.86348483727832
 31
0.0
  0
LINE
  5
DC5
330
17
100
AcDbEntity
  8
VISIBLE
100
AcDbLine
 10
382.485461663726
 20
242.86348483727832
 30
0.0
 11
382.4854694850146
 21
242.86347047498398
 31
0.0
  0
LINE
  5
DC6
330
17
100
AcDbEntity
  8
VISIBLE
100
AcDbLine
 10
382.4854694850146
 20
242.86347047498398
 30
0.0
 11
382.4854786974603
 21
242.86345696280796
 31
0.0
  0
LINE
  5
DC7
330
17
100
AcDbEntity
  8
VISIBLE
100
AcDbLine
 10
382.4854786974603
 20
242.86345696280796
 30
0.0
 11
382.48548920950543
 21
242.86344443504038
 31
0.0
  0
LINE
  5
DC8
330
17
100
AcDbEntity
  8
VISIBLE
100
AcDbLine
 10
382.48548920950543
 20
242.86344443504038
 30
0.0
 11
382.48550091667676
 21
242.86343301618774
 31
0.0
  0
LINE
  5
DC9
330
17
100
AcDbEntity
  8
VISIBLE
100
AcDbLine
 10
382.48550091667676
 20
242.86343301618774
 30
0.0
 11
382.48551370262305
 21
242.86342281973583
 31
0.0
  0
LINE
  5
DCA
330
17
100
AcDbEntity
  8
VISIBLE
100
AcDbLine
 10
382.48551370262305
 20
242.86342281973583
 30
0.0
 11
382.4855274402719
 21
242.86341394702148
 31
0.0
  0
LINE
  5
DCB
330
17
100
AcDbEntity
  8
VISIBLE
100
AcDbLine
 10
382.4855274402719
 20
242.86341394702148
 30
0.0
 11
392.0312195384485
 21
237.35220604453792
 31
0.0
  0
LINE
  5
DCC
330
17
100
AcDbEntity
  8
VISIBLE
100
AcDbLine
 10
392.0312195384485
 20
237.35220604453792
 30
0.0
 11
392.03122273921906
 21
237.35220398752762
 31
0.0
  0
LINE
  5
DCD
330
17
100
AcDbEntity
  8
VISIBLE
100
AcDbLine
 10
392.03122273921906
 20
237.35220398752762
 30
0.0
 11
392.03122292025694
 21
237.3522001870739
 31
0.0
  0
LINE
  5
DCE
330
17
100
AcDbEntity
  8
VISIBLE
100
AcDbLine
 10
392.03122292025694
 20
237.3522001870739
 30
0.0
 11
392.03122292025694
 21
231.63673193053182
 31
0.0
  0
LINE
  5
DCF
330
17
100
AcDbEntity
  8
VISIBLE
100
AcDbLine
 10
392.03122292025694
 20
231.63673193053182
 30
0.0
 11
392.03122273921906
 21
231.6367281300781
 31
0.0
  0
LINE
  5
DD0
330
17
100
AcDbEntity
  8
VISIBLE
100
AcDbLine
 10
392.03122273921906
 20
231.6367281300781
 30
0.0
 11
392.0312195384485
 21
231.6367260730678
 31
0.0
  0
LINE
  5
DD1
330
17
100
AcDbEntity
  8
VISIBLE
100
AcDbLine
 10
392.0312195384485
 20
231.6367260730678
 30
0.0
 11
388.49569239613265
 21
229.5954885257245
 31
0.0
  0
LINE
  5
DD2
330
17
100
AcDbEntity
  8
VISIBLE
100
AcDbLine
 10
388.49569239613265
 20
229.5954885257245
 30
0.0
 11
388.4956890143242
 21
229.59548678228109
 31
0.0
  0
LINE
  5
DD3
330
17
100
AcDbEntity
  8
VISIBLE
100
AcDbLine
 10
388.4956890143242
 20
229.59548678228109
 30
0.0
 11
388.4956856325158
 21
229.5954885257245
 31
0.0
  0
LINE
  5
DD4
330
17
100
AcDbEntity
  8
VISIBLE
100
AcDbLine
 10
388.4956856325158
 20
229.5954885257245
 30
0.0
 11
378.0002459975762
 21
235.65503342422033
 31
0.0
  0
LINE
  5
DD5
330
17
100
AcDbEntity
  8
VISIBLE
100
AcDbLine
 10
378.0002459975762
 20
235.65503342422033
 30
0.0
 11
378.0002314447558
 21
235.65504088501606
 31
0.0
  0
LINE
  5
DD6
330
17
100
AcDbEntity
  8
VISIBLE
100
AcDbLine
 10
378.0002314447558
 20
235.65504088501606
 30
0.0
 11
378.0002162213962
 21
235.6550468597444
 31
0.0
  0
LINE
  5
DD7
330
17
100
AcDbEntity
  8
VISIBLE
100
AcDbLine
 10
378.0002162213962
 20
235.6550468597444
 30
0.0
 11
378.00020047879417
 21
235.65505128902586
 31
0.0
  0
LINE
  5
DD8
330
17
100
AcDbEntity
  8
VISIBLE
100
AcDbLine
 10
378.00020047879417
 20
235.65505128902586
 30
0.0
 11
378.00018437340657
 21
235.65505412884022
 31
0.0
  0
LINE
  5
DD9
330
17
100
AcDbEntity
  8
VISIBLE
100
AcDbLine
 10
378.00018437340657
 20
235.65505412884022
 30
0.0
 11
378.00016806529607
 21
235.65505535096415
 31
0.0
  0
LINE
  5
DDA
330
17
100
AcDbEntity
  8
VISIBLE
100
AcDbLine
 10
378.00016806529607
 20
235.65505535096415
 30
0.0
 11
378.00015171653996
 21
235.65505494325163
 31
0.0
  0
LINE
  5
DDB
330
17
100
AcDbEntity
  8
VISIBLE
100
AcDbLine
 10
378.00015171653996
 20
235.65505494325163
 30
0.0
 11
378.0001354896196
 21
235.6550529097547
 31
0.0
  0
LINE
  5
DDC
330
17
100
AcDbEntity
  8
VISIBLE
100
AcDbLine
 10
378.0001354896196
 20
235.6550529097547
 30
0.0
 11
378.0001195458053
 21
235.65504927068312
 31
0.0
  0
LINE
  5
DDD
330
17
100
AcDbEntity
  8
VISIBLE
100
AcDbLine
 10
378.0001195458053
 20
235.65504927068312
 30
0.0
 11
378.000104043554
 21
235.65504406220367
 31
0.0
  0
LINE
  5
DDE
330
17
100
AcDbEntity
  8
VISIBLE
100
AcDbLine
 10
378.000104043554
 20
235.65504406220367
 30
0.0
 11
378.0000891369339
 21
235.65503733608054
 31
0.0
  0
LINE
  5
DDF
330
17
100
AcDbEntity
  8
VISIBLE
100
AcDbLine
 10
378.0000891369339
 20
235.65503733608054
 30
0.0
 11
378.00007497409376
 21
235.65502915916096
 31
0.0
  0
LINE
  5
DE0
330
17
100
AcDbEntity
  8
VISIBLE
100
AcDbLine
 10
378.00007497409376
 20
235.65502915916096
 30
0.0
 11
378.00006169579024
 21
235.65501961271084
 31
0.0
  0
LINE
  5
DE1
330
17
100
AcDbEntity
  8
VISIBLE
100
AcDbLine
 10
378.00006169579024
 20
235.65501961271084
 30
0.0
 11
378.00004943398903
 21
235.6550087916071
 31
0.0
  0
LINE
  5
DE2
330
17
100
AcDbEntity
  8
VISIBLE
100
AcDbLine
 10
378.00004943398903
 20
235.6550087916071
 30
0.0
 11
378.00003831055346
 21
235.65499680339468
 31
0.0
  0
LINE
  5
DE3
330
17
100
AcDbEntity
  8
VISIBLE
100
AcDbLine
 10
378.00003831055346
 20
235.65499680339468
 30
0.0
 11
378.0000284360333
 21
235.65498376721789
 31
0.0
  0
LINE
  5
DE4
330
17
100
AcDbEntity
  8
VISIBLE
100
AcDbLine
 10
378.0000284360333
 20
235.65498376721789
 30
0.0
 11
378.00001990856583
 21
235.65496981263607
 31
0.0
  0
LINE
  5
DE5
330
17
100
AcDbEntity
  8
VISIBLE
100
AcDbLine
 10
378.00001990856583
 20
235.65496981263607
 30
0.0
 11
378.00001281290093
 21
235.65495507833612
 31
0.0
  0
LINE
  5
DE6
330
17
100
AcDbEntity
  8
VISIBLE
100
AcDbLine
 10
378.00001281290093
 20
235.65495507833612
 30
0.0
 11
378.00000721955854
 21
235.65493971075415
 31
0.0
  0
LINE
  5
DE7
330
17
100
AcDbEntity
  8
VISIBLE
100
AcDbLine
 10
378.00000721955854
 20
235.65493971075415
 30
0.0
 11
378.00000318412776
 21
235.6549238626201
 31
0.0
  0
LINE
  5
DE8
330
17
100
AcDbEntity
  8
VISIBLE
100
AcDbLine
 10
378.00000318412776
 20
235.6549238626201
 30
0.0
 11
378.00000074671453
 21
235.65490769143983
 31
0.0
  0
LINE
  5
DE9
330
17
100
AcDbEntity
  8
VISIBLE
100
AcDbLine
 10
378.00000074671453
 20
235.65490769143983
 30
0.0
 11
377.9999999315429
 21
235.65489135792978
 31
0.0
  0
LINE
  5
DEA
330
17
100
AcDbEntity
  8
VISIBLE
100
AcDbLine
 10
377.9999999315429
 20
235.65489135792978
 30
0.0
 11
377.9999999315429
 21
199.0768153110771
 31
0.0
  0
LINE
  5
DEB
330
17
100
AcDbEntity
  8
VISIBLE
100
AcDbLine
 10
377.9999999315429
 20
199.0768153110771
 30
0.0
 11
378.0000008984848
 21
199.07679752605227
 31
0.0
  0
LINE
  5
DEC
330
17
100
AcDbEntity
  8
VISIBLE
100
AcDbLine
 10
378.0000008984848
 20
199.07679752605227
 30
0.0
 11
378.0000037879115
 21
199.07677995069173
 31
0.0
  0
LINE
  5
DED
330
17
100
AcDbEntity
  8
VISIBLE
100
AcDbLine
 10
378.0000037879115
 20
199.07677995069173
 30
0.0
 11
378.00000856576
 21
199.07676279218808
 31
0.0
  0
LINE
  5
DEE
330
17
100
AcDbEntity
  8
VISIBLE
100
AcDbLine
 10
378.00000856576
 20
199.07676279218808
 30
0.0
 11
378.00001517570524
 21
199.07674625281965
 31
0.0
  0
LINE
  5
DEF
330
17
100
AcDbEntity
  8
VISIBLE
100
AcDbLine
 10
378.00001517570524
 20
199.07674625281965
 30
0.0
 11
378.4614183813868
 21
198.08256054803414
 31
0.0
  0
LINE
  5
DF0
330
17
100
AcDbEntity
  8
VISIBLE
100
AcDbLine
 10
378.4614183813868
 20
198.08256054803414
 30
0.0
 11
378.4614200178943
 21
198.08255645317413
 31
0.0
  0
LINE
  5
DF1
330
17
100
AcDbEntity
  8
VISIBLE
100
AcDbLine
 10
378.4614200178943
 20
198.08255645317413
 30
0.0
 11
378.4614202572923
 21
198.08255204991127
 31
0.0
  0
LINE
  5
DF2
330
17
100
AcDbEntity
  8
VISIBLE
100
AcDbLine
 10
378.4614202572923
 20
198.08255204991127
 30
0.0
 11
378.4614202572923
 21
183.38562195429657
 31
0.0
  0
LINE
  5
DF3
330
17
100
AcDbEntity
  8
VISIBLE
100
AcDbLine
 10
378.4614202572923
 20
183.38562195429657
 30
0.0
 11
378.4614200762544
 21
183.38561815384293
 31
0.0
  0
LINE
  5
DF4
330
17
100
AcDbEntity
  8
VISIBLE
100
AcDbLine
 10
378.4614200762544
 20
183.38561815384293
 30
0.0
 11
378.46141687548396
 21
183.38561609683265
 31
0.0
  0
LINE
  5
DF5
330
17
100
AcDbEntity
  8
VISIBLE
100
AcDbLine
 10
378.46141687548396
 20
183.38561609683265
 30
0.0
 11
375.1954374282491
 21
181.5000019838038
 31
0.0
  0
LINE
  5
DF6
330
17
100
AcDbEntity
  8
VISIBLE
100
AcDbLine
 10
375.1954374282491
 20
181.5000019838038
 30
0.0
 11
375.1954339553664
 21
181.50000019676182
 31
0.0
  0
LINE
  5
DF7
330
17
100
AcDbEntity
  8
VISIBLE
100
AcDbLine
 10
375.1954339553664
 20
181.50000019676182
 30
0.0
 11
375.19543007123383
 21
181.5000006065756
 31
0.0
  0
LINE
  5
DF8
330
17
100
AcDbEntity
  8
VISIBLE
100
AcDbLine
 10
375.19543007123383
 20
181.5000006065756
 30
0.0
 11
370.73401771886415
 21
182.19018352087494
 31
0.0
  0
LINE
  5
DF9
330
17
100
AcDbEntity
  8
VISIBLE
100
AcDbLine
 10
370.73401771886415
 20
182.19018352087494
 30
0.0
 11
370.73401386660913
 21
182.19018431229316
 31
0.0
  0
LINE
  5
DFA
330
17
100
AcDbEntity
  8
VISIBLE
100
AcDbLine
 10
370.73401386660913
 20
182.19018431229316
 30
0.0
 11
370.7340120378157
 21
182.19018779392016
 31
0.0
  0
LINE
  5
DFB
330
17
100
AcDbEntity
  8
VISIBLE
100
AcDbLine
 10
370.7340120378157
 20
182.19018779392016
 30
0.0
 11
369.5385816186132
 21
184.76598228169647
 31
0.0
  0
LINE
  5
DFC
330
17
100
AcDbEntity
  8
VISIBLE
100
AcDbLine
 10
369.5385816186132
 20
184.76598228169647
 30
0.0
 11
369.5385799821057
 21
184.76598637655647
 31
0.0
  0
LINE
  5
DFD
330
17
100
AcDbEntity
  8
VISIBLE
100
AcDbLine
 10
369.5385799821057
 20
184.76598637655647
 30
0.0
 11
369.5385797427077
 21
184.76599077981933
 31
0.0
  0
LINE
  5
DFE
330
17
100
AcDbEntity
  8
VISIBLE
100
AcDbLine
 10
369.5385797427077
 20
184.76599077981933
 30
0.0
 11
369.5385797427077
 21
199.46292087543404
 31
0.0
  0
LINE
  5
DFF
330
17
100
AcDbEntity
  8
VISIBLE
100
AcDbLine
 10
369.5385797427077
 20
199.46292087543404
 30
0.0
 11
369.5385799237456
 21
199.4629246758877
 31
0.0
  0
LINE
  5
E00
330
17
100
AcDbEntity
  8
VISIBLE
100
AcDbLine
 10
369.5385799237456
 20
199.4629246758877
 30
0.0
 11
369.53858312451604
 21
199.46292673289796
 31
0.0
  0
LINE
  5
E01
330
17
100
AcDbEntity
  8
VISIBLE
100
AcDbLine
 10
369.53858312451604
 20
199.46292673289796
 30
0.0
 11
369.999918046446
 21
199.72927857426077
 31
0.0
  0
LINE
  5
E02
330
17
100
AcDbEntity
  8
VISIBLE
100
AcDbLine
 10
369.999918046446
 20
199.72927857426077
 30
0.0
 11
369.9999311793034
 21
199.72928701423578
 31
0.0
  0
LINE
  5
E03
330
17
100
AcDbEntity
  8
VISIBLE
100
AcDbLine
 10
369.9999311793034
 20
199.72928701423578
 30
0.0
 11
369.99994345042364
 21
199.72929666435138
 31
0.0
  0
LINE
  5
E04
330
17
100
AcDbEntity
  8
VISIBLE
100
AcDbLine
 10
369.99994345042364
 20
199.72929666435138
 30
0.0
 11
369.9999547486775
 21
199.72930743721466
 31
0.0
  0
LINE
  5
E05
330
17
100
AcDbEntity
  8
VISIBLE
100
AcDbLine
 10
369.9999547486775
 20
199.72930743721466
 30
0.0
 11
369.9999649717462
 21
199.72931923526488
 31
0.0
  0
LINE
  5
E06
330
17
100
AcDbEntity
  8
VISIBLE
100
AcDbLine
 10
369.9999649717462
 20
199.72931923526488
 30
0.0
 11
369.9999740270481
 21
199.7293319516571
 31
0.0
  0
LINE
  5
E07
330
17
100
AcDbEntity
  8
VISIBLE
100
AcDbLine
 10
369.9999740270481
 20
199.7293319516571
 30
0.0
 11
369.99998183257696
 21
199.72934547122964
 31
0.0
  0
LINE
  5
E08
330
17
100
AcDbEntity
  8
VISIBLE
100
AcDbLine
 10
369.99998183257696
 20
199.72934547122964
 30
0.0
 11
369.9999883176447
 21
199.7293596715472
 31
0.0
  0
LINE
  5
E09
330
17
100
AcDbEntity
  8
VISIBLE
100
AcDbLine
 10
369.9999883176447
 20
199.7293596715472
 30
0.0
 11
369.9999934235216
 21
199.72937442400954
 31
0.0
  0
LINE
  5
E0A
330
17
100
AcDbEntity
  8
VISIBLE
100
AcDbLine
 10
369.9999934235216
 20
199.72937442400954
 30
0.0
 11
369.99999710396787
 21
199.72938959501602
 31
0.0
  0
LINE
  5
E0B
330
17
100
AcDbEntity
  8
VISIBLE
100
AcDbLine
 10
369.99999710396787
 20
199.72938959501602
 30
0.0
 11
369.99999932565305
 21
199.72940504717565
 31
0.0
  0
LINE
  5
E0C
330
17
100
AcDbEntity
  8
VISIBLE
100
AcDbLine
 10
369.99999932565305
 20
199.72940504717565
 30
0.0
 11
370.0000000684571
 21
199.72942064055133
 31
0.0
  0
LINE
  5
E0D
330
17
100
AcDbEntity
  8
VISIBLE
100
AcDbLine
 10
370.0000000684571
 20
199.72942064055133
 30
0.0
 11
370.0000000684571
 21
235.65489135792978
 31
0.0
  0
LINE
  5
E0E
330
17
100
AcDbEntity
  8
VISIBLE
100
AcDbLine
 10
370.0000000684571
 20
235.65489135792978
 30
0.0
 11
369.99999925328547
 21
235.65490769143983
 31
0.0
  0
LINE
  5
E0F
330
17
100
AcDbEntity
  8
VISIBLE
100
AcDbLine
 10
369.99999925328547
 20
235.65490769143983
 30
0.0
 11
369.99999681587224
 21
235.6549238626201
 31
0.0
  0
LINE
  5
E10
330
17
100
AcDbEntity
  8
VISIBLE
100
AcDbLine
 10
369.99999681587224
 20
235.6549238626201
 30
0.0
 11
369.99999278044146
 21
235.65493971075415
 31
0.0
  0
LINE
  5
E11
330
17
100
AcDbEntity
  8
VISIBLE
100
AcDbLine
 10
369.99999278044146
 20
235.65493971075415
 30
0.0
 11
369.99998718709907
 21
235.65495507833612
 31
0.0
  0
LINE
  5
E12
330
17
100
AcDbEntity
  8
VISIBLE
100
AcDbLine
 10
369.99998718709907
 20
235.65495507833612
 30
0.0
 11
369.99998009143417
 21
235.65496981263607
 31
0.0
  0
LINE
  5
E13
330
17
100
AcDbEntity
  8
VISIBLE
100
AcDbLine
 10
369.99998009143417
 20
235.65496981263607
 30
0.0
 11
369.9999715639667
 21
235.65498376721789
 31
0.0
  0
LINE
  5
E14
330
17
100
AcDbEntity
  8
VISIBLE
100
AcDbLine
 10
369.9999715639667
 20
235.65498376721789
 30
0.0
 11
369.99996168944654
 21
235.65499680339468
 31
0.0
  0
LINE
  5
E15
330
17
100
AcDbEntity
  8
VISIBLE
100
AcDbLine
 10
369.99996168944654
 20
235.65499680339468
 30
0.0
 11
369.99995056601097
 21
235.6550087916071
 31
0.0
  0
LINE
  5
E16
330
17
100
AcDbEntity
  8
VISIBLE
100
AcDbLine
 10
369.99995056601097
 20
235.6550087916071
 30
0.0
 11
369.99993830420976
 21
235.65501961271084
 31
0.0
  0
LINE
  5
E17
330
17
100
AcDbEntity
  8
VISIBLE
100
AcDbLine
 10
369.99993830420976
 20
235.65501961271084
 30
0.0
 11
369.99992502590624
 21
235.65502915916096
 31
0.0
  0
LINE
  5
E18
330
17
100
AcDbEntity
  8
VISIBLE
100
AcDbLine
 10
369.99992502590624
 20
235.65502915916096
 30
0.0
 11
369.9999108630661
 21
235.65503733608054
 31
0.0
  0
LINE
  5
E19
330
17
100
AcDbEntity
  8
VISIBLE
100
AcDbLine
 10
369.9999108630661
 20
235.65503733608054
 30
0.0
 11
369.999895956446
 21
235.65504406220367
 31
0.0
  0
LINE
  5
E1A
330
17
100
AcDbEntity
  8
VISIBLE
100
AcDbLine
 10
369.999895956446
 20
235.65504406220367
 30
0.0
 11
369.9998804541947
 21
235.65504927068312
 31
0.0
  0
LINE
  5
E1B
330
17
100
AcDbEntity
  8
VISIBLE
100
AcDbLine
 10
369.9998804541947
 20
235.65504927068312
 30
0.0
 11
369.9998645103804
 21
235.6550529097547
 31
0.0
  0
LINE
  5
E1C
330
17
100
AcDbEntity
  8
VISIBLE
100
AcDbLine
 10
369.9998645103804
 20
235.6550529097547
 30
0.0
 11
369.99984828346004
 21
235.65505494325163
 31
0.0
  0
LINE
  5
E1D
330
17
100
AcDbEntity
  8
VISIBLE
100
AcDbLine
 10
369.99984828346004
 20
235.65505494325163
 30
0.0
 11
369.99983193470393
 21
235.65505535096415
 31
0.0
  0
LINE
  5
E1E
330
17
100
AcDbEntity
  8
VISIBLE
100
AcDbLine
 10
369.99983193470393
 20
235.65505535096415
 30
0.0
 11
369.99981562659343
 21
235.65505412884022
 31
0.0
  0
LINE
  5
E1F
330
17
100
AcDbEntity
  8
VISIBLE
100
AcDbLine
 10
369.99981562659343
 20
235.65505412884022
 30
0.0
 11
369.99979952120583
 21
235.65505128902586
 31
0.0
  0
LINE
  5
E20
330
17
100
AcDbEntity
  8
VISIBLE
100
AcDbLine
 10
369.99979952120583
 20
235.65505128902586
 30
0.0
 11
369.9997837786038
 21
235.6550468597444
 31
0.0
  0
LINE
  5
E21
330
17
100
AcDbEntity
  8
VISIBLE
100
AcDbLine
 10
369.9997837786038
 20
235.6550468597444
 30
0.0
 11
369.9997685552442
 21
235.65504088501606
 31
0.0
  0
LINE
  5
E22
330
17
100
AcDbEntity
  8
VISIBLE
100
AcDbLine
 10
369.9997685552442
 20
235.65504088501606
 30
0.0
 11
369.9997540024238
 21
235.65503342422033
 31
0.0
  0
LINE
  5
E23
330
17
100
AcDbEntity
  8
VISIBLE
100
AcDbLine
 10
369.9997540024238
 20
235.65503342422033
 30
0.0
 11
359.5043143674842
 21
229.5954885257245
 31
0.0
  0
LINE
  5
E24
330
17
100
AcDbEntity
  8
VISIBLE
100
AcDbLine
 10
359.5043143674842
 20
229.5954885257245
 30
0.0
 11
359.5043109856758
 21
229.59548678228109
 31
0.0
  0
LINE
  5
E25
330
17
100
AcDbEntity
  8
VISIBLE
100
AcDbLine
 10
359.5043109856758
 20
229.59548678228109
 30
0.0
 11
359.50430760386735
 21
229.5954885257245
 31
0.0
  0
LINE
  5
E26
330
17
100
AcDbEntity
  8
VISIBLE
100
AcDbLine
 10
359.50430760386735
 20
229.5954885257245
 30
0.0
 11
355.9687804615515
 21
231.6367260730678
 31
0.0
  0
LINE
  5
E27
330
17
100
AcDbEntity
  8
VISIBLE
100
AcDbLine
 10
355.9687804615515
 20
231.6367260730678
 30
0.0
 11
355.96877726078094
 21
231.6367281300781
 31
0.0
  0
LINE
  5
E28
330
17
100
AcDbEntity
  8
OCULTA
100
AcDbLine
 10
359.5043109856758
 20
296.95645449977394
 30
0.0
 11
359.5043109856758
 21
291.24097843327985
 31
0.0
  0
LINE
  5
E29
330
17
100
AcDbEntity
  8
OCULTA
100
AcDbLine
 10
388.4956890143242
 20
296.95645449977394
 30
0.0
 11
388.4956890143242
 21
291.24097843327985
 31
0.0
  0
LINE
  5
E2A
330
17
100
AcDbEntity
  8
OCULTA
100
AcDbLine
 10
373.21963879294105
 20
283.09567360075397
 30
0.0
 11
373.4778952930655
 21
283.12029082363114
 31
0.0
  0
LINE
  5
E2B
330
17
100
AcDbEntity
  8
OCULTA
100
AcDbLine
 10
359.5043109856758
 20
291.24097843327985
 30
0.0
 11
373.56151834943375
 21
283.1250459777598
 31
0.0
  0
LINE
  5
E2C
330
17
100
AcDbEntity
  8
OCULTA
100
AcDbLine
 10
373.56151834943375
 20
288.8405220442538
 30
0.0
 11
373.56151834943375
 21
283.1250459777598
 31
0.0
  0
LINE
  5
E2D
330
17
100
AcDbEntity
  8
OCULTA
100
AcDbLine
 10
373.4778952930655
 20
283.12029082363114
 30
0.0
 11
373.56151834943375
 21
283.1250459777598
 31
0.0
  0
LINE
  5
E2E
330
17
100
AcDbEntity
  8
OCULTA
100
AcDbLine
 10
373.21963879294105
 20
283.09567360075397
 30
0.0
 11
372.9647238635539
 21
283.0613571443695
 31
0.0
  0
LINE
  5
E2F
330
17
100
AcDbEntity
  8
OCULTA
100
AcDbLine
 10
372.469266333003
 20
282.9642553572394
 30
0.0
 11
372.7142421082806
 21
283.0174885261176
 31
0.0
  0
LINE
  5
E30
330
17
100
AcDbEntity
  8
OCULTA
100
AcDbLine
 10
372.9647238635539
 20
283.0613571443695
 30
0.0
 11
372.7142421082806
 21
283.0174885261176
 31
0.0
  0
LINE
  5
E31
330
17
100
AcDbEntity
  8
OCULTA
100
AcDbLine
 10
372.469266333003
 20
282.9642553572394
 30
0.0
 11
372.2308453198996
 21
282.9018858859119
 31
0.0
  0
LINE
  5
E32
330
17
100
AcDbEntity
  8
OCULTA
100
AcDbLine
 10
372.2308453198996
 20
282.9018858859119
 30
0.0
 11
372.00000003422855
 21
282.83064700190084
 31
0.0
  0
LINE
  5
E33
330
17
100
AcDbEntity
  8
OCULTA
100
AcDbLine
 10
372.00000003422855
 20
282.83064700190084
 30
0.0
 11
371.7777191567623
 21
282.7508437985583
 31
0.0
  0
LINE
  5
E34
330
17
100
AcDbEntity
  8
OCULTA
100
AcDbLine
 10
371.7777191567623
 20
282.7508437985583
 30
0.0
 11
371.5649541947529
 21
282.6628181128126
 31
0.0
  0
LINE
  5
E35
330
17
100
AcDbEntity
  8
OCULTA
100
AcDbLine
 10
371.5649541947529
 20
282.6628181128126
 30
0.0
 11
371.3626166791664
 21
282.5669467123232
 31
0.0
  0
LINE
  5
E36
330
17
100
AcDbEntity
  8
OCULTA
100
AcDbLine
 10
374.78036120705895
 20
283.09567360075397
 30
0.0
 11
374.5221047069345
 21
283.12029082363114
 31
0.0
  0
LINE
  5
E37
330
17
100
AcDbEntity
  8
OCULTA
100
AcDbLine
 10
388.4956890143242
 20
291.24097843327985
 30
0.0
 11
374.43848165056625
 21
283.1250459777598
 31
0.0
  0
LINE
  5
E38
330
17
100
AcDbEntity
  8
OCULTA
100
AcDbLine
 10
374.43848165056625
 20
288.8405220442538
 30
0.0
 11
374.43848165056625
 21
283.1250459777598
 31
0.0
  0
LINE
  5
E39
330
17
100
AcDbEntity
  8
OCULTA
100
AcDbLine
 10
374.5221047069345
 20
283.12029082363114
 30
0.0
 11
374.43848165056625
 21
283.1250459777598
 31
0.0
  0
LINE
  5
E3A
330
17
100
AcDbEntity
  8
OCULTA
100
AcDbLine
 10
374.78036120705895
 20
283.09567360075397
 30
0.0
 11
375.0352761364461
 21
283.0613571443695
 31
0.0
  0
LINE
  5
E3B
330
17
100
AcDbEntity
  8
OCULTA
100
AcDbLine
 10
375.530733666997
 20
282.9642553572394
 30
0.0
 11
375.2857578917194
 21
283.0174885261176
 31
0.0
  0
LINE
  5
E3C
330
17
100
AcDbEntity
  8
OCULTA
100
AcDbLine
 10
375.0352761364461
 20
283.0613571443695
 30
0.0
 11
375.2857578917194
 21
283.0174885261176
 31
0.0
  0
LINE
  5
E3D
330
17
100
AcDbEntity
  8
OCULTA
100
AcDbLine
 10
375.530733666997
 20
282.9642553572394
 30
0.0
 11
375.7691546801004
 21
282.9018858859119
 31
0.0
  0
LINE
  5
E3E
330
17
100
AcDbEntity
  8
OCULTA
100
AcDbLine
 10
375.7691546801004
 20
282.9018858859119
 30
0.0
 11
375.99999996577145
 21
282.83064700190084
 31
0.0
  0
LINE
  5
E3F
330
17
100
AcDbEntity
  8
OCULTA
100
AcDbLine
 10
375.99999996577145
 20
282.83064700190084
 30
0.0
 11
376.2222808432377
 21
282.7508437985583
 31
0.0
  0
LINE
  5
E40
330
17
100
AcDbEntity
  8
OCULTA
100
AcDbLine
 10
376.2222808432377
 20
282.7508437985583
 30
0.0
 11
376.4350458052471
 21
282.6628181128126
 31
0.0
  0
LINE
  5
E41
330
17
100
AcDbEntity
  8
OCULTA
100
AcDbLine
 10
376.4350458052471
 20
282.6628181128126
 30
0.0
 11
376.6373833208336
 21
282.5669467123232
 31
0.0
  0
LINE
  5
E42
330
17
100
AcDbEntity
  8
OCULTA
100
AcDbLine
 10
359.5043109856758
 20
291.24097843327985
 30
0.0
 11
355.96877707974306
 21
289.1997369809605
 31
0.0
  0
LINE
  5
E43
330
17
100
AcDbEntity
  8
OCULTA
100
AcDbLine
 10
371.3626166791664
 20
282.5669467123232
 30
0.0
 11
371.1715728752538
 21
282.4636401883068
 31
0.0
  0
LINE
  5
E44
330
17
100
AcDbEntity
  8
OCULTA
100
AcDbLine
 10
371.1715728752538
 20
282.4636401883068
 30
0.0
 11
370.992640726904
 21
282.3533409966908
 31
0.0
  0
LINE
  5
E45
330
17
100
AcDbEntity
  8
OCULTA
100
AcDbLine
 10
370.992640726904
 20
282.3533409966908
 30
0.0
 11
370.8265865902637
 21
282.2365213775998
 31
0.0
  0
LINE
  5
E46
330
17
100
AcDbEntity
  8
OCULTA
100
AcDbLine
 10
370.8265865902637
 20
282.2365213775998
 30
0.0
 11
370.67412163018093
 21
282.1136814695095
 31
0.0
  0
LINE
  5
E47
330
17
100
AcDbEntity
  8
OCULTA
100
AcDbLine
 10
370.67412163018093
 20
282.1136814695095
 30
0.0
 11
370.53589842738484
 21
281.98534754506875
 31
0.0
  0
LINE
  5
E48
330
17
100
AcDbEntity
  8
OCULTA
100
AcDbLine
 10
370.53589842738484
 20
281.98534754506875
 30
0.0
 11
370.4125090608033
 21
281.85206895724536
 31
0.0
  0
LINE
  5
E49
330
17
100
AcDbEntity
  8
OCULTA
100
AcDbLine
 10
370.4125090608033
 20
281.85206895724536
 30
0.0
 11
370.30448196762285
 21
281.71441652114964
 31
0.0
  0
LINE
  5
E4A
330
17
100
AcDbEntity
  8
OCULTA
100
AcDbLine
 10
370.30448196762285
 20
281.71441652114964
 30
0.0
 11
370.21227941447796
 21
281.5729796913482
 31
0.0
  0
LINE
  5
E4B
330
17
100
AcDbEntity
  8
OCULTA
100
AcDbLine
 10
370.21227941447796
 20
281.5729796913482
 30
0.0
 11
370.13629673880774
 21
281.42836398251404
 31
0.0
  0
LINE
  5
E4C
330
17
100
AcDbEntity
  8
OCULTA
100
AcDbLine
 10
370.13629673880774
 20
281.42836398251404
 30
0.0
 11
370.07685889281413
 21
281.281188779412
 31
0.0
  0
LINE
  5
E4D
330
17
100
AcDbEntity
  8
OCULTA
100
AcDbLine
 10
370.07685889281413
 20
281.281188779412
 30
0.0
 11
370.03422061204964
 21
281.13208431954513
 31
0.0
  0
LINE
  5
E4E
330
17
100
AcDbEntity
  8
OCULTA
100
AcDbLine
 10
370.03422061204964
 20
281.13208431954513
 30
0.0
 11
370.02598444350105
 21
281.0838045254404
 31
0.0
  0
LINE
  5
E4F
330
17
100
AcDbEntity
  8
OCULTA
100
AcDbLine
 10
370.02598444350105
 20
280.5774895274622
 30
0.0
 11
355.96877707974306
 21
272.46155707194214
 31
0.0
  0
LINE
  5
E50
330
17
100
AcDbEntity
  8
OCULTA
100
AcDbLine
 10
388.4956890143242
 20
291.24097843327985
 30
0.0
 11
392.03122292025694
 21
289.1997369809605
 31
0.0
  0
LINE
  5
E51
330
17
100
AcDbEntity
  8
OCULTA
100
AcDbLine
 10
376.6373833208336
 20
282.5669467123232
 30
0.0
 11
376.8284271247462
 21
282.4636401883068
 31
0.0
  0
LINE
  5
E52
330
17
100
AcDbEntity
  8
OCULTA
100
AcDbLine
 10
376.8284271247462
 20
282.4636401883068
 30
0.0
 11
377.007359273096
 21
282.3533409966908
 31
0.0
  0
LINE
  5
E53
330
17
100
AcDbEntity
  8
OCULTA
100
AcDbLine
 10
377.007359273096
 20
282.3533409966908
 30
0.0
 11
377.1734134097363
 21
282.2365213775998
 31
0.0
  0
LINE
  5
E54
330
17
100
AcDbEntity
  8
OCULTA
100
AcDbLine
 10
377.1734134097363
 20
282.2365213775998
 30
0.0
 11
377.32587836981907
 21
282.1136814695095
 31
0.0
  0
LINE
  5
E55
330
17
100
AcDbEntity
  8
OCULTA
100
AcDbLine
 10
377.32587836981907
 20
282.1136814695095
 30
0.0
 11
377.46410157261516
 21
281.98534754506875
 31
0.0
  0
LINE
  5
E56
330
17
100
AcDbEntity
  8
OCULTA
100
AcDbLine
 10
377.46410157261516
 20
281.98534754506875
 30
0.0
 11
377.5874909391967
 21
281.85206895724536
 31
0.0
  0
LINE
  5
E57
330
17
100
AcDbEntity
  8
OCULTA
100
AcDbLine
 10
377.5874909391967
 20
281.85206895724536
 30
0.0
 11
377.69551803237715
 21
281.71441652114964
 31
0.0
  0
LINE
  5
E58
330
17
100
AcDbEntity
  8
OCULTA
100
AcDbLine
 10
377.69551803237715
 20
281.71441652114964
 30
0.0
 11
377.78772058552204
 21
281.5729796913482
 31
0.0
  0
LINE
  5
E59
330
17
100
AcDbEntity
  8
OCULTA
100
AcDbLine
 10
377.78772058552204
 20
281.5729796913482
 30
0.0
 11
377.86370326119226
 21
281.42836398251404
 31
0.0
  0
LINE
  5
E5A
330
17
100
AcDbEntity
  8
OCULTA
100
AcDbLine
 10
377.86370326119226
 20
281.42836398251404
 30
0.0
 11
377.92314110718587
 21
281.281188779412
 31
0.0
  0
LINE
  5
E5B
330
17
100
AcDbEntity
  8
OCULTA
100
AcDbLine
 10
377.92314110718587
 20
281.281188779412
 30
0.0
 11
377.96577938795036
 21
281.13208431954513
 31
0.0
  0
LINE
  5
E5C
330
17
100
AcDbEntity
  8
OCULTA
100
AcDbLine
 10
377.96577938795036
 20
281.13208431954513
 30
0.0
 11
377.97401555649895
 21
281.0838045254404
 31
0.0
  0
LINE
  5
E5D
330
17
100
AcDbEntity
  8
OCULTA
100
AcDbLine
 10
377.97401555649895
 20
280.5774895274622
 30
0.0
 11
392.03122292025694
 21
272.46155707194214
 31
0.0
  0
LINE
  5
E5E
330
17
100
AcDbEntity
  8
OCULTA
100
AcDbLine
 10
359.5043109856758
 20
256.1316254533876
 30
0.0
 11
359.5043109856758
 21
250.41614938689352
 31
0.0
  0
LINE
  5
E5F
330
17
100
AcDbEntity
  8
OCULTA
100
AcDbLine
 10
388.4956890143242
 20
256.1316254533876
 30
0.0
 11
388.4956890143242
 21
250.41614938689352
 31
0.0
  0
LINE
  5
E60
330
17
100
AcDbEntity
  8
OCULTA
100
AcDbLine
 10
373.21963879294105
 20
242.27084455436764
 30
0.0
 11
373.4778952930655
 21
242.29546177724484
 31
0.0
  0
LINE
  5
E61
330
17
100
AcDbEntity
  8
OCULTA
100
AcDbLine
 10
359.5043109856758
 20
250.41614938689352
 30
0.0
 11
373.56151834943375
 21
242.30021693137346
 31
0.0
  0
LINE
  5
E62
330
17
100
AcDbEntity
  8
OCULTA
100
AcDbLine
 10
373.56151834943375
 20
248.01569299786755
 30
0.0
 11
373.56151834943375
 21
242.30021693137346
 31
0.0
  0
LINE
  5
E63
330
17
100
AcDbEntity
  8
OCULTA
100
AcDbLine
 10
373.4778952930655
 20
242.29546177724484
 30
0.0
 11
373.56151834943375
 21
242.30021693137346
 31
0.0
  0
LINE
  5
E64
330
17
100
AcDbEntity
  8
OCULTA
100
AcDbLine
 10
373.21963879294105
 20
242.27084455436764
 30
0.0
 11
372.9647238635539
 21
242.2365280979832
 31
0.0
  0
LINE
  5
E65
330
17
100
AcDbEntity
  8
OCULTA
100
AcDbLine
 10
372.469266333003
 20
242.13942631085308
 30
0.0
 11
372.7142421082806
 21
242.19265947973125
 31
0.0
  0
LINE
  5
E66
330
17
100
AcDbEntity
  8
OCULTA
100
AcDbLine
 10
372.9647238635539
 20
242.2365280979832
 30
0.0
 11
372.7142421082806
 21
242.19265947973125
 31
0.0
  0
LINE
  5
E67
330
17
100
AcDbEntity
  8
OCULTA
100
AcDbLine
 10
372.469266333003
 20
242.13942631085308
 30
0.0
 11
372.2308453198996
 21
242.0770568395256
 31
0.0
  0
LINE
  5
E68
330
17
100
AcDbEntity
  8
OCULTA
100
AcDbLine
 10
372.2308453198996
 20
242.0770568395256
 30
0.0
 11
372.00000003422855
 21
242.00581795551457
 31
0.0
  0
LINE
  5
E69
330
17
100
AcDbEntity
  8
OCULTA
100
AcDbLine
 10
372.00000003422855
 20
242.00581795551457
 30
0.0
 11
371.7777191567623
 21
241.926014752172
 31
0.0
  0
LINE
  5
E6A
330
17
100
AcDbEntity
  8
OCULTA
100
AcDbLine
 10
371.7777191567623
 20
241.926014752172
 30
0.0
 11
371.5649541947529
 21
241.83798906642627
 31
0.0
  0
LINE
  5
E6B
330
17
100
AcDbEntity
  8
OCULTA
100
AcDbLine
 10
371.5649541947529
 20
241.83798906642627
 30
0.0
 11
371.3626166791664
 21
241.74211766593686
 31
0.0
  0
LINE
  5
E6C
330
17
100
AcDbEntity
  8
OCULTA
100
AcDbLine
 10
374.78036120705895
 20
242.27084455436764
 30
0.0
 11
374.5221047069345
 21
242.29546177724484
 31
0.0
  0
LINE
  5
E6D
330
17
100
AcDbEntity
  8
OCULTA
100
AcDbLine
 10
388.4956890143242
 20
250.41614938689352
 30
0.0
 11
374.43848165056625
 21
242.30021693137346
 31
0.0
  0
LINE
  5
E6E
330
17
100
AcDbEntity
  8
OCULTA
100
AcDbLine
 10
374.43848165056625
 20
248.01569299786755
 30
0.0
 11
374.43848165056625
 21
242.30021693137346
 31
0.0
  0
LINE
  5
E6F
330
17
100
AcDbEntity
  8
OCULTA
100
AcDbLine
 10
374.5221047069345
 20
242.29546177724484
 30
0.0
 11
374.43848165056625
 21
242.30021693137346
 31
0.0
  0
LINE
  5
E70
330
17
100
AcDbEntity
  8
OCULTA
100
AcDbLine
 10
374.78036120705895
 20
242.27084455436764
 30
0.0
 11
375.0352761364461
 21
242.2365280979832
 31
0.0
  0
LINE
  5
E71
330
17
100
AcDbEntity
  8
OCULTA
100
AcDbLine
 10
375.530733666997
 20
242.13942631085308
 30
0.0
 11
375.2857578917194
 21
242.19265947973125
 31
0.0
  0
LINE
  5
E72
330
17
100
AcDbEntity
  8
OCULTA
100
AcDbLine
 10
375.0352761364461
 20
242.2365280979832
 30
0.0
 11
375.2857578917194
 21
242.19265947973125
 31
0.0
  0
LINE
  5
E73
330
17
100
AcDbEntity
  8
OCULTA
100
AcDbLine
 10
375.530733666997
 20
242.13942631085308
 30
0.0
 11
375.7691546801004
 21
242.0770568395256
 31
0.0
  0
LINE
  5
E74
330
17
100
AcDbEntity
  8
OCULTA
100
AcDbLine
 10
375.7691546801004
 20
242.0770568395256
 30
0.0
 11
375.99999996577145
 21
242.00581795551457
 31
0.0
  0
LINE
  5
E75
330
17
100
AcDbEntity
  8
OCULTA
100
AcDbLine
 10
375.99999996577145
 20
242.00581795551457
 30
0.0
 11
376.2222808432377
 21
241.926014752172
 31
0.0
  0
LINE
  5
E76
330
17
100
AcDbEntity
  8
OCULTA
100
AcDbLine
 10
376.2222808432377
 20
241.926014752172
 30
0.0
 11
376.4350458052471
 21
241.83798906642627
 31
0.0
  0
LINE
  5
E77
330
17
100
AcDbEntity
  8
OCULTA
100
AcDbLine
 10
376.4350458052471
 20
241.83798906642627
 30
0.0
 11
376.6373833208336
 21
241.74211766593686
 31
0.0
  0
LINE
  5
E78
330
17
100
AcDbEntity
  8
OCULTA
100
AcDbLine
 10
372.8045660077999
 20
201.3485428297306
 30
0.0
 11
372.8045660077999
 21
186.65160437303155
 31
0.0
  0
LINE
  5
E79
330
17
100
AcDbEntity
  8
OCULTA
100
AcDbLine
 10
359.5043109856758
 20
250.41614938689352
 30
0.0
 11
355.96877707974306
 21
248.3749079345742
 31
0.0
  0
LINE
  5
E7A
330
17
100
AcDbEntity
  8
OCULTA
100
AcDbLine
 10
371.3626166791664
 20
241.74211766593686
 30
0.0
 11
371.1715728752538
 21
241.63881114192046
 31
0.0
  0
LINE
  5
E7B
330
17
100
AcDbEntity
  8
OCULTA
100
AcDbLine
 10
371.1715728752538
 20
241.63881114192046
 30
0.0
 11
370.992640726904
 21
241.5285119503045
 31
0.0
  0
LINE
  5
E7C
330
17
100
AcDbEntity
  8
OCULTA
100
AcDbLine
 10
370.992640726904
 20
241.5285119503045
 30
0.0
 11
370.8265865902637
 21
241.4116923312135
 31
0.0
  0
LINE
  5
E7D
330
17
100
AcDbEntity
  8
OCULTA
100
AcDbLine
 10
370.8265865902637
 20
241.4116923312135
 30
0.0
 11
370.67412163018093
 21
241.28885242312322
 31
0.0
  0
LINE
  5
E7E
330
17
100
AcDbEntity
  8
OCULTA
100
AcDbLine
 10
370.67412163018093
 20
241.28885242312322
 30
0.0
 11
370.53589842738484
 21
241.1605184986824
 31
0.0
  0
LINE
  5
E7F
330
17
100
AcDbEntity
  8
OCULTA
100
AcDbLine
 10
370.53589842738484
 20
241.1605184986824
 30
0.0
 11
370.4125090608033
 21
241.0272399108591
 31
0.0
  0
LINE
  5
E80
330
17
100
AcDbEntity
  8
OCULTA
100
AcDbLine
 10
370.4125090608033
 20
241.0272399108591
 30
0.0
 11
370.30448196762285
 21
240.88958747476335
 31
0.0
  0
LINE
  5
E81
330
17
100
AcDbEntity
  8
OCULTA
100
AcDbLine
 10
370.30448196762285
 20
240.88958747476335
 30
0.0
 11
370.21227941447796
 21
240.7481506449619
 31
0.0
  0
LINE
  5
E82
330
17
100
AcDbEntity
  8
OCULTA
100
AcDbLine
 10
370.21227941447796
 20
240.7481506449619
 30
0.0
 11
370.13629673880774
 21
240.60353493612774
 31
0.0
  0
LINE
  5
E83
330
17
100
AcDbEntity
  8
OCULTA
100
AcDbLine
 10
370.13629673880774
 20
240.60353493612774
 30
0.0
 11
370.07685889281413
 21
240.45635973302564
 31
0.0
  0
LINE
  5
E84
330
17
100
AcDbEntity
  8
OCULTA
100
AcDbLine
 10
370.07685889281413
 20
240.45635973302564
 30
0.0
 11
370.03422061204964
 21
240.30725527315883
 31
0.0
  0
LINE
  5
E85
330
17
100
AcDbEntity
  8
OCULTA
100
AcDbLine
 10
370.03422061204964
 20
240.30725527315883
 30
0.0
 11
370.02598444350105
 21
240.25897547905413
 31
0.0
  0
LINE
  5
E86
330
17
100
AcDbEntity
  8
OCULTA
100
AcDbLine
 10
370.02598444350105
 20
239.75266048107588
 30
0.0
 11
355.96877707974306
 21
231.6367280255558
 31
0.0
  0
LINE
  5
E87
330
17
100
AcDbEntity
  8
OCULTA
100
AcDbLine
 10
372.8045660077999
 20
186.65160437303155
 30
0.0
 11
369.5385797427077
 21
184.7659863237109
 31
0.0
  0
LINE
  5
E88
330
17
100
AcDbEntity
  8
OCULTA
100
AcDbLine
 10
388.4956890143242
 20
250.41614938689352
 30
0.0
 11
392.03122292025694
 21
248.3749079345742
 31
0.0
  0
LINE
  5
E89
330
17
100
AcDbEntity
  8
OCULTA
100
AcDbLine
 10
376.6373833208336
 20
241.74211766593686
 30
0.0
 11
376.8284271247462
 21
241.63881114192046
 31
0.0
  0
LINE
  5
E8A
330
17
100
AcDbEntity
  8
OCULTA
100
AcDbLine
 10
376.8284271247462
 20
241.63881114192046
 30
0.0
 11
377.007359273096
 21
241.5285119503045
 31
0.0
  0
LINE
  5
E8B
330
17
100
AcDbEntity
  8
OCULTA
100
AcDbLine
 10
377.007359273096
 20
241.5285119503045
 30
0.0
 11
377.1734134097363
 21
241.4116923312135
 31
0.0
  0
LINE
  5
E8C
330
17
100
AcDbEntity
  8
OCULTA
100
AcDbLine
 10
377.1734134097363
 20
241.4116923312135
 30
0.0
 11
377.32587836981907
 21
241.28885242312322
 31
0.0
  0
LINE
  5
E8D
330
17
100
AcDbEntity
  8
OCULTA
100
AcDbLine
 10
377.32587836981907
 20
241.28885242312322
 30
0.0
 11
377.46410157261516
 21
241.1605184986824
 31
0.0
  0
LINE
  5
E8E
330
17
100
AcDbEntity
  8
OCULTA
100
AcDbLine
 10
377.46410157261516
 20
241.1605184986824
 30
0.0
 11
377.5874909391967
 21
241.0272399108591
 31
0.0
  0
LINE
  5
E8F
330
17
100
AcDbEntity
  8
OCULTA
100
AcDbLine
 10
377.5874909391967
 20
241.0272399108591
 30
0.0
 11
377.69551803237715
 21
240.88958747476335
 31
0.0
  0
LINE
  5
E90
330
17
100
AcDbEntity
  8
OCULTA
100
AcDbLine
 10
377.69551803237715
 20
240.88958747476335
 30
0.0
 11
377.78772058552204
 21
240.7481506449619
 31
0.0
  0
LINE
  5
E91
330
17
100
AcDbEntity
  8
OCULTA
100
AcDbLine
 10
377.78772058552204
 20
240.7481506449619
 30
0.0
 11
377.86370326119226
 21
240.60353493612774
 31
0.0
  0
LINE
  5
E92
330
17
100
AcDbEntity
  8
OCULTA
100
AcDbLine
 10
377.86370326119226
 20
240.60353493612774
 30
0.0
 11
377.92314110718587
 21
240.45635973302564
 31
0.0
  0
LINE
  5
E93
330
17
100
AcDbEntity
  8
OCULTA
100
AcDbLine
 10
377.92314110718587
 20
240.45635973302564
 30
0.0
 11
377.96577938795036
 21
240.30725527315883
 31
0.0
  0
LINE
  5
E94
330
17
100
AcDbEntity
  8
OCULTA
100
AcDbLine
 10
377.96577938795036
 20
240.30725527315883
 30
0.0
 11
377.97401555649895
 21
240.25897547905413
 31
0.0
  0
LINE
  5
E95
330
17
100
AcDbEntity
  8
OCULTA
100
AcDbLine
 10
377.97401555649895
 20
239.75266048107588
 30
0.0
 11
392.03122292025694
 21
231.6367280255558
 31
0.0
  0
LINE
  5
E96
330
17
100
AcDbEntity
  8
OCULTA
100
AcDbLine
 10
372.8045660077999
 20
186.65160437303155
 30
0.0
 11
377.26598626509224
 21
185.96142023583639
 31
0.0
  0
LINE
  5
E97
330
17
100
AcDbEntity
  8
OCULTA
100
AcDbLine
 10
377.26598626509224
 20
200.65835869253547
 30
0.0
 11
377.26598626509224
 21
185.96142023583639
 31
0.0
  0
LINE
  5
E98
330
17
100
AcDbEntity
  8
OCULTA
100
AcDbLine
 10
377.26598626509224
 20
185.96142023583639
 30
0.0
 11
378.4614202572923
 21
183.38561804932064
 31
0.0
  0
TEXT
  5
E99
330
17
100
AcDbEntity
  8
TEXTO
100
AcDbText
 10
374.0
 20
334.08860146703034
 30
0.0
 40
3.5
  1
ISOMÉTRICA
 72
1
 11
374.0
 21
334.08860146703034
 31
0.0
100
AcDbText
 73
2
  0
LWPOLYLINE
  5
E9A
330
17
100
AcDbEntity
  8
FINA
100
AcDbPolyline
 90
4
 70
1
 10
0.0
 20
0.0
 10
594.0
 20
0.0
 10
594.0
 20
420.0
 10
0.0
 20
420.0
  0
LWPOLYLINE
  5
E9B
330
17
100
AcDbEntity
  8
NORMA
100
AcDbPolyline
 90
4
 70
1
 10
20.0
 20
10.0
 10
584.0
 20
10.0
 10
584.0
 20
410.0
 10
20.0
 20
410.0
  0
LINE
  5
E9C
330
17
100
AcDbEntity
  8
NORMA
100
AcDbLine
 10
0.0
 20
210.0
 30
0.0
 11
25.0
 21
210.0
 31
0.0
  0
LINE
  5
E9D
330
17
100
AcDbEntity
  8
NORMA
100
AcDbLine
 10
594.0
 20
210.0
 30
0.0
 11
579.0
 21
210.0
 31
0.0
  0
LINE
  5
E9E
330
17
100
AcDbEntity
  8
NORMA
100
AcDbLine
 10
297.0
 20
0.0
 30
0.0
 11
297.0
 21
15.0
 31
0.0
  0
LINE
  5
E9F
330
17
100
AcDbEntity
  8
NORMA
100
AcDbLine
 10
297.0
 20
420.0
 30
0.0
 11
297.0
 21
405.0
 31
0.0
  0
LINE
  5
EA0
330
17
100
AcDbEntity
  8
FINA
100
AcDbLine
 10
49.5
 20
0.0
 30
0.0
 11
49.5
 21
10.0
 31
0.0
  0
LINE
  5
EA1
330
17
100
AcDbEntity
  8
FINA
100
AcDbLine
 10
49.5
 20
410.0
 30
0.0
 11
49.5
 21
420.0
 31
0.0
  0
LINE
  5
EA2
330
17
100
AcDbEntity
  8
FINA
100
AcDbLine
 10
99.0
 20
0.0
 30
0.0
 11
99.0
 21
10.0
 31
0.0
  0
LINE
  5
EA3
330
17
100
AcDbEntity
  8
FINA
100
AcDbLine
 10
99.0
 20
410.0
 30
0.0
 11
99.0
 21
420.0
 31
0.0
  0
LINE
  5
EA4
330
17
100
AcDbEntity
  8
FINA
100
AcDbLine
 10
148.5
 20
0.0
 30
0.0
 11
148.5
 21
10.0
 31
0.0
  0
LINE
  5
EA5
330
17
100
AcDbEntity
  8
FINA
100
AcDbLine
 10
148.5
 20
410.0
 30
0.0
 11
148.5
 21
420.0
 31
0.0
  0
LINE
  5
EA6
330
17
100
AcDbEntity
  8
FINA
100
AcDbLine
 10
198.0
 20
0.0
 30
0.0
 11
198.0
 21
10.0
 31
0.0
  0
LINE
  5
EA7
330
17
100
AcDbEntity
  8
FINA
100
AcDbLine
 10
198.0
 20
410.0
 30
0.0
 11
198.0
 21
420.0
 31
0.0
  0
LINE
  5
EA8
330
17
100
AcDbEntity
  8
FINA
100
AcDbLine
 10
247.5
 20
0.0
 30
0.0
 11
247.5
 21
10.0
 31
0.0
  0
LINE
  5
EA9
330
17
100
AcDbEntity
  8
FINA
100
AcDbLine
 10
247.5
 20
410.0
 30
0.0
 11
247.5
 21
420.0
 31
0.0
  0
LINE
  5
EAA
330
17
100
AcDbEntity
  8
FINA
100
AcDbLine
 10
297.0
 20
0.0
 30
0.0
 11
297.0
 21
10.0
 31
0.0
  0
LINE
  5
EAB
330
17
100
AcDbEntity
  8
FINA
100
AcDbLine
 10
297.0
 20
410.0
 30
0.0
 11
297.0
 21
420.0
 31
0.0
  0
LINE
  5
EAC
330
17
100
AcDbEntity
  8
FINA
100
AcDbLine
 10
346.5
 20
0.0
 30
0.0
 11
346.5
 21
10.0
 31
0.0
  0
LINE
  5
EAD
330
17
100
AcDbEntity
  8
FINA
100
AcDbLine
 10
346.5
 20
410.0
 30
0.0
 11
346.5
 21
420.0
 31
0.0
  0
LINE
  5
EAE
330
17
100
AcDbEntity
  8
FINA
100
AcDbLine
 10
396.0
 20
0.0
 30
0.0
 11
396.0
 21
10.0
 31
0.0
  0
LINE
  5
EAF
330
17
100
AcDbEntity
  8
FINA
100
AcDbLine
 10
396.0
 20
410.0
 30
0.0
 11
396.0
 21
420.0
 31
0.0
  0
LINE
  5
EB0
330
17
100
AcDbEntity
  8
FINA
100
AcDbLine
 10
445.5
 20
0.0
 30
0.0
 11
445.5
 21
10.0
 31
0.0
  0
LINE
  5
EB1
330
17
100
AcDbEntity
  8
FINA
100
AcDbLine
 10
445.5
 20
410.0
 30
0.0
 11
445.5
 21
420.0
 31
0.0
  0
LINE
  5
EB2
330
17
100
AcDbEntity
  8
FINA
100
AcDbLine
 10
495.0
 20
0.0
 30
0.0
 11
495.0
 21
10.0
 31
0.0
  0
LINE
  5
EB3
330
17
100
AcDbEntity
  8
FINA
100
AcDbLine
 10
495.0
 20
410.0
 30
0.0
 11
495.0
 21
420.0
 31
0.0
  0
LINE
  5
EB4
330
17
100
AcDbEntity
  8
FINA
100
AcDbLine
 10
544.5
 20
0.0
 30
0.0
 11
544.5
 21
10.0
 31
0.0
  0
LINE
  5
EB5
330
17
100
AcDbEntity
  8
FINA
100
AcDbLine
 10
544.5
 20
410.0
 30
0.0
 11
544.5
 21
420.0
 31
0.0
  0
LINE
  5
EB6
330
17
100
AcDbEntity
  8
FINA
100
AcDbLine
 10
0.0
 20
52.5
 30
0.0
 11
10.0
 21
52.5
 31
0.0
  0
LINE
  5
EB7
330
17
100
AcDbEntity
  8
FINA
100
AcDbLine
 10
584.0
 20
52.5
 30
0.0
 11
594.0
 21
52.5
 31
0.0
  0
LINE
  5
EB8
330
17
100
AcDbEntity
  8
FINA
100
AcDbLine
 10
0.0
 20
105.0
 30
0.0
 11
10.0
 21
105.0
 31
0.0
  0
LINE
  5
EB9
330
17
100
AcDbEntity
  8
FINA
100
AcDbLine
 10
584.0
 20
105.0
 30
0.0
 11
594.0
 21
105.0
 31
0.0
  0
LINE
  5
EBA
330
17
100
AcDbEntity
  8
FINA
100
AcDbLine
 10
0.0
 20
157.5
 30
0.0
 11
10.0
 21
157.5
 31
0.0
  0
LINE
  5
EBB
330
17
100
AcDbEntity
  8
FINA
100
AcDbLine
 10
584.0
 20
157.5
 30
0.0
 11
594.0
 21
157.5
 31
0.0
  0
LINE
  5
EBC
330
17
100
AcDbEntity
  8
FINA
100
AcDbLine
 10
0.0
 20
210.0
 30
0.0
 11
10.0
 21
210.0
 31
0.0
  0
LINE
  5
EBD
330
17
100
AcDbEntity
  8
FINA
100
AcDbLine
 10
584.0
 20
210.0
 30
0.0
 11
594.0
 21
210.0
 31
0.0
  0
LINE
  5
EBE
330
17
100
AcDbEntity
  8
FINA
100
AcDbLine
 10
0.0
 20
262.5
 30
0.0
 11
10.0
 21
262.5
 31
0.0
  0
LINE
  5
EBF
330
17
100
AcDbEntity
  8
FINA
100
AcDbLine
 10
584.0
 20
262.5
 30
0.0
 11
594.0
 21
262.5
 31
0.0
  0
LINE
  5
EC0
330
17
100
AcDbEntity
  8
FINA
100
AcDbLine
 10
0.0
 20
315.0
 30
0.0
 11
10.0
 21
315.0
 31
0.0
  0
LINE
  5
EC1
330
17
100
AcDbEntity
  8
FINA
100
AcDbLine
 10
584.0
 20
315.0
 30
0.0
 11
594.0
 21
315.0
 31
0.0
  0
LINE
  5
EC2
330
17
100
AcDbEntity
  8
FINA
100
AcDbLine
 10
0.0
 20
367.5
 30
0.0
 11
10.0
 21
367.5
 31
0.0
  0
LINE
  5
EC3
330
17
100
AcDbEntity
  8
FINA
100
AcDbLine
 10
584.0
 20
367.5
 30
0.0
 11
594.0
 21
367.5
 31
0.0
  0
TEXT
  5
EC4
330
17
100
AcDbEntity
  8
TEXTO
100
AcDbText
 10
24.75
 20
5.0
 30
0.0
 40
2.5
  1
1
 72
1
 11
24.75
 21
5.0
 31
0.0
100
AcDbText
 73
2
  0
TEXT
  5
EC5
330
17
100
AcDbEntity
  8
TEXTO
100
AcDbText
 10
24.75
 20
415.0
 30
0.0
 40
2.5
  1
1
 72
1
 11
24.75
 21
415.0
 31
0.0
100
AcDbText
 73
2
  0
TEXT
  5
EC6
330
17
100
AcDbEntity
  8
TEXTO
100
AcDbText
 10
74.25
 20
5.0
 30
0.0
 40
2.5
  1
2
 72
1
 11
74.25
 21
5.0
 31
0.0
100
AcDbText
 73
2
  0
TEXT
  5
EC7
330
17
100
AcDbEntity
  8
TEXTO
100
AcDbText
 10
74.25
 20
415.0
 30
0.0
 40
2.5
  1
2
 72
1
 11
74.25
 21
415.0
 31
0.0
100
AcDbText
 73
2
  0
TEXT
  5
EC8
330
17
100
AcDbEntity
  8
TEXTO
100
AcDbText
 10
123.75
 20
5.0
 30
0.0
 40
2.5
  1
3
 72
1
 11
123.75
 21
5.0
 31
0.0
100
AcDbText
 73
2
  0
TEXT
  5
EC9
330
17
100
AcDbEntity
  8
TEXTO
100
AcDbText
 10
123.75
 20
415.0
 30
0.0
 40
2.5
  1
3
 72
1
 11
123.75
 21
415.0
 31
0.0
100
AcDbText
 73
2
  0
TEXT
  5
ECA
330
17
100
AcDbEntity
  8
TEXTO
100
AcDbText
 10
173.25
 20
5.0
 30
0.0
 40
2.5
  1
4
 72
1
 11
173.25
 21
5.0
 31
0.0
100
AcDbText
 73
2
  0
TEXT
  5
ECB
330
17
100
AcDbEntity
  8
TEXTO
100
AcDbText
 10
173.25
 20
415.0
 30
0.0
 40
2.5
  1
4
 72
1
 11
173.25
 21
415.0
 31
0.0
100
AcDbText
 73
2
  0
TEXT
  5
ECC
330
17
100
AcDbEntity
  8
TEXTO
100
AcDbText
 10
222.75
 20
5.0
 30
0.0
 40
2.5
  1
5
 72
1
 11
222.75
 21
5.0
 31
0.0
100
AcDbText
 73
2
  0
TEXT
  5
ECD
330
17
100
AcDbEntity
  8
TEXTO
100
AcDbText
 10
222.75
 20
415.0
 30
0.0
 40
2.5
  1
5
 72
1
 11
222.75
 21
415.0
 31
0.0
100
AcDbText
 73
2
  0
TEXT
  5
ECE
330
17
100
AcDbEntity
  8
TEXTO
100
AcDbText
 10
272.25
 20
5.0
 30
0.0
 40
2.5
  1
6
 72
1
 11
272.25
 21
5.0
 31
0.0
100
AcDbText
 73
2
  0
TEXT
  5
ECF
330
17
100
AcDbEntity
  8
TEXTO
100
AcDbText
 10
272.25
 20
415.0
 30
0.0
 40
2.5
  1
6
 72
1
 11
272.25
 21
415.0
 31
0.0
100
AcDbText
 73
2
  0
TEXT
  5
ED0
330
17
100
AcDbEntity
  8
TEXTO
100
AcDbText
 10
321.75
 20
5.0
 30
0.0
 40
2.5
  1
7
 72
1
 11
321.75
 21
5.0
 31
0.0
100
AcDbText
 73
2
  0
TEXT
  5
ED1
330
17
100
AcDbEntity
  8
TEXTO
100
AcDbText
 10
321.75
 20
415.0
 30
0.0
 40
2.5
  1
7
 72
1
 11
321.75
 21
415.0
 31
0.0
100
AcDbText
 73
2
  0
TEXT
  5
ED2
330
17
100
AcDbEntity
  8
TEXTO
100
AcDbText
 10
371.25
 20
5.0
 30
0.0
 40
2.5
  1
8
 72
1
 11
371.25
 21
5.0
 31
0.0
100
AcDbText
 73
2
  0
TEXT
  5
ED3
330
17
100
AcDbEntity
  8
TEXTO
100
AcDbText
 10
371.25
 20
415.0
 30
0.0
 40
2.5
  1
8
 72
1
 11
371.25
 21
415.0
 31
0.0
100
AcDbText
 73
2
  0
TEXT
  5
ED4
330
17
100
AcDbEntity
  8
TEXTO
100
AcDbText
 10
420.75
 20
5.0
 30
0.0
 40
2.5
  1
9
 72
1
 11
420.75
 21
5.0
 31
0.0
100
AcDbText
 73
2
  0
TEXT
  5
ED5
330
17
100
AcDbEntity
  8
TEXTO
100
AcDbText
 10
420.75
 20
415.0
 30
0.0
 40
2.5
  1
9
 72
1
 11
420.75
 21
415.0
 31
0.0
100
AcDbText
 73
2
  0
TEXT
  5
ED6
330
17
100
AcDbEntity
  8
TEXTO
100
AcDbText
 10
470.25
 20
5.0
 30
0.0
 40
2.5
  1
10
 72
1
 11
470.25
 21
5.0
 31
0.0
100
AcDbText
 73
2
  0
TEXT
  5
ED7
330
17
100
AcDbEntity
  8
TEXTO
100
AcDbText
 10
470.25
 20
415.0
 30
0.0
 40
2.5
  1
10
 72
1
 11
470.25
 21
415.0
 31
0.0
100
AcDbText
 73
2
  0
TEXT
  5
ED8
330
17
100
AcDbEntity
  8
TEXTO
100
AcDbText
 10
519.75
 20
5.0
 30
0.0
 40
2.5
  1
11
 72
1
 11
519.75
 21
5.0
 31
0.0
100
AcDbText
 73
2
  0
TEXT
  5
ED9
330
17
100
AcDbEntity
  8
TEXTO
100
AcDbText
 10
519.75
 20
415.0
 30
0.0
 40
2.5
  1
11
 72
1
 11
519.75
 21
415.0
 31
0.0
100
AcDbText
 73
2
  0
TEXT
  5
EDA
330
17
100
AcDbEntity
  8
TEXTO
100
AcDbText
 10
569.25
 20
5.0
 30
0.0
 40
2.5
  1
12
 72
1
 11
569.25
 21
5.0
 31
0.0
100
AcDbText
 73
2
  0
TEXT
  5
EDB
330
17
100
AcDbEntity
  8
TEXTO
100
AcDbText
 10
569.25
 20
415.0
 30
0.0
 40
2.5
  1
12
 72
1
 11
569.25
 21
415.0
 31
0.0
100
AcDbText
 73
2
  0
TEXT
  5
EDC
330
17
100
AcDbEntity
  8
TEXTO
100
AcDbText
 10
5.0
 20
393.75
 30
0.0
 40
2.5
  1
A
 72
1
 11
5.0
 21
393.75
 31
0.0
100
AcDbText
 73
2
  0
TEXT
  5
EDD
330
17
100
AcDbEntity
  8
TEXTO
100
AcDbText
 10
589.0
 20
393.75
 30
0.0
 40
2.5
  1
A
 72
1
 11
589.0
 21
393.75
 31
0.0
100
AcDbText
 73
2
  0
TEXT
  5
EDE
330
17
100
AcDbEntity
  8
TEXTO
100
AcDbText
 10
5.0
 20
341.25
 30
0.0
 40
2.5
  1
B
 72
1
 11
5.0
 21
341.25
 31
0.0
100
AcDbText
 73
2
  0
TEXT
  5
EDF
330
17
100
AcDbEntity
  8
TEXTO
100
AcDbText
 10
589.0
 20
341.25
 30
0.0
 40
2.5
  1
B
 72
1
 11
589.0
 21
341.25
 31
0.0
100
AcDbText
 73
2
  0
TEXT
  5
EE0
330
17
100
AcDbEntity
  8
TEXTO
100
AcDbText
 10
5.0
 20
288.75
 30
0.0
 40
2.5
  1
C
 72
1
 11
5.0
 21
288.75
 31
0.0
100
AcDbText
 73
2
  0
TEXT
  5
EE1
330
17
100
AcDbEntity
  8
TEXTO
100
AcDbText
 10
589.0
 20
288.75
 30
0.0
 40
2.5
  1
C
 72
1
 11
589.0
 21
288.75
 31
0.0
100
AcDbText
 73
2
  0
TEXT
  5
EE2
330
17
100
AcDbEntity
  8
TEXTO
100
AcDbText
 10
5.0
 20
236.25
 30
0.0
 40
2.5
  1
D
 72
1
 11
5.0
 21
236.25
 31
0.0
100
AcDbText
 73
2
  0
TEXT
  5
EE3
330
17
100
AcDbEntity
  8
TEXTO
100
AcDbText
 10
589.0
 20
236.25
 30
0.0
 40
2.5
  1
D
 72
1
 11
589.0
 21
236.25
 31
0.0
100
AcDbText
 73
2
  0
TEXT
  5
EE4
330
17
100
AcDbEntity
  8
TEXTO
100
AcDbText
 10
5.0
 20
183.75
 30
0.0
 40
2.5
  1
E
 72
1
 11
5.0
 21
183.75
 31
0.0
100
AcDbText
 73
2
  0
TEXT
  5
EE5
330
17
100
AcDbEntity
  8
TEXTO
100
AcDbText
 10
589.0
 20
183.75
 30
0.0
 40
2.5
  1
E
 72
1
 11
589.0
 21
183.75
 31
0.0
100
AcDbText
 73
2
  0
TEXT
  5
EE6
330
17
100
AcDbEntity
  8
TEXTO
100
AcDbText
 10
5.0
 20
131.25
 30
0.0
 40
2.5
  1
F
 72
1
 11
5.0
 21
131.25
 31
0.0
100
AcDbText
 73
2
  0
TEXT
  5
EE7
330
17
100
AcDbEntity
  8
TEXTO
100
AcDbText
 10
589.0
 20
131.25
 30
0.0
 40
2.5
  1
F
 72
1
 11
589.0
 21
131.25
 31
0.0
100
AcDbText
 73
2
  0
TEXT
  5
EE8
330
17
100
AcDbEntity
  8
TEXTO
100
AcDbText
 10
5.0
 20
78.75
 30
0.0
 40
2.5
  1
G
 72
1
 11
5.0
 21
78.75
 31
0.0
100
AcDbText
 73
2
  0
TEXT
  5
EE9
330
17
100
AcDbEntity
  8
TEXTO
100
AcDbText
 10
589.0
 20
78.75
 30
0.0
 40
2.5
  1
G
 72
1
 11
589.0
 21
78.75
 31
0.0
100
AcDbText
 73
2
  0
TEXT
  5
EEA
330
17
100
AcDbEntity
  8
TEXTO
100
AcDbText
 10
5.0
 20
26.25
 30
0.0
 40
2.5
  1
H
 72
1
 11
5.0
 21
26.25
 31
0.0
100
AcDbText
 73
2
  0
TEXT
  5
EEB
330
17
100
AcDbEntity
  8
TEXTO
100
AcDbText
 10
589.0
 20
26.25
 30
0.0
 40
2.5
  1
H
 72
1
 11
589.0
 21
26.25
 31
0.0
100
AcDbText
 73
2
  0
LWPOLYLINE
  5
EEC
330
17
100
AcDbEntity
  8
NORMA
100
AcDbPolyline
 90
4
 70
1
 10
404.0
 20
10.0
 10
584.0
 20
10.0
 10
584.0
 20
52.0
 10
404.0
 20
52.0
  0
LINE
  5
EED
330
17
100
AcDbEntity
  8
NORMA
100
AcDbLine
 10
444.0
 20
10.0
 30
0.0
 11
444.0
 21
52.0
 31
0.0
  0
LINE
  5
EEE
330
17
100
AcDbEntity
  8
NORMA
100
AcDbLine
 10
538.0
 20
10.0
 30
0.0
 11
538.0
 21
52.0
 31
0.0
  0
LINE
  5
EEF
330
17
100
AcDbEntity
  8
FINA
100
AcDbLine
 10
404.0
 20
29.0
 30
0.0
 11
444.0
 21
29.0
 31
0.0
  0
TEXT
  5
EF0
330
17
100
AcDbEntity
  8
TEXTO
100
AcDbText
 10
424.0
 20
43.8
 30
0.0
 40
6.0
  1
foto3d
 72
1
 11
424.0
 21
43.8
 31
0.0
100
AcDbText
 73
2
  0
LINE
  5
EF1
330
17
100
AcDbEntity
  8
FINA
100
AcDbLine
 10
410.5
 20
38.6
 30
0.0
 11
437.5
 21
38.6
 31
0.0
  0
TEXT
  5
EF2
330
17
100
AcDbEntity
  8
TEXTO
100
AcDbText
 10
424.0
 20
35.8
 30
0.0
 40
1.3
  1
FOTOGRAMETRÍA · 3D AUDITABLE
 72
1
 11
424.0
 21
35.8
 31
0.0
100
AcDbText
 73
2
  0
TEXT
  5
EF3
330
17
100
AcDbEntity
  8
TEXTO
100
AcDbText
 10
424.0
 20
32.6
 30
0.0
 40
1.3
  1
ISO 5457 · 7200 · 129 · 5456-2
 72
1
 11
424.0
 21
32.6
 31
0.0
100
AcDbText
 73
2
  0
TEXT
  5
EF4
330
17
100
AcDbEntity
  8
TEXTO
100
AcDbText
 10
424.0
 20
26.6
 30
0.0
 40
1.4
  1
PROYECCIÓN — PRIMER DIEDRO
 72
1
 11
424.0
 21
26.6
 31
0.0
100
AcDbText
 73
2
  0
CIRCLE
  5
EF5
330
17
100
AcDbEntity
  8
TEXTO
100
AcDbCircle
 10
419.40000000000003
 20
17.5
 30
0.0
 40
2.9899999999999998
  0
CIRCLE
  5
EF6
330
17
100
AcDbEntity
  8
TEXTO
100
AcDbCircle
 10
419.40000000000003
 20
17.5
 30
0.0
 40
1.6099999999999999
  0
LWPOLYLINE
  5
EF7
330
17
100
AcDbEntity
  8
TEXTO
100
AcDbPolyline
 90
4
 70
1
 10
424.46000000000004
 20
14.51
 10
431.59000000000003
 20
15.89
 10
431.59000000000003
 20
19.11
 10
424.46000000000004
 20
20.49
  0
LINE
  5
EF8
330
17
100
AcDbEntity
  8
FINA
100
AcDbLine
 10
415.03000000000003
 20
17.5
 30
0.0
 11
432.97
 21
17.5
 31
0.0
  0
LINE
  5
EF9
330
17
100
AcDbEntity
  8
FINA
100
AcDbLine
 10
444.0
 20
39.0
 30
0.0
 11
538.0
 21
39.0
 31
0.0
  0
LINE
  5
EFA
330
17
100
AcDbEntity
  8
FINA
100
AcDbLine
 10
444.0
 20
29.0
 30
0.0
 11
538.0
 21
29.0
 31
0.0
  0
LINE
  5
EFB
330
17
100
AcDbEntity
  8
FINA
100
AcDbLine
 10
444.0
 20
19.0
 30
0.0
 11
538.0
 21
19.0
 31
0.0
  0
LINE
  5
EFC
330
17
100
AcDbEntity
  8
FINA
100
AcDbLine
 10
491.0
 20
29.0
 30
0.0
 11
491.0
 21
39.0
 31
0.0
  0
LINE
  5
EFD
330
17
100
AcDbEntity
  8
FINA
100
AcDbLine
 10
500.0
 20
19.0
 30
0.0
 11
500.0
 21
29.0
 31
0.0
  0
TEXT
  5
EFE
330
17
100
AcDbEntity
  8
TEXTO
100
AcDbText
 10
445.3
 20
49.6
 30
0.0
 40
1.4
  1
DESIGNACIÓN
 11
445.3
 21
49.6
 31
0.0
100
AcDbText
  0
TEXT
  5
EFF
330
17
100
AcDbEntity
  8
TEXTO
100
AcDbText
 10
445.6
 20
44.1
 30
0.0
 40
3.1527777777777777
  1
ali_agitador (sólido CAD, capa user)
 11
445.6
 21
44.1
 31
0.0
100
AcDbText
 73
2
  0
TEXT
  5
F00
330
17
100
AcDbEntity
  8
TEXTO
100
AcDbText
 10
445.3
 20
36.6
 30
0.0
 40
1.4
  1
PROYECTO
 11
445.3
 21
36.6
 31
0.0
100
AcDbText
  0
TEXT
  5
F01
330
17
100
AcDbEntity
  8
TEXTO
100
AcDbText
 10
445.6
 20
32.6
 30
0.0
 40
2.19
  1
YT0101-dispensador-canino
 11
445.6
 21
32.6
 31
0.0
100
AcDbText
 73
2
  0
TEXT
  5
F02
330
17
100
AcDbEntity
  8
TEXTO
100
AcDbText
 10
492.3
 20
36.6
 30
0.0
 40
1.4
  1
FUENTE
 11
492.3
 21
36.6
 31
0.0
100
AcDbText
  0
TEXT
  5
F03
330
17
100
AcDbEntity
  8
TEXTO
100
AcDbText
 10
492.6
 20
32.6
 30
0.0
 40
2.0277777777777777
  1
out/piezas/ali_agitador.g…
 11
492.6
 21
32.6
 31
0.0
100
AcDbText
 73
2
  0
TEXT
  5
F04
330
17
100
AcDbEntity
  8
TEXTO
100
AcDbText
 10
445.3
 20
26.6
 30
0.0
 40
1.4
  1
VERIFICACIÓN DE ESCALA
 11
445.3
 21
26.6
 31
0.0
100
AcDbText
  0
TEXT
  5
F05
330
17
100
AcDbEntity
  8
TEXTO
100
AcDbText
 10
445.6
 20
22.6
 30
0.0
 40
2.4
  1
CERTIFICADA (G4)
 11
445.6
 21
22.6
 31
0.0
100
AcDbText
 73
2
  0
TEXT
  5
F06
330
17
100
AcDbEntity
  8
TEXTO
100
AcDbText
 10
501.3
 20
26.6
 30
0.0
 40
1.4
  1
SHA-256
 11
501.3
 21
26.6
 31
0.0
100
AcDbText
  0
TEXT
  5
F07
330
17
100
AcDbEntity
  8
TEXTO
100
AcDbText
 10
501.6
 20
22.6
 30
0.0
 40
2.2
  1
349f703a0805…
 11
501.6
 21
22.6
 31
0.0
100
AcDbText
 73
2
  0
TEXT
  5
F08
330
17
100
AcDbEntity
  8
TEXTO
100
AcDbText
 10
445.3
 20
16.6
 30
0.0
 40
1.4
  1
NOTA
 11
445.3
 21
16.6
 31
0.0
100
AcDbText
  0
TEXT
  5
F09
330
17
100
AcDbEntity
  8
TEXTO
100
AcDbText
 10
445.6
 20
13.1
 30
0.0
 40
2.2
  1
Cotas en mm reales sobre geometría medida — ISO 129
 11
445.6
 21
13.1
 31
0.0
100
AcDbText
 73
2
  0
LINE
  5
F0A
330
17
100
AcDbEntity
  8
FINA
100
AcDbLine
 10
538.0
 20
39.0
 30
0.0
 11
584.0
 21
39.0
 31
0.0
  0
LINE
  5
F0B
330
17
100
AcDbEntity
  8
FINA
100
AcDbLine
 10
538.0
 20
29.0
 30
0.0
 11
584.0
 21
29.0
 31
0.0
  0
LINE
  5
F0C
330
17
100
AcDbEntity
  8
FINA
100
AcDbLine
 10
538.0
 20
19.0
 30
0.0
 11
584.0
 21
19.0
 31
0.0
  0
LINE
  5
F0D
330
17
100
AcDbEntity
  8
FINA
100
AcDbLine
 10
561.0
 20
29.0
 30
0.0
 11
561.0
 21
39.0
 31
0.0
  0
LINE
  5
F0E
330
17
100
AcDbEntity
  8
FINA
100
AcDbLine
 10
564.0
 20
19.0
 30
0.0
 11
564.0
 21
29.0
 31
0.0
  0
TEXT
  5
F0F
330
17
100
AcDbEntity
  8
TEXTO
100
AcDbText
 10
539.3
 20
49.6
 30
0.0
 40
1.4
  1
ESCALA
 11
539.3
 21
49.6
 31
0.0
100
AcDbText
  0
TEXT
  5
F10
330
17
100
AcDbEntity
  8
TEXTO
100
AcDbText
 10
561.0
 20
44.1
 30
0.0
 40
5.0
  1
1:1
 72
1
 11
561.0
 21
44.1
 31
0.0
100
AcDbText
 73
2
  0
TEXT
  5
F11
330
17
100
AcDbEntity
  8
TEXTO
100
AcDbText
 10
539.3
 20
36.6
 30
0.0
 40
1.4
  1
FORMATO
 11
539.3
 21
36.6
 31
0.0
100
AcDbText
  0
TEXT
  5
F12
330
17
100
AcDbEntity
  8
TEXTO
100
AcDbText
 10
549.5
 20
32.6
 30
0.0
 40
3.0
  1
A2
 72
1
 11
549.5
 21
32.6
 31
0.0
100
AcDbText
 73
2
  0
TEXT
  5
F13
330
17
100
AcDbEntity
  8
TEXTO
100
AcDbText
 10
562.3
 20
36.6
 30
0.0
 40
1.4
  1
LÁMINA
 11
562.3
 21
36.6
 31
0.0
100
AcDbText
  0
TEXT
  5
F14
330
17
100
AcDbEntity
  8
TEXTO
100
AcDbText
 10
572.5
 20
32.6
 30
0.0
 40
3.0
  1
1 / 1
 72
1
 11
572.5
 21
32.6
 31
0.0
100
AcDbText
 73
2
  0
TEXT
  5
F15
330
17
100
AcDbEntity
  8
TEXTO
100
AcDbText
 10
539.3
 20
26.6
 30
0.0
 40
1.4
  1
FECHA
 11
539.3
 21
26.6
 31
0.0
100
AcDbText
  0
TEXT
  5
F16
330
17
100
AcDbEntity
  8
TEXTO
100
AcDbText
 10
551.0
 20
22.6
 30
0.0
 40
2.6
  1
2026-07-26
 72
1
 11
551.0
 21
22.6
 31
0.0
100
AcDbText
 73
2
  0
TEXT
  5
F17
330
17
100
AcDbEntity
  8
TEXTO
100
AcDbText
 10
565.3
 20
26.6
 30
0.0
 40
1.4
  1
UNIDADES
 11
565.3
 21
26.6
 31
0.0
100
AcDbText
  0
TEXT
  5
F18
330
17
100
AcDbEntity
  8
TEXTO
100
AcDbText
 10
574.0
 20
22.6
 30
0.0
 40
3.0
  1
mm
 72
1
 11
574.0
 21
22.6
 31
0.0
100
AcDbText
 73
2
  0
TEXT
  5
F19
330
17
100
AcDbEntity
  8
TEXTO
100
AcDbText
 10
539.3
 20
16.6
 30
0.0
 40
1.4
  1
Nº DE PLANO
 11
539.3
 21
16.6
 31
0.0
100
AcDbText
  0
TEXT
  5
F1A
330
17
100
AcDbEntity
  8
TEXTO
100
AcDbText
 10
561.0
 20
13.1
 30
0.0
 40
2.6
  1
ALI_AGITADOR-01
 72
1
 11
561.0
 21
13.1
 31
0.0
100
AcDbText
 73
2
  0
ENDSEC
  0
SECTION
  2
OBJECTS
  0
DICTIONARY
  5
A
330
0
100
AcDbDictionary
281
1
  3
ACAD_COLOR
350
B
  3
ACAD_GROUP
350
C
  3
ACAD_LAYOUT
350
D
  3
ACAD_MATERIAL
350
E
  3
ACAD_MLEADERSTYLE
350
F
  3
ACAD_MLINESTYLE
350
10
  3
ACAD_PLOTSETTINGS
350
11
  3
ACAD_PLOTSTYLENAME
350
12
  3
ACAD_SCALELIST
350
14
  3
ACAD_TABLESTYLE
350
15
  3
ACAD_VISUALSTYLE
350
16
  3
EZDXF_META
350
2D
  0
DICTIONARY
  5
B
330
A
100
AcDbDictionary
281
1
  0
DICTIONARY
  5
C
330
A
100
AcDbDictionary
281
1
  0
DICTIONARY
  5
D
330
A
100
AcDbDictionary
281
1
  3
Model
350
1A
  3
Layout1
350
1E
  0
DICTIONARY
  5
E
330
A
100
AcDbDictionary
281
1
  3
ByBlock
350
1F
  3
ByLayer
350
20
  3
Global
350
21
  0
DICTIONARY
  5
F
330
A
100
AcDbDictionary
281
1
  3
Standard
350
2C
  0
DICTIONARY
  5
10
330
A
100
AcDbDictionary
281
1
  3
Standard
350
22
  0
DICTIONARY
  5
11
330
A
100
AcDbDictionary
281
1
  0
ACDBDICTIONARYWDFLT
  5
12
330
A
100
AcDbDictionary
281
1
  3
Normal
350
13
100
AcDbDictionaryWithDefault
340
13
  0
ACDBPLACEHOLDER
  5
13
330
12
  0
DICTIONARY
  5
14
330
A
100
AcDbDictionary
281
1
  0
DICTIONARY
  5
15
330
A
100
AcDbDictionary
281
1
  0
DICTIONARY
  5
16
330
A
100
AcDbDictionary
281
1
  3
2dWireframe
350
5A
  3
Basic
350
5B
  3
Brighten
350
5C
  3
ColorChange
350
5D
  3
Conceptual
350
5E
  3
Dim
350
5F
  3
EdgeColorOff
350
60
  3
Facepattern
350
61
  3
Flat
350
62
  3
FlatWithEdges
350
63
  3
Gouraud
350
64
  3
GouraudWithEdges
350
65
  3
Hidden
350
66
  3
JitterOff
350
67
  3
Linepattern
350
68
  3
Modeling
350
69
  3
OverhangOff
350
6A
  3
Realistic
350
6B
  3
Shaded
350
6C
  3
Shaded with edges
350
6D
  3
Shades of Gray
350
6E
  3
Sketchy
350
6F
  3
Thicken
350
70
  3
Wireframe
350
71
  3
X-Ray
350
72
  0
LAYOUT
  5
1A
330
D
100
AcDbPlotSettings
  1

  4
A3
  6

 40
7.5
 41
20.0
 42
7.5
 43
20.0
 44
420.0
 45
297.0
 46
0.0
 47
0.0
 48
0.0
 49
0.0
140
0.0
141
0.0
142
1.0
143
1.0
 70
1024
 72
1
 73
0
 74
5
  7

 75
16
 76
0
 77
2
 78
300
147
1.0
148
0.0
149
0.0
100
AcDbLayout
  1
Model
 70
1
 71
0
 10
0.0
 20
0.0
 11
420.0
 21
297.0
 12
0.0
 22
0.0
 32
0.0
 14
1e+20
 24
1e+20
 34
1e+20
 15
-1e+20
 25
-1e+20
 35
-1e+20
146
0.0
 13
0.0
 23
0.0
 33
0.0
 16
1.0
 26
0.0
 36
0.0
 17
0.0
 27
1.0
 37
0.0
 76
1
330
17
  0
LAYOUT
  5
1E
330
D
100
AcDbPlotSettings
  1

  4
A3
  6

 40
7.5
 41
20.0
 42
7.5
 43
20.0
 44
420.0
 45
297.0
 46
0.0
 47
0.0
 48
0.0
 49
0.0
140
0.0
141
0.0
142
1.0
143
1.0
 70
0
 72
1
 73
0
 74
5
  7

 75
16
 76
0
 77
2
 78
300
147
1.0
148
0.0
149
0.0
100
AcDbLayout
  1
Layout1
 70
1
 71
1
 10
0.0
 20
0.0
 11
420.0
 21
297.0
 12
0.0
 22
0.0
 32
0.0
 14
1e+20
 24
1e+20
 34
1e+20
 15
-1e+20
 25
-1e+20
 35
-1e+20
146
0.0
 13
0.0
 23
0.0
 33
0.0
 16
1.0
 26
0.0
 36
0.0
 17
0.0
 27
1.0
 37
0.0
 76
1
330
1B
  0
MATERIAL
  5
1F
102
{ACAD_REACTORS
330
E
102
}
330
E
100
AcDbMaterial
  1
ByBlock
  2

 70
0
 40
1.0
 71
1
 41
1.0
 91
-1023410177
 42
1.0
 72
1
  3

 73
1
 74
1
 75
1
 44
0.5
 73
0
 45
1.0
 46
1.0
 77
1
  4

 78
1
 79
1
170
1
 48
1.0
171
1
  6

172
1
173
1
174
1
140
1.0
141
1.0
175
1
  7

176
1
177
1
178
1
143
1.0
179
1
  8

270
1
271
1
272
1
145
1.0
146
1.0
273
1
  9

274
1
275
1
276
1
 42
1.0
 72
1
  3

 73
1
 74
1
 75
1
 94
63
  0
MATERIAL
  5
20
102
{ACAD_REACTORS
330
E
102
}
330
E
100
AcDbMaterial
  1
ByLayer
  2

 70
0
 40
1.0
 71
1
 41
1.0
 91
-1023410177
 42
1.0
 72
1
  3

 73
1
 74
1
 75
1
 44
0.5
 73
0
 45
1.0
 46
1.0
 77
1
  4

 78
1
 79
1
170
1
 48
1.0
171
1
  6

172
1
173
1
174
1
140
1.0
141
1.0
175
1
  7

176
1
177
1
178
1
143
1.0
179
1
  8

270
1
271
1
272
1
145
1.0
146
1.0
273
1
  9

274
1
275
1
276
1
 42
1.0
 72
1
  3

 73
1
 74
1
 75
1
 94
63
  0
MATERIAL
  5
21
102
{ACAD_REACTORS
330
E
102
}
330
E
100
AcDbMaterial
  1
Global
  2

 70
0
 40
1.0
 71
1
 41
1.0
 91
-1023410177
 42
1.0
 72
1
  3

 73
1
 74
1
 75
1
 44
0.5
 73
0
 45
1.0
 46
1.0
 77
1
  4

 78
1
 79
1
170
1
 48
1.0
171
1
  6

172
1
173
1
174
1
140
1.0
141
1.0
175
1
  7

176
1
177
1
178
1
143
1.0
179
1
  8

270
1
271
1
272
1
145
1.0
146
1.0
273
1
  9

274
1
275
1
276
1
 42
1.0
 72
1
  3

 73
1
 74
1
 75
1
 94
63
  0
MLINESTYLE
  5
22
102
{ACAD_REACTORS
330
10
102
}
330
10
100
AcDbMlineStyle
  2
Standard
 70
0
  3

 62
256
 51
90.0
 52
90.0
 71
2
 49
0.5
 62
256
  6
BYLAYER
 49
-0.5
 62
256
  6
BYLAYER
  0
MLEADERSTYLE
  5
2C
102
{ACAD_REACTORS
330
F
102
}
330
F
100
AcDbMLeaderStyle
179
2
170
2
171
1
172
0
 90
2
 40
0.0
 41
0.0
173
1
 91
-1056964608
 92
-2
290
1
 42
2.0
291
1
 43
8.0
  3
Standard
 44
4.0
300

342
29
174
1
175
1
176
0
178
1
 93
-1056964608
 45
4.0
292
0
297
0
 46
4.0
 94
-1056964608
 47
1.0
 49
1.0
140
1.0
294
1
141
0.0
177
0
142
1.0
295
0
296
0
143
3.75
271
0
272
9
273
9
  0
DICTIONARY
  5
2D
330
A
100
AcDbDictionary
280
1
281
1
  3
CREATED_BY_EZDXF
350
2E
  3
WRITTEN_BY_EZDXF
350
F1D
  0
DICTIONARYVAR
  5
2E
330
2D
100
DictionaryVariables
280
0
  1
1.4.4 @ 2026-07-26T07:08:01.012024+00:00
  0
VISUALSTYLE
  5
5A
102
{ACAD_REACTORS
330
16
102
}
330
16
100
AcDbVisualStyle
  2
2dWireframe
 70
4
177
3
291
0
 70
58
 90
2
176
1
 90
2
176
1
 90
0
176
1
 90
0
176
1
 40
0.6
176
1
 40
30.0
176
1
 62
7
420
16777215
176
1
 90
1
176
1
 90
4
176
1
 62
7
176
1
 62
257
176
1
 90
1
176
1
 90
1
176
1
 40
1.0
176
1
 90
8
176
1
 62
7
176
1
 40
1.0
176
1
 90
1
176
1
 90
6
176
1
 90
2
176
1
 62
7
176
1
 90
5
176
1
 90
0
176
1
 90
0
176
1
290
0
176
1
 90
1
176
1
 40
0.0
176
1
 90
0
176
1
290
1
176
1
290
1
176
1
290
0
176
1
290
0
176
1
290
0
176
1
290
0
176
1
290
0
176
1
290
0
176
1
290
0
176
1
 90
50
176
1
 40
0.0
176
1
 40
1.0
176
1
 90
0
176
1
 62
18
420
0
176
1
 90
50
176
1
 90
3
176
1
 62
5
420
255
176
1
290
0
176
1
 90
50
176
1
 90
50
176
1
 90
50
176
1
290
0
176
1
 90
50
176
1
 62
256
176
0
 40
1.0
176
0
 90
2
176
1
  1
strokes_ogs.tif
176
1
290
0
176
1
 40
1.0
176
1
 40
1.0
176
1
  0
VISUALSTYLE
  5
5B
102
{ACAD_REACTORS
330
16
102
}
330
16
100
AcDbVisualStyle
  2
Basic
 70
7
177
3
291
1
 70
58
 90
2
176
1
 90
2
176
1
 90
0
176
1
 90
1
176
1
 40
0.6
176
1
 40
30.0
176
1
 62
7
420
16777215
176
1
 90
1
176
1
 90
4
176
1
 62
7
176
1
 62
257
176
1
 90
1
176
1
 90
1
176
1
 40
1.0
176
1
 90
8
176
1
 62
7
176
1
 40
1.0
176
1
 90
1
176
1
 90
6
176
1
 90
2
176
1
 62
7
176
1
 90
5
176
1
 90
0
176
1
 90
0
176
1
290
0
176
1
 90
1
176
1
 40
0.0
176
1
 90
0
176
1
290
0
176
1
290
1
176
1
290
1
176
1
290
0
176
1
290
0
176
1
290
0
176
1
290
0
176
1
290
0
176
1
290
0
176
1
 90
50
176
1
 40
0.0
176
1
 40
1.0
176
1
 90
0
176
1
 62
18
420
0
176
1
 90
50
176
1
 90
3
176
1
 62
5
420
255
176
1
290
0
176
1
 90
50
176
1
 90
50
176
1
 90
50
176
1
290
0
176
1
 90
50
176
1
 62
256
176
0
 40
1.0
176
0
 90
2
176
1
  1
strokes_ogs.tif
176
1
290
0
176
1
 40
1.0
176
1
 40
1.0
176
1
  0
VISUALSTYLE
  5
5C
102
{ACAD_REACTORS
330
16
102
}
330
16
100
AcDbVisualStyle
  2
Brighten
 70
12
177
3
291
1
 70
58
 90
2
176
1
 90
2
176
1
 90
0
176
1
 90
2
176
1
 40
0.6
176
1
 40
30.0
176
1
 62
7
420
16777215
176
1
 90
1
176
1
 90
4
176
1
 62
7
176
1
 62
257
176
1
 90
1
176
1
 90
1
176
1
 40
1.0
176
1
 90
8
176
1
 62
7
176
1
 40
1.0
176
1
 90
1
176
1
 90
6
176
1
 90
2
176
1
 62
7
176
1
 90
5
176
1
 90
0
176
1
 90
0
176
1
290
0
176
1
 90
1
176
1
 40
0.0
176
1
 90
0
176
1
290
0
176
1
290
1
176
1
290
1
176
1
290
0
176
1
290
0
176
1
290
0
176
1
290
0
176
1
290
0
176
1
290
0
176
1
 90
50
176
1
 40
0.0
176
1
 40
1.0
176
1
 90
0
176
1
 62
18
420
0
176
1
 90
50
176
1
 90
3
176
1
 62
5
420
255
176
1
290
0
176
1
 90
50
176
1
 90
50
176
1
 90
50
176
1
290
0
176
1
 90
50
176
1
 62
256
176
0
 40
1.0
176
0
 90
2
176
1
  1
strokes_ogs.tif
176
1
290
0
176
1
 40
1.0
176
1
 40
1.0
176
1
  0
VISUALSTYLE
  5
5D
102
{ACAD_REACTORS
330
16
102
}
330
16
100
AcDbVisualStyle
  2
ColorChange
 70
16
177
3
291
1
 70
58
 90
2
176
1
 90
2
176
1
 90
0
176
1
 90
2
176
1
 40
0.6
176
1
 40
30.0
176
1
 62
7
420
16777215
176
1
 90
1
176
1
 90
4
176
1
 62
7
176
1
 62
257
176
1
 90
1
176
1
 90
1
176
1
 40
1.0
176
1
 90
8
176
1
 62
7
176
1
 40
1.0
176
1
 90
1
176
1
 90
6
176
1
 90
2
176
1
 62
7
176
1
 90
5
176
1
 90
0
176
1
 90
0
176
1
290
0
176
1
 90
1
176
1
 40
0.0
176
1
 90
0
176
1
290
0
176
1
290
1
176
1
290
1
176
1
290
0
176
1
290
0
176
1
290
0
176
1
290
0
176
1
290
0
176
1
290
0
176
1
 90
50
176
1
 40
0.0
176
1
 40
1.0
176
1
 90
0
176
1
 62
18
420
0
176
1
 90
50
176
1
 90
3
176
1
 62
5
420
255
176
1
290
0
176
1
 90
50
176
1
 90
50
176
1
 90
50
176
1
290
0
176
1
 90
50
176
1
 62
256
176
0
 40
1.0
176
0
 90
2
176
1
  1
strokes_ogs.tif
176
1
290
0
176
1
 40
1.0
176
1
 40
1.0
176
1
  0
VISUALSTYLE
  5
5E
102
{ACAD_REACTORS
330
16
102
}
330
16
100
AcDbVisualStyle
  2
Conceptual
 70
9
177
3
291
0
 70
58
 90
2
176
1
 90
2
176
1
 90
0
176
1
 90
3
176
1
 40
0.6
176
1
 40
30.0
176
1
 62
7
420
16777215
176
1
 90
1
176
1
 90
4
176
1
 62
7
176
1
 62
257
176
1
 90
1
176
1
 90
1
176
1
 40
1.0
176
1
 90
8
176
1
 62
7
176
1
 40
1.0
176
1
 90
1
176
1
 90
6
176
1
 90
2
176
1
 62
7
176
1
 90
5
176
1
 90
0
176
1
 90
0
176
1
290
0
176
1
 90
1
176
1
 40
0.0
176
1
 90
0
176
1
290
0
176
1
290
1
176
1
290
1
176
1
290
0
176
1
290
0
176
1
290
0
176
1
290
0
176
1
290
0
176
1
290
0
176
1
 90
50
176
1
 40
0.0
176
1
 40
1.0
176
1
 90
0
176
1
 62
18
420
0
176
1
 90
50
176
1
 90
3
176
1
 62
5
420
255
176
1
290
0
176
1
 90
50
176
1
 90
50
176
1
 90
50
176
1
290
0
176
1
 90
50
176
1
 62
256
176
0
 40
1.0
176
0
 90
2
176
1
  1
strokes_ogs.tif
176
1
290
0
176
1
 40
1.0
176
1
 40
1.0
176
1
  0
VISUALSTYLE
  5
5F
102
{ACAD_REACTORS
330
16
102
}
330
16
100
AcDbVisualStyle
  2
Dim
 70
11
177
3
291
1
 70
58
 90
2
176
1
 90
2
176
1
 90
0
176
1
 90
2
176
1
 40
0.6
176
1
 40
30.0
176
1
 62
7
420
16777215
176
1
 90
1
176
1
 90
4
176
1
 62
7
176
1
 62
257
176
1
 90
1
176
1
 90
1
176
1
 40
1.0
176
1
 90
8
176
1
 62
7
176
1
 40
1.0
176
1
 90
1
176
1
 90
6
176
1
 90
2
176
1
 62
7
176
1
 90
5
176
1
 90
0
176
1
 90
0
176
1
290
0
176
1
 90
1
176
1
 40
0.0
176
1
 90
0
176
1
290
0
176
1
290
1
176
1
290
1
176
1
290
0
176
1
290
0
176
1
290
0
176
1
290
0
176
1
290
0
176
1
290
0
176
1
 90
50
176
1
 40
0.0
176
1
 40
1.0
176
1
 90
0
176
1
 62
18
420
0
176
1
 90
50
176
1
 90
3
176
1
 62
5
420
255
176
1
290
0
176
1
 90
50
176
1
 90
50
176
1
 90
50
176
1
290
0
176
1
 90
50
176
1
 62
256
176
0
 40
1.0
176
0
 90
2
176
1
  1
strokes_ogs.tif
176
1
290
0
176
1
 40
1.0
176
1
 40
1.0
176
1
  0
VISUALSTYLE
  5
60
102
{ACAD_REACTORS
330
16
102
}
330
16
100
AcDbVisualStyle
  2
EdgeColorOff
 70
22
177
3
291
1
 70
58
 90
2
176
1
 90
2
176
1
 90
0
176
1
 90
2
176
1
 40
0.6
176
1
 40
30.0
176
1
 62
7
420
16777215
176
1
 90
1
176
1
 90
4
176
1
 62
7
176
1
 62
257
176
1
 90
1
176
1
 90
1
176
1
 40
1.0
176
1
 90
8
176
1
 62
7
176
1
 40
1.0
176
1
 90
1
176
1
 90
6
176
1
 90
2
176
1
 62
7
176
1
 90
5
176
1
 90
0
176
1
 90
0
176
1
290
0
176
1
 90
1
176
1
 40
0.0
176
1
 90
0
176
1
290
0
176
1
290
1
176
1
290
1
176
1
290
0
176
1
290
0
176
1
290
0
176
1
290
0
176
1
290
0
176
1
290
0
176
1
 90
50
176
1
 40
0.0
176
1
 40
1.0
176
1
 90
0
176
1
 62
18
420
0
176
1
 90
50
176
1
 90
3
176
1
 62
5
420
255
176
1
290
0
176
1
 90
50
176
1
 90
50
176
1
 90
50
176
1
290
0
176
1
 90
50
176
1
 62
256
176
0
 40
1.0
176
0
 90
2
176
1
  1
strokes_ogs.tif
176
1
290
0
176
1
 40
1.0
176
1
 40
1.0
176
1
  0
VISUALSTYLE
  5
61
102
{ACAD_REACTORS
330
16
102
}
330
16
100
AcDbVisualStyle
  2
Facepattern
 70
15
177
3
291
1
 70
58
 90
2
176
1
 90
2
176
1
 90
0
176
1
 90
2
176
1
 40
0.6
176
1
 40
30.0
176
1
 62
7
420
16777215
176
1
 90
1
176
1
 90
4
176
1
 62
7
176
1
 62
257
176
1
 90
1
176
1
 90
1
176
1
 40
1.0
176
1
 90
8
176
1
 62
7
176
1
 40
1.0
176
1
 90
1
176
1
 90
6
176
1
 90
2
176
1
 62
7
176
1
 90
5
176
1
 90
0
176
1
 90
0
176
1
290
0
176
1
 90
1
176
1
 40
0.0
176
1
 90
0
176
1
290
0
176
1
290
1
176
1
290
1
176
1
290
0
176
1
290
0
176
1
290
0
176
1
290
0
176
1
290
0
176
1
290
0
176
1
 90
50
176
1
 40
0.0
176
1
 40
1.0
176
1
 90
0
176
1
 62
18
420
0
176
1
 90
50
176
1
 90
3
176
1
 62
5
420
255
176
1
290
0
176
1
 90
50
176
1
 90
50
176
1
 90
50
176
1
290
0
176
1
 90
50
176
1
 62
256
176
0
 40
1.0
176
0
 90
2
176
1
  1
strokes_ogs.tif
176
1
290
0
176
1
 40
1.0
176
1
 40
1.0
176
1
  0
VISUALSTYLE
  5
62
102
{ACAD_REACTORS
330
16
102
}
330
16
100
AcDbVisualStyle
  2
Flat
 70
0
177
3
291
1
 70
58
 90
2
176
1
 90
2
176
1
 90
0
176
1
 90
2
176
1
 40
0.6
176
1
 40
30.0
176
1
 62
7
420
16777215
176
1
 90
1
176
1
 90
4
176
1
 62
7
176
1
 62
257
176
1
 90
1
176
1
 90
1
176
1
 40
1.0
176
1
 90
8
176
1
 62
7
176
1
 40
1.0
176
1
 90
1
176
1
 90
6
176
1
 90
2
176
1
 62
7
176
1
 90
5
176
1
 90
0
176
1
 90
0
176
1
290
0
176
1
 90
1
176
1
 40
0.0
176
1
 90
0
176
1
290
0
176
1
290
1
176
1
290
1
176
1
290
0
176
1
290
0
176
1
290
0
176
1
290
0
176
1
290
0
176
1
290
0
176
1
 90
50
176
1
 40
0.0
176
1
 40
1.0
176
1
 90
0
176
1
 62
18
420
0
176
1
 90
50
176
1
 90
3
176
1
 62
5
420
255
176
1
290
0
176
1
 90
50
176
1
 90
50
176
1
 90
50
176
1
290
0
176
1
 90
50
176
1
 62
256
176
0
 40
1.0
176
0
 90
2
176
1
  1
strokes_ogs.tif
176
1
290
0
176
1
 40
1.0
176
1
 40
1.0
176
1
  0
VISUALSTYLE
  5
63
102
{ACAD_REACTORS
330
16
102
}
330
16
100
AcDbVisualStyle
  2
FlatWithEdges
 70
1
177
3
291
1
 70
58
 90
2
176
1
 90
2
176
1
 90
0
176
1
 90
2
176
1
 40
0.6
176
1
 40
30.0
176
1
 62
7
420
16777215
176
1
 90
1
176
1
 90
4
176
1
 62
7
176
1
 62
257
176
1
 90
1
176
1
 90
1
176
1
 40
1.0
176
1
 90
8
176
1
 62
7
176
1
 40
1.0
176
1
 90
1
176
1
 90
6
176
1
 90
2
176
1
 62
7
176
1
 90
5
176
1
 90
0
176
1
 90
0
176
1
290
0
176
1
 90
1
176
1
 40
0.0
176
1
 90
0
176
1
290
0
176
1
290
1
176
1
290
1
176
1
290
0
176
1
290
0
176
1
290
0
176
1
290
0
176
1
290
0
176
1
290
0
176
1
 90
50
176
1
 40
0.0
176
1
 40
1.0
176
1
 90
0
176
1
 62
18
420
0
176
1
 90
50
176
1
 90
3
176
1
 62
5
420
255
176
1
290
0
176
1
 90
50
176
1
 90
50
176
1
 90
50
176
1
290
0
176
1
 90
50
176
1
 62
256
176
0
 40
1.0
176
0
 90
2
176
1
  1
strokes_ogs.tif
176
1
290
0
176
1
 40
1.0
176
1
 40
1.0
176
1
  0
VISUALSTYLE
  5
64
102
{ACAD_REACTORS
330
16
102
}
330
16
100
AcDbVisualStyle
  2
Gouraud
 70
2
177
3
291
1
 70
58
 90
2
176
1
 90
2
176
1
 90
0
176
1
 90
2
176
1
 40
0.6
176
1
 40
30.0
176
1
 62
7
420
16777215
176
1
 90
1
176
1
 90
4
176
1
 62
7
176
1
 62
257
176
1
 90
1
176
1
 90
1
176
1
 40
1.0
176
1
 90
8
176
1
 62
7
176
1
 40
1.0
176
1
 90
1
176
1
 90
6
176
1
 90
2
176
1
 62
7
176
1
 90
5
176
1
 90
0
176
1
 90
0
176
1
290
0
176
1
 90
1
176
1
 40
0.0
176
1
 90
0
176
1
290
0
176
1
290
1
176
1
290
1
176
1
290
0
176
1
290
0
176
1
290
0
176
1
290
0
176
1
290
0
176
1
290
0
176
1
 90
50
176
1
 40
0.0
176
1
 40
1.0
176
1
 90
0
176
1
 62
18
420
0
176
1
 90
50
176
1
 90
3
176
1
 62
5
420
255
176
1
290
0
176
1
 90
50
176
1
 90
50
176
1
 90
50
176
1
290
0
176
1
 90
50
176
1
 62
256
176
0
 40
1.0
176
0
 90
2
176
1
  1
strokes_ogs.tif
176
1
290
0
176
1
 40
1.0
176
1
 40
1.0
176
1
  0
VISUALSTYLE
  5
65
102
{ACAD_REACTORS
330
16
102
}
330
16
100
AcDbVisualStyle
  2
GouraudWithEdges
 70
3
177
3
291
1
 70
58
 90
2
176
1
 90
2
176
1
 90
0
176
1
 90
2
176
1
 40
0.6
176
1
 40
30.0
176
1
 62
7
420
16777215
176
1
 90
1
176
1
 90
4
176
1
 62
7
176
1
 62
257
176
1
 90
1
176
1
 90
1
176
1
 40
1.0
176
1
 90
8
176
1
 62
7
176
1
 40
1.0
176
1
 90
1
176
1
 90
6
176
1
 90
2
176
1
 62
7
176
1
 90
5
176
1
 90
0
176
1
 90
0
176
1
290
0
176
1
 90
1
176
1
 40
0.0
176
1
 90
0
176
1
290
0
176
1
290
1
176
1
290
1
176
1
290
0
176
1
290
0
176
1
290
0
176
1
290
0
176
1
290
0
176
1
290
0
176
1
 90
50
176
1
 40
0.0
176
1
 40
1.0
176
1
 90
0
176
1
 62
18
420
0
176
1
 90
50
176
1
 90
3
176
1
 62
5
420
255
176
1
290
0
176
1
 90
50
176
1
 90
50
176
1
 90
50
176
1
290
0
176
1
 90
50
176
1
 62
256
176
0
 40
1.0
176
0
 90
2
176
1
  1
strokes_ogs.tif
176
1
290
0
176
1
 40
1.0
176
1
 40
1.0
176
1
  0
VISUALSTYLE
  5
66
102
{ACAD_REACTORS
330
16
102
}
330
16
100
AcDbVisualStyle
  2
Hidden
 70
6
177
3
291
0
 70
58
 90
2
176
1
 90
2
176
1
 90
0
176
1
 90
1
176
1
 40
0.6
176
1
 40
30.0
176
1
 62
7
420
16777215
176
1
 90
1
176
1
 90
4
176
1
 62
7
176
1
 62
257
176
1
 90
1
176
1
 90
1
176
1
 40
1.0
176
1
 90
8
176
1
 62
7
176
1
 40
1.0
176
1
 90
1
176
1
 90
6
176
1
 90
2
176
1
 62
7
176
1
 90
5
176
1
 90
0
176
1
 90
0
176
1
290
0
176
1
 90
1
176
1
 40
0.0
176
1
 90
0
176
1
290
0
176
1
290
1
176
1
290
1
176
1
290
0
176
1
290
0
176
1
290
0
176
1
290
0
176
1
290
0
176
1
290
0
176
1
 90
50
176
1
 40
0.0
176
1
 40
1.0
176
1
 90
0
176
1
 62
18
420
0
176
1
 90
50
176
1
 90
3
176
1
 62
5
420
255
176
1
290
0
176
1
 90
50
176
1
 90
50
176
1
 90
50
176
1
290
0
176
1
 90
50
176
1
 62
256
176
0
 40
1.0
176
0
 90
2
176
1
  1
strokes_ogs.tif
176
1
290
0
176
1
 40
1.0
176
1
 40
1.0
176
1
  0
VISUALSTYLE
  5
67
102
{ACAD_REACTORS
330
16
102
}
330
16
100
AcDbVisualStyle
  2
JitterOff
 70
20
177
3
291
1
 70
58
 90
2
176
1
 90
2
176
1
 90
0
176
1
 90
2
176
1
 40
0.6
176
1
 40
30.0
176
1
 62
7
420
16777215
176
1
 90
1
176
1
 90
4
176
1
 62
7
176
1
 62
257
176
1
 90
1
176
1
 90
1
176
1
 40
1.0
176
1
 90
8
176
1
 62
7
176
1
 40
1.0
176
1
 90
1
176
1
 90
6
176
1
 90
2
176
1
 62
7
176
1
 90
5
176
1
 90
0
176
1
 90
0
176
1
290
0
176
1
 90
1
176
1
 40
0.0
176
1
 90
0
176
1
290
0
176
1
290
1
176
1
290
1
176
1
290
0
176
1
290
0
176
1
290
0
176
1
290
0
176
1
290
0
176
1
290
0
176
1
 90
50
176
1
 40
0.0
176
1
 40
1.0
176
1
 90
0
176
1
 62
18
420
0
176
1
 90
50
176
1
 90
3
176
1
 62
5
420
255
176
1
290
0
176
1
 90
50
176
1
 90
50
176
1
 90
50
176
1
290
0
176
1
 90
50
176
1
 62
256
176
0
 40
1.0
176
0
 90
2
176
1
  1
strokes_ogs.tif
176
1
290
0
176
1
 40
1.0
176
1
 40
1.0
176
1
  0
VISUALSTYLE
  5
68
102
{ACAD_REACTORS
330
16
102
}
330
16
100
AcDbVisualStyle
  2
Linepattern
 70
14
177
3
291
1
 70
58
 90
2
176
1
 90
2
176
1
 90
0
176
1
 90
2
176
1
 40
0.6
176
1
 40
30.0
176
1
 62
7
420
16777215
176
1
 90
1
176
1
 90
4
176
1
 62
7
176
1
 62
257
176
1
 90
1
176
1
 90
1
176
1
 40
1.0
176
1
 90
8
176
1
 62
7
176
1
 40
1.0
176
1
 90
1
176
1
 90
6
176
1
 90
2
176
1
 62
7
176
1
 90
5
176
1
 90
0
176
1
 90
0
176
1
290
0
176
1
 90
1
176
1
 40
0.0
176
1
 90
0
176
1
290
0
176
1
290
1
176
1
290
1
176
1
290
0
176
1
290
0
176
1
290
0
176
1
290
0
176
1
290
0
176
1
290
0
176
1
 90
50
176
1
 40
0.0
176
1
 40
1.0
176
1
 90
0
176
1
 62
18
420
0
176
1
 90
50
176
1
 90
3
176
1
 62
5
420
255
176
1
290
0
176
1
 90
50
176
1
 90
50
176
1
 90
50
176
1
290
0
176
1
 90
50
176
1
 62
256
176
0
 40
1.0
176
0
 90
2
176
1
  1
strokes_ogs.tif
176
1
290
0
176
1
 40
1.0
176
1
 40
1.0
176
1
  0
VISUALSTYLE
  5
69
102
{ACAD_REACTORS
330
16
102
}
330
16
100
AcDbVisualStyle
  2
Modeling
 70
10
177
3
291
0
 70
58
 90
2
176
1
 90
2
176
1
 90
0
176
1
 90
2
176
1
 40
0.6
176
1
 40
30.0
176
1
 62
7
420
16777215
176
1
 90
1
176
1
 90
4
176
1
 62
7
176
1
 62
257
176
1
 90
1
176
1
 90
1
176
1
 40
1.0
176
1
 90
8
176
1
 62
7
176
1
 40
1.0
176
1
 90
1
176
1
 90
6
176
1
 90
2
176
1
 62
7
176
1
 90
5
176
1
 90
0
176
1
 90
0
176
1
290
0
176
1
 90
1
176
1
 40
0.0
176
1
 90
0
176
1
290
0
176
1
290
1
176
1
290
1
176
1
290
0
176
1
290
0
176
1
290
0
176
1
290
0
176
1
290
0
176
1
290
0
176
1
 90
50
176
1
 40
0.0
176
1
 40
1.0
176
1
 90
0
176
1
 62
18
420
0
176
1
 90
50
176
1
 90
3
176
1
 62
5
420
255
176
1
290
0
176
1
 90
50
176
1
 90
50
176
1
 90
50
176
1
290
0
176
1
 90
50
176
1
 62
256
176
0
 40
1.0
176
0
 90
2
176
1
  1
strokes_ogs.tif
176
1
290
0
176
1
 40
1.0
176
1
 40
1.0
176
1
  0
VISUALSTYLE
  5
6A
102
{ACAD_REACTORS
330
16
102
}
330
16
100
AcDbVisualStyle
  2
OverhangOff
 70
21
177
3
291
1
 70
58
 90
2
176
1
 90
2
176
1
 90
0
176
1
 90
2
176
1
 40
0.6
176
1
 40
30.0
176
1
 62
7
420
16777215
176
1
 90
1
176
1
 90
4
176
1
 62
7
176
1
 62
257
176
1
 90
1
176
1
 90
1
176
1
 40
1.0
176
1
 90
8
176
1
 62
7
176
1
 40
1.0
176
1
 90
1
176
1
 90
6
176
1
 90
2
176
1
 62
7
176
1
 90
5
176
1
 90
0
176
1
 90
0
176
1
290
0
176
1
 90
1
176
1
 40
0.0
176
1
 90
0
176
1
290
0
176
1
290
1
176
1
290
1
176
1
290
0
176
1
290
0
176
1
290
0
176
1
290
0
176
1
290
0
176
1
290
0
176
1
 90
50
176
1
 40
0.0
176
1
 40
1.0
176
1
 90
0
176
1
 62
18
420
0
176
1
 90
50
176
1
 90
3
176
1
 62
5
420
255
176
1
290
0
176
1
 90
50
176
1
 90
50
176
1
 90
50
176
1
290
0
176
1
 90
50
176
1
 62
256
176
0
 40
1.0
176
0
 90
2
176
1
  1
strokes_ogs.tif
176
1
290
0
176
1
 40
1.0
176
1
 40
1.0
176
1
  0
VISUALSTYLE
  5
6B
102
{ACAD_REACTORS
330
16
102
}
330
16
100
AcDbVisualStyle
  2
Realistic
 70
8
177
3
291
0
 70
58
 90
2
176
1
 90
2
176
1
 90
0
176
1
 90
2
176
1
 40
0.6
176
1
 40
30.0
176
1
 62
7
420
16777215
176
1
 90
1
176
1
 90
4
176
1
 62
7
176
1
 62
257
176
1
 90
1
176
1
 90
1
176
1
 40
1.0
176
1
 90
8
176
1
 62
7
176
1
 40
1.0
176
1
 90
1
176
1
 90
6
176
1
 90
2
176
1
 62
7
176
1
 90
5
176
1
 90
0
176
1
 90
0
176
1
290
0
176
1
 90
1
176
1
 40
0.0
176
1
 90
0
176
1
290
0
176
1
290
1
176
1
290
1
176
1
290
0
176
1
290
0
176
1
290
0
176
1
290
0
176
1
290
0
176
1
290
0
176
1
 90
50
176
1
 40
0.0
176
1
 40
1.0
176
1
 90
0
176
1
 62
18
420
0
176
1
 90
50
176
1
 90
3
176
1
 62
5
420
255
176
1
290
0
176
1
 90
50
176
1
 90
50
176
1
 90
50
176
1
290
0
176
1
 90
50
176
1
 62
256
176
0
 40
1.0
176
0
 90
2
176
1
  1
strokes_ogs.tif
176
1
290
0
176
1
 40
1.0
176
1
 40
1.0
176
1
  0
VISUALSTYLE
  5
6C
102
{ACAD_REACTORS
330
16
102
}
330
16
100
AcDbVisualStyle
  2
Shaded
 70
27
177
3
291
0
 70
58
 90
2
176
1
 90
2
176
1
 90
0
176
1
 90
2
176
1
 40
0.6
176
1
 40
30.0
176
1
 62
7
420
16777215
176
1
 90
1
176
1
 90
4
176
1
 62
7
176
1
 62
257
176
1
 90
1
176
1
 90
1
176
1
 40
1.0
176
1
 90
8
176
1
 62
7
176
1
 40
1.0
176
1
 90
1
176
1
 90
6
176
1
 90
2
176
1
 62
7
176
1
 90
5
176
1
 90
0
176
1
 90
0
176
1
290
0
176
1
 90
1
176
1
 40
0.0
176
1
 90
0
176
1
290
0
176
1
290
1
176
1
290
1
176
1
290
0
176
1
290
0
176
1
290
0
176
1
290
0
176
1
290
0
176
1
290
0
176
1
 90
50
176
1
 40
0.0
176
1
 40
1.0
176
1
 90
0
176
1
 62
18
420
0
176
1
 90
50
176
1
 90
3
176
1
 62
5
420
255
176
1
290
0
176
1
 90
50
176
1
 90
50
176
1
 90
50
176
1
290
0
176
1
 90
50
176
1
 62
256
176
0
 40
1.0
176
0
 90
2
176
1
  1
strokes_ogs.tif
176
1
290
0
176
1
 40
1.0
176
1
 40
1.0
176
1
  0
VISUALSTYLE
  5
6D
102
{ACAD_REACTORS
330
16
102
}
330
16
100
AcDbVisualStyle
  2
Shaded with edges
 70
26
177
3
291
0
 70
58
 90
2
176
1
 90
2
176
1
 90
0
176
1
 90
2
176
1
 40
0.6
176
1
 40
30.0
176
1
 62
7
420
16777215
176
1
 90
1
176
1
 90
4
176
1
 62
7
176
1
 62
257
176
1
 90
1
176
1
 90
1
176
1
 40
1.0
176
1
 90
8
176
1
 62
7
176
1
 40
1.0
176
1
 90
1
176
1
 90
6
176
1
 90
2
176
1
 62
7
176
1
 90
5
176
1
 90
0
176
1
 90
0
176
1
290
0
176
1
 90
1
176
1
 40
0.0
176
1
 90
0
176
1
290
0
176
1
290
1
176
1
290
1
176
1
290
0
176
1
290
0
176
1
290
0
176
1
290
0
176
1
290
0
176
1
290
0
176
1
 90
50
176
1
 40
0.0
176
1
 40
1.0
176
1
 90
0
176
1
 62
18
420
0
176
1
 90
50
176
1
 90
3
176
1
 62
5
420
255
176
1
290
0
176
1
 90
50
176
1
 90
50
176
1
 90
50
176
1
290
0
176
1
 90
50
176
1
 62
256
176
0
 40
1.0
176
0
 90
2
176
1
  1
strokes_ogs.tif
176
1
290
0
176
1
 40
1.0
176
1
 40
1.0
176
1
  0
VISUALSTYLE
  5
6E
102
{ACAD_REACTORS
330
16
102
}
330
16
100
AcDbVisualStyle
  2
Shades of Gray
 70
23
177
3
291
0
 70
58
 90
2
176
1
 90
2
176
1
 90
0
176
1
 90
2
176
1
 40
0.6
176
1
 40
30.0
176
1
 62
7
420
16777215
176
1
 90
1
176
1
 90
4
176
1
 62
7
176
1
 62
257
176
1
 90
1
176
1
 90
1
176
1
 40
1.0
176
1
 90
8
176
1
 62
7
176
1
 40
1.0
176
1
 90
1
176
1
 90
6
176
1
 90
2
176
1
 62
7
176
1
 90
5
176
1
 90
0
176
1
 90
0
176
1
290
0
176
1
 90
1
176
1
 40
0.0
176
1
 90
0
176
1
290
0
176
1
290
1
176
1
290
1
176
1
290
0
176
1
290
0
176
1
290
0
176
1
290
0
176
1
290
0
176
1
290
0
176
1
 90
50
176
1
 40
0.0
176
1
 40
1.0
176
1
 90
0
176
1
 62
18
420
0
176
1
 90
50
176
1
 90
3
176
1
 62
5
420
255
176
1
290
0
176
1
 90
50
176
1
 90
50
176
1
 90
50
176
1
290
0
176
1
 90
50
176
1
 62
256
176
0
 40
1.0
176
0
 90
2
176
1
  1
strokes_ogs.tif
176
1
290
0
176
1
 40
1.0
176
1
 40
1.0
176
1
  0
VISUALSTYLE
  5
6F
102
{ACAD_REACTORS
330
16
102
}
330
16
100
AcDbVisualStyle
  2
Sketchy
 70
24
177
3
291
0
 70
58
 90
2
176
1
 90
2
176
1
 90
0
176
1
 90
1
176
1
 40
0.6
176
1
 40
30.0
176
1
 62
7
420
16777215
176
1
 90
1
176
1
 90
4
176
1
 62
7
176
1
 62
257
176
1
 90
1
176
1
 90
1
176
1
 40
1.0
176
1
 90
8
176
1
 62
7
176
1
 40
1.0
176
1
 90
1
176
1
 90
6
176
1
 90
2
176
1
 62
7
176
1
 90
5
176
1
 90
0
176
1
 90
0
176
1
290
0
176
1
 90
1
176
1
 40
0.0
176
1
 90
0
176
1
290
0
176
1
290
1
176
1
290
1
176
1
290
0
176
1
290
0
176
1
290
0
176
1
290
0
176
1
290
0
176
1
290
0
176
1
 90
50
176
1
 40
0.0
176
1
 40
1.0
176
1
 90
0
176
1
 62
18
420
0
176
1
 90
50
176
1
 90
3
176
1
 62
5
420
255
176
1
290
0
176
1
 90
50
176
1
 90
50
176
1
 90
50
176
1
290
0
176
1
 90
50
176
1
 62
256
176
0
 40
1.0
176
0
 90
2
176
1
  1
strokes_ogs.tif
176
1
290
0
176
1
 40
1.0
176
1
 40
1.0
176
1
  0
VISUALSTYLE
  5
70
102
{ACAD_REACTORS
330
16
102
}
330
16
100
AcDbVisualStyle
  2
Thicken
 70
13
177
3
291
1
 70
58
 90
2
176
1
 90
2
176
1
 90
0
176
1
 90
2
176
1
 40
0.6
176
1
 40
30.0
176
1
 62
7
420
16777215
176
1
 90
1
176
1
 90
4
176
1
 62
7
176
1
 62
257
176
1
 90
1
176
1
 90
1
176
1
 40
1.0
176
1
 90
8
176
1
 62
7
176
1
 40
1.0
176
1
 90
1
176
1
 90
6
176
1
 90
2
176
1
 62
7
176
1
 90
5
176
1
 90
0
176
1
 90
0
176
1
290
0
176
1
 90
1
176
1
 40
0.0
176
1
 90
0
176
1
290
0
176
1
290
1
176
1
290
1
176
1
290
0
176
1
290
0
176
1
290
0
176
1
290
0
176
1
290
0
176
1
290
0
176
1
 90
50
176
1
 40
0.0
176
1
 40
1.0
176
1
 90
0
176
1
 62
18
420
0
176
1
 90
50
176
1
 90
3
176
1
 62
5
420
255
176
1
290
0
176
1
 90
50
176
1
 90
50
176
1
 90
50
176
1
290
0
176
1
 90
50
176
1
 62
256
176
0
 40
1.0
176
0
 90
2
176
1
  1
strokes_ogs.tif
176
1
290
0
176
1
 40
1.0
176
1
 40
1.0
176
1
  0
VISUALSTYLE
  5
71
102
{ACAD_REACTORS
330
16
102
}
330
16
100
AcDbVisualStyle
  2
Wireframe
 70
5
177
3
291
0
 70
58
 90
2
176
1
 90
2
176
1
 90
0
176
1
 90
0
176
1
 40
0.6
176
1
 40
30.0
176
1
 62
7
420
16777215
176
1
 90
1
176
1
 90
4
176
1
 62
7
176
1
 62
257
176
1
 90
1
176
1
 90
1
176
1
 40
1.0
176
1
 90
8
176
1
 62
7
176
1
 40
1.0
176
1
 90
1
176
1
 90
6
176
1
 90
2
176
1
 62
7
176
1
 90
5
176
1
 90
0
176
1
 90
0
176
1
290
0
176
1
 90
1
176
1
 40
0.0
176
1
 90
0
176
1
290
0
176
1
290
1
176
1
290
1
176
1
290
0
176
1
290
0
176
1
290
0
176
1
290
0
176
1
290
0
176
1
290
0
176
1
 90
50
176
1
 40
0.0
176
1
 40
1.0
176
1
 90
0
176
1
 62
18
420
0
176
1
 90
50
176
1
 90
3
176
1
 62
5
420
255
176
1
290
0
176
1
 90
50
176
1
 90
50
176
1
 90
50
176
1
290
0
176
1
 90
50
176
1
 62
256
176
0
 40
1.0
176
0
 90
2
176
1
  1
strokes_ogs.tif
176
1
290
0
176
1
 40
1.0
176
1
 40
1.0
176
1
  0
VISUALSTYLE
  5
72
102
{ACAD_REACTORS
330
16
102
}
330
16
100
AcDbVisualStyle
  2
X-Ray
 70
25
177
3
291
0
 70
58
 90
2
176
1
 90
2
176
1
 90
0
176
1
 90
2
176
1
 40
0.5
176
1
 40
30.0
176
1
 62
7
420
16777215
176
1
 90
1
176
1
 90
4
176
1
 62
7
176
1
 62
257
176
1
 90
1
176
1
 90
1
176
1
 40
1.0
176
1
 90
8
176
1
 62
7
176
1
 40
1.0
176
1
 90
1
176
1
 90
6
176
1
 90
2
176
1
 62
7
176
1
 90
5
176
1
 90
0
176
1
 90
0
176
1
290
0
176
1
 90
1
176
1
 40
0.0
176
1
 90
0
176
1
290
0
176
1
290
1
176
1
290
1
176
1
290
0
176
1
290
0
176
1
290
0
176
1
290
0
176
1
290
0
176
1
290
0
176
1
 90
50
176
1
 40
0.0
176
1
 40
1.0
176
1
 90
0
176
1
 62
18
420
0
176
1
 90
50
176
1
 90
3
176
1
 62
5
420
255
176
1
290
0
176
1
 90
50
176
1
 90
50
176
1
 90
50
176
1
290
0
176
1
 90
50
176
1
 62
256
176
0
 40
1.0
176
0
 90
2
176
1
  1
strokes_ogs.tif
176
1
290
0
176
1
 40
1.0
176
1
 40
1.0
176
1
  0
DICTIONARYVAR
  5
F1D
330
2D
100
DictionaryVariables
280
0
  1
1.4.4 @ 2026-07-26T07:08:01.166596+00:00
  0
ENDSEC
  0
EOF
