ISO-10303-21;
HEADER;
FILE_DESCRIPTION(('Open CASCADE Model'),'2;1');
FILE_NAME('Open CASCADE Shape Model','2026-09-01T03:14:20',('Author'),(
    'Open CASCADE'),'Open CASCADE STEP processor 7.9','Open CASCADE 7.9'
  ,'Unknown');
FILE_SCHEMA(('AUTOMOTIVE_DESIGN { 1 0 10303 214 1 1 1 1 }'));
ENDSEC;
DATA;
#1 = APPLICATION_PROTOCOL_DEFINITION('international standard',
  'automotive_design',2000,#2);
#2 = APPLICATION_CONTEXT(
  'core data for automotive mechanical design processes');
#3 = SHAPE_DEFINITION_REPRESENTATION(#4,#10);
#4 = PRODUCT_DEFINITION_SHAPE('','',#5);
#5 = PRODUCT_DEFINITION('design','',#6,#9);
#6 = PRODUCT_DEFINITION_FORMATION('','',#7);
#7 = PRODUCT('Open CASCADE STEP translator 7.9 6',
  'Open CASCADE STEP translator 7.9 6','',(#8));
#8 = PRODUCT_CONTEXT('',#2,'mechanical');
#9 = PRODUCT_DEFINITION_CONTEXT('part definition',#2,'design');
#10 = ADVANCED_BREP_SHAPE_REPRESENTATION('',(#11,#15),#2437);
#11 = AXIS2_PLACEMENT_3D('',#12,#13,#14);
#12 = CARTESIAN_POINT('',(0.,0.,0.));
#13 = DIRECTION('',(0.,0.,1.));
#14 = DIRECTION('',(1.,0.,-0.));
#15 = MANIFOLD_SOLID_BREP('',#16);
#16 = CLOSED_SHELL('',(#17,#105,#564,#1018,#1077,#1136,#1195,#1254,#1313
    ,#1372,#1431,#1490,#1517,#1576,#1635,#1694,#1753,#1803,#1853,#1903,
    #1953,#2003,#2053,#2103,#2153,#2203,#2253,#2303,#2353,#2360,#2367,
    #2374,#2381,#2388,#2395,#2402,#2409,#2416,#2423,#2430));
#17 = ADVANCED_FACE('',(#18),#32,.T.);
#18 = FACE_BOUND('',#19,.T.);
#19 = EDGE_LOOP('',(#20,#50,#77,#78));
#20 = ORIENTED_EDGE('',*,*,#21,.T.);
#21 = EDGE_CURVE('',#22,#24,#26,.T.);
#22 = VERTEX_POINT('',#23);
#23 = CARTESIAN_POINT('',(24.,0.,0.));
#24 = VERTEX_POINT('',#25);
#25 = CARTESIAN_POINT('',(24.,0.,-3.));
#26 = SEAM_CURVE('',#27,(#31,#43),.PCURVE_S1.);
#27 = LINE('',#28,#29);
#28 = CARTESIAN_POINT('',(24.,0.,0.));
#29 = VECTOR('',#30,1.);
#30 = DIRECTION('',(-0.,-0.,-1.));
#31 = PCURVE('',#32,#37);
#32 = CYLINDRICAL_SURFACE('',#33,24.);
#33 = AXIS2_PLACEMENT_3D('',#34,#35,#36);
#34 = CARTESIAN_POINT('',(0.,0.,0.));
#35 = DIRECTION('',(0.,0.,1.));
#36 = DIRECTION('',(1.,0.,0.));
#37 = DEFINITIONAL_REPRESENTATION('',(#38),#42);
#38 = LINE('',#39,#40);
#39 = CARTESIAN_POINT('',(0.,0.));
#40 = VECTOR('',#41,1.);
#41 = DIRECTION('',(0.,-1.));
#42 = ( GEOMETRIC_REPRESENTATION_CONTEXT(2) 
PARAMETRIC_REPRESENTATION_CONTEXT() REPRESENTATION_CONTEXT('2D SPACE',''
  ) );
#43 = PCURVE('',#32,#44);
#44 = DEFINITIONAL_REPRESENTATION('',(#45),#49);
#45 = LINE('',#46,#47);
#46 = CARTESIAN_POINT('',(6.28318530718,0.));
#47 = VECTOR('',#48,1.);
#48 = DIRECTION('',(0.,-1.));
#49 = ( GEOMETRIC_REPRESENTATION_CONTEXT(2) 
PARAMETRIC_REPRESENTATION_CONTEXT() REPRESENTATION_CONTEXT('2D SPACE',''
  ) );
#50 = ORIENTED_EDGE('',*,*,#51,.T.);
#51 = EDGE_CURVE('',#24,#24,#52,.T.);
#52 = SURFACE_CURVE('',#53,(#58,#65),.PCURVE_S1.);
#53 = CIRCLE('',#54,24.);
#54 = AXIS2_PLACEMENT_3D('',#55,#56,#57);
#55 = CARTESIAN_POINT('',(0.,0.,-3.));
#56 = DIRECTION('',(0.,0.,1.));
#57 = DIRECTION('',(1.,0.,0.));
#58 = PCURVE('',#32,#59);
#59 = DEFINITIONAL_REPRESENTATION('',(#60),#64);
#60 = LINE('',#61,#62);
#61 = CARTESIAN_POINT('',(0.,-3.));
#62 = VECTOR('',#63,1.);
#63 = DIRECTION('',(1.,0.));
#64 = ( GEOMETRIC_REPRESENTATION_CONTEXT(2) 
PARAMETRIC_REPRESENTATION_CONTEXT() REPRESENTATION_CONTEXT('2D SPACE',''
  ) );
#65 = PCURVE('',#66,#71);
#66 = PLANE('',#67);
#67 = AXIS2_PLACEMENT_3D('',#68,#69,#70);
#68 = CARTESIAN_POINT('',(-1.367440132539E-15,-6.80906842916E-17,-3.));
#69 = DIRECTION('',(0.,0.,1.));
#70 = DIRECTION('',(1.,0.,-0.));
#71 = DEFINITIONAL_REPRESENTATION('',(#72),#76);
#72 = CIRCLE('',#73,24.);
#73 = AXIS2_PLACEMENT_2D('',#74,#75);
#74 = CARTESIAN_POINT('',(1.367440132539E-15,6.80906842916E-17));
#75 = DIRECTION('',(1.,0.));
#76 = ( GEOMETRIC_REPRESENTATION_CONTEXT(2) 
PARAMETRIC_REPRESENTATION_CONTEXT() REPRESENTATION_CONTEXT('2D SPACE',''
  ) );
#77 = ORIENTED_EDGE('',*,*,#21,.F.);
#78 = ORIENTED_EDGE('',*,*,#79,.F.);
#79 = EDGE_CURVE('',#22,#22,#80,.T.);
#80 = SURFACE_CURVE('',#81,(#86,#93),.PCURVE_S1.);
#81 = CIRCLE('',#82,24.);
#82 = AXIS2_PLACEMENT_3D('',#83,#84,#85);
#83 = CARTESIAN_POINT('',(0.,0.,0.));
#84 = DIRECTION('',(0.,0.,1.));
#85 = DIRECTION('',(1.,0.,0.));
#86 = PCURVE('',#32,#87);
#87 = DEFINITIONAL_REPRESENTATION('',(#88),#92);
#88 = LINE('',#89,#90);
#89 = CARTESIAN_POINT('',(0.,0.));
#90 = VECTOR('',#91,1.);
#91 = DIRECTION('',(1.,0.));
#92 = ( GEOMETRIC_REPRESENTATION_CONTEXT(2) 
PARAMETRIC_REPRESENTATION_CONTEXT() REPRESENTATION_CONTEXT('2D SPACE',''
  ) );
#93 = PCURVE('',#94,#99);
#94 = PLANE('',#95);
#95 = AXIS2_PLACEMENT_3D('',#96,#97,#98);
#96 = CARTESIAN_POINT('',(-1.367440132539E-15,-6.80906842916E-17,0.));
#97 = DIRECTION('',(0.,0.,1.));
#98 = DIRECTION('',(1.,0.,-0.));
#99 = DEFINITIONAL_REPRESENTATION('',(#100),#104);
#100 = CIRCLE('',#101,24.);
#101 = AXIS2_PLACEMENT_2D('',#102,#103);
#102 = CARTESIAN_POINT('',(1.367440132539E-15,6.80906842916E-17));
#103 = DIRECTION('',(1.,0.));
#104 = ( GEOMETRIC_REPRESENTATION_CONTEXT(2) 
PARAMETRIC_REPRESENTATION_CONTEXT() REPRESENTATION_CONTEXT('2D SPACE',''
  ) );
#105 = ADVANCED_FACE('',(#106,#109,#144,#179,#214,#249,#284,#319,#354,
    #389,#424,#459,#494,#529),#94,.T.);
#106 = FACE_BOUND('',#107,.T.);
#107 = EDGE_LOOP('',(#108));
#108 = ORIENTED_EDGE('',*,*,#79,.T.);
#109 = FACE_BOUND('',#110,.T.);
#110 = EDGE_LOOP('',(#111));
#111 = ORIENTED_EDGE('',*,*,#112,.T.);
#112 = EDGE_CURVE('',#113,#113,#115,.T.);
#113 = VERTEX_POINT('',#114);
#114 = CARTESIAN_POINT('',(-7.95,-16.4544826719,0.));
#115 = SURFACE_CURVE('',#116,(#121,#132),.PCURVE_S1.);
#116 = CIRCLE('',#117,1.55);
#117 = AXIS2_PLACEMENT_3D('',#118,#119,#120);
#118 = CARTESIAN_POINT('',(-9.5,-16.4544826719,0.));
#119 = DIRECTION('',(0.,0.,-1.));
#120 = DIRECTION('',(1.,0.,0.));
#121 = PCURVE('',#94,#122);
#122 = DEFINITIONAL_REPRESENTATION('',(#123),#131);
#123 = ( BOUNDED_CURVE() B_SPLINE_CURVE(2,(#124,#125,#126,#127,#128,#129
,#130),.UNSPECIFIED.,.T.,.F.) B_SPLINE_CURVE_WITH_KNOTS((1,2,2,2,2,1),(
    -2.094395102393,0.,2.094395102393,4.188790204786,6.28318530718,
8.377580409573),.UNSPECIFIED.) CURVE() GEOMETRIC_REPRESENTATION_ITEM() 
RATIONAL_B_SPLINE_CURVE((1.,0.5,1.,0.5,1.,0.5,1.)) REPRESENTATION_ITEM(
  '') );
#124 = CARTESIAN_POINT('',(-7.95,-16.4544826719));
#125 = CARTESIAN_POINT('',(-7.95,-19.13916142363));
#126 = CARTESIAN_POINT('',(-10.275,-17.79682204777));
#127 = CARTESIAN_POINT('',(-12.6,-16.4544826719));
#128 = CARTESIAN_POINT('',(-10.275,-15.11214329603));
#129 = CARTESIAN_POINT('',(-7.95,-13.76980392017));
#130 = CARTESIAN_POINT('',(-7.95,-16.4544826719));
#131 = ( GEOMETRIC_REPRESENTATION_CONTEXT(2) 
PARAMETRIC_REPRESENTATION_CONTEXT() REPRESENTATION_CONTEXT('2D SPACE',''
  ) );
#132 = PCURVE('',#133,#138);
#133 = CYLINDRICAL_SURFACE('',#134,1.55);
#134 = AXIS2_PLACEMENT_3D('',#135,#136,#137);
#135 = CARTESIAN_POINT('',(-9.5,-16.4544826719,-3.1));
#136 = DIRECTION('',(-0.,-0.,-1.));
#137 = DIRECTION('',(1.,0.,0.));
#138 = DEFINITIONAL_REPRESENTATION('',(#139),#143);
#139 = LINE('',#140,#141);
#140 = CARTESIAN_POINT('',(-6.28318530718,-3.1));
#141 = VECTOR('',#142,1.);
#142 = DIRECTION('',(1.,-0.));
#143 = ( GEOMETRIC_REPRESENTATION_CONTEXT(2) 
PARAMETRIC_REPRESENTATION_CONTEXT() REPRESENTATION_CONTEXT('2D SPACE',''
  ) );
#144 = FACE_BOUND('',#145,.T.);
#145 = EDGE_LOOP('',(#146));
#146 = ORIENTED_EDGE('',*,*,#147,.T.);
#147 = EDGE_CURVE('',#148,#148,#150,.T.);
#148 = VERTEX_POINT('',#149);
#149 = CARTESIAN_POINT('',(1.55,-19.,0.));
#150 = SURFACE_CURVE('',#151,(#156,#167),.PCURVE_S1.);
#151 = CIRCLE('',#152,1.55);
#152 = AXIS2_PLACEMENT_3D('',#153,#154,#155);
#153 = CARTESIAN_POINT('',(-3.49024337757E-15,-19.,0.));
#154 = DIRECTION('',(0.,0.,-1.));
#155 = DIRECTION('',(1.,0.,0.));
#156 = PCURVE('',#94,#157);
#157 = DEFINITIONAL_REPRESENTATION('',(#158),#166);
#158 = ( BOUNDED_CURVE() B_SPLINE_CURVE(2,(#159,#160,#161,#162,#163,#164
,#165),.UNSPECIFIED.,.T.,.F.) B_SPLINE_CURVE_WITH_KNOTS((1,2,2,2,2,1),(
    -2.094395102393,0.,2.094395102393,4.188790204786,6.28318530718,
8.377580409573),.UNSPECIFIED.) CURVE() GEOMETRIC_REPRESENTATION_ITEM() 
RATIONAL_B_SPLINE_CURVE((1.,0.5,1.,0.5,1.,0.5,1.)) REPRESENTATION_ITEM(
  '') );
#159 = CARTESIAN_POINT('',(1.55,-19.));
#160 = CARTESIAN_POINT('',(1.55,-21.68467875173));
#161 = CARTESIAN_POINT('',(-0.775,-20.34233937586));
#162 = CARTESIAN_POINT('',(-3.1,-19.));
#163 = CARTESIAN_POINT('',(-0.775,-17.65766062413));
#164 = CARTESIAN_POINT('',(1.55,-16.31532124826));
#165 = CARTESIAN_POINT('',(1.55,-19.));
#166 = ( GEOMETRIC_REPRESENTATION_CONTEXT(2) 
PARAMETRIC_REPRESENTATION_CONTEXT() REPRESENTATION_CONTEXT('2D SPACE',''
  ) );
#167 = PCURVE('',#168,#173);
#168 = CYLINDRICAL_SURFACE('',#169,1.55);
#169 = AXIS2_PLACEMENT_3D('',#170,#171,#172);
#170 = CARTESIAN_POINT('',(-3.49024337757E-15,-19.,-3.1));
#171 = DIRECTION('',(-0.,-0.,-1.));
#172 = DIRECTION('',(1.,0.,0.));
#173 = DEFINITIONAL_REPRESENTATION('',(#174),#178);
#174 = LINE('',#175,#176);
#175 = CARTESIAN_POINT('',(-6.28318530718,-3.1));
#176 = VECTOR('',#177,1.);
#177 = DIRECTION('',(1.,-0.));
#178 = ( GEOMETRIC_REPRESENTATION_CONTEXT(2) 
PARAMETRIC_REPRESENTATION_CONTEXT() REPRESENTATION_CONTEXT('2D SPACE',''
  ) );
#179 = FACE_BOUND('',#180,.T.);
#180 = EDGE_LOOP('',(#181));
#181 = ORIENTED_EDGE('',*,*,#182,.T.);
#182 = EDGE_CURVE('',#183,#183,#185,.T.);
#183 = VERTEX_POINT('',#184);
#184 = CARTESIAN_POINT('',(-14.9044826719,-9.5,0.));
#185 = SURFACE_CURVE('',#186,(#191,#202),.PCURVE_S1.);
#186 = CIRCLE('',#187,1.55);
#187 = AXIS2_PLACEMENT_3D('',#188,#189,#190);
#188 = CARTESIAN_POINT('',(-16.4544826719,-9.5,0.));
#189 = DIRECTION('',(0.,0.,-1.));
#190 = DIRECTION('',(1.,0.,0.));
#191 = PCURVE('',#94,#192);
#192 = DEFINITIONAL_REPRESENTATION('',(#193),#201);
#193 = ( BOUNDED_CURVE() B_SPLINE_CURVE(2,(#194,#195,#196,#197,#198,#199
,#200),.UNSPECIFIED.,.T.,.F.) B_SPLINE_CURVE_WITH_KNOTS((1,2,2,2,2,1),(
    -2.094395102393,0.,2.094395102393,4.188790204786,6.28318530718,
8.377580409573),.UNSPECIFIED.) CURVE() GEOMETRIC_REPRESENTATION_ITEM() 
RATIONAL_B_SPLINE_CURVE((1.,0.5,1.,0.5,1.,0.5,1.)) REPRESENTATION_ITEM(
  '') );
#194 = CARTESIAN_POINT('',(-14.9044826719,-9.5));
#195 = CARTESIAN_POINT('',(-14.9044826719,-12.18467875173));
#196 = CARTESIAN_POINT('',(-17.2294826719,-10.84233937586));
#197 = CARTESIAN_POINT('',(-19.5544826719,-9.5));
#198 = CARTESIAN_POINT('',(-17.2294826719,-8.157660624134));
#199 = CARTESIAN_POINT('',(-14.9044826719,-6.815321248268));
#200 = CARTESIAN_POINT('',(-14.9044826719,-9.5));
#201 = ( GEOMETRIC_REPRESENTATION_CONTEXT(2) 
PARAMETRIC_REPRESENTATION_CONTEXT() REPRESENTATION_CONTEXT('2D SPACE',''
  ) );
#202 = PCURVE('',#203,#208);
#203 = CYLINDRICAL_SURFACE('',#204,1.55);
#204 = AXIS2_PLACEMENT_3D('',#205,#206,#207);
#205 = CARTESIAN_POINT('',(-16.4544826719,-9.5,-3.1));
#206 = DIRECTION('',(-0.,-0.,-1.));
#207 = DIRECTION('',(1.,0.,0.));
#208 = DEFINITIONAL_REPRESENTATION('',(#209),#213);
#209 = LINE('',#210,#211);
#210 = CARTESIAN_POINT('',(-6.28318530718,-3.1));
#211 = VECTOR('',#212,1.);
#212 = DIRECTION('',(1.,-0.));
#213 = ( GEOMETRIC_REPRESENTATION_CONTEXT(2) 
PARAMETRIC_REPRESENTATION_CONTEXT() REPRESENTATION_CONTEXT('2D SPACE',''
  ) );
#214 = FACE_BOUND('',#215,.T.);
#215 = EDGE_LOOP('',(#216));
#216 = ORIENTED_EDGE('',*,*,#217,.T.);
#217 = EDGE_CURVE('',#218,#218,#220,.T.);
#218 = VERTEX_POINT('',#219);
#219 = CARTESIAN_POINT('',(11.05,-16.4544826719,0.));
#220 = SURFACE_CURVE('',#221,(#226,#237),.PCURVE_S1.);
#221 = CIRCLE('',#222,1.55);
#222 = AXIS2_PLACEMENT_3D('',#223,#224,#225);
#223 = CARTESIAN_POINT('',(9.5,-16.4544826719,0.));
#224 = DIRECTION('',(0.,0.,-1.));
#225 = DIRECTION('',(1.,0.,0.));
#226 = PCURVE('',#94,#227);
#227 = DEFINITIONAL_REPRESENTATION('',(#228),#236);
#228 = ( BOUNDED_CURVE() B_SPLINE_CURVE(2,(#229,#230,#231,#232,#233,#234
,#235),.UNSPECIFIED.,.T.,.F.) B_SPLINE_CURVE_WITH_KNOTS((1,2,2,2,2,1),(
    -2.094395102393,0.,2.094395102393,4.188790204786,6.28318530718,
8.377580409573),.UNSPECIFIED.) CURVE() GEOMETRIC_REPRESENTATION_ITEM() 
RATIONAL_B_SPLINE_CURVE((1.,0.5,1.,0.5,1.,0.5,1.)) REPRESENTATION_ITEM(
  '') );
#229 = CARTESIAN_POINT('',(11.05,-16.4544826719));
#230 = CARTESIAN_POINT('',(11.05,-19.13916142363));
#231 = CARTESIAN_POINT('',(8.725,-17.79682204777));
#232 = CARTESIAN_POINT('',(6.4,-16.4544826719));
#233 = CARTESIAN_POINT('',(8.725,-15.11214329603));
#234 = CARTESIAN_POINT('',(11.05,-13.76980392017));
#235 = CARTESIAN_POINT('',(11.05,-16.4544826719));
#236 = ( GEOMETRIC_REPRESENTATION_CONTEXT(2) 
PARAMETRIC_REPRESENTATION_CONTEXT() REPRESENTATION_CONTEXT('2D SPACE',''
  ) );
#237 = PCURVE('',#238,#243);
#238 = CYLINDRICAL_SURFACE('',#239,1.55);
#239 = AXIS2_PLACEMENT_3D('',#240,#241,#242);
#240 = CARTESIAN_POINT('',(9.5,-16.4544826719,-3.1));
#241 = DIRECTION('',(-0.,-0.,-1.));
#242 = DIRECTION('',(1.,0.,0.));
#243 = DEFINITIONAL_REPRESENTATION('',(#244),#248);
#244 = LINE('',#245,#246);
#245 = CARTESIAN_POINT('',(-6.28318530718,-3.1));
#246 = VECTOR('',#247,1.);
#247 = DIRECTION('',(1.,-0.));
#248 = ( GEOMETRIC_REPRESENTATION_CONTEXT(2) 
PARAMETRIC_REPRESENTATION_CONTEXT() REPRESENTATION_CONTEXT('2D SPACE',''
  ) );
#249 = FACE_BOUND('',#250,.T.);
#250 = EDGE_LOOP('',(#251));
#251 = ORIENTED_EDGE('',*,*,#252,.T.);
#252 = EDGE_CURVE('',#253,#253,#255,.T.);
#253 = VERTEX_POINT('',#254);
#254 = CARTESIAN_POINT('',(18.004482671904,-9.5,0.));
#255 = SURFACE_CURVE('',#256,(#261,#272),.PCURVE_S1.);
#256 = CIRCLE('',#257,1.55);
#257 = AXIS2_PLACEMENT_3D('',#258,#259,#260);
#258 = CARTESIAN_POINT('',(16.454482671904,-9.5,0.));
#259 = DIRECTION('',(0.,0.,-1.));
#260 = DIRECTION('',(1.,0.,0.));
#261 = PCURVE('',#94,#262);
#262 = DEFINITIONAL_REPRESENTATION('',(#263),#271);
#263 = ( BOUNDED_CURVE() B_SPLINE_CURVE(2,(#264,#265,#266,#267,#268,#269
,#270),.UNSPECIFIED.,.T.,.F.) B_SPLINE_CURVE_WITH_KNOTS((1,2,2,2,2,1),(
    -2.094395102393,0.,2.094395102393,4.188790204786,6.28318530718,
8.377580409573),.UNSPECIFIED.) CURVE() GEOMETRIC_REPRESENTATION_ITEM() 
RATIONAL_B_SPLINE_CURVE((1.,0.5,1.,0.5,1.,0.5,1.)) REPRESENTATION_ITEM(
  '') );
#264 = CARTESIAN_POINT('',(18.004482671904,-9.5));
#265 = CARTESIAN_POINT('',(18.004482671904,-12.18467875173));
#266 = CARTESIAN_POINT('',(15.679482671904,-10.84233937586));
#267 = CARTESIAN_POINT('',(13.354482671904,-9.5));
#268 = CARTESIAN_POINT('',(15.679482671904,-8.157660624134));
#269 = CARTESIAN_POINT('',(18.004482671904,-6.815321248268));
#270 = CARTESIAN_POINT('',(18.004482671904,-9.5));
#271 = ( GEOMETRIC_REPRESENTATION_CONTEXT(2) 
PARAMETRIC_REPRESENTATION_CONTEXT() REPRESENTATION_CONTEXT('2D SPACE',''
  ) );
#272 = PCURVE('',#273,#278);
#273 = CYLINDRICAL_SURFACE('',#274,1.55);
#274 = AXIS2_PLACEMENT_3D('',#275,#276,#277);
#275 = CARTESIAN_POINT('',(16.454482671904,-9.5,-3.1));
#276 = DIRECTION('',(-0.,-0.,-1.));
#277 = DIRECTION('',(1.,0.,0.));
#278 = DEFINITIONAL_REPRESENTATION('',(#279),#283);
#279 = LINE('',#280,#281);
#280 = CARTESIAN_POINT('',(-6.28318530718,-3.1));
#281 = VECTOR('',#282,1.);
#282 = DIRECTION('',(1.,-0.));
#283 = ( GEOMETRIC_REPRESENTATION_CONTEXT(2) 
PARAMETRIC_REPRESENTATION_CONTEXT() REPRESENTATION_CONTEXT('2D SPACE',''
  ) );
#284 = FACE_BOUND('',#285,.T.);
#285 = EDGE_LOOP('',(#286));
#286 = ORIENTED_EDGE('',*,*,#287,.T.);
#287 = EDGE_CURVE('',#288,#288,#290,.T.);
#288 = VERTEX_POINT('',#289);
#289 = CARTESIAN_POINT('',(-17.45,2.32682891838E-15,0.));
#290 = SURFACE_CURVE('',#291,(#296,#307),.PCURVE_S1.);
#291 = CIRCLE('',#292,1.55);
#292 = AXIS2_PLACEMENT_3D('',#293,#294,#295);
#293 = CARTESIAN_POINT('',(-19.,2.32682891838E-15,0.));
#294 = DIRECTION('',(0.,0.,-1.));
#295 = DIRECTION('',(1.,0.,0.));
#296 = PCURVE('',#94,#297);
#297 = DEFINITIONAL_REPRESENTATION('',(#298),#306);
#298 = ( BOUNDED_CURVE() B_SPLINE_CURVE(2,(#299,#300,#301,#302,#303,#304
,#305),.UNSPECIFIED.,.T.,.F.) B_SPLINE_CURVE_WITH_KNOTS((1,2,2,2,2,1),(
    -2.094395102393,0.,2.094395102393,4.188790204786,6.28318530718,
8.377580409573),.UNSPECIFIED.) CURVE() GEOMETRIC_REPRESENTATION_ITEM() 
RATIONAL_B_SPLINE_CURVE((1.,0.5,1.,0.5,1.,0.5,1.)) REPRESENTATION_ITEM(
  '') );
#299 = CARTESIAN_POINT('',(-17.45,2.394919602672E-15));
#300 = CARTESIAN_POINT('',(-17.45,-2.684678751732));
#301 = CARTESIAN_POINT('',(-19.775,-1.342339375866));
#302 = CARTESIAN_POINT('',(-22.1,2.015279094936E-15));
#303 = CARTESIAN_POINT('',(-19.775,1.342339375866));
#304 = CARTESIAN_POINT('',(-17.45,2.684678751732));
#305 = CARTESIAN_POINT('',(-17.45,2.394919602672E-15));
#306 = ( GEOMETRIC_REPRESENTATION_CONTEXT(2) 
PARAMETRIC_REPRESENTATION_CONTEXT() REPRESENTATION_CONTEXT('2D SPACE',''
  ) );
#307 = PCURVE('',#308,#313);
#308 = CYLINDRICAL_SURFACE('',#309,1.55);
#309 = AXIS2_PLACEMENT_3D('',#310,#311,#312);
#310 = CARTESIAN_POINT('',(-19.,2.32682891838E-15,-3.1));
#311 = DIRECTION('',(-0.,-0.,-1.));
#312 = DIRECTION('',(1.,0.,0.));
#313 = DEFINITIONAL_REPRESENTATION('',(#314),#318);
#314 = LINE('',#315,#316);
#315 = CARTESIAN_POINT('',(-6.28318530718,-3.1));
#316 = VECTOR('',#317,1.);
#317 = DIRECTION('',(1.,-0.));
#318 = ( GEOMETRIC_REPRESENTATION_CONTEXT(2) 
PARAMETRIC_REPRESENTATION_CONTEXT() REPRESENTATION_CONTEXT('2D SPACE',''
  ) );
#319 = FACE_BOUND('',#320,.T.);
#320 = EDGE_LOOP('',(#321));
#321 = ORIENTED_EDGE('',*,*,#322,.T.);
#322 = EDGE_CURVE('',#323,#323,#325,.T.);
#323 = VERTEX_POINT('',#324);
#324 = CARTESIAN_POINT('',(-14.9044826719,9.5,0.));
#325 = SURFACE_CURVE('',#326,(#331,#342),.PCURVE_S1.);
#326 = CIRCLE('',#327,1.55);
#327 = AXIS2_PLACEMENT_3D('',#328,#329,#330);
#328 = CARTESIAN_POINT('',(-16.4544826719,9.5,0.));
#329 = DIRECTION('',(0.,0.,-1.));
#330 = DIRECTION('',(1.,0.,0.));
#331 = PCURVE('',#94,#332);
#332 = DEFINITIONAL_REPRESENTATION('',(#333),#341);
#333 = ( BOUNDED_CURVE() B_SPLINE_CURVE(2,(#334,#335,#336,#337,#338,#339
,#340),.UNSPECIFIED.,.T.,.F.) B_SPLINE_CURVE_WITH_KNOTS((1,2,2,2,2,1),(
    -2.094395102393,0.,2.094395102393,4.188790204786,6.28318530718,
8.377580409573),.UNSPECIFIED.) CURVE() GEOMETRIC_REPRESENTATION_ITEM() 
RATIONAL_B_SPLINE_CURVE((1.,0.5,1.,0.5,1.,0.5,1.)) REPRESENTATION_ITEM(
  '') );
#334 = CARTESIAN_POINT('',(-14.9044826719,9.5));
#335 = CARTESIAN_POINT('',(-14.9044826719,6.815321248268));
#336 = CARTESIAN_POINT('',(-17.2294826719,8.157660624134));
#337 = CARTESIAN_POINT('',(-19.5544826719,9.5));
#338 = CARTESIAN_POINT('',(-17.2294826719,10.842339375866));
#339 = CARTESIAN_POINT('',(-14.9044826719,12.184678751732));
#340 = CARTESIAN_POINT('',(-14.9044826719,9.5));
#341 = ( GEOMETRIC_REPRESENTATION_CONTEXT(2) 
PARAMETRIC_REPRESENTATION_CONTEXT() REPRESENTATION_CONTEXT('2D SPACE',''
  ) );
#342 = PCURVE('',#343,#348);
#343 = CYLINDRICAL_SURFACE('',#344,1.55);
#344 = AXIS2_PLACEMENT_3D('',#345,#346,#347);
#345 = CARTESIAN_POINT('',(-16.4544826719,9.5,-3.1));
#346 = DIRECTION('',(-0.,-0.,-1.));
#347 = DIRECTION('',(1.,0.,0.));
#348 = DEFINITIONAL_REPRESENTATION('',(#349),#353);
#349 = LINE('',#350,#351);
#350 = CARTESIAN_POINT('',(-6.28318530718,-3.1));
#351 = VECTOR('',#352,1.);
#352 = DIRECTION('',(1.,-0.));
#353 = ( GEOMETRIC_REPRESENTATION_CONTEXT(2) 
PARAMETRIC_REPRESENTATION_CONTEXT() REPRESENTATION_CONTEXT('2D SPACE',''
  ) );
#354 = FACE_BOUND('',#355,.T.);
#355 = EDGE_LOOP('',(#356));
#356 = ORIENTED_EDGE('',*,*,#357,.T.);
#357 = EDGE_CURVE('',#358,#358,#360,.T.);
#358 = VERTEX_POINT('',#359);
#359 = CARTESIAN_POINT('',(-7.95,16.454482671904,0.));
#360 = SURFACE_CURVE('',#361,(#366,#377),.PCURVE_S1.);
#361 = CIRCLE('',#362,1.55);
#362 = AXIS2_PLACEMENT_3D('',#363,#364,#365);
#363 = CARTESIAN_POINT('',(-9.5,16.454482671904,0.));
#364 = DIRECTION('',(0.,0.,-1.));
#365 = DIRECTION('',(1.,0.,0.));
#366 = PCURVE('',#94,#367);
#367 = DEFINITIONAL_REPRESENTATION('',(#368),#376);
#368 = ( BOUNDED_CURVE() B_SPLINE_CURVE(2,(#369,#370,#371,#372,#373,#374
,#375),.UNSPECIFIED.,.T.,.F.) B_SPLINE_CURVE_WITH_KNOTS((1,2,2,2,2,1),(
    -2.094395102393,0.,2.094395102393,4.188790204786,6.28318530718,
8.377580409573),.UNSPECIFIED.) CURVE() GEOMETRIC_REPRESENTATION_ITEM() 
RATIONAL_B_SPLINE_CURVE((1.,0.5,1.,0.5,1.,0.5,1.)) REPRESENTATION_ITEM(
  '') );
#369 = CARTESIAN_POINT('',(-7.95,16.454482671904));
#370 = CARTESIAN_POINT('',(-7.95,13.769803920173));
#371 = CARTESIAN_POINT('',(-10.275,15.112143296038));
#372 = CARTESIAN_POINT('',(-12.6,16.454482671904));
#373 = CARTESIAN_POINT('',(-10.275,17.79682204777));
#374 = CARTESIAN_POINT('',(-7.95,19.139161423636));
#375 = CARTESIAN_POINT('',(-7.95,16.454482671904));
#376 = ( GEOMETRIC_REPRESENTATION_CONTEXT(2) 
PARAMETRIC_REPRESENTATION_CONTEXT() REPRESENTATION_CONTEXT('2D SPACE',''
  ) );
#377 = PCURVE('',#378,#383);
#378 = CYLINDRICAL_SURFACE('',#379,1.55);
#379 = AXIS2_PLACEMENT_3D('',#380,#381,#382);
#380 = CARTESIAN_POINT('',(-9.5,16.454482671904,-3.1));
#381 = DIRECTION('',(-0.,-0.,-1.));
#382 = DIRECTION('',(1.,0.,0.));
#383 = DEFINITIONAL_REPRESENTATION('',(#384),#388);
#384 = LINE('',#385,#386);
#385 = CARTESIAN_POINT('',(-6.28318530718,-3.1));
#386 = VECTOR('',#387,1.);
#387 = DIRECTION('',(1.,-0.));
#388 = ( GEOMETRIC_REPRESENTATION_CONTEXT(2) 
PARAMETRIC_REPRESENTATION_CONTEXT() REPRESENTATION_CONTEXT('2D SPACE',''
  ) );
#389 = FACE_BOUND('',#390,.T.);
#390 = EDGE_LOOP('',(#391));
#391 = ORIENTED_EDGE('',*,*,#392,.T.);
#392 = EDGE_CURVE('',#393,#393,#395,.T.);
#393 = VERTEX_POINT('',#394);
#394 = CARTESIAN_POINT('',(12.5,0.,0.));
#395 = SURFACE_CURVE('',#396,(#401,#412),.PCURVE_S1.);
#396 = CIRCLE('',#397,12.5);
#397 = AXIS2_PLACEMENT_3D('',#398,#399,#400);
#398 = CARTESIAN_POINT('',(0.,0.,0.));
#399 = DIRECTION('',(0.,0.,-1.));
#400 = DIRECTION('',(1.,0.,0.));
#401 = PCURVE('',#94,#402);
#402 = DEFINITIONAL_REPRESENTATION('',(#403),#411);
#403 = ( BOUNDED_CURVE() B_SPLINE_CURVE(2,(#404,#405,#406,#407,#408,#409
,#410),.UNSPECIFIED.,.T.,.F.) B_SPLINE_CURVE_WITH_KNOTS((1,2,2,2,2,1),(
    -2.094395102393,0.,2.094395102393,4.188790204786,6.28318530718,
8.377580409573),.UNSPECIFIED.) CURVE() GEOMETRIC_REPRESENTATION_ITEM() 
RATIONAL_B_SPLINE_CURVE((1.,0.5,1.,0.5,1.,0.5,1.)) REPRESENTATION_ITEM(
  '') );
#404 = CARTESIAN_POINT('',(12.5,6.80906842916E-17));
#405 = CARTESIAN_POINT('',(12.5,-21.65063509461));
#406 = CARTESIAN_POINT('',(-6.25,-10.8253175473));
#407 = CARTESIAN_POINT('',(-25.,-2.993526313577E-15));
#408 = CARTESIAN_POINT('',(-6.25,10.825317547305));
#409 = CARTESIAN_POINT('',(12.5,21.650635094611));
#410 = CARTESIAN_POINT('',(12.5,6.80906842916E-17));
#411 = ( GEOMETRIC_REPRESENTATION_CONTEXT(2) 
PARAMETRIC_REPRESENTATION_CONTEXT() REPRESENTATION_CONTEXT('2D SPACE',''
  ) );
#412 = PCURVE('',#413,#418);
#413 = CYLINDRICAL_SURFACE('',#414,12.5);
#414 = AXIS2_PLACEMENT_3D('',#415,#416,#417);
#415 = CARTESIAN_POINT('',(0.,0.,-15.));
#416 = DIRECTION('',(-0.,-0.,-1.));
#417 = DIRECTION('',(1.,0.,0.));
#418 = DEFINITIONAL_REPRESENTATION('',(#419),#423);
#419 = LINE('',#420,#421);
#420 = CARTESIAN_POINT('',(-6.28318530718,-15.));
#421 = VECTOR('',#422,1.);
#422 = DIRECTION('',(1.,-0.));
#423 = ( GEOMETRIC_REPRESENTATION_CONTEXT(2) 
PARAMETRIC_REPRESENTATION_CONTEXT() REPRESENTATION_CONTEXT('2D SPACE',''
  ) );
#424 = FACE_BOUND('',#425,.T.);
#425 = EDGE_LOOP('',(#426));
#426 = ORIENTED_EDGE('',*,*,#427,.T.);
#427 = EDGE_CURVE('',#428,#428,#430,.T.);
#428 = VERTEX_POINT('',#429);
#429 = CARTESIAN_POINT('',(20.55,0.,0.));
#430 = SURFACE_CURVE('',#431,(#436,#447),.PCURVE_S1.);
#431 = CIRCLE('',#432,1.55);
#432 = AXIS2_PLACEMENT_3D('',#433,#434,#435);
#433 = CARTESIAN_POINT('',(19.,0.,0.));
#434 = DIRECTION('',(0.,0.,-1.));
#435 = DIRECTION('',(1.,0.,0.));
#436 = PCURVE('',#94,#437);
#437 = DEFINITIONAL_REPRESENTATION('',(#438),#446);
#438 = ( BOUNDED_CURVE() B_SPLINE_CURVE(2,(#439,#440,#441,#442,#443,#444
,#445),.UNSPECIFIED.,.T.,.F.) B_SPLINE_CURVE_WITH_KNOTS((1,2,2,2,2,1),(
    -2.094395102393,0.,2.094395102393,4.188790204786,6.28318530718,
8.377580409573),.UNSPECIFIED.) CURVE() GEOMETRIC_REPRESENTATION_ITEM() 
RATIONAL_B_SPLINE_CURVE((1.,0.5,1.,0.5,1.,0.5,1.)) REPRESENTATION_ITEM(
  '') );
#439 = CARTESIAN_POINT('',(20.55,6.80906842916E-17));
#440 = CARTESIAN_POINT('',(20.55,-2.684678751732));
#441 = CARTESIAN_POINT('',(18.225,-1.342339375866));
#442 = CARTESIAN_POINT('',(15.9,-3.115498234441E-16));
#443 = CARTESIAN_POINT('',(18.225,1.342339375866));
#444 = CARTESIAN_POINT('',(20.55,2.684678751732));
#445 = CARTESIAN_POINT('',(20.55,6.80906842916E-17));
#446 = ( GEOMETRIC_REPRESENTATION_CONTEXT(2) 
PARAMETRIC_REPRESENTATION_CONTEXT() REPRESENTATION_CONTEXT('2D SPACE',''
  ) );
#447 = PCURVE('',#448,#453);
#448 = CYLINDRICAL_SURFACE('',#449,1.55);
#449 = AXIS2_PLACEMENT_3D('',#450,#451,#452);
#450 = CARTESIAN_POINT('',(19.,0.,-3.1));
#451 = DIRECTION('',(-0.,-0.,-1.));
#452 = DIRECTION('',(1.,0.,0.));
#453 = DEFINITIONAL_REPRESENTATION('',(#454),#458);
#454 = LINE('',#455,#456);
#455 = CARTESIAN_POINT('',(-6.28318530718,-3.1));
#456 = VECTOR('',#457,1.);
#457 = DIRECTION('',(1.,-0.));
#458 = ( GEOMETRIC_REPRESENTATION_CONTEXT(2) 
PARAMETRIC_REPRESENTATION_CONTEXT() REPRESENTATION_CONTEXT('2D SPACE',''
  ) );
#459 = FACE_BOUND('',#460,.T.);
#460 = EDGE_LOOP('',(#461));
#461 = ORIENTED_EDGE('',*,*,#462,.T.);
#462 = EDGE_CURVE('',#463,#463,#465,.T.);
#463 = VERTEX_POINT('',#464);
#464 = CARTESIAN_POINT('',(18.004482671904,9.5,0.));
#465 = SURFACE_CURVE('',#466,(#471,#482),.PCURVE_S1.);
#466 = CIRCLE('',#467,1.55);
#467 = AXIS2_PLACEMENT_3D('',#468,#469,#470);
#468 = CARTESIAN_POINT('',(16.454482671904,9.5,0.));
#469 = DIRECTION('',(0.,0.,-1.));
#470 = DIRECTION('',(1.,0.,0.));
#471 = PCURVE('',#94,#472);
#472 = DEFINITIONAL_REPRESENTATION('',(#473),#481);
#473 = ( BOUNDED_CURVE() B_SPLINE_CURVE(2,(#474,#475,#476,#477,#478,#479
,#480),.UNSPECIFIED.,.T.,.F.) B_SPLINE_CURVE_WITH_KNOTS((1,2,2,2,2,1),(
    -2.094395102393,0.,2.094395102393,4.188790204786,6.28318530718,
8.377580409573),.UNSPECIFIED.) CURVE() GEOMETRIC_REPRESENTATION_ITEM() 
RATIONAL_B_SPLINE_CURVE((1.,0.5,1.,0.5,1.,0.5,1.)) REPRESENTATION_ITEM(
  '') );
#474 = CARTESIAN_POINT('',(18.004482671904,9.5));
#475 = CARTESIAN_POINT('',(18.004482671904,6.815321248268));
#476 = CARTESIAN_POINT('',(15.679482671904,8.157660624134));
#477 = CARTESIAN_POINT('',(13.354482671904,9.5));
#478 = CARTESIAN_POINT('',(15.679482671904,10.842339375866));
#479 = CARTESIAN_POINT('',(18.004482671904,12.184678751732));
#480 = CARTESIAN_POINT('',(18.004482671904,9.5));
#481 = ( GEOMETRIC_REPRESENTATION_CONTEXT(2) 
PARAMETRIC_REPRESENTATION_CONTEXT() REPRESENTATION_CONTEXT('2D SPACE',''
  ) );
#482 = PCURVE('',#483,#488);
#483 = CYLINDRICAL_SURFACE('',#484,1.55);
#484 = AXIS2_PLACEMENT_3D('',#485,#486,#487);
#485 = CARTESIAN_POINT('',(16.454482671904,9.5,-3.1));
#486 = DIRECTION('',(-0.,-0.,-1.));
#487 = DIRECTION('',(1.,0.,0.));
#488 = DEFINITIONAL_REPRESENTATION('',(#489),#493);
#489 = LINE('',#490,#491);
#490 = CARTESIAN_POINT('',(-6.28318530718,-3.1));
#491 = VECTOR('',#492,1.);
#492 = DIRECTION('',(1.,-0.));
#493 = ( GEOMETRIC_REPRESENTATION_CONTEXT(2) 
PARAMETRIC_REPRESENTATION_CONTEXT() REPRESENTATION_CONTEXT('2D SPACE',''
  ) );
#494 = FACE_BOUND('',#495,.T.);
#495 = EDGE_LOOP('',(#496));
#496 = ORIENTED_EDGE('',*,*,#497,.T.);
#497 = EDGE_CURVE('',#498,#498,#500,.T.);
#498 = VERTEX_POINT('',#499);
#499 = CARTESIAN_POINT('',(1.55,19.,0.));
#500 = SURFACE_CURVE('',#501,(#506,#517),.PCURVE_S1.);
#501 = CIRCLE('',#502,1.55);
#502 = AXIS2_PLACEMENT_3D('',#503,#504,#505);
#503 = CARTESIAN_POINT('',(1.16341445919E-15,19.,0.));
#504 = DIRECTION('',(0.,0.,-1.));
#505 = DIRECTION('',(1.,0.,0.));
#506 = PCURVE('',#94,#507);
#507 = DEFINITIONAL_REPRESENTATION('',(#508),#516);
#508 = ( BOUNDED_CURVE() B_SPLINE_CURVE(2,(#509,#510,#511,#512,#513,#514
,#515),.UNSPECIFIED.,.T.,.F.) B_SPLINE_CURVE_WITH_KNOTS((1,2,2,2,2,1),(
    -2.094395102393,0.,2.094395102393,4.188790204786,6.28318530718,
8.377580409573),.UNSPECIFIED.) CURVE() GEOMETRIC_REPRESENTATION_ITEM() 
RATIONAL_B_SPLINE_CURVE((1.,0.5,1.,0.5,1.,0.5,1.)) REPRESENTATION_ITEM(
  '') );
#509 = CARTESIAN_POINT('',(1.55,19.));
#510 = CARTESIAN_POINT('',(1.55,16.315321248268));
#511 = CARTESIAN_POINT('',(-0.775,17.657660624134));
#512 = CARTESIAN_POINT('',(-3.1,19.));
#513 = CARTESIAN_POINT('',(-0.775,20.342339375866));
#514 = CARTESIAN_POINT('',(1.55,21.684678751732));
#515 = CARTESIAN_POINT('',(1.55,19.));
#516 = ( GEOMETRIC_REPRESENTATION_CONTEXT(2) 
PARAMETRIC_REPRESENTATION_CONTEXT() REPRESENTATION_CONTEXT('2D SPACE',''
  ) );
#517 = PCURVE('',#518,#523);
#518 = CYLINDRICAL_SURFACE('',#519,1.55);
#519 = AXIS2_PLACEMENT_3D('',#520,#521,#522);
#520 = CARTESIAN_POINT('',(1.16341445919E-15,19.,-3.1));
#521 = DIRECTION('',(-0.,-0.,-1.));
#522 = DIRECTION('',(1.,0.,0.));
#523 = DEFINITIONAL_REPRESENTATION('',(#524),#528);
#524 = LINE('',#525,#526);
#525 = CARTESIAN_POINT('',(-6.28318530718,-3.1));
#526 = VECTOR('',#527,1.);
#527 = DIRECTION('',(1.,-0.));
#528 = ( GEOMETRIC_REPRESENTATION_CONTEXT(2) 
PARAMETRIC_REPRESENTATION_CONTEXT() REPRESENTATION_CONTEXT('2D SPACE',''
  ) );
#529 = FACE_BOUND('',#530,.T.);
#530 = EDGE_LOOP('',(#531));
#531 = ORIENTED_EDGE('',*,*,#532,.T.);
#532 = EDGE_CURVE('',#533,#533,#535,.T.);
#533 = VERTEX_POINT('',#534);
#534 = CARTESIAN_POINT('',(11.05,16.454482671904,0.));
#535 = SURFACE_CURVE('',#536,(#541,#552),.PCURVE_S1.);
#536 = CIRCLE('',#537,1.55);
#537 = AXIS2_PLACEMENT_3D('',#538,#539,#540);
#538 = CARTESIAN_POINT('',(9.5,16.454482671904,0.));
#539 = DIRECTION('',(0.,0.,-1.));
#540 = DIRECTION('',(1.,0.,0.));
#541 = PCURVE('',#94,#542);
#542 = DEFINITIONAL_REPRESENTATION('',(#543),#551);
#543 = ( BOUNDED_CURVE() B_SPLINE_CURVE(2,(#544,#545,#546,#547,#548,#549
,#550),.UNSPECIFIED.,.T.,.F.) B_SPLINE_CURVE_WITH_KNOTS((1,2,2,2,2,1),(
    -2.094395102393,0.,2.094395102393,4.188790204786,6.28318530718,
8.377580409573),.UNSPECIFIED.) CURVE() GEOMETRIC_REPRESENTATION_ITEM() 
RATIONAL_B_SPLINE_CURVE((1.,0.5,1.,0.5,1.,0.5,1.)) REPRESENTATION_ITEM(
  '') );
#544 = CARTESIAN_POINT('',(11.05,16.454482671904));
#545 = CARTESIAN_POINT('',(11.05,13.769803920173));
#546 = CARTESIAN_POINT('',(8.725,15.112143296038));
#547 = CARTESIAN_POINT('',(6.4,16.454482671904));
#548 = CARTESIAN_POINT('',(8.725,17.79682204777));
#549 = CARTESIAN_POINT('',(11.05,19.139161423636));
#550 = CARTESIAN_POINT('',(11.05,16.454482671904));
#551 = ( GEOMETRIC_REPRESENTATION_CONTEXT(2) 
PARAMETRIC_REPRESENTATION_CONTEXT() REPRESENTATION_CONTEXT('2D SPACE',''
  ) );
#552 = PCURVE('',#553,#558);
#553 = CYLINDRICAL_SURFACE('',#554,1.55);
#554 = AXIS2_PLACEMENT_3D('',#555,#556,#557);
#555 = CARTESIAN_POINT('',(9.5,16.454482671904,-3.1));
#556 = DIRECTION('',(-0.,-0.,-1.));
#557 = DIRECTION('',(1.,0.,0.));
#558 = DEFINITIONAL_REPRESENTATION('',(#559),#563);
#559 = LINE('',#560,#561);
#560 = CARTESIAN_POINT('',(-6.28318530718,-3.1));
#561 = VECTOR('',#562,1.);
#562 = DIRECTION('',(1.,-0.));
#563 = ( GEOMETRIC_REPRESENTATION_CONTEXT(2) 
PARAMETRIC_REPRESENTATION_CONTEXT() REPRESENTATION_CONTEXT('2D SPACE',''
  ) );
#564 = ADVANCED_FACE('',(#565,#568,#603,#638,#673,#708,#743,#778,#813,
    #848,#878,#913,#948,#983),#66,.F.);
#565 = FACE_BOUND('',#566,.F.);
#566 = EDGE_LOOP('',(#567));
#567 = ORIENTED_EDGE('',*,*,#51,.T.);
#568 = FACE_BOUND('',#569,.F.);
#569 = EDGE_LOOP('',(#570));
#570 = ORIENTED_EDGE('',*,*,#571,.T.);
#571 = EDGE_CURVE('',#572,#572,#574,.T.);
#572 = VERTEX_POINT('',#573);
#573 = CARTESIAN_POINT('',(2.95,-19.,-3.));
#574 = SURFACE_CURVE('',#575,(#580,#591),.PCURVE_S1.);
#575 = CIRCLE('',#576,2.95);
#576 = AXIS2_PLACEMENT_3D('',#577,#578,#579);
#577 = CARTESIAN_POINT('',(-3.49024337757E-15,-19.,-3.));
#578 = DIRECTION('',(0.,0.,-1.));
#579 = DIRECTION('',(1.,0.,0.));
#580 = PCURVE('',#66,#581);
#581 = DEFINITIONAL_REPRESENTATION('',(#582),#590);
#582 = ( BOUNDED_CURVE() B_SPLINE_CURVE(2,(#583,#584,#585,#586,#587,#588
,#589),.UNSPECIFIED.,.T.,.F.) B_SPLINE_CURVE_WITH_KNOTS((1,2,2,2,2,1),(
    -2.094395102393,0.,2.094395102393,4.188790204786,6.28318530718,
8.377580409573),.UNSPECIFIED.) CURVE() GEOMETRIC_REPRESENTATION_ITEM() 
RATIONAL_B_SPLINE_CURVE((1.,0.5,1.,0.5,1.,0.5,1.)) REPRESENTATION_ITEM(
  '') );
#583 = CARTESIAN_POINT('',(2.95,-19.));
#584 = CARTESIAN_POINT('',(2.95,-24.10954988232));
#585 = CARTESIAN_POINT('',(-1.475,-21.55477494116));
#586 = CARTESIAN_POINT('',(-5.9,-19.));
#587 = CARTESIAN_POINT('',(-1.475,-16.44522505883));
#588 = CARTESIAN_POINT('',(2.95,-13.89045011767));
#589 = CARTESIAN_POINT('',(2.95,-19.));
#590 = ( GEOMETRIC_REPRESENTATION_CONTEXT(2) 
PARAMETRIC_REPRESENTATION_CONTEXT() REPRESENTATION_CONTEXT('2D SPACE',''
  ) );
#591 = PCURVE('',#592,#597);
#592 = CYLINDRICAL_SURFACE('',#593,2.95);
#593 = AXIS2_PLACEMENT_3D('',#594,#595,#596);
#594 = CARTESIAN_POINT('',(-3.49024337757E-15,-19.,-3.01));
#595 = DIRECTION('',(-0.,-0.,-1.));
#596 = DIRECTION('',(1.,0.,0.));
#597 = DEFINITIONAL_REPRESENTATION('',(#598),#602);
#598 = LINE('',#599,#600);
#599 = CARTESIAN_POINT('',(-6.28318530718,-1.E-02));
#600 = VECTOR('',#601,1.);
#601 = DIRECTION('',(1.,-0.));
#602 = ( GEOMETRIC_REPRESENTATION_CONTEXT(2) 
PARAMETRIC_REPRESENTATION_CONTEXT() REPRESENTATION_CONTEXT('2D SPACE',''
  ) );
#603 = FACE_BOUND('',#604,.F.);
#604 = EDGE_LOOP('',(#605));
#605 = ORIENTED_EDGE('',*,*,#606,.T.);
#606 = EDGE_CURVE('',#607,#607,#609,.T.);
#607 = VERTEX_POINT('',#608);
#608 = CARTESIAN_POINT('',(-6.55,-16.4544826719,-3.));
#609 = SURFACE_CURVE('',#610,(#615,#626),.PCURVE_S1.);
#610 = CIRCLE('',#611,2.95);
#611 = AXIS2_PLACEMENT_3D('',#612,#613,#614);
#612 = CARTESIAN_POINT('',(-9.5,-16.4544826719,-3.));
#613 = DIRECTION('',(0.,0.,-1.));
#614 = DIRECTION('',(1.,0.,0.));
#615 = PCURVE('',#66,#616);
#616 = DEFINITIONAL_REPRESENTATION('',(#617),#625);
#617 = ( BOUNDED_CURVE() B_SPLINE_CURVE(2,(#618,#619,#620,#621,#622,#623
,#624),.UNSPECIFIED.,.T.,.F.) B_SPLINE_CURVE_WITH_KNOTS((1,2,2,2,2,1),(
    -2.094395102393,0.,2.094395102393,4.188790204786,6.28318530718,
8.377580409573),.UNSPECIFIED.) CURVE() GEOMETRIC_REPRESENTATION_ITEM() 
RATIONAL_B_SPLINE_CURVE((1.,0.5,1.,0.5,1.,0.5,1.)) REPRESENTATION_ITEM(
  '') );
#618 = CARTESIAN_POINT('',(-6.55,-16.4544826719));
#619 = CARTESIAN_POINT('',(-6.55,-21.56403255423));
#620 = CARTESIAN_POINT('',(-10.975,-19.00925761306));
#621 = CARTESIAN_POINT('',(-15.4,-16.4544826719));
#622 = CARTESIAN_POINT('',(-10.975,-13.89970773074));
#623 = CARTESIAN_POINT('',(-6.55,-11.34493278957));
#624 = CARTESIAN_POINT('',(-6.55,-16.4544826719));
#625 = ( GEOMETRIC_REPRESENTATION_CONTEXT(2) 
PARAMETRIC_REPRESENTATION_CONTEXT() REPRESENTATION_CONTEXT('2D SPACE',''
  ) );
#626 = PCURVE('',#627,#632);
#627 = CYLINDRICAL_SURFACE('',#628,2.95);
#628 = AXIS2_PLACEMENT_3D('',#629,#630,#631);
#629 = CARTESIAN_POINT('',(-9.5,-16.4544826719,-3.01));
#630 = DIRECTION('',(-0.,-0.,-1.));
#631 = DIRECTION('',(1.,0.,0.));
#632 = DEFINITIONAL_REPRESENTATION('',(#633),#637);
#633 = LINE('',#634,#635);
#634 = CARTESIAN_POINT('',(-6.28318530718,-1.E-02));
#635 = VECTOR('',#636,1.);
#636 = DIRECTION('',(1.,-0.));
#637 = ( GEOMETRIC_REPRESENTATION_CONTEXT(2) 
PARAMETRIC_REPRESENTATION_CONTEXT() REPRESENTATION_CONTEXT('2D SPACE',''
  ) );
#638 = FACE_BOUND('',#639,.F.);
#639 = EDGE_LOOP('',(#640));
#640 = ORIENTED_EDGE('',*,*,#641,.T.);
#641 = EDGE_CURVE('',#642,#642,#644,.T.);
#642 = VERTEX_POINT('',#643);
#643 = CARTESIAN_POINT('',(-13.5044826719,-9.5,-3.));
#644 = SURFACE_CURVE('',#645,(#650,#661),.PCURVE_S1.);
#645 = CIRCLE('',#646,2.95);
#646 = AXIS2_PLACEMENT_3D('',#647,#648,#649);
#647 = CARTESIAN_POINT('',(-16.4544826719,-9.5,-3.));
#648 = DIRECTION('',(0.,0.,-1.));
#649 = DIRECTION('',(1.,0.,0.));
#650 = PCURVE('',#66,#651);
#651 = DEFINITIONAL_REPRESENTATION('',(#652),#660);
#652 = ( BOUNDED_CURVE() B_SPLINE_CURVE(2,(#653,#654,#655,#656,#657,#658
,#659),.UNSPECIFIED.,.T.,.F.) B_SPLINE_CURVE_WITH_KNOTS((1,2,2,2,2,1),(
    -2.094395102393,0.,2.094395102393,4.188790204786,6.28318530718,
8.377580409573),.UNSPECIFIED.) CURVE() GEOMETRIC_REPRESENTATION_ITEM() 
RATIONAL_B_SPLINE_CURVE((1.,0.5,1.,0.5,1.,0.5,1.)) REPRESENTATION_ITEM(
  '') );
#653 = CARTESIAN_POINT('',(-13.5044826719,-9.5));
#654 = CARTESIAN_POINT('',(-13.5044826719,-14.60954988232));
#655 = CARTESIAN_POINT('',(-17.9294826719,-12.05477494116));
#656 = CARTESIAN_POINT('',(-22.3544826719,-9.5));
#657 = CARTESIAN_POINT('',(-17.9294826719,-6.945225058836));
#658 = CARTESIAN_POINT('',(-13.5044826719,-4.390450117672));
#659 = CARTESIAN_POINT('',(-13.5044826719,-9.5));
#660 = ( GEOMETRIC_REPRESENTATION_CONTEXT(2) 
PARAMETRIC_REPRESENTATION_CONTEXT() REPRESENTATION_CONTEXT('2D SPACE',''
  ) );
#661 = PCURVE('',#662,#667);
#662 = CYLINDRICAL_SURFACE('',#663,2.95);
#663 = AXIS2_PLACEMENT_3D('',#664,#665,#666);
#664 = CARTESIAN_POINT('',(-16.4544826719,-9.5,-3.01));
#665 = DIRECTION('',(-0.,-0.,-1.));
#666 = DIRECTION('',(1.,0.,0.));
#667 = DEFINITIONAL_REPRESENTATION('',(#668),#672);
#668 = LINE('',#669,#670);
#669 = CARTESIAN_POINT('',(-6.28318530718,-1.E-02));
#670 = VECTOR('',#671,1.);
#671 = DIRECTION('',(1.,-0.));
#672 = ( GEOMETRIC_REPRESENTATION_CONTEXT(2) 
PARAMETRIC_REPRESENTATION_CONTEXT() REPRESENTATION_CONTEXT('2D SPACE',''
  ) );
#673 = FACE_BOUND('',#674,.F.);
#674 = EDGE_LOOP('',(#675));
#675 = ORIENTED_EDGE('',*,*,#676,.T.);
#676 = EDGE_CURVE('',#677,#677,#679,.T.);
#677 = VERTEX_POINT('',#678);
#678 = CARTESIAN_POINT('',(12.45,-16.4544826719,-3.));
#679 = SURFACE_CURVE('',#680,(#685,#696),.PCURVE_S1.);
#680 = CIRCLE('',#681,2.95);
#681 = AXIS2_PLACEMENT_3D('',#682,#683,#684);
#682 = CARTESIAN_POINT('',(9.5,-16.4544826719,-3.));
#683 = DIRECTION('',(0.,0.,-1.));
#684 = DIRECTION('',(1.,0.,0.));
#685 = PCURVE('',#66,#686);
#686 = DEFINITIONAL_REPRESENTATION('',(#687),#695);
#687 = ( BOUNDED_CURVE() B_SPLINE_CURVE(2,(#688,#689,#690,#691,#692,#693
,#694),.UNSPECIFIED.,.T.,.F.) B_SPLINE_CURVE_WITH_KNOTS((1,2,2,2,2,1),(
    -2.094395102393,0.,2.094395102393,4.188790204786,6.28318530718,
8.377580409573),.UNSPECIFIED.) CURVE() GEOMETRIC_REPRESENTATION_ITEM() 
RATIONAL_B_SPLINE_CURVE((1.,0.5,1.,0.5,1.,0.5,1.)) REPRESENTATION_ITEM(
  '') );
#688 = CARTESIAN_POINT('',(12.45,-16.4544826719));
#689 = CARTESIAN_POINT('',(12.45,-21.56403255423));
#690 = CARTESIAN_POINT('',(8.025,-19.00925761306));
#691 = CARTESIAN_POINT('',(3.6,-16.4544826719));
#692 = CARTESIAN_POINT('',(8.025,-13.89970773074));
#693 = CARTESIAN_POINT('',(12.45,-11.34493278957));
#694 = CARTESIAN_POINT('',(12.45,-16.4544826719));
#695 = ( GEOMETRIC_REPRESENTATION_CONTEXT(2) 
PARAMETRIC_REPRESENTATION_CONTEXT() REPRESENTATION_CONTEXT('2D SPACE',''
  ) );
#696 = PCURVE('',#697,#702);
#697 = CYLINDRICAL_SURFACE('',#698,2.95);
#698 = AXIS2_PLACEMENT_3D('',#699,#700,#701);
#699 = CARTESIAN_POINT('',(9.5,-16.4544826719,-3.01));
#700 = DIRECTION('',(-0.,-0.,-1.));
#701 = DIRECTION('',(1.,0.,0.));
#702 = DEFINITIONAL_REPRESENTATION('',(#703),#707);
#703 = LINE('',#704,#705);
#704 = CARTESIAN_POINT('',(-6.28318530718,-1.E-02));
#705 = VECTOR('',#706,1.);
#706 = DIRECTION('',(1.,-0.));
#707 = ( GEOMETRIC_REPRESENTATION_CONTEXT(2) 
PARAMETRIC_REPRESENTATION_CONTEXT() REPRESENTATION_CONTEXT('2D SPACE',''
  ) );
#708 = FACE_BOUND('',#709,.F.);
#709 = EDGE_LOOP('',(#710));
#710 = ORIENTED_EDGE('',*,*,#711,.T.);
#711 = EDGE_CURVE('',#712,#712,#714,.T.);
#712 = VERTEX_POINT('',#713);
#713 = CARTESIAN_POINT('',(19.404482671904,-9.5,-3.));
#714 = SURFACE_CURVE('',#715,(#720,#731),.PCURVE_S1.);
#715 = CIRCLE('',#716,2.95);
#716 = AXIS2_PLACEMENT_3D('',#717,#718,#719);
#717 = CARTESIAN_POINT('',(16.454482671904,-9.5,-3.));
#718 = DIRECTION('',(0.,0.,-1.));
#719 = DIRECTION('',(1.,0.,0.));
#720 = PCURVE('',#66,#721);
#721 = DEFINITIONAL_REPRESENTATION('',(#722),#730);
#722 = ( BOUNDED_CURVE() B_SPLINE_CURVE(2,(#723,#724,#725,#726,#727,#728
,#729),.UNSPECIFIED.,.T.,.F.) B_SPLINE_CURVE_WITH_KNOTS((1,2,2,2,2,1),(
    -2.094395102393,0.,2.094395102393,4.188790204786,6.28318530718,
8.377580409573),.UNSPECIFIED.) CURVE() GEOMETRIC_REPRESENTATION_ITEM() 
RATIONAL_B_SPLINE_CURVE((1.,0.5,1.,0.5,1.,0.5,1.)) REPRESENTATION_ITEM(
  '') );
#723 = CARTESIAN_POINT('',(19.404482671904,-9.5));
#724 = CARTESIAN_POINT('',(19.404482671904,-14.60954988232));
#725 = CARTESIAN_POINT('',(14.979482671904,-12.05477494116));
#726 = CARTESIAN_POINT('',(10.554482671904,-9.5));
#727 = CARTESIAN_POINT('',(14.979482671904,-6.945225058836));
#728 = CARTESIAN_POINT('',(19.404482671904,-4.390450117672));
#729 = CARTESIAN_POINT('',(19.404482671904,-9.5));
#730 = ( GEOMETRIC_REPRESENTATION_CONTEXT(2) 
PARAMETRIC_REPRESENTATION_CONTEXT() REPRESENTATION_CONTEXT('2D SPACE',''
  ) );
#731 = PCURVE('',#732,#737);
#732 = CYLINDRICAL_SURFACE('',#733,2.95);
#733 = AXIS2_PLACEMENT_3D('',#734,#735,#736);
#734 = CARTESIAN_POINT('',(16.454482671904,-9.5,-3.01));
#735 = DIRECTION('',(-0.,-0.,-1.));
#736 = DIRECTION('',(1.,0.,0.));
#737 = DEFINITIONAL_REPRESENTATION('',(#738),#742);
#738 = LINE('',#739,#740);
#739 = CARTESIAN_POINT('',(-6.28318530718,-1.E-02));
#740 = VECTOR('',#741,1.);
#741 = DIRECTION('',(1.,-0.));
#742 = ( GEOMETRIC_REPRESENTATION_CONTEXT(2) 
PARAMETRIC_REPRESENTATION_CONTEXT() REPRESENTATION_CONTEXT('2D SPACE',''
  ) );
#743 = FACE_BOUND('',#744,.F.);
#744 = EDGE_LOOP('',(#745));
#745 = ORIENTED_EDGE('',*,*,#746,.T.);
#746 = EDGE_CURVE('',#747,#747,#749,.T.);
#747 = VERTEX_POINT('',#748);
#748 = CARTESIAN_POINT('',(-16.05,2.32682891838E-15,-3.));
#749 = SURFACE_CURVE('',#750,(#755,#766),.PCURVE_S1.);
#750 = CIRCLE('',#751,2.95);
#751 = AXIS2_PLACEMENT_3D('',#752,#753,#754);
#752 = CARTESIAN_POINT('',(-19.,2.32682891838E-15,-3.));
#753 = DIRECTION('',(0.,0.,-1.));
#754 = DIRECTION('',(1.,0.,0.));
#755 = PCURVE('',#66,#756);
#756 = DEFINITIONAL_REPRESENTATION('',(#757),#765);
#757 = ( BOUNDED_CURVE() B_SPLINE_CURVE(2,(#758,#759,#760,#761,#762,#763
,#764),.UNSPECIFIED.,.T.,.F.) B_SPLINE_CURVE_WITH_KNOTS((1,2,2,2,2,1),(
    -2.094395102393,0.,2.094395102393,4.188790204786,6.28318530718,
8.377580409573),.UNSPECIFIED.) CURVE() GEOMETRIC_REPRESENTATION_ITEM() 
RATIONAL_B_SPLINE_CURVE((1.,0.5,1.,0.5,1.,0.5,1.)) REPRESENTATION_ITEM(
  '') );
#758 = CARTESIAN_POINT('',(-16.05,2.394919602672E-15));
#759 = CARTESIAN_POINT('',(-16.05,-5.109549882328));
#760 = CARTESIAN_POINT('',(-20.475,-2.554774941164));
#761 = CARTESIAN_POINT('',(-24.9,1.672377991175E-15));
#762 = CARTESIAN_POINT('',(-20.475,2.554774941164));
#763 = CARTESIAN_POINT('',(-16.05,5.109549882328));
#764 = CARTESIAN_POINT('',(-16.05,2.394919602672E-15));
#765 = ( GEOMETRIC_REPRESENTATION_CONTEXT(2) 
PARAMETRIC_REPRESENTATION_CONTEXT() REPRESENTATION_CONTEXT('2D SPACE',''
  ) );
#766 = PCURVE('',#767,#772);
#767 = CYLINDRICAL_SURFACE('',#768,2.95);
#768 = AXIS2_PLACEMENT_3D('',#769,#770,#771);
#769 = CARTESIAN_POINT('',(-19.,2.32682891838E-15,-3.01));
#770 = DIRECTION('',(-0.,-0.,-1.));
#771 = DIRECTION('',(1.,0.,0.));
#772 = DEFINITIONAL_REPRESENTATION('',(#773),#777);
#773 = LINE('',#774,#775);
#774 = CARTESIAN_POINT('',(-6.28318530718,-1.E-02));
#775 = VECTOR('',#776,1.);
#776 = DIRECTION('',(1.,-0.));
#777 = ( GEOMETRIC_REPRESENTATION_CONTEXT(2) 
PARAMETRIC_REPRESENTATION_CONTEXT() REPRESENTATION_CONTEXT('2D SPACE',''
  ) );
#778 = FACE_BOUND('',#779,.F.);
#779 = EDGE_LOOP('',(#780));
#780 = ORIENTED_EDGE('',*,*,#781,.T.);
#781 = EDGE_CURVE('',#782,#782,#784,.T.);
#782 = VERTEX_POINT('',#783);
#783 = CARTESIAN_POINT('',(-13.5044826719,9.5,-3.));
#784 = SURFACE_CURVE('',#785,(#790,#801),.PCURVE_S1.);
#785 = CIRCLE('',#786,2.95);
#786 = AXIS2_PLACEMENT_3D('',#787,#788,#789);
#787 = CARTESIAN_POINT('',(-16.4544826719,9.5,-3.));
#788 = DIRECTION('',(0.,0.,-1.));
#789 = DIRECTION('',(1.,0.,0.));
#790 = PCURVE('',#66,#791);
#791 = DEFINITIONAL_REPRESENTATION('',(#792),#800);
#792 = ( BOUNDED_CURVE() B_SPLINE_CURVE(2,(#793,#794,#795,#796,#797,#798
,#799),.UNSPECIFIED.,.T.,.F.) B_SPLINE_CURVE_WITH_KNOTS((1,2,2,2,2,1),(
    -2.094395102393,0.,2.094395102393,4.188790204786,6.28318530718,
8.377580409573),.UNSPECIFIED.) CURVE() GEOMETRIC_REPRESENTATION_ITEM() 
RATIONAL_B_SPLINE_CURVE((1.,0.5,1.,0.5,1.,0.5,1.)) REPRESENTATION_ITEM(
  '') );
#793 = CARTESIAN_POINT('',(-13.5044826719,9.5));
#794 = CARTESIAN_POINT('',(-13.5044826719,4.390450117672));
#795 = CARTESIAN_POINT('',(-17.9294826719,6.945225058836));
#796 = CARTESIAN_POINT('',(-22.3544826719,9.5));
#797 = CARTESIAN_POINT('',(-17.9294826719,12.054774941164));
#798 = CARTESIAN_POINT('',(-13.5044826719,14.609549882328));
#799 = CARTESIAN_POINT('',(-13.5044826719,9.5));
#800 = ( GEOMETRIC_REPRESENTATION_CONTEXT(2) 
PARAMETRIC_REPRESENTATION_CONTEXT() REPRESENTATION_CONTEXT('2D SPACE',''
  ) );
#801 = PCURVE('',#802,#807);
#802 = CYLINDRICAL_SURFACE('',#803,2.95);
#803 = AXIS2_PLACEMENT_3D('',#804,#805,#806);
#804 = CARTESIAN_POINT('',(-16.4544826719,9.5,-3.01));
#805 = DIRECTION('',(-0.,-0.,-1.));
#806 = DIRECTION('',(1.,0.,0.));
#807 = DEFINITIONAL_REPRESENTATION('',(#808),#812);
#808 = LINE('',#809,#810);
#809 = CARTESIAN_POINT('',(-6.28318530718,-1.E-02));
#810 = VECTOR('',#811,1.);
#811 = DIRECTION('',(1.,-0.));
#812 = ( GEOMETRIC_REPRESENTATION_CONTEXT(2) 
PARAMETRIC_REPRESENTATION_CONTEXT() REPRESENTATION_CONTEXT('2D SPACE',''
  ) );
#813 = FACE_BOUND('',#814,.F.);
#814 = EDGE_LOOP('',(#815));
#815 = ORIENTED_EDGE('',*,*,#816,.T.);
#816 = EDGE_CURVE('',#817,#817,#819,.T.);
#817 = VERTEX_POINT('',#818);
#818 = CARTESIAN_POINT('',(-6.55,16.454482671904,-3.));
#819 = SURFACE_CURVE('',#820,(#825,#836),.PCURVE_S1.);
#820 = CIRCLE('',#821,2.95);
#821 = AXIS2_PLACEMENT_3D('',#822,#823,#824);
#822 = CARTESIAN_POINT('',(-9.5,16.454482671904,-3.));
#823 = DIRECTION('',(0.,0.,-1.));
#824 = DIRECTION('',(1.,0.,0.));
#825 = PCURVE('',#66,#826);
#826 = DEFINITIONAL_REPRESENTATION('',(#827),#835);
#827 = ( BOUNDED_CURVE() B_SPLINE_CURVE(2,(#828,#829,#830,#831,#832,#833
,#834),.UNSPECIFIED.,.T.,.F.) B_SPLINE_CURVE_WITH_KNOTS((1,2,2,2,2,1),(
    -2.094395102393,0.,2.094395102393,4.188790204786,6.28318530718,
8.377580409573),.UNSPECIFIED.) CURVE() GEOMETRIC_REPRESENTATION_ITEM() 
RATIONAL_B_SPLINE_CURVE((1.,0.5,1.,0.5,1.,0.5,1.)) REPRESENTATION_ITEM(
  '') );
#828 = CARTESIAN_POINT('',(-6.55,16.454482671904));
#829 = CARTESIAN_POINT('',(-6.55,11.344932789576));
#830 = CARTESIAN_POINT('',(-10.975,13.89970773074));
#831 = CARTESIAN_POINT('',(-15.4,16.454482671904));
#832 = CARTESIAN_POINT('',(-10.975,19.009257613068));
#833 = CARTESIAN_POINT('',(-6.55,21.564032554233));
#834 = CARTESIAN_POINT('',(-6.55,16.454482671904));
#835 = ( GEOMETRIC_REPRESENTATION_CONTEXT(2) 
PARAMETRIC_REPRESENTATION_CONTEXT() REPRESENTATION_CONTEXT('2D SPACE',''
  ) );
#836 = PCURVE('',#837,#842);
#837 = CYLINDRICAL_SURFACE('',#838,2.95);
#838 = AXIS2_PLACEMENT_3D('',#839,#840,#841);
#839 = CARTESIAN_POINT('',(-9.5,16.454482671904,-3.01));
#840 = DIRECTION('',(-0.,-0.,-1.));
#841 = DIRECTION('',(1.,0.,0.));
#842 = DEFINITIONAL_REPRESENTATION('',(#843),#847);
#843 = LINE('',#844,#845);
#844 = CARTESIAN_POINT('',(-6.28318530718,-1.E-02));
#845 = VECTOR('',#846,1.);
#846 = DIRECTION('',(1.,-0.));
#847 = ( GEOMETRIC_REPRESENTATION_CONTEXT(2) 
PARAMETRIC_REPRESENTATION_CONTEXT() REPRESENTATION_CONTEXT('2D SPACE',''
  ) );
#848 = FACE_BOUND('',#849,.F.);
#849 = EDGE_LOOP('',(#850));
#850 = ORIENTED_EDGE('',*,*,#851,.T.);
#851 = EDGE_CURVE('',#852,#852,#854,.T.);
#852 = VERTEX_POINT('',#853);
#853 = CARTESIAN_POINT('',(12.5,0.,-3.));
#854 = SURFACE_CURVE('',#855,(#860,#871),.PCURVE_S1.);
#855 = CIRCLE('',#856,12.5);
#856 = AXIS2_PLACEMENT_3D('',#857,#858,#859);
#857 = CARTESIAN_POINT('',(0.,0.,-3.));
#858 = DIRECTION('',(0.,0.,-1.));
#859 = DIRECTION('',(1.,0.,0.));
#860 = PCURVE('',#66,#861);
#861 = DEFINITIONAL_REPRESENTATION('',(#862),#870);
#862 = ( BOUNDED_CURVE() B_SPLINE_CURVE(2,(#863,#864,#865,#866,#867,#868
,#869),.UNSPECIFIED.,.T.,.F.) B_SPLINE_CURVE_WITH_KNOTS((1,2,2,2,2,1),(
    -2.094395102393,0.,2.094395102393,4.188790204786,6.28318530718,
8.377580409573),.UNSPECIFIED.) CURVE() GEOMETRIC_REPRESENTATION_ITEM() 
RATIONAL_B_SPLINE_CURVE((1.,0.5,1.,0.5,1.,0.5,1.)) REPRESENTATION_ITEM(
  '') );
#863 = CARTESIAN_POINT('',(12.5,6.80906842916E-17));
#864 = CARTESIAN_POINT('',(12.5,-21.65063509461));
#865 = CARTESIAN_POINT('',(-6.25,-10.8253175473));
#866 = CARTESIAN_POINT('',(-25.,-2.993526313577E-15));
#867 = CARTESIAN_POINT('',(-6.25,10.825317547305));
#868 = CARTESIAN_POINT('',(12.5,21.650635094611));
#869 = CARTESIAN_POINT('',(12.5,6.80906842916E-17));
#870 = ( GEOMETRIC_REPRESENTATION_CONTEXT(2) 
PARAMETRIC_REPRESENTATION_CONTEXT() REPRESENTATION_CONTEXT('2D SPACE',''
  ) );
#871 = PCURVE('',#413,#872);
#872 = DEFINITIONAL_REPRESENTATION('',(#873),#877);
#873 = LINE('',#874,#875);
#874 = CARTESIAN_POINT('',(-6.28318530718,-12.));
#875 = VECTOR('',#876,1.);
#876 = DIRECTION('',(1.,-0.));
#877 = ( GEOMETRIC_REPRESENTATION_CONTEXT(2) 
PARAMETRIC_REPRESENTATION_CONTEXT() REPRESENTATION_CONTEXT('2D SPACE',''
  ) );
#878 = FACE_BOUND('',#879,.F.);
#879 = EDGE_LOOP('',(#880));
#880 = ORIENTED_EDGE('',*,*,#881,.T.);
#881 = EDGE_CURVE('',#882,#882,#884,.T.);
#882 = VERTEX_POINT('',#883);
#883 = CARTESIAN_POINT('',(21.95,0.,-3.));
#884 = SURFACE_CURVE('',#885,(#890,#901),.PCURVE_S1.);
#885 = CIRCLE('',#886,2.95);
#886 = AXIS2_PLACEMENT_3D('',#887,#888,#889);
#887 = CARTESIAN_POINT('',(19.,0.,-3.));
#888 = DIRECTION('',(0.,0.,-1.));
#889 = DIRECTION('',(1.,0.,0.));
#890 = PCURVE('',#66,#891);
#891 = DEFINITIONAL_REPRESENTATION('',(#892),#900);
#892 = ( BOUNDED_CURVE() B_SPLINE_CURVE(2,(#893,#894,#895,#896,#897,#898
,#899),.UNSPECIFIED.,.T.,.F.) B_SPLINE_CURVE_WITH_KNOTS((1,2,2,2,2,1),(
    -2.094395102393,0.,2.094395102393,4.188790204786,6.28318530718,
8.377580409573),.UNSPECIFIED.) CURVE() GEOMETRIC_REPRESENTATION_ITEM() 
RATIONAL_B_SPLINE_CURVE((1.,0.5,1.,0.5,1.,0.5,1.)) REPRESENTATION_ITEM(
  '') );
#893 = CARTESIAN_POINT('',(21.95,6.80906842916E-17));
#894 = CARTESIAN_POINT('',(21.95,-5.109549882328));
#895 = CARTESIAN_POINT('',(17.525,-2.554774941164));
#896 = CARTESIAN_POINT('',(13.1,-6.544509272053E-16));
#897 = CARTESIAN_POINT('',(17.525,2.554774941164));
#898 = CARTESIAN_POINT('',(21.95,5.109549882328));
#899 = CARTESIAN_POINT('',(21.95,6.80906842916E-17));
#900 = ( GEOMETRIC_REPRESENTATION_CONTEXT(2) 
PARAMETRIC_REPRESENTATION_CONTEXT() REPRESENTATION_CONTEXT('2D SPACE',''
  ) );
#901 = PCURVE('',#902,#907);
#902 = CYLINDRICAL_SURFACE('',#903,2.95);
#903 = AXIS2_PLACEMENT_3D('',#904,#905,#906);
#904 = CARTESIAN_POINT('',(19.,0.,-3.01));
#905 = DIRECTION('',(-0.,-0.,-1.));
#906 = DIRECTION('',(1.,0.,0.));
#907 = DEFINITIONAL_REPRESENTATION('',(#908),#912);
#908 = LINE('',#909,#910);
#909 = CARTESIAN_POINT('',(-6.28318530718,-1.E-02));
#910 = VECTOR('',#911,1.);
#911 = DIRECTION('',(1.,-0.));
#912 = ( GEOMETRIC_REPRESENTATION_CONTEXT(2) 
PARAMETRIC_REPRESENTATION_CONTEXT() REPRESENTATION_CONTEXT('2D SPACE',''
  ) );
#913 = FACE_BOUND('',#914,.F.);
#914 = EDGE_LOOP('',(#915));
#915 = ORIENTED_EDGE('',*,*,#916,.T.);
#916 = EDGE_CURVE('',#917,#917,#919,.T.);
#917 = VERTEX_POINT('',#918);
#918 = CARTESIAN_POINT('',(19.404482671904,9.5,-3.));
#919 = SURFACE_CURVE('',#920,(#925,#936),.PCURVE_S1.);
#920 = CIRCLE('',#921,2.95);
#921 = AXIS2_PLACEMENT_3D('',#922,#923,#924);
#922 = CARTESIAN_POINT('',(16.454482671904,9.5,-3.));
#923 = DIRECTION('',(0.,0.,-1.));
#924 = DIRECTION('',(1.,0.,0.));
#925 = PCURVE('',#66,#926);
#926 = DEFINITIONAL_REPRESENTATION('',(#927),#935);
#927 = ( BOUNDED_CURVE() B_SPLINE_CURVE(2,(#928,#929,#930,#931,#932,#933
,#934),.UNSPECIFIED.,.T.,.F.) B_SPLINE_CURVE_WITH_KNOTS((1,2,2,2,2,1),(
    -2.094395102393,0.,2.094395102393,4.188790204786,6.28318530718,
8.377580409573),.UNSPECIFIED.) CURVE() GEOMETRIC_REPRESENTATION_ITEM() 
RATIONAL_B_SPLINE_CURVE((1.,0.5,1.,0.5,1.,0.5,1.)) REPRESENTATION_ITEM(
  '') );
#928 = CARTESIAN_POINT('',(19.404482671904,9.5));
#929 = CARTESIAN_POINT('',(19.404482671904,4.390450117672));
#930 = CARTESIAN_POINT('',(14.979482671904,6.945225058836));
#931 = CARTESIAN_POINT('',(10.554482671904,9.5));
#932 = CARTESIAN_POINT('',(14.979482671904,12.054774941164));
#933 = CARTESIAN_POINT('',(19.404482671904,14.609549882328));
#934 = CARTESIAN_POINT('',(19.404482671904,9.5));
#935 = ( GEOMETRIC_REPRESENTATION_CONTEXT(2) 
PARAMETRIC_REPRESENTATION_CONTEXT() REPRESENTATION_CONTEXT('2D SPACE',''
  ) );
#936 = PCURVE('',#937,#942);
#937 = CYLINDRICAL_SURFACE('',#938,2.95);
#938 = AXIS2_PLACEMENT_3D('',#939,#940,#941);
#939 = CARTESIAN_POINT('',(16.454482671904,9.5,-3.01));
#940 = DIRECTION('',(-0.,-0.,-1.));
#941 = DIRECTION('',(1.,0.,0.));
#942 = DEFINITIONAL_REPRESENTATION('',(#943),#947);
#943 = LINE('',#944,#945);
#944 = CARTESIAN_POINT('',(-6.28318530718,-1.E-02));
#945 = VECTOR('',#946,1.);
#946 = DIRECTION('',(1.,-0.));
#947 = ( GEOMETRIC_REPRESENTATION_CONTEXT(2) 
PARAMETRIC_REPRESENTATION_CONTEXT() REPRESENTATION_CONTEXT('2D SPACE',''
  ) );
#948 = FACE_BOUND('',#949,.F.);
#949 = EDGE_LOOP('',(#950));
#950 = ORIENTED_EDGE('',*,*,#951,.T.);
#951 = EDGE_CURVE('',#952,#952,#954,.T.);
#952 = VERTEX_POINT('',#953);
#953 = CARTESIAN_POINT('',(12.45,16.454482671904,-3.));
#954 = SURFACE_CURVE('',#955,(#960,#971),.PCURVE_S1.);
#955 = CIRCLE('',#956,2.95);
#956 = AXIS2_PLACEMENT_3D('',#957,#958,#959);
#957 = CARTESIAN_POINT('',(9.5,16.454482671904,-3.));
#958 = DIRECTION('',(0.,0.,-1.));
#959 = DIRECTION('',(1.,0.,0.));
#960 = PCURVE('',#66,#961);
#961 = DEFINITIONAL_REPRESENTATION('',(#962),#970);
#962 = ( BOUNDED_CURVE() B_SPLINE_CURVE(2,(#963,#964,#965,#966,#967,#968
,#969),.UNSPECIFIED.,.T.,.F.) B_SPLINE_CURVE_WITH_KNOTS((1,2,2,2,2,1),(
    -2.094395102393,0.,2.094395102393,4.188790204786,6.28318530718,
8.377580409573),.UNSPECIFIED.) CURVE() GEOMETRIC_REPRESENTATION_ITEM() 
RATIONAL_B_SPLINE_CURVE((1.,0.5,1.,0.5,1.,0.5,1.)) REPRESENTATION_ITEM(
  '') );
#963 = CARTESIAN_POINT('',(12.45,16.454482671904));
#964 = CARTESIAN_POINT('',(12.45,11.344932789576));
#965 = CARTESIAN_POINT('',(8.025,13.89970773074));
#966 = CARTESIAN_POINT('',(3.6,16.454482671904));
#967 = CARTESIAN_POINT('',(8.025,19.009257613068));
#968 = CARTESIAN_POINT('',(12.45,21.564032554233));
#969 = CARTESIAN_POINT('',(12.45,16.454482671904));
#970 = ( GEOMETRIC_REPRESENTATION_CONTEXT(2) 
PARAMETRIC_REPRESENTATION_CONTEXT() REPRESENTATION_CONTEXT('2D SPACE',''
  ) );
#971 = PCURVE('',#972,#977);
#972 = CYLINDRICAL_SURFACE('',#973,2.95);
#973 = AXIS2_PLACEMENT_3D('',#974,#975,#976);
#974 = CARTESIAN_POINT('',(9.5,16.454482671904,-3.01));
#975 = DIRECTION('',(-0.,-0.,-1.));
#976 = DIRECTION('',(1.,0.,0.));
#977 = DEFINITIONAL_REPRESENTATION('',(#978),#982);
#978 = LINE('',#979,#980);
#979 = CARTESIAN_POINT('',(-6.28318530718,-1.E-02));
#980 = VECTOR('',#981,1.);
#981 = DIRECTION('',(1.,-0.));
#982 = ( GEOMETRIC_REPRESENTATION_CONTEXT(2) 
PARAMETRIC_REPRESENTATION_CONTEXT() REPRESENTATION_CONTEXT('2D SPACE',''
  ) );
#983 = FACE_BOUND('',#984,.F.);
#984 = EDGE_LOOP('',(#985));
#985 = ORIENTED_EDGE('',*,*,#986,.T.);
#986 = EDGE_CURVE('',#987,#987,#989,.T.);
#987 = VERTEX_POINT('',#988);
#988 = CARTESIAN_POINT('',(2.95,19.,-3.));
#989 = SURFACE_CURVE('',#990,(#995,#1006),.PCURVE_S1.);
#990 = CIRCLE('',#991,2.95);
#991 = AXIS2_PLACEMENT_3D('',#992,#993,#994);
#992 = CARTESIAN_POINT('',(1.16341445919E-15,19.,-3.));
#993 = DIRECTION('',(0.,0.,-1.));
#994 = DIRECTION('',(1.,0.,0.));
#995 = PCURVE('',#66,#996);
#996 = DEFINITIONAL_REPRESENTATION('',(#997),#1005);
#997 = ( BOUNDED_CURVE() B_SPLINE_CURVE(2,(#998,#999,#1000,#1001,#1002,
#1003,#1004),.UNSPECIFIED.,.T.,.F.) B_SPLINE_CURVE_WITH_KNOTS((1,2,2,2,2
    ,1),(-2.094395102393,0.,2.094395102393,4.188790204786,6.28318530718,
8.377580409573),.UNSPECIFIED.) CURVE() GEOMETRIC_REPRESENTATION_ITEM() 
RATIONAL_B_SPLINE_CURVE((1.,0.5,1.,0.5,1.,0.5,1.)) REPRESENTATION_ITEM(
  '') );
#998 = CARTESIAN_POINT('',(2.95,19.));
#999 = CARTESIAN_POINT('',(2.95,13.890450117672));
#1000 = CARTESIAN_POINT('',(-1.475,16.445225058836));
#1001 = CARTESIAN_POINT('',(-5.9,19.));
#1002 = CARTESIAN_POINT('',(-1.475,21.554774941164));
#1003 = CARTESIAN_POINT('',(2.95,24.109549882328));
#1004 = CARTESIAN_POINT('',(2.95,19.));
#1005 = ( GEOMETRIC_REPRESENTATION_CONTEXT(2) 
PARAMETRIC_REPRESENTATION_CONTEXT() REPRESENTATION_CONTEXT('2D SPACE',''
  ) );
#1006 = PCURVE('',#1007,#1012);
#1007 = CYLINDRICAL_SURFACE('',#1008,2.95);
#1008 = AXIS2_PLACEMENT_3D('',#1009,#1010,#1011);
#1009 = CARTESIAN_POINT('',(1.16341445919E-15,19.,-3.01));
#1010 = DIRECTION('',(-0.,-0.,-1.));
#1011 = DIRECTION('',(1.,0.,0.));
#1012 = DEFINITIONAL_REPRESENTATION('',(#1013),#1017);
#1013 = LINE('',#1014,#1015);
#1014 = CARTESIAN_POINT('',(-6.28318530718,-1.E-02));
#1015 = VECTOR('',#1016,1.);
#1016 = DIRECTION('',(1.,-0.));
#1017 = ( GEOMETRIC_REPRESENTATION_CONTEXT(2) 
PARAMETRIC_REPRESENTATION_CONTEXT() REPRESENTATION_CONTEXT('2D SPACE',''
  ) );
#1018 = ADVANCED_FACE('',(#1019),#133,.F.);
#1019 = FACE_BOUND('',#1020,.T.);
#1020 = EDGE_LOOP('',(#1021,#1054,#1075,#1076));
#1021 = ORIENTED_EDGE('',*,*,#1022,.T.);
#1022 = EDGE_CURVE('',#1023,#1023,#1025,.T.);
#1023 = VERTEX_POINT('',#1024);
#1024 = CARTESIAN_POINT('',(-7.95,-16.4544826719,-1.81));
#1025 = SURFACE_CURVE('',#1026,(#1031,#1038),.PCURVE_S1.);
#1026 = CIRCLE('',#1027,1.55);
#1027 = AXIS2_PLACEMENT_3D('',#1028,#1029,#1030);
#1028 = CARTESIAN_POINT('',(-9.5,-16.4544826719,-1.81));
#1029 = DIRECTION('',(0.,0.,-1.));
#1030 = DIRECTION('',(1.,0.,0.));
#1031 = PCURVE('',#133,#1032);
#1032 = DEFINITIONAL_REPRESENTATION('',(#1033),#1037);
#1033 = LINE('',#1034,#1035);
#1034 = CARTESIAN_POINT('',(-6.28318530718,-1.29));
#1035 = VECTOR('',#1036,1.);
#1036 = DIRECTION('',(1.,-0.));
#1037 = ( GEOMETRIC_REPRESENTATION_CONTEXT(2) 
PARAMETRIC_REPRESENTATION_CONTEXT() REPRESENTATION_CONTEXT('2D SPACE',''
  ) );
#1038 = PCURVE('',#1039,#1044);
#1039 = PLANE('',#1040);
#1040 = AXIS2_PLACEMENT_3D('',#1041,#1042,#1043);
#1041 = CARTESIAN_POINT('',(-9.5,-16.4544826719,-1.81));
#1042 = DIRECTION('',(0.,0.,1.));
#1043 = DIRECTION('',(1.,0.,-0.));
#1044 = DEFINITIONAL_REPRESENTATION('',(#1045),#1053);
#1045 = ( BOUNDED_CURVE() B_SPLINE_CURVE(2,(#1046,#1047,#1048,#1049,
#1050,#1051,#1052),.UNSPECIFIED.,.T.,.F.) B_SPLINE_CURVE_WITH_KNOTS((1,2
    ,2,2,2,1),(-2.094395102393,0.,2.094395102393,4.188790204786,
6.28318530718,8.377580409573),.UNSPECIFIED.) CURVE() 
GEOMETRIC_REPRESENTATION_ITEM() RATIONAL_B_SPLINE_CURVE((1.,0.5,1.,0.5,
1.,0.5,1.)) REPRESENTATION_ITEM('') );
#1046 = CARTESIAN_POINT('',(1.55,0.));
#1047 = CARTESIAN_POINT('',(1.55,-2.684678751732));
#1048 = CARTESIAN_POINT('',(-0.775,-1.342339375866));
#1049 = CARTESIAN_POINT('',(-3.1,-3.796405077357E-16));
#1050 = CARTESIAN_POINT('',(-0.775,1.342339375866));
#1051 = CARTESIAN_POINT('',(1.55,2.684678751732));
#1052 = CARTESIAN_POINT('',(1.55,0.));
#1053 = ( GEOMETRIC_REPRESENTATION_CONTEXT(2) 
PARAMETRIC_REPRESENTATION_CONTEXT() REPRESENTATION_CONTEXT('2D SPACE',''
  ) );
#1054 = ORIENTED_EDGE('',*,*,#1055,.T.);
#1055 = EDGE_CURVE('',#1023,#113,#1056,.T.);
#1056 = SEAM_CURVE('',#1057,(#1061,#1068),.PCURVE_S1.);
#1057 = LINE('',#1058,#1059);
#1058 = CARTESIAN_POINT('',(-7.95,-16.4544826719,-3.1));
#1059 = VECTOR('',#1060,1.);
#1060 = DIRECTION('',(0.,0.,1.));
#1061 = PCURVE('',#133,#1062);
#1062 = DEFINITIONAL_REPRESENTATION('',(#1063),#1067);
#1063 = LINE('',#1064,#1065);
#1064 = CARTESIAN_POINT('',(-6.28318530718,0.));
#1065 = VECTOR('',#1066,1.);
#1066 = DIRECTION('',(-0.,-1.));
#1067 = ( GEOMETRIC_REPRESENTATION_CONTEXT(2) 
PARAMETRIC_REPRESENTATION_CONTEXT() REPRESENTATION_CONTEXT('2D SPACE',''
  ) );
#1068 = PCURVE('',#133,#1069);
#1069 = DEFINITIONAL_REPRESENTATION('',(#1070),#1074);
#1070 = LINE('',#1071,#1072);
#1071 = CARTESIAN_POINT('',(-0.,0.));
#1072 = VECTOR('',#1073,1.);
#1073 = DIRECTION('',(-0.,-1.));
#1074 = ( GEOMETRIC_REPRESENTATION_CONTEXT(2) 
PARAMETRIC_REPRESENTATION_CONTEXT() REPRESENTATION_CONTEXT('2D SPACE',''
  ) );
#1075 = ORIENTED_EDGE('',*,*,#112,.F.);
#1076 = ORIENTED_EDGE('',*,*,#1055,.F.);
#1077 = ADVANCED_FACE('',(#1078),#168,.F.);
#1078 = FACE_BOUND('',#1079,.T.);
#1079 = EDGE_LOOP('',(#1080,#1113,#1134,#1135));
#1080 = ORIENTED_EDGE('',*,*,#1081,.T.);
#1081 = EDGE_CURVE('',#1082,#1082,#1084,.T.);
#1082 = VERTEX_POINT('',#1083);
#1083 = CARTESIAN_POINT('',(1.55,-19.,-1.81));
#1084 = SURFACE_CURVE('',#1085,(#1090,#1097),.PCURVE_S1.);
#1085 = CIRCLE('',#1086,1.55);
#1086 = AXIS2_PLACEMENT_3D('',#1087,#1088,#1089);
#1087 = CARTESIAN_POINT('',(-3.49024337757E-15,-19.,-1.81));
#1088 = DIRECTION('',(0.,0.,-1.));
#1089 = DIRECTION('',(1.,0.,0.));
#1090 = PCURVE('',#168,#1091);
#1091 = DEFINITIONAL_REPRESENTATION('',(#1092),#1096);
#1092 = LINE('',#1093,#1094);
#1093 = CARTESIAN_POINT('',(-6.28318530718,-1.29));
#1094 = VECTOR('',#1095,1.);
#1095 = DIRECTION('',(1.,-0.));
#1096 = ( GEOMETRIC_REPRESENTATION_CONTEXT(2) 
PARAMETRIC_REPRESENTATION_CONTEXT() REPRESENTATION_CONTEXT('2D SPACE',''
  ) );
#1097 = PCURVE('',#1098,#1103);
#1098 = PLANE('',#1099);
#1099 = AXIS2_PLACEMENT_3D('',#1100,#1101,#1102);
#1100 = CARTESIAN_POINT('',(-3.72201289156E-15,-19.,-1.81));
#1101 = DIRECTION('',(0.,0.,1.));
#1102 = DIRECTION('',(1.,0.,-0.));
#1103 = DEFINITIONAL_REPRESENTATION('',(#1104),#1112);
#1104 = ( BOUNDED_CURVE() B_SPLINE_CURVE(2,(#1105,#1106,#1107,#1108,
#1109,#1110,#1111),.UNSPECIFIED.,.T.,.F.) B_SPLINE_CURVE_WITH_KNOTS((1,2
    ,2,2,2,1),(-2.094395102393,0.,2.094395102393,4.188790204786,
6.28318530718,8.377580409573),.UNSPECIFIED.) CURVE() 
GEOMETRIC_REPRESENTATION_ITEM() RATIONAL_B_SPLINE_CURVE((1.,0.5,1.,0.5,
1.,0.5,1.)) REPRESENTATION_ITEM('') );
#1105 = CARTESIAN_POINT('',(1.55,0.));
#1106 = CARTESIAN_POINT('',(1.55,-2.684678751732));
#1107 = CARTESIAN_POINT('',(-0.775,-1.342339375866));
#1108 = CARTESIAN_POINT('',(-3.1,-3.796405077357E-16));
#1109 = CARTESIAN_POINT('',(-0.775,1.342339375866));
#1110 = CARTESIAN_POINT('',(1.55,2.684678751732));
#1111 = CARTESIAN_POINT('',(1.55,0.));
#1112 = ( GEOMETRIC_REPRESENTATION_CONTEXT(2) 
PARAMETRIC_REPRESENTATION_CONTEXT() REPRESENTATION_CONTEXT('2D SPACE',''
  ) );
#1113 = ORIENTED_EDGE('',*,*,#1114,.T.);
#1114 = EDGE_CURVE('',#1082,#148,#1115,.T.);
#1115 = SEAM_CURVE('',#1116,(#1120,#1127),.PCURVE_S1.);
#1116 = LINE('',#1117,#1118);
#1117 = CARTESIAN_POINT('',(1.55,-19.,-3.1));
#1118 = VECTOR('',#1119,1.);
#1119 = DIRECTION('',(0.,0.,1.));
#1120 = PCURVE('',#168,#1121);
#1121 = DEFINITIONAL_REPRESENTATION('',(#1122),#1126);
#1122 = LINE('',#1123,#1124);
#1123 = CARTESIAN_POINT('',(-6.28318530718,0.));
#1124 = VECTOR('',#1125,1.);
#1125 = DIRECTION('',(-0.,-1.));
#1126 = ( GEOMETRIC_REPRESENTATION_CONTEXT(2) 
PARAMETRIC_REPRESENTATION_CONTEXT() REPRESENTATION_CONTEXT('2D SPACE',''
  ) );
#1127 = PCURVE('',#168,#1128);
#1128 = DEFINITIONAL_REPRESENTATION('',(#1129),#1133);
#1129 = LINE('',#1130,#1131);
#1130 = CARTESIAN_POINT('',(-0.,0.));
#1131 = VECTOR('',#1132,1.);
#1132 = DIRECTION('',(-0.,-1.));
#1133 = ( GEOMETRIC_REPRESENTATION_CONTEXT(2) 
PARAMETRIC_REPRESENTATION_CONTEXT() REPRESENTATION_CONTEXT('2D SPACE',''
  ) );
#1134 = ORIENTED_EDGE('',*,*,#147,.F.);
#1135 = ORIENTED_EDGE('',*,*,#1114,.F.);
#1136 = ADVANCED_FACE('',(#1137),#203,.F.);
#1137 = FACE_BOUND('',#1138,.T.);
#1138 = EDGE_LOOP('',(#1139,#1172,#1193,#1194));
#1139 = ORIENTED_EDGE('',*,*,#1140,.T.);
#1140 = EDGE_CURVE('',#1141,#1141,#1143,.T.);
#1141 = VERTEX_POINT('',#1142);
#1142 = CARTESIAN_POINT('',(-14.9044826719,-9.5,-1.81));
#1143 = SURFACE_CURVE('',#1144,(#1149,#1156),.PCURVE_S1.);
#1144 = CIRCLE('',#1145,1.55);
#1145 = AXIS2_PLACEMENT_3D('',#1146,#1147,#1148);
#1146 = CARTESIAN_POINT('',(-16.4544826719,-9.5,-1.81));
#1147 = DIRECTION('',(0.,0.,-1.));
#1148 = DIRECTION('',(1.,0.,0.));
#1149 = PCURVE('',#203,#1150);
#1150 = DEFINITIONAL_REPRESENTATION('',(#1151),#1155);
#1151 = LINE('',#1152,#1153);
#1152 = CARTESIAN_POINT('',(-6.28318530718,-1.29));
#1153 = VECTOR('',#1154,1.);
#1154 = DIRECTION('',(1.,-0.));
#1155 = ( GEOMETRIC_REPRESENTATION_CONTEXT(2) 
PARAMETRIC_REPRESENTATION_CONTEXT() REPRESENTATION_CONTEXT('2D SPACE',''
  ) );
#1156 = PCURVE('',#1157,#1162);
#1157 = PLANE('',#1158);
#1158 = AXIS2_PLACEMENT_3D('',#1159,#1160,#1161);
#1159 = CARTESIAN_POINT('',(-16.4544826719,-9.5,-1.81));
#1160 = DIRECTION('',(0.,0.,1.));
#1161 = DIRECTION('',(1.,0.,-0.));
#1162 = DEFINITIONAL_REPRESENTATION('',(#1163),#1171);
#1163 = ( BOUNDED_CURVE() B_SPLINE_CURVE(2,(#1164,#1165,#1166,#1167,
#1168,#1169,#1170),.UNSPECIFIED.,.T.,.F.) B_SPLINE_CURVE_WITH_KNOTS((1,2
    ,2,2,2,1),(-2.094395102393,0.,2.094395102393,4.188790204786,
6.28318530718,8.377580409573),.UNSPECIFIED.) CURVE() 
GEOMETRIC_REPRESENTATION_ITEM() RATIONAL_B_SPLINE_CURVE((1.,0.5,1.,0.5,
1.,0.5,1.)) REPRESENTATION_ITEM('') );
#1164 = CARTESIAN_POINT('',(1.55,0.));
#1165 = CARTESIAN_POINT('',(1.55,-2.684678751732));
#1166 = CARTESIAN_POINT('',(-0.775,-1.342339375866));
#1167 = CARTESIAN_POINT('',(-3.1,-3.796405077357E-16));
#1168 = CARTESIAN_POINT('',(-0.775,1.342339375866));
#1169 = CARTESIAN_POINT('',(1.55,2.684678751732));
#1170 = CARTESIAN_POINT('',(1.55,0.));
#1171 = ( GEOMETRIC_REPRESENTATION_CONTEXT(2) 
PARAMETRIC_REPRESENTATION_CONTEXT() REPRESENTATION_CONTEXT('2D SPACE',''
  ) );
#1172 = ORIENTED_EDGE('',*,*,#1173,.T.);
#1173 = EDGE_CURVE('',#1141,#183,#1174,.T.);
#1174 = SEAM_CURVE('',#1175,(#1179,#1186),.PCURVE_S1.);
#1175 = LINE('',#1176,#1177);
#1176 = CARTESIAN_POINT('',(-14.9044826719,-9.5,-3.1));
#1177 = VECTOR('',#1178,1.);
#1178 = DIRECTION('',(0.,0.,1.));
#1179 = PCURVE('',#203,#1180);
#1180 = DEFINITIONAL_REPRESENTATION('',(#1181),#1185);
#1181 = LINE('',#1182,#1183);
#1182 = CARTESIAN_POINT('',(-6.28318530718,0.));
#1183 = VECTOR('',#1184,1.);
#1184 = DIRECTION('',(-0.,-1.));
#1185 = ( GEOMETRIC_REPRESENTATION_CONTEXT(2) 
PARAMETRIC_REPRESENTATION_CONTEXT() REPRESENTATION_CONTEXT('2D SPACE',''
  ) );
#1186 = PCURVE('',#203,#1187);
#1187 = DEFINITIONAL_REPRESENTATION('',(#1188),#1192);
#1188 = LINE('',#1189,#1190);
#1189 = CARTESIAN_POINT('',(-0.,0.));
#1190 = VECTOR('',#1191,1.);
#1191 = DIRECTION('',(-0.,-1.));
#1192 = ( GEOMETRIC_REPRESENTATION_CONTEXT(2) 
PARAMETRIC_REPRESENTATION_CONTEXT() REPRESENTATION_CONTEXT('2D SPACE',''
  ) );
#1193 = ORIENTED_EDGE('',*,*,#182,.F.);
#1194 = ORIENTED_EDGE('',*,*,#1173,.F.);
#1195 = ADVANCED_FACE('',(#1196),#238,.F.);
#1196 = FACE_BOUND('',#1197,.T.);
#1197 = EDGE_LOOP('',(#1198,#1231,#1252,#1253));
#1198 = ORIENTED_EDGE('',*,*,#1199,.T.);
#1199 = EDGE_CURVE('',#1200,#1200,#1202,.T.);
#1200 = VERTEX_POINT('',#1201);
#1201 = CARTESIAN_POINT('',(11.05,-16.4544826719,-1.81));
#1202 = SURFACE_CURVE('',#1203,(#1208,#1215),.PCURVE_S1.);
#1203 = CIRCLE('',#1204,1.55);
#1204 = AXIS2_PLACEMENT_3D('',#1205,#1206,#1207);
#1205 = CARTESIAN_POINT('',(9.5,-16.4544826719,-1.81));
#1206 = DIRECTION('',(0.,0.,-1.));
#1207 = DIRECTION('',(1.,0.,0.));
#1208 = PCURVE('',#238,#1209);
#1209 = DEFINITIONAL_REPRESENTATION('',(#1210),#1214);
#1210 = LINE('',#1211,#1212);
#1211 = CARTESIAN_POINT('',(-6.28318530718,-1.29));
#1212 = VECTOR('',#1213,1.);
#1213 = DIRECTION('',(1.,-0.));
#1214 = ( GEOMETRIC_REPRESENTATION_CONTEXT(2) 
PARAMETRIC_REPRESENTATION_CONTEXT() REPRESENTATION_CONTEXT('2D SPACE',''
  ) );
#1215 = PCURVE('',#1216,#1221);
#1216 = PLANE('',#1217);
#1217 = AXIS2_PLACEMENT_3D('',#1218,#1219,#1220);
#1218 = CARTESIAN_POINT('',(9.5,-16.4544826719,-1.81));
#1219 = DIRECTION('',(0.,0.,1.));
#1220 = DIRECTION('',(1.,0.,-0.));
#1221 = DEFINITIONAL_REPRESENTATION('',(#1222),#1230);
#1222 = ( BOUNDED_CURVE() B_SPLINE_CURVE(2,(#1223,#1224,#1225,#1226,
#1227,#1228,#1229),.UNSPECIFIED.,.T.,.F.) B_SPLINE_CURVE_WITH_KNOTS((1,2
    ,2,2,2,1),(-2.094395102393,0.,2.094395102393,4.188790204786,
6.28318530718,8.377580409573),.UNSPECIFIED.) CURVE() 
GEOMETRIC_REPRESENTATION_ITEM() RATIONAL_B_SPLINE_CURVE((1.,0.5,1.,0.5,
1.,0.5,1.)) REPRESENTATION_ITEM('') );
#1223 = CARTESIAN_POINT('',(1.55,0.));
#1224 = CARTESIAN_POINT('',(1.55,-2.684678751732));
#1225 = CARTESIAN_POINT('',(-0.775,-1.342339375866));
#1226 = CARTESIAN_POINT('',(-3.1,-3.796405077357E-16));
#1227 = CARTESIAN_POINT('',(-0.775,1.342339375866));
#1228 = CARTESIAN_POINT('',(1.55,2.684678751732));
#1229 = CARTESIAN_POINT('',(1.55,0.));
#1230 = ( GEOMETRIC_REPRESENTATION_CONTEXT(2) 
PARAMETRIC_REPRESENTATION_CONTEXT() REPRESENTATION_CONTEXT('2D SPACE',''
  ) );
#1231 = ORIENTED_EDGE('',*,*,#1232,.T.);
#1232 = EDGE_CURVE('',#1200,#218,#1233,.T.);
#1233 = SEAM_CURVE('',#1234,(#1238,#1245),.PCURVE_S1.);
#1234 = LINE('',#1235,#1236);
#1235 = CARTESIAN_POINT('',(11.05,-16.4544826719,-3.1));
#1236 = VECTOR('',#1237,1.);
#1237 = DIRECTION('',(0.,0.,1.));
#1238 = PCURVE('',#238,#1239);
#1239 = DEFINITIONAL_REPRESENTATION('',(#1240),#1244);
#1240 = LINE('',#1241,#1242);
#1241 = CARTESIAN_POINT('',(-6.28318530718,0.));
#1242 = VECTOR('',#1243,1.);
#1243 = DIRECTION('',(-0.,-1.));
#1244 = ( GEOMETRIC_REPRESENTATION_CONTEXT(2) 
PARAMETRIC_REPRESENTATION_CONTEXT() REPRESENTATION_CONTEXT('2D SPACE',''
  ) );
#1245 = PCURVE('',#238,#1246);
#1246 = DEFINITIONAL_REPRESENTATION('',(#1247),#1251);
#1247 = LINE('',#1248,#1249);
#1248 = CARTESIAN_POINT('',(-0.,0.));
#1249 = VECTOR('',#1250,1.);
#1250 = DIRECTION('',(-0.,-1.));
#1251 = ( GEOMETRIC_REPRESENTATION_CONTEXT(2) 
PARAMETRIC_REPRESENTATION_CONTEXT() REPRESENTATION_CONTEXT('2D SPACE',''
  ) );
#1252 = ORIENTED_EDGE('',*,*,#217,.F.);
#1253 = ORIENTED_EDGE('',*,*,#1232,.F.);
#1254 = ADVANCED_FACE('',(#1255),#273,.F.);
#1255 = FACE_BOUND('',#1256,.T.);
#1256 = EDGE_LOOP('',(#1257,#1290,#1311,#1312));
#1257 = ORIENTED_EDGE('',*,*,#1258,.T.);
#1258 = EDGE_CURVE('',#1259,#1259,#1261,.T.);
#1259 = VERTEX_POINT('',#1260);
#1260 = CARTESIAN_POINT('',(18.004482671904,-9.5,-1.81));
#1261 = SURFACE_CURVE('',#1262,(#1267,#1274),.PCURVE_S1.);
#1262 = CIRCLE('',#1263,1.55);
#1263 = AXIS2_PLACEMENT_3D('',#1264,#1265,#1266);
#1264 = CARTESIAN_POINT('',(16.454482671904,-9.5,-1.81));
#1265 = DIRECTION('',(0.,0.,-1.));
#1266 = DIRECTION('',(1.,0.,0.));
#1267 = PCURVE('',#273,#1268);
#1268 = DEFINITIONAL_REPRESENTATION('',(#1269),#1273);
#1269 = LINE('',#1270,#1271);
#1270 = CARTESIAN_POINT('',(-6.28318530718,-1.29));
#1271 = VECTOR('',#1272,1.);
#1272 = DIRECTION('',(1.,-0.));
#1273 = ( GEOMETRIC_REPRESENTATION_CONTEXT(2) 
PARAMETRIC_REPRESENTATION_CONTEXT() REPRESENTATION_CONTEXT('2D SPACE',''
  ) );
#1274 = PCURVE('',#1275,#1280);
#1275 = PLANE('',#1276);
#1276 = AXIS2_PLACEMENT_3D('',#1277,#1278,#1279);
#1277 = CARTESIAN_POINT('',(16.454482671904,-9.5,-1.81));
#1278 = DIRECTION('',(0.,0.,1.));
#1279 = DIRECTION('',(1.,0.,-0.));
#1280 = DEFINITIONAL_REPRESENTATION('',(#1281),#1289);
#1281 = ( BOUNDED_CURVE() B_SPLINE_CURVE(2,(#1282,#1283,#1284,#1285,
#1286,#1287,#1288),.UNSPECIFIED.,.T.,.F.) B_SPLINE_CURVE_WITH_KNOTS((1,2
    ,2,2,2,1),(-2.094395102393,0.,2.094395102393,4.188790204786,
6.28318530718,8.377580409573),.UNSPECIFIED.) CURVE() 
GEOMETRIC_REPRESENTATION_ITEM() RATIONAL_B_SPLINE_CURVE((1.,0.5,1.,0.5,
1.,0.5,1.)) REPRESENTATION_ITEM('') );
#1282 = CARTESIAN_POINT('',(1.55,0.));
#1283 = CARTESIAN_POINT('',(1.55,-2.684678751732));
#1284 = CARTESIAN_POINT('',(-0.775,-1.342339375866));
#1285 = CARTESIAN_POINT('',(-3.1,-3.796405077357E-16));
#1286 = CARTESIAN_POINT('',(-0.775,1.342339375866));
#1287 = CARTESIAN_POINT('',(1.55,2.684678751732));
#1288 = CARTESIAN_POINT('',(1.55,0.));
#1289 = ( GEOMETRIC_REPRESENTATION_CONTEXT(2) 
PARAMETRIC_REPRESENTATION_CONTEXT() REPRESENTATION_CONTEXT('2D SPACE',''
  ) );
#1290 = ORIENTED_EDGE('',*,*,#1291,.T.);
#1291 = EDGE_CURVE('',#1259,#253,#1292,.T.);
#1292 = SEAM_CURVE('',#1293,(#1297,#1304),.PCURVE_S1.);
#1293 = LINE('',#1294,#1295);
#1294 = CARTESIAN_POINT('',(18.004482671904,-9.5,-3.1));
#1295 = VECTOR('',#1296,1.);
#1296 = DIRECTION('',(0.,0.,1.));
#1297 = PCURVE('',#273,#1298);
#1298 = DEFINITIONAL_REPRESENTATION('',(#1299),#1303);
#1299 = LINE('',#1300,#1301);
#1300 = CARTESIAN_POINT('',(-6.28318530718,0.));
#1301 = VECTOR('',#1302,1.);
#1302 = DIRECTION('',(-0.,-1.));
#1303 = ( GEOMETRIC_REPRESENTATION_CONTEXT(2) 
PARAMETRIC_REPRESENTATION_CONTEXT() REPRESENTATION_CONTEXT('2D SPACE',''
  ) );
#1304 = PCURVE('',#273,#1305);
#1305 = DEFINITIONAL_REPRESENTATION('',(#1306),#1310);
#1306 = LINE('',#1307,#1308);
#1307 = CARTESIAN_POINT('',(-0.,0.));
#1308 = VECTOR('',#1309,1.);
#1309 = DIRECTION('',(-0.,-1.));
#1310 = ( GEOMETRIC_REPRESENTATION_CONTEXT(2) 
PARAMETRIC_REPRESENTATION_CONTEXT() REPRESENTATION_CONTEXT('2D SPACE',''
  ) );
#1311 = ORIENTED_EDGE('',*,*,#252,.F.);
#1312 = ORIENTED_EDGE('',*,*,#1291,.F.);
#1313 = ADVANCED_FACE('',(#1314),#308,.F.);
#1314 = FACE_BOUND('',#1315,.T.);
#1315 = EDGE_LOOP('',(#1316,#1349,#1370,#1371));
#1316 = ORIENTED_EDGE('',*,*,#1317,.T.);
#1317 = EDGE_CURVE('',#1318,#1318,#1320,.T.);
#1318 = VERTEX_POINT('',#1319);
#1319 = CARTESIAN_POINT('',(-17.45,2.32682891838E-15,-1.81));
#1320 = SURFACE_CURVE('',#1321,(#1326,#1333),.PCURVE_S1.);
#1321 = CIRCLE('',#1322,1.55);
#1322 = AXIS2_PLACEMENT_3D('',#1323,#1324,#1325);
#1323 = CARTESIAN_POINT('',(-19.,2.32682891838E-15,-1.81));
#1324 = DIRECTION('',(0.,0.,-1.));
#1325 = DIRECTION('',(1.,0.,0.));
#1326 = PCURVE('',#308,#1327);
#1327 = DEFINITIONAL_REPRESENTATION('',(#1328),#1332);
#1328 = LINE('',#1329,#1330);
#1329 = CARTESIAN_POINT('',(-6.28318530718,-1.29));
#1330 = VECTOR('',#1331,1.);
#1331 = DIRECTION('',(1.,-0.));
#1332 = ( GEOMETRIC_REPRESENTATION_CONTEXT(2) 
PARAMETRIC_REPRESENTATION_CONTEXT() REPRESENTATION_CONTEXT('2D SPACE',''
  ) );
#1333 = PCURVE('',#1334,#1339);
#1334 = PLANE('',#1335);
#1335 = AXIS2_PLACEMENT_3D('',#1336,#1337,#1338);
#1336 = CARTESIAN_POINT('',(-19.,2.322290073459E-15,-1.81));
#1337 = DIRECTION('',(0.,0.,1.));
#1338 = DIRECTION('',(1.,0.,-0.));
#1339 = DEFINITIONAL_REPRESENTATION('',(#1340),#1348);
#1340 = ( BOUNDED_CURVE() B_SPLINE_CURVE(2,(#1341,#1342,#1343,#1344,
#1345,#1346,#1347),.UNSPECIFIED.,.T.,.F.) B_SPLINE_CURVE_WITH_KNOTS((1,2
    ,2,2,2,1),(-2.094395102393,0.,2.094395102393,4.188790204786,
6.28318530718,8.377580409573),.UNSPECIFIED.) CURVE() 
GEOMETRIC_REPRESENTATION_ITEM() RATIONAL_B_SPLINE_CURVE((1.,0.5,1.,0.5,
1.,0.5,1.)) REPRESENTATION_ITEM('') );
#1341 = CARTESIAN_POINT('',(1.55,4.53884492129E-18));
#1342 = CARTESIAN_POINT('',(1.55,-2.684678751732));
#1343 = CARTESIAN_POINT('',(-0.775,-1.342339375866));
#1344 = CARTESIAN_POINT('',(-3.1,-3.751016628144E-16));
#1345 = CARTESIAN_POINT('',(-0.775,1.342339375866));
#1346 = CARTESIAN_POINT('',(1.55,2.684678751732));
#1347 = CARTESIAN_POINT('',(1.55,4.53884492129E-18));
#1348 = ( GEOMETRIC_REPRESENTATION_CONTEXT(2) 
PARAMETRIC_REPRESENTATION_CONTEXT() REPRESENTATION_CONTEXT('2D SPACE',''
  ) );
#1349 = ORIENTED_EDGE('',*,*,#1350,.T.);
#1350 = EDGE_CURVE('',#1318,#288,#1351,.T.);
#1351 = SEAM_CURVE('',#1352,(#1356,#1363),.PCURVE_S1.);
#1352 = LINE('',#1353,#1354);
#1353 = CARTESIAN_POINT('',(-17.45,2.32682891838E-15,-3.1));
#1354 = VECTOR('',#1355,1.);
#1355 = DIRECTION('',(0.,0.,1.));
#1356 = PCURVE('',#308,#1357);
#1357 = DEFINITIONAL_REPRESENTATION('',(#1358),#1362);
#1358 = LINE('',#1359,#1360);
#1359 = CARTESIAN_POINT('',(-6.28318530718,0.));
#1360 = VECTOR('',#1361,1.);
#1361 = DIRECTION('',(-0.,-1.));
#1362 = ( GEOMETRIC_REPRESENTATION_CONTEXT(2) 
PARAMETRIC_REPRESENTATION_CONTEXT() REPRESENTATION_CONTEXT('2D SPACE',''
  ) );
#1363 = PCURVE('',#308,#1364);
#1364 = DEFINITIONAL_REPRESENTATION('',(#1365),#1369);
#1365 = LINE('',#1366,#1367);
#1366 = CARTESIAN_POINT('',(-0.,0.));
#1367 = VECTOR('',#1368,1.);
#1368 = DIRECTION('',(-0.,-1.));
#1369 = ( GEOMETRIC_REPRESENTATION_CONTEXT(2) 
PARAMETRIC_REPRESENTATION_CONTEXT() REPRESENTATION_CONTEXT('2D SPACE',''
  ) );
#1370 = ORIENTED_EDGE('',*,*,#287,.F.);
#1371 = ORIENTED_EDGE('',*,*,#1350,.F.);
#1372 = ADVANCED_FACE('',(#1373),#343,.F.);
#1373 = FACE_BOUND('',#1374,.T.);
#1374 = EDGE_LOOP('',(#1375,#1408,#1429,#1430));
#1375 = ORIENTED_EDGE('',*,*,#1376,.T.);
#1376 = EDGE_CURVE('',#1377,#1377,#1379,.T.);
#1377 = VERTEX_POINT('',#1378);
#1378 = CARTESIAN_POINT('',(-14.9044826719,9.5,-1.81));
#1379 = SURFACE_CURVE('',#1380,(#1385,#1392),.PCURVE_S1.);
#1380 = CIRCLE('',#1381,1.55);
#1381 = AXIS2_PLACEMENT_3D('',#1382,#1383,#1384);
#1382 = CARTESIAN_POINT('',(-16.4544826719,9.5,-1.81));
#1383 = DIRECTION('',(0.,0.,-1.));
#1384 = DIRECTION('',(1.,0.,0.));
#1385 = PCURVE('',#343,#1386);
#1386 = DEFINITIONAL_REPRESENTATION('',(#1387),#1391);
#1387 = LINE('',#1388,#1389);
#1388 = CARTESIAN_POINT('',(-6.28318530718,-1.29));
#1389 = VECTOR('',#1390,1.);
#1390 = DIRECTION('',(1.,-0.));
#1391 = ( GEOMETRIC_REPRESENTATION_CONTEXT(2) 
PARAMETRIC_REPRESENTATION_CONTEXT() REPRESENTATION_CONTEXT('2D SPACE',''
  ) );
#1392 = PCURVE('',#1393,#1398);
#1393 = PLANE('',#1394);
#1394 = AXIS2_PLACEMENT_3D('',#1395,#1396,#1397);
#1395 = CARTESIAN_POINT('',(-16.4544826719,9.5,-1.81));
#1396 = DIRECTION('',(0.,0.,1.));
#1397 = DIRECTION('',(1.,0.,-0.));
#1398 = DEFINITIONAL_REPRESENTATION('',(#1399),#1407);
#1399 = ( BOUNDED_CURVE() B_SPLINE_CURVE(2,(#1400,#1401,#1402,#1403,
#1404,#1405,#1406),.UNSPECIFIED.,.T.,.F.) B_SPLINE_CURVE_WITH_KNOTS((1,2
    ,2,2,2,1),(-2.094395102393,0.,2.094395102393,4.188790204786,
6.28318530718,8.377580409573),.UNSPECIFIED.) CURVE() 
GEOMETRIC_REPRESENTATION_ITEM() RATIONAL_B_SPLINE_CURVE((1.,0.5,1.,0.5,
1.,0.5,1.)) REPRESENTATION_ITEM('') );
#1400 = CARTESIAN_POINT('',(1.55,0.));
#1401 = CARTESIAN_POINT('',(1.55,-2.684678751732));
#1402 = CARTESIAN_POINT('',(-0.775,-1.342339375866));
#1403 = CARTESIAN_POINT('',(-3.1,-3.796405077357E-16));
#1404 = CARTESIAN_POINT('',(-0.775,1.342339375866));
#1405 = CARTESIAN_POINT('',(1.55,2.684678751732));
#1406 = CARTESIAN_POINT('',(1.55,0.));
#1407 = ( GEOMETRIC_REPRESENTATION_CONTEXT(2) 
PARAMETRIC_REPRESENTATION_CONTEXT() REPRESENTATION_CONTEXT('2D SPACE',''
  ) );
#1408 = ORIENTED_EDGE('',*,*,#1409,.T.);
#1409 = EDGE_CURVE('',#1377,#323,#1410,.T.);
#1410 = SEAM_CURVE('',#1411,(#1415,#1422),.PCURVE_S1.);
#1411 = LINE('',#1412,#1413);
#1412 = CARTESIAN_POINT('',(-14.9044826719,9.5,-3.1));
#1413 = VECTOR('',#1414,1.);
#1414 = DIRECTION('',(0.,0.,1.));
#1415 = PCURVE('',#343,#1416);
#1416 = DEFINITIONAL_REPRESENTATION('',(#1417),#1421);
#1417 = LINE('',#1418,#1419);
#1418 = CARTESIAN_POINT('',(-6.28318530718,0.));
#1419 = VECTOR('',#1420,1.);
#1420 = DIRECTION('',(-0.,-1.));
#1421 = ( GEOMETRIC_REPRESENTATION_CONTEXT(2) 
PARAMETRIC_REPRESENTATION_CONTEXT() REPRESENTATION_CONTEXT('2D SPACE',''
  ) );
#1422 = PCURVE('',#343,#1423);
#1423 = DEFINITIONAL_REPRESENTATION('',(#1424),#1428);
#1424 = LINE('',#1425,#1426);
#1425 = CARTESIAN_POINT('',(-0.,0.));
#1426 = VECTOR('',#1427,1.);
#1427 = DIRECTION('',(-0.,-1.));
#1428 = ( GEOMETRIC_REPRESENTATION_CONTEXT(2) 
PARAMETRIC_REPRESENTATION_CONTEXT() REPRESENTATION_CONTEXT('2D SPACE',''
  ) );
#1429 = ORIENTED_EDGE('',*,*,#322,.F.);
#1430 = ORIENTED_EDGE('',*,*,#1409,.F.);
#1431 = ADVANCED_FACE('',(#1432),#378,.F.);
#1432 = FACE_BOUND('',#1433,.T.);
#1433 = EDGE_LOOP('',(#1434,#1467,#1488,#1489));
#1434 = ORIENTED_EDGE('',*,*,#1435,.T.);
#1435 = EDGE_CURVE('',#1436,#1436,#1438,.T.);
#1436 = VERTEX_POINT('',#1437);
#1437 = CARTESIAN_POINT('',(-7.95,16.454482671904,-1.81));
#1438 = SURFACE_CURVE('',#1439,(#1444,#1451),.PCURVE_S1.);
#1439 = CIRCLE('',#1440,1.55);
#1440 = AXIS2_PLACEMENT_3D('',#1441,#1442,#1443);
#1441 = CARTESIAN_POINT('',(-9.5,16.454482671904,-1.81));
#1442 = DIRECTION('',(0.,0.,-1.));
#1443 = DIRECTION('',(1.,0.,0.));
#1444 = PCURVE('',#378,#1445);
#1445 = DEFINITIONAL_REPRESENTATION('',(#1446),#1450);
#1446 = LINE('',#1447,#1448);
#1447 = CARTESIAN_POINT('',(-6.28318530718,-1.29));
#1448 = VECTOR('',#1449,1.);
#1449 = DIRECTION('',(1.,-0.));
#1450 = ( GEOMETRIC_REPRESENTATION_CONTEXT(2) 
PARAMETRIC_REPRESENTATION_CONTEXT() REPRESENTATION_CONTEXT('2D SPACE',''
  ) );
#1451 = PCURVE('',#1452,#1457);
#1452 = PLANE('',#1453);
#1453 = AXIS2_PLACEMENT_3D('',#1454,#1455,#1456);
#1454 = CARTESIAN_POINT('',(-9.5,16.454482671904,-1.81));
#1455 = DIRECTION('',(0.,0.,1.));
#1456 = DIRECTION('',(1.,0.,-0.));
#1457 = DEFINITIONAL_REPRESENTATION('',(#1458),#1466);
#1458 = ( BOUNDED_CURVE() B_SPLINE_CURVE(2,(#1459,#1460,#1461,#1462,
#1463,#1464,#1465),.UNSPECIFIED.,.T.,.F.) B_SPLINE_CURVE_WITH_KNOTS((1,2
    ,2,2,2,1),(-2.094395102393,0.,2.094395102393,4.188790204786,
6.28318530718,8.377580409573),.UNSPECIFIED.) CURVE() 
GEOMETRIC_REPRESENTATION_ITEM() RATIONAL_B_SPLINE_CURVE((1.,0.5,1.,0.5,
1.,0.5,1.)) REPRESENTATION_ITEM('') );
#1459 = CARTESIAN_POINT('',(1.55,0.));
#1460 = CARTESIAN_POINT('',(1.55,-2.684678751732));
#1461 = CARTESIAN_POINT('',(-0.775,-1.342339375866));
#1462 = CARTESIAN_POINT('',(-3.1,-3.796405077357E-16));
#1463 = CARTESIAN_POINT('',(-0.775,1.342339375866));
#1464 = CARTESIAN_POINT('',(1.55,2.684678751732));
#1465 = CARTESIAN_POINT('',(1.55,0.));
#1466 = ( GEOMETRIC_REPRESENTATION_CONTEXT(2) 
PARAMETRIC_REPRESENTATION_CONTEXT() REPRESENTATION_CONTEXT('2D SPACE',''
  ) );
#1467 = ORIENTED_EDGE('',*,*,#1468,.T.);
#1468 = EDGE_CURVE('',#1436,#358,#1469,.T.);
#1469 = SEAM_CURVE('',#1470,(#1474,#1481),.PCURVE_S1.);
#1470 = LINE('',#1471,#1472);
#1471 = CARTESIAN_POINT('',(-7.95,16.454482671904,-3.1));
#1472 = VECTOR('',#1473,1.);
#1473 = DIRECTION('',(0.,0.,1.));
#1474 = PCURVE('',#378,#1475);
#1475 = DEFINITIONAL_REPRESENTATION('',(#1476),#1480);
#1476 = LINE('',#1477,#1478);
#1477 = CARTESIAN_POINT('',(-6.28318530718,0.));
#1478 = VECTOR('',#1479,1.);
#1479 = DIRECTION('',(-0.,-1.));
#1480 = ( GEOMETRIC_REPRESENTATION_CONTEXT(2) 
PARAMETRIC_REPRESENTATION_CONTEXT() REPRESENTATION_CONTEXT('2D SPACE',''
  ) );
#1481 = PCURVE('',#378,#1482);
#1482 = DEFINITIONAL_REPRESENTATION('',(#1483),#1487);
#1483 = LINE('',#1484,#1485);
#1484 = CARTESIAN_POINT('',(-0.,0.));
#1485 = VECTOR('',#1486,1.);
#1486 = DIRECTION('',(-0.,-1.));
#1487 = ( GEOMETRIC_REPRESENTATION_CONTEXT(2) 
PARAMETRIC_REPRESENTATION_CONTEXT() REPRESENTATION_CONTEXT('2D SPACE',''
  ) );
#1488 = ORIENTED_EDGE('',*,*,#357,.F.);
#1489 = ORIENTED_EDGE('',*,*,#1468,.F.);
#1490 = ADVANCED_FACE('',(#1491),#413,.F.);
#1491 = FACE_BOUND('',#1492,.T.);
#1492 = EDGE_LOOP('',(#1493,#1494,#1515,#1516));
#1493 = ORIENTED_EDGE('',*,*,#851,.T.);
#1494 = ORIENTED_EDGE('',*,*,#1495,.T.);
#1495 = EDGE_CURVE('',#852,#393,#1496,.T.);
#1496 = SEAM_CURVE('',#1497,(#1501,#1508),.PCURVE_S1.);
#1497 = LINE('',#1498,#1499);
#1498 = CARTESIAN_POINT('',(12.5,0.,-15.));
#1499 = VECTOR('',#1500,1.);
#1500 = DIRECTION('',(0.,0.,1.));
#1501 = PCURVE('',#413,#1502);
#1502 = DEFINITIONAL_REPRESENTATION('',(#1503),#1507);
#1503 = LINE('',#1504,#1505);
#1504 = CARTESIAN_POINT('',(-6.28318530718,0.));
#1505 = VECTOR('',#1506,1.);
#1506 = DIRECTION('',(-0.,-1.));
#1507 = ( GEOMETRIC_REPRESENTATION_CONTEXT(2) 
PARAMETRIC_REPRESENTATION_CONTEXT() REPRESENTATION_CONTEXT('2D SPACE',''
  ) );
#1508 = PCURVE('',#413,#1509);
#1509 = DEFINITIONAL_REPRESENTATION('',(#1510),#1514);
#1510 = LINE('',#1511,#1512);
#1511 = CARTESIAN_POINT('',(-0.,0.));
#1512 = VECTOR('',#1513,1.);
#1513 = DIRECTION('',(-0.,-1.));
#1514 = ( GEOMETRIC_REPRESENTATION_CONTEXT(2) 
PARAMETRIC_REPRESENTATION_CONTEXT() REPRESENTATION_CONTEXT('2D SPACE',''
  ) );
#1515 = ORIENTED_EDGE('',*,*,#392,.F.);
#1516 = ORIENTED_EDGE('',*,*,#1495,.F.);
#1517 = ADVANCED_FACE('',(#1518),#448,.F.);
#1518 = FACE_BOUND('',#1519,.T.);
#1519 = EDGE_LOOP('',(#1520,#1553,#1574,#1575));
#1520 = ORIENTED_EDGE('',*,*,#1521,.T.);
#1521 = EDGE_CURVE('',#1522,#1522,#1524,.T.);
#1522 = VERTEX_POINT('',#1523);
#1523 = CARTESIAN_POINT('',(20.55,0.,-1.81));
#1524 = SURFACE_CURVE('',#1525,(#1530,#1537),.PCURVE_S1.);
#1525 = CIRCLE('',#1526,1.55);
#1526 = AXIS2_PLACEMENT_3D('',#1527,#1528,#1529);
#1527 = CARTESIAN_POINT('',(19.,0.,-1.81));
#1528 = DIRECTION('',(0.,0.,-1.));
#1529 = DIRECTION('',(1.,0.,0.));
#1530 = PCURVE('',#448,#1531);
#1531 = DEFINITIONAL_REPRESENTATION('',(#1532),#1536);
#1532 = LINE('',#1533,#1534);
#1533 = CARTESIAN_POINT('',(-6.28318530718,-1.29));
#1534 = VECTOR('',#1535,1.);
#1535 = DIRECTION('',(1.,-0.));
#1536 = ( GEOMETRIC_REPRESENTATION_CONTEXT(2) 
PARAMETRIC_REPRESENTATION_CONTEXT() REPRESENTATION_CONTEXT('2D SPACE',''
  ) );
#1537 = PCURVE('',#1538,#1543);
#1538 = PLANE('',#1539);
#1539 = AXIS2_PLACEMENT_3D('',#1540,#1541,#1542);
#1540 = CARTESIAN_POINT('',(19.,-4.53884492129E-18,-1.81));
#1541 = DIRECTION('',(0.,0.,1.));
#1542 = DIRECTION('',(1.,0.,-0.));
#1543 = DEFINITIONAL_REPRESENTATION('',(#1544),#1552);
#1544 = ( BOUNDED_CURVE() B_SPLINE_CURVE(2,(#1545,#1546,#1547,#1548,
#1549,#1550,#1551),.UNSPECIFIED.,.T.,.F.) B_SPLINE_CURVE_WITH_KNOTS((1,2
    ,2,2,2,1),(-2.094395102393,0.,2.094395102393,4.188790204786,
6.28318530718,8.377580409573),.UNSPECIFIED.) CURVE() 
GEOMETRIC_REPRESENTATION_ITEM() RATIONAL_B_SPLINE_CURVE((1.,0.5,1.,0.5,
1.,0.5,1.)) REPRESENTATION_ITEM('') );
#1545 = CARTESIAN_POINT('',(1.55,4.53884492129E-18));
#1546 = CARTESIAN_POINT('',(1.55,-2.684678751732));
#1547 = CARTESIAN_POINT('',(-0.775,-1.342339375866));
#1548 = CARTESIAN_POINT('',(-3.1,-3.751016628144E-16));
#1549 = CARTESIAN_POINT('',(-0.775,1.342339375866));
#1550 = CARTESIAN_POINT('',(1.55,2.684678751732));
#1551 = CARTESIAN_POINT('',(1.55,4.53884492129E-18));
#1552 = ( GEOMETRIC_REPRESENTATION_CONTEXT(2) 
PARAMETRIC_REPRESENTATION_CONTEXT() REPRESENTATION_CONTEXT('2D SPACE',''
  ) );
#1553 = ORIENTED_EDGE('',*,*,#1554,.T.);
#1554 = EDGE_CURVE('',#1522,#428,#1555,.T.);
#1555 = SEAM_CURVE('',#1556,(#1560,#1567),.PCURVE_S1.);
#1556 = LINE('',#1557,#1558);
#1557 = CARTESIAN_POINT('',(20.55,0.,-3.1));
#1558 = VECTOR('',#1559,1.);
#1559 = DIRECTION('',(0.,0.,1.));
#1560 = PCURVE('',#448,#1561);
#1561 = DEFINITIONAL_REPRESENTATION('',(#1562),#1566);
#1562 = LINE('',#1563,#1564);
#1563 = CARTESIAN_POINT('',(-6.28318530718,0.));
#1564 = VECTOR('',#1565,1.);
#1565 = DIRECTION('',(-0.,-1.));
#1566 = ( GEOMETRIC_REPRESENTATION_CONTEXT(2) 
PARAMETRIC_REPRESENTATION_CONTEXT() REPRESENTATION_CONTEXT('2D SPACE',''
  ) );
#1567 = PCURVE('',#448,#1568);
#1568 = DEFINITIONAL_REPRESENTATION('',(#1569),#1573);
#1569 = LINE('',#1570,#1571);
#1570 = CARTESIAN_POINT('',(-0.,0.));
#1571 = VECTOR('',#1572,1.);
#1572 = DIRECTION('',(-0.,-1.));
#1573 = ( GEOMETRIC_REPRESENTATION_CONTEXT(2) 
PARAMETRIC_REPRESENTATION_CONTEXT() REPRESENTATION_CONTEXT('2D SPACE',''
  ) );
#1574 = ORIENTED_EDGE('',*,*,#427,.F.);
#1575 = ORIENTED_EDGE('',*,*,#1554,.F.);
#1576 = ADVANCED_FACE('',(#1577),#483,.F.);
#1577 = FACE_BOUND('',#1578,.T.);
#1578 = EDGE_LOOP('',(#1579,#1612,#1633,#1634));
#1579 = ORIENTED_EDGE('',*,*,#1580,.T.);
#1580 = EDGE_CURVE('',#1581,#1581,#1583,.T.);
#1581 = VERTEX_POINT('',#1582);
#1582 = CARTESIAN_POINT('',(18.004482671904,9.5,-1.81));
#1583 = SURFACE_CURVE('',#1584,(#1589,#1596),.PCURVE_S1.);
#1584 = CIRCLE('',#1585,1.55);
#1585 = AXIS2_PLACEMENT_3D('',#1586,#1587,#1588);
#1586 = CARTESIAN_POINT('',(16.454482671904,9.5,-1.81));
#1587 = DIRECTION('',(0.,0.,-1.));
#1588 = DIRECTION('',(1.,0.,0.));
#1589 = PCURVE('',#483,#1590);
#1590 = DEFINITIONAL_REPRESENTATION('',(#1591),#1595);
#1591 = LINE('',#1592,#1593);
#1592 = CARTESIAN_POINT('',(-6.28318530718,-1.29));
#1593 = VECTOR('',#1594,1.);
#1594 = DIRECTION('',(1.,-0.));
#1595 = ( GEOMETRIC_REPRESENTATION_CONTEXT(2) 
PARAMETRIC_REPRESENTATION_CONTEXT() REPRESENTATION_CONTEXT('2D SPACE',''
  ) );
#1596 = PCURVE('',#1597,#1602);
#1597 = PLANE('',#1598);
#1598 = AXIS2_PLACEMENT_3D('',#1599,#1600,#1601);
#1599 = CARTESIAN_POINT('',(16.454482671904,9.5,-1.81));
#1600 = DIRECTION('',(0.,0.,1.));
#1601 = DIRECTION('',(1.,0.,-0.));
#1602 = DEFINITIONAL_REPRESENTATION('',(#1603),#1611);
#1603 = ( BOUNDED_CURVE() B_SPLINE_CURVE(2,(#1604,#1605,#1606,#1607,
#1608,#1609,#1610),.UNSPECIFIED.,.T.,.F.) B_SPLINE_CURVE_WITH_KNOTS((1,2
    ,2,2,2,1),(-2.094395102393,0.,2.094395102393,4.188790204786,
6.28318530718,8.377580409573),.UNSPECIFIED.) CURVE() 
GEOMETRIC_REPRESENTATION_ITEM() RATIONAL_B_SPLINE_CURVE((1.,0.5,1.,0.5,
1.,0.5,1.)) REPRESENTATION_ITEM('') );
#1604 = CARTESIAN_POINT('',(1.55,0.));
#1605 = CARTESIAN_POINT('',(1.55,-2.684678751732));
#1606 = CARTESIAN_POINT('',(-0.775,-1.342339375866));
#1607 = CARTESIAN_POINT('',(-3.1,-3.796405077357E-16));
#1608 = CARTESIAN_POINT('',(-0.775,1.342339375866));
#1609 = CARTESIAN_POINT('',(1.55,2.684678751732));
#1610 = CARTESIAN_POINT('',(1.55,0.));
#1611 = ( GEOMETRIC_REPRESENTATION_CONTEXT(2) 
PARAMETRIC_REPRESENTATION_CONTEXT() REPRESENTATION_CONTEXT('2D SPACE',''
  ) );
#1612 = ORIENTED_EDGE('',*,*,#1613,.T.);
#1613 = EDGE_CURVE('',#1581,#463,#1614,.T.);
#1614 = SEAM_CURVE('',#1615,(#1619,#1626),.PCURVE_S1.);
#1615 = LINE('',#1616,#1617);
#1616 = CARTESIAN_POINT('',(18.004482671904,9.5,-3.1));
#1617 = VECTOR('',#1618,1.);
#1618 = DIRECTION('',(0.,0.,1.));
#1619 = PCURVE('',#483,#1620);
#1620 = DEFINITIONAL_REPRESENTATION('',(#1621),#1625);
#1621 = LINE('',#1622,#1623);
#1622 = CARTESIAN_POINT('',(-6.28318530718,0.));
#1623 = VECTOR('',#1624,1.);
#1624 = DIRECTION('',(-0.,-1.));
#1625 = ( GEOMETRIC_REPRESENTATION_CONTEXT(2) 
PARAMETRIC_REPRESENTATION_CONTEXT() REPRESENTATION_CONTEXT('2D SPACE',''
  ) );
#1626 = PCURVE('',#483,#1627);
#1627 = DEFINITIONAL_REPRESENTATION('',(#1628),#1632);
#1628 = LINE('',#1629,#1630);
#1629 = CARTESIAN_POINT('',(-0.,0.));
#1630 = VECTOR('',#1631,1.);
#1631 = DIRECTION('',(-0.,-1.));
#1632 = ( GEOMETRIC_REPRESENTATION_CONTEXT(2) 
PARAMETRIC_REPRESENTATION_CONTEXT() REPRESENTATION_CONTEXT('2D SPACE',''
  ) );
#1633 = ORIENTED_EDGE('',*,*,#462,.F.);
#1634 = ORIENTED_EDGE('',*,*,#1613,.F.);
#1635 = ADVANCED_FACE('',(#1636),#518,.F.);
#1636 = FACE_BOUND('',#1637,.T.);
#1637 = EDGE_LOOP('',(#1638,#1671,#1692,#1693));
#1638 = ORIENTED_EDGE('',*,*,#1639,.T.);
#1639 = EDGE_CURVE('',#1640,#1640,#1642,.T.);
#1640 = VERTEX_POINT('',#1641);
#1641 = CARTESIAN_POINT('',(1.55,19.,-1.81));
#1642 = SURFACE_CURVE('',#1643,(#1648,#1655),.PCURVE_S1.);
#1643 = CIRCLE('',#1644,1.55);
#1644 = AXIS2_PLACEMENT_3D('',#1645,#1646,#1647);
#1645 = CARTESIAN_POINT('',(1.16341445919E-15,19.,-1.81));
#1646 = DIRECTION('',(0.,0.,-1.));
#1647 = DIRECTION('',(1.,0.,0.));
#1648 = PCURVE('',#518,#1649);
#1649 = DEFINITIONAL_REPRESENTATION('',(#1650),#1654);
#1650 = LINE('',#1651,#1652);
#1651 = CARTESIAN_POINT('',(-6.28318530718,-1.29));
#1652 = VECTOR('',#1653,1.);
#1653 = DIRECTION('',(1.,-0.));
#1654 = ( GEOMETRIC_REPRESENTATION_CONTEXT(2) 
PARAMETRIC_REPRESENTATION_CONTEXT() REPRESENTATION_CONTEXT('2D SPACE',''
  ) );
#1655 = PCURVE('',#1656,#1661);
#1656 = PLANE('',#1657);
#1657 = AXIS2_PLACEMENT_3D('',#1658,#1659,#1660);
#1658 = CARTESIAN_POINT('',(9.316449452003E-16,19.,-1.81));
#1659 = DIRECTION('',(0.,0.,1.));
#1660 = DIRECTION('',(1.,0.,-0.));
#1661 = DEFINITIONAL_REPRESENTATION('',(#1662),#1670);
#1662 = ( BOUNDED_CURVE() B_SPLINE_CURVE(2,(#1663,#1664,#1665,#1666,
#1667,#1668,#1669),.UNSPECIFIED.,.T.,.F.) B_SPLINE_CURVE_WITH_KNOTS((1,2
    ,2,2,2,1),(-2.094395102393,0.,2.094395102393,4.188790204786,
6.28318530718,8.377580409573),.UNSPECIFIED.) CURVE() 
GEOMETRIC_REPRESENTATION_ITEM() RATIONAL_B_SPLINE_CURVE((1.,0.5,1.,0.5,
1.,0.5,1.)) REPRESENTATION_ITEM('') );
#1663 = CARTESIAN_POINT('',(1.55,0.));
#1664 = CARTESIAN_POINT('',(1.55,-2.684678751732));
#1665 = CARTESIAN_POINT('',(-0.775,-1.342339375866));
#1666 = CARTESIAN_POINT('',(-3.1,-3.796405077357E-16));
#1667 = CARTESIAN_POINT('',(-0.775,1.342339375866));
#1668 = CARTESIAN_POINT('',(1.55,2.684678751732));
#1669 = CARTESIAN_POINT('',(1.55,0.));
#1670 = ( GEOMETRIC_REPRESENTATION_CONTEXT(2) 
PARAMETRIC_REPRESENTATION_CONTEXT() REPRESENTATION_CONTEXT('2D SPACE',''
  ) );
#1671 = ORIENTED_EDGE('',*,*,#1672,.T.);
#1672 = EDGE_CURVE('',#1640,#498,#1673,.T.);
#1673 = SEAM_CURVE('',#1674,(#1678,#1685),.PCURVE_S1.);
#1674 = LINE('',#1675,#1676);
#1675 = CARTESIAN_POINT('',(1.55,19.,-3.1));
#1676 = VECTOR('',#1677,1.);
#1677 = DIRECTION('',(0.,0.,1.));
#1678 = PCURVE('',#518,#1679);
#1679 = DEFINITIONAL_REPRESENTATION('',(#1680),#1684);
#1680 = LINE('',#1681,#1682);
#1681 = CARTESIAN_POINT('',(-6.28318530718,0.));
#1682 = VECTOR('',#1683,1.);
#1683 = DIRECTION('',(-0.,-1.));
#1684 = ( GEOMETRIC_REPRESENTATION_CONTEXT(2) 
PARAMETRIC_REPRESENTATION_CONTEXT() REPRESENTATION_CONTEXT('2D SPACE',''
  ) );
#1685 = PCURVE('',#518,#1686);
#1686 = DEFINITIONAL_REPRESENTATION('',(#1687),#1691);
#1687 = LINE('',#1688,#1689);
#1688 = CARTESIAN_POINT('',(-0.,0.));
#1689 = VECTOR('',#1690,1.);
#1690 = DIRECTION('',(-0.,-1.));
#1691 = ( GEOMETRIC_REPRESENTATION_CONTEXT(2) 
PARAMETRIC_REPRESENTATION_CONTEXT() REPRESENTATION_CONTEXT('2D SPACE',''
  ) );
#1692 = ORIENTED_EDGE('',*,*,#497,.F.);
#1693 = ORIENTED_EDGE('',*,*,#1672,.F.);
#1694 = ADVANCED_FACE('',(#1695),#553,.F.);
#1695 = FACE_BOUND('',#1696,.T.);
#1696 = EDGE_LOOP('',(#1697,#1730,#1751,#1752));
#1697 = ORIENTED_EDGE('',*,*,#1698,.T.);
#1698 = EDGE_CURVE('',#1699,#1699,#1701,.T.);
#1699 = VERTEX_POINT('',#1700);
#1700 = CARTESIAN_POINT('',(11.05,16.454482671904,-1.81));
#1701 = SURFACE_CURVE('',#1702,(#1707,#1714),.PCURVE_S1.);
#1702 = CIRCLE('',#1703,1.55);
#1703 = AXIS2_PLACEMENT_3D('',#1704,#1705,#1706);
#1704 = CARTESIAN_POINT('',(9.5,16.454482671904,-1.81));
#1705 = DIRECTION('',(0.,0.,-1.));
#1706 = DIRECTION('',(1.,0.,0.));
#1707 = PCURVE('',#553,#1708);
#1708 = DEFINITIONAL_REPRESENTATION('',(#1709),#1713);
#1709 = LINE('',#1710,#1711);
#1710 = CARTESIAN_POINT('',(-6.28318530718,-1.29));
#1711 = VECTOR('',#1712,1.);
#1712 = DIRECTION('',(1.,-0.));
#1713 = ( GEOMETRIC_REPRESENTATION_CONTEXT(2) 
PARAMETRIC_REPRESENTATION_CONTEXT() REPRESENTATION_CONTEXT('2D SPACE',''
  ) );
#1714 = PCURVE('',#1715,#1720);
#1715 = PLANE('',#1716);
#1716 = AXIS2_PLACEMENT_3D('',#1717,#1718,#1719);
#1717 = CARTESIAN_POINT('',(9.5,16.454482671904,-1.81));
#1718 = DIRECTION('',(0.,0.,1.));
#1719 = DIRECTION('',(1.,0.,-0.));
#1720 = DEFINITIONAL_REPRESENTATION('',(#1721),#1729);
#1721 = ( BOUNDED_CURVE() B_SPLINE_CURVE(2,(#1722,#1723,#1724,#1725,
#1726,#1727,#1728),.UNSPECIFIED.,.T.,.F.) B_SPLINE_CURVE_WITH_KNOTS((1,2
    ,2,2,2,1),(-2.094395102393,0.,2.094395102393,4.188790204786,
6.28318530718,8.377580409573),.UNSPECIFIED.) CURVE() 
GEOMETRIC_REPRESENTATION_ITEM() RATIONAL_B_SPLINE_CURVE((1.,0.5,1.,0.5,
1.,0.5,1.)) REPRESENTATION_ITEM('') );
#1722 = CARTESIAN_POINT('',(1.55,0.));
#1723 = CARTESIAN_POINT('',(1.55,-2.684678751732));
#1724 = CARTESIAN_POINT('',(-0.775,-1.342339375866));
#1725 = CARTESIAN_POINT('',(-3.1,-3.796405077357E-16));
#1726 = CARTESIAN_POINT('',(-0.775,1.342339375866));
#1727 = CARTESIAN_POINT('',(1.55,2.684678751732));
#1728 = CARTESIAN_POINT('',(1.55,0.));
#1729 = ( GEOMETRIC_REPRESENTATION_CONTEXT(2) 
PARAMETRIC_REPRESENTATION_CONTEXT() REPRESENTATION_CONTEXT('2D SPACE',''
  ) );
#1730 = ORIENTED_EDGE('',*,*,#1731,.T.);
#1731 = EDGE_CURVE('',#1699,#533,#1732,.T.);
#1732 = SEAM_CURVE('',#1733,(#1737,#1744),.PCURVE_S1.);
#1733 = LINE('',#1734,#1735);
#1734 = CARTESIAN_POINT('',(11.05,16.454482671904,-3.1));
#1735 = VECTOR('',#1736,1.);
#1736 = DIRECTION('',(0.,0.,1.));
#1737 = PCURVE('',#553,#1738);
#1738 = DEFINITIONAL_REPRESENTATION('',(#1739),#1743);
#1739 = LINE('',#1740,#1741);
#1740 = CARTESIAN_POINT('',(-6.28318530718,0.));
#1741 = VECTOR('',#1742,1.);
#1742 = DIRECTION('',(-0.,-1.));
#1743 = ( GEOMETRIC_REPRESENTATION_CONTEXT(2) 
PARAMETRIC_REPRESENTATION_CONTEXT() REPRESENTATION_CONTEXT('2D SPACE',''
  ) );
#1744 = PCURVE('',#553,#1745);
#1745 = DEFINITIONAL_REPRESENTATION('',(#1746),#1750);
#1746 = LINE('',#1747,#1748);
#1747 = CARTESIAN_POINT('',(-0.,0.));
#1748 = VECTOR('',#1749,1.);
#1749 = DIRECTION('',(-0.,-1.));
#1750 = ( GEOMETRIC_REPRESENTATION_CONTEXT(2) 
PARAMETRIC_REPRESENTATION_CONTEXT() REPRESENTATION_CONTEXT('2D SPACE',''
  ) );
#1751 = ORIENTED_EDGE('',*,*,#532,.F.);
#1752 = ORIENTED_EDGE('',*,*,#1731,.F.);
#1753 = ADVANCED_FACE('',(#1754),#592,.F.);
#1754 = FACE_BOUND('',#1755,.T.);
#1755 = EDGE_LOOP('',(#1756,#1757,#1780,#1802));
#1756 = ORIENTED_EDGE('',*,*,#571,.T.);
#1757 = ORIENTED_EDGE('',*,*,#1758,.T.);
#1758 = EDGE_CURVE('',#572,#1759,#1761,.T.);
#1759 = VERTEX_POINT('',#1760);
#1760 = CARTESIAN_POINT('',(2.95,-19.,-1.81));
#1761 = SEAM_CURVE('',#1762,(#1766,#1773),.PCURVE_S1.);
#1762 = LINE('',#1763,#1764);
#1763 = CARTESIAN_POINT('',(2.95,-19.,-3.01));
#1764 = VECTOR('',#1765,1.);
#1765 = DIRECTION('',(0.,0.,1.));
#1766 = PCURVE('',#592,#1767);
#1767 = DEFINITIONAL_REPRESENTATION('',(#1768),#1772);
#1768 = LINE('',#1769,#1770);
#1769 = CARTESIAN_POINT('',(-6.28318530718,0.));
#1770 = VECTOR('',#1771,1.);
#1771 = DIRECTION('',(-0.,-1.));
#1772 = ( GEOMETRIC_REPRESENTATION_CONTEXT(2) 
PARAMETRIC_REPRESENTATION_CONTEXT() REPRESENTATION_CONTEXT('2D SPACE',''
  ) );
#1773 = PCURVE('',#592,#1774);
#1774 = DEFINITIONAL_REPRESENTATION('',(#1775),#1779);
#1775 = LINE('',#1776,#1777);
#1776 = CARTESIAN_POINT('',(-0.,0.));
#1777 = VECTOR('',#1778,1.);
#1778 = DIRECTION('',(-0.,-1.));
#1779 = ( GEOMETRIC_REPRESENTATION_CONTEXT(2) 
PARAMETRIC_REPRESENTATION_CONTEXT() REPRESENTATION_CONTEXT('2D SPACE',''
  ) );
#1780 = ORIENTED_EDGE('',*,*,#1781,.T.);
#1781 = EDGE_CURVE('',#1759,#1759,#1782,.T.);
#1782 = SURFACE_CURVE('',#1783,(#1788,#1795),.PCURVE_S1.);
#1783 = CIRCLE('',#1784,2.95);
#1784 = AXIS2_PLACEMENT_3D('',#1785,#1786,#1787);
#1785 = CARTESIAN_POINT('',(-3.49024337757E-15,-19.,-1.81));
#1786 = DIRECTION('',(0.,0.,1.));
#1787 = DIRECTION('',(1.,0.,0.));
#1788 = PCURVE('',#592,#1789);
#1789 = DEFINITIONAL_REPRESENTATION('',(#1790),#1794);
#1790 = LINE('',#1791,#1792);
#1791 = CARTESIAN_POINT('',(-0.,-1.2));
#1792 = VECTOR('',#1793,1.);
#1793 = DIRECTION('',(-1.,0.));
#1794 = ( GEOMETRIC_REPRESENTATION_CONTEXT(2) 
PARAMETRIC_REPRESENTATION_CONTEXT() REPRESENTATION_CONTEXT('2D SPACE',''
  ) );
#1795 = PCURVE('',#1098,#1796);
#1796 = DEFINITIONAL_REPRESENTATION('',(#1797),#1801);
#1797 = CIRCLE('',#1798,2.95);
#1798 = AXIS2_PLACEMENT_2D('',#1799,#1800);
#1799 = CARTESIAN_POINT('',(2.317695139897E-16,0.));
#1800 = DIRECTION('',(1.,0.));
#1801 = ( GEOMETRIC_REPRESENTATION_CONTEXT(2) 
PARAMETRIC_REPRESENTATION_CONTEXT() REPRESENTATION_CONTEXT('2D SPACE',''
  ) );
#1802 = ORIENTED_EDGE('',*,*,#1758,.F.);
#1803 = ADVANCED_FACE('',(#1804),#627,.F.);
#1804 = FACE_BOUND('',#1805,.T.);
#1805 = EDGE_LOOP('',(#1806,#1807,#1830,#1852));
#1806 = ORIENTED_EDGE('',*,*,#606,.T.);
#1807 = ORIENTED_EDGE('',*,*,#1808,.T.);
#1808 = EDGE_CURVE('',#607,#1809,#1811,.T.);
#1809 = VERTEX_POINT('',#1810);
#1810 = CARTESIAN_POINT('',(-6.55,-16.4544826719,-1.81));
#1811 = SEAM_CURVE('',#1812,(#1816,#1823),.PCURVE_S1.);
#1812 = LINE('',#1813,#1814);
#1813 = CARTESIAN_POINT('',(-6.55,-16.4544826719,-3.01));
#1814 = VECTOR('',#1815,1.);
#1815 = DIRECTION('',(0.,0.,1.));
#1816 = PCURVE('',#627,#1817);
#1817 = DEFINITIONAL_REPRESENTATION('',(#1818),#1822);
#1818 = LINE('',#1819,#1820);
#1819 = CARTESIAN_POINT('',(-6.28318530718,0.));
#1820 = VECTOR('',#1821,1.);
#1821 = DIRECTION('',(-0.,-1.));
#1822 = ( GEOMETRIC_REPRESENTATION_CONTEXT(2) 
PARAMETRIC_REPRESENTATION_CONTEXT() REPRESENTATION_CONTEXT('2D SPACE',''
  ) );
#1823 = PCURVE('',#627,#1824);
#1824 = DEFINITIONAL_REPRESENTATION('',(#1825),#1829);
#1825 = LINE('',#1826,#1827);
#1826 = CARTESIAN_POINT('',(-0.,0.));
#1827 = VECTOR('',#1828,1.);
#1828 = DIRECTION('',(-0.,-1.));
#1829 = ( GEOMETRIC_REPRESENTATION_CONTEXT(2) 
PARAMETRIC_REPRESENTATION_CONTEXT() REPRESENTATION_CONTEXT('2D SPACE',''
  ) );
#1830 = ORIENTED_EDGE('',*,*,#1831,.T.);
#1831 = EDGE_CURVE('',#1809,#1809,#1832,.T.);
#1832 = SURFACE_CURVE('',#1833,(#1838,#1845),.PCURVE_S1.);
#1833 = CIRCLE('',#1834,2.95);
#1834 = AXIS2_PLACEMENT_3D('',#1835,#1836,#1837);
#1835 = CARTESIAN_POINT('',(-9.5,-16.4544826719,-1.81));
#1836 = DIRECTION('',(0.,0.,1.));
#1837 = DIRECTION('',(1.,0.,0.));
#1838 = PCURVE('',#627,#1839);
#1839 = DEFINITIONAL_REPRESENTATION('',(#1840),#1844);
#1840 = LINE('',#1841,#1842);
#1841 = CARTESIAN_POINT('',(-0.,-1.2));
#1842 = VECTOR('',#1843,1.);
#1843 = DIRECTION('',(-1.,0.));
#1844 = ( GEOMETRIC_REPRESENTATION_CONTEXT(2) 
PARAMETRIC_REPRESENTATION_CONTEXT() REPRESENTATION_CONTEXT('2D SPACE',''
  ) );
#1845 = PCURVE('',#1039,#1846);
#1846 = DEFINITIONAL_REPRESENTATION('',(#1847),#1851);
#1847 = CIRCLE('',#1848,2.95);
#1848 = AXIS2_PLACEMENT_2D('',#1849,#1850);
#1849 = CARTESIAN_POINT('',(0.,0.));
#1850 = DIRECTION('',(1.,0.));
#1851 = ( GEOMETRIC_REPRESENTATION_CONTEXT(2) 
PARAMETRIC_REPRESENTATION_CONTEXT() REPRESENTATION_CONTEXT('2D SPACE',''
  ) );
#1852 = ORIENTED_EDGE('',*,*,#1808,.F.);
#1853 = ADVANCED_FACE('',(#1854),#662,.F.);
#1854 = FACE_BOUND('',#1855,.T.);
#1855 = EDGE_LOOP('',(#1856,#1857,#1880,#1902));
#1856 = ORIENTED_EDGE('',*,*,#641,.T.);
#1857 = ORIENTED_EDGE('',*,*,#1858,.T.);
#1858 = EDGE_CURVE('',#642,#1859,#1861,.T.);
#1859 = VERTEX_POINT('',#1860);
#1860 = CARTESIAN_POINT('',(-13.5044826719,-9.5,-1.81));
#1861 = SEAM_CURVE('',#1862,(#1866,#1873),.PCURVE_S1.);
#1862 = LINE('',#1863,#1864);
#1863 = CARTESIAN_POINT('',(-13.5044826719,-9.5,-3.01));
#1864 = VECTOR('',#1865,1.);
#1865 = DIRECTION('',(0.,0.,1.));
#1866 = PCURVE('',#662,#1867);
#1867 = DEFINITIONAL_REPRESENTATION('',(#1868),#1872);
#1868 = LINE('',#1869,#1870);
#1869 = CARTESIAN_POINT('',(-6.28318530718,0.));
#1870 = VECTOR('',#1871,1.);
#1871 = DIRECTION('',(-0.,-1.));
#1872 = ( GEOMETRIC_REPRESENTATION_CONTEXT(2) 
PARAMETRIC_REPRESENTATION_CONTEXT() REPRESENTATION_CONTEXT('2D SPACE',''
  ) );
#1873 = PCURVE('',#662,#1874);
#1874 = DEFINITIONAL_REPRESENTATION('',(#1875),#1879);
#1875 = LINE('',#1876,#1877);
#1876 = CARTESIAN_POINT('',(-0.,0.));
#1877 = VECTOR('',#1878,1.);
#1878 = DIRECTION('',(-0.,-1.));
#1879 = ( GEOMETRIC_REPRESENTATION_CONTEXT(2) 
PARAMETRIC_REPRESENTATION_CONTEXT() REPRESENTATION_CONTEXT('2D SPACE',''
  ) );
#1880 = ORIENTED_EDGE('',*,*,#1881,.T.);
#1881 = EDGE_CURVE('',#1859,#1859,#1882,.T.);
#1882 = SURFACE_CURVE('',#1883,(#1888,#1895),.PCURVE_S1.);
#1883 = CIRCLE('',#1884,2.95);
#1884 = AXIS2_PLACEMENT_3D('',#1885,#1886,#1887);
#1885 = CARTESIAN_POINT('',(-16.4544826719,-9.5,-1.81));
#1886 = DIRECTION('',(0.,0.,1.));
#1887 = DIRECTION('',(1.,0.,0.));
#1888 = PCURVE('',#662,#1889);
#1889 = DEFINITIONAL_REPRESENTATION('',(#1890),#1894);
#1890 = LINE('',#1891,#1892);
#1891 = CARTESIAN_POINT('',(-0.,-1.2));
#1892 = VECTOR('',#1893,1.);
#1893 = DIRECTION('',(-1.,0.));
#1894 = ( GEOMETRIC_REPRESENTATION_CONTEXT(2) 
PARAMETRIC_REPRESENTATION_CONTEXT() REPRESENTATION_CONTEXT('2D SPACE',''
  ) );
#1895 = PCURVE('',#1157,#1896);
#1896 = DEFINITIONAL_REPRESENTATION('',(#1897),#1901);
#1897 = CIRCLE('',#1898,2.95);
#1898 = AXIS2_PLACEMENT_2D('',#1899,#1900);
#1899 = CARTESIAN_POINT('',(0.,0.));
#1900 = DIRECTION('',(1.,0.));
#1901 = ( GEOMETRIC_REPRESENTATION_CONTEXT(2) 
PARAMETRIC_REPRESENTATION_CONTEXT() REPRESENTATION_CONTEXT('2D SPACE',''
  ) );
#1902 = ORIENTED_EDGE('',*,*,#1858,.F.);
#1903 = ADVANCED_FACE('',(#1904),#697,.F.);
#1904 = FACE_BOUND('',#1905,.T.);
#1905 = EDGE_LOOP('',(#1906,#1907,#1930,#1952));
#1906 = ORIENTED_EDGE('',*,*,#676,.T.);
#1907 = ORIENTED_EDGE('',*,*,#1908,.T.);
#1908 = EDGE_CURVE('',#677,#1909,#1911,.T.);
#1909 = VERTEX_POINT('',#1910);
#1910 = CARTESIAN_POINT('',(12.45,-16.4544826719,-1.81));
#1911 = SEAM_CURVE('',#1912,(#1916,#1923),.PCURVE_S1.);
#1912 = LINE('',#1913,#1914);
#1913 = CARTESIAN_POINT('',(12.45,-16.4544826719,-3.01));
#1914 = VECTOR('',#1915,1.);
#1915 = DIRECTION('',(0.,0.,1.));
#1916 = PCURVE('',#697,#1917);
#1917 = DEFINITIONAL_REPRESENTATION('',(#1918),#1922);
#1918 = LINE('',#1919,#1920);
#1919 = CARTESIAN_POINT('',(-6.28318530718,0.));
#1920 = VECTOR('',#1921,1.);
#1921 = DIRECTION('',(-0.,-1.));
#1922 = ( GEOMETRIC_REPRESENTATION_CONTEXT(2) 
PARAMETRIC_REPRESENTATION_CONTEXT() REPRESENTATION_CONTEXT('2D SPACE',''
  ) );
#1923 = PCURVE('',#697,#1924);
#1924 = DEFINITIONAL_REPRESENTATION('',(#1925),#1929);
#1925 = LINE('',#1926,#1927);
#1926 = CARTESIAN_POINT('',(-0.,0.));
#1927 = VECTOR('',#1928,1.);
#1928 = DIRECTION('',(-0.,-1.));
#1929 = ( GEOMETRIC_REPRESENTATION_CONTEXT(2) 
PARAMETRIC_REPRESENTATION_CONTEXT() REPRESENTATION_CONTEXT('2D SPACE',''
  ) );
#1930 = ORIENTED_EDGE('',*,*,#1931,.T.);
#1931 = EDGE_CURVE('',#1909,#1909,#1932,.T.);
#1932 = SURFACE_CURVE('',#1933,(#1938,#1945),.PCURVE_S1.);
#1933 = CIRCLE('',#1934,2.95);
#1934 = AXIS2_PLACEMENT_3D('',#1935,#1936,#1937);
#1935 = CARTESIAN_POINT('',(9.5,-16.4544826719,-1.81));
#1936 = DIRECTION('',(0.,0.,1.));
#1937 = DIRECTION('',(1.,0.,0.));
#1938 = PCURVE('',#697,#1939);
#1939 = DEFINITIONAL_REPRESENTATION('',(#1940),#1944);
#1940 = LINE('',#1941,#1942);
#1941 = CARTESIAN_POINT('',(-0.,-1.2));
#1942 = VECTOR('',#1943,1.);
#1943 = DIRECTION('',(-1.,0.));
#1944 = ( GEOMETRIC_REPRESENTATION_CONTEXT(2) 
PARAMETRIC_REPRESENTATION_CONTEXT() REPRESENTATION_CONTEXT('2D SPACE',''
  ) );
#1945 = PCURVE('',#1216,#1946);
#1946 = DEFINITIONAL_REPRESENTATION('',(#1947),#1951);
#1947 = CIRCLE('',#1948,2.95);
#1948 = AXIS2_PLACEMENT_2D('',#1949,#1950);
#1949 = CARTESIAN_POINT('',(0.,0.));
#1950 = DIRECTION('',(1.,0.));
#1951 = ( GEOMETRIC_REPRESENTATION_CONTEXT(2) 
PARAMETRIC_REPRESENTATION_CONTEXT() REPRESENTATION_CONTEXT('2D SPACE',''
  ) );
#1952 = ORIENTED_EDGE('',*,*,#1908,.F.);
#1953 = ADVANCED_FACE('',(#1954),#732,.F.);
#1954 = FACE_BOUND('',#1955,.T.);
#1955 = EDGE_LOOP('',(#1956,#1957,#1980,#2002));
#1956 = ORIENTED_EDGE('',*,*,#711,.T.);
#1957 = ORIENTED_EDGE('',*,*,#1958,.T.);
#1958 = EDGE_CURVE('',#712,#1959,#1961,.T.);
#1959 = VERTEX_POINT('',#1960);
#1960 = CARTESIAN_POINT('',(19.404482671904,-9.5,-1.81));
#1961 = SEAM_CURVE('',#1962,(#1966,#1973),.PCURVE_S1.);
#1962 = LINE('',#1963,#1964);
#1963 = CARTESIAN_POINT('',(19.404482671904,-9.5,-3.01));
#1964 = VECTOR('',#1965,1.);
#1965 = DIRECTION('',(0.,0.,1.));
#1966 = PCURVE('',#732,#1967);
#1967 = DEFINITIONAL_REPRESENTATION('',(#1968),#1972);
#1968 = LINE('',#1969,#1970);
#1969 = CARTESIAN_POINT('',(-6.28318530718,0.));
#1970 = VECTOR('',#1971,1.);
#1971 = DIRECTION('',(-0.,-1.));
#1972 = ( GEOMETRIC_REPRESENTATION_CONTEXT(2) 
PARAMETRIC_REPRESENTATION_CONTEXT() REPRESENTATION_CONTEXT('2D SPACE',''
  ) );
#1973 = PCURVE('',#732,#1974);
#1974 = DEFINITIONAL_REPRESENTATION('',(#1975),#1979);
#1975 = LINE('',#1976,#1977);
#1976 = CARTESIAN_POINT('',(-0.,0.));
#1977 = VECTOR('',#1978,1.);
#1978 = DIRECTION('',(-0.,-1.));
#1979 = ( GEOMETRIC_REPRESENTATION_CONTEXT(2) 
PARAMETRIC_REPRESENTATION_CONTEXT() REPRESENTATION_CONTEXT('2D SPACE',''
  ) );
#1980 = ORIENTED_EDGE('',*,*,#1981,.T.);
#1981 = EDGE_CURVE('',#1959,#1959,#1982,.T.);
#1982 = SURFACE_CURVE('',#1983,(#1988,#1995),.PCURVE_S1.);
#1983 = CIRCLE('',#1984,2.95);
#1984 = AXIS2_PLACEMENT_3D('',#1985,#1986,#1987);
#1985 = CARTESIAN_POINT('',(16.454482671904,-9.5,-1.81));
#1986 = DIRECTION('',(0.,0.,1.));
#1987 = DIRECTION('',(1.,0.,0.));
#1988 = PCURVE('',#732,#1989);
#1989 = DEFINITIONAL_REPRESENTATION('',(#1990),#1994);
#1990 = LINE('',#1991,#1992);
#1991 = CARTESIAN_POINT('',(-0.,-1.2));
#1992 = VECTOR('',#1993,1.);
#1993 = DIRECTION('',(-1.,0.));
#1994 = ( GEOMETRIC_REPRESENTATION_CONTEXT(2) 
PARAMETRIC_REPRESENTATION_CONTEXT() REPRESENTATION_CONTEXT('2D SPACE',''
  ) );
#1995 = PCURVE('',#1275,#1996);
#1996 = DEFINITIONAL_REPRESENTATION('',(#1997),#2001);
#1997 = CIRCLE('',#1998,2.95);
#1998 = AXIS2_PLACEMENT_2D('',#1999,#2000);
#1999 = CARTESIAN_POINT('',(0.,0.));
#2000 = DIRECTION('',(1.,0.));
#2001 = ( GEOMETRIC_REPRESENTATION_CONTEXT(2) 
PARAMETRIC_REPRESENTATION_CONTEXT() REPRESENTATION_CONTEXT('2D SPACE',''
  ) );
#2002 = ORIENTED_EDGE('',*,*,#1958,.F.);
#2003 = ADVANCED_FACE('',(#2004),#767,.F.);
#2004 = FACE_BOUND('',#2005,.T.);
#2005 = EDGE_LOOP('',(#2006,#2007,#2030,#2052));
#2006 = ORIENTED_EDGE('',*,*,#746,.T.);
#2007 = ORIENTED_EDGE('',*,*,#2008,.T.);
#2008 = EDGE_CURVE('',#747,#2009,#2011,.T.);
#2009 = VERTEX_POINT('',#2010);
#2010 = CARTESIAN_POINT('',(-16.05,2.32682891838E-15,-1.81));
#2011 = SEAM_CURVE('',#2012,(#2016,#2023),.PCURVE_S1.);
#2012 = LINE('',#2013,#2014);
#2013 = CARTESIAN_POINT('',(-16.05,2.32682891838E-15,-3.01));
#2014 = VECTOR('',#2015,1.);
#2015 = DIRECTION('',(0.,0.,1.));
#2016 = PCURVE('',#767,#2017);
#2017 = DEFINITIONAL_REPRESENTATION('',(#2018),#2022);
#2018 = LINE('',#2019,#2020);
#2019 = CARTESIAN_POINT('',(-6.28318530718,0.));
#2020 = VECTOR('',#2021,1.);
#2021 = DIRECTION('',(-0.,-1.));
#2022 = ( GEOMETRIC_REPRESENTATION_CONTEXT(2) 
PARAMETRIC_REPRESENTATION_CONTEXT() REPRESENTATION_CONTEXT('2D SPACE',''
  ) );
#2023 = PCURVE('',#767,#2024);
#2024 = DEFINITIONAL_REPRESENTATION('',(#2025),#2029);
#2025 = LINE('',#2026,#2027);
#2026 = CARTESIAN_POINT('',(-0.,0.));
#2027 = VECTOR('',#2028,1.);
#2028 = DIRECTION('',(-0.,-1.));
#2029 = ( GEOMETRIC_REPRESENTATION_CONTEXT(2) 
PARAMETRIC_REPRESENTATION_CONTEXT() REPRESENTATION_CONTEXT('2D SPACE',''
  ) );
#2030 = ORIENTED_EDGE('',*,*,#2031,.T.);
#2031 = EDGE_CURVE('',#2009,#2009,#2032,.T.);
#2032 = SURFACE_CURVE('',#2033,(#2038,#2045),.PCURVE_S1.);
#2033 = CIRCLE('',#2034,2.95);
#2034 = AXIS2_PLACEMENT_3D('',#2035,#2036,#2037);
#2035 = CARTESIAN_POINT('',(-19.,2.32682891838E-15,-1.81));
#2036 = DIRECTION('',(0.,0.,1.));
#2037 = DIRECTION('',(1.,0.,0.));
#2038 = PCURVE('',#767,#2039);
#2039 = DEFINITIONAL_REPRESENTATION('',(#2040),#2044);
#2040 = LINE('',#2041,#2042);
#2041 = CARTESIAN_POINT('',(-0.,-1.2));
#2042 = VECTOR('',#2043,1.);
#2043 = DIRECTION('',(-1.,0.));
#2044 = ( GEOMETRIC_REPRESENTATION_CONTEXT(2) 
PARAMETRIC_REPRESENTATION_CONTEXT() REPRESENTATION_CONTEXT('2D SPACE',''
  ) );
#2045 = PCURVE('',#1334,#2046);
#2046 = DEFINITIONAL_REPRESENTATION('',(#2047),#2051);
#2047 = CIRCLE('',#2048,2.95);
#2048 = AXIS2_PLACEMENT_2D('',#2049,#2050);
#2049 = CARTESIAN_POINT('',(0.,4.53884492129E-18));
#2050 = DIRECTION('',(1.,0.));
#2051 = ( GEOMETRIC_REPRESENTATION_CONTEXT(2) 
PARAMETRIC_REPRESENTATION_CONTEXT() REPRESENTATION_CONTEXT('2D SPACE',''
  ) );
#2052 = ORIENTED_EDGE('',*,*,#2008,.F.);
#2053 = ADVANCED_FACE('',(#2054),#802,.F.);
#2054 = FACE_BOUND('',#2055,.T.);
#2055 = EDGE_LOOP('',(#2056,#2057,#2080,#2102));
#2056 = ORIENTED_EDGE('',*,*,#781,.T.);
#2057 = ORIENTED_EDGE('',*,*,#2058,.T.);
#2058 = EDGE_CURVE('',#782,#2059,#2061,.T.);
#2059 = VERTEX_POINT('',#2060);
#2060 = CARTESIAN_POINT('',(-13.5044826719,9.5,-1.81));
#2061 = SEAM_CURVE('',#2062,(#2066,#2073),.PCURVE_S1.);
#2062 = LINE('',#2063,#2064);
#2063 = CARTESIAN_POINT('',(-13.5044826719,9.5,-3.01));
#2064 = VECTOR('',#2065,1.);
#2065 = DIRECTION('',(0.,0.,1.));
#2066 = PCURVE('',#802,#2067);
#2067 = DEFINITIONAL_REPRESENTATION('',(#2068),#2072);
#2068 = LINE('',#2069,#2070);
#2069 = CARTESIAN_POINT('',(-6.28318530718,0.));
#2070 = VECTOR('',#2071,1.);
#2071 = DIRECTION('',(-0.,-1.));
#2072 = ( GEOMETRIC_REPRESENTATION_CONTEXT(2) 
PARAMETRIC_REPRESENTATION_CONTEXT() REPRESENTATION_CONTEXT('2D SPACE',''
  ) );
#2073 = PCURVE('',#802,#2074);
#2074 = DEFINITIONAL_REPRESENTATION('',(#2075),#2079);
#2075 = LINE('',#2076,#2077);
#2076 = CARTESIAN_POINT('',(-0.,0.));
#2077 = VECTOR('',#2078,1.);
#2078 = DIRECTION('',(-0.,-1.));
#2079 = ( GEOMETRIC_REPRESENTATION_CONTEXT(2) 
PARAMETRIC_REPRESENTATION_CONTEXT() REPRESENTATION_CONTEXT('2D SPACE',''
  ) );
#2080 = ORIENTED_EDGE('',*,*,#2081,.T.);
#2081 = EDGE_CURVE('',#2059,#2059,#2082,.T.);
#2082 = SURFACE_CURVE('',#2083,(#2088,#2095),.PCURVE_S1.);
#2083 = CIRCLE('',#2084,2.95);
#2084 = AXIS2_PLACEMENT_3D('',#2085,#2086,#2087);
#2085 = CARTESIAN_POINT('',(-16.4544826719,9.5,-1.81));
#2086 = DIRECTION('',(0.,0.,1.));
#2087 = DIRECTION('',(1.,0.,0.));
#2088 = PCURVE('',#802,#2089);
#2089 = DEFINITIONAL_REPRESENTATION('',(#2090),#2094);
#2090 = LINE('',#2091,#2092);
#2091 = CARTESIAN_POINT('',(-0.,-1.2));
#2092 = VECTOR('',#2093,1.);
#2093 = DIRECTION('',(-1.,0.));
#2094 = ( GEOMETRIC_REPRESENTATION_CONTEXT(2) 
PARAMETRIC_REPRESENTATION_CONTEXT() REPRESENTATION_CONTEXT('2D SPACE',''
  ) );
#2095 = PCURVE('',#1393,#2096);
#2096 = DEFINITIONAL_REPRESENTATION('',(#2097),#2101);
#2097 = CIRCLE('',#2098,2.95);
#2098 = AXIS2_PLACEMENT_2D('',#2099,#2100);
#2099 = CARTESIAN_POINT('',(0.,0.));
#2100 = DIRECTION('',(1.,0.));
#2101 = ( GEOMETRIC_REPRESENTATION_CONTEXT(2) 
PARAMETRIC_REPRESENTATION_CONTEXT() REPRESENTATION_CONTEXT('2D SPACE',''
  ) );
#2102 = ORIENTED_EDGE('',*,*,#2058,.F.);
#2103 = ADVANCED_FACE('',(#2104),#837,.F.);
#2104 = FACE_BOUND('',#2105,.T.);
#2105 = EDGE_LOOP('',(#2106,#2107,#2130,#2152));
#2106 = ORIENTED_EDGE('',*,*,#816,.T.);
#2107 = ORIENTED_EDGE('',*,*,#2108,.T.);
#2108 = EDGE_CURVE('',#817,#2109,#2111,.T.);
#2109 = VERTEX_POINT('',#2110);
#2110 = CARTESIAN_POINT('',(-6.55,16.454482671904,-1.81));
#2111 = SEAM_CURVE('',#2112,(#2116,#2123),.PCURVE_S1.);
#2112 = LINE('',#2113,#2114);
#2113 = CARTESIAN_POINT('',(-6.55,16.454482671904,-3.01));
#2114 = VECTOR('',#2115,1.);
#2115 = DIRECTION('',(0.,0.,1.));
#2116 = PCURVE('',#837,#2117);
#2117 = DEFINITIONAL_REPRESENTATION('',(#2118),#2122);
#2118 = LINE('',#2119,#2120);
#2119 = CARTESIAN_POINT('',(-6.28318530718,0.));
#2120 = VECTOR('',#2121,1.);
#2121 = DIRECTION('',(-0.,-1.));
#2122 = ( GEOMETRIC_REPRESENTATION_CONTEXT(2) 
PARAMETRIC_REPRESENTATION_CONTEXT() REPRESENTATION_CONTEXT('2D SPACE',''
  ) );
#2123 = PCURVE('',#837,#2124);
#2124 = DEFINITIONAL_REPRESENTATION('',(#2125),#2129);
#2125 = LINE('',#2126,#2127);
#2126 = CARTESIAN_POINT('',(-0.,0.));
#2127 = VECTOR('',#2128,1.);
#2128 = DIRECTION('',(-0.,-1.));
#2129 = ( GEOMETRIC_REPRESENTATION_CONTEXT(2) 
PARAMETRIC_REPRESENTATION_CONTEXT() REPRESENTATION_CONTEXT('2D SPACE',''
  ) );
#2130 = ORIENTED_EDGE('',*,*,#2131,.T.);
#2131 = EDGE_CURVE('',#2109,#2109,#2132,.T.);
#2132 = SURFACE_CURVE('',#2133,(#2138,#2145),.PCURVE_S1.);
#2133 = CIRCLE('',#2134,2.95);
#2134 = AXIS2_PLACEMENT_3D('',#2135,#2136,#2137);
#2135 = CARTESIAN_POINT('',(-9.5,16.454482671904,-1.81));
#2136 = DIRECTION('',(0.,0.,1.));
#2137 = DIRECTION('',(1.,0.,0.));
#2138 = PCURVE('',#837,#2139);
#2139 = DEFINITIONAL_REPRESENTATION('',(#2140),#2144);
#2140 = LINE('',#2141,#2142);
#2141 = CARTESIAN_POINT('',(-0.,-1.2));
#2142 = VECTOR('',#2143,1.);
#2143 = DIRECTION('',(-1.,0.));
#2144 = ( GEOMETRIC_REPRESENTATION_CONTEXT(2) 
PARAMETRIC_REPRESENTATION_CONTEXT() REPRESENTATION_CONTEXT('2D SPACE',''
  ) );
#2145 = PCURVE('',#1452,#2146);
#2146 = DEFINITIONAL_REPRESENTATION('',(#2147),#2151);
#2147 = CIRCLE('',#2148,2.95);
#2148 = AXIS2_PLACEMENT_2D('',#2149,#2150);
#2149 = CARTESIAN_POINT('',(0.,0.));
#2150 = DIRECTION('',(1.,0.));
#2151 = ( GEOMETRIC_REPRESENTATION_CONTEXT(2) 
PARAMETRIC_REPRESENTATION_CONTEXT() REPRESENTATION_CONTEXT('2D SPACE',''
  ) );
#2152 = ORIENTED_EDGE('',*,*,#2108,.F.);
#2153 = ADVANCED_FACE('',(#2154),#902,.F.);
#2154 = FACE_BOUND('',#2155,.T.);
#2155 = EDGE_LOOP('',(#2156,#2157,#2180,#2202));
#2156 = ORIENTED_EDGE('',*,*,#881,.T.);
#2157 = ORIENTED_EDGE('',*,*,#2158,.T.);
#2158 = EDGE_CURVE('',#882,#2159,#2161,.T.);
#2159 = VERTEX_POINT('',#2160);
#2160 = CARTESIAN_POINT('',(21.95,0.,-1.81));
#2161 = SEAM_CURVE('',#2162,(#2166,#2173),.PCURVE_S1.);
#2162 = LINE('',#2163,#2164);
#2163 = CARTESIAN_POINT('',(21.95,0.,-3.01));
#2164 = VECTOR('',#2165,1.);
#2165 = DIRECTION('',(0.,0.,1.));
#2166 = PCURVE('',#902,#2167);
#2167 = DEFINITIONAL_REPRESENTATION('',(#2168),#2172);
#2168 = LINE('',#2169,#2170);
#2169 = CARTESIAN_POINT('',(-6.28318530718,0.));
#2170 = VECTOR('',#2171,1.);
#2171 = DIRECTION('',(-0.,-1.));
#2172 = ( GEOMETRIC_REPRESENTATION_CONTEXT(2) 
PARAMETRIC_REPRESENTATION_CONTEXT() REPRESENTATION_CONTEXT('2D SPACE',''
  ) );
#2173 = PCURVE('',#902,#2174);
#2174 = DEFINITIONAL_REPRESENTATION('',(#2175),#2179);
#2175 = LINE('',#2176,#2177);
#2176 = CARTESIAN_POINT('',(-0.,0.));
#2177 = VECTOR('',#2178,1.);
#2178 = DIRECTION('',(-0.,-1.));
#2179 = ( GEOMETRIC_REPRESENTATION_CONTEXT(2) 
PARAMETRIC_REPRESENTATION_CONTEXT() REPRESENTATION_CONTEXT('2D SPACE',''
  ) );
#2180 = ORIENTED_EDGE('',*,*,#2181,.T.);
#2181 = EDGE_CURVE('',#2159,#2159,#2182,.T.);
#2182 = SURFACE_CURVE('',#2183,(#2188,#2195),.PCURVE_S1.);
#2183 = CIRCLE('',#2184,2.95);
#2184 = AXIS2_PLACEMENT_3D('',#2185,#2186,#2187);
#2185 = CARTESIAN_POINT('',(19.,0.,-1.81));
#2186 = DIRECTION('',(0.,0.,1.));
#2187 = DIRECTION('',(1.,0.,0.));
#2188 = PCURVE('',#902,#2189);
#2189 = DEFINITIONAL_REPRESENTATION('',(#2190),#2194);
#2190 = LINE('',#2191,#2192);
#2191 = CARTESIAN_POINT('',(-0.,-1.2));
#2192 = VECTOR('',#2193,1.);
#2193 = DIRECTION('',(-1.,0.));
#2194 = ( GEOMETRIC_REPRESENTATION_CONTEXT(2) 
PARAMETRIC_REPRESENTATION_CONTEXT() REPRESENTATION_CONTEXT('2D SPACE',''
  ) );
#2195 = PCURVE('',#1538,#2196);
#2196 = DEFINITIONAL_REPRESENTATION('',(#2197),#2201);
#2197 = CIRCLE('',#2198,2.95);
#2198 = AXIS2_PLACEMENT_2D('',#2199,#2200);
#2199 = CARTESIAN_POINT('',(0.,4.53884492129E-18));
#2200 = DIRECTION('',(1.,0.));
#2201 = ( GEOMETRIC_REPRESENTATION_CONTEXT(2) 
PARAMETRIC_REPRESENTATION_CONTEXT() REPRESENTATION_CONTEXT('2D SPACE',''
  ) );
#2202 = ORIENTED_EDGE('',*,*,#2158,.F.);
#2203 = ADVANCED_FACE('',(#2204),#937,.F.);
#2204 = FACE_BOUND('',#2205,.T.);
#2205 = EDGE_LOOP('',(#2206,#2207,#2230,#2252));
#2206 = ORIENTED_EDGE('',*,*,#916,.T.);
#2207 = ORIENTED_EDGE('',*,*,#2208,.T.);
#2208 = EDGE_CURVE('',#917,#2209,#2211,.T.);
#2209 = VERTEX_POINT('',#2210);
#2210 = CARTESIAN_POINT('',(19.404482671904,9.5,-1.81));
#2211 = SEAM_CURVE('',#2212,(#2216,#2223),.PCURVE_S1.);
#2212 = LINE('',#2213,#2214);
#2213 = CARTESIAN_POINT('',(19.404482671904,9.5,-3.01));
#2214 = VECTOR('',#2215,1.);
#2215 = DIRECTION('',(0.,0.,1.));
#2216 = PCURVE('',#937,#2217);
#2217 = DEFINITIONAL_REPRESENTATION('',(#2218),#2222);
#2218 = LINE('',#2219,#2220);
#2219 = CARTESIAN_POINT('',(-6.28318530718,0.));
#2220 = VECTOR('',#2221,1.);
#2221 = DIRECTION('',(-0.,-1.));
#2222 = ( GEOMETRIC_REPRESENTATION_CONTEXT(2) 
PARAMETRIC_REPRESENTATION_CONTEXT() REPRESENTATION_CONTEXT('2D SPACE',''
  ) );
#2223 = PCURVE('',#937,#2224);
#2224 = DEFINITIONAL_REPRESENTATION('',(#2225),#2229);
#2225 = LINE('',#2226,#2227);
#2226 = CARTESIAN_POINT('',(-0.,0.));
#2227 = VECTOR('',#2228,1.);
#2228 = DIRECTION('',(-0.,-1.));
#2229 = ( GEOMETRIC_REPRESENTATION_CONTEXT(2) 
PARAMETRIC_REPRESENTATION_CONTEXT() REPRESENTATION_CONTEXT('2D SPACE',''
  ) );
#2230 = ORIENTED_EDGE('',*,*,#2231,.T.);
#2231 = EDGE_CURVE('',#2209,#2209,#2232,.T.);
#2232 = SURFACE_CURVE('',#2233,(#2238,#2245),.PCURVE_S1.);
#2233 = CIRCLE('',#2234,2.95);
#2234 = AXIS2_PLACEMENT_3D('',#2235,#2236,#2237);
#2235 = CARTESIAN_POINT('',(16.454482671904,9.5,-1.81));
#2236 = DIRECTION('',(0.,0.,1.));
#2237 = DIRECTION('',(1.,0.,0.));
#2238 = PCURVE('',#937,#2239);
#2239 = DEFINITIONAL_REPRESENTATION('',(#2240),#2244);
#2240 = LINE('',#2241,#2242);
#2241 = CARTESIAN_POINT('',(-0.,-1.2));
#2242 = VECTOR('',#2243,1.);
#2243 = DIRECTION('',(-1.,0.));
#2244 = ( GEOMETRIC_REPRESENTATION_CONTEXT(2) 
PARAMETRIC_REPRESENTATION_CONTEXT() REPRESENTATION_CONTEXT('2D SPACE',''
  ) );
#2245 = PCURVE('',#1597,#2246);
#2246 = DEFINITIONAL_REPRESENTATION('',(#2247),#2251);
#2247 = CIRCLE('',#2248,2.95);
#2248 = AXIS2_PLACEMENT_2D('',#2249,#2250);
#2249 = CARTESIAN_POINT('',(0.,0.));
#2250 = DIRECTION('',(1.,0.));
#2251 = ( GEOMETRIC_REPRESENTATION_CONTEXT(2) 
PARAMETRIC_REPRESENTATION_CONTEXT() REPRESENTATION_CONTEXT('2D SPACE',''
  ) );
#2252 = ORIENTED_EDGE('',*,*,#2208,.F.);
#2253 = ADVANCED_FACE('',(#2254),#972,.F.);
#2254 = FACE_BOUND('',#2255,.T.);
#2255 = EDGE_LOOP('',(#2256,#2257,#2280,#2302));
#2256 = ORIENTED_EDGE('',*,*,#951,.T.);
#2257 = ORIENTED_EDGE('',*,*,#2258,.T.);
#2258 = EDGE_CURVE('',#952,#2259,#2261,.T.);
#2259 = VERTEX_POINT('',#2260);
#2260 = CARTESIAN_POINT('',(12.45,16.454482671904,-1.81));
#2261 = SEAM_CURVE('',#2262,(#2266,#2273),.PCURVE_S1.);
#2262 = LINE('',#2263,#2264);
#2263 = CARTESIAN_POINT('',(12.45,16.454482671904,-3.01));
#2264 = VECTOR('',#2265,1.);
#2265 = DIRECTION('',(0.,0.,1.));
#2266 = PCURVE('',#972,#2267);
#2267 = DEFINITIONAL_REPRESENTATION('',(#2268),#2272);
#2268 = LINE('',#2269,#2270);
#2269 = CARTESIAN_POINT('',(-6.28318530718,0.));
#2270 = VECTOR('',#2271,1.);
#2271 = DIRECTION('',(-0.,-1.));
#2272 = ( GEOMETRIC_REPRESENTATION_CONTEXT(2) 
PARAMETRIC_REPRESENTATION_CONTEXT() REPRESENTATION_CONTEXT('2D SPACE',''
  ) );
#2273 = PCURVE('',#972,#2274);
#2274 = DEFINITIONAL_REPRESENTATION('',(#2275),#2279);
#2275 = LINE('',#2276,#2277);
#2276 = CARTESIAN_POINT('',(-0.,0.));
#2277 = VECTOR('',#2278,1.);
#2278 = DIRECTION('',(-0.,-1.));
#2279 = ( GEOMETRIC_REPRESENTATION_CONTEXT(2) 
PARAMETRIC_REPRESENTATION_CONTEXT() REPRESENTATION_CONTEXT('2D SPACE',''
  ) );
#2280 = ORIENTED_EDGE('',*,*,#2281,.T.);
#2281 = EDGE_CURVE('',#2259,#2259,#2282,.T.);
#2282 = SURFACE_CURVE('',#2283,(#2288,#2295),.PCURVE_S1.);
#2283 = CIRCLE('',#2284,2.95);
#2284 = AXIS2_PLACEMENT_3D('',#2285,#2286,#2287);
#2285 = CARTESIAN_POINT('',(9.5,16.454482671904,-1.81));
#2286 = DIRECTION('',(0.,0.,1.));
#2287 = DIRECTION('',(1.,0.,0.));
#2288 = PCURVE('',#972,#2289);
#2289 = DEFINITIONAL_REPRESENTATION('',(#2290),#2294);
#2290 = LINE('',#2291,#2292);
#2291 = CARTESIAN_POINT('',(-0.,-1.2));
#2292 = VECTOR('',#2293,1.);
#2293 = DIRECTION('',(-1.,0.));
#2294 = ( GEOMETRIC_REPRESENTATION_CONTEXT(2) 
PARAMETRIC_REPRESENTATION_CONTEXT() REPRESENTATION_CONTEXT('2D SPACE',''
  ) );
#2295 = PCURVE('',#1715,#2296);
#2296 = DEFINITIONAL_REPRESENTATION('',(#2297),#2301);
#2297 = CIRCLE('',#2298,2.95);
#2298 = AXIS2_PLACEMENT_2D('',#2299,#2300);
#2299 = CARTESIAN_POINT('',(0.,0.));
#2300 = DIRECTION('',(1.,0.));
#2301 = ( GEOMETRIC_REPRESENTATION_CONTEXT(2) 
PARAMETRIC_REPRESENTATION_CONTEXT() REPRESENTATION_CONTEXT('2D SPACE',''
  ) );
#2302 = ORIENTED_EDGE('',*,*,#2258,.F.);
#2303 = ADVANCED_FACE('',(#2304),#1007,.F.);
#2304 = FACE_BOUND('',#2305,.T.);
#2305 = EDGE_LOOP('',(#2306,#2307,#2330,#2352));
#2306 = ORIENTED_EDGE('',*,*,#986,.T.);
#2307 = ORIENTED_EDGE('',*,*,#2308,.T.);
#2308 = EDGE_CURVE('',#987,#2309,#2311,.T.);
#2309 = VERTEX_POINT('',#2310);
#2310 = CARTESIAN_POINT('',(2.95,19.,-1.81));
#2311 = SEAM_CURVE('',#2312,(#2316,#2323),.PCURVE_S1.);
#2312 = LINE('',#2313,#2314);
#2313 = CARTESIAN_POINT('',(2.95,19.,-3.01));
#2314 = VECTOR('',#2315,1.);
#2315 = DIRECTION('',(0.,0.,1.));
#2316 = PCURVE('',#1007,#2317);
#2317 = DEFINITIONAL_REPRESENTATION('',(#2318),#2322);
#2318 = LINE('',#2319,#2320);
#2319 = CARTESIAN_POINT('',(-6.28318530718,0.));
#2320 = VECTOR('',#2321,1.);
#2321 = DIRECTION('',(-0.,-1.));
#2322 = ( GEOMETRIC_REPRESENTATION_CONTEXT(2) 
PARAMETRIC_REPRESENTATION_CONTEXT() REPRESENTATION_CONTEXT('2D SPACE',''
  ) );
#2323 = PCURVE('',#1007,#2324);
#2324 = DEFINITIONAL_REPRESENTATION('',(#2325),#2329);
#2325 = LINE('',#2326,#2327);
#2326 = CARTESIAN_POINT('',(-0.,0.));
#2327 = VECTOR('',#2328,1.);
#2328 = DIRECTION('',(-0.,-1.));
#2329 = ( GEOMETRIC_REPRESENTATION_CONTEXT(2) 
PARAMETRIC_REPRESENTATION_CONTEXT() REPRESENTATION_CONTEXT('2D SPACE',''
  ) );
#2330 = ORIENTED_EDGE('',*,*,#2331,.T.);
#2331 = EDGE_CURVE('',#2309,#2309,#2332,.T.);
#2332 = SURFACE_CURVE('',#2333,(#2338,#2345),.PCURVE_S1.);
#2333 = CIRCLE('',#2334,2.95);
#2334 = AXIS2_PLACEMENT_3D('',#2335,#2336,#2337);
#2335 = CARTESIAN_POINT('',(1.16341445919E-15,19.,-1.81));
#2336 = DIRECTION('',(0.,0.,1.));
#2337 = DIRECTION('',(1.,0.,0.));
#2338 = PCURVE('',#1007,#2339);
#2339 = DEFINITIONAL_REPRESENTATION('',(#2340),#2344);
#2340 = LINE('',#2341,#2342);
#2341 = CARTESIAN_POINT('',(-0.,-1.2));
#2342 = VECTOR('',#2343,1.);
#2343 = DIRECTION('',(-1.,0.));
#2344 = ( GEOMETRIC_REPRESENTATION_CONTEXT(2) 
PARAMETRIC_REPRESENTATION_CONTEXT() REPRESENTATION_CONTEXT('2D SPACE',''
  ) );
#2345 = PCURVE('',#1656,#2346);
#2346 = DEFINITIONAL_REPRESENTATION('',(#2347),#2351);
#2347 = CIRCLE('',#2348,2.95);
#2348 = AXIS2_PLACEMENT_2D('',#2349,#2350);
#2349 = CARTESIAN_POINT('',(2.317695139897E-16,0.));
#2350 = DIRECTION('',(1.,0.));
#2351 = ( GEOMETRIC_REPRESENTATION_CONTEXT(2) 
PARAMETRIC_REPRESENTATION_CONTEXT() REPRESENTATION_CONTEXT('2D SPACE',''
  ) );
#2352 = ORIENTED_EDGE('',*,*,#2308,.F.);
#2353 = ADVANCED_FACE('',(#2354,#2357),#1039,.F.);
#2354 = FACE_BOUND('',#2355,.F.);
#2355 = EDGE_LOOP('',(#2356));
#2356 = ORIENTED_EDGE('',*,*,#1831,.T.);
#2357 = FACE_BOUND('',#2358,.F.);
#2358 = EDGE_LOOP('',(#2359));
#2359 = ORIENTED_EDGE('',*,*,#1022,.T.);
#2360 = ADVANCED_FACE('',(#2361,#2364),#1098,.F.);
#2361 = FACE_BOUND('',#2362,.F.);
#2362 = EDGE_LOOP('',(#2363));
#2363 = ORIENTED_EDGE('',*,*,#1781,.T.);
#2364 = FACE_BOUND('',#2365,.F.);
#2365 = EDGE_LOOP('',(#2366));
#2366 = ORIENTED_EDGE('',*,*,#1081,.T.);
#2367 = ADVANCED_FACE('',(#2368,#2371),#1157,.F.);
#2368 = FACE_BOUND('',#2369,.F.);
#2369 = EDGE_LOOP('',(#2370));
#2370 = ORIENTED_EDGE('',*,*,#1881,.T.);
#2371 = FACE_BOUND('',#2372,.F.);
#2372 = EDGE_LOOP('',(#2373));
#2373 = ORIENTED_EDGE('',*,*,#1140,.T.);
#2374 = ADVANCED_FACE('',(#2375,#2378),#1216,.F.);
#2375 = FACE_BOUND('',#2376,.F.);
#2376 = EDGE_LOOP('',(#2377));
#2377 = ORIENTED_EDGE('',*,*,#1931,.T.);
#2378 = FACE_BOUND('',#2379,.F.);
#2379 = EDGE_LOOP('',(#2380));
#2380 = ORIENTED_EDGE('',*,*,#1199,.T.);
#2381 = ADVANCED_FACE('',(#2382,#2385),#1275,.F.);
#2382 = FACE_BOUND('',#2383,.F.);
#2383 = EDGE_LOOP('',(#2384));
#2384 = ORIENTED_EDGE('',*,*,#1981,.T.);
#2385 = FACE_BOUND('',#2386,.F.);
#2386 = EDGE_LOOP('',(#2387));
#2387 = ORIENTED_EDGE('',*,*,#1258,.T.);
#2388 = ADVANCED_FACE('',(#2389,#2392),#1334,.F.);
#2389 = FACE_BOUND('',#2390,.F.);
#2390 = EDGE_LOOP('',(#2391));
#2391 = ORIENTED_EDGE('',*,*,#2031,.T.);
#2392 = FACE_BOUND('',#2393,.F.);
#2393 = EDGE_LOOP('',(#2394));
#2394 = ORIENTED_EDGE('',*,*,#1317,.T.);
#2395 = ADVANCED_FACE('',(#2396,#2399),#1393,.F.);
#2396 = FACE_BOUND('',#2397,.F.);
#2397 = EDGE_LOOP('',(#2398));
#2398 = ORIENTED_EDGE('',*,*,#2081,.T.);
#2399 = FACE_BOUND('',#2400,.F.);
#2400 = EDGE_LOOP('',(#2401));
#2401 = ORIENTED_EDGE('',*,*,#1376,.T.);
#2402 = ADVANCED_FACE('',(#2403,#2406),#1452,.F.);
#2403 = FACE_BOUND('',#2404,.F.);
#2404 = EDGE_LOOP('',(#2405));
#2405 = ORIENTED_EDGE('',*,*,#2131,.T.);
#2406 = FACE_BOUND('',#2407,.F.);
#2407 = EDGE_LOOP('',(#2408));
#2408 = ORIENTED_EDGE('',*,*,#1435,.T.);
#2409 = ADVANCED_FACE('',(#2410,#2413),#1538,.F.);
#2410 = FACE_BOUND('',#2411,.F.);
#2411 = EDGE_LOOP('',(#2412));
#2412 = ORIENTED_EDGE('',*,*,#2181,.T.);
#2413 = FACE_BOUND('',#2414,.F.);
#2414 = EDGE_LOOP('',(#2415));
#2415 = ORIENTED_EDGE('',*,*,#1521,.T.);
#2416 = ADVANCED_FACE('',(#2417,#2420),#1597,.F.);
#2417 = FACE_BOUND('',#2418,.F.);
#2418 = EDGE_LOOP('',(#2419));
#2419 = ORIENTED_EDGE('',*,*,#2231,.T.);
#2420 = FACE_BOUND('',#2421,.F.);
#2421 = EDGE_LOOP('',(#2422));
#2422 = ORIENTED_EDGE('',*,*,#1580,.T.);
#2423 = ADVANCED_FACE('',(#2424,#2427),#1656,.F.);
#2424 = FACE_BOUND('',#2425,.F.);
#2425 = EDGE_LOOP('',(#2426));
#2426 = ORIENTED_EDGE('',*,*,#2331,.T.);
#2427 = FACE_BOUND('',#2428,.F.);
#2428 = EDGE_LOOP('',(#2429));
#2429 = ORIENTED_EDGE('',*,*,#1639,.T.);
#2430 = ADVANCED_FACE('',(#2431,#2434),#1715,.F.);
#2431 = FACE_BOUND('',#2432,.F.);
#2432 = EDGE_LOOP('',(#2433));
#2433 = ORIENTED_EDGE('',*,*,#2281,.T.);
#2434 = FACE_BOUND('',#2435,.F.);
#2435 = EDGE_LOOP('',(#2436));
#2436 = ORIENTED_EDGE('',*,*,#1698,.T.);
#2437 = ( GEOMETRIC_REPRESENTATION_CONTEXT(3) 
GLOBAL_UNCERTAINTY_ASSIGNED_CONTEXT((#2441)) 
GLOBAL_UNIT_ASSIGNED_CONTEXT((#2438,#2439,#2440)) REPRESENTATION_CONTEXT
('Context #1','3D Context with UNIT and UNCERTAINTY') );
#2438 = ( LENGTH_UNIT() NAMED_UNIT(*) SI_UNIT(.MILLI.,.METRE.) );
#2439 = ( NAMED_UNIT(*) PLANE_ANGLE_UNIT() SI_UNIT($,.RADIAN.) );
#2440 = ( NAMED_UNIT(*) SI_UNIT($,.STERADIAN.) SOLID_ANGLE_UNIT() );
#2441 = UNCERTAINTY_MEASURE_WITH_UNIT(LENGTH_MEASURE(1.E-07),#2438,
  'distance_accuracy_value','confusion accuracy');
#2442 = PRODUCT_RELATED_PRODUCT_CATEGORY('part',$,(#7));
ENDSEC;
END-ISO-10303-21;
