  0
SECTION
  2
HEADER
  9
$ACADVER
  1
AC1032
  9
$ACADMAINTVER
 90
4
  9
$DWGCODEPAGE
  3
ANSI_1252
  9
$LASTSAVEDBY
  1
ezdxf
  9
$REQUIREDVERSIONS
160
0
  9
$INSBASE
 10
0.0
 20
0.0
 30
0.0
  9
$EXTMIN
 10
1e+20
 20
1e+20
 30
1e+20
  9
$EXTMAX
 10
-1e+20
 20
-1e+20
 30
-1e+20
  9
$LIMMIN
 10
0.0
 20
0.0
  9
$LIMMAX
 10
420.0
 20
297.0
  9
$ORTHOMODE
 70
0
  9
$REGENMODE
 70
1
  9
$FILLMODE
 70
1
  9
$QTEXTMODE
 70
0
  9
$MIRRTEXT
 70
1
  9
$LTSCALE
 40
1.0
  9
$ATTMODE
 70
1
  9
$TEXTSIZE
 40
2.5
  9
$TRACEWID
 40
1.0
  9
$TEXTSTYLE
  7
OpenSans
  9
$CLAYER
  8
0
  9
$CELTYPE
  6
ByLayer
  9
$CECOLOR
 62
256
  9
$CELTSCALE
 40
1.0
  9
$DISPSILH
 70
0
  9
$DIMSCALE
 40
1.0
  9
$DIMASZ
 40
0.175
  9
$DIMEXO
 40
0.125
  9
$DIMDLI
 40
3.75
  9
$DIMRND
 40
0.0
  9
$DIMDLE
 40
0.0
  9
$DIMEXE
 40
0.375
  9
$DIMTP
 40
0.0
  9
$DIMTM
 40
0.0
  9
$DIMTXT
 40
0.25
  9
$DIMCEN
 40
2.5
  9
$DIMTSZ
 40
0.0
  9
$DIMTOL
 70
0
  9
$DIMLIM
 70
0
  9
$DIMTIH
 70
0
  9
$DIMTOH
 70
0
  9
$DIMSE1
 70
0
  9
$DIMSE2
 70
0
  9
$DIMTAD
 70
1
  9
$DIMZIN
 70
12
  9
$DIMBLK
  1
ARCHTICK
  9
$DIMASO
 70
1
  9
$DIMSHO
 70
1
  9
$DIMPOST
  1

  9
$DIMAPOST
  1

  9
$DIMALT
 70
0
  9
$DIMALTD
 70
3
  9
$DIMALTF
 40
0.03937007874
  9
$DIMLFAC
 40
100.0
  9
$DIMTOFL
 70
1
  9
$DIMTVP
 40
0.0
  9
$DIMTIX
 70
0
  9
$DIMSOXD
 70
0
  9
$DIMSAH
 70
0
  9
$DIMBLK1
  1

  9
$DIMBLK2
  1

  9
$DIMSTYLE
  2
EZDXF
  9
$DIMCLRD
 70
0
  9
$DIMCLRE
 70
0
  9
$DIMCLRT
 70
0
  9
$DIMTFAC
 40
0.5
  9
$DIMGAP
 40
0.1
  9
$DIMJUST
 70
0
  9
$DIMSD1
 70
0
  9
$DIMSD2
 70
0
  9
$DIMTOLJ
 70
0
  9
$DIMTZIN
 70
8
  9
$DIMALTZ
 70
0
  9
$DIMALTTZ
 70
0
  9
$DIMUPT
 70
1
  9
$DIMDEC
 70
2
  9
$DIMTDEC
 70
2
  9
$DIMALTU
 70
2
  9
$DIMALTTD
 70
3
  9
$DIMTXSTY
  7
OpenSansCondensed-Light
  9
$DIMAUNIT
 70
0
  9
$DIMADEC
 70
2
  9
$DIMALTRND
 40
0.0
  9
$DIMAZIN
 70
3
  9
$DIMDSEP
 70
46
  9
$DIMATFIT
 70
3
  9
$DIMFRAC
 70
0
  9
$DIMLDRBLK
  1

  9
$DIMLUNIT
 70
2
  9
$DIMLWD
 70
-2
  9
$DIMLWE
 70
-2
  9
$DIMTMOVE
 70
2
  9
$DIMFXL
 40
1.0
  9
$DIMFXLON
 70
0
  9
$DIMJOGANG
 40
0.785398163397
  9
$DIMTFILL
 70
0
  9
$DIMTFILLCLR
 70
0
  9
$DIMARCSYM
 70
0
  9
$DIMLTYPE
  6

  9
$DIMLTEX1
  6

  9
$DIMLTEX2
  6

  9
$DIMTXTDIRECTION
 70
0
  9
$LUNITS
 70
2
  9
$LUPREC
 70
4
  9
$SKETCHINC
 40
1.0
  9
$FILLETRAD
 40
10.0
  9
$AUNITS
 70
0
  9
$AUPREC
 70
2
  9
$MENU
  1
.
  9
$ELEVATION
 40
0.0
  9
$PELEVATION
 40
0.0
  9
$THICKNESS
 40
0.0
  9
$LIMCHECK
 70
0
  9
$CHAMFERA
 40
0.0
  9
$CHAMFERB
 40
0.0
  9
$CHAMFERC
 40
0.0
  9
$CHAMFERD
 40
0.0
  9
$SKPOLY
 70
0
  9
$TDCREATE
 40
2461271.7955787037
  9
$TDUCREATE
 40
2458532.153996898
  9
$TDUPDATE
 40
2461271.7955787037
  9
$TDUUPDATE
 40
2458532.1544311
  9
$TDINDWG
 40
0.0
  9
$TDUSRTIMER
 40
0.0
  9
$USRTIMER
 70
1
  9
$ANGBASE
 50
0.0
  9
$ANGDIR
 70
0
  9
$PDMODE
 70
0
  9
$PDSIZE
 40
0.0
  9
$PLINEWID
 40
0.0
  9
$SPLFRAME
 70
0
  9
$SPLINETYPE
 70
6
  9
$SPLINESEGS
 70
8
  9
$HANDSEED
  5
A38
  9
$SURFTAB1
 70
6
  9
$SURFTAB2
 70
6
  9
$SURFTYPE
 70
6
  9
$SURFU
 70
6
  9
$SURFV
 70
6
  9
$UCSBASE
  2

  9
$UCSNAME
  2

  9
$UCSORG
 10
0.0
 20
0.0
 30
0.0
  9
$UCSXDIR
 10
1.0
 20
0.0
 30
0.0
  9
$UCSYDIR
 10
0.0
 20
1.0
 30
0.0
  9
$UCSORTHOREF
  2

  9
$UCSORTHOVIEW
 70
0
  9
$UCSORGTOP
 10
0.0
 20
0.0
 30
0.0
  9
$UCSORGBOTTOM
 10
0.0
 20
0.0
 30
0.0
  9
$UCSORGLEFT
 10
0.0
 20
0.0
 30
0.0
  9
$UCSORGRIGHT
 10
0.0
 20
0.0
 30
0.0
  9
$UCSORGFRONT
 10
0.0
 20
0.0
 30
0.0
  9
$UCSORGBACK
 10
0.0
 20
0.0
 30
0.0
  9
$PUCSBASE
  2

  9
$PUCSNAME
  2

  9
$PUCSORG
 10
0.0
 20
0.0
 30
0.0
  9
$PUCSXDIR
 10
1.0
 20
0.0
 30
0.0
  9
$PUCSYDIR
 10
0.0
 20
1.0
 30
0.0
  9
$PUCSORTHOREF
  2

  9
$PUCSORTHOVIEW
 70
0
  9
$PUCSORGTOP
 10
0.0
 20
0.0
 30
0.0
  9
$PUCSORGBOTTOM
 10
0.0
 20
0.0
 30
0.0
  9
$PUCSORGLEFT
 10
0.0
 20
0.0
 30
0.0
  9
$PUCSORGRIGHT
 10
0.0
 20
0.0
 30
0.0
  9
$PUCSORGFRONT
 10
0.0
 20
0.0
 30
0.0
  9
$PUCSORGBACK
 10
0.0
 20
0.0
 30
0.0
  9
$USERI1
 70
0
  9
$USERI2
 70
0
  9
$USERI3
 70
0
  9
$USERI4
 70
0
  9
$USERI5
 70
0
  9
$USERR1
 40
0.0
  9
$USERR2
 40
0.0
  9
$USERR3
 40
0.0
  9
$USERR4
 40
0.0
  9
$USERR5
 40
0.0
  9
$WORLDVIEW
 70
1
  9
$SHADEDGE
 70
3
  9
$SHADEDIF
 70
70
  9
$TILEMODE
 70
1
  9
$MAXACTVP
 70
64
  9
$PINSBASE
 10
0.0
 20
0.0
 30
0.0
  9
$PLIMCHECK
 70
0
  9
$PEXTMIN
 10
1e+20
 20
1e+20
 30
1e+20
  9
$PEXTMAX
 10
-1e+20
 20
-1e+20
 30
-1e+20
  9
$PLIMMIN
 10
0.0
 20
0.0
  9
$PLIMMAX
 10
420.0
 20
297.0
  9
$UNITMODE
 70
0
  9
$VISRETAIN
 70
1
  9
$PLINEGEN
 70
0
  9
$PSLTSCALE
 70
1
  9
$TREEDEPTH
 70
3020
  9
$CMLSTYLE
  2
Standard
  9
$CMLJUST
 70
0
  9
$CMLSCALE
 40
20.0
  9
$PROXYGRAPHICS
 70
1
  9
$MEASUREMENT
 70
1
  9
$CELWEIGHT
370
-1
  9
$ENDCAPS
280
0
  9
$JOINSTYLE
280
0
  9
$LWDISPLAY
290
0
  9
$INSUNITS
 70
4
  9
$HYPERLINKBASE
  1

  9
$STYLESHEET
  1

  9
$XEDIT
290
1
  9
$CEPSNTYPE
380
0
  9
$PSTYLEMODE
290
1
  9
$FINGERPRINTGUID
  2
{1471FF2C-CC18-4491-ABC6-2C7E6C2DE3C3}
  9
$VERSIONGUID
  2
{E38A6A23-F113-48A3-9ECC-B9D95B038728}
  9
$EXTNAMES
290
1
  9
$PSVPSCALE
 40
0.0
  9
$OLESTARTUP
290
0
  9
$SORTENTS
280
127
  9
$INDEXCTL
280
0
  9
$HIDETEXT
280
1
  9
$XCLIPFRAME
280
1
  9
$HALOGAP
280
0
  9
$OBSCOLOR
 70
257
  9
$OBSLTYPE
280
0
  9
$INTERSECTIONDISPLAY
280
0
  9
$INTERSECTIONCOLOR
 70
257
  9
$DIMASSOC
280
2
  9
$PROJECTNAME
  1

  9
$CAMERADISPLAY
290
0
  9
$LENSLENGTH
 40
50.0
  9
$CAMERAHEIGHT
 40
0.0
  9
$STEPSPERSEC
 40
24.0
  9
$STEPSIZE
 40
100.0
  9
$3DDWFPREC
 40
2.0
  9
$PSOLWIDTH
 40
0.005
  9
$PSOLHEIGHT
 40
0.08
  9
$LOFTANG1
 40
1.570796326795
  9
$LOFTANG2
 40
1.570796326795
  9
$LOFTMAG1
 40
0.0
  9
$LOFTMAG2
 40
0.0
  9
$LOFTPARAM
 70
7
  9
$LOFTNORMALS
280
1
  9
$LATITUDE
 40
37.795
  9
$LONGITUDE
 40
-122.394
  9
$NORTHDIRECTION
 40
0.0
  9
$TIMEZONE
 70
-8000
  9
$LIGHTGLYPHDISPLAY
280
1
  9
$TILEMODELIGHTSYNCH
280
1
  9
$CMATERIAL
347
20
  9
$SOLIDHIST
280
0
  9
$SHOWHIST
280
1
  9
$DWFFRAME
280
2
  9
$DGNFRAME
280
2
  9
$REALWORLDSCALE
290
1
  9
$INTERFERECOLOR
 62
256
  9
$CSHADOW
280
0
  9
$SHADOWPLANELOCATION
 40
0.0
  0
ENDSEC
  0
SECTION
  2
CLASSES
  0
CLASS
  1
ACDBDICTIONARYWDFLT
  2
AcDbDictionaryWithDefault
  3
ObjectDBX Classes
 90
0
 91
0
280
0
281
0
  0
CLASS
  1
SUN
  2
AcDbSun
  3
SCENEOE
 90
1153
 91
0
280
0
281
0
  0
CLASS
  1
VISUALSTYLE
  2
AcDbVisualStyle
  3
ObjectDBX Classes
 90
4095
 91
0
280
0
281
0
  0
CLASS
  1
MATERIAL
  2
AcDbMaterial
  3
ObjectDBX Classes
 90
1153
 91
0
280
0
281
0
  0
CLASS
  1
SCALE
  2
AcDbScale
  3
ObjectDBX Classes
 90
1153
 91
0
280
0
281
0
  0
CLASS
  1
TABLESTYLE
  2
AcDbTableStyle
  3
ObjectDBX Classes
 90
4095
 91
0
280
0
281
0
  0
CLASS
  1
MLEADERSTYLE
  2
AcDbMLeaderStyle
  3
ACDB_MLEADERSTYLE_CLASS
 90
4095
 91
0
280
0
281
0
  0
CLASS
  1
DICTIONARYVAR
  2
AcDbDictionaryVar
  3
ObjectDBX Classes
 90
0
 91
0
280
0
281
0
  0
CLASS
  1
CELLSTYLEMAP
  2
AcDbCellStyleMap
  3
ObjectDBX Classes
 90
1152
 91
0
280
0
281
0
  0
CLASS
  1
MENTALRAYRENDERSETTINGS
  2
AcDbMentalRayRenderSettings
  3
SCENEOE
 90
1024
 91
0
280
0
281
0
  0
CLASS
  1
ACDBDETAILVIEWSTYLE
  2
AcDbDetailViewStyle
  3
ObjectDBX Classes
 90
1025
 91
0
280
0
281
0
  0
CLASS
  1
ACDBSECTIONVIEWSTYLE
  2
AcDbSectionViewStyle
  3
ObjectDBX Classes
 90
1025
 91
0
280
0
281
0
  0
CLASS
  1
RASTERVARIABLES
  2
AcDbRasterVariables
  3
ISM
 90
0
 91
0
280
0
281
0
  0
CLASS
  1
LAYOUT
  2
AcDbLayout
  3
ObjectDBX Classes
 90
0
 91
0
280
0
281
0
  0
CLASS
  1
ACDBPLACEHOLDER
  2
AcDbPlaceHolder
  3
ObjectDBX Classes
 90
0
 91
0
280
0
281
0
  0
ENDSEC
  0
SECTION
  2
TABLES
  0
TABLE
  2
VPORT
  5
8
330
0
100
AcDbSymbolTable
 70
1
  0
VPORT
  5
23
330
8
100
AcDbSymbolTableRecord
100
AcDbViewportTableRecord
  2
*Active
 70
0
 10
0.0
 20
0.0
 11
1.0
 21
1.0
 12
0.0
 22
0.0
 13
0.0
 23
0.0
 14
0.5
 24
0.5
 15
0.5
 25
0.5
 16
0.0
 26
0.0
 36
1.0
 17
0.0
 27
0.0
 37
0.0
 40
1000.0
 41
1.34
 42
50.0
 43
0.0
 44
0.0
 50
0.0
 51
0.0
 71
0
 72
1000
 73
1
 74
3
 75
0
 76
0
 77
0
 78
0
281
0
 65
0
146
0.0
  0
ENDTAB
  0
TABLE
  2
LTYPE
  5
2
330
0
100
AcDbSymbolTable
 70
21
  0
LTYPE
  5
24
330
2
100
AcDbSymbolTableRecord
100
AcDbLinetypeTableRecord
  2
ByBlock
 70
0
  3

 72
65
 73
0
 40
0.0
  0
LTYPE
  5
25
330
2
100
AcDbSymbolTableRecord
100
AcDbLinetypeTableRecord
  2
ByLayer
 70
0
  3

 72
65
 73
0
 40
0.0
  0
LTYPE
  5
26
330
2
100
AcDbSymbolTableRecord
100
AcDbLinetypeTableRecord
  2
Continuous
 70
0
  3

 72
65
 73
0
 40
0.0
  0
LTYPE
  5
2F
330
2
100
AcDbSymbolTableRecord
100
AcDbLinetypeTableRecord
  2
CENTER
 70
0
  3
Center ____ _ ____ _ ____ _ ____ _ ____ _ ____
 72
65
 73
4
 40
5.08
 49
3.175
 74
0
 49
-0.635
 74
0
 49
0.635
 74
0
 49
-0.635
 74
0
  0
LTYPE
  5
30
330
2
100
AcDbSymbolTableRecord
100
AcDbLinetypeTableRecord
  2
CENTERX2
 70
0
  3
Center (2x) ________  __  ________  __  ________
 72
65
 73
4
 40
8.89
 49
6.35
 74
0
 49
-0.635
 74
0
 49
1.27
 74
0
 49
-0.635
 74
0
  0
LTYPE
  5
31
330
2
100
AcDbSymbolTableRecord
100
AcDbLinetypeTableRecord
  2
CENTER2
 70
0
  3
Center (.5x) ____ _ ____ _ ____ _ ____ _ ____
 72
65
 73
4
 40
2.54
 49
1.587
 74
0
 49
-0.318
 74
0
 49
0.318
 74
0
 49
-0.318
 74
0
  0
LTYPE
  5
32
330
2
100
AcDbSymbolTableRecord
100
AcDbLinetypeTableRecord
  2
DASHED
 70
0
  3
Dashed __ __ __ __ __ __ __ __ __ __ __ __ __ _
 72
65
 73
2
 40
1.524
 49
1.27
 74
0
 49
-0.254
 74
0
  0
LTYPE
  5
33
330
2
100
AcDbSymbolTableRecord
100
AcDbLinetypeTableRecord
  2
DASHEDX2
 70
0
  3
Dashed (2x) ____  ____  ____  ____  ____  ____
 72
65
 73
2
 40
3.048
 49
2.54
 74
0
 49
-0.508
 74
0
  0
LTYPE
  5
34
330
2
100
AcDbSymbolTableRecord
100
AcDbLinetypeTableRecord
  2
DASHED2
 70
0
  3
Dashed (.5x) _ _ _ _ _ _ _ _ _ _ _ _ _ _
 72
65
 73
2
 40
0.762
 49
0.635
 74
0
 49
-0.127
 74
0
  0
LTYPE
  5
35
330
2
100
AcDbSymbolTableRecord
100
AcDbLinetypeTableRecord
  2
PHANTOM
 70
0
  3
Phantom ______  __  __  ______  __  __  ______
 72
65
 73
6
 40
6.35
 49
3.175
 74
0
 49
-0.635
 74
0
 49
0.635
 74
0
 49
-0.635
 74
0
 49
0.635
 74
0
 49
-0.635
 74
0
  0
LTYPE
  5
36
330
2
100
AcDbSymbolTableRecord
100
AcDbLinetypeTableRecord
  2
PHANTOMX2
 70
0
  3
Phantom (2x)____________    ____    ____    ____________
 72
65
 73
6
 40
10.795
 49
6.35
 74
0
 49
-0.635
 74
0
 49
1.27
 74
0
 49
-0.635
 74
0
 49
1.27
 74
0
 49
-0.635
 74
0
  0
LTYPE
  5
37
330
2
100
AcDbSymbolTableRecord
100
AcDbLinetypeTableRecord
  2
PHANTOM2
 70
0
  3
Phantom (.5x) ___ _ _ ___ _ _ ___ _ _ ___ _ _ ___
 72
65
 73
6
 40
3.175
 49
1.587
 74
0
 49
-0.318
 74
0
 49
0.318
 74
0
 49
-0.318
 74
0
 49
0.318
 74
0
 49
-0.318
 74
0
  0
LTYPE
  5
38
330
2
100
AcDbSymbolTableRecord
100
AcDbLinetypeTableRecord
  2
DASHDOT
 70
0
  3
Dash dot __ . __ . __ . __ . __ . __ . __ . __
 72
65
 73
4
 40
3.556
 49
2.54
 74
0
 49
-0.508
 74
0
 49
0.0
 74
0
 49
-0.508
 74
0
  0
LTYPE
  5
39
330
2
100
AcDbSymbolTableRecord
100
AcDbLinetypeTableRecord
  2
DASHDOTX2
 70
0
  3
Dash dot (2x) ____  .  ____  .  ____  .  ____
 72
65
 73
4
 40
6.096
 49
5.08
 74
0
 49
-0.508
 74
0
 49
0.0
 74
0
 49
-0.508
 74
0
  0
LTYPE
  5
3A
330
2
100
AcDbSymbolTableRecord
100
AcDbLinetypeTableRecord
  2
DASHDOT2
 70
0
  3
Dash dot (.5x) _ . _ . _ . _ . _ . _ . _ . _
 72
65
 73
4
 40
1.778
 49
1.27
 74
0
 49
-0.254
 74
0
 49
0.0
 74
0
 49
-0.254
 74
0
  0
LTYPE
  5
3B
330
2
100
AcDbSymbolTableRecord
100
AcDbLinetypeTableRecord
  2
DOT
 70
0
  3
Dot .  .  .  .  .  .  .  .  .  .  .  .  .  .  .  .
 72
65
 73
2
 40
0.508
 49
0.0
 74
0
 49
-0.508
 74
0
  0
LTYPE
  5
3C
330
2
100
AcDbSymbolTableRecord
100
AcDbLinetypeTableRecord
  2
DOTX2
 70
0
  3
Dot (2x) .    .    .    .    .    .    .    . 
 72
65
 73
2
 40
1.016
 49
0.0
 74
0
 49
-1.016
 74
0
  0
LTYPE
  5
3D
330
2
100
AcDbSymbolTableRecord
100
AcDbLinetypeTableRecord
  2
DOT2
 70
0
  3
Dot (.5) . . . . . . . . . . . . . . . . . . . 
 72
65
 73
2
 40
0.254
 49
0.0
 74
0
 49
-0.254
 74
0
  0
LTYPE
  5
3E
330
2
100
AcDbSymbolTableRecord
100
AcDbLinetypeTableRecord
  2
DIVIDE
 70
0
  3
Divide __ . . __ . . __ . . __ . . __ . . __
 72
65
 73
6
 40
4.064
 49
2.54
 74
0
 49
-0.508
 74
0
 49
0.0
 74
0
 49
-0.508
 74
0
 49
0.0
 74
0
 49
-0.508
 74
0
  0
LTYPE
  5
3F
330
2
100
AcDbSymbolTableRecord
100
AcDbLinetypeTableRecord
  2
DIVIDEX2
 70
0
  3
Divide (2x) ____  . .  ____  . .  ____  . .  ____
 72
65
 73
6
 40
6.604
 49
5.08
 74
0
 49
-0.508
 74
0
 49
0.0
 74
0
 49
-0.508
 74
0
 49
0.0
 74
0
 49
-0.508
 74
0
  0
LTYPE
  5
40
330
2
100
AcDbSymbolTableRecord
100
AcDbLinetypeTableRecord
  2
DIVIDE2
 70
0
  3
Divide(.5x) _ . _ . _ . _ . _ . _ . _ . _
 72
65
 73
6
 40
2.032
 49
1.27
 74
0
 49
-0.254
 74
0
 49
0.0
 74
0
 49
-0.254
 74
0
 49
0.0
 74
0
 49
-0.254
 74
0
  0
ENDTAB
  0
TABLE
  2
LAYER
  5
1
330
0
100
AcDbSymbolTable
 70
9
  0
LAYER
  5
27
330
1
100
AcDbSymbolTableRecord
100
AcDbLayerTableRecord
  2
0
 70
0
 62
7
  6
Continuous
370
-3
390
13
347
21
  0
LAYER
  5
28
330
1
100
AcDbSymbolTableRecord
100
AcDbLayerTableRecord
  2
Defpoints
 70
0
 62
7
  6
Continuous
290
0
370
-3
390
13
347
21
  0
LAYER
  5
8A
330
1
100
AcDbSymbolTableRecord
100
AcDbLayerTableRecord
  2
NORMA
 70
0
 62
7
  6
CONTINUOUS
370
70
390
13
347
21
  0
LAYER
  5
8B
330
1
100
AcDbSymbolTableRecord
100
AcDbLayerTableRecord
  2
FINA
 70
0
 62
7
  6
CONTINUOUS
370
18
390
13
347
21
  0
LAYER
  5
8C
330
1
100
AcDbSymbolTableRecord
100
AcDbLayerTableRecord
  2
VISIBLE
 70
0
 62
7
  6
CONTINUOUS
370
50
390
13
347
21
  0
LAYER
  5
8D
330
1
100
AcDbSymbolTableRecord
100
AcDbLayerTableRecord
  2
OCULTA
 70
0
 62
8
  6
DASHED
370
25
390
13
347
21
  0
LAYER
  5
8E
330
1
100
AcDbSymbolTableRecord
100
AcDbLayerTableRecord
  2
COTAS
 70
0
 62
7
  6
CONTINUOUS
370
25
390
13
347
21
  0
LAYER
  5
8F
330
1
100
AcDbSymbolTableRecord
100
AcDbLayerTableRecord
  2
PLIEGUE
 70
0
 62
1
  6
DASHDOT
370
25
390
13
347
21
  0
LAYER
  5
90
330
1
100
AcDbSymbolTableRecord
100
AcDbLayerTableRecord
  2
TEXTO
 70
0
 62
7
  6
CONTINUOUS
370
25
390
13
347
21
  0
ENDTAB
  0
TABLE
  2
STYLE
  5
5
330
0
100
AcDbSymbolTable
 70
26
  0
STYLE
  5
29
330
5
100
AcDbSymbolTableRecord
100
AcDbTextStyleTableRecord
  2
Standard
 70
0
 40
0.0
 41
1.0
 50
0.0
 71
0
 42
2.5
  3
txt
  4

  0
STYLE
  5
41
330
5
100
AcDbSymbolTableRecord
100
AcDbTextStyleTableRecord
  2
OpenSans-Light
 70
0
 40
0.0
 41
1.0
 50
0.0
 71
0
 42
2.5
  3
OpenSans-Light.ttf
  4

  0
STYLE
  5
42
330
5
100
AcDbSymbolTableRecord
100
AcDbTextStyleTableRecord
  2
OpenSans-Light-Italic
 70
0
 40
0.0
 41
1.0
 50
0.0
 71
0
 42
2.5
  3
OpenSans-LightItalic.ttf
  4

  0
STYLE
  5
43
330
5
100
AcDbSymbolTableRecord
100
AcDbTextStyleTableRecord
  2
OpenSans
 70
0
 40
0.0
 41
1.0
 50
0.0
 71
0
 42
2.5
  3
OpenSans-Regular.ttf
  4

  0
STYLE
  5
44
330
5
100
AcDbSymbolTableRecord
100
AcDbTextStyleTableRecord
  2
OpenSans-Italic
 70
0
 40
0.0
 41
1.0
 50
0.0
 71
0
 42
2.5
  3
OpenSans-Italic.ttf
  4

  0
STYLE
  5
45
330
5
100
AcDbSymbolTableRecord
100
AcDbTextStyleTableRecord
  2
OpenSans-SemiBold
 70
0
 40
0.0
 41
1.0
 50
0.0
 71
0
 42
2.5
  3
OpenSans-SemiBold.ttf
  4

  0
STYLE
  5
46
330
5
100
AcDbSymbolTableRecord
100
AcDbTextStyleTableRecord
  2
OpenSans-SemiBoldItalic
 70
0
 40
0.0
 41
1.0
 50
0.0
 71
0
 42
2.5
  3
OpenSans-SemiBoldItalic.ttf
  4

  0
STYLE
  5
47
330
5
100
AcDbSymbolTableRecord
100
AcDbTextStyleTableRecord
  2
OpenSans-Bold
 70
0
 40
0.0
 41
1.0
 50
0.0
 71
0
 42
2.5
  3
OpenSans-Bold.ttf
  4

  0
STYLE
  5
48
330
5
100
AcDbSymbolTableRecord
100
AcDbTextStyleTableRecord
  2
OpenSans-BoldItalic
 70
0
 40
0.0
 41
1.0
 50
0.0
 71
0
 42
2.5
  3
OpenSans-BoldItalic.ttf
  4

  0
STYLE
  5
49
330
5
100
AcDbSymbolTableRecord
100
AcDbTextStyleTableRecord
  2
OpenSans-ExtraBold
 70
0
 40
0.0
 41
1.0
 50
0.0
 71
0
 42
2.5
  3
OpenSans-ExtraBold.ttf
  4

  0
STYLE
  5
4A
330
5
100
AcDbSymbolTableRecord
100
AcDbTextStyleTableRecord
  2
OpenSans-ExtraBoldItalic
 70
0
 40
0.0
 41
1.0
 50
0.0
 71
0
 42
2.5
  3
OpenSans-ExtraBoldItalic.ttf
  4

  0
STYLE
  5
4B
330
5
100
AcDbSymbolTableRecord
100
AcDbTextStyleTableRecord
  2
OpenSansCondensed-Bold
 70
0
 40
0.0
 41
1.0
 50
0.0
 71
0
 42
2.5
  3
OpenSansCondensed-Bold.ttf
  4

  0
STYLE
  5
4C
330
5
100
AcDbSymbolTableRecord
100
AcDbTextStyleTableRecord
  2
OpenSansCondensed-Light
 70
0
 40
0.0
 41
1.0
 50
0.0
 71
0
 42
2.5
  3
OpenSansCondensed-Light.ttf
  4

  0
STYLE
  5
4D
330
5
100
AcDbSymbolTableRecord
100
AcDbTextStyleTableRecord
  2
OpenSansCondensed-Italic
 70
0
 40
0.0
 41
1.0
 50
0.0
 71
0
 42
2.5
  3
OpenSansCondensed-LightItalic.ttf
  4

  0
STYLE
  5
4E
330
5
100
AcDbSymbolTableRecord
100
AcDbTextStyleTableRecord
  2
LiberationSans
 70
0
 40
0.0
 41
1.0
 50
0.0
 71
0
 42
2.5
  3
LiberationSans-Regular.ttf
  4

  0
STYLE
  5
4F
330
5
100
AcDbSymbolTableRecord
100
AcDbTextStyleTableRecord
  2
LiberationSans-Bold
 70
0
 40
0.0
 41
1.0
 50
0.0
 71
0
 42
2.5
  3
LiberationSans-Bold.ttf
  4

  0
STYLE
  5
50
330
5
100
AcDbSymbolTableRecord
100
AcDbTextStyleTableRecord
  2
LiberationSans-BoldItalic
 70
0
 40
0.0
 41
1.0
 50
0.0
 71
0
 42
2.5
  3
LiberationSans-BoldItalic.ttf
  4

  0
STYLE
  5
51
330
5
100
AcDbSymbolTableRecord
100
AcDbTextStyleTableRecord
  2
LiberationSans-Italic
 70
0
 40
0.0
 41
1.0
 50
0.0
 71
0
 42
2.5
  3
LiberationSans-Italic.ttf
  4

  0
STYLE
  5
52
330
5
100
AcDbSymbolTableRecord
100
AcDbTextStyleTableRecord
  2
LiberationSerif
 70
0
 40
0.0
 41
1.0
 50
0.0
 71
0
 42
2.5
  3
LiberationSerif-Regular.ttf
  4

  0
STYLE
  5
53
330
5
100
AcDbSymbolTableRecord
100
AcDbTextStyleTableRecord
  2
LiberationSerif-Bold
 70
0
 40
0.0
 41
1.0
 50
0.0
 71
0
 42
2.5
  3
LiberationSerif-Bold.ttf
  4

  0
STYLE
  5
54
330
5
100
AcDbSymbolTableRecord
100
AcDbTextStyleTableRecord
  2
LiberationSerif-BoldItalic
 70
0
 40
0.0
 41
1.0
 50
0.0
 71
0
 42
2.5
  3
LiberationSerif-BoldItalic.ttf
  4

  0
STYLE
  5
55
330
5
100
AcDbSymbolTableRecord
100
AcDbTextStyleTableRecord
  2
LiberationSerif-Italic
 70
0
 40
0.0
 41
1.0
 50
0.0
 71
0
 42
2.5
  3
LiberationSerif-Italic.ttf
  4

  0
STYLE
  5
56
330
5
100
AcDbSymbolTableRecord
100
AcDbTextStyleTableRecord
  2
LiberationMono
 70
0
 40
0.0
 41
1.0
 50
0.0
 71
0
 42
2.5
  3
LiberationMono-Regular.ttf
  4

  0
STYLE
  5
57
330
5
100
AcDbSymbolTableRecord
100
AcDbTextStyleTableRecord
  2
LiberationMono-Bold
 70
0
 40
0.0
 41
1.0
 50
0.0
 71
0
 42
2.5
  3
LiberationMono-Bold.ttf
  4

  0
STYLE
  5
58
330
5
100
AcDbSymbolTableRecord
100
AcDbTextStyleTableRecord
  2
LiberationMono-BoldItalic
 70
0
 40
0.0
 41
1.0
 50
0.0
 71
0
 42
2.5
  3
LiberationMono-BoldItalic.ttf
  4

  0
STYLE
  5
59
330
5
100
AcDbSymbolTableRecord
100
AcDbTextStyleTableRecord
  2
LiberationMono-Italic
 70
0
 40
0.0
 41
1.0
 50
0.0
 71
0
 42
2.5
  3
LiberationMono-Italic.ttf
  4

  0
ENDTAB
  0
TABLE
  2
VIEW
  5
7
330
0
100
AcDbSymbolTable
 70
0
  0
ENDTAB
  0
TABLE
  2
UCS
  5
6
330
0
100
AcDbSymbolTable
 70
0
  0
ENDTAB
  0
TABLE
  2
APPID
  5
3
330
0
100
AcDbSymbolTable
 70
3
  0
APPID
  5
2A
330
3
100
AcDbSymbolTableRecord
100
AcDbRegAppTableRecord
  2
ACAD
 70
0
  0
APPID
  5
A35
330
3
100
AcDbSymbolTableRecord
100
AcDbRegAppTableRecord
  2
HATCHBACKGROUNDCOLOR
 70
0
  0
APPID
  5
A36
330
3
100
AcDbSymbolTableRecord
100
AcDbRegAppTableRecord
  2
EZDXF
 70
0
  0
ENDTAB
  0
TABLE
  2
DIMSTYLE
  5
4
330
0
100
AcDbSymbolTable
 70
13
100
AcDbDimStyleTable
  0
DIMSTYLE
105
2B
330
4
100
AcDbSymbolTableRecord
100
AcDbDimStyleTableRecord
  2
Standard
 70
0
 40
1.0
 41
2.5
 42
0.625
 43
3.75
 44
1.25
 45
0.0
 46
0.0
 47
0.0
 48
0.0
 49
2.5
140
2.5
141
2.5
142
0.0
143
0.03937007874
144
1.0
145
0.0
146
1.0
147
0.625
148
0.0
 69
0
 70
0
 71
0
 72
0
 73
0
 74
0
 75
0
 76
0
 77
1
 78
8
 79
3
170
0
171
3
172
1
173
0
174
0
175
0
176
0
177
0
178
0
179
2
271
2
272
2
273
2
274
3
275
0
276
0
277
2
278
44
279
0
280
0
281
0
282
0
283
0
284
8
285
0
286
0
288
0
289
3
290
0
371
-2
372
-2
  0
DIMSTYLE
105
73
330
4
100
AcDbSymbolTableRecord
100
AcDbDimStyleTableRecord
  2
EZDXF
 70
0
 40
1.0
 41
0.175
 42
0.125
 43
3.75
 44
0.375
 45
0.0
 46
0.0
 47
0.0
 48
0.0
 49
2.5
140
0.25
141
2.5
142
0.0
143
0.03937007874
144
100.0
145
0.0
146
0.5
147
0.1
148
0.0
 69
0
 70
0
 71
0
 72
0
 73
0
 74
0
 75
0
 76
0
 77
1
 78
12
 79
3
170
0
171
3
172
1
173
0
174
0
175
0
176
0
177
0
178
0
179
2
271
2
272
2
273
2
274
3
275
0
276
0
277
2
278
46
279
2
280
0
281
0
282
0
283
0
284
8
285
0
286
0
288
1
289
3
290
0
340
4C
342
74
371
-2
372
-2
  0
DIMSTYLE
105
7C
330
4
100
AcDbSymbolTableRecord
100
AcDbDimStyleTableRecord
  2
EZ_M_100_H25_CM
 70
0
 40
1.0
 41
0.25
 42
0.125
 43
3.75
 44
0.375
 45
0.0
 46
0.0
 47
0.0
 48
0.0
 49
2.5
140
0.25
141
2.5
142
0.125
143
0.03937007874
144
100.0
145
0.0
146
0.5
147
0.1
148
0.0
 69
0
 70
0
 71
0
 72
0
 73
0
 74
0
 75
0
 76
0
 77
1
 78
12
 79
3
170
0
171
3
172
1
173
0
174
0
175
0
176
0
177
0
178
0
179
2
271
2
272
2
273
2
274
3
275
0
276
0
277
2
278
46
279
2
280
0
281
0
282
0
283
0
284
8
285
0
286
0
288
1
289
3
290
0
340
4C
371
-2
372
-2
  0
DIMSTYLE
105
7D
330
4
100
AcDbSymbolTableRecord
100
AcDbDimStyleTableRecord
  2
EZ_M_50_H25_CM
 70
0
 40
1.0
 41
0.125
 42
0.0625
 43
3.75
 44
0.1875
 45
0.0
 46
0.0
 47
0.0
 48
0.0
 49
2.5
140
0.125
141
2.5
142
0.0625
143
0.03937007874
144
100.0
145
0.0
146
0.5
147
0.05
148
0.0
 69
0
 70
0
 71
0
 72
0
 73
0
 74
0
 75
0
 76
0
 77
1
 78
12
 79
3
170
0
171
3
172
1
173
0
174
0
175
0
176
0
177
0
178
0
179
2
271
2
272
2
273
2
274
3
275
0
276
0
277
2
278
46
279
2
280
0
281
0
282
0
283
0
284
8
285
0
286
0
288
1
289
3
290
0
340
4C
371
-2
372
-2
  0
DIMSTYLE
105
7E
330
4
100
AcDbSymbolTableRecord
100
AcDbDimStyleTableRecord
  2
EZ_M_25_H25_CM
 70
0
 40
1.0
 41
0.0625
 42
0.03125
 43
3.75
 44
0.09375
 45
0.0
 46
0.0
 47
0.0
 48
0.0
 49
2.5
140
0.0625
141
2.5
142
0.03125
143
0.03937007874
144
100.0
145
0.0
146
0.5
147
0.025
148
0.0
 69
0
 70
0
 71
0
 72
0
 73
0
 74
0
 75
0
 76
0
 77
1
 78
12
 79
3
170
0
171
3
172
1
173
0
174
0
175
0
176
0
177
0
178
0
179
2
271
2
272
2
273
2
274
3
275
0
276
0
277
2
278
46
279
2
280
0
281
0
282
0
283
0
284
8
285
0
286
0
288
1
289
3
290
0
340
4C
371
-2
372
-2
  0
DIMSTYLE
105
7F
330
4
100
AcDbSymbolTableRecord
100
AcDbDimStyleTableRecord
  2
EZ_M_20_H25_CM
 70
0
 40
1.0
 41
0.05
 42
0.025
 43
3.75
 44
0.07500000000000001
 45
0.0
 46
0.0
 47
0.0
 48
0.0
 49
2.5
140
0.05
141
2.5
142
0.025
143
0.03937007874
144
100.0
145
0.0
146
0.5
147
0.020000000000000004
148
0.0
 69
0
 70
0
 71
0
 72
0
 73
0
 74
0
 75
0
 76
0
 77
1
 78
12
 79
3
170
0
171
3
172
1
173
0
174
0
175
0
176
0
177
0
178
0
179
2
271
2
272
2
273
2
274
3
275
0
276
0
277
2
278
46
279
2
280
0
281
0
282
0
283
0
284
8
285
0
286
0
288
1
289
3
290
0
340
4C
371
-2
372
-2
  0
DIMSTYLE
105
80
330
4
100
AcDbSymbolTableRecord
100
AcDbDimStyleTableRecord
  2
EZ_M_10_H25_CM
 70
0
 40
1.0
 41
0.025
 42
0.0125
 43
3.75
 44
0.037500000000000006
 45
0.0
 46
0.0
 47
0.0
 48
0.0
 49
2.5
140
0.025
141
2.5
142
0.0125
143
0.03937007874
144
100.0
145
0.0
146
0.5
147
0.010000000000000002
148
0.0
 69
0
 70
0
 71
0
 72
0
 73
0
 74
0
 75
0
 76
0
 77
1
 78
12
 79
3
170
0
171
3
172
1
173
0
174
0
175
0
176
0
177
0
178
0
179
2
271
2
272
2
273
2
274
3
275
0
276
0
277
2
278
46
279
2
280
0
281
0
282
0
283
0
284
8
285
0
286
0
288
1
289
3
290
0
340
4C
371
-2
372
-2
  0
DIMSTYLE
105
81
330
4
100
AcDbSymbolTableRecord
100
AcDbDimStyleTableRecord
  2
EZ_M_5_H25_CM
 70
0
 40
1.0
 41
0.0125
 42
0.00625
 43
3.75
 44
0.018750000000000003
 45
0.0
 46
0.0
 47
0.0
 48
0.0
 49
2.5
140
0.0125
141
2.5
142
0.00625
143
0.03937007874
144
100.0
145
0.0
146
0.5
147
0.005000000000000001
148
0.0
 69
0
 70
0
 71
0
 72
0
 73
0
 74
0
 75
0
 76
0
 77
1
 78
12
 79
3
170
0
171
3
172
1
173
0
174
0
175
0
176
0
177
0
178
0
179
2
271
2
272
2
273
2
274
3
275
0
276
0
277
2
278
46
279
2
280
0
281
0
282
0
283
0
284
8
285
0
286
0
288
1
289
3
290
0
340
4C
371
-2
372
-2
  0
DIMSTYLE
105
82
330
4
100
AcDbSymbolTableRecord
100
AcDbDimStyleTableRecord
  2
EZ_M_1_H25_CM
 70
0
 40
1.0
 41
0.0025
 42
0.00125
 43
3.75
 44
0.00375
 45
0.0
 46
0.0
 47
0.0
 48
0.0
 49
2.5
140
0.0025
141
2.5
142
0.00125
143
0.03937007874
144
100.0
145
0.0
146
0.5
147
0.001
148
0.0
 69
0
 70
0
 71
0
 72
0
 73
0
 74
0
 75
0
 76
0
 77
1
 78
12
 79
3
170
0
171
3
172
1
173
0
174
0
175
0
176
0
177
0
178
0
179
2
271
2
272
2
273
2
274
3
275
0
276
0
277
2
278
46
279
2
280
0
281
0
282
0
283
0
284
8
285
0
286
0
288
1
289
3
290
0
340
4C
371
-2
372
-2
  0
DIMSTYLE
105
83
330
4
100
AcDbSymbolTableRecord
100
AcDbDimStyleTableRecord
  2
EZ_RADIUS
 70
0
 40
1.0
 41
0.25
 42
0.125
 43
3.75
 44
0.375
 45
0.0
 46
0.0
 47
0.0
 48
0.0
 49
2.5
140
0.25
141
0.0
142
0.0
143
0.03937007874
144
100.0
145
0.0
146
0.5
147
0.1
148
0.0
 69
0
 70
0
 71
0
 72
0
 73
0
 74
0
 75
0
 76
0
 77
1
 78
12
 79
3
170
0
171
3
172
0
173
0
174
0
175
0
176
0
177
0
178
0
179
2
271
2
272
2
273
2
274
3
275
0
276
0
277
2
278
46
279
1
280
0
281
0
282
0
283
0
284
8
285
0
286
0
288
1
289
3
290
0
340
4C
342
84
371
-2
372
-2
  0
DIMSTYLE
105
88
330
4
100
AcDbSymbolTableRecord
100
AcDbDimStyleTableRecord
  2
EZ_RADIUS_INSIDE
 70
0
 40
1.0
 41
0.25
 42
0.125
 43
3.75
 44
0.375
 45
0.0
 46
0.0
 47
0.0
 48
0.0
 49
2.5
140
0.25
141
0.0
142
0.0
143
0.03937007874
144
100.0
145
0.0
146
0.5
147
0.1
148
0.0
 69
0
 70
0
 71
0
 72
0
 73
0
 74
0
 75
0
 76
0
 77
0
 78
12
 79
3
170
0
171
3
172
0
173
0
174
1
175
0
176
0
177
0
178
0
179
2
271
2
272
2
273
2
274
3
275
0
276
0
277
2
278
46
279
0
280
0
281
0
282
0
283
0
284
8
285
0
286
0
288
1
289
0
290
0
340
4C
342
84
371
-2
372
-2
  0
DIMSTYLE
105
89
330
4
100
AcDbSymbolTableRecord
100
AcDbDimStyleTableRecord
  2
EZ_CURVED
 70
0
 40
1.0
 41
0.25
 42
0.125
 43
3.75
 44
0.375
 45
0.0
 46
0.0
 47
0.0
 48
0.0
 49
2.5
140
0.25
141
2.5
142
0.0
143
0.03937007874
144
100.0
145
0.0
146
0.5
147
0.1
148
0.0
 69
0
 70
0
 71
0
 72
0
 73
0
 74
0
 75
0
 76
0
 77
1
 78
12
 79
2
 90
2
170
0
171
3
172
1
173
0
174
0
175
0
176
0
177
0
178
0
179
2
271
2
272
2
273
2
274
3
275
0
276
0
277
2
278
46
279
2
280
0
281
0
282
0
283
0
284
8
285
0
286
0
288
1
289
3
290
0
340
4C
371
-2
372
-2
  0
DIMSTYLE
105
91
330
4
100
AcDbSymbolTableRecord
100
AcDbDimStyleTableRecord
  2
F3D_1000
 70
0
 40
1.0
 41
2.5
 42
1.0
 43
3.75
 44
1.5
 45
0.0
 46
0.0
 47
0.0
 48
0.0
 49
2.5
140
3.5
141
2.5
142
0.0
143
0.03937007874
144
1.0
145
0.0
146
1.0
147
0.9
148
0.0
 69
0
 70
0
 71
0
 72
0
 73
0
 74
0
 75
0
 76
0
 77
1
 78
8
 79
3
170
0
171
3
172
1
173
0
174
0
175
0
176
0
177
0
178
0
179
2
271
1
272
2
273
2
274
3
275
0
276
0
277
2
278
46
279
0
280
0
281
0
282
0
283
0
284
8
285
0
286
0
288
0
289
3
290
0
371
-2
372
-2
  0
ENDTAB
  0
TABLE
  2
BLOCK_RECORD
  5
9
330
0
100
AcDbSymbolTable
 70
8
  0
BLOCK_RECORD
  5
17
330
9
100
AcDbSymbolTableRecord
100
AcDbBlockTableRecord
  2
*Model_Space
340
1A
 70
0
280
1
281
0
  0
BLOCK_RECORD
  5
1B
330
9
100
AcDbSymbolTableRecord
100
AcDbBlockTableRecord
  2
*Paper_Space
340
1E
 70
0
280
1
281
0
  0
BLOCK_RECORD
  5
74
330
9
100
AcDbSymbolTableRecord
100
AcDbBlockTableRecord
  2
_ARCHTICK
340
0
 70
0
280
1
281
0
  0
BLOCK_RECORD
  5
78
330
9
100
AcDbSymbolTableRecord
100
AcDbBlockTableRecord
  2
_CLOSEDFILLED
340
0
 70
0
280
1
281
0
  0
BLOCK_RECORD
  5
84
330
9
100
AcDbSymbolTableRecord
100
AcDbBlockTableRecord
  2
_CLOSEDBLANK
340
0
 70
0
280
1
281
0
  0
BLOCK_RECORD
  5
228
330
9
100
AcDbSymbolTableRecord
100
AcDbBlockTableRecord
  2
*D1
340
0
 70
0
280
1
281
0
  0
BLOCK_RECORD
  5
237
330
9
100
AcDbSymbolTableRecord
100
AcDbBlockTableRecord
  2
*D2
340
0
 70
0
280
1
281
0
  0
BLOCK_RECORD
  5
535
330
9
100
AcDbSymbolTableRecord
100
AcDbBlockTableRecord
  2
*D3
340
0
 70
0
280
1
281
0
  0
ENDTAB
  0
ENDSEC
  0
SECTION
  2
BLOCKS
  0
BLOCK
  5
18
330
17
100
AcDbEntity
  8
0
100
AcDbBlockBegin
  2
*Model_Space
 70
0
 10
0.0
 20
0.0
 30
0.0
  3
*Model_Space
  1

  0
ENDBLK
  5
19
330
17
100
AcDbEntity
  8
0
100
AcDbBlockEnd
  0
BLOCK
  5
1C
330
1B
100
AcDbEntity
  8
0
100
AcDbBlockBegin
  2
*Paper_Space
 70
0
 10
0.0
 20
0.0
 30
0.0
  3
*Paper_Space
  1

  0
ENDBLK
  5
1D
330
1B
100
AcDbEntity
  8
0
100
AcDbBlockEnd
  0
BLOCK
  5
75
330
74
100
AcDbEntity
  8
0
100
AcDbBlockBegin
  2
_ARCHTICK
 70
0
 10
0.0
 20
0.0
 30
0.0
  3
_ARCHTICK
  1

  0
LWPOLYLINE
  5
77
330
74
100
AcDbEntity
  8
0
  6
BYBLOCK
 62
0
100
AcDbPolyline
 90
2
 70
0
 43
0.15
 10
-0.5
 20
-0.5
 10
0.5
 20
0.5
  0
ENDBLK
  5
76
330
74
100
AcDbEntity
  8
0
100
AcDbBlockEnd
  0
BLOCK
  5
79
330
78
100
AcDbEntity
  8
0
100
AcDbBlockBegin
  2
_CLOSEDFILLED
 70
0
 10
0.0
 20
0.0
 30
0.0
  3
_CLOSEDFILLED
  1

  0
SOLID
  5
7B
330
78
100
AcDbEntity
  8
0
  6
BYBLOCK
 62
0
100
AcDbTrace
 10
-1.0
 20
0.16439898372402537
 30
0.0
 11
0.0
 21
0.0
 31
0.0
 12
-1.0
 22
-0.16439898372402537
 32
0.0
 13
-1.0
 23
-0.16439898372402537
 33
0.0
  0
ENDBLK
  5
7A
330
78
100
AcDbEntity
  8
0
100
AcDbBlockEnd
  0
BLOCK
  5
85
330
84
100
AcDbEntity
  8
0
100
AcDbBlockBegin
  2
_CLOSEDBLANK
 70
0
 10
0.0
 20
0.0
 30
0.0
  3
_CLOSEDBLANK
  1

  0
LWPOLYLINE
  5
87
330
84
100
AcDbEntity
  8
0
  6
BYBLOCK
 62
0
100
AcDbPolyline
 90
3
 70
1
 10
-1.0
 20
0.16439898372402537
 10
0.0
 20
0.0
 10
-1.0
 20
-0.16439898372402537
  0
ENDBLK
  5
86
330
84
100
AcDbEntity
  8
0
100
AcDbBlockEnd
  0
BLOCK
  5
229
330
228
100
AcDbEntity
  8
0
100
AcDbBlockBegin
  2
*D1
 70
1
 10
0.0
 20
0.0
 30
0.0
  3
*D1
  1

  0
LINE
  5
22B
330
228
100
AcDbEntity
  8
0
100
AcDbLine
 10
56.05861339923388
 20
169.9559835712994
 30
0.0
 11
56.05861339923388
 21
160.4559835712994
 31
0.0
  0
LINE
  5
22C
330
228
100
AcDbEntity
  8
0
100
AcDbLine
 10
186.05861339923388
 20
169.9559835712994
 30
0.0
 11
186.05861339923388
 21
160.4559835712994
 31
0.0
  0
INSERT
  5
22D
330
228
100
AcDbEntity
  8
COTAS
100
AcDbBlockReference
  2
_CLOSEDFILLED
 10
56.05861339923388
 20
161.9559835712994
 30
0.0
 41
2.5
 42
2.5
 50
180.0
  0
INSERT
  5
22F
330
228
100
AcDbEntity
  8
COTAS
100
AcDbBlockReference
  2
_CLOSEDFILLED
 10
186.05861339923388
 20
161.9559835712994
 30
0.0
 41
2.5
 42
2.5
  0
LINE
  5
231
330
228
100
AcDbEntity
  8
0
100
AcDbLine
 10
58.55861339923388
 20
161.9559835712994
 30
0.0
 11
183.55861339923388
 21
161.9559835712994
 31
0.0
  0
MTEXT
  5
232
330
228
100
AcDbEntity
  8
COTAS
100
AcDbMText
 10
121.05861339923388
 20
164.60598357129942
 30
0.0
 40
3.5
 71
5
  1
130
  7
OpenSansCondensed-Light
  0
POINT
  5
233
330
228
100
AcDbEntity
  8
Defpoints
100
AcDbPoint
 10
56.05861339923388
 20
161.9559835712994
 30
0.0
  0
POINT
  5
234
330
228
100
AcDbEntity
  8
Defpoints
100
AcDbPoint
 10
56.05861339923388
 20
170.9559835712994
 30
0.0
  0
POINT
  5
235
330
228
100
AcDbEntity
  8
Defpoints
100
AcDbPoint
 10
186.05861339923388
 20
170.9559835712994
 30
0.0
  0
ENDBLK
  5
22A
330
228
100
AcDbEntity
  8
0
100
AcDbBlockEnd
  0
BLOCK
  5
238
330
237
100
AcDbEntity
  8
0
100
AcDbBlockBegin
  2
*D2
 70
1
 10
0.0
 20
0.0
 30
0.0
  3
*D2
  1

  0
LINE
  5
23A
330
237
100
AcDbEntity
  8
0
100
AcDbLine
 10
187.05861339923388
 20
170.9559835712994
 30
0.0
 11
196.55861339923388
 21
170.9559835712994
 31
0.0
  0
LINE
  5
23B
330
237
100
AcDbEntity
  8
0
100
AcDbLine
 10
187.05861339923388
 20
174.9559835712994
 30
0.0
 11
196.55861339923388
 21
174.9559835712994
 31
0.0
  0
INSERT
  5
23C
330
237
100
AcDbEntity
  8
COTAS
100
AcDbBlockReference
  2
_CLOSEDFILLED
 10
195.05861339923388
 20
170.9559835712994
 30
0.0
 41
2.5
 42
2.5
 50
90.0
  0
INSERT
  5
23E
330
237
100
AcDbEntity
  8
COTAS
100
AcDbBlockReference
  2
_CLOSEDFILLED
 10
195.05861339923388
 20
174.9559835712994
 30
0.0
 41
2.5
 42
2.5
 50
270.0
  0
LINE
  5
240
330
237
100
AcDbEntity
  8
0
100
AcDbLine
 10
195.05861339923388
 20
168.4559835712994
 30
0.0
 11
195.05861339923388
 21
165.9559835712994
 31
0.0
  0
LINE
  5
241
330
237
100
AcDbEntity
  8
0
100
AcDbLine
 10
195.05861339923388
 20
177.4559835712994
 30
0.0
 11
195.05861339923388
 21
179.9559835712994
 31
0.0
  0
LINE
  5
242
330
237
100
AcDbEntity
  8
0
100
AcDbLine
 10
195.05861339923388
 20
170.9559835712994
 30
0.0
 11
195.05861339923388
 21
174.9559835712994
 31
0.0
  0
MTEXT
  5
243
330
237
100
AcDbEntity
  8
COTAS
100
AcDbMText
 10
192.40861339923387
 20
172.9559835712994
 30
0.0
 40
3.5
 71
5
  1
4
  7
OpenSansCondensed-Light
 50
90.0
  0
POINT
  5
244
330
237
100
AcDbEntity
  8
Defpoints
100
AcDbPoint
 10
195.05861339923388
 20
170.9559835712994
 30
0.0
  0
POINT
  5
245
330
237
100
AcDbEntity
  8
Defpoints
100
AcDbPoint
 10
186.05861339923388
 20
170.9559835712994
 30
0.0
  0
POINT
  5
246
330
237
100
AcDbEntity
  8
Defpoints
100
AcDbPoint
 10
186.05861339923388
 20
174.9559835712994
 30
0.0
  0
ENDBLK
  5
239
330
237
100
AcDbEntity
  8
0
100
AcDbBlockEnd
  0
BLOCK
  5
536
330
535
100
AcDbEntity
  8
0
100
AcDbBlockBegin
  2
*D3
 70
1
 10
0.0
 20
0.0
 30
0.0
  3
*D3
  1

  0
LINE
  5
538
330
535
100
AcDbEntity
  8
0
100
AcDbLine
 10
187.05861339923388
 20
110.95598357129941
 30
0.0
 11
196.55861339923388
 21
110.95598357129941
 31
0.0
  0
LINE
  5
539
330
535
100
AcDbEntity
  8
0
100
AcDbLine
 10
187.05861339923388
 20
144.9559835712994
 30
0.0
 11
196.55861339923388
 21
144.9559835712994
 31
0.0
  0
INSERT
  5
53A
330
535
100
AcDbEntity
  8
COTAS
100
AcDbBlockReference
  2
_CLOSEDFILLED
 10
195.05861339923388
 20
110.95598357129941
 30
0.0
 41
2.5
 42
2.5
 50
270.0
  0
INSERT
  5
53C
330
535
100
AcDbEntity
  8
COTAS
100
AcDbBlockReference
  2
_CLOSEDFILLED
 10
195.05861339923388
 20
144.9559835712994
 30
0.0
 41
2.5
 42
2.5
 50
90.0
  0
LINE
  5
53E
330
535
100
AcDbEntity
  8
0
100
AcDbLine
 10
195.05861339923388
 20
113.45598357129941
 30
0.0
 11
195.05861339923388
 21
142.4559835712994
 31
0.0
  0
MTEXT
  5
53F
330
535
100
AcDbEntity
  8
COTAS
100
AcDbMText
 10
192.40861339923387
 20
127.95598357129941
 30
0.0
 40
3.5
 71
5
  1
34
  7
OpenSansCondensed-Light
 50
90.0
  0
POINT
  5
540
330
535
100
AcDbEntity
  8
Defpoints
100
AcDbPoint
 10
195.05861339923388
 20
110.95598357129941
 30
0.0
  0
POINT
  5
541
330
535
100
AcDbEntity
  8
Defpoints
100
AcDbPoint
 10
186.05861339923388
 20
110.95598357129941
 30
0.0
  0
POINT
  5
542
330
535
100
AcDbEntity
  8
Defpoints
100
AcDbPoint
 10
186.05861339923388
 20
144.9559835712994
 30
0.0
  0
ENDBLK
  5
537
330
535
100
AcDbEntity
  8
0
100
AcDbBlockEnd
  0
ENDSEC
  0
SECTION
  2
ENTITIES
  0
LINE
  5
92
330
17
100
AcDbEntity
  8
VISIBLE
100
AcDbLine
 10
169.05861339923388
 20
170.9559835712994
 30
0.0
 11
83.98634014483935
 21
170.9559835712994
 31
0.0
  0
LINE
  5
93
330
17
100
AcDbEntity
  8
VISIBLE
100
AcDbLine
 10
169.05861339923388
 20
170.9559835712994
 30
0.0
 11
171.2776151692534
 21
170.9559835712994
 31
0.0
  0
LINE
  5
94
330
17
100
AcDbEntity
  8
VISIBLE
100
AcDbLine
 10
173.45861492511278
 20
170.9559835712994
 30
0.0
 11
171.2776151692534
 21
170.9559835712994
 31
0.0
  0
LINE
  5
95
330
17
100
AcDbEntity
  8
VISIBLE
100
AcDbLine
 10
173.45861492511278
 20
170.9559835712994
 30
0.0
 11
175.5646139180327
 21
170.9559835712994
 31
0.0
  0
LINE
  5
96
330
17
100
AcDbEntity
  8
VISIBLE
100
AcDbLine
 10
177.55861339923388
 20
170.9559835712994
 30
0.0
 11
175.5646139180327
 21
170.9559835712994
 31
0.0
  0
LINE
  5
97
330
17
100
AcDbEntity
  8
VISIBLE
100
AcDbLine
 10
177.55861339923388
 20
170.9559835712994
 30
0.0
 11
179.40761242267138
 21
170.9559835712994
 31
0.0
  0
LINE
  5
98
330
17
100
AcDbEntity
  8
VISIBLE
100
AcDbLine
 10
181.07961330768114
 20
170.9559835712994
 30
0.0
 11
179.40761242267138
 21
170.9559835712994
 31
0.0
  0
LINE
  5
99
330
17
100
AcDbEntity
  8
VISIBLE
100
AcDbLine
 10
181.07961330768114
 20
170.9559835712994
 30
0.0
 11
182.54561291095263
 21
170.9559835712994
 31
0.0
  0
LINE
  5
9A
330
17
100
AcDbEntity
  8
VISIBLE
100
AcDbLine
 10
183.7806135213042
 20
170.9559835712994
 30
0.0
 11
182.54561291095263
 21
170.9559835712994
 31
0.0
  0
LINE
  5
9B
330
17
100
AcDbEntity
  8
VISIBLE
100
AcDbLine
 10
183.7806135213042
 20
170.9559835712994
 30
0.0
 11
184.76461468097216
 21
170.9559835712994
 31
0.0
  0
LINE
  5
9C
330
17
100
AcDbEntity
  8
VISIBLE
100
AcDbLine
 10
185.47961101886278
 20
170.9559835712994
 30
0.0
 11
184.76461468097216
 21
170.9559835712994
 31
0.0
  0
LINE
  5
9D
330
17
100
AcDbEntity
  8
VISIBLE
100
AcDbLine
 10
185.47961101886278
 20
170.9559835712994
 30
0.0
 11
185.62838421222216
 21
170.9559835712994
 31
0.0
  0
LINE
  5
9E
330
17
100
AcDbEntity
  8
VISIBLE
100
AcDbLine
 10
185.62838421222216
 20
170.9559835712994
 30
0.0
 11
185.91361675616747
 21
170.9559835712994
 31
0.0
  0
LINE
  5
9F
330
17
100
AcDbEntity
  8
VISIBLE
100
AcDbLine
 10
186.05861339923388
 20
170.9559835712994
 30
0.0
 11
185.91361675616747
 21
170.9559835712994
 31
0.0
  0
LINE
  5
A0
330
17
100
AcDbEntity
  8
VISIBLE
100
AcDbLine
 10
58.466625789370596
 20
170.9559835712994
 30
0.0
 11
58.336613277163565
 21
170.9559835712994
 31
0.0
  0
LINE
  5
A1
330
17
100
AcDbEntity
  8
VISIBLE
100
AcDbLine
 10
58.336613277163565
 20
170.9559835712994
 30
0.0
 11
57.99440060016161
 21
170.9559835712994
 31
0.0
  0
LINE
  5
A2
330
17
100
AcDbEntity
  8
VISIBLE
100
AcDbLine
 10
56.06565533038622
 20
170.9559835712994
 30
0.0
 11
56.05861339923388
 21
170.9559835712994
 31
0.0
  0
LINE
  5
A3
330
17
100
AcDbEntity
  8
VISIBLE
100
AcDbLine
 10
56.06565533038622
 20
170.9559835712994
 30
0.0
 11
56.203610042300284
 21
170.9559835712994
 31
0.0
  0
LINE
  5
A4
330
17
100
AcDbEntity
  8
VISIBLE
100
AcDbLine
 10
56.203610042300284
 20
170.9559835712994
 30
0.0
 11
56.535580257144034
 21
170.9559835712994
 31
0.0
  0
LINE
  5
A5
330
17
100
AcDbEntity
  8
VISIBLE
100
AcDbLine
 10
56.535580257144034
 20
170.9559835712994
 30
0.0
 11
56.63761577960497
 21
170.9559835712994
 31
0.0
  0
LINE
  5
A6
330
17
100
AcDbEntity
  8
VISIBLE
100
AcDbLine
 10
57.352612117495596
 20
170.9559835712994
 30
0.0
 11
56.63761577960497
 21
170.9559835712994
 31
0.0
  0
LINE
  5
A7
330
17
100
AcDbEntity
  8
VISIBLE
100
AcDbLine
 10
57.99440060016161
 20
170.9559835712994
 30
0.0
 11
57.87727795001513
 21
170.9559835712994
 31
0.0
  0
LINE
  5
A8
330
17
100
AcDbEntity
  8
VISIBLE
100
AcDbLine
 10
57.352612117495596
 20
170.9559835712994
 30
0.0
 11
57.87727795001513
 21
170.9559835712994
 31
0.0
  0
LINE
  5
A9
330
17
100
AcDbEntity
  8
VISIBLE
100
AcDbLine
 10
83.98634014483935
 20
170.9559835712994
 30
0.0
 11
73.05861339923388
 21
170.9559835712994
 31
0.0
  0
LINE
  5
AA
330
17
100
AcDbEntity
  8
VISIBLE
100
AcDbLine
 10
73.05861339923388
 20
170.9559835712994
 30
0.0
 11
70.83961162921435
 21
170.9559835712994
 31
0.0
  0
LINE
  5
AB
330
17
100
AcDbEntity
  8
VISIBLE
100
AcDbLine
 10
58.466625789370596
 20
170.9559835712994
 30
0.0
 11
59.57161388751513
 21
170.9559835712994
 31
0.0
  0
LINE
  5
AC
330
17
100
AcDbEntity
  8
VISIBLE
100
AcDbLine
 10
59.57161388751513
 20
170.9559835712994
 30
0.0
 11
61.03761349078661
 21
170.9559835712994
 31
0.0
  0
LINE
  5
AD
330
17
100
AcDbEntity
  8
VISIBLE
100
AcDbLine
 10
62.70961437579638
 20
170.9559835712994
 30
0.0
 11
61.03761349078661
 21
170.9559835712994
 31
0.0
  0
LINE
  5
AE
330
17
100
AcDbEntity
  8
VISIBLE
100
AcDbLine
 10
62.70961437579638
 20
170.9559835712994
 30
0.0
 11
64.55861339923388
 21
170.9559835712994
 31
0.0
  0
LINE
  5
AF
330
17
100
AcDbEntity
  8
VISIBLE
100
AcDbLine
 10
66.55261288043505
 20
170.9559835712994
 30
0.0
 11
64.55861339923388
 21
170.9559835712994
 31
0.0
  0
LINE
  5
B0
330
17
100
AcDbEntity
  8
VISIBLE
100
AcDbLine
 10
70.83961162921435
 20
170.9559835712994
 30
0.0
 11
68.65861187335497
 21
170.9559835712994
 31
0.0
  0
LINE
  5
B1
330
17
100
AcDbEntity
  8
VISIBLE
100
AcDbLine
 10
66.55261288043505
 20
170.9559835712994
 30
0.0
 11
68.65861187335497
 21
170.9559835712994
 31
0.0
  0
LINE
  5
B2
330
17
100
AcDbEntity
  8
VISIBLE
100
AcDbLine
 10
83.98634014483935
 20
174.9559835712994
 30
0.0
 11
169.05861339923388
 21
174.9559835712994
 31
0.0
  0
LINE
  5
B3
330
17
100
AcDbEntity
  8
VISIBLE
100
AcDbLine
 10
169.05861339923388
 20
174.9559835712994
 30
0.0
 11
171.2776151692534
 21
174.9559835712994
 31
0.0
  0
LINE
  5
B4
330
17
100
AcDbEntity
  8
VISIBLE
100
AcDbLine
 10
171.2776151692534
 20
174.9559835712994
 30
0.0
 11
173.45861492511278
 21
174.9559835712994
 31
0.0
  0
LINE
  5
B5
330
17
100
AcDbEntity
  8
VISIBLE
100
AcDbLine
 10
173.45861492511278
 20
174.9559835712994
 30
0.0
 11
175.5646139180327
 21
174.9559835712994
 31
0.0
  0
LINE
  5
B6
330
17
100
AcDbEntity
  8
VISIBLE
100
AcDbLine
 10
175.5646139180327
 20
174.9559835712994
 30
0.0
 11
177.55861339923388
 21
174.9559835712994
 31
0.0
  0
LINE
  5
B7
330
17
100
AcDbEntity
  8
VISIBLE
100
AcDbLine
 10
177.55861339923388
 20
174.9559835712994
 30
0.0
 11
179.40761242267138
 21
174.9559835712994
 31
0.0
  0
LINE
  5
B8
330
17
100
AcDbEntity
  8
VISIBLE
100
AcDbLine
 10
179.40761242267138
 20
174.9559835712994
 30
0.0
 11
181.07961330768114
 21
174.9559835712994
 31
0.0
  0
LINE
  5
B9
330
17
100
AcDbEntity
  8
VISIBLE
100
AcDbLine
 10
181.07961330768114
 20
174.9559835712994
 30
0.0
 11
182.54561291095263
 21
174.9559835712994
 31
0.0
  0
LINE
  5
BA
330
17
100
AcDbEntity
  8
VISIBLE
100
AcDbLine
 10
182.54561291095263
 20
174.9559835712994
 30
0.0
 11
183.7806135213042
 21
174.9559835712994
 31
0.0
  0
LINE
  5
BB
330
17
100
AcDbEntity
  8
VISIBLE
100
AcDbLine
 10
183.7806135213042
 20
174.9559835712994
 30
0.0
 11
184.76461468097216
 21
174.9559835712994
 31
0.0
  0
LINE
  5
BC
330
17
100
AcDbEntity
  8
VISIBLE
100
AcDbLine
 10
184.76461468097216
 20
174.9559835712994
 30
0.0
 11
185.47961101886278
 21
174.9559835712994
 31
0.0
  0
LINE
  5
BD
330
17
100
AcDbEntity
  8
VISIBLE
100
AcDbLine
 10
185.47961101886278
 20
174.9559835712994
 30
0.0
 11
185.62838421222216
 21
174.9559835712994
 31
0.0
  0
LINE
  5
BE
330
17
100
AcDbEntity
  8
VISIBLE
100
AcDbLine
 10
185.62838421222216
 20
174.9559835712994
 30
0.0
 11
185.91361675616747
 21
174.9559835712994
 31
0.0
  0
LINE
  5
BF
330
17
100
AcDbEntity
  8
VISIBLE
100
AcDbLine
 10
185.91361675616747
 20
174.9559835712994
 30
0.0
 11
186.05861339923388
 21
174.9559835712994
 31
0.0
  0
LINE
  5
C0
330
17
100
AcDbEntity
  8
VISIBLE
100
AcDbLine
 10
57.99440060016161
 20
174.9559835712994
 30
0.0
 11
58.336613277163565
 21
174.9559835712994
 31
0.0
  0
LINE
  5
C1
330
17
100
AcDbEntity
  8
VISIBLE
100
AcDbLine
 10
58.336613277163565
 20
174.9559835712994
 30
0.0
 11
58.466625789370596
 21
174.9559835712994
 31
0.0
  0
LINE
  5
C2
330
17
100
AcDbEntity
  8
VISIBLE
100
AcDbLine
 10
56.05861339923388
 20
174.9559835712994
 30
0.0
 11
56.06565533038622
 21
174.9559835712994
 31
0.0
  0
LINE
  5
C3
330
17
100
AcDbEntity
  8
VISIBLE
100
AcDbLine
 10
56.06565533038622
 20
174.9559835712994
 30
0.0
 11
56.203610042300284
 21
174.9559835712994
 31
0.0
  0
LINE
  5
C4
330
17
100
AcDbEntity
  8
VISIBLE
100
AcDbLine
 10
56.203610042300284
 20
174.9559835712994
 30
0.0
 11
56.535580257144034
 21
174.9559835712994
 31
0.0
  0
LINE
  5
C5
330
17
100
AcDbEntity
  8
VISIBLE
100
AcDbLine
 10
56.535580257144034
 20
174.9559835712994
 30
0.0
 11
56.63761577960497
 21
174.9559835712994
 31
0.0
  0
LINE
  5
C6
330
17
100
AcDbEntity
  8
VISIBLE
100
AcDbLine
 10
56.63761577960497
 20
174.9559835712994
 30
0.0
 11
57.352612117495596
 21
174.9559835712994
 31
0.0
  0
LINE
  5
C7
330
17
100
AcDbEntity
  8
VISIBLE
100
AcDbLine
 10
57.99440060016161
 20
174.9559835712994
 30
0.0
 11
57.87727795001513
 21
174.9559835712994
 31
0.0
  0
LINE
  5
C8
330
17
100
AcDbEntity
  8
VISIBLE
100
AcDbLine
 10
57.352612117495596
 20
174.9559835712994
 30
0.0
 11
57.87727795001513
 21
174.9559835712994
 31
0.0
  0
LINE
  5
C9
330
17
100
AcDbEntity
  8
VISIBLE
100
AcDbLine
 10
83.98634014483935
 20
174.9559835712994
 30
0.0
 11
73.05861339923388
 21
174.9559835712994
 31
0.0
  0
LINE
  5
CA
330
17
100
AcDbEntity
  8
VISIBLE
100
AcDbLine
 10
70.83961162921435
 20
174.9559835712994
 30
0.0
 11
73.05861339923388
 21
174.9559835712994
 31
0.0
  0
LINE
  5
CB
330
17
100
AcDbEntity
  8
VISIBLE
100
AcDbLine
 10
58.466625789370596
 20
174.9559835712994
 30
0.0
 11
59.57161388751513
 21
174.9559835712994
 31
0.0
  0
LINE
  5
CC
330
17
100
AcDbEntity
  8
VISIBLE
100
AcDbLine
 10
59.57161388751513
 20
174.9559835712994
 30
0.0
 11
61.03761349078661
 21
174.9559835712994
 31
0.0
  0
LINE
  5
CD
330
17
100
AcDbEntity
  8
VISIBLE
100
AcDbLine
 10
61.03761349078661
 20
174.9559835712994
 30
0.0
 11
62.70961437579638
 21
174.9559835712994
 31
0.0
  0
LINE
  5
CE
330
17
100
AcDbEntity
  8
VISIBLE
100
AcDbLine
 10
62.70961437579638
 20
174.9559835712994
 30
0.0
 11
64.55861339923388
 21
174.9559835712994
 31
0.0
  0
LINE
  5
CF
330
17
100
AcDbEntity
  8
VISIBLE
100
AcDbLine
 10
64.55861339923388
 20
174.9559835712994
 30
0.0
 11
66.55261288043505
 21
174.9559835712994
 31
0.0
  0
LINE
  5
D0
330
17
100
AcDbEntity
  8
VISIBLE
100
AcDbLine
 10
70.83961162921435
 20
174.9559835712994
 30
0.0
 11
68.65861187335497
 21
174.9559835712994
 31
0.0
  0
LINE
  5
D1
330
17
100
AcDbEntity
  8
VISIBLE
100
AcDbLine
 10
66.55261288043505
 20
174.9559835712994
 30
0.0
 11
68.65861187335497
 21
174.9559835712994
 31
0.0
  0
LINE
  5
D2
330
17
100
AcDbEntity
  8
VISIBLE
100
AcDbLine
 10
172.98261318561083
 20
170.9559835712994
 30
0.0
 11
172.29909191485888
 21
170.9559835712994
 31
0.0
  0
LINE
  5
D3
330
17
100
AcDbEntity
  8
VISIBLE
100
AcDbLine
 10
172.98261318561083
 20
170.9559835712994
 30
0.0
 11
173.6721349751616
 21
170.9559835712994
 31
0.0
  0
LINE
  5
D4
330
17
100
AcDbEntity
  8
VISIBLE
100
AcDbLine
 10
174.30861339923388
 20
170.9559835712994
 30
0.0
 11
173.6721349751616
 21
170.9559835712994
 31
0.0
  0
LINE
  5
D5
330
17
100
AcDbEntity
  8
VISIBLE
100
AcDbLine
 10
174.30861339923388
 20
170.9559835712994
 30
0.0
 11
174.9008947407866
 21
170.9559835712994
 31
0.0
  0
LINE
  5
D6
330
17
100
AcDbEntity
  8
VISIBLE
100
AcDbLine
 10
175.44761333819872
 20
170.9559835712994
 30
0.0
 11
174.9008947407866
 21
170.9559835712994
 31
0.0
  0
LINE
  5
D7
330
17
100
AcDbEntity
  8
VISIBLE
100
AcDbLine
 10
175.44761333819872
 20
170.9559835712994
 30
0.0
 11
175.90209255572802
 21
170.9559835712994
 31
0.0
  0
LINE
  5
D8
330
17
100
AcDbEntity
  8
VISIBLE
100
AcDbLine
 10
176.32161388751513
 20
170.9559835712994
 30
0.0
 11
175.90209255572802
 21
170.9559835712994
 31
0.0
  0
LINE
  5
D9
330
17
100
AcDbEntity
  8
VISIBLE
100
AcDbLine
 10
176.32161388751513
 20
170.9559835712994
 30
0.0
 11
176.60761318561083
 21
170.9559835712994
 31
0.0
  0
LINE
  5
DA
330
17
100
AcDbEntity
  8
VISIBLE
100
AcDbLine
 10
176.87161312457567
 20
170.9559835712994
 30
0.0
 11
176.60761318561083
 21
170.9559835712994
 31
0.0
  0
LINE
  5
DB
330
17
100
AcDbEntity
  8
VISIBLE
100
AcDbLine
 10
176.87161312457567
 20
170.9559835712994
 30
0.0
 11
176.96885357257372
 21
170.9559835712994
 31
0.0
  0
LINE
  5
DC
330
17
100
AcDbEntity
  8
VISIBLE
100
AcDbLine
 10
177.05861339923388
 20
170.9559835712994
 30
0.0
 11
176.96885357257372
 21
170.9559835712994
 31
0.0
  0
LINE
  5
DD
330
17
100
AcDbEntity
  8
VISIBLE
100
AcDbLine
 10
177.05861339923388
 20
170.9559835712994
 30
0.0
 11
176.96137295123583
 21
170.9559835712994
 31
0.0
  0
LINE
  5
DE
330
17
100
AcDbEntity
  8
VISIBLE
100
AcDbLine
 10
176.87161312457567
 20
170.9559835712994
 30
0.0
 11
176.96137295123583
 21
170.9559835712994
 31
0.0
  0
LINE
  5
DF
330
17
100
AcDbEntity
  8
VISIBLE
100
AcDbLine
 10
176.87161312457567
 20
170.9559835712994
 30
0.0
 11
176.58561382647997
 21
170.9559835712994
 31
0.0
  0
LINE
  5
E0
330
17
100
AcDbEntity
  8
VISIBLE
100
AcDbLine
 10
176.32161388751513
 20
170.9559835712994
 30
0.0
 11
176.58561382647997
 21
170.9559835712994
 31
0.0
  0
LINE
  5
E1
330
17
100
AcDbEntity
  8
VISIBLE
100
AcDbLine
 10
176.32161388751513
 20
170.9559835712994
 30
0.0
 11
175.86713466998583
 21
170.9559835712994
 31
0.0
  0
LINE
  5
E2
330
17
100
AcDbEntity
  8
VISIBLE
100
AcDbLine
 10
175.44761333819872
 20
170.9559835712994
 30
0.0
 11
175.86713466998583
 21
170.9559835712994
 31
0.0
  0
LINE
  5
E3
330
17
100
AcDbEntity
  8
VISIBLE
100
AcDbLine
 10
175.44761333819872
 20
170.9559835712994
 30
0.0
 11
174.855331996646
 21
170.9559835712994
 31
0.0
  0
LINE
  5
E4
330
17
100
AcDbEntity
  8
VISIBLE
100
AcDbLine
 10
174.30861339923388
 20
170.9559835712994
 30
0.0
 11
174.855331996646
 21
170.9559835712994
 31
0.0
  0
LINE
  5
E5
330
17
100
AcDbEntity
  8
VISIBLE
100
AcDbLine
 10
174.30861339923388
 20
170.9559835712994
 30
0.0
 11
173.6190916096831
 21
170.9559835712994
 31
0.0
  0
LINE
  5
E6
330
17
100
AcDbEntity
  8
VISIBLE
100
AcDbLine
 10
172.98261318561083
 20
170.9559835712994
 30
0.0
 11
173.6190916096831
 21
170.9559835712994
 31
0.0
  0
LINE
  5
E7
330
17
100
AcDbEntity
  8
VISIBLE
100
AcDbLine
 10
172.98261318561083
 20
170.9559835712994
 30
0.0
 11
172.24213466998583
 21
170.9559835712994
 31
0.0
  0
LINE
  5
E8
330
17
100
AcDbEntity
  8
VISIBLE
100
AcDbLine
 10
171.55861339923388
 20
170.9559835712994
 30
0.0
 11
172.24213466998583
 21
170.9559835712994
 31
0.0
  0
LINE
  5
E9
330
17
100
AcDbEntity
  8
VISIBLE
100
AcDbLine
 10
171.55861339923388
 20
170.9559835712994
 30
0.0
 11
168.95861492511278
 21
170.9559835712994
 31
0.0
  0
LINE
  5
EA
330
17
100
AcDbEntity
  8
VISIBLE
100
AcDbLine
 10
77.34815273639208
 20
170.9559835712994
 30
0.0
 11
79.44761333819872
 21
170.9559835712994
 31
0.0
  0
LINE
  5
EB
330
17
100
AcDbEntity
  8
VISIBLE
100
AcDbLine
 10
76.53177318927294
 20
170.9559835712994
 30
0.0
 11
78.30861339923388
 21
170.9559835712994
 31
0.0
  0
LINE
  5
EC
330
17
100
AcDbEntity
  8
VISIBLE
100
AcDbLine
 10
75.55861339923388
 20
170.9559835712994
 30
0.0
 11
76.98261318561083
 21
170.9559835712994
 31
0.0
  0
LINE
  5
ED
330
17
100
AcDbEntity
  8
VISIBLE
100
AcDbLine
 10
75.55861339923388
 20
170.9559835712994
 30
0.0
 11
76.24213466998583
 21
170.9559835712994
 31
0.0
  0
LINE
  5
EE
330
17
100
AcDbEntity
  8
VISIBLE
100
AcDbLine
 10
75.55861339923388
 20
170.9559835712994
 30
0.0
 11
72.95861492511278
 21
170.9559835712994
 31
0.0
  0
LINE
  5
EF
330
17
100
AcDbEntity
  8
VISIBLE
100
AcDbLine
 10
166.55861339923388
 20
170.9559835712994
 30
0.0
 11
168.95861492511278
 21
170.9559835712994
 31
0.0
  0
LINE
  5
F0
330
17
100
AcDbEntity
  8
VISIBLE
100
AcDbLine
 10
166.55861339923388
 20
170.9559835712994
 30
0.0
 11
165.81813488360888
 21
170.9559835712994
 31
0.0
  0
LINE
  5
F1
330
17
100
AcDbEntity
  8
VISIBLE
100
AcDbLine
 10
76.98261318561083
 20
170.9559835712994
 30
0.0
 11
76.29909191485888
 21
170.9559835712994
 31
0.0
  0
LINE
  5
F2
330
17
100
AcDbEntity
  8
VISIBLE
100
AcDbLine
 10
76.98261318561083
 20
170.9559835712994
 30
0.0
 11
77.67213497516161
 21
170.9559835712994
 31
0.0
  0
LINE
  5
F3
330
17
100
AcDbEntity
  8
VISIBLE
100
AcDbLine
 10
78.30861339923388
 20
170.9559835712994
 30
0.0
 11
77.67213497516161
 21
170.9559835712994
 31
0.0
  0
LINE
  5
F4
330
17
100
AcDbEntity
  8
VISIBLE
100
AcDbLine
 10
78.30861339923388
 20
170.9559835712994
 30
0.0
 11
78.90089474078661
 21
170.9559835712994
 31
0.0
  0
LINE
  5
F5
330
17
100
AcDbEntity
  8
VISIBLE
100
AcDbLine
 10
79.44761333819872
 20
170.9559835712994
 30
0.0
 11
78.90089474078661
 21
170.9559835712994
 31
0.0
  0
LINE
  5
F6
330
17
100
AcDbEntity
  8
VISIBLE
100
AcDbLine
 10
79.44761333819872
 20
170.9559835712994
 30
0.0
 11
79.90209255572802
 21
170.9559835712994
 31
0.0
  0
LINE
  5
F7
330
17
100
AcDbEntity
  8
VISIBLE
100
AcDbLine
 10
80.32161388751513
 20
170.9559835712994
 30
0.0
 11
79.90209255572802
 21
170.9559835712994
 31
0.0
  0
LINE
  5
F8
330
17
100
AcDbEntity
  8
VISIBLE
100
AcDbLine
 10
80.32161388751513
 20
170.9559835712994
 30
0.0
 11
80.60761318561083
 21
170.9559835712994
 31
0.0
  0
LINE
  5
F9
330
17
100
AcDbEntity
  8
VISIBLE
100
AcDbLine
 10
81.2921987568999
 20
170.9559835712994
 30
0.0
 11
80.87161312457567
 21
170.9559835712994
 31
0.0
  0
LINE
  5
FA
330
17
100
AcDbEntity
  8
VISIBLE
100
AcDbLine
 10
80.87161312457567
 20
170.9559835712994
 30
0.0
 11
80.60761318561083
 21
170.9559835712994
 31
0.0
  0
LINE
  5
FB
330
17
100
AcDbEntity
  8
VISIBLE
100
AcDbLine
 10
80.87161312457567
 20
170.9559835712994
 30
0.0
 11
80.96885357257372
 21
170.9559835712994
 31
0.0
  0
LINE
  5
FC
330
17
100
AcDbEntity
  8
VISIBLE
100
AcDbLine
 10
80.81259212848192
 20
170.9559835712994
 30
0.0
 11
81.05861339923388
 21
170.9559835712994
 31
0.0
  0
LINE
  5
FD
330
17
100
AcDbEntity
  8
VISIBLE
100
AcDbLine
 10
81.05861339923388
 20
170.9559835712994
 30
0.0
 11
80.96885357257372
 21
170.9559835712994
 31
0.0
  0
LINE
  5
FE
330
17
100
AcDbEntity
  8
VISIBLE
100
AcDbLine
 10
81.05861339923388
 20
170.9559835712994
 30
0.0
 11
80.96137295123583
 21
170.9559835712994
 31
0.0
  0
LINE
  5
FF
330
17
100
AcDbEntity
  8
VISIBLE
100
AcDbLine
 10
80.67382488605028
 20
170.9559835712994
 30
0.0
 11
80.87161312457567
 21
170.9559835712994
 31
0.0
  0
LINE
  5
100
330
17
100
AcDbEntity
  8
VISIBLE
100
AcDbLine
 10
80.87161312457567
 20
170.9559835712994
 30
0.0
 11
80.96137295123583
 21
170.9559835712994
 31
0.0
  0
LINE
  5
101
330
17
100
AcDbEntity
  8
VISIBLE
100
AcDbLine
 10
80.87161312457567
 20
170.9559835712994
 30
0.0
 11
80.58561382647997
 21
170.9559835712994
 31
0.0
  0
LINE
  5
102
330
17
100
AcDbEntity
  8
VISIBLE
100
AcDbLine
 10
80.32161388751513
 20
170.9559835712994
 30
0.0
 11
80.58561382647997
 21
170.9559835712994
 31
0.0
  0
LINE
  5
103
330
17
100
AcDbEntity
  8
VISIBLE
100
AcDbLine
 10
80.32161388751513
 20
170.9559835712994
 30
0.0
 11
79.86713466998583
 21
170.9559835712994
 31
0.0
  0
LINE
  5
104
330
17
100
AcDbEntity
  8
VISIBLE
100
AcDbLine
 10
79.44761333819872
 20
170.9559835712994
 30
0.0
 11
79.86713466998583
 21
170.9559835712994
 31
0.0
  0
LINE
  5
105
330
17
100
AcDbEntity
  8
VISIBLE
100
AcDbLine
 10
79.44761333819872
 20
170.9559835712994
 30
0.0
 11
78.85533199664599
 21
170.9559835712994
 31
0.0
  0
LINE
  5
106
330
17
100
AcDbEntity
  8
VISIBLE
100
AcDbLine
 10
78.30861339923388
 20
170.9559835712994
 30
0.0
 11
78.85533199664599
 21
170.9559835712994
 31
0.0
  0
LINE
  5
107
330
17
100
AcDbEntity
  8
VISIBLE
100
AcDbLine
 10
78.30861339923388
 20
170.9559835712994
 30
0.0
 11
77.6190916096831
 21
170.9559835712994
 31
0.0
  0
LINE
  5
108
330
17
100
AcDbEntity
  8
VISIBLE
100
AcDbLine
 10
76.98261318561083
 20
170.9559835712994
 30
0.0
 11
77.6190916096831
 21
170.9559835712994
 31
0.0
  0
LINE
  5
109
330
17
100
AcDbEntity
  8
VISIBLE
100
AcDbLine
 10
76.98261318561083
 20
170.9559835712994
 30
0.0
 11
76.24213466998583
 21
170.9559835712994
 31
0.0
  0
LINE
  5
10A
330
17
100
AcDbEntity
  8
VISIBLE
100
AcDbLine
 10
70.55861339923388
 20
170.9559835712994
 30
0.0
 11
72.95861492511278
 21
170.9559835712994
 31
0.0
  0
LINE
  5
10B
330
17
100
AcDbEntity
  8
VISIBLE
100
AcDbLine
 10
70.55861339923388
 20
170.9559835712994
 30
0.0
 11
69.81813488360888
 21
170.9559835712994
 31
0.0
  0
LINE
  5
10C
330
17
100
AcDbEntity
  8
VISIBLE
100
AcDbLine
 10
67.28316173907763
 20
170.9559835712994
 30
0.0
 11
69.13461361285692
 21
170.9559835712994
 31
0.0
  0
LINE
  5
10D
330
17
100
AcDbEntity
  8
VISIBLE
100
AcDbLine
 10
69.13461361285692
 20
170.9559835712994
 30
0.0
 11
69.81813488360888
 21
170.9559835712994
 31
0.0
  0
LINE
  5
10E
330
17
100
AcDbEntity
  8
VISIBLE
100
AcDbLine
 10
69.13461361285692
 20
170.9559835712994
 30
0.0
 11
68.44509182330614
 21
170.9559835712994
 31
0.0
  0
LINE
  5
10F
330
17
100
AcDbEntity
  8
VISIBLE
100
AcDbLine
 10
67.4751707112456
 20
170.9559835712994
 30
0.0
 11
67.80861339923388
 21
170.9559835712994
 31
0.0
  0
LINE
  5
110
330
17
100
AcDbEntity
  8
VISIBLE
100
AcDbLine
 10
67.80861339923388
 20
170.9559835712994
 30
0.0
 11
68.44509182330614
 21
170.9559835712994
 31
0.0
  0
LINE
  5
111
330
17
100
AcDbEntity
  8
VISIBLE
100
AcDbLine
 10
67.80861339923388
 20
170.9559835712994
 30
0.0
 11
67.21633205768114
 21
170.9559835712994
 31
0.0
  0
LINE
  5
112
330
17
100
AcDbEntity
  8
VISIBLE
100
AcDbLine
 10
66.66961346026903
 20
170.9559835712994
 30
0.0
 11
67.21633205768114
 21
170.9559835712994
 31
0.0
  0
LINE
  5
113
330
17
100
AcDbEntity
  8
VISIBLE
100
AcDbLine
 10
66.66961346026903
 20
170.9559835712994
 30
0.0
 11
66.21513424273974
 21
170.9559835712994
 31
0.0
  0
LINE
  5
114
330
17
100
AcDbEntity
  8
VISIBLE
100
AcDbLine
 10
65.79561291095263
 20
170.9559835712994
 30
0.0
 11
66.21513424273974
 21
170.9559835712994
 31
0.0
  0
LINE
  5
115
330
17
100
AcDbEntity
  8
VISIBLE
100
AcDbLine
 10
65.79561291095263
 20
170.9559835712994
 30
0.0
 11
65.50961361285692
 21
170.9559835712994
 31
0.0
  0
LINE
  5
116
330
17
100
AcDbEntity
  8
VISIBLE
100
AcDbLine
 10
65.24561367389208
 20
170.9559835712994
 30
0.0
 11
65.50961361285692
 21
170.9559835712994
 31
0.0
  0
LINE
  5
117
330
17
100
AcDbEntity
  8
VISIBLE
100
AcDbLine
 10
65.24561367389208
 20
170.9559835712994
 30
0.0
 11
65.14837322589403
 21
170.9559835712994
 31
0.0
  0
LINE
  5
118
330
17
100
AcDbEntity
  8
VISIBLE
100
AcDbLine
 10
65.05861339923388
 20
170.9559835712994
 30
0.0
 11
65.14837322589403
 21
170.9559835712994
 31
0.0
  0
LINE
  5
119
330
17
100
AcDbEntity
  8
VISIBLE
100
AcDbLine
 10
65.05861339923388
 20
170.9559835712994
 30
0.0
 11
65.15585384723192
 21
170.9559835712994
 31
0.0
  0
LINE
  5
11A
330
17
100
AcDbEntity
  8
VISIBLE
100
AcDbLine
 10
65.24561367389208
 20
170.9559835712994
 30
0.0
 11
65.15585384723192
 21
170.9559835712994
 31
0.0
  0
LINE
  5
11B
330
17
100
AcDbEntity
  8
VISIBLE
100
AcDbLine
 10
65.24561367389208
 20
170.9559835712994
 30
0.0
 11
65.53161297198778
 21
170.9559835712994
 31
0.0
  0
LINE
  5
11C
330
17
100
AcDbEntity
  8
VISIBLE
100
AcDbLine
 10
65.79561291095263
 20
170.9559835712994
 30
0.0
 11
65.53161297198778
 21
170.9559835712994
 31
0.0
  0
LINE
  5
11D
330
17
100
AcDbEntity
  8
VISIBLE
100
AcDbLine
 10
65.79561291095263
 20
170.9559835712994
 30
0.0
 11
66.25009212848192
 21
170.9559835712994
 31
0.0
  0
LINE
  5
11E
330
17
100
AcDbEntity
  8
VISIBLE
100
AcDbLine
 10
66.66961346026903
 20
170.9559835712994
 30
0.0
 11
66.25009212848192
 21
170.9559835712994
 31
0.0
  0
LINE
  5
11F
330
17
100
AcDbEntity
  8
VISIBLE
100
AcDbLine
 10
66.66961346026903
 20
170.9559835712994
 30
0.0
 11
67.26189480182177
 21
170.9559835712994
 31
0.0
  0
LINE
  5
120
330
17
100
AcDbEntity
  8
VISIBLE
100
AcDbLine
 10
67.80861339923388
 20
170.9559835712994
 30
0.0
 11
67.26189480182177
 21
170.9559835712994
 31
0.0
  0
LINE
  5
121
330
17
100
AcDbEntity
  8
VISIBLE
100
AcDbLine
 10
67.80861339923388
 20
170.9559835712994
 30
0.0
 11
68.49813518878466
 21
170.9559835712994
 31
0.0
  0
LINE
  5
122
330
17
100
AcDbEntity
  8
VISIBLE
100
AcDbLine
 10
69.13461361285692
 20
170.9559835712994
 30
0.0
 11
68.49813518878466
 21
170.9559835712994
 31
0.0
  0
LINE
  5
123
330
17
100
AcDbEntity
  8
VISIBLE
100
AcDbLine
 10
69.13461361285692
 20
170.9559835712994
 30
0.0
 11
69.87509212848192
 21
170.9559835712994
 31
0.0
  0
LINE
  5
124
330
17
100
AcDbEntity
  8
VISIBLE
100
AcDbLine
 10
70.55861339923388
 20
170.9559835712994
 30
0.0
 11
75.55861339923388
 21
170.9559835712994
 31
0.0
  0
LINE
  5
125
330
17
100
AcDbEntity
  8
VISIBLE
100
AcDbLine
 10
70.55861339923388
 20
170.9559835712994
 30
0.0
 11
69.87509212848192
 21
170.9559835712994
 31
0.0
  0
LINE
  5
126
330
17
100
AcDbEntity
  8
VISIBLE
100
AcDbLine
 10
70.55861339923388
 20
170.9559835712994
 30
0.0
 11
73.15861187335497
 21
170.9559835712994
 31
0.0
  0
LINE
  5
127
330
17
100
AcDbEntity
  8
VISIBLE
100
AcDbLine
 10
75.55861339923388
 20
170.9559835712994
 30
0.0
 11
76.29909191485888
 21
170.9559835712994
 31
0.0
  0
LINE
  5
128
330
17
100
AcDbEntity
  8
VISIBLE
100
AcDbLine
 10
75.55861339923388
 20
170.9559835712994
 30
0.0
 11
73.15861187335497
 21
170.9559835712994
 31
0.0
  0
LINE
  5
129
330
17
100
AcDbEntity
  8
VISIBLE
100
AcDbLine
 10
165.13461361285692
 20
170.9559835712994
 30
0.0
 11
165.81813488360888
 21
170.9559835712994
 31
0.0
  0
LINE
  5
12A
330
17
100
AcDbEntity
  8
VISIBLE
100
AcDbLine
 10
165.13461361285692
 20
170.9559835712994
 30
0.0
 11
164.44509182330614
 21
170.9559835712994
 31
0.0
  0
LINE
  5
12B
330
17
100
AcDbEntity
  8
VISIBLE
100
AcDbLine
 10
163.80861339923388
 20
170.9559835712994
 30
0.0
 11
164.44509182330614
 21
170.9559835712994
 31
0.0
  0
LINE
  5
12C
330
17
100
AcDbEntity
  8
VISIBLE
100
AcDbLine
 10
163.80861339923388
 20
170.9559835712994
 30
0.0
 11
163.21633205768114
 21
170.9559835712994
 31
0.0
  0
LINE
  5
12D
330
17
100
AcDbEntity
  8
VISIBLE
100
AcDbLine
 10
162.66961346026903
 20
170.9559835712994
 30
0.0
 11
163.21633205768114
 21
170.9559835712994
 31
0.0
  0
LINE
  5
12E
330
17
100
AcDbEntity
  8
VISIBLE
100
AcDbLine
 10
162.66961346026903
 20
170.9559835712994
 30
0.0
 11
162.21513424273974
 21
170.9559835712994
 31
0.0
  0
LINE
  5
12F
330
17
100
AcDbEntity
  8
VISIBLE
100
AcDbLine
 10
161.79561291095263
 20
170.9559835712994
 30
0.0
 11
162.21513424273974
 21
170.9559835712994
 31
0.0
  0
LINE
  5
130
330
17
100
AcDbEntity
  8
VISIBLE
100
AcDbLine
 10
161.79561291095263
 20
170.9559835712994
 30
0.0
 11
161.50961361285692
 21
170.9559835712994
 31
0.0
  0
LINE
  5
131
330
17
100
AcDbEntity
  8
VISIBLE
100
AcDbLine
 10
161.24561367389208
 20
170.9559835712994
 30
0.0
 11
161.50961361285692
 21
170.9559835712994
 31
0.0
  0
LINE
  5
132
330
17
100
AcDbEntity
  8
VISIBLE
100
AcDbLine
 10
161.24561367389208
 20
170.9559835712994
 30
0.0
 11
161.14837322589403
 21
170.9559835712994
 31
0.0
  0
LINE
  5
133
330
17
100
AcDbEntity
  8
VISIBLE
100
AcDbLine
 10
161.05861339923388
 20
170.9559835712994
 30
0.0
 11
161.14837322589403
 21
170.9559835712994
 31
0.0
  0
LINE
  5
134
330
17
100
AcDbEntity
  8
VISIBLE
100
AcDbLine
 10
161.05861339923388
 20
170.9559835712994
 30
0.0
 11
161.15585384723192
 21
170.9559835712994
 31
0.0
  0
LINE
  5
135
330
17
100
AcDbEntity
  8
VISIBLE
100
AcDbLine
 10
161.24561367389208
 20
170.9559835712994
 30
0.0
 11
161.15585384723192
 21
170.9559835712994
 31
0.0
  0
LINE
  5
136
330
17
100
AcDbEntity
  8
VISIBLE
100
AcDbLine
 10
161.24561367389208
 20
170.9559835712994
 30
0.0
 11
161.53161297198778
 21
170.9559835712994
 31
0.0
  0
LINE
  5
137
330
17
100
AcDbEntity
  8
VISIBLE
100
AcDbLine
 10
161.79561291095263
 20
170.9559835712994
 30
0.0
 11
161.53161297198778
 21
170.9559835712994
 31
0.0
  0
LINE
  5
138
330
17
100
AcDbEntity
  8
VISIBLE
100
AcDbLine
 10
161.79561291095263
 20
170.9559835712994
 30
0.0
 11
162.25009212848192
 21
170.9559835712994
 31
0.0
  0
LINE
  5
139
330
17
100
AcDbEntity
  8
VISIBLE
100
AcDbLine
 10
162.66961346026903
 20
170.9559835712994
 30
0.0
 11
162.25009212848192
 21
170.9559835712994
 31
0.0
  0
LINE
  5
13A
330
17
100
AcDbEntity
  8
VISIBLE
100
AcDbLine
 10
162.66961346026903
 20
170.9559835712994
 30
0.0
 11
163.26189480182177
 21
170.9559835712994
 31
0.0
  0
LINE
  5
13B
330
17
100
AcDbEntity
  8
VISIBLE
100
AcDbLine
 10
163.80861339923388
 20
170.9559835712994
 30
0.0
 11
163.26189480182177
 21
170.9559835712994
 31
0.0
  0
LINE
  5
13C
330
17
100
AcDbEntity
  8
VISIBLE
100
AcDbLine
 10
163.80861339923388
 20
170.9559835712994
 30
0.0
 11
164.49813518878466
 21
170.9559835712994
 31
0.0
  0
LINE
  5
13D
330
17
100
AcDbEntity
  8
VISIBLE
100
AcDbLine
 10
165.13461361285692
 20
170.9559835712994
 30
0.0
 11
164.49813518878466
 21
170.9559835712994
 31
0.0
  0
LINE
  5
13E
330
17
100
AcDbEntity
  8
VISIBLE
100
AcDbLine
 10
165.13461361285692
 20
170.9559835712994
 30
0.0
 11
165.87509212848192
 21
170.9559835712994
 31
0.0
  0
LINE
  5
13F
330
17
100
AcDbEntity
  8
VISIBLE
100
AcDbLine
 10
166.55861339923388
 20
170.9559835712994
 30
0.0
 11
171.55861339923388
 21
170.9559835712994
 31
0.0
  0
LINE
  5
140
330
17
100
AcDbEntity
  8
VISIBLE
100
AcDbLine
 10
166.55861339923388
 20
170.9559835712994
 30
0.0
 11
165.87509212848192
 21
170.9559835712994
 31
0.0
  0
LINE
  5
141
330
17
100
AcDbEntity
  8
VISIBLE
100
AcDbLine
 10
166.55861339923388
 20
170.9559835712994
 30
0.0
 11
169.15861187335497
 21
170.9559835712994
 31
0.0
  0
LINE
  5
142
330
17
100
AcDbEntity
  8
VISIBLE
100
AcDbLine
 10
171.55861339923388
 20
170.9559835712994
 30
0.0
 11
172.29909191485888
 21
170.9559835712994
 31
0.0
  0
LINE
  5
143
330
17
100
AcDbEntity
  8
VISIBLE
100
AcDbLine
 10
171.55861339923388
 20
170.9559835712994
 30
0.0
 11
169.15861187335497
 21
170.9559835712994
 31
0.0
  0
LINE
  5
144
330
17
100
AcDbEntity
  8
VISIBLE
100
AcDbLine
 10
172.98261318561083
 20
174.9559835712994
 30
0.0
 11
171.84341488238817
 21
174.9559835712994
 31
0.0
  0
LINE
  5
145
330
17
100
AcDbEntity
  8
VISIBLE
100
AcDbLine
 10
172.98261318561083
 20
174.9559835712994
 30
0.0
 11
173.24781475421435
 21
174.9559835712994
 31
0.0
  0
LINE
  5
146
330
17
100
AcDbEntity
  8
VISIBLE
100
AcDbLine
 10
174.30861339923388
 20
174.9559835712994
 30
0.0
 11
173.24781475421435
 21
174.9559835712994
 31
0.0
  0
LINE
  5
147
330
17
100
AcDbEntity
  8
VISIBLE
100
AcDbLine
 10
174.30861339923388
 20
174.9559835712994
 30
0.0
 11
174.53641186114794
 21
174.9559835712994
 31
0.0
  0
LINE
  5
148
330
17
100
AcDbEntity
  8
VISIBLE
100
AcDbLine
 10
175.44761333819872
 20
174.9559835712994
 30
0.0
 11
174.53641186114794
 21
174.9559835712994
 31
0.0
  0
LINE
  5
149
330
17
100
AcDbEntity
  8
VISIBLE
100
AcDbLine
 10
175.44761333819872
 20
174.9559835712994
 30
0.0
 11
175.62241421100146
 21
174.9559835712994
 31
0.0
  0
LINE
  5
14A
330
17
100
AcDbEntity
  8
VISIBLE
100
AcDbLine
 10
176.32161388751513
 20
174.9559835712994
 30
0.0
 11
175.62241421100146
 21
174.9559835712994
 31
0.0
  0
LINE
  5
14B
330
17
100
AcDbEntity
  8
VISIBLE
100
AcDbLine
 10
176.32161388751513
 20
174.9559835712994
 30
0.0
 11
176.4316144978667
 21
174.9559835712994
 31
0.0
  0
LINE
  5
14C
330
17
100
AcDbEntity
  8
VISIBLE
100
AcDbLine
 10
176.87161312457567
 20
174.9559835712994
 30
0.0
 11
176.4316144978667
 21
174.9559835712994
 31
0.0
  0
LINE
  5
14D
330
17
100
AcDbEntity
  8
VISIBLE
100
AcDbLine
 10
176.87161312457567
 20
174.9559835712994
 30
0.0
 11
176.90901241656786
 21
174.9559835712994
 31
0.0
  0
LINE
  5
14E
330
17
100
AcDbEntity
  8
VISIBLE
100
AcDbLine
 10
177.05861339923388
 20
174.9559835712994
 30
0.0
 11
176.90901241656786
 21
174.9559835712994
 31
0.0
  0
LINE
  5
14F
330
17
100
AcDbEntity
  8
VISIBLE
100
AcDbLine
 10
177.05861339923388
 20
174.9559835712994
 30
0.0
 11
177.0212141072417
 21
174.9559835712994
 31
0.0
  0
LINE
  5
150
330
17
100
AcDbEntity
  8
VISIBLE
100
AcDbLine
 10
176.87161312457567
 20
174.9559835712994
 30
0.0
 11
177.0212141072417
 21
174.9559835712994
 31
0.0
  0
LINE
  5
151
330
17
100
AcDbEntity
  8
VISIBLE
100
AcDbLine
 10
176.87161312457567
 20
174.9559835712994
 30
0.0
 11
176.7616125142241
 21
174.9559835712994
 31
0.0
  0
LINE
  5
152
330
17
100
AcDbEntity
  8
VISIBLE
100
AcDbLine
 10
176.32161388751513
 20
174.9559835712994
 30
0.0
 11
176.7616125142241
 21
174.9559835712994
 31
0.0
  0
LINE
  5
153
330
17
100
AcDbEntity
  8
VISIBLE
100
AcDbLine
 10
176.32161388751513
 20
174.9559835712994
 30
0.0
 11
176.1468130147124
 21
174.9559835712994
 31
0.0
  0
LINE
  5
154
330
17
100
AcDbEntity
  8
VISIBLE
100
AcDbLine
 10
175.44761333819872
 20
174.9559835712994
 30
0.0
 11
176.1468130147124
 21
174.9559835712994
 31
0.0
  0
LINE
  5
155
330
17
100
AcDbEntity
  8
VISIBLE
100
AcDbLine
 10
175.44761333819872
 20
174.9559835712994
 30
0.0
 11
175.21981487628466
 21
174.9559835712994
 31
0.0
  0
LINE
  5
156
330
17
100
AcDbEntity
  8
VISIBLE
100
AcDbLine
 10
174.30861339923388
 20
174.9559835712994
 30
0.0
 11
175.21981487628466
 21
174.9559835712994
 31
0.0
  0
LINE
  5
157
330
17
100
AcDbEntity
  8
VISIBLE
100
AcDbLine
 10
174.30861339923388
 20
174.9559835712994
 30
0.0
 11
174.04341183063036
 21
174.9559835712994
 31
0.0
  0
LINE
  5
158
330
17
100
AcDbEntity
  8
VISIBLE
100
AcDbLine
 10
172.98261318561083
 20
174.9559835712994
 30
0.0
 11
174.04341183063036
 21
174.9559835712994
 31
0.0
  0
LINE
  5
159
330
17
100
AcDbEntity
  8
VISIBLE
100
AcDbLine
 10
172.98261318561083
 20
174.9559835712994
 30
0.0
 11
172.69781170245653
 21
174.9559835712994
 31
0.0
  0
LINE
  5
15A
330
17
100
AcDbEntity
  8
VISIBLE
100
AcDbLine
 10
171.55861339923388
 20
174.9559835712994
 30
0.0
 11
172.69781170245653
 21
174.9559835712994
 31
0.0
  0
LINE
  5
15B
330
17
100
AcDbEntity
  8
VISIBLE
100
AcDbLine
 10
171.55861339923388
 20
174.9559835712994
 30
0.0
 11
170.55861339923388
 21
174.9559835712994
 31
0.0
  0
LINE
  5
15C
330
17
100
AcDbEntity
  8
VISIBLE
100
AcDbLine
 10
77.34815273639208
 20
174.9559835712994
 30
0.0
 11
79.44761333819872
 21
174.9559835712994
 31
0.0
  0
LINE
  5
15D
330
17
100
AcDbEntity
  8
VISIBLE
100
AcDbLine
 10
76.53177318927294
 20
174.9559835712994
 30
0.0
 11
78.30861339923388
 21
174.9559835712994
 31
0.0
  0
LINE
  5
15E
330
17
100
AcDbEntity
  8
VISIBLE
100
AcDbLine
 10
75.55861339923388
 20
174.9559835712994
 30
0.0
 11
76.98261318561083
 21
174.9559835712994
 31
0.0
  0
LINE
  5
15F
330
17
100
AcDbEntity
  8
VISIBLE
100
AcDbLine
 10
75.55861339923388
 20
174.9559835712994
 30
0.0
 11
76.69781170245653
 21
174.9559835712994
 31
0.0
  0
LINE
  5
160
330
17
100
AcDbEntity
  8
VISIBLE
100
AcDbLine
 10
75.55861339923388
 20
174.9559835712994
 30
0.0
 11
74.55861339923388
 21
174.9559835712994
 31
0.0
  0
LINE
  5
161
330
17
100
AcDbEntity
  8
VISIBLE
100
AcDbLine
 10
166.55861339923388
 20
174.9559835712994
 30
0.0
 11
170.55861339923388
 21
174.9559835712994
 31
0.0
  0
LINE
  5
162
330
17
100
AcDbEntity
  8
VISIBLE
100
AcDbLine
 10
166.55861339923388
 20
174.9559835712994
 30
0.0
 11
166.27381191607958
 21
174.9559835712994
 31
0.0
  0
LINE
  5
163
330
17
100
AcDbEntity
  8
VISIBLE
100
AcDbLine
 10
76.98261318561083
 20
174.9559835712994
 30
0.0
 11
75.84341488238817
 21
174.9559835712994
 31
0.0
  0
LINE
  5
164
330
17
100
AcDbEntity
  8
VISIBLE
100
AcDbLine
 10
76.98261318561083
 20
174.9559835712994
 30
0.0
 11
77.24781475421435
 21
174.9559835712994
 31
0.0
  0
LINE
  5
165
330
17
100
AcDbEntity
  8
VISIBLE
100
AcDbLine
 10
78.30861339923388
 20
174.9559835712994
 30
0.0
 11
77.24781475421435
 21
174.9559835712994
 31
0.0
  0
LINE
  5
166
330
17
100
AcDbEntity
  8
VISIBLE
100
AcDbLine
 10
78.30861339923388
 20
174.9559835712994
 30
0.0
 11
78.53641186114794
 21
174.9559835712994
 31
0.0
  0
LINE
  5
167
330
17
100
AcDbEntity
  8
VISIBLE
100
AcDbLine
 10
79.44761333819872
 20
174.9559835712994
 30
0.0
 11
78.53641186114794
 21
174.9559835712994
 31
0.0
  0
LINE
  5
168
330
17
100
AcDbEntity
  8
VISIBLE
100
AcDbLine
 10
79.44761333819872
 20
174.9559835712994
 30
0.0
 11
79.62241421100146
 21
174.9559835712994
 31
0.0
  0
LINE
  5
169
330
17
100
AcDbEntity
  8
VISIBLE
100
AcDbLine
 10
80.32161388751513
 20
174.9559835712994
 30
0.0
 11
79.62241421100146
 21
174.9559835712994
 31
0.0
  0
LINE
  5
16A
330
17
100
AcDbEntity
  8
VISIBLE
100
AcDbLine
 10
80.32161388751513
 20
174.9559835712994
 30
0.0
 11
80.43161449786669
 21
174.9559835712994
 31
0.0
  0
LINE
  5
16B
330
17
100
AcDbEntity
  8
VISIBLE
100
AcDbLine
 10
80.87161312457567
 20
174.9559835712994
 30
0.0
 11
81.2921987568999
 21
174.9559835712994
 31
0.0
  0
LINE
  5
16C
330
17
100
AcDbEntity
  8
VISIBLE
100
AcDbLine
 10
80.87161312457567
 20
174.9559835712994
 30
0.0
 11
80.43161449786669
 21
174.9559835712994
 31
0.0
  0
LINE
  5
16D
330
17
100
AcDbEntity
  8
VISIBLE
100
AcDbLine
 10
80.87161312457567
 20
174.9559835712994
 30
0.0
 11
80.90901241656786
 21
174.9559835712994
 31
0.0
  0
LINE
  5
16E
330
17
100
AcDbEntity
  8
VISIBLE
100
AcDbLine
 10
81.05861339923388
 20
174.9559835712994
 30
0.0
 11
80.81259212848192
 21
174.9559835712994
 31
0.0
  0
LINE
  5
16F
330
17
100
AcDbEntity
  8
VISIBLE
100
AcDbLine
 10
81.05861339923388
 20
174.9559835712994
 30
0.0
 11
80.90901241656786
 21
174.9559835712994
 31
0.0
  0
LINE
  5
170
330
17
100
AcDbEntity
  8
VISIBLE
100
AcDbLine
 10
81.05861339923388
 20
174.9559835712994
 30
0.0
 11
81.02121410724169
 21
174.9559835712994
 31
0.0
  0
LINE
  5
171
330
17
100
AcDbEntity
  8
VISIBLE
100
AcDbLine
 10
80.87161312457567
 20
174.9559835712994
 30
0.0
 11
80.67382488605028
 21
174.9559835712994
 31
0.0
  0
LINE
  5
172
330
17
100
AcDbEntity
  8
VISIBLE
100
AcDbLine
 10
80.87161312457567
 20
174.9559835712994
 30
0.0
 11
81.02121410724169
 21
174.9559835712994
 31
0.0
  0
LINE
  5
173
330
17
100
AcDbEntity
  8
VISIBLE
100
AcDbLine
 10
80.87161312457567
 20
174.9559835712994
 30
0.0
 11
80.76161251422411
 21
174.9559835712994
 31
0.0
  0
LINE
  5
174
330
17
100
AcDbEntity
  8
VISIBLE
100
AcDbLine
 10
80.32161388751513
 20
174.9559835712994
 30
0.0
 11
80.76161251422411
 21
174.9559835712994
 31
0.0
  0
LINE
  5
175
330
17
100
AcDbEntity
  8
VISIBLE
100
AcDbLine
 10
80.32161388751513
 20
174.9559835712994
 30
0.0
 11
80.1468130147124
 21
174.9559835712994
 31
0.0
  0
LINE
  5
176
330
17
100
AcDbEntity
  8
VISIBLE
100
AcDbLine
 10
79.44761333819872
 20
174.9559835712994
 30
0.0
 11
80.1468130147124
 21
174.9559835712994
 31
0.0
  0
LINE
  5
177
330
17
100
AcDbEntity
  8
VISIBLE
100
AcDbLine
 10
79.44761333819872
 20
174.9559835712994
 30
0.0
 11
79.21981487628466
 21
174.9559835712994
 31
0.0
  0
LINE
  5
178
330
17
100
AcDbEntity
  8
VISIBLE
100
AcDbLine
 10
78.30861339923388
 20
174.9559835712994
 30
0.0
 11
79.21981487628466
 21
174.9559835712994
 31
0.0
  0
LINE
  5
179
330
17
100
AcDbEntity
  8
VISIBLE
100
AcDbLine
 10
78.30861339923388
 20
174.9559835712994
 30
0.0
 11
78.04341183063036
 21
174.9559835712994
 31
0.0
  0
LINE
  5
17A
330
17
100
AcDbEntity
  8
VISIBLE
100
AcDbLine
 10
76.98261318561083
 20
174.9559835712994
 30
0.0
 11
78.04341183063036
 21
174.9559835712994
 31
0.0
  0
LINE
  5
17B
330
17
100
AcDbEntity
  8
VISIBLE
100
AcDbLine
 10
76.98261318561083
 20
174.9559835712994
 30
0.0
 11
76.69781170245653
 21
174.9559835712994
 31
0.0
  0
LINE
  5
17C
330
17
100
AcDbEntity
  8
VISIBLE
100
AcDbLine
 10
70.55861339923388
 20
174.9559835712994
 30
0.0
 11
74.55861339923388
 21
174.9559835712994
 31
0.0
  0
LINE
  5
17D
330
17
100
AcDbEntity
  8
VISIBLE
100
AcDbLine
 10
70.55861339923388
 20
174.9559835712994
 30
0.0
 11
70.27381191607958
 21
174.9559835712994
 31
0.0
  0
LINE
  5
17E
330
17
100
AcDbEntity
  8
VISIBLE
100
AcDbLine
 10
67.28316173907763
 20
174.9559835712994
 30
0.0
 11
69.13461361285692
 21
174.9559835712994
 31
0.0
  0
LINE
  5
17F
330
17
100
AcDbEntity
  8
VISIBLE
100
AcDbLine
 10
69.13461361285692
 20
174.9559835712994
 30
0.0
 11
70.27381191607958
 21
174.9559835712994
 31
0.0
  0
LINE
  5
180
330
17
100
AcDbEntity
  8
VISIBLE
100
AcDbLine
 10
69.13461361285692
 20
174.9559835712994
 30
0.0
 11
68.86941204425341
 21
174.9559835712994
 31
0.0
  0
LINE
  5
181
330
17
100
AcDbEntity
  8
VISIBLE
100
AcDbLine
 10
67.4751707112456
 20
174.9559835712994
 30
0.0
 11
67.80861339923388
 21
174.9559835712994
 31
0.0
  0
LINE
  5
182
330
17
100
AcDbEntity
  8
VISIBLE
100
AcDbLine
 10
67.80861339923388
 20
174.9559835712994
 30
0.0
 11
68.86941204425341
 21
174.9559835712994
 31
0.0
  0
LINE
  5
183
330
17
100
AcDbEntity
  8
VISIBLE
100
AcDbLine
 10
67.80861339923388
 20
174.9559835712994
 30
0.0
 11
67.58081493731981
 21
174.9559835712994
 31
0.0
  0
LINE
  5
184
330
17
100
AcDbEntity
  8
VISIBLE
100
AcDbLine
 10
66.66961346026903
 20
174.9559835712994
 30
0.0
 11
67.58081493731981
 21
174.9559835712994
 31
0.0
  0
LINE
  5
185
330
17
100
AcDbEntity
  8
VISIBLE
100
AcDbLine
 10
66.66961346026903
 20
174.9559835712994
 30
0.0
 11
66.4948125874663
 21
174.9559835712994
 31
0.0
  0
LINE
  5
186
330
17
100
AcDbEntity
  8
VISIBLE
100
AcDbLine
 10
65.79561291095263
 20
174.9559835712994
 30
0.0
 11
66.4948125874663
 21
174.9559835712994
 31
0.0
  0
LINE
  5
187
330
17
100
AcDbEntity
  8
VISIBLE
100
AcDbLine
 10
65.79561291095263
 20
174.9559835712994
 30
0.0
 11
65.68561230060106
 21
174.9559835712994
 31
0.0
  0
LINE
  5
188
330
17
100
AcDbEntity
  8
VISIBLE
100
AcDbLine
 10
65.24561367389208
 20
174.9559835712994
 30
0.0
 11
65.68561230060106
 21
174.9559835712994
 31
0.0
  0
LINE
  5
189
330
17
100
AcDbEntity
  8
VISIBLE
100
AcDbLine
 10
65.24561367389208
 20
174.9559835712994
 30
0.0
 11
65.2082143818999
 21
174.9559835712994
 31
0.0
  0
LINE
  5
18A
330
17
100
AcDbEntity
  8
VISIBLE
100
AcDbLine
 10
65.05861339923388
 20
174.9559835712994
 30
0.0
 11
65.2082143818999
 21
174.9559835712994
 31
0.0
  0
LINE
  5
18B
330
17
100
AcDbEntity
  8
VISIBLE
100
AcDbLine
 10
65.05861339923388
 20
174.9559835712994
 30
0.0
 11
65.09601269122606
 21
174.9559835712994
 31
0.0
  0
LINE
  5
18C
330
17
100
AcDbEntity
  8
VISIBLE
100
AcDbLine
 10
65.24561367389208
 20
174.9559835712994
 30
0.0
 11
65.09601269122606
 21
174.9559835712994
 31
0.0
  0
LINE
  5
18D
330
17
100
AcDbEntity
  8
VISIBLE
100
AcDbLine
 10
65.24561367389208
 20
174.9559835712994
 30
0.0
 11
65.35561428424364
 21
174.9559835712994
 31
0.0
  0
LINE
  5
18E
330
17
100
AcDbEntity
  8
VISIBLE
100
AcDbLine
 10
65.79561291095263
 20
174.9559835712994
 30
0.0
 11
65.35561428424364
 21
174.9559835712994
 31
0.0
  0
LINE
  5
18F
330
17
100
AcDbEntity
  8
VISIBLE
100
AcDbLine
 10
65.79561291095263
 20
174.9559835712994
 30
0.0
 11
65.97041378375536
 21
174.9559835712994
 31
0.0
  0
LINE
  5
190
330
17
100
AcDbEntity
  8
VISIBLE
100
AcDbLine
 10
66.66961346026903
 20
174.9559835712994
 30
0.0
 11
65.97041378375536
 21
174.9559835712994
 31
0.0
  0
LINE
  5
191
330
17
100
AcDbEntity
  8
VISIBLE
100
AcDbLine
 10
66.66961346026903
 20
174.9559835712994
 30
0.0
 11
66.8974119221831
 21
174.9559835712994
 31
0.0
  0
LINE
  5
192
330
17
100
AcDbEntity
  8
VISIBLE
100
AcDbLine
 10
67.80861339923388
 20
174.9559835712994
 30
0.0
 11
66.8974119221831
 21
174.9559835712994
 31
0.0
  0
LINE
  5
193
330
17
100
AcDbEntity
  8
VISIBLE
100
AcDbLine
 10
67.80861339923388
 20
174.9559835712994
 30
0.0
 11
68.0738149678374
 21
174.9559835712994
 31
0.0
  0
LINE
  5
194
330
17
100
AcDbEntity
  8
VISIBLE
100
AcDbLine
 10
69.13461361285692
 20
174.9559835712994
 30
0.0
 11
68.0738149678374
 21
174.9559835712994
 31
0.0
  0
LINE
  5
195
330
17
100
AcDbEntity
  8
VISIBLE
100
AcDbLine
 10
69.13461361285692
 20
174.9559835712994
 30
0.0
 11
69.41941509601122
 21
174.9559835712994
 31
0.0
  0
LINE
  5
196
330
17
100
AcDbEntity
  8
VISIBLE
100
AcDbLine
 10
70.55861339923388
 20
174.9559835712994
 30
0.0
 11
75.55861339923388
 21
174.9559835712994
 31
0.0
  0
LINE
  5
197
330
17
100
AcDbEntity
  8
VISIBLE
100
AcDbLine
 10
70.55861339923388
 20
174.9559835712994
 30
0.0
 11
69.41941509601122
 21
174.9559835712994
 31
0.0
  0
LINE
  5
198
330
17
100
AcDbEntity
  8
VISIBLE
100
AcDbLine
 10
70.55861339923388
 20
174.9559835712994
 30
0.0
 11
71.55861339923388
 21
174.9559835712994
 31
0.0
  0
LINE
  5
199
330
17
100
AcDbEntity
  8
VISIBLE
100
AcDbLine
 10
75.55861339923388
 20
174.9559835712994
 30
0.0
 11
75.84341488238817
 21
174.9559835712994
 31
0.0
  0
LINE
  5
19A
330
17
100
AcDbEntity
  8
VISIBLE
100
AcDbLine
 10
75.55861339923388
 20
174.9559835712994
 30
0.0
 11
71.55861339923388
 21
174.9559835712994
 31
0.0
  0
LINE
  5
19B
330
17
100
AcDbEntity
  8
VISIBLE
100
AcDbLine
 10
165.13461361285692
 20
174.9559835712994
 30
0.0
 11
166.27381191607958
 21
174.9559835712994
 31
0.0
  0
LINE
  5
19C
330
17
100
AcDbEntity
  8
VISIBLE
100
AcDbLine
 10
165.13461361285692
 20
174.9559835712994
 30
0.0
 11
164.8694120442534
 21
174.9559835712994
 31
0.0
  0
LINE
  5
19D
330
17
100
AcDbEntity
  8
VISIBLE
100
AcDbLine
 10
163.80861339923388
 20
174.9559835712994
 30
0.0
 11
164.8694120442534
 21
174.9559835712994
 31
0.0
  0
LINE
  5
19E
330
17
100
AcDbEntity
  8
VISIBLE
100
AcDbLine
 10
163.80861339923388
 20
174.9559835712994
 30
0.0
 11
163.58081493731981
 21
174.9559835712994
 31
0.0
  0
LINE
  5
19F
330
17
100
AcDbEntity
  8
VISIBLE
100
AcDbLine
 10
162.66961346026903
 20
174.9559835712994
 30
0.0
 11
163.58081493731981
 21
174.9559835712994
 31
0.0
  0
LINE
  5
1A0
330
17
100
AcDbEntity
  8
VISIBLE
100
AcDbLine
 10
162.66961346026903
 20
174.9559835712994
 30
0.0
 11
162.4948125874663
 21
174.9559835712994
 31
0.0
  0
LINE
  5
1A1
330
17
100
AcDbEntity
  8
VISIBLE
100
AcDbLine
 10
161.79561291095263
 20
174.9559835712994
 30
0.0
 11
162.4948125874663
 21
174.9559835712994
 31
0.0
  0
LINE
  5
1A2
330
17
100
AcDbEntity
  8
VISIBLE
100
AcDbLine
 10
161.79561291095263
 20
174.9559835712994
 30
0.0
 11
161.68561230060106
 21
174.9559835712994
 31
0.0
  0
LINE
  5
1A3
330
17
100
AcDbEntity
  8
VISIBLE
100
AcDbLine
 10
161.24561367389208
 20
174.9559835712994
 30
0.0
 11
161.68561230060106
 21
174.9559835712994
 31
0.0
  0
LINE
  5
1A4
330
17
100
AcDbEntity
  8
VISIBLE
100
AcDbLine
 10
161.24561367389208
 20
174.9559835712994
 30
0.0
 11
161.2082143818999
 21
174.9559835712994
 31
0.0
  0
LINE
  5
1A5
330
17
100
AcDbEntity
  8
VISIBLE
100
AcDbLine
 10
161.05861339923388
 20
174.9559835712994
 30
0.0
 11
161.2082143818999
 21
174.9559835712994
 31
0.0
  0
LINE
  5
1A6
330
17
100
AcDbEntity
  8
VISIBLE
100
AcDbLine
 10
161.05861339923388
 20
174.9559835712994
 30
0.0
 11
161.09601269122606
 21
174.9559835712994
 31
0.0
  0
LINE
  5
1A7
330
17
100
AcDbEntity
  8
VISIBLE
100
AcDbLine
 10
161.24561367389208
 20
174.9559835712994
 30
0.0
 11
161.09601269122606
 21
174.9559835712994
 31
0.0
  0
LINE
  5
1A8
330
17
100
AcDbEntity
  8
VISIBLE
100
AcDbLine
 10
161.24561367389208
 20
174.9559835712994
 30
0.0
 11
161.35561428424364
 21
174.9559835712994
 31
0.0
  0
LINE
  5
1A9
330
17
100
AcDbEntity
  8
VISIBLE
100
AcDbLine
 10
161.79561291095263
 20
174.9559835712994
 30
0.0
 11
161.35561428424364
 21
174.9559835712994
 31
0.0
  0
LINE
  5
1AA
330
17
100
AcDbEntity
  8
VISIBLE
100
AcDbLine
 10
161.79561291095263
 20
174.9559835712994
 30
0.0
 11
161.97041378375536
 21
174.9559835712994
 31
0.0
  0
LINE
  5
1AB
330
17
100
AcDbEntity
  8
VISIBLE
100
AcDbLine
 10
162.66961346026903
 20
174.9559835712994
 30
0.0
 11
161.97041378375536
 21
174.9559835712994
 31
0.0
  0
LINE
  5
1AC
330
17
100
AcDbEntity
  8
VISIBLE
100
AcDbLine
 10
162.66961346026903
 20
174.9559835712994
 30
0.0
 11
162.8974119221831
 21
174.9559835712994
 31
0.0
  0
LINE
  5
1AD
330
17
100
AcDbEntity
  8
VISIBLE
100
AcDbLine
 10
163.80861339923388
 20
174.9559835712994
 30
0.0
 11
162.8974119221831
 21
174.9559835712994
 31
0.0
  0
LINE
  5
1AE
330
17
100
AcDbEntity
  8
VISIBLE
100
AcDbLine
 10
163.80861339923388
 20
174.9559835712994
 30
0.0
 11
164.0738149678374
 21
174.9559835712994
 31
0.0
  0
LINE
  5
1AF
330
17
100
AcDbEntity
  8
VISIBLE
100
AcDbLine
 10
165.13461361285692
 20
174.9559835712994
 30
0.0
 11
164.0738149678374
 21
174.9559835712994
 31
0.0
  0
LINE
  5
1B0
330
17
100
AcDbEntity
  8
VISIBLE
100
AcDbLine
 10
165.13461361285692
 20
174.9559835712994
 30
0.0
 11
165.41941509601122
 21
174.9559835712994
 31
0.0
  0
LINE
  5
1B1
330
17
100
AcDbEntity
  8
VISIBLE
100
AcDbLine
 10
166.55861339923388
 20
174.9559835712994
 30
0.0
 11
171.55861339923388
 21
174.9559835712994
 31
0.0
  0
LINE
  5
1B2
330
17
100
AcDbEntity
  8
VISIBLE
100
AcDbLine
 10
166.55861339923388
 20
174.9559835712994
 30
0.0
 11
165.41941509601122
 21
174.9559835712994
 31
0.0
  0
LINE
  5
1B3
330
17
100
AcDbEntity
  8
VISIBLE
100
AcDbLine
 10
166.55861339923388
 20
174.9559835712994
 30
0.0
 11
167.55861339923388
 21
174.9559835712994
 31
0.0
  0
LINE
  5
1B4
330
17
100
AcDbEntity
  8
VISIBLE
100
AcDbLine
 10
171.55861339923388
 20
174.9559835712994
 30
0.0
 11
171.84341488238817
 21
174.9559835712994
 31
0.0
  0
LINE
  5
1B5
330
17
100
AcDbEntity
  8
VISIBLE
100
AcDbLine
 10
171.55861339923388
 20
174.9559835712994
 30
0.0
 11
167.55861339923388
 21
174.9559835712994
 31
0.0
  0
LINE
  5
1B6
330
17
100
AcDbEntity
  8
VISIBLE
100
AcDbLine
 10
56.058613548672
 20
170.95598372073752
 30
0.0
 11
56.05861339923388
 21
170.95598676262046
 31
0.0
  0
LINE
  5
1B7
330
17
100
AcDbEntity
  8
VISIBLE
100
AcDbLine
 10
56.05861339923388
 20
170.95598676262046
 30
0.0
 11
56.05861339923388
 21
174.95598037997837
 31
0.0
  0
LINE
  5
1B8
330
17
100
AcDbEntity
  8
VISIBLE
100
AcDbLine
 10
56.05861339923388
 20
174.95598037997837
 30
0.0
 11
56.058613548672
 21
174.9559834218613
 31
0.0
  0
LINE
  5
1B9
330
17
100
AcDbEntity
  8
VISIBLE
100
AcDbLine
 10
56.058613548672
 20
174.9559834218613
 30
0.0
 11
56.058616590554735
 21
174.9559835712994
 31
0.0
  0
LINE
  5
1BA
330
17
100
AcDbEntity
  8
VISIBLE
100
AcDbLine
 10
56.058616590554735
 20
174.9559835712994
 30
0.0
 11
186.05861020791303
 21
174.9559835712994
 31
0.0
  0
LINE
  5
1BB
330
17
100
AcDbEntity
  8
VISIBLE
100
AcDbLine
 10
186.05861020791303
 20
174.9559835712994
 30
0.0
 11
186.05861324979577
 21
174.9559834218613
 31
0.0
  0
LINE
  5
1BC
330
17
100
AcDbEntity
  8
VISIBLE
100
AcDbLine
 10
186.05861324979577
 20
174.9559834218613
 30
0.0
 11
186.05861339923388
 21
174.95598037997837
 31
0.0
  0
LINE
  5
1BD
330
17
100
AcDbEntity
  8
VISIBLE
100
AcDbLine
 10
186.05861339923388
 20
174.95598037997837
 30
0.0
 11
186.05861339923388
 21
170.95598676262046
 31
0.0
  0
LINE
  5
1BE
330
17
100
AcDbEntity
  8
VISIBLE
100
AcDbLine
 10
186.05861339923388
 20
170.95598676262046
 30
0.0
 11
186.05861324979577
 21
170.95598372073752
 31
0.0
  0
LINE
  5
1BF
330
17
100
AcDbEntity
  8
VISIBLE
100
AcDbLine
 10
186.05861324979577
 20
170.95598372073752
 30
0.0
 11
186.058610207913
 21
170.9559835712994
 31
0.0
  0
LINE
  5
1C0
330
17
100
AcDbEntity
  8
VISIBLE
100
AcDbLine
 10
186.058610207913
 20
170.9559835712994
 30
0.0
 11
56.05861659055475
 21
170.9559835712994
 31
0.0
  0
LINE
  5
1C1
330
17
100
AcDbEntity
  8
VISIBLE
100
AcDbLine
 10
56.05861659055475
 20
170.9559835712994
 30
0.0
 11
56.058613548672
 21
170.95598372073752
 31
0.0
  0
LINE
  5
1C2
330
17
100
AcDbEntity
  8
OCULTA
100
AcDbLine
 10
186.05861339923388
 20
170.9559835712994
 30
0.0
 11
186.05157146808153
 21
170.9559835712994
 31
0.0
  0
LINE
  5
1C3
330
17
100
AcDbEntity
  8
OCULTA
100
AcDbLine
 10
186.05157146808153
 20
170.9559835712994
 30
0.0
 11
185.91361675616747
 21
170.9559835712994
 31
0.0
  0
LINE
  5
1C4
330
17
100
AcDbEntity
  8
OCULTA
100
AcDbLine
 10
185.58164654132372
 20
170.9559835712994
 30
0.0
 11
185.91361675616747
 21
170.9559835712994
 31
0.0
  0
LINE
  5
1C5
330
17
100
AcDbEntity
  8
OCULTA
100
AcDbLine
 10
185.58164654132372
 20
170.9559835712994
 30
0.0
 11
185.47961101886278
 21
170.9559835712994
 31
0.0
  0
LINE
  5
1C6
330
17
100
AcDbEntity
  8
OCULTA
100
AcDbLine
 10
185.47961101886278
 20
170.9559835712994
 30
0.0
 11
184.76461468097216
 21
170.9559835712994
 31
0.0
  0
LINE
  5
1C7
330
17
100
AcDbEntity
  8
OCULTA
100
AcDbLine
 10
184.23994884845263
 20
170.9559835712994
 30
0.0
 11
184.76461468097216
 21
170.9559835712994
 31
0.0
  0
LINE
  5
1C8
330
17
100
AcDbEntity
  8
OCULTA
100
AcDbLine
 10
184.23994884845263
 20
170.9559835712994
 30
0.0
 11
183.7806135213042
 21
170.9559835712994
 31
0.0
  0
LINE
  5
1C9
330
17
100
AcDbEntity
  8
OCULTA
100
AcDbLine
 10
183.7806135213042
 20
170.9559835712994
 30
0.0
 11
183.65060100909716
 21
170.9559835712994
 31
0.0
  0
LINE
  5
1CA
330
17
100
AcDbEntity
  8
OCULTA
100
AcDbLine
 10
183.65060100909716
 20
170.9559835712994
 30
0.0
 11
182.54561291095263
 21
170.9559835712994
 31
0.0
  0
LINE
  5
1CB
330
17
100
AcDbEntity
  8
OCULTA
100
AcDbLine
 10
182.00878200885302
 20
170.9559835712994
 30
0.0
 11
182.54561291095263
 21
170.9559835712994
 31
0.0
  0
LINE
  5
1CC
330
17
100
AcDbEntity
  8
OCULTA
100
AcDbLine
 10
182.00878200885302
 20
170.9559835712994
 30
0.0
 11
181.07961330768114
 21
170.9559835712994
 31
0.0
  0
LINE
  5
1CD
330
17
100
AcDbEntity
  8
OCULTA
100
AcDbLine
 10
181.07961330768114
 20
170.9559835712994
 30
0.0
 11
179.40761242267138
 21
170.9559835712994
 31
0.0
  0
LINE
  5
1CE
330
17
100
AcDbEntity
  8
OCULTA
100
AcDbLine
 10
178.87633190509325
 20
170.9559835712994
 30
0.0
 11
179.40761242267138
 21
170.9559835712994
 31
0.0
  0
LINE
  5
1CF
330
17
100
AcDbEntity
  8
OCULTA
100
AcDbLine
 10
178.87633190509325
 20
170.9559835712994
 30
0.0
 11
177.55861339923388
 21
170.9559835712994
 31
0.0
  0
LINE
  5
1D0
330
17
100
AcDbEntity
  8
OCULTA
100
AcDbLine
 10
177.55861339923388
 20
170.9559835712994
 30
0.0
 11
175.5646139180327
 21
170.9559835712994
 31
0.0
  0
LINE
  5
1D1
330
17
100
AcDbEntity
  8
OCULTA
100
AcDbLine
 10
174.9695669209624
 20
170.9559835712994
 30
0.0
 11
175.5646139180327
 21
170.9559835712994
 31
0.0
  0
LINE
  5
1D2
330
17
100
AcDbEntity
  8
OCULTA
100
AcDbLine
 10
174.9695669209624
 20
170.9559835712994
 30
0.0
 11
173.45861492511278
 21
170.9559835712994
 31
0.0
  0
LINE
  5
1D3
330
17
100
AcDbEntity
  8
OCULTA
100
AcDbLine
 10
173.45861492511278
 20
170.9559835712994
 30
0.0
 11
171.2776151692534
 21
170.9559835712994
 31
0.0
  0
LINE
  5
1D4
330
17
100
AcDbEntity
  8
OCULTA
100
AcDbLine
 10
170.44866237994677
 20
170.9559835712994
 30
0.0
 11
171.2776151692534
 21
170.9559835712994
 31
0.0
  0
LINE
  5
1D5
330
17
100
AcDbEntity
  8
OCULTA
100
AcDbLine
 10
170.44866237994677
 20
170.9559835712994
 30
0.0
 11
169.05861339923388
 21
170.9559835712994
 31
0.0
  0
LINE
  5
1D6
330
17
100
AcDbEntity
  8
OCULTA
100
AcDbLine
 10
169.05861339923388
 20
170.9559835712994
 30
0.0
 11
165.387013057437
 21
170.9559835712994
 31
0.0
  0
LINE
  5
1D7
330
17
100
AcDbEntity
  8
OCULTA
100
AcDbLine
 10
165.387013057437
 20
170.9559835712994
 30
0.0
 11
158.3613134419585
 21
170.9559835712994
 31
0.0
  0
LINE
  5
1D8
330
17
100
AcDbEntity
  8
OCULTA
100
AcDbLine
 10
158.3613134419585
 20
170.9559835712994
 30
0.0
 11
144.8063245808745
 21
170.9559835712994
 31
0.0
  0
LINE
  5
1D9
330
17
100
AcDbEntity
  8
OCULTA
100
AcDbLine
 10
144.8063245808745
 20
170.9559835712994
 30
0.0
 11
130.77721844073778
 21
170.9559835712994
 31
0.0
  0
LINE
  5
1DA
330
17
100
AcDbEntity
  8
OCULTA
100
AcDbLine
 10
130.77721844073778
 20
170.9559835712994
 30
0.0
 11
106.67023048755175
 21
170.9559835712994
 31
0.0
  0
LINE
  5
1DB
330
17
100
AcDbEntity
  8
OCULTA
100
AcDbLine
 10
106.67023048755175
 20
170.9559835712994
 30
0.0
 11
95.47658405658251
 21
170.9559835712994
 31
0.0
  0
LINE
  5
1DC
330
17
100
AcDbEntity
  8
OCULTA
100
AcDbLine
 10
95.47658405658251
 20
170.9559835712994
 30
0.0
 11
88.51353512164599
 21
170.9559835712994
 31
0.0
  0
LINE
  5
1DD
330
17
100
AcDbEntity
  8
OCULTA
100
AcDbLine
 10
88.51353512164599
 20
170.9559835712994
 30
0.0
 11
83.98634014483935
 21
170.9559835712994
 31
0.0
  0
LINE
  5
1DE
330
17
100
AcDbEntity
  8
OCULTA
100
AcDbLine
 10
83.98634014483935
 20
170.9559835712994
 30
0.0
 11
83.29106197711474
 21
170.9559835712994
 31
0.0
  0
LINE
  5
1DF
330
17
100
AcDbEntity
  8
OCULTA
100
AcDbLine
 10
83.29106197711474
 20
170.9559835712994
 30
0.0
 11
78.82616482135302
 21
170.9559835712994
 31
0.0
  0
LINE
  5
1E0
330
17
100
AcDbEntity
  8
OCULTA
100
AcDbLine
 10
78.82616482135302
 20
170.9559835712994
 30
0.0
 11
74.41098842975146
 21
170.9559835712994
 31
0.0
  0
LINE
  5
1E1
330
17
100
AcDbEntity
  8
OCULTA
100
AcDbLine
 10
74.41098842975146
 20
170.9559835712994
 30
0.0
 11
73.05861339923388
 21
170.9559835712994
 31
0.0
  0
LINE
  5
1E2
330
17
100
AcDbEntity
  8
OCULTA
100
AcDbLine
 10
70.83961162921435
 20
170.9559835712994
 30
0.0
 11
73.05861339923388
 21
170.9559835712994
 31
0.0
  0
LINE
  5
1E3
330
17
100
AcDbEntity
  8
OCULTA
100
AcDbLine
 10
70.83961162921435
 20
170.9559835712994
 30
0.0
 11
69.67596111651903
 21
170.9559835712994
 31
0.0
  0
LINE
  5
1E4
330
17
100
AcDbEntity
  8
OCULTA
100
AcDbLine
 10
69.67596111651903
 20
170.9559835712994
 30
0.0
 11
68.65861187335497
 21
170.9559835712994
 31
0.0
  0
LINE
  5
1E5
330
17
100
AcDbEntity
  8
OCULTA
100
AcDbLine
 10
66.55261288043505
 20
170.9559835712994
 30
0.0
 11
68.65861187335497
 21
170.9559835712994
 31
0.0
  0
LINE
  5
1E6
330
17
100
AcDbEntity
  8
OCULTA
100
AcDbLine
 10
66.55261288043505
 20
170.9559835712994
 30
0.0
 11
65.02808819171435
 21
170.9559835712994
 31
0.0
  0
LINE
  5
1E7
330
17
100
AcDbEntity
  8
OCULTA
100
AcDbLine
 10
65.02808819171435
 20
170.9559835712994
 30
0.0
 11
64.55861339923388
 21
170.9559835712994
 31
0.0
  0
LINE
  5
1E8
330
17
100
AcDbEntity
  8
OCULTA
100
AcDbLine
 10
62.70961437579638
 20
170.9559835712994
 30
0.0
 11
64.55861339923388
 21
170.9559835712994
 31
0.0
  0
LINE
  5
1E9
330
17
100
AcDbEntity
  8
OCULTA
100
AcDbLine
 10
62.70961437579638
 20
170.9559835712994
 30
0.0
 11
61.03761349078661
 21
170.9559835712994
 31
0.0
  0
LINE
  5
1EA
330
17
100
AcDbEntity
  8
OCULTA
100
AcDbLine
 10
60.97697506305224
 20
170.9559835712994
 30
0.0
 11
61.03761349078661
 21
170.9559835712994
 31
0.0
  0
LINE
  5
1EB
330
17
100
AcDbEntity
  8
OCULTA
100
AcDbLine
 10
60.97697506305224
 20
170.9559835712994
 30
0.0
 11
59.57161388751513
 21
170.9559835712994
 31
0.0
  0
LINE
  5
1EC
330
17
100
AcDbEntity
  8
OCULTA
100
AcDbLine
 10
59.57161388751513
 20
170.9559835712994
 30
0.0
 11
58.336613277163565
 21
170.9559835712994
 31
0.0
  0
LINE
  5
1ED
330
17
100
AcDbEntity
  8
OCULTA
100
AcDbLine
 10
57.99440060016161
 20
170.9559835712994
 30
0.0
 11
58.336613277163565
 21
170.9559835712994
 31
0.0
  0
LINE
  5
1EE
330
17
100
AcDbEntity
  8
OCULTA
100
AcDbLine
 10
57.99440060016161
 20
170.9559835712994
 30
0.0
 11
57.352612117495596
 21
170.9559835712994
 31
0.0
  0
LINE
  5
1EF
330
17
100
AcDbEntity
  8
OCULTA
100
AcDbLine
 10
57.352612117495596
 20
170.9559835712994
 30
0.0
 11
57.01106701251513
 21
170.9559835712994
 31
0.0
  0
LINE
  5
1F0
330
17
100
AcDbEntity
  8
OCULTA
100
AcDbLine
 10
57.01106701251513
 20
170.9559835712994
 30
0.0
 11
56.63761577960497
 21
170.9559835712994
 31
0.0
  0
LINE
  5
1F1
330
17
100
AcDbEntity
  8
OCULTA
100
AcDbLine
 10
56.488842586245596
 20
170.9559835712994
 30
0.0
 11
56.63761577960497
 21
170.9559835712994
 31
0.0
  0
LINE
  5
1F2
330
17
100
AcDbEntity
  8
OCULTA
100
AcDbLine
 10
56.488842586245596
 20
170.9559835712994
 30
0.0
 11
56.203610042300284
 21
170.9559835712994
 31
0.0
  0
LINE
  5
1F3
330
17
100
AcDbEntity
  8
OCULTA
100
AcDbLine
 10
56.203610042300284
 20
170.9559835712994
 30
0.0
 11
56.05861339923388
 21
170.9559835712994
 31
0.0
  0
LINE
  5
1F4
330
17
100
AcDbEntity
  8
OCULTA
100
AcDbLine
 10
186.05861339923388
 20
174.9559835712994
 30
0.0
 11
186.05157146808153
 21
174.9559835712994
 31
0.0
  0
LINE
  5
1F5
330
17
100
AcDbEntity
  8
OCULTA
100
AcDbLine
 10
186.05157146808153
 20
174.9559835712994
 30
0.0
 11
185.91361675616747
 21
174.9559835712994
 31
0.0
  0
LINE
  5
1F6
330
17
100
AcDbEntity
  8
OCULTA
100
AcDbLine
 10
185.91361675616747
 20
174.9559835712994
 30
0.0
 11
185.58164654132372
 21
174.9559835712994
 31
0.0
  0
LINE
  5
1F7
330
17
100
AcDbEntity
  8
OCULTA
100
AcDbLine
 10
185.58164654132372
 20
174.9559835712994
 30
0.0
 11
185.47961101886278
 21
174.9559835712994
 31
0.0
  0
LINE
  5
1F8
330
17
100
AcDbEntity
  8
OCULTA
100
AcDbLine
 10
185.47961101886278
 20
174.9559835712994
 30
0.0
 11
184.76461468097216
 21
174.9559835712994
 31
0.0
  0
LINE
  5
1F9
330
17
100
AcDbEntity
  8
OCULTA
100
AcDbLine
 10
184.76461468097216
 20
174.9559835712994
 30
0.0
 11
184.23994884845263
 21
174.9559835712994
 31
0.0
  0
LINE
  5
1FA
330
17
100
AcDbEntity
  8
OCULTA
100
AcDbLine
 10
184.23994884845263
 20
174.9559835712994
 30
0.0
 11
183.7806135213042
 21
174.9559835712994
 31
0.0
  0
LINE
  5
1FB
330
17
100
AcDbEntity
  8
OCULTA
100
AcDbLine
 10
183.7806135213042
 20
174.9559835712994
 30
0.0
 11
183.65060100909716
 21
174.9559835712994
 31
0.0
  0
LINE
  5
1FC
330
17
100
AcDbEntity
  8
OCULTA
100
AcDbLine
 10
183.65060100909716
 20
174.9559835712994
 30
0.0
 11
182.54561291095263
 21
174.9559835712994
 31
0.0
  0
LINE
  5
1FD
330
17
100
AcDbEntity
  8
OCULTA
100
AcDbLine
 10
182.54561291095263
 20
174.9559835712994
 30
0.0
 11
182.00878200885302
 21
174.9559835712994
 31
0.0
  0
LINE
  5
1FE
330
17
100
AcDbEntity
  8
OCULTA
100
AcDbLine
 10
182.00878200885302
 20
174.9559835712994
 30
0.0
 11
181.07961330768114
 21
174.9559835712994
 31
0.0
  0
LINE
  5
1FF
330
17
100
AcDbEntity
  8
OCULTA
100
AcDbLine
 10
181.07961330768114
 20
174.9559835712994
 30
0.0
 11
179.40761242267138
 21
174.9559835712994
 31
0.0
  0
LINE
  5
200
330
17
100
AcDbEntity
  8
OCULTA
100
AcDbLine
 10
179.40761242267138
 20
174.9559835712994
 30
0.0
 11
178.87633190509325
 21
174.9559835712994
 31
0.0
  0
LINE
  5
201
330
17
100
AcDbEntity
  8
OCULTA
100
AcDbLine
 10
178.87633190509325
 20
174.9559835712994
 30
0.0
 11
177.55861339923388
 21
174.9559835712994
 31
0.0
  0
LINE
  5
202
330
17
100
AcDbEntity
  8
OCULTA
100
AcDbLine
 10
177.55861339923388
 20
174.9559835712994
 30
0.0
 11
175.5646139180327
 21
174.9559835712994
 31
0.0
  0
LINE
  5
203
330
17
100
AcDbEntity
  8
OCULTA
100
AcDbLine
 10
175.5646139180327
 20
174.9559835712994
 30
0.0
 11
174.9695669209624
 21
174.9559835712994
 31
0.0
  0
LINE
  5
204
330
17
100
AcDbEntity
  8
OCULTA
100
AcDbLine
 10
174.9695669209624
 20
174.9559835712994
 30
0.0
 11
173.45861492511278
 21
174.9559835712994
 31
0.0
  0
LINE
  5
205
330
17
100
AcDbEntity
  8
OCULTA
100
AcDbLine
 10
173.45861492511278
 20
174.9559835712994
 30
0.0
 11
171.2776151692534
 21
174.9559835712994
 31
0.0
  0
LINE
  5
206
330
17
100
AcDbEntity
  8
OCULTA
100
AcDbLine
 10
171.2776151692534
 20
174.9559835712994
 30
0.0
 11
170.44866237994677
 21
174.9559835712994
 31
0.0
  0
LINE
  5
207
330
17
100
AcDbEntity
  8
OCULTA
100
AcDbLine
 10
170.44866237994677
 20
174.9559835712994
 30
0.0
 11
169.05861339923388
 21
174.9559835712994
 31
0.0
  0
LINE
  5
208
330
17
100
AcDbEntity
  8
OCULTA
100
AcDbLine
 10
169.05861339923388
 20
174.9559835712994
 30
0.0
 11
165.387013057437
 21
174.9559835712994
 31
0.0
  0
LINE
  5
209
330
17
100
AcDbEntity
  8
OCULTA
100
AcDbLine
 10
165.387013057437
 20
174.9559835712994
 30
0.0
 11
158.3613134419585
 21
174.9559835712994
 31
0.0
  0
LINE
  5
20A
330
17
100
AcDbEntity
  8
OCULTA
100
AcDbLine
 10
158.3613134419585
 20
174.9559835712994
 30
0.0
 11
144.8063245808745
 21
174.9559835712994
 31
0.0
  0
LINE
  5
20B
330
17
100
AcDbEntity
  8
OCULTA
100
AcDbLine
 10
144.8063245808745
 20
174.9559835712994
 30
0.0
 11
130.77721844073778
 21
174.9559835712994
 31
0.0
  0
LINE
  5
20C
330
17
100
AcDbEntity
  8
OCULTA
100
AcDbLine
 10
130.77721844073778
 20
174.9559835712994
 30
0.0
 11
106.67023048755175
 21
174.9559835712994
 31
0.0
  0
LINE
  5
20D
330
17
100
AcDbEntity
  8
OCULTA
100
AcDbLine
 10
106.67023048755175
 20
174.9559835712994
 30
0.0
 11
95.47658405658251
 21
174.9559835712994
 31
0.0
  0
LINE
  5
20E
330
17
100
AcDbEntity
  8
OCULTA
100
AcDbLine
 10
95.47658405658251
 20
174.9559835712994
 30
0.0
 11
88.51353512164599
 21
174.9559835712994
 31
0.0
  0
LINE
  5
20F
330
17
100
AcDbEntity
  8
OCULTA
100
AcDbLine
 10
88.51353512164599
 20
174.9559835712994
 30
0.0
 11
83.98634014483935
 21
174.9559835712994
 31
0.0
  0
LINE
  5
210
330
17
100
AcDbEntity
  8
OCULTA
100
AcDbLine
 10
83.98634014483935
 20
174.9559835712994
 30
0.0
 11
83.29106197711474
 21
174.9559835712994
 31
0.0
  0
LINE
  5
211
330
17
100
AcDbEntity
  8
OCULTA
100
AcDbLine
 10
83.29106197711474
 20
174.9559835712994
 30
0.0
 11
78.82616482135302
 21
174.9559835712994
 31
0.0
  0
LINE
  5
212
330
17
100
AcDbEntity
  8
OCULTA
100
AcDbLine
 10
78.82616482135302
 20
174.9559835712994
 30
0.0
 11
74.41098842975146
 21
174.9559835712994
 31
0.0
  0
LINE
  5
213
330
17
100
AcDbEntity
  8
OCULTA
100
AcDbLine
 10
74.41098842975146
 20
174.9559835712994
 30
0.0
 11
73.05861339923388
 21
174.9559835712994
 31
0.0
  0
LINE
  5
214
330
17
100
AcDbEntity
  8
OCULTA
100
AcDbLine
 10
73.05861339923388
 20
174.9559835712994
 30
0.0
 11
70.83961162921435
 21
174.9559835712994
 31
0.0
  0
LINE
  5
215
330
17
100
AcDbEntity
  8
OCULTA
100
AcDbLine
 10
70.83961162921435
 20
174.9559835712994
 30
0.0
 11
69.67596111651903
 21
174.9559835712994
 31
0.0
  0
LINE
  5
216
330
17
100
AcDbEntity
  8
OCULTA
100
AcDbLine
 10
69.67596111651903
 20
174.9559835712994
 30
0.0
 11
68.65861187335497
 21
174.9559835712994
 31
0.0
  0
LINE
  5
217
330
17
100
AcDbEntity
  8
OCULTA
100
AcDbLine
 10
68.65861187335497
 20
174.9559835712994
 30
0.0
 11
66.55261288043505
 21
174.9559835712994
 31
0.0
  0
LINE
  5
218
330
17
100
AcDbEntity
  8
OCULTA
100
AcDbLine
 10
66.55261288043505
 20
174.9559835712994
 30
0.0
 11
65.02808819171435
 21
174.9559835712994
 31
0.0
  0
LINE
  5
219
330
17
100
AcDbEntity
  8
OCULTA
100
AcDbLine
 10
65.02808819171435
 20
174.9559835712994
 30
0.0
 11
64.55861339923388
 21
174.9559835712994
 31
0.0
  0
LINE
  5
21A
330
17
100
AcDbEntity
  8
OCULTA
100
AcDbLine
 10
64.55861339923388
 20
174.9559835712994
 30
0.0
 11
62.70961437579638
 21
174.9559835712994
 31
0.0
  0
LINE
  5
21B
330
17
100
AcDbEntity
  8
OCULTA
100
AcDbLine
 10
62.70961437579638
 20
174.9559835712994
 30
0.0
 11
61.03761349078661
 21
174.9559835712994
 31
0.0
  0
LINE
  5
21C
330
17
100
AcDbEntity
  8
OCULTA
100
AcDbLine
 10
61.03761349078661
 20
174.9559835712994
 30
0.0
 11
60.97697506305224
 21
174.9559835712994
 31
0.0
  0
LINE
  5
21D
330
17
100
AcDbEntity
  8
OCULTA
100
AcDbLine
 10
60.97697506305224
 20
174.9559835712994
 30
0.0
 11
59.57161388751513
 21
174.9559835712994
 31
0.0
  0
LINE
  5
21E
330
17
100
AcDbEntity
  8
OCULTA
100
AcDbLine
 10
59.57161388751513
 20
174.9559835712994
 30
0.0
 11
58.336613277163565
 21
174.9559835712994
 31
0.0
  0
LINE
  5
21F
330
17
100
AcDbEntity
  8
OCULTA
100
AcDbLine
 10
58.336613277163565
 20
174.9559835712994
 30
0.0
 11
57.99440060016161
 21
174.9559835712994
 31
0.0
  0
LINE
  5
220
330
17
100
AcDbEntity
  8
OCULTA
100
AcDbLine
 10
57.99440060016161
 20
174.9559835712994
 30
0.0
 11
57.352612117495596
 21
174.9559835712994
 31
0.0
  0
LINE
  5
221
330
17
100
AcDbEntity
  8
OCULTA
100
AcDbLine
 10
57.352612117495596
 20
174.9559835712994
 30
0.0
 11
57.01106701251513
 21
174.9559835712994
 31
0.0
  0
LINE
  5
222
330
17
100
AcDbEntity
  8
OCULTA
100
AcDbLine
 10
57.01106701251513
 20
174.9559835712994
 30
0.0
 11
56.63761577960497
 21
174.9559835712994
 31
0.0
  0
LINE
  5
223
330
17
100
AcDbEntity
  8
OCULTA
100
AcDbLine
 10
56.63761577960497
 20
174.9559835712994
 30
0.0
 11
56.488842586245596
 21
174.9559835712994
 31
0.0
  0
LINE
  5
224
330
17
100
AcDbEntity
  8
OCULTA
100
AcDbLine
 10
56.488842586245596
 20
174.9559835712994
 30
0.0
 11
56.203610042300284
 21
174.9559835712994
 31
0.0
  0
LINE
  5
225
330
17
100
AcDbEntity
  8
OCULTA
100
AcDbLine
 10
56.203610042300284
 20
174.9559835712994
 30
0.0
 11
56.05861339923388
 21
174.9559835712994
 31
0.0
  0
TEXT
  5
226
330
17
100
AcDbEntity
  8
TEXTO
100
AcDbText
 10
121.05861339923388
 20
178.9559835712994
 30
0.0
 40
3.5
  1
ALZADO
 72
1
 11
121.05861339923388
 21
178.9559835712994
 31
0.0
100
AcDbText
 73
2
  0
DIMENSION
  5
227
330
17
100
AcDbEntity
  8
COTAS
100
AcDbDimension
280
0
  2
*D1
  3
F3D_1000
 10
56.05861339923388
 20
161.9559835712994
 30
0.0
 11
121.05861339923388
 21
164.60598357129942
 31
0.0
 70
32
 71
5
  1
<>
100
AcDbAlignedDimension
 13
56.05861339923388
 23
170.9559835712994
 33
0.0
 14
186.05861339923388
 24
170.9559835712994
 34
0.0
 50
0.0
100
AcDbRotatedDimension
  0
DIMENSION
  5
236
330
17
100
AcDbEntity
  8
COTAS
100
AcDbDimension
280
0
  2
*D2
  3
F3D_1000
 10
195.05861339923388
 20
170.9559835712994
 30
0.0
 11
192.40861339923387
 21
172.9559835712994
 31
0.0
 70
32
 71
5
  1
<>
100
AcDbAlignedDimension
 13
186.05861339923388
 23
170.9559835712994
 33
0.0
 14
186.05861339923388
 24
174.9559835712994
 34
0.0
 50
90.0
100
AcDbRotatedDimension
  0
LINE
  5
247
330
17
100
AcDbEntity
  8
VISIBLE
100
AcDbLine
 10
83.98634014483935
 20
110.95598357129941
 30
0.0
 11
169.05861339923388
 21
110.95598357129941
 31
0.0
  0
LINE
  5
248
330
17
100
AcDbEntity
  8
VISIBLE
100
AcDbLine
 10
169.05861339923388
 20
110.95598357129941
 30
0.0
 11
171.2776151692534
 21
111.10098402906308
 31
0.0
  0
LINE
  5
249
330
17
100
AcDbEntity
  8
VISIBLE
100
AcDbLine
 10
171.2776151692534
 20
111.10098402906308
 30
0.0
 11
173.45861492511278
 21
111.53498404432187
 31
0.0
  0
LINE
  5
24A
330
17
100
AcDbEntity
  8
VISIBLE
100
AcDbLine
 10
173.45861492511278
 20
111.53498404432187
 30
0.0
 11
175.5646139180327
 21
112.24998324323545
 31
0.0
  0
LINE
  5
24B
330
17
100
AcDbEntity
  8
VISIBLE
100
AcDbLine
 10
175.5646139180327
 20
112.24998324323545
 30
0.0
 11
177.55861339923388
 21
113.2339834492291
 31
0.0
  0
LINE
  5
24C
330
17
100
AcDbEntity
  8
VISIBLE
100
AcDbLine
 10
177.55861339923388
 20
113.2339834492291
 30
0.0
 11
179.40761242267138
 21
114.46898310590635
 31
0.0
  0
LINE
  5
24D
330
17
100
AcDbEntity
  8
VISIBLE
100
AcDbLine
 10
179.40761242267138
 20
114.46898310590635
 30
0.0
 11
181.07961330768114
 21
115.93498366285215
 31
0.0
  0
LINE
  5
24E
330
17
100
AcDbEntity
  8
VISIBLE
100
AcDbLine
 10
181.07961330768114
 20
115.93498366285215
 30
0.0
 11
182.54561291095263
 21
117.6069835941876
 31
0.0
  0
LINE
  5
24F
330
17
100
AcDbEntity
  8
VISIBLE
100
AcDbLine
 10
182.54561291095263
 20
117.6069835941876
 30
0.0
 11
183.7806135213042
 21
119.45598357129941
 31
0.0
  0
LINE
  5
250
330
17
100
AcDbEntity
  8
VISIBLE
100
AcDbLine
 10
183.7806135213042
 20
119.45598357129941
 30
0.0
 11
184.76461468097216
 21
121.44998352933774
 31
0.0
  0
LINE
  5
251
330
17
100
AcDbEntity
  8
VISIBLE
100
AcDbLine
 10
184.76461468097216
 20
121.44998352933774
 30
0.0
 11
185.47961101886278
 21
123.55598347593198
 31
0.0
  0
LINE
  5
252
330
17
100
AcDbEntity
  8
VISIBLE
100
AcDbLine
 10
185.47961101886278
 20
123.55598347593198
 30
0.0
 11
185.62838421222216
 21
124.30362766195188
 31
0.0
  0
LINE
  5
253
330
17
100
AcDbEntity
  8
VISIBLE
100
AcDbLine
 10
185.62838421222216
 20
124.30362766195188
 30
0.0
 11
185.91361675616747
 21
125.73698347020994
 31
0.0
  0
LINE
  5
254
330
17
100
AcDbEntity
  8
VISIBLE
100
AcDbLine
 10
185.91361675616747
 20
125.73698347020994
 30
0.0
 11
186.05861339923388
 21
127.95598357129941
 31
0.0
  0
LINE
  5
255
330
17
100
AcDbEntity
  8
VISIBLE
100
AcDbLine
 10
186.05861339923388
 20
127.95598357129941
 30
0.0
 11
186.05157146808153
 21
128.06374406028638
 31
0.0
  0
LINE
  5
256
330
17
100
AcDbEntity
  8
VISIBLE
100
AcDbLine
 10
186.05157146808153
 20
128.06374406028638
 30
0.0
 11
185.91361675616747
 21
130.1749836723889
 31
0.0
  0
LINE
  5
257
330
17
100
AcDbEntity
  8
VISIBLE
100
AcDbLine
 10
185.91361675616747
 20
130.1749836723889
 30
0.0
 11
185.58164654132372
 21
131.84323089528928
 31
0.0
  0
LINE
  5
258
330
17
100
AcDbEntity
  8
VISIBLE
100
AcDbLine
 10
185.58164654132372
 20
131.84323089528928
 30
0.0
 11
185.47961101886278
 21
132.35598366666684
 31
0.0
  0
LINE
  5
259
330
17
100
AcDbEntity
  8
VISIBLE
100
AcDbLine
 10
185.47961101886278
 20
132.35598366666684
 30
0.0
 11
184.76461468097216
 21
134.46198361326108
 31
0.0
  0
LINE
  5
25A
330
17
100
AcDbEntity
  8
VISIBLE
100
AcDbLine
 10
184.76461468097216
 20
134.46198361326108
 30
0.0
 11
184.23994884845263
 21
135.52517884183774
 31
0.0
  0
LINE
  5
25B
330
17
100
AcDbEntity
  8
VISIBLE
100
AcDbLine
 10
184.23994884845263
 20
135.52517884183774
 30
0.0
 11
183.7806135213042
 21
136.4559835712994
 31
0.0
  0
LINE
  5
25C
330
17
100
AcDbEntity
  8
VISIBLE
100
AcDbLine
 10
183.7806135213042
 20
136.4559835712994
 30
0.0
 11
183.65060100909716
 21
136.65063422132383
 31
0.0
  0
LINE
  5
25D
330
17
100
AcDbEntity
  8
VISIBLE
100
AcDbLine
 10
183.65060100909716
 20
136.65063422132383
 30
0.0
 11
182.54561291095263
 21
138.30498354841123
 31
0.0
  0
LINE
  5
25E
330
17
100
AcDbEntity
  8
VISIBLE
100
AcDbLine
 10
182.54561291095263
 20
138.30498354841123
 30
0.0
 11
182.00878200885302
 21
138.91724913526426
 31
0.0
  0
LINE
  5
25F
330
17
100
AcDbEntity
  8
VISIBLE
100
AcDbLine
 10
182.00878200885302
 20
138.91724913526426
 30
0.0
 11
181.07961330768114
 21
139.97698347974668
 31
0.0
  0
LINE
  5
260
330
17
100
AcDbEntity
  8
VISIBLE
100
AcDbLine
 10
181.07961330768114
 20
139.97698347974668
 30
0.0
 11
179.40761242267138
 21
141.44298403669248
 31
0.0
  0
LINE
  5
261
330
17
100
AcDbEntity
  8
VISIBLE
100
AcDbLine
 10
179.40761242267138
 20
141.44298403669248
 30
0.0
 11
178.87633190509325
 21
141.79784148145566
 31
0.0
  0
LINE
  5
262
330
17
100
AcDbEntity
  8
VISIBLE
100
AcDbLine
 10
178.87633190509325
 20
141.79784148145566
 30
0.0
 11
177.55861339923388
 21
142.67798369336973
 31
0.0
  0
LINE
  5
263
330
17
100
AcDbEntity
  8
VISIBLE
100
AcDbLine
 10
177.55861339923388
 20
142.67798369336973
 30
0.0
 11
175.5646139180327
 21
143.66198389936338
 31
0.0
  0
LINE
  5
264
330
17
100
AcDbEntity
  8
VISIBLE
100
AcDbLine
 10
175.5646139180327
 20
143.66198389936338
 30
0.0
 11
174.9695669209624
 21
143.8640064518536
 31
0.0
  0
LINE
  5
265
330
17
100
AcDbEntity
  8
VISIBLE
100
AcDbLine
 10
174.9695669209624
 20
143.8640064518536
 30
0.0
 11
173.45861492511278
 21
144.37698309827695
 31
0.0
  0
LINE
  5
266
330
17
100
AcDbEntity
  8
VISIBLE
100
AcDbLine
 10
173.45861492511278
 20
144.37698309827695
 30
0.0
 11
171.2776151692534
 21
144.81098311353574
 31
0.0
  0
LINE
  5
267
330
17
100
AcDbEntity
  8
VISIBLE
100
AcDbLine
 10
171.2776151692534
 20
144.81098311353574
 30
0.0
 11
170.44866237994677
 21
144.86514990735898
 31
0.0
  0
LINE
  5
268
330
17
100
AcDbEntity
  8
VISIBLE
100
AcDbLine
 10
170.44866237994677
 20
144.86514990735898
 30
0.0
 11
169.05861339923388
 21
144.9559835712994
 31
0.0
  0
LINE
  5
269
330
17
100
AcDbEntity
  8
VISIBLE
100
AcDbLine
 10
169.05861339923388
 20
144.9559835712994
 30
0.0
 11
165.387013057437
 21
144.9559835712994
 31
0.0
  0
LINE
  5
26A
330
17
100
AcDbEntity
  8
VISIBLE
100
AcDbLine
 10
165.387013057437
 20
144.9559835712994
 30
0.0
 11
158.3613134419585
 21
144.9559835712994
 31
0.0
  0
LINE
  5
26B
330
17
100
AcDbEntity
  8
VISIBLE
100
AcDbLine
 10
158.3613134419585
 20
144.9559835712994
 30
0.0
 11
144.8063245808745
 21
144.9559835712994
 31
0.0
  0
LINE
  5
26C
330
17
100
AcDbEntity
  8
VISIBLE
100
AcDbLine
 10
144.8063245808745
 20
144.9559835712994
 30
0.0
 11
130.77721844073778
 21
144.9559835712994
 31
0.0
  0
LINE
  5
26D
330
17
100
AcDbEntity
  8
VISIBLE
100
AcDbLine
 10
130.77721844073778
 20
144.9559835712994
 30
0.0
 11
106.67023048755175
 21
144.9559835712994
 31
0.0
  0
LINE
  5
26E
330
17
100
AcDbEntity
  8
VISIBLE
100
AcDbLine
 10
106.67023048755175
 20
144.9559835712994
 30
0.0
 11
95.47658405658251
 21
144.9559835712994
 31
0.0
  0
LINE
  5
26F
330
17
100
AcDbEntity
  8
VISIBLE
100
AcDbLine
 10
95.47658405658251
 20
144.9559835712994
 30
0.0
 11
88.51353512164599
 21
144.9559835712994
 31
0.0
  0
LINE
  5
270
330
17
100
AcDbEntity
  8
VISIBLE
100
AcDbLine
 10
88.51353512164599
 20
144.9559835712994
 30
0.0
 11
83.98634014483935
 21
144.9559835712994
 31
0.0
  0
LINE
  5
271
330
17
100
AcDbEntity
  8
VISIBLE
100
AcDbLine
 10
83.98634014483935
 20
144.9559835712994
 30
0.0
 11
83.29106197711474
 21
144.9559835712994
 31
0.0
  0
LINE
  5
272
330
17
100
AcDbEntity
  8
VISIBLE
100
AcDbLine
 10
83.29106197711474
 20
144.9559835712994
 30
0.0
 11
78.82616482135302
 21
144.9559835712994
 31
0.0
  0
LINE
  5
273
330
17
100
AcDbEntity
  8
VISIBLE
100
AcDbLine
 10
78.82616482135302
 20
144.9559835712994
 30
0.0
 11
74.41098842975146
 21
144.9559835712994
 31
0.0
  0
LINE
  5
274
330
17
100
AcDbEntity
  8
VISIBLE
100
AcDbLine
 10
74.41098842975146
 20
144.9559835712994
 30
0.0
 11
73.05861339923388
 21
144.9559835712994
 31
0.0
  0
LINE
  5
275
330
17
100
AcDbEntity
  8
VISIBLE
100
AcDbLine
 10
73.05861339923388
 20
144.9559835712994
 30
0.0
 11
70.83961162921435
 21
144.81098311353574
 31
0.0
  0
LINE
  5
276
330
17
100
AcDbEntity
  8
VISIBLE
100
AcDbLine
 10
70.83961162921435
 20
144.81098311353574
 30
0.0
 11
69.67596111651903
 21
144.57942717481504
 31
0.0
  0
LINE
  5
277
330
17
100
AcDbEntity
  8
VISIBLE
100
AcDbLine
 10
69.67596111651903
 20
144.57942717481504
 30
0.0
 11
68.65861187335497
 21
144.37698309827695
 31
0.0
  0
LINE
  5
278
330
17
100
AcDbEntity
  8
VISIBLE
100
AcDbLine
 10
68.65861187335497
 20
144.37698309827695
 30
0.0
 11
66.55261288043505
 21
143.66198389936338
 31
0.0
  0
LINE
  5
279
330
17
100
AcDbEntity
  8
VISIBLE
100
AcDbLine
 10
66.55261288043505
 20
143.66198389936338
 30
0.0
 11
65.02808819171435
 21
142.9096607487286
 31
0.0
  0
LINE
  5
27A
330
17
100
AcDbEntity
  8
VISIBLE
100
AcDbLine
 10
65.02808819171435
 20
142.9096607487286
 30
0.0
 11
64.55861339923388
 21
142.67798369336973
 31
0.0
  0
LINE
  5
27B
330
17
100
AcDbEntity
  8
VISIBLE
100
AcDbLine
 10
64.55861339923388
 20
142.67798369336973
 30
0.0
 11
62.70961437579638
 21
141.44298403669248
 31
0.0
  0
LINE
  5
27C
330
17
100
AcDbEntity
  8
VISIBLE
100
AcDbLine
 10
62.70961437579638
 20
141.44298403669248
 30
0.0
 11
61.03761349078661
 21
139.97698347974668
 31
0.0
  0
LINE
  5
27D
330
17
100
AcDbEntity
  8
VISIBLE
100
AcDbLine
 10
61.03761349078661
 20
139.97698347974668
 30
0.0
 11
60.97697506305224
 21
139.9078239719952
 31
0.0
  0
LINE
  5
27E
330
17
100
AcDbEntity
  8
VISIBLE
100
AcDbLine
 10
60.97697506305224
 20
139.9078239719952
 30
0.0
 11
59.57161388751513
 21
138.30498354841123
 31
0.0
  0
LINE
  5
27F
330
17
100
AcDbEntity
  8
VISIBLE
100
AcDbLine
 10
59.57161388751513
 20
138.30498354841123
 30
0.0
 11
58.336613277163565
 21
136.4559835712994
 31
0.0
  0
LINE
  5
280
330
17
100
AcDbEntity
  8
VISIBLE
100
AcDbLine
 10
58.336613277163565
 20
136.4559835712994
 30
0.0
 11
57.99440060016161
 21
135.76251786161313
 31
0.0
  0
LINE
  5
281
330
17
100
AcDbEntity
  8
VISIBLE
100
AcDbLine
 10
57.99440060016161
 20
135.76251786161313
 30
0.0
 11
57.352612117495596
 21
134.46198361326108
 31
0.0
  0
LINE
  5
282
330
17
100
AcDbEntity
  8
VISIBLE
100
AcDbLine
 10
57.352612117495596
 20
134.46198361326108
 30
0.0
 11
57.01106701251513
 21
133.4559835712994
 31
0.0
  0
LINE
  5
283
330
17
100
AcDbEntity
  8
VISIBLE
100
AcDbLine
 10
57.99440060016161
 20
120.14944928098569
 30
0.0
 11
58.336613277163565
 21
119.45598357129941
 31
0.0
  0
LINE
  5
284
330
17
100
AcDbEntity
  8
VISIBLE
100
AcDbLine
 10
58.336613277163565
 20
119.45598357129941
 30
0.0
 11
58.466625789370596
 21
119.261332921275
 31
0.0
  0
LINE
  5
285
330
17
100
AcDbEntity
  8
VISIBLE
100
AcDbLine
 10
57.01106701251513
 20
133.4559835712994
 30
0.0
 11
56.63761577960497
 21
132.35598366666684
 31
0.0
  0
LINE
  5
286
330
17
100
AcDbEntity
  8
VISIBLE
100
AcDbLine
 10
56.63761577960497
 20
132.35598366666684
 30
0.0
 11
56.488842586245596
 21
131.60833948064695
 31
0.0
  0
LINE
  5
287
330
17
100
AcDbEntity
  8
VISIBLE
100
AcDbLine
 10
56.488842586245596
 20
131.60833948064695
 30
0.0
 11
56.203610042300284
 21
130.1749836723889
 31
0.0
  0
LINE
  5
288
330
17
100
AcDbEntity
  8
VISIBLE
100
AcDbLine
 10
56.203610042300284
 20
130.1749836723889
 30
0.0
 11
56.05861339923388
 21
127.95598357129941
 31
0.0
  0
LINE
  5
289
330
17
100
AcDbEntity
  8
VISIBLE
100
AcDbLine
 10
56.05861339923388
 20
127.95598357129941
 30
0.0
 11
56.06565533038622
 21
127.84822308231244
 31
0.0
  0
LINE
  5
28A
330
17
100
AcDbEntity
  8
VISIBLE
100
AcDbLine
 10
56.06565533038622
 20
127.84822308231244
 30
0.0
 11
56.203610042300284
 21
125.73698347020994
 31
0.0
  0
LINE
  5
28B
330
17
100
AcDbEntity
  8
VISIBLE
100
AcDbLine
 10
56.203610042300284
 20
125.73698347020994
 30
0.0
 11
56.535580257144034
 21
124.06873624730954
 31
0.0
  0
LINE
  5
28C
330
17
100
AcDbEntity
  8
VISIBLE
100
AcDbLine
 10
56.535580257144034
 20
124.06873624730954
 30
0.0
 11
56.63761577960497
 21
123.55598347593198
 31
0.0
  0
LINE
  5
28D
330
17
100
AcDbEntity
  8
VISIBLE
100
AcDbLine
 10
56.63761577960497
 20
123.55598347593198
 30
0.0
 11
57.352612117495596
 21
121.44998352933774
 31
0.0
  0
LINE
  5
28E
330
17
100
AcDbEntity
  8
VISIBLE
100
AcDbLine
 10
57.99440060016161
 20
120.14944928098569
 30
0.0
 11
57.87727795001513
 21
120.38678830076108
 31
0.0
  0
LINE
  5
28F
330
17
100
AcDbEntity
  8
VISIBLE
100
AcDbLine
 10
57.352612117495596
 20
121.44998352933774
 30
0.0
 11
57.87727795001513
 21
120.38678830076108
 31
0.0
  0
LINE
  5
290
330
17
100
AcDbEntity
  8
VISIBLE
100
AcDbLine
 10
83.98634014483935
 20
110.95598357129941
 30
0.0
 11
73.05861339923388
 21
110.95598357129941
 31
0.0
  0
LINE
  5
291
330
17
100
AcDbEntity
  8
VISIBLE
100
AcDbLine
 10
70.83961162921435
 20
111.10098402906308
 30
0.0
 11
73.05861339923388
 21
110.95598357129941
 31
0.0
  0
LINE
  5
292
330
17
100
AcDbEntity
  8
VISIBLE
100
AcDbLine
 10
58.466625789370596
 20
119.261332921275
 30
0.0
 11
59.57161388751513
 21
117.6069835941876
 31
0.0
  0
LINE
  5
293
330
17
100
AcDbEntity
  8
VISIBLE
100
AcDbLine
 10
59.57161388751513
 20
117.6069835941876
 30
0.0
 11
61.03761349078661
 21
115.93498366285215
 31
0.0
  0
LINE
  5
294
330
17
100
AcDbEntity
  8
VISIBLE
100
AcDbLine
 10
61.03761349078661
 20
115.93498366285215
 30
0.0
 11
62.70961437579638
 21
114.46898310590635
 31
0.0
  0
LINE
  5
295
330
17
100
AcDbEntity
  8
VISIBLE
100
AcDbLine
 10
62.70961437579638
 20
114.46898310590635
 30
0.0
 11
64.55861339923388
 21
113.2339834492291
 31
0.0
  0
LINE
  5
296
330
17
100
AcDbEntity
  8
VISIBLE
100
AcDbLine
 10
64.55861339923388
 20
113.2339834492291
 30
0.0
 11
66.55261288043505
 21
112.24998324323545
 31
0.0
  0
LINE
  5
297
330
17
100
AcDbEntity
  8
VISIBLE
100
AcDbLine
 10
70.83961162921435
 20
111.10098402906308
 30
0.0
 11
68.65861187335497
 21
111.53498404432187
 31
0.0
  0
LINE
  5
298
330
17
100
AcDbEntity
  8
VISIBLE
100
AcDbLine
 10
66.55261288043505
 20
112.24998324323545
 30
0.0
 11
68.65861187335497
 21
111.53498404432187
 31
0.0
  0
LINE
  5
299
330
17
100
AcDbEntity
  8
VISIBLE
100
AcDbLine
 10
172.98261318561083
 20
122.64298336912046
 30
0.0
 11
172.29909191485888
 21
122.5532235424603
 31
0.0
  0
LINE
  5
29A
330
17
100
AcDbEntity
  8
VISIBLE
100
AcDbLine
 10
172.98261318561083
 20
122.64298336912046
 30
0.0
 11
173.6721349751616
 21
122.92898362089048
 31
0.0
  0
LINE
  5
29B
330
17
100
AcDbEntity
  8
VISIBLE
100
AcDbLine
 10
174.30861339923388
 20
123.19298355985532
 30
0.0
 11
173.6721349751616
 21
122.92898362089048
 31
0.0
  0
LINE
  5
29C
330
17
100
AcDbEntity
  8
VISIBLE
100
AcDbLine
 10
174.30861339923388
 20
123.19298355985532
 30
0.0
 11
174.9008947407866
 21
123.64746373105893
 31
0.0
  0
LINE
  5
29D
330
17
100
AcDbEntity
  8
VISIBLE
100
AcDbLine
 10
175.44761333819872
 20
124.06698363233457
 30
0.0
 11
174.9008947407866
 21
123.64746373105893
 31
0.0
  0
LINE
  5
29E
330
17
100
AcDbEntity
  8
VISIBLE
100
AcDbLine
 10
175.44761333819872
 20
124.06698363233457
 30
0.0
 11
175.90209255572802
 21
124.65926354337583
 31
0.0
  0
LINE
  5
29F
330
17
100
AcDbEntity
  8
VISIBLE
100
AcDbLine
 10
176.32161388751513
 20
125.20598357129941
 30
0.0
 11
175.90209255572802
 21
124.65926354337583
 31
0.0
  0
LINE
  5
2A0
330
17
100
AcDbEntity
  8
VISIBLE
100
AcDbLine
 10
176.32161388751513
 20
125.20598357129941
 30
0.0
 11
176.60761318561083
 21
125.89550345350156
 31
0.0
  0
LINE
  5
2A1
330
17
100
AcDbEntity
  8
VISIBLE
100
AcDbLine
 10
176.87161312457567
 20
126.53198354650388
 30
0.0
 11
176.60761318561083
 21
125.89550345350156
 31
0.0
  0
LINE
  5
2A2
330
17
100
AcDbEntity
  8
VISIBLE
100
AcDbLine
 10
176.87161312457567
 20
126.53198354650388
 30
0.0
 11
176.96885357257372
 21
127.272463552245
 31
0.0
  0
LINE
  5
2A3
330
17
100
AcDbEntity
  8
VISIBLE
100
AcDbLine
 10
177.05861339923388
 20
127.95598357129943
 30
0.0
 11
176.96885357257372
 21
127.272463552245
 31
0.0
  0
LINE
  5
2A4
330
17
100
AcDbEntity
  8
VISIBLE
100
AcDbLine
 10
177.05861339923388
 20
127.95598357129943
 30
0.0
 11
176.96137295123583
 21
128.69646357704053
 31
0.0
  0
LINE
  5
2A5
330
17
100
AcDbEntity
  8
VISIBLE
100
AcDbLine
 10
176.87161312457567
 20
129.37998359609495
 30
0.0
 11
176.96137295123583
 21
128.69646357704053
 31
0.0
  0
LINE
  5
2A6
330
17
100
AcDbEntity
  8
VISIBLE
100
AcDbLine
 10
176.87161312457567
 20
129.37998359609495
 30
0.0
 11
176.58561382647997
 21
130.0695034782971
 31
0.0
  0
LINE
  5
2A7
330
17
100
AcDbEntity
  8
VISIBLE
100
AcDbLine
 10
176.32161388751513
 20
130.7059835712994
 30
0.0
 11
176.58561382647997
 21
130.0695034782971
 31
0.0
  0
LINE
  5
2A8
330
17
100
AcDbEntity
  8
VISIBLE
100
AcDbLine
 10
176.32161388751513
 20
130.7059835712994
 30
0.0
 11
175.86713466998583
 21
131.29826348234067
 31
0.0
  0
LINE
  5
2A9
330
17
100
AcDbEntity
  8
VISIBLE
100
AcDbLine
 10
175.44761333819872
 20
131.84498351026426
 30
0.0
 11
175.86713466998583
 21
131.29826348234067
 31
0.0
  0
LINE
  5
2AA
330
17
100
AcDbEntity
  8
VISIBLE
100
AcDbLine
 10
175.44761333819872
 20
131.84498351026426
 30
0.0
 11
174.855331996646
 21
132.29946368146787
 31
0.0
  0
LINE
  5
2AB
330
17
100
AcDbEntity
  8
VISIBLE
100
AcDbLine
 10
174.30861339923388
 20
132.7189835827435
 30
0.0
 11
174.855331996646
 21
132.29946368146787
 31
0.0
  0
LINE
  5
2AC
330
17
100
AcDbEntity
  8
VISIBLE
100
AcDbLine
 10
174.30861339923388
 20
132.7189835827435
 30
0.0
 11
173.6190916096831
 21
133.00498383451352
 31
0.0
  0
LINE
  5
2AD
330
17
100
AcDbEntity
  8
VISIBLE
100
AcDbLine
 10
172.98261318561083
 20
133.26898377347837
 30
0.0
 11
173.6190916096831
 21
133.00498383451352
 31
0.0
  0
LINE
  5
2AE
330
17
100
AcDbEntity
  8
VISIBLE
100
AcDbLine
 10
172.98261318561083
 20
133.26898377347837
 30
0.0
 11
172.24213466998583
 21
133.36622374463926
 31
0.0
  0
LINE
  5
2AF
330
17
100
AcDbEntity
  8
VISIBLE
100
AcDbLine
 10
171.55861339923388
 20
133.4559835712994
 30
0.0
 11
172.24213466998583
 21
133.36622374463926
 31
0.0
  0
LINE
  5
2B0
330
17
100
AcDbEntity
  8
VISIBLE
100
AcDbLine
 10
171.55861339923388
 20
133.4559835712994
 30
0.0
 11
168.95861492511278
 21
133.4559835712994
 31
0.0
  0
LINE
  5
2B1
330
17
100
AcDbEntity
  8
VISIBLE
100
AcDbLine
 10
77.34815273639208
 20
133.4559835712994
 30
0.0
 11
79.44761333819872
 21
131.84498351026426
 31
0.0
  0
LINE
  5
2B2
330
17
100
AcDbEntity
  8
VISIBLE
100
AcDbLine
 10
76.53177318927294
 20
133.4559835712994
 30
0.0
 11
78.30861339923388
 21
132.7189835827435
 31
0.0
  0
LINE
  5
2B3
330
17
100
AcDbEntity
  8
VISIBLE
100
AcDbLine
 10
75.55861339923388
 20
133.4559835712994
 30
0.0
 11
76.98261318561083
 21
133.26898377347837
 31
0.0
  0
LINE
  5
2B4
330
17
100
AcDbEntity
  8
VISIBLE
100
AcDbLine
 10
75.55861339923388
 20
133.4559835712994
 30
0.0
 11
76.24213466998583
 21
133.36622374463926
 31
0.0
  0
LINE
  5
2B5
330
17
100
AcDbEntity
  8
VISIBLE
100
AcDbLine
 10
75.55861339923388
 20
133.4559835712994
 30
0.0
 11
72.95861492511278
 21
133.4559835712994
 31
0.0
  0
LINE
  5
2B6
330
17
100
AcDbEntity
  8
VISIBLE
100
AcDbLine
 10
166.55861339923388
 20
133.4559835712994
 30
0.0
 11
168.95861492511278
 21
133.4559835712994
 31
0.0
  0
LINE
  5
2B7
330
17
100
AcDbEntity
  8
VISIBLE
100
AcDbLine
 10
166.55861339923388
 20
133.4559835712994
 30
0.0
 11
165.81813488360888
 21
133.35874360013852
 31
0.0
  0
LINE
  5
2B8
330
17
100
AcDbEntity
  8
VISIBLE
100
AcDbLine
 10
76.98261318561083
 20
122.64298336912046
 30
0.0
 11
76.29909191485888
 21
122.5532235424603
 31
0.0
  0
LINE
  5
2B9
330
17
100
AcDbEntity
  8
VISIBLE
100
AcDbLine
 10
76.98261318561083
 20
122.64298336912046
 30
0.0
 11
77.67213497516161
 21
122.92898362089048
 31
0.0
  0
LINE
  5
2BA
330
17
100
AcDbEntity
  8
VISIBLE
100
AcDbLine
 10
78.30861339923388
 20
123.19298355985532
 30
0.0
 11
77.67213497516161
 21
122.92898362089048
 31
0.0
  0
LINE
  5
2BB
330
17
100
AcDbEntity
  8
VISIBLE
100
AcDbLine
 10
78.30861339923388
 20
123.19298355985532
 30
0.0
 11
78.90089474078661
 21
123.64746373105893
 31
0.0
  0
LINE
  5
2BC
330
17
100
AcDbEntity
  8
VISIBLE
100
AcDbLine
 10
79.44761333819872
 20
124.06698363233457
 30
0.0
 11
78.90089474078661
 21
123.64746373105893
 31
0.0
  0
LINE
  5
2BD
330
17
100
AcDbEntity
  8
VISIBLE
100
AcDbLine
 10
79.44761333819872
 20
124.06698363233457
 30
0.0
 11
79.90209255572802
 21
124.65926354337583
 31
0.0
  0
LINE
  5
2BE
330
17
100
AcDbEntity
  8
VISIBLE
100
AcDbLine
 10
80.32161388751513
 20
125.20598357129941
 30
0.0
 11
79.90209255572802
 21
124.65926354337583
 31
0.0
  0
LINE
  5
2BF
330
17
100
AcDbEntity
  8
VISIBLE
100
AcDbLine
 10
80.32161388751513
 20
125.20598357129941
 30
0.0
 11
80.60761318561083
 21
125.89550345350156
 31
0.0
  0
LINE
  5
2C0
330
17
100
AcDbEntity
  8
VISIBLE
100
AcDbLine
 10
81.2921987568999
 20
129.73472683835874
 30
0.0
 11
80.87161312457567
 21
126.53198354650388
 31
0.0
  0
LINE
  5
2C1
330
17
100
AcDbEntity
  8
VISIBLE
100
AcDbLine
 10
80.87161312457567
 20
126.53198354650388
 30
0.0
 11
80.60761318561083
 21
125.89550345350156
 31
0.0
  0
LINE
  5
2C2
330
17
100
AcDbEntity
  8
VISIBLE
100
AcDbLine
 10
80.87161312457567
 20
126.53198354650388
 30
0.0
 11
80.96885357257372
 21
127.272463552245
 31
0.0
  0
LINE
  5
2C3
330
17
100
AcDbEntity
  8
VISIBLE
100
AcDbLine
 10
80.81259212848192
 20
129.82943301607023
 30
0.0
 11
81.05861339923388
 21
127.95598357129938
 31
0.0
  0
LINE
  5
2C4
330
17
100
AcDbEntity
  8
VISIBLE
100
AcDbLine
 10
81.05861339923388
 20
127.95598357129938
 30
0.0
 11
80.96885357257372
 21
127.272463552245
 31
0.0
  0
LINE
  5
2C5
330
17
100
AcDbEntity
  8
VISIBLE
100
AcDbLine
 10
81.05861339923388
 20
127.95598357129938
 30
0.0
 11
80.96137295123583
 21
128.69646357704053
 31
0.0
  0
LINE
  5
2C6
330
17
100
AcDbEntity
  8
VISIBLE
100
AcDbLine
 10
80.67382488605028
 20
129.85683482099424
 30
0.0
 11
80.87161312457567
 21
129.37998359609495
 31
0.0
  0
LINE
  5
2C7
330
17
100
AcDbEntity
  8
VISIBLE
100
AcDbLine
 10
80.87161312457567
 20
129.37998359609495
 30
0.0
 11
80.96137295123583
 21
128.69646357704053
 31
0.0
  0
LINE
  5
2C8
330
17
100
AcDbEntity
  8
VISIBLE
100
AcDbLine
 10
80.87161312457567
 20
129.37998359609495
 30
0.0
 11
80.58561382647997
 21
130.0695034782971
 31
0.0
  0
LINE
  5
2C9
330
17
100
AcDbEntity
  8
VISIBLE
100
AcDbLine
 10
80.32161388751513
 20
130.7059835712994
 30
0.0
 11
80.58561382647997
 21
130.0695034782971
 31
0.0
  0
LINE
  5
2CA
330
17
100
AcDbEntity
  8
VISIBLE
100
AcDbLine
 10
80.32161388751513
 20
130.7059835712994
 30
0.0
 11
79.86713466998583
 21
131.29826348234067
 31
0.0
  0
LINE
  5
2CB
330
17
100
AcDbEntity
  8
VISIBLE
100
AcDbLine
 10
79.44761333819872
 20
131.84498351026426
 30
0.0
 11
79.86713466998583
 21
131.29826348234067
 31
0.0
  0
LINE
  5
2CC
330
17
100
AcDbEntity
  8
VISIBLE
100
AcDbLine
 10
79.44761333819872
 20
131.84498351026426
 30
0.0
 11
78.85533199664599
 21
132.29946368146787
 31
0.0
  0
LINE
  5
2CD
330
17
100
AcDbEntity
  8
VISIBLE
100
AcDbLine
 10
78.30861339923388
 20
132.7189835827435
 30
0.0
 11
78.85533199664599
 21
132.29946368146787
 31
0.0
  0
LINE
  5
2CE
330
17
100
AcDbEntity
  8
VISIBLE
100
AcDbLine
 10
78.30861339923388
 20
132.7189835827435
 30
0.0
 11
77.6190916096831
 21
133.00498383451352
 31
0.0
  0
LINE
  5
2CF
330
17
100
AcDbEntity
  8
VISIBLE
100
AcDbLine
 10
76.98261318561083
 20
133.26898377347837
 30
0.0
 11
77.6190916096831
 21
133.00498383451352
 31
0.0
  0
LINE
  5
2D0
330
17
100
AcDbEntity
  8
VISIBLE
100
AcDbLine
 10
76.98261318561083
 20
133.26898377347837
 30
0.0
 11
76.24213466998583
 21
133.36622374463926
 31
0.0
  0
LINE
  5
2D1
330
17
100
AcDbEntity
  8
VISIBLE
100
AcDbLine
 10
70.55861339923388
 20
133.4559835712994
 30
0.0
 11
72.95861492511278
 21
133.4559835712994
 31
0.0
  0
LINE
  5
2D2
330
17
100
AcDbEntity
  8
VISIBLE
100
AcDbLine
 10
70.55861339923388
 20
133.4559835712994
 30
0.0
 11
69.81813488360888
 21
133.35874360013852
 31
0.0
  0
LINE
  5
2D3
330
17
100
AcDbEntity
  8
VISIBLE
100
AcDbLine
 10
67.28316173907763
 20
132.50103657651792
 30
0.0
 11
69.13461361285692
 21
133.26898377347837
 31
0.0
  0
LINE
  5
2D4
330
17
100
AcDbEntity
  8
VISIBLE
100
AcDbLine
 10
69.13461361285692
 20
133.26898377347837
 30
0.0
 11
69.81813488360888
 21
133.35874360013852
 31
0.0
  0
LINE
  5
2D5
330
17
100
AcDbEntity
  8
VISIBLE
100
AcDbLine
 10
69.13461361285692
 20
133.26898377347837
 30
0.0
 11
68.44509182330614
 21
132.98298352170835
 31
0.0
  0
LINE
  5
2D6
330
17
100
AcDbEntity
  8
VISIBLE
100
AcDbLine
 10
67.4751707112456
 20
132.4631208698834
 30
0.0
 11
67.80861339923388
 21
132.7189835827435
 31
0.0
  0
LINE
  5
2D7
330
17
100
AcDbEntity
  8
VISIBLE
100
AcDbLine
 10
67.80861339923388
 20
132.7189835827435
 30
0.0
 11
68.44509182330614
 21
132.98298352170835
 31
0.0
  0
LINE
  5
2D8
330
17
100
AcDbEntity
  8
VISIBLE
100
AcDbLine
 10
67.80861339923388
 20
132.7189835827435
 30
0.0
 11
67.21633205768114
 21
132.2645034115399
 31
0.0
  0
LINE
  5
2D9
330
17
100
AcDbEntity
  8
VISIBLE
100
AcDbLine
 10
66.66961346026903
 20
131.84498351026426
 30
0.0
 11
67.21633205768114
 21
132.2645034115399
 31
0.0
  0
LINE
  5
2DA
330
17
100
AcDbEntity
  8
VISIBLE
100
AcDbLine
 10
66.66961346026903
 20
131.84498351026426
 30
0.0
 11
66.21513424273974
 21
131.252703599223
 31
0.0
  0
LINE
  5
2DB
330
17
100
AcDbEntity
  8
VISIBLE
100
AcDbLine
 10
65.79561291095263
 20
130.7059835712994
 30
0.0
 11
66.21513424273974
 21
131.252703599223
 31
0.0
  0
LINE
  5
2DC
330
17
100
AcDbEntity
  8
VISIBLE
100
AcDbLine
 10
65.79561291095263
 20
130.7059835712994
 30
0.0
 11
65.50961361285692
 21
130.01646368909726
 31
0.0
  0
LINE
  5
2DD
330
17
100
AcDbEntity
  8
VISIBLE
100
AcDbLine
 10
65.24561367389208
 20
129.37998359609495
 30
0.0
 11
65.50961361285692
 21
130.01646368909726
 31
0.0
  0
LINE
  5
2DE
330
17
100
AcDbEntity
  8
VISIBLE
100
AcDbLine
 10
65.24561367389208
 20
129.37998359609495
 30
0.0
 11
65.14837322589403
 21
128.63950359035383
 31
0.0
  0
LINE
  5
2DF
330
17
100
AcDbEntity
  8
VISIBLE
100
AcDbLine
 10
65.05861339923388
 20
127.95598357129944
 30
0.0
 11
65.14837322589403
 21
128.63950359035383
 31
0.0
  0
LINE
  5
2E0
330
17
100
AcDbEntity
  8
VISIBLE
100
AcDbLine
 10
65.05861339923388
 20
127.95598357129944
 30
0.0
 11
65.15585384723192
 21
127.2155035655583
 31
0.0
  0
LINE
  5
2E1
330
17
100
AcDbEntity
  8
VISIBLE
100
AcDbLine
 10
65.24561367389208
 20
126.53198354650388
 30
0.0
 11
65.15585384723192
 21
127.2155035655583
 31
0.0
  0
LINE
  5
2E2
330
17
100
AcDbEntity
  8
VISIBLE
100
AcDbLine
 10
65.24561367389208
 20
126.53198354650388
 30
0.0
 11
65.53161297198778
 21
125.84246366430173
 31
0.0
  0
LINE
  5
2E3
330
17
100
AcDbEntity
  8
VISIBLE
100
AcDbLine
 10
65.79561291095263
 20
125.20598357129941
 30
0.0
 11
65.53161297198778
 21
125.84246366430173
 31
0.0
  0
LINE
  5
2E4
330
17
100
AcDbEntity
  8
VISIBLE
100
AcDbLine
 10
65.79561291095263
 20
125.20598357129941
 30
0.0
 11
66.25009212848192
 21
124.61370366025815
 31
0.0
  0
LINE
  5
2E5
330
17
100
AcDbEntity
  8
VISIBLE
100
AcDbLine
 10
66.66961346026903
 20
124.06698363233457
 30
0.0
 11
66.25009212848192
 21
124.61370366025815
 31
0.0
  0
LINE
  5
2E6
330
17
100
AcDbEntity
  8
VISIBLE
100
AcDbLine
 10
66.66961346026903
 20
124.06698363233457
 30
0.0
 11
67.26189480182177
 21
123.61250346113096
 31
0.0
  0
LINE
  5
2E7
330
17
100
AcDbEntity
  8
VISIBLE
100
AcDbLine
 10
67.80861339923388
 20
123.19298355985532
 30
0.0
 11
67.26189480182177
 21
123.61250346113096
 31
0.0
  0
LINE
  5
2E8
330
17
100
AcDbEntity
  8
VISIBLE
100
AcDbLine
 10
67.80861339923388
 20
123.19298355985532
 30
0.0
 11
68.49813518878466
 21
122.9069833080853
 31
0.0
  0
LINE
  5
2E9
330
17
100
AcDbEntity
  8
VISIBLE
100
AcDbLine
 10
69.13461361285692
 20
122.64298336912046
 30
0.0
 11
68.49813518878466
 21
122.9069833080853
 31
0.0
  0
LINE
  5
2EA
330
17
100
AcDbEntity
  8
VISIBLE
100
AcDbLine
 10
69.13461361285692
 20
122.64298336912046
 30
0.0
 11
69.87509212848192
 21
122.54574339795957
 31
0.0
  0
LINE
  5
2EB
330
17
100
AcDbEntity
  8
VISIBLE
100
AcDbLine
 10
70.55861339923388
 20
122.45598357129941
 30
0.0
 11
75.55861339923388
 21
122.45598357129941
 31
0.0
  0
LINE
  5
2EC
330
17
100
AcDbEntity
  8
VISIBLE
100
AcDbLine
 10
70.55861339923388
 20
122.45598357129941
 30
0.0
 11
69.87509212848192
 21
122.54574339795957
 31
0.0
  0
LINE
  5
2ED
330
17
100
AcDbEntity
  8
VISIBLE
100
AcDbLine
 10
70.55861339923388
 20
122.45598357129941
 30
0.0
 11
73.15861187335497
 21
122.45598357129941
 31
0.0
  0
LINE
  5
2EE
330
17
100
AcDbEntity
  8
VISIBLE
100
AcDbLine
 10
75.55861339923388
 20
122.45598357129941
 30
0.0
 11
76.29909191485888
 21
122.5532235424603
 31
0.0
  0
LINE
  5
2EF
330
17
100
AcDbEntity
  8
VISIBLE
100
AcDbLine
 10
75.55861339923388
 20
122.45598357129941
 30
0.0
 11
73.15861187335497
 21
122.45598357129941
 31
0.0
  0
LINE
  5
2F0
330
17
100
AcDbEntity
  8
VISIBLE
100
AcDbLine
 10
165.13461361285692
 20
133.26898377347837
 30
0.0
 11
165.81813488360888
 21
133.35874360013852
 31
0.0
  0
LINE
  5
2F1
330
17
100
AcDbEntity
  8
VISIBLE
100
AcDbLine
 10
165.13461361285692
 20
133.26898377347837
 30
0.0
 11
164.44509182330614
 21
132.98298352170835
 31
0.0
  0
LINE
  5
2F2
330
17
100
AcDbEntity
  8
VISIBLE
100
AcDbLine
 10
163.80861339923388
 20
132.7189835827435
 30
0.0
 11
164.44509182330614
 21
132.98298352170835
 31
0.0
  0
LINE
  5
2F3
330
17
100
AcDbEntity
  8
VISIBLE
100
AcDbLine
 10
163.80861339923388
 20
132.7189835827435
 30
0.0
 11
163.21633205768114
 21
132.2645034115399
 31
0.0
  0
LINE
  5
2F4
330
17
100
AcDbEntity
  8
VISIBLE
100
AcDbLine
 10
162.66961346026903
 20
131.84498351026426
 30
0.0
 11
163.21633205768114
 21
132.2645034115399
 31
0.0
  0
LINE
  5
2F5
330
17
100
AcDbEntity
  8
VISIBLE
100
AcDbLine
 10
162.66961346026903
 20
131.84498351026426
 30
0.0
 11
162.21513424273974
 21
131.252703599223
 31
0.0
  0
LINE
  5
2F6
330
17
100
AcDbEntity
  8
VISIBLE
100
AcDbLine
 10
161.79561291095263
 20
130.7059835712994
 30
0.0
 11
162.21513424273974
 21
131.252703599223
 31
0.0
  0
LINE
  5
2F7
330
17
100
AcDbEntity
  8
VISIBLE
100
AcDbLine
 10
161.79561291095263
 20
130.7059835712994
 30
0.0
 11
161.50961361285692
 21
130.01646368909726
 31
0.0
  0
LINE
  5
2F8
330
17
100
AcDbEntity
  8
VISIBLE
100
AcDbLine
 10
161.24561367389208
 20
129.37998359609495
 30
0.0
 11
161.50961361285692
 21
130.01646368909726
 31
0.0
  0
LINE
  5
2F9
330
17
100
AcDbEntity
  8
VISIBLE
100
AcDbLine
 10
161.24561367389208
 20
129.37998359609495
 30
0.0
 11
161.14837322589403
 21
128.63950359035383
 31
0.0
  0
LINE
  5
2FA
330
17
100
AcDbEntity
  8
VISIBLE
100
AcDbLine
 10
161.05861339923388
 20
127.95598357129941
 30
0.0
 11
161.14837322589403
 21
128.63950359035383
 31
0.0
  0
LINE
  5
2FB
330
17
100
AcDbEntity
  8
VISIBLE
100
AcDbLine
 10
161.05861339923388
 20
127.95598357129941
 30
0.0
 11
161.15585384723192
 21
127.2155035655583
 31
0.0
  0
LINE
  5
2FC
330
17
100
AcDbEntity
  8
VISIBLE
100
AcDbLine
 10
161.24561367389208
 20
126.53198354650388
 30
0.0
 11
161.15585384723192
 21
127.2155035655583
 31
0.0
  0
LINE
  5
2FD
330
17
100
AcDbEntity
  8
VISIBLE
100
AcDbLine
 10
161.24561367389208
 20
126.53198354650388
 30
0.0
 11
161.53161297198778
 21
125.84246366430173
 31
0.0
  0
LINE
  5
2FE
330
17
100
AcDbEntity
  8
VISIBLE
100
AcDbLine
 10
161.79561291095263
 20
125.20598357129941
 30
0.0
 11
161.53161297198778
 21
125.84246366430173
 31
0.0
  0
LINE
  5
2FF
330
17
100
AcDbEntity
  8
VISIBLE
100
AcDbLine
 10
161.79561291095263
 20
125.20598357129941
 30
0.0
 11
162.25009212848192
 21
124.61370366025815
 31
0.0
  0
LINE
  5
300
330
17
100
AcDbEntity
  8
VISIBLE
100
AcDbLine
 10
162.66961346026903
 20
124.06698363233457
 30
0.0
 11
162.25009212848192
 21
124.61370366025815
 31
0.0
  0
LINE
  5
301
330
17
100
AcDbEntity
  8
VISIBLE
100
AcDbLine
 10
162.66961346026903
 20
124.06698363233457
 30
0.0
 11
163.26189480182177
 21
123.61250346113096
 31
0.0
  0
LINE
  5
302
330
17
100
AcDbEntity
  8
VISIBLE
100
AcDbLine
 10
163.80861339923388
 20
123.19298355985532
 30
0.0
 11
163.26189480182177
 21
123.61250346113096
 31
0.0
  0
LINE
  5
303
330
17
100
AcDbEntity
  8
VISIBLE
100
AcDbLine
 10
163.80861339923388
 20
123.19298355985532
 30
0.0
 11
164.49813518878466
 21
122.9069833080853
 31
0.0
  0
LINE
  5
304
330
17
100
AcDbEntity
  8
VISIBLE
100
AcDbLine
 10
165.13461361285692
 20
122.64298336912046
 30
0.0
 11
164.49813518878466
 21
122.9069833080853
 31
0.0
  0
LINE
  5
305
330
17
100
AcDbEntity
  8
VISIBLE
100
AcDbLine
 10
165.13461361285692
 20
122.64298336912046
 30
0.0
 11
165.87509212848192
 21
122.54574339795957
 31
0.0
  0
LINE
  5
306
330
17
100
AcDbEntity
  8
VISIBLE
100
AcDbLine
 10
166.55861339923388
 20
122.45598357129941
 30
0.0
 11
171.55861339923388
 21
122.45598357129941
 31
0.0
  0
LINE
  5
307
330
17
100
AcDbEntity
  8
VISIBLE
100
AcDbLine
 10
166.55861339923388
 20
122.45598357129941
 30
0.0
 11
165.87509212848192
 21
122.54574339795957
 31
0.0
  0
LINE
  5
308
330
17
100
AcDbEntity
  8
VISIBLE
100
AcDbLine
 10
166.55861339923388
 20
122.45598357129941
 30
0.0
 11
169.15861187335497
 21
122.45598357129941
 31
0.0
  0
LINE
  5
309
330
17
100
AcDbEntity
  8
VISIBLE
100
AcDbLine
 10
171.55861339923388
 20
122.45598357129941
 30
0.0
 11
172.29909191485888
 21
122.5532235424603
 31
0.0
  0
LINE
  5
30A
330
17
100
AcDbEntity
  8
VISIBLE
100
AcDbLine
 10
171.55861339923388
 20
122.45598357129941
 30
0.0
 11
169.15861187335497
 21
122.45598357129941
 31
0.0
  0
LINE
  5
30B
330
17
100
AcDbEntity
  8
VISIBLE
100
AcDbLine
 10
172.98261318561083
 20
122.64298336912046
 30
0.0
 11
171.84341488238817
 21
122.49338334012876
 31
0.0
  0
LINE
  5
30C
330
17
100
AcDbEntity
  8
VISIBLE
100
AcDbLine
 10
172.98261318561083
 20
122.64298336912046
 30
0.0
 11
173.24781475421435
 21
122.75298350263486
 31
0.0
  0
LINE
  5
30D
330
17
100
AcDbEntity
  8
VISIBLE
100
AcDbLine
 10
174.30861339923388
 20
123.19298355985532
 30
0.0
 11
173.24781475421435
 21
122.75298350263486
 31
0.0
  0
LINE
  5
30E
330
17
100
AcDbEntity
  8
VISIBLE
100
AcDbLine
 10
174.30861339923388
 20
123.19298355985532
 30
0.0
 11
174.53641186114794
 21
123.36778347898374
 31
0.0
  0
LINE
  5
30F
330
17
100
AcDbEntity
  8
VISIBLE
100
AcDbLine
 10
175.44761333819872
 20
124.06698363233457
 30
0.0
 11
174.53641186114794
 21
123.36778347898374
 31
0.0
  0
LINE
  5
310
330
17
100
AcDbEntity
  8
VISIBLE
100
AcDbLine
 10
175.44761333819872
 20
124.06698363233457
 30
0.0
 11
175.62241421100146
 21
124.2947835247601
 31
0.0
  0
LINE
  5
311
330
17
100
AcDbEntity
  8
VISIBLE
100
AcDbLine
 10
176.32161388751513
 20
125.20598357129941
 30
0.0
 11
175.62241421100146
 21
124.2947835247601
 31
0.0
  0
LINE
  5
312
330
17
100
AcDbEntity
  8
VISIBLE
100
AcDbLine
 10
176.32161388751513
 20
125.20598357129941
 30
0.0
 11
176.4316144978667
 21
125.47118347097287
 31
0.0
  0
LINE
  5
313
330
17
100
AcDbEntity
  8
VISIBLE
100
AcDbLine
 10
176.87161312457567
 20
126.53198354650388
 30
0.0
 11
176.4316144978667
 21
125.47118347097287
 31
0.0
  0
LINE
  5
314
330
17
100
AcDbEntity
  8
VISIBLE
100
AcDbLine
 10
176.87161312457567
 20
126.53198354650388
 30
0.0
 11
176.90901241656786
 21
126.8167835991467
 31
0.0
  0
LINE
  5
315
330
17
100
AcDbEntity
  8
VISIBLE
100
AcDbLine
 10
177.05861339923388
 20
127.95598357129943
 30
0.0
 11
176.90901241656786
 21
126.8167835991467
 31
0.0
  0
LINE
  5
316
330
17
100
AcDbEntity
  8
VISIBLE
100
AcDbLine
 10
177.05861339923388
 20
127.95598357129943
 30
0.0
 11
177.0212141072417
 21
128.2407835643376
 31
0.0
  0
LINE
  5
317
330
17
100
AcDbEntity
  8
VISIBLE
100
AcDbLine
 10
176.87161312457567
 20
129.37998359609495
 30
0.0
 11
177.0212141072417
 21
128.2407835643376
 31
0.0
  0
LINE
  5
318
330
17
100
AcDbEntity
  8
VISIBLE
100
AcDbLine
 10
176.87161312457567
 20
129.37998359609495
 30
0.0
 11
176.7616125142241
 21
129.6451836149777
 31
0.0
  0
LINE
  5
319
330
17
100
AcDbEntity
  8
VISIBLE
100
AcDbLine
 10
176.32161388751513
 20
130.7059835712994
 30
0.0
 11
176.7616125142241
 21
129.6451836149777
 31
0.0
  0
LINE
  5
31A
330
17
100
AcDbEntity
  8
VISIBLE
100
AcDbLine
 10
176.32161388751513
 20
130.7059835712994
 30
0.0
 11
176.1468130147124
 21
130.93378346372495
 31
0.0
  0
LINE
  5
31B
330
17
100
AcDbEntity
  8
VISIBLE
100
AcDbLine
 10
175.44761333819872
 20
131.84498351026426
 30
0.0
 11
176.1468130147124
 21
130.93378346372495
 31
0.0
  0
LINE
  5
31C
330
17
100
AcDbEntity
  8
VISIBLE
100
AcDbLine
 10
175.44761333819872
 20
131.84498351026426
 30
0.0
 11
175.21981487628466
 21
132.01978342939267
 31
0.0
  0
LINE
  5
31D
330
17
100
AcDbEntity
  8
VISIBLE
100
AcDbLine
 10
174.30861339923388
 20
132.7189835827435
 30
0.0
 11
175.21981487628466
 21
132.01978342939267
 31
0.0
  0
LINE
  5
31E
330
17
100
AcDbEntity
  8
VISIBLE
100
AcDbLine
 10
174.30861339923388
 20
132.7189835827435
 30
0.0
 11
174.04341183063036
 21
132.8289837162579
 31
0.0
  0
LINE
  5
31F
330
17
100
AcDbEntity
  8
VISIBLE
100
AcDbLine
 10
172.98261318561083
 20
133.26898377347837
 30
0.0
 11
174.04341183063036
 21
132.8289837162579
 31
0.0
  0
LINE
  5
320
330
17
100
AcDbEntity
  8
VISIBLE
100
AcDbLine
 10
172.98261318561083
 20
133.26898377347837
 30
0.0
 11
172.69781170245653
 21
133.3063835423077
 31
0.0
  0
LINE
  5
321
330
17
100
AcDbEntity
  8
VISIBLE
100
AcDbLine
 10
171.55861339923388
 20
133.4559835712994
 30
0.0
 11
172.69781170245653
 21
133.3063835423077
 31
0.0
  0
LINE
  5
322
330
17
100
AcDbEntity
  8
VISIBLE
100
AcDbLine
 10
171.55861339923388
 20
133.4559835712994
 30
0.0
 11
170.55861339923388
 21
133.4559835712994
 31
0.0
  0
LINE
  5
323
330
17
100
AcDbEntity
  8
VISIBLE
100
AcDbLine
 10
77.34815273639208
 20
133.4559835712994
 30
0.0
 11
79.44761333819872
 21
131.84498351026426
 31
0.0
  0
LINE
  5
324
330
17
100
AcDbEntity
  8
VISIBLE
100
AcDbLine
 10
76.53177318927294
 20
133.4559835712994
 30
0.0
 11
78.30861339923388
 21
132.7189835827435
 31
0.0
  0
LINE
  5
325
330
17
100
AcDbEntity
  8
VISIBLE
100
AcDbLine
 10
75.55861339923388
 20
133.4559835712994
 30
0.0
 11
76.98261318561083
 21
133.26898377347837
 31
0.0
  0
LINE
  5
326
330
17
100
AcDbEntity
  8
VISIBLE
100
AcDbLine
 10
75.55861339923388
 20
133.4559835712994
 30
0.0
 11
76.69781170245653
 21
133.3063835423077
 31
0.0
  0
LINE
  5
327
330
17
100
AcDbEntity
  8
VISIBLE
100
AcDbLine
 10
75.55861339923388
 20
133.4559835712994
 30
0.0
 11
74.55861339923388
 21
133.4559835712994
 31
0.0
  0
LINE
  5
328
330
17
100
AcDbEntity
  8
VISIBLE
100
AcDbLine
 10
166.55861339923388
 20
133.4559835712994
 30
0.0
 11
170.55861339923388
 21
133.4559835712994
 31
0.0
  0
LINE
  5
329
330
17
100
AcDbEntity
  8
VISIBLE
100
AcDbLine
 10
166.55861339923388
 20
133.4559835712994
 30
0.0
 11
166.27381191607958
 21
133.41858380247007
 31
0.0
  0
LINE
  5
32A
330
17
100
AcDbEntity
  8
VISIBLE
100
AcDbLine
 10
76.98261318561083
 20
122.64298336912046
 30
0.0
 11
75.84341488238817
 21
122.49338334012876
 31
0.0
  0
LINE
  5
32B
330
17
100
AcDbEntity
  8
VISIBLE
100
AcDbLine
 10
76.98261318561083
 20
122.64298336912046
 30
0.0
 11
77.24781475421435
 21
122.75298350263486
 31
0.0
  0
LINE
  5
32C
330
17
100
AcDbEntity
  8
VISIBLE
100
AcDbLine
 10
78.30861339923388
 20
123.19298355985532
 30
0.0
 11
77.24781475421435
 21
122.75298350263486
 31
0.0
  0
LINE
  5
32D
330
17
100
AcDbEntity
  8
VISIBLE
100
AcDbLine
 10
78.30861339923388
 20
123.19298355985532
 30
0.0
 11
78.53641186114794
 21
123.36778347898374
 31
0.0
  0
LINE
  5
32E
330
17
100
AcDbEntity
  8
VISIBLE
100
AcDbLine
 10
79.44761333819872
 20
124.06698363233457
 30
0.0
 11
78.53641186114794
 21
123.36778347898374
 31
0.0
  0
LINE
  5
32F
330
17
100
AcDbEntity
  8
VISIBLE
100
AcDbLine
 10
79.44761333819872
 20
124.06698363233457
 30
0.0
 11
79.62241421100146
 21
124.2947835247601
 31
0.0
  0
LINE
  5
330
330
17
100
AcDbEntity
  8
VISIBLE
100
AcDbLine
 10
80.32161388751513
 20
125.20598357129941
 30
0.0
 11
79.62241421100146
 21
124.2947835247601
 31
0.0
  0
LINE
  5
331
330
17
100
AcDbEntity
  8
VISIBLE
100
AcDbLine
 10
80.32161388751513
 20
125.20598357129941
 30
0.0
 11
80.43161449786669
 21
125.47118347097287
 31
0.0
  0
LINE
  5
332
330
17
100
AcDbEntity
  8
VISIBLE
100
AcDbLine
 10
80.87161312457567
 20
126.53198354650388
 30
0.0
 11
81.2921987568999
 21
129.73472683835874
 31
0.0
  0
LINE
  5
333
330
17
100
AcDbEntity
  8
VISIBLE
100
AcDbLine
 10
80.87161312457567
 20
126.53198354650388
 30
0.0
 11
80.43161449786669
 21
125.47118347097287
 31
0.0
  0
LINE
  5
334
330
17
100
AcDbEntity
  8
VISIBLE
100
AcDbLine
 10
80.87161312457567
 20
126.53198354650388
 30
0.0
 11
80.90901241656786
 21
126.8167835991467
 31
0.0
  0
LINE
  5
335
330
17
100
AcDbEntity
  8
VISIBLE
100
AcDbLine
 10
81.05861339923388
 20
127.95598357129941
 30
0.0
 11
80.81259212848192
 21
129.82943301607023
 31
0.0
  0
LINE
  5
336
330
17
100
AcDbEntity
  8
VISIBLE
100
AcDbLine
 10
81.05861339923388
 20
127.95598357129941
 30
0.0
 11
80.90901241656786
 21
126.8167835991467
 31
0.0
  0
LINE
  5
337
330
17
100
AcDbEntity
  8
VISIBLE
100
AcDbLine
 10
81.05861339923388
 20
127.95598357129941
 30
0.0
 11
81.02121410724169
 21
128.2407835643376
 31
0.0
  0
LINE
  5
338
330
17
100
AcDbEntity
  8
VISIBLE
100
AcDbLine
 10
80.87161312457567
 20
129.37998359609495
 30
0.0
 11
80.67382488605028
 21
129.85683482099424
 31
0.0
  0
LINE
  5
339
330
17
100
AcDbEntity
  8
VISIBLE
100
AcDbLine
 10
80.87161312457567
 20
129.37998359609495
 30
0.0
 11
81.02121410724169
 21
128.2407835643376
 31
0.0
  0
LINE
  5
33A
330
17
100
AcDbEntity
  8
VISIBLE
100
AcDbLine
 10
80.87161312457567
 20
129.37998359609495
 30
0.0
 11
80.76161251422411
 21
129.6451836149777
 31
0.0
  0
LINE
  5
33B
330
17
100
AcDbEntity
  8
VISIBLE
100
AcDbLine
 10
80.32161388751513
 20
130.7059835712994
 30
0.0
 11
80.76161251422411
 21
129.6451836149777
 31
0.0
  0
LINE
  5
33C
330
17
100
AcDbEntity
  8
VISIBLE
100
AcDbLine
 10
80.32161388751513
 20
130.7059835712994
 30
0.0
 11
80.1468130147124
 21
130.93378346372495
 31
0.0
  0
LINE
  5
33D
330
17
100
AcDbEntity
  8
VISIBLE
100
AcDbLine
 10
79.44761333819872
 20
131.84498351026426
 30
0.0
 11
80.1468130147124
 21
130.93378346372495
 31
0.0
  0
LINE
  5
33E
330
17
100
AcDbEntity
  8
VISIBLE
100
AcDbLine
 10
79.44761333819872
 20
131.84498351026426
 30
0.0
 11
79.21981487628466
 21
132.01978342939267
 31
0.0
  0
LINE
  5
33F
330
17
100
AcDbEntity
  8
VISIBLE
100
AcDbLine
 10
78.30861339923388
 20
132.7189835827435
 30
0.0
 11
79.21981487628466
 21
132.01978342939267
 31
0.0
  0
LINE
  5
340
330
17
100
AcDbEntity
  8
VISIBLE
100
AcDbLine
 10
78.30861339923388
 20
132.7189835827435
 30
0.0
 11
78.04341183063036
 21
132.8289837162579
 31
0.0
  0
LINE
  5
341
330
17
100
AcDbEntity
  8
VISIBLE
100
AcDbLine
 10
76.98261318561083
 20
133.26898377347837
 30
0.0
 11
78.04341183063036
 21
132.8289837162579
 31
0.0
  0
LINE
  5
342
330
17
100
AcDbEntity
  8
VISIBLE
100
AcDbLine
 10
76.98261318561083
 20
133.26898377347837
 30
0.0
 11
76.69781170245653
 21
133.3063835423077
 31
0.0
  0
LINE
  5
343
330
17
100
AcDbEntity
  8
VISIBLE
100
AcDbLine
 10
70.55861339923388
 20
133.4559835712994
 30
0.0
 11
74.55861339923388
 21
133.4559835712994
 31
0.0
  0
LINE
  5
344
330
17
100
AcDbEntity
  8
VISIBLE
100
AcDbLine
 10
70.55861339923388
 20
133.4559835712994
 30
0.0
 11
70.27381191607958
 21
133.41858380247007
 31
0.0
  0
LINE
  5
345
330
17
100
AcDbEntity
  8
VISIBLE
100
AcDbLine
 10
67.28316173907763
 20
132.50103657651792
 30
0.0
 11
69.13461361285692
 21
133.26898377347837
 31
0.0
  0
LINE
  5
346
330
17
100
AcDbEntity
  8
VISIBLE
100
AcDbLine
 10
69.13461361285692
 20
133.26898377347837
 30
0.0
 11
70.27381191607958
 21
133.41858380247007
 31
0.0
  0
LINE
  5
347
330
17
100
AcDbEntity
  8
VISIBLE
100
AcDbLine
 10
69.13461361285692
 20
133.26898377347837
 30
0.0
 11
68.86941204425341
 21
133.15898363996396
 31
0.0
  0
LINE
  5
348
330
17
100
AcDbEntity
  8
VISIBLE
100
AcDbLine
 10
67.4751707112456
 20
132.4631208698834
 30
0.0
 11
67.80861339923388
 21
132.7189835827435
 31
0.0
  0
LINE
  5
349
330
17
100
AcDbEntity
  8
VISIBLE
100
AcDbLine
 10
67.80861339923388
 20
132.7189835827435
 30
0.0
 11
68.86941204425341
 21
133.15898363996396
 31
0.0
  0
LINE
  5
34A
330
17
100
AcDbEntity
  8
VISIBLE
100
AcDbLine
 10
67.80861339923388
 20
132.7189835827435
 30
0.0
 11
67.58081493731981
 21
132.5441836636151
 31
0.0
  0
LINE
  5
34B
330
17
100
AcDbEntity
  8
VISIBLE
100
AcDbLine
 10
66.66961346026903
 20
131.84498351026426
 30
0.0
 11
67.58081493731981
 21
132.5441836636151
 31
0.0
  0
LINE
  5
34C
330
17
100
AcDbEntity
  8
VISIBLE
100
AcDbLine
 10
66.66961346026903
 20
131.84498351026426
 30
0.0
 11
66.4948125874663
 21
131.61718361783872
 31
0.0
  0
LINE
  5
34D
330
17
100
AcDbEntity
  8
VISIBLE
100
AcDbLine
 10
65.79561291095263
 20
130.7059835712994
 30
0.0
 11
66.4948125874663
 21
131.61718361783872
 31
0.0
  0
LINE
  5
34E
330
17
100
AcDbEntity
  8
VISIBLE
100
AcDbLine
 10
65.79561291095263
 20
130.7059835712994
 30
0.0
 11
65.68561230060106
 21
130.44078367162595
 31
0.0
  0
LINE
  5
34F
330
17
100
AcDbEntity
  8
VISIBLE
100
AcDbLine
 10
65.24561367389208
 20
129.37998359609495
 30
0.0
 11
65.68561230060106
 21
130.44078367162595
 31
0.0
  0
LINE
  5
350
330
17
100
AcDbEntity
  8
VISIBLE
100
AcDbLine
 10
65.24561367389208
 20
129.37998359609495
 30
0.0
 11
65.2082143818999
 21
129.09518354345212
 31
0.0
  0
LINE
  5
351
330
17
100
AcDbEntity
  8
VISIBLE
100
AcDbLine
 10
65.05861339923388
 20
127.9559835712994
 30
0.0
 11
65.2082143818999
 21
129.09518354345212
 31
0.0
  0
LINE
  5
352
330
17
100
AcDbEntity
  8
VISIBLE
100
AcDbLine
 10
65.05861339923388
 20
127.9559835712994
 30
0.0
 11
65.09601269122606
 21
127.67118357826124
 31
0.0
  0
LINE
  5
353
330
17
100
AcDbEntity
  8
VISIBLE
100
AcDbLine
 10
65.24561367389208
 20
126.53198354650388
 30
0.0
 11
65.09601269122606
 21
127.67118357826124
 31
0.0
  0
LINE
  5
354
330
17
100
AcDbEntity
  8
VISIBLE
100
AcDbLine
 10
65.24561367389208
 20
126.53198354650388
 30
0.0
 11
65.35561428424364
 21
126.26678352762113
 31
0.0
  0
LINE
  5
355
330
17
100
AcDbEntity
  8
VISIBLE
100
AcDbLine
 10
65.79561291095263
 20
125.20598357129941
 30
0.0
 11
65.35561428424364
 21
126.26678352762113
 31
0.0
  0
LINE
  5
356
330
17
100
AcDbEntity
  8
VISIBLE
100
AcDbLine
 10
65.79561291095263
 20
125.20598357129941
 30
0.0
 11
65.97041378375536
 21
124.97818367887388
 31
0.0
  0
LINE
  5
357
330
17
100
AcDbEntity
  8
VISIBLE
100
AcDbLine
 10
66.66961346026903
 20
124.06698363233457
 30
0.0
 11
65.97041378375536
 21
124.97818367887388
 31
0.0
  0
LINE
  5
358
330
17
100
AcDbEntity
  8
VISIBLE
100
AcDbLine
 10
66.66961346026903
 20
124.06698363233457
 30
0.0
 11
66.8974119221831
 21
123.89218371320615
 31
0.0
  0
LINE
  5
359
330
17
100
AcDbEntity
  8
VISIBLE
100
AcDbLine
 10
67.80861339923388
 20
123.19298355985532
 30
0.0
 11
66.8974119221831
 21
123.89218371320615
 31
0.0
  0
LINE
  5
35A
330
17
100
AcDbEntity
  8
VISIBLE
100
AcDbLine
 10
67.80861339923388
 20
123.19298355985532
 30
0.0
 11
68.0738149678374
 21
123.08298342634092
 31
0.0
  0
LINE
  5
35B
330
17
100
AcDbEntity
  8
VISIBLE
100
AcDbLine
 10
69.13461361285692
 20
122.64298336912046
 30
0.0
 11
68.0738149678374
 21
123.08298342634092
 31
0.0
  0
LINE
  5
35C
330
17
100
AcDbEntity
  8
VISIBLE
100
AcDbLine
 10
69.13461361285692
 20
122.64298336912046
 30
0.0
 11
69.41941509601122
 21
122.60558360029111
 31
0.0
  0
LINE
  5
35D
330
17
100
AcDbEntity
  8
VISIBLE
100
AcDbLine
 10
70.55861339923388
 20
122.45598357129941
 30
0.0
 11
75.55861339923388
 21
122.45598357129941
 31
0.0
  0
LINE
  5
35E
330
17
100
AcDbEntity
  8
VISIBLE
100
AcDbLine
 10
70.55861339923388
 20
122.45598357129941
 30
0.0
 11
69.41941509601122
 21
122.60558360029111
 31
0.0
  0
LINE
  5
35F
330
17
100
AcDbEntity
  8
VISIBLE
100
AcDbLine
 10
70.55861339923388
 20
122.45598357129941
 30
0.0
 11
71.55861339923388
 21
122.45598357129941
 31
0.0
  0
LINE
  5
360
330
17
100
AcDbEntity
  8
VISIBLE
100
AcDbLine
 10
75.55861339923388
 20
122.45598357129941
 30
0.0
 11
75.84341488238817
 21
122.49338334012876
 31
0.0
  0
LINE
  5
361
330
17
100
AcDbEntity
  8
VISIBLE
100
AcDbLine
 10
75.55861339923388
 20
122.45598357129941
 30
0.0
 11
71.55861339923388
 21
122.45598357129941
 31
0.0
  0
LINE
  5
362
330
17
100
AcDbEntity
  8
VISIBLE
100
AcDbLine
 10
165.13461361285692
 20
133.26898377347837
 30
0.0
 11
166.27381191607958
 21
133.41858380247007
 31
0.0
  0
LINE
  5
363
330
17
100
AcDbEntity
  8
VISIBLE
100
AcDbLine
 10
165.13461361285692
 20
133.26898377347837
 30
0.0
 11
164.8694120442534
 21
133.15898363996396
 31
0.0
  0
LINE
  5
364
330
17
100
AcDbEntity
  8
VISIBLE
100
AcDbLine
 10
163.80861339923388
 20
132.7189835827435
 30
0.0
 11
164.8694120442534
 21
133.15898363996396
 31
0.0
  0
LINE
  5
365
330
17
100
AcDbEntity
  8
VISIBLE
100
AcDbLine
 10
163.80861339923388
 20
132.7189835827435
 30
0.0
 11
163.58081493731981
 21
132.5441836636151
 31
0.0
  0
LINE
  5
366
330
17
100
AcDbEntity
  8
VISIBLE
100
AcDbLine
 10
162.66961346026903
 20
131.84498351026426
 30
0.0
 11
163.58081493731981
 21
132.5441836636151
 31
0.0
  0
LINE
  5
367
330
17
100
AcDbEntity
  8
VISIBLE
100
AcDbLine
 10
162.66961346026903
 20
131.84498351026426
 30
0.0
 11
162.4948125874663
 21
131.61718361783872
 31
0.0
  0
LINE
  5
368
330
17
100
AcDbEntity
  8
VISIBLE
100
AcDbLine
 10
161.79561291095263
 20
130.7059835712994
 30
0.0
 11
162.4948125874663
 21
131.61718361783872
 31
0.0
  0
LINE
  5
369
330
17
100
AcDbEntity
  8
VISIBLE
100
AcDbLine
 10
161.79561291095263
 20
130.7059835712994
 30
0.0
 11
161.68561230060106
 21
130.44078367162595
 31
0.0
  0
LINE
  5
36A
330
17
100
AcDbEntity
  8
VISIBLE
100
AcDbLine
 10
161.24561367389208
 20
129.37998359609495
 30
0.0
 11
161.68561230060106
 21
130.44078367162595
 31
0.0
  0
LINE
  5
36B
330
17
100
AcDbEntity
  8
VISIBLE
100
AcDbLine
 10
161.24561367389208
 20
129.37998359609495
 30
0.0
 11
161.2082143818999
 21
129.09518354345212
 31
0.0
  0
LINE
  5
36C
330
17
100
AcDbEntity
  8
VISIBLE
100
AcDbLine
 10
161.05861339923388
 20
127.9559835712994
 30
0.0
 11
161.2082143818999
 21
129.09518354345212
 31
0.0
  0
LINE
  5
36D
330
17
100
AcDbEntity
  8
VISIBLE
100
AcDbLine
 10
161.05861339923388
 20
127.9559835712994
 30
0.0
 11
161.09601269122606
 21
127.67118357826124
 31
0.0
  0
LINE
  5
36E
330
17
100
AcDbEntity
  8
VISIBLE
100
AcDbLine
 10
161.24561367389208
 20
126.53198354650388
 30
0.0
 11
161.09601269122606
 21
127.67118357826124
 31
0.0
  0
LINE
  5
36F
330
17
100
AcDbEntity
  8
VISIBLE
100
AcDbLine
 10
161.24561367389208
 20
126.53198354650388
 30
0.0
 11
161.35561428424364
 21
126.26678352762113
 31
0.0
  0
LINE
  5
370
330
17
100
AcDbEntity
  8
VISIBLE
100
AcDbLine
 10
161.79561291095263
 20
125.20598357129941
 30
0.0
 11
161.35561428424364
 21
126.26678352762113
 31
0.0
  0
LINE
  5
371
330
17
100
AcDbEntity
  8
VISIBLE
100
AcDbLine
 10
161.79561291095263
 20
125.20598357129941
 30
0.0
 11
161.97041378375536
 21
124.97818367887388
 31
0.0
  0
LINE
  5
372
330
17
100
AcDbEntity
  8
VISIBLE
100
AcDbLine
 10
162.66961346026903
 20
124.06698363233457
 30
0.0
 11
161.97041378375536
 21
124.97818367887388
 31
0.0
  0
LINE
  5
373
330
17
100
AcDbEntity
  8
VISIBLE
100
AcDbLine
 10
162.66961346026903
 20
124.06698363233457
 30
0.0
 11
162.8974119221831
 21
123.89218371320615
 31
0.0
  0
LINE
  5
374
330
17
100
AcDbEntity
  8
VISIBLE
100
AcDbLine
 10
163.80861339923388
 20
123.19298355985532
 30
0.0
 11
162.8974119221831
 21
123.89218371320615
 31
0.0
  0
LINE
  5
375
330
17
100
AcDbEntity
  8
VISIBLE
100
AcDbLine
 10
163.80861339923388
 20
123.19298355985532
 30
0.0
 11
164.0738149678374
 21
123.08298342634092
 31
0.0
  0
LINE
  5
376
330
17
100
AcDbEntity
  8
VISIBLE
100
AcDbLine
 10
165.13461361285692
 20
122.64298336912046
 30
0.0
 11
164.0738149678374
 21
123.08298342634092
 31
0.0
  0
LINE
  5
377
330
17
100
AcDbEntity
  8
VISIBLE
100
AcDbLine
 10
165.13461361285692
 20
122.64298336912046
 30
0.0
 11
165.41941509601122
 21
122.60558360029111
 31
0.0
  0
LINE
  5
378
330
17
100
AcDbEntity
  8
VISIBLE
100
AcDbLine
 10
166.55861339923388
 20
122.45598357129941
 30
0.0
 11
171.55861339923388
 21
122.45598357129941
 31
0.0
  0
LINE
  5
379
330
17
100
AcDbEntity
  8
VISIBLE
100
AcDbLine
 10
166.55861339923388
 20
122.45598357129941
 30
0.0
 11
165.41941509601122
 21
122.60558360029111
 31
0.0
  0
LINE
  5
37A
330
17
100
AcDbEntity
  8
VISIBLE
100
AcDbLine
 10
166.55861339923388
 20
122.45598357129941
 30
0.0
 11
167.55861339923388
 21
122.45598357129941
 31
0.0
  0
LINE
  5
37B
330
17
100
AcDbEntity
  8
VISIBLE
100
AcDbLine
 10
171.55861339923388
 20
122.45598357129941
 30
0.0
 11
171.84341488238817
 21
122.49338334012876
 31
0.0
  0
LINE
  5
37C
330
17
100
AcDbEntity
  8
VISIBLE
100
AcDbLine
 10
171.55861339923388
 20
122.45598357129941
 30
0.0
 11
167.55861339923388
 21
122.45598357129941
 31
0.0
  0
LINE
  5
37D
330
17
100
AcDbEntity
  8
VISIBLE
100
AcDbLine
 10
56.203610874651005
 20
125.73697928758928
 30
0.0
 11
56.20360976419501
 21
125.73698772611583
 31
0.0
  0
LINE
  5
37E
330
17
100
AcDbEntity
  8
VISIBLE
100
AcDbLine
 10
56.20360976419501
 20
125.73698772611583
 30
0.0
 11
56.06565533038854
 21
127.84822308231146
 31
0.0
  0
LINE
  5
37F
330
17
100
AcDbEntity
  8
VISIBLE
100
AcDbLine
 10
56.06565533038854
 20
127.84822308231146
 30
0.0
 11
56.058613675908845
 21
127.95597933757652
 31
0.0
  0
LINE
  5
380
330
17
100
AcDbEntity
  8
VISIBLE
100
AcDbLine
 10
56.058613675908845
 20
127.95597933757652
 30
0.0
 11
56.05861367585891
 21
127.95598780539613
 31
0.0
  0
LINE
  5
381
330
17
100
AcDbEntity
  8
VISIBLE
100
AcDbLine
 10
56.05861367585891
 20
127.95598780539613
 30
0.0
 11
56.20360976420271
 21
130.17497941661662
 31
0.0
  0
LINE
  5
382
330
17
100
AcDbEntity
  8
VISIBLE
100
AcDbLine
 10
56.20360976420271
 20
130.17497941661662
 30
0.0
 11
56.20361087465636
 21
130.17498785527525
 31
0.0
  0
LINE
  5
383
330
17
100
AcDbEntity
  8
VISIBLE
100
AcDbLine
 10
56.20361087465636
 20
130.17498785527525
 30
0.0
 11
56.488842586171586
 21
131.60833948015997
 31
0.0
  0
LINE
  5
384
330
17
100
AcDbEntity
  8
VISIBLE
100
AcDbLine
 10
56.488842586171586
 20
131.60833948015997
 30
0.0
 11
56.63761494932916
 21
132.35597949396566
 31
0.0
  0
LINE
  5
385
330
17
100
AcDbEntity
  8
VISIBLE
100
AcDbLine
 10
56.63761494932916
 20
132.35597949396566
 30
0.0
 11
56.63761714747929
 21
132.35598769579772
 31
0.0
  0
LINE
  5
386
330
17
100
AcDbEntity
  8
VISIBLE
100
AcDbLine
 10
56.63761714747929
 20
132.35598769579772
 30
0.0
 11
57.011067012493626
 21
133.45598357129307
 31
0.0
  0
LINE
  5
387
330
17
100
AcDbEntity
  8
VISIBLE
100
AcDbLine
 10
57.011067012493626
 20
133.45598357129307
 30
0.0
 11
57.352610747116735
 21
134.46197957674883
 31
0.0
  0
LINE
  5
388
330
17
100
AcDbEntity
  8
VISIBLE
100
AcDbLine
 10
57.352610747116735
 20
134.46197957674883
 30
0.0
 11
57.352614004057834
 21
134.4619874362313
 31
0.0
  0
LINE
  5
389
330
17
100
AcDbEntity
  8
VISIBLE
100
AcDbLine
 10
57.352614004057834
 20
134.4619874362313
 30
0.0
 11
57.99440060018415
 21
135.76251786163706
 31
0.0
  0
LINE
  5
38A
330
17
100
AcDbEntity
  8
VISIBLE
100
AcDbLine
 10
57.99440060018415
 20
135.76251786163706
 30
0.0
 11
58.336611400178455
 21
136.45597976784012
 31
0.0
  0
LINE
  5
38B
330
17
100
AcDbEntity
  8
VISIBLE
100
AcDbLine
 10
58.336611400178455
 20
136.45597976784012
 30
0.0
 11
58.33661563287007
 21
136.45598709823227
 31
0.0
  0
LINE
  5
38C
330
17
100
AcDbEntity
  8
VISIBLE
100
AcDbLine
 10
58.33661563287007
 20
136.45598709823227
 30
0.0
 11
59.57161152252713
 21
138.30498000760005
 31
0.0
  0
LINE
  5
38D
330
17
100
AcDbEntity
  8
VISIBLE
100
AcDbLine
 10
59.57161152252713
 20
138.30498000760005
 30
0.0
 11
59.57161669471645
 21
138.30498675005117
 31
0.0
  0
LINE
  5
38E
330
17
100
AcDbEntity
  8
VISIBLE
100
AcDbLine
 10
59.57161669471645
 20
138.30498675005117
 30
0.0
 11
60.976975063040385
 21
139.90782397201494
 31
0.0
  0
LINE
  5
38F
330
17
100
AcDbEntity
  8
VISIBLE
100
AcDbLine
 10
60.976975063040385
 20
139.90782397201494
 30
0.0
 11
61.03761068061812
 21
139.97698027472055
 31
0.0
  0
LINE
  5
390
330
17
100
AcDbEntity
  8
VISIBLE
100
AcDbLine
 10
61.03761068061812
 20
139.97698027472055
 30
0.0
 11
61.03761669579647
 21
139.9769862898989
 31
0.0
  0
LINE
  5
391
330
17
100
AcDbEntity
  8
VISIBLE
100
AcDbLine
 10
61.03761669579647
 20
139.9769862898989
 30
0.0
 11
62.70961117418018
 21
141.44298122951534
 31
0.0
  0
LINE
  5
392
330
17
100
AcDbEntity
  8
VISIBLE
100
AcDbLine
 10
62.70961117418018
 20
141.44298122951534
 30
0.0
 11
62.70961791662713
 21
141.4429864017015
 31
0.0
  0
LINE
  5
393
330
17
100
AcDbEntity
  8
VISIBLE
100
AcDbLine
 10
62.70961791662713
 20
141.4429864017015
 30
0.0
 11
64.55860987213477
 21
142.67798133755278
 31
0.0
  0
LINE
  5
394
330
17
100
AcDbEntity
  8
VISIBLE
100
AcDbLine
 10
64.55860987213477
 20
142.67798133755278
 30
0.0
 11
64.55861720260265
 21
142.6779855702593
 31
0.0
  0
LINE
  5
395
330
17
100
AcDbEntity
  8
VISIBLE
100
AcDbLine
 10
64.55861720260265
 20
142.6779855702593
 30
0.0
 11
65.0280881917623
 21
142.90966074868174
 31
0.0
  0
LINE
  5
396
330
17
100
AcDbEntity
  8
VISIBLE
100
AcDbLine
 10
65.0280881917623
 20
142.90966074868174
 30
0.0
 11
66.5526090575473
 21
143.66198201279852
 31
0.0
  0
LINE
  5
397
330
17
100
AcDbEntity
  8
VISIBLE
100
AcDbLine
 10
66.5526090575473
 20
143.66198201279852
 30
0.0
 11
66.55261691712913
 21
143.66198526978934
 31
0.0
  0
LINE
  5
398
330
17
100
AcDbEntity
  8
VISIBLE
100
AcDbLine
 10
66.55261691712913
 20
143.66198526978934
 30
0.0
 11
68.65860784426259
 21
144.37698173041358
 31
0.0
  0
LINE
  5
399
330
17
100
AcDbEntity
  8
VISIBLE
100
AcDbLine
 10
68.65860784426259
 20
144.37698173041358
 30
0.0
 11
68.65861604607943
 21
144.3769839285962
 31
0.0
  0
LINE
  5
39A
330
17
100
AcDbEntity
  8
VISIBLE
100
AcDbLine
 10
68.65861604607943
 20
144.3769839285962
 30
0.0
 11
69.67596111650816
 21
144.57942717484926
 31
0.0
  0
LINE
  5
39B
330
17
100
AcDbEntity
  8
VISIBLE
100
AcDbLine
 10
69.67596111650816
 20
144.57942717484926
 30
0.0
 11
70.83960744669352
 21
144.8109822812467
 31
0.0
  0
LINE
  5
39C
330
17
100
AcDbEntity
  8
VISIBLE
100
AcDbLine
 10
70.83960744669352
 20
144.8109822812467
 30
0.0
 11
70.83961588489368
 21
144.81098339164924
 31
0.0
  0
LINE
  5
39D
330
17
100
AcDbEntity
  8
VISIBLE
100
AcDbLine
 10
70.83961588489368
 20
144.81098339164924
 30
0.0
 11
73.05861128310835
 21
144.95598343298556
 31
0.0
  0
LINE
  5
39E
330
17
100
AcDbEntity
  8
VISIBLE
100
AcDbLine
 10
73.05861128310835
 20
144.95598343298556
 30
0.0
 11
73.05861552040128
 21
144.9559835712994
 31
0.0
  0
LINE
  5
39F
330
17
100
AcDbEntity
  8
VISIBLE
100
AcDbLine
 10
73.05861552040128
 20
144.9559835712994
 30
0.0
 11
169.0586112780914
 21
144.9559835712994
 31
0.0
  0
LINE
  5
3A0
330
17
100
AcDbEntity
  8
VISIBLE
100
AcDbLine
 10
169.0586112780914
 20
144.9559835712994
 30
0.0
 11
169.05861551543575
 21
144.9559834329855
 31
0.0
  0
LINE
  5
3A1
330
17
100
AcDbEntity
  8
VISIBLE
100
AcDbLine
 10
169.05861551543575
 20
144.9559834329855
 30
0.0
 11
170.44866237997752
 21
144.86514990736725
 31
0.0
  0
LINE
  5
3A2
330
17
100
AcDbEntity
  8
VISIBLE
100
AcDbLine
 10
170.44866237997752
 20
144.86514990736725
 30
0.0
 11
171.27761091355467
 21
144.81098339163208
 31
0.0
  0
LINE
  5
3A3
330
17
100
AcDbEntity
  8
VISIBLE
100
AcDbLine
 10
171.27761091355467
 20
144.81098339163208
 30
0.0
 11
171.27761935185003
 21
144.81098228123017
 31
0.0
  0
LINE
  5
3A4
330
17
100
AcDbEntity
  8
VISIBLE
100
AcDbLine
 10
171.27761935185003
 20
144.81098228123017
 30
0.0
 11
173.45861075240987
 21
144.37698392857033
 31
0.0
  0
LINE
  5
3A5
330
17
100
AcDbEntity
  8
VISIBLE
100
AcDbLine
 10
173.45861075240987
 20
144.37698392857033
 30
0.0
 11
173.4586189543196
 21
144.3769817303762
 31
0.0
  0
LINE
  5
3A6
330
17
100
AcDbEntity
  8
VISIBLE
100
AcDbLine
 10
173.4586189543196
 20
144.3769817303762
 30
0.0
 11
174.96956692089287
 21
143.86400645182118
 31
0.0
  0
LINE
  5
3A7
330
17
100
AcDbEntity
  8
VISIBLE
100
AcDbLine
 10
174.96956692089287
 20
143.86400645182118
 30
0.0
 11
175.56460988138846
 21
143.66198526981012
 31
0.0
  0
LINE
  5
3A8
330
17
100
AcDbEntity
  8
VISIBLE
100
AcDbLine
 10
175.56460988138846
 20
143.66198526981012
 30
0.0
 11
175.56461774101032
 21
143.66198201280272
 31
0.0
  0
LINE
  5
3A9
330
17
100
AcDbEntity
  8
VISIBLE
100
AcDbLine
 10
175.56461774101032
 20
143.66198201280272
 30
0.0
 11
177.5586095958959
 21
142.6779855702415
 31
0.0
  0
LINE
  5
3AA
330
17
100
AcDbEntity
  8
VISIBLE
100
AcDbLine
 10
177.5586095958959
 20
142.6779855702415
 30
0.0
 11
177.55861692633
 21
142.6779813375545
 31
0.0
  0
LINE
  5
3AB
330
17
100
AcDbEntity
  8
VISIBLE
100
AcDbLine
 10
177.55861692633
 20
142.6779813375545
 30
0.0
 11
178.87633190507262
 21
141.79784148147792
 31
0.0
  0
LINE
  5
3AC
330
17
100
AcDbEntity
  8
VISIBLE
100
AcDbLine
 10
178.87633190507262
 20
141.79784148147792
 30
0.0
 11
179.40760888184747
 21
141.44298640169623
 31
0.0
  0
LINE
  5
3AD
330
17
100
AcDbEntity
  8
VISIBLE
100
AcDbLine
 10
179.40760888184747
 20
141.44298640169623
 30
0.0
 11
179.4076156242876
 21
141.44298122951534
 31
0.0
  0
LINE
  5
3AE
330
17
100
AcDbEntity
  8
VISIBLE
100
AcDbLine
 10
179.4076156242876
 20
141.44298122951534
 30
0.0
 11
181.07961010267127
 21
139.9769862898989
 31
0.0
  0
LINE
  5
3AF
330
17
100
AcDbEntity
  8
VISIBLE
100
AcDbLine
 10
181.07961010267127
 20
139.9769862898989
 30
0.0
 11
181.0796161178297
 21
139.9769802747405
 31
0.0
  0
LINE
  5
3B0
330
17
100
AcDbEntity
  8
VISIBLE
100
AcDbLine
 10
181.0796161178297
 20
139.9769802747405
 30
0.0
 11
182.00878200881738
 21
138.9172491352263
 31
0.0
  0
LINE
  5
3B1
330
17
100
AcDbEntity
  8
VISIBLE
100
AcDbLine
 10
182.00878200881738
 20
138.9172491352263
 30
0.0
 11
182.54561010375096
 21
138.3049867500516
 31
0.0
  0
LINE
  5
3B2
330
17
100
AcDbEntity
  8
VISIBLE
100
AcDbLine
 10
182.54561010375096
 20
138.3049867500516
 30
0.0
 11
182.54561527594544
 21
138.3049800075938
 31
0.0
  0
LINE
  5
3B3
330
17
100
AcDbEntity
  8
VISIBLE
100
AcDbLine
 10
182.54561527594544
 20
138.3049800075938
 30
0.0
 11
183.65060100912586
 21
136.65063422131792
 31
0.0
  0
LINE
  5
3B4
330
17
100
AcDbEntity
  8
VISIBLE
100
AcDbLine
 10
183.65060100912586
 20
136.65063422131792
 30
0.0
 11
183.78061116558592
 21
136.45598709830747
 31
0.0
  0
LINE
  5
3B5
330
17
100
AcDbEntity
  8
VISIBLE
100
AcDbLine
 10
183.78061116558592
 20
136.45598709830747
 30
0.0
 11
183.78061539823202
 21
136.45597976795764
 31
0.0
  0
LINE
  5
3B6
330
17
100
AcDbEntity
  8
VISIBLE
100
AcDbLine
 10
183.78061539823202
 20
136.45597976795764
 30
0.0
 11
184.2399488484436
 21
135.52517884181552
 31
0.0
  0
LINE
  5
3B7
330
17
100
AcDbEntity
  8
VISIBLE
100
AcDbLine
 10
184.2399488484436
 20
135.52517884181552
 30
0.0
 11
184.76461279445516
 21
134.46198743614283
 31
0.0
  0
LINE
  5
3B8
330
17
100
AcDbEntity
  8
VISIBLE
100
AcDbLine
 10
184.76461279445516
 20
134.46198743614283
 30
0.0
 11
184.76461605150945
 21
134.46197957642846
 31
0.0
  0
LINE
  5
3B9
330
17
100
AcDbEntity
  8
VISIBLE
100
AcDbLine
 10
184.76461605150945
 20
134.46197957642846
 30
0.0
 11
185.47960965109746
 21
132.35598769544308
 31
0.0
  0
LINE
  5
3BA
330
17
100
AcDbEntity
  8
VISIBLE
100
AcDbLine
 10
185.47960965109746
 20
132.35598769544308
 30
0.0
 11
185.47961184923662
 21
132.35597949390166
 31
0.0
  0
LINE
  5
3BB
330
17
100
AcDbEntity
  8
VISIBLE
100
AcDbLine
 10
185.47961184923662
 20
132.35597949390166
 30
0.0
 11
185.58164654127728
 21
131.84323089525486
 31
0.0
  0
LINE
  5
3BC
330
17
100
AcDbEntity
  8
VISIBLE
100
AcDbLine
 10
185.58164654127728
 20
131.84323089525486
 30
0.0
 11
185.91361592381674
 21
130.17498785500956
 31
0.0
  0
LINE
  5
3BD
330
17
100
AcDbEntity
  8
VISIBLE
100
AcDbLine
 10
185.91361592381674
 20
130.17498785500956
 30
0.0
 11
185.91361703427276
 21
130.17497941648298
 31
0.0
  0
LINE
  5
3BE
330
17
100
AcDbEntity
  8
VISIBLE
100
AcDbLine
 10
185.91361703427276
 20
130.17497941648298
 30
0.0
 11
186.0515714680792
 21
128.06374406028735
 31
0.0
  0
LINE
  5
3BF
330
17
100
AcDbEntity
  8
VISIBLE
100
AcDbLine
 10
186.0515714680792
 20
128.06374406028735
 30
0.0
 11
186.0586131225589
 21
127.9559878050223
 31
0.0
  0
LINE
  5
3C0
330
17
100
AcDbEntity
  8
VISIBLE
100
AcDbLine
 10
186.0586131225589
 20
127.9559878050223
 30
0.0
 11
186.05861312260885
 21
127.95597933720269
 31
0.0
  0
LINE
  5
3C1
330
17
100
AcDbEntity
  8
VISIBLE
100
AcDbLine
 10
186.05861312260885
 20
127.95597933720269
 30
0.0
 11
185.91361703426503
 21
125.73698772598219
 31
0.0
  0
LINE
  5
3C2
330
17
100
AcDbEntity
  8
VISIBLE
100
AcDbLine
 10
185.91361703426503
 20
125.73698772598219
 30
0.0
 11
185.9136159238114
 21
125.73697928732358
 31
0.0
  0
LINE
  5
3C3
330
17
100
AcDbEntity
  8
VISIBLE
100
AcDbLine
 10
185.9136159238114
 20
125.73697928732358
 30
0.0
 11
185.62838421229617
 21
124.30362766243886
 31
0.0
  0
LINE
  5
3C4
330
17
100
AcDbEntity
  8
VISIBLE
100
AcDbLine
 10
185.62838421229617
 20
124.30362766243886
 30
0.0
 11
185.47961184915272
 21
123.55598764870423
 31
0.0
  0
LINE
  5
3C5
330
17
100
AcDbEntity
  8
VISIBLE
100
AcDbLine
 10
185.47961184915272
 20
123.55598764870423
 30
0.0
 11
185.47960965096146
 21
123.55597944675517
 31
0.0
  0
LINE
  5
3C6
330
17
100
AcDbEntity
  8
VISIBLE
100
AcDbLine
 10
185.47960965096146
 20
123.55597944675517
 30
0.0
 11
184.7646160514624
 21
121.44998756603184
 31
0.0
  0
LINE
  5
3C7
330
17
100
AcDbEntity
  8
VISIBLE
100
AcDbLine
 10
184.7646160514624
 20
121.44998756603184
 30
0.0
 11
184.76461279440645
 21
121.44997970626349
 31
0.0
  0
LINE
  5
3C8
330
17
100
AcDbEntity
  8
VISIBLE
100
AcDbLine
 10
184.76461279440645
 20
121.44997970626349
 30
0.0
 11
183.7806153981854
 21
119.45598737465373
 31
0.0
  0
LINE
  5
3C9
330
17
100
AcDbEntity
  8
VISIBLE
100
AcDbLine
 10
183.7806153981854
 20
119.45598737465373
 30
0.0
 11
183.78061116549105
 21
119.45598004420688
 31
0.0
  0
LINE
  5
3CA
330
17
100
AcDbEntity
  8
VISIBLE
100
AcDbLine
 10
183.78061116549105
 20
119.45598004420688
 30
0.0
 11
182.54561527594063
 21
117.60698713499876
 31
0.0
  0
LINE
  5
3CB
330
17
100
AcDbEntity
  8
VISIBLE
100
AcDbLine
 10
182.54561527594063
 20
117.60698713499876
 30
0.0
 11
182.54561010374826
 21
117.60698039254369
 31
0.0
  0
LINE
  5
3CC
330
17
100
AcDbEntity
  8
VISIBLE
100
AcDbLine
 10
182.54561010374826
 20
117.60698039254369
 30
0.0
 11
181.0796161178315
 21
115.93498686786016
 31
0.0
  0
LINE
  5
3CD
330
17
100
AcDbEntity
  8
VISIBLE
100
AcDbLine
 10
181.0796161178315
 20
115.93498686786016
 30
0.0
 11
181.07961010267127
 21
115.93498085269992
 31
0.0
  0
LINE
  5
3CE
330
17
100
AcDbEntity
  8
VISIBLE
100
AcDbLine
 10
181.07961010267127
 20
115.93498085269992
 30
0.0
 11
179.4076156242876
 21
114.46898591308347
 31
0.0
  0
LINE
  5
3CF
330
17
100
AcDbEntity
  8
VISIBLE
100
AcDbLine
 10
179.4076156242876
 20
114.46898591308347
 30
0.0
 11
179.40760888184062
 21
114.46898074089735
 31
0.0
  0
LINE
  5
3D0
330
17
100
AcDbEntity
  8
VISIBLE
100
AcDbLine
 10
179.40760888184062
 20
114.46898074089735
 30
0.0
 11
177.558616926333
 21
113.23398580504605
 31
0.0
  0
LINE
  5
3D1
330
17
100
AcDbEntity
  8
VISIBLE
100
AcDbLine
 10
177.558616926333
 20
113.23398580504605
 30
0.0
 11
177.5586095958959
 21
113.23398157235732
 31
0.0
  0
LINE
  5
3D2
330
17
100
AcDbEntity
  8
VISIBLE
100
AcDbLine
 10
177.5586095958959
 20
113.23398157235732
 30
0.0
 11
175.56461774114143
 21
112.2499851298608
 31
0.0
  0
LINE
  5
3D3
330
17
100
AcDbEntity
  8
VISIBLE
100
AcDbLine
 10
175.56461774114143
 20
112.2499851298608
 30
0.0
 11
175.56460988147714
 21
112.24998187285651
 31
0.0
  0
LINE
  5
3D4
330
17
100
AcDbEntity
  8
VISIBLE
100
AcDbLine
 10
175.56460988147714
 20
112.24998187285651
 30
0.0
 11
173.458618954299
 21
111.53498541221711
 31
0.0
  0
LINE
  5
3D5
330
17
100
AcDbEntity
  8
VISIBLE
100
AcDbLine
 10
173.458618954299
 20
111.53498541221711
 30
0.0
 11
173.45861075240987
 21
111.53498321402851
 31
0.0
  0
LINE
  5
3D6
330
17
100
AcDbEntity
  8
VISIBLE
100
AcDbLine
 10
173.45861075240987
 20
111.53498321402851
 30
0.0
 11
171.27761935175232
 21
111.10098486134922
 31
0.0
  0
LINE
  5
3D7
330
17
100
AcDbEntity
  8
VISIBLE
100
AcDbLine
 10
171.27761935175232
 20
111.10098486134922
 30
0.0
 11
171.27761091357408
 21
111.10098375094958
 31
0.0
  0
LINE
  5
3D8
330
17
100
AcDbEntity
  8
VISIBLE
100
AcDbLine
 10
171.27761091357408
 20
111.10098375094958
 30
0.0
 11
169.0586155153594
 21
110.95598370961328
 31
0.0
  0
LINE
  5
3D9
330
17
100
AcDbEntity
  8
VISIBLE
100
AcDbLine
 10
169.0586155153594
 20
110.95598370961328
 30
0.0
 11
169.05861127806648
 21
110.95598357129941
 31
0.0
  0
LINE
  5
3DA
330
17
100
AcDbEntity
  8
VISIBLE
100
AcDbLine
 10
169.05861127806648
 20
110.95598357129941
 30
0.0
 11
73.05861552040128
 21
110.95598357129941
 31
0.0
  0
LINE
  5
3DB
330
17
100
AcDbEntity
  8
VISIBLE
100
AcDbLine
 10
73.05861552040128
 20
110.95598357129941
 30
0.0
 11
73.05861128310835
 21
110.95598370961328
 31
0.0
  0
LINE
  5
3DC
330
17
100
AcDbEntity
  8
VISIBLE
100
AcDbLine
 10
73.05861128310835
 20
110.95598370961328
 30
0.0
 11
70.83961588489368
 21
111.10098375094958
 31
0.0
  0
LINE
  5
3DD
330
17
100
AcDbEntity
  8
VISIBLE
100
AcDbLine
 10
70.83961588489368
 20
111.10098375094958
 30
0.0
 11
70.83960744671542
 21
111.10098486134922
 31
0.0
  0
LINE
  5
3DE
330
17
100
AcDbEntity
  8
VISIBLE
100
AcDbLine
 10
70.83960744671542
 20
111.10098486134922
 30
0.0
 11
68.6586160460579
 21
111.53498321402851
 31
0.0
  0
LINE
  5
3DF
330
17
100
AcDbEntity
  8
VISIBLE
100
AcDbLine
 10
68.6586160460579
 20
111.53498321402851
 30
0.0
 11
68.65860784416876
 21
111.53498541221711
 31
0.0
  0
LINE
  5
3E0
330
17
100
AcDbEntity
  8
VISIBLE
100
AcDbLine
 10
68.65860784416876
 20
111.53498541221711
 30
0.0
 11
66.55261691699062
 21
112.24998187285651
 31
0.0
  0
LINE
  5
3E1
330
17
100
AcDbEntity
  8
VISIBLE
100
AcDbLine
 10
66.55261691699062
 20
112.24998187285651
 30
0.0
 11
66.55260905732632
 21
112.2499851298608
 31
0.0
  0
LINE
  5
3E2
330
17
100
AcDbEntity
  8
VISIBLE
100
AcDbLine
 10
66.55260905732632
 20
112.2499851298608
 30
0.0
 11
64.55861720257187
 21
113.23398157235732
 31
0.0
  0
LINE
  5
3E3
330
17
100
AcDbEntity
  8
VISIBLE
100
AcDbLine
 10
64.55861720257187
 20
113.23398157235732
 30
0.0
 11
64.55860987213477
 21
113.23398580504605
 31
0.0
  0
LINE
  5
3E4
330
17
100
AcDbEntity
  8
VISIBLE
100
AcDbLine
 10
64.55860987213477
 20
113.23398580504605
 30
0.0
 11
62.70961791662713
 21
114.46898074089735
 31
0.0
  0
LINE
  5
3E5
330
17
100
AcDbEntity
  8
VISIBLE
100
AcDbLine
 10
62.70961791662713
 20
114.46898074089735
 30
0.0
 11
62.70961117418018
 21
114.46898591308347
 31
0.0
  0
LINE
  5
3E6
330
17
100
AcDbEntity
  8
VISIBLE
100
AcDbLine
 10
62.70961117418018
 20
114.46898591308347
 30
0.0
 11
61.03761669579648
 21
115.93498085269992
 31
0.0
  0
LINE
  5
3E7
330
17
100
AcDbEntity
  8
VISIBLE
100
AcDbLine
 10
61.03761669579648
 20
115.93498085269992
 30
0.0
 11
61.03761068063624
 21
115.93498686786016
 31
0.0
  0
LINE
  5
3E8
330
17
100
AcDbEntity
  8
VISIBLE
100
AcDbLine
 10
61.03761068063624
 20
115.93498686786016
 30
0.0
 11
59.57161669471949
 21
117.60698039254369
 31
0.0
  0
LINE
  5
3E9
330
17
100
AcDbEntity
  8
VISIBLE
100
AcDbLine
 10
59.57161669471949
 20
117.60698039254369
 30
0.0
 11
59.57161152252232
 21
117.60698713500504
 31
0.0
  0
LINE
  5
3EA
330
17
100
AcDbEntity
  8
VISIBLE
100
AcDbLine
 10
59.57161152252232
 20
117.60698713500504
 30
0.0
 11
58.46662578934188
 21
119.26133292128091
 31
0.0
  0
LINE
  5
3EB
330
17
100
AcDbEntity
  8
VISIBLE
100
AcDbLine
 10
58.46662578934188
 20
119.26133292128091
 30
0.0
 11
58.336615632881816
 21
119.45598004429135
 31
0.0
  0
LINE
  5
3EC
330
17
100
AcDbEntity
  8
VISIBLE
100
AcDbLine
 10
58.336615632881816
 20
119.45598004429135
 30
0.0
 11
58.33661140024061
 21
119.45598737463274
 31
0.0
  0
LINE
  5
3ED
330
17
100
AcDbEntity
  8
VISIBLE
100
AcDbLine
 10
58.33661140024061
 20
119.45598737463274
 30
0.0
 11
57.9944006001328
 21
120.14944928096583
 31
0.0
  0
LINE
  5
3EE
330
17
100
AcDbEntity
  8
VISIBLE
100
AcDbLine
 10
57.9944006001328
 20
120.14944928096583
 30
0.0
 11
57.87727794999896
 21
120.3867883007344
 31
0.0
  0
LINE
  5
3EF
330
17
100
AcDbEntity
  8
VISIBLE
100
AcDbLine
 10
57.87727794999896
 20
120.3867883007344
 30
0.0
 11
57.35261400401257
 21
121.44997970645605
 31
0.0
  0
LINE
  5
3F0
330
17
100
AcDbEntity
  8
VISIBLE
100
AcDbLine
 10
57.35261400401257
 20
121.44997970645605
 30
0.0
 11
57.35261074695831
 21
121.44998756617036
 31
0.0
  0
LINE
  5
3F1
330
17
100
AcDbEntity
  8
VISIBLE
100
AcDbLine
 10
57.35261074695831
 20
121.44998756617036
 30
0.0
 11
56.63761714737029
 21
123.55597944715575
 31
0.0
  0
LINE
  5
3F2
330
17
100
AcDbEntity
  8
VISIBLE
100
AcDbLine
 10
56.63761714737029
 20
123.55597944715575
 30
0.0
 11
56.637614949231136
 21
123.55598764869715
 31
0.0
  0
LINE
  5
3F3
330
17
100
AcDbEntity
  8
VISIBLE
100
AcDbLine
 10
56.637614949231136
 20
123.55598764869715
 30
0.0
 11
56.535580257190475
 21
124.06873624734395
 31
0.0
  0
LINE
  5
3F4
330
17
100
AcDbEntity
  8
VISIBLE
100
AcDbLine
 10
56.535580257190475
 20
124.06873624734395
 30
0.0
 11
56.203610874651005
 21
125.73697928758928
 31
0.0
  0
LINE
  5
3F5
330
17
100
AcDbEntity
  8
VISIBLE
100
AcDbLine
 10
161.79560636575752
 20
125.20599935130002
 30
0.0
 11
161.79561115419048
 21
125.20598909331076
 31
0.0
  0
LINE
  5
3F6
330
17
100
AcDbEntity
  8
VISIBLE
100
AcDbLine
 10
161.79561115419048
 20
125.20598909331076
 30
0.0
 11
161.79561681690018
 21
125.20597929080328
 31
0.0
  0
LINE
  5
3F7
330
17
100
AcDbEntity
  8
VISIBLE
100
AcDbLine
 10
161.79561681690018
 20
125.20597929080328
 30
0.0
 11
161.7956233109453
 21
125.20597001811157
 31
0.0
  0
LINE
  5
3F8
330
17
100
AcDbEntity
  8
VISIBLE
100
AcDbLine
 10
161.7956233109453
 20
125.20597001811157
 30
0.0
 11
161.9704137837453
 21
124.97818367891156
 31
0.0
  0
LINE
  5
3F9
330
17
100
AcDbEntity
  8
VISIBLE
100
AcDbLine
 10
161.9704137837453
 20
124.97818367891156
 30
0.0
 11
162.6696030419168
 21
124.06699720960938
 31
0.0
  0
LINE
  5
3FA
330
17
100
AcDbEntity
  8
VISIBLE
100
AcDbLine
 10
162.6696030419168
 20
124.06699720960938
 30
0.0
 11
162.6696103314278
 21
124.06698852240207
 31
0.0
  0
LINE
  5
3FB
330
17
100
AcDbEntity
  8
VISIBLE
100
AcDbLine
 10
162.6696103314278
 20
124.06698852240207
 30
0.0
 11
162.66961835030017
 21
124.06698050353505
 31
0.0
  0
LINE
  5
3FC
330
17
100
AcDbEntity
  8
VISIBLE
100
AcDbLine
 10
162.66961835030017
 20
124.06698050353505
 30
0.0
 11
162.66962703751233
 21
124.06697321402977
 31
0.0
  0
LINE
  5
3FD
330
17
100
AcDbEntity
  8
VISIBLE
100
AcDbLine
 10
162.66962703751233
 20
124.06697321402977
 30
0.0
 11
163.2618948018123
 21
123.61250346112978
 31
0.0
  0
LINE
  5
3FE
330
17
100
AcDbEntity
  8
VISIBLE
100
AcDbLine
 10
163.2618948018123
 20
123.61250346112978
 30
0.0
 11
163.5376328719022
 21
123.400918180391
 31
0.0
  0
LINE
  5
3FF
330
17
100
AcDbEntity
  8
VISIBLE
100
AcDbLine
 10
163.5376328719022
 20
123.400918180391
 30
0.0
 11
163.80860154384555
 21
123.192993255481
 31
0.0
  0
LINE
  5
400
330
17
100
AcDbEntity
  8
VISIBLE
100
AcDbLine
 10
163.80860154384555
 20
123.192993255481
 30
0.0
 11
163.8086108164086
 21
123.19298676155682
 31
0.0
  0
LINE
  5
401
330
17
100
AcDbEntity
  8
VISIBLE
100
AcDbLine
 10
163.8086108164086
 20
123.19298676155682
 30
0.0
 11
163.80862061876974
 21
123.19298109894326
 31
0.0
  0
LINE
  5
402
330
17
100
AcDbEntity
  8
VISIBLE
100
AcDbLine
 10
163.80862061876974
 20
123.19298109894326
 30
0.0
 11
163.8086308765984
 21
123.1929763105795
 31
0.0
  0
LINE
  5
403
330
17
100
AcDbEntity
  8
VISIBLE
100
AcDbLine
 10
163.8086308765984
 20
123.1929763105795
 30
0.0
 11
165.1345978770984
 21
122.64298993077949
 31
0.0
  0
LINE
  5
404
330
17
100
AcDbEntity
  8
VISIBLE
100
AcDbLine
 10
165.1345978770984
 20
122.64298993077949
 30
0.0
 11
165.13460856583254
 21
122.6429860361693
 31
0.0
  0
LINE
  5
405
330
17
100
AcDbEntity
  8
VISIBLE
100
AcDbLine
 10
165.13460856583254
 20
122.6429860361693
 30
0.0
 11
165.13461955412726
 21
122.64298309093509
 31
0.0
  0
LINE
  5
406
330
17
100
AcDbEntity
  8
VISIBLE
100
AcDbLine
 10
165.13461955412726
 20
122.64298309093509
 30
0.0
 11
165.1346307578363
 21
122.64298111763088
 31
0.0
  0
LINE
  5
407
330
17
100
AcDbEntity
  8
VISIBLE
100
AcDbLine
 10
165.1346307578363
 20
122.64298111763088
 30
0.0
 11
166.5586043642363
 21
122.45598467793089
 31
0.0
  0
LINE
  5
408
330
17
100
AcDbEntity
  8
VISIBLE
100
AcDbLine
 10
166.5586043642363
 20
122.45598467793089
 30
0.0
 11
166.5586212905339
 21
122.45598357129941
 31
0.0
  0
LINE
  5
409
330
17
100
AcDbEntity
  8
VISIBLE
100
AcDbLine
 10
166.5586212905339
 20
122.45598357129941
 30
0.0
 11
171.55860563923386
 21
122.45598357129941
 31
0.0
  0
LINE
  5
40A
330
17
100
AcDbEntity
  8
VISIBLE
100
AcDbLine
 10
171.55860563923386
 20
122.45598357129941
 30
0.0
 11
171.55862256552243
 21
122.4559846779297
 31
0.0
  0
LINE
  5
40B
330
17
100
AcDbEntity
  8
VISIBLE
100
AcDbLine
 10
171.55862256552243
 20
122.4559846779297
 30
0.0
 11
172.98259574442244
 21
122.6429809600297
 31
0.0
  0
LINE
  5
40C
330
17
100
AcDbEntity
  8
VISIBLE
100
AcDbLine
 10
172.98259574442244
 20
122.6429809600297
 30
0.0
 11
172.9826069481431
 21
122.64298293333566
 31
0.0
  0
LINE
  5
40D
330
17
100
AcDbEntity
  8
VISIBLE
100
AcDbLine
 10
172.9826069481431
 20
122.64298293333566
 30
0.0
 11
172.98261793644895
 21
122.64298587857364
 31
0.0
  0
LINE
  5
40E
330
17
100
AcDbEntity
  8
VISIBLE
100
AcDbLine
 10
172.98261793644895
 20
122.64298587857364
 30
0.0
 11
172.98262862519348
 21
122.6429897731895
 31
0.0
  0
LINE
  5
40F
330
17
100
AcDbEntity
  8
VISIBLE
100
AcDbLine
 10
172.98262862519348
 20
122.6429897731895
 30
0.0
 11
174.30859840599348
 21
123.19297761828949
 31
0.0
  0
LINE
  5
410
330
17
100
AcDbEntity
  8
VISIBLE
100
AcDbLine
 10
174.30859840599348
 20
123.19297761828949
 30
0.0
 11
174.30860866394036
 21
123.1929824067174
 31
0.0
  0
LINE
  5
411
330
17
100
AcDbEntity
  8
VISIBLE
100
AcDbLine
 10
174.30860866394036
 20
123.1929824067174
 30
0.0
 11
174.30861846640784
 21
123.1929880694153
 31
0.0
  0
LINE
  5
412
330
17
100
AcDbEntity
  8
VISIBLE
100
AcDbLine
 10
174.30861846640784
 20
123.1929880694153
 30
0.0
 11
174.30862773906276
 21
123.19299456344233
 31
0.0
  0
LINE
  5
413
330
17
100
AcDbEntity
  8
VISIBLE
100
AcDbLine
 10
174.30862773906276
 20
123.19299456344233
 30
0.0
 11
174.53641186116275
 21
123.36778347894231
 31
0.0
  0
LINE
  5
414
330
17
100
AcDbEntity
  8
VISIBLE
100
AcDbLine
 10
174.53641186116275
 20
123.36778347894231
 30
0.0
 11
175.2259164811797
 21
123.89686705514838
 31
0.0
  0
LINE
  5
415
330
17
100
AcDbEntity
  8
VISIBLE
100
AcDbLine
 10
175.2259164811797
 20
123.89686705514838
 30
0.0
 11
175.4476003673748
 21
124.06697400422136
 31
0.0
  0
LINE
  5
416
330
17
100
AcDbEntity
  8
VISIBLE
100
AcDbLine
 10
175.4476003673748
 20
124.06697400422136
 30
0.0
 11
175.44760905455786
 21
124.06698129371777
 31
0.0
  0
LINE
  5
417
330
17
100
AcDbEntity
  8
VISIBLE
100
AcDbLine
 10
175.44760905455786
 20
124.06698129371777
 30
0.0
 11
175.44761707340373
 21
124.06698931257169
 31
0.0
  0
LINE
  5
418
330
17
100
AcDbEntity
  8
VISIBLE
100
AcDbLine
 10
175.44761707340373
 20
124.06698931257169
 30
0.0
 11
175.44762436289142
 21
124.06699799976208
 31
0.0
  0
LINE
  5
419
330
17
100
AcDbEntity
  8
VISIBLE
100
AcDbLine
 10
175.44762436289142
 20
124.06699799976208
 30
0.0
 11
175.9020925556914
 21
124.65926354336207
 31
0.0
  0
LINE
  5
41A
330
17
100
AcDbEntity
  8
VISIBLE
100
AcDbLine
 10
175.9020925556914
 20
124.65926354336207
 30
0.0
 11
176.32160348761195
 21
125.20597001812821
 31
0.0
  0
LINE
  5
41B
330
17
100
AcDbEntity
  8
VISIBLE
100
AcDbLine
 10
176.32160348761195
 20
125.20597001812821
 30
0.0
 11
176.3216099816137
 21
125.20597929077564
 31
0.0
  0
LINE
  5
41C
330
17
100
AcDbEntity
  8
VISIBLE
100
AcDbLine
 10
176.3216099816137
 20
125.20597929077564
 30
0.0
 11
176.3216156442886
 21
125.20598909323256
 31
0.0
  0
LINE
  5
41D
330
17
100
AcDbEntity
  8
VISIBLE
100
AcDbLine
 10
176.3216156442886
 20
125.20598909323256
 30
0.0
 11
176.3216204326962
 21
125.20599935116617
 31
0.0
  0
LINE
  5
41E
330
17
100
AcDbEntity
  8
VISIBLE
100
AcDbLine
 10
176.3216204326962
 20
125.20599935116617
 30
0.0
 11
176.60761318559622
 21
125.89550345346618
 31
0.0
  0
LINE
  5
41F
330
17
100
AcDbEntity
  8
VISIBLE
100
AcDbLine
 10
176.60761318559622
 20
125.89550345346618
 30
0.0
 11
176.87160654676262
 21
126.53196768798517
 31
0.0
  0
LINE
  5
420
330
17
100
AcDbEntity
  8
VISIBLE
100
AcDbLine
 10
176.87160654676262
 20
126.53196768798517
 30
0.0
 11
176.87161044139992
 21
126.53197837681196
 31
0.0
  0
LINE
  5
421
330
17
100
AcDbEntity
  8
VISIBLE
100
AcDbLine
 10
176.87161044139992
 20
126.53197837681196
 30
0.0
 11
176.87161338664492
 21
126.53198936520357
 31
0.0
  0
LINE
  5
422
330
17
100
AcDbEntity
  8
VISIBLE
100
AcDbLine
 10
176.87161338664492
 20
126.53198936520357
 30
0.0
 11
176.87161535994306
 21
126.53200056901152
 31
0.0
  0
LINE
  5
423
330
17
100
AcDbEntity
  8
VISIBLE
100
AcDbLine
 10
176.87161535994306
 20
126.53200056901152
 30
0.0
 11
176.90901241654308
 21
126.81678359911152
 31
0.0
  0
LINE
  5
424
330
17
100
AcDbEntity
  8
VISIBLE
100
AcDbLine
 10
176.90901241654308
 20
126.81678359911152
 30
0.0
 11
177.0400064926869
 21
127.81429340928372
 31
0.0
  0
LINE
  5
425
330
17
100
AcDbEntity
  8
VISIBLE
100
AcDbLine
 10
177.0400064926869
 20
127.81429340928372
 30
0.0
 11
177.05861112329939
 21
127.95596704947882
 31
0.0
  0
LINE
  5
426
330
17
100
AcDbEntity
  8
VISIBLE
100
AcDbLine
 10
177.05861112329939
 20
127.95596704947882
 30
0.0
 11
177.05861210682
 21
127.95597831943529
 31
0.0
  0
LINE
  5
427
330
17
100
AcDbEntity
  8
VISIBLE
100
AcDbLine
 10
177.05861210682
 20
127.95597831943529
 30
0.0
 11
177.05861210681726
 21
127.95598963222592
 31
0.0
  0
LINE
  5
428
330
17
100
AcDbEntity
  8
VISIBLE
100
AcDbLine
 10
177.05861210681726
 20
127.95598963222592
 30
0.0
 11
177.05861112329126
 21
127.95600090218191
 31
0.0
  0
LINE
  5
429
330
17
100
AcDbEntity
  8
VISIBLE
100
AcDbLine
 10
177.05861112329126
 20
127.95600090218191
 30
0.0
 11
176.96137295119127
 21
128.69646357708191
 31
0.0
  0
LINE
  5
42A
330
17
100
AcDbEntity
  8
VISIBLE
100
AcDbLine
 10
176.96137295119127
 20
128.69646357708191
 30
0.0
 11
176.88268026700558
 21
129.29570743737278
 31
0.0
  0
LINE
  5
42B
330
17
100
AcDbEntity
  8
VISIBLE
100
AcDbLine
 10
176.88268026700558
 20
129.29570743737278
 30
0.0
 11
176.87161530129765
 21
129.37996671523305
 31
0.0
  0
LINE
  5
42C
330
17
100
AcDbEntity
  8
VISIBLE
100
AcDbLine
 10
176.87161530129765
 20
129.37996671523305
 30
0.0
 11
176.87161332797518
 21
129.3799779190099
 31
0.0
  0
LINE
  5
42D
330
17
100
AcDbEntity
  8
VISIBLE
100
AcDbLine
 10
176.87161332797518
 20
129.3799779190099
 30
0.0
 11
176.8716103827109
 21
129.37998890736895
 31
0.0
  0
LINE
  5
42E
330
17
100
AcDbEntity
  8
VISIBLE
100
AcDbLine
 10
176.8716103827109
 20
129.37998890736895
 30
0.0
 11
176.8716064880594
 21
129.37999959616246
 31
0.0
  0
LINE
  5
42F
330
17
100
AcDbEntity
  8
VISIBLE
100
AcDbLine
 10
176.8716064880594
 20
129.37999959616246
 30
0.0
 11
176.7616125142594
 21
129.64518361496246
 31
0.0
  0
LINE
  5
430
330
17
100
AcDbEntity
  8
VISIBLE
100
AcDbLine
 10
176.7616125142594
 20
129.64518361496246
 30
0.0
 11
176.44375326901024
 21
130.41151571899883
 31
0.0
  0
LINE
  5
431
330
17
100
AcDbEntity
  8
VISIBLE
100
AcDbLine
 10
176.44375326901024
 20
130.41151571899883
 30
0.0
 11
176.32161984787146
 21
130.70596855349228
 31
0.0
  0
LINE
  5
432
330
17
100
AcDbEntity
  8
VISIBLE
100
AcDbLine
 10
176.32161984787146
 20
130.70596855349228
 30
0.0
 11
176.3216150594461
 21
130.7059788114479
 31
0.0
  0
LINE
  5
433
330
17
100
AcDbEntity
  8
VISIBLE
100
AcDbLine
 10
176.3216150594461
 20
130.7059788114479
 30
0.0
 11
176.32160939674947
 21
130.70598861392398
 31
0.0
  0
LINE
  5
434
330
17
100
AcDbEntity
  8
VISIBLE
100
AcDbLine
 10
176.32160939674947
 20
130.70598861392398
 30
0.0
 11
176.32160290272245
 21
130.70599788658726
 31
0.0
  0
LINE
  5
435
330
17
100
AcDbEntity
  8
VISIBLE
100
AcDbLine
 10
176.32160290272245
 20
130.70599788658726
 30
0.0
 11
176.14681301472245
 21
130.93378346368726
 31
0.0
  0
LINE
  5
436
330
17
100
AcDbEntity
  8
VISIBLE
100
AcDbLine
 10
176.14681301472245
 20
130.93378346368726
 30
0.0
 11
175.44762375655097
 21
131.84496993298944
 31
0.0
  0
LINE
  5
437
330
17
100
AcDbEntity
  8
VISIBLE
100
AcDbLine
 10
175.44762375655097
 20
131.84496993298944
 30
0.0
 11
175.44761646703995
 21
131.84497862019674
 31
0.0
  0
LINE
  5
438
330
17
100
AcDbEntity
  8
VISIBLE
100
AcDbLine
 10
175.44761646703995
 20
131.84497862019674
 30
0.0
 11
175.44760844816759
 21
131.84498663906376
 31
0.0
  0
LINE
  5
439
330
17
100
AcDbEntity
  8
VISIBLE
100
AcDbLine
 10
175.44760844816759
 20
131.84498663906376
 30
0.0
 11
175.44759976095543
 21
131.84499392856907
 31
0.0
  0
LINE
  5
43A
330
17
100
AcDbEntity
  8
VISIBLE
100
AcDbLine
 10
175.44759976095543
 20
131.84499392856907
 30
0.0
 11
174.85533199665545
 21
132.29946368146906
 31
0.0
  0
LINE
  5
43B
330
17
100
AcDbEntity
  8
VISIBLE
100
AcDbLine
 10
174.85533199665545
 20
132.29946368146906
 30
0.0
 11
174.30862695226557
 21
132.71897318290783
 31
0.0
  0
LINE
  5
43C
330
17
100
AcDbEntity
  8
VISIBLE
100
AcDbLine
 10
174.30862695226557
 20
132.71897318290783
 30
0.0
 11
174.3086176796587
 21
132.71897967687858
 31
0.0
  0
LINE
  5
43D
330
17
100
AcDbEntity
  8
VISIBLE
100
AcDbLine
 10
174.3086176796587
 20
132.71897967687858
 30
0.0
 11
174.30860787724714
 21
132.71898533952998
 31
0.0
  0
LINE
  5
43E
330
17
100
AcDbEntity
  8
VISIBLE
100
AcDbLine
 10
174.30860787724714
 20
132.71898533952998
 30
0.0
 11
174.30859761936264
 21
132.71899012792213
 31
0.0
  0
LINE
  5
43F
330
17
100
AcDbEntity
  8
VISIBLE
100
AcDbLine
 10
174.30859761936264
 20
132.71899012792213
 30
0.0
 11
172.98262861446264
 21
133.2689772521221
 31
0.0
  0
LINE
  5
440
330
17
100
AcDbEntity
  8
VISIBLE
100
AcDbLine
 10
172.98262861446264
 20
133.2689772521221
 30
0.0
 11
172.9826179257281
 21
133.26898114673176
 31
0.0
  0
LINE
  5
441
330
17
100
AcDbEntity
  8
VISIBLE
100
AcDbLine
 10
172.9826179257281
 20
133.26898114673176
 30
0.0
 11
172.98260693743305
 21
133.2689840919654
 31
0.0
  0
LINE
  5
442
330
17
100
AcDbEntity
  8
VISIBLE
100
AcDbLine
 10
172.98260693743305
 20
133.2689840919654
 30
0.0
 11
172.98259573372368
 21
133.26898606526896
 31
0.0
  0
LINE
  5
443
330
17
100
AcDbEntity
  8
VISIBLE
100
AcDbLine
 10
172.98259573372368
 20
133.26898606526896
 30
0.0
 11
171.55862176932368
 21
133.45598246466895
 31
0.0
  0
LINE
  5
444
330
17
100
AcDbEntity
  8
VISIBLE
100
AcDbLine
 10
171.55862176932368
 20
133.45598246466895
 30
0.0
 11
171.5586048430339
 21
133.4559835712994
 31
0.0
  0
LINE
  5
445
330
17
100
AcDbEntity
  8
VISIBLE
100
AcDbLine
 10
171.5586048430339
 20
133.4559835712994
 30
0.0
 11
166.5586218985339
 21
133.4559835712994
 31
0.0
  0
LINE
  5
446
330
17
100
AcDbEntity
  8
VISIBLE
100
AcDbLine
 10
166.5586218985339
 20
133.4559835712994
 30
0.0
 11
166.5586049722431
 21
133.45598246466884
 31
0.0
  0
LINE
  5
447
330
17
100
AcDbEntity
  8
VISIBLE
100
AcDbLine
 10
166.5586049722431
 20
133.45598246466884
 30
0.0
 11
165.1346306235431
 21
133.26898600396882
 31
0.0
  0
LINE
  5
448
330
17
100
AcDbEntity
  8
VISIBLE
100
AcDbLine
 10
165.1346306235431
 20
133.26898600396882
 30
0.0
 11
165.13461941983067
 21
133.26898403066448
 31
0.0
  0
LINE
  5
449
330
17
100
AcDbEntity
  8
VISIBLE
100
AcDbLine
 10
165.13461941983067
 20
133.26898403066448
 30
0.0
 11
165.13460843153266
 21
133.26898108542954
 31
0.0
  0
LINE
  5
44A
330
17
100
AcDbEntity
  8
VISIBLE
100
AcDbLine
 10
165.13460843153266
 20
133.26898108542954
 30
0.0
 11
165.1345977427954
 21
133.2689771908181
 31
0.0
  0
LINE
  5
44B
330
17
100
AcDbEntity
  8
VISIBLE
100
AcDbLine
 10
165.1345977427954
 20
133.2689771908181
 30
0.0
 11
163.8086291678954
 21
132.7189901193181
 31
0.0
  0
LINE
  5
44C
330
17
100
AcDbEntity
  8
VISIBLE
100
AcDbLine
 10
163.8086291678954
 20
132.7189901193181
 30
0.0
 11
163.80861890994092
 21
132.71898533088847
 31
0.0
  0
LINE
  5
44D
330
17
100
AcDbEntity
  8
VISIBLE
100
AcDbLine
 10
163.80861890994092
 20
132.71898533088847
 30
0.0
 11
163.80860910746634
 21
132.71897966818761
 31
0.0
  0
LINE
  5
44E
330
17
100
AcDbEntity
  8
VISIBLE
100
AcDbLine
 10
163.80860910746634
 20
132.71897966818761
 30
0.0
 11
163.808599834805
 21
132.7189731741565
 31
0.0
  0
LINE
  5
44F
330
17
100
AcDbEntity
  8
VISIBLE
100
AcDbLine
 10
163.808599834805
 20
132.7189731741565
 30
0.0
 11
163.580814937305
 21
132.5441836636565
 31
0.0
  0
LINE
  5
450
330
17
100
AcDbEntity
  8
VISIBLE
100
AcDbLine
 10
163.580814937305
 20
132.5441836636565
 30
0.0
 11
162.68340691298806
 21
131.85556776035045
 31
0.0
  0
LINE
  5
451
330
17
100
AcDbEntity
  8
VISIBLE
100
AcDbLine
 10
162.68340691298806
 20
131.85556776035045
 30
0.0
 11
162.66962700671013
 21
131.84499388849065
 31
0.0
  0
LINE
  5
452
330
17
100
AcDbEntity
  8
VISIBLE
100
AcDbLine
 10
162.66962700671013
 20
131.84499388849065
 30
0.0
 11
162.66961831952054
 21
131.84498659899083
 31
0.0
  0
LINE
  5
453
330
17
100
AcDbEntity
  8
VISIBLE
100
AcDbLine
 10
162.66961831952054
 20
131.84498659899083
 30
0.0
 11
162.66961030066892
 21
131.84497858013245
 31
0.0
  0
LINE
  5
454
330
17
100
AcDbEntity
  8
VISIBLE
100
AcDbLine
 10
162.66961030066892
 20
131.84497858013245
 30
0.0
 11
162.66960301117635
 21
131.84496989293675
 31
0.0
  0
LINE
  5
455
330
17
100
AcDbEntity
  8
VISIBLE
100
AcDbLine
 10
162.66960301117635
 20
131.84496989293675
 30
0.0
 11
162.21513424294025
 21
131.25270359945034
 31
0.0
  0
LINE
  5
456
330
17
100
AcDbEntity
  8
VISIBLE
100
AcDbLine
 10
162.21513424294025
 20
131.25270359945034
 30
0.0
 11
161.7956233108558
 21
130.70599712447063
 31
0.0
  0
LINE
  5
457
330
17
100
AcDbEntity
  8
VISIBLE
100
AcDbLine
 10
161.7956233108558
 20
130.70599712447063
 30
0.0
 11
161.79561681685405
 21
130.70598785182318
 31
0.0
  0
LINE
  5
458
330
17
100
AcDbEntity
  8
VISIBLE
100
AcDbLine
 10
161.79561681685405
 20
130.70598785182318
 30
0.0
 11
161.79561115417914
 21
130.70597804936625
 31
0.0
  0
LINE
  5
459
330
17
100
AcDbEntity
  8
VISIBLE
100
AcDbLine
 10
161.79561115417914
 20
130.70597804936625
 30
0.0
 11
161.79560636577156
 21
130.70596779143264
 31
0.0
  0
LINE
  5
45A
330
17
100
AcDbEntity
  8
VISIBLE
100
AcDbLine
 10
161.79560636577156
 20
130.70596779143264
 30
0.0
 11
161.50961361287153
 21
130.01646368913265
 31
0.0
  0
LINE
  5
45B
330
17
100
AcDbEntity
  8
VISIBLE
100
AcDbLine
 10
161.50961361287153
 20
130.01646368913265
 30
0.0
 11
161.24562025170513
 21
129.37999945461365
 31
0.0
  0
LINE
  5
45C
330
17
100
AcDbEntity
  8
VISIBLE
100
AcDbLine
 10
161.24562025170513
 20
129.37999945461365
 30
0.0
 11
161.24561635706783
 21
129.37998876578686
 31
0.0
  0
LINE
  5
45D
330
17
100
AcDbEntity
  8
VISIBLE
100
AcDbLine
 10
161.24561635706783
 20
129.37998876578686
 30
0.0
 11
161.24561341182283
 21
129.37997777739525
 31
0.0
  0
LINE
  5
45E
330
17
100
AcDbEntity
  8
VISIBLE
100
AcDbLine
 10
161.24561341182283
 20
129.37997777739525
 30
0.0
 11
161.2456114385247
 21
129.3799665735873
 31
0.0
  0
LINE
  5
45F
330
17
100
AcDbEntity
  8
VISIBLE
100
AcDbLine
 10
161.2456114385247
 20
129.3799665735873
 30
0.0
 11
161.20821438192468
 21
129.0951835434873
 31
0.0
  0
LINE
  5
460
330
17
100
AcDbEntity
  8
VISIBLE
100
AcDbLine
 10
161.20821438192468
 20
129.0951835434873
 30
0.0
 11
161.07810070078085
 21
128.1043778733151
 31
0.0
  0
LINE
  5
461
330
17
100
AcDbEntity
  8
VISIBLE
100
AcDbLine
 10
161.07810070078085
 20
128.1043778733151
 30
0.0
 11
161.0586156779683
 21
127.95600007171953
 31
0.0
  0
LINE
  5
462
330
17
100
AcDbEntity
  8
VISIBLE
100
AcDbLine
 10
161.0586156779683
 20
127.95600007171953
 30
0.0
 11
161.05861469444775
 21
127.95598880176321
 31
0.0
  0
LINE
  5
463
330
17
100
AcDbEntity
  8
VISIBLE
100
AcDbLine
 10
161.05861469444775
 20
127.95598880176321
 30
0.0
 11
161.05861469445048
 21
127.95597748897275
 31
0.0
  0
LINE
  5
464
330
17
100
AcDbEntity
  8
VISIBLE
100
AcDbLine
 10
161.05861469445048
 20
127.95597748897275
 30
0.0
 11
161.0586156779765
 21
127.9559662190169
 31
0.0
  0
LINE
  5
465
330
17
100
AcDbEntity
  8
VISIBLE
100
AcDbLine
 10
161.0586156779765
 20
127.9559662190169
 30
0.0
 11
161.1558538472765
 21
127.21550356551691
 31
0.0
  0
LINE
  5
466
330
17
100
AcDbEntity
  8
VISIBLE
100
AcDbLine
 10
161.1558538472765
 20
127.21550356551691
 30
0.0
 11
161.24561143846216
 21
126.53200056912604
 31
0.0
  0
LINE
  5
467
330
17
100
AcDbEntity
  8
VISIBLE
100
AcDbLine
 10
161.24561143846216
 20
126.53200056912604
 30
0.0
 11
161.2456134117838
 21
126.53198936532851
 31
0.0
  0
LINE
  5
468
330
17
100
AcDbEntity
  8
VISIBLE
100
AcDbLine
 10
161.2456134117838
 20
126.53198936532851
 30
0.0
 11
161.24561635705075
 21
126.53197837694921
 31
0.0
  0
LINE
  5
469
330
17
100
AcDbEntity
  8
VISIBLE
100
AcDbLine
 10
161.24561635705075
 20
126.53197837694921
 30
0.0
 11
161.24562025170835
 21
126.53196768813639
 31
0.0
  0
LINE
  5
46A
330
17
100
AcDbEntity
  8
VISIBLE
100
AcDbLine
 10
161.24562025170835
 20
126.53196768813639
 30
0.0
 11
161.35561428420834
 21
126.26678352763639
 31
0.0
  0
LINE
  5
46B
330
17
100
AcDbEntity
  8
VISIBLE
100
AcDbLine
 10
161.35561428420834
 20
126.26678352763639
 30
0.0
 11
161.79560636575752
 21
125.20599935130002
 31
0.0
  0
LINE
  5
46C
330
17
100
AcDbEntity
  8
VISIBLE
100
AcDbLine
 10
66.66962703758807
 20
131.84499392865044
 30
0.0
 11
66.66961835036884
 21
131.84498663913504
 31
0.0
  0
LINE
  5
46D
330
17
100
AcDbEntity
  8
VISIBLE
100
AcDbLine
 10
66.66961835036884
 20
131.84498663913504
 30
0.0
 11
66.66961033149103
 21
131.8449786202566
 31
0.0
  0
LINE
  5
46E
330
17
100
AcDbEntity
  8
VISIBLE
100
AcDbLine
 10
66.66961033149103
 20
131.8449786202566
 30
0.0
 11
66.66960304197634
 21
131.84496993303677
 31
0.0
  0
LINE
  5
46F
330
17
100
AcDbEntity
  8
VISIBLE
100
AcDbLine
 10
66.66960304197634
 20
131.84496993303677
 30
0.0
 11
66.21513424277634
 21
131.25270359923675
 31
0.0
  0
LINE
  5
470
330
17
100
AcDbEntity
  8
VISIBLE
100
AcDbLine
 10
66.21513424277634
 20
131.25270359923675
 30
0.0
 11
65.7956233108558
 21
130.70599712447063
 31
0.0
  0
LINE
  5
471
330
17
100
AcDbEntity
  8
VISIBLE
100
AcDbLine
 10
65.7956233108558
 20
130.70599712447063
 30
0.0
 11
65.79561681685405
 21
130.70598785182318
 31
0.0
  0
LINE
  5
472
330
17
100
AcDbEntity
  8
VISIBLE
100
AcDbLine
 10
65.79561681685405
 20
130.70598785182318
 30
0.0
 11
65.79561115417913
 21
130.70597804936625
 31
0.0
  0
LINE
  5
473
330
17
100
AcDbEntity
  8
VISIBLE
100
AcDbLine
 10
65.79561115417913
 20
130.70597804936625
 30
0.0
 11
65.79560636577155
 21
130.70596779143264
 31
0.0
  0
LINE
  5
474
330
17
100
AcDbEntity
  8
VISIBLE
100
AcDbLine
 10
65.79560636577155
 20
130.70596779143264
 30
0.0
 11
65.50961361287155
 21
130.01646368913265
 31
0.0
  0
LINE
  5
475
330
17
100
AcDbEntity
  8
VISIBLE
100
AcDbLine
 10
65.50961361287155
 20
130.01646368913265
 30
0.0
 11
65.24562025170513
 21
129.37999945461365
 31
0.0
  0
LINE
  5
476
330
17
100
AcDbEntity
  8
VISIBLE
100
AcDbLine
 10
65.24562025170513
 20
129.37999945461365
 30
0.0
 11
65.24561635706783
 21
129.37998876578686
 31
0.0
  0
LINE
  5
477
330
17
100
AcDbEntity
  8
VISIBLE
100
AcDbLine
 10
65.24561635706783
 20
129.37998876578686
 30
0.0
 11
65.24561341182283
 21
129.37997777739525
 31
0.0
  0
LINE
  5
478
330
17
100
AcDbEntity
  8
VISIBLE
100
AcDbLine
 10
65.24561341182283
 20
129.37997777739525
 30
0.0
 11
65.24561143852468
 21
129.3799665735873
 31
0.0
  0
LINE
  5
479
330
17
100
AcDbEntity
  8
VISIBLE
100
AcDbLine
 10
65.24561143852468
 20
129.3799665735873
 30
0.0
 11
65.20821438192468
 21
129.0951835434873
 31
0.0
  0
LINE
  5
47A
330
17
100
AcDbEntity
  8
VISIBLE
100
AcDbLine
 10
65.20821438192468
 20
129.0951835434873
 30
0.0
 11
65.07810070118086
 21
128.10437787631508
 31
0.0
  0
LINE
  5
47B
330
17
100
AcDbEntity
  8
VISIBLE
100
AcDbLine
 10
65.07810070118086
 20
128.10437787631508
 30
0.0
 11
65.0586156779683
 21
127.95600007181955
 31
0.0
  0
LINE
  5
47C
330
17
100
AcDbEntity
  8
VISIBLE
100
AcDbLine
 10
65.0586156779683
 20
127.95600007181955
 30
0.0
 11
65.05861469444775
 21
127.95598880186323
 31
0.0
  0
LINE
  5
47D
330
17
100
AcDbEntity
  8
VISIBLE
100
AcDbLine
 10
65.05861469444775
 20
127.95598880186323
 30
0.0
 11
65.05861469445048
 21
127.95597748907275
 31
0.0
  0
LINE
  5
47E
330
17
100
AcDbEntity
  8
VISIBLE
100
AcDbLine
 10
65.05861469445048
 20
127.95597748907275
 30
0.0
 11
65.05861567797649
 21
127.9559662191169
 31
0.0
  0
LINE
  5
47F
330
17
100
AcDbEntity
  8
VISIBLE
100
AcDbLine
 10
65.05861567797649
 20
127.9559662191169
 30
0.0
 11
65.15585384727649
 21
127.21550356551691
 31
0.0
  0
LINE
  5
480
330
17
100
AcDbEntity
  8
VISIBLE
100
AcDbLine
 10
65.15585384727649
 20
127.21550356551691
 30
0.0
 11
65.24561143846216
 21
126.53200056892605
 31
0.0
  0
LINE
  5
481
330
17
100
AcDbEntity
  8
VISIBLE
100
AcDbLine
 10
65.24561143846216
 20
126.53200056892605
 30
0.0
 11
65.24561341178381
 21
126.53198936512851
 31
0.0
  0
LINE
  5
482
330
17
100
AcDbEntity
  8
VISIBLE
100
AcDbLine
 10
65.24561341178381
 20
126.53198936512851
 30
0.0
 11
65.24561635705075
 21
126.5319783767492
 31
0.0
  0
LINE
  5
483
330
17
100
AcDbEntity
  8
VISIBLE
100
AcDbLine
 10
65.24561635705075
 20
126.5319783767492
 30
0.0
 11
65.24562025170835
 21
126.53196768793636
 31
0.0
  0
LINE
  5
484
330
17
100
AcDbEntity
  8
VISIBLE
100
AcDbLine
 10
65.24562025170835
 20
126.53196768793636
 30
0.0
 11
65.35561428420834
 21
126.26678352763636
 31
0.0
  0
LINE
  5
485
330
17
100
AcDbEntity
  8
VISIBLE
100
AcDbLine
 10
65.35561428420834
 20
126.26678352763636
 30
0.0
 11
65.79560636575751
 21
125.20599935130002
 31
0.0
  0
LINE
  5
486
330
17
100
AcDbEntity
  8
VISIBLE
100
AcDbLine
 10
65.79560636575751
 20
125.20599935130002
 30
0.0
 11
65.79561115419048
 21
125.20598909331076
 31
0.0
  0
LINE
  5
487
330
17
100
AcDbEntity
  8
VISIBLE
100
AcDbLine
 10
65.79561115419048
 20
125.20598909331076
 30
0.0
 11
65.79561681690016
 21
125.20597929080328
 31
0.0
  0
LINE
  5
488
330
17
100
AcDbEntity
  8
VISIBLE
100
AcDbLine
 10
65.79561681690016
 20
125.20597929080328
 30
0.0
 11
65.7956233109453
 21
125.20597001811157
 31
0.0
  0
LINE
  5
489
330
17
100
AcDbEntity
  8
VISIBLE
100
AcDbLine
 10
65.7956233109453
 20
125.20597001811157
 30
0.0
 11
65.9704137837453
 21
124.97818367891156
 31
0.0
  0
LINE
  5
48A
330
17
100
AcDbEntity
  8
VISIBLE
100
AcDbLine
 10
65.9704137837453
 20
124.97818367891156
 30
0.0
 11
66.66960304191677
 21
124.06699720960938
 31
0.0
  0
LINE
  5
48B
330
17
100
AcDbEntity
  8
VISIBLE
100
AcDbLine
 10
66.66960304191677
 20
124.06699720960938
 30
0.0
 11
66.66961033142782
 21
124.06698852240207
 31
0.0
  0
LINE
  5
48C
330
17
100
AcDbEntity
  8
VISIBLE
100
AcDbLine
 10
66.66961033142782
 20
124.06698852240207
 30
0.0
 11
66.66961835030017
 21
124.06698050353505
 31
0.0
  0
LINE
  5
48D
330
17
100
AcDbEntity
  8
VISIBLE
100
AcDbLine
 10
66.66961835030017
 20
124.06698050353505
 30
0.0
 11
66.66962703751231
 21
124.06697321402977
 31
0.0
  0
LINE
  5
48E
330
17
100
AcDbEntity
  8
VISIBLE
100
AcDbLine
 10
66.66962703751231
 20
124.06697321402977
 30
0.0
 11
67.2618948018123
 21
123.61250346112978
 31
0.0
  0
LINE
  5
48F
330
17
100
AcDbEntity
  8
VISIBLE
100
AcDbLine
 10
67.2618948018123
 20
123.61250346112978
 30
0.0
 11
67.53763287280218
 21
123.40091817959102
 31
0.0
  0
LINE
  5
490
330
17
100
AcDbEntity
  8
VISIBLE
100
AcDbLine
 10
67.53763287280218
 20
123.40091817959102
 30
0.0
 11
67.80860154384558
 21
123.19299325548097
 31
0.0
  0
LINE
  5
491
330
17
100
AcDbEntity
  8
VISIBLE
100
AcDbLine
 10
67.80860154384558
 20
123.19299325548097
 30
0.0
 11
67.80861081640862
 21
123.19298676155681
 31
0.0
  0
LINE
  5
492
330
17
100
AcDbEntity
  8
VISIBLE
100
AcDbLine
 10
67.80861081640862
 20
123.19298676155681
 30
0.0
 11
67.80862061876974
 21
123.19298109894325
 31
0.0
  0
LINE
  5
493
330
17
100
AcDbEntity
  8
VISIBLE
100
AcDbLine
 10
67.80862061876974
 20
123.19298109894325
 30
0.0
 11
67.80863087659839
 21
123.1929763105795
 31
0.0
  0
LINE
  5
494
330
17
100
AcDbEntity
  8
VISIBLE
100
AcDbLine
 10
67.80863087659839
 20
123.1929763105795
 30
0.0
 11
69.1345978770984
 21
122.64298993077949
 31
0.0
  0
LINE
  5
495
330
17
100
AcDbEntity
  8
VISIBLE
100
AcDbLine
 10
69.1345978770984
 20
122.64298993077949
 30
0.0
 11
69.13460856583252
 21
122.6429860361693
 31
0.0
  0
LINE
  5
496
330
17
100
AcDbEntity
  8
VISIBLE
100
AcDbLine
 10
69.13460856583252
 20
122.6429860361693
 30
0.0
 11
69.13461955412726
 21
122.64298309093509
 31
0.0
  0
LINE
  5
497
330
17
100
AcDbEntity
  8
VISIBLE
100
AcDbLine
 10
69.13461955412726
 20
122.64298309093509
 30
0.0
 11
69.13463075783629
 21
122.64298111763088
 31
0.0
  0
LINE
  5
498
330
17
100
AcDbEntity
  8
VISIBLE
100
AcDbLine
 10
69.13463075783629
 20
122.64298111763088
 30
0.0
 11
70.55860436443629
 21
122.45598467793089
 31
0.0
  0
LINE
  5
499
330
17
100
AcDbEntity
  8
VISIBLE
100
AcDbLine
 10
70.55860436443629
 20
122.45598467793089
 30
0.0
 11
70.55862129073387
 21
122.45598357129941
 31
0.0
  0
LINE
  5
49A
330
17
100
AcDbEntity
  8
VISIBLE
100
AcDbLine
 10
70.55862129073387
 20
122.45598357129941
 30
0.0
 11
75.55860342443387
 21
122.45598357129941
 31
0.0
  0
LINE
  5
49B
330
17
100
AcDbEntity
  8
VISIBLE
100
AcDbLine
 10
75.55860342443387
 20
122.45598357129941
 30
0.0
 11
75.558620350724
 21
122.4559846779299
 31
0.0
  0
LINE
  5
49C
330
17
100
AcDbEntity
  8
VISIBLE
100
AcDbLine
 10
75.558620350724
 20
122.4559846779299
 30
0.0
 11
76.982596833024
 21
122.6429814115299
 31
0.0
  0
LINE
  5
49D
330
17
100
AcDbEntity
  8
VISIBLE
100
AcDbLine
 10
76.982596833024
 20
122.6429814115299
 30
0.0
 11
76.98260803673759
 21
122.64298338483445
 31
0.0
  0
LINE
  5
49E
330
17
100
AcDbEntity
  8
VISIBLE
100
AcDbLine
 10
76.98260803673759
 20
122.64298338483445
 30
0.0
 11
76.98261902503671
 21
122.64298633006977
 31
0.0
  0
LINE
  5
49F
330
17
100
AcDbEntity
  8
VISIBLE
100
AcDbLine
 10
76.98261902503671
 20
122.64298633006977
 30
0.0
 11
76.982629713775
 21
122.64299022468182
 31
0.0
  0
LINE
  5
4A0
330
17
100
AcDbEntity
  8
VISIBLE
100
AcDbLine
 10
76.982629713775
 20
122.64299022468182
 30
0.0
 11
78.308597727675
 21
123.19297709778184
 31
0.0
  0
LINE
  5
4A1
330
17
100
AcDbEntity
  8
VISIBLE
100
AcDbLine
 10
78.308597727675
 20
123.19297709778184
 30
0.0
 11
78.30860798562853
 21
123.19298188621126
 31
0.0
  0
LINE
  5
4A2
330
17
100
AcDbEntity
  8
VISIBLE
100
AcDbLine
 10
78.30860798562853
 20
123.19298188621126
 30
0.0
 11
78.30861778810223
 21
123.19298754891172
 31
0.0
  0
LINE
  5
4A3
330
17
100
AcDbEntity
  8
VISIBLE
100
AcDbLine
 10
78.30861778810223
 20
123.19298754891172
 30
0.0
 11
78.30862706076276
 21
123.19299404294233
 31
0.0
  0
LINE
  5
4A4
330
17
100
AcDbEntity
  8
VISIBLE
100
AcDbLine
 10
78.30862706076276
 20
123.19299404294233
 30
0.0
 11
78.53641186092011
 21
123.36778347875612
 31
0.0
  0
LINE
  5
4A5
330
17
100
AcDbEntity
  8
VISIBLE
100
AcDbLine
 10
78.53641186092011
 20
123.36778347875612
 30
0.0
 11
79.44759976097967
 21
124.06697321394837
 31
0.0
  0
LINE
  5
4A6
330
17
100
AcDbEntity
  8
VISIBLE
100
AcDbLine
 10
79.44759976097967
 20
124.06697321394837
 30
0.0
 11
79.44760844819893
 21
124.06698050346377
 31
0.0
  0
LINE
  5
4A7
330
17
100
AcDbEntity
  8
VISIBLE
100
AcDbLine
 10
79.44760844819893
 20
124.06698050346377
 30
0.0
 11
79.44761646707673
 21
124.06698852234223
 31
0.0
  0
LINE
  5
4A8
330
17
100
AcDbEntity
  8
VISIBLE
100
AcDbLine
 10
79.44761646707673
 20
124.06698852234223
 30
0.0
 11
79.44762375659141
 21
124.06699720956209
 31
0.0
  0
LINE
  5
4A9
330
17
100
AcDbEntity
  8
VISIBLE
100
AcDbLine
 10
79.44762375659141
 20
124.06699720956209
 30
0.0
 11
79.90209255569141
 21
124.65926354336209
 31
0.0
  0
LINE
  5
4AA
330
17
100
AcDbEntity
  8
VISIBLE
100
AcDbLine
 10
79.90209255569141
 20
124.65926354336209
 30
0.0
 11
80.27205708651196
 21
125.1414011685282
 31
0.0
  0
LINE
  5
4AB
330
17
100
AcDbEntity
  8
VISIBLE
100
AcDbLine
 10
80.27205708651196
 20
125.1414011685282
 30
0.0
 11
80.32160363861088
 21
125.20597038205713
 31
0.0
  0
LINE
  5
4AC
330
17
100
AcDbEntity
  8
VISIBLE
100
AcDbLine
 10
80.32160363861088
 20
125.20597038205713
 30
0.0
 11
80.32161013257192
 21
125.20597965466699
 31
0.0
  0
LINE
  5
4AD
330
17
100
AcDbEntity
  8
VISIBLE
100
AcDbLine
 10
80.32161013257192
 20
125.20597965466699
 30
0.0
 11
80.32161579521366
 21
125.2059894570806
 31
0.0
  0
LINE
  5
4AE
330
17
100
AcDbEntity
  8
VISIBLE
100
AcDbLine
 10
80.32161579521366
 20
125.2059894570806
 30
0.0
 11
80.3216205835962
 21
125.20599971496617
 31
0.0
  0
LINE
  5
4AF
330
17
100
AcDbEntity
  8
VISIBLE
100
AcDbLine
 10
80.3216205835962
 20
125.20599971496617
 30
0.0
 11
80.60761318559621
 21
125.89550345346618
 31
0.0
  0
LINE
  5
4B0
330
17
100
AcDbEntity
  8
VISIBLE
100
AcDbLine
 10
80.60761318559621
 20
125.89550345346618
 30
0.0
 11
80.87160654676262
 21
126.53196768798517
 31
0.0
  0
LINE
  5
4B1
330
17
100
AcDbEntity
  8
VISIBLE
100
AcDbLine
 10
80.87160654676262
 20
126.53196768798517
 30
0.0
 11
80.87161044139992
 21
126.53197837681196
 31
0.0
  0
LINE
  5
4B2
330
17
100
AcDbEntity
  8
VISIBLE
100
AcDbLine
 10
80.87161044139992
 20
126.53197837681196
 30
0.0
 11
80.87161338664492
 21
126.53198936520357
 31
0.0
  0
LINE
  5
4B3
330
17
100
AcDbEntity
  8
VISIBLE
100
AcDbLine
 10
80.87161338664492
 20
126.53198936520357
 30
0.0
 11
80.87161535994308
 21
126.53200056901152
 31
0.0
  0
LINE
  5
4B4
330
17
100
AcDbEntity
  8
VISIBLE
100
AcDbLine
 10
80.87161535994308
 20
126.53200056901152
 30
0.0
 11
80.90901241654308
 21
126.81678359911152
 31
0.0
  0
LINE
  5
4B5
330
17
100
AcDbEntity
  8
VISIBLE
100
AcDbLine
 10
80.90901241654308
 20
126.81678359911152
 30
0.0
 11
81.05861117648689
 21
127.95596664488373
 31
0.0
  0
LINE
  5
4B6
330
17
100
AcDbEntity
  8
VISIBLE
100
AcDbLine
 10
81.05861117648689
 20
127.95596664488373
 30
0.0
 11
81.0586121600172
 21
127.95597791487143
 31
0.0
  0
LINE
  5
4B7
330
17
100
AcDbEntity
  8
VISIBLE
100
AcDbLine
 10
81.0586121600172
 20
127.95597791487143
 30
0.0
 11
81.05861216001865
 21
127.95598922769399
 31
0.0
  0
LINE
  5
4B8
330
17
100
AcDbEntity
  8
VISIBLE
100
AcDbLine
 10
81.05861216001865
 20
127.95598922769399
 30
0.0
 11
81.05861117649124
 21
127.95600049768193
 31
0.0
  0
LINE
  5
4B9
330
17
100
AcDbEntity
  8
VISIBLE
100
AcDbLine
 10
81.05861117649124
 20
127.95600049768193
 30
0.0
 11
80.96137295119125
 21
128.69646357708194
 31
0.0
  0
LINE
  5
4BA
330
17
100
AcDbEntity
  8
VISIBLE
100
AcDbLine
 10
80.96137295119125
 20
128.69646357708194
 30
0.0
 11
80.87161535990558
 21
129.3799665736728
 31
0.0
  0
LINE
  5
4BB
330
17
100
AcDbEntity
  8
VISIBLE
100
AcDbLine
 10
80.87161535990558
 20
129.3799665736728
 30
0.0
 11
80.87161522261738
 21
129.3799665556441
 31
0.0
  0
LINE
  5
4BC
330
17
100
AcDbEntity
  8
VISIBLE
100
AcDbLine
 10
80.87161522261738
 20
129.3799665556441
 30
0.0
 11
80.87161396244817
 21
129.37997504035116
 31
0.0
  0
LINE
  5
4BD
330
17
100
AcDbEntity
  8
VISIBLE
100
AcDbLine
 10
80.87161396244817
 20
129.37997504035116
 30
0.0
 11
80.87161085500185
 21
129.37998742998997
 31
0.0
  0
LINE
  5
4BE
330
17
100
AcDbEntity
  8
VISIBLE
100
AcDbLine
 10
80.87161085500185
 20
129.37998742998997
 30
0.0
 11
80.87160654665942
 21
129.37999945486246
 31
0.0
  0
LINE
  5
4BF
330
17
100
AcDbEntity
  8
VISIBLE
100
AcDbLine
 10
80.87160654665942
 20
129.37999945486246
 30
0.0
 11
80.76161251425941
 21
129.64518361496246
 31
0.0
  0
LINE
  5
4C0
330
17
100
AcDbEntity
  8
VISIBLE
100
AcDbLine
 10
80.76161251425941
 20
129.64518361496246
 30
0.0
 11
80.32162043271025
 21
130.7059677912988
 31
0.0
  0
LINE
  5
4C1
330
17
100
AcDbEntity
  8
VISIBLE
100
AcDbLine
 10
80.32162043271025
 20
130.7059677912988
 30
0.0
 11
80.32161564427727
 21
130.70597804928806
 31
0.0
  0
LINE
  5
4C2
330
17
100
AcDbEntity
  8
VISIBLE
100
AcDbLine
 10
80.32161564427727
 20
130.70597804928806
 30
0.0
 11
80.32160998156759
 21
130.70598785179556
 31
0.0
  0
LINE
  5
4C3
330
17
100
AcDbEntity
  8
VISIBLE
100
AcDbLine
 10
80.32160998156759
 20
130.70598785179556
 30
0.0
 11
80.32160348752245
 21
130.70599712448725
 31
0.0
  0
LINE
  5
4C4
330
17
100
AcDbEntity
  8
VISIBLE
100
AcDbLine
 10
80.32160348752245
 20
130.70599712448725
 30
0.0
 11
80.14681301472245
 21
130.93378346368726
 31
0.0
  0
LINE
  5
4C5
330
17
100
AcDbEntity
  8
VISIBLE
100
AcDbLine
 10
80.14681301472245
 20
130.93378346368726
 30
0.0
 11
79.80174287585099
 21
131.38348036318942
 31
0.0
  0
LINE
  5
4C6
330
17
100
AcDbEntity
  8
VISIBLE
100
AcDbLine
 10
79.80174287585099
 20
131.38348036318942
 30
0.0
 11
79.44762202507414
 21
131.84497126168958
 31
0.0
  0
LINE
  5
4C7
330
17
100
AcDbEntity
  8
VISIBLE
100
AcDbLine
 10
79.44762202507414
 20
131.84497126168958
 30
0.0
 11
79.44761473558307
 21
131.8449799488588
 31
0.0
  0
LINE
  5
4C8
330
17
100
AcDbEntity
  8
VISIBLE
100
AcDbLine
 10
79.44761473558307
 20
131.8449799488588
 30
0.0
 11
79.44760671673657
 21
131.8449879676922
 31
0.0
  0
LINE
  5
4C9
330
17
100
AcDbEntity
  8
VISIBLE
100
AcDbLine
 10
79.44760671673657
 20
131.8449879676922
 30
0.0
 11
79.44759802955544
 21
131.84499525716905
 31
0.0
  0
LINE
  5
4CA
330
17
100
AcDbEntity
  8
VISIBLE
100
AcDbLine
 10
79.44759802955544
 20
131.84499525716905
 30
0.0
 11
78.85533199665544
 21
132.29946368146906
 31
0.0
  0
LINE
  5
4CB
330
17
100
AcDbEntity
  8
VISIBLE
100
AcDbLine
 10
78.85533199665544
 20
132.29946368146906
 30
0.0
 11
78.30862695226556
 21
132.71897318290783
 31
0.0
  0
LINE
  5
4CC
330
17
100
AcDbEntity
  8
VISIBLE
100
AcDbLine
 10
78.30862695226556
 20
132.71897318290783
 30
0.0
 11
78.30861767965744
 21
132.71897967687937
 31
0.0
  0
LINE
  5
4CD
330
17
100
AcDbEntity
  8
VISIBLE
100
AcDbLine
 10
78.30861767965744
 20
132.71897967687937
 30
0.0
 11
78.30860787724447
 21
132.71898533953137
 31
0.0
  0
LINE
  5
4CE
330
17
100
AcDbEntity
  8
VISIBLE
100
AcDbLine
 10
78.30860787724447
 20
132.71898533953137
 30
0.0
 11
78.30859761935848
 21
132.71899012792386
 31
0.0
  0
LINE
  5
4CF
330
17
100
AcDbEntity
  8
VISIBLE
100
AcDbLine
 10
78.30859761935848
 20
132.71899012792386
 30
0.0
 11
76.98262842435848
 21
133.26897727712384
 31
0.0
  0
LINE
  5
4D0
330
17
100
AcDbEntity
  8
VISIBLE
100
AcDbLine
 10
76.98262842435848
 20
133.26897727712384
 30
0.0
 11
76.98261773562547
 21
133.2689811717326
 31
0.0
  0
LINE
  5
4D1
330
17
100
AcDbEntity
  8
VISIBLE
100
AcDbLine
 10
76.98261773562547
 20
133.2689811717326
 30
0.0
 11
76.982606747332
 21
133.2689841169656
 31
0.0
  0
LINE
  5
4D2
330
17
100
AcDbEntity
  8
VISIBLE
100
AcDbLine
 10
76.982606747332
 20
133.2689841169656
 30
0.0
 11
76.98259554362436
 21
133.26898609026887
 31
0.0
  0
LINE
  5
4D3
330
17
100
AcDbEntity
  8
VISIBLE
100
AcDbLine
 10
76.98259554362436
 20
133.26898609026887
 30
0.0
 11
75.55862182622435
 21
133.45598246466886
 31
0.0
  0
LINE
  5
4D4
330
17
100
AcDbEntity
  8
VISIBLE
100
AcDbLine
 10
75.55862182622435
 20
133.45598246466886
 30
0.0
 11
75.55860489993387
 21
133.4559835712994
 31
0.0
  0
LINE
  5
4D5
330
17
100
AcDbEntity
  8
VISIBLE
100
AcDbLine
 10
75.55860489993387
 20
133.4559835712994
 30
0.0
 11
70.55862189853389
 21
133.4559835712994
 31
0.0
  0
LINE
  5
4D6
330
17
100
AcDbEntity
  8
VISIBLE
100
AcDbLine
 10
70.55862189853389
 20
133.4559835712994
 30
0.0
 11
70.55860497224539
 21
133.45598246466915
 31
0.0
  0
LINE
  5
4D7
330
17
100
AcDbEntity
  8
VISIBLE
100
AcDbLine
 10
70.55860497224539
 20
133.45598246466915
 30
0.0
 11
69.1346307144454
 21
133.26898604166914
 31
0.0
  0
LINE
  5
4D8
330
17
100
AcDbEntity
  8
VISIBLE
100
AcDbLine
 10
69.1346307144454
 20
133.26898604166914
 30
0.0
 11
69.13461951074311
 21
133.26898406836725
 31
0.0
  0
LINE
  5
4D9
330
17
100
AcDbEntity
  8
VISIBLE
100
AcDbLine
 10
69.13461951074311
 20
133.26898406836725
 30
0.0
 11
69.13460852245476
 21
133.26898112313654
 31
0.0
  0
LINE
  5
4DA
330
17
100
AcDbEntity
  8
VISIBLE
100
AcDbLine
 10
69.13460852245476
 20
133.26898112313654
 30
0.0
 11
69.13459783372645
 21
133.26897722853099
 31
0.0
  0
LINE
  5
4DB
330
17
100
AcDbEntity
  8
VISIBLE
100
AcDbLine
 10
69.13459783372645
 20
133.26897722853099
 30
0.0
 11
67.80863030732645
 21
132.71899099373098
 31
0.0
  0
LINE
  5
4DC
330
17
100
AcDbEntity
  8
VISIBLE
100
AcDbLine
 10
67.80863030732645
 20
132.71899099373098
 30
0.0
 11
67.80862004936078
 21
132.71898620529882
 31
0.0
  0
LINE
  5
4DD
330
17
100
AcDbEntity
  8
VISIBLE
100
AcDbLine
 10
67.80862004936078
 20
132.71898620529882
 30
0.0
 11
67.80861024687577
 21
132.71898054259364
 31
0.0
  0
LINE
  5
4DE
330
17
100
AcDbEntity
  8
VISIBLE
100
AcDbLine
 10
67.80861024687577
 20
132.71898054259364
 30
0.0
 11
67.80860097420498
 21
132.71897404855648
 31
0.0
  0
LINE
  5
4DF
330
17
100
AcDbEntity
  8
VISIBLE
100
AcDbLine
 10
67.80860097420498
 20
132.71897404855648
 30
0.0
 11
67.58081493730498
 21
132.5441836636565
 31
0.0
  0
LINE
  5
4E0
330
17
100
AcDbEntity
  8
VISIBLE
100
AcDbLine
 10
67.58081493730498
 20
132.5441836636565
 30
0.0
 11
66.66962703758807
 21
131.84499392865044
 31
0.0
  0
LINE
  5
4E1
330
17
100
AcDbEntity
  8
OCULTA
100
AcDbLine
 10
169.05861339923388
 20
110.95598357129941
 30
0.0
 11
83.98634014483935
 21
110.95598357129941
 31
0.0
  0
LINE
  5
4E2
330
17
100
AcDbEntity
  8
OCULTA
100
AcDbLine
 10
169.05861339923388
 20
110.95598357129941
 30
0.0
 11
171.2776151692534
 21
111.10098402906308
 31
0.0
  0
LINE
  5
4E3
330
17
100
AcDbEntity
  8
OCULTA
100
AcDbLine
 10
173.45861492511278
 20
111.53498404432187
 30
0.0
 11
171.2776151692534
 21
111.10098402906308
 31
0.0
  0
LINE
  5
4E4
330
17
100
AcDbEntity
  8
OCULTA
100
AcDbLine
 10
173.45861492511278
 20
111.53498404432187
 30
0.0
 11
175.5646139180327
 21
112.24998324323545
 31
0.0
  0
LINE
  5
4E5
330
17
100
AcDbEntity
  8
OCULTA
100
AcDbLine
 10
177.55861339923388
 20
113.2339834492291
 30
0.0
 11
175.5646139180327
 21
112.24998324323545
 31
0.0
  0
LINE
  5
4E6
330
17
100
AcDbEntity
  8
OCULTA
100
AcDbLine
 10
177.55861339923388
 20
113.2339834492291
 30
0.0
 11
179.40761242267138
 21
114.46898310590635
 31
0.0
  0
LINE
  5
4E7
330
17
100
AcDbEntity
  8
OCULTA
100
AcDbLine
 10
181.07961330768114
 20
115.93498366285215
 30
0.0
 11
179.40761242267138
 21
114.46898310590635
 31
0.0
  0
LINE
  5
4E8
330
17
100
AcDbEntity
  8
OCULTA
100
AcDbLine
 10
181.07961330768114
 20
115.93498366285215
 30
0.0
 11
182.54561291095263
 21
117.6069835941876
 31
0.0
  0
LINE
  5
4E9
330
17
100
AcDbEntity
  8
OCULTA
100
AcDbLine
 10
183.7806135213042
 20
119.45598357129941
 30
0.0
 11
182.54561291095263
 21
117.6069835941876
 31
0.0
  0
LINE
  5
4EA
330
17
100
AcDbEntity
  8
OCULTA
100
AcDbLine
 10
183.7806135213042
 20
119.45598357129941
 30
0.0
 11
184.76461468097216
 21
121.44998352933774
 31
0.0
  0
LINE
  5
4EB
330
17
100
AcDbEntity
  8
OCULTA
100
AcDbLine
 10
185.47961101886278
 20
123.55598347593198
 30
0.0
 11
184.76461468097216
 21
121.44998352933774
 31
0.0
  0
LINE
  5
4EC
330
17
100
AcDbEntity
  8
OCULTA
100
AcDbLine
 10
185.47961101886278
 20
123.55598347593198
 30
0.0
 11
185.62838421222216
 21
124.30362766195188
 31
0.0
  0
LINE
  5
4ED
330
17
100
AcDbEntity
  8
OCULTA
100
AcDbLine
 10
185.62838421222216
 20
124.30362766195188
 30
0.0
 11
185.91361675616747
 21
125.73698347020994
 31
0.0
  0
LINE
  5
4EE
330
17
100
AcDbEntity
  8
OCULTA
100
AcDbLine
 10
186.05861339923388
 20
127.95598357129941
 30
0.0
 11
185.91361675616747
 21
125.73698347020994
 31
0.0
  0
LINE
  5
4EF
330
17
100
AcDbEntity
  8
OCULTA
100
AcDbLine
 10
186.05861339923388
 20
127.95598357129941
 30
0.0
 11
186.05157146808153
 21
128.06374406028638
 31
0.0
  0
LINE
  5
4F0
330
17
100
AcDbEntity
  8
OCULTA
100
AcDbLine
 10
186.05157146808153
 20
128.06374406028638
 30
0.0
 11
185.91361675616747
 21
130.1749836723889
 31
0.0
  0
LINE
  5
4F1
330
17
100
AcDbEntity
  8
OCULTA
100
AcDbLine
 10
185.58164654132372
 20
131.84323089528928
 30
0.0
 11
185.91361675616747
 21
130.1749836723889
 31
0.0
  0
LINE
  5
4F2
330
17
100
AcDbEntity
  8
OCULTA
100
AcDbLine
 10
185.58164654132372
 20
131.84323089528928
 30
0.0
 11
185.47961101886278
 21
132.35598366666684
 31
0.0
  0
LINE
  5
4F3
330
17
100
AcDbEntity
  8
OCULTA
100
AcDbLine
 10
185.47961101886278
 20
132.35598366666684
 30
0.0
 11
184.76461468097216
 21
134.46198361326108
 31
0.0
  0
LINE
  5
4F4
330
17
100
AcDbEntity
  8
OCULTA
100
AcDbLine
 10
184.23994884845263
 20
135.52517884183774
 30
0.0
 11
184.76461468097216
 21
134.46198361326108
 31
0.0
  0
LINE
  5
4F5
330
17
100
AcDbEntity
  8
OCULTA
100
AcDbLine
 10
184.23994884845263
 20
135.52517884183774
 30
0.0
 11
183.7806135213042
 21
136.4559835712994
 31
0.0
  0
LINE
  5
4F6
330
17
100
AcDbEntity
  8
OCULTA
100
AcDbLine
 10
183.7806135213042
 20
136.4559835712994
 30
0.0
 11
183.65060100909716
 21
136.65063422132383
 31
0.0
  0
LINE
  5
4F7
330
17
100
AcDbEntity
  8
OCULTA
100
AcDbLine
 10
183.65060100909716
 20
136.65063422132383
 30
0.0
 11
182.54561291095263
 21
138.30498354841123
 31
0.0
  0
LINE
  5
4F8
330
17
100
AcDbEntity
  8
OCULTA
100
AcDbLine
 10
182.00878200885302
 20
138.91724913526426
 30
0.0
 11
182.54561291095263
 21
138.30498354841123
 31
0.0
  0
LINE
  5
4F9
330
17
100
AcDbEntity
  8
OCULTA
100
AcDbLine
 10
182.00878200885302
 20
138.91724913526426
 30
0.0
 11
181.07961330768114
 21
139.97698347974668
 31
0.0
  0
LINE
  5
4FA
330
17
100
AcDbEntity
  8
OCULTA
100
AcDbLine
 10
181.07961330768114
 20
139.97698347974668
 30
0.0
 11
179.40761242267138
 21
141.44298403669248
 31
0.0
  0
LINE
  5
4FB
330
17
100
AcDbEntity
  8
OCULTA
100
AcDbLine
 10
178.87633190509325
 20
141.79784148145566
 30
0.0
 11
179.40761242267138
 21
141.44298403669248
 31
0.0
  0
LINE
  5
4FC
330
17
100
AcDbEntity
  8
OCULTA
100
AcDbLine
 10
178.87633190509325
 20
141.79784148145566
 30
0.0
 11
177.55861339923388
 21
142.67798369336973
 31
0.0
  0
LINE
  5
4FD
330
17
100
AcDbEntity
  8
OCULTA
100
AcDbLine
 10
177.55861339923388
 20
142.67798369336973
 30
0.0
 11
175.5646139180327
 21
143.66198389936338
 31
0.0
  0
LINE
  5
4FE
330
17
100
AcDbEntity
  8
OCULTA
100
AcDbLine
 10
174.9695669209624
 20
143.8640064518536
 30
0.0
 11
175.5646139180327
 21
143.66198389936338
 31
0.0
  0
LINE
  5
4FF
330
17
100
AcDbEntity
  8
OCULTA
100
AcDbLine
 10
174.9695669209624
 20
143.8640064518536
 30
0.0
 11
173.45861492511278
 21
144.37698309827695
 31
0.0
  0
LINE
  5
500
330
17
100
AcDbEntity
  8
OCULTA
100
AcDbLine
 10
173.45861492511278
 20
144.37698309827695
 30
0.0
 11
171.2776151692534
 21
144.81098311353574
 31
0.0
  0
LINE
  5
501
330
17
100
AcDbEntity
  8
OCULTA
100
AcDbLine
 10
170.44866237994677
 20
144.86514990735898
 30
0.0
 11
171.2776151692534
 21
144.81098311353574
 31
0.0
  0
LINE
  5
502
330
17
100
AcDbEntity
  8
OCULTA
100
AcDbLine
 10
170.44866237994677
 20
144.86514990735898
 30
0.0
 11
169.05861339923388
 21
144.9559835712994
 31
0.0
  0
LINE
  5
503
330
17
100
AcDbEntity
  8
OCULTA
100
AcDbLine
 10
169.05861339923388
 20
144.9559835712994
 30
0.0
 11
165.387013057437
 21
144.9559835712994
 31
0.0
  0
LINE
  5
504
330
17
100
AcDbEntity
  8
OCULTA
100
AcDbLine
 10
165.387013057437
 20
144.9559835712994
 30
0.0
 11
158.3613134419585
 21
144.9559835712994
 31
0.0
  0
LINE
  5
505
330
17
100
AcDbEntity
  8
OCULTA
100
AcDbLine
 10
158.3613134419585
 20
144.9559835712994
 30
0.0
 11
144.8063245808745
 21
144.9559835712994
 31
0.0
  0
LINE
  5
506
330
17
100
AcDbEntity
  8
OCULTA
100
AcDbLine
 10
144.8063245808745
 20
144.9559835712994
 30
0.0
 11
130.77721844073778
 21
144.9559835712994
 31
0.0
  0
LINE
  5
507
330
17
100
AcDbEntity
  8
OCULTA
100
AcDbLine
 10
130.77721844073778
 20
144.9559835712994
 30
0.0
 11
106.67023048755175
 21
144.9559835712994
 31
0.0
  0
LINE
  5
508
330
17
100
AcDbEntity
  8
OCULTA
100
AcDbLine
 10
106.67023048755175
 20
144.9559835712994
 30
0.0
 11
95.47658405658251
 21
144.9559835712994
 31
0.0
  0
LINE
  5
509
330
17
100
AcDbEntity
  8
OCULTA
100
AcDbLine
 10
95.47658405658251
 20
144.9559835712994
 30
0.0
 11
88.51353512164599
 21
144.9559835712994
 31
0.0
  0
LINE
  5
50A
330
17
100
AcDbEntity
  8
OCULTA
100
AcDbLine
 10
88.51353512164599
 20
144.9559835712994
 30
0.0
 11
83.98634014483935
 21
144.9559835712994
 31
0.0
  0
LINE
  5
50B
330
17
100
AcDbEntity
  8
OCULTA
100
AcDbLine
 10
83.98634014483935
 20
144.9559835712994
 30
0.0
 11
83.29106197711474
 21
144.9559835712994
 31
0.0
  0
LINE
  5
50C
330
17
100
AcDbEntity
  8
OCULTA
100
AcDbLine
 10
83.29106197711474
 20
144.9559835712994
 30
0.0
 11
78.82616482135302
 21
144.9559835712994
 31
0.0
  0
LINE
  5
50D
330
17
100
AcDbEntity
  8
OCULTA
100
AcDbLine
 10
78.82616482135302
 20
144.9559835712994
 30
0.0
 11
74.41098842975146
 21
144.9559835712994
 31
0.0
  0
LINE
  5
50E
330
17
100
AcDbEntity
  8
OCULTA
100
AcDbLine
 10
74.41098842975146
 20
144.9559835712994
 30
0.0
 11
73.05861339923388
 21
144.9559835712994
 31
0.0
  0
LINE
  5
50F
330
17
100
AcDbEntity
  8
OCULTA
100
AcDbLine
 10
70.83961162921435
 20
144.81098311353574
 30
0.0
 11
73.05861339923388
 21
144.9559835712994
 31
0.0
  0
LINE
  5
510
330
17
100
AcDbEntity
  8
OCULTA
100
AcDbLine
 10
70.83961162921435
 20
144.81098311353574
 30
0.0
 11
69.67596111651903
 21
144.57942717481504
 31
0.0
  0
LINE
  5
511
330
17
100
AcDbEntity
  8
OCULTA
100
AcDbLine
 10
69.67596111651903
 20
144.57942717481504
 30
0.0
 11
68.65861187335497
 21
144.37698309827695
 31
0.0
  0
LINE
  5
512
330
17
100
AcDbEntity
  8
OCULTA
100
AcDbLine
 10
66.55261288043505
 20
143.66198389936338
 30
0.0
 11
68.65861187335497
 21
144.37698309827695
 31
0.0
  0
LINE
  5
513
330
17
100
AcDbEntity
  8
OCULTA
100
AcDbLine
 10
66.55261288043505
 20
143.66198389936338
 30
0.0
 11
65.02808819171435
 21
142.9096607487286
 31
0.0
  0
LINE
  5
514
330
17
100
AcDbEntity
  8
OCULTA
100
AcDbLine
 10
65.02808819171435
 20
142.9096607487286
 30
0.0
 11
64.55861339923388
 21
142.67798369336973
 31
0.0
  0
LINE
  5
515
330
17
100
AcDbEntity
  8
OCULTA
100
AcDbLine
 10
62.70961437579638
 20
141.44298403669248
 30
0.0
 11
64.55861339923388
 21
142.67798369336973
 31
0.0
  0
LINE
  5
516
330
17
100
AcDbEntity
  8
OCULTA
100
AcDbLine
 10
62.70961437579638
 20
141.44298403669248
 30
0.0
 11
61.03761349078661
 21
139.97698347974668
 31
0.0
  0
LINE
  5
517
330
17
100
AcDbEntity
  8
OCULTA
100
AcDbLine
 10
60.97697506305224
 20
139.9078239719952
 30
0.0
 11
61.03761349078661
 21
139.97698347974668
 31
0.0
  0
LINE
  5
518
330
17
100
AcDbEntity
  8
OCULTA
100
AcDbLine
 10
60.97697506305224
 20
139.9078239719952
 30
0.0
 11
59.57161388751513
 21
138.30498354841123
 31
0.0
  0
LINE
  5
519
330
17
100
AcDbEntity
  8
OCULTA
100
AcDbLine
 10
59.57161388751513
 20
138.30498354841123
 30
0.0
 11
58.336613277163565
 21
136.4559835712994
 31
0.0
  0
LINE
  5
51A
330
17
100
AcDbEntity
  8
OCULTA
100
AcDbLine
 10
57.99440060016161
 20
135.76251786161313
 30
0.0
 11
58.336613277163565
 21
136.4559835712994
 31
0.0
  0
LINE
  5
51B
330
17
100
AcDbEntity
  8
OCULTA
100
AcDbLine
 10
57.99440060016161
 20
135.76251786161313
 30
0.0
 11
57.352612117495596
 21
134.46198361326108
 31
0.0
  0
LINE
  5
51C
330
17
100
AcDbEntity
  8
OCULTA
100
AcDbLine
 10
57.352612117495596
 20
134.46198361326108
 30
0.0
 11
57.01106701251513
 21
133.4559835712994
 31
0.0
  0
LINE
  5
51D
330
17
100
AcDbEntity
  8
OCULTA
100
AcDbLine
 10
58.466625789370596
 20
119.261332921275
 30
0.0
 11
58.336613277163565
 21
119.45598357129941
 31
0.0
  0
LINE
  5
51E
330
17
100
AcDbEntity
  8
OCULTA
100
AcDbLine
 10
58.336613277163565
 20
119.45598357129941
 30
0.0
 11
57.99440060016161
 21
120.14944928098569
 31
0.0
  0
LINE
  5
51F
330
17
100
AcDbEntity
  8
OCULTA
100
AcDbLine
 10
57.01106701251513
 20
133.4559835712994
 30
0.0
 11
56.63761577960497
 21
132.35598366666684
 31
0.0
  0
LINE
  5
520
330
17
100
AcDbEntity
  8
OCULTA
100
AcDbLine
 10
56.488842586245596
 20
131.60833948064695
 30
0.0
 11
56.63761577960497
 21
132.35598366666684
 31
0.0
  0
LINE
  5
521
330
17
100
AcDbEntity
  8
OCULTA
100
AcDbLine
 10
56.488842586245596
 20
131.60833948064695
 30
0.0
 11
56.203610042300284
 21
130.1749836723889
 31
0.0
  0
LINE
  5
522
330
17
100
AcDbEntity
  8
OCULTA
100
AcDbLine
 10
56.203610042300284
 20
130.1749836723889
 30
0.0
 11
56.05861339923388
 21
127.95598357129941
 31
0.0
  0
LINE
  5
523
330
17
100
AcDbEntity
  8
OCULTA
100
AcDbLine
 10
56.06565533038622
 20
127.84822308231244
 30
0.0
 11
56.05861339923388
 21
127.95598357129941
 31
0.0
  0
LINE
  5
524
330
17
100
AcDbEntity
  8
OCULTA
100
AcDbLine
 10
56.06565533038622
 20
127.84822308231244
 30
0.0
 11
56.203610042300284
 21
125.73698347020994
 31
0.0
  0
LINE
  5
525
330
17
100
AcDbEntity
  8
OCULTA
100
AcDbLine
 10
56.203610042300284
 20
125.73698347020994
 30
0.0
 11
56.535580257144034
 21
124.06873624730954
 31
0.0
  0
LINE
  5
526
330
17
100
AcDbEntity
  8
OCULTA
100
AcDbLine
 10
56.535580257144034
 20
124.06873624730954
 30
0.0
 11
56.63761577960497
 21
123.55598347593198
 31
0.0
  0
LINE
  5
527
330
17
100
AcDbEntity
  8
OCULTA
100
AcDbLine
 10
57.352612117495596
 20
121.44998352933774
 30
0.0
 11
56.63761577960497
 21
123.55598347593198
 31
0.0
  0
LINE
  5
528
330
17
100
AcDbEntity
  8
OCULTA
100
AcDbLine
 10
57.99440060016161
 20
120.14944928098569
 30
0.0
 11
57.87727795001513
 21
120.38678830076108
 31
0.0
  0
LINE
  5
529
330
17
100
AcDbEntity
  8
OCULTA
100
AcDbLine
 10
57.352612117495596
 20
121.44998352933774
 30
0.0
 11
57.87727795001513
 21
120.38678830076108
 31
0.0
  0
LINE
  5
52A
330
17
100
AcDbEntity
  8
OCULTA
100
AcDbLine
 10
83.98634014483935
 20
110.95598357129941
 30
0.0
 11
73.05861339923388
 21
110.95598357129941
 31
0.0
  0
LINE
  5
52B
330
17
100
AcDbEntity
  8
OCULTA
100
AcDbLine
 10
73.05861339923388
 20
110.95598357129941
 30
0.0
 11
70.83961162921435
 21
111.10098402906308
 31
0.0
  0
LINE
  5
52C
330
17
100
AcDbEntity
  8
OCULTA
100
AcDbLine
 10
58.466625789370596
 20
119.261332921275
 30
0.0
 11
59.57161388751513
 21
117.6069835941876
 31
0.0
  0
LINE
  5
52D
330
17
100
AcDbEntity
  8
OCULTA
100
AcDbLine
 10
59.57161388751513
 20
117.6069835941876
 30
0.0
 11
61.03761349078661
 21
115.93498366285215
 31
0.0
  0
LINE
  5
52E
330
17
100
AcDbEntity
  8
OCULTA
100
AcDbLine
 10
62.70961437579638
 20
114.46898310590635
 30
0.0
 11
61.03761349078661
 21
115.93498366285215
 31
0.0
  0
LINE
  5
52F
330
17
100
AcDbEntity
  8
OCULTA
100
AcDbLine
 10
62.70961437579638
 20
114.46898310590635
 30
0.0
 11
64.55861339923388
 21
113.2339834492291
 31
0.0
  0
LINE
  5
530
330
17
100
AcDbEntity
  8
OCULTA
100
AcDbLine
 10
66.55261288043505
 20
112.24998324323545
 30
0.0
 11
64.55861339923388
 21
113.2339834492291
 31
0.0
  0
LINE
  5
531
330
17
100
AcDbEntity
  8
OCULTA
100
AcDbLine
 10
70.83961162921435
 20
111.10098402906308
 30
0.0
 11
68.65861187335497
 21
111.53498404432187
 31
0.0
  0
LINE
  5
532
330
17
100
AcDbEntity
  8
OCULTA
100
AcDbLine
 10
66.55261288043505
 20
112.24998324323545
 30
0.0
 11
68.65861187335497
 21
111.53498404432187
 31
0.0
  0
TEXT
  5
533
330
17
100
AcDbEntity
  8
TEXTO
100
AcDbText
 10
121.05861339923388
 20
148.9559835712994
 30
0.0
 40
3.5
  1
PLANTA
 72
1
 11
121.05861339923388
 21
148.9559835712994
 31
0.0
100
AcDbText
 73
2
  0
DIMENSION
  5
534
330
17
100
AcDbEntity
  8
COTAS
100
AcDbDimension
280
0
  2
*D3
  3
F3D_1000
 10
195.05861339923388
 20
110.95598357129941
 30
0.0
 11
192.40861339923387
 21
127.95598357129941
 31
0.0
 70
32
 71
5
  1
<>
100
AcDbAlignedDimension
 13
186.05861339923388
 23
110.95598357129941
 33
0.0
 14
186.05861339923388
 24
144.9559835712994
 34
0.0
 50
90.0
100
AcDbRotatedDimension
  0
LINE
  5
543
330
17
100
AcDbEntity
  8
VISIBLE
100
AcDbLine
 10
212.20361385699755
 20
170.9559835712994
 30
0.0
 11
212.05861339923388
 21
170.9559835712994
 31
0.0
  0
LINE
  5
544
330
17
100
AcDbEntity
  8
VISIBLE
100
AcDbLine
 10
212.20361385699755
 20
170.9559835712994
 30
0.0
 11
212.43516979571825
 21
170.9559835712994
 31
0.0
  0
LINE
  5
545
330
17
100
AcDbEntity
  8
VISIBLE
100
AcDbLine
 10
212.43516979571825
 20
170.9559835712994
 30
0.0
 11
212.63761387225634
 21
170.9559835712994
 31
0.0
  0
LINE
  5
546
330
17
100
AcDbEntity
  8
VISIBLE
100
AcDbLine
 10
213.3526130711699
 20
170.9559835712994
 30
0.0
 11
212.63761387225634
 21
170.9559835712994
 31
0.0
  0
LINE
  5
547
330
17
100
AcDbEntity
  8
VISIBLE
100
AcDbLine
 10
213.3526130711699
 20
170.9559835712994
 30
0.0
 11
214.10493622180468
 21
170.9559835712994
 31
0.0
  0
LINE
  5
548
330
17
100
AcDbEntity
  8
VISIBLE
100
AcDbLine
 10
214.10493622180468
 20
170.9559835712994
 30
0.0
 11
214.33661327716356
 21
170.9559835712994
 31
0.0
  0
LINE
  5
549
330
17
100
AcDbEntity
  8
VISIBLE
100
AcDbLine
 10
215.5716129338408
 20
170.9559835712994
 30
0.0
 11
214.33661327716356
 21
170.9559835712994
 31
0.0
  0
LINE
  5
54A
330
17
100
AcDbEntity
  8
VISIBLE
100
AcDbLine
 10
215.5716129338408
 20
170.9559835712994
 30
0.0
 11
217.0376134907866
 21
170.9559835712994
 31
0.0
  0
LINE
  5
54B
330
17
100
AcDbEntity
  8
VISIBLE
100
AcDbLine
 10
217.10677299853808
 20
170.9559835712994
 30
0.0
 11
217.0376134907866
 21
170.9559835712994
 31
0.0
  0
LINE
  5
54C
330
17
100
AcDbEntity
  8
VISIBLE
100
AcDbLine
 10
217.10677299853808
 20
170.9559835712994
 30
0.0
 11
218.70961342212206
 21
170.9559835712994
 31
0.0
  0
LINE
  5
54D
330
17
100
AcDbEntity
  8
VISIBLE
100
AcDbLine
 10
218.70961342212206
 20
170.9559835712994
 30
0.0
 11
220.55861339923388
 21
170.9559835712994
 31
0.0
  0
LINE
  5
54E
330
17
100
AcDbEntity
  8
VISIBLE
100
AcDbLine
 10
221.25207910892016
 20
170.9559835712994
 30
0.0
 11
220.55861339923388
 21
170.9559835712994
 31
0.0
  0
LINE
  5
54F
330
17
100
AcDbEntity
  8
VISIBLE
100
AcDbLine
 10
221.25207910892016
 20
170.9559835712994
 30
0.0
 11
222.5526133572722
 21
170.9559835712994
 31
0.0
  0
LINE
  5
550
330
17
100
AcDbEntity
  8
VISIBLE
100
AcDbLine
 10
222.5526133572722
 20
170.9559835712994
 30
0.0
 11
223.55861339923388
 21
170.9559835712994
 31
0.0
  0
LINE
  5
551
330
17
100
AcDbEntity
  8
VISIBLE
100
AcDbLine
 10
237.7532640492583
 20
170.9559835712994
 30
0.0
 11
237.55861339923388
 21
170.9559835712994
 31
0.0
  0
LINE
  5
552
330
17
100
AcDbEntity
  8
VISIBLE
100
AcDbLine
 10
237.55861339923388
 20
170.9559835712994
 30
0.0
 11
236.8651476895476
 21
170.9559835712994
 31
0.0
  0
LINE
  5
553
330
17
100
AcDbEntity
  8
VISIBLE
100
AcDbLine
 10
223.55861339923388
 20
170.9559835712994
 30
0.0
 11
224.65861330386645
 21
170.9559835712994
 31
0.0
  0
LINE
  5
554
330
17
100
AcDbEntity
  8
VISIBLE
100
AcDbLine
 10
225.40625748988634
 20
170.9559835712994
 30
0.0
 11
224.65861330386645
 21
170.9559835712994
 31
0.0
  0
LINE
  5
555
330
17
100
AcDbEntity
  8
VISIBLE
100
AcDbLine
 10
225.40625748988634
 20
170.9559835712994
 30
0.0
 11
226.8396132981444
 21
170.9559835712994
 31
0.0
  0
LINE
  5
556
330
17
100
AcDbEntity
  8
VISIBLE
100
AcDbLine
 10
226.8396132981444
 20
170.9559835712994
 30
0.0
 11
229.05861339923388
 21
170.9559835712994
 31
0.0
  0
LINE
  5
557
330
17
100
AcDbEntity
  8
VISIBLE
100
AcDbLine
 10
229.16637388822085
 20
170.9559835712994
 30
0.0
 11
229.05861339923388
 21
170.9559835712994
 31
0.0
  0
LINE
  5
558
330
17
100
AcDbEntity
  8
VISIBLE
100
AcDbLine
 10
229.16637388822085
 20
170.9559835712994
 30
0.0
 11
231.27761350032335
 21
170.9559835712994
 31
0.0
  0
LINE
  5
559
330
17
100
AcDbEntity
  8
VISIBLE
100
AcDbLine
 10
231.27761350032335
 20
170.9559835712994
 30
0.0
 11
232.94586072322375
 21
170.9559835712994
 31
0.0
  0
LINE
  5
55A
330
17
100
AcDbEntity
  8
VISIBLE
100
AcDbLine
 10
232.94586072322375
 20
170.9559835712994
 30
0.0
 11
233.4586134946013
 21
170.9559835712994
 31
0.0
  0
LINE
  5
55B
330
17
100
AcDbEntity
  8
VISIBLE
100
AcDbLine
 10
235.56461344119555
 20
170.9559835712994
 30
0.0
 11
233.4586134946013
 21
170.9559835712994
 31
0.0
  0
LINE
  5
55C
330
17
100
AcDbEntity
  8
VISIBLE
100
AcDbLine
 10
236.8651476895476
 20
170.9559835712994
 30
0.0
 11
236.6278086697722
 21
170.9559835712994
 31
0.0
  0
LINE
  5
55D
330
17
100
AcDbEntity
  8
VISIBLE
100
AcDbLine
 10
235.56461344119555
 20
170.9559835712994
 30
0.0
 11
236.6278086697722
 21
170.9559835712994
 31
0.0
  0
LINE
  5
55E
330
17
100
AcDbEntity
  8
VISIBLE
100
AcDbLine
 10
246.05861339923388
 20
170.9559835712994
 30
0.0
 11
245.9136129414702
 21
170.9559835712994
 31
0.0
  0
LINE
  5
55F
330
17
100
AcDbEntity
  8
VISIBLE
100
AcDbLine
 10
237.7532640492583
 20
170.9559835712994
 30
0.0
 11
239.4076133763457
 21
170.9559835712994
 31
0.0
  0
LINE
  5
560
330
17
100
AcDbEntity
  8
VISIBLE
100
AcDbLine
 10
239.4076133763457
 20
170.9559835712994
 30
0.0
 11
241.07961330768114
 21
170.9559835712994
 31
0.0
  0
LINE
  5
561
330
17
100
AcDbEntity
  8
VISIBLE
100
AcDbLine
 10
242.54561386462694
 20
170.9559835712994
 30
0.0
 11
241.07961330768114
 21
170.9559835712994
 31
0.0
  0
LINE
  5
562
330
17
100
AcDbEntity
  8
VISIBLE
100
AcDbLine
 10
242.54561386462694
 20
170.9559835712994
 30
0.0
 11
243.7806135213042
 21
170.9559835712994
 31
0.0
  0
LINE
  5
563
330
17
100
AcDbEntity
  8
VISIBLE
100
AcDbLine
 10
244.76461372729784
 20
170.9559835712994
 30
0.0
 11
243.7806135213042
 21
170.9559835712994
 31
0.0
  0
LINE
  5
564
330
17
100
AcDbEntity
  8
VISIBLE
100
AcDbLine
 10
245.9136129414702
 20
170.9559835712994
 30
0.0
 11
245.47961292621142
 21
170.9559835712994
 31
0.0
  0
LINE
  5
565
330
17
100
AcDbEntity
  8
VISIBLE
100
AcDbLine
 10
244.76461372729784
 20
170.9559835712994
 30
0.0
 11
245.47961292621142
 21
170.9559835712994
 31
0.0
  0
LINE
  5
566
330
17
100
AcDbEntity
  8
VISIBLE
100
AcDbLine
 10
212.05861339923388
 20
174.9559835712994
 30
0.0
 11
212.20361385699755
 21
174.9559835712994
 31
0.0
  0
LINE
  5
567
330
17
100
AcDbEntity
  8
VISIBLE
100
AcDbLine
 10
212.20361385699755
 20
174.9559835712994
 30
0.0
 11
212.43516979571825
 21
174.9559835712994
 31
0.0
  0
LINE
  5
568
330
17
100
AcDbEntity
  8
VISIBLE
100
AcDbLine
 10
212.43516979571825
 20
174.9559835712994
 30
0.0
 11
212.63761387225634
 21
174.9559835712994
 31
0.0
  0
LINE
  5
569
330
17
100
AcDbEntity
  8
VISIBLE
100
AcDbLine
 10
212.63761387225634
 20
174.9559835712994
 30
0.0
 11
213.3526130711699
 21
174.9559835712994
 31
0.0
  0
LINE
  5
56A
330
17
100
AcDbEntity
  8
VISIBLE
100
AcDbLine
 10
213.3526130711699
 20
174.9559835712994
 30
0.0
 11
214.10493622180468
 21
174.9559835712994
 31
0.0
  0
LINE
  5
56B
330
17
100
AcDbEntity
  8
VISIBLE
100
AcDbLine
 10
214.10493622180468
 20
174.9559835712994
 30
0.0
 11
214.33661327716356
 21
174.9559835712994
 31
0.0
  0
LINE
  5
56C
330
17
100
AcDbEntity
  8
VISIBLE
100
AcDbLine
 10
214.33661327716356
 20
174.9559835712994
 30
0.0
 11
215.5716129338408
 21
174.9559835712994
 31
0.0
  0
LINE
  5
56D
330
17
100
AcDbEntity
  8
VISIBLE
100
AcDbLine
 10
215.5716129338408
 20
174.9559835712994
 30
0.0
 11
217.0376134907866
 21
174.9559835712994
 31
0.0
  0
LINE
  5
56E
330
17
100
AcDbEntity
  8
VISIBLE
100
AcDbLine
 10
217.0376134907866
 20
174.9559835712994
 30
0.0
 11
217.10677299853808
 21
174.9559835712994
 31
0.0
  0
LINE
  5
56F
330
17
100
AcDbEntity
  8
VISIBLE
100
AcDbLine
 10
217.10677299853808
 20
174.9559835712994
 30
0.0
 11
218.70961342212206
 21
174.9559835712994
 31
0.0
  0
LINE
  5
570
330
17
100
AcDbEntity
  8
VISIBLE
100
AcDbLine
 10
218.70961342212206
 20
174.9559835712994
 30
0.0
 11
220.55861339923388
 21
174.9559835712994
 31
0.0
  0
LINE
  5
571
330
17
100
AcDbEntity
  8
VISIBLE
100
AcDbLine
 10
220.55861339923388
 20
174.9559835712994
 30
0.0
 11
221.25207910892016
 21
174.9559835712994
 31
0.0
  0
LINE
  5
572
330
17
100
AcDbEntity
  8
VISIBLE
100
AcDbLine
 10
221.25207910892016
 20
174.9559835712994
 30
0.0
 11
222.5526133572722
 21
174.9559835712994
 31
0.0
  0
LINE
  5
573
330
17
100
AcDbEntity
  8
VISIBLE
100
AcDbLine
 10
222.5526133572722
 20
174.9559835712994
 30
0.0
 11
223.55861339923388
 21
174.9559835712994
 31
0.0
  0
LINE
  5
574
330
17
100
AcDbEntity
  8
VISIBLE
100
AcDbLine
 10
236.8651476895476
 20
174.9559835712994
 30
0.0
 11
237.55861339923388
 21
174.9559835712994
 31
0.0
  0
LINE
  5
575
330
17
100
AcDbEntity
  8
VISIBLE
100
AcDbLine
 10
237.55861339923388
 20
174.9559835712994
 30
0.0
 11
237.7532640492583
 21
174.9559835712994
 31
0.0
  0
LINE
  5
576
330
17
100
AcDbEntity
  8
VISIBLE
100
AcDbLine
 10
223.55861339923388
 20
174.9559835712994
 30
0.0
 11
224.65861330386645
 21
174.9559835712994
 31
0.0
  0
LINE
  5
577
330
17
100
AcDbEntity
  8
VISIBLE
100
AcDbLine
 10
224.65861330386645
 20
174.9559835712994
 30
0.0
 11
225.40625748988634
 21
174.9559835712994
 31
0.0
  0
LINE
  5
578
330
17
100
AcDbEntity
  8
VISIBLE
100
AcDbLine
 10
225.40625748988634
 20
174.9559835712994
 30
0.0
 11
226.8396132981444
 21
174.9559835712994
 31
0.0
  0
LINE
  5
579
330
17
100
AcDbEntity
  8
VISIBLE
100
AcDbLine
 10
226.8396132981444
 20
174.9559835712994
 30
0.0
 11
229.05861339923388
 21
174.9559835712994
 31
0.0
  0
LINE
  5
57A
330
17
100
AcDbEntity
  8
VISIBLE
100
AcDbLine
 10
229.05861339923388
 20
174.9559835712994
 30
0.0
 11
229.16637388822085
 21
174.9559835712994
 31
0.0
  0
LINE
  5
57B
330
17
100
AcDbEntity
  8
VISIBLE
100
AcDbLine
 10
229.16637388822085
 20
174.9559835712994
 30
0.0
 11
231.27761350032335
 21
174.9559835712994
 31
0.0
  0
LINE
  5
57C
330
17
100
AcDbEntity
  8
VISIBLE
100
AcDbLine
 10
231.27761350032335
 20
174.9559835712994
 30
0.0
 11
232.94586072322375
 21
174.9559835712994
 31
0.0
  0
LINE
  5
57D
330
17
100
AcDbEntity
  8
VISIBLE
100
AcDbLine
 10
232.94586072322375
 20
174.9559835712994
 30
0.0
 11
233.4586134946013
 21
174.9559835712994
 31
0.0
  0
LINE
  5
57E
330
17
100
AcDbEntity
  8
VISIBLE
100
AcDbLine
 10
233.4586134946013
 20
174.9559835712994
 30
0.0
 11
235.56461344119555
 21
174.9559835712994
 31
0.0
  0
LINE
  5
57F
330
17
100
AcDbEntity
  8
VISIBLE
100
AcDbLine
 10
236.8651476895476
 20
174.9559835712994
 30
0.0
 11
236.6278086697722
 21
174.9559835712994
 31
0.0
  0
LINE
  5
580
330
17
100
AcDbEntity
  8
VISIBLE
100
AcDbLine
 10
235.56461344119555
 20
174.9559835712994
 30
0.0
 11
236.6278086697722
 21
174.9559835712994
 31
0.0
  0
LINE
  5
581
330
17
100
AcDbEntity
  8
VISIBLE
100
AcDbLine
 10
245.9136129414702
 20
174.9559835712994
 30
0.0
 11
246.05861339923388
 21
174.9559835712994
 31
0.0
  0
LINE
  5
582
330
17
100
AcDbEntity
  8
VISIBLE
100
AcDbLine
 10
237.7532640492583
 20
174.9559835712994
 30
0.0
 11
239.4076133763457
 21
174.9559835712994
 31
0.0
  0
LINE
  5
583
330
17
100
AcDbEntity
  8
VISIBLE
100
AcDbLine
 10
239.4076133763457
 20
174.9559835712994
 30
0.0
 11
241.07961330768114
 21
174.9559835712994
 31
0.0
  0
LINE
  5
584
330
17
100
AcDbEntity
  8
VISIBLE
100
AcDbLine
 10
241.07961330768114
 20
174.9559835712994
 30
0.0
 11
242.54561386462694
 21
174.9559835712994
 31
0.0
  0
LINE
  5
585
330
17
100
AcDbEntity
  8
VISIBLE
100
AcDbLine
 10
242.54561386462694
 20
174.9559835712994
 30
0.0
 11
243.7806135213042
 21
174.9559835712994
 31
0.0
  0
LINE
  5
586
330
17
100
AcDbEntity
  8
VISIBLE
100
AcDbLine
 10
243.7806135213042
 20
174.9559835712994
 30
0.0
 11
244.76461372729784
 21
174.9559835712994
 31
0.0
  0
LINE
  5
587
330
17
100
AcDbEntity
  8
VISIBLE
100
AcDbLine
 10
245.9136129414702
 20
174.9559835712994
 30
0.0
 11
245.47961292621142
 21
174.9559835712994
 31
0.0
  0
LINE
  5
588
330
17
100
AcDbEntity
  8
VISIBLE
100
AcDbLine
 10
244.76461372729784
 20
174.9559835712994
 30
0.0
 11
245.47961292621142
 21
174.9559835712994
 31
0.0
  0
LINE
  5
589
330
17
100
AcDbEntity
  8
VISIBLE
100
AcDbLine
 10
234.37161360141283
 20
170.9559835712994
 30
0.0
 11
234.461373428073
 21
170.9559835712994
 31
0.0
  0
LINE
  5
58A
330
17
100
AcDbEntity
  8
VISIBLE
100
AcDbLine
 10
234.37161360141283
 20
170.9559835712994
 30
0.0
 11
234.0856133496428
 21
170.9559835712994
 31
0.0
  0
LINE
  5
58B
330
17
100
AcDbEntity
  8
VISIBLE
100
AcDbLine
 10
233.82161341067797
 20
170.9559835712994
 30
0.0
 11
234.0856133496428
 21
170.9559835712994
 31
0.0
  0
LINE
  5
58C
330
17
100
AcDbEntity
  8
VISIBLE
100
AcDbLine
 10
233.82161341067797
 20
170.9559835712994
 30
0.0
 11
233.36713323947436
 21
170.9559835712994
 31
0.0
  0
LINE
  5
58D
330
17
100
AcDbEntity
  8
VISIBLE
100
AcDbLine
 10
232.94761333819872
 20
170.9559835712994
 30
0.0
 11
233.36713323947436
 21
170.9559835712994
 31
0.0
  0
LINE
  5
58E
330
17
100
AcDbEntity
  8
VISIBLE
100
AcDbLine
 10
232.94761333819872
 20
170.9559835712994
 30
0.0
 11
232.35533342715746
 21
170.9559835712994
 31
0.0
  0
LINE
  5
58F
330
17
100
AcDbEntity
  8
VISIBLE
100
AcDbLine
 10
231.80861339923388
 20
170.9559835712994
 30
0.0
 11
232.35533342715746
 21
170.9559835712994
 31
0.0
  0
LINE
  5
590
330
17
100
AcDbEntity
  8
VISIBLE
100
AcDbLine
 10
231.80861339923388
 20
170.9559835712994
 30
0.0
 11
231.11909351703173
 21
170.9559835712994
 31
0.0
  0
LINE
  5
591
330
17
100
AcDbEntity
  8
VISIBLE
100
AcDbLine
 10
230.4826134240294
 20
170.9559835712994
 30
0.0
 11
231.11909351703173
 21
170.9559835712994
 31
0.0
  0
LINE
  5
592
330
17
100
AcDbEntity
  8
VISIBLE
100
AcDbLine
 10
230.4826134240294
 20
170.9559835712994
 30
0.0
 11
229.7421334182883
 21
170.9559835712994
 31
0.0
  0
LINE
  5
593
330
17
100
AcDbEntity
  8
VISIBLE
100
AcDbLine
 10
229.05861339923388
 20
170.9559835712994
 30
0.0
 11
229.7421334182883
 21
170.9559835712994
 31
0.0
  0
LINE
  5
594
330
17
100
AcDbEntity
  8
VISIBLE
100
AcDbLine
 10
229.05861339923388
 20
170.9559835712994
 30
0.0
 11
228.31813339349276
 21
170.9559835712994
 31
0.0
  0
LINE
  5
595
330
17
100
AcDbEntity
  8
VISIBLE
100
AcDbLine
 10
227.63461337443835
 20
170.9559835712994
 30
0.0
 11
228.31813339349276
 21
170.9559835712994
 31
0.0
  0
LINE
  5
596
330
17
100
AcDbEntity
  8
VISIBLE
100
AcDbLine
 10
227.63461337443835
 20
170.9559835712994
 30
0.0
 11
226.9450934922362
 21
170.9559835712994
 31
0.0
  0
LINE
  5
597
330
17
100
AcDbEntity
  8
VISIBLE
100
AcDbLine
 10
226.30861339923388
 20
170.9559835712994
 30
0.0
 11
226.9450934922362
 21
170.9559835712994
 31
0.0
  0
LINE
  5
598
330
17
100
AcDbEntity
  8
VISIBLE
100
AcDbLine
 10
226.30861339923388
 20
170.9559835712994
 30
0.0
 11
225.71633348819262
 21
170.9559835712994
 31
0.0
  0
LINE
  5
599
330
17
100
AcDbEntity
  8
VISIBLE
100
AcDbLine
 10
225.16961346026903
 20
170.9559835712994
 30
0.0
 11
225.71633348819262
 21
170.9559835712994
 31
0.0
  0
LINE
  5
59A
330
17
100
AcDbEntity
  8
VISIBLE
100
AcDbLine
 10
225.16961346026903
 20
170.9559835712994
 30
0.0
 11
224.71513328906542
 21
170.9559835712994
 31
0.0
  0
LINE
  5
59B
330
17
100
AcDbEntity
  8
VISIBLE
100
AcDbLine
 10
224.29561338778979
 20
170.9559835712994
 30
0.0
 11
224.71513328906542
 21
170.9559835712994
 31
0.0
  0
LINE
  5
59C
330
17
100
AcDbEntity
  8
VISIBLE
100
AcDbLine
 10
224.29561338778979
 20
170.9559835712994
 30
0.0
 11
224.00961313601977
 21
170.9559835712994
 31
0.0
  0
LINE
  5
59D
330
17
100
AcDbEntity
  8
VISIBLE
100
AcDbLine
 10
223.74561319705492
 20
170.9559835712994
 30
0.0
 11
224.00961313601977
 21
170.9559835712994
 31
0.0
  0
LINE
  5
59E
330
17
100
AcDbEntity
  8
VISIBLE
100
AcDbLine
 10
223.74561319705492
 20
170.9559835712994
 30
0.0
 11
223.64837322589403
 21
170.9559835712994
 31
0.0
  0
LINE
  5
59F
330
17
100
AcDbEntity
  8
VISIBLE
100
AcDbLine
 10
223.55861339923388
 20
170.9559835712994
 30
0.0
 11
223.64837322589403
 21
170.9559835712994
 31
0.0
  0
LINE
  5
5A0
330
17
100
AcDbEntity
  8
VISIBLE
100
AcDbLine
 10
223.55861339923388
 20
170.9559835712994
 30
0.0
 11
223.55861339923388
 21
170.9559835712994
 31
0.0
  0
LINE
  5
5A1
330
17
100
AcDbEntity
  8
VISIBLE
100
AcDbLine
 10
223.55861339923388
 20
170.9559835712994
 30
0.0
 11
225.16961346026903
 21
170.9559835712994
 31
0.0
  0
LINE
  5
5A2
330
17
100
AcDbEntity
  8
VISIBLE
100
AcDbLine
 10
223.55861339923388
 20
170.9559835712994
 30
0.0
 11
224.29561338778979
 21
170.9559835712994
 31
0.0
  0
LINE
  5
5A3
330
17
100
AcDbEntity
  8
VISIBLE
100
AcDbLine
 10
223.55861339923388
 20
170.9559835712994
 30
0.0
 11
223.74561319705492
 21
170.9559835712994
 31
0.0
  0
LINE
  5
5A4
330
17
100
AcDbEntity
  8
VISIBLE
100
AcDbLine
 10
223.55861339923388
 20
170.9559835712994
 30
0.0
 11
223.64837322589403
 21
170.9559835712994
 31
0.0
  0
LINE
  5
5A5
330
17
100
AcDbEntity
  8
VISIBLE
100
AcDbLine
 10
223.55861339923388
 20
170.9559835712994
 30
0.0
 11
223.55861339923388
 21
170.9559835712994
 31
0.0
  0
LINE
  5
5A6
330
17
100
AcDbEntity
  8
VISIBLE
100
AcDbLine
 10
223.55861339923388
 20
170.9559835712994
 30
0.0
 11
223.55861339923388
 21
170.9559835712994
 31
0.0
  0
LINE
  5
5A7
330
17
100
AcDbEntity
  8
VISIBLE
100
AcDbLine
 10
223.55861339923388
 20
170.9559835712994
 30
0.0
 11
223.65585337039477
 21
170.9559835712994
 31
0.0
  0
LINE
  5
5A8
330
17
100
AcDbEntity
  8
VISIBLE
100
AcDbLine
 10
234.37161360141283
 20
170.9559835712994
 30
0.0
 11
234.461373428073
 21
170.9559835712994
 31
0.0
  0
LINE
  5
5A9
330
17
100
AcDbEntity
  8
VISIBLE
100
AcDbLine
 10
234.37161360141283
 20
170.9559835712994
 30
0.0
 11
234.0856133496428
 21
170.9559835712994
 31
0.0
  0
LINE
  5
5AA
330
17
100
AcDbEntity
  8
VISIBLE
100
AcDbLine
 10
233.82161341067797
 20
170.9559835712994
 30
0.0
 11
234.0856133496428
 21
170.9559835712994
 31
0.0
  0
LINE
  5
5AB
330
17
100
AcDbEntity
  8
VISIBLE
100
AcDbLine
 10
233.82161341067797
 20
170.9559835712994
 30
0.0
 11
233.36713323947436
 21
170.9559835712994
 31
0.0
  0
LINE
  5
5AC
330
17
100
AcDbEntity
  8
VISIBLE
100
AcDbLine
 10
232.94761333819872
 20
170.9559835712994
 30
0.0
 11
233.36713323947436
 21
170.9559835712994
 31
0.0
  0
LINE
  5
5AD
330
17
100
AcDbEntity
  8
VISIBLE
100
AcDbLine
 10
232.94761333819872
 20
170.9559835712994
 30
0.0
 11
232.35533342715746
 21
170.9559835712994
 31
0.0
  0
LINE
  5
5AE
330
17
100
AcDbEntity
  8
VISIBLE
100
AcDbLine
 10
231.80861339923388
 20
170.9559835712994
 30
0.0
 11
232.35533342715746
 21
170.9559835712994
 31
0.0
  0
LINE
  5
5AF
330
17
100
AcDbEntity
  8
VISIBLE
100
AcDbLine
 10
231.80861339923388
 20
170.9559835712994
 30
0.0
 11
231.11909351703173
 21
170.9559835712994
 31
0.0
  0
LINE
  5
5B0
330
17
100
AcDbEntity
  8
VISIBLE
100
AcDbLine
 10
227.27987013217455
 20
170.9559835712994
 30
0.0
 11
230.4826134240294
 21
170.9559835712994
 31
0.0
  0
LINE
  5
5B1
330
17
100
AcDbEntity
  8
VISIBLE
100
AcDbLine
 10
230.4826134240294
 20
170.9559835712994
 30
0.0
 11
231.11909351703173
 21
170.9559835712994
 31
0.0
  0
LINE
  5
5B2
330
17
100
AcDbEntity
  8
VISIBLE
100
AcDbLine
 10
230.4826134240294
 20
170.9559835712994
 30
0.0
 11
229.7421334182883
 21
170.9559835712994
 31
0.0
  0
LINE
  5
5B3
330
17
100
AcDbEntity
  8
VISIBLE
100
AcDbLine
 10
227.18516395446306
 20
170.9559835712994
 30
0.0
 11
229.0586133992339
 21
170.9559835712994
 31
0.0
  0
LINE
  5
5B4
330
17
100
AcDbEntity
  8
VISIBLE
100
AcDbLine
 10
229.0586133992339
 20
170.9559835712994
 30
0.0
 11
229.7421334182883
 21
170.9559835712994
 31
0.0
  0
LINE
  5
5B5
330
17
100
AcDbEntity
  8
VISIBLE
100
AcDbLine
 10
229.0586133992339
 20
170.9559835712994
 30
0.0
 11
228.31813339349276
 21
170.9559835712994
 31
0.0
  0
LINE
  5
5B6
330
17
100
AcDbEntity
  8
VISIBLE
100
AcDbLine
 10
227.15776214953905
 20
170.9559835712994
 30
0.0
 11
227.63461337443835
 21
170.9559835712994
 31
0.0
  0
LINE
  5
5B7
330
17
100
AcDbEntity
  8
VISIBLE
100
AcDbLine
 10
227.63461337443835
 20
170.9559835712994
 30
0.0
 11
228.31813339349276
 21
170.9559835712994
 31
0.0
  0
LINE
  5
5B8
330
17
100
AcDbEntity
  8
VISIBLE
100
AcDbLine
 10
227.63461337443835
 20
170.9559835712994
 30
0.0
 11
226.9450934922362
 21
170.9559835712994
 31
0.0
  0
LINE
  5
5B9
330
17
100
AcDbEntity
  8
VISIBLE
100
AcDbLine
 10
226.30861339923388
 20
170.9559835712994
 30
0.0
 11
226.9450934922362
 21
170.9559835712994
 31
0.0
  0
LINE
  5
5BA
330
17
100
AcDbEntity
  8
VISIBLE
100
AcDbLine
 10
226.30861339923388
 20
170.9559835712994
 30
0.0
 11
225.71633348819262
 21
170.9559835712994
 31
0.0
  0
LINE
  5
5BB
330
17
100
AcDbEntity
  8
VISIBLE
100
AcDbLine
 10
225.16961346026903
 20
170.9559835712994
 30
0.0
 11
225.71633348819262
 21
170.9559835712994
 31
0.0
  0
LINE
  5
5BC
330
17
100
AcDbEntity
  8
VISIBLE
100
AcDbLine
 10
225.16961346026903
 20
170.9559835712994
 30
0.0
 11
224.71513328906542
 21
170.9559835712994
 31
0.0
  0
LINE
  5
5BD
330
17
100
AcDbEntity
  8
VISIBLE
100
AcDbLine
 10
224.29561338778979
 20
170.9559835712994
 30
0.0
 11
224.71513328906542
 21
170.9559835712994
 31
0.0
  0
LINE
  5
5BE
330
17
100
AcDbEntity
  8
VISIBLE
100
AcDbLine
 10
224.29561338778979
 20
170.9559835712994
 30
0.0
 11
224.00961313601977
 21
170.9559835712994
 31
0.0
  0
LINE
  5
5BF
330
17
100
AcDbEntity
  8
VISIBLE
100
AcDbLine
 10
223.74561319705492
 20
170.9559835712994
 30
0.0
 11
224.00961313601977
 21
170.9559835712994
 31
0.0
  0
LINE
  5
5C0
330
17
100
AcDbEntity
  8
VISIBLE
100
AcDbLine
 10
223.74561319705492
 20
170.9559835712994
 30
0.0
 11
223.64837322589403
 21
170.9559835712994
 31
0.0
  0
LINE
  5
5C1
330
17
100
AcDbEntity
  8
VISIBLE
100
AcDbLine
 10
223.55861339923388
 20
170.9559835712994
 30
0.0
 11
223.55861339923388
 21
170.9559835712994
 31
0.0
  0
LINE
  5
5C2
330
17
100
AcDbEntity
  8
VISIBLE
100
AcDbLine
 10
223.55861339923388
 20
170.9559835712994
 30
0.0
 11
223.65585337039477
 21
170.9559835712994
 31
0.0
  0
LINE
  5
5C3
330
17
100
AcDbEntity
  8
VISIBLE
100
AcDbLine
 10
224.51356039401537
 20
170.9559835712994
 30
0.0
 11
223.74561319705492
 21
170.9559835712994
 31
0.0
  0
LINE
  5
5C4
330
17
100
AcDbEntity
  8
VISIBLE
100
AcDbLine
 10
223.74561319705492
 20
170.9559835712994
 30
0.0
 11
223.65585337039477
 21
170.9559835712994
 31
0.0
  0
LINE
  5
5C5
330
17
100
AcDbEntity
  8
VISIBLE
100
AcDbLine
 10
223.74561319705492
 20
170.9559835712994
 30
0.0
 11
224.03161344882494
 21
170.9559835712994
 31
0.0
  0
LINE
  5
5C6
330
17
100
AcDbEntity
  8
VISIBLE
100
AcDbLine
 10
224.5514761006499
 20
170.9559835712994
 30
0.0
 11
224.29561338778979
 21
170.9559835712994
 31
0.0
  0
LINE
  5
5C7
330
17
100
AcDbEntity
  8
VISIBLE
100
AcDbLine
 10
224.29561338778979
 20
170.9559835712994
 30
0.0
 11
224.03161344882494
 21
170.9559835712994
 31
0.0
  0
LINE
  5
5C8
330
17
100
AcDbEntity
  8
VISIBLE
100
AcDbLine
 10
224.29561338778979
 20
170.9559835712994
 30
0.0
 11
224.7500935589934
 21
170.9559835712994
 31
0.0
  0
LINE
  5
5C9
330
17
100
AcDbEntity
  8
VISIBLE
100
AcDbLine
 10
225.16961346026903
 20
170.9559835712994
 30
0.0
 11
224.7500935589934
 21
170.9559835712994
 31
0.0
  0
LINE
  5
5CA
330
17
100
AcDbEntity
  8
VISIBLE
100
AcDbLine
 10
225.16961346026903
 20
170.9559835712994
 30
0.0
 11
225.7618933713103
 21
170.9559835712994
 31
0.0
  0
LINE
  5
5CB
330
17
100
AcDbEntity
  8
VISIBLE
100
AcDbLine
 10
226.30861339923388
 20
170.9559835712994
 30
0.0
 11
225.7618933713103
 21
170.9559835712994
 31
0.0
  0
LINE
  5
5CC
330
17
100
AcDbEntity
  8
VISIBLE
100
AcDbLine
 10
226.30861339923388
 20
170.9559835712994
 30
0.0
 11
226.99813328143603
 21
170.9559835712994
 31
0.0
  0
LINE
  5
5CD
330
17
100
AcDbEntity
  8
VISIBLE
100
AcDbLine
 10
227.63461337443835
 20
170.9559835712994
 30
0.0
 11
226.99813328143603
 21
170.9559835712994
 31
0.0
  0
LINE
  5
5CE
330
17
100
AcDbEntity
  8
VISIBLE
100
AcDbLine
 10
227.63461337443835
 20
170.9559835712994
 30
0.0
 11
228.37509338017946
 21
170.9559835712994
 31
0.0
  0
LINE
  5
5CF
330
17
100
AcDbEntity
  8
VISIBLE
100
AcDbLine
 10
229.05861339923385
 20
170.9559835712994
 30
0.0
 11
228.37509338017946
 21
170.9559835712994
 31
0.0
  0
LINE
  5
5D0
330
17
100
AcDbEntity
  8
VISIBLE
100
AcDbLine
 10
229.05861339923385
 20
170.9559835712994
 30
0.0
 11
229.799093404975
 21
170.9559835712994
 31
0.0
  0
LINE
  5
5D1
330
17
100
AcDbEntity
  8
VISIBLE
100
AcDbLine
 10
230.4826134240294
 20
170.9559835712994
 30
0.0
 11
229.799093404975
 21
170.9559835712994
 31
0.0
  0
LINE
  5
5D2
330
17
100
AcDbEntity
  8
VISIBLE
100
AcDbLine
 10
230.4826134240294
 20
170.9559835712994
 30
0.0
 11
231.17213330623156
 21
170.9559835712994
 31
0.0
  0
LINE
  5
5D3
330
17
100
AcDbEntity
  8
VISIBLE
100
AcDbLine
 10
231.80861339923388
 20
170.9559835712994
 30
0.0
 11
231.17213330623156
 21
170.9559835712994
 31
0.0
  0
LINE
  5
5D4
330
17
100
AcDbEntity
  8
VISIBLE
100
AcDbLine
 10
231.80861339923388
 20
170.9559835712994
 30
0.0
 11
232.40089331027514
 21
170.9559835712994
 31
0.0
  0
LINE
  5
5D5
330
17
100
AcDbEntity
  8
VISIBLE
100
AcDbLine
 10
232.94761333819872
 20
170.9559835712994
 30
0.0
 11
232.40089331027514
 21
170.9559835712994
 31
0.0
  0
LINE
  5
5D6
330
17
100
AcDbEntity
  8
VISIBLE
100
AcDbLine
 10
232.94761333819872
 20
170.9559835712994
 30
0.0
 11
233.40209350940233
 21
170.9559835712994
 31
0.0
  0
LINE
  5
5D7
330
17
100
AcDbEntity
  8
VISIBLE
100
AcDbLine
 10
233.82161341067797
 20
170.9559835712994
 30
0.0
 11
233.40209350940233
 21
170.9559835712994
 31
0.0
  0
LINE
  5
5D8
330
17
100
AcDbEntity
  8
VISIBLE
100
AcDbLine
 10
233.82161341067797
 20
170.9559835712994
 30
0.0
 11
234.107613662448
 21
170.9559835712994
 31
0.0
  0
LINE
  5
5D9
330
17
100
AcDbEntity
  8
VISIBLE
100
AcDbLine
 10
234.37161360141283
 20
170.9559835712994
 30
0.0
 11
234.107613662448
 21
170.9559835712994
 31
0.0
  0
LINE
  5
5DA
330
17
100
AcDbEntity
  8
VISIBLE
100
AcDbLine
 10
234.37161360141283
 20
170.9559835712994
 30
0.0
 11
234.46885357257372
 21
170.9559835712994
 31
0.0
  0
LINE
  5
5DB
330
17
100
AcDbEntity
  8
VISIBLE
100
AcDbLine
 10
234.55861339923388
 20
170.9559835712994
 30
0.0
 11
234.55861339923388
 21
170.9559835712994
 31
0.0
  0
LINE
  5
5DC
330
17
100
AcDbEntity
  8
VISIBLE
100
AcDbLine
 10
234.55861339923388
 20
170.9559835712994
 30
0.0
 11
234.46885357257372
 21
170.9559835712994
 31
0.0
  0
LINE
  5
5DD
330
17
100
AcDbEntity
  8
VISIBLE
100
AcDbLine
 10
234.55861339923388
 20
170.9559835712994
 30
0.0
 11
234.55861339923388
 21
170.9559835712994
 31
0.0
  0
LINE
  5
5DE
330
17
100
AcDbEntity
  8
VISIBLE
100
AcDbLine
 10
234.55861339923388
 20
170.9559835712994
 30
0.0
 11
234.461373428073
 21
170.9559835712994
 31
0.0
  0
LINE
  5
5DF
330
17
100
AcDbEntity
  8
VISIBLE
100
AcDbLine
 10
234.55861339923388
 20
170.9559835712994
 30
0.0
 11
234.55861339923388
 21
170.9559835712994
 31
0.0
  0
LINE
  5
5E0
330
17
100
AcDbEntity
  8
VISIBLE
100
AcDbLine
 10
223.74561319705492
 20
170.9559835712994
 30
0.0
 11
223.65585337039477
 21
170.9559835712994
 31
0.0
  0
LINE
  5
5E1
330
17
100
AcDbEntity
  8
VISIBLE
100
AcDbLine
 10
223.74561319705492
 20
170.9559835712994
 30
0.0
 11
224.03161344882494
 21
170.9559835712994
 31
0.0
  0
LINE
  5
5E2
330
17
100
AcDbEntity
  8
VISIBLE
100
AcDbLine
 10
224.29561338778979
 20
170.9559835712994
 30
0.0
 11
224.03161344882494
 21
170.9559835712994
 31
0.0
  0
LINE
  5
5E3
330
17
100
AcDbEntity
  8
VISIBLE
100
AcDbLine
 10
224.29561338778979
 20
170.9559835712994
 30
0.0
 11
224.7500935589934
 21
170.9559835712994
 31
0.0
  0
LINE
  5
5E4
330
17
100
AcDbEntity
  8
VISIBLE
100
AcDbLine
 10
225.16961346026903
 20
170.9559835712994
 30
0.0
 11
224.7500935589934
 21
170.9559835712994
 31
0.0
  0
LINE
  5
5E5
330
17
100
AcDbEntity
  8
VISIBLE
100
AcDbLine
 10
225.16961346026903
 20
170.9559835712994
 30
0.0
 11
225.7618933713103
 21
170.9559835712994
 31
0.0
  0
LINE
  5
5E6
330
17
100
AcDbEntity
  8
VISIBLE
100
AcDbLine
 10
226.30861339923388
 20
170.9559835712994
 30
0.0
 11
225.7618933713103
 21
170.9559835712994
 31
0.0
  0
LINE
  5
5E7
330
17
100
AcDbEntity
  8
VISIBLE
100
AcDbLine
 10
226.30861339923388
 20
170.9559835712994
 30
0.0
 11
226.99813328143603
 21
170.9559835712994
 31
0.0
  0
LINE
  5
5E8
330
17
100
AcDbEntity
  8
VISIBLE
100
AcDbLine
 10
227.63461337443835
 20
170.9559835712994
 30
0.0
 11
226.99813328143603
 21
170.9559835712994
 31
0.0
  0
LINE
  5
5E9
330
17
100
AcDbEntity
  8
VISIBLE
100
AcDbLine
 10
227.63461337443835
 20
170.9559835712994
 30
0.0
 11
228.37509338017946
 21
170.9559835712994
 31
0.0
  0
LINE
  5
5EA
330
17
100
AcDbEntity
  8
VISIBLE
100
AcDbLine
 10
229.05861339923388
 20
170.9559835712994
 30
0.0
 11
228.37509338017946
 21
170.9559835712994
 31
0.0
  0
LINE
  5
5EB
330
17
100
AcDbEntity
  8
VISIBLE
100
AcDbLine
 10
229.05861339923388
 20
170.9559835712994
 30
0.0
 11
229.799093404975
 21
170.9559835712994
 31
0.0
  0
LINE
  5
5EC
330
17
100
AcDbEntity
  8
VISIBLE
100
AcDbLine
 10
230.4826134240294
 20
170.9559835712994
 30
0.0
 11
229.799093404975
 21
170.9559835712994
 31
0.0
  0
LINE
  5
5ED
330
17
100
AcDbEntity
  8
VISIBLE
100
AcDbLine
 10
230.4826134240294
 20
170.9559835712994
 30
0.0
 11
231.17213330623156
 21
170.9559835712994
 31
0.0
  0
LINE
  5
5EE
330
17
100
AcDbEntity
  8
VISIBLE
100
AcDbLine
 10
231.80861339923388
 20
170.9559835712994
 30
0.0
 11
231.17213330623156
 21
170.9559835712994
 31
0.0
  0
LINE
  5
5EF
330
17
100
AcDbEntity
  8
VISIBLE
100
AcDbLine
 10
231.80861339923388
 20
170.9559835712994
 30
0.0
 11
232.40089331027514
 21
170.9559835712994
 31
0.0
  0
LINE
  5
5F0
330
17
100
AcDbEntity
  8
VISIBLE
100
AcDbLine
 10
232.94761333819872
 20
170.9559835712994
 30
0.0
 11
232.40089331027514
 21
170.9559835712994
 31
0.0
  0
LINE
  5
5F1
330
17
100
AcDbEntity
  8
VISIBLE
100
AcDbLine
 10
232.94761333819872
 20
170.9559835712994
 30
0.0
 11
233.40209350940233
 21
170.9559835712994
 31
0.0
  0
LINE
  5
5F2
330
17
100
AcDbEntity
  8
VISIBLE
100
AcDbLine
 10
233.82161341067797
 20
170.9559835712994
 30
0.0
 11
233.40209350940233
 21
170.9559835712994
 31
0.0
  0
LINE
  5
5F3
330
17
100
AcDbEntity
  8
VISIBLE
100
AcDbLine
 10
233.82161341067797
 20
170.9559835712994
 30
0.0
 11
234.107613662448
 21
170.9559835712994
 31
0.0
  0
LINE
  5
5F4
330
17
100
AcDbEntity
  8
VISIBLE
100
AcDbLine
 10
234.37161360141283
 20
170.9559835712994
 30
0.0
 11
234.107613662448
 21
170.9559835712994
 31
0.0
  0
LINE
  5
5F5
330
17
100
AcDbEntity
  8
VISIBLE
100
AcDbLine
 10
234.37161360141283
 20
170.9559835712994
 30
0.0
 11
234.46885357257372
 21
170.9559835712994
 31
0.0
  0
LINE
  5
5F6
330
17
100
AcDbEntity
  8
VISIBLE
100
AcDbLine
 10
234.55861339923388
 20
170.9559835712994
 30
0.0
 11
234.55861339923388
 21
170.9559835712994
 31
0.0
  0
LINE
  5
5F7
330
17
100
AcDbEntity
  8
VISIBLE
100
AcDbLine
 10
234.55861339923388
 20
170.9559835712994
 30
0.0
 11
234.46885357257372
 21
170.9559835712994
 31
0.0
  0
LINE
  5
5F8
330
17
100
AcDbEntity
  8
VISIBLE
100
AcDbLine
 10
234.55861339923388
 20
170.9559835712994
 30
0.0
 11
234.55861339923388
 21
170.9559835712994
 31
0.0
  0
LINE
  5
5F9
330
17
100
AcDbEntity
  8
VISIBLE
100
AcDbLine
 10
234.55861339923388
 20
170.9559835712994
 30
0.0
 11
234.461373428073
 21
170.9559835712994
 31
0.0
  0
LINE
  5
5FA
330
17
100
AcDbEntity
  8
VISIBLE
100
AcDbLine
 10
234.55861339923388
 20
170.9559835712994
 30
0.0
 11
234.55861339923388
 21
170.9559835712994
 31
0.0
  0
LINE
  5
5FB
330
17
100
AcDbEntity
  8
VISIBLE
100
AcDbLine
 10
234.37161360141283
 20
174.9559835712994
 30
0.0
 11
234.52121363040453
 21
174.9559835712994
 31
0.0
  0
LINE
  5
5FC
330
17
100
AcDbEntity
  8
VISIBLE
100
AcDbLine
 10
234.37161360141283
 20
174.9559835712994
 30
0.0
 11
234.26161346789843
 21
174.9559835712994
 31
0.0
  0
LINE
  5
5FD
330
17
100
AcDbEntity
  8
VISIBLE
100
AcDbLine
 10
233.82161341067797
 20
174.9559835712994
 30
0.0
 11
234.26161346789843
 21
174.9559835712994
 31
0.0
  0
LINE
  5
5FE
330
17
100
AcDbEntity
  8
VISIBLE
100
AcDbLine
 10
233.82161341067797
 20
174.9559835712994
 30
0.0
 11
233.64681349154955
 21
174.9559835712994
 31
0.0
  0
LINE
  5
5FF
330
17
100
AcDbEntity
  8
VISIBLE
100
AcDbLine
 10
232.94761333819872
 20
174.9559835712994
 30
0.0
 11
233.64681349154955
 21
174.9559835712994
 31
0.0
  0
LINE
  5
600
330
17
100
AcDbEntity
  8
VISIBLE
100
AcDbLine
 10
232.94761333819872
 20
174.9559835712994
 30
0.0
 11
232.71981344577318
 21
174.9559835712994
 31
0.0
  0
LINE
  5
601
330
17
100
AcDbEntity
  8
VISIBLE
100
AcDbLine
 10
231.80861339923388
 20
174.9559835712994
 30
0.0
 11
232.71981344577318
 21
174.9559835712994
 31
0.0
  0
LINE
  5
602
330
17
100
AcDbEntity
  8
VISIBLE
100
AcDbLine
 10
231.80861339923388
 20
174.9559835712994
 30
0.0
 11
231.54341349956042
 21
174.9559835712994
 31
0.0
  0
LINE
  5
603
330
17
100
AcDbEntity
  8
VISIBLE
100
AcDbLine
 10
230.4826134240294
 20
174.9559835712994
 30
0.0
 11
231.54341349956042
 21
174.9559835712994
 31
0.0
  0
LINE
  5
604
330
17
100
AcDbEntity
  8
VISIBLE
100
AcDbLine
 10
230.4826134240294
 20
174.9559835712994
 30
0.0
 11
230.1978133713866
 21
174.9559835712994
 31
0.0
  0
LINE
  5
605
330
17
100
AcDbEntity
  8
VISIBLE
100
AcDbLine
 10
229.05861339923388
 20
174.9559835712994
 30
0.0
 11
230.1978133713866
 21
174.9559835712994
 31
0.0
  0
LINE
  5
606
330
17
100
AcDbEntity
  8
VISIBLE
100
AcDbLine
 10
229.05861339923388
 20
174.9559835712994
 30
0.0
 11
228.7738134061957
 21
174.9559835712994
 31
0.0
  0
LINE
  5
607
330
17
100
AcDbEntity
  8
VISIBLE
100
AcDbLine
 10
227.63461337443835
 20
174.9559835712994
 30
0.0
 11
228.7738134061957
 21
174.9559835712994
 31
0.0
  0
LINE
  5
608
330
17
100
AcDbEntity
  8
VISIBLE
100
AcDbLine
 10
227.63461337443835
 20
174.9559835712994
 30
0.0
 11
227.3694133555556
 21
174.9559835712994
 31
0.0
  0
LINE
  5
609
330
17
100
AcDbEntity
  8
VISIBLE
100
AcDbLine
 10
226.30861339923388
 20
174.9559835712994
 30
0.0
 11
227.3694133555556
 21
174.9559835712994
 31
0.0
  0
LINE
  5
60A
330
17
100
AcDbEntity
  8
VISIBLE
100
AcDbLine
 10
226.30861339923388
 20
174.9559835712994
 30
0.0
 11
226.08081350680834
 21
174.9559835712994
 31
0.0
  0
LINE
  5
60B
330
17
100
AcDbEntity
  8
VISIBLE
100
AcDbLine
 10
225.16961346026903
 20
174.9559835712994
 30
0.0
 11
226.08081350680834
 21
174.9559835712994
 31
0.0
  0
LINE
  5
60C
330
17
100
AcDbEntity
  8
VISIBLE
100
AcDbLine
 10
225.16961346026903
 20
174.9559835712994
 30
0.0
 11
224.99481354114062
 21
174.9559835712994
 31
0.0
  0
LINE
  5
60D
330
17
100
AcDbEntity
  8
VISIBLE
100
AcDbLine
 10
224.29561338778979
 20
174.9559835712994
 30
0.0
 11
224.99481354114062
 21
174.9559835712994
 31
0.0
  0
LINE
  5
60E
330
17
100
AcDbEntity
  8
VISIBLE
100
AcDbLine
 10
224.29561338778979
 20
174.9559835712994
 30
0.0
 11
224.18561325427538
 21
174.9559835712994
 31
0.0
  0
LINE
  5
60F
330
17
100
AcDbEntity
  8
VISIBLE
100
AcDbLine
 10
223.74561319705492
 20
174.9559835712994
 30
0.0
 11
224.18561325427538
 21
174.9559835712994
 31
0.0
  0
LINE
  5
610
330
17
100
AcDbEntity
  8
VISIBLE
100
AcDbLine
 10
223.74561319705492
 20
174.9559835712994
 30
0.0
 11
223.70821342822558
 21
174.9559835712994
 31
0.0
  0
LINE
  5
611
330
17
100
AcDbEntity
  8
VISIBLE
100
AcDbLine
 10
223.55861339923388
 20
174.9559835712994
 30
0.0
 11
223.70821342822558
 21
174.9559835712994
 31
0.0
  0
LINE
  5
612
330
17
100
AcDbEntity
  8
VISIBLE
100
AcDbLine
 10
223.55861339923388
 20
174.9559835712994
 30
0.0
 11
223.55861339923388
 21
174.9559835712994
 31
0.0
  0
LINE
  5
613
330
17
100
AcDbEntity
  8
VISIBLE
100
AcDbLine
 10
223.55861339923388
 20
174.9559835712994
 30
0.0
 11
225.16961346026903
 21
174.9559835712994
 31
0.0
  0
LINE
  5
614
330
17
100
AcDbEntity
  8
VISIBLE
100
AcDbLine
 10
223.55861339923388
 20
174.9559835712994
 30
0.0
 11
224.29561338778979
 21
174.9559835712994
 31
0.0
  0
LINE
  5
615
330
17
100
AcDbEntity
  8
VISIBLE
100
AcDbLine
 10
223.55861339923388
 20
174.9559835712994
 30
0.0
 11
223.74561319705492
 21
174.9559835712994
 31
0.0
  0
LINE
  5
616
330
17
100
AcDbEntity
  8
VISIBLE
100
AcDbLine
 10
223.55861339923388
 20
174.9559835712994
 30
0.0
 11
223.70821342822558
 21
174.9559835712994
 31
0.0
  0
LINE
  5
617
330
17
100
AcDbEntity
  8
VISIBLE
100
AcDbLine
 10
223.55861339923388
 20
174.9559835712994
 30
0.0
 11
223.55861339923388
 21
174.9559835712994
 31
0.0
  0
LINE
  5
618
330
17
100
AcDbEntity
  8
VISIBLE
100
AcDbLine
 10
223.55861339923388
 20
174.9559835712994
 30
0.0
 11
223.55861339923388
 21
174.9559835712994
 31
0.0
  0
LINE
  5
619
330
17
100
AcDbEntity
  8
VISIBLE
100
AcDbLine
 10
223.55861339923388
 20
174.9559835712994
 30
0.0
 11
223.59601316806322
 21
174.9559835712994
 31
0.0
  0
LINE
  5
61A
330
17
100
AcDbEntity
  8
VISIBLE
100
AcDbLine
 10
234.37161360141283
 20
174.9559835712994
 30
0.0
 11
234.52121363040453
 21
174.9559835712994
 31
0.0
  0
LINE
  5
61B
330
17
100
AcDbEntity
  8
VISIBLE
100
AcDbLine
 10
234.37161360141283
 20
174.9559835712994
 30
0.0
 11
234.26161346789843
 21
174.9559835712994
 31
0.0
  0
LINE
  5
61C
330
17
100
AcDbEntity
  8
VISIBLE
100
AcDbLine
 10
233.82161341067797
 20
174.9559835712994
 30
0.0
 11
234.26161346789843
 21
174.9559835712994
 31
0.0
  0
LINE
  5
61D
330
17
100
AcDbEntity
  8
VISIBLE
100
AcDbLine
 10
233.82161341067797
 20
174.9559835712994
 30
0.0
 11
233.64681349154955
 21
174.9559835712994
 31
0.0
  0
LINE
  5
61E
330
17
100
AcDbEntity
  8
VISIBLE
100
AcDbLine
 10
232.94761333819872
 20
174.9559835712994
 30
0.0
 11
233.64681349154955
 21
174.9559835712994
 31
0.0
  0
LINE
  5
61F
330
17
100
AcDbEntity
  8
VISIBLE
100
AcDbLine
 10
232.94761333819872
 20
174.9559835712994
 30
0.0
 11
232.71981344577318
 21
174.9559835712994
 31
0.0
  0
LINE
  5
620
330
17
100
AcDbEntity
  8
VISIBLE
100
AcDbLine
 10
231.80861339923388
 20
174.9559835712994
 30
0.0
 11
232.71981344577318
 21
174.9559835712994
 31
0.0
  0
LINE
  5
621
330
17
100
AcDbEntity
  8
VISIBLE
100
AcDbLine
 10
231.80861339923388
 20
174.9559835712994
 30
0.0
 11
231.54341349956042
 21
174.9559835712994
 31
0.0
  0
LINE
  5
622
330
17
100
AcDbEntity
  8
VISIBLE
100
AcDbLine
 10
230.4826134240294
 20
174.9559835712994
 30
0.0
 11
227.27987013217455
 21
174.9559835712994
 31
0.0
  0
LINE
  5
623
330
17
100
AcDbEntity
  8
VISIBLE
100
AcDbLine
 10
230.4826134240294
 20
174.9559835712994
 30
0.0
 11
231.54341349956042
 21
174.9559835712994
 31
0.0
  0
LINE
  5
624
330
17
100
AcDbEntity
  8
VISIBLE
100
AcDbLine
 10
230.4826134240294
 20
174.9559835712994
 30
0.0
 11
230.1978133713866
 21
174.9559835712994
 31
0.0
  0
LINE
  5
625
330
17
100
AcDbEntity
  8
VISIBLE
100
AcDbLine
 10
229.05861339923388
 20
174.9559835712994
 30
0.0
 11
227.18516395446306
 21
174.9559835712994
 31
0.0
  0
LINE
  5
626
330
17
100
AcDbEntity
  8
VISIBLE
100
AcDbLine
 10
229.05861339923388
 20
174.9559835712994
 30
0.0
 11
230.1978133713866
 21
174.9559835712994
 31
0.0
  0
LINE
  5
627
330
17
100
AcDbEntity
  8
VISIBLE
100
AcDbLine
 10
229.05861339923388
 20
174.9559835712994
 30
0.0
 11
228.7738134061957
 21
174.9559835712994
 31
0.0
  0
LINE
  5
628
330
17
100
AcDbEntity
  8
VISIBLE
100
AcDbLine
 10
227.63461337443835
 20
174.9559835712994
 30
0.0
 11
227.15776214953905
 21
174.9559835712994
 31
0.0
  0
LINE
  5
629
330
17
100
AcDbEntity
  8
VISIBLE
100
AcDbLine
 10
227.63461337443835
 20
174.9559835712994
 30
0.0
 11
228.7738134061957
 21
174.9559835712994
 31
0.0
  0
LINE
  5
62A
330
17
100
AcDbEntity
  8
VISIBLE
100
AcDbLine
 10
227.63461337443835
 20
174.9559835712994
 30
0.0
 11
227.3694133555556
 21
174.9559835712994
 31
0.0
  0
LINE
  5
62B
330
17
100
AcDbEntity
  8
VISIBLE
100
AcDbLine
 10
226.30861339923388
 20
174.9559835712994
 30
0.0
 11
227.3694133555556
 21
174.9559835712994
 31
0.0
  0
LINE
  5
62C
330
17
100
AcDbEntity
  8
VISIBLE
100
AcDbLine
 10
226.30861339923388
 20
174.9559835712994
 30
0.0
 11
226.08081350680834
 21
174.9559835712994
 31
0.0
  0
LINE
  5
62D
330
17
100
AcDbEntity
  8
VISIBLE
100
AcDbLine
 10
225.16961346026903
 20
174.9559835712994
 30
0.0
 11
226.08081350680834
 21
174.9559835712994
 31
0.0
  0
LINE
  5
62E
330
17
100
AcDbEntity
  8
VISIBLE
100
AcDbLine
 10
225.16961346026903
 20
174.9559835712994
 30
0.0
 11
224.99481354114062
 21
174.9559835712994
 31
0.0
  0
LINE
  5
62F
330
17
100
AcDbEntity
  8
VISIBLE
100
AcDbLine
 10
224.29561338778979
 20
174.9559835712994
 30
0.0
 11
224.99481354114062
 21
174.9559835712994
 31
0.0
  0
LINE
  5
630
330
17
100
AcDbEntity
  8
VISIBLE
100
AcDbLine
 10
224.29561338778979
 20
174.9559835712994
 30
0.0
 11
224.18561325427538
 21
174.9559835712994
 31
0.0
  0
LINE
  5
631
330
17
100
AcDbEntity
  8
VISIBLE
100
AcDbLine
 10
223.74561319705492
 20
174.9559835712994
 30
0.0
 11
224.18561325427538
 21
174.9559835712994
 31
0.0
  0
LINE
  5
632
330
17
100
AcDbEntity
  8
VISIBLE
100
AcDbLine
 10
223.74561319705492
 20
174.9559835712994
 30
0.0
 11
223.70821342822558
 21
174.9559835712994
 31
0.0
  0
LINE
  5
633
330
17
100
AcDbEntity
  8
VISIBLE
100
AcDbLine
 10
223.55861339923388
 20
174.9559835712994
 30
0.0
 11
223.55861339923388
 21
174.9559835712994
 31
0.0
  0
LINE
  5
634
330
17
100
AcDbEntity
  8
VISIBLE
100
AcDbLine
 10
223.55861339923388
 20
174.9559835712994
 30
0.0
 11
223.59601316806322
 21
174.9559835712994
 31
0.0
  0
LINE
  5
635
330
17
100
AcDbEntity
  8
VISIBLE
100
AcDbLine
 10
224.51356039401537
 20
174.9559835712994
 30
0.0
 11
223.74561319705492
 21
174.9559835712994
 31
0.0
  0
LINE
  5
636
330
17
100
AcDbEntity
  8
VISIBLE
100
AcDbLine
 10
223.74561319705492
 20
174.9559835712994
 30
0.0
 11
223.59601316806322
 21
174.9559835712994
 31
0.0
  0
LINE
  5
637
330
17
100
AcDbEntity
  8
VISIBLE
100
AcDbLine
 10
223.74561319705492
 20
174.9559835712994
 30
0.0
 11
223.85561333056933
 21
174.9559835712994
 31
0.0
  0
LINE
  5
638
330
17
100
AcDbEntity
  8
VISIBLE
100
AcDbLine
 10
224.5514761006499
 20
174.9559835712994
 30
0.0
 11
224.29561338778979
 21
174.9559835712994
 31
0.0
  0
LINE
  5
639
330
17
100
AcDbEntity
  8
VISIBLE
100
AcDbLine
 10
224.29561338778979
 20
174.9559835712994
 30
0.0
 11
223.85561333056933
 21
174.9559835712994
 31
0.0
  0
LINE
  5
63A
330
17
100
AcDbEntity
  8
VISIBLE
100
AcDbLine
 10
224.29561338778979
 20
174.9559835712994
 30
0.0
 11
224.4704133069182
 21
174.9559835712994
 31
0.0
  0
LINE
  5
63B
330
17
100
AcDbEntity
  8
VISIBLE
100
AcDbLine
 10
225.16961346026903
 20
174.9559835712994
 30
0.0
 11
224.4704133069182
 21
174.9559835712994
 31
0.0
  0
LINE
  5
63C
330
17
100
AcDbEntity
  8
VISIBLE
100
AcDbLine
 10
225.16961346026903
 20
174.9559835712994
 30
0.0
 11
225.39741335269457
 21
174.9559835712994
 31
0.0
  0
LINE
  5
63D
330
17
100
AcDbEntity
  8
VISIBLE
100
AcDbLine
 10
226.30861339923388
 20
174.9559835712994
 30
0.0
 11
225.39741335269457
 21
174.9559835712994
 31
0.0
  0
LINE
  5
63E
330
17
100
AcDbEntity
  8
VISIBLE
100
AcDbLine
 10
226.30861339923388
 20
174.9559835712994
 30
0.0
 11
226.57381329890734
 21
174.9559835712994
 31
0.0
  0
LINE
  5
63F
330
17
100
AcDbEntity
  8
VISIBLE
100
AcDbLine
 10
227.63461337443835
 20
174.9559835712994
 30
0.0
 11
226.57381329890734
 21
174.9559835712994
 31
0.0
  0
LINE
  5
640
330
17
100
AcDbEntity
  8
VISIBLE
100
AcDbLine
 10
227.63461337443835
 20
174.9559835712994
 30
0.0
 11
227.91941342708117
 21
174.9559835712994
 31
0.0
  0
LINE
  5
641
330
17
100
AcDbEntity
  8
VISIBLE
100
AcDbLine
 10
229.05861339923388
 20
174.9559835712994
 30
0.0
 11
227.91941342708117
 21
174.9559835712994
 31
0.0
  0
LINE
  5
642
330
17
100
AcDbEntity
  8
VISIBLE
100
AcDbLine
 10
229.05861339923388
 20
174.9559835712994
 30
0.0
 11
229.34341339227205
 21
174.9559835712994
 31
0.0
  0
LINE
  5
643
330
17
100
AcDbEntity
  8
VISIBLE
100
AcDbLine
 10
230.4826134240294
 20
174.9559835712994
 30
0.0
 11
229.34341339227205
 21
174.9559835712994
 31
0.0
  0
LINE
  5
644
330
17
100
AcDbEntity
  8
VISIBLE
100
AcDbLine
 10
230.4826134240294
 20
174.9559835712994
 30
0.0
 11
230.74781344291216
 21
174.9559835712994
 31
0.0
  0
LINE
  5
645
330
17
100
AcDbEntity
  8
VISIBLE
100
AcDbLine
 10
231.80861339923388
 20
174.9559835712994
 30
0.0
 11
230.74781344291216
 21
174.9559835712994
 31
0.0
  0
LINE
  5
646
330
17
100
AcDbEntity
  8
VISIBLE
100
AcDbLine
 10
231.80861339923388
 20
174.9559835712994
 30
0.0
 11
232.03641329165941
 21
174.9559835712994
 31
0.0
  0
LINE
  5
647
330
17
100
AcDbEntity
  8
VISIBLE
100
AcDbLine
 10
232.94761333819872
 20
174.9559835712994
 30
0.0
 11
232.03641329165941
 21
174.9559835712994
 31
0.0
  0
LINE
  5
648
330
17
100
AcDbEntity
  8
VISIBLE
100
AcDbLine
 10
232.94761333819872
 20
174.9559835712994
 30
0.0
 11
233.12241325732714
 21
174.9559835712994
 31
0.0
  0
LINE
  5
649
330
17
100
AcDbEntity
  8
VISIBLE
100
AcDbLine
 10
233.82161341067797
 20
174.9559835712994
 30
0.0
 11
233.12241325732714
 21
174.9559835712994
 31
0.0
  0
LINE
  5
64A
330
17
100
AcDbEntity
  8
VISIBLE
100
AcDbLine
 10
233.82161341067797
 20
174.9559835712994
 30
0.0
 11
233.93161354419237
 21
174.9559835712994
 31
0.0
  0
LINE
  5
64B
330
17
100
AcDbEntity
  8
VISIBLE
100
AcDbLine
 10
234.37161360141283
 20
174.9559835712994
 30
0.0
 11
233.93161354419237
 21
174.9559835712994
 31
0.0
  0
LINE
  5
64C
330
17
100
AcDbEntity
  8
VISIBLE
100
AcDbLine
 10
234.37161360141283
 20
174.9559835712994
 30
0.0
 11
234.40901337024218
 21
174.9559835712994
 31
0.0
  0
LINE
  5
64D
330
17
100
AcDbEntity
  8
VISIBLE
100
AcDbLine
 10
234.55861339923388
 20
174.9559835712994
 30
0.0
 11
234.55861339923388
 21
174.9559835712994
 31
0.0
  0
LINE
  5
64E
330
17
100
AcDbEntity
  8
VISIBLE
100
AcDbLine
 10
234.55861339923388
 20
174.9559835712994
 30
0.0
 11
234.40901337024218
 21
174.9559835712994
 31
0.0
  0
LINE
  5
64F
330
17
100
AcDbEntity
  8
VISIBLE
100
AcDbLine
 10
234.55861339923388
 20
174.9559835712994
 30
0.0
 11
234.55861339923388
 21
174.9559835712994
 31
0.0
  0
LINE
  5
650
330
17
100
AcDbEntity
  8
VISIBLE
100
AcDbLine
 10
234.55861339923388
 20
174.9559835712994
 30
0.0
 11
234.52121363040453
 21
174.9559835712994
 31
0.0
  0
LINE
  5
651
330
17
100
AcDbEntity
  8
VISIBLE
100
AcDbLine
 10
234.55861339923388
 20
174.9559835712994
 30
0.0
 11
234.55861339923388
 21
174.9559835712994
 31
0.0
  0
LINE
  5
652
330
17
100
AcDbEntity
  8
VISIBLE
100
AcDbLine
 10
223.74561319705492
 20
174.9559835712994
 30
0.0
 11
223.59601316806322
 21
174.9559835712994
 31
0.0
  0
LINE
  5
653
330
17
100
AcDbEntity
  8
VISIBLE
100
AcDbLine
 10
223.74561319705492
 20
174.9559835712994
 30
0.0
 11
223.85561333056933
 21
174.9559835712994
 31
0.0
  0
LINE
  5
654
330
17
100
AcDbEntity
  8
VISIBLE
100
AcDbLine
 10
224.29561338778979
 20
174.9559835712994
 30
0.0
 11
223.85561333056933
 21
174.9559835712994
 31
0.0
  0
LINE
  5
655
330
17
100
AcDbEntity
  8
VISIBLE
100
AcDbLine
 10
224.29561338778979
 20
174.9559835712994
 30
0.0
 11
224.4704133069182
 21
174.9559835712994
 31
0.0
  0
LINE
  5
656
330
17
100
AcDbEntity
  8
VISIBLE
100
AcDbLine
 10
225.16961346026903
 20
174.9559835712994
 30
0.0
 11
224.4704133069182
 21
174.9559835712994
 31
0.0
  0
LINE
  5
657
330
17
100
AcDbEntity
  8
VISIBLE
100
AcDbLine
 10
225.16961346026903
 20
174.9559835712994
 30
0.0
 11
225.39741335269457
 21
174.9559835712994
 31
0.0
  0
LINE
  5
658
330
17
100
AcDbEntity
  8
VISIBLE
100
AcDbLine
 10
226.30861339923388
 20
174.9559835712994
 30
0.0
 11
225.39741335269457
 21
174.9559835712994
 31
0.0
  0
LINE
  5
659
330
17
100
AcDbEntity
  8
VISIBLE
100
AcDbLine
 10
226.30861339923388
 20
174.9559835712994
 30
0.0
 11
226.57381329890734
 21
174.9559835712994
 31
0.0
  0
LINE
  5
65A
330
17
100
AcDbEntity
  8
VISIBLE
100
AcDbLine
 10
227.63461337443835
 20
174.9559835712994
 30
0.0
 11
226.57381329890734
 21
174.9559835712994
 31
0.0
  0
LINE
  5
65B
330
17
100
AcDbEntity
  8
VISIBLE
100
AcDbLine
 10
227.63461337443835
 20
174.9559835712994
 30
0.0
 11
227.91941342708117
 21
174.9559835712994
 31
0.0
  0
LINE
  5
65C
330
17
100
AcDbEntity
  8
VISIBLE
100
AcDbLine
 10
229.05861339923388
 20
174.9559835712994
 30
0.0
 11
227.91941342708117
 21
174.9559835712994
 31
0.0
  0
LINE
  5
65D
330
17
100
AcDbEntity
  8
VISIBLE
100
AcDbLine
 10
229.05861339923388
 20
174.9559835712994
 30
0.0
 11
229.34341339227205
 21
174.9559835712994
 31
0.0
  0
LINE
  5
65E
330
17
100
AcDbEntity
  8
VISIBLE
100
AcDbLine
 10
230.4826134240294
 20
174.9559835712994
 30
0.0
 11
229.34341339227205
 21
174.9559835712994
 31
0.0
  0
LINE
  5
65F
330
17
100
AcDbEntity
  8
VISIBLE
100
AcDbLine
 10
230.4826134240294
 20
174.9559835712994
 30
0.0
 11
230.74781344291216
 21
174.9559835712994
 31
0.0
  0
LINE
  5
660
330
17
100
AcDbEntity
  8
VISIBLE
100
AcDbLine
 10
231.80861339923388
 20
174.9559835712994
 30
0.0
 11
230.74781344291216
 21
174.9559835712994
 31
0.0
  0
LINE
  5
661
330
17
100
AcDbEntity
  8
VISIBLE
100
AcDbLine
 10
231.80861339923388
 20
174.9559835712994
 30
0.0
 11
232.03641329165941
 21
174.9559835712994
 31
0.0
  0
LINE
  5
662
330
17
100
AcDbEntity
  8
VISIBLE
100
AcDbLine
 10
232.94761333819872
 20
174.9559835712994
 30
0.0
 11
232.03641329165941
 21
174.9559835712994
 31
0.0
  0
LINE
  5
663
330
17
100
AcDbEntity
  8
VISIBLE
100
AcDbLine
 10
232.94761333819872
 20
174.9559835712994
 30
0.0
 11
233.12241325732714
 21
174.9559835712994
 31
0.0
  0
LINE
  5
664
330
17
100
AcDbEntity
  8
VISIBLE
100
AcDbLine
 10
233.82161341067797
 20
174.9559835712994
 30
0.0
 11
233.12241325732714
 21
174.9559835712994
 31
0.0
  0
LINE
  5
665
330
17
100
AcDbEntity
  8
VISIBLE
100
AcDbLine
 10
233.82161341067797
 20
174.9559835712994
 30
0.0
 11
233.93161354419237
 21
174.9559835712994
 31
0.0
  0
LINE
  5
666
330
17
100
AcDbEntity
  8
VISIBLE
100
AcDbLine
 10
234.37161360141283
 20
174.9559835712994
 30
0.0
 11
233.93161354419237
 21
174.9559835712994
 31
0.0
  0
LINE
  5
667
330
17
100
AcDbEntity
  8
VISIBLE
100
AcDbLine
 10
234.37161360141283
 20
174.9559835712994
 30
0.0
 11
234.40901337024218
 21
174.9559835712994
 31
0.0
  0
LINE
  5
668
330
17
100
AcDbEntity
  8
VISIBLE
100
AcDbLine
 10
234.55861339923388
 20
174.9559835712994
 30
0.0
 11
234.55861339923388
 21
174.9559835712994
 31
0.0
  0
LINE
  5
669
330
17
100
AcDbEntity
  8
VISIBLE
100
AcDbLine
 10
234.55861339923388
 20
174.9559835712994
 30
0.0
 11
234.40901337024218
 21
174.9559835712994
 31
0.0
  0
LINE
  5
66A
330
17
100
AcDbEntity
  8
VISIBLE
100
AcDbLine
 10
234.55861339923388
 20
174.9559835712994
 30
0.0
 11
234.55861339923388
 21
174.9559835712994
 31
0.0
  0
LINE
  5
66B
330
17
100
AcDbEntity
  8
VISIBLE
100
AcDbLine
 10
234.55861339923388
 20
174.9559835712994
 30
0.0
 11
234.52121363040453
 21
174.9559835712994
 31
0.0
  0
LINE
  5
66C
330
17
100
AcDbEntity
  8
VISIBLE
100
AcDbLine
 10
234.55861339923388
 20
174.9559835712994
 30
0.0
 11
234.55861339923388
 21
174.9559835712994
 31
0.0
  0
LINE
  5
66D
330
17
100
AcDbEntity
  8
VISIBLE
100
AcDbLine
 10
212.0586134383177
 20
170.95598361038324
 30
0.0
 11
212.05861339923388
 21
170.95598440595253
 31
0.0
  0
LINE
  5
66E
330
17
100
AcDbEntity
  8
VISIBLE
100
AcDbLine
 10
212.05861339923388
 20
170.95598440595253
 30
0.0
 11
212.05861339923388
 21
174.9559827366463
 31
0.0
  0
LINE
  5
66F
330
17
100
AcDbEntity
  8
VISIBLE
100
AcDbLine
 10
212.05861339923388
 20
174.9559827366463
 30
0.0
 11
212.0586134383177
 21
174.9559835322156
 31
0.0
  0
LINE
  5
670
330
17
100
AcDbEntity
  8
VISIBLE
100
AcDbLine
 10
212.0586134383177
 20
174.9559835322156
 30
0.0
 11
212.05861423388703
 21
174.9559835712994
 31
0.0
  0
LINE
  5
671
330
17
100
AcDbEntity
  8
VISIBLE
100
AcDbLine
 10
212.05861423388703
 20
174.9559835712994
 30
0.0
 11
246.05861256458073
 21
174.9559835712994
 31
0.0
  0
LINE
  5
672
330
17
100
AcDbEntity
  8
VISIBLE
100
AcDbLine
 10
246.05861256458073
 20
174.9559835712994
 30
0.0
 11
246.05861336015005
 21
174.9559835322156
 31
0.0
  0
LINE
  5
673
330
17
100
AcDbEntity
  8
VISIBLE
100
AcDbLine
 10
246.05861336015005
 20
174.9559835322156
 30
0.0
 11
246.05861339923388
 21
174.9559827366463
 31
0.0
  0
LINE
  5
674
330
17
100
AcDbEntity
  8
VISIBLE
100
AcDbLine
 10
246.05861339923388
 20
174.9559827366463
 30
0.0
 11
246.05861339923388
 21
170.95598440595253
 31
0.0
  0
LINE
  5
675
330
17
100
AcDbEntity
  8
VISIBLE
100
AcDbLine
 10
246.05861339923388
 20
170.95598440595253
 30
0.0
 11
246.05861336015005
 21
170.95598361038324
 31
0.0
  0
LINE
  5
676
330
17
100
AcDbEntity
  8
VISIBLE
100
AcDbLine
 10
246.05861336015005
 20
170.95598361038324
 30
0.0
 11
246.05861256458073
 21
170.9559835712994
 31
0.0
  0
LINE
  5
677
330
17
100
AcDbEntity
  8
VISIBLE
100
AcDbLine
 10
246.05861256458073
 20
170.9559835712994
 30
0.0
 11
212.05861423388703
 21
170.9559835712994
 31
0.0
  0
LINE
  5
678
330
17
100
AcDbEntity
  8
VISIBLE
100
AcDbLine
 10
212.05861423388703
 20
170.9559835712994
 30
0.0
 11
212.0586134383177
 21
170.95598361038324
 31
0.0
  0
LINE
  5
679
330
17
100
AcDbEntity
  8
OCULTA
100
AcDbLine
 10
246.05861339923388
 20
170.9559835712994
 30
0.0
 11
246.05861339923388
 21
170.9559835712994
 31
0.0
  0
LINE
  5
67A
330
17
100
AcDbEntity
  8
OCULTA
100
AcDbLine
 10
246.05861339923388
 20
170.9559835712994
 30
0.0
 11
245.9136129414702
 21
170.9559835712994
 31
0.0
  0
LINE
  5
67B
330
17
100
AcDbEntity
  8
OCULTA
100
AcDbLine
 10
245.47961292621142
 20
170.9559835712994
 30
0.0
 11
245.9136129414702
 21
170.9559835712994
 31
0.0
  0
LINE
  5
67C
330
17
100
AcDbEntity
  8
OCULTA
100
AcDbLine
 10
245.47961292621142
 20
170.9559835712994
 30
0.0
 11
244.76461372729784
 21
170.9559835712994
 31
0.0
  0
LINE
  5
67D
330
17
100
AcDbEntity
  8
OCULTA
100
AcDbLine
 10
243.7806135213042
 20
170.9559835712994
 30
0.0
 11
244.76461372729784
 21
170.9559835712994
 31
0.0
  0
LINE
  5
67E
330
17
100
AcDbEntity
  8
OCULTA
100
AcDbLine
 10
243.7806135213042
 20
170.9559835712994
 30
0.0
 11
242.54561386462694
 21
170.9559835712994
 31
0.0
  0
LINE
  5
67F
330
17
100
AcDbEntity
  8
OCULTA
100
AcDbLine
 10
241.07961330768114
 20
170.9559835712994
 30
0.0
 11
242.54561386462694
 21
170.9559835712994
 31
0.0
  0
LINE
  5
680
330
17
100
AcDbEntity
  8
OCULTA
100
AcDbLine
 10
241.07961330768114
 20
170.9559835712994
 30
0.0
 11
239.4076133763457
 21
170.9559835712994
 31
0.0
  0
LINE
  5
681
330
17
100
AcDbEntity
  8
OCULTA
100
AcDbLine
 10
237.55861339923388
 20
170.9559835712994
 30
0.0
 11
239.4076133763457
 21
170.9559835712994
 31
0.0
  0
LINE
  5
682
330
17
100
AcDbEntity
  8
OCULTA
100
AcDbLine
 10
237.55861339923388
 20
170.9559835712994
 30
0.0
 11
235.56461344119555
 21
170.9559835712994
 31
0.0
  0
LINE
  5
683
330
17
100
AcDbEntity
  8
OCULTA
100
AcDbLine
 10
233.4586134946013
 20
170.9559835712994
 30
0.0
 11
235.56461344119555
 21
170.9559835712994
 31
0.0
  0
LINE
  5
684
330
17
100
AcDbEntity
  8
OCULTA
100
AcDbLine
 10
233.4586134946013
 20
170.9559835712994
 30
0.0
 11
232.7109693085814
 21
170.9559835712994
 31
0.0
  0
LINE
  5
685
330
17
100
AcDbEntity
  8
OCULTA
100
AcDbLine
 10
232.7109693085814
 20
170.9559835712994
 30
0.0
 11
231.27761350032335
 21
170.9559835712994
 31
0.0
  0
LINE
  5
686
330
17
100
AcDbEntity
  8
OCULTA
100
AcDbLine
 10
229.05861339923388
 20
170.9559835712994
 30
0.0
 11
231.27761350032335
 21
170.9559835712994
 31
0.0
  0
LINE
  5
687
330
17
100
AcDbEntity
  8
OCULTA
100
AcDbLine
 10
229.05861339923388
 20
170.9559835712994
 30
0.0
 11
228.9508529102469
 21
170.9559835712994
 31
0.0
  0
LINE
  5
688
330
17
100
AcDbEntity
  8
OCULTA
100
AcDbLine
 10
228.9508529102469
 20
170.9559835712994
 30
0.0
 11
226.8396132981444
 21
170.9559835712994
 31
0.0
  0
LINE
  5
689
330
17
100
AcDbEntity
  8
OCULTA
100
AcDbLine
 10
225.171366075244
 20
170.9559835712994
 30
0.0
 11
226.8396132981444
 21
170.9559835712994
 31
0.0
  0
LINE
  5
68A
330
17
100
AcDbEntity
  8
OCULTA
100
AcDbLine
 10
225.171366075244
 20
170.9559835712994
 30
0.0
 11
224.65861330386645
 21
170.9559835712994
 31
0.0
  0
LINE
  5
68B
330
17
100
AcDbEntity
  8
OCULTA
100
AcDbLine
 10
224.65861330386645
 20
170.9559835712994
 30
0.0
 11
222.5526133572722
 21
170.9559835712994
 31
0.0
  0
LINE
  5
68C
330
17
100
AcDbEntity
  8
OCULTA
100
AcDbLine
 10
221.48941812869555
 20
170.9559835712994
 30
0.0
 11
222.5526133572722
 21
170.9559835712994
 31
0.0
  0
LINE
  5
68D
330
17
100
AcDbEntity
  8
OCULTA
100
AcDbLine
 10
221.48941812869555
 20
170.9559835712994
 30
0.0
 11
220.55861339923388
 21
170.9559835712994
 31
0.0
  0
LINE
  5
68E
330
17
100
AcDbEntity
  8
OCULTA
100
AcDbLine
 10
220.55861339923388
 20
170.9559835712994
 30
0.0
 11
220.36396274920946
 21
170.9559835712994
 31
0.0
  0
LINE
  5
68F
330
17
100
AcDbEntity
  8
OCULTA
100
AcDbLine
 10
220.36396274920946
 20
170.9559835712994
 30
0.0
 11
218.70961342212206
 21
170.9559835712994
 31
0.0
  0
LINE
  5
690
330
17
100
AcDbEntity
  8
OCULTA
100
AcDbLine
 10
218.09734783526903
 20
170.9559835712994
 30
0.0
 11
218.70961342212206
 21
170.9559835712994
 31
0.0
  0
LINE
  5
691
330
17
100
AcDbEntity
  8
OCULTA
100
AcDbLine
 10
218.09734783526903
 20
170.9559835712994
 30
0.0
 11
217.0376134907866
 21
170.9559835712994
 31
0.0
  0
LINE
  5
692
330
17
100
AcDbEntity
  8
OCULTA
100
AcDbLine
 10
217.0376134907866
 20
170.9559835712994
 30
0.0
 11
215.5716129338408
 21
170.9559835712994
 31
0.0
  0
LINE
  5
693
330
17
100
AcDbEntity
  8
OCULTA
100
AcDbLine
 10
215.21675548907763
 20
170.9559835712994
 30
0.0
 11
215.5716129338408
 21
170.9559835712994
 31
0.0
  0
LINE
  5
694
330
17
100
AcDbEntity
  8
OCULTA
100
AcDbLine
 10
215.21675548907763
 20
170.9559835712994
 30
0.0
 11
214.33661327716356
 21
170.9559835712994
 31
0.0
  0
LINE
  5
695
330
17
100
AcDbEntity
  8
OCULTA
100
AcDbLine
 10
214.33661327716356
 20
170.9559835712994
 30
0.0
 11
213.3526130711699
 21
170.9559835712994
 31
0.0
  0
LINE
  5
696
330
17
100
AcDbEntity
  8
OCULTA
100
AcDbLine
 10
213.15059051867968
 20
170.9559835712994
 30
0.0
 11
213.3526130711699
 21
170.9559835712994
 31
0.0
  0
LINE
  5
697
330
17
100
AcDbEntity
  8
OCULTA
100
AcDbLine
 10
213.15059051867968
 20
170.9559835712994
 30
0.0
 11
212.63761387225634
 21
170.9559835712994
 31
0.0
  0
LINE
  5
698
330
17
100
AcDbEntity
  8
OCULTA
100
AcDbLine
 10
212.63761387225634
 20
170.9559835712994
 30
0.0
 11
212.20361385699755
 21
170.9559835712994
 31
0.0
  0
LINE
  5
699
330
17
100
AcDbEntity
  8
OCULTA
100
AcDbLine
 10
212.1494470631743
 20
170.9559835712994
 30
0.0
 11
212.20361385699755
 21
170.9559835712994
 31
0.0
  0
LINE
  5
69A
330
17
100
AcDbEntity
  8
OCULTA
100
AcDbLine
 10
212.1494470631743
 20
170.9559835712994
 30
0.0
 11
212.05861339923388
 21
170.9559835712994
 31
0.0
  0
LINE
  5
69B
330
17
100
AcDbEntity
  8
OCULTA
100
AcDbLine
 10
212.05861339923388
 20
170.9559835712994
 30
0.0
 11
212.05861339923388
 21
170.9559835712994
 31
0.0
  0
LINE
  5
69C
330
17
100
AcDbEntity
  8
OCULTA
100
AcDbLine
 10
212.05861339923388
 20
170.9559835712994
 30
0.0
 11
212.05861339923388
 21
170.9559835712994
 31
0.0
  0
LINE
  5
69D
330
17
100
AcDbEntity
  8
OCULTA
100
AcDbLine
 10
212.05861339923388
 20
170.9559835712994
 30
0.0
 11
212.05861339923388
 21
170.9559835712994
 31
0.0
  0
LINE
  5
69E
330
17
100
AcDbEntity
  8
OCULTA
100
AcDbLine
 10
212.05861339923388
 20
170.9559835712994
 30
0.0
 11
212.05861339923388
 21
170.9559835712994
 31
0.0
  0
LINE
  5
69F
330
17
100
AcDbEntity
  8
OCULTA
100
AcDbLine
 10
212.05861339923388
 20
170.9559835712994
 30
0.0
 11
212.05861339923388
 21
170.9559835712994
 31
0.0
  0
LINE
  5
6A0
330
17
100
AcDbEntity
  8
OCULTA
100
AcDbLine
 10
212.05861339923388
 20
170.9559835712994
 30
0.0
 11
212.05861339923388
 21
170.9559835712994
 31
0.0
  0
LINE
  5
6A1
330
17
100
AcDbEntity
  8
OCULTA
100
AcDbLine
 10
212.05861339923388
 20
170.9559835712994
 30
0.0
 11
212.05861339923388
 21
170.9559835712994
 31
0.0
  0
LINE
  5
6A2
330
17
100
AcDbEntity
  8
OCULTA
100
AcDbLine
 10
212.05861339923388
 20
170.9559835712994
 30
0.0
 11
212.05861339923388
 21
170.9559835712994
 31
0.0
  0
LINE
  5
6A3
330
17
100
AcDbEntity
  8
OCULTA
100
AcDbLine
 10
212.05861339923388
 20
170.9559835712994
 30
0.0
 11
212.05861339923388
 21
170.9559835712994
 31
0.0
  0
LINE
  5
6A4
330
17
100
AcDbEntity
  8
OCULTA
100
AcDbLine
 10
212.05861339923388
 20
170.9559835712994
 30
0.0
 11
212.05861339923388
 21
170.9559835712994
 31
0.0
  0
LINE
  5
6A5
330
17
100
AcDbEntity
  8
OCULTA
100
AcDbLine
 10
212.05861339923388
 20
170.9559835712994
 30
0.0
 11
212.05861339923388
 21
170.9559835712994
 31
0.0
  0
LINE
  5
6A6
330
17
100
AcDbEntity
  8
OCULTA
100
AcDbLine
 10
212.05861339923388
 20
170.9559835712994
 30
0.0
 11
212.05861339923388
 21
170.9559835712994
 31
0.0
  0
LINE
  5
6A7
330
17
100
AcDbEntity
  8
OCULTA
100
AcDbLine
 10
246.05861339923388
 20
170.9559835712994
 30
0.0
 11
246.05861339923388
 21
170.9559835712994
 31
0.0
  0
LINE
  5
6A8
330
17
100
AcDbEntity
  8
OCULTA
100
AcDbLine
 10
246.05861339923388
 20
174.9559835712994
 30
0.0
 11
246.05861339923388
 21
174.9559835712994
 31
0.0
  0
LINE
  5
6A9
330
17
100
AcDbEntity
  8
OCULTA
100
AcDbLine
 10
246.05861339923388
 20
174.9559835712994
 30
0.0
 11
245.9136129414702
 21
174.9559835712994
 31
0.0
  0
LINE
  5
6AA
330
17
100
AcDbEntity
  8
OCULTA
100
AcDbLine
 10
245.9136129414702
 20
174.9559835712994
 30
0.0
 11
245.47961292621142
 21
174.9559835712994
 31
0.0
  0
LINE
  5
6AB
330
17
100
AcDbEntity
  8
OCULTA
100
AcDbLine
 10
245.47961292621142
 20
174.9559835712994
 30
0.0
 11
244.76461372729784
 21
174.9559835712994
 31
0.0
  0
LINE
  5
6AC
330
17
100
AcDbEntity
  8
OCULTA
100
AcDbLine
 10
244.76461372729784
 20
174.9559835712994
 30
0.0
 11
243.7806135213042
 21
174.9559835712994
 31
0.0
  0
LINE
  5
6AD
330
17
100
AcDbEntity
  8
OCULTA
100
AcDbLine
 10
243.7806135213042
 20
174.9559835712994
 30
0.0
 11
242.54561386462694
 21
174.9559835712994
 31
0.0
  0
LINE
  5
6AE
330
17
100
AcDbEntity
  8
OCULTA
100
AcDbLine
 10
242.54561386462694
 20
174.9559835712994
 30
0.0
 11
241.07961330768114
 21
174.9559835712994
 31
0.0
  0
LINE
  5
6AF
330
17
100
AcDbEntity
  8
OCULTA
100
AcDbLine
 10
241.07961330768114
 20
174.9559835712994
 30
0.0
 11
239.4076133763457
 21
174.9559835712994
 31
0.0
  0
LINE
  5
6B0
330
17
100
AcDbEntity
  8
OCULTA
100
AcDbLine
 10
239.4076133763457
 20
174.9559835712994
 30
0.0
 11
237.55861339923388
 21
174.9559835712994
 31
0.0
  0
LINE
  5
6B1
330
17
100
AcDbEntity
  8
OCULTA
100
AcDbLine
 10
237.55861339923388
 20
174.9559835712994
 30
0.0
 11
235.56461344119555
 21
174.9559835712994
 31
0.0
  0
LINE
  5
6B2
330
17
100
AcDbEntity
  8
OCULTA
100
AcDbLine
 10
235.56461344119555
 20
174.9559835712994
 30
0.0
 11
233.4586134946013
 21
174.9559835712994
 31
0.0
  0
LINE
  5
6B3
330
17
100
AcDbEntity
  8
OCULTA
100
AcDbLine
 10
233.4586134946013
 20
174.9559835712994
 30
0.0
 11
232.7109693085814
 21
174.9559835712994
 31
0.0
  0
LINE
  5
6B4
330
17
100
AcDbEntity
  8
OCULTA
100
AcDbLine
 10
232.7109693085814
 20
174.9559835712994
 30
0.0
 11
231.27761350032335
 21
174.9559835712994
 31
0.0
  0
LINE
  5
6B5
330
17
100
AcDbEntity
  8
OCULTA
100
AcDbLine
 10
231.27761350032335
 20
174.9559835712994
 30
0.0
 11
229.05861339923388
 21
174.9559835712994
 31
0.0
  0
LINE
  5
6B6
330
17
100
AcDbEntity
  8
OCULTA
100
AcDbLine
 10
229.05861339923388
 20
174.9559835712994
 30
0.0
 11
228.9508529102469
 21
174.9559835712994
 31
0.0
  0
LINE
  5
6B7
330
17
100
AcDbEntity
  8
OCULTA
100
AcDbLine
 10
228.9508529102469
 20
174.9559835712994
 30
0.0
 11
226.8396132981444
 21
174.9559835712994
 31
0.0
  0
LINE
  5
6B8
330
17
100
AcDbEntity
  8
OCULTA
100
AcDbLine
 10
226.8396132981444
 20
174.9559835712994
 30
0.0
 11
225.171366075244
 21
174.9559835712994
 31
0.0
  0
LINE
  5
6B9
330
17
100
AcDbEntity
  8
OCULTA
100
AcDbLine
 10
225.171366075244
 20
174.9559835712994
 30
0.0
 11
224.65861330386645
 21
174.9559835712994
 31
0.0
  0
LINE
  5
6BA
330
17
100
AcDbEntity
  8
OCULTA
100
AcDbLine
 10
224.65861330386645
 20
174.9559835712994
 30
0.0
 11
222.5526133572722
 21
174.9559835712994
 31
0.0
  0
LINE
  5
6BB
330
17
100
AcDbEntity
  8
OCULTA
100
AcDbLine
 10
222.5526133572722
 20
174.9559835712994
 30
0.0
 11
221.48941812869555
 21
174.9559835712994
 31
0.0
  0
LINE
  5
6BC
330
17
100
AcDbEntity
  8
OCULTA
100
AcDbLine
 10
221.48941812869555
 20
174.9559835712994
 30
0.0
 11
220.55861339923388
 21
174.9559835712994
 31
0.0
  0
LINE
  5
6BD
330
17
100
AcDbEntity
  8
OCULTA
100
AcDbLine
 10
220.55861339923388
 20
174.9559835712994
 30
0.0
 11
220.36396274920946
 21
174.9559835712994
 31
0.0
  0
LINE
  5
6BE
330
17
100
AcDbEntity
  8
OCULTA
100
AcDbLine
 10
220.36396274920946
 20
174.9559835712994
 30
0.0
 11
218.70961342212206
 21
174.9559835712994
 31
0.0
  0
LINE
  5
6BF
330
17
100
AcDbEntity
  8
OCULTA
100
AcDbLine
 10
218.70961342212206
 20
174.9559835712994
 30
0.0
 11
218.09734783526903
 21
174.9559835712994
 31
0.0
  0
LINE
  5
6C0
330
17
100
AcDbEntity
  8
OCULTA
100
AcDbLine
 10
218.09734783526903
 20
174.9559835712994
 30
0.0
 11
217.0376134907866
 21
174.9559835712994
 31
0.0
  0
LINE
  5
6C1
330
17
100
AcDbEntity
  8
OCULTA
100
AcDbLine
 10
217.0376134907866
 20
174.9559835712994
 30
0.0
 11
215.5716129338408
 21
174.9559835712994
 31
0.0
  0
LINE
  5
6C2
330
17
100
AcDbEntity
  8
OCULTA
100
AcDbLine
 10
215.5716129338408
 20
174.9559835712994
 30
0.0
 11
215.21675548907763
 21
174.9559835712994
 31
0.0
  0
LINE
  5
6C3
330
17
100
AcDbEntity
  8
OCULTA
100
AcDbLine
 10
215.21675548907763
 20
174.9559835712994
 30
0.0
 11
214.33661327716356
 21
174.9559835712994
 31
0.0
  0
LINE
  5
6C4
330
17
100
AcDbEntity
  8
OCULTA
100
AcDbLine
 10
214.33661327716356
 20
174.9559835712994
 30
0.0
 11
213.3526130711699
 21
174.9559835712994
 31
0.0
  0
LINE
  5
6C5
330
17
100
AcDbEntity
  8
OCULTA
100
AcDbLine
 10
213.3526130711699
 20
174.9559835712994
 30
0.0
 11
213.15059051867968
 21
174.9559835712994
 31
0.0
  0
LINE
  5
6C6
330
17
100
AcDbEntity
  8
OCULTA
100
AcDbLine
 10
213.15059051867968
 20
174.9559835712994
 30
0.0
 11
212.63761387225634
 21
174.9559835712994
 31
0.0
  0
LINE
  5
6C7
330
17
100
AcDbEntity
  8
OCULTA
100
AcDbLine
 10
212.63761387225634
 20
174.9559835712994
 30
0.0
 11
212.20361385699755
 21
174.9559835712994
 31
0.0
  0
LINE
  5
6C8
330
17
100
AcDbEntity
  8
OCULTA
100
AcDbLine
 10
212.20361385699755
 20
174.9559835712994
 30
0.0
 11
212.1494470631743
 21
174.9559835712994
 31
0.0
  0
LINE
  5
6C9
330
17
100
AcDbEntity
  8
OCULTA
100
AcDbLine
 10
212.1494470631743
 20
174.9559835712994
 30
0.0
 11
212.05861339923388
 21
174.9559835712994
 31
0.0
  0
LINE
  5
6CA
330
17
100
AcDbEntity
  8
OCULTA
100
AcDbLine
 10
212.05861339923388
 20
174.9559835712994
 30
0.0
 11
212.05861339923388
 21
174.9559835712994
 31
0.0
  0
LINE
  5
6CB
330
17
100
AcDbEntity
  8
OCULTA
100
AcDbLine
 10
212.05861339923388
 20
174.9559835712994
 30
0.0
 11
212.05861339923388
 21
174.9559835712994
 31
0.0
  0
LINE
  5
6CC
330
17
100
AcDbEntity
  8
OCULTA
100
AcDbLine
 10
212.05861339923388
 20
174.9559835712994
 30
0.0
 11
212.05861339923388
 21
174.9559835712994
 31
0.0
  0
LINE
  5
6CD
330
17
100
AcDbEntity
  8
OCULTA
100
AcDbLine
 10
212.05861339923388
 20
174.9559835712994
 30
0.0
 11
212.05861339923388
 21
174.9559835712994
 31
0.0
  0
LINE
  5
6CE
330
17
100
AcDbEntity
  8
OCULTA
100
AcDbLine
 10
212.05861339923388
 20
174.9559835712994
 30
0.0
 11
212.05861339923388
 21
174.9559835712994
 31
0.0
  0
LINE
  5
6CF
330
17
100
AcDbEntity
  8
OCULTA
100
AcDbLine
 10
212.05861339923388
 20
174.9559835712994
 30
0.0
 11
212.05861339923388
 21
174.9559835712994
 31
0.0
  0
LINE
  5
6D0
330
17
100
AcDbEntity
  8
OCULTA
100
AcDbLine
 10
212.05861339923388
 20
174.9559835712994
 30
0.0
 11
212.05861339923388
 21
174.9559835712994
 31
0.0
  0
LINE
  5
6D1
330
17
100
AcDbEntity
  8
OCULTA
100
AcDbLine
 10
212.05861339923388
 20
174.9559835712994
 30
0.0
 11
212.05861339923388
 21
174.9559835712994
 31
0.0
  0
LINE
  5
6D2
330
17
100
AcDbEntity
  8
OCULTA
100
AcDbLine
 10
212.05861339923388
 20
174.9559835712994
 30
0.0
 11
212.05861339923388
 21
174.9559835712994
 31
0.0
  0
LINE
  5
6D3
330
17
100
AcDbEntity
  8
OCULTA
100
AcDbLine
 10
212.05861339923388
 20
174.9559835712994
 30
0.0
 11
212.05861339923388
 21
174.9559835712994
 31
0.0
  0
LINE
  5
6D4
330
17
100
AcDbEntity
  8
OCULTA
100
AcDbLine
 10
212.05861339923388
 20
174.9559835712994
 30
0.0
 11
212.05861339923388
 21
174.9559835712994
 31
0.0
  0
LINE
  5
6D5
330
17
100
AcDbEntity
  8
OCULTA
100
AcDbLine
 10
212.05861339923388
 20
174.9559835712994
 30
0.0
 11
212.05861339923388
 21
174.9559835712994
 31
0.0
  0
LINE
  5
6D6
330
17
100
AcDbEntity
  8
OCULTA
100
AcDbLine
 10
246.05861339923388
 20
174.9559835712994
 30
0.0
 11
246.05861339923388
 21
174.9559835712994
 31
0.0
  0
TEXT
  5
6D7
330
17
100
AcDbEntity
  8
TEXTO
100
AcDbText
 10
229.05861339923388
 20
178.9559835712994
 30
0.0
 40
3.5
  1
PERFIL
 72
1
 11
229.05861339923388
 21
178.9559835712994
 31
0.0
100
AcDbText
 73
2
  0
LINE
  5
6D8
330
17
100
AcDbEntity
  8
VISIBLE
100
AcDbLine
 10
272.0586133992339
 20
180.7710888958791
 30
0.0
 11
272.20427762813455
 21
179.49000595039942
 31
0.0
  0
LINE
  5
6D9
330
17
100
AcDbEntity
  8
VISIBLE
100
AcDbLine
 10
272.638440744015
 20
178.23096798277794
 30
0.0
 11
272.20427762813455
 21
179.49000595039942
 31
0.0
  0
LINE
  5
6DA
330
17
100
AcDbEntity
  8
VISIBLE
100
AcDbLine
 10
272.638440744015
 20
178.23096798277794
 30
0.0
 11
273.3526177433329
 21
177.0152041174749
 31
0.0
  0
LINE
  5
6DB
330
17
100
AcDbEntity
  8
VISIBLE
100
AcDbLine
 10
274.3362058277022
 20
175.86353720692904
 30
0.0
 11
273.3526177433329
 21
177.0152041174749
 31
0.0
  0
LINE
  5
6DC
330
17
100
AcDbEntity
  8
VISIBLE
100
AcDbLine
 10
274.3362058277022
 20
175.86353720692904
 30
0.0
 11
274.75967156766836
 21
175.49757634425535
 31
0.0
  0
LINE
  5
6DD
330
17
100
AcDbEntity
  8
VISIBLE
100
AcDbLine
 10
274.75967156766836
 20
175.49757634425535
 30
0.0
 11
275.57151731350194
 21
174.7959655874572
 31
0.0
  0
LINE
  5
6DE
330
17
100
AcDbEntity
  8
VISIBLE
100
AcDbLine
 10
277.0380592228744
 20
173.83086795799343
 30
0.0
 11
275.57151731350194
 21
174.7959655874572
 31
0.0
  0
LINE
  5
6DF
330
17
100
AcDbEntity
  8
VISIBLE
100
AcDbLine
 10
277.0380592228744
 20
173.83086795799343
 30
0.0
 11
277.1192367926515
 21
173.78974977893947
 31
0.0
  0
LINE
  5
6E0
330
17
100
AcDbEntity
  8
VISIBLE
100
AcDbLine
 10
277.1192367926515
 20
173.78974977893947
 30
0.0
 11
278.70965735136997
 21
172.9841595918394
 31
0.0
  0
LINE
  5
6E1
330
17
100
AcDbEntity
  8
VISIBLE
100
AcDbLine
 10
280.1240246654464
 20
172.4386267877141
 30
0.0
 11
278.70965735136997
 21
172.9841595918394
 31
0.0
  0
LINE
  5
6E2
330
17
100
AcDbEntity
  8
VISIBLE
100
AcDbLine
 10
280.1240246654464
 20
172.4386267877141
 30
0.0
 11
280.5587456370137
 21
172.27095217297986
 31
0.0
  0
LINE
  5
6E3
330
17
100
AcDbEntity
  8
VISIBLE
100
AcDbLine
 10
280.5587456370137
 20
172.27095217297986
 30
0.0
 11
282.553491239475
 21
171.70307732769754
 31
0.0
  0
LINE
  5
6E4
330
17
100
AcDbEntity
  8
VISIBLE
100
AcDbLine
 10
283.6762785633582
 20
171.48322362239267
 30
0.0
 11
282.553491239475
 21
171.70307732769754
 31
0.0
  0
LINE
  5
6E5
330
17
100
AcDbEntity
  8
VISIBLE
100
AcDbLine
 10
283.6762785633582
 20
171.48322362239267
 30
0.0
 11
284.6592560241863
 21
171.29074704489227
 31
0.0
  0
LINE
  5
6E6
330
17
100
AcDbEntity
  8
VISIBLE
100
AcDbLine
 10
284.6592560241863
 20
171.29074704489227
 30
0.0
 11
284.8888275478016
 21
171.26435863562958
 31
0.0
  0
LINE
  5
6E7
330
17
100
AcDbEntity
  8
VISIBLE
100
AcDbLine
 10
284.8888275478016
 20
171.26435863562958
 30
0.0
 11
286.83997375276493
 21
171.0400828530665
 31
0.0
  0
LINE
  5
6E8
330
17
100
AcDbEntity
  8
VISIBLE
100
AcDbLine
 10
287.652507672341
 20
171.00928677197425
 30
0.0
 11
286.83997375276493
 21
171.0400828530665
 31
0.0
  0
LINE
  5
6E9
330
17
100
AcDbEntity
  8
VISIBLE
100
AcDbLine
 10
287.652507672341
 20
171.00928677197425
 30
0.0
 11
289.05887450304573
 21
170.9559835712994
 31
0.0
  0
LINE
  5
6EA
330
17
100
AcDbEntity
  8
VISIBLE
100
AcDbLine
 10
289.05887450304573
 20
170.9559835712994
 30
0.0
 11
291.27777660202565
 21
171.0400828530665
 31
0.0
  0
LINE
  5
6EB
330
17
100
AcDbEntity
  8
VISIBLE
100
AcDbLine
 10
291.90437076426406
 20
171.11210727094158
 30
0.0
 11
291.27777660202565
 21
171.0400828530665
 31
0.0
  0
LINE
  5
6EC
330
17
100
AcDbEntity
  8
VISIBLE
100
AcDbLine
 10
291.90437076426406
 20
171.11210727094158
 30
0.0
 11
293.4584929819052
 21
171.29074704489227
 31
0.0
  0
LINE
  5
6ED
330
17
100
AcDbEntity
  8
VISIBLE
100
AcDbLine
 10
293.4584929819052
 20
171.29074704489227
 30
0.0
 11
295.56425675509206
 21
171.7030775223655
 31
0.0
  0
LINE
  5
6EE
330
17
100
AcDbEntity
  8
VISIBLE
100
AcDbLine
 10
296.1278700386636
 20
171.86352907997582
 30
0.0
 11
295.56425675509206
 21
171.7030775223655
 31
0.0
  0
LINE
  5
6EF
330
17
100
AcDbEntity
  8
VISIBLE
100
AcDbLine
 10
296.1278700386636
 20
171.86352907997582
 30
0.0
 11
297.5590037062525
 21
172.27095081030416
 31
0.0
  0
LINE
  5
6F0
330
17
100
AcDbEntity
  8
VISIBLE
100
AcDbLine
 10
297.5590037062525
 20
172.27095081030416
 30
0.0
 11
299.4080877772114
 21
172.9841604678452
 31
0.0
  0
LINE
  5
6F1
330
17
100
AcDbEntity
  8
VISIBLE
100
AcDbLine
 10
300.0325476230412
 20
173.30046552597662
 30
0.0
 11
299.4080877772114
 21
172.9841604678452
 31
0.0
  0
LINE
  5
6F2
330
17
100
AcDbEntity
  8
VISIBLE
100
AcDbLine
 10
300.0325476230412
 20
173.30046552597662
 30
0.0
 11
301.079689783217
 21
173.83086795799343
 31
0.0
  0
LINE
  5
6F3
330
17
100
AcDbEntity
  8
VISIBLE
100
AcDbLine
 10
301.079689783217
 20
173.83086795799343
 30
0.0
 11
303.6759032827084
 21
175.32979252079855
 31
0.0
  0
LINE
  5
6F4
330
17
100
AcDbEntity
  8
VISIBLE
100
AcDbLine
 10
303.6759032827084
 20
175.32979252079855
 30
0.0
 11
308.643823123393
 21
178.19802237813028
 31
0.0
  0
LINE
  5
6F5
330
17
100
AcDbEntity
  8
VISIBLE
100
AcDbLine
 10
308.643823123393
 20
178.19802237813028
 30
0.0
 11
318.2286476659736
 21
183.7318234079245
 31
0.0
  0
LINE
  5
6F6
330
17
100
AcDbEntity
  8
VISIBLE
100
AcDbLine
 10
318.2286476659736
 20
183.7318234079245
 30
0.0
 11
328.14872375165015
 21
189.4591820063714
 31
0.0
  0
LINE
  5
6F7
330
17
100
AcDbEntity
  8
VISIBLE
100
AcDbLine
 10
328.14872375165015
 20
189.4591820063714
 30
0.0
 11
345.19493840733037
 21
199.30081862649254
 31
0.0
  0
LINE
  5
6F8
330
17
100
AcDbEntity
  8
VISIBLE
100
AcDbLine
 10
345.19493840733037
 20
199.30081862649254
 30
0.0
 11
353.1100417048733
 21
203.87060564599267
 31
0.0
  0
LINE
  5
6F9
330
17
100
AcDbEntity
  8
VISIBLE
100
AcDbLine
 10
353.1100417048733
 20
203.87060564599267
 30
0.0
 11
358.0336608245007
 21
206.71325847009672
 31
0.0
  0
LINE
  5
6FA
330
17
100
AcDbEntity
  8
VISIBLE
100
AcDbLine
 10
358.0336608245007
 20
206.71325847009672
 30
0.0
 11
361.23487109235435
 21
208.56147807997462
 31
0.0
  0
LINE
  5
6FB
330
17
100
AcDbEntity
  8
VISIBLE
100
AcDbLine
 10
361.23487109235435
 20
208.56147807997462
 30
0.0
 11
361.7265069995634
 21
208.84532420334503
 31
0.0
  0
LINE
  5
6FC
330
17
100
AcDbEntity
  8
VISIBLE
100
AcDbLine
 10
361.7265069995634
 20
208.84532420334503
 30
0.0
 11
364.88366605570303
 21
210.66811083428172
 31
0.0
  0
LINE
  5
6FD
330
17
100
AcDbEntity
  8
VISIBLE
100
AcDbLine
 10
364.88366605570303
 20
210.66811083428172
 30
0.0
 11
368.00566722233924
 21
212.47059904824948
 31
0.0
  0
LINE
  5
6FE
330
17
100
AcDbEntity
  8
VISIBLE
100
AcDbLine
 10
368.00566722233924
 20
212.47059904824948
 30
0.0
 11
368.9619407771256
 21
213.0227038425243
 31
0.0
  0
LINE
  5
6FF
330
17
100
AcDbEntity
  8
VISIBLE
100
AcDbLine
 10
370.4284811692115
 20
213.98780371066954
 30
0.0
 11
368.9619407771256
 21
213.0227038425243
 31
0.0
  0
LINE
  5
700
330
17
100
AcDbEntity
  8
VISIBLE
100
AcDbLine
 10
370.4284811692115
 20
213.98780371066954
 30
0.0
 11
371.08757156317614
 21
214.55739435930428
 31
0.0
  0
LINE
  5
701
330
17
100
AcDbEntity
  8
VISIBLE
100
AcDbLine
 10
371.08757156317614
 20
214.55739435930428
 30
0.0
 11
371.6637965325213
 21
215.05537289679194
 31
0.0
  0
LINE
  5
702
330
17
100
AcDbEntity
  8
VISIBLE
100
AcDbLine
 10
372.6473819194923
 20
216.2070405860096
 30
0.0
 11
371.6637965325213
 21
215.05537289679194
 31
0.0
  0
LINE
  5
703
330
17
100
AcDbEntity
  8
VISIBLE
100
AcDbLine
 10
372.6473819194923
 20
216.2070405860096
 30
0.0
 11
373.19341086351557
 21
217.1365598240728
 31
0.0
  0
LINE
  5
704
330
17
100
AcDbEntity
  8
VISIBLE
100
AcDbLine
 10
373.19341086351557
 20
217.1365598240728
 30
0.0
 11
373.361559255985
 21
217.4228038673088
 31
0.0
  0
LINE
  5
705
330
17
100
AcDbEntity
  8
VISIBLE
100
AcDbLine
 10
373.79572237186545
 20
218.68184105625846
 30
0.0
 11
373.361559255985
 21
217.4228038673088
 31
0.0
  0
LINE
  5
706
330
17
100
AcDbEntity
  8
VISIBLE
100
AcDbLine
 10
373.79572237186545
 20
218.68184105625846
 30
0.0
 11
373.9413866007661
 21
219.96292478040996
 31
0.0
  0
LINE
  5
707
330
17
100
AcDbEntity
  8
VISIBLE
100
AcDbLine
 10
337.19324053201177
 20
225.70790627945686
 30
0.0
 11
277.0380592228744
 21
190.97729615747568
 31
0.0
  0
LINE
  5
708
330
17
100
AcDbEntity
  8
VISIBLE
100
AcDbLine
 10
277.0380592228744
 20
190.97729615747568
 30
0.0
 11
275.5715188307885
 21
190.01219628933043
 31
0.0
  0
LINE
  5
709
330
17
100
AcDbEntity
  8
VISIBLE
100
AcDbLine
 10
275.5715188307885
 20
190.01219628933043
 30
0.0
 11
274.3362034674787
 21
188.94462710320803
 31
0.0
  0
LINE
  5
70A
330
17
100
AcDbEntity
  8
VISIBLE
100
AcDbLine
 10
274.3362034674787
 20
188.94462710320803
 30
0.0
 11
273.3526180805077
 21
187.79295941399036
 31
0.0
  0
LINE
  5
70B
330
17
100
AcDbEntity
  8
VISIBLE
100
AcDbLine
 10
273.3526180805077
 20
187.79295941399036
 30
0.0
 11
272.638440744015
 21
186.57719613269117
 31
0.0
  0
LINE
  5
70C
330
17
100
AcDbEntity
  8
VISIBLE
100
AcDbLine
 10
272.638440744015
 20
186.57719613269117
 30
0.0
 11
272.20427762813455
 21
185.3181589437415
 31
0.0
  0
LINE
  5
70D
330
17
100
AcDbEntity
  8
VISIBLE
100
AcDbLine
 10
272.20427762813455
 20
185.3181589437415
 30
0.0
 11
272.0586133992339
 21
184.03707521959
 31
0.0
  0
LINE
  5
70E
330
17
100
AcDbEntity
  8
VISIBLE
100
AcDbLine
 10
272.0586133992339
 20
184.03707521959
 30
0.0
 11
272.20427762813455
 21
182.75599227411033
 31
0.0
  0
LINE
  5
70F
330
17
100
AcDbEntity
  8
VISIBLE
100
AcDbLine
 10
272.20427762813455
 20
182.75599227411033
 30
0.0
 11
272.638440744015
 21
181.49695430648885
 31
0.0
  0
LINE
  5
710
330
17
100
AcDbEntity
  8
VISIBLE
100
AcDbLine
 10
272.638440744015
 20
181.49695430648885
 30
0.0
 11
273.3526177433329
 21
180.2811904411858
 31
0.0
  0
LINE
  5
711
330
17
100
AcDbEntity
  8
VISIBLE
100
AcDbLine
 10
273.3526177433329
 20
180.2811904411858
 30
0.0
 11
274.3362058277022
 21
179.12952353063994
 31
0.0
  0
LINE
  5
712
330
17
100
AcDbEntity
  8
VISIBLE
100
AcDbLine
 10
274.3362058277022
 20
179.12952353063994
 30
0.0
 11
274.75967156766836
 21
178.76356266796626
 31
0.0
  0
LINE
  5
713
330
17
100
AcDbEntity
  8
VISIBLE
100
AcDbLine
 10
274.75967156766836
 20
178.76356266796626
 30
0.0
 11
275.57151731350194
 21
178.0619519111681
 31
0.0
  0
LINE
  5
714
330
17
100
AcDbEntity
  8
VISIBLE
100
AcDbLine
 10
275.57151731350194
 20
178.0619519111681
 30
0.0
 11
277.0380592228744
 21
177.09685428170434
 31
0.0
  0
LINE
  5
715
330
17
100
AcDbEntity
  8
VISIBLE
100
AcDbLine
 10
277.0380592228744
 20
177.09685428170434
 30
0.0
 11
277.1192367926515
 21
177.05573610265037
 31
0.0
  0
LINE
  5
716
330
17
100
AcDbEntity
  8
VISIBLE
100
AcDbLine
 10
277.1192367926515
 20
177.05573610265037
 30
0.0
 11
278.70965735136997
 21
176.25014591555026
 31
0.0
  0
LINE
  5
717
330
17
100
AcDbEntity
  8
VISIBLE
100
AcDbLine
 10
278.70965735136997
 20
176.25014591555026
 30
0.0
 11
280.1240246654464
 21
175.70461311142498
 31
0.0
  0
LINE
  5
718
330
17
100
AcDbEntity
  8
VISIBLE
100
AcDbLine
 10
280.1240246654464
 20
175.70461311142498
 30
0.0
 11
280.5587456370137
 21
175.53693849669077
 31
0.0
  0
LINE
  5
719
330
17
100
AcDbEntity
  8
VISIBLE
100
AcDbLine
 10
280.5587456370137
 20
175.53693849669077
 30
0.0
 11
282.553491239475
 21
174.96906365140845
 31
0.0
  0
LINE
  5
71A
330
17
100
AcDbEntity
  8
VISIBLE
100
AcDbLine
 10
282.553491239475
 20
174.96906365140845
 30
0.0
 11
283.6762785633582
 21
174.74920994610358
 31
0.0
  0
LINE
  5
71B
330
17
100
AcDbEntity
  8
VISIBLE
100
AcDbLine
 10
283.6762785633582
 20
174.74920994610358
 30
0.0
 11
284.6592560241863
 21
174.55673336860318
 31
0.0
  0
LINE
  5
71C
330
17
100
AcDbEntity
  8
VISIBLE
100
AcDbLine
 10
284.6592560241863
 20
174.55673336860318
 30
0.0
 11
284.8888275478016
 21
174.53034495934048
 31
0.0
  0
LINE
  5
71D
330
17
100
AcDbEntity
  8
VISIBLE
100
AcDbLine
 10
284.8888275478016
 20
174.53034495934048
 30
0.0
 11
286.83997375276493
 21
174.3060691767774
 31
0.0
  0
LINE
  5
71E
330
17
100
AcDbEntity
  8
VISIBLE
100
AcDbLine
 10
286.83997375276493
 20
174.3060691767774
 30
0.0
 11
287.652507672341
 21
174.27527309568515
 31
0.0
  0
LINE
  5
71F
330
17
100
AcDbEntity
  8
VISIBLE
100
AcDbLine
 10
287.652507672341
 20
174.27527309568515
 30
0.0
 11
289.05887450304573
 21
174.22196989501032
 31
0.0
  0
LINE
  5
720
330
17
100
AcDbEntity
  8
VISIBLE
100
AcDbLine
 10
289.05887450304573
 20
174.22196989501032
 30
0.0
 11
291.27777660202565
 21
174.3060691767774
 31
0.0
  0
LINE
  5
721
330
17
100
AcDbEntity
  8
VISIBLE
100
AcDbLine
 10
291.27777660202565
 20
174.3060691767774
 30
0.0
 11
291.90437076426406
 21
174.3780935946525
 31
0.0
  0
LINE
  5
722
330
17
100
AcDbEntity
  8
VISIBLE
100
AcDbLine
 10
291.90437076426406
 20
174.3780935946525
 30
0.0
 11
293.4584929819052
 21
174.55673336860318
 31
0.0
  0
LINE
  5
723
330
17
100
AcDbEntity
  8
VISIBLE
100
AcDbLine
 10
293.4584929819052
 20
174.55673336860318
 30
0.0
 11
295.56425675509206
 21
174.9690638460764
 31
0.0
  0
LINE
  5
724
330
17
100
AcDbEntity
  8
VISIBLE
100
AcDbLine
 10
295.56425675509206
 20
174.9690638460764
 30
0.0
 11
296.1278700386636
 21
175.12951540368672
 31
0.0
  0
LINE
  5
725
330
17
100
AcDbEntity
  8
VISIBLE
100
AcDbLine
 10
296.1278700386636
 20
175.12951540368672
 30
0.0
 11
297.5590037062525
 21
175.53693713401506
 31
0.0
  0
LINE
  5
726
330
17
100
AcDbEntity
  8
VISIBLE
100
AcDbLine
 10
297.5590037062525
 20
175.53693713401506
 30
0.0
 11
299.4080877772114
 21
176.25014679155606
 31
0.0
  0
LINE
  5
727
330
17
100
AcDbEntity
  8
VISIBLE
100
AcDbLine
 10
299.4080877772114
 20
176.25014679155606
 30
0.0
 11
300.0325476230412
 21
176.56645184968752
 31
0.0
  0
LINE
  5
728
330
17
100
AcDbEntity
  8
VISIBLE
100
AcDbLine
 10
300.0325476230412
 20
176.56645184968752
 30
0.0
 11
301.079689783217
 21
177.09685428170434
 31
0.0
  0
LINE
  5
729
330
17
100
AcDbEntity
  8
VISIBLE
100
AcDbLine
 10
301.079689783217
 20
177.09685428170434
 30
0.0
 11
303.6759032827084
 21
178.59577884450945
 31
0.0
  0
LINE
  5
72A
330
17
100
AcDbEntity
  8
VISIBLE
100
AcDbLine
 10
303.6759032827084
 20
178.59577884450945
 30
0.0
 11
308.643823123393
 21
181.46400870184118
 31
0.0
  0
LINE
  5
72B
330
17
100
AcDbEntity
  8
VISIBLE
100
AcDbLine
 10
308.643823123393
 20
181.46400870184118
 30
0.0
 11
318.2286476659736
 21
186.9978097316354
 31
0.0
  0
LINE
  5
72C
330
17
100
AcDbEntity
  8
VISIBLE
100
AcDbLine
 10
318.2286476659736
 20
186.9978097316354
 30
0.0
 11
328.14872375165015
 21
192.7251683300823
 31
0.0
  0
LINE
  5
72D
330
17
100
AcDbEntity
  8
VISIBLE
100
AcDbLine
 10
328.14872375165015
 20
192.7251683300823
 30
0.0
 11
345.19493840733037
 21
202.56680495020345
 31
0.0
  0
LINE
  5
72E
330
17
100
AcDbEntity
  8
VISIBLE
100
AcDbLine
 10
345.19493840733037
 20
202.56680495020345
 30
0.0
 11
353.1100417048733
 21
207.13659196970357
 31
0.0
  0
LINE
  5
72F
330
17
100
AcDbEntity
  8
VISIBLE
100
AcDbLine
 10
353.1100417048733
 20
207.13659196970357
 30
0.0
 11
358.0336608245007
 21
209.97924479380762
 31
0.0
  0
LINE
  5
730
330
17
100
AcDbEntity
  8
VISIBLE
100
AcDbLine
 10
358.0336608245007
 20
209.97924479380762
 30
0.0
 11
361.23487109235435
 21
211.82746440368552
 31
0.0
  0
LINE
  5
731
330
17
100
AcDbEntity
  8
VISIBLE
100
AcDbLine
 10
361.23487109235435
 20
211.82746440368552
 30
0.0
 11
361.7265069995634
 21
212.11131052705593
 31
0.0
  0
LINE
  5
732
330
17
100
AcDbEntity
  8
VISIBLE
100
AcDbLine
 10
361.7265069995634
 20
212.11131052705593
 30
0.0
 11
364.88366605570303
 21
213.93409715799262
 31
0.0
  0
LINE
  5
733
330
17
100
AcDbEntity
  8
VISIBLE
100
AcDbLine
 10
364.88366605570303
 20
213.93409715799262
 30
0.0
 11
368.00566722233924
 21
215.7365853719604
 31
0.0
  0
LINE
  5
734
330
17
100
AcDbEntity
  8
VISIBLE
100
AcDbLine
 10
368.00566722233924
 20
215.7365853719604
 30
0.0
 11
368.9619407771256
 21
216.2886901662352
 31
0.0
  0
LINE
  5
735
330
17
100
AcDbEntity
  8
VISIBLE
100
AcDbLine
 10
368.9619407771256
 20
216.2886901662352
 30
0.0
 11
370.4284811692115
 21
217.25379003438044
 31
0.0
  0
LINE
  5
736
330
17
100
AcDbEntity
  8
VISIBLE
100
AcDbLine
 10
370.4284811692115
 20
217.25379003438044
 30
0.0
 11
371.08757156317614
 21
217.8233806830152
 31
0.0
  0
LINE
  5
737
330
17
100
AcDbEntity
  8
VISIBLE
100
AcDbLine
 10
371.08757156317614
 20
217.8233806830152
 30
0.0
 11
371.6637965325213
 21
218.32135922050284
 31
0.0
  0
LINE
  5
738
330
17
100
AcDbEntity
  8
VISIBLE
100
AcDbLine
 10
371.6637965325213
 20
218.32135922050284
 30
0.0
 11
372.6473819194923
 21
219.47302690972052
 31
0.0
  0
LINE
  5
739
330
17
100
AcDbEntity
  8
VISIBLE
100
AcDbLine
 10
372.6473819194923
 20
219.47302690972052
 30
0.0
 11
373.19341086351557
 21
220.4025461477837
 31
0.0
  0
LINE
  5
73A
330
17
100
AcDbEntity
  8
VISIBLE
100
AcDbLine
 10
373.19341086351557
 20
220.4025461477837
 30
0.0
 11
373.361559255985
 21
220.6887901910197
 31
0.0
  0
LINE
  5
73B
330
17
100
AcDbEntity
  8
VISIBLE
100
AcDbLine
 10
373.361559255985
 20
220.6887901910197
 30
0.0
 11
373.79572237186545
 21
221.94782737996937
 31
0.0
  0
LINE
  5
73C
330
17
100
AcDbEntity
  8
VISIBLE
100
AcDbLine
 10
373.79572237186545
 20
221.94782737996937
 30
0.0
 11
373.9413866007661
 21
223.22891110412087
 31
0.0
  0
LINE
  5
73D
330
17
100
AcDbEntity
  8
VISIBLE
100
AcDbLine
 10
373.9413866007661
 20
223.22891110412087
 30
0.0
 11
373.935361287303
 21
223.2819008893887
 31
0.0
  0
LINE
  5
73E
330
17
100
AcDbEntity
  8
VISIBLE
100
AcDbLine
 10
373.935361287303
 20
223.2819008893887
 30
0.0
 11
373.79572237186545
 21
224.50999404960055
 31
0.0
  0
LINE
  5
73F
330
17
100
AcDbEntity
  8
VISIBLE
100
AcDbLine
 10
373.79572237186545
 20
224.50999404960055
 30
0.0
 11
373.361559255985
 21
225.76903201722203
 31
0.0
  0
LINE
  5
740
330
17
100
AcDbEntity
  8
VISIBLE
100
AcDbLine
 10
373.361559255985
 20
225.76903201722203
 30
0.0
 11
373.1131858546616
 21
226.19184594805785
 31
0.0
  0
LINE
  5
741
330
17
100
AcDbEntity
  8
VISIBLE
100
AcDbLine
 10
373.1131858546616
 20
226.19184594805785
 30
0.0
 11
372.6473822566671
 21
226.98479588252508
 31
0.0
  0
LINE
  5
742
330
17
100
AcDbEntity
  8
VISIBLE
100
AcDbLine
 10
372.6473822566671
 20
226.98479588252508
 30
0.0
 11
372.1775416649348
 21
227.53492888508708
 31
0.0
  0
LINE
  5
743
330
17
100
AcDbEntity
  8
VISIBLE
100
AcDbLine
 10
362.0730791861693
 20
232.56585450499406
 30
0.0
 11
361.3407439758137
 21
232.70925295510767
 31
0.0
  0
LINE
  5
744
330
17
100
AcDbEntity
  8
VISIBLE
100
AcDbLine
 10
361.3407439758137
 20
232.70925295510767
 30
0.0
 11
361.1111724521984
 21
232.7356413643704
 31
0.0
  0
LINE
  5
745
330
17
100
AcDbEntity
  8
VISIBLE
100
AcDbLine
 10
372.1775416649348
 20
227.53492888508708
 30
0.0
 11
371.6637941722978
 21
228.13646279307093
 31
0.0
  0
LINE
  5
746
330
17
100
AcDbEntity
  8
VISIBLE
100
AcDbLine
 10
371.6637941722978
 20
228.13646279307093
 30
0.0
 11
371.24032843233164
 21
228.50242365574462
 31
0.0
  0
LINE
  5
747
330
17
100
AcDbEntity
  8
VISIBLE
100
AcDbLine
 10
371.24032843233164
 20
228.50242365574462
 30
0.0
 11
370.42848268649806
 21
229.20403441254277
 31
0.0
  0
LINE
  5
748
330
17
100
AcDbEntity
  8
VISIBLE
100
AcDbLine
 10
370.42848268649806
 20
229.20403441254277
 30
0.0
 11
368.9619407771256
 21
230.16913204200654
 31
0.0
  0
LINE
  5
749
330
17
100
AcDbEntity
  8
VISIBLE
100
AcDbLine
 10
368.9619407771256
 20
230.16913204200654
 30
0.0
 11
368.8807632073485
 21
230.2102502210605
 31
0.0
  0
LINE
  5
74A
330
17
100
AcDbEntity
  8
VISIBLE
100
AcDbLine
 10
368.8807632073485
 20
230.2102502210605
 30
0.0
 11
367.29034264863003
 21
231.0158404081606
 31
0.0
  0
LINE
  5
74B
330
17
100
AcDbEntity
  8
VISIBLE
100
AcDbLine
 10
367.29034264863003
 20
231.0158404081606
 30
0.0
 11
365.8759753345536
 21
231.5613732122859
 31
0.0
  0
LINE
  5
74C
330
17
100
AcDbEntity
  8
VISIBLE
100
AcDbLine
 10
365.8759753345536
 20
231.5613732122859
 30
0.0
 11
365.4412543629863
 21
231.7290478270201
 31
0.0
  0
LINE
  5
74D
330
17
100
AcDbEntity
  8
VISIBLE
100
AcDbLine
 10
365.4412543629863
 20
231.7290478270201
 30
0.0
 11
363.446508760525
 21
232.29692267230243
 31
0.0
  0
LINE
  5
74E
330
17
100
AcDbEntity
  8
VISIBLE
100
AcDbLine
 10
362.0730791861693
 20
232.56585450499406
 30
0.0
 11
362.3237214366418
 21
232.5167763776073
 31
0.0
  0
LINE
  5
74F
330
17
100
AcDbEntity
  8
VISIBLE
100
AcDbLine
 10
363.446508760525
 20
232.29692267230243
 30
0.0
 11
362.3237214366418
 21
232.5167763776073
 31
0.0
  0
LINE
  5
750
330
17
100
AcDbEntity
  8
VISIBLE
100
AcDbLine
 10
337.19324053201177
 20
225.70790627945686
 30
0.0
 11
344.920310216783
 21
230.16913204200654
 31
0.0
  0
LINE
  5
751
330
17
100
AcDbEntity
  8
VISIBLE
100
AcDbLine
 10
346.5919122227886
 20
231.0158395321548
 30
0.0
 11
344.920310216783
 21
230.16913204200654
 31
0.0
  0
LINE
  5
752
330
17
100
AcDbEntity
  8
VISIBLE
100
AcDbLine
 10
361.1111724521984
 20
232.7356413643704
 30
0.0
 11
359.16002624723507
 21
232.95991714693346
 31
0.0
  0
LINE
  5
753
330
17
100
AcDbEntity
  8
VISIBLE
100
AcDbLine
 10
359.16002624723507
 20
232.95991714693346
 30
0.0
 11
356.94112549695427
 21
233.04401642870056
 31
0.0
  0
LINE
  5
754
330
17
100
AcDbEntity
  8
VISIBLE
100
AcDbLine
 10
356.94112549695427
 20
233.04401642870056
 30
0.0
 11
354.72222339797435
 21
232.95991714693346
 31
0.0
  0
LINE
  5
755
330
17
100
AcDbEntity
  8
VISIBLE
100
AcDbLine
 10
354.72222339797435
 20
232.95991714693346
 30
0.0
 11
352.5415070180948
 21
232.7092529551077
 31
0.0
  0
LINE
  5
756
330
17
100
AcDbEntity
  8
VISIBLE
100
AcDbLine
 10
352.5415070180948
 20
232.7092529551077
 30
0.0
 11
350.43574324490794
 21
232.29692247763447
 31
0.0
  0
LINE
  5
757
330
17
100
AcDbEntity
  8
VISIBLE
100
AcDbLine
 10
346.5919122227886
 20
231.0158395321548
 30
0.0
 11
348.4409962937475
 21
231.72904918969581
 31
0.0
  0
LINE
  5
758
330
17
100
AcDbEntity
  8
VISIBLE
100
AcDbLine
 10
350.43574324490794
 20
232.29692247763447
 30
0.0
 11
348.4409962937475
 21
231.72904918969581
 31
0.0
  0
LINE
  5
759
330
17
100
AcDbEntity
  8
VISIBLE
100
AcDbLine
 10
282.52732917331775
 20
181.33814594108387
 30
0.0
 11
282.94718191684217
 21
181.65383662715038
 31
0.0
  0
LINE
  5
75A
330
17
100
AcDbEntity
  8
VISIBLE
100
AcDbLine
 10
282.52732917331775
 20
181.33814594108387
 30
0.0
 11
282.24199635759817
 21
180.93989073540484
 31
0.0
  0
LINE
  5
75B
330
17
100
AcDbEntity
  8
VISIBLE
100
AcDbLine
 10
281.97861429493264
 20
180.57227198309525
 30
0.0
 11
282.24199635759817
 21
180.93989073540484
 31
0.0
  0
LINE
  5
75C
330
17
100
AcDbEntity
  8
VISIBLE
100
AcDbLine
 10
281.97861429493264
 20
180.57227198309525
 30
0.0
 11
281.88117415292334
 21
180.1449333849891
 31
0.0
  0
LINE
  5
75D
330
17
100
AcDbEntity
  8
VISIBLE
100
AcDbLine
 10
281.7912310923271
 20
179.75046816971945
 30
0.0
 11
281.88117415292334
 21
180.1449333849891
 31
0.0
  0
LINE
  5
75E
330
17
100
AcDbEntity
  8
VISIBLE
100
AcDbLine
 10
281.7912310923271
 20
179.75046816971945
 30
0.0
 11
281.88867089716166
 21
179.32313054495307
 31
0.0
  0
LINE
  5
75F
330
17
100
AcDbEntity
  8
VISIBLE
100
AcDbLine
 10
281.97861395775783
 20
178.9286641616757
 30
0.0
 11
281.88867089716166
 21
179.32313054495307
 31
0.0
  0
LINE
  5
760
330
17
100
AcDbEntity
  8
VISIBLE
100
AcDbLine
 10
281.97861395775783
 20
178.9286641616757
 30
0.0
 11
282.26394609912785
 21
178.5304101240044
 31
0.0
  0
LINE
  5
761
330
17
100
AcDbEntity
  8
VISIBLE
100
AcDbLine
 10
282.52732934190516
 20
178.16279069035696
 30
0.0
 11
282.26394609912785
 21
178.5304101240044
 31
0.0
  0
LINE
  5
762
330
17
100
AcDbEntity
  8
VISIBLE
100
AcDbLine
 10
282.52732934190516
 20
178.16279069035696
 30
0.0
 11
282.98216839511275
 21
177.82079274723134
 31
0.0
  0
LINE
  5
763
330
17
100
AcDbEntity
  8
VISIBLE
100
AcDbLine
 10
283.40202025355336
 20
177.5051025721682
 30
0.0
 11
282.98216839511275
 21
177.82079274723134
 31
0.0
  0
LINE
  5
764
330
17
100
AcDbEntity
  8
VISIBLE
100
AcDbLine
 10
283.40202025355336
 20
177.5051025721682
 30
0.0
 11
283.994378067131
 21
177.24250112236086
 31
0.0
  0
LINE
  5
765
330
17
100
AcDbEntity
  8
VISIBLE
100
AcDbLine
 10
284.5411694897906
 20
177.00009953887042
 30
0.0
 11
283.994378067131
 21
177.24250112236086
 31
0.0
  0
LINE
  5
766
330
17
100
AcDbEntity
  8
VISIBLE
100
AcDbLine
 10
284.5411694897906
 20
177.00009953887042
 30
0.0
 11
285.23096571735675
 21
176.83536295024197
 31
0.0
  0
LINE
  5
767
330
17
100
AcDbEntity
  8
VISIBLE
100
AcDbLine
 10
285.8677012542838
 20
176.68329856412447
 30
0.0
 11
285.23096571735675
 21
176.83536295024197
 31
0.0
  0
LINE
  5
768
330
17
100
AcDbEntity
  8
VISIBLE
100
AcDbLine
 10
285.8677012542838
 20
176.68329856412447
 30
0.0
 11
286.607871732365
 21
176.62704166657346
 31
0.0
  0
LINE
  5
769
330
17
100
AcDbEntity
  8
VISIBLE
100
AcDbLine
 10
287.29110755007935
 20
176.57511301632653
 30
0.0
 11
286.607871732365
 21
176.62704166657346
 31
0.0
  0
LINE
  5
76A
330
17
100
AcDbEntity
  8
VISIBLE
100
AcDbLine
 10
287.29110755007935
 20
176.57511301632653
 30
0.0
 11
288.03127971403444
 21
176.63137010854547
 31
0.0
  0
LINE
  5
76B
330
17
100
AcDbEntity
  8
VISIBLE
100
AcDbLine
 10
288.71451350870007
 20
176.6832987587924
 30
0.0
 11
288.03127971403444
 21
176.63137010854547
 31
0.0
  0
LINE
  5
76C
330
17
100
AcDbEntity
  8
VISIBLE
100
AcDbLine
 10
288.71451350870007
 20
176.6832987587924
 30
0.0
 11
289.40431175931496
 21
176.84803573675674
 31
0.0
  0
LINE
  5
76D
330
17
100
AcDbEntity
  8
VISIBLE
100
AcDbLine
 10
290.04104611613025
 20
177.00009944153643
 30
0.0
 11
289.40431175931496
 21
176.84803573675674
 31
0.0
  0
LINE
  5
76E
330
17
100
AcDbEntity
  8
VISIBLE
100
AcDbLine
 10
290.04104611613025
 20
177.00009944153643
 30
0.0
 11
290.6334025388619
 21
177.26270047767437
 31
0.0
  0
LINE
  5
76F
330
17
100
AcDbEntity
  8
VISIBLE
100
AcDbLine
 10
291.18019484660533
 20
177.5051025721682
 30
0.0
 11
290.6334025388619
 21
177.26270047767437
 31
0.0
  0
LINE
  5
770
330
17
100
AcDbEntity
  8
VISIBLE
100
AcDbLine
 10
291.18019484660533
 20
177.5051025721682
 30
0.0
 11
293.01867139873104
 21
178.56654750443678
 31
0.0
  0
LINE
  5
771
330
17
100
AcDbEntity
  8
VISIBLE
100
AcDbLine
 10
357.7970504400093
 20
215.9663620815864
 30
0.0
 11
355.1733585439879
 21
215.76694890085736
 31
0.0
  0
LINE
  5
772
330
17
100
AcDbEntity
  8
VISIBLE
100
AcDbLine
 10
358.3743179537992
 20
216.29964763606745
 30
0.0
 11
356.5967645026086
 21
215.87513464332326
 31
0.0
  0
LINE
  5
773
330
17
100
AcDbEntity
  8
VISIBLE
100
AcDbLine
 10
359.06244584051393
 20
216.69693845669906
 30
0.0
 11
357.9232971100388
 21
216.1919353260673
 31
0.0
  0
LINE
  5
774
330
17
100
AcDbEntity
  8
VISIBLE
100
AcDbLine
 10
359.06244584051393
 20
216.69693845669906
 30
0.0
 11
358.51565353277044
 21
216.45453636220523
 31
0.0
  0
LINE
  5
775
330
17
100
AcDbEntity
  8
VISIBLE
100
AcDbLine
 10
359.06244584051393
 20
216.69693845669906
 30
0.0
 11
360.90092239263964
 21
217.75838338896764
 31
0.0
  0
LINE
  5
776
330
17
100
AcDbEntity
  8
VISIBLE
100
AcDbLine
 10
294.7157287525381
 20
179.54634402448752
 30
0.0
 11
293.01867139873104
 21
178.56654750443678
 31
0.0
  0
LINE
  5
777
330
17
100
AcDbEntity
  8
VISIBLE
100
AcDbLine
 10
294.7157287525381
 20
179.54634402448752
 30
0.0
 11
295.17056708924923
 21
179.88834116460782
 31
0.0
  0
LINE
  5
778
330
17
100
AcDbEntity
  8
VISIBLE
100
AcDbLine
 10
350.40958016722635
 20
220.52998182561473
 30
0.0
 11
350.82943291075077
 21
220.84567251168124
 31
0.0
  0
LINE
  5
779
330
17
100
AcDbEntity
  8
VISIBLE
100
AcDbLine
 10
350.40958016722635
 20
220.52998182561473
 30
0.0
 11
350.1242473515067
 21
220.13172661993568
 31
0.0
  0
LINE
  5
77A
330
17
100
AcDbEntity
  8
VISIBLE
100
AcDbLine
 10
349.8608652888412
 20
219.76410786762608
 30
0.0
 11
350.1242473515067
 21
220.13172661993568
 31
0.0
  0
LINE
  5
77B
330
17
100
AcDbEntity
  8
VISIBLE
100
AcDbLine
 10
349.8608652888412
 20
219.76410786762608
 30
0.0
 11
349.7634251468319
 21
219.33676926951995
 31
0.0
  0
LINE
  5
77C
330
17
100
AcDbEntity
  8
VISIBLE
100
AcDbLine
 10
349.6734820862357
 20
218.94230405425031
 30
0.0
 11
349.7634251468319
 21
219.33676926951995
 31
0.0
  0
LINE
  5
77D
330
17
100
AcDbEntity
  8
VISIBLE
100
AcDbLine
 10
349.6734820862357
 20
218.94230405425031
 30
0.0
 11
349.7709218910702
 21
218.51496642948393
 31
0.0
  0
LINE
  5
77E
330
17
100
AcDbEntity
  8
VISIBLE
100
AcDbLine
 10
349.8608649516664
 20
218.12050004620656
 30
0.0
 11
349.7709218910702
 21
218.51496642948393
 31
0.0
  0
LINE
  5
77F
330
17
100
AcDbEntity
  8
VISIBLE
100
AcDbLine
 10
349.8608649516664
 20
218.12050004620656
 30
0.0
 11
350.14619709303645
 21
217.72224600853525
 31
0.0
  0
LINE
  5
780
330
17
100
AcDbEntity
  8
VISIBLE
100
AcDbLine
 10
352.37686288319793
 20
215.87540873580343
 30
0.0
 11
350.40958033581376
 21
217.35462657488782
 31
0.0
  0
LINE
  5
781
330
17
100
AcDbEntity
  8
VISIBLE
100
AcDbLine
 10
350.40958033581376
 20
217.35462657488782
 30
0.0
 11
350.14619709303645
 21
217.72224600853525
 31
0.0
  0
LINE
  5
782
330
17
100
AcDbEntity
  8
VISIBLE
100
AcDbLine
 10
350.40958033581376
 20
217.35462657488782
 30
0.0
 11
350.8644193890213
 21
217.0126286317622
 31
0.0
  0
LINE
  5
783
330
17
100
AcDbEntity
  8
VISIBLE
100
AcDbLine
 10
352.78296336293437
 20
216.03254368680314
 30
0.0
 11
351.2842712474619
 21
216.69693845669906
 31
0.0
  0
LINE
  5
784
330
17
100
AcDbEntity
  8
VISIBLE
100
AcDbLine
 10
351.2842712474619
 20
216.69693845669906
 30
0.0
 11
350.8644193890213
 21
217.0126286317622
 31
0.0
  0
LINE
  5
785
330
17
100
AcDbEntity
  8
VISIBLE
100
AcDbLine
 10
351.2842712474619
 20
216.69693845669906
 30
0.0
 11
351.8766290610395
 21
216.43433700689172
 31
0.0
  0
LINE
  5
786
330
17
100
AcDbEntity
  8
VISIBLE
100
AcDbLine
 10
352.90046262314286
 20
216.07800843628237
 30
0.0
 11
352.4234204836992
 21
216.19193542340128
 31
0.0
  0
LINE
  5
787
330
17
100
AcDbEntity
  8
VISIBLE
100
AcDbLine
 10
352.4234204836992
 20
216.19193542340128
 30
0.0
 11
351.8766290610395
 21
216.43433700689172
 31
0.0
  0
LINE
  5
788
330
17
100
AcDbEntity
  8
VISIBLE
100
AcDbLine
 10
352.4234204836992
 20
216.19193542340128
 30
0.0
 11
353.11321671126535
 21
216.02719883477283
 31
0.0
  0
LINE
  5
789
330
17
100
AcDbEntity
  8
VISIBLE
100
AcDbLine
 10
353.7499522481924
 20
215.8751344486553
 30
0.0
 11
353.11321671126535
 21
216.02719883477283
 31
0.0
  0
LINE
  5
78A
330
17
100
AcDbEntity
  8
VISIBLE
100
AcDbLine
 10
353.7499522481924
 20
215.8751344486553
 30
0.0
 11
354.49012272627357
 21
215.81887755110432
 31
0.0
  0
LINE
  5
78B
330
17
100
AcDbEntity
  8
VISIBLE
100
AcDbLine
 10
355.1733585439879
 20
215.76694890085736
 30
0.0
 11
354.49012272627357
 21
215.81887755110432
 31
0.0
  0
LINE
  5
78C
330
17
100
AcDbEntity
  8
VISIBLE
100
AcDbLine
 10
355.1733585439879
 20
215.76694890085736
 30
0.0
 11
355.91353070794304
 21
215.82320599307633
 31
0.0
  0
LINE
  5
78D
330
17
100
AcDbEntity
  8
VISIBLE
100
AcDbLine
 10
356.5967645026086
 20
215.87513464332326
 30
0.0
 11
355.91353070794304
 21
215.82320599307633
 31
0.0
  0
LINE
  5
78E
330
17
100
AcDbEntity
  8
VISIBLE
100
AcDbLine
 10
356.5967645026086
 20
215.87513464332326
 30
0.0
 11
357.2865627532235
 21
216.0398716212876
 31
0.0
  0
LINE
  5
78F
330
17
100
AcDbEntity
  8
VISIBLE
100
AcDbLine
 10
357.9232971100388
 20
216.1919353260673
 30
0.0
 11
357.2865627532235
 21
216.0398716212876
 31
0.0
  0
LINE
  5
790
330
17
100
AcDbEntity
  8
VISIBLE
100
AcDbLine
 10
357.9232971100388
 20
216.1919353260673
 30
0.0
 11
358.51565353277044
 21
216.45453636220523
 31
0.0
  0
LINE
  5
791
330
17
100
AcDbEntity
  8
VISIBLE
100
AcDbLine
 10
362.59797974644664
 20
218.73817990901838
 30
0.0
 11
360.90092239263964
 21
217.75838338896764
 31
0.0
  0
LINE
  5
792
330
17
100
AcDbEntity
  8
VISIBLE
100
AcDbLine
 10
362.59797974644664
 20
218.73817990901838
 30
0.0
 11
363.05281808315783
 21
219.08017704913868
 31
0.0
  0
LINE
  5
793
330
17
100
AcDbEntity
  8
VISIBLE
100
AcDbLine
 10
364.23882433110816
 20
220.46523292787734
 30
0.0
 11
363.47267082668225
 21
219.3958677352052
 31
0.0
  0
LINE
  5
794
330
17
100
AcDbEntity
  8
VISIBLE
100
AcDbLine
 10
363.47267082668225
 20
219.3958677352052
 30
0.0
 11
363.05281808315783
 21
219.08017704913868
 31
0.0
  0
LINE
  5
795
330
17
100
AcDbEntity
  8
VISIBLE
100
AcDbLine
 10
363.47267082668225
 20
219.3958677352052
 30
0.0
 11
363.75800364240183
 21
219.79412294088422
 31
0.0
  0
LINE
  5
796
330
17
100
AcDbEntity
  8
VISIBLE
100
AcDbLine
 10
364.0762430315648
 20
220.4023246156513
 30
0.0
 11
364.02138570506736
 21
220.16174169319382
 31
0.0
  0
LINE
  5
797
330
17
100
AcDbEntity
  8
VISIBLE
100
AcDbLine
 10
364.02138570506736
 20
220.16174169319382
 30
0.0
 11
363.75800364240183
 21
219.79412294088422
 31
0.0
  0
LINE
  5
798
330
17
100
AcDbEntity
  8
VISIBLE
100
AcDbLine
 10
364.02138570506736
 20
220.16174169319382
 30
0.0
 11
364.11882584707666
 21
220.58908029129998
 31
0.0
  0
LINE
  5
799
330
17
100
AcDbEntity
  8
VISIBLE
100
AcDbLine
 10
364.2087689076729
 20
220.9835455065696
 30
0.0
 11
364.11882584707666
 21
220.58908029129998
 31
0.0
  0
LINE
  5
79A
330
17
100
AcDbEntity
  8
VISIBLE
100
AcDbLine
 10
364.2087689076729
 20
220.9835455065696
 30
0.0
 11
364.11132910283834
 21
221.410883131336
 31
0.0
  0
LINE
  5
79B
330
17
100
AcDbEntity
  8
VISIBLE
100
AcDbLine
 10
364.02138604224217
 20
221.80534951461337
 30
0.0
 11
364.11132910283834
 21
221.410883131336
 31
0.0
  0
LINE
  5
79C
330
17
100
AcDbEntity
  8
VISIBLE
100
AcDbLine
 10
364.02138604224217
 20
221.80534951461337
 30
0.0
 11
363.73605390087215
 21
222.20360355228468
 31
0.0
  0
LINE
  5
79D
330
17
100
AcDbEntity
  8
VISIBLE
100
AcDbLine
 10
363.47267065809484
 20
222.5712229859321
 30
0.0
 11
363.73605390087215
 21
222.20360355228468
 31
0.0
  0
LINE
  5
79E
330
17
100
AcDbEntity
  8
VISIBLE
100
AcDbLine
 10
363.47267065809484
 20
222.5712229859321
 30
0.0
 11
363.01783160488725
 21
222.91322092905773
 31
0.0
  0
LINE
  5
79F
330
17
100
AcDbEntity
  8
VISIBLE
100
AcDbLine
 10
362.5979797464467
 20
223.22891110412087
 30
0.0
 11
363.01783160488725
 21
222.91322092905773
 31
0.0
  0
LINE
  5
7A0
330
17
100
AcDbEntity
  8
VISIBLE
100
AcDbLine
 10
362.5979797464467
 20
223.22891110412087
 30
0.0
 11
362.005621932869
 21
223.4915125539282
 31
0.0
  0
LINE
  5
7A1
330
17
100
AcDbEntity
  8
VISIBLE
100
AcDbLine
 10
361.4588305102094
 20
223.73391413741865
 30
0.0
 11
362.005621932869
 21
223.4915125539282
 31
0.0
  0
LINE
  5
7A2
330
17
100
AcDbEntity
  8
VISIBLE
100
AcDbLine
 10
361.4588305102094
 20
223.73391413741865
 30
0.0
 11
360.76903428264325
 21
223.8986507260471
 31
0.0
  0
LINE
  5
7A3
330
17
100
AcDbEntity
  8
VISIBLE
100
AcDbLine
 10
360.1322987457162
 20
224.0507151121646
 30
0.0
 11
360.76903428264325
 21
223.8986507260471
 31
0.0
  0
LINE
  5
7A4
330
17
100
AcDbEntity
  8
VISIBLE
100
AcDbLine
 10
360.1322987457162
 20
224.0507151121646
 30
0.0
 11
359.392128267635
 21
224.1069720097156
 31
0.0
  0
LINE
  5
7A5
330
17
100
AcDbEntity
  8
VISIBLE
100
AcDbLine
 10
358.70889244992065
 20
224.15890065996254
 30
0.0
 11
359.392128267635
 21
224.1069720097156
 31
0.0
  0
LINE
  5
7A6
330
17
100
AcDbEntity
  8
VISIBLE
100
AcDbLine
 10
358.70889244992065
 20
224.15890065996254
 30
0.0
 11
357.96872028596556
 21
224.1026435677436
 31
0.0
  0
LINE
  5
7A7
330
17
100
AcDbEntity
  8
VISIBLE
100
AcDbLine
 10
357.28548649129993
 20
224.05071491749666
 30
0.0
 11
357.96872028596556
 21
224.1026435677436
 31
0.0
  0
LINE
  5
7A8
330
17
100
AcDbEntity
  8
VISIBLE
100
AcDbLine
 10
357.28548649129993
 20
224.05071491749666
 30
0.0
 11
356.59568824068504
 21
223.88597793953232
 31
0.0
  0
LINE
  5
7A9
330
17
100
AcDbEntity
  8
VISIBLE
100
AcDbLine
 10
355.95895388386975
 20
223.73391423475263
 30
0.0
 11
356.59568824068504
 21
223.88597793953232
 31
0.0
  0
LINE
  5
7AA
330
17
100
AcDbEntity
  8
VISIBLE
100
AcDbLine
 10
355.95895388386975
 20
223.73391423475263
 30
0.0
 11
355.3665974611381
 21
223.4713131986147
 31
0.0
  0
LINE
  5
7AB
330
17
100
AcDbEntity
  8
VISIBLE
100
AcDbLine
 10
354.81980515339467
 20
223.22891110412087
 30
0.0
 11
351.2842712474619
 21
221.18766965180154
 31
0.0
  0
LINE
  5
7AC
330
17
100
AcDbEntity
  8
VISIBLE
100
AcDbLine
 10
354.81980515339467
 20
223.22891110412087
 30
0.0
 11
355.3665974611381
 21
223.4713131986147
 31
0.0
  0
LINE
  5
7AD
330
17
100
AcDbEntity
  8
VISIBLE
100
AcDbLine
 10
354.81980515339467
 20
223.22891110412087
 30
0.0
 11
352.98132860126896
 21
222.16746617185228
 31
0.0
  0
LINE
  5
7AE
330
17
100
AcDbEntity
  8
VISIBLE
100
AcDbLine
 10
351.2842712474619
 20
221.18766965180154
 30
0.0
 11
350.82943291075077
 21
220.84567251168124
 31
0.0
  0
LINE
  5
7AF
330
17
100
AcDbEntity
  8
VISIBLE
100
AcDbLine
 10
351.2842712474619
 20
221.18766965180154
 30
0.0
 11
352.98132860126896
 21
222.16746617185228
 31
0.0
  0
LINE
  5
7B0
330
17
100
AcDbEntity
  8
VISIBLE
100
AcDbLine
 10
295.59041983277365
 20
180.20403185067434
 30
0.0
 11
295.17056708924923
 21
179.88834116460782
 31
0.0
  0
LINE
  5
7B1
330
17
100
AcDbEntity
  8
VISIBLE
100
AcDbLine
 10
295.59041983277365
 20
180.20403185067434
 30
0.0
 11
295.8757526484933
 21
180.6022870563534
 31
0.0
  0
LINE
  5
7B2
330
17
100
AcDbEntity
  8
VISIBLE
100
AcDbLine
 10
296.1391347111588
 20
180.969905808663
 30
0.0
 11
295.8757526484933
 21
180.6022870563534
 31
0.0
  0
LINE
  5
7B3
330
17
100
AcDbEntity
  8
VISIBLE
100
AcDbLine
 10
296.1391347111588
 20
180.969905808663
 30
0.0
 11
296.2365748531681
 21
181.39724440676912
 31
0.0
  0
LINE
  5
7B4
330
17
100
AcDbEntity
  8
VISIBLE
100
AcDbLine
 10
296.3265179137643
 20
181.79170962203875
 30
0.0
 11
296.2365748531681
 21
181.39724440676912
 31
0.0
  0
LINE
  5
7B5
330
17
100
AcDbEntity
  8
VISIBLE
100
AcDbLine
 10
296.3265179137643
 20
181.79170962203875
 30
0.0
 11
296.2290781089298
 21
182.21904724680513
 31
0.0
  0
LINE
  5
7B6
330
17
100
AcDbEntity
  8
VISIBLE
100
AcDbLine
 10
296.1391350483336
 20
182.6135136300825
 30
0.0
 11
296.2290781089298
 21
182.21904724680513
 31
0.0
  0
LINE
  5
7B7
330
17
100
AcDbEntity
  8
VISIBLE
100
AcDbLine
 10
296.1391350483336
 20
182.6135136300825
 30
0.0
 11
295.85380290696355
 21
183.01176766775382
 31
0.0
  0
LINE
  5
7B8
330
17
100
AcDbEntity
  8
VISIBLE
100
AcDbLine
 10
295.59041966418624
 20
183.37938710140125
 30
0.0
 11
295.85380290696355
 21
183.01176766775382
 31
0.0
  0
LINE
  5
7B9
330
17
100
AcDbEntity
  8
VISIBLE
100
AcDbLine
 10
295.59041966418624
 20
183.37938710140125
 30
0.0
 11
295.1355806109787
 21
183.72138504452687
 31
0.0
  0
LINE
  5
7BA
330
17
100
AcDbEntity
  8
VISIBLE
100
AcDbLine
 10
294.7157287525381
 20
184.03707521959
 30
0.0
 11
295.1355806109787
 21
183.72138504452687
 31
0.0
  0
LINE
  5
7BB
330
17
100
AcDbEntity
  8
VISIBLE
100
AcDbLine
 10
294.7157287525381
 20
184.03707521959
 30
0.0
 11
294.1233709389605
 21
184.29967666939734
 31
0.0
  0
LINE
  5
7BC
330
17
100
AcDbEntity
  8
VISIBLE
100
AcDbLine
 10
293.5765795163008
 20
184.5420782528878
 30
0.0
 11
294.1233709389605
 21
184.29967666939734
 31
0.0
  0
LINE
  5
7BD
330
17
100
AcDbEntity
  8
VISIBLE
100
AcDbLine
 10
293.5765795163008
 20
184.5420782528878
 30
0.0
 11
292.88678328873465
 21
184.70681484151623
 31
0.0
  0
LINE
  5
7BE
330
17
100
AcDbEntity
  8
VISIBLE
100
AcDbLine
 10
292.2500477518076
 20
184.85887922763376
 30
0.0
 11
292.88678328873465
 21
184.70681484151623
 31
0.0
  0
LINE
  5
7BF
330
17
100
AcDbEntity
  8
VISIBLE
100
AcDbLine
 10
292.2500477518076
 20
184.85887922763376
 30
0.0
 11
291.50987727372643
 21
184.91513612518474
 31
0.0
  0
LINE
  5
7C0
330
17
100
AcDbEntity
  8
VISIBLE
100
AcDbLine
 10
290.8266414560121
 20
184.9670647754317
 30
0.0
 11
291.50987727372643
 21
184.91513612518474
 31
0.0
  0
LINE
  5
7C1
330
17
100
AcDbEntity
  8
VISIBLE
100
AcDbLine
 10
290.8266414560121
 20
184.9670647754317
 30
0.0
 11
290.08646929205696
 21
184.91080768321274
 31
0.0
  0
LINE
  5
7C2
330
17
100
AcDbEntity
  8
VISIBLE
100
AcDbLine
 10
289.4032354973914
 20
184.8588790329658
 30
0.0
 11
290.08646929205696
 21
184.91080768321274
 31
0.0
  0
LINE
  5
7C3
330
17
100
AcDbEntity
  8
VISIBLE
100
AcDbLine
 10
289.4032354973914
 20
184.8588790329658
 30
0.0
 11
288.7134372467765
 21
184.69414205500146
 31
0.0
  0
LINE
  5
7C4
330
17
100
AcDbEntity
  8
VISIBLE
100
AcDbLine
 10
288.0767028899612
 20
184.54207835022177
 30
0.0
 11
288.7134372467765
 21
184.69414205500146
 31
0.0
  0
LINE
  5
7C5
330
17
100
AcDbEntity
  8
VISIBLE
100
AcDbLine
 10
288.0767028899612
 20
184.54207835022177
 30
0.0
 11
287.48434646722956
 21
184.27947731408383
 31
0.0
  0
LINE
  5
7C6
330
17
100
AcDbEntity
  8
VISIBLE
100
AcDbLine
 10
286.93755415948607
 20
184.03707521959
 30
0.0
 11
283.40202025355336
 21
181.99583376727068
 31
0.0
  0
LINE
  5
7C7
330
17
100
AcDbEntity
  8
VISIBLE
100
AcDbLine
 10
286.93755415948607
 20
184.03707521959
 30
0.0
 11
287.48434646722956
 21
184.27947731408383
 31
0.0
  0
LINE
  5
7C8
330
17
100
AcDbEntity
  8
VISIBLE
100
AcDbLine
 10
286.93755415948607
 20
184.03707521959
 30
0.0
 11
285.09907760736036
 21
182.97563028732142
 31
0.0
  0
LINE
  5
7C9
330
17
100
AcDbEntity
  8
VISIBLE
100
AcDbLine
 10
283.40202025355336
 20
181.99583376727068
 30
0.0
 11
282.94718191684217
 21
181.65383662715038
 31
0.0
  0
LINE
  5
7CA
330
17
100
AcDbEntity
  8
VISIBLE
100
AcDbLine
 10
283.40202025355336
 20
181.99583376727068
 30
0.0
 11
285.09907760736036
 21
182.97563028732142
 31
0.0
  0
LINE
  5
7CB
330
17
100
AcDbEntity
  8
VISIBLE
100
AcDbLine
 10
282.52732917331775
 20
184.60413226479477
 30
0.0
 11
283.227080823677
 21
185.13028198067397
 31
0.0
  0
LINE
  5
7CC
330
17
100
AcDbEntity
  8
VISIBLE
100
AcDbLine
 10
282.52732917331775
 20
184.60413226479477
 30
0.0
 11
282.41758518611636
 21
184.450956811326
 31
0.0
  0
LINE
  5
7CD
330
17
100
AcDbEntity
  8
VISIBLE
100
AcDbLine
 10
281.97861429493264
 20
183.83825830680615
 30
0.0
 11
282.41758518611636
 21
184.450956811326
 31
0.0
  0
LINE
  5
7CE
330
17
100
AcDbEntity
  8
VISIBLE
100
AcDbLine
 10
281.97861429493264
 20
183.83825830680615
 30
0.0
 11
281.9411386659359
 21
183.67389820600204
 31
0.0
  0
LINE
  5
7CF
330
17
100
AcDbEntity
  8
VISIBLE
100
AcDbLine
 10
281.7912310923271
 20
183.01645449343036
 30
0.0
 11
281.9411386659359
 21
183.67389820600204
 31
0.0
  0
LINE
  5
7D0
330
17
100
AcDbEntity
  8
VISIBLE
100
AcDbLine
 10
281.7912310923271
 20
183.01645449343036
 30
0.0
 11
281.82870705849865
 21
182.85209341928646
 31
0.0
  0
LINE
  5
7D1
330
17
100
AcDbEntity
  8
VISIBLE
100
AcDbLine
 10
281.97861395775783
 20
182.1946504853866
 30
0.0
 11
281.82870705849865
 21
182.85209341928646
 31
0.0
  0
LINE
  5
7D2
330
17
100
AcDbEntity
  8
VISIBLE
100
AcDbLine
 10
281.97861395775783
 20
182.1946504853866
 30
0.0
 11
282.0883564276727
 21
182.04147551858773
 31
0.0
  0
LINE
  5
7D3
330
17
100
AcDbEntity
  8
VISIBLE
100
AcDbLine
 10
282.52732934190516
 20
181.42877701406786
 30
0.0
 11
282.0883564276727
 21
182.04147551858773
 31
0.0
  0
LINE
  5
7D4
330
17
100
AcDbEntity
  8
VISIBLE
100
AcDbLine
 10
282.52732934190516
 20
181.42877701406786
 30
0.0
 11
282.70226809743195
 21
181.29723968243204
 31
0.0
  0
LINE
  5
7D5
330
17
100
AcDbEntity
  8
VISIBLE
100
AcDbLine
 10
283.40202025355336
 20
180.7710888958791
 30
0.0
 11
282.70226809743195
 21
181.29723968243204
 31
0.0
  0
LINE
  5
7D6
330
17
100
AcDbEntity
  8
VISIBLE
100
AcDbLine
 10
283.40202025355336
 20
180.7710888958791
 30
0.0
 11
283.62984955289176
 21
180.67008798261753
 31
0.0
  0
LINE
  5
7D7
330
17
100
AcDbEntity
  8
VISIBLE
100
AcDbLine
 10
284.5411694897906
 20
180.26608586258132
 30
0.0
 11
283.62984955289176
 21
180.67008798261753
 31
0.0
  0
LINE
  5
7D8
330
17
100
AcDbEntity
  8
VISIBLE
100
AcDbLine
 10
284.5411694897906
 20
180.26608586258132
 30
0.0
 11
284.8064763990277
 21
180.20272596936746
 31
0.0
  0
LINE
  5
7D9
330
17
100
AcDbEntity
  8
VISIBLE
100
AcDbLine
 10
285.8677012542838
 20
179.94928488783538
 30
0.0
 11
284.8064763990277
 21
180.20272596936746
 31
0.0
  0
LINE
  5
7DA
330
17
100
AcDbEntity
  8
VISIBLE
100
AcDbLine
 10
285.8677012542838
 20
179.94928488783538
 30
0.0
 11
286.15238298548763
 21
179.9276481286781
 31
0.0
  0
LINE
  5
7DB
330
17
100
AcDbEntity
  8
VISIBLE
100
AcDbLine
 10
287.29110755007935
 20
179.84109934003743
 30
0.0
 11
286.15238298548763
 21
179.9276481286781
 31
0.0
  0
LINE
  5
7DC
330
17
100
AcDbEntity
  8
VISIBLE
100
AcDbLine
 10
287.29110755007935
 20
179.84109934003743
 30
0.0
 11
287.5757875954092
 21
179.86273590452674
 31
0.0
  0
LINE
  5
7DD
330
17
100
AcDbEntity
  8
VISIBLE
100
AcDbLine
 10
288.71451350870007
 20
179.9492850825033
 30
0.0
 11
287.5757875954092
 21
179.86273590452674
 31
0.0
  0
LINE
  5
7DE
330
17
100
AcDbEntity
  8
VISIBLE
100
AcDbLine
 10
288.71451350870007
 20
179.9492850825033
 30
0.0
 11
288.9798211765804
 21
180.012645803056
 31
0.0
  0
LINE
  5
7DF
330
17
100
AcDbEntity
  8
VISIBLE
100
AcDbLine
 10
290.04104611613025
 20
180.26608576524734
 30
0.0
 11
288.9798211765804
 21
180.012645803056
 31
0.0
  0
LINE
  5
7E0
330
17
100
AcDbEntity
  8
VISIBLE
100
AcDbLine
 10
290.04104611613025
 20
180.26608576524734
 30
0.0
 11
290.26887680631467
 21
180.36708709217834
 31
0.0
  0
LINE
  5
7E1
330
17
100
AcDbEntity
  8
VISIBLE
100
AcDbLine
 10
291.18019484660533
 20
180.7710888958791
 30
0.0
 11
290.26887680631467
 21
180.36708709217834
 31
0.0
  0
LINE
  5
7E2
330
17
100
AcDbEntity
  8
VISIBLE
100
AcDbLine
 10
291.18019484660533
 20
180.7710888958791
 30
0.0
 11
291.8873016277919
 21
181.17933718634296
 31
0.0
  0
LINE
  5
7E3
330
17
100
AcDbEntity
  8
VISIBLE
100
AcDbLine
 10
357.7970504400093
 20
219.23234840529727
 30
0.0
 11
355.1733585439879
 21
219.03293522456826
 31
0.0
  0
LINE
  5
7E4
330
17
100
AcDbEntity
  8
VISIBLE
100
AcDbLine
 10
358.3743179537992
 20
219.56563395977832
 30
0.0
 11
356.5967645026086
 21
219.14112096703417
 31
0.0
  0
LINE
  5
7E5
330
17
100
AcDbEntity
  8
VISIBLE
100
AcDbLine
 10
359.06244584051393
 20
219.96292478040996
 30
0.0
 11
357.9232971100388
 21
219.4579216497782
 31
0.0
  0
LINE
  5
7E6
330
17
100
AcDbEntity
  8
VISIBLE
100
AcDbLine
 10
359.06244584051393
 20
219.96292478040996
 30
0.0
 11
358.15112780022326
 21
219.5589229767092
 31
0.0
  0
LINE
  5
7E7
330
17
100
AcDbEntity
  8
VISIBLE
100
AcDbLine
 10
359.06244584051393
 20
219.96292478040996
 30
0.0
 11
359.7695526217005
 21
220.37117307087382
 31
0.0
  0
LINE
  5
7E8
330
17
100
AcDbEntity
  8
VISIBLE
100
AcDbLine
 10
294.7157287525381
 20
182.81233034819843
 30
0.0
 11
291.8873016277919
 21
181.17933718634296
 31
0.0
  0
LINE
  5
7E9
330
17
100
AcDbEntity
  8
VISIBLE
100
AcDbLine
 10
294.7157287525381
 20
182.81233034819843
 30
0.0
 11
294.89066818241446
 21
182.94386845850607
 31
0.0
  0
LINE
  5
7EA
330
17
100
AcDbEntity
  8
VISIBLE
100
AcDbLine
 10
350.40958016722635
 20
223.79596814932563
 30
0.0
 11
351.10933181758554
 21
224.3221178652048
 31
0.0
  0
LINE
  5
7EB
330
17
100
AcDbEntity
  8
VISIBLE
100
AcDbLine
 10
350.40958016722635
 20
223.79596814932563
 30
0.0
 11
350.29983618002495
 21
223.64279269585685
 31
0.0
  0
LINE
  5
7EC
330
17
100
AcDbEntity
  8
VISIBLE
100
AcDbLine
 10
349.8608652888412
 20
223.03009419133699
 30
0.0
 11
350.29983618002495
 21
223.64279269585685
 31
0.0
  0
LINE
  5
7ED
330
17
100
AcDbEntity
  8
VISIBLE
100
AcDbLine
 10
349.8608652888412
 20
223.03009419133699
 30
0.0
 11
349.82338965984445
 21
222.8657340905329
 31
0.0
  0
LINE
  5
7EE
330
17
100
AcDbEntity
  8
VISIBLE
100
AcDbLine
 10
349.6734820862357
 20
222.2082903779612
 30
0.0
 11
349.82338965984445
 21
222.8657340905329
 31
0.0
  0
LINE
  5
7EF
330
17
100
AcDbEntity
  8
VISIBLE
100
AcDbLine
 10
349.6734820862357
 20
222.2082903779612
 30
0.0
 11
349.7109580524072
 21
222.04392930381732
 31
0.0
  0
LINE
  5
7F0
330
17
100
AcDbEntity
  8
VISIBLE
100
AcDbLine
 10
349.8608649516664
 20
221.38648636991746
 30
0.0
 11
349.7109580524072
 21
222.04392930381732
 31
0.0
  0
LINE
  5
7F1
330
17
100
AcDbEntity
  8
VISIBLE
100
AcDbLine
 10
349.8608649516664
 20
221.38648636991746
 30
0.0
 11
349.97060742158124
 21
221.2333114031186
 31
0.0
  0
LINE
  5
7F2
330
17
100
AcDbEntity
  8
VISIBLE
100
AcDbLine
 10
350.40958033581376
 20
220.62061289859872
 30
0.0
 11
352.37686288319793
 21
219.14139505951434
 31
0.0
  0
LINE
  5
7F3
330
17
100
AcDbEntity
  8
VISIBLE
100
AcDbLine
 10
350.40958033581376
 20
220.62061289859872
 30
0.0
 11
349.97060742158124
 21
221.2333114031186
 31
0.0
  0
LINE
  5
7F4
330
17
100
AcDbEntity
  8
VISIBLE
100
AcDbLine
 10
350.40958033581376
 20
220.62061289859872
 30
0.0
 11
350.5845190913405
 21
220.4890755669629
 31
0.0
  0
LINE
  5
7F5
330
17
100
AcDbEntity
  8
VISIBLE
100
AcDbLine
 10
351.2842712474619
 20
219.96292478040996
 30
0.0
 11
352.78296336293437
 21
219.29853001051404
 31
0.0
  0
LINE
  5
7F6
330
17
100
AcDbEntity
  8
VISIBLE
100
AcDbLine
 10
351.2842712474619
 20
219.96292478040996
 30
0.0
 11
350.5845190913405
 21
220.4890755669629
 31
0.0
  0
LINE
  5
7F7
330
17
100
AcDbEntity
  8
VISIBLE
100
AcDbLine
 10
351.2842712474619
 20
219.96292478040996
 30
0.0
 11
351.51210054680035
 21
219.8619238671484
 31
0.0
  0
LINE
  5
7F8
330
17
100
AcDbEntity
  8
VISIBLE
100
AcDbLine
 10
352.4234204836992
 20
219.45792174711218
 30
0.0
 11
352.90046262314286
 21
219.34399475999328
 31
0.0
  0
LINE
  5
7F9
330
17
100
AcDbEntity
  8
VISIBLE
100
AcDbLine
 10
352.4234204836992
 20
219.45792174711218
 30
0.0
 11
351.51210054680035
 21
219.8619238671484
 31
0.0
  0
LINE
  5
7FA
330
17
100
AcDbEntity
  8
VISIBLE
100
AcDbLine
 10
352.4234204836992
 20
219.45792174711218
 30
0.0
 11
352.68872739293624
 21
219.3945618538983
 31
0.0
  0
LINE
  5
7FB
330
17
100
AcDbEntity
  8
VISIBLE
100
AcDbLine
 10
353.7499522481924
 20
219.1411207723662
 30
0.0
 11
352.68872739293624
 21
219.3945618538983
 31
0.0
  0
LINE
  5
7FC
330
17
100
AcDbEntity
  8
VISIBLE
100
AcDbLine
 10
353.7499522481924
 20
219.1411207723662
 30
0.0
 11
354.03463397939623
 21
219.11948401320896
 31
0.0
  0
LINE
  5
7FD
330
17
100
AcDbEntity
  8
VISIBLE
100
AcDbLine
 10
355.1733585439879
 20
219.03293522456826
 30
0.0
 11
354.03463397939623
 21
219.11948401320896
 31
0.0
  0
LINE
  5
7FE
330
17
100
AcDbEntity
  8
VISIBLE
100
AcDbLine
 10
355.1733585439879
 20
219.03293522456826
 30
0.0
 11
355.45803858931777
 21
219.0545717890576
 31
0.0
  0
LINE
  5
7FF
330
17
100
AcDbEntity
  8
VISIBLE
100
AcDbLine
 10
356.5967645026086
 20
219.14112096703417
 30
0.0
 11
355.45803858931777
 21
219.0545717890576
 31
0.0
  0
LINE
  5
800
330
17
100
AcDbEntity
  8
VISIBLE
100
AcDbLine
 10
356.5967645026086
 20
219.14112096703417
 30
0.0
 11
356.86207217048894
 21
219.20448168758685
 31
0.0
  0
LINE
  5
801
330
17
100
AcDbEntity
  8
VISIBLE
100
AcDbLine
 10
357.9232971100388
 20
219.4579216497782
 30
0.0
 11
356.86207217048894
 21
219.20448168758685
 31
0.0
  0
LINE
  5
802
330
17
100
AcDbEntity
  8
VISIBLE
100
AcDbLine
 10
357.9232971100388
 20
219.4579216497782
 30
0.0
 11
358.15112780022326
 21
219.5589229767092
 31
0.0
  0
LINE
  5
803
330
17
100
AcDbEntity
  8
VISIBLE
100
AcDbLine
 10
362.59797974644664
 20
222.0041662327293
 30
0.0
 11
359.7695526217005
 21
220.37117307087382
 31
0.0
  0
LINE
  5
804
330
17
100
AcDbEntity
  8
VISIBLE
100
AcDbLine
 10
362.59797974644664
 20
222.0041662327293
 30
0.0
 11
362.772919176323
 21
222.1357043430369
 31
0.0
  0
LINE
  5
805
330
17
100
AcDbEntity
  8
VISIBLE
100
AcDbLine
 10
364.23882433110816
 20
223.73121925158824
 30
0.0
 11
363.47267082668225
 21
222.6618540589161
 31
0.0
  0
LINE
  5
806
330
17
100
AcDbEntity
  8
VISIBLE
100
AcDbLine
 10
363.47267082668225
 20
222.6618540589161
 30
0.0
 11
362.772919176323
 21
222.1357043430369
 31
0.0
  0
LINE
  5
807
330
17
100
AcDbEntity
  8
VISIBLE
100
AcDbLine
 10
363.47267082668225
 20
222.6618540589161
 30
0.0
 11
363.58241481388364
 21
222.81502951238488
 31
0.0
  0
LINE
  5
808
330
17
100
AcDbEntity
  8
VISIBLE
100
AcDbLine
 10
364.0762430315648
 20
223.66831093936221
 30
0.0
 11
364.02138570506736
 21
223.42772801690472
 31
0.0
  0
LINE
  5
809
330
17
100
AcDbEntity
  8
VISIBLE
100
AcDbLine
 10
364.02138570506736
 20
223.42772801690472
 30
0.0
 11
363.58241481388364
 21
222.81502951238488
 31
0.0
  0
LINE
  5
80A
330
17
100
AcDbEntity
  8
VISIBLE
100
AcDbLine
 10
364.02138570506736
 20
223.42772801690472
 30
0.0
 11
364.0588613340641
 21
223.59208811770884
 31
0.0
  0
LINE
  5
80B
330
17
100
AcDbEntity
  8
VISIBLE
100
AcDbLine
 10
364.2087689076729
 20
224.24953183028052
 30
0.0
 11
364.0588613340641
 21
223.59208811770884
 31
0.0
  0
LINE
  5
80C
330
17
100
AcDbEntity
  8
VISIBLE
100
AcDbLine
 10
364.2087689076729
 20
224.24953183028052
 30
0.0
 11
364.17129294150135
 21
224.41389290442442
 31
0.0
  0
LINE
  5
80D
330
17
100
AcDbEntity
  8
VISIBLE
100
AcDbLine
 10
364.02138604224217
 20
225.07133583832427
 30
0.0
 11
364.17129294150135
 21
224.41389290442442
 31
0.0
  0
LINE
  5
80E
330
17
100
AcDbEntity
  8
VISIBLE
100
AcDbLine
 10
364.02138604224217
 20
225.07133583832427
 30
0.0
 11
363.9116435723273
 21
225.22451080512315
 31
0.0
  0
LINE
  5
80F
330
17
100
AcDbEntity
  8
VISIBLE
100
AcDbLine
 10
363.47267065809484
 20
225.83720930964301
 30
0.0
 11
363.9116435723273
 21
225.22451080512315
 31
0.0
  0
LINE
  5
810
330
17
100
AcDbEntity
  8
VISIBLE
100
AcDbLine
 10
363.47267065809484
 20
225.83720930964301
 30
0.0
 11
363.29773190256805
 21
225.96874664127884
 31
0.0
  0
LINE
  5
811
330
17
100
AcDbEntity
  8
VISIBLE
100
AcDbLine
 10
362.59797974644664
 20
226.49489742783177
 30
0.0
 11
363.29773190256805
 21
225.96874664127884
 31
0.0
  0
LINE
  5
812
330
17
100
AcDbEntity
  8
VISIBLE
100
AcDbLine
 10
362.59797974644664
 20
226.49489742783177
 30
0.0
 11
362.37015044710824
 21
226.59589834109335
 31
0.0
  0
LINE
  5
813
330
17
100
AcDbEntity
  8
VISIBLE
100
AcDbLine
 10
361.4588305102094
 20
226.99990046112956
 30
0.0
 11
362.37015044710824
 21
226.59589834109335
 31
0.0
  0
LINE
  5
814
330
17
100
AcDbEntity
  8
VISIBLE
100
AcDbLine
 10
361.4588305102094
 20
226.99990046112956
 30
0.0
 11
361.1935236009723
 21
227.0632603543434
 31
0.0
  0
LINE
  5
815
330
17
100
AcDbEntity
  8
VISIBLE
100
AcDbLine
 10
360.1322987457162
 20
227.3167014358755
 30
0.0
 11
361.1935236009723
 21
227.0632603543434
 31
0.0
  0
LINE
  5
816
330
17
100
AcDbEntity
  8
VISIBLE
100
AcDbLine
 10
360.1322987457162
 20
227.3167014358755
 30
0.0
 11
359.84761701451237
 21
227.33833819503278
 31
0.0
  0
LINE
  5
817
330
17
100
AcDbEntity
  8
VISIBLE
100
AcDbLine
 10
358.70889244992065
 20
227.42488698367345
 30
0.0
 11
359.84761701451237
 21
227.33833819503278
 31
0.0
  0
LINE
  5
818
330
17
100
AcDbEntity
  8
VISIBLE
100
AcDbLine
 10
358.70889244992065
 20
227.42488698367345
 30
0.0
 11
358.4242124045908
 21
227.40325041918413
 31
0.0
  0
LINE
  5
819
330
17
100
AcDbEntity
  8
VISIBLE
100
AcDbLine
 10
357.28548649129993
 20
227.31670124120757
 30
0.0
 11
358.4242124045908
 21
227.40325041918413
 31
0.0
  0
LINE
  5
81A
330
17
100
AcDbEntity
  8
VISIBLE
100
AcDbLine
 10
357.28548649129993
 20
227.31670124120757
 30
0.0
 11
357.0201788234196
 21
227.2533405206549
 31
0.0
  0
LINE
  5
81B
330
17
100
AcDbEntity
  8
VISIBLE
100
AcDbLine
 10
355.95895388386975
 20
226.99990055846354
 30
0.0
 11
357.0201788234196
 21
227.2533405206549
 31
0.0
  0
LINE
  5
81C
330
17
100
AcDbEntity
  8
VISIBLE
100
AcDbLine
 10
355.95895388386975
 20
226.99990055846354
 30
0.0
 11
355.73112319368533
 21
226.89889923153254
 31
0.0
  0
LINE
  5
81D
330
17
100
AcDbEntity
  8
VISIBLE
100
AcDbLine
 10
354.81980515339467
 20
226.49489742783177
 30
0.0
 11
351.2842712474619
 21
224.45365597551245
 31
0.0
  0
LINE
  5
81E
330
17
100
AcDbEntity
  8
VISIBLE
100
AcDbLine
 10
354.81980515339467
 20
226.49489742783177
 30
0.0
 11
355.73112319368533
 21
226.89889923153254
 31
0.0
  0
LINE
  5
81F
330
17
100
AcDbEntity
  8
VISIBLE
100
AcDbLine
 10
354.81980515339467
 20
226.49489742783177
 30
0.0
 11
354.1126983722081
 21
226.0866491373679
 31
0.0
  0
LINE
  5
820
330
17
100
AcDbEntity
  8
VISIBLE
100
AcDbLine
 10
351.2842712474619
 20
224.45365597551245
 30
0.0
 11
351.10933181758554
 21
224.3221178652048
 31
0.0
  0
LINE
  5
821
330
17
100
AcDbEntity
  8
VISIBLE
100
AcDbLine
 10
351.2842712474619
 20
224.45365597551245
 30
0.0
 11
354.1126983722081
 21
226.0866491373679
 31
0.0
  0
LINE
  5
822
330
17
100
AcDbEntity
  8
VISIBLE
100
AcDbLine
 10
295.59041983277365
 20
183.47001817438525
 30
0.0
 11
294.89066818241446
 21
182.94386845850607
 31
0.0
  0
LINE
  5
823
330
17
100
AcDbEntity
  8
VISIBLE
100
AcDbLine
 10
295.59041983277365
 20
183.47001817438525
 30
0.0
 11
295.70016381997505
 21
183.62319362785402
 31
0.0
  0
LINE
  5
824
330
17
100
AcDbEntity
  8
VISIBLE
100
AcDbLine
 10
296.1391347111588
 20
184.2358921323739
 30
0.0
 11
295.70016381997505
 21
183.62319362785402
 31
0.0
  0
LINE
  5
825
330
17
100
AcDbEntity
  8
VISIBLE
100
AcDbLine
 10
296.1391347111588
 20
184.2358921323739
 30
0.0
 11
296.17661034015555
 21
184.40025223317798
 31
0.0
  0
LINE
  5
826
330
17
100
AcDbEntity
  8
VISIBLE
100
AcDbLine
 10
296.3265179137643
 20
185.05769594574969
 30
0.0
 11
296.17661034015555
 21
184.40025223317798
 31
0.0
  0
LINE
  5
827
330
17
100
AcDbEntity
  8
VISIBLE
100
AcDbLine
 10
296.3265179137643
 20
185.05769594574969
 30
0.0
 11
296.2890419475928
 21
185.22205701989355
 31
0.0
  0
LINE
  5
828
330
17
100
AcDbEntity
  8
VISIBLE
100
AcDbLine
 10
296.1391350483336
 20
185.8794999537934
 30
0.0
 11
296.2890419475928
 21
185.22205701989355
 31
0.0
  0
LINE
  5
829
330
17
100
AcDbEntity
  8
VISIBLE
100
AcDbLine
 10
296.1391350483336
 20
185.8794999537934
 30
0.0
 11
296.02939257841876
 21
186.03267492059229
 31
0.0
  0
LINE
  5
82A
330
17
100
AcDbEntity
  8
VISIBLE
100
AcDbLine
 10
295.59041966418624
 20
186.64537342511215
 30
0.0
 11
296.02939257841876
 21
186.03267492059229
 31
0.0
  0
LINE
  5
82B
330
17
100
AcDbEntity
  8
VISIBLE
100
AcDbLine
 10
295.59041966418624
 20
186.64537342511215
 30
0.0
 11
295.4154809086595
 21
186.77691075674798
 31
0.0
  0
LINE
  5
82C
330
17
100
AcDbEntity
  8
VISIBLE
100
AcDbLine
 10
294.7157287525381
 20
187.3030615433009
 30
0.0
 11
295.4154809086595
 21
186.77691075674798
 31
0.0
  0
LINE
  5
82D
330
17
100
AcDbEntity
  8
VISIBLE
100
AcDbLine
 10
294.7157287525381
 20
187.3030615433009
 30
0.0
 11
294.48789945319965
 21
187.40406245656249
 31
0.0
  0
LINE
  5
82E
330
17
100
AcDbEntity
  8
VISIBLE
100
AcDbLine
 10
293.5765795163008
 20
187.8080645765987
 30
0.0
 11
294.48789945319965
 21
187.40406245656249
 31
0.0
  0
LINE
  5
82F
330
17
100
AcDbEntity
  8
VISIBLE
100
AcDbLine
 10
293.5765795163008
 20
187.8080645765987
 30
0.0
 11
293.31127260706376
 21
187.87142446981258
 31
0.0
  0
LINE
  5
830
330
17
100
AcDbEntity
  8
VISIBLE
100
AcDbLine
 10
292.2500477518076
 20
188.12486555134467
 30
0.0
 11
293.31127260706376
 21
187.87142446981258
 31
0.0
  0
LINE
  5
831
330
17
100
AcDbEntity
  8
VISIBLE
100
AcDbLine
 10
292.2500477518076
 20
188.12486555134467
 30
0.0
 11
291.96536602060377
 21
188.14650231050192
 31
0.0
  0
LINE
  5
832
330
17
100
AcDbEntity
  8
VISIBLE
100
AcDbLine
 10
290.8266414560121
 20
188.2330510991426
 30
0.0
 11
291.96536602060377
 21
188.14650231050192
 31
0.0
  0
LINE
  5
833
330
17
100
AcDbEntity
  8
VISIBLE
100
AcDbLine
 10
290.8266414560121
 20
188.2330510991426
 30
0.0
 11
290.54196141068223
 21
188.21141453465327
 31
0.0
  0
LINE
  5
834
330
17
100
AcDbEntity
  8
VISIBLE
100
AcDbLine
 10
289.4032354973914
 20
188.1248653566767
 30
0.0
 11
290.54196141068223
 21
188.21141453465327
 31
0.0
  0
LINE
  5
835
330
17
100
AcDbEntity
  8
VISIBLE
100
AcDbLine
 10
289.4032354973914
 20
188.1248653566767
 30
0.0
 11
289.13792782951106
 21
188.06150463612403
 31
0.0
  0
LINE
  5
836
330
17
100
AcDbEntity
  8
VISIBLE
100
AcDbLine
 10
288.0767028899612
 20
187.80806467393268
 30
0.0
 11
289.13792782951106
 21
188.06150463612403
 31
0.0
  0
LINE
  5
837
330
17
100
AcDbEntity
  8
VISIBLE
100
AcDbLine
 10
288.0767028899612
 20
187.80806467393268
 30
0.0
 11
287.84887219977674
 21
187.70706334700168
 31
0.0
  0
LINE
  5
838
330
17
100
AcDbEntity
  8
VISIBLE
100
AcDbLine
 10
286.93755415948607
 20
187.3030615433009
 30
0.0
 11
283.40202025355336
 21
185.2618200909816
 31
0.0
  0
LINE
  5
839
330
17
100
AcDbEntity
  8
VISIBLE
100
AcDbLine
 10
286.93755415948607
 20
187.3030615433009
 30
0.0
 11
287.84887219977674
 21
187.70706334700168
 31
0.0
  0
LINE
  5
83A
330
17
100
AcDbEntity
  8
VISIBLE
100
AcDbLine
 10
286.93755415948607
 20
187.3030615433009
 30
0.0
 11
286.2304473782995
 21
186.89481325283705
 31
0.0
  0
LINE
  5
83B
330
17
100
AcDbEntity
  8
VISIBLE
100
AcDbLine
 10
283.40202025355336
 20
185.2618200909816
 30
0.0
 11
283.227080823677
 21
185.13028198067397
 31
0.0
  0
LINE
  5
83C
330
17
100
AcDbEntity
  8
VISIBLE
100
AcDbLine
 10
283.40202025355336
 20
185.2618200909816
 30
0.0
 11
286.2304473782995
 21
186.89481325283705
 31
0.0
  0
LINE
  5
83D
330
17
100
AcDbEntity
  8
VISIBLE
100
AcDbLine
 10
272.6384420283062
 20
178.23096579649234
 30
0.0
 11
272.6384408587213
 21
178.23096803560657
 31
0.0
  0
LINE
  5
83E
330
17
100
AcDbEntity
  8
VISIBLE
100
AcDbLine
 10
272.6384408587213
 20
178.23096803560657
 30
0.0
 11
272.6384399174136
 21
178.23097037985517
 31
0.0
  0
LINE
  5
83F
330
17
100
AcDbEntity
  8
VISIBLE
100
AcDbLine
 10
272.6384399174136
 20
178.23097037985517
 30
0.0
 11
272.2042785369638
 21
179.490003314868
 31
0.0
  0
LINE
  5
840
330
17
100
AcDbEntity
  8
VISIBLE
100
AcDbLine
 10
272.2042785369638
 20
179.490003314868
 30
0.0
 11
272.2042777770477
 21
179.49000598411277
 31
0.0
  0
LINE
  5
841
330
17
100
AcDbEntity
  8
VISIBLE
100
AcDbLine
 10
272.2042777770477
 20
179.49000598411277
 30
0.0
 11
272.2042773131766
 21
179.49000872038107
 31
0.0
  0
LINE
  5
842
330
17
100
AcDbEntity
  8
VISIBLE
100
AcDbLine
 10
272.2042773131766
 20
179.49000872038107
 30
0.0
 11
272.0586137251137
 21
180.77108602984194
 31
0.0
  0
LINE
  5
843
330
17
100
AcDbEntity
  8
VISIBLE
100
AcDbLine
 10
272.0586137251137
 20
180.77108602984194
 30
0.0
 11
272.0586133992339
 21
180.7710917803837
 31
0.0
  0
LINE
  5
844
330
17
100
AcDbEntity
  8
VISIBLE
100
AcDbLine
 10
272.0586133992339
 20
180.7710917803837
 30
0.0
 11
272.0586133992339
 21
184.03707233508717
 31
0.0
  0
LINE
  5
845
330
17
100
AcDbEntity
  8
VISIBLE
100
AcDbLine
 10
272.0586133992339
 20
184.03707233508717
 30
0.0
 11
272.0586137251133
 21
184.03707808562544
 31
0.0
  0
LINE
  5
846
330
17
100
AcDbEntity
  8
VISIBLE
100
AcDbLine
 10
272.0586137251133
 20
184.03707808562544
 30
0.0
 11
272.2042773131764
 21
185.31815617375662
 31
0.0
  0
LINE
  5
847
330
17
100
AcDbEntity
  8
VISIBLE
100
AcDbLine
 10
272.2042773131764
 20
185.31815617375662
 30
0.0
 11
272.20427777704805
 21
185.31815891002807
 31
0.0
  0
LINE
  5
848
330
17
100
AcDbEntity
  8
VISIBLE
100
AcDbLine
 10
272.20427777704805
 20
185.31815891002807
 30
0.0
 11
272.2042785369654
 21
185.31816157927585
 31
0.0
  0
LINE
  5
849
330
17
100
AcDbEntity
  8
VISIBLE
100
AcDbLine
 10
272.2042785369654
 20
185.31816157927585
 30
0.0
 11
272.6384399174122
 21
186.57719373561136
 31
0.0
  0
LINE
  5
84A
330
17
100
AcDbEntity
  8
VISIBLE
100
AcDbLine
 10
272.6384399174122
 20
186.57719373561136
 30
0.0
 11
272.63844085872154
 21
186.5771960798624
 31
0.0
  0
LINE
  5
84B
330
17
100
AcDbEntity
  8
VISIBLE
100
AcDbLine
 10
272.63844085872154
 20
186.5771960798624
 30
0.0
 11
272.63844202830865
 21
186.5771983189788
 31
0.0
  0
LINE
  5
84C
330
17
100
AcDbEntity
  8
VISIBLE
100
AcDbLine
 10
272.63844202830865
 20
186.5771983189788
 30
0.0
 11
273.35261694686704
 21
187.79295748416342
 31
0.0
  0
LINE
  5
84D
330
17
100
AcDbEntity
  8
VISIBLE
100
AcDbLine
 10
273.35261694686704
 20
187.79295748416342
 30
0.0
 11
273.3526181606379
 21
187.79295935690746
 31
0.0
  0
LINE
  5
84E
330
17
100
AcDbEntity
  8
VISIBLE
100
AcDbLine
 10
273.3526181606379
 20
187.79295935690746
 30
0.0
 11
273.3526195340511
 21
187.79296111592595
 31
0.0
  0
LINE
  5
84F
330
17
100
AcDbEntity
  8
VISIBLE
100
AcDbLine
 10
273.3526195340511
 20
187.79296111592595
 30
0.0
 11
274.33620221621436
 21
188.94462563811845
 31
0.0
  0
LINE
  5
850
330
17
100
AcDbEntity
  8
VISIBLE
100
AcDbLine
 10
274.33620221621436
 20
188.94462563811845
 30
0.0
 11
274.33620351917506
 21
188.94462705181283
 31
0.0
  0
LINE
  5
851
330
17
100
AcDbEntity
  8
VISIBLE
100
AcDbLine
 10
274.33620351917506
 20
188.94462705181283
 30
0.0
 11
274.3362049252329
 21
188.94462836301065
 31
0.0
  0
LINE
  5
852
330
17
100
AcDbEntity
  8
VISIBLE
100
AcDbLine
 10
274.3362049252329
 20
188.94462836301065
 30
0.0
 11
275.5715163120724
 21
190.01219411263628
 31
0.0
  0
LINE
  5
853
330
17
100
AcDbEntity
  8
VISIBLE
100
AcDbLine
 10
275.5715163120724
 20
190.01219411263628
 30
0.0
 11
275.571521611617
 21
190.01219811933612
 31
0.0
  0
LINE
  5
854
330
17
100
AcDbEntity
  8
VISIBLE
100
AcDbLine
 10
275.571521611617
 20
190.01219811933612
 30
0.0
 11
277.0380579794704
 21
190.97729533921725
 31
0.0
  0
LINE
  5
855
330
17
100
AcDbEntity
  8
VISIBLE
100
AcDbLine
 10
277.0380579794704
 20
190.97729533921725
 30
0.0
 11
277.03806051194397
 21
190.97729690172034
 31
0.0
  0
LINE
  5
856
330
17
100
AcDbEntity
  8
VISIBLE
100
AcDbLine
 10
277.03806051194397
 20
190.97729690172034
 30
0.0
 11
337.19324053201177
 21
225.70790627945686
 31
0.0
  0
LINE
  5
857
330
17
100
AcDbEntity
  8
VISIBLE
100
AcDbLine
 10
337.19324053201177
 20
225.70790627945686
 30
0.0
 11
344.92030900912454
 21
230.1691313447646
 31
0.0
  0
LINE
  5
858
330
17
100
AcDbEntity
  8
VISIBLE
100
AcDbLine
 10
344.92030900912454
 20
230.1691313447646
 30
0.0
 11
344.92031146078375
 21
230.1691326721235
 31
0.0
  0
LINE
  5
859
330
17
100
AcDbEntity
  8
VISIBLE
100
AcDbLine
 10
344.92031146078375
 20
230.1691326721235
 30
0.0
 11
346.59190993358186
 21
231.01583837261535
 31
0.0
  0
LINE
  5
85A
330
17
100
AcDbEntity
  8
VISIBLE
100
AcDbLine
 10
346.59190993358186
 20
231.01583837261535
 30
0.0
 11
346.5919146169914
 21
231.01584045562205
 31
0.0
  0
LINE
  5
85B
330
17
100
AcDbEntity
  8
VISIBLE
100
AcDbLine
 10
346.5919146169914
 20
231.01584045562205
 30
0.0
 11
348.44099413607023
 21
231.72904835745874
 31
0.0
  0
LINE
  5
85C
330
17
100
AcDbEntity
  8
VISIBLE
100
AcDbLine
 10
348.44099413607023
 20
231.72904835745874
 30
0.0
 11
348.44099851798666
 21
231.72904982290194
 31
0.0
  0
LINE
  5
85D
330
17
100
AcDbEntity
  8
VISIBLE
100
AcDbLine
 10
348.44099851798666
 20
231.72904982290194
 30
0.0
 11
350.4357411872378
 21
232.29692189184794
 31
0.0
  0
LINE
  5
85E
330
17
100
AcDbEntity
  8
VISIBLE
100
AcDbLine
 10
350.4357411872378
 20
232.29692189184794
 30
0.0
 11
350.4357453444643
 21
232.29692288874946
 31
0.0
  0
LINE
  5
85F
330
17
100
AcDbEntity
  8
VISIBLE
100
AcDbLine
 10
350.4357453444643
 20
232.29692288874946
 30
0.0
 11
352.54150504514536
 21
232.70925256878363
 31
0.0
  0
LINE
  5
860
330
17
100
AcDbEntity
  8
VISIBLE
100
AcDbLine
 10
352.54150504514536
 20
232.70925256878363
 30
0.0
 11
352.54150901536053
 21
232.709253184685
 31
0.0
  0
LINE
  5
861
330
17
100
AcDbEntity
  8
VISIBLE
100
AcDbLine
 10
352.54150901536053
 20
232.709253184685
 30
0.0
 11
354.72222146044845
 21
232.959916924223
 31
0.0
  0
LINE
  5
862
330
17
100
AcDbEntity
  8
VISIBLE
100
AcDbLine
 10
354.72222146044845
 20
232.959916924223
 30
0.0
 11
354.7222253468588
 21
232.95991722079873
 31
0.0
  0
LINE
  5
863
330
17
100
AcDbEntity
  8
VISIBLE
100
AcDbLine
 10
354.7222253468588
 20
232.95991722079873
 30
0.0
 11
356.94112356828646
 21
233.04401635560154
 31
0.0
  0
LINE
  5
864
330
17
100
AcDbEntity
  8
VISIBLE
100
AcDbLine
 10
356.94112356828646
 20
233.04401635560154
 30
0.0
 11
356.9411274256222
 21
233.04401635560149
 31
0.0
  0
LINE
  5
865
330
17
100
AcDbEntity
  8
VISIBLE
100
AcDbLine
 10
356.9411274256222
 20
233.04401635560149
 30
0.0
 11
359.16002429835487
 21
232.95991722079862
 31
0.0
  0
LINE
  5
866
330
17
100
AcDbEntity
  8
VISIBLE
100
AcDbLine
 10
359.16002429835487
 20
232.95991722079862
 30
0.0
 11
359.1600281847568
 21
232.95991692422376
 31
0.0
  0
LINE
  5
867
330
17
100
AcDbEntity
  8
VISIBLE
100
AcDbLine
 10
359.1600281847568
 20
232.95991692422376
 30
0.0
 11
361.1111724521984
 21
232.7356413643704
 31
0.0
  0
LINE
  5
868
330
17
100
AcDbEntity
  8
VISIBLE
100
AcDbLine
 10
361.1111724521984
 20
232.7356413643704
 30
0.0
 11
361.3407419785756
 21
232.70925318468292
 31
0.0
  0
LINE
  5
869
330
17
100
AcDbEntity
  8
VISIBLE
100
AcDbLine
 10
361.3407419785756
 20
232.70925318468292
 30
0.0
 11
361.3407459487364
 21
232.70925256879
 31
0.0
  0
LINE
  5
86A
330
17
100
AcDbEntity
  8
VISIBLE
100
AcDbLine
 10
361.3407459487364
 20
232.70925256879
 30
0.0
 11
362.0730791861693
 21
232.56585450499406
 31
0.0
  0
LINE
  5
86B
330
17
100
AcDbEntity
  8
VISIBLE
100
AcDbLine
 10
362.0730791861693
 20
232.56585450499406
 30
0.0
 11
362.3237214366418
 21
232.5167763776073
 31
0.0
  0
LINE
  5
86C
330
17
100
AcDbEntity
  8
VISIBLE
100
AcDbLine
 10
362.3237214366418
 20
232.5167763776073
 30
0.0
 11
363.44650666095157
 21
232.29692308342123
 31
0.0
  0
LINE
  5
86D
330
17
100
AcDbEntity
  8
VISIBLE
100
AcDbLine
 10
363.44650666095157
 20
232.29692308342123
 30
0.0
 11
363.4465108182114
 21
232.29692208650926
 31
0.0
  0
LINE
  5
86E
330
17
100
AcDbEntity
  8
VISIBLE
100
AcDbLine
 10
363.4465108182114
 20
232.29692208650926
 30
0.0
 11
365.4412521388424
 21
231.72904846020128
 31
0.0
  0
LINE
  5
86F
330
17
100
AcDbEntity
  8
VISIBLE
100
AcDbLine
 10
365.4412521388424
 20
231.72904846020128
 30
0.0
 11
365.44125652057414
 21
231.7290469948249
 31
0.0
  0
LINE
  5
870
330
17
100
AcDbEntity
  8
VISIBLE
100
AcDbLine
 10
365.44125652057414
 20
231.7290469948249
 30
0.0
 11
365.8759753345536
 21
231.5613732122859
 31
0.0
  0
LINE
  5
871
330
17
100
AcDbEntity
  8
VISIBLE
100
AcDbLine
 10
365.8759753345536
 20
231.5613732122859
 30
0.0
 11
367.29034025435413
 21
231.01584133165198
 31
0.0
  0
LINE
  5
872
330
17
100
AcDbEntity
  8
VISIBLE
100
AcDbLine
 10
367.29034025435413
 20
231.01584133165198
 30
0.0
 11
367.29034493790346
 21
231.0158392485829
 31
0.0
  0
LINE
  5
873
330
17
100
AcDbEntity
  8
VISIBLE
100
AcDbLine
 10
367.29034493790346
 20
231.0158392485829
 30
0.0
 11
368.8807632073173
 21
230.2102502210763
 31
0.0
  0
LINE
  5
874
330
17
100
AcDbEntity
  8
VISIBLE
100
AcDbLine
 10
368.8807632073173
 20
230.2102502210763
 30
0.0
 11
368.9619382047236
 21
230.16913334498327
 31
0.0
  0
LINE
  5
875
330
17
100
AcDbEntity
  8
VISIBLE
100
AcDbLine
 10
368.9619382047236
 20
230.16913334498327
 30
0.0
 11
368.9619431859111
 21
230.16913045684
 31
0.0
  0
LINE
  5
876
330
17
100
AcDbEntity
  8
VISIBLE
100
AcDbLine
 10
368.9619431859111
 20
230.16913045684
 30
0.0
 11
370.4284799055239
 21
229.20403624263815
 31
0.0
  0
LINE
  5
877
330
17
100
AcDbEntity
  8
VISIBLE
100
AcDbLine
 10
370.4284799055239
 20
229.20403624263815
 30
0.0
 11
370.42848520533227
 21
229.20403223572384
 31
0.0
  0
LINE
  5
878
330
17
100
AcDbEntity
  8
VISIBLE
100
AcDbLine
 10
370.42848520533227
 20
229.20403223572384
 30
0.0
 11
371.240328431779
 21
228.5024236562222
 31
0.0
  0
LINE
  5
879
330
17
100
AcDbEntity
  8
VISIBLE
100
AcDbLine
 10
371.240328431779
 20
228.5024236562222
 30
0.0
 11
371.66379271457265
 21
228.1364640528431
 31
0.0
  0
LINE
  5
87A
330
17
100
AcDbEntity
  8
VISIBLE
100
AcDbLine
 10
371.66379271457265
 20
228.1364640528431
 30
0.0
 11
371.6637941206039
 21
228.13646274167775
 31
0.0
  0
LINE
  5
87B
330
17
100
AcDbEntity
  8
VISIBLE
100
AcDbLine
 10
371.6637941206039
 20
228.13646274167775
 30
0.0
 11
371.66379542354275
 21
228.13646132801998
 31
0.0
  0
LINE
  5
87C
330
17
100
AcDbEntity
  8
VISIBLE
100
AcDbLine
 10
371.66379542354275
 20
228.13646132801998
 30
0.0
 11
372.17754166462174
 21
227.53492888545367
 31
0.0
  0
LINE
  5
87D
330
17
100
AcDbEntity
  8
VISIBLE
100
AcDbLine
 10
372.17754166462174
 20
227.53492888545367
 30
0.0
 11
372.64738080314726
 21
226.98479758444114
 31
0.0
  0
LINE
  5
87E
330
17
100
AcDbEntity
  8
VISIBLE
100
AcDbLine
 10
372.64738080314726
 20
226.98479758444114
 30
0.0
 11
372.64738217653894
 21
226.9847958254438
 31
0.0
  0
LINE
  5
87F
330
17
100
AcDbEntity
  8
VISIBLE
100
AcDbLine
 10
372.64738217653894
 20
226.9847958254438
 30
0.0
 11
372.64738339029253
 21
226.98479395272415
 31
0.0
  0
LINE
  5
880
330
17
100
AcDbEntity
  8
VISIBLE
100
AcDbLine
 10
372.64738339029253
 20
226.98479395272415
 30
0.0
 11
373.1131858546616
 21
226.19184594805785
 31
0.0
  0
LINE
  5
881
330
17
100
AcDbEntity
  8
VISIBLE
100
AcDbLine
 10
373.1131858546616
 20
226.19184594805785
 30
0.0
 11
373.36155797170096
 21
225.76903420349961
 31
0.0
  0
LINE
  5
882
330
17
100
AcDbEntity
  8
VISIBLE
100
AcDbLine
 10
373.36155797170096
 20
225.76903420349961
 30
0.0
 11
373.36155914127966
 21
225.76903196439392
 31
0.0
  0
LINE
  5
883
330
17
100
AcDbEntity
  8
VISIBLE
100
AcDbLine
 10
373.36155914127966
 20
225.76903196439392
 30
0.0
 11
373.36156008258297
 21
225.7690296201548
 31
0.0
  0
LINE
  5
884
330
17
100
AcDbEntity
  8
VISIBLE
100
AcDbLine
 10
373.36156008258297
 20
225.7690296201548
 30
0.0
 11
373.79572146303565
 21
224.50999668513356
 31
0.0
  0
LINE
  5
885
330
17
100
AcDbEntity
  8
VISIBLE
100
AcDbLine
 10
373.79572146303565
 20
224.50999668513356
 30
0.0
 11
373.7957222229521
 21
224.50999401588717
 31
0.0
  0
LINE
  5
886
330
17
100
AcDbEntity
  8
VISIBLE
100
AcDbLine
 10
373.7957222229521
 20
224.50999401588717
 30
0.0
 11
373.79572268682324
 21
224.5099912796172
 31
0.0
  0
LINE
  5
887
330
17
100
AcDbEntity
  8
VISIBLE
100
AcDbLine
 10
373.79572268682324
 20
224.5099912796172
 30
0.0
 11
373.935361287303
 21
223.2819008893887
 31
0.0
  0
LINE
  5
888
330
17
100
AcDbEntity
  8
VISIBLE
100
AcDbLine
 10
373.935361287303
 20
223.2819008893887
 30
0.0
 11
373.94138627486876
 21
223.22891397023437
 31
0.0
  0
LINE
  5
889
330
17
100
AcDbEntity
  8
VISIBLE
100
AcDbLine
 10
373.94138627486876
 20
223.22891397023437
 30
0.0
 11
373.9413866007661
 21
223.22890821953843
 31
0.0
  0
LINE
  5
88A
330
17
100
AcDbEntity
  8
VISIBLE
100
AcDbLine
 10
373.9413866007661
 20
223.22890821953843
 30
0.0
 11
373.9413866007661
 21
219.9629276649128
 31
0.0
  0
LINE
  5
88B
330
17
100
AcDbEntity
  8
VISIBLE
100
AcDbLine
 10
373.9413866007661
 20
219.9629276649128
 30
0.0
 11
373.9413862748867
 21
219.96292191437453
 31
0.0
  0
LINE
  5
88C
330
17
100
AcDbEntity
  8
VISIBLE
100
AcDbLine
 10
373.9413862748867
 20
219.96292191437453
 30
0.0
 11
373.7957226868236
 21
218.68184382624335
 31
0.0
  0
LINE
  5
88D
330
17
100
AcDbEntity
  8
VISIBLE
100
AcDbLine
 10
373.7957226868236
 20
218.68184382624335
 30
0.0
 11
373.79572222295195
 21
218.68184108997193
 31
0.0
  0
LINE
  5
88E
330
17
100
AcDbEntity
  8
VISIBLE
100
AcDbLine
 10
373.79572222295195
 20
218.68184108997193
 30
0.0
 11
373.7957214630346
 21
218.68183842072406
 31
0.0
  0
LINE
  5
88F
330
17
100
AcDbEntity
  8
VISIBLE
100
AcDbLine
 10
373.7957214630346
 20
218.68183842072406
 30
0.0
 11
373.36156008258456
 21
217.42280626437918
 31
0.0
  0
LINE
  5
890
330
17
100
AcDbEntity
  8
VISIBLE
100
AcDbLine
 10
373.36156008258456
 20
217.42280626437918
 30
0.0
 11
373.3615591412794
 21
217.4228039201371
 31
0.0
  0
LINE
  5
891
330
17
100
AcDbEntity
  8
VISIBLE
100
AcDbLine
 10
373.3615591412794
 20
217.4228039201371
 30
0.0
 11
373.3615579716982
 21
217.4228016810288
 31
0.0
  0
LINE
  5
892
330
17
100
AcDbEntity
  8
VISIBLE
100
AcDbLine
 10
373.3615579716982
 20
217.4228016810288
 30
0.0
 11
373.19341086351557
 21
217.1365598240728
 31
0.0
  0
LINE
  5
893
330
17
100
AcDbEntity
  8
VISIBLE
100
AcDbLine
 10
373.19341086351557
 20
217.1365598240728
 30
0.0
 11
372.6473830531319
 21
216.2070425158337
 31
0.0
  0
LINE
  5
894
330
17
100
AcDbEntity
  8
VISIBLE
100
AcDbLine
 10
372.6473830531319
 20
216.2070425158337
 30
0.0
 11
372.64738183936225
 21
216.20704064309234
 31
0.0
  0
LINE
  5
895
330
17
100
AcDbEntity
  8
VISIBLE
100
AcDbLine
 10
372.64738183936225
 20
216.20704064309234
 30
0.0
 11
372.6473804659509
 21
216.20703888407638
 31
0.0
  0
LINE
  5
896
330
17
100
AcDbEntity
  8
VISIBLE
100
AcDbLine
 10
372.6473804659509
 20
216.20703888407638
 30
0.0
 11
371.6637977837822
 21
215.05537436187745
 31
0.0
  0
LINE
  5
897
330
17
100
AcDbEntity
  8
VISIBLE
100
AcDbLine
 10
371.6637977837822
 20
215.05537436187745
 30
0.0
 11
371.6637964808252
 21
215.05537294818686
 31
0.0
  0
LINE
  5
898
330
17
100
AcDbEntity
  8
VISIBLE
100
AcDbLine
 10
371.6637964808252
 20
215.05537294818686
 30
0.0
 11
371.66379507477166
 21
215.05537163699222
 31
0.0
  0
LINE
  5
899
330
17
100
AcDbEntity
  8
VISIBLE
100
AcDbLine
 10
371.66379507477166
 20
215.05537163699222
 30
0.0
 11
371.08757156317614
 21
214.55739435930428
 31
0.0
  0
LINE
  5
89A
330
17
100
AcDbEntity
  8
VISIBLE
100
AcDbLine
 10
371.08757156317614
 20
214.55739435930428
 30
0.0
 11
370.4284836879214
 21
213.9878058873567
 31
0.0
  0
LINE
  5
89B
330
17
100
AcDbEntity
  8
VISIBLE
100
AcDbLine
 10
370.4284836879214
 20
213.9878058873567
 30
0.0
 11
370.4284783883907
 21
213.98780188066894
 31
0.0
  0
LINE
  5
89C
330
17
100
AcDbEntity
  8
VISIBLE
100
AcDbLine
 10
370.4284783883907
 20
213.98780188066894
 30
0.0
 11
368.9619420205296
 21
213.02270466078272
 31
0.0
  0
LINE
  5
89D
330
17
100
AcDbEntity
  8
VISIBLE
100
AcDbLine
 10
368.9619420205296
 20
213.02270466078272
 30
0.0
 11
368.96193948805603
 21
213.02270309827964
 31
0.0
  0
LINE
  5
89E
330
17
100
AcDbEntity
  8
VISIBLE
100
AcDbLine
 10
368.96193948805603
 20
213.02270309827964
 30
0.0
 11
368.00566722233924
 21
212.47059904824948
 31
0.0
  0
LINE
  5
89F
330
17
100
AcDbEntity
  8
VISIBLE
100
AcDbLine
 10
368.00566722233924
 20
212.47059904824948
 30
0.0
 11
364.88366605570303
 21
210.66811083428172
 31
0.0
  0
LINE
  5
8A0
330
17
100
AcDbEntity
  8
VISIBLE
100
AcDbLine
 10
364.88366605570303
 20
210.66811083428172
 30
0.0
 11
361.7265069995634
 21
208.84532420334503
 31
0.0
  0
LINE
  5
8A1
330
17
100
AcDbEntity
  8
VISIBLE
100
AcDbLine
 10
361.7265069995634
 20
208.84532420334503
 30
0.0
 11
361.23487109235435
 21
208.56147807997462
 31
0.0
  0
LINE
  5
8A2
330
17
100
AcDbEntity
  8
VISIBLE
100
AcDbLine
 10
361.23487109235435
 20
208.56147807997462
 30
0.0
 11
358.0336608245007
 21
206.71325847009672
 31
0.0
  0
LINE
  5
8A3
330
17
100
AcDbEntity
  8
VISIBLE
100
AcDbLine
 10
358.0336608245007
 20
206.71325847009672
 30
0.0
 11
353.1100417048733
 21
203.87060564599267
 31
0.0
  0
LINE
  5
8A4
330
17
100
AcDbEntity
  8
VISIBLE
100
AcDbLine
 10
353.1100417048733
 20
203.87060564599267
 30
0.0
 11
345.19493840733037
 21
199.30081862649254
 31
0.0
  0
LINE
  5
8A5
330
17
100
AcDbEntity
  8
VISIBLE
100
AcDbLine
 10
345.19493840733037
 20
199.30081862649254
 30
0.0
 11
328.14872375165015
 21
189.4591820063714
 31
0.0
  0
LINE
  5
8A6
330
17
100
AcDbEntity
  8
VISIBLE
100
AcDbLine
 10
328.14872375165015
 20
189.4591820063714
 30
0.0
 11
318.2286476659736
 21
183.7318234079245
 31
0.0
  0
LINE
  5
8A7
330
17
100
AcDbEntity
  8
VISIBLE
100
AcDbLine
 10
318.2286476659736
 20
183.7318234079245
 30
0.0
 11
308.643823123393
 21
178.19802237813028
 31
0.0
  0
LINE
  5
8A8
330
17
100
AcDbEntity
  8
VISIBLE
100
AcDbLine
 10
308.643823123393
 20
178.19802237813028
 30
0.0
 11
303.6759032827084
 21
175.32979252079855
 31
0.0
  0
LINE
  5
8A9
330
17
100
AcDbEntity
  8
VISIBLE
100
AcDbLine
 10
303.6759032827084
 20
175.32979252079855
 30
0.0
 11
301.0796909908889
 21
173.8308686552431
 31
0.0
  0
LINE
  5
8AA
330
17
100
AcDbEntity
  8
VISIBLE
100
AcDbLine
 10
301.0796909908889
 20
173.8308686552431
 30
0.0
 11
301.07968853920204
 21
173.83086732787024
 31
0.0
  0
LINE
  5
8AB
330
17
100
AcDbEntity
  8
VISIBLE
100
AcDbLine
 10
301.07968853920204
 20
173.83086732787024
 30
0.0
 11
300.0325476230412
 21
173.30046552597662
 31
0.0
  0
LINE
  5
8AC
330
17
100
AcDbEntity
  8
VISIBLE
100
AcDbLine
 10
300.0325476230412
 20
173.30046552597662
 30
0.0
 11
299.40809006644014
 21
172.98416162739872
 31
0.0
  0
LINE
  5
8AD
330
17
100
AcDbEntity
  8
VISIBLE
100
AcDbLine
 10
299.40809006644014
 20
172.98416162739872
 30
0.0
 11
299.4080853829843
 21
172.98415954436857
 31
0.0
  0
LINE
  5
8AE
330
17
100
AcDbEntity
  8
VISIBLE
100
AcDbLine
 10
299.4080853829843
 20
172.98415954436857
 30
0.0
 11
297.5590058639246
 21
172.27095164253922
 31
0.0
  0
LINE
  5
8AF
330
17
100
AcDbEntity
  8
VISIBLE
100
AcDbLine
 10
297.5590058639246
 20
172.27095164253922
 30
0.0
 11
297.55900148201886
 21
172.27095017709908
 31
0.0
  0
LINE
  5
8B0
330
17
100
AcDbEntity
  8
VISIBLE
100
AcDbLine
 10
297.55900148201886
 20
172.27095017709908
 30
0.0
 11
296.1278700386636
 21
171.86352907997582
 31
0.0
  0
LINE
  5
8B1
330
17
100
AcDbEntity
  8
VISIBLE
100
AcDbLine
 10
296.1278700386636
 20
171.86352907997582
 30
0.0
 11
295.56425881274896
 21
171.70307810814703
 31
0.0
  0
LINE
  5
8B2
330
17
100
AcDbEntity
  8
VISIBLE
100
AcDbLine
 10
295.56425881274896
 20
171.70307810814703
 30
0.0
 11
295.5642546555496
 21
171.7030771112532
 31
0.0
  0
LINE
  5
8B3
330
17
100
AcDbEntity
  8
VISIBLE
100
AcDbLine
 10
295.5642546555496
 20
171.7030771112532
 30
0.0
 11
293.45849495485544
 21
171.2907474312165
 31
0.0
  0
LINE
  5
8B4
330
17
100
AcDbEntity
  8
VISIBLE
100
AcDbLine
 10
293.45849495485544
 20
171.2907474312165
 30
0.0
 11
293.4584909846387
 21
171.29074681531495
 31
0.0
  0
LINE
  5
8B5
330
17
100
AcDbEntity
  8
VISIBLE
100
AcDbLine
 10
293.4584909846387
 20
171.29074681531495
 30
0.0
 11
291.90437076426406
 21
171.11210727094158
 31
0.0
  0
LINE
  5
8B6
330
17
100
AcDbEntity
  8
VISIBLE
100
AcDbLine
 10
291.90437076426406
 20
171.11210727094158
 30
0.0
 11
291.27777853955354
 21
171.04008307577737
 31
0.0
  0
LINE
  5
8B7
330
17
100
AcDbEntity
  8
VISIBLE
100
AcDbLine
 10
291.27777853955354
 20
171.04008307577737
 30
0.0
 11
291.27777465313926
 21
171.04008277920119
 31
0.0
  0
LINE
  5
8B8
330
17
100
AcDbEntity
  8
VISIBLE
100
AcDbLine
 10
291.27777465313926
 20
171.04008277920119
 30
0.0
 11
289.0588764317141
 21
170.95598364439846
 31
0.0
  0
LINE
  5
8B9
330
17
100
AcDbEntity
  8
VISIBLE
100
AcDbLine
 10
289.0588764317141
 20
170.95598364439846
 30
0.0
 11
289.0588725743773
 21
170.95598364439854
 31
0.0
  0
LINE
  5
8BA
330
17
100
AcDbEntity
  8
VISIBLE
100
AcDbLine
 10
289.0588725743773
 20
170.95598364439854
 30
0.0
 11
287.652507672341
 21
171.00928677197425
 31
0.0
  0
LINE
  5
8BB
330
17
100
AcDbEntity
  8
VISIBLE
100
AcDbLine
 10
287.652507672341
 20
171.00928677197425
 30
0.0
 11
286.83997570164615
 21
171.0400827792014
 31
0.0
  0
LINE
  5
8BC
330
17
100
AcDbEntity
  8
VISIBLE
100
AcDbLine
 10
286.83997570164615
 20
171.0400827792014
 30
0.0
 11
286.83997181524217
 21
171.04008307577635
 31
0.0
  0
LINE
  5
8BD
330
17
100
AcDbEntity
  8
VISIBLE
100
AcDbLine
 10
286.83997181524217
 20
171.04008307577635
 30
0.0
 11
284.8888275478016
 21
171.26435863562958
 31
0.0
  0
LINE
  5
8BE
330
17
100
AcDbEntity
  8
VISIBLE
100
AcDbLine
 10
284.8888275478016
 20
171.26435863562958
 30
0.0
 11
284.6592580214221
 21
171.2907468153173
 31
0.0
  0
LINE
  5
8BF
330
17
100
AcDbEntity
  8
VISIBLE
100
AcDbLine
 10
284.6592580214221
 20
171.2907468153173
 30
0.0
 11
284.659254051266
 21
171.29074743120933
 31
0.0
  0
LINE
  5
8C0
330
17
100
AcDbEntity
  8
VISIBLE
100
AcDbLine
 10
284.659254051266
 20
171.29074743120933
 30
0.0
 11
283.6762785633582
 21
171.48322362239267
 31
0.0
  0
LINE
  5
8C1
330
17
100
AcDbEntity
  8
VISIBLE
100
AcDbLine
 10
283.6762785633582
 20
171.48322362239267
 30
0.0
 11
282.55349333904843
 21
171.70307691657874
 31
0.0
  0
LINE
  5
8C2
330
17
100
AcDbEntity
  8
VISIBLE
100
AcDbLine
 10
282.55349333904843
 20
171.70307691657874
 30
0.0
 11
282.5534891817886
 21
171.70307791349072
 31
0.0
  0
LINE
  5
8C3
330
17
100
AcDbEntity
  8
VISIBLE
100
AcDbLine
 10
282.5534891817886
 20
171.70307791349072
 30
0.0
 11
280.5587478611576
 21
172.2709515397987
 31
0.0
  0
LINE
  5
8C4
330
17
100
AcDbEntity
  8
VISIBLE
100
AcDbLine
 10
280.5587478611576
 20
172.2709515397987
 30
0.0
 11
280.55874347942586
 21
172.27095300517507
 31
0.0
  0
LINE
  5
8C5
330
17
100
AcDbEntity
  8
VISIBLE
100
AcDbLine
 10
280.55874347942586
 20
172.27095300517507
 30
0.0
 11
280.1240246654464
 21
172.4386267877141
 31
0.0
  0
LINE
  5
8C6
330
17
100
AcDbEntity
  8
VISIBLE
100
AcDbLine
 10
280.1240246654464
 20
172.4386267877141
 30
0.0
 11
278.70965974564587
 21
172.98415866834796
 31
0.0
  0
LINE
  5
8C7
330
17
100
AcDbEntity
  8
VISIBLE
100
AcDbLine
 10
278.70965974564587
 20
172.98415866834796
 30
0.0
 11
278.70965506209654
 21
172.98416075141708
 31
0.0
  0
LINE
  5
8C8
330
17
100
AcDbEntity
  8
VISIBLE
100
AcDbLine
 10
278.70965506209654
 20
172.98416075141708
 30
0.0
 11
277.1192367926827
 21
173.78974977892366
 31
0.0
  0
LINE
  5
8C9
330
17
100
AcDbEntity
  8
VISIBLE
100
AcDbLine
 10
277.1192367926827
 20
173.78974977892366
 30
0.0
 11
277.0380617952764
 21
173.8308666550167
 31
0.0
  0
LINE
  5
8CA
330
17
100
AcDbEntity
  8
VISIBLE
100
AcDbLine
 10
277.0380617952764
 20
173.8308666550167
 30
0.0
 11
277.0380568140889
 21
173.83086954315996
 31
0.0
  0
LINE
  5
8CB
330
17
100
AcDbEntity
  8
VISIBLE
100
AcDbLine
 10
277.0380568140889
 20
173.83086954315996
 30
0.0
 11
275.5715200944761
 21
174.79596375736182
 31
0.0
  0
LINE
  5
8CC
330
17
100
AcDbEntity
  8
VISIBLE
100
AcDbLine
 10
275.5715200944761
 20
174.79596375736182
 30
0.0
 11
275.57151479466773
 21
174.79596776427613
 31
0.0
  0
LINE
  5
8CD
330
17
100
AcDbEntity
  8
VISIBLE
100
AcDbLine
 10
275.57151479466773
 20
174.79596776427613
 30
0.0
 11
274.759671568221
 21
175.49757634377778
 31
0.0
  0
LINE
  5
8CE
330
17
100
AcDbEntity
  8
VISIBLE
100
AcDbLine
 10
274.759671568221
 20
175.49757634377778
 30
0.0
 11
274.33620728546276
 21
175.86353594712625
 31
0.0
  0
LINE
  5
8CF
330
17
100
AcDbEntity
  8
VISIBLE
100
AcDbLine
 10
274.33620728546276
 20
175.86353594712625
 30
0.0
 11
274.3362058793988
 21
175.86353725832458
 31
0.0
  0
LINE
  5
8D0
330
17
100
AcDbEntity
  8
VISIBLE
100
AcDbLine
 10
274.3362058793988
 20
175.86353725832458
 30
0.0
 11
274.3362045764321
 21
175.86353867202033
 31
0.0
  0
LINE
  5
8D1
330
17
100
AcDbEntity
  8
VISIBLE
100
AcDbLine
 10
274.3362045764321
 20
175.86353867202033
 30
0.0
 11
273.35261919689657
 21
177.01520241552137
 31
0.0
  0
LINE
  5
8D2
330
17
100
AcDbEntity
  8
VISIBLE
100
AcDbLine
 10
273.35261919689657
 20
177.01520241552137
 30
0.0
 11
273.35261782346504
 21
177.01520417455922
 31
0.0
  0
LINE
  5
8D3
330
17
100
AcDbEntity
  8
VISIBLE
100
AcDbLine
 10
273.35261782346504
 20
177.01520417455922
 30
0.0
 11
273.3526166096795
 21
177.01520604732542
 31
0.0
  0
LINE
  5
8D4
330
17
100
AcDbEntity
  8
VISIBLE
100
AcDbLine
 10
273.3526166096795
 20
177.01520604732542
 30
0.0
 11
272.6384420283062
 21
178.23096579649234
 31
0.0
  0
LINE
  5
8D5
330
17
100
AcDbEntity
  8
VISIBLE
100
AcDbLine
 10
350.94356634746794
 20
220.93149049534466
 30
0.0
 11
350.82943291075077
 21
220.84567251168124
 31
0.0
  0
LINE
  5
8D6
330
17
100
AcDbEntity
  8
VISIBLE
100
AcDbLine
 10
350.82943291075077
 20
220.84567251168124
 30
0.0
 11
350.72246778198485
 21
220.7652445630585
 31
0.0
  0
LINE
  5
8D7
330
17
100
AcDbEntity
  8
VISIBLE
100
AcDbLine
 10
350.72246778198485
 20
220.7652445630585
 30
0.0
 11
350.4699561564408
 21
220.57537887799649
 31
0.0
  0
LINE
  5
8D8
330
17
100
AcDbEntity
  8
VISIBLE
100
AcDbLine
 10
350.4699561564408
 20
220.57537887799649
 30
0.0
 11
350.4699485216124
 21
220.5753725321279
 31
0.0
  0
LINE
  5
8D9
330
17
100
AcDbEntity
  8
VISIBLE
100
AcDbLine
 10
350.4699485216124
 20
220.5753725321279
 30
0.0
 11
350.46994154065766
 21
220.5753654733091
 31
0.0
  0
LINE
  5
8DA
330
17
100
AcDbEntity
  8
VISIBLE
100
AcDbLine
 10
350.46994154065766
 20
220.5753654733091
 30
0.0
 11
350.4699352798618
 21
220.57535776856466
 31
0.0
  0
LINE
  5
8DB
330
17
100
AcDbEntity
  8
VISIBLE
100
AcDbLine
 10
350.4699352798618
 20
220.57535776856466
 30
0.0
 11
350.4699297986719
 21
220.57534949105238
 31
0.0
  0
LINE
  5
8DC
330
17
100
AcDbEntity
  8
VISIBLE
100
AcDbLine
 10
350.4699297986719
 20
220.57534949105238
 30
0.0
 11
350.46992514913285
 21
220.57534071936846
 31
0.0
  0
LINE
  5
8DD
330
17
100
AcDbEntity
  8
VISIBLE
100
AcDbLine
 10
350.46992514913285
 20
220.57534071936846
 30
0.0
 11
350.4699213753927
 21
220.5753315368014
 31
0.0
  0
LINE
  5
8DE
330
17
100
AcDbEntity
  8
VISIBLE
100
AcDbLine
 10
350.4699213753927
 20
220.5753315368014
 30
0.0
 11
350.4699185132837
 21
220.57532203054114
 31
0.0
  0
LINE
  5
8DF
330
17
100
AcDbEntity
  8
VISIBLE
100
AcDbLine
 10
350.4699185132837
 20
220.57532203054114
 30
0.0
 11
350.469916589982
 21
220.57531229085106
 31
0.0
  0
LINE
  5
8E0
330
17
100
AcDbEntity
  8
VISIBLE
100
AcDbLine
 10
350.469916589982
 20
220.57531229085106
 30
0.0
 11
350.46991562374967
 21
220.57530241021104
 31
0.0
  0
LINE
  5
8E1
330
17
100
AcDbEntity
  8
VISIBLE
100
AcDbLine
 10
350.46991562374967
 20
220.57530241021104
 30
0.0
 11
350.46991562376127
 21
220.57529248243927
 31
0.0
  0
LINE
  5
8E2
330
17
100
AcDbEntity
  8
VISIBLE
100
AcDbLine
 10
350.46991562376127
 20
220.57529248243927
 30
0.0
 11
350.4699165900166
 21
220.5752826018015
 31
0.0
  0
LINE
  5
8E3
330
17
100
AcDbEntity
  8
VISIBLE
100
AcDbLine
 10
350.4699165900166
 20
220.5752826018015
 30
0.0
 11
350.469918513341
 21
220.5752728621159
 31
0.0
  0
LINE
  5
8E4
330
17
100
AcDbEntity
  8
VISIBLE
100
AcDbLine
 10
350.469918513341
 20
220.5752728621159
 30
0.0
 11
350.46992137547215
 21
220.57526335586232
 31
0.0
  0
LINE
  5
8E5
330
17
100
AcDbEntity
  8
VISIBLE
100
AcDbLine
 10
350.46992137547215
 20
220.57526335586232
 30
0.0
 11
350.46992514923375
 21
220.57525417330407
 31
0.0
  0
LINE
  5
8E6
330
17
100
AcDbEntity
  8
VISIBLE
100
AcDbLine
 10
350.46992514923375
 20
220.57525417330407
 30
0.0
 11
350.46992979879326
 21
220.57524540163098
 31
0.0
  0
LINE
  5
8E7
330
17
100
AcDbEntity
  8
VISIBLE
100
AcDbLine
 10
350.46992979879326
 20
220.57524540163098
 30
0.0
 11
350.4699352800024
 21
220.57523712413146
 31
0.0
  0
LINE
  5
8E8
330
17
100
AcDbEntity
  8
VISIBLE
100
AcDbLine
 10
350.4699352800024
 20
220.57523712413146
 30
0.0
 11
350.4699415408163
 21
220.57522941940164
 31
0.0
  0
LINE
  5
8E9
330
17
100
AcDbEntity
  8
VISIBLE
100
AcDbLine
 10
350.4699415408163
 20
220.57522941940164
 30
0.0
 11
350.4699485217875
 21
220.57522236059913
 31
0.0
  0
LINE
  5
8EA
330
17
100
AcDbEntity
  8
VISIBLE
100
AcDbLine
 10
350.4699485217875
 20
220.57522236059913
 30
0.0
 11
350.46995615663064
 21
220.57521601474832
 31
0.0
  0
LINE
  5
8EB
330
17
100
AcDbEntity
  8
VISIBLE
100
AcDbLine
 10
350.46995615663064
 20
220.57521601474832
 30
0.0
 11
350.5845190913405
 21
220.4890755669629
 31
0.0
  0
LINE
  5
8EC
330
17
100
AcDbEntity
  8
VISIBLE
100
AcDbLine
 10
350.5845190913405
 20
220.4890755669629
 30
0.0
 11
351.28426194692213
 21
219.96293177358072
 31
0.0
  0
LINE
  5
8ED
330
17
100
AcDbEntity
  8
VISIBLE
100
AcDbLine
 10
351.28426194692213
 20
219.96293177358072
 30
0.0
 11
351.2842715828786
 21
219.96292535156132
 31
0.0
  0
LINE
  5
8EE
330
17
100
AcDbEntity
  8
VISIBLE
100
AcDbLine
 10
351.2842715828786
 20
219.96292535156132
 30
0.0
 11
351.2842818853355
 21
219.96292006446632
 31
0.0
  0
LINE
  5
8EF
330
17
100
AcDbEntity
  8
VISIBLE
100
AcDbLine
 10
351.2842818853355
 20
219.96292006446632
 30
0.0
 11
351.9506251718137
 21
219.66751916796406
 31
0.0
  0
LINE
  5
8F0
330
17
100
AcDbEntity
  8
VISIBLE
100
AcDbLine
 10
351.9506251718137
 20
219.66751916796406
 30
0.0
 11
352.42341194429287
 21
219.4579255327621
 31
0.0
  0
LINE
  5
8F1
330
17
100
AcDbEntity
  8
VISIBLE
100
AcDbLine
 10
352.42341194429287
 20
219.4579255327621
 30
0.0
 11
352.4234206204871
 21
219.4579221519313
 31
0.0
  0
LINE
  5
8F2
330
17
100
AcDbEntity
  8
VISIBLE
100
AcDbLine
 10
352.4234206204871
 20
219.4579221519313
 30
0.0
 11
352.42342956911443
 21
219.45791957735736
 31
0.0
  0
LINE
  5
8F3
330
17
100
AcDbEntity
  8
VISIBLE
100
AcDbLine
 10
352.42342956911443
 20
219.45791957735736
 30
0.0
 11
352.68872739293624
 21
219.3945618538983
 31
0.0
  0
LINE
  5
8F4
330
17
100
AcDbEntity
  8
VISIBLE
100
AcDbLine
 10
352.68872739293624
 20
219.3945618538983
 30
0.0
 11
353.749944374817
 21
219.141122652681
 31
0.0
  0
LINE
  5
8F5
330
17
100
AcDbEntity
  8
VISIBLE
100
AcDbLine
 10
353.749944374817
 20
219.141122652681
 30
0.0
 11
353.7499522978042
 21
219.14112108957775
 31
0.0
  0
LINE
  5
8F6
330
17
100
AcDbEntity
  8
VISIBLE
100
AcDbLine
 10
353.7499522978042
 20
219.14112108957775
 30
0.0
 11
353.7499603197033
 21
219.14112015890453
 31
0.0
  0
LINE
  5
8F7
330
17
100
AcDbEntity
  8
VISIBLE
100
AcDbLine
 10
353.7499603197033
 20
219.14112015890453
 30
0.0
 11
354.03463397939623
 21
219.11948401320896
 31
0.0
  0
LINE
  5
8F8
330
17
100
AcDbEntity
  8
VISIBLE
100
AcDbLine
 10
354.03463397939623
 20
219.11948401320896
 30
0.0
 11
354.59661913972576
 21
219.07677031722577
 31
0.0
  0
LINE
  5
8F9
330
17
100
AcDbEntity
  8
VISIBLE
100
AcDbLine
 10
354.59661913972576
 20
219.07677031722577
 30
0.0
 11
355.17335298645656
 21
219.03293597587717
 31
0.0
  0
LINE
  5
8FA
330
17
100
AcDbEntity
  8
VISIBLE
100
AcDbLine
 10
355.17335298645656
 20
219.03293597587717
 30
0.0
 11
355.17336070774917
 21
219.03293568287404
 31
0.0
  0
LINE
  5
8FB
330
17
100
AcDbEntity
  8
VISIBLE
100
AcDbLine
 10
355.17336070774917
 20
219.03293568287404
 30
0.0
 11
355.17336842904166
 21
219.0329359758798
 31
0.0
  0
LINE
  5
8FC
330
17
100
AcDbEntity
  8
VISIBLE
100
AcDbLine
 10
355.17336842904166
 20
219.0329359758798
 30
0.0
 11
356.4796501384541
 21
219.13221965739635
 31
0.0
  0
LINE
  5
8FD
330
17
100
AcDbEntity
  8
VISIBLE
100
AcDbLine
 10
356.4796501384541
 20
219.13221965739635
 30
0.0
 11
356.59675643117913
 21
219.14112035356294
 31
0.0
  0
LINE
  5
8FE
330
17
100
AcDbEntity
  8
VISIBLE
100
AcDbLine
 10
356.59675643117913
 20
219.14112035356294
 30
0.0
 11
356.59676445299743
 21
219.14112128423935
 31
0.0
  0
LINE
  5
8FF
330
17
100
AcDbEntity
  8
VISIBLE
100
AcDbLine
 10
356.59676445299743
 20
219.14112128423935
 30
0.0
 11
356.59677237590506
 21
219.14112284733315
 31
0.0
  0
LINE
  5
900
330
17
100
AcDbEntity
  8
VISIBLE
100
AcDbLine
 10
356.59677237590506
 20
219.14112284733315
 30
0.0
 11
356.86207217048894
 21
219.20448168758685
 31
0.0
  0
LINE
  5
901
330
17
100
AcDbEntity
  8
VISIBLE
100
AcDbLine
 10
356.86207217048894
 20
219.20448168758685
 30
0.0
 11
357.6483768637861
 21
219.39226565714247
 31
0.0
  0
LINE
  5
902
330
17
100
AcDbEntity
  8
VISIBLE
100
AcDbLine
 10
357.6483768637861
 20
219.39226565714247
 30
0.0
 11
357.92328852033154
 21
219.4579196997718
 31
0.0
  0
LINE
  5
903
330
17
100
AcDbEntity
  8
VISIBLE
100
AcDbLine
 10
357.92328852033154
 20
219.4579196997718
 30
0.0
 11
357.92329746897997
 21
219.45792227436536
 31
0.0
  0
LINE
  5
904
330
17
100
AcDbEntity
  8
VISIBLE
100
AcDbLine
 10
357.92329746897997
 20
219.45792227436536
 30
0.0
 11
357.92330614519256
 21
219.45792565521975
 31
0.0
  0
LINE
  5
905
330
17
100
AcDbEntity
  8
VISIBLE
100
AcDbLine
 10
357.92330614519256
 20
219.45792565521975
 30
0.0
 11
358.15112780022326
 21
219.5589229767092
 31
0.0
  0
LINE
  5
906
330
17
100
AcDbEntity
  8
VISIBLE
100
AcDbLine
 10
358.15112780022326
 20
219.5589229767092
 30
0.0
 11
359.06244088461926
 21
219.96292258338292
 31
0.0
  0
LINE
  5
907
330
17
100
AcDbEntity
  8
VISIBLE
100
AcDbLine
 10
359.06244088461926
 20
219.96292258338292
 30
0.0
 11
359.06245053528386
 21
219.96292749093664
 31
0.0
  0
LINE
  5
908
330
17
100
AcDbEntity
  8
VISIBLE
100
AcDbLine
 10
359.06245053528386
 20
219.96292749093664
 30
0.0
 11
359.7695526217005
 21
220.37117307087382
 31
0.0
  0
LINE
  5
909
330
17
100
AcDbEntity
  8
VISIBLE
100
AcDbLine
 10
359.7695526217005
 20
220.37117307087382
 30
0.0
 11
362.59797439638777
 21
222.00416314387132
 31
0.0
  0
LINE
  5
90A
330
17
100
AcDbEntity
  8
VISIBLE
100
AcDbLine
 10
362.59797439638777
 20
222.00416314387132
 30
0.0
 11
362.59798468409207
 21
222.00416994538764
 31
0.0
  0
LINE
  5
90B
330
17
100
AcDbEntity
  8
VISIBLE
100
AcDbLine
 10
362.59798468409207
 20
222.00416994538764
 30
0.0
 11
363.4122951304468
 21
222.61645702850592
 31
0.0
  0
LINE
  5
90C
330
17
100
AcDbEntity
  8
VISIBLE
100
AcDbLine
 10
363.4122951304468
 20
222.61645702850592
 30
0.0
 11
363.41230276526517
 21
222.61646337436517
 31
0.0
  0
LINE
  5
90D
330
17
100
AcDbEntity
  8
VISIBLE
100
AcDbLine
 10
363.41230276526517
 20
222.61646337436517
 30
0.0
 11
363.41230974621186
 21
222.61647043317276
 31
0.0
  0
LINE
  5
90E
330
17
100
AcDbEntity
  8
VISIBLE
100
AcDbLine
 10
363.41230974621186
 20
222.61647043317276
 30
0.0
 11
363.41231600700183
 21
222.6164781379044
 31
0.0
  0
LINE
  5
90F
330
17
100
AcDbEntity
  8
VISIBLE
100
AcDbLine
 10
363.41231600700183
 20
222.6164781379044
 30
0.0
 11
363.4123214881881
 21
222.61648641540268
 31
0.0
  0
LINE
  5
910
330
17
100
AcDbEntity
  8
VISIBLE
100
AcDbLine
 10
363.4123214881881
 20
222.61648641540268
 30
0.0
 11
363.4123261377262
 21
222.61649518707165
 31
0.0
  0
LINE
  5
911
330
17
100
AcDbEntity
  8
VISIBLE
100
AcDbLine
 10
363.4123261377262
 20
222.61649518707165
 30
0.0
 11
363.4123299114681
 21
222.61650436962321
 31
0.0
  0
LINE
  5
912
330
17
100
AcDbEntity
  8
VISIBLE
100
AcDbLine
 10
363.4123299114681
 20
222.61650436962321
 30
0.0
 11
363.41233277358157
 21
222.61651387586787
 31
0.0
  0
LINE
  5
913
330
17
100
AcDbEntity
  8
VISIBLE
100
AcDbLine
 10
363.41233277358157
 20
222.61651387586787
 30
0.0
 11
363.4123346968905
 21
222.61652361554258
 31
0.0
  0
LINE
  5
914
330
17
100
AcDbEntity
  8
VISIBLE
100
AcDbLine
 10
363.4123346968905
 20
222.61652361554258
 30
0.0
 11
363.4123356631329
 21
222.6165334961679
 31
0.0
  0
LINE
  5
915
330
17
100
AcDbEntity
  8
VISIBLE
100
AcDbLine
 10
363.4123356631329
 20
222.6165334961679
 30
0.0
 11
363.4123356631341
 21
222.616543423926
 31
0.0
  0
LINE
  5
916
330
17
100
AcDbEntity
  8
VISIBLE
100
AcDbLine
 10
363.4123356631341
 20
222.616543423926
 30
0.0
 11
363.41233469689416
 21
222.61655330455156
 31
0.0
  0
LINE
  5
917
330
17
100
AcDbEntity
  8
VISIBLE
100
AcDbLine
 10
363.41233469689416
 20
222.61655330455156
 30
0.0
 11
363.41233277358754
 21
222.61656304422675
 31
0.0
  0
LINE
  5
918
330
17
100
AcDbEntity
  8
VISIBLE
100
AcDbLine
 10
363.41233277358754
 20
222.61656304422675
 30
0.0
 11
363.41232991147643
 21
222.61657255047209
 31
0.0
  0
LINE
  5
919
330
17
100
AcDbEntity
  8
VISIBLE
100
AcDbLine
 10
363.41232991147643
 20
222.61657255047209
 30
0.0
 11
363.4123261377368
 21
222.6165817330246
 31
0.0
  0
LINE
  5
91A
330
17
100
AcDbEntity
  8
VISIBLE
100
AcDbLine
 10
363.4123261377368
 20
222.6165817330246
 30
0.0
 11
363.41232148820086
 21
222.6165905046947
 31
0.0
  0
LINE
  5
91B
330
17
100
AcDbEntity
  8
VISIBLE
100
AcDbLine
 10
363.41232148820086
 20
222.6165905046947
 30
0.0
 11
363.41231600701656
 21
222.61659878219433
 31
0.0
  0
LINE
  5
91C
330
17
100
AcDbEntity
  8
VISIBLE
100
AcDbLine
 10
363.41231600701656
 20
222.61659878219433
 30
0.0
 11
363.41230974622846
 21
222.61660648692748
 31
0.0
  0
LINE
  5
91D
330
17
100
AcDbEntity
  8
VISIBLE
100
AcDbLine
 10
363.41230974622846
 20
222.61660648692748
 30
0.0
 11
363.4123027652835
 21
222.61661354573678
 31
0.0
  0
LINE
  5
91E
330
17
100
AcDbEntity
  8
VISIBLE
100
AcDbLine
 10
363.4123027652835
 20
222.61661354573678
 30
0.0
 11
363.41229513046676
 21
222.6166198915979
 31
0.0
  0
LINE
  5
91F
330
17
100
AcDbEntity
  8
VISIBLE
100
AcDbLine
 10
363.41229513046676
 20
222.6166198915979
 30
0.0
 11
362.5979887062993
 21
223.228904261992
 31
0.0
  0
LINE
  5
920
330
17
100
AcDbEntity
  8
VISIBLE
100
AcDbLine
 10
362.5979887062993
 20
223.228904261992
 30
0.0
 11
362.59797907034107
 21
223.22891068400256
 31
0.0
  0
LINE
  5
921
330
17
100
AcDbEntity
  8
VISIBLE
100
AcDbLine
 10
362.59797907034107
 20
223.22891068400256
 30
0.0
 11
362.59796876788363
 21
223.22891597108892
 31
0.0
  0
LINE
  5
922
330
17
100
AcDbEntity
  8
VISIBLE
100
AcDbLine
 10
362.59796876788363
 20
223.22891597108892
 30
0.0
 11
362.005621932869
 21
223.4915125539282
 31
0.0
  0
LINE
  5
923
330
17
100
AcDbEntity
  8
VISIBLE
100
AcDbLine
 10
362.005621932869
 20
223.4915125539282
 30
0.0
 11
361.45883904957077
 21
223.73391035178005
 31
0.0
  0
LINE
  5
924
330
17
100
AcDbEntity
  8
VISIBLE
100
AcDbLine
 10
361.45883904957077
 20
223.73391035178005
 30
0.0
 11
361.4588303734223
 21
223.7339137326036
 31
0.0
  0
LINE
  5
925
330
17
100
AcDbEntity
  8
VISIBLE
100
AcDbLine
 10
361.4588303734223
 20
223.7339137326036
 30
0.0
 11
361.4588214248423
 21
223.73391630717856
 31
0.0
  0
LINE
  5
926
330
17
100
AcDbEntity
  8
VISIBLE
100
AcDbLine
 10
361.4588214248423
 20
223.73391630717856
 30
0.0
 11
360.7249495730764
 21
223.90917898135666
 31
0.0
  0
LINE
  5
927
330
17
100
AcDbEntity
  8
VISIBLE
100
AcDbLine
 10
360.7249495730764
 20
223.90917898135666
 30
0.0
 11
360.1323066189948
 21
224.05071323187804
 31
0.0
  0
LINE
  5
928
330
17
100
AcDbEntity
  8
VISIBLE
100
AcDbLine
 10
360.1323066189948
 20
224.05071323187804
 30
0.0
 11
360.13229869610547
 21
224.05071479496098
 31
0.0
  0
LINE
  5
929
330
17
100
AcDbEntity
  8
VISIBLE
100
AcDbLine
 10
360.13229869610547
 20
224.05071479496098
 30
0.0
 11
360.1322906743064
 21
224.05071572562957
 31
0.0
  0
LINE
  5
92A
330
17
100
AcDbEntity
  8
VISIBLE
100
AcDbLine
 10
360.1322906743064
 20
224.05071572562957
 30
0.0
 11
358.71386984112587
 21
224.15852235835666
 31
0.0
  0
LINE
  5
92B
330
17
100
AcDbEntity
  8
VISIBLE
100
AcDbLine
 10
358.71386984112587
 20
224.15852235835666
 30
0.0
 11
358.70890017122133
 21
224.15890007311287
 31
0.0
  0
LINE
  5
92C
330
17
100
AcDbEntity
  8
VISIBLE
100
AcDbLine
 10
358.70890017122133
 20
224.15890007311287
 30
0.0
 11
358.7088924499209
 21
224.15890036611245
 31
0.0
  0
LINE
  5
92D
330
17
100
AcDbEntity
  8
VISIBLE
100
AcDbLine
 10
358.7088924499209
 20
224.15890036611245
 30
0.0
 11
358.70888472862083
 21
224.15890007310196
 31
0.0
  0
LINE
  5
92E
330
17
100
AcDbEntity
  8
VISIBLE
100
AcDbLine
 10
358.70888472862083
 20
224.15890007310196
 30
0.0
 11
357.96872028596556
 21
224.1026435677436
 31
0.0
  0
LINE
  5
92F
330
17
100
AcDbEntity
  8
VISIBLE
100
AcDbLine
 10
357.96872028596556
 20
224.1026435677436
 30
0.0
 11
357.6241306364512
 21
224.07645330091538
 31
0.0
  0
LINE
  5
930
330
17
100
AcDbEntity
  8
VISIBLE
100
AcDbLine
 10
357.6241306364512
 20
224.07645330091538
 30
0.0
 11
357.28549286436703
 21
224.05071512536819
 31
0.0
  0
LINE
  5
931
330
17
100
AcDbEntity
  8
VISIBLE
100
AcDbLine
 10
357.28549286436703
 20
224.05071512536819
 30
0.0
 11
357.28548484257044
 21
224.05071419469715
 31
0.0
  0
LINE
  5
932
330
17
100
AcDbEntity
  8
VISIBLE
100
AcDbLine
 10
357.28548484257044
 20
224.05071419469715
 30
0.0
 11
357.2854769196837
 21
224.05071263161213
 31
0.0
  0
LINE
  5
933
330
17
100
AcDbEntity
  8
VISIBLE
100
AcDbLine
 10
357.2854769196837
 20
224.05071263161213
 30
0.0
 11
356.59568824068504
 21
223.88597793953232
 31
0.0
  0
LINE
  5
934
330
17
100
AcDbEntity
  8
VISIBLE
100
AcDbLine
 10
356.59568824068504
 20
223.88597793953232
 30
0.0
 11
355.99845018336333
 21
223.74334666691496
 31
0.0
  0
LINE
  5
935
330
17
100
AcDbEntity
  8
VISIBLE
100
AcDbLine
 10
355.99845018336333
 20
223.74334666691496
 30
0.0
 11
355.9589628711748
 21
223.73391636103102
 31
0.0
  0
LINE
  5
936
330
17
100
AcDbEntity
  8
VISIBLE
100
AcDbLine
 10
355.9589628711748
 20
223.73391636103102
 30
0.0
 11
355.95895392257535
 21
223.7339137864546
 31
0.0
  0
LINE
  5
937
330
17
100
AcDbEntity
  8
VISIBLE
100
AcDbLine
 10
355.95895392257535
 20
223.7339137864546
 30
0.0
 11
355.95894524640835
 21
223.73391040562618
 31
0.0
  0
LINE
  5
938
330
17
100
AcDbEntity
  8
VISIBLE
100
AcDbLine
 10
355.95894524640835
 20
223.73391040562618
 30
0.0
 11
354.9677927804847
 21
223.2945164724806
 31
0.0
  0
LINE
  5
939
330
17
100
AcDbEntity
  8
VISIBLE
100
AcDbLine
 10
354.9677927804847
 20
223.2945164724806
 30
0.0
 11
354.8198101092628
 21
223.22891330113936
 31
0.0
  0
LINE
  5
93A
330
17
100
AcDbEntity
  8
VISIBLE
100
AcDbLine
 10
354.8198101092628
 20
223.22891330113936
 30
0.0
 11
354.8198004586487
 21
223.22890839360804
 31
0.0
  0
LINE
  5
93B
330
17
100
AcDbEntity
  8
VISIBLE
100
AcDbLine
 10
354.8198004586487
 20
223.22890839360804
 30
0.0
 11
351.28427764080993
 21
221.18767334300276
 31
0.0
  0
LINE
  5
93C
330
17
100
AcDbEntity
  8
VISIBLE
100
AcDbLine
 10
351.28427764080993
 20
221.18767334300276
 30
0.0
 11
351.28426735310455
 21
221.18766654148564
 31
0.0
  0
LINE
  5
93D
330
17
100
AcDbEntity
  8
VISIBLE
100
AcDbLine
 10
351.28426735310455
 20
221.18766654148564
 30
0.0
 11
350.94356634746794
 21
220.93149049534466
 31
0.0
  0
LINE
  5
93E
330
17
100
AcDbEntity
  8
VISIBLE
100
AcDbLine
 10
292.25005562508625
 20
184.85887734734717
 30
0.0
 11
292.25004770219687
 21
184.85887891043012
 31
0.0
  0
LINE
  5
93F
330
17
100
AcDbEntity
  8
VISIBLE
100
AcDbLine
 10
292.25004770219687
 20
184.85887891043012
 30
0.0
 11
292.25003968039783
 21
184.85887984109874
 31
0.0
  0
LINE
  5
940
330
17
100
AcDbEntity
  8
VISIBLE
100
AcDbLine
 10
292.25003968039783
 20
184.85887984109874
 30
0.0
 11
290.83161884285033
 21
184.9666864741577
 31
0.0
  0
LINE
  5
941
330
17
100
AcDbEntity
  8
VISIBLE
100
AcDbLine
 10
290.83161884285033
 20
184.9666864741577
 30
0.0
 11
290.82664917731273
 21
184.96706418858201
 31
0.0
  0
LINE
  5
942
330
17
100
AcDbEntity
  8
VISIBLE
100
AcDbLine
 10
290.82664917731273
 20
184.96706418858201
 30
0.0
 11
290.8266414560123
 21
184.9670644815816
 31
0.0
  0
LINE
  5
943
330
17
100
AcDbEntity
  8
VISIBLE
100
AcDbLine
 10
290.8266414560123
 20
184.9670644815816
 30
0.0
 11
290.8266337347123
 21
184.9670641885711
 31
0.0
  0
LINE
  5
944
330
17
100
AcDbEntity
  8
VISIBLE
100
AcDbLine
 10
290.8266337347123
 20
184.9670641885711
 30
0.0
 11
290.08646929205696
 21
184.91080768321274
 31
0.0
  0
LINE
  5
945
330
17
100
AcDbEntity
  8
VISIBLE
100
AcDbLine
 10
290.08646929205696
 20
184.91080768321274
 30
0.0
 11
289.7418796425102
 21
184.88461741638207
 31
0.0
  0
LINE
  5
946
330
17
100
AcDbEntity
  8
VISIBLE
100
AcDbLine
 10
289.7418796425102
 20
184.88461741638207
 30
0.0
 11
289.4032418704585
 21
184.85887924083735
 31
0.0
  0
LINE
  5
947
330
17
100
AcDbEntity
  8
VISIBLE
100
AcDbLine
 10
289.4032418704585
 20
184.85887924083735
 30
0.0
 11
289.40323384866184
 21
184.8588783101663
 31
0.0
  0
LINE
  5
948
330
17
100
AcDbEntity
  8
VISIBLE
100
AcDbLine
 10
289.40323384866184
 20
184.8588783101663
 30
0.0
 11
289.4032259257751
 21
184.85887674708127
 31
0.0
  0
LINE
  5
949
330
17
100
AcDbEntity
  8
VISIBLE
100
AcDbLine
 10
289.4032259257751
 20
184.85887674708127
 30
0.0
 11
288.7134372467765
 21
184.69414205500146
 31
0.0
  0
LINE
  5
94A
330
17
100
AcDbEntity
  8
VISIBLE
100
AcDbLine
 10
288.7134372467765
 20
184.69414205500146
 30
0.0
 11
288.116199195914
 21
184.5515107839267
 31
0.0
  0
LINE
  5
94B
330
17
100
AcDbEntity
  8
VISIBLE
100
AcDbLine
 10
288.116199195914
 20
184.5515107839267
 30
0.0
 11
288.0767118772662
 21
184.54208047650016
 31
0.0
  0
LINE
  5
94C
330
17
100
AcDbEntity
  8
VISIBLE
100
AcDbLine
 10
288.0767118772662
 20
184.54208047650016
 30
0.0
 11
288.0767029286668
 21
184.54207790192373
 31
0.0
  0
LINE
  5
94D
330
17
100
AcDbEntity
  8
VISIBLE
100
AcDbLine
 10
288.0767029286668
 20
184.54207790192373
 30
0.0
 11
288.0766942524998
 21
184.54207452109532
 31
0.0
  0
LINE
  5
94E
330
17
100
AcDbEntity
  8
VISIBLE
100
AcDbLine
 10
288.0766942524998
 20
184.54207452109532
 30
0.0
 11
287.08554178680924
 21
184.10268058805312
 31
0.0
  0
LINE
  5
94F
330
17
100
AcDbEntity
  8
VISIBLE
100
AcDbLine
 10
287.08554178680924
 20
184.10268058805312
 30
0.0
 11
286.93755911535425
 21
184.03707741660853
 31
0.0
  0
LINE
  5
950
330
17
100
AcDbEntity
  8
VISIBLE
100
AcDbLine
 10
286.93755911535425
 20
184.03707741660853
 30
0.0
 11
286.93754946474013
 21
184.03707250907718
 31
0.0
  0
LINE
  5
951
330
17
100
AcDbEntity
  8
VISIBLE
100
AcDbLine
 10
286.93754946474013
 20
184.03707250907718
 30
0.0
 11
285.09907760736036
 21
182.97563028732142
 31
0.0
  0
LINE
  5
952
330
17
100
AcDbEntity
  8
VISIBLE
100
AcDbLine
 10
285.09907760736036
 20
182.97563028732142
 30
0.0
 11
283.4020256036279
 21
181.99583685613771
 31
0.0
  0
LINE
  5
953
330
17
100
AcDbEntity
  8
VISIBLE
100
AcDbLine
 10
283.4020256036279
 20
181.99583685613771
 30
0.0
 11
283.4020153158948
 21
181.99583005459968
 31
0.0
  0
LINE
  5
954
330
17
100
AcDbEntity
  8
VISIBLE
100
AcDbLine
 10
283.4020153158948
 20
181.99583005459968
 30
0.0
 11
282.94718191684217
 21
181.65383662715038
 31
0.0
  0
LINE
  5
955
330
17
100
AcDbEntity
  8
VISIBLE
100
AcDbLine
 10
282.94718191684217
 20
181.65383662715038
 30
0.0
 11
282.58770506679286
 21
181.38354306549715
 31
0.0
  0
LINE
  5
956
330
17
100
AcDbEntity
  8
VISIBLE
100
AcDbLine
 10
282.58770506679286
 20
181.38354306549715
 30
0.0
 11
282.5876974319608
 21
181.38353671963
 31
0.0
  0
LINE
  5
957
330
17
100
AcDbEntity
  8
VISIBLE
100
AcDbLine
 10
282.5876974319608
 20
181.38353671963
 30
0.0
 11
282.5876904510023
 21
181.38352966081217
 31
0.0
  0
LINE
  5
958
330
17
100
AcDbEntity
  8
VISIBLE
100
AcDbLine
 10
282.5876904510023
 20
181.38352966081217
 30
0.0
 11
282.5876841902027
 21
181.38352195606822
 31
0.0
  0
LINE
  5
959
330
17
100
AcDbEntity
  8
VISIBLE
100
AcDbLine
 10
282.5876841902027
 20
181.38352195606822
 30
0.0
 11
282.58767870900925
 21
181.38351367855591
 31
0.0
  0
LINE
  5
95A
330
17
100
AcDbEntity
  8
VISIBLE
100
AcDbLine
 10
282.58767870900925
 20
181.38351367855591
 30
0.0
 11
282.58767405946685
 21
181.38350490687156
 31
0.0
  0
LINE
  5
95B
330
17
100
AcDbEntity
  8
VISIBLE
100
AcDbLine
 10
282.58767405946685
 20
181.38350490687156
 30
0.0
 11
282.5876702857236
 21
181.3834957243037
 31
0.0
  0
LINE
  5
95C
330
17
100
AcDbEntity
  8
VISIBLE
100
AcDbLine
 10
282.5876702857236
 20
181.3834957243037
 30
0.0
 11
282.5876674236118
 21
181.38348621804224
 31
0.0
  0
LINE
  5
95D
330
17
100
AcDbEntity
  8
VISIBLE
100
AcDbLine
 10
282.5876674236118
 20
181.38348621804224
 30
0.0
 11
282.58766550030754
 21
181.38347647835067
 31
0.0
  0
LINE
  5
95E
330
17
100
AcDbEntity
  8
VISIBLE
100
AcDbLine
 10
282.58766550030754
 20
181.38347647835067
 30
0.0
 11
282.58766453407304
 21
181.38346659770892
 31
0.0
  0
LINE
  5
95F
330
17
100
AcDbEntity
  8
VISIBLE
100
AcDbLine
 10
282.58766453407304
 20
181.38346659770892
 30
0.0
 11
282.5876645340828
 21
181.38345666993519
 31
0.0
  0
LINE
  5
960
330
17
100
AcDbEntity
  8
VISIBLE
100
AcDbLine
 10
282.5876645340828
 20
181.38345666993519
 30
0.0
 11
282.58766550033675
 21
181.3834467892953
 31
0.0
  0
LINE
  5
961
330
17
100
AcDbEntity
  8
VISIBLE
100
AcDbLine
 10
282.58766550033675
 20
181.3834467892953
 30
0.0
 11
282.58766742366015
 21
181.38343704960752
 31
0.0
  0
LINE
  5
962
330
17
100
AcDbEntity
  8
VISIBLE
100
AcDbLine
 10
282.58766742366015
 20
181.38343704960752
 30
0.0
 11
282.58767028579064
 21
181.3834275433517
 31
0.0
  0
LINE
  5
963
330
17
100
AcDbEntity
  8
VISIBLE
100
AcDbLine
 10
282.58767028579064
 20
181.3834275433517
 30
0.0
 11
282.587674059552
 21
181.38341836079127
 31
0.0
  0
LINE
  5
964
330
17
100
AcDbEntity
  8
VISIBLE
100
AcDbLine
 10
282.587674059552
 20
181.38341836079127
 30
0.0
 11
282.5876787091117
 21
181.38340958911607
 31
0.0
  0
LINE
  5
965
330
17
100
AcDbEntity
  8
VISIBLE
100
AcDbLine
 10
282.5876787091117
 20
181.38340958911607
 30
0.0
 11
282.58768419032134
 21
181.38340131161453
 31
0.0
  0
LINE
  5
966
330
17
100
AcDbEntity
  8
VISIBLE
100
AcDbLine
 10
282.58768419032134
 20
181.38340131161453
 30
0.0
 11
282.5876904511361
 21
181.38339360688292
 31
0.0
  0
LINE
  5
967
330
17
100
AcDbEntity
  8
VISIBLE
100
AcDbLine
 10
282.5876904511361
 20
181.38339360688292
 30
0.0
 11
282.5876974321085
 21
181.3833865480788
 31
0.0
  0
LINE
  5
968
330
17
100
AcDbEntity
  8
VISIBLE
100
AcDbLine
 10
282.5876974321085
 20
181.3833865480788
 30
0.0
 11
282.58770506695305
 21
181.38338020222668
 31
0.0
  0
LINE
  5
969
330
17
100
AcDbEntity
  8
VISIBLE
100
AcDbLine
 10
282.58770506695305
 20
181.38338020222668
 30
0.0
 11
282.70226809743195
 21
181.29723968243204
 31
0.0
  0
LINE
  5
96A
330
17
100
AcDbEntity
  8
VISIBLE
100
AcDbLine
 10
282.70226809743195
 20
181.29723968243204
 30
0.0
 11
283.3149872527348
 21
180.83652989729103
 31
0.0
  0
LINE
  5
96B
330
17
100
AcDbEntity
  8
VISIBLE
100
AcDbLine
 10
283.3149872527348
 20
180.83652989729103
 30
0.0
 11
283.4020112766231
 21
180.77109574557423
 31
0.0
  0
LINE
  5
96C
330
17
100
AcDbEntity
  8
VISIBLE
100
AcDbLine
 10
283.4020112766231
 20
180.77109574557423
 30
0.0
 11
283.4020209125688
 21
180.771089323571
 31
0.0
  0
LINE
  5
96D
330
17
100
AcDbEntity
  8
VISIBLE
100
AcDbLine
 10
283.4020209125688
 20
180.771089323571
 30
0.0
 11
283.402031215012
 21
180.77108403648904
 31
0.0
  0
LINE
  5
96E
330
17
100
AcDbEntity
  8
VISIBLE
100
AcDbLine
 10
283.402031215012
 20
180.77108403648904
 30
0.0
 11
284.54116109194763
 21
180.26608961443245
 31
0.0
  0
LINE
  5
96F
330
17
100
AcDbEntity
  8
VISIBLE
100
AcDbLine
 10
284.54116109194763
 20
180.26608961443245
 30
0.0
 11
284.54116976816346
 21
180.26608623358962
 31
0.0
  0
LINE
  5
970
330
17
100
AcDbEntity
  8
VISIBLE
100
AcDbLine
 10
284.54116976816346
 20
180.26608623358962
 30
0.0
 11
284.5411787168141
 21
180.2660836590078
 31
0.0
  0
LINE
  5
971
330
17
100
AcDbEntity
  8
VISIBLE
100
AcDbLine
 10
284.5411787168141
 20
180.2660836590078
 30
0.0
 11
284.8064763990277
 21
180.20272596936746
 31
0.0
  0
LINE
  5
972
330
17
100
AcDbEntity
  8
VISIBLE
100
AcDbLine
 10
284.8064763990277
 20
180.20272596936746
 30
0.0
 11
285.57311545719614
 21
180.01963769068212
 31
0.0
  0
LINE
  5
973
330
17
100
AcDbEntity
  8
VISIBLE
100
AcDbLine
 10
285.57311545719614
 20
180.01963769068212
 30
0.0
 11
285.86769433342613
 21
179.94928669574628
 31
0.0
  0
LINE
  5
974
330
17
100
AcDbEntity
  8
VISIBLE
100
AcDbLine
 10
285.86769433342613
 20
179.94928669574628
 30
0.0
 11
285.867702256389
 21
179.94928513265089
 31
0.0
  0
LINE
  5
975
330
17
100
AcDbEntity
  8
VISIBLE
100
AcDbLine
 10
285.867702256389
 20
179.94928513265089
 30
0.0
 11
285.8677102782631
 21
179.94928420198158
 31
0.0
  0
LINE
  5
976
330
17
100
AcDbEntity
  8
VISIBLE
100
AcDbLine
 10
285.8677102782631
 20
179.94928420198158
 30
0.0
 11
286.15238298548763
 21
179.9276481286781
 31
0.0
  0
LINE
  5
977
330
17
100
AcDbEntity
  8
VISIBLE
100
AcDbLine
 10
286.15238298548763
 20
179.9276481286781
 30
0.0
 11
287.2910998287618
 21
179.84109992689636
 31
0.0
  0
LINE
  5
978
330
17
100
AcDbEntity
  8
VISIBLE
100
AcDbLine
 10
287.2910998287618
 20
179.84109992689636
 30
0.0
 11
287.2911075500794
 21
179.84109963388886
 31
0.0
  0
LINE
  5
979
330
17
100
AcDbEntity
  8
VISIBLE
100
AcDbLine
 10
287.2911075500794
 20
179.84109963388886
 30
0.0
 11
287.2911152713971
 21
179.8410999268941
 31
0.0
  0
LINE
  5
97A
330
17
100
AcDbEntity
  8
VISIBLE
100
AcDbLine
 10
287.2911152713971
 20
179.8410999268941
 30
0.0
 11
288.42274478048085
 21
179.92710911962067
 31
0.0
  0
LINE
  5
97B
330
17
100
AcDbEntity
  8
VISIBLE
100
AcDbLine
 10
288.42274478048085
 20
179.92710911962067
 30
0.0
 11
288.71450543727053
 21
179.94928446903208
 31
0.0
  0
LINE
  5
97C
330
17
100
AcDbEntity
  8
VISIBLE
100
AcDbLine
 10
288.71450543727053
 20
179.94928446903208
 30
0.0
 11
288.71451345908883
 21
179.9492853997085
 31
0.0
  0
LINE
  5
97D
330
17
100
AcDbEntity
  8
VISIBLE
100
AcDbLine
 10
288.71451345908883
 20
179.9492853997085
 30
0.0
 11
288.71452138199646
 21
179.9492869628023
 31
0.0
  0
LINE
  5
97E
330
17
100
AcDbEntity
  8
VISIBLE
100
AcDbLine
 10
288.71452138199646
 20
179.9492869628023
 30
0.0
 11
288.9798211765804
 21
180.012645803056
 31
0.0
  0
LINE
  5
97F
330
17
100
AcDbEntity
  8
VISIBLE
100
AcDbLine
 10
288.9798211765804
 20
180.012645803056
 30
0.0
 11
289.8375306722558
 21
180.21748254789102
 31
0.0
  0
LINE
  5
980
330
17
100
AcDbEntity
  8
VISIBLE
100
AcDbLine
 10
289.8375306722558
 20
180.21748254789102
 30
0.0
 11
290.04103737433275
 21
180.26608374781713
 31
0.0
  0
LINE
  5
981
330
17
100
AcDbEntity
  8
VISIBLE
100
AcDbLine
 10
290.04103737433275
 20
180.26608374781713
 30
0.0
 11
290.04104632298237
 21
180.26608632241087
 31
0.0
  0
LINE
  5
982
330
17
100
AcDbEntity
  8
VISIBLE
100
AcDbLine
 10
290.04104632298237
 20
180.26608632241087
 30
0.0
 11
290.041054999196
 21
180.26608970326564
 31
0.0
  0
LINE
  5
983
330
17
100
AcDbEntity
  8
VISIBLE
100
AcDbLine
 10
290.041054999196
 20
180.26608970326564
 30
0.0
 11
290.26887680631467
 21
180.36708709217834
 31
0.0
  0
LINE
  5
984
330
17
100
AcDbEntity
  8
VISIBLE
100
AcDbLine
 10
290.26887680631467
 20
180.36708709217834
 30
0.0
 11
291.1630659317883
 21
180.76349537509319
 31
0.0
  0
LINE
  5
985
330
17
100
AcDbEntity
  8
VISIBLE
100
AcDbLine
 10
291.1630659317883
 20
180.76349537509319
 30
0.0
 11
291.1801899309116
 21
180.77108672205875
 31
0.0
  0
LINE
  5
986
330
17
100
AcDbEntity
  8
VISIBLE
100
AcDbLine
 10
291.1801899309116
 20
180.77108672205875
 30
0.0
 11
291.1801995815516
 21
180.7710916296016
 31
0.0
  0
LINE
  5
987
330
17
100
AcDbEntity
  8
VISIBLE
100
AcDbLine
 10
291.1801995815516
 20
180.7710916296016
 30
0.0
 11
291.8873016277919
 21
181.17933718634296
 31
0.0
  0
LINE
  5
988
330
17
100
AcDbEntity
  8
VISIBLE
100
AcDbLine
 10
291.8873016277919
 20
181.17933718634296
 30
0.0
 11
292.92234919284545
 21
181.77692217665071
 31
0.0
  0
LINE
  5
989
330
17
100
AcDbEntity
  8
VISIBLE
100
AcDbLine
 10
292.92234919284545
 20
181.77692217665071
 30
0.0
 11
294.7157234024784
 21
182.81232725934
 31
0.0
  0
LINE
  5
98A
330
17
100
AcDbEntity
  8
VISIBLE
100
AcDbLine
 10
294.7157234024784
 20
182.81232725934
 30
0.0
 11
294.71573369018415
 21
182.8123340608574
 31
0.0
  0
LINE
  5
98B
330
17
100
AcDbEntity
  8
VISIBLE
100
AcDbLine
 10
294.71573369018415
 20
182.8123340608574
 30
0.0
 11
295.53004412157276
 21
183.42462115522994
 31
0.0
  0
LINE
  5
98C
330
17
100
AcDbEntity
  8
VISIBLE
100
AcDbLine
 10
295.53004412157276
 20
183.42462115522994
 30
0.0
 11
295.5300517563909
 21
183.42462750108928
 31
0.0
  0
LINE
  5
98D
330
17
100
AcDbEntity
  8
VISIBLE
100
AcDbLine
 10
295.5300517563909
 20
183.42462750108928
 30
0.0
 11
295.5300587373374
 21
183.4246345598969
 31
0.0
  0
LINE
  5
98E
330
17
100
AcDbEntity
  8
VISIBLE
100
AcDbLine
 10
295.5300587373374
 20
183.4246345598969
 30
0.0
 11
295.5300649981272
 21
183.42464226462857
 31
0.0
  0
LINE
  5
98F
330
17
100
AcDbEntity
  8
VISIBLE
100
AcDbLine
 10
295.5300649981272
 20
183.42464226462857
 30
0.0
 11
295.53007047931334
 21
183.42465054212684
 31
0.0
  0
LINE
  5
990
330
17
100
AcDbEntity
  8
VISIBLE
100
AcDbLine
 10
295.53007047931334
 20
183.42465054212684
 30
0.0
 11
295.53007512885125
 21
183.4246593137958
 31
0.0
  0
LINE
  5
991
330
17
100
AcDbEntity
  8
VISIBLE
100
AcDbLine
 10
295.53007512885125
 20
183.4246593137958
 30
0.0
 11
295.53007890259295
 21
183.42466849634732
 31
0.0
  0
LINE
  5
992
330
17
100
AcDbEntity
  8
VISIBLE
100
AcDbLine
 10
295.53007890259295
 20
183.42466849634732
 30
0.0
 11
295.5300817647063
 21
183.42467800259192
 31
0.0
  0
LINE
  5
993
330
17
100
AcDbEntity
  8
VISIBLE
100
AcDbLine
 10
295.5300817647063
 20
183.42467800259192
 30
0.0
 11
295.53008368801517
 21
183.42468774226657
 31
0.0
  0
LINE
  5
994
330
17
100
AcDbEntity
  8
VISIBLE
100
AcDbLine
 10
295.53008368801517
 20
183.42468774226657
 30
0.0
 11
295.53008465425745
 21
183.42469762289178
 31
0.0
  0
LINE
  5
995
330
17
100
AcDbEntity
  8
VISIBLE
100
AcDbLine
 10
295.53008465425745
 20
183.42469762289178
 30
0.0
 11
295.53008465425853
 21
183.4247075506498
 31
0.0
  0
LINE
  5
996
330
17
100
AcDbEntity
  8
VISIBLE
100
AcDbLine
 10
295.53008465425853
 20
183.4247075506498
 30
0.0
 11
295.5300836880185
 21
183.42471743127524
 31
0.0
  0
LINE
  5
997
330
17
100
AcDbEntity
  8
VISIBLE
100
AcDbLine
 10
295.5300836880185
 20
183.42471743127524
 30
0.0
 11
295.5300817647119
 21
183.42472717095032
 31
0.0
  0
LINE
  5
998
330
17
100
AcDbEntity
  8
VISIBLE
100
AcDbLine
 10
295.5300817647119
 20
183.42472717095032
 30
0.0
 11
295.5300789026007
 21
183.42473667719557
 31
0.0
  0
LINE
  5
999
330
17
100
AcDbEntity
  8
VISIBLE
100
AcDbLine
 10
295.5300789026007
 20
183.42473667719557
 30
0.0
 11
295.5300751288611
 21
183.42474585974796
 31
0.0
  0
LINE
  5
99A
330
17
100
AcDbEntity
  8
VISIBLE
100
AcDbLine
 10
295.5300751288611
 20
183.42474585974796
 30
0.0
 11
295.53007047932516
 21
183.42475463141798
 31
0.0
  0
LINE
  5
99B
330
17
100
AcDbEntity
  8
VISIBLE
100
AcDbLine
 10
295.53007047932516
 20
183.42475463141798
 30
0.0
 11
295.5300649981409
 21
183.4247629089175
 31
0.0
  0
LINE
  5
99C
330
17
100
AcDbEntity
  8
VISIBLE
100
AcDbLine
 10
295.5300649981409
 20
183.4247629089175
 30
0.0
 11
295.5300587373528
 21
183.42477061365057
 31
0.0
  0
LINE
  5
99D
330
17
100
AcDbEntity
  8
VISIBLE
100
AcDbLine
 10
295.5300587373528
 20
183.42477061365057
 30
0.0
 11
295.53005175640794
 21
183.42477767245978
 31
0.0
  0
LINE
  5
99E
330
17
100
AcDbEntity
  8
VISIBLE
100
AcDbLine
 10
295.53005175640794
 20
183.42477767245978
 30
0.0
 11
295.53004412159123
 21
183.42478401832085
 31
0.0
  0
LINE
  5
99F
330
17
100
AcDbEntity
  8
VISIBLE
100
AcDbLine
 10
295.53004412159123
 20
183.42478401832085
 30
0.0
 11
294.7157377123907
 21
184.03706837746117
 31
0.0
  0
LINE
  5
9A0
330
17
100
AcDbEntity
  8
VISIBLE
100
AcDbLine
 10
294.7157377123907
 20
184.03706837746117
 30
0.0
 11
294.71572807643247
 21
184.03707479947172
 31
0.0
  0
LINE
  5
9A1
330
17
100
AcDbEntity
  8
VISIBLE
100
AcDbLine
 10
294.71572807643247
 20
184.03707479947172
 30
0.0
 11
294.71571777397503
 21
184.0370800865581
 31
0.0
  0
LINE
  5
9A2
330
17
100
AcDbEntity
  8
VISIBLE
100
AcDbLine
 10
294.71571777397503
 20
184.0370800865581
 30
0.0
 11
294.1233709389605
 21
184.29967666939734
 31
0.0
  0
LINE
  5
9A3
330
17
100
AcDbEntity
  8
VISIBLE
100
AcDbLine
 10
294.1233709389605
 20
184.29967666939734
 30
0.0
 11
293.57658805566217
 21
184.5420744672492
 31
0.0
  0
LINE
  5
9A4
330
17
100
AcDbEntity
  8
VISIBLE
100
AcDbLine
 10
293.57658805566217
 20
184.5420744672492
 30
0.0
 11
293.57657937951376
 21
184.54207784807278
 31
0.0
  0
LINE
  5
9A5
330
17
100
AcDbEntity
  8
VISIBLE
100
AcDbLine
 10
293.57657937951376
 20
184.54207784807278
 30
0.0
 11
293.57657043093377
 21
184.5420804226477
 31
0.0
  0
LINE
  5
9A6
330
17
100
AcDbEntity
  8
VISIBLE
100
AcDbLine
 10
293.57657043093377
 20
184.5420804226477
 30
0.0
 11
292.8426985760551
 21
184.71734309756917
 31
0.0
  0
LINE
  5
9A7
330
17
100
AcDbEntity
  8
VISIBLE
100
AcDbLine
 10
292.8426985760551
 20
184.71734309756917
 30
0.0
 11
292.25005562508625
 21
184.85887734734717
 31
0.0
  0
LINE
  5
9A8
330
17
100
AcDbEntity
  8
OCULTA
100
AcDbLine
 10
277.0380592228744
 20
187.71130983376477
 30
0.0
 11
337.19324053201177
 21
222.44191995574596
 31
0.0
  0
LINE
  5
9A9
330
17
100
AcDbEntity
  8
OCULTA
100
AcDbLine
 10
277.0380592228744
 20
187.71130983376477
 30
0.0
 11
275.5715188307885
 21
186.74620996561953
 31
0.0
  0
LINE
  5
9AA
330
17
100
AcDbEntity
  8
OCULTA
100
AcDbLine
 10
274.3362034674787
 20
185.67864077949713
 30
0.0
 11
275.5715188307885
 21
186.74620996561953
 31
0.0
  0
LINE
  5
9AB
330
17
100
AcDbEntity
  8
OCULTA
100
AcDbLine
 10
274.3362034674787
 20
185.67864077949713
 30
0.0
 11
273.3526180805077
 21
184.52697309027945
 31
0.0
  0
LINE
  5
9AC
330
17
100
AcDbEntity
  8
OCULTA
100
AcDbLine
 10
272.638440744015
 20
183.31120980898027
 30
0.0
 11
273.3526180805077
 21
184.52697309027945
 31
0.0
  0
LINE
  5
9AD
330
17
100
AcDbEntity
  8
OCULTA
100
AcDbLine
 10
272.638440744015
 20
183.31120980898027
 30
0.0
 11
272.20427762813455
 21
182.0521726200306
 31
0.0
  0
LINE
  5
9AE
330
17
100
AcDbEntity
  8
OCULTA
100
AcDbLine
 10
272.0586133992339
 20
180.7710888958791
 30
0.0
 11
272.20427762813455
 21
182.0521726200306
 31
0.0
  0
LINE
  5
9AF
330
17
100
AcDbEntity
  8
OCULTA
100
AcDbLine
 10
373.935361287303
 20
220.0159145656778
 30
0.0
 11
373.9413866007661
 21
219.96292478040996
 31
0.0
  0
LINE
  5
9B0
330
17
100
AcDbEntity
  8
OCULTA
100
AcDbLine
 10
373.935361287303
 20
220.0159145656778
 30
0.0
 11
373.79572237186545
 21
221.24400772588965
 31
0.0
  0
LINE
  5
9B1
330
17
100
AcDbEntity
  8
OCULTA
100
AcDbLine
 10
373.79572237186545
 20
221.24400772588965
 30
0.0
 11
373.361559255985
 21
222.50304569351113
 31
0.0
  0
LINE
  5
9B2
330
17
100
AcDbEntity
  8
OCULTA
100
AcDbLine
 10
373.1131858546616
 20
222.92585962434697
 30
0.0
 11
373.361559255985
 21
222.50304569351113
 31
0.0
  0
LINE
  5
9B3
330
17
100
AcDbEntity
  8
OCULTA
100
AcDbLine
 10
373.1131858546616
 20
222.92585962434697
 30
0.0
 11
372.6473822566671
 21
223.71880955881417
 31
0.0
  0
LINE
  5
9B4
330
17
100
AcDbEntity
  8
OCULTA
100
AcDbLine
 10
372.6473822566671
 20
223.71880955881417
 30
0.0
 11
372.1775416649348
 21
224.26894256137618
 31
0.0
  0
LINE
  5
9B5
330
17
100
AcDbEntity
  8
OCULTA
100
AcDbLine
 10
361.1111724521984
 20
229.4696550406595
 30
0.0
 11
361.3407439758137
 21
229.4432666313968
 31
0.0
  0
LINE
  5
9B6
330
17
100
AcDbEntity
  8
OCULTA
100
AcDbLine
 10
361.3407439758137
 20
229.4432666313968
 30
0.0
 11
362.0730791861693
 21
229.29986818128316
 31
0.0
  0
LINE
  5
9B7
330
17
100
AcDbEntity
  8
OCULTA
100
AcDbLine
 10
372.1775416649348
 20
224.26894256137618
 30
0.0
 11
371.6637941722978
 21
224.87047646936003
 31
0.0
  0
LINE
  5
9B8
330
17
100
AcDbEntity
  8
OCULTA
100
AcDbLine
 10
371.24032843233164
 20
225.23643733203372
 30
0.0
 11
371.6637941722978
 21
224.87047646936003
 31
0.0
  0
LINE
  5
9B9
330
17
100
AcDbEntity
  8
OCULTA
100
AcDbLine
 10
371.24032843233164
 20
225.23643733203372
 30
0.0
 11
370.42848268649806
 21
225.93804808883186
 31
0.0
  0
LINE
  5
9BA
330
17
100
AcDbEntity
  8
OCULTA
100
AcDbLine
 10
370.42848268649806
 20
225.93804808883186
 30
0.0
 11
368.9619407771256
 21
226.90314571829563
 31
0.0
  0
LINE
  5
9BB
330
17
100
AcDbEntity
  8
OCULTA
100
AcDbLine
 10
368.8807632073485
 20
226.9442638973496
 30
0.0
 11
368.9619407771256
 21
226.90314571829563
 31
0.0
  0
LINE
  5
9BC
330
17
100
AcDbEntity
  8
OCULTA
100
AcDbLine
 10
368.8807632073485
 20
226.9442638973496
 30
0.0
 11
367.29034264863003
 21
227.74985408444968
 31
0.0
  0
LINE
  5
9BD
330
17
100
AcDbEntity
  8
OCULTA
100
AcDbLine
 10
367.29034264863003
 20
227.74985408444968
 30
0.0
 11
365.8759753345536
 21
228.29538688857497
 31
0.0
  0
LINE
  5
9BE
330
17
100
AcDbEntity
  8
OCULTA
100
AcDbLine
 10
365.8759753345536
 20
228.29538688857497
 30
0.0
 11
365.4412543629863
 21
228.4630615033092
 31
0.0
  0
LINE
  5
9BF
330
17
100
AcDbEntity
  8
OCULTA
100
AcDbLine
 10
363.446508760525
 20
229.03093634859152
 30
0.0
 11
365.4412543629863
 21
228.4630615033092
 31
0.0
  0
LINE
  5
9C0
330
17
100
AcDbEntity
  8
OCULTA
100
AcDbLine
 10
362.0730791861693
 20
229.29986818128316
 30
0.0
 11
362.3237214366418
 21
229.2507900538964
 31
0.0
  0
LINE
  5
9C1
330
17
100
AcDbEntity
  8
OCULTA
100
AcDbLine
 10
363.446508760525
 20
229.03093634859152
 30
0.0
 11
362.3237214366418
 21
229.2507900538964
 31
0.0
  0
LINE
  5
9C2
330
17
100
AcDbEntity
  8
OCULTA
100
AcDbLine
 10
337.19324053201177
 20
222.44191995574596
 30
0.0
 11
344.920310216783
 21
226.90314571829563
 31
0.0
  0
LINE
  5
9C3
330
17
100
AcDbEntity
  8
OCULTA
100
AcDbLine
 10
344.920310216783
 20
226.90314571829563
 30
0.0
 11
346.5919122227886
 21
227.74985320844388
 31
0.0
  0
LINE
  5
9C4
330
17
100
AcDbEntity
  8
OCULTA
100
AcDbLine
 10
361.1111724521984
 20
229.4696550406595
 30
0.0
 11
359.16002624723507
 21
229.69393082322256
 31
0.0
  0
LINE
  5
9C5
330
17
100
AcDbEntity
  8
OCULTA
100
AcDbLine
 10
359.16002624723507
 20
229.69393082322256
 30
0.0
 11
356.94112549695427
 21
229.77803010498965
 31
0.0
  0
LINE
  5
9C6
330
17
100
AcDbEntity
  8
OCULTA
100
AcDbLine
 10
354.72222339797435
 20
229.69393082322256
 30
0.0
 11
356.94112549695427
 21
229.77803010498965
 31
0.0
  0
LINE
  5
9C7
330
17
100
AcDbEntity
  8
OCULTA
100
AcDbLine
 10
354.72222339797435
 20
229.69393082322256
 30
0.0
 11
352.5415070180948
 21
229.4432666313968
 31
0.0
  0
LINE
  5
9C8
330
17
100
AcDbEntity
  8
OCULTA
100
AcDbLine
 10
350.43574324490794
 20
229.03093615392356
 30
0.0
 11
352.5415070180948
 21
229.4432666313968
 31
0.0
  0
LINE
  5
9C9
330
17
100
AcDbEntity
  8
OCULTA
100
AcDbLine
 10
346.5919122227886
 20
227.74985320844388
 30
0.0
 11
348.4409962937475
 21
228.4630628659849
 31
0.0
  0
LINE
  5
9CA
330
17
100
AcDbEntity
  8
OCULTA
100
AcDbLine
 10
350.43574324490794
 20
229.03093615392356
 30
0.0
 11
348.4409962937475
 21
228.4630628659849
 31
0.0
  0
TEXT
  5
9CB
330
17
100
AcDbEntity
  8
TEXTO
100
AcDbText
 10
323.0
 20
237.04401642870056
 30
0.0
 40
3.5
  1
ISOMÉTRICA
 72
1
 11
323.0
 21
237.04401642870056
 31
0.0
100
AcDbText
 73
2
  0
LWPOLYLINE
  5
9CC
330
17
100
AcDbEntity
  8
FINA
100
AcDbPolyline
 90
4
 70
1
 10
0.0
 20
0.0
 10
420.0
 20
0.0
 10
420.0
 20
297.0
 10
0.0
 20
297.0
  0
LWPOLYLINE
  5
9CD
330
17
100
AcDbEntity
  8
NORMA
100
AcDbPolyline
 90
4
 70
1
 10
20.0
 20
10.0
 10
410.0
 20
10.0
 10
410.0
 20
287.0
 10
20.0
 20
287.0
  0
LINE
  5
9CE
330
17
100
AcDbEntity
  8
NORMA
100
AcDbLine
 10
0.0
 20
148.5
 30
0.0
 11
25.0
 21
148.5
 31
0.0
  0
LINE
  5
9CF
330
17
100
AcDbEntity
  8
NORMA
100
AcDbLine
 10
420.0
 20
148.5
 30
0.0
 11
405.0
 21
148.5
 31
0.0
  0
LINE
  5
9D0
330
17
100
AcDbEntity
  8
NORMA
100
AcDbLine
 10
210.0
 20
0.0
 30
0.0
 11
210.0
 21
15.0
 31
0.0
  0
LINE
  5
9D1
330
17
100
AcDbEntity
  8
NORMA
100
AcDbLine
 10
210.0
 20
297.0
 30
0.0
 11
210.0
 21
282.0
 31
0.0
  0
LINE
  5
9D2
330
17
100
AcDbEntity
  8
FINA
100
AcDbLine
 10
52.5
 20
0.0
 30
0.0
 11
52.5
 21
10.0
 31
0.0
  0
LINE
  5
9D3
330
17
100
AcDbEntity
  8
FINA
100
AcDbLine
 10
52.5
 20
287.0
 30
0.0
 11
52.5
 21
297.0
 31
0.0
  0
LINE
  5
9D4
330
17
100
AcDbEntity
  8
FINA
100
AcDbLine
 10
105.0
 20
0.0
 30
0.0
 11
105.0
 21
10.0
 31
0.0
  0
LINE
  5
9D5
330
17
100
AcDbEntity
  8
FINA
100
AcDbLine
 10
105.0
 20
287.0
 30
0.0
 11
105.0
 21
297.0
 31
0.0
  0
LINE
  5
9D6
330
17
100
AcDbEntity
  8
FINA
100
AcDbLine
 10
157.5
 20
0.0
 30
0.0
 11
157.5
 21
10.0
 31
0.0
  0
LINE
  5
9D7
330
17
100
AcDbEntity
  8
FINA
100
AcDbLine
 10
157.5
 20
287.0
 30
0.0
 11
157.5
 21
297.0
 31
0.0
  0
LINE
  5
9D8
330
17
100
AcDbEntity
  8
FINA
100
AcDbLine
 10
210.0
 20
0.0
 30
0.0
 11
210.0
 21
10.0
 31
0.0
  0
LINE
  5
9D9
330
17
100
AcDbEntity
  8
FINA
100
AcDbLine
 10
210.0
 20
287.0
 30
0.0
 11
210.0
 21
297.0
 31
0.0
  0
LINE
  5
9DA
330
17
100
AcDbEntity
  8
FINA
100
AcDbLine
 10
262.5
 20
0.0
 30
0.0
 11
262.5
 21
10.0
 31
0.0
  0
LINE
  5
9DB
330
17
100
AcDbEntity
  8
FINA
100
AcDbLine
 10
262.5
 20
287.0
 30
0.0
 11
262.5
 21
297.0
 31
0.0
  0
LINE
  5
9DC
330
17
100
AcDbEntity
  8
FINA
100
AcDbLine
 10
315.0
 20
0.0
 30
0.0
 11
315.0
 21
10.0
 31
0.0
  0
LINE
  5
9DD
330
17
100
AcDbEntity
  8
FINA
100
AcDbLine
 10
315.0
 20
287.0
 30
0.0
 11
315.0
 21
297.0
 31
0.0
  0
LINE
  5
9DE
330
17
100
AcDbEntity
  8
FINA
100
AcDbLine
 10
367.5
 20
0.0
 30
0.0
 11
367.5
 21
10.0
 31
0.0
  0
LINE
  5
9DF
330
17
100
AcDbEntity
  8
FINA
100
AcDbLine
 10
367.5
 20
287.0
 30
0.0
 11
367.5
 21
297.0
 31
0.0
  0
LINE
  5
9E0
330
17
100
AcDbEntity
  8
FINA
100
AcDbLine
 10
0.0
 20
49.5
 30
0.0
 11
10.0
 21
49.5
 31
0.0
  0
LINE
  5
9E1
330
17
100
AcDbEntity
  8
FINA
100
AcDbLine
 10
410.0
 20
49.5
 30
0.0
 11
420.0
 21
49.5
 31
0.0
  0
LINE
  5
9E2
330
17
100
AcDbEntity
  8
FINA
100
AcDbLine
 10
0.0
 20
99.0
 30
0.0
 11
10.0
 21
99.0
 31
0.0
  0
LINE
  5
9E3
330
17
100
AcDbEntity
  8
FINA
100
AcDbLine
 10
410.0
 20
99.0
 30
0.0
 11
420.0
 21
99.0
 31
0.0
  0
LINE
  5
9E4
330
17
100
AcDbEntity
  8
FINA
100
AcDbLine
 10
0.0
 20
148.5
 30
0.0
 11
10.0
 21
148.5
 31
0.0
  0
LINE
  5
9E5
330
17
100
AcDbEntity
  8
FINA
100
AcDbLine
 10
410.0
 20
148.5
 30
0.0
 11
420.0
 21
148.5
 31
0.0
  0
LINE
  5
9E6
330
17
100
AcDbEntity
  8
FINA
100
AcDbLine
 10
0.0
 20
198.0
 30
0.0
 11
10.0
 21
198.0
 31
0.0
  0
LINE
  5
9E7
330
17
100
AcDbEntity
  8
FINA
100
AcDbLine
 10
410.0
 20
198.0
 30
0.0
 11
420.0
 21
198.0
 31
0.0
  0
LINE
  5
9E8
330
17
100
AcDbEntity
  8
FINA
100
AcDbLine
 10
0.0
 20
247.5
 30
0.0
 11
10.0
 21
247.5
 31
0.0
  0
LINE
  5
9E9
330
17
100
AcDbEntity
  8
FINA
100
AcDbLine
 10
410.0
 20
247.5
 30
0.0
 11
420.0
 21
247.5
 31
0.0
  0
TEXT
  5
9EA
330
17
100
AcDbEntity
  8
TEXTO
100
AcDbText
 10
26.25
 20
5.0
 30
0.0
 40
2.5
  1
1
 72
1
 11
26.25
 21
5.0
 31
0.0
100
AcDbText
 73
2
  0
TEXT
  5
9EB
330
17
100
AcDbEntity
  8
TEXTO
100
AcDbText
 10
26.25
 20
292.0
 30
0.0
 40
2.5
  1
1
 72
1
 11
26.25
 21
292.0
 31
0.0
100
AcDbText
 73
2
  0
TEXT
  5
9EC
330
17
100
AcDbEntity
  8
TEXTO
100
AcDbText
 10
78.75
 20
5.0
 30
0.0
 40
2.5
  1
2
 72
1
 11
78.75
 21
5.0
 31
0.0
100
AcDbText
 73
2
  0
TEXT
  5
9ED
330
17
100
AcDbEntity
  8
TEXTO
100
AcDbText
 10
78.75
 20
292.0
 30
0.0
 40
2.5
  1
2
 72
1
 11
78.75
 21
292.0
 31
0.0
100
AcDbText
 73
2
  0
TEXT
  5
9EE
330
17
100
AcDbEntity
  8
TEXTO
100
AcDbText
 10
131.25
 20
5.0
 30
0.0
 40
2.5
  1
3
 72
1
 11
131.25
 21
5.0
 31
0.0
100
AcDbText
 73
2
  0
TEXT
  5
9EF
330
17
100
AcDbEntity
  8
TEXTO
100
AcDbText
 10
131.25
 20
292.0
 30
0.0
 40
2.5
  1
3
 72
1
 11
131.25
 21
292.0
 31
0.0
100
AcDbText
 73
2
  0
TEXT
  5
9F0
330
17
100
AcDbEntity
  8
TEXTO
100
AcDbText
 10
183.75
 20
5.0
 30
0.0
 40
2.5
  1
4
 72
1
 11
183.75
 21
5.0
 31
0.0
100
AcDbText
 73
2
  0
TEXT
  5
9F1
330
17
100
AcDbEntity
  8
TEXTO
100
AcDbText
 10
183.75
 20
292.0
 30
0.0
 40
2.5
  1
4
 72
1
 11
183.75
 21
292.0
 31
0.0
100
AcDbText
 73
2
  0
TEXT
  5
9F2
330
17
100
AcDbEntity
  8
TEXTO
100
AcDbText
 10
236.25
 20
5.0
 30
0.0
 40
2.5
  1
5
 72
1
 11
236.25
 21
5.0
 31
0.0
100
AcDbText
 73
2
  0
TEXT
  5
9F3
330
17
100
AcDbEntity
  8
TEXTO
100
AcDbText
 10
236.25
 20
292.0
 30
0.0
 40
2.5
  1
5
 72
1
 11
236.25
 21
292.0
 31
0.0
100
AcDbText
 73
2
  0
TEXT
  5
9F4
330
17
100
AcDbEntity
  8
TEXTO
100
AcDbText
 10
288.75
 20
5.0
 30
0.0
 40
2.5
  1
6
 72
1
 11
288.75
 21
5.0
 31
0.0
100
AcDbText
 73
2
  0
TEXT
  5
9F5
330
17
100
AcDbEntity
  8
TEXTO
100
AcDbText
 10
288.75
 20
292.0
 30
0.0
 40
2.5
  1
6
 72
1
 11
288.75
 21
292.0
 31
0.0
100
AcDbText
 73
2
  0
TEXT
  5
9F6
330
17
100
AcDbEntity
  8
TEXTO
100
AcDbText
 10
341.25
 20
5.0
 30
0.0
 40
2.5
  1
7
 72
1
 11
341.25
 21
5.0
 31
0.0
100
AcDbText
 73
2
  0
TEXT
  5
9F7
330
17
100
AcDbEntity
  8
TEXTO
100
AcDbText
 10
341.25
 20
292.0
 30
0.0
 40
2.5
  1
7
 72
1
 11
341.25
 21
292.0
 31
0.0
100
AcDbText
 73
2
  0
TEXT
  5
9F8
330
17
100
AcDbEntity
  8
TEXTO
100
AcDbText
 10
393.75
 20
5.0
 30
0.0
 40
2.5
  1
8
 72
1
 11
393.75
 21
5.0
 31
0.0
100
AcDbText
 73
2
  0
TEXT
  5
9F9
330
17
100
AcDbEntity
  8
TEXTO
100
AcDbText
 10
393.75
 20
292.0
 30
0.0
 40
2.5
  1
8
 72
1
 11
393.75
 21
292.0
 31
0.0
100
AcDbText
 73
2
  0
TEXT
  5
9FA
330
17
100
AcDbEntity
  8
TEXTO
100
AcDbText
 10
5.0
 20
272.25
 30
0.0
 40
2.5
  1
A
 72
1
 11
5.0
 21
272.25
 31
0.0
100
AcDbText
 73
2
  0
TEXT
  5
9FB
330
17
100
AcDbEntity
  8
TEXTO
100
AcDbText
 10
415.0
 20
272.25
 30
0.0
 40
2.5
  1
A
 72
1
 11
415.0
 21
272.25
 31
0.0
100
AcDbText
 73
2
  0
TEXT
  5
9FC
330
17
100
AcDbEntity
  8
TEXTO
100
AcDbText
 10
5.0
 20
222.75
 30
0.0
 40
2.5
  1
B
 72
1
 11
5.0
 21
222.75
 31
0.0
100
AcDbText
 73
2
  0
TEXT
  5
9FD
330
17
100
AcDbEntity
  8
TEXTO
100
AcDbText
 10
415.0
 20
222.75
 30
0.0
 40
2.5
  1
B
 72
1
 11
415.0
 21
222.75
 31
0.0
100
AcDbText
 73
2
  0
TEXT
  5
9FE
330
17
100
AcDbEntity
  8
TEXTO
100
AcDbText
 10
5.0
 20
173.25
 30
0.0
 40
2.5
  1
C
 72
1
 11
5.0
 21
173.25
 31
0.0
100
AcDbText
 73
2
  0
TEXT
  5
9FF
330
17
100
AcDbEntity
  8
TEXTO
100
AcDbText
 10
415.0
 20
173.25
 30
0.0
 40
2.5
  1
C
 72
1
 11
415.0
 21
173.25
 31
0.0
100
AcDbText
 73
2
  0
TEXT
  5
A00
330
17
100
AcDbEntity
  8
TEXTO
100
AcDbText
 10
5.0
 20
123.75
 30
0.0
 40
2.5
  1
D
 72
1
 11
5.0
 21
123.75
 31
0.0
100
AcDbText
 73
2
  0
TEXT
  5
A01
330
17
100
AcDbEntity
  8
TEXTO
100
AcDbText
 10
415.0
 20
123.75
 30
0.0
 40
2.5
  1
D
 72
1
 11
415.0
 21
123.75
 31
0.0
100
AcDbText
 73
2
  0
TEXT
  5
A02
330
17
100
AcDbEntity
  8
TEXTO
100
AcDbText
 10
5.0
 20
74.25
 30
0.0
 40
2.5
  1
E
 72
1
 11
5.0
 21
74.25
 31
0.0
100
AcDbText
 73
2
  0
TEXT
  5
A03
330
17
100
AcDbEntity
  8
TEXTO
100
AcDbText
 10
415.0
 20
74.25
 30
0.0
 40
2.5
  1
E
 72
1
 11
415.0
 21
74.25
 31
0.0
100
AcDbText
 73
2
  0
TEXT
  5
A04
330
17
100
AcDbEntity
  8
TEXTO
100
AcDbText
 10
5.0
 20
24.75
 30
0.0
 40
2.5
  1
F
 72
1
 11
5.0
 21
24.75
 31
0.0
100
AcDbText
 73
2
  0
TEXT
  5
A05
330
17
100
AcDbEntity
  8
TEXTO
100
AcDbText
 10
415.0
 20
24.75
 30
0.0
 40
2.5
  1
F
 72
1
 11
415.0
 21
24.75
 31
0.0
100
AcDbText
 73
2
  0
LWPOLYLINE
  5
A06
330
17
100
AcDbEntity
  8
NORMA
100
AcDbPolyline
 90
4
 70
1
 10
230.0
 20
10.0
 10
410.0
 20
10.0
 10
410.0
 20
52.0
 10
230.0
 20
52.0
  0
LINE
  5
A07
330
17
100
AcDbEntity
  8
NORMA
100
AcDbLine
 10
270.0
 20
10.0
 30
0.0
 11
270.0
 21
52.0
 31
0.0
  0
LINE
  5
A08
330
17
100
AcDbEntity
  8
NORMA
100
AcDbLine
 10
364.0
 20
10.0
 30
0.0
 11
364.0
 21
52.0
 31
0.0
  0
LINE
  5
A09
330
17
100
AcDbEntity
  8
FINA
100
AcDbLine
 10
230.0
 20
29.0
 30
0.0
 11
270.0
 21
29.0
 31
0.0
  0
TEXT
  5
A0A
330
17
100
AcDbEntity
  8
TEXTO
100
AcDbText
 10
250.0
 20
43.8
 30
0.0
 40
6.0
  1
foto3d
 72
1
 11
250.0
 21
43.8
 31
0.0
100
AcDbText
 73
2
  0
LINE
  5
A0B
330
17
100
AcDbEntity
  8
FINA
100
AcDbLine
 10
236.5
 20
38.6
 30
0.0
 11
263.5
 21
38.6
 31
0.0
  0
TEXT
  5
A0C
330
17
100
AcDbEntity
  8
TEXTO
100
AcDbText
 10
250.0
 20
35.8
 30
0.0
 40
1.3
  1
FOTOGRAMETRÍA · 3D AUDITABLE
 72
1
 11
250.0
 21
35.8
 31
0.0
100
AcDbText
 73
2
  0
TEXT
  5
A0D
330
17
100
AcDbEntity
  8
TEXTO
100
AcDbText
 10
250.0
 20
32.6
 30
0.0
 40
1.3
  1
ISO 5457 · 7200 · 129 · 5456-2
 72
1
 11
250.0
 21
32.6
 31
0.0
100
AcDbText
 73
2
  0
TEXT
  5
A0E
330
17
100
AcDbEntity
  8
TEXTO
100
AcDbText
 10
250.0
 20
26.6
 30
0.0
 40
1.4
  1
PROYECCIÓN — PRIMER DIEDRO
 72
1
 11
250.0
 21
26.6
 31
0.0
100
AcDbText
 73
2
  0
CIRCLE
  5
A0F
330
17
100
AcDbEntity
  8
TEXTO
100
AcDbCircle
 10
245.4
 20
17.5
 30
0.0
 40
2.9899999999999998
  0
CIRCLE
  5
A10
330
17
100
AcDbEntity
  8
TEXTO
100
AcDbCircle
 10
245.4
 20
17.5
 30
0.0
 40
1.6099999999999999
  0
LWPOLYLINE
  5
A11
330
17
100
AcDbEntity
  8
TEXTO
100
AcDbPolyline
 90
4
 70
1
 10
250.46
 20
14.51
 10
257.59000000000003
 20
15.89
 10
257.59000000000003
 20
19.11
 10
250.46
 20
20.49
  0
LINE
  5
A12
330
17
100
AcDbEntity
  8
FINA
100
AcDbLine
 10
241.03
 20
17.5
 30
0.0
 11
258.97
 21
17.5
 31
0.0
  0
LINE
  5
A13
330
17
100
AcDbEntity
  8
FINA
100
AcDbLine
 10
270.0
 20
39.0
 30
0.0
 11
364.0
 21
39.0
 31
0.0
  0
LINE
  5
A14
330
17
100
AcDbEntity
  8
FINA
100
AcDbLine
 10
270.0
 20
29.0
 30
0.0
 11
364.0
 21
29.0
 31
0.0
  0
LINE
  5
A15
330
17
100
AcDbEntity
  8
FINA
100
AcDbLine
 10
270.0
 20
19.0
 30
0.0
 11
364.0
 21
19.0
 31
0.0
  0
LINE
  5
A16
330
17
100
AcDbEntity
  8
FINA
100
AcDbLine
 10
317.0
 20
29.0
 30
0.0
 11
317.0
 21
39.0
 31
0.0
  0
LINE
  5
A17
330
17
100
AcDbEntity
  8
FINA
100
AcDbLine
 10
326.0
 20
19.0
 30
0.0
 11
326.0
 21
29.0
 31
0.0
  0
TEXT
  5
A18
330
17
100
AcDbEntity
  8
TEXTO
100
AcDbText
 10
271.3
 20
49.6
 30
0.0
 40
1.4
  1
DESIGNACIÓN
 11
271.3
 21
49.6
 31
0.0
100
AcDbText
  0
TEXT
  5
A19
330
17
100
AcDbEntity
  8
TEXTO
100
AcDbText
 10
271.6
 20
44.1
 30
0.0
 40
4.053571428571428
  1
pd48 (sólido CAD, capa user)
 11
271.6
 21
44.1
 31
0.0
100
AcDbText
 73
2
  0
TEXT
  5
A1A
330
17
100
AcDbEntity
  8
TEXTO
100
AcDbText
 10
271.3
 20
36.6
 30
0.0
 40
1.4
  1
PROYECTO
 11
271.3
 21
36.6
 31
0.0
100
AcDbText
  0
TEXT
  5
A1B
330
17
100
AcDbEntity
  8
TEXTO
100
AcDbText
 10
271.6
 20
32.6
 30
0.0
 40
2.8
  1
CV-HGR-190E24
 11
271.6
 21
32.6
 31
0.0
100
AcDbText
 73
2
  0
TEXT
  5
A1C
330
17
100
AcDbEntity
  8
TEXTO
100
AcDbText
 10
318.3
 20
36.6
 30
0.0
 40
1.4
  1
FUENTE
 11
318.3
 21
36.6
 31
0.0
100
AcDbText
  0
TEXT
  5
A1D
330
17
100
AcDbEntity
  8
TEXTO
100
AcDbText
 10
318.6
 20
32.6
 30
0.0
 40
2.4
  1
out/cad/pd48.glb
 11
318.6
 21
32.6
 31
0.0
100
AcDbText
 73
2
  0
TEXT
  5
A1E
330
17
100
AcDbEntity
  8
TEXTO
100
AcDbText
 10
271.3
 20
26.6
 30
0.0
 40
1.4
  1
VERIFICACIÓN DE ESCALA
 11
271.3
 21
26.6
 31
0.0
100
AcDbText
  0
TEXT
  5
A1F
330
17
100
AcDbEntity
  8
TEXTO
100
AcDbText
 10
271.6
 20
22.6
 30
0.0
 40
2.4
  1
CERTIFICADA (G4)
 11
271.6
 21
22.6
 31
0.0
100
AcDbText
 73
2
  0
TEXT
  5
A20
330
17
100
AcDbEntity
  8
TEXTO
100
AcDbText
 10
327.3
 20
26.6
 30
0.0
 40
1.4
  1
SHA-256
 11
327.3
 21
26.6
 31
0.0
100
AcDbText
  0
TEXT
  5
A21
330
17
100
AcDbEntity
  8
TEXTO
100
AcDbText
 10
327.6
 20
22.6
 30
0.0
 40
2.2
  1
25197771686c…
 11
327.6
 21
22.6
 31
0.0
100
AcDbText
 73
2
  0
TEXT
  5
A22
330
17
100
AcDbEntity
  8
TEXTO
100
AcDbText
 10
271.3
 20
16.6
 30
0.0
 40
1.4
  1
NOTA
 11
271.3
 21
16.6
 31
0.0
100
AcDbText
  0
TEXT
  5
A23
330
17
100
AcDbEntity
  8
TEXTO
100
AcDbText
 10
271.6
 20
13.1
 30
0.0
 40
2.2
  1
Cotas en mm reales sobre geometría medida — ISO 129
 11
271.6
 21
13.1
 31
0.0
100
AcDbText
 73
2
  0
LINE
  5
A24
330
17
100
AcDbEntity
  8
FINA
100
AcDbLine
 10
364.0
 20
39.0
 30
0.0
 11
410.0
 21
39.0
 31
0.0
  0
LINE
  5
A25
330
17
100
AcDbEntity
  8
FINA
100
AcDbLine
 10
364.0
 20
29.0
 30
0.0
 11
410.0
 21
29.0
 31
0.0
  0
LINE
  5
A26
330
17
100
AcDbEntity
  8
FINA
100
AcDbLine
 10
364.0
 20
19.0
 30
0.0
 11
410.0
 21
19.0
 31
0.0
  0
LINE
  5
A27
330
17
100
AcDbEntity
  8
FINA
100
AcDbLine
 10
387.0
 20
29.0
 30
0.0
 11
387.0
 21
39.0
 31
0.0
  0
LINE
  5
A28
330
17
100
AcDbEntity
  8
FINA
100
AcDbLine
 10
390.0
 20
19.0
 30
0.0
 11
390.0
 21
29.0
 31
0.0
  0
TEXT
  5
A29
330
17
100
AcDbEntity
  8
TEXTO
100
AcDbText
 10
365.3
 20
49.6
 30
0.0
 40
1.4
  1
ESCALA
 11
365.3
 21
49.6
 31
0.0
100
AcDbText
  0
TEXT
  5
A2A
330
17
100
AcDbEntity
  8
TEXTO
100
AcDbText
 10
387.0
 20
44.1
 30
0.0
 40
5.0
  1
1:1
 72
1
 11
387.0
 21
44.1
 31
0.0
100
AcDbText
 73
2
  0
TEXT
  5
A2B
330
17
100
AcDbEntity
  8
TEXTO
100
AcDbText
 10
365.3
 20
36.6
 30
0.0
 40
1.4
  1
FORMATO
 11
365.3
 21
36.6
 31
0.0
100
AcDbText
  0
TEXT
  5
A2C
330
17
100
AcDbEntity
  8
TEXTO
100
AcDbText
 10
375.5
 20
32.6
 30
0.0
 40
3.0
  1
A3
 72
1
 11
375.5
 21
32.6
 31
0.0
100
AcDbText
 73
2
  0
TEXT
  5
A2D
330
17
100
AcDbEntity
  8
TEXTO
100
AcDbText
 10
388.3
 20
36.6
 30
0.0
 40
1.4
  1
LÁMINA
 11
388.3
 21
36.6
 31
0.0
100
AcDbText
  0
TEXT
  5
A2E
330
17
100
AcDbEntity
  8
TEXTO
100
AcDbText
 10
398.5
 20
32.6
 30
0.0
 40
3.0
  1
1 / 1
 72
1
 11
398.5
 21
32.6
 31
0.0
100
AcDbText
 73
2
  0
TEXT
  5
A2F
330
17
100
AcDbEntity
  8
TEXTO
100
AcDbText
 10
365.3
 20
26.6
 30
0.0
 40
1.4
  1
FECHA
 11
365.3
 21
26.6
 31
0.0
100
AcDbText
  0
TEXT
  5
A30
330
17
100
AcDbEntity
  8
TEXTO
100
AcDbText
 10
377.0
 20
22.6
 30
0.0
 40
2.6
  1
2026-08-18
 72
1
 11
377.0
 21
22.6
 31
0.0
100
AcDbText
 73
2
  0
TEXT
  5
A31
330
17
100
AcDbEntity
  8
TEXTO
100
AcDbText
 10
391.3
 20
26.6
 30
0.0
 40
1.4
  1
UNIDADES
 11
391.3
 21
26.6
 31
0.0
100
AcDbText
  0
TEXT
  5
A32
330
17
100
AcDbEntity
  8
TEXTO
100
AcDbText
 10
400.0
 20
22.6
 30
0.0
 40
3.0
  1
mm
 72
1
 11
400.0
 21
22.6
 31
0.0
100
AcDbText
 73
2
  0
TEXT
  5
A33
330
17
100
AcDbEntity
  8
TEXTO
100
AcDbText
 10
365.3
 20
16.6
 30
0.0
 40
1.4
  1
Nº DE PLANO
 11
365.3
 21
16.6
 31
0.0
100
AcDbText
  0
TEXT
  5
A34
330
17
100
AcDbEntity
  8
TEXTO
100
AcDbText
 10
387.0
 20
13.1
 30
0.0
 40
2.6
  1
PD48-01
 72
1
 11
387.0
 21
13.1
 31
0.0
100
AcDbText
 73
2
  0
ENDSEC
  0
SECTION
  2
OBJECTS
  0
DICTIONARY
  5
A
330
0
100
AcDbDictionary
281
1
  3
ACAD_COLOR
350
B
  3
ACAD_GROUP
350
C
  3
ACAD_LAYOUT
350
D
  3
ACAD_MATERIAL
350
E
  3
ACAD_MLEADERSTYLE
350
F
  3
ACAD_MLINESTYLE
350
10
  3
ACAD_PLOTSETTINGS
350
11
  3
ACAD_PLOTSTYLENAME
350
12
  3
ACAD_SCALELIST
350
14
  3
ACAD_TABLESTYLE
350
15
  3
ACAD_VISUALSTYLE
350
16
  3
EZDXF_META
350
2D
  0
DICTIONARY
  5
B
330
A
100
AcDbDictionary
281
1
  0
DICTIONARY
  5
C
330
A
100
AcDbDictionary
281
1
  0
DICTIONARY
  5
D
330
A
100
AcDbDictionary
281
1
  3
Model
350
1A
  3
Layout1
350
1E
  0
DICTIONARY
  5
E
330
A
100
AcDbDictionary
281
1
  3
ByBlock
350
1F
  3
ByLayer
350
20
  3
Global
350
21
  0
DICTIONARY
  5
F
330
A
100
AcDbDictionary
281
1
  3
Standard
350
2C
  0
DICTIONARY
  5
10
330
A
100
AcDbDictionary
281
1
  3
Standard
350
22
  0
DICTIONARY
  5
11
330
A
100
AcDbDictionary
281
1
  0
ACDBDICTIONARYWDFLT
  5
12
330
A
100
AcDbDictionary
281
1
  3
Normal
350
13
100
AcDbDictionaryWithDefault
340
13
  0
ACDBPLACEHOLDER
  5
13
330
12
  0
DICTIONARY
  5
14
330
A
100
AcDbDictionary
281
1
  0
DICTIONARY
  5
15
330
A
100
AcDbDictionary
281
1
  0
DICTIONARY
  5
16
330
A
100
AcDbDictionary
281
1
  3
2dWireframe
350
5A
  3
Basic
350
5B
  3
Brighten
350
5C
  3
ColorChange
350
5D
  3
Conceptual
350
5E
  3
Dim
350
5F
  3
EdgeColorOff
350
60
  3
Facepattern
350
61
  3
Flat
350
62
  3
FlatWithEdges
350
63
  3
Gouraud
350
64
  3
GouraudWithEdges
350
65
  3
Hidden
350
66
  3
JitterOff
350
67
  3
Linepattern
350
68
  3
Modeling
350
69
  3
OverhangOff
350
6A
  3
Realistic
350
6B
  3
Shaded
350
6C
  3
Shaded with edges
350
6D
  3
Shades of Gray
350
6E
  3
Sketchy
350
6F
  3
Thicken
350
70
  3
Wireframe
350
71
  3
X-Ray
350
72
  0
LAYOUT
  5
1A
330
D
100
AcDbPlotSettings
  1

  4
A3
  6

 40
7.5
 41
20.0
 42
7.5
 43
20.0
 44
420.0
 45
297.0
 46
0.0
 47
0.0
 48
0.0
 49
0.0
140
0.0
141
0.0
142
1.0
143
1.0
 70
1024
 72
1
 73
0
 74
5
  7

 75
16
 76
0
 77
2
 78
300
147
1.0
148
0.0
149
0.0
100
AcDbLayout
  1
Model
 70
1
 71
0
 10
0.0
 20
0.0
 11
420.0
 21
297.0
 12
0.0
 22
0.0
 32
0.0
 14
1e+20
 24
1e+20
 34
1e+20
 15
-1e+20
 25
-1e+20
 35
-1e+20
146
0.0
 13
0.0
 23
0.0
 33
0.0
 16
1.0
 26
0.0
 36
0.0
 17
0.0
 27
1.0
 37
0.0
 76
1
330
17
  0
LAYOUT
  5
1E
330
D
100
AcDbPlotSettings
  1

  4
A3
  6

 40
7.5
 41
20.0
 42
7.5
 43
20.0
 44
420.0
 45
297.0
 46
0.0
 47
0.0
 48
0.0
 49
0.0
140
0.0
141
0.0
142
1.0
143
1.0
 70
0
 72
1
 73
0
 74
5
  7

 75
16
 76
0
 77
2
 78
300
147
1.0
148
0.0
149
0.0
100
AcDbLayout
  1
Layout1
 70
1
 71
1
 10
0.0
 20
0.0
 11
420.0
 21
297.0
 12
0.0
 22
0.0
 32
0.0
 14
1e+20
 24
1e+20
 34
1e+20
 15
-1e+20
 25
-1e+20
 35
-1e+20
146
0.0
 13
0.0
 23
0.0
 33
0.0
 16
1.0
 26
0.0
 36
0.0
 17
0.0
 27
1.0
 37
0.0
 76
1
330
1B
  0
MATERIAL
  5
1F
102
{ACAD_REACTORS
330
E
102
}
330
E
100
AcDbMaterial
  1
ByBlock
  2

 70
0
 40
1.0
 71
1
 41
1.0
 91
-1023410177
 42
1.0
 72
1
  3

 73
1
 74
1
 75
1
 44
0.5
 73
0
 45
1.0
 46
1.0
 77
1
  4

 78
1
 79
1
170
1
 48
1.0
171
1
  6

172
1
173
1
174
1
140
1.0
141
1.0
175
1
  7

176
1
177
1
178
1
143
1.0
179
1
  8

270
1
271
1
272
1
145
1.0
146
1.0
273
1
  9

274
1
275
1
276
1
 42
1.0
 72
1
  3

 73
1
 74
1
 75
1
 94
63
  0
MATERIAL
  5
20
102
{ACAD_REACTORS
330
E
102
}
330
E
100
AcDbMaterial
  1
ByLayer
  2

 70
0
 40
1.0
 71
1
 41
1.0
 91
-1023410177
 42
1.0
 72
1
  3

 73
1
 74
1
 75
1
 44
0.5
 73
0
 45
1.0
 46
1.0
 77
1
  4

 78
1
 79
1
170
1
 48
1.0
171
1
  6

172
1
173
1
174
1
140
1.0
141
1.0
175
1
  7

176
1
177
1
178
1
143
1.0
179
1
  8

270
1
271
1
272
1
145
1.0
146
1.0
273
1
  9

274
1
275
1
276
1
 42
1.0
 72
1
  3

 73
1
 74
1
 75
1
 94
63
  0
MATERIAL
  5
21
102
{ACAD_REACTORS
330
E
102
}
330
E
100
AcDbMaterial
  1
Global
  2

 70
0
 40
1.0
 71
1
 41
1.0
 91
-1023410177
 42
1.0
 72
1
  3

 73
1
 74
1
 75
1
 44
0.5
 73
0
 45
1.0
 46
1.0
 77
1
  4

 78
1
 79
1
170
1
 48
1.0
171
1
  6

172
1
173
1
174
1
140
1.0
141
1.0
175
1
  7

176
1
177
1
178
1
143
1.0
179
1
  8

270
1
271
1
272
1
145
1.0
146
1.0
273
1
  9

274
1
275
1
276
1
 42
1.0
 72
1
  3

 73
1
 74
1
 75
1
 94
63
  0
MLINESTYLE
  5
22
102
{ACAD_REACTORS
330
10
102
}
330
10
100
AcDbMlineStyle
  2
Standard
 70
0
  3

 62
256
 51
90.0
 52
90.0
 71
2
 49
0.5
 62
256
  6
BYLAYER
 49
-0.5
 62
256
  6
BYLAYER
  0
MLEADERSTYLE
  5
2C
102
{ACAD_REACTORS
330
F
102
}
330
F
100
AcDbMLeaderStyle
179
2
170
2
171
1
172
0
 90
2
 40
0.0
 41
0.0
173
1
 91
-1056964608
 92
-2
290
1
 42
2.0
291
1
 43
8.0
  3
Standard
 44
4.0
300

342
29
174
1
175
1
176
0
178
1
 93
-1056964608
 45
4.0
292
0
297
0
 46
4.0
 94
-1056964608
 47
1.0
 49
1.0
140
1.0
294
1
141
0.0
177
0
142
1.0
295
0
296
0
143
3.75
271
0
272
9
273
9
  0
DICTIONARY
  5
2D
330
A
100
AcDbDictionary
280
1
281
1
  3
CREATED_BY_EZDXF
350
2E
  3
WRITTEN_BY_EZDXF
350
A37
  0
DICTIONARYVAR
  5
2E
330
2D
100
DictionaryVariables
280
0
  1
1.4.4 @ 2026-08-18T19:05:38.557037+00:00
  0
VISUALSTYLE
  5
5A
102
{ACAD_REACTORS
330
16
102
}
330
16
100
AcDbVisualStyle
  2
2dWireframe
 70
4
177
3
291
0
 70
58
 90
2
176
1
 90
2
176
1
 90
0
176
1
 90
0
176
1
 40
0.6
176
1
 40
30.0
176
1
 62
7
420
16777215
176
1
 90
1
176
1
 90
4
176
1
 62
7
176
1
 62
257
176
1
 90
1
176
1
 90
1
176
1
 40
1.0
176
1
 90
8
176
1
 62
7
176
1
 40
1.0
176
1
 90
1
176
1
 90
6
176
1
 90
2
176
1
 62
7
176
1
 90
5
176
1
 90
0
176
1
 90
0
176
1
290
0
176
1
 90
1
176
1
 40
0.0
176
1
 90
0
176
1
290
1
176
1
290
1
176
1
290
0
176
1
290
0
176
1
290
0
176
1
290
0
176
1
290
0
176
1
290
0
176
1
290
0
176
1
 90
50
176
1
 40
0.0
176
1
 40
1.0
176
1
 90
0
176
1
 62
18
420
0
176
1
 90
50
176
1
 90
3
176
1
 62
5
420
255
176
1
290
0
176
1
 90
50
176
1
 90
50
176
1
 90
50
176
1
290
0
176
1
 90
50
176
1
 62
256
176
0
 40
1.0
176
0
 90
2
176
1
  1
strokes_ogs.tif
176
1
290
0
176
1
 40
1.0
176
1
 40
1.0
176
1
  0
VISUALSTYLE
  5
5B
102
{ACAD_REACTORS
330
16
102
}
330
16
100
AcDbVisualStyle
  2
Basic
 70
7
177
3
291
1
 70
58
 90
2
176
1
 90
2
176
1
 90
0
176
1
 90
1
176
1
 40
0.6
176
1
 40
30.0
176
1
 62
7
420
16777215
176
1
 90
1
176
1
 90
4
176
1
 62
7
176
1
 62
257
176
1
 90
1
176
1
 90
1
176
1
 40
1.0
176
1
 90
8
176
1
 62
7
176
1
 40
1.0
176
1
 90
1
176
1
 90
6
176
1
 90
2
176
1
 62
7
176
1
 90
5
176
1
 90
0
176
1
 90
0
176
1
290
0
176
1
 90
1
176
1
 40
0.0
176
1
 90
0
176
1
290
0
176
1
290
1
176
1
290
1
176
1
290
0
176
1
290
0
176
1
290
0
176
1
290
0
176
1
290
0
176
1
290
0
176
1
 90
50
176
1
 40
0.0
176
1
 40
1.0
176
1
 90
0
176
1
 62
18
420
0
176
1
 90
50
176
1
 90
3
176
1
 62
5
420
255
176
1
290
0
176
1
 90
50
176
1
 90
50
176
1
 90
50
176
1
290
0
176
1
 90
50
176
1
 62
256
176
0
 40
1.0
176
0
 90
2
176
1
  1
strokes_ogs.tif
176
1
290
0
176
1
 40
1.0
176
1
 40
1.0
176
1
  0
VISUALSTYLE
  5
5C
102
{ACAD_REACTORS
330
16
102
}
330
16
100
AcDbVisualStyle
  2
Brighten
 70
12
177
3
291
1
 70
58
 90
2
176
1
 90
2
176
1
 90
0
176
1
 90
2
176
1
 40
0.6
176
1
 40
30.0
176
1
 62
7
420
16777215
176
1
 90
1
176
1
 90
4
176
1
 62
7
176
1
 62
257
176
1
 90
1
176
1
 90
1
176
1
 40
1.0
176
1
 90
8
176
1
 62
7
176
1
 40
1.0
176
1
 90
1
176
1
 90
6
176
1
 90
2
176
1
 62
7
176
1
 90
5
176
1
 90
0
176
1
 90
0
176
1
290
0
176
1
 90
1
176
1
 40
0.0
176
1
 90
0
176
1
290
0
176
1
290
1
176
1
290
1
176
1
290
0
176
1
290
0
176
1
290
0
176
1
290
0
176
1
290
0
176
1
290
0
176
1
 90
50
176
1
 40
0.0
176
1
 40
1.0
176
1
 90
0
176
1
 62
18
420
0
176
1
 90
50
176
1
 90
3
176
1
 62
5
420
255
176
1
290
0
176
1
 90
50
176
1
 90
50
176
1
 90
50
176
1
290
0
176
1
 90
50
176
1
 62
256
176
0
 40
1.0
176
0
 90
2
176
1
  1
strokes_ogs.tif
176
1
290
0
176
1
 40
1.0
176
1
 40
1.0
176
1
  0
VISUALSTYLE
  5
5D
102
{ACAD_REACTORS
330
16
102
}
330
16
100
AcDbVisualStyle
  2
ColorChange
 70
16
177
3
291
1
 70
58
 90
2
176
1
 90
2
176
1
 90
0
176
1
 90
2
176
1
 40
0.6
176
1
 40
30.0
176
1
 62
7
420
16777215
176
1
 90
1
176
1
 90
4
176
1
 62
7
176
1
 62
257
176
1
 90
1
176
1
 90
1
176
1
 40
1.0
176
1
 90
8
176
1
 62
7
176
1
 40
1.0
176
1
 90
1
176
1
 90
6
176
1
 90
2
176
1
 62
7
176
1
 90
5
176
1
 90
0
176
1
 90
0
176
1
290
0
176
1
 90
1
176
1
 40
0.0
176
1
 90
0
176
1
290
0
176
1
290
1
176
1
290
1
176
1
290
0
176
1
290
0
176
1
290
0
176
1
290
0
176
1
290
0
176
1
290
0
176
1
 90
50
176
1
 40
0.0
176
1
 40
1.0
176
1
 90
0
176
1
 62
18
420
0
176
1
 90
50
176
1
 90
3
176
1
 62
5
420
255
176
1
290
0
176
1
 90
50
176
1
 90
50
176
1
 90
50
176
1
290
0
176
1
 90
50
176
1
 62
256
176
0
 40
1.0
176
0
 90
2
176
1
  1
strokes_ogs.tif
176
1
290
0
176
1
 40
1.0
176
1
 40
1.0
176
1
  0
VISUALSTYLE
  5
5E
102
{ACAD_REACTORS
330
16
102
}
330
16
100
AcDbVisualStyle
  2
Conceptual
 70
9
177
3
291
0
 70
58
 90
2
176
1
 90
2
176
1
 90
0
176
1
 90
3
176
1
 40
0.6
176
1
 40
30.0
176
1
 62
7
420
16777215
176
1
 90
1
176
1
 90
4
176
1
 62
7
176
1
 62
257
176
1
 90
1
176
1
 90
1
176
1
 40
1.0
176
1
 90
8
176
1
 62
7
176
1
 40
1.0
176
1
 90
1
176
1
 90
6
176
1
 90
2
176
1
 62
7
176
1
 90
5
176
1
 90
0
176
1
 90
0
176
1
290
0
176
1
 90
1
176
1
 40
0.0
176
1
 90
0
176
1
290
0
176
1
290
1
176
1
290
1
176
1
290
0
176
1
290
0
176
1
290
0
176
1
290
0
176
1
290
0
176
1
290
0
176
1
 90
50
176
1
 40
0.0
176
1
 40
1.0
176
1
 90
0
176
1
 62
18
420
0
176
1
 90
50
176
1
 90
3
176
1
 62
5
420
255
176
1
290
0
176
1
 90
50
176
1
 90
50
176
1
 90
50
176
1
290
0
176
1
 90
50
176
1
 62
256
176
0
 40
1.0
176
0
 90
2
176
1
  1
strokes_ogs.tif
176
1
290
0
176
1
 40
1.0
176
1
 40
1.0
176
1
  0
VISUALSTYLE
  5
5F
102
{ACAD_REACTORS
330
16
102
}
330
16
100
AcDbVisualStyle
  2
Dim
 70
11
177
3
291
1
 70
58
 90
2
176
1
 90
2
176
1
 90
0
176
1
 90
2
176
1
 40
0.6
176
1
 40
30.0
176
1
 62
7
420
16777215
176
1
 90
1
176
1
 90
4
176
1
 62
7
176
1
 62
257
176
1
 90
1
176
1
 90
1
176
1
 40
1.0
176
1
 90
8
176
1
 62
7
176
1
 40
1.0
176
1
 90
1
176
1
 90
6
176
1
 90
2
176
1
 62
7
176
1
 90
5
176
1
 90
0
176
1
 90
0
176
1
290
0
176
1
 90
1
176
1
 40
0.0
176
1
 90
0
176
1
290
0
176
1
290
1
176
1
290
1
176
1
290
0
176
1
290
0
176
1
290
0
176
1
290
0
176
1
290
0
176
1
290
0
176
1
 90
50
176
1
 40
0.0
176
1
 40
1.0
176
1
 90
0
176
1
 62
18
420
0
176
1
 90
50
176
1
 90
3
176
1
 62
5
420
255
176
1
290
0
176
1
 90
50
176
1
 90
50
176
1
 90
50
176
1
290
0
176
1
 90
50
176
1
 62
256
176
0
 40
1.0
176
0
 90
2
176
1
  1
strokes_ogs.tif
176
1
290
0
176
1
 40
1.0
176
1
 40
1.0
176
1
  0
VISUALSTYLE
  5
60
102
{ACAD_REACTORS
330
16
102
}
330
16
100
AcDbVisualStyle
  2
EdgeColorOff
 70
22
177
3
291
1
 70
58
 90
2
176
1
 90
2
176
1
 90
0
176
1
 90
2
176
1
 40
0.6
176
1
 40
30.0
176
1
 62
7
420
16777215
176
1
 90
1
176
1
 90
4
176
1
 62
7
176
1
 62
257
176
1
 90
1
176
1
 90
1
176
1
 40
1.0
176
1
 90
8
176
1
 62
7
176
1
 40
1.0
176
1
 90
1
176
1
 90
6
176
1
 90
2
176
1
 62
7
176
1
 90
5
176
1
 90
0
176
1
 90
0
176
1
290
0
176
1
 90
1
176
1
 40
0.0
176
1
 90
0
176
1
290
0
176
1
290
1
176
1
290
1
176
1
290
0
176
1
290
0
176
1
290
0
176
1
290
0
176
1
290
0
176
1
290
0
176
1
 90
50
176
1
 40
0.0
176
1
 40
1.0
176
1
 90
0
176
1
 62
18
420
0
176
1
 90
50
176
1
 90
3
176
1
 62
5
420
255
176
1
290
0
176
1
 90
50
176
1
 90
50
176
1
 90
50
176
1
290
0
176
1
 90
50
176
1
 62
256
176
0
 40
1.0
176
0
 90
2
176
1
  1
strokes_ogs.tif
176
1
290
0
176
1
 40
1.0
176
1
 40
1.0
176
1
  0
VISUALSTYLE
  5
61
102
{ACAD_REACTORS
330
16
102
}
330
16
100
AcDbVisualStyle
  2
Facepattern
 70
15
177
3
291
1
 70
58
 90
2
176
1
 90
2
176
1
 90
0
176
1
 90
2
176
1
 40
0.6
176
1
 40
30.0
176
1
 62
7
420
16777215
176
1
 90
1
176
1
 90
4
176
1
 62
7
176
1
 62
257
176
1
 90
1
176
1
 90
1
176
1
 40
1.0
176
1
 90
8
176
1
 62
7
176
1
 40
1.0
176
1
 90
1
176
1
 90
6
176
1
 90
2
176
1
 62
7
176
1
 90
5
176
1
 90
0
176
1
 90
0
176
1
290
0
176
1
 90
1
176
1
 40
0.0
176
1
 90
0
176
1
290
0
176
1
290
1
176
1
290
1
176
1
290
0
176
1
290
0
176
1
290
0
176
1
290
0
176
1
290
0
176
1
290
0
176
1
 90
50
176
1
 40
0.0
176
1
 40
1.0
176
1
 90
0
176
1
 62
18
420
0
176
1
 90
50
176
1
 90
3
176
1
 62
5
420
255
176
1
290
0
176
1
 90
50
176
1
 90
50
176
1
 90
50
176
1
290
0
176
1
 90
50
176
1
 62
256
176
0
 40
1.0
176
0
 90
2
176
1
  1
strokes_ogs.tif
176
1
290
0
176
1
 40
1.0
176
1
 40
1.0
176
1
  0
VISUALSTYLE
  5
62
102
{ACAD_REACTORS
330
16
102
}
330
16
100
AcDbVisualStyle
  2
Flat
 70
0
177
3
291
1
 70
58
 90
2
176
1
 90
2
176
1
 90
0
176
1
 90
2
176
1
 40
0.6
176
1
 40
30.0
176
1
 62
7
420
16777215
176
1
 90
1
176
1
 90
4
176
1
 62
7
176
1
 62
257
176
1
 90
1
176
1
 90
1
176
1
 40
1.0
176
1
 90
8
176
1
 62
7
176
1
 40
1.0
176
1
 90
1
176
1
 90
6
176
1
 90
2
176
1
 62
7
176
1
 90
5
176
1
 90
0
176
1
 90
0
176
1
290
0
176
1
 90
1
176
1
 40
0.0
176
1
 90
0
176
1
290
0
176
1
290
1
176
1
290
1
176
1
290
0
176
1
290
0
176
1
290
0
176
1
290
0
176
1
290
0
176
1
290
0
176
1
 90
50
176
1
 40
0.0
176
1
 40
1.0
176
1
 90
0
176
1
 62
18
420
0
176
1
 90
50
176
1
 90
3
176
1
 62
5
420
255
176
1
290
0
176
1
 90
50
176
1
 90
50
176
1
 90
50
176
1
290
0
176
1
 90
50
176
1
 62
256
176
0
 40
1.0
176
0
 90
2
176
1
  1
strokes_ogs.tif
176
1
290
0
176
1
 40
1.0
176
1
 40
1.0
176
1
  0
VISUALSTYLE
  5
63
102
{ACAD_REACTORS
330
16
102
}
330
16
100
AcDbVisualStyle
  2
FlatWithEdges
 70
1
177
3
291
1
 70
58
 90
2
176
1
 90
2
176
1
 90
0
176
1
 90
2
176
1
 40
0.6
176
1
 40
30.0
176
1
 62
7
420
16777215
176
1
 90
1
176
1
 90
4
176
1
 62
7
176
1
 62
257
176
1
 90
1
176
1
 90
1
176
1
 40
1.0
176
1
 90
8
176
1
 62
7
176
1
 40
1.0
176
1
 90
1
176
1
 90
6
176
1
 90
2
176
1
 62
7
176
1
 90
5
176
1
 90
0
176
1
 90
0
176
1
290
0
176
1
 90
1
176
1
 40
0.0
176
1
 90
0
176
1
290
0
176
1
290
1
176
1
290
1
176
1
290
0
176
1
290
0
176
1
290
0
176
1
290
0
176
1
290
0
176
1
290
0
176
1
 90
50
176
1
 40
0.0
176
1
 40
1.0
176
1
 90
0
176
1
 62
18
420
0
176
1
 90
50
176
1
 90
3
176
1
 62
5
420
255
176
1
290
0
176
1
 90
50
176
1
 90
50
176
1
 90
50
176
1
290
0
176
1
 90
50
176
1
 62
256
176
0
 40
1.0
176
0
 90
2
176
1
  1
strokes_ogs.tif
176
1
290
0
176
1
 40
1.0
176
1
 40
1.0
176
1
  0
VISUALSTYLE
  5
64
102
{ACAD_REACTORS
330
16
102
}
330
16
100
AcDbVisualStyle
  2
Gouraud
 70
2
177
3
291
1
 70
58
 90
2
176
1
 90
2
176
1
 90
0
176
1
 90
2
176
1
 40
0.6
176
1
 40
30.0
176
1
 62
7
420
16777215
176
1
 90
1
176
1
 90
4
176
1
 62
7
176
1
 62
257
176
1
 90
1
176
1
 90
1
176
1
 40
1.0
176
1
 90
8
176
1
 62
7
176
1
 40
1.0
176
1
 90
1
176
1
 90
6
176
1
 90
2
176
1
 62
7
176
1
 90
5
176
1
 90
0
176
1
 90
0
176
1
290
0
176
1
 90
1
176
1
 40
0.0
176
1
 90
0
176
1
290
0
176
1
290
1
176
1
290
1
176
1
290
0
176
1
290
0
176
1
290
0
176
1
290
0
176
1
290
0
176
1
290
0
176
1
 90
50
176
1
 40
0.0
176
1
 40
1.0
176
1
 90
0
176
1
 62
18
420
0
176
1
 90
50
176
1
 90
3
176
1
 62
5
420
255
176
1
290
0
176
1
 90
50
176
1
 90
50
176
1
 90
50
176
1
290
0
176
1
 90
50
176
1
 62
256
176
0
 40
1.0
176
0
 90
2
176
1
  1
strokes_ogs.tif
176
1
290
0
176
1
 40
1.0
176
1
 40
1.0
176
1
  0
VISUALSTYLE
  5
65
102
{ACAD_REACTORS
330
16
102
}
330
16
100
AcDbVisualStyle
  2
GouraudWithEdges
 70
3
177
3
291
1
 70
58
 90
2
176
1
 90
2
176
1
 90
0
176
1
 90
2
176
1
 40
0.6
176
1
 40
30.0
176
1
 62
7
420
16777215
176
1
 90
1
176
1
 90
4
176
1
 62
7
176
1
 62
257
176
1
 90
1
176
1
 90
1
176
1
 40
1.0
176
1
 90
8
176
1
 62
7
176
1
 40
1.0
176
1
 90
1
176
1
 90
6
176
1
 90
2
176
1
 62
7
176
1
 90
5
176
1
 90
0
176
1
 90
0
176
1
290
0
176
1
 90
1
176
1
 40
0.0
176
1
 90
0
176
1
290
0
176
1
290
1
176
1
290
1
176
1
290
0
176
1
290
0
176
1
290
0
176
1
290
0
176
1
290
0
176
1
290
0
176
1
 90
50
176
1
 40
0.0
176
1
 40
1.0
176
1
 90
0
176
1
 62
18
420
0
176
1
 90
50
176
1
 90
3
176
1
 62
5
420
255
176
1
290
0
176
1
 90
50
176
1
 90
50
176
1
 90
50
176
1
290
0
176
1
 90
50
176
1
 62
256
176
0
 40
1.0
176
0
 90
2
176
1
  1
strokes_ogs.tif
176
1
290
0
176
1
 40
1.0
176
1
 40
1.0
176
1
  0
VISUALSTYLE
  5
66
102
{ACAD_REACTORS
330
16
102
}
330
16
100
AcDbVisualStyle
  2
Hidden
 70
6
177
3
291
0
 70
58
 90
2
176
1
 90
2
176
1
 90
0
176
1
 90
1
176
1
 40
0.6
176
1
 40
30.0
176
1
 62
7
420
16777215
176
1
 90
1
176
1
 90
4
176
1
 62
7
176
1
 62
257
176
1
 90
1
176
1
 90
1
176
1
 40
1.0
176
1
 90
8
176
1
 62
7
176
1
 40
1.0
176
1
 90
1
176
1
 90
6
176
1
 90
2
176
1
 62
7
176
1
 90
5
176
1
 90
0
176
1
 90
0
176
1
290
0
176
1
 90
1
176
1
 40
0.0
176
1
 90
0
176
1
290
0
176
1
290
1
176
1
290
1
176
1
290
0
176
1
290
0
176
1
290
0
176
1
290
0
176
1
290
0
176
1
290
0
176
1
 90
50
176
1
 40
0.0
176
1
 40
1.0
176
1
 90
0
176
1
 62
18
420
0
176
1
 90
50
176
1
 90
3
176
1
 62
5
420
255
176
1
290
0
176
1
 90
50
176
1
 90
50
176
1
 90
50
176
1
290
0
176
1
 90
50
176
1
 62
256
176
0
 40
1.0
176
0
 90
2
176
1
  1
strokes_ogs.tif
176
1
290
0
176
1
 40
1.0
176
1
 40
1.0
176
1
  0
VISUALSTYLE
  5
67
102
{ACAD_REACTORS
330
16
102
}
330
16
100
AcDbVisualStyle
  2
JitterOff
 70
20
177
3
291
1
 70
58
 90
2
176
1
 90
2
176
1
 90
0
176
1
 90
2
176
1
 40
0.6
176
1
 40
30.0
176
1
 62
7
420
16777215
176
1
 90
1
176
1
 90
4
176
1
 62
7
176
1
 62
257
176
1
 90
1
176
1
 90
1
176
1
 40
1.0
176
1
 90
8
176
1
 62
7
176
1
 40
1.0
176
1
 90
1
176
1
 90
6
176
1
 90
2
176
1
 62
7
176
1
 90
5
176
1
 90
0
176
1
 90
0
176
1
290
0
176
1
 90
1
176
1
 40
0.0
176
1
 90
0
176
1
290
0
176
1
290
1
176
1
290
1
176
1
290
0
176
1
290
0
176
1
290
0
176
1
290
0
176
1
290
0
176
1
290
0
176
1
 90
50
176
1
 40
0.0
176
1
 40
1.0
176
1
 90
0
176
1
 62
18
420
0
176
1
 90
50
176
1
 90
3
176
1
 62
5
420
255
176
1
290
0
176
1
 90
50
176
1
 90
50
176
1
 90
50
176
1
290
0
176
1
 90
50
176
1
 62
256
176
0
 40
1.0
176
0
 90
2
176
1
  1
strokes_ogs.tif
176
1
290
0
176
1
 40
1.0
176
1
 40
1.0
176
1
  0
VISUALSTYLE
  5
68
102
{ACAD_REACTORS
330
16
102
}
330
16
100
AcDbVisualStyle
  2
Linepattern
 70
14
177
3
291
1
 70
58
 90
2
176
1
 90
2
176
1
 90
0
176
1
 90
2
176
1
 40
0.6
176
1
 40
30.0
176
1
 62
7
420
16777215
176
1
 90
1
176
1
 90
4
176
1
 62
7
176
1
 62
257
176
1
 90
1
176
1
 90
1
176
1
 40
1.0
176
1
 90
8
176
1
 62
7
176
1
 40
1.0
176
1
 90
1
176
1
 90
6
176
1
 90
2
176
1
 62
7
176
1
 90
5
176
1
 90
0
176
1
 90
0
176
1
290
0
176
1
 90
1
176
1
 40
0.0
176
1
 90
0
176
1
290
0
176
1
290
1
176
1
290
1
176
1
290
0
176
1
290
0
176
1
290
0
176
1
290
0
176
1
290
0
176
1
290
0
176
1
 90
50
176
1
 40
0.0
176
1
 40
1.0
176
1
 90
0
176
1
 62
18
420
0
176
1
 90
50
176
1
 90
3
176
1
 62
5
420
255
176
1
290
0
176
1
 90
50
176
1
 90
50
176
1
 90
50
176
1
290
0
176
1
 90
50
176
1
 62
256
176
0
 40
1.0
176
0
 90
2
176
1
  1
strokes_ogs.tif
176
1
290
0
176
1
 40
1.0
176
1
 40
1.0
176
1
  0
VISUALSTYLE
  5
69
102
{ACAD_REACTORS
330
16
102
}
330
16
100
AcDbVisualStyle
  2
Modeling
 70
10
177
3
291
0
 70
58
 90
2
176
1
 90
2
176
1
 90
0
176
1
 90
2
176
1
 40
0.6
176
1
 40
30.0
176
1
 62
7
420
16777215
176
1
 90
1
176
1
 90
4
176
1
 62
7
176
1
 62
257
176
1
 90
1
176
1
 90
1
176
1
 40
1.0
176
1
 90
8
176
1
 62
7
176
1
 40
1.0
176
1
 90
1
176
1
 90
6
176
1
 90
2
176
1
 62
7
176
1
 90
5
176
1
 90
0
176
1
 90
0
176
1
290
0
176
1
 90
1
176
1
 40
0.0
176
1
 90
0
176
1
290
0
176
1
290
1
176
1
290
1
176
1
290
0
176
1
290
0
176
1
290
0
176
1
290
0
176
1
290
0
176
1
290
0
176
1
 90
50
176
1
 40
0.0
176
1
 40
1.0
176
1
 90
0
176
1
 62
18
420
0
176
1
 90
50
176
1
 90
3
176
1
 62
5
420
255
176
1
290
0
176
1
 90
50
176
1
 90
50
176
1
 90
50
176
1
290
0
176
1
 90
50
176
1
 62
256
176
0
 40
1.0
176
0
 90
2
176
1
  1
strokes_ogs.tif
176
1
290
0
176
1
 40
1.0
176
1
 40
1.0
176
1
  0
VISUALSTYLE
  5
6A
102
{ACAD_REACTORS
330
16
102
}
330
16
100
AcDbVisualStyle
  2
OverhangOff
 70
21
177
3
291
1
 70
58
 90
2
176
1
 90
2
176
1
 90
0
176
1
 90
2
176
1
 40
0.6
176
1
 40
30.0
176
1
 62
7
420
16777215
176
1
 90
1
176
1
 90
4
176
1
 62
7
176
1
 62
257
176
1
 90
1
176
1
 90
1
176
1
 40
1.0
176
1
 90
8
176
1
 62
7
176
1
 40
1.0
176
1
 90
1
176
1
 90
6
176
1
 90
2
176
1
 62
7
176
1
 90
5
176
1
 90
0
176
1
 90
0
176
1
290
0
176
1
 90
1
176
1
 40
0.0
176
1
 90
0
176
1
290
0
176
1
290
1
176
1
290
1
176
1
290
0
176
1
290
0
176
1
290
0
176
1
290
0
176
1
290
0
176
1
290
0
176
1
 90
50
176
1
 40
0.0
176
1
 40
1.0
176
1
 90
0
176
1
 62
18
420
0
176
1
 90
50
176
1
 90
3
176
1
 62
5
420
255
176
1
290
0
176
1
 90
50
176
1
 90
50
176
1
 90
50
176
1
290
0
176
1
 90
50
176
1
 62
256
176
0
 40
1.0
176
0
 90
2
176
1
  1
strokes_ogs.tif
176
1
290
0
176
1
 40
1.0
176
1
 40
1.0
176
1
  0
VISUALSTYLE
  5
6B
102
{ACAD_REACTORS
330
16
102
}
330
16
100
AcDbVisualStyle
  2
Realistic
 70
8
177
3
291
0
 70
58
 90
2
176
1
 90
2
176
1
 90
0
176
1
 90
2
176
1
 40
0.6
176
1
 40
30.0
176
1
 62
7
420
16777215
176
1
 90
1
176
1
 90
4
176
1
 62
7
176
1
 62
257
176
1
 90
1
176
1
 90
1
176
1
 40
1.0
176
1
 90
8
176
1
 62
7
176
1
 40
1.0
176
1
 90
1
176
1
 90
6
176
1
 90
2
176
1
 62
7
176
1
 90
5
176
1
 90
0
176
1
 90
0
176
1
290
0
176
1
 90
1
176
1
 40
0.0
176
1
 90
0
176
1
290
0
176
1
290
1
176
1
290
1
176
1
290
0
176
1
290
0
176
1
290
0
176
1
290
0
176
1
290
0
176
1
290
0
176
1
 90
50
176
1
 40
0.0
176
1
 40
1.0
176
1
 90
0
176
1
 62
18
420
0
176
1
 90
50
176
1
 90
3
176
1
 62
5
420
255
176
1
290
0
176
1
 90
50
176
1
 90
50
176
1
 90
50
176
1
290
0
176
1
 90
50
176
1
 62
256
176
0
 40
1.0
176
0
 90
2
176
1
  1
strokes_ogs.tif
176
1
290
0
176
1
 40
1.0
176
1
 40
1.0
176
1
  0
VISUALSTYLE
  5
6C
102
{ACAD_REACTORS
330
16
102
}
330
16
100
AcDbVisualStyle
  2
Shaded
 70
27
177
3
291
0
 70
58
 90
2
176
1
 90
2
176
1
 90
0
176
1
 90
2
176
1
 40
0.6
176
1
 40
30.0
176
1
 62
7
420
16777215
176
1
 90
1
176
1
 90
4
176
1
 62
7
176
1
 62
257
176
1
 90
1
176
1
 90
1
176
1
 40
1.0
176
1
 90
8
176
1
 62
7
176
1
 40
1.0
176
1
 90
1
176
1
 90
6
176
1
 90
2
176
1
 62
7
176
1
 90
5
176
1
 90
0
176
1
 90
0
176
1
290
0
176
1
 90
1
176
1
 40
0.0
176
1
 90
0
176
1
290
0
176
1
290
1
176
1
290
1
176
1
290
0
176
1
290
0
176
1
290
0
176
1
290
0
176
1
290
0
176
1
290
0
176
1
 90
50
176
1
 40
0.0
176
1
 40
1.0
176
1
 90
0
176
1
 62
18
420
0
176
1
 90
50
176
1
 90
3
176
1
 62
5
420
255
176
1
290
0
176
1
 90
50
176
1
 90
50
176
1
 90
50
176
1
290
0
176
1
 90
50
176
1
 62
256
176
0
 40
1.0
176
0
 90
2
176
1
  1
strokes_ogs.tif
176
1
290
0
176
1
 40
1.0
176
1
 40
1.0
176
1
  0
VISUALSTYLE
  5
6D
102
{ACAD_REACTORS
330
16
102
}
330
16
100
AcDbVisualStyle
  2
Shaded with edges
 70
26
177
3
291
0
 70
58
 90
2
176
1
 90
2
176
1
 90
0
176
1
 90
2
176
1
 40
0.6
176
1
 40
30.0
176
1
 62
7
420
16777215
176
1
 90
1
176
1
 90
4
176
1
 62
7
176
1
 62
257
176
1
 90
1
176
1
 90
1
176
1
 40
1.0
176
1
 90
8
176
1
 62
7
176
1
 40
1.0
176
1
 90
1
176
1
 90
6
176
1
 90
2
176
1
 62
7
176
1
 90
5
176
1
 90
0
176
1
 90
0
176
1
290
0
176
1
 90
1
176
1
 40
0.0
176
1
 90
0
176
1
290
0
176
1
290
1
176
1
290
1
176
1
290
0
176
1
290
0
176
1
290
0
176
1
290
0
176
1
290
0
176
1
290
0
176
1
 90
50
176
1
 40
0.0
176
1
 40
1.0
176
1
 90
0
176
1
 62
18
420
0
176
1
 90
50
176
1
 90
3
176
1
 62
5
420
255
176
1
290
0
176
1
 90
50
176
1
 90
50
176
1
 90
50
176
1
290
0
176
1
 90
50
176
1
 62
256
176
0
 40
1.0
176
0
 90
2
176
1
  1
strokes_ogs.tif
176
1
290
0
176
1
 40
1.0
176
1
 40
1.0
176
1
  0
VISUALSTYLE
  5
6E
102
{ACAD_REACTORS
330
16
102
}
330
16
100
AcDbVisualStyle
  2
Shades of Gray
 70
23
177
3
291
0
 70
58
 90
2
176
1
 90
2
176
1
 90
0
176
1
 90
2
176
1
 40
0.6
176
1
 40
30.0
176
1
 62
7
420
16777215
176
1
 90
1
176
1
 90
4
176
1
 62
7
176
1
 62
257
176
1
 90
1
176
1
 90
1
176
1
 40
1.0
176
1
 90
8
176
1
 62
7
176
1
 40
1.0
176
1
 90
1
176
1
 90
6
176
1
 90
2
176
1
 62
7
176
1
 90
5
176
1
 90
0
176
1
 90
0
176
1
290
0
176
1
 90
1
176
1
 40
0.0
176
1
 90
0
176
1
290
0
176
1
290
1
176
1
290
1
176
1
290
0
176
1
290
0
176
1
290
0
176
1
290
0
176
1
290
0
176
1
290
0
176
1
 90
50
176
1
 40
0.0
176
1
 40
1.0
176
1
 90
0
176
1
 62
18
420
0
176
1
 90
50
176
1
 90
3
176
1
 62
5
420
255
176
1
290
0
176
1
 90
50
176
1
 90
50
176
1
 90
50
176
1
290
0
176
1
 90
50
176
1
 62
256
176
0
 40
1.0
176
0
 90
2
176
1
  1
strokes_ogs.tif
176
1
290
0
176
1
 40
1.0
176
1
 40
1.0
176
1
  0
VISUALSTYLE
  5
6F
102
{ACAD_REACTORS
330
16
102
}
330
16
100
AcDbVisualStyle
  2
Sketchy
 70
24
177
3
291
0
 70
58
 90
2
176
1
 90
2
176
1
 90
0
176
1
 90
1
176
1
 40
0.6
176
1
 40
30.0
176
1
 62
7
420
16777215
176
1
 90
1
176
1
 90
4
176
1
 62
7
176
1
 62
257
176
1
 90
1
176
1
 90
1
176
1
 40
1.0
176
1
 90
8
176
1
 62
7
176
1
 40
1.0
176
1
 90
1
176
1
 90
6
176
1
 90
2
176
1
 62
7
176
1
 90
5
176
1
 90
0
176
1
 90
0
176
1
290
0
176
1
 90
1
176
1
 40
0.0
176
1
 90
0
176
1
290
0
176
1
290
1
176
1
290
1
176
1
290
0
176
1
290
0
176
1
290
0
176
1
290
0
176
1
290
0
176
1
290
0
176
1
 90
50
176
1
 40
0.0
176
1
 40
1.0
176
1
 90
0
176
1
 62
18
420
0
176
1
 90
50
176
1
 90
3
176
1
 62
5
420
255
176
1
290
0
176
1
 90
50
176
1
 90
50
176
1
 90
50
176
1
290
0
176
1
 90
50
176
1
 62
256
176
0
 40
1.0
176
0
 90
2
176
1
  1
strokes_ogs.tif
176
1
290
0
176
1
 40
1.0
176
1
 40
1.0
176
1
  0
VISUALSTYLE
  5
70
102
{ACAD_REACTORS
330
16
102
}
330
16
100
AcDbVisualStyle
  2
Thicken
 70
13
177
3
291
1
 70
58
 90
2
176
1
 90
2
176
1
 90
0
176
1
 90
2
176
1
 40
0.6
176
1
 40
30.0
176
1
 62
7
420
16777215
176
1
 90
1
176
1
 90
4
176
1
 62
7
176
1
 62
257
176
1
 90
1
176
1
 90
1
176
1
 40
1.0
176
1
 90
8
176
1
 62
7
176
1
 40
1.0
176
1
 90
1
176
1
 90
6
176
1
 90
2
176
1
 62
7
176
1
 90
5
176
1
 90
0
176
1
 90
0
176
1
290
0
176
1
 90
1
176
1
 40
0.0
176
1
 90
0
176
1
290
0
176
1
290
1
176
1
290
1
176
1
290
0
176
1
290
0
176
1
290
0
176
1
290
0
176
1
290
0
176
1
290
0
176
1
 90
50
176
1
 40
0.0
176
1
 40
1.0
176
1
 90
0
176
1
 62
18
420
0
176
1
 90
50
176
1
 90
3
176
1
 62
5
420
255
176
1
290
0
176
1
 90
50
176
1
 90
50
176
1
 90
50
176
1
290
0
176
1
 90
50
176
1
 62
256
176
0
 40
1.0
176
0
 90
2
176
1
  1
strokes_ogs.tif
176
1
290
0
176
1
 40
1.0
176
1
 40
1.0
176
1
  0
VISUALSTYLE
  5
71
102
{ACAD_REACTORS
330
16
102
}
330
16
100
AcDbVisualStyle
  2
Wireframe
 70
5
177
3
291
0
 70
58
 90
2
176
1
 90
2
176
1
 90
0
176
1
 90
0
176
1
 40
0.6
176
1
 40
30.0
176
1
 62
7
420
16777215
176
1
 90
1
176
1
 90
4
176
1
 62
7
176
1
 62
257
176
1
 90
1
176
1
 90
1
176
1
 40
1.0
176
1
 90
8
176
1
 62
7
176
1
 40
1.0
176
1
 90
1
176
1
 90
6
176
1
 90
2
176
1
 62
7
176
1
 90
5
176
1
 90
0
176
1
 90
0
176
1
290
0
176
1
 90
1
176
1
 40
0.0
176
1
 90
0
176
1
290
0
176
1
290
1
176
1
290
1
176
1
290
0
176
1
290
0
176
1
290
0
176
1
290
0
176
1
290
0
176
1
290
0
176
1
 90
50
176
1
 40
0.0
176
1
 40
1.0
176
1
 90
0
176
1
 62
18
420
0
176
1
 90
50
176
1
 90
3
176
1
 62
5
420
255
176
1
290
0
176
1
 90
50
176
1
 90
50
176
1
 90
50
176
1
290
0
176
1
 90
50
176
1
 62
256
176
0
 40
1.0
176
0
 90
2
176
1
  1
strokes_ogs.tif
176
1
290
0
176
1
 40
1.0
176
1
 40
1.0
176
1
  0
VISUALSTYLE
  5
72
102
{ACAD_REACTORS
330
16
102
}
330
16
100
AcDbVisualStyle
  2
X-Ray
 70
25
177
3
291
0
 70
58
 90
2
176
1
 90
2
176
1
 90
0
176
1
 90
2
176
1
 40
0.5
176
1
 40
30.0
176
1
 62
7
420
16777215
176
1
 90
1
176
1
 90
4
176
1
 62
7
176
1
 62
257
176
1
 90
1
176
1
 90
1
176
1
 40
1.0
176
1
 90
8
176
1
 62
7
176
1
 40
1.0
176
1
 90
1
176
1
 90
6
176
1
 90
2
176
1
 62
7
176
1
 90
5
176
1
 90
0
176
1
 90
0
176
1
290
0
176
1
 90
1
176
1
 40
0.0
176
1
 90
0
176
1
290
0
176
1
290
1
176
1
290
1
176
1
290
0
176
1
290
0
176
1
290
0
176
1
290
0
176
1
290
0
176
1
290
0
176
1
 90
50
176
1
 40
0.0
176
1
 40
1.0
176
1
 90
0
176
1
 62
18
420
0
176
1
 90
50
176
1
 90
3
176
1
 62
5
420
255
176
1
290
0
176
1
 90
50
176
1
 90
50
176
1
 90
50
176
1
290
0
176
1
 90
50
176
1
 62
256
176
0
 40
1.0
176
0
 90
2
176
1
  1
strokes_ogs.tif
176
1
290
0
176
1
 40
1.0
176
1
 40
1.0
176
1
  0
DICTIONARYVAR
  5
A37
330
2D
100
DictionaryVariables
280
0
  1
1.4.4 @ 2026-08-18T19:05:38.698489+00:00
  0
ENDSEC
  0
EOF
