; generated by PrusaSlicer 2.7.2 on 2026-08-19 at 22:35:28 UTC

; 

; external perimeters extrusion width = 0.90mm
; perimeters extrusion width = 0.90mm
; infill extrusion width = 0.90mm
; solid infill extrusion width = 0.90mm
; top infill extrusion width = 0.90mm
; first layer extrusion width = 1.00mm

;TYPE:Custom
;===== CC2_START_GCODE (de tu perfil Buddha, temps adaptadas a PLA-CF) =====
G90
M104 S150
M140 S60
M190 S60 A
M106 S0
BED_MESH_CALIBRATE mesh_min=56,62 mesh_max=199,198 ALGORITHM=bicubic PROBE_COUNT=5,5 ADAPTIVE=0 ADAPTIVE_MARGIN=0 FROM_SLICER=1
M204 S5000
G28
M109 S240
M6211 A1 L200 T0 Q240 R240 S240
T0
G180 S7
G1 X127 Y-1.2 F20000
G1 Z0.5 F900
M109 S240
M83
G92 E0
G1 E6 F251.567
M106 S200
G1 X87 E20 F6000
G1 F6000
G1 X82 E0.8
M106 S0
G180 S8
G1 F20000
G92 E0
G21 ; set units to millimeters
G90 ; use absolute coordinates
M83 ; use relative distances for extrusion
; Filament gcode
M107
;LAYER_CHANGE
;Z:0.4
;HEIGHT:0.4
G1 E-2 F2400
G1 Z.4 F18000
G1 X101.626 Y101.626
G1 Z.4
G1 E2 F2400
M204 S400
;TYPE:Skirt/Brim
;WIDTH:1
G1 F1200
G1 X103.12 Y100.132 E.3212
G1 X104.61 Y99.2 E.26718
G1 X105.888 Y98.986 E.19699
G1 X150.112 Y98.986 E6.72317
G1 X151.826 Y99.381 E.2674
G1 X152.88 Y100.132 E.19675
G1 X155.868 Y103.12 E.64241
G1 X156.8 Y104.61 E.26718
G1 X157.014 Y105.888 E.19699
G1 X157.014 Y150.112 E6.72317
G1 X156.619 Y151.826 E.2674
G1 X155.868 Y152.88 E.19675
G1 X152.88 Y155.868 E.64241
G1 X151.39 Y156.8 E.26718
G1 X150.112 Y157.014 E.19699
G1 X105.888 Y157.014 E6.72317
G1 X104.174 Y156.619 E.2674
G1 X103.12 Y155.868 E.19675
G1 X100.132 Y152.88 E.64241
G1 X99.2 Y151.39 E.26718
G1 X98.986 Y150.112 E.19699
G1 X98.986 Y105.888 E6.72317
G1 X99.381 Y104.174 E.2674
G1 X100.132 Y103.12 E.19675
G1 X101.541 Y101.711 E.30293
M204 S8000
G1 E-2 F2400
G1 X101.541 Y101.711 F18000
G1 X104.912 Y105.132
G1 E2 F2400
M204 S400
G1 F1200
G1 X105.36 Y104.69 E.09568
G1 X105.949 Y104.291 E.10815
G1 X106.791 Y103.939 E.13874
G1 X107.595 Y103.786 E.12442
G1 X148.499 Y103.795 E6.21844
G1 X149.305 Y103.97 E.12539
G1 X150.136 Y104.337 E.1381
G1 X150.699 Y104.74 E.10526
G1 X151.265 Y105.305 E.12158
G1 X151.761 Y106.048 E.13581
G1 X152.064 Y106.8 E.12325
G1 X152.214 Y107.595 E.12299
G1 X152.214 Y148.405 E6.20415
G1 X152.064 Y149.2 E.12299
G1 X151.761 Y149.952 E.12325
G1 X151.265 Y150.693 E.13556
G1 X150.64 Y151.31 E.13352
G1 X150.051 Y151.709 E.10815
G1 X149.209 Y152.061 E.13874
G1 X148.405 Y152.214 E.12442
G1 X107.595 Y152.214 E6.20415
G1 X106.8 Y152.064 E.12299
G1 X106.048 Y151.761 E.12325
G1 X105.307 Y151.265 E.13556
G1 X104.69 Y150.64 E.13352
G1 X104.291 Y150.051 E.10815
G1 X103.939 Y149.209 E.13874
G1 X103.786 Y148.405 E.12442
G1 X103.786 Y107.595 E6.20415
G1 X103.936 Y106.8 E.12299
G1 X104.239 Y106.048 E.12325
G1 X104.735 Y105.307 E.13556
G1 X104.827 Y105.216 E.01967
M204 S8000
G1 X104.827 Y105.216 F18000
G1 X105.472 Y105.862
M204 S400
G1 F1200
G1 X105.919 Y105.414 E.09621
G1 X106.356 Y105.11 E.08093
G1 X107.022 Y104.825 E.11013
G1 X107.642 Y104.7 E.09615
G1 X148.449 Y104.709 E6.2037
G1 X148.977 Y104.825 E.08218
G1 X149.721 Y105.154 E.12367
G1 X150.586 Y105.92 E.17565
G1 X150.935 Y106.442 E.09546
G1 X151.177 Y107.027 E.09624
G1 X151.3 Y107.642 E.09535
G1 X151.3 Y148.358 E6.18986
G1 X151.177 Y148.973 E.09535
G1 X150.935 Y149.558 E.09624
G1 X150.586 Y150.08 E.09546
G1 X150.081 Y150.586 E.10868
G1 X149.644 Y150.89 E.08093
G1 X148.978 Y151.175 E.11013
G1 X148.358 Y151.3 E.09615
G1 X107.642 Y151.3 E6.18986
G1 X107.027 Y151.177 E.09535
G1 X106.442 Y150.935 E.09624
G1 X105.92 Y150.586 E.09546
G1 X105.414 Y150.081 E.10868
G1 X105.11 Y149.644 E.08093
G1 X104.825 Y148.978 E.11013
G1 X104.7 Y148.358 E.09615
G1 X104.7 Y107.642 E6.18986
G1 X104.823 Y107.027 E.09535
G1 X105.065 Y106.442 E.09624
G1 X105.393 Y105.951 E.08977
M204 S8000
G1 X105.393 Y105.951 F18000
G1 X106.092 Y106.535
M204 S400
G1 F1200
G1 X106.761 Y105.931 E.13702
G1 X107.687 Y105.615 E.14875
G1 X148.397 Y105.623 E6.18895
G1 X149.239 Y105.931 E.1363
G1 X149.908 Y106.535 E.13702
G1 X150.107 Y106.833 E.05448
G1 X150.385 Y107.687 E.13654
G1 X150.385 Y148.313 E6.17618
G1 X150.315 Y148.665 E.05456
G1 X149.908 Y149.465 E.13645
G1 X149.239 Y150.069 E.13702
G1 X148.313 Y150.385 E.14875
G1 X107.687 Y150.385 E6.17618
G1 X107.335 Y150.315 E.05456
G1 X106.535 Y149.908 E.13645
G1 X105.931 Y149.239 E.13702
G1 X105.615 Y148.313 E.14875
G1 X105.615 Y107.687 E6.17618
G1 X105.893 Y106.833 E.13654
G1 X106.025 Y106.635 E.03618
M204 S8000
G1 X106.025 Y106.635 F18000
G1 X106.77 Y107.149
M204 S400
G1 F1200
G1 X107.224 Y106.72 E.09496
G1 X107.732 Y106.529 E.08251
G1 X148.268 Y106.529 E6.1625
G1 X148.776 Y106.72 E.08251
G1 X149.23 Y107.149 E.09496
G1 X149.471 Y107.732 E.0959
G1 X149.471 Y148.268 E6.1625
G1 X149.23 Y148.851 E.0959
G1 X148.776 Y149.28 E.09496
G1 X148.268 Y149.471 E.08251
G1 X107.732 Y149.471 E6.1625
G1 X107.149 Y149.23 E.0959
G1 X106.72 Y148.776 E.09496
G1 X106.529 Y148.268 E.08251
G1 X106.529 Y107.732 E6.1625
G1 X106.724 Y107.26 E.07764
M204 S8000
G1 X106.724 Y107.26 F18000
G1 X107.513 Y107.7
M204 S400
G1 F1200
G1 X107.868 Y107.443 E.06663
G1 X148.132 Y107.443 E6.12115
G1 X148.3 Y107.513 E.02767
G1 X148.557 Y107.868 E.06663
G1 X148.557 Y148.132 E6.12115
G1 X148.487 Y148.3 E.02767
G1 X148.132 Y148.557 E.06663
G1 X107.868 Y148.557 E6.12115
G1 X107.7 Y148.487 E.02767
G1 X107.443 Y148.132 E.06663
G1 X107.443 Y107.868 E6.12115
G1 X107.467 Y107.811 E.0094
M204 S8000
G1 E-2 F2400
G1 X107.467 Y107.811 F18000
G1 X137.95 Y113.625
G1 E2 F2400
M204 S400
;TYPE:Perimeter
;WIDTH:1
G1 F1200
G1 X137.977 Y114.171 E.08311
G1 X138.064 Y114.611 E.06819
G1 X138.306 Y115.334 E.11591
G1 X138.578 Y115.851 E.08881
G1 X138.827 Y116.224 E.06818
G1 X139.383 Y116.85 E.12729
G1 X139.776 Y117.173 E.07734
G1 X140.149 Y117.422 E.06818
G1 X140.803 Y117.752 E.11136
G1 X141.389 Y117.936 E.09338
G1 X141.829 Y118.023 E.06819
G1 X142.724 Y118.068 E.13623
G1 X143.611 Y117.936 E.13633
G1 X144.455 Y117.634 E.13628
G1 X145.224 Y117.173 E.13631
G1 X145.672 Y116.788 E.0898
G1 X145.672 Y139.212 E3.40901
G1 X145.224 Y138.827 E.0898
G1 X144.455 Y138.366 E.13631
G1 X143.611 Y138.064 E.13628
G1 X142.709 Y137.932 E.13859
G1 X141.826 Y137.977 E.13441
G1 X141.389 Y138.064 E.06774
G1 X140.666 Y138.306 E.11591
G1 X140.149 Y138.578 E.08881
G1 X139.776 Y138.827 E.06818
G1 X139.15 Y139.383 E.12729
G1 X138.827 Y139.776 E.07734
G1 X138.578 Y140.149 E.06818
G1 X138.248 Y140.803 E.11136
G1 X138.064 Y141.389 E.09338
G1 X137.977 Y141.829 E.06819
G1 X137.932 Y142.724 E.13623
G1 X138.064 Y143.611 E.13633
G1 X138.366 Y144.455 E.13628
G1 X138.827 Y145.224 E.13631
G1 X139.212 Y145.672 E.0898
G1 X116.788 Y145.672 E3.40901
G1 X117.173 Y145.224 E.0898
G1 X117.634 Y144.455 E.13631
G1 X117.936 Y143.611 E.13628
G1 X118.068 Y142.724 E.13633
G1 X118.023 Y141.829 E.13623
G1 X117.936 Y141.389 E.06819
G1 X117.694 Y140.666 E.11591
G1 X117.422 Y140.149 E.08881
G1 X117.173 Y139.776 E.06818
G1 X116.617 Y139.15 E.12729
G1 X116.224 Y138.827 E.07734
G1 X115.851 Y138.578 E.06818
G1 X115.197 Y138.248 E.11136
G1 X114.611 Y138.064 E.09338
G1 X114.165 Y137.976 E.06911
G1 X113.265 Y137.933 E.13698
G1 X112.389 Y138.064 E.13466
G1 X111.545 Y138.366 E.13628
G1 X110.776 Y138.827 E.13631
G1 X110.328 Y139.212 E.0898
G1 X110.328 Y116.788 E3.40901
G1 X110.776 Y117.173 E.0898
G1 X111.545 Y117.634 E.13631
G1 X112.389 Y117.936 E.13628
G1 X113.276 Y118.068 E.13633
G1 X114.171 Y118.023 E.13623
G1 X114.611 Y117.936 E.06819
G1 X115.334 Y117.694 E.11591
G1 X115.851 Y117.422 E.08881
G1 X116.224 Y117.173 E.06818
G1 X116.85 Y116.617 E.12729
G1 X117.173 Y116.224 E.07734
G1 X117.422 Y115.851 E.06818
G1 X117.752 Y115.197 E.11136
G1 X117.936 Y114.611 E.09338
G1 X118.023 Y114.171 E.06819
G1 X118.068 Y113.276 E.13623
G1 X117.936 Y112.389 E.13633
G1 X117.634 Y111.545 E.13628
G1 X117.173 Y110.776 E.13631
G1 X116.788 Y110.328 E.0898
G1 X139.212 Y110.328 E3.40901
G1 X138.827 Y110.776 E.0898
G1 X138.366 Y111.545 E.13631
G1 X138.064 Y112.389 E.13628
G1 X137.932 Y113.276 E.13633
G1 X137.944 Y113.505 E.03486
M204 S8000
G1 X137.944 Y113.505 F18000
G1 X138.851 Y113.5
M204 S400
G1 F1200
G1 X138.886 Y112.918 E.08864
G1 X139.069 Y112.224 E.10911
G1 X139.384 Y111.58 E.10899
G1 X139.819 Y111.009 E.10913
G1 X140.356 Y110.533 E.10909
G1 X140.976 Y110.172 E.10907
G1 X141.23 Y110.088 E.04067
;WIDTH:0.96086
G1 X141.381 Y110.067 E.02218
;WIDTH:0.917606
G1 X141.532 Y110.046 E.02109
;WIDTH:0.874353
G1 X141.683 Y110.026 E.01997
;WIDTH:0.831099
G1 X141.834 Y110.005 E.01889
;WIDTH:0.787846
G1 X142.367 Y109.963 E.06242
;WIDTH:0.779327
G1 X143.067 Y109.996 E.08082
;WIDTH:0.8223
G1 X143.209 Y110.011 E.01749
;WIDTH:0.865272
G1 X143.35 Y110.026 E.01838
;WIDTH:0.908245
G1 X143.492 Y110.042 E.01954
;WIDTH:0.951218
G1 X143.633 Y110.057 E.02041
;WIDTH:0.994191
G1 X143.775 Y110.072 E.02157
;WIDTH:1
G1 X144.42 Y110.384 E.10893
G1 X144.991 Y110.819 E.10913
G1 X145.467 Y111.356 E.10909
G1 X145.828 Y111.976 E.10907
G1 X145.927 Y112.225 E.04074
;WIDTH:0.99291
G1 X145.943 Y112.366 E.02141
;WIDTH:0.95024
G1 X145.958 Y112.507 E.02038
;WIDTH:0.90757
G1 X145.973 Y112.648 E.01938
;WIDTH:0.8649
G1 X145.989 Y112.788 E.01826
;WIDTH:0.822231
G1 X146.004 Y112.929 E.01736
;WIDTH:0.779561
G1 X146.041 Y113.5 E.06601
G1 X146.004 Y114.071 E.06601
;WIDTH:0.824887
G1 X145.981 Y114.246 E.02169
;WIDTH:0.870215
G1 X145.958 Y114.42 E.02289
;WIDTH:0.915542
G1 X145.935 Y114.595 E.02435
;WIDTH:0.96087
G1 X145.912 Y114.77 E.02568
;WIDTH:1
G1 X145.828 Y115.024 E.04067
G1 X145.467 Y115.644 E.10907
G1 X144.991 Y116.181 E.10909
G1 X144.42 Y116.616 E.10913
G1 X143.776 Y116.931 E.10899
G1 X143.082 Y117.114 E.10911
G1 X142.366 Y117.158 E.10906
G1 X141.777 Y117.092 E.0901
G1 X141.224 Y116.931 E.08756
G1 X140.58 Y116.616 E.10899
G1 X140.009 Y116.181 E.10913
G1 X139.533 Y115.644 E.10909
G1 X139.172 Y115.024 E.10907
G1 X138.939 Y114.345 E.10913
G1 X138.842 Y113.634 E.10909
G1 X138.843 Y113.619 E.00229
M204 S8000
G1 E-2 F2400
G1 X138.843 Y113.619 F18000
G1 X146.586 Y146.586
G1 E2 F2400
M204 S400
G1 F1200
G1 X144.663 Y146.586 E.29234
G1 X143.873 Y146.605 E.12013
;WIDTH:0.960867
G1 X143.681 Y146.628 E.02814
;WIDTH:0.91554
G1 X143.489 Y146.651 E.02668
;WIDTH:0.870214
G1 X143.297 Y146.673 E.02521
;WIDTH:0.824887
G1 X143.105 Y146.696 E.02377
;WIDTH:0.779561
G1 X142.345 Y146.707 E.08769
;WIDTH:0.794212
G1 X142.089 Y146.689 E.03023
;WIDTH:0.830948
G1 X141.833 Y146.67 E.03181
;WIDTH:0.867685
G1 X141.577 Y146.652 E.03337
;WIDTH:0.91179
G1 X141.313 Y146.63 E.03639
;WIDTH:0.955895
G1 X141.05 Y146.608 E.03819
;WIDTH:1
G1 X140.786 Y146.586 E.04027
G1 X115.663 Y146.586 E3.81933
G1 X114.873 Y146.605 E.12013
;WIDTH:0.960864
G1 X114.681 Y146.628 E.02814
;WIDTH:0.915538
G1 X114.489 Y146.651 E.02668
;WIDTH:0.870212
G1 X114.297 Y146.673 E.02521
;WIDTH:0.824886
G1 X114.105 Y146.696 E.02377
;WIDTH:0.779561
G1 X113.345 Y146.707 E.08769
;WIDTH:0.794212
G1 X113.089 Y146.689 E.03023
;WIDTH:0.830948
G1 X112.833 Y146.67 E.03181
;WIDTH:0.867685
G1 X112.577 Y146.652 E.03337
;WIDTH:0.91179
G1 X112.313 Y146.63 E.03639
;WIDTH:0.955895
G1 X112.05 Y146.608 E.03819
;WIDTH:1
G1 X111.786 Y146.586 E.04027
G1 X109.414 Y146.586 E.3606
G1 X109.414 Y144.663 E.29234
G1 X109.395 Y143.873 E.12013
;WIDTH:0.960864
G1 X109.372 Y143.681 E.02814
;WIDTH:0.915538
G1 X109.349 Y143.489 E.02668
;WIDTH:0.870212
G1 X109.327 Y143.297 E.02521
;WIDTH:0.824886
G1 X109.304 Y143.105 E.02377
;WIDTH:0.77956
G1 X109.293 Y142.345 E.08769
;WIDTH:0.79421
G1 X109.311 Y142.089 E.03023
;WIDTH:0.830944
G1 X109.33 Y141.833 E.03181
;WIDTH:0.867679
G1 X109.348 Y141.577 E.03337
;WIDTH:0.911786
G1 X109.37 Y141.313 E.03639
;WIDTH:0.955893
G1 X109.392 Y141.05 E.03819
;WIDTH:1
G1 X109.414 Y140.786 E.04027
G1 X109.414 Y115.663 E3.81933
G1 X109.395 Y114.873 E.12013
;WIDTH:0.960864
G1 X109.372 Y114.681 E.02814
;WIDTH:0.915538
G1 X109.349 Y114.489 E.02668
;WIDTH:0.870212
G1 X109.327 Y114.297 E.02521
;WIDTH:0.824886
G1 X109.304 Y114.105 E.02377
;WIDTH:0.77956
G1 X109.293 Y113.345 E.08769
;WIDTH:0.79421
G1 X109.311 Y113.089 E.03023
;WIDTH:0.830944
G1 X109.33 Y112.833 E.03181
;WIDTH:0.867679
G1 X109.348 Y112.577 E.03337
;WIDTH:0.911786
G1 X109.37 Y112.313 E.03639
;WIDTH:0.955893
G1 X109.392 Y112.05 E.03819
;WIDTH:1
G1 X109.414 Y111.786 E.04027
G1 X109.414 Y109.414 E.3606
G1 X111.337 Y109.414 E.29234
G1 X112.127 Y109.395 E.12013
;WIDTH:0.96086
G1 X112.319 Y109.372 E.02814
;WIDTH:0.915555
G1 X112.51 Y109.349 E.02654
;WIDTH:0.870251
G1 X112.702 Y109.327 E.02521
;WIDTH:0.824947
G1 X112.893 Y109.304 E.02365
;WIDTH:0.779643
G1 X113.491 Y109.291 E.06901
;WIDTH:0.779326
G1 X114.1 Y109.304 E.07025
;WIDTH:0.8223
G1 X114.255 Y109.325 E.01916
;WIDTH:0.865275
G1 X114.409 Y109.347 E.02016
;WIDTH:0.908249
G1 X114.564 Y109.368 E.02139
;WIDTH:0.951224
G1 X114.718 Y109.39 E.02239
;WIDTH:0.994199
G1 X114.873 Y109.411 E.02363
;WIDTH:1
G1 X140.337 Y109.414 E3.87117
G1 X141.127 Y109.395 E.12013
;WIDTH:0.96086
G1 X141.319 Y109.372 E.02814
;WIDTH:0.915555
G1 X141.51 Y109.349 E.02654
;WIDTH:0.870251
G1 X141.702 Y109.327 E.02521
;WIDTH:0.824947
G1 X141.893 Y109.304 E.02365
;WIDTH:0.779643
G1 X142.491 Y109.291 E.06901
;WIDTH:0.779327
G1 X143.1 Y109.304 E.07025
;WIDTH:0.8223
G1 X143.255 Y109.325 E.01916
;WIDTH:0.865272
G1 X143.409 Y109.347 E.02016
;WIDTH:0.908245
G1 X143.564 Y109.368 E.02139
;WIDTH:0.951218
G1 X143.718 Y109.39 E.02239
;WIDTH:0.994191
G1 X143.873 Y109.411 E.02363
;WIDTH:1
G1 X146.586 Y109.414 E.41244
G1 X146.586 Y110.29 E.13317
G1 X146.589 Y112.127 E.27927
;WIDTH:0.99291
G1 X146.611 Y112.281 E.02347
;WIDTH:0.95024
G1 X146.632 Y112.434 E.0222
;WIDTH:0.90757
G1 X146.653 Y112.588 E.02124
;WIDTH:0.8649
G1 X146.675 Y112.741 E.02003
;WIDTH:0.822231
G1 X146.696 Y112.895 E.01903
;WIDTH:0.779561
G1 X146.707 Y113.655 E.08769
;WIDTH:0.798911
G1 X146.686 Y114.039 E.0456
;WIDTH:0.840347
G1 X146.666 Y114.423 E.04825
;WIDTH:0.88026
G1 X146.646 Y114.621 E.02629
;WIDTH:0.920173
G1 X146.626 Y114.819 E.02761
;WIDTH:0.960086
G1 X146.606 Y115.016 E.02879
;WIDTH:1
G1 X146.586 Y115.214 E.03025
G1 X146.589 Y141.127 E3.93943
;WIDTH:0.99291
G1 X146.611 Y141.281 E.02347
;WIDTH:0.95024
G1 X146.632 Y141.434 E.0222
;WIDTH:0.90757
G1 X146.653 Y141.588 E.02124
;WIDTH:0.8649
G1 X146.675 Y141.741 E.02003
;WIDTH:0.822231
G1 X146.696 Y141.895 E.01903
;WIDTH:0.779561
G1 X146.707 Y142.655 E.08769
;WIDTH:0.798912
G1 X146.686 Y143.039 E.0456
;WIDTH:0.840347
G1 X146.666 Y143.423 E.04825
;WIDTH:0.88026
G1 X146.646 Y143.621 E.02629
;WIDTH:0.920173
G1 X146.626 Y143.819 E.02761
;WIDTH:0.960086
G1 X146.606 Y144.016 E.02879
;WIDTH:1
G1 X146.586 Y144.214 E.03025
G1 X146.586 Y146.466 E.34236
M204 S8000
G1 E-2 F2400
G1 X146.586 Y146.466 F18000
G1 X145.763 Y110.199
G1 E2 F2400
M204 S400
;WIDTH:0.922881
G1 F1200
G1 X145.658 Y110.199 E.01462
G1 X145.606 Y110.29 E.01459
G1 X145.658 Y110.38 E.01447
G1 X145.763 Y110.38 E.01462
G1 X145.815 Y110.29 E.01447
M204 S8000
G1 E-2 F2400
G1 X145.815 Y110.29 F18000
G1 X147.5 Y147.5
G1 E2 F2400
M204 S400
;TYPE:External perimeter
;WIDTH:1
G1 F1200
G1 X108.5 Y147.5 E5.92899
G1 X108.5 Y108.5 E5.92899
G1 X147.5 Y108.5 E5.92899
G1 X147.5 Y110.29 E.27213
G1 X147.5 Y147.38 E5.63862
M204 S8000
G1 X146.709 Y147.499 F18000
G1 E-2 F2400
G1 X139.755 Y113.506 F18000
G1 E2 F2400
M204 S400
G1 F1200
G1 X139.796 Y113.008 E.07596
G1 X139.944 Y112.49 E.0819
G1 X140.19 Y112.011 E.08186
G1 X140.525 Y111.589 E.08191
G1 X140.936 Y111.24 E.08197
G1 X141.407 Y110.978 E.08194
G1 X141.92 Y110.814 E.08188
G1 X142.446 Y110.752 E.08052
G1 X142.991 Y110.796 E.08312
G1 X143.51 Y110.944 E.08205
G1 X143.989 Y111.19 E.08186
G1 X144.411 Y111.525 E.08191
G1 X144.76 Y111.936 E.08197
G1 X145.022 Y112.407 E.08194
G1 X145.186 Y112.92 E.08188
G1 X145.248 Y113.455 E.08188
G1 X145.204 Y113.992 E.08191
G1 X145.056 Y114.51 E.0819
G1 X144.81 Y114.989 E.08186
G1 X144.475 Y115.411 E.08191
G1 X144.064 Y115.76 E.08197
G1 X143.593 Y116.022 E.08194
G1 X143.08 Y116.186 E.08188
G1 X142.545 Y116.248 E.08188
G1 X142.008 Y116.204 E.08191
G1 X141.49 Y116.056 E.0819
G1 X141.011 Y115.81 E.08186
G1 X140.589 Y115.475 E.08191
G1 X140.24 Y115.064 E.08197
G1 X139.978 Y114.593 E.08194
G1 X139.814 Y114.08 E.08188
G1 X139.761 Y113.625 E.06964
M204 S8000
G1 X139.864 Y112.832 F18000
G1 E-2 F2400
G1 X139.857 Y145.01 F18000
G1 E2 F2400
M204 S400
;TYPE:Perimeter
G1 F1200
G1 X139.533 Y144.644 E.07431
G1 X139.172 Y144.024 E.10907
G1 X138.939 Y143.345 E.10913
G1 X138.842 Y142.634 E.10909
G1 X138.886 Y141.918 E.10906
G1 X139.069 Y141.224 E.10911
G1 X139.384 Y140.58 E.10899
G1 X139.819 Y140.009 E.10913
G1 X140.009 Y139.819 E.04085
G1 X140.407 Y139.493 E.07821
G1 X140.976 Y139.172 E.09932
G1 X141.655 Y138.939 E.10913
G1 X142.355 Y138.843 E.10741
G1 X143.078 Y138.886 E.11011
G1 X143.776 Y139.069 E.1097
G1 X144.42 Y139.384 E.10899
G1 X144.991 Y139.819 E.10913
G1 X145.467 Y140.356 E.10909
G1 X145.828 Y140.976 E.10907
G1 X145.927 Y141.225 E.04074
;WIDTH:0.99291
G1 X145.943 Y141.366 E.02141
;WIDTH:0.95024
G1 X145.958 Y141.507 E.02038
;WIDTH:0.90757
G1 X145.973 Y141.648 E.01938
;WIDTH:0.8649
G1 X145.989 Y141.788 E.01826
;WIDTH:0.822231
G1 X146.004 Y141.929 E.01736
;WIDTH:0.779561
G1 X146.041 Y142.5 E.06601
G1 X146.004 Y143.071 E.06601
;WIDTH:0.824887
G1 X145.981 Y143.246 E.02169
;WIDTH:0.870212
G1 X145.958 Y143.42 E.02289
;WIDTH:0.915537
G1 X145.935 Y143.595 E.02435
;WIDTH:0.960863
G1 X145.912 Y143.77 E.02568
;WIDTH:1
G1 X145.828 Y144.024 E.04067
G1 X145.467 Y144.644 E.10907
G1 X145.091 Y145.091 E.0888
G1 X144.644 Y145.467 E.0888
G1 X144.024 Y145.828 E.10907
G1 X143.77 Y145.912 E.04067
;WIDTH:0.960867
G1 X143.619 Y145.933 E.02218
;WIDTH:0.917611
G1 X143.468 Y145.954 E.02109
;WIDTH:0.874355
G1 X143.317 Y145.974 E.01997
;WIDTH:0.831099
G1 X143.166 Y145.995 E.01889
;WIDTH:0.787843
G1 X142.623 Y146.037 E.06358
;WIDTH:0.779562
G1 X141.929 Y146.004 E.08015
;WIDTH:0.82223
G1 X141.788 Y145.989 E.01736
;WIDTH:0.864899
G1 X141.648 Y145.973 E.01826
;WIDTH:0.907568
G1 X141.507 Y145.958 E.01938
;WIDTH:0.950236
G1 X141.366 Y145.943 E.02038
;WIDTH:0.992905
G1 X141.225 Y145.927 E.02141
;WIDTH:1
G1 X140.58 Y145.616 E.10886
G1 X140.009 Y145.181 E.10913
G1 X139.937 Y145.1 E.01648
M204 S8000
G1 X139.937 Y145.1 F18000
G1 X140.531 Y144.417
M204 S400
;TYPE:External perimeter
G1 F1200
G1 X140.525 Y144.411 E.00129
G1 X140.19 Y143.989 E.08191
G1 X139.944 Y143.51 E.08186
G1 X139.796 Y142.992 E.0819
G1 X139.752 Y142.455 E.08191
G1 X139.814 Y141.92 E.08188
G1 X139.966 Y141.431 E.07785
G1 X140.213 Y140.972 E.07924
G1 X140.589 Y140.525 E.0888
G1 X140.99 Y140.202 E.07828
G1 X141.459 Y139.955 E.08058
G1 X141.961 Y139.803 E.07974
G1 X142.535 Y139.752 E.08761
G1 X143.08 Y139.814 E.08339
G1 X143.593 Y139.978 E.08188
G1 X144.064 Y140.24 E.08194
G1 X144.475 Y140.589 E.08197
G1 X144.81 Y141.011 E.08191
G1 X145.056 Y141.49 E.08186
G1 X145.204 Y142.008 E.0819
G1 X145.248 Y142.545 E.08191
G1 X145.186 Y143.08 E.08188
G1 X145.022 Y143.593 E.08188
G1 X144.76 Y144.064 E.08194
G1 X144.411 Y144.475 E.08197
G1 X143.989 Y144.81 E.08191
G1 X143.51 Y145.056 E.08186
G1 X143.026 Y145.199 E.07672
G1 X142.5 Y145.25 E.08034
G1 X141.92 Y145.186 E.08871
G1 X141.407 Y145.022 E.08188
G1 X140.936 Y144.76 E.08194
G1 X140.623 Y144.494 E.06245
M204 S8000
G1 X140.142 Y143.855 F18000
G1 E-2 F2400
G1 X145.763 Y145.62 F18000
G1 E2 F2400
M204 S400
;TYPE:Perimeter
;WIDTH:0.922881
G1 F1200
G1 X145.658 Y145.62 E.01462
G1 X145.606 Y145.71 E.01447
G1 X145.658 Y145.801 E.01459
G1 X145.763 Y145.801 E.01462
G1 X145.815 Y145.71 E.01459
M204 S8000
G1 E-2 F2400
G1 X145.815 Y145.71 F18000
G1 X110.418 Y144.446
G1 E2 F2400
M204 S400
;WIDTH:1
G1 F1200
G1 X110.172 Y144.024 E.07426
G1 X110.088 Y143.77 E.04067
;WIDTH:0.960864
G1 X110.067 Y143.619 E.02218
;WIDTH:0.917608
G1 X110.046 Y143.468 E.02109
;WIDTH:0.874353
G1 X110.026 Y143.317 E.01997
;WIDTH:0.831098
G1 X110.005 Y143.166 E.01889
;WIDTH:0.787843
G1 X109.963 Y142.623 E.06358
;WIDTH:0.779561
G1 X109.996 Y141.929 E.08015
;WIDTH:0.822229
G1 X110.011 Y141.788 E.01736
;WIDTH:0.864897
G1 X110.027 Y141.648 E.01826
;WIDTH:0.907565
G1 X110.042 Y141.507 E.01938
;WIDTH:0.950233
G1 X110.057 Y141.366 E.02038
;WIDTH:0.992901
G1 X110.073 Y141.225 E.02141
;WIDTH:1
G1 X110.384 Y140.58 E.10886
G1 X110.819 Y140.009 E.10913
G1 X111.356 Y139.533 E.10909
G1 X111.976 Y139.172 E.10907
G1 X112.655 Y138.939 E.10913
G1 X113.355 Y138.843 E.10741
G1 X114.078 Y138.886 E.11011
G1 X114.776 Y139.069 E.1097
G1 X115.42 Y139.384 E.10899
G1 X115.991 Y139.819 E.10913
G1 X116.467 Y140.356 E.10909
G1 X116.828 Y140.976 E.10907
G1 X117.061 Y141.655 E.10913
G1 X117.158 Y142.366 E.10909
G1 X117.114 Y143.082 E.10906
G1 X116.931 Y143.776 E.10911
G1 X116.616 Y144.42 E.10899
G1 X116.181 Y144.991 E.10913
G1 X115.644 Y145.467 E.10909
G1 X115.024 Y145.828 E.10907
G1 X114.77 Y145.912 E.04067
;WIDTH:0.960864
G1 X114.619 Y145.933 E.02218
;WIDTH:0.917609
G1 X114.468 Y145.954 E.02109
;WIDTH:0.874354
G1 X114.317 Y145.974 E.01997
;WIDTH:0.831099
G1 X114.166 Y145.995 E.01889
;WIDTH:0.787844
G1 X113.623 Y146.037 E.06358
;WIDTH:0.757476
G1 X113.5 Y146.041 E.01375
;WIDTH:0.779562
G1 X112.929 Y146.004 E.06601
;WIDTH:0.82223
G1 X112.788 Y145.989 E.01736
;WIDTH:0.864899
G1 X112.648 Y145.973 E.01826
;WIDTH:0.907568
G1 X112.507 Y145.958 E.01938
;WIDTH:0.950236
G1 X112.366 Y145.943 E.02038
;WIDTH:0.992905
G1 X112.225 Y145.927 E.02141
;WIDTH:1
G1 X111.58 Y145.616 E.10886
G1 X111.009 Y145.181 E.10913
G1 X110.533 Y144.644 E.10909
G1 X110.479 Y144.55 E.01648
M204 S8000
G1 X110.479 Y144.55 F18000
G1 X111.249 Y144.064
M204 S400
;TYPE:External perimeter
G1 F1200
G1 X111.19 Y143.989 E.01451
G1 X110.944 Y143.51 E.08186
G1 X110.801 Y143.026 E.07672
G1 X110.75 Y142.5 E.08034
G1 X110.814 Y141.92 E.08871
G1 X110.978 Y141.407 E.08188
G1 X111.24 Y140.936 E.08194
G1 X111.589 Y140.525 E.08197
G1 X112.011 Y140.19 E.08191
G1 X112.49 Y139.944 E.08186
G1 X113.007 Y139.796 E.08175
G1 X113.535 Y139.752 E.08055
G1 X114.039 Y139.803 E.07701
G1 X114.541 Y139.955 E.07974
G1 X114.989 Y140.19 E.07691
G1 X115.411 Y140.525 E.08191
G1 X115.76 Y140.936 E.08197
G1 X116.022 Y141.407 E.08194
G1 X116.186 Y141.92 E.08188
G1 X116.248 Y142.455 E.08188
G1 X116.204 Y142.992 E.08191
G1 X116.056 Y143.51 E.0819
G1 X115.81 Y143.989 E.08186
G1 X115.475 Y144.411 E.08191
G1 X115.064 Y144.76 E.08197
G1 X114.593 Y145.022 E.08194
G1 X114.08 Y145.186 E.08188
G1 X113.5 Y145.25 E.08871
G1 X112.92 Y145.186 E.08871
G1 X112.407 Y145.022 E.08188
G1 X111.936 Y144.76 E.08194
G1 X111.525 Y144.411 E.08197
G1 X111.324 Y144.158 E.04912
M204 S8000
G1 X110.95 Y143.451 F18000
G1 E-2 F2400
G1 X110.342 Y145.62 F18000
G1 E2 F2400
M204 S400
;TYPE:Perimeter
;WIDTH:0.922881
G1 F1200
G1 X110.237 Y145.62 E.01462
G1 X110.185 Y145.71 E.01447
G1 X110.237 Y145.801 E.01459
G1 X110.342 Y145.801 E.01462
G1 X110.394 Y145.71 E.01459
M204 S8000
G1 E-2 F2400
G1 X110.394 Y145.71 F18000
G1 X112.103 Y116.872
G1 E2 F2400
M204 S400
;WIDTH:1
G1 F1200
G1 X111.58 Y116.616 E.08852
G1 X111.009 Y116.181 E.10913
G1 X110.533 Y115.644 E.10909
G1 X110.172 Y115.024 E.10907
G1 X110.088 Y114.77 E.04067
;WIDTH:0.960864
G1 X110.067 Y114.619 E.02218
;WIDTH:0.917608
G1 X110.046 Y114.468 E.02109
;WIDTH:0.874353
G1 X110.026 Y114.317 E.01997
;WIDTH:0.831098
G1 X110.005 Y114.166 E.01889
;WIDTH:0.787843
G1 X109.963 Y113.623 E.06358
;WIDTH:0.779561
G1 X109.996 Y112.929 E.08015
;WIDTH:0.822229
G1 X110.011 Y112.788 E.01736
;WIDTH:0.864897
G1 X110.027 Y112.648 E.01826
;WIDTH:0.907565
G1 X110.042 Y112.507 E.01938
;WIDTH:0.950233
G1 X110.057 Y112.366 E.02038
;WIDTH:0.992901
G1 X110.073 Y112.225 E.02141
;WIDTH:1
G1 X110.384 Y111.58 E.10886
G1 X110.819 Y111.009 E.10913
G1 X111.356 Y110.533 E.10909
G1 X111.976 Y110.172 E.10907
G1 X112.23 Y110.088 E.04067
;WIDTH:0.96086
G1 X112.381 Y110.067 E.02218
;WIDTH:0.917606
G1 X112.532 Y110.046 E.02109
;WIDTH:0.874353
G1 X112.683 Y110.026 E.01997
;WIDTH:0.831099
G1 X112.834 Y110.005 E.01889
;WIDTH:0.787846
G1 X113.367 Y109.963 E.06242
;WIDTH:0.779326
G1 X114.067 Y109.996 E.08082
;WIDTH:0.8223
G1 X114.209 Y110.011 E.01749
;WIDTH:0.865275
G1 X114.35 Y110.026 E.01838
;WIDTH:0.908249
G1 X114.492 Y110.042 E.01954
;WIDTH:0.951224
G1 X114.633 Y110.057 E.02041
;WIDTH:0.994199
G1 X114.775 Y110.072 E.02157
;WIDTH:1
G1 X115.42 Y110.384 E.10893
G1 X115.991 Y110.819 E.10913
G1 X116.467 Y111.356 E.10909
G1 X116.828 Y111.976 E.10907
G1 X117.061 Y112.655 E.10913
G1 X117.158 Y113.366 E.10909
G1 X117.114 Y114.082 E.10906
G1 X116.931 Y114.776 E.10911
G1 X116.616 Y115.42 E.10899
G1 X116.181 Y115.991 E.10913
G1 X115.644 Y116.467 E.10909
G1 X115.024 Y116.828 E.10907
G1 X114.345 Y117.061 E.10913
G1 X113.634 Y117.158 E.10909
G1 X112.918 Y117.114 E.10906
G1 X112.224 Y116.931 E.10911
G1 X112.211 Y116.924 E.00224
M204 S8000
G1 X112.211 Y116.924 F18000
G1 X112.522 Y116.065
M204 S400
;TYPE:External perimeter
G1 F1200
G1 X112.49 Y116.056 E.00505
G1 X112.011 Y115.81 E.08186
G1 X111.589 Y115.475 E.08191
G1 X111.24 Y115.064 E.08197
G1 X110.978 Y114.593 E.08194
G1 X110.814 Y114.08 E.08188
G1 X110.752 Y113.545 E.08188
G1 X110.796 Y113.008 E.08191
G1 X110.944 Y112.49 E.0819
G1 X111.19 Y112.011 E.08186
G1 X111.525 Y111.589 E.08191
G1 X111.936 Y111.24 E.08197
G1 X112.407 Y110.978 E.08194
G1 X112.92 Y110.814 E.08188
G1 X113.446 Y110.752 E.08052
G1 X113.991 Y110.796 E.08312
G1 X114.51 Y110.944 E.08205
G1 X114.989 Y111.19 E.08186
G1 X115.411 Y111.525 E.08191
G1 X115.76 Y111.936 E.08197
G1 X116.022 Y112.407 E.08194
G1 X116.186 Y112.92 E.08188
G1 X116.248 Y113.455 E.08188
G1 X116.204 Y113.992 E.08191
G1 X116.056 Y114.51 E.0819
G1 X115.81 Y114.989 E.08186
G1 X115.475 Y115.411 E.08191
G1 X115.064 Y115.76 E.08197
G1 X114.593 Y116.022 E.08194
G1 X114.08 Y116.186 E.08188
G1 X113.545 Y116.248 E.08188
G1 X113.008 Y116.204 E.08191
G1 X112.638 Y116.098 E.05851
M204 S8000
G1 X111.932 Y115.722 F18000
G1 E-2 F2400
G1 X110.342 Y110.199 F18000
G1 E2 F2400
M204 S400
;TYPE:Perimeter
;WIDTH:0.922881
G1 F1200
G1 X110.237 Y110.199 E.01462
G1 X110.185 Y110.29 E.01459
G1 X110.237 Y110.38 E.01447
G1 X110.342 Y110.38 E.01462
G1 X110.394 Y110.29 E.01447
M204 S8000
G1 E-2 F2400
G1 X110.394 Y110.29 F18000
G1 X136.722 Y110.603
G1 E2 F2400
M204 S400
;TYPE:Solid infill
;WIDTH:1.00929
G1 F1200
G1 X137.637 Y111.518 E.19872
G1 X137.542 Y111.749 E.03836
G1 X137.405 Y112.201 E.07253
G1 X137.34 Y112.527 E.05105
G1 X135.827 Y111.014 E.3286
G1 X134.521 Y111.014 E.20056
G1 X137.704 Y114.196 E.69118
M204 S8000
G1 E-2 F2400
G1 X137.704 Y114.196 F18000
G1 X144.167 Y118.048
G1 E2 F2400
M204 S400
G1 F1200
G1 X144.986 Y118.867 E.17787
G1 X144.986 Y120.173 E.20056
G1 X143.473 Y118.66 E.3286
G1 X143.25 Y118.705 E.03494
G1 X142.78 Y118.751 E.07252
G1 X142.258 Y118.751 E.08016
G1 X144.986 Y121.479 E.59247
G1 X144.986 Y122.785 E.20056
G1 X140.596 Y118.395 E.95343
G1 X140.23 Y118.243 E.06086
G1 X139.575 Y117.878 E.11515
G1 X138.991 Y117.416 E.11436
G1 X138.777 Y117.223 E.04426
G1 X138.584 Y117.009 E.04426
G1 X138.122 Y116.425 E.11436
G1 X137.759 Y115.774 E.11447
G1 X137.591 Y115.389 E.06451
G1 X133.215 Y111.014 E.95028
G1 X131.909 Y111.014 E.20056
G1 X144.986 Y124.091 E2.84009
G1 X144.986 Y125.397 E.20056
G1 X130.603 Y111.014 E3.12373
G1 X129.297 Y111.014 E.20056
G1 X144.986 Y126.703 E3.40736
G1 X144.986 Y128.009 E.20056
G1 X127.991 Y111.014 E3.691
G1 X126.685 Y111.014 E.20056
G1 X144.986 Y129.315 E3.97464
G1 X144.986 Y130.621 E.20056
G1 X125.379 Y111.014 E4.25828
G1 X124.073 Y111.014 E.20056
G1 X144.986 Y131.927 E4.54192
G1 X144.986 Y133.232 E.20041
G1 X122.768 Y111.014 E4.82534
G1 X121.462 Y111.014 E.20056
G1 X144.986 Y134.538 E5.10898
G1 X144.986 Y135.844 E.20056
G1 X120.156 Y111.014 E5.39262
G1 X118.85 Y111.014 E.20056
G1 X144.986 Y137.15 E5.67626
G1 X144.986 Y137.872 E.11088
G1 X144.768 Y137.756 E.03792
G1 X144.251 Y137.542 E.08593
G1 X143.993 Y137.463 E.04144
G1 X118.537 Y112.007 E5.52858
G1 X118.595 Y112.201 E.0311
G1 X118.705 Y112.75 E.08599
G1 X118.751 Y113.22 E.07252
G1 X118.751 Y113.527 E.04715
G1 X142.473 Y137.249 E5.15199
G1 X142.208 Y137.25 E.0407
G1 X141.753 Y137.295 E.07022
G1 X141.452 Y137.341 E.04676
G1 X141.302 Y137.384 E.02396
G1 X118.615 Y114.697 E4.9272
G1 X118.393 Y115.441 E.11923
G1 X118.287 Y115.675 E.03945
G1 X140.328 Y137.716 E4.7869
G1 X139.575 Y138.122 E.13138
G1 X139.493 Y138.187 E.01607
G1 X117.813 Y116.507 E4.7085
G1 X117.415 Y117.01 E.0985
G1 X117.22 Y117.22 E.04401
G1 X138.777 Y138.778 E4.6819
G1 X138.584 Y138.991 E.04414
G1 X138.187 Y139.493 E.09829
G1 X116.506 Y117.812 E4.70872
G1 X116.309 Y117.951 E.03703
G1 X115.676 Y118.288 E.11013
G1 X137.713 Y140.325 E4.78603
G1 X137.607 Y140.557 E.03917
G1 X137.38 Y141.298 E.11902
G1 X114.702 Y118.62 E4.92525
G1 X114.54 Y118.661 E.02566
G1 X113.782 Y118.751 E.11722
G1 X113.527 Y118.751 E.03916
G1 X137.249 Y142.473 E5.15199
G1 X137.249 Y142.78 E.04715
G1 X137.295 Y143.25 E.07252
G1 X137.405 Y143.799 E.08599
G1 X137.464 Y143.993 E.03114
G1 X112.007 Y118.536 E5.5288
G1 X111.749 Y118.458 E.04139
G1 X111.232 Y118.244 E.08593
G1 X111.014 Y118.128 E.03792
G1 X111.014 Y118.85 E.11088
G1 X137.15 Y144.986 E5.67626
G1 X135.844 Y144.986 E.20056
G1 X111.014 Y120.156 E5.39262
G1 X111.014 Y121.462 E.20056
G1 X134.538 Y144.986 E5.10898
G1 X133.232 Y144.986 E.20056
G1 X111.014 Y122.768 E4.82534
G1 X111.014 Y124.074 E.20056
G1 X131.926 Y144.986 E4.5417
G1 X130.62 Y144.986 E.20056
G1 X111.014 Y125.38 E4.25807
G1 X111.014 Y126.685 E.20041
G1 X129.315 Y144.986 E3.97464
G1 X128.009 Y144.986 E.20056
G1 X111.014 Y127.991 E3.691
G1 X111.014 Y129.297 E.20056
G1 X126.703 Y144.986 E3.40736
G1 X125.397 Y144.986 E.20056
G1 X111.014 Y130.603 E3.12373
G1 X111.014 Y131.909 E.20056
G1 X124.091 Y144.986 E2.84009
G1 X122.785 Y144.986 E.20056
G1 X118.395 Y140.596 E.95343
G1 X118.243 Y140.23 E.06086
G1 X117.878 Y139.575 E.11515
G1 X117.416 Y138.991 E.11436
G1 X117.222 Y138.777 E.04436
G1 X117.009 Y138.584 E.04414
G1 X116.425 Y138.122 E.11436
G1 X115.774 Y137.759 E.11447
G1 X115.389 Y137.591 E.06451
G1 X111.014 Y133.215 E.95028
G1 X111.014 Y134.521 E.20056
G1 X113.741 Y137.249 E.59236
G1 X113.208 Y137.25 E.08185
G1 X112.747 Y137.296 E.07115
G1 X112.526 Y137.34 E.03461
G1 X111.014 Y135.827 E.32849
G1 X111.014 Y137.133 E.20056
G1 X111.833 Y137.952 E.17787
M204 S8000
G1 E-2 F2400
G1 X111.833 Y137.952 F18000
G1 X118.296 Y141.804
G1 E2 F2400
M204 S400
G1 F1200
G1 X121.479 Y144.986 E.69118
G1 X120.173 Y144.986 E.20056
G1 X118.66 Y143.473 E.3286
G1 X118.595 Y143.799 E.05105
G1 X118.458 Y144.251 E.07253
G1 X118.363 Y144.482 E.03836
G1 X119.278 Y145.397 E.19872
M204 S8000
M106 S255
;LAYER_CHANGE
;Z:0.8
;HEIGHT:0.4
G1 Z.8 F18000
G1 E-2 F2400
G1 Z.8 F18000
G1 X144.831 Y109.98
G1 Z.8
G1 E2 F2400
M204 S4000
;TYPE:Perimeter
;WIDTH:0.704361
G1 F900
G1 X146.02 Y109.98 E.1223
G1 X146.02 Y110.29 E.03189
G1 X146.02 Y111.169 E.09041
G1 X145.904 Y110.997 E.02134
G1 X145.351 Y110.381 E.08515
G1 X144.926 Y110.054 E.05516
M204 S8000
G1 E-2 F2400
G1 X144.926 Y110.054 F18000
G1 X138.193 Y113.471
G1 E2 F2400
M204 S4000
;WIDTH:0.9
G1 F3600
G1 X138.181 Y113.7 E.03105
G1 X138.257 Y114.356 E.08941
G1 X138.434 Y114.968 E.08626
G1 X138.586 Y115.337 E.05403
G1 X138.961 Y115.989 E.10184
G1 X139.305 Y116.413 E.07393
G1 X139.587 Y116.695 E.054
G1 X140.176 Y117.15 E.10077
G1 X140.663 Y117.414 E.075
G1 X141.032 Y117.566 E.05403
G1 X141.644 Y117.743 E.08626
G1 X142.3 Y117.819 E.08941
G1 X143.147 Y117.775 E.11483
G1 X143.968 Y117.566 E.1147
G1 X144.733 Y117.202 E.1147
G1 X145.413 Y116.695 E.11484
G1 X145.922 Y116.136 E.10236
G1 X145.922 Y139.864 E3.21266
G1 X145.695 Y139.587 E.04849
G1 X145.065 Y139.02 E.11476
G1 X144.337 Y138.586 E.11475
G1 X143.872 Y138.407 E.06746
G1 X143.219 Y138.244 E.09113
G1 X142.625 Y138.185 E.08082
G1 X141.687 Y138.249 E.1273
G1 X141.032 Y138.434 E.09215
G1 X140.663 Y138.586 E.05403
G1 X140.011 Y138.961 E.10184
G1 X139.587 Y139.305 E.07393
G1 X139.305 Y139.587 E.054
G1 X138.85 Y140.176 E.10077
G1 X138.586 Y140.663 E.075
G1 X138.434 Y141.032 E.05403
G1 X138.257 Y141.644 E.08626
G1 X138.181 Y142.3 E.08941
G1 X138.225 Y143.147 E.11483
G1 X138.434 Y143.968 E.1147
G1 X138.798 Y144.733 E.1147
G1 X139.305 Y145.413 E.11484
G1 X139.864 Y145.922 E.10236
G1 X116.136 Y145.922 E3.21266
G1 X116.695 Y145.413 E.10236
G1 X117.202 Y144.733 E.11484
G1 X117.566 Y143.968 E.1147
G1 X117.775 Y143.147 E.1147
G1 X117.819 Y142.3 E.11483
G1 X117.743 Y141.644 E.08941
G1 X117.566 Y141.032 E.08626
G1 X117.414 Y140.663 E.05403
G1 X117.039 Y140.011 E.10184
G1 X116.695 Y139.587 E.07393
G1 X116.413 Y139.305 E.054
G1 X115.824 Y138.85 E.10077
G1 X115.337 Y138.586 E.075
G1 X114.872 Y138.407 E.06746
G1 X114.219 Y138.244 E.09113
G1 X113.625 Y138.185 E.08082
G1 X112.953 Y138.218 E.0911
G1 X112.462 Y138.303 E.06747
G1 X112.032 Y138.434 E.06086
G1 X111.267 Y138.798 E.1147
G1 X110.587 Y139.305 E.11484
G1 X110.078 Y139.864 E.10236
G1 X110.078 Y116.136 E3.21266
G1 X110.587 Y116.695 E.10236
G1 X111.267 Y117.202 E.11484
G1 X112.032 Y117.566 E.1147
G1 X112.853 Y117.775 E.1147
G1 X113.7 Y117.819 E.11483
G1 X114.356 Y117.743 E.08941
G1 X114.968 Y117.566 E.08626
G1 X115.337 Y117.414 E.05403
G1 X115.989 Y117.039 E.10184
G1 X116.413 Y116.695 E.07393
G1 X116.695 Y116.413 E.054
G1 X117.15 Y115.824 E.10077
G1 X117.414 Y115.337 E.075
G1 X117.566 Y114.968 E.05403
G1 X117.743 Y114.356 E.08626
G1 X117.819 Y113.7 E.08941
G1 X117.775 Y112.853 E.11483
G1 X117.566 Y112.032 E.1147
G1 X117.202 Y111.267 E.1147
G1 X116.695 Y110.587 E.11484
G1 X116.136 Y110.078 E.10236
G1 X139.864 Y110.078 E3.21266
G1 X139.305 Y110.587 E.10236
G1 X138.798 Y111.267 E.11484
G1 X138.434 Y112.032 E.1147
G1 X138.225 Y112.853 E.1147
G1 X138.199 Y113.351 E.06752
M204 S8000
G1 X138.199 Y113.351 F18000
G1 X138.999 Y113.497
M204 S4000
G1 F900
G1 X139.036 Y112.933 E.07653
G1 X139.213 Y112.268 E.09317
G1 X139.516 Y111.65 E.09319
G1 X139.934 Y111.104 E.0931
G1 X140.451 Y110.649 E.09325
G1 X141.047 Y110.304 E.09324
G1 X141.699 Y110.087 E.09304
;WIDTH:0.89086
G1 X141.993 Y110.043 E.0398
;WIDTH:0.876661
G1 X142.666 Y110.018 E.08857
;WIDTH:0.883339
G1 X143.019 Y110.041 E.04692
;WIDTH:0.897464
G1 X143.674 Y110.198 E.09091
;WIDTH:0.9
G1 X144.35 Y110.516 E.10115
G1 X144.896 Y110.934 E.0931
G1 X145.351 Y111.451 E.09325
G1 X145.696 Y112.047 E.09324
G1 X145.912 Y112.7 E.09312
;WIDTH:0.887731
G1 X145.987 Y113.382 E.0915
;WIDTH:0.87956
G1 X145.954 Y114.066 E.09039
;WIDTH:0.897757
G1 X145.786 Y114.732 E.09274
;WIDTH:0.9
G1 X145.484 Y115.35 E.09313
G1 X145.066 Y115.896 E.0931
G1 X144.549 Y116.351 E.09325
G1 X143.953 Y116.696 E.09324
G1 X143.302 Y116.918 E.09313
G1 X142.62 Y117.008 E.09314
G1 X141.933 Y116.964 E.09321
G1 X141.268 Y116.787 E.09317
G1 X140.65 Y116.484 E.09319
G1 X140.104 Y116.066 E.0931
G1 X139.649 Y115.549 E.09325
G1 X139.304 Y114.953 E.09324
G1 X139.082 Y114.302 E.09313
G1 X138.992 Y113.62 E.09314
G1 X138.992 Y113.617 E.00041
M204 S8000
G1 X138.992 Y113.617 F18000
G1 X139.803 Y113.531
M204 S3000
;TYPE:External perimeter
G1 F900
G1 X139.846 Y113.013 E.07038
G1 X139.992 Y112.504 E.0717
G1 X140.234 Y112.034 E.07158
G1 X140.564 Y111.62 E.07168
G1 X140.968 Y111.279 E.07158
G1 X141.431 Y111.022 E.0717
G1 X141.934 Y110.861 E.07151
G1 X142.705 Y110.811 E.10461
G1 X143.476 Y110.987 E.10707
G1 X143.966 Y111.234 E.0743
G1 X144.38 Y111.564 E.07168
G1 X144.721 Y111.968 E.07158
G1 X144.978 Y112.431 E.0717
G1 X145.139 Y112.934 E.07151
G1 X145.198 Y113.46 E.07166
G1 X145.154 Y113.987 E.0716
G1 X145.008 Y114.496 E.0717
G1 X144.766 Y114.966 E.07158
G1 X144.436 Y115.38 E.07168
G1 X144.032 Y115.721 E.07158
G1 X143.569 Y115.978 E.0717
G1 X143.066 Y116.139 E.07151
G1 X142.54 Y116.198 E.07166
G1 X142.013 Y116.154 E.0716
G1 X141.504 Y116.008 E.0717
G1 X141.034 Y115.766 E.07158
G1 X140.62 Y115.436 E.07168
G1 X140.279 Y115.032 E.07158
G1 X140.022 Y114.569 E.0717
G1 X139.861 Y114.066 E.07151
G1 X139.814 Y113.65 E.05668
M204 S8000
G1 X139.91 Y112.856 F18000
G1 E-2 F2400
G1 X109.98 Y111.169 F18000
G1 E2 F2400
M204 S4000
;TYPE:Perimeter
;WIDTH:0.704361
G1 F900
G1 X109.98 Y109.98 E.1223
G1 X111.169 Y109.98 E.1223
G1 X110.997 Y110.096 E.02134
G1 X110.381 Y110.649 E.08515
G1 X110.054 Y111.074 E.05516
M204 S8000
G1 E-2 F2400
G1 X110.054 Y111.074 F18000
G1 X112.158 Y116.733
G1 E2 F2400
M204 S4000
;WIDTH:0.9
G1 F900
G1 X111.65 Y116.484 E.0766
G1 X111.104 Y116.066 E.0931
G1 X110.649 Y115.549 E.09325
G1 X110.304 Y114.953 E.09324
G1 X110.087 Y114.301 E.09304
;WIDTH:0.890851
G1 X110.013 Y113.618 E.09197
;WIDTH:0.87956
G1 X110.046 Y112.934 E.09039
;WIDTH:0.899342
G1 X110.213 Y112.268 E.09289
;WIDTH:0.9
G1 X110.516 Y111.65 E.09319
G1 X110.934 Y111.104 E.0931
G1 X111.451 Y110.649 E.09325
G1 X112.047 Y110.304 E.09324
G1 X112.699 Y110.087 E.09304
;WIDTH:0.89086
G1 X112.993 Y110.043 E.0398
;WIDTH:0.876661
G1 X113.666 Y110.018 E.08857
;WIDTH:0.883339
G1 X114.019 Y110.041 E.04692
;WIDTH:0.897464
G1 X114.674 Y110.198 E.09091
;WIDTH:0.9
G1 X115.35 Y110.516 E.10115
G1 X115.896 Y110.934 E.0931
G1 X116.351 Y111.451 E.09325
G1 X116.696 Y112.047 E.09324
G1 X116.918 Y112.698 E.09313
G1 X117.008 Y113.38 E.09314
G1 X116.964 Y114.067 E.09321
G1 X116.787 Y114.732 E.09317
G1 X116.484 Y115.35 E.09319
G1 X116.066 Y115.896 E.0931
G1 X115.549 Y116.351 E.09325
G1 X114.953 Y116.696 E.09324
G1 X114.302 Y116.918 E.09313
G1 X113.62 Y117.008 E.09314
G1 X112.933 Y116.964 E.09321
G1 X112.268 Y116.787 E.09317
G1 X112.266 Y116.786 E.0003
M204 S8000
G1 X112.266 Y116.786 F18000
G1 X112.515 Y116.011
M204 S3000
;TYPE:External perimeter
G1 F900
G1 X112.504 Y116.008 E.00154
G1 X112.034 Y115.766 E.07158
G1 X111.62 Y115.436 E.07168
G1 X111.279 Y115.032 E.07158
G1 X111.022 Y114.569 E.0717
G1 X110.861 Y114.066 E.07151
G1 X110.802 Y113.54 E.07166
G1 X110.846 Y113.013 E.0716
G1 X110.992 Y112.504 E.0717
G1 X111.234 Y112.034 E.07158
G1 X111.564 Y111.62 E.07168
G1 X111.968 Y111.279 E.07158
G1 X112.431 Y111.022 E.0717
G1 X112.934 Y110.861 E.07151
G1 X113.705 Y110.811 E.10461
G1 X114.476 Y110.987 E.10707
G1 X114.966 Y111.234 E.0743
G1 X115.38 Y111.564 E.07168
G1 X115.721 Y111.968 E.07158
G1 X115.978 Y112.431 E.0717
G1 X116.139 Y112.934 E.07151
G1 X116.198 Y113.46 E.07166
G1 X116.154 Y113.987 E.0716
G1 X116.008 Y114.496 E.0717
G1 X115.766 Y114.966 E.07158
G1 X115.436 Y115.38 E.07168
G1 X115.032 Y115.721 E.07158
G1 X114.569 Y115.978 E.0717
G1 X114.066 Y116.139 E.07151
G1 X113.54 Y116.198 E.07166
G1 X113.013 Y116.154 E.0716
G1 X112.63 Y116.044 E.05395
M204 S8000
G1 X111.929 Y115.658 F18000
G1 E-2 F2400
G1 X110.014 Y144.881 F18000
G1 E2 F2400
M204 S4000
;TYPE:Perimeter
;WIDTH:0.704361
G1 F900
G1 X110.096 Y145.003 E.01512
G1 X110.649 Y145.619 E.08515
G1 X111.169 Y146.02 E.06754
G1 X109.98 Y146.02 E.1223
G1 X109.98 Y144.891 E.11613
M204 S8000
G1 X109.98 Y144.891 F18000
G1 X110.588 Y144.443
M204 S4000
;WIDTH:0.9
G1 F900
G1 X110.304 Y143.953 E.07668
G1 X110.087 Y143.301 E.09304
;WIDTH:0.890851
G1 X110.013 Y142.618 E.09197
;WIDTH:0.87956
G1 X110.046 Y141.934 E.09039
;WIDTH:0.899342
G1 X110.213 Y141.268 E.09289
;WIDTH:0.9
G1 X110.516 Y140.65 E.09319
G1 X110.934 Y140.104 E.0931
G1 X111.451 Y139.649 E.09325
G1 X112.047 Y139.304 E.09324
G1 X112.698 Y139.082 E.09313
G1 X112.993 Y139.031 E.04053
G1 X113.665 Y138.998 E.0911
G1 X114.021 Y139.033 E.04843
G1 X114.674 Y139.197 E.09116
G1 X114.953 Y139.304 E.04046
G1 X115.404 Y139.547 E.06936
G1 X115.896 Y139.934 E.08475
G1 X116.351 Y140.451 E.09325
G1 X116.696 Y141.047 E.09324
G1 X116.918 Y141.698 E.09313
G1 X117.008 Y142.38 E.09314
G1 X116.964 Y143.067 E.09321
G1 X116.787 Y143.732 E.09317
G1 X116.484 Y144.35 E.09319
G1 X116.066 Y144.896 E.0931
G1 X115.549 Y145.351 E.09325
G1 X114.953 Y145.696 E.09324
G1 X114.301 Y145.913 E.09304
;WIDTH:0.890851
G1 X113.618 Y145.987 E.09197
;WIDTH:0.87956
G1 X112.934 Y145.954 E.09039
;WIDTH:0.899342
G1 X112.268 Y145.787 E.09289
;WIDTH:0.9
G1 X111.65 Y145.484 E.09319
G1 X111.104 Y145.066 E.0931
G1 X110.649 Y144.549 E.09325
G1 X110.648 Y144.546 E.00043
M204 S8000
G1 X110.648 Y144.546 F18000
G1 X111.276 Y144.027
M204 S3000
;TYPE:External perimeter
G1 F900
G1 X111.022 Y143.569 E.07091
G1 X110.861 Y143.066 E.07151
G1 X110.802 Y142.54 E.07166
G1 X110.846 Y142.013 E.0716
G1 X110.992 Y141.504 E.0717
G1 X111.234 Y141.034 E.07158
G1 X111.564 Y140.62 E.07168
G1 X111.968 Y140.279 E.07158
G1 X112.431 Y140.022 E.0717
G1 X112.934 Y139.861 E.07151
G1 X113.705 Y139.811 E.10461
G1 X114.476 Y139.987 E.10707
G1 X114.966 Y140.234 E.0743
G1 X115.38 Y140.564 E.07168
G1 X115.721 Y140.968 E.07158
G1 X115.978 Y141.431 E.0717
G1 X116.139 Y141.934 E.07151
G1 X116.198 Y142.46 E.07166
G1 X116.154 Y142.987 E.0716
G1 X116.008 Y143.496 E.0717
G1 X115.766 Y143.966 E.07158
G1 X115.436 Y144.38 E.07168
G1 X115.032 Y144.721 E.07158
G1 X114.569 Y144.978 E.0717
G1 X114.066 Y145.139 E.07151
G1 X113.54 Y145.198 E.07166
G1 X113.013 Y145.154 E.0716
G1 X112.504 Y145.008 E.0717
G1 X112.034 Y144.766 E.07158
G1 X111.62 Y144.436 E.07168
G1 X111.352 Y144.119 E.0562
M204 S8000
G1 X110.989 Y143.406 F18000
G1 E-2 F2400
G1 X144.831 Y146.02 F18000
G1 E2 F2400
M204 S4000
;TYPE:Perimeter
;WIDTH:0.704361
G1 F900
G1 X145.003 Y145.904 E.02134
G1 X145.619 Y145.351 E.08515
G1 X146.02 Y144.831 E.06754
G1 X146.02 Y146.02 E.1223
G1 X144.951 Y146.02 E.10996
M204 S8000
G1 E-2 F2400
G1 X144.951 Y146.02 F18000
G1 X140.023 Y144.973
G1 E2 F2400
M204 S4000
;WIDTH:0.9
G1 F900
G1 X139.649 Y144.549 E.07655
G1 X139.304 Y143.953 E.09324
G1 X139.082 Y143.302 E.09313
G1 X138.992 Y142.62 E.09314
G1 X139.036 Y141.933 E.09321
G1 X139.213 Y141.268 E.09317
G1 X139.516 Y140.65 E.09319
G1 X139.934 Y140.104 E.0931
G1 X140.497 Y139.614 E.10105
G1 X141.047 Y139.304 E.08548
G1 X141.698 Y139.082 E.09313
G1 X141.993 Y139.031 E.04053
G1 X142.665 Y138.998 E.0911
G1 X143.021 Y139.033 E.04843
G1 X143.674 Y139.197 E.09116
G1 X144.35 Y139.516 E.10121
G1 X144.896 Y139.934 E.0931
G1 X145.351 Y140.451 E.09325
G1 X145.696 Y141.047 E.09324
G1 X145.912 Y141.7 E.09312
;WIDTH:0.887731
G1 X145.987 Y142.382 E.0915
;WIDTH:0.87956
G1 X145.954 Y143.066 E.09039
;WIDTH:0.897757
G1 X145.786 Y143.732 E.09274
;WIDTH:0.9
G1 X145.484 Y144.35 E.09313
G1 X145.066 Y144.896 E.0931
G1 X144.549 Y145.351 E.09325
G1 X143.953 Y145.696 E.09324
G1 X143.301 Y145.913 E.09304
;WIDTH:0.890851
G1 X142.618 Y145.987 E.09197
;WIDTH:0.87956
G1 X141.934 Y145.954 E.09039
;WIDTH:0.899342
G1 X141.268 Y145.787 E.09289
;WIDTH:0.9
G1 X140.65 Y145.484 E.09319
G1 X140.104 Y145.066 E.0931
G1 X140.102 Y145.063 E.00049
M204 S8000
G1 X140.102 Y145.063 F18000
G1 X140.588 Y144.398
M204 S3000
;TYPE:External perimeter
G1 F900
G1 X140.279 Y144.032 E.06485
G1 X140.022 Y143.569 E.0717
G1 X139.861 Y143.066 E.07151
G1 X139.802 Y142.54 E.07166
G1 X139.846 Y142.013 E.0716
G1 X139.992 Y141.504 E.0717
G1 X140.234 Y141.034 E.07158
G1 X140.564 Y140.62 E.07168
G1 X140.983 Y140.267 E.07418
G1 X141.431 Y140.022 E.06913
G1 X141.934 Y139.861 E.07151
G1 X142.705 Y139.811 E.10461
G1 X143.476 Y139.987 E.10707
G1 X143.966 Y140.234 E.0743
G1 X144.38 Y140.564 E.07168
G1 X144.721 Y140.968 E.07158
G1 X144.978 Y141.431 E.0717
G1 X145.139 Y141.934 E.07151
G1 X145.198 Y142.46 E.07166
G1 X145.154 Y142.987 E.0716
G1 X145.008 Y143.496 E.0717
G1 X144.766 Y143.966 E.07158
G1 X144.436 Y144.38 E.07168
G1 X144.032 Y144.721 E.07158
G1 X143.569 Y144.978 E.0717
G1 X143.066 Y145.139 E.07151
G1 X142.54 Y145.198 E.07166
G1 X142.013 Y145.154 E.0716
G1 X141.504 Y145.008 E.0717
G1 X141.034 Y144.766 E.07158
G1 X140.675 Y144.48 E.06215
M204 S8000
G1 X140.192 Y143.842 F18000
G1 E-2 F2400
G1 X146.736 Y146.736 F18000
G1 E2 F2400
M204 S4000
;TYPE:Perimeter
G1 F3600
G1 X143.873 Y146.737 E.38764
;WIDTH:0.897757
G1 X143.105 Y146.746 E.1037
;WIDTH:0.87956
G1 X142.345 Y146.757 E.10033
;WIDTH:0.887731
G1 X141.577 Y146.742 E.10244
;WIDTH:0.9
G1 X114.873 Y146.737 E3.61559
;WIDTH:0.897757
G1 X114.105 Y146.746 E.1037
;WIDTH:0.87956
G1 X113.345 Y146.757 E.10033
;WIDTH:0.887731
G1 X112.577 Y146.742 E.10244
;WIDTH:0.9
G1 X109.264 Y146.736 E.44856
G1 X109.263 Y143.873 E.38764
;WIDTH:0.897757
G1 X109.254 Y143.105 E.1037
;WIDTH:0.879562
G1 X109.243 Y142.345 E.10033
;WIDTH:0.88773
G1 X109.258 Y141.577 E.10244
;WIDTH:0.9
G1 X109.263 Y114.873 E3.61559
;WIDTH:0.897757
G1 X109.254 Y114.105 E.1037
;WIDTH:0.879562
G1 X109.243 Y113.345 E.10033
;WIDTH:0.88773
G1 X109.258 Y112.577 E.10244
;WIDTH:0.9
G1 X109.264 Y109.264 E.44856
G1 X112.127 Y109.263 E.38764
;WIDTH:0.897758
G1 X112.974 Y109.252 E.11437
;WIDTH:0.883339
G1 X114.116 Y109.256 E.15146
;WIDTH:0.9
G1 X141.127 Y109.263 E3.65716
;WIDTH:0.897758
G1 X141.974 Y109.252 E.11437
;WIDTH:0.883339
G1 X143.116 Y109.256 E.15146
;WIDTH:0.9
G1 X146.736 Y109.264 E.49013
G1 X146.736 Y110.29 E.13892
G1 X146.736 Y112.127 E.24872
;WIDTH:0.899342
G1 X146.746 Y112.895 E.10391
;WIDTH:0.879561
G1 X146.757 Y113.655 E.10033
;WIDTH:0.89085
G1 X146.74 Y114.423 E.10284
;WIDTH:0.9
G1 X146.736 Y141.127 E3.61559
;WIDTH:0.899342
G1 X146.746 Y141.895 E.10391
;WIDTH:0.879561
G1 X146.757 Y142.655 E.10033
;WIDTH:0.89085
G1 X146.74 Y143.423 E.10284
;WIDTH:0.9
G1 X146.736 Y146.616 E.43232
M204 S8000
G1 X146.736 Y146.616 F18000
G1 X147.55 Y147.55
M204 S3000
;TYPE:External perimeter
G1 F2400
G1 X108.45 Y147.55 E5.29395
G1 X108.45 Y108.45 E5.29395
G1 X147.55 Y108.45 E5.29395
G1 X147.55 Y110.29 E.24913
G1 X147.55 Y147.43 E5.02858
M204 S8000
G1 X146.759 Y147.549 F18000
G1 E-2 F2400
G1 X118.841 Y110.689 F18000
G1 E2 F2400
;TYPE:Solid infill
G1 F3600
G1 X118.012 Y111.518 E.15874
;WIDTH:0.937466
G1 X117.845 Y111.161 E.05582
;WIDTH:0.974933
G1 X117.678 Y110.805 E.05814
G1 X117.571 Y110.834 E.01639
G1 X117.492 Y110.755 E.01652
G1 X117.521 Y110.648 E.01639
G1 X117.628 Y110.619 E.01639
G1 X117.707 Y110.698 E.01652
G1 X117.707 Y110.698 F18000
G1 X118.301 Y112.38
;WIDTH:0.9
G1 F3600
G1 X119.993 Y110.689 E.32388
G1 X121.144 Y110.689 E.15584
G1 X118.427 Y113.406 E.52024
G1 X118.427 Y113.406 F18000
G1 X117.982 Y115.335
;WIDTH:0.765841
G1 F3600
G1 X117.9 Y115.357 E.0096
G1 X117.84 Y115.297 E.0096
G1 X117.862 Y115.215 E.0096
G1 X117.944 Y115.193 E.0096
G1 X118.004 Y115.253 E.0096
;WIDTH:0.81056
G1 X118.098 Y115.068 E.02501
;WIDTH:0.85528
G1 X118.192 Y114.884 E.02644
;WIDTH:0.9
G1 X118.285 Y114.699 E.02803
G1 X122.296 Y110.689 E.76792
G1 E-2 F2400
G1 X122.296 Y110.689 F18000
G1 X110.828 Y117.581
G1 E2 F2400
;WIDTH:0.966313
G1 F3600
G1 X110.751 Y117.504 E.01594
G1 X110.644 Y117.532 E.01619
G1 X110.616 Y117.638 E.01605
G1 X110.694 Y117.716 E.01615
G1 X110.8 Y117.688 E.01605
G1 X111.159 Y117.85 E.05767
;WIDTH:0.933156
G1 X111.518 Y118.012 E.0555
;WIDTH:0.9
G1 X110.689 Y118.841 E.15874
G1 X110.689 Y119.993 E.15598
G1 X112.38 Y118.301 E.32388
G1 X113.406 Y118.427 E.13996
G1 X110.689 Y121.144 E.52024
G1 X110.511 Y122.931 F18000
;WIDTH:0.765841
G1 F3600
G1 X110.428 Y122.953 E.00971
G1 X110.368 Y122.893 E.0096
G1 X110.39 Y122.811 E.0096
G1 X110.472 Y122.789 E.0096
G1 X110.533 Y122.849 E.00968
;WIDTH:0.81056
G1 X110.585 Y122.665 E.02304
;WIDTH:0.85528
G1 X110.637 Y122.48 E.02459
;WIDTH:0.9
G1 X110.689 Y122.295 E.02602
G1 X114.699 Y118.285 E.76783
G1 X114.911 Y118.187 E.03162
;WIDTH:0.85528
G1 X115.123 Y118.088 E.02994
;WIDTH:0.81056
G1 X115.335 Y117.99 E.02815
;WIDTH:0.765841
G1 X115.253 Y118.012 E.0096
G1 X115.193 Y117.952 E.0096
G1 X115.215 Y117.87 E.0096
G1 X115.297 Y117.848 E.0096
G1 X115.357 Y117.908 E.0096
G1 E-2 F2400
G1 X115.357 Y117.908 F18000
G1 X110.689 Y123.447
G1 E2 F2400
;WIDTH:0.9
G1 F3600
G1 X123.447 Y110.689 E2.44287
G1 X124.598 Y110.689 E.15584
G1 X110.689 Y124.598 E2.66326
G1 X110.689 Y125.75 E.15598
G1 X125.75 Y110.689 E2.88385
G1 X126.901 Y110.689 E.15584
G1 X110.689 Y126.901 E3.10424
G1 X110.689 Y128.052 E.15584
G1 X128.052 Y110.689 E3.32463
G1 X129.204 Y110.689 E.15598
G1 X110.689 Y129.204 E3.54521
G1 X110.689 Y130.355 E.15584
G1 X130.355 Y110.689 E3.7656
G1 X131.507 Y110.689 E.15598
G1 X110.689 Y131.507 E3.98618
G1 X110.689 Y132.658 E.15584
G1 X132.658 Y110.689 E4.20657
G1 X133.809 Y110.689 E.15584
G1 X110.689 Y133.809 E4.42696
G1 X110.689 Y134.961 E.15598
G1 X134.961 Y110.689 E4.64755
G1 X136.112 Y110.689 E.15584
G1 X110.689 Y136.112 E4.86794
G1 X110.689 Y137.264 E.15598
G1 X137.264 Y110.689 E5.08852
G1 X138.415 Y110.689 E.15584
G1 X110.689 Y138.415 E5.30891
G1 X110.63 Y138.582 E.02398
;WIDTH:0.85528
G1 X110.57 Y138.749 E.02271
;WIDTH:0.81056
G1 X110.511 Y138.917 E.02146
;WIDTH:0.765841
G1 X110.451 Y138.857 E.0096
G1 X110.369 Y138.879 E.0096
G1 X110.347 Y138.961 E.0096
G1 X110.407 Y139.021 E.0096
G1 X110.489 Y138.999 E.0096
G1 X110.489 Y138.999 F18000
G1 X112.076 Y138.057
G1 F3600
G1 X111.994 Y138.079 E.0096
G1 X111.933 Y138.019 E.00968
G1 X111.955 Y137.937 E.0096
G1 X112.038 Y137.915 E.00971
G1 X112.098 Y137.975 E.0096
;WIDTH:0.81056
G1 X112.262 Y137.871 E.0234
;WIDTH:0.85528
G1 X112.427 Y137.768 E.02489
;WIDTH:0.9
G1 X112.591 Y137.664 E.02629
G1 X137.655 Y112.6 E4.7992
G1 X137.787 Y112.428 E.02936
;WIDTH:0.85528
G1 X137.919 Y112.257 E.02764
;WIDTH:0.81056
G1 X138.051 Y112.085 E.02613
;WIDTH:0.765841
G1 X137.969 Y112.107 E.0096
G1 X137.909 Y112.047 E.0096
G1 X137.931 Y111.965 E.0096
G1 X138.013 Y111.943 E.0096
G1 X138.073 Y112.003 E.0096
G1 X138.073 Y112.003 F18000
G1 X137.581 Y113.825
;WIDTH:0.9
G1 F3600
G1 X113.825 Y137.582 E4.54884
G1 X114.799 Y137.759 E.13403
G1 X137.752 Y114.806 E4.39499
G1 X138.065 Y115.645 E.12124
G1 X115.643 Y138.066 E4.29322
G1 X116.368 Y138.493 E.11392
G1 X138.493 Y116.368 E4.23644
G1 X139.014 Y116.999 E.11079
G1 X116.999 Y139.014 E4.21538
G1 X117.518 Y139.646 E.11073
G1 X139.646 Y117.518 E4.23702
G1 X140.371 Y117.944 E.11385
G1 X117.944 Y140.371 E4.29427
G1 X118.253 Y141.213 E.12144
G1 X141.213 Y118.253 E4.39633
G1 X142.197 Y118.421 E.13516
G1 X118.421 Y142.197 E4.55257
G1 X118.421 Y142.197 F18000
G1 X118.06 Y144.066
;WIDTH:0.765841
G1 F3600
G1 X117.978 Y144.088 E.0096
G1 X117.918 Y144.028 E.0096
G1 X117.94 Y143.946 E.0096
G1 X118.022 Y143.924 E.0096
G1 X118.082 Y143.984 E.0096
;WIDTH:0.81056
G1 X118.168 Y143.8 E.02448
;WIDTH:0.85528
G1 X118.253 Y143.615 E.02605
;WIDTH:0.9
G1 X118.339 Y143.43 E.02762
G1 X143.43 Y118.339 E4.80437
G1 X143.642 Y118.249 E.03118
;WIDTH:0.85528
G1 X143.854 Y118.158 E.02952
;WIDTH:0.81056
G1 X144.066 Y118.068 E.02776
;WIDTH:0.765841
G1 X143.984 Y118.09 E.0096
G1 X143.924 Y118.03 E.0096
G1 X143.946 Y117.948 E.0096
G1 X144.028 Y117.926 E.0096
G1 X144.088 Y117.986 E.0096
G1 X144.088 Y117.986 F18000
G1 X145.647 Y117.05
G1 F3600
G1 X145.587 Y116.99 E.0096
G1 X145.505 Y117.012 E.0096
G1 X145.483 Y117.094 E.0096
G1 X145.543 Y117.154 E.0096
G1 X145.625 Y117.132 E.0096
;WIDTH:0.81056
G1 X145.521 Y117.291 E.0229
;WIDTH:0.85528
G1 X145.416 Y117.45 E.02438
;WIDTH:0.9
G1 X145.311 Y117.61 E.02591
G1 X117.61 Y145.311 E5.30412
G1 X117.45 Y145.416 E.02591
;WIDTH:0.85528
G1 X117.291 Y145.521 E.02438
;WIDTH:0.81056
G1 X117.132 Y145.625 E.0229
;WIDTH:0.765841
G1 X117.05 Y145.647 E.0096
G1 X116.99 Y145.587 E.0096
G1 X117.012 Y145.505 E.0096
G1 X117.094 Y145.483 E.0096
G1 X117.154 Y145.543 E.0096
;WIDTH:0.9
G1 X118.761 Y145.311 E.21984
G1 X145.311 Y118.761 E5.08373
G1 X145.311 Y119.912 E.15584
G1 X119.912 Y145.311 E4.86334
G1 X121.064 Y145.311 E.15598
G1 X145.311 Y121.064 E4.64276
G1 X145.311 Y122.215 E.15584
G1 X122.215 Y145.311 E4.42237
G1 X123.367 Y145.311 E.15598
G1 X145.311 Y123.367 E4.20179
G1 X145.311 Y124.518 E.15584
G1 X124.518 Y145.311 E3.9814
G1 X125.669 Y145.311 E.15584
G1 X145.311 Y125.669 E3.76101
G1 X145.311 Y126.821 E.15598
G1 X126.821 Y145.311 E3.54042
G1 X127.972 Y145.311 E.15584
G1 X145.311 Y127.972 E3.32003
G1 X145.311 Y129.124 E.15598
G1 X129.124 Y145.311 E3.09945
G1 X130.275 Y145.311 E.15584
G1 X145.311 Y130.275 E2.87906
G1 X145.311 Y131.426 E.15584
G1 X131.426 Y145.311 E2.65867
G1 X131.426 Y145.311 F18000
G1 X133.214 Y145.61
;WIDTH:0.765841
G1 F3600
G1 X133.131 Y145.632 E.00971
G1 X133.071 Y145.572 E.0096
G1 X133.093 Y145.489 E.00971
G1 X133.175 Y145.467 E.0096
G1 X133.236 Y145.528 E.00976
;WIDTH:0.81056
G1 X133.016 Y145.455 E.02794
;WIDTH:0.85528
G1 X132.797 Y145.383 E.0295
;WIDTH:0.9
G1 X132.578 Y145.311 E.03121
G1 X145.311 Y132.578 E2.43809
G1 X145.311 Y133.729 E.15584
G1 X141.334 Y137.707 E.7616
G1 X141.169 Y137.815 E.0267
;WIDTH:0.85528
G1 X141.005 Y137.923 E.02513
;WIDTH:0.81056
G1 X140.84 Y138.032 E.02383
;WIDTH:0.765841
G1 X140.78 Y137.972 E.0096
G1 X140.698 Y137.994 E.0096
G1 X140.676 Y138.076 E.0096
G1 X140.736 Y138.136 E.0096
G1 X140.818 Y138.114 E.0096
G1 X142.616 Y137.575 F18000
;WIDTH:0.9
G1 F3600
G1 X145.311 Y134.881 E.51594
G1 X145.311 Y136.032 E.15584
G1 X143.627 Y137.716 E.32245
G1 X144.497 Y137.997 E.12379
G1 X145.311 Y137.183 E.15586
G1 X145.389 Y138.373 E.16147
;WIDTH:0.954807
G1 X145.312 Y138.296 E.01574
G1 X145.207 Y138.324 E.0157
G1 X145.179 Y138.429 E.0157
G1 X145.256 Y138.506 E.01574
G1 X145.36 Y138.478 E.01556
G1 E-2 F2400
G1 X145.36 Y138.478 F18000
G1 X138.149 Y140.728
G1 E2 F2400
;WIDTH:0.765841
G1 F3600
G1 X138.089 Y140.668 E.0096
G1 X138.006 Y140.69 E.00971
G1 X137.984 Y140.772 E.0096
G1 X138.045 Y140.833 E.00976
G1 X138.127 Y140.811 E.0096
;WIDTH:0.81056
G1 X137.989 Y140.982 E.02648
;WIDTH:0.85528
G1 X137.852 Y141.154 E.02814
;WIDTH:0.9
G1 X137.714 Y141.326 E.02986
G1 X133.729 Y145.311 E.76304
G1 X134.881 Y145.311 E.15598
G1 X137.573 Y142.619 E.51546
G1 X137.703 Y143.64 E.13935
G1 X136.032 Y145.311 E.31996
G1 X136.931 Y145.719 E.13367
;WIDTH:0.765841
G1 X136.849 Y145.741 E.0096
G1 X136.789 Y145.681 E.0096
G1 X136.811 Y145.598 E.00971
G1 X136.893 Y145.576 E.0096
G1 X136.953 Y145.637 E.00968
;WIDTH:0.81056
G1 X137.03 Y145.528 E.01608
;WIDTH:0.85528
G1 X137.107 Y145.42 E.01697
;WIDTH:0.9
G1 X137.183 Y145.311 E.01799
G1 X137.995 Y144.5 E.15538
G1 X138.517 Y145.251 E.12383
;WIDTH:0.962871
G1 X138.439 Y145.174 E.01599
G1 X138.333 Y145.202 E.01599
G1 X138.305 Y145.308 E.01599
G1 X138.382 Y145.386 E.01599
G1 X138.488 Y145.357 E.01603
;LAYER_CHANGE
;Z:1.2
;HEIGHT:0.4
G1 Z1.2 F18000
G1 E-2 F2400
G1 Z1.2 F18000
G1 X144.831 Y109.98
G1 Z1.2
G1 E2 F2400
M204 S4000
;TYPE:Perimeter
;WIDTH:0.704361
G1 F900
G1 X146.02 Y109.98 E.1223
G1 X146.02 Y110.29 E.03189
G1 X146.02 Y111.169 E.09041
G1 X145.904 Y110.997 E.02134
G1 X145.351 Y110.381 E.08515
G1 X144.926 Y110.054 E.05516
M204 S8000
G1 E-2 F2400
G1 X144.926 Y110.054 F18000
G1 X138.193 Y113.471
G1 E2 F2400
M204 S4000
;WIDTH:0.9
G1 F3600
G1 X138.181 Y113.7 E.03105
G1 X138.257 Y114.356 E.08941
G1 X138.434 Y114.968 E.08626
G1 X138.586 Y115.337 E.05403
G1 X138.961 Y115.989 E.10184
G1 X139.305 Y116.413 E.07393
G1 X139.587 Y116.695 E.054
G1 X140.176 Y117.15 E.10077
G1 X140.663 Y117.414 E.075
G1 X141.032 Y117.566 E.05403
G1 X141.644 Y117.743 E.08626
G1 X142.3 Y117.819 E.08941
G1 X143.147 Y117.775 E.11483
G1 X143.968 Y117.566 E.1147
G1 X144.733 Y117.202 E.1147
G1 X145.413 Y116.695 E.11484
G1 X145.922 Y116.136 E.10236
G1 X145.922 Y139.864 E3.21266
G1 X145.695 Y139.587 E.04849
G1 X145.065 Y139.02 E.11476
G1 X144.337 Y138.586 E.11475
G1 X143.872 Y138.407 E.06746
G1 X143.218 Y138.243 E.09129
G1 X142.625 Y138.185 E.08067
G1 X141.687 Y138.249 E.1273
G1 X141.032 Y138.434 E.09215
G1 X140.663 Y138.586 E.05403
G1 X140.011 Y138.961 E.10184
G1 X139.587 Y139.305 E.07393
G1 X139.305 Y139.587 E.054
G1 X138.85 Y140.176 E.10077
G1 X138.586 Y140.663 E.075
G1 X138.434 Y141.032 E.05403
G1 X138.257 Y141.644 E.08626
G1 X138.181 Y142.3 E.08941
G1 X138.225 Y143.147 E.11483
G1 X138.434 Y143.968 E.1147
G1 X138.798 Y144.733 E.1147
G1 X139.305 Y145.413 E.11484
G1 X139.864 Y145.922 E.10236
G1 X116.136 Y145.922 E3.21266
G1 X116.695 Y145.413 E.10236
G1 X117.202 Y144.733 E.11484
G1 X117.566 Y143.968 E.1147
G1 X117.775 Y143.147 E.1147
G1 X117.819 Y142.3 E.11483
G1 X117.743 Y141.644 E.08941
G1 X117.566 Y141.032 E.08626
G1 X117.414 Y140.663 E.05403
G1 X117.039 Y140.011 E.10184
G1 X116.695 Y139.587 E.07393
G1 X116.413 Y139.305 E.054
G1 X115.824 Y138.85 E.10077
G1 X115.337 Y138.586 E.075
G1 X114.872 Y138.407 E.06746
G1 X114.218 Y138.243 E.09129
G1 X113.625 Y138.185 E.08067
G1 X112.953 Y138.218 E.0911
G1 X112.462 Y138.303 E.06747
G1 X112.032 Y138.434 E.06086
G1 X111.267 Y138.798 E.1147
G1 X110.587 Y139.305 E.11484
G1 X110.078 Y139.864 E.10236
G1 X110.078 Y116.136 E3.21266
G1 X110.587 Y116.695 E.10236
G1 X111.267 Y117.202 E.11484
G1 X112.032 Y117.566 E.1147
G1 X112.853 Y117.775 E.1147
G1 X113.7 Y117.819 E.11483
G1 X114.356 Y117.743 E.08941
G1 X114.968 Y117.566 E.08626
G1 X115.337 Y117.414 E.05403
G1 X115.989 Y117.039 E.10184
G1 X116.413 Y116.695 E.07393
G1 X116.695 Y116.413 E.054
G1 X117.15 Y115.824 E.10077
G1 X117.414 Y115.337 E.075
G1 X117.566 Y114.968 E.05403
G1 X117.743 Y114.356 E.08626
G1 X117.819 Y113.7 E.08941
G1 X117.775 Y112.853 E.11483
G1 X117.566 Y112.032 E.1147
G1 X117.202 Y111.267 E.1147
G1 X116.695 Y110.587 E.11484
G1 X116.136 Y110.078 E.10236
G1 X139.864 Y110.078 E3.21266
G1 X139.305 Y110.587 E.10236
G1 X138.798 Y111.267 E.11484
G1 X138.434 Y112.032 E.1147
G1 X138.225 Y112.853 E.1147
G1 X138.199 Y113.351 E.06752
M204 S8000
G1 X138.199 Y113.351 F18000
G1 X138.999 Y113.497
M204 S4000
G1 F900
G1 X139.036 Y112.933 E.07653
G1 X139.213 Y112.268 E.09317
G1 X139.516 Y111.65 E.09319
G1 X139.934 Y111.104 E.0931
G1 X140.451 Y110.649 E.09325
G1 X141.047 Y110.304 E.09324
G1 X141.699 Y110.087 E.09304
;WIDTH:0.890864
G1 X141.993 Y110.043 E.0398
;WIDTH:0.876671
G1 X142.666 Y110.018 E.08857
;WIDTH:0.883325
G1 X143.019 Y110.041 E.04691
;WIDTH:0.897464
G1 X143.674 Y110.198 E.09091
;WIDTH:0.9
G1 X144.35 Y110.516 E.10115
G1 X144.896 Y110.934 E.0931
G1 X145.351 Y111.451 E.09325
G1 X145.696 Y112.047 E.09324
G1 X145.912 Y112.7 E.09312
;WIDTH:0.887731
G1 X145.987 Y113.382 E.0915
;WIDTH:0.879561
G1 X145.954 Y114.066 E.09039
;WIDTH:0.897757
G1 X145.786 Y114.732 E.09274
;WIDTH:0.9
G1 X145.484 Y115.35 E.09313
G1 X145.066 Y115.896 E.0931
G1 X144.549 Y116.351 E.09325
G1 X143.953 Y116.696 E.09324
G1 X143.302 Y116.918 E.09313
G1 X142.62 Y117.008 E.09314
G1 X141.933 Y116.964 E.09321
G1 X141.268 Y116.787 E.09317
G1 X140.65 Y116.484 E.09319
G1 X140.079 Y116.045 E.09752
G1 X139.649 Y115.549 E.08888
G1 X139.304 Y114.953 E.09324
G1 X139.082 Y114.302 E.09313
G1 X138.992 Y113.62 E.09314
G1 X138.992 Y113.617 E.00041
M204 S8000
G1 X138.992 Y113.617 F18000
G1 X139.803 Y113.554
M204 S3000
;TYPE:External perimeter
G1 F900
G1 X139.802 Y113.54 E.0019
G1 X139.846 Y113.013 E.0716
G1 X139.992 Y112.504 E.0717
G1 X140.234 Y112.034 E.07158
G1 X140.564 Y111.62 E.07168
G1 X140.968 Y111.279 E.07158
G1 X141.431 Y111.022 E.0717
G1 X141.934 Y110.861 E.07151
G1 X142.704 Y110.811 E.10447
G1 X143.476 Y110.987 E.10721
G1 X143.966 Y111.234 E.0743
G1 X144.38 Y111.564 E.07168
G1 X144.721 Y111.968 E.07158
G1 X144.978 Y112.431 E.0717
G1 X145.139 Y112.934 E.07151
G1 X145.198 Y113.46 E.07166
G1 X145.154 Y113.987 E.0716
G1 X145.008 Y114.496 E.0717
G1 X144.766 Y114.966 E.07158
G1 X144.436 Y115.38 E.07168
G1 X144.032 Y115.721 E.07158
G1 X143.569 Y115.978 E.0717
G1 X143.066 Y116.139 E.07151
G1 X142.54 Y116.198 E.07166
G1 X142.013 Y116.154 E.0716
G1 X141.504 Y116.008 E.0717
G1 X141.034 Y115.766 E.07158
G1 X140.612 Y115.429 E.07312
G1 X140.279 Y115.032 E.07016
G1 X140.022 Y114.569 E.0717
G1 X139.861 Y114.066 E.07151
G1 X139.817 Y113.673 E.05354
M204 S8000
G1 X139.904 Y112.878 F18000
G1 E-2 F2400
G1 X109.98 Y111.169 F18000
G1 E2 F2400
M204 S4000
;TYPE:Perimeter
;WIDTH:0.704361
G1 F900
G1 X109.98 Y109.98 E.1223
G1 X111.169 Y109.98 E.1223
G1 X110.997 Y110.096 E.02134
G1 X110.381 Y110.649 E.08515
G1 X110.054 Y111.074 E.05516
M204 S8000
G1 E-2 F2400
G1 X110.054 Y111.074 F18000
G1 X112.158 Y116.733
G1 E2 F2400
M204 S4000
;WIDTH:0.9
G1 F900
G1 X111.65 Y116.484 E.0766
G1 X111.104 Y116.066 E.0931
G1 X110.649 Y115.549 E.09325
G1 X110.304 Y114.953 E.09324
G1 X110.087 Y114.301 E.09304
;WIDTH:0.890851
G1 X110.013 Y113.618 E.09197
;WIDTH:0.879562
G1 X110.046 Y112.934 E.09039
;WIDTH:0.899341
G1 X110.213 Y112.268 E.09289
;WIDTH:0.9
G1 X110.516 Y111.65 E.09319
G1 X110.934 Y111.104 E.0931
G1 X111.451 Y110.649 E.09325
G1 X112.047 Y110.304 E.09324
G1 X112.699 Y110.087 E.09304
;WIDTH:0.890864
G1 X112.993 Y110.043 E.0398
;WIDTH:0.876671
G1 X113.666 Y110.018 E.08857
;WIDTH:0.883325
G1 X114.019 Y110.041 E.04691
;WIDTH:0.897464
G1 X114.674 Y110.198 E.09091
;WIDTH:0.9
G1 X115.35 Y110.516 E.10115
G1 X115.896 Y110.934 E.0931
G1 X116.351 Y111.451 E.09325
G1 X116.696 Y112.047 E.09324
G1 X116.918 Y112.698 E.09313
G1 X117.008 Y113.38 E.09314
G1 X116.964 Y114.067 E.09321
G1 X116.787 Y114.732 E.09317
G1 X116.484 Y115.35 E.09319
G1 X116.066 Y115.896 E.0931
G1 X115.549 Y116.351 E.09325
G1 X114.953 Y116.696 E.09324
G1 X114.302 Y116.918 E.09313
G1 X113.62 Y117.008 E.09314
G1 X112.933 Y116.964 E.09321
G1 X112.268 Y116.787 E.09317
G1 X112.266 Y116.786 E.0003
M204 S8000
G1 X112.266 Y116.786 F18000
G1 X112.493 Y116.002
M204 S3000
;TYPE:External perimeter
G1 F900
G1 X112.034 Y115.766 E.06988
G1 X111.62 Y115.436 E.07168
G1 X111.279 Y115.032 E.07158
G1 X111.022 Y114.569 E.0717
G1 X110.861 Y114.066 E.07151
G1 X110.802 Y113.54 E.07166
G1 X110.846 Y113.013 E.0716
G1 X110.992 Y112.504 E.0717
G1 X111.234 Y112.034 E.07158
G1 X111.564 Y111.62 E.07168
G1 X111.968 Y111.279 E.07158
G1 X112.431 Y111.022 E.0717
G1 X112.934 Y110.861 E.07151
G1 X113.704 Y110.811 E.10447
G1 X114.476 Y110.987 E.10721
G1 X114.966 Y111.234 E.0743
G1 X115.38 Y111.564 E.07168
G1 X115.721 Y111.968 E.07158
G1 X115.978 Y112.431 E.0717
G1 X116.139 Y112.934 E.07151
G1 X116.198 Y113.46 E.07166
G1 X116.154 Y113.987 E.0716
G1 X116.008 Y114.496 E.0717
G1 X115.766 Y114.966 E.07158
G1 X115.436 Y115.38 E.07168
G1 X115.032 Y115.721 E.07158
G1 X114.569 Y115.978 E.0717
G1 X114.066 Y116.139 E.07151
G1 X113.54 Y116.198 E.07166
G1 X113.013 Y116.154 E.0716
G1 X112.608 Y116.038 E.05704
M204 S8000
G1 X111.911 Y115.645 F18000
G1 E-2 F2400
G1 X110.014 Y144.881 F18000
G1 E2 F2400
M204 S4000
;TYPE:Perimeter
;WIDTH:0.704361
G1 F900
G1 X110.096 Y145.003 E.01512
G1 X110.649 Y145.619 E.08515
G1 X111.169 Y146.02 E.06754
G1 X109.98 Y146.02 E.1223
G1 X109.98 Y144.891 E.11613
M204 S8000
G1 X109.98 Y144.891 F18000
G1 X110.588 Y144.443
M204 S4000
;WIDTH:0.9
G1 F900
G1 X110.304 Y143.953 E.07668
G1 X110.087 Y143.301 E.09304
;WIDTH:0.890851
G1 X110.013 Y142.618 E.09197
;WIDTH:0.879562
G1 X110.046 Y141.934 E.09039
;WIDTH:0.899341
G1 X110.213 Y141.268 E.09289
;WIDTH:0.9
G1 X110.516 Y140.65 E.09319
G1 X110.934 Y140.104 E.0931
G1 X111.451 Y139.649 E.09325
G1 X112.047 Y139.304 E.09324
G1 X112.698 Y139.082 E.09313
G1 X112.993 Y139.031 E.04053
G1 X113.665 Y138.998 E.0911
G1 X114.021 Y139.033 E.04843
G1 X114.674 Y139.197 E.09116
G1 X114.953 Y139.304 E.04046
G1 X115.404 Y139.547 E.06936
G1 X115.896 Y139.934 E.08475
G1 X116.351 Y140.451 E.09325
G1 X116.696 Y141.047 E.09324
G1 X116.918 Y141.698 E.09313
G1 X117.008 Y142.38 E.09314
G1 X116.964 Y143.067 E.09321
G1 X116.787 Y143.732 E.09317
G1 X116.484 Y144.35 E.09319
G1 X116.066 Y144.896 E.0931
G1 X115.549 Y145.351 E.09325
G1 X114.953 Y145.696 E.09324
G1 X114.301 Y145.913 E.09304
;WIDTH:0.890851
G1 X113.618 Y145.987 E.09197
;WIDTH:0.879562
G1 X112.934 Y145.954 E.09039
;WIDTH:0.899342
G1 X112.268 Y145.787 E.09289
;WIDTH:0.9
G1 X111.65 Y145.484 E.09319
G1 X111.104 Y145.066 E.0931
G1 X110.649 Y144.549 E.09325
G1 X110.648 Y144.546 E.00043
M204 S8000
G1 X110.648 Y144.546 F18000
G1 X111.264 Y144.006
M204 S3000
;TYPE:External perimeter
G1 F900
G1 X111.022 Y143.569 E.06763
G1 X110.861 Y143.066 E.07151
G1 X110.802 Y142.54 E.07166
G1 X110.846 Y142.013 E.0716
G1 X110.992 Y141.504 E.0717
G1 X111.234 Y141.034 E.07158
G1 X111.564 Y140.62 E.07168
G1 X111.968 Y140.279 E.07158
G1 X112.431 Y140.022 E.0717
G1 X112.934 Y139.861 E.07151
G1 X113.704 Y139.811 E.10447
G1 X114.476 Y139.987 E.10721
G1 X114.966 Y140.234 E.0743
G1 X115.38 Y140.564 E.07168
G1 X115.721 Y140.968 E.07158
G1 X115.978 Y141.431 E.0717
G1 X116.139 Y141.934 E.07151
G1 X116.198 Y142.46 E.07166
G1 X116.154 Y142.987 E.0716
G1 X116.008 Y143.496 E.0717
G1 X115.766 Y143.966 E.07158
G1 X115.436 Y144.38 E.07168
G1 X115.032 Y144.721 E.07158
G1 X114.569 Y144.978 E.0717
G1 X114.066 Y145.139 E.07151
G1 X113.54 Y145.198 E.07166
G1 X113.013 Y145.154 E.0716
G1 X112.504 Y145.008 E.0717
G1 X112.034 Y144.766 E.07158
G1 X111.62 Y144.436 E.07168
G1 X111.337 Y144.101 E.05938
M204 S8000
G1 X110.981 Y143.385 F18000
G1 E-2 F2400
G1 X144.831 Y146.02 F18000
G1 E2 F2400
M204 S4000
;TYPE:Perimeter
;WIDTH:0.704361
G1 F900
G1 X145.003 Y145.904 E.02134
G1 X145.619 Y145.351 E.08515
G1 X146.02 Y144.831 E.06754
G1 X146.02 Y146.02 E.1223
G1 X144.951 Y146.02 E.10996
M204 S8000
G1 E-2 F2400
G1 X144.951 Y146.02 F18000
G1 X139.968 Y144.911
G1 E2 F2400
M204 S4000
;WIDTH:0.9
G1 F900
G1 X139.649 Y144.549 E.06533
G1 X139.304 Y143.953 E.09324
G1 X139.082 Y143.302 E.09313
G1 X138.992 Y142.62 E.09314
G1 X139.036 Y141.933 E.09321
G1 X139.213 Y141.268 E.09317
G1 X139.516 Y140.65 E.09319
G1 X139.934 Y140.104 E.0931
G1 X140.451 Y139.649 E.09325
G1 X141.047 Y139.304 E.09324
G1 X141.698 Y139.082 E.09313
G1 X141.993 Y139.031 E.04053
G1 X142.665 Y138.998 E.0911
G1 X143.021 Y139.033 E.04843
G1 X143.674 Y139.197 E.09116
G1 X144.35 Y139.516 E.10121
G1 X144.896 Y139.934 E.0931
G1 X145.351 Y140.451 E.09325
G1 X145.696 Y141.047 E.09324
G1 X145.912 Y141.7 E.09312
;WIDTH:0.887731
G1 X145.987 Y142.382 E.0915
;WIDTH:0.879561
G1 X145.954 Y143.066 E.09039
;WIDTH:0.897757
G1 X145.786 Y143.732 E.09274
;WIDTH:0.9
G1 X145.484 Y144.35 E.09313
G1 X145.066 Y144.896 E.0931
G1 X144.549 Y145.351 E.09325
G1 X143.953 Y145.696 E.09324
G1 X143.301 Y145.913 E.09304
;WIDTH:0.890851
G1 X142.618 Y145.987 E.09197
;WIDTH:0.857477
G1 X142.5 Y145.991 E.01515
;WIDTH:0.879562
G1 X141.934 Y145.954 E.07487
;WIDTH:0.899342
G1 X141.268 Y145.787 E.09289
;WIDTH:0.9
G1 X140.65 Y145.484 E.09319
G1 X140.104 Y145.066 E.0931
G1 X140.047 Y145.001 E.01171
M204 S8000
G1 X140.047 Y145.001 F18000
G1 X140.6 Y144.41
M204 S3000
;TYPE:External perimeter
G1 F900
G1 X140.564 Y144.38 E.00634
G1 X140.234 Y143.966 E.07168
G1 X139.992 Y143.496 E.07158
G1 X139.846 Y142.987 E.0717
G1 X139.802 Y142.46 E.0716
G1 X139.861 Y141.934 E.07166
G1 X140.012 Y141.452 E.06839
G1 X140.255 Y141 E.06948
G1 X140.571 Y140.612 E.06775
G1 X140.968 Y140.279 E.07016
G1 X141.431 Y140.022 E.0717
G1 X141.934 Y139.861 E.07151
G1 X142.704 Y139.811 E.10447
G1 X143.476 Y139.987 E.10721
G1 X143.966 Y140.234 E.0743
G1 X144.38 Y140.564 E.07168
G1 X144.721 Y140.968 E.07158
G1 X144.978 Y141.431 E.0717
G1 X145.139 Y141.934 E.07151
G1 X145.198 Y142.46 E.07166
G1 X145.154 Y142.987 E.0716
G1 X145.008 Y143.496 E.0717
G1 X144.766 Y143.966 E.07158
G1 X144.436 Y144.38 E.07168
G1 X144.032 Y144.721 E.07158
G1 X143.569 Y144.978 E.0717
G1 X143.066 Y145.139 E.07151
G1 X142.5 Y145.2 E.07708
G1 X141.934 Y145.139 E.07708
G1 X141.431 Y144.978 E.07151
G1 X140.968 Y144.721 E.0717
G1 X140.692 Y144.488 E.0489
M204 S8000
G1 X140.201 Y143.856 F18000
G1 E-2 F2400
G1 X146.736 Y146.736 F18000
G1 E2 F2400
M204 S4000
;TYPE:Perimeter
G1 F3600
G1 X143.873 Y146.737 E.38764
;WIDTH:0.897757
G1 X143.105 Y146.746 E.1037
;WIDTH:0.879561
G1 X142.345 Y146.757 E.10033
;WIDTH:0.887732
G1 X141.577 Y146.742 E.10244
;WIDTH:0.9
G1 X114.873 Y146.737 E3.61559
;WIDTH:0.897757
G1 X114.105 Y146.746 E.1037
;WIDTH:0.879561
G1 X113.345 Y146.757 E.10033
;WIDTH:0.887732
G1 X112.577 Y146.742 E.10244
;WIDTH:0.9
G1 X109.264 Y146.736 E.44856
G1 X109.263 Y143.873 E.38764
;WIDTH:0.897757
G1 X109.254 Y143.105 E.1037
;WIDTH:0.879562
G1 X109.243 Y142.345 E.10033
;WIDTH:0.887731
G1 X109.258 Y141.577 E.10244
;WIDTH:0.9
G1 X109.263 Y114.873 E3.61559
;WIDTH:0.897757
G1 X109.254 Y114.105 E.1037
;WIDTH:0.879562
G1 X109.243 Y113.345 E.10033
;WIDTH:0.887731
G1 X109.258 Y112.577 E.10244
;WIDTH:0.9
G1 X109.264 Y109.264 E.44856
G1 X112.127 Y109.263 E.38764
;WIDTH:0.897758
G1 X112.974 Y109.252 E.11437
;WIDTH:0.883325
G1 X114.116 Y109.256 E.15146
;WIDTH:0.9
G1 X141.127 Y109.263 E3.65716
;WIDTH:0.897758
G1 X141.974 Y109.252 E.11437
;WIDTH:0.883325
G1 X143.116 Y109.256 E.15146
;WIDTH:0.9
G1 X146.736 Y109.264 E.49013
G1 X146.736 Y110.29 E.13892
G1 X146.736 Y112.127 E.24872
;WIDTH:0.899342
G1 X146.746 Y112.895 E.10391
;WIDTH:0.879561
G1 X146.757 Y113.655 E.10033
;WIDTH:0.890851
G1 X146.74 Y114.423 E.10284
;WIDTH:0.9
G1 X146.736 Y141.127 E3.61559
;WIDTH:0.899342
G1 X146.746 Y141.895 E.10391
;WIDTH:0.879561
G1 X146.757 Y142.655 E.10033
;WIDTH:0.890851
G1 X146.74 Y143.423 E.10284
;WIDTH:0.9
G1 X146.736 Y146.616 E.43232
M204 S8000
G1 X146.736 Y146.616 F18000
G1 X147.55 Y147.55
M204 S3000
;TYPE:External perimeter
G1 F2400
G1 X108.45 Y147.55 E5.29395
G1 X108.45 Y108.45 E5.29395
G1 X147.55 Y108.45 E5.29395
G1 X147.55 Y110.29 E.24913
G1 X147.55 Y147.43 E5.02858
M204 S8000
G1 X146.759 Y147.549 F18000
G1 E-2 F2400
G1 X110.689 Y137.159 F18000
G1 E2 F2400
;TYPE:Solid infill
G1 F3600
G1 X111.518 Y137.988 E.15874
;WIDTH:0.937464
G1 X111.161 Y138.155 E.05582
;WIDTH:0.974929
G1 X110.805 Y138.322 E.05814
G1 X110.834 Y138.429 E.01639
G1 X110.755 Y138.508 E.01652
G1 X110.648 Y138.479 E.01639
G1 X110.619 Y138.372 E.01639
G1 X110.698 Y138.293 E.01652
G1 X110.698 Y138.293 F18000
G1 X112.382 Y137.7
;WIDTH:0.9
G1 F3600
G1 X110.689 Y136.007 E.32417
G1 X110.689 Y134.856 E.15584
G1 X113.417 Y137.584 E.52235
G1 X115.301 Y138.086 F18000
;WIDTH:0.765841
G1 F3600
G1 X115.118 Y138.134 E.02139
G1 X114.87 Y138.113 E.02815
;WIDTH:0.81056
G1 X114.822 Y137.989 E.01603
;WIDTH:0.85528
G1 X114.773 Y137.865 E.01706
;WIDTH:0.9
G1 X114.725 Y137.741 E.018
G1 X110.689 Y133.705 E.7728
G1 E-2 F2400
G1 X110.689 Y133.705 F18000
G1 X117.581 Y145.172
G1 E2 F2400
;WIDTH:0.966315
G1 F3600
G1 X117.504 Y145.249 E.01594
G1 X117.532 Y145.356 E.01619
G1 X117.638 Y145.384 E.01605
G1 X117.716 Y145.306 E.01615
G1 X117.688 Y145.2 E.01605
G1 X117.85 Y144.841 E.05767
;WIDTH:0.933157
G1 X118.012 Y144.482 E.0555
;WIDTH:0.9
G1 X118.841 Y145.311 E.15874
G1 X119.993 Y145.311 E.15598
G1 X118.301 Y143.62 E.32388
G1 X118.427 Y142.594 E.13996
G1 X121.144 Y145.311 E.52024
G1 X122.295 Y145.311 E.15584
G1 X118.276 Y141.292 E.76955
G1 X118.16 Y141.1 E.03037
;WIDTH:0.85528
G1 X118.043 Y140.908 E.02877
;WIDTH:0.81056
G1 X117.927 Y140.716 E.02704
;WIDTH:0.765841
G1 X117.887 Y140.903 E.02163
G1 X117.895 Y141.075 E.01947
G1 E-2 F2400
G1 X117.895 Y141.075 F18000
G1 X123.447 Y145.311
G1 E2 F2400
;WIDTH:0.9
G1 F3600
G1 X110.689 Y132.553 E2.44287
G1 X110.689 Y131.402 E.15584
G1 X124.598 Y145.311 E2.66326
G1 X125.75 Y145.311 E.15598
G1 X110.689 Y130.25 E2.88385
G1 X110.689 Y129.099 E.15584
G1 X126.901 Y145.311 E3.10424
G1 X128.052 Y145.311 E.15584
G1 X110.689 Y127.948 E3.32463
G1 X110.689 Y126.796 E.15598
G1 X129.204 Y145.311 E3.54521
G1 X130.355 Y145.311 E.15584
G1 X110.689 Y125.645 E3.7656
G1 X110.689 Y124.493 E.15598
G1 X131.507 Y145.311 E3.98618
G1 X132.658 Y145.311 E.15584
G1 X110.689 Y123.342 E4.20657
G1 X110.689 Y122.191 E.15584
G1 X133.809 Y145.311 E4.42696
G1 X134.961 Y145.311 E.15598
G1 X110.689 Y121.039 E4.64755
G1 X110.689 Y119.888 E.15584
G1 X136.112 Y145.311 E4.86794
G1 X137.264 Y145.311 E.15598
G1 X110.689 Y118.736 E5.08852
G1 X110.689 Y117.585 E.15584
G1 X138.415 Y145.311 E5.30891
G1 X138.582 Y145.37 E.02398
;WIDTH:0.85528
G1 X138.749 Y145.43 E.02271
;WIDTH:0.81056
G1 X138.917 Y145.489 E.02146
;WIDTH:0.765841
G1 X138.857 Y145.549 E.0096
G1 X138.879 Y145.631 E.0096
G1 X138.961 Y145.653 E.0096
G1 X139.021 Y145.593 E.0096
G1 X138.999 Y145.511 E.0096
G1 X138.999 Y145.511 F18000
G1 X138.045 Y143.915
G1 F3600
G1 X138.067 Y143.997 E.0096
G1 X138.007 Y144.057 E.0096
G1 X137.925 Y144.035 E.0096
G1 X137.903 Y143.953 E.0096
G1 X137.963 Y143.893 E.0096
;WIDTH:0.81056
G1 X137.86 Y143.729 E.02334
;WIDTH:0.85528
G1 X137.758 Y143.564 E.02482
;WIDTH:0.9
G1 X137.655 Y143.4 E.02622
G1 X112.6 Y118.345 E4.79747
G1 X112.428 Y118.213 E.02936
;WIDTH:0.85528
G1 X112.257 Y118.081 E.02764
;WIDTH:0.81056
G1 X112.085 Y117.949 E.02613
;WIDTH:0.765841
G1 X112.107 Y118.031 E.0096
G1 X112.047 Y118.091 E.0096
G1 X111.965 Y118.069 E.0096
G1 X111.943 Y117.987 E.0096
G1 X112.003 Y117.927 E.0096
G1 X112.003 Y117.927 F18000
G1 X113.825 Y118.419
;WIDTH:0.9
G1 F3600
G1 X137.581 Y142.175 E4.54874
G1 X137.752 Y141.194 E.13483
G1 X114.806 Y118.248 E4.39365
G1 X115.645 Y117.935 E.12124
G1 X138.065 Y140.355 E4.29293
G1 X138.493 Y139.632 E.11376
G1 X116.368 Y117.507 E4.23644
G1 X116.999 Y116.986 E.11079
G1 X139.014 Y139.001 E4.21538
G1 X139.646 Y138.482 E.11073
G1 X117.518 Y116.354 E4.23702
G1 X117.944 Y115.629 E.11385
G1 X140.367 Y138.052 E4.2935
G1 X141.209 Y137.743 E.12144
G1 X118.253 Y114.787 E4.39556
G1 X118.421 Y113.803 E.13516
G1 X142.212 Y137.594 E4.55545
G1 X142.212 Y137.594 F18000
G1 X144.074 Y137.938
;WIDTH:0.765841
G1 F3600
G1 X144.096 Y138.02 E.0096
G1 X144.036 Y138.08 E.0096
G1 X143.954 Y138.058 E.0096
G1 X143.932 Y137.976 E.0096
G1 X143.992 Y137.916 E.0096
;WIDTH:0.81056
G1 X143.808 Y137.834 E.02428
;WIDTH:0.85528
G1 X143.623 Y137.751 E.02595
;WIDTH:0.9
G1 X143.438 Y137.669 E.0274
G1 X118.339 Y112.57 E4.8059
G1 X118.249 Y112.358 E.03118
;WIDTH:0.85528
G1 X118.158 Y112.146 E.02952
;WIDTH:0.81056
G1 X118.068 Y111.934 E.02776
;WIDTH:0.765841
G1 X118.09 Y112.016 E.0096
G1 X118.03 Y112.076 E.0096
G1 X117.948 Y112.054 E.0096
G1 X117.926 Y111.972 E.0096
G1 X117.986 Y111.912 E.0096
G1 X117.986 Y111.912 F18000
G1 X117.05 Y110.353
G1 F3600
G1 X116.99 Y110.413 E.0096
G1 X117.012 Y110.495 E.0096
G1 X117.094 Y110.517 E.0096
G1 X117.154 Y110.457 E.0096
G1 X117.132 Y110.375 E.0096
;WIDTH:0.81056
G1 X117.291 Y110.479 E.0229
;WIDTH:0.85528
G1 X117.45 Y110.584 E.02438
;WIDTH:0.9
G1 X117.61 Y110.689 E.02591
G1 X145.311 Y138.39 E5.30412
G1 X145.416 Y138.55 E.02591
;WIDTH:0.85528
G1 X145.521 Y138.709 E.02438
;WIDTH:0.81056
G1 X145.625 Y138.868 E.0229
;WIDTH:0.765841
G1 X145.647 Y138.95 E.0096
G1 X145.587 Y139.01 E.0096
G1 X145.505 Y138.988 E.0096
G1 X145.483 Y138.906 E.0096
G1 X145.543 Y138.846 E.0096
;WIDTH:0.9
G1 X145.311 Y137.239 E.21984
G1 X118.761 Y110.689 E5.08373
G1 X119.912 Y110.689 E.15584
G1 X145.311 Y136.088 E4.86334
G1 X145.311 Y134.936 E.15598
G1 X121.064 Y110.689 E4.64276
G1 X122.215 Y110.689 E.15584
G1 X145.311 Y133.785 E4.42237
G1 X145.311 Y132.633 E.15598
G1 X123.367 Y110.689 E4.20179
G1 X124.518 Y110.689 E.15584
G1 X145.311 Y131.482 E3.9814
G1 X145.311 Y130.331 E.15584
G1 X125.669 Y110.689 E3.76101
G1 X126.821 Y110.689 E.15598
G1 X145.311 Y129.179 E3.54042
G1 X145.311 Y128.028 E.15584
G1 X127.972 Y110.689 E3.32003
G1 X129.124 Y110.689 E.15598
G1 X145.311 Y126.876 E3.09945
G1 X145.311 Y125.725 E.15584
G1 X130.275 Y110.689 E2.87906
G1 X131.426 Y110.689 E.15584
G1 X145.311 Y124.574 E2.65867
G1 X145.719 Y123.675 E.13367
;WIDTH:0.765841
G1 X145.741 Y123.757 E.0096
G1 X145.681 Y123.817 E.0096
G1 X145.598 Y123.795 E.00971
G1 X145.576 Y123.713 E.0096
G1 X145.637 Y123.653 E.00968
;WIDTH:0.81056
G1 X145.528 Y123.576 E.01608
;WIDTH:0.85528
G1 X145.42 Y123.499 E.01697
;WIDTH:0.9
G1 X145.311 Y123.422 E.01807
G1 X132.578 Y110.689 E2.43809
G1 X133.729 Y110.689 E.15584
G1 X137.714 Y114.674 E.76304
G1 X137.841 Y114.747 E.01983
;WIDTH:0.85528
G1 X137.969 Y114.82 E.01886
;WIDTH:0.81056
G1 X138.096 Y114.893 E.01765
;WIDTH:0.765841
G1 X138.099 Y115.075 E.02058
G1 X138.061 Y115.25 E.02025
G1 X138.061 Y115.25 F18000
G1 X137.573 Y113.381
;WIDTH:0.9
G1 F3600
G1 X134.881 Y110.689 E.51546
G1 X136.032 Y110.689 E.15584
G1 X137.703 Y112.36 E.31996
G1 X137.995 Y111.5 E.12297
G1 X137.183 Y110.689 E.15538
G1 X138.373 Y110.611 E.16147
;WIDTH:0.954809
G1 X138.296 Y110.688 E.01574
G1 X138.324 Y110.793 E.0157
G1 X138.429 Y110.821 E.0157
G1 X138.506 Y110.744 E.01574
G1 X138.478 Y110.64 E.01556
G1 E-2 F2400
G1 X138.478 Y110.64 F18000
G1 X140.728 Y117.851
G1 E2 F2400
;WIDTH:0.765841
G1 F3600
G1 X140.668 Y117.911 E.0096
G1 X140.69 Y117.994 E.00971
G1 X140.772 Y118.016 E.0096
G1 X140.833 Y117.955 E.00976
G1 X140.811 Y117.873 E.0096
;WIDTH:0.81056
G1 X140.982 Y118.011 E.02648
;WIDTH:0.85528
G1 X141.154 Y118.148 E.02814
;WIDTH:0.9
G1 X141.326 Y118.286 E.02986
G1 X145.311 Y122.271 E.76304
G1 X145.383 Y122.435 E.02425
;WIDTH:0.85528
G1 X145.455 Y122.6 E.02304
;WIDTH:0.81056
G1 X145.528 Y122.764 E.02164
;WIDTH:0.765841
G1 X145.467 Y122.825 E.00976
G1 X145.489 Y122.907 E.0096
G1 X145.572 Y122.929 E.00971
G1 X145.632 Y122.869 E.0096
G1 X145.61 Y122.786 E.00971
G1 X145.61 Y122.786 F18000
G1 X145.311 Y121.119
;WIDTH:0.9
G1 F3600
G1 X142.619 Y118.427 E.51546
G1 X143.64 Y118.297 E.13935
G1 X145.311 Y119.968 E.31996
G1 X145.719 Y119.069 E.13367
;WIDTH:0.765841
G1 X145.741 Y119.151 E.0096
G1 X145.681 Y119.211 E.0096
G1 X145.598 Y119.189 E.00971
G1 X145.576 Y119.107 E.0096
G1 X145.637 Y119.047 E.00968
;WIDTH:0.81056
G1 X145.528 Y118.97 E.01608
;WIDTH:0.85528
G1 X145.42 Y118.893 E.01697
;WIDTH:0.9
G1 X145.311 Y118.817 E.01799
G1 X144.5 Y118.005 E.15538
G1 X145.251 Y117.483 E.12383
;WIDTH:0.962873
G1 X145.174 Y117.561 E.01599
G1 X145.202 Y117.667 E.01599
G1 X145.308 Y117.695 E.01599
G1 X145.386 Y117.618 E.01599
G1 X145.357 Y117.512 E.01603
;LAYER_CHANGE
;Z:1.6
;HEIGHT:0.4
G1 Z1.6 F18000
G1 E-2 F2400
G1 Z1.6 F18000
G1 X144.831 Y109.98
G1 Z1.6
G1 E2 F2400
M204 S4000
;TYPE:Perimeter
;WIDTH:0.704361
G1 F900
G1 X146.02 Y109.98 E.1223
G1 X146.02 Y110.29 E.03189
G1 X146.02 Y111.169 E.09041
G1 X145.904 Y110.997 E.02134
G1 X145.351 Y110.381 E.08515
G1 X144.926 Y110.054 E.05516
M204 S8000
G1 E-2 F2400
G1 X144.926 Y110.054 F18000
G1 X138.193 Y113.471
G1 E2 F2400
M204 S4000
;WIDTH:0.9
G1 F3600
G1 X138.181 Y113.7 E.03105
G1 X138.257 Y114.356 E.08941
G1 X138.434 Y114.968 E.08626
G1 X138.586 Y115.337 E.05403
G1 X138.961 Y115.989 E.10184
G1 X139.305 Y116.413 E.07393
G1 X139.587 Y116.695 E.054
G1 X140.176 Y117.15 E.10077
G1 X140.663 Y117.414 E.075
G1 X141.032 Y117.566 E.05403
G1 X141.644 Y117.743 E.08626
G1 X142.3 Y117.819 E.08941
G1 X143.147 Y117.775 E.11483
G1 X143.968 Y117.566 E.1147
G1 X144.733 Y117.202 E.1147
G1 X145.413 Y116.695 E.11484
G1 X145.922 Y116.136 E.10236
G1 X145.922 Y139.864 E3.21266
G1 X145.695 Y139.587 E.04849
G1 X145.065 Y139.02 E.11476
G1 X144.337 Y138.586 E.11475
G1 X143.872 Y138.407 E.06746
G1 X143.218 Y138.243 E.09129
G1 X142.624 Y138.185 E.08081
G1 X141.687 Y138.249 E.12716
G1 X141.032 Y138.434 E.09215
G1 X140.663 Y138.586 E.05403
G1 X140.011 Y138.961 E.10184
G1 X139.587 Y139.305 E.07393
G1 X139.305 Y139.587 E.054
G1 X138.85 Y140.176 E.10077
G1 X138.586 Y140.663 E.075
G1 X138.434 Y141.032 E.05403
G1 X138.257 Y141.644 E.08626
G1 X138.181 Y142.3 E.08941
G1 X138.225 Y143.147 E.11483
G1 X138.434 Y143.968 E.1147
G1 X138.798 Y144.733 E.1147
G1 X139.305 Y145.413 E.11484
G1 X139.864 Y145.922 E.10236
G1 X116.136 Y145.922 E3.21266
G1 X116.695 Y145.413 E.10236
G1 X117.202 Y144.733 E.11484
G1 X117.566 Y143.968 E.1147
G1 X117.775 Y143.147 E.1147
G1 X117.819 Y142.3 E.11483
G1 X117.743 Y141.644 E.08941
G1 X117.566 Y141.032 E.08626
G1 X117.414 Y140.663 E.05403
G1 X117.039 Y140.011 E.10184
G1 X116.695 Y139.587 E.07393
G1 X116.413 Y139.305 E.054
G1 X115.824 Y138.85 E.10077
G1 X115.337 Y138.586 E.075
G1 X114.872 Y138.407 E.06746
G1 X114.218 Y138.243 E.09129
G1 X113.624 Y138.185 E.08081
G1 X112.953 Y138.218 E.09096
G1 X112.462 Y138.303 E.06747
G1 X112.032 Y138.434 E.06086
G1 X111.267 Y138.798 E.1147
G1 X110.587 Y139.305 E.11484
G1 X110.078 Y139.864 E.10236
G1 X110.078 Y116.136 E3.21266
G1 X110.587 Y116.695 E.10236
G1 X111.267 Y117.202 E.11484
G1 X112.032 Y117.566 E.1147
G1 X112.853 Y117.775 E.1147
G1 X113.7 Y117.819 E.11483
G1 X114.356 Y117.743 E.08941
G1 X114.968 Y117.566 E.08626
G1 X115.337 Y117.414 E.05403
G1 X115.989 Y117.039 E.10184
G1 X116.413 Y116.695 E.07393
G1 X116.695 Y116.413 E.054
G1 X117.15 Y115.824 E.10077
G1 X117.414 Y115.337 E.075
G1 X117.566 Y114.968 E.05403
G1 X117.743 Y114.356 E.08626
G1 X117.819 Y113.7 E.08941
G1 X117.775 Y112.853 E.11483
G1 X117.566 Y112.032 E.1147
G1 X117.202 Y111.267 E.1147
G1 X116.695 Y110.587 E.11484
G1 X116.136 Y110.078 E.10236
G1 X139.864 Y110.078 E3.21266
G1 X139.305 Y110.587 E.10236
G1 X138.798 Y111.267 E.11484
G1 X138.434 Y112.032 E.1147
G1 X138.225 Y112.853 E.1147
G1 X138.199 Y113.352 E.06765
M204 S8000
G1 X138.199 Y113.352 F18000
G1 X138.999 Y113.497
M204 S4000
G1 F900
G1 X139.036 Y112.933 E.07653
G1 X139.213 Y112.268 E.09317
G1 X139.516 Y111.65 E.09319
G1 X139.934 Y111.104 E.0931
G1 X140.451 Y110.649 E.09325
G1 X141.047 Y110.304 E.09324
G1 X141.699 Y110.087 E.09304
;WIDTH:0.89087
G1 X141.993 Y110.043 E.0398
;WIDTH:0.87668
G1 X142.665 Y110.018 E.08844
;WIDTH:0.883314
G1 X143.019 Y110.041 E.04705
;WIDTH:0.897465
G1 X143.674 Y110.198 E.09091
;WIDTH:0.9
G1 X144.35 Y110.516 E.10115
G1 X144.896 Y110.934 E.0931
G1 X145.351 Y111.451 E.09325
G1 X145.696 Y112.047 E.09324
G1 X145.912 Y112.7 E.09312
;WIDTH:0.887731
G1 X145.987 Y113.382 E.0915
;WIDTH:0.879561
G1 X145.954 Y114.066 E.09039
;WIDTH:0.897757
G1 X145.786 Y114.732 E.09274
;WIDTH:0.9
G1 X145.484 Y115.35 E.09313
G1 X145.066 Y115.896 E.0931
G1 X144.549 Y116.351 E.09325
G1 X143.953 Y116.696 E.09324
G1 X143.302 Y116.918 E.09313
G1 X142.62 Y117.008 E.09314
G1 X141.933 Y116.964 E.09321
G1 X141.268 Y116.787 E.09317
G1 X140.65 Y116.484 E.09319
G1 X140.104 Y116.066 E.0931
G1 X139.649 Y115.549 E.09325
G1 X139.304 Y114.953 E.09324
G1 X139.082 Y114.302 E.09313
G1 X138.992 Y113.62 E.09314
G1 X138.992 Y113.617 E.00041
M204 S8000
G1 X138.992 Y113.617 F18000
G1 X139.806 Y113.581
M204 S3000
;TYPE:External perimeter
G1 F900
G1 X139.802 Y113.54 E.00558
G1 X139.846 Y113.013 E.0716
G1 X139.992 Y112.504 E.0717
G1 X140.234 Y112.034 E.07158
G1 X140.564 Y111.62 E.07168
G1 X140.968 Y111.279 E.07158
G1 X141.431 Y111.022 E.0717
G1 X141.934 Y110.861 E.07151
G1 X142.704 Y110.811 E.10447
G1 X143.476 Y110.987 E.10721
G1 X143.966 Y111.234 E.0743
G1 X144.38 Y111.564 E.07168
G1 X144.721 Y111.968 E.07158
G1 X144.978 Y112.431 E.0717
G1 X145.139 Y112.934 E.07151
G1 X145.198 Y113.46 E.07166
G1 X145.154 Y113.987 E.0716
G1 X145.008 Y114.496 E.0717
G1 X144.766 Y114.966 E.07158
G1 X144.436 Y115.38 E.07168
G1 X144.032 Y115.721 E.07158
G1 X143.569 Y115.978 E.0717
G1 X143.066 Y116.139 E.07151
G1 X142.54 Y116.198 E.07166
G1 X142.013 Y116.154 E.0716
G1 X141.504 Y116.008 E.0717
G1 X141.034 Y115.766 E.07158
G1 X140.62 Y115.436 E.07168
G1 X140.279 Y115.032 E.07158
G1 X140.022 Y114.569 E.0717
G1 X139.861 Y114.066 E.07151
G1 X139.82 Y113.701 E.04973
M204 S8000
G1 X139.898 Y112.904 F18000
G1 E-2 F2400
G1 X109.98 Y111.169 F18000
G1 E2 F2400
M204 S4000
;TYPE:Perimeter
;WIDTH:0.704361
G1 F900
G1 X109.98 Y109.98 E.1223
G1 X111.169 Y109.98 E.1223
G1 X110.997 Y110.096 E.02134
G1 X110.381 Y110.649 E.08515
G1 X110.054 Y111.074 E.05516
M204 S8000
G1 E-2 F2400
G1 X110.054 Y111.074 F18000
G1 X112.158 Y116.733
G1 E2 F2400
M204 S4000
;WIDTH:0.9
G1 F900
G1 X111.65 Y116.484 E.0766
G1 X111.104 Y116.066 E.0931
G1 X110.649 Y115.549 E.09325
G1 X110.304 Y114.953 E.09324
G1 X110.087 Y114.301 E.09304
;WIDTH:0.890851
G1 X110.013 Y113.618 E.09197
;WIDTH:0.879562
G1 X110.046 Y112.934 E.09039
;WIDTH:0.899341
G1 X110.213 Y112.268 E.09289
;WIDTH:0.9
G1 X110.516 Y111.65 E.09319
G1 X110.934 Y111.104 E.0931
G1 X111.451 Y110.649 E.09325
G1 X112.047 Y110.304 E.09324
G1 X112.699 Y110.087 E.09304
;WIDTH:0.89087
G1 X112.993 Y110.043 E.0398
;WIDTH:0.87668
G1 X113.665 Y110.018 E.08844
;WIDTH:0.883314
G1 X114.019 Y110.041 E.04705
;WIDTH:0.897465
G1 X114.674 Y110.198 E.09091
;WIDTH:0.9
G1 X115.35 Y110.516 E.10115
G1 X115.896 Y110.934 E.0931
G1 X116.351 Y111.451 E.09325
G1 X116.696 Y112.047 E.09324
G1 X116.918 Y112.698 E.09313
G1 X117.008 Y113.38 E.09314
G1 X116.964 Y114.067 E.09321
G1 X116.787 Y114.732 E.09317
G1 X116.484 Y115.35 E.09319
G1 X116.066 Y115.896 E.0931
G1 X115.549 Y116.351 E.09325
G1 X114.953 Y116.696 E.09324
G1 X114.302 Y116.918 E.09313
G1 X113.62 Y117.008 E.09314
G1 X112.933 Y116.964 E.09321
G1 X112.268 Y116.787 E.09317
G1 X112.266 Y116.786 E.0003
M204 S8000
G1 X112.266 Y116.786 F18000
G1 X112.469 Y115.99
M204 S3000
;TYPE:External perimeter
G1 F900
G1 X112.034 Y115.766 E.06625
G1 X111.62 Y115.436 E.07168
G1 X111.279 Y115.032 E.07158
G1 X111.022 Y114.569 E.0717
G1 X110.861 Y114.066 E.07151
G1 X110.802 Y113.54 E.07166
G1 X110.846 Y113.013 E.0716
G1 X110.992 Y112.504 E.0717
G1 X111.234 Y112.034 E.07158
G1 X111.564 Y111.62 E.07168
G1 X111.968 Y111.279 E.07158
G1 X112.431 Y111.022 E.0717
G1 X112.934 Y110.861 E.07151
G1 X113.704 Y110.811 E.10447
G1 X114.476 Y110.987 E.10721
G1 X114.966 Y111.234 E.0743
G1 X115.38 Y111.564 E.07168
G1 X115.721 Y111.968 E.07158
G1 X115.978 Y112.431 E.0717
G1 X116.139 Y112.934 E.07151
G1 X116.198 Y113.46 E.07166
G1 X116.154 Y113.987 E.0716
G1 X116.008 Y114.496 E.0717
G1 X115.766 Y114.966 E.07158
G1 X115.436 Y115.38 E.07168
G1 X115.032 Y115.721 E.07158
G1 X114.569 Y115.978 E.0717
G1 X114.066 Y116.139 E.07151
G1 X113.54 Y116.198 E.07166
G1 X113.013 Y116.154 E.0716
G1 X112.581 Y116.03 E.06085
M204 S8000
G1 X111.889 Y115.629 F18000
G1 E-2 F2400
G1 X110.014 Y144.881 F18000
G1 E2 F2400
M204 S4000
;TYPE:Perimeter
;WIDTH:0.704361
G1 F900
G1 X110.096 Y145.003 E.01512
G1 X110.649 Y145.619 E.08515
G1 X111.169 Y146.02 E.06754
G1 X109.98 Y146.02 E.1223
G1 X109.98 Y144.891 E.11613
M204 S8000
G1 X109.98 Y144.891 F18000
G1 X110.588 Y144.443
M204 S4000
;WIDTH:0.9
G1 F900
G1 X110.304 Y143.953 E.07668
G1 X110.087 Y143.301 E.09304
;WIDTH:0.890851
G1 X110.013 Y142.618 E.09197
;WIDTH:0.879562
G1 X110.046 Y141.934 E.09039
;WIDTH:0.899341
G1 X110.213 Y141.268 E.09289
;WIDTH:0.9
G1 X110.516 Y140.65 E.09319
G1 X110.934 Y140.104 E.0931
G1 X111.451 Y139.649 E.09325
G1 X112.047 Y139.304 E.09324
G1 X112.698 Y139.082 E.09313
G1 X112.993 Y139.031 E.04053
G1 X113.664 Y138.998 E.09096
G1 X114.021 Y139.033 E.04857
G1 X114.674 Y139.197 E.09116
G1 X114.953 Y139.304 E.04046
G1 X115.404 Y139.547 E.06936
G1 X115.896 Y139.934 E.08475
G1 X116.351 Y140.451 E.09325
G1 X116.696 Y141.047 E.09324
G1 X116.918 Y141.698 E.09313
G1 X117.008 Y142.38 E.09314
G1 X116.964 Y143.067 E.09321
G1 X116.787 Y143.732 E.09317
G1 X116.484 Y144.35 E.09319
G1 X116.066 Y144.896 E.0931
G1 X115.549 Y145.351 E.09325
G1 X114.953 Y145.696 E.09324
G1 X114.301 Y145.913 E.09304
;WIDTH:0.890851
G1 X113.618 Y145.987 E.09197
;WIDTH:0.879562
G1 X112.934 Y145.954 E.09039
;WIDTH:0.899342
G1 X112.268 Y145.787 E.09289
;WIDTH:0.9
G1 X111.65 Y145.484 E.09319
G1 X111.104 Y145.066 E.0931
G1 X110.649 Y144.549 E.09325
G1 X110.648 Y144.546 E.00043
M204 S8000
G1 X110.648 Y144.546 F18000
G1 X111.252 Y143.984
M204 S3000
;TYPE:External perimeter
G1 F900
G1 X111.022 Y143.569 E.06424
G1 X110.861 Y143.066 E.07151
G1 X110.802 Y142.54 E.07166
G1 X110.846 Y142.013 E.0716
G1 X110.992 Y141.504 E.0717
G1 X111.234 Y141.034 E.07158
G1 X111.564 Y140.62 E.07168
G1 X111.968 Y140.279 E.07158
G1 X112.431 Y140.022 E.0717
G1 X112.934 Y139.861 E.07151
G1 X113.704 Y139.811 E.10447
G1 X114.476 Y139.987 E.10721
G1 X114.966 Y140.234 E.0743
G1 X115.38 Y140.564 E.07168
G1 X115.721 Y140.968 E.07158
G1 X115.978 Y141.431 E.0717
G1 X116.139 Y141.934 E.07151
G1 X116.198 Y142.46 E.07166
G1 X116.154 Y142.987 E.0716
G1 X116.008 Y143.496 E.0717
G1 X115.766 Y143.966 E.07158
G1 X115.436 Y144.38 E.07168
G1 X115.032 Y144.721 E.07158
G1 X114.569 Y144.978 E.0717
G1 X114.066 Y145.139 E.07151
G1 X113.54 Y145.198 E.07166
G1 X113.013 Y145.154 E.0716
G1 X112.504 Y145.008 E.0717
G1 X112.034 Y144.766 E.07158
G1 X111.62 Y144.436 E.07168
G1 X111.321 Y144.082 E.06274
M204 S8000
G1 X110.973 Y143.362 F18000
G1 E-2 F2400
G1 X144.831 Y146.02 F18000
G1 E2 F2400
M204 S4000
;TYPE:Perimeter
;WIDTH:0.704361
G1 F900
G1 X145.003 Y145.904 E.02134
G1 X145.619 Y145.351 E.08515
G1 X146.02 Y144.831 E.06754
G1 X146.02 Y146.02 E.1223
G1 X144.951 Y146.02 E.10996
M204 S8000
G1 E-2 F2400
G1 X144.951 Y146.02 F18000
G1 X140.023 Y144.973
G1 E2 F2400
M204 S4000
;WIDTH:0.9
G1 F900
G1 X139.649 Y144.549 E.07655
G1 X139.304 Y143.953 E.09324
G1 X139.082 Y143.302 E.09313
G1 X138.992 Y142.62 E.09314
G1 X139.036 Y141.933 E.09321
G1 X139.213 Y141.268 E.09317
G1 X139.516 Y140.65 E.09319
G1 X139.934 Y140.104 E.0931
G1 X140.451 Y139.649 E.09325
G1 X140.596 Y139.547 E.024
G1 X141.047 Y139.304 E.06936
G1 X141.698 Y139.082 E.09313
G1 X141.993 Y139.031 E.04053
G1 X142.664 Y138.998 E.09096
G1 X143.021 Y139.033 E.04857
G1 X143.674 Y139.197 E.09116
G1 X144.35 Y139.516 E.10121
G1 X144.896 Y139.934 E.0931
G1 X145.351 Y140.451 E.09325
G1 X145.696 Y141.047 E.09324
G1 X145.912 Y141.7 E.09312
;WIDTH:0.887731
G1 X145.987 Y142.382 E.0915
;WIDTH:0.879561
G1 X145.954 Y143.066 E.09039
;WIDTH:0.897757
G1 X145.786 Y143.732 E.09274
;WIDTH:0.9
G1 X145.484 Y144.35 E.09313
G1 X145.066 Y144.896 E.0931
G1 X144.549 Y145.351 E.09325
G1 X143.953 Y145.696 E.09324
G1 X143.301 Y145.913 E.09304
;WIDTH:0.890851
G1 X142.618 Y145.987 E.09197
;WIDTH:0.879562
G1 X141.934 Y145.954 E.09039
;WIDTH:0.899342
G1 X141.268 Y145.787 E.09289
;WIDTH:0.9
G1 X140.65 Y145.484 E.09319
G1 X140.104 Y145.066 E.0931
G1 X140.102 Y145.064 E.00038
M204 S8000
G1 X140.102 Y145.064 F18000
G1 X140.62 Y144.436
M204 S3000
;TYPE:External perimeter
G1 F900
G1 X140.279 Y144.032 E.07158
G1 X140.022 Y143.569 E.0717
G1 X139.861 Y143.066 E.07151
G1 X139.802 Y142.54 E.07166
G1 X139.846 Y142.013 E.0716
G1 X139.992 Y141.504 E.0717
G1 X140.234 Y141.034 E.07158
G1 X140.564 Y140.62 E.07168
G1 X141.016 Y140.245 E.07952
G1 X141.477 Y140.001 E.07062
G1 X141.979 Y139.851 E.07094
G1 X142.704 Y139.811 E.09831
G1 X143.476 Y139.987 E.10721
G1 X143.966 Y140.234 E.0743
G1 X144.38 Y140.564 E.07168
G1 X144.721 Y140.968 E.07158
G1 X144.978 Y141.431 E.0717
G1 X145.139 Y141.934 E.07151
G1 X145.198 Y142.46 E.07166
G1 X145.154 Y142.987 E.0716
G1 X145.008 Y143.496 E.0717
G1 X144.766 Y143.966 E.07158
G1 X144.436 Y144.38 E.07168
G1 X144.032 Y144.721 E.07158
G1 X143.569 Y144.978 E.0717
G1 X143.066 Y145.139 E.07151
G1 X142.54 Y145.198 E.07166
G1 X142.013 Y145.154 E.0716
G1 X141.504 Y145.008 E.0717
G1 X141.034 Y144.766 E.07158
G1 X140.714 Y144.511 E.0554
M204 S8000
G1 X140.218 Y143.884 F18000
G1 E-2 F2400
G1 X146.736 Y146.736 F18000
G1 E2 F2400
M204 S4000
;TYPE:Perimeter
G1 F3600
G1 X143.873 Y146.737 E.38764
;WIDTH:0.897757
G1 X143.105 Y146.746 E.1037
;WIDTH:0.87956
G1 X142.345 Y146.757 E.10033
;WIDTH:0.887732
G1 X141.577 Y146.742 E.10244
;WIDTH:0.9
G1 X114.873 Y146.737 E3.61559
;WIDTH:0.897757
G1 X114.105 Y146.746 E.1037
;WIDTH:0.87956
G1 X113.345 Y146.757 E.10033
;WIDTH:0.887732
G1 X112.577 Y146.742 E.10244
;WIDTH:0.9
G1 X109.264 Y146.736 E.44856
G1 X109.263 Y143.873 E.38764
;WIDTH:0.897757
G1 X109.254 Y143.105 E.1037
;WIDTH:0.879562
G1 X109.243 Y142.345 E.10033
;WIDTH:0.887731
G1 X109.258 Y141.577 E.10244
;WIDTH:0.9
G1 X109.263 Y114.873 E3.61559
;WIDTH:0.897757
G1 X109.254 Y114.105 E.1037
;WIDTH:0.879562
G1 X109.243 Y113.345 E.10033
;WIDTH:0.887731
G1 X109.258 Y112.577 E.10244
;WIDTH:0.9
G1 X109.264 Y109.264 E.44856
G1 X112.127 Y109.263 E.38764
;WIDTH:0.897759
G1 X112.974 Y109.252 E.11437
;WIDTH:0.883314
G1 X114.115 Y109.256 E.15132
;WIDTH:0.9
G1 X141.127 Y109.263 E3.65729
;WIDTH:0.897759
G1 X141.974 Y109.252 E.11437
;WIDTH:0.883314
G1 X143.115 Y109.256 E.15132
;WIDTH:0.9
G1 X146.736 Y109.264 E.49027
G1 X146.736 Y110.29 E.13892
G1 X146.736 Y112.127 E.24872
;WIDTH:0.899342
G1 X146.746 Y112.895 E.10391
;WIDTH:0.879561
G1 X146.757 Y113.655 E.10033
;WIDTH:0.890851
G1 X146.74 Y114.423 E.10284
;WIDTH:0.9
G1 X146.736 Y141.127 E3.61559
;WIDTH:0.899342
G1 X146.746 Y141.895 E.10391
;WIDTH:0.879561
G1 X146.757 Y142.655 E.10033
;WIDTH:0.890851
G1 X146.74 Y143.423 E.10284
;WIDTH:0.9
G1 X146.736 Y146.616 E.43232
M204 S8000
G1 X146.736 Y146.616 F18000
G1 X147.55 Y147.55
M204 S3000
;TYPE:External perimeter
G1 F2400
G1 X108.45 Y147.55 E5.29395
G1 X108.45 Y108.45 E5.29395
G1 X147.55 Y108.45 E5.29395
G1 X147.55 Y110.29 E.24913
G1 X147.55 Y147.43 E5.02858
M204 S8000
G1 X146.759 Y147.549 F18000
G1 E-2 F2400
G1 X137.916 Y145.311 F18000
G1 E2 F2400
;TYPE:Internal infill
;WIDTH:0.9
G1 F4200
G1 X133.031 Y145.311 E.66141
G1 X133.489 Y144.597 E.11485
G1 X134.352 Y143.724 E.16621
G1 X134.966 Y143.287 E.10204
G1 X137.362 Y141.977 E.36973
G1 X137.643 Y141.649 E.05848
G1 X137.811 Y140.987 E.09247
G1 X137.708 Y140.23 E.10344
G1 X137.437 Y139.356 E.12389
G1 X137.048 Y138.483 E.1294
G1 X136.488 Y137.609 E.14054
G1 X135.625 Y136.736 E.16621
G1 X135.011 Y136.299 E.10204
G1 X132.615 Y134.988 E.36979
G1 X132.24 Y134.552 E.07786
G1 X132.15 Y134.115 E.06041
G1 X132.269 Y133.241 E.11943
G1 X132.54 Y132.368 E.12376
G1 X132.929 Y131.494 E.12953
G1 X133.489 Y130.621 E.14043
G1 X134.352 Y129.747 E.1663
G1 X134.966 Y129.31 E.10204
G1 X137.362 Y128 E.36973
G1 X137.737 Y127.563 E.07797
G1 X137.827 Y127.126 E.06041
G1 X137.708 Y126.253 E.11929
G1 X137.437 Y125.379 E.12389
G1 X137.048 Y124.506 E.1294
G1 X136.488 Y123.632 E.14054
G1 X135.625 Y122.759 E.16621
G1 X135.011 Y122.322 E.10204
G1 X132.615 Y121.012 E.36973
G1 X132.24 Y120.575 E.07797
G1 X132.15 Y120.138 E.06041
G1 X132.269 Y119.265 E.11929
G1 X132.54 Y118.391 E.12389
G1 X132.929 Y117.517 E.12953
G1 X133.489 Y116.644 E.14043
G1 X134.352 Y115.77 E.1663
G1 X134.966 Y115.334 E.10196
G1 X137.362 Y114.023 E.36979
G1 X137.575 Y113.774 E.04437
G1 X137.573 Y113.251 E.07081
G1 X137.708 Y112.276 E.13327
G1 X137.437 Y111.403 E.12376
G1 X137.119 Y110.689 E.10583
G1 X129.957 Y110.689 E.9697
G1 X129.5 Y111.403 E.11478
G1 X128.637 Y112.276 E.16621
G1 X128.023 Y112.713 E.10204
G1 X125.626 Y114.023 E.36985
G1 X125.252 Y114.46 E.07788
G1 X125.161 Y114.897 E.06044
G1 X125.28 Y115.77 E.11929
G1 X125.552 Y116.644 E.12393
G1 X125.941 Y117.517 E.1294
G1 X126.5 Y118.391 E.14047
G1 X127.363 Y119.265 E.1663
G1 X127.977 Y119.701 E.10196
G1 X130.374 Y121.012 E.36991
G1 X130.748 Y121.448 E.07778
G1 X130.839 Y121.885 E.06044
G1 X130.72 Y122.759 E.11943
G1 X130.448 Y123.632 E.1238
G1 X130.06 Y124.506 E.12947
G1 X129.5 Y125.379 E.14043
G1 X128.637 Y126.253 E.1663
G1 X128.023 Y126.69 E.10204
G1 X125.626 Y128 E.36985
G1 X125.252 Y128.437 E.07788
G1 X125.161 Y128.874 E.06044
G1 X125.28 Y129.747 E.11929
G1 X125.552 Y130.621 E.12393
G1 X125.941 Y131.494 E.1294
G1 X126.5 Y132.368 E.14047
G1 X127.363 Y133.241 E.16621
G1 X127.977 Y133.678 E.10204
G1 X130.374 Y134.988 E.36985
G1 X130.748 Y135.425 E.07788
G1 X130.839 Y135.862 E.06044
G1 X130.72 Y136.736 E.11943
G1 X130.448 Y137.609 E.1238
G1 X130.06 Y138.483 E.12947
G1 X129.5 Y139.356 E.14043
G1 X128.637 Y140.23 E.1663
G1 X128.023 Y140.666 E.10196
G1 X125.626 Y141.977 E.36991
G1 X125.252 Y142.414 E.07788
G1 X125.161 Y142.85 E.0603
G1 X125.28 Y143.724 E.11943
G1 X125.552 Y144.597 E.1238
G1 X125.869 Y145.311 E.10577
G1 X119.055 Y145.311 E.92258
G1 X119.512 Y144.597 E.11478
G1 X120.375 Y143.724 E.16621
G1 X120.989 Y143.287 E.10204
G1 X123.385 Y141.977 E.36973
G1 X123.76 Y141.54 E.07797
G1 X123.85 Y141.103 E.06041
G1 X123.731 Y140.23 E.11929
G1 X123.46 Y139.356 E.12389
G1 X123.071 Y138.483 E.1294
G1 X122.511 Y137.609 E.14054
G1 X121.648 Y136.736 E.16621
G1 X121.034 Y136.299 E.10204
G1 X118.638 Y134.988 E.36979
G1 X118.263 Y134.552 E.07786
G1 X118.173 Y134.115 E.06041
G1 X118.292 Y133.241 E.11943
G1 X118.563 Y132.368 E.12376
G1 X118.952 Y131.494 E.12953
G1 X119.512 Y130.621 E.14043
G1 X120.375 Y129.747 E.1663
G1 X120.989 Y129.31 E.10204
G1 X123.385 Y128 E.36973
G1 X123.76 Y127.563 E.07797
G1 X123.85 Y127.126 E.06041
G1 X123.731 Y126.253 E.11929
G1 X123.46 Y125.379 E.12389
G1 X123.071 Y124.506 E.1294
G1 X122.511 Y123.632 E.14054
G1 X121.648 Y122.759 E.16621
G1 X121.034 Y122.322 E.10204
G1 X118.638 Y121.012 E.36973
G1 X118.263 Y120.575 E.07797
G1 X118.173 Y120.138 E.06041
G1 X118.292 Y119.265 E.11929
G1 X118.563 Y118.391 E.12389
G1 X118.952 Y117.517 E.12953
G1 X119.512 Y116.644 E.14043
G1 X120.375 Y115.77 E.1663
G1 X120.989 Y115.334 E.10196
G1 X123.385 Y114.023 E.36979
G1 X123.76 Y113.586 E.07797
G1 X123.85 Y113.15 E.06028
G1 X123.731 Y112.276 E.11943
G1 X123.46 Y111.403 E.12376
G1 X123.142 Y110.689 E.10583
G1 X117.548 Y110.689 E.7574
G1 X117.957 Y111.384 E.10918
G1 X118.284 Y112.294 E.13092
G1 X118.427 Y113.251 E.13101
G1 X118.427 Y113.751 E.0677
G1 X118.342 Y114.478 E.0991
G1 X118.149 Y115.151 E.09479
G1 X118.023 Y115.483 E.04808
G1 X117.531 Y116.352 E.13521
G1 X117.12 Y116.857 E.08816
G1 X116.354 Y117.53 E.13806
G1 X115.325 Y118.09 E.15862
G1 X114.479 Y118.342 E.11952
G1 X113.751 Y118.427 E.09924
G1 X113.251 Y118.427 E.0677
G1 X112.478 Y118.321 E.10564
G1 X112.905 Y118.828 E.08975
G1 X113.386 Y119.265 E.08799
G1 X114 Y119.701 E.10196
G1 X116.397 Y121.012 E.36991
G1 X116.771 Y121.448 E.07778
G1 X116.862 Y121.885 E.06044
G1 X116.743 Y122.759 E.11943
G1 X116.472 Y123.632 E.12376
G1 X116.083 Y124.506 E.12953
G1 X115.523 Y125.379 E.14043
G1 X114.66 Y126.253 E.1663
G1 X114.046 Y126.69 E.10204
G1 X111.65 Y128 E.36973
G1 X111.275 Y128.437 E.07797
G1 X111.185 Y128.874 E.06041
G1 X111.304 Y129.747 E.11929
G1 X111.575 Y130.621 E.12389
G1 X111.964 Y131.494 E.1294
G1 X112.523 Y132.368 E.14047
G1 X112.905 Y132.805 E.07859
G1 X113.386 Y133.241 E.0879
G1 X114 Y133.678 E.10204
G1 X116.397 Y134.988 E.36985
G1 X116.771 Y135.425 E.07788
G1 X116.862 Y135.862 E.06044
G1 X116.743 Y136.736 E.11943
G1 X116.472 Y137.609 E.12376
G1 X116.146 Y138.339 E.10825
G1 X115.452 Y137.963 E.10687
G1 X114.014 Y137.587 E.20124
G1 X112.91 Y137.609 E.14951
G1 X112.296 Y137.715 E.08436
G1 X111.469 Y138.008 E.11879
G1 E-2 F2400
G1 X111.469 Y138.008 F18000
G1 X139.642 Y138.486
G1 E2 F2400
G1 F4200
G1 X140.674 Y137.911 E.15995
G1 X141.578 Y137.648 E.12747
G1 X142.958 Y137.582 E.18706
G1 X144.288 Y137.916 E.18567
G1 X144.696 Y136.736 E.16905
G1 X144.815 Y135.862 E.11943
G1 X144.725 Y135.425 E.06041
G1 X144.35 Y134.988 E.07797
G1 X141.954 Y133.678 E.36973
G1 X141.34 Y133.241 E.10204
G1 X140.858 Y132.805 E.088
G1 X140.477 Y132.368 E.0785
G1 X139.917 Y131.494 E.14054
G1 X139.528 Y130.621 E.1294
G1 X139.257 Y129.747 E.12389
G1 X139.138 Y128.874 E.11929
G1 X139.229 Y128.437 E.06044
G1 X139.603 Y128 E.07788
G1 X142 Y126.69 E.36985
G1 X142.614 Y126.253 E.10204
G1 X143.477 Y125.379 E.1663
G1 X144.036 Y124.506 E.14036
G1 X144.425 Y123.632 E.12953
G1 X144.696 Y122.759 E.12376
G1 X144.815 Y121.885 E.11943
G1 X144.725 Y121.448 E.06041
G1 X144.35 Y121.012 E.07786
G1 X141.954 Y119.701 E.36979
G1 X141.34 Y119.265 E.10196
G1 X140.477 Y118.391 E.1663
G1 X140.093 Y117.792 E.09634
G1 X140.849 Y118.149 E.1132
G1 X141.522 Y118.342 E.09479
G1 X142.249 Y118.427 E.0991
G1 X142.749 Y118.427 E.0677
G1 X143.706 Y118.284 E.13101
G1 X144.773 Y117.873 E.15481
;LAYER_CHANGE
;Z:2
;HEIGHT:0.4
G1 Z2 F18000
G1 E-2 F2400
G1 Z2 F18000
G1 X144.831 Y109.98
G1 Z2
G1 E2 F2400
M204 S4000
;TYPE:Perimeter
;WIDTH:0.704361
G1 F900
G1 X146.02 Y109.98 E.1223
G1 X146.02 Y110.29 E.03189
G1 X146.02 Y111.169 E.09041
G1 X145.904 Y110.997 E.02134
G1 X145.351 Y110.381 E.08515
G1 X144.926 Y110.054 E.05516
M204 S8000
G1 E-2 F2400
G1 X144.926 Y110.054 F18000
G1 X138.193 Y113.471
G1 E2 F2400
M204 S4000
;WIDTH:0.9
G1 F3600
G1 X138.181 Y113.7 E.03105
G1 X138.257 Y114.356 E.08941
G1 X138.434 Y114.968 E.08626
G1 X138.586 Y115.337 E.05403
G1 X138.961 Y115.989 E.10184
G1 X139.305 Y116.413 E.07393
G1 X139.587 Y116.695 E.054
G1 X140.176 Y117.15 E.10077
G1 X140.663 Y117.414 E.075
G1 X141.032 Y117.566 E.05403
G1 X141.644 Y117.743 E.08626
G1 X142.3 Y117.819 E.08941
G1 X143.147 Y117.775 E.11483
G1 X143.968 Y117.566 E.1147
G1 X144.733 Y117.202 E.1147
G1 X145.413 Y116.695 E.11484
G1 X145.922 Y116.136 E.10236
G1 X145.922 Y139.864 E3.21266
G1 X145.695 Y139.587 E.04849
G1 X145.065 Y139.02 E.11476
G1 X144.337 Y138.586 E.11475
G1 X143.872 Y138.407 E.06746
G1 X143.218 Y138.243 E.09129
G1 X142.624 Y138.185 E.08081
G1 X141.686 Y138.249 E.1273
G1 X141.032 Y138.434 E.09202
G1 X140.663 Y138.586 E.05403
G1 X140.011 Y138.961 E.10184
G1 X139.587 Y139.305 E.07393
G1 X139.305 Y139.587 E.054
G1 X138.85 Y140.176 E.10077
G1 X138.586 Y140.663 E.075
G1 X138.434 Y141.032 E.05403
G1 X138.257 Y141.644 E.08626
G1 X138.181 Y142.3 E.08941
G1 X138.225 Y143.147 E.11483
G1 X138.434 Y143.968 E.1147
G1 X138.798 Y144.733 E.1147
G1 X139.305 Y145.413 E.11484
G1 X139.864 Y145.922 E.10236
G1 X116.136 Y145.922 E3.21266
G1 X116.695 Y145.413 E.10236
G1 X117.202 Y144.733 E.11484
G1 X117.566 Y143.968 E.1147
G1 X117.775 Y143.147 E.1147
G1 X117.819 Y142.3 E.11483
G1 X117.743 Y141.644 E.08941
G1 X117.566 Y141.032 E.08626
G1 X117.414 Y140.663 E.05403
G1 X117.039 Y140.011 E.10184
G1 X116.695 Y139.587 E.07393
G1 X116.413 Y139.305 E.054
G1 X115.824 Y138.85 E.10077
G1 X115.337 Y138.586 E.075
G1 X114.872 Y138.407 E.06746
G1 X114.218 Y138.243 E.09129
G1 X113.624 Y138.185 E.08081
G1 X112.952 Y138.218 E.0911
G1 X112.462 Y138.303 E.06733
G1 X112.032 Y138.434 E.06086
G1 X111.267 Y138.798 E.1147
G1 X110.587 Y139.305 E.11484
G1 X110.078 Y139.864 E.10236
G1 X110.078 Y116.136 E3.21266
G1 X110.587 Y116.695 E.10236
G1 X111.267 Y117.202 E.11484
G1 X112.032 Y117.566 E.1147
G1 X112.853 Y117.775 E.1147
G1 X113.7 Y117.819 E.11483
G1 X114.356 Y117.743 E.08941
G1 X114.968 Y117.566 E.08626
G1 X115.337 Y117.414 E.05403
G1 X115.989 Y117.039 E.10184
G1 X116.413 Y116.695 E.07393
G1 X116.695 Y116.413 E.054
G1 X117.15 Y115.824 E.10077
G1 X117.414 Y115.337 E.075
G1 X117.566 Y114.968 E.05403
G1 X117.743 Y114.356 E.08626
G1 X117.819 Y113.7 E.08941
G1 X117.775 Y112.853 E.11483
G1 X117.566 Y112.032 E.1147
G1 X117.202 Y111.267 E.1147
G1 X116.695 Y110.587 E.11484
G1 X116.136 Y110.078 E.10236
G1 X139.864 Y110.078 E3.21266
G1 X139.305 Y110.587 E.10236
G1 X138.798 Y111.267 E.11484
G1 X138.434 Y112.032 E.1147
G1 X138.225 Y112.853 E.1147
G1 X138.199 Y113.352 E.06765
M204 S8000
G1 X138.199 Y113.352 F18000
G1 X138.999 Y113.497
M204 S4000
G1 F900
G1 X139.036 Y112.933 E.07653
G1 X139.213 Y112.268 E.09317
G1 X139.516 Y111.65 E.09319
G1 X139.934 Y111.104 E.0931
G1 X140.451 Y110.649 E.09325
G1 X141.047 Y110.304 E.09324
G1 X141.699 Y110.087 E.09304
;WIDTH:0.890878
G1 X141.993 Y110.043 E.0398
;WIDTH:0.876693
G1 X142.665 Y110.018 E.08844
;WIDTH:0.883303
G1 X143.019 Y110.041 E.04705
;WIDTH:0.897465
G1 X143.674 Y110.198 E.09091
;WIDTH:0.9
G1 X144.35 Y110.516 E.10115
G1 X144.896 Y110.934 E.0931
G1 X145.351 Y111.451 E.09325
G1 X145.696 Y112.047 E.09324
G1 X145.912 Y112.7 E.09312
;WIDTH:0.887731
G1 X145.987 Y113.382 E.0915
;WIDTH:0.879561
G1 X145.954 Y114.066 E.09039
;WIDTH:0.897757
G1 X145.786 Y114.732 E.09274
;WIDTH:0.9
G1 X145.484 Y115.35 E.09313
G1 X145.066 Y115.896 E.0931
G1 X144.549 Y116.351 E.09325
G1 X143.953 Y116.696 E.09324
G1 X143.302 Y116.918 E.09313
G1 X142.62 Y117.008 E.09314
G1 X141.933 Y116.964 E.09321
G1 X141.268 Y116.787 E.09317
G1 X140.65 Y116.484 E.09319
G1 X140.104 Y116.066 E.0931
G1 X139.649 Y115.549 E.09325
G1 X139.304 Y114.953 E.09324
G1 X139.082 Y114.302 E.09313
G1 X138.992 Y113.62 E.09314
G1 X138.992 Y113.617 E.00041
M204 S8000
G1 X138.992 Y113.617 F18000
G1 X139.81 Y113.61
M204 S3000
;TYPE:External perimeter
G1 F900
G1 X139.802 Y113.54 E.00954
G1 X139.846 Y113.013 E.0716
G1 X139.992 Y112.504 E.0717
G1 X140.234 Y112.034 E.07158
G1 X140.564 Y111.62 E.07168
G1 X140.968 Y111.279 E.07158
G1 X141.431 Y111.022 E.0717
G1 X141.934 Y110.861 E.07151
G1 X142.704 Y110.811 E.10447
G1 X143.476 Y110.987 E.10721
G1 X143.966 Y111.234 E.0743
G1 X144.38 Y111.564 E.07168
G1 X144.721 Y111.968 E.07158
G1 X144.978 Y112.431 E.0717
G1 X145.139 Y112.934 E.07151
G1 X145.198 Y113.46 E.07166
G1 X145.154 Y113.987 E.0716
G1 X145.008 Y114.496 E.0717
G1 X144.766 Y114.966 E.07158
G1 X144.436 Y115.38 E.07168
G1 X144.032 Y115.721 E.07158
G1 X143.569 Y115.978 E.0717
G1 X143.066 Y116.139 E.07151
G1 X142.54 Y116.198 E.07166
G1 X142.013 Y116.154 E.0716
G1 X141.504 Y116.008 E.0717
G1 X141.034 Y115.766 E.07158
G1 X140.62 Y115.436 E.07168
G1 X140.279 Y115.032 E.07158
G1 X140.022 Y114.569 E.0717
G1 X139.861 Y114.066 E.07151
G1 X139.823 Y113.73 E.04578
M204 S8000
G1 X139.891 Y112.933 F18000
G1 E-2 F2400
G1 X109.98 Y111.169 F18000
G1 E2 F2400
M204 S4000
;TYPE:Perimeter
;WIDTH:0.704361
G1 F900
G1 X109.98 Y109.98 E.1223
G1 X111.169 Y109.98 E.1223
G1 X110.997 Y110.096 E.02134
G1 X110.381 Y110.649 E.08515
G1 X110.054 Y111.074 E.05516
M204 S8000
G1 E-2 F2400
G1 X110.054 Y111.074 F18000
G1 X112.158 Y116.733
G1 E2 F2400
M204 S4000
;WIDTH:0.9
G1 F900
G1 X111.65 Y116.484 E.0766
G1 X111.104 Y116.066 E.0931
G1 X110.649 Y115.549 E.09325
G1 X110.304 Y114.953 E.09324
G1 X110.087 Y114.301 E.09304
;WIDTH:0.890851
G1 X110.013 Y113.618 E.09197
;WIDTH:0.879562
G1 X110.046 Y112.934 E.09039
;WIDTH:0.899341
G1 X110.213 Y112.268 E.09289
;WIDTH:0.9
G1 X110.516 Y111.65 E.09319
G1 X110.934 Y111.104 E.0931
G1 X111.451 Y110.649 E.09325
G1 X112.047 Y110.304 E.09324
G1 X112.699 Y110.087 E.09304
;WIDTH:0.890878
G1 X112.993 Y110.043 E.0398
;WIDTH:0.876693
G1 X113.665 Y110.018 E.08844
;WIDTH:0.883303
G1 X114.019 Y110.041 E.04705
;WIDTH:0.897465
G1 X114.674 Y110.198 E.09091
;WIDTH:0.9
G1 X115.35 Y110.516 E.10115
G1 X115.896 Y110.934 E.0931
G1 X116.351 Y111.451 E.09325
G1 X116.696 Y112.047 E.09324
G1 X116.918 Y112.698 E.09313
G1 X117.008 Y113.38 E.09314
G1 X116.964 Y114.067 E.09321
G1 X116.787 Y114.732 E.09317
G1 X116.484 Y115.35 E.09319
G1 X116.066 Y115.896 E.0931
G1 X115.549 Y116.351 E.09325
G1 X114.953 Y116.696 E.09324
G1 X114.302 Y116.918 E.09313
G1 X113.62 Y117.008 E.09314
G1 X112.933 Y116.964 E.09321
G1 X112.268 Y116.787 E.09317
G1 X112.266 Y116.786 E.0003
M204 S8000
G1 X112.266 Y116.786 F18000
G1 X112.442 Y115.976
M204 S3000
;TYPE:External perimeter
G1 F900
G1 X112.034 Y115.766 E.06213
G1 X111.62 Y115.436 E.07168
G1 X111.279 Y115.032 E.07158
G1 X111.022 Y114.569 E.0717
G1 X110.861 Y114.066 E.07151
G1 X110.802 Y113.54 E.07166
G1 X110.846 Y113.013 E.0716
G1 X110.992 Y112.504 E.0717
G1 X111.234 Y112.034 E.07158
G1 X111.564 Y111.62 E.07168
G1 X111.968 Y111.279 E.07158
G1 X112.431 Y111.022 E.0717
G1 X112.934 Y110.861 E.07151
G1 X113.704 Y110.811 E.10447
G1 X114.476 Y110.987 E.10721
G1 X114.966 Y111.234 E.0743
G1 X115.38 Y111.564 E.07168
G1 X115.721 Y111.968 E.07158
G1 X115.978 Y112.431 E.0717
G1 X116.139 Y112.934 E.07151
G1 X116.198 Y113.46 E.07166
G1 X116.154 Y113.987 E.0716
G1 X116.008 Y114.496 E.0717
G1 X115.766 Y114.966 E.07158
G1 X115.436 Y115.38 E.07168
G1 X115.032 Y115.721 E.07158
G1 X114.569 Y115.978 E.0717
G1 X114.066 Y116.139 E.07151
G1 X113.54 Y116.198 E.07166
G1 X113.013 Y116.154 E.0716
G1 X112.552 Y116.022 E.06493
M204 S8000
G1 X111.866 Y115.612 F18000
G1 E-2 F2400
G1 X110.014 Y144.881 F18000
G1 E2 F2400
M204 S4000
;TYPE:Perimeter
;WIDTH:0.704361
G1 F900
G1 X110.096 Y145.003 E.01512
G1 X110.649 Y145.619 E.08515
G1 X111.169 Y146.02 E.06754
G1 X109.98 Y146.02 E.1223
G1 X109.98 Y144.891 E.11613
M204 S8000
G1 X109.98 Y144.891 F18000
G1 X110.588 Y144.443
M204 S4000
;WIDTH:0.9
G1 F900
G1 X110.304 Y143.953 E.07668
G1 X110.087 Y143.301 E.09304
;WIDTH:0.890851
G1 X110.013 Y142.618 E.09197
;WIDTH:0.879562
G1 X110.046 Y141.934 E.09039
;WIDTH:0.899341
G1 X110.213 Y141.268 E.09289
;WIDTH:0.9
G1 X110.516 Y140.65 E.09319
G1 X110.934 Y140.104 E.0931
G1 X111.451 Y139.649 E.09325
G1 X112.047 Y139.304 E.09324
G1 X112.698 Y139.082 E.09313
G1 X112.992 Y139.031 E.0404
G1 X113.664 Y138.998 E.0911
G1 X114.021 Y139.033 E.04857
G1 X114.674 Y139.197 E.09116
G1 X114.953 Y139.304 E.04046
G1 X115.404 Y139.547 E.06936
G1 X115.896 Y139.934 E.08475
G1 X116.351 Y140.451 E.09325
G1 X116.696 Y141.047 E.09324
G1 X116.918 Y141.698 E.09313
G1 X117.008 Y142.38 E.09314
G1 X116.964 Y143.067 E.09321
G1 X116.787 Y143.732 E.09317
G1 X116.484 Y144.35 E.09319
G1 X116.066 Y144.896 E.0931
G1 X115.549 Y145.351 E.09325
G1 X114.953 Y145.696 E.09324
G1 X114.301 Y145.913 E.09304
;WIDTH:0.890851
G1 X113.618 Y145.987 E.09197
;WIDTH:0.879562
G1 X112.934 Y145.954 E.09039
;WIDTH:0.899342
G1 X112.268 Y145.787 E.09289
;WIDTH:0.9
G1 X111.65 Y145.484 E.09319
G1 X111.104 Y145.066 E.0931
G1 X110.649 Y144.549 E.09325
G1 X110.648 Y144.546 E.00043
M204 S8000
G1 X110.648 Y144.546 F18000
G1 X111.239 Y143.961
M204 S3000
;TYPE:External perimeter
G1 F900
G1 X111.022 Y143.569 E.06066
G1 X110.861 Y143.066 E.07151
G1 X110.802 Y142.54 E.07166
G1 X110.846 Y142.013 E.0716
G1 X110.992 Y141.504 E.0717
G1 X111.234 Y141.034 E.07158
G1 X111.564 Y140.62 E.07168
G1 X111.968 Y140.279 E.07158
G1 X112.431 Y140.022 E.0717
G1 X112.934 Y139.861 E.07151
G1 X113.704 Y139.811 E.10447
G1 X114.476 Y139.987 E.10721
G1 X114.966 Y140.234 E.0743
G1 X115.38 Y140.564 E.07168
G1 X115.721 Y140.968 E.07158
G1 X115.978 Y141.431 E.0717
G1 X116.139 Y141.934 E.07151
G1 X116.198 Y142.46 E.07166
G1 X116.154 Y142.987 E.0716
G1 X116.008 Y143.496 E.0717
G1 X115.766 Y143.966 E.07158
G1 X115.436 Y144.38 E.07168
G1 X115.032 Y144.721 E.07158
G1 X114.569 Y144.978 E.0717
G1 X114.066 Y145.139 E.07151
G1 X113.54 Y145.198 E.07166
G1 X113.013 Y145.154 E.0716
G1 X112.504 Y145.008 E.0717
G1 X112.034 Y144.766 E.07158
G1 X111.62 Y144.436 E.07168
G1 X111.303 Y144.061 E.06648
M204 S8000
G1 X110.964 Y143.337 F18000
G1 E-2 F2400
G1 X144.831 Y146.02 F18000
G1 E2 F2400
M204 S4000
;TYPE:Perimeter
;WIDTH:0.704361
G1 F900
G1 X145.003 Y145.904 E.02134
G1 X145.619 Y145.351 E.08515
G1 X146.02 Y144.831 E.06754
G1 X146.02 Y146.02 E.1223
G1 X144.951 Y146.02 E.10996
M204 S8000
G1 E-2 F2400
G1 X144.951 Y146.02 F18000
G1 X140.023 Y144.973
G1 E2 F2400
M204 S4000
;WIDTH:0.9
G1 F900
G1 X139.649 Y144.549 E.07655
G1 X139.304 Y143.953 E.09324
G1 X139.082 Y143.302 E.09313
G1 X138.992 Y142.62 E.09314
G1 X139.036 Y141.933 E.09321
G1 X139.213 Y141.268 E.09317
G1 X139.516 Y140.65 E.09319
G1 X139.934 Y140.104 E.0931
G1 X140.497 Y139.614 E.10105
G1 X141.047 Y139.304 E.08548
G1 X141.698 Y139.082 E.09313
G1 X141.992 Y139.031 E.0404
G1 X142.664 Y138.998 E.0911
G1 X143.021 Y139.033 E.04857
G1 X143.674 Y139.197 E.09116
G1 X144.35 Y139.516 E.10121
G1 X144.896 Y139.934 E.0931
G1 X145.351 Y140.451 E.09325
G1 X145.696 Y141.047 E.09324
G1 X145.912 Y141.7 E.09312
;WIDTH:0.887731
G1 X145.987 Y142.382 E.0915
;WIDTH:0.879561
G1 X145.954 Y143.066 E.09039
;WIDTH:0.897757
G1 X145.786 Y143.732 E.09274
;WIDTH:0.9
G1 X145.484 Y144.35 E.09313
G1 X145.066 Y144.896 E.0931
G1 X144.549 Y145.351 E.09325
G1 X143.953 Y145.696 E.09324
G1 X143.301 Y145.913 E.09304
;WIDTH:0.890851
G1 X142.618 Y145.987 E.09197
;WIDTH:0.879562
G1 X141.934 Y145.954 E.09039
;WIDTH:0.899342
G1 X141.268 Y145.787 E.09289
;WIDTH:0.9
G1 X140.65 Y145.484 E.09319
G1 X140.104 Y145.066 E.0931
G1 X140.102 Y145.064 E.00038
M204 S8000
G1 X140.102 Y145.064 F18000
G1 X140.644 Y144.455
M204 S3000
;TYPE:External perimeter
G1 F900
G1 X140.62 Y144.436 E.00414
G1 X140.279 Y144.032 E.07158
G1 X140.022 Y143.569 E.0717
G1 X139.861 Y143.066 E.07151
G1 X139.802 Y142.54 E.07166
G1 X139.846 Y142.013 E.0716
G1 X139.992 Y141.504 E.0717
G1 X140.234 Y141.034 E.07158
G1 X140.564 Y140.62 E.07168
G1 X140.983 Y140.267 E.07418
G1 X141.431 Y140.022 E.06913
G1 X141.934 Y139.861 E.07151
G1 X142.704 Y139.811 E.10447
G1 X143.476 Y139.987 E.10721
G1 X143.966 Y140.234 E.0743
G1 X144.38 Y140.564 E.07168
G1 X144.721 Y140.968 E.07158
G1 X144.978 Y141.431 E.0717
G1 X145.139 Y141.934 E.07151
G1 X145.198 Y142.46 E.07166
G1 X145.154 Y142.987 E.0716
G1 X145.008 Y143.496 E.0717
G1 X144.766 Y143.966 E.07158
G1 X144.436 Y144.38 E.07168
G1 X144.032 Y144.721 E.07158
G1 X143.569 Y144.978 E.0717
G1 X143.066 Y145.139 E.07151
G1 X142.54 Y145.198 E.07166
G1 X142.013 Y145.154 E.0716
G1 X141.504 Y145.008 E.0717
G1 X141.034 Y144.766 E.07158
G1 X140.738 Y144.53 E.05126
M204 S8000
G1 X140.233 Y143.909 F18000
G1 E-2 F2400
G1 X146.736 Y146.736 F18000
G1 E2 F2400
M204 S4000
;TYPE:Perimeter
G1 F3600
G1 X143.873 Y146.737 E.38764
;WIDTH:0.897757
G1 X143.105 Y146.746 E.1037
;WIDTH:0.879561
G1 X142.345 Y146.757 E.10033
;WIDTH:0.887732
G1 X141.577 Y146.742 E.10244
;WIDTH:0.9
G1 X114.873 Y146.737 E3.61559
;WIDTH:0.897757
G1 X114.105 Y146.746 E.1037
;WIDTH:0.879561
G1 X113.345 Y146.757 E.10033
;WIDTH:0.887732
G1 X112.577 Y146.742 E.10244
;WIDTH:0.9
G1 X109.264 Y146.736 E.44856
G1 X109.263 Y143.873 E.38764
;WIDTH:0.897757
G1 X109.254 Y143.105 E.1037
;WIDTH:0.879562
G1 X109.243 Y142.345 E.10033
;WIDTH:0.887731
G1 X109.258 Y141.577 E.10244
;WIDTH:0.9
G1 X109.263 Y114.873 E3.61559
;WIDTH:0.897757
G1 X109.254 Y114.105 E.1037
;WIDTH:0.879562
G1 X109.243 Y113.345 E.10033
;WIDTH:0.887731
G1 X109.258 Y112.577 E.10244
;WIDTH:0.9
G1 X109.264 Y109.264 E.44856
G1 X112.127 Y109.263 E.38764
;WIDTH:0.89776
G1 X112.974 Y109.253 E.11437
;WIDTH:0.883303
G1 X114.115 Y109.256 E.15132
;WIDTH:0.9
G1 X141.127 Y109.263 E3.65729
;WIDTH:0.89776
G1 X141.974 Y109.253 E.11437
;WIDTH:0.883303
G1 X143.115 Y109.256 E.15132
;WIDTH:0.9
G1 X146.736 Y109.264 E.49027
G1 X146.736 Y110.29 E.13892
G1 X146.736 Y112.127 E.24872
;WIDTH:0.899342
G1 X146.746 Y112.895 E.10391
;WIDTH:0.879561
G1 X146.757 Y113.655 E.10033
;WIDTH:0.890851
G1 X146.74 Y114.423 E.10284
;WIDTH:0.9
G1 X146.736 Y141.127 E3.61559
;WIDTH:0.899342
G1 X146.746 Y141.895 E.10391
;WIDTH:0.879561
G1 X146.757 Y142.655 E.10033
;WIDTH:0.890851
G1 X146.74 Y143.423 E.10284
;WIDTH:0.9
G1 X146.736 Y146.616 E.43232
M204 S8000
G1 X146.736 Y146.616 F18000
G1 X147.55 Y147.55
M204 S3000
;TYPE:External perimeter
G1 F2400
G1 X108.45 Y147.55 E5.29395
G1 X108.45 Y108.45 E5.29395
G1 X147.55 Y108.45 E5.29395
G1 X147.55 Y110.29 E.24913
G1 X147.55 Y147.43 E5.02858
M204 S8000
G1 X146.759 Y147.549 F18000
G1 E-2 F2400
G1 X139.849 Y138.341 F18000
G1 E2 F2400
;TYPE:Internal infill
;WIDTH:0.9
G1 F4200
G1 X140.674 Y137.911 E.12596
G1 X141.289 Y137.717 E.08731
G1 X141.916 Y137.609 E.08614
G1 X142.958 Y137.582 E.14113
G1 X144.032 Y137.818 E.14888
G1 X144.525 Y138.008 E.07154
G1 X145.311 Y136.687 E.20812
G1 X145.311 Y133.688 E.40605
G1 X145.034 Y133.946 E.05125
G1 X144.597 Y134.109 E.06315
G1 X143.724 Y134.086 E.11824
G1 X142.85 Y133.865 E.12206
G1 X141.977 Y133.511 E.12755
G1 X141.103 Y132.984 E.13818
G1 X140.23 Y132.171 E.16152
G1 X139.793 Y131.601 E.09725
G1 X138.483 Y129.45 E.34099
G1 X138.046 Y129.042 E.08095
G1 X137.609 Y128.88 E.0631
G1 X136.736 Y128.903 E.11824
G1 X135.862 Y129.123 E.12203
G1 X134.988 Y129.477 E.12767
G1 X134.115 Y130.004 E.13807
G1 X133.241 Y130.817 E.16162
G1 X132.805 Y131.388 E.09727
G1 X131.494 Y133.539 E.34106
G1 X131.057 Y133.946 E.08085
G1 X130.621 Y134.109 E.06302
G1 X129.747 Y134.086 E.11838
G1 X128.874 Y133.865 E.12193
G1 X128 Y133.511 E.12767
G1 X127.126 Y132.984 E.13818
G1 X126.253 Y132.171 E.16152
G1 X125.816 Y131.601 E.09725
G1 X124.506 Y129.45 E.34099
G1 X124.069 Y129.042 E.08095
G1 X123.632 Y128.88 E.0631
G1 X122.759 Y128.903 E.11824
G1 X121.885 Y129.123 E.12203
G1 X121.012 Y129.477 E.12755
G1 X120.138 Y130.004 E.13818
G1 X119.265 Y130.817 E.16152
G1 X118.828 Y131.388 E.09735
G1 X117.517 Y133.539 E.34106
G1 X117.081 Y133.946 E.08076
G1 X116.644 Y134.109 E.06315
G1 X115.77 Y134.086 E.11838
G1 X114.897 Y133.865 E.12193
G1 X114.023 Y133.511 E.12767
G1 X113.15 Y132.984 E.13807
G1 X112.276 Y132.171 E.16162
G1 X111.839 Y131.601 E.09725
G1 X110.689 Y129.698 E.30105
G1 X110.689 Y126.7 E.40591
G1 X110.966 Y126.958 E.05125
G1 X111.403 Y127.12 E.0631
G1 X112.276 Y127.097 E.11824
G1 X113.15 Y126.877 E.12203
G1 X114.023 Y126.523 E.12755
G1 X114.897 Y125.996 E.13818
G1 X115.77 Y125.183 E.16152
G1 X116.207 Y124.612 E.09735
G1 X117.517 Y122.461 E.34099
G1 X117.954 Y122.054 E.08085
G1 X118.391 Y121.891 E.06315
G1 X119.265 Y121.914 E.11838
G1 X120.138 Y122.135 E.12193
G1 X121.012 Y122.489 E.12767
G1 X121.885 Y123.016 E.13807
G1 X122.759 Y123.829 E.16162
G1 X123.195 Y124.399 E.09716
G1 X124.506 Y126.55 E.34106
G1 X124.943 Y126.958 E.08095
G1 X125.379 Y127.12 E.06298
G1 X126.253 Y127.097 E.11838
G1 X127.126 Y126.877 E.1219
G1 X128 Y126.523 E.12767
G1 X128.874 Y125.996 E.13818
G1 X129.747 Y125.183 E.16152
G1 X130.184 Y124.612 E.09735
G1 X131.494 Y122.461 E.34099
G1 X131.931 Y122.054 E.08085
G1 X132.368 Y121.891 E.06315
G1 X133.241 Y121.914 E.11824
G1 X134.115 Y122.135 E.12206
G1 X134.988 Y122.489 E.12755
G1 X135.862 Y123.016 E.13818
G1 X136.736 Y123.829 E.16162
G1 X137.172 Y124.399 E.09716
G1 X138.483 Y126.55 E.34106
G1 X138.919 Y126.958 E.08085
G1 X139.356 Y127.12 E.0631
G1 X140.23 Y127.097 E.11838
G1 X141.103 Y126.877 E.1219
G1 X141.977 Y126.523 E.12767
G1 X142.85 Y125.996 E.13807
G1 X143.724 Y125.183 E.16162
G1 X144.161 Y124.612 E.09735
G1 X145.311 Y122.71 E.30093
G1 X145.311 Y119.711 E.40605
G1 X145.034 Y119.97 E.05134
G1 X144.597 Y120.132 E.0631
G1 X143.724 Y120.109 E.11824
G1 X142.85 Y119.888 E.12206
G1 X141.977 Y119.534 E.12755
G1 X141.103 Y119.008 E.13811
G1 X140.666 Y118.647 E.07675
G1 X140.23 Y118.194 E.08513
G1 X139.798 Y117.631 E.09608
G1 X139.007 Y116.993 E.13759
G1 X138.393 Y116.245 E.13103
G1 X137.93 Y115.359 E.13535
G1 E-2 F2400
G1 X137.93 Y115.359 F18000
G1 X118.477 Y110.689
G1 E2 F2400
G1 F4200
G1 X123.362 Y110.689 E.66141
G1 X124.506 Y112.573 E.29843
G1 X124.943 Y112.981 E.08095
G1 X125.379 Y113.144 E.06302
G1 X126.253 Y113.12 E.11838
G1 X127.126 Y112.9 E.1219
G1 X128 Y112.546 E.12767
G1 X128.874 Y112.019 E.13818
G1 X129.31 Y111.659 E.07655
G1 X130.143 Y110.689 E.17311
G1 X137.339 Y110.689 E.9743
G1 X137.922 Y111.676 E.15521
G1 X137.716 Y112.294 E.0882
G1 X137.573 Y113.251 E.13101
G1 X137.658 Y114.478 E.16653
G1 X137.8 Y114.974 E.06985
G1 X137.609 Y114.903 E.02759
G1 X136.736 Y114.926 E.11824
G1 X135.862 Y115.146 E.12203
G1 X134.988 Y115.501 E.12772
G1 X134.115 Y116.027 E.138
G1 X133.241 Y116.84 E.16162
G1 X132.805 Y117.411 E.09727
G1 X131.494 Y119.562 E.34106
G1 X131.057 Y119.97 E.08095
G1 X130.621 Y120.132 E.06298
G1 X129.747 Y120.109 E.11838
G1 X128.874 Y119.888 E.12193
G1 X128 Y119.534 E.12767
G1 X127.126 Y119.008 E.13811
G1 X126.253 Y118.194 E.16161
G1 X125.816 Y117.624 E.09725
G1 X124.506 Y115.473 E.34099
G1 X124.069 Y115.065 E.08095
G1 X123.632 Y114.903 E.0631
G1 X122.759 Y114.926 E.11824
G1 X121.885 Y115.146 E.12203
G1 X121.012 Y115.501 E.1276
G1 X120.138 Y116.027 E.13811
G1 X119.265 Y116.84 E.16152
G1 X118.828 Y117.411 E.09735
G1 X117.517 Y119.562 E.34106
G1 X117.081 Y119.97 E.08085
G1 X116.644 Y120.132 E.0631
G1 X115.77 Y120.109 E.11838
G1 X114.897 Y119.888 E.12193
G1 X114.023 Y119.534 E.12767
G1 X113.15 Y119.008 E.138
G1 X112.379 Y118.301 E.14163
G1 X113.251 Y118.427 E.11929
G1 X114.479 Y118.342 E.16666
G1 X115.62 Y117.955 E.16313
G1 X116.354 Y117.53 E.11484
G1 X116.902 Y117.074 E.09652
G1 E-2 F2400
G1 X116.902 Y117.074 F18000
G1 X111.64 Y137.937
G1 E2 F2400
G1 F4200
G1 X112.296 Y137.715 E.09377
G1 X112.91 Y137.609 E.08436
G1 X114.013 Y137.587 E.14937
G1 X115.452 Y137.963 E.20137
G1 X116.301 Y138.439 E.13178
G1 X117.517 Y136.438 E.31703
G1 X117.954 Y136.03 E.08095
G1 X118.391 Y135.868 E.0631
G1 X119.265 Y135.891 E.11838
G1 X120.138 Y136.112 E.12193
G1 X121.012 Y136.466 E.12767
G1 X121.885 Y136.992 E.138
G1 X122.759 Y137.806 E.16171
G1 X123.195 Y138.376 E.09716
G1 X124.506 Y140.527 E.34106
G1 X124.943 Y140.935 E.08095
G1 X125.379 Y141.097 E.06298
G1 X126.253 Y141.074 E.11838
G1 X127.126 Y140.854 E.1219
G1 X128 Y140.499 E.12772
G1 X128.874 Y139.973 E.13811
G1 X129.747 Y139.16 E.16152
G1 X130.184 Y138.589 E.09735
G1 X131.494 Y136.438 E.34099
G1 X131.931 Y136.03 E.08095
G1 X132.368 Y135.868 E.0631
G1 X133.241 Y135.891 E.11824
G1 X134.115 Y136.112 E.12206
G1 X134.988 Y136.466 E.12755
G1 X135.862 Y136.992 E.13811
G1 X136.299 Y137.353 E.07675
G1 X136.736 Y137.806 E.08522
G1 X137.172 Y138.376 E.09716
G1 X138.206 Y140.097 E.27184
G1 X137.978 Y140.515 E.06447
G1 X137.658 Y141.522 E.14306
G1 X137.573 Y142.249 E.0991
G1 X137.583 Y142.857 E.08233
G1 X136.736 Y142.88 E.11472
G1 X135.862 Y143.1 E.12203
G1 X134.988 Y143.454 E.12767
G1 X134.115 Y143.981 E.13807
G1 X133.678 Y144.341 E.07666
G1 X132.845 Y145.311 E.17311
G1 X125.649 Y145.311 E.9743
G1 X124.506 Y143.427 E.29836
G1 X124.069 Y143.019 E.08095
G1 X123.632 Y142.856 E.06315
G1 X122.759 Y142.88 E.11824
G1 X121.885 Y143.1 E.12203
G1 X121.012 Y143.454 E.12755
G1 X120.138 Y143.981 E.13818
G1 X119.701 Y144.341 E.07666
G1 X118.869 Y145.311 E.17303
G1 X117.548 Y145.311 E.17886
G1 X117.957 Y144.616 E.10918
G1 X118.284 Y143.706 E.13092
G1 X118.427 Y142.749 E.13101
G1 X118.39 Y141.931 E.11087
;LAYER_CHANGE
;Z:2.4
;HEIGHT:0.4
G1 Z2.4 F18000
G1 E-2 F2400
G1 Z2.4 F18000
G1 X144.831 Y109.98
G1 Z2.4
G1 E2 F2400
M204 S4000
;TYPE:Perimeter
;WIDTH:0.704361
G1 F900
G1 X146.02 Y109.98 E.1223
G1 X146.02 Y110.29 E.03189
G1 X146.02 Y111.169 E.09041
G1 X145.904 Y110.997 E.02134
G1 X145.351 Y110.381 E.08515
G1 X144.926 Y110.054 E.05516
M204 S8000
G1 E-2 F2400
G1 X144.926 Y110.054 F18000
G1 X138.193 Y113.471
G1 E2 F2400
M204 S4000
;WIDTH:0.9
G1 F3600
G1 X138.181 Y113.7 E.03105
G1 X138.257 Y114.356 E.08941
G1 X138.434 Y114.968 E.08626
G1 X138.586 Y115.337 E.05403
G1 X138.961 Y115.989 E.10184
G1 X139.305 Y116.413 E.07393
G1 X139.587 Y116.695 E.054
G1 X140.176 Y117.15 E.10077
G1 X140.663 Y117.414 E.075
G1 X141.032 Y117.566 E.05403
G1 X141.644 Y117.743 E.08626
G1 X142.3 Y117.819 E.08941
G1 X143.147 Y117.775 E.11483
G1 X143.968 Y117.566 E.1147
G1 X144.733 Y117.202 E.1147
G1 X145.413 Y116.695 E.11484
G1 X145.922 Y116.136 E.10236
G1 X145.922 Y139.864 E3.21266
G1 X145.695 Y139.587 E.04849
G1 X145.065 Y139.02 E.11476
G1 X144.337 Y138.586 E.11475
G1 X143.871 Y138.407 E.06759
G1 X143.218 Y138.243 E.09116
G1 X142.624 Y138.185 E.08081
G1 X141.686 Y138.249 E.1273
G1 X141.032 Y138.434 E.09202
G1 X140.663 Y138.586 E.05403
G1 X140.011 Y138.961 E.10184
G1 X139.587 Y139.305 E.07393
G1 X139.305 Y139.587 E.054
G1 X138.85 Y140.176 E.10077
G1 X138.586 Y140.663 E.075
G1 X138.434 Y141.032 E.05403
G1 X138.257 Y141.644 E.08626
G1 X138.181 Y142.3 E.08941
G1 X138.225 Y143.147 E.11483
G1 X138.434 Y143.968 E.1147
G1 X138.798 Y144.733 E.1147
G1 X139.305 Y145.413 E.11484
G1 X139.864 Y145.922 E.10236
G1 X116.136 Y145.922 E3.21266
G1 X116.695 Y145.413 E.10236
G1 X117.202 Y144.733 E.11484
G1 X117.566 Y143.968 E.1147
G1 X117.775 Y143.147 E.1147
G1 X117.819 Y142.3 E.11483
G1 X117.743 Y141.644 E.08941
G1 X117.566 Y141.032 E.08626
G1 X117.414 Y140.663 E.05403
G1 X117.039 Y140.011 E.10184
G1 X116.695 Y139.587 E.07393
G1 X116.413 Y139.305 E.054
G1 X115.824 Y138.85 E.10077
G1 X115.337 Y138.586 E.075
G1 X114.871 Y138.407 E.06759
G1 X114.218 Y138.243 E.09116
G1 X113.624 Y138.185 E.08081
G1 X112.952 Y138.218 E.0911
G1 X112.461 Y138.303 E.06747
G1 X112.032 Y138.434 E.06073
G1 X111.267 Y138.798 E.1147
G1 X110.587 Y139.305 E.11484
G1 X110.078 Y139.864 E.10236
G1 X110.078 Y116.136 E3.21266
G1 X110.587 Y116.695 E.10236
G1 X111.267 Y117.202 E.11484
G1 X112.032 Y117.566 E.1147
G1 X112.853 Y117.775 E.1147
G1 X113.7 Y117.819 E.11483
G1 X114.356 Y117.743 E.08941
G1 X114.968 Y117.566 E.08626
G1 X115.337 Y117.414 E.05403
G1 X115.989 Y117.039 E.10184
G1 X116.413 Y116.695 E.07393
G1 X116.695 Y116.413 E.054
G1 X117.15 Y115.824 E.10077
G1 X117.414 Y115.337 E.075
G1 X117.566 Y114.968 E.05403
G1 X117.743 Y114.356 E.08626
G1 X117.819 Y113.7 E.08941
G1 X117.775 Y112.853 E.11483
G1 X117.566 Y112.032 E.1147
G1 X117.202 Y111.267 E.1147
G1 X116.695 Y110.587 E.11484
G1 X116.136 Y110.078 E.10236
G1 X139.864 Y110.078 E3.21266
G1 X139.305 Y110.587 E.10236
G1 X138.798 Y111.267 E.11484
G1 X138.434 Y112.032 E.1147
G1 X138.225 Y112.853 E.1147
G1 X138.199 Y113.352 E.06765
M204 S8000
G1 X138.199 Y113.352 F18000
G1 X138.999 Y113.497
M204 S4000
G1 F900
G1 X139.036 Y112.933 E.07653
G1 X139.213 Y112.268 E.09317
G1 X139.516 Y111.65 E.09319
G1 X139.934 Y111.104 E.0931
G1 X140.451 Y110.649 E.09325
G1 X141.047 Y110.304 E.09324
G1 X141.699 Y110.087 E.09304
;WIDTH:0.890884
G1 X141.993 Y110.043 E.0398
;WIDTH:0.876702
G1 X142.665 Y110.018 E.08844
;WIDTH:0.883295
G1 X143.018 Y110.041 E.04691
;WIDTH:0.897466
G1 X143.674 Y110.198 E.09104
;WIDTH:0.9
G1 X144.35 Y110.516 E.10115
G1 X144.896 Y110.934 E.0931
G1 X145.351 Y111.451 E.09325
G1 X145.696 Y112.047 E.09324
G1 X145.912 Y112.7 E.09312
;WIDTH:0.887731
G1 X145.987 Y113.382 E.0915
;WIDTH:0.879561
G1 X145.954 Y114.066 E.09039
;WIDTH:0.897757
G1 X145.786 Y114.732 E.09274
;WIDTH:0.9
G1 X145.484 Y115.35 E.09313
G1 X145.066 Y115.896 E.0931
G1 X144.549 Y116.351 E.09325
G1 X143.953 Y116.696 E.09324
G1 X143.302 Y116.918 E.09313
G1 X142.62 Y117.008 E.09314
G1 X141.807 Y116.945 E.11041
G1 X141.268 Y116.787 E.07605
G1 X140.65 Y116.484 E.09319
G1 X140.104 Y116.066 E.0931
G1 X139.649 Y115.549 E.09325
G1 X139.304 Y114.953 E.09324
G1 X139.082 Y114.302 E.09313
G1 X138.992 Y113.62 E.09314
G1 X138.992 Y113.617 E.00041
M204 S8000
G1 X138.992 Y113.617 F18000
G1 X139.813 Y113.641
M204 S3000
;TYPE:External perimeter
G1 F900
G1 X139.802 Y113.54 E.01376
G1 X139.846 Y113.013 E.0716
G1 X139.992 Y112.504 E.0717
G1 X140.234 Y112.034 E.07158
G1 X140.564 Y111.62 E.07168
G1 X140.968 Y111.279 E.07158
G1 X141.431 Y111.022 E.0717
G1 X141.934 Y110.861 E.07151
G1 X142.704 Y110.811 E.10447
G1 X143.476 Y110.987 E.10721
G1 X143.966 Y111.234 E.0743
G1 X144.38 Y111.564 E.07168
G1 X144.721 Y111.968 E.07158
G1 X144.978 Y112.431 E.0717
G1 X145.139 Y112.934 E.07151
G1 X145.198 Y113.46 E.07166
G1 X145.154 Y113.987 E.0716
G1 X145.008 Y114.496 E.0717
G1 X144.766 Y114.966 E.07158
G1 X144.436 Y115.38 E.07168
G1 X144.032 Y115.721 E.07158
G1 X143.569 Y115.978 E.0717
G1 X143.066 Y116.139 E.07151
G1 X142.54 Y116.198 E.07166
G1 X141.971 Y116.148 E.07734
G1 X141.477 Y115.999 E.06986
G1 X141.034 Y115.766 E.06777
G1 X140.62 Y115.436 E.07168
G1 X140.279 Y115.032 E.07158
G1 X140.022 Y114.569 E.0717
G1 X139.861 Y114.066 E.07151
G1 X139.827 Y113.76 E.04169
M204 S8000
G1 X139.884 Y112.962 F18000
G1 E-2 F2400
G1 X144.831 Y146.02 F18000
G1 E2 F2400
M204 S4000
;TYPE:Perimeter
;WIDTH:0.704361
G1 F900
G1 X145.003 Y145.904 E.02134
G1 X145.619 Y145.351 E.08515
G1 X146.02 Y144.831 E.06754
G1 X146.02 Y146.02 E.1223
G1 X144.951 Y146.02 E.10996
M204 S8000
G1 E-2 F2400
G1 X144.951 Y146.02 F18000
G1 X140.023 Y144.973
G1 E2 F2400
M204 S4000
;WIDTH:0.9
G1 F900
G1 X139.649 Y144.549 E.07655
G1 X139.304 Y143.953 E.09324
G1 X139.082 Y143.302 E.09313
G1 X139.036 Y143.067 E.03242
G1 X138.992 Y142.38 E.09321
G1 X139.055 Y141.807 E.07805
G1 X139.213 Y141.268 E.07605
G1 X139.516 Y140.65 E.09319
G1 X139.934 Y140.104 E.0931
G1 X140.451 Y139.649 E.09325
G1 X141.047 Y139.304 E.09324
G1 X141.698 Y139.082 E.09313
G1 X141.992 Y139.031 E.0404
G1 X142.664 Y138.998 E.0911
G1 X143.02 Y139.033 E.04843
G1 X143.674 Y139.197 E.09129
G1 X144.35 Y139.516 E.10121
G1 X144.896 Y139.934 E.0931
G1 X145.351 Y140.451 E.09325
G1 X145.696 Y141.047 E.09324
G1 X145.912 Y141.7 E.09312
;WIDTH:0.887731
G1 X145.987 Y142.382 E.0915
;WIDTH:0.879561
G1 X145.954 Y143.066 E.09039
;WIDTH:0.897757
G1 X145.786 Y143.732 E.09274
;WIDTH:0.9
G1 X145.484 Y144.35 E.09313
G1 X145.066 Y144.896 E.0931
G1 X144.549 Y145.351 E.09325
G1 X143.953 Y145.696 E.09324
G1 X143.301 Y145.913 E.09304
;WIDTH:0.890851
G1 X142.618 Y145.987 E.09197
;WIDTH:0.879561
G1 X141.934 Y145.954 E.09039
;WIDTH:0.899342
G1 X141.268 Y145.787 E.09289
;WIDTH:0.9
G1 X140.65 Y145.484 E.09319
G1 X140.104 Y145.066 E.0931
G1 X140.102 Y145.064 E.00038
M204 S8000
G1 X140.102 Y145.064 F18000
G1 X140.668 Y144.474
M204 S3000
;TYPE:External perimeter
G1 F900
G1 X140.62 Y144.436 E.00829
G1 X140.279 Y144.032 E.07158
G1 X140.022 Y143.569 E.0717
G1 X139.846 Y142.987 E.08232
G1 X139.802 Y142.46 E.0716
G1 X139.861 Y141.934 E.07166
G1 X140.012 Y141.452 E.06839
G1 X140.255 Y141 E.06948
G1 X140.571 Y140.612 E.06775
G1 X140.968 Y140.279 E.07016
G1 X141.431 Y140.022 E.0717
G1 X141.934 Y139.861 E.07151
G1 X142.704 Y139.811 E.10447
G1 X143.476 Y139.987 E.10721
G1 X143.966 Y140.234 E.0743
G1 X144.38 Y140.564 E.07168
G1 X144.721 Y140.968 E.07158
G1 X144.978 Y141.431 E.0717
G1 X145.139 Y141.934 E.07151
G1 X145.198 Y142.46 E.07166
G1 X145.154 Y142.987 E.0716
G1 X145.008 Y143.496 E.0717
G1 X144.766 Y143.966 E.07158
G1 X144.436 Y144.38 E.07168
G1 X144.032 Y144.721 E.07158
G1 X143.569 Y144.978 E.0717
G1 X143.066 Y145.139 E.07151
G1 X142.54 Y145.198 E.07166
G1 X142.013 Y145.154 E.0716
G1 X141.504 Y145.008 E.0717
G1 X141.034 Y144.766 E.07158
G1 X140.762 Y144.549 E.04711
M204 S8000
G1 X140.249 Y143.935 F18000
G1 E-2 F2400
G1 X110.014 Y144.881 F18000
G1 E2 F2400
M204 S4000
;TYPE:Perimeter
;WIDTH:0.704361
G1 F900
G1 X110.096 Y145.003 E.01512
G1 X110.649 Y145.619 E.08515
G1 X111.169 Y146.02 E.06754
G1 X109.98 Y146.02 E.1223
G1 X109.98 Y144.891 E.11613
M204 S8000
G1 X109.98 Y144.891 F18000
G1 X110.588 Y144.443
M204 S4000
;WIDTH:0.9
G1 F900
G1 X110.304 Y143.953 E.07668
G1 X110.087 Y143.301 E.09304
;WIDTH:0.890851
G1 X110.013 Y142.618 E.09197
;WIDTH:0.879561
G1 X110.046 Y141.934 E.09039
;WIDTH:0.899342
G1 X110.213 Y141.268 E.09289
;WIDTH:0.9
G1 X110.516 Y140.65 E.09319
G1 X110.934 Y140.104 E.0931
G1 X111.451 Y139.649 E.09325
G1 X112.047 Y139.304 E.09324
G1 X112.698 Y139.082 E.09313
G1 X112.992 Y139.031 E.0404
G1 X113.858 Y139.004 E.11731
G1 X114.674 Y139.197 E.11353
G1 X114.953 Y139.304 E.04046
G1 X115.404 Y139.547 E.06936
G1 X115.896 Y139.934 E.08475
G1 X116.351 Y140.451 E.09325
G1 X116.696 Y141.047 E.09324
G1 X116.918 Y141.698 E.09313
G1 X117.008 Y142.38 E.09314
G1 X116.964 Y143.067 E.09321
G1 X116.787 Y143.732 E.09317
G1 X116.484 Y144.35 E.09319
G1 X116.066 Y144.896 E.0931
G1 X115.549 Y145.351 E.09325
G1 X114.953 Y145.696 E.09324
G1 X114.301 Y145.913 E.09304
;WIDTH:0.890851
G1 X113.618 Y145.987 E.09197
;WIDTH:0.879561
G1 X112.934 Y145.954 E.09039
;WIDTH:0.899342
G1 X112.268 Y145.787 E.09289
;WIDTH:0.9
G1 X111.65 Y145.484 E.09319
G1 X111.104 Y145.066 E.0931
G1 X110.649 Y144.549 E.09325
G1 X110.648 Y144.546 E.00043
M204 S8000
G1 X110.648 Y144.546 F18000
G1 X111.225 Y143.936
M204 S3000
;TYPE:External perimeter
G1 F900
G1 X111.022 Y143.569 E.05679
G1 X110.861 Y143.066 E.07151
G1 X110.802 Y142.54 E.07166
G1 X110.846 Y142.013 E.0716
G1 X110.992 Y141.504 E.0717
G1 X111.234 Y141.034 E.07158
G1 X111.564 Y140.62 E.07168
G1 X111.968 Y140.279 E.07158
G1 X112.431 Y140.022 E.0717
G1 X112.934 Y139.861 E.07151
G1 X113.769 Y139.813 E.11324
G1 X114.476 Y139.987 E.09858
G1 X114.966 Y140.234 E.0743
G1 X115.38 Y140.564 E.07168
G1 X115.721 Y140.968 E.07158
G1 X115.978 Y141.431 E.0717
G1 X116.139 Y141.934 E.07151
G1 X116.198 Y142.46 E.07166
G1 X116.154 Y142.987 E.0716
G1 X116.008 Y143.496 E.0717
G1 X115.766 Y143.966 E.07158
G1 X115.436 Y144.38 E.07168
G1 X115.032 Y144.721 E.07158
G1 X114.569 Y144.978 E.0717
G1 X114.066 Y145.139 E.07151
G1 X113.54 Y145.198 E.07166
G1 X113.013 Y145.154 E.0716
G1 X112.504 Y145.008 E.0717
G1 X112.034 Y144.766 E.07158
G1 X111.62 Y144.436 E.07168
G1 X111.285 Y144.04 E.07023
M204 S8000
G1 X110.954 Y143.312 F18000
G1 E-2 F2400
G1 X109.98 Y111.169 F18000
G1 E2 F2400
M204 S4000
;TYPE:Perimeter
;WIDTH:0.704361
G1 F900
G1 X109.98 Y109.98 E.1223
G1 X111.169 Y109.98 E.1223
G1 X110.997 Y110.096 E.02134
G1 X110.381 Y110.649 E.08515
G1 X110.054 Y111.074 E.05516
M204 S8000
G1 E-2 F2400
G1 X110.054 Y111.074 F18000
G1 X112.158 Y116.733
G1 E2 F2400
M204 S4000
;WIDTH:0.9
G1 F900
G1 X111.65 Y116.484 E.0766
G1 X111.104 Y116.066 E.0931
G1 X110.649 Y115.549 E.09325
G1 X110.304 Y114.953 E.09324
G1 X110.087 Y114.301 E.09304
;WIDTH:0.890851
G1 X110.013 Y113.618 E.09197
;WIDTH:0.879561
G1 X110.046 Y112.934 E.09039
;WIDTH:0.899342
G1 X110.213 Y112.268 E.09289
;WIDTH:0.9
G1 X110.516 Y111.65 E.09319
G1 X110.934 Y111.104 E.0931
G1 X111.451 Y110.649 E.09325
G1 X112.047 Y110.304 E.09324
G1 X112.699 Y110.087 E.09304
;WIDTH:0.890884
G1 X112.993 Y110.043 E.0398
;WIDTH:0.876702
G1 X113.665 Y110.018 E.08844
;WIDTH:0.883295
G1 X114.018 Y110.041 E.04691
;WIDTH:0.897466
G1 X114.674 Y110.198 E.09104
;WIDTH:0.9
G1 X115.35 Y110.516 E.10115
G1 X115.896 Y110.934 E.0931
G1 X116.351 Y111.451 E.09325
G1 X116.696 Y112.047 E.09324
G1 X116.918 Y112.698 E.09313
G1 X117.008 Y113.38 E.09314
G1 X116.964 Y114.067 E.09321
G1 X116.787 Y114.732 E.09317
G1 X116.484 Y115.35 E.09319
G1 X116.066 Y115.896 E.0931
G1 X115.549 Y116.351 E.09325
G1 X114.953 Y116.696 E.09324
G1 X114.302 Y116.918 E.09313
G1 X113.62 Y117.008 E.09314
G1 X112.933 Y116.964 E.09321
G1 X112.268 Y116.787 E.09317
G1 X112.266 Y116.786 E.0003
M204 S8000
G1 X112.266 Y116.786 F18000
G1 X112.415 Y115.962
M204 S3000
;TYPE:External perimeter
G1 F900
G1 X112.034 Y115.766 E.05801
G1 X111.62 Y115.436 E.07168
G1 X111.279 Y115.032 E.07158
G1 X111.022 Y114.569 E.0717
G1 X110.861 Y114.066 E.07151
G1 X110.802 Y113.54 E.07166
G1 X110.846 Y113.013 E.0716
G1 X110.992 Y112.504 E.0717
G1 X111.234 Y112.034 E.07158
G1 X111.564 Y111.62 E.07168
G1 X111.968 Y111.279 E.07158
G1 X112.431 Y111.022 E.0717
G1 X112.934 Y110.861 E.07151
G1 X113.704 Y110.811 E.10447
G1 X114.476 Y110.987 E.10721
G1 X114.966 Y111.234 E.0743
G1 X115.38 Y111.564 E.07168
G1 X115.721 Y111.968 E.07158
G1 X115.978 Y112.431 E.0717
G1 X116.139 Y112.934 E.07151
G1 X116.198 Y113.46 E.07166
G1 X116.154 Y113.987 E.0716
G1 X116.008 Y114.496 E.0717
G1 X115.766 Y114.966 E.07158
G1 X115.436 Y115.38 E.07168
G1 X115.032 Y115.721 E.07158
G1 X114.569 Y115.978 E.0717
G1 X114.066 Y116.139 E.07151
G1 X113.54 Y116.198 E.07166
G1 X113.013 Y116.154 E.0716
G1 X112.523 Y116.013 E.06904
M204 S8000
G1 X111.841 Y115.594 F18000
G1 E-2 F2400
G1 X146.736 Y146.736 F18000
G1 E2 F2400
M204 S4000
;TYPE:Perimeter
G1 F3600
G1 X143.873 Y146.737 E.38764
;WIDTH:0.897757
G1 X143.105 Y146.746 E.1037
;WIDTH:0.879561
G1 X142.345 Y146.757 E.10033
;WIDTH:0.887731
G1 X141.577 Y146.742 E.10244
;WIDTH:0.9
G1 X114.873 Y146.737 E3.61559
;WIDTH:0.897757
G1 X114.105 Y146.746 E.1037
;WIDTH:0.879561
G1 X113.345 Y146.757 E.10033
;WIDTH:0.887731
G1 X112.577 Y146.742 E.10244
;WIDTH:0.9
G1 X109.264 Y146.736 E.44856
G1 X109.263 Y143.873 E.38764
;WIDTH:0.897757
G1 X109.254 Y143.105 E.1037
;WIDTH:0.879562
G1 X109.243 Y142.345 E.10033
;WIDTH:0.887731
G1 X109.258 Y141.577 E.10244
;WIDTH:0.9
G1 X109.263 Y114.873 E3.61559
;WIDTH:0.897757
G1 X109.254 Y114.105 E.1037
;WIDTH:0.879562
G1 X109.243 Y113.345 E.10033
;WIDTH:0.887731
G1 X109.258 Y112.577 E.10244
;WIDTH:0.9
G1 X109.264 Y109.264 E.44856
G1 X112.127 Y109.263 E.38764
;WIDTH:0.897761
G1 X112.973 Y109.253 E.11424
;WIDTH:0.883295
G1 X114.115 Y109.256 E.15145
;WIDTH:0.9
G1 X141.127 Y109.263 E3.65729
;WIDTH:0.897761
G1 X141.973 Y109.253 E.11424
;WIDTH:0.883295
G1 X143.115 Y109.256 E.15145
;WIDTH:0.9
G1 X146.736 Y109.264 E.49027
G1 X146.736 Y110.29 E.13892
G1 X146.736 Y112.127 E.24872
;WIDTH:0.899342
G1 X146.746 Y112.895 E.10391
;WIDTH:0.879561
G1 X146.757 Y113.655 E.10033
;WIDTH:0.890851
G1 X146.74 Y114.423 E.10284
;WIDTH:0.9
G1 X146.736 Y141.127 E3.61559
;WIDTH:0.899342
G1 X146.746 Y141.895 E.10391
;WIDTH:0.879561
G1 X146.757 Y142.655 E.10033
;WIDTH:0.890851
G1 X146.74 Y143.423 E.10284
;WIDTH:0.9
G1 X146.736 Y146.616 E.43232
M204 S8000
G1 X146.736 Y146.616 F18000
G1 X147.55 Y147.55
M204 S3000
;TYPE:External perimeter
G1 F2400
G1 X108.45 Y147.55 E5.29395
G1 X108.45 Y108.45 E5.29395
G1 X147.55 Y108.45 E5.29395
G1 X147.55 Y110.29 E.24913
G1 X147.55 Y147.43 E5.02858
M204 S8000
G1 X146.759 Y147.549 F18000
G1 E-2 F2400
G1 X140.086 Y138.209 F18000
G1 E2 F2400
;TYPE:Internal infill
;WIDTH:0.9
G1 F4200
G1 X140.674 Y137.911 E.08925
G1 X141.289 Y137.718 E.08727
G1 X141.916 Y137.609 E.08617
G1 X142.601 Y137.575 E.09286
G1 X143.358 Y137.649 E.10298
G1 X144.032 Y137.818 E.09408
G1 X144.769 Y138.125 E.1081
G1 X145.311 Y137.43 E.11933
G1 X145.311 Y132.908 E.61226
G1 X145.034 Y133.177 E.05228
G1 X144.597 Y133.454 E.07005
G1 X143.724 Y133.666 E.12164
G1 X142.85 Y133.61 E.11858
G1 X141.977 Y133.381 E.1222
G1 X141.103 Y132.978 E.13031
G1 X140.23 Y132.331 E.14712
G1 X139.356 Y131.357 E.17718
G1 X138.483 Y130.236 E.19237
G1 X138.046 Y129.811 E.08253
G1 X137.609 Y129.535 E.06998
G1 X136.736 Y129.323 E.12164
G1 X135.862 Y129.379 E.11858
G1 X134.988 Y129.607 E.1223
G1 X134.115 Y130.011 E.13024
G1 X133.241 Y130.658 E.14723
G1 X132.368 Y131.632 E.17709
G1 X131.494 Y132.752 E.19235
G1 X131.057 Y133.177 E.08253
G1 X130.621 Y133.454 E.06994
G1 X129.747 Y133.666 E.12177
G1 X128.874 Y133.61 E.11844
G1 X128 Y133.381 E.12233
G1 X127.126 Y132.978 E.13031
G1 X126.253 Y132.331 E.14712
G1 X125.379 Y131.357 E.17718
G1 X124.506 Y130.236 E.19237
G1 X124.069 Y129.811 E.08253
G1 X123.632 Y129.535 E.06998
G1 X122.759 Y129.323 E.12164
G1 X121.885 Y129.379 E.11858
G1 X121.012 Y129.607 E.12216
G1 X120.138 Y130.011 E.13037
G1 X119.265 Y130.658 E.14712
G1 X118.391 Y131.632 E.17718
G1 X117.517 Y132.752 E.19235
G1 X117.081 Y133.177 E.08244
G1 X116.644 Y133.454 E.07005
G1 X115.77 Y133.666 E.12177
G1 X114.897 Y133.61 E.11844
G1 X114.023 Y133.381 E.12233
G1 X113.15 Y132.978 E.13019
G1 X112.276 Y132.331 E.14723
G1 X111.403 Y131.357 E.17709
G1 X110.689 Y130.441 E.15725
G1 X110.689 Y125.919 E.61226
G1 X110.966 Y126.189 E.05237
G1 X111.403 Y126.465 E.06998
G1 X112.276 Y126.677 E.12164
G1 X113.15 Y126.621 E.11858
G1 X114.023 Y126.393 E.12216
G1 X114.897 Y125.989 E.13037
G1 X115.77 Y125.342 E.14712
G1 X116.644 Y124.368 E.17718
G1 X117.517 Y123.248 E.19227
G1 X117.954 Y122.823 E.08253
G1 X118.391 Y122.546 E.07005
G1 X119.265 Y122.334 E.12177
G1 X120.138 Y122.391 E.11845
G1 X121.012 Y122.619 E.1223
G1 X121.885 Y123.022 E.13019
G1 X122.759 Y123.669 E.14723
G1 X123.632 Y124.643 E.17709
G1 X124.506 Y125.764 E.19246
G1 X124.943 Y126.189 E.08253
G1 X125.379 Y126.465 E.06987
G1 X126.253 Y126.677 E.12177
G1 X127.126 Y126.621 E.11844
G1 X128 Y126.393 E.1223
G1 X128.874 Y125.989 E.13037
G1 X129.747 Y125.342 E.14712
G1 X130.621 Y124.368 E.17718
G1 X131.494 Y123.248 E.19227
G1 X131.931 Y122.823 E.08253
G1 X132.368 Y122.546 E.07005
G1 X133.241 Y122.334 E.12164
G1 X134.115 Y122.391 E.11859
G1 X134.988 Y122.619 E.12216
G1 X135.862 Y123.022 E.13031
G1 X136.736 Y123.669 E.14723
G1 X137.609 Y124.643 E.17709
G1 X138.483 Y125.764 E.19246
G1 X138.919 Y126.189 E.08244
G1 X139.356 Y126.465 E.06998
G1 X140.23 Y126.677 E.12177
G1 X141.103 Y126.621 E.11844
G1 X141.977 Y126.393 E.1223
G1 X142.85 Y125.989 E.13024
G1 X143.724 Y125.342 E.14723
G1 X144.597 Y124.368 E.17709
G1 X145.311 Y123.453 E.15714
G1 X145.311 Y118.931 E.61226
G1 X145.034 Y119.2 E.05228
G1 X144.597 Y119.477 E.07005
G1 X143.724 Y119.689 E.12164
G1 X142.85 Y119.633 E.11858
G1 X141.977 Y119.404 E.1222
G1 X141.103 Y119.001 E.13031
G1 X140.23 Y118.354 E.14712
G1 X138.046 Y115.834 E.4515
G1 X137.609 Y115.558 E.06998
G1 X136.736 Y115.346 E.12164
G1 X135.862 Y115.402 E.11858
G1 X134.988 Y115.63 E.1223
G1 X134.115 Y116.034 E.13024
G1 X133.241 Y116.681 E.14723
G1 X132.368 Y117.655 E.17709
G1 X131.494 Y118.775 E.19235
G1 X131.057 Y119.2 E.08253
G1 X130.621 Y119.477 E.06994
G1 X129.747 Y119.689 E.12177
G1 X128.874 Y119.633 E.11844
G1 X128 Y119.404 E.12233
G1 X127.126 Y119.001 E.13031
G1 X126.253 Y118.354 E.14712
G1 X125.379 Y117.38 E.17718
G1 X124.506 Y116.26 E.19227
G1 X124.069 Y115.834 E.08263
G1 X123.632 Y115.558 E.06998
G1 X122.759 Y115.346 E.12164
G1 X121.885 Y115.402 E.11858
G1 X121.012 Y115.63 E.12216
G1 X120.138 Y116.034 E.13037
G1 X119.265 Y116.681 E.14712
G1 X118.391 Y117.655 E.17718
G1 X117.517 Y118.775 E.19235
G1 X117.081 Y119.2 E.08244
G1 X116.644 Y119.477 E.07005
G1 X115.77 Y119.689 E.12177
G1 X114.897 Y119.633 E.11844
G1 X114.023 Y119.404 E.12233
G1 X113.15 Y119.001 E.13019
G1 X112.183 Y118.25 E.16577
G1 X111.384 Y117.957 E.11523
G1 X110.689 Y117.548 E.10918
G1 X110.689 Y120.773 E.43665
G1 E-2 F2400
G1 X118.765 Y110.689 F18000
G1 E2 F2400
G1 F4200
G1 X123.65 Y110.689 E.66141
G1 X124.506 Y111.787 E.1885
G1 X124.943 Y112.212 E.08253
G1 X125.379 Y112.489 E.06994
G1 X126.253 Y112.7 E.12174
G1 X127.126 Y112.644 E.11844
G1 X128 Y112.416 E.1223
G1 X128.874 Y112.012 E.13037
G1 X129.747 Y111.366 E.14704
G1 X130.354 Y110.689 E.12311
G1 X137.627 Y110.689 E.98473
G1 X138.094 Y111.289 E.10294
G1 X137.716 Y112.294 E.14538
G1 X137.573 Y113.251 E.13101
G1 X137.573 Y113.751 E.0677
G1 X137.658 Y114.478 E.0991
G1 X137.851 Y115.151 E.09479
G1 X138.113 Y115.732 E.08629
G1 E-2 F2400
G1 X138.113 Y115.732 F18000
G1 X118.365 Y141.722
G1 E2 F2400
G1 F4200
G1 X118.427 Y142.749 E.1393
G1 X118.284 Y143.706 E.13101
G1 X117.957 Y144.616 E.13092
G1 X117.548 Y145.311 E.10918
G1 X118.658 Y145.311 E.15029
G1 X119.265 Y144.634 E.12311
G1 X120.138 Y143.988 E.14704
G1 X121.012 Y143.584 E.13037
G1 X121.885 Y143.356 E.12216
G1 X122.759 Y143.3 E.11858
G1 X123.632 Y143.511 E.1216
G1 X124.069 Y143.788 E.07005
G1 X124.506 Y144.213 E.08253
G1 X125.362 Y145.311 E.1885
G1 X132.634 Y145.311 E.98459
G1 X133.241 Y144.634 E.12311
G1 X134.115 Y143.988 E.14715
G1 X134.988 Y143.584 E.13024
G1 X135.862 Y143.356 E.1223
G1 X136.736 Y143.3 E.11858
G1 X137.687 Y143.561 E.13352
G1 X137.573 Y142.749 E.11102
G1 X137.658 Y141.522 E.16653
G1 X137.978 Y140.515 E.14306
G1 X138.445 Y139.692 E.12812
G1 X137.609 Y138.62 E.18406
G1 X136.736 Y137.646 E.17709
G1 X135.862 Y136.999 E.14723
G1 X134.988 Y136.596 E.13031
G1 X134.115 Y136.367 E.1222
G1 X133.241 Y136.311 E.11858
G1 X132.368 Y136.523 E.12164
G1 X131.931 Y136.8 E.07005
G1 X131.494 Y137.225 E.08253
G1 X130.621 Y138.345 E.19227
G1 X129.747 Y139.319 E.17718
G1 X128.874 Y139.966 E.14712
G1 X128 Y140.37 E.13037
G1 X127.126 Y140.598 E.1223
G1 X126.253 Y140.654 E.11844
G1 X125.379 Y140.442 E.12177
G1 X124.943 Y140.166 E.06987
G1 X124.506 Y139.741 E.08253
G1 X123.632 Y138.62 E.19246
G1 X122.759 Y137.646 E.17709
G1 X121.885 Y136.999 E.14723
G1 X121.012 Y136.596 E.13019
G1 X120.138 Y136.367 E.12233
G1 X119.265 Y136.311 E.11844
G1 X118.391 Y136.523 E.12177
G1 X117.954 Y136.8 E.07005
G1 X117.517 Y137.225 E.08253
G1 X116.45 Y138.561 E.2315
G1 X116.245 Y138.393 E.03589
G1 X115.452 Y137.963 E.12214
G1 X114.013 Y137.587 E.20137
G1 X112.91 Y137.609 E.14937
G1 X111.818 Y137.863 E.1518
;LAYER_CHANGE
;Z:2.8
;HEIGHT:0.4
G1 Z2.8 F18000
G1 E-2 F2400
G1 Z2.8 F18000
G1 X144.835 Y109.983
G1 Z2.8
G1 E2 F2400
M204 S4000
;TYPE:Perimeter
;WIDTH:0.708935
G1 F900
G1 X146.017 Y109.983 E.12248
G1 X146.017 Y110.294 E.03223
G1 X146.017 Y111.165 E.09025
G1 X145.886 Y110.968 E.02451
G1 X145.326 Y110.356 E.08596
G1 X144.931 Y110.055 E.05146
M204 S8000
G1 E-2 F2400
G1 X144.931 Y110.055 F18000
G1 X138.206 Y113.966
G1 E2 F2400
M204 S4000
;WIDTH:0.9
G1 F3600
G1 X138.222 Y114.122 E.02123
G1 X138.362 Y114.769 E.08963
G1 X138.597 Y115.36 E.08611
G1 X138.922 Y115.916 E.0872
G1 X139.288 Y116.394 E.08151
G1 X139.648 Y116.752 E.06874
G1 X140.084 Y117.078 E.07371
G1 X140.64 Y117.403 E.0872
G1 X141.231 Y117.638 E.08611
G1 X141.878 Y117.778 E.08963
G1 X142.275 Y117.817 E.05401
G1 X143.122 Y117.778 E.1148
G1 X143.945 Y117.575 E.11477
G1 X144.712 Y117.215 E.11472
G1 X145.394 Y116.712 E.11474
G1 X145.922 Y116.138 E.1056
G1 X145.922 Y139.862 E3.21212
G1 X145.712 Y139.606 E.04483
G1 X145.086 Y139.035 E.11472
G1 X144.36 Y138.597 E.1148
G1 X143.563 Y138.309 E.11474
G1 X142.757 Y138.183 E.11045
G1 X142.042 Y138.206 E.09686
G1 X141.254 Y138.355 E.10858
G1 X140.64 Y138.597 E.08936
G1 X140.084 Y138.922 E.0872
G1 X139.606 Y139.288 E.08151
G1 X139.248 Y139.648 E.06874
G1 X138.922 Y140.084 E.07371
G1 X138.597 Y140.64 E.0872
G1 X138.362 Y141.231 E.08611
G1 X138.222 Y141.878 E.08963
G1 X138.183 Y142.275 E.05401
G1 X138.222 Y143.122 E.1148
G1 X138.425 Y143.945 E.11477
G1 X138.785 Y144.712 E.11472
G1 X139.288 Y145.394 E.11474
G1 X139.862 Y145.922 E.1056
G1 X116.138 Y145.922 E3.21212
G1 X116.712 Y145.394 E.1056
G1 X117.215 Y144.712 E.11474
G1 X117.575 Y143.945 E.11472
G1 X117.778 Y143.122 E.11477
G1 X117.817 Y142.275 E.1148
G1 X117.778 Y141.878 E.05401
G1 X117.638 Y141.231 E.08963
G1 X117.403 Y140.64 E.08611
G1 X117.215 Y140.288 E.05403
G1 X116.922 Y139.852 E.07112
G1 X116.553 Y139.447 E.07418
G1 X116.086 Y139.035 E.08432
G1 X115.495 Y138.659 E.09484
G1 X114.945 Y138.425 E.08093
G1 X114.563 Y138.309 E.05405
G1 X113.757 Y138.183 E.11045
G1 X113.042 Y138.206 E.09686
G1 X112.493 Y138.299 E.07539
G1 X112.054 Y138.426 E.06188
G1 X111.288 Y138.785 E.11454
G1 X110.606 Y139.288 E.11474
G1 X110.078 Y139.862 E.1056
G1 X110.078 Y116.138 E3.21212
G1 X110.606 Y116.712 E.1056
G1 X111.288 Y117.215 E.11474
G1 X112.055 Y117.575 E.11472
G1 X112.878 Y117.778 E.11477
G1 X113.725 Y117.817 E.1148
G1 X114.122 Y117.778 E.05401
G1 X114.769 Y117.638 E.08963
G1 X115.36 Y117.403 E.08611
G1 X115.916 Y117.078 E.0872
G1 X116.394 Y116.712 E.08151
G1 X116.752 Y116.353 E.06864
G1 X117.078 Y115.916 E.07382
G1 X117.403 Y115.36 E.0872
G1 X117.638 Y114.769 E.08611
G1 X117.778 Y114.122 E.08963
G1 X117.817 Y113.725 E.05401
G1 X117.778 Y112.878 E.1148
G1 X117.575 Y112.055 E.11477
G1 X117.215 Y111.288 E.11472
G1 X116.712 Y110.606 E.11474
G1 X116.138 Y110.078 E.1056
G1 X139.862 Y110.078 E3.21212
G1 X139.288 Y110.606 E.1056
G1 X138.785 Y111.288 E.11474
G1 X138.425 Y112.055 E.11472
G1 X138.222 Y112.878 E.11477
G1 X138.183 Y113.725 E.1148
G1 X138.195 Y113.847 E.0166
M204 S8000
G1 X138.195 Y113.847 F18000
G1 X139.016 Y113.84
M204 S4000
G1 F900
G1 X138.997 Y113.275 E.07654
G1 X139.108 Y112.596 E.09315
G1 X139.349 Y111.952 E.0931
G1 X139.712 Y111.367 E.09322
G1 X140.182 Y110.864 E.09321
G1 X140.741 Y110.462 E.09322
;WIDTH:0.908405
G1 X141.364 Y110.174 E.09389
;WIDTH:0.914821
G1 X141.628 Y110.095 E.03799
G1 X142.181 Y110.025 E.07684
;WIDTH:0.867818
G1 X142.744 Y110.017 E.07322
;WIDTH:0.888935
G1 X143.403 Y110.113 E.08894
;WIDTH:0.9
G1 X144.048 Y110.349 E.09299
G1 X144.633 Y110.712 E.09322
G1 X145.136 Y111.182 E.09321
G1 X145.538 Y111.741 E.09322
G1 X145.822 Y112.367 E.09307
;WIDTH:0.899458
G1 X145.967 Y113.039 E.09302
;WIDTH:0.874578
G1 X145.983 Y113.725 E.09001
;WIDTH:0.888778
G1 X145.887 Y114.403 E.09144
;WIDTH:0.9
G1 X145.651 Y115.048 E.09299
G1 X145.288 Y115.633 E.09322
G1 X144.818 Y116.136 E.09321
G1 X144.259 Y116.538 E.09322
G1 X143.633 Y116.823 E.09313
G1 X142.963 Y116.98 E.09317
G1 X142.275 Y117.003 E.0932
G1 X141.596 Y116.892 E.09315
G1 X140.952 Y116.651 E.0931
G1 X140.367 Y116.288 E.09322
G1 X139.864 Y115.818 E.09321
G1 X139.462 Y115.259 E.09322
G1 X139.177 Y114.633 E.09313
G1 X139.02 Y113.963 E.09317
G1 X139.02 Y113.96 E.00041
M204 S8000
G1 X139.02 Y113.96 F18000
G1 X139.817 Y113.691
M204 S3000
;TYPE:External perimeter
G1 F900
G1 X139.811 Y113.275 E.05633
G1 X139.906 Y112.755 E.07157
G1 X140.102 Y112.263 E.07171
G1 X140.389 Y111.819 E.07158
G1 X140.757 Y111.44 E.07152
G1 X141.193 Y111.139 E.07173
G1 X141.678 Y110.93 E.0715
G1 X142.315 Y110.811 E.08774
G1 X142.805 Y110.819 E.06635
G1 X143.321 Y110.93 E.07146
G1 X143.807 Y111.139 E.07163
G1 X144.243 Y111.44 E.07173
G1 X144.611 Y111.819 E.07152
G1 X144.898 Y112.263 E.07158
G1 X145.094 Y112.755 E.07171
G1 X145.189 Y113.275 E.07157
G1 X145.183 Y113.795 E.07041
G1 X145.07 Y114.321 E.07284
G1 X144.861 Y114.807 E.07163
G1 X144.56 Y115.243 E.07173
G1 X144.181 Y115.611 E.07152
G1 X143.737 Y115.898 E.07158
G1 X143.245 Y116.094 E.07171
G1 X142.725 Y116.189 E.07157
G1 X142.196 Y116.181 E.07163
G1 X141.679 Y116.07 E.07159
G1 X141.213 Y115.873 E.0685
G1 X140.795 Y115.594 E.06804
G1 X140.44 Y115.243 E.06759
G1 X140.139 Y114.807 E.07173
G1 X139.93 Y114.321 E.07163
G1 X139.82 Y113.811 E.07064
M204 S8000
G1 X139.873 Y113.012 F18000
G1 E-2 F2400
G1 X109.983 Y111.165 F18000
G1 E2 F2400
M204 S4000
;TYPE:Perimeter
;WIDTH:0.708936
G1 F900
G1 X109.983 Y109.983 E.12248
G1 X111.165 Y109.983 E.12248
G1 X110.968 Y110.114 E.02451
G1 X110.356 Y110.674 E.08596
G1 X110.055 Y111.069 E.05146
M204 S8000
G1 E-2 F2400
G1 X110.055 Y111.069 F18000
G1 X111.848 Y116.586
G1 E2 F2400
M204 S4000
;WIDTH:0.9
G1 F900
G1 X111.367 Y116.288 E.07661
G1 X110.864 Y115.818 E.09321
G1 X110.462 Y115.259 E.09322
G1 X110.177 Y114.633 E.09313
G1 X110.034 Y113.96 E.09316
;WIDTH:0.87252
G1 X110.017 Y113.275 E.08964
;WIDTH:0.888932
G1 X110.113 Y112.597 E.09145
;WIDTH:0.9
G1 X110.349 Y111.952 E.09299
G1 X110.712 Y111.367 E.09322
G1 X111.182 Y110.864 E.09321
G1 X111.741 Y110.462 E.09322
;WIDTH:0.908405
G1 X112.364 Y110.174 E.09389
;WIDTH:0.914821
G1 X112.628 Y110.095 E.03799
G1 X113.181 Y110.025 E.07684
;WIDTH:0.867818
G1 X113.744 Y110.017 E.07322
;WIDTH:0.888935
G1 X114.403 Y110.113 E.08894
;WIDTH:0.9
G1 X115.048 Y110.349 E.09299
G1 X115.633 Y110.712 E.09322
G1 X116.136 Y111.182 E.09321
G1 X116.538 Y111.741 E.09322
G1 X116.823 Y112.367 E.09313
G1 X116.98 Y113.037 E.09317
G1 X117.003 Y113.725 E.0932
G1 X116.892 Y114.404 E.09315
G1 X116.651 Y115.048 E.0931
G1 X116.288 Y115.633 E.09322
G1 X115.818 Y116.136 E.09321
G1 X115.259 Y116.538 E.09322
G1 X114.633 Y116.823 E.09313
G1 X113.963 Y116.98 E.09317
G1 X113.275 Y117.003 E.0932
G1 X112.596 Y116.892 E.09315
G1 X111.952 Y116.651 E.0931
G1 X111.949 Y116.649 E.00049
M204 S8000
G1 X111.949 Y116.649 F18000
G1 X112.369 Y115.941
M204 S3000
;TYPE:External perimeter
G1 F900
G1 X112.263 Y115.898 E.01549
G1 X111.819 Y115.611 E.07158
G1 X111.44 Y115.243 E.07152
G1 X111.139 Y114.807 E.07173
G1 X110.93 Y114.321 E.07163
G1 X110.819 Y113.804 E.07159
G1 X110.811 Y113.275 E.07163
G1 X110.906 Y112.755 E.07157
G1 X111.102 Y112.263 E.07171
G1 X111.389 Y111.819 E.07158
G1 X111.757 Y111.44 E.07152
G1 X112.193 Y111.139 E.07173
G1 X112.678 Y110.93 E.0715
G1 X113.315 Y110.811 E.08774
G1 X113.805 Y110.819 E.06635
G1 X114.321 Y110.93 E.07146
G1 X114.807 Y111.139 E.07163
G1 X115.243 Y111.44 E.07173
G1 X115.611 Y111.819 E.07152
G1 X115.898 Y112.263 E.07158
G1 X116.094 Y112.755 E.07171
G1 X116.189 Y113.275 E.07157
G1 X116.181 Y113.804 E.07163
G1 X116.07 Y114.321 E.07159
G1 X115.873 Y114.787 E.0685
G1 X115.594 Y115.205 E.06804
G1 X115.234 Y115.569 E.06932
G1 X114.807 Y115.861 E.07004
G1 X114.321 Y116.07 E.07163
G1 X113.804 Y116.181 E.07159
G1 X113.275 Y116.189 E.07163
G1 X112.755 Y116.094 E.07157
G1 X112.481 Y115.985 E.03993
M204 S8000
G1 X111.802 Y115.561 F18000
G1 E-2 F2400
G1 X109.983 Y144.835 F18000
G1 E2 F2400
M204 S4000
;TYPE:Perimeter
;WIDTH:0.708936
G1 F900
G1 X110.114 Y145.032 E.02451
G1 X110.674 Y145.644 E.08596
G1 X111.165 Y146.017 E.06389
G1 X109.983 Y146.017 E.12248
G1 X109.983 Y144.955 E.11005
M204 S8000
G1 X109.983 Y144.955 F18000
G1 X110.411 Y144.148
M204 S4000
;WIDTH:0.9
G1 F900
G1 X110.177 Y143.633 E.07659
G1 X110.034 Y142.96 E.09316
;WIDTH:0.87252
G1 X110.017 Y142.275 E.08964
;WIDTH:0.888931
G1 X110.113 Y141.597 E.09145
;WIDTH:0.9
G1 X110.349 Y140.952 E.09299
G1 X110.712 Y140.367 E.09322
G1 X111.182 Y139.864 E.09321
G1 X111.741 Y139.462 E.09322
G1 X112.366 Y139.178 E.09295
G1 X113.179 Y139.009 E.11243
G1 X113.744 Y138.997 E.07652
G1 X114.404 Y139.108 E.09062
G1 X115.048 Y139.349 E.0931
G1 X115.633 Y139.712 E.09322
G1 X116.136 Y140.182 E.09321
G1 X116.538 Y140.741 E.09322
G1 X116.823 Y141.367 E.09313
G1 X116.98 Y142.037 E.09317
G1 X117.003 Y142.725 E.0932
G1 X116.892 Y143.404 E.09315
G1 X116.651 Y144.048 E.0931
G1 X116.288 Y144.633 E.09322
G1 X115.818 Y145.136 E.09321
G1 X115.259 Y145.538 E.09322
G1 X114.633 Y145.823 E.09313
G1 X113.96 Y145.966 E.09316
;WIDTH:0.87252
G1 X113.275 Y145.983 E.08964
;WIDTH:0.888931
G1 X112.597 Y145.887 E.09145
;WIDTH:0.9
G1 X111.952 Y145.651 E.09299
G1 X111.367 Y145.288 E.09322
G1 X110.864 Y144.818 E.09321
G1 X110.462 Y144.259 E.09322
G1 X110.461 Y144.257 E.0003
M204 S8000
G1 X110.461 Y144.257 F18000
G1 X111.2 Y143.896
M204 S3000
;TYPE:External perimeter
G1 F900
G1 X111.139 Y143.807 E.01461
G1 X110.93 Y143.321 E.07163
G1 X110.819 Y142.804 E.07159
G1 X110.811 Y142.275 E.07163
G1 X110.906 Y141.755 E.07157
G1 X111.102 Y141.263 E.07171
G1 X111.389 Y140.819 E.07158
G1 X111.757 Y140.44 E.07152
G1 X112.193 Y140.139 E.07173
G1 X112.678 Y139.93 E.0715
G1 X113.315 Y139.811 E.08774
G1 X113.805 Y139.819 E.06635
G1 X114.321 Y139.93 E.07146
G1 X114.787 Y140.127 E.0685
G1 X115.205 Y140.406 E.06804
G1 X115.569 Y140.766 E.06932
G1 X115.861 Y141.193 E.07004
G1 X116.07 Y141.679 E.07163
G1 X116.181 Y142.196 E.07159
G1 X116.189 Y142.725 E.07163
G1 X116.094 Y143.245 E.07157
G1 X115.898 Y143.737 E.07171
G1 X115.611 Y144.181 E.07158
G1 X115.243 Y144.56 E.07152
G1 X114.807 Y144.861 E.07173
G1 X114.321 Y145.07 E.07163
G1 X113.804 Y145.181 E.07159
G1 X113.275 Y145.189 E.07163
G1 X112.755 Y145.094 E.07157
G1 X112.263 Y144.898 E.07171
G1 X111.819 Y144.611 E.07158
G1 X111.44 Y144.243 E.07152
G1 X111.268 Y143.995 E.04086
M204 S8000
G1 X110.941 Y143.264 F18000
G1 E-2 F2400
G1 X144.835 Y146.017 F18000
G1 E2 F2400
M204 S4000
;TYPE:Perimeter
;WIDTH:0.708936
G1 F900
G1 X145.032 Y145.886 E.02451
G1 X145.644 Y145.326 E.08596
G1 X146.017 Y144.835 E.06389
G1 X146.017 Y146.017 E.12248
G1 X144.955 Y146.017 E.11005
M204 S8000
G1 E-2 F2400
G1 X144.955 Y146.017 F18000
G1 X140.217 Y145.148
G1 E2 F2400
M204 S4000
;WIDTH:0.9
G1 F900
G1 X139.864 Y144.818 E.06543
G1 X139.462 Y144.259 E.09322
G1 X139.177 Y143.633 E.09313
G1 X139.02 Y142.963 E.09317
G1 X138.997 Y142.275 E.0932
G1 X139.108 Y141.596 E.09315
G1 X139.349 Y140.952 E.0931
G1 X139.712 Y140.367 E.09322
G1 X140.295 Y139.764 E.11356
G1 X140.741 Y139.462 E.07293
G1 X141.366 Y139.178 E.09295
G1 X142.179 Y139.009 E.11243
G1 X142.744 Y138.997 E.07652
G1 X143.404 Y139.108 E.09062
G1 X144.048 Y139.349 E.0931
G1 X144.633 Y139.712 E.09322
G1 X145.136 Y140.182 E.09321
G1 X145.538 Y140.741 E.09322
G1 X145.822 Y141.367 E.09307
;WIDTH:0.899458
G1 X145.967 Y142.039 E.09302
;WIDTH:0.874578
G1 X145.983 Y142.725 E.09001
;WIDTH:0.888778
G1 X145.887 Y143.403 E.09144
;WIDTH:0.9
G1 X145.651 Y144.048 E.09299
G1 X145.288 Y144.633 E.09322
G1 X144.818 Y145.136 E.09321
G1 X144.259 Y145.538 E.09322
G1 X143.633 Y145.823 E.09313
G1 X142.96 Y145.966 E.09316
;WIDTH:0.87252
G1 X142.275 Y145.983 E.08964
;WIDTH:0.888931
G1 X141.597 Y145.887 E.09145
;WIDTH:0.9
G1 X140.952 Y145.651 E.09299
G1 X140.367 Y145.288 E.09322
G1 X140.304 Y145.23 E.01159
M204 S8000
G1 X140.304 Y145.23 F18000
G1 X140.702 Y144.503
M204 S3000
;TYPE:External perimeter
G1 F900
G1 X140.389 Y144.181 E.0608
G1 X140.102 Y143.737 E.07158
G1 X139.906 Y143.245 E.07171
G1 X139.811 Y142.725 E.07157
G1 X139.819 Y142.196 E.07163
G1 X139.93 Y141.679 E.07159
G1 X140.127 Y141.213 E.0685
G1 X140.406 Y140.795 E.06804
G1 X140.795 Y140.406 E.07448
G1 X141.213 Y140.127 E.06804
G1 X141.678 Y139.93 E.06838
G1 X142.315 Y139.811 E.08774
G1 X142.805 Y139.819 E.06635
G1 X143.321 Y139.93 E.07146
G1 X143.807 Y140.139 E.07163
G1 X144.243 Y140.44 E.07173
G1 X144.611 Y140.819 E.07152
G1 X144.898 Y141.263 E.07158
G1 X145.094 Y141.755 E.07171
G1 X145.189 Y142.275 E.07157
G1 X145.183 Y142.795 E.07041
G1 X145.07 Y143.321 E.07284
G1 X144.861 Y143.807 E.07163
G1 X144.56 Y144.243 E.07173
G1 X144.181 Y144.611 E.07152
G1 X143.737 Y144.898 E.07158
G1 X143.245 Y145.094 E.07171
G1 X142.725 Y145.189 E.07157
G1 X142.196 Y145.181 E.07163
G1 X141.679 Y145.07 E.07159
G1 X141.193 Y144.861 E.07163
G1 X140.791 Y144.583 E.06618
M204 S8000
G1 X140.273 Y143.974 F18000
G1 E-2 F2400
G1 X146.736 Y146.736 F18000
G1 E2 F2400
M204 S4000
;TYPE:Perimeter
G1 F3600
G1 X143.001 Y146.75 E.5057
;WIDTH:0.871207
G1 X142.275 Y146.756 E.09482
;WIDTH:0.888931
G1 X141.513 Y146.741 E.10179
;WIDTH:0.9
G1 X114.815 Y146.736 E3.61478
G1 X114.001 Y146.75 E.11023
;WIDTH:0.871207
G1 X113.275 Y146.756 E.09482
;WIDTH:0.888931
G1 X112.513 Y146.741 E.10179
;WIDTH:0.9
G1 X109.264 Y146.736 E.4399
G1 X109.25 Y143.001 E.5057
;WIDTH:0.871207
G1 X109.244 Y142.275 E.09482
;WIDTH:0.888931
G1 X109.259 Y141.513 E.10179
;WIDTH:0.9
G1 X109.264 Y114.815 E3.61478
G1 X109.25 Y114.001 E.11023
;WIDTH:0.871207
G1 X109.244 Y113.275 E.09482
;WIDTH:0.888932
G1 X109.259 Y112.513 E.10179
;WIDTH:0.9
G1 X109.264 Y109.264 E.4399
G1 X111.736 Y109.264 E.3347
;WIDTH:0.915593
G1 X112.549 Y109.272 E.11219
G1 X113.116 Y109.248 E.07831
;WIDTH:0.867818
G1 X113.75 Y109.244 E.08245
;WIDTH:0.888935
G1 X114.487 Y109.259 E.09845
;WIDTH:0.9
G1 X140.736 Y109.264 E3.55399
;WIDTH:0.915593
G1 X141.549 Y109.272 E.11219
G1 X142.116 Y109.248 E.07831
;WIDTH:0.867818
G1 X142.75 Y109.244 E.08245
;WIDTH:0.888935
G1 X143.487 Y109.259 E.09845
;WIDTH:0.9
G1 X146.736 Y109.264 E.4399
G1 X146.736 Y110.294 E.13946
G1 X146.741 Y112.513 E.30044
;WIDTH:0.888931
G1 X146.756 Y113.275 E.10179
;WIDTH:0.87252
G1 X146.75 Y114.037 E.09969
;WIDTH:0.9
G1 X146.736 Y114.815 E.10535
G1 X146.741 Y141.513 E3.61478
;WIDTH:0.888931
G1 X146.756 Y142.275 E.10179
;WIDTH:0.87252
G1 X146.75 Y143.037 E.09969
;WIDTH:0.9
G1 X146.736 Y146.616 E.48458
M204 S8000
G1 X146.736 Y146.616 F18000
G1 X147.55 Y147.55
M204 S3000
;TYPE:External perimeter
G1 F2400
G1 X108.45 Y147.55 E5.29395
G1 X108.45 Y108.45 E5.29395
G1 X147.55 Y108.45 E5.29395
G1 X147.55 Y110.294 E.24967
G1 X147.55 Y147.43 E5.02804
M204 S8000
G1 X146.759 Y147.549 F18000
G1 E-2 F2400
G1 X145.311 Y137.264 F18000
G1 E2 F2400
;TYPE:Internal infill
;WIDTH:0.9
G1 F4200
G1 X145.311 Y132.379 E.66141
G1 X144.597 Y132.968 E.12532
G1 X143.724 Y133.325 E.1277
G1 X142.85 Y133.406 E.11884
G1 X141.977 Y133.296 E.11913
G1 X141.103 Y133.011 E.12447
G1 X140.23 Y132.506 E.13655
G1 X139.356 Y131.721 E.15906
G1 X138.046 Y130.343 E.25743
G1 X137.609 Y130.02 E.07358
G1 X136.736 Y129.663 E.1277
G1 X135.862 Y129.583 E.11883
G1 X134.988 Y129.692 E.11925
G1 X134.115 Y129.977 E.12434
G1 X133.241 Y130.482 E.13667
G1 X132.368 Y131.267 E.15896
G1 X131.057 Y132.645 E.25752
G1 X130.621 Y132.968 E.07347
G1 X129.747 Y133.325 E.12783
G1 X128.874 Y133.406 E.11871
G1 X128 Y133.296 E.11927
G1 X127.126 Y133.011 E.12447
G1 X126.253 Y132.506 E.13655
G1 X125.379 Y131.721 E.15906
G1 X124.069 Y130.343 E.25743
G1 X123.632 Y130.02 E.07358
G1 X122.759 Y129.663 E.1277
G1 X121.885 Y129.583 E.11883
G1 X121.012 Y129.692 E.11912
G1 X120.138 Y129.977 E.12447
G1 X119.265 Y130.482 E.13655
G1 X118.391 Y131.267 E.15906
G1 X117.081 Y132.645 E.25743
G1 X116.644 Y132.968 E.07358
G1 X115.77 Y133.325 E.12783
G1 X114.897 Y133.406 E.11871
G1 X114.023 Y133.296 E.11927
G1 X113.15 Y133.011 E.12434
G1 X112.276 Y132.506 E.13667
G1 X111.403 Y131.721 E.15896
G1 X110.689 Y130.939 E.14337
G1 X110.689 Y125.39 E.75131
G1 X111.403 Y125.98 E.12541
G1 X112.276 Y126.337 E.1277
G1 X113.15 Y126.417 E.11883
G1 X114.023 Y126.308 E.11912
G1 X114.897 Y126.023 E.12447
G1 X115.77 Y125.518 E.13655
G1 X116.644 Y124.733 E.15906
G1 X117.954 Y123.355 E.25743
G1 X118.391 Y123.032 E.07358
G1 X119.265 Y122.675 E.12783
G1 X120.138 Y122.594 E.11871
G1 X121.012 Y122.704 E.11927
G1 X121.885 Y122.989 E.12434
G1 X122.759 Y123.494 E.13667
G1 X123.632 Y124.279 E.15896
G1 X124.943 Y125.657 E.25752
G1 X125.379 Y125.98 E.07347
G1 X126.253 Y126.337 E.12783
G1 X127.126 Y126.417 E.1187
G1 X128 Y126.308 E.11925
G1 X128.874 Y126.023 E.12447
G1 X129.747 Y125.518 E.13655
G1 X130.621 Y124.733 E.15906
G1 X131.931 Y123.355 E.25743
G1 X132.368 Y123.032 E.07358
G1 X133.241 Y122.675 E.1277
G1 X134.115 Y122.594 E.11884
G1 X134.988 Y122.704 E.11913
G1 X135.862 Y122.989 E.12447
G1 X136.736 Y123.494 E.13667
G1 X137.609 Y124.279 E.15896
G1 X138.919 Y125.657 E.25743
G1 X139.356 Y125.98 E.07358
G1 X140.23 Y126.337 E.12783
G1 X141.103 Y126.417 E.1187
G1 X141.977 Y126.308 E.11925
G1 X142.85 Y126.023 E.12434
G1 X143.724 Y125.518 E.13667
G1 X144.597 Y124.733 E.15896
G1 X145.311 Y123.95 E.14347
G1 X145.311 Y118.402 E.75117
G1 X144.597 Y118.991 E.12532
G1 X143.724 Y119.348 E.1277
G1 X142.85 Y119.429 E.11884
G1 X141.977 Y119.32 E.11912
G1 X141.103 Y119.034 E.12451
G1 X140.23 Y118.529 E.13655
G1 X139.356 Y117.745 E.15897
G1 X138.046 Y116.367 E.25743
G1 X137.609 Y116.044 E.07358
G1 X136.736 Y115.686 E.12775
G1 X135.862 Y115.606 E.11883
G1 X134.988 Y115.715 E.11925
G1 X134.115 Y116.001 E.12438
G1 X133.241 Y116.506 E.13667
G1 X132.368 Y117.29 E.15887
G1 X131.057 Y118.668 E.25752
G1 X130.621 Y118.991 E.07347
G1 X129.747 Y119.348 E.12783
G1 X128.874 Y119.429 E.11871
G1 X128 Y119.32 E.11925
G1 X127.126 Y119.034 E.12451
G1 X126.253 Y118.529 E.13655
G1 X125.379 Y117.745 E.15897
G1 X124.069 Y116.367 E.25743
G1 X123.632 Y116.044 E.07358
G1 X122.759 Y115.686 E.12775
G1 X121.885 Y115.606 E.11883
G1 X121.012 Y115.715 E.11912
G1 X120.138 Y116.001 E.12451
G1 X119.265 Y116.506 E.13655
G1 X118.391 Y117.29 E.15897
G1 X117.081 Y118.668 E.25743
G1 X116.644 Y118.991 E.07358
G1 X115.77 Y119.348 E.12783
G1 X114.897 Y119.429 E.11871
G1 X114.023 Y119.32 E.11925
G1 X113.15 Y119.034 E.12438
G1 X112.276 Y118.529 E.13667
G1 X111.854 Y118.15 E.0768
G1 X111.397 Y117.963 E.06686
G1 X110.689 Y117.549 E.11105
G1 X110.689 Y121.119 E.48336
G1 E-2 F2400
G1 X119.1 Y110.689 F18000
G1 E2 F2400
G1 F4200
G1 X123.985 Y110.689 E.66141
G1 X124.943 Y111.68 E.18662
G1 X125.379 Y112.003 E.07347
G1 X126.253 Y112.36 E.12783
G1 X127.126 Y112.44 E.1187
G1 X128 Y112.331 E.11925
G1 X128.874 Y112.046 E.12447
G1 X129.747 Y111.541 E.13655
G1 X130.682 Y110.689 E.17127
G1 X135.567 Y110.689 E.66141
G1 E-2 F2400
G1 X118.304 Y141.399 F18000
G1 E2 F2400
G1 F4200
G1 X118.415 Y142.003 E.08315
G1 X118.379 Y143.231 E.16634
G1 X118.143 Y144.169 E.13096
G1 X117.963 Y144.603 E.06362
G1 X117.549 Y145.311 E.11105
G1 X118.33 Y145.311 E.10574
G1 X119.265 Y144.459 E.17127
G1 X120.138 Y143.954 E.13655
G1 X121.012 Y143.669 E.12447
G1 X121.885 Y143.56 E.11912
G1 X122.759 Y143.64 E.11883
G1 X123.632 Y143.997 E.1277
G1 X124.069 Y144.32 E.07358
G1 X125.026 Y145.311 E.18653
G1 X132.306 Y145.311 E.98568
G1 X133.241 Y144.459 E.17127
G1 X134.115 Y143.954 E.13667
G1 X134.988 Y143.669 E.12434
G1 X135.862 Y143.56 E.11925
G1 X136.736 Y143.64 E.11883
G1 X137.609 Y143.997 E.1277
G1 X137.864 Y144.186 E.04298
G1 X137.621 Y143.231 E.13342
G1 X137.586 Y141.999 E.16687
G1 X137.779 Y141.047 E.13152
G1 X138.035 Y140.401 E.09408
G1 X138.667 Y139.39 E.16143
G1 X137.609 Y138.255 E.21008
G1 X136.736 Y137.471 E.15887
G1 X135.862 Y136.966 E.13667
G1 X134.988 Y136.68 E.12451
G1 X134.115 Y136.571 E.11912
G1 X133.241 Y136.652 E.11884
G1 X132.368 Y137.009 E.1277
G1 X131.931 Y137.332 E.07358
G1 X130.621 Y138.71 E.25743
G1 X129.747 Y139.494 E.15897
G1 X128.874 Y139.999 E.13655
G1 X128 Y140.285 E.12451
G1 X127.126 Y140.394 E.11925
G1 X126.253 Y140.314 E.1187
G1 X125.379 Y139.956 E.12788
G1 X124.943 Y139.633 E.07347
G1 X123.632 Y138.255 E.25752
G1 X122.759 Y137.471 E.15887
G1 X121.885 Y136.966 E.13667
G1 X121.012 Y136.68 E.12438
G1 X120.138 Y136.571 E.11925
G1 X119.265 Y136.652 E.11871
G1 X118.391 Y137.009 E.12783
G1 X117.517 Y137.752 E.15532
G1 X116.646 Y138.708 E.1751
G1 X115.919 Y138.194 E.12055
G1 X115.599 Y138.035 E.04838
G1 X114.95 Y137.778 E.09451
G1 X114.234 Y137.621 E.09925
G1 X113.415 Y137.567 E.11113
G1 X112.949 Y137.602 E.06327
G1 X112.054 Y137.793 E.12391
;LAYER_CHANGE
;Z:3.2
;HEIGHT:0.4
G1 Z3.2 F18000
G1 E-2 F2400
G1 Z3.2 F18000
G1 X144.835 Y109.983
G1 Z3.2
G1 E2 F2400
M204 S4000
;TYPE:Perimeter
;WIDTH:0.708935
G1 F900
G1 X146.017 Y109.983 E.12248
G1 X146.017 Y110.294 E.03223
G1 X146.017 Y111.165 E.09025
G1 X145.886 Y110.968 E.02451
G1 X145.326 Y110.356 E.08596
G1 X144.931 Y110.055 E.05146
M204 S8000
G1 E-2 F2400
G1 X144.931 Y110.055 F18000
G1 X138.206 Y113.966
G1 E2 F2400
M204 S4000
;WIDTH:0.9
G1 F3600
G1 X138.222 Y114.122 E.02123
G1 X138.362 Y114.769 E.08963
G1 X138.597 Y115.36 E.08611
G1 X138.922 Y115.916 E.0872
G1 X139.288 Y116.394 E.08151
G1 X139.648 Y116.752 E.06874
G1 X140.084 Y117.078 E.07371
G1 X140.64 Y117.403 E.0872
G1 X141.231 Y117.638 E.08611
G1 X141.878 Y117.778 E.08963
G1 X142.275 Y117.817 E.05401
G1 X143.122 Y117.778 E.1148
G1 X143.945 Y117.575 E.11477
G1 X144.712 Y117.215 E.11472
G1 X145.394 Y116.712 E.11474
G1 X145.922 Y116.138 E.1056
G1 X145.922 Y139.862 E3.21212
G1 X145.712 Y139.606 E.04483
G1 X145.086 Y139.035 E.11472
G1 X144.36 Y138.597 E.1148
G1 X143.563 Y138.309 E.11474
G1 X142.75 Y138.183 E.11139
G1 X142.017 Y138.208 E.0993
G1 X141.25 Y138.356 E.10576
G1 X140.64 Y138.597 E.0888
G1 X140.084 Y138.922 E.0872
G1 X139.606 Y139.288 E.08151
G1 X139.248 Y139.648 E.06874
G1 X138.922 Y140.084 E.07371
G1 X138.597 Y140.64 E.0872
G1 X138.362 Y141.231 E.08611
G1 X138.222 Y141.878 E.08963
G1 X138.183 Y142.275 E.05401
G1 X138.222 Y143.122 E.1148
G1 X138.425 Y143.945 E.11477
G1 X138.785 Y144.712 E.11472
G1 X139.288 Y145.394 E.11474
G1 X139.862 Y145.922 E.1056
G1 X116.138 Y145.922 E3.21212
G1 X116.712 Y145.394 E.1056
G1 X117.215 Y144.712 E.11474
G1 X117.575 Y143.945 E.11472
G1 X117.778 Y143.122 E.11477
G1 X117.817 Y142.275 E.1148
G1 X117.778 Y141.878 E.05401
G1 X117.638 Y141.231 E.08963
G1 X117.403 Y140.64 E.08611
G1 X117.215 Y140.288 E.05403
G1 X116.922 Y139.852 E.07112
G1 X116.553 Y139.447 E.07418
G1 X116.086 Y139.035 E.08432
G1 X115.495 Y138.659 E.09484
G1 X114.945 Y138.425 E.08093
G1 X114.563 Y138.309 E.05405
G1 X113.75 Y138.183 E.11139
G1 X113.017 Y138.208 E.0993
G1 X112.485 Y138.301 E.07312
G1 X112.054 Y138.426 E.06076
G1 X111.288 Y138.785 E.11454
G1 X110.606 Y139.288 E.11474
G1 X110.078 Y139.862 E.1056
G1 X110.078 Y116.138 E3.21212
G1 X110.606 Y116.712 E.1056
G1 X111.288 Y117.215 E.11474
G1 X112.055 Y117.575 E.11472
G1 X112.878 Y117.778 E.11477
G1 X113.725 Y117.817 E.1148
G1 X114.122 Y117.778 E.05401
G1 X114.769 Y117.638 E.08963
G1 X115.36 Y117.403 E.08611
G1 X115.916 Y117.078 E.0872
G1 X116.394 Y116.712 E.08151
G1 X116.752 Y116.352 E.06874
G1 X117.078 Y115.916 E.07371
G1 X117.403 Y115.36 E.0872
G1 X117.638 Y114.769 E.08611
G1 X117.778 Y114.122 E.08963
G1 X117.817 Y113.725 E.05401
G1 X117.778 Y112.878 E.1148
G1 X117.575 Y112.055 E.11477
G1 X117.215 Y111.288 E.11472
G1 X116.712 Y110.606 E.11474
G1 X116.138 Y110.078 E.1056
G1 X139.862 Y110.078 E3.21212
G1 X139.288 Y110.606 E.1056
G1 X138.785 Y111.288 E.11474
G1 X138.425 Y112.055 E.11472
G1 X138.222 Y112.878 E.11477
G1 X138.183 Y113.725 E.1148
G1 X138.195 Y113.847 E.0166
M204 S8000
G1 X138.195 Y113.847 F18000
G1 X139.016 Y113.84
M204 S4000
G1 F900
G1 X138.997 Y113.275 E.07654
G1 X139.108 Y112.596 E.09315
G1 X139.349 Y111.952 E.0931
G1 X139.712 Y111.367 E.09322
G1 X140.182 Y110.864 E.09321
G1 X140.741 Y110.462 E.09322
;WIDTH:0.908406
G1 X141.364 Y110.174 E.09389
;WIDTH:0.915372
G1 X141.623 Y110.095 E.03735
G1 X142.159 Y110.026 E.07455
;WIDTH:0.868792
G1 X142.74 Y110.017 E.07566
;WIDTH:0.888935
G1 X143.403 Y110.113 E.08947
;WIDTH:0.9
G1 X144.048 Y110.349 E.09299
G1 X144.633 Y110.712 E.09322
G1 X145.136 Y111.182 E.09321
G1 X145.538 Y111.741 E.09322
G1 X145.822 Y112.367 E.09307
;WIDTH:0.899458
G1 X145.967 Y113.039 E.09302
;WIDTH:0.874578
G1 X145.983 Y113.725 E.09001
;WIDTH:0.888778
G1 X145.887 Y114.403 E.09144
;WIDTH:0.9
G1 X145.651 Y115.048 E.09299
G1 X145.288 Y115.633 E.09322
G1 X144.818 Y116.136 E.09321
G1 X144.259 Y116.538 E.09322
G1 X143.633 Y116.823 E.09313
G1 X142.963 Y116.98 E.09317
G1 X142.725 Y117.003 E.03237
G1 X142.149 Y116.997 E.07799
G1 X141.596 Y116.892 E.07621
G1 X140.952 Y116.651 E.0931
G1 X140.367 Y116.288 E.09322
G1 X139.864 Y115.818 E.09321
G1 X139.462 Y115.259 E.09322
G1 X139.177 Y114.633 E.09313
G1 X139.02 Y113.963 E.09317
G1 X139.02 Y113.96 E.00041
M204 S8000
G1 X139.02 Y113.96 F18000
G1 X139.817 Y113.722
M204 S3000
;TYPE:External perimeter
G1 F900
G1 X139.811 Y113.275 E.06053
G1 X139.906 Y112.755 E.07157
G1 X140.102 Y112.263 E.07171
G1 X140.389 Y111.819 E.07158
G1 X140.757 Y111.44 E.07152
G1 X141.193 Y111.139 E.07173
G1 X141.678 Y110.93 E.0715
G1 X142.296 Y110.812 E.08519
G1 X142.804 Y110.819 E.06879
G1 X143.321 Y110.93 E.07159
G1 X143.807 Y111.139 E.07163
G1 X144.243 Y111.44 E.07173
G1 X144.611 Y111.819 E.07152
G1 X144.898 Y112.263 E.07158
G1 X145.094 Y112.755 E.07171
G1 X145.189 Y113.275 E.07157
G1 X145.183 Y113.795 E.07041
G1 X145.07 Y114.321 E.07284
G1 X144.861 Y114.807 E.07163
G1 X144.56 Y115.243 E.07173
G1 X144.181 Y115.611 E.07152
G1 X143.737 Y115.898 E.07158
G1 X143.245 Y116.094 E.07171
G1 X142.725 Y116.189 E.07157
G1 X142.196 Y116.181 E.07163
G1 X141.679 Y116.07 E.07159
G1 X141.213 Y115.873 E.0685
G1 X140.795 Y115.594 E.06804
G1 X140.431 Y115.234 E.06932
G1 X140.139 Y114.807 E.07004
G1 X139.93 Y114.321 E.07163
G1 X139.826 Y113.841 E.0665
M204 S8000
G1 X139.869 Y113.042 F18000
G1 E-2 F2400
G1 X144.835 Y146.017 F18000
G1 E2 F2400
M204 S4000
;TYPE:Perimeter
;WIDTH:0.708936
G1 F900
G1 X145.032 Y145.886 E.02451
G1 X145.644 Y145.326 E.08596
G1 X146.017 Y144.835 E.06389
G1 X146.017 Y146.017 E.12248
G1 X144.955 Y146.017 E.11005
M204 S8000
G1 E-2 F2400
G1 X144.955 Y146.017 F18000
G1 X140.217 Y145.148
G1 E2 F2400
M204 S4000
;WIDTH:0.9
G1 F900
G1 X139.864 Y144.818 E.06543
G1 X139.462 Y144.259 E.09322
G1 X139.177 Y143.633 E.09313
G1 X139.02 Y142.963 E.09317
G1 X138.997 Y142.725 E.03237
G1 X139.003 Y142.149 E.07799
G1 X139.108 Y141.596 E.07621
G1 X139.349 Y140.952 E.0931
G1 X139.712 Y140.367 E.09322
G1 X140.182 Y139.864 E.09321
G1 X140.741 Y139.462 E.09322
G1 X141.366 Y139.178 E.09295
G1 X142.156 Y139.01 E.10935
G1 X142.74 Y138.997 E.07909
G1 X143.404 Y139.108 E.09115
G1 X144.048 Y139.349 E.0931
G1 X144.633 Y139.712 E.09322
G1 X145.136 Y140.182 E.09321
G1 X145.538 Y140.741 E.09322
G1 X145.822 Y141.367 E.09307
;WIDTH:0.899458
G1 X145.967 Y142.039 E.09302
;WIDTH:0.874578
G1 X145.983 Y142.725 E.09001
;WIDTH:0.888778
G1 X145.887 Y143.403 E.09144
;WIDTH:0.9
G1 X145.651 Y144.048 E.09299
G1 X145.288 Y144.633 E.09322
G1 X144.818 Y145.136 E.09321
G1 X144.259 Y145.538 E.09322
G1 X143.633 Y145.823 E.09313
G1 X142.96 Y145.966 E.09316
;WIDTH:0.87252
G1 X142.275 Y145.983 E.08964
;WIDTH:0.888931
G1 X141.597 Y145.887 E.09145
;WIDTH:0.9
G1 X140.952 Y145.651 E.09299
G1 X140.367 Y145.288 E.09322
G1 X140.304 Y145.23 E.01159
M204 S8000
G1 X140.304 Y145.23 F18000
G1 X140.723 Y144.525
M204 S3000
;TYPE:External perimeter
G1 F900
G1 X140.389 Y144.181 E.06492
G1 X140.102 Y143.737 E.07158
G1 X139.906 Y143.245 E.07171
G1 X139.811 Y142.725 E.07157
G1 X139.819 Y142.196 E.07163
G1 X139.93 Y141.679 E.07159
G1 X140.127 Y141.213 E.0685
G1 X140.406 Y140.795 E.06804
G1 X140.766 Y140.431 E.06932
G1 X141.193 Y140.139 E.07004
G1 X141.678 Y139.93 E.0715
G1 X142.296 Y139.812 E.08519
G1 X142.804 Y139.819 E.06879
G1 X143.321 Y139.93 E.07159
G1 X143.807 Y140.139 E.07163
G1 X144.243 Y140.44 E.07173
G1 X144.611 Y140.819 E.07152
G1 X144.898 Y141.263 E.07158
G1 X145.094 Y141.755 E.07171
G1 X145.189 Y142.275 E.07157
G1 X145.183 Y142.795 E.07041
G1 X145.07 Y143.321 E.07284
G1 X144.861 Y143.807 E.07163
G1 X144.56 Y144.243 E.07173
G1 X144.181 Y144.611 E.07152
G1 X143.737 Y144.898 E.07158
G1 X143.245 Y145.094 E.07171
G1 X142.725 Y145.189 E.07157
G1 X142.196 Y145.181 E.07163
G1 X141.679 Y145.07 E.07159
G1 X141.193 Y144.861 E.07163
G1 X140.816 Y144.601 E.06201
M204 S8000
G1 X140.29 Y143.998 F18000
G1 E-2 F2400
G1 X109.983 Y144.835 F18000
G1 E2 F2400
M204 S4000
;TYPE:Perimeter
;WIDTH:0.708936
G1 F900
G1 X110.114 Y145.032 E.02451
G1 X110.674 Y145.644 E.08596
G1 X111.165 Y146.017 E.06389
G1 X109.983 Y146.017 E.12248
G1 X109.983 Y144.955 E.11005
M204 S8000
G1 X109.983 Y144.955 F18000
G1 X110.411 Y144.148
M204 S4000
;WIDTH:0.9
G1 F900
G1 X110.177 Y143.633 E.07659
G1 X110.034 Y142.96 E.09316
;WIDTH:0.87252
G1 X110.017 Y142.275 E.08964
;WIDTH:0.888932
G1 X110.113 Y141.597 E.09145
;WIDTH:0.9
G1 X110.349 Y140.952 E.09299
G1 X110.712 Y140.367 E.09322
G1 X111.182 Y139.864 E.09321
G1 X111.741 Y139.462 E.09322
G1 X112.366 Y139.178 E.09295
G1 X113.156 Y139.01 E.10935
G1 X113.74 Y138.997 E.07909
G1 X114.404 Y139.108 E.09115
G1 X115.048 Y139.349 E.0931
G1 X115.705 Y139.764 E.10521
G1 X116.136 Y140.182 E.08129
G1 X116.538 Y140.741 E.09322
G1 X116.823 Y141.367 E.09313
G1 X116.98 Y142.037 E.09317
G1 X117.003 Y142.725 E.0932
G1 X116.892 Y143.404 E.09315
G1 X116.651 Y144.048 E.0931
G1 X116.288 Y144.633 E.09322
G1 X115.818 Y145.136 E.09321
G1 X115.259 Y145.538 E.09322
G1 X114.633 Y145.823 E.09313
G1 X113.96 Y145.966 E.09316
;WIDTH:0.87252
G1 X113.275 Y145.983 E.08964
;WIDTH:0.888931
G1 X112.597 Y145.887 E.09145
;WIDTH:0.9
G1 X111.952 Y145.651 E.09299
G1 X111.367 Y145.288 E.09322
G1 X110.864 Y144.818 E.09321
G1 X110.462 Y144.259 E.09322
G1 X110.461 Y144.257 E.0003
M204 S8000
G1 X110.461 Y144.257 F18000
G1 X111.184 Y143.872
M204 S3000
;TYPE:External perimeter
G1 F900
G1 X111.139 Y143.807 E.0107
G1 X110.93 Y143.321 E.07163
G1 X110.819 Y142.804 E.07159
G1 X110.811 Y142.275 E.07163
G1 X110.906 Y141.755 E.07157
G1 X111.102 Y141.263 E.07171
G1 X111.389 Y140.819 E.07158
G1 X111.757 Y140.44 E.07152
G1 X112.193 Y140.139 E.07173
G1 X112.678 Y139.93 E.0715
G1 X113.296 Y139.812 E.08519
G1 X113.804 Y139.819 E.06879
G1 X114.321 Y139.93 E.07159
G1 X114.787 Y140.127 E.0685
G1 X115.205 Y140.406 E.06804
G1 X115.569 Y140.766 E.06932
G1 X115.861 Y141.193 E.07004
G1 X116.07 Y141.679 E.07163
G1 X116.181 Y142.196 E.07159
G1 X116.189 Y142.725 E.07163
G1 X116.094 Y143.245 E.07157
G1 X115.898 Y143.737 E.07171
G1 X115.611 Y144.181 E.07158
G1 X115.243 Y144.56 E.07152
G1 X114.807 Y144.861 E.07173
G1 X114.321 Y145.07 E.07163
G1 X113.804 Y145.181 E.07159
G1 X113.275 Y145.189 E.07163
G1 X112.755 Y145.094 E.07157
G1 X112.263 Y144.898 E.07171
G1 X111.819 Y144.611 E.07158
G1 X111.44 Y144.243 E.07152
G1 X111.252 Y143.971 E.04477
M204 S8000
G1 X110.934 Y143.237 F18000
G1 E-2 F2400
G1 X109.983 Y111.165 F18000
G1 E2 F2400
M204 S4000
;TYPE:Perimeter
;WIDTH:0.708935
G1 F900
G1 X109.983 Y109.983 E.12248
G1 X111.165 Y109.983 E.12248
G1 X110.968 Y110.114 E.02451
G1 X110.356 Y110.674 E.08596
G1 X110.055 Y111.069 E.05146
M204 S8000
G1 E-2 F2400
G1 X110.055 Y111.069 F18000
G1 X111.848 Y116.586
G1 E2 F2400
M204 S4000
;WIDTH:0.9
G1 F900
G1 X111.367 Y116.288 E.07661
G1 X110.864 Y115.818 E.09321
G1 X110.462 Y115.259 E.09322
G1 X110.177 Y114.633 E.09313
G1 X110.034 Y113.96 E.09316
;WIDTH:0.87252
G1 X110.017 Y113.275 E.08964
;WIDTH:0.888932
G1 X110.113 Y112.597 E.09145
;WIDTH:0.9
G1 X110.349 Y111.952 E.09299
G1 X110.712 Y111.367 E.09322
G1 X111.182 Y110.864 E.09321
G1 X111.741 Y110.462 E.09322
;WIDTH:0.908406
G1 X112.364 Y110.174 E.09389
;WIDTH:0.915372
G1 X112.623 Y110.095 E.03735
G1 X113.159 Y110.026 E.07455
;WIDTH:0.868792
G1 X113.74 Y110.017 E.07566
;WIDTH:0.888935
G1 X114.403 Y110.113 E.08947
;WIDTH:0.9
G1 X115.048 Y110.349 E.09299
G1 X115.633 Y110.712 E.09322
G1 X116.136 Y111.182 E.09321
G1 X116.538 Y111.741 E.09322
G1 X116.823 Y112.367 E.09313
G1 X116.98 Y113.037 E.09317
G1 X117.003 Y113.725 E.0932
G1 X116.892 Y114.404 E.09315
G1 X116.651 Y115.048 E.0931
G1 X116.288 Y115.633 E.09322
G1 X115.818 Y116.136 E.09321
G1 X115.259 Y116.538 E.09322
G1 X114.633 Y116.823 E.09313
G1 X113.963 Y116.98 E.09317
G1 X113.275 Y117.003 E.0932
G1 X112.596 Y116.892 E.09315
G1 X111.952 Y116.651 E.0931
G1 X111.95 Y116.649 E.00038
M204 S8000
G1 X111.95 Y116.649 F18000
G1 X112.34 Y115.929
M204 S3000
;TYPE:External perimeter
G1 F900
G1 X112.263 Y115.898 E.01124
G1 X111.819 Y115.611 E.07158
G1 X111.44 Y115.243 E.07152
G1 X111.139 Y114.807 E.07173
G1 X110.93 Y114.321 E.07163
G1 X110.819 Y113.804 E.07159
G1 X110.811 Y113.275 E.07163
G1 X110.906 Y112.755 E.07157
G1 X111.102 Y112.263 E.07171
G1 X111.389 Y111.819 E.07158
G1 X111.757 Y111.44 E.07152
G1 X112.193 Y111.139 E.07173
G1 X112.678 Y110.93 E.0715
G1 X113.296 Y110.812 E.08519
G1 X113.804 Y110.819 E.06879
G1 X114.321 Y110.93 E.07159
G1 X114.807 Y111.139 E.07163
G1 X115.243 Y111.44 E.07173
G1 X115.611 Y111.819 E.07152
G1 X115.898 Y112.263 E.07158
G1 X116.094 Y112.755 E.07171
G1 X116.189 Y113.275 E.07157
G1 X116.181 Y113.804 E.07163
G1 X116.07 Y114.321 E.07159
G1 X115.873 Y114.787 E.0685
G1 X115.594 Y115.205 E.06804
G1 X115.234 Y115.569 E.06932
G1 X114.807 Y115.861 E.07004
G1 X114.321 Y116.07 E.07163
G1 X113.804 Y116.181 E.07159
G1 X113.275 Y116.189 E.07163
G1 X112.755 Y116.094 E.07157
G1 X112.452 Y115.973 E.04417
M204 S8000
G1 X111.779 Y115.541 F18000
G1 E-2 F2400
G1 X146.736 Y146.736 F18000
G1 E2 F2400
M204 S4000
;TYPE:Perimeter
G1 F3600
G1 X143.001 Y146.75 E.5057
;WIDTH:0.871207
G1 X142.275 Y146.756 E.09482
;WIDTH:0.888931
G1 X141.513 Y146.741 E.10179
;WIDTH:0.9
G1 X114.815 Y146.736 E3.61478
G1 X114.001 Y146.75 E.11023
;WIDTH:0.871207
G1 X113.275 Y146.756 E.09482
;WIDTH:0.888931
G1 X112.513 Y146.741 E.10179
;WIDTH:0.9
G1 X109.264 Y146.736 E.4399
G1 X109.25 Y143.001 E.5057
;WIDTH:0.871207
G1 X109.244 Y142.275 E.09482
;WIDTH:0.888932
G1 X109.259 Y141.513 E.10179
;WIDTH:0.9
G1 X109.264 Y114.815 E3.61478
G1 X109.25 Y114.001 E.11023
;WIDTH:0.871207
G1 X109.244 Y113.275 E.09482
;WIDTH:0.888932
G1 X109.259 Y112.513 E.10179
;WIDTH:0.9
G1 X109.264 Y109.264 E.4399
G1 X111.736 Y109.264 E.3347
;WIDTH:0.915595
G1 X112.549 Y109.272 E.11219
G1 X113.092 Y109.249 E.075
;WIDTH:0.868792
G1 X113.745 Y109.244 E.08503
;WIDTH:0.888935
G1 X114.487 Y109.259 E.09912
;WIDTH:0.9
G1 X140.736 Y109.264 E3.55399
;WIDTH:0.915595
G1 X141.549 Y109.272 E.11219
G1 X142.092 Y109.249 E.075
;WIDTH:0.868792
G1 X142.745 Y109.244 E.08503
;WIDTH:0.888935
G1 X143.487 Y109.259 E.09912
;WIDTH:0.9
G1 X146.736 Y109.264 E.4399
G1 X146.736 Y110.294 E.13946
G1 X146.741 Y112.513 E.30044
;WIDTH:0.888931
G1 X146.756 Y113.275 E.10179
;WIDTH:0.87252
G1 X146.75 Y114.037 E.09969
;WIDTH:0.9
G1 X146.736 Y114.815 E.10535
G1 X146.741 Y141.513 E3.61478
;WIDTH:0.888931
G1 X146.756 Y142.275 E.10179
;WIDTH:0.87252
G1 X146.75 Y143.037 E.09969
;WIDTH:0.9
G1 X146.736 Y146.616 E.48458
M204 S8000
G1 X146.736 Y146.616 F18000
G1 X147.55 Y147.55
M204 S3000
;TYPE:External perimeter
G1 F2400
G1 X108.45 Y147.55 E5.29395
G1 X108.45 Y108.45 E5.29395
G1 X147.55 Y108.45 E5.29395
G1 X147.55 Y110.294 E.24967
G1 X147.55 Y147.43 E5.02804
M204 S8000
G1 X146.759 Y147.549 F18000
G1 E-2 F2400
G1 X145.311 Y136.819 F18000
G1 E2 F2400
;TYPE:Internal infill
;WIDTH:0.9
G1 F4200
G1 X145.311 Y131.934 E.66141
G1 X144.597 Y132.569 E.12937
G1 X143.724 Y133.043 E.1345
G1 X142.85 Y133.246 E.12149
G1 X141.977 Y133.251 E.1182
G1 X141.103 Y133.08 E.12058
G1 X140.23 Y132.702 E.1288
G1 X139.356 Y132.058 E.14699
G1 X137.609 Y130.419 E.32434
G1 X136.736 Y129.945 E.1345
G1 X135.862 Y129.742 E.12149
G1 X134.988 Y129.737 E.11834
G1 X134.115 Y129.908 E.12045
G1 X133.241 Y130.286 E.12893
G1 X132.368 Y130.93 E.14688
G1 X130.621 Y132.569 E.32434
G1 X129.747 Y133.043 E.13462
G1 X128.874 Y133.246 E.12135
G1 X128 Y133.251 E.11834
G1 X127.126 Y133.08 E.12058
G1 X126.253 Y132.702 E.1288
G1 X125.379 Y132.058 E.14699
G1 X123.632 Y130.419 E.32434
G1 X122.759 Y129.945 E.1345
G1 X121.885 Y129.742 E.12149
G1 X121.012 Y129.737 E.1182
G1 X120.138 Y129.908 E.12058
G1 X119.265 Y130.286 E.1288
G1 X118.391 Y130.93 E.14699
G1 X116.644 Y132.569 E.32434
G1 X115.77 Y133.043 E.13462
G1 X114.897 Y133.246 E.12135
G1 X114.023 Y133.251 E.11834
G1 X113.15 Y133.08 E.12045
G1 X112.276 Y132.702 E.12893
G1 X111.403 Y132.058 E.14688
G1 X110.689 Y131.355 E.13567
G1 X110.689 Y124.945 E.86788
G1 X111.403 Y125.581 E.12946
G1 X112.276 Y126.055 E.1345
G1 X113.15 Y126.258 E.12149
G1 X114.023 Y126.263 E.1182
G1 X114.897 Y126.092 E.12058
G1 X115.77 Y125.714 E.1288
G1 X116.644 Y125.07 E.14699
G1 X118.391 Y123.431 E.32434
G1 X119.265 Y122.957 E.13462
G1 X120.138 Y122.754 E.12135
G1 X121.012 Y122.749 E.11834
G1 X121.885 Y122.92 E.12045
G1 X122.759 Y123.298 E.12893
G1 X123.632 Y123.942 E.14688
G1 X125.379 Y125.581 E.32434
G1 X126.253 Y126.055 E.13462
G1 X127.126 Y126.258 E.12135
G1 X128 Y126.263 E.11834
G1 X128.874 Y126.092 E.12058
G1 X129.747 Y125.714 E.1288
G1 X130.621 Y125.07 E.14699
G1 X132.368 Y123.431 E.32434
G1 X133.241 Y122.957 E.1345
G1 X134.115 Y122.754 E.12149
G1 X134.988 Y122.749 E.1182
G1 X135.862 Y122.92 E.12058
G1 X136.736 Y123.298 E.12893
G1 X137.609 Y123.942 E.14688
G1 X139.356 Y125.581 E.32434
G1 X140.23 Y126.055 E.13462
G1 X141.103 Y126.258 E.12135
G1 X141.977 Y126.263 E.11834
G1 X142.85 Y126.092 E.12045
G1 X143.724 Y125.714 E.12893
G1 X144.597 Y125.07 E.14688
G1 X145.311 Y124.367 E.13567
G1 X145.311 Y117.957 E.86788
G1 X144.597 Y118.593 E.12946
G1 X143.724 Y119.066 E.13443
G1 X142.85 Y119.269 E.12149
G1 X141.977 Y119.274 E.1182
G1 X141.103 Y119.103 E.12058
G1 X140.23 Y118.725 E.1288
G1 X139.356 Y118.081 E.14699
G1 X137.609 Y116.442 E.32434
G1 X136.736 Y115.969 E.13443
G1 X135.862 Y115.766 E.12149
G1 X134.988 Y115.761 E.11834
G1 X134.115 Y115.931 E.12042
G1 X133.241 Y116.31 E.12898
G1 X132.368 Y116.953 E.1468
G1 X130.621 Y118.593 E.32443
G1 X129.747 Y119.066 E.13455
G1 X128.874 Y119.269 E.12135
G1 X128 Y119.274 E.11834
G1 X127.126 Y119.103 E.12058
G1 X126.253 Y118.725 E.1288
G1 X125.379 Y118.081 E.14699
G1 X123.632 Y116.442 E.32434
G1 X122.759 Y115.969 E.13443
G1 X121.885 Y115.766 E.12149
G1 X121.012 Y115.761 E.1182
G1 X120.138 Y115.931 E.12055
G1 X119.265 Y116.31 E.12886
G1 X118.391 Y116.953 E.14691
G1 X116.644 Y118.593 E.32443
G1 X115.77 Y119.066 E.13455
G1 X114.897 Y119.269 E.12135
G1 X114.023 Y119.274 E.11834
G1 X113.15 Y119.103 E.12045
G1 X112.276 Y118.725 E.12893
G1 X111.403 Y118.081 E.14688
G1 X111.147 Y117.829 E.04864
G1 X110.689 Y117.549 E.07268
G1 X110.689 Y121.896 E.58856
G1 E-2 F2400
G1 X110.689 Y121.896 F18000
G1 X119.482 Y110.689
G1 E2 F2400
G1 F4200
G1 X124.367 Y110.689 E.66141
G1 X125.379 Y111.604 E.18472
G1 X126.253 Y112.078 E.13462
G1 X127.126 Y112.281 E.12135
G1 X128 Y112.286 E.11834
G1 X128.874 Y112.115 E.12058
G1 X129.747 Y111.737 E.1288
G1 X130.621 Y111.093 E.14699
G1 X131.031 Y110.689 E.07793
G1 X135.916 Y110.689 E.66141
G1 E-2 F2400
G1 X135.916 Y110.689 F18000
G1 X118.224 Y141.06
G1 E2 F2400
G1 F4200
G1 X118.415 Y142.003 E.13027
G1 X118.379 Y143.231 E.16634
G1 X118.143 Y144.169 E.13096
G1 X117.963 Y144.603 E.06362
G1 X117.549 Y145.311 E.11105
G1 X117.981 Y145.311 E.05849
G1 X118.391 Y144.907 E.07793
G1 X119.265 Y144.263 E.14699
G1 X120.138 Y143.885 E.1288
G1 X121.012 Y143.714 E.12058
G1 X121.885 Y143.719 E.1182
G1 X122.759 Y143.922 E.12149
G1 X123.632 Y144.396 E.1345
G1 X124.645 Y145.311 E.18482
G1 X131.958 Y145.311 E.99015
G1 X132.368 Y144.907 E.07793
G1 X133.241 Y144.263 E.14688
G1 X134.115 Y143.885 E.12893
G1 X134.988 Y143.714 E.12045
G1 X135.862 Y143.719 E.11834
G1 X136.736 Y143.922 E.12149
G1 X137.609 Y144.396 E.1345
G1 X138.215 Y144.935 E.10981
G1 X137.857 Y144.169 E.11448
G1 X137.712 Y143.692 E.0675
G1 X137.572 Y142.735 E.13095
G1 X137.586 Y141.999 E.09967
G1 X137.712 Y141.31 E.09483
G1 X138.036 Y140.4 E.13079
G1 X138.586 Y139.491 E.14385
G1 X138.889 Y139.142 E.06258
G1 X137.609 Y137.919 E.2397
G1 X136.736 Y137.275 E.14688
G1 X135.862 Y136.897 E.12893
G1 X134.988 Y136.726 E.12058
G1 X134.115 Y136.731 E.1182
G1 X133.241 Y136.934 E.12149
G1 X132.368 Y137.407 E.13443
G1 X130.621 Y139.047 E.32443
G1 X129.747 Y139.69 E.14691
G1 X128.874 Y140.069 E.12886
G1 X128 Y140.239 E.12055
G1 X127.126 Y140.234 E.11834
G1 X126.253 Y140.031 E.12135
G1 X125.379 Y139.558 E.13455
G1 X123.632 Y137.919 E.32434
G1 X122.759 Y137.275 E.14688
G1 X121.885 Y136.897 E.12893
G1 X121.012 Y136.726 E.12045
G1 X120.138 Y136.731 E.11834
G1 X119.265 Y136.934 E.12135
G1 X118.391 Y137.407 E.13455
G1 X116.831 Y138.862 E.28883
G1 X115.919 Y138.194 E.15306
G1 X114.687 Y137.711 E.17917
G1 X114.232 Y137.621 E.0628
G1 X113.388 Y137.568 E.1145
G1 X112.286 Y137.725 E.15071
;LAYER_CHANGE
;Z:3.6
;HEIGHT:0.4
G1 Z3.6 F18000
G1 E-2 F2400
G1 Z3.6 F18000
G1 X144.835 Y109.983
G1 Z3.6
G1 E2 F2400
M204 S4000
;TYPE:Perimeter
;WIDTH:0.708935
G1 F900
G1 X146.017 Y109.983 E.12248
G1 X146.017 Y110.294 E.03223
G1 X146.017 Y111.165 E.09025
G1 X145.886 Y110.968 E.02451
G1 X145.326 Y110.356 E.08596
G1 X144.931 Y110.055 E.05146
M204 S8000
G1 E-2 F2400
G1 X144.931 Y110.055 F18000
G1 X138.206 Y113.966
G1 E2 F2400
M204 S4000
;WIDTH:0.9
G1 F3600
G1 X138.222 Y114.122 E.02123
G1 X138.362 Y114.769 E.08963
G1 X138.597 Y115.36 E.08611
G1 X138.922 Y115.916 E.0872
G1 X139.288 Y116.394 E.08151
G1 X139.648 Y116.752 E.06874
G1 X140.084 Y117.078 E.07371
G1 X140.64 Y117.403 E.0872
G1 X141.231 Y117.638 E.08611
G1 X141.878 Y117.778 E.08963
G1 X142.275 Y117.817 E.05401
G1 X143.122 Y117.778 E.1148
G1 X143.945 Y117.575 E.11477
G1 X144.712 Y117.215 E.11472
G1 X145.394 Y116.712 E.11474
G1 X145.922 Y116.138 E.1056
G1 X145.922 Y139.862 E3.21212
G1 X145.712 Y139.606 E.04483
G1 X145.086 Y139.035 E.11472
G1 X144.36 Y138.597 E.1148
G1 X143.563 Y138.309 E.11474
G1 X142.744 Y138.183 E.11219
G1 X141.991 Y138.211 E.10202
G1 X141.247 Y138.357 E.10266
G1 X140.64 Y138.597 E.08838
G1 X140.084 Y138.922 E.0872
G1 X139.606 Y139.288 E.08151
G1 X139.248 Y139.648 E.06874
G1 X138.922 Y140.084 E.07371
G1 X138.597 Y140.64 E.0872
G1 X138.362 Y141.231 E.08611
G1 X138.222 Y141.878 E.08963
G1 X138.183 Y142.275 E.05401
G1 X138.222 Y143.122 E.1148
G1 X138.425 Y143.945 E.11477
G1 X138.785 Y144.712 E.11472
G1 X139.288 Y145.394 E.11474
G1 X139.862 Y145.922 E.1056
G1 X116.138 Y145.922 E3.21212
G1 X116.712 Y145.394 E.1056
G1 X117.215 Y144.712 E.11474
G1 X117.575 Y143.945 E.11472
G1 X117.778 Y143.122 E.11477
G1 X117.817 Y142.275 E.1148
G1 X117.778 Y141.878 E.05401
G1 X117.638 Y141.231 E.08963
G1 X117.403 Y140.64 E.08611
G1 X117.215 Y140.288 E.05403
G1 X116.922 Y139.852 E.07112
G1 X116.553 Y139.447 E.07418
G1 X116.086 Y139.035 E.08432
G1 X115.495 Y138.659 E.09484
G1 X114.945 Y138.425 E.08093
G1 X114.563 Y138.309 E.05405
G1 X113.744 Y138.183 E.11219
G1 X112.991 Y138.211 E.10202
G1 X112.476 Y138.302 E.07081
G1 X112.054 Y138.426 E.05955
G1 X111.288 Y138.785 E.11454
G1 X110.606 Y139.288 E.11474
G1 X110.078 Y139.862 E.1056
G1 X110.078 Y116.138 E3.21212
G1 X110.606 Y116.712 E.1056
G1 X111.288 Y117.215 E.11474
G1 X112.055 Y117.575 E.11472
G1 X112.878 Y117.778 E.11477
G1 X113.725 Y117.817 E.1148
G1 X114.122 Y117.778 E.05401
G1 X114.769 Y117.638 E.08963
G1 X115.36 Y117.403 E.08611
G1 X115.916 Y117.078 E.0872
G1 X116.394 Y116.712 E.08151
G1 X116.752 Y116.353 E.06864
G1 X117.078 Y115.916 E.07382
G1 X117.403 Y115.36 E.0872
G1 X117.638 Y114.769 E.08611
G1 X117.778 Y114.122 E.08963
G1 X117.817 Y113.725 E.05401
G1 X117.778 Y112.878 E.1148
G1 X117.575 Y112.055 E.11477
G1 X117.215 Y111.288 E.11472
G1 X116.712 Y110.606 E.11474
G1 X116.138 Y110.078 E.1056
G1 X139.862 Y110.078 E3.21212
G1 X139.288 Y110.606 E.1056
G1 X138.785 Y111.288 E.11474
G1 X138.425 Y112.055 E.11472
G1 X138.222 Y112.878 E.11477
G1 X138.183 Y113.725 E.1148
G1 X138.195 Y113.847 E.0166
M204 S8000
G1 X138.195 Y113.847 F18000
G1 X139.016 Y113.84
M204 S4000
G1 F900
G1 X138.997 Y113.275 E.07654
G1 X139.108 Y112.596 E.09315
G1 X139.349 Y111.952 E.0931
G1 X139.712 Y111.367 E.09322
G1 X140.182 Y110.864 E.09321
G1 X140.741 Y110.462 E.09322
G1 X141.366 Y110.178 E.09295
G1 X142.136 Y110.027 E.10624
;WIDTH:0.869816
G1 X142.736 Y110.017 E.07824
;WIDTH:0.888934
G1 X143.403 Y110.113 E.09
;WIDTH:0.9
G1 X144.048 Y110.349 E.09299
G1 X144.633 Y110.712 E.09322
G1 X145.136 Y111.182 E.09321
G1 X145.538 Y111.741 E.09322
G1 X145.822 Y112.367 E.09307
;WIDTH:0.899458
G1 X145.967 Y113.039 E.09302
;WIDTH:0.874578
G1 X145.983 Y113.725 E.09001
;WIDTH:0.888778
G1 X145.887 Y114.403 E.09144
;WIDTH:0.9
G1 X145.651 Y115.048 E.09299
G1 X145.288 Y115.633 E.09322
G1 X144.818 Y116.136 E.09321
G1 X144.259 Y116.538 E.09322
G1 X143.633 Y116.823 E.09313
G1 X142.963 Y116.98 E.09317
G1 X142.275 Y117.003 E.0932
G1 X141.596 Y116.892 E.09315
G1 X140.952 Y116.651 E.0931
G1 X140.367 Y116.288 E.09322
G1 X139.864 Y115.818 E.09321
G1 X139.462 Y115.259 E.09322
G1 X139.177 Y114.633 E.09313
G1 X139.02 Y113.963 E.09317
G1 X139.02 Y113.96 E.00041
M204 S8000
G1 X139.02 Y113.96 F18000
G1 X139.818 Y113.752
M204 S3000
;TYPE:External perimeter
G1 F900
G1 X139.811 Y113.275 E.06459
G1 X139.906 Y112.755 E.07157
G1 X140.102 Y112.263 E.07171
G1 X140.389 Y111.819 E.07158
G1 X140.757 Y111.44 E.07152
G1 X141.193 Y111.139 E.07173
G1 X141.678 Y110.93 E.0715
G1 X142.276 Y110.814 E.08248
G1 X142.804 Y110.819 E.07149
G1 X143.321 Y110.93 E.07159
G1 X143.807 Y111.139 E.07163
G1 X144.243 Y111.44 E.07173
G1 X144.611 Y111.819 E.07152
G1 X144.898 Y112.263 E.07158
G1 X145.094 Y112.755 E.07171
G1 X145.189 Y113.275 E.07157
G1 X145.183 Y113.795 E.07041
G1 X145.07 Y114.321 E.07284
G1 X144.861 Y114.807 E.07163
G1 X144.56 Y115.243 E.07173
G1 X144.181 Y115.611 E.07152
G1 X143.737 Y115.898 E.07158
G1 X143.245 Y116.094 E.07171
G1 X142.725 Y116.189 E.07157
G1 X142.275 Y116.189 E.06093
G1 X141.755 Y116.094 E.07157
G1 X141.263 Y115.898 E.07171
G1 X140.819 Y115.611 E.07158
G1 X140.44 Y115.243 E.07152
G1 X140.139 Y114.807 E.07173
G1 X139.93 Y114.321 E.07163
G1 X139.833 Y113.87 E.06246
M204 S8000
G1 X139.865 Y113.071 F18000
G1 E-2 F2400
G1 X144.835 Y146.017 F18000
G1 E2 F2400
M204 S4000
;TYPE:Perimeter
;WIDTH:0.708936
G1 F900
G1 X145.032 Y145.886 E.02451
G1 X145.644 Y145.326 E.08596
G1 X146.017 Y144.835 E.06389
G1 X146.017 Y146.017 E.12248
G1 X144.955 Y146.017 E.11005
M204 S8000
G1 E-2 F2400
G1 X144.955 Y146.017 F18000
G1 X140.217 Y145.148
G1 E2 F2400
M204 S4000
;WIDTH:0.9
G1 F900
G1 X139.864 Y144.818 E.06543
G1 X139.462 Y144.259 E.09322
G1 X139.177 Y143.633 E.09313
G1 X139.02 Y142.963 E.09317
G1 X138.997 Y142.275 E.0932
G1 X139.108 Y141.596 E.09315
G1 X139.349 Y140.952 E.0931
G1 X139.712 Y140.367 E.09322
G1 X140.182 Y139.864 E.09321
G1 X140.741 Y139.462 E.09322
G1 X141.366 Y139.178 E.09295
G1 X142.133 Y139.012 E.10625
G1 X142.736 Y138.997 E.08167
G1 X143.404 Y139.108 E.09168
G1 X144.048 Y139.349 E.0931
G1 X144.633 Y139.712 E.09322
G1 X145.136 Y140.182 E.09321
G1 X145.538 Y140.741 E.09322
G1 X145.822 Y141.367 E.09307
;WIDTH:0.899458
G1 X145.967 Y142.039 E.09302
;WIDTH:0.874578
G1 X145.983 Y142.725 E.09001
;WIDTH:0.888778
G1 X145.887 Y143.403 E.09144
;WIDTH:0.9
G1 X145.651 Y144.048 E.09299
G1 X145.288 Y144.633 E.09322
G1 X144.818 Y145.136 E.09321
G1 X144.259 Y145.538 E.09322
G1 X143.633 Y145.823 E.09313
G1 X142.96 Y145.966 E.09316
;WIDTH:0.87252
G1 X142.275 Y145.983 E.08964
;WIDTH:0.888931
G1 X141.597 Y145.887 E.09145
;WIDTH:0.9
G1 X140.952 Y145.651 E.09299
G1 X140.367 Y145.288 E.09322
G1 X140.304 Y145.23 E.01159
M204 S8000
G1 X140.304 Y145.23 F18000
G1 X140.745 Y144.547
M204 S3000
;TYPE:External perimeter
G1 F900
G1 X140.389 Y144.181 E.06913
G1 X140.102 Y143.737 E.07158
G1 X139.906 Y143.245 E.07171
G1 X139.811 Y142.725 E.07157
G1 X139.811 Y142.275 E.06093
G1 X139.906 Y141.755 E.07157
G1 X140.102 Y141.263 E.07171
G1 X140.389 Y140.819 E.07158
G1 X140.757 Y140.44 E.07152
G1 X141.193 Y140.139 E.07173
G1 X141.678 Y139.93 E.0715
G1 X142.276 Y139.814 E.08248
G1 X142.804 Y139.819 E.07149
G1 X143.321 Y139.93 E.07159
G1 X143.807 Y140.139 E.07163
G1 X144.243 Y140.44 E.07173
G1 X144.611 Y140.819 E.07152
G1 X144.898 Y141.263 E.07158
G1 X145.094 Y141.755 E.07171
G1 X145.189 Y142.275 E.07157
G1 X145.183 Y142.795 E.07041
G1 X145.07 Y143.321 E.07284
G1 X144.861 Y143.807 E.07163
G1 X144.56 Y144.243 E.07173
G1 X144.181 Y144.611 E.07152
G1 X143.737 Y144.898 E.07158
G1 X143.245 Y145.094 E.07171
G1 X142.725 Y145.189 E.07157
G1 X142.196 Y145.181 E.07163
G1 X141.679 Y145.07 E.07159
G1 X141.193 Y144.861 E.07163
G1 X140.841 Y144.618 E.05791
M204 S8000
G1 X140.307 Y144.022 F18000
G1 E-2 F2400
G1 X109.983 Y144.835 F18000
G1 E2 F2400
M204 S4000
;TYPE:Perimeter
;WIDTH:0.708936
G1 F900
G1 X110.114 Y145.032 E.02451
G1 X110.674 Y145.644 E.08596
G1 X111.165 Y146.017 E.06389
G1 X109.983 Y146.017 E.12248
G1 X109.983 Y144.955 E.11005
M204 S8000
G1 X109.983 Y144.955 F18000
G1 X110.412 Y144.148
M204 S4000
;WIDTH:0.9
G1 F900
G1 X110.177 Y143.633 E.07664
G1 X110.034 Y142.96 E.09316
;WIDTH:0.87252
G1 X110.017 Y142.275 E.08964
;WIDTH:0.888932
G1 X110.113 Y141.597 E.09145
;WIDTH:0.9
G1 X110.349 Y140.952 E.09299
G1 X110.712 Y140.367 E.09322
G1 X111.182 Y139.864 E.09321
G1 X111.741 Y139.462 E.09322
G1 X112.366 Y139.178 E.09295
G1 X113.133 Y139.012 E.10625
G1 X113.736 Y138.997 E.08167
G1 X114.404 Y139.108 E.09168
G1 X115.048 Y139.349 E.0931
G1 X115.633 Y139.712 E.09322
G1 X116.21 Y140.263 E.10802
G1 X116.538 Y140.741 E.07849
G1 X116.823 Y141.367 E.09313
G1 X116.98 Y142.037 E.09317
G1 X117.003 Y142.725 E.0932
G1 X116.892 Y143.404 E.09315
G1 X116.651 Y144.048 E.0931
G1 X116.288 Y144.633 E.09322
G1 X115.818 Y145.136 E.09321
G1 X115.259 Y145.538 E.09322
G1 X114.633 Y145.823 E.09313
G1 X113.96 Y145.966 E.09316
;WIDTH:0.87252
G1 X113.275 Y145.983 E.08964
;WIDTH:0.888931
G1 X112.597 Y145.887 E.09145
;WIDTH:0.9
G1 X111.952 Y145.651 E.09299
G1 X111.367 Y145.288 E.09322
G1 X110.864 Y144.818 E.09321
G1 X110.462 Y144.259 E.09322
G1 X110.461 Y144.257 E.0003
M204 S8000
G1 X110.461 Y144.257 F18000
G1 X111.168 Y143.849
M204 S3000
;TYPE:External perimeter
G1 F900
G1 X111.139 Y143.807 E.00691
G1 X110.93 Y143.321 E.07163
G1 X110.819 Y142.804 E.07159
G1 X110.811 Y142.275 E.07163
G1 X110.906 Y141.755 E.07157
G1 X111.102 Y141.263 E.07171
G1 X111.389 Y140.819 E.07158
G1 X111.757 Y140.44 E.07152
G1 X112.193 Y140.139 E.07173
G1 X112.678 Y139.93 E.0715
G1 X113.276 Y139.814 E.08248
G1 X113.804 Y139.819 E.07149
G1 X114.321 Y139.93 E.07159
G1 X114.787 Y140.127 E.0685
G1 X115.205 Y140.406 E.06804
G1 X115.585 Y140.785 E.07267
G1 X115.873 Y141.213 E.06985
G1 X116.07 Y141.679 E.0685
G1 X116.181 Y142.196 E.07159
G1 X116.189 Y142.725 E.07163
G1 X116.094 Y143.245 E.07157
G1 X115.898 Y143.737 E.07171
G1 X115.611 Y144.181 E.07158
G1 X115.243 Y144.56 E.07152
G1 X114.807 Y144.861 E.07173
G1 X114.321 Y145.07 E.07163
G1 X113.804 Y145.181 E.07159
G1 X113.275 Y145.189 E.07163
G1 X112.755 Y145.094 E.07157
G1 X112.263 Y144.898 E.07171
G1 X111.819 Y144.611 E.07158
G1 X111.44 Y144.243 E.07152
G1 X111.236 Y143.948 E.04856
M204 S8000
G1 X110.927 Y143.211 F18000
G1 E-2 F2400
G1 X109.983 Y111.165 F18000
G1 E2 F2400
M204 S4000
;TYPE:Perimeter
;WIDTH:0.708936
G1 F900
G1 X109.983 Y109.983 E.12248
G1 X111.165 Y109.983 E.12248
G1 X110.968 Y110.114 E.02451
G1 X110.356 Y110.674 E.08596
G1 X110.055 Y111.069 E.05146
M204 S8000
G1 E-2 F2400
G1 X110.055 Y111.069 F18000
G1 X111.848 Y116.586
G1 E2 F2400
M204 S4000
;WIDTH:0.9
G1 F900
G1 X111.367 Y116.288 E.07661
G1 X110.864 Y115.818 E.09321
G1 X110.462 Y115.259 E.09322
G1 X110.177 Y114.633 E.09313
G1 X110.034 Y113.96 E.09316
;WIDTH:0.87252
G1 X110.017 Y113.275 E.08964
;WIDTH:0.888932
G1 X110.113 Y112.597 E.09145
;WIDTH:0.9
G1 X110.349 Y111.952 E.09299
G1 X110.712 Y111.367 E.09322
G1 X111.182 Y110.864 E.09321
G1 X111.741 Y110.462 E.09322
G1 X112.366 Y110.178 E.09295
G1 X113.136 Y110.027 E.10624
;WIDTH:0.869816
G1 X113.736 Y110.017 E.07824
;WIDTH:0.888934
G1 X114.403 Y110.113 E.09
;WIDTH:0.9
G1 X115.048 Y110.349 E.09299
G1 X115.633 Y110.712 E.09322
G1 X116.136 Y111.182 E.09321
G1 X116.538 Y111.741 E.09322
G1 X116.823 Y112.367 E.09313
G1 X116.98 Y113.037 E.09317
G1 X117.003 Y113.725 E.0932
G1 X116.892 Y114.404 E.09315
G1 X116.651 Y115.048 E.0931
G1 X116.288 Y115.633 E.09322
G1 X115.818 Y116.136 E.09321
G1 X115.259 Y116.538 E.09322
G1 X114.633 Y116.823 E.09313
G1 X113.963 Y116.98 E.09317
G1 X113.275 Y117.003 E.0932
G1 X112.596 Y116.892 E.09315
G1 X111.952 Y116.651 E.0931
G1 X111.95 Y116.649 E.00038
M204 S8000
G1 X111.95 Y116.649 F18000
G1 X112.312 Y115.918
M204 S3000
;TYPE:External perimeter
G1 F900
G1 X112.263 Y115.898 E.00717
G1 X111.819 Y115.611 E.07158
G1 X111.44 Y115.243 E.07152
G1 X111.139 Y114.807 E.07173
G1 X110.93 Y114.321 E.07163
G1 X110.819 Y113.804 E.07159
G1 X110.811 Y113.275 E.07163
G1 X110.906 Y112.755 E.07157
G1 X111.102 Y112.263 E.07171
G1 X111.389 Y111.819 E.07158
G1 X111.757 Y111.44 E.07152
G1 X112.193 Y111.139 E.07173
G1 X112.678 Y110.93 E.0715
G1 X113.276 Y110.814 E.08248
G1 X113.804 Y110.819 E.07149
G1 X114.321 Y110.93 E.07159
G1 X114.807 Y111.139 E.07163
G1 X115.243 Y111.44 E.07173
G1 X115.611 Y111.819 E.07152
G1 X115.898 Y112.263 E.07158
G1 X116.094 Y112.755 E.07171
G1 X116.189 Y113.275 E.07157
G1 X116.181 Y113.804 E.07163
G1 X116.07 Y114.321 E.07159
G1 X115.873 Y114.787 E.0685
G1 X115.594 Y115.205 E.06804
G1 X115.234 Y115.569 E.06932
G1 X114.807 Y115.861 E.07004
G1 X114.321 Y116.07 E.07163
G1 X113.804 Y116.181 E.07159
G1 X113.275 Y116.189 E.07163
G1 X112.755 Y116.094 E.07157
G1 X112.423 Y115.962 E.04837
M204 S8000
G1 X111.756 Y115.521 F18000
G1 E-2 F2400
G1 X146.736 Y146.736 F18000
G1 E2 F2400
M204 S4000
;TYPE:Perimeter
G1 F3600
G1 X143.001 Y146.75 E.5057
;WIDTH:0.871207
G1 X142.275 Y146.756 E.09482
;WIDTH:0.888931
G1 X141.513 Y146.741 E.10179
;WIDTH:0.9
G1 X114.815 Y146.736 E3.61478
G1 X114.001 Y146.75 E.11023
;WIDTH:0.871207
G1 X113.275 Y146.756 E.09482
;WIDTH:0.888931
G1 X112.513 Y146.741 E.10179
;WIDTH:0.9
G1 X109.264 Y146.736 E.4399
G1 X109.25 Y143.001 E.5057
;WIDTH:0.871207
G1 X109.244 Y142.275 E.09482
;WIDTH:0.888932
G1 X109.259 Y141.513 E.10179
;WIDTH:0.9
G1 X109.264 Y114.815 E3.61478
G1 X109.25 Y114.001 E.11023
;WIDTH:0.871207
G1 X109.244 Y113.275 E.09482
;WIDTH:0.888932
G1 X109.259 Y112.513 E.10179
;WIDTH:0.9
G1 X109.264 Y109.264 E.4399
G1 X112.545 Y109.259 E.44423
;WIDTH:0.889599
G1 X113.072 Y109.249 E.07045
;WIDTH:0.869449
G1 X113.74 Y109.244 E.08705
;WIDTH:0.888934
G1 X114.487 Y109.259 E.09979
;WIDTH:0.9
G1 X141.545 Y109.259 E3.66352
;WIDTH:0.889599
G1 X142.072 Y109.249 E.07045
;WIDTH:0.869449
G1 X142.74 Y109.244 E.08705
;WIDTH:0.888934
G1 X143.487 Y109.259 E.09979
;WIDTH:0.9
G1 X146.736 Y109.264 E.4399
G1 X146.736 Y110.294 E.13946
G1 X146.741 Y112.513 E.30044
;WIDTH:0.888931
G1 X146.756 Y113.275 E.10179
;WIDTH:0.87252
G1 X146.75 Y114.037 E.09969
;WIDTH:0.9
G1 X146.736 Y114.815 E.10535
G1 X146.741 Y141.513 E3.61478
;WIDTH:0.888931
G1 X146.756 Y142.275 E.10179
;WIDTH:0.87252
G1 X146.75 Y143.037 E.09969
;WIDTH:0.9
G1 X146.736 Y146.616 E.48458
M204 S8000
G1 X146.736 Y146.616 F18000
G1 X147.55 Y147.55
M204 S3000
;TYPE:External perimeter
G1 F2400
G1 X108.45 Y147.55 E5.29395
G1 X108.45 Y108.45 E5.29395
G1 X147.55 Y108.45 E5.29395
G1 X147.55 Y110.294 E.24967
G1 X147.55 Y147.43 E5.02804
M204 S8000
G1 X146.759 Y147.549 F18000
G1 E-2 F2400
G1 X122.461 Y145.311 F18000
G1 E2 F2400
;TYPE:Internal infill
;WIDTH:0.9
G1 F4200
G1 X117.576 Y145.311 E.66141
G1 X118.391 Y144.566 E.1495
G1 X119.265 Y144.04 E.13811
G1 X120.138 Y143.781 E.12329
G1 X121.012 Y143.723 E.1186
G1 X121.885 Y143.84 E.11926
G1 X122.759 Y144.162 E.12611
G1 X123.632 Y144.749 E.14244
G1 X124.225 Y145.311 E.11062
G1 X131.553 Y145.311 E.99218
G1 X132.368 Y144.566 E.1495
G1 X133.241 Y144.04 E.138
G1 X134.115 Y143.781 E.12342
G1 X134.988 Y143.723 E.11846
G1 X135.862 Y143.84 E.11939
G1 X136.736 Y144.162 E.12611
G1 X137.609 Y144.749 E.14244
G1 X138.202 Y145.311 E.11062
G1 X138.451 Y145.311 E.03371
G1 X138.037 Y144.603 E.11105
G1 X137.712 Y143.692 E.13096
G1 X137.572 Y142.733 E.13122
G1 X137.585 Y142.003 E.09885
G1 X137.779 Y141.046 E.13221
G1 X138.112 Y140.233 E.11895
G1 X138.642 Y139.416 E.13186
G1 X139.086 Y138.949 E.08725
G1 X137.609 Y137.577 E.27295
G1 X136.736 Y137.051 E.138
G1 X135.862 Y136.792 E.12342
G1 X134.988 Y136.734 E.1186
G1 X134.115 Y136.852 E.11927
G1 X133.241 Y137.173 E.12606
G1 X132.368 Y137.76 E.14244
G1 X130.621 Y139.388 E.32332
G1 X129.747 Y139.914 E.13811
G1 X128.874 Y140.173 E.12329
G1 X128 Y140.231 E.1186
G1 X127.126 Y140.113 E.11941
G1 X126.253 Y139.792 E.12594
G1 X125.379 Y139.205 E.14255
G1 X123.632 Y137.577 E.32332
G1 X122.759 Y137.051 E.138
G1 X121.885 Y136.792 E.12342
G1 X121.012 Y136.734 E.11846
G1 X120.138 Y136.852 E.11941
G1 X119.265 Y137.173 E.12594
G1 X118.391 Y137.76 E.14255
G1 X117.011 Y139.051 E.25586
G1 X116.433 Y138.532 E.10518
G1 X115.599 Y138.035 E.13145
G1 X114.687 Y137.711 E.13104
G1 X113.759 Y137.572 E.12705
G1 X112.893 Y137.608 E.11735
G1 X112.358 Y137.703 E.07357
G1 X111.397 Y138.037 E.13775
G1 X110.689 Y138.451 E.11105
G1 X110.689 Y131.746 E.90783
G1 X111.403 Y132.399 E.13101
G1 X112.276 Y132.926 E.13807
G1 X113.15 Y133.184 E.12338
G1 X114.023 Y133.243 E.11847
G1 X114.897 Y133.125 E.11941
G1 X115.77 Y132.803 E.12598
G1 X116.644 Y132.217 E.14247
G1 X118.391 Y130.589 E.32332
G1 X119.265 Y130.063 E.13811
G1 X120.138 Y129.804 E.12329
G1 X121.012 Y129.746 E.1186
G1 X121.885 Y129.864 E.11927
G1 X122.759 Y130.185 E.12606
G1 X123.632 Y130.772 E.14244
G1 X125.379 Y132.399 E.32323
G1 X126.253 Y132.926 E.13818
G1 X127.126 Y133.184 E.12325
G1 X128 Y133.243 E.1186
G1 X128.874 Y133.125 E.11941
G1 X129.747 Y132.803 E.12598
G1 X130.621 Y132.217 E.14247
G1 X132.368 Y130.589 E.32332
G1 X133.241 Y130.063 E.138
G1 X134.115 Y129.804 E.12342
G1 X134.988 Y129.746 E.11846
G1 X135.862 Y129.864 E.11941
G1 X136.736 Y130.185 E.12606
G1 X137.609 Y130.772 E.14244
G1 X139.356 Y132.399 E.32323
G1 X140.23 Y132.926 E.13818
G1 X141.103 Y133.184 E.12325
G1 X141.977 Y133.243 E.1186
G1 X142.85 Y133.125 E.11927
G1 X143.724 Y132.803 E.12611
G1 X144.597 Y132.217 E.14236
G1 X145.311 Y131.54 E.13322
G1 X145.311 Y124.758 E.91825
G1 X144.597 Y125.411 E.13101
G1 X143.724 Y125.937 E.138
G1 X142.85 Y126.196 E.12342
G1 X141.977 Y126.254 E.11846
G1 X141.103 Y126.136 E.11941
G1 X140.23 Y125.815 E.12594
G1 X139.356 Y125.228 E.14255
G1 X137.609 Y123.601 E.32323
G1 X136.736 Y123.074 E.13807
G1 X135.862 Y122.816 E.12338
G1 X134.988 Y122.757 E.1186
G1 X134.115 Y122.875 E.11927
G1 X133.241 Y123.197 E.12611
G1 X132.368 Y123.783 E.14236
G1 X130.621 Y125.411 E.32332
G1 X129.747 Y125.937 E.13811
G1 X128.874 Y126.196 E.12329
G1 X128 Y126.254 E.1186
G1 X127.126 Y126.136 E.11941
G1 X126.253 Y125.815 E.12594
G1 X125.379 Y125.228 E.14255
G1 X123.632 Y123.601 E.32323
G1 X122.759 Y123.074 E.13807
G1 X121.885 Y122.816 E.12338
G1 X121.012 Y122.757 E.11847
G1 X120.138 Y122.875 E.11941
G1 X119.265 Y123.197 E.12598
G1 X118.391 Y123.783 E.14247
G1 X116.644 Y125.411 E.32332
G1 X115.77 Y125.937 E.13811
G1 X114.897 Y126.196 E.12329
G1 X114.023 Y126.254 E.1186
G1 X113.15 Y126.136 E.11927
G1 X112.276 Y125.815 E.12606
G1 X111.403 Y125.228 E.14244
G1 X110.689 Y124.552 E.13313
G1 X110.689 Y117.77 E.91825
G1 X111.403 Y118.423 E.13101
G1 X112.276 Y118.949 E.138
G1 X113.15 Y119.208 E.12342
G1 X114.023 Y119.266 E.11846
G1 X114.897 Y119.148 E.11941
G1 X115.77 Y118.827 E.12594
G1 X116.644 Y118.24 E.14255
G1 X118.391 Y116.612 E.32332
G1 X119.265 Y116.086 E.13811
G1 X120.138 Y115.827 E.12329
G1 X121.012 Y115.769 E.1186
G1 X121.885 Y115.887 E.11927
G1 X122.759 Y116.208 E.12606
G1 X123.632 Y116.795 E.14244
G1 X125.379 Y118.423 E.32332
G1 X126.253 Y118.949 E.13811
G1 X127.126 Y119.208 E.12329
G1 X128 Y119.266 E.1186
G1 X128.874 Y119.148 E.11941
G1 X129.747 Y118.827 E.12594
G1 X130.621 Y118.24 E.14255
G1 X132.368 Y116.612 E.32332
G1 X133.241 Y116.086 E.138
G1 X134.115 Y115.827 E.12342
G1 X134.988 Y115.769 E.11846
G1 X135.862 Y115.887 E.11941
G1 X136.736 Y116.208 E.12606
G1 X137.609 Y116.795 E.14244
G1 X139.356 Y118.423 E.32332
G1 X140.23 Y118.949 E.13811
G1 X141.103 Y119.208 E.12329
G1 X141.977 Y119.266 E.1186
G1 X142.85 Y119.148 E.11927
G1 X143.724 Y118.827 E.12606
G1 X144.597 Y118.24 E.14244
G1 X145.311 Y117.563 E.13322
G1 X145.311 Y122.448 E.66141
G1 E-2 F2400
G1 X145.311 Y122.448 F18000
G1 X136.32 Y110.689
G1 E2 F2400
G1 F4200
G1 X131.435 Y110.689 E.66141
G1 X130.621 Y111.434 E.1494
G1 X129.747 Y111.96 E.13811
G1 X128.874 Y112.219 E.12329
G1 X128 Y112.277 E.1186
G1 X127.126 Y112.16 E.11939
G1 X126.253 Y111.838 E.12598
G1 X125.379 Y111.251 E.14255
G1 X124.786 Y110.689 E.11062
G1 X119.901 Y110.689 E.66141
;LAYER_CHANGE
;Z:4
;HEIGHT:0.4
G1 Z4 F18000
G1 E-2 F2400
G1 Z4 F18000
G1 X144.835 Y109.983
G1 Z4
G1 E2 F2400
M204 S4000
;TYPE:Perimeter
;WIDTH:0.708936
G1 F900
G1 X146.017 Y109.983 E.12248
G1 X146.017 Y110.294 E.03223
G1 X146.017 Y111.165 E.09025
G1 X145.886 Y110.968 E.02451
G1 X145.326 Y110.356 E.08596
G1 X144.931 Y110.055 E.05146
M204 S8000
G1 E-2 F2400
G1 X144.931 Y110.055 F18000
G1 X138.206 Y113.966
G1 E2 F2400
M204 S4000
;WIDTH:0.9
G1 F3600
G1 X138.222 Y114.122 E.02123
G1 X138.362 Y114.769 E.08963
G1 X138.597 Y115.36 E.08611
G1 X138.922 Y115.916 E.0872
G1 X139.288 Y116.394 E.08151
G1 X139.648 Y116.752 E.06874
G1 X140.084 Y117.078 E.07371
G1 X140.64 Y117.403 E.0872
G1 X141.231 Y117.638 E.08611
G1 X141.878 Y117.778 E.08963
G1 X142.275 Y117.817 E.05401
G1 X143.122 Y117.778 E.1148
G1 X143.945 Y117.575 E.11477
G1 X144.712 Y117.215 E.11472
G1 X145.394 Y116.712 E.11474
G1 X145.922 Y116.138 E.1056
G1 X145.922 Y139.862 E3.21212
G1 X145.712 Y139.606 E.04483
G1 X145.086 Y139.035 E.11472
G1 X144.36 Y138.597 E.1148
G1 X143.563 Y138.309 E.11474
G1 X142.739 Y138.183 E.11286
G1 X141.964 Y138.213 E.10501
G1 X141.243 Y138.358 E.09957
G1 X140.64 Y138.597 E.08782
G1 X140.084 Y138.922 E.0872
G1 X139.606 Y139.288 E.08151
G1 X139.248 Y139.648 E.06874
G1 X138.922 Y140.084 E.07371
G1 X138.597 Y140.64 E.0872
G1 X138.362 Y141.231 E.08611
G1 X138.222 Y141.878 E.08963
G1 X138.183 Y142.275 E.05401
G1 X138.222 Y143.122 E.1148
G1 X138.425 Y143.945 E.11477
G1 X138.785 Y144.712 E.11472
G1 X139.288 Y145.394 E.11474
G1 X139.862 Y145.922 E.1056
G1 X116.138 Y145.922 E3.21212
G1 X116.712 Y145.394 E.1056
G1 X117.215 Y144.712 E.11474
G1 X117.575 Y143.945 E.11472
G1 X117.778 Y143.122 E.11477
G1 X117.817 Y142.275 E.1148
G1 X117.778 Y141.878 E.05401
G1 X117.638 Y141.231 E.08963
G1 X117.403 Y140.64 E.08611
G1 X117.215 Y140.288 E.05403
G1 X116.922 Y139.852 E.07112
G1 X116.553 Y139.447 E.07418
G1 X116.086 Y139.035 E.08432
G1 X115.495 Y138.659 E.09484
G1 X114.945 Y138.425 E.08093
G1 X114.563 Y138.309 E.05405
G1 X113.739 Y138.183 E.11286
G1 X112.964 Y138.213 E.10501
G1 X112.054 Y138.426 E.12654
G1 X111.288 Y138.785 E.11454
G1 X110.606 Y139.288 E.11474
G1 X110.078 Y139.862 E.1056
G1 X110.078 Y116.138 E3.21212
G1 X110.606 Y116.712 E.1056
G1 X111.288 Y117.215 E.11474
G1 X112.055 Y117.575 E.11472
G1 X112.878 Y117.778 E.11477
G1 X113.725 Y117.817 E.1148
G1 X114.122 Y117.778 E.05401
G1 X114.769 Y117.638 E.08963
G1 X115.36 Y117.403 E.08611
G1 X115.916 Y117.078 E.0872
G1 X116.394 Y116.712 E.08151
G1 X116.752 Y116.352 E.06874
G1 X117.078 Y115.916 E.07371
G1 X117.403 Y115.36 E.0872
G1 X117.638 Y114.769 E.08611
G1 X117.778 Y114.122 E.08963
G1 X117.817 Y113.725 E.05401
G1 X117.778 Y112.878 E.1148
G1 X117.575 Y112.055 E.11477
G1 X117.215 Y111.288 E.11472
G1 X116.712 Y110.606 E.11474
G1 X116.138 Y110.078 E.1056
G1 X139.862 Y110.078 E3.21212
G1 X139.288 Y110.606 E.1056
G1 X138.785 Y111.288 E.11474
G1 X138.425 Y112.055 E.11472
G1 X138.222 Y112.878 E.11477
G1 X138.183 Y113.725 E.1148
G1 X138.195 Y113.847 E.0166
M204 S8000
G1 X138.195 Y113.847 F18000
G1 X139.016 Y113.841
M204 S4000
G1 F900
G1 X138.997 Y113.275 E.07668
G1 X139.108 Y112.596 E.09315
G1 X139.349 Y111.952 E.0931
G1 X139.712 Y111.367 E.09322
G1 X140.182 Y110.864 E.09321
G1 X140.741 Y110.462 E.09322
G1 X141.366 Y110.178 E.09295
G1 X142.113 Y110.029 E.10313
;WIDTH:0.870317
G1 X142.733 Y110.017 E.0809
;WIDTH:0.888933
G1 X143.403 Y110.113 E.0904
;WIDTH:0.9
G1 X144.048 Y110.349 E.09299
G1 X144.633 Y110.712 E.09322
G1 X145.136 Y111.182 E.09321
G1 X145.538 Y111.741 E.09322
G1 X145.822 Y112.367 E.09307
;WIDTH:0.899458
G1 X145.967 Y113.039 E.09302
;WIDTH:0.874579
G1 X145.983 Y113.725 E.09001
;WIDTH:0.888777
G1 X145.887 Y114.403 E.09144
;WIDTH:0.9
G1 X145.651 Y115.048 E.09299
G1 X145.288 Y115.633 E.09322
G1 X144.818 Y116.136 E.09321
G1 X144.259 Y116.538 E.09322
G1 X143.633 Y116.823 E.09313
G1 X142.963 Y116.98 E.09317
G1 X142.275 Y117.003 E.0932
G1 X141.596 Y116.892 E.09315
G1 X140.952 Y116.651 E.0931
G1 X140.367 Y116.288 E.09322
G1 X139.864 Y115.818 E.09321
G1 X139.462 Y115.259 E.09322
G1 X139.177 Y114.633 E.09313
G1 X139.02 Y113.963 E.09317
G1 X139.02 Y113.96 E.00041
M204 S8000
G1 X139.02 Y113.96 F18000
G1 X139.818 Y113.781
M204 S3000
;TYPE:External perimeter
G1 F900
G1 X139.811 Y113.275 E.06852
G1 X139.906 Y112.755 E.07157
G1 X140.102 Y112.263 E.07171
G1 X140.389 Y111.819 E.07158
G1 X140.757 Y111.44 E.07152
G1 X141.193 Y111.139 E.07173
G1 X141.678 Y110.93 E.0715
G1 X142.257 Y110.815 E.07993
G1 X142.804 Y110.819 E.07406
G1 X143.321 Y110.93 E.07159
G1 X143.807 Y111.139 E.07163
G1 X144.243 Y111.44 E.07173
G1 X144.611 Y111.819 E.07152
G1 X144.898 Y112.263 E.07158
G1 X145.094 Y112.755 E.07171
G1 X145.189 Y113.275 E.07157
G1 X145.183 Y113.795 E.07041
G1 X145.07 Y114.321 E.07284
G1 X144.861 Y114.807 E.07163
G1 X144.56 Y115.243 E.07173
G1 X144.181 Y115.611 E.07152
G1 X143.737 Y115.898 E.07158
G1 X143.245 Y116.094 E.07171
G1 X142.725 Y116.189 E.07157
G1 X142.196 Y116.181 E.07163
G1 X141.755 Y116.094 E.06086
G1 X141.263 Y115.898 E.07171
G1 X140.819 Y115.611 E.07158
G1 X140.44 Y115.243 E.07152
G1 X140.139 Y114.807 E.07173
G1 X139.93 Y114.321 E.07163
G1 X139.839 Y113.899 E.05845
M204 S8000
G1 X139.861 Y113.099 F18000
G1 E-2 F2400
G1 X144.835 Y146.017 F18000
G1 E2 F2400
M204 S4000
;TYPE:Perimeter
;WIDTH:0.708936
G1 F900
G1 X145.032 Y145.886 E.02451
G1 X145.644 Y145.326 E.08596
G1 X146.017 Y144.835 E.06389
G1 X146.017 Y146.017 E.12248
G1 X144.955 Y146.017 E.11005
M204 S8000
G1 E-2 F2400
G1 X144.955 Y146.017 F18000
G1 X140.217 Y145.148
G1 E2 F2400
M204 S4000
;WIDTH:0.9
G1 F900
G1 X139.864 Y144.818 E.06543
G1 X139.462 Y144.259 E.09322
G1 X139.177 Y143.633 E.09313
G1 X139.02 Y142.963 E.09317
G1 X138.997 Y142.275 E.0932
G1 X139.139 Y141.472 E.11041
G1 X139.349 Y140.952 E.07593
G1 X139.712 Y140.367 E.09322
G1 X140.182 Y139.864 E.09321
G1 X140.741 Y139.462 E.09322
G1 X141.366 Y139.178 E.09295
G1 X142.11 Y139.014 E.10315
G1 X142.733 Y138.997 E.08438
G1 X143.404 Y139.108 E.09208
G1 X144.048 Y139.349 E.0931
G1 X144.633 Y139.712 E.09322
G1 X145.136 Y140.182 E.09321
G1 X145.538 Y140.741 E.09322
G1 X145.822 Y141.367 E.09307
;WIDTH:0.899458
G1 X145.967 Y142.039 E.09302
;WIDTH:0.874579
G1 X145.983 Y142.725 E.09001
;WIDTH:0.888777
G1 X145.887 Y143.403 E.09144
;WIDTH:0.9
G1 X145.651 Y144.048 E.09299
G1 X145.288 Y144.633 E.09322
G1 X144.818 Y145.136 E.09321
G1 X144.259 Y145.538 E.09322
G1 X143.633 Y145.823 E.09313
G1 X142.96 Y145.966 E.09316
;WIDTH:0.87252
G1 X142.275 Y145.983 E.08964
;WIDTH:0.888931
G1 X141.597 Y145.887 E.09145
;WIDTH:0.9
G1 X140.952 Y145.651 E.09299
G1 X140.367 Y145.288 E.09322
G1 X140.304 Y145.23 E.01159
M204 S8000
G1 X140.304 Y145.23 F18000
G1 X140.767 Y144.567
M204 S3000
;TYPE:External perimeter
G1 F900
G1 X140.757 Y144.56 E.00165
G1 X140.389 Y144.181 E.07152
G1 X140.102 Y143.737 E.07158
G1 X139.906 Y143.245 E.07171
G1 X139.811 Y142.725 E.07157
G1 X139.819 Y142.196 E.07163
G1 X139.917 Y141.714 E.0666
G1 X140.114 Y141.236 E.07
G1 X140.398 Y140.807 E.06966
G1 X140.757 Y140.44 E.06951
G1 X141.193 Y140.139 E.07173
G1 X141.678 Y139.93 E.0715
G1 X142.257 Y139.815 E.07993
G1 X142.804 Y139.819 E.07406
G1 X143.321 Y139.93 E.07159
G1 X143.807 Y140.139 E.07163
G1 X144.243 Y140.44 E.07173
G1 X144.611 Y140.819 E.07152
G1 X144.898 Y141.263 E.07158
G1 X145.094 Y141.755 E.07171
G1 X145.189 Y142.275 E.07157
G1 X145.183 Y142.795 E.07041
G1 X145.07 Y143.321 E.07284
G1 X144.861 Y143.807 E.07163
G1 X144.56 Y144.243 E.07173
G1 X144.181 Y144.611 E.07152
G1 X143.737 Y144.898 E.07158
G1 X143.245 Y145.094 E.07171
G1 X142.725 Y145.189 E.07157
G1 X142.196 Y145.181 E.07163
G1 X141.679 Y145.07 E.07159
G1 X141.193 Y144.861 E.07163
G1 X140.865 Y144.635 E.05393
M204 S8000
G1 X140.324 Y144.046 F18000
G1 E-2 F2400
G1 X109.983 Y144.835 F18000
G1 E2 F2400
M204 S4000
;TYPE:Perimeter
;WIDTH:0.708936
G1 F900
G1 X110.114 Y145.032 E.02451
G1 X110.674 Y145.644 E.08596
G1 X111.165 Y146.017 E.06389
G1 X109.983 Y146.017 E.12248
G1 X109.983 Y144.955 E.11005
M204 S8000
G1 X109.983 Y144.955 F18000
G1 X110.412 Y144.148
M204 S4000
;WIDTH:0.9
G1 F900
G1 X110.177 Y143.633 E.07664
G1 X110.034 Y142.96 E.09316
;WIDTH:0.87252
G1 X110.017 Y142.275 E.08964
;WIDTH:0.888932
G1 X110.113 Y141.597 E.09145
;WIDTH:0.9
G1 X110.349 Y140.952 E.09299
G1 X110.712 Y140.367 E.09322
G1 X111.182 Y139.864 E.09321
G1 X111.741 Y139.462 E.09322
G1 X112.366 Y139.178 E.09295
G1 X113.11 Y139.014 E.10315
G1 X113.733 Y138.997 E.08438
G1 X114.404 Y139.108 E.09208
G1 X115.048 Y139.349 E.0931
G1 X115.671 Y139.738 E.09944
G1 X116.136 Y140.182 E.08705
G1 X116.538 Y140.741 E.09322
G1 X116.823 Y141.367 E.09313
G1 X116.98 Y142.037 E.09317
G1 X117.003 Y142.725 E.0932
G1 X116.892 Y143.404 E.09315
G1 X116.651 Y144.048 E.0931
G1 X116.288 Y144.633 E.09322
G1 X115.818 Y145.136 E.09321
G1 X115.259 Y145.538 E.09322
G1 X114.633 Y145.823 E.09313
G1 X113.96 Y145.966 E.09316
;WIDTH:0.87252
G1 X113.275 Y145.983 E.08964
;WIDTH:0.888931
G1 X112.597 Y145.887 E.09145
;WIDTH:0.9
G1 X111.952 Y145.651 E.09299
G1 X111.367 Y145.288 E.09322
G1 X110.864 Y144.818 E.09321
G1 X110.462 Y144.259 E.09322
G1 X110.461 Y144.257 E.0003
M204 S8000
G1 X110.461 Y144.257 F18000
G1 X111.153 Y143.827
M204 S3000
;TYPE:External perimeter
G1 F900
G1 X111.139 Y143.807 E.00331
G1 X110.93 Y143.321 E.07163
G1 X110.819 Y142.804 E.07159
G1 X110.811 Y142.275 E.07163
G1 X110.906 Y141.755 E.07157
G1 X111.102 Y141.263 E.07171
G1 X111.389 Y140.819 E.07158
G1 X111.757 Y140.44 E.07152
G1 X112.193 Y140.139 E.07173
G1 X112.678 Y139.93 E.0715
G1 X113.257 Y139.815 E.07993
G1 X113.768 Y139.813 E.06919
G1 X114.286 Y139.917 E.07153
G1 X114.764 Y140.114 E.07
G1 X115.193 Y140.398 E.06966
G1 X115.56 Y140.757 E.06951
G1 X115.861 Y141.193 E.07173
G1 X116.07 Y141.679 E.07163
G1 X116.181 Y142.196 E.07159
G1 X116.189 Y142.725 E.07163
G1 X116.094 Y143.245 E.07157
G1 X115.898 Y143.737 E.07171
G1 X115.611 Y144.181 E.07158
G1 X115.243 Y144.56 E.07152
G1 X114.807 Y144.861 E.07173
G1 X114.321 Y145.07 E.07163
G1 X113.804 Y145.181 E.07159
G1 X113.275 Y145.189 E.07163
G1 X112.755 Y145.094 E.07157
G1 X112.263 Y144.898 E.07171
G1 X111.819 Y144.611 E.07158
G1 X111.44 Y144.243 E.07152
G1 X111.221 Y143.926 E.05217
M204 S8000
G1 X110.92 Y143.185 F18000
G1 E-2 F2400
G1 X109.983 Y111.165 F18000
G1 E2 F2400
M204 S4000
;TYPE:Perimeter
;WIDTH:0.708935
G1 F900
G1 X109.983 Y109.983 E.12248
G1 X111.165 Y109.983 E.12248
G1 X110.968 Y110.114 E.02451
G1 X110.356 Y110.674 E.08596
G1 X110.055 Y111.069 E.05146
M204 S8000
G1 E-2 F2400
G1 X110.055 Y111.069 F18000
G1 X111.848 Y116.586
G1 E2 F2400
M204 S4000
;WIDTH:0.9
G1 F900
G1 X111.367 Y116.288 E.07661
G1 X110.864 Y115.818 E.09321
G1 X110.462 Y115.259 E.09322
G1 X110.177 Y114.633 E.09313
G1 X110.034 Y113.96 E.09316
;WIDTH:0.87252
G1 X110.017 Y113.275 E.08964
;WIDTH:0.888932
G1 X110.113 Y112.597 E.09145
;WIDTH:0.9
G1 X110.349 Y111.952 E.09299
G1 X110.712 Y111.367 E.09322
G1 X111.182 Y110.864 E.09321
G1 X111.741 Y110.462 E.09322
G1 X112.366 Y110.178 E.09295
G1 X113.113 Y110.029 E.10313
;WIDTH:0.870317
G1 X113.733 Y110.017 E.0809
;WIDTH:0.888933
G1 X114.403 Y110.113 E.0904
;WIDTH:0.9
G1 X115.048 Y110.349 E.09299
G1 X115.633 Y110.712 E.09322
G1 X116.136 Y111.182 E.09321
G1 X116.538 Y111.741 E.09322
G1 X116.823 Y112.367 E.09313
G1 X116.98 Y113.037 E.09317
G1 X117.003 Y113.725 E.0932
G1 X116.892 Y114.404 E.09315
G1 X116.651 Y115.048 E.0931
G1 X116.288 Y115.633 E.09322
G1 X115.818 Y116.136 E.09321
G1 X115.259 Y116.538 E.09322
G1 X114.633 Y116.823 E.09313
G1 X113.963 Y116.98 E.09317
G1 X113.275 Y117.003 E.0932
G1 X112.596 Y116.892 E.09315
G1 X111.952 Y116.651 E.0931
G1 X111.95 Y116.649 E.00038
M204 S8000
G1 X111.95 Y116.649 F18000
G1 X112.284 Y115.907
M204 S3000
;TYPE:External perimeter
G1 F900
G1 X112.263 Y115.898 E.00309
G1 X111.819 Y115.611 E.07158
G1 X111.44 Y115.243 E.07152
G1 X111.139 Y114.807 E.07173
G1 X110.93 Y114.321 E.07163
G1 X110.819 Y113.804 E.07159
G1 X110.811 Y113.275 E.07163
G1 X110.906 Y112.755 E.07157
G1 X111.102 Y112.263 E.07171
G1 X111.389 Y111.819 E.07158
G1 X111.757 Y111.44 E.07152
G1 X112.193 Y111.139 E.07173
G1 X112.678 Y110.93 E.0715
G1 X113.257 Y110.815 E.07993
G1 X113.804 Y110.819 E.07406
G1 X114.321 Y110.93 E.07159
G1 X114.807 Y111.139 E.07163
G1 X115.243 Y111.44 E.07173
G1 X115.611 Y111.819 E.07152
G1 X115.898 Y112.263 E.07158
G1 X116.094 Y112.755 E.07171
G1 X116.189 Y113.275 E.07157
G1 X116.181 Y113.804 E.07163
G1 X116.07 Y114.321 E.07159
G1 X115.873 Y114.787 E.0685
G1 X115.594 Y115.205 E.06804
G1 X115.234 Y115.569 E.06932
G1 X114.807 Y115.861 E.07004
G1 X114.321 Y116.07 E.07163
G1 X113.804 Y116.181 E.07159
G1 X113.275 Y116.189 E.07163
G1 X112.755 Y116.094 E.07157
G1 X112.396 Y115.951 E.05232
M204 S8000
G1 X111.734 Y115.501 F18000
G1 E-2 F2400
G1 X146.736 Y146.736 F18000
G1 E2 F2400
M204 S4000
;TYPE:Perimeter
G1 F3600
G1 X143.001 Y146.75 E.5057
;WIDTH:0.871207
G1 X142.275 Y146.756 E.09482
;WIDTH:0.888931
G1 X141.513 Y146.741 E.10179
;WIDTH:0.9
G1 X114.815 Y146.736 E3.61478
G1 X114.001 Y146.75 E.11023
;WIDTH:0.871207
G1 X113.275 Y146.756 E.09482
;WIDTH:0.888931
G1 X112.513 Y146.741 E.10179
;WIDTH:0.9
G1 X109.264 Y146.736 E.4399
G1 X109.25 Y143.001 E.5057
;WIDTH:0.871207
G1 X109.244 Y142.275 E.09482
;WIDTH:0.888932
G1 X109.259 Y141.513 E.10179
;WIDTH:0.9
G1 X109.264 Y114.815 E3.61478
G1 X109.25 Y114.001 E.11023
;WIDTH:0.871207
G1 X109.244 Y113.275 E.09482
;WIDTH:0.888932
G1 X109.259 Y112.513 E.10179
;WIDTH:0.9
G1 X109.264 Y109.264 E.4399
G1 X112.538 Y109.259 E.44328
;WIDTH:0.889389
G1 X113.054 Y109.249 E.06897
;WIDTH:0.869888
G1 X113.736 Y109.244 E.08893
;WIDTH:0.888933
G1 X114.487 Y109.259 E.10032
;WIDTH:0.9
G1 X141.538 Y109.259 E3.66258
;WIDTH:0.889389
G1 X142.054 Y109.249 E.06897
;WIDTH:0.869888
G1 X142.736 Y109.244 E.08893
;WIDTH:0.888933
G1 X143.487 Y109.259 E.10032
;WIDTH:0.9
G1 X146.736 Y109.264 E.4399
G1 X146.736 Y110.294 E.13946
G1 X146.741 Y112.513 E.30044
;WIDTH:0.888932
G1 X146.756 Y113.275 E.10179
;WIDTH:0.87252
G1 X146.75 Y114.037 E.09969
;WIDTH:0.9
G1 X146.736 Y114.815 E.10535
G1 X146.741 Y141.513 E3.61478
;WIDTH:0.888932
G1 X146.756 Y142.275 E.10179
;WIDTH:0.87252
G1 X146.75 Y143.037 E.09969
;WIDTH:0.9
G1 X146.736 Y146.616 E.48458
M204 S8000
G1 X146.736 Y146.616 F18000
G1 X147.55 Y147.55
M204 S3000
;TYPE:External perimeter
G1 F2400
G1 X108.45 Y147.55 E5.29395
G1 X108.45 Y108.45 E5.29395
G1 X147.55 Y108.45 E5.29395
G1 X147.55 Y110.294 E.24967
G1 X147.55 Y147.43 E5.02804
M204 S8000
G1 X146.759 Y147.549 F18000
G1 E-2 F2400
G1 X141.821 Y137.622 F18000
G1 E2 F2400
;TYPE:Solid infill
;WIDTH:0.906323
G1 F3600
G1 X141.311 Y137.716 E.07076
;WIDTH:0.899389
G1 X140.821 Y137.862 E.06917
G1 X140.119 Y138.177 E.1041
;WIDTH:0.900025
G1 X139.511 Y138.572 E.09817
G1 X139.163 Y138.868 E.06186
G1 X138.664 Y139.392 E.09797
G1 X138.101 Y140.259 E.13997
G1 X137.79 Y141.02 E.11131
G1 X137.593 Y141.963 E.13044
G1 X137.572 Y142.709 E.10105
;WIDTH:0.922235
G1 X137.632 Y143.23 E.07295
G1 X137.724 Y143.729 E.07058
;WIDTH:0.900489
G1 X138.026 Y144.563 E.12017
;WIDTH:0.906195
G1 X138.126 Y144.776 E.0321
;WIDTH:0.94958
G1 X138.139 Y144.843 E.0098
;WIDTH:0.992965
G1 X138.151 Y144.91 E.01027
;WIDTH:1.03635
G1 X138.164 Y144.977 E.01079
;WIDTH:1.07974
G1 X138.177 Y145.044 E.01128
;WIDTH:1.12312
G1 F3470.613
G1 X138.189 Y145.111 E.01174
;WIDTH:1.16651
G1 F3331.279
G1 X138.202 Y145.178 E.01227
G1 X138.124 Y145.2 E.01456
;WIDTH:1.12209
G1 F3474.058
G1 X138.047 Y145.222 E.0138
;WIDTH:1.07768
G1 F3600
G1 X137.969 Y145.244 E.01337
;WIDTH:1.03327
G1 X137.892 Y145.267 E.01266
;WIDTH:0.988852
G1 X137.814 Y145.289 E.01217
;WIDTH:0.944438
G1 X137.736 Y145.311 E.01157
;WIDTH:0.900029
G1 X118.264 Y145.311 E2.63651
;WIDTH:0.944442
G1 X118.186 Y145.289 E.01157
;WIDTH:0.988855
G1 X118.108 Y145.267 E.01217
;WIDTH:1.03327
G1 X118.031 Y145.244 E.01266
;WIDTH:1.07768
G1 X117.953 Y145.222 E.01337
;WIDTH:1.1221
G1 F3474.05
G1 X117.876 Y145.2 E.0138
;WIDTH:1.16651
G1 F3331.273
G1 X117.798 Y145.178 E.01456
G1 X117.81 Y145.101 E.01401
;WIDTH:1.11766
G1 F3488.998
G1 X117.823 Y145.024 E.0134
;WIDTH:1.0688
G1 F3600
G1 X117.836 Y144.947 E.01277
;WIDTH:1.01995
G1 X117.848 Y144.87 E.01211
;WIDTH:0.971096
G1 X117.861 Y144.793 E.0115
;WIDTH:0.922243
G1 X118.127 Y144.206 E.08964
G1 X118.277 Y143.689 E.07488
G1 X118.383 Y143.192 E.07068
;WIDTH:0.900497
G1 X118.423 Y142.301 E.12083
;WIDTH:0.891467
G1 X118.287 Y141.343 E.12964
;WIDTH:0.893197
G1 X117.973 Y140.431 E.1295
;WIDTH:0.894415
G1 X117.584 Y139.753 E.10511
G1 X117.272 Y139.32 E.07176
;WIDTH:0.902025
G1 X116.884 Y138.919 E.07574
;WIDTH:0.913991
G1 X116.441 Y138.549 E.07949
G1 X115.945 Y138.212 E.08259
;WIDTH:0.900183
G1 X114.987 Y137.793 E.1416
;WIDTH:0.904357
G1 X114.275 Y137.638 E.09919
G1 E-2 F2400
G1 X110.689 Y136.536 F18000
G1 E2 F2400
;TYPE:Internal infill
;WIDTH:0.9
G1 F4200
G1 X110.689 Y133.217 E.44938
G1 X110.949 Y133.559 E.05817
G1 X111.503 Y133.372 E.07917
G1 X111.503 Y132.82 E.07474
G1 X112.276 Y133.186 E.1158
G1 X113.15 Y133.325 E.11982
G1 X114.023 Y133.27 E.11843
G1 X114.897 Y133.039 E.1224
G1 X115.77 Y132.595 E.13261
G1 X116.644 Y131.881 E.1528
G1 X117.517 Y130.975 E.17035
G1 X118.391 Y130.216 E.15673
G1 X119.265 Y129.802 E.13094
G1 X120.138 Y129.663 E.11969
G1 X121.012 Y129.718 E.11857
G1 X121.885 Y129.949 E.12227
G1 X122.759 Y130.393 E.13273
G1 X123.632 Y131.107 E.1527
G1 X124.506 Y132.014 E.17054
G1 X125.379 Y132.772 E.15654
G1 X126.253 Y133.186 E.13094
G1 X127.126 Y133.325 E.11969
G1 X128 Y133.27 E.11857
G1 X128.874 Y133.039 E.1224
G1 X129.747 Y132.595 E.13261
G1 X130.621 Y131.881 E.1528
G1 X131.494 Y130.975 E.17035
G1 X132.368 Y130.216 E.15673
G1 X133.241 Y129.802 E.13082
G1 X134.115 Y129.663 E.11982
G1 X134.988 Y129.718 E.11843
G1 X135.862 Y129.949 E.1224
G1 X136.736 Y130.393 E.13273
G1 X137.609 Y131.107 E.1527
G1 X138.483 Y132.014 E.17054
G1 X139.356 Y132.772 E.15654
G1 X140.23 Y133.186 E.13094
G1 X141.103 Y133.325 E.11969
G1 X141.977 Y133.27 E.11857
G1 X142.85 Y133.039 E.12227
G1 X143.724 Y132.595 E.13273
G1 X144.597 Y131.881 E.1527
G1 X145.311 Y131.141 E.13923
G1 X145.311 Y126.762 E.5929
G1 X144.497 Y127.148 E.12198
G1 X144.497 Y125.832 E.17818
G1 X143.724 Y126.198 E.1158
G1 X142.85 Y126.337 E.11982
G1 X141.977 Y126.282 E.11843
G1 X141.103 Y126.051 E.1224
G1 X140.23 Y125.607 E.13261
G1 X139.356 Y124.893 E.1528
G1 X138.483 Y123.986 E.17045
G1 X137.609 Y123.228 E.15664
G1 X136.736 Y122.814 E.13082
G1 X135.862 Y122.675 E.11982
G1 X134.988 Y122.73 E.11857
G1 X134.115 Y122.961 E.12227
G1 X133.241 Y123.405 E.13273
G1 X132.368 Y124.119 E.1527
G1 X131.494 Y125.025 E.17044
G1 X130.621 Y125.784 E.15663
G1 X129.747 Y126.198 E.13094
G1 X128.874 Y126.337 E.11969
G1 X128 Y126.282 E.11857
G1 X127.126 Y126.051 E.1224
G1 X126.253 Y125.607 E.13261
G1 X125.379 Y124.893 E.1528
G1 X124.506 Y123.986 E.17045
G1 X123.632 Y123.228 E.15664
G1 X122.759 Y122.814 E.13082
G1 X121.885 Y122.675 E.11982
G1 X121.012 Y122.73 E.11843
G1 X120.138 Y122.961 E.1224
G1 X119.265 Y123.405 E.13261
G1 X118.391 Y124.119 E.1528
G1 X117.517 Y125.025 E.17044
G1 X116.644 Y125.784 E.15663
G1 X115.77 Y126.198 E.13094
G1 X114.897 Y126.337 E.11969
G1 X114.023 Y126.282 E.11857
G1 X113.15 Y126.051 E.12227
G1 X112.276 Y125.607 E.13273
G1 X111.403 Y124.893 E.1527
G1 X110.689 Y124.152 E.13932
G1 X110.689 Y118.176 E.80912
G1 X111.403 Y118.796 E.12803
G1 X112.276 Y119.209 E.13076
G1 X113.15 Y119.348 E.11982
G1 X114.023 Y119.294 E.11843
G1 X115.209 Y118.996 E.16557
G1 X116.128 Y118.62 E.13444
G1 X116.927 Y118.114 E.12805
G1 X117.858 Y117.256 E.17142
G1 X118.606 Y116.137 E.18224
G1 X119.265 Y115.825 E.09872
G1 X120.138 Y115.686 E.11969
G1 X121.012 Y115.741 E.11857
G1 X121.885 Y115.972 E.12227
G1 X122.759 Y116.416 E.13273
G1 X123.632 Y117.13 E.1527
G1 X124.506 Y118.037 E.17054
G1 X125.379 Y118.796 E.15663
G1 X126.253 Y119.209 E.13088
G1 X127.126 Y119.348 E.11969
G1 X128 Y119.294 E.11856
G1 X128.874 Y119.062 E.12243
G1 X129.747 Y118.619 E.13255
G1 X130.621 Y117.904 E.15289
G1 X131.494 Y116.998 E.17035
G1 X132.368 Y116.239 E.15673
G1 X133.241 Y115.825 E.13082
G1 X134.115 Y115.686 E.11982
G1 X134.988 Y115.741 E.11843
G1 X135.862 Y115.972 E.1224
G1 X136.736 Y116.416 E.13273
G1 X137.609 Y117.13 E.1527
G1 X138.483 Y118.037 E.17054
G1 X139.356 Y118.796 E.15663
G1 X140.23 Y119.209 E.13088
G1 X141.103 Y119.348 E.11969
G1 X141.977 Y119.294 E.11856
G1 X142.85 Y119.062 E.1223
G1 X143.724 Y118.619 E.13267
G1 X144.446 Y118.028 E.12633
G1 X145.311 Y117.549 E.13387
G1 X145.311 Y121.443 E.52723
G1 E-2 F2400
G1 X145.311 Y121.443 F18000
G1 X135.856 Y111.503
G1 E2 F2400
G1 F4200
G1 X130.971 Y111.503 E.66141
G1 X130.621 Y111.807 E.06277
G1 X129.747 Y112.221 E.13094
G1 X128.874 Y112.36 E.11969
G1 X128 Y112.305 E.11857
G1 X127.126 Y112.074 E.1224
G1 X126.097 Y111.503 E.15933
G1 X121.213 Y111.503 E.66127
G1 E-2 F2400
G1 X121.213 Y111.503 F18000
G1 X113.892 Y118.417
G1 E2 F2400
;TYPE:Solid infill
;WIDTH:0.900027
G1 F3600
G1 X114.671 Y118.284 E.107
G1 X114.98 Y118.21 E.04302
G1 X115.741 Y117.899 E.11131
G1 X116.369 Y117.508 E.10017
G1 X116.769 Y117.198 E.06852
;WIDTH:0.899697
G1 X117.227 Y116.721 E.0895
;WIDTH:0.900143
G1 X117.786 Y115.948 E.12918
G1 X118.207 Y114.987 E.14208
G1 X118.407 Y114.037 E.13147
G1 X118.428 Y113.291 E.10106
;WIDTH:0.922233
G1 X118.368 Y112.77 E.07295
G1 X118.276 Y112.271 E.07058
;WIDTH:0.900489
G1 X117.974 Y111.437 E.12017
;WIDTH:0.931743
G1 X117.932 Y111.312 E.01855
;WIDTH:0.972739
G1 X117.89 Y111.187 E.01945
;WIDTH:1.01373
G1 X117.848 Y111.063 E.0202
;WIDTH:1.05473
G1 X117.806 Y110.938 E.02125
;WIDTH:1.09199
G1 F3577.998
G1 X117.803 Y110.9 E.00638
;WIDTH:1.12925
G1 F3450.23
G1 X117.801 Y110.861 E.00678
;WIDTH:1.16651
G1 F3331.273
G1 X117.798 Y110.822 E.00703
G1 X117.876 Y110.8 E.01456
;WIDTH:1.1221
G1 F3474.05
G1 X117.953 Y110.778 E.0138
;WIDTH:1.07768
G1 F3600
G1 X118.031 Y110.756 E.01337
;WIDTH:1.03327
G1 X118.108 Y110.733 E.01266
;WIDTH:0.988855
G1 X118.186 Y110.711 E.01217
;WIDTH:0.944442
G1 X118.264 Y110.689 E.01157
;WIDTH:0.900031
G1 X137.736 Y110.689 E2.63652
;WIDTH:0.944444
G1 X137.814 Y110.711 E.01157
;WIDTH:0.988858
G1 X137.892 Y110.733 E.01217
;WIDTH:1.03327
G1 X137.969 Y110.756 E.01266
;WIDTH:1.07769
G1 X138.047 Y110.778 E.01337
;WIDTH:1.1221
G1 F3474.037
G1 X138.124 Y110.8 E.0138
;WIDTH:1.16651
G1 F3331.261
G1 X138.202 Y110.822 E.01456
G1 X138.185 Y110.9 E.01435
;WIDTH:1.12483
G1 F3464.903
G1 X138.169 Y110.979 E.01393
;WIDTH:1.08315
G1 F3600
G1 X138.152 Y111.057 E.01324
;WIDTH:1.04147
G1 X138.136 Y111.135 E.01265
;WIDTH:0.999785
G1 X138.119 Y111.214 E.01228
;WIDTH:0.958103
G1 X138.103 Y111.292 E.01155
;WIDTH:0.916421
G1 X137.873 Y111.794 E.07627
;WIDTH:0.922279
G1 X137.723 Y112.311 E.07488
G1 X137.617 Y112.808 E.07069
;WIDTH:0.900495
G1 X137.577 Y113.699 E.12083
;WIDTH:0.900263
G1 X137.706 Y114.654 E.13052
G1 X137.855 Y115.149 E.07001
;WIDTH:0.896517
G1 X138.178 Y115.881 E.10787
;WIDTH:0.900037
G1 X138.574 Y116.491 E.09847
G1 X139.004 Y116.967 E.08686
;WIDTH:0.899623
G1 X139.378 Y117.322 E.06978
G1 X139.946 Y117.71 E.09309
;WIDTH:0.892871
G1 X140.415 Y117.966 E.07171
;WIDTH:0.899789
G1 X141.012 Y118.207 E.08715
G1 X141.873 Y118.389 E.11912
G1 E-2 F2400
G1 X141.873 Y118.389 F18000
G1 X126.709 Y144.497
G1 E2 F2400
;TYPE:Internal infill
;WIDTH:0.9
G1 F4200
G1 X123.427 Y144.497 E.44437
G1 X122.759 Y144.37 E.09206
G1 X121.885 Y143.926 E.13273
G1 X121.012 Y143.695 E.12227
G1 X120.138 Y143.64 E.11857
G1 X119.265 Y143.779 E.11969
G1 X119.083 Y143.865 E.02725
G1 X119.242 Y142.775 E.14914
G1 X119.224 Y141.905 E.11782
G1 X119.085 Y141.141 E.10514
G1 X118.997 Y140.796 E.04821
G1 X118.557 Y139.763 E.15202
G1 X118.038 Y138.968 E.12855
G1 X117.805 Y138.704 E.04767
G1 X118.391 Y138.096 E.11433
G1 X119.265 Y137.381 E.15289
G1 X120.138 Y136.938 E.13255
G1 X121.012 Y136.707 E.1224
G1 X121.885 Y136.652 E.11843
G1 X122.759 Y136.791 E.11982
G1 X123.632 Y137.204 E.13076
G1 X124.506 Y137.963 E.15673
G1 X125.379 Y138.87 E.17045
G1 X126.253 Y139.584 E.1528
G1 X127.126 Y140.028 E.13261
G1 X128 Y140.259 E.1224
G1 X128.874 Y140.314 E.11857
G1 X129.747 Y140.175 E.11969
G1 X130.621 Y139.761 E.13094
G1 X131.494 Y139.002 E.15663
G1 X132.368 Y138.096 E.17044
G1 X133.241 Y137.381 E.15278
G1 X134.115 Y136.938 E.13267
G1 X134.988 Y136.707 E.12227
G1 X135.862 Y136.652 E.11857
G1 X136.736 Y136.791 E.11982
G1 X137.609 Y137.204 E.13076
G1 X138.701 Y138.189 E.19911
G1 X138.006 Y138.903 E.13491
G1 X137.586 Y139.518 E.10083
G1 X137.38 Y139.872 E.05545
G1 X137.004 Y140.791 E.13444
G1 X136.773 Y141.921 E.15616
G1 X136.757 Y142.765 E.11429
G1 X136.814 Y143.351 E.07972
G1 X137.088 Y144.437 E.15165
G1 X136.736 Y144.37 E.04851
G1 X135.862 Y143.926 E.13273
G1 X134.988 Y143.695 E.1224
G1 X134.115 Y143.64 E.11843
G1 X133.241 Y143.779 E.11982
G1 X131.594 Y144.497 E.24326
G1 X126.709 Y144.497 E.66141
;LAYER_CHANGE
;Z:4.4
;HEIGHT:0.4
G1 Z4.4 F18000
G1 E-2 F2400
G1 Z4.4 F18000
G1 X144.835 Y109.983
G1 Z4.4
G1 E2 F2400
M204 S4000
;TYPE:Perimeter
;WIDTH:0.708936
G1 F900
G1 X146.017 Y109.983 E.12248
G1 X146.017 Y110.294 E.03223
G1 X146.017 Y111.165 E.09025
G1 X145.886 Y110.968 E.02451
G1 X145.326 Y110.356 E.08596
G1 X144.931 Y110.055 E.05146
M204 S8000
G1 E-2 F2400
G1 X144.931 Y110.055 F18000
G1 X138.206 Y113.966
G1 E2 F2400
M204 S4000
;WIDTH:0.9
G1 F3600
G1 X138.222 Y114.122 E.02123
G1 X138.362 Y114.769 E.08963
G1 X138.597 Y115.36 E.08611
G1 X138.922 Y115.916 E.0872
G1 X139.288 Y116.394 E.08151
G1 X139.648 Y116.752 E.06874
G1 X140.084 Y117.078 E.07371
G1 X140.64 Y117.403 E.0872
G1 X141.231 Y117.638 E.08611
G1 X141.878 Y117.778 E.08963
G1 X142.275 Y117.817 E.05401
G1 X143.122 Y117.778 E.1148
G1 X143.945 Y117.575 E.11477
G1 X144.712 Y117.215 E.11472
G1 X145.394 Y116.712 E.11474
G1 X145.922 Y116.138 E.1056
G1 X145.922 Y139.862 E3.21212
G1 X145.712 Y139.606 E.04483
G1 X145.086 Y139.035 E.11472
G1 X144.36 Y138.597 E.1148
G1 X143.563 Y138.309 E.11474
G1 X142.734 Y138.183 E.11353
G1 X141.936 Y138.216 E.10814
G1 X141.239 Y138.359 E.09634
G1 X140.64 Y138.597 E.08727
G1 X140.084 Y138.922 E.0872
G1 X139.606 Y139.288 E.08151
G1 X139.248 Y139.648 E.06874
G1 X138.922 Y140.084 E.07371
G1 X138.597 Y140.64 E.0872
G1 X138.362 Y141.231 E.08611
G1 X138.222 Y141.878 E.08963
G1 X138.183 Y142.275 E.05401
G1 X138.222 Y143.122 E.1148
G1 X138.425 Y143.945 E.11477
G1 X138.785 Y144.712 E.11472
G1 X139.288 Y145.394 E.11474
G1 X139.862 Y145.922 E.1056
G1 X116.138 Y145.922 E3.21212
G1 X116.712 Y145.394 E.1056
G1 X117.215 Y144.712 E.11474
G1 X117.575 Y143.945 E.11472
G1 X117.778 Y143.122 E.11477
G1 X117.817 Y142.275 E.1148
G1 X117.778 Y141.878 E.05401
G1 X117.638 Y141.231 E.08963
G1 X117.403 Y140.64 E.08611
G1 X117.215 Y140.288 E.05403
G1 X116.922 Y139.852 E.07112
G1 X116.553 Y139.447 E.07418
G1 X116.086 Y139.035 E.08432
G1 X115.495 Y138.659 E.09484
G1 X114.945 Y138.425 E.08093
G1 X114.563 Y138.309 E.05405
G1 X113.734 Y138.183 E.11353
G1 X112.936 Y138.216 E.10814
G1 X112.054 Y138.426 E.12276
G1 X111.288 Y138.785 E.11454
G1 X110.606 Y139.288 E.11474
G1 X110.078 Y139.862 E.1056
G1 X110.078 Y116.138 E3.21212
G1 X110.606 Y116.712 E.1056
G1 X111.288 Y117.215 E.11474
G1 X112.055 Y117.575 E.11472
G1 X112.878 Y117.778 E.11477
G1 X113.725 Y117.817 E.1148
G1 X114.122 Y117.778 E.05401
G1 X114.769 Y117.638 E.08963
G1 X115.36 Y117.403 E.08611
G1 X115.916 Y117.078 E.0872
G1 X116.394 Y116.712 E.08151
G1 X116.752 Y116.352 E.06874
G1 X117.078 Y115.916 E.07371
G1 X117.403 Y115.36 E.0872
G1 X117.638 Y114.769 E.08611
G1 X117.778 Y114.122 E.08963
G1 X117.817 Y113.725 E.05401
G1 X117.778 Y112.878 E.1148
G1 X117.575 Y112.055 E.11477
G1 X117.215 Y111.288 E.11472
G1 X116.712 Y110.606 E.11474
G1 X116.138 Y110.078 E.1056
G1 X139.862 Y110.078 E3.21212
G1 X139.288 Y110.606 E.1056
G1 X138.785 Y111.288 E.11474
G1 X138.425 Y112.055 E.11472
G1 X138.222 Y112.878 E.11477
G1 X138.183 Y113.725 E.1148
G1 X138.195 Y113.847 E.0166
M204 S8000
G1 X138.195 Y113.847 F18000
G1 X139.016 Y113.841
M204 S4000
G1 F900
G1 X138.997 Y113.275 E.07668
G1 X139.108 Y112.596 E.09315
G1 X139.349 Y111.952 E.0931
G1 X139.712 Y111.367 E.09322
G1 X140.182 Y110.864 E.09321
G1 X140.741 Y110.462 E.09322
G1 X141.366 Y110.178 E.09295
G1 X142.089 Y110.03 E.09992
;WIDTH:0.871038
G1 X142.73 Y110.017 E.08372
;WIDTH:0.888933
G1 X143.403 Y110.113 E.09079
;WIDTH:0.9
G1 X144.048 Y110.349 E.09299
G1 X144.633 Y110.712 E.09322
G1 X145.136 Y111.182 E.09321
G1 X145.538 Y111.741 E.09322
G1 X145.822 Y112.367 E.09307
;WIDTH:0.899459
G1 X145.967 Y113.039 E.09302
;WIDTH:0.874579
G1 X145.983 Y113.725 E.09001
;WIDTH:0.888777
G1 X145.887 Y114.403 E.09144
;WIDTH:0.9
G1 X145.651 Y115.048 E.09299
G1 X145.288 Y115.633 E.09322
G1 X144.818 Y116.136 E.09321
G1 X144.259 Y116.538 E.09322
G1 X143.633 Y116.823 E.09313
G1 X142.963 Y116.98 E.09317
G1 X142.275 Y117.003 E.0932
G1 X141.596 Y116.892 E.09315
G1 X140.952 Y116.651 E.0931
G1 X140.367 Y116.288 E.09322
G1 X139.864 Y115.818 E.09321
G1 X139.462 Y115.259 E.09322
G1 X139.177 Y114.633 E.09313
G1 X139.02 Y113.963 E.09317
G1 X139.02 Y113.96 E.00041
M204 S8000
G1 X139.02 Y113.96 F18000
G1 X139.82 Y113.809
M204 S3000
;TYPE:External perimeter
G1 F900
G1 X139.819 Y113.804 E.00069
G1 X139.811 Y113.275 E.07163
G1 X139.906 Y112.755 E.07157
G1 X140.102 Y112.263 E.07171
G1 X140.389 Y111.819 E.07158
G1 X140.757 Y111.44 E.07152
G1 X141.193 Y111.139 E.07173
G1 X141.678 Y110.93 E.0715
G1 X142.237 Y110.816 E.07724
G1 X142.804 Y110.819 E.07677
G1 X143.321 Y110.93 E.07159
G1 X143.807 Y111.139 E.07163
G1 X144.243 Y111.44 E.07173
G1 X144.611 Y111.819 E.07152
G1 X144.898 Y112.263 E.07158
G1 X145.094 Y112.755 E.07171
G1 X145.189 Y113.275 E.07157
G1 X145.183 Y113.795 E.07041
G1 X145.07 Y114.321 E.07284
G1 X144.861 Y114.807 E.07163
G1 X144.56 Y115.243 E.07173
G1 X144.181 Y115.611 E.07152
G1 X143.737 Y115.898 E.07158
G1 X143.245 Y116.094 E.07171
G1 X142.725 Y116.189 E.07157
G1 X142.196 Y116.181 E.07163
G1 X141.679 Y116.07 E.07159
G1 X141.213 Y115.873 E.0685
G1 X140.819 Y115.611 E.06406
G1 X140.44 Y115.243 E.07152
G1 X140.139 Y114.807 E.07173
G1 X139.93 Y114.321 E.07163
G1 X139.845 Y113.926 E.05471
M204 S8000
G1 X139.857 Y113.126 F18000
G1 E-2 F2400
G1 X109.983 Y111.165 F18000
G1 E2 F2400
M204 S4000
;TYPE:Perimeter
;WIDTH:0.708935
G1 F900
G1 X109.983 Y109.983 E.12248
G1 X111.165 Y109.983 E.12248
G1 X110.968 Y110.114 E.02451
G1 X110.356 Y110.674 E.08596
G1 X110.055 Y111.069 E.05146
M204 S8000
G1 E-2 F2400
G1 X110.055 Y111.069 F18000
G1 X111.848 Y116.586
G1 E2 F2400
M204 S4000
;WIDTH:0.9
G1 F900
G1 X111.367 Y116.288 E.07661
G1 X110.864 Y115.818 E.09321
G1 X110.462 Y115.259 E.09322
G1 X110.177 Y114.633 E.09313
G1 X110.034 Y113.96 E.09316
;WIDTH:0.87252
G1 X110.017 Y113.275 E.08964
;WIDTH:0.888932
G1 X110.113 Y112.597 E.09145
;WIDTH:0.9
G1 X110.349 Y111.952 E.09299
G1 X110.712 Y111.367 E.09322
G1 X111.182 Y110.864 E.09321
G1 X111.741 Y110.462 E.09322
G1 X112.366 Y110.178 E.09295
G1 X113.089 Y110.03 E.09992
;WIDTH:0.871038
G1 X113.73 Y110.017 E.08372
;WIDTH:0.888933
G1 X114.403 Y110.113 E.09079
;WIDTH:0.9
G1 X115.048 Y110.349 E.09299
G1 X115.633 Y110.712 E.09322
G1 X116.136 Y111.182 E.09321
G1 X116.538 Y111.741 E.09322
G1 X116.823 Y112.367 E.09313
G1 X116.98 Y113.037 E.09317
G1 X117.003 Y113.725 E.0932
G1 X116.892 Y114.404 E.09315
G1 X116.651 Y115.048 E.0931
G1 X116.288 Y115.633 E.09322
G1 X115.818 Y116.136 E.09321
G1 X115.259 Y116.538 E.09322
G1 X114.633 Y116.823 E.09313
G1 X113.963 Y116.98 E.09317
G1 X113.275 Y117.003 E.0932
G1 X112.596 Y116.892 E.09315
G1 X111.952 Y116.651 E.0931
G1 X111.95 Y116.649 E.00038
M204 S8000
G1 X111.95 Y116.649 F18000
G1 X112.259 Y115.895
M204 S3000
;TYPE:External perimeter
G1 F900
G1 X111.819 Y115.611 E.07091
G1 X111.44 Y115.243 E.07152
G1 X111.139 Y114.807 E.07173
G1 X110.93 Y114.321 E.07163
G1 X110.819 Y113.804 E.07159
G1 X110.811 Y113.275 E.07163
G1 X110.906 Y112.755 E.07157
G1 X111.102 Y112.263 E.07171
G1 X111.389 Y111.819 E.07158
G1 X111.757 Y111.44 E.07152
G1 X112.193 Y111.139 E.07173
G1 X112.678 Y110.93 E.0715
G1 X113.237 Y110.816 E.07724
G1 X113.804 Y110.819 E.07677
G1 X114.321 Y110.93 E.07159
G1 X114.807 Y111.139 E.07163
G1 X115.243 Y111.44 E.07173
G1 X115.611 Y111.819 E.07152
G1 X115.898 Y112.263 E.07158
G1 X116.094 Y112.755 E.07171
G1 X116.189 Y113.275 E.07157
G1 X116.181 Y113.804 E.07163
G1 X116.07 Y114.321 E.07159
G1 X115.873 Y114.787 E.0685
G1 X115.594 Y115.205 E.06804
G1 X115.234 Y115.569 E.06932
G1 X114.807 Y115.861 E.07004
G1 X114.321 Y116.07 E.07163
G1 X113.804 Y116.181 E.07159
G1 X113.275 Y116.189 E.07163
G1 X112.755 Y116.094 E.07157
G1 X112.37 Y115.941 E.05609
M204 S8000
G1 X111.713 Y115.483 F18000
G1 E-2 F2400
G1 X109.983 Y144.835 F18000
G1 E2 F2400
M204 S4000
;TYPE:Perimeter
;WIDTH:0.708936
G1 F900
G1 X110.114 Y145.032 E.02451
G1 X110.674 Y145.644 E.08596
G1 X111.165 Y146.017 E.06389
G1 X109.983 Y146.017 E.12248
G1 X109.983 Y144.955 E.11005
M204 S8000
G1 X109.983 Y144.955 F18000
G1 X110.411 Y144.148
M204 S4000
;WIDTH:0.9
G1 F900
G1 X110.177 Y143.633 E.07659
G1 X110.034 Y142.96 E.09316
;WIDTH:0.87252
G1 X110.017 Y142.275 E.08964
;WIDTH:0.888932
G1 X110.113 Y141.597 E.09145
;WIDTH:0.9
G1 X110.349 Y140.952 E.09299
G1 X110.712 Y140.367 E.09322
G1 X111.182 Y139.864 E.09321
G1 X111.741 Y139.462 E.09322
G1 X112.366 Y139.178 E.09295
G1 X113.087 Y139.016 E.10005
G1 X113.73 Y138.997 E.0871
G1 X114.404 Y139.108 E.09249
G1 X115.048 Y139.349 E.0931
G1 X115.633 Y139.712 E.09322
G1 X116.136 Y140.182 E.09321
G1 X116.538 Y140.741 E.09322
G1 X116.823 Y141.367 E.09313
G1 X116.98 Y142.037 E.09317
G1 X117.003 Y142.725 E.0932
G1 X116.892 Y143.404 E.09315
G1 X116.651 Y144.048 E.0931
G1 X116.288 Y144.633 E.09322
G1 X115.818 Y145.136 E.09321
G1 X115.259 Y145.538 E.09322
G1 X114.633 Y145.823 E.09313
G1 X113.96 Y145.966 E.09316
;WIDTH:0.87252
G1 X113.933 Y145.971 E.00359
;WIDTH:0.871207
G1 X113.275 Y145.983 E.08595
;WIDTH:0.888931
G1 X112.597 Y145.887 E.09145
;WIDTH:0.9
G1 X111.952 Y145.651 E.09299
G1 X111.367 Y145.288 E.09322
G1 X110.864 Y144.818 E.09321
G1 X110.462 Y144.259 E.09322
G1 X110.461 Y144.257 E.0003
M204 S8000
G1 X110.461 Y144.257 F18000
G1 X111.139 Y143.807
M204 S3000
;TYPE:External perimeter
G1 F900
G1 X110.93 Y143.321 E.07163
G1 X110.819 Y142.804 E.07159
G1 X110.811 Y142.275 E.07163
G1 X110.906 Y141.755 E.07157
G1 X111.102 Y141.263 E.07171
G1 X111.389 Y140.819 E.07158
G1 X111.757 Y140.44 E.07152
G1 X112.193 Y140.139 E.07173
G1 X112.678 Y139.93 E.0715
G1 X113.237 Y139.816 E.07724
G1 X113.768 Y139.813 E.0719
G1 X114.286 Y139.917 E.07153
G1 X114.764 Y140.114 E.07
G1 X115.193 Y140.398 E.06966
G1 X115.56 Y140.757 E.06951
G1 X115.861 Y141.193 E.07173
G1 X116.07 Y141.679 E.07163
G1 X116.181 Y142.196 E.07159
G1 X116.189 Y142.725 E.07163
G1 X116.094 Y143.245 E.07157
G1 X115.898 Y143.737 E.07171
G1 X115.611 Y144.181 E.07158
G1 X115.243 Y144.56 E.07152
G1 X114.807 Y144.861 E.07173
G1 X114.321 Y145.07 E.07163
G1 X113.795 Y145.183 E.07284
G1 X113.275 Y145.189 E.07041
G1 X112.755 Y145.094 E.07157
G1 X112.263 Y144.898 E.07171
G1 X111.819 Y144.611 E.07158
G1 X111.44 Y144.243 E.07152
G1 X111.207 Y143.906 E.05547
M204 S8000
G1 X110.914 Y143.162 F18000
G1 E-2 F2400
G1 X144.835 Y146.017 F18000
G1 E2 F2400
M204 S4000
;TYPE:Perimeter
;WIDTH:0.708936
G1 F900
G1 X145.032 Y145.886 E.02451
G1 X145.644 Y145.326 E.08596
G1 X146.017 Y144.835 E.06389
G1 X146.017 Y146.017 E.12248
G1 X144.955 Y146.017 E.11005
M204 S8000
G1 E-2 F2400
G1 X144.955 Y146.017 F18000
G1 X140.217 Y145.148
G1 E2 F2400
M204 S4000
;WIDTH:0.9
G1 F900
G1 X139.864 Y144.818 E.06543
G1 X139.462 Y144.259 E.09322
G1 X139.177 Y143.633 E.09313
G1 X139.02 Y142.963 E.09317
G1 X138.997 Y142.275 E.0932
G1 X139.108 Y141.596 E.09315
G1 X139.349 Y140.952 E.0931
G1 X139.712 Y140.367 E.09322
G1 X140.182 Y139.864 E.09321
G1 X140.741 Y139.462 E.09322
G1 X141.366 Y139.178 E.09295
G1 X142.087 Y139.016 E.10005
G1 X142.73 Y138.997 E.0871
G1 X143.404 Y139.108 E.09249
G1 X144.048 Y139.349 E.0931
G1 X144.633 Y139.712 E.09322
G1 X145.136 Y140.182 E.09321
G1 X145.538 Y140.741 E.09322
G1 X145.822 Y141.367 E.09307
;WIDTH:0.899458
G1 X145.967 Y142.039 E.09302
;WIDTH:0.874579
G1 X145.983 Y142.725 E.09001
;WIDTH:0.888778
G1 X145.887 Y143.403 E.09144
;WIDTH:0.9
G1 X145.651 Y144.048 E.09299
G1 X145.288 Y144.633 E.09322
G1 X144.818 Y145.136 E.09321
G1 X144.259 Y145.538 E.09322
G1 X143.633 Y145.823 E.09313
G1 X142.96 Y145.966 E.09316
;WIDTH:0.87252
G1 X142.275 Y145.983 E.08964
;WIDTH:0.888931
G1 X141.597 Y145.887 E.09145
;WIDTH:0.9
G1 X140.952 Y145.651 E.09299
G1 X140.367 Y145.288 E.09322
G1 X140.304 Y145.23 E.01159
M204 S8000
G1 X140.304 Y145.23 F18000
G1 X140.789 Y144.582
M204 S3000
;TYPE:External perimeter
G1 F900
G1 X140.757 Y144.56 E.00526
G1 X140.389 Y144.181 E.07152
G1 X140.102 Y143.737 E.07158
G1 X139.906 Y143.245 E.07171
G1 X139.811 Y142.725 E.07157
G1 X139.819 Y142.196 E.07163
G1 X139.93 Y141.679 E.07159
G1 X140.127 Y141.213 E.0685
G1 X140.406 Y140.795 E.06804
G1 X140.757 Y140.44 E.06759
G1 X141.193 Y140.139 E.07173
G1 X141.678 Y139.93 E.0715
G1 X142.237 Y139.816 E.07724
G1 X142.804 Y139.819 E.07677
G1 X143.321 Y139.93 E.07159
G1 X143.807 Y140.139 E.07163
G1 X144.243 Y140.44 E.07173
G1 X144.611 Y140.819 E.07152
G1 X144.898 Y141.263 E.07158
G1 X145.094 Y141.755 E.07171
G1 X145.189 Y142.275 E.07157
G1 X145.183 Y142.795 E.07041
G1 X145.07 Y143.321 E.07284
G1 X144.861 Y143.807 E.07163
G1 X144.56 Y144.243 E.07173
G1 X144.181 Y144.611 E.07152
G1 X143.737 Y144.898 E.07158
G1 X143.245 Y145.094 E.07171
G1 X142.725 Y145.189 E.07157
G1 X142.196 Y145.181 E.07163
G1 X141.679 Y145.07 E.07159
G1 X141.193 Y144.861 E.07163
G1 X140.888 Y144.651 E.05014
M204 S8000
G1 X140.34 Y144.068 F18000
G1 E-2 F2400
G1 X146.736 Y146.736 F18000
G1 E2 F2400
M204 S4000
;TYPE:Perimeter
G1 F3600
G1 X143.001 Y146.75 E.5057
;WIDTH:0.871207
G1 X142.275 Y146.756 E.09482
;WIDTH:0.888931
G1 X141.513 Y146.741 E.10179
;WIDTH:0.9
G1 X114.815 Y146.736 E3.61478
G1 X114.001 Y146.75 E.11023
;WIDTH:0.871207
G1 X113.275 Y146.756 E.09482
;WIDTH:0.888931
G1 X112.513 Y146.741 E.10179
;WIDTH:0.9
G1 X109.264 Y146.736 E.4399
G1 X109.25 Y143.001 E.5057
;WIDTH:0.871207
G1 X109.244 Y142.275 E.09482
;WIDTH:0.888932
G1 X109.259 Y141.513 E.10179
;WIDTH:0.9
G1 X109.264 Y114.815 E3.61478
G1 X109.25 Y114.001 E.11023
;WIDTH:0.871207
G1 X109.244 Y113.275 E.09482
;WIDTH:0.888932
G1 X109.259 Y112.513 E.10179
;WIDTH:0.9
G1 X109.264 Y109.264 E.4399
G1 X112.53 Y109.259 E.4422
;WIDTH:0.889177
G1 X113.036 Y109.249 E.06761
;WIDTH:0.870328
G1 X113.732 Y109.244 E.0908
;WIDTH:0.888933
G1 X114.487 Y109.259 E.10085
;WIDTH:0.9
G1 X141.53 Y109.259 E3.66149
;WIDTH:0.889177
G1 X142.036 Y109.249 E.06761
;WIDTH:0.870328
G1 X142.732 Y109.244 E.0908
;WIDTH:0.888933
G1 X143.487 Y109.259 E.10085
;WIDTH:0.9
G1 X146.736 Y109.264 E.4399
G1 X146.736 Y110.294 E.13946
G1 X146.741 Y112.513 E.30044
;WIDTH:0.888932
G1 X146.756 Y113.275 E.10179
;WIDTH:0.87252
G1 X146.75 Y114.037 E.09969
;WIDTH:0.9
G1 X146.736 Y114.815 E.10535
G1 X146.741 Y141.513 E3.61478
;WIDTH:0.888932
G1 X146.756 Y142.275 E.10179
;WIDTH:0.87252
G1 X146.75 Y143.037 E.09969
;WIDTH:0.9
G1 X146.736 Y146.616 E.48458
M204 S8000
G1 X146.736 Y146.616 F18000
G1 X147.55 Y147.55
M204 S3000
;TYPE:External perimeter
G1 F2400
G1 X108.45 Y147.55 E5.29395
G1 X108.45 Y108.45 E5.29395
G1 X147.55 Y108.45 E5.29395
G1 X147.55 Y110.294 E.24967
G1 X147.55 Y147.43 E5.02804
M204 S8000
G1 X146.759 Y147.549 F18000
G1 E-2 F2400
G1 X141.576 Y135.77 F18000
G1 E2 F2400
;TYPE:Solid infill
;WIDTH:0.765841
G1 F3600
G1 X141.516 Y135.83 E.0096
G1 X141.538 Y135.912 E.0096
G1 X141.62 Y135.934 E.0096
G1 X141.68 Y135.874 E.0096
G1 X141.658 Y135.792 E.0096
;WIDTH:0.81056
G1 X141.754 Y135.916 E.0189
;WIDTH:0.85528
G1 X141.85 Y136.04 E.02007
;WIDTH:0.9
G1 X141.945 Y136.164 E.02115
G1 X143.444 Y137.663 E.28703
G1 X143.2 Y137.704 E.0335
;WIDTH:0.85528
G1 X142.955 Y137.745 E.03179
;WIDTH:0.81056
G1 X142.711 Y137.786 E.02982
;WIDTH:0.765841
G1 X141.753 Y136.689 E.1647
G1 X141.753 Y136.689 F18000
G1 X141.945 Y135.013
;WIDTH:0.9
G1 F3600
G1 X145.311 Y138.379 E.64451
G1 X145.388 Y138.533 E.02331
;WIDTH:0.85528
G1 X145.464 Y138.686 E.02186
;WIDTH:0.81056
G1 X145.541 Y138.84 E.02075
;WIDTH:0.765841
G1 X145.481 Y138.9 E.0096
G1 X145.503 Y138.982 E.0096
G1 X145.585 Y139.004 E.0096
G1 X145.645 Y138.944 E.0096
G1 X145.623 Y138.862 E.0096
G1 X145.623 Y138.862 F18000
G1 X145.311 Y137.227
;WIDTH:0.9
G1 F3600
G1 X142.384 Y134.3 E.56046
G1 X142.196 Y134.223 E.02751
;WIDTH:0.85528
G1 X142.009 Y134.147 E.02583
;WIDTH:0.81056
G1 X141.821 Y134.071 E.02444
;WIDTH:0.765841
G1 X141.843 Y134.153 E.0096
G1 X141.783 Y134.213 E.0096
G1 X141.701 Y134.191 E.0096
G1 X141.679 Y134.109 E.0096
G1 X141.739 Y134.049 E.0096
;WIDTH:0.9
G1 X143.322 Y134.087 E.21439
G1 X145.311 Y136.076 E.38085
G1 X145.719 Y135.177 E.13367
;WIDTH:0.765841
G1 X145.741 Y135.259 E.0096
G1 X145.681 Y135.319 E.0096
G1 X145.598 Y135.297 E.00971
G1 X145.576 Y135.215 E.0096
G1 X145.637 Y135.155 E.00968
;WIDTH:0.81056
G1 X145.528 Y135.078 E.01608
;WIDTH:0.85528
G1 X145.42 Y135.001 E.01697
;WIDTH:0.9
G1 X145.311 Y134.924 E.01807
G1 X144.12 Y133.734 E.22795
G1 X145.105 Y133.225 E.15012
;WIDTH:1.23839
G1 F3123.498
G1 X145.003 Y133.327 E.02765
G1 X145.04 Y133.466 E.02757
G1 X145.179 Y133.504 E.02762
G1 X145.281 Y133.402 E.02765
G1 X145.244 Y133.263 E.02757
G1 E-2 F2400
G1 X145.244 Y133.263 F18000
G1 X144.447 Y127.172
G1 E2 F2400
;TYPE:Internal infill
;WIDTH:0.9
G1 F4200
G1 X145.311 Y126.762 E.12948
G1 X145.311 Y130.691 E.53197
G1 X144.611 Y131.519 E.1468
G1 X141.651 Y127.633 E.6614
G1 E-2 F2400
G1 X141.651 Y127.633 F18000
G1 X141.945 Y120.344
G1 E2 F2400
;TYPE:Solid infill
;WIDTH:0.9
G1 F3600
G1 X141.945 Y121.006 E.08963
G1 X143.315 Y122.805 E.30616
G1 X145.311 Y122.805 E.27025
G1 X145.311 Y117.549 E.71164
G1 X145.008 Y117.746 E.04893
G1 X144.206 Y118.127 E.12022
G1 X143.19 Y118.383 E.14186
G1 X142.96 Y118.394 E.03118
G1 X142.947 Y118.567 E.02349
G1 X142.503 Y118.932 E.07782
G1 X143.098 Y119.714 E.13304
G1 X143.175 Y119.89 E.02601
G1 X143.138 Y120.143 E.03462
G1 X143.037 Y120.272 E.02218
G1 X142.763 Y120.367 E.03926
G1 X142.352 Y120.356 E.05567
G1 X143.154 Y121.116 E.1496
;WIDTH:1.06121
G1 X143.759 Y121.91 E.16192
G1 X144.416 Y121.91 E.10657
G1 X144.416 Y121.328 E.0944
G1 X144.44 Y121.194 E.02208
;WIDTH:1.01415
G1 X144.463 Y121.06 E.02099
;WIDTH:0.967079
G1 X144.487 Y120.925 E.02009
;WIDTH:0.920012
G1 X144.51 Y120.791 E.01886
;WIDTH:0.872945
G1 X144.534 Y120.657 E.01782
;WIDTH:0.825878
G1 X144.555 Y120.321 E.04143
;WIDTH:0.784767
G1 X144.575 Y119.985 E.03912
;WIDTH:0.779101
G1 X144.557 Y119.65 E.03868
;WIDTH:0.814546
G1 X144.538 Y118.825 E.1
G1 X143.59 Y119.086 E.11916
G1 X143.844 Y119.467 E.05549
G1 X143.881 Y119.723 E.03135
;WIDTH:0.779101
G1 X143.917 Y119.98 E.02992
;WIDTH:0.784767
G1 X143.875 Y120.235 E.03004
;WIDTH:0.825878
G1 X143.833 Y120.491 E.03193
;WIDTH:0.872945
G1 X143.789 Y120.584 E.01347
;WIDTH:0.920012
G1 X143.746 Y120.677 E.01421
;WIDTH:0.967079
G1 X143.702 Y120.77 E.01508
;WIDTH:1.01415
G1 X143.658 Y120.863 E.01588
;WIDTH:1.06121
G1 X143.614 Y120.955 E.01654
G1 X143.538 Y120.982 E.01308
G1 E-2 F2400
G1 X143.538 Y120.982 F18000
G1 X115.292 Y129.441
G1 E2 F2400
;TYPE:Internal infill
;WIDTH:0.9
G1 F4200
G1 X112.457 Y125.718 E.63359
G1 X112.657 Y125.675 E.0277
G1 X112.276 Y125.423 E.06185
G1 X111.403 Y124.546 E.16754
G1 X110.689 Y123.703 E.14958
G1 X110.689 Y128.588 E.66141
G1 E-2 F2400
G1 X110.689 Y128.588 F18000
G1 X114.127 Y137.289
G1 E2 F2400
M204 S2500
;TYPE:Bridge infill
;WIDTH:0.804611
;HEIGHT:0.8
G1 F1500
G1 X114.747 Y138.103 E.21631
M204 S8000
G1 E-2 F2400
G1 X114.747 Y138.103 F18000
G1 X117.549 Y144.603
G1 E2 F2400
M204 S2500
G1 F1500
G1 X118.075 Y145.293 E.18341
G1 X119.149 Y145.293 E.22704
G1 X118.199 Y144.046 E.33139
G1 X118.305 Y143.696 E.07731
G1 X118.397 Y143.234 E.09958
G1 X118.426 Y142.934 E.06371
G1 X120.223 Y145.293 E.62689
G1 X121.298 Y145.293 E.22725
G1 X118.32 Y141.383 E1.039
G1 X118.238 Y141.041 E.07435
G1 X117.904 Y140.225 E.18639
G1 X117.741 Y139.944 E.06867
G1 X117.372 Y139.405 E.13809
G1 X116.833 Y138.838 E.16538
G1 X116.443 Y138.518 E.10664
G1 X115.849 Y138.14 E.14884
G1 X111.985 Y133.066 E1.34823
G1 X113.059 Y133.066 E.22704
G1 X122.372 Y145.293 E3.24911
G1 X123.446 Y145.293 E.22704
G1 X114.032 Y132.933 E3.28442
G1 X114.48 Y132.826 E.09737
G1 X114.877 Y132.633 E.09332
G1 X124.521 Y145.293 E3.36433
G1 X125.595 Y145.293 E.22704
G1 X115.622 Y132.2 E3.47929
G1 X116.07 Y131.868 E.11788
G1 X116.29 Y131.667 E.06299
G1 X126.669 Y145.293 E3.62093
G1 X127.743 Y145.293 E.22704
G1 X116.924 Y131.088 E3.77466
G1 X117.319 Y130.728 E.11298
G1 X113.91 Y126.253 E1.18922
G1 X114.257 Y126.177 E.07509
G1 X128.818 Y145.293 E5.07985
G1 X129.892 Y145.293 E.22704
G1 X115.178 Y125.976 E5.13325
G1 X115.602 Y125.883 E.09176
G1 X116.02 Y125.671 E.09908
G1 X130.966 Y145.293 E5.21426
G1 X132.041 Y145.293 E.22725
G1 X116.794 Y125.276 E5.31924
G1 X117.26 Y125.04 E.11042
G1 X112.73 Y119.093 E1.58035
G1 X113.156 Y119.089 E.09006
G1 X133.115 Y145.293 E6.96326
G1 X134.189 Y145.293 E.22704
G1 X113.896 Y118.651 E7.07971
G1 X113.909 Y118.434 E.04596
G1 X113.999 Y118.433 E.01903
G1 X114.705 Y118.302 E.15179
G1 X135.263 Y145.293 E7.17234
G1 X136.338 Y145.293 E.22725
G1 X115.547 Y117.998 E7.25331
G1 X115.775 Y117.904 E.05213
G1 X116.3 Y117.576 E.13086
G1 X137.412 Y145.293 E7.36539
G1 X138.418 Y145.293 E.21266
G1 X138.257 Y145.052 E.06127
G1 X138.148 Y144.849 E.04871
G1 X116.96 Y117.032 E7.39195
G1 X117.263 Y116.726 E.09103
G1 X117.529 Y116.369 E.09411
G1 X137.555 Y142.66 E6.98648
G1 X137.567 Y142.001 E.13933
G1 X137.676 Y141.408 E.12746
G1 X117.995 Y115.57 E6.86611
G1 X118.238 Y114.958 E.1392
G1 X118.324 Y114.592 E.07948
G1 X138.009 Y140.436 E6.86763
G1 X138.096 Y140.225 E.04825
G1 X138.259 Y139.944 E.06867
G1 X138.472 Y139.633 E.07969
G1 X118.445 Y113.34 E6.98694
G1 X118.397 Y112.766 E.12176
G1 X118.305 Y112.304 E.09958
G1 X118.16 Y111.825 E.1058
G1 X117.979 Y111.39 E.0996
G1 X117.851 Y111.15 E.0575
G1 X139.041 Y138.97 E7.39271
G1 X139.166 Y138.839 E.03828
G1 X139.48 Y138.571 E.08727
G1 X139.701 Y138.425 E.05599
G1 X118.588 Y110.707 E7.36569
G1 X119.662 Y110.707 E.22704
G1 X140.448 Y137.996 E7.25166
G1 X141.056 Y137.758 E.13802
G1 X141.296 Y137.699 E.05225
G1 X120.737 Y110.707 E7.17264
G1 X121.811 Y110.707 E.22704
G1 X139.082 Y133.382 E6.02549
G1 X140.188 Y133.423 E.23396
G1 X122.885 Y110.707 E6.03648
G1 X123.959 Y110.707 E.22704
G1 X141.294 Y133.465 E6.04764
G1 X142.156 Y133.497 E.18235
G1 X142.361 Y133.455 E.04424
G1 X125.034 Y110.707 E6.04494
G1 X126.108 Y110.707 E.22704
G1 X143.249 Y133.21 E5.97991
G1 X143.707 Y133.008 E.10582
G1 X144.01 Y132.8 E.07769
G1 X127.182 Y110.707 E5.87087
G1 X128.257 Y110.707 E.22725
G1 X140.02 Y126.15 E4.10377
G1 X141.202 Y126.292 E.25167
G1 X129.331 Y110.707 E4.14148
G1 X130.405 Y110.707 E.22704
G1 X142.384 Y126.433 E4.17903
G1 X143.296 Y126.542 E.19416
G1 X143.513 Y126.506 E.0465
G1 X131.479 Y110.707 E4.19835
G1 X132.554 Y110.707 E.22725
G1 X144.408 Y126.27 E4.1356
G1 X144.776 Y126.095 E.08614
G1 X139.711 Y119.446 E1.76694
G1 X140.298 Y119.463 E.12414
G1 X133.628 Y110.707 E2.32685
G1 X134.702 Y110.707 E.22704
G1 X137.68 Y114.616 E1.03883
G1 X137.84 Y115.175 E.12292
G1 X138.019 Y115.608 E.09905
G1 X138.179 Y115.928 E.07563
G1 X138.571 Y116.52 E.15009
G1 X138.839 Y116.834 E.08727
G1 X139.405 Y117.372 E.16508
G1 X139.944 Y117.741 E.13809
G1 X140.152 Y117.862 E.05087
G1 X141.396 Y119.495 E.43396
G1 X141.897 Y119.51 E.10596
G1 X141.337 Y118.775 E.19534
G1 X141.707 Y118.493 E.09834
G1 X141.254 Y117.897 E.15825
M204 S8000
G1 E-2 F2400
G1 X141.254 Y117.897 F18000
G1 X137.936 Y113.542
G1 E2 F2400
M204 S2500
G1 F1500
G1 X135.777 Y110.707 E.75331
G1 X136.851 Y110.707 E.22704
G1 X137.801 Y111.954 E.33139
G1 X138.021 Y111.39 E.12798
G1 X138.196 Y111.062 E.07859
G1 X137.634 Y110.324 E.1961
M204 S8000
G1 E-2 F2400
G1 X137.634 Y110.324 F18000
G1 X110.687 Y119.215
G1 E2 F2400
;TYPE:Solid infill
;WIDTH:0.9
;HEIGHT:0.4
G1 F3600
G1 X110.689 Y122.805 E.48607
G1 X114.03 Y122.805 E.45236
G1 X114.055 Y122.205 E.08131
G1 X111.556 Y118.921 E.55874
;WIDTH:0.895182
G1 X111.479 Y118.676 E.03457
;WIDTH:0.929978
G1 X111.502 Y118.485 E.02701
G1 X111.775 Y118.267 E.04904
G1 X112.097 Y118.284 E.04527
;WIDTH:0.882862
G1 X112.42 Y118.3 E.04286
;WIDTH:0.835746
G1 X112.743 Y118.317 E.04034
G1 X112.457 Y118.269 E.03617
;WIDTH:0.882862
G1 X112.17 Y118.221 E.03857
;WIDTH:0.929978
G1 X111.884 Y118.173 E.04071
G1 X111.307 Y117.912 E.0889
G1 X110.704 Y117.577 E.09684
G1 X110.684 Y118.808 E.17283
G1 X110.684 Y118.808 F18000
G1 X111.526 Y120.266
;WIDTH:0.944935
G1 F3600
G1 X111.526 Y121.968 E.24316
G1 X112.822 Y121.968 E.18516
G1 X111.772 Y120.589 E.24763
G1 E-2 F2400
G1 X111.772 Y120.589 F18000
G1 X110.689 Y138.044
G1 E2 F2400
;WIDTH:0.9
G1 F3600
G1 X110.689 Y133.217 E.65355
G1 X113.642 Y137.094 E.65985
G1 X113.235 Y137.412 E.06993
G1 X113.215 Y137.596 E.02506
G1 X112.793 Y137.622 E.05725
G1 X111.792 Y137.874 E.13976
G1 X110.992 Y138.254 E.11991
G1 X110.689 Y138.451 E.04893
G1 E-2 F2400
G1 X110.689 Y138.451 F18000
G1 X111.719 Y135.864
G1 E2 F2400
;WIDTH:0.839479
G1 F3600
G1 X112.499 Y136.887 E.16123
G1 X111.473 Y137.16 E.13306
G1 X111.473 Y135.54 E.20304
;LAYER_CHANGE
;Z:4.8
;HEIGHT:0.4
G1 Z4.8 F18000
G1 E-2 F2400
G1 Z4.8 F18000
G1 X144.835 Y109.983
G1 Z4.8
G1 E2 F2400
M204 S4000
;TYPE:Perimeter
;WIDTH:0.708935
G1 F900
G1 X146.017 Y109.983 E.12248
G1 X146.017 Y110.294 E.03223
G1 X146.017 Y111.165 E.09025
G1 X145.886 Y110.968 E.02451
G1 X145.326 Y110.356 E.08596
G1 X144.931 Y110.055 E.05146
M204 S8000
G1 E-2 F2400
G1 X144.931 Y110.055 F18000
G1 X138.206 Y113.966
G1 E2 F2400
M204 S4000
;WIDTH:0.9
G1 F3600
G1 X138.222 Y114.122 E.02123
G1 X138.362 Y114.769 E.08963
G1 X138.597 Y115.36 E.08611
G1 X138.922 Y115.916 E.0872
G1 X139.288 Y116.394 E.08151
G1 X139.648 Y116.752 E.06874
G1 X140.084 Y117.078 E.07371
G1 X140.64 Y117.403 E.0872
G1 X141.231 Y117.638 E.08611
G1 X141.878 Y117.778 E.08963
G1 X142.275 Y117.817 E.05401
G1 X143.122 Y117.778 E.1148
G1 X143.945 Y117.575 E.11477
G1 X144.712 Y117.215 E.11472
G1 X145.394 Y116.712 E.11474
G1 X145.922 Y116.138 E.1056
G1 X145.922 Y139.862 E3.21212
G1 X145.712 Y139.606 E.04483
G1 X145.086 Y139.035 E.11472
G1 X144.36 Y138.597 E.1148
G1 X143.563 Y138.309 E.11474
G1 X142.729 Y138.183 E.1142
G1 X141.907 Y138.219 E.1114
G1 X141.236 Y138.36 E.09283
G1 X140.64 Y138.597 E.08684
G1 X140.084 Y138.922 E.0872
G1 X139.606 Y139.288 E.08151
G1 X139.248 Y139.648 E.06874
G1 X138.922 Y140.084 E.07371
G1 X138.597 Y140.64 E.0872
G1 X138.362 Y141.231 E.08611
G1 X138.222 Y141.878 E.08963
G1 X138.183 Y142.275 E.05401
G1 X138.222 Y143.122 E.1148
G1 X138.425 Y143.945 E.11477
G1 X138.785 Y144.712 E.11472
G1 X139.288 Y145.394 E.11474
G1 X139.862 Y145.922 E.1056
G1 X116.138 Y145.922 E3.21212
G1 X116.712 Y145.394 E.1056
G1 X117.215 Y144.712 E.11474
G1 X117.575 Y143.945 E.11472
G1 X117.778 Y143.122 E.11477
G1 X117.817 Y142.275 E.1148
G1 X117.778 Y141.878 E.05401
G1 X117.638 Y141.231 E.08963
G1 X117.403 Y140.64 E.08611
G1 X117.215 Y140.288 E.05403
G1 X116.922 Y139.852 E.07112
G1 X116.553 Y139.447 E.07418
G1 X116.086 Y139.035 E.08432
G1 X115.495 Y138.659 E.09484
G1 X114.945 Y138.425 E.08093
G1 X114.563 Y138.309 E.05405
G1 X113.729 Y138.183 E.1142
G1 X112.907 Y138.219 E.1114
G1 X112.056 Y138.425 E.11855
G1 X111.288 Y138.785 E.11484
G1 X110.606 Y139.288 E.11474
G1 X110.078 Y139.862 E.1056
G1 X110.078 Y116.138 E3.21212
G1 X110.606 Y116.712 E.1056
G1 X111.288 Y117.215 E.11474
G1 X112.055 Y117.575 E.11472
G1 X112.878 Y117.778 E.11477
G1 X113.725 Y117.817 E.1148
G1 X114.122 Y117.778 E.05401
G1 X114.769 Y117.638 E.08963
G1 X115.36 Y117.403 E.08611
G1 X115.916 Y117.078 E.0872
G1 X116.394 Y116.712 E.08151
G1 X116.752 Y116.352 E.06874
G1 X117.078 Y115.916 E.07371
G1 X117.403 Y115.36 E.0872
G1 X117.638 Y114.769 E.08611
G1 X117.778 Y114.122 E.08963
G1 X117.817 Y113.725 E.05401
G1 X117.778 Y112.878 E.1148
G1 X117.575 Y112.055 E.11477
G1 X117.215 Y111.288 E.11472
G1 X116.712 Y110.606 E.11474
G1 X116.138 Y110.078 E.1056
G1 X139.862 Y110.078 E3.21212
G1 X139.288 Y110.606 E.1056
G1 X138.785 Y111.288 E.11474
G1 X138.425 Y112.055 E.11472
G1 X138.222 Y112.878 E.11477
G1 X138.183 Y113.725 E.1148
G1 X138.195 Y113.847 E.0166
M204 S8000
G1 X138.195 Y113.847 F18000
G1 X139.016 Y113.841
M204 S4000
G1 F900
G1 X138.997 Y113.275 E.07668
G1 X139.108 Y112.596 E.09315
G1 X139.349 Y111.952 E.0931
G1 X139.712 Y111.367 E.09322
G1 X140.182 Y110.864 E.09321
G1 X140.741 Y110.462 E.09322
G1 X141.367 Y110.177 E.09313
G1 X142.064 Y110.032 E.09639
;WIDTH:0.871767
G1 X142.727 Y110.017 E.08668
;WIDTH:0.888932
G1 X143.403 Y110.113 E.09119
;WIDTH:0.9
G1 X144.048 Y110.349 E.09299
G1 X144.633 Y110.712 E.09322
G1 X145.136 Y111.182 E.09321
G1 X145.538 Y111.741 E.09322
G1 X145.822 Y112.367 E.09307
;WIDTH:0.899459
G1 X145.967 Y113.039 E.09302
;WIDTH:0.874579
G1 X145.983 Y113.725 E.09001
;WIDTH:0.888778
G1 X145.887 Y114.403 E.09144
;WIDTH:0.9
G1 X145.651 Y115.048 E.09299
G1 X145.288 Y115.633 E.09322
G1 X144.818 Y116.136 E.09321
G1 X144.259 Y116.538 E.09322
G1 X143.633 Y116.823 E.09313
G1 X142.963 Y116.98 E.09317
G1 X142.275 Y117.003 E.0932
G1 X141.596 Y116.892 E.09315
G1 X141.367 Y116.823 E.03238
G1 X140.871 Y116.614 E.07287
G1 X140.367 Y116.288 E.08127
G1 X139.864 Y115.818 E.09321
G1 X139.462 Y115.259 E.09322
G1 X139.177 Y114.633 E.09313
G1 X139.02 Y113.963 E.09317
G1 X139.02 Y113.96 E.00041
M204 S8000
G1 X139.02 Y113.96 F18000
G1 X139.825 Y113.834
M204 S3000
;TYPE:External perimeter
G1 F900
G1 X139.819 Y113.804 E.00414
G1 X139.811 Y113.275 E.07163
G1 X139.906 Y112.755 E.07157
G1 X140.102 Y112.263 E.07171
G1 X140.389 Y111.819 E.07158
G1 X140.757 Y111.44 E.07152
G1 X141.193 Y111.139 E.07173
G1 X141.679 Y110.929 E.07168
G1 X142.216 Y110.817 E.07427
G1 X142.726 Y110.811 E.06906
G1 X143.245 Y110.906 E.07144
G1 X143.737 Y111.102 E.07171
G1 X144.181 Y111.389 E.07158
G1 X144.56 Y111.757 E.07152
G1 X144.861 Y112.193 E.07173
G1 X145.07 Y112.679 E.07163
G1 X145.181 Y113.196 E.07159
G1 X145.189 Y113.725 E.07163
G1 X145.094 Y114.245 E.07157
G1 X144.898 Y114.737 E.07171
G1 X144.611 Y115.181 E.07158
G1 X144.243 Y115.56 E.07152
G1 X143.807 Y115.861 E.07173
G1 X143.321 Y116.07 E.07163
G1 X142.804 Y116.181 E.07159
G1 X142.275 Y116.189 E.07163
G1 X141.679 Y116.07 E.08229
G1 X141.213 Y115.873 E.0685
G1 X140.795 Y115.594 E.06804
G1 X140.431 Y115.234 E.06932
G1 X140.139 Y114.807 E.07004
G1 X139.93 Y114.321 E.07163
G1 X139.85 Y113.951 E.05125
M204 S8000
G1 X139.854 Y113.151 F18000
G1 E-2 F2400
G1 X144.835 Y146.017 F18000
G1 E2 F2400
M204 S4000
;TYPE:Perimeter
;WIDTH:0.708936
G1 F900
G1 X145.032 Y145.886 E.02451
G1 X145.644 Y145.326 E.08596
G1 X146.017 Y144.835 E.06389
G1 X146.017 Y146.017 E.12248
G1 X144.955 Y146.017 E.11005
M204 S8000
G1 E-2 F2400
G1 X144.955 Y146.017 F18000
G1 X140.277 Y145.204
G1 E2 F2400
M204 S4000
;WIDTH:0.9
G1 F900
G1 X139.864 Y144.818 E.07654
G1 X139.462 Y144.259 E.09322
G1 X139.177 Y143.633 E.09313
G1 X139.02 Y142.963 E.09317
G1 X138.997 Y142.275 E.0932
G1 X139.108 Y141.596 E.09315
G1 X139.349 Y140.952 E.0931
G1 X139.712 Y140.367 E.09322
G1 X139.815 Y140.234 E.02278
G1 X140.182 Y139.864 E.07056
G1 X140.741 Y139.462 E.09322
G1 X141.367 Y139.177 E.09313
G1 X142.062 Y139.018 E.09653
G1 X142.727 Y138.997 E.09008
G1 X143.404 Y139.108 E.09289
G1 X144.048 Y139.349 E.0931
G1 X144.633 Y139.712 E.09322
G1 X145.136 Y140.182 E.09321
G1 X145.538 Y140.741 E.09322
G1 X145.822 Y141.367 E.09307
;WIDTH:0.899458
G1 X145.967 Y142.039 E.09302
;WIDTH:0.874579
G1 X145.983 Y142.725 E.09001
;WIDTH:0.888778
G1 X145.887 Y143.403 E.09144
;WIDTH:0.9
G1 X145.651 Y144.048 E.09299
G1 X145.288 Y144.633 E.09322
G1 X144.818 Y145.136 E.09321
G1 X144.259 Y145.538 E.09322
G1 X143.633 Y145.823 E.09313
G1 X142.96 Y145.966 E.09316
;WIDTH:0.87252
G1 X142.275 Y145.983 E.08964
;WIDTH:0.888931
G1 X141.597 Y145.887 E.09145
;WIDTH:0.9
G1 X140.952 Y145.651 E.09299
G1 X140.367 Y145.288 E.09322
G1 X140.365 Y145.286 E.00038
M204 S8000
G1 X140.365 Y145.286 F18000
G1 X140.812 Y144.604
M204 S3000
;TYPE:External perimeter
G1 F900
G1 X140.44 Y144.243 E.07018
G1 X140.139 Y143.807 E.07173
G1 X139.93 Y143.321 E.07163
G1 X139.819 Y142.804 E.07159
G1 X139.811 Y142.275 E.07163
G1 X139.906 Y141.755 E.07157
G1 X140.102 Y141.263 E.07171
G1 X140.423 Y140.775 E.07909
G1 X140.785 Y140.415 E.06912
G1 X141.213 Y140.127 E.06985
G1 X141.679 Y139.929 E.06855
G1 X142.216 Y139.817 E.07427
G1 X142.726 Y139.811 E.06906
G1 X143.245 Y139.906 E.07144
G1 X143.737 Y140.102 E.07171
G1 X144.181 Y140.389 E.07158
G1 X144.56 Y140.757 E.07152
G1 X144.861 Y141.193 E.07173
G1 X145.07 Y141.679 E.07163
G1 X145.181 Y142.196 E.07159
G1 X145.189 Y142.725 E.07163
G1 X145.094 Y143.245 E.07157
G1 X144.898 Y143.737 E.07171
G1 X144.611 Y144.181 E.07158
G1 X144.243 Y144.56 E.07152
G1 X143.807 Y144.861 E.07173
G1 X143.321 Y145.07 E.07163
G1 X142.804 Y145.181 E.07159
G1 X142.275 Y145.189 E.07163
G1 X141.755 Y145.094 E.07157
G1 X141.263 Y144.898 E.07171
G1 X140.911 Y144.671 E.05671
M204 S8000
G1 X140.358 Y144.093 F18000
G1 E-2 F2400
G1 X109.983 Y144.835 F18000
G1 E2 F2400
M204 S4000
;TYPE:Perimeter
;WIDTH:0.708936
G1 F900
G1 X110.114 Y145.032 E.02451
G1 X110.674 Y145.644 E.08596
G1 X111.165 Y146.017 E.06389
G1 X109.983 Y146.017 E.12248
G1 X109.983 Y144.955 E.11005
M204 S8000
G1 X109.983 Y144.955 F18000
G1 X110.411 Y144.148
M204 S4000
;WIDTH:0.9
G1 F900
G1 X110.177 Y143.633 E.07659
G1 X110.034 Y142.96 E.09316
;WIDTH:0.87252
G1 X110.017 Y142.275 E.08964
;WIDTH:0.888931
G1 X110.113 Y141.597 E.09145
;WIDTH:0.9
G1 X110.349 Y140.952 E.09299
G1 X110.712 Y140.367 E.09322
G1 X111.182 Y139.864 E.09321
G1 X111.741 Y139.462 E.09322
G1 X112.367 Y139.177 E.09313
G1 X113.062 Y139.018 E.09653
G1 X113.727 Y138.997 E.09008
G1 X114.404 Y139.108 E.09289
G1 X115.048 Y139.349 E.0931
G1 X115.633 Y139.712 E.09322
G1 X116.136 Y140.182 E.09321
G1 X116.538 Y140.741 E.09322
G1 X116.823 Y141.367 E.09313
G1 X116.98 Y142.037 E.09317
G1 X117.003 Y142.725 E.0932
G1 X116.892 Y143.404 E.09315
G1 X116.651 Y144.048 E.0931
G1 X116.288 Y144.633 E.09322
G1 X115.818 Y145.136 E.09321
G1 X115.259 Y145.538 E.09322
G1 X114.633 Y145.823 E.09313
G1 X113.96 Y145.966 E.09316
;WIDTH:0.87252
G1 X113.275 Y145.983 E.08964
;WIDTH:0.888931
G1 X112.597 Y145.887 E.09145
;WIDTH:0.9
G1 X111.952 Y145.651 E.09299
G1 X111.367 Y145.288 E.09322
G1 X110.864 Y144.818 E.09321
G1 X110.462 Y144.259 E.09322
G1 X110.461 Y144.257 E.0003
M204 S8000
G1 X110.461 Y144.257 F18000
G1 X111.13 Y143.785
M204 S3000
;TYPE:External perimeter
G1 F900
G1 X110.93 Y143.321 E.06841
G1 X110.819 Y142.804 E.07159
G1 X110.811 Y142.275 E.07163
G1 X110.906 Y141.755 E.07157
G1 X111.102 Y141.263 E.07171
G1 X111.389 Y140.819 E.07158
G1 X111.757 Y140.44 E.07152
G1 X112.193 Y140.139 E.07173
G1 X112.679 Y139.929 E.07168
G1 X113.216 Y139.817 E.07427
G1 X113.726 Y139.811 E.06906
G1 X114.245 Y139.906 E.07144
G1 X114.737 Y140.102 E.07171
G1 X115.181 Y140.389 E.07158
G1 X115.56 Y140.757 E.07152
G1 X115.861 Y141.193 E.07173
G1 X116.07 Y141.679 E.07163
G1 X116.181 Y142.196 E.07159
G1 X116.189 Y142.725 E.07163
G1 X116.094 Y143.245 E.07157
G1 X115.898 Y143.737 E.07171
G1 X115.611 Y144.181 E.07158
G1 X115.243 Y144.56 E.07152
G1 X114.807 Y144.861 E.07173
G1 X114.321 Y145.07 E.07163
G1 X113.804 Y145.181 E.07159
G1 X113.275 Y145.189 E.07163
G1 X112.755 Y145.094 E.07157
G1 X112.263 Y144.898 E.07171
G1 X111.819 Y144.611 E.07158
G1 X111.44 Y144.243 E.07152
G1 X111.194 Y143.886 E.0587
M204 S8000
G1 X110.908 Y143.139 F18000
G1 E-2 F2400
G1 X109.983 Y111.165 F18000
G1 E2 F2400
M204 S4000
;TYPE:Perimeter
;WIDTH:0.708935
G1 F900
G1 X109.983 Y109.983 E.12248
G1 X111.165 Y109.983 E.12248
G1 X110.968 Y110.114 E.02451
G1 X110.356 Y110.674 E.08596
G1 X110.055 Y111.069 E.05146
M204 S8000
G1 E-2 F2400
G1 X110.055 Y111.069 F18000
G1 X111.848 Y116.586
G1 E2 F2400
M204 S4000
;WIDTH:0.9
G1 F900
G1 X111.367 Y116.288 E.07661
G1 X110.864 Y115.818 E.09321
G1 X110.462 Y115.259 E.09322
G1 X110.177 Y114.633 E.09313
G1 X110.034 Y113.96 E.09316
;WIDTH:0.87252
G1 X110.017 Y113.275 E.08964
;WIDTH:0.888931
G1 X110.113 Y112.597 E.09145
;WIDTH:0.9
G1 X110.349 Y111.952 E.09299
G1 X110.712 Y111.367 E.09322
G1 X111.182 Y110.864 E.09321
G1 X111.741 Y110.462 E.09322
G1 X112.367 Y110.177 E.09313
G1 X113.064 Y110.032 E.09639
;WIDTH:0.871767
G1 X113.727 Y110.017 E.08668
;WIDTH:0.888932
G1 X114.403 Y110.113 E.09119
;WIDTH:0.9
G1 X115.048 Y110.349 E.09299
G1 X115.633 Y110.712 E.09322
G1 X116.136 Y111.182 E.09321
G1 X116.538 Y111.741 E.09322
G1 X116.823 Y112.367 E.09313
G1 X116.98 Y113.037 E.09317
G1 X117.003 Y113.725 E.0932
G1 X116.892 Y114.404 E.09315
G1 X116.651 Y115.048 E.0931
G1 X116.288 Y115.633 E.09322
G1 X115.818 Y116.136 E.09321
G1 X115.259 Y116.538 E.09322
G1 X114.633 Y116.823 E.09313
G1 X113.963 Y116.98 E.09317
G1 X113.275 Y117.003 E.0932
G1 X112.596 Y116.892 E.09315
G1 X111.952 Y116.651 E.0931
G1 X111.95 Y116.649 E.00038
M204 S8000
G1 X111.95 Y116.649 F18000
G1 X112.237 Y115.882
M204 S3000
;TYPE:External perimeter
G1 F900
G1 X111.819 Y115.611 E.06745
G1 X111.44 Y115.243 E.07152
G1 X111.139 Y114.807 E.07173
G1 X110.93 Y114.321 E.07163
G1 X110.819 Y113.804 E.07159
G1 X110.811 Y113.275 E.07163
G1 X110.906 Y112.755 E.07157
G1 X111.102 Y112.263 E.07171
G1 X111.389 Y111.819 E.07158
G1 X111.757 Y111.44 E.07152
G1 X112.193 Y111.139 E.07173
G1 X112.679 Y110.929 E.07168
G1 X113.216 Y110.817 E.07427
G1 X113.726 Y110.811 E.06906
G1 X114.245 Y110.906 E.07144
G1 X114.737 Y111.102 E.07171
G1 X115.181 Y111.389 E.07158
G1 X115.56 Y111.757 E.07152
G1 X115.861 Y112.193 E.07173
G1 X116.07 Y112.679 E.07163
G1 X116.181 Y113.196 E.07159
G1 X116.189 Y113.725 E.07163
G1 X116.094 Y114.245 E.07157
G1 X115.898 Y114.737 E.07171
G1 X115.611 Y115.181 E.07158
G1 X115.243 Y115.56 E.07152
G1 X114.807 Y115.861 E.07173
G1 X114.321 Y116.07 E.07163
G1 X113.804 Y116.181 E.07159
G1 X113.275 Y116.189 E.07163
G1 X112.755 Y116.094 E.07157
G1 X112.346 Y115.931 E.05961
M204 S8000
G1 X111.695 Y115.467 F18000
G1 E-2 F2400
G1 X146.736 Y146.736 F18000
G1 E2 F2400
M204 S4000
;TYPE:Perimeter
G1 F3600
G1 X143.001 Y146.75 E.5057
;WIDTH:0.871207
G1 X142.275 Y146.756 E.09482
;WIDTH:0.888931
G1 X141.513 Y146.741 E.10179
;WIDTH:0.9
G1 X114.815 Y146.736 E3.61478
G1 X114.001 Y146.75 E.11023
;WIDTH:0.871207
G1 X113.275 Y146.756 E.09482
;WIDTH:0.888931
G1 X112.513 Y146.741 E.10179
;WIDTH:0.9
G1 X109.264 Y146.736 E.4399
G1 X109.25 Y143.001 E.5057
;WIDTH:0.871207
G1 X109.244 Y142.275 E.09482
;WIDTH:0.888931
G1 X109.259 Y141.513 E.10179
;WIDTH:0.9
G1 X109.264 Y114.815 E3.61478
G1 X109.25 Y114.001 E.11023
;WIDTH:0.871207
G1 X109.244 Y113.275 E.09482
;WIDTH:0.888931
G1 X109.259 Y112.513 E.10179
;WIDTH:0.9
G1 X109.264 Y109.264 E.4399
G1 X113.017 Y109.25 E.50814
;WIDTH:0.870767
G1 X113.728 Y109.244 E.09281
;WIDTH:0.888932
G1 X114.487 Y109.259 E.10139
;WIDTH:0.9
G1 X141.185 Y109.264 E3.61478
G1 X142.017 Y109.25 E.11266
;WIDTH:0.870767
G1 X142.728 Y109.244 E.09281
;WIDTH:0.888932
G1 X143.487 Y109.259 E.10139
;WIDTH:0.9
G1 X146.736 Y109.264 E.4399
G1 X146.736 Y110.294 E.13946
G1 X146.741 Y112.513 E.30044
;WIDTH:0.888932
G1 X146.756 Y113.275 E.10179
;WIDTH:0.87252
G1 X146.75 Y114.037 E.09969
;WIDTH:0.9
G1 X146.736 Y114.815 E.10535
G1 X146.741 Y141.513 E3.61478
;WIDTH:0.888932
G1 X146.756 Y142.275 E.10179
;WIDTH:0.87252
G1 X146.75 Y143.037 E.09969
;WIDTH:0.9
G1 X146.736 Y146.616 E.48458
M204 S8000
G1 X146.736 Y146.616 F18000
G1 X147.55 Y147.55
M204 S3000
;TYPE:External perimeter
G1 F2400
G1 X108.45 Y147.55 E5.29395
G1 X108.45 Y108.45 E5.29395
G1 X147.55 Y108.45 E5.29395
G1 X147.55 Y110.294 E.24967
G1 X147.55 Y147.43 E5.02804
M204 S8000
G1 X146.759 Y147.549 F18000
G1 E-2 F2400
G1 X142.95 Y130.14 F18000
G1 E2 F2400
;TYPE:Internal infill
;WIDTH:0.9
G1 F4200
G1 X144.49 Y130.14 E.20851
G1 X144.49 Y126.795 E.4529
G1 X143.724 Y126.888 E.10447
G1 X142.85 Y126.749 E.11982
G1 X141.977 Y126.456 E.12468
G1 X141.103 Y125.987 E.1343
G1 X140.61 Y125.617 E.08346
G1 X140.63 Y130.376 E.64435
G1 E-2 F2400
G1 X140.63 Y130.376 F18000
G1 X114.095 Y130.14
G1 E2 F2400
G1 F4200
G1 X114.864 Y130.201 E.10445
G1 X115.39 Y130.383 E.07536
G1 X115.39 Y126.828 E.48133
G1 X114.897 Y126.749 E.0676
G1 X114.023 Y126.456 E.12481
G1 X112.997 Y125.86 E.16065
G1 X111.51 Y125.86 E.20133
G1 X111.51 Y129.257 E.45994
G1 E-2 F2400
G1 X111.51 Y129.257 F18000
G1 X118.842 Y110.689
G1 E2 F2400
;TYPE:Solid infill
;WIDTH:0.9
G1 F3600
G1 X118.013 Y111.518 E.15874
;WIDTH:0.937693
G1 X117.846 Y111.162 E.05571
;WIDTH:0.975387
G1 X117.678 Y110.805 E.05837
G1 X117.571 Y110.834 E.0164
G1 X117.492 Y110.755 E.01653
G1 X117.521 Y110.648 E.0164
G1 X117.629 Y110.619 E.01654
G1 X117.707 Y110.698 E.01642
G1 X117.707 Y110.698 F18000
G1 X118.302 Y112.381
;WIDTH:0.9
G1 F3600
G1 X119.994 Y110.689 E.32398
G1 X121.145 Y110.689 E.15584
G1 X118.426 Y113.408 E.52063
G1 X118.426 Y113.408 F18000
G1 X117.985 Y115.336
;WIDTH:0.765841
G1 F3600
G1 X117.903 Y115.358 E.0096
G1 X117.843 Y115.298 E.0096
G1 X117.865 Y115.216 E.0096
G1 X117.947 Y115.194 E.0096
G1 X118.007 Y115.254 E.0096
;WIDTH:0.81056
G1 X118.1 Y115.069 E.02496
;WIDTH:0.85528
G1 X118.192 Y114.885 E.02632
;WIDTH:0.9
G1 X118.285 Y114.7 E.02803
G1 X122.296 Y110.689 E.76802
G1 E-2 F2400
G1 X122.296 Y110.689 F18000
G1 X110.828 Y117.582
G1 E2 F2400
;WIDTH:0.966313
G1 F3600
G1 X110.751 Y117.504 E.01605
G1 X110.644 Y117.533 E.01623
G1 X110.616 Y117.639 E.01605
G1 X110.694 Y117.717 E.01615
G1 X110.8 Y117.689 E.01605
G1 X111.159 Y117.851 E.05767
;WIDTH:0.933156
G1 X111.518 Y118.013 E.0555
;WIDTH:0.9
G1 X110.689 Y118.842 E.15874
G1 X110.689 Y119.994 E.15598
G1 X112.381 Y118.302 E.32398
G1 X113.408 Y118.426 E.14006
G1 X110.689 Y121.145 E.52063
G1 X110.511 Y122.932 F18000
;WIDTH:0.765841
G1 F3600
G1 X110.428 Y122.954 E.00971
G1 X110.368 Y122.894 E.0096
G1 X110.39 Y122.812 E.0096
G1 X110.472 Y122.79 E.0096
G1 X110.533 Y122.85 E.00968
;WIDTH:0.81056
G1 X110.585 Y122.665 E.02316
;WIDTH:0.85528
G1 X110.637 Y122.481 E.02447
;WIDTH:0.9
G1 X110.689 Y122.296 E.02602
G1 X114.7 Y118.285 E.76802
G1 E-2 F2400
G1 X114.7 Y118.285 F18000
G1 X110.689 Y123.448
G1 E2 F2400
G1 F3600
G1 X123.448 Y110.689 E2.44306
G1 X124.599 Y110.689 E.15584
G1 X110.689 Y124.599 E2.66346
G1 X110.697 Y125.566 E.13093
;WIDTH:0.916075
G1 X110.692 Y125.653 E.01203
;WIDTH:0.906815
G1 X110.692 Y130.347 E.64086
;WIDTH:0.953765
G1 X110.716 Y130.46 E.01667
;WIDTH:1.00072
G1 X110.739 Y130.574 E.01769
;WIDTH:1.04767
G1 X110.763 Y130.687 E.01848
;WIDTH:1.09213
G1 F3577.514
G1 X110.785 Y130.74 E.0096
;WIDTH:1.13658
G1 F3426.155
G1 X110.807 Y130.794 E.01019
;WIDTH:1.18104
G1 F3287.083
G1 X110.829 Y130.847 E.01045
;WIDTH:1.22549
G1 F3158.861
G1 X110.852 Y130.9 E.01095
;WIDTH:1.26995
G1 F3040.267
G1 X110.874 Y130.954 E.01148
;WIDTH:1.3144
G1 F2930.255
G1 X110.896 Y131.007 E.01172
;WIDTH:0.9
G1 F3600
G1 X112.394 Y130.954 E.20295
G1 X110.689 Y132.659 E.32647
G1 X110.689 Y133.81 E.15584
G1 X113.545 Y130.954 E.54686
G1 X114.654 Y130.997 E.15027
G1 X110.689 Y134.962 E.75921
G1 E-2 F2400
G1 X110.689 Y134.962 F18000
G1 X111.394 Y125.046
G1 E2 F2400
G1 F3600
G1 X125.751 Y110.689 E2.74905
G1 X126.902 Y110.689 E.15584
G1 X112.545 Y125.046 E2.74905
G1 E-2 F2400
G1 X112.545 Y125.046 F18000
G1 X114.713 Y125.293
G1 E2 F2400
;WIDTH:0.765841
G1 F3600
G1 X114.112 Y125.352 E.06829
;WIDTH:0.81056
G1 X113.974 Y125.25 E.02068
;WIDTH:0.85528
G1 X113.835 Y125.148 E.02206
;WIDTH:0.9
G1 X113.697 Y125.046 E.02323
G1 X128.053 Y110.689 E2.74895
G1 X129.205 Y110.689 E.15598
G1 X115.001 Y124.893 E2.71975
G1 X116.033 Y125.012 E.14065
G1 X130.356 Y110.689 E2.74254
G1 X131.508 Y110.689 E.15598
G1 X116.204 Y125.992 E2.93028
G1 X116.204 Y127.144 E.15598
G1 X132.659 Y110.689 E3.15077
G1 X133.81 Y110.689 E.15584
G1 X116.204 Y128.295 E3.37116
G1 X116.204 Y129.446 E.15584
G1 X134.962 Y110.689 E3.59164
G1 X136.113 Y110.689 E.15584
G1 X116.204 Y130.598 E3.81213
G1 X116.088 Y130.674 E.01878
;WIDTH:0.85528
G1 X115.971 Y130.749 E.01778
;WIDTH:0.81056
G1 X115.855 Y130.825 E.01671
;WIDTH:0.765841
G1 X115.795 Y130.765 E.0096
G1 X115.713 Y130.787 E.0096
G1 X115.691 Y130.869 E.0096
G1 X115.751 Y130.929 E.0096
G1 X115.833 Y130.907 E.0096
G1 X116.105 Y131.091 E.03714
G1 X116.023 Y131.113 E.0096
G1 X116.001 Y131.195 E.0096
G1 X116.061 Y131.256 E.00968
G1 X116.143 Y131.234 E.0096
;WIDTH:0.9
G1 X115.507 Y131.295 E.08651
G1 X110.689 Y136.113 E.92254
G1 X110.637 Y136.298 E.02602
;WIDTH:0.85528
G1 X110.585 Y136.482 E.02447
;WIDTH:0.81056
G1 X110.533 Y136.667 E.02316
;WIDTH:0.765841
G1 X110.472 Y136.607 E.00968
G1 X110.39 Y136.629 E.0096
G1 X110.368 Y136.711 E.0096
G1 X110.428 Y136.771 E.0096
G1 X110.511 Y136.749 E.00971
;WIDTH:0.9
G1 X110.689 Y137.264 E.07378
G1 X137.264 Y110.689 E5.08852
G1 X138.416 Y110.689 E.15598
G1 X110.689 Y138.416 E5.3091
G1 X110.629 Y138.583 E.02403
;WIDTH:0.85528
G1 X110.57 Y138.75 E.02266
;WIDTH:0.81056
G1 X110.511 Y138.917 E.02135
;WIDTH:0.765841
G1 X110.451 Y138.856 E.00968
G1 X110.368 Y138.878 E.00971
G1 X110.346 Y138.961 E.00971
G1 X110.407 Y139.021 E.00968
G1 X110.489 Y138.999 E.0096
G1 X110.489 Y138.999 F18000
G1 X112.107 Y137.971
G1 F3600
G1 X112.047 Y137.91 E.00968
G1 X111.965 Y137.932 E.0096
G1 X111.943 Y138.015 E.00971
G1 X112.003 Y138.075 E.0096
G1 X112.085 Y138.053 E.0096
;WIDTH:0.81056
G1 X112.257 Y137.92 E.0262
;WIDTH:0.85528
G1 X112.428 Y137.788 E.02764
;WIDTH:0.9
G1 X112.6 Y137.656 E.02936
G1 X137.654 Y112.602 E4.79728
G1 X137.786 Y112.43 E.02936
;WIDTH:0.85528
G1 X137.918 Y112.259 E.02764
;WIDTH:0.81056
G1 X138.051 Y112.087 E.0262
;WIDTH:0.765841
G1 X137.969 Y112.109 E.0096
G1 X137.908 Y112.049 E.00968
G1 X137.93 Y111.967 E.0096
G1 X138.013 Y111.945 E.00971
G1 X138.073 Y112.005 E.0096
G1 X138.073 Y112.005 F18000
G1 X137.581 Y113.827
;WIDTH:0.9
G1 F3600
G1 X113.831 Y137.577 E4.5476
G1 X114.815 Y137.744 E.13513
G1 X137.748 Y114.811 E4.39116
G1 X138.061 Y115.65 E.12124
G1 X115.65 Y138.061 E4.29121
G1 X116.369 Y138.493 E.11357
G1 X138.493 Y116.369 E4.23625
G1 X139.026 Y116.987 E.1105
G1 X116.991 Y139.022 E4.21921
G1 X117.518 Y139.647 E.11069
G1 X139.648 Y117.517 E4.2374
G1 X140.371 Y117.945 E.11376
G1 X117.948 Y140.368 E4.2935
G1 X118.261 Y141.206 E.12112
G1 X141.206 Y118.261 E4.39346
G1 X142.2 Y118.418 E.13625
G1 X118.424 Y142.195 E4.55267
G1 X118.424 Y142.195 F18000
G1 X118.082 Y143.984
;WIDTH:0.765841
G1 F3600
G1 X118.022 Y143.924 E.0096
G1 X117.94 Y143.946 E.0096
G1 X117.918 Y144.028 E.0096
G1 X117.978 Y144.088 E.0096
G1 X118.06 Y144.066 E.0096
;WIDTH:0.81056
G1 X118.153 Y143.854 E.0279
;WIDTH:0.85528
G1 X118.246 Y143.643 E.02951
;WIDTH:0.9
G1 X118.34 Y143.431 E.0314
G1 X143.431 Y118.34 E4.80437
G1 X143.643 Y118.246 E.0314
;WIDTH:0.85528
G1 X143.855 Y118.153 E.02962
;WIDTH:0.81056
G1 X144.066 Y118.06 E.02779
;WIDTH:0.765841
G1 X143.984 Y118.082 E.0096
G1 X143.924 Y118.022 E.0096
G1 X143.946 Y117.94 E.0096
G1 X144.028 Y117.918 E.0096
G1 X144.088 Y117.978 E.0096
G1 X144.088 Y117.978 F18000
G1 X145.647 Y117.051
G1 F3600
G1 X145.587 Y116.991 E.0096
G1 X145.505 Y117.013 E.0096
G1 X145.483 Y117.095 E.0096
G1 X145.543 Y117.155 E.0096
G1 X145.625 Y117.133 E.0096
;WIDTH:0.81056
G1 X145.521 Y117.292 E.0229
;WIDTH:0.85528
G1 X145.416 Y117.451 E.02438
;WIDTH:0.9
G1 X145.311 Y117.611 E.02591
G1 X117.61 Y145.311 E5.30403
G1 X117.451 Y145.416 E.0258
;WIDTH:0.85528
G1 X117.292 Y145.521 E.02438
;WIDTH:0.81056
G1 X117.133 Y145.625 E.0229
;WIDTH:0.765841
G1 X117.051 Y145.647 E.0096
G1 X116.991 Y145.587 E.0096
G1 X117.013 Y145.505 E.0096
G1 X117.095 Y145.483 E.0096
G1 X117.155 Y145.543 E.0096
G1 E-2 F2400
G1 X117.155 Y145.543 F18000
G1 X119.398 Y145.61
G1 E2 F2400
G1 F3600
G1 X119.316 Y145.632 E.0096
G1 X119.255 Y145.572 E.00968
G1 X119.277 Y145.489 E.00971
G1 X119.36 Y145.467 E.00971
G1 X119.42 Y145.528 E.00968
;WIDTH:0.81056
G1 X119.2 Y145.455 E.02794
;WIDTH:0.85528
G1 X118.981 Y145.383 E.0295
;WIDTH:0.9
G1 X118.762 Y145.311 E.03121
G1 X145.311 Y118.762 E5.08354
G1 X145.311 Y119.913 E.15584
G1 X140.512 Y124.712 E.9189
G1 X140.348 Y124.752 E.02286
;WIDTH:0.85528
G1 X140.183 Y124.791 E.02169
;WIDTH:0.81056
G1 X140.019 Y124.831 E.02034
;WIDTH:0.765841
G1 X139.958 Y124.771 E.00968
G1 X139.876 Y124.793 E.0096
G1 X139.854 Y124.875 E.0096
G1 X139.914 Y124.935 E.0096
G1 X139.997 Y124.913 E.00971
G1 X140.249 Y125.071 E.03364
G1 X140.167 Y125.093 E.0096
G1 X140.145 Y125.175 E.0096
G1 X140.205 Y125.235 E.0096
G1 X140.287 Y125.213 E.0096
;WIDTH:0.9
G1 X139.796 Y125.429 E.07263
G1 X119.913 Y145.311 E3.80706
G1 X121.065 Y145.311 E.15598
G1 X139.796 Y126.58 E3.58657
G1 X139.796 Y127.731 E.15584
G1 X122.216 Y145.311 E3.36618
G1 X123.367 Y145.311 E.15584
G1 X139.796 Y128.883 E3.14569
G1 X139.796 Y130.034 E.15584
G1 X124.519 Y145.311 E2.92521
G1 X125.67 Y145.311 E.15584
G1 X139.983 Y130.998 E2.74062
G1 X141.041 Y131.091 E.1438
G1 X126.822 Y145.311 E2.72272
G1 X127.973 Y145.311 E.15584
G1 X142.33 Y130.954 E2.74905
G1 X142.164 Y130.852 E.02638
;WIDTH:0.85528
G1 X141.999 Y130.751 E.02475
;WIDTH:0.81056
G1 X141.833 Y130.649 E.02348
;WIDTH:0.765841
G1 X141.328 Y130.699 E.05739
G1 E-2 F2400
G1 X141.328 Y130.699 F18000
G1 X143.481 Y130.954
G1 E2 F2400
;WIDTH:0.9
G1 F3600
G1 X129.124 Y145.311 E2.74905
G1 E-2 F2400
G1 X129.124 Y145.311 F18000
G1 X145.304 Y130.428
G1 E2 F2400
;WIDTH:0.914871
G1 F3600
G1 X145.308 Y130.347 E.01118
;WIDTH:0.906815
G1 X145.308 Y125.653 E.64086
;WIDTH:0.913033
G1 X145.305 Y125.582 E.00978
;WIDTH:0.96179
G1 X145.28 Y125.51 E.0111
;WIDTH:1.01055
G1 X145.256 Y125.438 E.01167
;WIDTH:1.05931
G1 X145.231 Y125.366 E.01234
;WIDTH:1.10806
G1 F3521.74
G1 X145.207 Y125.294 E.0129
;WIDTH:1.15682
G1 F3361.409
G1 X145.183 Y125.222 E.01352
;WIDTH:1.20558
G1 F3215.041
G1 X145.158 Y125.15 E.01419
;WIDTH:1.25434
G1 F3080.888
G1 X145.134 Y125.077 E.01493
;WIDTH:1.30309
G1 F2957.481
G1 X145.11 Y125.005 E.01536
G1 E-2 F2400
G1 X145.11 Y125.005 F18000
G1 X141.37 Y125.006
G1 E2 F2400
;WIDTH:0.9
G1 F3600
G1 X145.311 Y121.065 E.75461
G1 X145.311 Y122.216 E.15584
G1 X142.481 Y125.046 E.54188
G1 X143.633 Y125.046 E.15598
G1 X145.311 Y123.367 E.3214
G1 E-2 F2400
G1 X145.311 Y123.367 F18000
G1 X144.633 Y130.954
G1 E2 F2400
G1 F3600
G1 X130.276 Y145.311 E2.74905
G1 X131.427 Y145.311 E.15584
G1 X145.311 Y131.427 E2.65848
G1 X145.311 Y132.579 E.15598
G1 X132.579 Y145.311 E2.43789
G1 X132.502 Y145.42 E.01807
;WIDTH:0.85528
G1 X132.425 Y145.528 E.01697
;WIDTH:0.81056
G1 X132.348 Y145.637 E.01608
;WIDTH:0.765841
G1 X132.288 Y145.576 E.00968
G1 X132.206 Y145.598 E.0096
G1 X132.184 Y145.681 E.00971
G1 X132.244 Y145.741 E.0096
G1 X132.326 Y145.719 E.0096
;WIDTH:0.9
G1 X133.214 Y145.61 E.12113
;WIDTH:0.765841
G1 X133.132 Y145.632 E.0096
G1 X133.072 Y145.572 E.0096
G1 X133.094 Y145.489 E.00971
G1 X133.176 Y145.467 E.0096
G1 X133.236 Y145.528 E.00968
;WIDTH:0.81056
G1 X133.401 Y145.455 E.02175
;WIDTH:0.85528
G1 X133.565 Y145.383 E.02292
;WIDTH:0.9
G1 X133.73 Y145.311 E.02437
G1 X137.708 Y141.333 E.7617
G1 X137.848 Y141.162 E.02992
;WIDTH:0.85528
G1 X137.988 Y140.99 E.02838
;WIDTH:0.81056
G1 X138.128 Y140.818 E.02673
;WIDTH:0.765841
G1 X138.046 Y140.84 E.0096
G1 X137.986 Y140.78 E.0096
G1 X138.008 Y140.698 E.0096
G1 X138.09 Y140.676 E.0096
G1 X138.15 Y140.736 E.0096
G1 X138.15 Y140.736 F18000
G1 X137.572 Y142.621
;WIDTH:0.9
G1 F3600
G1 X134.881 Y145.311 E.51517
G1 X136.033 Y145.311 E.15598
G1 X137.702 Y143.641 E.31967
G1 X137.995 Y144.501 E.12301
G1 X137.184 Y145.311 E.15519
G1 X137.107 Y145.42 E.01807
;WIDTH:0.85528
G1 X137.031 Y145.528 E.0169
;WIDTH:0.81056
G1 X136.954 Y145.637 E.01608
;WIDTH:0.765841
G1 X136.894 Y145.576 E.00968
G1 X136.812 Y145.598 E.0096
G1 X136.79 Y145.681 E.00971
G1 X136.85 Y145.741 E.0096
G1 X136.932 Y145.719 E.0096
;WIDTH:0.9
G1 X138.489 Y145.357 E.21643
;WIDTH:0.962485
G1 X138.383 Y145.386 E.01602
G1 X138.305 Y145.308 E.01608
G1 X138.334 Y145.202 E.01602
G1 X138.439 Y145.174 E.01584
G1 X138.517 Y145.251 E.01598
G1 E-2 F2400
G1 X138.517 Y145.251 F18000
G1 X140.818 Y138.129
G1 E2 F2400
;WIDTH:0.765841
G1 F3600
G1 X140.736 Y138.151 E.0096
G1 X140.676 Y138.09 E.00968
G1 X140.698 Y138.008 E.0096
G1 X140.78 Y137.986 E.0096
G1 X140.84 Y138.046 E.0096
;WIDTH:0.81056
G1 X141.005 Y137.933 E.0241
;WIDTH:0.85528
G1 X141.169 Y137.82 E.02548
;WIDTH:0.9
G1 X141.334 Y137.707 E.02708
G1 X145.311 Y133.73 E.76151
G1 X145.311 Y134.881 E.15584
G1 X142.621 Y137.572 E.51517
G1 X143.641 Y137.702 E.13922
G1 X145.311 Y136.033 E.31967
G1 X145.311 Y137.184 E.15584
G1 X144.501 Y137.995 E.15519
G1 X145.389 Y138.373 E.13067
;WIDTH:0.954003
G1 X145.312 Y138.296 E.01572
G1 X145.207 Y138.324 E.01569
G1 X145.179 Y138.429 E.01569
G1 X145.256 Y138.506 E.01572
G1 X145.361 Y138.478 E.01569
;LAYER_CHANGE
;Z:5.2
;HEIGHT:0.4
G1 Z5.2 F18000
G1 E-2 F2400
G1 Z5.2 F18000
G1 X144.835 Y109.983
G1 Z5.2
G1 E2 F2400
M204 S4000
;TYPE:Perimeter
;WIDTH:0.708935
G1 F900
G1 X146.017 Y109.983 E.12248
G1 X146.017 Y110.294 E.03223
G1 X146.017 Y111.165 E.09025
G1 X145.886 Y110.968 E.02451
G1 X145.326 Y110.356 E.08596
G1 X144.931 Y110.055 E.05146
M204 S8000
G1 E-2 F2400
G1 X144.931 Y110.055 F18000
G1 X138.207 Y113.97
G1 E2 F2400
M204 S4000
;WIDTH:0.9
G1 F3600
G1 X138.222 Y114.122 E.02068
G1 X138.362 Y114.769 E.08963
G1 X138.597 Y115.36 E.08611
G1 X138.922 Y115.916 E.0872
G1 X139.288 Y116.394 E.08151
G1 X139.648 Y116.752 E.06874
G1 X140.084 Y117.078 E.07371
G1 X140.64 Y117.403 E.0872
G1 X141.231 Y117.638 E.08611
G1 X141.878 Y117.778 E.08963
G1 X142.275 Y117.817 E.05401
G1 X143.122 Y117.778 E.1148
G1 X143.945 Y117.575 E.11477
G1 X144.712 Y117.215 E.11472
G1 X145.394 Y116.712 E.11474
G1 X145.922 Y116.138 E.1056
G1 X145.922 Y139.862 E3.21212
G1 X145.394 Y139.288 E.1056
G1 X144.712 Y138.785 E.11474
G1 X143.945 Y138.425 E.11472
G1 X143.122 Y138.222 E.11477
G1 X142.275 Y138.183 E.1148
G1 X141.878 Y138.222 E.05401
G1 X141.231 Y138.362 E.08963
G1 X140.64 Y138.597 E.08611
G1 X140.084 Y138.922 E.0872
G1 X139.606 Y139.288 E.08151
G1 X139.248 Y139.648 E.06874
G1 X138.922 Y140.084 E.07371
G1 X138.597 Y140.64 E.0872
G1 X138.362 Y141.231 E.08611
G1 X138.222 Y141.878 E.08963
G1 X138.183 Y142.275 E.05401
G1 X138.222 Y143.122 E.1148
G1 X138.425 Y143.945 E.11477
G1 X138.785 Y144.712 E.11472
G1 X139.288 Y145.394 E.11474
G1 X139.862 Y145.922 E.1056
G1 X116.138 Y145.922 E3.21212
G1 X116.712 Y145.394 E.1056
G1 X117.215 Y144.712 E.11474
G1 X117.575 Y143.945 E.11472
G1 X117.778 Y143.122 E.11477
G1 X117.817 Y142.275 E.1148
G1 X117.778 Y141.878 E.05401
G1 X117.638 Y141.231 E.08963
G1 X117.403 Y140.64 E.08611
G1 X117.078 Y140.084 E.0872
G1 X116.712 Y139.606 E.08151
G1 X116.352 Y139.248 E.06874
G1 X115.916 Y138.922 E.07371
G1 X115.36 Y138.597 E.0872
G1 X114.769 Y138.362 E.08611
G1 X114.122 Y138.222 E.08963
G1 X113.725 Y138.183 E.05401
G1 X112.878 Y138.222 E.1148
G1 X112.055 Y138.425 E.11477
G1 X111.288 Y138.785 E.11472
G1 X110.606 Y139.288 E.11474
G1 X110.078 Y139.862 E.1056
G1 X110.078 Y116.138 E3.21212
G1 X110.606 Y116.712 E.1056
G1 X111.288 Y117.215 E.11474
G1 X112.055 Y117.575 E.11472
G1 X112.878 Y117.778 E.11477
G1 X113.725 Y117.817 E.1148
G1 X114.122 Y117.778 E.05401
G1 X114.769 Y117.638 E.08963
G1 X115.36 Y117.403 E.08611
G1 X115.916 Y117.078 E.0872
G1 X116.394 Y116.712 E.08151
G1 X116.752 Y116.352 E.06874
G1 X117.078 Y115.916 E.07371
G1 X117.403 Y115.36 E.0872
G1 X117.638 Y114.769 E.08611
G1 X117.778 Y114.122 E.08963
G1 X117.817 Y113.725 E.05401
G1 X117.778 Y112.878 E.1148
G1 X117.575 Y112.055 E.11477
G1 X117.215 Y111.288 E.11472
G1 X116.712 Y110.606 E.11474
G1 X116.138 Y110.078 E.1056
G1 X139.862 Y110.078 E3.21212
G1 X139.288 Y110.606 E.1056
G1 X138.785 Y111.288 E.11474
G1 X138.425 Y112.055 E.11472
G1 X138.222 Y112.878 E.11477
G1 X138.183 Y113.725 E.1148
G1 X138.195 Y113.851 E.01714
M204 S8000
G1 X139.013 Y113.887 F18000
M204 S4000
G1 F900
G1 X138.997 Y113.725 E.02204
G1 X139.02 Y113.037 E.0932
G1 X139.177 Y112.367 E.09317
G1 X139.462 Y111.741 E.09313
G1 X139.864 Y111.182 E.09322
G1 X140.367 Y110.712 E.09321
G1 X140.952 Y110.349 E.09322
G1 X141.597 Y110.113 E.09299
;WIDTH:0.888778
G1 X142.275 Y110.017 E.09144
;WIDTH:0.874577
G1 X142.961 Y110.033 E.09001
;WIDTH:0.899458
G1 X143.633 Y110.178 E.09302
;WIDTH:0.9
G1 X144.259 Y110.462 E.09307
G1 X144.818 Y110.864 E.09322
G1 X145.288 Y111.367 E.09321
G1 X145.651 Y111.952 E.09322
G1 X145.887 Y112.597 E.09299
;WIDTH:0.888931
G1 X145.983 Y113.275 E.09145
;WIDTH:0.871207
G1 X145.971 Y113.933 E.08595
;WIDTH:0.9
G1 X145.823 Y114.633 E.09687
G1 X145.538 Y115.259 E.09313
G1 X145.136 Y115.818 E.09322
G1 X144.633 Y116.288 E.09321
G1 X144.048 Y116.651 E.09322
G1 X143.404 Y116.892 E.0931
G1 X142.725 Y117.003 E.09315
G1 X142.149 Y116.997 E.07799
G1 X141.596 Y116.892 E.07621
G1 X140.952 Y116.651 E.0931
G1 X140.367 Y116.288 E.09322
G1 X139.864 Y115.818 E.09321
G1 X139.462 Y115.259 E.09322
G1 X139.177 Y114.633 E.09313
G1 X139.03 Y114.006 E.08719
M204 S8000
G1 X139.03 Y114.006 F18000
G1 X139.836 Y113.854
M204 S3000
;TYPE:External perimeter
G1 F900
G1 X139.811 Y113.725 E.01779
G1 X139.819 Y113.196 E.07163
G1 X139.93 Y112.679 E.07159
G1 X140.139 Y112.193 E.07163
G1 X140.44 Y111.757 E.07173
G1 X140.819 Y111.389 E.07152
G1 X141.263 Y111.102 E.07158
G1 X141.755 Y110.906 E.07171
G1 X142.275 Y110.811 E.07157
G1 X142.804 Y110.819 E.07163
G1 X143.321 Y110.93 E.07159
G1 X143.807 Y111.139 E.07163
G1 X144.243 Y111.44 E.07173
G1 X144.611 Y111.819 E.07152
G1 X144.898 Y112.263 E.07158
G1 X145.094 Y112.755 E.07171
G1 X145.189 Y113.275 E.07157
G1 X145.183 Y113.795 E.07041
G1 X145.07 Y114.321 E.07284
G1 X144.861 Y114.807 E.07163
G1 X144.56 Y115.243 E.07173
G1 X144.181 Y115.611 E.07152
G1 X143.737 Y115.898 E.07158
G1 X143.245 Y116.094 E.07171
G1 X142.725 Y116.189 E.07157
G1 X142.196 Y116.181 E.07163
G1 X141.679 Y116.07 E.07159
G1 X141.213 Y115.873 E.0685
G1 X140.795 Y115.594 E.06804
G1 X140.431 Y115.234 E.06932
G1 X140.139 Y114.807 E.07004
G1 X139.93 Y114.321 E.07163
G1 X139.86 Y113.971 E.04833
M204 S8000
G1 X139.849 Y113.171 F18000
G1 E-2 F2400
G1 X109.983 Y111.165 F18000
G1 E2 F2400
M204 S4000
;TYPE:Perimeter
;WIDTH:0.708935
G1 F900
G1 X109.983 Y109.983 E.12248
G1 X111.165 Y109.983 E.12248
G1 X110.968 Y110.114 E.02451
G1 X110.356 Y110.674 E.08596
G1 X110.055 Y111.069 E.05146
M204 S8000
G1 E-2 F2400
G1 X110.055 Y111.069 F18000
G1 X111.847 Y116.586
G1 E2 F2400
M204 S4000
;WIDTH:0.9
G1 F900
G1 X111.367 Y116.288 E.0765
G1 X110.864 Y115.818 E.09321
G1 X110.462 Y115.259 E.09322
G1 X110.177 Y114.633 E.09313
G1 X110.034 Y113.96 E.09316
;WIDTH:0.87252
G1 X110.017 Y113.275 E.08964
;WIDTH:0.888932
G1 X110.113 Y112.597 E.09145
;WIDTH:0.9
G1 X110.349 Y111.952 E.09299
G1 X110.712 Y111.367 E.09322
G1 X111.182 Y110.864 E.09321
G1 X111.741 Y110.462 E.09322
G1 X112.367 Y110.177 E.09313
G1 X113.04 Y110.034 E.09316
;WIDTH:0.87252
G1 X113.725 Y110.017 E.08964
;WIDTH:0.888931
G1 X114.403 Y110.113 E.09145
;WIDTH:0.9
G1 X115.048 Y110.349 E.09299
G1 X115.633 Y110.712 E.09322
G1 X116.136 Y111.182 E.09321
G1 X116.538 Y111.741 E.09322
G1 X116.823 Y112.367 E.09313
G1 X116.98 Y113.037 E.09317
G1 X117.003 Y113.725 E.0932
G1 X116.892 Y114.404 E.09315
G1 X116.651 Y115.048 E.0931
G1 X116.288 Y115.633 E.09322
G1 X115.818 Y116.136 E.09321
G1 X115.259 Y116.538 E.09322
G1 X114.633 Y116.823 E.09313
G1 X113.963 Y116.98 E.09317
G1 X113.275 Y117.003 E.0932
G1 X112.596 Y116.892 E.09315
G1 X111.952 Y116.651 E.0931
G1 X111.949 Y116.649 E.00049
M204 S8000
G1 X111.949 Y116.649 F18000
G1 X112.218 Y115.869
M204 S3000
;TYPE:External perimeter
G1 F900
G1 X111.819 Y115.611 E.06433
G1 X111.44 Y115.243 E.07152
G1 X111.139 Y114.807 E.07173
G1 X110.93 Y114.321 E.07163
G1 X110.819 Y113.804 E.07159
G1 X110.811 Y113.275 E.07163
G1 X110.906 Y112.755 E.07157
G1 X111.102 Y112.263 E.07171
G1 X111.389 Y111.819 E.07158
G1 X111.757 Y111.44 E.07152
G1 X112.193 Y111.139 E.07173
G1 X112.679 Y110.93 E.07163
G1 X113.196 Y110.819 E.07159
G1 X113.725 Y110.811 E.07163
G1 X114.245 Y110.906 E.07157
G1 X114.737 Y111.102 E.07171
G1 X115.181 Y111.389 E.07158
G1 X115.56 Y111.757 E.07152
G1 X115.861 Y112.193 E.07173
G1 X116.07 Y112.679 E.07163
G1 X116.181 Y113.196 E.07159
G1 X116.189 Y113.725 E.07163
G1 X116.094 Y114.245 E.07157
G1 X115.898 Y114.737 E.07171
G1 X115.611 Y115.181 E.07158
G1 X115.243 Y115.56 E.07152
G1 X114.807 Y115.861 E.07173
G1 X114.321 Y116.07 E.07163
G1 X113.804 Y116.181 E.07159
G1 X113.275 Y116.189 E.07163
G1 X112.755 Y116.094 E.07157
G1 X112.325 Y115.923 E.06265
M204 S8000
G1 X111.678 Y115.452 F18000
G1 E-2 F2400
G1 X109.983 Y144.835 F18000
G1 E2 F2400
M204 S4000
;TYPE:Perimeter
;WIDTH:0.708936
G1 F900
G1 X110.114 Y145.032 E.02451
G1 X110.674 Y145.644 E.08596
G1 X111.165 Y146.017 E.06389
G1 X109.983 Y146.017 E.12248
G1 X109.983 Y144.955 E.11005
M204 S8000
G1 X109.983 Y144.955 F18000
G1 X110.411 Y144.148
M204 S4000
;WIDTH:0.9
G1 F900
G1 X110.177 Y143.633 E.07659
G1 X110.034 Y142.96 E.09316
;WIDTH:0.87252
G1 X110.017 Y142.275 E.08964
;WIDTH:0.888931
G1 X110.113 Y141.597 E.09145
;WIDTH:0.9
G1 X110.349 Y140.952 E.09299
G1 X110.712 Y140.367 E.09322
G1 X111.182 Y139.864 E.09321
G1 X111.741 Y139.462 E.09322
G1 X112.367 Y139.177 E.09313
G1 X113.037 Y139.02 E.09317
G1 X113.725 Y138.997 E.0932
G1 X114.404 Y139.108 E.09315
G1 X115.048 Y139.349 E.0931
G1 X115.633 Y139.712 E.09322
G1 X116.136 Y140.182 E.09321
G1 X116.538 Y140.741 E.09322
G1 X116.823 Y141.367 E.09313
G1 X116.98 Y142.037 E.09317
G1 X117.003 Y142.725 E.0932
G1 X116.892 Y143.404 E.09315
G1 X116.651 Y144.048 E.0931
G1 X116.288 Y144.633 E.09322
G1 X115.818 Y145.136 E.09321
G1 X115.259 Y145.538 E.09322
G1 X114.633 Y145.823 E.09313
G1 X113.96 Y145.966 E.09316
;WIDTH:0.87252
G1 X113.275 Y145.983 E.08964
;WIDTH:0.888931
G1 X112.597 Y145.887 E.09145
;WIDTH:0.9
G1 X111.952 Y145.651 E.09299
G1 X111.367 Y145.288 E.09322
G1 X110.864 Y144.818 E.09321
G1 X110.462 Y144.259 E.09322
G1 X110.461 Y144.257 E.0003
M204 S8000
G1 X110.461 Y144.257 F18000
G1 X111.121 Y143.766
M204 S3000
;TYPE:External perimeter
G1 F900
G1 X110.93 Y143.321 E.06557
G1 X110.819 Y142.804 E.07159
G1 X110.811 Y142.275 E.07163
G1 X110.906 Y141.755 E.07157
G1 X111.102 Y141.263 E.07171
G1 X111.389 Y140.819 E.07158
G1 X111.757 Y140.44 E.07152
G1 X112.193 Y140.139 E.07173
G1 X112.679 Y139.93 E.07163
G1 X113.196 Y139.819 E.07159
G1 X113.725 Y139.811 E.07163
G1 X114.245 Y139.906 E.07157
G1 X114.737 Y140.102 E.07171
G1 X115.181 Y140.389 E.07158
G1 X115.56 Y140.757 E.07152
G1 X115.861 Y141.193 E.07173
G1 X116.07 Y141.679 E.07163
G1 X116.181 Y142.196 E.07159
G1 X116.189 Y142.725 E.07163
G1 X116.094 Y143.245 E.07157
G1 X115.898 Y143.737 E.07171
G1 X115.611 Y144.181 E.07158
G1 X115.243 Y144.56 E.07152
G1 X114.807 Y144.861 E.07173
G1 X114.321 Y145.07 E.07163
G1 X113.804 Y145.181 E.07159
G1 X113.275 Y145.189 E.07163
G1 X112.755 Y145.094 E.07157
G1 X112.263 Y144.898 E.07171
G1 X111.819 Y144.611 E.07158
G1 X111.44 Y144.243 E.07152
G1 X111.182 Y143.869 E.06152
M204 S8000
G1 X110.903 Y143.119 F18000
G1 E-2 F2400
G1 X144.835 Y146.017 F18000
G1 E2 F2400
M204 S4000
;TYPE:Perimeter
;WIDTH:0.708935
G1 F900
G1 X145.032 Y145.886 E.02451
G1 X145.644 Y145.326 E.08596
G1 X146.017 Y144.835 E.06389
G1 X146.017 Y146.017 E.12248
G1 X144.955 Y146.017 E.11005
M204 S8000
G1 E-2 F2400
G1 X144.955 Y146.017 F18000
G1 X140.277 Y145.204
G1 E2 F2400
M204 S4000
;WIDTH:0.9
G1 F900
G1 X139.864 Y144.818 E.07654
G1 X139.462 Y144.259 E.09322
G1 X139.177 Y143.633 E.09313
G1 X139.02 Y142.963 E.09317
G1 X138.997 Y142.275 E.0932
G1 X139.108 Y141.596 E.09315
G1 X139.349 Y140.952 E.0931
G1 X139.712 Y140.367 E.09322
G1 X140.182 Y139.864 E.09321
G1 X140.741 Y139.462 E.09322
G1 X141.367 Y139.177 E.09313
G1 X142.037 Y139.02 E.09317
G1 X142.725 Y138.997 E.0932
G1 X143.404 Y139.108 E.09315
G1 X144.048 Y139.349 E.0931
G1 X144.633 Y139.712 E.09322
G1 X145.136 Y140.182 E.09321
G1 X145.538 Y140.741 E.09322
G1 X145.822 Y141.367 E.09307
;WIDTH:0.899458
G1 X145.967 Y142.039 E.09302
;WIDTH:0.874578
G1 X145.983 Y142.725 E.09001
;WIDTH:0.888777
G1 X145.887 Y143.403 E.09144
;WIDTH:0.9
G1 X145.651 Y144.048 E.09299
G1 X145.288 Y144.633 E.09322
G1 X144.818 Y145.136 E.09321
G1 X144.259 Y145.538 E.09322
G1 X143.633 Y145.823 E.09313
G1 X142.96 Y145.966 E.09316
;WIDTH:0.87252
G1 X142.275 Y145.983 E.08964
;WIDTH:0.888931
G1 X141.597 Y145.887 E.09145
;WIDTH:0.9
G1 X140.952 Y145.651 E.09299
G1 X140.367 Y145.288 E.09322
G1 X140.365 Y145.286 E.00038
M204 S8000
G1 X140.365 Y145.286 F18000
G1 X140.829 Y144.618
M204 S3000
;TYPE:External perimeter
G1 F900
G1 X140.819 Y144.611 E.00165
G1 X140.44 Y144.243 E.07152
G1 X140.139 Y143.807 E.07173
G1 X139.93 Y143.321 E.07163
G1 X139.819 Y142.804 E.07159
G1 X139.811 Y142.275 E.07163
G1 X139.906 Y141.755 E.07157
G1 X140.102 Y141.263 E.07171
G1 X140.389 Y140.819 E.07158
G1 X140.757 Y140.44 E.07152
G1 X141.193 Y140.139 E.07173
G1 X141.679 Y139.93 E.07163
G1 X142.196 Y139.819 E.07159
G1 X142.725 Y139.811 E.07163
G1 X143.245 Y139.906 E.07157
G1 X143.737 Y140.102 E.07171
G1 X144.181 Y140.389 E.07158
G1 X144.56 Y140.757 E.07152
G1 X144.861 Y141.193 E.07173
G1 X145.07 Y141.679 E.07163
G1 X145.181 Y142.196 E.07159
G1 X145.189 Y142.725 E.07163
G1 X145.094 Y143.245 E.07157
G1 X144.898 Y143.737 E.07171
G1 X144.611 Y144.181 E.07158
G1 X144.243 Y144.56 E.07152
G1 X143.807 Y144.861 E.07173
G1 X143.321 Y145.07 E.07163
G1 X142.804 Y145.181 E.07159
G1 X142.275 Y145.189 E.07163
G1 X141.755 Y145.094 E.07157
G1 X141.263 Y144.898 E.07171
G1 X140.93 Y144.683 E.05367
M204 S8000
G1 X140.371 Y144.11 F18000
G1 E-2 F2400
G1 X146.736 Y146.736 F18000
G1 E2 F2400
M204 S4000
;TYPE:Perimeter
G1 F3600
G1 X143.001 Y146.75 E.5057
;WIDTH:0.871207
G1 X142.275 Y146.756 E.09482
;WIDTH:0.888931
G1 X141.513 Y146.741 E.10179
;WIDTH:0.9
G1 X114.815 Y146.736 E3.61478
G1 X114.001 Y146.75 E.11023
;WIDTH:0.871207
G1 X113.275 Y146.756 E.09482
;WIDTH:0.888931
G1 X112.513 Y146.741 E.10179
;WIDTH:0.9
G1 X109.264 Y146.736 E.4399
G1 X109.25 Y143.001 E.5057
;WIDTH:0.871207
G1 X109.244 Y142.275 E.09482
;WIDTH:0.888931
G1 X109.259 Y141.513 E.10179
;WIDTH:0.9
G1 X109.264 Y114.815 E3.61478
G1 X109.25 Y114.001 E.11023
;WIDTH:0.871207
G1 X109.244 Y113.275 E.09482
;WIDTH:0.888932
G1 X109.259 Y112.513 E.10179
;WIDTH:0.9
G1 X109.264 Y109.264 E.4399
G1 X112.999 Y109.25 E.5057
;WIDTH:0.871207
G1 X113.725 Y109.244 E.09482
;WIDTH:0.888931
G1 X114.487 Y109.259 E.10179
;WIDTH:0.9
G1 X141.185 Y109.264 E3.61478
G1 X141.999 Y109.25 E.11023
;WIDTH:0.871207
G1 X142.725 Y109.244 E.09482
;WIDTH:0.888931
G1 X143.487 Y109.259 E.10179
;WIDTH:0.9
G1 X146.736 Y109.264 E.4399
G1 X146.736 Y110.294 E.13946
G1 X146.741 Y112.513 E.30044
;WIDTH:0.888931
G1 X146.756 Y113.275 E.10179
;WIDTH:0.87252
G1 X146.75 Y114.037 E.09969
;WIDTH:0.9
G1 X146.736 Y114.815 E.10535
G1 X146.741 Y141.513 E3.61478
;WIDTH:0.888931
G1 X146.756 Y142.275 E.10179
;WIDTH:0.87252
G1 X146.75 Y143.037 E.09969
;WIDTH:0.9
G1 X146.736 Y146.616 E.48458
M204 S8000
G1 X146.736 Y146.616 F18000
G1 X147.55 Y147.55
M204 S3000
;TYPE:External perimeter
G1 F2400
G1 X108.45 Y147.55 E5.29395
G1 X108.45 Y108.45 E5.29395
G1 X147.55 Y108.45 E5.29395
G1 X147.55 Y110.294 E.24967
G1 X147.55 Y147.43 E5.02804
M204 S8000
G1 X146.759 Y147.549 F18000
G1 E-2 F2400
G1 X141.882 Y130.14 F18000
G1 E2 F2400
;TYPE:Internal infill
;WIDTH:0.9
G1 F4200
G1 X144.09 Y130.14 E.29895
G1 X144.09 Y127.464 E.36232
G1 X142.85 Y127.036 E.17761
G1 X141.977 Y126.612 E.1314
G1 X140.61 Y125.617 E.22892
G1 X140.625 Y130.378 E.64462
G1 E-2 F2400
G1 X140.625 Y130.378 F18000
G1 X145.108 Y128.299
G1 E2 F2400
;TYPE:Solid infill
;WIDTH:1.30683
G1 F2948.422
G1 X145.108 Y127.701 E.12142
G1 E-2 F2400
G1 X145.108 Y127.701 F18000
G1 X144.694 Y117.499
G1 E2 F2400
M204 S5000
;TYPE:Top solid infill
;WIDTH:0.904135
G1 X145.311 Y118.116 E.11874
G1 X145.311 Y119.273 E.15745
G1 X144.177 Y118.139 E.21824
G1 X143.692 Y118.288 E.06904
G1 X143.255 Y118.374 E.06061
G1 X145.311 Y120.43 E.39568
G1 X145.311 Y121.588 E.15758
G1 X141.713 Y117.989 E.69253
M204 S8000
G1 E-2
G1 X141.713 Y117.989 F18000
G1 X138.501 Y111.306
G1 E2 F2400
M204 S5000
G1 X137.884 Y110.689 E.11874
G1 X136.727 Y110.689 E.15745
G1 X137.861 Y111.823 E.21824
G1 X137.712 Y112.308 E.06904
G1 X137.626 Y112.745 E.06061
G1 X135.57 Y110.689 E.39568
G1 X134.412 Y110.689 E.15758
G1 X138.011 Y114.287 E.69253
M204 S8000
G1 E-2
G1 X138.011 Y114.287 F18000
G1 X132.889 Y110.323
G1 E2 F2400
M204 S5000
G1 X137.943 Y115.377 E.97264
G1 X138.194 Y115.919 E.08128
G1 X138.586 Y116.509 E.09639
G1 X138.852 Y116.822 E.0559
G1 X139.416 Y117.358 E.10588
G1 X139.953 Y117.725 E.08851
G1 X140.233 Y117.888 E.04409
G1 X140.608 Y118.041 E.05512
G1 X145.311 Y122.745 E.90519
G1 X145.311 Y123.902 E.15745
G1 X132.098 Y110.689 E2.54284
G1 X130.941 Y110.689 E.15745
G1 X145.311 Y125.059 E2.76551
G1 X145.311 Y126.217 E.15758
G1 X129.783 Y110.689 E2.98837
G1 X128.626 Y110.689 E.15745
G1 X142.983 Y125.046 E2.76301
G1 X141.826 Y125.046 E.15745
G1 X127.469 Y110.689 E2.76301
G1 X126.312 Y110.689 E.15745
G1 X140.361 Y124.739 E2.70383
G1 X139.796 Y125.132 E.09366
G1 X139.796 Y125.33 E.02694
G1 X125.154 Y110.689 E2.81776
G1 X123.997 Y110.689 E.15745
G1 X139.796 Y126.488 E3.04052
G1 X139.796 Y127.645 E.15745
G1 X122.84 Y110.689 E3.26319
G1 X121.683 Y110.689 E.15745
G1 X140.162 Y129.168 E3.55629
M204 S8000
G1 E-2
G1 X140.162 Y129.168 F18000
G1 X144.573 Y128.95
G1 E2 F2400
M204 S5000
G1 X145.311 Y129.688 E.14203
G1 X145.311 Y130.846 E.15758
G1 X144.904 Y130.439 E.07833
G1 X144.904 Y130.515 E.01034
G1 X144.465 Y130.954 E.08449
G1 X144.262 Y130.954 E.02762
G1 X145.311 Y132.003 E.20188
G1 X145.311 Y133.16 E.15745
G1 X143.105 Y130.954 E.42455
G1 X141.948 Y130.954 E.15745
G1 X145.311 Y134.317 E.64721
G1 X145.311 Y135.475 E.15758
G1 X140.959 Y131.122 E.83764
G1 X140.439 Y131.315 E.07548
G1 X139.796 Y130.868 E.10657
G1 X139.796 Y129.959 E.1237
G1 X120.525 Y110.689 E3.70861
G1 X119.368 Y110.689 E.15745
G1 X145.311 Y136.632 E4.99274
G1 X145.311 Y137.789 E.15745
G1 X118.211 Y110.689 E5.2154
G1 X117.549 Y110.689 E.09009
G1 X117.728 Y110.957 E.04386
G1 X117.963 Y111.397 E.06788
G1 X118.105 Y111.741 E.05064
G1 X144.259 Y137.895 E5.03334
G1 X143.692 Y137.712 E.08108
G1 X143.231 Y137.621 E.06394
G1 X142.784 Y137.577 E.06112
G1 X118.423 Y113.216 E4.68828
G1 X118.415 Y113.997 E.10629
G1 X118.358 Y114.308 E.04303
G1 X141.692 Y137.642 E4.49063
G1 X141.31 Y137.712 E.05285
G1 X140.774 Y137.881 E.07648
G1 X118.115 Y115.221 E4.36083
G1 X117.965 Y115.599 E.05534
G1 X117.745 Y116.01 E.06344
G1 X139.99 Y138.255 E4.28105
G1 X139.491 Y138.586 E.08149
G1 X139.315 Y138.736 E.03147
G1 X117.269 Y116.69 E4.24276
G1 X116.688 Y117.266 E.11133
G1 X138.737 Y139.316 E4.24343
G1 X138.642 Y139.416 E.01877
G1 X138.254 Y139.989 E.09417
G1 X116.011 Y117.746 E4.28067
G1 X115.767 Y117.888 E.03842
G1 X115.219 Y118.112 E.08056
G1 X137.888 Y140.781 E4.36265
G1 X137.779 Y141.046 E.03899
G1 X137.642 Y141.692 E.08986
G1 X114.308 Y118.358 E4.49063
G1 X113.997 Y118.415 E.04303
G1 X113.216 Y118.423 E.10629
G1 X137.577 Y142.784 E4.68828
G1 X137.621 Y143.231 E.06112
G1 X137.712 Y143.692 E.06394
G1 X137.895 Y144.26 E.08121
G1 X111.74 Y118.105 E5.03354
G1 X111.397 Y117.963 E.05052
G1 X110.957 Y117.728 E.06788
G1 X110.689 Y117.549 E.04386
G1 X110.689 Y118.211 E.09009
G1 X137.789 Y145.311 E5.2154
G1 X136.632 Y145.311 E.15745
G1 X110.689 Y119.368 E4.99274
G1 X110.689 Y120.526 E.15758
G1 X115.041 Y124.878 E.83754
G1 X115.561 Y124.685 E.07548
G1 X116.204 Y125.132 E.10657
G1 X116.204 Y126.041 E.1237
G1 X135.474 Y145.311 E3.70852
G1 X134.317 Y145.311 E.15745
G1 X116.204 Y127.198 E3.48585
G1 X116.204 Y128.355 E.15745
G1 X133.16 Y145.311 E3.26319
G1 X132.003 Y145.311 E.15745
G1 X116.204 Y129.513 E3.04042
G1 X116.204 Y130.67 E.15745
G1 X130.845 Y145.311 E2.81766
G1 X129.688 Y145.311 E.15745
G1 X115.639 Y131.261 E2.70383
G1 X115.561 Y131.315 E.01291
G1 X114.729 Y131.006 E.12078
G1 X114.174 Y130.954 E.07586
G1 X128.531 Y145.311 E2.76301
G1 X127.374 Y145.311 E.15745
G1 X112.651 Y130.588 E2.83344
M204 S8000
G1 E-2
G1 X112.651 Y130.588 F18000
G1 X110.323 Y129.417
G1 E2 F2400
M204 S5000
G1 X126.217 Y145.311 E3.0588
G1 X125.059 Y145.311 E.15758
G1 X110.689 Y130.941 E2.76551
G1 X110.689 Y132.098 E.15745
G1 X123.902 Y145.311 E2.54284
G1 X122.745 Y145.311 E.15745
G1 X118.041 Y140.608 E.90519
G1 X117.888 Y140.233 E.05512
G1 X117.725 Y139.953 E.04409
G1 X117.358 Y139.416 E.08851
G1 X116.822 Y138.852 E.10588
G1 X116.509 Y138.586 E.0559
G1 X115.919 Y138.194 E.09639
G1 X115.377 Y137.943 E.08128
G1 X110.689 Y133.255 E.90221
G1 X110.689 Y134.412 E.15745
G1 X113.855 Y137.578 E.6093
G1 X113.265 Y137.572 E.08029
G1 X112.745 Y137.626 E.07114
G1 X110.689 Y135.57 E.39568
G1 X110.689 Y136.727 E.15745
G1 X111.823 Y137.861 E.21824
G1 X111.397 Y138.037 E.06272
G1 X111.035 Y138.23 E.05583
G1 X110.323 Y137.518 E.13702
M204 S8000
G1 E-2
G1 X110.323 Y137.518 F18000
G1 X117.989 Y141.713
G1 E2 F2400
M204 S5000
G1 X121.588 Y145.311 E.69253
G1 X120.43 Y145.311 E.15758
G1 X118.374 Y143.255 E.39568
G1 X118.288 Y143.692 E.06061
G1 X118.139 Y144.177 E.06904
G1 X119.273 Y145.311 E.21824
G1 X118.116 Y145.311 E.15745
G1 X117.499 Y144.694 E.11874
M204 S8000
G1 E-2
G1 X117.499 Y144.694 F18000
G1 X114.405 Y125.399
G1 E2 F2400
M204 S5000
G1 X110.689 Y121.683 E.71514
G1 X110.689 Y122.84 E.15745
G1 X112.895 Y125.046 E.42455
G1 X111.737 Y125.046 E.15758
G1 X110.689 Y123.997 E.20178
G1 X110.689 Y125.155 E.15758
G1 X111.096 Y125.561 E.07823
G1 X111.096 Y126.683 E.15268
G1 X111.061 Y126.683 E.00476
G1 X110.323 Y125.945 E.14203
M204 S8000
G1 E-2
G1 X110.323 Y125.945 F18000
G1 X110.892 Y128.299
G1 E2 F2400
;TYPE:Solid infill
;WIDTH:1.30684
G1 F2948.408
G1 X110.892 Y127.701 E.12143
G1 E-2 F2400
G1 X110.892 Y127.701 F18000
G1 X111.91 Y129.677
G1 E2 F2400
;TYPE:Internal infill
;WIDTH:0.9
G1 F4200
G1 X111.91 Y125.86 E.5168
G1 X112.978 Y125.86 E.1446
G1 X114.023 Y126.612 E.17431
G1 X115.39 Y127.22 E.20257
G1 X115.39 Y130.383 E.42826
G1 X114.864 Y130.201 E.07536
G1 X113.703 Y130.14 E.15741
;LAYER_CHANGE
;Z:5.6
;HEIGHT:0.4
G1 Z5.6 F18000
G1 E-2 F2400
G1 Z5.6 F18000
G1 X139.94 Y132.003
G1 Z5.6
G1 E2 F2400
M204 S4000
;TYPE:Perimeter
;WIDTH:0.9
G1 F900
G1 X139.828 Y132.174 E.02768
G1 X139.828 Y124.609 E1.02426
G1 X139.807 Y124.2 E.05545
;WIDTH:0.857674
G1 X139.786 Y123.792 E.05244
;WIDTH:0.815348
G1 X139.765 Y123.384 E.04956
;WIDTH:0.808469
G1 X139.809 Y123.599 E.02637
;WIDTH:0.843915
G1 X139.854 Y123.815 E.02782
;WIDTH:0.871957
G1 X140.044 Y124.131 E.0482
;WIDTH:0.9
G1 X140.233 Y124.447 E.04985
G1 X140.749 Y124.839 E.08774
G1 X141.26 Y125.029 E.07381
G1 X141.707 Y125.078 E.06088
G1 X145.272 Y125.078 E.48268
G1 X145.272 Y127.8 E.36855
G1 X145.272 Y130.922 E.4227
G1 X141.707 Y130.922 E.48268
G1 X141.26 Y130.971 E.06088
G1 X140.749 Y131.161 E.07381
G1 X140.233 Y131.553 E.08774
G1 X140.006 Y131.902 E.05637
M204 S8000
G1 X140.006 Y131.902 F18000
G1 X140.636 Y132.402
M204 S4000
G1 F3600
G1 X140.58 Y132.487 E.01378
G1 X140.486 Y132.957 E.0649
G1 X140.486 Y136.736 E.51166
G1 X139.014 Y136.736 E.1993
G1 X139.014 Y119.264 E2.36562
G1 X140.486 Y119.264 E.1993
G1 X140.486 Y123.043 E.51166
G1 X140.58 Y123.513 E.0649
G1 X140.823 Y123.885 E.06016
G1 X141.132 Y124.12 E.05256
G1 X141.439 Y124.234 E.04434
G1 X141.707 Y124.264 E.03651
G1 X146.086 Y124.264 E.5929
G1 X146.086 Y127.8 E.47876
G1 X146.086 Y131.736 E.53292
G1 X142.55 Y131.736 E.47876
G1 X141.439 Y131.766 E.15048
G1 X141.132 Y131.88 E.04434
G1 X140.823 Y132.115 E.05256
G1 X140.701 Y132.301 E.03012
M204 S8000
G1 X140.701 Y132.301 F18000
G1 X141.331 Y132.801
M204 S3000
;TYPE:External perimeter
G1 F2400
G1 X141.3 Y132.957 E.02153
G1 X141.3 Y137.55 E.62187
G1 X138.2 Y137.55 E.41973
G1 X138.2 Y118.45 E2.58605
G1 X141.3 Y118.45 E.41973
G1 X141.3 Y123.043 E.62187
G1 X141.331 Y123.199 E.02153
G1 X141.516 Y123.402 E.03719
G1 X141.707 Y123.45 E.02666
G1 X146.9 Y123.45 E.70311
G1 X146.9 Y127.8 E.58897
G1 X146.9 Y132.55 E.64313
G1 X141.707 Y132.55 E.70311
G1 X141.516 Y132.598 E.02666
G1 X141.412 Y132.712 E.02089
M204 S8000
G1 X141.312 Y133.505 F18000
G1 E-2 F2400
G1 X139.765 Y123.384 F18000
G1 E2 F2400
M204 S4000
;TYPE:Perimeter
;WIDTH:0.773023
G1 F3600
G1 X139.75 Y123.043 E.03901
;WIDTH:0.743365
G1 X139.75 Y120 E.33274
M204 S8000
G1 E-2 F2400
G1 X139.75 Y136 F18000
G1 E2 F2400
M204 S4000
G1 F3600
G1 X139.75 Y132.957 E.33274
M204 S8000
G1 E-2 F2400
G1 X140.603 Y125.418 F18000
G1 E2 F2400
;TYPE:Solid infill
;WIDTH:1.00641
G1 F3600
G1 X140.522 Y125.336 E.01765
G1 X140.411 Y125.366 E.0176
G1 X140.381 Y125.477 E.0176
G1 X140.462 Y125.559 E.01765
G1 X140.574 Y125.529 E.01775
;WIDTH:0.9
G1 X141.499 Y125.667 E.12663
G1 X140.439 Y126.727 E.20297
G1 X140.439 Y127.879 E.15598
G1 X142.629 Y125.689 E.41934
G1 X143.78 Y125.689 E.15584
G1 X140.439 Y129.03 E.63973
G1 X140.439 Y130.182 E.15598
G1 X144.661 Y125.959 E.80851
G1 X144.756 Y125.814 E.02347
;WIDTH:0.85528
G1 X144.852 Y125.669 E.02225
;WIDTH:0.81056
G1 X144.947 Y125.523 E.02099
;WIDTH:0.765841
G1 X144.865 Y125.545 E.0096
G1 X144.805 Y125.485 E.0096
G1 X144.827 Y125.403 E.0096
G1 X144.909 Y125.381 E.0096
G1 X144.969 Y125.441 E.0096
G1 X144.661 Y127.111 F18000
;WIDTH:0.9
G1 F3600
G1 X141.432 Y130.34 E.61828
G1 X142.612 Y130.311 E.15981
G1 X144.661 Y128.262 E.39234
G1 X144.661 Y129.414 E.15598
G1 X143.764 Y130.311 E.17176
G1 E-2 F2400
G1 X143.764 Y130.311 F18000
G1 X115.377 Y131.257
G1 E2 F2400
M204 S4000
;TYPE:Perimeter
G1 F900
G1 X115.251 Y131.161 E.02145
G1 X114.74 Y130.971 E.07381
G1 X114.293 Y130.922 E.06088
G1 X110.728 Y130.922 E.48268
G1 X110.728 Y125.078 E.79125
G1 X114.293 Y125.078 E.48268
G1 X114.74 Y125.029 E.06088
G1 X115.251 Y124.839 E.07381
G1 X115.767 Y124.447 E.08774
G1 X115.956 Y124.131 E.04985
;WIDTH:0.871957
G1 X116.146 Y123.815 E.0482
;WIDTH:0.843915
G1 X116.191 Y123.599 E.02782
;WIDTH:0.808468
G1 X116.235 Y123.384 E.02637
G1 X116.217 Y123.605 E.02665
;WIDTH:0.843915
G1 X116.2 Y123.826 E.02794
;WIDTH:0.871957
G1 X116.186 Y124.217 E.05115
;WIDTH:0.9
G1 X116.172 Y124.609 E.05311
G1 X116.172 Y132.174 E1.02426
G1 X115.767 Y131.553 E.10038
G1 X115.473 Y131.33 E.04996
M204 S8000
G1 X115.473 Y131.33 F18000
G1 X114.931 Y131.928
M204 S4000
G1 F3600
G1 X114.868 Y131.88 E.01072
G1 X114.561 Y131.766 E.04434
G1 X114.293 Y131.736 E.03651
G1 X109.914 Y131.736 E.5929
G1 X109.914 Y124.264 E1.01167
G1 X113.45 Y124.264 E.47876
G1 X114.561 Y124.234 E.15048
G1 X114.868 Y124.12 E.04434
G1 X115.177 Y123.885 E.05256
G1 X115.42 Y123.513 E.06016
G1 X115.514 Y123.043 E.0649
G1 X115.514 Y119.264 E.51166
G1 X116.986 Y119.264 E.1993
G1 X116.986 Y120 E.09965
G1 X116.986 Y136.736 E2.26597
G1 X115.514 Y136.736 E.1993
G1 X115.514 Y132.957 E.51166
G1 X115.42 Y132.487 E.0649
G1 X115.177 Y132.115 E.06016
G1 X115.026 Y132 E.0257
M204 S8000
G1 X115.026 Y132 F18000
G1 X114.484 Y132.598
M204 S3000
;TYPE:External perimeter
G1 F2400
G1 X114.293 Y132.55 E.02666
G1 X109.1 Y132.55 E.70311
G1 X109.1 Y123.45 E1.2321
G1 X114.293 Y123.45 E.70311
G1 X114.484 Y123.402 E.02666
G1 X114.669 Y123.199 E.03719
G1 X114.7 Y123.043 E.02153
G1 X114.7 Y118.45 E.62187
G1 X117.8 Y118.45 E.41973
G1 X117.8 Y120 E.20986
G1 X117.8 Y137.55 E2.37619
G1 X114.7 Y137.55 E.41973
G1 X114.7 Y132.957 E.62187
G1 X114.669 Y132.801 E.02153
G1 X114.565 Y132.687 E.02089
M204 S8000
G1 X113.775 Y132.563 F18000
G1 E-2 F2400
G1 X116.25 Y120 F18000
G1 E2 F2400
M204 S4000
;TYPE:Perimeter
;WIDTH:0.743365
G1 F3600
G1 X116.25 Y123.043 E.33274
;WIDTH:0.773021
G1 X116.235 Y123.384 E.03901
M204 S8000
G1 E-2 F2400
G1 X116.235 Y123.384 F18000
G1 X116.25 Y136
G1 E2 F2400
M204 S4000
;WIDTH:0.743365
G1 F3600
G1 X116.25 Y132.957 E.33274
M204 S8000
G1 E-2 F2400
G1 X111.56 Y125.755 F18000
G1 E2 F2400
;TYPE:Solid infill
;WIDTH:1.09754
G1 F3558.367
G1 X111.47 Y125.666 E.0213
G1 X111.348 Y125.698 E.02122
G1 X111.316 Y125.82 E.02122
G1 X111.405 Y125.91 E.0213
G1 X111.527 Y125.877 E.02126
;WIDTH:0.9
G1 F3600
G1 X111.339 Y127.178 E.17798
G1 X112.828 Y125.689 E.28511
G1 X113.979 Y125.689 E.15584
G1 X111.339 Y128.329 E.5055
G1 X111.339 Y129.48 E.15584
G1 X115.382 Y125.438 E.77405
G1 X115.54 Y125.323 E.02646
;WIDTH:0.85528
G1 X115.698 Y125.208 E.02501
;WIDTH:0.81056
G1 X115.856 Y125.093 E.02355
;WIDTH:0.765841
G1 X115.774 Y125.115 E.0096
G1 X115.714 Y125.055 E.0096
G1 X115.736 Y124.973 E.0096
G1 X115.818 Y124.951 E.0096
G1 X115.878 Y125.011 E.0096
;WIDTH:0.9
G1 X115.561 Y126.41 E.19422
G1 X111.66 Y130.311 E.74695
G1 X111.51 Y130.374 E.02203
;WIDTH:0.85528
G1 X111.361 Y130.436 E.02065
;WIDTH:0.81056
G1 X111.212 Y130.498 E.01945
;WIDTH:0.765841
G1 X111.152 Y130.438 E.0096
G1 X111.069 Y130.46 E.00971
G1 X111.047 Y130.542 E.0096
G1 X111.108 Y130.603 E.00976
G1 X111.19 Y130.581 E.0096
G1 X111.19 Y130.581 F18000
G1 X112.811 Y130.311
;WIDTH:0.9
G1 F3600
G1 X115.561 Y127.561 E.52656
G1 X115.561 Y128.712 E.15584
G1 X113.962 Y130.311 E.30617
G1 X115.47 Y130.45 E.20504
;WIDTH:1.29723
G1 F2971.788
G1 X115.323 Y130.49 E.03069
G1 X115.216 Y130.382 E.03063
G1 X115.255 Y130.236 E.03044
G1 X115.402 Y130.197 E.03064
G1 X115.509 Y130.304 E.03048
;LAYER_CHANGE
;Z:6
;HEIGHT:0.4
G1 Z6 F18000
G1 E-2 F2400
G1 Z6 F18000
G1 X140.623 Y131.257
G1 Z6
G1 E2 F2400
M204 S4000
;TYPE:Perimeter
;WIDTH:0.9
G1 F900
G1 X140.233 Y131.553 E.06629
G1 X139.828 Y132.174 E.10038
G1 X139.828 Y124.609 E1.02426
G1 X139.807 Y124.2 E.05545
;WIDTH:0.857674
G1 X139.786 Y123.792 E.05244
;WIDTH:0.815348
G1 X139.765 Y123.384 E.04956
;WIDTH:0.808469
G1 X139.809 Y123.599 E.02637
;WIDTH:0.843915
G1 X139.854 Y123.815 E.02782
;WIDTH:0.871957
G1 X140.044 Y124.131 E.0482
;WIDTH:0.9
G1 X140.233 Y124.447 E.04985
G1 X140.749 Y124.839 E.08774
G1 X141.26 Y125.029 E.07381
G1 X141.707 Y125.078 E.06088
G1 X144.872 Y125.078 E.42853
G1 X144.872 Y127.6 E.34147
G1 X144.872 Y130.922 E.44978
G1 X141.707 Y130.922 E.42853
G1 X141.26 Y130.971 E.06088
G1 X140.749 Y131.161 E.07381
G1 X140.718 Y131.185 E.00531
M204 S8000
G1 X140.718 Y131.185 F18000
G1 X141.069 Y131.928
M204 S4000
G1 F3600
G1 X140.823 Y132.115 E.04184
G1 X140.58 Y132.487 E.06016
G1 X140.486 Y132.957 E.0649
G1 X140.486 Y136.736 E.51166
G1 X139.014 Y136.736 E.1993
G1 X139.014 Y119.264 E2.36562
G1 X140.486 Y119.264 E.1993
G1 X140.486 Y123.043 E.51166
G1 X140.58 Y123.513 E.0649
G1 X140.823 Y123.885 E.06016
G1 X141.132 Y124.12 E.05256
G1 X141.439 Y124.234 E.04434
G1 X141.707 Y124.264 E.03651
G1 X145.686 Y124.264 E.53874
G1 X145.686 Y127.6 E.45168
G1 X145.686 Y131.736 E.55999
G1 X142.35 Y131.736 E.45168
G1 X141.439 Y131.766 E.12341
G1 X141.17 Y131.865 E.03881
M204 S8000
G1 X141.17 Y131.865 F18000
G1 X141.516 Y132.598
M204 S3000
;TYPE:External perimeter
G1 F2400
G1 X141.331 Y132.801 E.03719
G1 X141.3 Y132.957 E.02153
G1 X141.3 Y137.55 E.62187
G1 X138.2 Y137.55 E.41973
G1 X138.2 Y118.45 E2.58605
G1 X141.3 Y118.45 E.41973
G1 X141.3 Y123.043 E.62187
G1 X141.331 Y123.199 E.02153
G1 X141.516 Y123.402 E.03719
G1 X141.707 Y123.45 E.02666
G1 X146.5 Y123.45 E.64895
G1 X146.5 Y127.6 E.56189
G1 X146.5 Y132.55 E.67021
G1 X141.707 Y132.55 E.64895
G1 X141.632 Y132.569 E.01048
M204 S8000
G1 X141.31 Y133.301 F18000
G1 E-2 F2400
G1 X139.765 Y123.384 F18000
G1 E2 F2400
M204 S4000
;TYPE:Perimeter
;WIDTH:0.773023
G1 F3600
G1 X139.75 Y123.043 E.03901
;WIDTH:0.743365
G1 X139.75 Y120 E.33274
M204 S8000
G1 E-2 F2400
G1 X139.75 Y136 F18000
G1 E2 F2400
M204 S4000
G1 F3600
G1 X139.75 Y132.957 E.33274
M204 S8000
G1 E-2 F2400
G1 X140.462 Y130.441 F18000
G1 E2 F2400
;TYPE:Solid infill
;WIDTH:1.00641
G1 F3600
G1 X140.381 Y130.523 E.01765
G1 X140.411 Y130.634 E.0176
G1 X140.522 Y130.664 E.0176
G1 X140.603 Y130.582 E.01765
G1 X140.574 Y130.471 E.01756
;WIDTH:0.9
G1 X141.499 Y130.333 E.12663
G1 X140.439 Y129.273 E.20297
G1 X140.343 Y129.148 E.02134
;WIDTH:0.85528
G1 X140.247 Y129.024 E.02007
;WIDTH:0.81056
G1 X140.152 Y128.9 E.01883
;WIDTH:0.765841
G1 X140.174 Y128.982 E.0096
G1 X140.113 Y129.042 E.00968
G1 X140.031 Y129.02 E.0096
G1 X140.009 Y128.938 E.0096
G1 X140.069 Y128.878 E.0096
;WIDTH:0.9
G1 X140.439 Y128.121 E.11408
G1 X142.718 Y130.4 E.43638
;WIDTH:0.85528
G1 X142.806 Y130.488 E.01592
;WIDTH:0.81056
G1 X142.895 Y130.576 E.01508
;WIDTH:0.765841
G1 X142.835 Y130.637 E.00968
G1 X142.857 Y130.719 E.0096
G1 X142.939 Y130.741 E.0096
G1 X142.999 Y130.681 E.0096
G1 X142.977 Y130.598 E.00971
;WIDTH:0.9
G1 X144.496 Y130.425 E.20699
;WIDTH:0.765841
G1 X144.518 Y130.508 E.00971
G1 X144.458 Y130.568 E.0096
G1 X144.375 Y130.546 E.00971
G1 X144.353 Y130.464 E.0096
G1 X144.414 Y130.403 E.00976
;WIDTH:0.81056
G1 X144.202 Y130.373 E.02581
;WIDTH:0.85528
G1 X143.991 Y130.342 E.02729
;WIDTH:0.9
G1 X143.78 Y130.311 E.02888
G1 X140.439 Y126.97 E.63973
G1 X140.439 Y126.97 F18000
G1 X140.302 Y125.124
;WIDTH:0.765841
G1 F3600
G1 X140.242 Y125.184 E.0096
G1 X140.264 Y125.267 E.00971
G1 X140.346 Y125.289 E.0096
G1 X140.407 Y125.228 E.00976
G1 X140.385 Y125.146 E.0096
;WIDTH:0.81056
G1 X140.403 Y125.37 E.02708
;WIDTH:0.85528
G1 X140.421 Y125.594 E.02876
;WIDTH:0.9
G1 X140.439 Y125.818 E.03043
G1 X144.261 Y129.641 E.73192
G1 X144.261 Y128.489 E.15598
G1 X141.432 Y125.66 E.54169
G1 X142.612 Y125.689 E.15981
G1 X144.261 Y127.338 E.31575
G1 X144.213 Y125.737 E.21687
;WIDTH:1.19137
G1 F3256.369
G1 X144.249 Y125.87 E.02533
G1 X144.151 Y125.968 E.02548
G1 X144.018 Y125.932 E.02533
G1 X143.982 Y125.799 E.02533
G1 X144.08 Y125.701 E.02548
G1 E-2 F2400
G1 X144.08 Y125.701 F18000
G1 X115.377 Y131.257
G1 E2 F2400
M204 S4000
;TYPE:Perimeter
;WIDTH:0.9
G1 F900
G1 X115.251 Y131.161 E.02145
G1 X114.74 Y130.971 E.07381
G1 X114.293 Y130.922 E.06088
G1 X111.128 Y130.922 E.42853
G1 X111.128 Y125.078 E.79125
G1 X114.293 Y125.078 E.42853
G1 X114.74 Y125.029 E.06088
G1 X115.251 Y124.839 E.07381
G1 X115.767 Y124.447 E.08774
G1 X115.956 Y124.131 E.04985
;WIDTH:0.871957
G1 X116.146 Y123.815 E.0482
;WIDTH:0.843915
G1 X116.191 Y123.599 E.02782
;WIDTH:0.808468
G1 X116.235 Y123.384 E.02637
G1 X116.217 Y123.605 E.02665
;WIDTH:0.843915
G1 X116.2 Y123.826 E.02794
;WIDTH:0.871957
G1 X116.186 Y124.217 E.05115
;WIDTH:0.9
G1 X116.172 Y124.609 E.05311
G1 X116.172 Y132.174 E1.02426
G1 X115.767 Y131.553 E.10038
G1 X115.473 Y131.33 E.04996
M204 S8000
G1 X115.473 Y131.33 F18000
G1 X114.931 Y131.928
M204 S4000
G1 F3600
G1 X114.868 Y131.88 E.01072
G1 X114.561 Y131.766 E.04434
G1 X114.293 Y131.736 E.03651
G1 X110.314 Y131.736 E.53874
G1 X110.314 Y124.264 E1.01167
G1 X113.65 Y124.264 E.45168
G1 X114.561 Y124.234 E.12341
G1 X114.868 Y124.12 E.04434
G1 X115.177 Y123.885 E.05256
G1 X115.42 Y123.513 E.06016
G1 X115.514 Y123.043 E.0649
G1 X115.514 Y119.264 E.51166
G1 X116.986 Y119.264 E.1993
G1 X116.986 Y120 E.09965
G1 X116.986 Y136.736 E2.26597
G1 X115.514 Y136.736 E.1993
G1 X115.514 Y132.957 E.51166
G1 X115.42 Y132.487 E.0649
G1 X115.177 Y132.115 E.06016
G1 X115.026 Y132 E.0257
M204 S8000
G1 X115.026 Y132 F18000
G1 X114.484 Y132.598
M204 S3000
;TYPE:External perimeter
G1 F2400
G1 X114.293 Y132.55 E.02666
G1 X109.5 Y132.55 E.64895
G1 X109.5 Y123.45 E1.2321
G1 X114.293 Y123.45 E.64895
G1 X114.484 Y123.402 E.02666
G1 X114.669 Y123.199 E.03719
G1 X114.7 Y123.043 E.02153
G1 X114.7 Y118.45 E.62187
G1 X117.8 Y118.45 E.41973
G1 X117.8 Y120 E.20986
G1 X117.8 Y137.55 E2.37619
G1 X114.7 Y137.55 E.41973
G1 X114.7 Y132.957 E.62187
G1 X114.669 Y132.801 E.02153
G1 X114.565 Y132.687 E.02089
M204 S8000
G1 X113.775 Y132.563 F18000
G1 E-2 F2400
G1 X116.25 Y120 F18000
G1 E2 F2400
M204 S4000
;TYPE:Perimeter
;WIDTH:0.743365
G1 F3600
G1 X116.25 Y123.043 E.33274
;WIDTH:0.773021
G1 X116.235 Y123.384 E.03901
M204 S8000
G1 E-2 F2400
G1 X116.235 Y123.384 F18000
G1 X116.25 Y136
G1 E2 F2400
M204 S4000
;WIDTH:0.743365
G1 F3600
G1 X116.25 Y132.957 E.33274
M204 S8000
G1 E-2 F2400
G1 X111.805 Y130.09 F18000
G1 E2 F2400
;TYPE:Solid infill
;WIDTH:1.09754
G1 F3558.367
G1 X111.716 Y130.18 E.0213
G1 X111.748 Y130.302 E.02122
G1 X111.87 Y130.334 E.02122
G1 X111.96 Y130.245 E.0213
G1 X111.927 Y130.123 E.02126
;WIDTH:0.9
G1 F3600
G1 X111.739 Y128.822 E.17798
G1 X113.228 Y130.311 E.28511
G1 X114.388 Y130.32 E.15706
G1 X111.739 Y127.671 E.50722
G1 X111.739 Y126.52 E.15584
G1 X115.561 Y130.342 E.73183
G1 X115.609 Y130.49 E.02107
;WIDTH:0.85528
G1 X115.657 Y130.638 E.01991
;WIDTH:0.81056
G1 X115.705 Y130.786 E.01875
;WIDTH:0.765841
G1 X115.645 Y130.846 E.0096
G1 X115.667 Y130.928 E.0096
G1 X115.749 Y130.95 E.0096
G1 X115.81 Y130.89 E.00968
G1 X115.788 Y130.808 E.0096
G1 X115.788 Y130.808 F18000
G1 X115.561 Y129.19
;WIDTH:0.9
G1 F3600
G1 X112.06 Y125.689 E.67036
G1 X111.903 Y125.599 E.0245
;WIDTH:0.85528
G1 X111.746 Y125.509 E.02316
;WIDTH:0.81056
G1 X111.59 Y125.419 E.02171
;WIDTH:0.765841
G1 X111.612 Y125.502 E.00971
G1 X111.552 Y125.562 E.0096
G1 X111.469 Y125.54 E.00971
G1 X111.447 Y125.458 E.0096
G1 X111.508 Y125.397 E.00976
G1 X111.508 Y125.397 F18000
G1 X113.211 Y125.689
;WIDTH:0.9
G1 F3600
G1 X115.561 Y128.039 E.44997
G1 X115.561 Y126.888 E.15584
G1 X114.357 Y125.683 E.23063
G1 X115.434 Y125.386 E.15126
;WIDTH:1.08957
G1 F3586.622
G1 X115.345 Y125.475 E.02101
G1 X115.378 Y125.596 E.02094
G1 X115.499 Y125.629 E.02094
G1 X115.587 Y125.54 E.02089
G1 X115.555 Y125.419 E.02089
;LAYER_CHANGE
;Z:6.4
;HEIGHT:0.4
G1 Z6.4 F18000
G1 E-2 F2400
G1 Z6.4 F18000
G1 X140.623 Y131.257
G1 Z6.4
G1 E2 F2400
M204 S4000
;TYPE:Perimeter
;WIDTH:0.9
G1 F900
G1 X140.233 Y131.553 E.06629
G1 X139.828 Y132.174 E.10038
G1 X139.828 Y124.609 E1.02426
G1 X139.807 Y124.2 E.05545
;WIDTH:0.857674
G1 X139.786 Y123.792 E.05244
;WIDTH:0.815348
G1 X139.765 Y123.384 E.04956
;WIDTH:0.808469
G1 X139.809 Y123.599 E.02637
;WIDTH:0.843915
G1 X139.854 Y123.815 E.02782
;WIDTH:0.871957
G1 X140.044 Y124.131 E.0482
;WIDTH:0.9
G1 X140.233 Y124.447 E.04985
G1 X140.749 Y124.839 E.08774
G1 X141.26 Y125.029 E.07381
G1 X141.707 Y125.078 E.06088
G1 X144.472 Y125.078 E.37437
G1 X144.472 Y127.4 E.31439
G1 X144.472 Y130.922 E.47686
G1 X142.15 Y130.922 E.31439
G1 X141.26 Y130.971 E.12068
G1 X140.749 Y131.161 E.07381
G1 X140.718 Y131.185 E.00531
M204 S8000
G1 X140.718 Y131.185 F18000
G1 X141.069 Y131.928
M204 S4000
G1 F3600
G1 X140.823 Y132.115 E.04184
G1 X140.58 Y132.487 E.06016
G1 X140.486 Y132.957 E.0649
G1 X140.486 Y136.736 E.51166
G1 X139.014 Y136.736 E.1993
G1 X139.014 Y119.264 E2.36562
G1 X140.486 Y119.264 E.1993
G1 X140.486 Y123.043 E.51166
G1 X140.58 Y123.513 E.0649
G1 X140.823 Y123.885 E.06016
G1 X141.132 Y124.12 E.05256
G1 X141.439 Y124.234 E.04434
G1 X141.707 Y124.264 E.03651
G1 X145.286 Y124.264 E.48458
G1 X145.286 Y127.4 E.4246
G1 X145.286 Y131.736 E.58707
G1 X142.15 Y131.736 E.4246
G1 X141.439 Y131.766 E.09635
G1 X141.17 Y131.865 E.03881
M204 S8000
G1 X141.17 Y131.865 F18000
G1 X141.516 Y132.598
M204 S3000
;TYPE:External perimeter
G1 F2400
G1 X141.331 Y132.801 E.03719
G1 X141.3 Y132.957 E.02153
G1 X141.3 Y137.55 E.62187
G1 X138.2 Y137.55 E.41973
G1 X138.2 Y118.45 E2.58605
G1 X141.3 Y118.45 E.41973
G1 X141.3 Y123.043 E.62187
G1 X141.331 Y123.199 E.02153
G1 X141.516 Y123.402 E.03719
G1 X141.707 Y123.45 E.02666
G1 X146.1 Y123.45 E.59479
G1 X146.1 Y127.4 E.53481
G1 X146.1 Y132.55 E.69729
G1 X141.707 Y132.55 E.59479
G1 X141.632 Y132.569 E.01048
M204 S8000
G1 X141.31 Y133.301 F18000
G1 E-2 F2400
G1 X139.765 Y123.384 F18000
G1 E2 F2400
M204 S4000
;TYPE:Perimeter
;WIDTH:0.773023
G1 F3600
G1 X139.75 Y123.043 E.03901
;WIDTH:0.743365
G1 X139.75 Y120 E.33274
M204 S8000
G1 E-2 F2400
G1 X139.75 Y136 F18000
G1 E2 F2400
M204 S4000
G1 F3600
G1 X139.75 Y132.957 E.33274
M204 S8000
G1 E-2 F2400
G1 X140.603 Y125.418 F18000
G1 E2 F2400
;TYPE:Solid infill
;WIDTH:1.00641
G1 F3600
G1 X140.522 Y125.336 E.01765
G1 X140.411 Y125.366 E.0176
G1 X140.381 Y125.477 E.0176
G1 X140.462 Y125.559 E.01765
G1 X140.574 Y125.529 E.01775
;WIDTH:0.9
G1 X141.499 Y125.667 E.12663
G1 X140.439 Y126.727 E.20297
G1 X140.439 Y127.879 E.15598
G1 X142.629 Y125.689 E.41934
G1 X143.78 Y125.689 E.15584
G1 X140.439 Y129.03 E.63973
G1 X140.439 Y129.03 F18000
G1 X140.407 Y130.772
;WIDTH:0.765841
G1 F3600
G1 X140.346 Y130.711 E.00976
G1 X140.264 Y130.733 E.0096
G1 X140.242 Y130.816 E.00971
G1 X140.302 Y130.876 E.0096
G1 X140.385 Y130.854 E.00971
;WIDTH:0.81056
G1 X140.403 Y130.63 E.02708
;WIDTH:0.85528
G1 X140.421 Y130.406 E.02876
;WIDTH:0.9
G1 X140.439 Y130.182 E.03043
G1 X143.861 Y126.759 E.65533
G1 X143.861 Y127.911 E.15598
G1 X141.432 Y130.34 E.4651
G1 X142.612 Y130.311 E.15981
G1 X143.861 Y129.062 E.23916
G1 X143.938 Y130.254 E.16173
;WIDTH:0.957057
G1 X143.861 Y130.177 E.01578
G1 X143.756 Y130.206 E.01578
G1 X143.727 Y130.311 E.01578
G1 X143.804 Y130.388 E.01578
G1 X143.91 Y130.36 E.01588
G1 E-2 F2400
G1 X143.91 Y130.36 F18000
G1 X115.377 Y131.257
G1 E2 F2400
M204 S4000
;TYPE:Perimeter
;WIDTH:0.9
G1 F900
G1 X115.251 Y131.161 E.02145
G1 X114.74 Y130.971 E.07381
G1 X114.293 Y130.922 E.06088
G1 X111.528 Y130.922 E.37437
G1 X111.528 Y125.078 E.79125
G1 X113.85 Y125.078 E.31439
G1 X114.74 Y125.029 E.12068
G1 X115.251 Y124.839 E.07381
G1 X115.767 Y124.447 E.08774
G1 X115.956 Y124.131 E.04985
;WIDTH:0.871957
G1 X116.146 Y123.815 E.0482
;WIDTH:0.843915
G1 X116.191 Y123.599 E.02782
;WIDTH:0.808468
G1 X116.235 Y123.384 E.02637
G1 X116.217 Y123.605 E.02665
;WIDTH:0.843915
G1 X116.2 Y123.826 E.02794
;WIDTH:0.871957
G1 X116.186 Y124.217 E.05115
;WIDTH:0.9
G1 X116.172 Y124.609 E.05311
G1 X116.172 Y132.174 E1.02426
G1 X115.767 Y131.553 E.10038
G1 X115.473 Y131.33 E.04996
M204 S8000
G1 X115.473 Y131.33 F18000
G1 X114.931 Y131.928
M204 S4000
G1 F3600
G1 X114.868 Y131.88 E.01072
G1 X114.561 Y131.766 E.04434
G1 X114.293 Y131.736 E.03651
G1 X110.714 Y131.736 E.48458
G1 X110.714 Y124.264 E1.01167
G1 X113.85 Y124.264 E.4246
G1 X114.561 Y124.234 E.09635
G1 X114.868 Y124.12 E.04434
G1 X115.177 Y123.885 E.05256
G1 X115.42 Y123.513 E.06016
G1 X115.514 Y123.043 E.0649
G1 X115.514 Y119.264 E.51166
G1 X116.986 Y119.264 E.1993
G1 X116.986 Y120 E.09965
G1 X116.986 Y136.736 E2.26597
G1 X115.514 Y136.736 E.1993
G1 X115.514 Y132.957 E.51166
G1 X115.42 Y132.487 E.0649
G1 X115.177 Y132.115 E.06016
G1 X115.026 Y132 E.0257
M204 S8000
G1 X115.026 Y132 F18000
G1 X114.484 Y132.598
M204 S3000
;TYPE:External perimeter
G1 F2400
G1 X114.293 Y132.55 E.02666
G1 X109.9 Y132.55 E.59479
G1 X109.9 Y123.45 E1.2321
G1 X114.293 Y123.45 E.59479
G1 X114.484 Y123.402 E.02666
G1 X114.669 Y123.199 E.03719
G1 X114.7 Y123.043 E.02153
G1 X114.7 Y118.45 E.62187
G1 X117.8 Y118.45 E.41973
G1 X117.8 Y120 E.20986
G1 X117.8 Y137.55 E2.37619
G1 X114.7 Y137.55 E.41973
G1 X114.7 Y132.957 E.62187
G1 X114.669 Y132.801 E.02153
G1 X114.565 Y132.687 E.02089
M204 S8000
G1 X113.775 Y132.563 F18000
G1 E-2 F2400
G1 X116.25 Y120 F18000
G1 E2 F2400
M204 S4000
;TYPE:Perimeter
;WIDTH:0.743365
G1 F3600
G1 X116.25 Y123.043 E.33274
;WIDTH:0.773021
G1 X116.235 Y123.384 E.03901
M204 S8000
G1 E-2 F2400
G1 X116.235 Y123.384 F18000
G1 X116.25 Y136
G1 E2 F2400
M204 S4000
;WIDTH:0.743365
G1 F3600
G1 X116.25 Y132.957 E.33274
M204 S8000
G1 E-2 F2400
G1 X112.36 Y125.755 F18000
G1 E2 F2400
;TYPE:Solid infill
;WIDTH:1.09754
G1 F3558.367
G1 X112.27 Y125.666 E.0213
G1 X112.148 Y125.698 E.02122
G1 X112.116 Y125.82 E.02122
G1 X112.205 Y125.91 E.0213
G1 X112.327 Y125.877 E.02126
;WIDTH:0.9
G1 F3600
G1 X112.139 Y127.178 E.17798
G1 X113.628 Y125.689 E.28511
G1 X114.838 Y125.63 E.16402
G1 X112.139 Y128.329 E.5168
G1 X112.139 Y129.48 E.15584
G1 X115.561 Y126.058 E.65524
G1 X115.607 Y125.812 E.03388
;WIDTH:0.85528
G1 X115.652 Y125.567 E.03187
;WIDTH:0.81056
G1 X115.698 Y125.321 E.03016
;WIDTH:0.765841
G1 X115.616 Y125.343 E.0096
G1 X115.556 Y125.283 E.0096
G1 X115.578 Y125.201 E.0096
G1 X115.66 Y125.179 E.0096
G1 X115.72 Y125.239 E.0096
G1 X115.72 Y125.239 F18000
G1 X115.561 Y127.21
;WIDTH:0.9
G1 F3600
G1 X112.46 Y130.311 E.59377
G1 X112.31 Y130.374 E.02203
;WIDTH:0.85528
G1 X112.161 Y130.436 E.02065
;WIDTH:0.81056
G1 X112.012 Y130.498 E.01945
;WIDTH:0.765841
G1 X111.952 Y130.438 E.0096
G1 X111.869 Y130.46 E.00971
G1 X111.847 Y130.542 E.0096
G1 X111.908 Y130.603 E.00976
G1 X111.99 Y130.581 E.0096
;WIDTH:0.9
G1 X113.382 Y130.719 E.18939
;WIDTH:0.765841
G1 X113.3 Y130.741 E.0096
G1 X113.24 Y130.681 E.0096
G1 X113.262 Y130.598 E.00971
G1 X113.344 Y130.576 E.0096
G1 X113.404 Y130.637 E.00968
;WIDTH:0.81056
G1 X113.473 Y130.528 E.01555
;WIDTH:0.85528
G1 X113.542 Y130.42 E.0164
;WIDTH:0.9
G1 X113.611 Y130.311 E.01747
G1 X115.561 Y128.361 E.37338
G1 X115.561 Y129.512 E.15584
G1 X114.717 Y130.357 E.1617
;LAYER_CHANGE
;Z:6.8
;HEIGHT:0.4
G1 Z6.8 F18000
G1 E-2 F2400
G1 Z6.8 F18000
G1 X140.623 Y131.257
G1 Z6.8
G1 E2 F2400
M204 S4000
;TYPE:Perimeter
G1 F900
G1 X140.233 Y131.553 E.06629
G1 X139.828 Y132.174 E.10038
G1 X139.828 Y124.609 E1.02426
G1 X139.807 Y124.2 E.05545
;WIDTH:0.857674
G1 X139.786 Y123.792 E.05244
;WIDTH:0.815348
G1 X139.765 Y123.384 E.04956
;WIDTH:0.808469
G1 X139.809 Y123.599 E.02637
;WIDTH:0.843915
G1 X139.854 Y123.815 E.02782
;WIDTH:0.871957
G1 X140.044 Y124.131 E.0482
;WIDTH:0.9
G1 X140.233 Y124.447 E.04985
G1 X140.749 Y124.839 E.08774
G1 X141.26 Y125.029 E.07381
G1 X141.707 Y125.078 E.06088
G1 X144.072 Y125.078 E.32021
G1 X144.072 Y127.2 E.28731
G1 X144.072 Y130.922 E.50394
G1 X141.95 Y130.922 E.28731
G1 X141.26 Y130.971 E.09366
G1 X140.749 Y131.161 E.07381
G1 X140.718 Y131.185 E.00531
M204 S8000
G1 X140.718 Y131.185 F18000
G1 X141.069 Y131.928
M204 S4000
G1 F3600
G1 X140.823 Y132.115 E.04184
G1 X140.58 Y132.487 E.06016
G1 X140.486 Y132.957 E.0649
G1 X140.486 Y136.736 E.51166
G1 X139.014 Y136.736 E.1993
G1 X139.014 Y119.264 E2.36562
G1 X140.486 Y119.264 E.1993
G1 X140.486 Y123.043 E.51166
G1 X140.58 Y123.513 E.0649
G1 X140.823 Y123.885 E.06016
G1 X141.132 Y124.12 E.05256
G1 X141.439 Y124.234 E.04434
G1 X141.707 Y124.264 E.03651
G1 X144.886 Y124.264 E.43042
G1 X144.886 Y127.2 E.39752
G1 X144.886 Y131.736 E.61415
G1 X141.95 Y131.736 E.39752
G1 X141.439 Y131.766 E.06931
G1 X141.17 Y131.865 E.03881
M204 S8000
G1 X141.17 Y131.865 F18000
G1 X141.516 Y132.598
M204 S3000
;TYPE:External perimeter
G1 F2400
G1 X141.331 Y132.801 E.03719
G1 X141.3 Y132.957 E.02153
G1 X141.3 Y137.55 E.62187
G1 X138.2 Y137.55 E.41973
G1 X138.2 Y118.45 E2.58605
G1 X141.3 Y118.45 E.41973
G1 X141.3 Y123.043 E.62187
G1 X141.331 Y123.199 E.02153
G1 X141.516 Y123.402 E.03719
G1 X141.707 Y123.45 E.02666
G1 X145.7 Y123.45 E.54063
G1 X145.7 Y127.2 E.50773
G1 X145.7 Y132.55 E.72436
G1 X141.707 Y132.55 E.54063
G1 X141.632 Y132.569 E.01048
M204 S8000
G1 X141.31 Y133.301 F18000
G1 E-2 F2400
G1 X139.765 Y123.384 F18000
G1 E2 F2400
M204 S4000
;TYPE:Perimeter
;WIDTH:0.773023
G1 F3600
G1 X139.75 Y123.043 E.03901
;WIDTH:0.743365
G1 X139.75 Y120 E.33274
M204 S8000
G1 E-2 F2400
G1 X139.75 Y136 F18000
G1 E2 F2400
M204 S4000
G1 F3600
G1 X139.75 Y132.957 E.33274
M204 S8000
G1 E-2 F2400
G1 X140.462 Y130.441 F18000
G1 E2 F2400
;TYPE:Solid infill
;WIDTH:1.00641
G1 F3600
G1 X140.381 Y130.523 E.01765
G1 X140.411 Y130.634 E.0176
G1 X140.522 Y130.664 E.0176
G1 X140.603 Y130.582 E.01765
G1 X140.574 Y130.471 E.01756
;WIDTH:0.9
G1 X141.499 Y130.333 E.12663
G1 X140.439 Y129.273 E.20297
G1 X140.343 Y129.148 E.02134
;WIDTH:0.85528
G1 X140.247 Y129.024 E.02007
;WIDTH:0.81056
G1 X140.152 Y128.9 E.01883
;WIDTH:0.765841
G1 X140.174 Y128.982 E.0096
G1 X140.113 Y129.042 E.00968
G1 X140.031 Y129.02 E.0096
G1 X140.009 Y128.938 E.0096
G1 X140.069 Y128.878 E.0096
;WIDTH:0.9
G1 X140.439 Y128.121 E.11408
G1 X142.629 Y130.311 E.41934
G1 X143.731 Y130.461 E.15058
;WIDTH:0.765841
G1 X143.753 Y130.543 E.0096
G1 X143.693 Y130.603 E.0096
G1 X143.611 Y130.581 E.0096
G1 X143.589 Y130.499 E.0096
G1 X143.649 Y130.439 E.0096
;WIDTH:0.81056
G1 X143.586 Y130.29 E.0195
;WIDTH:0.85528
G1 X143.524 Y130.141 E.02065
;WIDTH:0.9
G1 X143.461 Y129.992 E.0219
G1 X140.439 Y126.97 E.57865
G1 X140.439 Y126.97 F18000
G1 X140.302 Y125.124
;WIDTH:0.765841
G1 F3600
G1 X140.242 Y125.184 E.0096
G1 X140.264 Y125.267 E.00971
G1 X140.346 Y125.289 E.0096
G1 X140.407 Y125.228 E.00976
G1 X140.385 Y125.146 E.0096
;WIDTH:0.81056
G1 X140.403 Y125.37 E.02708
;WIDTH:0.85528
G1 X140.421 Y125.594 E.02876
;WIDTH:0.9
G1 X140.439 Y125.818 E.03043
G1 X143.461 Y128.841 E.57874
G1 X143.461 Y127.689 E.15598
G1 X141.432 Y125.66 E.38851
G1 X142.612 Y125.689 E.15981
G1 X143.461 Y126.538 E.16256
G1 X143.57 Y126.615 E.01807
;WIDTH:0.85528
G1 X143.678 Y126.691 E.0169
;WIDTH:0.81056
G1 X143.787 Y126.768 E.01608
;WIDTH:0.765841
G1 X143.726 Y126.828 E.00968
G1 X143.748 Y126.91 E.0096
G1 X143.831 Y126.932 E.00971
G1 X143.891 Y126.872 E.0096
G1 X143.869 Y126.79 E.0096
G1 E-2 F2400
G1 X143.869 Y126.79 F18000
G1 X115.377 Y131.257
G1 E2 F2400
M204 S4000
;TYPE:Perimeter
;WIDTH:0.9
G1 F900
G1 X115.251 Y131.161 E.02145
G1 X114.74 Y130.971 E.07381
G1 X114.293 Y130.922 E.06088
G1 X111.928 Y130.922 E.32021
G1 X111.928 Y125.078 E.79125
G1 X114.05 Y125.078 E.28731
G1 X114.74 Y125.029 E.09366
G1 X115.251 Y124.839 E.07381
G1 X115.767 Y124.447 E.08774
G1 X115.956 Y124.131 E.04985
;WIDTH:0.871957
G1 X116.146 Y123.815 E.0482
;WIDTH:0.843915
G1 X116.191 Y123.599 E.02782
;WIDTH:0.808468
G1 X116.235 Y123.384 E.02637
G1 X116.217 Y123.605 E.02665
;WIDTH:0.843915
G1 X116.2 Y123.826 E.02794
;WIDTH:0.871957
G1 X116.186 Y124.217 E.05115
;WIDTH:0.9
G1 X116.172 Y124.609 E.05311
G1 X116.172 Y132.174 E1.02426
G1 X115.767 Y131.553 E.10038
G1 X115.473 Y131.33 E.04996
M204 S8000
G1 X115.473 Y131.33 F18000
G1 X114.931 Y131.928
M204 S4000
G1 F3600
G1 X114.868 Y131.88 E.01072
G1 X114.561 Y131.766 E.04434
G1 X114.293 Y131.736 E.03651
G1 X111.114 Y131.736 E.43042
G1 X111.114 Y124.264 E1.01167
G1 X114.05 Y124.264 E.39752
G1 X114.561 Y124.234 E.06931
G1 X114.868 Y124.12 E.04434
G1 X115.177 Y123.885 E.05256
G1 X115.42 Y123.513 E.06016
G1 X115.514 Y123.043 E.0649
G1 X115.514 Y119.264 E.51166
G1 X116.986 Y119.264 E.1993
G1 X116.986 Y120 E.09965
G1 X116.986 Y136.736 E2.26597
G1 X115.514 Y136.736 E.1993
G1 X115.514 Y132.957 E.51166
G1 X115.42 Y132.487 E.0649
G1 X115.177 Y132.115 E.06016
G1 X115.026 Y132 E.0257
M204 S8000
G1 X115.026 Y132 F18000
G1 X114.484 Y132.598
M204 S3000
;TYPE:External perimeter
G1 F2400
G1 X114.293 Y132.55 E.02666
G1 X110.3 Y132.55 E.54063
G1 X110.3 Y123.45 E1.2321
G1 X114.293 Y123.45 E.54063
G1 X114.484 Y123.402 E.02666
G1 X114.669 Y123.199 E.03719
G1 X114.7 Y123.043 E.02153
G1 X114.7 Y118.45 E.62187
G1 X117.8 Y118.45 E.41973
G1 X117.8 Y120 E.20986
G1 X117.8 Y137.55 E2.37619
G1 X114.7 Y137.55 E.41973
G1 X114.7 Y132.957 E.62187
G1 X114.669 Y132.801 E.02153
G1 X114.565 Y132.687 E.02089
M204 S8000
G1 X113.775 Y132.563 F18000
G1 E-2 F2400
G1 X116.25 Y120 F18000
G1 E2 F2400
M204 S4000
;TYPE:Perimeter
;WIDTH:0.743365
G1 F3600
G1 X116.25 Y123.043 E.33274
;WIDTH:0.773021
G1 X116.235 Y123.384 E.03901
M204 S8000
G1 E-2 F2400
G1 X116.235 Y123.384 F18000
G1 X116.25 Y136
G1 E2 F2400
M204 S4000
;WIDTH:0.743365
G1 F3600
G1 X116.25 Y132.957 E.33274
M204 S8000
G1 E-2 F2400
G1 X112.605 Y130.09 F18000
G1 E2 F2400
;TYPE:Solid infill
;WIDTH:1.09754
G1 F3558.367
G1 X112.516 Y130.18 E.0213
G1 X112.548 Y130.302 E.02122
G1 X112.67 Y130.334 E.02122
G1 X112.76 Y130.245 E.0213
G1 X112.727 Y130.123 E.02126
;WIDTH:0.9
G1 F3600
G1 X112.539 Y128.822 E.17798
G1 X114.028 Y130.311 E.28511
G1 X114.028 Y130.311 F18000
G1 X115.857 Y130.89
;WIDTH:0.765841
G1 F3600
G1 X115.822 Y131.004 E.01349
G1 X115.857 Y130.89 E.01349
;WIDTH:0.81056
G1 X115.724 Y130.79 E.02005
;WIDTH:0.85528
G1 X115.592 Y130.691 E.02111
;WIDTH:0.9
G1 X115.459 Y130.591 E.02253
G1 X112.539 Y127.671 E.55911
G1 X112.539 Y126.52 E.15584
G1 X115.561 Y129.542 E.57865
G1 X115.561 Y128.39 E.15598
G1 X112.86 Y125.689 E.51718
G1 X112.703 Y125.599 E.0245
;WIDTH:0.85528
G1 X112.546 Y125.509 E.02316
;WIDTH:0.81056
G1 X112.39 Y125.419 E.02171
;WIDTH:0.765841
G1 X112.412 Y125.502 E.00971
G1 X112.352 Y125.562 E.0096
G1 X112.269 Y125.54 E.00971
G1 X112.247 Y125.458 E.0096
G1 X112.308 Y125.397 E.00976
G1 X112.308 Y125.397 F18000
G1 X114.011 Y125.689
;WIDTH:0.9
G1 F3600
G1 X115.561 Y127.239 E.29679
G1 X115.48 Y125.534 F18000
;WIDTH:1.272
G1 F3034.999
G1 X115.518 Y125.677 E.02919
G1 X115.413 Y125.782 E.02929
G1 X115.27 Y125.743 E.02924
G1 X115.232 Y125.6 E.02919
G1 X115.337 Y125.495 E.02929
;LAYER_CHANGE
;Z:7.2
;HEIGHT:0.4
G1 Z7.2 F18000
G1 E-2 F2400
G1 Z7.2 F18000
G1 X140.645 Y131.24
G1 Z7.2
G1 E2 F2400
M204 S4000
;TYPE:Perimeter
;WIDTH:0.9
G1 F900
G1 X140.233 Y131.553 E.07005
G1 X139.828 Y132.174 E.10038
G1 X139.828 Y124.609 E1.02426
G1 X139.807 Y124.2 E.05545
;WIDTH:0.857674
G1 X139.786 Y123.792 E.05244
;WIDTH:0.815348
G1 X139.765 Y123.384 E.04956
;WIDTH:0.808469
G1 X139.809 Y123.599 E.02637
;WIDTH:0.843915
G1 X139.854 Y123.815 E.02782
;WIDTH:0.871957
G1 X140.044 Y124.131 E.0482
;WIDTH:0.9
G1 X140.233 Y124.447 E.04985
G1 X140.749 Y124.839 E.08774
G1 X141.26 Y125.029 E.07381
G1 X141.707 Y125.078 E.06088
G1 X143.672 Y125.078 E.26605
G1 X143.672 Y127 E.26023
G1 X143.672 Y130.922 E.53102
G1 X141.75 Y130.922 E.26023
G1 X141.26 Y130.971 E.06667
G1 X140.749 Y131.161 E.07381
G1 X140.741 Y131.168 E.00144
M204 S8000
G1 X140.741 Y131.168 F18000
G1 X141.08 Y131.919
M204 S4000
G1 F3600
G1 X140.823 Y132.115 E.04376
G1 X140.58 Y132.487 E.06016
G1 X140.486 Y132.957 E.0649
G1 X140.486 Y136.736 E.51166
G1 X139.014 Y136.736 E.1993
G1 X139.014 Y119.264 E2.36562
G1 X140.486 Y119.264 E.1993
G1 X140.486 Y123.043 E.51166
G1 X140.58 Y123.513 E.0649
G1 X140.823 Y123.885 E.06016
G1 X141.132 Y124.12 E.05256
G1 X141.439 Y124.234 E.04434
G1 X141.707 Y124.264 E.03651
G1 X144.486 Y124.264 E.37626
G1 X144.486 Y127 E.37044
G1 X144.486 Y131.736 E.64123
G1 X141.75 Y131.736 E.37044
G1 X141.439 Y131.766 E.0423
G1 X141.184 Y131.861 E.03684
M204 S8000
G1 X141.184 Y131.861 F18000
G1 X141.516 Y132.598
M204 S3000
;TYPE:External perimeter
G1 F2400
G1 X141.331 Y132.801 E.03719
G1 X141.3 Y132.957 E.02153
G1 X141.3 Y137.55 E.62187
G1 X138.2 Y137.55 E.41973
G1 X138.2 Y118.45 E2.58605
G1 X141.3 Y118.45 E.41973
G1 X141.3 Y123.043 E.62187
G1 X141.331 Y123.199 E.02153
G1 X141.516 Y123.402 E.03719
G1 X141.707 Y123.45 E.02666
G1 X145.3 Y123.45 E.48647
G1 X145.3 Y127 E.48065
G1 X145.3 Y132.55 E.75144
G1 X141.75 Y132.55 E.48065
G1 X141.633 Y132.574 E.01617
M204 S8000
G1 X141.308 Y133.305 F18000
G1 E-2 F2400
G1 X139.765 Y123.384 F18000
G1 E2 F2400
M204 S4000
;TYPE:Perimeter
;WIDTH:0.773023
G1 F3600
G1 X139.75 Y123.043 E.03901
;WIDTH:0.743365
G1 X139.75 Y120 E.33274
M204 S8000
G1 E-2 F2400
G1 X139.75 Y136 F18000
G1 E2 F2400
M204 S4000
G1 F3600
G1 X139.75 Y132.957 E.33274
M204 S8000
G1 E-2 F2400
G1 X140.823 Y125.507 F18000
G1 E2 F2400
;TYPE:Solid infill
;WIDTH:0.9
G1 F3600
G1 X141.173 Y125.631 E.05027
G1 X141.718 Y125.689 E.07421
G1 X143.061 Y125.689 E.18184
G1 X143.061 Y130.311 E.6258
G1 X141.673 Y130.314 E.18793
G1 X141.077 Y130.392 E.08138
G1 X140.439 Y130.629 E.09215
G1 X140.439 Y125.371 E.71191
G1 X141.298 Y126.509 E.19305
;WIDTH:0.989835
G1 X141.298 Y129.491 E.4483
G1 X141.75 Y129.452 E.0682
G1 X142.202 Y129.452 E.06795
G1 X142.202 Y126.548 E.43657
G1 X141.703 Y126.542 E.07502
G1 E-2 F2400
G1 X141.703 Y126.542 F18000
G1 X115.377 Y131.257
G1 E2 F2400
M204 S4000
;TYPE:Perimeter
;WIDTH:0.9
G1 F900
G1 X115.251 Y131.161 E.02145
G1 X114.74 Y130.971 E.07381
G1 X114.293 Y130.922 E.06088
G1 X112.328 Y130.922 E.26605
G1 X112.328 Y125.078 E.79125
G1 X114.25 Y125.078 E.26023
G1 X114.74 Y125.029 E.06667
G1 X115.251 Y124.839 E.07381
G1 X115.767 Y124.447 E.08774
G1 X115.956 Y124.131 E.04985
;WIDTH:0.871957
G1 X116.146 Y123.815 E.0482
;WIDTH:0.843914
G1 X116.191 Y123.599 E.02782
;WIDTH:0.808466
G1 X116.235 Y123.384 E.02637
G1 X116.217 Y123.605 E.02665
;WIDTH:0.843914
G1 X116.2 Y123.826 E.02794
;WIDTH:0.871957
G1 X116.186 Y124.217 E.05115
;WIDTH:0.9
G1 X116.172 Y124.609 E.05311
G1 X116.172 Y132.174 E1.02426
G1 X115.767 Y131.553 E.10038
G1 X115.473 Y131.33 E.04996
M204 S8000
G1 X115.473 Y131.33 F18000
G1 X114.931 Y131.928
M204 S4000
G1 F3600
G1 X114.868 Y131.88 E.01072
G1 X114.561 Y131.766 E.04434
G1 X114.293 Y131.736 E.03651
G1 X111.514 Y131.736 E.37626
G1 X111.514 Y124.264 E1.01167
G1 X114.25 Y124.264 E.37044
G1 X114.561 Y124.234 E.0423
G1 X114.868 Y124.12 E.04434
G1 X115.177 Y123.885 E.05256
G1 X115.42 Y123.513 E.06016
G1 X115.514 Y123.043 E.0649
G1 X115.514 Y119.264 E.51166
G1 X116.986 Y119.264 E.1993
G1 X116.986 Y120 E.09965
G1 X116.986 Y136.736 E2.26597
G1 X115.514 Y136.736 E.1993
G1 X115.514 Y132.957 E.51166
G1 X115.42 Y132.487 E.0649
G1 X115.177 Y132.115 E.06016
G1 X115.026 Y132 E.0257
M204 S8000
G1 X115.026 Y132 F18000
G1 X114.484 Y132.598
M204 S3000
;TYPE:External perimeter
G1 F2400
G1 X114.293 Y132.55 E.02666
G1 X110.7 Y132.55 E.48647
G1 X110.7 Y123.45 E1.2321
G1 X114.25 Y123.45 E.48065
G1 X114.484 Y123.402 E.03234
G1 X114.669 Y123.199 E.03719
G1 X114.7 Y123.043 E.02153
G1 X114.7 Y118.45 E.62187
G1 X117.8 Y118.45 E.41973
G1 X117.8 Y120 E.20986
G1 X117.8 Y137.55 E2.37619
G1 X114.7 Y137.55 E.41973
G1 X114.7 Y132.957 E.62187
G1 X114.669 Y132.801 E.02153
G1 X114.565 Y132.687 E.02089
M204 S8000
G1 X113.775 Y132.563 F18000
G1 E-2 F2400
G1 X116.25 Y120 F18000
G1 E2 F2400
M204 S4000
;TYPE:Perimeter
;WIDTH:0.743365
G1 F3600
G1 X116.25 Y123.043 E.33274
;WIDTH:0.773019
G1 X116.235 Y123.384 E.03901
M204 S8000
G1 E-2 F2400
G1 X116.235 Y123.384 F18000
G1 X116.25 Y136
G1 E2 F2400
M204 S4000
;WIDTH:0.743365
G1 F3600
G1 X116.25 Y132.957 E.33274
M204 S8000
G1 E-2 F2400
G1 X115.561 Y125.371 F18000
G1 E2 F2400
;TYPE:Solid infill
;WIDTH:0.9
G1 F3600
G1 X114.923 Y125.608 E.09215
G1 X114.327 Y125.686 E.08138
G1 X112.939 Y125.689 E.18793
G1 X112.939 Y130.311 E.6258
G1 X114.282 Y130.311 E.18184
G1 X114.827 Y130.369 E.07421
G1 X115.561 Y130.629 E.10543
G1 X115.561 Y125.778 E.6568
G1 X114.702 Y126.509 E.15272
;WIDTH:0.989835
G1 X113.798 Y126.548 E.13603
G1 X113.798 Y129.452 E.43657
G1 X114.421 Y129.46 E.09367
G1 X114.702 Y129.491 E.0425
G1 X114.702 Y126.916 E.38711
;LAYER_CHANGE
;Z:7.6
;HEIGHT:0.4
G1 Z7.6 F18000
G1 E-2 F2400
G1 Z7.6 F18000
G1 X140.574 Y131.287
G1 Z7.6
G1 E2 F2400
M204 S4000
;TYPE:Perimeter
;WIDTH:0.9
G1 F900
G1 X140.194 Y131.596 E.06631
G1 X139.828 Y132.184 E.09378
G1 X139.828 Y124.544 E1.03442
G1 X139.807 Y124.158 E.05234
;WIDTH:0.857674
G1 X139.786 Y123.771 E.04975
;WIDTH:0.815348
G1 X139.765 Y123.384 E.04702
;WIDTH:0.805879
G1 X139.805 Y123.584 E.02442
;WIDTH:0.838735
G1 X139.845 Y123.785 E.02566
;WIDTH:0.869367
G1 X140.019 Y124.094 E.04621
;WIDTH:0.9
G1 X140.194 Y124.404 E.0482
G1 X140.684 Y124.803 E.08556
G1 X141.18 Y125.009 E.07272
G1 X141.707 Y125.078 E.07196
G1 X143.272 Y125.078 E.21189
G1 X143.272 Y126.643 E.21189
G1 X143.272 Y130.922 E.57936
G1 X141.707 Y130.922 E.21189
G1 X141.18 Y130.991 E.07196
G1 X140.684 Y131.197 E.07272
G1 X140.667 Y131.211 E.00298
M204 S8000
G1 X140.667 Y131.211 F18000
G1 X141.038 Y131.946
M204 S4000
G1 F3600
G1 X140.799 Y132.14 E.04168
G1 X140.573 Y132.505 E.05813
G1 X140.486 Y132.957 E.06232
G1 X140.486 Y136.736 E.51166
G1 X139.014 Y136.736 E.1993
G1 X139.014 Y119.264 E2.36562
G1 X140.486 Y119.264 E.1993
G1 X140.486 Y123.043 E.51166
G1 X140.573 Y123.495 E.06232
G1 X140.799 Y123.86 E.05813
G1 X141.093 Y124.099 E.0513
G1 X141.391 Y124.223 E.0437
G1 X141.707 Y124.264 E.04314
G1 X144.086 Y124.264 E.32211
G1 X144.086 Y126.643 E.32211
G1 X144.086 Y131.736 E.68957
G1 X141.707 Y131.736 E.32211
G1 X141.391 Y131.777 E.04314
G1 X141.139 Y131.882 E.03696
M204 S8000
G1 X141.139 Y131.882 F18000
G1 X141.503 Y132.605
M204 S3000
;TYPE:External perimeter
G1 F2400
G1 X141.329 Y132.806 E.036
G1 X141.3 Y132.957 E.02082
G1 X141.3 Y137.55 E.62187
G1 X138.2 Y137.55 E.41973
G1 X138.2 Y118.45 E2.58605
G1 X141.3 Y118.45 E.41973
G1 X141.3 Y123.043 E.62187
G1 X141.329 Y123.194 E.02082
G1 X141.503 Y123.395 E.036
G1 X141.707 Y123.45 E.02861
G1 X144.9 Y123.45 E.43232
G1 X144.9 Y126.643 E.43232
G1 X144.9 Y132.55 E.79978
G1 X141.707 Y132.55 E.43232
G1 X141.618 Y132.574 E.01248
M204 S8000
G1 X141.311 Y133.312 F18000
G1 E-2 F2400
G1 X139.765 Y123.384 F18000
G1 E2 F2400
M204 S4000
;TYPE:Perimeter
;WIDTH:0.773023
G1 F3600
G1 X139.75 Y123.043 E.03901
;WIDTH:0.743365
G1 X139.75 Y120 E.33274
M204 S8000
G1 E-2 F2400
G1 X139.75 Y136 F18000
G1 E2 F2400
M204 S4000
G1 F3600
G1 X139.75 Y132.957 E.33274
M204 S8000
G1 E-2 F2400
G1 X140.439 Y125.358 F18000
G1 E2 F2400
;TYPE:Solid infill
;WIDTH:0.9
G1 F3600
G1 X140.439 Y130.642 E.71543
G1 X140.974 Y130.42 E.07843
G1 X141.559 Y130.318 E.0804
G1 X142.661 Y130.311 E.14921
G1 X142.661 Y125.689 E.6258
G1 X141.62 Y125.687 E.14095
G1 X141.068 Y125.607 E.07552
G1 X140.817 Y125.508 E.03653
G1 E-2 F2400
G1 X140.817 Y125.508 F18000
G1 X141.198 Y129.198
G1 E2 F2400
;WIDTH:0.789834
G1 F3600
G1 X141.198 Y126.395 E.32816
G1 X141.444 Y126.432 E.02912
G1 X141.902 Y126.446 E.05365
G1 X141.902 Y129.554 E.36387
G1 X141.619 Y129.554 E.03313
G1 X141.198 Y129.605 E.04965
G1 E-2 F2400
G1 X141.198 Y129.605 F18000
G1 X115.426 Y131.287
G1 E2 F2400
M204 S4000
;TYPE:Perimeter
;WIDTH:0.9
G1 F900
G1 X115.316 Y131.197 E.01924
G1 X114.82 Y130.991 E.07272
G1 X114.293 Y130.922 E.07196
G1 X112.728 Y130.922 E.21189
G1 X112.728 Y125.078 E.79125
G1 X114.293 Y125.078 E.21189
G1 X114.82 Y125.009 E.07196
G1 X115.316 Y124.803 E.07272
G1 X115.806 Y124.404 E.08556
G1 X115.981 Y124.094 E.0482
;WIDTH:0.869367
G1 X116.155 Y123.785 E.04621
;WIDTH:0.838734
G1 X116.195 Y123.584 E.02566
;WIDTH:0.805877
G1 X116.235 Y123.384 E.02442
G1 X116.219 Y123.589 E.02462
;WIDTH:0.838734
G1 X116.202 Y123.794 E.02576
;WIDTH:0.869367
G1 X116.187 Y124.169 E.0489
;WIDTH:0.9
G1 X116.172 Y124.544 E.05081
G1 X116.172 Y132.184 E1.03442
G1 X115.806 Y131.596 E.09378
G1 X115.519 Y131.362 E.05014
M204 S8000
G1 X115.519 Y131.362 F18000
G1 X114.962 Y131.946
M204 S4000
G1 F3600
G1 X114.907 Y131.901 E.00962
G1 X114.609 Y131.777 E.0437
G1 X114.293 Y131.736 E.04314
G1 X111.914 Y131.736 E.32211
G1 X111.914 Y124.264 E1.01167
G1 X114.293 Y124.264 E.32211
G1 X114.609 Y124.223 E.04314
G1 X114.907 Y124.099 E.0437
G1 X115.201 Y123.86 E.0513
G1 X115.427 Y123.495 E.05813
G1 X115.514 Y123.043 E.06232
G1 X115.514 Y119.264 E.51166
G1 X116.986 Y119.264 E.1993
G1 X116.986 Y120 E.09965
G1 X116.986 Y136.736 E2.26597
G1 X115.514 Y136.736 E.1993
G1 X115.514 Y132.957 E.51166
G1 X115.427 Y132.505 E.06232
G1 X115.201 Y132.14 E.05813
G1 X115.055 Y132.022 E.02542
M204 S8000
G1 X115.055 Y132.022 F18000
G1 X114.497 Y132.605
M204 S3000
;TYPE:External perimeter
G1 F2400
G1 X114.293 Y132.55 E.02861
G1 X111.1 Y132.55 E.43232
G1 X111.1 Y123.45 E1.2321
G1 X114.293 Y123.45 E.43232
G1 X114.497 Y123.395 E.02861
G1 X114.671 Y123.194 E.036
G1 X114.7 Y123.043 E.02082
G1 X114.7 Y118.45 E.62187
G1 X117.8 Y118.45 E.41973
G1 X117.8 Y120 E.20986
G1 X117.8 Y137.55 E2.37619
G1 X114.7 Y137.55 E.41973
G1 X114.7 Y132.957 E.62187
G1 X114.671 Y132.806 E.02082
G1 X114.576 Y132.696 E.01968
M204 S8000
G1 X113.787 Y132.564 F18000
G1 E-2 F2400
G1 X116.25 Y120 F18000
G1 E2 F2400
M204 S4000
;TYPE:Perimeter
;WIDTH:0.743365
G1 F3600
G1 X116.25 Y123.043 E.33274
;WIDTH:0.773021
G1 X116.235 Y123.384 E.03901
M204 S8000
G1 E-2 F2400
G1 X116.235 Y123.384 F18000
G1 X116.25 Y136
G1 E2 F2400
M204 S4000
;WIDTH:0.743365
G1 F3600
G1 X116.25 Y132.957 E.33274
M204 S8000
G1 E-2 F2400
G1 X113.339 Y129.904 F18000
G1 E2 F2400
;TYPE:Solid infill
;WIDTH:0.9
G1 F3600
G1 X113.339 Y125.689 E.57069
G1 X114.441 Y125.682 E.14921
G1 X115.026 Y125.58 E.0804
G1 X115.561 Y125.358 E.07843
G1 X115.561 Y130.642 E.71543
G1 X114.932 Y130.393 E.09159
G1 X114.38 Y130.313 E.07552
G1 X113.339 Y130.311 E.14095
G1 X114.098 Y129.554 E.14514
;WIDTH:0.789836
G1 X114.556 Y129.568 E.05365
G1 X114.802 Y129.605 E.02912
G1 X114.802 Y126.395 E.37581
G1 X114.381 Y126.446 E.04965
G1 X114.098 Y126.446 E.03313
G1 X114.098 Y129.147 E.31622
;LAYER_CHANGE
;Z:8
;HEIGHT:0.4
G1 Z8 F18000
G1 E-2 F2400
G1 Z8 F18000
G1 X140.521 Y131.332
G1 Z8
G1 E2 F2400
M204 S4000
;TYPE:Perimeter
;WIDTH:0.9
G1 F900
G1 X140.363 Y131.429 E.0251
G1 X139.87 Y132.082 E.11078
G1 X139.84 Y132.3 E.02979
;WIDTH:0.860841
G1 X139.81 Y132.519 E.02849
;WIDTH:0.821682
G1 X139.78 Y132.738 E.02705
;WIDTH:0.782524
G1 X139.75 Y132.957 E.02561
G1 X139.77 Y132.736 E.02571
;WIDTH:0.821682
G1 X139.789 Y132.515 E.02714
;WIDTH:0.860841
G1 X139.809 Y132.293 E.02873
;WIDTH:0.9
G1 X139.828 Y132.072 E.03003
G1 X139.828 Y124.812 E.98297
G1 X139.809 Y123.928 E.11972
;WIDTH:0.860429
G1 X139.787 Y123.656 E.03515
;WIDTH:0.816726
G1 X139.765 Y123.384 E.03317
G1 X139.826 Y123.647 E.03282
;WIDTH:0.860429
G1 X139.887 Y123.91 E.03478
;WIDTH:0.9
G1 X140.363 Y124.571 E.11029
G1 X140.954 Y124.934 E.09391
G1 X141.503 Y125.068 E.07651
G1 X142.872 Y125.078 E.18536
G1 X142.872 Y126.243 E.15774
G1 X142.872 Y130.922 E.63351
G1 X141.503 Y130.932 E.18536
G1 X140.954 Y131.066 E.07651
G1 X140.623 Y131.269 E.05257
M204 S8000
G1 X140.623 Y131.269 F18000
G1 X140.98 Y131.992
M204 S4000
G1 F3600
G1 X140.9 Y132.04 E.01263
G1 X140.605 Y132.432 E.06642
G1 X140.486 Y132.957 E.07289
G1 X140.486 Y136.736 E.51166
G1 X139.014 Y136.736 E.1993
G1 X139.014 Y119.264 E2.36562
G1 X140.486 Y119.264 E.1993
G1 X140.486 Y123.043 E.51166
G1 X140.504 Y123.254 E.02867
G1 X140.605 Y123.568 E.04466
G1 X140.9 Y123.96 E.06642
G1 X141.255 Y124.177 E.05633
G1 X141.707 Y124.264 E.06232
G1 X143.686 Y124.264 E.26795
G1 X143.686 Y126.243 E.26795
G1 X143.686 Y131.736 E.74373
G1 X141.707 Y131.736 E.26795
G1 X141.255 Y131.823 E.06232
G1 X141.082 Y131.929 E.02747
M204 S8000
G1 X141.082 Y131.929 F18000
G1 X141.438 Y132.651
M204 S3000
;TYPE:External perimeter
G1 F2400
G1 X141.34 Y132.782 E.02215
G1 X141.3 Y132.957 E.02431
G1 X141.3 Y137.55 E.62187
G1 X138.2 Y137.55 E.41973
G1 X138.2 Y118.45 E2.58605
G1 X141.3 Y118.45 E.41973
G1 X141.306 Y123.113 E.63135
G1 X141.438 Y123.349 E.03661
G1 X141.556 Y123.421 E.01872
G1 X141.707 Y123.45 E.02082
G1 X144.5 Y123.45 E.37816
G1 X144.5 Y126.243 E.37816
G1 X144.5 Y132.55 E.85394
G1 X141.666 Y132.552 E.38371
G1 X141.548 Y132.604 E.01746
M204 S8000
G1 X141.314 Y133.368 F18000
G1 E-2 F2400
G1 X139.765 Y123.384 F18000
G1 E2 F2400
M204 S4000
;TYPE:Perimeter
;WIDTH:0.773023
G1 F3600
G1 X139.75 Y123.043 E.03901
;WIDTH:0.743365
G1 X139.75 Y120 E.33274
M204 S8000
G1 E-2 F2400
G1 X139.75 Y136 F18000
G1 E2 F2400
M204 S4000
G1 F3600
G1 X139.75 Y132.957 E.33274
M204 S8000
G1 E-2 F2400
G1 X140.439 Y125.327 F18000
G1 E2 F2400
;TYPE:Solid infill
;WIDTH:0.9
G1 F3600
G1 X140.439 Y130.673 E.72382
G1 X140.786 Y130.483 E.05356
G1 X141.391 Y130.335 E.08433
G1 X142.261 Y130.314 E.11783
G1 X142.261 Y125.686 E.62661
G1 X141.483 Y125.677 E.10534
G1 X140.797 Y125.52 E.09528
G1 X141.35 Y126.581 E.162
;WIDTH:1.09383
G1 F3571.478
G1 X141.35 Y129.419 E.47573
G1 E-2 F2400
G1 X141.35 Y129.419 F18000
G1 X115.197 Y131.159
G1 E2 F2400
M204 S4000
;TYPE:Perimeter
;WIDTH:0.9
G1 F900
G1 X115.046 Y131.066 E.02401
G1 X114.497 Y130.932 E.07651
G1 X113.128 Y130.922 E.18536
G1 X113.128 Y125.078 E.79125
G1 X114.497 Y125.068 E.18536
G1 X115.046 Y124.934 E.07651
G1 X115.637 Y124.571 E.09391
G1 X116.113 Y123.91 E.11029
;WIDTH:0.860429
G1 X116.174 Y123.647 E.03478
;WIDTH:0.816725
G1 X116.235 Y123.384 E.03282
G1 X116.213 Y123.656 E.03317
;WIDTH:0.860429
G1 X116.191 Y123.928 E.03515
;WIDTH:0.9
G1 X116.172 Y124.812 E.11972
G1 X116.172 Y132.072 E.98297
G1 X116.191 Y132.293 E.03003
;WIDTH:0.860841
G1 X116.211 Y132.515 E.02873
;WIDTH:0.821682
G1 X116.23 Y132.736 E.02714
;WIDTH:0.782524
G1 X116.25 Y132.957 E.02571
G1 X116.22 Y132.738 E.02561
;WIDTH:0.821682
G1 X116.19 Y132.519 E.02705
;WIDTH:0.860841
G1 X116.16 Y132.3 E.02849
;WIDTH:0.9
G1 X116.13 Y132.082 E.02979
G1 X115.637 Y131.429 E.11078
G1 X115.299 Y131.222 E.05366
M204 S8000
G1 X115.299 Y131.222 F18000
G1 X114.643 Y131.803
M204 S4000
G1 F3600
G1 X114.293 Y131.736 E.04825
G1 X112.314 Y131.736 E.26795
G1 X112.314 Y124.264 E1.01167
G1 X114.293 Y124.264 E.26795
G1 X114.745 Y124.177 E.06232
G1 X115.1 Y123.96 E.05633
G1 X115.395 Y123.568 E.06642
G1 X115.496 Y123.254 E.04466
G1 X115.514 Y123.043 E.02867
G1 X115.514 Y119.264 E.51166
G1 X116.986 Y119.264 E.1993
G1 X116.986 Y120 E.09965
G1 X116.986 Y136.736 E2.26597
G1 X115.514 Y136.736 E.1993
G1 X115.514 Y132.957 E.51166
G1 X115.395 Y132.432 E.07289
G1 X115.1 Y132.04 E.06642
G1 X114.759 Y131.831 E.05415
M204 S8000
G1 X114.759 Y131.831 F18000
G1 X114.444 Y132.579
M204 S3000
;TYPE:External perimeter
G1 F2400
G1 X114.293 Y132.55 E.02082
G1 X111.5 Y132.55 E.37816
G1 X111.5 Y123.45 E1.2321
G1 X114.334 Y123.448 E.38371
G1 X114.562 Y123.349 E.03365
G1 X114.66 Y123.218 E.02215
G1 X114.7 Y123.043 E.02431
G1 X114.7 Y118.45 E.62187
G1 X117.8 Y118.45 E.41973
G1 X117.8 Y120 E.20986
G1 X117.8 Y137.55 E2.37619
G1 X114.7 Y137.55 E.41973
G1 X114.7 Y132.957 E.62187
G1 X114.66 Y132.782 E.02431
G1 X114.562 Y132.651 E.02215
G1 X114.546 Y132.642 E.00249
M204 S8000
G1 X113.75 Y132.561 F18000
G1 E-2 F2400
G1 X116.25 Y120 F18000
G1 E2 F2400
M204 S4000
;TYPE:Perimeter
;WIDTH:0.743365
G1 F3600
G1 X116.25 Y123.043 E.33274
;WIDTH:0.773021
G1 X116.235 Y123.384 E.03901
M204 S8000
G1 E-2 F2400
G1 X116.235 Y123.384 F18000
G1 X116.25 Y136
G1 E2 F2400
M204 S4000
;WIDTH:0.743365
G1 F3600
G1 X116.25 Y132.957 E.33274
M204 S8000
G1 E-2 F2400
G1 X115.561 Y125.327 F18000
G1 E2 F2400
;TYPE:Solid infill
;WIDTH:0.9
G1 F3600
G1 X115.214 Y125.517 E.05356
G1 X114.609 Y125.665 E.08433
G1 X113.739 Y125.686 E.11783
G1 X113.739 Y130.314 E.62661
G1 X114.517 Y130.323 E.10534
G1 X115.214 Y130.483 E.09682
G1 X115.561 Y130.673 E.05356
G1 X115.561 Y125.734 E.66872
G1 X114.65 Y126.581 E.16842
;WIDTH:1.09383
G1 F3571.464
G1 X114.65 Y129.419 E.47573
;LAYER_CHANGE
;Z:8.4
;HEIGHT:0.4
G1 Z8.4 F18000
G1 E-2 F2400
G1 Z8.4 F18000
G1 X140.441 Y131.392
G1 Z8.4
G1 E2 F2400
M204 S4000
;TYPE:Perimeter
;WIDTH:0.9
G1 F900
G1 X140.289 Y131.497 E.02501
G1 X139.846 Y132.133 E.10494
G1 X139.822 Y132.339 E.02808
;WIDTH:0.860841
G1 X139.798 Y132.545 E.02673
;WIDTH:0.821682
G1 X139.774 Y132.751 E.02538
;WIDTH:0.782524
G1 X139.75 Y132.957 E.02403
G1 X139.77 Y132.75 E.02409
;WIDTH:0.821682
G1 X139.789 Y132.543 E.02544
;WIDTH:0.860841
G1 X139.809 Y132.336 E.0268
;WIDTH:0.9
G1 X139.828 Y132.129 E.02814
G1 X139.828 Y124.698 E1.00612
G1 X139.807 Y124.26 E.05937
;WIDTH:0.857674
G1 X139.786 Y123.822 E.05628
;WIDTH:0.815348
G1 X139.765 Y123.384 E.0532
;WIDTH:0.812093
G1 X139.817 Y123.62 E.02919
;WIDTH:0.851164
G1 X139.868 Y123.857 E.03085
;WIDTH:0.9
G1 X140.289 Y124.503 E.1044
G1 X140.84 Y124.884 E.0907
G1 X141.369 Y125.05 E.07507
G1 X141.707 Y125.078 E.04592
G1 X142.472 Y125.078 E.10358
G1 X142.472 Y125.843 E.10358
G1 X142.472 Y130.922 E.68767
G1 X141.369 Y130.95 E.14939
G1 X140.84 Y131.116 E.07507
G1 X140.54 Y131.323 E.04935
M204 S8000
G1 X140.54 Y131.323 F18000
G1 X140.932 Y132.028
M204 S4000
G1 F3600
G1 X140.856 Y132.081 E.01255
G1 X140.59 Y132.463 E.06302
G1 X140.486 Y132.957 E.06835
G1 X140.486 Y136.736 E.51166
G1 X139.014 Y136.736 E.1993
G1 X139.014 Y119.264 E2.36562
G1 X140.486 Y119.264 E.1993
G1 X140.486 Y123.043 E.51166
G1 X140.504 Y123.254 E.02867
G1 X140.59 Y123.537 E.04005
G1 X140.856 Y123.919 E.06302
G1 X141.187 Y124.148 E.0545
G1 X141.504 Y124.247 E.04496
G1 X141.707 Y124.264 E.02758
G1 X143.286 Y124.264 E.21379
G1 X143.286 Y125.843 E.21379
G1 X143.286 Y131.736 E.79788
G1 X141.707 Y131.736 E.21379
G1 X141.504 Y131.753 E.02758
G1 X141.187 Y131.852 E.04496
G1 X141.031 Y131.96 E.02569
M204 S8000
G1 X141.424 Y132.665 F18000
M204 S3000
;TYPE:External perimeter
G1 F2400
G1 X141.335 Y132.792 E.021
G1 X141.3 Y132.957 E.02284
G1 X141.3 Y137.55 E.62187
G1 X138.2 Y137.55 E.41973
G1 X138.2 Y118.45 E2.58605
G1 X141.3 Y118.45 E.41973
G1 X141.306 Y123.113 E.63135
G1 X141.424 Y123.335 E.03404
G1 X141.534 Y123.411 E.0181
G1 X141.707 Y123.45 E.02401
G1 X144.1 Y123.45 E.324
G1 X144.1 Y125.843 E.324
G1 X144.1 Y132.55 E.9081
G1 X141.64 Y132.556 E.33307
G1 X141.531 Y132.611 E.01653
M204 S8000
G1 X141.315 Y133.381 F18000
G1 E-2 F2400
G1 X139.765 Y123.384 F18000
G1 E2 F2400
M204 S4000
;TYPE:Perimeter
;WIDTH:0.773023
G1 F3600
G1 X139.75 Y123.043 E.03901
;WIDTH:0.743365
G1 X139.75 Y120 E.33274
M204 S8000
G1 E-2 F2400
G1 X139.75 Y136 F18000
G1 E2 F2400
M204 S4000
G1 F3600
G1 X139.75 Y132.957 E.33274
M204 S8000
G1 E-2 F2400
G1 X140.591 Y129.648 F18000
G1 E2 F2400
;TYPE:Solid infill
;WIDTH:1.20399
G1 F3219.598
G1 X140.591 Y130.399 E.13965
G1 X141.174 Y130.216 E.11362
G1 X141.709 Y130.159 E.10005
G1 X141.709 Y125.822 E.80646
G1 X141.174 Y125.784 E.09973
G1 X140.591 Y125.601 E.11362
G1 X140.591 Y129.241 E.67686
G1 E-2 F2400
G1 X140.591 Y129.241 F18000
G1 X115.011 Y131.069
G1 E2 F2400
M204 S4000
;TYPE:Perimeter
;WIDTH:0.9
G1 F900
G1 X114.631 Y130.95 E.05391
G1 X114.293 Y130.922 E.04592
G1 X113.528 Y130.922 E.10358
G1 X113.528 Y125.078 E.79125
G1 X114.631 Y125.05 E.14939
G1 X115.16 Y124.884 E.07507
G1 X115.711 Y124.503 E.0907
G1 X116.132 Y123.857 E.1044
;WIDTH:0.851163
G1 X116.183 Y123.62 E.03085
;WIDTH:0.812092
G1 X116.235 Y123.384 E.02919
G1 X116.216 Y123.627 E.02944
;WIDTH:0.851163
G1 X116.196 Y123.871 E.03116
;WIDTH:0.9
G1 X116.172 Y124.698 E.11202
G1 X116.172 Y132.129 E1.00612
G1 X116.191 Y132.336 E.02814
;WIDTH:0.860841
G1 X116.211 Y132.543 E.0268
;WIDTH:0.821682
G1 X116.23 Y132.75 E.02544
;WIDTH:0.782524
G1 X116.25 Y132.957 E.02409
G1 X116.226 Y132.751 E.02403
;WIDTH:0.821682
G1 X116.202 Y132.545 E.02538
;WIDTH:0.860841
G1 X116.178 Y132.339 E.02673
;WIDTH:0.9
G1 X116.154 Y132.133 E.02808
G1 X115.711 Y131.497 E.10494
G1 X115.16 Y131.116 E.0907
G1 X115.125 Y131.105 E.00497
M204 S8000
G1 X115.125 Y131.105 F18000
G1 X114.738 Y131.829
M204 S4000
G1 F3600
G1 X114.496 Y131.753 E.03434
G1 X114.293 Y131.736 E.02758
G1 X112.714 Y131.736 E.21379
G1 X112.714 Y124.264 E1.01167
G1 X114.293 Y124.264 E.21379
G1 X114.496 Y124.247 E.02758
G1 X114.813 Y124.148 E.04496
G1 X115.144 Y123.919 E.0545
G1 X115.41 Y123.537 E.06302
G1 X115.496 Y123.254 E.04005
G1 X115.514 Y123.043 E.02867
G1 X115.514 Y119.264 E.51166
G1 X116.986 Y119.264 E.1993
G1 X116.986 Y120 E.09965
G1 X116.986 Y136.736 E2.26597
G1 X115.514 Y136.736 E.1993
G1 X115.514 Y132.957 E.51166
G1 X115.41 Y132.463 E.06835
G1 X115.144 Y132.081 E.06302
G1 X114.848 Y131.876 E.04875
M204 S8000
G1 X114.848 Y131.876 F18000
G1 X114.466 Y132.589
M204 S3000
;TYPE:External perimeter
G1 F2400
G1 X114.293 Y132.55 E.02401
G1 X111.9 Y132.55 E.324
G1 X111.9 Y123.45 E1.2321
G1 X114.36 Y123.444 E.33307
G1 X114.576 Y123.335 E.03276
G1 X114.665 Y123.208 E.021
G1 X114.7 Y123.043 E.02284
G1 X114.7 Y118.45 E.62187
G1 X117.8 Y118.45 E.41973
G1 X117.8 Y120 E.20986
G1 X117.8 Y137.55 E2.37619
G1 X114.7 Y137.55 E.41973
G1 X114.7 Y132.957 E.62187
G1 X114.665 Y132.792 E.02284
G1 X114.576 Y132.665 E.021
G1 X114.565 Y132.657 E.00184
M204 S8000
G1 X113.771 Y132.562 F18000
G1 E-2 F2400
G1 X116.25 Y120 F18000
G1 E2 F2400
M204 S4000
;TYPE:Perimeter
;WIDTH:0.743365
G1 F3600
G1 X116.25 Y123.043 E.33274
;WIDTH:0.773021
G1 X116.235 Y123.384 E.03901
M204 S8000
G1 E-2 F2400
G1 X116.235 Y123.384 F18000
G1 X116.25 Y136
G1 E2 F2400
M204 S4000
;WIDTH:0.743365
G1 F3600
G1 X116.25 Y132.957 E.33274
M204 S8000
G1 E-2 F2400
G1 X114.291 Y126.352 F18000
G1 E2 F2400
;TYPE:Solid infill
;WIDTH:1.204
G1 F3219.589
G1 X114.291 Y130.178 E.71144
G1 X114.826 Y130.216 E.09973
G1 X115.409 Y130.399 E.11362
G1 X115.409 Y125.601 E.89219
G1 X114.826 Y125.784 E.11362
G1 X114.291 Y125.841 E.10005
G1 X114.291 Y125.945 E.01934
;LAYER_CHANGE
;Z:8.8
;HEIGHT:0.400001
G1 Z8.8 F18000
G1 E-2 F2400
G1 Z8.8 F18000
G1 X140.597 Y131.273
G1 Z8.8
G1 E2 F2400
M204 S4000
;TYPE:Perimeter
;WIDTH:0.9
G1 F900
G1 X140.213 Y131.575 E.06614
G1 X139.828 Y132.18 E.09709
G1 X139.828 Y124.575 E1.02968
G1 X139.807 Y124.178 E.05383
;WIDTH:0.857675
G1 X139.786 Y123.781 E.05103
;WIDTH:0.81535
G1 X139.765 Y123.384 E.04823
;WIDTH:0.80713
G1 X139.807 Y123.591 E.02534
;WIDTH:0.841236
G1 X139.849 Y123.799 E.02666
;WIDTH:0.870618
G1 X140.031 Y124.112 E.04725
;WIDTH:0.9
G1 X140.213 Y124.425 E.04902
G1 X140.716 Y124.821 E.08668
G1 X141.219 Y125.019 E.07319
G1 X141.707 Y125.078 E.06655
G1 X142.072 Y125.078 E.04942
G1 X142.072 Y125.443 E.04942
G1 X142.072 Y130.922 E.74183
G1 X141.707 Y130.922 E.04942
G1 X141.219 Y130.981 E.06655
G1 X140.716 Y131.179 E.07319
G1 X140.692 Y131.198 E.00414
M204 S8000
G1 X140.692 Y131.198 F18000
G1 X141.053 Y131.937
M204 S4000
G1 F3600
G1 X140.81 Y132.128 E.04185
G1 X140.576 Y132.497 E.05916
G1 X140.486 Y132.957 E.06346
G1 X140.486 Y136.736 E.51166
G1 X139.014 Y136.736 E.1993
G1 X139.014 Y119.264 E2.36562
G1 X140.486 Y119.264 E.1993
G1 X140.486 Y123.043 E.51166
G1 X140.576 Y123.503 E.06346
G1 X140.81 Y123.872 E.05916
G1 X141.112 Y124.109 E.05198
G1 X141.414 Y124.229 E.044
G1 X141.707 Y124.264 E.03995
G1 X142.886 Y124.264 E.15963
G1 X142.886 Y125.443 E.15963
G1 X142.886 Y131.736 E.85204
G1 X141.707 Y131.736 E.15963
G1 X141.414 Y131.771 E.03995
G1 X141.154 Y131.874 E.03786
M204 S8000
G1 X141.154 Y131.874 F18000
G1 X141.509 Y132.602
M204 S3000
;TYPE:External perimeter
G1 F2400
G1 X141.33 Y132.804 E.03654
G1 X141.3 Y132.957 E.02111
G1 X141.3 Y137.55 E.62187
G1 X138.2 Y137.55 E.41973
G1 X138.2 Y118.45 E2.58605
G1 X141.3 Y118.45 E.41973
G1 X141.3 Y123.043 E.62187
G1 X141.33 Y123.196 E.02111
G1 X141.509 Y123.398 E.03654
G1 X141.707 Y123.45 E.02772
G1 X143.7 Y123.45 E.26984
G1 X143.7 Y125.443 E.26984
G1 X143.7 Y132.55 E.96225
G1 X141.707 Y132.55 E.26984
G1 X141.625 Y132.571 E.01146
M204 S8000
G1 X141.31 Y133.307 F18000
G1 E-2 F2400
G1 X139.765 Y123.384 F18000
G1 E2 F2400
M204 S4000
;TYPE:Perimeter
;WIDTH:0.773025
G1 F3600
G1 X139.75 Y123.043 E.03901
;WIDTH:0.743365
G1 X139.75 Y120 E.33274
M204 S8000
G1 E-2 F2400
G1 X139.75 Y136 F18000
G1 E2 F2400
M204 S4000
G1 F3600
G1 X139.75 Y132.957 E.33274
M204 S8000
G1 E-2 F2400
G1 X140.491 Y125.44 F18000
G1 E2 F2400
;TYPE:Solid infill
;WIDTH:1.00399
G1 F3600
G1 X140.491 Y130.56 E.78177
G1 X141.003 Y130.358 E.08404
G1 X141.409 Y130.293 E.06278
G1 X141.409 Y125.707 E.70023
G1 X141.003 Y125.642 E.06278
G1 X140.87 Y125.59 E.0218
G1 E-2 F2400
G1 X140.87 Y125.59 F18000
G1 X115.403 Y131.273
G1 E2 F2400
M204 S4000
;TYPE:Perimeter
;WIDTH:0.9
G1 F900
G1 X115.284 Y131.179 E.02053
G1 X114.781 Y130.981 E.07319
G1 X114.293 Y130.922 E.06655
G1 X113.928 Y130.922 E.04942
G1 X113.928 Y125.078 E.79125
G1 X114.293 Y125.078 E.04942
G1 X114.781 Y125.019 E.06655
G1 X115.284 Y124.821 E.07319
G1 X115.787 Y124.425 E.08668
G1 X115.969 Y124.112 E.04902
;WIDTH:0.870617
G1 X116.151 Y123.799 E.04725
;WIDTH:0.841234
G1 X116.193 Y123.591 E.02666
;WIDTH:0.807127
G1 X116.235 Y123.384 E.02534
G1 X116.218 Y123.596 E.02551
;WIDTH:0.841234
G1 X116.201 Y123.809 E.02684
;WIDTH:0.870617
G1 X116.186 Y124.192 E.05002
;WIDTH:0.9
G1 X116.172 Y124.575 E.05189
G1 X116.172 Y132.18 E1.02968
G1 X115.787 Y131.575 E.09709
G1 X115.497 Y131.347 E.04995
M204 S8000
G1 X115.497 Y131.347 F18000
G1 X114.947 Y131.937
M204 S4000
G1 F3600
G1 X114.888 Y131.891 E.01013
G1 X114.586 Y131.771 E.044
G1 X114.293 Y131.736 E.03995
G1 X113.114 Y131.736 E.15963
G1 X113.114 Y124.264 E1.01167
G1 X114.293 Y124.264 E.15963
G1 X114.586 Y124.229 E.03995
G1 X114.888 Y124.109 E.044
G1 X115.19 Y123.872 E.05198
G1 X115.424 Y123.503 E.05916
G1 X115.514 Y123.043 E.06346
G1 X115.514 Y119.264 E.51166
G1 X116.986 Y119.264 E.1993
G1 X116.986 Y120 E.09965
G1 X116.986 Y136.736 E2.26597
G1 X115.514 Y136.736 E.1993
G1 X115.514 Y132.957 E.51166
G1 X115.424 Y132.497 E.06346
G1 X115.19 Y132.128 E.05916
G1 X115.041 Y132.011 E.02565
M204 S8000
G1 X115.041 Y132.011 F18000
G1 X114.491 Y132.602
M204 S3000
;TYPE:External perimeter
G1 F2400
G1 X114.293 Y132.55 E.02772
G1 X112.3 Y132.55 E.26984
G1 X112.3 Y123.45 E1.2321
G1 X114.293 Y123.45 E.26984
G1 X114.491 Y123.398 E.02772
G1 X114.67 Y123.196 E.03654
G1 X114.7 Y123.043 E.02111
G1 X114.7 Y118.45 E.62187
G1 X117.8 Y118.45 E.41973
G1 X117.8 Y120 E.20986
G1 X117.8 Y137.55 E2.37619
G1 X114.7 Y137.55 E.41973
G1 X114.7 Y132.957 E.62187
G1 X114.67 Y132.804 E.02111
G1 X114.571 Y132.691 E.02034
M204 S8000
G1 X113.781 Y132.563 F18000
G1 E-2 F2400
G1 X116.25 Y120 F18000
G1 E2 F2400
M204 S4000
;TYPE:Perimeter
;WIDTH:0.743365
G1 F3600
G1 X116.25 Y123.043 E.33274
;WIDTH:0.773021
G1 X116.235 Y123.384 E.03901
M204 S8000
G1 E-2 F2400
G1 X116.235 Y123.384 F18000
G1 X116.25 Y136
G1 E2 F2400
M204 S4000
;WIDTH:0.743365
G1 F3600
G1 X116.25 Y132.957 E.33274
M204 S8000
G1 E-2 F2400
G1 X115.509 Y125.44 F18000
G1 E2 F2400
;TYPE:Solid infill
;WIDTH:1.00399
G1 F3600
G1 X114.997 Y125.642 E.08404
G1 X114.591 Y125.707 E.06278
G1 X114.591 Y130.293 E.70023
G1 X114.997 Y130.358 E.06278
G1 X115.509 Y130.56 E.08404
G1 X115.509 Y125.847 E.71963
;LAYER_CHANGE
;Z:9.2
;HEIGHT:0.4
G1 Z9.2 F18000
G1 E-2 F2400
G1 Z9.2 F18000
G1 X115.406 Y131.283
G1 Z9.2
G1 E2 F2400
M204 S4000
;TYPE:Perimeter
;WIDTH:0.9
G1 F900
G1 X114.952 Y131.031 E.0703
G1 X114.328 Y130.928 E.08563
G1 X114.328 Y125.072 E.79287
G1 X114.952 Y124.969 E.08563
G1 X115.575 Y124.624 E.09642
G1 X116.095 Y123.954 E.11483
;WIDTH:0.868208
G1 X116.165 Y123.669 E.03818
;WIDTH:0.820614
G1 X116.235 Y123.384 E.03586
G1 X116.211 Y123.68 E.03629
;WIDTH:0.868208
G1 X116.188 Y123.976 E.03863
;WIDTH:0.9
G1 X116.172 Y124.908 E.12621
G1 X116.172 Y132.024 E.96347
G1 X116.191 Y132.258 E.03179
;WIDTH:0.860841
G1 X116.211 Y132.491 E.03014
;WIDTH:0.821682
G1 X116.23 Y132.724 E.02861
;WIDTH:0.782524
G1 X116.25 Y132.957 E.02709
G1 X116.215 Y132.728 E.02684
;WIDTH:0.821682
G1 X116.18 Y132.498 E.02847
;WIDTH:0.860841
G1 X116.145 Y132.269 E.02986
;WIDTH:0.9
G1 X116.11 Y132.039 E.0315
G1 X115.575 Y131.376 E.11535
G1 X115.511 Y131.341 E.00988
M204 S8000
G1 X115.511 Y131.341 F18000
G1 X114.978 Y131.962
M204 S4000
G1 F900
G1 X114.688 Y131.802 E.04484
G1 X114.293 Y131.736 E.05422
G1 X113.514 Y131.736 E.10547
G1 X113.514 Y124.264 E1.01167
G1 X114.293 Y124.264 E.10547
G1 X114.688 Y124.198 E.05422
G1 X115.062 Y123.991 E.05788
G1 X115.383 Y123.594 E.06912
G1 X115.496 Y123.254 E.04851
G1 X115.514 Y123.043 E.02867
G1 X115.514 Y119.264 E.51166
G1 X116.986 Y119.264 E.1993
G1 X116.986 Y120 E.09965
G1 X116.986 Y136.736 E2.26597
G1 X115.514 Y136.736 E.1993
G1 X115.514 Y132.957 E.51166
G1 X115.383 Y132.406 E.07668
G1 X115.077 Y132.027 E.06595
M204 S8000
G1 X114.549 Y132.641 F18000
M204 S3000
;TYPE:External perimeter
G1 F2400
G1 X114.293 Y132.55 E.03679
G1 X112.7 Y132.55 E.21568
G1 X112.7 Y123.45 E1.2321
G1 X114.293 Y123.45 E.21568
G1 X114.549 Y123.359 E.03679
G1 X114.656 Y123.226 E.02311
G1 X114.7 Y123.043 E.02548
G1 X114.7 Y118.45 E.62187
G1 X117.8 Y118.45 E.41973
G1 X117.8 Y120 E.20986
G1 X117.8 Y137.55 E2.37619
G1 X114.7 Y137.55 E.41973
G1 X114.7 Y132.957 E.62187
G1 X114.656 Y132.774 E.02548
G1 X114.625 Y132.734 E.00685
M204 S8000
G1 X113.842 Y132.567 F18000
G1 E-2 F2400
G1 X116.25 Y120 F18000
G1 E2 F2400
M204 S4000
;TYPE:Perimeter
;WIDTH:0.743365
G1 F3600
G1 X116.25 Y123.043 E.33274
;WIDTH:0.773021
G1 X116.235 Y123.384 E.03901
M204 S8000
G1 E-2 F2400
G1 X116.235 Y123.384 F18000
G1 X116.25 Y136
G1 E2 F2400
M204 S4000
;WIDTH:0.743365
G1 F3600
G1 X116.25 Y132.957 E.33274
M204 S8000
G1 E-2 F2400
G1 X114.891 Y125.544 F18000
G1 E2 F2400
;TYPE:Solid infill
;WIDTH:0.803995
G1 F3600
G1 X114.891 Y130.456 E.58664
G1 X115.189 Y130.527 E.03659
G1 X115.609 Y130.759 E.0573
G1 X115.609 Y125.241 E.65901
G1 X115.274 Y125.422 E.04548
G1 E-2 F2400
G1 X115.274 Y125.422 F18000
G1 X140.594 Y131.283
G1 E2 F2400
M204 S4000
;TYPE:Perimeter
;WIDTH:0.9
G1 F900
G1 X140.425 Y131.376 E.02612
G1 X139.89 Y132.039 E.11535
G1 X139.855 Y132.269 E.0315
;WIDTH:0.860841
G1 X139.82 Y132.498 E.02986
;WIDTH:0.821682
G1 X139.785 Y132.728 E.02847
;WIDTH:0.782524
G1 X139.75 Y132.957 E.02684
G1 X139.77 Y132.724 E.02709
;WIDTH:0.821682
G1 X139.789 Y132.491 E.02861
;WIDTH:0.860841
G1 X139.809 Y132.258 E.03014
;WIDTH:0.9
G1 X139.828 Y132.024 E.03179
G1 X139.828 Y124.908 E.96347
G1 X139.812 Y123.976 E.12621
;WIDTH:0.868209
G1 X139.789 Y123.68 E.03863
;WIDTH:0.820616
G1 X139.765 Y123.384 E.03629
G1 X139.835 Y123.669 E.03586
;WIDTH:0.868209
G1 X139.905 Y123.954 E.03818
;WIDTH:0.9
G1 X140.425 Y124.624 E.11483
G1 X141.048 Y124.969 E.09642
G1 X141.672 Y125.072 E.08563
G1 X141.672 Y130.928 E.79287
G1 X141.048 Y131.031 E.08563
G1 X140.699 Y131.225 E.05406
M204 S8000
G1 X140.699 Y131.225 F18000
G1 X141.022 Y131.962
M204 S4000
G1 F900
G1 X140.938 Y132.009 E.01303
G1 X140.617 Y132.406 E.06912
G1 X140.486 Y132.957 E.07668
G1 X140.486 Y136.736 E.51166
G1 X139.014 Y136.736 E.1993
G1 X139.014 Y119.264 E2.36562
G1 X140.486 Y119.264 E.1993
G1 X140.486 Y123.043 E.51166
G1 X140.504 Y123.254 E.02867
G1 X140.617 Y123.594 E.04851
G1 X140.938 Y123.991 E.06912
G1 X141.312 Y124.198 E.05788
G1 X141.707 Y124.264 E.05422
G1 X142.486 Y124.264 E.10547
G1 X142.486 Y125.043 E.10547
G1 X142.486 Y131.736 E.9062
G1 X141.707 Y131.736 E.10547
G1 X141.312 Y131.802 E.05422
G1 X141.127 Y131.904 E.0286
M204 S8000
G1 X141.127 Y131.904 F18000
G1 X141.451 Y132.641
M204 S3000
;TYPE:External perimeter
G1 F2400
G1 X141.344 Y132.774 E.02311
G1 X141.3 Y132.957 E.02548
G1 X141.3 Y137.55 E.62187
G1 X138.2 Y137.55 E.41973
G1 X138.2 Y118.45 E2.58605
G1 X141.3 Y118.45 E.41973
G1 X141.306 Y123.113 E.63135
G1 X141.451 Y123.359 E.03866
G1 X141.707 Y123.45 E.03679
G1 X143.3 Y123.45 E.21568
G1 X143.3 Y125.043 E.21568
G1 X143.3 Y132.55 E1.01641
G1 X141.707 Y132.55 E.21568
G1 X141.564 Y132.601 E.02056
M204 S8000
G1 X141.312 Y133.36 F18000
G1 E-2 F2400
G1 X139.765 Y123.384 F18000
G1 E2 F2400
M204 S4000
;TYPE:Perimeter
;WIDTH:0.773023
G1 F3600
G1 X139.75 Y123.043 E.03901
;WIDTH:0.743365
G1 X139.75 Y120 E.33274
M204 S8000
G1 E-2 F2400
G1 X139.75 Y136 F18000
G1 E2 F2400
M204 S4000
G1 F3600
G1 X139.75 Y132.957 E.33274
M204 S8000
G1 E-2 F2400
G1 X140.391 Y125.241 F18000
G1 E2 F2400
;TYPE:Solid infill
;WIDTH:0.803994
G1 F3600
G1 X140.391 Y130.759 E.65901
G1 X140.867 Y130.502 E.06461
G1 X141.109 Y130.456 E.02942
G1 X141.109 Y125.544 E.58664
G1 X140.811 Y125.473 E.03659
G1 X140.747 Y125.438 E.00871
;LAYER_CHANGE
;Z:9.6
;HEIGHT:0.400001
G1 Z9.6 F18000
G1 E-2 F2400
G1 Z9.6 F18000
G1 X140.053 Y131.568
G1 Z9.6
G1 E2 F2400
M204 S4000
;TYPE:Perimeter
;WIDTH:1.2146
G1 F900
G1 X139.986 Y131.664 E.02198
G1 X139.986 Y124.336 E1.37557
G1 X140.189 Y124.625 E.0663
G1 X140.787 Y125.033 E.13589
G1 X141.114 Y125.105 E.06285
G1 X141.114 Y130.895 E1.08686
G1 X140.787 Y130.967 E.06285
G1 X140.189 Y131.375 E.13589
G1 X140.122 Y131.47 E.02182
M204 S8000
G1 X140.122 Y131.47 F18000
G1 X140.799 Y132.164
M204 S4000
;WIDTH:0.9
G1 F900
G1 X140.592 Y132.459 E.04879
G1 X140.486 Y132.957 E.06894
G1 X140.486 Y136.736 E.51166
G1 X139.014 Y136.736 E.1993
G1 X139.014 Y119.264 E2.36562
G1 X140.486 Y119.264 E.1993
G1 X140.486 Y123.043 E.51166
G1 X140.504 Y123.254 E.02867
G1 X140.592 Y123.541 E.04064
G1 X140.861 Y123.924 E.06337
G1 X141.195 Y124.151 E.05468
G1 X141.707 Y124.264 E.07099
G1 X142.086 Y124.264 E.05131
G1 X142.086 Y124.643 E.05131
G1 X142.086 Y131.736 E.96036
G1 X141.707 Y131.736 E.05131
G1 X141.195 Y131.849 E.07099
G1 X140.872 Y132.069 E.05291
M204 S8000
G1 X140.872 Y132.069 F18000
G1 X141.425 Y132.663
M204 S3000
;TYPE:External perimeter
G1 F2400
G1 X141.335 Y132.791 E.02119
G1 X141.3 Y132.957 E.02297
G1 X141.3 Y137.55 E.62187
G1 X138.2 Y137.55 E.41973
G1 X138.2 Y118.45 E2.58605
G1 X141.3 Y118.45 E.41973
G1 X141.306 Y123.113 E.63135
G1 X141.425 Y123.337 E.03434
G1 X141.536 Y123.412 E.01814
G1 X141.707 Y123.45 E.02372
G1 X142.9 Y123.45 E.16153
G1 X142.9 Y124.643 E.16153
G1 X142.9 Y132.55 E1.07057
G1 X141.707 Y132.55 E.16153
G1 X141.536 Y132.588 E.02372
G1 X141.524 Y132.596 E.00195
M204 S8000
G1 X141.317 Y133.368 F18000
G1 E-2 F2400
G1 X139.765 Y123.384 F18000
G1 E2 F2400
M204 S4000
;TYPE:Perimeter
;WIDTH:0.773023
G1 F3600
G1 X139.75 Y123.043 E.03901
;WIDTH:0.743365
G1 X139.75 Y120 E.33274
M204 S8000
G1 E-2 F2400
G1 X139.75 Y136 F18000
G1 E2 F2400
M204 S4000
G1 F3600
G1 X139.75 Y132.957 E.33274
M204 S8000
G1 E-2 F2400
G1 X115.947 Y131.568 F18000
G1 E2 F2400
M204 S4000
;WIDTH:1.2146
G1 F900
G1 X115.811 Y131.375 E.04432
G1 X115.213 Y130.967 E.13589
G1 X114.886 Y130.895 E.06285
G1 X114.886 Y125.105 E1.08686
G1 X115.213 Y125.033 E.06285
G1 X115.811 Y124.625 E.13589
G1 X116.014 Y124.336 E.0663
G1 X116.014 Y131.661 E1.37501
M204 S8000
G1 X116.014 Y131.661 F18000
G1 X115.201 Y132.164
M204 S4000
;WIDTH:0.9
G1 F900
G1 X115.139 Y132.076 E.01457
G1 X114.805 Y131.849 E.05468
G1 X114.293 Y131.736 E.07099
G1 X113.914 Y131.736 E.05131
G1 X113.914 Y124.264 E1.01167
G1 X114.293 Y124.264 E.05131
G1 X114.805 Y124.151 E.07099
G1 X115.139 Y123.924 E.05468
G1 X115.408 Y123.541 E.06337
G1 X115.496 Y123.254 E.04064
G1 X115.514 Y123.043 E.02867
G1 X115.514 Y119.264 E.51166
G1 X116.986 Y119.264 E.1993
G1 X116.986 Y120 E.09965
G1 X116.986 Y136.736 E2.26597
G1 X115.514 Y136.736 E.1993
G1 X115.514 Y132.957 E.51166
G1 X115.408 Y132.459 E.06894
G1 X115.27 Y132.262 E.03257
M204 S8000
G1 X115.27 Y132.262 F18000
G1 X114.575 Y132.663
M204 S3000
;TYPE:External perimeter
G1 F2400
G1 X114.464 Y132.588 E.01814
G1 X114.293 Y132.55 E.02372
G1 X113.1 Y132.55 E.16153
G1 X113.1 Y123.45 E1.2321
G1 X114.293 Y123.45 E.16153
G1 X114.464 Y123.412 E.02372
G1 X114.575 Y123.337 E.01814
G1 X114.665 Y123.209 E.02119
G1 X114.7 Y123.043 E.02297
G1 X114.7 Y118.45 E.62187
G1 X117.8 Y118.45 E.41973
G1 X117.8 Y120 E.20986
G1 X117.8 Y137.55 E2.37619
G1 X114.7 Y137.55 E.41973
G1 X114.7 Y132.957 E.62187
G1 X114.665 Y132.791 E.02297
G1 X114.644 Y132.762 E.00485
M204 S8000
G1 X113.868 Y132.567 F18000
G1 E-2 F2400
G1 X116.25 Y120 F18000
G1 E2 F2400
M204 S4000
;TYPE:Perimeter
;WIDTH:0.743365
G1 F3600
G1 X116.25 Y123.043 E.33274
;WIDTH:0.773021
G1 X116.235 Y123.384 E.03901
M204 S8000
G1 E-2 F2400
G1 X116.235 Y123.384 F18000
G1 X116.25 Y136
G1 E2 F2400
M204 S4000
;WIDTH:0.743365
G1 F3600
G1 X116.25 Y132.957 E.33274
M204 S8000
;LAYER_CHANGE
;Z:10
;HEIGHT:0.4
G1 Z10 F18000
G1 E-2 F2400
G1 Z10 F18000
G1 X140.779 Y131.131
G1 Z10
G1 E2 F2400
M204 S4000
;WIDTH:1.0146
G1 F900
G1 X140.596 Y131.183 E.02938
G1 X140.116 Y131.597 E.0979
G1 X139.886 Y131.986 E.0698
G1 X139.886 Y124.014 E1.2313
G1 X140.116 Y124.403 E.0698
G1 X140.596 Y124.817 E.0979
G1 X140.814 Y124.879 E.03501
G1 X140.814 Y131.037 E.95113
M204 S8000
G1 X140.814 Y131.037 F18000
G1 X141.149 Y131.896
M204 S4000
;WIDTH:0.9
G1 F900
G1 X141.059 Y131.922 E.01268
G1 X140.779 Y132.164 E.05011
G1 X140.566 Y132.521 E.05629
G1 X140.486 Y132.957 E.06002
G1 X140.486 Y136.736 E.51166
G1 X139.014 Y136.736 E.1993
G1 X139.014 Y119.264 E2.36562
G1 X140.486 Y119.264 E.1993
G1 X140.486 Y123.043 E.51166
G1 X140.566 Y123.479 E.06002
G1 X140.779 Y123.836 E.05629
G1 X141.059 Y124.078 E.05011
G1 X141.686 Y124.258 E.08832
G1 X141.686 Y131.742 E1.0133
G1 X141.264 Y131.863 E.05944
M204 S8000
G1 X141.264 Y131.863 F18000
G1 X141.491 Y132.612
M204 S3000
;TYPE:External perimeter
G1 F2400
G1 X141.327 Y132.812 E.03502
G1 X141.3 Y132.957 E.01997
G1 X141.3 Y137.55 E.62187
G1 X138.2 Y137.55 E.41973
G1 X138.2 Y118.45 E2.58605
G1 X141.3 Y118.45 E.41973
G1 X141.3 Y123.043 E.62187
G1 X141.327 Y123.188 E.01997
G1 X141.491 Y123.388 E.03502
G1 X141.707 Y123.45 E.03043
G1 X142.5 Y123.45 E.10737
G1 X142.5 Y124.243 E.10737
G1 X142.5 Y132.55 E1.12473
G1 X141.707 Y132.55 E.10737
G1 X141.606 Y132.579 E.01423
M204 S8000
G1 X141.311 Y133.322 F18000
G1 E-2 F2400
G1 X139.765 Y123.384 F18000
G1 E2 F2400
M204 S4000
;TYPE:Perimeter
;WIDTH:0.773023
G1 F3600
G1 X139.75 Y123.043 E.03901
;WIDTH:0.743365
G1 X139.75 Y120 E.33274
M204 S8000
G1 E-2 F2400
G1 X139.75 Y136 F18000
G1 E2 F2400
M204 S4000
G1 F3600
G1 X139.75 Y132.957 E.33274
M204 S8000
G1 E-2 F2400
G1 X115.221 Y131.131 F18000
G1 E2 F2400
M204 S4000
;WIDTH:1.0146
G1 F900
G1 X115.186 Y131.121 E.00562
G1 X115.186 Y124.879 E.9641
G1 X115.404 Y124.817 E.03501
G1 X115.884 Y124.403 E.0979
G1 X116.114 Y124.014 E.0698
G1 X116.114 Y131.986 E1.23131
G1 X115.884 Y131.597 E.0698
G1 X115.404 Y131.183 E.0979
G1 X115.336 Y131.164 E.01091
M204 S8000
G1 X115.336 Y131.164 F18000
G1 X114.851 Y131.896
M204 S4000
;WIDTH:0.9
G1 F900
G1 X114.314 Y131.742 E.07564
G1 X114.314 Y124.258 E1.0133
G1 X114.941 Y124.078 E.08832
G1 X115.221 Y123.836 E.05011
G1 X115.434 Y123.479 E.05629
G1 X115.514 Y123.043 E.06002
G1 X115.514 Y119.264 E.51166
G1 X116.986 Y119.264 E.1993
G1 X116.986 Y120 E.09965
G1 X116.986 Y136.736 E2.26597
G1 X115.514 Y136.736 E.1993
G1 X115.514 Y132.957 E.51166
G1 X115.434 Y132.521 E.06002
G1 X115.221 Y132.164 E.05629
G1 X114.961 Y131.939 E.04655
M204 S8000
G1 X114.961 Y131.939 F18000
G1 X114.509 Y132.612
M204 S3000
;TYPE:External perimeter
G1 F2400
G1 X114.293 Y132.55 E.03043
G1 X113.5 Y132.55 E.10737
G1 X113.5 Y123.45 E1.2321
G1 X114.293 Y123.45 E.10737
G1 X114.509 Y123.388 E.03043
G1 X114.673 Y123.188 E.03502
G1 X114.7 Y123.043 E.01997
G1 X114.7 Y118.45 E.62187
G1 X117.8 Y118.45 E.41973
G1 X117.8 Y120 E.20986
G1 X117.8 Y137.55 E2.37619
G1 X114.7 Y137.55 E.41973
G1 X114.7 Y132.957 E.62187
G1 X114.673 Y132.812 E.01997
G1 X114.585 Y132.705 E.01876
M204 S8000
G1 X113.798 Y132.564 F18000
G1 E-2 F2400
G1 X116.25 Y120 F18000
G1 E2 F2400
M204 S4000
;TYPE:Perimeter
;WIDTH:0.743365
G1 F3600
G1 X116.25 Y123.043 E.33274
;WIDTH:0.773021
G1 X116.235 Y123.384 E.03901
M204 S8000
G1 E-2 F2400
G1 X116.235 Y123.384 F18000
G1 X116.25 Y136
G1 E2 F2400
M204 S4000
;WIDTH:0.743365
G1 F3600
G1 X116.25 Y132.957 E.33274
M204 S8000
;LAYER_CHANGE
;Z:10.4
;HEIGHT:0.4
G1 Z10.4 F18000
G1 E-2 F2400
G1 Z10.4 F18000
G1 X139.859 Y132.365
G1 Z10.4
G1 E2 F2400
M204 S4000
;WIDTH:0.814603
G1 F900
G1 X139.829 Y132.529 E.02021
;WIDTH:0.778984
G1 X139.75 Y132.957 E.05017
G1 X139.768 Y132.515 E.05099
;WIDTH:0.814603
G1 X139.786 Y132.072 E.05373
G1 X139.779 Y123.928 E.987
;WIDTH:0.801645
G1 X139.765 Y123.384 E.06478
G1 X139.914 Y123.897 E.06359
;WIDTH:0.814603
G1 X140.391 Y124.539 E.09693
G1 X140.514 Y124.586 E.01596
G1 X140.514 Y131.414 E.82751
G1 X140.391 Y131.461 E.01596
G1 X139.908 Y132.1 E.09708
G1 X139.881 Y132.247 E.01811
M204 S8000
G1 X139.881 Y132.247 F18000
G1 X140.579 Y132.547
M204 S4000
;WIDTH:0.9
G1 F900
G1 X140.486 Y132.957 E.05692
G1 X140.486 Y136.736 E.51166
G1 X139.014 Y136.736 E.1993
G1 X139.014 Y119.264 E2.36562
G1 X140.486 Y119.264 E.1993
G1 X140.486 Y123.043 E.51166
G1 X140.504 Y123.254 E.02867
G1 X140.605 Y123.568 E.04466
G1 X140.9 Y123.96 E.06642
G1 X141.286 Y124.105 E.05583
G1 X141.286 Y131.895 E1.05473
G1 X140.9 Y132.04 E.05583
G1 X140.606 Y132.43 E.06613
M204 S8000
G1 X141.34 Y132.782 F18000
M204 S3000
;TYPE:External perimeter
G1 F2400
G1 X141.3 Y132.957 E.02431
G1 X141.3 Y137.55 E.62187
G1 X138.2 Y137.55 E.41973
G1 X138.2 Y118.45 E2.58605
G1 X141.3 Y118.45 E.41973
G1 X141.306 Y123.113 E.63135
G1 X141.438 Y123.349 E.03661
G1 X141.707 Y123.45 E.0389
G1 X142.1 Y123.45 E.05321
G1 X142.1 Y123.843 E.05321
G1 X142.1 Y132.55 E1.17889
G1 X141.707 Y132.55 E.05321
G1 X141.438 Y132.651 E.0389
G1 X141.412 Y132.686 E.0059
M204 S8000
G1 X141.312 Y133.48 F18000
G1 E-2 F2400
G1 X139.765 Y123.384 F18000
G1 E2 F2400
M204 S4000
;TYPE:Perimeter
;WIDTH:0.773023
G1 F3600
G1 X139.75 Y123.043 E.03901
;WIDTH:0.743365
G1 X139.75 Y120 E.33274
M204 S8000
G1 E-2 F2400
G1 X139.75 Y136 F18000
G1 E2 F2400
M204 S4000
G1 F3600
G1 X139.75 Y132.957 E.33274
M204 S8000
G1 E-2 F2400
G1 X116.141 Y132.365 F18000
G1 E2 F2400
M204 S4000
;WIDTH:0.814604
G1 F900
G1 X116.092 Y132.1 E.03266
G1 X115.609 Y131.461 E.09708
G1 X115.486 Y131.414 E.01596
G1 X115.486 Y124.586 E.82751
G1 X115.609 Y124.539 E.01596
G1 X116.086 Y123.897 E.09693
;WIDTH:0.801645
G1 X116.235 Y123.384 E.06359
G1 X116.221 Y123.928 E.06478
;WIDTH:0.814604
G1 X116.214 Y132.072 E.987
G1 X116.232 Y132.515 E.05373
;WIDTH:0.778984
G1 X116.25 Y132.957 E.05099
G1 X116.171 Y132.529 E.05017
;WIDTH:0.814604
G1 X116.163 Y132.483 E.00566
M204 S8000
G1 X116.163 Y132.483 F18000
G1 X115.421 Y132.547
M204 S4000
;WIDTH:0.9
G1 F900
G1 X115.395 Y132.432 E.01596
G1 X115.1 Y132.04 E.06642
G1 X114.714 Y131.895 E.05583
G1 X114.714 Y124.105 E1.05473
G1 X115.1 Y123.96 E.05583
G1 X115.395 Y123.568 E.06642
G1 X115.496 Y123.254 E.04466
G1 X115.514 Y123.043 E.02867
G1 X115.514 Y119.264 E.51166
G1 X116.986 Y119.264 E.1993
G1 X116.986 Y120 E.09965
G1 X116.986 Y136.736 E2.26597
G1 X115.514 Y136.736 E.1993
G1 X115.514 Y132.957 E.51166
G1 X115.448 Y132.664 E.04066
M204 S8000
G1 X115.448 Y132.664 F18000
G1 X114.66 Y132.782
M204 S3000
;TYPE:External perimeter
G1 F2400
G1 X114.562 Y132.651 E.02215
G1 X114.293 Y132.55 E.0389
G1 X113.9 Y132.55 E.05321
G1 X113.9 Y123.45 E1.2321
G1 X114.293 Y123.45 E.05321
G1 X114.562 Y123.349 E.0389
G1 X114.66 Y123.218 E.02215
G1 X114.7 Y123.043 E.02431
G1 X114.7 Y118.45 E.62187
G1 X117.8 Y118.45 E.41973
G1 X117.8 Y120 E.20986
G1 X117.8 Y137.55 E2.37619
G1 X114.7 Y137.55 E.41973
G1 X114.7 Y132.957 E.62187
G1 X114.687 Y132.899 E.00805
M204 S8000
G1 X113.963 Y132.559 F18000
G1 E-2 F2400
G1 X116.25 Y120 F18000
G1 E2 F2400
M204 S4000
;TYPE:Perimeter
;WIDTH:0.743365
G1 F3600
G1 X116.25 Y123.043 E.33274
;WIDTH:0.773021
G1 X116.235 Y123.384 E.03901
M204 S8000
G1 E-2 F2400
G1 X116.235 Y123.384 F18000
G1 X116.25 Y136
G1 E2 F2400
M204 S4000
;WIDTH:0.743365
G1 F3600
G1 X116.25 Y132.957 E.33274
M204 S8000
;LAYER_CHANGE
;Z:10.8
;HEIGHT:0.400001
G1 Z10.8 F18000
G1 E-2 F2400
G1 Z10.8 F18000
G1 X139.014 Y119.264
G1 Z10.8
G1 E2 F2400
M204 S4000
;WIDTH:0.9
G1 F900
G1 X140.486 Y119.264 E.1993
G1 X140.486 Y123.043 E.51166
G1 X140.547 Y123.424 E.05224
G1 X140.712 Y123.751 E.04959
G1 X140.886 Y123.841 E.02652
G1 X140.886 Y132.159 E1.12622
G1 X140.712 Y132.249 E.02652
G1 X140.547 Y132.576 E.04959
G1 X140.486 Y132.957 E.05224
G1 X140.486 Y136.736 E.51166
G1 X139.014 Y136.736 E.1993
G1 X139.014 Y119.384 E2.34938
M204 S8000
G1 X139.014 Y119.384 F18000
G1 X138.2 Y118.45
M204 S3000
;TYPE:External perimeter
G1 F2400
G1 X141.3 Y118.45 E.41973
G1 X141.3 Y123.043 E.62187
G1 X141.375 Y123.279 E.03353
G1 X141.7 Y123.446 E.04947
G1 X141.7 Y132.554 E1.23318
G1 X141.375 Y132.721 E.04947
G1 X141.3 Y132.957 E.03353
G1 X141.3 Y137.55 E.62187
G1 X138.2 Y137.55 E.41973
G1 X138.2 Y118.57 E2.5698
M204 S8000
G1 X138.991 Y118.451 F18000
G1 X139.75 Y120
M204 S4000
;TYPE:Perimeter
;WIDTH:0.743365
G1 F3600
G1 X139.75 Y123.043 E.33274
;WIDTH:0.793365
G1 X139.775 Y123.356 E.03695
;WIDTH:0.843365
G1 X139.8 Y123.669 E.03956
;WIDTH:0.893364
G1 X139.825 Y123.773 E.01436
;WIDTH:0.943364
G1 X139.85 Y123.877 E.01525
;WIDTH:0.993364
G1 X139.875 Y123.981 E.01614
;WIDTH:1.04336
G1 X139.9 Y124.086 E.01719
;WIDTH:1.09336
G1 F3573.122
G1 X139.925 Y124.19 E.01792
;WIDTH:1.14336
G1 F3404.185
G1 X139.95 Y124.294 E.01881
G1 X139.95 Y131.706 E1.30352
G1 X139.925 Y131.81 E.01881
;WIDTH:1.09336
G1 F3573.122
G1 X139.9 Y131.914 E.01792
;WIDTH:1.04336
G1 F3600
G1 X139.875 Y132.019 E.01719
;WIDTH:0.993364
G1 X139.85 Y132.123 E.01614
;WIDTH:0.943364
G1 X139.825 Y132.227 E.01525
;WIDTH:0.893364
G1 X139.8 Y132.331 E.01436
;WIDTH:0.843365
G1 X139.775 Y132.644 E.03956
;WIDTH:0.793365
G1 X139.75 Y132.957 E.03695
;WIDTH:0.743365
G1 X139.75 Y136 E.33274
M204 S8000
G1 E-2 F2400
G1 X116.986 Y119.264 F18000
G1 E2 F2400
M204 S4000
;WIDTH:0.9
G1 F900
G1 X116.986 Y120 E.09965
G1 X116.986 Y136.736 E2.26597
G1 X115.514 Y136.736 E.1993
G1 X115.514 Y132.957 E.51166
G1 X115.453 Y132.576 E.05224
G1 X115.288 Y132.249 E.04959
G1 X115.114 Y132.159 E.02652
G1 X115.114 Y123.841 E1.12622
G1 X115.288 Y123.751 E.02652
G1 X115.453 Y123.424 E.04959
G1 X115.514 Y123.043 E.05224
G1 X115.514 Y119.264 E.51166
G1 X116.866 Y119.264 E.18305
M204 S8000
G1 X116.866 Y119.264 F18000
G1 X117.8 Y118.45
M204 S3000
;TYPE:External perimeter
G1 F2400
G1 X117.8 Y120 E.20986
G1 X117.8 Y137.55 E2.37619
G1 X114.7 Y137.55 E.41973
G1 X114.7 Y132.957 E.62187
G1 X114.625 Y132.721 E.03353
G1 X114.3 Y132.554 E.04947
G1 X114.3 Y123.446 E1.23318
G1 X114.625 Y123.279 E.04947
G1 X114.7 Y123.043 E.03353
G1 X114.7 Y118.45 E.62187
G1 X117.68 Y118.45 E.40348
M204 S8000
G1 X117.799 Y119.241 F18000
G1 E-2 F2400
G1 X116.25 Y136 F18000
G1 E2 F2400
M204 S4000
;TYPE:Perimeter
;WIDTH:0.743365
G1 F3600
G1 X116.25 Y132.957 E.33274
;WIDTH:0.793365
G1 X116.225 Y132.644 E.03695
;WIDTH:0.843365
G1 X116.2 Y132.331 E.03956
;WIDTH:0.893365
G1 X116.175 Y132.227 E.01436
;WIDTH:0.943365
G1 X116.15 Y132.123 E.01525
;WIDTH:0.993365
G1 X116.125 Y132.019 E.01614
;WIDTH:1.04336
G1 X116.1 Y131.914 E.01719
;WIDTH:1.09336
G1 F3573.116
G1 X116.075 Y131.81 E.01792
;WIDTH:1.14336
G1 F3404.178
G1 X116.05 Y131.706 E.01881
G1 X116.05 Y124.294 E1.30353
G1 X116.071 Y124.205 E.01608
;WIDTH:1.10051
G1 F3547.964
G1 X116.093 Y124.115 E.01563
;WIDTH:1.05765
G1 F3600
G1 X116.114 Y124.026 E.01478
;WIDTH:1.01479
G1 X116.136 Y123.937 E.01416
;WIDTH:0.971935
G1 X116.157 Y123.847 E.01362
;WIDTH:0.929078
G1 X116.179 Y123.758 E.01286
;WIDTH:0.88622
G1 X116.2 Y123.669 E.01217
;WIDTH:0.843363
G1 X116.225 Y123.356 E.03956
;WIDTH:0.793364
G1 X116.25 Y123.043 E.03695
;WIDTH:0.743365
G1 X116.25 Y120 E.33274
M204 S8000
;LAYER_CHANGE
;Z:11.2
;HEIGHT:0.4
G1 Z11.2 F18000
G1 E-2 F2400
G1 Z11.2 F18000
G1 X139.014 Y119.264
G1 Z11.2
G1 E2 F2400
M204 S4000
;WIDTH:0.9
G1 F900
G1 X140.486 Y119.264 E.1993
G1 X140.486 Y120 E.09965
G1 X140.486 Y136.736 E2.26597
G1 X139.014 Y136.736 E.1993
G1 X139.014 Y119.384 E2.34938
M204 S8000
G1 X139.014 Y119.384 F18000
G1 X138.2 Y118.45
M204 S3000
;TYPE:External perimeter
G1 F2400
G1 X141.3 Y118.45 E.41973
G1 X141.3 Y120 E.20986
G1 X141.3 Y137.55 E2.37619
G1 X138.2 Y137.55 E.41973
G1 X138.2 Y118.57 E2.5698
M204 S8000
G1 X138.991 Y118.451 F18000
G1 E-2 F2400
G1 X139.75 Y136 F18000
G1 E2 F2400
M204 S4000
;TYPE:Perimeter
;WIDTH:0.743365
G1 F3600
G1 X139.75 Y120 E1.74955
M204 S8000
G1 E-2 F2400
G1 X116.986 Y119.264 F18000
G1 E2 F2400
M204 S4000
;WIDTH:0.9
G1 F900
G1 X116.986 Y120 E.09965
G1 X116.986 Y136.736 E2.26597
G1 X115.514 Y136.736 E.1993
G1 X115.514 Y119.264 E2.36562
G1 X116.866 Y119.264 E.18305
M204 S8000
G1 X116.866 Y119.264 F18000
G1 X117.8 Y118.45
M204 S3000
;TYPE:External perimeter
G1 F2400
G1 X117.8 Y120 E.20986
G1 X117.8 Y137.55 E2.37619
G1 X114.7 Y137.55 E.41973
G1 X114.7 Y118.45 E2.58605
G1 X117.68 Y118.45 E.40348
M204 S8000
G1 X117.799 Y119.241 F18000
G1 E-2 F2400
G1 X116.25 Y136 F18000
G1 E2 F2400
M204 S4000
;TYPE:Perimeter
;WIDTH:0.743365
G1 F3600
G1 X116.25 Y120 E1.74955
M204 S8000
;LAYER_CHANGE
;Z:11.6
;HEIGHT:0.400001
G1 Z11.6 F18000
G1 E-2 F2400
G1 Z11.6 F18000
G1 X139.014 Y119.264
G1 Z11.6
G1 E2 F2400
M204 S4000
;WIDTH:0.9
G1 F900
G1 X140.486 Y119.264 E.1993
G1 X140.486 Y120 E.09965
G1 X140.486 Y136.736 E2.26597
G1 X139.014 Y136.736 E.1993
G1 X139.014 Y119.384 E2.34938
M204 S8000
G1 X139.014 Y119.384 F18000
G1 X138.2 Y118.45
M204 S3000
;TYPE:External perimeter
G1 F2400
G1 X141.3 Y118.45 E.41973
G1 X141.3 Y120 E.20986
G1 X141.3 Y137.55 E2.37619
G1 X138.2 Y137.55 E.41973
G1 X138.2 Y118.57 E2.5698
M204 S8000
G1 X138.991 Y118.451 F18000
G1 E-2 F2400
G1 X139.75 Y136 F18000
G1 E2 F2400
M204 S4000
;TYPE:Perimeter
;WIDTH:0.743365
G1 F3600
G1 X139.75 Y120 E1.74955
M204 S8000
G1 E-2 F2400
G1 X116.986 Y119.264 F18000
G1 E2 F2400
M204 S4000
;WIDTH:0.9
G1 F900
G1 X116.986 Y120 E.09965
G1 X116.986 Y136.736 E2.26597
G1 X115.514 Y136.736 E.1993
G1 X115.514 Y119.264 E2.36562
G1 X116.866 Y119.264 E.18305
M204 S8000
G1 X116.866 Y119.264 F18000
G1 X117.8 Y118.45
M204 S3000
;TYPE:External perimeter
G1 F2400
G1 X117.8 Y120 E.20986
G1 X117.8 Y137.55 E2.37619
G1 X114.7 Y137.55 E.41973
G1 X114.7 Y118.45 E2.58605
G1 X117.68 Y118.45 E.40348
M204 S8000
G1 X117.799 Y119.241 F18000
G1 E-2 F2400
G1 X116.25 Y136 F18000
G1 E2 F2400
M204 S4000
;TYPE:Perimeter
;WIDTH:0.743365
G1 F3600
G1 X116.25 Y120 E1.74955
M204 S8000
;LAYER_CHANGE
;Z:12
;HEIGHT:0.4
G1 Z12 F18000
G1 E-2 F2400
G1 Z12 F18000
G1 X139.014 Y119.264
G1 Z12
G1 E2 F2400
M204 S4000
;WIDTH:0.9
G1 F900
G1 X140.486 Y119.264 E.1993
G1 X140.486 Y120 E.09965
G1 X140.486 Y136.736 E2.26597
G1 X139.014 Y136.736 E.1993
G1 X139.014 Y119.384 E2.34938
M204 S8000
G1 X139.014 Y119.384 F18000
G1 X138.2 Y118.45
M204 S3000
;TYPE:External perimeter
G1 F2400
G1 X141.3 Y118.45 E.41973
G1 X141.3 Y120 E.20986
G1 X141.3 Y137.55 E2.37619
G1 X138.2 Y137.55 E.41973
G1 X138.2 Y118.57 E2.5698
M204 S8000
G1 X138.991 Y118.451 F18000
G1 E-2 F2400
G1 X139.75 Y136 F18000
G1 E2 F2400
M204 S4000
;TYPE:Perimeter
;WIDTH:0.743365
G1 F3600
G1 X139.75 Y120 E1.74955
M204 S8000
G1 E-2 F2400
G1 X116.986 Y119.264 F18000
G1 E2 F2400
M204 S4000
;WIDTH:0.9
G1 F900
G1 X116.986 Y120 E.09965
G1 X116.986 Y136.736 E2.26597
G1 X115.514 Y136.736 E.1993
G1 X115.514 Y119.264 E2.36562
G1 X116.866 Y119.264 E.18305
M204 S8000
G1 X116.866 Y119.264 F18000
G1 X117.8 Y118.45
M204 S3000
;TYPE:External perimeter
G1 F2400
G1 X117.8 Y120 E.20986
G1 X117.8 Y137.55 E2.37619
G1 X114.7 Y137.55 E.41973
G1 X114.7 Y118.45 E2.58605
G1 X117.68 Y118.45 E.40348
M204 S8000
G1 X117.799 Y119.241 F18000
G1 E-2 F2400
G1 X116.25 Y136 F18000
G1 E2 F2400
M204 S4000
;TYPE:Perimeter
;WIDTH:0.743365
G1 F3600
G1 X116.25 Y120 E1.74955
M204 S8000
;LAYER_CHANGE
;Z:12.4
;HEIGHT:0.4
G1 Z12.4 F18000
G1 E-2 F2400
G1 Z12.4 F18000
G1 X139.014 Y119.264
G1 Z12.4
G1 E2 F2400
M204 S4000
;WIDTH:0.9
G1 F900
G1 X140.486 Y119.264 E.1993
G1 X140.486 Y120 E.09965
G1 X140.486 Y136.736 E2.26597
G1 X139.014 Y136.736 E.1993
G1 X139.014 Y119.384 E2.34938
M204 S8000
G1 X139.014 Y119.384 F18000
G1 X138.2 Y118.45
M204 S3000
;TYPE:External perimeter
G1 F2400
G1 X141.3 Y118.45 E.41973
G1 X141.3 Y120 E.20986
G1 X141.3 Y137.55 E2.37619
G1 X138.2 Y137.55 E.41973
G1 X138.2 Y118.57 E2.5698
M204 S8000
G1 X138.991 Y118.451 F18000
G1 E-2 F2400
G1 X139.75 Y136 F18000
G1 E2 F2400
M204 S4000
;TYPE:Perimeter
;WIDTH:0.743365
G1 F3600
G1 X139.75 Y120 E1.74955
M204 S8000
G1 E-2 F2400
G1 X116.986 Y119.264 F18000
G1 E2 F2400
M204 S4000
;WIDTH:0.9
G1 F900
G1 X116.986 Y120 E.09965
G1 X116.986 Y136.736 E2.26597
G1 X115.514 Y136.736 E.1993
G1 X115.514 Y119.264 E2.36562
G1 X116.866 Y119.264 E.18305
M204 S8000
G1 X116.866 Y119.264 F18000
G1 X117.8 Y118.45
M204 S3000
;TYPE:External perimeter
G1 F2400
G1 X117.8 Y120 E.20986
G1 X117.8 Y137.55 E2.37619
G1 X114.7 Y137.55 E.41973
G1 X114.7 Y118.45 E2.58605
G1 X117.68 Y118.45 E.40348
M204 S8000
G1 X117.799 Y119.241 F18000
G1 E-2 F2400
G1 X116.25 Y136 F18000
G1 E2 F2400
M204 S4000
;TYPE:Perimeter
;WIDTH:0.743365
G1 F3600
G1 X116.25 Y120 E1.74955
M204 S8000
;LAYER_CHANGE
;Z:12.8
;HEIGHT:0.400001
G1 Z12.8 F18000
G1 E-2 F2400
G1 Z12.8 F18000
G1 X139.014 Y119.264
G1 Z12.8
G1 E2 F2400
M204 S4000
;WIDTH:0.9
G1 F900
G1 X140.486 Y119.264 E.1993
G1 X140.486 Y120 E.09965
G1 X140.486 Y136.736 E2.26597
G1 X139.014 Y136.736 E.1993
G1 X139.014 Y119.384 E2.34938
M204 S8000
G1 X139.014 Y119.384 F18000
G1 X138.2 Y118.45
M204 S3000
;TYPE:External perimeter
G1 F2400
G1 X141.3 Y118.45 E.41973
G1 X141.3 Y120 E.20986
G1 X141.3 Y137.55 E2.37619
G1 X138.2 Y137.55 E.41973
G1 X138.2 Y118.57 E2.5698
M204 S8000
G1 X138.991 Y118.451 F18000
G1 E-2 F2400
G1 X139.75 Y136 F18000
G1 E2 F2400
M204 S4000
;TYPE:Perimeter
;WIDTH:0.743365
G1 F3600
G1 X139.75 Y120 E1.74955
M204 S8000
G1 E-2 F2400
G1 X116.986 Y119.264 F18000
G1 E2 F2400
M204 S4000
;WIDTH:0.9
G1 F900
G1 X116.986 Y120 E.09965
G1 X116.986 Y136.736 E2.26597
G1 X115.514 Y136.736 E.1993
G1 X115.514 Y119.264 E2.36562
G1 X116.866 Y119.264 E.18305
M204 S8000
G1 X116.866 Y119.264 F18000
G1 X117.8 Y118.45
M204 S3000
;TYPE:External perimeter
G1 F2400
G1 X117.8 Y120 E.20986
G1 X117.8 Y137.55 E2.37619
G1 X114.7 Y137.55 E.41973
G1 X114.7 Y118.45 E2.58605
G1 X117.68 Y118.45 E.40348
M204 S8000
G1 X117.799 Y119.241 F18000
G1 E-2 F2400
G1 X116.25 Y136 F18000
G1 E2 F2400
M204 S4000
;TYPE:Perimeter
;WIDTH:0.743365
G1 F3600
G1 X116.25 Y120 E1.74955
M204 S8000
;LAYER_CHANGE
;Z:13.2
;HEIGHT:0.4
G1 Z13.2 F18000
G1 E-2 F2400
G1 Z13.2 F18000
G1 X139.014 Y119.264
G1 Z13.2
G1 E2 F2400
M204 S4000
;WIDTH:0.9
G1 F900
G1 X140.486 Y119.264 E.1993
G1 X140.486 Y120 E.09965
G1 X140.486 Y136.736 E2.26597
G1 X139.014 Y136.736 E.1993
G1 X139.014 Y119.384 E2.34938
M204 S8000
G1 X139.014 Y119.384 F18000
G1 X138.2 Y118.45
M204 S3000
;TYPE:External perimeter
G1 F2400
G1 X141.3 Y118.45 E.41973
G1 X141.3 Y120 E.20986
G1 X141.3 Y137.55 E2.37619
G1 X138.2 Y137.55 E.41973
G1 X138.2 Y118.57 E2.5698
M204 S8000
G1 X138.991 Y118.451 F18000
G1 E-2 F2400
G1 X139.75 Y136 F18000
G1 E2 F2400
M204 S4000
;TYPE:Perimeter
;WIDTH:0.743365
G1 F3600
G1 X139.75 Y120 E1.74955
M204 S8000
G1 E-2 F2400
G1 X116.986 Y119.264 F18000
G1 E2 F2400
M204 S4000
;WIDTH:0.9
G1 F900
G1 X116.986 Y120 E.09965
G1 X116.986 Y136.736 E2.26597
G1 X115.514 Y136.736 E.1993
G1 X115.514 Y119.264 E2.36562
G1 X116.866 Y119.264 E.18305
M204 S8000
G1 X116.866 Y119.264 F18000
G1 X117.8 Y118.45
M204 S3000
;TYPE:External perimeter
G1 F2400
G1 X117.8 Y120 E.20986
G1 X117.8 Y137.55 E2.37619
G1 X114.7 Y137.55 E.41973
G1 X114.7 Y118.45 E2.58605
G1 X117.68 Y118.45 E.40348
M204 S8000
G1 X117.799 Y119.241 F18000
G1 E-2 F2400
G1 X116.25 Y136 F18000
G1 E2 F2400
M204 S4000
;TYPE:Perimeter
;WIDTH:0.743365
G1 F3600
G1 X116.25 Y120 E1.74955
M204 S8000
;LAYER_CHANGE
;Z:13.6
;HEIGHT:0.400001
G1 Z13.6 F18000
G1 E-2 F2400
G1 Z13.6 F18000
G1 X139.014 Y119.264
G1 Z13.6
G1 E2 F2400
M204 S4000
;WIDTH:0.9
G1 F900
G1 X140.486 Y119.264 E.1993
G1 X140.486 Y120 E.09965
G1 X140.486 Y136.736 E2.26597
G1 X139.014 Y136.736 E.1993
G1 X139.014 Y119.384 E2.34938
M204 S8000
G1 X139.014 Y119.384 F18000
G1 X138.2 Y118.45
M204 S3000
;TYPE:External perimeter
G1 F2400
G1 X141.3 Y118.45 E.41973
G1 X141.3 Y120 E.20986
G1 X141.3 Y137.55 E2.37619
G1 X138.2 Y137.55 E.41973
G1 X138.2 Y118.57 E2.5698
M204 S8000
G1 X138.991 Y118.451 F18000
G1 E-2 F2400
G1 X139.75 Y136 F18000
G1 E2 F2400
M204 S4000
;TYPE:Perimeter
;WIDTH:0.743365
G1 F3600
G1 X139.75 Y120 E1.74955
M204 S8000
G1 E-2 F2400
G1 X116.986 Y119.264 F18000
G1 E2 F2400
M204 S4000
;WIDTH:0.9
G1 F900
G1 X116.986 Y120 E.09965
G1 X116.986 Y136.736 E2.26597
G1 X115.514 Y136.736 E.1993
G1 X115.514 Y119.264 E2.36562
G1 X116.866 Y119.264 E.18305
M204 S8000
G1 X116.866 Y119.264 F18000
G1 X117.8 Y118.45
M204 S3000
;TYPE:External perimeter
G1 F2400
G1 X117.8 Y120 E.20986
G1 X117.8 Y137.55 E2.37619
G1 X114.7 Y137.55 E.41973
G1 X114.7 Y118.45 E2.58605
G1 X117.68 Y118.45 E.40348
M204 S8000
G1 X117.799 Y119.241 F18000
G1 E-2 F2400
G1 X116.25 Y136 F18000
G1 E2 F2400
M204 S4000
;TYPE:Perimeter
;WIDTH:0.743365
G1 F3600
G1 X116.25 Y120 E1.74955
M204 S8000
;LAYER_CHANGE
;Z:14
;HEIGHT:0.4
G1 Z14 F18000
G1 E-2 F2400
G1 Z14 F18000
G1 X139.014 Y119.264
G1 Z14
G1 E2 F2400
M204 S4000
;WIDTH:0.9
G1 F900
G1 X140.486 Y119.264 E.1993
G1 X140.486 Y120 E.09965
G1 X140.486 Y136.736 E2.26597
G1 X139.014 Y136.736 E.1993
G1 X139.014 Y119.384 E2.34938
M204 S8000
G1 X139.014 Y119.384 F18000
G1 X138.2 Y118.45
M204 S3000
;TYPE:External perimeter
G1 F2400
G1 X141.3 Y118.45 E.41973
G1 X141.3 Y120 E.20986
G1 X141.3 Y137.55 E2.37619
G1 X138.2 Y137.55 E.41973
G1 X138.2 Y118.57 E2.5698
M204 S8000
G1 X138.991 Y118.451 F18000
G1 E-2 F2400
G1 X139.75 Y136 F18000
G1 E2 F2400
M204 S4000
;TYPE:Perimeter
;WIDTH:0.743363
G1 F3600
G1 X139.75 Y120 E1.74954
M204 S8000
G1 E-2 F2400
G1 X116.986 Y119.264 F18000
G1 E2 F2400
M204 S4000
;WIDTH:0.9
G1 F900
G1 X116.986 Y120 E.09965
G1 X116.986 Y136.736 E2.26597
G1 X115.514 Y136.736 E.1993
G1 X115.514 Y119.264 E2.36562
G1 X116.866 Y119.264 E.18305
M204 S8000
G1 X116.866 Y119.264 F18000
G1 X117.8 Y118.45
M204 S3000
;TYPE:External perimeter
G1 F2400
G1 X117.8 Y120 E.20986
G1 X117.8 Y137.55 E2.37619
G1 X114.7 Y137.55 E.41973
G1 X114.7 Y118.45 E2.58605
G1 X117.68 Y118.45 E.40348
M204 S8000
G1 X117.799 Y119.241 F18000
G1 E-2 F2400
G1 X116.25 Y136 F18000
G1 E2 F2400
M204 S4000
;TYPE:Perimeter
;WIDTH:0.743365
G1 F3600
G1 X116.25 Y120 E1.74955
M204 S8000
;LAYER_CHANGE
;Z:14.4
;HEIGHT:0.4
G1 Z14.4 F18000
G1 E-2 F2400
G1 Z14.4 F18000
G1 X139.014 Y119.264
G1 Z14.4
G1 E2 F2400
M204 S4000
;WIDTH:0.9
G1 F900
G1 X140.486 Y119.264 E.1993
G1 X140.486 Y120 E.09965
G1 X140.486 Y136.736 E2.26597
G1 X139.014 Y136.736 E.1993
G1 X139.014 Y119.384 E2.34938
M204 S8000
G1 X139.014 Y119.384 F18000
G1 X138.2 Y118.45
M204 S3000
;TYPE:External perimeter
G1 F2400
G1 X141.3 Y118.45 E.41973
G1 X141.3 Y120 E.20986
G1 X141.3 Y137.55 E2.37619
G1 X138.2 Y137.55 E.41973
G1 X138.2 Y118.57 E2.5698
M204 S8000
G1 X138.991 Y118.451 F18000
G1 E-2 F2400
G1 X139.75 Y136 F18000
G1 E2 F2400
M204 S4000
;TYPE:Perimeter
;WIDTH:0.743365
G1 F3600
G1 X139.75 Y120 E1.74955
M204 S8000
G1 E-2 F2400
G1 X116.986 Y119.264 F18000
G1 E2 F2400
M204 S4000
;WIDTH:0.9
G1 F900
G1 X116.986 Y120 E.09965
G1 X116.986 Y136.736 E2.26597
G1 X115.514 Y136.736 E.1993
G1 X115.514 Y119.264 E2.36562
G1 X116.866 Y119.264 E.18305
M204 S8000
G1 X116.866 Y119.264 F18000
G1 X117.8 Y118.45
M204 S3000
;TYPE:External perimeter
G1 F2400
G1 X117.8 Y120 E.20986
G1 X117.8 Y137.55 E2.37619
G1 X114.7 Y137.55 E.41973
G1 X114.7 Y118.45 E2.58605
G1 X117.68 Y118.45 E.40348
M204 S8000
G1 X117.799 Y119.241 F18000
G1 E-2 F2400
G1 X116.25 Y136 F18000
G1 E2 F2400
M204 S4000
;TYPE:Perimeter
;WIDTH:0.743365
G1 F3600
G1 X116.25 Y120 E1.74955
M204 S8000
;LAYER_CHANGE
;Z:14.8
;HEIGHT:0.400001
G1 Z14.8 F18000
G1 E-2 F2400
G1 Z14.8 F18000
G1 X139.014 Y119.264
G1 Z14.8
G1 E2 F2400
M204 S4000
;WIDTH:0.9
G1 F900
G1 X140.486 Y119.264 E.1993
G1 X140.486 Y120 E.09965
G1 X140.486 Y136.736 E2.26597
G1 X139.014 Y136.736 E.1993
G1 X139.014 Y119.384 E2.34938
M204 S8000
G1 X139.014 Y119.384 F18000
G1 X138.2 Y118.45
M204 S3000
;TYPE:External perimeter
G1 F2400
G1 X141.3 Y118.45 E.41973
G1 X141.3 Y120 E.20986
G1 X141.3 Y137.55 E2.37619
G1 X138.2 Y137.55 E.41973
G1 X138.2 Y118.57 E2.5698
M204 S8000
G1 X138.991 Y118.451 F18000
G1 E-2 F2400
G1 X139.75 Y136 F18000
G1 E2 F2400
M204 S4000
;TYPE:Perimeter
;WIDTH:0.743365
G1 F3600
G1 X139.75 Y120 E1.74955
M204 S8000
G1 E-2 F2400
G1 X116.986 Y119.264 F18000
G1 E2 F2400
M204 S4000
;WIDTH:0.9
G1 F900
G1 X116.986 Y120 E.09965
G1 X116.986 Y136.736 E2.26597
G1 X115.514 Y136.736 E.1993
G1 X115.514 Y119.264 E2.36562
G1 X116.866 Y119.264 E.18305
M204 S8000
G1 X116.866 Y119.264 F18000
G1 X117.8 Y118.45
M204 S3000
;TYPE:External perimeter
G1 F2400
G1 X117.8 Y120 E.20986
G1 X117.8 Y137.55 E2.37619
G1 X114.7 Y137.55 E.41973
G1 X114.7 Y118.45 E2.58605
G1 X117.68 Y118.45 E.40348
M204 S8000
G1 X117.799 Y119.241 F18000
G1 E-2 F2400
G1 X116.25 Y136 F18000
G1 E2 F2400
M204 S4000
;TYPE:Perimeter
;WIDTH:0.743365
G1 F3600
G1 X116.25 Y120 E1.74955
M204 S8000
;LAYER_CHANGE
;Z:15.2
;HEIGHT:0.4
G1 Z15.2 F18000
G1 E-2 F2400
G1 Z15.2 F18000
G1 X139.014 Y119.264
G1 Z15.2
G1 E2 F2400
M204 S4000
;WIDTH:0.9
G1 F900
G1 X140.486 Y119.264 E.1993
G1 X140.486 Y120 E.09965
G1 X140.486 Y136.736 E2.26597
G1 X139.014 Y136.736 E.1993
G1 X139.014 Y119.384 E2.34938
M204 S8000
G1 X139.014 Y119.384 F18000
G1 X138.2 Y118.45
M204 S3000
;TYPE:External perimeter
G1 F2400
G1 X141.3 Y118.45 E.41973
G1 X141.3 Y120 E.20986
G1 X141.3 Y137.55 E2.37619
G1 X138.2 Y137.55 E.41973
G1 X138.2 Y118.57 E2.5698
M204 S8000
G1 X138.991 Y118.451 F18000
G1 E-2 F2400
G1 X139.75 Y136 F18000
G1 E2 F2400
M204 S4000
;TYPE:Perimeter
;WIDTH:0.743365
G1 F3600
G1 X139.75 Y120 E1.74955
M204 S8000
G1 E-2 F2400
G1 X116.986 Y119.264 F18000
G1 E2 F2400
M204 S4000
;WIDTH:0.9
G1 F900
G1 X116.986 Y120 E.09965
G1 X116.986 Y136.736 E2.26597
G1 X115.514 Y136.736 E.1993
G1 X115.514 Y119.264 E2.36562
G1 X116.866 Y119.264 E.18305
M204 S8000
G1 X116.866 Y119.264 F18000
G1 X117.8 Y118.45
M204 S3000
;TYPE:External perimeter
G1 F2400
G1 X117.8 Y120 E.20986
G1 X117.8 Y137.55 E2.37619
G1 X114.7 Y137.55 E.41973
G1 X114.7 Y118.45 E2.58605
G1 X117.68 Y118.45 E.40348
M204 S8000
G1 X117.799 Y119.241 F18000
G1 E-2 F2400
G1 X116.25 Y136 F18000
G1 E2 F2400
M204 S4000
;TYPE:Perimeter
;WIDTH:0.743365
G1 F3600
G1 X116.25 Y120 E1.74955
M204 S8000
;LAYER_CHANGE
;Z:15.6
;HEIGHT:0.400001
G1 Z15.6 F18000
G1 E-2 F2400
G1 Z15.6 F18000
G1 X139.014 Y119.264
G1 Z15.6
G1 E2 F2400
M204 S4000
;WIDTH:0.9
G1 F900
G1 X140.486 Y119.264 E.1993
G1 X140.486 Y120 E.09965
G1 X140.486 Y136.736 E2.26597
G1 X139.014 Y136.736 E.1993
G1 X139.014 Y119.384 E2.34938
M204 S8000
G1 X139.014 Y119.384 F18000
G1 X138.2 Y118.45
M204 S3000
;TYPE:External perimeter
G1 F2400
G1 X141.3 Y118.45 E.41973
G1 X141.3 Y120 E.20986
G1 X141.3 Y137.55 E2.37619
G1 X138.2 Y137.55 E.41973
G1 X138.2 Y118.57 E2.5698
M204 S8000
G1 X138.991 Y118.451 F18000
G1 E-2 F2400
G1 X139.75 Y136 F18000
G1 E2 F2400
M204 S4000
;TYPE:Perimeter
;WIDTH:0.743365
G1 F3600
G1 X139.75 Y120 E1.74955
M204 S8000
G1 E-2 F2400
G1 X116.986 Y119.264 F18000
G1 E2 F2400
M204 S4000
;WIDTH:0.9
G1 F900
G1 X116.986 Y120 E.09965
G1 X116.986 Y136.736 E2.26597
G1 X115.514 Y136.736 E.1993
G1 X115.514 Y119.264 E2.36562
G1 X116.866 Y119.264 E.18305
M204 S8000
G1 X116.866 Y119.264 F18000
G1 X117.8 Y118.45
M204 S3000
;TYPE:External perimeter
G1 F2400
G1 X117.8 Y120 E.20986
G1 X117.8 Y137.55 E2.37619
G1 X114.7 Y137.55 E.41973
G1 X114.7 Y118.45 E2.58605
G1 X117.68 Y118.45 E.40348
M204 S8000
G1 X117.799 Y119.241 F18000
G1 E-2 F2400
G1 X116.25 Y136 F18000
G1 E2 F2400
M204 S4000
;TYPE:Perimeter
;WIDTH:0.743365
G1 F3600
G1 X116.25 Y120 E1.74955
M204 S8000
;LAYER_CHANGE
;Z:16
;HEIGHT:0.4
G1 Z16 F18000
G1 E-2 F2400
G1 Z16 F18000
G1 X139.014 Y119.264
G1 Z16
G1 E2 F2400
M204 S4000
;WIDTH:0.9
G1 F900
G1 X140.486 Y119.264 E.1993
G1 X140.486 Y120 E.09965
G1 X140.486 Y136.736 E2.26597
G1 X139.014 Y136.736 E.1993
G1 X139.014 Y119.384 E2.34938
M204 S8000
G1 X139.014 Y119.384 F18000
G1 X138.2 Y118.45
M204 S3000
;TYPE:External perimeter
G1 F2400
G1 X141.3 Y118.45 E.41973
G1 X141.3 Y120 E.20986
G1 X141.3 Y137.55 E2.37619
G1 X138.2 Y137.55 E.41973
G1 X138.2 Y118.57 E2.5698
M204 S8000
G1 X138.991 Y118.451 F18000
G1 E-2 F2400
G1 X139.75 Y136 F18000
G1 E2 F2400
M204 S4000
;TYPE:Perimeter
;WIDTH:0.743365
G1 F3600
G1 X139.75 Y120 E1.74955
M204 S8000
G1 E-2 F2400
G1 X116.986 Y119.264 F18000
G1 E2 F2400
M204 S4000
;WIDTH:0.9
G1 F900
G1 X116.986 Y120 E.09965
G1 X116.986 Y136.736 E2.26597
G1 X115.514 Y136.736 E.1993
G1 X115.514 Y119.264 E2.36562
G1 X116.866 Y119.264 E.18305
M204 S8000
G1 X116.866 Y119.264 F18000
G1 X117.8 Y118.45
M204 S3000
;TYPE:External perimeter
G1 F2400
G1 X117.8 Y120 E.20986
G1 X117.8 Y137.55 E2.37619
G1 X114.7 Y137.55 E.41973
G1 X114.7 Y118.45 E2.58605
G1 X117.68 Y118.45 E.40348
M204 S8000
G1 X117.799 Y119.241 F18000
G1 E-2 F2400
G1 X116.25 Y136 F18000
G1 E2 F2400
M204 S4000
;TYPE:Perimeter
;WIDTH:0.743365
G1 F3600
G1 X116.25 Y120 E1.74955
M204 S8000
;LAYER_CHANGE
;Z:16.4
;HEIGHT:0.4
G1 Z16.4 F18000
G1 E-2 F2400
G1 Z16.4 F18000
G1 X139.014 Y119.264
G1 Z16.4
G1 E2 F2400
M204 S4000
;WIDTH:0.9
G1 F900
G1 X140.486 Y119.264 E.1993
G1 X140.486 Y120 E.09965
G1 X140.486 Y136.736 E2.26597
G1 X139.014 Y136.736 E.1993
G1 X139.014 Y119.384 E2.34938
M204 S8000
G1 X139.014 Y119.384 F18000
G1 X138.2 Y118.45
M204 S3000
;TYPE:External perimeter
G1 F2400
G1 X141.3 Y118.45 E.41973
G1 X141.3 Y120 E.20986
G1 X141.3 Y137.55 E2.37619
G1 X138.2 Y137.55 E.41973
G1 X138.2 Y118.57 E2.5698
M204 S8000
G1 X138.991 Y118.451 F18000
G1 E-2 F2400
G1 X139.75 Y136 F18000
G1 E2 F2400
M204 S4000
;TYPE:Perimeter
;WIDTH:0.743365
G1 F3600
G1 X139.75 Y120 E1.74955
M204 S8000
G1 E-2 F2400
G1 X116.986 Y119.264 F18000
G1 E2 F2400
M204 S4000
;WIDTH:0.9
G1 F900
G1 X116.986 Y120 E.09965
G1 X116.986 Y136.736 E2.26597
G1 X115.514 Y136.736 E.1993
G1 X115.514 Y119.264 E2.36562
G1 X116.866 Y119.264 E.18305
M204 S8000
G1 X116.866 Y119.264 F18000
G1 X117.8 Y118.45
M204 S3000
;TYPE:External perimeter
G1 F2400
G1 X117.8 Y120 E.20986
G1 X117.8 Y137.55 E2.37619
G1 X114.7 Y137.55 E.41973
G1 X114.7 Y118.45 E2.58605
G1 X117.68 Y118.45 E.40348
M204 S8000
G1 X117.799 Y119.241 F18000
G1 E-2 F2400
G1 X116.25 Y136 F18000
G1 E2 F2400
M204 S4000
;TYPE:Perimeter
;WIDTH:0.743365
G1 F3600
G1 X116.25 Y120 E1.74955
M204 S8000
;LAYER_CHANGE
;Z:16.8
;HEIGHT:0.4
G1 Z16.8 F18000
G1 E-2 F2400
G1 Z16.8 F18000
G1 X139.014 Y119.264
G1 Z16.8
G1 E2 F2400
M204 S4000
;WIDTH:0.9
G1 F900
G1 X140.486 Y119.264 E.1993
G1 X140.486 Y120 E.09965
G1 X140.486 Y136.736 E2.26597
G1 X139.014 Y136.736 E.1993
G1 X139.014 Y119.384 E2.34938
M204 S8000
G1 X139.014 Y119.384 F18000
G1 X138.2 Y118.45
M204 S3000
;TYPE:External perimeter
G1 F2400
G1 X141.3 Y118.45 E.41973
G1 X141.3 Y120 E.20986
G1 X141.3 Y137.55 E2.37619
G1 X138.2 Y137.55 E.41973
G1 X138.2 Y118.57 E2.5698
M204 S8000
G1 X138.991 Y118.451 F18000
G1 E-2 F2400
G1 X139.75 Y136 F18000
G1 E2 F2400
M204 S4000
;TYPE:Perimeter
;WIDTH:0.743365
G1 F3600
G1 X139.75 Y120 E1.74955
M204 S8000
G1 E-2 F2400
G1 X116.986 Y119.264 F18000
G1 E2 F2400
M204 S4000
;WIDTH:0.9
G1 F900
G1 X116.986 Y120 E.09965
G1 X116.986 Y136.736 E2.26597
G1 X115.514 Y136.736 E.1993
G1 X115.514 Y119.264 E2.36562
G1 X116.866 Y119.264 E.18305
M204 S8000
G1 X116.866 Y119.264 F18000
G1 X117.8 Y118.45
M204 S3000
;TYPE:External perimeter
G1 F2400
G1 X117.8 Y120 E.20986
G1 X117.8 Y137.55 E2.37619
G1 X114.7 Y137.55 E.41973
G1 X114.7 Y118.45 E2.58605
G1 X117.68 Y118.45 E.40348
M204 S8000
G1 X117.799 Y119.241 F18000
G1 E-2 F2400
G1 X116.25 Y136 F18000
G1 E2 F2400
M204 S4000
;TYPE:Perimeter
;WIDTH:0.743365
G1 F3600
G1 X116.25 Y120 E1.74955
M204 S8000
;LAYER_CHANGE
;Z:17.2
;HEIGHT:0.400002
G1 Z17.2 F18000
G1 E-2 F2400
G1 Z17.2 F18000
G1 X139.014 Y119.264
G1 Z17.2
G1 E2 F2400
M204 S4000
;WIDTH:0.9
G1 F900
G1 X140.486 Y119.264 E.1993
G1 X140.486 Y120 E.09965
G1 X140.486 Y136.736 E2.26597
G1 X139.014 Y136.736 E.1993
G1 X139.014 Y119.384 E2.34938
M204 S8000
G1 X139.014 Y119.384 F18000
G1 X138.2 Y118.45
M204 S3000
;TYPE:External perimeter
G1 F2400
G1 X141.3 Y118.45 E.41973
G1 X141.3 Y120 E.20986
G1 X141.3 Y137.55 E2.37619
G1 X138.2 Y137.55 E.41973
G1 X138.2 Y118.57 E2.5698
M204 S8000
G1 X138.991 Y118.451 F18000
G1 E-2 F2400
G1 X139.75 Y136 F18000
G1 E2 F2400
M204 S4000
;TYPE:Perimeter
;WIDTH:0.743365
G1 F3600
G1 X139.75 Y120 E1.74955
M204 S8000
G1 E-2 F2400
G1 X116.986 Y119.264 F18000
G1 E2 F2400
M204 S4000
;WIDTH:0.9
G1 F900
G1 X116.986 Y120 E.09965
G1 X116.986 Y136.736 E2.26597
G1 X115.514 Y136.736 E.1993
G1 X115.514 Y119.264 E2.36562
G1 X116.866 Y119.264 E.18305
M204 S8000
G1 X116.866 Y119.264 F18000
G1 X117.8 Y118.45
M204 S3000
;TYPE:External perimeter
G1 F2400
G1 X117.8 Y120 E.20986
G1 X117.8 Y137.55 E2.37619
G1 X114.7 Y137.55 E.41973
G1 X114.7 Y118.45 E2.58605
G1 X117.68 Y118.45 E.40348
M204 S8000
G1 X117.799 Y119.241 F18000
G1 E-2 F2400
G1 X116.25 Y136 F18000
G1 E2 F2400
M204 S4000
;TYPE:Perimeter
;WIDTH:0.743365
G1 F3600
G1 X116.25 Y120 E1.74955
M204 S8000
;LAYER_CHANGE
;Z:17.6
;HEIGHT:0.4
G1 Z17.6 F18000
G1 E-2 F2400
G1 Z17.6 F18000
G1 X139.014 Y119.264
G1 Z17.6
G1 E2 F2400
M204 S4000
;WIDTH:0.9
G1 F900
G1 X140.486 Y119.264 E.1993
G1 X140.486 Y120 E.09965
G1 X140.486 Y136.736 E2.26597
G1 X139.014 Y136.736 E.1993
G1 X139.014 Y119.384 E2.34938
M204 S8000
G1 X139.014 Y119.384 F18000
G1 X138.2 Y118.45
M204 S3000
;TYPE:External perimeter
G1 F2400
G1 X141.3 Y118.45 E.41973
G1 X141.3 Y120 E.20986
G1 X141.3 Y137.55 E2.37619
G1 X138.2 Y137.55 E.41973
G1 X138.2 Y118.57 E2.5698
M204 S8000
G1 X138.991 Y118.451 F18000
G1 E-2 F2400
G1 X139.75 Y136 F18000
G1 E2 F2400
M204 S4000
;TYPE:Perimeter
;WIDTH:0.743365
G1 F3600
G1 X139.75 Y120 E1.74955
M204 S8000
G1 E-2 F2400
G1 X116.986 Y119.264 F18000
G1 E2 F2400
M204 S4000
;WIDTH:0.9
G1 F900
G1 X116.986 Y120 E.09965
G1 X116.986 Y136.736 E2.26597
G1 X115.514 Y136.736 E.1993
G1 X115.514 Y119.264 E2.36562
G1 X116.866 Y119.264 E.18305
M204 S8000
G1 X116.866 Y119.264 F18000
G1 X117.8 Y118.45
M204 S3000
;TYPE:External perimeter
G1 F2400
G1 X117.8 Y120 E.20986
G1 X117.8 Y137.55 E2.37619
G1 X114.7 Y137.55 E.41973
G1 X114.7 Y118.45 E2.58605
G1 X117.68 Y118.45 E.40348
M204 S8000
G1 X117.799 Y119.241 F18000
G1 E-2 F2400
G1 X116.25 Y136 F18000
G1 E2 F2400
M204 S4000
;TYPE:Perimeter
;WIDTH:0.743365
G1 F3600
G1 X116.25 Y120 E1.74955
M204 S8000
;LAYER_CHANGE
;Z:18
;HEIGHT:0.4
G1 Z18 F18000
G1 E-2 F2400
G1 Z18 F18000
G1 X139.014 Y119.264
G1 Z18
G1 E2 F2400
M204 S4000
;WIDTH:0.9
G1 F900
G1 X140.486 Y119.264 E.1993
G1 X140.486 Y120 E.09965
G1 X140.486 Y136.736 E2.26597
G1 X139.014 Y136.736 E.1993
G1 X139.014 Y119.384 E2.34938
M204 S8000
G1 X139.014 Y119.384 F18000
G1 X138.2 Y118.45
M204 S3000
;TYPE:External perimeter
G1 F2400
G1 X141.3 Y118.45 E.41973
G1 X141.3 Y120 E.20986
G1 X141.3 Y137.55 E2.37619
G1 X138.2 Y137.55 E.41973
G1 X138.2 Y118.57 E2.5698
M204 S8000
G1 X138.991 Y118.451 F18000
G1 E-2 F2400
G1 X139.75 Y136 F18000
G1 E2 F2400
M204 S4000
;TYPE:Perimeter
;WIDTH:0.743365
G1 F3600
G1 X139.75 Y120 E1.74955
M204 S8000
G1 E-2 F2400
G1 X116.986 Y119.264 F18000
G1 E2 F2400
M204 S4000
;WIDTH:0.9
G1 F900
G1 X116.986 Y120 E.09965
G1 X116.986 Y136.736 E2.26597
G1 X115.514 Y136.736 E.1993
G1 X115.514 Y119.264 E2.36562
G1 X116.866 Y119.264 E.18305
M204 S8000
G1 X116.866 Y119.264 F18000
G1 X117.8 Y118.45
M204 S3000
;TYPE:External perimeter
G1 F2400
G1 X117.8 Y120 E.20986
G1 X117.8 Y137.55 E2.37619
G1 X114.7 Y137.55 E.41973
G1 X114.7 Y118.45 E2.58605
G1 X117.68 Y118.45 E.40348
M204 S8000
G1 X117.799 Y119.241 F18000
G1 E-2 F2400
G1 X116.25 Y136 F18000
G1 E2 F2400
M204 S4000
;TYPE:Perimeter
;WIDTH:0.743365
G1 F3600
G1 X116.25 Y120 E1.74955
M204 S8000
;LAYER_CHANGE
;Z:18.4
;HEIGHT:0.4
G1 Z18.4 F18000
G1 E-2 F2400
G1 Z18.4 F18000
G1 X139.014 Y119.264
G1 Z18.4
G1 E2 F2400
M204 S4000
;WIDTH:0.9
G1 F900
G1 X140.486 Y119.264 E.1993
G1 X140.486 Y120 E.09965
G1 X140.486 Y136.736 E2.26597
G1 X139.014 Y136.736 E.1993
G1 X139.014 Y119.384 E2.34938
M204 S8000
G1 X139.014 Y119.384 F18000
G1 X138.2 Y118.45
M204 S3000
;TYPE:External perimeter
G1 F2400
G1 X141.3 Y118.45 E.41973
G1 X141.3 Y120 E.20986
G1 X141.3 Y137.55 E2.37619
G1 X138.2 Y137.55 E.41973
G1 X138.2 Y118.57 E2.5698
M204 S8000
G1 X138.991 Y118.451 F18000
G1 E-2 F2400
G1 X139.75 Y136 F18000
G1 E2 F2400
M204 S4000
;TYPE:Perimeter
;WIDTH:0.743365
G1 F3600
G1 X139.75 Y120 E1.74955
M204 S8000
G1 E-2 F2400
G1 X116.986 Y119.264 F18000
G1 E2 F2400
M204 S4000
;WIDTH:0.9
G1 F900
G1 X116.986 Y120 E.09965
G1 X116.986 Y136.736 E2.26597
G1 X115.514 Y136.736 E.1993
G1 X115.514 Y119.264 E2.36562
G1 X116.866 Y119.264 E.18305
M204 S8000
G1 X116.866 Y119.264 F18000
G1 X117.8 Y118.45
M204 S3000
;TYPE:External perimeter
G1 F2400
G1 X117.8 Y120 E.20986
G1 X117.8 Y137.55 E2.37619
G1 X114.7 Y137.55 E.41973
G1 X114.7 Y118.45 E2.58605
G1 X117.68 Y118.45 E.40348
M204 S8000
G1 X117.799 Y119.241 F18000
G1 E-2 F2400
G1 X116.25 Y136 F18000
G1 E2 F2400
M204 S4000
;TYPE:Perimeter
;WIDTH:0.743365
G1 F3600
G1 X116.25 Y120 E1.74955
M204 S8000
;LAYER_CHANGE
;Z:18.8
;HEIGHT:0.4
G1 Z18.8 F18000
G1 E-2 F2400
G1 Z18.8 F18000
G1 X139.014 Y119.264
G1 Z18.8
G1 E2 F2400
M204 S4000
;WIDTH:0.9
G1 F900
G1 X140.486 Y119.264 E.1993
G1 X140.486 Y120 E.09965
G1 X140.486 Y136.736 E2.26597
G1 X139.014 Y136.736 E.1993
G1 X139.014 Y119.384 E2.34938
M204 S8000
G1 X139.014 Y119.384 F18000
G1 X138.2 Y118.45
M204 S3000
;TYPE:External perimeter
G1 F2400
G1 X141.3 Y118.45 E.41973
G1 X141.3 Y120 E.20986
G1 X141.3 Y137.55 E2.37619
G1 X138.2 Y137.55 E.41973
G1 X138.2 Y118.57 E2.5698
M204 S8000
G1 X138.991 Y118.451 F18000
G1 E-2 F2400
G1 X139.75 Y136 F18000
G1 E2 F2400
M204 S4000
;TYPE:Perimeter
;WIDTH:0.743365
G1 F3600
G1 X139.75 Y120 E1.74955
M204 S8000
G1 E-2 F2400
G1 X116.986 Y119.264 F18000
G1 E2 F2400
M204 S4000
;WIDTH:0.9
G1 F900
G1 X116.986 Y120 E.09965
G1 X116.986 Y136.736 E2.26597
G1 X115.514 Y136.736 E.1993
G1 X115.514 Y119.264 E2.36562
G1 X116.866 Y119.264 E.18305
M204 S8000
G1 X116.866 Y119.264 F18000
G1 X117.8 Y118.45
M204 S3000
;TYPE:External perimeter
G1 F2400
G1 X117.8 Y120 E.20986
G1 X117.8 Y137.55 E2.37619
G1 X114.7 Y137.55 E.41973
G1 X114.7 Y118.45 E2.58605
G1 X117.68 Y118.45 E.40348
M204 S8000
G1 X117.799 Y119.241 F18000
G1 E-2 F2400
G1 X116.25 Y136 F18000
G1 E2 F2400
M204 S4000
;TYPE:Perimeter
;WIDTH:0.743365
G1 F3600
G1 X116.25 Y120 E1.74955
M204 S8000
;LAYER_CHANGE
;Z:19.2
;HEIGHT:0.400002
G1 Z19.2 F18000
G1 E-2 F2400
G1 Z19.2 F18000
G1 X139.014 Y119.264
G1 Z19.2
G1 E2 F2400
M204 S4000
;WIDTH:0.9
G1 F900
G1 X140.486 Y119.264 E.1993
G1 X140.486 Y120 E.09965
G1 X140.486 Y136.736 E2.26597
G1 X139.014 Y136.736 E.1993
G1 X139.014 Y119.384 E2.34938
M204 S8000
G1 X139.014 Y119.384 F18000
G1 X138.2 Y118.45
M204 S3000
;TYPE:External perimeter
G1 F2400
G1 X141.3 Y118.45 E.41973
G1 X141.3 Y120 E.20986
G1 X141.3 Y137.55 E2.37619
G1 X138.2 Y137.55 E.41973
G1 X138.2 Y118.57 E2.5698
M204 S8000
G1 X138.991 Y118.451 F18000
G1 E-2 F2400
G1 X139.75 Y136 F18000
G1 E2 F2400
M204 S4000
;TYPE:Perimeter
;WIDTH:0.743365
G1 F3600
G1 X139.75 Y120 E1.74955
M204 S8000
G1 E-2 F2400
G1 X116.986 Y119.264 F18000
G1 E2 F2400
M204 S4000
;WIDTH:0.9
G1 F900
G1 X116.986 Y120 E.09965
G1 X116.986 Y136.736 E2.26597
G1 X115.514 Y136.736 E.1993
G1 X115.514 Y119.264 E2.36562
G1 X116.866 Y119.264 E.18305
M204 S8000
G1 X116.866 Y119.264 F18000
G1 X117.8 Y118.45
M204 S3000
;TYPE:External perimeter
G1 F2400
G1 X117.8 Y120 E.20986
G1 X117.8 Y137.55 E2.37619
G1 X114.7 Y137.55 E.41973
G1 X114.7 Y118.45 E2.58605
G1 X117.68 Y118.45 E.40348
M204 S8000
G1 X117.799 Y119.241 F18000
G1 E-2 F2400
G1 X116.25 Y136 F18000
G1 E2 F2400
M204 S4000
;TYPE:Perimeter
;WIDTH:0.743365
G1 F3600
G1 X116.25 Y120 E1.74955
M204 S8000
;LAYER_CHANGE
;Z:19.6
;HEIGHT:0.4
G1 Z19.6 F18000
G1 E-2 F2400
G1 Z19.6 F18000
G1 X139.014 Y119.264
G1 Z19.6
G1 E2 F2400
M204 S4000
;WIDTH:0.9
G1 F900
G1 X140.486 Y119.264 E.1993
G1 X140.486 Y120 E.09965
G1 X140.486 Y136.736 E2.26597
G1 X139.014 Y136.736 E.1993
G1 X139.014 Y119.384 E2.34938
M204 S8000
G1 X139.014 Y119.384 F18000
G1 X138.2 Y118.45
M204 S3000
;TYPE:External perimeter
G1 F2400
G1 X141.3 Y118.45 E.41973
G1 X141.3 Y120 E.20986
G1 X141.3 Y137.55 E2.37619
G1 X138.2 Y137.55 E.41973
G1 X138.2 Y118.57 E2.5698
M204 S8000
G1 X138.991 Y118.451 F18000
G1 E-2 F2400
G1 X139.75 Y136 F18000
G1 E2 F2400
M204 S4000
;TYPE:Perimeter
;WIDTH:0.743365
G1 F3600
G1 X139.75 Y120 E1.74955
M204 S8000
G1 E-2 F2400
G1 X116.986 Y119.264 F18000
G1 E2 F2400
M204 S4000
;WIDTH:0.9
G1 F900
G1 X116.986 Y120 E.09965
G1 X116.986 Y136.736 E2.26597
G1 X115.514 Y136.736 E.1993
G1 X115.514 Y119.264 E2.36562
G1 X116.866 Y119.264 E.18305
M204 S8000
G1 X116.866 Y119.264 F18000
G1 X117.8 Y118.45
M204 S3000
;TYPE:External perimeter
G1 F2400
G1 X117.8 Y120 E.20986
G1 X117.8 Y137.55 E2.37619
G1 X114.7 Y137.55 E.41973
G1 X114.7 Y118.45 E2.58605
G1 X117.68 Y118.45 E.40348
M204 S8000
G1 X117.799 Y119.241 F18000
G1 E-2 F2400
G1 X116.25 Y136 F18000
G1 E2 F2400
M204 S4000
;TYPE:Perimeter
;WIDTH:0.743365
G1 F3600
G1 X116.25 Y120 E1.74955
M204 S8000
;LAYER_CHANGE
;Z:20
;HEIGHT:0.4
G1 Z20 F18000
G1 E-2 F2400
G1 Z20 F18000
G1 X139.014 Y119.264
G1 Z20
G1 E2 F2400
M204 S4000
;WIDTH:0.9
G1 F900
G1 X140.486 Y119.264 E.1993
G1 X140.486 Y120 E.09965
G1 X140.486 Y136.736 E2.26597
G1 X139.014 Y136.736 E.1993
G1 X139.014 Y119.384 E2.34938
M204 S8000
G1 X139.014 Y119.384 F18000
G1 X138.2 Y118.45
M204 S3000
;TYPE:External perimeter
G1 F2400
G1 X141.3 Y118.45 E.41973
G1 X141.3 Y120 E.20986
G1 X141.3 Y137.55 E2.37619
G1 X138.2 Y137.55 E.41973
G1 X138.2 Y118.57 E2.5698
M204 S8000
G1 X138.991 Y118.451 F18000
G1 E-2 F2400
G1 X139.75 Y136 F18000
G1 E2 F2400
M204 S4000
;TYPE:Perimeter
;WIDTH:0.743365
G1 F3600
G1 X139.75 Y120 E1.74955
M204 S8000
G1 E-2 F2400
G1 X116.986 Y119.264 F18000
G1 E2 F2400
M204 S4000
;WIDTH:0.9
G1 F900
G1 X116.986 Y120 E.09965
G1 X116.986 Y136.736 E2.26597
G1 X115.514 Y136.736 E.1993
G1 X115.514 Y119.264 E2.36562
G1 X116.866 Y119.264 E.18305
M204 S8000
G1 X116.866 Y119.264 F18000
G1 X117.8 Y118.45
M204 S3000
;TYPE:External perimeter
G1 F2400
G1 X117.8 Y120 E.20986
G1 X117.8 Y137.55 E2.37619
G1 X114.7 Y137.55 E.41973
G1 X114.7 Y118.45 E2.58605
G1 X117.68 Y118.45 E.40348
M204 S8000
G1 X117.799 Y119.241 F18000
G1 E-2 F2400
G1 X116.25 Y136 F18000
G1 E2 F2400
M204 S4000
;TYPE:Perimeter
;WIDTH:0.743365
G1 F3600
G1 X116.25 Y120 E1.74955
M204 S8000
;LAYER_CHANGE
;Z:20.4
;HEIGHT:0.4
G1 Z20.4 F18000
G1 E-2 F2400
G1 Z20.4 F18000
G1 X139.014 Y119.264
G1 Z20.4
G1 E2 F2400
M204 S4000
;WIDTH:0.9
G1 F900
G1 X140.486 Y119.264 E.1993
G1 X140.486 Y120 E.09965
G1 X140.486 Y136.736 E2.26597
G1 X139.014 Y136.736 E.1993
G1 X139.014 Y119.384 E2.34938
M204 S8000
G1 X139.014 Y119.384 F18000
G1 X138.2 Y118.45
M204 S3000
;TYPE:External perimeter
G1 F2400
G1 X141.3 Y118.45 E.41973
G1 X141.3 Y120 E.20986
G1 X141.3 Y137.55 E2.37619
G1 X138.2 Y137.55 E.41973
G1 X138.2 Y118.57 E2.5698
M204 S8000
G1 X138.991 Y118.451 F18000
G1 E-2 F2400
G1 X139.75 Y136 F18000
G1 E2 F2400
M204 S4000
;TYPE:Perimeter
;WIDTH:0.743365
G1 F3600
G1 X139.75 Y120 E1.74955
M204 S8000
G1 E-2 F2400
G1 X116.986 Y119.264 F18000
G1 E2 F2400
M204 S4000
;WIDTH:0.9
G1 F900
G1 X116.986 Y120 E.09965
G1 X116.986 Y136.736 E2.26597
G1 X115.514 Y136.736 E.1993
G1 X115.514 Y119.264 E2.36562
G1 X116.866 Y119.264 E.18305
M204 S8000
G1 X116.866 Y119.264 F18000
G1 X117.8 Y118.45
M204 S3000
;TYPE:External perimeter
G1 F2400
G1 X117.8 Y120 E.20986
G1 X117.8 Y137.55 E2.37619
G1 X114.7 Y137.55 E.41973
G1 X114.7 Y118.45 E2.58605
G1 X117.68 Y118.45 E.40348
M204 S8000
G1 X117.799 Y119.241 F18000
G1 E-2 F2400
G1 X116.25 Y136 F18000
G1 E2 F2400
M204 S4000
;TYPE:Perimeter
;WIDTH:0.743365
G1 F3600
G1 X116.25 Y120 E1.74955
M204 S8000
;LAYER_CHANGE
;Z:20.8
;HEIGHT:0.4
G1 Z20.8 F18000
G1 E-2 F2400
G1 Z20.8 F18000
G1 X139.014 Y119.264
G1 Z20.8
G1 E2 F2400
M204 S4000
;WIDTH:0.9
G1 F900
G1 X140.486 Y119.264 E.1993
G1 X140.486 Y120 E.09965
G1 X140.486 Y136.736 E2.26597
G1 X139.014 Y136.736 E.1993
G1 X139.014 Y119.384 E2.34938
M204 S8000
G1 X139.014 Y119.384 F18000
G1 X138.2 Y118.45
M204 S3000
;TYPE:External perimeter
G1 F2400
G1 X141.3 Y118.45 E.41973
G1 X141.3 Y120 E.20986
G1 X141.3 Y137.55 E2.37619
G1 X138.2 Y137.55 E.41973
G1 X138.2 Y118.57 E2.5698
M204 S8000
G1 X138.991 Y118.451 F18000
G1 E-2 F2400
G1 X139.75 Y136 F18000
G1 E2 F2400
M204 S4000
;TYPE:Perimeter
;WIDTH:0.743365
G1 F3600
G1 X139.75 Y120 E1.74955
M204 S8000
G1 E-2 F2400
G1 X116.986 Y119.264 F18000
G1 E2 F2400
M204 S4000
;WIDTH:0.9
G1 F900
G1 X116.986 Y120 E.09965
G1 X116.986 Y136.736 E2.26597
G1 X115.514 Y136.736 E.1993
G1 X115.514 Y119.264 E2.36562
G1 X116.866 Y119.264 E.18305
M204 S8000
G1 X116.866 Y119.264 F18000
G1 X117.8 Y118.45
M204 S3000
;TYPE:External perimeter
G1 F2400
G1 X117.8 Y120 E.20986
G1 X117.8 Y137.55 E2.37619
G1 X114.7 Y137.55 E.41973
G1 X114.7 Y118.45 E2.58605
G1 X117.68 Y118.45 E.40348
M204 S8000
G1 X117.799 Y119.241 F18000
G1 E-2 F2400
G1 X116.25 Y136 F18000
G1 E2 F2400
M204 S4000
;TYPE:Perimeter
;WIDTH:0.743365
G1 F3600
G1 X116.25 Y120 E1.74955
M204 S8000
;LAYER_CHANGE
;Z:21.2
;HEIGHT:0.400002
G1 Z21.2 F18000
G1 E-2 F2400
G1 Z21.2 F18000
G1 X139.014 Y119.264
G1 Z21.2
G1 E2 F2400
M204 S4000
;WIDTH:0.9
G1 F900
G1 X140.486 Y119.264 E.1993
G1 X140.486 Y120 E.09965
G1 X140.486 Y136.736 E2.26597
G1 X139.014 Y136.736 E.1993
G1 X139.014 Y119.384 E2.34938
M204 S8000
G1 X139.014 Y119.384 F18000
G1 X138.2 Y118.45
M204 S3000
;TYPE:External perimeter
G1 F2400
G1 X141.3 Y118.45 E.41973
G1 X141.3 Y120 E.20986
G1 X141.3 Y137.55 E2.37619
G1 X138.2 Y137.55 E.41973
G1 X138.2 Y118.57 E2.5698
M204 S8000
G1 X138.991 Y118.451 F18000
G1 E-2 F2400
G1 X139.75 Y136 F18000
G1 E2 F2400
M204 S4000
;TYPE:Perimeter
;WIDTH:0.743365
G1 F3600
G1 X139.75 Y120 E1.74955
M204 S8000
G1 E-2 F2400
G1 X116.986 Y119.264 F18000
G1 E2 F2400
M204 S4000
;WIDTH:0.9
G1 F900
G1 X116.986 Y120 E.09965
G1 X116.986 Y136.736 E2.26597
G1 X115.514 Y136.736 E.1993
G1 X115.514 Y119.264 E2.36562
G1 X116.866 Y119.264 E.18305
M204 S8000
G1 X116.866 Y119.264 F18000
G1 X117.8 Y118.45
M204 S3000
;TYPE:External perimeter
G1 F2400
G1 X117.8 Y120 E.20986
G1 X117.8 Y137.55 E2.37619
G1 X114.7 Y137.55 E.41973
G1 X114.7 Y118.45 E2.58605
G1 X117.68 Y118.45 E.40348
M204 S8000
G1 X117.799 Y119.241 F18000
G1 E-2 F2400
G1 X116.25 Y136 F18000
G1 E2 F2400
M204 S4000
;TYPE:Perimeter
;WIDTH:0.743365
G1 F3600
G1 X116.25 Y120 E1.74955
M204 S8000
;LAYER_CHANGE
;Z:21.6
;HEIGHT:0.4
G1 Z21.6 F18000
G1 E-2 F2400
G1 Z21.6 F18000
G1 X139.014 Y119.264
G1 Z21.6
G1 E2 F2400
M204 S4000
;WIDTH:0.9
G1 F900
G1 X140.486 Y119.264 E.1993
G1 X140.486 Y120 E.09965
G1 X140.486 Y136.736 E2.26597
G1 X139.014 Y136.736 E.1993
G1 X139.014 Y119.384 E2.34938
M204 S8000
G1 X139.014 Y119.384 F18000
G1 X138.2 Y118.45
M204 S3000
;TYPE:External perimeter
G1 F2400
G1 X141.3 Y118.45 E.41973
G1 X141.3 Y120 E.20986
G1 X141.3 Y137.55 E2.37619
G1 X138.2 Y137.55 E.41973
G1 X138.2 Y118.57 E2.5698
M204 S8000
G1 X138.991 Y118.451 F18000
G1 E-2 F2400
G1 X139.75 Y136 F18000
G1 E2 F2400
M204 S4000
;TYPE:Perimeter
;WIDTH:0.743365
G1 F3600
G1 X139.75 Y120 E1.74955
M204 S8000
G1 E-2 F2400
G1 X116.986 Y119.264 F18000
G1 E2 F2400
M204 S4000
;WIDTH:0.9
G1 F900
G1 X116.986 Y120 E.09965
G1 X116.986 Y136.736 E2.26597
G1 X115.514 Y136.736 E.1993
G1 X115.514 Y119.264 E2.36562
G1 X116.866 Y119.264 E.18305
M204 S8000
G1 X116.866 Y119.264 F18000
G1 X117.8 Y118.45
M204 S3000
;TYPE:External perimeter
G1 F2400
G1 X117.8 Y120 E.20986
G1 X117.8 Y137.55 E2.37619
G1 X114.7 Y137.55 E.41973
G1 X114.7 Y118.45 E2.58605
G1 X117.68 Y118.45 E.40348
M204 S8000
G1 X117.799 Y119.241 F18000
G1 E-2 F2400
G1 X116.25 Y136 F18000
G1 E2 F2400
M204 S4000
;TYPE:Perimeter
;WIDTH:0.743365
G1 F3600
G1 X116.25 Y120 E1.74955
M204 S8000
;LAYER_CHANGE
;Z:22
;HEIGHT:0.4
G1 Z22 F18000
G1 E-2 F2400
G1 Z22 F18000
G1 X139.014 Y119.264
G1 Z22
G1 E2 F2400
M204 S4000
;WIDTH:0.9
G1 F900
G1 X140.486 Y119.264 E.1993
G1 X140.486 Y120 E.09965
G1 X140.486 Y136.736 E2.26597
G1 X139.014 Y136.736 E.1993
G1 X139.014 Y119.384 E2.34938
M204 S8000
G1 X139.014 Y119.384 F18000
G1 X138.2 Y118.45
M204 S3000
;TYPE:External perimeter
G1 F2400
G1 X141.3 Y118.45 E.41973
G1 X141.3 Y120 E.20986
G1 X141.3 Y137.55 E2.37619
G1 X138.2 Y137.55 E.41973
G1 X138.2 Y118.57 E2.5698
M204 S8000
G1 X138.991 Y118.451 F18000
G1 E-2 F2400
G1 X139.75 Y136 F18000
G1 E2 F2400
M204 S4000
;TYPE:Perimeter
;WIDTH:0.743365
G1 F3600
G1 X139.75 Y120 E1.74955
M204 S8000
G1 E-2 F2400
G1 X116.986 Y119.264 F18000
G1 E2 F2400
M204 S4000
;WIDTH:0.9
G1 F900
G1 X116.986 Y120 E.09965
G1 X116.986 Y136.736 E2.26597
G1 X115.514 Y136.736 E.1993
G1 X115.514 Y119.264 E2.36562
G1 X116.866 Y119.264 E.18305
M204 S8000
G1 X116.866 Y119.264 F18000
G1 X117.8 Y118.45
M204 S3000
;TYPE:External perimeter
G1 F2400
G1 X117.8 Y120 E.20986
G1 X117.8 Y137.55 E2.37619
G1 X114.7 Y137.55 E.41973
G1 X114.7 Y118.45 E2.58605
G1 X117.68 Y118.45 E.40348
M204 S8000
G1 X117.799 Y119.241 F18000
G1 E-2 F2400
G1 X116.25 Y136 F18000
G1 E2 F2400
M204 S4000
;TYPE:Perimeter
;WIDTH:0.743365
G1 F3600
G1 X116.25 Y120 E1.74955
M204 S8000
;LAYER_CHANGE
;Z:22.4
;HEIGHT:0.4
G1 Z22.4 F18000
G1 E-2 F2400
G1 Z22.4 F18000
G1 X139.014 Y119.264
G1 Z22.4
G1 E2 F2400
M204 S4000
;WIDTH:0.9
G1 F900
G1 X140.486 Y119.264 E.1993
G1 X140.486 Y120 E.09965
G1 X140.486 Y136.736 E2.26597
G1 X139.014 Y136.736 E.1993
G1 X139.014 Y119.384 E2.34938
M204 S8000
G1 X139.014 Y119.384 F18000
G1 X138.2 Y118.45
M204 S3000
;TYPE:External perimeter
G1 F2400
G1 X141.3 Y118.45 E.41973
G1 X141.3 Y120 E.20986
G1 X141.3 Y137.55 E2.37619
G1 X138.2 Y137.55 E.41973
G1 X138.2 Y118.57 E2.5698
M204 S8000
G1 X138.991 Y118.451 F18000
G1 E-2 F2400
G1 X139.75 Y136 F18000
G1 E2 F2400
M204 S4000
;TYPE:Perimeter
;WIDTH:0.743365
G1 F3600
G1 X139.75 Y120 E1.74955
M204 S8000
G1 E-2 F2400
G1 X116.986 Y119.264 F18000
G1 E2 F2400
M204 S4000
;WIDTH:0.9
G1 F900
G1 X116.986 Y120 E.09965
G1 X116.986 Y136.736 E2.26597
G1 X115.514 Y136.736 E.1993
G1 X115.514 Y119.264 E2.36562
G1 X116.866 Y119.264 E.18305
M204 S8000
G1 X116.866 Y119.264 F18000
G1 X117.8 Y118.45
M204 S3000
;TYPE:External perimeter
G1 F2400
G1 X117.8 Y120 E.20986
G1 X117.8 Y137.55 E2.37619
G1 X114.7 Y137.55 E.41973
G1 X114.7 Y118.45 E2.58605
G1 X117.68 Y118.45 E.40348
M204 S8000
G1 X117.799 Y119.241 F18000
G1 E-2 F2400
G1 X116.25 Y136 F18000
G1 E2 F2400
M204 S4000
;TYPE:Perimeter
;WIDTH:0.743365
G1 F3600
G1 X116.25 Y120 E1.74955
M204 S8000
;LAYER_CHANGE
;Z:22.8
;HEIGHT:0.4
G1 Z22.8 F18000
G1 E-2 F2400
G1 Z22.8 F18000
G1 X139.014 Y119.264
G1 Z22.8
G1 E2 F2400
M204 S4000
;WIDTH:0.9
G1 F900
G1 X140.486 Y119.264 E.1993
G1 X140.486 Y120 E.09965
G1 X140.486 Y136.736 E2.26597
G1 X139.014 Y136.736 E.1993
G1 X139.014 Y119.384 E2.34938
M204 S8000
G1 X139.014 Y119.384 F18000
G1 X138.2 Y118.45
M204 S3000
;TYPE:External perimeter
G1 F2400
G1 X141.3 Y118.45 E.41973
G1 X141.3 Y120 E.20986
G1 X141.3 Y137.55 E2.37619
G1 X138.2 Y137.55 E.41973
G1 X138.2 Y118.57 E2.5698
M204 S8000
G1 X138.991 Y118.451 F18000
G1 E-2 F2400
G1 X139.75 Y136 F18000
G1 E2 F2400
M204 S4000
;TYPE:Perimeter
;WIDTH:0.743365
G1 F3600
G1 X139.75 Y120 E1.74955
M204 S8000
G1 E-2 F2400
G1 X116.986 Y119.264 F18000
G1 E2 F2400
M204 S4000
;WIDTH:0.9
G1 F900
G1 X116.986 Y120 E.09965
G1 X116.986 Y136.736 E2.26597
G1 X115.514 Y136.736 E.1993
G1 X115.514 Y119.264 E2.36562
G1 X116.866 Y119.264 E.18305
M204 S8000
G1 X116.866 Y119.264 F18000
G1 X117.8 Y118.45
M204 S3000
;TYPE:External perimeter
G1 F2400
G1 X117.8 Y120 E.20986
G1 X117.8 Y137.55 E2.37619
G1 X114.7 Y137.55 E.41973
G1 X114.7 Y118.45 E2.58605
G1 X117.68 Y118.45 E.40348
M204 S8000
G1 X117.799 Y119.241 F18000
G1 E-2 F2400
G1 X116.25 Y136 F18000
G1 E2 F2400
M204 S4000
;TYPE:Perimeter
;WIDTH:0.743365
G1 F3600
G1 X116.25 Y120 E1.74955
M204 S8000
;LAYER_CHANGE
;Z:23.2
;HEIGHT:0.400002
G1 Z23.2 F18000
G1 E-2 F2400
G1 Z23.2 F18000
G1 X139.014 Y119.264
G1 Z23.2
G1 E2 F2400
M204 S4000
;WIDTH:0.9
G1 F900
G1 X140.486 Y119.264 E.1993
G1 X140.486 Y120 E.09965
G1 X140.486 Y136.736 E2.26597
G1 X139.014 Y136.736 E.1993
G1 X139.014 Y119.384 E2.34938
M204 S8000
G1 X139.014 Y119.384 F18000
G1 X138.2 Y118.45
M204 S3000
;TYPE:External perimeter
G1 F2400
G1 X141.3 Y118.45 E.41973
G1 X141.3 Y120 E.20986
G1 X141.3 Y137.55 E2.37619
G1 X138.2 Y137.55 E.41973
G1 X138.2 Y118.57 E2.5698
M204 S8000
G1 X138.991 Y118.451 F18000
G1 E-2 F2400
G1 X139.75 Y136 F18000
G1 E2 F2400
M204 S4000
;TYPE:Perimeter
;WIDTH:0.743365
G1 F3600
G1 X139.75 Y120 E1.74955
M204 S8000
G1 E-2 F2400
G1 X116.986 Y119.264 F18000
G1 E2 F2400
M204 S4000
;WIDTH:0.9
G1 F900
G1 X116.986 Y120 E.09965
G1 X116.986 Y136.736 E2.26597
G1 X115.514 Y136.736 E.1993
G1 X115.514 Y119.264 E2.36562
G1 X116.866 Y119.264 E.18305
M204 S8000
G1 X116.866 Y119.264 F18000
G1 X117.8 Y118.45
M204 S3000
;TYPE:External perimeter
G1 F2400
G1 X117.8 Y120 E.20986
G1 X117.8 Y137.55 E2.37619
G1 X114.7 Y137.55 E.41973
G1 X114.7 Y118.45 E2.58605
G1 X117.68 Y118.45 E.40348
M204 S8000
G1 X117.799 Y119.241 F18000
G1 E-2 F2400
G1 X116.25 Y136 F18000
G1 E2 F2400
M204 S4000
;TYPE:Perimeter
;WIDTH:0.743365
G1 F3600
G1 X116.25 Y120 E1.74955
M204 S8000
;LAYER_CHANGE
;Z:23.6
;HEIGHT:0.4
G1 Z23.6 F18000
G1 E-2 F2400
G1 Z23.6 F18000
G1 X139.014 Y119.264
G1 Z23.6
G1 E2 F2400
M204 S4000
;WIDTH:0.9
G1 F900
G1 X140.486 Y119.264 E.1993
G1 X140.486 Y120 E.09965
G1 X140.486 Y136.736 E2.26597
G1 X139.014 Y136.736 E.1993
G1 X139.014 Y119.384 E2.34938
M204 S8000
G1 X139.014 Y119.384 F18000
G1 X138.2 Y118.45
M204 S3000
;TYPE:External perimeter
G1 F2400
G1 X141.3 Y118.45 E.41973
G1 X141.3 Y120 E.20986
G1 X141.3 Y137.55 E2.37619
G1 X138.2 Y137.55 E.41973
G1 X138.2 Y118.57 E2.5698
M204 S8000
G1 X138.991 Y118.451 F18000
G1 E-2 F2400
G1 X139.75 Y136 F18000
G1 E2 F2400
M204 S4000
;TYPE:Perimeter
;WIDTH:0.743365
G1 F3600
G1 X139.75 Y120 E1.74955
M204 S8000
G1 E-2 F2400
G1 X116.986 Y119.264 F18000
G1 E2 F2400
M204 S4000
;WIDTH:0.9
G1 F900
G1 X116.986 Y120 E.09965
G1 X116.986 Y136.736 E2.26597
G1 X115.514 Y136.736 E.1993
G1 X115.514 Y119.264 E2.36562
G1 X116.866 Y119.264 E.18305
M204 S8000
G1 X116.866 Y119.264 F18000
G1 X117.8 Y118.45
M204 S3000
;TYPE:External perimeter
G1 F2400
G1 X117.8 Y120 E.20986
G1 X117.8 Y137.55 E2.37619
G1 X114.7 Y137.55 E.41973
G1 X114.7 Y118.45 E2.58605
G1 X117.68 Y118.45 E.40348
M204 S8000
G1 X117.799 Y119.241 F18000
G1 E-2 F2400
G1 X116.25 Y136 F18000
G1 E2 F2400
M204 S4000
;TYPE:Perimeter
;WIDTH:0.743365
G1 F3600
G1 X116.25 Y120 E1.74955
M204 S8000
;LAYER_CHANGE
;Z:24
;HEIGHT:0.4
G1 Z24 F18000
G1 E-2 F2400
G1 Z24 F18000
G1 X139.014 Y119.264
G1 Z24
G1 E2 F2400
M204 S4000
;WIDTH:0.9
G1 F900
G1 X140.486 Y119.264 E.1993
G1 X140.486 Y120 E.09965
G1 X140.486 Y136.736 E2.26597
G1 X139.014 Y136.736 E.1993
G1 X139.014 Y119.384 E2.34938
M204 S8000
G1 X139.014 Y119.384 F18000
G1 X138.2 Y118.45
M204 S3000
;TYPE:External perimeter
G1 F2400
G1 X141.3 Y118.45 E.41973
G1 X141.3 Y120 E.20986
G1 X141.3 Y137.55 E2.37619
G1 X138.2 Y137.55 E.41973
G1 X138.2 Y118.57 E2.5698
M204 S8000
G1 X138.991 Y118.451 F18000
G1 E-2 F2400
G1 X139.75 Y136 F18000
G1 E2 F2400
M204 S4000
;TYPE:Perimeter
;WIDTH:0.743365
G1 F3600
G1 X139.75 Y120 E1.74955
M204 S8000
G1 E-2 F2400
G1 X116.986 Y119.264 F18000
G1 E2 F2400
M204 S4000
;WIDTH:0.9
G1 F900
G1 X116.986 Y120 E.09965
G1 X116.986 Y136.736 E2.26597
G1 X115.514 Y136.736 E.1993
G1 X115.514 Y119.264 E2.36562
G1 X116.866 Y119.264 E.18305
M204 S8000
G1 X116.866 Y119.264 F18000
G1 X117.8 Y118.45
M204 S3000
;TYPE:External perimeter
G1 F2400
G1 X117.8 Y120 E.20986
G1 X117.8 Y137.55 E2.37619
G1 X114.7 Y137.55 E.41973
G1 X114.7 Y118.45 E2.58605
G1 X117.68 Y118.45 E.40348
M204 S8000
G1 X117.799 Y119.241 F18000
G1 E-2 F2400
G1 X116.25 Y136 F18000
G1 E2 F2400
M204 S4000
;TYPE:Perimeter
;WIDTH:0.743365
G1 F3600
G1 X116.25 Y120 E1.74955
M204 S8000
;LAYER_CHANGE
;Z:24.4
;HEIGHT:0.4
G1 Z24.4 F18000
G1 E-2 F2400
G1 Z24.4 F18000
G1 X139.014 Y119.264
G1 Z24.4
G1 E2 F2400
M204 S4000
;WIDTH:0.9
G1 F900
G1 X140.486 Y119.264 E.1993
G1 X140.486 Y120 E.09965
G1 X140.486 Y136.736 E2.26597
G1 X139.014 Y136.736 E.1993
G1 X139.014 Y119.384 E2.34938
M204 S8000
G1 X139.014 Y119.384 F18000
G1 X138.2 Y118.45
M204 S3000
;TYPE:External perimeter
G1 F2400
G1 X141.3 Y118.45 E.41973
G1 X141.3 Y120 E.20986
G1 X141.3 Y137.55 E2.37619
G1 X138.2 Y137.55 E.41973
G1 X138.2 Y118.57 E2.5698
M204 S8000
G1 X138.991 Y118.451 F18000
G1 E-2 F2400
G1 X139.75 Y136 F18000
G1 E2 F2400
M204 S4000
;TYPE:Perimeter
;WIDTH:0.743365
G1 F3600
G1 X139.75 Y120 E1.74955
M204 S8000
G1 E-2 F2400
G1 X116.986 Y119.264 F18000
G1 E2 F2400
M204 S4000
;WIDTH:0.9
G1 F900
G1 X116.986 Y120 E.09965
G1 X116.986 Y136.736 E2.26597
G1 X115.514 Y136.736 E.1993
G1 X115.514 Y119.264 E2.36562
G1 X116.866 Y119.264 E.18305
M204 S8000
G1 X116.866 Y119.264 F18000
G1 X117.8 Y118.45
M204 S3000
;TYPE:External perimeter
G1 F2400
G1 X117.8 Y120 E.20986
G1 X117.8 Y137.55 E2.37619
G1 X114.7 Y137.55 E.41973
G1 X114.7 Y118.45 E2.58605
G1 X117.68 Y118.45 E.40348
M204 S8000
G1 X117.799 Y119.241 F18000
G1 E-2 F2400
G1 X116.25 Y136 F18000
G1 E2 F2400
M204 S4000
;TYPE:Perimeter
;WIDTH:0.743365
G1 F3600
G1 X116.25 Y120 E1.74955
M204 S8000
;LAYER_CHANGE
;Z:24.8
;HEIGHT:0.4
G1 Z24.8 F18000
G1 E-2 F2400
G1 Z24.8 F18000
G1 X139.014 Y119.264
G1 Z24.8
G1 E2 F2400
M204 S4000
;WIDTH:0.9
G1 F900
G1 X140.486 Y119.264 E.1993
G1 X140.486 Y120 E.09965
G1 X140.486 Y136.736 E2.26597
G1 X139.014 Y136.736 E.1993
G1 X139.014 Y119.384 E2.34938
M204 S8000
G1 X139.014 Y119.384 F18000
G1 X138.2 Y118.45
M204 S3000
;TYPE:External perimeter
G1 F2400
G1 X141.3 Y118.45 E.41973
G1 X141.3 Y120 E.20986
G1 X141.3 Y137.55 E2.37619
G1 X138.2 Y137.55 E.41973
G1 X138.2 Y118.57 E2.5698
M204 S8000
G1 X138.991 Y118.451 F18000
G1 E-2 F2400
G1 X139.75 Y136 F18000
G1 E2 F2400
M204 S4000
;TYPE:Perimeter
;WIDTH:0.743365
G1 F3600
G1 X139.75 Y120 E1.74955
M204 S8000
G1 E-2 F2400
G1 X116.986 Y119.264 F18000
G1 E2 F2400
M204 S4000
;WIDTH:0.9
G1 F900
G1 X116.986 Y120 E.09965
G1 X116.986 Y136.736 E2.26597
G1 X115.514 Y136.736 E.1993
G1 X115.514 Y119.264 E2.36562
G1 X116.866 Y119.264 E.18305
M204 S8000
G1 X116.866 Y119.264 F18000
G1 X117.8 Y118.45
M204 S3000
;TYPE:External perimeter
G1 F2400
G1 X117.8 Y120 E.20986
G1 X117.8 Y137.55 E2.37619
G1 X114.7 Y137.55 E.41973
G1 X114.7 Y118.45 E2.58605
G1 X117.68 Y118.45 E.40348
M204 S8000
G1 X117.799 Y119.241 F18000
G1 E-2 F2400
G1 X116.25 Y136 F18000
G1 E2 F2400
M204 S4000
;TYPE:Perimeter
;WIDTH:0.743365
G1 F3600
G1 X116.25 Y120 E1.74955
M204 S8000
;LAYER_CHANGE
;Z:25.2
;HEIGHT:0.400002
G1 Z25.2 F18000
G1 E-2 F2400
G1 Z25.2 F18000
G1 X139.014 Y119.264
G1 Z25.2
G1 E2 F2400
M204 S4000
;WIDTH:0.9
G1 F900
G1 X140.486 Y119.264 E.1993
G1 X140.486 Y120 E.09965
G1 X140.486 Y136.736 E2.26597
G1 X139.014 Y136.736 E.1993
G1 X139.014 Y119.384 E2.34938
M204 S8000
G1 X139.014 Y119.384 F18000
G1 X138.2 Y118.45
M204 S3000
;TYPE:External perimeter
G1 F2400
G1 X141.3 Y118.45 E.41973
G1 X141.3 Y120 E.20986
G1 X141.3 Y137.55 E2.37619
G1 X138.2 Y137.55 E.41973
G1 X138.2 Y118.57 E2.5698
M204 S8000
G1 X138.991 Y118.451 F18000
G1 E-2 F2400
G1 X139.75 Y136 F18000
G1 E2 F2400
M204 S4000
;TYPE:Perimeter
;WIDTH:0.743365
G1 F3600
G1 X139.75 Y120 E1.74955
M204 S8000
G1 E-2 F2400
G1 X116.986 Y119.264 F18000
G1 E2 F2400
M204 S4000
;WIDTH:0.9
G1 F900
G1 X116.986 Y120 E.09965
G1 X116.986 Y136.736 E2.26597
G1 X115.514 Y136.736 E.1993
G1 X115.514 Y119.264 E2.36562
G1 X116.866 Y119.264 E.18305
M204 S8000
G1 X116.866 Y119.264 F18000
G1 X117.8 Y118.45
M204 S3000
;TYPE:External perimeter
G1 F2400
G1 X117.8 Y120 E.20986
G1 X117.8 Y137.55 E2.37619
G1 X114.7 Y137.55 E.41973
G1 X114.7 Y118.45 E2.58605
G1 X117.68 Y118.45 E.40348
M204 S8000
G1 X117.799 Y119.241 F18000
G1 E-2 F2400
G1 X116.25 Y136 F18000
G1 E2 F2400
M204 S4000
;TYPE:Perimeter
;WIDTH:0.743365
G1 F3600
G1 X116.25 Y120 E1.74955
M204 S8000
;LAYER_CHANGE
;Z:25.6
;HEIGHT:0.4
G1 Z25.6 F18000
G1 E-2 F2400
G1 Z25.6 F18000
G1 X139.014 Y119.264
G1 Z25.6
G1 E2 F2400
M204 S4000
;WIDTH:0.9
G1 F900
G1 X140.486 Y119.264 E.1993
G1 X140.486 Y120 E.09965
G1 X140.486 Y136.736 E2.26597
G1 X139.014 Y136.736 E.1993
G1 X139.014 Y119.384 E2.34938
M204 S8000
G1 X139.014 Y119.384 F18000
G1 X138.2 Y118.45
M204 S3000
;TYPE:External perimeter
G1 F2400
G1 X141.3 Y118.45 E.41973
G1 X141.3 Y120 E.20986
G1 X141.3 Y137.55 E2.37619
G1 X138.2 Y137.55 E.41973
G1 X138.2 Y118.57 E2.5698
M204 S8000
G1 X138.991 Y118.451 F18000
G1 E-2 F2400
G1 X139.75 Y136 F18000
G1 E2 F2400
M204 S4000
;TYPE:Perimeter
;WIDTH:0.743365
G1 F3600
G1 X139.75 Y120 E1.74955
M204 S8000
G1 E-2 F2400
G1 X116.986 Y119.264 F18000
G1 E2 F2400
M204 S4000
;WIDTH:0.9
G1 F900
G1 X116.986 Y120 E.09965
G1 X116.986 Y136.736 E2.26597
G1 X115.514 Y136.736 E.1993
G1 X115.514 Y119.264 E2.36562
G1 X116.866 Y119.264 E.18305
M204 S8000
G1 X116.866 Y119.264 F18000
G1 X117.8 Y118.45
M204 S3000
;TYPE:External perimeter
G1 F2400
G1 X117.8 Y120 E.20986
G1 X117.8 Y137.55 E2.37619
G1 X114.7 Y137.55 E.41973
G1 X114.7 Y118.45 E2.58605
G1 X117.68 Y118.45 E.40348
M204 S8000
G1 X117.799 Y119.241 F18000
G1 E-2 F2400
G1 X116.25 Y136 F18000
G1 E2 F2400
M204 S4000
;TYPE:Perimeter
;WIDTH:0.743365
G1 F3600
G1 X116.25 Y120 E1.74955
M204 S8000
;LAYER_CHANGE
;Z:26
;HEIGHT:0.4
G1 Z26 F18000
G1 E-2 F2400
G1 Z26 F18000
G1 X139.014 Y136.736
G1 Z26
G1 E2 F2400
M204 S4000
;WIDTH:0.9
G1 F900
G1 X139.014 Y119.264 E2.36562
G1 X140.486 Y119.264 E.1993
G1 X140.486 Y120 E.09965
G1 X140.486 Y136.736 E2.26597
G1 X139.134 Y136.736 E.18305
M204 S8000
G1 X139.134 Y136.736 F18000
G1 X138.2 Y137.55
M204 S3000
;TYPE:External perimeter
G1 F2400
G1 X138.2 Y118.45 E2.58605
G1 X141.3 Y118.45 E.41973
G1 X141.3 Y120 E.20986
G1 X141.3 Y137.55 E2.37619
G1 X138.32 Y137.55 E.40348
M204 S8000
G1 X138.201 Y136.759 F18000
G1 X139.75 Y136
M204 S4000
;TYPE:Perimeter
;WIDTH:0.743365
G1 F3600
G1 X139.75 Y120 E1.74955
M204 S8000
G1 E-2 F2400
G1 X116.986 Y119.264 F18000
G1 E2 F2400
M204 S4000
;WIDTH:0.9
G1 F900
G1 X116.986 Y120 E.09965
G1 X116.986 Y136.736 E2.26597
G1 X115.514 Y136.736 E.1993
G1 X115.514 Y119.264 E2.36562
G1 X116.866 Y119.264 E.18305
M204 S8000
G1 X116.866 Y119.264 F18000
G1 X117.8 Y118.45
M204 S3000
;TYPE:External perimeter
G1 F2400
G1 X117.8 Y120 E.20986
G1 X117.8 Y137.55 E2.37619
G1 X114.7 Y137.55 E.41973
G1 X114.7 Y118.45 E2.58605
G1 X117.68 Y118.45 E.40348
M204 S8000
G1 X117.799 Y119.241 F18000
G1 E-2 F2400
G1 X116.25 Y136 F18000
G1 E2 F2400
M204 S4000
;TYPE:Perimeter
;WIDTH:0.743365
G1 F3600
G1 X116.25 Y120 E1.74955
M204 S8000
;LAYER_CHANGE
;Z:26.4
;HEIGHT:0.4
G1 Z26.4 F18000
G1 E-2 F2400
G1 Z26.4 F18000
G1 X116.986 Y125.131
G1 Z26.4
G1 E2 F2400
M204 S4000
;WIDTH:0.9
G1 F900
G1 X116.986 Y125.866 E.09952
G1 X116.986 Y136.736 E1.47175
G1 X115.514 Y136.736 E.1993
G1 X115.514 Y125.131 E1.57126
G1 X116.866 Y125.131 E.18305
M204 S8000
G1 X116.866 Y125.131 F18000
G1 X117.8 Y124.316
M204 S3000
;TYPE:External perimeter
G1 F900
G1 X117.8 Y125.866 E.20986
G1 X117.8 Y137.55 E1.58196
G1 X114.7 Y137.55 E.41973
G1 X114.7 Y124.316 E1.79182
G1 X117.68 Y124.316 E.40348
M204 S8000
G1 X117.799 Y125.107 F18000
G1 E-2 F2400
G1 X116.25 Y136 F18000
G1 E2 F2400
M204 S4000
;TYPE:Perimeter
;WIDTH:0.743365
G1 F3600
G1 X116.25 Y125.866 E1.10812
M204 S8000
G1 E-2 F2400
G1 X116.25 Y125.866 F18000
G1 X116.986 Y120.869
G1 E2 F2400
M204 S4000
;WIDTH:0.9
G1 F900
G1 X115.514 Y120.869 E.1993
G1 X115.514 Y119.264 E.21731
G1 X116.986 Y119.264 E.1993
G1 X116.986 Y120 E.09965
G1 X116.986 Y120.749 E.10141
M204 S8000
G1 X116.986 Y120.749 F18000
G1 X117.8 Y121.684
M204 S3000
;TYPE:External perimeter
G1 F900
G1 X114.7 Y121.684 E.41973
G1 X114.7 Y118.45 E.43787
G1 X117.8 Y118.45 E.41973
G1 X117.8 Y120 E.20986
G1 X117.8 Y121.564 E.21176
M204 S8000
G1 X117.009 Y121.682 F18000
G1 E-2 F2400
G1 X139.014 Y120.869 F18000
G1 E2 F2400
M204 S4000
;TYPE:Perimeter
G1 F900
G1 X139.014 Y119.264 E.21731
G1 X140.486 Y119.264 E.1993
G1 X140.486 Y120 E.09965
G1 X140.486 Y120.869 E.11766
G1 X139.134 Y120.869 E.18305
M204 S8000
G1 X139.134 Y120.869 F18000
G1 X138.2 Y121.684
M204 S3000
;TYPE:External perimeter
G1 F900
G1 X138.2 Y118.45 E.43787
G1 X141.3 Y118.45 E.41973
G1 X141.3 Y120 E.20986
G1 X141.3 Y121.684 E.22801
G1 X138.32 Y121.684 E.40348
M204 S8000
G1 X138.201 Y120.893 F18000
G1 E-2 F2400
G1 X139.014 Y125.131 F18000
G1 E2 F2400
M204 S4000
;TYPE:Perimeter
G1 F900
G1 X140.486 Y125.131 E.1993
G1 X140.486 Y125.866 E.09952
G1 X140.486 Y136.736 E1.47175
G1 X139.014 Y136.736 E.1993
G1 X139.014 Y125.251 E1.55501
M204 S8000
G1 X139.014 Y125.251 F18000
G1 X138.2 Y124.316
M204 S3000
;TYPE:External perimeter
G1 F900
G1 X141.3 Y124.316 E.41973
G1 X141.3 Y125.866 E.20986
G1 X141.3 Y137.55 E1.58196
G1 X138.2 Y137.55 E.41973
G1 X138.2 Y124.436 E1.77557
M204 S8000
G1 X138.991 Y124.318 F18000
G1 E-2 F2400
G1 X139.75 Y136 F18000
G1 E2 F2400
M204 S4000
;TYPE:Perimeter
;WIDTH:0.743365
G1 F3600
G1 X139.75 Y125.866 E1.10812
M204 S8000
;LAYER_CHANGE
;Z:26.8
;HEIGHT:0.4
G1 Z26.8 F18000
G1 E-2 F2400
G1 Z26.8 F18000
G1 X116.986 Y125.691
G1 Z26.8
G1 E2 F2400
M204 S4000
;WIDTH:0.9
G1 F900
G1 X116.986 Y126.427 E.09965
G1 X116.986 Y136.736 E1.39579
G1 X115.514 Y136.736 E.1993
G1 X115.514 Y125.691 E1.49544
G1 X116.866 Y125.691 E.18305
M204 S8000
G1 X116.866 Y125.691 F18000
G1 X117.8 Y124.877
M204 S3000
;TYPE:External perimeter
G1 F900
G1 X117.8 Y126.427 E.20986
G1 X117.8 Y137.55 E1.506
G1 X114.7 Y137.55 E.41973
G1 X114.7 Y124.877 E1.71586
G1 X117.68 Y124.877 E.40348
M204 S8000
G1 X117.799 Y125.668 F18000
G1 E-2 F2400
G1 X116.25 Y136 F18000
G1 E2 F2400
M204 S4000
;TYPE:Perimeter
;WIDTH:0.743365
G1 F3600
G1 X116.25 Y126.427 E1.04678
M204 S8000
G1 E-2 F2400
G1 X116.928 Y120.251 F18000
G1 E2 F2400
M204 S4000
;WIDTH:1.01521
G1 F900
G1 X115.572 Y120.251 E.20958
G1 X115.572 Y119.322 E.14358
G1 X116.928 Y119.322 E.20958
G1 X116.928 Y119.786 E.07171
G1 X116.928 Y120.131 E.05332
M204 S8000
G1 X116.928 Y120.131 F18000
G1 X117.8 Y121.123
M204 S3000
;TYPE:External perimeter
;WIDTH:0.9
G1 F900
G1 X114.7 Y121.123 E.41973
G1 X114.7 Y118.45 E.36191
G1 X117.8 Y118.45 E.41973
G1 X117.8 Y119.786 E.18089
G1 X117.8 Y121.003 E.16478
M204 S8000
G1 X117.009 Y121.122 F18000
G1 E-2 F2400
G1 X139.072 Y120.251 F18000
G1 E2 F2400
M204 S4000
;TYPE:Perimeter
;WIDTH:1.01521
G1 F900
G1 X139.072 Y119.322 E.14358
G1 X140.428 Y119.322 E.20958
G1 X140.428 Y119.786 E.07171
G1 X140.428 Y120.251 E.07187
G1 X139.192 Y120.251 E.19103
M204 S8000
G1 X139.192 Y120.251 F18000
G1 X138.2 Y121.123
M204 S3000
;TYPE:External perimeter
;WIDTH:0.9
G1 F900
G1 X138.2 Y118.45 E.36191
G1 X141.3 Y118.45 E.41973
G1 X141.3 Y119.786 E.18089
G1 X141.3 Y121.123 E.18102
G1 X138.32 Y121.123 E.40348
M204 S8000
G1 X138.201 Y120.332 F18000
G1 E-2 F2400
G1 X139.014 Y125.691 F18000
G1 E2 F2400
M204 S4000
;TYPE:Perimeter
G1 F900
G1 X140.486 Y125.691 E.1993
G1 X140.486 Y126.427 E.09965
G1 X140.486 Y136.736 E1.39579
G1 X139.014 Y136.736 E.1993
G1 X139.014 Y125.811 E1.47919
M204 S8000
G1 X139.014 Y125.811 F18000
G1 X138.2 Y124.877
M204 S3000
;TYPE:External perimeter
G1 F900
G1 X141.3 Y124.877 E.41973
G1 X141.3 Y126.427 E.20986
G1 X141.3 Y137.55 E1.506
G1 X138.2 Y137.55 E.41973
G1 X138.2 Y124.997 E1.69962
M204 S8000
G1 X138.991 Y124.878 F18000
G1 E-2 F2400
G1 X139.75 Y136 F18000
G1 E2 F2400
M204 S4000
;TYPE:Perimeter
;WIDTH:0.743365
G1 F3600
G1 X139.75 Y126.427 E1.04678
M204 S8000
;LAYER_CHANGE
;Z:27.2
;HEIGHT:0.400002
G1 Z27.2 F18000
G1 E-2 F2400
G1 Z27.2 F18000
G1 X116.986 Y125.994
G1 Z27.2
G1 E2 F2400
M204 S4000
;WIDTH:0.9
G1 F900
G1 X116.986 Y126.73 E.09965
G1 X116.986 Y136.736 E1.35476
G1 X115.514 Y136.736 E.1993
G1 X115.514 Y125.994 E1.45442
G1 X116.866 Y125.994 E.18305
M204 S8000
G1 X116.866 Y125.994 F18000
G1 X117.8 Y125.18
M204 S3000
;TYPE:External perimeter
G1 F900
G1 X117.8 Y126.73 E.20986
G1 X117.8 Y137.55 E1.46498
G1 X114.7 Y137.55 E.41973
G1 X114.7 Y125.18 E1.67484
G1 X117.68 Y125.18 E.40348
M204 S8000
G1 X117.799 Y125.971 F18000
G1 E-2 F2400
G1 X116.25 Y136 F18000
G1 E2 F2400
M204 S4000
;TYPE:Perimeter
;WIDTH:0.743365
G1 F3600
G1 X116.25 Y126.73 E1.01364
M204 S8000
G1 E-2 F2400
G1 X116.25 Y126.73 F18000
G1 X117.004 Y120.024
G1 E2 F2400
M204 S4000
;WIDTH:0.863985
G1 F900
G1 X115.496 Y120.024 E.19514
G1 X115.496 Y119.246 E.10068
G1 X117.004 Y119.246 E.19514
G1 X117.004 Y119.635 E.05034
G1 X117.004 Y119.904 E.03481
M204 S8000
G1 X117.004 Y119.904 F18000
G1 X117.8 Y120.82
M204 S3000
;TYPE:External perimeter
;WIDTH:0.9
G1 F900
G1 X114.7 Y120.82 E.41973
G1 X114.7 Y118.45 E.32089
G1 X117.8 Y118.45 E.41973
G1 X117.8 Y119.635 E.16044
G1 X117.8 Y120.7 E.1442
M204 S8000
G1 X117.009 Y120.819 F18000
G1 E-2 F2400
G1 X138.996 Y120.024 F18000
G1 E2 F2400
M204 S4000
;TYPE:Perimeter
;WIDTH:0.863984
G1 F900
G1 X138.996 Y119.246 E.10068
G1 X140.504 Y119.246 E.19514
G1 X140.504 Y119.635 E.05034
G1 X140.504 Y120.024 E.05034
G1 X139.116 Y120.024 E.17962
M204 S8000
G1 X139.116 Y120.024 F18000
G1 X138.2 Y120.82
M204 S3000
;TYPE:External perimeter
;WIDTH:0.9
G1 F900
G1 X138.2 Y118.45 E.32089
G1 X141.3 Y118.45 E.41973
G1 X141.3 Y119.635 E.16044
G1 X141.3 Y120.82 E.16044
G1 X138.32 Y120.82 E.40348
M204 S8000
G1 X138.201 Y120.029 F18000
G1 E-2 F2400
G1 X139.014 Y125.994 F18000
G1 E2 F2400
M204 S4000
;TYPE:Perimeter
G1 F900
G1 X140.486 Y125.994 E.1993
G1 X140.486 Y126.73 E.09965
G1 X140.486 Y136.736 E1.35476
G1 X139.014 Y136.736 E.1993
G1 X139.014 Y126.114 E1.43817
M204 S8000
G1 X139.014 Y126.114 F18000
G1 X138.2 Y125.18
M204 S3000
;TYPE:External perimeter
G1 F900
G1 X141.3 Y125.18 E.41973
G1 X141.3 Y126.73 E.20986
G1 X141.3 Y137.55 E1.46498
G1 X138.2 Y137.55 E.41973
G1 X138.2 Y125.3 E1.65859
M204 S8000
G1 X138.991 Y125.181 F18000
G1 E-2 F2400
G1 X139.75 Y136 F18000
G1 E2 F2400
M204 S4000
;TYPE:Perimeter
;WIDTH:0.743365
G1 F3600
G1 X139.75 Y126.73 E1.01364
M204 S8000
;LAYER_CHANGE
;Z:27.6
;HEIGHT:0.4
G1 Z27.6 F18000
G1 E-2 F2400
G1 Z27.6 F18000
G1 X116.986 Y126.171
G1 Z27.6
G1 E2 F2400
M204 S4000
;WIDTH:0.9
G1 F900
G1 X116.986 Y126.907 E.09965
G1 X116.986 Y136.736 E1.3308
G1 X115.514 Y136.736 E.1993
G1 X115.514 Y126.171 E1.43045
G1 X116.866 Y126.171 E.18305
M204 S8000
G1 X116.866 Y126.171 F18000
G1 X117.8 Y125.357
M204 S3000
;TYPE:External perimeter
G1 F900
G1 X117.8 Y126.907 E.20986
G1 X117.8 Y137.55 E1.44101
G1 X114.7 Y137.55 E.41973
G1 X114.7 Y125.357 E1.65087
G1 X117.68 Y125.357 E.40348
M204 S8000
G1 X117.799 Y126.148 F18000
G1 E-2 F2400
G1 X116.25 Y136 F18000
G1 E2 F2400
M204 S4000
;TYPE:Perimeter
;WIDTH:0.743365
G1 F3600
G1 X116.25 Y126.907 E.99429
M204 S8000
G1 E-2 F2400
G1 X117.048 Y119.891 F18000
G1 E2 F2400
M204 S4000
;WIDTH:0.775297
G1 F900
G1 X115.452 Y119.891 E.18299
G1 X115.452 Y119.202 E.079
G1 X117.048 Y119.202 E.18299
G1 X117.048 Y119.547 E.03956
G1 X117.048 Y119.771 E.02568
M204 S8000
G1 X117.048 Y119.771 F18000
G1 X117.8 Y120.643
M204 S3000
;TYPE:External perimeter
;WIDTH:0.9
G1 F900
G1 X114.7 Y120.643 E.41973
G1 X114.7 Y118.45 E.29692
G1 X117.8 Y118.45 E.41973
G1 X117.8 Y119.547 E.14853
G1 X117.8 Y120.523 E.13215
M204 S8000
G1 X117.009 Y120.642 F18000
G1 E-2 F2400
G1 X138.952 Y119.891 F18000
G1 E2 F2400
M204 S4000
;TYPE:Perimeter
;WIDTH:0.775297
G1 F900
G1 X138.952 Y119.202 E.079
G1 X140.548 Y119.202 E.18299
G1 X140.548 Y119.547 E.03956
G1 X140.548 Y119.891 E.03944
G1 X139.072 Y119.891 E.16923
M204 S8000
G1 X139.072 Y119.891 F18000
G1 X138.2 Y120.643
M204 S3000
;TYPE:External perimeter
;WIDTH:0.9
G1 F900
G1 X138.2 Y118.45 E.29692
G1 X141.3 Y118.45 E.41973
G1 X141.3 Y119.547 E.14853
G1 X141.3 Y120.643 E.14839
G1 X138.32 Y120.643 E.40348
M204 S8000
G1 X138.201 Y119.852 F18000
G1 E-2 F2400
G1 X139.014 Y126.171 F18000
G1 E2 F2400
M204 S4000
;TYPE:Perimeter
G1 F900
G1 X140.486 Y126.171 E.1993
G1 X140.486 Y126.907 E.09965
G1 X140.486 Y136.736 E1.3308
G1 X139.014 Y136.736 E.1993
G1 X139.014 Y126.291 E1.4142
M204 S8000
G1 X139.014 Y126.291 F18000
G1 X138.2 Y125.357
M204 S3000
;TYPE:External perimeter
G1 F900
G1 X141.3 Y125.357 E.41973
G1 X141.3 Y126.907 E.20986
G1 X141.3 Y137.55 E1.44101
G1 X138.2 Y137.55 E.41973
G1 X138.2 Y125.477 E1.63463
M204 S8000
G1 X138.991 Y125.358 F18000
G1 E-2 F2400
G1 X139.75 Y136 F18000
G1 E2 F2400
M204 S4000
;TYPE:Perimeter
;WIDTH:0.743365
G1 F3600
G1 X139.75 Y126.907 E.99429
M204 S8000
;LAYER_CHANGE
;Z:28
;HEIGHT:0.4
G1 Z28 F18000
G1 E-2 F2400
G1 Z28 F18000
G1 X116.986 Y126.254
G1 Z28
G1 E2 F2400
M204 S4000
;WIDTH:0.9
G1 F900
G1 X116.986 Y126.99 E.09965
G1 X116.986 Y136.736 E1.31956
G1 X115.514 Y136.736 E.1993
G1 X115.514 Y126.254 E1.41921
G1 X116.866 Y126.254 E.18305
M204 S8000
G1 X116.866 Y126.254 F18000
G1 X117.8 Y125.44
M204 S3000
;TYPE:External perimeter
G1 F900
G1 X117.8 Y126.99 E.20986
G1 X117.8 Y137.55 E1.42977
G1 X114.7 Y137.55 E.41973
G1 X114.7 Y125.44 E1.63964
G1 X117.68 Y125.44 E.40348
M204 S8000
G1 X117.799 Y126.231 F18000
G1 E-2 F2400
G1 X116.25 Y136 F18000
G1 E2 F2400
M204 S4000
;TYPE:Perimeter
;WIDTH:0.743365
G1 F3600
G1 X116.25 Y126.99 E.98521
M204 S8000
G1 E-2 F2400
G1 X116.25 Y126.99 F18000
G1 X117.069 Y119.829
G1 E2 F2400
M204 S4000
;WIDTH:0.733871
G1 F900
G1 X115.431 Y119.829 E.17652
G1 X115.431 Y119.181 E.06983
G1 X117.069 Y119.181 E.17652
G1 X117.069 Y119.505 E.03492
G1 X117.069 Y119.709 E.02198
M204 S8000
G1 X117.069 Y119.709 F18000
G1 X117.8 Y120.56
M204 S3000
;TYPE:External perimeter
;WIDTH:0.9
G1 F900
G1 X114.7 Y120.56 E.41973
G1 X114.7 Y118.45 E.28568
G1 X117.8 Y118.45 E.41973
G1 X117.8 Y119.505 E.14284
G1 X117.8 Y120.44 E.12659
M204 S8000
G1 X117.009 Y120.559 F18000
G1 E-2 F2400
G1 X138.931 Y119.829 F18000
G1 E2 F2400
M204 S4000
;TYPE:Perimeter
;WIDTH:0.733871
G1 F900
G1 X138.931 Y119.181 E.06983
G1 X140.569 Y119.181 E.17652
G1 X140.569 Y119.505 E.03492
G1 X140.569 Y119.829 E.03492
G1 X139.051 Y119.829 E.16359
M204 S8000
G1 X139.051 Y119.829 F18000
G1 X138.2 Y120.56
M204 S3000
;TYPE:External perimeter
;WIDTH:0.9
G1 F900
G1 X138.2 Y118.45 E.28568
G1 X141.3 Y118.45 E.41973
G1 X141.3 Y119.505 E.14284
G1 X141.3 Y120.56 E.14284
G1 X138.32 Y120.56 E.40348
M204 S8000
G1 X138.201 Y119.769 F18000
G1 E-2 F2400
G1 X139.014 Y126.254 F18000
G1 E2 F2400
M204 S4000
;TYPE:Perimeter
G1 F900
G1 X140.486 Y126.254 E.1993
G1 X140.486 Y126.99 E.09965
G1 X140.486 Y136.736 E1.31956
G1 X139.014 Y136.736 E.1993
G1 X139.014 Y126.374 E1.40296
M204 S8000
G1 X139.014 Y126.374 F18000
G1 X138.2 Y125.44
M204 S3000
;TYPE:External perimeter
G1 F900
G1 X141.3 Y125.44 E.41973
G1 X141.3 Y126.99 E.20986
G1 X141.3 Y137.55 E1.42977
G1 X138.2 Y137.55 E.41973
G1 X138.2 Y125.56 E1.62339
M204 S8000
G1 X138.991 Y125.441 F18000
G1 E-2 F2400
G1 X139.75 Y136 F18000
G1 E2 F2400
M204 S4000
;TYPE:Perimeter
;WIDTH:0.743365
G1 F3600
G1 X139.75 Y126.99 E.98521
M204 S8000
;LAYER_CHANGE
;Z:28.4
;HEIGHT:0.4
G1 Z28.4 F18000
G1 E-2 F2400
G1 Z28.4 F18000
G1 X116.986 Y126.254
G1 Z28.4
G1 E2 F2400
M204 S4000
;WIDTH:0.9
G1 F900
G1 X116.986 Y126.99 E.09965
G1 X116.986 Y136.736 E1.31956
G1 X115.514 Y136.736 E.1993
G1 X115.514 Y126.254 E1.41921
G1 X116.866 Y126.254 E.18305
M204 S8000
G1 X116.866 Y126.254 F18000
G1 X117.8 Y125.44
M204 S3000
;TYPE:External perimeter
G1 F900
G1 X117.8 Y126.99 E.20986
G1 X117.8 Y137.55 E1.42977
G1 X114.7 Y137.55 E.41973
G1 X114.7 Y125.44 E1.63964
G1 X117.68 Y125.44 E.40348
M204 S8000
G1 X117.799 Y126.231 F18000
G1 E-2 F2400
G1 X116.25 Y136 F18000
G1 E2 F2400
M204 S4000
;TYPE:Perimeter
;WIDTH:0.743365
G1 F3600
G1 X116.25 Y126.99 E.98521
M204 S8000
G1 E-2 F2400
G1 X116.25 Y126.99 F18000
G1 X117.069 Y119.829
G1 E2 F2400
M204 S4000
;WIDTH:0.733871
G1 F900
G1 X115.431 Y119.829 E.17652
G1 X115.431 Y119.181 E.06983
G1 X117.069 Y119.181 E.17652
G1 X117.069 Y119.505 E.03492
G1 X117.069 Y119.709 E.02198
M204 S8000
G1 X117.069 Y119.709 F18000
G1 X117.8 Y120.56
M204 S3000
;TYPE:External perimeter
;WIDTH:0.9
G1 F900
G1 X114.7 Y120.56 E.41973
G1 X114.7 Y118.45 E.28568
G1 X117.8 Y118.45 E.41973
G1 X117.8 Y119.505 E.14284
G1 X117.8 Y120.44 E.12659
M204 S8000
G1 X117.009 Y120.559 F18000
G1 E-2 F2400
G1 X138.931 Y119.829 F18000
G1 E2 F2400
M204 S4000
;TYPE:Perimeter
;WIDTH:0.733871
G1 F900
G1 X138.931 Y119.181 E.06983
G1 X140.569 Y119.181 E.17652
G1 X140.569 Y119.505 E.03492
G1 X140.569 Y119.829 E.03492
G1 X139.051 Y119.829 E.16359
M204 S8000
G1 X139.051 Y119.829 F18000
G1 X138.2 Y120.56
M204 S3000
;TYPE:External perimeter
;WIDTH:0.9
G1 F900
G1 X138.2 Y118.45 E.28568
G1 X141.3 Y118.45 E.41973
G1 X141.3 Y119.505 E.14284
G1 X141.3 Y120.56 E.14284
G1 X138.32 Y120.56 E.40348
M204 S8000
G1 X138.201 Y119.769 F18000
G1 E-2 F2400
G1 X139.014 Y126.254 F18000
G1 E2 F2400
M204 S4000
;TYPE:Perimeter
G1 F900
G1 X140.486 Y126.254 E.1993
G1 X140.486 Y126.99 E.09965
G1 X140.486 Y136.736 E1.31956
G1 X139.014 Y136.736 E.1993
G1 X139.014 Y126.374 E1.40296
M204 S8000
G1 X139.014 Y126.374 F18000
G1 X138.2 Y125.44
M204 S3000
;TYPE:External perimeter
G1 F900
G1 X141.3 Y125.44 E.41973
G1 X141.3 Y126.99 E.20986
G1 X141.3 Y137.55 E1.42977
G1 X138.2 Y137.55 E.41973
G1 X138.2 Y125.56 E1.62339
M204 S8000
G1 X138.991 Y125.441 F18000
G1 E-2 F2400
G1 X139.75 Y136 F18000
G1 E2 F2400
M204 S4000
;TYPE:Perimeter
;WIDTH:0.743365
G1 F3600
G1 X139.75 Y126.99 E.98521
M204 S8000
;LAYER_CHANGE
;Z:28.8
;HEIGHT:0.4
G1 Z28.8 F18000
G1 E-2 F2400
G1 Z28.8 F18000
G1 X116.986 Y126.171
G1 Z28.8
G1 E2 F2400
M204 S4000
;WIDTH:0.9
G1 F900
G1 X116.986 Y126.907 E.09965
G1 X116.986 Y136.736 E1.3308
G1 X115.514 Y136.736 E.1993
G1 X115.514 Y126.171 E1.43045
G1 X116.866 Y126.171 E.18305
M204 S8000
G1 X116.866 Y126.171 F18000
G1 X117.8 Y125.357
M204 S3000
;TYPE:External perimeter
G1 F900
G1 X117.8 Y126.907 E.20986
G1 X117.8 Y137.55 E1.44101
G1 X114.7 Y137.55 E.41973
G1 X114.7 Y125.357 E1.65087
G1 X117.68 Y125.357 E.40348
M204 S8000
G1 X117.799 Y126.148 F18000
G1 E-2 F2400
G1 X116.25 Y136 F18000
G1 E2 F2400
M204 S4000
;TYPE:Perimeter
;WIDTH:0.743365
G1 F3600
G1 X116.25 Y126.907 E.99429
M204 S8000
G1 E-2 F2400
G1 X117.048 Y119.891 F18000
G1 E2 F2400
M204 S4000
;WIDTH:0.775297
G1 F900
G1 X115.452 Y119.891 E.18299
G1 X115.452 Y119.202 E.079
G1 X117.048 Y119.202 E.18299
G1 X117.048 Y119.547 E.03956
G1 X117.048 Y119.771 E.02568
M204 S8000
G1 X117.048 Y119.771 F18000
G1 X117.8 Y120.643
M204 S3000
;TYPE:External perimeter
;WIDTH:0.9
G1 F900
G1 X114.7 Y120.643 E.41973
G1 X114.7 Y118.45 E.29692
G1 X117.8 Y118.45 E.41973
G1 X117.8 Y119.547 E.14853
G1 X117.8 Y120.523 E.13215
M204 S8000
G1 X117.009 Y120.642 F18000
G1 E-2 F2400
G1 X138.952 Y119.891 F18000
G1 E2 F2400
M204 S4000
;TYPE:Perimeter
;WIDTH:0.775297
G1 F900
G1 X138.952 Y119.202 E.079
G1 X140.548 Y119.202 E.18299
G1 X140.548 Y119.547 E.03956
G1 X140.548 Y119.891 E.03944
G1 X139.072 Y119.891 E.16923
M204 S8000
G1 X139.072 Y119.891 F18000
G1 X138.2 Y120.643
M204 S3000
;TYPE:External perimeter
;WIDTH:0.9
G1 F900
G1 X138.2 Y118.45 E.29692
G1 X141.3 Y118.45 E.41973
G1 X141.3 Y119.547 E.14853
G1 X141.3 Y120.643 E.14839
G1 X138.32 Y120.643 E.40348
M204 S8000
G1 X138.201 Y119.852 F18000
G1 E-2 F2400
G1 X139.014 Y126.171 F18000
G1 E2 F2400
M204 S4000
;TYPE:Perimeter
G1 F900
G1 X140.486 Y126.171 E.1993
G1 X140.486 Y126.907 E.09965
G1 X140.486 Y136.736 E1.3308
G1 X139.014 Y136.736 E.1993
G1 X139.014 Y126.291 E1.4142
M204 S8000
G1 X139.014 Y126.291 F18000
G1 X138.2 Y125.357
M204 S3000
;TYPE:External perimeter
G1 F900
G1 X141.3 Y125.357 E.41973
G1 X141.3 Y126.907 E.20986
G1 X141.3 Y137.55 E1.44101
G1 X138.2 Y137.55 E.41973
G1 X138.2 Y125.477 E1.63463
M204 S8000
G1 X138.991 Y125.358 F18000
G1 E-2 F2400
G1 X139.75 Y136 F18000
G1 E2 F2400
M204 S4000
;TYPE:Perimeter
;WIDTH:0.743365
G1 F3600
G1 X139.75 Y126.907 E.99429
M204 S8000
;LAYER_CHANGE
;Z:29.2
;HEIGHT:0.400002
G1 Z29.2 F18000
G1 E-2 F2400
G1 Z29.2 F18000
G1 X116.986 Y125.994
G1 Z29.2
G1 E2 F2400
M204 S4000
;WIDTH:0.9
G1 F900
G1 X116.986 Y126.73 E.09965
G1 X116.986 Y136.736 E1.35476
G1 X115.514 Y136.736 E.1993
G1 X115.514 Y125.994 E1.45442
G1 X116.866 Y125.994 E.18305
M204 S8000
G1 X116.866 Y125.994 F18000
G1 X117.8 Y125.18
M204 S3000
;TYPE:External perimeter
G1 F900
G1 X117.8 Y126.73 E.20986
G1 X117.8 Y137.55 E1.46498
G1 X114.7 Y137.55 E.41973
G1 X114.7 Y125.18 E1.67484
G1 X117.68 Y125.18 E.40348
M204 S8000
G1 X117.799 Y125.971 F18000
G1 E-2 F2400
G1 X116.25 Y136 F18000
G1 E2 F2400
M204 S4000
;TYPE:Perimeter
;WIDTH:0.743365
G1 F3600
G1 X116.25 Y126.73 E1.01364
M204 S8000
G1 E-2 F2400
G1 X116.25 Y126.73 F18000
G1 X117.004 Y120.024
G1 E2 F2400
M204 S4000
;WIDTH:0.863985
G1 F900
G1 X115.496 Y120.024 E.19514
G1 X115.496 Y119.246 E.10068
G1 X117.004 Y119.246 E.19514
G1 X117.004 Y119.635 E.05034
G1 X117.004 Y119.904 E.03481
M204 S8000
G1 X117.004 Y119.904 F18000
G1 X117.8 Y120.82
M204 S3000
;TYPE:External perimeter
;WIDTH:0.9
G1 F900
G1 X114.7 Y120.82 E.41973
G1 X114.7 Y118.45 E.32089
G1 X117.8 Y118.45 E.41973
G1 X117.8 Y119.635 E.16044
G1 X117.8 Y120.7 E.1442
M204 S8000
G1 X117.009 Y120.819 F18000
G1 E-2 F2400
G1 X138.996 Y120.024 F18000
G1 E2 F2400
M204 S4000
;TYPE:Perimeter
;WIDTH:0.863984
G1 F900
G1 X138.996 Y119.246 E.10068
G1 X140.504 Y119.246 E.19514
G1 X140.504 Y119.635 E.05034
G1 X140.504 Y120.024 E.05034
G1 X139.116 Y120.024 E.17962
M204 S8000
G1 X139.116 Y120.024 F18000
G1 X138.2 Y120.82
M204 S3000
;TYPE:External perimeter
;WIDTH:0.9
G1 F900
G1 X138.2 Y118.45 E.32089
G1 X141.3 Y118.45 E.41973
G1 X141.3 Y119.635 E.16044
G1 X141.3 Y120.82 E.16044
G1 X138.32 Y120.82 E.40348
M204 S8000
G1 X138.201 Y120.029 F18000
G1 E-2 F2400
G1 X139.014 Y125.994 F18000
G1 E2 F2400
M204 S4000
;TYPE:Perimeter
G1 F900
G1 X140.486 Y125.994 E.1993
G1 X140.486 Y126.73 E.09965
G1 X140.486 Y136.736 E1.35476
G1 X139.014 Y136.736 E.1993
G1 X139.014 Y126.114 E1.43817
M204 S8000
G1 X139.014 Y126.114 F18000
G1 X138.2 Y125.18
M204 S3000
;TYPE:External perimeter
G1 F900
G1 X141.3 Y125.18 E.41973
G1 X141.3 Y126.73 E.20986
G1 X141.3 Y137.55 E1.46498
G1 X138.2 Y137.55 E.41973
G1 X138.2 Y125.3 E1.65859
M204 S8000
G1 X138.991 Y125.181 F18000
G1 E-2 F2400
G1 X139.75 Y136 F18000
G1 E2 F2400
M204 S4000
;TYPE:Perimeter
;WIDTH:0.743365
G1 F3600
G1 X139.75 Y126.73 E1.01364
M204 S8000
;LAYER_CHANGE
;Z:29.6
;HEIGHT:0.4
G1 Z29.6 F18000
G1 E-2 F2400
G1 Z29.6 F18000
G1 X116.986 Y125.691
G1 Z29.6
G1 E2 F2400
M204 S4000
;WIDTH:0.9
G1 F900
G1 X116.986 Y126.427 E.09965
G1 X116.986 Y136.736 E1.39579
G1 X115.514 Y136.736 E.1993
G1 X115.514 Y125.691 E1.49544
G1 X116.866 Y125.691 E.18305
M204 S8000
G1 X116.866 Y125.691 F18000
G1 X117.8 Y124.877
M204 S3000
;TYPE:External perimeter
G1 F900
G1 X117.8 Y126.427 E.20986
G1 X117.8 Y137.55 E1.506
G1 X114.7 Y137.55 E.41973
G1 X114.7 Y124.877 E1.71586
G1 X117.68 Y124.877 E.40348
M204 S8000
G1 X117.799 Y125.668 F18000
G1 E-2 F2400
G1 X116.25 Y136 F18000
G1 E2 F2400
M204 S4000
;TYPE:Perimeter
;WIDTH:0.743365
G1 F3600
G1 X116.25 Y126.427 E1.04678
M204 S8000
G1 E-2 F2400
G1 X116.928 Y120.251 F18000
G1 E2 F2400
M204 S4000
;WIDTH:1.01521
G1 F900
G1 X115.572 Y120.251 E.20958
G1 X115.572 Y119.322 E.14358
G1 X116.928 Y119.322 E.20958
G1 X116.928 Y119.786 E.07171
G1 X116.928 Y120.131 E.05332
M204 S8000
G1 X116.928 Y120.131 F18000
G1 X117.8 Y121.123
M204 S3000
;TYPE:External perimeter
;WIDTH:0.9
G1 F900
G1 X114.7 Y121.123 E.41973
G1 X114.7 Y118.45 E.36191
G1 X117.8 Y118.45 E.41973
G1 X117.8 Y119.786 E.18089
G1 X117.8 Y121.003 E.16478
M204 S8000
G1 X117.009 Y121.122 F18000
G1 E-2 F2400
G1 X139.072 Y120.251 F18000
G1 E2 F2400
M204 S4000
;TYPE:Perimeter
;WIDTH:1.01521
G1 F900
G1 X139.072 Y119.322 E.14358
G1 X140.428 Y119.322 E.20958
G1 X140.428 Y119.786 E.07171
G1 X140.428 Y120.251 E.07187
G1 X139.192 Y120.251 E.19103
M204 S8000
G1 X139.192 Y120.251 F18000
G1 X138.2 Y121.123
M204 S3000
;TYPE:External perimeter
;WIDTH:0.9
G1 F900
G1 X138.2 Y118.45 E.36191
G1 X141.3 Y118.45 E.41973
G1 X141.3 Y119.786 E.18089
G1 X141.3 Y121.123 E.18102
G1 X138.32 Y121.123 E.40348
M204 S8000
G1 X138.201 Y120.332 F18000
G1 E-2 F2400
G1 X139.014 Y125.691 F18000
G1 E2 F2400
M204 S4000
;TYPE:Perimeter
G1 F900
G1 X140.486 Y125.691 E.1993
G1 X140.486 Y126.427 E.09965
G1 X140.486 Y136.736 E1.39579
G1 X139.014 Y136.736 E.1993
G1 X139.014 Y125.811 E1.47919
M204 S8000
G1 X139.014 Y125.811 F18000
G1 X138.2 Y124.877
M204 S3000
;TYPE:External perimeter
G1 F900
G1 X141.3 Y124.877 E.41973
G1 X141.3 Y126.427 E.20986
G1 X141.3 Y137.55 E1.506
G1 X138.2 Y137.55 E.41973
G1 X138.2 Y124.997 E1.69962
M204 S8000
G1 X138.991 Y124.878 F18000
G1 E-2 F2400
G1 X139.75 Y136 F18000
G1 E2 F2400
M204 S4000
;TYPE:Perimeter
;WIDTH:0.743365
G1 F3600
G1 X139.75 Y126.427 E1.04678
M204 S8000
;LAYER_CHANGE
;Z:30
;HEIGHT:0.4
G1 Z30 F18000
G1 E-2 F2400
G1 Z30 F18000
G1 X116.986 Y136.736
G1 Z30
G1 E2 F2400
M204 S4000
;WIDTH:0.9
G1 F900
G1 X115.514 Y136.736 E.1993
G1 X115.514 Y125.131 E1.57126
G1 X116.986 Y125.131 E.1993
G1 X116.986 Y125.866 E.09952
G1 X116.986 Y136.616 E1.4555
M204 S8000
G1 X116.986 Y136.616 F18000
G1 X117.8 Y137.55
M204 S3000
;TYPE:External perimeter
G1 F900
G1 X114.7 Y137.55 E.41973
G1 X114.7 Y124.316 E1.79182
G1 X117.8 Y124.316 E.41973
G1 X117.8 Y125.866 E.20986
G1 X117.8 Y137.43 E1.56571
M204 S8000
G1 X117.009 Y137.549 F18000
G1 X116.25 Y136
M204 S4000
;TYPE:Perimeter
;WIDTH:0.743365
G1 F3600
G1 X116.25 Y125.866 E1.10812
M204 S8000
G1 E-2 F2400
G1 X116.25 Y125.866 F18000
G1 X116.986 Y119.264
G1 E2 F2400
M204 S4000
;WIDTH:0.9
G1 F900
G1 X116.986 Y120 E.09965
G1 X116.986 Y120.869 E.11766
G1 X115.514 Y120.869 E.1993
G1 X115.514 Y119.264 E.21731
G1 X116.866 Y119.264 E.18305
M204 S8000
G1 X116.866 Y119.264 F18000
G1 X117.8 Y118.45
M204 S3000
;TYPE:External perimeter
G1 F900
G1 X117.8 Y120 E.20986
G1 X117.8 Y121.684 E.22801
G1 X114.7 Y121.684 E.41973
G1 X114.7 Y118.45 E.43787
G1 X117.68 Y118.45 E.40348
M204 S8000
G1 X117.799 Y119.241 F18000
G1 E-2 F2400
G1 X139.014 Y119.264 F18000
G1 E2 F2400
M204 S4000
;TYPE:Perimeter
G1 F900
G1 X140.486 Y119.264 E.1993
G1 X140.486 Y120 E.09965
G1 X140.486 Y120.869 E.11766
G1 X139.014 Y120.869 E.1993
G1 X139.014 Y119.384 E.20106
M204 S8000
G1 X139.014 Y119.384 F18000
G1 X138.2 Y118.45
M204 S3000
;TYPE:External perimeter
G1 F900
G1 X141.3 Y118.45 E.41973
G1 X141.3 Y120 E.20986
G1 X141.3 Y121.684 E.22801
G1 X138.2 Y121.684 E.41973
G1 X138.2 Y118.57 E.42162
M204 S8000
G1 X138.991 Y118.451 F18000
G1 E-2 F2400
G1 X139.014 Y136.736 F18000
G1 E2 F2400
M204 S4000
;TYPE:Perimeter
G1 F900
G1 X139.014 Y125.131 E1.57126
G1 X140.486 Y125.131 E.1993
G1 X140.486 Y125.866 E.09952
G1 X140.486 Y136.736 E1.47175
G1 X139.134 Y136.736 E.18305
M204 S8000
G1 X139.134 Y136.736 F18000
G1 X138.2 Y137.55
M204 S3000
;TYPE:External perimeter
G1 F900
G1 X138.2 Y124.316 E1.79182
G1 X141.3 Y124.316 E.41973
G1 X141.3 Y125.866 E.20986
G1 X141.3 Y137.55 E1.58196
G1 X138.32 Y137.55 E.40348
M204 S8000
G1 X138.201 Y136.759 F18000
G1 X139.75 Y136
M204 S4000
;TYPE:Perimeter
;WIDTH:0.743365
G1 F3600
G1 X139.75 Y125.866 E1.10812
M204 S8000
;LAYER_CHANGE
;Z:30.4
;HEIGHT:0.4
G1 Z30.4 F18000
G1 E-2 F2400
G1 Z30.4 F18000
G1 X139.014 Y136.736
G1 Z30.4
G1 E2 F2400
M204 S4000
;WIDTH:0.9
G1 F900
G1 X139.014 Y123.466 E1.79669
M204 S2500
;TYPE:Overhang perimeter
;WIDTH:0.8
;HEIGHT:0.8
G1 X139.014 Y122.534 E.19477
M204 S4000
;TYPE:Perimeter
;WIDTH:0.9
;HEIGHT:0.4
G1 X139.014 Y119.264 E.44274
G1 X140.486 Y119.264 E.1993
G1 X140.486 Y120 E.09965
G1 X140.486 Y122.534 E.34309
M204 S2500
;TYPE:Overhang perimeter
;WIDTH:0.8
;HEIGHT:0.8
G1 X140.486 Y123.466 E.19477
M204 S4000
;TYPE:Perimeter
;WIDTH:0.9
;HEIGHT:0.4
G1 X140.486 Y136.736 E1.79669
G1 X139.134 Y136.736 E.18305
M204 S8000
G1 X139.134 Y136.736 F18000
G1 X138.2 Y137.55
M204 S3000
;TYPE:External perimeter
G1 F2400
G1 X138.2 Y123.466 E1.90691
M204 S2500
;TYPE:Overhang perimeter
;WIDTH:0.8
;HEIGHT:0.8
G1 F1500
G1 X138.2 Y122.534 E.19477
M204 S3000
;TYPE:External perimeter
;WIDTH:0.9
;HEIGHT:0.4
G1 F2400
G1 X138.2 Y118.45 E.55295
G1 X141.3 Y118.45 E.41973
G1 X141.3 Y120 E.20986
G1 X141.3 Y122.534 E.34309
M204 S2500
;TYPE:Overhang perimeter
;WIDTH:0.8
;HEIGHT:0.8
G1 F1500
G1 X141.3 Y123.466 E.19477
M204 S3000
;TYPE:External perimeter
;WIDTH:0.9
;HEIGHT:0.4
G1 F2400
G1 X141.3 Y137.55 E1.90691
G1 X138.32 Y137.55 E.40348
M204 S8000
G1 X138.201 Y136.759 F18000
G1 X139.75 Y136
M204 S4000
;TYPE:Perimeter
;WIDTH:0.743365
G1 F3600
G1 X139.75 Y123.466 E1.37055
M204 S2500
;TYPE:Overhang perimeter
;WIDTH:0.8
;HEIGHT:0.8
G1 F1500
G1 X139.75 Y122.534 E.19477
M204 S4000
;TYPE:Perimeter
;WIDTH:0.743365
;HEIGHT:0.4
G1 F3600
G1 X139.75 Y120 E.27708
M204 S8000
G1 E-2 F2400
G1 X116.986 Y136.736 F18000
G1 E2 F2400
M204 S4000
;WIDTH:0.9
G1 F900
G1 X115.514 Y136.736 E.1993
G1 X115.514 Y123.466 E1.79669
M204 S2500
;TYPE:Overhang perimeter
;WIDTH:0.8
;HEIGHT:0.8
G1 X115.514 Y122.534 E.19477
M204 S4000
;TYPE:Perimeter
;WIDTH:0.9
;HEIGHT:0.4
G1 X115.514 Y119.264 E.44274
G1 X116.986 Y119.264 E.1993
G1 X116.986 Y120 E.09965
G1 X116.986 Y122.534 E.34309
M204 S2500
;TYPE:Overhang perimeter
;WIDTH:0.8
;HEIGHT:0.8
G1 X116.986 Y123.466 E.19477
M204 S4000
;TYPE:Perimeter
;WIDTH:0.9
;HEIGHT:0.4
G1 X116.986 Y136.616 E1.78045
M204 S8000
G1 X116.986 Y136.616 F18000
G1 X117.8 Y137.55
M204 S3000
;TYPE:External perimeter
G1 F2400
G1 X114.7 Y137.55 E.41973
G1 X114.7 Y123.466 E1.90691
M204 S2500
;TYPE:Overhang perimeter
;WIDTH:0.8
;HEIGHT:0.8
G1 F1500
G1 X114.7 Y122.534 E.19477
M204 S3000
;TYPE:External perimeter
;WIDTH:0.9
;HEIGHT:0.4
G1 F2400
G1 X114.7 Y118.45 E.55295
G1 X117.8 Y118.45 E.41973
G1 X117.8 Y120 E.20986
G1 X117.8 Y122.534 E.34309
M204 S2500
;TYPE:Overhang perimeter
;WIDTH:0.8
;HEIGHT:0.8
G1 F1500
G1 X117.8 Y123.466 E.19477
M204 S3000
;TYPE:External perimeter
;WIDTH:0.9
;HEIGHT:0.4
G1 F2400
G1 X117.8 Y137.43 E1.89066
M204 S8000
G1 X117.009 Y137.549 F18000
G1 X116.25 Y136
M204 S4000
;TYPE:Perimeter
;WIDTH:0.743365
G1 F3600
G1 X116.25 Y123.466 E1.37055
M204 S2500
;TYPE:Overhang perimeter
;WIDTH:0.8
;HEIGHT:0.8
G1 F1500
G1 X116.25 Y122.534 E.19477
M204 S4000
;TYPE:Perimeter
;WIDTH:0.743365
;HEIGHT:0.4
G1 F3600
G1 X116.25 Y120 E.27708
M204 S8000
;LAYER_CHANGE
;Z:30.8
;HEIGHT:0.4
G1 Z30.8 F18000
G1 E-2 F2400
G1 Z30.8 F18000
G1 X139.014 Y136.736
G1 Z30.8
G1 E2 F2400
M204 S4000
;WIDTH:0.9
G1 F900
G1 X139.014 Y119.264 E2.36562
G1 X140.486 Y119.264 E.1993
G1 X140.486 Y120 E.09965
G1 X140.486 Y136.736 E2.26597
G1 X139.134 Y136.736 E.18305
M204 S8000
G1 X139.134 Y136.736 F18000
G1 X138.2 Y137.55
M204 S3000
;TYPE:External perimeter
G1 F2400
G1 X138.2 Y118.45 E2.58605
G1 X141.3 Y118.45 E.41973
G1 X141.3 Y120 E.20986
G1 X141.3 Y137.55 E2.37619
G1 X138.32 Y137.55 E.40348
M204 S8000
G1 X138.201 Y136.759 F18000
G1 X139.75 Y136
M204 S4000
;TYPE:Perimeter
;WIDTH:0.743365
G1 F3600
G1 X139.75 Y120 E1.74955
M204 S8000
G1 E-2 F2400
G1 X116.986 Y136.736 F18000
G1 E2 F2400
M204 S4000
;WIDTH:0.9
G1 F900
G1 X115.514 Y136.736 E.1993
G1 X115.514 Y119.264 E2.36562
G1 X116.986 Y119.264 E.1993
G1 X116.986 Y120 E.09965
G1 X116.986 Y136.616 E2.24973
M204 S8000
G1 X116.986 Y136.616 F18000
G1 X117.8 Y137.55
M204 S3000
;TYPE:External perimeter
G1 F2400
G1 X114.7 Y137.55 E.41973
G1 X114.7 Y118.45 E2.58605
G1 X117.8 Y118.45 E.41973
G1 X117.8 Y120 E.20986
G1 X117.8 Y137.43 E2.35994
M204 S8000
G1 X117.009 Y137.549 F18000
G1 X116.25 Y136
M204 S4000
;TYPE:Perimeter
;WIDTH:0.743365
G1 F3600
G1 X116.25 Y120 E1.74955
M204 S8000
;LAYER_CHANGE
;Z:31.2
;HEIGHT:0.400002
G1 Z31.2 F18000
G1 E-2 F2400
G1 Z31.2 F18000
G1 X139.014 Y136.736
G1 Z31.2
G1 E2 F2400
M204 S4000
;WIDTH:0.9
G1 F900
G1 X139.014 Y119.264 E2.36562
G1 X140.486 Y119.264 E.1993
G1 X140.486 Y120 E.09965
G1 X140.486 Y136.736 E2.26597
G1 X139.134 Y136.736 E.18305
M204 S8000
G1 X139.134 Y136.736 F18000
G1 X138.2 Y137.55
M204 S3000
;TYPE:External perimeter
G1 F2400
G1 X138.2 Y118.45 E2.58605
G1 X141.3 Y118.45 E.41973
G1 X141.3 Y120 E.20986
G1 X141.3 Y137.55 E2.37619
G1 X138.32 Y137.55 E.40348
M204 S8000
G1 X138.201 Y136.759 F18000
G1 X139.75 Y136
M204 S4000
;TYPE:Perimeter
;WIDTH:0.743365
G1 F3600
G1 X139.75 Y120 E1.74955
M204 S8000
G1 E-2 F2400
G1 X116.986 Y136.736 F18000
G1 E2 F2400
M204 S4000
;WIDTH:0.9
G1 F900
G1 X115.514 Y136.736 E.1993
G1 X115.514 Y119.264 E2.36562
G1 X116.986 Y119.264 E.1993
G1 X116.986 Y120 E.09965
G1 X116.986 Y136.616 E2.24973
M204 S8000
G1 X116.986 Y136.616 F18000
G1 X117.8 Y137.55
M204 S3000
;TYPE:External perimeter
G1 F2400
G1 X114.7 Y137.55 E.41973
G1 X114.7 Y118.45 E2.58605
G1 X117.8 Y118.45 E.41973
G1 X117.8 Y120 E.20986
G1 X117.8 Y137.43 E2.35994
M204 S8000
G1 X117.009 Y137.549 F18000
G1 X116.25 Y136
M204 S4000
;TYPE:Perimeter
;WIDTH:0.743365
G1 F3600
G1 X116.25 Y120 E1.74955
M204 S8000
;LAYER_CHANGE
;Z:31.6
;HEIGHT:0.4
G1 Z31.6 F18000
G1 E-2 F2400
G1 Z31.6 F18000
G1 X139.014 Y136.736
G1 Z31.6
G1 E2 F2400
M204 S4000
;WIDTH:0.9
G1 F900
G1 X139.014 Y119.264 E2.36562
G1 X140.486 Y119.264 E.1993
G1 X140.486 Y120 E.09965
G1 X140.486 Y136.736 E2.26597
G1 X139.134 Y136.736 E.18305
M204 S8000
G1 X139.134 Y136.736 F18000
G1 X138.2 Y137.55
M204 S3000
;TYPE:External perimeter
G1 F2400
G1 X138.2 Y118.45 E2.58605
G1 X141.3 Y118.45 E.41973
G1 X141.3 Y120 E.20986
G1 X141.3 Y137.55 E2.37619
G1 X138.32 Y137.55 E.40348
M204 S8000
G1 X138.201 Y136.759 F18000
G1 X139.75 Y136
M204 S4000
;TYPE:Perimeter
;WIDTH:0.743365
G1 F3600
G1 X139.75 Y120 E1.74955
M204 S8000
G1 E-2 F2400
G1 X116.986 Y136.736 F18000
G1 E2 F2400
M204 S4000
;WIDTH:0.9
G1 F900
G1 X115.514 Y136.736 E.1993
G1 X115.514 Y119.264 E2.36562
G1 X116.986 Y119.264 E.1993
G1 X116.986 Y120 E.09965
G1 X116.986 Y136.616 E2.24973
M204 S8000
G1 X116.986 Y136.616 F18000
G1 X117.8 Y137.55
M204 S3000
;TYPE:External perimeter
G1 F2400
G1 X114.7 Y137.55 E.41973
G1 X114.7 Y118.45 E2.58605
G1 X117.8 Y118.45 E.41973
G1 X117.8 Y120 E.20986
G1 X117.8 Y137.43 E2.35994
M204 S8000
G1 X117.009 Y137.549 F18000
G1 X116.25 Y136
M204 S4000
;TYPE:Perimeter
;WIDTH:0.743365
G1 F3600
G1 X116.25 Y120 E1.74955
M204 S8000
;LAYER_CHANGE
;Z:32
;HEIGHT:0.4
G1 Z32 F18000
G1 E-2 F2400
G1 Z32 F18000
G1 X139.014 Y136.736
G1 Z32
G1 E2 F2400
M204 S4000
;WIDTH:0.9
G1 F900
G1 X139.014 Y119.264 E2.36562
G1 X140.486 Y119.264 E.1993
G1 X140.486 Y120 E.09965
G1 X140.486 Y136.736 E2.26597
G1 X139.134 Y136.736 E.18305
M204 S8000
G1 X139.134 Y136.736 F18000
G1 X138.2 Y137.55
M204 S3000
;TYPE:External perimeter
G1 F2400
G1 X138.2 Y118.45 E2.58605
G1 X141.3 Y118.45 E.41973
G1 X141.3 Y120 E.20986
G1 X141.3 Y137.55 E2.37619
G1 X138.32 Y137.55 E.40348
M204 S8000
G1 X138.201 Y136.759 F18000
G1 X139.75 Y136
M204 S4000
;TYPE:Perimeter
;WIDTH:0.743365
G1 F3600
G1 X139.75 Y120 E1.74955
M204 S8000
G1 E-2 F2400
G1 X116.986 Y136.736 F18000
G1 E2 F2400
M204 S4000
;WIDTH:0.9
G1 F900
G1 X115.514 Y136.736 E.1993
G1 X115.514 Y119.264 E2.36562
G1 X116.986 Y119.264 E.1993
G1 X116.986 Y120 E.09965
G1 X116.986 Y136.616 E2.24973
M204 S8000
G1 X116.986 Y136.616 F18000
G1 X117.8 Y137.55
M204 S3000
;TYPE:External perimeter
G1 F2400
G1 X114.7 Y137.55 E.41973
G1 X114.7 Y118.45 E2.58605
G1 X117.8 Y118.45 E.41973
G1 X117.8 Y120 E.20986
G1 X117.8 Y137.43 E2.35994
M204 S8000
G1 X117.009 Y137.549 F18000
G1 X116.25 Y136
M204 S4000
;TYPE:Perimeter
;WIDTH:0.743365
G1 F3600
G1 X116.25 Y120 E1.74955
M204 S8000
;LAYER_CHANGE
;Z:32.4
;HEIGHT:0.400002
G1 Z32.4 F18000
G1 E-2 F2400
G1 Z32.4 F18000
G1 X139.014 Y136.736
G1 Z32.4
G1 E2 F2400
M204 S4000
;WIDTH:0.9
G1 F900
G1 X139.014 Y119.264 E2.36562
G1 X140.486 Y119.264 E.1993
G1 X140.486 Y120 E.09965
G1 X140.486 Y136.736 E2.26597
G1 X139.134 Y136.736 E.18305
M204 S8000
G1 X139.134 Y136.736 F18000
G1 X138.2 Y137.55
M204 S3000
;TYPE:External perimeter
G1 F2400
G1 X138.2 Y118.45 E2.58605
G1 X141.3 Y118.45 E.41973
G1 X141.3 Y120 E.20986
G1 X141.3 Y137.55 E2.37619
G1 X138.32 Y137.55 E.40348
M204 S8000
G1 X138.201 Y136.759 F18000
G1 X139.75 Y136
M204 S4000
;TYPE:Perimeter
;WIDTH:0.743365
G1 F3600
G1 X139.75 Y120 E1.74955
M204 S8000
G1 E-2 F2400
G1 X116.986 Y136.736 F18000
G1 E2 F2400
M204 S4000
;WIDTH:0.9
G1 F900
G1 X115.514 Y136.736 E.1993
G1 X115.514 Y119.264 E2.36562
G1 X116.986 Y119.264 E.1993
G1 X116.986 Y120 E.09965
G1 X116.986 Y136.616 E2.24973
M204 S8000
G1 X116.986 Y136.616 F18000
G1 X117.8 Y137.55
M204 S3000
;TYPE:External perimeter
G1 F2400
G1 X114.7 Y137.55 E.41973
G1 X114.7 Y118.45 E2.58605
G1 X117.8 Y118.45 E.41973
G1 X117.8 Y120 E.20986
G1 X117.8 Y137.43 E2.35994
M204 S8000
G1 X117.009 Y137.549 F18000
G1 X116.25 Y136
M204 S4000
;TYPE:Perimeter
;WIDTH:0.743365
G1 F3600
G1 X116.25 Y120 E1.74955
M204 S8000
;LAYER_CHANGE
;Z:32.8
;HEIGHT:0.399998
G1 Z32.8 F18000
G1 E-2 F2400
G1 Z32.8 F18000
G1 X139.014 Y136.736
G1 Z32.8
G1 E2 F2400
M204 S4000
;WIDTH:0.9
G1 F900
G1 X139.014 Y119.264 E2.36562
G1 X140.486 Y119.264 E.1993
G1 X140.486 Y120 E.09965
G1 X140.486 Y136.736 E2.26597
G1 X139.134 Y136.736 E.18305
M204 S8000
G1 X139.134 Y136.736 F18000
G1 X138.2 Y137.55
M204 S3000
;TYPE:External perimeter
G1 F2400
G1 X138.2 Y118.45 E2.58605
G1 X141.3 Y118.45 E.41973
G1 X141.3 Y120 E.20986
G1 X141.3 Y137.55 E2.37619
G1 X138.32 Y137.55 E.40348
M204 S8000
G1 X138.201 Y136.759 F18000
G1 X139.75 Y136
M204 S4000
;TYPE:Perimeter
;WIDTH:0.743365
G1 F3600
G1 X139.75 Y120 E1.74955
M204 S8000
G1 E-2 F2400
G1 X116.986 Y136.736 F18000
G1 E2 F2400
M204 S4000
;WIDTH:0.9
G1 F900
G1 X115.514 Y136.736 E.1993
G1 X115.514 Y119.264 E2.36562
G1 X116.986 Y119.264 E.1993
G1 X116.986 Y120 E.09965
G1 X116.986 Y136.616 E2.24973
M204 S8000
G1 X116.986 Y136.616 F18000
G1 X117.8 Y137.55
M204 S3000
;TYPE:External perimeter
G1 F2400
G1 X114.7 Y137.55 E.41973
G1 X114.7 Y118.45 E2.58605
G1 X117.8 Y118.45 E.41973
G1 X117.8 Y120 E.20986
G1 X117.8 Y137.43 E2.35994
M204 S8000
G1 X117.009 Y137.549 F18000
G1 X116.25 Y136
M204 S4000
;TYPE:Perimeter
;WIDTH:0.743365
G1 F3600
G1 X116.25 Y120 E1.74955
M204 S8000
;LAYER_CHANGE
;Z:33.2
;HEIGHT:0.400002
G1 Z33.2 F18000
G1 E-2 F2400
G1 Z33.2 F18000
G1 X139.014 Y136.736
G1 Z33.2
G1 E2 F2400
M204 S4000
;WIDTH:0.9
G1 F900
G1 X139.014 Y119.264 E2.36562
G1 X140.486 Y119.264 E.1993
G1 X140.486 Y120 E.09965
G1 X140.486 Y136.736 E2.26597
G1 X139.134 Y136.736 E.18305
M204 S8000
G1 X139.134 Y136.736 F18000
G1 X138.2 Y137.55
M204 S3000
;TYPE:External perimeter
G1 F2400
G1 X138.2 Y118.45 E2.58605
G1 X141.3 Y118.45 E.41973
G1 X141.3 Y120 E.20986
G1 X141.3 Y137.55 E2.37619
G1 X138.32 Y137.55 E.40348
M204 S8000
G1 X138.201 Y136.759 F18000
G1 X139.75 Y136
M204 S4000
;TYPE:Perimeter
;WIDTH:0.743365
G1 F3600
G1 X139.75 Y120 E1.74955
M204 S8000
G1 E-2 F2400
G1 X116.986 Y136.736 F18000
G1 E2 F2400
M204 S4000
;WIDTH:0.9
G1 F900
G1 X115.514 Y136.736 E.1993
G1 X115.514 Y119.264 E2.36562
G1 X116.986 Y119.264 E.1993
G1 X116.986 Y120 E.09965
G1 X116.986 Y136.616 E2.24973
M204 S8000
G1 X116.986 Y136.616 F18000
G1 X117.8 Y137.55
M204 S3000
;TYPE:External perimeter
G1 F2400
G1 X114.7 Y137.55 E.41973
G1 X114.7 Y118.45 E2.58605
G1 X117.8 Y118.45 E.41973
G1 X117.8 Y120 E.20986
G1 X117.8 Y137.43 E2.35994
M204 S8000
G1 X117.009 Y137.549 F18000
G1 X116.25 Y136
M204 S4000
;TYPE:Perimeter
;WIDTH:0.743365
G1 F3600
G1 X116.25 Y120 E1.74955
M204 S8000
;LAYER_CHANGE
;Z:33.6
;HEIGHT:0.399998
G1 Z33.6 F18000
G1 E-2 F2400
G1 Z33.6 F18000
G1 X139.014 Y136.736
G1 Z33.6
G1 E2 F2400
M204 S4000
;WIDTH:0.9
G1 F900
G1 X139.014 Y119.264 E2.36562
G1 X140.486 Y119.264 E.1993
G1 X140.486 Y120 E.09965
G1 X140.486 Y136.736 E2.26597
G1 X139.134 Y136.736 E.18305
M204 S8000
G1 X139.134 Y136.736 F18000
G1 X138.2 Y137.55
M204 S3000
;TYPE:External perimeter
G1 F2400
G1 X138.2 Y118.45 E2.58605
G1 X141.3 Y118.45 E.41973
G1 X141.3 Y120 E.20986
G1 X141.3 Y137.55 E2.37619
G1 X138.32 Y137.55 E.40348
M204 S8000
G1 X138.201 Y136.759 F18000
G1 X139.75 Y136
M204 S4000
;TYPE:Perimeter
;WIDTH:0.743365
G1 F3600
G1 X139.75 Y120 E1.74955
M204 S8000
G1 E-2 F2400
G1 X116.986 Y136.736 F18000
G1 E2 F2400
M204 S4000
;WIDTH:0.9
G1 F900
G1 X115.514 Y136.736 E.1993
G1 X115.514 Y119.264 E2.36562
G1 X116.986 Y119.264 E.1993
G1 X116.986 Y120 E.09965
G1 X116.986 Y136.616 E2.24973
M204 S8000
G1 X116.986 Y136.616 F18000
G1 X117.8 Y137.55
M204 S3000
;TYPE:External perimeter
G1 F2400
G1 X114.7 Y137.55 E.41973
G1 X114.7 Y118.45 E2.58605
G1 X117.8 Y118.45 E.41973
G1 X117.8 Y120 E.20986
G1 X117.8 Y137.43 E2.35994
M204 S8000
G1 X117.009 Y137.549 F18000
G1 X116.25 Y136
M204 S4000
;TYPE:Perimeter
;WIDTH:0.743365
G1 F3600
G1 X116.25 Y120 E1.74955
M204 S8000
;LAYER_CHANGE
;Z:34
;HEIGHT:0.400002
G1 Z34 F18000
G1 E-2 F2400
G1 Z34 F18000
G1 X139.014 Y136.736
G1 Z34
G1 E2 F2400
M204 S4000
;WIDTH:0.9
G1 F900
G1 X139.014 Y119.264 E2.36562
G1 X140.486 Y119.264 E.1993
G1 X140.486 Y120 E.09965
G1 X140.486 Y136.736 E2.26597
G1 X139.134 Y136.736 E.18305
M204 S8000
G1 X139.134 Y136.736 F18000
G1 X138.2 Y137.55
M204 S3000
;TYPE:External perimeter
G1 F2400
G1 X138.2 Y118.45 E2.58605
G1 X141.3 Y118.45 E.41973
G1 X141.3 Y120 E.20986
G1 X141.3 Y137.55 E2.37619
G1 X138.32 Y137.55 E.40348
M204 S8000
G1 X138.201 Y136.759 F18000
G1 X139.75 Y136
M204 S4000
;TYPE:Perimeter
;WIDTH:0.743365
G1 F3600
G1 X139.75 Y120 E1.74955
M204 S8000
G1 E-2 F2400
G1 X116.986 Y136.736 F18000
G1 E2 F2400
M204 S4000
;WIDTH:0.9
G1 F900
G1 X115.514 Y136.736 E.1993
G1 X115.514 Y119.264 E2.36562
G1 X116.986 Y119.264 E.1993
G1 X116.986 Y120 E.09965
G1 X116.986 Y136.616 E2.24973
M204 S8000
G1 X116.986 Y136.616 F18000
G1 X117.8 Y137.55
M204 S3000
;TYPE:External perimeter
G1 F2400
G1 X114.7 Y137.55 E.41973
G1 X114.7 Y118.45 E2.58605
G1 X117.8 Y118.45 E.41973
G1 X117.8 Y120 E.20986
G1 X117.8 Y137.43 E2.35994
M204 S8000
G1 X117.009 Y137.549 F18000
G1 X116.25 Y136
M204 S4000
;TYPE:Perimeter
;WIDTH:0.743365
G1 F3600
G1 X116.25 Y120 E1.74955
M204 S8000
;LAYER_CHANGE
;Z:34.4
;HEIGHT:0.400002
G1 Z34.4 F18000
G1 E-2 F2400
G1 Z34.4 F18000
G1 X139.014 Y136.736
G1 Z34.4
G1 E2 F2400
M204 S4000
;WIDTH:0.9
G1 F900
G1 X139.014 Y119.264 E2.36562
G1 X140.486 Y119.264 E.1993
G1 X140.486 Y120 E.09965
G1 X140.486 Y136.736 E2.26597
G1 X139.134 Y136.736 E.18305
M204 S8000
G1 X139.134 Y136.736 F18000
G1 X138.2 Y137.55
M204 S3000
;TYPE:External perimeter
G1 F2400
G1 X138.2 Y118.45 E2.58605
G1 X141.3 Y118.45 E.41973
G1 X141.3 Y120 E.20986
G1 X141.3 Y137.55 E2.37619
G1 X138.32 Y137.55 E.40348
M204 S8000
G1 X138.201 Y136.759 F18000
G1 X139.75 Y136
M204 S4000
;TYPE:Perimeter
;WIDTH:0.743365
G1 F3600
G1 X139.75 Y120 E1.74955
M204 S8000
G1 E-2 F2400
G1 X116.986 Y136.736 F18000
G1 E2 F2400
M204 S4000
;WIDTH:0.9
G1 F900
G1 X115.514 Y136.736 E.1993
G1 X115.514 Y119.264 E2.36562
G1 X116.986 Y119.264 E.1993
G1 X116.986 Y120 E.09965
G1 X116.986 Y136.616 E2.24973
M204 S8000
G1 X116.986 Y136.616 F18000
G1 X117.8 Y137.55
M204 S3000
;TYPE:External perimeter
G1 F2400
G1 X114.7 Y137.55 E.41973
G1 X114.7 Y118.45 E2.58605
G1 X117.8 Y118.45 E.41973
G1 X117.8 Y120 E.20986
G1 X117.8 Y137.43 E2.35994
M204 S8000
G1 X117.009 Y137.549 F18000
G1 X116.25 Y136
M204 S4000
;TYPE:Perimeter
;WIDTH:0.743365
G1 F3600
G1 X116.25 Y120 E1.74955
M204 S8000
;LAYER_CHANGE
;Z:34.8
;HEIGHT:0.399998
G1 Z34.8 F18000
G1 E-2 F2400
G1 Z34.8 F18000
G1 X139.014 Y134.884
G1 Z34.8
G1 E2 F2400
M204 S4000
;WIDTH:0.9
G1 F900
G1 X140.486 Y134.884 E.1993
G1 X140.486 Y135.619 E.09952
G1 X140.486 Y136.736 E.15124
G1 X139.014 Y136.736 E.1993
G1 X139.014 Y135.004 E.2345
M204 S8000
G1 X139.014 Y135.004 F18000
G1 X138.2 Y134.069
M204 S3000
;TYPE:External perimeter
G1 F900
G1 X141.3 Y134.069 E.41973
G1 X141.3 Y135.619 E.20986
G1 X141.3 Y137.55 E.26145
G1 X138.2 Y137.55 E.41973
G1 X138.2 Y134.189 E.45506
M204 S8000
G1 X138.991 Y134.071 F18000
G1 E-2 F2400
G1 X139.75 Y136 F18000
G1 E2 F2400
M204 S4000
;TYPE:Perimeter
;WIDTH:0.743365
G1 F3600
G1 X139.75 Y135.619 E.04166
M204 S8000
G1 E-2 F2400
G1 X139.75 Y135.619 F18000
G1 X139.014 Y131.116
G1 E2 F2400
M204 S4000
;WIDTH:0.9
G1 F900
G1 X139.014 Y119.264 E1.6047
G1 X140.486 Y119.264 E.1993
G1 X140.486 Y120 E.09965
G1 X140.486 Y131.116 E1.50505
G1 X139.134 Y131.116 E.18305
M204 S8000
G1 X139.134 Y131.116 F18000
G1 X138.2 Y131.931
M204 S3000
;TYPE:External perimeter
G1 F900
G1 X138.2 Y118.45 E1.82526
G1 X141.3 Y118.45 E.41973
G1 X141.3 Y120 E.20986
G1 X141.3 Y131.931 E1.6154
G1 X138.32 Y131.931 E.40348
M204 S8000
G1 X138.201 Y131.139 F18000
G1 X139.75 Y130.381
M204 S4000
;TYPE:Perimeter
;WIDTH:0.743365
G1 F3600
G1 X139.75 Y120 E1.13513
M204 S8000
G1 E-2 F2400
G1 X115.514 Y131.116 F18000
G1 E2 F2400
M204 S4000
;WIDTH:0.9
G1 F900
G1 X115.514 Y119.264 E1.6047
G1 X116.986 Y119.264 E.1993
G1 X116.986 Y120 E.09965
G1 X116.986 Y131.116 E1.50505
G1 X115.634 Y131.116 E.18305
M204 S8000
G1 X115.634 Y131.116 F18000
G1 X114.7 Y131.931
M204 S3000
;TYPE:External perimeter
G1 F900
G1 X114.7 Y118.45 E1.82526
G1 X117.8 Y118.45 E.41973
G1 X117.8 Y120 E.20986
G1 X117.8 Y131.931 E1.6154
G1 X114.82 Y131.931 E.40348
M204 S8000
G1 X114.701 Y131.139 F18000
G1 X116.25 Y130.381
M204 S4000
;TYPE:Perimeter
;WIDTH:0.743365
G1 F3600
G1 X116.25 Y120 E1.13513
M204 S8000
G1 E-2 F2400
G1 X116.986 Y136.736 F18000
G1 E2 F2400
M204 S4000
;WIDTH:0.9
G1 F900
G1 X115.514 Y136.736 E.1993
G1 X115.514 Y134.884 E.25075
G1 X116.986 Y134.884 E.1993
G1 X116.986 Y135.619 E.09952
G1 X116.986 Y136.616 E.13499
M204 S8000
G1 X116.986 Y136.616 F18000
G1 X117.8 Y137.55
M204 S3000
;TYPE:External perimeter
G1 F900
G1 X114.7 Y137.55 E.41973
G1 X114.7 Y134.069 E.47131
G1 X117.8 Y134.069 E.41973
G1 X117.8 Y135.619 E.20986
G1 X117.8 Y137.43 E.2452
M204 S8000
G1 X117.009 Y137.549 F18000
G1 X116.25 Y136
M204 S4000
;TYPE:Perimeter
;WIDTH:0.743365
G1 F3600
G1 X116.25 Y135.619 E.04166
M204 S8000
;LAYER_CHANGE
;Z:35.2
;HEIGHT:0.400002
G1 Z35.2 F18000
G1 E-2 F2400
G1 Z35.2 F18000
G1 X139.099 Y135.668
G1 Z35.2
G1 E2 F2400
M204 S4000
;WIDTH:1.06898
G1 F900
G1 X140.401 Y135.668 E.21287
G1 X140.401 Y136.16 E.08044
G1 X140.401 Y136.651 E.08028
G1 X139.099 Y136.651 E.21287
G1 X139.099 Y135.788 E.1411
M204 S8000
G1 X139.099 Y135.788 F18000
G1 X138.2 Y134.77
M204 S3000
;TYPE:External perimeter
;WIDTH:0.9
G1 F900
G1 X141.3 Y134.77 E.41973
G1 X141.3 Y136.16 E.1882
G1 X141.3 Y137.55 E.1882
G1 X138.2 Y137.55 E.41973
G1 X138.2 Y134.89 E.36015
M204 S8000
G1 X138.991 Y134.771 F18000
G1 E-2 F2400
G1 X139.014 Y130.416 F18000
G1 E2 F2400
M204 S4000
;TYPE:Perimeter
G1 F900
G1 X139.014 Y119.264 E1.50993
G1 X140.486 Y119.264 E.1993
G1 X140.486 Y120 E.09965
G1 X140.486 Y130.416 E1.41028
G1 X139.134 Y130.416 E.18305
M204 S8000
G1 X139.134 Y130.416 F18000
G1 X138.2 Y131.23
M204 S3000
;TYPE:External perimeter
G1 F900
G1 X138.2 Y118.45 E1.73035
G1 X141.3 Y118.45 E.41973
G1 X141.3 Y120 E.20986
G1 X141.3 Y131.23 E1.52049
G1 X138.32 Y131.23 E.40348
M204 S8000
G1 X138.201 Y130.439 F18000
G1 X139.75 Y129.68
M204 S4000
;TYPE:Perimeter
;WIDTH:0.743365
G1 F3600
G1 X139.75 Y120 E1.05848
M204 S8000
G1 E-2 F2400
G1 X115.514 Y130.416 F18000
G1 E2 F2400
M204 S4000
;WIDTH:0.9
G1 F900
G1 X115.514 Y119.264 E1.50993
G1 X116.986 Y119.264 E.1993
G1 X116.986 Y120 E.09965
G1 X116.986 Y130.416 E1.41028
G1 X115.634 Y130.416 E.18305
M204 S8000
G1 X115.634 Y130.416 F18000
G1 X114.7 Y131.23
M204 S3000
;TYPE:External perimeter
G1 F900
G1 X114.7 Y118.45 E1.73035
G1 X117.8 Y118.45 E.41973
G1 X117.8 Y120 E.20986
G1 X117.8 Y131.23 E1.52049
G1 X114.82 Y131.23 E.40348
M204 S8000
G1 X114.701 Y130.439 F18000
G1 X116.25 Y129.68
M204 S4000
;TYPE:Perimeter
;WIDTH:0.743365
G1 F3600
G1 X116.25 Y120 E1.05848
M204 S8000
G1 E-2 F2400
G1 X116.901 Y136.651 F18000
G1 E2 F2400
M204 S4000
;WIDTH:1.06898
G1 F900
G1 X115.599 Y136.651 E.21287
G1 X115.599 Y135.668 E.16072
G1 X116.901 Y135.668 E.21287
G1 X116.901 Y136.16 E.08044
G1 X116.901 Y136.531 E.06066
M204 S8000
G1 X116.901 Y136.531 F18000
G1 X117.8 Y137.55
M204 S3000
;TYPE:External perimeter
;WIDTH:0.9
G1 F900
G1 X114.7 Y137.55 E.41973
G1 X114.7 Y134.77 E.3764
G1 X117.8 Y134.77 E.41973
G1 X117.8 Y136.16 E.1882
G1 X117.8 Y137.43 E.17195
M204 S8000
G1 X117.009 Y137.549 F18000
;LAYER_CHANGE
;Z:35.6
;HEIGHT:0.399998
G1 Z35.6 F18000
G1 E-2 F2400
G1 Z35.6 F18000
G1 X139.011 Y135.931
G1 Z35.6
G1 E2 F2400
M204 S4000
;TYPE:Perimeter
;WIDTH:0.893954
G1 F900
G1 X140.489 Y135.931 E.19863
G1 X140.489 Y136.335 E.05429
G1 X140.489 Y136.739 E.05429
G1 X139.011 Y136.739 E.19863
G1 X139.011 Y136.051 E.09246
M204 S8000
G1 X139.011 Y136.051 F18000
G1 X138.2 Y135.12
M204 S3000
;TYPE:External perimeter
;WIDTH:0.9
G1 F900
G1 X141.3 Y135.12 E.41973
G1 X141.3 Y136.335 E.16451
G1 X141.3 Y137.55 E.16451
G1 X138.2 Y137.55 E.41973
G1 X138.2 Y135.24 E.31276
M204 S8000
G1 X138.991 Y135.121 F18000
G1 E-2 F2400
G1 X139.014 Y130.066 F18000
G1 E2 F2400
M204 S4000
;TYPE:Perimeter
G1 F900
G1 X139.014 Y119.264 E1.46254
G1 X140.486 Y119.264 E.1993
G1 X140.486 Y120 E.09965
G1 X140.486 Y130.066 E1.36289
G1 X139.134 Y130.066 E.18305
M204 S8000
G1 X139.134 Y130.066 F18000
G1 X138.2 Y130.88
M204 S3000
;TYPE:External perimeter
G1 F900
G1 X138.2 Y118.45 E1.68296
G1 X141.3 Y118.45 E.41973
G1 X141.3 Y120 E.20986
G1 X141.3 Y130.88 E1.4731
G1 X138.32 Y130.88 E.40348
M204 S8000
G1 X138.201 Y130.089 F18000
G1 X139.75 Y129.33
M204 S4000
;TYPE:Perimeter
;WIDTH:0.743365
G1 F3600
G1 X139.75 Y120 E1.0202
M204 S8000
G1 E-2 F2400
G1 X115.514 Y130.066 F18000
G1 E2 F2400
M204 S4000
;WIDTH:0.9
G1 F900
G1 X115.514 Y119.264 E1.46254
G1 X116.986 Y119.264 E.1993
G1 X116.986 Y120 E.09965
G1 X116.986 Y130.066 E1.36289
G1 X115.634 Y130.066 E.18305
M204 S8000
G1 X115.634 Y130.066 F18000
G1 X114.7 Y130.88
M204 S3000
;TYPE:External perimeter
G1 F900
G1 X114.7 Y118.45 E1.68296
G1 X117.8 Y118.45 E.41973
G1 X117.8 Y120 E.20986
G1 X117.8 Y130.88 E1.4731
G1 X114.82 Y130.88 E.40348
M204 S8000
G1 X114.701 Y130.089 F18000
G1 X116.25 Y129.33
M204 S4000
;TYPE:Perimeter
;WIDTH:0.743365
G1 F3600
G1 X116.25 Y120 E1.0202
M204 S8000
G1 E-2 F2400
G1 X116.989 Y136.739 F18000
G1 E2 F2400
M204 S4000
;WIDTH:0.893954
G1 F900
G1 X115.511 Y136.739 E.19863
G1 X115.511 Y135.931 E.10859
G1 X116.989 Y135.931 E.19863
G1 X116.989 Y136.335 E.05429
G1 X116.989 Y136.619 E.03817
M204 S8000
G1 X116.989 Y136.619 F18000
G1 X117.8 Y137.55
M204 S3000
;TYPE:External perimeter
;WIDTH:0.9
G1 F900
G1 X114.7 Y137.55 E.41973
G1 X114.7 Y135.12 E.32901
G1 X117.8 Y135.12 E.41973
G1 X117.8 Y136.335 E.16451
G1 X117.8 Y137.43 E.14826
M204 S8000
G1 X117.009 Y137.549 F18000
;LAYER_CHANGE
;Z:36
;HEIGHT:0.400002
G1 Z36 F18000
G1 E-2 F2400
G1 Z36 F18000
G1 X138.961 Y136.082
G1 Z36
G1 E2 F2400
M204 S4000
;TYPE:Perimeter
;WIDTH:0.793188
G1 F900
G1 X140.539 Y136.082 E.18562
G1 X140.539 Y136.436 E.04164
G1 X140.539 Y136.789 E.04152
G1 X138.961 Y136.789 E.18562
G1 X138.961 Y136.202 E.06905
M204 S8000
G1 X138.961 Y136.202 F18000
G1 X138.2 Y135.321
M204 S3000
;TYPE:External perimeter
;WIDTH:0.9
G1 F900
G1 X141.3 Y135.321 E.41973
G1 X141.3 Y136.436 E.15097
G1 X141.3 Y137.55 E.15083
G1 X138.2 Y137.55 E.41973
G1 X138.2 Y135.441 E.28555
M204 S8000
G1 X138.991 Y135.322 F18000
G1 E-2 F2400
G1 X139.014 Y129.865 F18000
G1 E2 F2400
M204 S4000
;TYPE:Perimeter
G1 F900
G1 X139.014 Y119.264 E1.43532
G1 X140.486 Y119.264 E.1993
G1 X140.486 Y120 E.09965
G1 X140.486 Y129.865 E1.33567
G1 X139.134 Y129.865 E.18305
M204 S8000
G1 X139.134 Y129.865 F18000
G1 X138.2 Y130.679
M204 S3000
;TYPE:External perimeter
G1 F900
G1 X138.2 Y118.45 E1.65575
G1 X141.3 Y118.45 E.41973
G1 X141.3 Y120 E.20986
G1 X141.3 Y130.679 E1.44589
G1 X138.32 Y130.679 E.40348
M204 S8000
G1 X138.201 Y129.888 F18000
G1 X139.75 Y129.129
M204 S4000
;TYPE:Perimeter
;WIDTH:0.743365
G1 F3600
G1 X139.75 Y120 E.99823
M204 S8000
G1 E-2 F2400
G1 X115.514 Y129.865 F18000
G1 E2 F2400
M204 S4000
;WIDTH:0.9
G1 F900
G1 X115.514 Y119.264 E1.43532
G1 X116.986 Y119.264 E.1993
G1 X116.986 Y120 E.09965
G1 X116.986 Y129.865 E1.33567
G1 X115.634 Y129.865 E.18305
M204 S8000
G1 X115.634 Y129.865 F18000
G1 X114.7 Y130.679
M204 S3000
;TYPE:External perimeter
G1 F900
G1 X114.7 Y118.45 E1.65575
G1 X117.8 Y118.45 E.41973
G1 X117.8 Y120 E.20986
G1 X117.8 Y130.679 E1.44589
G1 X114.82 Y130.679 E.40348
M204 S8000
G1 X114.701 Y129.888 F18000
G1 X116.25 Y129.129
M204 S4000
;TYPE:Perimeter
;WIDTH:0.743365
G1 F3600
G1 X116.25 Y120 E.99823
M204 S8000
G1 E-2 F2400
G1 X117.039 Y136.789 F18000
G1 E2 F2400
M204 S4000
;WIDTH:0.793189
G1 F900
G1 X115.461 Y136.789 E.18562
G1 X115.461 Y136.082 E.08317
G1 X117.039 Y136.082 E.18562
G1 X117.039 Y136.436 E.04164
G1 X117.039 Y136.669 E.02741
M204 S8000
G1 X117.039 Y136.669 F18000
G1 X117.8 Y137.55
M204 S3000
;TYPE:External perimeter
;WIDTH:0.9
G1 F900
G1 X114.7 Y137.55 E.41973
G1 X114.7 Y135.321 E.3018
G1 X117.8 Y135.321 E.41973
G1 X117.8 Y136.436 E.15097
G1 X117.8 Y137.43 E.13458
M204 S8000
G1 X117.009 Y137.549 F18000
;LAYER_CHANGE
;Z:36.4
;HEIGHT:0.400002
G1 Z36.4 F18000
G1 E-2 F2400
G1 Z36.4 F18000
G1 X139.014 Y129.761
G1 Z36.4
G1 E2 F2400
M204 S4000
;TYPE:Perimeter
G1 F900
G1 X139.014 Y119.264 E1.42124
G1 X140.486 Y119.264 E.1993
G1 X140.486 Y120 E.09965
G1 X140.486 Y129.761 E1.32159
G1 X139.134 Y129.761 E.18305
M204 S8000
G1 X139.134 Y129.761 F18000
G1 X138.2 Y130.575
M204 S3000
;TYPE:External perimeter
G1 F900
G1 X138.2 Y118.45 E1.64167
G1 X141.3 Y118.45 E.41973
G1 X141.3 Y120 E.20986
G1 X141.3 Y130.575 E1.4318
G1 X138.32 Y130.575 E.40348
M204 S8000
G1 X138.201 Y129.784 F18000
G1 X139.75 Y129.025
M204 S4000
;TYPE:Perimeter
;WIDTH:0.743365
G1 F3600
G1 X139.75 Y120 E.98685
M204 S8000
G1 E-2 F2400
G1 X138.935 Y136.16 F18000
G1 E2 F2400
M204 S4000
;WIDTH:0.741288
G1 F900
G1 X140.565 Y136.16 E.17767
G1 X140.565 Y136.487 E.03564
G1 X140.565 Y136.815 E.03575
G1 X138.935 Y136.815 E.17767
G1 X138.935 Y136.28 E.05832
M204 S8000
G1 X138.935 Y136.28 F18000
G1 X138.2 Y135.425
M204 S3000
;TYPE:External perimeter
;WIDTH:0.9
G1 F900
G1 X141.3 Y135.425 E.41973
G1 X141.3 Y136.487 E.14379
G1 X141.3 Y137.55 E.14393
G1 X138.2 Y137.55 E.41973
G1 X138.2 Y135.545 E.27147
M204 S8000
G1 X138.991 Y135.426 F18000
G1 E-2 F2400
G1 X117.065 Y136.815 F18000
G1 E2 F2400
M204 S4000
;TYPE:Perimeter
;WIDTH:0.741288
G1 F900
G1 X115.435 Y136.815 E.17767
G1 X115.435 Y136.16 E.0714
G1 X117.065 Y136.16 E.17767
G1 X117.065 Y136.487 E.03564
G1 X117.065 Y136.695 E.02267
M204 S8000
G1 X117.065 Y136.695 F18000
G1 X117.8 Y137.55
M204 S3000
;TYPE:External perimeter
;WIDTH:0.9
G1 F900
G1 X114.7 Y137.55 E.41973
G1 X114.7 Y135.425 E.28771
G1 X117.8 Y135.425 E.41973
G1 X117.8 Y136.487 E.14379
G1 X117.8 Y137.43 E.12768
M204 S8000
G1 X117.009 Y137.549 F18000
G1 E-2 F2400
G1 X115.514 Y129.761 F18000
G1 E2 F2400
M204 S4000
;TYPE:Perimeter
G1 F900
G1 X115.514 Y119.264 E1.42124
G1 X116.986 Y119.264 E.1993
G1 X116.986 Y120 E.09965
G1 X116.986 Y129.761 E1.32159
G1 X115.634 Y129.761 E.18305
M204 S8000
G1 X115.634 Y129.761 F18000
G1 X114.7 Y130.575
M204 S3000
;TYPE:External perimeter
G1 F900
G1 X114.7 Y118.45 E1.64167
G1 X117.8 Y118.45 E.41973
G1 X117.8 Y120 E.20986
G1 X117.8 Y130.575 E1.4318
G1 X114.82 Y130.575 E.40348
M204 S8000
G1 X114.701 Y129.784 F18000
G1 X116.25 Y129.025
M204 S4000
;TYPE:Perimeter
;WIDTH:0.743365
G1 F3600
G1 X116.25 Y120 E.98685
M204 S8000
;LAYER_CHANGE
;Z:36.8
;HEIGHT:0.399998
G1 Z36.8 F18000
G1 E-2 F2400
G1 Z36.8 F18000
G1 X138.93 Y136.175
G1 Z36.8
G1 E2 F2400
M204 S4000
;WIDTH:0.731219
G1 F900
G1 X140.57 Y136.175 E.17602
G1 X140.57 Y136.498 E.03467
G1 X140.57 Y136.82 E.03456
G1 X138.93 Y136.82 E.17602
G1 X138.93 Y136.295 E.05635
M204 S8000
G1 X138.93 Y136.295 F18000
G1 X138.2 Y135.445
M204 S3000
;TYPE:External perimeter
;WIDTH:0.9
G1 F900
G1 X141.3 Y135.445 E.41973
G1 X141.3 Y136.498 E.14257
G1 X141.3 Y137.55 E.14244
G1 X138.2 Y137.55 E.41973
G1 X138.2 Y135.565 E.26876
M204 S8000
G1 X138.991 Y135.446 F18000
G1 E-2 F2400
G1 X139.014 Y129.741 F18000
G1 E2 F2400
M204 S4000
;TYPE:Perimeter
G1 F900
G1 X139.014 Y119.264 E1.41854
G1 X140.486 Y119.264 E.1993
G1 X140.486 Y120 E.09965
G1 X140.486 Y129.741 E1.31888
G1 X139.134 Y129.741 E.18305
M204 S8000
G1 X139.134 Y129.741 F18000
G1 X138.2 Y130.555
M204 S3000
;TYPE:External perimeter
G1 F900
G1 X138.2 Y118.45 E1.63896
G1 X141.3 Y118.45 E.41973
G1 X141.3 Y120 E.20986
G1 X141.3 Y130.555 E1.4291
G1 X138.32 Y130.555 E.40348
M204 S8000
G1 X138.201 Y129.764 F18000
G1 X139.75 Y129.005
M204 S4000
;TYPE:Perimeter
;WIDTH:0.743365
G1 F3600
G1 X139.75 Y120 E.98467
M204 S8000
G1 E-2 F2400
G1 X115.514 Y129.741 F18000
G1 E2 F2400
M204 S4000
;WIDTH:0.9
G1 F900
G1 X115.514 Y119.264 E1.41854
G1 X116.986 Y119.264 E.1993
G1 X116.986 Y120 E.09965
G1 X116.986 Y129.741 E1.31888
G1 X115.634 Y129.741 E.18305
M204 S8000
G1 X115.634 Y129.741 F18000
G1 X114.7 Y130.555
M204 S3000
;TYPE:External perimeter
G1 F900
G1 X114.7 Y118.45 E1.63896
G1 X117.8 Y118.45 E.41973
G1 X117.8 Y120 E.20986
G1 X117.8 Y130.555 E1.4291
G1 X114.82 Y130.555 E.40348
M204 S8000
G1 X114.701 Y129.764 F18000
G1 X116.25 Y129.005
M204 S4000
;TYPE:Perimeter
;WIDTH:0.743365
G1 F3600
G1 X116.25 Y120 E.98467
M204 S8000
G1 E-2 F2400
G1 X117.07 Y136.82 F18000
G1 E2 F2400
M204 S4000
;WIDTH:0.731218
G1 F900
G1 X115.43 Y136.82 E.17602
G1 X115.43 Y136.175 E.06923
G1 X117.07 Y136.175 E.17602
G1 X117.07 Y136.498 E.03467
G1 X117.07 Y136.7 E.02168
M204 S8000
G1 X117.07 Y136.7 F18000
G1 X117.8 Y137.55
M204 S3000
;TYPE:External perimeter
;WIDTH:0.9
G1 F900
G1 X114.7 Y137.55 E.41973
G1 X114.7 Y135.445 E.28501
G1 X117.8 Y135.445 E.41973
G1 X117.8 Y136.498 E.14257
G1 X117.8 Y137.43 E.12619
M204 S8000
G1 X117.009 Y137.549 F18000
;LAYER_CHANGE
;Z:37.2
;HEIGHT:0.400002
G1 Z37.2 F18000
G1 E-2 F2400
G1 Z37.2 F18000
G1 X138.945 Y136.129
G1 Z37.2
G1 E2 F2400
M204 S4000
;TYPE:Perimeter
;WIDTH:0.761731
G1 F900
G1 X140.555 Y136.129 E.18097
G1 X140.555 Y136.467 E.03799
G1 X140.555 Y136.805 E.03799
G1 X138.945 Y136.805 E.18097
G1 X138.945 Y136.249 E.06249
M204 S8000
G1 X138.2 Y135.384 F18000
M204 S3000
;TYPE:External perimeter
;WIDTH:0.9
G1 F900
G1 X141.3 Y135.384 E.41973
G1 X141.3 Y136.467 E.14663
G1 X141.3 Y137.55 E.14663
G1 X138.2 Y137.55 E.41973
G1 X138.2 Y135.504 E.27702
M204 S8000
G1 X138.991 Y135.385 F18000
G1 E-2 F2400
G1 X139.014 Y129.802 F18000
G1 E2 F2400
M204 S4000
;TYPE:Perimeter
G1 F900
G1 X139.014 Y119.264 E1.42679
G1 X140.486 Y119.264 E.1993
G1 X140.486 Y120 E.09965
G1 X140.486 Y129.802 E1.32714
G1 X139.134 Y129.802 E.18305
M204 S8000
G1 X139.134 Y129.802 F18000
G1 X138.2 Y130.616
M204 S3000
;TYPE:External perimeter
G1 F900
G1 X138.2 Y118.45 E1.64722
G1 X141.3 Y118.45 E.41973
G1 X141.3 Y120 E.20986
G1 X141.3 Y130.616 E1.43736
G1 X138.32 Y130.616 E.40348
M204 S8000
G1 X138.201 Y129.825 F18000
G1 X139.75 Y129.066
M204 S4000
;TYPE:Perimeter
;WIDTH:0.743365
G1 F3600
G1 X139.75 Y120 E.99134
M204 S8000
G1 E-2 F2400
G1 X115.514 Y129.802 F18000
G1 E2 F2400
M204 S4000
;WIDTH:0.9
G1 F900
G1 X115.514 Y119.264 E1.42679
G1 X116.986 Y119.264 E.1993
G1 X116.986 Y120 E.09965
G1 X116.986 Y129.802 E1.32714
G1 X115.634 Y129.802 E.18305
M204 S8000
G1 X115.634 Y129.802 F18000
G1 X114.7 Y130.616
M204 S3000
;TYPE:External perimeter
G1 F900
G1 X114.7 Y118.45 E1.64722
G1 X117.8 Y118.45 E.41973
G1 X117.8 Y120 E.20986
G1 X117.8 Y130.616 E1.43736
G1 X114.82 Y130.616 E.40348
M204 S8000
G1 X114.701 Y129.825 F18000
G1 X116.25 Y129.066
M204 S4000
;TYPE:Perimeter
;WIDTH:0.743365
G1 F3600
G1 X116.25 Y120 E.99134
M204 S8000
G1 E-2 F2400
G1 X117.055 Y136.805 F18000
G1 E2 F2400
M204 S4000
;WIDTH:0.761731
G1 F900
G1 X115.445 Y136.805 E.18097
G1 X115.445 Y136.129 E.07598
G1 X117.055 Y136.129 E.18097
G1 X117.055 Y136.467 E.03799
G1 X117.055 Y136.685 E.0245
M204 S8000
G1 X117.8 Y137.55 F18000
M204 S3000
;TYPE:External perimeter
;WIDTH:0.9
G1 F900
G1 X114.7 Y137.55 E.41973
G1 X114.7 Y135.384 E.29327
G1 X117.8 Y135.384 E.41973
G1 X117.8 Y136.467 E.14663
G1 X117.8 Y137.43 E.13039
M204 S8000
G1 X117.009 Y137.549 F18000
;LAYER_CHANGE
;Z:37.6
;HEIGHT:0.399998
G1 Z37.6 F18000
G1 E-2 F2400
G1 Z37.6 F18000
G1 X139.014 Y129.952
G1 Z37.6
G1 E2 F2400
M204 S4000
;TYPE:Perimeter
G1 F900
G1 X139.014 Y119.264 E1.4471
G1 X140.486 Y119.264 E.1993
G1 X140.486 Y120 E.09965
G1 X140.486 Y129.952 E1.34745
G1 X139.134 Y129.952 E.18305
M204 S8000
G1 X139.134 Y129.952 F18000
G1 X138.2 Y130.766
M204 S3000
;TYPE:External perimeter
G1 F900
G1 X138.2 Y118.45 E1.66753
G1 X141.3 Y118.45 E.41973
G1 X141.3 Y120 E.20986
G1 X141.3 Y130.766 E1.45766
G1 X138.32 Y130.766 E.40348
M204 S8000
G1 X138.201 Y129.975 F18000
G1 X139.75 Y129.216
M204 S4000
;TYPE:Perimeter
;WIDTH:0.743365
G1 F3600
G1 X139.75 Y120 E1.00774
M204 S8000
G1 E-2 F2400
G1 X138.983 Y136.017 F18000
G1 E2 F2400
M204 S4000
;WIDTH:0.836721
G1 F900
G1 X140.517 Y136.017 E.19155
G1 X140.517 Y136.392 E.04683
G1 X140.517 Y136.767 E.04683
G1 X138.983 Y136.767 E.19155
G1 X138.983 Y136.137 E.07867
M204 S8000
G1 X138.983 Y136.137 F18000
G1 X138.2 Y135.234
M204 S3000
;TYPE:External perimeter
;WIDTH:0.9
G1 F900
G1 X141.3 Y135.234 E.41973
G1 X141.3 Y136.392 E.15679
G1 X141.3 Y137.55 E.15679
G1 X138.2 Y137.55 E.41973
G1 X138.2 Y135.354 E.29733
M204 S8000
G1 X138.991 Y135.235 F18000
G1 E-2 F2400
G1 X117.017 Y136.767 F18000
G1 E2 F2400
M204 S4000
;TYPE:Perimeter
;WIDTH:0.836721
G1 F900
G1 X115.483 Y136.767 E.19155
G1 X115.483 Y136.017 E.09365
G1 X117.017 Y136.017 E.19155
G1 X117.017 Y136.392 E.04683
G1 X117.017 Y136.647 E.03184
M204 S8000
G1 X117.017 Y136.647 F18000
G1 X117.8 Y137.55
M204 S3000
;TYPE:External perimeter
;WIDTH:0.9
G1 F900
G1 X114.7 Y137.55 E.41973
G1 X114.7 Y135.234 E.31358
G1 X117.8 Y135.234 E.41973
G1 X117.8 Y136.392 E.15679
G1 X117.8 Y137.43 E.14054
M204 S8000
G1 X117.009 Y137.549 F18000
G1 E-2 F2400
G1 X115.514 Y129.952 F18000
G1 E2 F2400
M204 S4000
;TYPE:Perimeter
G1 F900
G1 X115.514 Y119.264 E1.4471
G1 X116.986 Y119.264 E.1993
G1 X116.986 Y120 E.09965
G1 X116.986 Y129.952 E1.34745
G1 X115.634 Y129.952 E.18305
M204 S8000
G1 X115.634 Y129.952 F18000
G1 X114.7 Y130.766
M204 S3000
;TYPE:External perimeter
G1 F900
G1 X114.7 Y118.45 E1.66753
G1 X117.8 Y118.45 E.41973
G1 X117.8 Y120 E.20986
G1 X117.8 Y130.766 E1.45766
G1 X114.82 Y130.766 E.40348
M204 S8000
G1 X114.701 Y129.975 F18000
G1 X116.25 Y129.216
M204 S4000
;TYPE:Perimeter
;WIDTH:0.743365
G1 F3600
G1 X116.25 Y120 E1.00774
M204 S8000
;LAYER_CHANGE
;Z:38
;HEIGHT:0.400002
G1 Z38 F18000
G1 E-2 F2400
G1 Z38 F18000
G1 X139.049 Y135.817
G1 Z38
G1 E2 F2400
M204 S4000
;WIDTH:0.969896
G1 F900
G1 X140.451 Y135.817 E.20612
G1 X140.451 Y136.259 E.06498
G1 X140.451 Y136.701 E.06498
G1 X139.049 Y136.701 E.20612
G1 X139.049 Y135.937 E.11232
M204 S8000
G1 X139.049 Y135.937 F18000
G1 X138.2 Y134.968
M204 S3000
;TYPE:External perimeter
;WIDTH:0.9
G1 F900
G1 X141.3 Y134.968 E.41973
G1 X141.3 Y136.259 E.1748
G1 X141.3 Y137.55 E.1748
G1 X138.2 Y137.55 E.41973
G1 X138.2 Y135.088 E.33334
M204 S8000
G1 X138.991 Y134.969 F18000
G1 E-2 F2400
G1 X139.014 Y130.218 F18000
G1 E2 F2400
M204 S4000
;TYPE:Perimeter
G1 F900
G1 X139.014 Y119.264 E1.48312
G1 X140.486 Y119.264 E.1993
G1 X140.486 Y120 E.09965
G1 X140.486 Y130.218 E1.38347
G1 X139.134 Y130.218 E.18305
M204 S8000
G1 X139.134 Y130.218 F18000
G1 X138.2 Y131.032
M204 S3000
;TYPE:External perimeter
G1 F900
G1 X138.2 Y118.45 E1.70354
G1 X141.3 Y118.45 E.41973
G1 X141.3 Y120 E.20986
G1 X141.3 Y131.032 E1.49368
G1 X138.32 Y131.032 E.40348
M204 S8000
G1 X138.201 Y130.241 F18000
G1 X139.75 Y129.482
M204 S4000
;TYPE:Perimeter
;WIDTH:0.743365
G1 F3600
G1 X139.75 Y120 E1.03683
M204 S8000
G1 E-2 F2400
G1 X115.514 Y130.218 F18000
G1 E2 F2400
M204 S4000
;WIDTH:0.9
G1 F900
G1 X115.514 Y119.264 E1.48312
G1 X116.986 Y119.264 E.1993
G1 X116.986 Y120 E.09965
G1 X116.986 Y130.218 E1.38347
G1 X115.634 Y130.218 E.18305
M204 S8000
G1 X115.634 Y130.218 F18000
G1 X114.7 Y131.032
M204 S3000
;TYPE:External perimeter
G1 F900
G1 X114.7 Y118.45 E1.70354
G1 X117.8 Y118.45 E.41973
G1 X117.8 Y120 E.20986
G1 X117.8 Y131.032 E1.49368
G1 X114.82 Y131.032 E.40348
M204 S8000
G1 X114.701 Y130.241 F18000
G1 X116.25 Y129.482
M204 S4000
;TYPE:Perimeter
;WIDTH:0.743365
G1 F3600
G1 X116.25 Y120 E1.03683
M204 S8000
G1 E-2 F2400
G1 X116.951 Y136.701 F18000
G1 E2 F2400
M204 S4000
;WIDTH:0.969897
G1 F900
G1 X115.549 Y136.701 E.20612
G1 X115.549 Y135.817 E.12996
G1 X116.951 Y135.817 E.20612
G1 X116.951 Y136.259 E.06498
G1 X116.951 Y136.581 E.04734
M204 S8000
G1 X116.951 Y136.581 F18000
G1 X117.8 Y137.55
M204 S3000
;TYPE:External perimeter
;WIDTH:0.9
G1 F900
G1 X114.7 Y137.55 E.41973
G1 X114.7 Y134.968 E.34959
G1 X117.8 Y134.968 E.41973
G1 X117.8 Y136.259 E.1748
G1 X117.8 Y137.43 E.15855
M204 S8000
G1 X117.009 Y137.549 F18000
;LAYER_CHANGE
;Z:38.4
;HEIGHT:0.400002
G1 Z38.4 F18000
G1 E-2 F2400
G1 Z38.4 F18000
G1 X139.014 Y130.687
G1 Z38.4
G1 E2 F2400
M204 S4000
;TYPE:Perimeter
G1 F900
G1 X139.014 Y119.264 E1.54662
G1 X140.486 Y119.264 E.1993
G1 X140.486 Y120 E.09965
G1 X140.486 Y130.687 E1.44697
G1 X139.134 Y130.687 E.18305
M204 S8000
G1 X139.134 Y130.687 F18000
G1 X138.2 Y131.501
M204 S3000
;TYPE:External perimeter
G1 F900
G1 X138.2 Y118.45 E1.76704
G1 X141.3 Y118.45 E.41973
G1 X141.3 Y120 E.20986
G1 X141.3 Y131.501 E1.55718
G1 X138.32 Y131.501 E.40348
M204 S8000
G1 X138.201 Y130.71 F18000
G1 X139.75 Y129.951
M204 S4000
;TYPE:Perimeter
;WIDTH:0.743365
G1 F3600
G1 X139.75 Y120 E1.08811
M204 S8000
G1 E-2 F2400
G1 X139.166 Y135.466 F18000
G1 E2 F2400
M204 S4000
;WIDTH:1.20411
G1 F900
G1 X140.334 Y135.466 E.21721
G1 X140.334 Y136.025 E.10396
G1 X140.334 Y136.584 E.10396
G1 X139.166 Y136.584 E.21721
G1 X139.166 Y135.586 E.1856
M204 S8000
G1 X139.166 Y135.586 F18000
G1 X138.2 Y134.499
M204 S3000
;TYPE:External perimeter
;WIDTH:0.9
G1 F900
G1 X141.3 Y134.499 E.41973
G1 X141.3 Y136.025 E.20661
G1 X141.3 Y137.55 E.20648
G1 X138.2 Y137.55 E.41973
G1 X138.2 Y134.619 E.39684
M204 S8000
G1 X138.991 Y134.501 F18000
G1 E-2 F2400
G1 X116.834 Y136.584 F18000
G1 E2 F2400
M204 S4000
;TYPE:Perimeter
;WIDTH:1.20411
G1 F900
G1 X115.666 Y136.584 E.21721
G1 X115.666 Y135.466 E.20791
G1 X116.834 Y135.466 E.21721
G1 X116.834 Y136.025 E.10396
G1 X116.834 Y136.464 E.08164
M204 S8000
G1 X116.834 Y136.464 F18000
G1 X117.8 Y137.55
M204 S3000
;TYPE:External perimeter
;WIDTH:0.9
G1 F900
G1 X114.7 Y137.55 E.41973
G1 X114.7 Y134.499 E.41309
G1 X117.8 Y134.499 E.41973
G1 X117.8 Y136.025 E.20661
G1 X117.8 Y137.43 E.19023
M204 S8000
G1 X117.009 Y137.549 F18000
G1 E-2 F2400
G1 X115.514 Y130.687 F18000
G1 E2 F2400
M204 S4000
;TYPE:Perimeter
G1 F900
G1 X115.514 Y119.264 E1.54662
G1 X116.986 Y119.264 E.1993
G1 X116.986 Y120 E.09965
G1 X116.986 Y130.687 E1.44697
G1 X115.634 Y130.687 E.18305
M204 S8000
G1 X115.634 Y130.687 F18000
G1 X114.7 Y131.501
M204 S3000
;TYPE:External perimeter
G1 F900
G1 X114.7 Y118.45 E1.76704
G1 X117.8 Y118.45 E.41973
G1 X117.8 Y120 E.20986
G1 X117.8 Y131.501 E1.55718
G1 X114.82 Y131.501 E.40348
M204 S8000
G1 X114.701 Y130.71 F18000
G1 X116.25 Y129.951
M204 S4000
;TYPE:Perimeter
;WIDTH:0.743365
G1 F3600
G1 X116.25 Y120 E1.08811
M204 S8000
;LAYER_CHANGE
;Z:38.8
;HEIGHT:0.399998
G1 Z38.8 F18000
G1 E-2 F2400
G1 Z38.8 F18000
G1 X139.014 Y136.736
G1 Z38.8
G1 E2 F2400
M204 S4000
;WIDTH:0.9
G1 F900
G1 X139.014 Y133.649 E.41796
M204 S2500
;TYPE:Overhang perimeter
;WIDTH:0.8
;HEIGHT:0.8
G1 X139.014 Y132.351 E.27126
M204 S4000
;TYPE:Perimeter
;WIDTH:0.9
;HEIGHT:0.4
G1 X139.014 Y119.264 E1.77192
G1 X140.486 Y119.264 E.1993
G1 X140.486 Y120 E.09965
G1 X140.486 Y132.351 E1.67227
M204 S2500
;TYPE:Overhang perimeter
;WIDTH:0.8
;HEIGHT:0.8
G1 X140.486 Y133.649 E.27126
M204 S4000
;TYPE:Perimeter
;WIDTH:0.9
;HEIGHT:0.4
G1 X140.486 Y136.736 E.41796
G1 X139.134 Y136.736 E.18305
M204 S8000
G1 X139.134 Y136.736 F18000
G1 X138.2 Y137.55
M204 S3000
;TYPE:External perimeter
G1 F2400
G1 X138.2 Y133.649 E.52818
M204 S2500
;TYPE:Overhang perimeter
;WIDTH:0.8
;HEIGHT:0.8
G1 F1500
G1 X138.2 Y132.351 E.27126
M204 S3000
;TYPE:External perimeter
;WIDTH:0.9
;HEIGHT:0.4
G1 F2400
G1 X138.2 Y118.45 E1.88213
G1 X141.3 Y118.45 E.41973
G1 X141.3 Y120 E.20986
G1 X141.3 Y132.351 E1.67227
M204 S2500
;TYPE:Overhang perimeter
;WIDTH:0.8
;HEIGHT:0.8
G1 F1500
G1 X141.3 Y133.649 E.27126
M204 S3000
;TYPE:External perimeter
;WIDTH:0.9
;HEIGHT:0.4
G1 F2400
G1 X141.3 Y137.55 E.52818
G1 X138.32 Y137.55 E.40348
M204 S8000
G1 X138.201 Y136.759 F18000
G1 X139.75 Y136
M204 S4000
;TYPE:Perimeter
;WIDTH:0.743365
G1 F3600
G1 X139.75 Y133.649 E.25707
M204 S2500
;TYPE:Overhang perimeter
;WIDTH:0.8
;HEIGHT:0.8
G1 F1500
G1 X139.75 Y132.351 E.27126
M204 S4000
;TYPE:Perimeter
;WIDTH:0.743365
;HEIGHT:0.4
G1 F3600
G1 X139.75 Y120 E1.35054
M204 S8000
G1 E-2 F2400
G1 X116.986 Y136.736 F18000
G1 E2 F2400
M204 S4000
;WIDTH:0.9
G1 F900
G1 X115.514 Y136.736 E.1993
G1 X115.514 Y133.649 E.41796
M204 S2500
;TYPE:Overhang perimeter
;WIDTH:0.8
;HEIGHT:0.8
G1 X115.514 Y132.351 E.27126
M204 S4000
;TYPE:Perimeter
;WIDTH:0.9
;HEIGHT:0.4
G1 X115.514 Y119.264 E1.77192
G1 X116.986 Y119.264 E.1993
G1 X116.986 Y120 E.09965
G1 X116.986 Y132.351 E1.67227
M204 S2500
;TYPE:Overhang perimeter
;WIDTH:0.8
;HEIGHT:0.8
G1 X116.986 Y133.649 E.27126
M204 S4000
;TYPE:Perimeter
;WIDTH:0.9
;HEIGHT:0.4
G1 X116.986 Y136.616 E.40172
M204 S8000
G1 X116.986 Y136.616 F18000
G1 X117.8 Y137.55
M204 S3000
;TYPE:External perimeter
G1 F2400
G1 X114.7 Y137.55 E.41973
G1 X114.7 Y133.649 E.52818
M204 S2500
;TYPE:Overhang perimeter
;WIDTH:0.8
;HEIGHT:0.8
G1 F1500
G1 X114.7 Y132.351 E.27126
M204 S3000
;TYPE:External perimeter
;WIDTH:0.9
;HEIGHT:0.4
G1 F2400
G1 X114.7 Y118.45 E1.88213
G1 X117.8 Y118.45 E.41973
G1 X117.8 Y120 E.20986
G1 X117.8 Y132.351 E1.67227
M204 S2500
;TYPE:Overhang perimeter
;WIDTH:0.8
;HEIGHT:0.8
G1 F1500
G1 X117.8 Y133.649 E.27126
M204 S3000
;TYPE:External perimeter
;WIDTH:0.9
;HEIGHT:0.4
G1 F2400
G1 X117.8 Y137.43 E.51193
M204 S8000
G1 X117.009 Y137.549 F18000
G1 X116.25 Y136
M204 S4000
;TYPE:Perimeter
;WIDTH:0.743365
G1 F3600
G1 X116.25 Y133.649 E.25707
M204 S2500
;TYPE:Overhang perimeter
;WIDTH:0.8
;HEIGHT:0.8
G1 F1500
G1 X116.25 Y132.351 E.27126
M204 S4000
;TYPE:Perimeter
;WIDTH:0.743365
;HEIGHT:0.4
G1 F3600
G1 X116.25 Y120 E1.35054
M204 S8000
;LAYER_CHANGE
;Z:39.2
;HEIGHT:0.400002
G1 Z39.2 F18000
G1 E-2 F2400
G1 Z39.2 F18000
G1 X139.014 Y136.736
G1 Z39.2
G1 E2 F2400
M204 S4000
;WIDTH:0.9
G1 F900
G1 X139.014 Y119.264 E2.36562
G1 X140.486 Y119.264 E.1993
G1 X140.486 Y120 E.09965
G1 X140.486 Y136.736 E2.26597
G1 X139.134 Y136.736 E.18305
M204 S8000
G1 X139.134 Y136.736 F18000
G1 X138.2 Y137.55
M204 S3000
;TYPE:External perimeter
G1 F2400
G1 X138.2 Y118.45 E2.58605
G1 X141.3 Y118.45 E.41973
G1 X141.3 Y120 E.20986
G1 X141.3 Y137.55 E2.37619
G1 X138.32 Y137.55 E.40348
M204 S8000
G1 X138.201 Y136.759 F18000
G1 X139.75 Y136
M204 S4000
;TYPE:Perimeter
;WIDTH:0.743365
G1 F3600
G1 X139.75 Y120 E1.74955
M204 S8000
G1 E-2 F2400
G1 X116.986 Y136.736 F18000
G1 E2 F2400
M204 S4000
;WIDTH:0.9
G1 F900
G1 X115.514 Y136.736 E.1993
G1 X115.514 Y119.264 E2.36562
G1 X116.986 Y119.264 E.1993
G1 X116.986 Y120 E.09965
G1 X116.986 Y136.616 E2.24973
M204 S8000
G1 X116.986 Y136.616 F18000
G1 X117.8 Y137.55
M204 S3000
;TYPE:External perimeter
G1 F2400
G1 X114.7 Y137.55 E.41973
G1 X114.7 Y118.45 E2.58605
G1 X117.8 Y118.45 E.41973
G1 X117.8 Y120 E.20986
G1 X117.8 Y137.43 E2.35994
M204 S8000
G1 X117.009 Y137.549 F18000
G1 X116.25 Y136
M204 S4000
;TYPE:Perimeter
;WIDTH:0.743365
G1 F3600
G1 X116.25 Y120 E1.74955
M204 S8000
;LAYER_CHANGE
;Z:39.6
;HEIGHT:0.399998
G1 Z39.6 F18000
G1 E-2 F2400
G1 Z39.6 F18000
G1 X139.014 Y136.736
G1 Z39.6
G1 E2 F2400
M204 S4000
;WIDTH:0.9
G1 F900
G1 X139.014 Y119.264 E2.36562
G1 X140.486 Y119.264 E.1993
G1 X140.486 Y120 E.09965
G1 X140.486 Y136.736 E2.26597
G1 X139.134 Y136.736 E.18305
M204 S8000
G1 X139.134 Y136.736 F18000
G1 X138.2 Y137.55
M204 S3000
;TYPE:External perimeter
G1 F2400
G1 X138.2 Y118.45 E2.58605
G1 X141.3 Y118.45 E.41973
G1 X141.3 Y120 E.20986
G1 X141.3 Y137.55 E2.37619
G1 X138.32 Y137.55 E.40348
M204 S8000
G1 X138.201 Y136.759 F18000
G1 X139.75 Y136
M204 S4000
;TYPE:Perimeter
;WIDTH:0.743365
G1 F3600
G1 X139.75 Y120 E1.74955
M204 S8000
G1 E-2 F2400
G1 X116.986 Y136.736 F18000
G1 E2 F2400
M204 S4000
;WIDTH:0.9
G1 F900
G1 X115.514 Y136.736 E.1993
G1 X115.514 Y119.264 E2.36562
G1 X116.986 Y119.264 E.1993
G1 X116.986 Y120 E.09965
G1 X116.986 Y136.616 E2.24973
M204 S8000
G1 X116.986 Y136.616 F18000
G1 X117.8 Y137.55
M204 S3000
;TYPE:External perimeter
G1 F2400
G1 X114.7 Y137.55 E.41973
G1 X114.7 Y118.45 E2.58605
G1 X117.8 Y118.45 E.41973
G1 X117.8 Y120 E.20986
G1 X117.8 Y137.43 E2.35994
M204 S8000
G1 X117.009 Y137.549 F18000
G1 X116.25 Y136
M204 S4000
;TYPE:Perimeter
;WIDTH:0.743365
G1 F3600
G1 X116.25 Y120 E1.74955
M204 S8000
;LAYER_CHANGE
;Z:40
;HEIGHT:0.400002
G1 Z40 F18000
G1 E-2 F2400
G1 Z40 F18000
G1 X139.014 Y136.736
G1 Z40
G1 E2 F2400
M204 S4000
;WIDTH:0.9
G1 F900
G1 X139.014 Y119.264 E2.36562
G1 X140.486 Y119.264 E.1993
G1 X140.486 Y120 E.09965
G1 X140.486 Y136.736 E2.26597
G1 X139.134 Y136.736 E.18305
M204 S8000
G1 X139.134 Y136.736 F18000
G1 X138.2 Y137.55
M204 S3000
;TYPE:External perimeter
G1 F2400
G1 X138.2 Y118.45 E2.58605
G1 X141.3 Y118.45 E.41973
G1 X141.3 Y120 E.20986
G1 X141.3 Y137.55 E2.37619
G1 X138.32 Y137.55 E.40348
M204 S8000
G1 X138.201 Y136.759 F18000
G1 X139.75 Y136
M204 S4000
;TYPE:Perimeter
;WIDTH:0.743365
G1 F3600
G1 X139.75 Y120 E1.74955
M204 S8000
G1 E-2 F2400
G1 X116.986 Y136.736 F18000
G1 E2 F2400
M204 S4000
;WIDTH:0.9
G1 F900
G1 X115.514 Y136.736 E.1993
G1 X115.514 Y119.264 E2.36562
G1 X116.986 Y119.264 E.1993
G1 X116.986 Y120 E.09965
G1 X116.986 Y136.616 E2.24973
M204 S8000
G1 X116.986 Y136.616 F18000
G1 X117.8 Y137.55
M204 S3000
;TYPE:External perimeter
G1 F2400
G1 X114.7 Y137.55 E.41973
G1 X114.7 Y118.45 E2.58605
G1 X117.8 Y118.45 E.41973
G1 X117.8 Y120 E.20986
G1 X117.8 Y137.43 E2.35994
M204 S8000
G1 X117.009 Y137.549 F18000
G1 X116.25 Y136
M204 S4000
;TYPE:Perimeter
;WIDTH:0.743365
G1 F3600
G1 X116.25 Y120 E1.74955
M204 S8000
;LAYER_CHANGE
;Z:40.4
;HEIGHT:0.400002
G1 Z40.4 F18000
G1 E-2 F2400
G1 Z40.4 F18000
G1 X139.014 Y136.736
G1 Z40.4
G1 E2 F2400
M204 S4000
;WIDTH:0.9
G1 F900
G1 X139.014 Y119.264 E2.36562
G1 X140.486 Y119.264 E.1993
G1 X140.486 Y120 E.09965
G1 X140.486 Y136.736 E2.26597
G1 X139.134 Y136.736 E.18305
M204 S8000
G1 X139.134 Y136.736 F18000
G1 X138.2 Y137.55
M204 S3000
;TYPE:External perimeter
G1 F2400
G1 X138.2 Y118.45 E2.58605
G1 X141.3 Y118.45 E.41973
G1 X141.3 Y120 E.20986
G1 X141.3 Y137.55 E2.37619
G1 X138.32 Y137.55 E.40348
M204 S8000
G1 X138.201 Y136.759 F18000
G1 X139.75 Y136
M204 S4000
;TYPE:Perimeter
;WIDTH:0.743365
G1 F3600
G1 X139.75 Y120 E1.74955
M204 S8000
G1 E-2 F2400
G1 X116.986 Y136.736 F18000
G1 E2 F2400
M204 S4000
;WIDTH:0.9
G1 F900
G1 X115.514 Y136.736 E.1993
G1 X115.514 Y119.264 E2.36562
G1 X116.986 Y119.264 E.1993
G1 X116.986 Y120 E.09965
G1 X116.986 Y136.616 E2.24973
M204 S8000
G1 X116.986 Y136.616 F18000
G1 X117.8 Y137.55
M204 S3000
;TYPE:External perimeter
G1 F2400
G1 X114.7 Y137.55 E.41973
G1 X114.7 Y118.45 E2.58605
G1 X117.8 Y118.45 E.41973
G1 X117.8 Y120 E.20986
G1 X117.8 Y137.43 E2.35994
M204 S8000
G1 X117.009 Y137.549 F18000
G1 X116.25 Y136
M204 S4000
;TYPE:Perimeter
;WIDTH:0.743365
G1 F3600
G1 X116.25 Y120 E1.74955
M204 S8000
;LAYER_CHANGE
;Z:40.8
;HEIGHT:0.399998
G1 Z40.8 F18000
G1 E-2 F2400
G1 Z40.8 F18000
G1 X139.014 Y136.736
G1 Z40.8
G1 E2 F2400
M204 S4000
;WIDTH:0.9
G1 F900
G1 X139.014 Y119.264 E2.36562
G1 X140.486 Y119.264 E.1993
G1 X140.486 Y120 E.09965
G1 X140.486 Y136.736 E2.26597
G1 X139.134 Y136.736 E.18305
M204 S8000
G1 X139.134 Y136.736 F18000
G1 X138.2 Y137.55
M204 S3000
;TYPE:External perimeter
G1 F2400
G1 X138.2 Y118.45 E2.58605
G1 X141.3 Y118.45 E.41973
G1 X141.3 Y120 E.20986
G1 X141.3 Y137.55 E2.37619
G1 X138.32 Y137.55 E.40348
M204 S8000
G1 X138.201 Y136.759 F18000
G1 X139.75 Y136
M204 S4000
;TYPE:Perimeter
;WIDTH:0.743365
G1 F3600
G1 X139.75 Y120 E1.74955
M204 S8000
G1 E-2 F2400
G1 X116.986 Y136.736 F18000
G1 E2 F2400
M204 S4000
;WIDTH:0.9
G1 F900
G1 X115.514 Y136.736 E.1993
G1 X115.514 Y119.264 E2.36562
G1 X116.986 Y119.264 E.1993
G1 X116.986 Y120 E.09965
G1 X116.986 Y136.616 E2.24973
M204 S8000
G1 X116.986 Y136.616 F18000
G1 X117.8 Y137.55
M204 S3000
;TYPE:External perimeter
G1 F2400
G1 X114.7 Y137.55 E.41973
G1 X114.7 Y118.45 E2.58605
G1 X117.8 Y118.45 E.41973
G1 X117.8 Y120 E.20986
G1 X117.8 Y137.43 E2.35994
M204 S8000
G1 X117.009 Y137.549 F18000
G1 X116.25 Y136
M204 S4000
;TYPE:Perimeter
;WIDTH:0.743365
G1 F3600
G1 X116.25 Y120 E1.74955
M204 S8000
;LAYER_CHANGE
;Z:41.2
;HEIGHT:0.400002
G1 Z41.2 F18000
G1 E-2 F2400
G1 Z41.2 F18000
G1 X139.014 Y136.736
G1 Z41.2
G1 E2 F2400
M204 S4000
;WIDTH:0.9
G1 F900
G1 X139.014 Y119.264 E2.36562
G1 X140.486 Y119.264 E.1993
G1 X140.486 Y120 E.09965
G1 X140.486 Y136.736 E2.26597
G1 X139.134 Y136.736 E.18305
M204 S8000
G1 X139.134 Y136.736 F18000
G1 X138.2 Y137.55
M204 S3000
;TYPE:External perimeter
G1 F2400
G1 X138.2 Y118.45 E2.58605
G1 X141.3 Y118.45 E.41973
G1 X141.3 Y120 E.20986
G1 X141.3 Y137.55 E2.37619
G1 X138.32 Y137.55 E.40348
M204 S8000
G1 X138.201 Y136.759 F18000
G1 X139.75 Y136
M204 S4000
;TYPE:Perimeter
;WIDTH:0.743365
G1 F3600
G1 X139.75 Y120 E1.74955
M204 S8000
G1 E-2 F2400
G1 X116.986 Y136.736 F18000
G1 E2 F2400
M204 S4000
;WIDTH:0.9
G1 F900
G1 X115.514 Y136.736 E.1993
G1 X115.514 Y119.264 E2.36562
G1 X116.986 Y119.264 E.1993
G1 X116.986 Y120 E.09965
G1 X116.986 Y136.616 E2.24973
M204 S8000
G1 X116.986 Y136.616 F18000
G1 X117.8 Y137.55
M204 S3000
;TYPE:External perimeter
G1 F2400
G1 X114.7 Y137.55 E.41973
G1 X114.7 Y118.45 E2.58605
G1 X117.8 Y118.45 E.41973
G1 X117.8 Y120 E.20986
G1 X117.8 Y137.43 E2.35994
M204 S8000
G1 X117.009 Y137.549 F18000
G1 X116.25 Y136
M204 S4000
;TYPE:Perimeter
;WIDTH:0.743365
G1 F3600
G1 X116.25 Y120 E1.74955
M204 S8000
;LAYER_CHANGE
;Z:41.6
;HEIGHT:0.399998
G1 Z41.6 F18000
G1 E-2 F2400
G1 Z41.6 F18000
G1 X139.014 Y136.736
G1 Z41.6
G1 E2 F2400
M204 S4000
;WIDTH:0.9
G1 F900
G1 X139.014 Y119.264 E2.36562
G1 X140.486 Y119.264 E.1993
G1 X140.486 Y120 E.09965
G1 X140.486 Y136.736 E2.26597
G1 X139.134 Y136.736 E.18305
M204 S8000
G1 X139.134 Y136.736 F18000
G1 X138.2 Y137.55
M204 S3000
;TYPE:External perimeter
G1 F2400
G1 X138.2 Y118.45 E2.58605
G1 X141.3 Y118.45 E.41973
G1 X141.3 Y120 E.20986
G1 X141.3 Y137.55 E2.37619
G1 X138.32 Y137.55 E.40348
M204 S8000
G1 X138.201 Y136.759 F18000
G1 X139.75 Y136
M204 S4000
;TYPE:Perimeter
;WIDTH:0.743365
G1 F3600
G1 X139.75 Y120 E1.74955
M204 S8000
G1 E-2 F2400
G1 X116.986 Y136.736 F18000
G1 E2 F2400
M204 S4000
;WIDTH:0.9
G1 F900
G1 X115.514 Y136.736 E.1993
G1 X115.514 Y119.264 E2.36562
G1 X116.986 Y119.264 E.1993
G1 X116.986 Y120 E.09965
G1 X116.986 Y136.616 E2.24973
M204 S8000
G1 X116.986 Y136.616 F18000
G1 X117.8 Y137.55
M204 S3000
;TYPE:External perimeter
G1 F2400
G1 X114.7 Y137.55 E.41973
G1 X114.7 Y118.45 E2.58605
G1 X117.8 Y118.45 E.41973
G1 X117.8 Y120 E.20986
G1 X117.8 Y137.43 E2.35994
M204 S8000
G1 X117.009 Y137.549 F18000
G1 X116.25 Y136
M204 S4000
;TYPE:Perimeter
;WIDTH:0.743365
G1 F3600
G1 X116.25 Y120 E1.74955
M204 S8000
;LAYER_CHANGE
;Z:42
;HEIGHT:0.400002
G1 Z42 F18000
G1 E-2 F2400
G1 Z42 F18000
G1 X139.014 Y136.736
G1 Z42
G1 E2 F2400
M204 S4000
;WIDTH:0.9
G1 F900
G1 X139.014 Y119.264 E2.36562
G1 X140.486 Y119.264 E.1993
G1 X140.486 Y120 E.09965
G1 X140.486 Y136.736 E2.26597
G1 X139.134 Y136.736 E.18305
M204 S8000
G1 X139.134 Y136.736 F18000
G1 X138.2 Y137.55
M204 S3000
;TYPE:External perimeter
G1 F2400
G1 X138.2 Y118.45 E2.58605
G1 X141.3 Y118.45 E.41973
G1 X141.3 Y120 E.20986
G1 X141.3 Y137.55 E2.37619
G1 X138.32 Y137.55 E.40348
M204 S8000
G1 X138.201 Y136.759 F18000
G1 X139.75 Y136
M204 S4000
;TYPE:Perimeter
;WIDTH:0.743365
G1 F3600
G1 X139.75 Y120 E1.74955
M204 S8000
G1 E-2 F2400
G1 X116.986 Y136.736 F18000
G1 E2 F2400
M204 S4000
;WIDTH:0.9
G1 F900
G1 X115.514 Y136.736 E.1993
G1 X115.514 Y119.264 E2.36562
G1 X116.986 Y119.264 E.1993
G1 X116.986 Y120 E.09965
G1 X116.986 Y136.616 E2.24973
M204 S8000
G1 X116.986 Y136.616 F18000
G1 X117.8 Y137.55
M204 S3000
;TYPE:External perimeter
G1 F2400
G1 X114.7 Y137.55 E.41973
G1 X114.7 Y118.45 E2.58605
G1 X117.8 Y118.45 E.41973
G1 X117.8 Y120 E.20986
G1 X117.8 Y137.43 E2.35994
M204 S8000
G1 X117.009 Y137.549 F18000
G1 X116.25 Y136
M204 S4000
;TYPE:Perimeter
;WIDTH:0.743365
G1 F3600
G1 X116.25 Y120 E1.74955
M204 S8000
;LAYER_CHANGE
;Z:42.4
;HEIGHT:0.400002
G1 Z42.4 F18000
G1 E-2 F2400
G1 Z42.4 F18000
G1 X139.014 Y136.736
G1 Z42.4
G1 E2 F2400
M204 S4000
;WIDTH:0.9
G1 F900
G1 X139.014 Y119.264 E2.36562
G1 X140.486 Y119.264 E.1993
G1 X140.486 Y120 E.09965
G1 X140.486 Y136.736 E2.26597
G1 X139.134 Y136.736 E.18305
M204 S8000
G1 X139.134 Y136.736 F18000
G1 X138.2 Y137.55
M204 S3000
;TYPE:External perimeter
G1 F2400
G1 X138.2 Y118.45 E2.58605
G1 X141.3 Y118.45 E.41973
G1 X141.3 Y120 E.20986
G1 X141.3 Y137.55 E2.37619
G1 X138.32 Y137.55 E.40348
M204 S8000
G1 X138.201 Y136.759 F18000
G1 X139.75 Y136
M204 S4000
;TYPE:Perimeter
;WIDTH:0.743365
G1 F3600
G1 X139.75 Y120 E1.74955
M204 S8000
G1 E-2 F2400
G1 X116.986 Y136.736 F18000
G1 E2 F2400
M204 S4000
;WIDTH:0.9
G1 F900
G1 X115.514 Y136.736 E.1993
G1 X115.514 Y119.264 E2.36562
G1 X116.986 Y119.264 E.1993
G1 X116.986 Y120 E.09965
G1 X116.986 Y136.616 E2.24973
M204 S8000
G1 X116.986 Y136.616 F18000
G1 X117.8 Y137.55
M204 S3000
;TYPE:External perimeter
G1 F2400
G1 X114.7 Y137.55 E.41973
G1 X114.7 Y118.45 E2.58605
G1 X117.8 Y118.45 E.41973
G1 X117.8 Y120 E.20986
G1 X117.8 Y137.43 E2.35994
M204 S8000
G1 X117.009 Y137.549 F18000
G1 X116.25 Y136
M204 S4000
;TYPE:Perimeter
;WIDTH:0.743365
G1 F3600
G1 X116.25 Y120 E1.74955
M204 S8000
;LAYER_CHANGE
;Z:42.8
;HEIGHT:0.399998
G1 Z42.8 F18000
G1 E-2 F2400
G1 Z42.8 F18000
G1 X139.014 Y136.736
G1 Z42.8
G1 E2 F2400
M204 S4000
;WIDTH:0.9
G1 F900
G1 X139.014 Y119.264 E2.36562
G1 X140.486 Y119.264 E.1993
G1 X140.486 Y120 E.09965
G1 X140.486 Y136.736 E2.26597
G1 X139.134 Y136.736 E.18305
M204 S8000
G1 X139.134 Y136.736 F18000
G1 X138.2 Y137.55
M204 S3000
;TYPE:External perimeter
G1 F2400
G1 X138.2 Y118.45 E2.58605
G1 X141.3 Y118.45 E.41973
G1 X141.3 Y120 E.20986
G1 X141.3 Y137.55 E2.37619
G1 X138.32 Y137.55 E.40348
M204 S8000
G1 X138.201 Y136.759 F18000
G1 X139.75 Y136
M204 S4000
;TYPE:Perimeter
;WIDTH:0.743365
G1 F3600
G1 X139.75 Y120 E1.74955
M204 S8000
G1 E-2 F2400
G1 X116.986 Y136.736 F18000
G1 E2 F2400
M204 S4000
;WIDTH:0.9
G1 F900
G1 X115.514 Y136.736 E.1993
G1 X115.514 Y119.264 E2.36562
G1 X116.986 Y119.264 E.1993
G1 X116.986 Y120 E.09965
G1 X116.986 Y136.616 E2.24973
M204 S8000
G1 X116.986 Y136.616 F18000
G1 X117.8 Y137.55
M204 S3000
;TYPE:External perimeter
G1 F2400
G1 X114.7 Y137.55 E.41973
G1 X114.7 Y118.45 E2.58605
G1 X117.8 Y118.45 E.41973
G1 X117.8 Y120 E.20986
G1 X117.8 Y137.43 E2.35994
M204 S8000
G1 X117.009 Y137.549 F18000
G1 X116.25 Y136
M204 S4000
;TYPE:Perimeter
;WIDTH:0.743365
G1 F3600
G1 X116.25 Y120 E1.74955
M204 S8000
;LAYER_CHANGE
;Z:43.2
;HEIGHT:0.400002
G1 Z43.2 F18000
G1 E-2 F2400
G1 Z43.2 F18000
G1 X139.014 Y136.736
G1 Z43.2
G1 E2 F2400
M204 S4000
;WIDTH:0.9
G1 F900
G1 X139.014 Y119.264 E2.36562
G1 X140.486 Y119.264 E.1993
G1 X140.486 Y120 E.09965
G1 X140.486 Y136.736 E2.26597
G1 X139.134 Y136.736 E.18305
M204 S8000
G1 X139.134 Y136.736 F18000
G1 X138.2 Y137.55
M204 S3000
;TYPE:External perimeter
G1 F2400
G1 X138.2 Y118.45 E2.58605
G1 X141.3 Y118.45 E.41973
G1 X141.3 Y120 E.20986
G1 X141.3 Y137.55 E2.37619
G1 X138.32 Y137.55 E.40348
M204 S8000
G1 X138.201 Y136.759 F18000
G1 X139.75 Y136
M204 S4000
;TYPE:Perimeter
;WIDTH:0.743365
G1 F3600
G1 X139.75 Y120 E1.74955
M204 S8000
G1 E-2 F2400
G1 X116.986 Y136.736 F18000
G1 E2 F2400
M204 S4000
;WIDTH:0.9
G1 F900
G1 X115.514 Y136.736 E.1993
G1 X115.514 Y119.264 E2.36562
G1 X116.986 Y119.264 E.1993
G1 X116.986 Y120 E.09965
G1 X116.986 Y136.616 E2.24973
M204 S8000
G1 X116.986 Y136.616 F18000
G1 X117.8 Y137.55
M204 S3000
;TYPE:External perimeter
G1 F2400
G1 X114.7 Y137.55 E.41973
G1 X114.7 Y118.45 E2.58605
G1 X117.8 Y118.45 E.41973
G1 X117.8 Y120 E.20986
G1 X117.8 Y137.43 E2.35994
M204 S8000
G1 X117.009 Y137.549 F18000
G1 X116.25 Y136
M204 S4000
;TYPE:Perimeter
;WIDTH:0.743365
G1 F3600
G1 X116.25 Y120 E1.74955
M204 S8000
;LAYER_CHANGE
;Z:43.6
;HEIGHT:0.399998
G1 Z43.6 F18000
G1 E-2 F2400
G1 Z43.6 F18000
G1 X139.13 Y120.424
G1 Z43.6
G1 E2 F2400
M204 S4000
;WIDTH:1.13076
G1 F900
G1 X139.13 Y119.38 E.18142
G1 X140.37 Y119.38 E.21548
G1 X140.37 Y119.902 E.09071
G1 X140.37 Y120.424 E.09071
G1 X139.25 Y120.424 E.19462
M204 S8000
G1 X139.25 Y120.424 F18000
G1 X138.2 Y121.354
M204 S3000
;TYPE:External perimeter
;WIDTH:0.9
G1 F900
G1 X138.2 Y118.45 E.39319
G1 X141.3 Y118.45 E.41973
G1 X141.3 Y119.902 E.19659
G1 X141.3 Y121.354 E.19659
G1 X138.32 Y121.354 E.40348
M204 S8000
G1 X138.201 Y120.563 F18000
G1 E-2 F2400
G1 X139.014 Y125.46 F18000
G1 E2 F2400
M204 S4000
;TYPE:Perimeter
G1 F900
G1 X140.486 Y125.46 E.1993
G1 X140.486 Y126.196 E.09965
G1 X140.486 Y136.736 E1.42707
G1 X139.014 Y136.736 E.1993
G1 X139.014 Y125.58 E1.51047
M204 S8000
G1 X139.014 Y125.58 F18000
G1 X138.2 Y124.646
M204 S3000
;TYPE:External perimeter
G1 F900
G1 X141.3 Y124.646 E.41973
G1 X141.3 Y126.196 E.20986
G1 X141.3 Y137.55 E1.53728
G1 X138.2 Y137.55 E.41973
G1 X138.2 Y124.766 E1.73089
M204 S8000
G1 X138.991 Y124.647 F18000
G1 E-2 F2400
G1 X139.75 Y136 F18000
G1 E2 F2400
M204 S4000
;TYPE:Perimeter
;WIDTH:0.743365
G1 F3600
G1 X139.75 Y126.196 E1.07203
M204 S8000
G1 E-2 F2400
G1 X116.986 Y136.736 F18000
G1 E2 F2400
M204 S4000
;WIDTH:0.9
G1 F900
G1 X115.514 Y136.736 E.1993
G1 X115.514 Y125.46 E1.52672
G1 X116.986 Y125.46 E.1993
G1 X116.986 Y126.196 E.09965
G1 X116.986 Y136.616 E1.41082
M204 S8000
G1 X116.986 Y136.616 F18000
G1 X117.8 Y137.55
M204 S3000
;TYPE:External perimeter
G1 F900
G1 X114.7 Y137.55 E.41973
G1 X114.7 Y124.646 E1.74714
G1 X117.8 Y124.646 E.41973
G1 X117.8 Y126.196 E.20986
G1 X117.8 Y137.43 E1.52103
M204 S8000
G1 X117.009 Y137.549 F18000
G1 X116.25 Y136
M204 S4000
;TYPE:Perimeter
;WIDTH:0.743365
G1 F3600
G1 X116.25 Y126.196 E1.07203
M204 S8000
G1 E-2 F2400
G1 X116.87 Y120.424 F18000
G1 E2 F2400
M204 S4000
;WIDTH:1.13076
G1 F900
G1 X115.63 Y120.424 E.21548
G1 X115.63 Y119.38 E.18142
G1 X116.87 Y119.38 E.21548
G1 X116.87 Y119.902 E.09071
G1 X116.87 Y120.304 E.06986
M204 S8000
G1 X116.87 Y120.304 F18000
G1 X117.8 Y121.354
M204 S3000
;TYPE:External perimeter
;WIDTH:0.9
G1 F900
G1 X114.7 Y121.354 E.41973
G1 X114.7 Y118.45 E.39319
G1 X117.8 Y118.45 E.41973
G1 X117.8 Y119.902 E.19659
G1 X117.8 Y121.234 E.18035
M204 S8000
G1 X117.009 Y121.353 F18000
;LAYER_CHANGE
;Z:44
;HEIGHT:0.400002
G1 Z44 F18000
G1 E-2 F2400
G1 Z44 F18000
G1 X139.014 Y125.861
G1 Z44
G1 E2 F2400
M204 S4000
;TYPE:Perimeter
G1 F900
G1 X140.486 Y125.861 E.1993
G1 X140.486 Y126.597 E.09965
G1 X140.486 Y136.736 E1.37277
G1 X139.014 Y136.736 E.1993
G1 X139.014 Y125.981 E1.45618
M204 S8000
G1 X139.014 Y125.981 F18000
G1 X138.2 Y125.047
M204 S3000
;TYPE:External perimeter
G1 F900
G1 X141.3 Y125.047 E.41973
G1 X141.3 Y126.597 E.20986
G1 X141.3 Y137.55 E1.48298
G1 X138.2 Y137.55 E.41973
G1 X138.2 Y125.167 E1.6766
M204 S8000
G1 X138.991 Y125.048 F18000
G1 E-2 F2400
G1 X139.75 Y136 F18000
G1 E2 F2400
M204 S4000
;TYPE:Perimeter
;WIDTH:0.743365
G1 F3600
G1 X139.75 Y126.597 E1.02819
M204 S8000
G1 E-2 F2400
G1 X139.029 Y120.124 F18000
G1 E2 F2400
M204 S4000
;WIDTH:0.930243
G1 F900
G1 X139.029 Y119.279 E.11866
G1 X140.471 Y119.279 E.20249
G1 X140.471 Y119.701 E.05926
G1 X140.471 Y120.124 E.0594
G1 X139.149 Y120.124 E.18564
M204 S8000
G1 X139.149 Y120.124 F18000
G1 X138.2 Y120.953
M204 S3000
;TYPE:External perimeter
;WIDTH:0.9
G1 F900
G1 X138.2 Y118.45 E.33889
G1 X141.3 Y118.45 E.41973
G1 X141.3 Y119.701 E.16938
G1 X141.3 Y120.953 E.16951
G1 X138.32 Y120.953 E.40348
M204 S8000
G1 X138.201 Y120.162 F18000
G1 E-2 F2400
G1 X116.971 Y120.124 F18000
G1 E2 F2400
M204 S4000
;TYPE:Perimeter
;WIDTH:0.930244
G1 F900
G1 X115.529 Y120.124 E.20249
G1 X115.529 Y119.279 E.11866
G1 X116.971 Y119.279 E.20249
G1 X116.971 Y119.701 E.05926
G1 X116.971 Y120.004 E.04255
M204 S8000
G1 X116.971 Y120.004 F18000
G1 X117.8 Y120.953
M204 S3000
;TYPE:External perimeter
;WIDTH:0.9
G1 F900
G1 X114.7 Y120.953 E.41973
G1 X114.7 Y118.45 E.33889
G1 X117.8 Y118.45 E.41973
G1 X117.8 Y119.701 E.16938
G1 X117.8 Y120.833 E.15327
M204 S8000
G1 X117.009 Y120.952 F18000
G1 E-2 F2400
G1 X116.986 Y136.736 F18000
G1 E2 F2400
M204 S4000
;TYPE:Perimeter
G1 F900
G1 X115.514 Y136.736 E.1993
G1 X115.514 Y125.861 E1.47242
G1 X116.986 Y125.861 E.1993
G1 X116.986 Y126.597 E.09965
G1 X116.986 Y136.616 E1.35652
M204 S8000
G1 X116.986 Y136.616 F18000
G1 X117.8 Y137.55
M204 S3000
;TYPE:External perimeter
G1 F900
G1 X114.7 Y137.55 E.41973
G1 X114.7 Y125.047 E1.69285
G1 X117.8 Y125.047 E.41973
G1 X117.8 Y126.597 E.20986
G1 X117.8 Y137.43 E1.46674
M204 S8000
G1 X117.009 Y137.549 F18000
G1 X116.25 Y136
M204 S4000
;TYPE:Perimeter
;WIDTH:0.743365
G1 F3600
G1 X116.25 Y126.597 E1.02819
M204 S8000
;LAYER_CHANGE
;Z:44.4
;HEIGHT:0.400002
G1 Z44.4 F18000
G1 E-2 F2400
G1 Z44.4 F18000
G1 X138.971 Y119.948
G1 Z44.4
G1 E2 F2400
M204 S4000
;WIDTH:0.813072
G1 F900
G1 X138.971 Y119.221 E.08792
G1 X140.529 Y119.221 E.18842
G1 X140.529 Y119.584 E.0439
G1 X140.529 Y119.948 E.04402
G1 X139.091 Y119.948 E.17391
M204 S8000
G1 X139.091 Y119.948 F18000
G1 X138.2 Y120.719
M204 S3000
;TYPE:External perimeter
;WIDTH:0.9
G1 F900
G1 X138.2 Y118.45 E.30721
G1 X141.3 Y118.45 E.41973
G1 X141.3 Y119.584 E.15354
G1 X141.3 Y120.719 E.15367
G1 X138.32 Y120.719 E.40348
M204 S8000
G1 X138.201 Y119.927 F18000
G1 E-2 F2400
G1 X139.014 Y126.096 F18000
G1 E2 F2400
M204 S4000
;TYPE:Perimeter
G1 F900
G1 X140.486 Y126.096 E.1993
G1 X140.486 Y126.831 E.09952
G1 X140.486 Y136.736 E1.34109
G1 X139.014 Y136.736 E.1993
G1 X139.014 Y126.216 E1.42436
M204 S8000
G1 X139.014 Y126.216 F18000
G1 X138.2 Y125.281
M204 S3000
;TYPE:External perimeter
G1 F900
G1 X141.3 Y125.281 E.41973
G1 X141.3 Y126.831 E.20986
G1 X141.3 Y137.55 E1.4513
G1 X138.2 Y137.55 E.41973
G1 X138.2 Y125.401 E1.64492
M204 S8000
G1 X138.991 Y125.283 F18000
G1 E-2 F2400
G1 X139.75 Y136 F18000
G1 E2 F2400
M204 S4000
;TYPE:Perimeter
;WIDTH:0.743365
G1 F3600
G1 X139.75 Y126.831 E1.0026
M204 S8000
G1 E-2 F2400
G1 X139.75 Y126.831 F18000
G1 X116.986 Y136.736
G1 E2 F2400
M204 S4000
;WIDTH:0.9
G1 F900
G1 X115.514 Y136.736 E.1993
G1 X115.514 Y126.096 E1.4406
G1 X116.986 Y126.096 E.1993
G1 X116.986 Y126.831 E.09952
G1 X116.986 Y136.616 E1.32484
M204 S8000
G1 X116.986 Y136.616 F18000
G1 X117.8 Y137.55
M204 S3000
;TYPE:External perimeter
G1 F900
G1 X114.7 Y137.55 E.41973
G1 X114.7 Y125.281 E1.66116
G1 X117.8 Y125.281 E.41973
G1 X117.8 Y126.831 E.20986
G1 X117.8 Y137.43 E1.43505
M204 S8000
G1 X117.009 Y137.549 F18000
G1 X116.25 Y136
M204 S4000
;TYPE:Perimeter
;WIDTH:0.743365
G1 F3600
G1 X116.25 Y126.831 E1.0026
M204 S8000
G1 E-2 F2400
G1 X116.25 Y126.831 F18000
G1 X117.029 Y119.948
G1 E2 F2400
M204 S4000
;WIDTH:0.813072
G1 F900
G1 X115.471 Y119.948 E.18842
G1 X115.471 Y119.221 E.08792
G1 X117.029 Y119.221 E.18842
G1 X117.029 Y119.584 E.0439
G1 X117.029 Y119.828 E.02951
M204 S8000
G1 X117.029 Y119.828 F18000
G1 X117.8 Y120.719
M204 S3000
;TYPE:External perimeter
;WIDTH:0.9
G1 F900
G1 X114.7 Y120.719 E.41973
G1 X114.7 Y118.45 E.30721
G1 X117.8 Y118.45 E.41973
G1 X117.8 Y119.584 E.15354
G1 X117.8 Y120.599 E.13743
M204 S8000
G1 X117.009 Y120.717 F18000
;LAYER_CHANGE
;Z:44.8
;HEIGHT:0.399998
G1 Z44.8 F18000
G1 E-2 F2400
G1 Z44.8 F18000
G1 X139.014 Y126.223
G1 Z44.8
G1 E2 F2400
M204 S4000
;TYPE:Perimeter
G1 F900
G1 X140.486 Y126.223 E.1993
G1 X140.486 Y126.959 E.09965
G1 X140.486 Y136.736 E1.32376
G1 X139.014 Y136.736 E.1993
G1 X139.014 Y126.343 E1.40716
M204 S8000
G1 X139.014 Y126.343 F18000
G1 X138.2 Y125.409
M204 S3000
;TYPE:External perimeter
G1 F900
G1 X141.3 Y125.409 E.41973
G1 X141.3 Y126.959 E.20986
G1 X141.3 Y137.55 E1.43397
G1 X138.2 Y137.55 E.41973
G1 X138.2 Y125.529 E1.62759
M204 S8000
G1 X138.991 Y125.41 F18000
G1 E-2 F2400
G1 X139.75 Y136 F18000
G1 E2 F2400
M204 S4000
;TYPE:Perimeter
;WIDTH:0.743365
G1 F3600
G1 X139.75 Y126.959 E.9886
M204 S8000
G1 E-2 F2400
G1 X139.75 Y126.959 F18000
G1 X138.939 Y119.852
G1 E2 F2400
M204 S4000
;WIDTH:0.749206
G1 F900
G1 X138.939 Y119.189 E.07314
G1 X140.561 Y119.189 E.17894
G1 X140.561 Y119.52 E.03652
G1 X140.561 Y119.852 E.03663
G1 X139.059 Y119.852 E.1657
M204 S8000
G1 X139.059 Y119.852 F18000
G1 X138.2 Y120.591
M204 S3000
;TYPE:External perimeter
;WIDTH:0.9
G1 F900
G1 X138.2 Y118.45 E.28988
G1 X141.3 Y118.45 E.41973
G1 X141.3 Y119.52 E.14487
G1 X141.3 Y120.591 E.14501
G1 X138.32 Y120.591 E.40348
M204 S8000
G1 X138.201 Y119.8 F18000
G1 E-2 F2400
G1 X117.061 Y119.852 F18000
G1 E2 F2400
M204 S4000
;TYPE:Perimeter
;WIDTH:0.749207
G1 F900
G1 X115.439 Y119.852 E.17894
G1 X115.439 Y119.189 E.07314
G1 X117.061 Y119.189 E.17894
G1 X117.061 Y119.52 E.03652
G1 X117.061 Y119.732 E.02339
M204 S8000
G1 X117.061 Y119.732 F18000
G1 X117.8 Y120.591
M204 S3000
;TYPE:External perimeter
;WIDTH:0.9
G1 F900
G1 X114.7 Y120.591 E.41973
G1 X114.7 Y118.45 E.28988
G1 X117.8 Y118.45 E.41973
G1 X117.8 Y119.52 E.14487
G1 X117.8 Y120.471 E.12876
M204 S8000
G1 X117.009 Y120.59 F18000
G1 E-2 F2400
G1 X116.986 Y136.736 F18000
G1 E2 F2400
M204 S4000
;TYPE:Perimeter
G1 F900
G1 X115.514 Y136.736 E.1993
G1 X115.514 Y126.223 E1.42341
G1 X116.986 Y126.223 E.1993
G1 X116.986 Y126.959 E.09965
G1 X116.986 Y136.616 E1.30751
M204 S8000
G1 X116.986 Y136.616 F18000
G1 X117.8 Y137.55
M204 S3000
;TYPE:External perimeter
G1 F900
G1 X114.7 Y137.55 E.41973
G1 X114.7 Y125.409 E1.64383
G1 X117.8 Y125.409 E.41973
G1 X117.8 Y126.959 E.20986
G1 X117.8 Y137.43 E1.41772
M204 S8000
G1 X117.009 Y137.549 F18000
G1 X116.25 Y136
M204 S4000
;TYPE:Perimeter
;WIDTH:0.743365
G1 F3600
G1 X116.25 Y126.959 E.9886
M204 S8000
;LAYER_CHANGE
;Z:45.2
;HEIGHT:0.400002
G1 Z45.2 F18000
G1 E-2 F2400
G1 Z45.2 F18000
G1 X116.986 Y136.736
G1 Z45.2
G1 E2 F2400
M204 S4000
;WIDTH:0.9
G1 F900
G1 X115.514 Y136.736 E.1993
G1 X115.514 Y126.264 E1.41786
G1 X116.986 Y126.264 E.1993
G1 X116.986 Y127 E.09965
G1 X116.986 Y136.616 E1.30196
M204 S8000
G1 X116.986 Y136.616 F18000
G1 X117.8 Y137.55
M204 S3000
;TYPE:External perimeter
G1 F900
G1 X114.7 Y137.55 E.41973
G1 X114.7 Y125.45 E1.63828
G1 X117.8 Y125.45 E.41973
G1 X117.8 Y127 E.20986
G1 X117.8 Y137.43 E1.41217
M204 S8000
G1 X117.009 Y137.549 F18000
G1 X116.25 Y136
M204 S4000
;TYPE:Perimeter
;WIDTH:0.743367
G1 F3600
G1 X116.25 Y127 E.98412
M204 S8000
G1 E-2 F2400
G1 X117.071 Y119.821 F18000
G1 E2 F2400
M204 S4000
;WIDTH:0.728762
G1 F900
G1 X115.429 Y119.821 E.17556
G1 X115.429 Y119.179 E.06864
G1 X117.071 Y119.179 E.17556
G1 X117.071 Y119.5 E.03432
G1 X117.071 Y119.701 E.02149
M204 S8000
G1 X117.071 Y119.701 F18000
G1 X117.8 Y120.55
M204 S3000
;TYPE:External perimeter
;WIDTH:0.9
G1 F900
G1 X114.7 Y120.55 E.41973
G1 X114.7 Y118.45 E.28433
G1 X117.8 Y118.45 E.41973
G1 X117.8 Y119.5 E.14216
G1 X117.8 Y120.43 E.12592
M204 S8000
G1 X117.009 Y120.549 F18000
G1 E-2 F2400
G1 X138.929 Y119.821 F18000
G1 E2 F2400
M204 S4000
;TYPE:Perimeter
;WIDTH:0.728761
G1 F900
G1 X138.929 Y119.179 E.06864
G1 X140.571 Y119.179 E.17556
G1 X140.571 Y119.5 E.03432
G1 X140.571 Y119.821 E.03432
G1 X139.049 Y119.821 E.16273
M204 S8000
G1 X139.049 Y119.821 F18000
G1 X138.2 Y120.55
M204 S3000
;TYPE:External perimeter
;WIDTH:0.9
G1 F900
G1 X138.2 Y118.45 E.28433
G1 X141.3 Y118.45 E.41973
G1 X141.3 Y119.5 E.14216
G1 X141.3 Y120.55 E.14216
G1 X138.32 Y120.55 E.40348
M204 S8000
G1 X138.201 Y119.759 F18000
G1 E-2 F2400
G1 X139.014 Y126.264 F18000
G1 E2 F2400
M204 S4000
;TYPE:Perimeter
G1 F900
G1 X140.486 Y126.264 E.1993
G1 X140.486 Y127 E.09965
G1 X140.486 Y136.736 E1.31821
G1 X139.014 Y136.736 E.1993
G1 X139.014 Y126.384 E1.40161
M204 S8000
G1 X139.014 Y126.384 F18000
G1 X138.2 Y125.45
M204 S3000
;TYPE:External perimeter
G1 F900
G1 X141.3 Y125.45 E.41973
G1 X141.3 Y127 E.20986
G1 X141.3 Y137.55 E1.42842
G1 X138.2 Y137.55 E.41973
G1 X138.2 Y125.57 E1.62203
M204 S8000
G1 X138.991 Y125.451 F18000
G1 E-2 F2400
G1 X139.75 Y136 F18000
G1 E2 F2400
M204 S4000
;TYPE:Perimeter
;WIDTH:0.743365
G1 F3600
G1 X139.75 Y127 E.98412
M204 S8000
;LAYER_CHANGE
;Z:45.6
;HEIGHT:0.399998
G1 Z45.6 F18000
G1 E-2 F2400
G1 Z45.6 F18000
G1 X116.986 Y136.736
G1 Z45.6
G1 E2 F2400
M204 S4000
;WIDTH:0.9
G1 F900
G1 X115.514 Y136.736 E.1993
G1 X115.514 Y126.223 E1.42341
G1 X116.986 Y126.223 E.1993
G1 X116.986 Y126.959 E.09965
G1 X116.986 Y136.616 E1.30751
M204 S8000
G1 X116.986 Y136.616 F18000
G1 X117.8 Y137.55
M204 S3000
;TYPE:External perimeter
G1 F900
G1 X114.7 Y137.55 E.41973
G1 X114.7 Y125.409 E1.64383
G1 X117.8 Y125.409 E.41973
G1 X117.8 Y126.959 E.20986
G1 X117.8 Y137.43 E1.41772
M204 S8000
G1 X117.009 Y137.549 F18000
G1 X116.25 Y136
M204 S4000
;TYPE:Perimeter
;WIDTH:0.743365
G1 F3600
G1 X116.25 Y126.959 E.9886
M204 S8000
G1 E-2 F2400
G1 X116.25 Y126.959 F18000
G1 X117.061 Y119.852
G1 E2 F2400
M204 S4000
;WIDTH:0.749207
G1 F900
G1 X115.439 Y119.852 E.17894
G1 X115.439 Y119.189 E.07314
G1 X117.061 Y119.189 E.17894
G1 X117.061 Y119.52 E.03652
G1 X117.061 Y119.732 E.02339
M204 S8000
G1 X117.061 Y119.732 F18000
G1 X117.8 Y120.591
M204 S3000
;TYPE:External perimeter
;WIDTH:0.9
G1 F900
G1 X114.7 Y120.591 E.41973
G1 X114.7 Y118.45 E.28988
G1 X117.8 Y118.45 E.41973
G1 X117.8 Y119.52 E.14487
G1 X117.8 Y120.471 E.12876
M204 S8000
G1 X117.009 Y120.59 F18000
G1 E-2 F2400
G1 X138.939 Y119.852 F18000
G1 E2 F2400
M204 S4000
;TYPE:Perimeter
;WIDTH:0.749206
G1 F900
G1 X138.939 Y119.189 E.07314
G1 X140.561 Y119.189 E.17894
G1 X140.561 Y119.52 E.03652
G1 X140.561 Y119.852 E.03663
G1 X139.059 Y119.852 E.1657
M204 S8000
G1 X139.059 Y119.852 F18000
G1 X138.2 Y120.591
M204 S3000
;TYPE:External perimeter
;WIDTH:0.9
G1 F900
G1 X138.2 Y118.45 E.28988
G1 X141.3 Y118.45 E.41973
G1 X141.3 Y119.52 E.14487
G1 X141.3 Y120.591 E.14501
G1 X138.32 Y120.591 E.40348
M204 S8000
G1 X138.201 Y119.8 F18000
G1 E-2 F2400
G1 X139.014 Y126.223 F18000
G1 E2 F2400
M204 S4000
;TYPE:Perimeter
G1 F900
G1 X140.486 Y126.223 E.1993
G1 X140.486 Y126.959 E.09965
G1 X140.486 Y136.736 E1.32376
G1 X139.014 Y136.736 E.1993
G1 X139.014 Y126.343 E1.40716
M204 S8000
G1 X139.014 Y126.343 F18000
G1 X138.2 Y125.409
M204 S3000
;TYPE:External perimeter
G1 F900
G1 X141.3 Y125.409 E.41973
G1 X141.3 Y126.959 E.20986
G1 X141.3 Y137.55 E1.43397
G1 X138.2 Y137.55 E.41973
G1 X138.2 Y125.529 E1.62759
M204 S8000
G1 X138.991 Y125.41 F18000
G1 E-2 F2400
G1 X139.75 Y136 F18000
G1 E2 F2400
M204 S4000
;TYPE:Perimeter
;WIDTH:0.743365
G1 F3600
G1 X139.75 Y126.959 E.9886
M204 S8000
;LAYER_CHANGE
;Z:46
;HEIGHT:0.400002
G1 Z46 F18000
G1 E-2 F2400
G1 Z46 F18000
G1 X138.971 Y119.948
G1 Z46
G1 E2 F2400
M204 S4000
;WIDTH:0.813072
G1 F900
G1 X138.971 Y119.221 E.08792
G1 X140.529 Y119.221 E.18842
G1 X140.529 Y119.584 E.0439
G1 X140.529 Y119.948 E.04402
G1 X139.091 Y119.948 E.17391
M204 S8000
G1 X139.091 Y119.948 F18000
G1 X138.2 Y120.719
M204 S3000
;TYPE:External perimeter
;WIDTH:0.9
G1 F900
G1 X138.2 Y118.45 E.30721
G1 X141.3 Y118.45 E.41973
G1 X141.3 Y119.584 E.15354
G1 X141.3 Y120.719 E.15367
G1 X138.32 Y120.719 E.40348
M204 S8000
G1 X138.201 Y119.927 F18000
G1 E-2 F2400
G1 X139.014 Y126.096 F18000
G1 E2 F2400
M204 S4000
;TYPE:Perimeter
G1 F900
G1 X140.486 Y126.096 E.1993
G1 X140.486 Y126.831 E.09952
G1 X140.486 Y136.736 E1.34109
G1 X139.014 Y136.736 E.1993
G1 X139.014 Y126.216 E1.42436
M204 S8000
G1 X139.014 Y126.216 F18000
G1 X138.2 Y125.281
M204 S3000
;TYPE:External perimeter
G1 F900
G1 X141.3 Y125.281 E.41973
G1 X141.3 Y126.831 E.20986
G1 X141.3 Y137.55 E1.4513
G1 X138.2 Y137.55 E.41973
G1 X138.2 Y125.401 E1.64492
M204 S8000
G1 X138.991 Y125.283 F18000
G1 E-2 F2400
G1 X139.75 Y136 F18000
G1 E2 F2400
M204 S4000
;TYPE:Perimeter
;WIDTH:0.743365
G1 F3600
G1 X139.75 Y126.831 E1.0026
M204 S8000
G1 E-2 F2400
G1 X139.75 Y126.831 F18000
G1 X116.986 Y136.736
G1 E2 F2400
M204 S4000
;WIDTH:0.9
G1 F900
G1 X115.514 Y136.736 E.1993
G1 X115.514 Y126.096 E1.4406
G1 X116.986 Y126.096 E.1993
G1 X116.986 Y126.831 E.09952
G1 X116.986 Y136.616 E1.32484
M204 S8000
G1 X116.986 Y136.616 F18000
G1 X117.8 Y137.55
M204 S3000
;TYPE:External perimeter
G1 F900
G1 X114.7 Y137.55 E.41973
G1 X114.7 Y125.281 E1.66116
G1 X117.8 Y125.281 E.41973
G1 X117.8 Y126.831 E.20986
G1 X117.8 Y137.43 E1.43505
M204 S8000
G1 X117.009 Y137.549 F18000
G1 X116.25 Y136
M204 S4000
;TYPE:Perimeter
;WIDTH:0.743365
G1 F3600
G1 X116.25 Y126.831 E1.0026
M204 S8000
G1 E-2 F2400
G1 X116.25 Y126.831 F18000
G1 X117.029 Y119.948
G1 E2 F2400
M204 S4000
;WIDTH:0.813072
G1 F900
G1 X115.471 Y119.948 E.18842
G1 X115.471 Y119.221 E.08792
G1 X117.029 Y119.221 E.18842
G1 X117.029 Y119.584 E.0439
G1 X117.029 Y119.828 E.02951
M204 S8000
G1 X117.029 Y119.828 F18000
G1 X117.8 Y120.719
M204 S3000
;TYPE:External perimeter
;WIDTH:0.9
G1 F900
G1 X114.7 Y120.719 E.41973
G1 X114.7 Y118.45 E.30721
G1 X117.8 Y118.45 E.41973
G1 X117.8 Y119.584 E.15354
G1 X117.8 Y120.599 E.13743
M204 S8000
G1 X117.009 Y120.717 F18000
;LAYER_CHANGE
;Z:46.4
;HEIGHT:0.400002
G1 Z46.4 F18000
G1 E-2 F2400
G1 Z46.4 F18000
G1 X139.029 Y120.124
G1 Z46.4
G1 E2 F2400
M204 S4000
;TYPE:Perimeter
;WIDTH:0.930243
G1 F900
G1 X139.029 Y119.279 E.11866
G1 X140.471 Y119.279 E.20249
G1 X140.471 Y119.701 E.05926
G1 X140.471 Y120.124 E.0594
G1 X139.149 Y120.124 E.18564
M204 S8000
G1 X139.149 Y120.124 F18000
G1 X138.2 Y120.953
M204 S3000
;TYPE:External perimeter
;WIDTH:0.9
G1 F900
G1 X138.2 Y118.45 E.33889
G1 X141.3 Y118.45 E.41973
G1 X141.3 Y119.701 E.16938
G1 X141.3 Y120.953 E.16951
G1 X138.32 Y120.953 E.40348
M204 S8000
G1 X138.201 Y120.162 F18000
G1 E-2 F2400
G1 X139.014 Y125.861 F18000
G1 E2 F2400
M204 S4000
;TYPE:Perimeter
G1 F900
G1 X140.486 Y125.861 E.1993
G1 X140.486 Y126.597 E.09965
G1 X140.486 Y136.736 E1.37277
G1 X139.014 Y136.736 E.1993
G1 X139.014 Y125.981 E1.45618
M204 S8000
G1 X139.014 Y125.981 F18000
G1 X138.2 Y125.047
M204 S3000
;TYPE:External perimeter
G1 F900
G1 X141.3 Y125.047 E.41973
G1 X141.3 Y126.597 E.20986
G1 X141.3 Y137.55 E1.48298
G1 X138.2 Y137.55 E.41973
G1 X138.2 Y125.167 E1.6766
M204 S8000
G1 X138.991 Y125.048 F18000
G1 E-2 F2400
G1 X139.75 Y136 F18000
G1 E2 F2400
M204 S4000
;TYPE:Perimeter
;WIDTH:0.743365
G1 F3600
G1 X139.75 Y126.597 E1.02819
M204 S8000
G1 E-2 F2400
G1 X116.986 Y136.736 F18000
G1 E2 F2400
M204 S4000
;WIDTH:0.9
G1 F900
G1 X115.514 Y136.736 E.1993
G1 X115.514 Y125.861 E1.47242
G1 X116.986 Y125.861 E.1993
G1 X116.986 Y126.597 E.09965
G1 X116.986 Y136.616 E1.35652
M204 S8000
G1 X116.986 Y136.616 F18000
G1 X117.8 Y137.55
M204 S3000
;TYPE:External perimeter
G1 F900
G1 X114.7 Y137.55 E.41973
G1 X114.7 Y125.047 E1.69285
G1 X117.8 Y125.047 E.41973
G1 X117.8 Y126.597 E.20986
G1 X117.8 Y137.43 E1.46674
M204 S8000
G1 X117.009 Y137.549 F18000
G1 X116.25 Y136
M204 S4000
;TYPE:Perimeter
;WIDTH:0.743365
G1 F3600
G1 X116.25 Y126.597 E1.02819
M204 S8000
G1 E-2 F2400
G1 X116.971 Y120.124 F18000
G1 E2 F2400
M204 S4000
;WIDTH:0.930244
G1 F900
G1 X115.529 Y120.124 E.20249
G1 X115.529 Y119.279 E.11866
G1 X116.971 Y119.279 E.20249
G1 X116.971 Y119.701 E.05926
G1 X116.971 Y120.004 E.04255
M204 S8000
G1 X116.971 Y120.004 F18000
G1 X117.8 Y120.953
M204 S3000
;TYPE:External perimeter
;WIDTH:0.9
G1 F900
G1 X114.7 Y120.953 E.41973
G1 X114.7 Y118.45 E.33889
G1 X117.8 Y118.45 E.41973
G1 X117.8 Y119.701 E.16938
G1 X117.8 Y120.833 E.15327
M204 S8000
G1 X117.009 Y120.952 F18000
;LAYER_CHANGE
;Z:46.8
;HEIGHT:0.399998
G1 Z46.8 F18000
G1 E-2 F2400
G1 Z46.8 F18000
G1 X139.13 Y120.424
G1 Z46.8
G1 E2 F2400
M204 S4000
;TYPE:Perimeter
;WIDTH:1.13076
G1 F900
G1 X139.13 Y119.38 E.18142
G1 X140.37 Y119.38 E.21548
G1 X140.37 Y119.902 E.09071
G1 X140.37 Y120.424 E.09071
G1 X139.25 Y120.424 E.19462
M204 S8000
G1 X139.25 Y120.424 F18000
G1 X138.2 Y121.354
M204 S3000
;TYPE:External perimeter
;WIDTH:0.9
G1 F900
G1 X138.2 Y118.45 E.39319
G1 X141.3 Y118.45 E.41973
G1 X141.3 Y119.902 E.19659
G1 X141.3 Y121.354 E.19659
G1 X138.32 Y121.354 E.40348
M204 S8000
G1 X138.201 Y120.563 F18000
G1 E-2 F2400
G1 X139.014 Y125.46 F18000
G1 E2 F2400
M204 S4000
;TYPE:Perimeter
G1 F900
G1 X140.486 Y125.46 E.1993
G1 X140.486 Y126.196 E.09965
G1 X140.486 Y136.736 E1.42707
G1 X139.014 Y136.736 E.1993
G1 X139.014 Y125.58 E1.51047
M204 S8000
G1 X139.014 Y125.58 F18000
G1 X138.2 Y124.646
M204 S3000
;TYPE:External perimeter
G1 F900
G1 X141.3 Y124.646 E.41973
G1 X141.3 Y126.196 E.20986
G1 X141.3 Y137.55 E1.53728
G1 X138.2 Y137.55 E.41973
G1 X138.2 Y124.766 E1.73089
M204 S8000
G1 X138.991 Y124.647 F18000
G1 E-2 F2400
G1 X139.75 Y136 F18000
G1 E2 F2400
M204 S4000
;TYPE:Perimeter
;WIDTH:0.743365
G1 F3600
G1 X139.75 Y126.196 E1.07203
M204 S8000
G1 E-2 F2400
G1 X116.986 Y136.736 F18000
G1 E2 F2400
M204 S4000
;WIDTH:0.9
G1 F900
G1 X115.514 Y136.736 E.1993
G1 X115.514 Y125.46 E1.52672
G1 X116.986 Y125.46 E.1993
G1 X116.986 Y126.196 E.09965
G1 X116.986 Y136.616 E1.41082
M204 S8000
G1 X116.986 Y136.616 F18000
G1 X117.8 Y137.55
M204 S3000
;TYPE:External perimeter
G1 F900
G1 X114.7 Y137.55 E.41973
G1 X114.7 Y124.646 E1.74714
G1 X117.8 Y124.646 E.41973
G1 X117.8 Y126.196 E.20986
G1 X117.8 Y137.43 E1.52103
M204 S8000
G1 X117.009 Y137.549 F18000
G1 X116.25 Y136
M204 S4000
;TYPE:Perimeter
;WIDTH:0.743365
G1 F3600
G1 X116.25 Y126.196 E1.07203
M204 S8000
G1 E-2 F2400
G1 X116.87 Y120.424 F18000
G1 E2 F2400
M204 S4000
;WIDTH:1.13076
G1 F900
G1 X115.63 Y120.424 E.21548
G1 X115.63 Y119.38 E.18142
G1 X116.87 Y119.38 E.21548
G1 X116.87 Y119.902 E.09071
G1 X116.87 Y120.304 E.06986
M204 S8000
G1 X116.87 Y120.304 F18000
G1 X117.8 Y121.354
M204 S3000
;TYPE:External perimeter
;WIDTH:0.9
G1 F900
G1 X114.7 Y121.354 E.41973
G1 X114.7 Y118.45 E.39319
G1 X117.8 Y118.45 E.41973
G1 X117.8 Y119.902 E.19659
G1 X117.8 Y121.234 E.18035
M204 S8000
G1 X117.009 Y121.353 F18000
;LAYER_CHANGE
;Z:47.2
;HEIGHT:0.400002
G1 Z47.2 F18000
G1 E-2 F2400
G1 Z47.2 F18000
G1 X139.014 Y119.264
G1 Z47.2
G1 E2 F2400
M204 S4000
;TYPE:Perimeter
G1 F900
G1 X140.486 Y119.264 E.1993
G1 X140.486 Y120 E.09965
G1 X140.486 Y122.204 E.29841
M204 S2500
;TYPE:Overhang perimeter
;WIDTH:0.8
;HEIGHT:0.8
G1 X140.486 Y123.796 E.3327
M204 S4000
;TYPE:Perimeter
;WIDTH:0.9
;HEIGHT:0.4
G1 X140.486 Y136.736 E1.75201
G1 X139.014 Y136.736 E.1993
G1 X139.014 Y123.796 E1.75201
M204 S2500
;TYPE:Overhang perimeter
;WIDTH:0.8
;HEIGHT:0.8
G1 X139.014 Y122.204 E.3327
M204 S4000
;TYPE:Perimeter
;WIDTH:0.9
;HEIGHT:0.4
G1 X139.014 Y119.384 E.38181
M204 S8000
G1 X139.014 Y119.384 F18000
G1 X138.2 Y118.45
M204 S3000
;TYPE:External perimeter
G1 F2400
G1 X141.3 Y118.45 E.41973
G1 X141.3 Y120 E.20986
G1 X141.3 Y122.204 E.29841
M204 S2500
;TYPE:Overhang perimeter
;WIDTH:0.8
;HEIGHT:0.8
G1 F1500
G1 X141.3 Y123.796 E.3327
M204 S3000
;TYPE:External perimeter
;WIDTH:0.9
;HEIGHT:0.4
G1 F2400
G1 X141.3 Y137.55 E1.86223
G1 X138.2 Y137.55 E.41973
G1 X138.2 Y123.796 E1.86223
M204 S2500
;TYPE:Overhang perimeter
;WIDTH:0.8
;HEIGHT:0.8
G1 F1500
G1 X138.2 Y122.204 E.3327
M204 S3000
;TYPE:External perimeter
;WIDTH:0.9
;HEIGHT:0.4
G1 F2400
G1 X138.2 Y118.57 E.49203
M204 S8000
G1 X138.991 Y118.451 F18000
G1 E-2 F2400
G1 X139.75 Y136 F18000
G1 E2 F2400
M204 S4000
;TYPE:Perimeter
;WIDTH:0.743365
G1 F3600
G1 X139.75 Y123.796 E1.33447
M204 S2500
;TYPE:Overhang perimeter
;WIDTH:0.8
;HEIGHT:0.8
G1 F1500
G1 X139.75 Y122.204 E.3327
M204 S4000
;TYPE:Perimeter
;WIDTH:0.743365
;HEIGHT:0.4
G1 F3600
G1 X139.75 Y120 E.241
M204 S8000
G1 E-2 F2400
G1 X116.986 Y136.736 F18000
G1 E2 F2400
M204 S4000
;WIDTH:0.9
G1 F900
G1 X115.514 Y136.736 E.1993
G1 X115.514 Y123.796 E1.75201
M204 S2500
;TYPE:Overhang perimeter
;WIDTH:0.8
;HEIGHT:0.8
G1 X115.514 Y122.204 E.3327
M204 S4000
;TYPE:Perimeter
;WIDTH:0.9
;HEIGHT:0.4
G1 X115.514 Y119.264 E.39806
G1 X116.986 Y119.264 E.1993
G1 X116.986 Y120 E.09965
G1 X116.986 Y122.204 E.29841
M204 S2500
;TYPE:Overhang perimeter
;WIDTH:0.8
;HEIGHT:0.8
G1 X116.986 Y123.796 E.3327
M204 S4000
;TYPE:Perimeter
;WIDTH:0.9
;HEIGHT:0.4
G1 X116.986 Y136.616 E1.73577
M204 S8000
G1 X116.986 Y136.616 F18000
G1 X117.8 Y137.55
M204 S3000
;TYPE:External perimeter
G1 F2400
G1 X114.7 Y137.55 E.41973
G1 X114.7 Y123.796 E1.86223
M204 S2500
;TYPE:Overhang perimeter
;WIDTH:0.8
;HEIGHT:0.8
G1 F1500
G1 X114.7 Y122.204 E.3327
M204 S3000
;TYPE:External perimeter
;WIDTH:0.9
;HEIGHT:0.4
G1 F2400
G1 X114.7 Y118.45 E.50827
G1 X117.8 Y118.45 E.41973
G1 X117.8 Y120 E.20986
G1 X117.8 Y122.204 E.29841
M204 S2500
;TYPE:Overhang perimeter
;WIDTH:0.8
;HEIGHT:0.8
G1 F1500
G1 X117.8 Y123.796 E.3327
M204 S3000
;TYPE:External perimeter
;WIDTH:0.9
;HEIGHT:0.4
G1 F2400
G1 X117.8 Y137.43 E1.84598
M204 S8000
G1 X117.009 Y137.549 F18000
G1 X116.25 Y136
M204 S4000
;TYPE:Perimeter
;WIDTH:0.743365
G1 F3600
G1 X116.25 Y123.796 E1.33447
M204 S2500
;TYPE:Overhang perimeter
;WIDTH:0.8
;HEIGHT:0.8
G1 F1500
G1 X116.25 Y122.204 E.3327
M204 S4000
;TYPE:Perimeter
;WIDTH:0.743365
;HEIGHT:0.4
G1 F3600
G1 X116.25 Y120 E.241
M204 S8000
;LAYER_CHANGE
;Z:47.6
;HEIGHT:0.399998
G1 Z47.6 F18000
G1 E-2 F2400
G1 Z47.6 F18000
G1 X116.986 Y136.736
G1 Z47.6
G1 E2 F2400
M204 S4000
;WIDTH:0.9
G1 F900
G1 X115.514 Y136.736 E.1993
G1 X115.514 Y119.264 E2.36562
G1 X116.986 Y119.264 E.1993
G1 X116.986 Y120 E.09965
G1 X116.986 Y136.616 E2.24973
M204 S8000
G1 X116.986 Y136.616 F18000
G1 X117.8 Y137.55
M204 S3000
;TYPE:External perimeter
G1 F2400
G1 X114.7 Y137.55 E.41973
G1 X114.7 Y118.45 E2.58605
G1 X117.8 Y118.45 E.41973
G1 X117.8 Y120 E.20986
G1 X117.8 Y137.43 E2.35994
M204 S8000
G1 X117.009 Y137.549 F18000
G1 X116.25 Y136
M204 S4000
;TYPE:Perimeter
;WIDTH:0.743365
G1 F3600
G1 X116.25 Y120 E1.74955
M204 S8000
G1 E-2 F2400
G1 X139.014 Y119.264 F18000
G1 E2 F2400
M204 S4000
;WIDTH:0.9
G1 F900
G1 X140.486 Y119.264 E.1993
G1 X140.486 Y120 E.09965
G1 X140.486 Y136.736 E2.26597
G1 X139.014 Y136.736 E.1993
G1 X139.014 Y119.384 E2.34938
M204 S8000
G1 X139.014 Y119.384 F18000
G1 X138.2 Y118.45
M204 S3000
;TYPE:External perimeter
G1 F2400
G1 X141.3 Y118.45 E.41973
G1 X141.3 Y120 E.20986
G1 X141.3 Y137.55 E2.37619
G1 X138.2 Y137.55 E.41973
G1 X138.2 Y118.57 E2.5698
M204 S8000
G1 X138.991 Y118.451 F18000
G1 E-2 F2400
G1 X139.75 Y136 F18000
G1 E2 F2400
M204 S4000
;TYPE:Perimeter
;WIDTH:0.743365
G1 F3600
G1 X139.75 Y120 E1.74955
M204 S8000
;LAYER_CHANGE
;Z:48
;HEIGHT:0.400002
G1 Z48 F18000
G1 E-2 F2400
G1 Z48 F18000
G1 X116.986 Y136.736
G1 Z48
G1 E2 F2400
M204 S4000
;WIDTH:0.9
G1 F900
G1 X115.514 Y136.736 E.1993
G1 X115.514 Y119.264 E2.36562
G1 X116.986 Y119.264 E.1993
G1 X116.986 Y120 E.09965
G1 X116.986 Y136.616 E2.24973
M204 S8000
G1 X116.986 Y136.616 F18000
G1 X117.8 Y137.55
M204 S3000
;TYPE:External perimeter
G1 F2400
G1 X114.7 Y137.55 E.41973
G1 X114.7 Y118.45 E2.58605
G1 X117.8 Y118.45 E.41973
G1 X117.8 Y120 E.20986
G1 X117.8 Y137.43 E2.35994
M204 S8000
G1 X117.009 Y137.549 F18000
G1 X116.25 Y136
M204 S4000
;TYPE:Perimeter
;WIDTH:0.743365
G1 F3600
G1 X116.25 Y120 E1.74955
M204 S8000
G1 E-2 F2400
G1 X139.014 Y119.264 F18000
G1 E2 F2400
M204 S4000
;WIDTH:0.9
G1 F900
G1 X140.486 Y119.264 E.1993
G1 X140.486 Y120 E.09965
G1 X140.486 Y136.736 E2.26597
G1 X139.014 Y136.736 E.1993
G1 X139.014 Y119.384 E2.34938
M204 S8000
G1 X139.014 Y119.384 F18000
G1 X138.2 Y118.45
M204 S3000
;TYPE:External perimeter
G1 F2400
G1 X141.3 Y118.45 E.41973
G1 X141.3 Y120 E.20986
G1 X141.3 Y137.55 E2.37619
G1 X138.2 Y137.55 E.41973
G1 X138.2 Y118.57 E2.5698
M204 S8000
G1 X138.991 Y118.451 F18000
G1 E-2 F2400
G1 X139.75 Y136 F18000
G1 E2 F2400
M204 S4000
;TYPE:Perimeter
;WIDTH:0.743365
G1 F3600
G1 X139.75 Y120 E1.74955
M204 S8000
;LAYER_CHANGE
;Z:48.4
;HEIGHT:0.400002
G1 Z48.4 F18000
G1 E-2 F2400
G1 Z48.4 F18000
G1 X116.986 Y136.736
G1 Z48.4
G1 E2 F2400
M204 S4000
;WIDTH:0.9
G1 F900
G1 X115.514 Y136.736 E.1993
G1 X115.514 Y119.264 E2.36562
G1 X116.986 Y119.264 E.1993
G1 X116.986 Y120 E.09965
G1 X116.986 Y136.616 E2.24973
M204 S8000
G1 X116.986 Y136.616 F18000
G1 X117.8 Y137.55
M204 S3000
;TYPE:External perimeter
G1 F2400
G1 X114.7 Y137.55 E.41973
G1 X114.7 Y118.45 E2.58605
G1 X117.8 Y118.45 E.41973
G1 X117.8 Y120 E.20986
G1 X117.8 Y137.43 E2.35994
M204 S8000
G1 X117.009 Y137.549 F18000
G1 X116.25 Y136
M204 S4000
;TYPE:Perimeter
;WIDTH:0.743365
G1 F3600
G1 X116.25 Y120 E1.74955
M204 S8000
G1 E-2 F2400
G1 X139.014 Y119.264 F18000
G1 E2 F2400
M204 S4000
;WIDTH:0.9
G1 F900
G1 X140.486 Y119.264 E.1993
G1 X140.486 Y120 E.09965
G1 X140.486 Y136.736 E2.26597
G1 X139.014 Y136.736 E.1993
G1 X139.014 Y119.384 E2.34938
M204 S8000
G1 X139.014 Y119.384 F18000
G1 X138.2 Y118.45
M204 S3000
;TYPE:External perimeter
G1 F2400
G1 X141.3 Y118.45 E.41973
G1 X141.3 Y120 E.20986
G1 X141.3 Y137.55 E2.37619
G1 X138.2 Y137.55 E.41973
G1 X138.2 Y118.57 E2.5698
M204 S8000
G1 X138.991 Y118.451 F18000
G1 E-2 F2400
G1 X139.75 Y136 F18000
G1 E2 F2400
M204 S4000
;TYPE:Perimeter
;WIDTH:0.743365
G1 F3600
G1 X139.75 Y120 E1.74955
M204 S8000
;LAYER_CHANGE
;Z:48.8
;HEIGHT:0.399998
G1 Z48.8 F18000
G1 E-2 F2400
G1 Z48.8 F18000
G1 X116.986 Y136.736
G1 Z48.8
G1 E2 F2400
M204 S4000
;WIDTH:0.9
G1 F900
G1 X115.514 Y136.736 E.1993
G1 X115.514 Y119.264 E2.36562
G1 X116.986 Y119.264 E.1993
G1 X116.986 Y120 E.09965
G1 X116.986 Y136.616 E2.24973
M204 S8000
G1 X116.986 Y136.616 F18000
G1 X117.8 Y137.55
M204 S3000
;TYPE:External perimeter
G1 F2400
G1 X114.7 Y137.55 E.41973
G1 X114.7 Y118.45 E2.58605
G1 X117.8 Y118.45 E.41973
G1 X117.8 Y120 E.20986
G1 X117.8 Y137.43 E2.35994
M204 S8000
G1 X117.009 Y137.549 F18000
G1 X116.25 Y136
M204 S4000
;TYPE:Perimeter
;WIDTH:0.743365
G1 F3600
G1 X116.25 Y120 E1.74955
M204 S8000
G1 E-2 F2400
G1 X139.014 Y119.264 F18000
G1 E2 F2400
M204 S4000
;WIDTH:0.9
G1 F900
G1 X140.486 Y119.264 E.1993
G1 X140.486 Y120 E.09965
G1 X140.486 Y136.736 E2.26597
G1 X139.014 Y136.736 E.1993
G1 X139.014 Y119.384 E2.34938
M204 S8000
G1 X139.014 Y119.384 F18000
G1 X138.2 Y118.45
M204 S3000
;TYPE:External perimeter
G1 F2400
G1 X141.3 Y118.45 E.41973
G1 X141.3 Y120 E.20986
G1 X141.3 Y137.55 E2.37619
G1 X138.2 Y137.55 E.41973
G1 X138.2 Y118.57 E2.5698
M204 S8000
G1 X138.991 Y118.451 F18000
G1 E-2 F2400
G1 X139.75 Y136 F18000
G1 E2 F2400
M204 S4000
;TYPE:Perimeter
;WIDTH:0.743365
G1 F3600
G1 X139.75 Y120 E1.74955
M204 S8000
;LAYER_CHANGE
;Z:49.2
;HEIGHT:0.400002
G1 Z49.2 F18000
G1 E-2 F2400
G1 Z49.2 F18000
G1 X116.986 Y136.736
G1 Z49.2
G1 E2 F2400
M204 S4000
;WIDTH:0.9
G1 F900
G1 X115.514 Y136.736 E.1993
G1 X115.514 Y119.264 E2.36562
G1 X116.986 Y119.264 E.1993
G1 X116.986 Y120 E.09965
G1 X116.986 Y136.616 E2.24973
M204 S8000
G1 X116.986 Y136.616 F18000
G1 X117.8 Y137.55
M204 S3000
;TYPE:External perimeter
G1 F2400
G1 X114.7 Y137.55 E.41973
G1 X114.7 Y118.45 E2.58605
G1 X117.8 Y118.45 E.41973
G1 X117.8 Y120 E.20986
G1 X117.8 Y137.43 E2.35994
M204 S8000
G1 X117.009 Y137.549 F18000
G1 X116.25 Y136
M204 S4000
;TYPE:Perimeter
;WIDTH:0.743365
G1 F3600
G1 X116.25 Y120 E1.74955
M204 S8000
G1 E-2 F2400
G1 X139.014 Y119.264 F18000
G1 E2 F2400
M204 S4000
;WIDTH:0.9
G1 F900
G1 X140.486 Y119.264 E.1993
G1 X140.486 Y120 E.09965
G1 X140.486 Y136.736 E2.26597
G1 X139.014 Y136.736 E.1993
G1 X139.014 Y119.384 E2.34938
M204 S8000
G1 X139.014 Y119.384 F18000
G1 X138.2 Y118.45
M204 S3000
;TYPE:External perimeter
G1 F2400
G1 X141.3 Y118.45 E.41973
G1 X141.3 Y120 E.20986
G1 X141.3 Y137.55 E2.37619
G1 X138.2 Y137.55 E.41973
G1 X138.2 Y118.57 E2.5698
M204 S8000
G1 X138.991 Y118.451 F18000
G1 E-2 F2400
G1 X139.75 Y136 F18000
G1 E2 F2400
M204 S4000
;TYPE:Perimeter
;WIDTH:0.743365
G1 F3600
G1 X139.75 Y120 E1.74955
M204 S8000
;LAYER_CHANGE
;Z:49.6
;HEIGHT:0.399998
G1 Z49.6 F18000
G1 E-2 F2400
G1 Z49.6 F18000
G1 X116.986 Y136.736
G1 Z49.6
G1 E2 F2400
M204 S4000
;WIDTH:0.9
G1 F900
G1 X115.514 Y136.736 E.1993
G1 X115.514 Y119.264 E2.36562
G1 X116.986 Y119.264 E.1993
G1 X116.986 Y120 E.09965
G1 X116.986 Y136.616 E2.24973
M204 S8000
G1 X116.986 Y136.616 F18000
G1 X117.8 Y137.55
M204 S3000
;TYPE:External perimeter
G1 F2400
G1 X114.7 Y137.55 E.41973
G1 X114.7 Y118.45 E2.58605
G1 X117.8 Y118.45 E.41973
G1 X117.8 Y120 E.20986
G1 X117.8 Y137.43 E2.35994
M204 S8000
G1 X117.009 Y137.549 F18000
G1 X116.25 Y136
M204 S4000
;TYPE:Perimeter
;WIDTH:0.743365
G1 F3600
G1 X116.25 Y120 E1.74955
M204 S8000
G1 E-2 F2400
G1 X139.014 Y119.264 F18000
G1 E2 F2400
M204 S4000
;WIDTH:0.9
G1 F900
G1 X140.486 Y119.264 E.1993
G1 X140.486 Y120 E.09965
G1 X140.486 Y136.736 E2.26597
G1 X139.014 Y136.736 E.1993
G1 X139.014 Y119.384 E2.34938
M204 S8000
G1 X139.014 Y119.384 F18000
G1 X138.2 Y118.45
M204 S3000
;TYPE:External perimeter
G1 F2400
G1 X141.3 Y118.45 E.41973
G1 X141.3 Y120 E.20986
G1 X141.3 Y137.55 E2.37619
G1 X138.2 Y137.55 E.41973
G1 X138.2 Y118.57 E2.5698
M204 S8000
G1 X138.991 Y118.451 F18000
G1 E-2 F2400
G1 X139.75 Y136 F18000
G1 E2 F2400
M204 S4000
;TYPE:Perimeter
;WIDTH:0.743365
G1 F3600
G1 X139.75 Y120 E1.74955
M204 S8000
;LAYER_CHANGE
;Z:50
;HEIGHT:0.400002
G1 Z50 F18000
G1 E-2 F2400
G1 Z50 F18000
G1 X116.986 Y136.736
G1 Z50
G1 E2 F2400
M204 S4000
;WIDTH:0.9
G1 F900
G1 X115.514 Y136.736 E.1993
G1 X115.514 Y119.264 E2.36562
G1 X116.986 Y119.264 E.1993
G1 X116.986 Y120 E.09965
G1 X116.986 Y136.616 E2.24973
M204 S8000
G1 X116.986 Y136.616 F18000
G1 X117.8 Y137.55
M204 S3000
;TYPE:External perimeter
G1 F2400
G1 X114.7 Y137.55 E.41973
G1 X114.7 Y118.45 E2.58605
G1 X117.8 Y118.45 E.41973
G1 X117.8 Y120 E.20986
G1 X117.8 Y137.43 E2.35994
M204 S8000
G1 X117.009 Y137.549 F18000
G1 X116.25 Y136
M204 S4000
;TYPE:Perimeter
;WIDTH:0.743365
G1 F3600
G1 X116.25 Y120 E1.74955
M204 S8000
G1 E-2 F2400
G1 X139.014 Y119.264 F18000
G1 E2 F2400
M204 S4000
;WIDTH:0.9
G1 F900
G1 X140.486 Y119.264 E.1993
G1 X140.486 Y120 E.09965
G1 X140.486 Y136.736 E2.26597
G1 X139.014 Y136.736 E.1993
G1 X139.014 Y119.384 E2.34938
M204 S8000
G1 X139.014 Y119.384 F18000
G1 X138.2 Y118.45
M204 S3000
;TYPE:External perimeter
G1 F2400
G1 X141.3 Y118.45 E.41973
G1 X141.3 Y120 E.20986
G1 X141.3 Y137.55 E2.37619
G1 X138.2 Y137.55 E.41973
G1 X138.2 Y118.57 E2.5698
M204 S8000
G1 X138.991 Y118.451 F18000
G1 E-2 F2400
G1 X139.75 Y136 F18000
G1 E2 F2400
M204 S4000
;TYPE:Perimeter
;WIDTH:0.743365
G1 F3600
G1 X139.75 Y120 E1.74955
M204 S8000
G1 E-2 F2400
M107
;TYPE:Custom
; Filament-specific end gcode 
;END gcode for filament
;===== CC2_END_GCODE (de tu perfil) =====
M140 S0
M83
G92 E0
G1 E-1.5 F1800
M106 S0
G90
G1 Z80 F20000
G180 S9
M104 S0
M84
; filament used [mm] = 5529.83
; filament used [cm3] = 13.30
; total filament used [g] = 0.00
; total filament cost = 0.00
; total filament used for wipe tower [g] = 0.00
; estimated printing time (normal mode) = 28m 54s
; estimated first layer printing time (normal mode) = 2m 28s

; prusaslicer_config = begin
; arc_fitting = disabled
; autoemit_temperature_commands = 1
; avoid_crossing_curled_overhangs = 0
; avoid_crossing_perimeters = 0
; avoid_crossing_perimeters_max_detour = 0
; bed_shape = 0x0,256x0,256x256,0x256
; bed_temperature = 60
; before_layer_gcode = 
; between_objects_gcode = 
; binary_gcode = 0
; bottom_fill_pattern = monotonic
; bottom_solid_layers = 3
; bottom_solid_min_thickness = 0
; bridge_acceleration = 2500
; bridge_angle = 0
; bridge_fan_speed = 100
; bridge_flow_ratio = 1
; bridge_speed = 25
; brim_separation = 0.1
; brim_type = outer_only
; brim_width = 5
; color_change_gcode = M600
; complete_objects = 0
; cooling = 1
; cooling_tube_length = 5
; cooling_tube_retraction = 91.5
; default_acceleration = 8000
; deretract_speed = 40
; disable_fan_first_layers = 1
; dont_support_bridges = 1
; draft_shield = disabled
; duplicate_distance = 6
; elefant_foot_compensation = 0
; enable_dynamic_fan_speeds = 0
; enable_dynamic_overhang_speeds = 0
; end_filament_gcode = "; Filament-specific end gcode \n;END gcode for filament\n"
; end_gcode = ;===== CC2_END_GCODE (de tu perfil) =====\nM140 S0\nM83\nG92 E0\nG1 E-1.5 F1800\nM106 S0\nG90\nG1 Z80 F20000\nG180 S9\nM104 S0\nM84
; external_perimeter_acceleration = 3000
; external_perimeter_extrusion_width = 0.9
; external_perimeter_speed = 40
; external_perimeters_first = 0
; extra_loading_move = -2
; extra_perimeters = 1
; extra_perimeters_on_overhangs = 0
; extruder_clearance_height = 20
; extruder_clearance_radius = 20
; extruder_colour = ""
; extruder_offset = 0x0
; extrusion_axis = E
; extrusion_multiplier = 1
; extrusion_width = 0.9
; fan_always_on = 1
; fan_below_layer_time = 100
; filament_colour = #29B2B2
; filament_cooling_final_speed = 3.4
; filament_cooling_initial_speed = 2.2
; filament_cooling_moves = 4
; filament_cost = 0
; filament_density = 0
; filament_diameter = 1.75
; filament_load_time = 0
; filament_loading_speed = 28
; filament_loading_speed_start = 3
; filament_max_volumetric_speed = 24
; filament_minimal_purge_on_wipe_tower = 15
; filament_multitool_ramming = 0
; filament_multitool_ramming_flow = 10
; filament_multitool_ramming_volume = 10
; filament_notes = ""
; filament_ramming_parameters = "120 100 6.6 6.8 7.2 7.6 7.9 8.2 8.7 9.4 9.9 10.0| 0.05 6.6 0.45 6.8 0.95 7.8 1.45 8.3 1.95 9.7 2.45 10 2.95 7.6 3.45 7.6 3.95 7.6 4.45 7.6 4.95 7.6"
; filament_settings_id = ""
; filament_soluble = 0
; filament_spool_weight = 0
; filament_toolchange_delay = 0
; filament_type = PLA-CF
; filament_unload_time = 0
; filament_unloading_speed = 90
; filament_unloading_speed_start = 100
; fill_angle = 45
; fill_density = 15%
; fill_pattern = gyroid
; first_layer_acceleration = 400
; first_layer_acceleration_over_raft = 0
; first_layer_bed_temperature = 60
; first_layer_extrusion_width = 1
; first_layer_height = 0.4
; first_layer_speed = 20
; first_layer_speed_over_raft = 30
; first_layer_temperature = 240
; full_fan_speed_layer = 0
; fuzzy_skin = none
; fuzzy_skin_point_dist = 0.8
; fuzzy_skin_thickness = 0.3
; gap_fill_enabled = 1
; gap_fill_speed = 40
; gcode_comments = 0
; gcode_flavor = klipper
; gcode_label_objects = disabled
; gcode_resolution = 0.0125
; gcode_substitutions = 
; high_current_on_filament_swap = 0
; infill_acceleration = 8000
; infill_anchor = 600%
; infill_anchor_max = 50
; infill_every_layers = 1
; infill_extruder = 1
; infill_extrusion_width = 0.9
; infill_first = 0
; infill_overlap = 25%
; infill_speed = 70
; interface_shells = 0
; ironing = 0
; ironing_flowrate = 15%
; ironing_spacing = 0.1
; ironing_speed = 15
; ironing_type = top
; layer_gcode = 
; layer_height = 0.4
; machine_limits_usage = ignore
; machine_max_acceleration_e = 10000,5000
; machine_max_acceleration_extruding = 1500,1250
; machine_max_acceleration_retracting = 1500,1250
; machine_max_acceleration_travel = 1500,1250
; machine_max_acceleration_x = 9000,1000
; machine_max_acceleration_y = 9000,1000
; machine_max_acceleration_z = 500,200
; machine_max_feedrate_e = 120,120
; machine_max_feedrate_x = 500,200
; machine_max_feedrate_y = 500,200
; machine_max_feedrate_z = 12,12
; machine_max_jerk_e = 2.5,2.5
; machine_max_jerk_x = 10,10
; machine_max_jerk_y = 10,10
; machine_max_jerk_z = 0.2,0.4
; machine_min_extruding_rate = 0,0
; machine_min_travel_rate = 0,0
; max_fan_speed = 100
; max_layer_height = 0
; max_print_height = 256
; max_print_speed = 80
; max_volumetric_extrusion_rate_slope_negative = 0
; max_volumetric_extrusion_rate_slope_positive = 0
; max_volumetric_speed = 0
; min_bead_width = 85%
; min_fan_speed = 100
; min_feature_size = 25%
; min_layer_height = 0.07
; min_print_speed = 10
; min_skirt_length = 0
; mmu_segmented_region_interlocking_depth = 0
; mmu_segmented_region_max_width = 0
; notes = 
; nozzle_diameter = 0.8
; only_retract_when_crossing_perimeters = 0
; ooze_prevention = 0
; output_filename_format = [input_filename_base].gcode
; overhang_fan_speed_0 = 0
; overhang_fan_speed_1 = 0
; overhang_fan_speed_2 = 0
; overhang_fan_speed_3 = 0
; overhang_speed_0 = 15
; overhang_speed_1 = 15
; overhang_speed_2 = 20
; overhang_speed_3 = 25
; overhangs = 1
; parking_pos_retraction = 92
; pause_print_gcode = M601
; perimeter_acceleration = 4000
; perimeter_extruder = 1
; perimeter_extrusion_width = 0.9
; perimeter_generator = arachne
; perimeter_speed = 60
; perimeters = 3
; physical_printer_settings_id = 
; post_process = 
; print_settings_id = 
; printer_model = 
; printer_notes = 
; printer_settings_id = 
; printer_technology = FFF
; raft_contact_distance = 0.1
; raft_expansion = 1.5
; raft_first_layer_density = 90%
; raft_first_layer_expansion = 3
; raft_layers = 0
; remaining_times = 0
; resolution = 0
; retract_before_travel = 2
; retract_before_wipe = 0%
; retract_layer_change = 0
; retract_length = 2
; retract_length_toolchange = 10
; retract_lift = 0
; retract_lift_above = 0
; retract_lift_below = 0
; retract_restart_extra = 0
; retract_restart_extra_toolchange = 0
; retract_speed = 40
; seam_position = aligned
; silent_mode = 1
; single_extruder_multi_material = 0
; single_extruder_multi_material_priming = 1
; skirt_distance = 3
; skirt_height = 1
; skirts = 1
; slice_closing_radius = 0.049
; slicing_mode = regular
; slowdown_below_layer_time = 8
; small_perimeter_speed = 15
; solid_infill_acceleration = 8000
; solid_infill_below_area = 70
; solid_infill_every_layers = 0
; solid_infill_extruder = 1
; solid_infill_extrusion_width = 0.9
; solid_infill_speed = 60
; spiral_vase = 0
; staggered_inner_seams = 0
; standby_temperature_delta = -5
; start_filament_gcode = "; Filament gcode\n"
; start_gcode = ;===== CC2_START_GCODE (de tu perfil Buddha, temps adaptadas a PLA-CF) =====\nG90\nM104 S150\nM140 S60\nM190 S60 A\nM106 S0\nBED_MESH_CALIBRATE mesh_min=56,62 mesh_max=199,198 ALGORITHM=bicubic PROBE_COUNT=5,5 ADAPTIVE=0 ADAPTIVE_MARGIN=0 FROM_SLICER=1\nM204 S5000\nG28\nM109 S240\nM6211 A1 L200 T0 Q240 R240 S240\nT0\nG180 S7\nG1 X127 Y-1.2 F20000\nG1 Z0.5 F900\nM109 S240\nM83\nG92 E0\nG1 E6 F251.567\nM106 S200\nG1 X87 E20 F6000\nG1 F6000\nG1 X82 E0.8\nM106 S0\nG180 S8\nG1 F20000\nG92 E0
; support_material = 0
; support_material_angle = 0
; support_material_auto = 0
; support_material_bottom_contact_distance = 0
; support_material_bottom_interface_layers = -1
; support_material_buildplate_only = 0
; support_material_closing_radius = 2
; support_material_contact_distance = 0.2
; support_material_enforce_layers = 0
; support_material_extruder = 1
; support_material_extrusion_width = 0
; support_material_interface_contact_loops = 0
; support_material_interface_extruder = 1
; support_material_interface_layers = 3
; support_material_interface_pattern = rectilinear
; support_material_interface_spacing = 0
; support_material_interface_speed = 100%
; support_material_pattern = rectilinear
; support_material_spacing = 2.5
; support_material_speed = 60
; support_material_style = grid
; support_material_synchronize_layers = 0
; support_material_threshold = 0
; support_material_with_sheath = 1
; support_material_xy_spacing = 50%
; support_tree_angle = 40
; support_tree_angle_slow = 25
; support_tree_branch_diameter = 2
; support_tree_branch_diameter_angle = 5
; support_tree_branch_diameter_double_wall = 3
; support_tree_branch_distance = 1
; support_tree_tip_diameter = 0.8
; support_tree_top_rate = 15%
; temperature = 240
; template_custom_gcode = 
; thick_bridges = 1
; thin_walls = 1
; thumbnails = 
; thumbnails_format = PNG
; toolchange_gcode = 
; top_fill_pattern = monotonic
; top_infill_extrusion_width = 0.9
; top_solid_infill_acceleration = 5000
; top_solid_infill_speed = 40
; top_solid_layers = 3
; top_solid_min_thickness = 0
; travel_acceleration = 8000
; travel_lift_before_obstacle = 0
; travel_max_lift = 0
; travel_ramping_lift = 0
; travel_slope = 0
; travel_speed = 300
; travel_speed_z = 0
; use_firmware_retraction = 0
; use_relative_e_distances = 1
; use_volumetric_e = 0
; variable_layer_height = 1
; wall_distribution_count = 1
; wall_transition_angle = 10
; wall_transition_filter_deviation = 25%
; wall_transition_length = 100%
; wipe = 0
; wipe_into_infill = 0
; wipe_into_objects = 0
; wipe_tower = 0
; wipe_tower_bridging = 10
; wipe_tower_brim_width = 2
; wipe_tower_cone_angle = 0
; wipe_tower_extra_spacing = 100%
; wipe_tower_extruder = 0
; wipe_tower_no_sparse_layers = 0
; wipe_tower_rotation_angle = 0
; wipe_tower_width = 60
; wipe_tower_x = 180
; wipe_tower_y = 140
; wiping_volumes_extruders = 70,70,70,70,70,70,70,70,70,70
; wiping_volumes_matrix = 0,140,140,140,140,140,0,140,140,140,140,140,0,140,140,140,140,140,0,140,140,140,140,140,0
; xy_size_compensation = 0
; z_offset = 0
; prusaslicer_config = end
